"Title","Year","Source title","DOI","Link","Abstract","Author Keywords"
"A study on an optimal analytical and an accurate algorithmic landing techniques","2025","Advances in Space Research","10.1016/j.asr.2025.07.017","https://www.scopus.com/inward/record.uri?eid=2-s2.0-105011061425&doi=10.1016%2Fj.asr.2025.07.017&partnerID=40&md5=a7d573f9e67daeb946ea05e0648a2699","Landing trajectory optimization is a fundamental challenge in aerospace engineering, traditionally approached by optimal control problem formulation. In practice, for Earth landing, the vehicle is subject to strongly non-linear perturbations, such as drag, wind, and gravity. Indirect control methods cannot deal with these problems, leading to large errors, while direct methods require high computation times when perturbations are not continuous. Thus, in this work, we propose a hybrid algorithm to approximate the solution of nonlinear optimization problems, based on the iteration of the indirect control analytical solution of the non-autonomous linear problem. The algorithm's performance has been studied for the problem of landing rockets on the Earth's surface and compared with a standard boundary value problem solver. The results show that the proposed algorithm tolerates strong discontinuous perturbations, with very small landing error and computation time. © 2025 Elsevier B.V., All rights reserved.","Drag; Gravity; Indirect Optimal Control; Optimal Landing; Strong Perturbations; Trajectory Optimization; Boundary Value Problems; Landing; Nonlinear Programming; Optimal Control Systems; Problem Solving; Rockets; Algorithmics; Computation Time; Indirect Optimal Control; Landing Trajectory; Optimal Control Problem; Optimal Controls; Optimal Landing; Problem Formulation; Strong Perturbations; Trajectory Optimization; Gravitation"
"Observations and statistical studies of orbit-driven plasma waves in low earth orbit at very low frequencies","2025","Advances in Space Research","10.1016/j.asr.2025.07.013","https://www.scopus.com/inward/record.uri?eid=2-s2.0-105011043174&doi=10.1016%2Fj.asr.2025.07.013&partnerID=40&md5=2633bfd9569826752d1e208897b984dc","The number of resident space objects (RSOs), including debris and inactive satellites, is rapidly increasing, posing a growing threat to operational spacecraft. Additionally, many of these RSOs are too small to be reliably tracked by current radars. A novel solution to this problem is to use the disturbances in the plasma environment to track these objects. Over the last decade, theoretical, numerical, laboratory, and observational efforts have studied the generation and propagation of these disturbances. This study investigates these disturbances statistically using 5 months of Very Low Frequency (VLF) Electric (E) field data collected by the Arase satellite. This represents the first large-scale statistical observational study of RSO-generated waves. Specifically, we use E field power between 1 and 20 kHz from the Onboard Frequency Analyzer, which is part of the Plasma Wave Experiment (PWE) onboard the Arase satellite. We analyze this dataset by comparing the power between an “experiment” population of measurements taken where Arase was in a situation where RSO-generated waves would be observed, and a “control” population where Arase was in a situation where no RSO-generated waves would be observed. For robust comparisons, the two populations should have similar distributions of latitude, longitude, altitude, and time. However, rigidly enforcing this matching results in very small sample sizes. We therefore use three different approaches to this balancing. Our strongest results have a p-value of 1.3e-5, indicating that there is a less than 1 in 77,000 chance that the experiment and control populations are drawn from the same parent population. We take this as strong statistical evidence of RSO-generated waves. These encouraging results bolster the feasibility of using these waves as part of a future detection, identification, and tracking system. © 2025 Elsevier B.V., All rights reserved.","Plasma Wave; Space Debris; Vlf; Orbits; Population Statistics; Small Satellites; Space Applications; Space Debris; Space Flight; Space-based Radar; Tracking (position); Wave Plasma Interactions; 'current; E-field; Earth Orbits; Inactive Satellites; Novel Solutions; Operational Spacecraft; Plasma Environments; Space Objects; Statistical Study; Very Low Frequency; Plasma Waves"
"A comprehensive study of geomagnetic and TEC disturbances in relation to M ⩾ 5.0 earthquakes","2025","Advances in Space Research","10.1016/j.asr.2025.06.076","https://www.scopus.com/inward/record.uri?eid=2-s2.0-105010965904&doi=10.1016%2Fj.asr.2025.06.076&partnerID=40&md5=45ec978324fae440d0571ab7c916925a","Previous studies have demonstrated the interaction between multiple layers of the Earth and seismic activity, specifically the lithosphere - atmosphere – ionosphere (LAI) coupling, which is the focus of the present study. Anomalies in LAI parameters, such as variations in geomagnetic field and total electron content (TEC) before seismic activity, have been regarded as earthquake precursors by previous researchers. However, earlier studies used only single parameters and had a limited number of case studies. This study aimed to investigate pre-earthquake anomalies using a dual-parameter approach. Geomagnetic field and TEC variations were used to investigate the relationship between the Earth's layers and earthquakes. Utilising global geomagnetic data and TEC data, a comprehensive analysis was conducted on the variations of geomagnetic and TEC data for the 60 days preceding and five (5) days following the occurrences of the 694 earthquakes with magnitudes greater than and equal to 5.0 (M ⩾ 5.0) in the Japan region in 2011. Following the exclusion of days with geomagnetic storms, referred to as disturbed days, this investigation focused solely on undisturbed days. This study explored and compared geomagnetic and ionospheric disturbances during these undisturbed days preceding the earthquakes. Both geomagnetic and TEC precursors were significantly found in moderate and shallow earthquakes. It was revealed that, preceding the studied earthquake events, anomalous behaviours were evident in both geomagnetic and TEC variations, and these behaviours persisted even on undisturbed days. The study also observed that anomalous TEC parameters occurred within the same time frame as the geomagnetic anomalies, and they were found to be detected a month before the earthquakes. The occurrence rate of the geomagnetic precursors was higher of 65 %, than that of the TEC precursors of 11 %. These observations suggest that the preparation process for earthquakes could impact the ground and upper atmosphere, as described by the LAI coupling mechanism. © 2025 Elsevier B.V., All rights reserved.","Diurnal Variation Ratio (dvr); Earthquake Precursor; Geomagnetic Diurnal Variations; Supermag Database; Total Electron Content (tec); Geomagnetism; Ionosphere; Ionospheric Measurement; Magnetosphere; Diurnal Variation; Diurnal Variation Ratio; Earthquake Precursors; Geomagnetic Diurnal Variation; Geomagnetics; Seismic Activity; Supermag Database; Total Electron Content; Earthquakes"
"Mapping of small scale surface water in Denmark – using deep learning, fusing high resolution geo data and Sentinel-1 SAR","2025","Advances in Space Research","10.1016/j.asr.2025.07.007","https://www.scopus.com/inward/record.uri?eid=2-s2.0-105010936850&doi=10.1016%2Fj.asr.2025.07.007&partnerID=40&md5=c0a6c19945117b109d78342daf948d4a","Accurate assessment of the freshwater budget – and, as a proxy, its extent – is crucial as climate change and human activities intensify. Similarly, mapping flood extent is essential as flood severity increases. Satellite earth observation data such as synthetic aperture radar and optical imagery play a vital role in surface water and flood mapping on global and regional scales. Their high temporal and spatial resolution enables precise and fast surface water mapping. Deep learning approaches combining synthetic aperture radar with digital terrain model information have recently gained increasing popularity. Surface water masks for model training are usually derived from optical multispectral imagery, using spectral indices such as the Normalised Difference Water Index. Mapping surface water on small spatial scales is traditionally difficult. With the 10 meter resolution of Sentinel-1 & 2, small areas lack information, especially considering synthetic aperture radar's intrinsic noise. Denmark publicly provides high spatial resolution geodata, which we want to utilise to improve small-scale surface water mapping performance. We investigate how high temporal resolution Sentinel–1 synthetic aperture radar data can be combined with the high spatial resolution Danish digital terrain model. Additionally, we show how authoritative governmental data on water bodies can be used and combined to form a surface water mask for model training. We show that models trained with our novel approach outperform a model trained with a Sentinel–2 water index derived mask with regards to minimum detectable surface water surface area. We quantify permanent small scale surface water mapping performance on several sites around Randers and for small scale floods on three manually mapped sites of the October 2023 Baltic Sea flood, with one site validated by a drone image. Lastly, we discuss the observed drawbacks of our newly deployed high–resolution national dataset based surface water mask, subsequently calling for a Danish flood dataset. © 2025 Elsevier B.V., All rights reserved.","Denmark; Small Scale; Surface Water Mapping; Climate Change; Deep Learning; Floods; Image Resolution; Photomapping; Radar Imaging; Satellite Imagery; Space-based Radar; Surface Waters; Synthetic Aperture Radar; Tracking Radar; Denmark; Digital Terrain Model; Geo-data; High Resolution; High Spatial Resolution; High Temporal Resolution; Sentinel-1; Small Scale; Surface Water Mapping; Water Mapping; Budget Control"
"ICESat-2 for evaluating space-borne and national digital elevation models across forest and non-forest landscapes in Kastamonu, Türkiye","2025","Advances in Space Research","10.1016/j.asr.2025.07.004","https://www.scopus.com/inward/record.uri?eid=2-s2.0-105010929632&doi=10.1016%2Fj.asr.2025.07.004&partnerID=40&md5=91eaec95a2a62836d61e4b9fcde5004e","Technological advancements have revolutionized the production of Global digital elevation models (DEMs). Today, there is an ever-increasing availability of global DEMs for scientific applications. The 12 m TanDEM-X, 30 m TanDEM-X Edited, 30 m Copernicus, and 30 m FABDEM global DEMs, along with the 5 m Turkish national DEM were compared in this study. While the global DEMs result from interferometric synthetic aperture radar, the Turkish DEM is produced by stereo-photogrammetry. The assessment was conducted in forested and non-forested settings. The validation was done using the Ice, Cloud and Land Elevation Satellite-2 (ICESat-2) LiDAR. Generally, FABDEM emerged as the most reliable DEM, achieving the best performance in three settings (whole area RMSE: 2.93 m; forest RMSE: 3.98 m; >70 % canopy closure RMSE: 4.31 m). In contrast, the Turkish national DEM outperformed the other DEMs in two settings (non-forest RMSE: 1.54 m; <70 % canopy closure RMSE: 2.83 m). Global DEMs with improved accuracies may soon replace authoritative national DEMs for various applications. © 2025 Elsevier B.V., All rights reserved.","Copernicus; Fabdem; Forest Cover; Icesat-2; Tandem-x; Turkish National Dem; Digital Elevation Model; Digital Instruments; Geomorphology; Ice; Photogrammetry; Space-based Radar; Surveying; Copernicu; Fabdem; Forest Cover; Ice Clouds; Ice, Cloud And Land Elevation Satellite-2; Land Elevation Satellites; Tandem-x; Turkish National Digital Elevation Model; Turkishs; Forestry"
"Satellite observations of global radio frequency noise and strong interference events at 500 km altitude: basic characteristics and geographical distribution","2025","Advances in Space Research","10.1016/j.asr.2025.06.045","https://www.scopus.com/inward/record.uri?eid=2-s2.0-105010910729&doi=10.1016%2Fj.asr.2025.06.045&partnerID=40&md5=3ac412235db2131599dc7547608d12cf","This study presents a comprehensive analysis of Radio Frequency (RF) noise and strong interference events (SIEs) across the time, frequency, and time–frequency domains. The data was collected by the SY15 satellite's Wideband ElectroMagnetic Pulse Detector (WEMPD), which orbits at an altitude of 500 km and within a frequency band of 25 to 75 MHz. The RF noise measurements were acquired during September 26–28, 2023, while the SIEs dataset covers the period from September 2022 to February 2024. The research involved segmenting the globe into 72 distinct regions to examine the geographical distribution of RF noise. The analysis revealed significant regional disparities in noise levels, with notably higher averages observed in the Middle East and India. A particularly ‘quieter’ band was identified within the 35 to 58 MHz range, where the global average noise power spectral density(PSD) in log representation falls below −140 dB re 1 V2/(m2·Hz) (abbreviated as dB hereafter), suggesting its potential for preferential use in detection payloads. The SIEs are mainly powerful radar signals and abnormal discharges. The powerful radar signals come from human activities on the ground, and the PSD in log representation is in the range of −120 to −100 dB, corresponding to the frequency bands of 45 to 48 and 51 to 54 MHz. In addition to the interaction between charged particles and spacecraft dielectric, a significant majority—approximately 95 %—of abnormal discharges are likely to come from the interference of powerful radar signals to spacecraft. The research findings serve dual purposes: informing the selection of payload operation thresholds and payload design, while also laying the groundwork for algorithms that recognize and categorize space RF events. © 2025 Elsevier B.V., All rights reserved.","Detection In Space; Radio Frequency Noise; Strong Interference Events; Acoustic Noise Measurement; Charged Particles; Electric Discharges; Electromagnetic Pulse; Frequency Bands; Frequency Domain Analysis; Geographical Regions; Orbits; Radio Waves; Space Flight; Space-based Radar; Spurious Signal Noise; Basic Characteristics; Comprehensive Analysis; Detection In Space; Noise Interference; Radar Signals; Radio Frequency Noise; Satellite Observations; Strong Interference; Strong Interference Event; Time Frequency; Geographical Distribution"
"Capability of lunar regolith with hydrogenous materials as shielding material against GCR and SPE on the surface of Moon studied using OLTARIS","2025","Advances in Space Research","10.1016/j.asr.2025.06.059","https://www.scopus.com/inward/record.uri?eid=2-s2.0-105010899067&doi=10.1016%2Fj.asr.2025.06.059&partnerID=40&md5=a1b851d6974911173a5c956bf4a492f6","Apart from Earth, the Moon is the most frequently observed celestial body and the most probable place of habitation beyond our mother planet. One of the significant challenges for habitation is the radiation resulting from the combination of Galactic Cosmic Rays (GCR) and Solar Particle Events (SPEs) experienced on the Moon's surface. Unlike on Earth, there is no protection for a potential habitation zone on the Moon because of its weak magnetic field and extremely thin atmosphere. Incorporating lunar regolith into habitation shielding on the Moon is a promising approach for providing sufficient shielding while reducing the work involved in bringing building materials to the Moon. The interior wall of the regolith-built habitat could be covered in materials rich in hydrogen, which offer complementary radiation protection when being used together with lunar regolith while simultaneously protecting the interior of the housing from the slightly unsafe lunar regolith. In this publication, we compare several hydrogen-rich materials (polystyrene, polypropylene, Kevlar, Mylar, and Lithium hydride) for this application using OLTARIS simulations of effective dose equivalents inside a simulated habitation model. We find that among the hydrogen-rich materials used together with lunar regolith, lithium hydride for GCR and polypropylene for SPE yield the best shielding properties. Additionally, we investigate the thickness of the lunar regolith necessary to provide shielding against GCR. We also examine the differences in GCR shielding depending on the characteristics of the regolith in different regions of the Moon. © 2025 Elsevier B.V., All rights reserved.","Gcr; Lunar Habitation; Lunar Regolith; Oltaris; Radiation Shielding; Spe; Cosmic Rays; Cosmology; Earth Atmosphere; Hydrides; Hydrogen; Lithium Compounds; Lunar Surface Analysis; Magnetic Materials; Celestial Bodies; Cosmic-ray Particles; Galactic Cosmic Rays; Hydrogenous Materials; Lithium Hydrides; Lunar Habitation; Lunar Regolith; Oltaris; Shielding Materials; Solar Particle Events; Radiation Shielding"
"Convolutional neural network design and evaluation for real-time multivariate time series fault detection in spacecraft attitude sensors","2025","Advances in Space Research","10.1016/j.asr.2025.06.068","https://www.scopus.com/inward/record.uri?eid=2-s2.0-105010891185&doi=10.1016%2Fj.asr.2025.06.068&partnerID=40&md5=07c6bb8b2d958dc0c97c3788a7aeb753","Traditional anomaly detection techniques onboard satellites are based on reliable, yet limited, thresholding mechanisms which are designed to monitor univariate signals and trigger recovery actions according to specific European Cooperation for Space Standardization (ECSS) standards. However, Artificial Intelligence-based Fault Detection, Isolation and Recovery (FDIR) solutions have recently raised with the prospect to overcome the limitations of these standard methods, expanding the range of detectable failures and improving response times. This paper presents a novel approach to detecting stuck values within the Accelerometer and Inertial Measurement Unit of a drone-like spacecraft for the exploration of Small Solar System Bodies (SSSB), leveraging a multi-channel Convolutional Neural Network (CNN) to perform multi-target classification and independently detect faults in the sensors. Significant attention has been dedicated to ensuring the compatibility of the algorithm within the onboard FDIR system, representing a step forward to the in-orbit validation of a technology that remains experimental until its robustness is thoroughly proven. An integration methodology is proposed to enable the network to effectively detect anomalies and trigger recovery actions at the system level. The detection performances and the capability of the algorithm in reaction triggering are evaluated employing a set of custom-defined detection and system metrics, showing the outstanding performances of the algorithm in performing its FDIR task. © 2025 Elsevier B.V., All rights reserved.","Aerospace; Convolutional Neural Network; Evaluation; Pus-based Fdir; Time Series; Anomaly Detection; Computer System Recovery; Convolution; Convolutional Neural Networks; Fault Detection; Orbits; Recovery; Target Drones; Aerospace; Convolutional Neural Network; Design And Evaluations; Evaluation; Fault Detection Isolation And Recoveries; Network Evaluation; Neural Network Designs; Pus-based Fault Detection, Isolation And Recovery; Recovery Actions; Times Series; Time Series"
"Corrigendum to “Spatio-temporal characteristics of ionospheric irregularities in low latitude regions during the peak of solar cycle 25” [Adv. Space Res. 76(1) (2025) 254–268, (S0273117725004168), (10.1016/j.asr.2025.04.062)]","2025","Advances in Space Research","10.1016/j.asr.2025.07.010","https://www.scopus.com/inward/record.uri?eid=2-s2.0-105010886251&doi=10.1016%2Fj.asr.2025.07.010&partnerID=40&md5=57dcde3e12661ff815e72813ac491189","The authors regret that the following was omitted from the acknowledgment section: This research project is also financially supported by National Research Council of Thailand (NRCT) under grant N41A640235. The authors would like to apologise for any inconvenience caused. © 2025 Elsevier B.V., All rights reserved.",""
"A CCD/CMOS telescope digital twin for Space Situational Awareness","2025","Advances in Space Research","10.1016/j.asr.2025.06.053","https://www.scopus.com/inward/record.uri?eid=2-s2.0-105010343755&doi=10.1016%2Fj.asr.2025.06.053&partnerID=40&md5=b32c2b3e521d91b38c840173bea62327","Space Situational Awareness (SSA) is the process of gaining and maintaining knowledge of space objects and their operational state. Much of the data that powers SSA activities is collected as images taken by optical sensors. Ground-based image acquisition is a dynamic process that is dependent on the object being imaged, as well as time-varying atmospheric and celestial conditions, and the geographic and optical properties of the optics and its sensor. In this work, we develop a digital twin model of image acquisition focusing on high photometric accuracy for optical ground stations using charge-coupled device (CCD) or complementary metal–oxide–semiconductor (CMOS) sensors. This work provides a high-fidelity photometric model for space objects and background stars and an approach to combine these signals into high-quality synthetic images. Simulated images produced with our model are compared and validated against observations from the Purdue Optical Ground Station (POGS) and the Zimmerwald Multiple Applications Instrument telescope (ZimMAIN). The presented model may be applied to design surveys for operational telescopes or to generate synthetic image datasets for training machine learning models for detecting and tracking space objects. © 2025 Elsevier B.V., All rights reserved.","Image Synthesis; Photometry; Space Debris; Space Situational Awareness; Charge Coupled Devices; Digital Twin; Image Acquisition; Learning Systems; Machine Learning; Optical Data Processing; Optical Properties; Space Debris; Space Optics; Telescopes; Complementary Metal Oxide Semiconductors; Coupled Devices; Images Synthesis; Operational State; Optical Ground Station; Optical-; Photometrics; Power Spaces; Space Objects; Space Situational Awareness; Photometry"
"Exploring land surface temperature (LST) and spectral signatures of Baratang and Diglipur mud volcanoes using ASTER VNIR-SWIR-TIR bands in the Andaman and Nicobar Islands, India","2025","Advances in Space Research","10.1016/j.asr.2025.06.057","https://www.scopus.com/inward/record.uri?eid=2-s2.0-105010323838&doi=10.1016%2Fj.asr.2025.06.057&partnerID=40&md5=f5679a2be3b98abd811a737470a802e9","Mud volcanoes (MVs) are sedimentary volcanoes formed by the escape of overpressured fluids from deep, unconsolidated sediment layers. Studying these geological features is crucial for understanding the degassing processes of deeply buried sediments. In the present study, we utilized the Advanced Spaceborne Thermal Emission and Reflection Radiometer (ASTER) remote sensing data to map the MVs in the Andaman & Nicobar (A&N) Islands and also to analyze the composition of emitted gases of these MVs. ASTER TIR (thermal infrared) bands were used to derive Land Surface Temperature (LST) and map the MVs in the Diglipur and Baratang regions of the A&N Islands. VNIR-SWIR (visible and near infrared – short wave infrared) bands were processed to understand the composition of MVs, along with emissivity images derived from the TIR bands to analyze the emitted gases from these MVs. We identified two MVs in Diglipur and five MVs in Baratang using LST analysis and studied their unique geomorphological characteristics. The LST for the Diglipur MVs ranged from 302.40 K to 302.70 K, while for the Baratang MVs, it ranged from 300.45 K to 300.90 K. Reflectance image spectra for both areas revealed prominent absorption features in bands 2 and 6 of ASTER, indicating the presence of ferrous iron and Al/Mg-OH bond vibrations in the SWIR domain. These spectra were compared with mineral spectra (Nontronite, Pyrophyllite, Quartz, Corrensite, Illite, Chlorite) from the USGS spectral library, based on previous geochemical analysis in the region. Further, emissivity spectral analysis (from TIR bands) was conducted to understand the emitted gases from these MVs. It was found that the lowest emissivity in band 10 of ASTER is associated with the spectral signatures of methane. © 2025 Elsevier B.V., All rights reserved.","Andaman & Nicobar; Aster; Emissivity; Land Surface Temperature; Mud Volcano; Aluminum Compounds; Infrared Devices; Infrared Radiation; Remote Sensing; Sediments; Space Optics; Spectrum Analysis; Surface Measurement; Surface Properties; Volcanoes; Advanced Spaceborne Thermal Emission And Reflection Radiometer; Andaman & Nicobar; Emissivity; In-band; Land Surface Temperature; Mud Volcanoes; Short Wave Infrared; Spectral Signature; Thermal Infrared Bands; Visible And Near Infrared; Electromagnetic Wave Emission"
"Analysis of periodic patterns, noise characteristics, and predictive modeling of polar motion and length of day","2025","Advances in Space Research","10.1016/j.asr.2025.05.090","https://www.scopus.com/inward/record.uri?eid=2-s2.0-105010322391&doi=10.1016%2Fj.asr.2025.05.090&partnerID=40&md5=1c8fe3df1437f91fb321a57ee0fadeb3","Earth orientation parameters (EOP) are critical for applications in orbit determination, astronomy, space geodesy, and geophysics. Accurate predictions of EOP rely on the identification of both deterministic periodic patterns and noise characteristics. This study addresses these requirements by analyzing the Polar Motion (PM) and Length Of Day (LOD) time series to determine its stochastic model structure, estimated using least squares variance component estimation (LS-VCE). With this model, deterministic periodic patterns were extracted through least squares harmonic estimation (LS-HE) and validated against colored noise components to identify significant signals. Using the IERS 14 C04 data from January 1, 2000, to December 31, 2019, the study identified the noise as power-law with a spectral index of −1.5, suggesting non-stationary fractional Brownian characteristics. LS-HE detected dominant frequencies in PM–notably the Chandler and annual signals–and in LOD, with annual, semiannual, 14-day, and 9-day signals. Building on these findings, short-, mid-, and long-term prediction model were developed for the PM and LOD time series from September 2021 to December 2022. The predictive model combines the LS-HE-extracted signals and the noise model to generate forecasts. These predictions were compared with other models from the Second Earth Orientation Parameter Prediction Comparison Campaign, demonstrating competitive accuracy, particularly for the initial forecast days. The results validate that combining LS-HE with a realistic noise model provides an effective approach for short-term of the PM and LOD forecasting, meeting the accuracy goals of geodetic and geophysical applications. © 2025 Elsevier B.V., All rights reserved.","Eop; Ls-he; Noise Model; Vce; Forecasting; Geodesy; Orbits; Prediction Models; Signal Processing; Stochastic Systems; Time And Motion Study; Time Series; Deterministics; Earth Orientation Parameters; Least-squares Harmonic Estimations; Length Of Days; Noise Characteristic; Noise Models; Periodic Pattern; Polar Motion; Predictive Models; Vce; Stochastic Models"
"Coupled dynamic modeling and analysis for collecting asteroid soil using a flexible brush sampler","2025","Advances in Space Research","10.1016/j.asr.2025.06.006","https://www.scopus.com/inward/record.uri?eid=2-s2.0-105010318027&doi=10.1016%2Fj.asr.2025.06.006&partnerID=40&md5=3551218c19d7dfca09652a0f39daf7a5","Soil collection is a critical component of asteroid exploration missions. To assess and analyze the performance of the flexible brush sampler for regolith sampling on asteroids, this paper develops a coupled dynamic model of flexible multibody systems and granular matter. The discrete element method (DEM) is utilized to simulate the asteroid soil, while the flexible brush is represented using the absolute nodal coordinate formulation (ANCF). The proposed model considers various potential contact scenarios and introduces a serial time integration method to couple the flexible multibody system with the particle system. The validity of the coupling model is then confirmed through comparisons with experimental results obtained under vacuum and microgravity conditions. Based on the validated model, this study investigates the effects of brush rotation speed, brush bending stiffness, gravitational acceleration, feeding speed, and brush roughness on sampling results. The results demonstrate that increases in rotation speed, bending stiffness, roughness, and feeding speed lead to a gradual rise in both the mass of collected samples and the average outlet velocity of the samples entering the sampling tube. However, an increase in gravitational acceleration reduces both sampling efficiency and the average velocity of the samples. Furthermore, while enhancing sampling efficiency, higher loads at the brush's connection points increase the risk of damage and displacement of the sampler. © 2025 Elsevier B.V., All rights reserved.","Asteroid Soil Sampling; Coupling Algorithm; Flexible Multibody System; Granular Matter; Asteroids; Dynamic Models; Finite Difference Method; Granular Materials; Gravitation; Particles (particulate Matter); Rotation; Soil Surveys; Soils; Asteroid Soil Sampling; Bending Stiffness; Coupled Dynamics; Coupling Algorithms; Dynamics Models; Flexible Multibodies System; Granular Matter; Gravitational Accelerations; Rotation Speed; Soil Sampling; Efficiency"
"An intelligent small end-effector for on-orbit maintenance of CSS","2025","Advances in Space Research","10.1016/j.asr.2025.06.058","https://www.scopus.com/inward/record.uri?eid=2-s2.0-105010298516&doi=10.1016%2Fj.asr.2025.06.058&partnerID=40&md5=3a492cb36289cb03307419b796cd42b2","End-effectors mounted at the terminus of the China Space Station's robotic arm can be utilized for on-orbit maintenance and upgrade tasks of equipment both inside and outside the station. However, some operations of certain components face challenges due to short operational time windows and limited manipulation space. This study focuses on the issue that the dexterous manipulation of the space manipulator is restricted during on-orbit maintenance operations due to the confined internal space of the Solar Array α Rotation Joint (SARJ). A Special End-Effector for D-Type-Aerospace-Bolts (SED) is designed, intended for the screw tasks of D-Type Aerospace Bolts (DAB) under space-constrained conditions. SED can reach the operational position within 25 s in a confined space of 300 mm × 80 mm × 40 mm, satisfying positional tolerance of 4.5 mm and angular tolerance of 1.2°, to complete the screw tasks of DAB. Based on the constraints and their weights related to trajectory length, movement time, and energy consumption, a task planning algorithm is proposed. This algorithm effectively formulates an optimal task execution sequence for the End-Effectors, contributing to the reduction of operational time in autonomous space missions, enhancing operational efficiency, and mitigating risks to astronauts. The operational effectiveness of the SED in the target environment was verified through simulations and ground experiments. Compared with traditional single-parameter optimal operation modes, the proposed task planning method can obtain a comprehensively optimal task scheme, and reduce the operational cost by approximately 8.4 %. This effectively enhances the quality and efficiency of on-orbit manipulation, contributing to the long-term efficient service of the China Space Station. © 2025 Elsevier B.V., All rights reserved.","China Space Station; End-effector; Mechanism Design; On-orbit Operation; Task Optimization; Bolts; End Effectors; Fits And Tolerances; Manipulators; Manned Space Flight; Optimization; Orbits; Robotic Arms; Screws; Space Stations; Spacecraft Equipment; Aerospace Bolts; China Space Station; D Types; Mechanism Design; On Orbit; On-orbit Operation; Optimisations; Orbit Maintenance; Orbit Operations; Task Optimization; Machine Design"
"Petrography of scoriaceous and unmelted micrometeorites from the Maitri Station, Antarctica collection","2025","Advances in Space Research","10.1016/j.asr.2025.06.060","https://www.scopus.com/inward/record.uri?eid=2-s2.0-105010076272&doi=10.1016%2Fj.asr.2025.06.060&partnerID=40&md5=a146bd5dffb3013dffc2340fa3200b2a","We analysed ten unmelted fine-grained micrometeorites (FgMMs) and ten coarse-grained micrometeorites (CgMMs), along with eight fine-grained scoriaceous micrometeorites (Fg/ScMMs) and sixteen scoriaceous micrometeorites (ScMMs). Particles were recovered using the density separation technique from sediments obtained by melting Antarctic ice. Based on petrological features, unmelted FgMMs strongly resemble the hydrous matrices of carbonaceous CI, CM, CV and CO chondrites, while CgMMs represent chondrule fragments from both carbonaceous and ordinary chondrites. Texturally, the matrices of FgMMs are characterised into C1, C2, and C3 and their elemental composition, along with ScMMs, are similar to individual carbonaceous chondritic groups and hydrated interplanetary dust particles (IDPs) as well as asteroid Ryugu and Bennu. However, matrices of both FgMMs and ScMMs show depletion in Ni and S. The chemical composition of the mineral grains in FgMMs, CgMMs, and ScMMs does not differ from those reported in previous collections, which may be from similar parent bodies and have a strong affinity for chondrules from carbonaceous and ordinary chondrites. This study suggests that the porous matrix nature of FgMMs material precursors generally aligns with the carbonaceous asteroids’ matrix material. In contrast, the coarse-grained particles may represent asteroids with chondrule-bearing carbonaceous and ordinary chondrites. © 2025 Elsevier B.V., All rights reserved.","Antarctica; Asteroids; Atmospheric Entry; Chondrites; Comet; Micrometeorites; Glacial Geology; Ice; Meteorites; Petrography; Antarctica; Atmospheric Entry; Carbonaceous Chondrites; Chondrite; Coarse-grained; Density Separation; Fine Grained; Matrix; Micrometeorite; Ordinary Chondrites; Asteroids"
"MUF predictions from the IRTAM&INGV model and their validation based on ionospheric oblique soundings over China","2025","Advances in Space Research","10.1016/j.asr.2025.06.032","https://www.scopus.com/inward/record.uri?eid=2-s2.0-105010006220&doi=10.1016%2Fj.asr.2025.06.032&partnerID=40&md5=84717fdfebc9d17d70217bd20fd55bd1","In the contemporary era, there has been a surge in the development of innovative radio communication systems. However, HF communication, a conventional mode with a long history, continues to play a pivotal role and is undergoing rapid advancements across the globe. The maximum usable frequency (MUF) in HF communication is a crucial parameter influenced by the condition of the ionosphere. Accurate predictions of MUF are essential for ensuring the efficacy of communication. This paper assesses the precision of the methodology of employing the IRTAM combining with the INGV model to forecast MUF. The validation is evaluated by comparing the predicted MUF with the maximum observed frequency (MOF) at each time, as determined by experiments conducted at several ionospheric oblique sounding stations constructed throughout China. The MUF predictions from the combination of the IRI and INGV model are also calculated for comparison. Furthermore, the deviations at different times of the day for different links are analyzed. The results demonstrate that the average RMSE is 2.27 MHz and the RRMSE is 16.6 % over the entire experimental links nationwide. In summary, MUF prediction through the IRTAM&INGV model is simple to implement and of a certain applicability in China. © 2025 Elsevier B.V., All rights reserved.","Hf Communication; Ingv Model; Ionospheric Oblique Sounding; Irtam; Max Usable Frequency; Indium Alloys; Ionosphere; Ionospheric Measurement; Prediction Models; Radio Communication; Radio Systems; Crucial Parameters; Frequency Prediction; Hf Communication; Ingv Model; Ionospheric Oblique Sounding; Irtam; Max Usable Frequency; Maximum Usable Frequency; Oblique Soundings; Radiocommunication Systems; Forecasting"
"Improving ecological quality assessment in hilly urban agglomerations in Northeast Sichuan, China","2025","Advances in Space Research","10.1016/j.asr.2025.06.062","https://www.scopus.com/inward/record.uri?eid=2-s2.0-105009954286&doi=10.1016%2Fj.asr.2025.06.062&partnerID=40&md5=b9adbe56d72b51db19627e2313f9e039","Existing ecological quality assessment model, such as Remote Sensing-based Ecological Index (RSEI), primarily rely on vegetation, humidity, land surface temperature and dryness indicators. The integration of air quality indicators, such as Particulate Matter (PM2.5), into RSEI remains limited, which also factor that play a crucial role in ecosystem health. This study aims to explore the ecological quality for Northeast Sichuan from 2003 to 2023 using a modified RSEI (MRSEI) by adding Particulate Matter 2.5 (PM 2.5) as well as replaced NDVI with KNDVI using Google Earth Engine. The ecological quality trends are further evaluated using the principal component analysis method, Theil-Sen + Mann-Kendall test, and Geodetector. The results indicate that: (1) MRSEI outperformed RESI in assessing ecological quality of Northeast Sichuan based on the Pearson correlation and image comparison analysis; (2) The MRSEI model demonstrates strong explanatory power, with the average variance explained by the first principal component exceeding 76 %. From 2003 to 2023, Northeast Sichuan experienced significant ecological improvement, with the mean MRSEI increasing by 24.0 % from 0.43 to 0.54. The results reveal a spatial pattern of “superior conditions in the north and stability in the south”; (3) The Theil-Sen-MK analysis indicates that 88.45 % of the region has experienced positive ecological trends, exhibiting an “east-superior-to-west and south-superior-to-north” spatial differentiation pattern, though some ecological degradation persists in the mountainous areas in the western part of Guangyuan; and (4) Geodetector analysis reveals the dominant influence of the thermal environment and air quality on ecological evolution, while also revealing an increasing impact of anthropogenic activities. These findings provide valuable theoretical insights and practical guidance for ecological conservation and sustainable development initiatives in West China. © 2025 Elsevier B.V., All rights reserved.","Ecological Quality; Geodetector; Google Earth Engine; Modified Remote Sensing Ecological Index (mrsei); Northeast Sichuan; Particulate Matter 2.5 (pm 2.5); Air Quality; Conservation; Correlation Methods; Ecosystems; Particles (particulate Matter); Quality Control; Remote Sensing; Sustainable Development; Ecological Indices; Ecological Quality; Geodetector; Google Earth Engine; Google Earths; Modified Remote Sensing Ecological Index; Northeast Sichuan; Particulate Matter; Particulate Matter 2.5; Remote-sensing; Principal Component Analysis"
"Analyzing the spatial patterns and changes in urban green spaces of an under rapid urbanization area through landscape metrics","2025","Advances in Space Research","10.1016/j.asr.2025.06.063","https://www.scopus.com/inward/record.uri?eid=2-s2.0-105009931206&doi=10.1016%2Fj.asr.2025.06.063&partnerID=40&md5=53eac824cb5687c7ed6cd40fc6de3cc6","The spatial pattern of urban green spaces has undergone significant changes due to the rapid urbanization. In this regard, the present study aims to analyze the spatial distribution pattern and changes of Urban Green Spaces (UGS) over time in Bojnurd, North Khorasan Province. To achieve these goals, green space areas were extracted using Landsat and Google Earth satellite images for the years 2006, 2013, and 2022. In the next step, landscape metrics at the patch and landscape level were calculated using Fragstats software, and their trends of changes were analyzed. The results show increases in landscape metrics like Total Area (TA), Number of Patches (NP), Landscape Shape Index (LSI), and Splitting Index (SPLIT), indicating greater spatial dispersion of urban green spaces over 16 years. The expansion of smaller green patches is also evident, reflected by decreasing LPI and MESH metrics. Assessing the UGS at patch level showed that UGS area metric declined in all zones, with Municipal district 1 decreasing by 0.22 ha and Municipal district 2 by 0.03 ha, reflecting urbanization's impact. The GYRATE index showed slight fluctuations, while it increased under the Urban Area Comprehensive Plan (UACP) scenario, indicating greater fragmentation. Other metrics like PARA, SHAPE, and CONTIG suggest smaller, more fragmented patches due to urban expansion. UGS assessment at landscape level showed that the total area grew by 59.72 ha, but patches increased significantly from 95 to 198, indicating the fragmentation. The mean patch size (AREA) decreased, confirming smaller patches, while the SPLIT rose, indicating more isolation. Green space per capita in Bojnurd grew to 5.266 m2 in District 1 and 5.032 m2 in District 2 by 2022, with projections of 10.377 m2 and 8.936 m2 under the UACP. City-wide, it increased from 4.059 m2 to 5.591 m2, with a projection of 9.812 m2. By using landscape ecology approach, while analyzing the spatial distribution pattern and its relationship with per capita urban green space, it is possible to improve the connectivity of urban green spaces and, as a result, enhance social and ecological functions in urban planning. © 2025 Elsevier B.V., All rights reserved.","Connectivity; Fragmentation; Spatial Distribution; Urban Development; Urban Green Spaces; Earth (planet); Ecology; Expansion; Urban Growth; Zoning; Connectivity; Fragmentation; Green Spaces; Landscape Level; Landscape Metric; Rapid Urbanizations; Spatial Distribution Patterns; Spatial Patterns; Urban Development; Urban Green Spaces; Spatial Distribution"
"Evaluation of CryoSat-2 ocean products through routine monitoring and a 13-year long consistent time series dataset","2025","Advances in Space Research","10.1016/j.asr.2025.06.051","https://www.scopus.com/inward/record.uri?eid=2-s2.0-105009927204&doi=10.1016%2Fj.asr.2025.06.051&partnerID=40&md5=7ae1ac31e22df53d645058765c4d4181","CryoSat-2 (C2) was launched in 2010 and has been retrieving values of sea surface height anomaly (SSHA), significant wave height (SWH) and wind speed (WSP) ever since. Although these oceanographic variables were secondary aims, an operational CryoSat Ocean Processor was implemented in 2014. This study provides details on the routine monitoring process for the various products alongside additional analyses using a 13-year dataset of quality-controlled Baseline C data. Most of this study focussed on Low Resolution Mode (LRM) data with some specific studies of Synthetic Aperture Radar (SAR) mode. No substantial issues with the data were observed but additional studies of SWH and WSP are recommended. Global mean sea level (GMSL) from C2 has a trend of 4.2 ± 0.3 mm/year which agrees, within uncertainties, from other data sources. Regionally the patterns in SSHA trend agree with other sources. SWH from similar analyses found no significant trend but WSP trend was 3.3 ± 0.2 (cm/s)/year. For GMSL and WSP data from descending passes (C2 moving south) have non-significantly higher trends compared to data from ascending passes. Regionally, apart from a few, small areas (primarily around Southeast Asia), trends in C2 WSP are positive and agree with a previous study using multiple altimeters. Biases have been identified including between LRM and SAR using successive differences in SSHA, SWH and WSP. Similarly, seasonally varying biases between ascending passes and descending passes are found, which in turn vary by hemisphere. Comparisons were made between tide gauges based on data from the Permanent Service for Mean Sea Level (PSMSL) and gridded (1°) SSHA from C2. For both LRM and SAR, the significant correlations were positive and similar, albeit slightly lower, to previous studies. Routine reports compare C2 SWH to that from the WaveWatch3 model (WW3) with the latter on average (mean) ∼15 cm higher with a few exceptions. This was confirmed using WW3 and C2 SWH on the same monthly grid where the difference was found to be 10–20 cm, and all correlations were positive (∼0.8–0.9). There are strong differences between C2 SWH and WW3 by hemisphere (bias is greater in Southern Hemisphere) and the variability of correlations is greater in the Northern Hemisphere. The relationship is more complex as there is some evidence that at low SWH WW3 tends to be higher than C2 whereas at higher SWH C2 SWH is higher than WW3. There is a bias between C2 WSP and that from ERA5 that is negative (ERA5 WSP higher than C2 WSP) at higher WSP and a less pronounced positive bias at low WSP. Comparisons of trends in WSP from C2 compared to ERA5 are more complex and patterns in both do not fully match. These results are possibly as a result of altimeters being unable to resolve low WSP (<∼2 m/s). © 2025 Elsevier B.V., All rights reserved.","Cryosat; Global Mean Sea Level; Ocean Wind Speed; Satellite Altimetry; Sea Surface Height; Significant Wave Height; Aneroid Altimeters; Geodetic Satellites; Quality Control; Radio Altimeters; Space-based Radar; Surface Waters; Synthetic Aperture Radar; Tide Gages; Water Waves; Cryosat; Global Mean Sea Levels; Ocean Wind Speed; Ocean Winds; Satellite Altimetry; Sea Surface Height; Sea-surface Height Anomalies; Significant Wave Height; Wavewatch3 Models; Wind Speed; Sea Level"
"Robust adaptive recurrent neural network observer for flexible spacecraft fault-tolerant attitude control","2025","Advances in Space Research","10.1016/j.asr.2025.06.039","https://www.scopus.com/inward/record.uri?eid=2-s2.0-105009881663&doi=10.1016%2Fj.asr.2025.06.039&partnerID=40&md5=0b1b2878eb10f45e55f35e3e20fcae2e","For the flexible spacecraft class, this article introduces a robust adaptive recurrent neural network (RNN) based observer-aided active fault-tolerant attitude control framework. The framework employs a model-based observer augmented with the RNN to diagnose spacecraft actuator faults using the online learning capability of RNNs for unknown nonlinear functions approximation to enhance the observer's fault detection and estimation accuracy. The approach adopts a single hidden layer adaptive RNN to optimize the dynamic response, facilitating robust fault estimation even amidst complex challenges such as flexible structural vibrations, inertial parameter uncertainties, and external disturbances. The observer is synthesized by transforming error dynamics into H<inf>∞</inf> filtering problem, aiming to minimize the effect of lumped disturbances and achieve robust performance. The Observer gains are optimized through the set of linear matrix inequality. The adaptation rules for the neural weight matrices are derived using Lyapunov stability analysis of the closed-loop observer while guaranteeing asymptotic stability and convergence. Furthermore, an anti-unwinding composite fault-tolerant attitude control law is formulated using a nonsingular terminal sliding mode surface. This formulation effectively compensates for estimated actuator faults and system uncertainties without reconfiguration, avoiding the transient effects often associated with reconfigurable control. A comprehensive comparative analysis via numerical simulations further substantiates the superiority of the proposed scheme, demonstrating enhanced fault accommodation and improved system stability. © 2025 Elsevier B.V., All rights reserved.","Adaptive Recurrent Neural Network; Fault Estimation Observer; Fault-tolerant Attitude Control; Flexible Spacecraft; Robust Control; Actuators; Asymptotic Stability; Fault Detection; Fault Tolerance; Fault Tolerant Computer Systems; Faulting; Linear Matrix Inequalities; Nonlinear Analysis; Recurrent Neural Networks; Robustness (control Systems); Sliding Mode Control; System Stability; Vibrations (mechanical); Active Fault; Actuator Fault; Adaptive Recurrent Neural Network; Fault Estimation; Fault Estimation Observer; Fault-tolerant; Fault-tolerant Attitude Control; Network-based; Neural-networks; Robust Adaptive; Flexible Spacecraft; Robust Control"
"LS-VCE based relative and absolute stochastic modeling: methods comparison, influential factors evaluation, and positioning validation","2025","Advances in Space Research","10.1016/j.asr.2025.06.050","https://www.scopus.com/inward/record.uri?eid=2-s2.0-105009652476&doi=10.1016%2Fj.asr.2025.06.050&partnerID=40&md5=098c709fb682c90f523c28667a9c3ba5","An appropriate stochastic model is essential for accurate estimation using Global Navigation Satellite System (GNSS) data. In this study, we comprehensively analyze the factors affecting the accuracy of both relative and absolute stochastic models, using least-squares variance component estimation. The analysis incorporates new signals from BDS, B1C, B2a, and other GNSS constellations. The primary objective is to enhance estimation performance using stochastic models and assess the improvement in positioning accuracy achieved through the application of refined models. The results indicate that zero-baseline (ZB) configurations can reliably estimate stochastic models without being affected by atmospheric interference. By contrast, the performance of single-receiver (SR) setups decreases during periods of ionospheric activity and is sensitive to the choice of sliding window size, with optimal results observed using a 3 s window. SR effectively mitigates the multipath effects and more accurately captures the inherent characteristics of GNSS observations. SR exhibits stronger time correlation than ZB, which is likely attributed to the assumption of ionospheric stability within the window. The time correlation for SR may be influenced by the window size. Furthermore, stochastic models are found to be influenced by antenna type, which should be carefully considered. The stochastic models derived using the ZB and SR methods demonstrate comparable performance in positioning experiments; both improve accuracy by approximately 20 % in the north, east, and up components compared to traditional empirical models. Additionally, their variance closely reflects the actual positioning error, underscoring their improved reliability. © 2025 Elsevier B.V., All rights reserved.","Global Navigation Satellite System (gnss); Least-squares Variance Component Estimation (ls-vce); Single-receiver; Stochastic Modeling; Zero-baseline; Antennas; Communication Satellites; Global Positioning System; Ionosphere; Least Squares Approximations; Navigation; Signal Analysis; Stochastic Control Systems; Stochastic Systems; Global Navigation Satellite System; Global Navigation Satellite Systems; Least Square; Least-square Variance Component Estimation; Performance; Single-receiver; Stochastic-modeling; Variance Component Estimation; Window Size; Zero Baselines; Stochastic Models"
"Postseismic deformation analysis of the 2018 Lombok, Indonesia, earthquake inferred from GNSS data","2025","Advances in Space Research","10.1016/j.asr.2025.06.049","https://www.scopus.com/inward/record.uri?eid=2-s2.0-105009649369&doi=10.1016%2Fj.asr.2025.06.049&partnerID=40&md5=7b1419345729b0a989bbdeff18ed12be","The postseismic deformation associated with the 2018 Lombok earthquake was investigated using Global Navigation Satellite System (GNSS) data recorded shortly after the earthquake sequence began. The combination of the local velocity model and the AK135 model was applied to define the rheological structure for viscoelastic relaxation modeling. Viscoelastic relaxation was modeled using the Maxwell viscoelastic response of a layered spherical Earth model. The optimum rheological model revealed a 35 km thick elastic layer and an asthenosphere with a Maxwell viscosity of 2.0 × 1017 Pa s. Surface displacement due to viscoelastic relaxation derived from the local velocity model is approximately ten times larger than that obtained using the global velocity model. These results indicate that applying the local velocity model leads to a thinner elastic layer, a more fluid asthenosphere, and more significant deformation compared to other models. In addition to viscoelastic relaxation, afterslip was identified as another physical mechanism contributing to the observed postseismic deformation. The afterslip distribution on the fault interface was modeled using a geodetic inversion method employing Akaike's Bayesian Information Criterion, revealing the maximum slip primarily occurring at shallow depths of the fault. © 2025 Elsevier B.V., All rights reserved.","2018 Lombok Earthquake; Afterslip; Gnss; Local Seismic Velocity Model; Rheological Structure; Viscoelastic Relaxation; Bayesian Networks; Earthquakes; Fault Slips; Geodetic Satellites; Rheology; Structural Geology; Viscoelasticity; 2018 Lombok Earthquake; Afterslip; Global Navigation Satellite Systems; Local Seismic Velocity Model; Local Velocity; Postseismic Deformation; Rheological Structure; Seismic Velocity Models; Viscoelastic Relaxation; Global Positioning System"
"Topographic assessment and estimation of in-situ construction materials for lunar launch and landing pad construction","2025","Advances in Space Research","10.1016/j.asr.2025.06.043","https://www.scopus.com/inward/record.uri?eid=2-s2.0-105009642944&doi=10.1016%2Fj.asr.2025.06.043&partnerID=40&md5=b10f3491614b822e515e08130446318d","Establishing long-term infrastructure on the Moon necessitates efficient site selection and material planning, especially in the context of in-situ resource utilization (ISRU). This study presents a topographic assessment and material quantification for the construction of a lunar launch and landing pad (LLP) near the rim of Shackleton Crater at the lunar South Pole. Using high-resolution Lunar Orbiter Laser Altimeter (LOLA) data, the study integrates surface roughness and slope metrics to evaluate terrain suitability and excavation requirements. Surface Roughness Index (SRI) was assessed through root-mean-square (RMS) height, surface area ratio (SAR), and slope-based metrics, while slope analysis identified flat zones conducive to efficient construction. Six potential 100-meter LLP sites were selected and evaluated through material quantification. Results show that SRI-optimized locations offer terrain consistency with minimal fill needs, while slope-optimized locations combine flatness with low excavation volumes and favorable cut-fill balance. This approach contributes to sustainable lunar construction by identifying terrain profiles that balance engineering feasibility, construction efficiency, and ISRU potential. © 2025 Elsevier B.V., All rights reserved.","In-situ Construction; Lunar Construction; Lunar Landing Pad; Topographic Assessment; Building Materials; Excavation; Lunar Surface Analysis; Meteorological Instruments; Optimization; Orbits; Site Selection; In-situ Construction; In-situ Resource Utilizations; Landing Pads; Launch Pads; Lunar Construction; Lunar Landing Pad; Lunar South Pole; Material Quantification; Roughness Index; Topographic Assessment; Lunar Landing; Surface Roughness"
"Assessment forest and urban green space vulnerability in Lao Cai City post-typhoon Yagi using remote sensing and machine learning","2025","Advances in Space Research","10.1016/j.asr.2025.06.028","https://www.scopus.com/inward/record.uri?eid=2-s2.0-105009513878&doi=10.1016%2Fj.asr.2025.06.028&partnerID=40&md5=2692ecd16cad5f01b84e5b4ac7bf44fc","Under the influence of climate change, natural calamities such as typhoons and flooding are increasingly impacting forests and urban green spaces (UGS), particularly in mountainous regions. This research evaluates the susceptibility of these ecosystems in Lao Cai City, Vietnam, in the aftermath of Typhoon Yagi, utilizing remote sensing data from 1989 to 2024 alongside machine learning methodologies. The research presented an innovative hybrid ACO-DMOA model that effectively integrates the variable selection capabilities of Ant Colony Optimization with the multi-objective balancing features of Dwarf Mongoose Optimization, resulting in enhanced accuracy (R2 = 0.884). The results indicated significant changes in land use over the past 35 years, with agricultural land decreasing by 2,450 ha from 1989 to 2009, followed by a rise of 1,680 ha from 2009 to 2024, while forested areas have been reduced due to urban development, mining operations, and inadequate environmental regulations. This ACO-DMOA model distinctly recognized non-linear relationships among critical variables, revealing that correlations between forest/UGS density post-typhoon (R2 = 0.435) substantially increase fire susceptibility, a finding not previously documented in mountainous regions. The vulnerability map indicates that regions classified at levels III and above are primarily situated within urban and agricultural zones. These insights advocate for the implementation of effective management strategies for forest resources and UGS to facilitate recovery and endorse sustainable development in Lao Cai City in the face of impending natural disasters. © 2025 Elsevier B.V., All rights reserved.","Aco-dmoa Model; Ecosystem; Extreme Weather Events; Remote Sensing; Vulnerability; Ant Colony Optimization; Balancing; Climate Change; Disasters; Environmental Regulations; Forestry; Hurricanes; Land Use; Learning Systems; Machine Learning; Space Optics; Storms; Sustainable Development; Urban Growth; Aco-dmoa Model; Extreme Weather Events; Floodings; Machine-learning; Mountainous Regions; Remote Machines; Remote-sensing; Urban Green Spaces; Viet Nam; Vulnerability; Ecosystems; Remote Sensing"
"Precise orbit determination of Spire CubeSats constellation using the raw observation approach","2025","Advances in Space Research","10.1016/j.asr.2025.06.042","https://www.scopus.com/inward/record.uri?eid=2-s2.0-105009511954&doi=10.1016%2Fj.asr.2025.06.042&partnerID=40&md5=8116217c3927ce838c088b2abd461827","CubeSats, a widely used class of nanosatellites, have made significant contributions to both geodetic and non-geodetic applications by offering low-cost, lightweight, and energy-efficient solutions. Spire Global Inc. has deployed over 120 3U CubeSats into various orbits, each equipped with a STRATOS GNSS receiver, a zenith-looking POD antenna, one or two RO antennas, and an attitude determination and control system. These features make Spire's LEMUR CubeSats ideal candidates for precise orbit determination (POD) and geodetic research. This study presents the first application of the raw observation approach for POD of commercial 3U CubeSats, focusing on 10 Spire GNSS-RO CubeSats with diverse orbital characteristics. The POD algorithm includes essential steps, such as the determination of a priori orbits and inertial quaternions for the Spire LEMUR CubeSats. Precise orbits are determined through both kinematic and reduced dynamic orbit solutions for the year 2020. In-flight calibrated antenna center variations (ACVs) are derived from the POD processing, revealing significant deviations from ground-based calibrations. Moreover, the calibrated ACVs vary among Flight Modules (FMs) with similar satellite buses and orbital characteristics, highlighting the necessity for independent in-flight calibration for each FM. To further enhance accuracy, azimuth- and elevation-dependent accuracy maps are generated from observation residuals and incorporated into the POD processing. The agreement between the reduced dynamic and kinematic orbits results in a 3D RMS difference of less than 5 cm. External validation further supports the reliability of the POD solutions. Comparisons with AIUB solutions for FM099 and FM103 in June 2020 show 3D RMS position agreements of 7.76 cm and 8.92 cm, and velocity agreements of 0.08 mm/s and 0.08 mm/s, respectively. Over the entire year, comparisons between the University of Luxembourg reduced dynamic orbits and Spire official L1B solutions achieve a 3D RMS of 22–29 cm in position and 0.25–1.04 mm/s in velocity. These results demonstrate the robustness of the raw observation approach for CubeSat POD and its potential to advance geodetic applications, such as the recovery of Earth's gravity field. © 2025 Elsevier B.V., All rights reserved.","Cubesats; Gnss; Leo; Precise Orbit Determination; Raw Observation Approach; Spire; Air Navigation; Communication Satellites; Flight Control Systems; Frequency Modulation; Geodesy; Geodetic Satellites; Kinematics; Nanosatellites; Orbits; Satellite Antennas; Calibrated Antenna; Cubesat; Gnss; Leo; Nanosatellite; Orbital Characteristics; Precise Orbit Determination; Raw Observation Approach; Reduced Dynamics; Spire; Global Positioning System"
"Knowledge distillation based adaptive deformable perceptron for remote sensing image road extraction","2025","Advances in Space Research","10.1016/j.asr.2025.06.046","https://www.scopus.com/inward/record.uri?eid=2-s2.0-105009381673&doi=10.1016%2Fj.asr.2025.06.046&partnerID=40&md5=d9d76235682b563054ef0faba499680f","Automatic extraction of road information using remote sensing technology has been widely applied in various fields, including autonomous driving navigation, cartography updates, land-resource surveys, urban planning, and traffic management. Deep learning algorithms have demonstrated significant potential for automatic road interpretation from remote sensing images. However, road features often exhibit complex global correlations and scale variability in spatial-spectral contexts. Current deep neural networks struggle to effectively model the interdependence of multi-scale shape features and global semantics in complex remote sensing scenes. Additionally, shallow and intermediate features containing road spatial-shape information are often mixed with background features, causing ambiguity and confusion in decoding, which hampers the accurate restoration of road spatial structures. To address these challenges, this study proposed an adaptive deformable perceptron based on a Transformer that leverages a multi-scale local context and global semantics. The encoder employs depth-wise separable convolutions with multi-scale kernels to capture local features from different receptive fields. Simultaneously, deformable offsets are predicted and integrated into the multi-head attention mechanism to adaptively match multi-scale information. Furthermore, a cross-level feature alignment module is introduced in the decoder to refine the encoded features, guided by a knowledge self-distillation strategy. Ablation experiments confirmed that the proposed modules improve predictive accuracy for road detection on two public datasets. Comparative experiments further verified that the model outperforms other state-of-the-art methods. © 2025 Elsevier B.V., All rights reserved.","Deep Learning; Knowledge Distillation; Remote Sensing; Road Extraction; Transformer; Complex Networks; Data Mining; Deep Neural Networks; Distillation; Highway Administration; Highway Planning; Information Management; Information Use; Learning Algorithms; Roads And Streets; Semantics; Automatic Extraction; Autonomous Driving; Deep Learning; Knowledge Distillation; Multi-scales; Remote Sensing Images; Remote Sensing Technology; Remote-sensing; Road Extraction; Transformer; Remote Sensing"
"Ionospheric TEC response at mid and low latitudes to Solar wind oscillations on November 5th, 1997","2025","Advances in Space Research","10.1016/j.asr.2025.06.031","https://www.scopus.com/inward/record.uri?eid=2-s2.0-105009350283&doi=10.1016%2Fj.asr.2025.06.031&partnerID=40&md5=e6edb466be265974db19b50389a3b521","This study analyzes the effect of solar wind on magnetospheric convection and how magnetospheric electric fields can penetrate the ionosphere at mid-latitudes and low latitudes. We investigate ionospheric plasma disturbances at mid-latitudes during a transient event characterized by an interplanetary magnetic field oscillating with a period of 2 h, while solar wind pressure remained stable. The ionospheric response is assessed through vertically integrated total electron content (VTEC) calculated from GNSS observations and electron density in the F layer measured by the Millstone Hill incoherent radar. Additionally, we calculate the vertical movement of the ionosphere using solar data and the geomagnetic field from the IGRF, comparing it with the height variation obtained from the ion velocity of the incoherent radar. Through spectral analysis using Wavelet Transform and Coherence Wavelet, we demonstrate a cause-and-effect relationship between the effects of solar wind on the magnetosphere and its propagation to the ionosphere with ionospheric disturbances. We also show the impact of the penetration of magnetospheric electric fields at stations located at different geomagnetic latitudes, where the oscillatory phenomenon is clearly observed mainly at high and mid-latitudes. Moreover, we analyze stations situated at mid-latitudes with varying geographic longitudes. We find a greater impact of magnetospheric electric fields near the local noon of each station, while stations located on the night side do not demonstrate a response to solar variability. The ionospheric response to solar wind variations shows delays between 0 to 35 min, which can be associated with changes in recombination rates during the day. © 2025 Elsevier B.V., All rights reserved.","Ionospheric Disturbances; Magnetospheric Electric Fields; Vtec; Geomagnetism; Ionosphere; Ionospheric Electromagnetic Wave Propagation; Ionospheric Measurement; Magnetoplasma; Magnetosphere; Solar Wind; Wavelet Transforms; Wind Effects; Ionospheric Disturbance; Ionospheric Plasmas; Low Latitudes; Magnetospheric Convection; Magnetospheric Electric Field; Magnetospherics; Midlatitudes; Solar/wind; Total Electron Content; Vertically Integrated Total Electron Content; Spectrum Analysis"
"Passivity-based adaptive tracking control for spacecraft elliptical orbital proximity operations","2025","Advances in Space Research","10.1016/j.asr.2025.06.035","https://www.scopus.com/inward/record.uri?eid=2-s2.0-105009320076&doi=10.1016%2Fj.asr.2025.06.035&partnerID=40&md5=ee8622355a5ad4e5e7a7d70c8af51b25","Passivity-based adaptive tracking control of spacecraft proximity between chief and deputy spacecraft is explored in this paper. Tschauner-Hempel equations are employed to describe the relative motion between two spacecraft, exclusively considering that the chief spacecraft operates in an arbitrary elliptical orbit. The linear periodical time-varying property of Tschauner-Hempel equations is affixed with zero dynamic theory to build an almost strictly passive system, which facilitates a passivity-based adaptive controller to guarantee the closed-loop stability via Lyapunov theory as well as LaSalle's invariance principle. The proposed control scheme is implemented without requiring specific model information of the relative motion dynamics. It hence exhibits robustness to model uncertainties, benefiting from the application of passivity theory. Numerical simulations are illustrated to validate the performance of the proposed adaptive control scheme. © 2025 Elsevier B.V., All rights reserved.","Elliptical Orbits; Passivity-based Adaptive Control; Spacecraft Proximity; Adaptive Control Systems; Closed Loop Control Systems; Control Theory; Navigation; Orbits; Spacecraft; Tracking (position); Adaptive Control; Adaptive Tracking Control; Elliptical Orbits; Ellipticals; Orbitals; Passivity-based; Passivity-based Adaptive Control; Proximity Operations; Relative Motion; Spacecraft Proximity; Uncertainty Analysis"
"Mission analysis of space-based small camera for space debris detection","2025","Advances in Space Research","10.1016/j.asr.2025.06.025","https://www.scopus.com/inward/record.uri?eid=2-s2.0-105009009708&doi=10.1016%2Fj.asr.2025.06.025&partnerID=40&md5=e282b1bc07e7303c7f29ff5e4a1f0505","Current space debris observations and tracking aren't able to detect smaller debris, which poses a significant risk to space activities. This paper analyses the performance of a star tracker for detecting small space debris. This novel approach aims at improving our understanding of these objects. The ESA MASTER (Meteoroid and Space Debris Terrestrial Environment Reference) model is used to study the probability of space debris detection for a specific population of interest. Moreover, the maximum distance a space debris can be detected was analysed based on PROOF (Program for Radar and Optical Observation Forecasting) and using the camera characteristics, specifically by computing the signal-to-noise ratio as a function of debris size and material. This star tracker's maximum distance performance results are then applied together with detectability constraints to simulate, using ESA/ESOC GODOT libraries, when a debris is observed by the camera in space. The results demonstrate that the optical device could detect smaller debris in some of the orbits indicated by MASTER. © 2025 Elsevier B.V., All rights reserved.","Camera Performance; Orbit Simulation Detection; Space Debris; Space Debris Detection; Space-based Detector; Star Tracker; Cameras; Error Detection; Orbits; Space Flight; Space-based Radar; Stars; 'current; Camera Performance; Maximum Distance; Orbit Simulation Detection; Orbit Simulations; Performance; Space Debris Detection; Space-based; Space-based Detector; Terrestrial Environments; Space Debris; Star Trackers"
"Ramp width of quasi-perpendicular supercritical shocks from multi-spacecraft data","2025","Advances in Space Research","10.1016/j.asr.2025.06.029","https://www.scopus.com/inward/record.uri?eid=2-s2.0-105008960810&doi=10.1016%2Fj.asr.2025.06.029&partnerID=40&md5=df20acda1b26930e6014087ef031326a","This study investigates the ramp width of quasi-perpendicular supercritical shocks using high-resolution magnetic field data from the Cluster and Magnetospheric Multiscale (MMS) spacecraft missions. A statistical analysis of 54 shock crossings examined the relationship between ramp width, ion-scale dynamics, and key shock parameters, including the magnetosonic Mach number (M<inf>ms</inf>) and the shock normal angle (θ<inf>Bn</inf>). The results showed that ramp width, normalized to the ion inertial length (c/ω<inf>i</inf>) or ion gyroradius (v<inf>sh,n</inf>/Ω<inf>ci</inf>), increased with M<inf>ms</inf> and decreased as θ<inf>Bn</inf> approaches 90°. This behavior aligns with the compression and reflection dynamics characteristic of perpendicular shocks. A strong correlation between ramp width and the velocity ratio ([Formula presented]) of reflected ions further highlighted the role of ion reflection and gyromotion in determining ramp spatial scales. These findings support theoretical predictions, such as those by Schwartz et al. (1983), which emphasized the influence of reflected ions on ramp width in ion-scale units. This study improves our understanding of collisionless shock dynamics by highlighting the role of ion-scale processes in shaping the structure of the bow shock transition region. It focuses specifically on Earth's collisionless bow shock and does not address planetary, heliospheric, or astrophysical shocks, which have different thermal and dissipation conditions. © 2025 Elsevier B.V., All rights reserved.","Bow Shock; Ion Gyroradius; Ramp Width; Dynamics; Ions; Magnetosphere; Space Flight; Bow Shocks; Gyroradius; High Resolution; Ion Gyroradius; Magnetic Field Data; Magnetospheric Multi Scale; Ramp Width; Spacecraft Data; Spacecraft Missions; Supercritical; Plasma Shock Waves"
"Multi-sensor analysis of low-level cloudiness and its controlling factors over the Indian Ocean","2025","Advances in Space Research","10.1016/j.asr.2025.06.024","https://www.scopus.com/inward/record.uri?eid=2-s2.0-105008829843&doi=10.1016%2Fj.asr.2025.06.024&partnerID=40&md5=84997ba2c8189c5d0b3939db8383d3ad","In this study, we analysed nearly two decades (2001–2021) of satellite borne multi-sensor low-level cloud fraction (LCF) datasets and reanalysis meteorological parameters over the Indian Ocean, to examine spatial–temporal variations, trends and susceptibility to influencing factors. Results show higher LCF over the Arabian Sea (AS) and Southern Indian Ocean (SIO), while lower levels are observed over the Bay of Bengal (BoB). Zonal variations in low-level cloud reveal a deeper extension (up to 3 km) over southern region compared to a shallower depth (below 2 km) over northern portion. Seasonal pattern exhibits maxima in LCF during the monsoon season (JJAS), while minima during the pre-monsoon (MAM) and post-monsoon (DJF) seasons across the domain. Trend analysis indicates a significant enhancement in LCF over the Northern Indian Ocean (NIO) (up to 0.003/year), except for a decreasing trend for International Satellite Cloud Climatology Project (ISCCP) dataset. Furthermore, cloud-controlling factor analysis reveals a negative response of sea surface temperature (SST) and latent heat flux (LHF) to the regressed LCF records, while the other selected predictors show a positive response. However, the magnitude and statistical significance of the estimated susceptibility coefficients vary depending on the regressed LCF datasets. Overall, our results underscores substantial variability in LCF responses to meteorological drivers, particularly over the BoB. It cautions against broad generalizations due to methodological differences across LCF datasets and emphasizes the need for future research to focus on key influencing factors to improve predictions of basin-scale low-cloud feedbacks. © 2025 Elsevier B.V., All rights reserved.","Cloud Feedbacks; Cloud-controlling Factors; Indian Ocean; Low-level Clouds; Clouds; Factor Analysis; Oceanography; Regression Analysis; Surface Waters; Bay Of Bengal; Cloud Feedbacks; Cloud Fraction; Cloud-controling Factor; Controlling Factors; Indian Ocean; Low-level Clouds; Multi Sensor; Multi-sensor Analysis; Reanalysis; Atmospheric Thermodynamics"
"Latitudinal variation of ionospheric storm effects on March 22–24, 2024 geomagnetic storm over the African Sector","2025","Advances in Space Research","10.1016/j.asr.2025.06.047","https://www.scopus.com/inward/record.uri?eid=2-s2.0-105008815672&doi=10.1016%2Fj.asr.2025.06.047&partnerID=40&md5=ea5eab9a5c0e2b2575b3e0fdf3c30ae7","This study investigates the latitudinal variation of the ionospheric response to the geomagnetic storm that occurred on March 22–24, 2024, over the African sector. The analysis incorporates ionospheric parameters such as Total Electron Content (TEC), the critical frequency of the F<inf>2</inf> layer (f<inf>0</inf>F<inf>2</inf>), and the peak height of the F<inf>2</inf> layer (h<inf>m</inf>F<inf>2</inf>), derived from GNSS/GPS receivers and ionosonde data, respectively. These were examined alongside magnetometer observations and thermospheric neutral composition oxygen-to-nitrogen ratio [O]/[N<inf>2</inf>] data. Before the onset of the severe storm at 14:00 UT on March 24, weak to minor geomagnetic activity was recorded between March 21 and 23. Using a ±45% threshold for GNSS-vTEC and ±20% for (f<inf>0</inf>F<inf>2</inf>) and (h<inf>m</inf>F<inf>2</inf>), Ionospheric storm effects were identified. Two equatorial Northern Hemisphere stations-CPVG and DJIG-exhibited vTEC enhancements of approximately 60% (on March 23 at 03:45 UT) and 95% (on March 23 at 23:45 UT), respectively. No significant vTEC variations were recorded at any station until the recovery phase of the March 24 storm began around 16:51 UT. Thereafter, positive ionospheric storm effects were detected at stations DYNG and MAL2, each showing vTEC enhancements of around 75% above the threshold. The most pronounced increase was observed at station YKRO, with an 128% enhancement, while the smallest vTEC increase of 50% occurred at station DJIG. Similarly, on March 22–23, 2024, f<inf>0</inf>F<inf>2</inf> increased by 44% at AS00Q, 36% at AT138, and 30% at GR13L, with h<inf>m</inf>F<inf>2</inf> also rising over 30% at AT138 and GR13L. During the March 24 storm recovery phase, f<inf>0</inf>F<inf>2</inf> peaked at 78% at AT138, while AS00Q showed a 44% depletion. These positive ionospheric storm effects are primarily attributed to the combined influence of Prompt Penetration Electric Fields (PPEF) and the enhanced [O]/[N<inf>2</inf>] ratio. In addition, Ionosonde stations recorded negative ionospheric storm in f<inf>o</inf>F<inf>2</inf> and h<inf>m</inf>F<inf>2</inf> during the local daytime of the storm's recovery phase, which can be attributed to westward DDEF. Furthermore, ROTI values during March 22–23 were generally comparable to those observed during geomagnetically quiet conditions. Following the onset of the storm's recovery phase, however, ionospheric irregularities were suppressed across low/equatorial latitude stations. Suppression of ionospheric irregularities was further corroborated by ionograms from the low-latitude ionosonde station AS00Q, which revealed a clear attenuation of ionospheric spread-F after the start of the recovery phase. This indicates the role of westward Disturbance Dynamo Electric Fields (DDEF) in regulating these irregularities. © 2025 Elsevier B.V., All rights reserved.","Geomagnetic Storm; Ionospheric Irregularities; Ionospheric Storm; Roti; Tec; Extraterrestrial Communication Links; Global Positioning System; Ionospheric Measurement; Magnetometers; Nitrogen; Oxygen; Positive Ions; Radiosondes; Recovery; Storms; 2 Layer; Disturbance Dynamo Electric Fields; Geomagnetic Storm; Ionospheric Irregularities; Ionospheric Parameters; Ionospheric Storm; Latitudinal Variation; Recovery Phase; Roti; Total Electron Content; Geomagnetism"
"Spatial disaggregation of coarse-scaled gridded rainfall data using open-source earth observation in a semi-arid region for water resources management","2025","Advances in Space Research","10.1016/j.asr.2025.06.027","https://www.scopus.com/inward/record.uri?eid=2-s2.0-105008800323&doi=10.1016%2Fj.asr.2025.06.027&partnerID=40&md5=ee66dc4080a11050513030ed83b1ebe0","Accurate rainfall estimates at high spatial resolution are necessary for sustainable regional development in a semi-arid region, where agricultural and economic activities are largely dependent on the local rainfall. However, the scarcity of rain-gauge data and the inherent limitations of satellite derived high-resolution gridded rainfall datasets in overestimating light rainfall and underestimating heavy rainfall events emphasize the need for spatial downscaling of the coarse-scaled rain-gauge interpolated data that has shown relatively better accuracy in the estimation of heavier and lighter rainfall events in semi-arid regions. In this study, a Multi-scale Geographically Weighted Regression (MGWR) model based on an integrated downscaling and calibration framework was developed to generate a high-resolution (1 × 1 km) gridded rainfall dataset at monthly and annual time scales from the coarse-scaled (∼25 × 25 km) Indian Meteorological Data (IMD) using seven environmental variables (elevation, slope, wind speed, AET, Day-LST, Night-LST, and NDVI) retrieved from different open-source Earth Observation datasets in a semi-arid catchment in India. The MGWR-downscaled rainfall data (with residual correction) was calibrated with the rain-gauge data using the Geographical Ratio Analysis (GRA) and Geographical Difference Analysis (GDA) methods, and compared with the rain-gauge data of 2002, 2012, 2020, and 2002–2021 to evaluate the performance of these gridded-high resolution products in capturing the intra-annual variations under normal, dry, wet and average rainfall years, respectively. The GDA-calibrated monthly downscaled dataset with an r2 of 0.87, RMSE of 34.84 mm, and a bias of 0.12 demonstrated higher resemblance with the gauge data in comparison to the original-IMD gridded rainfall data (r2 = 0.65, 56.96 mm and 0.08) between 2002 and 2021. This was also supported from rainfall periodicity (estimated with Multi-Taper Method) and variability analysis, wherein GDA-calibrated downscaled dataset exhibited the highest likeness to the rain-gauge dataset. Groundwater Potential Zones (GWPZ) estimated from the original-IMD gridded rainfall data (∼25 × 25 km) had overestimated the ‘High’ and ‘Very High’ GWP zones and underestimated the ‘Moderate’ and ‘Low’ potential zones compared to the GDA-calibrated downscaled dataset. This indicates that the GDA-calibrated downscaled high-resolution rainfall data provides a more detailed representation of spatial rainfall variability, leading to improved delineation of the GWPZ. The approach outlined in this study is geographically scalable and can be used to bridge the high-resolution rainfall data gaps in other semi-arid regions for climate adaptation studies by improving estimation of water balance components, runoff, infiltration, and other key hydrological processes. © 2025 Elsevier B.V., All rights reserved.","High-resolution Gridded Rainfall; Open-source Earth Observation Data; Semi-arid Catchments; Spatial Downscaling; Agricultural Economics; Agricultural Robots; Agricultural Runoff; Arid Regions; Catchments; Data Accuracy; Economics; Information Management; Open Data; Rain; Regional Planning; Scales (weighing Instruments); Water Management; Wind; Down-scaling; Earth Observation Data; High Resolution; High-resolution Gridded Rainfall; Open-source; Open-source Earth Observation Data; Rainfall Data; Semi-arid Region; Semiarid Catchments; Spatial Downscaling; Rain Gages"
"Impact of high-intensity long-duration continuous auroral electrojet activity (HILDCAAs) on relativistic electrons in Earth's outer radiation belt during van allen probes era","2025","Advances in Space Research","10.1016/j.asr.2025.06.041","https://www.scopus.com/inward/record.uri?eid=2-s2.0-105008783777&doi=10.1016%2Fj.asr.2025.06.041&partnerID=40&md5=4ff830781f87b835a0cfdc6697816304","This study investigates the impact of High-Intensity Long-Duration Continuous Auroral Electrojet Activity (HILDCAA) on the relativistic electrons in the outer radiation belt of Earth. Utilizing in situ observations from the Van Allen Probe mission of NASA, we conducted a comprehensive analysis to understand the impact of HILDCAA events on the outer radiation belt electron fluxes. A superposed epoch analysis was performed to determine how relativistic electron fluxes respond to HILDCAA events as a function of L-shell, pitch angle, and energy. Results show a significant flux enhancement in the relativistic electron fluxes, predominantly occurring with a delay of 0 to 2 days following the onset of HILDCAA events. The general response indicates that the maximum energy of accelerated electrons reaches up to 6 MeV. Notably, electrons with perpendicular pitch angles exhibit greater enhancement than field-aligned populations, implying a critical role for pitch angle-dependent acceleration mechanisms. While the very-low frequency (VLF) waves, specifically chorus waves, also showed enhanced power during the HILDCAA period, the time-delayed and pitch angle-dependent response related to the onset of HILDCAAs highlights the significant influence of wave-particle interactions, particularly driven by ultra-low frequency (ULF) waves in this context. Rather than classical radial diffusion, typically requiring coherent ULF wave structures, the observed acceleration is likely facilitated by persistent, enhanced ULF wave activity, even in the presence of partial incoherence. This is further supported by ground-based magnetometers and in situ magnetic field observations from the RBSP probe, which demonstrated enhanced power of ULF waves during HILDCAA events. These findings reinforce the pivotal role of ULF waves in particle acceleration processes of the outer radiation belt, with implications for satellite operations and other space-based technologies, both on Earth and in the magnetospheres of other planets. © 2025 Elsevier B.V., All rights reserved.","Hildcaa; Magnetospheric Waves; Particle Acceleration; Radiation Belts; Acceleration; Atmospherics; Electromagnetic Waves; Electrons; Geomagnetism; Magnetohydrodynamics; Nasa; Particle Accelerators; Probes; Auroral Electrojets; High Intensity; High-intensity Long-duration Continuous Auroral Electrojet Activity; Long Duration; Low-frequency Waves; Magnetospheric Wave; Magnetospherics; Particle Acceleration; Relativistic Electron; Ultra Low Frequencies; Radiation Belts"
"Land degradation processes in coastal watersheds in northeastern Brazil: a GIS-based assessment","2025","Advances in Space Research","10.1016/j.asr.2025.06.026","https://www.scopus.com/inward/record.uri?eid=2-s2.0-105008781373&doi=10.1016%2Fj.asr.2025.06.026&partnerID=40&md5=6c227fbc4cb574e1fa9c49db315d4cbf","Watersheds play a fundamental role in the hydrological cycle, providing essential resources for societal development and supporting human, economic, and social activities. This study aimed to identify the spatial dimension of degradation in watersheds in the northeastern Brazil's coastal region. Cartographic modeling techniques were applied using a Geographic Information System based on a set of variables gathered from various sources. The results showed that extensive agricultural practices, such as grazing and sugarcane cultivation, have negative impacts, contributing to increased soil degradation. The analysis identified more degraded areas in the Rio Capibaribe watershed, which stands out for having a moderately degraded class in transition to degraded. Meanwhile, the Metropolitan Sul and Norte watersheds exhibit lower degradation levels but experience strong urban influence, highlighting distinct environmental pressures in different regions. Additionally, human activities such as livestock farming, agriculture, and urban expansion were identified as the primary drivers of environmental degradation, exacerbating the fragmentation of natural ecosystems. The findings highlight the urgent need for public ecosystem restoration policies that promote sustainable natural resource use, encourage family farming, and integrate practical approaches to address the mapped environmental degradation. © 2025 Elsevier B.V., All rights reserved.","Cartographic Modeling; Environmental Degradation; Natural Resources; Spatial Analysis; Ecosystems; Geographic Information Systems; Maps; Natural Environment; Sustainable Development; Watersheds; Cartographic Modelling; Coastal Watersheds; Degradation Process; Economic Activities; Human Activities; Human Economics; Hydrological Cycles; Land Degradation; Northeastern Brazil; Spatial Analysis; Cultivation"
"A novel load predicting scheme for the routing optimization in TDMA-based inter-satellite networks","2025","Advances in Space Research","10.1016/j.asr.2025.06.020","https://www.scopus.com/inward/record.uri?eid=2-s2.0-105008502535&doi=10.1016%2Fj.asr.2025.06.020&partnerID=40&md5=1e270a7d6e8e4884bd44fa9994e2c9ca","The inter-satellite links in navigation constellations typically adopt a time-division multiple access (TDMA) to balance the needs for ranging and data transmission. However, the TDMA-based inter-satellite network experiences significant transmission waiting delays and high dynamics during data transmission. When the data volume of the navigation service is large, packet loss may occur. In order to solve the multi-objective optimization problem of network transmission delay and packet loss rate, this paper proposes a dynamic network routing adjustment strategy based on load prediction. In this regard, a novel network load prediction method based on a hybrid architecture of long short-term memory (LSTM), dynamic graph convolutional networks (DGCN), and a residual connection (ResConn) is presented. This method further enhances the traditional Floyd routing algorithm based on predicted network load data. The simulation results show that the proposed LSTM + DGCN + ResConn model achieves a root mean square error (RMSE) of 2.81 on the test set, which is significantly lower than that of other models. The improved Floyd routing algorithm, based on load prediction, reduces the loss rate of network packets from 0.93% to 0.18%, with only a slight increase in data transmission delay. The percentage of transmission delays less than 30 s exceeds 99%. These results demonstrate that the model can effectively predict the load of TDMA networks, and the enhanced Floyd algorithm employs load prediction data to alleviate network congestion, resulting in a notable decrease in packet loss rates and an enhancement of network reliability, all while maintaining transmission delays within an acceptable threshold. © 2025 Elsevier B.V., All rights reserved.","Inter-satellite Networks; Load Predicting; Navigation System; Routing Optimization; Communication Satellites; Data Communication Systems; Data Transfer; Electric Load Loss; Forecasting; Long Short-term Memory; Loss Of Load Probability; Mean Square Error; Navigation; Network Architecture; Packet Loss; Routing Algorithms; Satellite Communication Systems; Time Division Multiple Access; Data-transmission; Inter-satellite Network; Load Predicting; Load Predictions; Network Load; Packets Loss Rate; Routing Optimization; Satellite Network; Short Term Memory; Time-division Multiple Access; Navigation Systems"
"Examining the altitude dependence of meteor head echo plasma distributions with EISCAT and MAARSY","2025","Advances in Space Research","10.1016/j.asr.2025.06.056","https://www.scopus.com/inward/record.uri?eid=2-s2.0-105009882781&doi=10.1016%2Fj.asr.2025.06.056&partnerID=40&md5=5f3f1f5dbe560aa039c8480c24ddde78","A radar campaign with High Power Large Aperture (HPLA) radars in northern Norway was performed for the Geminids 2022 meteor shower to make measurements of meteor head echoes. The MAARSY (53.5 MHz), EISCAT VHF (224 MHz), and EISCAT UHF (930 MHz) radars were all operated in a zenith pointing direction. The field-of-views for the EISCAT VHF and EISCAT UHF radars were approximately coincident. A novel meteor head echo processing algorithm was implemented for the EISCAT Manda experiment mode, providing details on the meteor head echo range, Doppler shift, and signal-to-noise ratio (SNR). The occurrence rate of meteor head echo detections for the three different systems were determined as a function of altitude. To investigate the differences in the meteor head echo detection rates, simultaneously detected meteors from the EISCAT VHF and EISCAT UHF were further examined. An altitude dependence of SNR difference between the EISCAT systems was identified and attributed to changes in the atmospheric mean free path. This data was used to determine a plasma density decay rate as a function of r−χ, where r is the distance from the center of the meteoroid. χ was found to have a value of between 2 to 4 (1/r2 to 1/r4). The meteor head echo detection rate differences between MAARSY, EISCAT VHF, and EISCAT UHF systems can be explained using this plasma density decay rate when the relative radar sensitivities and Rayleigh scattering effects are considered. The results have important implications for the determination of the initial mass of incoming meteoroids and the associated mass-loss rates during ablation. © 2025 Elsevier B.V., All rights reserved.","Atmospheric Mean Free Path; Geminids Meteor Shower; High Power Large Aperture Radars; Mesosphere Lower Thermosphere; Meteor Ablation; Meteor Head Echoes; Ablation; Correlation Detectors; Decay (organic); Plasma Density; Tracking Radar; Uhf Devices; Atmospheric Mean Free Path; Geminids Meteor Shower; Head Echoes; High Power; High Power Large Aperture Radar; Large Aperture Radars; Mean-free Path; Mesosphere-lower Thermospheres; Meteor Ablation; Meteor Head Echo; Signal To Noise Ratio"
"Space plasma precipitation and repelling processes by field-aligned electrostatic potential in auroral arc and hole in the terrestrial polar regions","2025","Advances in Space Research","10.1016/j.asr.2025.06.037","https://www.scopus.com/inward/record.uri?eid=2-s2.0-105009697208&doi=10.1016%2Fj.asr.2025.06.037&partnerID=40&md5=b14bee3e1111ccf431f2cd6aa3029797","Electric fields along local magnetic field line are one of effective mechanisms for accelerating space plasmas, as represented by the cases of neutron stars and planetary auroras. In the terrestrial polar regions, anti-earthward electrostatic fields along geomagnetic field lines can accelerate electrons in space plasmas into the Earth's upper atmosphere, generating bright and dynamic auroras characterized by arcs, curtains, curls, etc. One of the acceleration mechanisms producing “inverted V”-shaped features in energy-time/latitude distributions of precipitating auroral electrons, as observed in low-altitude space missions, is due to anti-earthward parallel electrostatic fields. The field-aligned electrostatic potentials, ranging from tens of volts to tens of kilo volts, are a consequence of the dynamo process generated in the dynamically changing magnetosphere. Our satellite instruments observed clear ion flux depletion in the energy range corresponding to localized field-aligned electrostatic potential above the satellite, which was coincidental with the electron precipitation forming the inverted-Vs. With advanced instruments onboard a microsatellite in low-altitude polar orbit, we detected recurring ion precipitation signatures accelerated by earthward parallel electrostatic fields, coinciding with electron flux depletion in the energy range smaller than the electrostatic potential. These precipitating ion signatures were observed in aurora-void regions, which we call “auroral holes” here, a conception newly defined after “coronal hole” of the Sun. These signatures provide persuasive double clues for the earthward electrostatic fields that accelerate ions toward the Earth and prevent electrons from penetrating the upper atmosphere although results in the past satellite missions might show the similar signatures. © 2025 Elsevier B.V., All rights reserved.","Auroral Arc; Electric Field; Field-aligned Current; Particle Acceleration; Satellite Observation; Space Plasma; Geomagnetism; Ions; Magnetoplasma; Orbits; Precipitation (chemical); Satellites; Space Flight; Upper Atmosphere; Aurorae; Auroral Arcs; Electrostatic Potentials; Energy Ranges; Field Aligned Currents; Low Altitudes; Particle Acceleration; Polar Regions; Satellite Observations; Space Plasmas; Electric Fields"
"A weighted mean temperature model by integrating FY-4B GIIRS and ERA5 reanalysis data","2025","Advances in Space Research","10.1016/j.asr.2025.06.007","https://www.scopus.com/inward/record.uri?eid=2-s2.0-105009645503&doi=10.1016%2Fj.asr.2025.06.007&partnerID=40&md5=70d0745e03b355ca2661b44da02577f0","Weighted mean temperature (T<inf>m</inf>) is a significant parameter of high-precision and high-resolution Global Navigation Satellite System Precipitable Water Vapor (GNSS PWV) inversion. We constructed an empirical T<inf>m</inf> model (called the FY-4BTm) by integrating the Fengyun-4B (FY-4B) Geostationary Interferometric Infrared Sounder (GIIRS) and the ERA5 reanalysis data provided by European Centre for Medium Range Weather Forecasts (ECMWF). Like other studies, the FY-4BTm empirical model takes into account multiple factors such as the longitude, latitude, and elevation, and at high spatial resolutions of 0.5° × 0.5°. When compared to the 102 radiosonde data in 2022, the annual mean bias and root mean square error (RMSE) of the FY-4BTm model are 0.53 K and 4.92 K, respectively. The FY-4BTm model performs better than the legacy Bevis and GPT3 models with an improvement of 2.09 K and 1.78 K in T<inf>m</inf> respectively, especially in the high-latitude regions of the western and northern parts of the study area (73°E ∼ 140°E, 3°N ∼ 55°N). Compared with the ERA5 reanalysis data in 2022, the FY-4BTm's annual mean bias and RMSE are 0.43 K and 4.16 K, respectively. Its precision is generally the best among the three models, but with a slightly lower stability than that of the Bevis model. With the PWV obtained from GNSS station as the reference, the FY-4BTm model also demonstrates well performance in PWV inversion, with annual mean bias ranging from 0 to 0.2 mm. Therefore, the FY-4BTm model will benefit a lot for GNSS PWV inversion without requiring the users to obtain additional meteorological data. © 2025 Elsevier B.V., All rights reserved.","Bevis Model; Era5; Fy-4b; Radiosonde Data; Weighted Mean Temperature; Data Integration; Geodetic Satellites; Global Positioning System; Infrared Devices; Mean Square Error; Meteorology; Weather Forecasting; Annual Mean; Bevi Model; Era5; Fy-4b; Mean Temperature; Radiosonde Data; Reanalysis; Temperature Modeling; Weighted Mean; Weighted Mean Temperature; Radiosondes"
"Simulation and validation of space deployable membrane structures using the absolute nodal coordinate formulation","2025","Advances in Space Research","10.1016/j.asr.2025.06.030","https://www.scopus.com/inward/record.uri?eid=2-s2.0-105009602337&doi=10.1016%2Fj.asr.2025.06.030&partnerID=40&md5=414660681f50abf09bcd22faefa733a5","Foldable membrane structures, with light weight and foldability, suit the trend of large-scale, lightweight spacecraft and are used in components like antennas and sunshades. This study models crease dynamics to analyze space deployable membrane structure deployment. A deployment model uses crease elements, including pre - configured ANCF shell elements, constraint and contact models, and a Particle Swarm Optimization (PSO) parameter - identification method. Experiments and simulations validate the model and analyze the structure. Tensile tests at high and low temperatures identify membrane and crease dynamic parameters. Single - crease deployment experiments and simulations verify the model's configuration accuracy. Simulations show the necessity of the inter - layer contact model. Multi - crease deployment experiments and simulations confirm the model's mechanical property correctness. Comparing high and low temperature simulations reveals low - temperature impacts on deployment. This paper presents an engineering feasible crease modeling method for space membrane structure design and optimization. © 2025 Elsevier B.V., All rights reserved.","Ancf; Crease Dynamics; Dynamics Simulation And Experiment; Space Membrane Structure; Dynamics; Membrane Structures; Scales (weighing Instruments); Structural Design; Structural Optimization; Temperature; Tensile Strength; Absolute Nodal Coordinates; Ancf; Contact Modeling; Crease Dynamic; Dynamic Experiment; Dynamics Simulation; Highest Temperature; Lows-temperatures; Simulation And Validation; Space Membrane Structures; Tensile Testing"
"Precipitable water vapor retrieved from FY-3G/MWRI-RM observations using machine learning models","2025","Advances in Space Research","10.1016/j.asr.2025.05.081","https://www.scopus.com/inward/record.uri?eid=2-s2.0-105009460211&doi=10.1016%2Fj.asr.2025.05.081&partnerID=40&md5=2897725247e1de801354e3e9873d9434","Water vapor is an essential component of the Earth's atmosphere, and accurate retrieval of precipitable water vapor (PWV) is critical to understanding the Earth's climate and hydrological cycle. In this study, we use the global Fengyun-3G/Micro-Wave Radiation Imager-Rainfall Mission (FY-3G/MWRI-RM) L1 data from October 2023 to August 2024 to construct a high-precision PWV retrieval model. Three machine learning algorithms are used to construct our models: Random Forests (RF), Light Gradient Boosting Machine (Light GBM), and Gradient Boosting Regression (GBR), due to their ability to handle complex relationships between brightness temperature data and PWV retrieval with high precision. Then, the precision of retrieved PWV is evaluated using the fifth generation of European Centre for Medium-Range Weather Forecasts Atmospheric Reanalysis (ERA5) PWV and radiosonde PWV. Light GBM demonstrated the highest accuracy with root-mean-square error (RMSE) of 2.151 mm over the ocean compared to ERA5 PWV, outperforming GBR and RF. RF demonstrated the highest accuracy with RMSE of 2.323 mm over land compared to ERA5 PWV, outperforming Light GBM and GBR. In addition, this study compares the FY-3G/MWRI-RM PWV with Advanced Microwave Scanning Radiometer 2 (AMSR2) TPW and AMSR2 PWL. FY-3G/MWRI-RM retrieved PWV demonstrated higher precision compared to AMSR2 water vapor products when validated against ERA5 PWV. © 2025 Elsevier B.V., All rights reserved.","Era5; Fy-3g/mwri-rm; Radiosonde; Water Vapor; Adaptive Boosting; Atmospheric Humidity; Decision Trees; Learning Systems; Machine Learning; Mean Square Error; Microwave Devices; Random Forests; Weather Forecasting; Advanced Microwave Scanning Radiometer; Era5; Fy-3g/mwri-rm; Gradient Boosting; High-precision; Light Gradients; Precipitable Water Vapour; Water Vapor Retrieval; Water Vapour; Water Vapor"
"Multi-satellite mission allocation and scheduling method for large-scale problem","2025","Advances in Space Research","10.1016/j.asr.2025.05.067","https://www.scopus.com/inward/record.uri?eid=2-s2.0-105009389885&doi=10.1016%2Fj.asr.2025.05.067&partnerID=40&md5=f6fec1b1e9daa93712e12558c4d5e2e9","The application of multiple agile earth observation satellites (multi-AEOSs) in handling large-scale observation missions has garnered widespread attention. This paper presents the potential game-based allocation method (PGAM) for the large-scale problem of multi-AEOSs constellation. First, the mission planning process is divided into two phases, including mission allocation for the whole constellation and mission scheduling for individual EOSs. A heuristic collaborative mechanism is designed to balance the maximization of observation targets and minimization of waiting time, based on AEOS entry sequence into the area of interest (AoI). The multi-AEOS mission allocation problem is then transformed into a generalized ordinal potential game (GOPG). Consequently, the Nash equilibrium (NE) is rigorously proved to be obtainable. Finally, the local strategy search algorithm (LSSA) is introduced for scheduling individual AEOSs in order to rapidly converging to the NE, in which two strategies combining global and local search are developed. The simulation results demonstrate that the PGAM-LSSA outperforms the competing algorithms in various instances. © 2025 Elsevier B.V., All rights reserved.","Game Theory; Large-scale Problem; Mission Allocation; Mission Scheduling; Multi-agent System; Computation Theory; Multi Agent Systems; Optimization; Scheduling Algorithms; Allocation Methods; Earth Observation Satellites; Game-based; Large-scale Problem; Local Strategies; Mission Allocation; Mission Scheduling; Multiagent Systems (mass); Nash Equilibria; Potential Games; Game Theory"
"Global patterns of equatorial plasma bubbles from ICON data","2025","Advances in Space Research","10.1016/j.asr.2025.06.055","https://www.scopus.com/inward/record.uri?eid=2-s2.0-105009371483&doi=10.1016%2Fj.asr.2025.06.055&partnerID=40&md5=cf717dd132c8ca9338abb2765382aaf3","Equatorial plasma bubbles (EPBs) are ionospheric depletions that can disrupt satellite communication and navigation systems. This study examines the longitudinal, seasonal, and geomagnetic variability of EPBs using the full ion density dataset from NASA's Ionospheric Connection Explorer (ICON) mission. A dual-parameter detection method, combining the σ index (σ⩾0.5) and a relative ion density depletion condition (ΔN<inf>i</inf><0), was applied to identify EPBs from 2020 to 2022. The analysis focused on pre-midnight (18:00–23:00 SLT) observations within ±10∘ magnetic latitude, with post-midnight (00:00–05:00 SLT) data included to compare responses under disturbed conditions. Pre-midnight EPBs were especially frequent over South America and the Atlantic sector, where occurrence rates peaked. However, high EPB activity was also observed in other regions, particularly the Indian, Southeast Asian, and East Asian sectors, during equinoxes, consistent with established climatology and the role of solar terminator alignment with the geomagnetic field. EPB occurrence rates were highest in 2022 and lowest in 2020, reflecting increasing solar activity during the ascending phase of Solar Cycle 25. Seasonally, occurrence was highest during the equinoxes, although a December solstice maximum was observed over South America. Under geomagnetically disturbed conditions, pre-midnight EPB rates declined modestly, particularly over South America, though not significantly at the global scale. In contrast, post-midnight EPBs showed a statistically significant increase during disturbed periods. These findings illustrate clear regional and local time dependencies in EPB responses to geomagnetic variability during the early years of the ascending phase of Solar Cycle 25. © 2025 Elsevier B.V., All rights reserved.","Equatorial Plasma Bubbles; Geomagnetic Activity; Icon; Ionospheric Irregularities; Seasonal Variability; Geomagnetism; Ionosphere; Ionospheric Measurement; Magnetoplasma; Navigation Systems; Satellite Communication Systems; Solar Energy; Condition; Equatorial Plasma Bubble; Geomagnetic Activities; Geomagnetics; Global Patterns; Ionospheric Connection Explorer; Ionospheric Irregularities; Seasonal Variability; Solar Cycle; South America; Nasa"
"Long-term lake water levels in central Chile using satellite altimetry and conceptual hydrological modelling approaches","2025","Advances in Space Research","10.1016/j.asr.2025.05.091","https://www.scopus.com/inward/record.uri?eid=2-s2.0-105009321021&doi=10.1016%2Fj.asr.2025.05.091&partnerID=40&md5=75f5bf1ce6ee80fd8b17d507c11a3b1b","Lakes play a vital role in biodiversity conservation and water regulation but are increasingly affected by climate change and human activity. Despite their importance, long-term water level (WL) records remain scarce for most lakes in the Southern Hemisphere. This study introduces a novel conceptual modeling framework for reconstructing WL dynamics, applied to Lake Lanalhue in south-central Chile over the period 1950–2022. The approach integrates satellite altimetry (Sentinel-3A), validated against in-situ WL data, with global hydroclimatic datasets (ERA5-Land, GLEV, TerraClimate). Validation against altimetric records (2016–2023) shows strong agreement (R2 = 0.71; NRMSE = 0.11 m). Precipitation emerges as the dominant seasonal driver (R2 = 0.86), while evaporation exerting a lagged secondary influence (R2 = 0.67). Climate oscillations modulate variability across distinct temporal scales: ENSO drives high-frequency interannual fluctuations (R = 0.37), while the Antarctic Oscillation (AAO) governs lower-frequency variability (≥5 years; R = 0.60–0.64). A long-term WL decline of ∼5 cm per year is attributed to reduced precipitation and regional warming, amplified by AAO-related circulation changes. The proposed framework offers a scalable, low-cost tool for reconstructing water levels in under-monitored lakes, supporting climate adaptation, environmental management, and long-term hydrological monitoring in remote, data-scarce regions. © 2025 Elsevier B.V., All rights reserved.","Climate; Era5; Lake Level; Long-term; Monitoring; Satellite Altimetry; Aneroid Altimeters; Biodiversity; Climate Change; Earth (planet); Environmental Management; Geodetic Satellites; Information Management; Water Conservation; Antarctic Oscillation; Central Chile; Climate; Era5; Hydrological Models; Lake Levels; Lake Water Level; Long-term; Modeling Approach; Satellite Altimetry; Digital Storage; Lakes"
"Design and test of ceramic knife-edge seal for in-situ heating system of extracting volatile matter from lunar soil","2025","Advances in Space Research","10.1016/j.asr.2025.05.095","https://www.scopus.com/inward/record.uri?eid=2-s2.0-105009319546&doi=10.1016%2Fj.asr.2025.05.095&partnerID=40&md5=9aa0b12265bd51c241b782944f52d4a3","In the pursuit of accurate lunar soil volatile exploration, in-situ deep space sampling analysis offers unparalleled preservation of sample integrity. A critical challenge lies in ensuring a secure sealing environment. This paper introduces an innovative sealing method utilising a ceramic blade to compress a non-metallic seal. Initially, following a comprehensive multidimensional evaluation of sealing configurations, the ceramic knife-edge compression non-metallic sealing ring solution was determined to be optimal. This approach involves positioning the sealing ring within a grooved cylindrical heating furnace body, where radial compression is achieved through an annular ceramic knife-edge interface, thereby ensuring hermetic integrity. Subsequently, a sealing leakage model grounded in Roth theory was developed to elucidate micro-leakage mechanisms. ANSYS simulation software was utilised to investigate the influence of blade tip radius and temperature, revealing correlations with average stress and contact width, as well as the impact of temperature extremes on sealing efficacy. These findings provided the theoretical underpinning for subsequent ground tests. A dedicated test platform was established, adhering to the industry standard QJ3089A-2018, to evaluate the sealing performance of various seal and blade tip radius combinations under diverse conditions. Results indicated that, under a force of 500 N, PTFE seals compressed by an R0.5 mm blade and PVMQ seals compressed by an R0.6 mm blade achieved leakage rates on the order of 10−8 Pa m3 s−1, aligning with theoretical predictions and demonstrating repeatable sealing capability. This study presents a novel and reliable sealing solution for the precise exploration of lunar soil volatiles, offering a technical breakthrough and robust sealing strategy for future deep space missions. © 2025 Elsevier B.V., All rights reserved.","Ceramic Knife-edge; Ground Test; Non-metal Seal Ring; Resealable Design; Ceramic Materials; Computer Software; Hermetic Seals; Interplanetary Flight; Sealing (closing); Soil Surveys; Soil Testing; Soils; Ceramic Knife-edge; Ground Tests; Knife Edge; Lunar Soil; Non-metal Seal Ring; Non-metallic; Non-metals; Resealable Design; Seal Rings; Sealing Ring; Lunar Missions"
"Analytical calculation of the degree of linear polarization of the OI 6300 Å red line radiation in the auroral region of the Earth's ionosphere excited by protons","2025","Advances in Space Research","10.1016/j.asr.2025.05.085","https://www.scopus.com/inward/record.uri?eid=2-s2.0-105009052207&doi=10.1016%2Fj.asr.2025.05.085&partnerID=40&md5=9f8f40a6437272ce8d078f22b011b998","The degrees of linear polarization of the OI 6300 Å oxygen atom line in the auroral region (near the poles) of the Earth's ionosphere are analytically calculated. The parameters of the anisotropic proton distribution corresponding to the measured polarization are found. The dependences of the degree of linear polarization on the parameters of the proton distribution function near the poles of the Earth's ionosphere are analyzed. © 2025 Elsevier B.V., All rights reserved.","Auroral Region; Ionosphere; Linear Polarization; Proton Distribution Function; Spectropolarimetry; Polarization; Poles; Protons; Analytical Calculation; Auroral Region; Degree Of Linear Polarization; Distribution-functions; Line Radiation; Linear Polarization; Proton Distribution Function; Proton Distributions; Red Line; Spectropolarimetry; Distribution Functions"
"Rapid identification of time-varying aerodynamic parameters for aeroassisted vehicle via asynchronous iterative filtering","2025","Advances in Space Research","10.1016/j.asr.2025.06.012","https://www.scopus.com/inward/record.uri?eid=2-s2.0-105008990704&doi=10.1016%2Fj.asr.2025.06.012&partnerID=40&md5=c4ab77469a0b045130a51255e6efc64a","Aeroassisted maneuver represents a promising low-energy and high-efficiency maneuvering mode for orbital operations. Nonetheless, this maneuver necessitates that the vehicle traverse through unstable atmospheric conditions within a short timeframe to achieve orbital energy modulation. Such conditions imply that precise and time-varying aerodynamic parameters are critical to the accuracy of the dynamic model, and consequently, the safety of the flight. This paper proposes a methodology for identifying time-varying aerodynamic parameters through asynchronous iterative filtering. The effectiveness of this approach is demonstrated under various initial states and aerodynamic parameters, validating both its speed and robustness. Initially, to swiftly and accurately ascertain the initial values of aerodynamic parameters and state quantities in situations where these parameters are unknown and the vehicle state has an initial error, a time-synchronized initial value determination strategy is designed for the flight's beginning phase. Following this, an asynchronous iterative filter is developed by incorporating time delay characteristics from dynamic system theory, enabling rapid and accurate tracking of the time-varying aerodynamic parameters throughout the subsequent flight process. Finally, Monte Carlo simulation analyses are conducted across multiple typical aeroassisted maneuver scenarios. These simulations illustrate the identification effectiveness of the proposed method under various initial states and aerodynamic parameters, thereby confirming its speed and robustness. © 2025 Elsevier B.V., All rights reserved.","Aeroassisted Maneuver; Aerodynamic Parameter Identification; Asynchronous Iterative Filtering; Time-varying Parameters; Aeroassist; Aerodynamics; Aerospace Vehicles; Information Dissemination; Iterative Methods; Large Scale Systems; Maneuverability; Monte Carlo Methods; Parameter Estimation; System Theory; Time Varying Control Systems; Aeroassisted Maneuvers; Aerodynamic Parameter Identification; Aerodynamic Parameters; Asynchronous Iterative; Asynchronous Iterative Filtering; Initial State; Iterative Filtering; State Parameters; Time Varying; Time Varying Parameter; Intelligent Systems"
"An investigation into the development of equatorial plasma bubbles (EPBs) through satellite traces (STs) using ionosonde observations","2025","Advances in Space Research","10.1016/j.asr.2025.06.017","https://www.scopus.com/inward/record.uri?eid=2-s2.0-105008977904&doi=10.1016%2Fj.asr.2025.06.017&partnerID=40&md5=1c7b27b0ae8a83a616b171ac84dc9d1e","This study examines the role of Satellite Traces (STs) in ionograms as a precursory signature of Equatorial Plasma Bubbles (EPBs) and Equatorial Spread F (ESF) irregularities. Using digital ionosonde observations from Tirunelveli (8.7°N; 77.8°E; 1.7°N Dip Lat), an equatorial station, we analyzed the occurrence of STs and their association with EPB development during the descending phase of the solar cycle (2014–2020). STs appear as oblique echoes in ionograms, originating from the upwelling walls of Large Scale Wave Structures (LSWS). We examined the role of STs in ESF occurrence, considering solar flux, seasonal, and temporal variations. Our analysis shows that STs frequently occur between 19:00 and 20:00 IST across all solar activity levels and are strongly correlated with post-sunset EPBs. The average time delay between ST appearance and ESF onset is around 30 min, suggesting that STs provide an early indication of EPB development. Additionally, we examined the role of bottomside h'F variations in ESF occurrence across different seasons and solar activity conditions. STs are also linked to post-midnight EPBs, particularly during low solar activity, even when Pre-reversal enhancement (PRE) is weak. These results demonstrate that STs serve as a reliable precursory signature of EPB, improving our ability to anticipate ESF occurrence. The findings enhance our understanding of STs and ESF occurrence during post-sunset and post-midnight hours, contributing to better ionospheric monitoring. *Corresponding author. © 2025 Elsevier B.V., All rights reserved.","Equatorial Spread F (esf); Satellite Traces (sts); Seasonal Variability Of Sts; Solar Flux; Sts With Or Without Esf; Radiosondes; Satellites; Solar Radiation; Equatorial Plasma Bubble; Equatorial Spread F; Ionosonde Observations; Satellite Trace; Satellite Trace With Or Without Equatorial Spread F; Seasonal Variability; Seasonal Variability Of Satellite Trace; Solar Flux; Solar Energy"
"Short-term space occupancy and conjunction filter","2025","Advances in Space Research","10.1016/j.asr.2025.06.040","https://www.scopus.com/inward/record.uri?eid=2-s2.0-105008938752&doi=10.1016%2Fj.asr.2025.06.040&partnerID=40&md5=f38623d46af5898b35b6c8daebff2675","Conjunction analysis (CA) for resident space objects (RSOs) is essential for preventing collisions in an increasingly crowded orbital environment and preserving the operational integrity of satellites. A first and fundamental step in the CA process is to estimate the range of altitudes that each object can occupy throughout an operational screening time of, typically, a few days. In this paper, a method is proposed to analytically evaluate such range of altitudes in a zonal problem model and for a time horizon of generic duration thereby generalizing the concept of space occupancy (SO) introduced in a recent work. The proposed method is exploited to construct a new conjunction filter that considerably improves the classical apogee-perigee filter routinely employed in CA. The effectiveness of the new filter is assessed in a low-Earth orbit (LEO) scenario using a high-fidelity perturbation model across a broad spectrum of orbits and conjunction geometries. © 2025 Elsevier B.V., All rights reserved.","Apogee-perigee Filter; Satellite Conjunction Screening; Space Occupancy; Perturbation Techniques; Analysis Process; Apogee-perigee Filter; Earth Orbits; High-fidelity; Orbital Environments; Problem Models; Satellite Conjunction Screening; Space Objects; Space Occupancy; Time Horizons; Orbits"
"A random forest-based combinatorial optimization model for altitude-dependent vertical correction of precipitable water vapor in China","2025","Advances in Space Research","10.1016/j.asr.2025.05.039","https://www.scopus.com/inward/record.uri?eid=2-s2.0-105008881382&doi=10.1016%2Fj.asr.2025.05.039&partnerID=40&md5=7c4a0473fedf6504223e15120ed1cd2f","Accurate precipitable water vapor (PWV) is crucial for studying climate change and weather forecasting. Most existing PWV lapse rate models primarily account for periodic variations, ignoring nonlinear factors, which limits accuracy improvements in PWV correction. To address this, this study proposes a combinatorial optimization random forest PWV correction model (RFPWVC) in China. The model takes into account seasonal and intraday variations by leveraging harmonic functions derived from ERA5 data (2010–2018). In addition, it introduces a random forest algorithm to capture the nonlinear components of PWV lapse rates. The accuracy and applicability of the new model are evaluated using radiosonde PWV data over China from 2019 to 2022, and compared with two existing models: the common PWC correction model (CPWVC), which accounts for periodic temporal variation, and the empirical PWV correction model (EPWVC), which uses a fixed lapse rate of −0.5 mm/km. The results show that the root mean square error (RMSE) of the PWV lapse rate of RFPWVC is 0.12 mm/km with respect to the radiosonde lapse rate, achieving a reduction of 25.7 % and 15.1 % compared with that of CPWVC (0.16 mm/km) and EPWVC (0.14 mm/km), which could significantly improve the accuracy of climate models and weather forecasting in complex terrains. Furthermore, the mean RMSE of PWV for the RFPWVC, CPWVC and EPWVC models are 1.72 mm, 1.96 mm and 2.16 mm, indicating that proposed model outperforms existing approaches. The new model also significantly enhances PWV vertical extrapolation, particularly above 3 km where atmospheric water vapor exhibits greater variability due to altitude-related nonlinearities, and demonstrates a clear advantage in the Qinghai-Tibet Plateau and Yunnan-Guizhou Plateau. The RFPWVC reduces the propagation of nonlinear errors of lapse rate when extrapolating PWV at different altitudes in China, and can be used for fusion of PWV data from GNSS, radiosondes, and satellite observations, numerical weather prediction and regional climate research. © 2025 Elsevier B.V., All rights reserved.","Era5; Lapse Rate; Pwv; Radiosonde; Random Forest; Climate Change; Climate Models; Decision Trees; Extrapolation; Harmonic Functions; Iterative Methods; Mean Square Error; Random Forests; Water Vapor; Weather Forecasting; Correction Models; Era5; Lapse Rate; Nonlinear Factors; Optimization Models; Periodic Variation; Precipitable Water Vapour; Rate Models; Root Mean Square Errors; Radiosondes"
"Optimized YOLOv8 with multi-level attention for satellite image-based landslide detection","2025","Advances in Space Research","10.1016/j.asr.2025.06.010","https://www.scopus.com/inward/record.uri?eid=2-s2.0-105008825577&doi=10.1016%2Fj.asr.2025.06.010&partnerID=40&md5=e71aec361405731ee65900941499e6ba","Detecting landslide events presents a significant challenge in remote sensing, especially as computer vision technologies continue to advance. Landslide detection from remotely sensed images has traditionally relied on manual or semi-automated processes. However, with the rapid development of computational resources, there has been a shift towards automatic methods leveraging deep learning algorithms. Moreover, attention models, inspired by the human visual system, have emerged substantially providing improved solutions for object detection-related problems especially, landslide mapping. Therefore, this research work introduces an enhanced YOLOv8 (nano (n), small (s), and medium (m)) network incorporating popular attention modules, specifically convolutional block attention module (CBAM), efficient channel attention (ECA), and shuffle attention (SA), for enhancing landslide detection accuracy using satellite images. The original YOLOv8 is improved by adding the attention layer discretely after the C2F module within the neck. The addition of an attention layer enables the model to concentrate on the most informative parts of the feature maps combining the capabilities of both channel and spatial attention mechanisms for detecting subtle landslide features. The experiments are conducted using the publicly available Bijie landslide detection database. Standard evaluation metrics, including precision, recall, F-score, and mean average precision (mAP), are used for quantitative analysis. Among the variants tested, YOLOv8n + ResCBAM demonstrates the most promising performance. This study underscores the model's efficacy in facilitating inventory preparation and precise landslide mapping for disaster recovery and response efforts, thereby supporting early prediction models. © 2025 Elsevier B.V., All rights reserved.","Cbam; Deep Learning; Landslides; Satellite Images; Yolov8; Automation; Computer Vision; Feature Extraction; Image Enhancement; Learning Algorithms; Learning Systems; Mapping; Object Detection; Remote Sensing; Satellite Imagery; Small Satellites; Computer Vision Technology; Convolutional Block Attention Module; Deep Learning; Image-based; Landslide Detection; Landslide Mapping; Multilevels; Remote-sensing; Satellite Images; Yolov8; Landslides"
"Relativistic electron scattering by high-frequency EMIC waves: Test-particle results using self-consistently generated wave fields","2025","Advances in Space Research","10.1016/j.asr.2025.06.014","https://www.scopus.com/inward/record.uri?eid=2-s2.0-105008795515&doi=10.1016%2Fj.asr.2025.06.014&partnerID=40&md5=8dbd67ad65e922e0745c1208e0e7010f","Theory and simulations predict that the resonant energy of radiation belt electrons interacting with electromagnetic ion cyclotron (EMIC) waves is typically ≳1 MeV, while experimental results suggest that EMIC waves should also be responsible for sub-MeV electron precipitation. The recent report of narrowband (Δf≲0.1f<inf>cp</inf>), high-frequency (0.9f<inf>cp</inf>≲f<f<inf>cp</inf>) EMIC waves—HFEMIC waves for short—suggests the possibility of sub-MeV electron scattering by these waves owing to their large wave frequency (f<inf>cp</inf> denoting the proton cyclotron frequency). To investigate this more quantitatively, we trace test electrons in the HFEMIC wave fields self-consistently generated from a hybrid simulation, and examine the advective and diffusive behaviors of the resultant interactions. Even though HFEMIC waves primarily occur in low density regions outside the plasmapause, the present results show that the wavenumber is large enough to reduce the resonant energy down to as low as several 100s keV. The resulting pitch angle scattering is primarily diffusive for the typical amplitude of HFEMIC waves, but the nonlinear effects also emerge when interacting with the largest-amplitude waves found in the magnetosphere. While the quasilinear theory correctly predicts the overall level of the pitch angle diffusion coefficient, the bounding energy is sensitively dependent on the dispersion relation used (and thus on the warm plasma effect). We expect that low-altitude measurements of energetic electron precipitation can distinguish its characteristic scattering signature, despite the low occurrence nature of HFEMIC waves. © 2025 Elsevier B.V., All rights reserved.","High-frequency Emic Waves; Pitch Angle Scattering; Relativistic Electron Scattering; Test-particle Tracing; Circular Waveguides; Cyclotron Radiation; Cyclotron Resonance; Electromagnetic Pulse; Electromagnetic Wave Scattering; Electron Scattering; Electrons; Plasma Waves; Precipitation (chemical); Electromagnetics; High-frequency Electromagnetic Ion Cyclotron Wave; High-frequency Electromagnetics; Ion Cyclotron Waves; Particle Tracing; Pitch-angle Scattering; Relativistic Electron; Relativistic Electron Scattering; Test Particles; Test-particle Tracing; Cyclotrons"
"Deep learning-based modeling and prediction of GNSS time series: A comparative analysis of adaptive optimization algorithms","2025","Advances in Space Research","10.1016/j.asr.2025.06.018","https://www.scopus.com/inward/record.uri?eid=2-s2.0-105008774304&doi=10.1016%2Fj.asr.2025.06.018&partnerID=40&md5=618902b7dfc26b2f904ae3a3a9ef8969","In this research, optimization algorithms with adaptive learning rates on Global Navigation Satellite System (GNSS) time series data are comparatively investigated. For this purpose, five years of GNSS measurement data obtained from the AGRD station located in the Ağrı province of Türkiye were used and incorrect or missing records were detected for a total of 251 days in the dataset. After the missing data were completed using the linear interpolation method, a total of ten different deep learning methods and four different adaptive optimization algorithms (Adam, Adagrad, RMSprop and AdamW) were used to develop separate prediction models and performance evaluations were performed. When the performance of the best combination, the Adam optimized-GRU model, was evaluated based on Root Mean Square Error (RMSE) values, it was found to be 1.58 mm, 1.36 mm and 3.07 mm for the north, east and up components, respectively. When evaluated according to the Mean Absolute Error (MAE) value, it was found to be 1.20 mm, 1.05 mm, 2.33 mm, respectively. As a result of the comprehensive analyses, it has been revealed that Adam and AdamW algorithms are more effective than the others among the adaptive optimization algorithms examined and the deep learning models optimized with these algorithms exhibit superior prediction performance on GNSS time series data. It is thought that the results obtained from this study will be an important reference on adaptive learning optimization algorithms for future studies in the field of GNSS time series and deep learning and will guide the research on the subject. © 2025 Elsevier B.V., All rights reserved.","Adaptive Learning Optimization; Deep Learning; Gnss; Time Series; Deep Learning; Forecasting; Interpolation; Learning Algorithms; Learning Systems; Mean Square Error; Optimization; Prediction Models; Time Series Analysis; Adaptive Learning; Adaptive Learning Optimization; Adaptive Optimization Algorithm; Global Navigation Satellite Systems; Learning Optimizations; Optimization Algorithms; Prediction Performance; Time-series Data; Times Series; Time Series"
"Spacecraft maneuver detection based on nonlinear uncertainty propagation along decussated orbital arc","2025","Advances in Space Research","10.1016/j.asr.2025.06.013","https://www.scopus.com/inward/record.uri?eid=2-s2.0-105008773409&doi=10.1016%2Fj.asr.2025.06.013&partnerID=40&md5=6d9e645ac2d35070d1efc14f07d545d8","This paper presents a method for detecting on-orbit spacecraft maneuvers using nonlinear orbital uncertainty propagation. The combined Gaussian mixture model and unscented transform method are used to propagate the orbital uncertainty associated with state estimation errors. This method accounts for potential non-Gaussian effects of the mapping uncertainty through nonlinear orbital dynamics and is applicable to arbitrary dynamical models. Forward orbital uncertainty propagation is used to determine whether an orbital anomaly exists between two observed states, and backward uncertainty propagation is then used to confirm whether the latter observed state was produced by a maneuver between the two observations. The proposed method can detect whether an orbital anomaly has occurred between two sequential orbital states, and uses data association to identify whether the two observations are of the same space object separated by an orbital maneuver. Numerical results show that the proposed method can successfully solve the problem of orbit association after impulsive maneuvers. © 2025 Elsevier B.V., All rights reserved.","Nonlinear Uncertainty Propagation; Orbital Maneuver; Space Situational Awareness; Spacecraft Maneuver Detection; Gaussian Distribution; Gaussian Noise (electronic); Interplanetary Flight; Object Recognition; State Estimation; Uncertainty Analysis; Maneuver Detection; Nonlinear Uncertainties; Nonlinear Uncertainty Propagation; Orbital Maneuvers; Orbitals; Space Situational Awareness; Spacecraft Maneuver Detection; Spacecraft Maneuvers; Uncertainty Propagation; Orbits"
"Enhanced PPP based on optimization of GNSS broadcast ionospheric model using robust and adaptive constraint","2025","Advances in Space Research","10.1016/j.asr.2025.06.015","https://www.scopus.com/inward/record.uri?eid=2-s2.0-105008759185&doi=10.1016%2Fj.asr.2025.06.015&partnerID=40&md5=e69cd7bb60530994b935bdc31a811fdd","Current uncombined (UC) precise point positioning (PPP) with ionospheric constraints mainly relies on Global Ionosphere Maps (GIM), facing two key issues: (1) irrational weighting of virtual ionospheric observations degrades PPP performance; (2) insufficient real-time capability. This study proposes a new method using the GNSS broadcast ionospheric model with robust adaptive constraints to improve UC PPP, preventing unreasonable weighting of virtual ionospheric observations and enhancing positioning performance. To validate the method, GNSS data from 27 global stations during ionospheric calm/disturbed periods are utilized. The UC PPP is conducted with three ionospheric models: Global Ionosphere Maps (GIM), BeiDou global broadcast ionospheric delay correction model (BDGIM), and GPS Klobuchar model (GKlob). For single-frequency UC PPP, the effects of stepwise relaxation constraints and robust adaptive stepwise relaxation constraints on positioning accuracy and convergence time are analyzed. Results indicate that traditional stepwise relaxation constraints prolong convergence and cause solution failures under active ionospheric conditions, whereas the robust adaptive constraint method alleviates performance degradation from irrational weighting. Global-scale analysis demonstrates significant convergence acceleration: UC-BDGIM reduces average convergence time by 5.84 min, and UC-GKlob by 2.31 min. © 2025 Elsevier B.V., All rights reserved.","Broadcast Ionosphere Model; Convergence Speed; Prior Variance; Robust And Adaptive Stepwise Relaxation Constraints; Uc Ppp; Broadcasting; Electromagnetic Wave Emission; Internet Protocols; Ionosphere; Ionospheric Measurement; Adaptive Constraints; Broadcast Ionosphere Model; Convergence Speed; Ionosphere Modeling; Ionospheric Model; Precise Point Positioning; Prior Variance; Robust Adaptive; Robust And Adaptive Stepwise Relaxation Constraint; Uncombined Precise Point Positioning; Global Positioning System; Uranium Compounds"
"Mission analysis for the first-ever Saturn Trojan 2019 UO14","2025","Advances in Space Research","10.1016/j.asr.2025.06.016","https://www.scopus.com/inward/record.uri?eid=2-s2.0-105008586056&doi=10.1016%2Fj.asr.2025.06.016&partnerID=40&md5=2040ee144da34df8ff8e649795357a06","In mid-2024, asteroid 2019 UO<inf>14</inf> was identified as the first-ever Saturn Trojan through ground-based archival observations and numerical simulations. Exploring this Trojan object with spacecraft may provide definitive information to elucidate the formation processes of our solar system. However, due to 2019 UO<inf>14</inf>’s significant orbital inclination relative to the ecliptic plane and its long orbital period of over 30 years, opportunities to visit this object may be limited to approximately every 15 years. This paper thoroughly investigates potential mission scenarios to the first Saturn Trojan, 2019 UO<inf>14</inf>, to determine the necessary launch window and spacecraft specifications. Initially, assuming a ballistic flight using chemical engines, a meta-heuristic global trajectory optimization algorithm has been developed that incorporates (powered) gravity-assist maneuvers and deep-space maneuvers. Analysis of all potential flyby sequences becomes possible through parallelized iterative search space pruning and evolutionary algorithms. The result indicates that flyby exploration is feasible with a launch window around 2034 and a ΔV ranging from 92 m/s to 1041 m/s within an 11-year mission duration, while a rendezvous can be achieved with a departure around 2035 and a ΔV of 2–3 km/s. Specifically, the itinerary via Saturn requires a ΔV of 2 km/s and a flight time of 24.6 years, while the route via Jupiter results in a ΔV of 3 km/s and a flight time of 13.4 years. Given that the orbital motion of outer solar system objects is relatively slow, low-thrust propulsion, which gradually accelerates the spacecraft, proves to be effective. Consequently, low-thrust trajectories to 2019 UO<inf>14</inf> were examined. The results demonstrate that a rendezvous can be accomplished with nearly the same departure epoch, time of flight, and ΔV as in the ballistic flight, suggesting that low-thrust propulsion is highly compatible with the rendezvous scenario, as it significantly reduces the propellant mass fraction. © 2025 Elsevier B.V., All rights reserved.","Asteroids; Exploration; Optimization; Saturn; Trajectory; Trojans; Ballistics; Evolutionary Algorithms; Gravitation; Heuristic Algorithms; Interplanetary Flight; Iterative Methods; Natural Resources Exploration; Orbits; Solar System; Space Rendezvous; Spacecraft Propulsion; Ecliptic Plane; Flight Time; Formation Process; Ground Based; Launch Window; Low-thrust Propulsion; Optimisations; Orbital Inclination; Saturn; Trojans; Asteroids; Optimization; Planets"
"Review on magnetic control technology of spacecraft relative motion","2025","Advances in Space Research","10.1016/j.asr.2025.06.003","https://www.scopus.com/inward/record.uri?eid=2-s2.0-105008566738&doi=10.1016%2Fj.asr.2025.06.003&partnerID=40&md5=5e23b91bd82b877b28fcfce7ff8c95ca","Spacecraft relative motion control with inter-craft magnetic force/torque has many advantages, such as no propellant consumption and plume contamination, while providing high-precision, continuous, reversible, synchronous, and non-contacting control capability. This technology has been exploited in many spacecraft operation fields, such as docking and separation, swarm flight, noncontact assembly and reconfiguration, etc. In October 2021, two papers on dexterous magnetic manipulation of conductive non-magnetic object were published in Nature, representing one of the novel developments in magnetic control and highlighting a research hotspot of orbit debris removal with rotating magnets. Aiming to reveal the physical mechanism, enabling technology and corresponding application, from introductions to dynamic modeling and dynamics analysis, magnetic device optimization design, control methods, ground and on-orbit experiments, this paper presents a comprehensive review on magnetic control technology of spacecraft relative motion. In addition, this paper also puts forward two key bottleneck problems of spacecraft relative motion magnetic control that need to be solved in the future: feasible magnetic control of far-distance objects and dexterous magnetic control of non-magnetic objects. © 2025 Elsevier B.V., All rights reserved.","Dynamics And Control Method; Feasible And Dexterous Magnetic Control; Magnetic Control; Spacecraft Relative Motion; Magnetic Devices; Motion Control; Spacecraft; Spacecraft Propulsion; Control Methods; Control Technologies; Dynamic Method; Dynamics And Control; Feasible And Dexterous Magnetic Control; Magnetic Control; Nonmagnetics; Relative Motion; Spacecraft Relative Motion; Orbits"
"The coupling effect of attitude motion, structural vibration and relative motion on the stability performance of attitude control of space solar power station","2025","Advances in Space Research","10.1016/j.asr.2025.06.019","https://www.scopus.com/inward/record.uri?eid=2-s2.0-105008537582&doi=10.1016%2Fj.asr.2025.06.019&partnerID=40&md5=167d2bce2bc474bf05f6c0292464a7a3","Space solar power station obtains solar energy in space, and transmits the energy to the ground for users to use through photoelectric conversion technology and microwave wireless energy transmission. It has three characteristics of super-large structure size, super-large structure flexibility, and a wide range of relative motion between subsystems, which makes the coupling effect between the attitude motion, structural vibration and relative motion of the space solar power station, affecting the stability effect of the attitude control system. By fully considering the characteristics of concentrator as the carrier of energy collection and conversion, the coupling dynamics model of space solar power station is constructed, the coupling terms in the coupling dynamics model is studied, and the key structural and kinematic parameters of the subsystems that affect the coupling degree are extracted. In addition, the state space model considering the coupling effect is derived, an attitude control system is proposed, which effectiveness is verified by simulation. The influence of key parameters on the stability of the system is analyzed in detail. The simulation results show that after the attitude control system is stabilized, the coupling effect makes the attitude deviation angle still change periodically. The main parameters affecting the coupling effect are the relative angular velocity of the subsystem, the rotation radius, the mass of the subsystem and the natural frequency, which have different degrees of influence on the change period and the change amplitude respectively. © 2025 Elsevier B.V., All rights reserved.","Attitude Control System; Coupling Dynamics Model; Relative Motion; Space Solar Power Station; Structural Vibration; Super Large Space Structure; Angular Velocity; Control System Stability; Control Systems; Dynamics; Electric Power System Stability; Motion Control; Photoelectricity; Power Control; Solar Energy; Space Applications; Space Platforms; State Space Methods; Structural Dynamics; Attitude Control System; Attitude Motions; Coupling Dynamic Model; Coupling Effect; Large Space Structure; Relative Motion; Space Solar Power Stations; Structural Vibrations; Super Large Space Structure; Vibration Motion; Attitude Control"
"A novel robust unscented Kalman filter for spacecraft attitude estimation","2025","Advances in Space Research","10.1016/j.asr.2025.06.002","https://www.scopus.com/inward/record.uri?eid=2-s2.0-105008528589&doi=10.1016%2Fj.asr.2025.06.002&partnerID=40&md5=3d7a60348f8e1339e2c8fd75996e9f56","The problems of packet dropping and non-Gaussian noise in spacecraft attitude estimation systems due to the influence of complex external environments are challenging topics. To solve this problem, a novel robust unscented Kalman filter (NRUKF) is proposed in this paper. First, an augmented model associated with the packet-dropping variable is constructed by designing the coefficient matrix. Then, a robust filter with a recursive process is designed based on the minimum error entropy criterion with fiducial points (MEE-FP). The prior estimates are given using the propagation equation, and the posterior estimates are given using the fixed-point iteration algorithm. Finally, the experimental results show that the proposed NRUKF has excellent performance when the spacecraft attitude estimation system suffers from packet dropping and non-Gaussian noise. © 2025 Elsevier B.V., All rights reserved.","Attitude Estimation; Fiducial Points; Kalman Filter; Minimum Error Entropy; Packet Dropping; Bandpass Filters; Communication Satellites; Entropy; Gaussian Noise (electronic); Iterative Methods; Navigation; Packet Loss; Attitude Estimation; Error-entropy; Estimation Systems; External Environments; Fiducial Points; Minimum Error Entropy; Non-gaussian Noise; Packet Dropping; Spacecraft Attitude Estimation; Unscented Kalman Filter; Kalman Filters"
"Spatiotemporal dynamics of refugees and displaced persons during the Russia-Ukraine conflict: a nighttime light remote sensing perspective","2025","Advances in Space Research","10.1016/j.asr.2025.06.009","https://www.scopus.com/inward/record.uri?eid=2-s2.0-105008519989&doi=10.1016%2Fj.asr.2025.06.009&partnerID=40&md5=4731fff179e7aa62280ec13c0bd49c83","The Russian-Ukrainian conflict, which commenced on 24 February 2022, has precipitated a significant substantial refugee and displaced person (R&DP) crisis. This study presents a novel methodological framework for analyzing the spatiotemporal dynamics of R&DP at a raster scale based on nighttime light (NTL) images and statistical data via data-driven models. We employed comprehensive trend analysis and spatial statistical methods to examine R&DP distribution patterns and their quantitative relationships with NTL radiance values. Data-driven models were developed to quantify the relations between NTL pixel values and the numbers of R&DP and map R&DP distribution at a 500 m resolution. Spatial statistical methods were adopted to identify the spatiotemporal dynamics of R&DP. This study yielded several key findings. The total daily DN values of NTL images in Ukraine decreased by approximately 81.2 % since the onset of the war and as of April 4, 2023. A significant negative correlation between NTL pixel values and the numbers of R&DP with correlation coefficients of −0.93 and −0.74 was detected. The number of refugees in Kyiv, Kyiv Oblast, Cherkasy Oblast, Volyn Oblast, Kharkiv Oblast, Donetsk Oblast, Luhansk Oblast, and Zaporizhzhia Oblast, as well as the number of displaced persons in Vinnytsia Oblast and Cherkasy Oblast, has shown a continuously increasing trend with the progression of the war. Conversely, refugees in Poltava, Sumy, Kirovohrad, Rivne, Khmelnytskyi, and Chernivtsi Oblasts, as well as displaced persons in Poltava, Volyn, Lviv, Rivne, Khmelnytskyi, Ternopil, Ivano-Frankivsk, Transcarpathian, and Chernivtsi Oblasts, exhibited a decreasing trend. This study provides a reference to evaluate the impact of emergencies and can serve as a basis for decision-making in humanitarian assistance. © 2025 Elsevier B.V., All rights reserved.","Gis; Humanitarian Assistance; Mapping; Nighttime Light; Refugees; Russia-ukraine Conflict; Decision Making; Remote Sensing; Spatial Distribution; Spatial Variables Measurement; Statistics; Data-driven Model; Humanitarian Assistances; Night Time Lights; Nighttime Light Image; Pixel Values; Refugee; Remote-sensing; Russia-ukraine Conflict; Spatio-temporal Dynamics; Ukraine; Geographic Information Systems"
"Spatial downscaling of SMAP soil moisture product by using deep belief network","2025","Advances in Space Research","10.1016/j.asr.2025.05.092","https://www.scopus.com/inward/record.uri?eid=2-s2.0-105008154029&doi=10.1016%2Fj.asr.2025.05.092&partnerID=40&md5=dbff3ebf8959024b00d754757d5facda","Soil moisture, pivotal for water, energy, and carbon exchange dynamics between the Earth's surface and the atmosphere, drives hydrological modeling, flood forecasting, and agricultural practices. Traditional localized soil moisture measurement methods have led to adopting remote sensing techniques for broader applications. Yet, their limited spatial resolution necessitates downscaling methods. In this study, a machine learning-based method, the Deep Belief Network (DBN), was used as the primary approach for downscaling the 36-kilometer soil moisture product from the SMAP satellite to a 3-kilometer resolution. Additionally, three methods—Random Forest (RF), Artificial Neural Network (ANN), and Linear Regression (LR)—were employed as secondary methods for modeling and comparison with the primary method. Leveraging diverse parameters such as brightness temperature (T<inf>B</inf>), normalized difference vegetation index (NDVI), precipitation, and Albedo, the model was deployed across the western United States over a month and evaluated against Snow Telemetry (SNOTEL) network ground stations. During the test phase, the DBN method demonstrated the best performance with an accuracy of 96 % among the four methods. It was followed by RF with 93 % and ANN with 82 %, both outperforming the LR method, which had a modeling accuracy of 65 %. Vertical brightness temperature emerged as a crucial parameter, while NDVI displayed lower significance in the DBN model. It was demonstrated that by removing 5 SMPs from the total set, the model can achieve a balance between predictive accuracy and simplicity. DBN effectively reconstructed soil moisture values, aligning spatial patterns with SMAP imagery, although assessment by in-situ soil moisture derived from the SNOTEL network showed different results. A comparison between the evaluation results over the entire study area and each land cover revealed that the performance of the downscaling method is different in various land cover types. In ground measurement stations, the downscaled accuracy ranged from R = 0.46 to R = 0.67 and RMSE = 0.013 to RMSE = 0.074, which is improved significantly in comparison to original SMAP imagery ranging from R = 0.21 to R = 0.43. The error distribution analysis highlighted a lack of systematic error, affirming DBN's effectiveness in downscaling SMAP's soil moisture product. This approach exhibits promise across diverse vegetative covers and adaptable temporal ranges, marking strides toward enhanced soil moisture estimation. © 2025 Elsevier B.V., All rights reserved.","Dbn; Downscaling; Land Cover; Soil Moisture; Spatial Resolution; Deep Neural Networks; Earth Atmosphere; Errors; Flood Control; Floods; Image Resolution; Learning Systems; Linear Regression; Moisture Determination; Remote Sensing; Satellite Ground Stations; Soil Surveys; Soil Testing; Vegetation; %moisture; Brightness Temperatures; Deep Belief Networks; Down-scaling; Downscaling Methods; Land Cover; Neural-networks; Normalized Difference Vegetation Index; Random Forests; Spatial Resolution; Soil Moisture"
"Dynamic effects of micro-vibration isolation of control-moment gyros on spacecraft","2025","Advances in Space Research","10.1016/j.asr.2025.05.093","https://www.scopus.com/inward/record.uri?eid=2-s2.0-105008138769&doi=10.1016%2Fj.asr.2025.05.093&partnerID=40&md5=51d9e6ca9444633b946da68de652a03a","Control moment gyros (CMGs) are widely used as high-torque actuators for agile spacecraft attitude control; however, they inevitably generate micro-vibrations that can induce undesirable jitter. Because CMG-induced disturbances have high frequencies and determinants, passive isolation techniques are commonly employed in engineering practice. This study investigates the dynamic effects of integrating vibration isolators into a spacecraft attitude control system (ACS), focusing on the interactions between the isolators and the ACS. A simplified single-axis dynamic model is first developed to analyze the influence of isolator stiffness and damping on the overall system stability. The analysis reveals that a sufficiently high frequency ratio between the vibration isolator and ACS inherently contributes to system stability. Subsequently, a fully coupled dynamic model is established using Kane's method, which effectively captures the complex interactions among the spacecraft bus, CMG cluster, isolators, and flexible appendages. The proposed modeling approach can be applied to systems with a large number of degrees of freedom while maintaining computational efficiency. Both attitude-holding and maneuvering scenarios are considered to evaluate rigid-flexible coupling behavior, high-frequency micro-vibrations, and low-frequency flexible vibrations. Simulation results demonstrate that the designed passive isolator significantly suppresses high-frequency disturbances, achieving over 80 % reduction in spacecraft jitter and flexible appendage vibration. However, attitude drift and the excitation of lower-order flexible modes are observed in the low-frequency range, particularly during attitude maneuvers. These findings suggest that passive isolation alone may not be sufficient for missions requiring ultra-stable performance, and active isolation should be considered in such cases. © 2025 Elsevier B.V., All rights reserved.","Dynamic Effects; Flexible Appendage; Isolation; Rotating Wheel; Spacecraft Micro-vibration; Control System Stability; Degrees Of Freedom (mechanics); Dynamic Models; Flexible Spacecraft; Jitter; Vibration Analysis; Vibration Control; Attitude Control System; Control Moment Gyros; Dynamic Effects; Flexible Appendages; High Frequency Hf; Isolation; Microvibrations; Rotating Wheels; Spacecraft Attitude Control; Spacecraft Micro-vibration; Attitude Control; Computational Efficiency; Flexible Couplings"
"Deep learning-enhanced Koopman operator linearization with LQR control for satellite attitude regulation","2025","Advances in Space Research","10.1016/j.asr.2025.06.005","https://www.scopus.com/inward/record.uri?eid=2-s2.0-105008134182&doi=10.1016%2Fj.asr.2025.06.005&partnerID=40&md5=b264b85fdf815cc96554515568936f3d","In this paper, a satellite attitude linearization and LQR control strategy, based on the Deep Koopman operator, is presented to address the reliance on linearization assumptions found in traditional attitude control methods when complex nonlinear dynamics are encountered. By introducing the powerful nonlinear modeling capability of deep neural networks, the complex characteristics of the satellite attitude dynamics system are accurately described, and a high-dimensional linearized model can be obtained without relying on an accurate mathematical model, which can only be trained using historical data. This method not only overcomes the traditional Koopman algorithm's dependence on known physical models or differential equations but also demonstrates better real-time adaptability and generalization ability. Specifically, the Eulerian method is first applied to discretize the satellite attitude-rotation dynamics equations and construct a nonlinear discrete state-space model. Then, the state upscaling is realized based on a deep autoencoder, and the high-dimensional linear dynamic system parameters are designed to capture the behavioral characteristics of the nonlinear system. To restore the physical significance of the high-dimensional state vectors, a decoder is further developed for dimensionality reduction processing, which recovers the low-dimensional state vectors. In addition, we define a comprehensive loss function including autoencoder loss, prediction loss, metric loss, and controllability loss to optimize the learning process of the whole framework. Experimental results show that the proposed LQR controller based on the Deep Koopman operator outperforms other nonlinear control methods (e.g., NMPC and iLQR) in terms of control accuracy and energy loss. Especially for the presence of Gaussian random disturbances, the controller is still able to maintain small tracking errors and low energy consumption, proving its robustness and adaptability. Therefore, this study provides a new theoretical foundation and technical framework for future satellite attitude control, especially in missions requiring fast response and high accuracy, showing significant advantages. Lastly, simulations and comparisons are given to demonstrate the effectiveness and excellent tracking performance of the proposed control scheme. © 2025 Elsevier B.V., All rights reserved.","Data-driven Control; Deep Koopman Operator; Linear Quadratic Controller; Robust Control; Satellite Attitude Control; Attitude Control; Communication Satellites; Complex Networks; Controllers; Deep Neural Networks; Differential Equations; Dimensionality Reduction; Dynamics; Energy Dissipation; Learning Systems; Linear Control Systems; Linearization; Mathematical Operators; Navigation; Nonlinear Control Systems; Nonlinear Equations; State Space Methods; Auto Encoders; Data-driven Control; Deep Koopman Operator; High-dimensional; Higher-dimensional; Linear Quadratic Controller; Linearisation; Lqr Control; Satellite Attitude; Satellite Attitude Control; Robust Control"
"Multi-objective optimization and cost-benefit analysis of configuration maintenance for the TianQin mission","2025","Advances in Space Research","10.1016/j.asr.2025.05.077","https://www.scopus.com/inward/record.uri?eid=2-s2.0-105008113772&doi=10.1016%2Fj.asr.2025.05.077&partnerID=40&md5=18ff51dc03294657640d2980b81f6010","TianQin, a space-based gravitational wave (GW) detector in geocentric orbit, maintains continuous laser links during science operations but requires biannual interruptions when the constellation enters Sun-pointing mode to protect optical payloads from direct sunlight exposure. These planned operational pauses are strategically repurposed for configuration maintenance to optimize subsequent observation cycles. This paper analyzes the trade-offs between the geometric stability and fuel consumption during active orbital control of the TianQin constellation. A segmented cooperative control strategy, based on virtual formation and virtual structure methods, is proposed to simplify the multi-objective optimization problem. The computational efficiency is further improved by fast estimating the optimization indices and by simplifying the dynamics. Due to the segmented reference orbits, this optimization method is applicable to general scenarios where the configuration naturally diverges. By analyzing both the diverging nominal and stable optimized configurations of TianQin, we quantitatively evaluate the benefits and costs of active configuration maintenance, revealing a non-uniformly conflicting relationship between the geometric stability and fuel consumption. The achievable geometric stability is determined in high-fidelity dynamics using local optimization. © 2025 Elsevier B.V., All rights reserved.","Configuration Maintenance; Cooperative Control; Cost-benefit Analysis; Gravitational Wave Detection; Multi-objective Optimization; Computational Efficiency; Geometry; Gravitational Effects; Gravity Waves; Maintenance; Orbits; Signal Detection; Virtual Reality; Analysis Of Configuration; Co-operative Control; Configuration Maintenance; Cost-benefits Analysis; Geocentric Orbits; Geometric Stability; Gravitational Waves Detectors; Gravitational-wave Detection; Multi-objectives Optimization; Space-based; Cost Benefit Analysis; Economic And Social Effects; Multiobjective Optimization"
"A new tropospheric delay combination prediction model based on time series decomposition and deep learning","2025","Advances in Space Research","10.1016/j.asr.2025.05.082","https://www.scopus.com/inward/record.uri?eid=2-s2.0-105008110344&doi=10.1016%2Fj.asr.2025.05.082&partnerID=40&md5=a7e2d8321ca15c91a27958d2fea5bfc7","Zenith tropospheric delay (ZTD) prediction is crucial for high-precision navigation. However, accurately modeling ZTD remains challenging due to its combination of linear and nonlinear characteristics. In this paper, we propose a hybrid ZTD prediction model that separately addresses the trend and seasonal variations. The model decomposes ZTD time series using seasonal-trend decomposition based on loess (STL), and then predicts nonlinear components with a long short-term memory network (LSTM) and linear components with an autoregressive integrated moving average model (ARIMA). The individual predictions are recombined to produce a final forecast, which we call the STL-LSTM-ARIMA model. To assess its effectiveness, we compare it to LSTM, ARIMA, and extreme learning machine (ELM) model. Our results show that the STL-LSTM-ARIMA model consistently outperforms these models across all evaluation metrics, including a root mean square error (RMSE, 1.32 cm), an average normalized root mean square error (NRMSE, 0.56 %), a mean absolute error (MAE, 0.98 cm) and a coefficient of determination (R2, 0.83). Further analysis reveals that the model maintains robust predictive performance across different months, with the highest accuracy observesd in January and lower performance in July. The model sustains exceptional forecasting accuracy for lead times of up to 12 hours, maintaining RMSE < 1.60 cm, NRMSE < 0.7 %, MAE < 1.25 cm, and R2 ≥ 0.75. These results conclusively validate the STL-LSTM-ARIMA model's superior capability and reliability for short-term ZTD prediction. We apply the tropospheric delay parameters predicted by the SLA model to the static precise point positioning (PPP), and the results show that the SLA model-assisted PPP scheme (PPP-SLA) improves the positioning convergence time and accuracy to a certain extent compared to the parameter estimation scheme (PPP-EST) and the parameter estimation scheme for estimating the horizontal gradient (PPP-ESTG). Especially in the U direction, the positioning convergence time is increased by 48.6 % and 47.0 %, and the positioning accuracy is increased by 12.0 % and 7.3 %, respectively. © 2025 Elsevier B.V., All rights reserved.","Combined Prediction Models; Deep Learning; Precise Point Positioning; Time-series Decomposition; Tropospheric Delay Modeling; Autoregressive Moving Average Model; Errors; Forecasting; Learning Systems; Long Short-term Memory; Navigation; Nonlinear Analysis; Parameter Estimation; Prediction Models; Time Series; Combined Prediction Model; Deep Learning; Delay Models; Precise Point Positioning; Prediction Modelling; Short Term Memory; Time Series Decomposition; Tropospheric Delay Modeling; Tropospheric Delays; Zenith Tropospheric Delays; Mean Square Error"
"Multiple solutions of initial orbit determination in cislunar space","2025","Advances in Space Research","10.1016/j.asr.2025.05.094","https://www.scopus.com/inward/record.uri?eid=2-s2.0-105008102305&doi=10.1016%2Fj.asr.2025.05.094&partnerID=40&md5=98074eedc5758e9acb56e37dd16e6c41","This research investigates the initial orbit determination (IOD) for objects moving in the cislunar space, using optical observations from both ground- and space-based stations. The proposed method, referred to as the perturbed-Laplace (PL) method, is derived in an approach the same as the conventional Laplace's method, i.e., the IOD problem is transformed into solving a polynomial equation of the pseudo range. The difference is that the polynomial equation is more complex. This study investigates the number of solutions of the polynomial equation. Moreover, key issues associated with the PL method are studied, including the choice of the fitting polynomial to get the first and second derivatives of the optical data, and the influence of the observation errors on the IOD results. For the orbit types studied in this work, we recommend to use a fitting polynomial of order 8 for arc lengths greater than 4 h, and a lower order for shorter arc lengths. © 2025 Elsevier B.V., All rights reserved.","Cislunar Space; Initial Orbit Determination; Laplace’ Method; Polynomials; Arc Length; Cislunar Space; Ground Based; Initial Orbit Determinations; Laplace Methods; Multiple-solutions; Optical Observations; Polynomials Equation; Pseudorange; Space-based; Laplace Transforms"
"Effects of BDS-2 flex power in daily ionospheric TEC estimation","2025","Advances in Space Research","10.1016/j.asr.2025.06.001","https://www.scopus.com/inward/record.uri?eid=2-s2.0-105008035147&doi=10.1016%2Fj.asr.2025.06.001&partnerID=40&md5=ec3a950738d1a3b60a2a54ed599521c0","Beidou Navigation Satellites System (BDS) flex power is a function to prevent signal jamming. In this paper, we analyzed the impacts of BDS-2 flex power in daily ionospheric total electron content (TEC) estimation in two regions: an Australia region flex power covered (AUS Region) and an America region flex power not covered (USA Region). TEC estimation involving GALILEO and GLONASS provides the reference TEC values. When flex power of satellites involved was activated all day, there are no significant impacts of flex power on daily TEC estimation in either region. When flex power was activated for only part of a day, daily TEC estimation considering flex power in the AUS Region declines the root mean square (RMS) of TEC estimation by 52.09 %, reduces the TEC bias by 3.26 TECU on average, improves ionospheric-constrained (IC) single-frequency (SF) precise point positioning (PPP) accuracy by 23.04 %, 2.63 % and 3.20 % on average in East (E), North (N), and Up (U) directions, and achieves 4.95 % faster convergence. However, in the USA region, there are no significant differences in daily TEC estimation whether considering flex power or not, attributable to insufficient observations of satellites with flex power. © 2025 Elsevier B.V., All rights reserved.","Bds; Differential Code Bias (dcb); Flex Power; Ionosphere; Total Electron Content (tec); Communication Satellites; Ionospheric Measurement; Radio Navigation; Satellite Navigation Aids; Australia; Bds; Beidou Navigation Satellite Systems; Differential Code Bias; Flex Power; Galileo; Ionospheric Total Electron Content; Power; Total Electron Content; Ionosphere"
"Automatic localization and characterization of mid-latitude ionospheric plasma structures from all-sky airglow images using deep learning framework","2025","Advances in Space Research","10.1016/j.asr.2025.05.086","https://www.scopus.com/inward/record.uri?eid=2-s2.0-105007812126&doi=10.1016%2Fj.asr.2025.05.086&partnerID=40&md5=e0fd6c1570fc91984c7a13249b61cb51","This paper brings forth a new automatic approach to determine the propagation parameters (horizontal velocity, propagation direction, and orientation) of mid-latitude ionospheric plasma structures (MIPS) using airglow images recorded by an all-sky airglow imager located at Hanle, Ladakh, India. The proposed approach is an amalgamation of two frameworks – a hybrid deep learning image segmentation model for localization along with automatic determination of parameters using the intensity minima of the MIPS. Designed in the form of a pipeline, the frameworks are executed sequentially. The propagation parameters obtained from the automatic method have been compared with the results of a previously implemented semi-automatic approach. Comparison between the two approaches revolves around the error involved, time complexity, and dependency on the morphology of the plasma structures. The results suggest that the proposed method can be adopted over the semi-automatic approach as it has less error, minimal dependency on the morphology of the structures, and less time-exhaustive. © 2025 Elsevier B.V., All rights reserved.","All-sky Airglow Imager; Deep Learning; Image Segmentation; Mid-latitude Ionospheric Plasma Structure; Electromagnetic Wave Propagation In Plasma; Mathematical Morphology; Photointerpretation; Plasma Theory; All-sky Airglow Imager; Automatic Approaches; Deep Learning; Images Segmentations; Ionospheric Plasmas; Mid-latitude Ionospheric Plasma Structure; Midlatitudes; Plasma Structure; Propagation Parameters; Semi-automatics; Image Segmentation"
"Neural-network-based adaptive control for space manipulator system with actuator faults: a fully actuated system approach","2025","Advances in Space Research","10.1016/j.asr.2025.05.083","https://www.scopus.com/inward/record.uri?eid=2-s2.0-105007789332&doi=10.1016%2Fj.asr.2025.05.083&partnerID=40&md5=0ddff6637ff6430b8085d136d201eb57","In the presence of actuator potential faults, this paper investigates trajectory tracking control for a free-floating space manipulator system (FFSM) subject to nonlinear uncertainties. The study aims to achieve desired tracking performance directly while addressing the challenges posed by system uncertainties and actuator faults. To accomplish this objective, the proposed control strategy relies on the high-order fully actuated (HOFA) system approach, consisting of three main components: a basic part designed to eliminate known nonlinearities and emphasize linear dominant terms; a neural network (NN)-based adaptation technique introduced to estimate the unknown bounds of actuators’ restricted effectiveness loss and lumped uncertainties; and a robustness component incorporated to mitigate the adverse effects of actuator bias faults. Utilizing Lyapunov stability theory, the NN-based adaptive fault-tolerant controller guarantees boundedness of all signals in the robust closed-loop system, while ensuring that position/velocity tracking errors are confined to a small neighborhood of zero relative to a well-designed eigenstructure. Finally, the effectiveness of the proposed control scheme is demonstrated through simulations conducted on a 6-DoF FFSM system. © 2025 Elsevier B.V., All rights reserved.","Actuator Faults; Free-floating Space Manipulator (ffsm); Fully Actuated System Approach; Robust Adaptive Control; Closed Loop Control Systems; Control Nonlinearities; Lyapunov Methods; Manipulators; Robust Control; Robustness (control Systems); Self Tuning Control Systems; Space Applications; Actuator Fault; Free-floating Space Manipulator; Fully Actuated System Approach; Manipulator Systems; Network-based; Neural Network Based Adaptive Control; Neural-networks; Robust-adaptive Control; Systems Approach; Self Adjusting Control Systems"
"Physical simulation method for meteoroid atmospheric entry with multiple-peaked light curves","2025","Advances in Space Research","10.1016/j.asr.2025.05.076","https://www.scopus.com/inward/record.uri?eid=2-s2.0-105007700966&doi=10.1016%2Fj.asr.2025.05.076&partnerID=40&md5=a38f21d10df8dff73a500f918d5fca7f","Meter-sized meteoroids typically exhibit asymmetric light curves with multiple peaks due to fragmentation and heterogeneous properties. This study proposes a systematic simulation method for modeling the trajectory, attitude, and structural evolution during their luminous atmospheric entry. The N-body meteoroid model incorporates irregular geometry, porous structure, and heterogeneous materials. In this approach, a cohesive contact model is employed to simulate the meteoroid's structural disintegration. Differential ablation and asymmetrical volume changes are applied to simulate the kinetic energy loss and reproduce the light curve. The equivalent cross-sectional diameters of the valid granules at the light curve peaks are calculated to quantify the expansion of fragments. The effectiveness of the proposed method is validated through its application to two meteoroid cases: the 2023 Beijing meteoroid and the asteroid 2024 BX1. The multiple light curve peaks observed for both meteoroids are successfully reproduced using the new approach. For large meteorites from 2024 BX1 with masses exceeding 100 g, the method predicts landing positions with an accuracy of approximately 1 km. © 2025 Elsevier B.V., All rights reserved.","2023 Beijing Meteoroid; Asteroid 2024 Bx1; Atmospheric Entry Of Meteoroids; Discrete Element Method; Meter-sized Meteoroid; 2023 Beijing Meteoroid; Asteroid 2024 Bx1; Atmospheric Entry; Atmospheric Entry Of Meteoroid; Discrete Elements Method; Light Curves; Meter-sized Meteoroid; Multiple-peak; Physical Simulation; Property"
"Ionosphere-thermosphere response to the January 14, 2022 moderate storm: ICON satellite observations","2025","Advances in Space Research","10.1016/j.asr.2025.05.088","https://www.scopus.com/inward/record.uri?eid=2-s2.0-105007687837&doi=10.1016%2Fj.asr.2025.05.088&partnerID=40&md5=3b925c63abc85594a358c5dd7343f509","We present a response of the ionized as well as neutral components of Earth's upper atmosphere to the 14th January 2022 moderate geomagnetic storm using ICON satellite observations. Global-scale analysis of ion density and thermospheric wind speed as a function of latitude and longitude covering 160–600 km altitude range provides descriptive illustrations of storm-time responses of different layers of the ionosphere. The storm induced disturbances at almost all altitudes considered in the study and the Hunga eruption caused high wind variations at lower altitudes (160–200 km). We also considered the effects of a co-incident Hunga Tonga volcanic eruption, while our focus remains on the ionosphere-thermosphere responses to the storm. Our analyses depicted strong equatorial and low latitude ion density enhancement on 14-01-2022 (12:01–23:59 LT) across almost all longitudes, which corresponds to the times after the sudden storm commencement (SSC). Compared to 13–14 January 2022 (00:00–12:00 LT), a high ion density is observed on 15-01-2022 (00:00–12:00 LT), especially over 0°-200° E longitudes. This ion density enhancement persists on 16-01-2022 (at all times of the day) with a similar scenario seen on 15-01-2022. Storm-enhanced wind speed irregularity decreases relatively with an increase in altitude. Ion density is higher in 12:01–23:59 LT than in 00:00–12:00 LT during all days considered. On 15-01-2022 (12:01–23:59 LT), fluctuating structure of ion density is observed in 100°–200°E longitudes over the dip equator region which was found to be associated with the Hunga eruption. Generally, the moderate geomagnetic storm caused a positive ionospheric storm, which enhanced ion density and triggered turbulence in the wind dynamics. © 2025 Elsevier B.V., All rights reserved.","Geomagnetic Storm; Ion Density; Ionosphere And Thermosphere; Volcanic Eruption; Wind Speed; Clouds; E Region; F Region; Fog; Ionospheric Measurement; Magnetosphere; Ozone Layer; Troposphere; Density Enhancement; Geomagnetic Storm; Global Scale; Ion Density; Ionosphere And Thermosphere; Satellite Observations; Scale Analysis; Thermospheric Winds; Volcanic Eruptions; Wind Speed; D Region"
"Importance analysis of geophysical effects for modeling of GNSS vertical time series","2025","Advances in Space Research","10.1016/j.asr.2025.05.087","https://www.scopus.com/inward/record.uri?eid=2-s2.0-105007624234&doi=10.1016%2Fj.asr.2025.05.087&partnerID=40&md5=4fd8511636a3e33c60d6937a33325340","Global navigation satellite system vertical time series have significant annual seasonal variations, which are partly generated by mass redistribution due to global cyclic migration of surface environmental loading. The Adaptive Boosting algorithm is used to reflect the importance of geophysical effects for modeling of GNSS vertical time series. To form the machine learning problem, temperature, atmospheric pressure, hydrological and polar coordinate data are considered as input data and GNSS vertical time series are considered as output data. In the modeling experiments, the Adaptive Boosting algorithm is introduced and evaluated using vertical time series collected from 28 GNSS reference stations. The results of the fitting experiments show that the average MAE value of the AdaBoost model is 3.91 mm. The results of the feature evaluation showed that the X pole had the highest average feature importance level of 22.95 and the temperature and atmospheric pressure data had the lowest level of about 19.20. Especially in the South and East Xinjiang, polar coordinate data have the highest level of relative feature importance in the vast majority of GNSS reference stations. © 2025 Elsevier B.V., All rights reserved.","Adaptive Boosting; Feature Importance; Geophysical Effect; Gnss Vertical Time Series; Seismology; Adaptive Boosting Algorithms; Feature Importance; Geophysical Effect; Global Navigation Satellite Systems; Gnss Vertical Time Series; Importance Analysis; Polar Coordinate; Reference Stations; Seasonal Variation; Times Series; Adaptive Boosting"
"Dual-purpose use of the Santa Maria VGOS antenna for geodetic VLBI and methanol maser observations","2025","Advances in Space Research","10.1016/j.asr.2025.05.075","https://www.scopus.com/inward/record.uri?eid=2-s2.0-105007554965&doi=10.1016%2Fj.asr.2025.05.075&partnerID=40&md5=96be45c693b8b73dfbf54d1033fd8d11","This paper presents the technical specifications and scientific capabilities of the Santa Maria VGOS antenna, a 13.2-meter radio telescope that is part of the RAEGE (Rede Atlântica de Estações Geodinâmicas e Espaciais) network in the Azores. While primarily designed for geodetic Very Long Baseline Interferometry (VLBI), we demonstrate its potential for astronomical applications in single-dish mode, particularly for observing methanol masers at 6.68 GHz and 12.18 GHz. The technical description includes the broadband cryogenic receiver, backend system, and observing strategy, which enable high-sensitivity and high-resolution observations. We report the detection of methanol maser emission from sources including G009.621+0.196,G109.871+2.114,G111.542+0.777,G133.947+1.064, and G134.029+1.072, with flux densities comparable to or within the range of previous studies. By comparing these results with those from large interferometric arrays (e.g., VLA, EVN) and single-dish surveys (e.g., MMB, M2O), we highlight the single-dish VGOS antenna's suitability for long-term maser monitoring. We also discuss system limitations, such as sensitivity and spatial resolution, and propose mitigation strategies. These findings demonstrate the versatility of VGOS systems and provide a framework for leveraging a global VGOS network for cost-effective, flexible, dual-purpose geodetic and astrophysical research. © 2025 Elsevier B.V., All rights reserved.","Methanol Maser; Radio Radiation; Single Dish; Vgos; Vlbi; Cosmology; Interferometry; Radio Waves; Astronomical Application; Backend System; High Sensitivity; Methanol Masers; Radio Radiation; Receiver Back-end; Single Dish; Technical Specifications; Very Long Baseline Interferometry; Vgos; Geodesy"
"Simulation of the optical performance of a single corner cube retroreflector for the TianQin Project and lunar laser ranging stations","2025","Advances in Space Research","10.1016/j.asr.2025.05.079","https://www.scopus.com/inward/record.uri?eid=2-s2.0-105007553870&doi=10.1016%2Fj.asr.2025.05.079&partnerID=40&md5=a32a01a510749de42725d56476b8020f","The TianQin project is a space gravitational wave detection project initiated by Sun Yat-sen University. It has high requirements for detectors’ orbit accuracy in the stages of orbit entry and scientific experiment operation. Satellite laser ranging (SLR) is the space geodetic technique with the highest accuracy of range measurement, which is a commonly used method for satellite orbit determination. The corner cube retroreflector (CCR) works as the cooperative target of laser ranging. Since the Velocity Aberration (VA) effect for the specific orbit parameters of TianQin were never studied before, the CCR installed on the TianQin satellite cannot directly utilize existing CCR designs. This article mainly focuses on designing the dihedral angle offsets (DAO) for 80 mm-aperture solid/hollow CCR at wavelengths of 1064 nm and 532 nm, taking into account the laser polarization characteristics based on the VA effect. The simulation results indicate that the optimal DAO for the solid CCR are 0.3, −0.5, 0.3 arc-seconds and 0.3, −0.8, 0.3 arc-seconds, respectively, while for the hollow CCR, they are 0.6, −1.8, 1.1 arc-seconds and 0, −1.4, 1.5 arc-seconds. The number of echo photons is simulated based on the Tianqin laser ranging station parameters. For the TianQin satellite with an orbital altitude of 100,000 km, the number of echo photons from a solid CCR can reach 4.42 and 2.29 per second when using 1064 nm or 532 nm ranging, while the number of echo photons from a hollow CCR can reach 5.28 and 0.69 per second. The pulse broadening of a single CCR can be minimized to 42.66% of that of a CCR array with the same performance. The single CCR for TianQin reported in this paper is intented to be observed by ground station with lunar laser ranging capabilities. © 2025 Elsevier B.V., All rights reserved.","Far Field Diffraction Pattern; Satellite Laser Ranging; The Tianqin Project; Velocity Aberration Effect; Dihedral Angle; 1064 Nm; Corner Cube Retroreflectors; Dihedral Angle Offset; Far Field Diffraction Pattern; Laser Ranging; Lunar Laser Ranging; Satellite Laser Ranging; The Tianqin Project; Velocity Aberration; Velocity Aberration Effect; Geodetic Satellites"
"High-fidelity dynamics modeling of long-term station keeping around Earth-Moon synodic resonant halo orbits using solar sails","2025","Advances in Space Research","10.1016/j.asr.2025.05.074","https://www.scopus.com/inward/record.uri?eid=2-s2.0-105007456887&doi=10.1016%2Fj.asr.2025.05.074&partnerID=40&md5=f07c797eb2f1584ccce52999719abeb5","Halo orbits in the Earth-Moon system are useful for many applications related to lunar exploration. Because they are generally unstable, station-keeping control is required for a spacecraft to prevent orbital escape. Solar sails are a propulsion system that produces thrust without consuming propellant. Although the magnitude of thrust is small, they are suitable for long-term station keeping around halo orbits. Because the direction of the Sun rotates in the Earth-Moon rotating frame, halo orbits around the Earth-Moon libration points must be synodic resonant to retain periodicity, where the ratio of the orbital periods to the synodic lunar period is rational. In this study, a long-term (e.g., more than 1 year) orbit design method in the high-fidelity ephemeris model was first developed. To make it possible, a successive orbit design method was devised, wherein relatively short-term orbits are sequentially designed such that they are connected to each other smoothly to retain the synodic resonance geometry. Simulation results indicated that it can be applied to at least around 2-year synodic resonant halo orbits. In addition, a station-keeping strategy to stay near the reference orbits under the influence of navigation error and attitude control error was developed. It was formulated using the state transition matrix and its Cauchy-Green tensor to minimize the future position and velocity error with respect to the reference orbit. The simulation results showed how the performance of the method changes according to the parameters (e.g., sail area-to-mass ratio, nominal Sun angle, and guidance and control frequency). © 2025 Elsevier B.V., All rights reserved.","Guidance And Control; Halo Orbit; N-body Problem; Solar Sail; Dynamics Models; Earth-moon System; Guidance And Control; Halo Orbits; High-fidelity; N Body Problem; Orbit Design Method; Reference Orbit; Station-keeping; Stationkeeping Control; Solar Sails"
"A 40-year record of the Earth's time-variable gravity field from SLR and DORIS","2025","Advances in Space Research","10.1016/j.asr.2025.05.089","https://www.scopus.com/inward/record.uri?eid=2-s2.0-105008540492&doi=10.1016%2Fj.asr.2025.05.089&partnerID=40&md5=ecdea301a2447f312c9b4de71520d7df","Since 2002, the temporal variations of the Earth's gravity field are measured by the missions GRACE and GRACE Follow-On with unprecedented resolution and accuracy. In this study, we present a series of GRACE-like solutions going back to 1984 based on tracking data to 16 satellites, observed either by satellite laser ranging (SLR) or by means of the Doppler Orbitography and Radiopositioning Integrated by Satellites (DORIS) system. The match with GRACE in spatial resolution is achieved by representing the gravity field by empirical orthogonal functions (EOFs) obtained by a principal component analysis of the GRACE/GRACE-Follow-On solutions. To make the modelling more adaptive, the EOFs are supplemented by low-degree spherical harmonics. The presented time series is intended to replace a previous SLR-only solution applying the same parametrization. It is shown that the combined SLR/DORIS solution is clearly superior, reducing the average difference to the GRACE/GRACE-Follow-On fields by 10.6 percent; on a local scale, the error is reduced by up to 52 percent. As another enhancement, the beginning of the time series was advanced by eight years by extending the analysis to historical SLR data, albeit the noise in these early gravity solutions is higher, as expected. The time series now also includes a degree-1 solution based on an own inversion approach and using the surface mass distribution from the SLR/DORIS fields. © 2025 Elsevier B.V., All rights reserved.","Doris; Empirical Orthogonal Functions; Grace; Satellite Laser Ranging; Time-variable Gravity Field; Geodetic Satellites; Gravitation; Harmonic Analysis; Orbits; Planetary Surface Analysis; Time Series; Time Series Analysis; Dopple Orbitography And Radiopositioning Integrated By Satellite; Doppler; Empirical Orthogonal Function; Grace; Gravity Field; Orbitography; Satellite Laser Ranging; Time-variable Gravity; Time-variable Gravity Field; Times Series; Orthogonal Functions; Principal Component Analysis"
"A new science readiness level standard for space science investigations","2025","Advances in Space Research","10.1016/j.asr.2025.04.043","https://www.scopus.com/inward/record.uri?eid=2-s2.0-105008518346&doi=10.1016%2Fj.asr.2025.04.043&partnerID=40&md5=62e20c09f0c770c70ec4686b5b5247a3","This article presents a new Science Readiness Level (SRL) Standard that has been developed at the Canadian Space Agency (CSA) for universal application to all space science investigations. Other authors have recognised that the traditional mission management process that relies on Technology Readiness Levels as the main tool to track mission maturity is missing important elements when it comes to science missions, and this is discussed. The motivation for developing a useable new science readiness assessment tool for missions of scale from CubeSats to flagships, in configurations as diverse as satellite constellations and ground-based instrument networks, with operations that can be robotic or crew-enabled, and with investigations that can range from traditional remote sensing to rover wet chemistry laboratories, is described. Universality of the derived SRL standard is achieved by assessing the quality and maturity of three independent elements of success that don't depend on the type of science, the project management structure, or the scale of the project: (1) the baseline investigation (2) the science success strategy, and (3) the science plan. Using language from NASA's Standard Principal Investigation-led Mission Announcement of Opportunity Template and in deliberate alignment with the European Space Agency (ESA) Earth Observation SRL scale, the final level of Science Readiness assesses Science Impact, underlining that the scale does not assess readiness simply to operate in the space environment, but readiness to deliver advances in knowledge associated with specific science objectives. Two examples are provided to illustrate the application of the Standard to investigations from different science disciplines and of widely different scope: a notional “FireSat” Cubesat mission, and a notional future “Mars life detection investigation at a methane seep”. It is expected that the CSA SRL Standard will evolve using lessons learned from users, and to align with evolving science practice and policy. The discussion addresses the international nature of science missions and science instrument contributions, suggesting value in convergence towards an international SRL standard. © 2025 Elsevier B.V., All rights reserved.","Instrument Development; Open Science; Science Mission Development; Science Readiness Levels; Science Standards; Earth (planet); Manned Space Flight; Project Management; Remote Sensing; Small Satellites; Space Applications; Space Optics; Canadian Space Agency; Instrument Development; New Science; Open Science; Readiness Levels; Science Mission Development; Science Missions; Science Readiness Level; Science Standards; Space Science; Nasa"
"Assessment of middle atmosphere climatology using lidar for aerospace applications","2025","Advances in Space Research","10.1016/j.asr.2025.06.004","https://www.scopus.com/inward/record.uri?eid=2-s2.0-105008103705&doi=10.1016%2Fj.asr.2025.06.004&partnerID=40&md5=50f95c1a141649cf6cb0c85c0524e580","This study evaluates temperature and density variations in the upper stratosphere and in the mesosphere using ERA-5 and NRLMSISE-2.0 models, by comparing them with our forty-years long temperature lidar observations. NRLMSISE-2.0, while reliable in terms of seasonal trends, is less accurate daily: it shows high biases with the lidar at high altitudes (globally less than 4 K below 50 km, up to 14 K at 80 km). The European Climate and Weather Forecast reanalysis model ERA-5 shows a bias to the lidar of −5 K the upper stratosphere but shows a larger difference reaching +20 K in the mesosphere. Lidar observations can reveal non-Gaussian distributions because of extreme events, such as Mesospheric Inversion Layers (MILs), minor and Major Sudden Stratospheric Warmings (m- and M-SSWs) or Double Stratopauses (DSs). These events are atmospheric particularities which should not be mixed with steady-state profiles to compute a mean climatology if the aim is to create a reference. To address this issue, a new methodology was developed to remove those events, resulting in what we called ”Steady-State” climatology. Our method based on lidar observation in four sites (Observatory of Haute-Provence, Reunion Island, Table Mountain and Mauna Loa) allowed us to give statistical information about these extreme phenomena. Furthermore, our findings show that when m-SSWs and MILs occur, the density profile deviates strongly from the NRLMISE-2.0 density, which highlights the need for refined atmospheric models for aerospace applications. Corresponding density differences between NRLMSISE and lidar can reach −15% and +25% at most for MILs and m-SSWs, respectively. © 2025 Elsevier B.V., All rights reserved.","Density And Temperature Of The Middle Atmosphere; Lidar; Mesosphere; Mesospheric Inversion Layer (mil); Re-entry; Sudden Stratospheric Warming (ssw); Atmospheric Temperature; Climate Models; Climatology; Extreme Weather; Inversion Layers; Ionosphere; Magnetosphere; Optical Radar; Weather Forecasting; Density And Temperature Of The Middle Atmosphere; Density Variations; Lidar Observation; Mesosphere; Mesospheric Inversion Layer; Seasonal Trends; Sudden Stratospheric Warming; Temperature Variation; Aerospace Applications"
"Optimal solar radiation pressure-assisted transfers from halo orbits to celestial bodies using genetic algorithm","2025","Advances in Space Research","10.1016/j.asr.2025.05.059","https://www.scopus.com/inward/record.uri?eid=2-s2.0-105008097140&doi=10.1016%2Fj.asr.2025.05.059&partnerID=40&md5=afcc7f073c4eefffeda1db5f2ebf03d7","This study presents a solar sail trajectory design framework within the circular restricted three-body problem, focusing on transfers from halo and Lyapunov orbits around the sub-L<inf>1</inf> region to close-proximity passes of celestial bodies, particularly the Martian atmosphere in the Sun-Mars system and the Moon in the Sun-Earth system. Using a fixed-attitude, ballistic-like transfer strategy optimized via a genetic algorithm, the study achieves close-passes while minimizing both time-of-flight and sail cone angle. Numerical simulations show that Martian atmospheric passes are achievable with minimal control effort, requiring less than 14∘ cone angle and under 230 days across the halo orbit family. For the Moon case, close-passes are achieved with cone angles under 10∘ and transfer durations around 120 days across varying initial lunar positions from the chosen halo orbit. Simulation results confirm the method's robustness and consistency to changing initial conditions, with flexible tuning via optimization weights for the trade-off between flight time and cone angle. © 2025 Elsevier B.V., All rights reserved.","Atmospheric Pass; Circular Restricted Three-body Problem; Genetic Algorithm; Periodic Orbits; Solar Sail; Trajectory Design; Astrophysics; Ballistics; Earth Atmosphere; Moon; Orbital Transfer; Orbits; Solar Equipment; Solar Radiation; Atmospheric Pass; Celestial Bodies; Circular Restricted Three-body Problems; Cone Angle; Design Frameworks; Halo Orbits; Periodic Orbits; Solar Radiation Pressure; Solar Sail Trajectory; Trajectory Designs; Economic And Social Effects; Genetic Algorithms; Solar Sails"
"Design of the TP-1B satellite's laser retro-reflector array and analysis of laser ranging","2025","Advances in Space Research","10.1016/j.asr.2025.05.078","https://www.scopus.com/inward/record.uri?eid=2-s2.0-105007817158&doi=10.1016%2Fj.asr.2025.05.078&partnerID=40&md5=e1d7373d18237a87171a52efdc27b11e","To meet the highly precise orbit requirements of the Tianping-1B (TP-1B) satellite used for providing equipment calibration, a distributed laser retro-reflector array (LRA) has been designed with a weight of approximately 450 g, an effective reflective area of more than 4.6 cm2 and a field of view of more than 120° for performing laser ranging and supporting scientific test missions. The LRA consists of two types of cube corner retro-reflectors (CCRs) installed on the ground-facing side of the satellite: one is a nadir-facing CCR, and the other is six CCRs each featuring a 50° structural tilt angle. First, according to the orbital characteristics of the TP-1B satellite, its orbital flight duration has been predicted by the satellite laser ranging (SLR) station. Then, taking into account the spatial distribution of the CCR, the effective reflective area distribution of the LRA has been calculated. Furthermore, considering the additional phase shift caused by the dihedral angle offset of the CCR, as well as surface shape offsets in the reflective and incident planes, the far-field diffraction pattern of the CCRs has been plotted, Meanwhile, based on the laser ranging radar equation and the parameters of the SLR system, the number of laser echoes and laser ranging precision of the TP-1B satellite laser ranging have been calculated. Finally, SLR stations were used to track and perform ranging precision experiments on the TP-1B satellite. The actual measurement results at the SLR station show that the ranging precision is 5.3 mm and the average number of echo photons per second reaches 459. These results are consistent with the previous theoretical calculations and analysis, which further validates the effectiveness of the designed LRA and will guide the design of future LRA. © 2025 Elsevier B.V., All rights reserved.","Ccr; Effective Reflective Area Distribution; Lra; Ranging Precision; Slr; Dihedral Angle; Reflectometers; Cube Corner Retro-reflector; Effective Reflective Area Distribution; Field Of Views; Laser Ranging; Laser Retro-reflector Array; Ranging Precision; Reflector Arrays; Retro-reflectors; Satellite Laser Ranging; Geodetic Satellites"
"Spatiotemporal estimation and local driver analysis of fractional vegetation coverage in the Three-North region, China","2025","Advances in Space Research","10.1016/j.asr.2025.05.071","https://www.scopus.com/inward/record.uri?eid=2-s2.0-105007719600&doi=10.1016%2Fj.asr.2025.05.071&partnerID=40&md5=b5fd31917c5664e7d3a051ea93cc3a0c","Understanding the spatio-temporal dynamics of fractional vegetation coverage (FVC) and its driving factors is imperative for advancing ecological management and fostering sustainable development. Towards the Three-North region of China, five distinct nonnegative matrix factorization models were employed to estimate FVC. The quadratic optimization derived from improved constrained nonnegative matrix factorization, IC-NMF<inf>2</inf>, was implemented to refine FVC estimation from 2000 to 2022. The spatial evolution pattern and change trend analysis were performed. The global and local drivers of FVC were analyzed using optimal parameter-based geographic detector (OPGD) and geographically weighted random forest (GWRF) model. The findings indicated that the IC-NMF<inf>2</inf> model outperformed other models in estimation accuracy and stability. FVC in the Three-North region had notable directional and regional characteristics, with a predominant tendency of either improvement or relative stability. However, localized degradation was observed, particularly in the Tianshan Mountains and the Beijing-Tianjin-Hebei region. Both OPGD and GWRF analyses consistently identified average relative humidity and accumulated precipitation as the primary global drivers of FVC, which showed a bi-enhance interactive effect. Average relative humidity was the first local influencing factor of FVC in most regions, showing strong spatial alignment with FVC distributions. By integrating local factor importance with trend analysis, more precise recommendations for ecological protection and management for sub-regions can be formulated. This study demonstrates great potential for application in other regions, especially in monitoring vegetation ecosystems and their dynamic responses to global climate changes in desert areas. © 2025 Elsevier B.V., All rights reserved.","Ecological Protection; Fractional Vegetation Coverage; Geographically Weighted Random Forest; Improved Constrained Nonnegative Matrix Factorization; Optimal Parameter-based Geographic Detector; Abiotic; Biotic; Ecosystems; Global Warming; Matrix Algebra; Non-negative Matrix Factorization; Ecological Protection; Fractional Vegetation Coverage; Geographically Weighted Random Forest; Geographics; Improved Constrained Nonnegative Matrix Factorization; Nonnegative Matrix Factorization; Optimal Parameter; Optimal Parameter-based Geographic Detector; Random Forests; Vegetation Coverage; Vegetation"
"Autonomous correction of hydrogen maser clocks with a small X-ray pulsar detector in low earth orbit","2025","Advances in Space Research","10.1016/j.asr.2025.05.056","https://www.scopus.com/inward/record.uri?eid=2-s2.0-105007538608&doi=10.1016%2Fj.asr.2025.05.056&partnerID=40&md5=858038100d1be905595f82fb8af0cf62","This study explores the application of autonomously correcting the offset of spaceborne clocks using a small X-ray pulsar detector in low Earth orbit. The XPNAV-1 observational data, which includes artificially introduced relative frequency deviations and drifts, is corrected using three methods: the residuals fitting method, the Significance Enhancement of Pulse-profile (SEP) method, and a newly developed technique called the Significance Fall of Pulse-profile (SFP) method. For a relative frequency deviation of k<inf>f</inf> = 1 × 10−11, the SEP and SFP methods require 315 days and 285 days of observation data to achieve corrections with under 5 % relative error, while the residuals fitting method necessitates 422 days of data. We also trace the UTC timestamps from XPNAV-1 back to two actual hydrogen clocks. The SFP method has the best correction accuracy and uses 12 and 15 months of observation data to achieve the clock offset of two clocks below 10 microseconds, respectively. To obtain valid results, at least 9 months of observation from XPNAV-1 is required to correct spaceborne cesium clocks, and at least 15 months of observation is needed for correcting spaceborne hydrogen clocks. © 2025 Elsevier B.V., All rights reserved.","Clock Offset; Correction; Pulsar; Spaceborne Clock; X-ray Observation; Atomic Clocks; X Ray Detectors; X Ray Laboratories; Clock Offset; Correction; Earth Orbits; Profile Method; Pulse Profile; Relative Frequencies; Space-borne; Spaceborne Clock; X-ray Observations; X-ray Pulsars; X-ray Astronomy"
"Spatiotemporal evolution of ecological environment and its industrial structure effect","2025","Advances in Space Research","10.1016/j.asr.2025.05.057","https://www.scopus.com/inward/record.uri?eid=2-s2.0-105007456506&doi=10.1016%2Fj.asr.2025.05.057&partnerID=40&md5=6930f6036953474082ed6c4838399cd3","The eco-environmental issues arising from the industrial structure are directly related to the regional sustainable progress. The panel data of eco-environment and industrial structure of Shandong Province from 2003 to 2022 were used in this paper, the eco-environment quality was investigated by techniques like TOPSIS and principal component analysis. Additionally, the effects of industrial structure on eco-environment quality were examined through panel vector autoregressive model and its impulse response analysis and variance decomposition as well as a Granger causality test. The findings indicated that: (1) Between 2003 and 2022, the eco-environment quality of Shandong Province improved in all cities, with different levels of environmental pollution and governance, along with notable spatial and temporal disparities in eco-environment quality levels. The industrial structure of Shandong Province had gradually changed from a “two, three, one” pattern dominated by the secondary industry to a “three, two, one” pattern dominated by the tertiary sector, in addition the level of rationalization and advanced of the industrial structure had steadily increased. (2) A notable Granger causality existed among the proportion of output value of the secondary industry (PSI), the tertiary industry (PTI), the ratio of tertiary to secondary industry output (RTS), the diversity of the structure of the three industries (IS3), the advanced of the industrial structure (AIS), and the rationalization of the industrial structure (RIS, RISI), with eco-environment quality. Industrial structure change and advanced industrial structure had significant effects on eco-environment quality; industrial structure diversity had different effects on eco-environment quality in different periods; the industrial structure rationalization had negative effects on eco-environment quality. (3) PTI, RTS, IS3 and AIS contributed positively to the level of eco-environment system quality, with a significant promotion effect at short notice, with a weakening trend; The short-term shocked of PSI and IS19 adversely affect the level of ecological quality, followed by a gradual shift to a positive effect; while RIS and RISI shocks negatively affected the level of eco-environment system quality, and the negative impact gradually diminishes with the prolongation of time. The impact of RIS and RISI negatively affected the level of eco-environment quality, which gradually weakened with the prolongation of time. (4) The overall trend of the contribution of industrial structure indexes to eco-environment quality indicated an increase, the contribution rate of PSI and PTI to the eco-environment system quality grows most significantly, reaching 8.19 % and 4.97 % respectively. © 2025 Elsevier B.V., All rights reserved.","Ecological Environment Quality; Granger Causality; Impulse Response; Industrial Structure; Pvar; Variance Decomposition; Biospherics; Climate Change; Ecosystems; Eco-environments; Ecological Environment Quality; Ecological Environments; Environment Quality; Granger Causality; Industrial Structures; Pvar; Rationalisation; Shandong Province; Variance Decomposition; Environmental Impact"
"Importance of solenoid valve selection for performance of a cold gas thruster for an orbital experimental module","2025","Advances in Space Research","10.1016/j.asr.2025.05.064","https://www.scopus.com/inward/record.uri?eid=2-s2.0-105007308880&doi=10.1016%2Fj.asr.2025.05.064&partnerID=40&md5=6c813fc49ad2f33d467d3984f9f1a66d","Cold gas propulsion systems are the simplest manifestation of a propulsion system. This paper reports the design, development and testing of a gaseous helium based cold gas propulsion system for 1.0 N nominal vacuum thrust with a specific impulse of ∼200 s. The thruster is meant for 3-axis stabilization which calls for pulse mode operation with a high cyclic life and faster response. An in-house developed solenoid flow control valve (FCV) was used for on–off control of the thruster. The FCV is an important element present in the thruster due to the presence of movable parts. Hence, the propulsion system design is discussed with emphasis on the design aspects of the FCV for meeting the end use requirements. The important design aspects for the FCV are its ability to withstand a large cyclic actuation life requirement necessary for extended on-orbit operation, hard-on-soft sealing to ensure leak tightness at lower temperatures and its ability to respond in a faster manner for variations in operating pressure and supply voltage. In addition, its ability to withstand continuous coil energisation has also been demonstrated. The FCV is of flexure type construction with hinged ends resulting in an absence of sliding pairs. Hence, a cyclic life, demonstrated up to 1 million cycles, could be achieved for the FCV and the propulsion system. The valve along with the thruster has been extensively characterised and tested under vacuum condition for both steady state operation and pulse width modulation (PWM) with varying duty cycles. Correlation between sea level and vacuum thrust has also been established. It is seen that the vacuum thrust is more than the sea level thrust by 50 % under nominal operating conditions. Effect of nominal and off-nominal operating conditions on achieved thrust has also been studied. A detailed description of the valve design, thruster configuration, vacuum & sea level thrust observations, results of steady state and PWM testing, system on and off response are reported in this paper. © 2025 Elsevier B.V., All rights reserved.","Cold Gas Thrusters; Cubesat Propulsion; Cyclic Life; On-response; Pull In Voltage; Pulse Width Modulation; Ability Testing; Electric Propulsion; Pulse Position Modulation; Cold Gas Propulsion System; Cold-gas Thrusters; Cubesat; Cubesat Propulsion; Cyclic Lives; Flow Control Valves; On-response; Propulsion System; Pull-in-voltage; Pulsewidth Modulations (pwm); Pulse Width Modulation"
"Assessment of Tianmu-1 multi-GNSS-R global soil moisture products","2025","Advances in Space Research","10.1016/j.asr.2025.05.066","https://www.scopus.com/inward/record.uri?eid=2-s2.0-105007166340&doi=10.1016%2Fj.asr.2025.05.066&partnerID=40&md5=b92c948c79eb962774a465e754f3db56","Tianmu-1 (TM-1) is China's commercial remote sensing satellite constellation. Equipped with the global navigation satellite system occultation sounder M (GNOS-M), TM-1 generates soil moisture (SM) products based on GNSS reflectometry (GNSS-R) signals from the BeiDou navigation satellite system (BDS), global positioning system (GPS), Galileo, and GLONASS. This study comprehensively assessed the TM-1 global SM products authorized for use from October 1 to November 30, 2023. The assessment used two reference datasets: the soil moisture active passive (SMAP) satellite data and the international soil moisture network (ISMN) station data. The assessment of TM-1 Level 1 (L1) observations revealed stable instrument performance and strong agreement across multi-GNSS observations. The assessment of TM-1 Level 2 (L2) SM products revealed comparable performance among the systems. Comparison with SMAP SM data showed correlation coefficients (R) ranging from 0.85 to 0.86, root mean square error (RMSE) from 0.057 to 0.058 cm3/cm3, and mean bias error (MBE) from −0.008 to −0.005 cm3/cm3 for multi-GNSS observations. Comparisons with the ISMN 262 stations data showed R ranging from 0.60 to 0.66, RMSE from 0.060 to 0.064 cm3/cm3, and MBE from 0.002 to 0.011 cm3/cm3. Additionally, detailed analyses based on geographical zones and land cover classifications were conducted to refine the assessment results. The results confirmed that the TM-1 SM products have good accuracy and reliability, meeting the requirements for meteorological, hydrological, and agricultural applications. © 2025 Elsevier B.V., All rights reserved.","Gnos-m; Gnss-r; Ismn; Smap; Soil Moisture Products; Tianmu-1; Arid Regions; Coastal Zones; Global Positioning System; Rural Areas; Seed; Silt; Tropics; %moisture; Active/passive; Global Navigation Satellite System Occultation Sounder M; Global Navigation Satellite Systems; Gnss Reflectometry; International Soil Moisture Network; Reflectometry; Soil Moisture Active Passive; Soil Moisture Networks; Soil Moisture Product; Tianmu-1; Soil Moisture"
"Evaluating spectral indices from MODIS to predict maize and soybean regional yields","2025","Advances in Space Research","10.1016/j.asr.2025.05.070","https://www.scopus.com/inward/record.uri?eid=2-s2.0-105007106468&doi=10.1016%2Fj.asr.2025.05.070&partnerID=40&md5=d442f99f3d4c477790513f7befc75de3","A regression model with spectral information and dummy variables was developed and evaluated for predicting regional maize and soybean yield in the agricultural rain-fed region of Córdoba, Argentina. The study area comprises eleven departments that currently harvest more than 80 % of the provincial production of maize and soybean. In this study monthly Normalized Difference Vegetation Index (NDVI) product (MOD13C2) and daytime Land Surface Temperature (LST) product (MOD11C3) derived from the MODIS sensor on board of TERRA satellite were used as model input. From these data Temperature Vegetation Dryness Index (TVDI) was calculated and assessed also. In total, 19 summer crop seasons were analyzed between 2000/2001 and 2018/2019. There is a close and negative relationship between the NDVI, with both LST and TVDI. The best regression models with dummy variables were selected to estimate yield variation on a regional scale are integrated both with spectral information, as LST from January and NDVI from February, and factors linked to edaphic and management differences of each department, as well as the technological improvement in the model for soybean. By using an adaptation of the Leave One Out Cross-Validation (LOOCVad) technique, model accuracy was verified. The Residual Standard Error (RSE) obtained each year was, mostly, lower than that obtained for the entire record (general models). The mean RSE obtained for the set of years was 279.4 and 579.4 kg ha−1 for soybean and maize, respectively, which are below those obtained from the general models (354.7 and 788.6 kg ha−1, respectively). © 2025 Elsevier B.V., All rights reserved.","Lst; Ndvi; Tdvi; Water Stress; Grain (agricultural Product); Linear Regression; Polynomial Regression; Dummy Variables; General Model; Land Surface Temperature; Normalized Difference Vegetation Index; Regression Modelling; Spectral Information; Standard Errors; Tdvi; Temperature-vegetation Dryness Indices; Water Stress; Logistic Regression"
"Reentry trajectory optimization with generalized waypoint constraint using adaptive matching-correction strategy","2025","Advances in Space Research","10.1016/j.asr.2025.05.051","https://www.scopus.com/inward/record.uri?eid=2-s2.0-105007103254&doi=10.1016%2Fj.asr.2025.05.051&partnerID=40&md5=f05fd494b30fd521bb0a31396b1010a6","The reentry trajectory optimization problem with the generalized waypoint constraint is solved using the adaptive matching-correction strategy in this paper. Generally, the reentry trajectory optimization problems are complicated due to their highly nonlinear dynamics and complex path constraints. Particularly, this paper considers the generalized waypoint constraint and proposes the adaptive matching-correction strategy to handle it. Two steps are included in the proposed strategy: “matching step” and “correction step”. The core idea is to find the edge that best matches the generalized waypoint constraint in the process of algorithm iteration, and then pull the edge into the constraint's zone. Compared with the traditional methods to cope with similar problems, the idea of multi-phase optimization is not needed, enhancing the algorithm's ability to tackle the abrupt appearance of the generalized waypoint. Extensive numerical simulations with comparisons are provided to demonstrate the superior performance of the proposed strategy. © 2025 Elsevier B.V., All rights reserved.","Adaptive Matching-correction Strategy; Reentry Trajectory Optimization; Sequential Convex Programming; Waypoint Constraint; Iterative Methods; Adaptive Matching; Adaptive Matching-correction Strategy; Best Match; Matchings; Optimization Problems; Path Constraint; Reentry Trajectory Optimizations; Sequential Convex Programming; Waypoint Constraint; Waypoints; Convex Optimization"
"Herbig AeBe stars with low infrared excess","2025","Advances in Space Research","10.1016/j.asr.2025.05.052","https://www.scopus.com/inward/record.uri?eid=2-s2.0-105007014534&doi=10.1016%2Fj.asr.2025.05.052&partnerID=40&md5=ec52c8ad009705fcf24790bb196a119a","The spectral energy distribution (SED) curves analysis results for 48 Herbig AeBe stars (HAeBeS) and 13 young stellar objects from the Orion star-forming complex are presented. All 13 Orion stars and 8 HAeBe stars showed weak residual IR emission in the wavelength range λ ≥ 10 μm. Compared to other HAeBe stars, members of this subgroup show no or in some cases weak emission in the Hα line. We call this group “Weak Herbig AeBe stars” (WHAeBeS). The SED curves of the program stars are classified according to the magnitude of the IR excess radiation. The physical parameters of all the program stars were calculated. It was shown that the SED of the selected subgroup of WHAeBe stars and the stars of the Orion nebula OB1 are identical. Despite the youth of these stars, the reason for the relatively rapid dissipation of the circumstellar disk of the WHAeBe stars is unclear. © 2025 Elsevier B.V., All rights reserved.","Circumstellar Disks; Haebe Stars – Sed Curves; Planet Formation Processes; Pre-main Sequence Stars; Circumstellar Disks; Energy Distribution Curves; Formation Process; Haebe Star – Spectral Energy Distribution Curve; Main Sequence Stars; Planet Formation; Planet Formation Process; Pre-main Sequence Star; Pre-main Sequences; Spectral Energy Distribution"
"Comparative analysis of the seasonal and intra-seasonal geocenter motion derived from GNSS displacements: IGS Repro3 and Repro2","2025","Advances in Space Research","10.1016/j.asr.2025.05.040","https://www.scopus.com/inward/record.uri?eid=2-s2.0-105007011717&doi=10.1016%2Fj.asr.2025.05.040&partnerID=40&md5=bb01c095088e79ff1c8725e75666e188","Geocenter motion (GCM), driven by the largest-scale mass redistribution within the Earth system, requires precise determination for accurate geodetic measurements. This study investigates the contribution of recent International GNSS Service (IGS) data processing to GCM estimation by comparing results from two major reprocessing campaigns (repro2 and repro3) for the period 2003–2014. The degree-1 deformation approach is used in this study. We also examine the impact of two non-loading errors—draconitic errors (DRE) and thermal expansion of bedrock (TEB)—on these GCM estimates. At the annual timescale, repro3 GCM outperforms repro2 GCM in the Y component and shows a slight improvement in the X component, while both provide comparable estimates in the Z component. The relatively poorer performance of repro2 in the Y component is primarily due to more significant DRE, with the annual phase deviation reduced from 56° to 20° after DRE correction. TEB correction reduces the annual amplitudes of the Z component by approximately 1.7 mm, bringing them into better agreement with independent references. At the intra-seasonal timescale, repro2 exhibits more scatter compared to repro3, but DRE corrections improve their consistency. In conclusion, the more pronounced draconitic errors in repro2 contribute to its lower accuracy compared to repro3 for both seasonal and intra-seasonal GCM variations. With DRE mitigated, the consistency of repro2 GCM with independent references can be improved to a level comparable to that of repro3 in terms of overall agreement. We recommend mitigating DRE at the station position residual level for repro2. © 2025 Elsevier B.V., All rights reserved.","Geocenter Motion; Gnss Inversion; Igs Reprocessing Campaigns; Intra-seasonal Variations; Seasonal Variations; Geodesy; Errors Correction; Geocenter Motion; Gnss Inversion; International Gnss Service Reprocessing Campaign; Intra-seasonal; Intra-seasonal Variation; Seasonal Variation; Thermal; Time-scales; Greenhouse Effect"
"Estimation of PM2.5 concentration in southern China using stacked machine learning models based on GNSS and radiosonde precipitable water vapor","2025","Advances in Space Research","10.1016/j.asr.2025.05.038","https://www.scopus.com/inward/record.uri?eid=2-s2.0-105007011383&doi=10.1016%2Fj.asr.2025.05.038&partnerID=40&md5=02a94296886c3665d6633961d09971f3","The technology for retrieving precipitable water vapor (PWV) using Global Navigation Satellite System (GNSS) has already reached maturity, and it shows a relatively strong correlation with PM<inf>2.5</inf>. Nevertheless, there is a lack of specifically developed algorithms for the relationship between PWV and PM<inf>2.5</inf>. This study focused on the southern region of China, data from GNSS stations, radiosonde (RS) stations, and co-located pollution monitoring stations in southern China during 2019–2022 were collected. The correlations between PM<inf>2.5</inf> and meteorological data, such as PWV, water vapor pressure, pressure, and temperature, were thoroughly investigated. It was found that the correlations between PWV and PM<inf>2.5</inf> were generally high yet exhibited regional variations. Based on these findings, a stacked machine learning (SML) model was innovatively developed for estimating PM<inf>2.5</inf> concentrations. During the model construction process, random forest (RF) and back-propagation neural network (BPNN) sub-models were developed, and the SML model was constructed by integrating the advantages of the two through the multiple linear regression model. The SML model performed outstandingly, its R2reached 0.88, and the root mean square error (RMSE) and mean absolute error (MAE) were significantly reduced compared with those of other models. It demonstrated a high-precision estimation ability in medium and low concentration intervals (0–10, 10–20, 20–30 µg/m3), with MAE and RMSE being respectively less than 4.50 µg/m3and 5.90 µg/m3. On an hourly scale, the SML model exhibited stable performance, with R2ranging from 0.84 to 0.93. In addition, the study also revealed that the PM<inf>2.5</inf> concentrations in southern China had significant regional characteristics, with the highest levels in the northeastern region and the lowest in the western region, which were closely related to terrain and population factors. © 2025 Elsevier B.V., All rights reserved.","Gnss; Machine Learning; Pm2.5; Precipitable Water Vapor; Backpropagation; Emission Control; Global Positioning System; Logistic Regression; Mean Square Error; River Pollution; Water Pollution Control; Global Navigation Satellite Systems; Machine Learning Models; Machine-learning; Mean Absolute Error; Model-based Opc; Pm 2.5; Precipitable Water Vapour; Root Mean Square Errors; Southern China; Water Vapour Pressure; Multiple Linear Regression"
"Surface water salinity modeling for the Mekong Delta of Vietnam using hourly salinity observed data, remote sensing, and machine learning models","2025","Advances in Space Research","10.1016/j.asr.2025.05.055","https://www.scopus.com/inward/record.uri?eid=2-s2.0-105006949428&doi=10.1016%2Fj.asr.2025.05.055&partnerID=40&md5=88dd7f07c198776f748daaf4693fbfcc","Coastal and estuarine regions are facing the complicated problem of salinity intrusion. Remote sensing and Machine Learning (ML) have emerged as powerful tools for monitoring and predicting water quality changes. This study proposes a novel approach for surface water salinity prediction in the Mekong Delta, Vietnam, by integrating hourly in-situ salinity observation data, remote sensing data, and advanced ML models. We collected observed hourly data of 535 samples from 68 salinity stations in 2019 and 2020. Fifty-two influencing factors for salinity prediction modeling were prepared based on the critical review of previous studies, satellite images, and local geo-environmental conditions. The Bayesian Model Averaging technique is used to identify and select the optimal input variables for modelling. Three single and two ensemble ML models, including Bagging, Random Forest (RF), 1D-Convolution Neural Network (1D-CNN), Particle Swarm Optimization-Bagging, and Particle Swarm Optimization-Random Forest, were developed to create surface water salinity prediction maps. Based on the results of calculating popular statistical indicators, the Particle Swarm Optimization-Random Forest model has outstanding accuracy compared to the remaining ML models, so it is selected to generate the surface water salinity map for the study area. This map can assist decision makers in mitigating the impacts of saltwater intrusion on local livelihoods and planning for sustainable water resource protection. These contributions advance geospatial analysis for hydrological modeling and provide a robust framework for real-time salinity assessment in vulnerable coastal regions. © 2025 Elsevier B.V., All rights reserved.","Landsat-8; Machine Learning; Mekong Delta; Remote Sensing; Salinity Intrusion; Vietnam; Convolutional Neural Networks; Estuaries; Landsat; Rivers; Salinity Measurement; Surface Water Resources; Landsat; Landsat-8; Machine Learning Models; Machine-learning; Mekong Delta; Particle Swarm; Remote-sensing; Salinity Intrusion; Viet Nam; Water Salinity; Salt Water Intrusion"
"Machine learning-based modeling of tropospheric wet delay using layered atmospheric data","2025","Advances in Space Research","10.1016/j.asr.2025.05.062","https://www.scopus.com/inward/record.uri?eid=2-s2.0-105006942368&doi=10.1016%2Fj.asr.2025.05.062&partnerID=40&md5=2f7be39d6265095a5f13bada372e5534","Accurately modeling tropospheric delay remains a challenge due to the high spatiotemporal variability of water vapor in the lower atmosphere. In this study, Tropospheric Wet Delay (ZWD) was estimated using two machine learning (ML) approaches—Extreme Gradient Boosting (XGBoost) and Light Gradient Boosting Machine (LightGBM)—based on the ERA5 reanalysis dataset from the European Centre for Medium-Range Weather Forecasts (ECMWF). The models were trained on data from 2016 to 2020 and tested on 2021 data. Without incorporating surface meteorological data, XGBoost and LightGBM achieved root mean square (RMS) errors of 4.04 cm and 3.93 cm, respectively, both outperforming the GPT3 empirical model (4.20 cm). When surface meteorological variables were included, the accuracy improved further, with RMS values reduced to 3.17 cm and 3.06 cm. These results represent improvements of 26.96 % and 29.49 % over the traditional Saastamoinen model. Compared with the A&N(e<inf>s</inf>) model, improvements of 4.80 % and 8.10 % were achieved. Relative to the widely used Random Forest (RF) model, XGBoost and LightGBM reduced RMS errors by up to 19.14 % without meteorological data, and by 6.71 % when such data were included. Overall, both XGBoost and LightGBM demonstrate robust and consistent performance, maintaining high estimation accuracy under complex geographical conditions and varying climatic scenarios, outperforming both empirical and other ML-based models. © 2025 Elsevier B.V., All rights reserved.","Lightgbm; Machine Learning (ml); Tropospheric Wet Delay (zwd); Xgboost; Magnetosphere; Weather Forecasting; Atmospheric Data; Gradient Boosting; Learning Based Models; Light Gradient Boosting Machine; Light Gradients; Machine Learning; Machine-learning; Root Mean Square Errors; Tropospheric Wet Delay (zwd); Xgboost; Ionosphere"
"First simultaneous Na/K lidar observations of meteor trains at São José dos Campos, Brazil (23.1°S, 45.9°W) using a dual-beam sodium and potassium lidar system","2025","Advances in Space Research","10.1016/j.asr.2025.05.065","https://www.scopus.com/inward/record.uri?eid=2-s2.0-105006938934&doi=10.1016%2Fj.asr.2025.05.065&partnerID=40&md5=d87b632c2eed8dd5666357890a207a6a","We report the first simultaneous observation of meteor trains using the dual-beam sodium and potassium (Na/K) LIDAR system installed at São José dos Campos (23.1°S, 45.9°W), Brazil. We investigate the spatial and altitude distribution of meteor trains and evaluate their temporal variability throughout the year 2018. Through statistical analysis, this study provides critical insights into the physical properties and dynamics of meteor trains. The column abundance, density, Na/K ratio, duration, and frequency are systematically explored, shedding light on the dynamic characterization of these celestial phenomena. Our findings underscore that the majority of meteor trains detected by the lidar technique occurs within the altitude range of 83–90 km. These enhancements are more prominent in the K signal than the Na signal. In the analysis of the 2018 Na/K LIDAR data, it is evident that the majority of trains occur predominantly around 2100 LT, as seen in June and July, with the highest meteor activities being observed during April, May, July, September, November, and December. This temporal variability strongly suggests potential seasonal influences on the occurrence of meteor trains. © 2025 Elsevier B.V., All rights reserved.","Meteor Lidar Observation; Meteor Trains; Na And K Lidar; Sodium And Potassium Abundances Into The Meteor Trains; Altitude Distributions; Dual-beam; Lidar Observation; Lidar Systems; Meteor Lidar Observation; Meteor Train; Na And K Lidar; Simultaneous Observation; Sodium And Potassium Abundance Into The Meteor Train; Temporal Variability; Railroad Transportation"
"PPP ambiguity resolution for GPS/Galileo/BDS-3 using different multi-frequency OSB products","2025","Advances in Space Research","10.1016/j.asr.2025.05.046","https://www.scopus.com/inward/record.uri?eid=2-s2.0-105006695841&doi=10.1016%2Fj.asr.2025.05.046&partnerID=40&md5=6f5c51e9ed4227624d2a6eb691b9f403","The implementation of observable-specific signal biases (OSBs) has significantly enhanced the efficiency of multi-frequency Precise Point Positioning (PPP) with Ambiguity Resolution (AR). By correcting raw observations for the corresponding code and carrier-phase biases, the integer properties of ambiguities can be restored for all frequencies or their combinations. Wuhan University and the French Centre National d’Études Spatiales (CNES) provide multi-frequency OSB products. The performance of these OSB products was evaluated using GNSS data from 50 IGS stations collected over a 30-day period in 2024 through the undifferenced and uncombined GPS/Galileo/BDS-3 PPP cascading AR method (PPP-CAR). The results demonstrate that, after applying the OSB corrections, over 87 % of the wide-lane (WL) ambiguity residuals for GPS, Galileo, and BDS-3 MEO satellites fall within ±0.15 cycles, with WL ambiguity fixing rates exceeding 95 %. For narrow-lane (NL) ambiguities, except for BDS-3 when using CNES-gbm products, more than 79 % of the residuals fall within ±0.15 cycles, with fixing rates surpassing 90 %. Substantial variations in ambiguity resolution performance and positioning accuracy were observed across stations, primarily linked to the receiver type. Septentrio receivers demonstrated superior performance compared to Trimble and Javad receivers. Incorporating multi-frequency observations significantly reduced PPP-CAR convergence times. Triple-frequency PPP-CAR achieved a 43 %–50 % improvement in convergence times compared to its dual-frequency counterpart. However, due to the inaccuracy of receiver PCO corrections for frequencies beyond the reference frequencies, the improvements of quad-frequency and five-frequency PPP-CAR over triple-frequency PPP-CAR were relatively limited. This limitation also led to slightly reduced vertical positioning precision for multi-frequency PPP compared to dual-frequency PPP after convergence. © 2025 Elsevier B.V., All rights reserved.","Cascading Ambiguity Resolution; Multi-gnss; Observable-specific Signal Biases; Precise Point Positioning; Image Analysis; Image Coding; Image Compression; Image Reconstruction; Image Segmentation; Ambiguity Resolution; Cascading Ambiguity Resolution; Convergence Time; Galileo; Multi Frequency; Multi-gnss; Observable-specific Signal Bias; Performance; Precise Point Positioning; Triple Frequency; Global Positioning System"
"Reclaimed-land subsidence mechanism analysis and evolution prediction of Tianjin Binhai New Area, China based on time-series InSAR observations","2025","Advances in Space Research","10.1016/j.asr.2025.05.045","https://www.scopus.com/inward/record.uri?eid=2-s2.0-105006682687&doi=10.1016%2Fj.asr.2025.05.045&partnerID=40&md5=9071588d6ced4a36a3fcba2690116158","Over the past few decades, as the scale of land reclamation projects has increased worldwide, monitoring and predicting the consolidation settlement of fill soil in coastal areas has become an important research topic in engineering construction and disaster prevention and mitigation. In order to thoroughly investigate the subsidence mechanism and deformation evolution of reclaimed land areas, a combined approach of temporal InSAR land subsidence extraction algorithm and ground deformation prediction model was attempted to develop a method for monitoring deformation and predicting consolidation in land reclamation areas. The Tianjin Binhai New Area (TBNA) was selected as a typical study area. Initially, 155 Sentinel-1A images from January 2018 to November 2023 were acquired, and the surface subsidence over the past five years in the region was monitored using an improved SBAS-InSAR algorithm model. Subsequently, by analyzing the effects of reclamation time, building loads, and groundwater extraction on surface subsidence, the surface subsidence mechanism in TBNA was revealed. Based on this, short-term and long-term deformation prediction models for consolidation settlement analysis of fill soil were constructed using LSTM model and geotechnical model, respectively. Finally, the spatial–temporal distribution and evolution prediction of uneven subsidence in TBNA were obtained. The results showed that the consolidation settlement of fill soil caused by land reclamation and excessive groundwater extraction are the main reasons for surface subsidence in TBNA. Currently, most of the reclaimed land areas in TBNA have entered the secondary consolidation and creep consolidation stages, with some coastal areas still in the initial consolidation stage, exhibiting higher subsidence rates. Serious subsidence is observed in the eastern coastal areas of TBNA, as well as in the northern areas of Hangu Street, Zaishang Street, and the southern towns of Xiaowangzhuang and Taiping, with a maximum subsidence rate of −237 mm/year. Combining LSTM model and geotechnical model for subsidence prediction facilitates complementary advantages, thereby enhancing understanding and anticipation of future subsidence trends in TBNA. The technical approach and research findings proposed in this study can serve as references for surface subsidence monitoring and safety risk assessment in TBNA and similar land reclamation areas. © 2025 Elsevier B.V., All rights reserved.","Deformation Prediction; Ground Subsidence; Insar; Land Reclamation; Mechanism Analysis; Emergency Services; Oil Wells; Revegetation; Water Recycling; Coastal Area; Consolidation Settlement; Deformation's Predictions; Insar; Land Areas; Land Subsidence; Mechanism Analysis; Reclaimed Land; Surface Subsidence; Tianjin Binhai New Areas; Disaster Prevention"
"Fibers drawn out from melting lunar regolith simulant: An appealing approach to support the lunar in-situ resource utilization","2025","Advances in Space Research","10.1016/j.asr.2025.05.050","https://www.scopus.com/inward/record.uri?eid=2-s2.0-105006491442&doi=10.1016%2Fj.asr.2025.05.050&partnerID=40&md5=b37b89bd31a7aeaa46a9c80cc327bc29","Lunar regolith fibers fabricated in situ have the great potential to serve as engineering materials essential for various future lunar surface development missions. This study investigated the potential in-situ resource utilization of applicable fabrication equipment, the lunar regolith simulant fibers fabrication process, and the impact of thermal post-treatment on fiber properties. Initially, the thermokinetic and rheological characteristics of the HIT-L-1 lunar regolith simulant were analyzed. Subsequently, the influence of process parameters on fiber diameter and temperature was examined via numerical analysis and fiber fabrication experiments. Finally, the effects of thermal post-treatment on the microstructure, apparent state, and mechanical and surface properties of the fibers were evaluated. The results indicated that a simplified fiber preparation process tailored to the lunar surface environment could produce continuous lunar soil fibers successfully. Melt flow rate, winding speed, and traction distance were identified as the main process parameters affecting fiber diameter and temperature. The thermal treatment at 875 °C for 15 min resulted in a maximum tensile strength of 301.57 MPa for the lunar regolith simulant fibers, representing a 136 % increase. Thermal post-treatment is an effective way of adjusting the surface energy characteristics of lunar regolith simulant fibers. This paper provides a fundamental basis for lunar regolith production and broadens the path of in-situ resource utilization. © 2025 Elsevier B.V., All rights reserved.","In-situ Resource Utilization; Lunar Regolith Fiber; Surface Energy; Tensile Strength; Thermal Post-treatment; Fabrication; Silk; Textile Fibers; Thermal Engineering; Wool Fibers; Energy; Engineering Materials; Fabrication Equipment; Fiber Diameters; In-situ Resource Utilizations; Lunar Regolith; Lunar Regolith Fiber; Lunar Surface; Surface Development; Thermal Post-treatments; Flax"
"Enhancing Whipple shield defense against hypervelocity impacts: Influence of impactor geometry and surface treatments","2025","Advances in Space Research","10.1016/j.asr.2025.05.041","https://www.scopus.com/inward/record.uri?eid=2-s2.0-105005961153&doi=10.1016%2Fj.asr.2025.05.041&partnerID=40&md5=558a568d392acc0fd13a9204d04417e7","Spacecraft shields are essential for protecting spacecraft from damage caused by space debris and micrometeoroids. Depending on the source, naturally occurring impactors can reach velocities up to 72 km/s or even higher, particularly for stellar particles, presenting significant challenges for shield impact resistance. In order to enhance the debris protection performance of the Whipple shield, optimize debris cloud distribution, and improve debris kinetic energy dissipation, an SPH model incorporating eight non-spherical impactors and a Whipple shield was established and experimentally validated. This study investigates how the shape and state of the impactor, as well as the shield's surface condition, affect the impact process using LS-DYNA. Additionally, four reinforcement designs for the Whipple shield were numerically simulated and analyzed. Results indicate that a vertical impact from a dumbbell-shaped projectile causes the most damage to the shield. The tungsten carbide coating significantly improves the kinetic energy dissipation rate of the impactor, reaching 65 %, which is 137 % higher than that of the traditional Whipple shield. The shot-peened shield expands the fragment cloud distribution area, effectively blocking impact fragments. Statistical analysis of fragment shape and orientation reveals a significant linear correlation between the center of mass height, the shield's normal projected area, and the kinetic energy dissipation of non-spherical impactors. This model can predict Whipple shield damage from such impactors. © 2025 Elsevier B.V., All rights reserved.","Atypical Space Debris; Hypervelocity Impact; Sph Simulation; Surface Strengthening Process; Whipple Shield; Shot Peening; Atypical Space Debris; Atypicals; Cloud Distributions; Hypervelocity Impacts; Impactors; Kinetic Energy Dissipation; Sph Simulation; Surface Strengthening; Surface Strengthening Process; Whipple Shield; Kinetic Energy"
"Destabilization mechanisms of electrostatic solitary waves in ion-acoustic regimes within collisionless cometary plasma","2025","Advances in Space Research","10.1016/j.asr.2025.05.031","https://www.scopus.com/inward/record.uri?eid=2-s2.0-105005960064&doi=10.1016%2Fj.asr.2025.05.031&partnerID=40&md5=4d2a23e0c59715ba1d515c55e935dfc3","This study investigates the dynamics of instability and energy of ion-acoustic waves (IAWs) in a magnetized, five-component cometary plasma comprising inertial hydrogen ions (H+), positively/negatively nonextensive charged oxygen ions (O±), and superthermal-distributed solar/cometary electrons. The work results in deriving the Zakharov-Kuznetsov (ZK) equation under nonextensive ion effects, showing how wave stability and energy transmission are governed by electron superthermality, ion nonextensivity, and magnetic geometry. The findings show that phase velocity increases with solar electron densities and superthermality, but decreases with ion nonextensivity of oxygen ions, emphasizing the competition between the ion-driven dissipation and electron thermal pressure. Increased Landau damping and increased electron pressure cause lower negative oxygen ion density to amplify the instability growth rate, gr, by upsetting charge neutrality and causing ion drifts; higher electron densities, on the other hand, cause gr to increase. Energy, E<inf>n</inf>, accumulates with solar electron density, oblique propagation, θ, and weaker magnetic fields, ω, via enhanced nonlinear steepening and dispersive broadening. In contrast, gr peaks at parallel propagation (θ→0°) but declines at oblique angles (θ>θ<inf>c</inf>) as a result of magnetic stabilization. Notably, magnetic fields suppress gr at high θ while enhancing E<inf>n</inf> through wave broadening. The study identifies a critical distinction: E<inf>n</inf> depends on nonlinearity-dispersion balance, whereas gr hinges on electron–ion coupling and resonant interactions. By connecting microscopic wave activity to macroscopic instability thresholds, these findings provide cometary plasma models forward and help to understand Rosetta mission data and forecast wave-driven heating in cometary environments. © 2025 Elsevier B.V., All rights reserved.","Cometary Plasma; Growth Rate; Instability; Solitary Waves; Zk Equation; Electron Density Measurement; Ion Acoustic Waves; Magnetic Levitation; Plasma Collision Processes; Collisionless; Cometary Plasma; Destabilization Mechanisms; Electrostatic Solitary Waves; Energy Of Ions; Ion-acoustic Waves; Non-extensivity; Oxygen Ions; Solar Electrons; Zakharov-kuznetsov Equation; Collisionless Plasmas"
"Understanding the IBEX ribbon using the kinetic model of pickup proton transport in a scatter-free limit","2025","Advances in Space Research","10.1016/j.asr.2025.05.030","https://www.scopus.com/inward/record.uri?eid=2-s2.0-105005953386&doi=10.1016%2Fj.asr.2025.05.030&partnerID=40&md5=cd0924ddfc673cff7d00c068d7b0ce4b","One of the most remarkable discoveries by the Interstellar Boundary Explorer (IBEX) is the ribbon – a narrow band of enhanced energetic neutral atom (ENA) fluxes observed in the sky. The prevailing explanation attributes the IBEX ribbon to the secondary ENA mechanism. In this process, “primary” hydrogen ENAs, produced via charge exchange between solar wind protons and interstellar hydrogen atoms within the heliosphere, travel beyond the heliopause and undergo further charge exchange with protons of the local interstellar medium (LISM), generating pickup protons. Some of these pickup protons subsequently experience charge exchange with interstellar hydrogen atoms, forming “secondary” ENAs, some of which travel back toward the Sun and are detected by the IBEX. This paper presents a kinetic model developed to simulate secondary ENA fluxes. Ribbon simulations are performed using global distributions of plasma and hydrogen atoms in the heliosphere derived from a kinetic-magnetohydrodynamic model of the solar wind interaction with the LISM. The model accounts for all relevant primary ENA populations, including neutralized thermal solar wind protons, neutralized pickup protons, and ENAs originating in the inner heliosheath. The transport of pickup protons beyond the heliopause is described by the focused transport equation for a gyrotropic velocity distribution in the scatter-free limit, assuming no pitch-angle scattering or energy diffusion. Our simulations qualitatively reproduce IBEX-Hi (0.5–6 keV) ribbon observations and exhibit good quantitative agreement at low heliolatitudes. However, the model underestimates fluxes at high heliolatitudes, likely due to the omission of non-stationary solar wind behavior in the stationary framework used in this work. The study highlights the importance of ENAs from the inner heliosheath, a population considered for the ribbon production in the frame of the kinetic model of pickup proton transport in the heliosphere for the first time, for accurately reproducing ribbon fluxes observed by IBEX-Hi at the highest energy steps. © 2025 Elsevier B.V., All rights reserved.","Atoms; Heliosphere; Magnetic Fields; Pickup Protons; Solar Wind; Kinetic Parameters; Magnetoplasma; Plasma Magnetohydrodynamic Waves; Charge-exchange; Energetic Neutral Atom Fluxes; Energetic Neutral Atoms; Heliospheres; Hydrogen Atoms; Kinetic Models; Magnetic-field; Pickup Proton; Proton Transport; Solar/wind; Solar Wind"
"Multipath mitigation for IGS GNSS stations and its application in GNSS satellite clock offset estimation","2025","Advances in Space Research","10.1016/j.asr.2025.05.032","https://www.scopus.com/inward/record.uri?eid=2-s2.0-105005845515&doi=10.1016%2Fj.asr.2025.05.032&partnerID=40&md5=82ebfbbd2a12879c3de7a868c76c1105","Multipath errors, significantly influenced by the observing environment, persist as a critical factor impeding the performance of Global Navigation Satellite System (GNSS) applications. Numerous studies have focused on multipath error modeling and corrections for specific sites. However, the impact of multipath errors still requires to be sufficiently evaluated for International GNSS Services (IGS) stations and considered in the satellite clock offset estimation process. In this study, congruent grid based multipath hemisphere model at the resolution of 1° in elevation angle and azimuth are established for 105 globally distributed IGS stations. The contributions of multipath correction are evaluated by daily static Precise Point Positioning (PPP) at those IGS stations, as well as satellite clock offset estimation using those IGS GNSS observations. Analysis results suggest that obvious multipath errors exist for those IGS GNSS observations and have to be accurately corrected. After multipath correction, the RMS of line-of-sight pseudorange/phase observation residuals declined by 41 %/10 %, 25 %/5 %, and 42 %/16 % for GPS, Galileo, and BDS, respectively, while the daily static PPP accuracies improve by 77.26 % for the up component on average. With respect to satellite clock offset estimation, the average STDs drop by 15.74 %, 11.84 %, 7.74 %, and 8.63 % for GPS, Galileo, BDS IGSO, and BDS MEO satellites. All these results prove the necessity of multipath correction for IGS stations in their applications to satellite clock offset estimation, and possibly satellite precise orbit determination, or other geophysical researches in the future. © 2025 Elsevier B.V., All rights reserved.","Global Navigation Satellite System (gnss); Multipath Mitigation; Precise Point Positioning (ppp); Satellite Clock Offset Estimation; Geodetic Satellites; Global Navigation Satellite System; Global Navigation Satellite Systems; Multi-path Mitigation; Multipath; Multipatherror; Offset Estimation; Precise Point Positioning; Satellite Clock Offset Estimation; Satellite Clock Offsets; Global Positioning System"
