"Title","Year","Source title","DOI","Link","Abstract","Author Keywords"
"The influence of material gradation parallel to two unequal mode-III cracks in functionally graded materials via strain gradient elasticity theory","2024","Applied Mathematical Modelling","10.1016/j.apm.2024.115647","https://www.scopus.com/inward/record.uri?eid=2-s2.0-85202064862&doi=10.1016%2Fj.apm.2024.115647&partnerID=40&md5=3e2623ca8a26d521d1e83ca55f54b2b2","In this article, the strain gradient elasticity (SGE) theory is used to investigate the mechanical behaviour of a functionally graded material (FGM) weakened by two unequal collinear mode-III cracks. The SGE theory uses two material characteristic lengths, ℓ and ℓ′, to account for volumetric and surface strain-gradient factors, respectively. The directions of both cracks coincide with the material gradation, which is oriented parallel to the x-axis. The numerical outcomes of the problem are obtained by constructing the system of equations using the hyper-singular integral-differential equation technique. The influence of the material gradation parameter on various fracture parameters, including the stress intensity factor (SIF), strain and crack surface displacement (CSD), is numerically shown. In addition, different loads are considered while analysing CSD profiles in connection to the gradation parameter β. Furthermore, the effect of inter-crack distance on CSD profiles is comprehensively explored, showing information between crack geometry and material gradation. © 2024 Elsevier B.V., All rights reserved.","Collinear Cracks; Crack Surface Displacement; Functionally Graded Material; Strain Gradient Theory; Stress Intensity Factor; Choquet Integral; Crack Propagation; Stress Intensity Factors; Collinear Cracks; Crack Surface Displacement; Crack Surfaces; Functionally Graded; Graded Materials; Material Gradation; Strain Gradient Elasticity Theories; Strain Gradient Theory; Stress-intensity Factors; Surface Displacement; Integral Equations"
"Anisotropic parameters and bulk waves propagation in arbitrarily-anisotropic materials","2024","Applied Mathematical Modelling","10.1016/j.apm.2024.115640","https://www.scopus.com/inward/record.uri?eid=2-s2.0-85201774279&doi=10.1016%2Fj.apm.2024.115640&partnerID=40&md5=a30cfa48204f9078526a07852469876b","To reflect the anisotropic degree of materials and to further reveal its relevance with the elastic wave propagation in materials, the Thomsen's parameters were proposed for transversely-isotropic materials with weakly anisotropy and were generalized to materials with lower symmetries. This paper derives the complete 21 anisotropic parameters of arbitrarily-anisotropic (triclinic) materials to reflect their anisotropic degree by virtue of the Christoffel equation, as the propagation of generally coupled bulk waves is considered. First, the derivation is conducted analytically on basis of the coordinate transformations to the propagation direction of general bulk waves and to the stiffness matrix of arbitrarily-anisotropic materials involved in the Christoffel equation, but does not require the concrete expanded expression of the Christoffel equation. Then, the influences of any anisotropic parameters on the anisotropy characteristics on arbitrary planes and on the dispersion characteristics along any directions of bulk waves are investigated in detail, which are reflected by the variations of the slowness/phase velocity curves and the comprehensive dispersion curves, respectively. Finally, the influential rules are illustrated and summarized with combination of numerical examples about two typical exemplified anisotropic materials. It is found that the 21 anisotropic parameters for triclinic materials, which can actually be utilized to describe the anisotropic degree for all materials, are divided into five groups according to their influential patterns on the anisotropy characteristics of bulk waves. Furthermore, the dispersion characteristics of each bulk wave mode along specific direction are affected by three anisotropic parameters. © 2024 Elsevier B.V., All rights reserved.","A. Anisotropic Parameters; B. Arbitrarily-anisotropic Materials; C. Bulk Waves; D. Slowness Curves; E. Phase Velocity Curves; F. Dispersion Curves; Anisotropic Media; Anisotropy; Dispersion (waves); Dispersions; Phase Velocity; Stiffness Matrix; A Anisotropic Parameter; Anisotropic Material; B Arbitrarily-anisotropic Material; Bulk Waves; C Bulk Wave; D Slowness Curve; Dispersion Curves; E Phase Velocity Curve; F Dispersion Curve; Slowness Curves; Velocity Curves; Elastic Waves"
"Modelling of electromechanical coupling dynamics for high-speed EHT system used in HEV and characteristics analysis","2024","Applied Mathematical Modelling","10.1016/j.apm.2024.07.021","https://www.scopus.com/inward/record.uri?eid=2-s2.0-85201720855&doi=10.1016%2Fj.apm.2024.07.021&partnerID=40&md5=fc28aadd5553bfed1662208ebb2c15c2","As the development of hybrid electric vehicle (HEV) to high-speed, heavy-load, the electromechanical coupling vibration becomes the bottleneck in high-speed electromechanical hybrid transmission (EHT) system. To explore the dynamics characteristics and optimization direction for high-speed EHT system, an electromechanical coupling dynamics model under multi-source excitations is established with lumped-distributed parameter method and verified with experiment data. The dynamics model shows higher accuracy in both time and frequency domain analysis. On this basis, firstly, the comparison between lumped-shaft and distributed-shaft model is studied under time and frequency domain. Comparing with the lumped-shaft model, the distributed-shaft model shows higher accuracy, and can better reflect the coupling vibration of multi-stage planetary gears (PGs). Secondly, the inherent vibration model is derived, and the effect of electromechanical coupling and high-speed working conditions on inherent vibration characteristics are studied. Thirdly, a new method called ‘machine-electricity-magnet coupling interface’ is proposed to reveal the coupling vibration phenomenon. In addition, the signal of stator current and electromagnetic torque includes the frequency of PGs, which is a basis on the fault diagnosis and state monitor of EHT system. Last but not the least, the vibration acceleration of EHT system is analysed under variable speed and load working conditions. Rotation speed and gear meshing force is found as the main influencing factor of series EHT system, and the specific optimization direction is also given. © 2024 Elsevier B.V., All rights reserved.","Coupling Interface; Electromechanical Coupling Dynamics; Electromechanical Hybrid Transmission System (eht); Hybrid Electric Vehicle (hev); Multi-source Excitations; Ehv Power Transmission; Electric Fault Location; Gear Transmissions; Hybrid Vehicles; Lumped Parameter Networks; Machine Vibrations; Magnetic Couplings; Magnetic Levitation Vehicles; Stators; Variable Speed Transmissions; Vibration Analysis; Coupling Dynamics; Coupling Interfaces; Coupling Vibration; Electromechanical Coupling Dynamic; Electromechanical Hybrid Transmission System; High Speed; Hybrid Electric Vehicle; Hybrid Transmissions; Multi-source Excitations; Transmission Systems; Epicyclic Gears"
"Adaptive sliding mode control with disturbance estimation for hydraulic actuator systems and application to rock drilling jumbo","2024","Applied Mathematical Modelling","10.1016/j.apm.2024.115637","https://www.scopus.com/inward/record.uri?eid=2-s2.0-85201705181&doi=10.1016%2Fj.apm.2024.115637&partnerID=40&md5=c493594bc5f60493ccecafc9dd0372fe","For achieving high-performance control of hydraulic actuator systems, an adaptive sliding mode control with disturbance estimation algorithm is proposed and successfully applied to the hydraulic actuator systems of rock drilling jumbo. A switching extended state observer for hydraulic actuator systems is proposed, which combines the advantages of the linear extended state observer and the nonlinear extended state observer to estimate system disturbances more efficiently. The designed parameter adaptive law provides adaptivity to the system parameters, while the disturbance estimation algorithm can online estimate the unknown disturbances, such integration can enhance the adaptability and robustness of the sliding mode control algorithm. Rigorous simulation tests and practical application experiments are conducted to evaluate the performance of the proposed controller. The reliability of the designed parameter adaptive law and switching extended state observer is validated in detail in simulation studies. In the application experiments of rock drill jumbo, the results indicate the proposed controller is superior to sliding mode control with disturbance estimation and PID control. The average error of the developed controller is reduced by 58 %, 54 %, and 56 % compared to the sliding mode control with disturbance estimation controller, and 82 %, 78 %, and 79 % compared to the PID controller in tracking the low-frequency, high-frequency, and superimposed sinusoidal signals, respectively. Moreover, both the convergence of the uncertain parameters and the estimation of the unknown disturbances in the experiments are satisfactory. These experimental results adequately demonstrate the practical application value of the proposed controller. © 2024 Elsevier B.V., All rights reserved.","Adaptive Sliding Mode Control; Disturbance Estimation; Hydraulic Actuator Systems; Rock Drilling Jumbo; Switching Extended State Observer; Adaptive Control Systems; Frequency Estimation; Hydraulic Control Equipment; Proportional Control Systems; Robustness (control Systems); State Estimation; Three Term Control Systems; Time Difference Of Arrival; Two Term Control Systems; Actuator System; Adaptive Sliding Mode Control; Disturbance Estimation; Estimation Algorithm; Extended State Observer; Hydraulic Actuator System; Parameter Adaptive Laws; Rock Drilling Jumbo; Switching Extended State Observer; Unknown Disturbance; Rock Drills"
"Analytical approach for lateral dynamic responses of offshore wind turbines supported by cement-soil composite steel pipe pile embedded in gassy marine sediment layer","2024","Applied Mathematical Modelling","10.1016/j.apm.2024.115641","https://www.scopus.com/inward/record.uri?eid=2-s2.0-85201703585&doi=10.1016%2Fj.apm.2024.115641&partnerID=40&md5=7c4dbfffd8732b407f834eda2e04d26f","This study aims to clarify and gain an insight into the lateral dynamic response of offshore wind turbines (OWTs) supported by cement-soil composite steel (CCS) pipe pile embedded in gassy marine sediment layer by developing an analytical approach. In the proposed approach, the CCS pipe pile-supported OWT system is divided into three parts including the tower part, the seawater-immersed steel pipe pile part, and the embedded CCS pipe pile part. The lateral dynamic behaviours of the CCS pipe pile-supported OWT system have been determined and then validated by solving the analytical solution of lateral displacement for the above three parts. Numerical discussions are finally conducted to analysis the influence of some physical parameters on the lateral displacement and the first-order natural frequency of the CCS pipe pile-supported OWT system. The main findings can be summarized as: (i) the offshore deep cement-soil mixing (ODCM) pile is an effective reinforcement method to reduce the lateral vibration of conventional steel pipe pile-supported OWTs; (ii) the increase in tower height and seawater layer thickness will have a serious negative impact on the lateral dynamic response of CCS pipe pile-supported OWTs; (iii) the increase in gas saturation of gassy marine soil will lead to a negative influence on the maximum lateral displacement of CCS pipe pile-supported OWTs. © 2024 Elsevier B.V., All rights reserved.","Cement-soil Composite Steel Pipe Pile; First-order Natural Frequency; Gassy Marine Soil; Maximum Lateral Displacement; Offshore Wind Turbine; Offshore Pipelines; Piles; Seawater; Soil Cement; Steel Analysis; Underwater Soils; Vibration Analysis; Cement Soil; Cement-soil Composite Steel Pipe Pile; Composite Steel; First Order Natural Frequency; Gassy Marine Soil; Lateral Displacements; Marine Soils; Maximum Lateral Displacement; Offshore Winds; Steel Pipe Pile; Offshore Wind Turbines"
"A nonlinear vibration isolator with an essentially nonlinear converter","2024","Applied Mathematical Modelling","10.1016/j.apm.2024.115648","https://www.scopus.com/inward/record.uri?eid=2-s2.0-85201686860&doi=10.1016%2Fj.apm.2024.115648&partnerID=40&md5=9d4417e1fd29d36c1e8c762c34df1bfc","This paper introduces nonlinearity into bilinear springs and proposes an efficient asymmetrical nonlinear frequency converter (NC) that has a non-reciprocal transmission, which cascades a nonlinear spring and a rope. To solve the vibration equations of both NC and the conventional NES, the Runge-Kutta method is utilized. A comparison is conducted between the amplitude attenuation rates of the NC and the conventional NES. The rate of energy dissipation is indicated by analyzing the remaining energy. According to numerical analysis results, NC has a better performance in suppressing vibration than the conventional NES within a certain range. The energy dissipation rate is higher under a wide initial condition. In addition, NC can cause energy to shift from low-frequency regions to high-frequency regions with wide frequency bands. NC has a broader frequency range and a wider range of applications. This research offers a new approach and strategy for exploring effective devices for damping vibrations. © 2024 Elsevier B.V., All rights reserved.","Bilinear Spring; Nonlinear Converter; Nonlinear Energy Sink; Vibration Suppression; Runge Kutta Methods; Bilinear Spring; Non-linear Springs; Non-linear Vibrations; Nonlinear Converter; Nonlinear Energy Sink; Nonlinear Frequency Converters; Reciprocal Transmissions; Vibration Equations; Vibration Isolators; Vibration Suppression; Nonlinear Simulations"
"Mathematical modelling for strata deformation caused by rectangular pipe jacking construction in composite layered ground","2024","Applied Mathematical Modelling","10.1016/j.apm.2024.115649","https://www.scopus.com/inward/record.uri?eid=2-s2.0-85201668975&doi=10.1016%2Fj.apm.2024.115649&partnerID=40&md5=d0b042de4ac2e685c85195701860a1d3","In this study, analytical solutions of vertical deformation of ground surface and horizontal displacement of strata are derived combining the Mindlin solution and the mirror method due to rectangular pipe jacking tunneling in composite strata, which considers the combined effect of five factors of additional excavation pressure, friction of rectangular pipe jacking and soils, segment-soil friction, grouting filling and strata loss, respectively. The theoretical calculation results were verified against the measured data in two project cases. Moreover, effect factors of rectangular jacking pipe cross-sectional dimensions, embedment of tunnel axial depth, elasticity modulus on the interlayer and the Poisson's ratio of the interlayer on strata deformation is investigated. The results imply that the theoretical calculation values obtained using this method are more closely correlated with the observed values compared to those computed using the single stratum model. The primary cause of terrene upheaval in front of the working surface is the increased excavation pressure on the working face and the horizontal displacement of the deep soils and the surface subsidence behind the excavation face is resulting from the soil loss as the main influencing factor. The varying cross-section size of pipe jacking is able to impact on the vertical deformation of the soil, but it has a limited impact on the lateral displacement of the strata. The affection of the buried depth of the tunnel axis on strata deformation is more notable in the rectangular pipe jacking construction. As the axial tunnel depth growth, the ground surface maximum subsidence value gradually decreases, while the crest value of horizontal distortion mildly increases. When the rise of the interlayered modulus of elasticity, the maximum earth surface subsidence enlarged gradually while the subsidence trough slight diminution. Moreover, the greatest horizontal displacement exhibits a relatively minor fluctuation, but there is a trend of upward movement in the position. The influence of Poisson's ratio of the interlayer on the strata deformation is comparatively weak. © 2024 Elsevier B.V., All rights reserved.","Composite Layered Ground; Mindlin Solution; Rectangular Pipe Jacking; Strata Deformation; Tunneling; Jacks; Tunneling (excavation); Composite Layered Ground; Horizontal Displacements; Layered Ground; Mindlin Solution; Pipe Jacking; Rectangular Pipe Jacking; Rectangular Pipes; Strata Deformations; Tunneling; Vertical Deformation; Poisson Ratio"
"HLFEMP: A coupled MPM-FEM method under a hybrid updated and total Lagrangian framework","2024","Applied Mathematical Modelling","10.1016/j.apm.2024.115644","https://www.scopus.com/inward/record.uri?eid=2-s2.0-85201587158&doi=10.1016%2Fj.apm.2024.115644&partnerID=40&md5=09652bac8bb85f99fecfea94da3af898","Coupling the Material Point Method (MPM) with the Finite Element Method (FEM) provides a powerful approach for addressing problems characterized by the coexistence of large and small deformations. The majority of existing MPM-FEM methods, which operate within the updated Lagrangian framework, introduce inherent issues, such as cell-crossing noise and numerical fracture, compromising the overall accuracy of the coupled method. This paper presents a coupled MPM-FEM method under a hybrid updated and total Lagrangian framework (HLFEMP). Within the HLFEMP, updated Lagrangian FEM is employed to handle small deformations, while total Lagrangian MPM is adopted to model large deformations. A particle-to-surface contact algorithm with auxiliary thickness layer is utilized to couple both methods. Notably, by imposing the weak form of total Lagrangian MPM in the undeformed configuration, HLFEMP is rendered free from cell-crossing noise and numerical fracture, resulting in better computational stability. The performance of HLFEMP in terms of energy behavior, accuracy, efficiency and stability under large elastic and elasto-plastic deformations are investigated through a series of numerical simulations. © 2024 Elsevier B.V., All rights reserved.","Large Deformation; Material Point Method; Mpm-fem Coupling; Total-lagrangian; Updated-lagrangian; Convergence Of Numerical Methods; Interpolation; Element Method; Lagrangian Frameworks; Larger Deformations; Material Point Method-finite Element Method Coupling; Material Point Methods; Overall Accuracies; Small Deformations; Total Lagrangian; Updated Lagrangian; Lagrange Multipliers"
"Meta-analysis of RNA-seq studies with an adaptive weight and truncation p-value combination test","2024","Applied Mathematical Modelling","10.1016/j.apm.2024.07.018","https://www.scopus.com/inward/record.uri?eid=2-s2.0-85201510063&doi=10.1016%2Fj.apm.2024.07.018&partnerID=40&md5=6d6f32ba05b13ef42fb17dfb91a6929e","For RNA-seq studies, an important task is to identify genes that are differentially expressed between groups. Nevertheless, the identification of differentially expressed (DE) genes from a single study can be challenging as the small number of samples and the high sensitivity of data perturbations. Combining p-values from multiple RNA-seq studies can increase the statistical power and the accuracy in detecting DE genes. In this paper, we propose a weight and truncation p-value combination test for meta-analyzing RNA-seq studies. We show that with proper weight and truncation parameters, our new test has a higher statistical power over the existing tests, when the genes are weakly expressed in most studies and the sample size is unbalanced. We then present simulations and apply to two real data analysis. Finally, we provide some practical guidance for our new test and some existing p-value combination tests. © 2024 Elsevier B.V., All rights reserved.","Meta-analysis; Multiple Studies; P-value Combination; Rna-seq Studies; Statistical Power; Adaptive Weights; High Sensitivity; Identification Of Differentially Expressed Genes; Meta-analysis; Multiple Study; Number Of Samples; P-value Combination; P-values; Rna-seq Study; Statistical Power"
"Numerical fatigue damage analysis and mathematical modeling of articular cartilage under cyclic load via hyperelasticity theory","2024","Applied Mathematical Modelling","10.1016/j.apm.2024.07.020","https://www.scopus.com/inward/record.uri?eid=2-s2.0-85201500447&doi=10.1016%2Fj.apm.2024.07.020&partnerID=40&md5=93fdea29f18b0cc4c6f426529cb08b2b","The paper presents the modeling of damage to articular cartilage under cyclic daily loads using a curved beam model and hyper-elasticity theory. Mainly, articular cartilage (AC) is a kind of very important biological tissue that has the fundamental role of withstanding applied mechanical loads and providing smooth movement of joints. The existence of mechanical loads, however, has a huge influence on the behavior and the entire healthiness of AC. These loads, over time, can cause injury through fatigue-type damage because of frequent stresses. The basic aim of this study is to mainly offer a detailed mathematical model measuring the damage caused in AC under the action of mechanical forces incorporating different variants like age, body mass index, metabolic activity, functionally graded, porosity and prestresses. The structural energies including potential energy according to the neoHookean model as well as kinetic energy and external work are achieved through the use of strain-displacement and stress-strain relations. Then, the nonlinear governing equations of the articular cartilage are derived using Hamilton's principle. Furthermore, the mathematical model has been implemented numerically through the differential quadrature method (DQM). A qualitative correspondence between the numerical predictions and experimental data has led us to conclude that this model has the potential to serve as a valuable tool for physicians and therapists. The results of this research indicate that among the factors affecting the increase of damage in cartilage, the most important factor is the body mass index, followed by a person's age, hormonal conditions, and cartilage thickness with a negative effect. The probability of damage for an athlete is about 33 percent higher than a normal person, and for a weightlifter (heavy sports) it is about 140 percent higher than a normal person. © 2024 Elsevier B.V., All rights reserved.","Articular Cartilage; Damage Analysis; Differential Quadrature Numerical Method; Hyperelastic Model; Cartilage; Curved Beams And Girders; Cyclic Loads; Differentiation (calculus); Fatigue Damage; Joints (anatomy); Kinetics; Nonlinear Equations; Strain Energy; Articular Cartilages; Body Mass; Damage Analysis; Differential Quadrature; Differential Quadrature Numerical Method; Energy; Fatigue Damage Analysis; Hyperelastic Models; Mass Index; Mechanical Loads; Kinetic Energy"
"A method for accurate prediction of photovoltaic power based on multi-objective optimization and data integration strategy","2024","Applied Mathematical Modelling","10.1016/j.apm.2024.115643","https://www.scopus.com/inward/record.uri?eid=2-s2.0-85201465781&doi=10.1016%2Fj.apm.2024.115643&partnerID=40&md5=c7be2f3117e85245a35634bd1b7f5b8b","Reliable photovoltaic power prediction is crucial to power dispatching and power grid management. Aiming at the problems that the existing photovoltaic power prediction has low accuracy and cannot reflect the power variation range, this paper proposes a multi-factor photovoltaic power prediction model based on an improved fuzzy C-means (IFCM), variational mode decomposition (VMD) optimized by modified cosine similarity (MCS), least squares support vector machine (LSSVM) optimized by golden jackal optimization (GJO), long-short term memory (LSTM) optimized by weighted mean of vectors algorithm (INFO) and multi-objective hummingbird optimization algorithm (MOAHA), named MVMD-GLSSVM-ILSTM-MOAHA, is proposed. Firstly, propose an improved fuzzy C-means, named IFCM, screen the major meteorological factors influencing photovoltaic power by combined feature determination method, and aggregate the daily photovoltaic power with similar meteorological characteristics into the same category. Secondly, propose using MCS to determine the decomposition level of VMD, named MVMD, and use it to decompose all kinds of photovoltaic power daily data to get intrinsic mode functions (IMFs). Thirdly, propose LSSVM optimized by GJO and LSTM optimized by INFO, named GLSVM and ILSTM, train and test IMFs respectively, and obtain the prediction results of IMFs. Finally, introduce MOAHA to dynamically weight the prediction results of IMFs to obtain the final prediction result, and insert evaluation index to quantitatively evaluate it. Collect the data of Yulala photovoltaic power station as experimental data, and establish 11 comparison models to compare with the proposed model. Verify its superiority by statistical methods such as DM test, Taylor chart and scatter chart. The results show that RMSE, MAE, MAAPE and R2 are 1.1716, 0.7509, 0.2674 and 0.9986, respectively, and the correlation coefficient reaches 0.99, which shows that the proposed model has excellent prediction effect. After that, use kernel density estimation (KDE) to make known the variation range of photovoltaic power, and achieve the perfect combination of deterministic prediction and uncertain prediction. © 2024 Elsevier B.V., All rights reserved.","Improved Fuzzy C-means; Moaha; Mode Decomposition; Optimize; Photovoltaic Power; Prediction; C-means; Cosine Similarity; Improved Fuzzy C-mean; Intrinsic Mode Functions; Moaha; Mode Decomposition; Optimize; Photovoltaic Power; Power Predictions; Variations Ranges; Prediction Models"
"Modeling the impact of terrain surface deformation on drag force using discrete element method and empirical formulation","2024","Applied Mathematical Modelling","10.1016/j.apm.2024.115636","https://www.scopus.com/inward/record.uri?eid=2-s2.0-85201463141&doi=10.1016%2Fj.apm.2024.115636&partnerID=40&md5=6df169cb63597061be937f3b4741cf81","Understanding motion-induced terrain deformation is essential for improving predictive models in geotechnical engineering, infrastructure development, and robotics. The existing analysis assumes a uniform and unchanged environment and lacks a description of the terrain deformation induced by motion, which is particularly significant when the grains are loosely packed. To address this gap, we performed numerical investigations to mathematically model the changes in the surrounding environment and their corresponding effects on resistance. Specifically, we examined the response of granular materials and the energy variation of the particles during motion. Increased energy in the direction of motion was categorized as influences above or below the medium surface. Aligned with the influencing factors, two variables were considered to quantify the impact on the drag force. Building upon the energy analysis and the framework of Resistive Force Theory, we proposed a drag force model for buried motion in loose granular terrain. Compared with the experimental data, the average predictive error decreased from 17.8% to less than 2.7%. Our study provides a feasible approach for incorporating the effects of terrain deformation into a drag force model, thereby enhancing the accuracy and contributing to the development of granular locomotion. © 2024 Elsevier B.V., All rights reserved.","Discrete Element Method; Drag Force Prediction; Granular Media; Terrain Deformation; Discrete Elements Method; Drag Force Model; Drag Force Prediction; Drag Forces; Force Predictions; Granular Medium; Predictive Models; Surface-deformations; Terrain Deformation; Terrain Surfaces"
"Series solution of the Reynolds equation in finite-length tilting-pad journal bearing including pad deformation","2024","Applied Mathematical Modelling","10.1016/j.apm.2024.07.014","https://www.scopus.com/inward/record.uri?eid=2-s2.0-85201457816&doi=10.1016%2Fj.apm.2024.07.014&partnerID=40&md5=f4f2493ab7aa41ae442c2f241025f3da","This paper applies the variable separation method to the hydrodynamic pressure calculation of finite-length tilting pad journal bearings under Reynolds boundary conditions, and a series solution of the Reynolds equation is obtained based on the Sturm-Liouville theory, which considers pad deformation. The thermal effect is also taken into account. A comparison of the present solutions is made with the results obtained by other applied methods, as well as past and recent published data, and good agreement is noted. The steady-state and dynamic performance of a four-pad tilting pad journal bearing are investigated by the load capacity, pressure distribution, friction force, lubricant effective viscosity, journal center velocity, journal center orbits, and phase portrait under the proposed series solution of the Reynolds equation. This study contributes to quickly evaluating the nonlinear dynamic performance of a tilting pad journal bearing rotor system and supporting the nonlinear dynamic design of the system. © 2024 Elsevier B.V., All rights reserved.","Elastic Deformation; Hydrodynamic; Series Solution; Thermal Effect; Tilting Pad Journal Bearing; Elastic Deformation; Equations Of State; Friction; Nonlinear Equations; Reynolds Number; Finite Length; Hydrodynamic Pressure; Pad Deformation; Pressure Calculation; Reynolds; Reynolds's Equations; Series Solutions; Thermal; Tilting-pad Journal Bearings; Variable Separation Method; Reynolds Equation"
"Topology optimization design for voltage enhancement in variable structure double-layer flexible thermoelectric devices","2024","Applied Mathematical Modelling","10.1016/j.apm.2024.115646","https://www.scopus.com/inward/record.uri?eid=2-s2.0-85201416021&doi=10.1016%2Fj.apm.2024.115646&partnerID=40&md5=807e9aea8aeae938b2d4bc0565d39cc4","Flexible thermoelectric devices possess the capability to generate electricity by harnessing temperature differences, rendering them highly promising for applications in wearable devices and powering the Internet of Things. This paper introduces a topology optimization design approach for double-layer thin-film flexible thermoelectric devices with the aim of enhancing the device's output voltage and improving the efficiency of green energy utilization. The design process took into consideration the coupled effects of mechanical, electrical, and thermal aspects. It not only optimized the force transmission paths of the variable structure device but also accounted for heat dissipation and circuit topology configuration. The study employed a field function model to concurrently optimize the structure of both the substrate and thermoelectric materials in an integrated design, with the primary objective being the maximization of output voltage. The efficacy of this methodology was confirmed through a series of numerical simulations and experiments conducted under various load and operational conditions. The optimized flexible thermoelectric devices exhibited an output voltage increase of more than threefold when compared to flat devices. © 2024 Elsevier B.V., All rights reserved.","Dual-layer Structure; Thermoelectric Devices; Topology Optimization; Voltage Enhancement; Structural Optimization; Thin Film Devices; Double Layers; Dual Layer Structure; Generate Electricity; Optimization Design; Output Voltages; Temperature Differences; Thermoelectric Devices; Topology Optimisation; Variable Structures; Voltage Enhancements; Shape Optimization"
"Topology optimization for minimizing the mean compliance under thermo-mechanical loads using element-free Galerkin method","2024","Applied Mathematical Modelling","10.1016/j.apm.2024.08.002","https://www.scopus.com/inward/record.uri?eid=2-s2.0-85201405700&doi=10.1016%2Fj.apm.2024.08.002&partnerID=40&md5=0086c799d7bb2e06121212a5517b2f49","This paper presents a numerical model for addressing thermo-mechanical coupling problems in topology optimization, utilizing the element-free Galerkin (EFG) method. A multi-parameter density-based topology optimization framework is introduced to interpolate the thermal stress coefficient, encompassing thermal conductivity, thermal expansion coefficient, and elastic modulus. Two numerical examples are provided to investigate the model's characteristics and associated considerations, including the impact of EFG node distribution, quantity, calculation points layout, design variables, and filtering techniques on optimized results. Numerical findings indicates that the present model allows for adaptable adjustments in nodes number and distribution, calculation points layout, choice of design variables, and application of various filtering techniques while maintaining consistent background grids. Although these adjustments may affect convergence rates and final objective values, they can promise satisfactory optimization structures. Additionally, the study highlights the critical influence of filtering radius on optimization outcomes and the objective value, recommending a value of approximately 16∼20 calculation points. © 2024 Elsevier B.V., All rights reserved.","Element-free Galerkin Method; Filtering Technology; Flexibility; Thermo-mechanical Coupling; Topology Optimization; Shape Optimization; Structural Optimization; Topology; Design Variables; Element-free Galerkin Method; Filtering Technique; Filtering Technology; Flexibility; Node Distribution; Point Layout; Thermal; Thermo - Mechanical Couplings; Topology Optimisation; Galerkin Methods"
"Robust topology optimization of structures considering additive manufacturing-induced material anisotropy and uncertainty","2024","Applied Mathematical Modelling","10.1016/j.apm.2024.115635","https://www.scopus.com/inward/record.uri?eid=2-s2.0-85201395108&doi=10.1016%2Fj.apm.2024.115635&partnerID=40&md5=cb80fdd773138a9f60af03f3e5b297fa","The integration of topology optimization and additive manufacturing (AM) is seen as a pivotal approach for creating products with high added value. Nevertheless, the inherent layer-by-layer fabrication process of AM and the widespread manufacturing errors lead to both anisotropy and uncertainty in the printed parts, which poses challenges to constructing material models and optimization strategies. To address these issues, this paper presents a robust topology optimization (RTO) approach coupled with an anisotropic material model and a hybrid interval random model for additively manufactured structures. The method utilizes the bi-directional evolutionary structural optimization (BESO) framework and defines the uncertain material parameters with anisotropic mechanical behavior. An efficient hybrid uncertainty perturbation analysis (HUPA) method is then proposed for estimating the robust objective function, and the sensitivity values of the design variables are further derived. Several 2D and 3D numerical examples are given to verify the effectiveness of the proposed method. The results show that both the material off-angle and the material properties fluctuation exert significant influences on the structural performance, indicating the necessity of considering both anisotropy and uncertainty caused by the AM process in engineering structural optimization. © 2024 Elsevier B.V., All rights reserved.","Additive Manufacturing; Material Uncertainty; Robust Topology Optimization; Structural Anisotropy; Added Values; Layer-by-layer Fabrication; Manufacturing Is; Material Anisotropy; Material Modeling; Material Uncertainty; Robust Topology Optimization; Structural Anisotropy; Topology Optimisation; Uncertainty; Smart Manufacturing"
"A mathematical model for analyzing the vibration characteristics of fiber-reinforced thin-walled conical-cylinder composite shells with local bolt missing by the artificial spring method","2024","Applied Mathematical Modelling","10.1016/j.apm.2024.07.016","https://www.scopus.com/inward/record.uri?eid=2-s2.0-85201393149&doi=10.1016%2Fj.apm.2024.07.016&partnerID=40&md5=965e31008ae8e1f46c0f76adc60d7d60","This paper explores the vibration characteristics of fiber-reinforced thin-walled conical-cylinder composite shells (FTCCS1) with local bolt missing connections by combining theory and experiment. Firstly, based on the classical lamination theory and Kirchhoff-Love assumption, the FTCCS with local bolt missing is modeled. In order to simulate the bolt connections, the artificial spring method is used to equivalently represent any boundary conditions at the joints, where the artificial spring is divided into two forms: main spring and sub-spring. Meanwhile, the orthogonal polynomial method, Rayleigh-Ritz method, and modal superposition method are used to solve the vibration characteristics of the FTCCS with local bolt missing. To verify the rationality of the model, TC300/epoxy resin-based the FTCCS are taken as the research object, and vibration tests such as impulse, sweep, and resonance excitation are carried out. The experimental results show that the errors between the natural frequency and response displacement calculated by the solving method and the test results are in the range of 0.66 %∼4.56 % and 0.26 %∼10.39 %, indicating the reliability of the mathematical model prediction. Finally, by changing the bolt connection status, the structural dynamic parameters under different conditions are calculated to evaluate the impact of complex bolt connections on the vibration characteristics of the composite shell. © 2024 Elsevier B.V., All rights reserved.","Artificial Spring Method; Bolt Missing; Bolted Conical-cylinder Composite Shells; Fiber Reinforced; Vibration Characteristics; Cylinders (shapes); Fiber Reinforced Plastics; Laminated Composites; Polynomial Approximation; Thin Walled Structures; Vibration Analysis; Artificial Spring Method; Artificial Springs; Bolt Missing; Bolted Conical-cylinder Composite Shell; Bolts Connection; Composite Shell; Conical Cylinders; Fibre-reinforced; Spring Methods; Vibration Characteristics; Shells (structures)"
"Conformable fractional accumulation in triangular fuzzy sequences grey nonlinear model for tertiary industry gross output forecast","2024","Applied Mathematical Modelling","10.1016/j.apm.2024.115638","https://www.scopus.com/inward/record.uri?eid=2-s2.0-85201379325&doi=10.1016%2Fj.apm.2024.115638&partnerID=40&md5=8a3b911504fbb36d963753723916b337","The prediction of the tertiary industry's output value is essential for enhancing the market economic system and providing guidance for the government in formulating relevant economic policies. The tertiary industry encompasses various sectors such as finance and transportation, and its total output value exhibits uncertain and nonlinear trends. Triangular fuzzy number sequences contain more comprehensive information than exact number sequences. Therefore, a nonlinear grey Bernoulli model with conformable fractional accumulation for triangular fuzzy sequences is proposed. Firstly, the conformable fractional accumulation generating operation is utilized to mitigate the volatility tendency of the original sequences. Additionally, a time power function term is introduced to capture the power exponential trend. Furthermore, an improved whale optimization algorithm incorporating opposition-based learning strategy and adaptive control parameters is employed to optimize the model parameters, which has been verified through algorithm comparison experiments. Three existing grey models are used as competing models to validate the prediction accuracy of our proposed model. Finally, we utilize this proposed model to predict the tertiary industry's output values in both Yangtze and Pearl River Deltas for 2024–2026. © 2024 Elsevier B.V., All rights reserved.","Conformable Fractional Accumulation Generating Operator; Nonlinear Grey Bernoulli Model; Time Power Function Term; Triangular Fuzzy Number Sequences; Whale Optimization Algorithm; Bernoulli Model; Conformable Fractional Accumulation Generating Operator; Fuzzy Number Sequences; Nonlinear Gray Bernoulli Model; Optimization Algorithms; Power Functions; Time Power Function Term; Triangular Fuzzy Number Sequence; Triangular Fuzzy Numbers; Whale Optimization Algorithm"
"Role of inertial nonlinearity and coupling stiffness on a series of coupled harvesters","2024","Applied Mathematical Modelling","10.1016/j.apm.2024.08.003","https://www.scopus.com/inward/record.uri?eid=2-s2.0-85201205804&doi=10.1016%2Fj.apm.2024.08.003&partnerID=40&md5=b8a0e96b882a8baceb7c948ea7334ac1","This study investigates the effect of coupling configuration on a state-of-the-art harvesting system consisting of a series of spring-coupled piezoelectric nonlinear monostable tip-loaded cantilever-based vibration energy harvesters (VEHs). The investigation finds favorable coupling configurations that exploit complex nonlinear interaction for improving system performance. The system model incorporates the beam's geometric nonlinearities in the governing equation using inertial and stiffness nonlinear terms. The study first analytically investigates the effect of grounding stiffness on a single harvester's performance. Then, it numerically investigates the effect of increasing array size and changing stiffness distribution. The study discovers a novel hardening/softening transition phenomenon at a critical grounding stiffness value induced by the inertial nonlinear effect. This critical event also maximizes peak output power near the largest eigenfrequency at an optimum grounding stiffness value. At larger arrays, the peak power shows a complex bifurcation behavior, hinting at the presence of multiple attractors. The numerical study of different stiffness configurations and linearized eigenanalysis reveals the necessity of a multilevel optimization strategy focused on both the stiffness ratio between the coupling springs' and their overall stiffness level. This study bridges the gap between previous studies on spring-coupled linear and bistable arrays, offering new insights into coupled nonlinear interactions and proposing novel optimization strategies. © 2024 Elsevier B.V., All rights reserved.","Coupled Array Harvesters; Duffing System; Geometric Nonlinearity; Inertial Nonlinearity; Multiple Scale Method; Vibration Energy Harvester; Control Nonlinearities; Energy Harvesting; Harvesters; Nonlinear Equations; Coupled Array Harvester; Coupled Arrays; Duffing System; Geometric Non-linearity; Inertial Nonlinearity; Multiple Scales Methods; Nonlinear Interactions; Optimization Strategy; Stiffness Values; Vibration Energy Harvesters; Stiffness"
"Model order reduction of thermal-dynamic coupled flexible multibody system with multiple varying parameters","2024","Applied Mathematical Modelling","10.1016/j.apm.2024.08.006","https://www.scopus.com/inward/record.uri?eid=2-s2.0-85201077240&doi=10.1016%2Fj.apm.2024.08.006&partnerID=40&md5=ea35def1838007c80d2eb5e8ccfc8556","Spacecrafts usually suffer from the thermal shock during operation, leading to large control error or even failure. At the same time, spacecrafts are often rigid-flexible coupled multibody systems with large degrees of freedom and multiple varying parameters. The real-time control and condition monitoring require effective order reduction methods. In this investigation, the displacement and temperature fields are discretized by the Absolute Node Coordinate Formulation (ANCF) to achieve unified description. The coupled thermal-dynamic reduced-order model (ROM) is established based on the Proper Orthogonal Decomposition (POD) method. For the purpose of further increase efficiency, a linearization method is introduced so that the calculation times of the elastic force can be significantly reduced. In order to predict the response of the thermal-dynamic coupled system with multiple varying parameters, the interpolation on Grassmann manifold is introduced to maintain the orthogonality of the basis. As verification and validation, three numerical examples are presented to show the feasibility and efficacy of the proposed method. © 2024 Elsevier B.V., All rights reserved.","Absolute Nodal Coordinate Formulation, Proper Orthogonal Decomposition; Model Order Reduction; Multi-parameters Interpolation; Thermal-dynamic Coupled System; Condition Monitoring; Degrees Of Freedom (mechanics); Ductile Fracture; Numerical Methods; Principal Component Analysis; Real Time Control; Absolute Nodal Coordinate Formulation, Proper Orthogonal Decomposition; Absolute Nodal Coordinates; Coupled Systems; Model Order Reduction; Multi-parameter Interpolation; Multiparameters; Orthogonal Decomposition; Proper Orthogonal; Thermal Dynamics; Thermal-dynamic Coupled System; Interpolation"
"Symplectic analytical solutions for free vibration of elastically line-hinged orthotropic rectangular plates with rotationally restrained edges","2024","Applied Mathematical Modelling","10.1016/j.apm.2024.08.001","https://www.scopus.com/inward/record.uri?eid=2-s2.0-85200989232&doi=10.1016%2Fj.apm.2024.08.001&partnerID=40&md5=68ef11e8183a58f9e0352e80b8e657d9","The elastically line-hinged orthotropic rectangular plates with rotationally restrained edges are commonly used in engineering applications such as deployable structures. However, it is intractable to obtain the analytical solutions for the free vibration problems of such structures owing to the challenges in processing the high-order partial differential equations. Here, we make a first attempt to deal with such issues within the Hamilton system-based symplectic space. The problem of a plate is transformed into the symplectic space from the Euclidean space, and the subplates that may be analyzed analytically by the symplectic superposition method are then obtained with the division of the entire plate. The complex boundary and connection forms are achieved by enforcing mechanical quantities with undetermined expansion coefficients on the edges of the subplates. By integrating the solutions of the subplates, the final solution of an elastically line-hinged orthotropic rectangular plate with rotationally restrained edges is accessible. The proposed solution scheme is performed with rational derivations, with no requirement for pre-defined solution forms. Comprehensive results with validations under various boundary and hinge connection cases are presented. Moreover, detailed parametric investigations are conducted, which could facilitate the engineering design of deployable structures. © 2024 Elsevier B.V., All rights reserved.","Analytical Solution; Elastic Line Hinge; Free Vibration; Plate; Rotationally Restrained Edge; Orthotropic Plates; Rectangular Plate; Analytical Solution; Deployable Structure; Elastic Line Hinge; Elastic Lines; Free Vibration; Orthotropic Rectangular Plates; Plate; Restrained Edge; Rotationally Restrained Edge; Symplectic; Vibration Analysis"
"The semi-analytical model of electric field and capacitance in a multilayer-structured interdigital electrode capacitor","2024","Applied Mathematical Modelling","10.1016/j.apm.2024.08.004","https://www.scopus.com/inward/record.uri?eid=2-s2.0-85200957366&doi=10.1016%2Fj.apm.2024.08.004&partnerID=40&md5=3585154fa7b277c26582f7791f49e8c6","Accurately determining the electric field and capacitance in multilayer-structured interdigital electrode capacitor (IDC) transducers is an important prerequisite for designing the structure, estimating properties, and optimizing performance. In this paper, a semi-analytical model of the electric field and capacitance in a multilayered IDC is introduced utilizing the method of separation of variables. The general solutions for the field and capacitance, considering arbitrary numbers and permittivities of the dielectric layers, are analytically expanded in infinite series form, while these physical quantities cannot be accurately obtained by the traditional analytical model that employs the conformal mapping technique and the partial capacitance technique with boundary condition approximations at the dielectric interface. The proposed model with the recommended number of expanded terms successfully generates precise electric field images and capacitance values agreeing well with simulated data, even when there is a significant difference in the permittivity of adjacent layers. Moreover, based on the model, it can be concluded that the sensing range, referred to as the penetration depth, of a three-layer-structured IDC sensor, peaks at the optimal metallization ratio of η=0.5 regardless of the permittivity and the number of electrodes. Experimental results demonstrate that the proposed model yields outstanding capacitance outcomes across different metallization ratios and various upper layers. This showcases the model's potential for designing and optimizing an IDC transducer for precise sensitive detection. © 2024 Elsevier B.V., All rights reserved.","Capacitive Sensors; Electric Field; Interdigital Electrode Capacitor; Method Of Separation Of Variables; Analytical Models; Capacitance; Conformal Mapping; Electric Fields; Electrodes; Metallizing; Multilayers; Permittivity; Transducers; Arbitrary Number; General Solutions; Interdigital Electrode; Interdigital Electrode Capacitor; Metallization Ratio; Method Of Separation Of Variables; Multi-layered; Optimizing Performance; Property; Semi-analytical Model; Capacitive Sensors"
"Internal structure of shock waves: Asymptotic behavior in the inviscid limit and features at small Prandtl numbers","2024","Applied Mathematical Modelling","10.1016/j.apm.2024.115639","https://www.scopus.com/inward/record.uri?eid=2-s2.0-85200871294&doi=10.1016%2Fj.apm.2024.115639&partnerID=40&md5=f3a6a6e7b67cb440d7f6b797ab5732f9","The internal structure of shock waves is well known for shocks with a Prandtl number of the order of unity, but it is still poorly understood for shocks with extremely large and small Prandtl numbers, and the latter case is of particular interest given the non-existence of smooth solutions for strong inviscid shocks. The literature has suggested unequal contributions of viscosity and heat conduction to shock compression, specifically that viscosity is of more significance, but the observations therein do not provide further insight into the exact role of viscosity in shock waves, i.e., how viscosity affects the shock structure such that a smooth transition is maintained. To elucidate it, this research numerically investigates the internal structure of shock waves, with emphasis on the asymptotic behavior and features of shock profiles in the inviscid (zero-Prandtl-number) limit. The asymptotic analysis demonstrates a curious fact: the distinction between strong shock solutions with positive and zero Prandtl numbers does not vanish as the former's Prandtl number tends to zero. The only way to avoid this gap is to allow the emergence of an unphysical discontinuity (e.g., an isothermal jump) in inviscid solutions, which clearly indicates the essentiality of viscosity. For a better understanding of the underlying mechanisms, features of small-Prandtl-number shocks are further studied and compared with those of ordinary shocks. The result shows a peak in viscous local entropy generation rates within small-Prandtl-number shocks, and reducing the viscosity paradoxically makes it higher. Through this peak, the effect of lowered viscosity is neutralized, and the isothermal jump is smoothed, hence the critical role of viscosity in shock transition. © 2024 Elsevier B.V., All rights reserved.","Asymptotic Analysis; Entropy Generation; Heat Conduction; Isothermal Shock; Shock Structure; Viscous Dissipation; Asymptotic Analysis; Entropy; Heat Conduction; Isotherms; Shock Waves; Viscosity; Asymptotic Behaviour; Entropy Generation; Internal Structure; Inviscid Limits; Isothermal Shock; Non-existence; Shock Structure; Shock-waves; Smooth Solutions; Viscous Dissipation; Prandtl Number"
"Chaotic libration and control of a space tether-sail system in Earth polar orbits with J2 perturbation","2024","Applied Mathematical Modelling","10.1016/j.apm.2024.07.024","https://www.scopus.com/inward/record.uri?eid=2-s2.0-85200821729&doi=10.1016%2Fj.apm.2024.07.024&partnerID=40&md5=b01b16664a57bc20d28e118d057739a6","The recently proposed space tether-sail system could enable various interesting and important potential space missions thanks to its thin and long connecting tether and solar radiation pressure (SRP) force without consuming propellants. This paper focuses on nonlinear libration and its control of a tether-sail system in Earth polar orbits. Firstly, nonlinear coupled in-plane and out-of-plane dynamics of the system with a rigid mass-distributed tether and two point masses (a chief satellite and sail respectively) is established using the Lagrangian equation method. Secondly, the predicted occurrence of chaotic in- and out-of-plane librational motions is verified utilizing numerical tools such as presenting the time history of libration, the phase plane, the Poincaré section and power spectral density(PSD). Specifically, the paper investigates the sensitivity of nonlinear dynamical responses to initial values, focuses on the chaotic motion caused by the coupling between the in- and out-of-plane librations, the J<inf>2</inf> perturbation of the Earth gravitational field and the small eccentricity of the orbits, also studies the nonlinear librational characteristics influenced by the initial mechanical energy (the Hamiltonian). Thirdly, chaotic librational motions will be controlled merely using modulatable SRP force by the sail propellantlessly. A sliding mode controller based on exponential approaching law is developed. To mitigate the effects of control torque saturation, an input compensator based on Radial Basis Function (RBF) neural network is designed. In addition, to address the cumbersome and inefficient manual tuning of control parameters for the sliding mode controller, a parameter tuning algorithm based on Learning Automata is designed. This algorithm is capable of tuning a high-quality set of controller parameters within 100 iterations. The effectiveness of the propellantless actuators for chaotic libration motion control and developed control algorithm is supported by numerical simulations. © 2024 Elsevier B.V., All rights reserved.","Chaotic Libration; Propellantless Actuators; Sliding Mode Controller; Space Tether-sail System; Actuators; Controllers; Hamiltonians; Nonlinear Equations; Parameter Estimation; Radial Basis Function Networks; Sliding Mode Control; Spectral Density; Tetherlines; Chaotic Libration; Chaotics; Earth Polar Orbit; Out-of-plane; Pressure Force; Propellantless Actuator; Sail System; Sliding Mode Controller; Solar Radiation Pressure; Space Tether-sail System; Orbits"
"An analytical approach for out-of-plane vibration of Timoshenko thin-walled curved beam with a mono-symmetric cross-section under a moving mass","2024","Applied Mathematical Modelling","10.1016/j.apm.2024.08.005","https://www.scopus.com/inward/record.uri?eid=2-s2.0-85200820909&doi=10.1016%2Fj.apm.2024.08.005&partnerID=40&md5=1fd215a3ac10cb9e5056682c66866f49","This paper proposes an analytical method to investigate the out-of-plane vibration of thin-walled curved beams under a moving mass. This method comprehensively considers the warping stiffness, shear deformation, and rotatory inertia, as well as the inertia force caused by moving mass and damping. The Fourier sine integral transform and Laplace-Carson integral transform are used to decouple the system of equations for out-of-plane vibration of the thin-walled curved beam under a moving mass. Two dynamic response expressions in two directions involving vertical and torsional responses are easily obtained after using their inverse transforms. Numerical results demonstrate a strong agreement between the outcomes obtained from the proposed expressions and those obtained using numerical methods in existing literature. Furthermore, the effects of variables such as slenderness ratio, the center angle, velocity of the moving mass and eccentricity on the dynamic response of the thin-walled curved beam are discussed. For beams with small cross-sectional shear correction factor k and slenderness ratio, ignoring the shear deformation, rotatory inertia, and warping stiffness of the beam can cause obvious errors for the natural frequency of the beam. Moreover, when the speed and mass of the moving load are large, it is necessary to consider the inertial force caused by the mass for studying the out-of-plane vibration of the thin-walled curved beam. The influence of shear deformation is less affected by the velocity and mass velocity of moving loads, and primarily depends on the structural characteristics of the curved beam itself. For beams of the same length, shear deformation becomes more pronounced with increasing radius of curvature. © 2024 Elsevier B.V., All rights reserved.","Moving Mass; Natural Frequency; Out-of-plane Dynamic Response; Thin-walled Curved Beam; Timoshenko Beam; Curved Beams And Girders; Integral Equations; Inverse Problems; Natural Frequencies; Numerical Methods; Shear Deformation; Shear Flow; Stiffness; Thin Walled Structures; Vibration Analysis; Integral Transform; Moving Mass; Out-of-plane; Out-of-plane Dynamic Response; Out-of-plane Vibrations; Rotatory Inertia; Slenderness Ratios; Thin-walled Curved Beams; Timoshenko Beams; Warpings; Dynamic Response"
"Multi-failure mode reliability of monorail vehicle gear transmission system based on multi-index staged degradation","2024","Applied Mathematical Modelling","10.1016/j.apm.2024.07.009","https://www.scopus.com/inward/record.uri?eid=2-s2.0-85200819448&doi=10.1016%2Fj.apm.2024.07.009&partnerID=40&md5=60888d90d2ab2afca27ae569750c004f","The operational condition of monorail vehicle is diverse and influenced by numerous factors, leading to multiple failure modes and complex performance degradation mechanisms in gear transmission system. Addressing the problem that current reliability evaluation method based on single-stage single-index degradation models fail to accurately evaluate the multi-failure mode reliability of monorail vehicle gear transmission system, this study comprehensively considers the stage and nonlinear characteristics of degradation processes, along with the interdependence of indexes at different stages, a multi-index staged degradation model is established based on nonlinear Wiener process and Vine-Copula function. By analyzing the positions of multi-index stage change points, a multi-failure mode reliability evaluation method of monorail vehicle gear transmission system considering segmented dependence is proposed. And using the Bayes-Gibbs stepwise parameter estimation method proposed in this study, model parameters for Wiener process and Copula function are estimated separately. Finally, the applicability and effectiveness of the proposed method are verified, and the results shows that, compared to traditional single-stage single-index models, the proposed method more accurately describes the dependence and stage patterns of the degradation process, yielding more rational and effective reliability evaluation results. © 2024 Elsevier B.V., All rights reserved.","Monorail Vehicle Gear Transmission System; Multi-failure Mode Reliability; Multi-index Staged Degradation; Segmented Dependence; Failure (mechanical); Failure Modes; Function Evaluation; Monorails; Parameter Estimation; Power Transmission; Random Processes; Vehicle Transmissions; Evaluation Methods; Gear Transmission System; Monorail Vehicle Gear Transmission System; Multi-failure Mode Reliability; Multi-failures; Multi-index; Multi-index Staged Degradation; Reliability Evaluation; Segmented Dependence; Single Stage; Degradation"
"Molecular dynamics modelling of interacting magnetic nanoparticles for investigating equilibrium and dynamic ensemble properties","2024","Applied Mathematical Modelling","10.1016/j.apm.2024.07.031","https://www.scopus.com/inward/record.uri?eid=2-s2.0-85200817309&doi=10.1016%2Fj.apm.2024.07.031&partnerID=40&md5=db82e08606a5b869a6e1fed1e4c870e6","Magnetic nanoparticles have the potential to be used in various biomedical applications, including magnetic drug targeting and hyperthermia for cancer treatment. In both cases, precise prediction of the local particle concentration is required to plan a successful therapy, which is a challenging task due to several complex flow phenomena. Computational macroscopic and microscopic models have been developed to support this process, but they have limitations in terms of interactions implementation, micromagnetic dynamics or computational costs. This study aims to develop a model that can represent micromagnetic dynamics and being employed to study equilibrium properties of particle ensembles in viscous media. Therefore, a kinetic Monte Carlo method in combination with Langevin equations is used. So, magnetization dynamics and mechanical motion can be simulated in combination very efficiently. The new model is validated with another model based on the stochastic Landau-Lifshitz-Gilbert equation. Various interaction potentials like Van der Waals, steric and electrostatic interactions are included to study their specific influence on structural properties. Also, methods to control the errors while integrating the equations of motion and using the Ewald method for calculating interaction quantities are implemented. As a validation we studied equilibrium and time dependent properties of non-interacting particle ensembles as well as errors made by the Ewald-method used for interaction quantities calculation. In all studies we found very good agreement of the simulation results with the theoretical predictions. The developed models can now be used for investigating equilibrium and dynamic properties of ferrofluids, or more general for biomedical research for magnetic drug targeting, hyperthermia, or imaging techniques. Furthermore, the new hybrid model can be also used for simulations in the range of milliseconds with reasonable computational effort. © 2024 Elsevier B.V., All rights reserved.","Ferrofluid Simulation Model; Kinetic Monte Carlo; Magnetic Nanoparticles; Micromagnetic; Molecular Dynamics; Equations Of Motion; Hyperthermia Therapy; Magnetic Fluids; Medical Applications; Monte Carlo Methods; Nanomagnetics; Stochastic Models; Stochastic Systems; Van Der Waals Forces; Dynamic Ensemble; Equilibrium Properties; Ewald's Method; Ferrofluid Simulation Model; Kinetic Monte Carlo; Magnetic Drug Targeting; Micromagnetics; Molecular Dynamic Models; Particles Ensemble; Simulation Model; Molecular Dynamics"
"Flutter in functionally graded conical shell under follower force","2024","Applied Mathematical Modelling","10.1016/j.apm.2024.07.025","https://www.scopus.com/inward/record.uri?eid=2-s2.0-85200815829&doi=10.1016%2Fj.apm.2024.07.025&partnerID=40&md5=c7e24c8f7fd1b0d7280e655bbacc15db","Truncated conical shells are essential components of rocket booster nozzles and thrust vector control (TVC) systems for the propulsion of multi-stage launch vehicles. The TVCs assist the ascent of launch vehicles by directing the resultant thrust from the boosters, acting as a follower force that might trigger instability. Previous studies on the instability of aerospace structures have mostly focused on beams, plates, and cylindrical shells. This study analyses a truncated conical shell under a follower force of constant magnitude, considering thickness-wise gradation of material properties employed for thermal management. The governing equations are derived following Hamilton's principle, considering first-order shear deformation theory, and solved using the finite element method. Clamped and free boundaries are assumed at the small and large ends. The influence of mass and stiffness proportional damping is considered. Although strong flutter appears as the dominant instability mode, instances of erratic weak instabilities are also observed for undamped and lightly damped cases. Damping enhances stability, but its effect becomes saturated. The flutter loads are presented for varying non-dimensional parameters, characterizing the shell geometry and material properties. © 2024 Elsevier B.V., All rights reserved.","First-order Shear Deformation; Flutter Instability; Functionally Graded Material; Non-conservative Follower Force; Proportional Damping; Truncated Conical Shell; Beams And Girders; Damping; Flutter (aerodynamics); Functionally Graded Materials; Launch Vehicles; Rockets; Shear Deformation; Stability; Conical Shell; First Order Shear Deformations; Flutter Instability; Follower Forces; Functionally Graded; Multi-stages; Non-conservative Follower Force; Proportional Damping; Thrust Vector Control Systems; Truncated Conical Shell; Shells (structures)"
"Geometry-independent spline finite element method to analyze two-dimensional heat conduction and elasticity problems","2024","Applied Mathematical Modelling","10.1016/j.apm.2024.07.028","https://www.scopus.com/inward/record.uri?eid=2-s2.0-85200814936&doi=10.1016%2Fj.apm.2024.07.028&partnerID=40&md5=9475a7b8620c365a8e96f1f2d6f9900d","Traditional isogeometric analysis involves redundant geometric calculations and is more complex than the finite element method when imposing boundary conditions. To address this, a geometry-independent spline finite element method is proposed, which integrates the geometric construction techniques of isogeometric analysis and the element construction techniques of finite element method. Firstly, the geometrical precision element is constructed by using non-uniform rational B-spline and B-splines to describe the geometry and the physical field, where a transformation matrix is introduced to construct shape functions with interpolation properties. Secondly, calculation formats for two-dimensional heat conduction and elasticity problems are derived by parameter mapping. Finally, the feasibility and accuracy of the method are verified through several numerical examples. Unlike in isogeometric analysis, in the proposed method, geometry and physics are separated, and the shape functions have interpolation properties, which reduce redundant geometry calculations and allow the boundary conditions to be applied directly to the nodes. The numerical results indicate that the method has a higher convergence rate compared to the original isogeometric analysis. © 2024 Elsevier B.V., All rights reserved.","Elasticity; Finite Element Method; Heat Conduction; Isogeometric Analysis; Transformation Matrix; Boundary Conditions; Convergence Of Numerical Methods; Elasticity; Finite Element Method; Heat Conduction; Interpolation; Linear Transformations; Rational Functions; Construction Technique; Elasticity Problems; Geometric Calculations; Geometric Construction; Interpolation Properties; Isogeometric Analysis; Shape Functions; Splines Finite Element Method; Transformation Matrix; Two-dimensional Heat Conduction Problems; Geometry"
"An innovative joint-space multi-axis dynamics modeling theory for planetary rover","2024","Applied Mathematical Modelling","10.1016/j.apm.2024.07.026","https://www.scopus.com/inward/record.uri?eid=2-s2.0-85200808183&doi=10.1016%2Fj.apm.2024.07.026&partnerID=40&md5=5609dbdff2705a82309cf11057a97290","To address high degree of freedom planetary rover modeling and enhance dynamic performance, an innovative joint-space multi-axis dynamics modeling theory is proposed. The approach aims to streamline the dynamic modeling process by introducing concepts such as topology, natural coordinate system and kinematic iterations. Through an analysis of closed subtrees’ properties and characteristics, an improved Lagrange equation with topology-operable properties is derived and presented. Subsequently, by analyzing the backward iteration process of external forces and torque and eliminating redundant variables, canonical dynamic equations are derived. These equations feature full parameterized modeling and explicit expression. The correctness and accuracy of this method are validated through dynamic simulations of the Mars rover. The proposed method offers the advantage of significantly reducing modeling and calculation complexity, as demonstrated through comparisons with other mature dynamics methods. © 2024 Elsevier B.V., All rights reserved.","Canonical Dynamic Equations; Improved Lagrange Equations; Multi-axis System Theory; Planetary Rover; Degrees Of Freedom (mechanics); Dynamics; Equations Of Motion; Iterative Methods; Lagrange Multipliers; Rovers; Canonical Dynamic Equation; Dynamics Equation; Dynamics Models; Improved Lagrange Equation; Innovative Joints; Lagranges Equations; Multi-axis; Multi-axis System Theory; Multi-axis-; Planetary Rovers; Topology"
"Elastica-plastica theory of Euler-Bernoulli beams subjected to concentrated loads","2024","Applied Mathematical Modelling","10.1016/j.apm.2024.07.030","https://www.scopus.com/inward/record.uri?eid=2-s2.0-85200798453&doi=10.1016%2Fj.apm.2024.07.030&partnerID=40&md5=01023158df3a8aae64a77ae0ea464e8b","Elastica theory plays an important role in the study of large displacements of slender rods. However, the majority of the studies are still limited to elastic material only. In this paper, the traditional elastica theory is extended to an elastica-plastica theory. For the Euler-Bernoulli beams subjected to concentrated loads, the Legendre elliptic integral solution to elastic rods and the plastica solution to elastic-perfectly plastic rods are used. The deformations of elastic-perfectly plastic rods are classified into several cases, and the classification criteria are given. Furthermore, general solving methods that are applicable to various loading conditions are proposed. For an initial value problem, the highly efficient and accurate solution is completely analytical, while for a boundary value problem, the solution adopts a combination of the shooting method and the quasi-Newton method. The accuracy of the current elastica-plastica theory is verified by the corresponding two-dimensional FE simulations. © 2024 Elsevier B.V., All rights reserved.","Elastica; Elliptic Integral; Euler-bernoulli Beam; Plastica; Quasi-newton Method; Integral Equations; Newton-raphson Method; Concentrated Load; Elastic-perfectly Plastics; Elastica; Elastica Theory; Elliptic Integrals; Euler Bernoulli Beams; Large Displacements; Plasticum; Quasi-newton Methods; Slender Rods; Initial Value Problems"
"Modeling hepatocyte apoptosis in chronic HCV infection with impulsive drug control","2024","Applied Mathematical Modelling","10.1016/j.apm.2024.07.032","https://www.scopus.com/inward/record.uri?eid=2-s2.0-85200646978&doi=10.1016%2Fj.apm.2024.07.032&partnerID=40&md5=f74a1ed5421776f1e21e0cf2af3ae676","Chronic hepatitis C virus (HCV) infection is one of the leading life-threatening diseases owing to its non-cytopathic nature and scarcity of vaccines to combat. Hepatocyte apoptosis casts extensive impact in regulating chronic HCV infection. We propose a four dimensional deterministic model scheming the role of hepatocyte apoptosis and significance of HCV-specific CTL response in the intermediate stages of chronic HCV infection. Numerical simulation indicates that unregulated behavior of hepatocyte apoptosis triggers hepatocellular carcinoma and prolonged continuation of apoptosis induces liver damages. The system undergoes backward bifurcation and the value of the basic reproduction number R<inf>0</inf>=0.98<1 shows recurrence of infection. Local sensitivity analysis has been performed to reveal the most sensitive parameters responsible for the progression and mitigation of infection. In order to control of chronic HCV infection through pan-genotypic direct acting antiviral drugs (DAAs), impulsive differential equations are considered to study the effect of perfect drug adherence to both fixed and non-fixed dosing. For possible eradication of the chronic HCV infection, impulsive drug control suggests significant viral load reduction. The analytical results obtained for both non-impulsive and impulsive models are quantified biologically. © 2024 Elsevier B.V., All rights reserved.","Backward Bifurcation; Hcv; Hepatocyte Apoptosis; Impulsive Differential Equations; Non-cytopathogenic; Bifurcation (mathematics); Cell Proliferation; Controlled Drug Delivery; Differential Equations; Sensitivity Analysis; Viruses; Backward Bifurcation; Chronic Hepatitis; Deterministic Modeling; Drug Control; Hepatitis C Virus; Hepatocyte Apoptosis; Hepatocytes; Impulsive Differential Equation; Non-cytopathogenic; Virus Infection; Cell Death"
"Theta-regularized Kriging: Modeling and algorithms","2024","Applied Mathematical Modelling","10.1016/j.apm.2024.07.034","https://www.scopus.com/inward/record.uri?eid=2-s2.0-85200639110&doi=10.1016%2Fj.apm.2024.07.034&partnerID=40&md5=ce54f3d5bfb2456021cf12b2a4fb8e32","To obtain more accurate model parameters and improve prediction accuracy, we proposed a regularized Kriging model that penalizes the hyperparameter theta in the Gaussian stochastic process, termed the Theta-regularized Kriging. We derived the optimization problem for this model from a maximum likelihood perspective. Additionally, we presented specific implementation details for the iterative process, including the regularized optimization algorithm and the geometric search cross-validation tuning algorithm. Three distinct penalty methods, Lasso, Ridge, and Elastic-net regularization, were meticulously considered. Meanwhile, the proposed Theta-regularized Kriging models were tested on nine common numerical functions and two practical engineering examples. The results demonstrate that, compared with other penalized Kriging models, the proposed model performs better in terms of accuracy and stability. © 2024 Elsevier B.V., All rights reserved.","Borehole Simulation; Design Of Steel Columns; Gaussian Process Regression; Regularization Penalty; Surrogates; Constrained Optimization; Iterative Methods; Maximum Likelihood; Random Processes; Regression Analysis; Stochastic Models; Stochastic Systems; Borehole Simulation; Design Of Steel Column; Gaussian Process Regression; Kriging Algorithm; Kriging Model; Model And Algorithms; Regularisation; Regularization Penalty; Steel Column; Surrogate; Kriging"
"Tunable bandgaps of guided waves by periodic shunting circuits in multilayered piezoelectric plates","2024","Applied Mathematical Modelling","10.1016/j.apm.2024.07.033","https://www.scopus.com/inward/record.uri?eid=2-s2.0-85200633697&doi=10.1016%2Fj.apm.2024.07.033&partnerID=40&md5=5bf69c006d20e6fba5665b657ad4bbcb","The multi-mode and dispersion characteristics of guided waves in plate bring great challenges to the manipulation of guided waves and controlling vibration and noise. In this study, the Stroh formalism is developed to establish a theoretical model for deriving the dispersion relations of guided waves in a multilayered piezoelectric plate. The dispersion characteristics under different electrical boundary conditions introduced by periodic shunting circuits are discussed to reveal the influences of external circuits on guided wave propagation. The proper shunting circuit is not only the key point to obtain the specific frequency of bandgap, but also the effective method to control the bandwidth. Furthermore, for the separation of symmetric and anti-symmetric modes of guided waves, the multilayered piezoelectric plate with a mirror plane is studied by using an equivalent model. Results indicate that the propagation behaviors of guided waves in multilayered piezoelectric plates can be interpreted by developed Stroh formalism, and their bandgaps can be effectively manipulated by periodically external circuits. The tunable bandgaps in this work could be helpful for designing smart devices of wave isolation based on multilayered piezoelectric plate. © 2024 Elsevier B.V., All rights reserved.","Guided Wave; Metamaterial; Multilayered Plates; Piezoelectricity; Stroh Formalism; Crystallography; Dispersion (waves); Electric Network Analysis; Energy Gap; Guided Electromagnetic Wave Propagation; Piezoelectric Devices; Timing Circuits; Vibrations (mechanical); Dispersion Characteristics; External Circuits; Mode Characteristics; Multi-layered; Multilayered Plates; Multimodes; Piezoelectric Plate; Shunting Circuits; Stroh Formalism; Tunable Band-gap; Piezoelectricity"
"Amplification factor transport equation modelling of Mack mode disturbances in hypersonic boundary layers","2024","Applied Mathematical Modelling","10.1016/j.apm.2024.07.022","https://www.scopus.com/inward/record.uri?eid=2-s2.0-85200551364&doi=10.1016%2Fj.apm.2024.07.022&partnerID=40&md5=3412e9ebdfa2c82b36d9afd572b021c9","In the hypersonic boundary layer, the streamwise instability modes are mainly the Mack first mode and the Mack second mode. After the Mach number exceeds 4.0, the Mack second mode becomes the dominant instability mode for boundary layer transition. Currently, there is no complete analytical method to establish an amplification factor transport equation for the second mode. In order to improve the application of the amplification factor transport (AFT) model in hypersonic boundary layer transition prediction, this paper employs boundary layer similarity solutions to conduct stability analysis on the second mode and introduces a function to calculate the growth rate of disturbances. Additionally, a transport equation for the amplification factor of the second mode is formulated. For the non-local variables appearing in the equation, a local calculation method is provided. Combined with the intermittency factor transport equation, a transition prediction model for the second mode is formed. Hypersonic flat plate, wedge, and flared wedge are selected for model validation. The computed results show good agreement with standard stability analysis or experimental results, demonstrating the rationality of the transition model and its high prediction accuracy and reliability. © 2024 Elsevier B.V., All rights reserved.","Amplification Factor; Linear Stability Theory; Mack Second Mode; Transition Model; Forecasting; Hypersonic Flow; Reliability Analysis; Stability; Amplification Factors; Boundary Layer Transitions; Equation Models; Instability Modes; Linear Stability Theory; Mack Second Mode; Stability Analyze; Transition Model; Transition Prediction; Transport Equation; Hypersonic Boundary Layers"
"A Level-Set/FEM approach for particle bed growth in Stokes–Darcy suspension filtration","2024","Applied Mathematical Modelling","10.1016/j.apm.2024.07.019","https://www.scopus.com/inward/record.uri?eid=2-s2.0-85200537539&doi=10.1016%2Fj.apm.2024.07.019&partnerID=40&md5=6626e1c2efbf8a09666ee831404dc492","This article presents an innovative approach to modeling particle bed growth through suspension dead-end filtration, a process of paramount importance in various industrial and environmental contexts. More precisely, it focuses on the numerical formulation of a continuous approach based on a Stokes–Darcy coupling. In a Level-Set/FEM frame, this model effectively captures the dynamic evolution of particle beds (cake), taking into account the interaction between suspended particles and porous media. Model validation is also a key focus of this paper. Numerical tests are carried out under various conditions, and their results are compared with analytical solutions and experimental data drawn from the literature. This permits corroboration of the predictive capabilities of the model, confirming the robustness and accuracy of the proposed approach. Firstly, Stokes–Darcy coupled flows are investigated in simplified cases such as rectangular geometries and coaxial cylinders. These scenarios serve as benchmarks to assess the model performance under simple and varied conditions. Additionally, the more challenging case of a three-dimensional anisotropic flow between two ellipsoids is addressed, where the evolution of the cake takes place in three dimensions. Through rigorous analysis and comparison with analytical solutions, the model is proved efficient in capturing the inherent complexities of such scenarios. Finally, richer two-dimensional Stokes–Darcy flows are considered, in the presence of both impermeable and permeable obstacles, representing a crucial step towards modeling real industrial processes. This last study highlights not only the formation of particle-free zones but also the practical relevance of this work. © 2024 Elsevier B.V., All rights reserved.","Fem; Level-set; Mass Transfer; Particle Bed Growth; Stokes–darcy Coupling; Suspension Filtration; Analytical Models; Benchmarking; Filtration; Flow Of Fluids; Mass Transfer; Porous Materials; Suspensions (fluids); Condition; Dead-end Filtration; Fem Approaches; Industrial Context; Innovative Approaches; Level Set; Particle Bed Growth; Particle Beds; Stokes-darcy Couplings; Suspension Filtration; Finite Element Method"
"A novel fuzzy algorithm for assembly precision management","2024","Applied Mathematical Modelling","10.1016/j.apm.2024.06.004","https://www.scopus.com/inward/record.uri?eid=2-s2.0-85200436085&doi=10.1016%2Fj.apm.2024.06.004&partnerID=40&md5=5321c14759244737ce45c7dcbf95d1bf","The assembly precision of a specified product is subject to epistemic uncertainty due to manufacturing and measurement errors. The efficient and accurate assembly precision management is essential for realizing smart production lines, which rely on the robust assembly precision analysis model and calculation method. Parametric models are extensively used for assembly precision analysis in industrial products, typically integrating worst-case and statistical methods for calculations. Nevertheless, the combined application of these methods presents inherent limitations. Therefore, a novel fuzzy algorithm for assembly precision management is proposed in this paper by using fuzzy sets to quantify epistemic uncertainty in assembly precision, which integrates the proposed fuzzy-based assembly precision analysis model and fuzzy-based calculation method. The proposed fuzzy small displacement torsor model is a fuzzy-based model for deviation representation and tolerance classification using decomposed fuzzy numbers, where an assembly reliability index is always established for the hierarchical evaluation and management of assembly precision. Subsequently, a comprehensive assembly precision analysis model is developed for precision prediction and contribution quantification by integrating the Jacobian model for deviation propagation. A new constrained transformation method is proposed as a fuzzy-based calculation method, offering efficient and highly accurate assembly precision computation. It accounts for torsor parameter constraints to ensure greater prediction accuracy than the worst-case method and improves computational efficiency compared to statistical methods. An assembly case of the centering pin mechanism is applied to verify the superiority of the proposed novel fuzzy algorithm compared with the Jacobian-Torsor model with worst-case or statistical methods. © 2024 Elsevier B.V., All rights reserved.","Assembly Precision Management; Computer-aided Tolerancing; Decomposed Fuzzy Numbers; Design And Assembly Of Products; Jacobian-torsor Model; The Transformation Method; Computational Efficiency; Fuzzy Rules; Product Design; Statistical Methods; Uncertainty Analysis; Assembly Precision Management; Computer Aided Tolerancing; Decomposed Fuzzy Number; Design And Assemblies; Design And Assembly Of Product; Fuzzy Numbers; Jacobian-torsor Model; Jacobians; The Transformation Method; Assembly"
"On the electromechanical bandgap of microscale vibration isolation metamaterial beams with flexoelectric effect","2024","Applied Mathematical Modelling","10.1016/j.apm.2024.07.029","https://www.scopus.com/inward/record.uri?eid=2-s2.0-85200127838&doi=10.1016%2Fj.apm.2024.07.029&partnerID=40&md5=b73841113c392daa93ada6505eacd367","In this paper, a type of metamaterial isolation beam consisting a cantilever beam with flexoelectric film attached is provided. Electrodes interconnect on the surface to create parallel resonant shunt circuits, enabling band-stop filtering. The electromechanical control equations are derived using the Hamiltonian principle. A closed-form analytical expression for the bandgap range is obtained via the root locus method. Theoretical results are validated through finite element methods. Findings reveal that the operational bandgap of millimeter-scale flexoelectric metamaterial isolation beams is 5.2 times greater than that of conventional piezoelectric metamaterial beams. Furthermore, the vibration excitation amplitude is reduced by 99.9%. These results highlight the significant advantages of flexoelectric materials for microscale high-frequency passive isolation, providing superior stability in complex vibration environments. The research investigates the effects of end mass, electrode plate count, and external resistance on the vibration isolation performance of flexoelectric metamaterial beams. The study also examines the variations in relative bandgap width between flexoelectric and piezoelectric metamaterial beams concerning material, size, and structural parameters, identifying optimal values. Notable differences in bandgap characteristics are observed between flexoelectric and piezoelectric beams; for instance, while piezoelectric beams have an optimal substrate elastic modulus, flexoelectric beams do not, and the optimal film thickness for flexoelectric beams is 2.2 times that for piezoelectric beams. © 2024 Elsevier B.V., All rights reserved.","Bandgap; Electro-mechanical Coupling; Flexoelectric Effect; Metamaterial Beam; Vibration Isolation; Electrodes; Metamaterials; Notch Filters; Piezoelectricity; Root Loci; Vibrations (mechanical); Electro-mechanical Coupling; Electrode Interconnects; Flexoelectric; Flexoelectric Effects; Isolation Beams; Metamaterial Beam; Parallel Resonant; Piezoelectric; Piezoelectric Beam; Vibration Isolations; Energy Gap"
"Scattering of SH wave in an elastic half-space by a semi-elliptical crater with surface elasticity","2024","Applied Mathematical Modelling","10.1016/j.apm.2024.07.017","https://www.scopus.com/inward/record.uri?eid=2-s2.0-85199810836&doi=10.1016%2Fj.apm.2024.07.017&partnerID=40&md5=5e6117aee82d41e4de80750f386e1959","Cratering occurs inevitably on the surface of materials at all scales due to comprehensive factors. The presence of craters may have a significant influence on the mechanical performance of the surface of an elastic body. In this paper, we study the SH wave propagation in an elastic semi-infinite medium whose surface has a semi-elliptical crater. We explore the scattering of the SH wave by the crater when surface elasticity is incorporated in the model of deformation to account for possible small-scale effects of the crater. We obtain a series solution for the scattered wave function by employing the Mathieu functions in the corresponding elliptical coordinate system. We discuss in some numerical examples the dynamic stress concentration around the crater relative to the wave frequency and few geometric parameters. © 2024 Elsevier B.V., All rights reserved.","Dynamic Stress Concentration; Elastic Wave; Mathieu Function; Surface Effect; Geometry; Hydroelasticity; Shear Waves; Stress Concentration; Surface Scattering; Wave Propagation; Dynamic Stress Concentration; Elastic Body; Elastic Half Space; Elliptical Craters; Mathieu Functions; Mechanical Performance; Scattering Of Sh-waves; Surface Effect; Surface Elasticities; Surface Of Materials; Wave Functions"
"Stochastic mesoscale characterization of ablative materials for atmospheric entry","2024","Applied Mathematical Modelling","10.1016/j.apm.2024.07.027","https://www.scopus.com/inward/record.uri?eid=2-s2.0-85199751685&doi=10.1016%2Fj.apm.2024.07.027&partnerID=40&md5=f0901ba1a0fc3c99b32c977956ede57f","This study addresses the estimation of material properties at a mesoscopic level using the PuMA software from an uncertainty quantification perspective. Stochastic simulation with PuMA is primarily related to the random distribution of fibers, which is an intrinsic source of uncertainty. Additionally, the selection of certain physical parameters, such as the fiber's thermal conductivity, introduces further uncertainties. The first contribution of this study is to propose a low-cost surrogate-based methodology with an unequal allocation scheme, applied for the first time to the stochastic mesoscale characterization of ablative materials. The second contribution is a study on uncertainty propagation and sensitivity analysis of material properties, providing a systematic assessment of the choice of voxel resolution for both the fibers and the domain. Specifically, the convergence of quantities of interest can be monitored, thus identifying the minimal reference elementary volume. © 2024 Elsevier B.V., All rights reserved.","Carbon/phenolic Ablators; Kriging; Microstructure; Porous Materials; Thermal Conductivity; Thermal Protection Systems; Uncertainty Quantification; Carbon; Porous Materials; Sensitivity Analysis; Stochastic Models; Stochastic Systems; Thermal Conductivity; Uncertainty Analysis; Ablators; Atmospheric Entry; Carbon-phenolic; Carbon/phenolic Ablator; Kriging; Meso Scale; Mesoscopic Levels; Stochastics; Thermal Protection System; Uncertainty Quantifications"
"A bi-fidelity DeepONet approach for modeling hysteretic systems under uncertainty","2024","Applied Mathematical Modelling","10.1016/j.apm.2024.06.045","https://www.scopus.com/inward/record.uri?eid=2-s2.0-85199544169&doi=10.1016%2Fj.apm.2024.06.045&partnerID=40&md5=c6c0639698e484758fa8474b9967bafb","This study proposes a multi-fidelity paradigm for developing surrogates of degrading hysteretic systems under uncertainty through the use of deep operator networks (DeepONets). Instead of attempting to directly train a DeepONet on the original response, this study adopts a residual modeling approach wherein the DeepONet is trained on the discrepancy between the original (high-fidelity) data source and a relatively simpler (low-fidelity) representation of the system. Within these examples, a conventional Bouc-Wen model is treated as a “low-fidelity” representation given that it is free of any further assumptions about the nonlinear behavior, while the “high-fidelity” data is generated from different structures with various forms of complex hysteretic behavior. The results of this study show that the proposed multi-fidelity approach consistently outperforms standard surrogates trained on only the original datasets considering a variety of systems with unknown parameters. The results also show that the difference in performance grows as training data becomes more scarce, a critical consideration for many real-world engineering systems, and that the proposed multi-fidelity approach maintains its performance edge even when controlling for training time and noise in the training data. © 2024 Elsevier B.V., All rights reserved.","Deep Operator Networks (deeponets); Degrading Hysteresis; Multi-fidelity Modeling; Nonlinear Hysteretic Systems; Residual Modeling; Seismic Isolation Systems; Real Time Systems; Uncertainty Analysis; Deep Operator Network; Degrading Hysteresis; Hysteretic Systems; Multi Fidelities; Multi-fidelity Models; Nonlinear Hysteretic Systems; Operator Networks; Residual Model; Seismic Isolation Systems; Uncertainty; Hysteresis"
"Model and performance analysis of energy conversion in functionally graded flexoelectric semiconductor nanostructures","2024","Applied Mathematical Modelling","10.1016/j.apm.2024.07.023","https://www.scopus.com/inward/record.uri?eid=2-s2.0-85199522167&doi=10.1016%2Fj.apm.2024.07.023&partnerID=40&md5=738a505106c92b0cdc5c5bb7b7cb88f7","Energy systems converting efficiently from surrounding environment for powering semiconductor electronic components at nanoscale has attracted intense research interests. Due to the strong size dependency, flexoelectricity has been demonstrated as an excellent candidate implemented as nanoscale piezoelectric semiconductor energy harvesters. In this work, through a judicious exploitation of structural symmetry and nonuniformity, we theoretically study the energy conversion behaviors of a novel asymmetric nanodisk model composed of functionally graded (FG) flexoelectric semiconductor (FS) (FG-FS) materials while being loaded with thickness-extensional mechanical vibration. In numerical analysis, the material parameters have been treated with a general variation method under the Cartesian coordinate systems for simplicity. Taking into accounts of the nonuniform structural form and multi-field coupling features, we derived an octic governing equation with variable coefficients for the current analyzed FG-FS nanodisk structure, which is, however, almost impossible to obtain analytical solutions. To successfully address this issue and also further explore the improved performance and new phenomena induced by the FG type of non-uniform structural profile, we specially proposed an efficient tensor algorithm and reduced the octic governing equation into one quartic equation with variable coefficients and other four common quadratic equations. Later, we explicitly explored the effect of each physical parameter on the energy conversion performance of the FS energy harvester by studying the variations of the output electric power density and the energy conversion efficiency. Results illustrated that the electromechanical energy conversion behaviors of the studied FG-FS nanodisk can be properly tuned by not only the related material parameters but also their gradations. We believe our work have the potential to pave new way for the designs and manufacture of novel nano-electronic semiconductor components for the future practical applications. © 2024 Elsevier B.V., All rights reserved.","Energy Conversion Efficiency; Flexoelectric Effect; Functionally Graded Materials; Output Electric Power Density; Semiconductor; Energy Conversion Efficiency; Energy Harvesting; Nanotechnology; Numerical Methods; Semiconductor Devices; Vibrations (mechanical); Electric Power Density; Energy Harvester; Flexoelectric; Flexoelectric Effects; Functionally Graded; Materials Parameters; Nano Scale; Nanodisks; Output Electric Power Density; Functionally Graded Materials"
"Dynamics and advanced active disturbance rejection control of tethered UAV","2024","Applied Mathematical Modelling","10.1016/j.apm.2024.07.011","https://www.scopus.com/inward/record.uri?eid=2-s2.0-85199399127&doi=10.1016%2Fj.apm.2024.07.011&partnerID=40&md5=464ff9af3556eb8f8bf23eda2a868baf","Due to its vast potential for applications in agricultural harvesting, the tethered unmanned aerial vehicle (UAV) has garnered considerable interest. However, the anti-disturbance control of this system remains fraught with obstacles, stemming primarily from its inherent nonlinearity, unpredictable airflow disturbances, unmeasurable tether tension, and the changes in the center of gravity during operation. We propose a comprehensive dynamic model for the operational tethered unmanned aerial vehicle with considering the center of gravity shift. Because of obstructions caused by branches and leaves, the tethered UAV can't reach fruits inside the tree. Therefore, two deformation functions of the tethered quadcopter are considered. Additionally, in order to enhance the effectiveness of traditional Active Disturbance Rejection Control, we present an optimized controller combining a phase compensation algorithm with a nonlinear function. The proposed Controller is validated in a high-fidelity simulation environment, considering internal interference, wind field interference and reactive force from produces. Besides, the simulation is specifically developed for picking operation, The results underscore the better observation capabilities of the enhanced controller proposed in this study. Moreover, when deployed in a simulated picking environment, the improved controller exhibits remarkable resistance to the interference and significantly mitigates chattering issues. © 2024 Elsevier B.V., All rights reserved.","Active Disturbance Rejection Control; Dynamics Model; Picking Operation; Tethered Uav; Uav Deformation; Aircraft Control; Antennas; Disturbance Rejection; Unmanned Aerial Vehicles (uav); Active Disturbances Rejection Controls; Aerial Vehicle; Agricultural Harvesting; Center Of Gravity; Dynamics Models; Picking Operations; Tethered Unmanned Aerial Vehicle; Unmanned Aerial Vehicle Deformation; Vehicle Deformation; Controllers"
"Primal-dual hybrid gradient image denoising algorithm based on overlapping group sparsity and fractional-order total variation","2024","Applied Mathematical Modelling","10.1016/j.apm.2024.07.015","https://www.scopus.com/inward/record.uri?eid=2-s2.0-85199395999&doi=10.1016%2Fj.apm.2024.07.015&partnerID=40&md5=8bbe32bcd85ac1c30395d1cd14ed607f","This study introduces a non-convex fractional-order hyper-Laplacian variational model for Gaussian noise removal. It employs first the primal-dual hybrid gradient algorithm to solve problems involving overlapping group sparse structures. Additionally, this paper designs a new algorithm leveraging the framework of the Chambolle-Pock algorithm with convergence and aims to recover high-quality images. The model, integrating the overlapping group sparse structure of the hyper-Laplacian prior with the non-convex fractional-order total variation, exhibits superior performance in reducing the staircase effect and maintaining sharp edge contours. To further improve the performance of the algorithm, a semi-adaptive p(x) non-convex penalty weight assignment mechanism is designed by introducing the structure tensor, which according to the characteristics of each region of the image and the noise level. The effectiveness and superiority of the proposed algorithm in image denoising with simulation experiments and comparative analyses are fully verified. © 2024 Elsevier B.V., All rights reserved.","Fractional-order Total Variation; Image Denoising; Overlapping Group Sparsity; Primal-dual Hybrid Gradient Algorithm; Semi-adaptive Parameter P(x); Gaussian Noise (electronic); Image Enhancement; Laplace Transforms; Adaptive Parameters; Fractional Order; Fractional-order Total Variation; Group Sparsities; Overlapping Group Sparsity; Overlapping Groups; Primal Dual Hybrid Gradient Algorithms; Semi-adaptive; Semi-adaptive Parameter P(x); Total-variation; Image Denoising"
"Optimization design method for multi-stress accelerated degradation test based on Tweedie exponential dispersion process","2024","Applied Mathematical Modelling","10.1016/j.apm.2024.07.012","https://www.scopus.com/inward/record.uri?eid=2-s2.0-85199391984&doi=10.1016%2Fj.apm.2024.07.012&partnerID=40&md5=aede81b855bfb64945d6342d2f973508","In the operational environment of electronic products, simultaneous multiple stresses contribute to product degradation, with their interactions often being intricate. To effectively analyze and optimize multi-stress accelerated degradation tests, we introduce a Multi-Stress Generalized Coupling accelerated degradation model based on the Tweedie exponential dispersion process, coupled with a multi-decision optimization approach for test design. The model integrates stress interactions elucidated through fuzzy correlation analysis, reflecting the accelerated degradation behavior consistent with the Tweedie exponential dispersion process. Addressing the complexities of multi-parameter estimation, we propose a parameter estimation method underpinned by the Sine Cosine Algorithm for multi-objective optimization within the proposed framework. Considering budgetary constraints, D-optimization and V-optimization strategies are deployed to finetune test scheme allocations, optimizing resource utilization. Validation through a three-stress accelerated degradation test on LED chips confirms the model's efficacy in reliability assessment. Our findings indicate the superior descriptive power of the Tweedie exponential dispersion model for complex degradation phenomena and the proposed model's closer approximation to stress conditions in real-world settings, with a methodological error maintained below 2 %. Furthermore, the test optimization method enhances the D-optimization and V-optimization objective values by 21.20 % and reduces them by 4.08 %, respectively, marking a substantial improvement over traditional schemes and endorsing the holistic advancement of multi-stress accelerated degradation testing methodologies. © 2024 Elsevier B.V., All rights reserved.","Accelerated Degradation Test; Adaptive Algorithm; Multi-decision Optimization; Multi-stress Coupling; Parameter Estimation; Tweedie Exponential Dispersion Process; Adaptive Algorithms; Budget Control; Dispersions; Multiobjective Optimization; Accelerated Degradation Tests; Dispersion Process; Exponentials; Multi Decisions; Multi-decision Optimization; Multi-stress Coupling; Optimisations; Parameters Estimation; Stress Coupling; Tweedie Exponential Dispersion Process; Parameter Estimation"
"Asymptotic dynamics and optimal treatment for a model of tumour resistance to chemotherapy","2024","Applied Mathematical Modelling","10.1016/j.apm.2024.07.008","https://www.scopus.com/inward/record.uri?eid=2-s2.0-85199296288&doi=10.1016%2Fj.apm.2024.07.008&partnerID=40&md5=8e6ba3eeace352fdca70ed7e9d11e9f0","Failure in cancer treatment often stems from drug resistance, which can manifest as either intrinsic (pre-existing) or acquired (induced by drugs). Despite extensive efforts, overcoming this resistance remains a challenging task due to the intricate and highly individualized biological mechanisms involved. This paper introduces an innovative extension of an already well-established mathematical model to account for tumour resistance development against chemotherapy. This study examines the existence and local stability of model solutions, as well as exploring the model asymptotic dynamics. Additionally, a numerical analysis of the optimal control problem is conducted using an objective functional. The numerical simulations demonstrate that a constant anti-angiogenic treatment leads to a concatenation of bang-bang and singular intervals in chemotherapy control, resembling a combined protocol comprising maximal tolerated dose and metronomic protocols. This observation lends support to the hypothesis that mean-dose chemotherapy protocols may help circumvent acquired drug resistance. Lastly, a sensitivity analysis is undertaken to scrutinize the dependence of model parameters on the outcomes of the previously examined therapeutic protocols. © 2024 Elsevier B.V., All rights reserved.","Drug Resistance; Metronomic Therapy; Norton-simon Hypothesis; Optimal Control; Stability Analysis; Controlled Drug Delivery; Drug Dosage; Optimal Control Systems; Sensitivity Analysis; Tumors; Asymptotic Dynamics; Biological Mechanisms; Drug-resistance; Dynamic Treatments; Local Stability; Metronomic Therapy; Norton-simon Hypothesis; Optimal Controls; Optimal Treatment; Stability Analyze; Chemotherapy"
"Relative error-based distributed estimation in growing dimensions","2024","Applied Mathematical Modelling","10.1016/j.apm.2024.07.013","https://www.scopus.com/inward/record.uri?eid=2-s2.0-85199175165&doi=10.1016%2Fj.apm.2024.07.013&partnerID=40&md5=10c080abb2177121c420fd9bc301efed","This paper studies the estimation problem of multiplicative models for large-scale positive response data with growing dimensions. First, we propose a communication-efficient least product relative error estimator which is the minimizer of a surrogate loss function that approximates the global least product relative error loss. Then, a practically efficient distributed Newton-Raphson algorithm is proposed to solve the problem. Theoretically, we show that the distributed estimator achieves the same statistical efficiency as the global estimator under regularity conditions when the dimension is fixed and increases with the local sample size, respectively. Second, by incorporating an adaptive lasso penalty into the surrogate loss, we develop a communication-efficient penalized least product relative error estimator for high-dimensional variable selection on massive positive response data. Accordingly, we propose a distributed algorithm based on the alternating direction method of multipliers. It is shown that the distributed penalized estimator has the oracle property in the growing-dimensional setting. Finally, extensive simulations and two real-world applications are conducted to demonstrate the superiority of our proposal. © 2024 Elsevier B.V., All rights reserved.","Growing Dimensions; Large-scale Positive Response Data; Least Product Relative Error; Multiplicative Models; Newton-raphson Method; Distributed Estimation; Error Estimators; Estimation Problem; Growing Dimension; Large-scale Positive Response Data; Large-scales; Least Product Relative Error; Multiplicative Model; Relative Errors; Response Data; Errors"
"Recurrent neural network-based predefined time control for morphing aircraft with asymmetric time-varying constraints","2024","Applied Mathematical Modelling","10.1016/j.apm.2024.06.024","https://www.scopus.com/inward/record.uri?eid=2-s2.0-85199128334&doi=10.1016%2Fj.apm.2024.06.024&partnerID=40&md5=22ad8401b807038ad356dc4feb863eaf","This paper proposes a predefined time control method for morphing aircraft based on an adaptive full-feedback recurrent neural network and a universal barrier function. This method allows morphing aircrafts to track their attitude accurately even under the influence of morphing disturbance, aerodynamic uncertainties and asymmetric time-varying constraints. Specifically, a new universal barrier function is applied to directly perform unconstrained transformations of state variables, which avoids feasibility conditions. Additionally, an adaptive full-feedback recurrent neural network structure is proposed to quickly and accurately approximate additional disturbances and unknown dynamics. Moreover, a backstepping framework is applied to design the predefined time control law, and a command filter is used to prevent the “explosion of complexity” problem. According to stability analyses, the states of the closed-loop system converge within the preset time without violating the state constraints. Finally, the effectiveness of the control algorithm is verified via simulation experiments. © 2024 Elsevier B.V., All rights reserved.","Adaptive Full-feedback Recurrent Neural Network; Asymmetric Time-varying State Constraints; Morphing Aircraft; Predefined Time Control; Universal Barrier Function; Adaptive Control Systems; Aircraft; Aircraft Control; Backstepping; Closed Loop Systems; Feedback; Time Varying Networks; Adaptive Full-feedback Recurrent Neural Network; Asymmetric Time-varying State Constraint; Barriers Functions; Full Feedbacks; Morphing Aircrafts; Predefined Time Control; State Constraints; Time Control; Time Varying; Universal Barrier Function; Recurrent Neural Networks"
"A unified model for mechanical deformations of single stranded DNA-microbeam biosensors considering surface charge effects","2024","Applied Mathematical Modelling","10.1016/j.apm.2024.07.006","https://www.scopus.com/inward/record.uri?eid=2-s2.0-85199080271&doi=10.1016%2Fj.apm.2024.07.006&partnerID=40&md5=d6dc205125d40305295f535fa59a20cc","A unified energy model for mechanical deformation of the microbeam included by single stranded DNA (ssDNA) adsorption considering the surface charge density on substrate is investigated. First, a free energy model is established to quantify the deflection and axial displacement of the microbeam, the ion concentration in the solution, as well as the electric potential distribution inside and outside the ssDNA film with a uniform surface charge density. Then, the governing equations and corresponding boundary conditions are obtained by minimizing the free energy with three types of variational variables. And, the relationship of the electric potential difference between the two sides of the ssDNA film and the deformation of microcantilever and simply support beam are determined in different solutions (1: 1, 1: 2, 1: 3). Moreover, the numerical solutions of the electric potential distribution inside and outside the ssDNA film are investigated by using the finite difference method and Newton's iteration method. The results suggest that the nonlinear model for electric potential distribution should be used under higher surface charge density. By fitting and comparing the present predictions with Arroyo-Hernandez's experimental data, the effectiveness of the model is verified. The study shows that the surface charge density can modulate the magnitude and direction of ssDNA-microbeam deformation, which also indicates that there exists a critical surface charge density, causing the failure of ssDNA-microbeam detection. These conclusions are helpful for designing the efficient biosensors based on DNA-microbeam. © 2024 Elsevier B.V., All rights reserved.","Bending Deformation; Dna Adsorption; Energy Method; Microbeam; Surface Charge Effect; Biosensors; Charge Density; Electric Potential; Finite Difference Method; Free Energy; Iterative Methods; Numerical Methods; Surface Charge; Dna Adsorption; Dna Films; Electric Potential Distribution; Energy Method; Energy Model; Mechanical Deformation; Micro Beams; Surface Charge Densities; Surface Charge Effect; Unified Modeling; Dna"
"Flexoelectric and surface effects on bending deformation and vibration of piezoelectric nanolaminates: Analytical solutions","2024","Applied Mathematical Modelling","10.1016/j.apm.2024.07.010","https://www.scopus.com/inward/record.uri?eid=2-s2.0-85198916164&doi=10.1016%2Fj.apm.2024.07.010&partnerID=40&md5=e70822be5f6f71ee9344ef449f7135a5","In this paper, a model of double-layer rectangular piezoelectric nanolaminates with different upper and lower surface properties is established. The bending and vibration behavior of the piezoelectric nanolaminates are evaluated and analyzed, taking into consideration the flexoelectric and surface effects. Utilizing the surface piezoelectric model, flexoelectric theory, and Kirchhoff plate theory, this study provides analytical solutions for the bending deflection and natural frequency of rectangular piezoelectric nanolamination materials under various boundary conditions. The results indicate that the effects of flexoelectric and surface influences on piezoelectric nanolaminates are associated with residual surface stress and flexoelectric coefficients. These effects can enhance the bending stiffness and decrease the natural frequency of the piezoelectric nanolaminates. Furthermore, altering the residual stress on the upper and lower surfaces of the laminates separately will result in different trends in bending deflection, while causing a consistent trend in natural frequency change. When the electric potential direction of piezoelectric nanolaminates is different, the bending deflection of piezoelectric nanolaminates will change accordingly. The natural frequency of piezoelectric nanolaminates is determined by the absolute value of the flexoelectric coefficients, and is independent of their positive or negative values. Both the surface effect and the flexoelectric effect are influenced by size-dependent behaviors. When the thickness of the laminates is sufficiently large, both the surface effect and flexoelectric effect can be disregarded. This paper's research methods and results provide theoretical models and analytical methods for the microstructure design, multi-physical field characterization, and bending deformation behavior of intelligent components containing rectangular piezoelectric nanolaminates. © 2024 Elsevier B.V., All rights reserved.","Bending Deflection; Flexoelectricity; Piezoelectric Nanolaminates; Size-dependent Behaviors; Surface Effect; Vibration Characteristic; Bending (deformation); Bending (forming); Deflection (structures); Electric Potential; Piezoelectricity; Surface Stress; Vibration Analysis; Bending Deflection; Flexoelectric; Flexoelectric Effects; Flexoelectricity; Nano-laminates; Piezoelectric; Piezoelectric Nanolaminate; Size Dependent Behaviors; Surface Effect; Vibration Characteristics; Natural Frequencies"
"Damage detection for continuous beams by using the tap-scan method","2024","Applied Mathematical Modelling","10.1016/j.apm.2024.07.007","https://www.scopus.com/inward/record.uri?eid=2-s2.0-85198575250&doi=10.1016%2Fj.apm.2024.07.007&partnerID=40&md5=6690bfb42be15cbe44e971e95020e04f","Damage detection for bridges using a passing vehicle has drawn much interest. Recent studies demonstrate that the tap-scan method is an efficient way to detect the change of beam bending stiffness. A quantitative relationship between the change of beam bending stiffness and the acceleration of a vehicle can be evaluated. However, the reported relationship is calibrated for a simply-supported beam, which may be unsuitable for continuous beams due to inherent structural differences. Addressing this, an analytical solution for damage detection for continuous beams using the tap-scan method is presented in this paper. Case studies reveal that damage relationships across different spans of continuous beams show negligible dependence on modal parameters and beam lengths. Consequently, the damage identification within any span of a continuous beam can be accomplished using the same damage relationship calibrated on a simply-supported beam. But it should be noticed that the damage relationship might differ by beam structural forms. The above result holds substantial implications for practical engineering scenarios, notably by diminishing the labor and complexity associated with the calibration of damage relationships for continuous beams. © 2024 Elsevier B.V., All rights reserved.","Continuous Beams; Damage Detection; Tap-scan Method; Modal Analysis; Stiffness; Taps; Beam Bending Stiffness; Beam Length; Case-studies; Continuous Beams; Damage Identification; Modal Parameters; Scan Methods; Simply Supported Beams; Structural Differences; Tap-scan Method; Damage Detection"
"An adapted two-step approach to simulate nonlinear vibrations of patterned tires rolling on a smooth surface","2024","Applied Mathematical Modelling","10.1016/j.apm.2024.06.032","https://www.scopus.com/inward/record.uri?eid=2-s2.0-85198550231&doi=10.1016%2Fj.apm.2024.06.032&partnerID=40&md5=fd7246e495d914bdaaa0664d8bd82bee","The tire/road noise is one of the major problems facing the tire industry due to the nuisance felt by the vehicle's driver and passengers. Moreover, it is expected in the coming years that this sound nuisance will be one of the main sources of vehicle noise due to the transition from combustion engine driven vehicles to electric vehicles. Tire manufacturers have therefore refined the design of their tire structures to find technological solutions to reduce traffic noise. Tire/road noise is also generated by various mechanisms which depend on different parameters such as the properties of the tire, road texture and driving conditions. This noise is partly caused by the acoustic radiation induced by the tire vibrations due to contacts with the road. The simulation and analysis of the tire's vibrations remains a challenge for the tire industry. Indeed, the simulation of the full dynamic response of a rolling patterned tire requires not only taking onto account various nonlinearities but also the multi-scale nature of the generated dynamic response. Contrary to a straightforward strategy that consists in using a time integrator to predict the multi-scale dynamic response, the strategy proposed in this study is based on a two-step approach to separate the dynamics occurring at different scales. The mathematical formulation of the proposed method is detailed as are the different modeling choices to simulate tire rolling under imposed load. The sensitivity of the tire's vibrations response is analyzed under different rolling conditions and with respect to certain key tire tread pattern parameters. © 2024 Elsevier B.V., All rights reserved.","Contact Mechanics; Multiscale Modeling; Nonlinear Dynamics; Rolling Noise; Acoustic Noise; Dynamic Response; Noise Pollution; Roads And Streets; Textures; Vibration Analysis; Contact Mechanics; Multiscale Modeling; Non-linear Vibrations; Rolling Noise; Smooth Surface; Tire Vibrations; Tire/road Noise; Two-step Approach; Tyre Industry; Vehicle Drivers; Tires"
"Exploring the mechanisms behind dual-peak formation in energy harvesting efficiency of semi-passive flapping airfoils with varied spring stiffness","2024","Applied Mathematical Modelling","10.1016/j.apm.2024.07.005","https://www.scopus.com/inward/record.uri?eid=2-s2.0-85198508955&doi=10.1016%2Fj.apm.2024.07.005&partnerID=40&md5=ca2b334110bfdbc6571fdd1d888ce367","Flapping airfoil energy harvesting has emerged as a promising paradigm inspired by birds and marine organisms. In this investigation, a semi-passive flapping airfoil device with a predetermined pitching motion was examined using a transient numerical simulation method employing an overlapping grid technique. The impact of the spring stiffness on the energy harvesting characteristics of the flapping airfoil was analyzed through the implementation of the integral momentum theorem and dynamic mode decomposition. The results demonstrated that the efficiency and power curves of the flapping airfoil exhibited a distinctive bimodal M shape in response to variations of the spring stiffness. The initial peak efficiency point, which corresponded to the system's natural frequency in proximity to the pitching frequency, was found to be heavily influenced by the presence of leading-edge vortexes, thereby influencing lift generation. By utilizing the integral momentum theorem, it was determined that the Lamb vector term, fluid acceleration term, and total pressure term predominantly contributed to the lift generation. The emergence of the second peak efficiency point was primarily linked to torque variations induced by trailing-edge vortexes. © 2024 Elsevier B.V., All rights reserved.","Dynamic Modal Decomposition; Integral Momentum Theorem; Leading-edge Vortex; Semi-passive Flapping Airfoil; Trailing-edge Vortex; Acceleration; Marine Biology; Momentum; Numerical Methods; Stiffness; Vortex Flow; Dynamic Modal Decomposition; Flapping Airfoils; Integral Momentum Theorem; Leading-edge Vortices; Modal Decomposition; Peak Efficiency; Semi-passive Flapping Airfoil; Spring Stiffness; Trailing Edges; Trailing-edge Vortex; Energy Harvesting"
"The applicability of Zermelo's equation to indirect and direct optimization of commercial aircraft flights","2024","Applied Mathematical Modelling","10.1016/j.apm.2024.07.004","https://www.scopus.com/inward/record.uri?eid=2-s2.0-85198337461&doi=10.1016%2Fj.apm.2024.07.004&partnerID=40&md5=c5167eb67cdba0e28c19ffa2f2db0055","This paper focuses on the applicability of Zermelo's equation within the context of 3D commercial aircraft trajectory optimization problems. The associated optimal control problem includes two singular controls, specifically aerodynamic path angle and throttle setting, and one regular control, specifically heading angle. Using Pontryagin's maximum principle and the direct adjoining method, we show that the optimal heading angle is defined by Zermelo's equation. The significance of the presented analysis is that Zermelo's equation holds for 3D commercial aircraft flights, even in the presence of standard state-inequality constraints and a more general objective function. With the help of Zermelo's equation, the control problem is initially analyzed for a 3D time-optimal climb-phase scenario, which is solved by an indirect approach. Through the analysis of the switching function, we demonstrate the dependency of the optimal aerodynamic path angle on the optimal heading angle. Next, by tackling a 3D time-fuel-optimal free-routing flight, solved by a direct approach, we show that Zermelo's equation can help reduce the overall dimension of the associated nonlinear programming. To successfully handle the initial guess in both indirect and direct problems, it is proposed a diminutive nonlinear programming technique as a fast and robust initializer. This simple-yet-effective initializer provides sufficient information about the optimal controls and state dynamics required for initializing a direct optimization, as well as the optimal switching times and co-states required for initializing an indirect optimization. © 2024 Elsevier B.V., All rights reserved.","Commercial Aircraft Trajectory Optimization; Direct And Indirect Trajectory Optimization; Perturbed-analytic Direct Transcription For Optimal Control; Singular Control; Aircraft; Aircraft Control; Constraint Theory; Flight Paths; Free Flight; Multiobjective Optimization; Nonlinear Equations; Optimal Control Systems; Aircraft Trajectory; Commercial Aircraft; Commercial Aircraft Trajectory Optimization; Direct And Indirect Trajectory Optimization; Heading Angles; Optimal Controls; Perturbed-analytic Direct Transcription For Optimal Control; Singular Control; Trajectory Optimization; Nonlinear Programming"
"Flavoring search algorithm with applications to engineering optimization problems and robot path planning","2024","Applied Mathematical Modelling","10.1016/j.apm.2024.07.002","https://www.scopus.com/inward/record.uri?eid=2-s2.0-85198322254&doi=10.1016%2Fj.apm.2024.07.002&partnerID=40&md5=2d4077c4b2765b6bcdf7068d6e73d4e7","In this paper, a human-based meta-heuristic algorithm, the Flavoring Search Algorithm, is proposed and mathematically modeled with the aim of providing an alternative optimization method for solving practical engineering problems. Flavoring Search Algorithm is inspired by the human behavior of flavoring in everyday life, including basic flavoring, formal flavoring, and auxiliary flavoring. By introducing a unique taste factor, it not only succeeded in making the Flavoring Search Algorithm corresponds to the real flavoring process but also balanced the exploration and exploitation of the algorithm. With the help of the taste factors, Flavoring Search Algorithm performs basic flavoring (initial flavoring and random flavoring) in the exploration phase and formal flavoring and auxiliary flavoring in the exploitation phase. In addition, theoretical analysis and experiments have led to the conclusion that the taste factor can be used as an effective and practical new threshold conversion mechanism for meta-heuristic algorithms. This study also establishes a Markov model to rigorously analyze the Flavoring Search Algorithm as a globally convergent algorithm from a mathematical point of view. Through experimental and analytical comparisons with other excellent optimizers on 30 test functions, as well as on 3 real-world engineering design problems and 1 path planning problem. The results show that the Flavoring Search Algorithm generally outperforms the tested competitors in solving benchmark functions and engineering problems, validating the utility of the proposed optimizer in solving challenging real-world problems. © 2024 Elsevier B.V., All rights reserved.","Constrained Optimization; Engineering Applications; Flavoring Search Algorithm; Robot Path Planning; Taste Factor; Behavioral Research; Heuristic Algorithms; Heuristic Methods; Learning Algorithms; Markov Processes; Motion Planning; Robot Programming; Engineering Applications; Engineering Optimization Problems; Flavoring Search Algorithm; Flavourings; Meta-heuristics Algorithms; Optimization Method; Optimizers; Robot Path-planning; Search Algorithms; Taste Factor; Constrained Optimization"
"The dynamic behavior and nonlinear characteristics of aircraft landing gear retraction mechanism considering atmospheric corrosion","2024","Applied Mathematical Modelling","10.1016/j.apm.2024.07.001","https://www.scopus.com/inward/record.uri?eid=2-s2.0-85198289695&doi=10.1016%2Fj.apm.2024.07.001&partnerID=40&md5=9ad66150869bd88e98ef8b4af377f3f2","Atmospheric corrosion poses a significant challenge for the components of aircraft exposed to prolonged harsh weather conditions, critically impacting the safety property of aircraft landing gear retraction mechanism (ALGRM). This paper focuses on the ALGRM of a specific aircraft type, presenting a new modeling and analysis approach to assess the influence of atmospheric corrosion on dynamic behavior and nonlinear characteristics of mechanism. Initially, the dynamic model of ALGRM incorporating clearance joints is established using Lagrangian method. Numerical solutions are then obtained using the Runge-Kutta method. Subsequently, COMSOL simulation software is employed to simulate the corrosion morphology of the bearing under atmospheric corrosion, integrating the corroded bearing surfaces into the dynamic model of the mechanism. Finally, the study investigates the effects of corrosion time and different bearing materials on the dynamic behavior and nonlinear characteristics of ALGRM considering atmospheric corrosion. The results indicate that as corrosion time increases, the degradation of the dynamic behavior of ALGRM becomes more pronounced, and there are significant variations for corrosion morphology of bearing made of different materials under atmospheric corrosion. The findings of this study contribute to a broader understanding of the complex interactions between the dynamic behavior of aircraft and environmental degradation, providing some insights for designing ALGRM that are more durable and adaptable to atmospheric corrosion environments. © 2024 Elsevier B.V., All rights reserved.","Aircraft Landing Gear Retraction Mechanism; Atmospheric Corrosion; Clearance Joints; Dynamic Behavior; Nonlinear Characteristics; Atmospheric Corrosion; Computer Software; Dynamic Models; Lagrange Multipliers; Landing Gear (aircraft); Morphology; Runge Kutta Methods; Aircraft Landing Gear Retraction Mechanism; Behavior Characteristic; Clearance Joints; Corrosion Morphology; Corrosion Time; Dynamic Behaviors; Dynamic Non-linear; Dynamics Models; Exposed To; Nonlinear Characteristics; Numerical Methods"
"Non-probabilistic reliability-based multi-scale topology optimization of thermo-mechanical continuum structures with stress constraints","2024","Applied Mathematical Modelling","10.1016/j.apm.2024.07.003","https://www.scopus.com/inward/record.uri?eid=2-s2.0-85198040942&doi=10.1016%2Fj.apm.2024.07.003&partnerID=40&md5=a47c207e25ad1eb7d82d75ea5131daef","A reliability-based non-probabilistic multiscale topology optimization (NRBMTO) method with stress constraints is proposed for thermo-mechanical continuous structures with uncontrollable stresses. The physical parameters, external loads and temperature values at the macro scale, are regarded as non-probabilistic uncertain parameters in the optimization of structural topologies with complex physical fields at multi-scale. The homogenization-based finite element method is employed to quantify thermo-mechanical structures with multi-scale uncertain parameters in the established multi-scale topology model. The ellipsoid model is applied to describe the uncertainty of non-probabilistic random variables, and the non-probabilistic reliability index is obtained by estimating the failure probability based on the first-order reliability method (FORM). The unit stresses are aggregated to the global maximum stresses with the normalized p-norm function, taking into account the mechanical and thermal stresses. The sensitivity information of the compliance and stress constraint to the macro- and micro-design variables and uncertain variables are derived simultaneously. The macro- and micro- design variables are solved by the method of moving asymptotes (MMA), respectively. Several numerical examples are given to verify the effectiveness and feasibility of the proposed NRBMTO method. The results demonstrate that the optimized structure based on the NRBMTO method provides better security with reliability index β=3 and minimum compliance (244.39) while stress is controlled below 235 MPa compared to the classical deterministic multiscale topology optimization (DMTO) method. © 2024 Elsevier B.V., All rights reserved.","Multi-scale; Non-probabilistic Reliability; Thermo-mechanical Coupled; Topology Optimization; Global Optimization; Homogenization Method; Numerical Methods; Reliability; Stresses; Structural Design; Structural Optimization; Topology; Uncertainty Analysis; Multi-scales; Non-probabilistic; Non-probabilistic Reliability; Reliability-based; Scale Topologies; Stress Constraints; Thermo-mechanical; Thermo-mechanical Coupled; Topology Optimisation; Topology Optimization Method; Shape Optimization"
"Unified recursive kinematics and statics modeling of a redundantly actuated series-parallel manipulator with high load/mass ratio","2024","Applied Mathematical Modelling","10.1016/j.apm.2024.06.033","https://www.scopus.com/inward/record.uri?eid=2-s2.0-85198039919&doi=10.1016%2Fj.apm.2024.06.033&partnerID=40&md5=3db20052c575264dca9f8bbc8b9bbf71","Construction robots with mobile systems are an integral part of automatic building processes. However, with the vigorous development of prefabricated buildings, traditional manipulators have progressively failed to satisfy the requirements of handling heavy materials on construction sites. Thus, this paper proposes a redundantly actuated series-parallel manipulator (RAS-PM). To explore the feasibility of applying the manipulator in construction tasks, this paper establishes the unified recursive kinematics and statics of the manipulator and verifies the validity and reliability of the theoretical modeling method through comprehensive numerical results. The prototype of the manipulator is developed and installed on a bionic hexapod construction robot. The test results demonstrate that the manipulator exhibits an excellent load/mass ratio in non-redundant actuation mode, and its load-carrying capacity can be further enhanced with the optimized force/position hybrid actuation. In the on-site test, the robot can freely switch between modes to handle horizontal and vertical states of materials, such as curtain walls and large panels, thereby contributing to modern prefabricated construction. © 2024 Elsevier B.V., All rights reserved.","Construction Robot; Kinematics; Redundant Actuation; Series-parallel Manipulator; Statics; Manipulators; Materials Handling; Numerical Methods; Construction Robots; Kinematics Models; Load Mass Ratio; Parallel Manipulators; Recursive Kinematics; Redundant Actuation; Redundantly Actuated; Series-parallel; Series-parallel Manipulator; Static; Kinematics"
"Maximizing band gaps of single-phase phononic plates: Isogeometric optimal approach and 3D printing experimental validation","2024","Applied Mathematical Modelling","10.1016/j.apm.2024.06.038","https://www.scopus.com/inward/record.uri?eid=2-s2.0-85198036560&doi=10.1016%2Fj.apm.2024.06.038&partnerID=40&md5=14afee78dc616c1632ab50c34de55ad5","This work presents an effective isogeometric shape optimization approach for finding and widening the phononic band gaps of single-phase Mindlin plate structures. As the single-phase material phononic plate is easy to be manufactured by additive manufacturing, it has been investigated here by optimized its thickness profile to find and widen the band gaps. The proposed method utilizes a coarse B-spline surface to model the thickness profile of periodic plate and a fine B-spline surface to model the mid-surface of plate structure for simulation. The optimal design variables are the thickness variables, i.e., the z-components of the control points of the coarse B-spline surface. To avoid specifying the initial control point locations manually, the constrained dynamic maximization problem is solved by a particle swarm optimization (PSO) algorithm here. Various numerical examples demonstrate the effectiveness and reliability of the proposed method in finding optimal phononic band gaps of periodic plates. And the numerical results show that there is no band gap for h<inf>max</inf> = 3 h<inf>min</inf>, and the band gaps can be found and widen for h<inf>max</inf> ≥ 5 h<inf>min</inf>. The obtained band range is 638.9–823.6 Hz with a decreased central frequency of 731.25 Hz for h<inf>max</inf> = 5 h<inf>min</inf> and the width and the number of band gaps are increased as the maximum allowable thickness increases. Finally, one optimized design is fabricated through additive manufacturing, and the experimental frequency response is consistent with the results based on isogeometric analysis. © 2024 Elsevier B.V., All rights reserved.","Additive Manufacturing; Band Gap; Isogeometric Analysis; Particle Swarm Optimization; Shape Optimization; Additives; Constrained Optimization; Energy Gap; Frequency Response; Interpolation; Numerical Methods; Particle Swarm Optimization (pso); Shape Optimization; B Spline Surface; B-spline Surface; Isogeometric Analysis; Particle Swarm; Particle Swarm Optimization; Phononic Band Gaps; Plate Structure; Shape-optimization; Single Phasis; Swarm Optimization; 3d Printing"
"The effect of fastener clip fatigue for high-speed railway on vehicle-track dynamic interaction: Numerical analysis and probabilistic evaluation","2024","Applied Mathematical Modelling","10.1016/j.apm.2024.06.044","https://www.scopus.com/inward/record.uri?eid=2-s2.0-85198009658&doi=10.1016%2Fj.apm.2024.06.044&partnerID=40&md5=e8ec77f373df7bbb7076b7f73196a420","To investigate the vehicle-induced fatigue damage evolution of fastener clips and their impact on the vehicle-track (VT) system, a numerical dynamic model is established to achieve probabilistic evaluation. The “rain flow” counting method is adopted to describe the stress cycles of the hazard area of the clips, and the S-N curve is used to predict the fatigue life of the clips. The solution of the dynamic equation of motion is obtained by the time-domain Green's function method, which is an effective method to improve computational efficiency. A versatile iterative algorithm is adopted to solve the nonlinear system considering the damaged clips. In the probabilistic evaluation framework, a novel random field method is employed to depict the spatial variability of clips’ strength. The applicability of the model established in this work in aspects of expressing random damage of fasteners and evaluating the dynamic behavior of the system is demonstrated by different numerical examples. The results show that the dynamic responses of the train and track system significantly exacerbate as the number of train cycles increases, which is closely related to the variability and non-uniform damage of the fasteners. The probability of cumulative damage to the fasteners induced by the train follows a three-stage rule, and the fatigue damage of the non-uniform fastener system caused by the train is greater than that of the uniform situation. In addition, the short wave components of track irregularity will significantly exacerbate the damage to fasteners and therefore degrade the status of the railway line. As the driving speed increases, the damage to the fasteners also increases, but the impact of vehicle speed on the fastener damage is smaller than that of track irregularity, especially in the range of fatigue damage greater than 0.9. Therefore, maintaining the geometric smoothness of the track, controlling the uniformity of the mechanical properties of the fasteners, and reducing the driving speed are feasible measures to extend the service life of the fastener system, thereby ensuring the operation of high-speed trains. © 2024 Elsevier B.V., All rights reserved.","Fastener Clip Fatigue; Finite Element Method; Random Field; Vehicle-track Dynamic Interaction; Computational Efficiency; Equations Of Motion; Fatigue Damage; Iterative Methods; Locks (fasteners); Numerical Methods; Railroad Cars; Railroad Transportation; Railroads; Time Domain Analysis; Vehicles; Driving Speed; Dynamic Interaction; Fastener Clip Fatigue; High-speed Railways; Non-uniform; Probabilistic Evaluation; Random Fields; Track Irregularity; Vehicle-track Dynamic Interaction; Vehicle/track Dynamics; Finite Element Method"
"Multi-physics model bias correction with data-driven reduced order techniques: Application to nuclear case studies","2024","Applied Mathematical Modelling","10.1016/j.apm.2024.06.040","https://www.scopus.com/inward/record.uri?eid=2-s2.0-85197770983&doi=10.1016%2Fj.apm.2024.06.040&partnerID=40&md5=015a55fec502627c36576b6754171a05","Due to the multiple physics involved and their mutual and complex interactions, nuclear engineers and researchers are constantly working on developing highly accurate Multi-Physics models, focusing in particular on the core coupling of Neutronics and Thermal-Hydraulics. Nevertheless, the development of accurate and stable models remains a challenging task despite the advancements in computational hardware and software. This work investigates the possibility of combining the available mathematical model with data collected on physical systems, with a two-fold goal: improvement of the performance of the former from the computational point of view without sacrificing accuracy and performing model bias correction with the knowledge coming in real-time from the system. In particular, two Data-Driven Reduced Order Modelling techniques, the Generalised Empirical Interpolation Method and the Parametrised-Background Data-Weak formulation, are applied to literature benchmark nuclear case studies, as they were observed to be quite well suited for the chosen cases. The main goal of this work is to assess the possibility of using external data to perform model bias correction: starting from a purposefully less accurate, but computationally cheaper base model, then using high-fidelity data to update and correct the model efficiently. Indeed, the numerical results obtained in this paper are promising, confirming the feasibility of this approach to develop computationally cheap and accurate multi-physics models; furthermore, investigation of Data-Driven Reduced Order Modelling approach to nuclear industrial cases, in the context of model bias correction, is foreseen. © 2024 Elsevier B.V., All rights reserved.","Data Driven; Model Correction; Multi-physics; Nuclear Reactors; Reduced Order Modelling; Data Reduction; Real Time Systems; Bias Correction; Case-studies; Data Driven; Model Bias; Model Corrections; Multi-physics; Multiphysics Model; Reduced Order; Reduced Order Modelling; Reduced-order Model; Nuclear Reactors"
"Shape modeling and experimental validation of continuum robots","2024","Applied Mathematical Modelling","10.1016/j.apm.2024.06.013","https://www.scopus.com/inward/record.uri?eid=2-s2.0-85197748358&doi=10.1016%2Fj.apm.2024.06.013&partnerID=40&md5=5ae08a7fa05a2e770be0e2d00bc42f63","A mathematical model for the inverse kinematics and shape modeling of continuum robots is presented in this paper. This method simplifies the forward kinematics derivation process by introducing a rotation axis. In the inverse kinematics solution, an iterative approach is employed to try different initial values, and the optimal initial value is obtained by computing the condition number of the Jacobian matrix. Simulation experiments are verified that optimized initial values can effectively enhance the efficiency of inverse kinematics solution. Based on the Euler-Bernoulli beam theory, the shape modeling of continuum robots is derived, and the mathematical model of the relationship between robot shape and end loads is established. Finally, the mathematical model is verified through prototype experiments, demonstrating that the established shape modeling can achieve accurate simulation of deformation within a range where the bending angle is less than 90°, with errors within 10 %. © 2024 Elsevier B.V., All rights reserved.","Continuum Robots; Kinematics; Shape Modeling; Static Analyses; Computation Theory; Continuum Mechanics; Inverse Kinematics; Inverse Problems; Iterative Methods; Number Theory; Robots; Continuum Robot; Experimental Validations; Forward Kinematics; Inverse Kinematic Models; Inverse Kinematic Solutions; Iterative Approach; Model Validation; Rotation Axes; Shape Modelling; Static Analyze; Jacobian Matrices"
"Improving quasi-zero-stiffness isolator performance: two hybrid isolators employing inerter elements","2024","Applied Mathematical Modelling","10.1016/j.apm.2024.06.035","https://www.scopus.com/inward/record.uri?eid=2-s2.0-85197678612&doi=10.1016%2Fj.apm.2024.06.035&partnerID=40&md5=842a693e85154a4ea3a1d03baeffdeac","The pursuit of enhanced low-frequency vibration isolation motivates the development of quasi-zero-stiffness vibration isolators (QZS-VIs), yet with inherent limitations. The nonlinear hardening stiffness may distort the resonance peak rightward, narrowing the isolation bandwidth. Additionally, the high sensitivity to excitation variations can exacerbate the rightward distortion and jumping phenomenon. In this study, two types of hybrid isolators (QZS-IE isolators) are developed by integrating inerter elements (IEs) with traditional QZS-VI to enhance isolation performance. Their distinct mass block configurations yield varied enhancement behaviors. The unified dynamic equation for the two QZS-IE isolators is derived using harmonic balance and arc-length methods, validated by Runge-Kutta. The analyses of stability and periodicity clarify their response characteristics. Subsequently, the study investigates the effects of geometry and excitation parameters, comparing the enhancements of the two QZS-IE isolators. The results manifest that the introduction of inerter elements improves low-frequency vibration isolation, suppressing peak transmissibility and reducing isolation beginning frequency. The type I QZS-IE isolator outperforms the type II QZS-IE and traditional QZS isolators in low-frequency isolation performance and excitation sensitivity. However, the high-frequency isolation performance of the type I isolator is hindered by the ascending transmissibility curve post anti-resonant frequency. The type II QZS-IE isolator rectifies resonance peak distortion while avoiding adverse effects. The different configurations of the inerter elements and the related attenuating strategies offer a guideline for diversified vibration isolation objectives. © 2024 Elsevier B.V., All rights reserved.","Inerter Element; Low-frequency; Quasi-zero-stiffness; Resonance Peak; Natural Frequencies; Runge Kutta Methods; Sensitivity Analysis; Inerte Element; Inerter; Isolation Performance; Isolator Performance; Low Frequency Vibration Isolations; Lower Frequencies; Quasi-zero Stiffness; Resonance Peak; Type Ii; Vibration Isolators; Stiffness"
"An enhanced contact force model with accurate evaluation of the energy dissipation during contact-impact events in dynamical systems","2024","Applied Mathematical Modelling","10.1016/j.apm.2024.06.034","https://www.scopus.com/inward/record.uri?eid=2-s2.0-85197564521&doi=10.1016%2Fj.apm.2024.06.034&partnerID=40&md5=53beef29c309c5390bd663262a259d8d","The accurate calculation of energy dissipation during impact plays a decisive role in the prediction of the motion status after impact and the maximum contact force. However, how to precisely depict the energy loss and simplify the contact evaluation process meanwhile is an intractable issue. This investigation aims at analyzing the capacity of accurately evaluating the dissipated energy during impact based on the viscous damping factor contingent on frequency dependency and developing a new viscous damping factor by integrating the relative impact velocity from the linearized underdamped vibration system associated with the energy conservation during impact. Two pivotal dissipative coefficients are introduced into the damping force terms in the elastoplastic and plastic contact phases for the sake of compensating the derivation error of the new viscous damping factor. A new contact model with a viscous damper is proposed based on the Hertz contact theory and dimension analysis approach in conjunction with the linearized elastoplastic stiffness from the ML model. A comparative analysis between the novel contact model and the available contact models with viscous damping factors is conducted using an external impact scenario involving two spheres, which proves that the proposed contact model is the most precise viscous contact model in calculating the loss energy during impact. Finally, the slider-crank mechanism with clearance and horizontal granular chain are considered as the numerical example to illustrate the correctness of the new viscous contact model. © 2024 Elsevier B.V., All rights reserved.","Dissipative Coefficient; Energy Dissipation; Granular System; Impact; Multibody System; Viscous Damping Factor; Damping; Dynamical Systems; Elastoplasticity; End Effectors; Factor Analysis; Linearization; Vibration Analysis; Contact Force Models; Contact Modeling; Damping Factors; Dissipative Coefficients; Granular System; Impact; Multibody System; Viscous Contact Models; Viscous Damping; Viscous Damping Factor; Energy Dissipation"
"Modelling and analysis of the quasi-zero-stiffness metamaterial cylindrical shell for low-frequency band gap","2024","Applied Mathematical Modelling","10.1016/j.apm.2024.06.031","https://www.scopus.com/inward/record.uri?eid=2-s2.0-85197527688&doi=10.1016%2Fj.apm.2024.06.031&partnerID=40&md5=747f22b4ceab6121e69c8cd0a85f2aba","Low-frequency vibrations widely exist in various shell structures of aircrafts, ships or rockets, and propagate along shell structures in elastic waves. Aimed at the vibration issue, this paper proposes a novel metamaterial cylindrical shell with quasi-zero-stiffness (QZS) resonators to achieve low-frequency wave attention within band gaps. Firstly, the resonator is devised to exhibit the QZS feature under appropriate pre-deformation. A simplified dynamic model is established to replace the metamaterial cylindrical shell and derive dispersion relations. Then, the band gap is revealed theoretically by both the plane wave expansion method (PWEM) and the finite element method (FEM). Additionally, the finite element model of the metamaterial cylindrical shell is built to analyze the structural responses and evaluate the transmittance of flexural waves. The results show that the QZS metamaterial cylindrical shell is capable of opening low-frequency band gaps and effectively attenuating flexural waves at low frequencies. © 2024 Elsevier B.V., All rights reserved.","Band Gap; Elastic Metamaterial; Local Resonance Mechanism; Low Frequencies; Quasi Zero Stiffness; Cylinders (shapes); Elastic Waves; Finite Element Method; Metamaterials; Resonators; Shells (structures); Stiffness; Cylindrical Shell; Elastic Metamaterial; Local Resonance; Local Resonance Mechanism; Low Frequency Band; Lower Frequencies; Modelling And Analysis; Quasi-zero Stiffness; Resonance Mechanism; Shell Structure; Energy Gap"
"Orbit-attitude-structure-thermal coupled modelling method for large space structures in unified meshes","2024","Applied Mathematical Modelling","10.1016/j.apm.2024.06.029","https://www.scopus.com/inward/record.uri?eid=2-s2.0-85197362122&doi=10.1016%2Fj.apm.2024.06.029&partnerID=40&md5=57597a5cefb0c7fde96c76d4f81d44a6","Large space structures would exhibit orbit-attitude-structure-thermal coupled effects in complicated space environment. Thus, a new thermal-structure coupled modelling method is proposed using gradient-deficient absolute nodal coordinate formulation beam elements. Compared to the previous methods, both axial and circumferential heat conduction are considered. The cubic interpolation in temperature field instead of the linear interpolation is adopted to obtain a unified-mesh temperature-displacement description. The gravitational force and gravity gradient are modelled, and the effects of attitude motion and structural deformation on solar radiation intensity are considered. In addition, three kinds of quasi-static thermal-structure coupled models are proposed based on Euler-Bernoulli beam theory. Based on the quasi-static models, the theoretical formulas are derived to effectively predict the thermally induced vibrations of the beam in space. Four numerical examples are studied to validate the proposed models, including the heat conduction examples with three boundary conditions and a thermal-structure coupled cantilever beam example. Based on the proposed formulation, the orbit-attitude-structure-thermal coupled dynamics of a multibody system consisted of a rigid body and a large flexible appendage is investigated considering the gravity gradient, solar radiation, Earth's shadow, and self-shadow. © 2024 Elsevier B.V., All rights reserved.","Absolute Nodal Coordinate Formulation; Large Deformation; Large Space Structure; Orbit-attitude-structure-thermal Coupled Effects; Unified-mesh Description; Continuum Mechanics; Gravitation; Heat Conduction; Interpolation; Mesh Generation; Radiation Effects; Rigid Structures; Solar Radiation; Space Applications; Space Platforms; Absolute Nodal Coordinate Formulation; Absolute Nodal Coordinates; Coupled Effect; Coupled Models; Large Space Structure; Larger Deformations; Orbit-attitude-structure-thermal Coupled Effect; Thermal; Thermal Structure; Unified-mesh Description; Orbits"
"A novel multi-scale modeling strategy based on variational asymptotic method for predicting the static and dynamic performance of composite sandwich structures","2024","Applied Mathematical Modelling","10.1016/j.apm.2024.06.027","https://www.scopus.com/inward/record.uri?eid=2-s2.0-85197345783&doi=10.1016%2Fj.apm.2024.06.027&partnerID=40&md5=c069e748a3ead92d4a4352cce716019b","To establish a universal and convenient mathematical model for predicting static and dynamic performance of composite sandwich structures, a novel three-dimensional equivalent homogenized model (3D-EHM) is proposed based on variational asymptotic method. The multiscale mechanical analysis of composite hexagonal and re-entrant honeycomb sandwich structures is conducted by 3D-EHM, enabling reasonable transmission of mechanical information at different scales and facilitating accurate predictions of mechanical responses in sandwich structures. The comparison analysis with 3D printing experimental results and 3D finite element model results demonstrates that the 3D-EHM exhibits remarkable precision and computational efficiency in forecasting static displacement distributions and higher-order vibration modes, eliminating the need for time-consuming and expensive experiments. Moreover, the effects of the ply angle of the face sheet and core geometric parameters on the effective properties of composite hexagonal honeycomb sandwich structures are systematically investigated. In summary, 3D-EHM is an effective applied mathematical model for designing and analyzing composite sandwich structures, fully combining the systematicity of variational methods and the asymptotic convergence of asymptotic methods. © 2024 Elsevier B.V., All rights reserved.","3d Printing; Composite Sandwich Structure; Equivalent Homogenized Model; Static And Dynamic Responses; Variational Asymptotic Method; 3d Modeling; 3d Printing; Computational Efficiency; Forecasting; Honeycomb Structures; Vibration Analysis; 3-d Printing; 3d-printing; Composite Sandwich Structure; Equivalent Homogenized Model; Homogenized Model; Honeycomb Sandwich Structure; Multiscale Modeling; Static And Dynamic Performance; Static And Dynamic Response; Variational Asymptotic Methods; Sandwich Structures"
"The use of an imperfect vaccination and awareness campaign in the control of antibiotic resistant gonorrhoea infection: A mathematical modelling perspective","2024","Applied Mathematical Modelling","10.1016/j.apm.2024.06.042","https://www.scopus.com/inward/record.uri?eid=2-s2.0-85197208623&doi=10.1016%2Fj.apm.2024.06.042&partnerID=40&md5=92fec4a47a1bb8746886172f3935e266","The multi drug-resistant Neisseria gonorrhoeae has been classified by the World Health Organisation (WHO) as a high-priority global public health problem. This underlines the need for better understanding of the transmission dynamics and proposing an optimal intervention strategy to control the disease. In this article, a deterministic mathematical model for the transmission dynamics of gonorrhoea as an antibiotic resistant disease in a population with an imperfect vaccination is proposed and analysed. The model incorporates the classes of vaccinated individuals and individuals equipped with self protection interventions to reduce antibiotic resistant cases. The threshold parameter R<inf>0</inf>, the basic reproduction number, for the analysis of the model is calculated. In the given setting, the model exhibits a backward bifurcation for R<inf>0</inf><1. However, if the efficacy of the vaccine is 100% without a waning effect, the model is shown to be without a backward bifurcation and the disease-free equilibrium is globally asymptotically stable whenever R<inf>0</inf><1. The global sensitivity analysis of the model to variations in parameter values is also performed to determine the most influential parameters on the disease transmission. Moreover, the optimal control analysis of the full model is presented and the optimal intervention strategies are proposed. The proposed intervention strategies are shown to be able to control the disease within a relatively shorter period of time. Finally, numerical experiments are presented to support the theoretical analysis of the model. © 2024 Elsevier B.V., All rights reserved.","Antibiotic Resistance; Basic Reproduction Number; Neisseria Gonorrhoeae; Optimal Control Analysis; Sensitivity Analysis; Stability; Antibiotics; Bifurcation (mathematics); Cell Proliferation; Controlled Drug Delivery; Disease Control; Diseases; Transmissions; Vaccines; Antibiotics Resistance; Basic Reproduction Number; Control Analysis; Gonorrhoeae; Intervention Strategy; Neisseria Gonorrheae; Optimal Control Analyse; Optimal Controls; Optimal Intervention; Transmission Dynamics; Sensitivity Analysis"
"Mixed traffic capacity estimation of autonomous vehicles impact based on empirical data","2024","Applied Mathematical Modelling","10.1016/j.apm.2024.06.041","https://www.scopus.com/inward/record.uri?eid=2-s2.0-85197190550&doi=10.1016%2Fj.apm.2024.06.041&partnerID=40&md5=57a8495791a63ae93593f8923620ab5b","This study refined the composite headway distribution model to estimate the mixed traffic capacity by utilizing extensive empirical mixed traffic data. The enhanced model integrated an automatic iterative algorithm into the stochastic process to capture the headway distributions of autonomous and human-driven vehicles in five types of car-following pair combinations. The proposed iterative algorithm automatically fitted the free-flow headway distribution and dynamically determined the threshold for distinguishing the car-following and free-flow states of autonomous and human-driven vehicles based on extensive trajectory data. Quantitative analysis was carried out to assess the impact of time period and vehicle type on the headway distributions of following vehicles in the five car-following pairs. The mixed traffic capacity was estimated using the overall composite headway distribution model, considering the effects of penetration rate, platoon intensity, and maximum platoon size of the autonomous vehicle. The findings indicated that autonomous vehicles showed more cautious and sensitive car-following behaviors compared to human-driven vehicles. Compared to the daytime, autonomous vehicles showed more cautious car-following behaviors at night. When following heavy vehicles, autonomous vehicles typically adapt conservative and stable car-following behaviors. In addition, the results also showed that the penetration rate, platoon intensity, and maximum platoon size significantly affected the capacity of mixed traffic flow. These results of this study can assist traffic management authorities in formulating rules or policies that take into consideration the growing prevalence of autonomous vehicles. © 2024 Elsevier B.V., All rights reserved.","Automatic Iterative Algorithm; Autonomous Vehicle; Capacity; Composite Headway Distribution; Mixed Traffic Flow; Behavioral Research; Iterative Methods; Random Processes; Stochastic Models; Stochastic Systems; Street Traffic Control; Automatic Iterative Algorithm; Autonomous Vehicles; Capacity; Car Following; Composite Headway Distribution; Headway Distribution; Iterative Algorithm; Mixed Traffic; Mixed Traffic Flow; Traffic Capacity; Autonomous Vehicles"
"A Novel Double-Layer Plastic Zone Elastoplastic Model and Analytical Solutions Considering the Freezing Temperature Gradient of Surrounding Rock in Cold Region Tunnels","2024","Applied Mathematical Modelling","10.1016/j.apm.2024.06.043","https://www.scopus.com/inward/record.uri?eid=2-s2.0-85197147765&doi=10.1016%2Fj.apm.2024.06.043&partnerID=40&md5=ba50e8774ae782bb2983139873479cb7","The frost heave force and the plastic zone caused by the frost heave of the surrounding rock are the primary causes of tunnel frost damage. Current research mainly focuses on the plastic damage caused by the frost heave rock zone on the inner layer rock, while neglecting the damage caused by the outer layer rock. It will not accurately evaluate the stability of tunnels in cold regions. A new elastoplastic calculation model of the tunnel surrounding rock double-layer plastic zone in cold regions is proposed to reveal the failure law of the surrounding rock under frost heave based on thermodynamics and elastic-plastic mechanics theory. The stress field and radius of the surrounding rock in the two-layer plastic zone are determined using the Unified Strength Theory. The radius and stress distribution of the double-layer plastic zone obtained by the theoretical solution are in accordance agreement with the numerical calculation, which verifies the correctness of the theoretical solution. The case analysis of the Yuximolegai Tunnel shows that the thicknesses of the inner and outer plastic zones of the surrounding rock reach 0.57 and 2.34 m, respectively. The outer plastic zone caused by non-uniform frost heaving of the surrounding rock has a larger influencing range than the inner plastic zone. The double-layer plastic zone expands rapidly with the increase in the volumetric frost heave coefficient and elastic modulus of the surrounding rock, but are significantly suppressed by the in-situ stress. The influence of lining thickness and non-uniform frost heave coefficient on the plastic zones is relatively minor, yet their impact on the frost heave force should not be overlooked. © 2024 Elsevier B.V., All rights reserved.","Cold Region Tunnel; Double-layer Plastic Zone; Elastic-plastic Solution; Non-uniform Frost Heave; Unified Strength Theory; Ductile Fracture; Elastoplasticity; Stresses; Thermodynamics; Cold Region Tunnels; Double Layers; Double-layer Plastic Zone; Elastic Plastic Solutions; Frost Heave; Non-uniform; Non-uniform Frost Heave; Plastic Zones; Surrounding Rock; Unified Strength Theory; Rocks"
"Spatially variable seismic underground motions in layered porous seabed medium induced plane wave","2024","Applied Mathematical Modelling","10.1016/j.apm.2024.06.036","https://www.scopus.com/inward/record.uri?eid=2-s2.0-85197095769&doi=10.1016%2Fj.apm.2024.06.036&partnerID=40&md5=e8b91e3ba72b7aaa0feab47ba4232332","In ocean engineering anti-seismic filed, the marine environment is usually regarded as the coupling field of seawater-layered porous seabed-elastic bedrock. This paper presents a theoretical method to study the spatially variable seismic underground motions in stratified seabed system. Based on the potential flow theory, Biot's porous model and random vibration theory, the transfer function and coherence function model of the underground seismic motions in the marine coupling field are derived. On the basis of the above theoretical derivation, the program of the spatial variability seismic underground motions of the coupling field is simulated and developed, and its accuracy and effectiveness are verified. Moreover, the effects of soil stiffness and overlying seawater level on the seismic response are also analyzed. Numerical results show that spatially variable seismic underground motions are significantly different from those on the ocean bottom. The simulation of spatially variable seismic underground motions for layered seabed field is significant for both theoretical study and ocean engineering application. © 2024 Elsevier B.V., All rights reserved.","Anti-seismic Ocean Engineering; Coherence Function; Plane Seismic Wave; Variable Seismic Motions; Marine Couplings; Ocean Engineering; Oceanography; Seawater; Seismology; Anti-seismic Ocean Engineering; Coherence Function; Coupling Fields; Marine Environment; Plane Seismic Wave; Plane Wave; Porous Seabed; Seismic Motions; Theoretical Methods; Variable Seismic Motion; Seismic Waves"
"Secondary resonance of a cantilever beam with concentrated mass under time delay feedback control","2024","Applied Mathematical Modelling","10.1016/j.apm.2024.06.039","https://www.scopus.com/inward/record.uri?eid=2-s2.0-85197035607&doi=10.1016%2Fj.apm.2024.06.039&partnerID=40&md5=d5d2c83daf2959094353bc379cee492f","The present work discusses the strongly nonlinear dynamical characteristics of the secondary resonance in a cantilever beam system with concentrated mass regulated through displacement and velocity time delay. Through the homotopy analysis method, the potential superharmonic and subharmonic resonance issues are resolved. A detailed analysis is conducted to investigate the influences of the time delay, feedback gain coefficient, excitation amplitude, and damping coefficient on the nonlinear response. The results show that the system exhibits hardening behavior for superharmonic resonance with one or two peaks and softening behavior for subharmonic resonance. In time delay control systems, increasing the damping coefficient occasionally causes an increase in amplitude. Due to the complexity of the system, it is challenging to definitively determine whether displacement or velocity time delay control is more suitable. Only when specific working conditions are given can it be compared which way is better. Prudently choosing the velocity and displacement time delay factors can restrain the amplitude of the system, adjust the response region, jump frequency and the number of solutions. The findings of this paper are thought to be useful in the design of time delay feedback controllers. © 2024 Elsevier B.V., All rights reserved.","Cantilever Beam With Concentrated Mass; Homotopy Analysis Method; Subharmonic Resonance; Superharmonic Resonance; Time Delay Feedback Control; Cantilever Beams; Damping; Delay Control Systems; Feedback Control; Nanocantilevers; Timing Circuits; Analysis Method; Cantilever Beam With Concentrated Mass; Concentrated Mass; Homotopy Analyse Method; Homotopy Analysis; Secondary Resonances; Sub-harmonic Resonances; Superharmonic Resonance; Time-delay Feedback Control; Time-delays; Time Delay"
"Pedestrian-induced lateral vibration of footbridges: A comparison study of different loading models","2024","Applied Mathematical Modelling","10.1016/j.apm.2024.06.028","https://www.scopus.com/inward/record.uri?eid=2-s2.0-85197024830&doi=10.1016%2Fj.apm.2024.06.028&partnerID=40&md5=4a7cc518f0254bfdd45a92b708285fd2","The pedestrian-induced lateral vibration of footbridges has attracted much attention since the London Millennium Bridge incident. Significant investigations were mainly performed by external-excited force models and self-excited force models. The first type models consider pedestrians as harmonic forces and/or spring-mass-damping (SMD) systems. The second type consider the self-excited forces of pedestrians that initialize the instability of footbridges by e.g. applying the inverted pendulum (IP) model. This study compares performance of different models in reproducing the observed results of typical living footbridges: the London Millennium Bridge (UK), T-bridge (Japan) and Pedro e Inês footbridge (Portugal). With varying step frequencies and pedestrian numbers, both the acceleration time history and the discrepancy between the input work and consumed work exhibit a consistent trend for the harmonic force (HF) model and SMD model, yet a notable difference for the IP model. The HF model and SMD model are better suited for assuming synchronization, making them convenient for estimating the serviceability of pedestrian-induced lateral vibration. On the other hand, the IP model is more appropriate for incorporating random step frequencies and can better capture observed instability phenomena realistically. Because the SMD model with (inconsistent) parameters from literature may result in significant differences in predicting the acceleration amplitudes, this paper modifies the SMD model and proposes a pedestrian synchronization ratio formula as an exponential function of the maximum lateral acceleration. It is validated by comparing the analytical and numerical results for the three footbridges. Furthermore, by the modified SMD model, the lateral lock-in phenomenon of footbridges is simulated reliably and conveniently. This work contributes to analyze pedestrian-induced lateral vibration of footbridges. © 2024 Elsevier B.V., All rights reserved.","Footbridges; Human-induced Vibrations; Inverted Pendulum Model; Lateral Vibration; Pedestrian-structure Interaction; Smd Model; Synchronization; Vibration Serviceability; Exponential Functions; Footbridges; Inverted Pendulum; Synchronization; Vibration Analysis; Damping Modelings; Human-induced Vibration; Induced Vibrations; Inverted Pendulum Model; Lateral Vibrations; Mass-damping; Pedestrian-structure Interaction; Spring Mass; Spring-mass-damping Model; Vibration Serviceability; Acceleration"
"Optimization of vibration and sound insulation in GPLRC honeycomb structures based on circle chaos mapping and Levy flight-enhanced YDSE with constraints","2024","Applied Mathematical Modelling","10.1016/j.apm.2024.06.018","https://www.scopus.com/inward/record.uri?eid=2-s2.0-85197561265&doi=10.1016%2Fj.apm.2024.06.018&partnerID=40&md5=a9645f68a84b279dfa0d2b7a35fa9c39","Utilizing the first-order shear deformation theory (FSDT) and Hamilton's principle, dynamic equations for tunable Poisson's ratio metamaterial honeycomb sandwich panels have been derived. These panels include petal-shaped, star-shaped, and butterfly-shaped designs. The acoustic response of these panels when subjected to plane harmonic sound waves has been formulated, treating them as fluid-structure interaction systems. To enhance the structural vibration and sound propagation attributes, traditional metallic aluminum has been replaced with graphene platelet-reinforced composites (GPLRC). Through computational analysis and finite element simulation data, the natural frequencies and sound transmission loss (STL) characteristics of the panels have been determined. An improved heuristic algorithm called the circle chaos mapping and levy flight enhanced Young's double-slit experiment optimizer (CLYDSE) has been introduced to optimize their vibrational and acoustic properties. This algorithm builds upon Young's double-slit experiment optimizer (YDSE) by incorporating circle chaos mapping for initializing a monochromatic light source and utilizing the levy flight principle for more accurate search results. These enhancements allow the CLYDSE algorithm to avoid local optima and improve convergence velocity. A penalty function method was employed to establish mass and equivalent elastic modulus as optimization constraints, aiming to achieve superior specific stiffness. Finally, structural optimization using the proposed CLYDSE method was conducted to enhance the vibrational and acoustic performance of the three types of honeycomb sandwich panels. The results validate the effectiveness of the theoretical model in predicting vibration and acoustic response, as well as the improved performance of the CLYDSE algorithm in terms of convergence velocity and optimization accuracy. This demonstrates the algorithm's efficacy in refining the acoustic and vibrational qualities of these advanced honeycomb structures. © 2024 Elsevier B.V., All rights reserved.","Clydse; Sound Transmission; Structural Optimisation; Tunable Poisson's Ratio Metamaterial Honeycomb; Vibration; Acoustic Generators; Acoustic Properties; Acoustic Wave Transmission; Architectural Acoustics; Computation Theory; Degrees Of Freedom (mechanics); Fluid Structure Interaction; Heuristic Algorithms; Honeycomb Structures; Light Sources; Mapping; Plates (structural Components); Poisson Ratio; Sandwich Structures; Shear Deformation; Sound Insulation; Structural Dynamics; Clydse; Levy Flights; Optimisations; Optimizers; Sound Transmission; Structural Optimisations; Tunable Poisson Ratio Metamaterial Honeycomb; Tunables; Vibration; Young's Double Slit Experiments; Structural Optimization"
"Reliability analysis for degradation process with abrupt jumps caused by operation state transition","2024","Applied Mathematical Modelling","10.1016/j.apm.2024.04.041","https://www.scopus.com/inward/record.uri?eid=2-s2.0-85197475327&doi=10.1016%2Fj.apm.2024.04.041&partnerID=40&md5=464c6332d026d7e4ed7e11d9ae361a58","This paper proposes a novel type of degradation process incorporating continuous degradation and abrupt degradation jump under dynamic operation states. By analyzing the failure mechanism of practical application, the abrupt degradation jump is comprehensively considered, and it is triggered by some certain state switching processes. Then, the reliability solutions of the degradation process (reliability function and moments of lifetime) are derived in the form of Laplace-Stieltjes transform. To a further step, inspired by the advanced equipment with long service span, the reliability solutions in limit region are explored, where an effective calculation method regarding statistical characteristics of degradation amount during regeneration epoch is pioneeringly proposed. To verify the proposed solutions in the form of Laplace-Stieltjes transform and their limit case, the representative example, spool valve, is implemented, and the results show the effectiveness and the feasibility of the solutions. © 2024 Elsevier B.V., All rights reserved.","Abrupt Jump; Degradation; Laplace-stieltjes Transform; Markov Process; Reliability Analysis; Spool Valve; Failure (mechanical); Laplace Transforms; Markov Processes; Abrupt Jump; Continuous Degradations; Degradation Process; Dynamic Operations; Failure Mechanism; Laplace-stieltjes Transform; Operation State; Spool Valves; State Switching; State Transitions; Reliability Analysis"
"Generation of quasi-traveling waves in a finite rectangular membrane with two internal viscoelastic line supports","2024","Applied Mathematical Modelling","10.1016/j.apm.2024.06.006","https://www.scopus.com/inward/record.uri?eid=2-s2.0-85197342240&doi=10.1016%2Fj.apm.2024.06.006&partnerID=40&md5=de75df4a584ba4ce8d801a0716ab965a","In this work we study the forced vibration of a finite rectangular membrane driven by arbitrarily distributed boundary motion on two adjacent edges and internally coupled with multiple viscoelastic line supports, as an extension of the analysis of coexisting vibrations and waves in one-dimensional elastic strings and ducts. Using the static solution for the membrane displacement in the absence of interior supports, the response of the nonclassically damped system is obtained through a normal-mode expansion. A traveling-wave index based on complex orthogonal decomposition is utilized to identify and optimize the traveling waves in the rectangular membrane. A vibration localization condition in a semi-infinite membrane is analytically derived, from which the complex boundary excitations and constraints in a finite membrane are specified to effectively realize pure traveling waves and confine the vibration to a restricted area. Then the membrane is edge-driven by a simpler time-periodic, spatially sinusoidal excitation for practical realization, with the line-support parameters optimized using the traveling-wave index function and a derivative-free optimization routine with lower-bound constraints. Analytical results show that quasi-traveling waves are produced for ranges of line-support parameters (location, stiffness and damping) following optimization using the traveling-wave index. The developed wave patterns are examined with a power-flow analysis and numerically verified through finite element analysis. Wave localization is demonstrated to be valid in a finite membrane with specific boundary conditions and multiple viscoelastic line supports. The proposed method shows the predictive ability of the orthogonally stiffened membrane configuration as the basic unit cell for the design of periodic structures with directional wave propagation as well as vibration localization dynamics. © 2024 Elsevier B.V., All rights reserved.","Coexisting Vibrations And Waves; Continuous Viscoelastic Supports; Nonclassical Damping; Quasi-traveling Waves; Rectangular Membrane; Structural Unit Cell; Damping; Electric Load Flow; Optimization; Vibration Analysis; Viscoelasticity; Wave Propagation; Coexisting Vibration And Wave; Continuous Viscoelastic Support; Non-classical Damping; Quasi-traveling Wave; Rectangular Membrane; Structural Unit; Structural Unit Cell; Travelling Waves; Unit Cells; Vibrations And Waves; Viscoelastic Supports; Membranes"
"Underwater half-space analysis to oblique 3D seismic waves based on exact free-field response","2024","Applied Mathematical Modelling","10.1016/j.apm.2024.05.011","https://www.scopus.com/inward/record.uri?eid=2-s2.0-85197075023&doi=10.1016%2Fj.apm.2024.05.011&partnerID=40&md5=0d4c5b9c1ca198429853c9d9908e946d","The seismic behavior of underwater half-space under arbitrary 3D incidence of P- or SV-waves is analyzed by the 2.5D finite/infinite element method. Firstly, the 3D responses of solid and liquid in free field are newly derived exactly, which cover both the sub- and super-critical conditions. Then, the equivalent seismic forces acting on the solid boundary of the 2.5D finite/infinite element method are merely computed from the free-field displacement for given earthquakes. Subsequently, the equation of motions for the underwater half-space under arbitrary 3D incident seismic waves are established in the 2.5D finite/infinite element system, with the key parameters specified. The proposed method was verified against the previous 2D solutions and inversely computed free-field solutions in frequency domain. Major conclusions drawn from the present analysis include: (1) The effects of liquid, concerning enlargement, reduction or disturbance, on the seabed responses become stronger for increasing liquid depth under sub-critical condition; (2) The seabed interior responses are less sensitive to the variation in liquid depth under super-critical condition; and (3) Under the super- and sub-critical conditions, respectively, more attention should be given to the interior response for P-waves and to the seabed surface response for SV-waves. © 2024 Elsevier B.V., All rights reserved.","2.5d Method; 3d Oblique Incident Waves; Equivalent Seismic Force; Infinite Element; Marine Structure; Seabed Seismic Analysis; Earthquakes; Equations Of Motion; Frequency Domain Analysis; Geometry; Offshore Structures; Shear Waves; 2.5d Method; 3d Oblique Incident Wave; Equivalent Seismic Force; Free Fields; Half Spaces; Infinite Element; Oblique Incident Wave; Seabed Seismic Analyse; Seismic Analysis; Seismic Forces; Seismic Waves"
"An impact-damping model of collision body with multi-point contact and external load, and its application in gear transmission","2024","Applied Mathematical Modelling","10.1016/j.apm.2024.06.030","https://www.scopus.com/inward/record.uri?eid=2-s2.0-85197062230&doi=10.1016%2Fj.apm.2024.06.030&partnerID=40&md5=0746c8e834c30ab20d3b6c0ee98c9931","The damping term is an important component of the calculation model of the contact force of collision bodies because it simulates the energy dissipation of collision bodies during the contact-impact process. Therefore, an impact-damping model of a collision body with multi-point contact and external load is established by considering the restitution coefficient. The algorithm for solving this model is proposed based on iterative methods. Then, the accuracy of the established model is verified by the consistency between the calculated and tested results. The effect of multi-point contact and external load on the contact-impact process of the collision body is studied. The results show that the hysteresis damping factor increases from small to large when the collision body enters a stable state through repeated impacts. Further, the established damping model is applied to the dynamics model of a spur gear pair with backlash, extended teeth contact, and structure coupling effect of the gear body. The nonlinear dynamic characteristics, multi-state mesh, and teeth impact of the system are studied through the root-mean-square of transmission error, bifurcation diagrams with multi-mapping sections, and contact forces. The calculation results of the gear dynamics model with the impact-damping model are more consistent with the tested results than the calculation results of the gear dynamics model with the traditional damping model. Meanwhile, the connection between system resonance, response coexistence, teeth disengagement, and teeth impact is revealed. © 2024 Elsevier B.V., All rights reserved.","Contact Force; Energy Loss; System Resonance; Teeth Impact; Tooth Disengagement; Damping; Dynamics; Gear Teeth; Iterative Methods; Point Contacts; Power Transmission; Spur Gears; Contact Forces; Contact Load; Damping Modelings; Dynamics Models; External Loads; Impact Damping; Multi-point Contacts; System Resonances; Tooth Disengagement; Tooth Impact; Energy Dissipation"
"The nonlinear multi-variable grey Bernoulli model and its applications","2024","Applied Mathematical Modelling","10.1016/j.apm.2024.06.015","https://www.scopus.com/inward/record.uri?eid=2-s2.0-85196806743&doi=10.1016%2Fj.apm.2024.06.015&partnerID=40&md5=0058f62ee1328f02cd717731323e2862","This work uses the vector-valued Bernoulli equation to build a nonlinear multi-variable grey Bernoulli model, which is available to describe the nonlinear relationship between the output variables. By using Pade´ approximation, the proposed model can be implemented with high time efficiency. Additionally, the Sine Cosine Algorithm is employed to determine the Bernoulli exponent, thereby enhancing prediction accuracy. To evaluate the predictive performance of the proposed model, three case studies using three real-world data sets with different features of predicting per capita household income, fuel prices and crude oil prices are carried out. The results are compared with three existing grey multi-input multi-output models. Experimental results demonstrate that the proposed model excels in handling nonlinear relationships between variables and has strong robustness against noise, consistently delivering lower error values, demonstrating superior predictive performance. © 2024 Elsevier B.V., All rights reserved.","Crude Oil Prices; Fuel Prices; Nonlinear Multi-variable Grey Bernoulli Model; Per Capita Household Income; Sine Cosine Algorithm; Crude Oil; Mimo Systems; Nonlinear Equations; Bernoulli Model; Crude Oil Prices; Fuel Prices; Household Income; Multi Variables; Non-linear Relationships; Nonlinear Multi-variable Gray Bernoulli Model; Per Capita; Per Caput Household Income; Sine-cosine Algorithm; Costs"
"Dynamic modeling and delayed consensus control of multi-QUAVs under wind disturbance","2024","Applied Mathematical Modelling","10.1016/j.apm.2024.05.033","https://www.scopus.com/inward/record.uri?eid=2-s2.0-85196791531&doi=10.1016%2Fj.apm.2024.05.033&partnerID=40&md5=c40b3555c56a119aa25e19423c0eb294","Wind interference and time delay environment have great influence on the stable flight of a multi-quadrotor UAVs (QUAVs) formation, which has important study to achieve the consensus control of multi-QUAVs formation flying in these conditions. In this paper, through analyzing the aerodynamic force and moment caused by the wind effect on the quadrotor, a quadrotor dynamic model with wind disturbance is established. Considering that the multi-QUAVs formation flight will be affected by different degrees of wind effect, several different weighting functions are proposed to simplify this complicated problem, and multi-QUAVs dynamic model in wind disturbance environment is innovatively established. Based on the continuous time consensus algorithm, considering the influence of wind disturbance and time delay, using the graph theory and leader-follower formation idea, dynamic modeling of multi-QUAVs is proposed, and realize the finite time consensus control. The simulation and experiment results prove the effectiveness of the proposed method. © 2024 Elsevier B.V., All rights reserved.","Leader-follower Formation; Multi-quavs; The Finite Time Consensus Control; Time Delay; Wind Disturbance; Continuous Time Systems; Delay Control Systems; Dynamic Models; Graph Theory; Timing Circuits; Wind Effects; Dynamics Models; Finite-time Consensus; Formation Flying; Leader-follower Formations; Multi-quadrotor Uav; Quad Rotors; The Finite Time Consensus Control; Time-delays; Wind Disturbance; Time Delay"
"Frictional effect on the mechanical properties of bridge's semi-parallel stay cables under axial tensile loads","2024","Applied Mathematical Modelling","10.1016/j.apm.2024.06.026","https://www.scopus.com/inward/record.uri?eid=2-s2.0-85196781958&doi=10.1016%2Fj.apm.2024.06.026&partnerID=40&md5=10bcfe330377fd2f8a6a639475cf3724","A novel analytical model is proposed to evaluate the influence of adjacent wire friction on the mechanical properties of semi-parallel stay cables. This model considers the bending and torsional stiffness of semi-parallel wires and the friction between adjacent contact wires. The finite difference method and nonlinear least squares method are used to solve the angle between the principal torsion-flexure axes and Frenet–Serret axes of the wires numerically, and each wire is solved sequentially according to the equation of the force transmission. The helical radius and angle of all wires after deformation are derived according to the angle, and the problem is iteratively solved until convergence of all wires. The effectiveness of the proposed model is verified via the refined finite element model of a 19-wire stay cable. The proposed method accurately evaluated the mechanical properties of adjacent wire friction on stay cable by analyzing the influence of angle on the semi-parallel wires, which is more conducive to understanding the fretting wear and fatigue behavior of wires and quantifying their damage. © 2024 Elsevier B.V., All rights reserved.","Analytical Model; Curvature And Twist; Friction; Semi-parallel Wire; Stay Cable; Analytical Models; Cable Stayed Bridges; Cables; Iterative Methods; Least Squares Approximations; Nonlinear Equations; Bending Stiffness; Contact Wire; Curvature And Twist; Finite-difference Methods; Frictional Effects; Parallel Wires; Semi-parallel Wire; Stay Cable; Tensile Loads; Torsional Stiffness; Friction"
"Modeling and simulation of electrochemical and surface diffusion effects in filamentary cation-based resistive memory devices","2024","Applied Mathematical Modelling","10.1016/j.apm.2024.06.021","https://www.scopus.com/inward/record.uri?eid=2-s2.0-85196725678&doi=10.1016%2Fj.apm.2024.06.021&partnerID=40&md5=4239c5f5e657151092dd9069c25a938f","Cation-based (or electrochemical) resistive memory devices are gaining increasing interest in neuromorphic applications due to their capability to emulate the dynamic behavior of biological neurons and synapses. The utilization of such devices in neuromorphic systems necessitates a reliable physical model for the resistance switching mechanism, which is based on the formation and dissolution of a conductive filament in a thin dielectric layer, sandwiched between two metal electrodes. We propose a comprehensive model to simulate the evolution of the filament geometry under the effect of both surface diffusion caused by curvature gradient and electromechanical stress, and mass injection due to electrodeposition of cations. The model has been implemented in a C++ platform using a level-set approach based on a mixed finite element formulation, enriched by a mesh adaptation strategy to accurately and efficiently track the evolution of the filament shape. The numerical scheme is initially validated on various benchmark case studies. We then simulate the growth and self-dissolution of the filamentary geometry, incorporating an electrical model allowing a comparison with conventional cation-based memories. The simulations showcase filament formation under varying applied voltages and filament dissolution under different initial resistances. © 2024 Elsevier B.V., All rights reserved.","Anisotropic Adapted Mesh; Electrochemical Metallization; Finite Elements; Level-set Method; Switching Memory; C++ (programming Language); Computer Software; Dissolution; Electrodes; Finite Element Method; Mesh Generation; Numerical Methods; Anisotropic Adapted Mesh; Diffusion Effects; Electrochemical Metallization; Electrochemicals; Finite Element; Level Set Method; Metallisation; Model And Simulation; Resistive Memory; Switching Memory; Positive Ions"
"Dynamic response of deep-buried circular loess tunnel under P-wave action","2024","Applied Mathematical Modelling","10.1016/j.apm.2024.06.017","https://www.scopus.com/inward/record.uri?eid=2-s2.0-85196648725&doi=10.1016%2Fj.apm.2024.06.017&partnerID=40&md5=4994e516e124d7ab05e0b3ec5510ef1e","In an earthquake, the strong interaction between the surrounding rock and the lining structure causes the lining structure susceptible to extrusion or shear damage, and predicting the internal force distribution trend of the lining structure by the analytical method was advantageous for the preliminary design of the tunnel structure. In this work, the quasi-static method was used to approximate the displacement and deformation caused by the P-wave seismic load as far-field compressive stress. The analytical solution of the internal force for the lining structure was obtained by the analytical method, and the reliability of the analytical method was further verified. The dynamic response law of the lining structure was analyzed using numerical solutions in conjunction with engineering examples. The results show that the analytical method can be used to predict the trend of internal force distribution in the lining structure under seismic action, which has important theoretical guiding significance for the preliminary design of the tunnel structure. With the decrease in the hardness of the loess surrounding, the relative deviation of the theoretical, numerical, and literature results gradually decreases. With the increase of ground motion intensity, the interaction between the loess surrounding and the lining structure becomes more intense, and the internal force of the lining structure gradually increases. The numerical results were greater than the analytical results due to the consideration of the influence of initial stress. Under the action of the P-wave earthquake, the extreme values of the internal force with the lining structure mainly occurred at the location of the vault, arch waist, and inverted, and the most unfavorable positions of circular loess tunnel lining structures under P-wave seismic load was proposed. © 2024 Elsevier B.V., All rights reserved.","Analytical Solution; Dynamic Response; Internal Force; Loess Tunnel; Numerical Solution; Earthquakes; Sediments; Seismic Design; Seismic Waves; Tunnel Linings; Analytical Method; Analytical Solution; Internal Force Distributions; Internal Forces; Lining Structure; Loess Tunnel; Numerical Solution; P Waves; Preliminary Design; Tunnel Structures; Dynamic Response"
"Generalized multilevel B-spline approximation for scattered data interpolation in image processing","2024","Applied Mathematical Modelling","10.1016/j.apm.2024.05.010","https://www.scopus.com/inward/record.uri?eid=2-s2.0-85196398729&doi=10.1016%2Fj.apm.2024.05.010&partnerID=40&md5=8d4413dfe2d0a6ab39bedeb53b8dfd6d","This paper proposes a Generalized Multilevel B-spline Approximation (GMBA) method, which addresses scattered data interpolation problems in image processing. Mathematically, the GMBA provides a better solution for the B-spline control lattice by superimposing identical level B-splines compared with traditional Multilevel B-spline Approximation (MBA). Specifically, the GMBA allows the spacing of next control lattice to be subdivided arbitrarily or remained unchanged, which is determined by a predefined spacing set or the current error level. These improvements bring higher approximation accuracy and more flexibility for algorithm design to avoid over-fitting. In this paper, basic GMBA algorithm and its refined algorithm are compiled for image processing. Finally, six relevant cases are involved to test the GMBA, including surface approximation, image enlargement, image completion, and Salt-and-Pepper (SAP) noise removal. The experimental results show that the GMBA has better performance than the MBA in surface approximation and image processing, performs comparatively fast with the best performance on more than half of the standard test images compared with traditional algorithms, and has partially better performance even than deep learning algorithms. The GMBA can effectively recover meaningful details in images contaminated with even extremely high SAP noise level (up to 99%). © 2024 Elsevier B.V., All rights reserved.","Hierarchy Error Approximation; High-density Impulse Noise Removal; Image Processing; Multilevel B-spline Approximation; Sap Noise Removal; Approximation Algorithms; Data Handling; Deep Learning; Impulse Noise; Interpolation; Salt Removal; B-spline Approximation; Error Approximations; Hierarchy Error Approximation; High-density Impulse Noise Removal; Images Processing; Impulse Noise Removals; Multilevel B-spline Approximation; Multilevel B-splines; Performance; Salt-and-pepper Noise Removal; Salt And Pepper Noise"
"Modeling of fatigue behaviors of rock materials subjected to cyclic loads with fractional-order plastic flow rule","2024","Applied Mathematical Modelling","10.1016/j.apm.2024.06.020","https://www.scopus.com/inward/record.uri?eid=2-s2.0-85196313390&doi=10.1016%2Fj.apm.2024.06.020&partnerID=40&md5=a3a7b25a04b0dbadaf0cbe4c5e8b43a3","Compressive cyclic loads induce a progressive failure in rock materials, and the long-term stability can not be guaranteed by the strength under monotonic load. To this end, the present study aims at establishing an elastoplastic fractional fatigue damage model for predicting the accumulative deformation of rock materials in a unified framework. A fractional-order plastic flow rule is introduced to describe volume transformation of rock sample from compression to expansion, eliminating the need for plastic potential functions. And a hardening function with an equivalent plastic shear strain is adopted. Concerning the fatigue effects, the progressive deterioration of material due to cyclic loads is intricately linked to microstructural degradation, depicted by a convolution law. In the context of creep deformation, loading cycle serves as an equivalent time measure, connecting the plastic deformation with the fatigue damage. In order to verify the accuracy, the proposed model is numerically implemented by a returning mapping procedure simulate the mechanical responses of three types of rocks in both uniaxial and triaxial cyclic tests. Comparative analysis with associated fatigue model is also provided to evaluate the accumulative deformation and damage evolution of concerned rocks. © 2024 Elsevier B.V., All rights reserved.","Constitutive Model; Cyclic Loading; Fatigue Damage; Fractional Methods; Microstructure Degradation; Creep; Deterioration; Ductile Fracture; Fatigue Damage; Rocks; Shear Strain; Cyclic Loading; Fatigue Behaviour; Flow Rules; Fractional Methods; Fractional Order; Long Term Stability; Microstructure Degradation; Monotonic Load; Progressive Failure; Rock Materials; Cyclic Loads"
"A deposit-refund system for managing the economical circulation of returnable transport items","2024","Applied Mathematical Modelling","10.1016/j.apm.2024.05.038","https://www.scopus.com/inward/record.uri?eid=2-s2.0-85196270952&doi=10.1016%2Fj.apm.2024.05.038&partnerID=40&md5=641dba558589367fc55bf520a97bf928","While the use of Returnable Transport Items (RTI) is a common practice in supply chains committed to sustainability. An efficient RTI circulation mechanism must be implemented to ensure the profitability of the approach. Within this context, this paper presents a deposit-refund system (DRS) designed for RTI circulation to maximize supply chain profitability. The profit optimization analysis considered three scenarios: the vendor's profit, there tailer's profit, and the overall system profit. Tailored solution strategies are developed for each case, considering retail price components, and leading to the identification of the optimal deposit amount required to maximize RTI circulation. We further examinehow the retail price affects the profits of supply chain actors relative to the RTI return rate and studystudy how changes in return rates influence the profit patterns of supply chain actors. The results are scrutinized via several sensitivity analyses, leading to important implications for the design of deposit-refund systems for RTI. We for example find that the vendor's wholesale price has a significant effect in establishing the decision-maker's optimal policy in designing a DRS for RTI circulation. In other words, the wholesale price is a key component in assessing the economic viability and determining the deposit amount for RTI. Moreover, through a couple of hypothetical, butrealistic cases of RTI applications considering specific parameter settings, we shown that the vendor's position can be either significant or insignificant dependong on the difference between the value of the RTI and that of the goods it holds. © 2024 Elsevier B.V., All rights reserved.","Deposit-refund System; Price-dependent Demand; Profit Maximization; Return Rate; Returnable Transport Items; Decision Making; Profitability; Sensitivity Analysis; Supply Chains; Deposit-refund System; Optimization Analysis; Price Dependent Demand; Profit Maximization; Profit Optimization; Retail Price; Return Rate; Returnable Transport Item; Supply Chain Actors; Whole Sale Prices; Deposits"
"A Liouville optimal control framework in prostate cancer","2024","Applied Mathematical Modelling","10.1016/j.apm.2024.06.014","https://www.scopus.com/inward/record.uri?eid=2-s2.0-85196268345&doi=10.1016%2Fj.apm.2024.06.014&partnerID=40&md5=6570dd8c93867f4c10806e76ced01690","In this work we present a new stochastic framework for obtaining optimal treatment regimes in prostate cancer. We model the realistic scenario of randomized clinical trials for incorporating randomness related to interaction between a prostate cancer cell and androgen cell quota, due to cancer heterogeneities, across different patients in a given group, using a Liouville partial differential equation. We then solve two optimization problems: one for determining the model parameters to fit the measured data and the second to determine the optimal androgen deprivation therapy. The optimization problems are implemented using a positive, stable, and conservative finite volume solver for the Liouville equations and the projected non-linear conjugate gradient method. Several numerical results, including comparison with ordinary differential equations modeling framework, demonstrate the robustness and accuracy of our proposed framework to obtain optimal treatment regimes in real time. © 2024 Elsevier B.V., All rights reserved.","Androgen Deprivation Therapy; Finite-volume Method; Liouville Equation; Non-linear Constrained Optimization; Conjugate Gradient Method; Constrained Optimization; Diseases; Ordinary Differential Equations; Stochastic Systems; Urology; Androgen Deprivation Therapy; Finite-volume Method; Liouville; Liouville's Equation; Non Linear; Non-linear Constrained Optimization; Optimal Control Frameworks; Optimal Treatment; Optimization Problems; Prostate Cancers; Finite Volume Method"
"Analytic solution for two dimensional beam problems: Pure displacement boundary conditions","2024","Applied Mathematical Modelling","10.1016/j.apm.2024.06.011","https://www.scopus.com/inward/record.uri?eid=2-s2.0-85196221596&doi=10.1016%2Fj.apm.2024.06.011&partnerID=40&md5=4150c8c75697c58018c23a1e55b2cad0","The present manuscript delineates the derivation of strong solutions for the linear elasticity problem in a two dimensional rectangular beam. The materials under consideration can exhibit either isotropic or orthotropic properties. Additionally, the analysis is not restricted to slender beams because the ratio between the length and the height of the beam can be arbitrary. The boundary conditions fall into the Dirichlet category, implying that both horizontal and vertical displacements are specified on all four surfaces. The sole requirement is that these surface displacements are continuous functions, although they may not necessarily be smooth. Since the displacements at the surfaces can be arbitrary, there is no need to consider approximations, such as those concerning local (small) boundaries in slender beams. Nonetheless, it is demonstrated that an equivalent principle to the Saint-Venant principle exists for pure displacement boundary conditions. The partial differential equations are solved through the separation of variables method, leading to the identification of two solution types, encompassing both cosine and sine Fourier series. Particular emphasis is placed on evaluating the convergence of these solutions. For two distinct and general examples, it is confirmed that the solutions indeed exist. © 2024 Elsevier B.V., All rights reserved.","Analytic Solutions; Beam; Two Dimensions; Boundary Conditions; Analytic Solution; Beam; Displacement Boundary Conditions; Linear Elasticity Problems; Rectangular Beams; Slender Beams; Strong Solution; Two-dimensional; Two-dimensional Rectangular; Two-dimensions; Fourier Series"
"Designing compact, connected and gap-free reserves with systematic reserve site selection models","2024","Applied Mathematical Modelling","10.1016/j.apm.2024.06.001","https://www.scopus.com/inward/record.uri?eid=2-s2.0-85196214278&doi=10.1016%2Fj.apm.2024.06.001&partnerID=40&md5=dae8b3a1d034f96c194cd83d8001b81c","Protected areas play a crucial role in current global policies to mitigate the erosion of biodiversity and systematic reserve site selection models are increasingly involved in their design. These models address the optimisation problem that seeks to cover spaces hosting biodiversity features with nature reserves at a minimum cost for human activities. To increase the likelihood of a successful implementation, reserves need to be spatially consistent. Widely used decision support tools such as Marxan and PrioritizR commonly enforce compactness indirectly by penalising the reserve perimeter in the objective function. Few other optimisation models explicitly consider spatial properties such as limited fragmentation, connectivity of selected sites, and buffer zones around them, etc. So far, no reserve site selection model can guarantee the production of a connected, compact, and gap-free reserve all at once. The impossibility of designing reserve solutions with desirable spatial properties using existing models makes it difficult to implement such solutions in the real world. Therefore, we propose a mixed-integer linear program to build a reserve that is connected, compact, and gap-free. To enforce these spatial attributes within a reserve site selection model, we used a multicommodity flow approach. We tested the computational feasibility of our model on generated instances and the real instance of Fernando de Noronha. The results indicate that a single model can be used to enforce compactness, connectivity, and the absence of gaps. Using this optimisation model, conservation practitioners can design reserve solutions with desirable spatial properties, thereby increasing the likelihood of a successful implementation. © 2024 Elsevier B.V., All rights reserved.","Compactness; Connectivity; Fragmentation; Gap-free; Integer Linear Programming; Reserve Site Selection; Biodiversity; Conservation; Decision Support Systems; Integer Programming; Compactness; Connectivity; Fragmentation; Gap-free; Integer Linear Programming; Optimization Models; Protected Areas; Reserve Site Selection; Selection Model; Spatial Properties; Site Selection"
"Optimization of robot manipulator configuration calibration by using Zhang neural network for repetitive motion","2024","Applied Mathematical Modelling","10.1016/j.apm.2024.06.008","https://www.scopus.com/inward/record.uri?eid=2-s2.0-85196162190&doi=10.1016%2Fj.apm.2024.06.008&partnerID=40&md5=99f16aef005984d334807b5feed9ee05","High precision and low complexity control algorithm plays an important role in the developing of the end-effector instrumentation of different robot manipulators. In order to reduce the kinetic energy and the high-speed drift phenomenon of the repetitive motion tracking task, the robot manipulator needs to calibrate its configuration. In this paper, we formulate the configuration calibration of the robot manipulator for the repetitive motion task as a future quadratic programming optimization problem constrained with equality constraints, which is also regarded as a fundamental problem in artificial intelligence and modern control engineering. Zhang neural network, which is a canonical method, can be adopted to deal with the continuous form of the future optimization problem, named as temporally dependent quadratic programming problem with equality constraints. In order to overcome the issue of temporally dependent inverse computing, a novel Zhang neural network model and its uncertain disturbance tolerant model, which are termed as filtered reciprocal-kind Zhang neural network model and uncertain disturbance tolerant filtered reciprocal-kind Zhang neural network model, respectively, are proposed by integrating the energy-type cost function and Zhang neural network design formula for solving the temporally dependent quadratic programming problem with equality constraints in this paper. Based on the Euler discrete formula and the models, the discrete filtered reciprocal-kind Zhang neural network and the discrete uncertain disturbance tolerant filtered reciprocal-kind Zhang neural network algorithms are proposed for solving the future quadratic programming problem with equality constraints and the robot manipulator configuration calibration problem of repetitive motion. The convergence properties of the reciprocal-kind Zhang neural network model and its corresponding uncertain disturbance tolerant model are obtained by Lyapunov stability theory of nonlinear system and its corresponding perturbed system, while the convergence property of the filtered reciprocal-kind Zhang neural network model is analyzed by the limit thinking. For the repetitive motion task, three experiments for solving the configuration calibration problem of PUMA560, Kinova Jaco2, and Franka Emika Panda robot manipulators are performed to illustrate the effectiveness, robustness and superiority of our proposed discrete filtered reciprocal-kind Zhang neural network algorithms. © 2024 Elsevier B.V., All rights reserved.","Filtered Reciprocal-kind Zhang Neural Network; Lyapunov Stability; Robot Manipulator Configuration Calibration; Temporally Dependent Quadratic Programming; Calibration; Computational Complexity; Constrained Optimization; Cost Functions; End Effectors; Flexible Manipulators; Human Robot Interaction; Industrial Robots; Intelligent Robots; Inverse Problems; Kinetic Energy; Kinetics; Machine Design; Modular Robots; Quadratic Programming; Robot Applications; Robot Programming; Equality Constraints; Filtered Reciprocal-kind Zhang Neural Network; Lyapunov Stability; Neural Network Model; Neural-networks; Repetitive Motions; Robot Manipulator Configuration Calibration; Robots Manipulators; Temporally Dependent Quadratic Programming; Uncertain Disturbances; Neural Network Models"
"Retraction notice to “Modeling ductile to brittle transition temperature of functionally graded steels by ANFIS” [Appl. Math. Modelling Volume 36, Issue 8, (2012) 3903-3915, (S0307904X11007207), (10.1016/j.apm.2011.11.032)]","2024","Applied Mathematical Modelling","10.1016/j.apm.2024.06.012","https://www.scopus.com/inward/record.uri?eid=2-s2.0-85196027612&doi=10.1016%2Fj.apm.2024.06.012&partnerID=40&md5=af9151839a4cf5d820e37f9ca51b53de","This article has been retracted: please see Elsevier Policy on Article Withdrawal (https://www.elsevier.com/about/policies/article-withdrawal). This article has been retracted at the request of the Editor-in-Chief. The article significantly overlaps with papers that were being considered by other journals during the same period: Comp. Mat. Sci., Vol. 50 Issue 7 (2011), 2028-2037 https://doi.org/10.1016/j.commatsci.2011.02.003; J. Mater. Sci., 46(2011), 6007–6017https://doi.org/10.1007/s10853-011-5563-z]. One of the conditions of submission of a paper for publication is that authors declare explicitly that the paper has not been previously published and is not under consideration for publication elsewhere. Re-use of any data should be appropriately cited. As such this article represents a misuse of the scientific publishing system. The scientific community takes a very strong view on this matter and apologies are offered to readers of the journal that this was not detected during the submission process. © 2024 Elsevier B.V., All rights reserved.",""
"A 3-D extension of the Multiscale Control Volume method for the simulation of the single-phase flow in anisotropic and heterogeneous porous media","2024","Applied Mathematical Modelling","10.1016/j.apm.2024.05.045","https://www.scopus.com/inward/record.uri?eid=2-s2.0-85195886636&doi=10.1016%2Fj.apm.2024.05.045&partnerID=40&md5=3c578f69617bb71d1ed8e2be1697a67c","The level of detail on modern geological models requires higher resolution grids that may render the simulation of multiphase flow in porous media intractable. Moreover, these models may comprise highly heterogeneous media with phenomena taking place in different scales. Scale transferring techniques allow for the solution of such problems in a lower resolution scale at reduced computational cost. Among these techniques, the Multiscale Finite Volume (MsFV) method constructs a set of numerical operators in order to map quantities from the fine-scale mesh to a coarser one and vice-versa while maintaining flux conservation on both scales. However, the MsFV formulation, as originally stated, is only consistent on k-orthogonal grids since it uses a linear Two-point Flux Approximation (TPFA) method and may struggle to generate consistent primal-dual coarse grids pairs on unstructured grids. The Multiscale Restriction Smoothed-Basis method (MsRSB) improves on the MsFV by introducing a new iterative procedure to find the multiscale operators and the concept of support regions which reduces the method's complexity when applied to unstructured fine and coarse grids. The original version was only consistent on k-orthogonal fine grids due to the TPFA discretization, but filtering methods have been developed to also enable consistent multipoint schemes on the fine scale. Meanwhile, the Multiscale Control Volume method (MsCV) replaces the TPFA by the Multipoint Flux Approximation with a Diamond stencil (MPFA-D) scheme on the fine-scale while further enhancing the generation of the geometric entities to allow unstructured grids on the fine and coarse scales for two-dimensional simulations. In this work we propose an extension to three-dimensional geometries of both the MsCV and the algorithm to obtain the multiscale geometric entities based on the concept of a background grid, a coarser grid used as a proxy for the primal coarse grid. We modify the original MPFA-D method to use the very robust Global Least Squares (GLS) interpolation technique to obtain the required auxiliary nodal unknowns. We also introduce an enhanced version of the 3-D MsCV with the incorporation of the enhanced MsRSB (E-MsRSB) to enforce M-matrix properties and improve convergence. Finally, we employ the MsCV operators in a two-stage smoother to show how it can be used as a good iterative procedure to recover the fine-scale solution. We show that the 3-D MsCV method produces good results employing unstructured grids on both scales to handle the simulation of the single-phase flow in anisotropic, and heterogeneous porous media and that the smoothing procedure is able to accurately retrieve the fine-scale solution within a few iterations. © 2024 Elsevier B.V., All rights reserved.","Background Grid; Gls; Mpfa-d; Mscv; Single-phase Flow; Flow Control; Iterative Methods; Least Squares Approximations; Numerical Methods; Background Grid; Coarse Grid; Control Volumes Method; Fine-scale; Global Least Squares; Mpfa-d; Multi-scale Controls; Multiscale Control Volume Method; Single-phase Flow; Two-point; Porous Materials"
"Investigations on the modal vibration caused by bolted joint interface contact in the rotor-AMBs systems: Modelling and experimentation","2024","Applied Mathematical Modelling","10.1016/j.apm.2024.04.054","https://www.scopus.com/inward/record.uri?eid=2-s2.0-85195867271&doi=10.1016%2Fj.apm.2024.04.054&partnerID=40&md5=b9a858c43928e0371c895019c55e90bb","Rotor-active magnetic bearings (rotor-AMBs) systems nowadays have been widely used in fluid machinery and the impeller and the shaft are commonly connected by bolted joint. However, when a certain pre-tightening force is applied to the bolted joint and the interface contact between the shaft and the impeller is formed, causing flexible modal vibrations when rotor is levitated. The mechanism of this modal vibration needs to be revealed to ensure stable operation of the machine. In traditional modelling, the effect of the interface contact is equated to an additional stiffness matrix by massless spring units, whose certain contact stiffness is uniformly distributed over the interface. Particularly, the calculation of contact stiffness and the effect of AMBs are neglected, resulting in the inaccurate response compared to experiments. Based on traditional modelling, we consider that there is partial separation in the contact interface due to the AMBs supporting and a novel additional stiffness matrix related to contact status is proposed by calculating the real-time contact area. The contact stiffness is calculated by microscopic contact model based on fractal theory and surface topography measurement. Finally, numerical simulation shows that the interface contact influences the system robustness and the unstable mode is excited. The increase of pre-tightening torque and contact radius both will increase the steady vibration amplitude, with the former being the major contributor. Moreover, the influence and order of the vibration are quantitatively validated by the experiments. © 2024 Elsevier B.V., All rights reserved.","Active Magnetic Bearing; Contact Stiffness; Mechatronic Modelling; Microscopic Contact Modelling; Modal Vibration; Bolts; Impellers; Stiffness; Stiffness Matrix; Topography; Active Magnetic Bearing; Active Magnetic Bearing Systems; Additional Stiffness; Contact Modeling; Contact Stiffness; Mechatronic Modelling; Microscopic Contact Modeling; Modal Vibrations; Rotor-active Magnetic Bearing; Traditional Models; Bolted Joints"
"A finite-strain plate model for the magneto-mechanical behaviors of hard-magnetic soft material plates","2024","Applied Mathematical Modelling","10.1016/j.apm.2024.06.009","https://www.scopus.com/inward/record.uri?eid=2-s2.0-85195848630&doi=10.1016%2Fj.apm.2024.06.009&partnerID=40&md5=550df43f50c4f177c05b566e02d0a6f8","In this paper, we propose a plate model, within the framework of finite-strain elasticity, to study the magneto-mechanical behaviors of hard-magnetic soft material plates. The 2D vector plate equation is derived from the 3D governing equations through a series expansion and truncation approach. The displacement and traction boundary conditions on the edges of plate samples are also proposed. Compared with the other plate or shell theories, the current plate model naturally incorporates the elastic incompressibility and the magneto-mechanical coupling effect of the material, which doesn't involve any a priori hypotheses on the geometry and deformation of the plates. Thus, it is applicable for modeling the large deformations of hard-magnetic soft material plates. To show the efficiency of the plate model, we study a benchmark problem, i.e., the plane-strain bending deformations of plate samples induced by magnetic and mechanical loads. Some analytical solutions of the plate equation system are derived, which provide accurate predictions on the magneto-mechanical response of the plate samples with different thickness-length ratios and magnetization directions. To promote applications of the plate model, we further derive a simplified plate equation system and write out its weak form, which is then implemented into the finite element software COMSOL Multiphysics. The efficiency of the simplified plate equation system is also verified through some typical examples. It is found that the numerical results obtained from the 2D plate model show good consistency with those of the 3D volume model, while the plate model exhibits obvious advantages in the aspects of numerical efficiency. © 2024 Elsevier B.V., All rights reserved.","Analytical Solution; Finite-strain Plate Theory; Hard-magnetic Soft Material; Magneto-mechanical Response; Numerical Implementation; 3d Modeling; Application Programs; Efficiency; Numerical Models; Strain; Analytical Solution; Finite Strain; Finite-strain Plate Theory; Hard-magnetic Soft Material; Magneto-mechanical Response; Mechanical Response; Numerical Implementation; Plate Equations; Plate Model; Plate Theories; Magnetos"
"Free propagation of elastic waves in small-curvature, damped, infinite cables","2024","Applied Mathematical Modelling","10.1016/j.apm.2024.05.043","https://www.scopus.com/inward/record.uri?eid=2-s2.0-85195690163&doi=10.1016%2Fj.apm.2024.05.043&partnerID=40&md5=00e14be1406d1a813f3bd20e373004d7","Understanding the wave propagation is crucial for dynamic analysis of long elastic cables prone to high-order vibrations. The coupling of elastic waves in cables is still not sufficiently understood. However, wave coupling produces attenuation frequency bands, which is useful for vibration control. In this study, the coupled waves equation for a damped cable with a small curvature was proposed. Using the equation, wave frequencies and velocities were studied. Then the cable responses in the stopbands and passbands were examined. Finally, the free responses were analysed in the spatial domain. The study focused on the influence of curvature and damping on wave propagation. The results showed that the wave coupling caused by curvature was critical for producing the attenuation bands and dispersion of waves. It generated the stopbands and passbands for the wave propagation, in which the waves respectively attenuated or propagated. Furthermore, the coupling effect induced pronounced dispersion in the in-plane longitudinal waves. As for damping, it not only affected the frequencies of stopbands and passbands, but also caused wave attenuation. Damping was found to shift the cut-off frequency from the real axis to the imaginary axis and transform the stopband from a line segment into a quadrilateral area. Additionally, the relationship between frequency and wave-number evolved from a two-dimensional curve into a three-dimensional surface. What's more, damping caused wave dissipation over time. © 2024 Elsevier B.V., All rights reserved.","Damping; Passband; Stopband; Wave Dispersion; Wave Dissipation; Wave Propagation In Elastic Cables; Cables; Damping; Dispersion (waves); Elastic Waves; Vibration Analysis; Dynamics Analysis; Elastic Cable; Free Propagation; High-order; Pass Bands; Stopband; Wave Coupling; Wave Dispersion; Wave Dissipation; Wave Propagation In Elastic Cable; Wave Propagation"
"Birth-pulse models to assess the effects of Wolbachia-carrying mosquito releases on the control of dengue fever","2024","Applied Mathematical Modelling","10.1016/j.apm.2024.06.003","https://www.scopus.com/inward/record.uri?eid=2-s2.0-85195641961&doi=10.1016%2Fj.apm.2024.06.003&partnerID=40&md5=02da1aaebb5c1ea03831df145f43e92b","Dengue fever as a mosquito-borne disease caused by dengue virus is responsible for a substantial disease burden to the world. Wolbachia as an innovative technique has been approved to inhibit the replication of dengue viruses in mosquitoes or reduce the number of wild mosquitoes. We firstly establish a birth-pulse model with sex structures to depict the nonlinear dynamics of mosquito population and then to investigate how Wolbachia can suppress or replace wild mosquitoes. The existence and stability of periodic solutions of the system are proved by analyzing its stroboscopic map. Theoretical results show that under complete maternal transmission, Wolbachia will successfully establish and completely replace wild mosquitoes. Under incomplete maternal transmission, there may be two pairs of bistable periodic solutions, including the coexistence of replacement failure and partial replacement periodic solutions, or the coexistence of replacement failure and mosquito eradication periodic solutions. For these bistable situations, if the initial proportion of Wolbachia-carrying mosquitoes is greater than the critical threshold, then the strategy of partial replacement or mosquito eradication can be succeeded. Since the initial proportion of Wolbachia mosquitoes is not always greater enough in the field, we introduce mosquito releases into the birth-pulse model, and obtain the condition for the stability of complete replacement periodic solution. Finally, we give rich numerical simulations to show the multiple attractors of the systems, the comparison of three common release strategies and the effects of Wolbachia-induced parameters on control strategies. At last section, we summarize some key suggestions on the control of mosquitoes and dengue fever in practice. This work will be helpful for public health authorities in designing proper release strategies to control the spread of dengue fever. © 2024 Elsevier B.V., All rights reserved.","Birth-pulse; Dengue Fever; Release Strategy; Sex Structure; Wolbachia; Bacteria; Transmissions; Birth Pulse; Bistables; Dengue Fevers; Dengue Virus; Maternal Transmission; Periodic Solution; Pulse Model; Release Strategies; Sex Structures; Wolbachia; Viruses"
"Impact of drug dispersion on tumor-effector dynamics during combined chemo-immunotherapy with sensitivity analysis","2024","Applied Mathematical Modelling","10.1016/j.apm.2024.06.002","https://www.scopus.com/inward/record.uri?eid=2-s2.0-85195636748&doi=10.1016%2Fj.apm.2024.06.002&partnerID=40&md5=1918e7fd116b5f4afe490d49e7cb20d9","Solid cancer remains a serious threat to global health despite decades of progress. Traditional chemotherapy treatment has been used to curb the disease despite its inability to reach cancer cells at high enough quantities leading to adverse toxicity on healthy cells, producing severe side effects, and exacerbating patient suffering. Active targeted nano-drugs (ATNDs) acting as transporter systems have become a viable solution to this shortcoming, offering the possibility of more precise cancer targeting. Therefore, in the present study, we develop a numerical model of capturing ATNDs, incorporating movements within and outside the tumor spheroid and the magnetic forces guiding the nanoparticles. By combining a model of ATNDs transport with a tumor-effector dynamic model based on porous media phenomena, we demonstrate how the models may be combined to model drug-loaded nanoparticle transport in an external magnetic field. We analyze the controlled drug delivery against traditional chemotherapy based on the combined effect of immunotherapy and chemotherapy with the dispersion of nano-drugs to lead a solute cloud toward the tumor. We found that the amalgamation of immune and chemotherapy delivered by ATNDs enhances cancer therapy efficacy compared with conventional chemotherapy. Increased drug convection toward the tumor region presented by ascending values of the Peclet number inhibits the growth of tumor cells and prolongs progression-free survival. Increases in source term and vessel permeability also increase the likelihood of tumor suppression, while raising the hematocrit and magnetic number results in reduced tumor cell killing. Sensitivity analysis of the dynamic model parameters has been discussed. This work demonstrates that ATND-delivery systems can improve therapeutic agent delivery to the tumor tissue, and promote tumor cell killing. © 2024 Elsevier B.V., All rights reserved.","Active Targeted Nano-drug Delivery; Chemo-immunotherapy; Computational Modeling; Hematocrit; Solid Cancer; Cancer Cells; Cells; Chemotherapy; Controlled Drug Delivery; Cytology; Dispersions; Drug Interactions; Dynamic Models; Health Risks; Magnetic Fields; Porous Materials; Sensitivity Analysis; Targeted Drug Delivery; Tumors; Active Targeted Nano-drug Delivery; Chemo-immunotherapy; Chemotherapy Treatment; Computational Modelling; Dynamics Models; Effector Dynamics; Global Health; Haematocrit; Solid Cancer; Tumor Cell Killings; Diseases"
"Active suspension hierarchical control with parameter uncertainty and external disturbance of electro-hydraulic actuators","2024","Applied Mathematical Modelling","10.1016/j.apm.2024.05.030","https://www.scopus.com/inward/record.uri?eid=2-s2.0-85195635378&doi=10.1016%2Fj.apm.2024.05.030&partnerID=40&md5=f0d22e8af59472e71a17722e90be343e","In order to improve the ride comfort and handling stability of the electro-hydraulic active suspension system, a hierarchical control strategy is proposed. For the active suspension system with body mass uncertainty and safety constraints, an enhanced constraint adaptive backstepping controller is designed to generate the target force of body vertical motion. When dealing with constraints, nonlinear filters are introduced, backstepping technology and quadratic Lyapunov function are used to combine the control target and domain constraints, and the vertical displacement of the body and the suspension deflection control index are synthesized into a single controlled variable, so that the control variable converging to zero meets the suspension dynamic displacement limit. The ride comfort and safety of the active suspension system are improved. Secondly, stability analysis is conducted on the zero dynamic error system to ensure that all safety performance indicators are bounded. The effects of external disturbances, parameter uncertainties and modelling errors on the force tracking accuracy of asymmetric cylinder electrohydraulic systems are addressed. A backstepping dynamic surface control method based on a nonlinear perturbation observer is proposed, which estimates the composite perturbation terms such as modelling error and external perturbation, and uses the estimated value of the nonlinear observer to design a feedforward compensating control term to offset the effect of the composite perturbation on the system performance. In addition, the dynamic surface control method is used to calculate the derivative of the target force input, which avoids the derivative explosion phenomenon and reduces the computational complexity of the system. Simulation test results show that this method reduces the computational complexity of the system and improves the control performance. And under random and bumpy road conditions, the root-mean-square value of sprung mass acceleration performance index is reduced by 48.354 % and 72.677 % compared with passive suspension, which improves the ride comfort of the vehicle. © 2024 Elsevier B.V., All rights reserved.","Disturbance Observer; Dynamic Surface Control; Electro-hydraulic Active Suspension; Lyapunov Function; Nonlinear Filter; Active Suspension Systems; Adaptive Control Systems; Automobile Bodies; Automobile Suspensions; Backstepping; Computational Complexity; Errors; Hydraulic Actuators; Hydraulic Equipment; System Stability; Uncertainty Analysis; Disturbance Observer; Dynamic Surface Control; Electro-hydraulic Active Suspension; Electro-hydraulics; Hierarchical Control; Hydraulic Active Suspensions; Lyapunov's Functions; Nonlinear Filter; Parameter Uncertainty; Ride Comforts; Lyapunov Functions"
"Nondestructively identifying the mechanical behavior of soft tissues using surface deformation with an explicit inverse approach","2024","Applied Mathematical Modelling","10.1016/j.apm.2024.05.028","https://www.scopus.com/inward/record.uri?eid=2-s2.0-85195607676&doi=10.1016%2Fj.apm.2024.05.028&partnerID=40&md5=584b29e515e1298b850950981f034883","Identifying the spatial variation of stiffness properties in soft tissues nondestructively, with limited surface measurements, poses significant challenges. In this paper, we present a novel explicit inverse approach designed to characterize the nonhomogeneous elastic property distribution of soft tissues using only surface displacement datasets. In contrast to the prevalent implicit inverse approach, which focuses on optimizing the elastic properties of individual pixels, our proposed method optimizes the geometric parameters of deformable and movable components, as well as shear moduli of each component. As a result, the proposed approach requires far fewer optimization variables, streamlining the process. Numerical tests conducted in this study demonstrate the superiority of the explicit inverse method over the implicit inverse method, providing much-improved reconstructed results. In particular for a ring structure, while the average relative error of reconstruction using the implicit inverse method can exceed 40 %, the explicit inverse method achieves a remarkable average relative error of only 5 %. Given that surface displacements are easily measurable, the integration of our proposed explicit inverse method with low-cost imaging techniques shows great potential in accurately mapping the elastic property distribution of biological tissues. © 2024 Elsevier B.V., All rights reserved.","Biological Tissue; Inclusion Embedded Structures; Inverse Problem; Layered Structures; Surface Deformation; Elasticity; Histology; Numerical Methods; Surface Measurement; Tissue; Biological Tissues; Elastic Properties; Embedded Structures; Inclusion Embedded Structure; Inverse Approach; Inverse Methods; Layered Structures; Soft Tissue; Surface Displacement; Surface-deformations; Inverse Problems"
"A nonlinear analysis of electrically forced vibrations of piezoelectric plates with viscous damping near the thickness-shear mode","2024","Applied Mathematical Modelling","10.1016/j.apm.2024.05.039","https://www.scopus.com/inward/record.uri?eid=2-s2.0-85195573133&doi=10.1016%2Fj.apm.2024.05.039&partnerID=40&md5=421ae0a58234d9e0b5a01fdb33a73283","Based on the theory of nonlinear piezoelectricity, an approximate solution for electrically forced nonlinear thickness-shear vibrations of piezoelectric plates is introduced. The model considers an infinite piezoelectric plate subjected to an alternative voltage, incorporating 3rd-order and 4th-order elastic constants and viscous damping under finite deformation. The system's differential equations for steady-state forced vibrations are derived from the nonlinear pure thickness-shear vibration problem, and transformed so that the new electrical boundary conditions are free. After the application of Galerkin's method, the transformed differential equations lead to a cubic equation, capturing the nonlinear current-frequency curves of AT-cut quartz plates without the need of the quality factor Q, due to the introduced viscous damping. When the damping effect is ignored, the frequency response curves of the AT-cut quartz plate under a specific voltage are confirmed with the existing literature. The study emphasizes the presence of the critical voltage and the importance of the fourth-order elastic constant (c<inf>6666</inf>) in the stability, revealing lower c<inf>6666</inf> values correspond to improved stability. Additionally, a proposed algorithm efficiently determines critical voltages for resonator stability. © 2024 Elsevier B.V., All rights reserved.","At-cut Quartz Resonators; Derive Level Dependency; Forced Vibration; Nonlinear Thickness-shear Vibration; Boundary Conditions; Crystallography; Damping; Elastic Constants; Equations Of State; Frequency Response; Galerkin Methods; Nonlinear Analysis; Nonlinear Equations; Piezoelectric Devices; Quartz; Resonators; Vibration Analysis; At-cut Quartz Resonators; Critical Voltages; Derive Level Dependency; Forced Vibration; Nonlinear Thickness-shear Vibration; Piezoelectric Plate; Quartz Plates; Thickness Shear Modes; Thickness-shear Vibrations; Viscous Damping; Piezoelectricity"
