"Title","Year","Source title","DOI","Link","Abstract","Author Keywords"
"Matrix crystallinity and nanofiller compatibility optimization of polyarylether nitrile nanocomposite films for enhanced high-temperature energy storage","2025","Chemical Engineering Journal","10.1016/j.cej.2025.166848","https://www.scopus.com/inward/record.uri?eid=2-s2.0-105012766276&doi=10.1016%2Fj.cej.2025.166848&partnerID=40&md5=06e37e143420e0da6897617c9250c630","The rising demand for reliable dielectric materials capable of withstanding prolonged high-temperature operation in next-generation power electronics necessitates innovative material solutions. This study reports a groundbreaking dielectric nanocomposite developed through the in-situ polymerization of polyimide (PI) on barium titanate nanoparticles, forming core–shell structured barium titanate@polyimide (BT@PI) nanohybrids. This approach enhances the nanoparticle-matrix compatibility within the polyarylether nitrile (PEN) composite and modulates the polymer's aggregation morphology. Non-isothermal crystallization analysis revealed a morphological transition from two-dimensional to three-dimensional crystal growth mechanisms upon filler incorporation, with the activation energy rising to 162.51 kJ/mol. Via a comprehensive optimization strategy encompassing interface engineering, crystal structure regulation, and performance integration, these nanocomposites achieve enhanced energy storage characteristics. At ambient temperature, the composite with a low loading of 1 vol% BT@PI exhibits a 73.53 % increase in energy storage density compared to pristine PEN, while maintaining a charge-discharge efficiency exceeding 90 %. Remarkably, even at 150 °C, benefiting from the improved aggregation state structure of the polymer composite, it demonstrates an impressive energy storage density of 2.25 J/cm3 with efficiency remaining above 85 %, while simultaneously delivering a remarkably high charge density of 2.59 J/cm3. These findings demonstrate the effectiveness of combining interface engineering and crystallization control strategies, thereby establishing the potential of this composite for high-temperature dielectric applications in advanced power electronic systems. © 2025 Elsevier B.V., All rights reserved.","Core-shell Nanoparticles; Crystallization Modulation; Energy Storage; High-temperature Dielectrics; Interface Engineering; Polyarylether Nitrile; Activation Analysis; Activation Energy; Agglomeration; Crystal Structure; Dielectric Materials; High Temperature Applications; High Temperature Engineering; High Temperature Operations; Interfaces (materials); Morphology; Nanocomposite Films; Nanocomposites; Nanoparticles; Polymer Matrix Composites; Storage (materials); Core-shell Nanoparticles; Crystallization Modulation; Energy; Energy Storage Density; High-temperature Dielectric; Highest Temperature; Interface Engineering; Matrix Crystallinity; Polyarylether Nitrile; Polyarylethers; Energy Storage"
"Effects of different organic macromolecules on the heteroaggregation behavior between nanoplastics and goethite","2025","Chemical Engineering Journal","10.1016/j.cej.2025.166690","https://www.scopus.com/inward/record.uri?eid=2-s2.0-105012634457&doi=10.1016%2Fj.cej.2025.166690&partnerID=40&md5=8e7e760d81b641626c80383a83564877","The environmental fate of nanoplastics (NPs) is largely influenced by their heteroaggregation with mineral colloids, a process that is further complicated by the widespread presence of organic macromolecules (OMs) in aqueous systems. This study investigated the differential regulatory mechanisms of four representative types of OMs (humic acid (HA), fulvic acid (FA), sodium alginate (SA), and bovine serum albumin (BSA)) on polystyrene nanoplastics (PSNPs)-goethite heteroaggregation. It was shown that OMs significantly inhibited the heteroaggregation of PSNPs with goethite. This inhibition was attributed to the increased electrostatic repulsion, the introduction of greater physical obstruction, as well as competition over available sites for surface attachment. The inhibiting effect followed the order SA > HA > FA > BSA, which was associated with macromolecular properties and charge density characteristics. Notably, while HA/FA-mediated interactions aligned with classical Derjaguin-Landau-Verwey-Overbeek (DLVO) predictions, SA/BSA systems deviated from DLVO theory calculations, indicating that additional interactions also contributed to the heteroaggregation. The 3D-EEMs and FTIR-2D-COS analyses elucidated the key functional groups and the sequential interactions of various OMs within the PSNP-goethite heteroaggregation process. Overall, the findings advanced mechanistic understanding of NPs-mineral-OMs ternary interactions, providing valuable insights into NPs transport mechanisms and environmental fate in complex aqueous environment. © 2025 Elsevier B.V., All rights reserved.","Dlvo Theory; Goethite; Heteroaggregation; Nanoplastics; Organic Macromolecules; Body Fluids; Macromolecules; Sols; Bovine Serum Albumins; Derjaguin-landau-verwey-overbeek Theories; Environmental Fate; Fulvic Acids; Goethite; Heteroaggregation; Humic Acid; Mineral Colloids; Nanoplastics; Organic Macromolecules; Sodium Alginate"
"Enhancement mechanism of electrokinetic remediation of a Cu- and Pb-contaminated loess by constructing a multi-electrode configuration","2025","Chemical Engineering Journal","10.1016/j.cej.2025.166880","https://www.scopus.com/inward/record.uri?eid=2-s2.0-105012633545&doi=10.1016%2Fj.cej.2025.166880&partnerID=40&md5=40697f7f57c88b448e8d8d92d57e9a93","The strong adsorption capacity of loess plays a dominant role in limiting the electrokinetic (EK) remediation process. Modified electrokinetic remediation technologies are increasingly being considered for heavy metal contaminated loess, such as the combined use of graphene oxide-alginate composite hydrogel (GOCH) electrode and EK remediation. However, a comprehensive understanding of the complex interplay of multi-physical fields in the modified EK system with GOCH electrodes remains lacking. Therefore, advanced knowledge in multi-physical field coupling in Cu- and Pb-contaminated loess will be crucial to the practical application of these techniques. This study aimed to validate a two-dimensional numerical model by reproducing the physical properties, electrochemical properties, and adsorption properties of the GOCH electrode and comparing them with experimental results. Additionally, the contributions of diffusion, electromigration, electroosmotic flow, adsorption, and chemical reactions on the distribution of heavy metals were investigated based on the validated model. Furthermore, the simulation assessed the impact of a multi-electrode configuration on electric current density, pH, and the remaining concentration of Cu and Pb, as well as its role in improving removal efficiency. The results show that 45.83 % of Cu and 95.81 % of Pb were retained in the loess through adsorption. The implementation of a non-uniform electric field to increase the current density had a notable effect on enhancing the removal efficiency. In addition, for optimal performance, positioning the secondary electrodes in a cross configuration is recommended. This proposed intensification strategy underscores the potential for improving EK removal efficiency and advancing its large-scale application in the remediation of contaminated sites. © 2025 Elsevier B.V., All rights reserved.","Comsol Multiphysics; Electrokinetic Remediation; Graphene Oxide-alginate Composite Hydrogel Electrode (goch); Multi-electrode Configuration; Numerical Simulation; Adsorption; Alginate; Contamination; Current Density; Efficiency; Electrochemical Electrodes; Electrodynamics; Electrohydrodynamics; Electromagnetic Fields; Electromagnetic Waves; Electromigration; Electroosmosis; Graphene; Heavy Metals; Hydrogels; Remediation; Composite Hydrogels; Comsol Multiphysic; Electrode Configurations; Electrokinetic Remediation; Graphene Oxide-alginate Composite Hydrogel Electrode; Graphene Oxides; Multi-electrode; Multi-electrode Configuration; Multi-physics; Removal Efficiencies; Numerical Models"
"Double-confined Fe[sbnd]Co nanoalloys as efficient and stable catalyst for selective hydrogenation of nitroarenes","2025","Chemical Engineering Journal","10.1016/j.cej.2025.166787","https://www.scopus.com/inward/record.uri?eid=2-s2.0-105012629040&doi=10.1016%2Fj.cej.2025.166787&partnerID=40&md5=e49343f1f4ef320bc2ef10af16c7a30d","Supported Co-based catalysts have shown great potential to replace noble-metal catalysts in the selective hydrogenation of substituted nitroarenes, while their tendency to deactivate during hydrogenation remains a major challenge. Here we report a facile method for constructing graphite/SiO<inf>2</inf> double-confined Fe[sbnd]Co nanoalloys, which catalyze hydrogenation of halogenated nitroarenes to halogenated anilines with high yields (> 98 %) under mild conditions. The unique double-confined structure provides effective protection for the alloy core from leaching and oxidation, leading to exceptional stability and recyclability that is unachievable by other supported or confined Co-based catalysts. Additionally, a harmonious amphiphilic environment is created to enhance the mass transport capability and to inhibit deactivation during catalytic process. Density functional theory (DFT) calculations reveal that the electron-enriched graphite-layers serve as effective active sites for selective hydrogenation via a distinct mechanism, thereby improving the hydrogenation efficiency. This design concept and synthesis approach are expected to advance the development of more efficient and stable earth-abundant metal-based catalyst for selective hydrogenation catalysis. © 2025 Elsevier B.V., All rights reserved.","Confined Structure; Fe-co Nanoalloys; Graphitic Carbon; Halogenated Nitroarenes; Selective Hydrogenation; Aniline; Binary Alloys; Catalyst Deactivation; Catalyst Supports; Catalytic Oxidation; Design For Testability; Graphite; Halogenation; Hydrogenation; Iron Alloys; Co-based Catalysts; Confined Structures; Efficient Catalysts; Fe-co Nanoalloy; Graphitic Carbons; Halogenated Nitroarene; Nano-alloys; Nitroarenes; Selective Hydrogenation; Stable Catalysts; Cobalt Alloys; Density Functional Theory"
"Organic intercalation-induced interlayer engineering of V2CTx MXene for high-performance zinc-ion batteries","2025","Chemical Engineering Journal","10.1016/j.cej.2025.166812","https://www.scopus.com/inward/record.uri?eid=2-s2.0-105012627474&doi=10.1016%2Fj.cej.2025.166812&partnerID=40&md5=16594291599ce24b895683f253eac7e4","Vanadium-based materials are widely explored as cathodes for aqueous zinc ion batteries (AZIBs) due to their open interlayer structure and good electrochemical properties. V<inf>2</inf>CT<inf>x</inf> MXene stands out for its tunable interlayer spacing, rich redox properties, and high electrical conductivity. However, the strong electrostatic interactions between the negatively charged interlayers of V<inf>2</inf>CT<inf>x</inf> MXene and Zn2+ ions hinder ion diffusion and reaction kinetics, while the multilayered structure is susceptible to interlayer collapse and material dissolution during cycling. Herein, a V<inf>2</inf>CT<inf>x</inf>-TBAI<inf>3</inf> composite cathode was rationally created via the intercalation of tetrabutylammonium triiodide (TBAI<inf>3</inf>) into V<inf>2</inf>CT<inf>x</inf> MXene. The organic molecule intercalation significantly expands the interlayer spacing, which not only stabilizes the layered framework but also alleviates the electrostatic attraction between V<inf>2</inf>CT<inf>x</inf> MXene and Zn2+ ions. Density functional theory calculations and experimental results demonstrate that TBA+ cations interact strongly with surface oxygen atoms on V<inf>2</inf>CT<inf>x</inf> MXene via electrostatic interactions, leading to localized charge redistribution. This interaction significantly enhances the d-p orbital hybridization between V 3d and O 2p orbitals, thereby reducing both the Zn2+ ions adsorption energy and migration barrier. As a result, the V<inf>2</inf>CT<inf>x</inf>-TBAI<inf>3</inf> cathode has a nearly 100 % capacity retention after 9500 cycles, exhibiting good electrochemical performance. Furthermore, the assembled pouch cells demonstrate excellent electrochemical performance and outstanding practical application capabilities. This work provides new insights into the interlayer engineering of MXene-based cathode materials and demonstrates a promising strategy for developing high-performance AZIBs. © 2025 Elsevier B.V., All rights reserved.","Interlayer Engineering; Orbital Hybridization; V2ctx Mxene; Zinc-ion Batteries; Cathodes; Composite Films; Electrostatics; Intercalation; Ions; Reaction Kinetics; Vanadium; Vanadium Compounds; Zinc; Zinc Compounds; Electrochemical Performance; Interlayer Engineering; Interlayer Spacings; Ion Batteries; Orbital Hybridization; Performance; V2ctx Mxene; Zinc Ions; Zinc-ion Battery; Zn 2+; Density Functional Theory"
"Hydroxyl radical-exclusive Z-scheme photocatalyst for fast and complete disinfection of antibiotic-resistant bacteria-contaminated water","2025","Chemical Engineering Journal","10.1016/j.cej.2025.166363","https://www.scopus.com/inward/record.uri?eid=2-s2.0-105012625232&doi=10.1016%2Fj.cej.2025.166363&partnerID=40&md5=207509a95e38f92a15138876fa892b33","Metal oxide-based photocatalysts generating reactive oxygen species are promising alternative antimicrobial reagents with antibacterial effects. Herein, we report the efficient sterilization of antibiotic-resistant bacteria (ARB) by photocatalysts exclusively producing a hydroxyl radical (•OH). The exclusive generation of •OH is manifested from the formation of a Z-scheme heterojunction between p-type (i.e., Cu<inf>2</inf>O nanoparticles, Cu<inf>2</inf>O NPs) and n-type (i.e., WO<inf>3</inf> nanowires, WO<inf>3</inf> NWs) metal oxides through the interfacial coupling of sp-sp2 conjugated carbon nanosheets (i.e., aminated graphdiyne, NH<inf>2</inf>GDY). NH<inf>2</inf>GDY prevents the oxidative corrosion of Cu<inf>2</inf>O NPs and forms a stable heterojunction with high redox potentials to exclusively generate •OH. This heterojunction photocatalyst of Cu<inf>2</inf>O-NH<inf>2</inf>GDY-WO<inf>3</inf> (CGW) reveals fast and complete antibacterial effects on Escherichia coli and Staphylococcus aureus to achieve nearly 100% at 2 × 106 CFU/mL within 3 and 2 min, respectively, under indoor light of low power density (1.3 mW/cm2), even within 1 min under the solar light. CGW can disrupt bacterial cell walls and degrade the released DNA strands, preventing the emergence of radical-resistant bacteria. CGW maintains excellent antibacterial efficacy against ARB for over 10 recycling experiments. Therefore, the sufficient generation of •OH by efficient junctions of metal oxide-based photocatalysts leads to fast and complete purification of bacteria-contaminated water without ARB production. © 2025 Elsevier B.V., All rights reserved.","Arb-contaminated Water; Complete Antibacterial; Graphdiyne; Hydroxyl Radical; Metal Oxide; Recyclable Photocatalyst; Amination; Antibiotics; Copper Corrosion; Disinfection; Escherichia Coli; Heterojunctions; Metal Nanoparticles; Microbial Corrosion; Photocatalysts; Staphylococcus Aureus; Tungsten Compounds; Antibacterials; Antibiotic-resistant Bacteria; Antibiotic-resistant Bacteria-contaminated Water; Complete Antibacterial; Contaminated Water; Graphdiyne; Hydroxyl Radicals; Metal-oxide; Recyclable Photocatalyst; Recyclables; Copper Oxides; Redox Reactions"
"High-temperature-induced material softening formed in Ni-W-P-SiC composite coating and its wear reduction mechanism","2025","Chemical Engineering Journal","10.1016/j.cej.2025.166760","https://www.scopus.com/inward/record.uri?eid=2-s2.0-105012621664&doi=10.1016%2Fj.cej.2025.166760&partnerID=40&md5=709712963e617d065ae38cda7b427905","Electroless plating, recognized for its environmental friendliness and operational simplicity, shows great potential in various metal surface treatment applications. However, conventional nickel coatings encounter durability challenges under high contact pressures, and oxygen penetration at high temperatures. The Ni-W-P-SiC coating via electroless plating was developed in this work, which exhibited a low coefficient of friction (0.2) and retained over 50 % of its original thickness in high-load wear tests. The incorporation of W and SiC significantly improved both wear resistance and oxidation resistance. Even at high temperatures, where a wavy tribolayer formed on the surface, the Ni-W-P-SiC coating maintained superior performance. This is attributed to two key mechanisms: The formation of the Ni₃P phase increased the hardness; Its smooth surface structure effectively inhibited crack propagation. Based on the above characteristics, the composite coatings are ideally suited for metal parts operating in high-temperature and high-load environments, thereby expanding the industrial applications of electroless plating. © 2025 Elsevier B.V., All rights reserved.","Coefficient Of Friction; High Temperature; Ni-w-p-sic Composite Coating; Residual Thickness; Electroless Plating; Friction; High Temperature Applications; Nickel Coatings; Nickel Compounds; Phosphorus Compounds; Silicon Compounds; Surface Treatment; Tribology; Wear Of Materials; Wear Resistance; Coefficient Of Frictions; Composites Coating; Electroless; High Load; Highest Temperature; Material Softening; Ni-w-p-sic Composite Coating; Residual Thickness; Sic Coatings; Temperature-induced; Composite Coatings"
"Chiral-driven synergistic electrolyte engineering for ultrastable aqueous zinc-ion batteries","2025","Chemical Engineering Journal","10.1016/j.cej.2025.166777","https://www.scopus.com/inward/record.uri?eid=2-s2.0-105012617463&doi=10.1016%2Fj.cej.2025.166777&partnerID=40&md5=cf711c41db88cb1a977028883c46f525","Electrolyte additive engineering is crucial for advancing aqueous zinc-ion batteries (AZIBs), yet stereochemical effects remain underexplored. This study systematically investigates the impact of L- and D-configured amino acids as electrolyte additives, uncovering unprecedented chiral-dependent effects on Zn2+ solvation and anode interfacial chemistry. Taking valine (Val) as a model additive, we reveal that L-Val forms a dual‑oxygen-coordinated solvation sheath with Zn2+, effectively reducing H<inf>2</inf>O activity and suppressing side reactions. In contrast, D-Val forms a mono‑oxygen-coordinated complex with limited solvation structure modification. Mechanistic insights show that L-Val preferentially adsorbs onto the Zn anode via its amino (−NH<inf>2</inf>) functional group, while outward carboxyl (-COOH) groups self-assemble into a protective layer. This architecture promotes dendrite-free Zn deposition and reversibility, achieving symmetric cell cycling stability of 5200 h (vs. 3600 h for D-Val), Zn||Cu cell Coulombic efficiency of 99.7 % over 1500 cycles, and pouch cell capacity retention of 93.2 % after 1100 cycles. These findings highlight chiral molecular engineering as a transformative strategy for electrolyte design, offering generalizable principles applicable to multivalent-ion battery systems. © 2025 Elsevier B.V., All rights reserved.","Amino Acids; Aqueous Zinc-ion Batteries; Chiral Configuration; Electrolyte Additive Engineering; Zinc Anode; Additives; Anodes; Complexation; Coordination Reactions; Ions; Oxygen; Solvation; Stereochemistry; Zinc; Zinc Compounds; Zinc Deposits; Amino-acids; Aqueous Zinc-ion Battery; Chiral Configuration; Electrolyte Additive Engineering; Electrolyte Additives; Ion Batteries; L-valine; Zinc Anodes; Zinc Ions; Zn 2+; Amino Acids"
"Breaking activity-transport limits in photocatalysis: 3D cyanide-rich hydrogel membranes via radical polymerization for solar-powered wastewater purification","2025","Chemical Engineering Journal","10.1016/j.cej.2025.166682","https://www.scopus.com/inward/record.uri?eid=2-s2.0-105012615125&doi=10.1016%2Fj.cej.2025.166682&partnerID=40&md5=5f3ee7e5416f8af772908d3bf019199f","The solar-driven degradation of organic pollutants in practical wastewater treatment is constrained not only by the intrinsic activity of photocatalysts but also by the absence of optimized catalytic systems. In this study, we devised a bifunctional K and I co-doped cyano-modified polymeric carbon nitride catalyst, which can act as a photoinitiator to enable in-situ radicals polymerization, forming a three-dimensional hydrogel photocatalytic membrane (KCN gel) under simulated sunlight. The recyclable KCN gel exhibited excellent photocatalytic performance, with the activated peroxymonosulfate (PMS) degrading organic pollutants at a rate of up to 0.438 min−1, which was 18 times higher than that of the system without PMS. Theoretical calculation reveals strong van der Waals interactions between PMS and the KCN gel, with cyanide groups identified as the key active sites for methylene blue oxidation, facilitating the generation of diverse reactive species. The KCN gel displays broad applicability, effectively abating the organic contaminant across wide concentration ranges (0.1–5.0 ppm) in simulated natural waterways, offering a promising solution for sustainable wastewater treatment. © 2025 Elsevier B.V., All rights reserved.","Bifunctional Catalyst; Hydrogel Photocatalytic System; In-situ Radicals Polymerization; Pms Activation; Atom Transfer Radical Polymerization; Catalyst Activity; Dyes; Organic Pollutants; Photocatalysts; Photocatalytic Activity; Purification; Reclamation; Wastewater Treatment; Bifunctional Catalysts; Breakings; Hydrogel Membrane; Hydrogel Photocatalytic System; In-situ Radical Polymerization; Organics; Peroxymonosulfate; Peroxymonosulfate Activations; Photocatalytic Systems; Solar-powered; Hydrogels; Van Der Waals Forces"
"Crystal phase engineering for polymorphic CoSe2 hollow nanoboxes with enhanced oxidase-like activity: Application in ratiometric electrochemical aptasensor for bisphenol A detection","2025","Chemical Engineering Journal","10.1016/j.cej.2025.166856","https://www.scopus.com/inward/record.uri?eid=2-s2.0-105012613537&doi=10.1016%2Fj.cej.2025.166856&partnerID=40&md5=bea6ee3212f2ac2ec0354c1e1ed57e9b","Bisphenol A (BPA), a hazardous endocrine disruptor, requires sensitive detection methods due to its widespread environmental presence and associated health risks. Herein, phase-mixed CoSe<inf>2</inf> hollow nanoboxes (m-CoSe<inf>2</inf> HNBs) with cubic and orthorhombic phases were synthesized through crystal phase engineering, which exhibited superior oxidase-like activity compared to cubic phase CoSe<inf>2</inf> hollow nanoboxes (c-CoSe<inf>2</inf> HNBs). Mechanistic investigations revealed that the enhanced oxidase-like activity of m-CoSe<inf>2</inf> HNBs stems from increased generation of reactive oxygen species (superoxide anion and singlet oxygen) and accelerated electron transfer. Utilizing the exceptional oxidase-like activity of m-CoSe<inf>2</inf> HNBs, a ratiometric electrochemical aptasensor was proposed for the determination of BPA. The ratio between the oxidation current of BPA and the electrochemical signal generated from m-CoSe<inf>2</inf> HNBs with the oxidase-like activity catalyzed oxidation of 3,3′,5,5′-tetramethylbenzidine (TMB) was employed as a quantitative metric for BPA detection. By leveraging two independent signals, this strategy can effectively avoid interference from procedural inconsistencies and environmental fluctuations, enabling self-calibration and improving the reliability of results. Moreover, unlike electrochemical aptasensors based on peroxidase mimics, this approach eliminates the need for H<inf>2</inf>O<inf>2</inf>, thereby enhancing the stability of the aptasensor. The constructed ratiometric electrochemical aptasensor exhibited a wide linear range of 0.050–15 μM, with a detection limit as low as 20 nM. It was applied to monitor BPA in real samples, yielding comparable results to those obtained using HPLC. This study offers an avenue for designing excellent oxidase mimics and determining environmental pollutants. © 2025 Elsevier B.V., All rights reserved.","Bisphenol A; Crystal Phase Engineering; Oxidase-like Activity; Phase-mixed Cose2 Hollow Nanoboxes; Ratiometric Electrochemical Aptasensor; Chemical Detection; Chromium Compounds; Cobalt Compounds; Electron Transitions; Endocrine Disrupters; Error Detection; Niobium Compounds; Oxygen; Selenium Compounds; Sulfur Compounds; Bisphenol A; Bisphenols-a; Crystal Phase Engineering; Crystal Phasis; Electrochemical Aptasensor; Nanoboxes; Oxidase-like Activity; Phase-mixed Cose2 Hollow Nanobox; Ratiometric; Ratiometric Electrochemical Aptasensor; Health Risks"
"Energetic photoexcited electrons and enhancement of metabolic function and electron transport promote carbon chain elongation in bacterium‑cadmium sulfide biohybrid systems","2025","Chemical Engineering Journal","10.1016/j.cej.2025.166901","https://www.scopus.com/inward/record.uri?eid=2-s2.0-105012613200&doi=10.1016%2Fj.cej.2025.166901&partnerID=40&md5=d37b132b012328fea997580c7bd247b3","The carbon chain elongation (CE) process is essential for waste management and sustainable production of chemicals. However, gaining deeper insights into microbial metabolic regulation remains crucial for improving the CE process. Herein, photosynthetic biohybrid systems (PBSs) were developed by combining the photocatalytic semiconductor cadmium sulfide (CdS) with Clostridium kluyveri to investigate the effects of CdS synthesized via distinct routes on metabolic regulation and electron transfer mechanisms in CE process. Both PBSs incorporated with self-biosynthetic CdS (CK-BioCdS) and chemosynthetic CdS (CK-CdS) obtained higher caproate production (6.24 g/L for CK-BioCdS and 6.03 g/L for CK-CdS) and caproate selectivity (66.4 % for CK-BioCdS and 65.9 % for CK-CdS) compared to controls without CdS. Transcriptome analysis revealed that CdS significantly altered gene expression and metabolic regulation within the PBSs. The overexpression of genes encoding thiolase (thlA1) and CoA transferase (cat3) indicated that PBSs up-regulated the key genes expressions related to reverse β oxidation thus increasing caproate production. Furthermore, the differential expression of genes related to membrane-bound proteins and electron transfer suggested varied mechanisms of photoexcited electron transfer induced by CdS. These findings broaden our understanding of the diverse impacts of CdS on the regulation of bacterial metabolism and highlight the potential of PBSs for the efficient production of multi‑carbon products. © 2025 Elsevier B.V., All rights reserved.","Biohybrid; Chain Elongation; Clostridium Kluyveri; Metabolism Regulation; Photoelectron Transfer; Carbon; Clostridium; Electron Transitions; Electron Transport Properties; Elongation; Gene Expression; Gene Expression Regulation; Metabolism; Physiology; Proteins; Semiconducting Cadmium Compounds; Solid Wastes; Waste Management; Bio-hybrid Systems; Bio-hybrids; Carbon Chains; Chain Elongation; Clostridium Kluyveri; Elongation Process; Metabolic Regulations; Metabolism Regulation; Photoelectron Transfer; Photoexcited Electrons; Cadmium Sulfide"
"Salinity-independent evaporation: Biomimetic design of large hydrogel evaporator with 3D hierarchical channels in high-salinity brine","2025","Chemical Engineering Journal","10.1016/j.cej.2025.166910","https://www.scopus.com/inward/record.uri?eid=2-s2.0-105012604549&doi=10.1016%2Fj.cej.2025.166910&partnerID=40&md5=d91e4d0addd246ca607f6282014b88d6","In recent years, hydrogels have become popular as interfacial evaporators in solar-driven interfacial evaporation systems (SDIE) due to their excellent water absorption capacity and porous structure. However, the mechanical strength of the hydrogel-based evaporator is weak, making it susceptible to damage during long-term use. Furthermore, current research on hydrogel-based evaporators is limited in area, leading to falsely high evaporation rates due to environmental factors. In this work, a large Ti<inf>4</inf>O<inf>7</inf>-PVA waffle-shaped hydrogel (LTPWH) with 3D hierarchical biomimetic channels is developed. The LTPWH evaporator utilizes narrow band gap titanium suboxide (Ti<inf>4</inf>O<inf>7</inf>) as a photothermal absorber, with the addition of a waffle on the surface to promote Marangoni convection. This results in regional salt deposition and greatly improves salt resistance. The layered network structure generated by bionic wood serves as the support framework along with the waffle structure, significantly boosting mechanical strength and guaranteeing the stability and longevity of the extremely large area evaporator. Based on this, the LTPWH evaporator achieved an evaporation rate of 2.22 kg m−2 h−1 and an evaporation efficiency of 91.0 % in 20 wt% simulated seawater with an unprecedented area (diameter of 75 mm). It broke the limitations of brine colligative properties, as the evaporation rate in high concentration brine is even higher than that in pure water and low concentration brine. This work promotes the practical application of hydrogel-based interfacial evaporators. © 2025 Elsevier B.V., All rights reserved.","Bionics Of Wood; Large Area Hydrogel-based Evaporator; Salinity-independent Evaporation; Titanium Suboxide; Waffle Structure; Biomimetics; Bionics; Evaporation; Hydrogels; Titanium Compounds; Biomimetic Design; Bionic Of Wood; Evaporation Rate; High Salinity Brines; Large Area Hydrogel-based Evaporator; Mechanical; Salinity-independent Evaporation; Titania; Titania Suboxide; Waffle Structure; Energy Gap; Evaporators; Water Absorption"
"Scalable ultrafast regeneration of cathodes from battery waste","2025","Chemical Engineering Journal","10.1016/j.cej.2025.166888","https://www.scopus.com/inward/record.uri?eid=2-s2.0-105012602983&doi=10.1016%2Fj.cej.2025.166888&partnerID=40&md5=fd9f8b8515d98a482b78e4fa0a228d18","Lithium cobalt oxide (LiCoO<inf>2</inf>) accounts for over 70 % of global cobalt consumption, primarily in batteries used in consumer electronics. Its conventional synthesis is energy-intensive and relies on increasingly scarce raw materials. Recycling and regeneration of LiCoO<inf>2</inf> have therefore, become critical. Existing recycling methods often involve high energy consumption, complex processing, and material loss. This work reports a hybrid thermochemical regeneration strategy integrating selective leaching, a glucose-assisted self-sustaining reaction, and brief oxidative annealing to recover high-purity LiCoO<inf>2</inf> from spent batteries. Metal nitrates extracted from spent electrodes react with glucose to form Co, CoO, and Li<inf>2</inf>CO<inf>3</inf> in minutes, followed by complete conversion to phase-pure LiCoO<inf>2</inf> at 850 °C within 10 min. These processes generate localized heat, suppress lithium volatilization, and enable ultrafast regeneration, reducing synthesis time by over 50-fold compared to conventional routes. The regenerated LiCoO<inf>2</inf> exhibits high crystallinity and electrochemical performance comparable to commercial materials at 1C, with ~100 % coulombic efficiency and stable cycling. Technometric analysis shows that the process consumes ~8 MJ/kg of feedstock and emits ~800 g CO<inf>2</inf>/kg, the lowest among existing recycling methods. Furthermore, the process yields more valuable products without the need for resynthesis, with a net economic return of ~$3690 per ton of spent LiCoO<inf>2</inf> batteries. © 2025 Elsevier B.V., All rights reserved.","Battery Waste Valorization; Cathode Regeneration; Circular Economy; Green Metallurgy; Licoo2 Recycling; Low-energy Synthesis; Thermochemical Process; Cathodes; Circular Economy; Cobalt Compounds; Cobalt Deposits; Crystallinity; Electronic Waste; Energy Utilization; Lithium Compounds; Lithium-ion Batteries; Recycling; Battery Waste Valorization; Cathode Regeneration; Green Metallurgy; Licoo 2; Licoo2 Recycling; Low-energy Synthesis; Lower Energies; Thermo Chemical Process; Waste Valorizations; Glucose"
"Tailored confinement-induced stress regulation in SnS@C anodes for enhanced lithium and sodium storage performance","2025","Chemical Engineering Journal","10.1016/j.cej.2025.166890","https://www.scopus.com/inward/record.uri?eid=2-s2.0-105012602638&doi=10.1016%2Fj.cej.2025.166890&partnerID=40&md5=eccb7c15abc6769df85d5718a5758537","The practical application of high-capacity tin sulfide (SnS) anodes in lithium-ion (LIBs) and sodium-ion batteries (SIBs) is limited by mechanical failure. During the alloying process, SnS undergoes substantial volume expansion, which induces internal stress accumulation. This accumulated stress gradually damages the electrode structure, ultimately compromising the reversibility and stability of lithium and sodium storage. In this study, we develop a generalized “Confinement Template Evolution” strategy to synthesize double shell SnS@C anodes with tailored confinement to regulate stress accumulation within the electrodes. Through multi-scale investigations, including in-situ visualization, transmission electron microscopy, X-ray diffraction, and finite element simulations, we demonstrate that tailoring the carbon shell thickness of SnS@C anodes plays a critical role in mitigating stress-induced damage. The optimized carbon shells can effectively accommodate the large volume expansion associated with the formation of Li<inf>4.4</inf>Sn and Na<inf>9</inf>Sn<inf>4</inf> during the alloying process, thereby enhancing structural integrity and electrochemical stability. The SnS@C anodes feature a full-contact structure that shortens Li+/Na+ diffusion pathways, facilitating higher storage capacities. The 43 nm shell induces adaptive compressive stress for lithium storage, while the 72 nm shell accommodates stress for sodium storage. These regulations reduce the tensile stress by up to 22 % during cycling, with minimal changes in electrode thickness and enhanced reversibility and cycle performance for LIBs and SIBs. Our findings highlight that tailored confinement and stress regulation are crucial for developing high-performance anodes, providing valuab insights for next-generation electrode design. © 2025 Elsevier B.V., All rights reserved.","Lithium/sodium-ion Batteries; Stress Regulation; Tin Sulfide Anodes; Volume Expansion; Alloying; Carbon; Compressive Stress; Expansion; Failure (mechanical); Lithium; Lithium Alloys; Lithium Compounds; Lithium-ion Batteries; Shells (structures); Sodium Alloys; Sodium-ion Batteries; Sulfur Compounds; Tin Alloys; Tin Compounds; Transmission Electron Microscopy; Alloying Process; Carbon Shells; Induced Stress; Lithium/sodium-ion Battery; Sodium Ion Batteries; Stress Accumulation; Stress Regulation; Tin Sulfide; Tin Sulphide Anode; Volume Expansion; Anodes"
"Dose-effect of ZIF-67-derived Co, N sites in carbon fibers: Optimizing Lithium deposition uniformity and Lithium sulfide precipitation capacity","2025","Chemical Engineering Journal","10.1016/j.cej.2025.166768","https://www.scopus.com/inward/record.uri?eid=2-s2.0-105012600205&doi=10.1016%2Fj.cej.2025.166768&partnerID=40&md5=9ed599306d853beb3fe387dd2a2551e4","The uneven growth of lithium dendrites and the shuttling of polysulfides seriously hinder the practical application of lithium‑sulfur batteries. In this study, a three-dimensional conductive network with high-density active sites (cobalt nanoparticles and pyridine nitrogen) in Co, N@CFs composites prepared via electrospinning strategy was introduced. Increasing the ZIF-67 content (from 30 % to 90 %) markedly enhanced the specific surface area (683 m2/g) and density of the active sites, thereby suppressing dendrite growth through uniform lithium-ion flux distribution and promoting the adsorption/catalytic conversion of polysulfides. The Li//Li symmetrical battery exhibited stable cycling performance for 2500 h, with an overpotential stabilized at 30 mV. In-situ optical microscopy demonstrated that Co, N@CFs (1:0.9) effectively inhibited lithium dendrite formation, leading to uniform lithium deposition. Co, N@CFs (1:0.9) exhibited the highest adsorption capacity for Li₂S₆ and facilitated the chemical conversion of polysulfides into Li₂S, achieving a Li₂S nucleation capacity of 171.85 mAh/g. In-situ XRD analysis confirmed its optimal liquid-solid conversion efficiency, as evidenced by the significantly higher intensity of the Li₂S characteristic peak compared to low-loading samples. © 2025 Elsevier B.V., All rights reserved.","Cobalt Nanoparticles; Lithium‑sulfur Battery; Polysulfide Conversion; Pyridine Nitrogen; Three-dimensional Conductive Network; Uniform Lithium Deposition; Carbon Fibers; Cobalt; Cobalt Compounds; Cobalt Deposits; Conversion Efficiency; Dendrites (metallography); Deposition; Lithium Compounds; Lithium Deposits; Lithium Sulfur Batteries; Lithium-ion Batteries; Nanoparticles; Nitrogen; Polysulfides; Precipitation (chemical); Sulfur Compounds; Active Site; Cobalt Nanoparticles; Conductive Networks; Lithium Dendrite; Lithium/sulfur Batteries; Polysulphide Conversion; Polysulphides; Pyridine Nitrogen; Three-dimensional Conductive Network; Uniform Lithium Deposition; Pyridine"
"Nanovaccine designed for splenic delivery augments immune responses for tumor therapy","2025","Chemical Engineering Journal","10.1016/j.cej.2025.166782","https://www.scopus.com/inward/record.uri?eid=2-s2.0-105012598329&doi=10.1016%2Fj.cej.2025.166782&partnerID=40&md5=747423ec8dcfe44035492c0e7b749d54","Spleen is an ideal secondary lymphoid organ for initiating and amplifying tumor-specific immunity; however, suboptimal antigen delivery and immune activation cause immune tolerance, limited tumor therapeutic efficacy and undesired side effects. Herein, we designed a spleen targeted nanovaccine that can carry tumor antigens and microRNA-155 (miR155) to spleen, achieving sufficient and persistent immune responses. To encapsulate miR155, we synthesized a glutathione (GSH)-responsive cationic polymer (PADDAC) that spontaneously self-assembled with miR155 to form nanocomplexes. Afterwards, the nanocomplexes were infused with tumor cell and erythrocyte membranes, granting them the ability to carry tumor associated antigens (TAAs) and target splenic antigen-presenting cells, respectively. We found that the nanovaccine demonstrated spleen-selective accumulation and efficient cytotoxic T lymphocyte activation with protective immune memory. This significantly inhibited the growth of the primary tumor and hindered the development of pulmonary metastasis in a tumor harboring mouse model. Moreover, we generated a personalized nanovaccine, which reduced local tumor recurrence post-surgery. This study highlighted the potential of splenic targeting nanovaccine for tumor preventative and therapeutic applications. © 2025 Elsevier B.V., All rights reserved.","Cell Membrane; Microrna-155; Nanovaccine; Spleen Targeted Delivery; Tumor Immunotherapy; Antigens; Chemical Activation; Cytology; Immune System; Pathology; Rna; T-cells; Tumors; Antigen Delivery; Immune Response; Lymphoid Organs; Microrna-155; Nanocomplexes; Nanovaccine; Spleen Targeted Delivery; Targeted Delivery; Tumor Immunotherapy; Tumor Therapy; Cell Membranes"
"Selective detection and efficient recovery of Au(III) based on 1D sulfur-rich covalent organic framework","2025","Chemical Engineering Journal","10.1016/j.cej.2025.166989","https://www.scopus.com/inward/record.uri?eid=2-s2.0-105012594226&doi=10.1016%2Fj.cej.2025.166989&partnerID=40&md5=5fba453bd7dd29707eed2d6fc05d35ca","Rising gold demand calls for sustainable extraction methods that go beyond conventional mining-dependent hydrometallurgy and pyrometallurgy approaches, as these traditional methods are plagued by inefficiency, high costs, and significant environmental risks. Adsorption-based methods using materials such as activated carbon or metal-organic frameworks have emerged as alternatives but face limitations in selectivity, stability, and mass transfer efficiency. This study introduces a sulfur- and nitrogen-functionalized 1D covalent organic framework (COF) with a 4-c sql topology, designed to overcome these challenges. Unlike 2D/3D COFs, the 1D structure minimizes interlayer stacking and enhances active site exposure, enabling rapid Au(III) detection (via fluorescence/colorimetric dual sensing) and in situ reduction to Au(0) without external reductants. Leveraging Au–S/N bonds and H-bonding interactions, the material achieved a low detection limit (8.5 × 10−9 M) and high adsorption efficiency in real-world scenarios, including river water and computer CPU leachates. The 1D COF's unidirectional electron channels and sulfur-rich moieties further improved selectivity and kinetics. This work demonstrates a dual-function platform for gold detection and recovery, offering a sustainable solution to mitigate e-waste hazards while advancing resource circularity. The findings highlight the potential of structurally engineered 1D COFs in precision metal recycling and environmental remediation. © 2025 Elsevier B.V., All rights reserved.","Covalent Organic Framework; Gold Detection; Gold Recovery; Sulfur- And Nitrogen- Rich; Efficiency; Electronic Waste; Extraction; Gold Compounds; Mass Transfer; Metal-organic Frameworks; Nitrogen; Organic Carbon; Pyrometallurgy; Recovery; Sulfur; Covalent Organic Frameworks; Environmental Risks; Extraction Method; Gold Demand; Gold Detection; Gold Recoveries; High Costs; Metalorganic Frameworks (mofs); Selective Detection; Sulphur- And Nitrogen- Rich; Activated Carbon"
"Synergistic Cu0/Cu+ interface in Cu/Al2O3 catalyzes methanol steam reforming for hydrogen production","2025","Chemical Engineering Journal","10.1016/j.cej.2025.166685","https://www.scopus.com/inward/record.uri?eid=2-s2.0-105012592184&doi=10.1016%2Fj.cej.2025.166685&partnerID=40&md5=33bfada6471f7c7a0458ba6ae2a79889","Cu-based materials serve as the predominant catalysts for methanol steam reforming (MSR), and yet the nature of active sites and interface effects remains ambiguous due to the complexity of material surfaces. Herein, a series of xCuAl catalysts with sandwich spinel structures were synthesized in order to elucidate structure-activity relationships. The 10CuAl catalyst possesses highly dispersed Cu-O-Al spinel species at the copper‑aluminum interfaces and abundant effective Cu0-Cu+ active sites, exhibiting 93.4 % CH<inf>3</inf>OH conversion at 300 °C and the lowest apparent activation energy. To gain a deeper understanding of interface structure the formation process of xCuAl catalysts and the distribution of Cu species in the catalyst were characterized. It was found the CuAl<inf>2</inf>O<inf>4</inf> spinel in catalyst structure can sustained releases more active copper species under reduction atmosphere and provide a more utilizable interface (interface length). The results show that the effective Cu0-Cu+ interface length has a positive correlation with TOF. This study offers a fresh perspective on the design of catalysts with similar spinel structures. © 2025 Elsevier B.V., All rights reserved.","Cu0-cu+ Synergy Sites; Interface Length; Methanol Steam Reforming; Sandwich Spinel Structures; Sustained Release Catalysis; Activation Energy; Aluminum Alloys; Aluminum Compounds; Binary Alloys; Catalysis; Catalyst Activity; Copper; Copper Alloys; Copper Compounds; Hydrogen Production; Interfaces (materials); Active Site; Catalyse; Cu0-cu+ Synergy Site; Interface Length; Methanol-steam Reforming; Sandwich Spinel Structure; Spinel Structure; Sustained Release; Sustained Release Catalyze; ]+ Catalyst; Methanol"
"Carbon nanotube/two-dimensional metal–organic framework composites with enhanced thermoelectric performances for thermoelectric generators","2025","Chemical Engineering Journal","10.1016/j.cej.2025.166861","https://www.scopus.com/inward/record.uri?eid=2-s2.0-105012544766&doi=10.1016%2Fj.cej.2025.166861&partnerID=40&md5=4b30e523b36a2971f11dd29da812a0bb","Carbon nanotubes (CNTs) are regarded as promising candidates for thermoelectric applications due to their excellent electrical and mechanical properties. However, their practical utility is hindered by high thermal conductivity and poor dispersion. This study explores the incorporation of two-dimensional metal–organic frameworks (2D MOFs) as additives to enhance the thermoelectric performance of CNTs. Two Zr-based 2D MOFs with distinct functional groups in their pores, namely hydrophilic ZrBTB and hydrophobic ZrBTB-BA, are employed. These 2D MOFs significantly improve the dispersion of CNTs, while the strategic selection of solvents, including 1,2-dichlorobenzene (DCB) and N-methyl-2-pyrrolidone (NMP), enables precise tuning of the carrier polarity in the CNTs, thereby facilitating the development of both p-type and n-type thermoelectric composites. Notably, the CNT/ZrBTB-BA composite achieves a record-high power factor (PF) values of 395.2 and 330.8 μW m−1 K−2 for p-type and n-type thermoelectric behavior among CNT/MOF composites, respectively, accompanied by significantly enhanced figure of merit (zT) values compared to the pristine CNTs. These optimized composites are further employed to fabricate flexible thermoelectric generators, showcasing their practical potential in wearable electronics and advancing sustainable energy solutions. © 2025 Elsevier B.V., All rights reserved.","Carbon Nanotube; Composite; Thermoelectric; Two-dimensional Mofs; Wearable Device; Additives; Barium Alloys; Barium Compounds; Binary Alloys; Dispersions; Electric Generators; Flexible Electronics; Thermal Conductivity; Thermoelectric Equipment; Thermoelectricity; Wearable Technology; Yarn; Zirconium Alloys; Zirconium Compounds; Metalorganic Frameworks (mofs); P-type; Thermoelectric; Thermoelectric Application; Thermoelectric Generators; Thermoelectric Performance; Two-dimensional; Two-dimensional Metals; Two-dimensional Mof; Wearable Devices; Carbon Nanotubes; Composite Materials"
"Self-‘cycling, boosting and propelling’ multi-functional nanoplatforms for improving tumor starvation therapy","2025","Chemical Engineering Journal","10.1016/j.cej.2025.166659","https://www.scopus.com/inward/record.uri?eid=2-s2.0-105012514326&doi=10.1016%2Fj.cej.2025.166659&partnerID=40&md5=5327dc6abac918fb11cfe85868ffa4e3","Starvation therapy, utilizing glucose oxidase (GOx) to deplete glucose and disrupt tumor energy, has shown promise in cancer treatment. However, this approach alone is insufficient to block ATP generation in tumors. Here, we introduce a self-‘cycling, boosting and propelling’ strategy, overcoming the ‘Achilles' heel’ of traditional starvation therapy by regulating the energy supply with CO. The high concentration of H<inf>2</inf>O<inf>2</inf> in the tumor microenvironment reacts with MnO<inf>2</inf> to generate Mn2+ and O<inf>2</inf>. Mn2+ catalyzes a Fenton-like reaction to produce hydroxyl radicals ([rad]OH) for chemodynamic therapy and T1-weighted magnetic resonance imaging (MRI), while O<inf>2</inf> further enhances GOx-mediated glucose consumption, producing more H<inf>2</inf>O<inf>2</inf>. This process not only recycles H<inf>2</inf>O<inf>2</inf> but accelerates CO release, disrupting ATP synthesis and inhibiting tumor energy supply. Additionally, the gas released enhances nanoplatform motility, improving tumor penetration and overcoming the limited permeability of conventional nanoparticles. In vitro and in vivo studies demonstrated superior antitumor and antimetastatic efficacy, coupled with excellent biocompatibility. This strategy offers a promising solution to traditional starvation therapy's challenges, with strong potential for clinical translation and transformative cancer treatment. © 2025 Elsevier B.V., All rights reserved.","Carbon Monoxide; Electron Transport Chain; Mitochondria; Starvation Therapy; Theranostics; Diseases; Free Radical Reactions; Glucose; Glucose Sensors; Magnetic Resonance Imaging; Manganese Oxide; Oncology; Tumors; Achilles' Heel; Atp Generation; Electron Transport Chain; Energy; Energy Supplies; Mitochondrias; Multi-functional; Starvation Therapy; Theranostics; Tumor Microenvironments; Biocompatibility; Glucose Oxidase"
"Insights into mixotrophic metabolisms of anammox core consortia for rapid biofilm formation under low-oxygen conditions","2025","Chemical Engineering Journal","10.1016/j.cej.2025.166842","https://www.scopus.com/inward/record.uri?eid=2-s2.0-105012500039&doi=10.1016%2Fj.cej.2025.166842&partnerID=40&md5=362e24baa2b47844c2d14507aec62cc1","Anammox biofilm consortia have been documented as one effective method for biological wastewater treatment. However, the extended duration necessary for biofilm colonization poses a critical limitation to the development of stable anammox processes. This study introduced glucose supplementation at a carbon-to‑nitrogen (C/N) ratio of 0.3 in a suspended anammox system, significantly accelerating the biofilm formation. During the 120-day operational period, the intervention group exhibited a 2.65-fold biomass increment and 43.99 % enhancement in relative abundance of Ca. Kuenenia compared to controls. Multi-omics analysis revealed a cascade metabolic response wherein glucose phosphorylation via glucokinase (glk)- mediated carbon metabolism stimulated amino acid biosynthesis in anammox core consortia while maintaining functional independence from the dominant Ca. Kuenenia stuttgartiensis populations. Crucially, the resultant hydrophobic amino acids demonstrated a dual role in biofilm core and structural stabilization. This study mechanistically deciphers the effects of carbon supplementation on anammox biofilm colonization and succession, providing new insights for energy-neutral wastewater treatment aligned with carbon neutrality objectives. © 2025 Elsevier B.V., All rights reserved.","Anammox; Biofilm Colonization; Core Microbiome; Exogenous Organics; Mixotrophic Metabolisms; Amino Acids; Biochemistry; Biological Water Treatment; Biotic; Carbon; Glucose; Metabolism; Oxygen; Physiology; Wastewater Treatment; Anammox; Biofilm Colonization; Biofilm Formation; Colonisation; Core Microbiome; Exogenous Organic; Microbiome; Mixotrophic; Mixotrophic Metabolism; Organics; Biofilms"
"Highly efficient synthesis of GO-g-wPS hybrids for improvement of mechanical properties of SIBS-based composites by tunable micromorphology","2025","Chemical Engineering Journal","10.1016/j.cej.2025.166771","https://www.scopus.com/inward/record.uri?eid=2-s2.0-105012482980&doi=10.1016%2Fj.cej.2025.166771&partnerID=40&md5=036cfb6239aa28063c270a1f73566902","Poly(styrene-b-isobutylene-b-styrene) triblock copolymer (SIBS) is an entirely saturated thermoplastic elastomer with an inherent microphase separation due to the thermodynamic incompatibility of hard polystyrene (PS) and soft polyisobutylene (PIB) segments. The mechanical properties are normally improved by increasing the composition of PS and molecular weight of SIBS. The high performance SIBS-based composites with a small amount (≤0.7 %) graphene oxide-graft-polystyrene (GO-g-wPS) hybrids have been prepared by construction the unique bicontinuous micromorphology and physically cross-linked 3D network. The GO-g-wPS hybrids carrying w-shaped PS chains chemically bonded on GO surfaces could be synthesized by the reaction at water/oil interface and the grafting density (G<inf>D</inf>) was effectively mediated in the range of 0.06–0.11 mmol g−1 by varying molecular weight (M<inf>n,PS</inf>) of PS precursor, reaction temperature and time. The M<inf>n,PS</inf> and G<inf>D</inf> do affect the microphase separation and homogeneous dispersion of GO sheets in the SIBS/GO-g-wPS composites. It is found that the formation of the unique bicontinuous microphase separation morphology can be mainly induced by GO-g-wPS in the composites by keeping SIBS at the same, leading to the great enhancement in mechanical properties even at a very low content of GO-g-wPS. The optimized composite of SIBS with 0.5 % of GO-g<inf>0.11</inf>-wPS<inf>7.6k</inf> behaves much higher modulus of 446 MPa, tensile strength of 24 MPa and toughness of 57 MJ m−3 than those (15.7 MPa, 14.0 MPa and 21.9 MJ m−3) of SIBS, respectively. This mechanical tunability offers a useful strategy for developing high-performance nanocomposites with potential applications in biomedical, robotics and energy fields. © 2025 Elsevier B.V., All rights reserved.","Composites; Microphase Separation; Strength; Surface Morphology; Toughness; Elastomers; Grafting (chemical); Graphene; Molecular Weight; Morphology; Phase Interfaces; Reinforced Plastics; Surface Morphology; Bicontinuous; Efficient Synthesis; Grafting Densities; Mechanical; Micro-phase; Micromorphologies; Performance; Property; Strength; Triblock-copolymers; Microphase Separation; Tensile Strength; Toughness"
"Ultrafast joule heating synthesis of structurally tunable cross-linked Ni/N‑carbon fiber for enhanced CO2 electroreduction","2025","Chemical Engineering Journal","10.1016/j.cej.2025.166857","https://www.scopus.com/inward/record.uri?eid=2-s2.0-105012482319&doi=10.1016%2Fj.cej.2025.166857&partnerID=40&md5=e359531625d452945c625d649048ceb1","Electrospun nanofiber membranes serve as excellent platforms for the construction of single-atom catalysts (SACs) and self-standing electrodes, yet their practical application is limited by inter-fiber contact resistance and metal aggregation during the carbonization process. Herein, we present a rational design of three-dimensional cross-linked carbon nanofibers incorporating Ni SACs through coal tar-assisted electrospinning coupled with ultrafast joule heating. This approach effectively creates interconnected conductive networks while preserving atomic Ni dispersion and eliminating catalytically detrimental substrate defects. The optimized catalyst demonstrates exceptional CO<inf>2</inf>-to-CO conversion performance, maintaining 96 % Faradaic efficiency at industrially relevant current densities of 370 mA cm−2 with outstanding operational stability. This work offers a generalizable and scalable paradigm for manufacturing high-performance SACs electrodes for sustainable energy applications. © 2025 Elsevier B.V., All rights reserved.","Carbon Nanofibers; Co2 Electrochemical Reduction; Coal Tar-assisted Electrospinning; Joule Heating; Single Atom Catalyst; Atoms; Carbon Dioxide; Carbon Fibers; Carbonization; Catalysts; Coal Tar; Crosslinking; Electrodes; Electrolytic Reduction; Electrospinning; Nickel; Nickel Compounds; Carbon Nanofibres; Co2 Electrochemical Reduction; Coal Tar-assisted Electrospinning; Electrochemical Reductions; Joules Heating; Performance; Single Atom Catalyst; Single-atoms; Ultra-fast; ]+ Catalyst; Carbon Nanofibers; Joule Heating"
"Self-driven coupling field in Fe3O4@NiFe-LDH/MnCO3 heterojunction for electrocatalytic water oxidation at high current densities","2025","Chemical Engineering Journal","10.1016/j.cej.2025.166883","https://www.scopus.com/inward/record.uri?eid=2-s2.0-105012475359&doi=10.1016%2Fj.cej.2025.166883&partnerID=40&md5=a68bfb1ef8131b6eef64aedb465dcd33","Green hydrogen production is hindered by the sluggish kinetics of the oxygen evolution reaction (OER), which involves a complex four-electron transfer and a singlet-to-triplet transition. Herein, we report a hierarchical Fe<inf>3</inf>O<inf>4</inf>@NiFe-LDH/MnCO<inf>3</inf> electrocatalyst with dual heterojunctions to synergistically couple exchange bias fields (EBF) and built-in electric fields (BIEF). The ferromagnetic Fe₃O₄ core and antiferromagnetic NiFe-LDH shell collaboratively establish an EBF-driven spin-polarization channel, enabling spin-selective electron transfer that minimizes spin scattering while facilitating triplet oxygen evolution. Concurrently, the n-n type (Fe<inf>3</inf>O<inf>4</inf>@NiFe-LDH) heterojunction combined with the p-n (NiFe-LDH/MnCO<inf>3</inf>) heterojunction generates enhanced BIEF, collectively optimizing electronic configurations and accelerating interfacial charge transfer kinetics. Benefiting from the dual-field synergy, Fe<inf>3</inf>O<inf>4</inf>@NiFe-LDH/MnCO<inf>3</inf> exhibits excellent OER performance with a low overpotential of 230 mV at 50 mA cm−2, accompanied by a Tafel slope of 73.1 mV dec−1. Moreover, the catalyst demonstrates remarkable stability for 120 h at approximately 1000 mA cm−2, confirming its practical applicability. Density functional theory (DFT) calculations validate that the coupled EBF-BIEF interaction lowers the d-band center of active sites while reducing the kinetic barrier for the rate-determining *OOH formation. This study pioneers the integration of spin polarization engineering with heterojunction electric field modulation, offering a universal strategy for designing high-efficiency electrocatalysts. © 2025 Elsevier B.V., All rights reserved.","Built-in Electric Field; Exchange Bias Field; Heterojunction; Interface Engineering; Oxygen Evolution Reaction; Antiferromagnetism; Current Density; Density Functional Theory; Design For Testability; Electric Fields; Electrocatalysts; Electron Transitions; Hydrogen Evolution Reaction; Hydrogen Production; Iron Oxides; Kinetics; Manganese Alloys; Manganese Compounds; Nickel Compounds; Oxygen; Reaction Kinetics; Spin Polarization; Built-in Electric Fields; Coupling Fields; Electrocatalytic; Evolution Reactions; Exchange-bias Fields; Interface Engineering; Oxygen Evolution; Self-driven; Spin-polarization; Water Oxidation; Heterojunctions"
"Dispersion and mixing characteristics of slurry particles injected into a high-temperature gas-solid fluidized bed","2025","Chemical Engineering Journal","10.1016/j.cej.2025.166831","https://www.scopus.com/inward/record.uri?eid=2-s2.0-105012475063&doi=10.1016%2Fj.cej.2025.166831&partnerID=40&md5=e7f0b12cb900ced66f982f499e9ba1d1","The dispersion and mixing of slurry particles were critical for the operation of fluidized bed, yet the underlying mechanisms remained elusive. This work investigated the dispersion and mixing characteristics of slurry particles in a quasi-2D high-temperature gas-solid fluidized bed using high-speed photography. A universal “three stages of slurry particle dispersion” was identified: agglomeration motion, disintegration, and bed diffusion, with the slurry particles initially traversing the bed, reaching the opposite sidewall, and moving with main fluidized particles, eventually achieving complete mixing. The first two stages played a crucial role in determining the dispersion rate. High injection velocity/gas velocity, central injection promoted mixing by shortening these critical stages by up to 48 %, 54 %, and 55 %, respectively. Furthermore, compared to gas-solid injection, slurry injection required a longer time for slurry particles to achieve complete mixing but improved radial dispersion. Above findings might provide guidance for the optimal operation of fluidized beds. © 2025 Elsevier B.V., All rights reserved.","Dispersion And Mixing Characteristics; High-temperature Gas-solid Fluidized Bed; Optimization Of Injection Conditions; Slurry Particle; Diffusion In Liquids; Dispersions; Fluidization; High Speed Cameras; High Speed Photography; High Temperature Applications; Mixing; Dispersion Characteristics; Gas-solids Fluidized Beds; High Temperature Gas; High-temperature Gas-solid Fluidized Bed; Injection Conditions; Mixing Characteristics; Optimisations; Optimization Of Injection Condition; Quasi-2d; Slurry Particles; Fluidized Beds"
"PProDOS and S-doped BiOCl-modified ZnO construct flexible UV photodetectors with good stability","2025","Chemical Engineering Journal","10.1016/j.cej.2025.166797","https://www.scopus.com/inward/record.uri?eid=2-s2.0-105012473044&doi=10.1016%2Fj.cej.2025.166797&partnerID=40&md5=2f3c2d53fe59642731a7a85368713874","In this article, a p-n heterojunction used PProDOS and ZnO nanoflowers (NFs) and perform surface modification of the ZnO NFs with S-doped BiOCl for flexible self-powered ultraviolet (UV) photodetectors. The integration of PProDOS and ZnO NFs creates an electrical field within the device, facilitating efficient dissociation of photogenerated electron-hole pairs. This, in turn, enhances the device's response speed and reduces its response time. The PProDOS structure, characterized by extended flexible chains, further contributes to superior mechanical flexibility and operational stability under bending conditions. Under standard illumination, the UV PD exhibits a high level of responsivity of 2.27 × 10−3 A/W, a detectivity of 3.29 × 1010 Jones, and rise/fall times of 0.031/0.078 s. Remarkably, It is noteworthy that even under mechanical bending, the device maintains its responsivity at 1.78 × 10−3 A/W, its detectivity at 2.72 × 1010 Jones, and its rise/fall times at 0.093/0.078 s. Additionally, the device demonstrates exceptional durability, retaining its UV detection performance after 2000 bending cycles, highlighting its potential for flexible optoelectronic applications. © 2025 Elsevier B.V., All rights reserved.","Bending Stability; Flexible Uv Pd; Pprodos; Zno Nfs; Binary Alloys; Chlorine Compounds; Dissociation; Durability; Heterojunctions; Phosphorus Compounds; Photodetectors; Surface Treatment; Tungsten Compounds; Zinc Oxide; Bending Stability; Detectivity; Fall Time; Flexible Ultraviolet Pd; Pprodos; Responsivity; S-doped; Ultra-violet Photodetectors; Zno; Zno Nanoflower; Ii-vi Semiconductors"
"Regulating the anchoring structure to enhance thermostability of Ru sub-nano clusters on Al-based supports for efficient C[sbnd]O bonds hydrogenolysis","2025","Chemical Engineering Journal","10.1016/j.cej.2025.166661","https://www.scopus.com/inward/record.uri?eid=2-s2.0-105012463601&doi=10.1016%2Fj.cej.2025.166661&partnerID=40&md5=625106b49969188fd2d6456c5ff28812","Heterogeneous catalysts with highly dispersed active metal species have found wide applications in the catalytic conversion of lignocellulosic biomass, owing to the inherent advantages in metal atom efficiency. However, it is still confronted with the challenge of developing efficient strategies to achieve enhanced thermostability of the highly dispersed metal under harsh conditions. In this work, Ru species are supported by two different aluminum-based materials (i.e., γ-AlOOH and γ-Al<inf>2</inf>O<inf>3</inf>) that provide distinct anchoring sites for Ru. Complementary characterizations combined with theoretical calculations demonstrate that, compared with the triply bridging Al[sbnd]O site of γ-Al<inf>2</inf>O<inf>3</inf>, the doubly bridging Al[sbnd]O site of AlOOH exhibits more intense electronic interaction with Ru species. Consequently, this doubly bridging Al[sbnd]O site as the anchoring site provides sufficient thermal resistance to immobilize the sub-nanometer Ru species under the high-temperature aging condition. The maintained high dispersion of Ru on AlOOH sustains the high activity (5.2 min−1) and selectivity (75 %) in the production of aromatics during the hydrotreating of diphenyl ether. This work may contribute to the catalyst design for manipulating the surface-anchoring structure to regulate thermostability and dispersion of supported metal catalysts. © 2025 Elsevier B.V., All rights reserved.","Anchoring Structure; Hydrogenolysis Of C[sbnd]o Bond; Hydroxyls; Ruthenium Catalysts; Sub-nano Clusters; Thermostability; Aluminum; Aluminum Oxide; Catalysis; Catalyst Supports; Dispersions; Hydrogen Bonds; Reaction Kinetics; Alooh; Anchoring Structure; Anchorings; Heterogeneous Catalyst; Hydrogenolyse Of C[sbnd]o Bond; Hydroxyl; Nano Clusters; Ru Species; Ruthenium Catalysts; Sub-nano Cluster; Stability"
"Assessing virgin and reclaimed carbon fibre electrodes in structural batteries","2025","Chemical Engineering Journal","10.1016/j.cej.2025.166504","https://www.scopus.com/inward/record.uri?eid=2-s2.0-105012460969&doi=10.1016%2Fj.cej.2025.166504&partnerID=40&md5=8ab5d4c9438519cefdd6048e86386db4","The integration of structural components with energy storage functionality is a promising pathway to attaining weight reduction in aircraft and electric vehicles. In this work, we present a structural lithium-ion full cell that utilizes a discontinuous recycled carbon fibre textile as a cathode, paired with a virgin twill-weave carbon fibre anode and embedded within an epoxy-based solid battery electrolyte (SBE) containing an LiTFSI:TEGDME solvate ionic liquid (SIL). Two carbon fibre architectures were evaluated in half-cell conditions for both the cathode and anode - a 60 GSM recycled non-woven and a 325 GSM twill-weave carbon fibre. Despite the lower mass-loading, the reclaimed non-woven carbon fibre outperformed the woven counterpart due to possessing superior ion accessibility, resin infiltration and active mass distribution. The evaluation of a hybrid full cell using a reclaimed carbon fibre cathode and twill-weave anode demonstrated stable cycling at C/20 with a specific capacity of 25 mAh g−1, fabricated entirely under ambient conditions without the need for a glovebox or dry room. This scalable prepreg-inspired approach demonstrates the feasibility of multifunctional composite design under real-world conditions, whilst also valorising reclaimed carbon fibres. © 2025 Elsevier B.V., All rights reserved.","Carbon Fibre; Composite; Recycling; Structural Energy; Anodes; Cathodes; Fighter Aircraft; Ionic Liquids; Lithium Compounds; Lithium-ion Batteries; Solid-state Batteries; Weaving; Carbon Fiber Electrodes; Condition; Energy; Lithium-ion Full Cells; Non-woven; Recycled Carbon Fibres; Structural Batteries; Structural Component; Structural Energies; Weight Reduction; Carbon Fibers; Composite Materials; Recycling"
"Artificial intelligence integrated three-dimensional hybrid SERS sensor towards trace level molecular detection","2025","Chemical Engineering Journal","10.1016/j.cej.2025.166636","https://www.scopus.com/inward/record.uri?eid=2-s2.0-105012460818&doi=10.1016%2Fj.cej.2025.166636&partnerID=40&md5=585b3d415e7d8fea25f3c5b64e40a295","The development of three-dimensional (3D) nanoengineered surface-enhanced Raman scattering (SERS) substrates has emerged as a powerful strategy for achieving ultrasensitive and highly selective molecular detection. In this study, chemical oxidative polymerization process was adopted to synthesize polypyrrole (PPy) nanospheres, followed by the in-situ decoration of gold nanoparticles (AuNPs) and subsequently integrated the 3D PPy@Au SERS material into the flexible polyvinylidene fluoride (PVDF) membrane through vacuum filtration technique. This approach facilitated the formation of a high-density plasmonic network, enhancing localized surface plasmon resonance (LSPR) and enabling the generation of multimodal hotspots for optimized SERS performance. By integrating PPy as a functional material with AuNPs, this hybrid platform leverages synergistic electromagnetic and chemical enhancement mechanisms, optimizing both detection sensitivity and molecular specificity. The substrate achieves an enhancement factor (EF) of ∼109, allowing highly reproducible and trace-level molecular detection. This system demonstrates an ultralow limit of detection (LOD) of 10−11 M for thiram, validated through real-world testing on fruit surfaces. To further enhance detection precision and automate spectral classification, an artificial neural network (ANN) model was developed for SERS spectral analysis. The trained ANN model exhibited 100 % classification accuracy, effectively distinguishing spectral features of thiram residues from organic pollutants such as methylene blue (MB), acid orange (AO), indigo carmine (IC) and rhodamine B (RB) reinforcing its robust predictive capability for real-world sensing. This work presents a scalable 3D SERS sensing platform that combines plasmonic nanoengineering with artificial intelligence (AI) driven analysis for real-time and non-destructive molecular detection. The AI-integrated approach enhances adaptability, positioning it as a next-generation tool for food security, environmental monitoring and biomedical applications. © 2025 Elsevier B.V., All rights reserved.","Artificial Intelligence; Flexible Substrate; Food Security; Machine Learning; Three-dimensional; Chemical Detection; Citrus Fruits; Fiber Optic Sensors; Functional Materials; Gold Compounds; Gold Nanoparticles; Network Security; Neural Networks; Plasmonics; Raman Spectroscopy; Substrates; Surface Plasmon Resonance; Surface Scattering; Trace Analysis; Artificial Neural Network Modeling; Enhanced Raman Scattering; Flexible Substrate; Food Security; Hybrid Surface; Machine-learning; Molecular Detection; Surface Enhanced Raman; Trace Level; Learning Systems; Medical Applications"
"Bioleaching of valuable metals from spent lithium iron phosphate batteries using food-grade Lactobacillus acidophilus","2025","Chemical Engineering Journal","10.1016/j.cej.2025.166799","https://www.scopus.com/inward/record.uri?eid=2-s2.0-105012457854&doi=10.1016%2Fj.cej.2025.166799&partnerID=40&md5=40668341635c986ea1e5be47b64d4731","This study pioneers the application of Lactobacillus acidophilus (a mild acidophilic and biosafety level one bacterium) in bioleaching valuable metal from spent lithium iron phosphate batteries, expanding the microbes used in bioleaching beyond conventional strongly acidophilic bacteria. Different characterization methods as well as thermodynamic/transcriptomic analysis combined with the corresponding chemical lactic acid leaching experiment were applied to investigate the underlying bioleaching mechanisms. Results showed that a two-step bioleaching approach can leach 85.1 % Li and 59.9 % Fe at a pulp density of 2.5 g/L. The bioleaching percentage of Li decreased with increasing pulp densities (60.8 % at a pulp density of 5.0 g/L). The addition of extracellular polymeric substances increased the bioleaching rate, and enhanced selectivity of Li alongside the formation of secondary Fe-bearing phases. The biogenic lactic acid was the driving force for bioleaching. These findings provide insights into the use of mild lactic acid producing bacteria for bioleaching valuable metals from spent lithium-containing batteries. This work has broader impacts on bioleaching for recycling additional valuable metals from other e-wastes. © 2025 Elsevier B.V., All rights reserved.","Bioleaching; Lactobacillus Acidophilus; Mechanism; Recovery; Spent Lithium Iron Phosphate Batteries; Electronic Waste; Iron Compounds; Lactic Acid; Lithium Batteries; Lithium Compounds; Metal Recovery; Pulp; Acid Leaching; Acidophilic Bacteria; Characterization Methods; Food Grade; Lactobacillus Acidophilus; Lithium Iron Phosphates; Pulp Density; Spend Lithium Iron Phosphate Battery; Transcriptomics; Valuable Metals; Bioleaching"
"Debonding in bicomponent chemical fibers","2025","Chemical Engineering Journal","10.1016/j.cej.2025.165983","https://www.scopus.com/inward/record.uri?eid=2-s2.0-105012455190&doi=10.1016%2Fj.cej.2025.165983&partnerID=40&md5=6b03f2de9af2b92e80ec8824e497d1ed","Here, solidification and bonding of different polymers in bicomponent fibers formed by meltblowing is explored theoretically and experimentally. The two-dimensional thermoelasticity problem for typical bicomponent fiber cross-sections is posed and solved to predict the stress fields developing due to the thermal stresses emerging during fiber solidification in flight. The interfacial stresses (which can become under certain conditions disjoining and thus, potentially detrimental) between two polymers are predicted and compared to the experimentally-established critical debonding stresses, characteristic of polymer pairs of interest. The analytical benchmark problems of thermoelastic theory are based on the solutions for the thermoelastic potential and the Airy stress function. The more general and involved cases are solved numerically, while the numerical accuracy is facilitated by comparisons with the analytical benchmark cases. The critical disjoining (debonding) stresses established experimentally in the accompanying work are used to draw conclusions regarding the conditions leading to debonding and failure of bicomponent fibers. © 2025 Elsevier B.V., All rights reserved.","Bicomponent Fibers; Debonding; Interfacial Adhesion; Thermoelastic Stresses; Benchmarking; Chemical Bonds; Elasticity; Fibers; Solidification; Thermoelasticity; Thermoplastics; Bi-component Fibers; Bicomponents; Chemical Fibers; Condition; Fiber Cross Section; Interfacial Adhesions; Melt Blowing; Stress Field; Thermoelastic Stress; Two-dimensional; Debonding"
"Optimizing proton transfer of polybenzimidazole membrane through Grotthuss mechanism by an acid swelling strategy","2025","Chemical Engineering Journal","10.1016/j.cej.2025.166773","https://www.scopus.com/inward/record.uri?eid=2-s2.0-105012450276&doi=10.1016%2Fj.cej.2025.166773&partnerID=40&md5=fdb644ef26fa33add0590429044d2878","The dense structure of PBI contributes to its structural stability and ion selectivity, making it suitable for vanadium redox flow battery (VRFB) membranes. However, the dense structure also limits its proton transfer. This study proposes an acid swelling strategy through dense strong acid treatment to activate PBI to induce structure relaxation and enhance its proton conductivity efficiently. Through a combination of theoretical analysis and experimental characterization, it is demonstrated that the proton transfer in the acid swelled PBI membrane is enhanced by its facilitated Grotthuss mechanism through structure optimization. Additionally, the effect of treated acid properties on the activation process is unraveled. As an example of the acid swelling PBI strategy, HCOOH-PBI demonstrates significant performance improvements compared to normal PBI, its proton conductivity increases by over 2590 % from 1.93 to 50.00 mS cm−1. The assembled VRFB achieves a great energy efficiency of 76.4 % under 200 mA cm−2, comparable to that of the commercial Nafion 212. This study deeply analyzed the impact of the acid properties on the structure and performance of PBI membrane. And the simple and effective acid swelling strategy offers a promising modification approach for related fields. © 2025 Elsevier B.V., All rights reserved.","Acid Swelling; Activation; Pbi; Vanadium Redox Flow Battery; Energy Efficiency; Membranes; Proton Conductivity; Proton Transfer; Stability; Structural Optimization; Swelling; Vanadium; Acid Properties; Acid Swelling; Dense Structures; Grotthuss Mechanism; Ion Selectivity; Pbi; Polybenzimidazole; Strongest Acid; Structural Stabilities; Vanadium Redox Flow Batteries; Chemical Activation"
"Excellent dielectric energy storage properties of Pb-based antiferroelectric ceramics via phase structure regulation and grain engineering","2025","Chemical Engineering Journal","10.1016/j.cej.2025.166739","https://www.scopus.com/inward/record.uri?eid=2-s2.0-105012445810&doi=10.1016%2Fj.cej.2025.166739&partnerID=40&md5=732af8556ee3fae03580ddf9d004a905","Lead-based antiferroelectric ceramics have demonstrated significant potential for advanced energy storage systems due to their unique field-induced phase transition characteristics. However, the inherent limitations of hysteretic losses caused by long-range polar antiferroelectric ordering in and insufficient breakdown electric strength (E<inf>b</inf>) resulting from coarse-grained microstructures severely restrict their energy storage performance. This work proposes a defect-grain synergy engineering strategy by designing (Pb<inf>0.97−x</inf>Sm<inf>0.02</inf>Sr<inf>x</inf>)(Zr<inf>0.5</inf>Sn<inf>0.5</inf>)O<inf>3</inf> ceramics. Through the synergistic effects of Sr2+ doping and grain boundary engineering, simultaneous optimization of phase transition fields and enhancement of E<inf>b</inf> are achieved. It demonstrates that Sr2+ doping enhances the stability of the antiferroelectric phase, effectively delaying the phase transition field while improving E<inf>b</inf>, thereby synergistically optimizing both energy storage density (W<inf>rec</inf>) and energy storage efficiency (η). The optimized composition (Pb<inf>0.96</inf>Sm<inf>0.02</inf>Sr<inf>0.01</inf>)(Zr<inf>0.5</inf>Sn<inf>0.5</inf>)O<inf>3</inf> exhibits exceptional performance: under an electric field of 390 kV/cm, it achieves a high energy storage density of 8.92 J/cm3. Meanwhile, it has a remarkable power density of 214.39 MW/cm3, a high current density of 1240.14 A/cm2, and an ultrafast discharge response time of 65.7 ns under 340 kV/cm. This strategy provides a new solution for designing high-performance pulse capacitors, highlighting its potential in developing next-generation energy storage applications. © 2025 Elsevier B.V., All rights reserved.","Antiferroelectric; Breakdown Strength; Defect Engineering; Energy Storage; Antiferroelectric Materials; Capacitor Storage; Defect Engineering; Electric Breakdown; Electric Losses; Grain Boundaries; Lead Compounds; Strontium Compounds; Anti Ferroelectrics; Breakdown Strengths; Energy; Energy Storage Properties; Field-induced Phase Transition; Inherent Limitations; Performance; Storage Systems; Transition Fields; Antiferroelectricity"
"Multi-center corrosion inhibition strategy for enhanced interfacial stability and longevity of aluminum-air batteries","2025","Chemical Engineering Journal","10.1016/j.cej.2025.166814","https://www.scopus.com/inward/record.uri?eid=2-s2.0-105012415157&doi=10.1016%2Fj.cej.2025.166814&partnerID=40&md5=df29247e8ac8a455612ec6ff28eb1aa7","Aluminum-Air batteries (AABs) suffer from anode self-corrosion and parasitic hydrogen generation. These issues markedly degrade their electrochemical performance. We introduce a novel multi-center adsorption corrosion inhibitor, 2-mercapto-3-pyridinecarboxylic acid (MPA), to mitigate these issues. Theoretical calculations reveal that MPA exhibits an adsorption energy of 1.54 eV on the Al surface, 2.5 times higher than that of H<inf>2</inf>O. This high adsorption originates from the multi-center adsorption of its sulfhydryl (-SH), carboxyl (-COOH), and pyridine groups. Experimental results demonstrate that adding 10 mM MPA to 4 M NaOH electrolyte reduces the corrosion current density by 46.1 % (from 25.37 to 13.68 mA cm−2) and suppresses the hydrogen evolution rate by 41.7 %. In-situ Fourier Transform infrared spectroscopy (FTIR), and Time-of-Flight secondary ion mass spectrometry (TOF-SIMS) analyses confirm that MPA forms a dense protective layer on the Al surface via Al-S/O/N chemical bonds. This molecular barrier stabilizes the Al anode interface and its kinetic behavior. Compared to traditional corrosion inhibitors, this interface optimization effect of MBA is more significant. As a result, the discharge cycling lifespan of AABs was extended by 1.5 times and the specific capacity was increased by 65.7 % (1379.3 mAh g−1). Molecular dynamics(MD) simulations further elucidate MPA's rapid adsorption kinetics and its ability to inhibit water penetration at the Al interface. Our findings suggest a robust multi-center adsorption strategy that enables the practical development of long-lasting, high-performance Aluminum-Air batteries to develop their commercial application. © 2025 Elsevier B.V., All rights reserved.","Aluminum-air Batteries; Corrosion Inhibition; Molecular Dynamics Simulation; Multi-center Adsorption; Adsorption; Aluminum; Aluminum Compounds; Anodes; Chemical Bonds; Corrosion Protection; Electric Discharges; Flow Control; Phase Interfaces; 3-pyridinecarboxylic Acid; Aluminum-air Battery; Corrosion Inhibition; Dynamics Simulation; Electrochemical Performance; Hydrogen Generations; Interfacial Stabilities; Molecular Dynamic Simulation; Multi-center Adsorption; Parasitics; Aluminum Corrosion; Corrosion Inhibitors; Fourier Transform Infrared Spectroscopy; Molecular Dynamics"
"Enhancing the thermal conductivity of carbon fiber composites by unzipping MWCNTs into GNRs through flash Joule heating","2025","Chemical Engineering Journal","10.1016/j.cej.2025.166764","https://www.scopus.com/inward/record.uri?eid=2-s2.0-105012406714&doi=10.1016%2Fj.cej.2025.166764&partnerID=40&md5=94c753b10af19249f147449c6333e2a1","With the advancement of high power and integrated device technologies, the issue of heat accumulation has resulted in great challenges to the packaging materials. The unsatisfied thermal conductivity is significantly limiting the application prospects of carbon fiber-reinforced polymer composites. Multi-walled carbon nanotubes have been adopted as a promising thermally conductive additive as well as a supportive framework. Whereas, the multilayer structure is found to be detrimental to the effective propagation of phonons, and unzipping them into graphene nanoribbons can significantly improve the composite's thermal performance. However, the current methods for fabricating GNRs are either inefficient or environmentally unfriendly. In this paper, we propose a flash Joule heating method to unzip MWCNTs into GNRs, with characteristics of fast, convenient, economical, and environmentally friendly. Various experimental characterizations have been used to verify the production of GNRs, including Raman spectroscopy, scanning electron microscopy, and X-ray photoelectron spectroscopy. TGA results have indicated enhanced oxidation resistance and thermal stability for the modified CNTs. Finally, the optimized CFRP composites have been prepared, behaving significant improvements in both mechanical and thermal properties. © 2025 Elsevier B.V., All rights reserved.","Flash Joule Heating; Graphene Nanoribbons; Mechanical Properties; Multi-walled Carbon Nanotubes; Thermal Conductivity; Carbon Fiber Reinforced Plastics; Carbon Fibers; Electronics Packaging; Graphene Nanoribbon; Packaging Materials; Scanning Electron Microscopy; X Ray Photoelectron Spectroscopy; Yarn; Carbon Fibre Composites; Flash Joule Heating; Graphene Nanoribbons; High-power Devices; Joules Heating; Mechanical; Multi-walled-carbon-nanotubes; Mwcnt's; Property; Thermal; Joule Heating; Thermal Conductivity"
"Engineering multifunctional carbon armor coated hierarchical porous Ni3N electrode for high-efficient alkaline seawater electrolysis to produce hydrogen","2025","Chemical Engineering Journal","10.1016/j.cej.2025.166494","https://www.scopus.com/inward/record.uri?eid=2-s2.0-105012403115&doi=10.1016%2Fj.cej.2025.166494&partnerID=40&md5=e91193bf8487aef7ef3b8cf5a5124ccf","The seawater possesses immense potential for generating carbon-neutral green hydrogen. However, the current seawater electrolysis technology is seriously hindered by the poor stability of hydrogen evolution reaction (HER) at cathode due to undesirable insoluble precipitates and severe corrosion in practical application. Herein, the novel hierarchical porous Ni<inf>3</inf>N coated with carbon (Ni<inf>3</inf>N@C) on 3D coarsened nickel foam (NF/Ni) was prepared via a two-step electrodeposition and annealing process. The resultant NF/Ni/Ni<inf>3</inf>N@C hybrid electrocatalyst possesses superior seawater electrolysis activity, attaining an impressively low overpotential of 84 mV at 100 mA cm−2. Moreover, benefiting from physical isolation effect of the surface carbon shell, it has excellent long-term corrosion resistance and stability at 300 mA cm−2 in seawater for 192 h. Density functional theory (DFT) calculations elucidated that the carbon layer can reconfigure Ni<inf>3</inf>N electronic structure, effectively accelerate the water dissociation and optimize H⁎ adsorption in alkaline electrolytes as well as lower energy barriers for reaction steps. The rational optimization strategy utilizing protective carbon coating presents a prospective route to fabricate non-noble metal catalyst for sustainable molecular hydrogen production under harsh seawater environment. © 2025 Elsevier B.V., All rights reserved.","Alkaline Seawater Splitting; Carbon Coating; Hydrogen Evolution Reaction; Nickel Nitride; Binary Alloys; Carbon; Carbon Electrodes; Dissociation; Electrocatalysts; Electrodes; Electrolysis; Hydrogen Evolution Reaction; Hydrogen Production; Nickel Coatings; Nickel Compounds; Nitrogen Compounds; Seawater Corrosion; Alkaline Seawater Splitting; Alkalines; Carbon Coating; Hierarchical Porous; High Efficient; Hydrogen Evolution Reactions; Multifunctionals; Porous Ni; Seawater Electrolysis; Splittings; Density Functional Theory"
"Mg and Ni nanoparticles embedded in carbon scaffold for Mg-Ni@C nanocomposites with high loading and low dehydrogenation enthalpy","2025","Chemical Engineering Journal","10.1016/j.cej.2025.166718","https://www.scopus.com/inward/record.uri?eid=2-s2.0-105012400943&doi=10.1016%2Fj.cej.2025.166718&partnerID=40&md5=9083c9a75e3d927f5d5a0b383250d8aa","The controllable preparation of ultra-small Mg nanoparticles (NP) and nanocatalysts is an effective way to improve the hydrogen storage performance of Mg-based materials. However, particles of small diameter tend to agglomeration and growth due to their high surface activity, which making it a great challenge to obtain anti-agglomeration, high loading Mg-based materials. This work prepared MgBu<inf>2</inf>@NiZn-ZIF precursor by in-situ encapsulating MgBu<inf>2</inf> precipitated by solvent displacement in NiZn-ZIF, and then obtained Mg-Ni@C-10-800 nanocomposites with 4.7 nm Mg NPs and 5.3 nm Ni nanocatalysts embedded in carbon scaffolds by pyrolysis at 800 °C. It is notable that the loading rate attains an astonishing 73.7 %. Due to the synergistic effect of nanoconfinement and nanocatalysis, Mg-Ni@C-10-800 presents remarkable hydrogen storage performance. Surprisingly, the enthalpy of hydrogen ab−/desorption significantly reduces to −59.5/60.0 kJ mol−1 H<inf>2</inf>. Mg-Ni@C-10-800 is capable of absorbing 4.6 wt% H<inf>2</inf> at 200 °C and can release 4.0 wt% H<inf>2</inf> at 250 °C, and the Ea<inf>(abs)</inf>/Ea<inf>(des)</inf> is decreased to an astonishing 40.1/65.3 kJ mol−1 H<inf>2</inf>. First principles calculations show that Mg<inf>2</inf>NiH<inf>4</inf> elongates Mg[sbnd]H bonds and promotes the hydrogen release of MgH<inf>2</inf>. This study provides a new insight into the controlled preparation of Mg NPs and catalysts, and the acquisition of high-performance Mg-based hydrogen storage materials. © 2025 Elsevier B.V., All rights reserved.","Hydrogen Storage; Mg; Nanocatalysis; Nanoconfinement; Synergistic Effect; Agglomeration; Binary Alloys; Carbon; Dehydrogenation; Enthalpy; Hydrogen Bonds; Loading; Magnesium Compounds; Nanocomposites; Nanoparticles; Nickel; Nickel Compounds; High Loadings; High-low; Mg; Mg-based Materials; Nano-catalyst; Nanocatalysis; Nanoconfinements; Ni Nanoparticles; Storage Performance; Synergistic Effect; Hydrogen Storage; Magnesium; Nanocatalysts"
"Signal amplification via MOF-nanozyme microenvironment modulation in nanochannels for PFOA detection","2025","Chemical Engineering Journal","10.1016/j.cej.2025.166891","https://www.scopus.com/inward/record.uri?eid=2-s2.0-105012396453&doi=10.1016%2Fj.cej.2025.166891&partnerID=40&md5=259eed28fa2a535db492a90f6414d335","Per- and polyfluoroalkyl substances (PFAS) pose major environmental and health risks, yet their accurate detection in water remains challenging. This study presents an electrochemical sensing platform for perfluorooctanoic acid (PFOA) detection via modulation of nanozyme activity in TiO<inf>2</inf> nanochannels. A Ce-based metal-organic framework (CeMOF) with peroxidase-like activity is grown on TiO<inf>2</inf> nanochannels membranes (TiNM) to form the catalytic center. A polyelectrolyte Layer-By-Layer film of poly (diallyldimethylammonium) (PDDA) and poly (styrenesulfonate) (PSS) regulates the nanochannels surface, resulting a polyelectrolyte-functionalized CeMOF-modified TiO<inf>2</inf> nanochannels membrane (TiNM-CeMOF-P). Strong hydrophobic interactions between the fluorinated chains of PFOA and the pyrrolidinium rings in PDDA displacement the PSS layer, rendering the nanochannels hydrophobic and enhancing the adsorption of oxidized 3,3′,5,5′-tetramethylbenzidine (oxTMB), which subsequently inhibits the catalytic activity of CeMOF. Using current-voltage (I[sbnd]V) characteristics, the platform achieves a detection limit as low as 0.078 nM and a broad linear range from 0.25 nM to 1 mM. This sensing platform offers a novel approach for PFOA detection and provides the ability to differentiate between PFAS compounds with varying carbon chain lengths. The developed sensor is rapid, cost-effective, sensitive, and portable, offering a promising solution for on-site environmental monitoring and management of PFAS contamination. © 2025 Elsevier B.V., All rights reserved.","Electrochemical Sensing; Hydrophobic Microenvironment; Nanozymes; Perfluorooctanoic Acid (pfoa); Tio2 Nanochannels; Catalyst Activity; Chains; Chemical Detection; Cost Effectiveness; Electrochemical Sensors; Health Risks; Hydrophobicity; Organometallics; Electrochemical Sensing; Hydrophobic Microenvironment; Hydrophobics; Microenvironments; Nano Channels; Nanozyme; Perfluorooctanoic Acid; Tio 2; Tio2 Nanochannel; Titanium Dioxide"
"Harps with directed arrangement spines enables efficient fog harvesting","2025","Chemical Engineering Journal","10.1016/j.cej.2025.166738","https://www.scopus.com/inward/record.uri?eid=2-s2.0-105012389209&doi=10.1016%2Fj.cej.2025.166738&partnerID=40&md5=362a7146e20634ba45c19a038adbd5ab","Fog harvesting presents a potential solution to freshwater scarcity, with harp structures emerging as an efficient large-scale collection method, though their reliance on passive collection mechanisms remains a limiting factor. Inspired by the unique wettability and leaf morphology of xeric organisms, this study develops a novel fog collector for large-scale water harvesting. The bioinspired design synergistically integrates dual Laplace pressure gradients and low adhesion forces to optimize droplet nucleation, growth, and shedding. A single fiber achieves a 305 % enhancement in collection efficiency under low wind velocity (≤ 2 m/s). When scaled to a composite system, the collector exhibits an exceptional fog-harvesting rate of 17.5 kg·m−2·h−1. Rigorous laboratory tests (multi-directional airflow, variable wind velocity) and field trials demonstrate its superior universality. The proposed fabrication method is simple, cost-effective, and scalable, offering new insights for designing high-performance fog collectors in low-wind environments. © 2025 Elsevier B.V., All rights reserved.","Bioinspired Structure; Harp Structure; Helical Transport; Modular Design; Water-harvesting; Fog; Harvesting; Laplace Transforms; Wind; Bioinspired Structure; Collection Methods; Freshwater Scarcity; Harp Structure; Helical Transport; Large-scales; Low Winds; Modular Designs; Water Harvesting; Wind Velocities; Cost Effectiveness"
"Self-assembled g-C3N4/ZnO quantum dots Z-scheme heterojunction for effective photocatalytic methane oxidation to C1 oxygenates under mild conditions","2025","Chemical Engineering Journal","10.1016/j.cej.2025.166616","https://www.scopus.com/inward/record.uri?eid=2-s2.0-105012386547&doi=10.1016%2Fj.cej.2025.166616&partnerID=40&md5=5a92856cc43fbe05796c8581aa8b6781","Direct photocatalytic methane conversion into high-value liquid oxygenates has garnered significant research interest under mild conditions, yet a critical challenge is to obtain an excellent formaldehyde yield rate and selectivity only using H<inf>2</inf>O as the oxidant. Herein, a 2D g-C<inf>3</inf>N<inf>4</inf> nanosheet/ 0D ZnO quantum dots (ZCN) Z-scheme heterojunction was established by the self-assembly strategy to acquire an outstanding C1 liquid oxygenates (methanol and formaldehyde) with productivity of 908.13 μmol g<inf>cat</inf>−1 h−1 under ambient temperature and pressure without extra oxidant. Notably, the HCHO yield rate could be reached to 706.32 μmol g<inf>cat</inf>−1 h−1 with a selectivity of 69 %. The confinement effect of ZnO quantum dots (ZnO QDs) broadens the bandgap to some extent, making the catalyst possess a strong oxidation potential that could oxidize H<inf>2</inf>O to generate enough hydroxyl radical (·OH) for activating CH<inf>4</inf>. Meanwhile, the ZCN Z-scheme heterostructure improves the migration and transport efficiency of photoexcitons but also enhances the activation and adsorption of CH<inf>4.</inf> In situ experiments verify that the ZCN heterostructure accelerates the generation of methyl radical (·CH<inf>3</inf>) and ·OH. This work paves a new way toward rationally constructing photocatalysts for CH<inf>4</inf> conversion into desirable chemical products under ambient conditions. © 2025 Elsevier B.V., All rights reserved.","C1 Liquid Products; Ch4 Oxidation; Photocatalysis; Z-scheme Heterojunction; Zno Quantum Dots; Chemical Activation; Complexation; Formaldehyde; Heterojunctions; Liquefied Gases; Methane; Oxidants; Oxidation; Photocatalysts; Photocatalytic Activity; Quantum Chemistry; Self Assembly; Zinc Oxide; C1 Liquid Product; Ch 4; Ch4 Oxidation; Condition; Liquid Products; Methane Oxidation; Photo-catalytic; Yield Rates; Z-scheme Heterojunction; Zno Quantum Dots; Ii-vi Semiconductors; Nanocrystals"
"Inorganic-microorganism hybrid system driven by cross-interface electron transfer: mechanism analysis and research progress on waste resource utilization","2025","Chemical Engineering Journal","10.1016/j.cej.2025.166611","https://www.scopus.com/inward/record.uri?eid=2-s2.0-105012380399&doi=10.1016%2Fj.cej.2025.166611&partnerID=40&md5=3047b12a0cbd038c68b80a6bab6fc60b","Inorganic materials-anaerobic microorganism hybrid systems have become a breakthrough platform for environmental and energy applications. By utilizing the synergistic effects between abiotic and biotic components, these systems achieve remarkable efficiency in pollutant degradation, resource conversion, and energy recovery. This paper systematically reviews the construction strategies and cross-interface synergistic mechanisms of such hybrid systems, classifying them into three categories: suspended mixed, microbial self-synthesis, and intracellular bound, while also summarizing compatible anaerobic microorganisms. The key interaction processes between inorganic materials and microorganisms are analyzed in depth, focusing on interfacial electron transfer mechanism, metabolic environment regulation, community function enhancement, and directional control of electron flow. At the application level, this paper summarizes the innovative progress of the system in semi-artificial photosynthesis, biological hydrogen production, wastewater treatment, and organic waste anaerobic digestion, highlighting its strategic value for sustainable environmental technologies. Finally, this paper proposes key challenges that need to be paid attention to in the future, such as precise material function modulation, mechanistic interface studies, and scalable system integration, to provide theoretical foundations and development pathways for interdisciplinary advances and practical implementation in this field. © 2025 Elsevier B.V., All rights reserved.","Construction Strategies; Cross-interface Electron Transfer Mechanisms; Inorganic Materials-anaerobic Microorganism Hybrid Systems; Resource Recovery And Energy Conversion; Synergy; Biological Water Treatment; Electron Transitions; Energy Conversion; Environmental Technology; Hybrid Materials; Hybrid Systems; Interfaces (materials); Microorganisms; Molecular Biology; Photobiological Hydrogen Production; Sustainable Development; Waste Utilization; Anaerobic Microorganisms; Construction Strategies; Cross-interface Electron Transfer Mechanism; Electron Transfer Mechanisms; Energy; Inorganic Material-anerobic Microorganism Hybrid System; Inorganic Materials; Resource Recovery; Resource Recovery And Energy Conversion; Synergy; Anaerobic Digestion"
"Nanobubbles as pore-forming agents in non-solvent induced phase separation of polysulfone ultrafiltration membranes","2025","Chemical Engineering Journal","10.1016/j.cej.2025.166802","https://www.scopus.com/inward/record.uri?eid=2-s2.0-105012379770&doi=10.1016%2Fj.cej.2025.166802&partnerID=40&md5=7ce0e4294bfefe19ec47a84cb888024d","In this study, we present a new approach for increasing the surface porosity of polysulfone (PSU) ultrafiltration (UF) membranes formed via nonsolvent induced phase separation (NIPS) using nanobubbles (NB) dispersed in the nonsolvent as pore forming agents. A series of UF membranes were hand-casted with and without NBs in an aqueous nonsolvent bath using different concentrations of PSU. We compared the structure and performance of NB-enhanced UF membranes with a number of other well-known methods for increasing NIPS-UF membrane porosity. Analysis of scanning electron microscope (SEM) images enabled quantification of surface porosity, pore size distribution, and mean pore size, while data from filtration experiments established the apparent water permeance, solute rejection, and mean pore size of all membranes. The inclusion of NBs in the nonsolvent bath enhanced the body porosity, total thickness, and surface porosity compared to membranes formed identically, but without NBs. Hence, NBs universally increased water permeability. Although NBs were on average about 80 nm in the aqueous solution, they produced pores on the average of 17 nm. So, NBs enhanced water permeability without sacrificing rejection for membranes with average pore radius at or above 17 nm; however, for membranes with average pore radius below 17 nm, water permeability increased with decreasing solute rejection. NBs offer several potential advantages over conventional approaches to increase surface porosity, such as: (1) no need for additional pore-forming chemicals, heat, or solvents/nonsolvents, and (2) improved precision in fine-tuning separation performance of NIPS membranes. © 2025 Elsevier B.V., All rights reserved.","Nanobubble; Non-solvent Induced Phase Inversion (nips); Pore Forming Agent (poragen); Ultrafiltration; Membranes; Microfiltration; Phase Separation; Pore Size; Scanning Electron Microscopy; Solvents; Water Filtration; Nanobubbles; Non-solvent Induced Phase Inversion; Non-solvents; Phase Inversion; Pore Forming Agent; Pore-forming Agents; Solvent Induced; Surface Porosity; Ultra-filtration Membranes; Ultrafiltration Membranes; Ultrafiltration"
"Chemically robust ether-free polymer-based bipolar membrane with a 3D junction for high-performance water splitting and efficient acid/base production","2025","Chemical Engineering Journal","10.1016/j.cej.2025.166182","https://www.scopus.com/inward/record.uri?eid=2-s2.0-105012374927&doi=10.1016%2Fj.cej.2025.166182&partnerID=40&md5=e17665289ce62964041a4de8a1df3db7","In this study, ether-free poly(5-Bromoisatin-co-p-Terphenyl) was synthesized to prepare two ion-exchange polymers derived from a single polymer backbone, with the aim of optimizing the synthesis process of ionomers and leveraging the chemical stability of the ether-free polymer to develop high-performance bipolar membranes (BPMs) with high chemical stability. The anion-exchange (AEM) and cation-exchange (CEM) membranes prepared using the two ion-exchange polymers demonstrated an ion exchange capacity (IEC) of 1.8 meq g−1, swelling ratios ranging from 9.4%–16.6% and 5.0%–6.5%, and water uptake values of 21.3%–49.8% and 15.2%–17.6% from 30 °C to 80 °C, respectively. More importantly, the ether-free AEM and CEM effectively prevent mass loss over four weeks in 4 M NaOH and H<inf>2</inf>SO<inf>4</inf> at a level of 4%–5%. To additionally endow an ether-free BPM with structural stability and high water-splitting efficiency, dual electrospinning (DE) was used to prepare BPMs (3D-BPM) with a 3D junction, which can provide an interlocking effect to prevent delamination, a large interfacial area available for water splitting, and better pathways for the diffusion of water molecules and water dissociation product ions. The optimized BPM (i.e., DE1), featuring a 3D junction layer constituting 25% of the total membrane thickness, achieved a water-splitting voltage of 1.38 V and transmembrane voltage (TMV) of 2.2 V at 100 mA/cm2, corresponding to almost half of those of a 2D-BPM (i.e., DE0) prepared using the same ion-exchange polymers. Also, DE1 exhibited exceptional acid-base production efficiency, with a current efficiency of 85.2%, which was about 6%p higher than DE0, while decreasing the energy consumption (4.32 kWh/kg) by 8.5% compared to DE0. This work highlights that the ether-free 3D-BPM can achieve chemical/structural stability and high water-splitting capability simultaneously. © 2025 Elsevier B.V., All rights reserved.","3d Junction; Acid-base Generation; Bipolar Membrane; Chemical Stability; Ether-free Polymer; Water Splitting; Dissociation; Ion Exchange; Ion Exchange Membranes; Ions; Loss Prevention; 3d Junction; Acid Base; Acid-base Generation; Bipolar Membranes; Ether-free Polymer; Exchange Polymers; Free Polymers; Performance; Structural Stabilities; Water Splitting; Chemical Stability"
"Pushing boundaries: Nature-inspired hybrid microstructured flexible sensors with enhanced detection range","2025","Chemical Engineering Journal","10.1016/j.cej.2025.166839","https://www.scopus.com/inward/record.uri?eid=2-s2.0-105012372552&doi=10.1016%2Fj.cej.2025.166839&partnerID=40&md5=bd37eb80444991ca2465e7b7ab5c7332","Flexible pressure sensors have garnered significant interest due to their potential applications in human motion monitoring, human-machine interfaces, and diverse applications a wide range of other uses. However, striking a balance between high sensitivity and wide detection range using cost-effective and simple fabrication methods remains a serious challenge. Bio-inspired microstructure design provides a new solution to this limitation. Herein, we introduce a bio-templated strategy using desiccated orange peel to replicate its hierarchical surface textures, fabricating a flexible piezoresistive sensor with a dual-scale architecture of spherical protrusions and multilevel wrinkles. These bioengineered microstructures enhance both sensitivity and dynamic range. To mitigate signal saturation caused by full microstructural compression under extreme stress, we developed an adaptive compensation mechanism leveraging tunneling effect in conductive networks, extending linear responsivity beyond traditional structural limits. Systematic testing demonstrates the sensor's high sensitivity (839.1 kPa−1), broad detection range (>2000 kPa), rapid response/recovery (none of them are exceeds 80 ms), and durability (10,000 cycles). Applications in wearable health monitoring, voice recognition, and smart road monitoring systems validate its versatility. © 2025 Elsevier B.V., All rights reserved.","Bio-templated Microstructure; Flexible Pressure Sensor; Hybrid Microstructures; Microstructural Saturation Breakthrough; Ultrahigh Sensitivity; Biomimetics; Durability; Memory Architecture; Structural Health Monitoring; Textures; Wearable Sensors; Bio-templated Microstructure; Detection Range; Flexible Pressure Sensors; Flexible Sensor; High Sensitivity; Hybrid Microstructure; Micro-structural; Microstructural Saturation Breakthrough; Templated; Ultra-high-sensitivity; Cost Effectiveness"
"Hierarchical porous MOF/PEDOT:PSS films with enhanced mechanical properties and thermoelectric performance","2025","Chemical Engineering Journal","10.1016/j.cej.2025.166850","https://www.scopus.com/inward/record.uri?eid=2-s2.0-105012370235&doi=10.1016%2Fj.cej.2025.166850&partnerID=40&md5=f5a53d25a0229c09a21fb87586db0f0d","Efficient waste heat recovery via thermoelectric materials offers a promising way to boost energy efficiency, making performance enhancement strategies crucial in thermoelectric research. Here, we propose an effective synergistic optimization strategy for thermoelectric materials, focusing on enhancing mechanical properties, reducing thermal conductivity, and improving Seebeck coefficients. To achieve this, metal-organic frameworks (MOFs) with alkaline and amphoteric groups are synthesized and incorporated into poly(3,4-ethylenedioxythiophene)-poly(styrenesulfonate) (PEDOT:PSS) to fabricate UiO-66-NH<inf>2</inf>/PEDOT:PSS (UNPP) and UiO-66-NH-SO<inf>3</inf>H/PEDOT:PSS (UNSPP) composite films. The electrostatic interactions between MOFs and PEDOT:PSS significantly reinforce the mechanical properties of UNPP and UNSPP. Furthermore, due to the isolation and “dragging effect” of MOFs on flexible PEDOT: PSS chains during the drying process, UNPP and UNSPP films exhibit hierarchical porous structures, achieving ultra-low thermal conductivity of 0.021 and 0.042 W·m−1·K−1 respectively, with the former, to the best of our knowledge, being the lowest reported value for PEDOT:PSS-based thermoelectric films. Additionally, MOF doping influences carrier transport within the composite films, leading to an improved Seebeck coefficient of up to 30.8 μV·K−1. The UNSPP show a maximum ZT of 0.263. This work presents an innovative strategy for efficient synergistic optimization of MOF/PEDOT:PSS films, highlighting their potential in wearable electronics and waste heat recovery. © 2025 Elsevier B.V., All rights reserved.","Composite Films; Hierarchical Porous Structures; Metal-organic Frameworks; Thermal Conductivity; Thermoelectric Performance; Optimization; Organometallics; Porosity; Seebeck Coefficient; Semiconductor Doping; Thermal Conductivity Of Solids; Thermoelectric Equipment; Waste Heat; Ethylenedioxythiophenes; Hierarchical Porous Structures; Mechanical; Metalorganic Frameworks (mofs); Pedot/pss; Poly(styrene Sulfonate); Property; Thermal; Thermoelectric Performance; Waste-heat Recovery; Composite Films"
"Regulation of Li-ion flux by metal organic framework in compact quasi-solid-state electrolyte for wide-temperature lithium-metal batteries","2025","Chemical Engineering Journal","10.1016/j.cej.2025.166767","https://www.scopus.com/inward/record.uri?eid=2-s2.0-105012364540&doi=10.1016%2Fj.cej.2025.166767&partnerID=40&md5=d0b0e98e5ef38d777634d225c563d74d","The practical application of lithium metal anodes is hindered by uncontrolled growth of lithium dendrites, which can ulteriorly exacerbate at low or high temperature. To address these issues, a dense quasi-solid-state electrolyte (CPLZ) operating at wide-temperature-range is prepared based on cellulose acetate (CA) and polyvinylidene fluoride (PVDF) as polymer matrices, metal organic framework (ZIF-8) as nanofiller, LiTFSI as Li-ion source. The Raman spectra confirms the strong interaction between ZIF-8 and TFSI− and FTIR spectra verifies ZIF-8 weakens the adsorption of Li+ on CA, which can promote Li salt dissociation, accelerate the Li+ transport and regulate the Li+ flux, thereby facilitating uniform lithium deposition. Meanwhile, the addition of ZIF-8 greatly improves dendrite suppression by enhancing CPLZ's mechanical strength. The obtained CPLZ electrolyte exhibits a high ionic conductivity over a wide temperature range (6.9 × 10−4 S cm−1 at room temperature), a high ion migration number (0.57 at room temperature) and achieves the stable and reversible lithium deposition and stripping over 400 h. Furthermore, the assembled Li|CPLZ|LiFePO<inf>4</inf> cells exhibit the discharge-capacity of 133.9 mA h g−1 at 3C after 400 cycles at room temperature. Most importantly, thanks to high ion transport and interface stability, the Li|CPLZ|LiFePO<inf>4</inf> batteries exhibit an excellent wide-temperature-range operation with stable cycling over 500 cycles with the discharge-capacity of 138.1 mA h g−1 at 1C at 60 °C and the capacity retain up to 60 % of room temperature at −15 °C. This research provides valuable insights for advancing lithium metal batteries characterized by enhanced safety and prolonged cycle stability at wide-temperature-range. © 2025 Elsevier B.V., All rights reserved.","Dendrite-free; Lithium Metal Anode; Quasi-solid-state Electrolyte; Uniform Li+ Flux; Wide-temperature-range; Dendrites (metallography); Deposition; Dissociation; Fluorine Compounds; High Temperature Applications; Ion Sources; Ions; Iron Compounds; Lithium; Lithium Compounds; Lithium Deposits; Lithium-ion Batteries; Phosphorus Compounds; Silicon Compounds; Solid Electrolytes; Cellulose Acetates; Dendrite-free; Li +; Lithium Metal Anode; Lithium Metals; Metalorganic Frameworks (mofs); Quasi-solid State Electrolytes; Spectra's; Uniform Li+ Flux; Wide Temperature Ranges; Anodes; Fluorine Compounds; Iron Compounds"
"Optimal retrofit of extractive distillation to hybrid distillation/crystallization scheme: Modeling and validation","2025","Chemical Engineering Journal","10.1016/j.cej.2025.166594","https://www.scopus.com/inward/record.uri?eid=2-s2.0-105012361822&doi=10.1016%2Fj.cej.2025.166594&partnerID=40&md5=729f09a5f0053c4e4f57db98c7371b7e","Hybrid distillation/crystallization processes present a promising approach for energy and cost savings in separating close-boiling mixtures. This study developed a design and optimization framework for retrofitting a conventional 2-methylnaphthalene extractive distillation sequence into a hybrid scheme. A multi-objective optimization strategy using the non-dominated sorted genetic algorithm-III algorithm minimizes total annual cost (TAC) and CO₂ emissions via the Python-Aspen Plus platform. The optimization results showed that TAC and CO<inf>2</inf> emissions were reduced by 14.62 % and 10.04 % in terms of the conventional extractive distillation. A simulation-based method for predicting melt crystallization product purity and yield was experimentally validated, showing <0.1 % purity deviation from predictions. The hybrid distillation/crystallization process achieved enhanced purity and 0.72 % lower CO₂ emissions versus the optimized extractive distillation process. This work advances eco-efficient separation systems by integrating crystallization and predictive modeling of critical quality attributes, offering significant potential for sustainable multicomponent separation processes. © 2025 Elsevier B.V., All rights reserved.","2-methylnaphthalene; Hybrid Process; Melt Crystallization; Multi-objective Optimization; Non-dominated Sorted Genetic Algorithm-iii; Purity And Yield Prediction; Computer Aided Software Engineering; Computer Software; Distillation; Forecasting; Genetic Algorithms; Retrofitting; 2-methylnaphthalene; Annual Cost; Crystallization Process; Extractive Distillation; Hybrid Process; Melt Crystallization; Multi-objectives Optimization; Non-dominated Sorted Genetic Algorithm-iii; Purity And Yield Prediction; Yield Prediction; Multiobjective Optimization"
"Facile synthesis of 2D “GO”-TiO₂ @biochar hybrid nanocomposites for synergistic adsorption and photocatalytic elimination of veterinary antibiotics from livestock effluents","2025","Chemical Engineering Journal","10.1016/j.cej.2025.166205","https://www.scopus.com/inward/record.uri?eid=2-s2.0-105012358487&doi=10.1016%2Fj.cej.2025.166205&partnerID=40&md5=90cfa7a72386748bf5b0884512e1bfe1","Veterinary practices in livestock farming have resulted in widespread antibiotic contamination, notably involving enrofloxacin (ENR), oxytetracycline (OTC), and sulfamethoxazole (SMX) in effluents, triggering severe impacts on aquatic biodiversity and posing dangers to public well-being. This work reports a multifunctional nanocomposite consisting of graphene oxide, biochar, and TiO<inf>₂</inf> (GBT) tailored for combined adsorption and photocatalytic elimination of these antibiotics. GBT composites with varying TiO<inf>₂</inf> loadings (5 %, 10 %, 20 %) were fabricated through a combination of biomass pyrolysis, an economically enhanced graphene oxide synthesis protocol optimized for biochar integration, and a modified sol-gel process for TiO<inf>₂</inf> deposition. This integrated strategy was more cost-effective and efficient than conventional methods for producing biochar-based composite materials. Comprehensive material characterizations confirmed high surface area, functional group richness, and homogeneous distribution of GO and TiO<inf>₂</inf> within the porous biochar framework. Among the variants, GBT-10 exhibited the best performance, achieving >95 % removal of all three antibiotics under UV irradiation while retaining over 89 % efficiency after five reuse cycles. Adsorption kinetics followed pseudo-second-order behavior, while equilibrium data aligned with the Freundlich isotherm, indicating heterogeneous multilayer adsorption. Mechanisms included π−π interactions, hydrogen bonding, pore-entrapment, and photocatalytic oxidation facilitated by reactive oxygen species (ROS), particularly effective at pH 5–8. Comparative assessments revealed that GBT-20 had faster kinetics but suffered from pore blockage, while GBT-5 had lower active site density. Overall, GBT-10 offers a cost-effective, scalable platform for mitigating pharmaceutical contaminants in livestock wastewater, supporting sustainable water treatment and circular resource recovery goals. © 2025 Elsevier B.V., All rights reserved.","Adsorption; Biochar; Composite Material; Graphene Oxide; Photocatalytic Elimination; Tio2; Veterinary Antibiotics; Agriculture; Antibiotics; Biodiversity; Complexation; Cost Effectiveness; Graphene Oxide; Irradiation; Multilayers; Nanocomposites; Photocatalytic Activity; Biochar; Composites Material; Cost Effective; Facile Synthesis; Graphene Oxides; Photo-catalytic; Photocatalytic Elimination; Tio; Tio 2; Veterinary Antibiotic; Adsorption; Composite Materials; Titanium Dioxide"
"Enhancing nitrate reduction reaction electroactivity of Fe single atom catalyst by modification of Fe nanoclusters and further application in self-powered ammonia synthesis from air","2025","Chemical Engineering Journal","10.1016/j.cej.2025.166374","https://www.scopus.com/inward/record.uri?eid=2-s2.0-105012316735&doi=10.1016%2Fj.cej.2025.166374&partnerID=40&md5=5c17020b6b106f2daa874c480eea3de4","Designing cost-effective nitrate reduction reaction (NO<inf>3</inf>RR) electrocatalysts and exploring a clean and sustainable energy as power to drive this process are of great significance for the sustainability of the nitrogen cycle. Herein, by direct pyrolysis of MOF and g-C<inf>3</inf>N<inf>4</inf>, an efficient electrocatalyst with Fe nanoclusters (Fe<inf>NC</inf>) modified Fe single atoms (Fe<inf>NC</inf>/Fe-N<inf>x</inf>) was prepared for NO<inf>3</inf>RR. Characterizations and theoretical calculations indicate that the Fe<inf>NC</inf> effectively regulates the d-band structure of Fe sites, increasing the electron occupation in d<inf>z2</inf> orbital to optimize the bond order (BO) for intermediates, thus lowering the energy barrier of rate-determining step (RDS: NHO⁎ + H+ + e− → N⁎ + H<inf>2</inf>O). Therefore, the Fe<inf>NC</inf>/Fe-N<inf>x</inf> exhibits remarkable NO<inf>3</inf>RR performance with a high faradaic efficiency (FE) of 93.6 % at −0.9 V vs. RHE and an excellent NH<inf>3</inf> yield rate of 30.87 mg h−1 mg<inf>cat</inf>−1 at −1.1 V vs. RHE. Based on these, an updated triboelectric nanogenerator-based self-powered NH<inf>3</inf> synthesis system was presented, and a high rate of 22.66 μg h−1 was achieved directly using air as the raw material. This work provides a simple strategy to enhance NO<inf>3</inf>RR performance of Fe-N<inf>x</inf> electrocatalysts, and further demonstrates a smart and sustainable way for NH<inf>3</inf> synthesis. © 2025 Elsevier B.V., All rights reserved.","Ammonia Synthesis; Fenc/fe-nx; No3rr; Single Atom Electrocatalyst; Triboelectric Nanogenerator; Atoms; Binary Alloys; Chemical Bonds; Cost Effectiveness; Electrocatalysts; Electrolysis; Iron Compounds; Nanoclusters; Nanogenerators; Reduction; Synthesis (chemical); Triboelectricity; Ammonia Synthesis; Fe Nanocluster/fe-nx; Fe Nanoclusters; Nh 3; Nitrate Reduction; No3rr; Single Atom Electrocatalyst; Single-atoms; Triboelectric Nanogenerator; Ammonia; Nitrates"
"Nitrogen/boron co-doped carbon derived from coal liquefaction residue for capacitive energy storage","2025","Chemical Engineering Journal","10.1016/j.cej.2025.166713","https://www.scopus.com/inward/record.uri?eid=2-s2.0-105012315855&doi=10.1016%2Fj.cej.2025.166713&partnerID=40&md5=24b7df53ecdb72acc0e22bcbd7976135","The rational structural design of heteroatom-doped porous carbon materials serves as an effective strategy for improving capacitive energy storage. Herein, three-dimensional (3D) N/B dual-doped porous carbons were prepared via a self-assembly process followed by an activation method, using asphaltenes in coal liquefaction residue (CLR) and sodium lignosulfonate (LS) as the carbon source, with urea and boric acid serving as the sources for N and B doping, respectively. These components initially self-assemble into a 3D interlinked framework via intermolecular interactions, which effectively prevents the oriented stacking of asphaltene molecules induced by π−π interactions during the carbonization process. Furthermore, it facilitates KCl/K<inf>2</inf>CO<inf>3</inf> in adequately interacting with carbon-unstable regions. Following KCl/K<inf>2</inf>CO<inf>3</inf> activation, the resulting porous carbon materials present well-developed porosity for efficient ion transport, superior conductivity for effective electron transport, and appropriate B, N heteroatom active sites for enhanced capacitance. The optimal porous carbon (NBPC800) shows a specific capacitance of 272 F g−1 at 0.5 A g−1 in 1 M H<inf>2</inf>SO<inf>4</inf> electrolyte. A maximum energy density of 16.9 Wh kg−1 at 200 W kg−1 is achieved by the symmetric device fabricated in 2 M Na<inf>2</inf>SO<inf>4</inf>, accompanied by remarkable cycling stability. Additionally, when used in zinc-ion hybrid capacitors (ZICs), NBPC800 possesses a high energy density of 77.35 Wh kg−1 at 160 W kg−1 with great rate performance. Theoretical calculations (DFT) reveal that N/B dual-doping contributes to an enhanced adsorption energy of electrolyte ions and improved electronic conductivity, resulting in superior electrochemical performance. This work provides N/B dual-doped porous carbons through a facile and low-cost approach for advanced energy storage applications. Moreover, it promotes the efficient and high-value utilization of coal liquefaction residue. © 2025 Elsevier B.V., All rights reserved.","Coal Liquefaction Residue; N/b Dual-doping; Porous Carbon; Supercapacitor; Zinc-ion Hybrid Capacitors; Asphaltenes; Boric Acid; Capacitor Storage; Carbonization; Design For Testability; Doping (additives); Electrolytes; Electron Transport Properties; Ions; Porosity; Porous Carbon; Porous Materials; Potash; Self Assembly; Sodium Sulfate; Sodium Sulfite; Storage (materials); Capacitive Energy Storage; Coal Liquefaction Residue; Dual Doping; Heteroatoms; Hybrid Capacitor; N/b Dual-doping; Porous Carbon Materials; Porous Carbons; Zinc Ions; Zinc-ion Hybrid Capacitor; Capacitance; Supercapacitor"
"Self-healing, antibacterial bilayer hydrogel phase-change composites for sustainable and energy-effective cold chain logistics","2025","Chemical Engineering Journal","10.1016/j.cej.2025.166520","https://www.scopus.com/inward/record.uri?eid=2-s2.0-105012313828&doi=10.1016%2Fj.cej.2025.166520&partnerID=40&md5=6dbebba3242c620e90c066d806289b97","The escalating demand for sustainable and secure large-scale cold chain logistics underscores the critical need for advanced multifunctional systems to ensure energy-efficient transportation of temperature-sensitive products. Here, an innovative bilayer hydrogel phase-change composite is engineered to address this challenge. The composite features two distinct functional layers: (1) a low-thermal-conductivity outer layer composed of a polyacrylamide/sodium alginate (PAM/SA) network integrated with NaCl solution, Zn2+ ions, and tannic acid (TA) (denoted as PSN–Zn/TA hydrogel), and (2) a high-thermal-conductivity inner layer consisting of PSN–Zn/TA hydrogel and expanded graphite. Within this system, the NaCl solution delivers a high cold-energy-storage capacity (173.7 J g−1) for precise temperature regulation, while the PAM/SA dual-network ensures structural integrity by immobilizing the solution. Zn2+ coordination imparts autonomous self-healing capabilities, and TA provides robust antibacterial activity. Strategically combining these layers generates a gradient thermal insulation effect, significantly delaying heat transfer from ambient environments. A prototype cold chain logistics device based on this hydrogel demonstrates exceptional temperature control performance comparable to conventional refrigerators, effectively preserving model temperature-sensitive compounds such as penicillin G and streptomycin. By synergizing high energy efficiency, recyclability, and multifunctionality, this bilayer hydrogel offers a scalable, sustainable solution for next-generation cold chain logistics, bridging the gap between operational efficiency and environmental responsibility. © 2025 Elsevier B.V., All rights reserved.","Antibacterial Activity; Bilayer Hydrogel; Cold Chain Logistics; Low-temperature Thermal Management; Phase Change Materials; Self-healing Ability; Chains; Cryogenic Energy Storage; Energy Efficiency; Hydrogels; Logistics; Self-healing Materials; Sodium Chloride; Tantalum Compounds; Temperature; Temperature Control; Thermal Conductivity; Thermal Insulation; Anti-bacterial Activity; Bi-layer; Bilayer Hydrogel; Cold Chain Logistics; Low-temperature Thermal Management; Lows-temperatures; Phase Change; Self-healing Abilities; Tannic Acid; Thermal; Phase Change Materials"
"Confined voltage stabilizers into hard segment of polyurethane for soft dielectric elastomers with enhanced electroactuation performance","2025","Chemical Engineering Journal","10.1016/j.cej.2025.166582","https://www.scopus.com/inward/record.uri?eid=2-s2.0-105012305434&doi=10.1016%2Fj.cej.2025.166582&partnerID=40&md5=e8c66837c7b187c0bc6b111857dcf096","Dielectric elastomer (DE) materials hold promise as artificial muscles due to their ability to deform under external electric field stimulation. To enhance their actuation performance, we have improved the dielectric breakdown strength of polyurethane (PU) based DE materials by incorporating voltage stabilizers into their hard segment through copolymerization. Voltage stabilizers with a lower HOMO-LUMO energy gap can effectively capture high-energy electrons, thereby mitigating the degradation of polymer molecular chains and increasing the dielectric breakdown strength. Specifically, when 50 % of the hard segments in PU contain a kind of voltage stabilizer (4,4′-dihydroxybenzophenone, DHBP), the PU exhibits the optimized dielectric breakdown strength, increasing from an initial value of 32 V/μm to 58 V/μm. Notably, the modified PU retains a low initial modulus (0.24 MPa) without experiencing the stiffening problem, as the rigid structure of the DHBP is incorporated into the hard segments of PU. Without pre-stretching, the 50 % DHBP-PU achieves an improved maximum actuation strain of 57 % and a theoretical energy density of 14.4 J/m3 at 83 V/μm, outperforming most PU-DE materials. The DHBP-PU, characterized by its enhanced dielectric breakdown strength and improved electroactuation performance, holds great potential for applications in flexible actuators and soft robotics. © 2025 Elsevier B.V., All rights reserved.","Artificial Muscle; Dielectric Breakdown; Dielectric Elastomer; Polyurethane; Voltage Stabilizer; Copolymerization; Dielectric Materials; Elastomers; Electric Breakdown; Electroactive Polymer Actuators; Plastics; Rigid Structures; Artificial Muscle; Copolymerisation; Dielectric Breakdown Strength; Dielectric Elastomers; Dielectrics Breakdown; Elastomer Materials; External Electric Field; Hard Segments; Performance; Voltage Stabilizers; Muscle"
"CFD simulation study on the effects of inclined and rolling motions on the liquid flow distribution of tridimensional rotational flow sieve tray","2025","Chemical Engineering Journal","10.1016/j.cej.2025.166673","https://www.scopus.com/inward/record.uri?eid=2-s2.0-105012303586&doi=10.1016%2Fj.cej.2025.166673&partnerID=40&md5=499c212238b0542db468c0bb03011979","As a tray structure capable of intensifying the mass transfer process, the tridimensional rotational flow sieve tray (TRST) holds promising applications in the separation and purification of offshore multiphase flow reactors. This study investigates the influence of rolling motion on liquid flow characteristics in TRST through combined experimental and computational fluid dynamics (CFD) approaches. The hydrodynamic performance of TRST was comparatively evaluated against vortex trays and sieve trays under inclined and rolling conditions, demonstrating its superior stability and liquid distribution characteristics. TRST exhibits favorable resistance performance and maintains high-quality liquid distribution under inclined conditions. Under rolling motion, vortex trays and sieve trays exhibit high and significantly fluctuating pressure drops, whereas TRST demonstrates excellent stability due to the rotational-perforated coupled flow and centrifugal force, which effectively counteract uneven liquid distribution induced by rolling motion. In contrast, vortex and sieve trays display pronounced gas-liquid maldistribution under identical conditions, leading to diminished lateral liquid uniformity. Furthermore, CFD simulation results show high consistency with experimental data, validating model accuracy. Analysis of the liquid maldistribution factor under varied operating conditions further reveals TRST application potential in marine environments, particularly its advantages in enhancing mass transfer efficiency and reducing energy consumption. © 2025 Elsevier B.V., All rights reserved.","Computational Fluid Dynamics; Hydrodynamics; Liquid Distribution Heterogeneity; Pressure Drop; Rolling Conditions; Tridimensional Rotational Flow Sieve Tray; Drops; Energy Efficiency; Energy Utilization; Mass Transfer; Offshore Oil Well Production; Rotational Flow; Sieves; Two Phase Flow; Vortex Flow; Computational Fluid; Computational Fluid Dynamics Simulations; Fluid-dynamics; Liquid Distribution; Liquid Distribution Heterogeneity; Liquid Flow; Rolling Conditions; Rolling Motion; Sieve Tray; Tridimensional Rotational Flow Sieve Tray; Computational Fluid Dynamics; Hydrodynamics"
"Dual photoelectric-photothermal effects synergistically overcome the cryogenic limits of aqueous supercapacitors","2025","Chemical Engineering Journal","10.1016/j.cej.2025.166642","https://www.scopus.com/inward/record.uri?eid=2-s2.0-105012293728&doi=10.1016%2Fj.cej.2025.166642&partnerID=40&md5=39bab669a60128aa459a42107c387987","While photoelectric and photothermal enhancements individually improve energy storage, their isolated use fails to resolve the coupled challenges of sluggish charge transfer and electrolyte freezing in cryogenic energy storage. Here, we pioneer a cooperative photoelectric-photothermal strategy that synergistically resolves these coupled limitations in aqueous supercapacitors. By engineering a ZnO/ZnCo<inf>2</inf>O₄ heterojunction cathode and a TiN-integrated activated carbon anode, we demonstrate a self-sustaining energy storage system working at low temperature. Under 0.35 W cm−2 light illumination, the device achieves 27.8 Wh kg−1 at −30 °C. It is 3475 % higher than its dark-operation counterpart—while retaining 64.7 % of its room-temperature capacity (43.0 Wh kg−1). It further breaks the −40 °C operational limit with 7.3 Wh kg−1, the lowest temperature achieved for aqueous supercapacitors. Systematic characterization reveals that the photothermal component effectively mitigates aqueous electrolyte freezing while the photoelectric heterojunction facilitates charge transfer kinetics, establishing a self-sustaining mechanism for low-temperature operation. This synergistic engineering approach opens new frontiers for developing high-performance energy storage devices in polar and aerospace applications. © 2025 Elsevier B.V., All rights reserved.","Aqueous Supercapacitors; Energy Storage; Low-temperature Operation; Photoelectric-photothermal Strategy; Self-sustaining Mechanism; Aerospace Applications; Anodes; Charge Storage; Electrolytes; Freezing; Heterojunctions; High Temperature Engineering; Low Temperature Operations; Photoelectricity; Supercapacitor; Temperature; Aqueous Supercapacitor; Cryogenic Energies; Energy; Lows-temperatures; Photo-thermal; Photoelectric-photothermal Strategy; Photoelectrics; Photothermal Effects; Self-sustaining Mechanisms; Temperature Operation; Energy Storage"
"From melt-spinning to smart fabrics: Decoding α to β transformation mechanisms for high-performance piezoelectric PVDF","2025","Chemical Engineering Journal","10.1016/j.cej.2025.166524","https://www.scopus.com/inward/record.uri?eid=2-s2.0-105012290439&doi=10.1016%2Fj.cej.2025.166524&partnerID=40&md5=0cdf577e79b5aafc8e170510caf926f0","Flexible piezoelectric sensors exhibit significant potential for applications in human motion monitoring, human-computer interaction, and intelligent robots, attributed to their self-powered nature and simplified wearable architecture. In addition to the developed sensitivity and output voltage of piezoelectric sensors, large-scale production is a critical prerequisite for their widespread commercialization. In this study, we report a novel method of preparing piezoelectric smart PVDF fabric via melt spinning and post-stretching. The transformation mechanism from nonpolar α phase to polar β phase over a wide temperature range (80–130 °C) was thoroughly investigated using WAXD, DSC and FTIR techniques. The findings reveal an inverse relationship between stretching temperature and phase-transformation kinetics: higher temperatures notably slow down the α to β crystal conversion, necessitating larger tensile strain for achieving comparable transformation degrees. Furthermore, multi-step destruction of the α crystal at high temperatures was observed, with preferential damage to (100) and (110) crystallographic planes before (020) and (021) planes that exhibited greater stability. Based on these insights, optimal post-stretching temperatures were determined for fabricating PVDF fiber. As demonstrated, piezoelectric generators assembled by PVDF fabric show exceptional performance, including piezoelectric output (26.3 V), high sensitivity (0.167 V/kPa), short response time (T<inf>r</inf> = 30 ms, T<inf>f</inf> = 34 ms), and long-term stability (>2000 cycles), making them ideal self-powered sensor for multimodal intelligent biomonitoring of human movement and handwriting monitor. This research provides a cost-effective and facile pathway for the scalable fabrication of high-performance, flexible, wearable piezoelectric sensors. © 2025 Elsevier B.V., All rights reserved.","Melt-spinning; Piezoelectric Generator; Poly(vinylidene Fluoride); Post-stretching; Cost Effectiveness; Crystallography; Electric Generators; Fluorine Compounds; Human Computer Interaction; Human Robot Interaction; Intelligent Robots; Melt Spinning; Piezoelectric Transducers; Piezoelectricity; Spinning (fibers); Wearable Computers; Wearable Sensors; P.v.d.f; Performance; Piezoelectric; Piezoelectric Generators; Piezoelectric Sensors; Poly(vinylidene Fluoride); Post-stretching; Self-powered; Transformation Mechanisms; Tensile Strain"
"Tuning liganded nanocrack geometry for dynamic regulation of host macrophages","2025","Chemical Engineering Journal","10.1016/j.cej.2025.166414","https://www.scopus.com/inward/record.uri?eid=2-s2.0-105012279576&doi=10.1016%2Fj.cej.2025.166414&partnerID=40&md5=52782aedcc1270b50f29d7bf22c7cbc4","Topographical cracks in native tissues such as brain, skin, and bone dynamically remodel across geometries to maintain tissue homeostasis. Disruptions in interactions between crack features (e.g., width and depth) and cells can impair immune responses, leading to disorder development, such as eczema, psoriasis, and angiogenesis defects. While topographical crack geometries across various scales regulate immune cell responses, precise and dynamic tuning of nanocrack geometries at tens-of-nanometers scale, critical for understanding molecular interactions between cells and extracellular matrix that dictate integrin responses, remains elusive. Herein, nanocracked materials exhibiting topographical cracks with widths tuned at integrin-presenting filopodia scale are developed by modifying hydrophobic properties of bicontinuous microemulsions, featuring magnetically responsive liganded crack-modulatable particles (CMPs) via elastic polymer linkers. CMPs can be dynamically modulated by magnetic field application, enabling transitions between deep and shallow crack states to regulate macrophage integrin recruitment, adhesion, and polarization. Narrow cracks (50 nm), smaller than filopodia, restrict infiltration and limit integrin engagement, whereas Wide cracks (110 nm) promote strong adhesion. Moderate cracks (80 nm) allow minimal adhesion in deep crack state but significantly enhance integrin recruitment upon magnetic activation to shallow crack state, facilitating macrophage polarization toward an anti-inflammatory phenotype. This is the first demonstration of dynamic nanocrack system for host cell regulation. This breakthrough offers new insights into the role of hierarchical crack architectures in regulating immunomodulation, regenerative medicine, and wound healing. © 2025 Elsevier B.V., All rights reserved.","Crack Geometry Regulation; Host Macrophage Regulation; Immunoregulation; Magnetic Control; Nanoscale Crack; Adhesion; Cracks; Immune System; Microemulsions; Nanomagnetics; Polarization; Tissue; Tissue Homeostasis; Tuning; Crack Geometries; Crack Geometry Regulation; Host Macrophage Regulation; Immunoregulation; Integrins; Magnetic Control; Nano Scale; Nano-cracks; Nanoscale Crack; Shallow Cracks; Macrophages"
"Self-powered drifting buoy for maritime anomaly traffic monitoring via electromagnetic-triboelectric coupling","2025","Chemical Engineering Journal","10.1016/j.cej.2025.166536","https://www.scopus.com/inward/record.uri?eid=2-s2.0-105012275958&doi=10.1016%2Fj.cej.2025.166536&partnerID=40&md5=01d6726f7d9681c8caa6ae715e93a48d","Enhancing maritime anomaly traffic monitoring is vital for national security, combating smuggling, and preventing human trafficking. In this work, we designed a self-powered drifting buoy (SDB) based on electromagnetic-triboelectric coupling for maritime anomaly traffic monitoring. The buoy shell adopts a self-righting structure combined with a low center of gravity to prevent capsizing and enable rapid self-righting. The integrated electromagnetic generator (EMG) within the SDB achieves self-powering functionality, eliminating the need for battery replacement or external power sources. In addition, the built-in corrective magnet establishes the SDB's directional reference at sea. Four integrated triboelectric nanogenerator (TENG) sensors detect wave directions through voltage generated during wave-induced tilting. Coupled with built-in satellite positioning and wireless communication modules, the SDB achieves real-time monitoring and transmission of wave directions and geographical positions to coastal terminals. By deploying multiple buoys as a networked array, coastal terminals can comprehensively analyze real-time vessel positions, moving directions, and speeds through wave data transmitted from each node. This buoy-based monitoring approach provides a novel self-powered solution for maritime traffic monitoring and management. © 2025 Elsevier B.V., All rights reserved.","Drifting Buoy; Electromagnetic Generator; Marine Monitoring; Self-powered; Triboelectric Nanogenerator; Communication Satellites; Electric Generators; Electromagnetic Wave Transmission; Nanogenerators; National Security; Network Security; Traffic Control; Triboelectricity; Waterway Transportation; Drifting Buoys; Electromagnetic Generators; Electromagnetics; Marine Monitoring; Self-powered; Self-righting; Traffic Monitoring; Triboelectric Nanogenerator; Wave Direction; Buoys"
"Defect-rich carbon nanofiber membranes as metal-free catalysts for flow-through peroxymonosulfate activation: toward efficient antibiotic removal and water remediation","2025","Chemical Engineering Journal","10.1016/j.cej.2025.166704","https://www.scopus.com/inward/record.uri?eid=2-s2.0-105012273487&doi=10.1016%2Fj.cej.2025.166704&partnerID=40&md5=ace5a6d3418aabc35f0d08f4165bdd8b","Recent advancements in metal-free powder catalysts for peroxymonosulfate (PMS) activation have demonstrated considerable potential for water pollutant treatment. However, their practical application faces challenges in catalyst recovery and continuous operation. To address these challenges, we developed a novel porous carbon nanofiber membrane with enhanced PMS catalytic activity via a facile electrospinning process using polyacrylonitrile (PAN) and sodium lignosulfonate (SL), followed by pre-oxidation and carbonization. SL serves a dual role as both a carbon source and an activator, decomposing at elevated temperatures to generate sodium salts and gaseous byproducts. A continuous flow catalytic system was designed to evaluate the PMS activation performance of these self-supporting carbon membranes for the oxidative degradation of ciprofloxacin hydrochloride (CIP). Characterization results revealed that membranes carbonized at 900 °C exhibited superior catalytic activity, attributed to their high specific surface area, increased oxygen content, and abundant structural defects, which collectively contribute to the proposed PMS activation mechanism. Furthermore, liquid chromatography-mass spectrometry (LC-MS) analysis was employed to identify degradation sites and elucidate potential CIP degradation pathways. This study demonstrates the promising application of metal-free carbon nanofiber membranes in sustainable water treatment technologies, offering a scalable and environmentally friendly solution for antibiotic wastewater remediation. © 2025 Elsevier B.V., All rights reserved.","Ciprofloxacin Degradation; Flow-through System; Metal-free Carbon Nanofiber Membrane; Peroxymonosulfate (pms) Activation; Structural Defects; Antibiotics; Byproducts; Carbon Nanofibers; Carbonization; Catalyst Activity; Catalytic Oxidation; Chemicals Removal (water Treatment); Mass Spectrometry; Membranes; Porous Carbon; Porous Materials; Sodium; Surface Defects; Wastewater Treatment; Water Pollution; Carbon Nanofiber Membranes; Ciprofloxacin Degradation; Ciprofloxacin Hydrochloride; Flow-through Systems; Free Carbon; Metal Free; Metal-free Carbon Nanofiber Membrane; Peroxymonosulfate Activations; Sodium Lignosulfonates; Structural Defect; Chemical Activation"
"Enhancing power output of solar-driven evaporation electric generator through ion behavior regulation","2025","Chemical Engineering Journal","10.1016/j.cej.2025.166730","https://www.scopus.com/inward/record.uri?eid=2-s2.0-105012270808&doi=10.1016%2Fj.cej.2025.166730&partnerID=40&md5=8ebf0fcc7b7a0215ea9c7c18972de304","An evaporation-driven generator shows promise in addressing freshwater-energy shortages, but limited electric output due to slow ion transport hinders its use. We present a new generator system integrating a photothermal conversion layer and electricity-generating layer on a porous sponge skeleton, enhancing water evaporation and electricity generation simultaneously. By incorporating zero-dimensional carbon dots (CDs) and monovalent cations into the electricity-generating layer made of polyelectrolyte-based hydrogels, we improve the generator device's electricity output without compromising solar water evaporation. The electric generator achieves a threefold increase in current output by leveraging the synergistic effect of CDs and monovalent cations in ion transfer within the hydrogels. With optimized parameters, our electric generator generates a short-circuit current of 120.31 μA and an evaporation rate of 1.75 kg·m−2·h−1 under one sun irradiation. Connecting multiple SEG units in series and parallel produces high voltage and current to power electronic devices directly. This study offers an efficient and cost-effective approach for developing solar-driven water-electricity cogeneration systems. © 2025 Elsevier B.V., All rights reserved.","Carbon Dots; Electric Generator; Functional Hydrogel; Ion Transport; Solar Interfacial Evaporation; Carbon; Cogeneration Plants; Electric Power Systems; Electron Devices; Evaporation; Hydroelectric Generators; Hydrogels; Ion Exchange; Solar Power Generation; Carbon Dots; Fresh Water; Functional Hydrogel; Functionals; Ion Behaviors; Ion-transport; Monovalent Cations; Power Output; Solar Interfacial Evaporation; Water Evaporation; Cost Effectiveness"
"Uncovering the critical role of cation vacancies in bronze-type VO2(B) towards enhanced electrochemical storage of mono/multi-valent cations","2025","Chemical Engineering Journal","10.1016/j.cej.2025.166692","https://www.scopus.com/inward/record.uri?eid=2-s2.0-105012269351&doi=10.1016%2Fj.cej.2025.166692&partnerID=40&md5=9f71e5cd993bf374d25cd4fbb84d8b9a","Defects engineering is a promising strategy to realize enhanced mono/multi-valent cations storage in pseudocapacitive material VO<inf>2</inf>(B), however, the mechanistic understanding of mono/multi-valent cations' storage behaviors in VO<inf>2</inf>(B) is still vague, which greatly hinders its practical application. In this study, a novel “Ion doping + Selective etching” strategy has been employed to enable facile and controllable creation of cation vacancies in VO<inf>2</inf>(B) nanobelts. More importantly, the effects of cation vacancies on Na+, Mg2+, Zn2+ and Al3+ ions storage in VO<inf>2</inf>(B) have been clearly elucidated via systematic structural characterizations, theoretical calculations and electrochemical analysis. Zn2+ insertion leads to partial phase transformation of VO<inf>2</inf>(B) to Zn<inf>3</inf>(OH)<inf>2</inf>V<inf>2</inf>O<inf>7</inf>·2H<inf>2</inf>O, in which case the cation vacancies mainly promote charge transfer and provide ion storage sites rather than affect the ion diffusion process. In comparison, the incorporation of cation vacancies is beneficial in facilitating ion diffusion, charge transfer and provide abundant ion storage sites upon Na+, Mg2+ and Al3+ ions storage, thus leads to improved capacitance and rate/cycling capability. In general, this work provides valuable insights in understanding the behaviors of mono/multi-valent cations upon insertion into defective VO<inf>2</inf>(B), which also enables rational design of defect structures in other metal oxide frameworks towards enhanced electrochemical charge storage capability. © 2025 Elsevier B.V., All rights reserved.","Bronze-type Vo2(b); Cation Vacancies; Charge Storage Mechanism; Mono/multi-valent Cations; Supercapacitor; Aluminum Compounds; Boron Compounds; Charge Storage; Defects; Storage (materials); Vanadium Dioxide; Zinc Compounds; Bronze-type Vo2(b); Cation Vacancies; Charge Storage Mechanism; Ion Storage; Mg 2; Mono/multi-valent Cation; Storage Mechanism; Zn 2+; Supercapacitor"
"Multiscale response mechanisms of the anammox system under acute sulfadiazine exposure: From EPS defense to intracellular stress","2025","Chemical Engineering Journal","10.1016/j.cej.2025.166703","https://www.scopus.com/inward/record.uri?eid=2-s2.0-105012266432&doi=10.1016%2Fj.cej.2025.166703&partnerID=40&md5=dc2bd1358a0fefd8e8253ac5f8b4cf62","Sulfadiazine (SDZ), a widely used sulfonamide antibiotic, is frequently detected in various wastewater sources due to its high environmental persistence. Residual SDZ accumulation in wastewater treatment plants (WWTPs) poses a potential threat to critical microbial processes such as anaerobic ammonium oxidation (anammox). However, the acute response mechanisms of anammox systems to SDZ exposure remain unclear. This study systematically elucidated the multiscale effects of acute SDZ exposure on anammox by integrating kinetic modeling, spectroscopy, molecular docking, and structural equation modeling (SEM). Results showed a concentration-dependent inhibition of anammox activity. At 5 mg/L SDZ, nitrogen removal performance was maintained through multilayered synergistic defenses, including preservation of the extracellular polymeric substances (EPS) barrier, enhanced electron transport system activity (ETSA), and upregulated antioxidant enzyme activity. At higher concentrations, SDZ accelerated EPS structural deterioration and facilitated its cellular penetration. Spectroscopic evidence confirmed the selective interaction of SDZ with proteinaceous components (PN) in EPS, inducing conformational and surface charge alterations. Molecular docking further revealed spontaneous interactions between SDZ and both substrate transporters and antioxidant enzymes. SEM analysis revealed that EPS degradation exerted a direct inhibitory effect on anammox activity, while ROS had a weaker indirect impact. Moreover, EPS also modulated the antioxidant system, highlighting its dual role as both a structural shield and biochemical regulator. This study reveals the spatially stratified damage pathway of SDZ and underscores the central role of EPS in anammox resilience. © 2025 Elsevier B.V., All rights reserved.","Acute Exposure; Anammox; Extracellular Polymeric Substances; Response Mechanisms; Sulfadiazine; Antibiotics; Antioxidants; Deterioration; Electron Transport Properties; Nitrogen Removal; Plants (botany); Sulfur Compounds; Wastewater Treatment; Acute Exposure; Anaerobic Ammonium Oxidation; Anammox; Extracellular; Extracellular Polymeric Substance; Oxidation System; Oxidation Systems; Polymeric Substance; Response Mechanisms; Sulfadiazine; Molecular Modeling"
"Biomineralized flexible metal nanofilms with surface plasmon resonance for adhesion of heterogeneous materials","2025","Chemical Engineering Journal","10.1016/j.cej.2025.166476","https://www.scopus.com/inward/record.uri?eid=2-s2.0-105012252271&doi=10.1016%2Fj.cej.2025.166476&partnerID=40&md5=862d39873fc901f5fd82dac74b56d411","Flexible substrates with metal deposition layers are widely used in the fabrication of wearable devices. However, metal deposition processes are often complex and unsatisfactory due to the multifaceted interplay between deposition conditions and substrate properties. Therefore, it is crucial to find a convenient and effective method to improve the bonding between flexible substrates and metal interfaces. In this study, a phase transition protein-induced gold mineralization strategy is proposed to enhance the metal-substate interactions by facilitating gold deposition onto flexible substrates adhered with phase transition proteins. The self-assembly and conformational adaptation of phase transition proteins (including lactalbumin, lysozyme, and bovine serum albumin) driven by disulfide bond cleavage, provide abundant binding sites and stabilize the structure, enabling the reliable mineralization of gold ions on flexible substrates. The resulting gold-modified flexible substrates maintain the inherent flexibility of the original materials while manifesting excellent surface-enhanced Raman scattering (SERS) properties, reproducibility, and mechanical durability, exhibiting compatibility with various substrates, which can be applied for the detection of methotrexate in urine with a wide range from 10−8 to 10−3 M. This research provides a biomimetic approach to optimize metal adhesion on flexible materials and contributes to the development of biocompatible and stable metal-coated flexible materials. © 2025 Elsevier B.V., All rights reserved.","Biomineralization; Flexible Materials; Gold Nanoparticles; Protein Phase Transition; Surface Plasmon Resonance; Adhesion; Biocompatibility; Biomimetic Materials; Biomimetics; Body Fluids; Chemical Bonds; Deposition; Durability; Fiber Optic Sensors; Gold Deposits; Interfaces (materials); Mammals; Metal Coatings; Metal Ions; Metal Nanoparticles; Metal Substrates; Mineralogy; Proteins; Self Assembly; Sulfur Compounds; Surface Scattering; Flexible Materials; Flexible Substrate; Gold Nanoparticle; Gold Nanoparticles; Heterogeneous Materials; Metal Deposition; Nano Films; Protein Phase Transition; Protein Phasis; Surface-plasmon Resonance; Biomineralization; Gold Nanoparticles; Surface Plasmon Resonance"
"Reactive oxygen species generation induced by coupling Phanerochaete chrysosporium with intermittent micro-aeration to enhance methane production","2025","Chemical Engineering Journal","10.1016/j.cej.2025.166351","https://www.scopus.com/inward/record.uri?eid=2-s2.0-105012198437&doi=10.1016%2Fj.cej.2025.166351&partnerID=40&md5=3e7e5cda63a08b4d6e7ca19e23489462","Anaerobic digestion is constrained by the rate-limiting step of hydrolysis and acidogenesis of macromolecular organic matter, which significantly affects the overall process efficiency and system stability. This study introduced aerobic fungi Phanerochaete chrysosporium into an anaerobic digestion system combined with intermittent micro-aeration to induce the generation of extracellular reactive oxygen species, thereby accelerating the decomposition of organic solid waste and promoting methane production. The results showed that under an optimal aeration intensity of 8 % (V<inf>Aeration</inf>:V<inf>Reactor</inf>)/day, the intermittent micro-aeration (IMA) group enhanced cumulative methane production by 17.22 %, while the combined application of IMA with P. chrysosporium (IMA-P) group increased by 26.36 %, both relative to the non-aerated control group lacking P. chrysosporium supplementation. The implementation of intermittent micro-aeration induced periodic oscillations in oxidation-reduction potential, ranging from −460 mV to −300 mV, which subsequently triggered the generation of •OH at concentrations between 35.84 μM and 65.29 μM. Under the limited oxygen condition, P. chrysosporium secreted lignocellulolytic enzymes and enhanced •OH generation to accelerate the degradation of lignocellulose. Microbial community analysis revealed that P. chrysosporium could proliferate in the anaerobic digester under such intermittent micro-aeration conditions. The enrichment of methanogens capable of coping with O<inf>2</inf> stress, along with the elevated abundance of antioxidant enzyme genes, might account for the effective continuation of methanogenesis under intermittent micro-aeration conditions. This study offered a feasible method to improve the anaerobic digestion of complex substrates through the combination of P. chrysosporium supplementation and intermittent micro-aeration. © 2025 Elsevier B.V., All rights reserved.","Intermittent Micro-aeration; Lignocellulose; Oxidation-reduction Potential; Reactive Oxygen Species; White-rot Fungi; Digestive System; Enzymes; Fungi; Methane; Methanogens; Oxygen; Reactive Oxygen Species; System Stability; Anaerobics; Chrysosporium; Condition; Intermittent Micro-aeration; Methane Production; Oxidation-reduction Potentials; Phanerochaete Chrysosporium; Rate-limiting Steps; White Rot Fungi; Anaerobic Digestion"
"Urease-mediated homogeneous dual-mode biosensor for on-site qualitative and accurate sensitive quantitative detection of toxic soluble Aβ oligomers in undiluted samples","2025","Chemical Engineering Journal","10.1016/j.cej.2025.166632","https://www.scopus.com/inward/record.uri?eid=2-s2.0-105012198392&doi=10.1016%2Fj.cej.2025.166632&partnerID=40&md5=bb34e7f77103f6276affd7697cbe8084","In different contexts of Alzheimer's disease (AD), specific criteria for detecting toxic soluble amyloid β (Aβ) oligomers are crucial: Early detection requires highly-sensitive and accurate technology, while assessing treatment efficacy requires qualitative analysis using predefined thresholds. However, traditional methods, particularly single signal output, struggle to fulfill these criteria. Here, we present a urease-mediated homogeneous dual-mode biosensor that combines colorimetry and field-effect transistor (FET) through dual-aptamer recognition for the analysis of Aβ oligomers. This approach overcomes the challenges associated with surface modification of FET biosensors, allowing for both qualitative on-site detection (at pM levels) and highly-sensitive quantitative analysis (at fM levels) of Aβ oligomers in undiluted samples. The dual-mode biosensor displayed excellent performance in fetal bovine serum (FBS), artificial cerebrospinal fluid (aCSF) and rabbit whole blood samples, achieving a high recovery rate ranging from 96.1 % to 101 % and a low relative standard deviation between 1.7 % and 5.1 % when detecting Aβ oligomers in undiluted samples. Furthermore, clinical tests of serum and plasma samples from AD patients and healthy individuals also verified the sensitivity and specificity of the proposed dual-mode biosensor, demonstrating its potential application in early screening and monitoring of AD treatment processes. © 2025 Elsevier B.V., All rights reserved.","Aβ Oligomers; Colorimetric; Dual-aptamer Recognition; Dual-mode Biosensor; Field-effect Transistor; Biosensors; Body Fluids; Diagnosis; Field Effect Transistors; Mammals; Neurodegenerative Diseases; Patient Monitoring; Patient Treatment; Screening; Surface Treatment; Alzheimers Disease; Amyloid Β Oligomer; Aptamers; Colorimetric; Dual Modes; Dual-aptamer Recognition; Dual-mode Biosensor; Field-effect Transistor; Qualitative Analysis; Quantitative Detection; Colorimetry"
"Highly integrated silk fibroin/nanohydroxyapatite hybrid composites via interface engineering for enhancing bone regeneration","2025","Chemical Engineering Journal","10.1016/j.cej.2025.166676","https://www.scopus.com/inward/record.uri?eid=2-s2.0-105012194773&doi=10.1016%2Fj.cej.2025.166676&partnerID=40&md5=895082aa7314b2b059df84a0ac2991a0","Composite materials incorporating natural biopolymers and inorganic minerals are attractive alternatives to mimic the physicochemical properties of native bone tissues and have been increasingly applied in the field of bone defect repair. However, the poor interfacial bonding between organic and inorganic phases in traditional composite biomaterials leads to serious organic-inorganic phase separation and inevitable agglomeration of inorganic minerals, resulting in their insufficient mechanical properties and weak bone remodeling activity. Herein, a covalent bond-mediated interface engineering strategy between silk fibroin macromolecules and hydroxyapatite nanoparticles is adopted to develop novel organic-inorganic hybrid composites (named mSF/mHA/BP) with impressively high interfacial compatibility. This method significantly enhances the interfacial bonding between organic and inorganic phases and achieves uniform distribution of inorganic nanoparticles, endowing mSF/mHA/BP with exceptional load-bearing capacity, strengthened mechanical performance, and superior anti-crack propagation. Besides ensuring robust physicochemical characteristics, the interface-engineered hybrid composite also provides a powerful platform for spatiotemporal regulation of bone healing progression. The additional loading of nanodrugs onto mSF/mHA/BP effectively induces the osteogenic differentiation of mesenchymal stem cells and the angiogenesis activity of vein endothelial cells, regulating the osteogenic metabolism and vascular network formation. In vivo rat cranial bone defect studies verify that the implantation of mSF/mHA/BP effectively accelerates the active bone remodeling process to promote the regeneration of mineralized bone tissues in the defect region, thus ensuring sufficient osseointegration and biomechanical support. Overall, this interface engineering strategy offers a new design insight for developing bone regenerative organic-inorganic composite biomaterials. © 2025 Elsevier B.V., All rights reserved.","Covalent Cross-linking; Cranial Bone Regeneration; Interface Engineering; Methacrylate Modification; Organic-inorganic Composite Biomaterials; Bearings (machine Parts); Biomaterials; Biomechanics; Biomolecules; Biopolymers; Bone; Cell Culture; Endothelial Cells; Hybrid Composites; Organic Minerals; Organic-inorganic Materials; Tissue Regeneration; Bone Regeneration; Composite Biomaterials; Covalent Crosslinking; Cranial Bone; Cranial Bone Regeneration; Inorganic Phasis; Interface Engineering; Methacrylate Modification; Organic-inorganic Composite Biomaterial; Organic/inorganic Composites; Hydroxyapatite"
"Vapor additive strategy enabling perfect crystallization of vacuum-evaporated photovoltaic perovskites","2025","Chemical Engineering Journal","10.1016/j.cej.2025.166578","https://www.scopus.com/inward/record.uri?eid=2-s2.0-105012192670&doi=10.1016%2Fj.cej.2025.166578&partnerID=40&md5=f9a07331f9d75d208d0ab68ab9d94d1b","Vacuum evaporation is widely regarded as a promising approach for the large-scale production of perovskite solar cells (PSCs) owing to its solvent-free nature, precise thickness control, and compatibility with manufacturing. However, vacuum-evaporated perovskites still suffer from poor crystallinity, small grain sizes, and high defect density, which result in significantly lower efficiency compared to solution-processed counterparts. Herein, we report a strategy that employs sequential evaporation of a methylammonium chloride (MACl) interlayer to tune the crystallization of perovskite films. The intercalation effect of MACl on lead diiodide (PbI<inf>2</inf>) is utilized to regulate the crystallization rate of perovskite through the formation of an intermediate phase, thereby achieving high-quality perovskite films. The impressive PCE of 20.03 % and 18.27 % were ultimately achieved for small-area (0.108 cm2) and large-area (15.52 cm2) devices, respectively. The unencapsulated device exhibits excellent stability, retaining 91 % of its initial PCE after 1000 h under ambient conditions (25 ± 5 °C and 30–40 % relative humidity). This work provides a novel crystallization modulation strategy for vacuum-evaporated perovskites, getting a breakthrough of PCE >20 % for fully vacuum-evaporated PSCs. © 2025 Elsevier B.V., All rights reserved.","Defects; Delayed Crystallization; Fully Vacuum-evaporated Pscs; Intercalation Effect; Vacuum-evaporation; Chlorine Compounds; Chromium Compounds; Composite Films; Crystallinity; Crystallization Kinetics; Defect Density; Lead Compounds; Perovskite; Perovskite Solar Cells; Photovoltaic Effects; Delayed Crystallization; Fully Vacuum-evaporated Perovskite Solar Cell; High Defect Densities; Intercalation Effect; Large Scale Productions; Perovskite Films; Photovoltaics; Poor Crystallinity; Small Grain Size; Solvent Free; Vacuum Evaporation"
"Photothermal and electrothermal superhydrophobic anti-icing/de-icing coating based on straw-derived sorbitol","2025","Chemical Engineering Journal","10.1016/j.cej.2025.166517","https://www.scopus.com/inward/record.uri?eid=2-s2.0-105012177178&doi=10.1016%2Fj.cej.2025.166517&partnerID=40&md5=71a6959e45f5a68da2142be0b3026b1b","Severe icing poses a significant threat to power grid systems and energy equipment. A novel superhydrophobic coating with synergistic photothermal-electrothermal anti-icing/de-icing capabilities, based on sorbitol extracted from straw, was developed in this study. The surface microstructure and chemical composition of the coating were characterized by scanning electron microscopy (SEM), water contact angle (WCA) measurements, and Fourier transform infrared spectroscopy (FTIR). Durability was assessed through continuous tape-stripping tests and acid–base immersion experiments. Furthermore, molecular dynamics simulations were conducted to investigate the superhydrophobic mechanism of the coating at the molecular level. The findings revealed that the coating had a microstructure featuring quasi-spherical nanopillars, achieved a WCA of 154°, and was capable of raising the surface temperature from −15 °C to 30 °C under a voltage of 0.8 V and an optical power density of 0.9 W/cm2. These results highlighted the excellent photothermal and electrothermal properties of the coating. After 12 h of acid–base immersion, the coating maintained good chemical durability. MD simulations indicate that lower diffusion coefficients and lower interfacial binding energies are conducive to enhancing the superhydrophobic properties of the coating. This study provides novel insights and significant theoretical support for the preparation of anti-icing/de-icing functional materials. © 2025 Elsevier B.V., All rights reserved.","Anti-icing And De-icing Coating; Electrothermal/photothermal; Environment-friendly; Sorbitol; Superhydrophobic; Binding Energy; Coatings; Contact Angle; Electric Heating; Functional Materials; Molecular Dynamics; Nanostructures; Scanning Electron Microscopy; Snow And Ice Removal; Acid Base; Anti-icing; Anti-icing And De-icing Coating; Electrothermal/photothermal; Environment Friendly; Icing Coatings; Photo-thermal; Property; Sorbitol; Superhydrophobic; Durability; Fourier Transform Infrared Spectroscopy"
"Bifunctional hyperbranched modifier enabled interlocking interfaces for ultra-strong recyclable carbon fiber/bio-epoxy composites","2025","Chemical Engineering Journal","10.1016/j.cej.2025.166591","https://www.scopus.com/inward/record.uri?eid=2-s2.0-105012150598&doi=10.1016%2Fj.cej.2025.166591&partnerID=40&md5=59d3a4763937349386dc2ddfbbcc4efd","The growing demand for sustainable materials presents critical challenges for conventional petroleum-based epoxy resins and their carbon fiber composites in terms of recyclability and sustainability, as well as for the enhancement of mechanical performance of emerging bio-epoxy systems to meet industrial standards. Here, we have developed a novel fabrication strategy for high-performance carbon fiber-reinforced composites (CFRC) based on bio-based epoxy resins. A bio-based thiol-terminated hyperbranched polymer (BMSPI-n), incorporating both imide and hexahydro-s-triazine structures, was employed to functionalize pristine carbon fiber fabrics while simultaneously serving as a toughener (BMIHE-n) for bio-based epoxy resins (DGEVA). The resulted BMIHE/DGEVA/BTCF<inf>12</inf> composites have demonstrated remarkable mechanical performance, including high tensile strength (869.88 MPa), flexural strength (865.94 MPa), and interlaminar shear strength (53.61 MPa), attributed to the synergistic effect of high cross-linking density, efficient stress transfer through interlocking interfaces, and multi-scale energy dissipation mechanisms of hyperbranched topology. Meanwhile, the presence of dynamic imide and hexahydro-s-triazine structures has endowed the composites with excellent degradability, facilitating the intact recycling of high-value carbon fibers. This finding has provided a promising pathway for developing high-strength, high-modulus, recyclable and sustainable bio-based epoxy resins and CFRCs. © 2025 Elsevier B.V., All rights reserved.","Bio-based Epoxy Resins; Carbon Fibers; Degradation; Hyperbranched Polymers; Interlocking Interfaces; Carbon Fiber Reinforced Plastics; Crosslinking; Energy Dissipation; Energy Efficiency; Petroleum Industry; Shear Flow; Shear Strength; Bio-based; Bio-based Epoxy Resin; Epoxy; Hyperbranched; Hyperbranched Polymers; Interlocking Interface; Interlockings; Mechanical Performance; Recyclables; S-triazines; Carbon Fibers; Degradation; Tensile Strength"
"Boosting ferroptosis-based therapy for intestinal pathogens: Co-assembled decoy nanoparticle-lipopeptide nano-spear with membrane-penetrating capacity and enzymatic resistance","2025","Chemical Engineering Journal","10.1016/j.cej.2025.166081","https://www.scopus.com/inward/record.uri?eid=2-s2.0-105012148546&doi=10.1016%2Fj.cej.2025.166081&partnerID=40&md5=bc17a367265dd313e1bd714f4c088972","The escalating antibiotic resistance in chronic infections underscores the critical need for effective antibacterial therapies. In this study, we propose a self-assembled “nano-spear” triblock compound consisting of a pH-responsive coiled-coil peptide antibacterial block ((FHHFHHH)<inf>3</inf>), conjugated with a myristic acid hydrophobic block, and a Dab<inf>6</inf> stealth block. These blocks are co-polymerized via electrostatic complexation and hydrophobic packing. This compound self-assembles into micro-nano vesicles in an infection environment (pH 5.0) and polymerizes with Dab<inf>6</inf> to form a cell-penetrating peptide (CPP) with a high density of positive charges on the vesicle surface. Notably, this highly positively charged material overcomes the sensitivity of CPPs to digestive enzymes. In proof-of-concept studies, the block copolymer CF-Dab, which exhibits potent antibacterial activity but is highly toxic, was co-assembled into CF-Dab/PLGA@RBC nanoparticles, thereby enhancing biocompatibility. Oral nanoparticle administration enables macropinocytosis-mediated cellular uptake and bacterial membrane-targeted in situ self-assembly, inducing membrane collapse. Additionally, these nanoparticles act as decoys to competitively neutralize lipid peroxides through the red blood cell membrane within the copolymer, bypassing the classical GPX4 antioxidant defense mechanism and alleviating pathogenic intestinal infections. The nano-spear strategy eliminates complex compound modifications, providing a versatile solution to toxicity and intestinal delivery barriers—major translational challenges in therapeutic development. © 2025 Elsevier B.V., All rights reserved.","Anti-infection; Block Copolymer; Intestinal Delivery; Lipopeptide; Nanoparticle; Antibiotics; Biocompatibility; Cell Membranes; Complexation; Cytology; Hydrophobicity; Molecular Biology; Peptides; Self Assembly; Anti-infection; Antibacterials; Antibiotics Resistance; Block Co Polymers; Chronic Infection; Enzymatic Resistance; Intestinal Delivery; Lipopeptides; Ph-responsive Coiled Coil; Triblocks; Nanoparticles"
"High-entropy sulfide and nanozyme hybrid system with synergistic interface-engineering: Ultra-sensitive photoelectrochemical detection of chloramphenicol","2025","Chemical Engineering Journal","10.1016/j.cej.2025.166558","https://www.scopus.com/inward/record.uri?eid=2-s2.0-105012148022&doi=10.1016%2Fj.cej.2025.166558&partnerID=40&md5=1de3815744bef9daf0d3d9f1b32f2e41","Chloramphenicol (CAP) is a broad-spectrum antibiotic commonly used for disease prevention and treatment, but its entry into human body through food chains can pose serious health risks. In this work, multi-interface high-entropy sulfide (CdMnCoZnNi)S<inf>x</inf> was synthesized by a one-pot solvothermal method, and utilized to construct a novel photoelectrochemical (PEC) aptasensor for chloramphenicol (CAP) detection. The (CdMnCoZnNi)S<inf>x</inf> exhibited excellent PEC activity, as manifested by a set of techniques. Meanwhile, a homemade PtRuFeCoMn high-entropy alloy nanozyme played a pivotal role in catalyzing 3,3′-dimethyldiphenylamine (DAB) oxidation in the presence of H<inf>2</inf>O<inf>2</inf>, producing insoluble precipitates that significantly amplified the detection signals. Benefiting from these advantages, the developed PEC sensor demonstrated a wide linear detection range of 0.001–100 ng mL−1 and an ultra-low detection limit of 0.75 pg mL−1. The sensor's effectiveness was validated through successful application in analysis of real water samples, accompanied by a comprehensive health risk assessment. This study provides a simple and efficient approach for monitoring antibiotic contamination in aquatic environment and highlights significant potential of advanced high-entropy materials in biosensing and bio-catalysis. © 2025 Elsevier B.V., All rights reserved.","Catalytic Precipitation; Chloramphenicol; High-entropy Alloy Nanozyme; High-entropy Sulfide; Photoelectrochemical Sensor; Antibiotics; Binary Alloys; Chemical Detection; Cobalt Alloys; Electrochemistry; Entropy; High-entropy Alloys; Platinum Alloys; Risk Assessment; Ruthenium Alloys; Sulfur Compounds; Ternary Alloys; Broad Spectrum Antibiotics; Catalytic Precipitation; Chloramphenicol; High Entropy Alloys; High-entropy Alloy Nanozyme; High-entropy Sulphide; Interface Engineering; Photoelectrochemical Sensors; Photoelectrochemicals; Ultrasensitive; Health Risks"
"Simultaneous exciton control and electron recycling in pyrene-based stable blue fluorescent organic light-emitting diodes via hybridized local and charge transfer and triplet-triplet fusion mechanisms","2025","Chemical Engineering Journal","10.1016/j.cej.2025.166658","https://www.scopus.com/inward/record.uri?eid=2-s2.0-105012147931&doi=10.1016%2Fj.cej.2025.166658&partnerID=40&md5=e22863521483a42da2102a6a6306e8d2","While anthracene-based fluorescent materials utilizing triplet–triplet fusion (TTF) can theoretically achieve internal quantum efficiencies (IQEs) up to 62.5 %, their performance is hindered by non-emissive high-lying triplet state (T<inf>n</inf>, n ≥ 2) excitons and instability caused by electron leakage. To address this, we report a pyrene-based fluorescent emitter, 9-(4-(6-(4-(1-phenyl-1H-benzo[d]imidazol-2-yl)phenyl)pyren-1-yl)phenyl)-9H-carbazole (p-CPI), which simultaneously exhibits TTF and hybridized local and charge transfer (HLCT) characteristics. Transient electroluminescence (TrEL) and magneto-electroluminescence (MEL) measurements confirm that the HLCT pathway facilitates high-lying reverse intersystem crossing (hRISC), allowing non-radiative triplet excitons to contribute to emission, thereby suppressing triplet-related quenching and enhancing device stability. As a result, a non-doped p-CPI device achieves an LT<inf>70</inf> (the time taken for the luminance to decrease to 70 % of its initial value) of 115 h, corresponding to more than a 50-fold improvement in operational lifetime compared to a conventional TTF-based device. Furthermore, when used as an electron harnessing and recycling (EHR) layer between the emissive layer (EML) and electron blocking layer (EBL), p-CPI captures and recycles leakage electrons while protecting the EBL from degradation, resulting in a slightly improved external quantum efficiency (EQE) of 7.49 % and extending the operational lifetime to an LT<inf>70</inf> of 27 h, more than a twofold enhancement compared to the reference device. This dual-channel exciton management and EHR strategy offers a promising approach for overcoming the long-standing efficiency-lifetime trade-off in blue fluorescent organic light-emitting diodes (OLEDs). © 2025 Elsevier B.V., All rights reserved.","Degradation; Electron Harnessing And Recycling; Hybridized Local And Charge Transfer; Lifetime; Triplet-triplet Fusion; Display Devices; Doping (additives); Electroluminescence; Electrons; Excitons; Fluorescence Quenching; Luminance; Organic Light Emitting Diodes (oled); Pyrene; Quantum Efficiency; Quantum Theory; Recycling; Electron Blocking Layer; Electron Harnessing And Recycling; Fluorescent Materials; Fusion Mechanism; Hybridized Local And Charge Transfer; Lifetime; Lightemitting Diode; Operational Lifetime; Organic Light-emitting; Triplet-triplet Fusion; Charge Transfer; Degradation"
"In-situ photocatalysis enabled preparation of high-performance flexible inductive electrodes in triboelectric nanogenerators","2025","Chemical Engineering Journal","10.1016/j.cej.2025.166526","https://www.scopus.com/inward/record.uri?eid=2-s2.0-105012144968&doi=10.1016%2Fj.cej.2025.166526&partnerID=40&md5=ed008ed363086b32b48fbf6268bd3d14","The induction electrode plays a critical role in determining triboelectric nanogenerator (TENG) performance through electrostatic induction. However, traditional fabrication methods involving metal tape adhesion face inherent limitations: i. The adhesive layer increases induction distance (which is inversely proportional to maximum surface charge density), consequently reducing output; ii. Their susceptibility to inelastic deformation prevents reliable operation under flexible/elastic strain required by wearable devices. To address these challenges, we developed a novel in-situ photocatalytic method for synthesizing silver nanoparticle (AgNPs) electrodes. Achievable even with ambient sunlight, this simple synthesis process can be accelerated to 1 min using high-power illumination. This method eliminates the adhesive layer required by traditional electrodes, enabling exceptional flexibility, stability, and adaptability. Free from expensive instruments, our low-cost method achieves 187 % enhanced output over traditional electrodes, rivaling magnetron-sputtered electrodes. The AgNPs electrode hybridized with minimal silver nanowires (AgNWs) exhibits superior resistance stability compared to the pure AgNWs electrode, using only 2.5 % AgNWs nano-material. Benefiting from the structural merits of AgNPs and their hybrid architecture, the developed electrodes achieve good flexibility and elastic strain performance. These advancements demonstrate the high potential of AgNPs induction electrodes for high-performance TENGs and wearable applications. © 2025 Elsevier B.V., All rights reserved.","Induction Electrode; Photocatalysis; Silver Nanoparticles; Stretchable; Triboelectric Nanogenerator; Adhesives; Electric Resistance Measurement; Electrodes; Electrostatic Devices; Electrostatics; Metal Nanoparticles; Nanocomposites; Nanogenerators; Silver Compounds; Silver Nanowires; Synthesis (chemical); Triboelectricity; Wearable Technology; Adhesive Layers; Elastic-strains; Electrostatic Induction; Fabrication Method; Induction Electrode; Metal Tapes; Performance; Stretchable; Triboelectric Nanogenerator; Photocatalysis; Silver Nanoparticles"
"High-performance triboelectric nanogenerator based on mangosteen peel-derived carbon for energy harvesting and self-powered sensing","2025","Chemical Engineering Journal","10.1016/j.cej.2025.166516","https://www.scopus.com/inward/record.uri?eid=2-s2.0-105012144200&doi=10.1016%2Fj.cej.2025.166516&partnerID=40&md5=bf113bcc27fb3933d982fd95390e2040","This study presents the successful development of a novel, sustainable, and carbon-based triboelectric nanogenerator (TENG) utilizing biomass waste. Through a simple carbonization and activation process, mangosteen peel-derived carbon materials (MPC) with abundant pore structures were obtained. The resulting MPC was employed as the electrode in the TENG. The fabricated MPC-based TENG (MPC-TENG) harvested mechanical energy from both the human body and surrounding environment, converting it into electrical energy or signals. The optimized MPC-TENG device exhibits remarkable electrical output, effective human motion detection, and excellent mechanical durability. It generated an open-circuit voltage of 758 V, short-circuit current of 10.08 μA (at 7 Hz), and power density of 909 mW/m2. Furthermore, the device powered up to 671 commercially available blue and white LEDs connected in series. The MPC-TENG sensor successfully facilitated human gesture (e.g., fist wheel/finger/palm tapping) and gait recognition, exhibiting excellent water resistance and minimal signal fluctuation after 14,000 cycles. These exceptional performance characteristics are attributed to the activation-induced high specific surface area (952 m2/g), abundant pore architecture (0.41 cm3/g), enhanced defect density (I<inf>D</inf>/I<inf>G</inf> ratio: 1.03 → 1.07), higher N self-doping content (1.2 → 1.6 at.%), and improved dielectric constant (3.0 → 4.3 at 1 kHz). This study offers a novel perspective on the development of biomass-based TENGs with extended lifetimes and enhanced output performance. © 2025 Elsevier B.V., All rights reserved.","Energy Harvesting; Mangosteen Peel-derived Carbon Material; Pyrolysis; Self-powered Sensor; Triboelectric Nanogenerator; Carbon; Carbonization; Defect Density; Motion Analysis; Nanogenerators; Open Circuit Voltage; Pore Structure; Surface Defects; Triboelectricity; Carbon Material; Derived Carbons; Energy; Mangosteen Peel-derived Carbon Material; Performance; Self-powered; Self-powered Sensing; Self-powered Sensor; Triboelectric Nanogenerator; Chemical Activation"
"Electro-microbial destruction of ‘forever chemicals’: Recent advances and imminent challenges","2025","Chemical Engineering Journal","10.1016/j.cej.2025.166499","https://www.scopus.com/inward/record.uri?eid=2-s2.0-105012138296&doi=10.1016%2Fj.cej.2025.166499&partnerID=40&md5=c2363e33c71a9b77e49e189744c9d8e8","The widespread presence of per- and polyfluoroalkyl substances (PFAS), or “forever chemicals,” poses significant environmental and public health challenges due to their persistence and toxic effects. Characterized by strong carbon‑fluorine (C[sbnd]F) bonds, PFAS resist natural degradation, leading to contamination of soil, water, and organisms. These synthetic compounds originate from various sources, such as industrial discharges, firefighting foams, and consumer products, with exposure routes including contaminated drinking water, food, and air. Risks associated with PFAS exposure include endocrine disruption, developmental disorders, immunotoxicity, and cancer, highlighting the urgent need for effective destruction technologies. This review evaluates advanced destruction methods for PFAS, focusing on microbial biotransformation, electrochemical degradation, and bioelectrochemical systems (BES). Microbial approaches utilize microorganisms to break down PFAS under anaerobic conditions, while electrochemical methods cleave carbon‑fluorine bonds through reactive species. BES combines microbial and electrochemical reactions for enhanced efficiency. Despite advancements, challenges remain, including incomplete defluorination, toxic intermediates, high costs, and scalability issues. This review addresses the mechanisms, advantages, and limitations of each technique, underscoring the need for interdisciplinary approaches to develop sustainable solutions. The findings aim to guide researchers, policymakers, and industry stakeholders in mitigating the impacts of forever chemicals on health and the environment. © 2025 Elsevier B.V., All rights reserved.","Bioelectrochemical Systems (bes); Electrochemical Advanced Oxidation Processes (eaops); Electrochemical Degradation; Microbial Biotransformation; Pfas; Biochemistry; Biodegradation; Carbon; Chemical Contamination; Fluorine; Industrial Chemicals; Public Health; Reaction Intermediates; Bio-electrochemical; Bioelectrochemical System; Electrochemical Advanced Oxidation Process; Electrochemical Degradation; Microbial Biotransformations; Microbials; Natural Degradation; Polyfluoroalkyl Substances; Toxic Effect; Consumer Products"
"Selective catalytic activation of peroxymonocarbonate over a Co[sbnd]Cu co-embedded alginate hydrogel spheres for efficient antibiotic degradation","2025","Chemical Engineering Journal","10.1016/j.cej.2025.166581","https://www.scopus.com/inward/record.uri?eid=2-s2.0-105012134875&doi=10.1016%2Fj.cej.2025.166581&partnerID=40&md5=6f3a8f66d47eff518bc0deb30289f27a","Activated permonocarbonate (PMC) systems hold significant promise for the removal of aquaculture antibiotics from complex water matrices but are constrained by the lack of highly selective activation techniques. To address this, Co(II) and Cu(II) co-embedded alginate hydrogel spheres (Co/Cu@AHS) were developed as a heterogeneous activator, and their efficacy in selectively activating PMC was evaluated using ciprofloxacin (CIP) as a model antibiotic pollutant. The activation performance was investigated under various hydrogel synthesis conditions, operational parameters and water matrices. Notably, under optimal conditions (10 mM NaHCO<inf>3</inf> and 5 mM H<inf>2</inf>O<inf>2</inf>), a CIP removal efficiency of 99.4 % was achieved within 30 min, accompanied by a reaction rate constant of 0.1685 min−1 and an oxidant utilization efficiency of 97.2 %. This was attributed to the selective activation of PMC by Co/Cu@AHS, which generated a large number of radical and non-radical reactive species (e.g. ·OH, CO<inf>3</inf>·−, 1O<inf>2</inf>, ·O<inf>2</inf>−, Co(IV) and Cu(III)). Mechanistic studies elucidated the synergistic redox interactions between Co and Cu in detail, revealing an electron donor-acceptor mechanism that enables more efficient PMC activation compared to single-metal system. Degradation pathway analysis, based on LC-MS and density functional theory calculations, indicated that defluorination, decarboxylation, and piperazine epoxidation were the main degradation routes for CIP transformation. Toxicity assessment further demonstrated a reduction in the toxicity of the degradation intermediates. The hydrogel spheres also exhibited minimal metal leaching (<1.0 mg/L), excellent reusability over eight cycles, and robustness in real water quality matrices. Moreover, the feasibility of in-situ generation of PMC using CO<inf>2</inf> for antibiotic control was explored. This study presents a sustainable and high-performance strategy for highly selective activation of PMC and the control of antibiotics in aquaculture effluents. © 2025 Elsevier B.V., All rights reserved.","Aquaculture Antibiotic; Hydrogel Spheres; Peroxymonocarbonate; Selective Catalysis; Antibiotics; Aquaculture; Chemical Activation; Cobalt Compounds; Copper; Copper Compounds; Degradation; Density Functional Theory; Epoxidation; Hydrogels; Quality Control; Rate Constants; Redox Reactions; Toxicity; Water Pollution; Alginate Hydrogels; Aquaculture Antibiotic; Catalyse; Catalytic Activation; Hydrogel Spheres; Performance; Peroxymonocarbonate; Selective Activation; Selective Catalyze; Water Matrices; Spheres"
"Current advances in furfural reduction to furfuryl alcohol via thermal- and electrocatalysis","2025","Chemical Engineering Journal","10.1016/j.cej.2025.166588","https://www.scopus.com/inward/record.uri?eid=2-s2.0-105012131836&doi=10.1016%2Fj.cej.2025.166588&partnerID=40&md5=559a1fb0d80f84c36c4bec5a966b7c69","Reproducible organic carbon sources with inherent sustainability, biology based compounds possess potential to serve as prime feedstocks for conversion into premium-grade chemical derivatives and alternative bio-fuels, presenting an environmentally conscious solution to energy security issues arising from depleting petroleum resources. Furfuryl alcohol (FFA), a versatile bio-based platform chemical with wide industrial applications, is predominantly produced via the catalytic hydrogenation of furfural (FFR), a key renewable intermediate derived from lignocellulosic biomass. This state-of-the-art review decodes breakthrough strategies in FFR valorization, particularly focusing on emerging FFA production pathways through advanced catalytic systems, systematically categorizing the transformation routes into three reaction pathways: conventional hydrogenation process, catalytic transfer hydrogenation and electrochemical hydrogenation. Furthermore, we highlight the latest advancements in innovative catalytic material design, aiming to offer strategic guidance for achieving highly FFA production via specific reaction pathways. Finally, the technical challenges and future research directions associated with the three FFR-to-FFA conversion routes are critically analyzed so that it could denote an obvious methodology for designing innovative catalysts. This review is anticipated to establish a comprehensive guidance for designing efficient and selective catalysts, ultimately advancing the scalable industrial implementation of biomass valorization. © 2025 Elsevier B.V., All rights reserved.","Catalytic Transfer Hydrogenation; Conventional Hydrogenation; Electrochemical Hydrogenation; Furfural; Furfuryl Alcohol; Catalysis; Catalysts; Energy Policy; Hydrogenation; Lignocellulosic Biomass; Petroleum Deposits; Strategic Materials; % Reductions; 'current; Bio-fuels; Carbon Source; Catalytic Transfer Hydrogenation; Conventional Hydrogenation; Electrochemical Hydrogenation; Furfuryl Alcohol; Organics; Thermal; Furfural"
"Sonodynamic nanocatalytic therapy: ultrasound-activated PVA/nanocellulose-tannic acid hydrogels for mechano-antimicrobial plaque disruption and enamel-safe chromophore degradation","2025","Chemical Engineering Journal","10.1016/j.cej.2025.166617","https://www.scopus.com/inward/record.uri?eid=2-s2.0-105012131809&doi=10.1016%2Fj.cej.2025.166617&partnerID=40&md5=01d50b0bad921df1ba77b52d5652cbe4","Periodontitis represents a chronic inflammatory disorder triggered by multi-species oral bacterial infection of periodontal tissues. If left untreated, this condition can culminate in severe consequences, including alveolar bone resorption and loss of tooth support architecture. Given these clinical challenges, the development of a safe and effective strategy for plaque elimination and dental whitening remains a critical unmet need in periodontal care. To address this, we report the design and fabrication of polyvinyl alcohol (PVA)-based hydrogel loaded with tannic acid @ nanocellulose nanoparticles (PTAN). This novel composite system demonstrates dual functionality: robust antibacterial activity and biocompatible teeth-whitening efficacy. Under ultrasonic irradiation, the cavitation-generated mechanical forces drive targeted attachment of tannic acid @ nanocellulose nanoparticles (TAN) to bacterial surfaces. This process induces bidirectional impact and frictional forces, rendering bacterial cell walls mechanically sensitive. Additionally, it promotes the production of hydroxyl radicals and singlet oxygen, while enhancing the transmission of tannic acid-mediated death signals to pathogens. Concurrently, the hydrogel's porous architecture synergizes with the polyphenolic binding capacity of tannic acid to pigmented substrates. This dual-mechanism enables efficient capture and adsorption of chromogenic molecules within the hydrogel matrix. Collectively, our findings establish PTAN hydrogel as a rapid, highly effective, and biocompatible strategy for simultaneous plaque removal and dental decolorization, offering promising translational potential for clinical periodontal therapy. © 2025 Elsevier B.V., All rights reserved.","Biofilm Disruption; Hydrogel; Periodontitis; Sonodynamic Nanocatalytic Therapy; Teeth Whitening; Bacteria; Biocompatibility; Cell Membranes; Degradation; Disease Control; Diseases; Nanoparticles; Ultrasonics; Biofilm Disruption; Chronic Inflammatory; Inflammatory Disorders; Nano-cellulose; Periodontiti; Polyvinyls; Sonodynamic Nanocatalytic Therapy; Sonodynamics; Tannic Acid; Teeth Whitenings; Hydrogels"
"Preparation of ordered polyaniline by interfacial polymerization and application in Zn2+ hybrid supercapacitor","2025","Chemical Engineering Journal","10.1016/j.cej.2025.166437","https://www.scopus.com/inward/record.uri?eid=2-s2.0-105012126194&doi=10.1016%2Fj.cej.2025.166437&partnerID=40&md5=732284e9c52ce2e526fb1dcbb15caa23","As one of the most common cathode materials for Zn2+ hybrid supercapacitor (ZHSC), polyaniline (PANI) is still facing problems such as low practical capacity and poor long-term cycling stability. In this study, we prepared the ordered polyaniline (PANI-i) with high crystallinity by the optimized interfacial polymerization as a promising cathode material for ZHSC. It was found that PANI-i had a vertically aligned nanofiber network structure with a diameter of 150–250 nm, high crystallinity and tight π-π stacking conducive to the enhanced ion transport efficiency and structural stability. Just as expected, the specific capacitance of PANI-i reaches as higher as 496.5 F g−1 at 10 mV s−1, which is 4.6 times higher than that of traditional solution polymerization polyaniline (PANI-s); and its charge transfer resistance (0.66 Ω) and diffusion resistance (σ = 0.18 Ω s-1/2) are significantly lower than PANI-s. Notably, ZHSC assembled with PANI-i provides an ultra-high specific energy of 143.7 Wh kg−1 at 996.9 W kg−1, which outperforms most of the reported materials. Due to the higher crystallinity and structural stability of PANI-i, ZHSC achieves 97.2 % capacity retention after 5000 cycles even at 1 A g−1. Kinetic analysis confirmed the synergistic domination by surface pseudocapacitance and diffusion processes for the charge storage of PANI-i and the effectively optimized Zn2+ adsorption/diffusion pathways by the nanofiber network structure. This study provides a new strategy for the upgrading performance of traditional conductive polyaniline and demonstrates the more in-depth applications of interfacial polymerization technology in high-performance electrode materials for energy storage devices. © 2025 Elsevier B.V., All rights reserved.","Cathode Material; Interfacial Polymerization; Polyaniline; Zn2+ Hybrid Supercapacitor; Capacitance; Cathode Materials; Cathodes; Charge Transfer; Crystallinity; Nanofibers; Polymerization; Stability; Supercapacitor; Virtual Storage; Cathodes Material; Cycling Stability; High Crystallinity; Hybrid Supercapacitors; Interfacial Polymerization; Network Structures; Performance; Structural Stabilities; Zn 2+; Zn2+ Hybrid Supercapacitor; Polyaniline"
"Partial oxidation doped strategy for high performance and stable perovskite solar cells","2025","Chemical Engineering Journal","10.1016/j.cej.2025.166674","https://www.scopus.com/inward/record.uri?eid=2-s2.0-105012125275&doi=10.1016%2Fj.cej.2025.166674&partnerID=40&md5=87dcc4cd549d116b9cb736796d1cf1df","Perovskite solar cells (PSCs) face efficiency and stability limitations from electron transport layer (ETL) defects and carrier interfacial recombination. In this manuscript, a partial hydrolysis oxidation doping strategy is designed by introducing ammonium persulfate (APS) into SnO<inf>2</inf> ETL to simultaneously enhances device performance and stability. Mechanistic investigations reveal that the reactive species (HSO<inf>4</inf>−, H<inf>2</inf>O<inf>2</inf>, and NH<inf>4</inf>+) generated during APS hydrolysis act synergistically: effectively passivating oxygen vacancies (V<inf>O</inf>) and Sn2+ defects on SnO<inf>2</inf> surface, thereby optimizing its band structure and electron mobility; and significantly reducing Pb2+ and I− vacancy defects in the perovskite phase via coordination interaction, leading to improved crystallization kinetics. The optimized devices achieve a champion power conversion efficiency (PCE) of 25.32 % with negligible hysteresis and retain 95.3 % initial efficiency after 1500 h ambient storage. This dual-passivation approach provides new insights for developing stable and high-efficiency PSCs. © 2025 Elsevier B.V., All rights reserved.","Ammonium Persulfate (aps); Hydrolysis; Partial Oxidation; Perovskite Solar Cells; Sno2; Conversion Efficiency; Crystallization Kinetics; Electron Transport Properties; Lead Compounds; Nitrogen Compounds; Oxidation; Oxygen Vacancies; Passivation; Perovskite Solar Cells; Surface Defects; Ammonium Persulphate; Cell Faces; Doping Strategies; Electron Transport Layers; Layer Defects; Partial Hydrolysis; Partial Oxidations; Performance; Persulphate; Sno 2; Hydrolysis; Perovskite"
"Metal-organic molecules for aqueous Zn[sbnd]I2 batteries: synergistic redox acceleration and shuttle effect inhibition","2025","Chemical Engineering Journal","10.1016/j.cej.2025.166472","https://www.scopus.com/inward/record.uri?eid=2-s2.0-105012123927&doi=10.1016%2Fj.cej.2025.166472&partnerID=40&md5=296413c0e87a5de8bca0bb3ea5b316ea","Aqueous zinc‑iodine (Zn[sbnd]I<inf>2</inf>) batteries are considered promising energy storage systems due to their high energy density, improved safety, and low cost. However, their advanced performances are severely limited by the sluggish redox kinetics of iodine and the polyiodide shuttling effect, which leads to irreversible loss of active material and zinc anode corrosion, thereby degrading cycling stability and overall performance. In this work, copper acetylacetonate (Cu(acac)<inf>2</inf>) is employed as a metal-organic molecular catalyst to construct high-performance and long-lasting Zn[sbnd]I<inf>2</inf> batteries. Material characterizations and density functional theory calculations reveal that Cu(acac)<inf>2</inf> exhibits dual functionalities: (1) chemically adsorbing iodide/polyiodide species to suppress the shuttling effect, and (2) catalyzing iodine redox reactions to enhance reaction kinetics. The Zn-I₂ batteries assembled with Cu(acac)<inf>2</inf> as the cathode material can achieve an extraordinary cycling lifespan of over 55,000 cycles at 4 A g−1 with a minimal capacity decay rate of 0.00086 % per cycle, along with an average coulombic efficiency of 99.86 %, surpassing the performance of carbon-based cathodes. In-situ Raman spectroscopy further demonstrates that Zn[sbnd]I<inf>2</inf> batteries using Cu(acac)<inf>2</inf> cathodes maintain significantly lower polyiodide concentrations during charge/discharge processes compared to those using active carbon cathodes, confirming its dual role in suppressing shuttling and catalyzing reactions. This work highlights the effectiveness of molecular catalysts in mitigating polyiodide shuttling and offers a novel approach to developing high-performance aqueous Zn[sbnd]I<inf>2</inf> batteries. © 2025 Elsevier B.V., All rights reserved.","Aqueous Zinc‑iodine Battery; Catalyzing; Dft Calculations; Metal-organic Catalyst; Shuttling Effect; Carbon; Catalysts; Cathode Materials; Cathodes; Charging (batteries); Copper Compounds; Corrosion; Decay (organic); Density Functional Theory; Iodine; Organometallics; Reaction Kinetics; Secondary Batteries; Zinc Compounds; Acetylacetonates; Aqueous Zinc‑iodine Battery; Catalyzing; Dft Calculation; Metal-organic Catalysts; Metalorganics; Molecular Catalysts; Performance; Polyiodides; Shuttling Effect; Redox Reactions"
"Versatile, cost-effective and highly-multiplex nucleic acid detection through the Engineered Hairpin Cleavage Amplification (EHCA) strategy","2025","Chemical Engineering Journal","10.1016/j.cej.2025.166484","https://www.scopus.com/inward/record.uri?eid=2-s2.0-105012116768&doi=10.1016%2Fj.cej.2025.166484&partnerID=40&md5=811a755e9af9481aa6d4d31558f35596","Real-time quantitative PCR (qPCR), droplet digital PCR (ddPCR), and CRISPR/Cas diagnostics typically rely on expensive, target-specific fluorescence probes or CRISPR RNA (crRNA) for precise nucleic acid detection, and their multiplexing capability is limited by the scarcity of fluorescent colors in fluorometric thermal cyclers. To overcome these limitations, we introduced Engineered Hairpin Cleavage Amplification (EHCA), a novel technique that is compatible with various platforms such as qPCR, ddPCR, CRISPR/Cas12a and melting curve analysis (MCA), utilizing universal fluorescence probes/crRNA. EHCA employs a unique mechanism in which Taq polymerase cleaves engineered hairpins to release secondary primers, thereby extending helper targets or fluorescence probes. EHCA, efficiently developed with the aid of computational tools, exhibited comparable detection sensitivity and precision to specific probe assays. Furthermore, EHCA-MCA demonstrated multiplexed detection capabilities by generating fluorescent double strands of different lengths (T<inf>m</inf>) and colors. Detection of nucleic acids with high sensitivity was achieved using EHCA-MCA at annealing temperatures between 46 and 66 °C, highlighting the remarkable temperature-robustness. In evaluating 213 clinical samples for high-risk HPV genotyping, the 14-plex EHCA-MCA yielded a sensitivity of 92.2 %, specificity of 98.1 % and detection accuracy of 96.7 %. With its versatility, cost-effectiveness, simplicity, high sensitivity, and multiplexing capabilities, the EHCA strategy is anticipated to be widely utilized. © 2025 Elsevier B.V., All rights reserved.","Crispr/cas12a; Ddpcr; Hairpin Amplicon; Melting Curve Analysis (mca); Multiplex Amplification; Amplification; Biomolecules; Chemical Detection; Fluorescence; Polymerase Chain Reaction; Probes; Rna; Amplicons; Amplification Strategy; Crispr/cas12a; Droplet Digital Pcr; Fluorescence Probes; Hairpin Amplicon; Melting Curve Analysis; Melting Curve Analyze; Multiplex Amplification; Nucleic Acid Detection; Cost Effectiveness"
"Unraveling metabolic preferences and syntrophy in anaerobic methanogenesis under meso-thermophilic conditions through omics and flux balance analysis","2025","Chemical Engineering Journal","10.1016/j.cej.2025.166596","https://www.scopus.com/inward/record.uri?eid=2-s2.0-105012116554&doi=10.1016%2Fj.cej.2025.166596&partnerID=40&md5=942030bbd932d34e426a37b9008538a9","Biological methanation for carbon sequestration is an emerging green technology for renewable energy production within the circular economy, with anaerobic digestion (AD) playing a central role in biogas production and waste-to-power conversion. While significant research has been conducted on microbial communities in AD under thermophilic (≥ 55 °C) and mesophilic (≤ 40 °C) conditions, the mechanisms underlying efficient methanogenesis, including metabolic preferences and interspecies interactions under meso-thermophilic (41–50 °C) conditions, remain poorly understood. This study explores the microbial species involved in cellulose hydrolysis and methanogenesis under meso-thermophilic and mesophilic conditions, focusing on microbial community structure, digestate parameters, and metabolic interactions. The core microbial community consisted of 41 species, contributing over 55 % of the total abundance, and was assembled from metagenomes with high completeness and low contamination. Metabolic analysis identified Methanobacterium sp. GSMM9893 and Methanosarcina flavescens GSMM9656 as key contributors to methanogenesis under meso-thermophilic and mesophilic conditions, respectively. Five metagenome-assembled species were identified as cellulose hydrolyzers in both temperature conditions. Transcriptomic data revealed a preference for hydrogenotrophic, methylotrophic, and syntrophic acetate-oxidizing pathways for methanogenesis under meso-thermophilic conditions. Genome-scale metabolic models simulated methanogenesis, identifying the optimal synthetic methanogenic communities, MHT13 and MT8, under meso-thermophilic and mesophilic conditions, respectively. Key syntrophic acetate-oxidizing bacteria in MHT13 under meso-thermophilic conditions included six species, while MT8 under mesophilic conditions was dominated by a distinct set of six species. Flux balance simulations revealed a dynamic interaction network driven by H<inf>2</inf> and CO<inf>2</inf> uptake and acetate exchange. These findings provide new insights into the metabolic pathways for methanogenesis in meso-thermophilic anaerobic digesters and contribute to optimizing AD processes by highlighting species interactions and metabolic preferences. © 2025 Elsevier B.V., All rights reserved.","Anaerobic Digestion; Interspecies Interaction; Meso-thermophilic Conditions; Metabolic Preferences; Methanogenesis; Microbial Communities; Bacteria; Carbon Economy; Cellulose; Circular Economy; Energy Policy; Hydrolysis; Metabolism; Methanation; Methanogens; Natural Resources; Renewable Energy; Anaerobics; Condition; Interspecies Interactions; Meso-thermophilic Condition; Mesophilic Condition; Metabolic Preference; Methanogenesis; Microbial Communities; Thermophilic Conditions; Thermophilics; Anaerobic Digestion; Acetates; Energy Production; Natural Resources; Oxidation"
"Sustainable treatment of dairy industry wastewater using an integrated anaerobic membrane bioreactor-reverse osmosis system for industrial water reuse","2025","Chemical Engineering Journal","10.1016/j.cej.2025.166345","https://www.scopus.com/inward/record.uri?eid=2-s2.0-105012109950&doi=10.1016%2Fj.cej.2025.166345&partnerID=40&md5=7c584cdbd034ee6c3ddfcd3bc539463a","The increasing demand for water in industrial processes has prompted the exploration of sustainable water management technologies. This study investigated the integration of an anaerobic membrane bioreactor (AnMBR) with reverse osmosis (RO) for energy recovery and water reuse in the dairy industry. The AnMBR system, fed with dairy industry wastewater, was operated under mesophilic conditions, and its treatment and filtration performances were evaluated. The permeate from the AnMBR system was subsequently treated by the RO system, and the quality of reclaimed water was assessed for potential industrial reuse. The methane yield from anaerobic digestion of dairy industry wastewater was 0.214 ± 0.008 mL CH<inf>4</inf>/g COD<inf>fed</inf>. The RO permeate quality met EPA standards, and the combined AnMBR + RO system operated at a cost of 0.46 €/m3. The findings of this study demonstrated that the AnMBR + RO system could produce treated water suitable for use as makeup water in cooling towers, offering a sustainable alternative for industrial water reuse and reducing the overall water footprint. © 2025 Elsevier B.V., All rights reserved.","Anaerobic Membrane Bioreactor; Dairy Industry Wastewater; Energy Recovery; Reverse Osmosis; Water Reuse; Anaerobic Digestion; Bioconversion; Biological Water Treatment; Bioreactors; Dairies; Dairy Products; Industrial Water Treatment; Microfiltration; Wastewater Reclamation; Wastewater Treatment; Water Filtration; Anaerobic Membrane Bioreactor; Dairy Industry; Dairy Industry Wastewater; Energy Recovery; Industrial Processs; Industrial Water Reuse; Membrane Bioreactor System; Reverse Osmosis Systems; Sustainable Treatments; Water Reuse; Reverse Osmosis; Water Conservation"
"Anti-icing and fast deicing of superhydrophobic elastic film with electrothermal heating and pneumatic inflation","2025","Chemical Engineering Journal","10.1016/j.cej.2025.166532","https://www.scopus.com/inward/record.uri?eid=2-s2.0-105012108366&doi=10.1016%2Fj.cej.2025.166532&partnerID=40&md5=6bf605ecd4e2afad4ef6dbf665b2f1c5","Superhydrophobic surface exhibits a considerable anti−/deicing capacity due to its low ice adhesion strength. However, in many cases, the ice easily penetrates the rough structures of superhydrophobic surface to form a mechanical interlocking between the ice and solid surface, conversely resulting in an extremely high ice adhesion strength and loss of the anti−/deicing capacity. Here, we develop a superhydrophobic elastic film (SEF) with the functions of electrothermal heating and pneumatic inflation at the same time, which significantly alleviate the deicing obstacle caused by the mechanical interlocking of the ice. Furthermore, the SEF has a thickness of only 201 μm while demonstrates the excellent chemical and mechanical durability with the contact angle higher than 152° and sliding angle lower than 10° after being stretching to 1152 % or 1500 cycles at 500 % strain. Benefiting from the excellent deformation/recovery capability of the SEF, an efficient deicing by pneumatic inflation can be achieved. Even in the extremely cold conditions, deicing also can be achieved by the electrothermal assisted pneumatic inflation. Such design provides a lightweight, low-consumption and high-efficiency solution in the field of anti-icing through the synergistic innovation of material-structure-control, which may be a key research direction for the next-generation intelligent anti-icing system. © 2025 Elsevier B.V., All rights reserved.","Anti−/deicing; Electrothermal Heating; Pneumatic Inflation; Superhydrophobic Elastic Film; Adhesion; Bond Strength (materials); Electric Heating; Ice; Ice Control; Superhydrophobicity; Surface Properties; Anti-icing; Anti/de-icing; Elastic Films; Electro-thermal Heating; Ice Adhesion Strength; Mechanical Interlocking; Pneumatic Inflation; Super-hydrophobic Surfaces; Superhydrophobic; Superhydrophobic Elastic Film; Pneumatics"
"Enhanced magnetic harvest of microalgae cultivated in municipal wastewater using polymeric aluminum chloride nano-Fe3O4 with cost-effective nanoparticles recovery","2025","Chemical Engineering Journal","10.1016/j.cej.2025.166346","https://www.scopus.com/inward/record.uri?eid=2-s2.0-105012106302&doi=10.1016%2Fj.cej.2025.166346&partnerID=40&md5=0dce82b8a566bf36eaef96878c45a0c8","Nano-Fe<inf>3</inf>O<inf>4</inf> coated with polymeric aluminum chloride (Fe<inf>3</inf>O<inf>4</inf>@PAC) was used as magnetic flocculants to harvest Scenedesmus obliquus cultivated in municipal wastewater. The impact of Fe<inf>3</inf>O<inf>4</inf>@PAC dosage, pH value, and stirring rate on harvesting efficiency was investigated. The effect of combining magnetic nanomaterials recovery with lipid extraction was evaluated, and its influence on biodiesel recovery was analyzed. Fe<inf>3</inf>O<inf>4</inf>@PAC composite exhibited a reduced saturation magnetization of 73.53 emu/g compared to 92.32 emu/g for nano-Fe<inf>3</inf>O<inf>4</inf>. Zeta potential revealed a positive charge on Fe<inf>3</inf>O<inf>4</inf>@PAC (45.6 mV), which could facilitate the harvest of negatively charged S. obliquus cells. Fe<inf>3</inf>O<inf>4</inf>@PAC successfully achieved a harvesting efficiency of 98.6 % in lab-scale at short harvest time of 90 s, dosage of 55.36 mg/L, pH of 6.3, and stirring speed of 396 rpm. Outdoor harvest showed a harvesting efficiency up to 94.3 % in 180 s. Lipid and fatty acid methyl esters (FAMEs) content after Fe<inf>3</inf>O<inf>4</inf>@PAC harvest (26.4 and 19.5 % of dw, respectively) showed insignificant differences with those obtained via centrifugation. Interestingly, this method showed 82 % magnetic nano-Fe<inf>3</inf>O<inf>4</inf> recovery after lipid extraction and did not affect the quality of the produced biodiesel. An economic analysis based on chemical inputs revealed that Fe<inf>3</inf>O<inf>4</inf>@PAC is cost-effective for biomass harvest ($2 per kg biomass) compared to other magnetic flocculants, offering potential for large-scale applications. © 2025 Elsevier B.V., All rights reserved.","Flocculation; Magnetic Nanoparticles; Microalgae Harvest; Municipal Wastewater; Scenedesmus Obliquus; Biodiesel; Biomass; Cost Benefit Analysis; Cost Effectiveness; Economic Analysis; Efficiency; Extraction; Fatty Acid Methyl Ester; Harvesting; Iron Oxides; Magnetic Nanoparticles; Methyl Ester; Recovery; Cost Effective; Lipid Extraction; Micro-algae; Microalga; Microalga Harvest; Municipal Wastewaters; Nano-fe; Ph Value; Polymeric Aluminum Chlorides; Scenedesmus Obliquus; Aluminum Chloride; Flocculation; Saturation Magnetization"
"Nano-lanthanum oxide and polyvinylpyrrolidone additives enhance PVDF-based polymer electrolytes to enable safe and durable design of lithium metal batteries","2025","Chemical Engineering Journal","10.1016/j.cej.2025.166538","https://www.scopus.com/inward/record.uri?eid=2-s2.0-105012033241&doi=10.1016%2Fj.cej.2025.166538&partnerID=40&md5=fad0c0aa474ddcc1da9504fc62c11770","Polymer electrolytes (PEs) are essential for high-energy-density, safe, and durable lithium metal batteries (LMBs). However, their widespread adoption is hindered by inherent challenges such as low ionic conductivity and uneven lithium deposition. Here, we present an innovative strategy to engineer a novel polyvinylidene fluoride (PVDF)-based polymer electrolyte by incorporating lithium-ion nonconductive fillers and polymer additives. The optimized electrolyte exhibits remarkable ionic conductivity (≈0.31 mS·cm−1) and mechanical toughness (≈ 393 %), attributed to the synergistic interaction between lanthanum oxide (La<inf>2</inf>O<inf>3</inf>) and polyvinylpyrrolidone (PVP). Specifically, oxygen vacancies in La<inf>2</inf>O<inf>3</inf> strongly adsorb bis(trifluoromethane sulfonyl)imide anions (TFSI−), promoting free lithium-ion mobility, while the C[dbnd]O groups in PVP engage in ion-dipole interactions with lithium ions, ensuring uniform ion flux. This dual mechanism facilitates rapid and stable lithium-ion transport, resulting in an expanded electrochemical stability window (4.61 V) and an elevated lithium-ion transfer number (t<inf>Li</inf>+ = 0.54). In practical applications, LMBs employing this electrolyte demonstrated exceptional cycling stability, achieving 200 cycles with a capacity retention of 75.3 % at 1.5C. This work presents a novel strategy for the construction of high-performance polymer electrolytes and establishes a basis for next-generation LMBs with improved safety and efficiency. © 2025 Elsevier B.V., All rights reserved.","Ionic Conductivity; Lithium Metal Batteries; Polymer Electrolytes; Pvdf; Synergistic Design; Additives; Fluorine Compounds; Lanthanum Oxides; Lithium; Lithium-ion Batteries; Negative Ions; Solid Electrolytes; Toughness; Higher Energy Density; Innovative Strategies; Lithium Ions; Lithium Metal Battery; Lithium Metals; Polymer Additive; Polymer Electrolyte; Polyvinylidene Fluorides; Polyvinylpyrrolidones; Synergistic Design; Ionic Conductivity"
"Tailoring polyester crosslinking networks for multifunctional wood composites","2025","Chemical Engineering Journal","10.1016/j.cej.2025.166562","https://www.scopus.com/inward/record.uri?eid=2-s2.0-105012022287&doi=10.1016%2Fj.cej.2025.166562&partnerID=40&md5=5949a229b3e715f586fcb0f1d7ebb49e","Wood is a natural biomaterial and plays an important role in global carbon neutralization. To optimize its application, wood modification is needed to overcome drawbacks in dimensional stability, absolute strength, and microbial resistance. The in-situ polyesterification of citric acid and sorbitol (SorCA) in wood is a green and effective method to improve its properties; however, different polyester crosslinking networks have significant and complex effects. By adjusting the monomer ratio, the polyester structure varies from linear to highly crosslinked, altering multiscale interactions with wood components. High crosslinking density polyesters form in cellulose amorphous regions, where chemical bonds and intermolecular forces induce a more ordered cellulose chain arrangement. This enhances water resistance, with mechanical performance improvements including a 138.6 % increase in modulus of elasticity, a 14.7 % increase in modulus of rupture, and a 110.7 % increase in compressive strength, expanding the potential for structural applications. In contrast, linear polyesters enable ether bonding with lignin, forming compact networks via lignin-carbohydrate complex (LCC) interactions. This suppresses wood's dimensional changes in humid conditions, offering ideal moisture stability. Moreover, the linear flexible network alleviates the toughness loss caused by rigid polyesters. The synergy between cellulose structural optimization and polyester crosslinking network reinforcement reconstructs wood's nanoscale ultrastructure, enabling performance-tailored composites. By unveiling the “structure–property” response mechanism of wood polyesterification, this study proposes new strategies for high-performance, sustainable wood composite development. © 2025 Elsevier B.V., All rights reserved.","Citric Acid; Performance Tailoring; Polyesterification; Sorbitol; Wood Modification; Bond Strength (chemical); Complex Networks; Complexation; Composite Materials; Compressive Strength; Crosslinking; Elastic Moduli; Lignin; Polyesters; Structural Optimization; Wood Products; Its Applications; Multifunctionals; Natural Biomaterials; Neutralisation; Performance; Performance Tailoring; Polyesterification; Sorbitol; Wood Composites; Wood Modification; Citric Acid; Composites; Compression Strength; Wood Products"
"In situ anchored nano zero-valent copper on ellagic acid-derived covalent organic frameworks: a dual-function strategy for antifouling and uranium enrichment from seawater","2025","Chemical Engineering Journal","10.1016/j.cej.2025.166623","https://www.scopus.com/inward/record.uri?eid=2-s2.0-105011978009&doi=10.1016%2Fj.cej.2025.166623&partnerID=40&md5=ba10c54146834c907e5f1ea6ba1db061","Uranium extraction from seawater is regarded as an efficient approach to address the fuel supply issue in the development of nuclear energy. Herein, the covalent organic framework (EPCu-COF) was synthesized with the copper perfluorophthalocyanine and ellagic acid as construction units, and subsequent alkaline treatment and reduction reactions successfully led to the development of the dual-functional COFs (R-EPCu-COF-TA) for uranium extraction. Compared with EPCu-COF, the -COOH and -OH groups in the dual-functional COFs enhanced their hydrophilicity and selectivity, and the anchored Cu(0) not only reduced U(VI) but also exhibited effective antibacterial capabilities. The batch experiments found that R-EPCu-COF-TA exhibited a remarkable extraction capacity of 588.3 mg/g in the uranium-spiked seawater. Meanwhile, when subject to a 30 days extraction from natural seawater, the material's adsorption capacity for U(VI) reached 2.92 mg/g. More importantly, research into antibacterial properties showed that the R-EPCu-COF-TA had anti-bioadhesion capabilities, which could effectively inhibit bacterial growth. Mechanistic analysis demonstrated that U(VI) was initially coordinated by -COOH and -OH groups, then Cu(0) further reduced it to low-valence uranium. Thus, this COF holds extensive application prospects in the domain of uranium extraction from seawater. © 2025 Elsevier B.V., All rights reserved.","Covalent Organic Frameworks; Ellagic Acid; Extraction; Seawater; U(vi); Copper; Copper Compounds; Hydrophilicity; Nuclear Energy; Organometallics; Seawater; Uranium Compounds; Uranium Metallurgy; Anti-foulings; Covalent Organic Frameworks; Dual Function; Fuel Supply; Functionals; Oh-groups; U(vi); Uranium Enrichment; Uranium Extraction; Zero-valent Coppers; Ellagic Acid; Extraction"
"Dual-functionalized wearable SERS substrates enable ultra-sensitive detection of lung cancer biomarkers in sweat","2025","Chemical Engineering Journal","10.1016/j.cej.2025.166637","https://www.scopus.com/inward/record.uri?eid=2-s2.0-105011975777&doi=10.1016%2Fj.cej.2025.166637&partnerID=40&md5=b4142326ec7ada23f0289796fe02677f","The non-invasive detection of lung cancer is promising but remains challenging owing to the low biomarker concentrations in biofluids. To address this, we present a wearable biosensing platform that integrates a silver nanowire-hydrogel composite surface-enhanced Raman spectroscopy (SERS) hotspots and an AI algorithm to enable non-invasive lung cancer screening through sweat analysis. The platform features three synergistic innovations: (1) a conformal AgNW-hydrogel composite structure generating 3D plasmonic hotspots, achieving ultrahigh sensitivity (0.1 pM detection limit for aldehyde biomarkers); (2) dual-functionalized substrates (4-ATP/4-MPBA) for selective enrichment of glycoproteins and oxidative stress markers directly from epidermal sweat; (3) A CNN-based spectral classifier (AlexNet) decoding metabolic fingerprints with 99 % diagnostic accuracy. This integrated approach bridges nanomaterial engineering, molecular diagnostics, and artificial intelligence and offers a transformative strategy for point-of-care cancer screening. © 2025 Elsevier B.V., All rights reserved.","Agnw-hydrogel Composite Structure; Ai Algorithm; Dual-functionalized Substrates; Sers; Wearable Biosensor; Bioinformatics; Biological Organs; Biomarkers; Body Fluids; Diagnosis; Diseases; Hydrogels; Lung Cancer; Nanowires; Screening; Substrates; Wearable Technology; Agnw-hydrogel Composite Structure; Ai Algorithms; Composites Structures; Dual-functionalized Substrate; Functionalized Substrates; Hotspots; Hydrogels Composites; Lung Cancer; Surface Enhanced Raman Spectroscopy; Wearable Biosensor; Structure (composition)"
"Process Intensification of the Fischer-Tropsch synthesis using conductive packed POCS with skin: the role of the POCS design parameters","2025","Chemical Engineering Journal","10.1016/j.cej.2025.166359","https://www.scopus.com/inward/record.uri?eid=2-s2.0-105011953410&doi=10.1016%2Fj.cej.2025.166359&partnerID=40&md5=dcaa02bb17a711df9fa37f4416c7335f","Heat management poses severe challenges when dealing with highly exothermic and endothermic reactions. In this paper we study the design of structured packed beds with highly conductive (Al) cellular internals during the Fischer-Tropsch (FT) synthesis in a tubular reactor with external cooling. A structured packed bed consists of an interconnected matrix with a well-defined geometry packed with catalyst particles. Herein we focus on 3D printed Periodic Open Cellular Structures (POCS), which allow a fully tailored design of their geometry. Moreover, the 3D printing technique enables introduction of elements in addition to just the cellular structure and adoption of different materials for manufacturing. An external skin on the outer diameter of the POCS lattice has been printed, starting from the same aluminum alloy powder, to form the so called POCS with skin. This choice was made to improve the contact with the reactor walls, which is considered one of the major heat transfer resistances. The POCS have been tested in the Fischer-Tropsch synthesis, a highly exothermic and temperature sensitive reaction, which makes heat management pivotal. The tests on POCS with skin have been performed in a semi pilot-scale rig equipped to fully qualify the heat transfer performances of the structured reactor. 3D printed elements have been tested to explore the effects of the following POCS features: porosities or relative density (RD<inf>lattice</inf>), specific surface area (S<inf>v</inf>), and Gap between the external diameter of the POCS and the reactor walls. The results show the dominant effect of the relative density of the element when compared to the other parameters. Furthermore, it appears that a threshold value exists below which the structured catalytic bed is unaffected by the initial Gap, which from our experimental conditions is about 40–50 μm. This study paves the way for the optimization of those structures in terms of internal design and contact with the wall, aiming at improving the overall heat transfer coefficient, maximizing productivity and reducing the manufacturing efforts. During our tests, we were able to pack about 3.75 g/cm of catalyst in a 20 cm long, 1-inch I.D., single tube reactor, estimating an overall heat transfer coefficient larger than 1200 W/m2/K and enabling the removal of 1.2 MW/m3. © 2025 Elsevier B.V., All rights reserved.","Aluminum Alloys; Catalysts; Cellular Automata; Cellular Manufacturing; Exothermic Reactions; Heat Resistance; Heat Transfer Coefficients; Heat Transfer Performance; Polonium Alloys; Porosity; Structural Design; Structural Optimization; Design Parameters; Fischer Tropsch; Heat Management; Open Cellular Structures; Overall Heat Transfer Coefficient; Process Intensification; Reactor Walls; Relative Density; Structure Design; Tropsch Synthesis; Fischer-tropsch Synthesis"
"Efficient degradation and deiodination of iopamidol by synergistic •OH and SO4•− oxidation in O3/PMS system","2025","Chemical Engineering Journal","10.1016/j.cej.2025.166362","https://www.scopus.com/inward/record.uri?eid=2-s2.0-105011952097&doi=10.1016%2Fj.cej.2025.166362&partnerID=40&md5=38f6e939b262a925b1e418823403a10a","Iodinated X-ray contrast media (ICM) are a major source of organic iodine in wastewaters. Current wastewater treatment processes are not effective in eliminating ICM. This study investigates the degradation of ICM in O<inf>3</inf>/peroxymonosulfate (PMS)system, which simultaneously generates hydroxyl radicals (•OH) and sulfate radicals (SO<inf>4</inf>•−). Both radicals exhibit high reactivity toward an ICM surrogate, iopamidol (k<inf>·OH,iopmidol</inf>= (2.58 ± 0.15) × 109 M−1 s−1 and k<inf>SO<inf>4</inf>·−,iopmidol</inf> = (5.18 ± 0.26) × 109 M−1 s−1), thereby exhibiting a synergistic elimination effect. We also systematically evaluate the influence of other factors (including PMS concentration, pH, bicarbonate, and chloride) in affecting the degradation kinetics. Notably, SO<inf>4</inf>•− suggest a higher deiodination efficiency (87.2 %) than that of •OH. Complete oxidation of inorganic iodine to iodate was achieved in the O<inf>3</inf>/PMS, whereas residual iodide was still detected in O<inf>3</inf>/H<inf>2</inf>O<inf>2</inf>, likely due to the reduction of HOI/OI− by H<inf>2</inf>O<inf>2</inf>. Theoretical Fukui index calculations, in combination with UPLC-TOF-MS/MS analysis, were employed to identify the reactive sites on IPM and elucidate its transformation pathway under radical attacks. •OH primarily degrades iopamidol via combination pathways of the cleavage of the side chain and the oxidation of alkane. In contrast, SO<inf>4</inf>•− favors the deiodination to form corresponding hydroxylation products, thereby oxidizing amino group to generate nitro congeners. Taken together, our findings demonstrate that O<inf>3</inf>/PMS effectively degrades iopamidol and transfer organic iodine to nontoxic iodate, which holds potential in minimizing the formation of iodo-disinfection byproducts in real-world applications. © 2025 Elsevier B.V., All rights reserved.","Deiodination; Hydroxyl Radical; Iopamidol; Sulfate Radical; Transformation Products; Byproducts; Contrast Media; Degradation; Hybrid Materials; Hydroxylation; Iodine; Iodine Compounds; Oxidation; Sulfur Compounds; 'current; Deiodination; Hydroxyl Radicals; Iodinated X-ray Contrast Media; Iopamidol; Organic Iodine; Peroxymonosulfate; Sulfate Radicals; Transformation Products; Wastewater Treatment Process; Wastewater Treatment"
"Valence-state engineering of Cu species on TiO2 surfaces for synergistic enhancement of photocatalytic CO2 reduction activity and products selectivity","2025","Chemical Engineering Journal","10.1016/j.cej.2025.166444","https://www.scopus.com/inward/record.uri?eid=2-s2.0-105011943836&doi=10.1016%2Fj.cej.2025.166444&partnerID=40&md5=301191e79bb86a1879ce9d38e8a0d39b","Copper serves as an exceptional cocatalyst, enhancing CO<inf>2</inf> molecular adsorption-activation and stabilizing reaction intermediates, thus demonstrating remarkable potential in photocatalytic CO<inf>2</inf> conversion to diverse hydrocarbons. However, the complex and variable oxidation states of Cu make the role and mechanism of low-valent Cu species (Cu0/Cu+) in CO<inf>2</inf> photoreduction poorly understood. This study precisely controlled the valence distribution of Cu species on TiO<inf>2</inf> surfaces using a red phosphorus-mediated hydrothermal synthesis strategy, successfully constructing an efficient catalyst for CO<inf>2</inf> photoreduction. The optimized composite exhibits a CH<inf>4</inf> evolution rate of 64.44 μmol·g−1·h−1 under simulated sunlight, representing a 54-fold improvement over pristine TiO<inf>2</inf> while maintaining high selectivity of 86 %. The enhanced photocatalytic performance and product selectivity originate from Cu incorporation, which substantially improves light absorption capacity, prolongs charge carrier lifetime, and reduces charge transfer resistance. Combined characterization and DFT calculations conclusively demonstrate that Cu0 and Cu+ serve as the active sites for CH<inf>4</inf> and CO generation, respectively. The key intermediate *CO preferentially desorbs as CO from Cu+ sites, while *CO adsorbed on Cu0 sites undergoes further hydrogenation to form CH<inf>4</inf>. This work provides novel strategies for developing efficient CO<inf>2</inf> photoreduction catalysts and elucidates the atomic-scale mechanistic role of Cu valence states in regulating CO<inf>2</inf> reduction pathways. © 2025 Elsevier B.V., All rights reserved.","Active Site; Co2 Reduction; Density Functional Theory; Photocatalysis; Tio2; Carbon Dioxide; Catalyst Selectivity; Charge Transfer; Cobalt; Complexation; Copper; Copper Compounds; Light Absorption; Photocatalytic Activity; Reaction Intermediates; Reduction; Active Site; Ch 4; Co 2 Reduction; Cu Species; Density-functional-theory; Photo Reduction; Photo-catalytic; Product Selectivities; Tio 2; Valence State; Density Functional Theory; Titanium Dioxide"
"Co-regulated proton confinement and uptake mechanisms for ultra-fast and robust aqueous Zn-organic batteries","2025","Chemical Engineering Journal","10.1016/j.cej.2025.166234","https://www.scopus.com/inward/record.uri?eid=2-s2.0-105011936750&doi=10.1016%2Fj.cej.2025.166234&partnerID=40&md5=53f35be5b142b05bb4b736b49ee4c493","Central to the progression of aqueous zinc-organic batteries (AZOBs) is the exploration of durable organic hosts capable of fast ion diffusion within electrolytes and electrode interiors. Compared with Zn2+ insertion, developing proton-storage organic cathodes along with optimizing charge transport across the cathode-electrolyte interface remains difficult but critical for improved AZOBs. Herein, quinone-based molecules, particularly Menadione (2-methyl,1–4, naphthoquinone), were uniformly separated onto negative-charged porous carbon (PC) particles as the organic cathode. Due to the negative-charged −COOH and − OH groups, H+ movement is confined merely inside the cathode to eliminating interfacial charge transport barriers for fast-charging and robust PC-supported Menadione cathode based on reversible C=O/C-OH reaction. As a result, Zn//Menadione battery exhibits an ultra-high capacity (313 mAh g−1), superb rate capability, and ultra-long lifespan over 20,000 cycles at 30 A g−1, superior to most reported organic cathodes. This work provides novel insights into exploring proton-insertion chemistry within small organic cathodes for advanced Zn batteries. © 2025 Elsevier B.V., All rights reserved.","Aqueous Zn Batteries; High Performance; Proton Confinement Effect; Proton Uptake Chemistry; Quinone-based Cathodes; Carrier Transport; Cathode Materials; Charge Transfer; Fast Charging (batteries); Quinone; Secondary Batteries; Zinc; Zinc Compounds; Aqueous Zn Battery; Confinement Effects; High Performance; Organic Cathodes; Organics; Performance; Proton Confinement Effect; Proton Uptake; Proton Uptake Chemistry; Quinone-based Cathode; Cathodes; Electrolytes"
"Dual-strategy anti-fouling based on hydrogel-coated catalytic separation membrane material","2025","Chemical Engineering Journal","10.1016/j.cej.2025.166483","https://www.scopus.com/inward/record.uri?eid=2-s2.0-105011873265&doi=10.1016%2Fj.cej.2025.166483&partnerID=40&md5=82c64df46a5c92ee247a0d265d064b46","Membrane fouling is one of the key problems limiting the application of membrane separation technology. To address the fouling of membranes in complex oily wastewater, this study developed a dual strategy that employs a superhydrophilic fiber membrane with catalytic capabilities to mitigate the various types of fouling on the membranes. First, ZIF 67 was loaded onto fibers by in situ growth. Then, polyvinyl alcohol (PVA) and chitosan (CS) were cross-linked to form a dual-network hydrogel with which the catalyst-loaded fibrous membranes were wrapped to obtain the target product, H-ZP/NW. H-ZP/NW with catalyst loading and H-P/NW without catalyst loading have excellent superhydrophilic and underwater superoleophobicity, and the oil-water separation efficiencies remain above 97 % for different oil-water mixtures. In addition, the fiber membranes have excellent adsorption ability for dyes, especially anionic dyes. H-ZP/NW has stable catalytic ability in both Flow-through mode (FT) and liquid-phase batch (LB) mode. The removal rate of Methylene Blue (MB) is above 95 %, and surprisingly, the removal rate of MB by H-P/NW in FT mode is also up to 75 % or more, and the reaction has a hysteresis. The separation effect of fiber membranes on complex oil-water emulsions containing MB proved the ability of fiber membranes to resist various contaminants and their potential application in the purification of oily wastewater. © 2025 Elsevier B.V., All rights reserved.","Catalysis; Dye Removal; Fiber Membrane; Oil-water Separation; Oily Wastewater; Catalysts; Driers (materials); Dyes; Emulsification; Emulsions; Fibers; Fibrous Membranes; Hydrogels; Membrane Fouling; Membrane Technology; Nafion Membranes; Superhydrophilicity; Wastewater Treatment; Water Pollution; Catalyse; Catalyst Loadings; Dye Removal; Fiber Membranes; Flowthrough; Methylene Blue; Oil/water Separation; Oily Wastewater; Removal Rate; Super-hydrophilic; Catalysis"
"Vacuum pressure swing adsorption for continuous xenon removal and helium recovery in molten salt reactor off-gas treatment","2025","Chemical Engineering Journal","10.1016/j.cej.2025.166449","https://www.scopus.com/inward/record.uri?eid=2-s2.0-105011865083&doi=10.1016%2Fj.cej.2025.166449&partnerID=40&md5=e70f3f84e453fac8adf3b5af31d249fc","Xenon (Xe), a noble gas generated as a fission product in molten salt reactors (MSRs), poses operational and environmental challenges due to its radiological nature and its detrimental impact on neutron economy. To address these issues, we evaluated the feasibility of a vacuum pressure swing adsorption (VPSA) system employing microporous activated carbon for selective separation of Xe from simulated MSR off-gas streams. The physical and thermal properties of the adsorbent were systematically characterized, and both equilibrium and dynamic Xe adsorption behaviors were investigated under varying conditions. The effects of adsorption pressure, desorption pressure, and cycle duration on separation performance were analyzed in detail. Under optimized conditions, the VPSA process achieved Xe removal and helium (He) recovery efficiencies exceeding 99 % and 95 %, respectively. While previous studies have focused on recovering non-radioactive Xe from ambient air or industrial sources, its application to radiologically sensitive MSR off-gas systems remains insufficiently studied. The proposed process demonstrated effective He reuse and operational robustness, indicating its potential as a regenerable and energy-efficient gas purification method. These findings are expected to support the development of safe and sustainable off-gas management strategies for next-generation nuclear systems and offer valuable insights into selective noble gas separation for environmental and industrial applications. © 2025 Elsevier B.V., All rights reserved.","Activated Carbon; He Recovery; Molten Salt Reactor; Off-gas Treatment; Vacuum Pressure Swing Adsorption; Xe Removal; Air Purification; Fission Products; Gas Adsorption; Helium; Molten Materials; Radioactivity; Salt Removal; Xenon; Environmental Challenges; Helium Recovery; Molten Salt; Neutron Economy; Off-gas Treatment; Off-gases; Operational Challenges; Pressure Swing Adsorption Systems; Vacuum Pressure Swing Adsorptions; Xenon Removal; Activated Carbon; Molten Salt Reactor"
"Role of lignite and derived semicoke in nitrogen fixation during co-pyrolysis of protein-rich biomass: Physical or chemical adsorbent?","2025","Chemical Engineering Journal","10.1016/j.cej.2025.166275","https://www.scopus.com/inward/record.uri?eid=2-s2.0-105011864680&doi=10.1016%2Fj.cej.2025.166275&partnerID=40&md5=649088ef8836a43516868f5eeb911ed3","For preparation of nitrogen-doped materials and elimination of NO<inf>x</inf> precursors, there have been increased efforts to enhance nitrogen fixation in pyrolysis. Lignite and derived semicoke have been widely used in adsorption of NH<inf>3</inf>. In this work, spent coffee grounds (SCG), Xiaolongtan (XLT) lignite and its derived semicoke (XLT600) were selected as nitrogen source and adsorbents in pyrolysis, in order to clarify specific action sites on adsorbents and corresponding mechanism in NH<inf>3</inf>-semicoke interactions. Layered pyrolysis, thermogravimetric infrared spectroscopy and temperature-programmed desorption (TPD) method were combined for decoupling of NH<inf>3</inf> release and retention in pyrolysis. Noncovalent interactions analyses and transition state theory were combined to further verify physical and chemical adsorption of NH<inf>3</inf> onto various functional groups. The results showed that presence of XLT600 suppressed release of NH<inf>3</inf> in range of 250–400 °C. Similarly, less nitrogen (22.53 %) was captured by cellulose when urea was blended with XLT600, compared to that (26.48 %) impacted by XLT. Phenolic –OH and COOH could form stronger hydrogen bonds with NH<inf>3</inf> than C[dbnd]O and π electrons on aromatic rings. Judged by reaction constant k<inf>TST</inf> (1.17 × 10−20 s−1) in keto-enol tautomerism, phenolic –OH may not exist in keto form at 600 K. Consequently, subsequent chemical adsorption could not occur after physical adsorption of NH<inf>3</inf> onto phenolic –OH. Physical adsorption of NH<inf>3</inf> onto XLT could be verified by desorption of NH<inf>3</inf> in 200–300 °C analyzed by NH<inf>3</inf>-TPD. Hence, XLT and its derived semicoke mainly act as physical and chemical adsorption sites for NH<inf>3</inf>, respectively. This work could be beneficial to deep understanding of synergistic interactions in nitrogen fixation, as well as high-value-added utilization of nitrogen-rich biomass residue. © 2025 Elsevier B.V., All rights reserved.","Biomass Residue; Decoupled Pyrolysis; Gas-solid Interactions; Nitrogen Fixation; Physical And Chemical Adsorption; Transition State Theory; Adsorbents; Biomass; Cracking (chemical); Gas Adsorption; Hydrogen Bonds; Infrared Spectroscopy; Nitrogen; Nitrogen Oxides; Temperature Programmed Desorption; Biomass Residue; Chemical Adsorption; Decoupled Pyrolyse; Gas Solid Interaction; Nh 3; Phenolics; Physical Adsorption; Semicokes; Temperature-programmed Desorptions; Transition State Theories; Nitrogen Fixation; Hydrogen Bonds; Infrared Spectroscopy; Nitrogen Oxides"
"Silica-centered crosslinking solid polymer electrolyte for sodium metal batteries","2025","Chemical Engineering Journal","10.1016/j.cej.2025.166186","https://www.scopus.com/inward/record.uri?eid=2-s2.0-105011864061&doi=10.1016%2Fj.cej.2025.166186&partnerID=40&md5=0b71b5b6732418e90af7ed0ed4ba3393","Replacing flammable liquid electrolytes with solid polymer electrolytes (SPEs) can dramatically improve battery safety. Here, we report the development of silica (SiO<inf>2</inf>)-centered crosslinking SPEs by chemically bonding SiO<inf>2</inf> nanoparticles with the polymer matrix. This innovative design not only ensures the uniform dispersion of SiO<inf>2</inf> nanoparticles throughout the polymer matrix but also builds a robust interface between the nanofillers and the polymer matrix, thereby enhancing Na+ ionic conductivity. Simultaneously, it leverages the abundant hydroxyl (OH) groups on SiO<inf>2</inf> nanoparticles to interact with ClO<inf>4</inf>− anions through Lewis acid-base interactions and hydrogen bonding, promoting sodium salt dissociation. Theoretical calculations corroborate these interfacial mechanisms, revealing a 5.6-fold improvement in the Na+ diffusion coefficient. As a result, this pioneering design allows SPE to achieve a high Na+ ionic conductivity of 7.03 × 10−4 S cm−1 and an extended electrochemical voltage window up to 5.21 V. The assembled solid-state sodium metal batteries (with Na<inf>3</inf>V<inf>2</inf>(PO<inf>4</inf>)<inf>3</inf> as the cathode) exhibit dendrite-free Na-metal deposition, promising rate capability, and stable cycling performance with 84.6 % capacity retention over 200 cycles at 0.2C and 64.1 % capacity retention over 200 cycles at 1C. This work introduces a transformative strategy of engineering nanofiller–polymer interactions to enhance the properties of SPEs for solid-state batteries. © 2025 Elsevier B.V., All rights reserved.","Ionic Conductivity; Silica-centered; Sodium Metal Anode; Sodium Metal Batteries; Solid Polymer Electrolytes; Ionic Conduction In Solids; Metal Nanoparticles; Polymer Matrix; Silica; Sio2 Nanoparticles; Sodium; Sodium Compounds; Solid Electrolytes; Solid State Devices; Solid-state Batteries; Vanadium Compounds; Capacity Retention; Flammable Liquids; Metal Anodes; Nanofiller; Polymer Matrices; Silica-centered; Sio 2; Sodium Metal Anode; Sodium Metal Battery; Solid Polymer Electrolytes; Ionic Conductivity"
"Integrated sewage sludge treatment for the sustainable recovery of fine-chemicals: Technical and economic analysis","2025","Chemical Engineering Journal","10.1016/j.cej.2025.166501","https://www.scopus.com/inward/record.uri?eid=2-s2.0-105011860703&doi=10.1016%2Fj.cej.2025.166501&partnerID=40&md5=dd0dfe4aa63251ff2891ea056311545f","A sustainable procedure for effectively isolating grease from urban thickened sewage sludge was developed and examined. Thickened sludge underwent centrifugation, was treated with HCl and H<inf>2</inf>O<inf>2</inf>, heated to 353 K and then centrifuged again. Besides a pure lipid current with a FFA content of 90–92 % (with a grease yield of up to 73.3 %), an aqueous acidic current and a wet residual solid cake (TS: 31.7 ± 3.4 %) were also generated. The technical integration of this procedure in conventional sludge-treatment lines were then investigated under pilot scale. The cogenerated streams were found to be digestible under anaerobic conditions, leading to a production of biomethane higher than that foreseeable based on the biomethanogenic potential of the starting sludge. This improvement of biomethane production demonstrated that the reactive step of the grease recovery process has a favorable effect on the digestibility of the residual sludge. Concomitantly, a reduction in the volumes of final sludge to be disposed of by 20 % was also determined. Alternatively, a different scenario of integration of the grease recovery was studied for WWTP not equipped with anaerobic digesters. The residual solid cake obtained from the lipid recovery process can be efficiently dried through a low-temperature desiccator. The desiccated cake (TS: 86.0 ± 6.0 %) had a high calorific value (17 MJ/Kg) capable of producing the electric and thermal energy needed for running the lipid recovery process. For both cases, the proposed integrated sewage sludge treatments could produce economic benefits capable of making the costs of investments recoverable within three years. These results pose the proposed grease recovery as a sustainable approach for the treatment of municipal sewage sludge, while facilitating the recovery of valuable resources. © 2025 Elsevier B.V., All rights reserved.","Anaerobic Digestion; Desiccation; Grease Recovery; Integrated Treatments; Resource Recovery; Economic Analysis; Investments; Lubricating Greases; Recovery; Sewage Sludge; Sludge Digestion; Sludge Disposal; Sustainable Development; Temperature; 'current; Anaerobics; Biomethane; Desiccation; Grease Recovery; Integrated Treatment; Recovery Process; Residual Solids; Resource Recovery; Sewage Sludge Treatment; Anaerobic Digestion"
"Impact of heat pre-treatment on microbial succession and antibiotic resistance gene spread in high-solid anaerobic digestion of pig manure","2025","Chemical Engineering Journal","10.1016/j.cej.2025.166401","https://www.scopus.com/inward/record.uri?eid=2-s2.0-105011757607&doi=10.1016%2Fj.cej.2025.166401&partnerID=40&md5=0034fb99a69b2e5a076450fa999970c1","Two semi-continuous high-concentration anaerobic digestion (AD) trials were conducted over 70 days, during which the organic loading rate (OLR) was gradually increased from 3.33 to 9.30 g volatile solids L−1 d−1, aiming to investigate the effects of heat pre-treatment (HPT) on microbial succession and the dissemination of antibiotic resistance genes (ARGs) during high-solid AD of pig manure (PM). The reactor treating heat-pretreated PM achieved a maximum specific biogas yield of 484.81 mL g−1 VS, which was 55.75 % higher than that of the untreated control. HPT promoted the proliferation of the bacterial phylum Patescibacteria and the hydrogenotrophic archaeal genus Methanobacterium, facilitating syntrophic methanogenesis. KEGG pathway enrichment analysis indicated that HPT upregulated genes associated with CO₂-reducing methanogenesis and the biosynthesis of cofactors such as coenzyme F420 and methanofuran. ARG profiling revealed that both AD and HPT effectively suppressed the spread of ARGs, primarily by reducing the relative abundance of key microbial hosts such as Firmicutes. Overall, this study provides valuable insights into optimizing AD performance and microbial community structure while mitigating the environmental risks associated with ARG dissemination in PM. © 2025 Elsevier B.V., All rights reserved.","Anaerobic Digestion; Antibiotic Resistance Gene; Heat Pre-treatment; Microbial Community; Pig Manure; Antibiotics; Bacteria; Biochemistry; Fertilizers; Genes; Heat Resistance; Mammals; Manures; Methanogens; Anaerobics; Antibiotic Resistance Genes; Heat Pre-treatment; High-solids Anaerobic Digestion; Methanogenesis; Microbial Communities; Microbials; Pig Manures; Pre-treatments; Semi-continuous; Anaerobic Digestion"
"Integrating flexibility and lattice engineering in Al[sbnd]Br Co-doped self-supporting LiMn2O4 electrodes for efficient lithium extraction","2025","Chemical Engineering Journal","10.1016/j.cej.2025.166575","https://www.scopus.com/inward/record.uri?eid=2-s2.0-105011753586&doi=10.1016%2Fj.cej.2025.166575&partnerID=40&md5=94604874df1f9473fa3352cb5a69f12a","Global new energy vehicle adoption and energy storage advancements have elevated lithium's strategic role in clean energy technologies. The supply-demand imbalance urgently requires efficient brine/seawater extraction methods to enable sustainable infrastructure and decarbonization. In this study, a novel flexible self-supporting electrode comprising Al[sbnd]Br co-doped lithium manganese oxide nanosheets grown directly onto carbon cloth (Al-Br-LMO NS@CC) was designed and fabricated for electrochemical lithium extraction. The electrode performance was improved via a multi-scale design: flexibility enhances kinetic adaptability, the self-supporting structure builds three-dimensional ion pathways, and Al[sbnd]Br co-doping triggers lattice reconstruction. Theoretical calculations reveal that Al[sbnd]Br co-doping promotes the conversion of Mn3+ to Mn4+ within the LMO lattice and narrows the band gap, effectively suppressing the Jahn-Teller effect and enhancing charge transport capability. The constructed Al-Br-LMO NS@CC electrode demonstrates outstanding lithium extraction performance in simulated brine, achieving a lithium uptake capacity of 5.25 mmol g−1 with an energy consumption as low as 0.15 Wh mol−1. This work provides a novel and robust platform for the advancement of highly efficient lithium extraction technologies from aqueous sources. © 2025 Elsevier B.V., All rights reserved.","Al-br Co-doping; Electrochemical Lithium Extraction; Flexible Self-supporting Structure; Lattice Reconstruction; Aluminum Compounds; Binary Alloys; Bromine Compounds; Cobalt Compounds; Extraction; Lattice Theory; Lithium Compounds; Al-br Co-doping; Co-doped; Co-doping; Electrochemical Lithium Extraction; Flexibility Engineerings; Flexible Self-supporting Structure; Lattice Engineering; Lattice Reconstruction; Lithium Extraction; Self-supporting Structures; Energy Gap"
