"Title","Year","Source title","DOI","Link","Abstract","Author Keywords"
"Acupuncture for oculomotor nerve palsy:A systematic review and meta-analysis","2022","Complementary Therapies in Medicine","10.1016/j.ctim.2022.102888","https://www.scopus.com/inward/record.uri?eid=2-s2.0-85143917071&doi=10.1016%2Fj.ctim.2022.102888&partnerID=40&md5=88e4966f20c775ddcd6d9fc3dba3f53a","Background: To evaluate the safety and efficacy of acupuncture in the treatment of oculomotor nerve palsy (ONP). Methods: The following database will be required from PubMed, Cochrane Library, Medline, Chinese Biomedical Literature Database, China National Knowledge Infrastructure (CNKI), Wanfang data. Randomized controlled trials (RCTs) comparing acupuncture alone versus no treatment/another active therapy/sham acupuncture or comparing acupuncture with another active therapy versus the same active therapy were included. Meta-analysis was conducted according to the 2020 PRISMA guidelines. Data was analyzed using RevMan 5.4 software. Results were reported as risk ratios (RR) for dichotomous outcomes or mean differences (MD) for continuous outcomes, with 95 % confidence intervals (CI). The Cochrane risk of bias tool was used to access the methodological quality of the trails. Results: Eighteen RCTs with 1150 participants comparing acupuncture versus other therapies were included. The results showed a significant differences in the clinical efficiency rate (RR = 1.30, 95 %CI = 1.23–1.37, P < 0.001), scores of diplopia (MD = − 0.78, 95 %CI = − 1.39 to − 0.77, P < 0.001), palpebral fissure size (MD = 1.04, 95 %CI = 0.41–1.68, P = 0.001), the pupil diameter (MD = − 0.56, 95 %CI = − 0.70 to − 0.42, P < 0.001), quality of life (MD = 8.96, 95 %CI = 6.79–11.13, P < 0.001) between the experiment and control groups. However, there were no significant differences in the adverse effects (RR = 0.52, 95 %CI = 0.22–1.22, P = 0.13). The quality of the evidence test by GRADE was low or very low. Conclusion: Most included studies suggested that acupuncture was more effective than the control group in the treatment of ONP. However, the quality evidence of most of the studies was low and most of them were performed in China. © 2023 Elsevier B.V., All rights reserved.","Acupuncture; Meta-analysis; Oculomotor Nerve Palsy; Systematic Review; Adenosine; Alpha Tocopherol; Choline; Cobamamide; Coenzyme A; Cyanocobalamin; Cytidine Diphosphate; Inosine; Mecobalamin; Oxiracetam; Thiamine; Vitamin B Group; Adenosine; Alpha Tocopherol; Antibiotic Agent; Choline; Cobamamide; Coenzyme A; Cyanocobalamin; Cytidine Diphosphate; Glucocorticoid; Herbaceous Agent; Inosine; Mecobalamin; Oxiracetam; Thiamine; Vasodilator Agent; Vitamin B Group; Acupuncture; Adverse Event; Article; Confidence Interval; Data Quality; Diplopia; Human; Meta Analysis; Ophthalmoplegia; Palpebral Fissure; Pupil Diameter; Quality Of Life; Systematic Review; Treatment Outcome; China; Oculomotor Nerve Disease; Procedures; Acupuncture Therapy; Humans; Oculomotor Nerve Diseases; Quality Of Life"
"Dose-dependent effect of vinegar on blood pressure: A GRADE-assessed systematic review and meta-analysis of randomized controlled trials","2022","Complementary Therapies in Medicine","10.1016/j.ctim.2022.102887","https://www.scopus.com/inward/record.uri?eid=2-s2.0-85143916935&doi=10.1016%2Fj.ctim.2022.102887&partnerID=40&md5=d76626733f6fa295537c0290adf8aee7","Background: There are controversial findings regarding the effect of vinegar on blood pressure based on the evidence accumulated so far. Methods: A systematic search was conducted through PubMed, Scopus, and ISI Web of Science up to April 2022. We estimated the change in blood pressure for each 30 ml/d increments in vinegar consumption in each trial and then, calculated the mean difference (MD) and 95 %CI using a fixed-effects model. A dose-response meta-analysis of differences in means provided us with the estimation of the dose-dependent effect. The certainty of evidence was rated by the GRADE tool. Results: Each 30 ml/d increment in vinegar consumption reduced SBP by − 3.25 mmHg (95 %CI: − 5.54, − 0.96; I2 = 67.5 %, GRADE = low). Levels of SBP decreased linearly and slightly (P<inf>nonlinearity</inf> = 0.69, P<inf>dose-response</inf> = 0.02) up to vinegar consumption of 30 ml/d (MD30 ml/d: − 3.36, 95 %CI: − 5.77, − 0.94). Each 30 ml/d increment in vinegar consumption reduced DBP by − 3.33 mmHg (95 %CI: − 4.16, − 2.49; I2 = 57.1 %, GRADE = low). Levels of DBP decreased linearly and slightly (P<inf>nonlinearity</inf> = 0.47, P<inf>dose-response</inf> = 0.004) up to vinegar consumption of 30 ml/d (MD30 ml/d: − 2.61, 95 %CI: − 4.15, − 1.06) Conclusions: According to the findings, vinegar significantly reduces systolic and diastolic blood pressure and may be considered an adjunct to hypertension treatment. Thus, clinicians could incorporate vinegar consumption as part of their dietary advice for patients. © 2023 Elsevier B.V., All rights reserved.","Acetic Acid; Blood Pressure; Dose-response Meta-analysis; Hypertension; Systematic Review; Vinegar; Vinegar; Acetic Acid; Acetic Acid; Vinegar; Acetic Acid; Blood Pressure; Diastolic Blood Pressure; Drug Effect; Drug Use; Grade Approach; Human; Hypertension; Meta Analysis; Quantitative Analysis; Randomized Controlled Trial (topic); Review; Systematic Review; Systolic Blood Pressure; Acetic Acid; Blood Pressure; Humans; Hypertension; Randomized Controlled Trials As Topic"
"Corrigendum to “Treatment of infant colic with craniosacral therapy. A randomized controlled trial” [Complement Ther Med 71 (2022) 102885](S0965229922000875)(10.1016/j.ctim.2022.102885)","2022","Complementary Therapies in Medicine","10.1016/j.ctim.2022.102903","https://www.scopus.com/inward/record.uri?eid=2-s2.0-85143798127&doi=10.1016%2Fj.ctim.2022.102903&partnerID=40&md5=4e7b5d0cb4bfc6614305dbaa79cacba1","The authors regret to inform that this study consist in a secondary analysis of the “Effectiveness of craniosacral therapy in the treatment of infantile colic. A randomized controlled trial” study with ID NCT03675763. Also, in the methods section page 2 paragraph 2.1., was referred that the study was based at a prior experiment which is wrong because it refers the second analysis of the results of the same trial mentioned above. The authors would like to apologise for any inconvenience caused. © 2022 Elsevier B.V., All rights reserved.","Erratum"
"Patients Receiving Integrative Medicine Effectiveness Registry (PRIMIER) of the BraveNet practice-based research network: Outcomes of the PRIMIER cohort","2022","Complementary Therapies in Medicine","10.1016/j.ctim.2022.102904","https://www.scopus.com/inward/record.uri?eid=2-s2.0-85142520261&doi=10.1016%2Fj.ctim.2022.102904&partnerID=40&md5=2f448bb6ee16e47f7a4afe57086ab454","Objective: To evaluate the real-world effectiveness of integrative medicine treatment on quality of life using the Patients Receiving Integrative Medicine Effectiveness Registry (PRIMIER). Design: A prospective, longitudinal, observational evaluation of patient reported outcomes for quality of life. Setting: Participants were patients from 17 integrative medicine clinics who received personalized, integrative medicine treatments between August 2013 and October 2017. Main outcome measures: Participants completed the Patient Reported Outcomes Measurement Information System (PROMIS)− 29, Perceived Stress Scale-4 (PSS-4), and the Patient Activation Measure (PAM) at index (baseline) visit and at 2, 4, 6, and 12 month follow-up assessments. Electronic health record data included diagnostic and billing codes/descriptions. A linear mixed-effects model was used to test whether outcomes changed from index through 12 months Results: During enrollment, 4883 participants began the assessment, 3658 completed the index measures, and 2374 (65 %) completed at least 1 follow-up assessment, had electronic health record data and at least 1 integrative medicine visit. Most participants (mean age=51.4 years) were white (88.4 %), female (79.7 %), and college-educated (78.5 %). Significant improvements (p < 0.001) were observed at 12-months on all PROMIS-29 measures, PSS-4, and PAM. At 12 months, clinically meaningful improvements were found for 38 % and 28 % on PROMIS-29 Mental and Physical Health Summary scores respectively. Conclusions: PRIMIER is the largest study to assess the real-world effectiveness of integrative medicine. Results indicate a statistical and clinical improvement across all measures at 12 months. Future research could explore whether dosing, timing or combinations of integrative medicine interventions have differential impacts on quality of life. © 2022 Elsevier B.V., All rights reserved.","Acupuncture; Integrative Medicine; Observational Study; Practice-based Research; Promis; Quality Of Life; Stress; Acupuncture; Adult; Article; Cohort Analysis; Comparative Effectiveness; Electronic Health Record; Female; Follow Up; Health; Human; Information System; Integrative Medicine; Major Clinical Study; Male; Middle Aged; Multicenter Study; Observational Study; Outcome Assessment; Patient-reported Outcome; Perceived Stress Scale; Physiological Stress; Quality Of Life; Patient; Prospective Study; Female; Humans; Integrative Medicine; Middle Aged; Patient Reported Outcome Measures; Patients; Prospective Studies; Quality Of Life"
"Proctoclysis for rehydration in children – A scoping review and a pilot survey among medical doctors","2022","Complementary Therapies in Medicine","10.1016/j.ctim.2022.102902","https://www.scopus.com/inward/record.uri?eid=2-s2.0-85142140419&doi=10.1016%2Fj.ctim.2022.102902&partnerID=40&md5=04532c15ca85aa55df76003576ff02b5","Although proctoclysis (enema) is a historically proven, safe and cost-effective rehydration method that needs little training for users and can effectively replace intravenous hydration in different care settings, it is an uncommon choice for hydration in children with fever and is often missing in official guidelines. To evaluate the usefulness of proctoclysis, this study provides a scoping review of the existing literature. The matched literature was labelled in 5 categories, identifying 6 indication fields that are emphasized in the literature on rectal rehydration. The analysis showed that proctoclysis is mostly used in the context of diagnostic procedures, constipation or in the treatment of a gastrointestinal disease. It is also described as a quick, safe and cost-effective intervention for fluid replacement in emergency, critical care or resource-scarce settings. There are also socio-cultural variations in its use Additionally, we performed a survey on attitudes and experience of medical doctors towards proctoclysis based on a semi-structured questionnaire. In the survey, we analysed the experience of 35 medical doctors from 8 countries. Although we found a general acceptance of enema as beneficial in both hospitalized patients and in home care, doctors expressed the need for more experience with enema and the need for more education materials in order to effectively perform the procedure. Based on our findings, we suggest that further research is necessary examining the attitude towards proctoclysis among parents, nurses and doctors. Enema can have a considerable clinical advantage during home care for gastroenteritis or other infectious diseases with fever to prevent insufficient oral fluid intake resulting in a negative fluid balance. Risks and safety issues are rare and should be considered. However, due to its low level of social acceptability in order to reduce refusal rate, more education is necessary for both medical providers and parents. © 2023 Elsevier B.V., All rights reserved.","Enema; Fever Management; Proctoclysis; Rectal Rehydration; Scoping Review; Enema; Oral Rehydration Solution; Adverse Event; Article; Child; Constipation; Cost Effectiveness Analysis; Diagnostic Procedure; Fluid Balance; Fluid Intake; Fluid Resuscitation; Gastroenteritis; Gastrointestinal Disease; Health Survey; Home Care; Hospital Patient; Human; Intestinal Intussusception; Palliative Therapy; Physician; Rectal Drug Administration; Rehydration; Risk Factor; Social Acceptance; Social Psychology; Structured Questionnaire; Child Parent Relation; Fluid Therapy; Procedures; Questionnaire; Child; Fluid Therapy; Gastroenteritis; Humans; Parents; Physicians; Surveys And Questionnaires"
"A cross-sectional survey of self-medication with Traditional Chinese Medicine for treatment and prevention of COVID-19","2022","Complementary Therapies in Medicine","10.1016/j.ctim.2022.102898","https://www.scopus.com/inward/record.uri?eid=2-s2.0-85141993759&doi=10.1016%2Fj.ctim.2022.102898&partnerID=40&md5=847b4dcf91317a1de5ad3684bc267edf","Objective: To investigate user behavioural profiles and the prevalence of self-medication with traditional Chinese medicine (TCM) for COVID-19 among the general public in China. Design: Cross-sectional study. Setting: Self-administered online survey was carried out between January and June 2021 in China. Results: A total of 1132 complete responses were received from a nationwide sample. A considerable proportion viewed TCM to be more effective than Western medicine for treating COVID-19 (67.1 %) and stated that it is safer to use TCM (63.5 %) and easier to access TCM for treating COVID-19 (63.5 %). A total of 16.4 % (95 %CI 14.3–18.7) reported ever self-medicating with TCM to resolve COVID-19 symptoms and 12.2 % (95 % CI 10.3–14.2) ever using TCM to prevent SARS-CoV-2 infection. Lianhua Qingwen capsule/granule (53.2 %), Ganmao granule (50.5 %) and Banlangen granule (44.6 %) were most commonly used to resolve COVID-19 symptoms whereas Banlangen granule (60.1 %) was commonly used for the prevention of SARS-CoV-2 infection. Older age participants, from rural areas, with chronic diseases, higher socioeconomic status, and a positive attitude towards TCM were more likely to self-medicate using TCM to resolve COVID-19 symptoms. Conclusion: Self-medication with TCM during the COVID-19 pandemic for symptom control or prevention is prevalent. The findings of the user behavioural profile and types of TMCs commonly used in this study provide beneficial information for the development of strategies to improve public health-seeking behaviour and the performance of the country's healthcare system in the era of the COVID-19 pandemic. © 2022 Elsevier B.V., All rights reserved.","Covid-19; Preventive Behaviour; Self-medication; Traditional Chinese Medicine; Drugs, Chinese Herbal; Anti-sars-cov-2 Agent; Banlangen; Chinese Drug; Ganmao; Houttuynia Cordata Extract; Lanqin; Lianhua Qingwen; Lonicera Extract; Plant Medicinal Product; Pudilan; Qingkailing; Shenqu; Shuang Huang Lian; Unclassified Drug; Herbaceous Agent; Adult; Age Distribution; Aged; Article; China; Chinese Medicine; Chronic Disease; Confidence Interval; Controlled Study; Coronavirus Disease 2019; Cross-sectional Study; Drug Capsule; Drug Granule; Female; Health Behavior; Human; Infection Prevention; Major Clinical Study; Male; Medicinal Plant; Online System; Patient Compliance; Prevalence; Questionnaire; Rural Area; Sampling; Self Medication; Social Status; Western Medicine; Pandemic; Covid-19; Cross-sectional Studies; Drugs, Chinese Herbal; East Asian People; Humans; Medicine, Chinese Traditional; Pandemics; Sars-cov-2"
"The effect of music as an intervention for post-stroke depression: A systematic review and meta-analysis","2022","Complementary Therapies in Medicine","10.1016/j.ctim.2022.102901","https://www.scopus.com/inward/record.uri?eid=2-s2.0-85141978069&doi=10.1016%2Fj.ctim.2022.102901&partnerID=40&md5=5ca6e90f086ad34bbdf66bef2f9d7d6e","Background: The clinical application of music therapy and research into its use and effectiveness are common in Western countries. The physiological role of this type of therapy is to stimulate the central nervous system through music, which may have a sedative, analgesic effect, and reduce negative emotions. Previous studies have confirmed that music can be effective for a range of psychological disorders, including post-stroke depression (PSD). There is, however, a lack of systematic evaluation of its effectiveness, and variability in sample size and in the quality of research has detracted from the persuasiveness of findings. Methods: Based on PRISMA 2020, articles on music therapy intervention in post-stroke depression were identified through the Web of Science, PubMed, EMBASE, CNKI, Weipu, and Wanfang databases. The retrieval time was taken from the establishment of the database to October 18, 2022. Two researchers conducted a stringent evaluation of the quality of the articles and extracted the data. They then used RevMan5.3 software for meta-analysis. Results: Twenty articles were listed, involving 1625 patients. Meta-analysis results showed that music therapy could lower scores on the Hamilton Depression Rating Scale (HDRS/Ham-D), the National Institutes of Health stroke scale and self-rated depression scale for patients with PSD. Music therapy was also shown to improve the Barthel Index for Activities of Daily Living and treatment efficacy of PSD patients. However, music therapy did not reduce the incidence of adverse reactions in PSD patients. Conclusion: Music therapy has benefits in improving HDRS/Ham-D score and symptoms of PSD patients, and could be more widely applied. © 2022 Elsevier B.V., All rights reserved.","Meta-analysis; Music Therapy; Post-stroke Depression; Systematic Review; Antidepressant Agent; Adverse Outcome; Article; Barthel Index; Hamilton Depression Rating Scale; Human; Meta Analysis; Music Therapy; National Institutes Of Health Stroke Scale; Nursing Care; Outcome Assessment; Post-stroke Depression; Self-rating Depression Scale; Systematic Review; Therapy Effect; Western Medicine; Cerebrovascular Accident; Complication; Daily Life Activity; Depression; Music; Procedures; Activities Of Daily Living; Depression; Humans; Music; Music Therapy; Stroke"
"Auricular acupressure for adverse events following immunization after COVID-19 vaccine injection: A multicentre, blinded, randomized controlled trial","2022","Complementary Therapies in Medicine","10.1016/j.ctim.2022.102900","https://www.scopus.com/inward/record.uri?eid=2-s2.0-85141814525&doi=10.1016%2Fj.ctim.2022.102900&partnerID=40&md5=295c192f9fcdc09179e532ba463ad2a1","Background: Some adverse events following immunization (AEFI) were observed in potential corelation with COVID-19 vaccination but without prevention or ongoing trial for it. We aimed to investigate efficacy of auricular acupressure (AuriAc) therapy in preventing AEFI after first dosage of the vaccine. Methods: We performed a multicentre randomized controlled trial with three arms, including AuriAc, SAuriAc (sham auricular acupressure), and TrAsU (treatment as usual) group, carried out in four medical institutions in Chengdu, China, from March 17th to April 23rd, 2021. We enrolled participants based on eligibility criteria and randomized them into three groups: AuriAc (AEFI-specific auricular points applied, n = 52), SAuriAc (n = 51) or TrAsU (n = 44) group. Primary outcomes were percentages of any AEFI and local pain, and secondary outcomes were percentages who reported other AEFI. They were followed at 1, 3, 5, 7, and 14 days, by phone or online, with severity evaluated. Results: 147 participants (73.47% females) were included with median age as 31 years (25–45, IQR). One day after the injection, participants in AuriAc group reported significant reduction on percentages of any AEFI [intention-to-treat, difference of percentage (DP) = −20.13, 95%CI: − 0.39, − 0.02, p = 0.01; per-protocol, DP = −22.21, 95%CI: − 0.40, − 0.03, P = 0.02] and local pain (per-protocol, DP = −18.40, 95%CI: −0.36, −0.01, P = 0.04), compared with TrAsU group. The effects were slight at other follow-up days and for other outcomes, and with a low percentage of mild local allergic reactions. Conclusions: We firstly explored potential of AuriAc for preventing AEFI related to COVID-19 vaccine injection, which is beneficial for the vaccine recipients, but evidence is limited. Trial registration: chictr.org.cn no. ChiCTR2100043210 (http://www.chictr.org.cn/showproj.aspx?proj=121519) © 2023 Elsevier B.V., All rights reserved.","Adverse Events; Auricular Acupressure; Covid-19; Randomized Controlled Trial; Vaccine; Covid-19 Vaccines; Vaccines; Sars-cov-2 Vaccine; Vaccine; Acupressure; Adult; Adverse Event; Alcohol Consumption; Anxiety; Arthralgia; Article; Auricular Acupuncture; Clinical Trial; Coronavirus Disease 2019; Coughing; Diarrhea; Drug Efficacy; Drug Safety; Education; Fatigue; Female; Headache; Human; Immunization; Injection Site Pain; Major Clinical Study; Male; Middle Aged; Multicenter Study; Myalgia; Nausea; Outcome Assessment; Randomized Controlled Trial; Single Blind Procedure; Smoking; Vero Cell Line; Visual Analog Scale; Vomiting; Controlled Study; Pain; Prevention And Control; Acupressure; Covid-19; Covid-19 Vaccines; Female; Humans; Male; Pain; Vaccines"
"A pilot controlled trial of a combination of electroacupuncture and psychological intervention for post-stroke depression","2022","Complementary Therapies in Medicine","10.1016/j.ctim.2022.102899","https://www.scopus.com/inward/record.uri?eid=2-s2.0-85141801207&doi=10.1016%2Fj.ctim.2022.102899&partnerID=40&md5=9fd51051e276b9b214bca2fcff41a5ca","Objective: This study was to investigate effects of a combination of electroacupuncture (EA) and psychological intervention (PI) for post-stroke depression (PSD) and provide treatment suggestions Methods: In a single-blind, randomized controlled trial, 49 patients with PSD were randomly divided into two groups, PI group (n = 23) and PI+EA group (n = 26). PI group received PI 2 times a week by a professional psychologist. In addition to PI treatment, PI+EA group was treated with EA at GB13 and HT7, 30 min, 5 times a week, 4 weeks as a course of treatment, a total of 12 weeks. The 17-item Hamilton Rating Scale for Depression (HAMD-17) and Lo Knapp Ron J's sleep score table were measured before treatment, 4 weeks, 8 weeks and 12 weeks after treatment. Results: After 12 weeks of PI or PI+EA therapy, 42 of 49 patients were effective and 7 were ineffective, with an effective rate of 85.7 %. Among them, the effective rate of PI group alone was 78.3 %, and the effective rate of PI+EA group was 92.3 %. Compared with values of PI, HAMD-17 values at 8 weeks of PI+EA treatment were significantly decreased (P < 0.01). At the same time, Sleep Score table was significantly decreased after PI+EA treatment (P < 0.05). Incidence of adverse events was not different in the two groups Conclusion: A combination of EA and PI maybe an effective and safe treatment option for PSD, which is statistically more significant than PI treatment alone. Due to small samples involved in this pilot study, further research is needed to see whether a combination of EA and PI will match the results of this pilot study. © 2023 Elsevier B.V., All rights reserved.","Electroacupuncture; Post-stroke Depression; Psychological Intervention; Stroke; Acupuncture; Adult; Aged; Article; Brain Hemorrhage; Brain Infarction; Cerebrovascular Accident; Clinical Article; Controlled Study; Depression; Dizziness; Electroacupuncture; Emotional Stress; Female; Hamilton Depression Rating Scale; Headache; Heart Rate; Human; Hypersomnia; Insomnia; Male; Motor Dysfunction; Nausea; Pilot Study; Post-stroke Depression; Randomization; Randomized Controlled Trial; Single Blind Procedure; Vomiting; Complication; Procedures; Psychology; Treatment Outcome; Depression; Electroacupuncture; Humans; Pilot Projects; Psychosocial Intervention; Single-blind Method; Stroke; Treatment Outcome"
"Feasibility of an adaptive riding pilot study and acceptability to dementia care partners: “Your spirits are lifted”","2022","Complementary Therapies in Medicine","10.1016/j.ctim.2022.102897","https://www.scopus.com/inward/record.uri?eid=2-s2.0-85140989391&doi=10.1016%2Fj.ctim.2022.102897&partnerID=40&md5=d5ba56ad52b39e81eb889236144d4bce","Objectives: We sought to assess the feasibility and acceptability of an adaptive riding program with dyads (persons living with dementia, family care partners) and a gardening comparison condition. Design: This is a two-arm (adaptive riding and adaptive gardening), mixed methods, convergent, feasibility study that occurred February 2019-June 2019. Interventions: Upon enrollment, dyads (n=9) self-selected into either community-based adaptive riding (n=5) or adaptive gardening (n=4), two complementary interventions in Northern Colorado. Interventions occurred for hour-long, weekly sessions for eight weeks. Outcome measures: Feasibility was measured with recruitment (actual/planned, response rate, participants enrolled/month) retention, adherence to study procedures (attendance, retention, fidelity), and data collection processes (planned versus collected); and analyzed with descriptive statistics. Acceptability of adaptive riding was measured with pre/post care partner interviews and analyzed using thematic analysis. Afterwards, findings were converged. Results: We recruited n=10/24 dyads (6 dyads per month), with the highest response rates for referrals and in-person events, n=9 dyads enrolled. We adhered to study procedures with attendance (6/8 gardening, 8/8 riding), retention (100%), fidelity (100%) and data collected (98%). Care partners (n=5) found the adaptive riding intervention acceptable with two themes Overall hopes: “Joy in the present moment” and “Experience as a Whole: “Your spirits are lifted,” affirming quantitative attendance and retention data. Conclusion: Findings underscore the feasibility and acceptability of including care partners of persons living with dementia in complementary interventions involving horsemanship activities. Feasibility data can guide study designs and implementation processes for other nature-based complementary interventions for this population. © 2023 Elsevier B.V., All rights reserved.","Alzheimer's Disease; Horsemanship; Horticulture Therapy; Implementation Science; Nature-based; Therapeutic Riding; Activity Card Sort Community Living Version; Adaptive Gardening; Adaptive Riding Program; Adult; Aged; Article; Clinical Article; Clinical Assessment; Cognition Assessment; Community Based Adaptive Riding; Comparative Study; Controlled Study; Convergent Evolution; Dementia; Dementia Quality Of Life Instrument; Exercise; Feasibility Study; Female; Fidelity; Gardening; Gardening Bed; Health Care Cost; Health Care Planning; Human; Intervention Study; Interview; Male; Middle Aged; Patient Attendance; Perception; Person Living With Dementia; Planting Time; Program Acceptability; Psychology; Qualitative Analysis; Reliability; Repeatable Battery For The Assessment Of Neuropsychological Status; Response Rate; Retention; Safety Screening; Social Psychology; Statistics; Template For Intervention Description And Replication; Thematic Analysis; Training; Very Elderly; World Health Organization; Caregiver; Colorado; Pilot Study; Caregivers; Dementia; Feasibility Studies; Humans; Pilot Projects"
"The effect of massage therapy on pain after surgery: A comprehensive meta-analysis","2022","Complementary Therapies in Medicine","10.1016/j.ctim.2022.102892","https://www.scopus.com/inward/record.uri?eid=2-s2.0-85140971793&doi=10.1016%2Fj.ctim.2022.102892&partnerID=40&md5=9e665b7368477827a3715cfffdb9f345","Background: Findings on the usefulness of massage therapy (MT) in postoperative pain management are often inconsistent among studies. Objectives: This study's aim is to conduct a meta-analysis of randomized controlled trials (RCT) to clarify the effects of massage therapy in the treatment of postoperative pain. Methods: Three databases (PubMed, Embase, and Cochrane Central Register of Controlled Trials) were searched for RCTs published from database inception through January 26, 2021. The primary outcome was pain relief. The quality of RCTs was appraised with the Cochrane Collaboration risk of bias tool. The random-effect model was used to calculate the effect sizes and standardized mean difference (SMD) with 95 % confidential intervals (CIs) as a summary effect. The heterogeneity test was conducted through I2. Subgroup and sensitivity analyses were used to explore the source of heterogeneity. Possible publication bias was assessed using visual inspection of funnel plot asymmetry. Results: The analysis included 33 RCTs and showed that MT is effective in reducing postoperative pain (SMD, −1.32; 95 % CI, −2.01 to −0.63; p = 0.0002; I2 = 98.67 %). A similar significant effect was found for both short (immediate assessment) and long terms (assessment performed 4–6 weeks after the MT). Remarkably, we found neither the duration per session nor the dose had an impact on the effect of MT and there seemed to be no difference in the effects of different MT types. In addition, MT seemed to be more effective for adults. Furthermore, MT had better analgesic effects on cesarean section and heart surgery than orthopedic surgery. Limitations: Publication bias is possible due to the inclusion of studies in English only. Additionally, the included studies were extremely heterogeneous. Double-blind research on MT is difficult to implement, and none of the included studies is double-blind. There was some heterogeneity and publication bias in the included studies. In addition, there is no uniform evaluation standard for the operation level of massage practitioners, which may lead to research implementation bias. Conclusions: MT is effective in reducing postoperative pain in both short and long terms. © 2023 Elsevier B.V., All rights reserved.","Massage Therapy; Meta-analysis; Postoperative Pain; Randomized Controlled Trials; Abdominal Hysterectomy; Analgesia; Cancer Surgery; Cesarean Section; Coronary Artery Bypass Graft; Craniofacial Surgery; Faces Pain Scale; Heart Surgery; Hip Arthroplasty; Human; Laparoscopic Cholecystectomy; Manual Lymphatic Drainage; Massage; Mcgill Pain Questionnaire; Meta Analysis; Numeric Rating Scale; Orthopedic Surgery; Pain Assessment; Physical Activity; Physical Medicine; Postoperative Pain; Publication Bias; Randomized Controlled Trial (topic); Review; Scoring System; Sensitivity Analysis; Thorax Surgery; Total Knee Arthroplasty; Visual Analog Scale; Adult; Alternative Medicine; Female; Pregnancy; Adult; Female; Humans; Massage; Mind-body Therapies; Pain Management; Pain, Postoperative; Pregnancy; Randomized Controlled Trials As Topic"
"Acupuncture for the treatment of childhood anorexia: A systematic review and meta-analysis","2022","Complementary Therapies in Medicine","10.1016/j.ctim.2022.102893","https://www.scopus.com/inward/record.uri?eid=2-s2.0-85140931066&doi=10.1016%2Fj.ctim.2022.102893&partnerID=40&md5=fec9582e1310b19e3c6e1410b0e801ae","Objectives: Childhood anorexia, among the commonest symptoms of children, involved long-term loss of appetite/decreased food intake and refusal to try or eat certain foods. Acupuncture is increasingly popular in childhood anorexia due to the side effects and dissatisfaction of conventional treatment, but, the efficacy and safety of acupuncture for childhood anorexia have not been reviewed systematically. Methods: From 12 electronic databases, randomized controlled trials (RCTs) assessing acupuncture for childhood anorexia were identified in June 2021, with posttreatment improvement in clinical symptoms of anorexia as the primary outcome. A meta-analysis was conducted if two or more studies used the same interventions or same outcome measures. The risk of bias and quality of evidence were evaluated. Results: A total of 32 RCTs with 3518 participants were included. When acupuncture was used as monotherapy or adjunctive therapy, the total effectiveness rate based on anorexia symptoms, hemoglobin levels, abdominal subcutaneous fat, and body weight significantly improved. However, results in nutritional indices were inconsistent. The recurrence rate of anorexia was significantly lower in the acupuncture group. No serious adverse events in relation to acupuncture were reported. in general, the risk of bias of the included studies was unclear and the quality of evidence for the main findings was low to moderate. Conclusions: Acupuncture may improve symptoms of childhood anorexia without serious adverse events. However, because of the low methodological quality and quality of evidence in existing reports, further high-quality clinical trials are needed to conclusively establish the efficacy and safety of this treatment. © 2023 Elsevier B.V., All rights reserved.","Acupuncture; Anorexia; Children; Meta-analysis; Systematic Review; Gastrin; Ghrelin; Gastrin; Ghrelin; Leptin; Trace Element; Abdominal Subcutaneous Fat; Acupressure; Acupuncture; Anorexia; Article; Auricular Acupuncture; Body Height; Body Mass; Body Weight; Childhood; Clinical Decision Making; Data Analysis; Data Extraction; Data Synthesis; Electroacupuncture; Female; Food Intake; Food Refusal; Gastrointestinal Tract Function; Hemoglobin Blood Level; Human; Incidence; Male; Meta Analysis; Monotherapy; Moxibustion; Nutrition; Outcome Assessment; Preferred Reporting Items For Systematic Reviews And Meta-analyses; Quality Control; Recurrence Risk; Risk Assessment; Sensitivity Analysis; Side Effect; Systematic Review; Child; Procedures; Acupuncture Therapy; Anorexia; Child; Humans"
"Herbal integrity in research","2022","Complementary Therapies in Medicine","10.1016/j.ctim.2022.102895","https://www.scopus.com/inward/record.uri?eid=2-s2.0-85140464085&doi=10.1016%2Fj.ctim.2022.102895&partnerID=40&md5=7041b81964e4b6fab271429679a7012f","[No abstract available]","Drugs, Chinese Herbal; Herbaceous Agent; Biological Activity; Dietary Supplement; Food And Drug Administration; Good Manufacturing Practice; Herbal Medicine; Human; Letter; Nomenclature; Policy; Publication; Drugs, Chinese Herbal; Herbal Medicine; Humans"
"Effect of a polyphenol-rich dietary supplement containing Pinus massoniana bark extract on blood pressure in healthy adults: A parallel, randomized placebo-controlled trial","2022","Complementary Therapies in Medicine","10.1016/j.ctim.2022.102896","https://www.scopus.com/inward/record.uri?eid=2-s2.0-85140396035&doi=10.1016%2Fj.ctim.2022.102896&partnerID=40&md5=8c689ab013f8498f6b39edc1aa86c8fd","Objectives: High blood pressure (BP) is a major risk factor for cardiovascular disease and prevalence rates continue to rise with ageing populations. Polypharmacy remains a burden among the ageing, thus alternative effective strategies are warranted. This study investigated the effects of a polyphenols rich dietary supplement containing Pinus massoniana bark extract (PMBE) for modulating BP in healthy Australian adults. Design: This study is a secondary analysis of data from a double-blinded, placebo-controlled clinical trial. Methods: Sixty-two healthy adults aged 55–75 years were randomized to receive 50 mL dietary supplement containing placebo (0 mg PMBE) or PMBE (1322 mg PMBE) daily for 12 weeks. Seated systolic BP (SBP) and diastolic (DBP) were measured at baseline, 6 weeks and 12 weeks. Effects of PMBE on modulating BP was also explored in this study stratified for SBP status (optimal v high) as well as by SBP medication status. Mixed effect regression modelling was employed involving fixed categorical effects for elapsed time, treatment assignment and their interaction as well as random subject-level intercept to account for within-subject correlations resulting from repeated measurements. Significant models were further examined by addition of covariates and power calculations were performed since this study was a secondary analysis. Results: SBP significantly reduced (−3.29 mmHg, p = 0.028) after PMBE at 12 weeks compared to baseline. SBP in individuals with normal-high SBP (>120 mmHg) in the PMBE group reduced by − 6.46 mmHg (p = 0.001) at 12 weeks compared to baseline. No significant changes were reported for individuals with optimal (≤120 mmHg) SBP nor did DBP significantly change in either study groups. In individuals with non-medicated normal-high SBP, SBP significantly reduced by − 7.49 mmHg (p = 0.001) and DBP by − 3.06 mmHg (p = 0.011) at 12 weeks compared to baseline after PMBE. Cross-group comparisons were not statistically different. Conclusions: A polyphenol-rich dietary supplement derived from PMBE led to a clinically and statistically significant reduction in SBP in adults. Future studies to investigate the effects of PMBE-polyphenol supplementation on BP are warranted to confirm and explore optimal dose and impact on hypertension. © 2022 Elsevier B.V., All rights reserved.","Ageing; Diastolic Blood Pressure; Pine Bark Extract; Polyphenols; Proanthocyanidins; Systolic Blood Pressure; Polyphenol; Proanthocyanidin; Plant Extracts; Polyphenols; Pinus Massoniana Bark Extract; Placebo; Plant Extract; Polyphenol; Proanthocyanidin; Unclassified Drug; Adult; Aged; Aging; Antihypertensive Activity; Article; Australian; Bark; Blood Pressure Measurement; Blood Pressure Regulation; Controlled Study; Diastolic Blood Pressure; Dietary Supplement; Double Blind Procedure; Female; Human; Human Experiment; Male; Normal Human; Parallel Design; Pilot Study; Pinus Massoniana; Randomized Controlled Trial; Regression Model; Secondary Analysis; Statistical Significance; Systolic Blood Pressure; Australia; Blood Pressure; Hypertension; Pine; Adult; Blood Pressure; Dietary Supplements; Humans; Hypertension; Pinus; Plant Extracts; Polyphenols"
"The efficacy of Da Chaihu decoction combined with metformin tablets for type 2 diabetes mellitus: A systematic review and meta-analysis","2022","Complementary Therapies in Medicine","10.1016/j.ctim.2022.102894","https://www.scopus.com/inward/record.uri?eid=2-s2.0-85140333213&doi=10.1016%2Fj.ctim.2022.102894&partnerID=40&md5=6a467d5c4ab1f5777f3916d480e7c260","Objective: To assess the efficacy of Da Chaihu decoction combined with metformin tablets on patients with type 2 diabetes compared with metformin alone. Methods: This systematic review and meta‐analysis is written based on 2020 PRISMA Extension for Chinese Herbal Medicines 2020 (PRISMA-CHM 2020) reporting guidelines. We reviewed all the relevant studies from a search of the following databases from inception to February 2022 without any language restriction: Excerpta Medica Database (EMBASE), Google Scholar, PubMed, Cochrane Library, China National Knowledge Infrastructure (CNKI), VIP Information, Wanfang Data, and the Chinese Biomedical Literature Database(CBM). Data were extracted and the quality was independently evaluated by two reviewers, based on the inclusion and exclusion criteria. Data were analyzed using the Cochrane software RevMan 5.3. Results: Six randomized controlled trials comprising 516 participants were included. The meta‐analysis revealed the Da Chaihu decoction combined with metformin tablets group was significantly superior to the metformin tablets group in terms of fasting blood glucose(FPG) (−0.66 mmol/L; 95 % CI (confidence intervals) [− 1.28, − 0.04]), plasma glucose 2 h after meal (2-h PG) (−1.18 mmol/L; 95 % CI [−1.94, −0.42]) in six RCTs, body mass index (BMI) (−3.07 mmol/L; 95 % CI [−6.89, 0.75]) in three RCTs, glycosylated hemoglobin (HbAlc) (−0.36 mmol/L; 95 % CI [−1.04, 0.31]) in three RCTs, and triglycerides (TG) (−0.76 mmol/L; 95 % CI [−1.37, −0.15]) in two RCTs. In two RCTs, there were significant differences in terms of total cholesterol (TC) (−0.97 mmol/L; 95 % CI [−1.18, −0.76]). Conclusions: Very low-quality research shows that Da Chaihu decoction combined with metformin tablets exert a certain level of efficacy on patients with type 2 diabetes compared with metformin alone. However, random sequence generation methodology was reported in five studies leading to the low quality of the included studies. None of the six studies depicted the blinding method, allocation concealment, selective reporting, and assessed the purity and potency of the product. This observation requires verification through high-quality, multi-center, double-blinded randomized controlled trials, and assesses the purity and potency of the product. © 2022 Elsevier B.V., All rights reserved.","Da Chaihu Decoction; Meta‐analysis; Metformin Tablets; Type 2 Diabetes Mellitus; Cholesterol; Glucose; Hemoglobin A1c; Metformin; Glycosylated Hemoglobin; Drugs, Chinese Herbal; Glycated Hemoglobin; Metformin; Chinese Medicinal Formula; Cholesterol; Da Chaihu Decoction; Glucose; Hemoglobin A1c; Metformin; Triacylglycerol; Unclassified Drug; Glycosylated Hemoglobin; Herbaceous Agent; Body Mass; Cholesterol Blood Level; Diarrhea; Drug Efficacy; Drug Potency; Drug Purity; Fasting Blood Glucose Level; Glucose Blood Level; Hemoglobin Blood Level; Human; Meta Analysis; Methodology; Non Insulin Dependent Diabetes Mellitus; Outcome Assessment; Review; Systematic Review; Tablet; Triacylglycerol Blood Level; Randomized Controlled Trial (topic); Body Mass Index; Diabetes Mellitus, Type 2; Drugs, Chinese Herbal; Glycated Hemoglobin; Humans; Metformin; Randomized Controlled Trials As Topic"
"Use of traditional, complementary and alternative medicine in nine countries: A cross-sectional multinational survey","2022","Complementary Therapies in Medicine","10.1016/j.ctim.2022.102889","https://www.scopus.com/inward/record.uri?eid=2-s2.0-85138827879&doi=10.1016%2Fj.ctim.2022.102889&partnerID=40&md5=fa3ce42fc2db4d64d8af1ad4182ed7a3","Objectives: Traditional, complementary, and alternative medicine (TC&AM) play an exceptional role in health care around the world as many patients has sought a holistic approach. Setting: In this study, a multinational survey was developed and administered to obtain experience, attitude, and promotion information with regard to the international use of TC&AM among nine countries: Germany, United States, Japan, China, Malaysia, Vietnam, Russia, Kazakhstan, and United Arab Emirates (UAE). The survey was administered via online to members of SurveyMonkey Audience, a proprietary panel of respondents who were recruited from a diverse population worldwide. Results: A total of 1071 participants has completed the survey. The participants were in favor of the treatments and therapies as well as expressed positive attitudes and also have used herbal medicine treatment more than acupuncture therapy and also used the modalities to promote metabolism rather than treating musculoskeletal diseases. Moreover, participants mentioned that TC&AM should be applied for treating and managing infectious diseases, such as COVID-19. Additionally, participants recommended using Facebook channel to promote its treatments and therapies. Conclusion: Based on the results, this study provides initial insights on TC&AM that may influence the non-users globally and perhaps inspire a need for further research including more countries in different continents. © 2023 Elsevier B.V., All rights reserved.","Alternative Medicine; Complementary And Alternative Medicine; Integrative Medicine; Survey; Traditional Medicine; Acupuncture; Adult; Alternative Medicine; Article; China; Coronavirus Disease 2019; Cross-sectional Study; Dietary Supplement; Female; Germany; Herbal Medicine; Human; Integrative Medicine; Japan; Kazakhstan; Major Clinical Study; Malaysia; Male; Musculoskeletal Disease; Questionnaire; Russian Federation; Social Media; Traditional Medicine; United Arab Emirates; United States; Viet Nam; Procedures; Acupuncture Therapy; Complementary Therapies; Covid-19; Cross-sectional Studies; Humans; Surveys And Questionnaires"
"A pilot study on the impacts of lung-strengthening Qigong on wellbeing","2022","Complementary Therapies in Medicine","10.1016/j.ctim.2022.102891","https://www.scopus.com/inward/record.uri?eid=2-s2.0-85138807096&doi=10.1016%2Fj.ctim.2022.102891&partnerID=40&md5=a5c7a20fe0477b6b4a5625e493b62c94","Background: Qigong embraces a range of self-care exercises originating from China. Lung-Strengthening Qigong (LSQ) is a specific technique for maintaining and improving physical and mental wellbeing. Methods: We recruited 170 practitioners and 42 non-practitioner/control samples to investigate the impacts of LSQ practice on body, mind, thoughts, and feelings. This is a pilot study pursued to plan for an adequately powered, non-clinical randomized controlled trials (RCT) on overall wellbeing and health and to evaluate the adequacy of delivering the physical activity intervention with fidelity. Self-evaluation-based data collection schemes were developed by regularly requesting completion of a questionnaire from both practitioner and control group, and an online diary and end of study survey (EOS) completion only from the practitioners. Diverse types of analyses were conducted, including statistical tests, machine learning, and qualitative thematic models. Results: We evaluated all different data resources together and observed that (a)the impacts are diverse, including improvements in physical (e.g., elevated sleep quality, physical energy, reduced fatigue), mental (e.g., increased positivity, reduced stress), and relational (e.g., enhanced connections to self and nature) wellbeing, which were not observed in control group; (b)measured by the level-of-effectiveness, four distinct clusters were identified, from no-effect to a high-level of effect; (c)a majority (84 %) of the LSQ practitioners experienced an improvement in wellbeing; (d)qualitative and quantitative analyses of the diary entries, questionnaires, and EOS were all found to be consistent, (e)majority of the positively impacted practitioners had no or some little prior experience with LSQ. Conclusions: Novel features of this study include (i)an increased sample size vis-à-vis other related studies; (ii)provision of weekly live-streamed LSQ sessions; (iii)integration of quantitative and qualitative type of analyses. The pilot study indicated that the proportion of practitioners who continued to engage in completing the regular-interval questionnaires over time was higher for practitioners compared to the control group. The engagement of practitioners may have been sustained by participation in the regular live LSQ sessions. To fully understand the impacts of LSQ on clinical/physiological outcomes, especially for specific patient groups, more objective biomarkers (e.g. respiratory rate, heart rate variation) could be tracked in future studies. © 2023 Elsevier B.V., All rights reserved.","Natural Language Processing; Qigong Intervention; Qualitative Analysis Of Diary Entries; Quantitative Analysis Of Survey Questions; Adult; Arthralgia; Article; Autoimmune Digestive Disease; Awareness; Breathing Exercise; Breathing Rate; Clinical Outcome; Cohort Analysis; Communication Skill; Controlled Study; Data Analysis; Diet; Energy; Fatigue; Female; Follow Up; General Health Questionnaire; Headache; Heart Rate; Human; Human Experiment; Information Processing; Language; Lung; Machine Learning; Male; Myalgia; Physical Activity; Physiological Stress; Pilot Study; Psychological Well-being; Qigong; Qualitative Analysis; Quantitative Analysis; Questionnaire; Randomized Controlled Trial; Short Survey; Sleep Quality; Strength; Thematic Analysis; Wellbeing; Randomized Controlled Trial (topic); Fatigue; Humans; Lung; Pilot Projects; Qigong; Randomized Controlled Trials As Topic; Surveys And Questionnaires"
"Baduanjin exercise for patients with breast cancer: A systematic review and meta-analysis","2022","Complementary Therapies in Medicine","10.1016/j.ctim.2022.102886","https://www.scopus.com/inward/record.uri?eid=2-s2.0-85138797443&doi=10.1016%2Fj.ctim.2022.102886&partnerID=40&md5=1f1ced130bf7bf1e3df38e00628ccb02","Objective: Baduanjin exercise is a traditional Chinese mind-body exercise routine characterized by slow, coordinated, and sequential movements. We have performed the first meta-analysis on the main effect of Baduanjin exercise in patients with breast cancer. Methods: This study followed the 2020 PRISMA guideline. We searched for randomized controlled trials in PubMed, Embase, Cochrane Library, Web of Science, Clinical Trials.gov, Chinese National Knowledge Infrastructure, Wanfang Data Information Site, Chinese Biomedical Database, and Chinese Science and Technique Journals Database through 31 August 2022. Data were analyzed for the outcomes of quality of life, anxiety, and depression. Review Manager 5.4 software was used for data analysis. Results: Seven randomized controlled trials with a total of 537 patients with breast cancer were examined. Compared with the control therapies, Baduanjin exercise significantly improved the total quality of life score (SMD = 0.83; 95 % CI, 0.58–1.08; P < 0.00001) and in two associated domains: emotional well-being (SMD = 0.67; 95 % CI, 0.26–1.07; P = 0.001), functional well-being (SMD = 0.55; 95 % CI, 0.30–0.79; P < 0.00001) and breast cancer subscale (SMD = 0.39; 95 % CI, 0.02–0.77; P = 0.04). Meanwhile, it significantly reduced anxiety score (SMD = − 0.60; 95 % CI, − 1.15 to − 0.05; P = 0.03) and in depression score (SMD = − 0.70 95 % CI, − 0.97 to − 0.42; P < 0.00001). None adverse event was reported. Conclusion: The meta-analysis suggests that Baduanjin exercise is an effective and safe exercise for improving quality of life and alleviating depression and anxiety in patients with breast cancer. Significant methodological concerns of the included studies limit the interpretation of the results. For future trials of Baduanjin exercise on BC, we highlight the importance of adopting more rigorous study design in terms of assessor blinding, hypothesis/purpose blinding, allocation concealment, objective outcome selection and consistent reporting of adverse events. © 2023 Elsevier B.V., All rights reserved.","Baduanjin Exercise; Breast Cancer; Systematic Review; Aerobic Exercise; Anxiety; Baduanjin Exercise; Body Mass; Breast Cancer; Cancer Therapy; Cell Heterogeneity; Chemotherapy; Chinese Medicine; Cognition; Cognitive Behavioral Therapy; Depression; Emotional Well-being; Exercise; Female; Heart Rate; Hospital Anxiety And Depression Scale; Human; Mental Disease; Meta Analysis; Patient Health Questionnaire 9; Physical Activity; Physical Well-being; Quality Control; Quality Of Life; Questionnaire; Randomized Controlled Trial (topic); Review; Sleep Quality; Social Well-being; Systematic Review; Zung Self Rating Depression Scale; Breast Tumor; Kinesiotherapy; Procedures; Psychology; Anxiety; Breast Neoplasms; Exercise; Exercise Therapy; Female; Humans; Quality Of Life"
"Trends and characteristics of Tai Chi and Qi Gong use among U.S. adults: Results from the 2007–2017 National Health Interview Survey","2022","Complementary Therapies in Medicine","10.1016/j.ctim.2022.102890","https://www.scopus.com/inward/record.uri?eid=2-s2.0-85138481108&doi=10.1016%2Fj.ctim.2022.102890&partnerID=40&md5=e3fd3798a0c07959f3ef76c133e16921","Objective: To provide updated information about the prevalence, patterns, and predicting factors of Tai Chi and Qigong (TCQ) use among U.S. adults to better inform the future directions of TCQ application and research. Methods: Using 2007, 2012, and 2017 National Health Interview Survey, we examined the trends and characteristics of TCQ use by descriptive analysis, Wald F chi-square test, and multivariable logistic regression models among U.S. adults (n = 85,360), adjusting for the complex sampling design. Results: The prevalence use of TCQ among U.S. adults use was 1.17% in 2007, 1.27% in 2012, and 1.70% in 2017, which presents a 64% increase from 2007 to 2017 (p < 0.0001). Correlates of TCQ use are older adults (≥ 65 years old), Asians, having higher education levels, having lower income, and being more physically active (p < 0.001). The greater prevalence of TCQ use in 2017 than in 2012 occurred in some vulnerable demographic subgroups, including older adults, people with income less than $35,000/year, and those who were physically inactive. Those with delayed access to the conventional medical care system (e.g., had difficulty getting through on phone; couldn't get an appointment soon enough; had to wait too long to see doctor;)were also more likely to use TCQ (p < 0.001). Conclusions: The use of TCQ has significantly increased among U.S. adults from 2007 to 2017. Given that the greatest increases in use of TCQ were among older adults, females, low-income individuals, and people who were physically inactive, TCQ may serve as age-appropriate, cost-effective, mind-body exercises for these groups of populations to help ameliorate health disparities. © 2022 Elsevier B.V., All rights reserved.","National Health Interview Survey; Tai Chi And Qi Gong; Trends And Characteristics; Adult; Aged; Article; Asian; Controlled Study; Demography; Exercise; Female; Health Disparity; Health Survey; Human; Human Experiment; Interview; Lowest Income Group; Major Clinical Study; Medical Care; Prevalence; Public Health; Qigong; Tai Chi; Tertiary Education; Trend Study; Kinesiotherapy; Procedures; Questionnaire; Aged; Exercise; Exercise Therapy; Female; Humans; Qigong; Surveys And Questionnaires; Tai Ji"
"Utilization and outcomes of a Whole Health model of care by Veterans with psychiatric illness","2022","Complementary Therapies in Medicine","10.1016/j.ctim.2022.102884","https://www.scopus.com/inward/record.uri?eid=2-s2.0-85138060882&doi=10.1016%2Fj.ctim.2022.102884&partnerID=40&md5=decf062e37e21890eaabc1c0e7868852","Objectives: The Veterans Health Administration (VHA) is implementing a model of healthcare known as Whole Health (WH). The goal of WH is to shift from a disease-oriented system to one that emphasizes health promotion and disease prevention as well as promotes the use of Complementary and Integrative Health. The aim of this project was to investigate utilization and outcomes of WH programming among Veterans with psychiatric disorders. Design: This was a retrospective study. Subjects were 7138 Veterans who had a mental health diagnosis. Descriptive data, as well as within- and between-subjects analyses were conducted to investigate utilization and outcomes. Setting: The study was conducted at a large VHA medical center. Interventions: Whole health interventions considered in this study were mindfulness training, health education, wellbeing, and nutrition classes as well as health coaching. Other whole health interventions, such as acupuncture and message were not evaluated. Main outcome measures: Utilization of mental health treatment services, medication prescriptions, pain scores and suicide-related behaviors were the primary outcome measures. Results: There were 305 Veterans with at least one WH appointment. The existence of several specific psychiatric disorders was associated with WH utilization. The mean number of appointments completed per individual was 6.9 for all WH programming. Finally, WH participation was associated with decreased risk of suicide as well as reduced use of mental health services. There were no significant changes to other outcome variables. Conclusions: WH programming shows promise to reduce suicide risk and the need for mental health services among this population. Additionally, WH services were underutilized and there was a lack of treatment engagement. © 2023 Elsevier B.V., All rights reserved.","Complementary And Integrative Health; Disease Prevention; Health Promotion; Mindfulness; Suicide Prevention; Veterans; Whole Health; Acupuncture; Adult; Article; Cell Count; Chronic Pain; Health Care System; Health Care Utilization; Health Education; Health Promotion; Human; Mental Disease; Mental Health; Mindfulness; Nutrition; Outcome Assessment; Outpatient; Pain; Prescription; Retrospective Study; Suicide; Tertiary Health Care; Training; Veteran; Veterans Health; Veterans Health Service; Psychology; United States; Humans; Mental Disorders; Mindfulness; Retrospective Studies; Veterans; Veterans Health"
"Treatment of infant colic with craniosacral therapy. A randomized controlled trial","2022","Complementary Therapies in Medicine","10.1016/j.ctim.2022.102885","https://www.scopus.com/inward/record.uri?eid=2-s2.0-85138038565&doi=10.1016%2Fj.ctim.2022.102885&partnerID=40&md5=90c50b3a71f8b212ee0875ece3db52fd","Objective: To evaluate the number of craniosacral therapy sessions that can be helpful to obtain a resolution of the symptoms of infantile colic and to observe if there are any differences in the evolution obtained by the groups that received a different number of Craniosacral Therapy sessions at 24 days of treatment, compared with the control group which did not received any treatment. Methods: Fifty-eight infants with colic were randomized into two groups of which 29 babies in the control group received no treatment and those in the experimental group received 1–3 sessions of craniosacral therapy (CST) until symptoms were resolved. Evaluations were performed until day 24 of the study. In this study crying hours served as primary outcome. The secondary outcome were the hours of sleep and the severity, measured by an Infantile Colic Severity Questionnaire (ICSQ). Results: Significant statistical differences were observed in favor of experimental group compared to the control group on day 24 in crying hours (mean difference = 2.94, at 95 %CI = 2.30–3.58; p < 0.001) primary outcome, and also in hours of sleep (mean difference = 2.80; at 95 %CI = − 3.85 to − 1.73; p < 0.001) and colic severity (mean difference = 17.24; at 95 %CI = 14.42–20.05; p < 0.001) secondary outcomes. Also, the differences between the groups ≤ 2 CST sessions (n = 19), 3 CST sessions (n = 10) and control (n = 25) were statistically significant on day 24 of the treatment for crying, sleep and colic severity outcomes (p < 0.001). Conclusion: Babies with infantile colic may obtain a complete resolution of symptoms on day 24 by receiving 2 or 3 CST sessions compared to the control group, which did not receive any treatment. © 2023 Elsevier B.V., All rights reserved.","Craniosacral Therapy; Crying; Infantile Colic; Manual Therapy; Osteopathy; Sleep; Article; Atlantooccipital Joint; Breast Feeding; Colic; Controlled Study; Craniosacral Therapy; Crying; Decompression; Digestive System Function Disorder; Disease Severity; Female; Food Allergy; Human; Infant; Infantile Colic; Major Clinical Study; Male; Outcome Assessment; Pediatrician; Physiotherapist; Questionnaire; Randomized Controlled Trial; Sleep Time; Massage; Sleep; Colic; Crying; Humans; Infant; Massage; Sleep; Surveys And Questionnaires"
"Thorough review articles require careful analyzes of the primary articles, and their authors should avoid haste","2022","Complementary Therapies in Medicine","10.1016/j.ctim.2022.102875","https://www.scopus.com/inward/record.uri?eid=2-s2.0-85137108784&doi=10.1016%2Fj.ctim.2022.102875&partnerID=40&md5=baa1fa43939afdbba2aad03a1878ac97","[No abstract available]","Manuscript Handling; Review Studies; Scientific Reliability"
"Pediatric Tui Na for cough in children: A systematic review and meta-analysis of randomized controlled trials","2022","Complementary Therapies in Medicine","10.1016/j.ctim.2022.102882","https://www.scopus.com/inward/record.uri?eid=2-s2.0-85137077345&doi=10.1016%2Fj.ctim.2022.102882&partnerID=40&md5=8ec75efbfab23fff0b3fc9bbf8230649","Objectives: To evaluate the effectiveness and safety of pediatric Tui Na for the treatment of cough in children under seven years of age. Design: Systematic review and meta-analysis of randomized controlled trials. Methods: We searched seven major databases and two ongoing trial registers before November 2021 for randomized controlled trials (RCTs) on pediatric Tui Na for cough in children. Main outcome measures were cough related status (such as cough frequency, severity, and duration), use of western medicines, quality of life, medical costs, recurrence rate, adverse events and acceptance. Two reviewers independently selected studies and extracted data. Results were presented by RevMan 5.4 as risk ratios (RRs) and mean differences (MDs), both with 95 % confidence intervals (CIs). Risk of bias were assessed using ROB tools and quality of evidence by GRADE. Results: Sixteen RCTs involving 1502 participants were included in this review. Most trials were poor in quality for not reporting allocation concealment, blinding of outcomeassessment or outcome data completeness. The pooled results demonstrated that pediatric Tui Na alone (2 RCTs, 205 participants; MD −2.22, 95 %CI −3.71 to −0.73; P = 0.004; I 2 = 90 %; low certainty) or combined with conventional treatment (7 RCTs, 668 participants; MD −1.66, 95 %CI −2.89 to −0.44; P = 0.008; I 2 = 98 %; low certainty) shortened cough duration. The combined treatment also decreased the recurrence rate of cough (3 RCTs, 135 participants; RR 0.35, 95 %CI 0.21–0.58; P < 0.0001; I 2 = 0 %; moderate certainty). There were insufficient data on adverse events. Conclusions: This review indicates that pediatric Tui Na may shorten the course and decrease the recurrence rate of cough in children, and appears to be relatively safe. However, large-sample, multi-center and high-quality RCTs are warranted to confirm these findings. © 2022 Elsevier B.V., All rights reserved.","Cough; Meta-analysis; Pediatric Tui Na; Randomized Controlled Trial; Systematic Review; Child; Human; Massage; Meta Analysis; Multimodality Cancer Therapy; Quality Of Life; Randomized Controlled Trial (topic); Child; Combined Modality Therapy; Humans; Massage; Outcome Assessment, Health Care; Quality Of Life; Randomized Controlled Trials As Topic"
"Effects of tart cherry juice consumption on cardio-metabolic risk factors: A systematic review and meta-analysis of randomized-controlled trials","2022","Complementary Therapies in Medicine","10.1016/j.ctim.2022.102883","https://www.scopus.com/inward/record.uri?eid=2-s2.0-85137035040&doi=10.1016%2Fj.ctim.2022.102883&partnerID=40&md5=e3fc91222e2ce3697e533fed515d5a46","Background: Tart cherries are rich in bioactive compounds, such as anthocyanins and other phytochemicals known to have antioxidant properties and exert cardiovascular protective effects. However, there is no definitive consensus on this context. The present systematic review and meta-analysis aimed to investigate the effect of tart cherry juice consumption on cardio-metabolic risk factors. Methods: A systematic search was conducted on electronic databases, including PubMed, Web of Science, Scopus, and Google Scholar from inception up to December 2021 to identify eligible RCT studies. A random-effect model was utilized to estimate the weighted mean difference (WMD) and 95% confidence (95% CI). Results: Ten RCTs were included in the present meta-analysis. The pooled analysis revealed that tart cherry juice consumption led to a significant reduction in the fasting blood sugar (FBS) levels (WMD = −0.51 mg/dl [95% CI: −0.98, −0.06]). This lowering effect of FBS was robust in subgroups with cross-over studies, participants with age range ≥ 40, duration of follow-up ≤ 4 weeks, and baseline BMI ≥ 30. In contrast, tart cherry juice had no effect on total cholesterol (TC), triglycerides (TG), high density lipoprotein cholesterol (HDL-C), low density lipoprotein cholesterol (LDL-C), insulin, body mass index (BMI), fat mass, systolic and diastolic blood pressure. However, in the subgroup analysis, some significant effects were observed for insulin, TG, TC, LDL-C, and HDL-C. Conclusion: In summary, this meta-analysis showed that tart cherry juice mostly had a favorable effect on FBG levels. However, further RCTs with long-term intervention with different doses of administration are needed. © 2022 Elsevier B.V., All rights reserved.","Blood Pressure; Body Mass Index; Fasting Blood Sugar; Lipid Profile; Meta-analysis; Tart Cherry Juice; Insulin; Anthocyanins; Cholesterol, Hdl; Cholesterol, Ldl; Insulin; Triglycerides; Anthocyanin; High Density Lipoprotein Cholesterol; Insulin; Low Density Lipoprotein Cholesterol; Triacylglycerol; Fruit And Vegetable Juice; Human; Infant; Meta Analysis; Randomized Controlled Trial (topic); Anthocyanins; Cholesterol, Hdl; Cholesterol, Ldl; Fruit And Vegetable Juices; Humans; Infant; Insulin; Randomized Controlled Trials As Topic; Triglycerides"
"Dietary phytochemical index and the risk of non-alcoholic fatty liver disease: A case-control study among Iranian adults","2022","Complementary Therapies in Medicine","10.1016/j.ctim.2022.102881","https://www.scopus.com/inward/record.uri?eid=2-s2.0-85137032433&doi=10.1016%2Fj.ctim.2022.102881&partnerID=40&md5=30cd54652d25f4b57bab4a890bf71fb7","Backgrounds: Dietary phytochemical index (DPI) is an inexpensive method for estimating the amounts of phytochemicals in foods. No study has investigated the association between DPI and non-alcoholic fatty liver disease (NAFLD). Our study aimed to compare DPI in patients with NAFLD and the control group. Methods: This is a case-control study of 250 subjects with NAFLD and 450 healthy subjects attending the Metabolic Liver Disease Research Center as a referral center affiliated to Isfahan University of Medical Sciences. DPI was calculated based on data collected from a 168-item validated food frequency questionnaire. Sociodemographic data, physical activity, and anthropometric measures such as body weight, height, and waist circumference were determined. Results: In the final adjusted model, the odds ratio (OR) of NAFLD across the DPI tertiles decreased significantly (OR = 0.55, 95 %CI = 0.31–0.95) (P-trend = 0.03). The highest vs. lowest tertiles of vegetable and olives PI were significantly associated with a lower risk of NAFLD (OR and 95 % CI = 0.26 (0.14–0.47); OR and 95 % CI = 0.51 (0.29–0.90), p for trend < 0.001, respectively), however, there was no significant relation between other PI components and NAFLD. Conclusion: This case-control study suggested that a higher PI score is associated with a reduced chance of NAFLD after adjusting for confounding variables. In addition, the highest tertile of vegetable and olives PI was significantly associated with a lower risk of NAFLD. © 2022 Elsevier B.V., All rights reserved.","Dietary Phytochemical Index; Dpi; Nafld; Non-alcoholic Fatty Liver Disease; Phytochemicals; Phytochemical; Adult; Body Mass; Case Control Study; Human; Iran; Nonalcoholic Fatty Liver; Prevalence; Risk Factor; Adult; Body Mass Index; Case-control Studies; Humans; Non-alcoholic Fatty Liver Disease; Phytochemicals; Prevalence; Risk Factors"
"The effects of Tai Chi on glucose and lipid metabolism in patients with diabetes mellitus: A meta-analysis","2022","Complementary Therapies in Medicine","10.1016/j.ctim.2022.102871","https://www.scopus.com/inward/record.uri?eid=2-s2.0-85137031200&doi=10.1016%2Fj.ctim.2022.102871&partnerID=40&md5=25f72cf3a9f0d13bd61c6758f9f260f0","Objective: The research aims to evaluate effects of the Tai Chi exercise therapy on glucose and lipid metabolism in patients with type 2 diabetes mellitus (T2DM). Design: Systematic review and meta-analysis of existing literature were undertaken. Methods: Seven electronic resource databases were scanned to collect eligible studies. Two reviewers selected studies, the meta-analysis was performed with RevMan 5.3 after quality evaluation. Results: Nineteen RCT trails involved in 18 reports were included in the meta-analysis, involving 1220 research objects. The results show that the Tai Chi exercise group is better than the control group in decreasing fasting blood glucose (FBG) (MD = − 0.79, 95 %CI (− 1.73, − 0.68), p < 0.0001), glycated hemoglobin (HbA1c) (MD = − 1.10, 95 % CI (− 1.78, − 0.43), p = 0.001), triglyceride (TG) (MD = − 0.23, 95 % CI (− 0.32, − 0.15), p < 0.0001) and in increasing the concentration of high-density lipoprotein cholesterol (HDL-C) (MD = 0.15, 95 % CI (0.11, 0.20), p < 0.0001) of T2DM patients. Conclusions: Tai Chi exercise therapy shows significant superiority in improving the FBG, HbA1c, TG, and HDL-C in T2DM patients. It can be used as one of the exercise prescriptions for prevention and treatment of T2DM patients. © 2022 Elsevier B.V., All rights reserved.","Exercise Therapy; Glucose And Lipid Metabolism; Meta-analysis; Tai Chi; Type 2 Diabetes Mellitus; Glucose; Glycosylated Hemoglobin; Blood Glucose; Cholesterol, Hdl; Glucose; Glycated Hemoglobin; Triglycerides; Glucose; Glycosylated Hemoglobin; High Density Lipoprotein Cholesterol; Triacylglycerol; Glucose Blood Level; Human; Lipid Metabolism; Meta Analysis; Non Insulin Dependent Diabetes Mellitus; Tai Chi; Blood Glucose; Cholesterol, Hdl; Diabetes Mellitus, Type 2; Glucose; Glycated Hemoglobin; Humans; Lipid Metabolism; Tai Ji; Triglycerides"
"Special issue: Pediatric pain and sickle cell disease","2022","Complementary Therapies in Medicine","10.1016/j.ctim.2022.102880","https://www.scopus.com/inward/record.uri?eid=2-s2.0-85136635515&doi=10.1016%2Fj.ctim.2022.102880&partnerID=40&md5=9b499300c995bbe94d3e48928cd0e04d","[No abstract available]","Editorial; Human; Pain; Pediatrics; Sickle Cell Anemia; Child; Complication; Anemia, Sickle Cell; Child; Humans; Pain"
"The effectiveness and safety of acupuncture treatment on sciatica: A systematic review and meta-analysis","2022","Complementary Therapies in Medicine","10.1016/j.ctim.2022.102872","https://www.scopus.com/inward/record.uri?eid=2-s2.0-85136598615&doi=10.1016%2Fj.ctim.2022.102872&partnerID=40&md5=d7019fb9a8ca18d15c8c6096ea8faf2d","Background: Sciatica results from primary or secondary damage to the sciatic nerve in the lumbar or gluteal region. The first option for sciatica is analgesics, but their therapeutic effect and safety in long-term use are questionable. On the other hand, acupuncture has recently been recognized as a complementary and alternative medicine (CAM) to conventional medicine, and studies on its effectiveness and safety have been actively conducted. Objective: To systematically compare acupuncture with analgesics in terms of effect, safety, and durability in the treatment of sciatica Methods: This review was performed in accordance with Cochrane Handbook for Systematic Reviews of Interventions Version 6.2. Four databases were searched for this review: Wangfang, the Korean Traditional Knowledge Portal (KTKP), PubMed, and EBSCOhost. The primary outcome measures in the review were total effective rate (TER), visual analog scale (VAS) score and pain threshold, and the secondary ones were adverse effects (AEs) and relapse rates. Risk ratio (RR) for TER and mean difference (MD) for VAS score and pain threshold were used as statistics for the meta-analysis of effectiveness, along with associated 95 % confidence intervals (CIs) and P-values. AEs and relapse rates were used for the safety and durability of the interventions. Version 2 of the Cochrane risk-of-bias assessment tool for randomized trials (RoB 2) was used for the methodological quality of randomized controlled trials (RCTs) included in the review. Results: The synthesized TER of 28 RCTs involving 2707 participants was significantly higher in the acupuncture group compared to the analgesic group (RR [95 % CI] = 1.20 [1.16, 1.24], P < 0.001). The synthesized VAS score of 7 RCTs involving 589 participants was significantly reduced in the acupuncture group compared to the analgesic group (MD [95 % CI] = − 1.78 [− 2.44, − 1.12], P < 0.001). In 5 RCTs involving 311 participants, the synthesized pain threshold was significantly elevated in the acupuncture group compared to the analgesic group (MD [95 % CI] = 0.93 [0.64, 1.22], P < 0.001). Additionally, adverse effects (AEs) and relapse rates of RCTs in the review were lower in the acupuncture group compared to the analgesic group. Conclusion: In this systematic review, acupuncture treatment was significantly effective and safe compared to analgesics in sciatica. In the future, studies with a rigorous study design are required to increase the validity of the effectiveness and safety of acupuncture treatment for sciatica. © 2022 Elsevier B.V., All rights reserved.","A Systematic Review And Meta-analysis; Acupuncture Treatment; Analgesic; Randomized Controlled Trial; Sciatica; Analgesics; Analgesic Agent; Acupuncture; Analgesia; Article; Clinical Effectiveness; Confidence Interval; Diarrhea; Faintness; Fever; Gastroesophageal Reflux; Hazard Ratio; Heart Beat; Human; Hypertransaminasemia; Meta Analysis; Nausea; Pain Threshold; Patient Safety; Pruritus; Randomized Controlled Trial (topic); Recurrence Risk; Sciatica; Sensitivity Analysis; Statistical Significance; Subcutaneous Hemorrhage; Systematic Review; Therapy Effect; Treatment Outcome; Upper Abdominal Pain; Vertigo; Visual Analog Scale; Vomiting; Adverse Event; Alternative Medicine; Drug Therapy; Procedures; Tumor Recurrence; Acupuncture Therapy; Analgesics; Complementary Therapies; Humans; Neoplasm Recurrence, Local; Sciatica"
"Effects of health qigong on sleep quality: A systematic review and meta-analysis of randomized controlled trials","2022","Complementary Therapies in Medicine","10.1016/j.ctim.2022.102876","https://www.scopus.com/inward/record.uri?eid=2-s2.0-85136578351&doi=10.1016%2Fj.ctim.2022.102876&partnerID=40&md5=62fb883561be0d5dd2ca5a77b86a4222","Objective: This study assessed the effects of Health Qigong on sleep quality in adults. Design: Systematic review and meta-analysis. Method: We searched 10 databases to identify relevant randomized controlled trials (RCTs) published in English or Chinese languages that evaluated the effects of Health Qigong on sleep quality in participants aged ≥18 years old with or without diseases in comparison with any type of controls. Quality of the included studies was assessed by the revised Cochrane risk-of-bias tool for randomized trials. The between-group treatment effect size was estimated by calculating Hedges’ g and associated confidence interval (CI) through a random effects model. Cochran's Q test and I2 were used to determine heterogeneity. Results: The initial search yielded 730 articles, of which 13 studies involving 1147 participants were included in the systematic review and meta-analysis. The overall effect size was −0.955 (95 % CI: −1.601 to −0.309, p = 0.004). A homogeneity test revealed high heterogeneity (Q = 278.187, p < 0.001, I2 = 95.686 %). A sensitivity analysis was conducted through the exclusion of an outlier, which revealed a small but statistically significant effect size (Hedges’ g = −0.423, 95 % CI: −0.603 to −0.243, p < 0.001; Q = 18.073, p = 0.08, I2 = 39.137 %). Conclusions: Our study results suggest that Health Qigong is beneficial for improving sleep quality in adults with and without disease. However, the effects of Health Qigong could be partially due to nonspecific effects as half of the included studies did not employ an active control. © 2022 Elsevier B.V., All rights reserved.","Health Qigong; Meta-analysis; Sleep Quality; Systematic Review; Article; Human; Qigong; Randomized Controlled Trial (topic); Risk Factor; Sleep Latency; Sleep Quality; Systematic Review; Adolescent; Adult; Meta Analysis; Procedures; Adolescent; Adult; Humans; Qigong; Randomized Controlled Trials As Topic; Sleep Quality"
"Current status of neuroimaging research on the effects of acupuncture: a bibliometric and visual analyses","2022","Complementary Therapies in Medicine","10.1016/j.ctim.2022.102877","https://www.scopus.com/inward/record.uri?eid=2-s2.0-85136529605&doi=10.1016%2Fj.ctim.2022.102877&partnerID=40&md5=e39ba894872174b801d685029684a2be","Objective: To conduct an inductive analysis of neuroimaging studies following the global popularity surrounding the effects of acupuncture. Methods: The relevant works of literature on acupuncture effects-related neuroimaging studies were retrieved from the web of science core collection database from the date of its establishment to 2022. Bibexcel software was used to extract information, such as article numbers, countries, journals, agencies, funding sources and keywords. The VOSviewer software's co-occurrence and clustering module was used for the co-occurrence and cluster analysis of collaborative networks and high frequency keywords, such as authors, institutions and countries. Results: Neuroimaging research on the effects of acupuncture began in the 1960 s and has since received the extensive attention of scholars. China, The United States and South Korea conduct more neuroimaging research on the effects of acupuncture than other countries. Academic journals such as Evidence-Based Complementary and Alternative Medicine, Journal of Alternative and Complementary Medicine, Neural Regeneration Research and Acupuncture in Medicine have published the highest number of acupuncture-related neuroimaging articles. Moreover, cluster analysis differentiates high-frequency keywords into six clusters. Furthermore, the use of the keyword ‘density atlas’ reveals that neuroimaging research on the effects of acupuncture surrounding pain and neurofunctional rehabilitation is currently the research focus. Conclusions: This bibliometric study identifies six important research hot spots: Static brain functional connectivity analysis of acupuncture analgesic effects, key theories on the scientific problems of acupuncture, acupuncture analgesic effect of the placebo effect, the neuroimaging of acupoint ST-36, the value of acupuncture in regulating the autonomic nerves and acupuncture therapy as complementary medicine. © 2023 Elsevier B.V., All rights reserved.","Acupuncture; Bibliometrics; Neuroimaging; Visual Analysis; Acupuncture; Analgesic Activity; Autonomic Nerve; Bibliometrics; Electroacupuncture; Electroencephalography; Functional Magnetic Resonance Imaging; Human; Nerve Function; Neurofunctional Rehabilitation; Neuroimaging; Nuclear Magnetic Resonance Imaging; Positron Emission Tomography; Review; Acupuncture Point; Medicine; Acupuncture Points; Acupuncture Therapy; Bibliometrics; Humans; Medicine; Neuroimaging"
"Research methodology in acupuncture and moxibustion for managing primary dysmenorrhea: A scoping review","2022","Complementary Therapies in Medicine","10.1016/j.ctim.2022.102874","https://www.scopus.com/inward/record.uri?eid=2-s2.0-85136525836&doi=10.1016%2Fj.ctim.2022.102874&partnerID=40&md5=17ac528fd00c8498c0cd1e1613d922c2","Background: Acupuncture and moxibustion have promising effects in managing primary dysmenorrhea. However, some evidence from clinical trials remains controversial due to methodological flaws in study designs that involve acupuncture and its related modalities and require urgent attention and dialogue. Methods: Allied and Complementary Medicine Database (AMED), Cochrane Library, Excerpta Medica database (EMBASE), PubMed, Web of Sciences, Chinese Biological Medicine (CBM), China National Knowledge Infrastructure (CNKI), VIP Database for Chinese Technical Periodicals (VIP), and Wanfang database were searched from their inception to July 2021. Data were extracted based on the types of study design, primary outcome measures, adverse events (AEs), and participants' subjective views. Results: Most studies (n = 282, 93 %) were published in Chinese and 21 (7 %) in English. Among these, there were 209 (69 %) randomized controlled trials (RCTs), 39 (13 %) non-randomized controlled trials (nRCTs), 30 (10 %) case-series reports, 15 (5 %) cohort studies, and 10 (3 %) case reports. The most frequent reported outcome was pain, followed by emotion, sleeping quality, quality of life, skin temperature, changes in brain function, uterine and ovarian blood flow, and reproductive endocrine level. AEs were reported in 37 studies with mild events, and all recovered without actions taken; 31 trials reported no AEs; 235 failed to report any AEs. One RCT found that the satisfaction rate of the intervention group was statistically significantly higher than the control group. Conclusion: Clinical studies on acupuncture and its related modalities face methodological challenges and require urgent attention. RCT with blinding and sham control might be the gold standard trial design. However, it may not be the most suitable research method for these modalities. We recommend using pragmatic RCTs in this field, where trial protocol registration on the trial registry platforms and detailed safety reporting should be mandatory. © 2023 Elsevier B.V., All rights reserved.","Acupuncture; Clinical Studies; Methodology; Moxibustion; Primary Dysmenorrhea; Scoping Review; Acupuncture; Adverse Event; Alternative Medicine; Bleeding; Blister; Blood Flow; Brain Function; Contusion; Data Base; Disease Assessment; Dysmenorrhea; Emotion; Endocrine System; Hematoma; Human; Moxibustion; Outcome Assessment; Pain; Preferred Reporting Items For Systematic Reviews And Meta-analyses; Quality Of Life; Questionnaire; Review; Skin Irritation; Skin Temperature; Sleep Quality; Verbal Rating Scale; Visual Analog Scale; Warm Acupuncture; Zung Self Rating Anxiety Scale; China; Female; Methodology; Procedures; Acupuncture Therapy; Dysmenorrhea; Female; Humans; Moxibustion; Quality Of Life; Research Design"
"Perspectives of Complementary and Alternative Medicine use by cancer patients in a regional hospital in North Queensland, Australia","2022","Complementary Therapies in Medicine","10.1016/j.ctim.2022.102879","https://www.scopus.com/inward/record.uri?eid=2-s2.0-85136483754&doi=10.1016%2Fj.ctim.2022.102879&partnerID=40&md5=8e94a4e92a667ef714f3a7cf1f5872ac","Objectives: This study aimed to investigate CAMs used, and reasons for and disclosure of this use by cancer patients in a regional hospital in North Queensland, Australia. Methods: Patients attending the Day Oncology Unit of the Townsville University Hospital were invited to participate in a self-completed questionnaire or telephone interview regarding perspectives of their CAM use. Data were analysed using descriptive statistics and chi-squared and independent t-tests were performed to allow comparison between the responses by CAM users and non-users. Results: 102 completed questionnaires were used in the analysis, where 40.2 % of respondents were found to be using some form of CAM. Cannabis, magnesium, and massage were the most prominent therapies used, with cannabis use in cancer, not commonly reported in prior literature. The main reasons given for using CAM were to treat symptoms of cancer, side-effects of treatment or to improve general health. Two-thirds of these respondents disclosed their CAM use to health professionals mostly to obtain a professional opinion or due to concerns of interactions with cancer treatment. CAM users were statistically more likely to have used CAM prior to their cancer diagnosis and have lower emotional wellbeing than non-users. Non-CAM users indicated that a lack of knowledge of CAM or concerns regarding interactions with cancer treatment were the most popular reasons for not adopting these therapies. Conclusion: While lower than the averages of previously published CAM use, our study highlights that there is still a significant group of cancer patients in the North Queensland region using CAMs. © 2022 Elsevier B.V., All rights reserved.","Cancer; Cannabis; Complementary And Alternative Medicine; Disclosure; Prevalence; Quality Of Life; Ascorbic Acid; Calcium; Magnesium; Turmeric; Zinc; Ascorbic Acid; Calcium; Magnesium; Turmeric; Vitamin D; Zinc; Acute Myeloid Leukemia; Adult; Alternative Medicine; Anus Cancer; Article; Attitude To Health; Australia; Breast Cancer; Cancer Chemotherapy; Cancer Patient; Cancer Radiotherapy; Cancer Surgery; Cancer Therapy; Emotional Well-being; Female; Health Practitioner; Hormonal Therapy; Hospital; Human; Intestine Cancer; Lung Cancer; Lymphoma; Major Clinical Study; Male; Meditation; Metastatic Melanoma; Mindfulness; Myeloma; Oropharynx Cancer; Prostate Cancer; Quality Of Life; Rectum Cancer; Vitamin Supplementation; Yoga; Neoplasm; Questionnaire; Complementary Therapies; Hospitals; Humans; Neoplasms; Surveys And Questionnaires"
"Functional gastrointestinal disorders in children: Effectivity, safety, and tolerability of the herbal preparation STW-5 (Iberogast®) in general practice","2022","Complementary Therapies in Medicine","10.1016/j.ctim.2022.102873","https://www.scopus.com/inward/record.uri?eid=2-s2.0-85136471006&doi=10.1016%2Fj.ctim.2022.102873&partnerID=40&md5=fbde93094d39a8c850eabbb76759e173","Background: Functional gastrointestinal disorders (FGIDs) of the upper and lower digestive system in children and adolescents present with heterogeneous gastrointestinal symptoms and are a common reason for specialist consultations. The herbal medicinal preparation STW-5 has already shown efficacy and safety in clinical studies with more than 7000 adult participants suffering from functional dyspepsia (FD) or irritable bowel syndrome (IBS). Here, we evaluate with a prospective observational study the effectivity and safety of STW-5 in children with FGID under real-life conditions and interpret these data versus the background of controlled clinical studies in a predominantly adult population. Methods: This prospective observational study included 980 children (age 3–14 years) with FGID. For inclusion, Rome III criteria were recommended to apply. The inclusion of the patients for treatment with STW-5 followed routine clinical practice. Patients were treated for approximately 1 week. The presence and severity of symptoms was documented at the study start and at the end of treatment period utilizing the adapted gastrointestinal symptom score (GIS). Other target parameters included global effectivity and tolerability assessments as well as adverse events. Results: The average patient age was 7.6 ± 2.9 years. Most of the patients were treated for IBS (n = 418; 43 %) or FD (n = 259; 26 %), with a mean baseline GIS of 16.1 ± 8.9. During the treatment period, the GIS decreased 76 % to 3.8 ± 4.2. The decrease in symptoms was similar for different age groups, gender, and indications. Patients with a shorter duration of complaints had a lower GIS at study end (p < 0.0001. The global treatment effect was assessed as good or very good by 87–89 % of patients/parents and physicians. Physicians rated the global tolerability as good or very good for 95 % of the patients. Seven patients (0.7 %) reported adverse events. Conclusions: The treatment effect of STW-5 in this study was in its range comparable to according data from controlled clinical trials with predominantly adult participants.Thus, supporting robustness of these data generated in an uncontrolled observational setting. The results of this observational study indicate that STW-5 may be an effective and well tolerated treatment option also for children with FGIDs. © 2023 Elsevier B.V., All rights reserved.","Children; Functional Gastrointestinal Disorder; Gastrointestinal Symptom Score; Iberogast; Non-interventional Study; Stw-5; Iberogast; Herbaceous Agent; Iberogast; Stw-5; Unclassified Drug; Abdominal Pain; Adolescent; Article; Child; Clinical Practice; Colonoscopy; Constipation; Coronary Angiography; Drug Efficacy; Drug Safety; Drug Tolerability; Echography; Female; Follow Up; Gastrointestinal Disease; Gastrointestinal Motility; Gastrointestinal Symptom Score; General Practice; Human; Lower Gastrointestinal Tract; Major Clinical Study; Male; Medical Dictionary For Regulatory Activities; Pain Intensity; Questionnaire; Adult; Dyspepsia; Irritable Colon; Preschool Child; Time Factor; Adolescent; Adult; Child; Child, Preschool; Dyspepsia; Gastrointestinal Diseases; General Practice; Humans; Irritable Bowel Syndrome; Time Factors"
"Food as medicine: Health professionals promoting victory gardens in light of climate crisis","2022","Complementary Therapies in Medicine","10.1016/j.ctim.2022.102869","https://www.scopus.com/inward/record.uri?eid=2-s2.0-85136258098&doi=10.1016%2Fj.ctim.2022.102869&partnerID=40&md5=c3c5d9955a045ce2a8419c5efc2f0a20","[No abstract available]","Carbon Dioxide; Methane; Carbon Dioxide; Ground Water; Methane; Rain; Agriculture; Climate Change; Composting; Crop Production; Drought; Editorial; Flooding; Food; Food Security; Food Shortage; Fruit; Gardening; Greenhouse Gas; Health Practitioner; Human; Integrative Medicine; Land Use; Landfill; Malnutrition; Nutritional Counseling; Photosynthesis; Population Migration; Sea Pollution; Seashore; Storm (weather); United States; Vegetable; Water Contamination; Wildfire; Health Care Personnel; Gardening; Gardens; Health Personnel; Humans"
"Components of a successful community-based exercise program for individuals with Parkinson's disease: Results from a participant survey","2022","Complementary Therapies in Medicine","10.1016/j.ctim.2022.102867","https://www.scopus.com/inward/record.uri?eid=2-s2.0-85136072106&doi=10.1016%2Fj.ctim.2022.102867&partnerID=40&md5=7ebd122deecd5eef895c8a0862053dd1","Objectives: The aim of the project was to examine the personal beliefs, motivators, and barriers in people with Parkinson's disease (PwPD) relating to their participation in a year-round community-based cycling program, Pedaling for Parkinson's (PFP). Design: Cross-sectional survey from a 12-month pragmatic study. Setting: Five community-based PFP sites. Main outcome measures: A survey was designed to capture the attitudes and beliefs of those participating in a PFP program. Survey responses were rated on a 5-point Likert scale (1–5; higher number representing a more positive response) assessing the subdomains of Personal Beliefs and Knowledge, Health and Disability, Program, and Fitness Environment following a 12-month exercise observational period. Results: A total of 40 PwPD completed the survey. Mean subdomain scores were as follows: 4.37 (0.41) for Personal Beliefs and Knowledge, 4.25 (0.65) for Health and Disability, 4.11 (0.53) for Program, and 4.35 (0.44) for Fitness Environment. There were no significant correlations between survey subdomains and demographic variables (age, years of education, years since diagnosis, years attending the PFP program, and disease severity) or subdomains and exercise behavior (cadence, attendance, and heart rate). Conclusions: Regardless of demographic variables and disease severity, PwPD who attended a PFP program enjoyed the class, felt that their PD symptoms benefited from exercise, and were motivated to exercise by their PD diagnosis. Factors such as location of the gym, cost, and transportation were important. With the growing body of PD literature supporting the role of exercise in potentially altering the disease trajectory, it is critical that communities adopt and implement exercise programs that meet the needs of PwPD and facilitate compliance. © 2022 Elsevier B.V., All rights reserved.","Aerobic Exercise; Community-based Exercise; Cycling; Parkinson's Disease; Survey; Age; Aged; Article; Attitude; Community Program; Controlled Study; Cross-sectional Study; Cycling; Demography; Disability; Disease Severity; Educational Status; Exercise; Female; Fitness; Health; Health Program; Heart Rate; Human; Knowledge; Likert Scale; Major Clinical Study; Male; Observational Study; Parkinson Disease; Patient Attendance; Pedaling For Parkinson Program; Personal Belief; Social Belief; Social Participation; Kinesiotherapy; Questionnaire; Cross-sectional Studies; Exercise; Exercise Therapy; Humans; Parkinson Disease; Surveys And Questionnaires"
"Comparison of mindfulness interventions for healthcare professionals: A mixed-methods study","2022","Complementary Therapies in Medicine","10.1016/j.ctim.2022.102864","https://www.scopus.com/inward/record.uri?eid=2-s2.0-85135965147&doi=10.1016%2Fj.ctim.2022.102864&partnerID=40&md5=201a03de7731c6fc708bc933b313e744","Objectives: Burnout is increasingly a concerning problem in US Healthcare systems. Although the causes of burnout are not predominantly due to individual factors, mindfulness instruction is an evidence-based approach to counteracting burnout. Our health system initiated a multi-pronged approach to mindfulness instruction for our employees and community. We aimed to assess the impact of these varied programs. Methods: Several mindfulness courses of different lengths were employed. Validated survey instruments were administered to participants before and after the courses to assess stress, mindfulness and burnout. Pre-course and post-course results were compared for each intervention. Free-text responses were also captured and analyzed in a qualitative fashion. Results: Participants in MBIs demonstrated statistically significant improvement in burnout and perceived stress on post-course survey results. Several mindfulness domains also showed statistically significant improvement (awareness, non-react and observe). There was no difference in the observed results between the mindfulness interventions. Qualitative analysis yielded three themes: seeking help, symptoms, and changes in mindfulness practice. Conclusions: MBIs designed for employees of an academic medical center were associated with positive quantitative and qualitative results. All MBI participants achieved improvement in perceived stress and mindfulness as well as reduction in burnout, regardless of course length. © 2022 Elsevier B.V., All rights reserved.","Burnout; Healthcare Workers; Mindfulness; Stress; Adult; Article; Awareness; Burnout; Controlled Study; Employee; Health Care Personnel; Human; Maslach Burnout Inventory; Mindfulness; Qualitative Analysis; University Hospital; Health Care Delivery; Burnout, Professional; Burnout, Psychological; Delivery Of Health Care; Health Personnel; Humans; Mindfulness"
"Flavonoid-containing supplements for preventing acute respiratory tract infections: A systematic review and meta-analysis of 20 randomized controlled trials","2022","Complementary Therapies in Medicine","10.1016/j.ctim.2022.102865","https://www.scopus.com/inward/record.uri?eid=2-s2.0-85135962865&doi=10.1016%2Fj.ctim.2022.102865&partnerID=40&md5=5e4adcec9fa2292175b46f5e8d8a4494","Background: This systematic review and meta-analysis was conducted to investigate the efficacy and safety of flavonoid-containing supplements in preventing acute respiratory tract infection (ARTI). Methods: Randomized controlled trials (RCTs) investigating the effects of flavonoid-containing supplements on ARTI prevention in the aspects of ARTI incidence, mean ARTI sick days, symptoms, bio-immune markers, and adverse effects were searched in 5 databases. Data were searched from inception to November 26, 2021. Stata 16.0 was used to perform the meta-analysis. Results: Twenty RCTs (n = 4521) were included in this systematic review and meta-analysis. Pooled results showed that in the flavonoid-containing supplement group, the ARTI incidence and mean ARTI sick days were significantly decreased compared to those in the control group (RR = 0.81, 95% CI: 0.74–0.89, p < 0.001; WMD = −0.56, 95% CI: −1.04 to −0.08, p = 0.021; respectively). In 8 RCTs, flavonoids were singly used for interventions, ARTI incidence in the experimental group significantly decreased compared to that in the control group (RR = 0.85, 95% CI: 0.72–1.00, p = 0.047). In ten RCTs, flavonoid-containing mixtures were applied for interventions, and ARTI incidence in the experimental group significantly decreased compared to that in the control group (RR = 0.79, 95% CI: 0.71–0.89, p < 0.001). Furthermore, the ARTI incidence and mean ARTI sick days were significantly decreased in the experimental group compared to those in the control group in the flavan-3-ols subgroup (RR = 0.79, 95% CI: 0.67–0.92, p = 0.002; WMD = −2.75, 95% CI: −4.30 to −1.21, p < 0.001; respectively) and the multiple subclasses subgroup (RR = 0.75, 95% CI: 0.63–0.88, p = 0.001; WMD = −0.56, 95% CI: −1.11 to −0.01, p = 0.046; respectively). However, the bio-immune markers including interleukin-6, hypersensitive-c-reactive-protein, tumor necrosis factor-α, and interferon-γ did not differ between the flavonoid group and the control group. Moreover, in the flavonoid-containing supplement group, the incidence of adverse reactions did not increase compared to that in the control group (RR = 1.16, 95% CI: 0.78–1.73, p = 0.469). Conclusions: This systematic review and meta-analysis showed that flavonoid-containing supplements were efficacious and safe in preventing ARTIs. The most important limitations result from the small number of trials, poor quality of some included RCTs, differences in the composition and types of interventions, principal subclasses of flavonoids, methods of administration, and methodology. Moreover, only a few RCTs conducted independent verification of the flavonoid supplements used in the trial in terms of purity and potency, which may lead to a potential source of bias. Thus, larger and better-designed studies are needed to further verify this conclusion. © 2022 Elsevier B.V., All rights reserved.","Acute Respiratory Tract Infection; Flavonoid; Meta-analysis; Systematic Review; 4' Ethoxy 2' Hydroxy 4,6' Dimethoxychalcone; 4',6 Dichloroflavan; Arabinogalactan; C Reactive Protein; Catechin; Gamma Interferon; Polyphenol; Pycnogenol; Quercetin; Theanine; Flavonoids; Tumor Necrosis Factor-alpha; 4' Ethoxy 2' Hydroxy 4,6' Dimethoxychalcone; 4',6 Dichloroflavan; Arabinogalactan; C Reactive Protein; Catechin; Flavonoid; Gamma Interferon; Garlic Extract; Interleukin 6; Nutrition Supplement; Polyphenol; Pycnogenol; Quercetin; Sinecatechins; Theanine; Tumor Necrosis Factor; Alternative Medicine; Beer; Clinical Feature; Confidence Interval; Cranberry; Disease Duration; Hippophae Rhamnoides; Human; Incidence; Meta Analysis; Randomized Controlled Trial (topic); Respiratory Tract Infection; Review; Risk Assessment; Safety; Sambucus; Supplementation; Systematic Review; Tea; Flavonoids; Humans; Randomized Controlled Trials As Topic; Respiratory Tract Infections; Tumor Necrosis Factor-alpha"
"Comparison of delta-tocotrienol and alpha-tocopherol effects on hepatic steatosis and inflammatory biomarkers in patients with non-alcoholic fatty liver disease: A randomized double-blind active-controlled trial","2022","Complementary Therapies in Medicine","10.1016/j.ctim.2022.102866","https://www.scopus.com/inward/record.uri?eid=2-s2.0-85135902766&doi=10.1016%2Fj.ctim.2022.102866&partnerID=40&md5=bc44d0baecdadc9bbe34dccb73fc25a2","Objective: We aimed to compare the efficacy of δ-tocotrienol with α-tocopherol in the treatment of patients with non-alcoholic fatty liver disease (NAFLD). Design and interventions: This study was a double-blinded, active-controlled trial. The patients with NAFLD were randomly assigned to receive either δ-tocotrienol 300 mg or α-tocopherol 268 mg twice daily for 48 weeks. Endpoints: The primary endpoints were change from baseline in fatty liver index (FLI), liver-to-spleen attenuation ratio (L/S ratio), and homeostatic model assessment for insulin resistance (HOMA-IR) at 48 weeks. Key secondary endpoints were change in markers of inflammation, oxidative stress, and hepatocyte apoptosis. Clinical assessment, biochemical analysis, and computed tomography scan of the liver were conducted at baseline, 24 and 48 weeks. Results: A total of 100 patients (δ-tocotrienol = 50, α-tocopherol = 50) were randomized and included in the intention to treat analysis. Compared with baseline, there was a significant improvement (p < .001) in FLI, L/S ratio, HOMA-IR, and serum malondialdehyde in both groups at 48 weeks that was not significant between the two groups. However, there was a significantly greater decrease in body weight, serum interleukin-6, tumor necrosis factor-alpha, leptin, cytokeratin-18, and increase in adiponectin in the δ-tocotrienol group compared to the α-tocopherol group at 48 weeks (p < .05). No adverse events were reported. Conclusion: δ-tocotrienol and α-tocopherol exerted equally beneficial effects in terms of improvement in hepatic steatosis, oxidative stress, and insulin resistance in patients with NAFLD. However, δ-tocotrienol was more potent than α-tocopherol in reducing body weight, inflammation, and apoptosis associated with NAFLD. Trial Registration: Sri Lankan Clinical Trials Registry (https://slctr.lk/SLCTR/2019/038). © 2022 Elsevier B.V., All rights reserved.","Fatty Liver Index; Inflammatory Biomarkers; Liver-to-spleen Attenuation Ratio; Non-alcoholic Fatty Liver Disease; Α-tocopherol; Δ-tocotrienol; Alpha Tocopherol; Alpha-tocopherol; Biomarkers; Tocotrienol, Delta; Vitamin E; Alpha Tocopherol; Biological Marker; Tocotrienol, Delta; Body Weight; Controlled Study; Double Blind Procedure; Human; Inflammation; Insulin Resistance; Liver; Nonalcoholic Fatty Liver; Randomized Controlled Trial; Alpha-tocopherol; Biomarkers; Body Weight; Double-blind Method; Humans; Inflammation; Insulin Resistance; Liver; Non-alcoholic Fatty Liver Disease; Vitamin E"
"Attitudes and beliefs of medical students on cannabis in Hong Kong","2022","Complementary Therapies in Medicine","10.1016/j.ctim.2022.102870","https://www.scopus.com/inward/record.uri?eid=2-s2.0-85135685596&doi=10.1016%2Fj.ctim.2022.102870&partnerID=40&md5=18e70927cd34b3743f6aa05745e62408","Background: To assess Hong Kong medical students’ knowledge, attitudes and beliefs on cannabis and its future legal reform. Methods: A cross-sectional anonymous online survey were sent from 1st December 2018 to 31st August 2020 to all medical students from the Li Ka Shing Faculty of Medicine, the University of Hong Kong (HKU). Results: 187 students (13.6 %) responded the survey. Overall, students perceived cannabis possessed significant physical and mental health risks, but they were more neutral to its physical and mental benefits. They also supported legalizing cannabis more so for medical use than recreational use. Females perceived higher risks than males. Those who used cannabis before were more acceptable to recommend cannabis as medical treatments, perceived cannabis use with greater benefits and less risks, and were more likely to support legal reform for cannabis in Hong Kong than their counterparts. Students were also more likely to recommend medical cannabis than non-licensed cannabis to patients if they were legally available. Conclusion: Medical students in Hong Kong supported legalization of cannabis for medical use despite perceiving significant risks from cannabis use. Future research should investigate public acceptance on medical cannabis in Hong Kong and other Asian countries. © 2022 Elsevier B.V., All rights reserved.","Attitudes; Cannabis; Legalization; Medical Students; Substance Use; Cannabis; Medical Marijuana; Cannabis; Medical Cannabis; Article; Attitude To Health; Cannabis Use; Cross-sectional Study; Female; Health Care System; Hong Kong; Human; Human Experiment; Likert Scale; Male; Medical Education; Medical Student; Mental Health; Prescription; Questionnaire; Social Media; Training; Cannabis; Cross-sectional Studies; Female; Health Knowledge, Attitudes, Practice; Humans; Male; Medical Marijuana; Students, Medical; Surveys And Questionnaires"
"Research on effectiveness and safety of herbal compounds and dietary supplements","2022","Complementary Therapies in Medicine","10.1016/j.ctim.2022.102868","https://www.scopus.com/inward/record.uri?eid=2-s2.0-85135512160&doi=10.1016%2Fj.ctim.2022.102868&partnerID=40&md5=889331203546d2059ef582b8990ae2de","[No abstract available]","Arsenic; Lead; Mercury; Arsenic; Drug; Flavonoid; Heavy Metal; Herbaceous Agent; Herbicide; Lead; Mercury; Nutrition Supplement; Pesticide; Access To Information; Ayurveda; Biochemistry; Chinese Medicine; Drug Activity; Drug Contamination; Drug Efficacy; Drug Formulation; Drug Potency; Drug Purity; Drug Quality; Drug Research; Drug Safety; Editorial; Food; Heavy Metal Poisoning; Herbal Medicine; Human; Meta Analysis (topic); Pseudoscience; Publication; Randomized Controlled Trial (topic); Respiratory Tract Infection; Systematic Review (topic); Dietary Supplement; Phytotherapy; Dietary Supplements; Humans; Phytotherapy"
"Abdominal massage: A review of clinical and experimental studies from 1990 to 2021","2022","Complementary Therapies in Medicine","10.1016/j.ctim.2022.102861","https://www.scopus.com/inward/record.uri?eid=2-s2.0-85135122861&doi=10.1016%2Fj.ctim.2022.102861&partnerID=40&md5=c8d8001fd2c02923bebe7406c14fb8c9","Objective: To systematically review the current state and holistic application of abdominal massage (AM). Design: A systematic review of qualitative evidence was conducted. All English articles exploring the topic of AM that had been published until the end of June 2021 were retrieved. Data sources: The PubMed, Cochrane library, and Embase databases were accessed. Some original texts were obtained from Google Scholar. Data extraction and synthesis: Two authors independently evaluated all search data to identify relevant studies. Disagreements were settled by discussion with a third author. Results were independently extracted into standardized sheets and checked for accuracy. Main results: A total of 107 full-text reports were eligible for inclusion. Adult digestive disorders, pediatric disorders, gynecological disorders, obstetric disorders, metabolic disorders, psychological disorders, the side effects of AM, and animal experiments accounted for 49.53%, 14.02%, 7.48%, 7.48%, 4.67%, 4.67%, 5.61%, and 6.54% of all these papers, respectively, with most reports focusing on clinical studies. Conclusion: The variety of diseases treated with AM is gradually increasing, and the treatment programs of AM for many diseases are being gradually optimized. Different forms of AM, especially mechanical AM, have been widely studied; the side effects of AM have also been considered; and the possible mechanisms of AM therapy continue to be discovered. In general, AM is an effective and safe therapy and can be widely used in various diseases, but further studies are necessary to clarify the mechanism of AM for different diseases. In the future, AM could become an even safer, more popular, and more modern therapy. © 2022 Elsevier B.V., All rights reserved.","Abdominal Massage; Application; Systematic Review; Abdomen; Abdominal Massage; Accuracy; Childhood Disease; Clinical Effectiveness; Digestive System Function Disorder; Evidence Based Medicine; Experimental Study; Gynecologic Disease; Health Program; Holistic Care; Human; Massage; Mental Disease; Metabolic Disorder; Nonhuman; Patient Safety; Pregnancy Disorder; Qualitative Research; Review; Standardization; Systematic Review; Therapy Effect; Adverse Drug Reaction; Drug-related Side Effects And Adverse Reactions; Humans; Massage; Mental Disorders"
"Anti-inflammatory effects of resveratrol in patients with cardiovascular disease: A systematic review and meta-analysis of randomized controlled trials","2022","Complementary Therapies in Medicine","10.1016/j.ctim.2022.102863","https://www.scopus.com/inward/record.uri?eid=2-s2.0-85135114924&doi=10.1016%2Fj.ctim.2022.102863&partnerID=40&md5=dd252bbe09846d2bdf53637008a3fe40","Background: Chronic inflammation is one of the most important factors involved in the development and progression of cardiovascular disease (CVDs). Accumulating evidence has described the effect of resveratrol, a natural polyphenolic compound, on biomarkers of inflammation among patients with CVDs; however, findings are controversial. Here we performed a systematic review and meta-analysis of randomized controlled trials to evaluate the effect of resveratrol supplements on TNF-α, IL-6, and CRP levels in CVDs patients. Methods: Online research was conducted in the following database: MEDLINE, EMBASE, Cochrane Library, Web of Science databases, and Scopus. This systematic review and meta-analysis were conducted to investigate the effects of resveratrol supplements on inflammatory biomarkers among patients with CVDs. The meta-analysis was performed using Comprehensive Meta-Analysis (CMA) V3 software. Results: Six RCTs met the inclusion criteria and were selected for the current meta-analysis. Our results demonstrated that resveratrol significantly decreases serum levels of CRP (MD = −0.63, 95 % CI: −0.1.13, −0.12; p = 0.01), and TNF-α (MD = −0.55, 95 % CI: −1.04, −0.06; p = 0.02), however, resveratrol had not significant effect on serum concentration of IL-6 (MD = −0.12, 95 % CI: −0.52, 0.27; p = 0.53), in patients with CVDs. Conclusion: Our results suggest that resveratrol can be used as a potential treatment in patients with CVD by reducing inflammatory conditions. © 2022 Elsevier B.V., All rights reserved.","Cardiovascular Disease; Crp; Inflammation; Resveratrol; Tnf-α; Resveratrol; Anti-inflammatory Agents; Biomarkers; Interleukin-6; Resveratrol; Tumor Necrosis Factor-alpha; Antiinflammatory Agent; Biological Marker; Interleukin 6; Resveratrol; Tumor Necrosis Factor; Cardiovascular Disease; Dietary Supplement; Human; Inflammation; Meta Analysis; Randomized Controlled Trial (topic); Anti-inflammatory Agents; Biomarkers; Cardiovascular Diseases; Dietary Supplements; Humans; Inflammation; Interleukin-6; Randomized Controlled Trials As Topic; Resveratrol; Tumor Necrosis Factor-alpha"
"The effects of Baduanjin and yoga exercise programs on physical and mental health in patients with Multiple Sclerosis: A randomized controlled trial","2022","Complementary Therapies in Medicine","10.1016/j.ctim.2022.102862","https://www.scopus.com/inward/record.uri?eid=2-s2.0-85135087223&doi=10.1016%2Fj.ctim.2022.102862&partnerID=40&md5=0f0649fb87984b6c2e4cf82a7dc04476","Objective: To discuss whether Baduanjin and yoga exercise interventions improve motor function, posture control, and relieving fatigue and depression in MS patients. And to explore whether practicing Baduanjin benefits MS patients more than yoga. Design: A prospective, randomized, controlled, three-arm trial comparing BDJ (n = 30), yoga (n = 30) and control group (n = 20). Setting: Jiangsu Provincial Corps Hospital. Intervention: Eligible participants were randomized to a 24-week Baduanjin or yoga intervention, or a usual activity control group. Balance, posture control and trunk movement were measured with the Berg Balance Scale (BBS) and Trunk Impairment Scale (TIS). Fatigue was measured using the Fatigue Severity Scale (FSS) and depressive symptoms via the Zung Self-Rating Depression Scale (SDS). Results: For BBS and TIS, there were significant changes pre- to post- exercise in two exercise groups (P < 0.05), with greater increases in the Baduanjin exercise group (BDJ group). For the FSS, there were significant changes pre- to post- exercise in both the BDJ (P = 0.0292) and yoga groups (P = 0.0150). For the SDS, the pre- and post-exercise difference of the BDJ group was larger than the yoga group (P < 0.0001). On the other hand, we could not find any changes of the BBS, TIS, FSS, and SDS scores in the control group (p > 0.05). Conclusion: The results suggest that practicing Baduanjin was more effective than yoga and that it is suitable for the MS patients. © 2022 Elsevier B.V., All rights reserved.","Baduanjin; Balance; Depression; Fatigue; Multiple Sclerosis; Yoga; Adult; Anxiety; Article; Berg Balance Scale; Controlled Study; Daily Life Activity; Depression; Expanded Disability Status Scale; Fatigue; Fatigue Severity Scale; Female; Hospital Personnel; Human; Human Experiment; Male; Meditation; Mental Health; Motor Performance; Multiple Sclerosis; Prospective Study; Quality Of Life; Randomized Controlled Trial; Range Of Motion; Self Evaluation; Six Minute Walk Test; Stretching Exercise; Trunk Impairment Scale; Yoga; Zung Self Rating Depression Scale; Kinesiotherapy; Exercise Therapy; Fatigue; Humans; Mental Health; Multiple Sclerosis; Prospective Studies; Quality Of Life; Yoga"
"The effects of glutamine supplementation on markers of apoptosis and autophagy in sickle cell disease peripheral blood mononuclear cells","2022","Complementary Therapies in Medicine","10.1016/j.ctim.2022.102856","https://www.scopus.com/inward/record.uri?eid=2-s2.0-85134972578&doi=10.1016%2Fj.ctim.2022.102856&partnerID=40&md5=db54ad39d7be7acc600e6b519606d427","Objectives: L-Glutamine was FDA-approved for sickle cell disease (SCD) in 2017, yet the mechanism(s)-of-action are poorly understood. This study investigates the potential activation of autophagy as a previously unexplored mechanism-of-benefit. Design: Prospective, open-label, 8-week, phase-2 trial of oral L-glutamine (10 g TID) in patients with SCD at risk for pulmonary hypertension identified by Doppler-echocardiography by an elevated tricuspid-regurgitant-jet-velocity (TRV)≥ 2.5 m/s. Peripheral blood mononuclear cells (PBMCs) were isolated from blood samples taken from SCD patients at baseline, two, four, six and eight weeks of glutamine therapy, and from controls at baseline; BAX (pro-apoptotic marker) and LC3-II/LC3-I (autophagy marker) were measured via western blot analysis to assess apoptosis and autophagy respectively. Setting: Comprehensive SCD Center in Oakland, California. Results: Patients with SCD (n = 8) had a mean age of 44 ± 16, 50% were male; 63% Hb-SS, and mean TRV= 3.1 ± 0.7 m/s. Controls’ mean age (n = 5) was 32 ± 12% and 57% were male; all were Hb-AA with a mean TRV= 1.8 ± 0.6. At baseline, SCD-PBMCs had 2-times higher levels of BAX and LC3-I versus controls (both p = 0.03). Levels of BAX expression increased by 300% after 8-weeks of glutamine supplementation (p = 0.005); LC3-I protein levels decreased while LC3-II levels increased by 70%, giving a significant increase in the LC3-II/LC3-I ratio (p = 0.02). Conclusion: PBMCs from glutamine-supplemented SCD patients have upregulated apoptotic and autophagy proteins. The parallel increase in BAX and the LC3-II / LC3-I ratio with glutamine supplementation suggest a possible role of autophagic cell death. The increase in apoptotic markers provide insight into a possible mechanism used by peripheral PBMCs during glutamine supplementation in patients with SCD. © 2022 Elsevier B.V., All rights reserved.","Apoptosis; Arginine; Autophagy; Glutamine; Pulmonary Hypertension; Sickle Cell Disease; Glutamine; Bcl-2-associated X Protein; Biomarkers; Glutamine; Autophagy Related Protein; Glutamine; Microtubule Associated Protein 1a Light Chain 3b; Microtubule Associated Protein 1b Light Chain 3b; Protein Bax; Unclassified Drug; Biological Marker; Adult; African American; Apoptosis; Article; California; Cell Death; Clinical Article; Controlled Study; Demography; Disease Association; Doppler Echocardiography; Drug Mechanism; Female; Human; Human Cell; Male; Open Study; Peripheral Blood Mononuclear Cell; Phase 2 Clinical Trial; Prospective Study; Protein Expression; Pulmonary Hypertension; Risk Factor; Sickle Cell Anemia; Tricuspid Regurgitation Velocity; Upregulation; Western Blotting; Autophagy; Dietary Supplement; Middle Aged; Mononuclear Cell; Tricuspid Valve Regurgitation; Adult; Anemia, Sickle Cell; Apoptosis; Autophagy; Bcl-2-associated X Protein; Biomarkers; Dietary Supplements; Female; Glutamine; Humans; Leukocytes, Mononuclear; Male; Middle Aged; Prospective Studies; Tricuspid Valve Insufficiency"
"Effectiveness of acupuncture for patients with vascular dementia: A systematic review and meta-analysis","2022","Complementary Therapies in Medicine","10.1016/j.ctim.2022.102857","https://www.scopus.com/inward/record.uri?eid=2-s2.0-85134832373&doi=10.1016%2Fj.ctim.2022.102857&partnerID=40&md5=7ae47a5e10ef15094d75745aa359be10","Objectives: This meta-analysis assessed the treatment effectiveness of acupuncture in patients with vascular dementia. Methods: The PubMed, Embase, Cochrane library, and China National Knowledge Infrastructure were searched to identify eligible randomized controlled trials (RCTs). The odds ratios (ORs) and weighted mean differences (WMDs) with 95 % confidence intervals (CIs) were used to assess the pooled effect estimates using a random-effects model for categorical and continuous outcomes, respectively. Results: Thirty-four RCTs (2672 patients) were selected for the final meta-analysis. The use of acupuncture showed association with an increased incidence of effective rate (OR: 3.28; 95 % CI: 2.54–4.24; P < 0.001). The pooled WMDs revealed that acupuncture was significantly associated with an improvement in the Hasegawa dementia scale (HDS) (WMD: 4.31; 95 % CI: 3.15–5.47; P < 0.001), and Mini-Mental State Examination scores (MMSE) (WMD: 3.07; 95 % CI: 2.40–3.74; P < 0.001). However, the use of acupuncture showed no association with the level of Activities of daily living (ADL) (WMD: 1.93; 95 % CI: − 2.53 to 6.38; P = 0.397). Finally, acupuncture was associated with lower levels of Scale for the differentiation of syndromes of vascular dementia (SDSVD) (WMD: − 2.15; 95 % CI: − 4.14 to − 0.16; P = 0.034), and National Institutes of Health stroke scale (NIHSS) (WMD: − 3.90; 95 % CI: − 4.87 to − 2.94; P < 0.001). Conclusions: Acupuncture is probably helpful in vascular stroke, but strong supportive data are not yet available. Acupuncture should be used cautiously, owing to the analysis of this study based on low to moderate evidence. Further high-quality, large-scale RCTs should be conducted. © 2022 Elsevier B.V., All rights reserved.","Acupuncture; Meta-analysis; Treatment Effectiveness; Vascular Dementia; Acupuncture; Clinical Effectiveness; Daily Life Activity; Human; Incidence; Mini Mental State Examination; Multiinfarct Dementia; National Institutes Of Health Stroke Scale; Randomized Controlled Trial (topic); Rating Scale; Review; Scoring System; Systematic Review; Treatment Outcome; Cerebrovascular Accident; China; Meta Analysis; Acupuncture Therapy; Dementia, Vascular; Humans; Stroke; Treatment Outcome"
"Systematic evaluation and re-evaluation of buyang huanwu decoction in treating ischemic stroke","2022","Complementary Therapies in Medicine","10.1016/j.ctim.2022.102860","https://www.scopus.com/inward/record.uri?eid=2-s2.0-85134768576&doi=10.1016%2Fj.ctim.2022.102860&partnerID=40&md5=9726d311579e517c1ebcf67b1f518cc1","Background: The Buyang Huanwu Decoction (BYHWD) originated from Wang Qingren's “Yi Lin Gai Cuo”. It has the effect of tonifying qi and activating blood circulation and dredging collaterals which is recommended for the treatment of Ischemic stroke in China. In recent years, there have been many systematic reviews of Ischemic stroke treated by BYHWD assessing the efficacy of BYHWD in the treatment of Ischemic stroke in the acute, convalescent and sequelae stages. Because of the different methods of analysis, the quality and quality of the evidence obtained in these systematic reviews is different, so a systematic re-evaluation was needed to comprehensively evaluate the strength of these studies. Methods: Systematic reviews and meta-analyses of Ischemic stroke treated by BYHWD were identified through the Web of Science, PubMed, CNKI, Weipu, and Wanfang databases. The included studies were selected for literature screening, methodological quality evaluation, and evidence level evaluation by two investigators. The methodological quality was evaluated by the 2020 PRISMA guidelines, Assessing the Methodological Quality of Systematic Reviews (AMSTAR) scale, and the evidence quality was evaluated by the GRADE criteria. Results: Overall, 12 studies involving 28,594 patients between 2006–2021 were included in this analysis. The methodological quality evaluation based on 2020 PRISMA guidelines results showed that there were many weaknesses in registration and protocol, support, competing interests, competing interests and availability of data, code and other materials. The AMSTAR scale evaluation results showed that the 12 studies were very low quality. The results of the GRADE criteria evaluation showed that the quality of the evidence was scattered, with mainly low-quality evidence. Conclusion: The methodological quality of systematic reviews and meta-analyses of BYHWD in treating Ischemic stroke was generally poor, and the quality of evidence was generally low. © 2023 Elsevier B.V., All rights reserved.","Buyang Huanwu Decoction; Ischemic Stroke; Systematic Evaluation And Re-evaluation; Traditional Chinese Medicine; Buyang Huanwu; Drugs, Chinese Herbal; Buyang Huanwu Decoction; Chinese Medicinal Formula; Unclassified Drug; Buyang Huanwu; Herbaceous Agent; Article; Clinical Decision Making; Clinical Evaluation; Clinical Feature; Drug Efficacy; Evidence Based Medicine; Human; Ischemic Stroke; Meta Analysis; Neurologic Disease Assessment; Practice Guideline; Safety; Systematic Review; Brain Ischemia; Cerebrovascular Accident; China; Drugs, Chinese Herbal; Humans; Ischemic Stroke; Stroke"
"Parent-administered pediatric tuina for the treatment of attention deficit hyperactivity disorder symptoms: Process evaluation of a pilot randomized controlled trial","2022","Complementary Therapies in Medicine","10.1016/j.ctim.2022.102854","https://www.scopus.com/inward/record.uri?eid=2-s2.0-85134753351&doi=10.1016%2Fj.ctim.2022.102854&partnerID=40&md5=c80ae8649e9a282165c3c0ea0b769092","Background: A pilot randomized controlled trial (RCT) was conducted in mainland China to examine the feasibility, acceptability, and preliminary effects of parent-administered pediatric tuina on attention deficit hyperactivity disorder (ADHD) symptoms in preschool children. An embedded process evaluation was performed to explore barriers and facilitators in the implementation, identify additional questions, and refine the study design for a future fully powered study. Methods: The process evaluation comprises the following parts: (a) self-reported questionnaires on parents (n = 43), traditional Chinese medicine (TCM) practitioners (n = 2), outcome assessor (n = 1), and research assistant (n = 1); (b) parent logbook on parent-administered pediatric tuina (n = 32); and (c) focus group interview sessions (n = 15). Accomplishment of the self-report questionnaires was voluntary for all participants and compulsory for research personnel and TCM practitioners. The parent logbook on the intervention was filled out by all participants in the intervention group. Participants of focus group interviews were selected via purposive sampling, and data were analyzed with template analysis. Qualitative findings were summarized in tables, while the mean was calculated to reflect the quantitative findings. Results: Perceived benefits, acceptability of parents and children, and professional support from the research team facilitated the implementation of the intervention. Meanwhile, the TCM pattern identification using online mode may limit the accuracy and lead to parents doubting the precision of the TCM pattern. This limitation was regarded as a major barrier. Parents perceived improvements in terms of children's appetite, sleep quality, and parent-child relationship. Participants were generally satisfied with the settings of parent-administered pediatric tuina and showed satisfactory adherence to the implementation. Conclusions: Implementation of parent-administered pediatric tuina intervention is feasible and acceptable. The intervention can be refined by improving the TCM pattern identification procedure and adjusting outcome settings in a fully powered study in the future. © 2023 Elsevier B.V., All rights reserved.","Acupressure; Adhd; Implementation; Preschool Children; Process Evaluation; Rct; Accuracy; Acupressure; Appetite; Article; Attention Deficit Hyperactivity Disorder; Child; Child Parent Relation; China; Chinese Medicine; Controlled Study; Female; Health Care Planning; Human; Major Clinical Study; Male; Massage; Online Monitoring; Outcome Assessment; Parental Behavior; Patient Compliance; Pediatric Tuina; Pilot Study; Process Monitoring; Program Feasibility; Qualitative Analysis; Questionnaire; Randomized Controlled Trial; Sampling; Self-reported Questionnaire; Sleep Quality; Social Acceptance; Study Design; Symptomatology; Information Processing; Preschool Child; Attention Deficit Disorder With Hyperactivity; Child; Child, Preschool; Focus Groups; Humans; Parents; Pilot Projects; Surveys And Questionnaires"
"The effects of thiamine supplementation on patients with heart failure: A systematic review and meta-analysis of randomized controlled trials","2022","Complementary Therapies in Medicine","10.1016/j.ctim.2022.102853","https://www.scopus.com/inward/record.uri?eid=2-s2.0-85134697261&doi=10.1016%2Fj.ctim.2022.102853&partnerID=40&md5=7392a82f313509abf62bfd0585305642","Background: Micronutrients can benefit patients with heart failure (HF). Thiamine is a critical vitamin, while the impact of thiamine supplementation on patients with HF remains unclear. Systematic review and meta-analysis were conducted to evaluate the effects of thiamine supplementation on clinical outcomes in patients with HF. Methods: Databases including Cochrane Central Register of Controlled Trials (CENTRAL), PubMed, Embase, Scopus, and CNKI were searched from inception to June 29th 2022. Randomized controlled trials (RCTs) comparing thiamine supplementation with placebo were included. Meta-analysis was conducted with the software Review Manager 5.4. The quality assessment was performed according to Cochrane Risk of Bias Tool 2.0. Results: Eight studies including 384 patients were included in this review. The results of overall systematic review showed no benefit of thiamine supplementation in HF patients. Compared with the control group, the experimental group had no statistically significant improvements in LVEF (Mean Difference, − 0.19; 95 % CI, − 2.78 to 0.96; I2 = 49 %; P = 0.10) in patients with chronic heart failure (CHF). Other outcomes including NYHA class, BNP or NT-proBNP, thiamine status, symptom changes, and quality of life were not improved by thiamine supplementation in CHF patients. Similarly, no improvements in clinical outcomes were found in patients with acute heart failure (AHF) in the studies included. Conclusions: This systematic review and meta-analysis found no evidence to support the effects of thiamine supplementation in patients with HF, though thiamine supplementation is promising in improving cardiac functions, thiamine status and relieving HF-related symptoms. More well-designed RCTs with large sample sizes are required. © 2023 Elsevier B.V., All rights reserved.","Heart Failure; Supplementation; Thiamine; Brain Natriuretic Peptide; Thiamine; Thiamine; Amino Terminal Pro Brain Natriuretic Peptide; Brain Natriuretic Peptide; Thiamine; Clinical Outcome; Comparative Study; Drug Effect; Heart Failure; Heart Function; Heart Left Ventricle Ejection Fraction; Human; Meta Analysis; New York Heart Association Class; Publication; Quality Of Life; Randomized Controlled Trial (topic); Review; Systematic Review; Chronic Disease; Dietary Supplement; Chronic Disease; Dietary Supplements; Heart Failure; Humans; Randomized Controlled Trials As Topic; Thiamine"
"Vitamin D deficiency is associated with increased risk of delirium and mortality among critically Ill, elderly covid-19 patients","2022","Complementary Therapies in Medicine","10.1016/j.ctim.2022.102855","https://www.scopus.com/inward/record.uri?eid=2-s2.0-85134686035&doi=10.1016%2Fj.ctim.2022.102855&partnerID=40&md5=ddabc5764acc3a0a1ffa98633a5701b7","Background and aim: Data on the associations of vitamin D levels with severe outcomes of coronavirus disease 2019 (COVID-19) among critically ill elderly patients are not conclusive and also no information is available about some outcomes such as delirium. Therefore, the current study was done to assess these associations in critically ill elderly COVID-19 patients. Methods: In total, 310 critically ill COVID-19 patients, aged ≥ 65 years, were included in the current single center prospective study. All patients were hospitalized in the intensive care unit (ICU). We collected data on demographic characteristics, laboratory parameters, blood pressure, comorbidities, medications, and types of mechanical ventilation at baseline (the first day of ICU admission). Patients were categorized based on serum 25(OH)D3 levels at the baseline [normal levels (>30 ng/mL), insufficiency (20–30 ng/mL), deficiency (<20 ng/mL)]. Data on delirium incidence, mortality, invasive mechanical ventilation (IMV) requirement during treatment, length of ICU and hospital admission, and re-hospitalization were recorded until 45 days after the baseline. Results: Vitamin D deficiency and insufficiency were prevalent among 12 % and 37 % of study participants, respectively. In terms of baseline differences, patients with vitamin D deficiency were more likely to be older, have organ failure, take propofol, need IMV, and were less likely to need face mask compared to patients with normal levels of vitamin D. A significant positive association was found between vitamin D deficiency and risk of delirium. After controlling for potential confounders, patients with vitamin D deficiency had a 54 % higher risk of delirium compared to those with vitamin D sufficiency (HR: 1.54, 95 % CI: 1.02–2.33). Such a positive association was also seen for 45-day COVID-19 mortality (HR: 3.95, 95 % CI: 1.80–8.67). Also, each 10 ng/mL increase in vitamin D levels was associated with a 45 % and 26 % lower risk of 45-day mortality (HR: 0.55, 95 % CI: 0.40–0.74) and ICU mortality due to COVID-19 (HR: 0.74, 95 % CI: 0.60–0.92), respectively. In terms of other COVID-19 outcomes including IMV requirement during treatment, prolonged hospitalization, and re-hospitalization, we found no significant association in relation to serum 25(OH)D3 levels either in crude or fully adjusted models. Conclusion: Vitamin D deficiency was associated with an increased risk of delirium and mortality among critically ill elderly COVID-19 patients. © 2023 Elsevier B.V., All rights reserved.","Covid-19; Elderly; Icu; Sars-cov-2; Vitamin D; Benzodiazepine; Calcifediol; Oxygen; Propofol; Vitamin D; Vitamins; Antibiotic Agent; Antivirus Agent; Benzodiazepine; Calcifediol; Glucocorticoid; Hypertensive Agent; Narcotic Analgesic Agent; Oxygen; Propofol; Vitamin; Vitamin D; Age; Aged; Article; Artificial Ventilation; Blood Pressure; Comorbidity; Controlled Study; Coronavirus Disease 2019; Critically Ill Patient; Delirium; Disease Association; Female; High Flow Nasal Cannula Therapy; Hospital Admission; Hospital Mortality; Hospital Readmission; Human; Incidence; Intensive Care Unit; Invasive Ventilation; Length Of Stay; Major Clinical Study; Male; Mortality; Noninvasive Ventilation; Oxygen Therapy; Prospective Study; Risk Factor; Vitamin Blood Level; Vitamin D Deficiency; Critical Illness; Retrospective Study; Aged; Covid-19; Critical Illness; Delirium; Humans; Prospective Studies; Retrospective Studies; Sars-cov-2; Vitamin D; Vitamin D Deficiency; Vitamins"
"Findings from a pilot study of Trauma Center Trauma-Sensitive Yoga versus cognitive processing therapy for PTSD related to military sexual trauma among women Veterans","2022","Complementary Therapies in Medicine","10.1016/j.ctim.2022.102850","https://www.scopus.com/inward/record.uri?eid=2-s2.0-85134661294&doi=10.1016%2Fj.ctim.2022.102850&partnerID=40&md5=b89f722b2f30ed5c38b10d40325be572","Objective: The study objective was to explore the preliminary efficacy of trauma-sensitive yoga compared to cognitive processing therapy (CPT) for women Veterans with posttraumatic stress disorder (PTSD) related to military sexual trauma (MST) in a pilot randomized control trial (RCT). We then compared these results to published interim results for the subsequent full-scale RCT. Method: The analytic sample included women Veterans (N = 41) with PTSD related to MST accessing healthcare in a southeastern Veterans Affairs Health Care System. The majority were African American, non-Hispanic (80.5 %). The protocol-driven group interventions, Trauma Center Trauma-Sensitive Yoga (TCTSY; n = 17) and the evidence-based control condition, CPT (n = 24), were delivered weekly for 10 and 12 sessions, respectively. Multilevel linear models (MLM) were used to compare changes over time between the two groups. Results: The primary outcomes presented here are PTSD symptom severity and diagnosis, assessed using the Clinician Administered PTSD Scale (CAPS) and the PTSD Symptom Checklist (PCL) total scores. PTSD symptom severity on both clinician-administered (CAPS) and self-reported (PCL) measures, improved significantly (p < .005) over time, with large within group effect sizes (0.90–0.99) consistent with the subsequent RCT. Participants in the TCTSY group showed clinically meaningful improvements earlier than the CPT group participants from baseline on the CAPS and PCL Total scores. Conclusions: Results support published findings of the effectiveness of TCTSY in the treatment for PTSD related to MST among women Veterans, particularly African American women. TCTSY warrants consideration as an adjunctive, precursor, or concurrent treatment to evidence-based psychotherapies. Future research should include patient preference, men with sexual trauma, and civilian populations. © 2023 Elsevier B.V., All rights reserved.","African American; Military Sexual Trauma; Posttraumatic Stress Disorder; Trauma-sensitive Yoga; Veterans; Women; Yoga; Adult; African American; Aged; Anxiety Assessment; Article; Clinical Effectiveness; Clinical Protocol; Clinician Administered Ptsd Scale; Cognitive Therapy; Comparative Effectiveness; Controlled Study; Disease Severity; Evidence Based Medicine; Female; Human; Major Clinical Study; Outcome Assessment; Pilot Study; Posttraumatic Stress Disorder; Posttraumatic Stress Disorder Checklist; Publication; Randomized Controlled Trial; Sample Size; Self Report; Sexual Trauma; Total Quality Management; Trauma Sensitive Yoga; Treatment Duration; Veteran; Veterans Health Service; Yoga; Cognitive Behavioral Therapy; Emergency Health Service; Male; Treatment Outcome; Cognitive Behavioral Therapy; Female; Humans; Male; Pilot Projects; Sexual Trauma; Stress Disorders, Post-traumatic; Trauma Centers; Treatment Outcome; Veterans; Yoga"
"Assessment of reporting completeness in acupuncture studies on patients with functional constipation using the STRICTA guidelines","2022","Complementary Therapies in Medicine","10.1016/j.ctim.2022.102849","https://www.scopus.com/inward/record.uri?eid=2-s2.0-85134626965&doi=10.1016%2Fj.ctim.2022.102849&partnerID=40&md5=268a9fed5d1c3d09b0b1fa71caf9f6e6","Objective: To evaluate the completeness of reporting of acupuncture interventions in trials for functional constipation (FC) following the STandards for Reporting Interventions in Clinical Trials of Acupuncture (STRICTA) guidelines. Methods: We searched eight databases for all published trials, including clinical trials, pilot/feasibility studies, observational studies, and case studies, for acupuncture in patients with FC up to June 31, 2021. The completeness of reporting was evaluated using the STRICTA guidelines. Results: Finally, 99 studies were included and analysed based on the latest STRICTA guidelines. Out of the 17 analysed STRICTA sub-items, only five were found to be appropriately reported in more than 90% of the trials, while five were completely reported in less than 30%. Conclusions: The reporting completeness of acupuncture trials for FC in accordance with STRICTA guidelines is moderate, with poor guideline adherence for several items. Clinical trial reports should be further improved in accordance with STRICTA guidelines to enhance the completeness of evidence. There is also a need to explore the underlying reasons as to why the authors did not report these items and to develop strategies for improving guideline compliance. © 2022 Elsevier B.V., All rights reserved.","Acupuncture; Clinical Trial; Completeness Of Reporting; Functional Constipation; Acupuncture; Clinical Assessment; Clinical Evaluation; Clinical Practice; Constipation; Evidence Based Practice; Feasibility Study; Health Care Personnel; Human; Patient Participation; Practice Guideline; Protocol Compliance; Review; Treatment Duration; Methodology; Research; Acupuncture; Acupuncture Therapy; Constipation; Humans; Research Design; Research Report"
"Preserving cognitive function","2022","Complementary Therapies in Medicine","10.1016/j.ctim.2022.102859","https://www.scopus.com/inward/record.uri?eid=2-s2.0-85134598533&doi=10.1016%2Fj.ctim.2022.102859&partnerID=40&md5=c31cd1da2500725253dcc43cee900330","[No abstract available]","Alzheimer's Disease; Dementia; Mct Oil; Omega-3 Fatty Acids; Vitamin D; Aducanumab; Amyloid Beta Protein; Semorinemab; Fatty Acids, Omega-3; Aducanumab; Amyloid Beta Protein; Medium Chain Triacylglycerol; Omega 3 Fatty Acid; Semorinemab; Vitamin D; Alzheimer Disease; Cognition; Dementia; Human; Ketogenic Diet; Letter; Lifestyle; Lifestyle Modification; Neurofibrillary Tangle; Prescription; Risk Factor; Sugar Intake; Dietary Supplement; Alzheimer Disease; Cognition; Dietary Supplements; Fatty Acids, Omega-3; Humans"
"Effect of flaxseed (Linum usitatissimum) supplementation on glycemic control and insulin resistance in prediabetes and type 2 diabetes: A systematic review and meta-analysis of randomized controlled trials","2022","Complementary Therapies in Medicine","10.1016/j.ctim.2022.102852","https://www.scopus.com/inward/record.uri?eid=2-s2.0-85134576103&doi=10.1016%2Fj.ctim.2022.102852&partnerID=40&md5=44cd4feb7846fc0cadca2e857f802489","Background: Prediabetes and type 2 Diabetes Mellitus (T2DM) are characterized by increased blood sugar concentration and insulin resistance. Although there are only a few reports of potential benefits of flaxseed's consumption on different metabolic parameters, there is no evidence of its effect among people with these conditions. Objectives: The present systematic review and meta-analysis aimed to assess the effect of flaxseed supplementation on glycemic control variables and insulin resistance in prediabetes and T2DM. Methods: A literature search was conducted through PubMed, Cochrane Central Register of Controlled Trials (CENTRAL), and Web of Science, to identify Randomized Control Trials (RCTs) that evaluated the effect of milled or ground flaxseed supplementation on fasting blood glucose, HbA1c, insulin concentrations, or HOMA-IR. The data were analyzed using Comprehensive Meta-Analysis (CMA) software version 3.3 in a fixed-effect model. Results: Seven studies were included in the systematic review and the meta-analysis, the results showed a significant reduction on fasting blood sugar (SMD: −0.392, 95% CI: −0.596, −0.187, p = <0.001, I2 = 64.81%) insulin concentrations, (SMD: −0.287, 95% CI: −0.534, −0.041, p = 0.022, I2 = 32.53%), HbA1c (SMD: −0.442, 95% CI: −0.770, −0.114, p = 0.008, I2 = 11.058%), and HOMA-IR (SMD: −0.284, 95% CI: −0.530, −0.038, p = 0.024, I2 = 0.00%) after flaxseed supplementation. Conclusions: Flaxseed supplementation seems to improve glycemic control variables and insulin resistance in prediabetes and T2DM; however, more RCTs are needed to have more decisive evidence about doses, method of supplementation, and the possible effect of synergy with the dietetic treatment. © 2023 Elsevier B.V., All rights reserved.","Blood Glucose; Flax; Flaxseed; Glycemic Control; Hba1c; Insulin Resistance; Linseed; Linum Usitatissimum; Prediabetes; Type 2 Diabetes Mellitus; Glucose; Hemoglobin A1c; Insulin; Ispagula; Maltodextrin; Glycosylated Hemoglobin; Blood Glucose; Glycated Hemoglobin A; Insulin; Glucose; Hemoglobin A1c; Insulin; Ispagula; Maltodextrin; Glycosylated Hemoglobin; Bakery Product; Bibliographic Database; Cookie; Data Analysis; Data Extraction; Data Synthesis; Diet Supplementation; Fasting Blood Glucose Level; Flax; Glycemic Control; Hemoglobin Blood Level; Homeostasis Model Assessment; Human; Impaired Glucose Tolerance; Insulin Blood Level; Insulin Resistance; Meta Analysis; Non Insulin Dependent Diabetes Mellitus; Publication Bias; Randomized Controlled Trial (topic); Review; Statistical Analysis; Systematic Review; Therapy Effect; Treatment Outcome; Wheat Bran; Dietary Supplement; Glucose Blood Level; Blood Glucose; Diabetes Mellitus, Type 2; Dietary Supplements; Flax; Glycated Hemoglobin A; Glycemic Control; Humans; Insulin; Insulin Resistance; Prediabetic State; Randomized Controlled Trials As Topic"
"Dietary protein intake and prostate cancer risk in adults: A systematic review and dose-response meta-analysis of prospective cohort studies","2022","Complementary Therapies in Medicine","10.1016/j.ctim.2022.102851","https://www.scopus.com/inward/record.uri?eid=2-s2.0-85134295658&doi=10.1016%2Fj.ctim.2022.102851&partnerID=40&md5=f965f27b5d5fd09315d82f3ce720d157","Objective: This study aimed to conduct a comprehensive systematic review and dose-response meta-analysis to summarize available findings on the associations between dietary protein intake and prostate cancer risk as well as the dose-response associations of total, animal, plant, and dairy protein intake with prostate cancer risk. Methods: This study followed the 2020 PRISMA guideline. We conducted a systematic search in the online databases of PubMed, Scopus, ISI Web of Science, and Google Scholar to detect eligible prospective studies published to October 2021 that assessed total, animal, plant, and dairy protein intake in relation to prostate cancer risk. Results: Overall, 12 articles containing prospective studies with a total sample size of 388,062 individuals and 30,165 cases of prostate cancer were included. The overall relative risks (RRs) of prostate cancer, comparing the highest and lowest intakes of total, animal, plant, and dairy protein intake, were 0.99 (95% CI: 92–1.07, I2 =12.8%), 0.99 (95% CI: 95–1.04, I2 =0), 1.01 (95% CI: 96–1.06, I2 =0), and 1.08 (95% CI: 1.00–1.16, I2 =38.1%), respectively, indicating a significant positive association for dairy protein intake (P = 0.04) and non-significant associations for other protein types. However, this positive association was seen among men who consumed ≥ 30 gr/day of dairy protein, such that a 20 g/d increase in dairy protein intake (equal to 2.5 cups milk or yogurt) was associated with a 10% higher risk of prostate cancer (Pooled RR: 1.10, 95% CI: 1.02–1.20, I2 = 42.5%). Such dose-response association was not seen for total, animal, and plant protein intake. Conclusion: Overall, dairy protein intake may increase the risk of prostate cancer in men who consumed > 30 gr/day of dairy protein. Larger, well-designed studies are still required to further evaluation of this association. © 2023 Elsevier B.V., All rights reserved.","Dairy; Diet; Meta-analysis; Prostate Cancer; Protein; Dietary Proteins; Animal Protein; Dairy Protein; Peptides And Proteins; Plant Protein; Unclassified Drug; Cancer Risk; Human; Meta Analysis; Prostate Cancer; Protein Intake; Review; Risk Factor; Sensitivity Analysis; Systematic Review; Animal; Diet; Male; Milk; Prospective Study; Prostate Tumor; Animals; Diet; Dietary Proteins; Humans; Male; Milk; Prospective Studies; Prostatic Neoplasms; Risk Factors"
"Comment on “Pistachios and cardiometabolic risk factors: A systematic review and meta-analysis of randomized controlled clinical trials”","2022","Complementary Therapies in Medicine","10.1016/j.ctim.2021.102717","https://www.scopus.com/inward/record.uri?eid=2-s2.0-85107276884&doi=10.1016%2Fj.ctim.2021.102717&partnerID=40&md5=8025f51dc239be13259de50419e1f46d","[No abstract available]","Extra Virgin Olive Oil; Analytical Research; Cardiometabolic Risk Factor; Cardiovascular Disease; Clinical Outcome; Clinical Protocol; Cochrane Library; Data Quality Assessment; Diabetes Mellitus; Dietary Intake; Dyslipidemia; Food Intake; Health Status; Human; Letter; Medical Research; Mediterranean Diet; Meta Analysis (topic); Metabolic Syndrome X; Methodology; National Health Organization; Obesity; Patient Selection; Pistachio Nut; Preferred Reporting Items For Systematic Reviews And Meta-analyses; Publication Bias; Randomized Controlled Trial (topic); Registration; Risk Reduction; Systematic Review (topic); Therapy Effect; Validity; Meta Analysis; Pistacia; Cardiovascular Diseases; Humans"
"The efficacy of Shenghua Decoction supplementation after early medical abortion: A meta-analysis of randomized controlled trials","2022","Complementary Therapies in Medicine","10.1016/j.ctim.2022.102848","https://www.scopus.com/inward/record.uri?eid=2-s2.0-85133229189&doi=10.1016%2Fj.ctim.2022.102848&partnerID=40&md5=d6f0fb6c1e00b45866af0fd4184dd990","Aims: Shenghua Decoction (SHD) is a well-known classic herbal formula documented in traditional Chinese medicine (TCM) that has been widely applied during the postpartum period in Chinese communities for several years. We conducted this systematic review and meta-analysis to explore the influence of SHD as an adjuvant treatment for early medical abortion using a combination of mifepristone followed by misoprostol. Methods: This systematic review and meta-analysis was reported using 2020 PRISMA guidelines. Eight databases were searched from their establishment to February 28, 2022, for randomized controlled trials (RCTs): PubMed, Embase, Cochrane Library, Web of Science, China National Knowledge Infrastructure, the Chinese BioMedical database, the Chinese Scientific Journal Database, and the Wanfang database. The Grading of Recommendations Assessment, Development, and Evaluation estimated the quality of evidence. Results: Sixteen RCTs involving 3016 patients were included in the meta-analysis. Overall, compared with no treatment as the control group after early medical abortion, patients treated with SHD were associated with a higher complete abortion rate (RR: 1.14; 95% CI: 1.10 – 1.18; P < 0.01, I2 = 26%, moderate quality), lower incomplete abortion rate (RR: 0.31; 95% CI: 0.24 – 0.41; P < 0.01, I2 = 0%, moderate quality), and lower viable pregnancy rate (RR: 0.26; 95% CI: 0.11 – 0.62; P < 0.01, I2 = 0%, moderate quality). Additionally, SHD supplementation was associated with reduced the induction-abortion time, duration of vaginal bleeding and menstrual recovery time. Conclusion: Our findings suggest that SHD supplementation may be beneficial for women seeking a medical abortion before the 7-week gestational period and no adverse events in the experimental group were reported. However, the methodological quality of the included RCTs was unsatisfactory, and therefore it is necessary to further verify the effectiveness of SHD using standardized studies of rigorous design. © 2022 Elsevier B.V., All rights reserved.","Medical Abortion; Meta-analysis; Randomized Controlled Trial; Shenghua Decoction; Traditional Chinese Medicine; Chorionic Gonadotropin; Mifepristone; Misoprostol; Drugs, Chinese Herbal; Shenghua Decoction; Chinese Drug; Chorionic Gonadotropin; Mifepristone; Misoprostol; Shenghua Decoction; Unclassified Drug; Herbaceous Agent; Shenghua Decoction; Abortion; China; Drug Efficacy; Female; Follow Up; Gestation Period; Gestational Age; Grade Approach; Human; Incomplete Abortion; Medical Abortion; Menstruation; Meta Analysis; Outcome Assessment; Preferred Reporting Items For Systematic Reviews And Meta-analyses; Pregnancy; Pregnancy Rate; Quality Control; Randomized Controlled Trial (topic); Review; Risk Factor; Systematic Review; Vagina Bleeding; Adverse Event; Dietary Supplement; Induced Abortion; Abortion, Induced; Dietary Supplements; Drugs, Chinese Herbal; Female; Humans; Pregnancy; Randomized Controlled Trials As Topic"
"Bibliometric and visualized analysis of electroacupuncture in the past 10 years","2022","Complementary Therapies in Medicine","10.1016/j.ctim.2022.102846","https://www.scopus.com/inward/record.uri?eid=2-s2.0-85132233871&doi=10.1016%2Fj.ctim.2022.102846&partnerID=40&md5=5304ea735874dbd18ec3f5d07df8fd9f","Background: There are many studies that have interrogated the evolution and use of electroacupuncture (EA). We aimed to evaluate the research status, cooperation and development of EA in the past 10 years. Methods: We obtained data on the EA from the Web of Science core collection database. CiteSpace 5.7. R1 software was used to assess research cooperation through analysis of authors, institutions and countries. In addition, keyword cluster analysis, references and burst detection were analyzed to explore research hotspots and trends in the field of EA. Results: We included a total of 3019 citing literature and 78,235 cited literature for analysis. The data showed that there has been a rise in the global number of EA studies in the past decade. Besides, the data demonstrated that China has made outstanding contribution in the development of EA. Whereas there is inter-agency cooperation in China, there is less cooperation with other countries. In addition, we showed frequent use of keywords such as “expression”, “stimulation”, or “pain”. Besides, neuroscience was the main research area, followed by general medicine and oncology. Furthermore, with the improved research methods and technologies, there is enhanced overall quality of the studies. Conclusion: Taken together, our findings demonstrate a steady increase in the studies involving EA. However, the studies are unevenly distributed among countries and thus there is need for closer international cooperation. © 2022 Elsevier B.V., All rights reserved.","Citespace; Cooperation; Electroacupuncture; Research Status; Neurotrophic Factor; Acupuncture Analgesia; Alzheimer Disease; Artery Occlusion; Article; Bibliometrics; Blood Flow; Brain Ischemia; Cluster Analysis; Electroacupuncture; Gene Expression; Heart Rate Variability; Human; Hyperalgesia; Inflammatory Pain; Low Back Pain; Nerve Regeneration; Somatosensory Cortex; Spinal Cord Injury; China; Publication; Software; Bibliometrics; Electroacupuncture; Humans; Publications; Software"
"A randomized, placebo-controlled, double-blind trial to evaluate efficacy and safety of Shen-Yuan-Dan capsules, a traditional Chinese medicine, for treatment of peri-procedure myocardial injury following percutaneous coronary intervention","2022","Complementary Therapies in Medicine","10.1016/j.ctim.2022.102841","https://www.scopus.com/inward/record.uri?eid=2-s2.0-85132218761&doi=10.1016%2Fj.ctim.2022.102841&partnerID=40&md5=78a3b489e37e0c3f92c2e91bd5cad10b","Background: Peri-procedural myocardial injury (PMI) is a common complication of percutaneous coronary intervention (PCI), which cannot be entirely avoided using available treatments. The findings of earlier research have shown that Shen-Yuan-Dan (SYD) capsules, a traditional Chinese medicine, can potentially alleviating PMI. This study aimed to confirm further this hypothesis in a rigorous, well-designed randomized controlled study. Methods: Our clinical trial was randomized, double-blinded, and placebo-controlled. A total of 181 patients with unstable angina (UA) undergoing elective PCI were randomized to pretreatment with SYD or a placebo under the basis of conventional treatment; 87 patients were pretreated with SYD (4 capsules, 3 times a day, with a further 4 capsules 2 h before PCI) 3 days before the procedure, and 94 patients were given a placebo. No patients received reloading statins before PCI, and SYD or placebo was maintained for 1 month after PCI. The primary endpoint was the incidence of PMI. The secondary endpoint was calculating the incidence rate of all 30-day major adverse cardiovascular events (all-cause mortality, non-fatal myocardial infarction, unplanned revascularization). The safety outcomes, including abnormalities in electrocardiogram and serum biochemical examinations caused by drug use, were also tested. Results: The levels of creatine kinase-myocardial band (CK-MB) in both the SYD and placebo groups were increased at 4 h and 24 h after PCI compared with before the procedure (P < 0.05). The incidence rate of PMI in the SYD group (10.3 %) was lower than that in the placebo group (34 %) (absolute difference, 23.7 % [95 % CI, 11.7–34.8 %], P < 0.01). After taking SYD, the relative risk reduction (RRR) and absolute risk reduction (ARR) were 69.7 % and 24.3 %, respectively; further, number needed to treat (NNT) was 4.2. The 30-day major adverse cardiovascular event (MACE) rate was not statistically different between the SYD and placebo groups (6.9 % vs. 9.6 %, P = 0.352). There were no abnormal situations during the trial. Conclusion: These findings showed that pretreatment with SYD could safely reduce the incidence rate of PMI in patients with UA undergoing elective PCI. Further study on the effects of SYD and how it can improve adverse cardiovascular events outcomes is needed. © 2022 Elsevier B.V., All rights reserved.","Percutaneous Coronary Intervention (pci); Peri-procedural Myocardial Injury (pmi); Randomized Controlled Trials; Traditional Chinese Medicine (tcm); Acetylsalicylic Acid; Clopidogrel; Troponin T; Hydroxymethylglutaryl-coa Reductase Inhibitors; Shen Yuan Dan; Acetylsalicylic Acid; Angiotensin Receptor Antagonist; Beta Adrenergic Receptor Blocking Agent; Chinese Medicinal Formula; Clopidogrel; Creatine Kinase Mb; Dipeptidyl Carboxypeptidase Inhibitor; Hydroxymethylglutaryl Coenzyme A Reductase Inhibitor; Placebo; Shen Yuan Dan; Troponin T; Unclassified Drug; Absolute Risk Reduction; Adult; Aged; All Cause Mortality; Article; Blood Biochemistry; Blood Examination; Confidence Interval; Controlled Study; Double Blind Procedure; Drug Capsule; Drug Efficacy; Drug Safety; Drug Withdrawal; Electrocardiogram; Female; Gastrointestinal Symptom; Heart Infarction; Heart Muscle Injury; Human; Incidence; Major Clinical Study; Male; Middle Aged; Numbers Needed To Treat; Outcome Assessment; Percutaneous Coronary Intervention; Peroperative Complication; Premedication; Prospective Study; Randomized Controlled Trial; Relative Risk Reduction; Repeated Drug Dose; Revascularization; Risk Reduction; Unstable Angina Pectoris; Adverse Event; Chinese Medicine; Procedures; Treatment Outcome; Double-blind Method; Humans; Hydroxymethylglutaryl-coa Reductase Inhibitors; Medicine, Chinese Traditional; Myocardial Infarction; Percutaneous Coronary Intervention; Treatment Outcome"
"What is the influence of grape products on liver enzymes? A systematic review and meta‐analysis of randomized controlled trials","2022","Complementary Therapies in Medicine","10.1016/j.ctim.2022.102845","https://www.scopus.com/inward/record.uri?eid=2-s2.0-85131835395&doi=10.1016%2Fj.ctim.2022.102845&partnerID=40&md5=6eca1054f7bed7931d659d695ee668da","Objective: This systematic review and meta-analysis were aimed to determine the effects of grape products on liver enzymes in adults. Methods: Databases including PubMed/Medline, Cochrane Library, ISI Web of Science, and Scopus were searched up to February 2021. Randomized clinical trials (RCTs) investigating the effect of grape products on serum concentrations of liver enzymes were included. Data were pooled using the random-effects model and weighted mean difference (WMD) was considered as the summary effect size. Results: Eight RCTs enrolling 291 participants met the inclusion criteria for this meta-analysis. The overall effect illustrated no significant change in serum levels of alanine aminotransferase (ALT) (WMD: − 2.04; 95 % CI: − 5.50 to 1.42; P = 0.24; I2 = 72.5 %), and aspartate aminotransferase (AST) (WMD: − 1.40; 95 % CI: − 3.80 to 0.99; P = 0.25; I2 = 76.0 %) in intervention group compared with the control group. Subgroup analyses revealed that the effect of grape products on ALT (WMD: − 4.97; 95 % CI: − 8.73 to − 1.21; P = 0.01) and AST (WMD: − 2.89; 95 % CI: − 5.69 to − 0.08; P = 0.04) levels was significant when the intervention period was equal or more than 12 weeks. Conclusion: Overall, grape products had no signiﬁcant effect on liver enzymes in adults. However, due to the low number of included studies, these findings must be interpreted with great caution. Larger, well-designed RCTs are still needed to further evaluate the capacity of the grape products as a complementary treatment to improve liver enzymes. © 2022 Elsevier B.V., All rights reserved.","Alanine Aminotransferase; Aspartate Aminotransferase; Grape; Liver Function; Meta-analysis; Alanine Aminotransferase; Aspartate Aminotransferase; Polyphenol; Alanine Transaminase; Aspartate Aminotransferases; Alanine Aminotransferase; Aspartate Aminotransferase; Grape Seed Extract; Liver Enzyme; Placebo; Plant Extract; Plant Medicinal Product; Polyphenol; Alanine Aminotransferase Blood Level; Alternative Medicine; Aspartate Aminotransferase Blood Level; Coronary Artery Disease; Effect Size; Enzyme Analysis; Grape; Human; Hypertension; Impaired Glucose Tolerance; Liver Function; Meta Analysis; Metabolic Syndrome X; Non Insulin Dependent Diabetes Mellitus; Nonhuman; Obesity; Parallel Design; Prehypertension; Quality Control; Randomized Controlled Trial (topic); Review; Systematic Review; Adult; Dietary Supplement; Liver; Vitis; Adult; Alanine Transaminase; Aspartate Aminotransferases; Dietary Supplements; Humans; Liver; Randomized Controlled Trials As Topic"
"The effect of lavender on stress in individuals: A systematic review and meta-analysis","2022","Complementary Therapies in Medicine","10.1016/j.ctim.2022.102832","https://www.scopus.com/inward/record.uri?eid=2-s2.0-85131902428&doi=10.1016%2Fj.ctim.2022.102832&partnerID=40&md5=3c103e7ed2d34a71caf262abd30cf288","Background: Lavender is considered as one of the medicinal plants to manage stress. Although many preliminary studies evaluated the effect of lavender on individuals’ stress level, to the best of our knowledge, we did not find a study that summarizes the results. Therefore, the present study aimed to estimate the Pooled effect of lavender on the stress level of individuals using systematic review and meta-analysis. Method: A systematic literature review based on PRISMA 2020 was performed on the SID, MagIran, Embase, PubMed, Scopus, Web of Science (WoS) databases, and Google Scholar motor engine using related MeSH/Emtree and ‎Free Text words,‎ including “Lavender*”, “Lavandula*”, “Stress*”, “Stress Disorders, Traumatic”, and “Stress, Psychological” with no time limitation until August 2021: We also searched two Iranain free local resourses including MagIran https://www.magiran.com and Scientific Information Database (SID) https://www.sid.ir. The quality assessment of studies was performed using JBI checklist. Heterogeneity among studies was quantified using I2 index and Random Effects model was used to combine the data and perform the meta-analysis. Results: In the initial search, 1520 articles were found. After excluding the irrelevant studies, finally, 21 articles with a sample size of 791 in the intervention group and 804 in the control group were included in the meta-analysis. As a result of combining the studies, stress score after using lavender in the intervention group showed a significant decrease of 0.63 ± 0.13 (95% CI) more than that in the control group (P < 0.001). The results of subgroup analysis demonstrated that the highest standardized mean difference (SMD) before and after the intervention in the intervention group compared to the control group was related to L. angustifolia species with 0.73 ± 0.22, student groups with 2.27 ± 1.34, and diagnostic tool of Perceived Stress Scale (PSS) with 0.82 ± 0.42, indicating that the difference between the groups was statistically significant (P < 0.001). Conclusion: The pooled estimation of this systematic reiew and meta-analysis revealed that lavender significantly reduces individuals’ stress. Therefore, it seems that the use of lavender can be considered as a part of a stress management programs, especially in student groups. © 2022 Elsevier B.V., All rights reserved.","Lavandula; Meta-analysis; Stress; Systematic Review; Adult; Controlled Study; Embase; Emtree; Female; Human; Joanna Briggs Institute Critical Appraisal Checklist; Lavender; Male; Medline; Mental Stress; Meta Analysis; Nonhuman; Perceived Stress Scale; Quality Control; Quantitative Analysis; Review; Sample Size; Scopus; Search Engine; Stress Management; Systematic Review; Web Of Science; Medicinal Plant; Psychotherapy; Sudden Infant Death Syndrome; Humans; Lavandula; Plants, Medicinal; Psychotherapy; Sudden Infant Death"
"Letter to Editor on “A randomized, controlled, blinded, parallel-group, clinical trial to study the role of Ayurcov (AyurCoro3), a one-day regimen as an adjuvant therapy for COVID-19 disease management, at dedicated Covid Hospital (DCH) in India”","2022","Complementary Therapies in Medicine","10.1016/j.ctim.2022.102838","https://www.scopus.com/inward/record.uri?eid=2-s2.0-85131748964&doi=10.1016%2Fj.ctim.2022.102838&partnerID=40&md5=4004108d441f4b984c33f4e454285e94","[No abstract available]","Ayurveda; Covid-19; Ayurcoro3; Ayurcoro3; Ayurcov; Ayurvedic Drug; Unclassified Drug; Adjuvant Therapy; Ayurveda; Controlled Study; Coronavirus Disease 2019; Human; Letter; Outcome Assessment; Randomized Controlled Trial; Disease Management; Hospital; India; Treatment Outcome; Covid-19; Disease Management; Hospitals; Humans; Sars-cov-2; Treatment Outcome"
"Assessing the post-treatment therapeutic effect of tongxie in irritable bowel syndrome: A randomized controlled trial","2022","Complementary Therapies in Medicine","10.1016/j.ctim.2022.102839","https://www.scopus.com/inward/record.uri?eid=2-s2.0-85131646288&doi=10.1016%2Fj.ctim.2022.102839&partnerID=40&md5=de1b27b2f2abaed0eb331156a22bae4b","Diarrhea predominant irritable bowel syndrome (IBS) is a highly relapsing gastrointestinal disorder decreasing the quality of life. Existing studies indicated that the therapeutic effects maintained for a period of time after the treatments were discontinued (post-treatment therapeutic effects or PTTE). In this study, we aim to assess the PTTE of tongxie. We performed a multiple center, controlled, double blind study of patients with IBS randomized to tongxie (n = 120) or placebo (n = 120) for 4 weeks and followed up for 57 weeks. The primary outcomes were abdominal pains and stool consistency. The secondary outcomes were pain frequency and stool frequency. Tertiary outcomes were adverse effects and global overall symptom. The outcome data were collected at days 1, 2, 3, weeks 1 and 4 during the treatment and at days 1, 2, 3, until week 57 during the post-treatment. Significantly more patients receiving tongxie were clinical responders to the primary and secondary endpoints from day 1 until the end of the treatment. The positive effects of tongxie were maintained until 17–25 weeks after tongxie was discontinued. The relapse-free probabilities in the tongxie group were significantly higher than those in the placebo group (P <.001). Twenty-five weeks after the therapies were discontinued could be considered as IBS natural history. During this period, an average of 53.8–56.3% of patients (pool tongxie and placebo data together) had IBS symptoms (pain scale ≥ 3, stool consistency ≥ 5). In particular, at the end of this study (week 61), 145 (54.2%) patients had IBS symptoms. Our results provide clinical insights into efficient and cost-effective management of refractory IBS, and lend support to the IBS management that the selection of a therapy should consider both its effectiveness during treatment and its PTTE after the treatment. © 2022 Elsevier B.V., All rights reserved.","Alternative Therapy; Ibs; Ibs Relapse; Tongxie; Chinese Drug; Placebo; Tongxie; Unclassified Drug; Abdominal Discomfort; Abdominal Pain; Adult; Aged; Article; Clinical Effectiveness; Controlled Study; Cost Effectiveness Analysis; Double Blind Procedure; Drug Efficacy; Feces Analysis; Female; Follow Up; Human; Irritable Colon; Major Clinical Study; Male; Medical History; Multicenter Study; Outcome Assessment; Randomized Controlled Trial; Treatment Outcome; Treatment Planning; Diarrhea; Quality Of Life; Tumor Recurrence; Abdominal Pain; Diarrhea; Double-blind Method; Humans; Irritable Bowel Syndrome; Neoplasm Recurrence, Local; Quality Of Life; Treatment Outcome"
"Author response to: Hardly traceable pitfalls in medical review articles","2022","Complementary Therapies in Medicine","10.1016/j.ctim.2022.102844","https://www.scopus.com/inward/record.uri?eid=2-s2.0-85131450372&doi=10.1016%2Fj.ctim.2022.102844&partnerID=40&md5=9e83b332216ce8f056e544bb52eadb43","[No abstract available]","Accuracy; Article; Clinical Research; Letter; Publication; Review; Systematic Review (topic)"
"Hardly traceable pitfalls in medical review articles","2022","Complementary Therapies in Medicine","10.1016/j.ctim.2022.102828","https://www.scopus.com/inward/record.uri?eid=2-s2.0-85131425319&doi=10.1016%2Fj.ctim.2022.102828&partnerID=40&md5=a45c4adb3237554db69bb58853fd2c56","The main purpose of review articles is to increase insight into the best possible practice for increasing the health condition of future subjects. This requires the collection of as many relevant data as possible from earlier case studies, but such data should be mutually independent. If the data from the reviewed single- or multi-case studies are not entirely mutually independent, the conclusions of the review study may easily – though not necessarily – become biased. This is shown on the basis of a 2020 systematic review about the effects of deep dry needling on spasticity and related physical disabilities. We analyzed this study by checking undisclosed possible overlaps regarding the subjects dealt with in the various case studies that were reviewed. This analysis raised also some questions about the accuracy of the number of subjects that had been treated, which is an aspects of which errors can commonly not be disclosed by the readers. The objective of our Letter is to show that insufficient attention by authors, editor and reviewers for an unambiguous presentation of the data regarding the subjects dealt with can make it impossible for readers to draw correct conclusions regarding the optimization of possible treatments. © 2022 Elsevier B.V., All rights reserved.","Manuscript Handling; Review Studies; Scientific Reliability; Cerebrovascular Accident; Dry Needling; Human; Letter; Medical Literature; Physical Disability; Randomized Controlled Trial (topic); Scientific Literature; Spasticity; Systematic Review; Dry Needling; Humans; Muscle Spasticity"
"Curcumin as adjuvant treatment in patients with non-alcoholic fatty liver (NAFLD) disease: A systematic review and meta-analysis","2022","Complementary Therapies in Medicine","10.1016/j.ctim.2022.102843","https://www.scopus.com/inward/record.uri?eid=2-s2.0-85131395146&doi=10.1016%2Fj.ctim.2022.102843&partnerID=40&md5=256cd07445ac1a1600978020722a2a0f","Objective: The aim of this review is to determine the effect of curcumin on the liver ultrasonographic morphology, and the effectiveness of curcumin as adjuvant treatment for NAFLD. Methods: The Cochrane library and PubMed were searched systematically to identify randomized controlled trials from 2000 to January 2021. The primary outcomes were NAFLD severity, liver steatosis resolution, liver scarring, liver enzymes, also lipid profiles. 16 RCTs with a total of 1028 participants were included in the meta-analysis. Results: Curcumin improved NAFLD severity (RR: 3.52, 95 % CI 1.27–9.72; P = 0.02) and increased the liver steatosis resolution (RR 3.96, 95 % CI 1.54–10.17; P = 0.004) based on the liver ultrasonographic finding. Curcumin supplementation reduced aspartate aminotransferase (MD − 4.00, 95 % CI − 5.72 to − 2.28; P < 0.001), alanine aminotransferase (MD − 7.02, 95 % CI − 9.83 to − 4.20; P < 0.001), total cholesterol (MD − 11.86, 95 % CI − 19.25 to − 4.46; P = 0.002) and BMI (MD: − 0.41, 95 % CI − 0.75 to − 0.07; P = 0.02). Conclusion: Curcumin supplementation has a favorable effect on liver ultrasonographic findings, reduced serum liver enzymes, total cholesterol, and BMI in participants with NAFLD. Therefore, promoting curcumin as adjuvant treatment on NAFLD patients might be justified. © 2022 Elsevier B.V., All rights reserved.","Curcumin; Lipids Profiles; Liver Enzymes; Liver Ultrasound; Non-alcoholic Fatty Liver Disease; Systematic Review And Meta-analysis; Alanine Aminotransferase; Aspartate Aminotransferase; Cholesterol; Curcumin; Lactose; Maltodextrin; Piperine; Starch; Turmeric; Alanine Transaminase; Aspartate Aminotransferases; Cholesterol; Curcumin; Alanine Aminotransferase; Aspartate Aminotransferase; Cholesterol; Curcumin; High Density Lipoprotein; Lactose; Liver Enzyme; Low Density Lipoprotein; Maltodextrin; Piperine; Placebo; Starch; Triacylglycerol; Turmeric; Adjuvant Therapy; Body Mass; Cholesterol Blood Level; Cochrane Library; Controlled Study; Curcuma Longa; Disease Severity; Echography; Fatty Liver; Gastrointestinal Symptom; Grade Approach; Human; Lipid Fingerprinting; Lipid Metabolism; Liver Function Test; Liver Scarring; Medline; Meta Analysis; Metabolic Fatty Liver; Nonalcoholic Fatty Liver; Nonalcoholic Steatohepatitis; Outcome Assessment; Preferred Reporting Items For Systematic Reviews And Meta-analyses; Quality Control; Quantitative Insulin Sensitivity Check Index; Randomized Controlled Trial (topic); Review; Scar; Sensitivity Analysis; Systematic Review; Ultrasound; Alanine Transaminase; Aspartate Aminotransferases; Cholesterol; Curcumin; Humans; Non-alcoholic Fatty Liver Disease"
"The beneficial effect of tart cherry on plasma levels of inflammatory mediators (not recovery after exercise): A systematic review and meta-analysis on randomized clinical trials","2022","Complementary Therapies in Medicine","10.1016/j.ctim.2022.102842","https://www.scopus.com/inward/record.uri?eid=2-s2.0-85131101894&doi=10.1016%2Fj.ctim.2022.102842&partnerID=40&md5=33e73c91800581e13c991204f5447143","Background: Chronic inflammation has been classified as one of the most important threats to health. Scientists suggested that tart cherry (TC) can reduce plasma levels of inflammatory mediators. Therefore, the aim of this study was to summarize the effect of TC on circulating C-reactive protein (CRP), interleukin-6 (IL-6), and tumor necrosis factor-alpha (TNF-α) among adult participants in non-exercise randomized clinical trials (RCTs). Methods and materials: The eligible English-language RCTs were found by searching databases including PubMed, Web of Science, Cochrane Library, Scopus, and clinical Trials.gov up to May 2022, with no time limit. We used the mean change from baseline and its standard deviation for both intervention and comparison groups to calculate the effect size. The random-effects model proposed by DerSimonian and Laird was used to estimate the overall summary effect and the heterogeneity. We used PRISMA 2020 guidelines to report this study. Results: Ten RCTs were included in this study. The results demonstrated that TC had a significant decreasing effect on plasma CRP level compared with the comparison group (weighted mean differences (WMD) = −0.55 mg/L; 95% confidence interval (CI): − 1.03, − 0.06; p = 0.029), but had no significant effect on plasma IL-6 compared with comparison group (WMD = 0.08 pg/mL; 95% CI: −0.02, 0.17; p = 0.10). The effect of TC consumption on plasma TNF-α level was evaluated in only three studies that showed no significant effects (p>0.05). Conclusion: Our results confirmed a significant decreasing effect of TC on CRP. Regarding IL-6 and TNF-α, our study did not present any significant effect of TC. © 2022 Elsevier B.V., All rights reserved.","C-reactive Protein; Interleukin-6; Meta-analysis; Prunus Avium; Systematic Review; Tart Cherry; Tumor Necrosis Factor-alpha; C Reactive Protein; Biomarkers; C-reactive Protein; Inflammation Mediators; Interleukin-6; Tumor Necrosis Factor-alpha; C Reactive Protein; Interleukin 6; Tumor Necrosis Factor; Autacoid; Biological Marker; Antiinflammatory Activity; Exercise; Human; Inflammation; Meta Analysis; Outcome Assessment; Practice Guideline; Protein Blood Level; Randomized Controlled Trial (topic); Review; Sensitivity Analysis; Sweet Cherry; Systematic Review; Adult; Dietary Supplement; Metabolism; Adult; Biomarkers; C-reactive Protein; Dietary Supplements; Humans; Inflammation; Inflammation Mediators; Interleukin-6; Prunus Avium; Randomized Controlled Trials As Topic; Tumor Necrosis Factor-alpha"
"Virtual reality intervention as a support method during wound care and rehabilitation after burns: A systematic review and meta-analysis","2022","Complementary Therapies in Medicine","10.1016/j.ctim.2022.102837","https://www.scopus.com/inward/record.uri?eid=2-s2.0-85129518851&doi=10.1016%2Fj.ctim.2022.102837&partnerID=40&md5=6faa72e959449886476ab14712d1621b","Objective: This systematic review and meta-analysis aimed to analyze and synthesize the evidence on the effectiveness of virtual reality (VR) interventions in the prevention of pain, fear and anxiety during burn wound care procedures. Methods: In September and October 2021, PubMed, Scopus, Cochrane Library and Web of Science were searched for relevant randomized controlled and crossover studies. Two independent authors described the following inclusion criteria for the search: patients undergoing burn wound care with applied VR treatment compared to any other or non-VR intervention. From a total of 1171 records, 25 met the inclusion criteria. After full-text screening, seven publications were excluded. The risk of bias was assessed for 18 studies by two independent authors. RevMan 5.4 was used for the statistical analysis, meta-analysis and visual presentation of the results. Results: The meta-analysis showed a significant difference between VR treatment and standard care when analyzing pain outcome during wound care procedures (SMD = −0.49; 95% CI [−0.78, −0.15]; I2 = 41%) and in subgroup analysis when immersive VR was incorporated (SMD = −0.71; 95% CI [−1.07, −0.36]; I2 = 0%). No significant differences were found between VR treatment and standard care for range of motion outcome (SMD = 0.44; 95% CI [−0.23, 1.11]; I2 = 50%). Conclusions: VR seems to be an effective therapeutic support in burn wound care procedures for reducing pain. However, this systematic review and meta-analysis highlights the need for more research into the use of VR as a distraction method. Studies on larger groups using similar conditions can provide unequivocal evidence of the effectiveness of VR and enable the inclusion of such intervention in standard medical procedures. © 2022 Elsevier B.V., All rights reserved.","Burns; Pain Management; Physiotherapy; Virtual Technology; Adolescent; Analgesia; Anxiety Disorder; Burn; Child; Cochrane Library; Controlled Study; Data Extraction; Data Synthesis; Epithelization; Fear; Heart Rate; Human; Information Processing; Intervention Study; Medline; Meta Analysis; Outcome Assessment; Pain; Pain Intensity; Pediatric Patient; Physiotherapy; Quality Control; Randomized Controlled Trial (topic); Range Of Motion; Review; Risk Assessment; Scopus; Sensitivity Analysis; Systematic Review; Virtual Reality; Web Of Science; Wound Care; Wound Healing; Procedures; Virtual Reality Exposure Therapy; Burns; Humans; Pain; Pain Management; Virtual Reality; Virtual Reality Exposure Therapy"
"Effectiveness and safety of electric heating moxibustion for perennial allergic rhinitis: A pilot, randomized, assessor-blind trial","2022","Complementary Therapies in Medicine","10.1016/j.ctim.2022.102835","https://www.scopus.com/inward/record.uri?eid=2-s2.0-85129493121&doi=10.1016%2Fj.ctim.2022.102835&partnerID=40&md5=68d5aa443d78db2a7d6acdb1f0e72240","Background: The prevalence of allergic rhinitis (AR), an inflammatory disease, is gradually increasing. Studies have reported that moxibustion is effective for treating AR. Electric heating moxibustion (EM) was developed to offer adaptable heat stimulation without the generation of smoke. Objectives: The objective of this study was to examine the possibility of EM in treating perennial allergic rhinitis (PAR) and to assess the feasibility of using this technique on a larger scale by comparing EM with acupuncture (AC). Design: A randomized pilot study was conducted on 40 patients with PAR. Patients were randomly assigned to one of two treatment groups: EM or AC. The primary outcome measure was the change in the total nasal symptom score (TNSS) between before and after treatment. The secondary outcome measures were the changes in the rhinoconjunctivitis quality of life questionnaire (RQLQ), nasal endoscopy index for pattern identification, pattern identification questionnaire for AR, total serum immunoglobulin E (IgE), eosinophil count, and adverse effects (AEs). Results: The results showed a statistically significant improvement in mean TNSS and RQLQ scores in both groups (p < 0.05), but no significant difference between the two groups. However, mean changes in itching and sneezing TNSS were significantly higher in the AC group. There was no significant difference in total serum IgE or eosinophil count before versus after treatment, nor was there any significant difference of three pattern subgroups between the two groups in the mean TNSS change. While the AC group reported two treatment-related AEs, there were no treatment-related AEs in the EM group. Conclusion: This trial provides evidence that EM isa safe alternative treatment for patients with PAR. Trial registration: ClinicalTrials.gov, NCT03342105. Registered on 14 November 2017. © 2022 Elsevier B.V., All rights reserved.","Allergic Rhinitis; Electric Heating Moxibustion; Moxibustion; Randomized Controlled Trial; Alanine Aminotransferase; Aspartate Aminotransferase; Immunoglobulin E; Immunoglobulin E; Cettum; Alanine Aminotransferase; Aspartate Aminotransferase; Immunoglobulin E; Acupuncture; Adult; Allergic Rhinitis; Ankle Pain; Article; Clinical Article; Clinical Trial; Controlled Clinical Trial; Controlled Study; Disease Duration; Disease Severity; Dysmenorrhea; Ecchymosis; Electric Heating Moxibustion; Eosinophil; Eosinophil Count; Female; Human; Male; Moxibustion; Nasal Endoscopy; Nasal Pruritus; Nose Obstruction; Perennial Rhinitis; Pilot Study; Quality Of Life; Quality Of Life Assessment; Questionnaire; Randomized Controlled Trial; Rhinorrhea; Scoring System; Shoulder Pain; Sneezing; Total Nasal Symptom Score; Treatment Duration; Treatment Outcome; Adverse Event; Heating; Heating; Humans; Immunoglobulin E; Moxibustion; Pilot Projects; Quality Of Life; Rhinitis, Allergic; Rhinitis, Allergic, Perennial; Treatment Outcome"
"The effectiveness and safety of Chaiqin Qingning Capsule in upper respiratory tract infections with fever: A prospective, double-blinded, randomized, multicenter controlled trial","2022","Complementary Therapies in Medicine","10.1016/j.ctim.2022.102840","https://www.scopus.com/inward/record.uri?eid=2-s2.0-85129251840&doi=10.1016%2Fj.ctim.2022.102840&partnerID=40&md5=46ea8e33520db58156a24eb98a299324","Background and aim: Presently, over-the-counter drugs that can treat upper respiratory tract infections (URTI) are rarely effective and safe. Chaiqin Qingning Capsule (CQQNC), a Chinese patent medicine, which has been verified by long-term clinical practice is recommended by Chinese experts for the treatment of URTI with fever. This study conducted a prospective, double-blinded, randomized, multicenter controlled trial to evaluate the effectiveness and safety of CQQNC in the treatment of URTI. Methods: The study was conducted at 4 clinical centers in China. Eligible subjects were recruited and randomized 1:1 to the CQQNC group and Qingkailing Capsule (QKLC) group. Both groups were administered orally three times a day for three consecutive days. Primary outcomes were the antipyretic onset time and the temperature recovery time. Secondary outcomes included the symptom disappearance rate, symptom score, and drug safety assessment. Results: A total of 269 subjects were analyzed (134 subjects in the CQQNC group, 135 subjects in the QKLC group). The antipyretic onset time and the temperature recovery time were significantly shortened in the CQQNC group (median: 5 h vs. 10 h, p < 0.0001, median: 19 h vs. 27 h, p < 0.0001). CQQNC was more effective than the QKLC in improving the symptoms of pharyngodynia and rhinobyon (85.07% vs. 71.11%, p = 0.008; 76.99% vs. 64.41%, p = 0.043), and in improving the overall symptom scores (−15.10 ± 3.23 vs. −13.35 ± 3.58, p < 0.0001). During the trial, no serious adverse events were reported in the two groups. Conclusion: CQQNC is effective and safe in the treatment of URTI with fever, and worthy of clinical application. (http://www.chictr.org.cn, ChiCTR-IPR-16009049). © 2022 Elsevier B.V., All rights reserved.","Chaiqin Qingning Capsule; Chinese Patent Medicine; Common Cold; Fever; Randomized Controlled Trial; Upper Respiratory Tract Infection; Alanine Aminotransferase; Aspartate Aminotransferase; Antipyretics; Drugs, Chinese Herbal; Alanine Aminotransferase; Analgesic Agent; Antipyretic Agent; Aspartate Aminotransferase; Chaiqin Qingning Capsule; Creatine Kinase Mb; Unclassified Drug; Herbaceous Agent; Adult; Antipyretic Activity; Article; Chill; China; Controlled Study; Coughing; Disease Severity; Double Blind Procedure; Drug Efficacy; Drug Safety; Female; Fever; Headache; Human; Human Cell; Leukocyte; Major Clinical Study; Male; Multicenter Study; Nose Disease; Occult Blood; Pain; Pantalgia; Pharyngodynia; Prospective Study; Randomized Controlled Trial; Rhinobyon; Rhinorrhea; Sample Size; Scoring System; Side Effect; Sore Throat; Sputum; Sweating; Thirst; Treatment Outcome; Upper Respiratory Tract Infection; Clinical Trial; Respiratory Tract Infection; Antipyretics; Double-blind Method; Drugs, Chinese Herbal; Fever; Humans; Prospective Studies; Respiratory Tract Infections; Treatment Outcome"
"A systematic review of the effect of lavender on cancer complications","2022","Complementary Therapies in Medicine","10.1016/j.ctim.2022.102836","https://www.scopus.com/inward/record.uri?eid=2-s2.0-85129511087&doi=10.1016%2Fj.ctim.2022.102836&partnerID=40&md5=3dbec38e11e2ec8b2f02f542820c3169","Objective: Despite advances in the diagnosis and treatment of cancer, patients still suffer from the various physical and psychological complications of cancer. The aim of this research was to integrate and synthesize relevant scientific evidence about the effect of lavender on cancer complications. Methods: A systematic review of the international literature was undertaken. The search process encompassed four databases of PubMed [including MEDLINE], Web of Science, Scopus, and Cochrane library without time and language limits. All types of interventional studies examining the effects of lavender on cancer complications were included in data analysis and research synthesis. Relevant data were obtained from eligible studies after quality appraisal using appropriate methodological tools. Given that meta-analysis could not performed, the review findings were synthesized narratively. Results: Thirteen studies were included in this review with a total of 838 patients. Nine studies used a randomized controlled trial design and the majority of them were conducted on patients with multiple types of cancer. Lavender was often used as inhalation aromatherapy. In the majority of the included studies, lavender was significantly effective in the reduction of anxiety and pain, and improved sleep quality and vital signs. Conclusions: This review provides scientific evidence regarding the effectiveness of lavender in mitigating cancer complications. Healthcare providers are suggested to use lavender in patient care along with other healthcare interventions to relieve cancer complications. © 2022 Elsevier B.V., All rights reserved.","Aromatherapy; Cancer; Complication; Lavandula; Lavender; Systematic Review; Lavender Oil; Oils, Volatile; Plant Oils; Lavender Oil; Essential Oil; Vegetable Oil; Acute Myeloid Leukemia; Anxiety; Aromatherapy; Assessment Of Humans; Colorectal Cancer; Colostomy; Generalized Anxiety Disorder-7; Hospital Anxiety And Depression Scale; Human; Lavender; Malignant Neoplasm; Ostomy Adjustment Inventory 23; Pain; Pain Intensity; Pittsburgh Sleep Quality Index; Quality Of Life; Randomized Controlled Trial (topic); Review; Rotterdam Symptom Checklist; Sleep Quality; State Trait Anxiety Inventory; Systematic Review; Visual Analog Scale; Anxiety Disorder; Complication; Neoplasm; Anxiety; Anxiety Disorders; Aromatherapy; Humans; Lavandula; Neoplasms; Oils, Volatile; Pain; Plant Oils; Randomized Controlled Trials As Topic"
"Do ginger footbaths improve symptoms of insomnia more than footbaths with warm water only? – A randomized controlled study","2022","Complementary Therapies in Medicine","10.1016/j.ctim.2022.102834","https://www.scopus.com/inward/record.uri?eid=2-s2.0-85128752003&doi=10.1016%2Fj.ctim.2022.102834&partnerID=40&md5=d16455afb11c3a8335b77d3dd73c0a52","Objectives: To compare the effects between warm water (WW) and ginger footbaths (WW+ginger) on sleep quality and warmth regulation in adults with self-reported insomnia symptoms. Methods: A prospective randomized-controlled study in which 28 participants (mean age 50.9 years, 64.3% women, insomnia symptom duration 11.4 years) were randomized to receive WW (n = 13) or WW+ginger (n = 15) daily for 2 weeks. Treatment involved nightly footbaths (12 liters of 38–42 °C warm tap water, maximum duration 20 min) with and without topical ginger (80 g of powdered ginger rhizomes). Main outcome measures: The primary outcome measure was self-reported sleep quality (global score from Pittsburgh Sleep Quality Index, PSQI) at 2 weeks. Secondary outcomes included measures of insomnia severity (Insomnia Severity Index, ISI) and warmth regulation (Herdecke Warmth Perception Questionnaire, HWPQ and 24-hour distal-proximal skin temperature gradient, DPG). Results: WW+ginger had no greater effect on PSQI (mean between-difference 0.0 [95% CI −3.0 to 2.9], Cohen's d=0.0) or ISI (−0.2 [−3.9 to 3.4], 0.0) than WW. Nor were there any significant differences in HWPQ perceived warmth (0.1 ≥d≥0.5) or DPG (0.1 ≥d≥0.4) between WW and WW+ginger. Both groups improved over time in PSQI (WW+ginger: d=0.7, WW: d=1.3) and ISI (WW+ginger: d=0.8, WW: d=1.0). Perceived warmth of the feet increased only in WW+ginger over time (d=0.6, WW: d=0.0). Conclusions: This dose of ginger (6.67 g/liter) did not have greater effects on sleep quality, insomnia severity or warmth regulation than WW. Considering effect sizes, costs and risks, the use of WW would be recommended over WW+ginger in this patient population. © 2022 Elsevier B.V., All rights reserved.","Circadian Rhythm; Distal-proximal Skin Temperature Gradient; Footbath; Ginger; Hydrotherapy; Insomnia; Warmth Perception; Zingiber Officinale; Water; Water; Tap Water; Water; Adult; Aged; Article; Balneotherapy; Circadian Rhythm; Clinical Article; Comparative Effectiveness; Controlled Study; Disease Duration; Disease Severity; Female; Ginger; Human; Hydrotherapy; Insomnia; Insomnia Severity Index; Male; Middle Aged; Outcome Assessment; Pittsburgh Sleep Quality Index; Prospective Study; Questionnaire; Randomized Controlled Trial; Self Report; Skin Temperature; Sleep Quality; Symptom; Temperature Sense; Adult; Female; Ginger; Humans; Male; Middle Aged; Prospective Studies; Skin Temperature; Sleep Initiation And Maintenance Disorders; Water"
"Aromatherapy blend of thyme, orange, clove bud, and frankincense boosts energy levels in post-COVID-19 female patients: A randomized, double-blinded, placebo controlled clinical trial","2022","Complementary Therapies in Medicine","10.1016/j.ctim.2022.102823","https://www.scopus.com/inward/record.uri?eid=2-s2.0-85128575204&doi=10.1016%2Fj.ctim.2022.102823&partnerID=40&md5=c3aba66130e41f4404f0fb725fdc1538","Background: A large proportion of individuals who have recovered from an acute COVID-19 infection continue to experience symptoms months later. Post-acute COVID-19 (long-haul COVID-19) can range from serious complications to quality of life symptoms such as fatigue or insomnia. The purpose of this study was to evaluate the potential for inhalation of essential oils to improve energy levels among otherwise healthy female survivors of acute COVID-19 who experience a lack of energy more than five months after recovery. This study was conducted in the United States in late 2021. Method: This was a randomized double blind, placebo controlled trial to evaluate the potential for inhalation of Longevity™, a proprietary essential oil blend manufactured by Young Living Essential Oils (Lehi, Utah, USA), on energy levels among female survivors of COVID-19 who continue to experience fatigue more than 5 months recovery from the acute infection. Forty women were randomized to two groups: intervention and placebo. Both groups inhaled the assigned product twice daily for fourteen consecutive days. Fatigue scores were measured using the Multidimensional Fatigue Symptom Inventory (MFSI). Secondary outcomes included scores on each of the MFSI's ten subscales. Results: Individuals who inhaled the essential oil blend for 2 weeks had significantly lower fatigue scores after controlling for baseline scores, employment status, BMI, olfactory function, and time since diagnosis, with a large effect size (F (1,39) = 6.15, p = .020, partial eta squared = 0.198). Subscale analysis identified subscales of vigor, as well as global, behavioral, general, and mental fatigue as benefiting from the intervention. This study provides evidence that a proprietary aromatherapy blend can significantly improve energy levels among women who are experiencing fatigue after recovering from COVID-19. © 2022 Elsevier B.V., All rights reserved.","Frankincense; Oils, Volatile; Essential Oil; Frankincense; Adult; Aromatherapy; Article; Body Mass; Checklist; Clove; Controlled Study; Double Blind Procedure; Employment; Evidence Based Medicine; Female; Human; Inhalation; Long Covid; Major Clinical Study; Male; Orange (fruit); Personal Experience; Randomized Controlled Trial; Scoring System; Smelling; Survivor; Thyme; Treatment Outcome; United States; Boswellia; Complication; Quality Of Life; Sweet Orange; Syzygium; Therapy; Thymus (plant); Aromatherapy; Citrus Sinensis; Covid-19; Double-blind Method; Female; Frankincense; Humans; Male; Oils, Volatile; Quality Of Life; Sars-cov-2; Thymus Plant; Treatment Outcome"
"Comparative efficacy of seven Chinese patent medicines for early diabetic kidney disease: A Bayesian network meta-analysis","2022","Complementary Therapies in Medicine","10.1016/j.ctim.2022.102831","https://www.scopus.com/inward/record.uri?eid=2-s2.0-85128363068&doi=10.1016%2Fj.ctim.2022.102831&partnerID=40&md5=b56d91fc51ed3a357624de6aa6c8e07e","Background: Bailing Capsule (BLC), Jinshuibao (JSB), Huangkui Capsule (HKC), Uremic Clearance Granule (UCG), Tripterygium glycosides (TG), Compound Xueshuantong Capsule (CXC), and Shenyan Kangfu Tablet (SYKFT) as classic Chinese patent medicines (CPMs), have been widely used and shown beneficial effects on the treatment of early diabetic kidney disease (DKD). However, the comparative efficacy of seven CPMs in the treatment of early DKD remains unknown. Objective: To evaluate and compare the efficacy of seven CPMs (BLC, JSB, HKC, UCG, TG, CXC, SYKFT) combined with angiotensin-converting enzyme inhibitor (ACEI) or angiotensin receptor blocker (ARB) on early DKD by a Bayesian network meta-analysis (NMA) of randomized controlled trials (RCTs). Methods: A comprehensive and systematic literature search was performed in PubMed, Embase, Cochrane Library, Web of Science, Clinical Trials.gov, China Biology Medicine, Chinese National Knowledge Infrastructure, Chinese Scientific Journal, and Wanfang databases from inception to March 14, 2021, for full-text RCTs that evaluated the efficacy of seven CPMs combined with ACEI/ARB on patients with early DKD. Two reviewers independently screened studies for eligibility, extracted data, and assessed the risk of bias. Agreement between reviewers was measured using kappa statistics. Mean difference (MD) and odds ratio (OR) were calculated to evaluate continuous variables and dichotomous, respectively. The random effect modeling NMA was performed and the ranking probability of interventions in various outcomes was also conducted based on the surface under the cumulative ranking curve (SUCRA). Begg's and Egger's tests were used to evaluate publication bias. The certainty of the evidence for outcomes was evaluated according to the GRADE system. Results: A total of 62 RCTs with 5362 patients with early DKD were identified. The value of Kappa calculated for the various parameters extracted by the two investigators was 0.821 (P < 0.001). Among these CPMs, UCG + ACEI/ARB showed the best effectiveness for urinary albumin excretion rate (UAER) (MD 32.25, 95% CrI 19.11–45.67, low certainty) with SUCRA 92%. JSB + ACEI/ARB showed the highest effectiveness for 24-h urinary total protein (24-h UTP) (MD 76.92, 95% CrI 53.54–100.58, low certainty) with SUCRA 97%. CXC + ACEI/ARB showed the highest effectiveness for serum creatinine (SCr) (MD 26.02, 95% CrI 6.10–45.95, low certainty) with SUCRA 96%. HKC + ACEI/ARB showed the highest effectiveness for blood urea nitrogen (BUN) (MD 1.46, 95% CrI 0.42–2.54, very low certainty) with SUCRA 86%. BLC + ACEI/ARB showed significant differences in triglyceride (TRIG) (MD − 1.17, 95% CrI − 1.93 to − 0.43, low certainty) with SUCRA 90%, total cholesterol (TC) (MD − 1.17, 95% CrI − 1.97 to − 0.39, very low certainty) with SUCRA 90%, and C-reaction protein (CRP) (MD − 0.90, 95% CrI − 1.51 to − 0.32, very low certainty) with SUCRA 76%. Conclusions: CPMs + ACEI/ARB might be positive efficacious interventions from which patients with DKD will derive benefit. UCG + ACEI/ARB, JSB + ACEI/ARB, CXC + ACEI/ARB, and HKC + ACEI/ARB might be potentially the preferred intervention for reducing UAER, 24-h UTP, SCr, and BUN levels, respectively. BLC + ACEI/ARB has a better impact on lowing TRIG, TC, and CRP levels in patients with early DKD. However, more high-quality, large-scale, multi-center RCTs and stronger head-to-head trials are required to confirm these findings. © 2022 Elsevier B.V., All rights reserved.","Angiotensin Receptor Blockers; Angiotensin-converting Enzyme Inhibitors; Chinese Patent Medicine; Diabetic Kidney Disease; Network Meta-analysis; Randomized Controlled Trials; C Reactive Protein; Uridine Triphosphate; Angiotensin Receptor Antagonists; Angiotensin-converting Enzyme Inhibitors; Nonprescription Drugs; Uridine Triphosphate; Angiotensin Receptor Antagonist; C Reactive Protein; Dipeptidyl Carboxypeptidase Inhibitor; Triacylglycerol; Non Prescription Drug; Uridine Triphosphate; Albumin To Creatinine Ratio; Bayesian Network; Chinese Medicine; Cholesterol Blood Level; Clinical Assessment; Comparative Effectiveness; Diabetic Nephropathy; Dizziness; Gastrointestinal Symptom; Human; Meta Analysis; Network Meta-analysis; Review; Urea Nitrogen Blood Level; Diabetes Mellitus; Female; Male; Angiotensin Receptor Antagonists; Angiotensin-converting Enzyme Inhibitors; Diabetes Mellitus; Diabetic Nephropathies; Female; Humans; Male; Network Meta-analysis; Nonprescription Drugs; Uridine Triphosphate"
"Combined Tai Chi and cognitive interventions for older adults with or without cognitive impairment: A meta-analysis and systematic review","2022","Complementary Therapies in Medicine","10.1016/j.ctim.2022.102833","https://www.scopus.com/inward/record.uri?eid=2-s2.0-85128339958&doi=10.1016%2Fj.ctim.2022.102833&partnerID=40&md5=4cca38eadd61d431724163e1f8bfe1a1","Background and purpose: Evidence from the field of cognitive interventions indicates that nonpharmaceutical interventions seem more promising in enhancing cognition. The number of clinical trials that examine the cognitive benefits of combined physical exercise with cognitive intervention on older adults has recently increased. Tai Chi (TC) has been recommended as an effective and safe exercise for older adults aged 60 and over. However, there is a lack of conclusion about whether combined TC with cognitive interventions can show more benefits than a single intervention for older adults. Thus, this review aimed to evaluate the effects of combined TC and cognitive interventions on older adults. Methods: PubMed, Embase, PsycINFO, and Web of Science were searched for English peer-reviewed papers from inception until November 12, 2021. Data were extracted by two independent reviewers. Results: A total of 1524 records were generated and nine studies were included. The pooled results showed that combined TC and cognitive interventions showed significantly large gains on memory [standardised mean difference (SMD) = 0.87, 95% confidence interval (CI): (0.01, 1.74), P 0.05], moderate gains on cognition [SMD = 0.74, 95% CI:(0.19, 1.29), P 0.05], and small size effects on balance. No statistically significant difference was found in executive function, depression, risk of falls, or well-being. Conclusion: Combined TC and cognitive interventions have positive effects on improving cognition and balance in older adults, but their superiority over the single intervention, as well as their additional effects on the physical and psychological function, are required further investigation. © 2022 Elsevier B.V., All rights reserved.","Cognition; Cognitive Interventions; Combined Intervention; Older Adults; Tai Chi; Aged; China; Cognition; Cognition Assessment; Cognitive Defect; Cognitive Therapy; Comparative Study; Data Extraction; Dementia; Depression; Digit Span Test; Education Program; Executive Function; Executive Function Test; Fall Risk; Health Care Delivery; Health Education; Human; Intervention Study; Medical Subject Headings; Memory; Memory Disorder; Mental Deterioration; Meta Analysis; Mild Cognitive Impairment; Mild Stage Dementia; Mini Mental State Examination; Montreal Cognitive Assessment; Outcome Assessment; Peer Review; Probable Dementia; Psychological Balance; Psychological Well-being; Quality Control; Randomized Controlled Trial (topic); Review; Risk Assessment; Risk Factor; Rivermead Behavioral Memory Test; Screening Test; Stretching Exercise; Systematic Review; Tai Chi; Thailand; Trail Making Test; Treatment Duration; United States; Verbal Memory; Visual Memory; Working Memory; Exercise; Middle Aged; Aged; Cognition; Cognitive Dysfunction; Executive Function; Exercise; Humans; Middle Aged; Tai Ji"
"A randomized, controlled, blinded, parallel group, clinical trial to study the role of Ayurcov (AyurCoro3), one day regimen as an adjuvant therapy for COVID-19 disease management, at dedicated Covid Hospital (DCH) in India","2022","Complementary Therapies in Medicine","10.1016/j.ctim.2022.102824","https://www.scopus.com/inward/record.uri?eid=2-s2.0-85128339892&doi=10.1016%2Fj.ctim.2022.102824&partnerID=40&md5=8b4e179de74d9cfbc83591ef80986551","Introduction: Limited treatment options exist for COVID-19 infections; thus, attempts from complementary and alternative systems (CAM) of medicine are being explored as possible therapeutic options. Ayurcov is a formulation made of ingredients mentioned in Ayurveda. These constituents have proven antiviral, detoxifying, immune-modulating, and bio-enhancing properties. The present study was carried out to evaluate the therapeutic effect and safety of Ayurcov in patients with various severity states of COVID-19 infections. Methods: A randomized, single blinded, controlled trial was carried out in adults diagnosed with mild-to-moderate, and severe COVID-19 infections confirmed by real time reverse transcriptase polymerase chain reaction (rRTPCR) test. The interventional group received three doses of ‘Ayurcov’. It is constituted of Haridra Churna (Curcuma longa), Go ark (Bos Indicus Distilled Urine), Sphatika (Alum), Sita (Rock Candy), Godugdham (Bos Indicus Milk) milk, Goghritam (Bos Indicus ghee) on Day 1, as an adjuvant to the standard of care, and the control group received only the standard of care. Key outcomes included: proportion of patients and time taken for symptom resolution, reduction in the rRT-PCR Ct values, safety, and functional status until 42 days after discharge. Results: Ninety patients with mild-to-moderate and 30 patients with severe COVID-19 disease were recruited. It was observed that significantly more proportions of patients receiving Ayurcov had symptom relief much earlier than control group. Additionally, the interventional group showed significantly lower rRT-PCR Ct values. However, a shorter time of resolution of symptoms was observed with the interventional group in the mild to moderate category but not with those having severe symptoms. Similarly, a significantly better functional status was observed with interventional group on days 7 and 28 after discharge. Ayurcov was not observed with higher risks of any adverse/serious adverse events. Conclusions: Ayurcov as adjuvant with standard of care was associated with significantly earlier resolution of COVID-19 related symptoms than standard of care alone. © 2023 Elsevier B.V., All rights reserved.","Ayurcov; Ayurveda; Cam; Complementary And Alternative Medicine; Covid-19; Heparin; Hydroxychloroquine; Methylprednisolone; Paracetamol; Antiviral Agents; Anti-sars-cov-2 Agent; Ayurcov; Heparin; Hydroxychloroquine; Low Molecular Weight Heparin; Methylprednisolone; Paracetamol; Unclassified Drug; Antivirus Agent; Adjuvant Therapy; Adult; Article; Controlled Study; Coronavirus Disease 2019; Disease Severity; Female; Flatulence; Functional Status; Headache; Hospital Admission; Hospitalization; Human; Intensive Care Unit; Loose Feces; Major Clinical Study; Male; Middle Aged; Nausea; Oxygen Saturation; Oxygen Therapy; Parallel Design; Randomized Controlled Trial; Real Time Reverse Transcription Polymerase Chain Reaction; Sleep Disorder; Vital Sign; Disease Management; Drug Therapy; Hospital; Treatment Outcome; Adult; Antiviral Agents; Covid-19; Disease Management; Hospitals; Humans; Sars-cov-2; Treatment Outcome"
"Cannabis use among patients with cutaneous lymphoma: A cross-sectional survey","2022","Complementary Therapies in Medicine","10.1016/j.ctim.2022.102830","https://www.scopus.com/inward/record.uri?eid=2-s2.0-85128197460&doi=10.1016%2Fj.ctim.2022.102830&partnerID=40&md5=51e036d11bafbc3303d48ab58d86c6ba","Objectives: To evaluate patterns of cannabis use in patients with cutaneous lymphoma (CL), as well as the association between cannabis use and itch specifically. Design: Cross-sectional survey created in partnership with the Cutaneous Lymphoma Foundation (CLF). Setting: The online survey was distributed electronically via email to the CLF listserv and links posted to social media over a 2-week period. Main outcome measures: Respondents were classified as current cannabis users, prior users, and never users. A visual analog scale (VAS) was used to assess itching severity, improvement of itch, and interest in learning about cannabis. Results: A total of 119 patient responses (61% female, mean age 59 y) were included in analysis. The majority had mycosis fungoides or Sézary syndrome (74%; 88/119) and early stage (IA-IIA) disease (56%; 48/86). Mean VAS itch score was 3.2 + 2.8 for the cohort. Over half (55%; 60/110) reported ever having used cannabis, with 22% (24/110) endorsing current cannabis use. Common methods of cannabis use were smoking (54%) and vaporizing (46%). 25% (6/24) of current users reported using cannabis specifically to treat itch; these respondents noted that cannabis resulted in moderate improvement of itching (mean 6.6/10). There was strong interest in learning more about cannabis and cancer, and most desired this information from their CL doctor/nurse. Conclusions: Cannabis use is common among patients with CL, and patients report improvement of itching as a result of using cannabis. Further studies are needed to elucidate the risks and benefits of cannabis use in this patient population. © 2022 Elsevier B.V., All rights reserved.","Alternative Medicine/complementary Medicine; Cannabis; Ctcl; Cutaneous Lymphoma; Itch; Cannabis; Adult; Aged; Article; Cannabis Use; Cross-sectional Study; Disease Severity; Female; Human; Major Clinical Study; Male; Mycosis Fungoides; Pruritus; Sezary Syndrome; Skin Lymphoma; Smoking; Visual Analog Scale; Middle Aged; Pathology; Skin Tumor; Cannabis; Cannabis; Cross-sectional Studies; Female; Humans; Male; Middle Aged; Mycosis Fungoides; Pruritus; Skin Neoplasms"
"YouTube as a source of information regarding the effect of vitamin C on coronavirus disease","2022","Complementary Therapies in Medicine","10.1016/j.ctim.2022.102827","https://www.scopus.com/inward/record.uri?eid=2-s2.0-85127363295&doi=10.1016%2Fj.ctim.2022.102827&partnerID=40&md5=9b5fc3e7a617c584db30695316e9e933","Objectives: With the expansion of the internet, social media platforms have become a major source of medical information. However, medical information on online multimedia platforms is often inaccurate. In the current study, we evaluated the reliability, quality, and accuracy of the most viewed YouTube videos featuring the effects of vitamin C on COVID-19. Methods: A search was conducted on YouTube on January 13, 2022, using the keywords (“ascorbic acid” OR “vitamin C” OR “sodium ascorbate” OR “L-ascorbic”) AND (“coronavirus” OR “COVID 19” OR “COVID-19” OR “Corona” OR “COVID” OR “SARSCoV2”). We assessed the 50 most-viewed videos using a modified DISCERN scale (mDISCERN) and Global Quality Scale (GQS). Additionally, the accuracy of the information in each video was evaluated. Results: Out of the 50 most-viewed videos featuring the effect of vitamin C on COVID-19, 54% were not reliable. Furthermore, 62% presented poor quality, and 74% were misleading or neither accurate nor misleading. The average mDISCERN and GQS scores of the 50 included videos were 2.2 ± 1.4 (≥ 3: highly reliable) and 2.2 ± 1.1 (2: generally poor), respectively. Although the videos were made by medical doctors, their reliability, quality, and accuracy were not significantly different from those displayed in other sources, including fitness channels, television or internet-based news or programs, consumers, company channels, product advertisements, or prepared by nurses. Conclusions: The reliability, quality, and accuracy of the 50 most-viewed videos on the effect of vitamin C on COVID-19 were not high. Video creators, especially medical doctors, should make an effort so that the videos present reliable content with high-quality and correct information is disseminated to people. © 2022 Elsevier B.V., All rights reserved.","Covid-19; Information; Internet; Review; Vitamin C; Ascorbic Acid; Ascorbic Acid; Ascorbic Acid; Accuracy; Advertising; Article; Consumer; Coronavirus Disease 2019; Cross-sectional Study; Drug Effect; Fitness; Global Quality Scale; Human; Internet; Medical Information; Modified Discern Scale; Nurse; Physician; Quality Assessment Tool; Quality Control; Reliability; Social Media; Videorecording; Drug Therapy; Information Dissemination; Reproducibility; Ascorbic Acid; Covid-19; Humans; Information Dissemination; Reproducibility Of Results; Social Media; Video Recording"
"Diet and physical exercises for preschoolers with ADHD and their mothers: An intervention study","2022","Complementary Therapies in Medicine","10.1016/j.ctim.2022.102826","https://www.scopus.com/inward/record.uri?eid=2-s2.0-85127155335&doi=10.1016%2Fj.ctim.2022.102826&partnerID=40&md5=bcbbbc29753aa09f927dc64c0d29f826","Background: Attention deficit hyperactivity disorder (ADHD) is a serious public health problem. Diet-focused approaches and physical exercise can be used to complement other ADHD management techniques. Objective: To determine the prevalence of ADHD symptoms among preschoolers in nursery schools and to evaluate the educational interventions toward nutrition and physical exercise in mothers and their preschoolers with ADHD symptoms. Research methodology: A two-phase sampling method was employed. First, a cross-sectional survey was conducted to determine the prevalence of ADHD symptoms in four nursery schools (400 preschoolers aged between 3 and 6 years). Second, an intervention study (a quasi-experimental research design with one group completing the pre-test and the post-test) was performed on 36 preschoolers having ADHD symptoms and their mothers by using the educational intervention for mothers and photos and games about nutrition and physical exercise for the preschoolers with ADHD; mothers of four children out of the 40 refused to participate in the study. Data were analyzed using SPSS version 20. The paired t-test was used to determine significant differences between the groups. Differences were considered significant at P < 0.05. Results: Of the 400 preschoolers, 10% had high ADHD symptoms. The mean score of mothers’ knowledge of nutrition and physical exercise improved after the implementation of the program (p = 0.01). In addition, preschoolers with ADHD enjoyed the session with photos and games (p = 0.01). Conclusions and Implications: Educational intervention significantly improved the knowledge of the mothers. Moreover, preschoolers with ADHD symptoms enjoyed the session with photos and games. This intervention appears to be feasible and promising for further investigation of its effects. © 2022 Elsevier B.V., All rights reserved.","Adhd Symptoms; Nutrition; Physical Exercise; Preschooler; Adult; Article; Attention Deficit Hyperactivity Disorder; Attention Deficit Hyperactivity Disorder Rating Scale; Awareness; Behavior; Behavior Disorder Assessment; Child; Controlled Study; Cross-sectional Study; Diagnostic Test Accuracy Study; Diet; Early Childhood Intervention; Education; Education Program; Exercise; Female; Health Behavior; Human; Intervention Study; Knowledge; Male; Nursery School; Nutrition; Occupation; Physical Activity; Preschool Child; Prevalence; Quasi Experimental Study; Questionnaire; Receiver Operating Characteristic; Scoring System; Sensitivity And Specificity; Young Adult; Mother; Attention Deficit Disorder With Hyperactivity; Child; Child, Preschool; Cross-sectional Studies; Diet; Exercise; Female; Humans; Mothers"
"Clinical effects of using a massage chair on stress measures in adults: A pilot randomized controlled trial","2022","Complementary Therapies in Medicine","10.1016/j.ctim.2022.102825","https://www.scopus.com/inward/record.uri?eid=2-s2.0-85127188426&doi=10.1016%2Fj.ctim.2022.102825&partnerID=40&md5=be0ee0249af401d0184e13a48ecb4797","Objective: Since the clinical benefits of a massage chair have not been fully elucidated, we aimed to assess the effects of the long-term use of a massage chair on stress measures in adults. Design: Randomized controlled trial. Setting: Community. Interventions In total, 80 adults aged 50–75 years were randomly assigned to the intervention group (n=41) and control group (n=39). The intervention group used the massage chair twice a day for 6 months. The control group was educated about lifestyle modification. Main outcome measures: The primary outcome was the change in serum cortisol levels in the morning (8 a.m.) and afternoon (1 p.m.), and the secondary outcomes included changes in levels of dehydroepiandrosterone-sulfate (DHEA-S), serotonin, insulin-like growth factor, erythrocyte sedimentation rate, high sensitivity C-reactive protein, and natural killer cell activity, and results from a questionnaire on mood, cognition, and quality of life. Results: The use of the massage chair was associated with a decreasing trend in serum cortisol levels at 1 p.m. (-2.68 ug/dL, p = 0.059). Serum DHEA-S levels significantly decreased with the intervention (-9.66 ug/dL, p = 0.003). In addition, the perceived rate of depression and health status considerably improved following the intervention. Conclusions: Chronic stress in adults could be effectively managed using a massage chair. © 2022 Elsevier B.V., All rights reserved.","Cortisol; Massage Chair; Stress Hormone; Alanine Aminotransferase; C Reactive Protein; Creatinine; Gamma Interferon; Hemoglobin; Hydrocortisone; Prasterone Sulfate; Serotonin; Somatomedin C; Qtrap 5500; Alanine Aminotransferase; Albumin; C Reactive Protein; Creatinine; Gamma Interferon; Hemoglobin; Hydrocortisone; Prasterone Sulfate; Serotonin; Somatomedin; Somatomedin C; Adult; Aged; Anthropometry; Anxiety; Article; Body Mass; Body Weight; Charlson Comorbidity Index; Chronic Stress; Clinical Outcome; Cognition; Controlled Study; Depression; Diastolic Blood Pressure; Enzyme Linked Immunosorbent Assay; Erythrocyte Sedimentation Rate; European Quality Of Life 5 Dimensions Questionnaire; Exercise; Female; Geriatric Depression Scale; High Performance Liquid Chromatography; Human; Intention To Treat Analysis; Leukocyte Count; Lifestyle Modification; Liquid Chromatography-mass Spectrometry; Major Clinical Study; Male; Mental Health; Mental Performance; Mini Mental State Examination; Mood; Natural Killer Cell; Patient-reported Outcome; Pilot Study; Quality Of Life; Questionnaire; Radioimmunoassay; Randomized Controlled Trial; Systolic Blood Pressure; Visual Analog Scale; Affect; Massage; Mental Stress; Middle Aged; Procedures; Therapy; Adult; Affect; Aged; Cognition; Humans; Massage; Middle Aged; Pilot Projects; Quality Of Life; Stress, Psychological"
"Inter-individual response differences on resting blood pressure as a result of qigong in adults: An ancillary meta-analysis of randomized trials","2022","Complementary Therapies in Medicine","10.1016/j.ctim.2022.102818","https://www.scopus.com/inward/record.uri?eid=2-s2.0-85127049794&doi=10.1016%2Fj.ctim.2022.102818&partnerID=40&md5=c8562989a5dc900b0198d2ef72a214b8","Objective: Conduct an ancillary meta-analysis to determine whether true inter-individual response differences (IIRD) exist with respect to the effects of qigong on resting systolic blood pressure (SBP) and diastolic blood pressure (DBP) in adults. Methods: Data from a meta-analysis representing 370 participants (181 qigong, 189 control) from 7 randomized trials on qigong and resting SBP and DBP in men and women were included. Qigong and control group change outcome standard deviations treated as point estimates for both resting SBP and DBP were used to calculate true IIRD from each study. The inverse variance heterogeneity (IVhet) model was used to pool results. Results: For participants with essential hypertension, statistically significant and clinically important reductions in resting SBP (X̅, −18.2 mmHg, 95% CI, −21.3 to −15.2 mmHg) and DBP (X̅, −11.7 mmHg, 95% CI, −17.0 to −6.3 mmHg) were found. However, true IIRD were neither significant nor clinically important for either SBP (X̅, −6.0 mmHg, 95% CI, −9.1 to 3.5 mmHg) or DBP (X̅, 2.8 mmHg, 95% CI, −3.4 to 5.2 mmHg). The 95% prediction interval for true IIRD was − 11.9 to 8.4 mmHg for SBP and − 5.8 to 7.0 mmHg for DBP. Conclusions: While qigong is associated with reductions in resting SBP and DBP in adults with essential hypertension, a lack of true IIRD exists, suggesting that other external factors are responsible for any variation. © 2022 Elsevier B.V., All rights reserved.","Adults; Blood Pressure; Meta-analysis; Qigong; Blood Pressure Measurement; Diastolic Blood Pressure; Essential Hypertension; Human; Qigong; Review; Systolic Blood Pressure; Treatment Outcome; Treatment Response; Adult; Blood Pressure; Female; Hypertension; Male; Meta Analysis; Randomized Controlled Trial (topic); Rest; Adult; Blood Pressure; Female; Humans; Hypertension; Male; Qigong; Randomized Controlled Trials As Topic; Rest"
"Effect of supplementation with Chlorella vulgaris on lipid profile in adults: A systematic review and dose-response meta-analysis of randomized controlled trials","2022","Complementary Therapies in Medicine","10.1016/j.ctim.2022.102822","https://www.scopus.com/inward/record.uri?eid=2-s2.0-85126832575&doi=10.1016%2Fj.ctim.2022.102822&partnerID=40&md5=1909848d2657a962cff379c6be34b053","Objective: To summarize available findings on the effect of Chlorella vulgaris supplementation on lipid profile in adults. Design: Systematic review and meta-analysis of randomized controlled trials (RCTs). Setting: This study followed 2020 PRISMA guideline. We performed a systematic search in the online databases to identify relevant articles and then, extracted required data from each paper for the meta-analysis. Random-effects models were used to obtain overall mean difference (MD) comparing Chlorella vulgaris supplementation with a control group. Main outcome measures: Blood lipids including triglyceride (TG), total cholesterol (TC), LDL-C, and HDL-C. Results: In total, 10 RCTs with a total sample size of 539 adults (264 in the Chlorella vulgaris group and 275 in the control group) were included. Of the 10 RCTs, four had a low risk of bias for all aspects of the Cochrane risk of bias tool. Also, only two studies determined the chlorella content, purity, potency, and contamination of the supplements used in the intervention. Combining results from these studies showed a summary MD of −2.11 mg/dL (95% CI: −7.28 to 3.06) for TG, −7.47 mg/dL (95% CI: −12.98 to −1.96) for TC, −7.71 mg/dL (95% CI: −14.05 to −1.37) for LDL-C, and −0.45 mg/dL (95% CI: −0.67 to 1.57) for HDL-C, indicating a beneficial effect of Chlorella vulgaris supplementation on TC and LDL-C levels. Based on the dose-response analysis, the reducing effect of Chlorella vulgaris supplementation on LDL-C levels was seen at the dosages between zero and 1500 mg/d (P for non-linearity= 0.01), whereas in higher amounts, this effect was not significant. Conclusion: We found that Chlorella vulgaris supplementation had a beneficial effect on TC and LDL-C levels with no significant effect on TG and HDL-C levels. © 2022 Elsevier B.V., All rights reserved.","Chlorella Vulgaris; Cholesterol; Lipid Profile; Meta-analysis; Triglyceride; Cholesterol; Lipid; Lipids; Triglycerides; Cholesterol; High Density Lipoprotein Cholesterol; Low Density Lipoprotein Cholesterol; Triacylglycerol; Lipid; Chlorella Vulgaris; Cholesterol Blood Level; Diabetes Mellitus; Dyslipidemia; Human; Hypercholesterolemia; Meta Analysis; Nonalcoholic Fatty Liver; Nonhuman; Obesity; Practice Guideline; Randomized Controlled Trial (topic); Review; Risk Assessment; Sensitivity Analysis; Supplementation; Systematic Review; Triacylglycerol Blood Level; Adult; Dietary Supplement; Adult; Dietary Supplements; Humans; Lipids; Randomized Controlled Trials As Topic; Triglycerides"
"Aquatic exercise and mental health: A scoping review","2022","Complementary Therapies in Medicine","10.1016/j.ctim.2022.102820","https://www.scopus.com/inward/record.uri?eid=2-s2.0-85126134630&doi=10.1016%2Fj.ctim.2022.102820&partnerID=40&md5=3dcda3e187f73d12a0c4ddbf0d241254","Objectives: The aims of this review were to 1) summarise the breadth and types of research regarding the impact of aquatic exercise on mental health completed to date, 2) provide a clear indication of the intervention type, volume, measurement tools used, and populations best served in relation to this activity and its effectiveness and 3) to identify domains within the literature that can be developed so recommendations can be made for future investigations. Method: A scoping review was performed under the PRISMA guidelines. A systematic search of Pubmed, SPORTDiscus, PsycInfo and Google Scholar databases was conducted. Studies observing the effect of aquatic exercises on mental health and related parameters were considered for inclusion. The data from the selected studies were then extracted and analysed methodically. Primary conditions measured: Depression, anxiety, mood, self-esteem, and psychological well-being were the primary mental states for which findings could be clearly extracted. Results: Of the 1635 articles that resulted from the search, 23 articles met all inclusion criteria. Of these, 12 were randomised controlled trials. Cumulatively, the findings of this review trend towards aquatic exercise being effective in generating positive changes in mental health. Conclusion: Aquatic exercise, specifically winter swimming, leisure swimming, competitive swimming and aquatic aerobics, can be a promising conservative therapy for mental health management. However, it is recommended that further research be conducted to solidify these findings and establish the long-term effects of this intervention on mental health. © 2023 Elsevier B.V., All rights reserved.","Anxiety; Aquatic Exercise; Depression; Mental Health; Mood; Scoping Review; Self-esteem; Swimming; Well-being; Anxiety; Aquatic Exercise; Depression; Human; Mental Health; Mood; Psychological Well-being; Review; Risk Factor; Self Esteem; Swimming; Exercise; Self Concept; Therapy; Anxiety; Exercise; Humans; Mental Health; Self Concept"
"Effects of Auriculotherapy on treatment of women with premenstrual syndrome symptoms: A randomized, placebo-controlled clinical trial","2022","Complementary Therapies in Medicine","10.1016/j.ctim.2022.102816","https://www.scopus.com/inward/record.uri?eid=2-s2.0-85126071818&doi=10.1016%2Fj.ctim.2022.102816&partnerID=40&md5=a02d61bce8dd558dc4df4e90b9b1a59a","Objective: This study aimed to investigate the effect of auriculotherapy on the intensity of physical and mood Premenstrual syndrome (PMS) symptoms. Design: Single-blind randomized, placebo-controlled clinical trial. Setting: Federal University of Parana, Curitiba, Brazil. Intervention: Ninety-one women were randomly assigned to Auriculotherapy (AG), Placebo (PG), and Control (CG) groups. The intervention was 8 weeks long, done once per week. At each session in AG the microneedles were placed in seven points related to PMS symptoms (Anxiety; Endocrine; Muscle relaxation; Analgesia; Kidney; Shen Men; and Sympathetic). At PG the microneedles also were placed in seven points but unrelated to PMS symptoms (Tonsils; Vocal cords; Teeth; Eyes; Allergy; Mouth; and External nose). Main outcome measures: Assessments of PMS symptoms (Premenstrual Syndrome Screening Tool), musculoskeletal pain (Nordic Musculoskeletal Questionnaire), anxiety (Beck Anxiety Inventory), and quality of life (WHOQOL-Bref) were done at baseline, before the 5th session, after program completion, and a month follow-up. Results: The AG and PG showed significantly lower scores of PMS symptoms, musculoskeletal pain, and anxiety. On the quality of life and follow-up analysis, the significance was observed only in PG. Conclusion: Auriculotherapy can be used as adjunctive therapy to reduce the physical and mood PMS symptoms. © 2023 Elsevier B.V., All rights reserved.","Ear Acupuncture; Pain Management; Physical Therapy Modalities; Placebo Effect; Premenstrual Dysphoric Disorder; Women's Health Services; Acupuncture Point; Adult; Age Distribution; Anxiety Disorder; Article; Auricular Acupuncture; Beck Anxiety Inventory; Controlled Study; Endocrine Disease; Female; Follow Up; Human; Major Clinical Study; Marriage; Menarche; Menstrual Cycle; Muscle Relaxation; Nordic Musculoskeletal Questionnaire; Premenstrual Syndrome; Premenstrual Syndrome Screening Tool; Race Difference; Randomized Controlled Trial; Screening Test; Single Blind Procedure; Treatment Duration; Whoqol-bref; Acupuncture; Double Blind Procedure; Quality Of Life; Auriculotherapy; Double-blind Method; Female; Humans; Premenstrual Syndrome; Quality Of Life; Single-blind Method"
"Academic-industry partnership advancing cannabis science: A Complementary Care Practice-Based Research Network","2022","Complementary Therapies in Medicine","10.1016/j.ctim.2022.102821","https://www.scopus.com/inward/record.uri?eid=2-s2.0-85125840773&doi=10.1016%2Fj.ctim.2022.102821&partnerID=40&md5=8be70ebd6507790b05b9c207f14b365a","Objectives: Data collected during routine care holds the potential to support hypothesis generation, study feasibility, and provide insight regarding how to address problems under real world conditions. Currently there are no practice-based research networks in Florida that focus on complementary care in general or medical marijuana specifically. Through an academic-industry partnership, we sought to develop a practice-based research network focused on cannabis science and create a de-identified database for analyses that support hypothesis generation, study feasibility estimation, and a network that also facilitates recruitment into future research studies. Design: The Complementary Care Practice-Based Research Network (CC-PBRN) is a centralized repository, which contains electronic health records (EHR) from a private medical cannabis health system in the state of Florida. Results: This paper provides cross-sectional descriptive analyses of the CC-PBRN's 43,802 currently active patients. There are 24 clinics in the network with nine in North Florida, 11 in Central Florida, and 4 in South Florida. Conclusion: This network serves as a statewide resource for patient-reported outcomes (PRO) research in medical marijuana. The network currently has numerous outpatient practices with thousands of patients that are a potential source of research participants for both observational studies as well as traditional clinical trials. The outpatient clinical practices can also serve as units of analysis for pragmatic trials comparing different care protocols and organizational structure. © 2022 Elsevier B.V., All rights reserved.","Cannabis Science; Complementary Care; Practice-based Research Network; Cannabis; Medical Marijuana; Medical Cannabis; Cannabis; Article; Complementary Care Practice Based Research Network; Data Base; Electronic Health Record; Florida; Health Care; Health Care Organization; Human; Malignant Neoplasm; Patient-reported Outcome; Posttraumatic Stress Disorder; Science; Cross-sectional Study; Factual Database; Cannabis; Cross-sectional Studies; Databases, Factual; Electronic Health Records; Humans; Medical Marijuana"
"Role of resveratrol supplementation in regulation of glucose hemostasis, inflammation and oxidative stress in patients with diabetes mellitus type 2: A randomized, placebo-controlled trial","2022","Complementary Therapies in Medicine","10.1016/j.ctim.2022.102819","https://www.scopus.com/inward/record.uri?eid=2-s2.0-85125664595&doi=10.1016%2Fj.ctim.2022.102819&partnerID=40&md5=ca302ef1b0c5dbcfc70715bf419006f8","Objective: The objective was to determine the effects of resveratrol supplementation on glucose homeostasis, oxidative stress, inflammation and microRNAs expression in patients with diabetes mellitus type 2 on oral hypoglycemic drugs. Method: This was a randomized, double blinded placebo-controlled parallel group trial. The diabetic patients (n = 110) were randomly assigned either to resveratrol (n = 55) and placebo (55) groups after informed consent and given once daily resveratrol 200 mg and cellulose capsules respectively for 24 weeks. Fasting glucose, insulin, HbA1c, lipid profile, TNF- α, IL-6, hs-CRP, MDA & circulatory microRNAs were measured at start and end of 24- week intervention. Results: Out of 110 patients recruited, 94 patients completed the study comprising of 45 in resveratrol and 46 in placebo group. The resveratrol supplementation after 24 weeks was resulted in significant reduction [mean difference (95%CI)] of plasma glucose[− 0.50(−0.94 to −0.06)], insulin[− 1.31(−2.24 to −0.38)], homeostatic model assessment of insulin resistance[− 0.83(−1.37 to −0.29)], malondialdehyde[− 0.36(−0.61 to −0.11)], high sensitive-C-reactive protein[− 0.35(−0.70 to −0.01)], tumor necrosis factor-alpha[− 1.25(−1.90 to −0.61)] and interleukin-6[− 1.99(−3.29 to −0.69)]. More than two-fold down regulation in miRNA-34a, miRNA-375, miRNA-21, miRNA-192 and up regulation in miRNA-126 and miRNA-132 expression was noted in patients receiving resveratrol as compared to placebo. No side effects were reported during the trial. Conclusion: Resveratrol supplementation contributes in improvement of glycemic control by reducing insulin resistance. It has significant beneficial impact on chronic inflammation, oxidative stress and associated microRNA expression in diabetic patients. Thus, supplementation of resveratrol along with oral hypoglycemic agents may be useful in the reduction of diabetic associated complications. © 2023 Elsevier B.V., All rights reserved.","Inflammation; Micrornas; Oxidative Stress; Resveratrol; Type-2 Diabetes Mellitus; C Reactive Protein; Glucose; Hemoglobin A1c; Insulin; Malonaldehyde; Resveratrol; Biomarkers; Blood Glucose; Glucose; Micrornas; Mirn126 Microrna, Human; Mirn192 Microrna, Human; Resveratrol; Antidiabetic Agent; C Reactive Protein; Glucose; Hemoglobin A1c; Insulin; Interleukin 6; Malonaldehyde; Microrna; Microrna 192; Microrna 21; Microrna 375; Placebo; Resveratrol; Tumor Necrosis Factor; Biological Marker; Mirn126 Microrna, Human; Mirn192 Microrna, Human; Adult; Aged; Article; Controlled Study; Double Blind Procedure; Down Regulation; Female; Hemostasis; Homeostasis Model Assessment; Human; Insulin Resistance; Lipid Analysis; Major Clinical Study; Male; Non Insulin Dependent Diabetes Mellitus; Oxidative Stress; Randomized Controlled Trial; Upregulation; Dietary Supplement; Glucose Blood Level; Inflammation; Metabolism; Biomarkers; Blood Glucose; Diabetes Mellitus, Type 2; Dietary Supplements; Double-blind Method; Glucose; Hemostasis; Humans; Inflammation; Insulin Resistance; Micrornas; Oxidative Stress; Resveratrol"
"Effects of yoga and aerobic exercise on wellbeing in physically inactive older adults: Randomized controlled trial (FitForAge)","2022","Complementary Therapies in Medicine","10.1016/j.ctim.2022.102815","https://www.scopus.com/inward/record.uri?eid=2-s2.0-85124567700&doi=10.1016%2Fj.ctim.2022.102815&partnerID=40&md5=7437f25506a41960a5e8125e1805e3b2","Objective: To compare the effects of yoga and aerobic exercise (AE) on wellbeing in physically inactive, but otherwise healthy older adults. A secondary objective was to assess and compare the frequency of adverse events associated with yoga and AE. Design: Twelve-week, three-group, parallel randomized controlled trial with blinded follow-up assessment. Interventions: Participants were supported to complete ≥ 3 Hatha yoga classes/week or ≥ 3 AE sessions/week. A wait-list control (WLC) group continued usual daily activities. Main outcome measure: Change in wellbeing, assessed using the Satisfaction with Life Scale (SWLS) and Life Satisfaction Index-Z (LSI),at baseline and at 12-week follow up. Results: In total, 82 adults (mean age 72.5 years, range 65–85, 77% female) were recruited. Of these, 27 were randomized to yoga, 29 to aerobic exercise and 26 to wait-list control. Medium-magnitude treatment effects (Hedges’ g) were seen for yoga versus WLC and AE versus WLC(SWLS, g = 0.65 and 0.56; LSI, g = 0.54 and 0.54, respectively). In per-protocol analyses, larger effect sizes were found (SWLS, g = 0.72 and 0.66; LSI, g = 0.76 and 0.76, respectively). Adverse events were less frequent in the yoga group (6/27; 22%) compared to AE (10/27; 37%). Conclusions: Among physically inactive older adults, participation in yoga or AE was associated with beneficial effects on subjective wellbeing when compared to a non-active control group. Yoga was associated with fewer injuries and may be especially suitable for older adults (DRKS 00015093). © 2022 Elsevier B.V., All rights reserved.","Aerobic Exercise; Mental Health; Older Adults; Stress; Wellbeing; Yoga; Aerobic Exercise; Aged; Article; Clinical Effectiveness; Clinical Protocol; Controlled Study; Daily Life Activity; Female; Follow Up; Human; Life Satisfaction Index; Major Clinical Study; Male; Outcome Assessment; Physical Inactivity; Psychological Wellbeing Assessment; Randomized Controlled Trial; Satisfaction With Life Scale; Sensitivity Analysis; Therapy Effect; Wellbeing; Yoga; Exercise; Health Status; Kinesiotherapy; Procedures; Quality Of Life; Very Elderly; Aged; Aged, 80 And Over; Exercise; Exercise Therapy; Female; Health Status; Humans; Male; Quality Of Life; Sedentary Behavior; Yoga"
"AYUSH-64 as an adjunct to standard care in mild to moderate COVID-19: An open-label randomized controlled trial in Chandigarh, India","2022","Complementary Therapies in Medicine","10.1016/j.ctim.2022.102814","https://www.scopus.com/inward/record.uri?eid=2-s2.0-85124264552&doi=10.1016%2Fj.ctim.2022.102814&partnerID=40&md5=871ec831b40b836a3ba0a2dc480b678b","Objective: To determine the therapeutic efficacy and safety of AYUSH-64 as an add-on to standard care in mild to moderate COVID-19. Design setting, and interventions: This open-label randomized controlled parallel-group trial was conducted at a designated COVID care centre in India in 80 patients diagnosed with mild to moderate COVID-19 and randomized into two groups. Participants in the AYUSH-64 add-on group (AG) received AYUSH-64 two tablets (500 mg each) three times a day for 30 days along with standard conventional care. The control group (CG) received standard care alone. Main outcome measures: Proportion of participants who attained clinical recovery on day 7, 15, 23 and 30, proportion of participants with negative RT-PCR assay for COVID-19 at each weekly time point, change in pro-inflammatory markers, metabolic functions, HRCT chest (CO-RADS category) and incidence of Adverse Drug Reaction (ADR)/Adverse Event (AE). Results: Out of 80 participants, 74 (37 in each group) contributed to the final analysis. Significant difference was observed in clinical recovery in the AG (p < 0.001 ) compared to CG. Mean duration for clinical recovery in AG (5.8 ± 2.67 days) was significantly less compared to CG (10.0 ± 4.06 days). Significant improvement in HRCT chest was observed in AG (p = 0.031) unlike in CG (p = 0.210). No ADR/SAE was observed or reported in AG. Conclusions: AYUSH-64 as adjunct to standard care is safe and effective in hastening clinical recovery in mild to moderate COVID-19. The efficacy may be further validated by larger multi-center double-blind trials. © 2022 Elsevier B.V., All rights reserved.","Ayurveda; Covid-19; Integrative Medicine; Pandemic; Viral Disease; Alkaline Phosphatase; Ascorbic Acid; Azithromycin; Bilirubin; Bilirubin Glucuronide; C Reactive Protein; Cetirizine; Creatinine; Ferritin; Nitrogen; Paracetamol; Urea; Uric Acid; Ayush 64; Plant Extracts; Ayush 64; Albumin; Alkaline Phosphatase; Antivirus Agent; Ascorbic Acid; Ayurvedic Drug; Ayush 64; Azithromycin; Bilirubin; Bilirubin Glucuronide; Biological Marker; C Reactive Protein; Cetirizine; Creatinine; D Dimer; Ferritin; Globulin; Interleukin 6; Nitrogen; Paracetamol; Unclassified Drug; Urea; Uric Acid; Ayush 64; Plant Extract; Adult; Adverse Drug Reaction; Albumin Blood Level; Alkaline Phosphatase Blood Level; Antiviral Activity; Article; Bilirubin Blood Level; Computer Assisted Tomography; Controlled Study; Coronavirus Disease 2019; Creatinine Blood Level; Disease Severity; Drug Efficacy; Drug Safety; Female; Ferritin Blood Level; Globulin Blood Level; Human; India; Major Clinical Study; Male; Randomized Controlled Trial; Thorax Radiography; Treatment Duration; Urea Nitrogen Blood Level; Uric Acid Blood Level; Double Blind Procedure; Drug Therapy; Treatment Outcome; Covid-19; Double-blind Method; Humans; Plant Extracts; Sars-cov-2; Treatment Outcome"
"The effects of add-on therapy of Phyllanthus Emblica (Amla) on laboratory confirmed COVID-19 Cases: A randomized, double-blind, controlled trial","2022","Complementary Therapies in Medicine","10.1016/j.ctim.2022.102808","https://www.scopus.com/inward/record.uri?eid=2-s2.0-85124283225&doi=10.1016%2Fj.ctim.2022.102808&partnerID=40&md5=3cf3cdb90bfe1af69da2878e8caf8d82","Objective: This randomized, double-blind, controlled trial (RCT) aimed to evaluate the effect of Phyllanthus Emblica (Amla) as an add-on therapy on COVID-19_ related biomarkers and clinical outcomes in COVID-19 patients. Methods: In this RCT, sixty-one patients were randomly assigned into two arms [the intervention (n=31) and control arms (n=30)]. The effect of Amla on diagnostic Reverse-transcription Polymerase Chain Reaction (RT-PCR) test results between the first and the last days of the study, the length of stay (LOS) in hospital, the percentage of lung involvement on CT scans, changes in the clinical symptoms, and the laboratory markers were assessed. Results: The two study groups had similar baseline demographics and characteristics in terms of medical history. The mean of LOS in the intervention arm (4.44 days) was significantly shorter than in the control arm (7.18 days, P < 0.001); RT-PCR results were not significantly different between the two arms (P = 0.07). All clinical variables decreased over time in the two groups (P < 0.001). However, the difference between the two groups in terms of fever (P = 0.004), severity of cough (P = 0.001), shortness of breath (P = 0.004), and myalgia (P = 0.005) were significant, but this intergroup comparison was not significant with regard to respiratory rate (P = 0.29), severity of chills (P = 0.06), sore throat (P = 0.22), and weakness (P = 0.12). Out of the eight evaluated para-clinical variables, three variables showed significant improvement in the intervention arm, including the mean increase in oxygen saturation (SpO2) level (P < 0.001), the reduction in the mean percentage of lung involvement on CT (P < 0.001), and the improvement in C-reactive protein test results (P < 0.001). Conclusion: Organic herbal Amla tea cannot significantly affect the RT-PCR results and or degree of lung involvement. Nevertheless, it showed an ameliorative effect on the severity of clinical signs and CRP levels. Also, Amla tea may shorten the recovery times of symptoms and LOS in COVID-19 patients. © 2022 Elsevier B.V., All rights reserved.","Covid-19; Phyllanthus Emblica; C Reactive Protein; Hydroxychloroquine Sulfate; Lopinavir Plus Ritonavir; C Reactive Protein; Emblica Officinalis Extract; Hydroxychloroquine Sulfate; Lopinavir Plus Ritonavir; Add On Therapy; Adult; Article; Breathing Rate; Chill; Clinical Outcome; Comparative Study; Computer Assisted Tomography; Controlled Study; Coronavirus Disease 2019; Coughing; Demography; Disease Course; Disease Severity; Double Blind Procedure; Drug Efficacy; Dyspnea; Female; Fever; Human; Laboratory Test; Length Of Stay; Major Clinical Study; Male; Medical History; Middle Aged; Myalgia; Oxygen Saturation; Pilot Study; Randomized Controlled Trial; Reverse Transcription Polymerase Chain Reaction; Weakness; Laboratory; Phyllanthus Emblica; Treatment Outcome; Covid-19; Double-blind Method; Humans; Laboratories; Sars-cov-2; Treatment Outcome"
"A pilot observational study of recreational trail riding for Veterans with addictive disorders","2022","Complementary Therapies in Medicine","10.1016/j.ctim.2022.102813","https://www.scopus.com/inward/record.uri?eid=2-s2.0-85124180315&doi=10.1016%2Fj.ctim.2022.102813&partnerID=40&md5=f8f70d3f3def03d76abe5316b1783889","Objectives: The aim of study was to assess the safety, feasibility, and preliminary outcomes of recreational trail riding for Veterans with addictive disorders. Design: This was an observational pilot study. Setting: United States Veterans Health Care Administration Medical Center. Participants were 18 Veterans, 13 males and 5 females All had at least one addictive disorder, with most common being alcohol use disorder. Intervention: A recreational trail ride of approximately two hours duration. Main outcome measures: Assessment of safety and pre- and post-intervention instruments, The State-Trait Anxiety Inventory, Craving Experience Questionnaire, Positive and Negative Affect Scale and Conner-Davidson Resilience Scale were utilized to assess changes in anxiety, craving, affect, and resilience, respectively. Results: The intervention was feasible to utilize for the population studied. In addition, it was possible to conduct the rides in such a way as to minimize risk to participants and there were no serious adverse outcomes to patients, staff, or equines. However, there was one incident that had potential to cause injury. There were significant pre- to post-intervention decreases in anxiety, negative affect and craving as well as increased positive affect. There was not a statistically significant increase in resilience. Conclusions: These results indicate that recreational trail riding is, at least in some settings, feasible to utilize for this population. The safety assessment indicated that this intervention can be conducted in a manner such that risk can be mitigated. However, trail riding is a dangerous activity that can result in serious injury or death to participants. Thus, such activities should only be considered by programs that have the ability to implement stringent safety protocols. Preliminary outcomes suggest that this intervention has the potential to be beneficial to for Veterans with addictive disorders. Additional, more rigorous randomized, controlled studies are warranted. © 2022 Elsevier B.V., All rights reserved.","Addictive Disorders; Equine-assisted Services; Equines; Psychiatric Disorders; Recreational Riding; Veterans; Addiction; Adult; Affect; Aged; Alcoholism; Anxiety Disorder; Article; Behavior Assessment; Clinical Article; Connor Davidson Resilience Scale; Craving; Craving Experience Questionnaire; Feasibility Study; Female; Human; Injury; Knee Pain; Male; Mitigation; Observational Study; Outcome Assessment; Patient Safety; Pilot Study; Positive And Negative Affect Schedule; Psychological Resilience; Recreation; Recreational Trail Riding; State Trait Anxiety Inventory; Treatment Duration; Veteran; Animal; Anxiety; Government; Horse; United States; Animals; Anxiety; Anxiety Disorders; Female; Horses; Humans; Male; Pilot Projects; United States Department Of Veterans Affairs; Veterans"
"A feasibility study on low-dose mindfulness-based stress reduction intervention among prediabetes and diabetes patients","2022","Complementary Therapies in Medicine","10.1016/j.ctim.2022.102810","https://www.scopus.com/inward/record.uri?eid=2-s2.0-85123942615&doi=10.1016%2Fj.ctim.2022.102810&partnerID=40&md5=4b0ad48487f029add4aedf65e4db3fef","Objectives: To investigate the feasibility of delivering a low-dose mindfulness-based stress reduction (MBSR) intervention among prediabetes/diabetes patients in a clinical setting. Design and setting: This was a single-arm, mixed methods, feasibility study among prediabetes/diabetes patients at a healthcare center in United States. Intervention: The low-dose MBSR intervention was delivered in group format over 4 waves and each wave comprised 8–10 h of 8 sessions over 6–8 weeks. Main outcome measures: We evaluated recruitment, adherence, and attrition rates, participants’ satisfaction, motivation and barriers of low-dose MBSR. Psychological, behavioral, and physical measures were compared between pre- and post-intervention. Results: We enrolled 19 participants of 34 eligible individuals with a recruitment rate of 55.9%. Among 19 enrolled participants, 4 dropped out after baseline data collection and did not attend any session and 1 attended one session but did not finish post-intervention data collection, resulting in an attrition rate of 26.3%. Among 15 participants attending at least one session, 46.7% attended all sessions and 80.0% attended at least 5 sessions. Qualitative analysis among 11 participants indicated that 90.9% had positive overall experience with the intervention. Compared to pre-intervention, there was a significant reduction in depression score (mean reduction = 5.04, SD = 7.66, p = 0.02), a higher proportion of engaging in flexibility exercises (42.86% vs. 85.71%, p = 0.01) and a lower level of glycosylated hemoglobin (HbA1c) (mean reduction = 1.43%, SD = 2.54%, p = 0.03) at post-intervention. Conclusions: Delivering a low-dose MBSR intervention to prediabetes/diabetes patients in a primary care setting is feasible. Future studies with randomized controlled design and larger sample are warranted. © 2022 Elsevier B.V., All rights reserved.","Diabetes; Feasibility; Low-dose Mindfulness Intervention; Hemoglobin A1c; Glycosylated Hemoglobin; Glycated Hemoglobin A; Hemoglobin A1c; Glycosylated Hemoglobin; Adult; Article; Clinical Article; Clinical Evaluation; Depression; Diabetes Mellitus; Feasibility Study; Female; Glycemic Control; Hemoglobin Blood Level; Human; Impaired Glucose Tolerance; Intervention Study; Male; Mindfulness-based Stress Reduction; Motivation; Outcome Assessment; Patient Satisfaction; Personal Experience; Physical Capacity; Psychological Aspect; Qualitative Analysis; Treatment Planning; United States; Mental Stress; Mindfulness; Procedures; Feasibility Studies; Glycated Hemoglobin A; Humans; Mindfulness; Prediabetic State; Stress, Psychological"
"Comparative effect of walking meditation and rubber-band exercise on ankle proprioception and balance performance among persons with chronic ankle instability: A randomized controlled trial","2022","Complementary Therapies in Medicine","10.1016/j.ctim.2022.102807","https://www.scopus.com/inward/record.uri?eid=2-s2.0-85123885266&doi=10.1016%2Fj.ctim.2022.102807&partnerID=40&md5=42464970e559090b8ca600c48261f7a9","Background: Ankle proprioception and balance impairments are usual consequences of chronic ankle instability (CAI). The impairments affect functional and sport activities and can lead to recurrent ankle sprain. Mind-body practice is claimed to improve ankle proprioception and balance. Objective: To investigate the effects of walking meditation, a mind-body practice, and compare it with the rubber-band exercise on ankle proprioception and balance among individuals with CAI. Study design: A randomized controlled trial. Methods: Thirty-two participants with CAI aged 20.3 ± 1.8 years were randomized into three groups; 1) walking meditation (WM, n = 10), 2) Rubber-band exercise (RE, n = 11) and 3) control (n = 11). WM and RE were enrolled on a 4-week training regimen (30 min/day, 3 days/week). Before and after the training, ankle proprioception was evaluated by angular error of the ankle reposition test (AEA) at three positions, randomly, i.e., plantarflexion-5°, plantarflexion-10° and dorsiflexion-5°. Balance performance was assessed by the star excursion balance test (SEBT). Results: As adjusted by pre-training baseline, no significant difference in AEA and SEBT was found among three groups. However, after training, only the WM group revealed a significant decrease in AEA at plantarflexion-5° (p = 0.007) and plantarflexion-10° (p = 0.04) compared to the baseline. For SEBT, the WM and RE groups showed significant improvements compared to the baseline in 4 directions each (p < 0.05), while the control group improved only 2 directions (p < 0.05). Conclusions: WM and RE groups significantly improved SEBT after 4-week training when compared to before training. Additionally, WM group also improved ankle proprioception. Therefore, WM demonstrates feasibility as a promising intervention that could be applied for balance and ankle proprioceptive rehabilitations in persons with CAI. © 2022 Elsevier B.V., All rights reserved.","Ankle Instability; Balance; Elastic Band Exercise; Joint Sense; Walking Meditation; Rubber; Rubber; Adult; Age; Ankle Instability; Ankle Plantarflexion Angle; Article; Body Equilibrium; Body Mass; Chronic Disease; Clinical Article; Clinical Assessment; Clinical Evaluation; Clinical Feature; Comparative Effectiveness; Comparative Study; Controlled Study; Exercise; Exercise Intensity; Female; Gender; Human; Male; Outcome Assessment; Proprioception; Randomized Controlled Trial; Range Of Motion; Rubber Band Exercise; Star Excursion Balance Test; Walking; Walking Meditation; Adolescent; Ankle; Meditation; Young Adult; Rubber; Adolescent; Adult; Ankle; Chronic Disease; Humans; Meditation; Postural Balance; Proprioception; Rubber; Walking; Young Adult"
"Complementary medicine use in US adults with hypertension: A nationally representative survey","2022","Complementary Therapies in Medicine","10.1016/j.ctim.2022.102812","https://www.scopus.com/inward/record.uri?eid=2-s2.0-85123832814&doi=10.1016%2Fj.ctim.2022.102812&partnerID=40&md5=9debe379df7a15cc3c21e77d7bf0a363","Objectives: As well as associated cardiovascular diseases (CVD) like heart attacks, stroke, or others, arterial hypertension shows rising incidence throughout the last decades. The risk of developing an elevated blood pressure is mostly based on environmental and behavioral factors. Therefore, guidelines usually base a first-line therapy on lifestyle modifications. Complementary medicine (CM) offers a wide range of therapies to support such and CM utilization is common among CVD. We sought to analyze CM utilization among participants particularly suffering from arterial hypertension and aimed to distinguish utilization rates of different therapy approaches and predicting factors on this part of health behavior. Design and setting: This cross-sectional analysis was based on data of the 2017 National Health Interview survey (NHIS, n = 26,742; response rate 80,7%), performed among the US population. Main outcome measures and results: Within the last 12 months, 22.7% of participants reported to suffer from arterial hypertension and they were less likely to have used CM (26.8% with versus 32.5% without hypertension). Consulting a homeopath or using mind-body-medicine was more common among participants without the diagnosis, while equal proportions had consulted a chiropractor, a naturopath, a practitioner of traditional medicine, or a practitioner of chelation therapy. Regarding mind-body medicine (MBM), individuals with hypertension most often used spiritual meditation (10.6%), yoga (5.7%), mindfulness meditation (3.2%), progressive relaxation (3.1%), mantra meditation (2.4%), guided imagery (1.9%), tai chi (1.5%), and qi gong (0.4%). CM use in individuals with hypertension was associated with female sex, higher education, and/or living in the Western or Midwest USA. Conclusion: Participants with arterial hypertension were less likely to utilize CM therapies than those without. Regarding prevention and therapy of the disease, especially MBM therapies show promising results but further research and better information for the general population is needed. © 2022 Elsevier B.V., All rights reserved.","Arterial Hypertension; Cardiovascular Diseases; Complementary Medicine; Mind-body-medicine; Mindfulness; Adult; Alternative Medicine; Article; Controlled Study; Cross-sectional Study; Educational Status; Employment Status; Ethnicity; Female; Guided Imagery; Health Behavior; Health Survey; Human; Hypertension; Leisure; Lifestyle Modification; Major Clinical Study; Male; Mantra Meditation; Meditation; Mindfulness Meditation; Outcome Assessment; Prediction; Qigong; Sex; Spiritual Meditation; Tai Chi; United States; Procedures; Yoga; Adult; Complementary Therapies; Cross-sectional Studies; Female; Humans; Hypertension; Meditation; Yoga"
"Efficacy of Liuzijue Qigong in patients with chronic obstructive pulmonary disease: A systematic review and meta-analysis","2022","Complementary Therapies in Medicine","10.1016/j.ctim.2022.102809","https://www.scopus.com/inward/record.uri?eid=2-s2.0-85123827711&doi=10.1016%2Fj.ctim.2022.102809&partnerID=40&md5=9c05702f9532d44346a1276e765753b5","Background: Liuzijue is a traditional Qigong exercise that is commonly performed in China. However, the treatment effects of Liuzijue Qigong are controversial. The aim of this systematic review was to evaluate the efficacy of Liuzijue Qigong in patients with chronic obstructive pulmonary disease (COPD). Methods: Randomised controlled trials were identified by searching several English and Chinese databases from inception to August 8, 2020. Study selection and data extraction were independently performed by two investigators. Data synthesis and analysis were carried out with Review Manager software 5.2. Quality assessment for each study was based on the modified Jadad scale. Results: Forty studies with 3137 participants were included. Significant improvements were observed in the following outcomes (mean difference, 95% confidence interval): forced expiratory volume in 1 s (0.17, 0.09–0.25) and its percent predicted normal value (6.04, 3.43–8.65), forced expiratory volume in 1 s to forced volume capacity ratio (6.95, 3.06–10.83), 6-min walking distance (33.06, 23.73–42.38), 30-s sit-to-stand test (2.65, 0.98–4.32), COPD assessment test score (− 2.04, − 2.77 to − 1.30), modified Medical Research Council dyspnea scale (− 0.34, − 0.48 to − 0.20), Medical Research Council dyspnea scale (− 0.37, − 0.57 to − 0.18), Traditional Chinese Medicine syndrome score (− 1.85, − 2.86 to − 0.85), Hamilton Anxiety Scale (− 2.31, − 3.04 to − 1.59), Hamilton Depression Scale (− 2.08, − 2.45 to − 1.71) and St. George's Respiratory Questionnaire (− 6.94, − 9.20 to − 4.67). Conclusions: Liuzijue Qigong may be an effective adjuvant therapy for the improvement of lung function, exercise capacity, health status, mental status and quality of life in patients with COPD. © 2022 Elsevier B.V., All rights reserved.","Chronic Obstructive Pulmonary Disease; Liuzijue; Meta-analysis; Qigong; Chinese Medicinal Formula; Liuzijue Qigong; Unclassified Drug; Chronic Obstructive Lung Disease; Copd Assessment Test Score; Drug Efficacy; Effect Size; Forced Expiratory Volume; Forced Vital Capacity; Hamilton Depression Rating Scale; Human; Medical Research Council Dyspnea Scale; Meta Analysis; Prediction; Quality Control; Quality Of Life; Randomized Controlled Trial (topic); Review; Scoring System; Six Minute Walk Test; St. George Respiratory Questionnaire; Systematic Review; Traditional Chinese Medicine Syndrome Score; Traditional Medicine; Treatment Outcome; Lung Function Test; Qigong; Forced Expiratory Volume; Humans; Pulmonary Disease, Chronic Obstructive; Qigong; Quality Of Life; Respiratory Function Tests"
"Systematic review and meta-analyses on the effects of whole-body vibration on bone health","2022","Complementary Therapies in Medicine","10.1016/j.ctim.2022.102811","https://www.scopus.com/inward/record.uri?eid=2-s2.0-85123824900&doi=10.1016%2Fj.ctim.2022.102811&partnerID=40&md5=9a62d34366fb7d8bbc9bf7c60376803f","Objective: To determine whole body vibration influence on human bone density and bone biomarkers. Methods: We identified studies in Medline, Web of Science, Cumulative Index of Nursing and Allied Health, SPORTDiscus, Embase and Cochrane from inception to November 2021. Human randomized controlled trials involving commercially available whole body vibration platforms were included. Outcomes included bone density mean difference and serum concentrations of biomarkers (Procollagen type 1 N-terminal Propeptides, Osteocalcin, Bone specific alkaline phosphatase, and C-terminal Telopeptide of type 1 collagen). Random effects model (Hedges’ g effect-size metric and 95% confidence-intervals) compared whole body vibration effect on bone density and bone biomarkers. Moderator analyses assessed health status, age, menopausal status, vibration type, vibration frequency, and study duration influence. Results: Meta-analysis of 30 studies revealed bone density improvement after whole body vibration (Hedges’ g = 0.11; p = 0.05; 95% CI = 0.00, 0.22). Whole body vibration improved bone density in healthy (Hedges’ g = 0.10; p = 0.01; 95% CI = 0.02, 0.17) and postmenopausal women (Hedges’ g = 0.09; p = 0.02; 95% CI = 0.01, 0.18). Bone density also increased following side-alternating whole body vibration intervention (Hedges’ g = 0.21; p = 0.02; 95% CI = 0.04, 0.37). Whole body vibration had no significant effect on either bone formation biomarkers (Hedges’ g = 0.22; p = 0.01; 95% CI = 0.05, 0.40) or bone resorption biomarkers (Hedges’ g = 0.03; p = 0.74; 95% CI = −0.17, 0.23). Conclusion: Whole body vibration may be clinically useful as non-pharmacological/adjunct therapy to mitigate osteoporosis risk in healthy postmenopausal females. Additional studies are needed to determine the underlying mechanisms. © 2022 Elsevier B.V., All rights reserved.","Biomarker; Bone Density; Intervention; Osteoporosis; Rehabilitation; Alkaline Phosphatase; Osteocalcin; Procollagen C Proteinase; Alkaline Phosphatase; Carboxy Terminal Telopeptide; Osteocalcin; Procollagen C Proteinase; Age; Article; Bone Density; Bone Metabolism; Bone Mineral; Clinical Outcome; Confidence Interval; Effect Size; Health Status; Human; Menopause; Meta Analysis; Ossification; Osteolysis; Osteoporosis; Randomized Controlled Trial (topic); Systematic Review; Whole Body Vibration; Female; Physiotherapy; Vibration; Bone Density; Female; Humans; Physical Therapy Modalities; Vibration"
"Hypnotherapy and insomnia: A narrative review of the literature","2022","Complementary Therapies in Medicine","10.1016/j.ctim.2022.102805","https://www.scopus.com/inward/record.uri?eid=2-s2.0-85123697630&doi=10.1016%2Fj.ctim.2022.102805&partnerID=40&md5=ce7261a00160630d788bac4a0d25cf2e","Introduction: Hypnotherapy is increasingly used in general medicine in France to manage health problems such as insomnia. There is some evidence to support the efficacy of hypnosis in treating insomnia but this evidence is based on methodologies of various strengths. This review aims to explore the methodological elements employed in hypnotherapy research to manage insomnia. Method: We performed a narrative review of the literature using systematic review methods focusing on treating insomnia with hypnosis. PubMed, Psycinfo, BASE and Cochrane databases and Google scholar were searched. Results: Overall, 25 studies were included consisting of 10 case studies, 11 randomised, controlled trials and 4 pre and post intervention studies. The study designs, intervention, control and comparators were heterogeneous, as were the hypnosis definitions and techniques. Also, detailed descriptions of the hypnosis techniques were lacking. Most studies used non-quantifiable measurement criteria and sample numbers were too small to show significance or be representative. No double-blind study was found. Conclusion: Our results indicate that the current research concerning the efficacy of hypnosis to relieve insomnia is lacking in key methodological elements. The evaluation research process requires robust methodology. We propose applying the IDEAL framework, which recommends research steps to evaluate non-pharmacological and other complex therapies to evaluate the efficacy of hypnosis to manage insomnia. © 2022 Elsevier B.V., All rights reserved.","Clinical Research; Hypnotherapy; Insomnia; Review; Adult; Clinical Effectiveness; Clinical Research; Human; Hypnosis; Insomnia; Randomized Controlled Trial (topic); Review; Systematic Review; Factual Database; France; Methodology; Procedures; Databases, Factual; Humans; Hypnosis; Research Design; Sleep Initiation And Maintenance Disorders"
"The effect of ginger supplementation on metabolic profiles in patients with type 2 diabetes mellitus: A systematic review and meta-analysis of randomized controlled trials","2022","Complementary Therapies in Medicine","10.1016/j.ctim.2022.102802","https://www.scopus.com/inward/record.uri?eid=2-s2.0-85123450758&doi=10.1016%2Fj.ctim.2022.102802&partnerID=40&md5=b09f90b988d31e91cdc03a415d22858f","Background: There is some evidence regarding the positive effects of ginger supplementation on metabolic profile in patients with type 2 diabetes (T2DM). However, they are conflicting. The present systematic review and meta-analysis aimed to summarize earlier findings for the effect of ginger supplementation on metabolic profile in patients with T2DM. Methods: Scopus, PubMed and Google Scholar databases were systematically searched up until September 2021 to collect all randomized clinical trials that evaluated the effect of ginger supplementation on FBS, HbA<inf>1</inf>c, TC, TG, LDL, HDL, SBP and DBP in patients with T2DM. We conducted our study according to the 2020 PRISMA guidelines. We included only English language publications. Pooled effect sizes were measured using a random-effects model and were reported as the weighted mean difference (WMD) and 95% CI. In addition, the Cochrane Collaboration's risk of bias tool was used to evaluate quality of the trials. Results: In overall, 10 articles were included in this systematic review and meta-analysis. Our pooled meta-analysis indicated a significant reduction in FBS following ginger supplementation by polling 8 effect sizes [weighted mean difference (WMD): − 18.81; 95% CI: − 28.70, − 8.92), I2 = 77.4%] and in HbA<inf>1</inf>C through 7 effect sizes (WMD: −0.57; 95% CI: −0.93, −0.20, I2 =88.6%). Pooling 5 effect sizes, we found a significant reduction in SBP (WMD: −4.20; 95% CI: −7.64, −0.77, I2 =97%) and DBP [WMD: − 1.61; 95% CI: − 3.04, − 0.18), I2 = 93.2%] after supplementation with ginger. However, our pooled meta-analysis indicated that ginger supplementation had no significant influence on lipid profile involving TG, TC, LDL and HDL. Conclusions: We found significant reductions in FBS, HbA<inf>1</inf>C, SBP and DBP after supplementation with ginger in patients with T2DM compared to control group, with no significant changes in serum lipids. Further large RCTs are required to shed light on this issue. © 2022 Elsevier B.V., All rights reserved.","Blood Glucose; Blood Pressure; Dyslipidemias; Ginger; Type 2 Diabetes Mellitus; Cholesterol; Hemoglobin A1c; Cholesterol; Hemoglobin A1c; High Density Lipoprotein; Low Density Lipoprotein; Triacylglycerol; Cholesterol Blood Level; Clinical Effectiveness; Diastolic Blood Pressure; Diet Supplementation; Ginger; Hemoglobin Blood Level; Human; Lipid Fingerprinting; Meta Analysis; Metabolic Fingerprinting; Non Insulin Dependent Diabetes Mellitus; Quality Control; Randomized Controlled Trial (topic); Review; Risk Assessment; Systematic Review; Systolic Blood Pressure; Therapy Effect; Trend Study; Triacylglycerol Blood Level; Dietary Supplement; Metabolome; Diabetes Mellitus, Type 2; Dietary Supplements; Ginger; Humans; Metabolome; Randomized Controlled Trials As Topic"
"Infrared sauna as exercise-mimetic? Physiological responses to infrared sauna vs exercise in healthy women: A randomized controlled crossover trial","2022","Complementary Therapies in Medicine","10.1016/j.ctim.2021.102798","https://www.scopus.com/inward/record.uri?eid=2-s2.0-85123969851&doi=10.1016%2Fj.ctim.2021.102798&partnerID=40&md5=6dff9e07da03e2bcf49fe4baeeb00ea4","Background: Passive heat therapies have been reported to have similar effects on the cardiovascular system as exercise. Studies supporting these findings in healthy populations have predominantly been done with men using warm water immersions or traditional saunas, rather than newer infrared-based saunas. Objective: To explore short-term thermal and cardiovascular responses in women using an infrared sauna as compared to moderate-intensity exercise. Study design: Randomized controlled crossover trial with balanced allocations. Setting: Brisbane, Australia (August 2019 - March 2020) Participants: Ten healthy women (36 ± 9 years) Interventions: 45 min of resting, infrared sauna or indoor bicycling Primary outcome measures: tympanic/skin temperatures; respiratory rate; blood pressure; arterial stiffness; heart rate variability Results: Tympanic temperatures were elevated during infrared sauna as compared to both control (mean diff = +1.05 oC ± SEM 0.12 oC, 95% C.I.: 0.73 – 1.36, p < 0.0005) and exercise (mean diff = +0.79 oC ± SEM 0.12 oC, 95% C.I.: 0.49 – 1.08, p < 0.0005). Respiratory rates were higher during exercise as compared to both control (mean diff = +7.66 ± SEM 1.37, 95% C.I.: 4.09 – 11.23, p < 0.0005) and infrared sauna (mean diff = +6.66 ± SEM 1.33, 95% C.I.: 3.20 – 10.11, p < 0.0005). No significant differences in non-invasive measures of blood pressure, arterial stiffness or heart rate variability were detected between any of the interventions. Conclusions: These findings suggest the physiological effects of infrared sauna bathing are underpinned by thermoregulatory-induced responses, more so than exercise-mimetic cardiorespiratory or cardiovascular activations. © 2023 Elsevier B.V., All rights reserved.","Exercise; Heart Rate Variability; Infrared Sauna; Pulse Wave Analysis; Thermal Responses; Adult; Arterial Stiffness; Article; Australia; Blood Pressure; Breathing Rate; Cardiorespiratory Fitness; Cardiovascular Response; Cohort Analysis; Controlled Study; Crossover Procedure; Cycling; Diastolic Blood Pressure; Exercise; Exercise Intensity; Female; Heart Rate Variability; Human; Human Experiment; Intermethod Comparison; Mean Arterial Pressure; Normal Human; Physiological Process; Pulse Wave; Randomized Controlled Trial; Skin Temperature; Systolic Blood Pressure; Therapy Effect; Thermal Response; Thermoregulation; Tympanic Temperature; Heart Rate; Male; Sauna; Blood Pressure; Cross-over Studies; Exercise; Female; Heart Rate; Humans; Male; Steam Bath"
"Implications for the metabolic fate of oral glutamine supplementation within plasma and erythrocytes of patients with sickle cell disease: A pharmacokinetics study","2022","Complementary Therapies in Medicine","10.1016/j.ctim.2022.102803","https://www.scopus.com/inward/record.uri?eid=2-s2.0-85123075648&doi=10.1016%2Fj.ctim.2022.102803&partnerID=40&md5=e83bf2dfe4eee0aad18bc39f8e76e559","Objectives: L-Glutamine is FDA-approved for sickle cell disease (SCD), yet the mechanism(s)-of-action are poorly understood. We performed a pharmacokinetics (pK) study to determine the metabolic fate of glutamine supplementation on plasma and erythrocyte amino acids in patients with SCD. Design: A pK study was performed where patients with SCD fasting for > 8 h received oral L-glutamine (10 g). Blood was analyzed at baseline, 30/60/90 min/2/3/4/8 hrs. A standardized diet was administered to all participants at 3 established time-points (after 2/5/7hrs). A subset of patients also had pK studies performed without glutamine supplementation to follow normal diurnal fluctuations in amino acids. Setting: Comprehensive SCD Center in Oakland, California Results: Five patients with SCD were included, three of whom performed pK studies both with and without glutamine supplementation. Average age was 50.6 ± 5.6 years, 60% were female, 40% SS, 60% SC. Plasma glutamine levels increased significantly after oral glutamine supplementation, compared to minimal fluctuations with diet. Plasma glutamine concentration peaked within 30-min of ingestion (p = 0.01) before decreasing to a plateau by 2-h that remained higher than baseline by 8 h. Oral glutamine also increased plasma arginine concentration, which peaked by 4-h (p = 0.03) and remained elevated through 8-h. Erythrocyte glutamine levels began to increase by 8-h, while erythrocyte arginine concentration peaked at 4-h. Conclusions: Oral glutamine supplementation acutely improved glutamine and arginine bioavailability in both plasma and erythrocytes. This is the first study to demonstrate that glutamine therapy increases arginine bioavailability and may provide insight into shared mechanisms-of-action between these conditionally-essential amino acids. © 2022 Elsevier B.V., All rights reserved.","Arginine; Citrulline; Global Arginine Bioavailability; Glutamine; Pulmonary Hypertension; Sickle Cell Disease; Arginine; Citrulline; Glutamine; Amino Acid; Amino Acids; Glutamine; Arginine; Citrulline; Glutamine; Amino Acid; Adult; Amino Acid Blood Level; Article; Bioavailability; Clinical Article; Diet; Drug Metabolism; Erythrocyte; Erythrocyte Level; Female; Human; Human Cell; Male; Plasma; Pulmonary Hypertension; Sickle Cell Anemia; Single Drug Dose; Dietary Supplement; Middle Aged; Amino Acids; Anemia, Sickle Cell; Dietary Supplements; Erythrocytes; Female; Glutamine; Humans; Middle Aged"
"Indirect moxibustion for the treatment of allergic rhinitis: A systematic review and meta-analysis of randomized controlled trials","2022","Complementary Therapies in Medicine","10.1016/j.ctim.2022.102804","https://www.scopus.com/inward/record.uri?eid=2-s2.0-85122809029&doi=10.1016%2Fj.ctim.2022.102804&partnerID=40&md5=97049ca3f9fcfee9102b770396583abb","Objective: To synthesize the results of randomized clinical trials (RCTs) and evaluate the effectiveness and safety of indirect moxibustion for the treatment of allergic rhinitis (AR). Methods: PubMed, the Cochrane Library, Embase, Web of Science, CNKI, WanFang, VIP, and CBM from the establishment to May 22, 2020 were searched. This was a PRISMA review. Reviewers identified studies, extracted data, and assessed the quality, independently. RCTs for AR patients treated with IM alone or IM combined with other positive interventions (e.g. western medicine, conventional therapy, etc.) were included. The main outcomes included: total effective rate and TNSS. The secondary outcomes included: TNNSS, Graded symptom score, RQLQ, VAS, Serum IgE level and adverse events. RCTs were collected, methodological quality was evaluated using the Cochrane risk-of-bias assessment tool (RoB), and the level of evidence was rated using the GRADE approach. Meta-analysis was performed using the RevMan5.3.0 manager. Results: We included 21 RCTs involving 1549 patients. Five RCTs adopt IM treatment alone; 16 RCTs adopt IM+other positive interventions. In the assessment of the quality, the evidence differs from low to high based on the Cochrane Bias Evaluation Tools. Six trials were high quality, twelve were moderate quality, and three were low quality. Therefore, the quality of the included studies was moderate. The total evidence quality of all outcome indicators was low. The main adverse reactions of moxibustion are burns and blisters, whereas the western medicine group was nasal bleeding. The results of pooled analysis indicated a statistically significant effect in total effective rate of (RR=1.16, 95%CI=1.11–1.21, I2 =30%, P = 0.10). Besides, indirect moxibustion intervention also showed significant difference in graded symptom score (SMD=−1.10; 95% CI [−1.58, −0.61]; P < 0.00001; I2 =88%), TNSS score (SMD=−1.36; 95% CI [−2.14, −0.58]; P = 0.76; I2 =0%), and RQLQ scale (SMD=−2.60; 95% CI [−4.06, −1.14]; P < 0.00001; I2 =92%) in patients with AR. However, there was no statistical significance in VAS score (SMD=−0.38; 95% CI [−1.06, 0.30]; P < 0.003; I2 =83%). Since only one literature was included in TNNSS and Serum IgE levels, descriptive analysis was conducted.And the results showed that the trial group was better than the control group in reducing TNNSS score (P < 0.05). In serum IgE levels,there was no significant difference between the two groups (P > 0.05). Conclusion: From the analysis results, indirect moxibustion may have a good clinical effect on the overall treatment of AR, and improve the clinical symptoms of patients;but there was no obvious advantage in improving VAS score and Serum IgE level.Due to the limitations of small sample size, moderate quality and low level of evidence in the included literature, clinical trials should be designed in strict accordance with the standard of RCT in the future to verify this result. © 2022 Elsevier B.V., All rights reserved.","Allergic Rhinitis; Indirect Moxibustion; Meta-analysis; Systematic Review; Allergic Rhinitis; Human; Meta Analysis; Moxibustion; Randomized Controlled Trial (topic); Humans; Moxibustion; Randomized Controlled Trials As Topic; Rhinitis, Allergic"
"The effect of lycopene supplement from different sources on prostate specific antigen (PSA): A systematic review and meta-analysis of randomized controlled trials ☆","2022","Complementary Therapies in Medicine","10.1016/j.ctim.2022.102801","https://www.scopus.com/inward/record.uri?eid=2-s2.0-85122705468&doi=10.1016%2Fj.ctim.2022.102801&partnerID=40&md5=a7569a93e31f0f2212b97f02c1741bec","Background: Prostate cancer is a major malignancy, affecting men, worldwide. The protective effect of dietary or supplemental lycopene on prostate cancer has been reported in several studies; however, the findings are equivocal. Objective: The aim of this study was to evaluate the effects of supplemental lycopene on PSA level, by conducting a systematic review and meta-analysis of randomized controlled trials. Methods: We searched online databases, including PubMed, Scopus, and Web of Science, up to 9 Jun 2020, to obtain relevant publications. The publication search was not limited by language or date. Results: A total of 1036 records were identified in the systematic search; from these, 9 were included in the systematic review and 6 in meta-analysis. The pooled analysis of the 6 studies showed no significant differences in PSA levels in subjects treated with lycopene or tomato extract containing lycopene (WMD= −0.12 ng/ml; 95% CI: −0.62, 0.38 ng/ml; P = 0.64) compared to the control. Conclusion: Overall, tomato extracts or lycopene treatment yielded no significant effect on PSA level compared to the control. However, more consistent clinical trials, with larger sample sizes, are required to better discern the actual effect of tomato extract or lycopene on PSA level. © 2022 Elsevier B.V., All rights reserved.","Lycopene; Meta-analysis; Prostate Cancer; Prostate Specific Antigen; Psa; Lycopene; Carotenoids; Lycopene; Prostate-specific Antigen; Carotenoid; Lycopene; Prostate Specific Antigen; Human; Male; Meta Analysis; Prostate Tumor; Randomized Controlled Trial (topic); Carotenoids; Humans; Lycopene; Male; Prostate-specific Antigen; Prostatic Neoplasms; Randomized Controlled Trials As Topic"
"The effect of nonpharmacological interventions on the mental health of high-risk pregnant women: A systematic review","2022","Complementary Therapies in Medicine","10.1016/j.ctim.2022.102799","https://www.scopus.com/inward/record.uri?eid=2-s2.0-85122560378&doi=10.1016%2Fj.ctim.2022.102799&partnerID=40&md5=da96d8f5f630305a1fb776f8d9552285","Objectives: To evaluate the effect of nonpharmacological interventions on the mental health of high-risk pregnant women. Methods: This review followed the Preferred Reporting Items for Systematic Reviews and Meta-Analyses 2020 (PRISMA) statement. The Cochrane Library, Embase, CINAHL, PubMed and Web of Science databases were systematically searched for randomized controlled trials and quasi-randomized controlled trials from inception to April 2021. The quality of the studies was assessed using the Cochrane Risk of Bias Tool 2.0. Data were independently extracted and narratively synthesized. Results: Fifteen studies involving 1723 pregnant women were selected. Nonpharmacological interventions included cognitive behavioral interventions, yoga, relaxation interventions, psychological and educational support interventions, and acupressure. Cognitive behavioral interventions and yoga for high-risk pregnant women had potential benefits on the symptoms of anxiety, stress and depression. There was insufficient evidence that relaxation interventions, psychological and educational support interventions and acupressure had positive effects on these women's mental health. Conclusions: This review showed that cognitive behavioral interventions and yoga during pregnancy may benefit women with high-risk pregnancies. However, due to methodological limitations of this review, further studies with robust methodological designs are needed to verify the efficacy. © 2022 Elsevier B.V., All rights reserved.","Anxiety; Depression; High-risk Pregnancy; Mental Health; Systematic Review; Acupressure; Anxiety; Clinical Effectiveness; Cognitive Behavioral Therapy; Data Base; Depression; Evidence Based Practice; High Risk Population; Human; Mental Health; Mental Stress; Patient Education; Pregnant Woman; Psychological Care; Randomized Controlled Trial (topic); Relaxation Training; Review; Systematic Review; Yoga; Anxiety Disorder; Female; Pregnancy; Therapy; Anxiety; Anxiety Disorders; Female; Humans; Mental Health; Pregnancy; Pregnant Women; Yoga"
"The effectiveness of high-dose intravenous vitamin C for patients with coronavirus disease 2019: A systematic review and meta-analysis","2022","Complementary Therapies in Medicine","10.1016/j.ctim.2021.102797","https://www.scopus.com/inward/record.uri?eid=2-s2.0-85122434224&doi=10.1016%2Fj.ctim.2021.102797&partnerID=40&md5=fdb33e20259e059232317200b78398f5","Objectives: Vitamin C has anti-inflammatory effects. This review aimed to investigate the therapeutic effect of high-dose intravenous vitamin C (HDIVC) in patients with coronavirus disease 2019 (COVID-19). Methods: The following key phrases were searched for article inclusion: “Vitamin C OR ascorbic acid” AND “COVID-19 OR coronavirus disease 2019 OR severe acute respiratory syndrome coronavirus 2 OR SARS-CoV-2″. Articles that utilized HDIVC for the management of patients with COVID-19 were included, whereas review articles and case reports were excluded from this review. Moreover, we performed a meta-analysis to evaluate whether HDIVC can reduce the length of hospital stay and in-hospital mortality rate of patients with severe COVID-19. Results: In total, eight articles were included in this review, and five studies were included in the meta-analysis. The length of hospital stay was not significantly different between the HDIVC and control groups. Also, although our meta-analysis showed a tendency for HDIVC to reduce the in-hospital mortality rate in patients with severe COVID-19, the in-hospital mortality rate was not significantly different between patients treated with HDIVC and those who did not receive HDIVC. Conclusions: Evidence supporting the therapeutic use of HDICV in COVID-19 patients is lacking. Further studies are required for drawing a clear conclusion on this topic. © 2022 Elsevier B.V., All rights reserved.","Covid-19; Intravenous; Review; Treatment; Vitamin C; Ascorbic Acid; Azithromycin; Dexamethasone; Hydrocortisone; Hydroxychloroquine; Lopinavir Plus Ritonavir; Oseltamivir; Ribavirin; Thiamine; Ascorbic Acid; Vitamins; Antibiotic Agent; Ascorbic Acid; Azithromycin; Corticosteroid; Dexamethasone; Glucocorticoid; Hydrocortisone; Hydroxychloroquine; Immunomodulating Agent; Lopinavir Plus Ritonavir; Oseltamivir; Piperacillin Plus Tazobactam; Ribavirin; Thiamine; Vitamin; Antiviral Therapy; Article; Artificial Ventilation; Coronavirus Disease 2019; Disease Severity; Hospital Mortality; Human; Length Of Stay; Meta Analysis; Nonhuman; Oxygen Therapy; Risk Reduction; Severe Acute Respiratory Syndrome Coronavirus 2; Systematic Review; Vitamin Supplementation; Ascorbic Acid; Covid-19; Humans; Length Of Stay; Sars-cov-2; Vitamins"
"Olfactometric diagnosis of lung cancer by canine scent – A double-blinded study","2022","Complementary Therapies in Medicine","10.1016/j.ctim.2022.102800","https://www.scopus.com/inward/record.uri?eid=2-s2.0-85122314448&doi=10.1016%2Fj.ctim.2022.102800&partnerID=40&md5=69a1ac3dc1d9250d7c6df09e1701342f","Background: Lung cancer is one of the most often diagnosed tumours in the world with the highest mortality. A major problem and reason for the high mortality from lung cancer is its diagnosis in the late stages. The main goal of preventing lung cancer deaths is early detection in the early stages and accurate diagnosis, which must be followed by targeted treatment. Nevertheless, even top diagnostic techniques do not have the same accuracy and sensitivity as a dog's sense of smell. Methods: The study aims to present the results of olfactometric detection of lung cancer using the smell of dogs in unblinded, single-blinded and double-blinded studies. 115 serum samples or breath from patients with lung cancer and 101 samples from healthy people were used for the training. The group consisted of women and men of Indo-European origin, mostly from the Moravian-Silesian region in Czech Republic. Two dogs were selected for the study. Results: In the case of tumor detection in the form of unblinded tests, Bugs had a sensitivity of 91% and a specificity of 92%. Boolomo had a sensitivity of 89% and a specificity of 81%. For single-blinded tests, Bugs had a sensitivity of 71%. The sensitivity of Boolomo was set at 90%. After meeting the sensitivity limit of 70%, dogs were included in the double-blinded studies. The highest accuracy was set at 68% for Bugs, 83% for Boolomo. Conclusion: When a tumour is diagnosed in the late stages, it is a great burden on both the health and economic systems of the state. Unfortunately, there is still no suitable screening test to detect the tumour at an early stage, so any other method of detection seems desirable. Trained dogs are used in many fields, why not also in medicine and the diagnosis of tumours? © 2022 Elsevier B.V., All rights reserved.","Cancer; Diagnostics; Dog; Lung; Prevention; Smell; Article; Breath Analysis; Cancer Diagnosis; Cancer Staging; Computer Assisted Tomography; Controlled Study; Czech Republic; Diagnostic Procedure; Early Diagnosis; Female; Human; Intermethod Comparison; Lung Cancer; Major Clinical Study; Male; Mass Spectrometry; Nuclear Magnetic Resonance Imaging; Olfactometry; Olfactory Epithelium; Pilot Study; Positron Emission Tomography; Sensitivity And Specificity; Smelling; Working Dog; Animal; Dog; Lung Tumor; Odor; Randomized Controlled Trial; Fragrance; Animals; Breath Tests; Dogs; Humans; Lung Neoplasms; Odorants; Sensitivity And Specificity; Smell"
"Impact of abdominal massage on enteral nutrition complications in adult critically ill patients: A systematic review and meta-analysis","2022","Complementary Therapies in Medicine","10.1016/j.ctim.2021.102796","https://www.scopus.com/inward/record.uri?eid=2-s2.0-85121931611&doi=10.1016%2Fj.ctim.2021.102796&partnerID=40&md5=a8c3356094d5ee5aedb49fd1b1d60157","Background: Adult critically ill patients are prone to complications when receiving enteral nutrition, including feeding intolerance. Although abdominal massage is an effective intervention, its effects on enteral nutrition complications in adult critically ill patients are controversial. Objective: To summarize and evaluate the effect of abdominal massage on enteral nutrition complications in adult critically ill patients. Methods: We searched databases (e.g., PubMed, the Cochrane Library, Embase, and Web of Science) from inception until November 2020 for relevant studies published in English. The methodological quality of selected studies was assessed with the Cochrane Risk of Bias 2.0 tool. And we used of PRISMA 2020 guidelines. The meta-analysis results were reported as mean difference (MD) and events, and the heterogeneity of the studies was evaluated using I2. Results: Seven studies including 472 participants (aged≥18 years) met the inclusion criteria. The mean gastric residual volume (GRV) (MD=−42.41, 95% confidence interval [CI]: −71.43, −13.39; P = 0.004) and incidence of abdominal distension (odds ratio [OR]=0.08, 95%CI: 0.03, 0.19; P < 0.00001) were significantly lower in the massage therapy group compared with controls. The incidence of vomiting (OR=0.09, 95%CI: 0.01, 0.72; P = 0.02) and ventilator-associated pneumonia (VAP) (OR=0.20, 95%CI: 0.05, 0.77; P = 0.02) were statistically significantly lower in the abdominal massage group compared with controls. Conclusion: Abdominal massage reduces GRV, vomiting, abdominal distension, and VAP in adult critically ill patients. Given the limited number of reviewed studies, small number of patients examined, and short intervention periods, further randomized controlled trials are needed that use accurate methodology, longer interventions, and larger sample sizes to confirm the effect of abdominal massage on feeding intolerance in adult critically ill patients. © 2022 Elsevier B.V., All rights reserved.","Abdominal Massage; Complication; Enteral Nutrition; Meta-analysis; Abdominal Distension; Abdominal Massage; Clinical Effectiveness; Critically Ill Patient; Digestive Tract Parameters; Enteric Feeding; Gastric Residual Volume; Human; Incidence; Massage; Meta Analysis; Randomized Controlled Trial (topic); Review; Systematic Review; Ventilator Associated Pneumonia; Vomiting; Adult; Adverse Event; Critical Illness; Newborn; Stomach; Adult; Critical Illness; Enteral Nutrition; Humans; Infant, Newborn; Massage; Stomach; Vomiting"
"Consultations with health care providers and use of self-management strategies for prevention and treatment of COVID-19 related symptoms. A population based cross-sectional study in Norway, Sweden and the Netherlands","2022","Complementary Therapies in Medicine","10.1016/j.ctim.2021.102792","https://www.scopus.com/inward/record.uri?eid=2-s2.0-85120666807&doi=10.1016%2Fj.ctim.2021.102792&partnerID=40&md5=266f8658ec4d1b58677180c10a2384af","Objectives: The present study was initiated to determine consultations with health care providers and use of self-management strategies for prevention or treatment of COVID-19 related symptoms in countries with a full lockdown (Norway), a partial lockdown (the Netherlands) and no lockdown (Sweden) during the first three months of the COVID-19 pandemic, and if such use correlates with worries of being infected by COVID-19 disease. Design: Data were collected in collaboration with Ipsos A/S in April-June 2020. An adapted version of the International Questionnaire to measure use of Complementary and Alternative Medicine (I-CAM-Q) was used with the categories “for prevention of COVID-19” and “to treat COVID-19-related symptoms” added. Data were collected among a representative sample in Norway, Sweden and the Netherlands using data assisted telephone interviews (Norway, n=990 and Sweden, n=500), and an online survey (the Netherlands, n=1004). Total response rate was 30%. Results: Very few consulted a health care provider with the intention to treat or prevent COVID-19 (1.2% and 1.0% respectively) with medical doctors mostly visited (1.0% and 0.9% respectively). Similarly, the use of self-management strategies to prevent or treat COVID-19 was low (3.4% and 0.2% respectively); most commonly used for prevention of COVID-19 were vitamins and minerals (2.8%). Consultations with health care providers and use of self-management strategies for prevention of COVID-19 were positively associated with worries of being infected with COVID-19. Conclusions: The COVID-19 pandemic does not seem to have evoked a large-scale difference in behavior related to consultations with health care providers or the use of self-management strategies in any of the three countries. © 2022 Elsevier B.V., All rights reserved.","Complementary Therapies; Covid-19; Health Care; Sars-cov-2; Self-help Techniques; Ascorbic Acid; Calcium; Glucosamine; Iron; Magnesium; Selenium; Vitamin B Group; Zinc; Ascorbic Acid; Calcium; Glucosamine; Iron; Magnesium; Multivitamin; Omega 3 Fatty Acid; Omega 6 Fatty Acid; Omega 9 Fatty Acid; Probiotic Agent; Selenium; Unclassified Drug; Unsaturated Fatty Acid; Vitamin B Group; Vitamin D; Zinc; Adult; Age; Alternative Medicine; Article; Controlled Study; Coronavirus Disease 2019; Dietary Supplement; Educational Status; Female; Gender; Health Care Personnel; Health Survey; Household Income; Human; Male; National Lockdown; Netherlands; Norway; Pandemic; Partial Lockdown; Patient Worry; Physician; Prevalence; Questionnaire; Self Care; Sweden; Teleconsultation; Telephone Interview; Communicable Disease Control; Cross-sectional Study; Epidemiology; Patient Referral; Communicable Disease Control; Covid-19; Cross-sectional Studies; Health Personnel; Humans; Pandemics; Referral And Consultation; Sars-cov-2; Self-management"
