"Title","Year","Source title","DOI","Link","Abstract","Author Keywords"
"Decomposition of different organic matter substrates and algal biomass accrual as early warning indicators of human impacts on stream ecosystems","2025","Ecological Indicators","10.1016/j.ecolind.2025.113998","https://www.scopus.com/inward/record.uri?eid=2-s2.0-105012636968&doi=10.1016%2Fj.ecolind.2025.113998&partnerID=40&md5=6a1ebc52b10117e32277032e5a3d9484","Stream ecosystems are subjected to multiple anthropogenic impacts, and tools are needed that serve as early warning indicators of such impacts on ecosystem functioning and biodiversity. Here, we compared several natural and commercial substrates (namely several leaf litter types, cotton strips, and others) as tools to rapidly detect changes in the key processes of organic matter decomposition and periphytic algal biomass accrual, and their associated biological assemblages, in stream sites impacted by agricultural land use compared to control sites in northern Spain. At the end of our experiment, which lasted for approximately one month, alder leaf litter was the only substrate detecting significant changes in total decomposition (i.e., decomposition mediated by both microorganisms and detritivores). Decomposition was reduced at impacted sites, where associated leaf litter-feeding detritivore assemblages contained more pollution-tolerant taxa. Several substrates (banana leaf litter, green and red teabags, and cotton strips) detected changes in microbial decomposition, which increased at impacted sites, with teabags being particularly useful to identify changes in microbial decomposer assemblages. Using marble tiles, we were able to detect alterations in algal assemblages, which were more productive and contained more tolerant taxa at impacted sites. Lastly, information provided by oak leaf litter and tongue depressors was limited. Our results showed that, although a combination of substrates should be prioritized in assessment programs to provide a complete picture of anthropogenic impacts on stream ecosystems, the single use of substrates can be efficient to detect certain responses (e.g., cotton strips or banana leaves for heterotrophic microbial responses, marble tiles for autotrophic processes, and alder leaf litter for total decomposition and associated detritivores). © 2025 Elsevier B.V., All rights reserved.","Aquatic Hyphomycetes; Bioassessment; Leaf-litter-feeding Detritivores; Organic Matter Breakdown; Periphytic Algae; Primary Production; Algae; Animals; Anthropogenic; Aquatic Ecosystems; Biodiversity; Biogeochemistry; Biological Materials; Biotic; Forestry; Land Use; Tile; Algal Biomass; Aquatic Hyphomycetes; Bioassessment; Detritivores; Leaf Litter; Leaf-litter-feeding Detritivore; Organic Matter Breakdowns; Periphytic Algae; Primary Production; Stream Ecosystems; Cotton; Fruits; Marble; Substrates; Agricultural Land; Alga; Biodiversity; Biomass; Decomposition Analysis; Detritivory; Ecosystem Function; Land Use; Microbial Community; Organic Matter; Primary Production; Spain"
"Annual cultivated extent and agricultural land use expansion across the central grasslands of North America, 1996–2021","2025","Ecological Indicators","10.1016/j.ecolind.2025.113968","https://www.scopus.com/inward/record.uri?eid=2-s2.0-105012630296&doi=10.1016%2Fj.ecolind.2025.113968&partnerID=40&md5=74242739a19cffa5fac5afe87b7ff141","Accurate monitoring of cropland dynamics in North American grasslands is essential for assessing biodiversity threats, guiding sustainable land management, and ensuring food security amid rapid environmental change. We developed a 30-meter resolution dataset capturing annual ’active’ and ’cumulative’ cropland (1996 to 2021) across the central grasslands of North America using an Attention U-Net convolutional neural network. Our bias-corrected estimates reveal that while active cropland showed no significant change (+3.51 ± 1.32 million ha, p = 0.17), the cumulative cropland footprint expanded by 17 % (+20.64 ± 0.93 million ha, p < 0.05) relative to the baseline (1996–2000), reaching 142.21 ± 4.84 million ha by 2021. This divergence indicates substantial new conversion or recultivation of previously restored grasslands, occurring at a consistent rate of 0.98 ± 0.04 million ha per year (p < 0.001). Mexico showed the largest relative gain in cumulative cropland area, expanding by nearly half (48 %, 1.69 ± 0.06 million ha, p < 0.05). By distinguishing between active and cumulative cropland extents, our dataset enables differentiation between short-term, intermittent cultivation and longer-term land-use legacies, allowing for more nuanced assessments of agriculture's cumulative effects on biodiversity and critical ecosystem services at the biome scale. This approach provides critical information for conservation planning and sustainable land management across North American grasslands. © 2025 Elsevier B.V., All rights reserved.","Agricultural Expansion; Cropland Dynamics; Deep Learning; Grassland Ecosystems; Land-use Change; North American Grasslands; Remote Sensing; Biodiversity; Conservation; Cultivation; Ecosystems; Expansion; Forestry; Information Management; Land Use; Sustainable Agriculture; Sustainable Development; Agricultural Expansion; Agricultural Land Use; Cropland Dynamics; Deep Learning; Grassland Ecosystems; Landuse Change; North American; North American Grassland; Remote-sensing; Sustainable Land Managements; Remote Sensing; Agricultural Land; Cultivation; Grassland; Land Use Change; Machine Learning; Remote Sensing; North America"
"Coastal salt marsh vegetation classification using hybrid convolutional neural networks and spectral index time series images","2025","Ecological Indicators","10.1016/j.ecolind.2025.113996","https://www.scopus.com/inward/record.uri?eid=2-s2.0-105012605371&doi=10.1016%2Fj.ecolind.2025.113996&partnerID=40&md5=cb0d4ab29c7a8c612bc4b858327874aa","Coastal saltmarshes are increasingly threatened by climate change and human activities. Achieving timely and high-precision vegetation classification for conservation remains a significant challenge. In this study, we propose a novel classification method based on hybrid convolutional neural networks (CNNs) to monitor the coastal saltmarshes of Yancheng City, Jiangsu Province. Three spectral indices (NDVI, NDWI, and SAVI) were selected, and time-series stack images were generated using Google Earth Engine. The hybrid model integrates 2D-3D convolutions to extract spatial features and fully capture temporal dynamics, enabling accurate classification. Vegetation dynamics from 2000 to 2020 were analyzed. Key findings include: (1) NDWI achieved the highest classification accuracy (exceeding 97% annually), effectively distinguishing four vegetation types—Phragmites australis (P. australis), Suaeda salsa (S. salsa), Spartina alterniflora (S. alterniflora), and Imperata cylindrica (I. cylindrica)—outperforming NDVI and SAVI. (2) Between 2000 and 2015, S. alterniflora rapidly expanded while S. salsa declined; P. australis fluctuated but generally increased. After 2015, sediment accretion induced by S. alterniflora elevated upper intertidal zones and reduced salinity, facilitating seaward expansion of P. australis into niches previously occupied by S. alterniflora and S. salsa. A relatively stable ecosystem subsequently emerged, dominated by P. australis and S. alterniflora (73.4%) with a marginal presence of S. salsa (3.66%). (3) A nationwide S. alterniflora eradication effort launched in 2023 caused major disruptions in habitat structure and temporal spectral profiles. Applying the pre-trained model to 2024 imagery yielded an accuracy of 81.91% with minimal additional sampling, demonstrating the hybrid CNN model's strong generalization and transfer-learning capabilities for dynamic saltmarsh vegetation mapping. © 2025 Elsevier B.V., All rights reserved.","Coastal Saltmarsh; Deep Learning; Hybrid Convolution; Ndwi; Time-series; Vegetation Classification; Classification (of Information); Climate Change; Convolution; Convolutional Neural Networks; Deep Neural Networks; Ecosystems; Image Classification; Photomapping; Transfer Learning; Vegetation Mapping; Coastal Saltmarsh; Deep Learning; Hybrid Convolution; Ndwi; Phragmites Australis; Salt Marshes; Spartina Alterniflora; Suaeda Salsa; Times Series; Vegetation Classification; Time Series; Artificial Neural Network; Climate Change; Habitat Structure; Human Activity; Imagery; Machine Learning; Saltmarsh; Time Series; Vegetation Classification; China; Jiangsu; Yancheng"
"Changes in activated sludge bacterial communities as an indicator of the harmful benzotriazole effect on living organisms","2025","Ecological Indicators","10.1016/j.ecolind.2025.113958","https://www.scopus.com/inward/record.uri?eid=2-s2.0-105012587362&doi=10.1016%2Fj.ecolind.2025.113958&partnerID=40&md5=d68f52a242f0ff677abbea00cadb6ecd","Activated sludge (AS) is a fundamental biological medium in wastewater treatment, relying on diverse microbial communities to degrade pollutants. Benzotriazoles (BTRs), produced at ∼ 10,000 tonnes annually, are widely used as corrosion inhibitors and anti-freezing agents. Due to their persistence and toxic effects, including carcinogenicity and mutagenicity, BTRs — especially 1H-benzotriazole (1H-BTR) — pose a growing environmental threat and are not effectively removed by conventional AS processes. This study examines the impact of continuous 1H-BTR exposure (50–1000 μg·L−1) on AS microbiota using next-generation sequencing (NGS). Analysis of AS from a full-scale wastewater treatment plant revealed a complex community dominated by Proteobacteria (37.3 %), Actinobacteria (16.6 %), and Nitrospirae (6.6 %). Exposure to 1H-BTR in sequencing batch reactors caused microbial shifts: (i) a marked decrease in Nitrospira abundance, key nitrifiers; (ii) altered balance between Alphaproteobacteria and Betaproteobacteria, with increased Betaproteobacteria (notably Comamonas sp.); and (iii) reduced overall bacterial diversity. Control reactors with trace 1H-BTR (0.62 μg·L−1) maintained stable communities. These results indicate that even low-level 1H-BTR contamination disrupts AS microbial structure, potentially impairing nitrification and organic matter removal, thus threatening wastewater treatment efficiency. This study provides novel evidence linking 1H-BTR presence to microbial community imbalances in AS, underscoring the need for further research and improved management strategies to mitigate emerging contaminant impacts on wastewater treatment systems. © 2025 Elsevier B.V., All rights reserved.","16s Rrna; Bacterial Community; Biomass; Dna Extraction; Metagenomic Sequencing; Metataxonomic; Microbiome; Sbr; Sequencing Batch Reactor; Bacteria; Biological Water Treatment; Chemicals Removal (water Treatment); Corrosion; Gene Encoding; Nitrification; Reclamation; Wastewater Treatment; 16s Rrna; Activated Sludge; Bacterial Community; Dna Extraction; Metagenomic Sequencing; Metagenomics; Metataxonomic; Microbiome; Sbr; Sequencing Batch Reactors; Batch Reactors; Biomass; Activated Sludge; Bacterium; Biomass; Corrosion; Dna; Genomics; Microbial Community; Organic Matter; Rna; Taxonomy; Wastewater Treatment Plant"
"Spatiotemporal evolution and prediction of land use change and carbon storage in ionic rare earth mining areas based on the YOLOv11–SegFormer–InVEST–PLUS integrated model","2025","Ecological Indicators","10.1016/j.ecolind.2025.113983","https://www.scopus.com/inward/record.uri?eid=2-s2.0-105012556300&doi=10.1016%2Fj.ecolind.2025.113983&partnerID=40&md5=85839220af25e34bb2a8109f32e75ef7","Rare earth resources are strategic minerals vital to high-tech and defense sectors globally, playing a crucial role in sustainable development and technological innovation worldwide. Rising demand has intensified the exploitation of ionic rare earth mines, potentially undermining dual carbon goals. These mines often use open-pit leaching, which severely degrades vegetation and weakens regional carbon sink capacity. Yet, the spatiotemporal dynamics of carbon storage in such areas, along with the effects of policy interventions, remain insufficiently quantified. Existing assessments often rely on coarse-resolution land use data, failing to detect micro-scale infrastructure like sedimentation ponds or to capture the complex interactions of restoration and management efforts. This study investigates a representative mining area in Jiangxi Province using a multi-source remote sensing framework. High-resolution imagery is analyzed with the YOLOv11 model to detect sedimentation pond clusters, while SegFormer enables fine-scale land use classification. These outputs serve as inputs for the InVEST model, enabling it to evaluate variations in carbon storage between 2015 and 2025. The PLUS model further simulates future trajectories under varying scenarios. Results show: (1) carbon storage displays spatial heterogeneity linked to forest cover and mining intensity; (2) carbon storage rose 6.12% over the decade; (3) By 2030, compared to the naturally developed scenario, ecological protection scenario may increase carbon storage by 0.3%, while the economic development scenario may reduce it by 0.8%. By examining the relationship between the policy index and changes in carbon storage, it can be concluded that the increase in carbon storage is positively correlated with the strength of policy implementation. © 2025 Elsevier B.V., All rights reserved.","Carbon Storage; Deep Learning For Environmental Monitoring; Land Use Change; Policy Index; Rare Earth Mining; Carbon; Deep Learning; Digital Storage; Ecology; Economics; Environmental Protection; Forestry; Investments; Land Use; Sustainable Development; Carbon Storage; Deep Learning For Environmental Monitoring; Environmental Monitoring; Landuse Change; Mining Areas; Policy Index; Rare Earth Mining; Rare-earths; Sedimentation Ponds; Spatio-temporal Prediction; Remote Sensing; Carbon Sink; Carbon Storage; Economic Development; Forest Cover; Heterogeneity; Land Use Change; Remote Sensing; Sustainable Development; China; Jiangxi"
"Structural characterization and comparative analysis of the food web in China's largest freshwater Lake","2025","Ecological Indicators","10.1016/j.ecolind.2025.113970","https://www.scopus.com/inward/record.uri?eid=2-s2.0-105012513996&doi=10.1016%2Fj.ecolind.2025.113970&partnerID=40&md5=aa5fbc6ab8224ea8d22b52321487d71a","Poyang Lake, China's largest freshwater lake, has experienced significant changes in its hydrological rhythm due to climate change, upstream dam construction on the Yangtze River, and basin human activities. These alterations have impacted nutrient transport and biological communities, threatening ecosystem stability. This study explores the spatial changes of food web structure in Poyang Lake using the stable isotope technique, and discusses the temporal changes of food web before and after the fishing ban in light of the existing studies. The findings revealed significant spatial variation in the lake's food web. In the lake outlet, the food web was mainly dependent on phytoplankton (60.1 % ± 10.1 %) and contained a relatively high proportion of high-trophic fish (38.5 %). In the open water area, the food web was mainly dependent on C<inf>3</inf> plants (48.8 % ± 20.35 %) and contained a relatively high proportion of medium-nutrient fish (38.5 %). Compared to the single food web in the lake outlet, the food web in the open water area had higher complexity and stability, and greater resistance of the ecosystem to disturbance. In addition, before the fishing ban, the species in the food web of Poyang Lake decreased and the structure simplified (average trophic level 3.06, food chain length 3.9). After implementing the “10-year fishing ban, ”fish species recovered to 81, with the average trophic position rising to 3.18 and food chain length increasing to 4.2, indicating improved structural complexity and ecosystem function recovery. This research provides managers with a scientific understanding of Poyang Lake's ecosystem conditions and spatial variations, facilitating targeted conservation strategies and adaptive management approaches. © 2025 Elsevier B.V., All rights reserved.","Bayesian Isotope Mixture Model; Ecosystem; Food Web; Poyang Lake; Spatial Heterogeneity; Chains; Climate Change; Conservation; Fish; Fisheries; Fishing (oil Wells); Lakes; Meats; Nutrients; Rivers; Bayesian; Bayesian Isotope Mixture Model; Food Webs; Fresh Water Lakes; Isotope Mixtures; Mixture Modeling; Open Water; Poyang Lake; Spatial Heterogeneity; Spatial Variations; Ecosystems; Adaptive Management; Ecosystem Function; Fish; Food Web; Heterogeneity; Open Water; Phytoplankton; Spatial Variation; Stable Isotope; Temporal Variation; Trophic Level; China; Jiangxi; Yangtze River"
"Using ensemble machine learning to predict and understand spatiotemporal water quality variations across diverse watersheds in coastal urbanized areas","2025","Ecological Indicators","10.1016/j.ecolind.2025.113976","https://www.scopus.com/inward/record.uri?eid=2-s2.0-105012505030&doi=10.1016%2Fj.ecolind.2025.113976&partnerID=40&md5=e793197f3b0d3e6971bfce51e8f9bb70","In the coastal urbanized areas, watersheds exhibit diverse geographic and pressure factors that drive spatiotemporal variations in water quality. However, existing studies are more focused on single watersheds and lack modeling and attribution frameworks that can integrate data from multiple watersheds. Modeling across watersheds helps capture patterns of sharing and variability in data from different watersheds. There is also a lack of studies that guide large-scale, long-term monitoring based on the importance of monitoring samples. In this study, 105,368 weekly measurements of water quality data during 2021–2023 were collected from 432 sites in 12 Shenzhen and Hong Kong watersheds in the southeast coastal areas of China. An Ensemble Across-watersheds machine learning Model (EAM) was proposed and compared with Single Watershed machine learning Model (SWM) and Grouped Watershed machine learning Model (GWM). EAM can fuse the outputs across watersheds from multiple base models via model stacking. The interpretable Shapley additive explanations (SHAP) method was used to identify the significance of various factors and to interpret the spatiotemporal predictions of water quality. The absolute SHAP value for each sample was used to characterize its significance for spatiotemporal variations in water quality, forming the basis of an optimization strategy for water quality monitoring. The results showed that: (1) the R-square of EAM in the test set of dissolved oxygen, ammonia nitrogen, and total phosphorus was 0.62, 0.74, and 0.65, respectively. The accuracy and generalization of the modeling strategy of EAM were better than those of SWM and GWM. (2) Thresholds and nonlinear relationships with water quality were determined for important geographic factors (tree cover (55 %), distance from the sea (10 km)) and pressure factors (temperature (17–25 °C) and daily rainfall (10 mm)). (3) 20 %-40 % of all samples had higher than average factor contributions; these samples were distributed in coastal areas or under extreme urbanization levels, and during extreme temperatures or heavy rainfall periods. These samples were recommended to be prioritized for collection in large-scale, long-term monitoring. Therefore, the methodology and results in this study contribute to the prediction and attribution of water quality in urbanized coastal watersheds and support integrated watershed management and sustainable ecosystem monitoring. © 2025 Elsevier B.V., All rights reserved.","Interpretable Machine Learning; Monitoring Optimization; Spatiotemporal Variability; Urbanized Coastal Watershed; Water Quality; Additives; Ammonia; Coastal Zones; Dissolved Oxygen; Learning Systems; Optimization; Rain; Watersheds; Coastal Watersheds; Geographics; Interpretable Machine Learning; Machine Learning Models; Machine-learning; Monitoring Optimizations; Spatio-temporal Variation; Spatiotemporal Variability; Urbanized Area; Urbanized Coastal Watershed; Water Quality; Ammonia; Coastal Zone; Machine Learning; Optimization; Phosphorus; Spatiotemporal Analysis; Urbanization; Water Quality; Watershed; China; Guangdong; Hong Kong; Shenzhen"
"Holocene vegetation dynamics and climate reconstruction of Chahannur Lake in the Inner Mongolian Plateau: Pollen-based reconstructions","2025","Ecological Indicators","10.1016/j.ecolind.2025.113980","https://www.scopus.com/inward/record.uri?eid=2-s2.0-105012307463&doi=10.1016%2Fj.ecolind.2025.113980&partnerID=40&md5=8607d6b7331d2e716f2eabf77f19deb8","Understanding Holocene vegetation dynamics and climate change is crucial for predicting future climate change and assessing vegetation dynamics. The Inner Mongolia Plateau, as an ecological barrier in northern China, holds significant research value for its Holocene vegetation and climate change. This study focuses on Chahannur Lake on the Inner Mongolia Plateau, reconstructing regional vegetation and climate using the biome and the Weighted Averaging Partial Least Squares (WAPLS) methods. The results indicate that Holocene vegetation dynamics and climate change can be divided into four stages: The first stage (ca 10543–7813 cal. yr BP) was dominated by Artemisia, Poaceae, and Amaranthaceae, forming a sparse forest-steppe landscape combined with steppe (S) and cool deciduous forest (CDF). Mean annual precipitation (Pann) was 323.4 mm and mean annual temperature (Tann) was 4.8 °C, climate was cold–wet. The second stage (ca 7813–4425 cal. yr BP) was dominated by Betula, Quercus, and Ulmus, forming a broad-leaved forest–steppe landscape combined with S, temperate deciduous forest (TDF), and CDF. Pann was 357.6 mm and Tann was 5.91 °C, climate was warm–wet. The third stage (ca 4425–2125 cal. yr BP) was dominated by Artemisia, Poaceae, Amaranthaceae, and Betula, forming a sparse forest-steppe landscape combined with S and CDF. Pann was 288.7 mm and Tann was 5.28 °C, climate was cold–dry. The fourth stage (ca 2125–0 cal. yr BP) was dominated by Artemisia and Amaranthaceae dominating, forming a desert–steppe landscape. Pann was 253.1 mm and Tann was 5.47 °C, climate was warm–dry. Changes in regional vegetation, driven primarily by precipitation, were influenced by the intensity and extent of the East Asian summer monsoon. The results of vegetation and climate reconstruction support the view that the Middle Holocene represented the Holocene Optimum, providing new evidence for Holocene research on the Inner Mongolia Plateau. © 2025 Elsevier B.V., All rights reserved.","Biome; Climate Change; Holocene; Inner Mongolia Plateau; Paleoecology; Dynamics; Ecology; Forest Ecology; Forestry; Lakes; Repair; Vegetation; Amaranthaceae; Biome; Climate Reconstruction; Deciduous Forest; Holocenes; Inner Mongolia; Inner Mongolia Plateau; Palaeoecology; Poaceae; Vegetation Dynamics; Climate Change; Biome; Climate Change; Deciduous Forest; Forest-steppe; Holocene; Paleoecology; Pollen; Reconstruction; Vegetation Dynamics; China; Mongolian Plateau; Nei Monggol"
"Advances and challenges in remote sensing for grass species classification in coastal wetlands","2025","Ecological Indicators","10.1016/j.ecolind.2025.113912","https://www.scopus.com/inward/record.uri?eid=2-s2.0-105012304918&doi=10.1016%2Fj.ecolind.2025.113912&partnerID=40&md5=61f88517073eae06b3ebecac64827002","Coastal wetlands, vital for carbon sequestration and climate change mitigation, attracting global attention due to their unique ecological and socio-economic benefits, like blue carbon merit. Monitoring the distribution of grass species in these ecosystems provides critical insights into wetland health, productivity, and the ecological impacts. Remote sensing has emerged as an effective tool for large-scale, long-term, and near real-time monitoring of grass species dynamics, particularly in areas experiencing rapid changes, such as invasive species hotspots. Recent advancements in phenological analysis and deep learning have significantly improved remote sensing classification accuracy, facilitating more detailed grass species mapping. These improvements have contributed to the development of comprehensive monitoring frameworks. This review synthesizes the current state of grass species classification in coastal wetlands, focusing on key data sources, including passive optical remote sensing, synthetic aperture radar (SAR), and LiDAR. It also examines classification methodologies, such as mixed pixel interpretation, pixel-based classification, and object-based segmentation, while emphasizing recent progress in multi-source data integration, classification features, and phenological analysis. Furthermore, promising directions include the integration of UAV-based hyperspectral data and the application of deep learning within cloud computing platforms. By summarizing recent advancements, challenges, and future research directions, this review contributes to the development of more effective approaches for remote sensing-based grass species classification in coastal wetlands. © 2025 Elsevier B.V., All rights reserved.","Coastal Wetland; Grass Species; Machine Learning; Remote Sensing; Carbon; Carbon Economy; Classification (of Information); Climate Change; Data Integration; Deep Learning; Economic And Social Effects; Ecosystems; Learning Systems; Optical Remote Sensing; Pixels; Synthetic Aperture Radar; Carbon Sequestration; Climate Change Mitigation; Coastal Wetlands; Ecological Economics; Ecological Impacts; Grass Species; Machine-learning; Remote-sensing; Socio-economic Benefits; Species Classification; Wetlands; Carbon Sequestration; Climate Change; Coastal Wetland; Invasive Species; Machine Learning; Monitoring; Remote Sensing; Synthetic Aperture Radar"
"Linking taxonomic diversity and ecological traits of geometrid moths and plants in coastal dunes: Insights from a Mediterranean LTER site","2025","Ecological Indicators","10.1016/j.ecolind.2025.113975","https://www.scopus.com/inward/record.uri?eid=2-s2.0-105012298653&doi=10.1016%2Fj.ecolind.2025.113975&partnerID=40&md5=a1710c14b69649bd335d96f9e327b7c7","Geometrid moths are widely regarded as effective bioindicators due to their sensitivity to changes in local plant communities, their preference for woody habitats and their limited dispersal capabilities. We analyzed geometrid moths and vascular plants diversity patterns inside a monitoring site that is a node of the European Long-Term Ecosystem Research network (eLTER IT20), placed on the central Italy Adriatic dune coast including a well-preserved Mediterranean system. Moth and plant communities were sampled in two distinct dune zones (the shifting dunes and the fixed dunes) in three replicates. Geometrids were collected using traps equipped with UV LEDs. Vegetation surveys were conducted using plots with a stratified random design. For both geometrids and plants, we investigated differences between dune zones in species richness, species abundance distribution and trait characteristics. To assess variation and covariation within and between geometrid and plant traits, we applied a Two-block Partial Least Squares (2B-PLS) analysis. Finally, we assessed the congruence between geometrids and plants in species composition and abundance variations between zones. The two groups responded in similar ways to the dune zonation. Trait associations identified through 2B-PLS revealed a distinct ecological differentiation driven by dune zonation, with coordinated trait patterns between moths and plants. Significant cross-taxon correlations in community similarity were found when species abundance patterns were considered. Our findings emphasize the importance of preserving diverse dune zones as distinct habitats that support unique geometrid moth communities and their potential role as bioindicators of coastal habitat conservation status. © 2025 Elsevier B.V., All rights reserved.","Community-weighted Mean; Cross-taxon; Dune Landscape; Functional Traits; Geometridae; Natura 2000; Vascular Plants; Abiotic; Biotic; Coastal Zones; Conservation; Ecosystems; Forestry; Population Distribution; Shore Protection; Vegetation; Community-weighted Mean; Cross-taxon; Dune Landscape; Functional Traits; Geometridae; Natura 2000; Plant Communities; Species Abundance; Vascular Plant; Weighted Mean; Least Squares Approximations; Conservation Management; Conservation Status; Habitat Conservation; Moth; Natal Dispersal; Relative Abundance; Italy"
"Revealing the impacts of environmental and anthropogenic factors on permafrost deformation in the central Qinghai-Tibet Plateau using InSAR and interpretable machine learning","2025","Ecological Indicators","10.1016/j.ecolind.2025.113977","https://www.scopus.com/inward/record.uri?eid=2-s2.0-105012284784&doi=10.1016%2Fj.ecolind.2025.113977&partnerID=40&md5=662d8250254b7e1972951f6fa1a0940c","Permafrost stability on the Qinghai-Tibet Plateau (QTP) is vital amid environmental changes and human activities. Interferometric Synthetic Aperture Radar (InSAR) effectively monitors permafrost deformation, capturing seasonal and long-term trends via active layer hydrothermal shifts. While prior studies emphasized large-scale deformation, finer-scale regulatory effects of environmental factors and human activities remain underexplored. We used Small Baseline Subset (SBAS)-InSAR to derive ground deformation time series and developed an XGBoost-based model to assess impacts of soil hydrothermal conditions, vegetation, terrain, and human activities. Our results show that soil moisture plays a dominant role in permafrost deformation, with its interaction with soil temperature exhibiting nonlinear effects on permafrost deformation. Long-term changes in Normalized Difference Vegetation Index (NDVI) were significantly positively correlated with the seasonal deformation amplitude (R2 = 0.3546, p < 0.001). Geomorphons exerted significant control, with valleys and lowlands exhibiting reduced permafrost deformation due to distinct hydrothermal conditions, whereas highlands demonstrated greater stability. Human infrastructure further influenced ground deformation. The Wudaoliang (WDL) Train Station (median subsidence rate: −11.55 mm/yr) and Qinghai-Tibet Railway (median subsidence rate: −8.75 mm/yr) exhibited strong regulatory effects, whereas WDL Town (median subsidence rate: −12.45 mm/yr) and the Qinghai-Tibet Highway (median subsidence rate: −10.32 mm/yr) experienced more pronounced deformation, which highlights the importance of engineering design in mitigating permafrost degradation. The results provide new insights into the regulatory mechanisms of environmental factors and human activities on permafrost deformation across the QTP using interpretable machine learning (ML), which is important for environmental conservation and engineering disaster prevention in permafrost regions. © 2025 Elsevier B.V., All rights reserved.","Environmental Factors; Human Activities; Interpretable Machine Learning; Permafrost Deformation; Sbas-insar; Conservation; Disaster Prevention; Disasters; Landforms; Learning Systems; Machine Learning; Railroad Transportation; Soil Moisture; Vegetation; Environmental Factors; Human Activities; Interferometric Synthetic Aperture Radars; Interpretable Machine Learning; Machine-learning; Permafrost Deformation; Qinghai Tibet Plateau; Regulatory Effects; Small Baseline Subset-interferometric Synthetic Aperture Radar; Small Baseline Subsets; Permafrost; Subsidence; Anthropogenic Effect; Disaster Management; Environmental Factor; Human Activity; Machine Learning; Permafrost; Soil Moisture; Synthetic Aperture Radar; Time Series; China; Qinghai-xizang Plateau"
"Unraveling the link between riparian vegetation health and drought severity","2025","Ecological Indicators","10.1016/j.ecolind.2025.113979","https://www.scopus.com/inward/record.uri?eid=2-s2.0-105012269033&doi=10.1016%2Fj.ecolind.2025.113979&partnerID=40&md5=5d0567bde682b10484b63bd6c056a6a9","Riparian ecosystems are ecologically sensitive landscapes that are highly vulnerable to drought, yet the spatial and temporal dynamics of riparian vegetation response to drought severity remain poorly understood, especially in large, human-influenced river basins. This study examines how riparian vegetation in the Lower Mississippi River Basin (LMRB) responds to varying drought severity levels using a multi-method approach that integrates U.S. Drought Monitor classifications (D0–D4) with MODIS-derived NDVI indices for vegetation resistance and recovery. We combined regression models, spatial autocorrelation (Moran's I), hot spot analysis, and ANOVA to assess vegetation health across 2010–2014. Results reveal counterintuitive patterns: high-resistance areas corresponded to more weeks of moderate drought (D1), suggesting the influence of land management practices, while extreme drought (D4) was linked to low resistance. Recovery patterns varied by drought exposure, with paradoxical associations between higher recovery and moderate drought (D1–D2). Spatial clustering of vegetation responses diminished over time, highlighting potential legacy effects and homogenization. These findings underscore the need to consider spatial variability, drought history, and land use in managing drought impacts on riparian ecosystems, offering practical insights for resilience strategies in similar dynamic regions. © 2025 Elsevier B.V., All rights reserved.","Drought; Ecosystems; Forestry; Land Use; Recovery; Regression Analysis; Watersheds; Drought Severity; Mississippi River Basin; Multi-method Approach; Riparian Ecosystem; Riparian Vegetation; Riparian Vegetation Health; River Basins; Spatial Dynamics; Temporal Dynamics; Vegetation Response; Vegetation; Drought; Land Management; Land Use; Management Practice; Modis; Regression Analysis; Riparian Vegetation; River Basin; Vegetation Cover; Mississippi River; United States"
"Spatiotemporal evolution and coupling coordination of multi-objective and multi-dimensional water resources carrying capacity","2025","Ecological Indicators","10.1016/j.ecolind.2025.113965","https://www.scopus.com/inward/record.uri?eid=2-s2.0-105012263324&doi=10.1016%2Fj.ecolind.2025.113965&partnerID=40&md5=d219947513cef528bd4119332ea07128","Changes in water resources carrying capacity (WRCC) are reflected not only in water quantity and quality but also in water ecological space and hydrological characteristics. Moreover, WRCC's adaptability to socio-economic development and ecosystem stability is a critical indicator of regional sustainable development. Based on this, the study develops a multi-objective (water resource–socio-economics–ecological environment) and multi-dimensional (water quantity–water quality–watershed–water flow) evaluation framework for WRCC in western Jilin. Using an integrated entropy weight method (EWM)-the technique for order preference by similarity to an ideal solution method (TOPSIS)-the Adversarial Interpretive Structure Modeling (AISM) method, the temporal evolution and spatial differentiation of WRCC in ten counties from 2000 to 2020 were assessed. A geographically and temporally weighted regression (GTWR) model identified key driving factors across four dimensions. Coupling coordination degree (CCD) analysis examined the coordination among water resource, socio-economic, and ecological subsystems. Results indicate that: (1) WRCC in western Jilin significantly increased over 2000–2020, with spatial disparities widening and a distinct pattern of higher values in the west and lower in the east; (2) The watershed dimension exerts the strongest driving effect on WRCC changes overall, while the influences of other dimensions gradually strengthened over time, showing marked spatio-temporal heterogeneity; (3) The three subsystems exhibit a primary coordination state with significant inter-county variation. Enhancing WRCC requires region-specific strategies that integrate multi-dimensional indicators and improve multi-objective coordination to achieve optimized water resource management and sustainable development. © 2025 Elsevier B.V., All rights reserved.","Coupling Coordination Analysis; Driving Force Analysis; Ewm-topsis-aism Model; Multi-dimensional Evaluation Index System; Multi-objective; Water Resources Carrying Capacity (wrcc); Economic Analysis; Economic And Social Effects; Ecosystems; Flow Of Water; Regional Planning; Sustainable Development; Water Conservation; Water Management; Coordination Analysis; Coupling Coordination Analyze; Driving Force Analysis; Entropy Weight Method; Entropy Weight Method-topsis-adversarial Interpretive Structure Modeling Model; Evaluation Indices System; Multi Objective; Multi-dimensional Evaluation Index System; Multi-dimensional Evaluations; Structure Models; Water Resource Carrying Capacity; Waters Resources; Water Quality; Watersheds; Carrying Capacity; Regression Analysis; Resource Management; Spatiotemporal Analysis; Sustainable Development; Temporal Evolution; Water Management; Water Resource; Watershed; China; Jilin"
"Aboveground Carbon Estimation in a Mangrove Ecosystem Using UAV-Based Remote Sensing and Machine Learning","2025","Ecological Indicators","10.1016/j.ecolind.2025.113950","https://www.scopus.com/inward/record.uri?eid=2-s2.0-105012246959&doi=10.1016%2Fj.ecolind.2025.113950&partnerID=40&md5=0ebf2a3cf32c531b71b57f02e5c8e5b0","Mangroves are an important part of coastal blue carbon ecosystems, efficiently absorbing atmospheric carbon dioxide (CO<inf>2</inf>). Accurate quantification of mangrove carbon stocks aids climate change mitigation and adaptation strategies. This study uses UAV-based remote sensing datasets to model Aboveground Carbon (AGC) in a juvenile mangrove ecosystem in Kenya, characterized by relatively open canopies. We developed an Ensemble regression model to estimate AGC, achieving a Mean Absolute Error (MAE) of 1.79 kg when validated against ground truth data. Instead of plot-level metrics, which lack detailed spatial information about individual trees or areas smaller than the mapping unit, our model was developed based on tree-level metrics, using data on hundreds of trees from fewer forest inventory plots. This methodology enabled the extraction of detailed spatial information on AGC at the tree level. We also explored the potential of two different UAV-based remote sensing data (LiDAR point cloud data vs point cloud data generated from high overlap images) for estimating mangrove AGC. Furthermore, a pixel-level comparison of difference values (“AGC<inf>LiDAR</inf> – AGC<inf>High overlap</inf>”) was conducted to quantify and evaluate the estimated AGC differences (R2 = 0.71, RMSE = 0.97 kg/m2). The results suggest that both LiDAR data and superior high overlap images have the potential to accurately predict mangrove biomass/carbon stocks, although LiDAR outperforms high overlap images due to its involvement in unique intensity metrics. The tree-level-based modeling methodology presented in this work offers a different insight for biomass or carbon stock modeling. © 2025 Elsevier B.V., All rights reserved.","Aboveground Carbon; Blue Carbon; High Overlap Aerial Imagery; Lidar; Machine Learning; Mangroves; Aerial Photography; Antennas; Carbon Dioxide; Carbon Economy; Climate Change; Clouds; Ecosystems; Forestry; Learning Systems; Machine Learning; Regression Analysis; Remote Sensing; Trees (mathematics); Unmanned Aerial Vehicles (uav); Above-ground Carbons; Aerial Imagery; Blue Carbon; Carbon Stocks; High Overlap Aerial Imagery; Lidar; Machine-learning; Mangrove; Mangrove Ecosystems; Tree Level; Optical Radar; Adaptation; Carbon Dioxide; Climate Change; Forest Inventory; Lidar; Mangrove; Kenya"
"Interactions and temporal changes in drivers of Urban Water Ecological Carrying Capacity in cities of Hubei Province, China reflect economic, innovation and policy environments","2025","Ecological Indicators","10.1016/j.ecolind.2025.113946","https://www.scopus.com/inward/record.uri?eid=2-s2.0-105012246332&doi=10.1016%2Fj.ecolind.2025.113946&partnerID=40&md5=99e4e60c35139068593ab77759b3e09c","The Urban Water Ecological Carrying Capacity (UWECC) is a complex, integrated system influenced by water resources, environment, ecology, and socio-economic factors, and is closely linked to high-quality development (HD). Previous studies of UWECC have primarily focused on regional UWECC levels, with limited quantitative exploration of internal system interactions and their impact on the evolution of UWECC. This research constructed a comprehensive UWECC evaluation system using the Driver-Pressure-State-Impact-Response-High quality development (DPSIRHD) framework and applied it to the 16 prefectural-level cities in Hubei Province, China. Dynamic interactions among the urban water ecosystems (UWE) and HD criterion layers were investigated with a panel vector autoregression (PVAR) model and the driving mechanisms of UWECC evolution determined through multiscale geographically weighted regression (MGWR) and Optimal Parameters-based Geographical Detector (OPGD) models. A general upward trend in UWECC performance from 2010 to 2021 was identified in the study cities, marked by four distinct growth periods. The analyses highlighted the centrality of the pressure criterion layer within the UWE system and the intricate interrelations within the HD system, with the criterion layers of driver, response, and new quality productive forces exhibiting significant explanatory power across the interactions between the two systems. The drivers of UWECC performance varied during the study time period, reflecting changing economic, innovation, and policy-driven influences. This research supports sustainable urban water management by highlighting data priorities for more precise UWECC assessments. The methodologies are applicable beyond the study cities and China, serving as a reference for future complex systems research in diverse geographies. © 2025 Elsevier B.V., All rights reserved.","Covid-19; Critic-entropy Weight Method; Gra-topsis Method; Multiscale Geographically Weighted Regression; Optimal Parameters-based Geographical Detector; Panel Vector Autoregression; Sustainable Development; Ecology; Economics; Regression Analysis; Water Conservation; Water Resources; Critic-entropy Weight Method; Entropy Weight Method; Geographically Weighted Regression; Gra-topsis Method; Multiscale Geographically Weighted Regression; Optimal Parameter; Optimal Parameter-based Geographical Detector; Panel Vector Autoregression; Topsis Method; Vector Autoregressions; Sustainable Development; Carrying Capacity; Covid-19; Decision Making; Multicriteria Analysis; Socioeconomic Impact; Sustainable Development; Temporal Variation; Vector Autoregression; Water Management; Water Resource; China; Hubei"
"Rangeland management practices modulated trait-based plant community assembly through environmental filtering in Hulun Buir Steppe","2025","Ecological Indicators","10.1016/j.ecolind.2025.113967","https://www.scopus.com/inward/record.uri?eid=2-s2.0-105012210918&doi=10.1016%2Fj.ecolind.2025.113967&partnerID=40&md5=4e51e2db0ae38dce6b403a6a20f87cd8","Eurasian temperate steppes have undergone significant land-use changes in recent decades, leading to a considerable decline in species diversity and community productivity, with implications for sustainable rangeland management. These changes are intricately linked to community assembly processes, with environmental filtering playing a crucial role. However, there is a scarcity of insights into how different management practices influence environmental filtering. To address this knowledge gap and contribute to sustainable rangeland management, we employed the Joint Species Distribution Model (JSDM) to evaluate the impact of three distinct management practices—grazing-only, mowing-only, and grazing-mowing—on environmental filtering and the modulated role of plant functional traits in the Hulun Buir Steppe. Our findings show that for the first time that the type of management significantly influences environmental filtering by altering the soil environment, particularly soil bulk density. The grazing-mowing management type, which introduces the most significant disturbance, was found to enhance the intensity of environmental filtering. Further analysis indicated that community structure under grazing-only management responded more stably to environmental changes, potentially due to the modulating influence of plant productivity and photosynthetic functional traits, such as Leaf Dry Matter Content (LDMC) and Leaf Area Index (LAI). Additionally, the mowing-only management type can sustain high species richness across varying environmental conditions. This study highlights the importance of considering local environmental conditions when selecting rangeland management practices. Integrating plant functional traits into management strategies can help maintain ecological resilience and promote sustainable grassland ecosystems. © 2025 Elsevier B.V., All rights reserved.","Community Assembly; Environmental Filtering; Eurasian Temperate Steppes; Plant Functional Traits; Rangeland Management; Assembly; Ecosystems; Environmental Management; Forestry; Knowledge Management; Plants (botany); Sustainable Development; Community Assembly; Environmental Conditions; Environmental Filtering; Eurasian Temperate Steppe; Functional Traits; Landuse Change; Management Practises; Plant Communities; Plant Functional Trait; Rangeland Management; Land Use; Bulk Density; Community Structure; Dry Matter; Environmental Change; Environmental Conditions; Environmental Management; Functional Response; Leaf Area Index; Mowing; Rangeland; Steppe; Temperate Environment"
"Coordinating habitat protection and local development in Giant panda national park: an ecological carrying capacity perspective","2025","Ecological Indicators","10.1016/j.ecolind.2025.113945","https://www.scopus.com/inward/record.uri?eid=2-s2.0-105012124260&doi=10.1016%2Fj.ecolind.2025.113945&partnerID=40&md5=db305c6ac4feca1d80e83e4619a5b61d","Coordinating nature conservation with local socioeconomic development is a global challenge, particularly in developing countries. In this study, we used the ecological carrying capacity (ECC), defined as the maximum level of human disturbance that an ecosystem can sustain without compromising its integrity, as an indicator of the coordination between habitat protection and local socioeconomic development within Giant Panda National Park (GPNP), China. An ECC assessment system was constructed on the basis of the pressure-state-response (PSR) framework and the spatiotemporal changes in the GPNP (Sichuan area) since 2000. The results revealed that (1) the ECC of the GPNP was predominantly moderate throughout the study period and increased slowly over time, indicating an improvement in the coordination between panda habitat protection and socioeconomic development; (2) the ECC presented obvious spatial heterogeneity, with high-level ECC distributed mainly in the southern Minshan Mountains (Dujiangyan City), the Qionglai Mountains (Wenchuan and Yingjing counties) and the Xiaoxiangling Mountains (Shimian County) and low-level ECC distributed mainly in the relatively less developed northern Minshan Mountains (Pingwu and Songpan counties); (3) geodetector model analysis revealed that the urbanization rate, average years of schooling and per capita GDP were the main limiting factors of the ECC, which highlights the significant influence of external policy factors and economic conditions on the ECC; and (4) the priority area for ECC improvement was identified as consisting of 2185.2 km2 distributed mainly in Pingwu County and Songpan County. We recommend prioritizing the development of nature education and high-value-added alternative livelihoods or industries (e.g., ecological tourism) and improving ecological compensation mechanisms as key strategies for maintaining and increasing the ECC in the GPNP. © 2025 Elsevier B.V., All rights reserved.","Driving Forces; Ecological Carrying Capacity (ecc); Giant Panda National Park; Habitat Protection; Socioeconomic Development; Spatiotemporal Pattern; Conservation; Developing Countries; Economic And Social Effects; Economics; Ecosystems; Environmental Protection; Driving Forces; Ecological Carrying Capacity; Giant Panda; Giant Panda National Park; Habitat Protection; Local Development; National Parks; Socio-economic Development; Spatiotemporal Patterns; Landforms; Carrying Capacity; Conservation Management; Conservation Status; Economic Conditions; Nature Conservation; Urbanization; China"
"The critical role of adaptive management in wetland restoration: Evidence from long-term monitoring in Northeast China","2025","Ecological Indicators","10.1016/j.ecolind.2025.113966","https://www.scopus.com/inward/record.uri?eid=2-s2.0-105012119667&doi=10.1016%2Fj.ecolind.2025.113966&partnerID=40&md5=3293eee693150a793f0eaf312e56ffd8","Adaptive management (AM) transforms restoration efforts from short-term interventions into long-term, responsive processes and is widely recognized as critical in practice. However, when short-term restoration projects lack post-restoration monitoring and management, it remains unclear whether outcomes align with initial expectations. This study presents insights gained from 15 years of monitoring a small restored wetland in Heilongjiang Province, China, and describes how these findings informed management decisions. The project was originally designed as a short-term initiative lasting three years, aiming to restore a desirable wetland landscape using vegetation transplantation and hydrological connectivity techniques. However, no AM strategies were implemented following the project's completion. We monitored landscape changes and vegetation composition ten and fifteen years after restoration. To assess the role of AM in wetland restoration, we established a control experiment to compare restoration outcomes with and without AM intervention. The results indicate that, in the absence of AM, restoration outcomes gradually deviated from initial goals: the landscape became increasingly fragmented, transplanted vegetation was adversely affected by flooding and invasive species, and the wetland transitioned from a single-species to a mixed-species community. After introducing AM measures, these challenges were mitigated and vegetation recovery significantly improved. Drawing on these insights, we developed an AM framework for wetland restoration, emphasizing the importance of collaboration between project implementers and managers to promote AM and ensure long-term restoration success. This case study provides empirical evidence and practical guidance for incorporating AM into wetland restoration efforts. © 2025 Elsevier B.V., All rights reserved.","Adaptive Management; Ecological Restoration Engineering; Restoration Sustainability; Wetland Management; Wetland Restoration; Conservation; Project Management; Sustainable Development; Vegetation; Wetlands; Adaptive Management; Ecological Restoration; Ecological Restoration Engineering; Long Term Monitoring; Monitoring And Management; Northeast China; Restoration Project; Restoration Sustainability; Wetland Management; Wetland Restoration; Restoration; Adaptive Management; Flooding; Management Practice; Monitoring System; Wetland; Wetland Management; China; Heilongjiang"
"An emergy-based indicator framework for assessing regional ecosystem health and ecological service value: impacts of water conservancy projects","2025","Ecological Indicators","10.1016/j.ecolind.2025.113954","https://www.scopus.com/inward/record.uri?eid=2-s2.0-105012101525&doi=10.1016%2Fj.ecolind.2025.113954&partnerID=40&md5=0748f0de41f6751f10b3f6b9ee3e68d5","Water conservancy projects, vital global infrastructure, profoundly impact the ecosystems of the regions they serve. Assessing their sustainability and the efficacy of resultant ecological services presents a key environmental management challenge, as traditional methods struggle to integrate diverse natural and socioeconomic inputs or unify value within complex human-natural systems. This study introduces an innovative Emergy-based indicator framework, utilizing solar emergy joules (sej) as a unified metric to comprehensively evaluate project impacts and the sustainability of the entire host region. The framework incorporates: (1) a coupled structure–function-efficiency emergy flow network model to trace water conservancy projects impacts across the regional landscape; (2) a multi-dimensional method for valuing ecological services in emergy terms; and (3) a tailored emergy-based regional ecosystem health index. This establishes a comprehensive suite of indicators for assessing water conservancy projects impacts. Applied to a typical rapidly urbanizing region in China (Langfang City, Hebei Province, 2000–2020), the framework empirically quantified the evolution and health of the regional water-eco-economic system. Results indicate a significant increase in project-related ecological service emergy. The regional water ecosystem health index revealed that the system's overall health is strongly coupled with socioeconomic pressure, with the ecological-environmental efficiency ratio (r<inf>EE/I</inf>) emerging as a key indicator reflecting the environmental load and sustainability challenges of rapid development. Significant spatial heterogeneity in emergy composition across land uses was observed, with developed land types exhibiting high economic but low ecological function emergy, highlighting critical spatial planning needs indicated by emergy distribution. Our Emergy-based framework and the derived regional health index effectively diagnose regional sustainability and its drivers. The observed resource-environmental constraints in urbanizing areas, as indicated by our methods, are widely applicable. This study provides a robust set of ecological indicators and a scientific basis for local management, offering valuable, transferable models and technical references for global regions facing similar water resource and infrastructure sustainability issues, significantly contributing to global regional ecological health assessment and sustainable development. © 2025 Elsevier B.V., All rights reserved.","Ecological Accounting; Ecological Service Valuation; Health Index; Infrastructure Sustainability; Regional Sustainability; Economics; Ecosystems; Environmental Management; Regional Planning; Water Conservation; Water Resources; Ecological Accountings; Ecological Service Valuation; Ecological Services; Health Indices; Indicator Frameworks; Infrastructure Sustainability; Project Impact; Regional Sustainability; Socio-economics; Water Conservancy Projects; Sustainable Development; Ecosystem Health; Environmental Management; Heterogeneity; Spatial Planning; Sustainability; Water Resource; China"
"Metal bioaccumulation and physiological responses of Arctic lichens under climate change and pollution","2025","Ecological Indicators","10.1016/j.ecolind.2025.113959","https://www.scopus.com/inward/record.uri?eid=2-s2.0-105012089193&doi=10.1016%2Fj.ecolind.2025.113959&partnerID=40&md5=91d962fb7194182242d1079ec7e6c54f","Metal contamination and climate change, driven by global warming, are influencing the release and bioavailability of trace and heavy metals in the Arctic. Lichens, particularly Flavocetraria nivalis and Cladonia mitis, serve as effective bioindicators of environmental change. This study aimed to: (1) compare metal content in lichens collected in 1985 and 2023 from the Hornsund region; (2) assess metal concentrations in soils and lichen thalli from two Svalbard regions (Adventfjorden and Hornsund); and (3) explore relationships between usnic acid, metal bioaccumulation, and photosynthetic activity (Fv/Fm). A comparison between 1985 and 2023 samples of lichen thalli revealed an increase in several metals, including Mn (from 9 to 53 mg kg−1 in F. nivalis and from 9 to 22 mg kg−1 in Cl. mitis), as well as Ni, Co, and Zn. Cr content in both species exceeded typical lichen tolerance thresholds (>10 mg kg−1). While Cd content decreased in both species, Pb increased only in F. nivalis (from 3.76 to 6.05 mg kg−1). In F. nivalis usnic acid content increased significantly (from 15 to 60 mg g−1). Soil samples from Hornsund contained higher overall metal loads than those from Adventfjorden. F. nivalis exhibited bioaccumulation factor (BAF) > 1 for a greater number of metals compared to Cl. mitis, indicating higher uptake potential. Usnic acid in F.nivalis showed negative correlations with photosynthetic activity (Fv/Fm, r = –0.55) and Cd, Cu, and Zn. In Cl. mitis, usnic acid was positively correlated with Fv/Fm. These findings demonstrate species-specific physiological and biochemical responses to metal exposure, highlight the role of usnic acid as a potential biomarker of contamination, and emphasize the need for continued monitoring of metal pollution and lichen adaptation in Arctic ecosystems. © 2025 Elsevier B.V., All rights reserved.","Cladonia Mitis; Essential Metals; Flavocetraria Nivalis; Heavy Metals; Photosynthetic Activity; Secondary Metabolite; Svalbard; Bioaccumulation; Biomarkers; Copper Compounds; Global Warming; Metabolites; Physiological Models; Pollution Detection; Soil Pollution; Soils; Cladonia; Cladonium Miti; Essential Metals; Flavocetrarium Nivali; Metal Bioaccumulation; Photosynthetic Activity; Physiological Response; Secondary Metabolites; Svalbard; Usnic Acid; Heavy Metals; Bioaccumulation; Bioavailability; Biomarker; Climate Change; Heavy Metal; Lichen; Photosynthesis; Physiological Response; Pollution Monitoring; Secondary Metabolite; Adventfjorden; Arctic; Hornsund; Spitsbergen; Svalbard And Jan Mayen"
"Which green is more equitable? A multi-indicator urban green space assessment across vulnerable population groups from an environmental justice perspective","2025","Ecological Indicators","10.1016/j.ecolind.2025.113948","https://www.scopus.com/inward/record.uri?eid=2-s2.0-105011986828&doi=10.1016%2Fj.ecolind.2025.113948&partnerID=40&md5=f57f5955a3d0f28839bd094ee1b16deb","Urban green spaces (UGS) provide significant environmental benefits within the urban context, making their equitable distribution a critical environmental justice issue. While existing research has examined UGS disparities, studies focusing on vulnerable populations remain limited, and findings differ significantly based on the specific metrics employed to measure green spaces. To address this gap, this study investigates UGS inequity among vulnerable groups in Hong Kong using three complementary indicators—park accessibility, the Normalized Difference Vegetation Index (NDVI), and street-view greenery (SVG). Ordinary least squares estimation, Moran's I, and spatial regressions are employed to examine disparities between UGS provision and vulnerable population groups. The findings reveal that different indicators yield divergent spatial patterns, with NDVI and SVG showing increasing greenness gradients from urban cores to suburbs, while park accessibility remains comparatively limited in suburban areas. Additionally, our multi-indicator spatial regression reveals substantial local-scale inequities across vulnerable populations − including elderly residents, the underage, ethnic minorities, less-educated individuals, and single-person households − with SVG exhibiting the highest spatial coverage of UGS inequity (with the highest proportion of areas with negative coefficients in MGWR models) and NDVI displaying the most severe UGS inequity levels (with the highest magnitude of negative coefficients in MGWR models). Building on these findings, we conduct a comprehensive spatial analysis and generate a multi-indicator inequity mapping to identify high-priority areas where vulnerable groups experience severe UGS inequity. This research contributes to urban environmental justice literature by offering: (1) a comprehensive multi-indicator methodology for UGS equity assessment, and (2) actionable spatial planning insights for policymakers to implement both multi-dimensional UGS development strategies and targeted interventions to mitigate spatial inequities in disadvantaged communities. © 2025 Elsevier B.V., All rights reserved.","Multiscale Geographically Weighted Regression; Park Accessibility; Street-level Greenery Metrics; The Normalized Difference Vegetation Index; Urban Green Space; Vulnerable Population Groups; Environmental Monitoring; Natural Environment; Urban Planning; Environmental Justice; Geographically Weighted Regression; Multiscale Geographically Weighted Regression; Park Accessibility; Street-level Greenery Metric; The Normalized Difference Vegetation Index; Urban Green Spaces; Vulnerable Groups; Vulnerable Population Group; Regression Analysis; Environmental Justice; Greenspace; Ndvi; Park Design; Spatial Analysis; Spatial Planning; Spatiotemporal Analysis; China; Hong Kong"
"Evaluation of plant extracts as aquaculture feed additives: Ecotoxicological and physiological responses in marine species","2025","Ecological Indicators","10.1016/j.ecolind.2025.113964","https://www.scopus.com/inward/record.uri?eid=2-s2.0-105011936934&doi=10.1016%2Fj.ecolind.2025.113964&partnerID=40&md5=e0daa7cf422c1aebe86892d1732678b5","In the context of sustainable aquaculture, plant extracts are considered potential feed additives to enhance fish immunity while minimizing environmental risks. This study evaluates the ecotoxicity and physiological impacts of four plant extracts—gallnuts (Rhus chinensis), green chiretta (Andrographis paniculata), white mustard (Sinapis alba), and betel nut (Areca catechu)—on various marine species and juvenile barramundi (Lates calcarifer). The primary objective is to assess their potential as functional feed additives in aquaculture, while identifying potential environmental risks and physiological effects associated with their use. The ecotoxicological effects of these extracts were tested on model organisms at different trophic levels, including bacteria Aliivibrio fischeri, diatom Phaeodactylum tricornutum, rotifer Brachionus plicatilis, and brine shrimp Artemia salina. The 50 % effective concentration (EC<inf>50</inf>) revealed a toxicity rank from least to most toxic as white mustard < green chiretta < betel nut < gallnuts. A principal component analysis (PCA) indicated that EC values (EC<inf>50</inf>, EC<inf>20</inf>, and EC<inf>10</inf>) were the key factors distinguishing species sensitivity to the plant extracts. In the juvenile barramundi feeding trial, plant extracts were incorporated into feed at varying concentrations (0 %, 0.1 %, 1 %, and 10 %) for a 24-hour acute assay. The correlation analysis revealed that increased extract concentrations significantly inhibited red blood cell counts, nitric oxide concentration, complement component C3 concentration, aspartate aminotransferase activity, and alanine aminotransferase activity in barramundi. At the same time, serum glucose, globulin, and acid phosphatase activity exhibited varying responses in fish, depending on the extract and concentration. These physiological changes suggest that the plant extracts exert both temporary immunomodulatory and stress-alleviating effects in barramundi. These results indicate that although some plant extracts can be used as additives in aquaculture feed, their potential toxicological and physiological effects on environmental organisms should be considered before their extensive application in aquaculture. © 2025 Elsevier B.V., All rights reserved.","Aquatic Toxicity; Biochemical Indicators; Ecotoxicology; Herb; Trophic Levels; Additives; Aquaculture; Bacteria; Correlation Methods; Fish; Marine Biology; Phosphatases; Physiological Models; Physiology; Plant Extracts; Toxicity; Aminotransferase Activities; Aquatic Toxicity; Biochemical Indicators; Eco-toxicology; Environmental Risks; Feed Additives; Herb; Marine Species; Physiological Effects; Trophic Level; Principal Component Analysis; Aquaculture; Biochemical Composition; Herb; Marine Ecosystem; Nitric Oxide; Physiological Response; Plant Extract; Principal Component Analysis; Toxicity; Trophic Level"
"Rising atmospheric CH4 concentration may have significantly influenced the increase in CH4 uptake by forest soils in China (2010–2020)","2025","Ecological Indicators","10.1016/j.ecolind.2025.113929","https://www.scopus.com/inward/record.uri?eid=2-s2.0-105011874451&doi=10.1016%2Fj.ecolind.2025.113929&partnerID=40&md5=6c9b52f56bd74e6ce3e6875e68a59f29","As the largest terrestrial carbon sink, forests also play a crucial role in CH<inf>4</inf> uptake. China is experiencing various global changes, but their impacts on forest CH<inf>4</inf> uptake are unclear. Using a random frest model, this study evaluated the CH<inf>4</inf> uptake by forest soils in China from 2010 to 2020 and identified the primary drivers behind the interannual trend in CH<inf>4</inf> uptake, focusing on environmental changes such as temperature, precipitation, nitrogen deposition, atmospheric CH<inf>4</inf> concentration, and land cover change. The results indicated an average CH<inf>4</inf> uptake rate of 0.30 ± 0.04 g CH<inf>4</inf> m−2 yr−1, with significant spatial variability. The total regional uptake doubled from 2010 to 2020, reaching an average of 0.80 Tg CH<inf>4</inf> yr−1. In addition to forests’ role in fixing CO<inf>2</inf>, the CH<inf>4</inf> consumption by forest soil further enhances their contribution to global warming mitigation. Atmospheric CH<inf>4</inf> concentration emerged as the most influential factor, driving a 84.3 % increase in uptake. Notably, compared to the amount of CH<inf>4</inf> released into the atmosphere, the concurrent increase in CH<inf>4</inf> uptake by forest soil was limited. In specific regions, particularly in semi-arid and nitrogen-deficient environments, water conditions and nitrogen deposition surpassed atmospheric CH<inf>4</inf> concentration as the dominant drivers. In contrast, temperature and land cover changes had minor effects. This research provides critical insights into the role of Chinese forests in methane dynamics and contributes to a broader understanding of terrestrial methane fluxes under changing environmental conditions. As the first study to quantify the impact of rising atmospheric CH<inf>4</inf> concentrations on CH<inf>4</inf> uptake by forest soils in China, it emphasizes the importance of incorporating atmospheric CH<inf>4</inf> concentration into regional and global models, a factor that has been lacking in some recent studies. © 2025 Elsevier B.V., All rights reserved.","Atmospheric Ch4 Concentration; Flux-climate Feedback; Forest Soil; Global Change; Methane Uptake; Atmospheric Temperature; Deposition; Forestry; Global Warming; Nitrogen; Soil Temperature; Soils; Atmospheric Ch4 Concentration; Carbon Sink Forests; Ch 4; Climate Feedbacks; Flux-climate Feedback; Forest Soils; Global Change; Land-cover Change; Methane Uptake; Nitrogen Deposition; Methane; Air-soil Interaction; Forest Soil; Global Change; Land Cover; Methane; Semiarid Region"
"A comprehensive water quality assessment for a typical river–lake watershed in Northeast China: implications for the water management of boundary lake","2025","Ecological Indicators","10.1016/j.ecolind.2025.113942","https://www.scopus.com/inward/record.uri?eid=2-s2.0-105011872772&doi=10.1016%2Fj.ecolind.2025.113942&partnerID=40&md5=35af125f981ea281732902f00bea0a2e","Seasonal freezing and a mismatch between river and lake water quality targets have limited the accurate evaluation of water quality in the northern river–lake system. The water quality of the boundary lake poses a threat to aquatic ecological security and may also affect regional geopolitical stability. Therefore, there is an urgent need for a comprehensive water quality evaluation system to effectively manage the water health of boundary lakes. In this study, we aimed to develop a new comprehensive water quality index model to analyze the water quality status and identify the underlying driving mechanisms within the Muling-Xingkai watershed, thereby proposing effective water management strategies. The XGBoost model and the aggregation function of eight sub-indicators were employed to identify the primary control indicators across various seasons. These methods reduced data redundancy and enhanced the sensitivity of the comprehensive water quality index (WQI) model. The weighted harmonic mean model (R2 = 0.95, RMSE = 7.1 for summer-autumn; R2 = 0.96, RMSE = 10.2 for winter-spring) and unweighted Canadian Council of Ministers of the Environment model (R2 = 0.94, RMSE = 4.2 for summer-autumn; R2 = 0.90, RMSE = 4.8 for winter-spring) were identified as the optimal functions for water quality assessment. Based on the WQI assessment of 480 water samples collected during 2022–2023, 60 % to 70 % of the monitoring stations achieved a good water quality status (WQI score > 80) in the Muling-Xingkai watershed. The water quality status within the watershed, as assessed by the WQI model, followed the order: river < reservoir < Xingkai Lake < Xiaoxingkai Lake. In addition, our systematic approach efficiently identified key water quality indicators from 11 types of indicators, including total nitrogen (TN), total phosphorus (TP), and water temperature (Tw) during the summer-autumn period, and TN and dissolved oxygen (DO) in the winter-spring period. Based on structural equation modeling (SEM), human activities (irrigated area, fertilizer application rate) and natural factors (air temperature, precipitation, and flow) were identified as the primary driving forces behind water quality deterioration in the Muling-Xingkai watershed during the summer-autumn and winter-spring seasons, respectively. To safeguard the ecological health of Xingkai Lake, it is imperative to reduce nitrogen inputs from the Muling River and mitigate phosphorus release from lake sediments in response to climate warming and the expansion of irrigation districts. © 2025 Elsevier B.V., All rights reserved.","Driving Mechanism; Improved Water Quality Index; Muling-xingkai Watershed; Water Management Strategies; Water Quality Assessment; Fertilizers; Function Evaluation; Phosphorus; Quality Control; Redundancy; Rivers; Water Management; Water Quality; Watersheds; Comprehensive Water Quality Assessment; Driving Mechanism; Improved Water Quality Index; Index Models; Muling-xingkai Watershed; Quality Status; Total Nitrogen; Water Management Strategies; Water Quality Assessments; Water Quality Indexes; Lakes; Lake Water; Seasonal Variation; Water Management; Water Quality; Watershed; China"
"Effect of blue-green landscape pattern and urban forms on surface urban heat island intensity: Evidence from 816 Chinese urban clusters","2025","Ecological Indicators","10.1016/j.ecolind.2025.113949","https://www.scopus.com/inward/record.uri?eid=2-s2.0-105011861173&doi=10.1016%2Fj.ecolind.2025.113949&partnerID=40&md5=18fc3e3585cf4f68377d925a42602994","With economic development and urban expansion, the surface urban heat island (SUHI) effect has become increasingly pronounced. As blue-green landscapes are recognized as an effective means of mitigating SUHI, it is particularly important to study the impacts of blue-green landscape pattern and urban forms on both daytime and nighttime surface urban heat island intensity (SUHII). However, at the urban scale, comprehensive studies that simultaneously consider blue-green landscapes and urban forms, as well as investigations into their specific impact mechanisms on SUHII, remain limited. Therefore, this study uses 816 urban clusters in China as research cases, combining the Extreme Gradient Boosting (XGBoost) model with the Shapley (SHAP) method to explore the impact of blue-green landscape pattern and urban forms on SUHII at the urban scale. The results are as follows: The SUHII of cities in different geographic regions is primarily determined by their background climate and topography, followed by urban forms, and finally by blue-green landscape pattern. Cities with higher impervious surface ratios, greater building heights, and stronger aggregation exhibit more pronounced SUHII. In contrast, cities with greater dominance and lower fragmentation of blue-green landscapes are generally associated with lower SUHII. © 2025 Elsevier B.V., All rights reserved.","Blue-green Landscape Pattern; Shap; Surface Urban Heat Island; Urban Forms; Xgboost Model; Economic And Social Effects; Islanding; Blue-green Landscape Pattern; Economic Development; Landscape Pattern; Shapley; Surface Urban Heat Islands; Urban Expansion; Urban Form; Urban Heat Island Intensities; Urban Scale; Xgboost Model; Landforms; Game Theory; Geographical Region; Heat Island; Landscape Structure; Machine Learning; Mitigation; Topography; Urban Area; China"
"Hybrid causal inference framework for long-chain drought propagation networks: Combining convergent cross-mapping and generalized random forest","2025","Ecological Indicators","10.1016/j.ecolind.2025.113939","https://www.scopus.com/inward/record.uri?eid=2-s2.0-105011679999&doi=10.1016%2Fj.ecolind.2025.113939&partnerID=40&md5=49b05ad506c4646b308eddb6a23bd94f","Unveiling the causal mechanisms of long-chain drought propagation is crucial for understanding drought evolution, optimizing water resource management, and enhancing agricultural and socioeconomic drought resilience. The hydrological cycle in inland river basins of arid regions operates as a closed system with diverse recharge sources. In these areas, drought propagation exhibits strong high-dimensional nonlinearity, making it difficult for traditional linear models and time–frequency analysis methods to capture the complex dynamic causal relationships. To overcome this limitation, we developed a framework that integrates convergent cross-mapping (CCM) and generalized random forest (GRF) to assess long-chain drought propagation at the regional scale, using the Tarim River Basin in China as a case study. This framework enables systematic analysis of propagation pathways, lagged feedback, and driving mechanisms. The propagation intensities of meteorological drought to hydrological, agricultural, and ecological droughts were 0.7, 0.4, and 0.8, with time lags of 2, 5, and 8 months, respectively. The feedback effect was relatively weak (0.2–0.4), with a long lag period (up to 12 months), demonstrating causal asymmetry and long-term accumulation. Significant heterogeneity was observed in the causal intensities of different drought types, with average heterogeneity effects ranging from 0.2 to 0.47. Soil moisture (16.03 %) and potential evapotranspiration (14.28 %) were identified as the key drivers of long-chain drought propagation. These findings enhance understanding of drought-induced ecological risks and offer a transferable framework for analyzing drought evolution, supporting ecosystem resilience and sustainable water governance across diverse regions facing complex hydroclimatic extremes. © 2025 Elsevier B.V., All rights reserved.","Causal Network Inference; Convergent Cross Mapping (ccm); Generalized Random Forest (grf); Long-chain Drought Propagation; Agronomy; Chains; Complex Networks; Drought; Ecosystems; Forest Ecology; Mapping; Random Forests; Water Conservation; Water Management; Watersheds; Causal Inferences; Causal Network; Causal Network Inference; Convergent Cross Mapping; Generalized Random Forest; Long Chains; Long-chain Drought Propagation; Network Inference; Water Resources Management; Soil Moisture; Drought; Ecosystem Resilience; Hydrological Cycle; Hydrometeorology; Potential Evapotranspiration; Recharge; Water Resource; China; Tarim River; Xinjiang Uygur"
"Response mechanism, spatial variability of shallow groundwater level and hydrochemistry to surface water seepage of Shahe River, Xinle City, North of China","2025","Ecological Indicators","10.1016/j.ecolind.2025.113957","https://www.scopus.com/inward/record.uri?eid=2-s2.0-105011678409&doi=10.1016%2Fj.ecolind.2025.113957&partnerID=40&md5=8fe7aec7e1d241224cf05b455a81ad32","Located in the central North China Plain, Xinle City has historically faced severe groundwater over-exploitation. In response, the Chinese government implemented strategies including reduced groundwater extraction, promoting water-saving practices and ecological replenishment via the Shahe River (Xinle section). This study investigates the response mechanisms and spatial variations of shallow groundwater levels and hydrochemical components following the initiation of ecological replenishment. Based on data encompassing Shahe River water levels, runoff, groundwater levels, and hydrochemistry, the study employed statistical analysis, stable isotopes (δD and δ18O), and hydrogeochemical techniques. The results showed that: From 2018 to 2024, groundwater levels in the area exhibited an annual rising trend, albeit with distinct spatial variations. The rise was primarily influenced by precipitation, reduced extraction, and ecological replenishment from the Shahe River. Precipitation and reduced extraction were significant factors influencing the overall rise, while river recharge was the dominant factor controlling the rise along the Shahe River corridor. Groundwater levels responded most strongly to river leakage in the middle reach, followed by the lower and upper reaches. The river's zone of influence progressively extended downstream, covering a total area of 196.95 km2 and reaching a maximum depth of less than 100 m. Moreover, river leakage impacted groundwater chemistry, particularly near the river channel. In agricultural areas more distant from the river, human activities exerted a greater influence. This study provides a crucial foundation for water resource management, protection, and sustainable utilization within the basin. © 2025 Elsevier B.V., All rights reserved.","Ecological Water Replenishment; Groundwater Level Response; Shahe (xinle Section); Spatial Variability; Surface Water Infiltration; Ecology; Groundwater; Groundwater Geochemistry; Groundwater Resources; Replenishment (water Resources); Rivers; Seepage; Water Conservation; Water Management; Ecological Water Replenishment; Ground Water Level; Groundwater Level Response; Response Mechanisms; Shahe (xinle Section); Shallow Groundwater Levels; Spatial Variability; Spatial Variations; Surface Water Infiltration; Water Infiltration; Hydrochemistry; Groundwater Chemistry; Hydrochemistry; Infiltration; Leakage; Seepage; Surface Water; Sustainability; Water Level; Water Resource; China; Hebei; North China Plain; Sha River [hebei]"
"Plant height mediates hydrological impacts on soil nutrients in seasonal floodplain wetlands","2025","Ecological Indicators","10.1016/j.ecolind.2025.113918","https://www.scopus.com/inward/record.uri?eid=2-s2.0-105011593326&doi=10.1016%2Fj.ecolind.2025.113918&partnerID=40&md5=f606c7d356a7d9f3f3dad1ff117056e1","Seasonal flood fluctuations profoundly influence soil nutrient dynamics in large river–lake wetlands. However, the trait-mediated pathways through which hydrology regulates biogeochemical processes remain poorly understood. We used a trait-based field survey in 90 quadrats across 5 short and 2 tall dominant plant communities along 16 shore-to-water transects in the Dongting Lake floodplain wetlands, China. Data on integrative hydrological parameters (cumulative inundation depth, mean inundation depth, and total inundation days), plant community metrics (height, biomass, and diversity), and soil properties (bulk density, water content, total nitrogen, total phosphorus, and inorganic nitrogen) were obtained to investigate how plant traits mediate the influence of hydrology on soil nutrient dynamics. Short plant communities exhibited strong correlations between hydrological parameters, soil properties, and plant traits, whereas these correlations were weak in tall plant communities. Variance partitioning showed that soil physical properties explained the largest proportion of nutrient variability (29 % in tall communities and 19 % in short communities). In short plant communities, high inundation stimulated a rapid increase in plant height and aboveground biomass, which decreased the accumulation of soil total nitrogen and phosphorus, thereby attenuating the direct effects of hydrology on soil nutrient dynamics. Conversely, in tall plant communities, inundation-induced reductions in plant height and species richness decreased nutrient uptake by plants and amplified the influence of hydrology on soil nutrients. Therefore, plant community height is a robust mechanistic indicator linking hydrological disturbances to biogeochemical functions in floodplain wetlands. These insights inform management strategies to enhance wetland resilience, such as selecting plant assemblages with optimal height traits to buffer nutrient loss under projected climate-driven hydroperiod shifts. Consequently, incorporating plant height into predictive models of nutrient feedback under climate-driven alterations in floodplain wetlands, while providing a trait-based framework for designing restoration strategies that stabilize soil nutrient cycling in floodplain wetlands. © 2025 Elsevier B.V., All rights reserved.","Floodplain Wetlands; Hydrological Disturbance; Nitrogen And Phosphorus Cycling; Plant Height; Plant Traits; Banks (bodies Of Water); Biogeochemistry; Climate Models; Dynamics; Floods; Lakes; Nitrogen; Nutrients; Phosphorus; Plants (botany); Soils; Floodplain Wetlands; Hydrological Disturbance; Nitrogen And Phosphorus; Nitrogen-cycling; Nutrient Dynamics; Phosphorus Cycling; Plant Communities; Plant Height; Plant Traits; Soil Nutrients; Wetlands; Aboveground Biomass; Biogeochemical Cycle; Floodplain; Hydrological Modeling; Nitrogen Cycle; Phosphorus Cycle; Plant Community; Soil Nutrient; Soil Property; Wetland"
"A coupled emergy-ecological footprint model for assessing water resource sustainability: Evidence from the Southern Sichuan Economic Zone","2025","Ecological Indicators","10.1016/j.ecolind.2025.113905","https://www.scopus.com/inward/record.uri?eid=2-s2.0-105011592570&doi=10.1016%2Fj.ecolind.2025.113905&partnerID=40&md5=0b5aa5069ebf60a5c5303c993dc19282","Rapid urbanization and industrial transition are intensifying ecological pressures on regional water resources, necessitating effective methods to assess ecological security and sustainable water utilization. This study employed an improved emergy-ecological footprint coupling model to assess the ecological security and sustainability of water resources in the Southern Sichuan Economic Zone from 2018 to 2022. By integrating emergy analysis with ecological footprint accounting, a comprehensive analytical framework was established to examine the dynamic relationships among socioeconomic development, water consumption, and ecological resilience. Within this framework, two novel indicators, the Flux-based Water Eco-Economic Coordination Index (F-WEECI) and the Water Economic Benefit Emergy Ecological Footprint (WEBEEF), were introduced to capture spatial–temporal variations in water-use efficiency, ecological surplus, and eco-economic coordination. Results showed that agricultural water use consistently accounted for the largest share of regional emergy inputs, generating ecological surplus across all cities. Yibin and Luzhou, benefiting from higher ecological carrying capacities, consistently exhibited strong eco-economic coordination, with WEBEEF values in Yibin decreasing from 1.51 to 0.85 hm2/10,000 CNY, signaling efficiency improvement. Conversely, Neijiang and Zigong exhibited growing water ecological pressure: the Water Ecological Footprint Intensity (WEFI) reached 0.86 and 0.77 in 2022 respectively, accompanied by declining F-WEECI values, indicating diminished ecological-economic synergy. Furthermore, the model disaggregated emergy values by sectors and cities, enabling differentiated assessments of industrial, agricultural, domestic, and ecological water subsystems. These findings provide empirical evidence to support water-saving strategies, ecological compensation mechanisms, and policy optimization for region-specific water resource management. © 2025 Elsevier B.V., All rights reserved.","Eco-economic System; Ecological Security; Emergy Theory; Sustainable Development; Water Ecological Footprint; Agriculture; Ecology; Economic Analysis; Economic And Social Effects; Efficiency; Water Conservation; Water Management; Eco-economic; Eco-economic System; Ecological Footprint; Ecological Security; Economic System; Economic Zones; Emergy Theory; Sichuan; Water Ecological Footprint; Waters Resources; Sustainable Development; Ecological Footprint; Ecological Stability; Emergy; Exclusive Economic Zone; Resource Management; Sustainability; Water Resource; Water Use; China"
"The spatio-temporal characteristics of intercity green technology innovation transfer and its air pollution reduction effect in China","2025","Ecological Indicators","10.1016/j.ecolind.2025.113934","https://www.scopus.com/inward/record.uri?eid=2-s2.0-105011588281&doi=10.1016%2Fj.ecolind.2025.113934&partnerID=40&md5=b7578ce7f7428d21a61a050c915d1547","Cross-regional green technology innovation transfer (GTIT) plays a vital role in mitigating climate change and improving environmental quality. However, its spatio-temporal dynamics and pollution reduction effects remain insufficiently understood. Using green patent transfer data during 2001–2021, this study examined intercity GTIT in China, identified transfer types, constructed a network structure, and explored its air pollution reduction mechanisms across regions and time periods. The results show a significant increase in green patent flows, with large regional disparities—transfers in the eastern region far exceed those in the central and western regions. A rhombus-shaped GTIT network has formed, centered on the Beijing-Tianjin-Hebei, Yangtze River Delta, Pearl River Delta, and Chengdu-Chongqing urban agglomerations, with Beijing emerging as the national hub. Moreover, intercity GTIT significantly reduces air pollution, with stronger pollution reduction effects observed in the eastern region compared to the central and western regions. The implementation of key policies in 2012 and 2017 further enhanced the pollution reduction effects. The pollution reduction effect also shows significant spatial spillover. Additionally, GTIT indirectly influences air pollution through industrial upgrading and the enhancement of local green innovation capabilities, which in turn promote cleaner production, lower energy consumption, and a shift toward more sustainable, low-emission industries. This study not only advances the understanding of GTIT in China but also offers insights and policy references for other countries aiming to harness green technology for sustainable development and environmental governance. © 2025 Elsevier B.V., All rights reserved.","Air Pollution Reduction Effects; China; Green Patent; Green Technology Innovation Transfer; Spatio-temporal Characteristics; Air Pollution Control; Air Quality; Cleaner Production; Engineering Research; Environmental Management; Environmental Technology; Green Development; Green Manufacturing; Low Emission; Sustainable Development; Air Pollution Reduction Effect; China; Eastern Regions; Green Patent; Green Technology; Green Technology Innovation Transfer; Pollution Reduction; Reduction Effects; Spatiotemporal Characteristics; Technology Innovation; Patents And Inventions; Atmospheric Pollution; Climate Change; Environmental Quality; Innovation; Pollution Control; Spatiotemporal Analysis; Technology Transfer"
"Assessing the impact of urban block-scale landscape features on the diurnal cooling of green spaces using SDGSAT-1","2025","Ecological Indicators","10.1016/j.ecolind.2025.113937","https://www.scopus.com/inward/record.uri?eid=2-s2.0-105011587626&doi=10.1016%2Fj.ecolind.2025.113937&partnerID=40&md5=02a6e2488ca4ed9685dbe715919da250","Urban green space (UGS) is a key component of Sustainable Development Goal (SDG) 11.7.1, urban public open space, and is essential for mitigating the urban heat island (UHI) effect. However, the impact of urban landscape features on the diurnal cooling performance of UGS at the block scale across different climates remains insufficiently understood. The objective of this study is to explore the differences in features that influence the cooling intensity of UGS at both day and night under varying climatic conditions. Four Chinese cities located in distinct climate zones—Beijing, Shanghai, Haikou, and Urumqi—were selected as study areas. High-resolution land surface temperature (LST) data for summer days and nights were derived from SDGSAT-1/TIS imagery, while land cover classifications were obtained from Gaofen (GF) satellite images. UGS cooling intensity was calculated as the temperature difference between impervious surfaces and UGS within each urban block. To identify the key metrics influencing UGS cooling, we employed a boosted regression tree (BRT) model incorporating seven UGS landscape metrics, one UGS biophysical metric, and four urban block morphology metrics. The results revealed that UGS exhibited a more pronounced cooling effect during the daytime than at night. Key metrics also varied across cities. During the day, UGS area (+), UGS edge density (−), and block patch density (−) were significant in Beijing and Shanghai, while block area (+), UGS aggregation index (+), and UGS edge density (−) were dominant in Haikou and Urumqi. At night, the UGS aggregation index (+) was the most influential metric across all four cities. Moreover, the key metrics exhibited optimal values or thresholds of influence, with significant differences observed across cities. This study provides an important insight into how UGS features regulate diurnal cooling across different climates and offers recommendations for UHI mitigation strategies. © 2025 Elsevier B.V., All rights reserved.","Boosted Regression Tree; Diurnal Cooling Effect; Landscape Features; Sdgsat-1; Sustainable Development Goal (sdg); Urban Green Space; Atmospheric Temperature; Cooling; Forestry; Morphology; Sustainable Development Goals; Trees (mathematics); Boosted Regression Trees; Cooling Effects; Cooling Intensity; Diurnal Cooling Effect; Landscape Feature; Sdgsat-1; Space Cooling; Sustainable Development Goal; Urban Blocks; Urban Green Spaces; Sustainable Development; Climate Conditions; Cooling; Diurnal Variation; Greenspace; Land Cover; Landscape; Regression Analysis; Sustainable Development Goal; Urban Area; Beijing [china]; China; Haikou; Hainan; Shanghai; Urumqi; Xinjiang Uygur"
"Compound vs. single droughts: different impacts on river water quality revealed by multi-decadal observations","2025","Ecological Indicators","10.1016/j.ecolind.2025.113925","https://www.scopus.com/inward/record.uri?eid=2-s2.0-105011587391&doi=10.1016%2Fj.ecolind.2025.113925&partnerID=40&md5=53b9ea15910e8321ced4616897d414e0","Droughts impact both water quantity and quality. Research is needed on how water quality (e.g., total carbon, TC; total nitrogen, TN; and total phosphorus, TP) responds to different droughts (single or compound) and their characteristics (i.e., duration and severity). It also needs to be addressed whether these water quality indicators during different droughts can be simulated based on drought characteristics. We used 1979–2018 hydro-meteorological and water quality data from Harp Lake in south-central Ontario, Canada. First, we analyzed trends and annual distribution of relevant factors. Then, we identified meteorological, hydrological, and compound droughts using the Standardized Precipitation Index (SPI) and Standardized Streamflow Index (SSI), by applying run theory to extract the drought characteristics. Lastly, we established a response relationship of TC, TN, and TP to different drought characteristics, and used random forest method to construct simulation models for TC, TN, and TP during droughts. The simulation models were evaluated using correlation coefficient (CC) and Nash-Sutcliffe Efficiency (NSE). The results showed that: (i) In the HP4 watershed, TC showed a significant upward trend (p < 0.01) over 40 years of long-term data, while TN and TP showed a significant downward trend (p < 0.01). (ii) The concentration of TC did not show significant changes in drought, while TN concentration increases, and TP concentration decreases. (iii) The random forest model can effectively simulate the cumulative concentrations of TC, TN, and TP during drought periods (CC > 0.90, NSE > 0.60). However, the simulation results for compound droughts are poorer than for other drought types, highlighting the greater complexity of compound drought impact on river water quality relative to single droughts. These findings may aid in water quality management during droughts and may have broader applications in environmental monitoring and water resource management. © 2025 Elsevier B.V., All rights reserved.","Droughts; Environmental Management; Extremes; Hydro-meteorological; Response; Water Quality; Quality Management; Random Forests; Stream Flow; Water Conservation; Water Management; Correlation Coefficient; Drought Characteristics; Extreme; Hydro-meteorological; Response; River Water Quality; Simulation Model; Total Carbon; Total Nitrogen; Water Quantities; Drought; Environmental Management; Water Quality; Drought; Environmental Management; Environmental Monitoring; Meteorology; Resource Management; Water Management; Water Quality; Water Resource"
"Priority conservation zoning for future karst areas based on the construction of a multi-perspective ecological security pattern","2025","Ecological Indicators","10.1016/j.ecolind.2025.113941","https://www.scopus.com/inward/record.uri?eid=2-s2.0-105011586247&doi=10.1016%2Fj.ecolind.2025.113941&partnerID=40&md5=4fd3b319c751568166a59a995d8143c3","In the process of urbanization, human activities have caused significant changes in land use, posing serious threats to ecosystems. Issues such as habitat fragmentation and reduced structural connectivity hinder regional sustainability. The vulnerability of karst areas exacerbates these impacts. Effectively managing the human-environment relationship in karst regions is crucial for maintaining ecological security, currently a focal point of research. Scientific prediction and rational construction of future ecological networks are key to enhancing regional ecological security. Taking Guizhou Province, the central area of southern Chinese karst, as an example, this study utilizes CA-Markov modeling to forecast future (by 2030) land use conditions. On this basis, we constructed the ecological network of Guizhou Province from the perspectives of morphology, habitat quality analysis, and integration. We compared the differences between the networks generated from different perspectives. Finally, we delineated priority protection areas and proposed corresponding protection recommendations. Results indicate an increasing trend in arable land, water bodies, and urban residential land by 2030, with arable land showing the largest change, increasing by 2.79 %, primarily due to conversions from forest land, grassland, and urban land. Using habitat quality, 254 source points are selected, while 191 are selected using MSPA, with an overlap of 106 source points. In highly urbanized areas, source points are predominantly located on administrative boundaries. Corridor construction results indicate variations in certain characteristics between different perspectives but generally show an eastern bias. Corridors overlapped across the three perspectives total 23,578 km. In regions characterized by high human activity in central and western areas, networks constructed based on habitat quality exhibit a more fragmented and isolated spatial pattern compared to those based on morphological criteria. Based on these findings, priority ecological restoration areas are categorized into ecological protection, restoration, and auxiliary regeneration areas, each with corresponding restoration recommendations. This research contributes to understanding the future ecological security patterns in karst regions, providing a scientific basis for biodiversity conservation and ecological environment security in karst areas. © 2025 Elsevier B.V., All rights reserved.","Ca-markov; Ecological Security Pattern; Karst; Mcr Model; Rocky Desertification; Abiotic; Biodiversity; Conservation; Ecosystems; Environmental Protection; Forestry; Land Use; Landforms; Network Security; Regional Planning; Sustainable Development; Ca-markov; Ecological Security; Ecological Security Pattern; Habitat Quality; Karst; Karst Areas; Mcr Model; Rocky Desertification; Security Patterns; Source Points; Restoration; Arable Land; Ecological Stability; Future Prospect; Habitat Fragmentation; Habitat Quality; Human Activity; Karst; Land Use Change; Markov Chain; Prioritization; Rocky Desertification; Vulnerability; China; Guizhou"
"Ecological trade-offs in shallow lake restoration: Assessing ecosystem responses to aquatic vegetation restoration and biomanipulation strategies against the background of fishing ban","2025","Ecological Indicators","10.1016/j.ecolind.2025.113932","https://www.scopus.com/inward/record.uri?eid=2-s2.0-105011525819&doi=10.1016%2Fj.ecolind.2025.113932&partnerID=40&md5=e2e70dea30bd880e84136df4a498aabc","Aquatic vegetation planting is widely regarded as an effective measure to mitigate lake eutrophication. However, under fishing ban conditions, the absence of mechanisms to regulate fish populations may lead to unintended consequences for the lake ecosystem. To investigate these effects and identify feasible management strategies, this study developed two Ecopath models representing conditions before and after aquatic vegetation planting to assess ecosystem-level impacts under closed fishing scenarios. Subsequently, the Ecosim model was employed to evaluate the effectiveness of various biological management strategies in addressing these impacts. The results demonstrated that, under fishing ban conditions, aquatic vegetation planting expanded the ecosystem's overall scale and improved its stability, but also intensified top-down predation pressure by fish on zooplankton and benthic organisms. This trophic cascade diminished the abundance, thereby elevating the risk of algal blooms. Ecopath model outputs revealed that after vegetation restoration, total biomass (TB) increased from 1370 to 1867 t/km2, and total system throughput (TST) rose from 17,004 to 20,686 t/(km2·a), indicating ecosystem expansion. Meanwhile, the increases in ecosystem maturity indicators, such as the ratios of total primary production to total respiration (TPP/TR) and to total biomass (TPP/TB), suggested further potential for ecological succession. Ecosim simulations showed that introducing yellow cheek carp and mollusks could partially restore zooplankton biomass. Under the ecological carrying capacity (ECC) condition, yellow cheek carp introduction led to a 25 % decline in bighead carp biomass while promoting increases in crucian carp and some benthic organisms. Mollusks improved ecosystem maturity and energy recycling but had more pronounced negative effects on benthic communities. Therefore, under closed-fishing scenarios, the targeted introduction of high-trophic-level carnivorous fish represents a more cost-effective strategy for ecological regulation. © 2025 Elsevier B.V., All rights reserved.","Aquatic Plant Planting; Biological Manipulation; Ecopath; Fishing Ban; Shallow Lake; Aquatic Ecosystems; Biomass; Biotic; Cost Effectiveness; Economic And Social Effects; Eutrophication; Fish; Fish Detectors; Fisheries; Fishing (oil Wells); Lakes; Molluscs; Vegetation; Aquatic Plant Planting; Aquatic Plants; Aquatic Vegetation; Biological Manipulation; Condition; Ecopath; Fishing Ban; Plantings; Shallow Lakes; Total Biomass; Restoration; Aquatic Plant; Ecological Modeling; Ecosystem Response; Eutrophication; Lacustrine Environment; Strategic Approach; Trade-off"
"Ecological integrity assessment system for Wuyishan national park","2025","Ecological Indicators","10.1016/j.ecolind.2025.113910","https://www.scopus.com/inward/record.uri?eid=2-s2.0-105011521296&doi=10.1016%2Fj.ecolind.2025.113910&partnerID=40&md5=01681aff3631619e246dbe0c17a4f212","Protecting ecological integrity is one of the primary objectives in the establishment of many national parks. Accurately assessing ecological integrity is vital for evaluating the rationality of national park boundaries and the effectiveness of management practices. However, research on ecological integrity within the context of Chinese national parks remains limited. This study, grounded in the inherent characteristics of ecosystems and the management needs of China's national parks, selects eight secondary indicators and ten tertiary indicators based on the “pattern-structure-function” framework. All indicators are quantified using a mathematical model to ensure robust assessment and analysis. Wuyishan National Park has been selected as a case study, yielding an ecological integrity index of 0.74. Notably, scores for the proportion of natural ecosystems area, boundary index, natural heritage and landscape Integrity Index, ecosystem functioning index, and food chain integrity index were relatively high, Conversely, scores for artificial patch density (including skylight), proportion of representative ecosystem types, proportion of the largest patch area of representative ecosystems, proportion of species richness and habitat connectivity of flagship species were comparatively low. In response to these identified issues, the following strategies are proposed: 1) Strictly control and gradually phase out artificial land use within the park, implement ecological restoration tailored to local conditions; 2) construct habitat corridors to improve overall connectivity; 3) Optimize the boundary of Wuyishan National Park to enhance its biodiversity coverage and representative ecosystems; 4) Establish a long-term monitoring system to track changes in key conservation targets, thereby providing scientific support for ecological integrity assessments in national parks. © 2025 Elsevier B.V., All rights reserved.","Abiotic; Conservation; Ecosystems; Environmental Monitoring; Land Use; Natural Environment; Parks; Assessment System; Ecological Integrity; Inherent Characteristics; Integrity Assessment; Integrity Indices; Management Practises; National Parks; Pattern Structure; Primary Objective; Structure Functions; Biodiversity; Ecosystem Function; Environmental Protection; Management Practice; Spatiotemporal Analysis; Species Richness; China; Fujian; Wuyishan Nature Reserve"
"Impact of urbanization on stream fish fauna in tropical catchments of the Malay Peninsula","2025","Ecological Indicators","10.1016/j.ecolind.2025.113907","https://www.scopus.com/inward/record.uri?eid=2-s2.0-105011518179&doi=10.1016%2Fj.ecolind.2025.113907&partnerID=40&md5=a4b0447ce6fddda3e3175a2daf67af63","Since the 20th century, rapid urbanization has led to various environmental challenges. These include urban flooding due to changes in the water cycle, poor water quality, and the degradation of aquatic ecosystems. Additionally, urbanization has caused a loss of habitats, leading to a decline in species diversity. In particular, aquatic organisms have been significantly affected by habitat loss resulting from river modifications and the introduction of non-native species. However, research on urbanization's effects on biodiversity in tropical regions is limited, and knowledge about ecosystem conservation and restoration in these areas is scarce. This study aimed to examine the fish fauna in urban and surrounding non-urban areas of the rapidly developing Malay Peninsula. By examining fish populations in urbanized watersheds and comparing them with those in non-urban areas, the study investigated the relationship between environmental factors, including urbanization, and fish fauna. The survey revealed that non-native species like Poecilia sphenops and Mayaheros urophthalmus dominated urbanized watersheds. Habitat modeling showed that factors like concrete coverage on riverbeds, conductivity, and urban land use significantly influenced the presence of these non-native species. These species appear to have adapted to the urban environment. However, native species, including those on the IUCN Red List, were also found in urban watersheds. The results emphasize the need to preserve remaining forests and restore floodplains for native species conservation. This highlights the importance of conservation efforts to protect natural habitats and rehabilitate degraded ecosystems in urban areas. © 2025 Elsevier B.V., All rights reserved.","Biodiversity; Malaysia; Species Indicator; Urbanization; Water Quality; Abiotic; Aquatic Ecosystems; Biodiversity; Catchments; Conservation; Fish; Fisheries; Floods; Forestry; Land Use; Restoration; Rivers; Tropics; Watersheds; 20th Century; Fish Fauna; Malaysia; Native Species; Non-native Species; Rapid Urbanizations; Species Indicator; Stream Fish; Urban Areas; Urbanization; Water Quality; Biodiversity; Bioindicator; Catchment; Fauna; Fish; Flooding; Habitat Loss; Invasive Species; Native Species; Stream; Urbanization; Water Quality; Malay Peninsula"
"Assessing the ecosystem health of Ratargul Freshwater Swamp Forest in Bangladesh using a modified forest quality index","2025","Ecological Indicators","10.1016/j.ecolind.2025.113938","https://www.scopus.com/inward/record.uri?eid=2-s2.0-105011513156&doi=10.1016%2Fj.ecolind.2025.113938&partnerID=40&md5=d5cc76963625500ce2c5f57e66f65618","Freshwater swamp forests are globally vulnerable ecosystems, facing significant degradation threats that compromise their ecological health. Understanding the current state of these imperiled ecosystems and the factors affecting their quality is vital for targeted conservation and management. The present study assessed the ecosystem health of the Ratargul Freshwater Swamp Forest (RFWSF), the only remaining freshwater swamp forest in Bangladesh. We developed a modified Forest Quality Index (FQI) to evaluate RFWSF's ecosystem health by integrating five key components: biotic integrity, soil quality, water quality, socio-economic conditions, and ecotourism value. Each component was quantitatively assessed using corresponding indices—the Forest Biotic Integrity Index (FBII), Forest Soil Index (FSI), Forest Water Index (FWI), Forest Socioeconomic Index (FSEI), and Forest Ecotourism Index (FEI). Sixty randomly selected plots were established across three forest classes, based on canopy density: high dense forest (HD), moderate to low dense forest (MD), and low to no forest (LD). Principal Component Analysis (PCA) was used to identify key variables contributing to the overall FQI. The FQI was categorized into five levels: 1 (Worst), 2 (Bad), 3 (Moderate), 4 (Good), and 5 (Excellent). Our findings indicate that all components were of moderate quality (FQI = 3) in both HD and MD areas, except for the FSEI, which was of poor quality (FQI = 2). The LD areas exhibited poor overall ecosystem health (FQI = 2), primarily due to reduced biotic and soil quality. Although water quality was significantly lower (p < 0.05) in HD and ecotourism zones, no significant difference in overall ecosystem health was observed between ecotourism and non-ecotourism zones. The mean Normalized Difference Vegetation Index (NDVI) values were 0.48, 0.49, and 0.41, respectively, for HD, MD, and LD areas, aligning with the observed FQI trends. Spatial analysis of ecosystem health hotspots revealed good to excellent conditions concentrated in the central part of RFWSF, with degradation prevalent along its edges. Overall, our study finds RFWSF in a moderately healthy state and offers a component-based framework to guide site-specific conservation and sustainable management of similar wetland forest ecosystems. © 2025 Elsevier B.V., All rights reserved.","Anthropogenic Disturbance; Ecosystem Health; Ecosystem Hotspot; Swamp Forest; Biotic; Conservation; Economics; Ecosystems; Forest Ecology; Forestry; Health Risks; Quality Assurance; Quality Control; Soil Quality; Water Quality; Wetlands; Anthropogenic Disturbance; Bangladesh; Biotic Integrity; Eco-tourisms; Ecosystem Health; Ecosystem Hotspot; Fresh Water; Hotspots; Quality Indices; Swamp Forest; Principal Component Analysis; Anthropogenic Effect; Canopy Exchange; Conservation Management; Ecosystem Health; Ecotourism; Environmental Impact Assessment; Ndvi; Swamp Forest; Water Quality; Wetland"
"Rapid response of aquatic ecosystems and environment in shallow macrophytic lakes to large-scale cofferdam removal","2025","Ecological Indicators","10.1016/j.ecolind.2025.113884","https://www.scopus.com/inward/record.uri?eid=2-s2.0-105011491706&doi=10.1016%2Fj.ecolind.2025.113884&partnerID=40&md5=cf3b4bb5740f2ceed6e759d9e9264ffd","The high-density and scattered distribution of cofferdams in shallow lakes severely disrupts hydrological connectivity, weakens hydrodynamic conditions, and undermines the stability of aquatic ecosystems. As a typical shallow macrophytic lake in northern China, Baiyangdian initiated a large-scale cofferdam removal project in 2020. Over a three-year period, approximately 40 km of cofferdams — accounting for 80% of the original total area — were removed, profoundly reshaping the lake's spatial structure. This study, for the first time, systematically investigates the status and impact of cofferdam removal in Baiyangdian's major sub-lakes at a macro scale, focusing on 143 sub-lake units. A Sentinel-2 time series dataset with nominal five-day intervals throughout the year was constructed, and, in combination with an improved Pixel Binary Method and the FUI-TSI model, key ecological and environmental parameters — including submerged aquatic vegetation (SAV) coverage, water transparency, and trophic state — were extracted to comprehensively assess the effects of cofferdam removal on the lake's aquatic ecosystem and environment. Results show that SAV spatial patterns were closely linked to cofferdam density. During the early phase of removal, the SAV area declined sharply from 28.1 km2 to 12.5 km2 but gradually recovered in the following years and eventually stabilized. Concurrently, water transparency fluctuated between 0.4 and 0.8 m, with an average of 0.6 m and an overall increasing trend. The trophic status remained within the mesotrophic range, with a continuous decline in eutrophication levels, indicating sustained improvements in water quality. The findings suggest that cofferdam removal significantly enhanced hydrological connectivity and restoration potential in Baiyangdian, improved hydrodynamic and light conditions, and promoted SAV regeneration and colonization, thereby driving the aquatic ecosystem toward a more favorable successional trajectory. By integrating multi-temporal satellite remote sensing with improved ecological modeling, this study achieved the first large-scale coordinated monitoring of both aquatic vegetation and water quality in Baiyangdian, providing data support and methodological insights for the ecological restoration of shallow macrophytic lakes and the recovery of submerged vegetation. © 2025 Elsevier B.V., All rights reserved.","Cofferdam Removal; Eutrophication; Fui-tsi Inversion Model; Shallow Macrophytic Lakes; Submerged Aquatic Vegetation; Water Transparency; Aquatic Ecosystems; Biotic; Cofferdams; Forestry; Hydrodynamics; Lake Pollution; Lakes; Remote Sensing; Restoration; Transparency; Vegetation; Water Quality; Cofferdam Removal; Fui-tsi Inversion Model; Hydrodynamic Conditions; Hydrological Connectivity; Inversion Models; Large-scales; Rapid Response; Shallow Macrophytic Lake; Submerged Aquatic Vegetations; Water Transparency; Eutrophication; Aquatic Ecosystem; Eutrophication; Remote Sensing; Satellite Data; Transparency; Trophic Status; Water Quality; China"
"A watershed fragility index for assessing the vulnerability of river ecosystems","2025","Ecological Indicators","10.1016/j.ecolind.2025.113908","https://www.scopus.com/inward/record.uri?eid=2-s2.0-105011269824&doi=10.1016%2Fj.ecolind.2025.113908&partnerID=40&md5=78e41e1a5aa621b3fbdcc4a49e7b6ce9","Accelerating impacts of climate change have heightened the vulnerability of ecosystems, posing critical challenges to biodiversity conservation. While current climate change vulnerability assessment frameworks provide valuable insights, they often fall short of fully integrating local stressors. This paper introduces the Watershed Fragility Index (WFI), an innovative tool designed to address these gaps by offering a more comprehensive evaluation of multiple stressors. The WFI leverages Geographic Information Systems (GIS) for spatial analysis, Fuzzy logic for handling ecological complexity and variation, and the Analytic Hierarchy Process (AHP) for prioritizing stressors. For a better comprehension of various exposures, 12 factors are assessed − flooding susceptibility, temperature change, wildfire potential, soil type, geology, distance from waterbodies, slope, altitude, land use and cover, distance from roads, watercourse barriers, and forest change. They are organized into different sub-indexes related to natural disturbances, environmental fragility, and anthropogenic stressors. The tool is demonstrated on the Humber River watershed in the province of Newfoundland and Labrador, in eastern Canada. The results indicate that certain stressors create vulnerable areas near important lakes. Overall, the watershed is classified predominantly as low fragility. However, the most vulnerable regions, characterized by moderate fragility, are mainly found in the Lower Humber area, which also contains a larger area with roads, watercourse barriers, and steeper slopes. The outputs offer crucial insights to aid environmental planning within the Humber River watershed and can serve as an evaluation tool for other regions. The WFI is a novel tool for policy development, enabling environmental managers and conservationists to create targeted and adaptive strategies that enhance habitat and species resilience through comprehensive and integrated assessment. © 2025 Elsevier B.V., All rights reserved.","Analytic Hierarchy Process (ahp); Environmental Impact Assessment; Fuzzy Logic; Geographic Information Systems (gis); Watershed Fragility Index (wfi); Analytic Hierarchy Process; Climate Change; Ecosystems; Environmental Impact Assessments; Environmental Management; Forestry; Geographic Information Systems; Hierarchical Systems; Information Use; Rivers; Soil Conservation; Soils; Watersheds; Analytic Hierarchy; Fragility Index; Fuzzy-logic; Geographic Information; Geographic Information System; Hierarchy Process; Impact Assessments; River Watersheds; Watershed Fragility Index; Fuzzy Logic; Analytical Hierarchy Process; Climate Change; Environmental Impact Assessment; Freshwater Ecosystem; Gis; Lake Water; Vulnerability; Watershed; England; Humber River [england]; United Kingdom"
"Hydrological shifts from vegetation restoration in semi-arid regions: insights from the typical watersheds of the Yellow River","2025","Ecological Indicators","10.1016/j.ecolind.2025.113924","https://www.scopus.com/inward/record.uri?eid=2-s2.0-105011196968&doi=10.1016%2Fj.ecolind.2025.113924&partnerID=40&md5=92852c86ec8afb19929291fdf34967f8","Vegetation restoration in semi-arid regions presents complex tradeoffs between ecological benefits and hydrological impacts. This study focused on three representative watersheds Loess Plateau the middle of the Yellow River in China—Huangfu (HFC), Yanhe (YH), and Juhe (JH)—each undergoing distinct land use scenarios: grassland restoration, conversion of cropland to artificial forest, and predominance of forest cover, respectively. We utilized the Soil and Water Assessment Tools (SWAT) to evaluate the impact of “Grain for Green” initiative on various hydrological elements—streamflow, evapotranspiration, soil moisture, and water yield. In these watersheds, vegetation restoration has resulted in a 10.86–43.47 mm increase in evapotranspiration, a 1.38–24.89 mm decrease in soil moisture, a 5.13 mm to 26.89 mm reduction in annual runoff depth, and a 5.94–18.58 mm decrease in water yield. Specifically, Natural grassland restoration in the HFC watershed increased evaporation by 15.06 mm, reduced soil moisture by 1.38 mm, reduced annual average runoff depth by 5.13 mm, and decreased water yield 11 mm. Large-scale conversion of cropland to artificial forest in the YH watershed significantly resulted in an increase in evaporation by 43.47 mm, accompanied by a reduction in soil moisture by 24.89 mm, meanwhile, vegetation restoration enhanced the catchment capacity of the watershed, reducing the annual runoff depth by 26.89 mm and the water yield by 18.58 mm. Nature forests in the JH watershed maintained stable precipitation-streamflow coupling relationship despite climate variability, and with the increase of natural forest land, the streamflow in the watershed decreased by 6.86 mm. This study provides robust quantitative insights into how various vegetation restoration scenarios alter key hydrological components, thereby elucidating the balance between ecosystem recovery and water resource dynamics in semi-arid watersheds. © 2025 Elsevier B.V., All rights reserved.","Hydrological Processes; Semi-arid Regions; Swat; Vegetation Restoration; Arid Regions; Catchments; Climate Change; Ecosystems; Forestry; Land Use; Restoration; Rivers; Runoff; Soil Conservation; Soil Moisture; Soil Surveys; Stream Flow; Vegetation; Water Conservation; Watersheds; %moisture; Artificial Forest; Grassland Restorations; Hydrological Process; Runoff Depth; Semi-arid Region; Soil And Water Assessment Tools; Vegetation Restoration; Water Yield; Yellow River; Evapotranspiration; Catchment; Climate Change; Evaporation; Forest Ecosystem; Grassland; Land Use; Soil Moisture; Streamflow; Water Resource; China"
"Health risk assessments and controlling factors of the dissolved trace element in river systems of the Tibetan Plateau","2025","Ecological Indicators","10.1016/j.ecolind.2025.113927","https://www.scopus.com/inward/record.uri?eid=2-s2.0-105011185211&doi=10.1016%2Fj.ecolind.2025.113927&partnerID=40&md5=c12c91620dd705d88e7390430bd56e4d","Dissolved trace elements (DTEs) are essential for water quality and ecosystem health, especially in vulnerable regions such as the Tibetan Plateau that are highly sensitive to climate and land-use changes. Here, fourteen DTEs are analyzed to explore the distribution control mechanism and health risk assessment of DTEs in river systems of the Tibetan Plateau. The results reveal that, except for Al, Fe, and Pb, concentrations of other DTEs are low and below the drinking water standard. Notably, concentrations of Cd, Fe, Li, Pb, and Zn are higher in the eastern regions, whereas Ba concentrations are higher in the west. Principal component analysis indicates that Al, Ba, Li, Mo, Sr, and U are mainly derived from natural sources, whereas Cd, Co, Cr, Cu, Fe, Mn, Pb, and Zn are primarily influenced by anthropogenic sources. Health risk assessment reveals that non-carcinogenic risk index (HI < 1) and carcinogenic risk index (CR < 10−4) are acceptable, but children face higher non-carcinogenic risks, particularly from Cr (HI-<inf>child</inf> up to 0.12). The Mantel test and variance partitioning analysis show human activities explain the largest variation in DTE patterns, followed by lithology. Further analyses indicate that mining activities are associated with elevated Cd and Pb concentrations, while agricultural activities affect the distribution of Sr and U. These findings highlight the importance of anthropogenic drivers of DTE variability and the need for targeted pollution control in high-altitude river basins. © 2025 Elsevier B.V., All rights reserved.","Control Factors; Dissolved Trace Element; Health Risk; Plateau River; Water Quality; Agricultural Economics; Agricultural Pollution; Anthropogenic; Climate Change; Dissolution; Ecosystems; Land Use; Pollution Control; Principal Component Analysis; Quality Control; Risk Assessment; River Pollution; Rivers; Carcinogenic Risk; Control Factors; Dissolved Trace Element; Health Risk Assessments; Pb Concentration; Plateau River; Risk Indices; River Systems; Tibetan Plateau; Traces Elements; Health Risks; Water Quality; Drinking Water; Health Risk; Pollution Control; Risk Assessment; Trace Element; Water Quality; China; Qinghai-xizang Plateau"
"Urban flood susceptibility mapping using deep and machine learning algorithms as a management tool: A case study of Sanandaj City, Iran","2025","Ecological Indicators","10.1016/j.ecolind.2025.113886","https://www.scopus.com/inward/record.uri?eid=2-s2.0-105011165198&doi=10.1016%2Fj.ecolind.2025.113886&partnerID=40&md5=733b820f455dfbcef626228f07c40605","Urban flooding is a complex natural hazard event that incorporates climate change impacts with urban planning and developing challenges, requiring comprehensive strategies for mitigation and adaptation. Flood susceptibility mapping is one of the first steps in an appropriate strategy to reduce economic disruption and damage to urban environments due to flooding. This paper proposes a family of new deep neural networks, namely “deep abstract networks” (DANet) algorithm, which has not been conducted earlier on the susceptibility assessment worldwide, to be trained for producing reliable urban flood susceptibility maps, using Sanandaj City, Iran, as an example. In this procedure, 174 urban and 174 non-urban flood locations are considered in tandem with 19 flood factors prioritized using the reliefF attribute evaluation (RAE) feature selection technique. We determine the goodness-of-fit and prediction accuracy of our models using sensitivity, specificity, accuracy, kappa, root mean square error (RMSE), mean absolute error (MAE), and area under the curve (AUC). Furthermore, the new proposed deep learning algorithm is compared to the five state-of-the-art benchmark learning algorithms, i.e., Convolutional Neural Network (CNN), Support Vector Machine with Linear (SVM-Linear) and with radial basis function (SVM-RBF), Artificial Neural Network-Multi-Layer Perceptron (ANN-MLP), and Logistic Regression (LR). Here, land use, building density, distances to buildings, rainfall, and distances to passages are the five most influential factors in urban flood occurrence in the study area. The DANet algorithm achieves RMSE = 0.535, AUC<inf>model</inf> = 0.811, and AUC<inf>map</inf> = 0.840, and thus outperforms the ANN-MLP, SVM-RBF, SVM-Linear, LR and CNN algorithms as an excellent alternative algorithm for managing areas prone to urban flooding with caution. © 2025 Elsevier B.V., All rights reserved.","Deep And Machine Learning Algorithms; Feature Selection Techniques; Geographic Information System (gis); Iran; Susceptibility Mapping; Urban Flooding; Climate Change; Convolutional Neural Networks; Deep Neural Networks; Floods; Function Evaluation; Geographic Information Systems; Land Use; Learning Algorithms; Learning Systems; Mapping; Mean Square Error; Support Vector Machines; Urban Planning; Deep And Machine Learning Algorithm; Feature Selection Technique; Features Selection; Geographic Information; Geographic Information System; Iran; Machine Learning Algorithms; Selection Techniques; Susceptibility Mapping; Urban Flooding; Radial Basis Function Networks; Climate Change; Error Analysis; Flood Damage; Flooding; Gis; Machine Learning; Mapping; Mitigation; Kordestan [iran]; Sanandaj"
"Exploring the light environment of lakes with different trophic levels in the middle reaches of the Yangtze River: implications for lake regime shifts","2025","Ecological Indicators","10.1016/j.ecolind.2025.113909","https://www.scopus.com/inward/record.uri?eid=2-s2.0-105011163585&doi=10.1016%2Fj.ecolind.2025.113909&partnerID=40&md5=b1dbfe35e6ce5219dd8f0f19b0db52da","The underwater light environment serves as an indicator of water trophic levels and affects their regime shifts. However, the effects of different trophic levels on underwater light environments remain unclear, which limits our understanding and prediction of changes in lake ecosystems. The first quantitative exploration of ultraviolet-A (UV-A), blue, green, red, and near-infrared (NIR) light in five lakes with three trophic levels in the middle reaches of the Yangtze River was conducted. In contrast to the specific patterns exhibited by other light in lakes with different trophic levels, UV-A light consistently exhibited the most rapid attenuation across trophic levels. Blue, green, red, and NIR light attenuated the fastest in the mildly eutrophic lake, whereas in the oligotrophic lake, they always attenuated the slowest. Moreover, this study focused closely on the red-to-blue light ratio (R/B) and found that its mean value followed the pattern: mildly eutrophic lake > mesotrophic lake > oligotrophic lake. The different light attenuation rates further led to significant variations in the underwater light environment. The underwater spectral ranges of the mildly eutrophic and mesotrophic lake were wide, with NIR light dominating in the air and at the water's surface, while red and green light were dominant 0.5 m underwater. However, the spectral range of the oligotrophic lake was narrow, with evident peaks. The water surface below 0.5 m was dominated by green and blue light, and the proportion of UV-A light remained above 4 %. This investigation into the composition of light quality at different underwater depths fills the knowledge gap regarding lake underwater light environments. This study demonstrated that turbidity played a more universal and quantitatively dominant role across trophic levels, likely due to its combined reflection of both suspended solids and organic pollution under anthropogenic influence. In the future, it will be necessary to strengthen the monitoring of these two pollutants to maintain about 30 % of blue light underwater and R/B < 1, which can support the growth of more submerged macrophytes and sustain the clear-water state of lakes. © 2025 Elsevier B.V., All rights reserved.","Light Attenuation; Light Quality; Red And Blue Light Ratio; Regime Shift; Trophic Level; Ecosystems; Electromagnetic Wave Attenuation; Eutrophication; Lake Pollution; Pollution Detection; River Pollution; Eutrophic Lakes; Light Attenuation; Light Environment; Light Quality; Near Infrared Light; Oligotrophic Lakes; Red And Blue Light; Red And Blue Light Ratio; Regime Shift; Trophic Level; Lakes; Growth Rate; Light Attenuation; Light Quality; Pollution Effect; Trophic Level; Turbidity; China; Yangtze River"
"Ecological risk assessment and prioritization of contaminants of emerging concern in the Upper Yangtze River, Chongqing, China","2025","Ecological Indicators","10.1016/j.ecolind.2025.113920","https://www.scopus.com/inward/record.uri?eid=2-s2.0-105011157079&doi=10.1016%2Fj.ecolind.2025.113920&partnerID=40&md5=579916b2c4f22b975c83d1af7d80576d","The widespread presence of Contaminants of Emerging Concern (CECs) in freshwater systems poses a growing ecological and public health threat, particularly in rapidly urbanising regions where traditional monitoring overlooks non-conventional pollutants. This study aims to systematically assess the occurrence, ecological and health risks, and prioritization of CECs in the Upper Yangtze River, with a focus on the Chongqing Municipality—including the core urban districts of Yuzhong and Jiangbei—over two hydrological seasons in 2023. A total of 27 surface water samples were collected from 10 drinking water sources and two major tributaries (Jialing and Wujiang Rivers), and analyzed through an integrated approach combining target screening, suspect screening using LC-QTOF-MS, risk quotient (RQ) assessment, and a multi-criteria prioritization model. Out of 162 targeted CECs, 156 were detected with concentrations ranging from 0.01 to 2218.2 ng/L, while 64 additional compounds were identified for the first time in this region, including novel pharmaceuticals and industrial chemicals. High ecological risk (RQ > 0.1) was observed for 48 CECs, with methamphetamine, triclocarban, imidacloprid, and sertraline posing the greatest ecological hazards. Despite low non-carcinogenic health risks, carcinogenic risks associated with neonicotinoids and antidepressants exceeded acceptable thresholds in adults. The multi-criteria prioritization framework identified 26 high-priority pollutants, dominated by antibiotics (23 %), organophosphate esters (19 %), and personal care products (15 %). This study highlights the urgent need for region-specific regulatory action to routinely monitor and manage emerging contaminants in ecologically sensitive drinking water basins such as the Upper Yangtze River. © 2025 Elsevier B.V., All rights reserved.","Contaminants Of Emerging Concern; Ecological Risk Assessment; Human Health Risk; Surface Water Pollution; Yangtze River; Contamination; Environmental Monitoring; Health Hazards; Health Risks; Impurities; Pollution Detection; River Pollution; Rivers; Screening; Waterworks; Chongqing; Contaminants Of Emerging Concerns; Ecological Risk Assessment; Human Health Risks; Multi-criterion; Prioritization; Risk Quotients; Surface Water Pollutions; Upper Yangtze River; Yangtze River; Risk Assessment; Antibiotics; Drinking Water; Environmental Risk; Health Impact; Health Risk; Integrated Approach; Pollutant; Risk Assessment; Surface Water; Water Pollution; China; Jiangsu; Wujiang"
"Ecotourism suitability at county scale in China: Spatial pattern, obstacle factors, and driving factors","2025","Ecological Indicators","10.1016/j.ecolind.2025.113911","https://www.scopus.com/inward/record.uri?eid=2-s2.0-105011099492&doi=10.1016%2Fj.ecolind.2025.113911&partnerID=40&md5=3b73286f6010194864313489313c42c9","The comprehensive evaluation of the suitability of county-level ecotourism and the analysis of influencing factors can provide detailed guidance for the planning and development of ecotourism, which is of great significance for promoting the high-quality and sustainable development of ecotourism. However, few studies have focused on in-depth analyses of the influencing factors and its mechanisms of the county ecotourism suitability in China, which severely restricts the comprehensive development and sustainable management of county-level ecotourism in China. Based on this, this study conducts a comprehensive assessment of the county ecotourism suitability level in China and systematically explains the law of its spatial distribution. Secondly, the obstacle degree model and the optimal parameter geographic detector model were adopted to diagnose the internal obstacle factors and external driving factors of the county ecotourism suitability respectively. Finally, based on the theoretical analysis framework and the quantitative analysis results, the influencing mechanism of the county ecotourism suitability in China was systematically analyzed. The results show that the spatial distribution of ecotourism suitability of counties in China is extremely unbalanced, with large differences between east and west and north and south. The unsuitable areas and the less suitable areas were mainly concentrated in the plateau areas and arid areas in Western China. Moderately suitable areas and highly suitable areas were mainly concentrated in the mountainous areas of north and central China, the transitional zone of mountain plain, the mountainous areas of southwest China and the coastal areas of southeast China. There are obvious high-value and low-value agglomeration areas in the local space, and it shows an obvious “core-edge” structure. The low-value heterogeneous areas have emerged in the peripheral regions of important ecological source areas. In terms of internal obstacle factors, factors such as ecotourism resources, market development potential, ecological environment quality and service facilities conditions are the main obstacles to ecotourism suitability in northwest China. The main obstacle factors of hilly county, mountain county and plateau county are the same, while the main obstacle factors and their order of plain county are different from the first three. In terms of external driving factors, economic urbanization, population urbanization, land urbanization, the level of scientific and technological innovation, the level of low-carbon economic development, and regional environmental policy factors all have significant impacts on the county ecotourism suitability in China. However, the main driving factors in different regions and counties with different terrains show differences. The interaction intensity of among the main driving factors of ecotourism suitability in different river basin areas and counties with different terrains shows differences. © 2025 Elsevier B.V., All rights reserved.","Driving Factors; Ecotourism Resource Suitability; Influencing Mechanism; Natural Environment Suitability; Obstacle Factors; Coastal Zones; Ecology; Factor Analysis; Landforms; Natural Environment; Sustainable Development; County Level; Driving Factors; Eco-tourisms; Ecotourism Resource Suitability; Ecotourism Resources; External Driving; Influencing Mechanisms; Natural Environment Suitability; Natural Environments; Obstacle Factor; Spatial Distribution; Agglomeration; Ecotourism; Environmental Policy; Market Development; Peripheral Region; Quantitative Analysis; Resource Availability; River Basin; Spatial Distribution; Spatial Planning; Sustainable Development; China"
"Simulation and spatiotemporal dynamic analysis of air-mediated ecosystem service flows: A case study of Guanzhong Plain urban agglomeration","2025","Ecological Indicators","10.1016/j.ecolind.2025.113892","https://www.scopus.com/inward/record.uri?eid=2-s2.0-105011096636&doi=10.1016%2Fj.ecolind.2025.113892&partnerID=40&md5=7cceb7269e7ace2d387c688ba4f03969","Analyzing the relationship between supply and demand of ecosystem services (ESs) from a spatiotemporal flow perspective is crucial for in-depth insight into flow process of ESs, and ensuring regional ecological security, optimizing resource allocation, and promoting sustainable development. However, previous studies have primarily focused on the flow of ecosystem service mediated by tangible substances (e.g., water, soil, animals etc.) with specific physical channels, the flow of ecosystem services mediated by intangible carriers (especially by air) remain rare and are lack of methods. Thus, taking the Guanzhong Plain urban agglomeration (GPUA) as a case, we proposed a flow analysis framework for air-mediated ecosystem service flows (AMESFs), quantified the supply–demand relationship of five ESs, simulated the air-mediated ESs flow field, determined the flow direction, volumes and paths, and analyzed their spatiotemporal dynamics. The results showed significant spatial mismatches of ESs in GPUA. High surplus areas were primarily distributed in forest-covered mountainous regions, while high deficit areas were concentrated in the cultivated regions of the Fenwei Plain and parts of the Loess Plateau, particularly in urban and adjacent areas. The flows of above ESs exhibited a similar pattern with minimal interannual variation during 2000–2020. Overall, five primary flow pathways were identified, extending from the northeastern and southeastern parts of GPUA toward the west, northwest, and southwest. Although the total supply of services was greater than the total demand, most of surplus service flowed out of the study area and the demand was not satisfied locally. The AMESFs were predominantly driven by the local prevailing wind rather than the supply–demand relationships. The framework is crucial for revealing the spatial flow characteristics and dynamic processes of ESs mediated by air and applicable to other regions. That also provides an assessment method for regional air pollution prevention and control, and green infrastructure development. © 2025 Elsevier B.V., All rights reserved.","Air-mediated Ecosystem Service Flows (amesfs); Guanzhong Plain Urban Agglomeration (gpua); Spatial Mismatch; Spatiotemporal Dynamics; Supply And Demand Relationship; Air Pollution Control; Economics; Ecosystems; Landforms; Sustainable Development; Air-mediated Ecosystem Service Flow; Dynamics Analysis; Ecosystem Services; Guanzhong Plain Urban Agglomeration; Service Flows; Spatial Mismatch; Spatio-temporal Dynamics; Supply And Demand Relationship; Supply-demand Relationships; Urban Agglomerations; Agglomeration; Agglomeration; Annual Variation; Assessment Method; Atmospheric Pollution; Ecosystem Service; Infrastructure; Simulation; Spatiotemporal Analysis; China; Guanzhong Plain; Loess Plateau; Shaanxi"
"Spatiotemporal dynamics and drivers of algal blooms in chinese lakes: A multi-phenological index analysis","2025","Ecological Indicators","10.1016/j.ecolind.2025.113919","https://www.scopus.com/inward/record.uri?eid=2-s2.0-105011089431&doi=10.1016%2Fj.ecolind.2025.113919&partnerID=40&md5=80ee664750e38abddda10bbfb8a57532","Algal blooms (AB) caused by eutrophication pose a global threat to freshwater ecosystems and human water security. Existing studies lack standardized definitions and methodologies for phenological indicators, hindering quantitative comparisons and comprehensive spatial heterogeneity assessments. Using daily MODIS data (2000–2023), this study systematically retrieved three phenological features (Frequency, Persistence and Coverage) with nine indicators for 359 lakes (>10 km2) across four major lake zones in China (excluding the Tibetan Plateau). Spatiotemporal analysis, hierarchical clustering, and driving factor analysis were integrated to elucidate AB dynamics. Key findings include: (1) 63.3 % (228) of lakes experienced AB, among which 46.9 % showing significant increasing trends. Spatial heterogeneity revealed earlier outbreaks in southern lakes, prolonged persistence in central regions, and higher frequency in smaller lakes, and all three features exhibited upward trend. (2) Hierarchical clustering identified four lake types: Type 1 (small area, short persistence, frequent severe AB), Type 2 (large area, minimal frequency, persistence and coverage), Type 3 (medium-large area, high frequency and long persistence), and Type 4 (small-medium area, highest frequency and coverage), with spatial distributions linked to climate and human activities. (3) Natural factors (temperature and precipitation) dominated Frequency and Persistence (temperature-driven in Types 1 and 3; precipitation-driven in Type 4), while Coverage was primarily influenced by human activities (cropland and population density), except in Type 4. This multi-phenological framework clarifies spatiotemporal patterns and drivers of AB in Chinese lakes, offering scientific insights for ecological protection and water quality management. © 2025 Elsevier B.V., All rights reserved.","Algal Bloom; Climate-human Interaction; Lakes; Phenology; Remote Sensing; Ecosystems; Factor Analysis; Hierarchical Clustering; Population Statistics; Quality Management; Algal Blooms; Climate-human Interaction; Hier-archical Clustering; Hierarchical Clustering; High Frequency Hf; Human Activities; Humaninteraction; Phenology; Remote-sensing; Spatial Heterogeneity; Lakes; Remote Sensing; Algal Bloom; Eutrophication; Factor Analysis; Heterogeneity; Human Activity; Lacustrine Environment; Modis; Nature-society Relations; Phenology; Satellite Data; Spatiotemporal Analysis; Water Quality; China"
"Bird meta-community functional networks between urban parks and conservation areas","2025","Ecological Indicators","10.1016/j.ecolind.2025.113897","https://www.scopus.com/inward/record.uri?eid=2-s2.0-105011054427&doi=10.1016%2Fj.ecolind.2025.113897&partnerID=40&md5=bc99e1dca5e4c381202e5399f5169582","The adaptation of biological communities to urban environments is essential in ecological research. While current studies predominantly focus on alpha or beta diversity, community network perspective remain limited. Our research took birds as a model system to address: Do meta-community networks differ significantly between urban parks and conservation areas? Using functional traits, encompassing body mass, diet, and foraging strata, we compared betweenness, closeness, and degree centrality in bird meta-community across 128 urban parks and 129 conservation areas. We found that: 1) Closeness centrality was significantly higher in urban diet networks than in conservation areas. No significant differences were occurred in foraging stratum or body mass networks. 2) Betweenness centrality: Diet networks: nectarivores and terrestrial plant consumers showed the highest centrality at urban parks, while no significant hubs emerged in conservation areas. At foraging stratum perspective, aquatic dive-foraging group dominated urban systems, whereas aerial sallying birds served as key connectors in conservation areas. At body mass perspective, mini birds acted as hubs in urban parks, with no significant hubs in conservation areas. 3) Degree centrality showed no significant differences between habitats across all functional networks. Our results indicate that bird meta-community networks in urban parks exhibit slower information transfer and higher betweenness centrality hubs than conservation areas, suggesting greater structural vulnerability in urban networks. These distinct functional networks between urban and natural bird communities provide deep insights for urban ecology and biodiversity conservation. © 2025 Elsevier B.V., All rights reserved.","Bird Community; Bird Network; Functional Network; Urban Bird; Urban Park; Abiotic; Anthropogenic; Biodiversity; Biotic; Birds; Conservation; Ecosystems; Nutrition; Urban Planning; Betweenness Centrality; Bird Network; Birds Communities; Body Mass; Community Networks; Conservation Areas; Functional Network; Meta Communities; Urban Bird; Urban Parks; Antennas; Biodiversity; Bird; Body Mass; Park Design; Protected Area; Urban Area; Urban Ecosystem"
"A water-carbon-economic model coupling system dynamics and InVEST for Wuhan's sustainability assessment","2025","Ecological Indicators","10.1016/j.ecolind.2025.113893","https://www.scopus.com/inward/record.uri?eid=2-s2.0-105011031864&doi=10.1016%2Fj.ecolind.2025.113893&partnerID=40&md5=b0861930fe77a77bd32d3000e67d47cc","Understanding the interactions between water security, carbon storage, and economic and social development (WCE) is critical for achieving sustainable urbanization. This study establishes a coupled WCE system model for Wuhan, China, by integrating System Dynamics (SD) and the Integrated Valuation of Ecosystem Services and Tradeoffs (InVEST) model to quantify dynamic socioeconomic processes and spatial ecological patterns. A mechanical model was further employed to quantify system coordination and assess urban sustainability. Future scenarios were simulated to identify optimal development pathways. The results showed: (1) During the historical period (2000–2020), green economic and social development enhanced resource utilization efficiency (+289%) but reduced ecological security levels (−41%). (2) WCE system coordination improved (0.45 → 0.68), while the primary constraint shifted from water scarcity to carbon storage deficit. (3) Future scenario simulations (2021–2030) indicate declining coordination under baseline scenario, whereas the low-carbon green strategy achieves optimal coordination (>0.8), significantly outperforming ecological protection and high-intensity urbanization strategies. This work provides the first quantitative assessment of WCE interactions and coordination status in megalopolises along the Yangtze River Basin, demonstrating the advantage of SD-InVEST coupling in integrating socioeconomic dynamics with ecosystem spatial processes. The proposed framework offers a scientific tool for comprehensive urban planning incorporating water-carbon-economy nexus, with the low-carbon green pathway identified as essential for enhancing sustainability. © 2025 Elsevier B.V., All rights reserved.","Carbon Storage; Invest; Sustainable Development; System Dynamics; Water Security; Carbon; Carbon Economy; Dynamics; Economic And Social Effects; Economics; Ecosystems; Green Economy; Investments; System Theory; Urban Planning; Carbon Storage; Coupling Systems; Economic And Social Development; Economic Models; Integrated Valuation Of Ecosystem Service And Tradeoff; Low-carbon Greens; Model Coupling; System Dynamics; Valuation Of Ecosystem Services; Water Security; Sustainable Development; Carbon Storage; Ecosystem Service; Environmental Modeling; Resource Use; Social Development; Sustainability; Sustainable Development; Trade-off; Urban Planning; Urbanization; China; Hubei; Wuhan; Yangtze Basin"
"Introducing evascape, a model-based soundscape assembler: impact of background sounds on biodiversity monitoring with ecoacoustic indices","2025","Ecological Indicators","10.1016/j.ecolind.2025.113882","https://www.scopus.com/inward/record.uri?eid=2-s2.0-105010971135&doi=10.1016%2Fj.ecolind.2025.113882&partnerID=40&md5=b64032cc9b9776b49c8cd39c57c6c111","The development of ecoacoustics and soundscape ecology is linked to the development of field recording techniques and the production of large and diverse sound databases representative of various environments. However, an important caveat in this approach lies in the lack of reference data, limiting the possibility of developing acoustic biodiversity indices and assessing their sensitivity to environmental change. To address this issue, previous studies have attempted to generate “engineered soundscapes”, that is artificial soundscape recordings which offer some control on, among other aspects, species diversity. Unfortunately, these tools lack complexity and realism, limiting their ecological validity. Here, we introduce Evascape, a Python algorithm informed by available knowledge in soundscape ecology aiming at producing assembled soundscapes with high ecological validity. The algorithm offers the possibility to control biophony (number of species, number of individuals, time organization), geophony (wind and rain with adjustable level), anthropophony (aircraft noise) and sound propagation effects (frequency-dependent attenuation function of the habitat). The algorithm was tested using an acoustic database collected in a protected European cold forest. The generated assembled soundscapes were then used to assess a selection of commonly-used ecoacoustic indices across a large number of controlled scenarios, and to identify the indices that respond most strongly to changes in species richness. Evascape opens the path to other ecoacoustics-related research programs, offering the possibility to design empirical and computational experiments with controlled soundscape parameters. © 2025 Elsevier B.V., All rights reserved.","Acoustic Biodiversity; Bird Behavior; Ecoacoustic Index; Ecological Validity; Noise Pollution; Soundscape Assemblage; Acoustic Noise; Acoustic Variables Control; Acoustic Wave Propagation; Audio Recordings; Bioacoustics; Biodiversity; Conservation; Fighter Aircraft; Forestry; Acoustic Biodiversity; Biodiversity Monitoring; Bird Behavior; Ecoacoustic Index; Ecological Validity; Field Recording; Model-based Opc; Sound Database; Soundscape Assemblage; Soundscapes; Noise Pollution; Acoustics; Algorithm; Biodiversity; Bird; Environmental Change; Environmental Monitoring; Noise Pollution; Protected Area; Sound Propagation; Species Diversity; Species Richness"
"Delineating ecological improvement zones based on impact thresholds of ecosystem health changes in Northwest Hubei, China","2025","Ecological Indicators","10.1016/j.ecolind.2025.113898","https://www.scopus.com/inward/record.uri?eid=2-s2.0-105010968089&doi=10.1016%2Fj.ecolind.2025.113898&partnerID=40&md5=57530299f0ee6144acbdebea54330f35","The impacts of different driving factors on ecosystem health involve complex nonlinear response mechanism. Here, we focus on northwest Hubei Province in China, an ecologically sensitive area designated as a national ecological function reserve, and employ a multi-source data and multi-model integration framework to investigate the mechanisms by which different drivers influence ecosystem health. We also delineate zones of ecological improvement under various land cover change scenarios. The research results show that: The Kappa coefficients of land cover prediction under different scenarios in 2040 are above 0.9. The nonlinear relationship between different drivers and ecosystem health, such as inverted “U”-shaped and concave wave-shaped curves, is depicted using constraint lines. Based on this, restricted cubic spline functions were employed to determine the impact thresholds of different driving factors. For example, the DEM threshold in the ecological functional zone1 (BIO-CS synergetic bundle) decreased from 1,160 m in 2020 to 450 m in 2040. And spatial overlay analysis was used to delineate ecological improvement zones (EIZs). Compared with 2020, the centers of EIZs under different land cover change scenarios in 2040 shifted to southeast, and the areas showed a decreasing trend. Among them, the economic development scenario decreased the most, with an area of 1,826.22 km2. This study aims to provide a scientific basis for decision-making in the construction of the regional ecological security pattern. © 2025 Elsevier B.V., All rights reserved.","Ecological Improvement Zone; Ecosystem Health; Multi-model Integration; Nonlinear Response; Northwest Hubei; Behavioral Research; Driving Factors; Ecological Improvement; Ecological Improvement Zone; Ecosystem Health; Hubei China; Land-cover Change; Multi-model Integration; Non-linear Response; Northwest Hubei; Zone-based; Ecosystems; Decision Making; Ecological Approach; Economic Development; Ecosystem Health; Land Cover; Nonlinearity; China; Hubei"
"The mortality impacts of implementing the 3-30-300 greenness rule in Taranto, Southern Italy","2025","Ecological Indicators","10.1016/j.ecolind.2025.113895","https://www.scopus.com/inward/record.uri?eid=2-s2.0-105010954600&doi=10.1016%2Fj.ecolind.2025.113895&partnerID=40&md5=f91efe449f065cb1cb99bd0fffd8c443","The '3-30-300' rule advocates for 30 % tree canopy cover in neighborhoods, with no one living more than 300 m from green space. This health impact assessment study evaluated how implementing this policy could reduce adult mortality in Taranto, an industrialized area in Southern Italy. Population-weighted exposures were calculated using 2020 population data, and 2022 satellite data at 10-meter resolution within 300 m from homes. The study derived a normalized difference vegetation index (NDVI) target corresponding to a 30 % tree-cover, and to interim targets from 10 % to 25 %. The uncertainty analysis was based on 100,000 Monte-Carlo simulations. The results for 2022 estimated that achieving the 30 % tree-cover target, currently achieved by only 1.4 % of the population and corresponding to an estimated NDVI of 0.33 (95 % confidence interval: 0.32–0.33), could prevent 123 (93–155) deaths and 1,246 (929–1,563) years of life lost, reducing mortality by 5.3 % (3.9–6.6 %). Three-cover, shrubland, grassland and cropland were associated with higher NDVI, while built-up areas and deprivation were linked to lower greenness. © 2025 Elsevier B.V., All rights reserved.","Contaminated Areas; Green Spaces; Greening; Health Impact Assessment; Ndvi; Preventable Deaths; Tree Cover; Urban Health; Forestry; Intelligent Computing; Monte Carlo Methods; Population Statistics; Uncertainty Analysis; Contaminated Areas; Green Spaces; Greening; Health Impact Assessment; Normalized Difference Vegetation Index; Preventable Death; Southern Italy; Tree Canopy Covers; Tree Cover; Urban Health; Intelligent Systems; Adult; Canopy Architecture; Greenspace; Health Impact; Mortality; Ndvi; Policy Implementation; Satellite Data; Uncertainty Analysis; Italy; Puglia; Taranto"
"Assessing the integrated conservation effectiveness of protected areas on forest ecosystems in the Three Parallel Rivers Region, China","2025","Ecological Indicators","10.1016/j.ecolind.2025.113906","https://www.scopus.com/inward/record.uri?eid=2-s2.0-105010935718&doi=10.1016%2Fj.ecolind.2025.113906&partnerID=40&md5=cc3a7b280506cc08a2e136cefd425d9c","Protected areas (PAs) are critical for safeguarding biodiversity and maintaining ecosystem services. Assessing the conservation effectiveness of PAs in preserving forest ecosystem is of considerable significance in promoting management and policy recommendations of PAs. However, studies on the integrated effectiveness of PAs in enhancing forest coverage, improving forest ecosystem services, and mitigating forest fragmentation remains relatively limited. In this study, we chose three indicators include fraction vegetation coverage (FVC), forest fragmentation index (FFI), and ecosystem services (ESs, including water retention, soil conservation, carbon sequestration, and habitat quality) to investigate the conservation effectiveness of PAs in preserving forest ecosystems within the Three Parallel Rivers Region (TPRR), China. The results indicated that during the past two decades (2001–2020), 48.81%, 52.11%, and 59.82% of the areas within PAs showed positive or stable trends in FVC, FFI, and ESs, respectively. The integrated assessment revealed mixed results: 33.03% of the area within PAs achieved high conservation effectiveness, while 60.73% showed medium effectiveness. Overall, while 93.76% of the area showed a positive trend in at least one of the three indicators, this highlights the complex trade-offs in conservation outcomes. Moreover, the influencing factors of integrated conservation effectiveness were analyzed using the random forest model, revealing that natural factors and the size of protected areas had the greatest impact. To further enhance overall conservation effectiveness, more stringent management measures should be implemented at the local level nature reserves in this region. This multi-indicator assessment reveals the complexity of forest ecosystems across different regions, which facilitates the incorporation of additional indicators and provides guidance for a more comprehensive evaluation of the conservation effectiveness of diverse natural ecosystems in future research. © 2025 Elsevier B.V., All rights reserved.","Ecosystem Services; Forest Fragmentation Index; Fraction Vegetation Coverage; Human Disturbance; Natural Parks; Nature Reserves; Biodiversity; Carbon Sequestration; Decision Trees; Ecosystems; Environmental Protection; Forestry; Random Forests; Soil Conservation; Vegetation; Water Conservation; Ecosystem Services; Forest Fragmentation Index; Forest Fragmentations; Fraction Vegetation Coverage; Fragmentation Index; Human Disturbances; Natural Park; Nature Reserves; Protected Areas; Vegetation Coverage; Economic And Social Effects; Biodiversity; Conservation Management; Ecosystem Service; Forest Ecosystem; Habitat Fragmentation; National Park; Nature Reserve; Protected Area; River Basin; Vegetation Cover; China"
"Spatio-temporal variability of elemental fingerprints of goose Barnacles (Pollicipes pollicipes) capitula and its relevance to fight poaching through traceability","2025","Ecological Indicators","10.1016/j.ecolind.2025.113913","https://www.scopus.com/inward/record.uri?eid=2-s2.0-105010894616&doi=10.1016%2Fj.ecolind.2025.113913&partnerID=40&md5=154268312a96d4ab22363a0495c5b6ce","The goose barnacle (Pollicipes pollicipes) is one of the most important economic resources in the rocky shores of Portugal and Spain, supporting professional and recreational fisheries. Despite diverse management efforts, poaching remains a widespread problem, often violating spatial and temporal closures. Traceability tools based on biogeochemical signatures of P. pollicipes tissues provide a science-based solution to confirm provenance. This study examines the spatio-temporal variability of elemental fingerprints (EF) in P. pollicipes capitula collected at three different times from two to eight locations per time along the NW and W Iberian coast and assesses the potential of these biogeochemical signatures to confirm location and time of harvesting. Furthermore, to enhance the cost-efficiency of these tools, it also evaluates whether temporal variability affects the accuracy of predictive models by inferring harvesting locations when using samples collected at different times. A marked spatio-temporal variability in EF was observed, with all assessed elements (Al, Ba, K, Mg, Na, P, and Sr) playing key roles in all predictive models. The three Random Forest models assembled, each corresponding to a different sampling time, revealed high accuracy when assigning samples to their original location summer 2018 = 73.3–100 % of correct assignment, mean value 90.8 %; summer 2019 = 80–100 %, mean value 93.3 %. The model developed to confirm the sampling time achieved an accuracy between 86.7 and 100 %, mean value 93.3 %. However, when models were built and tested with samples from different sampling times, location accuracy dropped considerably (ranging from 0 to 83.3 %, mean value 5–31.4 %). Despite this limitation, these findings support fishery management by showcasing the possibility to confirm the geographic origin of P. pollicipes and determine whether they were illegally sourced from no take zones and periods. © 2025 Elsevier B.V., All rights reserved.","Cirripeds; Fisheries Management; Icp-ms; Illegal Harvesting; Origin Certification; Seafood; Small-scale Fisheries; Fisheries; Harvesting; Cirriped; Fisheries Management; Icp-ms; Illegal Harvesting; Mean Values; Origin Certification; Sampling Time; Seafood; Small-scale Fisheries; Spatiotemporal Variability; Location; Biogeochemistry; Certification; Crustacean Culture; Fishery Management; Harvesting; Mass Spectrometry; Poaching; Seafood; Spatiotemporal Analysis; Portugal; Spain"
"DDWQI: A novel water quality index based on data-driven approaches","2025","Ecological Indicators","10.1016/j.ecolind.2025.113850","https://www.scopus.com/inward/record.uri?eid=2-s2.0-105010869906&doi=10.1016%2Fj.ecolind.2025.113850&partnerID=40&md5=8cd81efdb49bd69d16235432c300ff86","Faced with the ongoing deterioration of global water quality, scientific assessment of water quality is crucial for water resource classification management and pollution source tracing. To improve the adaptability and accuracy of water quality evaluation methods, this study builds on the traditional water quality index, proposes a system for constructing water quality index based on a data-driven mechanism, achieves scientific optimization in terms of indicator selection, weight allocation, and aggregation calculation, and constructs a novel water quality index. In the indicator selection stage, machine learning, SHapley Additive exPlanations (SHAP), and recursive feature elimination are combined to quantify and select water quality indicators. In terms of weight allocation, a SHAP-ROC method based on water quality indicator contribution was proposed to enhance the objectivity and stability of weight calculation. In aggregation calculations, the Normalized Weighted Harmonic Mean (NWHM) function is applied to reduce indicator eclipsing effect and improve accuracy. To validate the practical application of this method, an empirical analysis was conducted using a reservoir in a city in eastern China as a case study. The results indicate that this method can effectively identify key water quality indicators. The coefficient of variation of the constructed weighting system is 0.85, and the weighting fit R2 is 0.86, significantly enhancing stability. In addition, the eclipsing effect of NWHM is 24.30%, better than traditional aggregation functions. The overall evaluation results demonstrate that the proposed method exhibits high reliability and applicability, offering an efficient and practical tool for water quality assessment in complex environments. © 2025 Elsevier B.V., All rights reserved.","Data Driven; Machine Learning; Rank Order Centroid; Shapley Additive Explanations; Water Quality Index; Additives; Agglomeration; Data Quality; Deterioration; Function Evaluation; Learning Systems; Machine Learning; Quality Assurance; Quality Control; Water Management; Water Pollution; Data Driven; Indicator Selections; Machine-learning; Rank Order Centroid; Rank Ordering; Shapley; Shapley Additive Explanation; Water Quality Indexes; Water Quality Indicators; Weights Allocations; Water Quality; Empirical Analysis; Machine Learning; Optimization; Pollutant Source; Reservoir; Water Quality; Water Resource; China"
"Study on the water quality evolution mechanism of typical shallow lake based on in-depth mining of water quality indicators","2025","Ecological Indicators","10.1016/j.ecolind.2025.113914","https://www.scopus.com/inward/record.uri?eid=2-s2.0-105010860415&doi=10.1016%2Fj.ecolind.2025.113914&partnerID=40&md5=c1e943cbd3562a686322181e3f38b0e9","The water quality (WQ) of Baiyangdian Lake (BYDL), known as the ‘kidney of North China’, declined continuously for about four decades from the 1980s because of socioeconomic development. Since the Xiong'an New Area was established in 2017, remediation efforts have been implemented and the WQ has improved. In this study, we analyzed six years of WQ data from BYDL using ordinary least squares regression, time series analysis, and the Mann-Kendall trend test. The results reveal a marked improvement in WQ since 2018, with Class III accounting for over 60 % of observations. There were significant decreasing trends in chemical oxygen demand, total nitrogen, total phosphorus, ammonia nitrogen, and Chlorophyll-a (p < 0.05) and an overall increasing trend in dissolved oxygen (p < 0.05). The WQ indicators varied seasonally. The WQ improvements generally aligned with the timing and patterns of the major engineering interventions but short-term fluctuations in the WQ indicators may have been caused by climatic variability. The findings highlight the complexity of the WQ pattens in BYDL and illustrate that the management strategy shifted from an initial phase that focused on pollution control to a second phase of ecological restoration integrated with environmental governance. This information can be used to refine future restoration strategies for BYDL and to guide sustainable management practices in similar shallow lake systems. © 2025 Elsevier B.V., All rights reserved.","Baiyangdian Lake; Coupling Influence; Feedback Mechanism; Mann-kendall Trend Analysis; Water Quality Evolution; Ammonia; Biochemical Oxygen Demand; Dissolved Oxygen; Environmental Management; Lake Pollution; Lakes; Nitrogen; Quality Control; Regression Analysis; Remediation; Restoration; Sustainable Development; Time Series Analysis; Baiyangdian Lakes; Coupling Influence; Evolution Mechanism; Feedback Mechanisms; Mann-kendall Trend Analyze; Mann-kendall Trends; Shallow Lakes; Trend Analysis; Water Quality Evolution; Water Quality Indicators; Water Quality; Ammonia; Dissolved Oxygen; Feedback Mechanism; Lake Water; Pollution Control; Water Quality; Baiyangdian Lake; China; Hebei"
"Analysis of spatial and temporal characteristics and influence mechanisms of blue-green spaces in China's, 2000–2020","2025","Ecological Indicators","10.1016/j.ecolind.2025.113903","https://www.scopus.com/inward/record.uri?eid=2-s2.0-105010846984&doi=10.1016%2Fj.ecolind.2025.113903&partnerID=40&md5=aa381c3358969956b2e5a76cc2206813","Blue-green spaces are critical in mitigating climate challenges, preserving ecological equilibrium, and enhancing land quality. Previous research predominantly relied on traditional geographic detectors, focusing narrowly on the evolution of blue-green spaces within individual cities or provinces, while neglecting macro-scale investigations. This research employed a comprehensive approach to investigate the evolution patterns of China's blue-green spaces from 2000 to 2020, utilizing the optimal-parameter geographic detector to elucidate the roles of its driving factors. Ultimately, three scenarios for the blue-green spatial distribution in 2030 were simulated. The results showed: (1) Based on land use data spanning two decades (2000–2020), the area of blue-green spaces had steadily diminished, contracting from 7,320,700 km2 to 7,270,200 km2. (2) 99.35 % of areas exhibited no significant change in blue-green spaces, while a significant upward trend (0.40 %) was predominantly observed in the eastern region and a significant downward trend (0.25 %) was in the northern and western regions. (3) Both natural and anthropogenic factors contributed to the evolution of blue-green spaces. During the study period, the influence of human activities had intensified, and the combined effects of any two factors were greater than their individual contributions. (4) Across three developmental scenarios, the area of blue-green spaces continued inexorable decline, with areas projected at 7,163,800 km2 (natural development), 7,180,700 km2 (ecological protection), and 7,093,800 km2 (urban development) respectively. This study not only unravels the intricate processes and pivotal influencing factors governing the evolution of blue-green spaces but also furnishes critical quantitative evidence for safeguarding and planning these essential spaces. © 2025 Elsevier B.V., All rights reserved.","Blue-green Spaces; China; Scenario; Spatiotemporal Analysis; Ecology; Green Development; Green Economy; Land Use; Macroinvertebrates; Natural Environment; Blue-green Space; China; Climate Challenges; Geographics; Green Spaces; Influence Mechanism; Scenario; Spatial Characteristics; Spatiotemporal Analysis; Temporal Characteristics; Urban Growth; Greenspace; Land Use; Spatial Distribution; Spatiotemporal Analysis; Urban Planning"
"Global insights into the role of biochar in mitigating antibiotic resistance genes: Key properties and research trends","2025","Ecological Indicators","10.1016/j.ecolind.2025.113896","https://www.scopus.com/inward/record.uri?eid=2-s2.0-105010846845&doi=10.1016%2Fj.ecolind.2025.113896&partnerID=40&md5=71d7b696e359e333f7bc304f4e012f1c","Antibiotic resistance genes (ARGs), one of micro-pollutant, has become a global and persistent challenge, threatening ecosystems and human health. Currently, there has been a significant increase in research on using green methods, such as biochar, to mitigate ARGs. This study provides a comprehensive review of the influence of biochar on antibiotics and ARGs in various environmental contexts through a bibliometric analysis of 864 related publications since 2011. Notably, China has emerged as leading contributor in terms of published papers, followed by the United States and Australia. Through co-authorship network analysis, we identified 434 different institutions that participated in this field. In the multiple correspondence analysis of keyword, we identified three main clusters focusing on the importance of understanding the biological and chemical interactions between biochar and microbial communities, the use of advanced oxidation processes and specific chemical agents on biochar and the application and modification of biochar for environmental remediation. By thematic evolution analysis of the keywords, we observed that research topics have shifted from the early detection of what extent could biochar influence antibiotic bioavailability for ARG control, to the environmental applications of biochar/modified biochar as solution to address antibiotic resistance in recent 12 years. Furthermore, we conducted an in-depth discussion on the current international research status of this field in water, soil and aerobic anaerobic context, and also highlighted the mechanisms and modification technologies of biochar. Overall, this study holds significant value, serving as an important reference point and offering new and valuable perspectives and directions for future researchers in this rapidly advancing field. © 2025 Elsevier B.V., All rights reserved.","Antibiotic Resistance Genes; Antibiotics; Biochar; Environmental Micro-pollution; Soil/water Remediation; Biochemistry; Chemical Modification; Environmental Microbiology; Environmental Remediation; Genes; Remediation; Soil Pollution; Antibiotic Resistance Genes; Biochar; Environmental Micro-pollution; Global Insights; Micropollutants; Property; Research Trends; Soil Water; Soil/water Remediation; Water Remediation; Antibiotics; Antibiotic Resistance; Bioavailability; Biochar; Correspondence Analysis; Oxidation; Research Method; Soil Remediation; Australia; China; United States"
"Threshold response of net primary productivity to climate change in the Qilian Mountains (2001–2022)","2025","Ecological Indicators","10.1016/j.ecolind.2025.113900","https://www.scopus.com/inward/record.uri?eid=2-s2.0-105010840014&doi=10.1016%2Fj.ecolind.2025.113900&partnerID=40&md5=a64084e20fb48fa8d91e2b73a5f467e7","Alpine arid ecosystems are highly sensitive to climate change, necessitating an understanding of vegetation productivity for ecological management and adaptation. This study investigated net primary productivity (NPP) patterns in the Qilian Mountains, a representative alpine arid region in western China, from 2001 to 2022. Using a localized Carnegie-Ames-Stanford Approach (CASA) model combined with statistical and machine learning methods, we analyzed the spatiotemporal patterns, change trajectories, and climatic response mechanisms of NPP. Results indicate a significant increase (p < 0.05) in NPP across 59.90 % of the study area, particularly in the central and western sections. Increased precipitation and glacial meltwater drove grassland expansion and productivity improvement. Temperature emerged as the dominant driver of NPP interannual variations, exerting a stronger influence than precipitation, vapor pressure deficit, and solar radiation across 39.04 % of the region. Trajectory analysis revealed that while positive NPP changes predominantly followed linearity, negative changes were typically characterized by abrupt shifts. The change in moisture availability is regarded as a critical determinant of the instability of NPP. Positive abrupt shifts of NPP often occur in wet years, and low (<15 %) or high (>32 %) precipitation variability as well as reduced solar radiation (slope < −0.9 MJ/m2/year) are all conducive to the positive abrupt shifts of NPP. Furthermore, in arid ecosystems (aridity index < 0.22) with fractional vegetation cover below 14 %, the likelihood of positive abrupt shifts is notably higher. These findings provide critical insights for ecosystem conservation strategies and predicting ecological responses to future climate scenarios in vulnerable alpine arid regions. © 2025 Elsevier B.V., All rights reserved.","Ecosystem Stability; Npp; Qilian Mountains; Spatiotemporal Variation; Threshold; Trajectory Diagnosis; Abiotic; Arid Regions; Climate Change; Climate Models; Conservation; Ecosystems; Landforms; Learning Systems; Solar Radiation; Trajectories; Arid Ecosystems; Ecological Managements; Ecosystem Stability; Net Primary Productivity; Qilian Mountains; Spatio-temporal Variation; Threshold; Trajectory Diagnose; Vegetation Productivity; Western China; Vegetation; Arid Region; Climate Change; Conservation Planning; Ecosystem Management; Grassland; Machine Learning; Net Primary Production; Spatiotemporal Analysis; Threshold; Trajectory; Vegetation Cover; China; Qilian Mountains"
"Tailoring an economic-ecological-tourism coupling framework for arid-region ski resorts: A PSR model-based case study of Xinjiang, China","2025","Ecological Indicators","10.1016/j.ecolind.2025.113881","https://www.scopus.com/inward/record.uri?eid=2-s2.0-105010682666&doi=10.1016%2Fj.ecolind.2025.113881&partnerID=40&md5=1545461d90bb03acc4620ec55314b6f2","Arid regions constitute 40.6 % of the global landmass, with their climatic characteristics of low precipitation, high evaporation, and ecological fragility imposing severe challenges on ice-snow tourism development. Take the Sierra Nevada in Spain and Utah in the United States as examples, large-scale development of ski resorts in arid areas has triggered ecological crises such as water resource depletion and vegetation disturbance. However, existing studies suffer from insufficient understanding of the unique interaction mechanism of “rigid water resource constraints-tourism development-ecological response” in arid regions, leading to a shortage of precise assessment tools. To bridge this gap, this study takes 31 S-class ski resorts in Xinjiang, China (with 2011–2023 panel data) as a case, constructs an “Economic-Ecological-Tourism” (EET) coupling coordination indicator system based on the PSR model, and integrates entropy-weighted TOPSIS, obstacle degree model, and grey prediction model to form a closed-loop methodology of “indicator screening-obstacle diagnosis-trend prediction”. The findings show that the EET coupling coordination degree of Xinjiang ski resorts has increased from near-disharmony (0.386) to primary coordination (0.636), with the type shifting from “economy-lagging” to “tourism-lagging”. Tourism traffic convenience (road density, passenger turnover) emerges as the core obstacle factor. The coupling coordination degree is projected to continue rising in the next decade, stabilizing in the primary coordination stage (D ≥ 0.65) by 2027. This study validates the “asymmetric response” theory of ecological thresholds in arid regions, and proposes policy recommendations such as the “ecological rigid constraint coefficient” and “inclusion of carbon emissions in environmental certification”, providing a transplantable quantitative management paradigm for ski resorts in arid regions of Central Asia and North America. © 2025 Elsevier B.V., All rights reserved.","Arid Region; Coupling Coordination; Ecological Indicators; Entropy-weighted Topsis; Management Transformation; Psr Model; Ski Resort; Entropy; Environmental Management; Information Management; Recreational Facilities; Tourism; Water Resources; Coordination Degree; Coupling Coordination; Ecological Indicators; Entropy-weighted Topsis; Management Transformation; Psr Model; Ski Resort; Tourism Development; Waters Resources; Xinjiang; Arid Regions; Arid Region; Carbon Emission; Entropy; Environmental Indicator; Prediction; Resource Depletion; Tourism Development; Water Resource; California; Central Asia; China; Sierra Nevada [california]; Spain; United States; Utah; Xinjiang Uygur"
"Monitoring UK saltmarsh restoration using earth observation for national greenhouse gas accounting","2025","Ecological Indicators","10.1016/j.ecolind.2025.113867","https://www.scopus.com/inward/record.uri?eid=2-s2.0-105010674057&doi=10.1016%2Fj.ecolind.2025.113867&partnerID=40&md5=455dd17371a9c8110f503b76749ab1c3","Saltmarsh habitats are recognised for their role in long-term sequestration and storage of ‘blue carbon’. Historically, saltmarshes have been subject to high levels of drainage and land-use change, resulting in past CO<inf>2</inf> emissions. However, reversing these management practices through rewetting and revegetation of saltmarsh at coastal realignment sites presents opportunities to sequester carbon as part of a nature-based mitigation against climate change. We used Google Earth Engine to develop a model based on satellite data that can monitor annual saltmarsh vegetation cover changes following restoration across five UK test sites. Classification of saltmarsh communities was ultimately based on monthly 75th centile Normalized Difference Vegetation Index (NDVI) values, which represents “greenness” of the land surface, to minimise the effect of tidal phases. Model results demonstrate a useful method for historic and continued monitoring of saltmarsh habitat condition, with initial accuracy of 62% for the NDVI classification. However, when classification was simplified into vegetated versus bare soils (i.e. the criteria for inclusion into national GHG inventory reporting) accuracy of over 90% was reported. This method provides a living picture of colonised saltmarsh that could be upscaled for tracking the carbon removals associated with saltmarsh restoration and management in GHG inventories. © 2025 Elsevier B.V., All rights reserved.","Earth Observation; Greenhouse Gas Inventory; Managed Realignment; Normalised Difference Vegetation Index; Saltmarsh; Carbon Sequestration; Climate Change; Digital Storage; Ecosystems; Land Use; Observatories; Restoration; Soil Conservation; Vegetation; Co 2 Emission; Earth Observations; Greenhouse Gas Accountings; Greenhouse Gas Inventory; Landuse Change; Managed Realignment; Management Practises; Normalized Difference Vegetation Index; Re-wetting; Salt Marshes; Greenhouse Gases; Climate Change; Eos; Greenhouse Gas; Management Practice; Ndvi; Saltmarsh; Satellite Data; United Kingdom"
"Delineating ecological management and control zonings integrating current situation assessment and future scenario simulation: A case study of the Dianchi Lake basin","2025","Ecological Indicators","10.1016/j.ecolind.2025.113816","https://www.scopus.com/inward/record.uri?eid=2-s2.0-105010566510&doi=10.1016%2Fj.ecolind.2025.113816&partnerID=40&md5=d0c0e0c7a249f64d5d1b280e43339f34","Delineating ecological management and control zoning is a prime approach to restrict the uncontrolled sprawl of construction land and enhance the quality of ecosystems in urban and regional planning. However, the consideration and integration of ecological protection objectives and future land use changes in identifying and delineating Ecological Management and Control Zones (EMCZs) have been insufficient. This study focuses on the Dianchi Lake Basin (DLB), combining the Multi-Objective Planning (MOP) and Patch-generated Land Use Simulation (PLUS) models to comprehensively balance socioeconomic development and ecological protection goals under different simulation scenarios. An ecosystem evaluation indicator system was also established to analyze the spatial pattern of ecosystems at the sub-watershed scale. In the Sustainable Development (SD) scenario, forest land area increased by 72.26 km2 compared to 2020, whereas the expansion of construction land decreased by 83.07 km2 relative to the Natural Development (ND) scenario in 2030. Based on the results of the ecosystem evaluation, the research units were classified into four levels: excellent, good, moderate, and poor. On this basis, considering protection policy requirements, urban development needs, and ecosystem differences, nine types of management and control zoning with a concentric spatial layout centered on lake protection were delineated. Different management requirements were proposed for each zone based on their development goals and ecological conditions. This study provides scientific support for future land use planning and ecological management in the study area and serves as a reference for ecological protection strategies in similar basins. © 2025 Elsevier B.V., All rights reserved.","Dianchi Lake Basin; Ecological Zoning; Ecosystem Evaluation; Land Use Simulation; Management And Control; Economic And Social Effects; Economics; Ecosystems; Environmental Management; Forestry; Land Use; Regional Planning; Research And Development Management; Sustainable Development; Urban Growth; Zoning; Construction Land; Current Situation; Development Scenarios; Dianchi Lake Basins; Ecological Managements; Ecological Protection; Ecological Zoning; Ecosystem Evaluation; Land Use Simulation; Management And Controls; Lakes; Ecozone; Forest Ecosystem; Land Use; Land Use Planning; Spatiotemporal Analysis; Urban Development; Dianchi Basin"
"Assessing the drivers of bird diversity in urban parks during winter: Insights from acoustic indices","2025","Ecological Indicators","10.1016/j.ecolind.2025.113854","https://www.scopus.com/inward/record.uri?eid=2-s2.0-105010564608&doi=10.1016%2Fj.ecolind.2025.113854&partnerID=40&md5=d349167f580e58c0f84411f097aa4aff","As urbanisation accelerates, the biodiversity of urban ecosystems faces increasing challenges. Birds as indicator species, can reflect ecosystem health. Urban parks play a vital role in mitigating the pressures of urbanisation by providing critical habitats and breeding sites for birds. Passive acoustic monitoring (PAM) techniques have rapidly progressed in ecological research with automated data collection and big data development. PAM has been widely used in forest ecological monitoring and assessment, with acoustic indices developed to estimate faunal diversity. However, its application to urban bird activity, particularly under winter conditions, remains underexplored. In this study, PAM was used to assess the acoustic activity of winter birds in Nanjing, China. The study recorded at 30 sampling points in 10 urban parks for a duration of 24 h and used these data to calculate six common acoustic indices, vegetation characteristics and anthropogenic variables obtained through field surveys and GIS-based spatial analysis. The objective of this study was to identify the key vegetation and anthropogenic factors influencing bird acoustic activity in urban environments during winter, and to provide insights into urban ecosystem conservation strategies. We conclude that (i) acoustic indices can reflect the diurnal variation of bird biological activities, and the dawn chorus of birds in Nanjing during winter is delayed as temperatures decrease. (ii) Vegetation structure significantly influences bird diversity, with shrub-rich vegetation in urban parks during winter proving particularly favourable. (iii) Anthropogenic disturbances such as urban noise negatively affect bird diversity. © 2025 Elsevier B.V., All rights reserved.","Acoustic Indices; Bird Diversity; Passive Acoustic Monitoring; Soundscape; Urban Parks; Abiotic; Acoustic Measuring Instruments; Acoustic Noise; Acoustic Variables Measurement; Anthropogenic; Biodiversity; Biotic; Birds; Conservation; Ecosystems; Forest Ecology; Forestry; Urban Growth; Acoustic Activity; Acoustic Index; Bird Diversity; Ecosystem Health; Indicator Species; Nanjing; Passive Acoustic Monitoring; Soundscapes; Urban Ecosystem; Urban Parks; Vegetation; Biodiversity; Bird; Conservation Management; Conservation Status; Diurnal Variation; Forest Ecosystem; Urban Ecosystem; Urbanization; Vegetation Structure; Nanjing [jiangsu]"
"Monitoring woody landscape features in Dutch rural landscapes","2025","Ecological Indicators","10.1016/j.ecolind.2025.113853","https://www.scopus.com/inward/record.uri?eid=2-s2.0-105010562477&doi=10.1016%2Fj.ecolind.2025.113853&partnerID=40&md5=23cbc5bd066da28d035df49619b66e17","Woody landscape features (WLF) declined sharply in the Netherlands in the twentieth century, with negative consequences on biodiversity and ecosystem services. EU and national policies aim to reverse this trend. However, recent assessments of WLF in the Netherlands are lacking. Ecosystem Accounts (EA) could support the monitoring of WLF but data on WLF in the Dutch EA is incomplete. Therefore this paper has the dual objective to assess WLF in the Netherlands, and to analyse how WLF can be monitored with EA, complemented with Laser Imaging Detection and Ranging (LiDAR) data. We used three Dutch rural regions, with different landscape characteristics and WLF densities, as case studies. We assessed the current extent and recent trends of WLF with LiDAR data, and compared the LiDAR based estimates with existing data in the Dutch EA. LiDAR based results indicated a density of WLF about 15% higher than the Dutch EA. However, even the WLF density as measured with LiDAR does not reach the EU and national policy targets for agricultural land in two of the three study areas. Moreover, both LiDAR data and the Dutch EA indicated that the area of WLF decreased over 2011–2021 in all study areas. LiDAR data can be used to enhance the Dutch EA for the purpose of monitoring WLF in rural landscapes, allowing a more complete representation of small features in agricultural fields and surrounding areas, such as farmyards, canals and road verges. Further efforts are needed to monitor and maintain Dutch WLFs. © 2025 Elsevier B.V., All rights reserved.","Agro-ecosystems; Common Agricultural Policy; Ecosystem Accounting; Hedgerows; Lidar; Woody Landscape Elements; Biodiversity; Ecosystems; Forestry; Remote Sensing; Rural Areas; Agro-ecosystems; Common Agricultural Policy; Ecosystem Accounting; Hedgerow; Imaging Detections; Landscape Elements; Landscape Feature; Laser Imaging; Laser Imaging Detection And Ranging; Woody Landscape Element; Optical Radar; Accountability; Agricultural Ecosystem; Agricultural Policy; Biodiversity; Ecosystem Service; Hedgerow; Lidar; Rural Landscape; Woody Plant; Netherlands"
"Spatiotemporal assessment of mangrove cover, soil salinity, and nutrient patterns in Chengmai County using remote sensing (2018–2023)","2025","Ecological Indicators","10.1016/j.ecolind.2025.113877","https://www.scopus.com/inward/record.uri?eid=2-s2.0-105010559336&doi=10.1016%2Fj.ecolind.2025.113877&partnerID=40&md5=b98968a27243fb09fdd615d29dddc903","The protection, conservation, and restoration of coastal ecosystems, including mangrove forests, are key targets of the United Nations Sustainable Development Goals (SDGs) for 2030. Ground-truth data combined with satellite-based observations provide essential historical insights, enabling the development of dynamic management strategies and the formulation of effective policy interventions. This study assesses the soil characteristics and mangrove cover in Chengmai County by integrating multiple datasets. The results indicate that most of the study area consists of non-saline to low-saline soils, with high and extreme salinity confined to the upper portion of the county. Soil pH remained acidic throughout the region, with values ranging from 4.4 to 6.2. Furthermore, the alkali-hydrolyzed nitrogen content ranged from 109 to 234.9 mg/kg, available phosphorus from 3.5 to 135 mg/kg, and available potassium from 24.3 to 124.1 mg/kg, respectively. Over six years (2018–2023), mangrove cover has shown an increasing trend, with a total expansion of 17.7 %. This increasing trend of mangroves suggests coastal resilience and enhanced ecosystem functionality. However, the observed trend indicates a possible stabilization in mangrove expansion or being influenced by specific environmental and anthropogenic factors regulating mangrove growth in the Chengmai region. © 2025 Elsevier B.V., All rights reserved.","Change Detection; Land Use Land Cover; Mangrove Conservation; Soil Salinity Assessment; Sustainable Development Goals (sdgs); Abiotic; Ecosystems; Environmental Protection; Expansion; Forestry; Land Use; Remote Sensing; Shore Protection; Soil Conservation; Soil Surveys; Soils; Stabilization; Sustainable Development Goals; Change Detection; Cover Soil; Land Use/land Cover; Mangrove Conservation; Remote-sensing; Salinity Assessments; Soil Nutrients; Soil Salinity; Soil Salinity Assessment; Sustainable Development Goal; Sustainable Development; Coastal Zone; Land Cover; Land Use Change; Mangrove; Ph; Remote Sensing; Saline Soil; Salinity; Soil Nutrient; Soil Stabilization; Sustainable Development Goal"
"Prey species richness and secondary forest among the key factors shaping Javan leopard distribution","2025","Ecological Indicators","10.1016/j.ecolind.2025.113879","https://www.scopus.com/inward/record.uri?eid=2-s2.0-105010558685&doi=10.1016%2Fj.ecolind.2025.113879&partnerID=40&md5=1d8b55a7eb5d8d1ccf8c7c63d95504f5","Apex predators serve as ecological indicators of a landscape's capacity to maintain ecological structure, function, and resilience. The Javan leopard (Panthera pardus melas G. Cuvier, 1809), an endangered subspecies endemic to Java, faces escalating threats from habitat loss and anthropogenic pressures. Identifying robust ecological drivers of its distribution is essential for informing effective conservation strategies. In this study, we employed ensemble species distribution modeling using presence-only occurrence data and a suite of abiotic, biotic, and anthropogenic variables to predict the potential distribution of the Javan leopard. The models demonstrated high predictive performance (True Skill Statistic: 0.863–0.878; Area Under the Curve: 0.973–0.979), revealing two main clusters of high habitat suitability in western and eastern Java, with fragmented patches in central Java. Prey species richness and proximity to secondary forests—those recovering from past disturbances—emerged as the strongest predictors of leopard presence. While primary forests (i.e., relatively undisturbed natural ecosystems) and broader landscape features also contributed to habitat suitability, our findings emphasize the importance of trophic interactions and habitat heterogeneity in sustaining leopard populations within human-modified landscapes. The results indicate that habitat protection alone is insufficient; conservation strategies must also prioritize the maintenance of prey populations and the preservation of diverse forest mosaics. Such integrated approaches are essential for ensuring the long-term persistence of this apex predator and the broader ecosystems it supports. © 2025 Elsevier B.V., All rights reserved.","Apex Predators; Biodiversity; Conservation; Ecological Indicators; Habitat Suitability; Java Island; Species Distribution Model; Abiotic; Anthropogenic; Biotic; Conservation; Ecosystems; Forest Ecology; Forestry; Java Programming Language; Population Distribution; Population Statistics; Apex Predator; Conservation Strategies; Ecological Indicators; Habitat Suitability; Java Island; Key Factors; Prey Species; Secondary Forests; Species Distribution Modeling; Species Richness; Biodiversity; Biodiversity; Conservation Planning; Endangered Species; Felid; Habitat Mosaic; Habitat Quality; Nature Conservation; Prey Availability; Spatial Distribution; Species Richness; Subspecies; Trophic Interaction; Greater Sunda Islands; Java; Sunda Isles"
"A new automatic AHP tool to assess the forest vulnerability to wind damage","2025","Ecological Indicators","10.1016/j.ecolind.2025.113607","https://www.scopus.com/inward/record.uri?eid=2-s2.0-105010529642&doi=10.1016%2Fj.ecolind.2025.113607&partnerID=40&md5=aa053a5f9d88ed8e3e343547d7961552","This study performs an analytical hierarchy process (AHP) approach in conjunction with spatial data to map the vulnerability of forests to wind damage. Forest management can be crucial in enhancing the resilience of forests to wind disturbances. However, to support decision-making processes to effectively manage forests, it is relevant to determine the most influential forest tree destruction drivers and calculate their weights. The criteria considered are wind speed, wind direction, the proportion of Norway spruce Picea abies, edaphic factors and tree age in the stand. However, a major obstacle to the application of decision-making aid is the inconsistency of the judgment of experts, thus the judgment matrices need to be adjusted. Here, An efficient readjusting AHP technique (Re-AHP) was developed to improve the consistency ratio. To do this, the pairwise comparison matrix in AHP method had to be adjusted to address the issue of inconsistent ratios, while retaining the original judgment intention. A user-friendly Re-AHP MATLAB App Designer was designed to readjust the comparison matrix for each expert, using the case of susceptibility to wind damage as an illustration. The wind damage vulnerability map showed that over 80% of the area is at medium and high vulnerability levels. The validation proved that the selected method is the most efficient. The new tool was used to develop a speedy method for the forest context. While the study focused on a specific site, the developed methodology is universally applicable and can be adapted to various forest sites worldwide. © 2025 Elsevier B.V., All rights reserved.","Analytical Hierarchy Process (ahp); Forest Wind Damage Vulnerability Map; Fuzzy Analytic Hierarchy Process (fahp); Multi-criteria Decision Analysis (mcda); Re-adjust Analytic Hierarchy Process (re-ahp); Analytic Hierarchy Process; Decision Trees; Forestry; Matlab; Matrix Algebra; Wind; Analytic Hierarchy; Analytical Hierarchy Process; Forest Wind Damage Vulnerability Map; Fuzzy Analytic Hierarchy; Fuzzy Analytic Hierarchy Process; Hierarchy Process; Multi-criteria Decision Analysis; Multi-criteria Decision Analyze; Re-adjust Analytic Hierarchy Process; Vulnerability Maps; Wind Damage; Hierarchical Systems; Analytical Hierarchy Process; Decision Making; Forest Management; Fuzzy Mathematics; Map; Multicriteria Analysis; Vulnerability; Wind Velocity; Norway"
"pA novel method for hydrology and water quality simulation in karst regions using machine learning model","2025","Ecological Indicators","10.1016/j.ecolind.2025.113862","https://www.scopus.com/inward/record.uri?eid=2-s2.0-105010508666&doi=10.1016%2Fj.ecolind.2025.113862&partnerID=40&md5=1e3e1dff473bbb6c64b907da90fe6f23","Simulating hydrology and water quality in karst regions remains a significant challenge due to the complex and unique geological conditions. This study developed a novel conceptual model integrating baseflow segmentation and rainfall-stormflow analysis for hydrological and water quality simulation and implemented it using an interpretable machine learning approach. Two representative watersheds in the karst region of southwestern China—the Chishui river and Nanpan river—were selected as case studies. The results demonstrated that (1) The proposed method successfully achieved comprehensive simulations of streamflow, COD<inf>Mn</inf>, TN, and TP. The maximum prediction time span was 3 days for streamflow (R2 > 0.60) and 2 days for COD<inf>Mn</inf>, TN, and TP (R2 > 0.59). (2) Rainfall plays a significant positive driving role in hydrological and water quality simulations, effectively weakening the strong autocorrelation of these parameters in karst regions. The increase of baseflow and stormflow worsens water quality, which is most significant for COD<inf>Mn</inf> and TP in Chishui river basin. (3) Water quality in ridge-furrow valleys, fractured basins, and fractured mountainous areas is more significantly influenced by rainfall due to the unique geological features. The proposed method can be effectively applied in karst areas with non-point source pollution and directly supports water environment prediction and identification of key pollution source areas. © 2025 Elsevier B.V., All rights reserved.","Baseflow Segmentation; Hydrology; Machine Learning Models; Rainfall-stormflow Analysis; River Water Quality; Simulations; Autocorrelation; Floods; Geology; Landforms; Learning Systems; Machine Learning; Quality Control; River Pollution; Rivers; Storms; Stream Flow; Water Quality; Watersheds; Baseflow Segmentation; Baseflows; Cod Mn; Karst Regions; Machine Learning Models; Rainfall-stormflow Analyze; River Water Quality; Simulation; Storm Flow; Water Quality Simulation; Rain; Baseflow; Karst; Machine Learning; Pollutant Source; Rainfall; Streamflow; Water Quality; China"
"A systematic comprehensive historical overview assessment of water footprint in China","2025","Ecological Indicators","10.1016/j.ecolind.2025.113875","https://www.scopus.com/inward/record.uri?eid=2-s2.0-105010500796&doi=10.1016%2Fj.ecolind.2025.113875&partnerID=40&md5=b4aa97b3b4dd848d6454e9731d2052aa","Climate change caused by urban expansion and human activities has intensified the conflict between supply and demand between the supply and demand of water resources, and water security is critical. The United Nations Sustainable Development Goals require water conservation. China has a shortage of water resources, with uneven spatial and temporal distributions of water resources. Regarding production and consumption, the water footprint (WF) more accurately reflects the human use of water resources. This study evaluated the research status of WF in China, highlighted some problems in the research, and recommended the development trend of WF research. WF research has undergone a historical change from focusing on a single industry or region to considering multiple drivers and influencing factors, resulting in substantial progress. By comparing the advantages and disadvantages of the case analyses, this study provides a scientific direction for further research. Most notably, improving the calculation method, model, and evaluation system; collecting clear data; and constructing a clear-water use process simulation model are necessary. In addition, China should strengthen cooperation with domestic and international researchers, create advanced technologies, and promote WF development. This measure is feasible and would improve citizens ’ awareness of protecting water resources from the perspective of the WF and advocate for improved efficiency in water resource use. The results of this study can help alleviate the pressure on the water supply, improve the utilization efficiency of water resources, and promote sustainable development. © 2025 Elsevier B.V., All rights reserved.","Water Footprint (wf); Water Management; Water Resources; Wf Assessment; Climate Change; Economics; Efficiency; Sustainable Development; Sustainable Development Goals; Water Conservation; Human Activities; Urban Expansion; Water Footprint; Water Footprint Assessment; Water Resource Securities; Water-water; Waters Managements; Waters Resources; Water Management; Climate Change; Environmental Assessment; Sustainable Development; United Nations; Water Demand; Water Depth; Water Footprint; Water Management; Water Resource; Water Supply; China"
"Trade-offs? Unveiling the interrelationships between urban ecosystem services and public services in heterogeneous landscapes","2025","Ecological Indicators","10.1016/j.ecolind.2025.113846","https://www.scopus.com/inward/record.uri?eid=2-s2.0-105010498571&doi=10.1016%2Fj.ecolind.2025.113846&partnerID=40&md5=c6017d275a02b4f358df1198f9287c5f","Urban ecosystem services (UESs) and urban public services (UPSs) play pivotal roles in advancing urban sustainability. However, the intricate interrelationships between UESs and UPSs within urban contexts remain underexplored. This study addressed this gap by first investigating the spatiotemporal dynamics of UESs driven by urban landscape transformations and subsequently exploring the complex interrelationships between UESs and UPSs in a dynamic urban center characterized by heterogeneous landscapes. From 2013 to 2019, urban landscape transformations led to significant spatial alterations to the UESs. However, the regional mean UESs showed minimal changes owing to a slight increase in urban tees. Strong synergies were found between the UESs, but the strength of the correlation varied across different service pairs. Through the co-occurrence analysis, four UESs bundles were identified, each corresponding to particular land cover types with distinct UESs provision levels. The bivariate spatial correlation analysis revealed distinct patterns in the relationships between the UESs and UPSs. A high-high cluster was identified within and adjacent to a national park. The high-low clusters were primarily found in residential zones while the low–high clusters appeared in commercial streets. The UESs supply demonstrated a nonlinear relationship with the UPSs provision, characterized by an initial decline followed by a subsequent increase as the availability of UPSs increased. This demonstrated the possibility of achieving synergies between UESs and UPSs during the advanced phases of urbanization. The research findings offer practical implications for urban ecosystem management and planning to enhance UESs provision and foster synergetic interactions between UESs and UPSs. © 2025 Elsevier B.V., All rights reserved.","Blue/green Spaces; Ecosystem Services; Public Services; Synergetic Relationships; Urban Invest; Urban Landscapes; Correlation Methods; Dynamics; Ecosystems; Sustainable Development; Urban Planning; Blue/green Space; Ecosystem Services; Green Spaces; Heterogeneous Landscapes; Public Services; Synergetic Relationship; Synergetics; Urban Ecosystem; Urban Invest; Urban Landscape; Economic And Social Effects; Ecosystem Management; Ecosystem Service; Greenspace; Landscape Ecology; Public Service; Trade-off; Urban Ecosystem"
"A data-driven framework for assessing the impact of environmental factors on phytoplankton biomass in a eutrophic lake","2025","Ecological Indicators","10.1016/j.ecolind.2025.113888","https://www.scopus.com/inward/record.uri?eid=2-s2.0-105010486066&doi=10.1016%2Fj.ecolind.2025.113888&partnerID=40&md5=d906241f41bc59134f9154495fbdfa2c","Phytoplankton dynamics in eutrophic lakes demonstrate nonlinear environmental responses, complicating algal bloom forecasting. A novel hybrid LightGBM-GAM framework that combines the machine learning-driven feature selection of Light Gradient Boosting Machine (LightGBM) with ecological interpretability strengths of Generalized Additive Models (GAMs) is developed to predict phytoplankton biomass (PB) in Lake Taihu. Using decadal (2009–2018) monthly data from five lake stations, the framework outperformed traditional multivariate GAMs. It achieved adjusted R2 values of 0.36–0.56 and explaining 41.8–64.2% of PB variance, with lower AIC values and superior capture of extreme bloom events. LightGBM identified water quality parameters (chemical oxygen demand, total phosphorus, total nitrogen) and meteorological factors (air temperature, air pressure, solar radiation, wind speed) as dominant predictors, contributing over 85% cumulative feature importance. GAMs further elucidated their nonlinear and site-specific effects, revealing higher PB in northern coastal regions (e.g., Meiliang Bay) compared to central zones. This dual-phase methodology bridges machine learning efficiency with ecological mechanism elucidation, enabling precise identification of bloom triggers and spatially differentiated management thresholds. Our findings advance predictive frameworks for lake ecosystems while providing operational guidance for nutrient control in northern Taihu's hypereutrophic zones. © 2025 Elsevier B.V., All rights reserved.","Environmental Factors; Generalized Additive Model; Hybrid Machine Learning Framework; Lake Taihu; Lightgbm; Phytoplankton Biomass; Additives; Blooms (metal); Coastal Zones; Ecosystems; Eutrophication; Lake Pollution; Lakes; Learning Systems; Machine Learning; Wind; Environmental Factors; Generalized Additive Model; Gradient Boosting; Hybrid Machine Learning; Hybrid Machine Learning Framework; Lake Taihu; Learning Frameworks; Light Gradient Boosting Machine; Light Gradients; Phytoplankton Biomass; Biomass; Phytoplankton; Algal Bloom; Biomass; Environmental Factor; Environmental Impact Assessment; Eutrophic Environment; Lake Water; Machine Learning; Phytoplankton; China; Jiangsu; Meiliang Bay; Taihu Lake"
"Spatial identification and corridor network analysis of cultural heritage based on multi-model fusion: A case study of western Henan","2025","Ecological Indicators","10.1016/j.ecolind.2025.113859","https://www.scopus.com/inward/record.uri?eid=2-s2.0-105010480759&doi=10.1016%2Fj.ecolind.2025.113859&partnerID=40&md5=256e1f68eda7082e0f940fd86f6eb8c4","Cultural heritage embodies the profound cultural connotations accumulated during the evolution of human civilization. Its protection and development are of great significance for cultural continuity, the preservation of national spirit, and sustainable development. Existing studies mostly focus on large-scale regional or isolated cultural origin points, lacking attention to medium-scale, cross-regional cultural heritage systems at the meso- and micro-levels. This study takes 761 designated cultural heritage sites in western Henan as the research objects. Using Kernel Density Estimation (KDE), Nearest Neighbor Index (NNI), Analytic Hierarchy Process (AHP), Minimum Cumulative Resistance (MCR) model, and Gravity Model (GM), this research systematically analyzes the spatial distribution characteristics and evolutionary mechanisms of cultural heritage in the region. It further constructs a hierarchical network of significant cultural heritage corridors and proposes targeted strategies for protection and development. The results indicate that the spatial distribution of cultural heritage in western Henan is characterized by non-random clustering. Overall, it presents a spatial pattern of “three cores, multiple nodes, and belt-like distribution,” with Luoyang, Dengfeng, and Gongyi as the main centers. Based on comprehensive value assessment, 41 key cultural heritage origin sites are identified. Combining spatial distribution characteristics with resistance analysis, 36 major cultural heritage corridors are delineated, including 7 primary corridors, 12 secondary corridors, and 17 tertiary corridors. © 2025 Elsevier B.V., All rights reserved.","Cultural Heritage; Heritage Corridors Network; Minimum Cumulative Resistance (mcr) Model; Spatial Structure; Western Henan; Analytic Hierarchy Process; Clustering Algorithms; Historic Preservation; Spatial Variables Measurement; Case-studies; Corridor Networks; Cultural Heritages; Distribution Characteristics; Heritage Corridor Network; Minimum Cumulative Resistance Model; Multi-model Fusion; Resistance Models; Spatial Structure; Western Henan; Spatial Distribution; Civilization; Cultural Heritage; Identification Method; Network Analysis; Spatial Distribution; Strategic Approach; Sustainable Development; China; Henan"
"Analysis of the current status and hotspots of emergy research based on bibliometrics","2025","Ecological Indicators","10.1016/j.ecolind.2025.113876","https://www.scopus.com/inward/record.uri?eid=2-s2.0-105010446714&doi=10.1016%2Fj.ecolind.2025.113876&partnerID=40&md5=76a2d287442c53db141df2c63ff44a72","Emergy theory and methodology have been widely applied in the study of ecosystems and sustainability. This article employs bibliometric methods and visualization tools (SATI, VOSviewer and CiteSpace) to conduct a systematic statistical analysis of 1,404 emergy-related articles retrieved from the Web of Science database. The results are as follows: 1) Overall, the annual publication volume demonstrates a consistent upward trajectory. China exhibits dominant contributions across all levels—national, institutional, and individual authorship. 2) Emergy-related papers are mainly published in high - quality journals, concentrated in environmental and ecological sciences, especially in themes related to ecosystems, the geobiosphere, sustainable development, and sustainability assessment. 3) Against the backdrop of rapid population growth and climate change, emergy theory has been applied and developed in the field of sustainable development. Emergy research not only explores ways to reduce the impact of human activities on climate change but also provides quantitative tools for decision-makers in combination with a variety of theoretical approaches to promote sustainable evaluation of emerging technology systems. These themes are expected to remain key focuses in emergy research. Additionally, the integration of emergy with emerging fields such as Artificial Intelligence (AI) shows great potential. 4) Emergy research still faces issues like methodological disputes, data dependency, and insufficient dynamic modeling capabilities. There's an urgent need to address these challenges, by establishing a standardized methodological framework, developing AI-integrated dynamic models, promoting cross-disciplinary/cross-national cooperation, and advancing the cross-application of bibliometrics and meta-analysis. © 2025 Elsevier B.V., All rights reserved.","Bibliometric Analysis; Ecosystem Services; Emergy; Sustainability; Sustainable Development Goals (sdgs); Decision Making; Dynamic Models; Ecosystems; Population Statistics; Publishing; Sustainable Development Goals; Bibliometric; Bibliometrics Analysis; Citespace; Current Status; Dynamics Models; Ecosystem Services; Emergy; Hotspots; Sustainable Development Goal; Visualization Tools; Sustainable Development; Artificial Intelligence; Climate Change; Ecosystem Service; Growth Response; Hot Spot; Population Growth; Statistical Analysis; Sustainability; Sustainable Development Goal; Visualization; China"
"Unveiling environmental indicators of algal blooms using interpretable AI","2025","Ecological Indicators","10.1016/j.ecolind.2025.113873","https://www.scopus.com/inward/record.uri?eid=2-s2.0-105010444323&doi=10.1016%2Fj.ecolind.2025.113873&partnerID=40&md5=92ade289484a5d8ac0e0edfd65e38a17","Harmful algal blooms represent a significant environmental challenge with substantial ecological and economic impacts worldwide. Traditional predictive approaches often fail to capture the complex, nonlinear relationships between environmental drivers and algal proliferation. This research introduces the Algae-Net, a neural network model designed to accurately predict algal density and species co-occurrence patterns, which based on a high-resolution environmental monitoring dataset collected over four years (2022–2025, 31 consecutive months) in a river basin in Sichuan Province, China. The model achieved an average R2 of 0.9778 for algal density prediction and algal coexistence prediction performance (micro-AUC: 0.8904) on test datasets. Through gradient-based attribution methods, we identified total nitrogen, temperature, and conductivity as the primary drivers of algal blooms, simultaneously analyzing their interactions. Algae species-specific environmental preferences were also elucidated, revealing distinct ecological niches. Notably, we found that increased conductivity mitigated the synergistic impact of temperature and nutrients on bloom development. TN concentration below 1.0 mg L−1 should be strictly maintained during high-temperature (>25°C) periods to prevent bloom formation under moderate electric conductivity. Our approach transcends traditional modeling by providing mechanistic insights into algal dynamics, offering water resource managers a robust tool for early bloom warning and targeted algae species intervention strategies. © 2025 Elsevier B.V., All rights reserved.","Environmental Drivers; Eutrophication; Harmful Algal Blooms; Interpretable Ai; Neural Networks; Algae; Algae Control; Ecology; Economic And Social Effects; Environmental Monitoring; Forecasting; Statistical Tests; Water Resources; Algal Blooms; Ecological And Economic; Ecological Impacts; Economic Impacts; Environmental Challenges; Environmental Driver; Environmental Indicators; Harmful Algal Blooms; Interpretable Ai; Neural-networks; Neural Networks; Algal Bloom; Artificial Neural Network; Environmental Factor; Environmental Monitoring; Eutrophication; River Basin; China; Sichuan"
"Quantifying the national responsibilities for the conservation of transboundary migratory species Siberian ibex","2025","Ecological Indicators","10.1016/j.ecolind.2025.113871","https://www.scopus.com/inward/record.uri?eid=2-s2.0-105010335158&doi=10.1016%2Fj.ecolind.2025.113871&partnerID=40&md5=2a3a8c95e19c68a20cd276d379fed2f6","Transboundary conservation is critical to halting global biodiversity loss, yet transboundary species represent a particular challenge in terms of who is primarily responsible for their conservation and how to coordinate between range states. Based on intensive field surveys from 2010 to 2023 and systematic data compilation from multilingual literature, we developed the first quantitative framework for assessing national conservation responsibilities for Siberian ibex (Capra sibirica) across its 11-country distribution. We integrated ensemble species distribution models with systematic conservation planning to identify 48 Landscape Conservation Units (LCUs), then applied an entropy weight method to quantify each country's conservation responsibility based on ecological importance, protection effectiveness, and national capacity. Our assessment reveals a three-tier classification: high-responsibility countries (China, Turkmenistan, Mongolia), medium-responsibility countries (Russia, Kazakhstan, Tajikistan, India), and low-responsibility countries (Kyrgyzstan, Pakistan, Afghanistan, Uzbekistan). China holds the highest responsibility (score = 0.678) due to its extensive LCUs (45.68 % of total LCUs) and high national capacity, though its low protected area coverage (15.18 %) indicates urgent need for conservation investment. While climate change threatens future habitat availability, anthropogenic pressures from infrastructure development and inadequate protection networks pose more immediate challenges. Our responsibility assessment framework provides a replicable protocol for other transboundary migratory species, helping countries work together more fairly and effectively to prevent extinctions. © 2025 Elsevier B.V., All rights reserved.","Ecological Corridors; Ensemble Species Distribution Models; Landscape Conservation Units; Montane Ungulates; National Conservation Responsibilities; Transboundary Conservation; Abiotic; Anthropogenic; Biodiversity; Conservation; Ecology; Environmental Protection; Investments; Conservation Units; Ecological Corridor; Ensemble Species Distribution Model; Landscape Conservation; Landscape Conservation Unit; Montane Ungulate; National Conservation Responsibility; Species Distribution Modeling; Trans-boundary; Transboundary Conservation; Climate Change; Climate Change; Conservation Planning; Coordinate; Entropy; Infrastructure; Landscape; Migratory Species; Protected Area; Afghanistan; China; Kazakhstan; Kyrgyzstan; Mongolia; Tajikistan; Turkmenistan; Uzbekistan"
"Ecological connectivity of umbrella and flagship species in the Altai Mountains, China","2025","Ecological Indicators","10.1016/j.ecolind.2025.113872","https://www.scopus.com/inward/record.uri?eid=2-s2.0-105010309912&doi=10.1016%2Fj.ecolind.2025.113872&partnerID=40&md5=04be81b67ee78393eaf230e3ad697c5c","Ecological network construction is essential for alleviating habitat fragmentation, maintaining genetic diversity among endangered species, protecting ecosystem integrity, and ensuring functional stability. Although previous studies primarily focused on landscape or ecosystem services, an increasing number of studies have investigated the impact of species diffusion capacity on connectivity. This study selected snow leopard (Panthera uncia), red deer (Cervus elaphus), and moose (Alces alces) inhabiting the Altai Mountains, China, as focal species to construct integrated resistance surfaces based on their habitat preferences and screened ecological sources by combining Morphological Spatial Pattern Analysis (MSPA) and species diffusion ability. Ecological corridors, pinch points, and barrier points were identified according to circuit theory, and corridor importance was quantitatively calculated. Finally, an ecological network was constructed for the Altai Mountains. The results for snow leopard, red deer, and moose revealed (1) 53, 51, and 59 ecological corridors; 37, 20, and 36 pinch points; and 36, 10, and 83 barrier points, respectively. (2) Ecological sources of the focal species were primarily distributed in the Xinjiang Kanas National Nature Reserve (Kanas), Xinjiang Altai Liangheyuan Nature Reserve (Liangheyuan), and surrounding nature reserves, with important ecological corridors mainly distributed between Kanas and Liangheyuan. (3) Ecological sources and corridors for snow leopard were concentrated near the borderline, while those for red deer and moose were generally located in the mid-Altai Mountains. (4) Pinch points were almost exclusively located in areas of low resistance to suitable habitats, whereas barrier points were concentrated in areas of high resistance. This study provides valuable insights for enhancing regional ecological connectivity and biodiversity conservation and a theoretical basis for dividing the Altai Mountains National Park into Kanas and Liangheyuan subregions. © 2025 Elsevier B.V., All rights reserved.","Ecological Networks; Moose; National Park; Red Deer; Snow Leopard; Biodiversity; Circuit Theory; Conservation; Diffusion Barriers; Ecosystems; Forestry; Surface Resistance; Ecological Connectivities; Ecological Networks; Moose; National Parks; Nature Reserves; Pinch Points; Red Deer; Snow Leopard; Species Diffusion; Xinjiang; Landforms; Biodiversity; Connectivity; Deer; Ecological Approach; Ecosystem Service; Felid; Habitat Corridor; Habitat Fragmentation; Habitat Selection; Native Species; Altai Mountains"
"Substantial rehabilitation of mangrove forests along the Indus Delta coastline of Pakistan: A 33-year review","2025","Ecological Indicators","10.1016/j.ecolind.2025.113837","https://www.scopus.com/inward/record.uri?eid=2-s2.0-105010226025&doi=10.1016%2Fj.ecolind.2025.113837&partnerID=40&md5=6abd22b6d53505b904b99a49b64c1940","Mangrove forests are essential to coastal ecosystems and support biodiversity, carbon sequestration, and storm protection. This study utilizes 33 years of Landsat-5 and Landsat-8 time-series data (1990–2023) along with recent advancements in machine learning, like Object-Based Image Analysis (OBIA) and random forest classification, to investigate the spatial and temporal dynamics of mangrove forests in Pakistan's Indus Delta. The results reveal that mangrove forests increased considerably from 50,973 ha in 1990 to 99,407 ha in 2015, and then to 101,446 ha in 2023. Spatial metrics indices were used to describe the mangrove patches’ main properties, and Frag-stats were used to calculate the landscape metrics analysis. Additionally, the results suggested that the best set of key metrics to quantify sustainable development index (SDI) comprises the following ten metrics: total area (TA), number of patches (NP), patch density (PD), landscape shape index (LSI), aggregation index (AI), landscape pattern index (LPI), mean Euclidean nearest neighbor distance (ENN_MN), cohesion index (COHESION), mean patch size (AREA_MN), and Divisions. This proves that fragmentation TA increased, PD, NP, LPI, LSI, and ENN_MN were reduced, patch size and density decreased significantly, and connectivity was higher. It also indicates improved ecological stability and the presence of enhanced mangrove forests in the Indus Delta. The COHESION, Divisions, and AI were also constant, with only minor change. We hope this study inspires further climate change adaptation planning and supports the prioritization and implementation of conservation measures for the mangrove ecosystems of the Indus Delta. These results strongly support the need for long-term mangrove monitoring and show the efficacy of conservation and restoration actions at multidecadal timescales. © 2025 Elsevier B.V., All rights reserved.","Indus Delta; Landscape Metrics; Mangroves Forest; Obia; Adhesion; Biodiversity; Carbon Sequestration; Classification (of Information); Climate Change; Conservation; Ecosystems; Forest Ecology; Learning Systems; Nearest Neighbor Search; Random Forests; Sustainable Development; Time Series Analysis; Image Analyze; Image-analysis; Indus Delta; Landscape Metric; Mangrove Forest; Object Based; Object-based Image Analyze; Objects-based; Pakistan; Patch Densities; Forestry; Climate Change; Coast; Conservation Status; Ecological Stability; Forest Ecosystem; Habitat Fragmentation; Landscape Ecology; Mangrove; Patch Size; Restoration Ecology; Sustainable Development; Indus Delta; Sind"
"Aquatic plants govern CH4 and CO2 production and flux partitioning in lake emission pathways","2025","Ecological Indicators","10.1016/j.ecolind.2025.113864","https://www.scopus.com/inward/record.uri?eid=2-s2.0-105010198770&doi=10.1016%2Fj.ecolind.2025.113864&partnerID=40&md5=27e983ae375b7315bbfce5845d6a0252","Shallow lakes are major contributors to atmospheric CH<inf>4</inf> and CO<inf>2</inf> emissions. However, limited research has systematically assessed the three primary emission pathways, diffusion, ebullition, and plant-mediated transport, across heterogeneous lacustrine habitats within these ecosystems. This study combined field surveys and gas stable carbon isotopic analyses to quantify CH<inf>4</inf> and CO<inf>2</inf> emissions through multiple pathways (diffusion, ebullition, and plant-mediated) in different habitats, including open water (OW), emergent vegetation (E), submerged vegetation (S), and submerged and macrofilamentous algal symbiosis (SA), in Lake Ulansuhai during the growing season. Compared with the remaining three habitats, habitat SA had the highest CH<inf>4</inf> emission (17.41 ± 20.65mmol m−2 d−1) and the lowest CO<inf>2</inf> emission (50.27 ± 40.03mmol m−2 d−1). CH<inf>4</inf> emissions peaked during the peak growth season in July, whereas CO<inf>2</inf> emissions peaked at the end of the growing season in October. The vegetated habitats had nine times more CH<inf>4</inf> than the non-vegetated habitats. The CH<inf>4</inf> flux from the vegetated habitats was primarily plant-mediated (mean 74 %), followed by ebullition (17 %). The fractionation factor (α<inf>C</inf>) values of δ13C-CH<inf>4</inf> and δ13C-CO<inf>2</inf> in the dissolved gas and bubbles indicated more acetoclastic methanogenesis, with CO<inf>2</inf> likely derived from organic matter remineralization and biometabolism. This indicates that the plants promoted methanogenesis by providing substrates, contributing to the high CH<inf>4</inf> emissions from Lake Ulansuhai. This study improves the accuracy of regional carbon emission estimates in multi-habitat aquatic systems and further elucidates how aquatic plants influence carbon emissions. © 2025 Elsevier B.V., All rights reserved.","Aquatic Plant; Ghgs Emission; Isotope; Methanogenesis; Semi-arid Region; Shallow Lake; Carbon; Carbon Dioxide; Ecosystems; Gas Emissions; Greenhouse Gases; Vegetation; Aquatic Plants; Carbon Emissions; Ch 4; Co 2 Emission; Ghg Emission; Ghgs Emissions; Growing Season; Methanogenesis; Semi-arid Region; Shallow Lakes; Lakes; Aquatic Plant; Carbon Dioxide; Carbon Emission; Carbon Flux; Dissolved Gas; Fractionation; Growing Season; Isotopic Analysis; Methanogenesis; Remineralization; Semiarid Region; Shallow Water; Symbiosis; China; Nei Monggol; Ulansuhai Lake"
"Satellites unveil long-term phenological shifts and environmental drivers of algal blooms in plateau lakes of southwestern China","2025","Ecological Indicators","10.1016/j.ecolind.2025.113858","https://www.scopus.com/inward/record.uri?eid=2-s2.0-105010144637&doi=10.1016%2Fj.ecolind.2025.113858&partnerID=40&md5=6bebc6e5fb0d01591f6d59f70f98a9cf","In recent years, the ecosystems of plateau lakes have encountered notable challenges characterized by a surge in the frequency of algal blooms (ABs), thereby presenting a substantial threat to both human well-being and ecosystem integrity. While the existing satellite-based monitoring of ABs, there still remains a scarcity of systematic analysis of AB phenology. This study focuses on five representative plateau lakes in Yunnan Province, China, namely Dianchi, Erhai, Xingyun, Qilu, and Chenghai, all of which have encountered occurrences of ABs. By integrating high-spatial-resolution Landsat and Sentinel-2 satellite data from 1987 to 2023, we derived the long-term sequences and phenological patterns of AB areas in these lakes using the Floating Algae Index (FAI) and the threshold segmentation method. The findings demonstrated a notable upward trend in the monthly average percentage of bloom areas across these studied lakes, except for Lake Dianchi. Particularly noteworthy were the substantial increases observed in Lake Xingyun (slope = 0.94, p < 0.01) and Qilu (slope = 0.46, p < 0.01). Additionally, the annual frequency of ABs across these lakes demonstrated an initial increase followed by a subsequent decline from 1987 to 2023, with the highest frequency observed during the summer and autumn months. Correlation analysis revealed that the magnitude of the four-year cycle monthly average percentage of bloom area was primarily linked to water quality parameters related to lake pollution (r = 0.35, p < 0.01) and eutrophication (r = 0.34, p < 0.01). Conversely, the frequency of AB on a four-year cycle correlated with meteorological factors, including mean spring air temperature (r = 0.35, p < 0.05) and winter wind speed (r = 0.31, p < 0.05). Furthermore, the termination time of ABs was influenced by mean winter precipitation (r = 0.3, p < 0.05) and four-year cycle surface water temperature (r = 0.36, p < 0.05). This study elucidated the persistent phenological patterns of ABs in plateau lakes and explored the underlying mechanisms driven by multiple environmental factors. These findings would enhance comprehension regarding the evolution and mitigation of ABs, thereby facilitating the prediction and control of ABs in the context of more complex climate changes and anthropogenic impacts. © 2025 Elsevier B.V., All rights reserved.","Algal Blooms; Long-term Record; Multi-source Remote Sensing; Phenology; Plateau Lakes; Algae; Atmospheric Temperature; Ecosystems; Lake Pollution; Lakes; Wind; Algal Blooms; Long Term Records; Multi-source Remote Sensing; Multi-sources; Phenology; Plateau Lake; Remote-sensing; Shift-and; Systematic Analysis; Well Being; Remote Sensing; Air Temperature; Autumn; Eutrophication; Lake Pollution; Landsat; Satellite Data; Water Quality; Water Temperature; China"
"Assessment of ecological flow in river basins at a global scale: Insights on baseflow dynamics and hydrological health","2025","Ecological Indicators","10.1016/j.ecolind.2025.113868","https://www.scopus.com/inward/record.uri?eid=2-s2.0-105010056846&doi=10.1016%2Fj.ecolind.2025.113868&partnerID=40&md5=af44ba71cf22ee745e557fe4a5ef9ff6","Understanding global baseflow dynamics is essential for sustainable water management and ecosystem resilience. This study introduces a comprehensive four-stage framework for quantifying novel spatiotemporal patterns in global baseflow variability and their critical implications for hydrological and ecological health. Key innovations include: (1) An ensemble machine learning approach demonstrating superior accuracy in runoff gap-filling compared to single-model methods; (2) Identification of distinct global decline patterns, revealing that 45.73 % of basins exhibit significant decreasing trends (p < 0.05), concentrated disproportionately in arid and warm temperate zones, suggesting heightened vulnerability linked to hydroclimate drivers; (3) Analysis establishing that baseflow provides a disproportionately vital contribution (>70 % in many basins) to dry-season streamflow globally, acting as a crucial ecological buffer; and (4) An integrated BFI-Tennant assessment revealing pronounced regional disparities in ecological flow health, with consistently good conditions in North America, South America, and Europe contrasting sharply with prevalent deficits in parts of Africa, Australia, and the Middle East, strongly correlating with water stress and climate regimes. Critically, our findings reveal emergent principles: the framework demonstrates that baseflow decline is not uniform but exhibits regionally accelerated vulnerability, and that its dry-season dominance underpins the stability of river ecosystems where it persists. This study presents a robust and transferable methodology, delivering new global insights essential for prioritizing conservation and management strategies in increasingly water-stressed basins. © 2025 Elsevier B.V., All rights reserved.","Baseflow; Ecological Flow; Global Basin Health; Machine Learning; Runoff Data Interpolation; Abiotic; Artificial Intelligence; Climatology; Ecosystems; Stream Flow; Water Conservation; Baseflows; Data Interpolation; Dry Seasons; Ecological Flows; Global Basin Health; Global Scale; Machine-learning; River Basins; Runoff Data; Runoff Data Interpolation; Learning Systems; Baseflow; Dry Season; Ecological Zonation; Ecosystem Resilience; Hydrological Modeling; Machine Learning; River Basin; Runoff; Vulnerability; Africa; Australia; Europe; Middle East; North America; South America"
"Evaluation of a composite soil health index and soil microbiome in a regenerative agriculture cocoa chronosequence","2025","Ecological Indicators","10.1016/j.ecolind.2025.113866","https://www.scopus.com/inward/record.uri?eid=2-s2.0-105009957104&doi=10.1016%2Fj.ecolind.2025.113866&partnerID=40&md5=13afc9ad94402eb44dc6900e626a4c25","Cultivation of cocoa (Theobroma cacao L.) can lead to soil degradation in the absence of good agricultural management. Integrating regenerative agriculture practices such as cover crops and agroforestry could help mitigate potential negative effects of continuous cocoa cultivation on the soil, but the impacts of these practices on soil health and the soil microbiome have not been assessed empirically. Composite soil health indices calculated from multiple indicators represent a promising method to measure complex changes in soil functioning and can be complemented by amplicon sequencing. A soil health assessment with eighteen indicators of three functions (carbon transformations, nutrient cycling, and structure maintenance) was conducted across a chronosequence consisting of plots at the same farm under different durations of cocoa cultivation with regenerative practices. Correlations were calculated between soil health index scores and soil microbiome metrics (e.g. community structure, diversity, and relative abundance). Soil health was maintained over time despite changes in specific indicators. Biological activity, earthworm counts, pH, P, and K increased with increasing duration of cocoa cultivation, while scores for surface aggregation, soil structure, and residual nitrate declined. A critical evaluation of this method of evaluating soil health is presented. The results of this study underscore the potential for cocoa grown with regenerative practices to maintain or improve rather than degrade soil and can be used to formulate specific recommendations to promote soil health. © 2025 Elsevier B.V., All rights reserved.","Carbon; Chronosequence; Cocoa; Nutrient Cycling; Regenerative Agriculture; Soil Health; Carbon; Crops; Cultivation; Nutrients; Soils; Agricultural Management; Chronosequences; Composite Soils; Health Indices; Microbiome; Nutrients Cycling; Regenerative Agriculture; Soil Degradation; Soil Health; Theobroma Cacao; Cocoa; Carbon; Chronosequence; Cocoa; Composite; Cultivation; Nutrient Cycling; Soil Degradation; Soil Microorganism; Soil Profile"
"Differential responses of taxonomic, functional and phylogenetic multi-taxa diversity to environmental factors in temperate forest ecosystems","2025","Ecological Indicators","10.1016/j.ecolind.2025.113855","https://www.scopus.com/inward/record.uri?eid=2-s2.0-105009937314&doi=10.1016%2Fj.ecolind.2025.113855&partnerID=40&md5=2f64280d403df5e4a5fc9be7a18ed1de","Accelerated global biodiversity loss critically threatens forest ecosystem multifunctionality and service provision. Understanding environmental drivers across taxonomic (TD), functional (FD), and phylogenetic (PD) biodiversity facets is essential for effective conservation. However, the multi-dimensional nature of biodiversity is difficult to assess, and many studies overlook the interplay between functional traits and evolutionary history within a community. Here, we use Hill numbers to integrate TD, FD, and PD across five ecologically distinct taxa (birds, butterflies, snails, vascular plants, and mosses) to better understand environmental factors driving forest biodiversity in Switzerland. We included micro- and macroclimatic conditions, soil properties, topography, and vegetation structure and diversity. Our results highlight the intricate, taxon-specific nature of environmental effects on biodiversity. Across taxa, vegetation structure and diversity, and climatic factors emerged as key drivers of biodiversity facets, while soil characteristics mostly influenced less-mobile taxa. Vegetation structure and diversity acted as strong ecological filters shaping species richness and traits, reflecting responsiveness to short-term dynamics like disturbance or management, but were weak predictors of PD. Conversely, more temporally stable abiotic factors such as climate and soil conditions were consistent drivers across all facets, highlighting their broad impact on biodiversity. We show that FD and PD metrics complement TD by revealing additional insights into ecosystem functionality and evolutionary history. Given the differential responses of biodiversity indicators to environmental drivers, especially climate, maintaining ecosystem functionality and resilience under climate change requires assessments that go beyond taxonomic diversity and include the functional and phylogenetic dimensions. © 2025 Elsevier B.V., All rights reserved.","Biodiversity; Environmental Drivers; Forest Ecosystems; Functional Diversity; Multi-taxon; Phylogenetic Diversity; Taxonomic Diversity; Abiotic; Biotic; Climate Change; Conservation; Ecosystems; Forestry; Soils; Vegetation; Environmental Driver; Forest Ecosystem; Functional Diversity; Functionals; Multi-taxon; Phylogenetic Diversity; Phylogenetics; Taxonomic Diversity; Vegetation Diversities; Vegetation Structure; Biodiversity; Biodiversity; Climate Conditions; Environmental Disturbance; Environmental Factor; Environmental Response; Forest Ecosystem; Nature Conservation; Phylogenetics; Species Richness; Taxonomy; Temperate Forest; Vegetation Structure; Switzerland"
"Ecological benefit assessment and impact factor analysis of restoration in the Hanjiang River basin, Guangdong, based on ecosystem services","2025","Ecological Indicators","10.1016/j.ecolind.2025.113851","https://www.scopus.com/inward/record.uri?eid=2-s2.0-105009916504&doi=10.1016%2Fj.ecolind.2025.113851&partnerID=40&md5=1c2d97953ae9e882faca280a99ddb8cf","Rapid industrialization and urbanization have fueled socioeconomic growth, but have also caused ecological degradation. Therefore, ecological restoration has become essential for maintaining environmental quality. Evaluating the effectiveness of ecological restoration is critical for determining whether objectives have been met and for guiding further ecosystem management decisions. This study evaluated the ecological benefits and influencing factors of restoration in the middle and upper reaches of the Hanjiang River network in Guangdong Province, China, from 2000 to 2023. Redundancy analysis identified the key factors affecting ecological benefits and their relative contributions. The results indicated that the value of ecosystem services in the Hanjiang River network increased from 2000 to 2008, decreased from 2009 to 2020, and increased again from 2021 to 2023. Ecological benefits followed a generally decreasing trend, improving from 2000 to 2013, declining from 2014 to 2020, and improving from 2021 to 2023. The “Integrated Protection and Restoration Project of Mountains, Waters, Forests, Farmlands, Lakes, Grasslands and Soil in the Middle and Upper Reaches of the Han River in the Nanling Mountains of Guangdong Province” implemented from 2021 to 2023 is of great significance for enhancing the value of regional ecosystem services. The key factors affecting ecological benefits included pollution from mining and timber harvesting, which was strongly negatively correlated with restoration benefits (contributing 20.6%), and long-term restoration measures such as soil and water conservation, pollutant control, and river management, which contributed 71.6%. These findings emphasize that tailored ecological restoration measures that address local environmental issues are crucial for restoring ecosystem structure and improving ecosystem services. © 2025 Elsevier B.V., All rights reserved.","Ecological Benefit; Ecosystem Service; Protection; Restoration; Watershed; Economics; Ecosystems; Environmental Protection; Factor Analysis; Forestry; Pollution Control; River Basin Projects; River Control; River Pollution; Soil Conservation; Soil Pollution; Water Conservation; Watersheds; Benefit Assessments; Ecological Benefits; Ecological Restoration; Ecosystem Services; Guangdong Province; Hanjiang Rivers; Key Factors; Protection; Restoration Measures; River Network; Restoration; Ecological Impact; Ecosystem Service; Ecosystem Structure; Environmental Impact Assessment; Factor Analysis; Restoration Ecology; River Basin; River Pollution; Water Pollution; China; Guangdong; Han River [hubei-shaanxi]; Nanling"
"Increasingly enhanced water resources management effectively promotes the synergistic development of ecosystem services in inland river basins in arid regions – a case study of Tarim River","2025","Ecological Indicators","10.1016/j.ecolind.2025.113835","https://www.scopus.com/inward/record.uri?eid=2-s2.0-105009887740&doi=10.1016%2Fj.ecolind.2025.113835&partnerID=40&md5=b920e847ac23ab6648ce7f22d046a2c9","Arid inland river basins face severe water scarcity and uneven seasonal distribution, crucial for maintaining ecosystem services (ESs). Water availability and management directly impact ecosystem health and stability. This study focuses on the Tarim River Basin to assess how ecological water conveyance projects and watershed reforms affect ESs and to identify mechanisms behind ESs’ responses to natural and human factors. Using InVEST, RWEQ, CASA, and OPGD models, we analyzed the spatiotemporal changes and drivers of ESs under strengthened water management. From 2000 to 2010, net primary productivity (NPP) and carbon storage (CS) slightly rose by 0.2% and 2.0%, while habitat quality (HQ) and windbreak and sand fixation (WS) dropped by 8.9% and 57.6%. Synergies between NPP-HQ and CS-NPP improved, but others weakened. From 2010 to 2020, after intensified management, NPP, CS, HQ, and WS increased by 18.8%, 0.1%, 0.1%, and 66.7%, with stronger synergies. Enhanced management improved groundwater and vegetation cover. The interaction of groundwater depth and NDVI was key to boosting CS, HQ, and NPP. The findings of this study not only provide important guidance for enhancing ESs in the Tarim River region but also offer new perspectives and scientific foundations for ecological protection and efficient resource management in other arid inland river basins worldwide, supporting sustainable development in these areas. © 2025 Elsevier B.V., All rights reserved.","Arid Inland River Basins; Ecosystem Services; Management Of Water Resources; Trade-offs/synergies; Abiotic; Ecosystems; Groundwater; Groundwater Resources; Human Engineering; River Basin Projects; Rivers; Sustainable Development; Water Management; Watersheds; Arid Inland River Basins; Carbon Storage; Ecosystem Services; Habitat Quality; Management Of Water Resource; Net Primary Productivity; Tarim River; Trade Off; Trade-offs/synergy; Waters Resources; Economic And Social Effects; Carbon Storage; Ecosystem Health; Groundwater; Habitat Quality; Ndvi; Resource Management; Sustainable Development; China; Tarim River; Xinjiang Uygur"
"Exploring spatial differentiation and obstacle factors of rural multifunctionality in metropolitan suburbs of China: Applying the “need- function-factors” integrated framework","2025","Ecological Indicators","10.1016/j.ecolind.2025.113848","https://www.scopus.com/inward/record.uri?eid=2-s2.0-105009878083&doi=10.1016%2Fj.ecolind.2025.113848&partnerID=40&md5=63b3f06c9a83b678bbcdebd72d4be294","Rural multifunctionality (RMF) is gaining attention in metropolitan suburbs for addressing the diverse needs of both urban and rural residents, yet spatial differentiation studies from a needs-based perspective remain limited. The study develops a “need-function-factors” framework to analyze RMF in China's metropolitan suburbs, focusing on rural production, living, and ecological functions. Using the Beijing Ecological Conservation Area (BECA) as a case study, it establishes an evaluation index system with 27 indicators across eight categorized needs. By applying simple linear weighting, spatial mismatch index, and an obstacle diagnosis model, the study explores the spatial differentiation characteristics and identifies key obstacles at the township scale. The main results show that: 1) Townships in BECA are predominantly characterized by ecological functions, with plain areas excelling in production and living functions, while mountainous areas are stronger in ecological functions. The spatial patterns of rural production, living, and ecological functions are driven sequentially by specialty products need, living convenience need, and ecological conservation and regulation need respectively. 2) Main obstacles to rural production, living, and ecological functions relate to the safety and efficiency need, living convenience need, and ecological conservation and regulation need, highlighting the necessity to prioritize baseline needs. The varying impacts of obstacles across regions underscore the complexity of functional development. This study provides valuable insights for sustainable regional development, offering guidance for future land consolidation, ecological restoration, and enhancement of ecosystem services in China's metropolitan suburbs. © 2025 Elsevier B.V., All rights reserved.","Metropolitan Suburbs; Needs Of Urban And Rural Residents; Obstacle Factor; Productive-living-ecological Functions; Rural Multifunctionality; Abiotic; Conservation; Ecosystems; Regional Planning; Rural Areas; Ecological Functions; Metropolitan Suburb; Multifunctionality; Need Of Urban And Rural Resident; Obstacle Factor; Production Function; Productive-living-ecological Function; Rural Multifunctionality; Spatial Differentiation; Urban And Rural Residents; Scales (weighing Instruments); Conservation Management; Conservation Status; Differentiation; Spatial Mismatch; Spatiotemporal Analysis; Suburban Area; Beijing [china]; China"
"Integrating a comprehensive index and the SWAT+ model to assess drought characteristics and risks under solar radiation modification","2025","Ecological Indicators","10.1016/j.ecolind.2025.113852","https://www.scopus.com/inward/record.uri?eid=2-s2.0-105009874506&doi=10.1016%2Fj.ecolind.2025.113852&partnerID=40&md5=b88b627b221da4312f0de21c81e601c4","Assessing changes in drought under solar radiation modification (SRM) requires a comprehensive approach that accounts for the complex interactions between atmospheric, hydrological, and ecological systems in tropical environments. This study integrates a Comprehensive Drought Index (CDI) with the Soil and Water Assessment Tool Plus (SWAT+) model to evaluate the impacts of SRM on drought hazards, vulnerabilities, and risks in the Kelantan River Basin, Malaysia. The CDI integrates precipitation, streamflow, and soil moisture from SWAT+ and is compared to the Standardized Precipitation Index (SPI) and Standardized Streamflow Index (SSI). GeoMIP6 climate models under two SSPs (SSP2-4.5 and SSP5-8.5) and two SRM scenarios (G6solar and G6sulfur) were bias-corrected and integrated into SWAT+ to project future drought conditions. A copula-based joint probability analysis was used to explore the interdependencies between drought indices and understand compound drought risks. The results indicate that CDI had a stronger correlation with SPI than SSI during the historical period, but this correlation weakened under future scenarios, suggesting that the climate scenarios affect precipitation, streamflow, and soil moisture, which in turn influence the relationships between drought indices. CDI proved effective in detecting droughts that SPI and SSI missed, underscoring its potential for drought assessment in tropical regions. Severe droughts projected under the SSP5-8.5 scenario, while SSP2-4.5 showed moderate drought. G6solar showed lower drought risks compared to other three scenarios, while G6sulfur resulted in drought patterns similar to SSP5-8.5. Joint probability analysis revealed a higher likelihood of concurrent drought events in future projections. The drought risk assessment showed significant spatial variability across the KRB, with population density and poor soil retention increasing vulnerability. SSP5-8.5 and G6sulfur exhibited shorter drought return periods compared to G6solar and SSP2-4.5, indicating a higher drought risk, highlighting the need for adaptive water resource management. This study offers a robust framework for drought assessment in tropical basins. © 2025 Elsevier B.V., All rights reserved.","Climate Change; Comprehensive Drought Index; Drought; Swat+; Tropical; Climate Models; Drought; Population Statistics; Risk Assessment; Risk Perception; Soil Moisture; Soil Surveys; Solar Radiation; Stream Flow; Tropical Engineering; Tropics; Water Management; %moisture; Comprehensive Drought Index; Drought Risks; Joint Probability; Radiation Modification; Soil And Water Assessment Tool Plus; Soil And Water Assessment Tools; Standardized Precipitation Index; Standardized Streamflow Indices; Tropical; Climate Change; Climate Change; Climate Modeling; Drought; Precipitation Intensity; Regional Climate; Soil And Water Assessment Tool; Soil Moisture; Solar Radiation; Spatial Variation; Tropical Region; Kelantan; Kelantan Basin; Malaysia; West Malaysia"
"Vegetation disturbance and recovery assessment through the synergistic effects of albedo and vegetation index: evidence from China's arid regions","2025","Ecological Indicators","10.1016/j.ecolind.2025.113856","https://www.scopus.com/inward/record.uri?eid=2-s2.0-105009757528&doi=10.1016%2Fj.ecolind.2025.113856&partnerID=40&md5=fef1dd3976c344fb5bb04be8febf3594","Vegetation disturbance and recovery are key factors in shaping ecological governance policies in arid regions, especially under the accelerating impacts of global climate change. However, most studies focus on broad trends, often neglecting fine-scale spatial and temporal variations. In this study, we developed indices for vegetation disturbance and recovery based on kNDVI (kernel-based Normalized Difference Vegetation Index) and surface albedo, combined with the LandTrendr algorithm, to assess vegetation dynamics in China's arid regions from 2000 to 2023. Our results show that compared to traditional indices, the new indices capture subtle changes in vegetation disturbance and recovery with greater accuracy. Approximately 63.26 % of the region experienced at least one disturbance, primarily in the north-central arid regions, while 27.64 % experienced multiple disturbances, and 36.74 % remained undisturbed. Around 80.14 % exhibited recovery, mostly in the northern Tibetan Plateau, the vegetated margins of the Tarim Basin, and western Mongolian Plateau. The innovative combination of kNDVIand Albedo enhances the accuracy of vegetation dynamics assessment, offering a transferable Indicator for monitoring dryland ecosystems globally. These findings provide valuable insights into ecosystem resilience and inform ecosystem restoration strategies in the context of climate change. © 2025 Elsevier B.V., All rights reserved.","Arid Regions; Disturbance And Recovery; Landtrendr; Vegetation Index; Abiotic; Climate Change; Ecosystems; Recovery; Solar Radiation; Vegetation; Disturbance And Recovery; Fine-scale; Global Climate Changes; Key Factors; Landtrendr; Normalized Difference Vegetation Index; Spatial And Temporal Variation; Synergistic Effect; Vegetation Dynamics; Vegetation Index; Arid Regions; Albedo; Climate Change; Disturbance; Ecosystem Resilience; Global Climate; Vegetation Dynamics; China"
"Multidimensional analysis of desertification sensitivity in the horqin sandy land based on an improved MEDALUS − ESA model and an optimal geographical detector","2025","Ecological Indicators","10.1016/j.ecolind.2025.113847","https://www.scopus.com/inward/record.uri?eid=2-s2.0-105009742182&doi=10.1016%2Fj.ecolind.2025.113847&partnerID=40&md5=4502db298e1c6f551b4b268e0fc1ca68","Desertification is a global ecological and environmental problem that seriously threatens ecosystems and regional socioeconomic development. Focusing on the Horqin Sandy Land in Northeast China, this study constructs and optimizes a land desertification sensitivity index system via the improved MEDALUS − EAS model. It covers five quality indices: soil, climate, vegetation, land management, and socio-economy. The analytic hierarchy process (AHP) determines factor weights. We analyzed the dynamic changes in desertification sensitivity from 2000 − 2020and used the optimal parameter geographical detector for the driving factors. The findings show that the vegetation quality index has the highest weight (0.4197), followed by the climate (0.3319) and soil (0.1309) indices, with lower weights for land management (0.0674) and the socioeconomic index (0.0502). The Horqin Sandy Land's desertification sensitivity index ranged from 0.0695 to 1.0034 from 2000 − 2020, reversing this trend. The proportions of extremely, highly, and moderately sensitive areas decreased, whereas the proportions of slightly sensitive and nonsensitive areas stabilized or increased. Spatial differentiation detection indicates that net primary productivity (NPP) and vegetation coverage are the main drivers of significant interactive enhancement. Spatiotemporal change detection reveals that vegetation coverage and wind speed dominate the evolution of sensitivity, with strong interactions. Multifactor consideration is key for accurate assessment, offering important references for regional ecological governance. © 2025 Elsevier B.V., All rights reserved.","Analytic Hierarchy Process (ahp); Desertification Sensitivity; Driving Mechanism; Improved Medalus−esa Model; Optimal Parameter Geographic Detector (opgd); Analytic Hierarchy Process; Analytical Models; Climatology; Economic And Social Effects; Economics; Ecosystems; Hierarchical Systems; Land Use; Optimal Detection; Sensitivity Analysis; Wind; Analytic Hierarchy; Desertification Sensitivity; Driving Mechanism; Geographics; Hierarchy Process; Horqin Sandy Lands; Improved Medalus−esa Model; Optimal Parameter; Optimal Parameter Geographic Detector; Vegetation; Analytical Hierarchy Process; Desertification; Ecological Modeling; Equipment; Land Management; Sensitivity Analysis; Vegetation Cover; Wind Velocity; China; Horqin Desert"
"Spatial coherence of ecosystem indicators across the Scotian Shelf, Canada","2025","Ecological Indicators","10.1016/j.ecolind.2025.113823","https://www.scopus.com/inward/record.uri?eid=2-s2.0-105009709117&doi=10.1016%2Fj.ecolind.2025.113823&partnerID=40&md5=2bfa47eb5924310fb36087edc0bb5ec8","Marine ecosystems are subject to increasing pressure from climate change and a range of anthropogenic activities such as fishing, aquaculture, tourism, and energy extraction that take place at multiple spatial scales. Understanding the complex interplay between spatially and temporally varying marine ecosystem dynamics is needed for long-term sustainable management. Implementation of ecosystem-based management (EBM) relies in part on ecological indicators that link science to policy while also providing a means to explore ecosystem response to change and to assess progress toward management and policy goals. EBM requires reliable and robust indicators at commensurate spatial scales to assess the ecological impacts of pressures and management actions. We evaluated the spatial and temporal behaviour of ecological indicators at multiple spatial scales to answer three main questions: (i) Is the spatial and temporal resolution of current data collection in the Scotian Shelf fine-grained enough to detect changes in key indicators at the strata level? (ii) How closely do fluctuations in time series at the survey strata level match those at the larger spatial scales? (iii) Is there spatial coherence across survey strata and indicators? We developed a process for examining the reliability and robustness of ecological indicators at differing spatial scales to show that scale does indeed matter. © 2025 Elsevier B.V., All rights reserved.","Ecosystem Indicators; Generalized Additive Models; Scotian Shelf; Spatial Scaling; Abiotic; Aquatic Ecosystems; Fisheries; Sustainable Development; Anthropogenic Activity; Ecological Indicators; Ecosystem Indicators; Ecosystem-based Management; Energy Extraction; Generalized Additive Model; Scotian Shelf; Spatial Coherence; Spatial Scale; Spatial Scaling; Climate Change; Ecological Modeling; Ecosystem Management; Ecosystem Response; Marine Ecosystem; Spatial Analysis; Spatiotemporal Analysis; Atlantic Ocean; Canada; Scotia Shelf"
"Performance assessment of water utilities: a comprehensive framework integrating economic and service quality","2025","Ecological Indicators","10.1016/j.ecolind.2025.113860","https://www.scopus.com/inward/record.uri?eid=2-s2.0-105009690878&doi=10.1016%2Fj.ecolind.2025.113860&partnerID=40&md5=0685a74cc165e19d5f9bf4c8839a7935","Efficient provision of water and sanitation services is vital for achieving Sustainable Development Goal 6. However, conventional efficiency assessments of water utilities often overlook the critical interplay between economic performance and service quality. This study develops a novel disaggregated framework that decomposes the overall efficiency (OE) of water utilities into three distinct indices: techno-economic efficiency (TEE), quality of service efficiency (QSE), and service economic efficiency (SEE). Using Data Envelopment Analysis (DEA), the performance of 21 Chilean water utilities from 2007 to 2018 was assessed for service quality prioritization and economic prioritization scenarios. The average OE scores under the service quality and economic prioritization scenarios were 0.464 and 0.462, respectively. The average estimated scores for TEE, SEE, and QSE in the service quality prioritization scenario were 0.590, 0.515, and 0.287, respectively. These results highlight that water utilities have prioritized the technical and economic dimensions of water and sanitation service provision over service quality. The study demonstrates the value of disaggregating OE index to provide more comprehensive insights for regulatory frameworks. © 2025 Elsevier B.V., All rights reserved.","Data Envelopment Analysis; Efficiency; Performance; Service Quality; Techno-economic Assessment; Water And Sanitation; Economic Analysis; Economic Efficiency; Quality Control; Quality Of Service; Sanitation; Sustainable Development; Data Envelopment; Overall Efficiency; Performance; Prioritization; Service Quality; Techno-economic Assessment; Water And Sanitation; Water Service; Water Utility; Data Envelopment Analysis; Data Envelopment Analysis; Economic Analysis; Performance Assessment; Prioritization; Regulatory Framework; Sanitation; Service Provision; Service Quality; Sustainable Development Goal; Water Use"
"The global drought-sensitive areas will expand in the future","2025","Ecological Indicators","10.1016/j.ecolind.2025.113838","https://www.scopus.com/inward/record.uri?eid=2-s2.0-105009689701&doi=10.1016%2Fj.ecolind.2025.113838&partnerID=40&md5=70d803b31eb80714630efac07fec17a8","Climate change and human activities are intensifying drought conditions, significantly altering drought propagation processes. However, these changes remain insufficiently understood, particularly for typical drought partitions such as humid, drought-sensitive, and arid types of drought propagation partition. Therefore, this study examines the change on these partitions under three Shared Socioeconomic Pathways (SSP1-2.6, SSP3-7.0, and SSP5-8.5) to elucidate global drought trends. The results show that the global drought-sensitive area will expand by 1.89 × 106 km2, which is roughly the size of Sudan (1.88 × 106 km2). Notably, in South America alone, the drought-sensitive area is projected to increase by 1.27 × 106 km2, equivalent to the size of Niger. While in South America the humid partition will shrink by 1.45 × 106 km2, with nearly 60 % transitioning into drought-sensitive areas. Overall, human activities are expected to drive drought partitions in an unfavorable direction, with approximately 3.26 × 106 km2 will shift from humid-type partition to drought-sensitive areas or from drought-sensitive areas to arid-type partitions under the SSP5-8.5 scenario, similar to the size of India (3.29 × 106 km2). Among all the climate zones, the changes are most notable in the humid and semi-arid regions. Significant transformations in drought propagation patterns are evident in the Great Plains of the United States of America, southern and central Europe, and the Amazon basin in South America, where declining precipitation and intensifying land–atmosphere coupling are the main driving factors. These findings provide critical insights for drought prediction and management in the context of climate change. © 2025 Elsevier B.V., All rights reserved.","Climate Change; Drought-sensitive Areas; Expand; Future; Global; Arid Regions; Drought; Economics; Drought Conditions; Drought-sensitive Area; Expand; Future; Global; Human Activities; Propagation Process; Sensitive Area; Socio-economics; South America; Climate Change; Climate Change; Drought Stress; Future Prospect; Global Change; Human Activity; Prediction; Amazon Basin; Europe; Great Plains; India; Niger [nigeria]; Nigeria; Sudan; United States"
"Seasonal variations and spatial mechanisms of 2D and 3D green indices in the central urban area","2025","Ecological Indicators","10.1016/j.ecolind.2025.113828","https://www.scopus.com/inward/record.uri?eid=2-s2.0-105009599683&doi=10.1016%2Fj.ecolind.2025.113828&partnerID=40&md5=bc7b084541a075956464f68786cf30bc","Green indices are critical indicators of urban greening quality, essential for optimizing and managing urban green spaces. However, most existing research focuses on vegetation growth during the growing season, limiting its ability to capture the seasonal dynamics and spatial impact factors of urban greening. To address this gap, this study uses the central urban area of Beijing as a case study. First, it extracts the 3D green indices from street view imagery and integrates them with the 2D green indices derived from remote sensing data to assess seasonal variations. The spatial clustering of the green indices and the impact of socio-economic and biophysical factors are then analyzed. Finally, multiscale geographically weighted regression is applied to examine the spatial heterogeneity of environmental impact factors on green indices distribution. The results show that the composite green index was 0.359 in summer and 0.304 in winter, based on subdistrict averages. Across subdistricts, the index declined by 13.27% on average from summer to winter. The green indices exhibited more substantial spatial autocorrelation in winter, with 2D green indices showing higher clustering than 3D indices. Socio-economic factors were the primary drivers of green indices overall, while biophysical factors had a more substantial impact during summer. Accordingly, the Central Business District and DingFuzhuang clusters should be prioritized for planting evergreen species and implementing a multi-layered vegetation structure. This study provides a quantitative foundation and practical insights for seasonal planning and adaptive optimization of urban green space system in densely developed urban environments. © 2025 Elsevier B.V., All rights reserved.","2d And 3d Green Indices; Central Urban Area; Green View Index; Seasonal Variation; Urban Green Space; Urban Greening; Economics; Environmental Impact; Space Optics; Urban Growth; Vegetation; Zoning; 2d And 3d Green Index; Biophysical Factors; Central Urban Area; Green Indices; Green View Index; Seasonal Variation; Socio-economic Factor; Urban Areas; Urban Green Spaces; Urban Greening; Remote Sensing; Environmental Impact; Growth Rate; Heterogeneity; Optimization; Remote Sensing; Satellite Imagery; Urban Area; Beijing [china]; China"
"Impact of elevated environmental pollutants on carbon storage in mangrove wetlands: A comprehensive review","2025","Ecological Indicators","10.1016/j.ecolind.2025.113830","https://www.scopus.com/inward/record.uri?eid=2-s2.0-105009591254&doi=10.1016%2Fj.ecolind.2025.113830&partnerID=40&md5=df583a468f0bb5aac062c692a4c5ddda","Mangrove wetlands are vital blue carbon sinks within the global carbon cycle, contributing approximately 10 % of the total organic carbon buried in coastal marine environments. However, rapid urbanization and industrialization discharge pollutants such as heavy metals, microplastics, organic contaminants, and oil spills, threatening these carbon and biodiversity functions. In this review, synthesizing 38 global studies reveals that heavy metals (e.g., Hg, Pb, Cd, Cr, Zn, Ni, As) reduce sediment organic carbon by 0.57–8.06 % and increase CH<inf>4</inf> emissions by 90–150 μg g−1 d−1 by microbial alterations and impairing normal growth and development of mangrove plants. Microplastics diminish carbon stocks by 1–12 % through impaired photosynthesis and sediment destabilization, while organic pollutants (i.e., PBDEs, PAHs) inhibit plant growth and microbial carbon processing. Oil spills reduce photosynthetic capacity by more than 50 %, accelerating biomass loss. These impacts collectively destabilize mangrove carbon storage capacity, a key climate mitigation function. We propose evidence-based mitigation strategies, including pollution regulation of land-sea discharge pathways, restoration using resilient species (e.g., Avicennia marina), and community-led conservation programs. Urgent interdisciplinary collaboration is needed to address multi-pollutant interactions and safeguard interconnected blue carbon ecosystems (salt marshes, seagrass beds) under intensifying anthropogenic pressure. © 2025 Elsevier B.V., All rights reserved.","Blue Carbon; Coastal Ecosystem Management; Heavy Metals; Mangrove Wetlands; Microplastics; Organic Pollutants; Biodiversity; Carbon; Carbon Cycle; Carbon Emissions; Conservation; Ecosystems; Marine Pollution; Oil Spills; Organic Carbon; Photosynthesis; Plants (botany); Wetlands; Blue Carbon; Carbon Sink; Carbon Storage; Coastal Ecosystem Management; Coastal Ecosystems; Ecosystem Management; Environmental Pollutants; Mangrove Wetland; Microplastics; Organics; Organic Pollutants; Biodiversity; Carbon Storage; Coastal Zone; Conservation Management; Ecosystem Management; Heavy Metal; Mangrove; Organic Pollutant; Plastic; Pollutant Source; Seagrass; Wetland"
"Deciphering the impact mechanisms of cultural ecosystem benefits in urban green spaces: a site-scale analysis integrating environmental perceived characteristics and usage patterns","2025","Ecological Indicators","10.1016/j.ecolind.2025.113829","https://www.scopus.com/inward/record.uri?eid=2-s2.0-105009589500&doi=10.1016%2Fj.ecolind.2025.113829&partnerID=40&md5=8984e722b4d4fc7702a2f88b55f03c28","Urban green spaces (UGS) provide multiple cultural ecosystem benefits (CEB) that are crucial for urban residents’ wellbeing. However, our understanding of the mechanisms influencing CEB in UGS remains limited, affecting our ability to design spaces that provide optimal benefits. This study aims to investigate the mechanisms underlying CEB in UGS at the site scale, using Haizhu National Wetland Park in Guangzhou, China as a case study. We developed a theoretical framework integrating environmental physical characteristics (EPHCs), environmental perceived characteristics (EPECs), and UGS usage patterns as mediating variables between environmental spaces and CEB. A cross-sectional study was conducted using a population sample (n = 1,451) through Public Participation GIS (PPGIS). Results showed that: (1) EPHCs significantly influenced CEB through both direct and indirect pathways mediated by EPECs and UGS usage; (2) Different dimensions of site characteristics affected CEB through distinct mechanisms − EPHCs primarily influenced CEB through visit frequency, while EPECs operated through both parallel mediation (via sociability, coherence, and openness) and serial mediation (through coherence/openness and visit frequency); (3) The impact mechanisms varied significantly across socio-demographic and activity types. Our findings extend the UK NEA's CEB framework by empirically validating the mediating roles of environmental perception and usage patterns. This study provides evidence-based guidance for UGS design and management to enhance CEB delivery in densely populated urban areas. © 2025 Elsevier B.V., All rights reserved.","Cultural Ecosystem Benefits; Cultural Ecosystem Services; Landscape Perception; Mediation Analysis; Public Participation Gis (ppgis); Structural Equation Modeling; Urban Green Space; Geographic Information Systems; Natural Environment; Population Statistics; Urban Growth; Cultural Ecosystem Benefit; Cultural Ecosystem Service; Ecosystem Services; Landscape Perceptions; Mediation Analysis; Public Participation; Public Participation Gis; Structural Equation Models; Urban Green Spaces; Usage Patterns; Ecosystems; Ecosystem Service; Gis; Greenspace; Local Participation; Perception; Urban Area; China; Guangdong; Guangzhou"
"Assessing cultural ecosystem services in the Hara mangrove forests: indicators for sustainable management in a Middle Eastern coastal marine protected area","2025","Ecological Indicators","10.1016/j.ecolind.2025.113834","https://www.scopus.com/inward/record.uri?eid=2-s2.0-105009499258&doi=10.1016%2Fj.ecolind.2025.113834&partnerID=40&md5=2dd0c6255c7a11f18a9ec9f7ea6e4cb6","Hara Coastal Marine Protected Area (CMPA) in southern Iran contains the largest mangrove ecosystem in the Middle East, providing essential Cultural Ecosystem Services (CESs) and supporting biodiversity conservation. Despite its ecological and socio-cultural significance, increasing human pressures and inadequate infrastructure threaten its sustainability. This study evaluates CES perceptions among local communities and tourists, identifying priority recreational activities, perceived barriers, and site-specific stressors using integrated social and ecological indicators. Findings reveal a strong dependence of local communities on the Hara CMPA, demonstrating high place attachment and a commitment to conservation. In contrast, tourists showed lower ecological awareness, valuing aesthetic and recreational experiences over conservation concerns. Natural features such as mangrove forests, tidal zones, and wildlife habitats were most valued, whereas human-modified sites like docks and historical villages were considered as less important. Infrastructure deficiencies and lack of suitable facilities emerged as the most significant barriers to CES utilization. Among CES categories, aesthetic values ranked highest, while educational values received the least recognition. To support sustainable management of the Hara CMPA, targeted strategies should enhance environmental awareness, upgrade infrastructure, and incorporate local knowledge in planning. The findings provide a set of ecological and social indicators to inform coastal policy, emphasizing the need for inclusive, stakeholder-centered approaches to balance conservation and human activities in marine protected area governance. © 2025 Elsevier B.V., All rights reserved.","Conservation Challenges; Cultural Ecosystem Services; Marine Resource Management; Middle-east; Recreational Preferences; Stakeholder Engagement; Biodiversity; Coastal Engineering; Ecosystems; Environmental Management; Forestry; Marine Biology; Sustainable Development; Conservation Challenge; Cultural Ecosystem Service; Ecosystem Services; Mangrove Forest; Marine Protected Area; Marine Resource Management; Middle East; Recreational Preference; Stakeholder Engagement; Sustainable Management; Conservation; Biodiversity; Coastal Zone; Conservation Management; Ecosystem Service; Mangrove; Protected Area; Resource Management; Stakeholder; Sustainable Development; Traditional Knowledge; Iran"
"Towards smarter green infrastructure: Fusing bark ecology and stemflow hydrodynamics on tree stems","2025","Ecological Indicators","10.1016/j.ecolind.2025.113827","https://www.scopus.com/inward/record.uri?eid=2-s2.0-105009481491&doi=10.1016%2Fj.ecolind.2025.113827&partnerID=40&md5=876f62380951e00ad16e2b41033a858a","A wide array of bark surfaces sheath wooded plants in rural and urban areas alike. Much work has examined the function and role of bark in different contexts and different environs, including urban areas, finding that it is rich in life and can play a role in the transfer of water and matter to the ground surface. Accordingly, this paper presents a first step to weld and fuse bark ecology and stemflow hydrodynamics. It is an effort to develop a physically-based understanding of the transport of water and matter (e.g., solutes, particulates, microorganisms) along tree stems using relevant equations to allow a more informed consideration of bark in green infrastructure initiatives. In particular, the hydrodynamical equations are based on the conservation of water mass, conservation of momentum, and conservation of scalar mass. These equations, coupled with contemplation of corticular life, underpin and substantiate bark's unifying role as a modulator and cultivator. By elucidating the ‘black box’ of the tree stem and utilizing the formulations set forth in this paper, urban foresters and planners can develop green infrastructure to help advance ecosystem services and sustainability development goals (SDG), especially SDG 11 and SDG 15. © 2025 Elsevier B.V., All rights reserved.","Bark; Bark Ecology; Green Infrastructure (gi); Hydrodynamics; Stemflow; Ecosystems; Forestry; Plants (botany); Sustainable Development; Urban Planning; Bark; Bark Ecology; Bark Surfaces; Green Infrastructure; Rural And Urban; Stemflow; Surface Sheaths; Tree Stems; Urban Areas; Hydrodynamics; Bark; Cultivar; Ecosystem Service; Greenspace; Hydrodynamics; Stemflow; Sustainable Development Goal; Woody Plant"
"Advanced intelligent recognition algorithm for tree canopy carbon sequestration capacity based on 3D visualization: application in Larch plantations under drought stress","2025","Ecological Indicators","10.1016/j.ecolind.2025.113780","https://www.scopus.com/inward/record.uri?eid=2-s2.0-105009359989&doi=10.1016%2Fj.ecolind.2025.113780&partnerID=40&md5=72afc09dc0586308a02a139610487691","This study presents an advanced 3D visualization-based intelligent algorithm to assess and enhance Larix kaempferi carbon sequestration under drought stress. This approach addresses the critical impacts of drought on canopy structure and photosynthetic efficiency, significantly reducing carbon gain in larch plantations. Our research utilizes high-precision 3D canopy models combined with detailed physiological data to reveal the negative effects of drought on the cumulative leaf area index (cLAI) and maximum photosynthetic efficiency (Amax). The findings demonstrate that while drought stress reduces overall leaf area, the optimized leaf arrangement and minimized ineffective leaf area enable trees to more efficiently utilize water for photosynthesis, thereby preserving or even enhancing their carbon sequestration capacity. By leveraging 3D reconstruction technology, this study provides real-time, accurate data that significantly improves our understanding of forest ecosystem dynamics under extreme climatic conditions. The intelligent algorithm developed offers a robust tool for predicting and optimizing forest carbon sequestration, presenting new opportunities for forest management and conservation. The application of advanced 3D visualization and intelligent algorithms enhances decision-making processes for forest managers and stakeholders, promoting scientifically sound strategies for climate adaptation. This study underscores the transformative potential of cutting-edge 3D modeling technologies in advancing forest conservation and management practices. © 2025 Elsevier B.V., All rights reserved.","3d Visualization; Carbon Sequestration; Intelligent Recognition Algorithm; Lidar And Uavs; Photosynthetic Efficiency; Point Cloud Data; 3d Reconstruction; Carbon; Carbon Cycle; Carbon Economy; Carbon Sequestration; Conservation; Data Visualization; Decision Making; Drought; Ecosystems; Forest Ecology; Forestry; Optimization; Photosynthesis; Physiological Models; Three Dimensional Computer Graphics; Trees (mathematics); Visualization; 3d Visualization; Drought Stress; Intelligent Algorithms; Intelligent Recognition; Intelligent Recognition Algorithm; Lidar And Uav; Photosynthetic Efficiency; Point Cloud Data; Recognition Algorithm; Efficiency; Algorithm; Carbon Sequestration; Drought Stress; Ecosystem Dynamics; Forest Canopy; Forest Management; Leaf Area Index; Nature Conservation; Three-dimensional Modeling; Visualization"
"A systematic review of urban green spaces affecting subjective well-being: an explanation of their complex mechanisms","2025","Ecological Indicators","10.1016/j.ecolind.2025.113786","https://www.scopus.com/inward/record.uri?eid=2-s2.0-105009344237&doi=10.1016%2Fj.ecolind.2025.113786&partnerID=40&md5=1fa0c215d52eee934fcaca7ba84ea9d6","As global urban development intensifies swiftly, the correlation between the ecological setting and human welfare has grown more pronounced. The influence of urban greenery on individual welfare, as a crucial aspect of urban life, has been the focus of numerous academics. However, there are inconsistent research findings on the complex mechanisms by which urban green space affects subjective well-being. This research aimed to investigate discrepancies in subjective well-being across countries and regions, assess the influence of urban green areas on subjective well-being, and clarify the various roles urban flora plays in this regard. This research introduces a random effects meta-analysis involving 51 studies (reconciled mean N = 28252), employing meta-analyzing structural equation modeling (MASEM) to confirm the variances in the influence of various intermediary factors linking urban green spaces and personal well-being. The meta-analytical results revealed a notable positive correlation between urban plant life and the personal joy of inhabitants, r = 0. 322, 95 % CI = [0. 219–0. 417]. Analysis via structural equation revealed that local community solidarity, air contamination, and exercise partially mediated the outcome, emphasizing the greater importance of physical activity. The research results show that the presence of urban green areas markedly influences the subjective health of its residents, with neighborhood unity, air pollution, and physical activities being key channels influencing this well-being. Therefore, advancing these areas with landscape planning and management is crucial for boosting their perceived overall wellness. © 2025 Elsevier B.V., All rights reserved.","Air Pollution; Neighborhood Social Cohesion; Physical Activity; Subjective Well-being; Urban Green Space; Natural Environment; Random Processes; Urban Growth; Complex Mechanisms; Neighborhood Social Cohesion; Neighbourhood; Physical Activity; Social Cohesion; Subjective Well-being; Systematic Review; Urban Green Area; Urban Green Spaces; Well Being; Air Pollution; Atmospheric Pollution; Correlation; Greenspace; Landscape Planning; Literature Review; Local Participation; Meta-analysis; Neighborhood; Physical Activity; Urban Development"
"Lepidoptera abundance and diversity as a quantitative measure of ecosystem function in bioretention design","2025","Ecological Indicators","10.1016/j.ecolind.2025.113810","https://www.scopus.com/inward/record.uri?eid=2-s2.0-105009330844&doi=10.1016%2Fj.ecolind.2025.113810&partnerID=40&md5=56dcb74707d0f40d0cc3fdeb8e62d44e","The choices of engineers and other professionals working in urban environments can either mitigate or exacerbate drivers of ecosystem and biodiversity decline. To date, engineers designing bioretention basins for management of urban surface runoff typically have not considered implications of their design and management decisions on terrestrial ecosystem structure and function. However, a foundation of knowledge sufficient to evaluate design decisions in light of ecosystem functions exists in the fields of engineering and ecology, and this knowledge can be connected to improve design outcomes. Bioretention system functions considered in this paper are hydrologic regulation, production, nutrient retention, and habitat provisioning. We 1) review existing knowledge on the use of quantitative criteria to advance terrestrial ecosystem objectives in bioretention design, with a focus on Lepidoptera abundance and diversity as a proxy for these ecosystem functions, 2) report results of a literature review identifying gaps in knowledge and interdisciplinary communication limiting achievement of terrestrial ecosystem objectives, and 3) connect existing data and literature across disciplines to propose a novel design and plant choice approach to fill these gaps. A key criterion recommended as a proxy for terrestrial ecosystem function in bioretention basins is the number of Lepidoptera species supported in the larval stage by the plant genera selected by the designer. Designers can adjust plant choice to maximize this value, subject to tradeoffs with other design objectives and site-specific constraints. We conclude by presenting a set of questions to guide future research and providing recommendations for translating research findings into professional practice. © 2025 Elsevier B.V., All rights reserved.","Bioinfiltration; Bioretention; Ecological Function; Hydrologic Cycle; Insect Herbivores; Lepidoptera; Pollination; Trophic Levels; Urban Ecology; Urban Stormwater Management; Water Resources Engineering; Biotic; Ecodesign; Ecosystems; Water Resources; Bio-infiltration; Bioretention; Ecological Functions; Hydrologic Cycles; Insect Herbivore; Lepidoptera; Pollination; Trophic Level; Urban Ecology; Urban Stormwater Management; Water Resource Engineering; Waters Resources; Biodiversity; Abundance; Biofiltration; Design; Ecosystem Function; Herbivore; Hydrological Cycle; Moth; Pollination; Quantitative Analysis; Stormwater; Trophic Level; Water Resource"
"Recent lake surface dynamics in the Hunshandake sandy land (2017–2022) and their response to climatic factors","2025","Ecological Indicators","10.1016/j.ecolind.2025.113820","https://www.scopus.com/inward/record.uri?eid=2-s2.0-105009279449&doi=10.1016%2Fj.ecolind.2025.113820&partnerID=40&md5=9d1cc45dfb9c996bafa3f9a0330fc165","Lakes, as critical components of the terrestrial water cycle, play an indispensable role in maintaining ecological balance, particularly in arid ecosystems like the Hunshandake (Otindag) Sandy Land (HSDK) of China. Understanding the spatiotemporal dynamics of these lakes is essential for deciphering regional hydrological cycles and predicting their ecological evolution in water-stressed environments. Leveraging the Google Earth Engine (GEE) platform and Sentinel-2 satellite imagery, we mapped the monthly water extents of lakes in the HSDK (2017–2022) at 10 m spatial resolution and analyzed their drivers. Key findings include: (1) Three classification approaches — pixel-based random forest (RF), object-oriented random forest (OB-RF), and support vector machine (SVM) — achieved high accuracy (Overall Accuracy: 98.5 %, 97.4 %, and 98.4 %; Kappa Coefficients: 0.970, 0.946, and 0.967, respectively). Compared with seasonal lakes, permanent lakes exhibited superior extraction accuracy. Notably, the OB-RF method generated clustered artifacts when mapping small fragmented water bodies. (2) The annual maximum lake area in the HSDK fluctuated between 345.61 and 419.42 km2 2017–2022 (mean: 379.55 km2). Though seasonal lakes were more numerous, permanent lakes made up 70 % of the total area. Monthly variations revealed a three-phase pattern: a gradual decline from April to June, a marked expansion in July–September, and subsequent contraction in October. (3) Interannual lake area changes were positively correlated with precipitation (2017–2021, R2 = 0.80, p < 0.05), although anomalous expansion occurred in 2022 despite reduced rainfall, suggesting hydrological inertia. At the monthly scale, lake areas exhibited a significant one-month lagged response to precipitation (R2 = 0.61, p < 0.001), highlighting delayed hydrological feedback. © 2025 Elsevier B.V., All rights reserved.","Hunshandake; Lake Area; Otindag; Remote Sensing; Sandy Land; Dynamics; Ecosystems; Expansion; Hydrology; Lakes; Rain; Sand; Support Vector Machines; Climatic Factors; Critical Component; Hunshandake; Lake Areas; Object Oriented; Otindag; Random Forests; Remote-sensing; Sandy Land; Surface Dynamics; Remote Sensing; Lake Dynamics; Mapping Method; Remote Sensing; Sandy Soil; Satellite Imagery; Spatial Resolution; Support Vector Machine; China"
