"Title","Year","Source title","DOI","Link","Abstract","Author Keywords"
"Ecosystem services and cost-effective benefits from the reclamation of saline sodic land under different paddy field systems","2024","Ecosystem Services","10.1016/j.ecoser.2024.101682","https://www.scopus.com/inward/record.uri?eid=2-s2.0-85209127006&doi=10.1016%2Fj.ecoser.2024.101682&partnerID=40&md5=20ece75d2e97e99513d1952742dd726b","Reclamation of saline-sodic soils can unlock vast potential resources, relieve food shortages, and increase valuable ecosystem services. While previous investigations have focused on the current ecosystem service (ES) value of reclaimed paddy fields, the potential long-term costs and benefits of reclamation are still largely unknown. To fill this important research gap, we assessed ES values of reclaimed paddies at the field scale, using primary data collected from 15 different paddy management systems. We assessed the market and non-market benefits, costs, and benefit-cost ratios (BCR) of three different reclamation models and two coculture models across a chronosequence of paddy sites (cultivated for up to 50 years). Our results demonstrate that the addition of cellulose sulfonated modified composite (CSMC) and flue gas desulfurization gypsum (FGDG) substantially increased the net ecosystem service value (NESV) by 16.53 % and 52.21 %, respectively, compared to control paddy cultivation sites. Additionally, integrated rice-crab and rice-fish coculture systems presented great increases in market value (48.48 % and 51.39 %, respectively) compared with that of monoculture systems. Ecosystem provisioning and gas regulating services increased alongside market benefits over longer cultivation periods, indicating potential advantages of long-term paddy cultivation. After 50 years of operation, the cumulative benefit of the CSMC system was approximately 455058.88 ¥ ha−1, which was approximately 1.6 times greater than the control. These results indicate that additional investment in the CSMC system can produce a high margin benefit-cost ratio (MBCR). Given appropriate management models and policies, CSMC inputs and rice-fish co-culture represent the best-performing reclamation system in this study. Our study lays the foundation for associated studies on related government policy, corporate investments, and agricultural production. © 2024 Elsevier B.V., All rights reserved.","Benefit-cost Analysis; Ecosystem Services; Reclamation; Rice Paddy; Saline-sodic Soils"
"Disentangling cultural ecosystem services co-production in urban green spaces through social media reviews","2024","Ecosystem Services","10.1016/j.ecoser.2024.101675","https://www.scopus.com/inward/record.uri?eid=2-s2.0-85209094896&doi=10.1016%2Fj.ecoser.2024.101675&partnerID=40&md5=6b0ac798a7e5dfc3419a25054d263fa1","Urban green spaces (UGS) are vital for providing cultural ecosystem services (CES) that enhance well-being in cities. CES are co-produced through human interactions with the environment and involve natural, built, human, and social capital. Assessing CES through textual social media reviews on platforms such as Google Maps, offers insights into the intricate relationships between UGS characteristics, human activities, and well-being. However, research gaps regarding the role of co-production factors in the final delivery of CES persist, necessitating an improved conceptualization of CES co-production. This study provides a comprehensive exploration of the co-production of CES in UGS by analyzing 15,450 Google Maps reviews in the German cities of Bochum and Gelsenkirchen. The research assesses both the “use clause” and “ecological clause” of CES, offering a nuanced understanding of user perceptions and the contributions of UGS characteristics. Key findings highlight the entangled significance of CES categories, such as “aesthetic experiences,” “active or immersive interactions,” and “passive or observational interactions,” revealing that aesthetic value acts as a catalyst for both active and passive interactions within UGS. The study also demonstrates the intricate relationship between CES and the (perceived) biophysical environment, suggesting tangible and material connections to the natural and built environment, contrary to existing intangibility claims. The analysis of low-intensity and experience-oriented recreational activities highlights the reliance on specific UGS characteristics. The study concludes by acknowledging the strengths of utilizing textual social media reviews for CES assessment, particularly in their ability to cover a broad range of UGS classes in urban contexts. Our research enhances understanding of CES co-production in UGS, emphasizing the interplay between UGS characteristics, user experiences, and CES co-production. This provides insights for UGS planning and guides research on material aspects of CES co-production and capital interactions. © 2024 Elsevier B.V., All rights reserved.","Co-production; Cultural Ecosystem Services; Google Maps Reviews; Green Space Characteristics; Urban Green Spaces; User Perceptions"
"Cultural ecosystem services and disservices in protected areas: Hotspots and influencing factors based on tourists’ digital footprints","2024","Ecosystem Services","10.1016/j.ecoser.2024.101680","https://www.scopus.com/inward/record.uri?eid=2-s2.0-85208933467&doi=10.1016%2Fj.ecoser.2024.101680&partnerID=40&md5=531a32f0dad2849b7a61d197e3958b8e","Protected areas provide invaluable cultural ecosystem services, attracting increased attention. However, standardized evaluation criteria for cultural ecosystem services (CES) are still lacking, and the influencing factors remain largely unknown, making it difficult to fully understand the CES of protected areas. To address these limitations, we established a comprehensive framework for assessing the CES and selected Wuyishan National Park as a case study, a famous world heritage site attracting large numbers of visitors. A grounded approach was employed to analyze the composition of CES from visitors’ digital footprints data (N = 13,738), and kernel density estimation (KDE) and Geodetector were used to analyze spatial distribution and influencing factors. Results showed that recreation and leisure accounted for the highest proportion (47.63 %) of all the ten CES types derived from the coding of digital footprint data, while four categories of cultural ecosystem disservices (CEDS) constituted 13.15 % of the digital footprint coding count. Hot spots of CES were identified, which exhibited a pattern of higher values in the east and lower in the west. This pattern was primarily influenced by socio-economic factors such as GDP (q = 0.477), regional recreational popularity (q = 0.380), and population density (q = 0.363). The interaction between GDP and distance from the town center contributed significantly (q = 0.641). In the study, we expanded the methodology for quantitatively assessing CES in protected areas, revealing the spatial difference between CES and CEDS, offering scientific and well-founded references to achieve effective conservation and sustainable management for protected areas. © 2024 Elsevier B.V., All rights reserved.","Buffer Zones; Cultural Values; Geodetector; Grounded Approach; National Parks; Social Media Data"
"Valuation of ecosystem services in marine protected areas: A comprehensive review of methods and needed developments","2024","Ecosystem Services","10.1016/j.ecoser.2024.101678","https://www.scopus.com/inward/record.uri?eid=2-s2.0-85208563540&doi=10.1016%2Fj.ecoser.2024.101678&partnerID=40&md5=1e7bfc8d0aaeb222d4cec6fa315656b8","Effectively managing Marine Protected Areas (MPAs) requires recognising and understanding the fundamental services offered by marine ecosystems and the socio-economic consequences that their changes will have. A systematic literature review was performed to generate a first in-detail screening and assessment of monetary and non-monetary methods for the valuation of ecosystem services (ES) and their application in MPAs and MPA networks. A total of 100 peer-reviewed papers on ES valuation within MPAs and MPA networks were identified and analysed. Valuation methods can be classified into nine monetary and seven non-monetary methodologies. There is a predominant use of monetary valuation methodologies, especially stated preference methods. However, combining monetary with non-monetary valuation approaches can provide deeper insights into the underlying reasons for assigning values to ES and offer enhanced opportunities to capture the value of services that may be challenging to express solely in monetary terms. Besides, the review underscores the gaps in assessment methodologies, particularly in addressing supporting and regulating ES, as well as non-use and option values related to MPAs, underscoring the need for innovative approaches to overcome challenges in capturing these essential components of marine ecosystems. © 2024 Elsevier B.V., All rights reserved.","Ecosystem Services; Marine Protected Area; Monetary Valuation; Mpa; Non-monetary Valuation"
"Effects of ecological restoration projects on ecosystem services flows","2024","Ecosystem Services","10.1016/j.ecoser.2024.101681","https://www.scopus.com/inward/record.uri?eid=2-s2.0-85208502196&doi=10.1016%2Fj.ecoser.2024.101681&partnerID=40&md5=4627f2740f88b567d3b6f5b94bf6b667","Conserving and managing natural capital require an in-depth understanding of the complex flow dynamics of an ecosystem service (ES) under different policy contexts. However, little is known about how ecological restoration projects affect ES flows, impairing the identification of sustainable management and decision choices. Here, we addressed this knowledge gap and reported on the effects of Natural Forest Conservation Project (NFCP) and Grain to Green Project (GTGP), two of the largest restoration projects worldwide, by taking the Blank River Basin of Shaanxi province, China, as a case study. We found that the inter-regional ES flows under the joint implementation of these two projects increased by 10.1 % (water retention), 5.9 % (flood mitigation) and 7.7 % (soil retention), in relation to the sum of benefits produced by the two projects separately. Higher flow intensity was observed for the three services between June and September compared to those in other months. The effects of different projects showed a spatial heterogeneity across the basin, with major increases of intra-regional ES flows observed in the southern region. Quantitative analyses revealed higher intra-regional ES flows with more synergistic areas for all services when GTGP and NFCP were jointly implemented in relation to their separate enforcement. Our findings highlight the importance of considering the integrated effects of multiple projects in systematic conservation planning aiming to improve ecosystem benefits to people both locally and across distances. © 2024 Elsevier B.V., All rights reserved.","Ecological Restoration; Ecosystem Service Flow; Sustainability; Synergy"
"A multi-indicator distributive justice approach to assess school-related green infrastructure benefits in Brussels","2024","Ecosystem Services","10.1016/j.ecoser.2024.101677","https://www.scopus.com/inward/record.uri?eid=2-s2.0-85208197582&doi=10.1016%2Fj.ecoser.2024.101677&partnerID=40&md5=f36995b6f337e3d11bc387fa6cd843ea","Environmental justice considerations in ecosystem service research have increased in recent years, especially in urban assessments. Many studies have focused on the unequal distribution of urban green infrastructure and related ecosystem services from a residential perspective. However, for certain population groups, such as children, considering other frequently visited urban settings (e.g. school environments) is also essential to assess distributive environmental justice. While there is an increasing number of studies measuring children's access and exposure to green infrastructure in school environments, most of these assessments rely on coarse metrics of greenness (e.g. NDVI). In this research, we propose a multi-indicator distributive justice approach to assess schools’ outdoor environmental quality. More specifically, our study examines the spatial distribution of nine school-related socio-environmental indicators, including green infrastructure elements (n = 3), regulating ecosystem services (n = 2), environmental hazards (n = 2), and socio-economic background (n = 2) for nearly all primary school settings (n = 408) located in the Brussels Capital Region, Belgium. Bivariate and spatial regression analyses show that schoolchildren from wealthier families usually attend schools with greener and better outdoor environmental quality, generally characterized by more vegetation in and around the school settings, higher levels of regulating ecosystem services provision, and lower exposure to environmental hazards. We argue that addressing these multi-faceted environmental disparities should be prioritized when planning new school greening initiatives. © 2024 Elsevier B.V., All rights reserved.","Children's Geographies; Climate Change Adaptation; Geospatial Analysis; Nature-based Solutions; Primary Schools; Urban Resilience"
"A global systematic review of the cultural ecosystem services provided by wetlands","2024","Ecosystem Services","10.1016/j.ecoser.2024.101673","https://www.scopus.com/inward/record.uri?eid=2-s2.0-85207713235&doi=10.1016%2Fj.ecoser.2024.101673&partnerID=40&md5=6e30c4571c8497243154cd0b5750f48d","Wetlands make a disproportionately large contribution to global biodiversity and provide critical ecosystem services for humanity. Yet, our understanding of the cultural ecosystem services (CES) provided by wetlands remains limited, with benefits often only recognised at local scales. To address this knowledge gap, we conducted a global systematic review of wetland CES. Our synthesis addressed key questions related to the provision of CES by different types of wetlands, their economic value, their co-occurrence and associations with other ecosystem services, threats to the provision of CES by wetlands, as well as the availability and use of CES information. Based on 861 published papers (1968–2022) in 17 languages, we found evidence of CES provided by wetlands in 175 countries and territories, highlighting that wetlands are globally important for the provision of CES. Recreation/tourism was the most frequently reported CES (40 %), with cultural identity/heritage (16 %) and education/learning/knowledge (13 %) also well-represented. In contrast, examples of sense of place (4 %) and bequest (4 %) were least frequent. Our synthesis of published estimates yielded a mean of £57262 ha−1 yr−1 for the cultural benefits of wetlands; however, this mean should be interpreted with caution given that we documented a very wide range of estimates for each CES type of <£1–£1065205 ha−1 yr−1. Threats to wetland CES were documented in 45 % of papers, and included wetland destruction, pollution, and climate change. The probability that a CES paper would be available open access, and the probability that a published paper featured at least one author affiliated with the country where the study was conducted, both varied significantly among continents and publication years. Conservation outcomes related to CES featured in 13 % of papers, whilst 10 % made policy/management recommendations. Our study highlights the links between wetlands and human culture, emphasising their importance in motivating future wetland creation and restoration. © 2024 Elsevier B.V., All rights reserved.","Aquatic Ecosystems; Cultural Benefits; Ecosystem Goods; Evidence Synthesis; Water; Wetland Threats"
"Ecosystem accounting applied to the restoration of a brackish coastal lagoon highlights the importance of individual ecosystem-level studies","2024","Ecosystem Services","10.1016/j.ecoser.2024.101676","https://www.scopus.com/inward/record.uri?eid=2-s2.0-85207710353&doi=10.1016%2Fj.ecoser.2024.101676&partnerID=40&md5=4c049ddf76db1d607ca64f70830193ab","Ecosystem accounting is increasingly used at national and regional levels to guide environmental management. Nonetheless, there is a lack of accurate data on individual ecosystems, which hampers the reliability of upscaling analyses critical to understanding human impacts on ecosystems. Delta areas are particularly challenging due to the complex and unique ecological characteristics created by human activities interacting with aquatic and terrestrial domains. This study aims to address this gap by compiling a comprehensive set of ecosystem accounts that cover extent, condition and services at the individual ecosystem level. In particular, the applicability of the System of Environmental-Economic Accounting – Ecosystem Accounting (SEEA-EA) framework will be evaluated in the context of a restoration project at the Sacca di Goro lagoon, a coastal brackish lagoon located in the Po delta (Northern Italy). The analysis shows that the SEEA-EA can effectively capture the impact of various factors, including environmental measures, socio-economic trends, climate change, and biological invasions, on an individual ecosystem. The environmental interventions resulted in a significant restoration of reed habitats and an improvement in the abiotic characteristics. However, other drivers acting at different scales had negative impacts on biotic indicators. The decline of the fishery in the Adriatic region, along with climate change and the recent invasion of blue crabs, has significantly impacted the fish community and clam farming, resulting in the loss of valuable provisioning services such as fishery and aquaculture. The case of the Sacca di Goro lagoon demonstrates that local measures can enhance ecological conditions and some regulating services but other larger-scale factors may have relevant and unexpected impacts. To scale up the analysis at a national or regional level, further research on individual ecosystem types is necessary, especially in the case of deltas and estuaries. © 2024 Elsevier B.V., All rights reserved.","Aquaculture; Ecological Restoration; Fishery; Natural Capital Accounting; Po River Delta; Seea-ea"
"Corrigendum to “Perceived urban ecosystem services and disservices in gentrifying neighborhoods: Contrasting views between community members and state informants” [Ecosyst. Serv. 65 (2024) 101571] (Ecosystem Services (2024) 65, (S2212041623000645), (10.1016/j.ecoser.2023.101571))","2024","Ecosystem Services","10.1016/j.ecoser.2024.101674","https://www.scopus.com/inward/record.uri?eid=2-s2.0-85207335910&doi=10.1016%2Fj.ecoser.2024.101674&partnerID=40&md5=7afde91e1bdfbf321f58d26ab605bab9","The authors regret that there was error in author's affiliation. The missed affiliation for the last and co-corresponding author has been updated above. Content of correction: j Universitat Pompeu Fabra (UPF), Barcelona, Spain The authors would like to apologise for any inconvenience caused. © 2024 Elsevier B.V., All rights reserved.",""
"Integration of the system of environmental economic accounting-ecosystem accounting (SEEA-EA) framework with a semi-distributed hydrological and water quality simulation model","2024","Ecosystem Services","10.1016/j.ecoser.2024.101672","https://www.scopus.com/inward/record.uri?eid=2-s2.0-85207152448&doi=10.1016%2Fj.ecoser.2024.101672&partnerID=40&md5=ddb580a569127fbc467cd525aff913fb","This research is aimed to map the ecosystem accounting according to the System of Environmental-Economic Accounting-Ecosystem Accounting (SEEA-EA) framework in river-basin scale, while examining the potential of the Soil and Water Assessment Tool (SWAT) in drawing the ecosystem accounting. The focus of the accounting is on the physical ecosystem extent (EEA), condition (ECA), and services (ESA) in the Karaj River-basin, Iran. To analyze the EEA, we attributed the ecosystems based on the Global Ecosystem Typology developed by the International Union for Conservation of Nature (IUCN). Then, the attribute tables of each sub-basin were processed in ArcMap environment to quantify the changes between 2005 and 2010. SWAT model of the study area was calibrated and validated based on hydrological and water quality data to evaluate the ECA and ESA. Furthermore, we assessed the water supply for different purposes among the ecosystem services by employing the SWAT model. This research determined the contribution of water provision by the ecosystem to various uses and beneficiaries, and evaluated the trends and attribution of the changes. Concerning terrestrial accounts in EEA, the T6.4 (Grassland) ecosystem reduction was the most significant change observed. Also, unmanaged expansions emerged as the predominant factor contributing to changes across various ecosystems. Reviewing the ECA revealed that the T3.2 (Shrubland), T6.4, and T5.1 (Bareland) ecosystems have experienced area reductions of 19.2%, 18.2%, and 8%, respectively, while the T7.3 (Orchard) and F1.1 (Freshwater) ecosystems exhibited approximately 9% and 6% increases in condition. The analysis of the ECA indicated that the decrease in precipitation, particularly snowfall, is the main contributing factor to the deteriorating condition of the terrestrial ecosystems. The examination on the EEA demonstrated a decline in the water supplied by the ecosystems. The findings indicate that incorporating the SWAT model within an ecosystem accounting framework, offers valuable insights to facilitate informed decision-making. © 2024 Elsevier B.V., All rights reserved.","Ecosystem Accounting; Ecosystem Condition; Ecosystem Extent; Ecosystem Services; Swat; Water Provisioning Services"
"Collaborative models and uncertain water quality in payments for watershed services: China's Jiuzhou River eco-compensation","2024","Ecosystem Services","10.1016/j.ecoser.2024.101671","https://www.scopus.com/inward/record.uri?eid=2-s2.0-85206663258&doi=10.1016%2Fj.ecoser.2024.101671&partnerID=40&md5=66cd18003488430d06cd552b243a9817","As Payments for Watershed Services (PWS) schemes are widely implemented around the world, determining downstream payment rates based on expected water quality is critical to designing efficient PWS schemes. Combined with a case study of the Jiuzhou River Horizontal Eco-compensation (JRBHE) in China, this study builds a stochastic differential game model of PWS considering water quality uncertainty. Using this model, this study explores how water quality uncertainty affects the decision-making of watershed protection behaviors of various stakeholders in PWS. In comparing changes in stakeholder watershed protection behaviors in multiple JRBHE scenarios, this study argues that the collaborative eco-compensation model in the PWS can achieve social optimality as it can coordinate multi-stakeholder goals regarding watershed services and water quality. In addition, this study also emphasizes that the collaborative eco-compensation model is riskier than the existing horizontal eco-compensation model due to water quality uncertainty, and penalties aimed at reducing risk are often necessary for the collaborative eco-compensation model. Finally, this study highlights that designing incentive-compatible PWS schemes remains challenging because both water quality uncertainty and stakeholders’ risk preferences influence their ultimate watershed protection behavior. © 2024 Elsevier B.V., All rights reserved.","Collaborative Eco-compensation; Horizontal Eco-compensation; Jiuzhou River Basin; Payments For Watershed Services; Water Quality Uncertainty"
"Monetary value of ecosystem services in unhealthy seagrass meadows in Indonesia","2024","Ecosystem Services","10.1016/j.ecoser.2024.101668","https://www.scopus.com/inward/record.uri?eid=2-s2.0-85206138424&doi=10.1016%2Fj.ecoser.2024.101668&partnerID=40&md5=6eea336af8cd746d6c78e85f2131c714","Seagrass meadows provide important ecosystem services for humans, particularly local communities living in coastal areas. These ecosystems have been facing several anthropogenic pressures, leading to their unhealthy ecological state. Understanding the economic value of ecosystems is essential for effective management and conservation efforts. This study evaluated the monetary value of seagrass ecosystem services in Wakatobi and Bintan, Indonesia. The study sites in these locations were selected owing to the compromised condition of their seagrass ecosystems and the local communities’ widespread use of seagrass ecosystem services. Data were collected through questionnaires, interviews, focus group discussions, and existing research literature. The monetary valuation of ecosystem services (supporting, regulating, provisioning, and cultural services) was estimated using a non-market benefit transfer and market prices approach. Our analysis revealed that the monetary value of seagrass meadows with an unhealthy ecological state was USD 23,800/ha/y (IDR 336 million) in Wakatobi and USD 13,800/ha/y (IDR 195 million) in Bintan. The average monetary value from both locations was approximately USD 18,800/ha/y (IDR 265 million). Moreover, regulatory services were the most dominant component in the monetary value, contributing up to 97 % of the total value, whereas supporting services contributed 3 %; provisioning and cultural services contributed < 1 %. By quantifying the economic significance of seagrass meadows, our study can facilitate decision-making in seagrass conservation. Furthermore, our findings contribute to the broader field of ecosystem valuation and highlight the importance of safeguarding these ecosystems for both ecological and human well-being. © 2024 Elsevier B.V., All rights reserved.","Cultural Services; Provisioning Services; Regulating Services; Seagrass Ecosystems; Supporting Services"
"Corrigendum to “Impacts of commercial and subsistence fishing on marine and cultural ecosystem services important to the wellbeing of an Indigenous community in Hawai'I” [Ecosyst. Serv. 69 (2024) 101661] (Ecosystem Services (2024) 69, (S2212041624000688), (10.1016/j.ecoser.2024.101661))","2024","Ecosystem Services","10.1016/j.ecoser.2024.101669","https://www.scopus.com/inward/record.uri?eid=2-s2.0-85205707685&doi=10.1016%2Fj.ecoser.2024.101669&partnerID=40&md5=94042d2eebdbf7a728a2cf94f8e94241","The authors regret the inadvertent omission of co-author, Mariela Garcia-Vega, from the revised version of the manuscript and would like to confirm her role as a co-author on this manuscript. The updated CREDIT authorship statement for the manuscript has been replaced as above. The authors would like to apologise for any inconvenience caused. © 2024 Elsevier B.V., All rights reserved.",""
"Flood prevention benefits provided by Canadian natural ecosystems","2024","Ecosystem Services","10.1016/j.ecoser.2024.101670","https://www.scopus.com/inward/record.uri?eid=2-s2.0-85205598114&doi=10.1016%2Fj.ecoser.2024.101670&partnerID=40&md5=e7eb1034d707a96ba03edd64f637b5fb","The escalating impacts of climate change have heightened concerns about the frequency and severity of natural disasters, particularly extreme flooding events. Future projections underscore the necessity for innovative flood prevention strategies, including broad-scale nature-based solutions. Here, we present the first comprehensive assessment of the flood prevention benefits provided by Canadian natural ecosystems and identify key areas crucial for human well-being. Using spatially explicit modeling, we (1) evaluated the potential runoff retention by natural ecosystems and (2) identified downstream urban and agricultural areas critically dependent on these natural benefits, particularly those in floodplains and close proximity to upstream natural ecosystems. The natural ecosystems within the top 5 % of sub-basins, representing regions with a high priority for conservation practices aimed at flood prevention, play a crucial role in safeguarding approximately 54 % (∼6,000 km2) of the total built-up area and 74 % (∼16,900 km2) of the total cropland situated within floodplains. Additionally, they are positioned upstream of floodplain-based urban zones belonging to 358 population centers, directly benefiting 3.7 million people (∼10 % of the Canadian population) and indirectly benefiting almost 20.1 million people (∼56 % of the Canadian population). Moreover, among Canada's 5.2 million km2 of flood-preventing natural ecosystems, we identified a small fraction (10 %) whose loss or degradation would result in a significant (>50 %) increase in runoff. Several of these crucial ecosystems are situated in less populated northern regions, where local governments might want to incentivize conservation initiatives to support flood prevention. Our research underscores the imperative to integrate nature-based solutions into national strategies that consider the results of spatial planning analyses. Establishing other effective area-based conservation measures in the priority regions highlighted in this study can contribute towards reaching current ambitious environmental goals and provide critical flood prevention benefits. Additionally, our methods are transferable to other regions worldwide, leveraging globally available datasets and ensuring computational feasibility. © 2024 Elsevier B.V., All rights reserved.","Canada; Ecosystem Conservation; Ecosystem Service; Flood; Nature-based Solutions"
"A comparative analysis of ecosystem service values from various rice farming systems: A field experiment in China","2024","Ecosystem Services","10.1016/j.ecoser.2024.101664","https://www.scopus.com/inward/record.uri?eid=2-s2.0-85205502084&doi=10.1016%2Fj.ecoser.2024.101664&partnerID=40&md5=4470fd72d3ab9630016e929607cc754f","Integrated farming systems in paddy fields are being widely adopted for water-food-energy nexus in China. The mechanisms of these integrated farming systems and their economic and ecological benefits have been studied, however, investigation on their ecosystem service values (ESVs) remains limited in the field. To address this gap, this study comparatively analyzed the ESVs of rice monoculture, rice-fish co-culture and rice-fish-water spinach co-culture through a field experiment during the early and late rice growing seasons in 2022. Six positive ESVs including the primary product supply, CO<inf>2</inf> fixation, O<inf>2</inf> release, soil organic matter accumulation, flood control and water storage, soil nutrient maintenance, and one negative ESV of greenhouse gas (GHG) emissions were investigated and evaluated. The highest total positive ESV was approximately 50,200 US$/ha/yr of the rice-fish-water spinach co-culture, which was 31.4% higher than that of the rice monoculture, and the total primary products value increased by more than two folds than that of the rice monoculture. The total ESVs of the rice-fish co-culture resulted in approximately 43,700 US$/ha/yr, which was 14.4% higher than that of the rice monoculture of 38,200 US$/ha/yr, and the total primary products value increased by 63% as compared with the rice monoculture. Subtracting the negative value of GHG emissions, the net ESVs was approximately 49,400 US$/ha/yr of the rice-fish-water spinach co-culture, followed by 42,900 US$/ha/yr of the rice-fish co-culture, and 37,600 US$/ha/yr of the rice monoculture. Our findings suggested that it should be encouraged to adopt good integrated farming systems for better ecosystem services in paddy fields and to promote the decision makers’ and the public awareness on ecological farming, and field experiments are warranted to explore more practical co-culture systems and to optimize and maximize economic and ecological benefits as well as ecosystem service functions. © 2024 Elsevier B.V., All rights reserved.","Comparative Analysis; Ecosystem Service Value; Greenhouse Gas (ghg) Emission; Rice Monoculture; Rice-fish Co-culture; Rice-fish-vegetable Co-culture"
"Ecosystem services and collective action: New commons, new governance challenges","2024","Ecosystem Services","10.1016/j.ecoser.2024.101662","https://www.scopus.com/inward/record.uri?eid=2-s2.0-85205246820&doi=10.1016%2Fj.ecoser.2024.101662&partnerID=40&md5=ca900f9a2286cbb4b755c07345f6f01c","This editorial article of the special issue “Ecosystem Services and Collective Action: New Commons, New Governance Challenges” examines the synergies and tensions between the ecosystem services (ES) framework and the theories on collective action for environmental governance. The literature and the contributions of this special issue illuminate the multifaceted nature of these interactions. By revealing new socio-ecological interdependencies and emerging commons, the ES concept raise opportunities of collective action and polycentric institutional arrangements, and can operate as a boundary object in collaborative processes. However, we also stress the importance of considering, in both research and policy design, the inherent challenges of collective ES governance regimes and the complexities of the underlying social processes, including: the rise of shared perceptions and common beliefs; the development of new social networks and trust relations; the recognition of multiple values and worldviews, notably non-utilitarian values; the management of conflicts and power asymmetries; and the context-dependency of institutional arrangements. © 2024 Elsevier B.V., All rights reserved.","Collective Action; Ecosystem Services; New Commons; Nonutilitarian Values; Polycentric Governance; Power Relations"
"Impacts of landscape configurations on ecosystem services and their trade-offs across different landscape compositions","2024","Ecosystem Services","10.1016/j.ecoser.2024.101666","https://www.scopus.com/inward/record.uri?eid=2-s2.0-85205146798&doi=10.1016%2Fj.ecoser.2024.101666&partnerID=40&md5=c8f58dda767e255590459918eb9313e5","Landscape sustainability depends on the design of landscape patterns that can be guided by ecosystem services (ESs). Clarifying the impacts of landscape configurations on ESs and their trade-offs will facilitate landscape planning and management to achieve the best design without changing most landscape compositions. However, limited work has focused on these impacts, and whether these impacts are the same on different compositions remains unexplored. Thus, this study analyzes the impacts of landscape configurations on ESs and their trade-offs for different compositions. In this analysis, Gaussian mixture model was used to cluster the landscape by compositions, five important ESs (crop production, water yield, carbon storage, soil retention, and outdoor recreation) were quantified, and the constraint line was used to analyze the impact, taking the Xiangjiang River Basin as an example. Results showed that three clusters of landscape compositions, which are similar to the urban–rural–natural gradient, were identified. Furthermore, the impacts of landscape configurations on ESs and their trade-offs had largely the same direction in different compositions. However, change in landscape composition makes the high correlations among them weaker or shift to constraint impacts. Based on the results of the study, we can not only contribute to local landscape development but also argue three general approaches for landscape planning and management. First, considering the trade-offs and making a choice adapted to local conditions. Second, adjusting landscape configurations with virtually no changes of compositions. Third, external intervention based on rational landscape configurations. © 2024 Elsevier B.V., All rights reserved.","Constraint Line; Ecosystem Services; Gaussian Mixture Model (gmm); Landscape Configuration; Sustainable Landscape; Trade-offs"
"Differences in the experience of cultural ecosystem services in mountain protected areas by clusters of visitors","2024","Ecosystem Services","10.1016/j.ecoser.2024.101663","https://www.scopus.com/inward/record.uri?eid=2-s2.0-85204894736&doi=10.1016%2Fj.ecoser.2024.101663&partnerID=40&md5=b996714b97369fb83499d15ebc0b466c","Protected Areas contribute to the conservation of nature with associated cultural ecosystem services (CES) and values, such as recreational and educational opportunities, wildlife observation, scenic beauty, inspiration and sense of belonging. Informed management of Protected Areas needs to consider the distinct use and preferences for CES of different types of visitors to increase opportunities for nature experience while avoiding conflicts with biodiversity conservation. Therefore, it is important to understand the linkages between visitor characteristics and their demand for specific sets of CES, particularly in fragile mountain ecosystems. Here we do so by combining information from individual on-site surveys and participatory mapping of visitors in four European mountain Protected Areas. We analysed visitors’ frequency of use of eight CES and their socio-demographic information, identifying three clusters of visitors. We also assessed the spatial distribution of CES locations used by each visitor cluster. Our results highlight strong differences between clusters both in the most frequently experienced CES and in the spatial location where those CES were experienced. We suggest that a better understanding of visitors regarding the way they experience nature is relevant for the environmental management of mountain Protected Areas and their surroundings. © 2024 Elsevier B.V., All rights reserved.","Ces Use; Nature Tourists; Nature's Contribution To People; Non-material Ncp; Participatory Mapping; Protected Areas; Stakeholders; Survey"
"Misconceptions about the valuation of ecosystem services","2024","Ecosystem Services","10.1016/j.ecoser.2024.101667","https://www.scopus.com/inward/record.uri?eid=2-s2.0-85204800636&doi=10.1016%2Fj.ecoser.2024.101667&partnerID=40&md5=561b54a1c3cf92346e8806c8e7e83d46","The concept of ecosystem services – the benefits humans derive from functioning ecosystems – has been around for at least 4 decades. Attempts to value those services in monetary and other units have been around for just as long. However, several misconceptions have sprung up about ecosystem services, and especially the valuation of those services in monetary units, that are counterproductive to further dialogue, research, and solutions. This paper attempts to address some of those misconceptions, including showing that: (1) ecosystem services is not an anthropocentric concept; (2) economics is not only the market; (3) valuation is not commodification or privatization; (4) expressing relative values in monetary units is not necessarily ‘market-based’; (5) in a world of trade-offs, whether to perform a valuation is not a choice since it happens implicitly; (6) ‘intrinsic values’ are about rights, not relative valuation; and (7) relative valuation and rights-based approaches are complimentary not mutually exclusive. I address each of these misconceptions in turn and end with a plea for constructive dialogue on these important issues, not continuing unproductive debate founded on fundamental misconceptions. © 2024 Elsevier B.V., All rights reserved.","Commodification; Ecosystem Services; Instrumental Value; Intrinsic Value; Privatization; Rights To Nature"
"The role of Earth observation in ecosystem accounting: A review of advances, challenges and future directions","2024","Ecosystem Services","10.1016/j.ecoser.2024.101659","https://www.scopus.com/inward/record.uri?eid=2-s2.0-85204354323&doi=10.1016%2Fj.ecoser.2024.101659&partnerID=40&md5=0baf4d4664ecf1599d0f20bba9e10eae","The European Space Agency (ESA) project “Pioneering Earth Observation Applications for the Environment – Ecosystem Accounting” (PEOPLE-EA) aimed to study and demonstrate the relevance of Earth Observation (EO) for ecosystem accounting in terrestrial and freshwater ecosystems. Ecosystem accounts are inherently spatial accounts, with the implication that they strongly depend on the availability of spatially explicit datasets. In the project's framework, an in-depth literature review of 113 scientific papers has shown EO data streams can be integrated to accelerate ecosystem account reporting. However, these workflows need to be further extended to support extent accounting that involves a more disaggregated ecosystem classification compared to land cover types. EO provides wall-to-wall monitoring and hence can contribute to provide reliable and consistent metrics on ecosystem condition, next to ecosystem extent. EO contribution is mainly to delineate and characterize ecosystem extent, structure, function and composition indices, and probably their distance from a reference condition, if not set too far back in time. The use of EO data for ecosystem services is more challenging, despite the well-established conceptual framework. EO data can support and accelerate ecosystem accounting under the standardised SEEA EA framework providing the most cost-effective way to collect large amounts of data in a standardised form with consistency in space and time. © 2024 Elsevier B.V., All rights reserved.","Ecosystem Accounts; Ecosystem Change; Ecosystem Services; Ecosystem Trend; Eo; Natural Capital; Seea Ea"
"Accounting for water-related ecosystem services to provide information for water policy and management: An Australian case study","2024","Ecosystem Services","10.1016/j.ecoser.2024.101658","https://www.scopus.com/inward/record.uri?eid=2-s2.0-85203848505&doi=10.1016%2Fj.ecoser.2024.101658&partnerID=40&md5=4e8cab94ce2c543320d5d45cba8bd0e4","Effective water policy requires good information. The System of Environment-Economic Accounting Ecosystem Accounting (SEEA-EA) organises information on ecosystems and the interactions with the economy. We investigate how accounting for water-related ecosystem services (ES) using SEEA-EA could provide information for water policy and management, using the integrated water resource management (IWRM) framework and a case study from the Australian Capital Territory (ACT). A policy review and consulting process linking ACT water policies to SEEA-EA identified three key issues, water security, water quality, and soil erosion, which are evident in many parts of the world. Available data and models were used to account for three ES related to these issues: water supply, soil and sediment retention (soil erosion control), and water purification (nutrient retention). Modelled estimates varied but were broadly consistent and used to construct ES accounts. The accounts provide comprehensive information linking the ecosystems supplying ES to the use of ES in economic production and consumption. This supports five ACT water policy actions and three of the four IWRM Principles. The accounts suggest investment in catchment restoration and management in the Queanbeyan River Catchment to increase ES and improve water supply and quality. The accounts show how much of water is available (IWRM Principle 1), and recognise water as an economic good (IWRM Principle 4) by identifying the uses of water by industry and households. The accounting also enables a participatory approach to water development and management (IWRM Principle 2) by providing stakeholders with information for informed decision-making. Because the policy issues in the case study are common, and IWRM is widely adopted, there is potential to use SEEA-EA for water policy and management globally. © 2024 Elsevier B.V., All rights reserved.","Australian Capital Territory; Ecosystem Accounting; Ecosystem Services (es); Integrated Water Resources Management (iwrm); System Of Environmental-economic Accounting"
"Impacts of commercial and subsistence fishing on marine and cultural ecosystem services important to the wellbeing of an Indigenous community in Hawai'i","2024","Ecosystem Services","10.1016/j.ecoser.2024.101661","https://www.scopus.com/inward/record.uri?eid=2-s2.0-85203524564&doi=10.1016%2Fj.ecoser.2024.101661&partnerID=40&md5=f15eac66ed8eadc1c06ad6c2241daf67","Marine ecosystems provide essential services to coastal residents, particularly for indigenous fishing communities that have strong ties to the environment and obtain multiple benefits from their use and management of ocean spaces. However, understanding of how these are impacted by fisheries, external pressures, and ocean management, remains limited due to a focus on economic valuation and aggregated metrics. This study explores the importance of select marine ecosystem services to the wellbeing of an indigenous community in West Hawaiˈi and the observed impacts on these ecosystem services by commercial and subsistence fishing. We used a mixed-methods approach that combined a workshop with an online survey of community perceptions regarding community important marine resources and cultural values. We find that both fish and non-fish species are important to all four well-being categories, including food security, culture, mental wellbeing, and income, though the least importance was given to the economic value. This study also found that commercial fishing is perceived to have a higher negative impact on marine resources and cultural values than subsistence fishing, but a generally lower impact on non-fish than fish species. The lack of community input into legislation development and a lack of enforcement capacity were perceived to aggravate these further, whereas the integration of place-based knowledge, values and rules of the environment was seen as beneficial to both marine and cultural ecosystem services. Overall, this study shows that non-economic and disaggregated valuation approaches are critical for revealing the variable ecosystem services that marine environments provide to local communities and the importance of more inclusive resource management approaches to manage impacts on these services. © 2024 Elsevier B.V., All rights reserved.","Commercial; Culture; Ecosystem; Fisheries; Impact; Indigenous; Subsistence"
"Auroral ecosystem services: A cascade model and investigation of co-production processes","2024","Ecosystem Services","10.1016/j.ecoser.2024.101660","https://www.scopus.com/inward/record.uri?eid=2-s2.0-85203510677&doi=10.1016%2Fj.ecoser.2024.101660&partnerID=40&md5=e47ab13183d21f78012513512b35e168","This paper serves as an initial exploration of the stages involved in the formation of auroral ecosystem services (ES) and interactions between the geosphere, biosphere and anthroposphere. This is performed through the development of an auroral ES cascade model with the integration of four main co-production stages: (i) value attribution, (ii) mobilization of ES potential, (iii) value appropriation, and (iv) commercialization. The cascade model is expanded upon in detail by using examples from published academic and grey literature, highlighting the demand for capital inputs and strengthening the conceptual understanding of human-nature relationships in the context of auroral ES. The co-production stages illustrate the importance of action on the demand-side in order for the supply of benefits from auroral ES to be delivered. The potential for feedback from the anthroposphere into geophysical properties, processes and functions through anthropogenic space weather and artificial particle precipitation from the Van Allen Radiation Belts via ionospheric heating and low frequency radio wave generation is emphasized. Additionally, feedback via policy and decision making from the anthroposphere into the biosphere and geosphere is highlighted, especially in the context of managing light pollution and artificial space weather. The discussion considers the potential implications of the expanded model, in addition to the valuation of auroral ES across three value domains (monetary, socio-cultural and biophysical) and the potential use of such information in decision-making, followed by reflecting on the potential limitations of the expanded model. © 2024 Elsevier B.V., All rights reserved.","Aurora; Cascade Model; Co-production; Ecosystem Services; Values"
"Birdwatching preferences reveal synergies and tradeoffs among recreation, carbon, and fisheries ecosystem services in Pacific Northwest estuaries, USA","2024","Ecosystem Services","10.1016/j.ecoser.2024.101656","https://www.scopus.com/inward/record.uri?eid=2-s2.0-85203236434&doi=10.1016%2Fj.ecoser.2024.101656&partnerID=40&md5=66dc5fc7494bb6c850c9b585fecbc421","Coastal ecosystems provide multiple ecosystem services that are valued in diverse ways. The Nisqually River Delta (the Delta), an estuary in Puget Sound, Washington, U.S.A., is co-managed by the Nisqually Indian Tribe and the Billy Frank Jr. Nisqually National Wildlife Refuge. In an ecosystem services assessment, we used different service-appropriate methods including citizen science, statistical and geospatial models, and scenario analysis to evaluate three ecosystem services – recreational birdwatching, soil carbon accumulation and fishery production – indicated as priorities for the Refuge, Nisqually Indian Tribe, and surrounding communities. We developed a generalized additive mixed model set based on eBird mobile application birdwatching observations to understand the biological and landscape features that influence birdwatching and to project birdwatching visitation based on scenarios of Delta habitat change. We evaluated ecosystem service synergies and tradeoffs associated with habitat change for three coastal habitat types using scenario outputs from the birdwatching model and published results on Delta soil carbon accumulation and fishery production. The highest-ranked birdwatching models explained 88 % of the deviance and showed that visitation was greatest in winter months when distance to major cities was approximately 20 km. Recreational birdwatching increased with increasing area of forested wetland, emergent wetland, aquatic vegetation bed, open access, and total estuary. With increasing forested and emergent wetland area, recreational birdwatching, out-migrating juvenile Chinook salmon weight and soil carbon accumulation all increased. With increasing aquatic vegetation bed (resulting from sea level rise), recreational birdwatching increased, but salmon weight and soil carbon accumulation decreased. We identified practical ways in which ecosystem services may be incorporated into adaptive management frameworks that support climate adaptation decision making. This study illustrated how use of ecosystem services can help managers make decisions that have greater benefit for wildlife and people, communicate the societal value of decisions and increase local support and participation. © 2024 Elsevier B.V., All rights reserved.","Citizen Science; Climate Adaptation; Land Management; Salmon Production; Soil Carbon Accumulation; Valuation"
"Companies preferences and willingness to pay for ecosystem services credits through an online-marketplace","2024","Ecosystem Services","10.1016/j.ecoser.2024.101653","https://www.scopus.com/inward/record.uri?eid=2-s2.0-85203123112&doi=10.1016%2Fj.ecoser.2024.101653&partnerID=40&md5=e738fb1951463b37d2d7beb5fc2a9b5c","While greater business financing is important to halt the loss of biodiversity and environmental degradation, only a limited number of payments for ecosystem services (PES) schemes receive voluntary financing from companies. Recently, pilot private ecosystem marketplaces have emerged to function as an intermediary between suppliers and private buyers for ecosystem services projects with varying levels of validation, verification, additionality and permanence. However, business interests have not yet been the topic of much empirical research. To answer our research question on the preferences of business sector towards the ecosystem services credits that support the provision of environmental public goods, we collected survey data from 618 German companies through an online survey in 2019. We analysed characteristics of companies, perceived opportunities and threats, types of ecosystem services credits and the willingness to spend as factors to understand companies’ preferences. We showed that the ecosystem services credits concept appeals to a small proportion of companies. We found that companies have so far felt little pressure from assumed expectation. For example, there is no significant effect on companies’ interest in nature conservation steering from the link between company and nature. A nationwide internet platform, along with scientifically-based predictions of project impacts, was particularly appreciated by companies as it facilitated easier engagement by revealing regional project opportunities. Climate protection, water quality, and biodiversity emerged as the most appealing ecosystem services categories for companies. Additionally, companies expressed a preference for bundling relevant ecosystem services options. Our study highlights the significance of considering companies’ local preferences. Furthermore, we observed that the majority of companies demonstrated a willingness to make low threshold and flexible contributions. By presenting descriptive evidences based on primary data from a large number of companies, this research addresses a previously existing gap of business interests in financing ecosystem services provision via new innovative markets. © 2024 Elsevier B.V., All rights reserved.","Biodiversity; Business; Certification; Corporate; Payments For Ecosystem Services; Private Sector"
"The role of urban landscape configuration in the provision of hydrological ecosystem services by trees","2024","Ecosystem Services","10.1016/j.ecoser.2024.101657","https://www.scopus.com/inward/record.uri?eid=2-s2.0-85202834562&doi=10.1016%2Fj.ecoser.2024.101657&partnerID=40&md5=a2309606cf44906424ceee1cca505a14","The vital role of urban trees in mitigating surface runoff issues through the Runoff Reduction Ecosystem Service (RRES) is increasingly threatened by extensive modifications to the urban landscape. To ensure the sustainability of RRES, it is crucial to understand how landscape configuration affects it. This study aims to empirically analyze this relationship and determine which aspects of the urban landscape configuration impact RRES the most. The study applied the i-Tree Eco to quantify RRES. Landscape configuration was calculated using eleven metrics by FRAGSTATS. The impact of various aspects of landscape configuration on RRES was assessed by developing models based on stepwise regression analysis, which were then categorized based on their strength of influence. The results showed that urban trees in Tabriz, a study area in Iran, annually reduced runoff by 196.85 × 103 m3. The regression models underscored the significance of the normalized landscape shape index, the aggregation index, the effective mesh size, and the clumpiness index as the main drivers of RRES (0.962 ≤ r2 ≤ 0.978). Landscape division, patch density, patch cohesion, interspersion, and juxtaposition indexes had moderate impacts (0.733 ≤ r2 ≤ 0.879). In contrast, factors such as the percentage of similar adjacencies, the splitting index, and the number of patches had relatively lower impacts (0.569 ≤ r2 ≤ 0.667). These findings have practical implications for urban planners, emphasizing the importance of arranging patches in aggregated and contiguous patterns to improve RRES provision. Ultimately, this study provides valuable information for effective urban landscape management, ensuring a sustained supply of RRES. © 2024 Elsevier B.V., All rights reserved.","Ecosystem Service Modelling; Landscape Configuration; Runoff Mitigation; Sustainable Landscape Management; Urban Forest"
"Indigenous and local values of nature through a gender lens: A literature review","2024","Ecosystem Services","10.1016/j.ecoser.2024.101654","https://www.scopus.com/inward/record.uri?eid=2-s2.0-85202540247&doi=10.1016%2Fj.ecoser.2024.101654&partnerID=40&md5=5585cf6d3518947f373ed859051b6fdc","Values of nature have different forms and are expressed through a variety of ways, depending on the culture and people in focus. Such values influence decisions and policies made about nature, especially regarding conservation and management. Current decision-making predominately focuses on instrumental and economic values of nature, often neglecting diverse and plural values, including intrinsic and relational ones. Additionally, the voice of marginalized communities such as Indigenous People and Local Communities (IPLC), and more so, Indigenous women, is often not recognized, leading to inequitable outcomes. Even though gender has been shown to influence value perceptions, no comprehensive review exists of how it affects values of nature within IPLC. This review aims to close this gap. Through a systematic literature review and thematic analysis, this paper highlights the values of nature and Nature's Contributions to People held by IPLC and insights of applying a gender lens to existing research in this field. The results indicate a focus on study areas in Asia, South America and Africa, as well as toward forests as ecosystems. The predominant valuation methods include preference assessments and semi-structured interviews. This review shows that IPLC hold diverse values, including instrumental, intrinsic, and relational values. Gendered insights were found to be connected to gendered responsibilities within communities. For example, domestic food products, homegardens, and wild edible plants are often of higher importance to female IPLC, due to their prominent role in household and family care. Research gaps on gendered values have also been shown, especially for religious, spiritual, and cultural heritage values. © 2024 Elsevier B.V., All rights reserved.","Indigenous People And Local Communities; Intergovernmental Science-policy Platform On Biodiversity And Ecosystem Services (ipbes); Nature's Contributions To People (ncp); Valuation"
"Ecosystem Services Justice: The Emergence of a Critical Research Field","2024","Ecosystem Services","10.1016/j.ecoser.2024.101655","https://www.scopus.com/inward/record.uri?eid=2-s2.0-85202045536&doi=10.1016%2Fj.ecoser.2024.101655&partnerID=40&md5=b00d9d487ec059aad134734eb6c8c458","Ecosystem services justice is an emergent research field. Over the past decade, research on ecosystem services has increasingly developed a justice perspective and incorporated it into its conceptual and empirical frameworks. This perspective aims at providing a review of the emergent strands of research addressing ecosystem services justice, and at creating an outlook on future research needs and frontiers. The review departs from central critiques to the ecosystem service approach, which have been foundational for the research field of ecosystem services justice. To be precise, we address three different research strands on which justice issues arise. First, ecosystem services production, considering the (increasing) commodification of ecosystem services, the concentration of ecosystem services production assets and the role of trade-offs in production capacities. Second, the distribution of ecosystem services benefits under the aspects of unequal vulnerabilities, the consideration of accessibility and individual's capabilities to obtain ecosystem services. Third, the recognition of ecosystem services pluralisms, including socially differentiated forms of wellbeing, plural values and knowledge concerning ecosystem services. While ES justice has strongly advanced from a scientific perspective, we are still lacking a stronger reflection of these advances in practice. Future research, we argue, needs to develop holistic procedural frameworks for integrating the complexity of ecosystem services justice, addressing the ecosystem services production under consideration of historic inequalities, the distribution of ecosystem services benefits with respect to people's diverse needs, vulnerabilities, and capabilities, as well as diverse wellbeing-, value-, and knowledge-systems. The social-ecological understanding of ecosystem services co-production, which recognizes the dynamic and reciprocal relationship between humans and ecosystems, is identified as a crucial framing for this endeavor. © 2024 Elsevier B.V., All rights reserved.",""
"Implications of landscape changes for ecosystem services and biodiversity: A national assessment in Ecuador","2024","Ecosystem Services","10.1016/j.ecoser.2024.101652","https://www.scopus.com/inward/record.uri?eid=2-s2.0-85201705524&doi=10.1016%2Fj.ecoser.2024.101652&partnerID=40&md5=30af2f01a64cb44d49749ef9b4dd36f6","Ecuadorian ecosystems experience high pressure due to anthropogenic activities and climate change. Despite the need of regular monitoring of biodiversity and ecosystem services (BES), attempts to assess the current and future interdependencies of BES and landscape changes are still lacking. This study suggests a spatial assessment of the capacity of ecosystems/land use types to provide BES as status quo and its future development under scenarios of deforestation and climate change. To address data scarcity and improve legitimacy, spatial modeling was combined with participatory approaches. Specifically, changes in landscape pattern were simulated using a modeling platform that combines Geographic Information System (GIS) and Cellular Automaton (CA) modules. Experts in ecosystem conservation and management participated through surveys and workshops. Food, drinking water, service water, soil erosion control, water flow regulation, pollination/seed dispersal, regulation of macro climate, and landscape aesthetic/amenity were identified as the most relevant ES. Among the forest ecosystems, Páramo-related ecosystems were regarded to provide multiple ES with high capacities. Compared to the current status, the deforestation scenario showed to decrease most BES by 20–25 %, while increasing food provision by 5 %, as a trade-off. Regarding the climate change scenarios, the “Representative Concentration Pathways” (RCP) by 2070 were simulated with an increase in temperature of 2 °C (RCP 2.6) and of 4 °C (RCP 6.0). RCP 6.0 showed more noticeable impact than RCP 2.6, which caused a decrease in most BES whereas an increase in food provision due to the possible expansion of arable land into higher altitudes. The results of the spatial assessment also indicated high and low potential areas for BES provision. Such information can support decision-making for BES management e.g., priority areas for actions. Furthermore, the applied spatially explicit assessment could be a starting point for a regular assessment of BES, which has not yet been implemented in Ecuador. © 2024 Elsevier B.V., All rights reserved.","Climate Change; Deforestation; Expert Knowledge; Mapping; Scenario Development; Spatial Modeling"
"Measuring virtual flows of ecosystem services embedded in traded goods across an urban agglomeration in China","2024","Ecosystem Services","10.1016/j.ecoser.2024.101651","https://www.scopus.com/inward/record.uri?eid=2-s2.0-85200610040&doi=10.1016%2Fj.ecoser.2024.101651&partnerID=40&md5=9744907fd093ffc44db6b33bf3b985f2","Human society in the Anthropocene is globally connected and relies on flows of goods and services for its prosperity and wellbeing. However, quantitative understanding of the flows of ecosystem services (ES) embedded in trade (virtual ES flow) across multiple human-natural systems remains limited. Here, we develop a framework to quantify virtual ES flows by integrating multi-region input–output modeling and ES mapping, and apply it to examine water provisioning and climate regulation services, using China and its major urban agglomeration as a case study. Our results showed that virtual flows of ES were substantially greater than the direct utilization of water and carbon resources, confirming the dependency on virtual flows of ES in highly urbanized regions. Interestingly, the virtual flows were mainly connected to distant rather than adjacent regions, highlighting the importance of considering cross-scale dynamics and managing long-distance flows in policy-making. Our framework holds the potential for broader applications, including the exploration of various types of ES and sustainability-related issues. © 2024 Elsevier B.V., All rights reserved.","Ecosystem Service Flow; Meta-coupling; Tele-coupling; Trade; Urban Sustainability"
"Effects of climate-related environmental changes on non-material benefits from human-nature interactions: A literature review","2024","Ecosystem Services","10.1016/j.ecoser.2024.101650","https://www.scopus.com/inward/record.uri?eid=2-s2.0-85200363900&doi=10.1016%2Fj.ecoser.2024.101650&partnerID=40&md5=51a7c8a7a7992cccc363bf5b4bf40909","Despite growing evidence that climate-related environmental changes impact cultural ecosystem services (CES), a profound and nuanced understanding of such changes remains limited. This study aims to identify and characterize how climate-related changes affect human-nature interactions and related non-material benefits. Through a systematic literature review, we synthesize an interdisciplinary body of research by (1) characterizing the types of human-nature interactions affected, (2) recording the assessment approaches used, (3) relating environmental changes to changes in human-nature interactions and (4) categorizing climate-related impacts on non-material benefits. The 192 articles addressed mostly recreation (65%), cultural identity (30%), and aesthetic value (18%), assessing environmental changes influencing the opportunities for human-nature interactions (38%), socio-cultural aspects such as demand, benefits, values, practices, and goods (31%), and both environmental and socio-cultural aspects (31%). Most studies mentioned multiple environmental changes (57%), such as changes in species, populations and communities, weather patterns and climatic conditions, and changes in habitat and environmental quality. These changes had predominantly negative effects on non-material benefits (74% of 302 interactions across the studies), as well as neutral/undefined impacts (5.6%), positive (4.6%), or not significant impacts (4.3%). Mixed impacts were reported in 12% of the interactions, mostly mentioning negative impacts (97%). The impacts include changes in natural capacities, access and security, cultural practices and interactions, as well as spatial and temporal patterns, often resulting in a decline or even complete loss of benefits. To overcome conceptual and methodological limitations as well as to improve the consideration of climate-related impacts on non-material benefits in decision-making, greater efforts are required in adopting interdisciplinary and transdisciplinary approaches to co-produce knowledge that reflects specific perceptions and understandings of change. © 2024 Elsevier B.V., All rights reserved.","Global Warming; Human-nature Interactions; Loss And Damage; Nature's Contributions To People; Non-economic Impact; Non-material"
"Advancing ecosystem services auctions: Insights from an international Delphi panel","2024","Ecosystem Services","10.1016/j.ecoser.2024.101647","https://www.scopus.com/inward/record.uri?eid=2-s2.0-85200274109&doi=10.1016%2Fj.ecoser.2024.101647&partnerID=40&md5=2586bc6f6da2114d7a58c86e09e3959d","Auction theory has made major contributions to overcoming allocation problems involving asymmetric information and common-pool resources, leading to multiple Nobel Prizes and serving as a foundation for multi-billion-dollar markets. Despite evidence that related mechanisms could enhance the performance of payments for ecosystem services (PES), adoption has been sporadic and inconsistent. One possibility is that the relevant peer reviewed literature has low visibility or consensus design elements are not sufficiently accessible to interested experts. To overcome this barrier, we adopt a straightforward approach: we asked the PES auction subfield to describe itself. In collaboration with an expert panel (n = 32) whose affiliations span more than two dozen universities and research bodies across three continents—including top-ranked economists, ecosystem services theorists, and practitioners with experience designing and implementing PES programs with and without auctions—we synthesize a birds-eye view of ecosystem services auctions for an interdisciplinary audience. Through an iterative, mixed-method Delphi consultation, we identify broad consensus about fundamental elements of theory and practice, including what functions auctions tend to perform well, common challenges, and key factors influencing their performance. By selecting topics that panelists appeared to disagree about for further discussion, we also highlight open questions and potential research frontiers. We conclude with a reflection on using the Delphi method to foster exchange between time-constrained experts. © 2024 Elsevier B.V., All rights reserved.","Conservation Tenders; Delphi Method; Expert Consultation; Market-based Instruments; Payments For Ecosystem Services; Reverse Auctions"
"An integrated analysis framework of supply, demand, flow, and use to better understand realized ecosystem services","2024","Ecosystem Services","10.1016/j.ecoser.2024.101649","https://www.scopus.com/inward/record.uri?eid=2-s2.0-85200236513&doi=10.1016%2Fj.ecoser.2024.101649&partnerID=40&md5=0790b0106641b38586f8d7e496c72212","Realized ecosystem services (ES) are the actual use of ES by societies, which is more directly linked to human well-being than potential ES. However, a general analysis framework is lacking to understand how much ES was realized. In this study, we first proposed a Supply-Demand-Flow-Use (SDFU) framework that integrates the supply, demand, flow, and use of ES and differentiates these concepts into different aspects (e.g., potential vs. actual ES demand, export and import flows of supply, etc.). Then, we applied the framework to two examples of ES that can be found in typical urban green parks (i.e., pollination and recreation). We showed how the framework could assess the actual use of ES and identify the supply-limited, demand-limited, and supply–demand-balanced types of realized ES. We also explained the scaling features, discussed the temporal dynamics and spatial characteristics of realized ES, and asked several critical questions for future studies. Although facing challenges, we believe that the applications of the SDFU framework can provide a systematic way to accurately assess the actual use of ES and better inform policy-making for the sustainable use of nature's benefits. Therefore, we hope our study will stimulate more research on realized ES and contribute to a deeper understanding of their roles in enhancing human well-being. © 2024 Elsevier B.V., All rights reserved.","Actual Use; Demand; Flow; Framework; Realized Ecosystem Services; Supply"
"Comparing individual and collective valuation of ecosystem service tradeoffs: A case study from montane forests in southern California, USA","2024","Ecosystem Services","10.1016/j.ecoser.2024.101648","https://www.scopus.com/inward/record.uri?eid=2-s2.0-85199925580&doi=10.1016%2Fj.ecoser.2024.101648&partnerID=40&md5=241de4797fd74670d3ab295ab023230b","Accounting for the tradeoffs and importance urban, disadvantaged communities place on ecosystem services has implications for the management of nearby forests. Although stated preference valuation approaches are often used, they are based on an individual's perspective and rarely account for collective or societal values. Thus, alternative methods are needed to capture this dichotomy from urban communities who may not even be aware of these benefits to themselves or society at-large. We explored individual and collective importance of, and tradeoffs for, ecosystem services (ES) and ecosystem disservices (ED) by urban residents living near montane forests in greater Los Angeles, California, USA. Using an online panel survey, individual (I-rationality) versus collective (We-rationality) scenarios, best-worst scaling (BWS) choice experiments, and latent class analyses, we ranked the importance and tradeoffs among ES-ED attributes to nearby residents based on the frequency of visits to montane forests as well as Hispanic ethnicity. Results show statistically significant tradeoffs and differences in importance rankings between individual versus collective valuation scenarios. Under the individual valuation scenario, non-Hispanics highly ranked the high forest density indicator, which has implications for wildfire EDs to montane forests and communities. Gender and income were more influential sociodemographic factors affecting importance for water and recreation-related ES than was education. Our BWS and econometric methods, attributes, and importance rankings can facilitate participatory processes with diverse urban communities and designing more effective policies and management guidelines. This approach can also more inclusively, and equitably, account for the tradeoffs and values that nearby urban communities place on ES/ED from Wildland-Urban Interface forests. © 2024 Elsevier B.V., All rights reserved.","Cultural Ecosystem Services; Hispanics; Peri-urban Forests; Regulating Ecosystem Services; Trade-offs; Wildland-urban Interface"
"Opportunities to integrate Ecosystem Services into Life Cycle Assessment (LCA): a case study of milk production in Brazil","2024","Ecosystem Services","10.1016/j.ecoser.2024.101646","https://www.scopus.com/inward/record.uri?eid=2-s2.0-85199332441&doi=10.1016%2Fj.ecoser.2024.101646&partnerID=40&md5=950856d1d3e44c096441c6a6165b7f5b","World dairy production is growing rapidly having increased by 339 million tons over the last twenty years. However, it remains unclear how anthropic activities in the milk sector can impact the Ecosystem Services (ES) supply to society. The aim of this study was to propose and determine the Net Environmental Performance (NEP) of different milk production systems. For this purpose, a case study on a confined compost barn farm, located in southeastern Brazil was selected as reference scenario and compared with three other systems. The mapping of ES benefits was carried out using the Common International Classification of Ecosystem Services, while environmental impacts were calculated using Life Cycle Assessment (LCA). The LCA results and ecosystem benefits were combined and converted into monetary units to calculate the NEP per 1 kg of milk. The results indicated that semi-confined systems had the worst environmental performance (90 % more impacts) compared to the compost barn milk system. On the other hand, confined systems generate few ES benefits, but their environmental impacts were lower for most LCA impact categories (up to 87 % minimized impacts) compared to semi-confined systems. Finally, we concluded the confined systems in SP and PR showed the best NEP (1.07 and 1.48) aiming for both environmental impacts and ES benefits to fit the win–win situation. © 2024 Elsevier B.V., All rights reserved.","Ecological Engineering; Life Cycle Management; Milk; Valuing Ecosystem Services"
"Using the Ecosystem Services assessment tool TESSA to balance the multiple landscape demands of increasing woodlands in a UK national park","2024","Ecosystem Services","10.1016/j.ecoser.2024.101644","https://www.scopus.com/inward/record.uri?eid=2-s2.0-85198317844&doi=10.1016%2Fj.ecoser.2024.101644&partnerID=40&md5=b34ad680c6b74e4c9cfcfd81160a9b9b","Upland regions in the UK are increasingly under consideration as potential areas for the creation of woodlands. This is driven by a combination of factors, including the aims of UK forestry policy to increase woodland cover, changes in current upland land-use and management, agri-environment schemes in national and international policy and an increasing public awareness of the ecosystem service benefits landscapes can deliver for society. Creating new woodlands in upland areas is challenging, partly due to concerns of potential impacts from a change in land use and stakeholder interests. This study considers a 250 km2 Cumbrian (England) upland landscape dominated by sheep grazing and, using an established ecosystem service assessment tool (TESSA), estimates the provision of ecosystem services under plausible alternative woodland creation scenarios. The assessment focuses on key ecosystem goods and services, which are identified by stakeholders to be of high importance to the study area, and the potential changes to those under the scenarios. The results indicate that, under lower woodland percentage scenarios (10 %), minor benefits are expected. However, a more complex outcome would be expected from the higher percentage woodland scenarios (75 %) with the woodland cover of 50 % identified as providing the highest overall benefit to society. © 2024 Elsevier B.V., All rights reserved.","Afforestation; Ecosystem Services; Landscape; Uplands; Woodland Creation"
"Considering the land-cover elasticity of ecosystem service value coefficients improves assessments of large land-use changes","2024","Ecosystem Services","10.1016/j.ecoser.2024.101645","https://www.scopus.com/inward/record.uri?eid=2-s2.0-85197784643&doi=10.1016%2Fj.ecoser.2024.101645&partnerID=40&md5=fa71c56dff68db6f342c993e96364f17","Economic development often impacts on ecosystem services. Previous studies have raised public and political awareness of the costs associated with such impacts and the benefits of ecosystem services. In cases where empirical information on the value of ecosystem services is lacking, benefit transfer (BT) approaches that use value estimates from a previously studied site to estimate the economic values of a new target area have been established. One of the most popular BT approaches is unit value transfer, where constant ecosystem service value coefficients are used to assess a given land-use/land-cover (LULC) change. In several case studies assessing LULC changes, such unit value transfers with constant value coefficients are biased when nonmarginal changes are involved. Theoretical considerations suggest that large changes in land allocation should alter the opportunity costs of gaining or losing natural capital because the marginal costs of additional losses increase as some LULC types become scarcer (e.g. natural ecosystems). In contrast, marginal benefits shrink as other LULC types become more abundant (e.g. agricultural replacement systems). Here, we propose an improved method for assessing larger scale (i.e., at national levels and beyond) LULC changes using endogenous value coefficients that account for the size of the land cover allocated to each LULC type and derive an equation for calculating these coefficients. The extent to which the value coefficient changes with variations in the land cover area depends on the land-cover elasticity of the value coefficient. Using a hypothetical numerical example of an area of tropical forest converted into grassland, we show that the bias caused by neglecting this land-cover elasticity can be considerable. We also demonstrate how the elasticity needed to correct the value coefficient can be estimated empirically. Finally, we suggest some modifications for future studies assessing large LULC changes. © 2024 Elsevier B.V., All rights reserved.","Endogenous Ecosystem Service Value Coefficients; Environmental Valuation; Inverse Demand Functions; Land Use Change; Scarcity; Unit Value Benefit Transfer"
"The nexus between pressures and ecosystem services in floodplains: New methods to integrate stakeholders’ knowledge for water quality management in Serbia","2024","Ecosystem Services","10.1016/j.ecoser.2024.101643","https://www.scopus.com/inward/record.uri?eid=2-s2.0-85196940660&doi=10.1016%2Fj.ecoser.2024.101643&partnerID=40&md5=646aac5340affae5f1a2cca58680ccc9","Floodplains provide a wide range of interdependent ecosystem services (ES) that more or less correlate with water quality. Any change to one component of the ecosystem can have a ripple effect on parts of or on the whole system. We tested a methodology that integrates collaborative learning and creation processes with stakeholders aimed at (1) identifying causal relationships between water quality-related ecosystem services of floodplains themselves and between ES and the pressures they encounter by using fuzzy cognitive mapping, and (2) visualizing “what-if” scenarios of the potential impact of changing pressures on selected ES, as the authors’ contribution to extending the methodology. The approach is tested on the case study of the Koviljsko-petrovaradinski rit floodplain in Serbia. Ten ES and five pressures selected as most important by stakeholders were used to create the sophisticated fuzzy cognitive model and assess the influence of pressures’ increase or decrease on given ES. Using the model, ideal (all pressures minimized) and optimal (stakeholders defined realistic level of reduction of pressures) scenarios were analyzed and mapped for the ‘Habitat provisioning’ service. The impact of maximization of each particular pressure on ES is assessed as well. The results indicate that ‘Wastewater‘ has the greatest negative influence on all ES (particularly on ‘Plant biomass grassland’); it is followed by ‘Land take’ and ‘Drought events’. If wastewater pressure is reduced to the minimum, the results obtained are similar to the optimal scenario. The proposed approach facilitates a comprehensive assessment of the floodplain's potential to provide ES under different pressures and enhances stakeholders’ integrated understanding of the complex floodplain ecosystem and its services. This, in turn, together with the visualization of the different scenarios, enables more effective decision-making and management strategies for floodplains. © 2024 Elsevier B.V., All rights reserved.","Ecosystem Services; Floodplains; Fuzzy-cognitive Modeling And Mapping; Koviljsko-petrovaradinski Rit; Spatial Visualization; Stakeholders’ Perspective"
"The importance of ecosystem services to support the governance of critical ecological assets","2024","Ecosystem Services","10.1016/j.ecoser.2024.101642","https://www.scopus.com/inward/record.uri?eid=2-s2.0-85196489575&doi=10.1016%2Fj.ecoser.2024.101642&partnerID=40&md5=9f0069a762b63f99444e1ffb9aaf0e8b","Ecosystem services (ES) are the ecosystem contribution to human well-being: they bridge ecosystems with socio-economic systems, in terms of both impacts and dependencies. So far, most of the research on ES focused on the services delivered “here and now”, i.e. where spatial location of ecosystem providers and human users can be defined and when the delivery of the needed services can be allocated to the current generations. However, especially when considering the medium- and long-term effects of climate change adaptation, there is the need to start projecting the scope of the services beyond national boundaries and to the future generations. Although formally listed and acknowledged, many ES currently miss applications able to support appropriate biophysical assessment and valuation. In this respect, it is time to start considering ES that go beyond the “here” because they serve the global society, and beyond the “now” because they consider long terms impacts. This article identifies possible streams of these “not-here, not-now” ES that requires developing applications, as it is already happening for many other ES. Such ES, in fact, contribute to identify long-term “critical ecological asset”, whose assessment can provide important environmental metrics for economic and financial analyses. © 2024 Elsevier B.V., All rights reserved.","Biomimicry; Critical Ecological Asset; Rainfall Pattern Regulation; Zoonotic Disease Control"
"Systematic conservation planning for people and nature: Biodiversity, ecosystem services, and equitable benefit sharing","2024","Ecosystem Services","10.1016/j.ecoser.2024.101637","https://www.scopus.com/inward/record.uri?eid=2-s2.0-85196390815&doi=10.1016%2Fj.ecoser.2024.101637&partnerID=40&md5=d4ad6bc51ae7a8f97eb9318d7e90f5be","Including human dimensions in conservation practice is increasingly recognized as being essential for creating sustainable and equitable solutions to the current biodiversity crisis. However, including ecosystem services in conservation planning is challenging because services can be intangible and difficult to map, and incorporating equitable access to the resulting benefits of ecosystem services has hardly been considered. Ecological Infrastructure (EI) is a promising framework for integrating ecosystem services into systematic conservation planning (SCP), yet its application remains to be tested. We aimed to quantify the effects of including EI, with and without equitable access, in a biodiversity-based SCP, where EI is the spatial representation of ecosystem services. We took an experimental, scenario-planning approach, running five scenarios in Marxan software with different combinations of input features: biodiversity (n = 135 features), EI (n = 6) and EI with equitable access (hereafter EI*, n = 84) for the South African coastal zone. The resulting conservation networks were compared using multivariate statistics, considering: the proportion of feature targets met; coverage of core areas (areas with 100 % selection frequency for biodiversity features, EI, and EI*); conservation network size and cost; and spatial configuration. Including biodiversity and equitable access drove the dissimilarity among scenarios, and only when all input features were included, were all core areas well covered and all feature targets met. Therefore, biodiversity features were not an adequate surrogate for EI or EI*, and including ecosystem services (via EI*) in SCP is necessary to ensure equitable access to benefits. However, including EI increased the mean size (7.0 % more planning units) and cost (by 9.1 %) of conservation networks. Despite this, the social and economic benefits of investing in EI (e.g., securing dunes for coastal protection) likely outweigh these costs, especially in the longer term. © 2024 Elsevier B.V., All rights reserved.","Coastal Protection; Ecological Infrastructure; Equitable Access; Marxan; Recreation; Scenario Planning; Spatial Prioritisation"
"Potential impacts of climate change on ecosystem services in Austria","2024","Ecosystem Services","10.1016/j.ecoser.2024.101641","https://www.scopus.com/inward/record.uri?eid=2-s2.0-85196010061&doi=10.1016%2Fj.ecoser.2024.101641&partnerID=40&md5=80aee418e6caafb0fd442a1a61fc0c7e","Climate change is considered a major driver for environmental changes and impacts on human well-being. Understanding the relationships between climatic changes and ecosystem services (ES) is therefore crucial to develop effective adaption and mitigation measures. However, studies that comprehensively assess climate change impacts on ES, providing also spatially explicit information, are greatly lacking. To address this gap, this study aims at assessing and mapping potential impacts on multiple ES in Central Europe, using the example of Austria. Our analysis steps included (1) mapping provisioning, regulating, and cultural ES (n = 19) using a land use/cover-based approach, (2) deriving potential impacts on indicators (n = 58), used to assess ES, through a literature analysis, (3) mapping potential impacts on ES in qualitative terms, and (4) analysing spatial patterns across Austria. Our results indicate that, in particular, water-related ES and cultural ES will decline, while some provisioning and regulating ES will improve. The spatial analysis revealed that regions located in the south-eastern parts of Austria will be potentially affected the most by climate change impacts, while less ES will decline in western mountain regions. Our findings contribute to the knowledge base for decision-making at different governance levels, supporting the development of policies and management strategies at the national and international level, as well as fostering communication with stakeholders and the elaboration of targeted management plans at the local and regional level. Our proposed mapping approach is easily transferable to other regions, but future research should address current limitations related to uncertainties in climate projections, the clear distinction of climate-induced impacts, and the role of climate-related hazards. © 2024 Elsevier B.V., All rights reserved.","Biogeographical Regions; Global Warming; Mapping; Mountain Regions; Nature's Contributions To People (ncp); Spatial Patterns"
"Quantification of the flood mitigation ecosystem service by coupling hydrological and hydrodynamic models","2024","Ecosystem Services","10.1016/j.ecoser.2024.101640","https://www.scopus.com/inward/record.uri?eid=2-s2.0-85195792359&doi=10.1016%2Fj.ecoser.2024.101640&partnerID=40&md5=3ac2a000db745934c55d61e57efa5af5","Flood mitigation service provides crucial information for reducing flood disasters and assessing ecosystem capacities by quantifying how much damage is reduced and how many benefiting areas are protected during flood events. However, there remains a gap in the full-process quantification, which results in less precise simulation outcomes. In this study, we introduce a novel methodology to accurately quantify the flood mitigation service of ecosystems by coupling hydrological and hydrodynamic models. We utilized the Hydrological Simulation Program-Fortran (HSPF) model to simulate peak flow and flood volume and then used these data as inputs for the Environmental Fluid Dynamics Code (EFDC) hydrodynamic model to simulate the spatial extent and depth of flood inundation. The contribution and capacity of the ecosystem are reflected through the reduction in peak flow, flood volume, and inundation areas. We used the Nandu Basin flood event in October 2010 as a case study to illustrate our approach, comparing our assessment results with those simulated by the Integrated Valuation of Ecosystem Services and Tradeoffs (InVEST) model and the Height Above Nearest Drainage (HAND) model. The results demonstrate that coupling the HSPF model (R2 = 0.93) with the EFDC model (overlap ratio = 83.71 %) allows for precise quantification of flood mitigation service. The process-based hydrological and hydrodynamic models show a high correlation with the simpler and faster InVEST and HAND model simulations, with the full-process models reducing relative errors by 7.66 % and 5.25 % respectively. This study offers a promising approach for accurately and comprehensively assessing flood mitigation ecosystem service and provides a basis for model selection. © 2024 Elsevier B.V., All rights reserved.","Environmental Fluid Dynamics Code; Flood Inundation Area; Flood Mitigation Service; Flood Peak Flow; Flood Volume; Hydrologic Simulation Program Fortran"
"A functional connectivity approach for exploring interactions of multiple ecosystem services in the context of agricultural landscapes in the Canadian prairies","2024","Ecosystem Services","10.1016/j.ecoser.2024.101639","https://www.scopus.com/inward/record.uri?eid=2-s2.0-85195088112&doi=10.1016%2Fj.ecoser.2024.101639&partnerID=40&md5=3c6a268ed3436df06025891725389cec","Land-use and land-cover patterns, including their spatial heterogeneity and configuration, are fundamental in shaping landscape-level ecological processes, functions, and services. Despite growing recognition of the importance of these patterns, gaps remain in our understanding of how they influence the functional connectivity of ecosystem services (ES)—a crucial aspect for ecosystem resilience and sustainability. This research aims to bridge this gap by investigating the functional connectivity among multiple ES, such as pollination, carbon storage, soil erosion control, wetland-based ES such as habitat provisioning and water storage capacity from marshes, swamps, and open water wetlands, and agricultural food production within a complex landscape. We define functional connectivity as the extent to which the landscape facilitates or impedes the interactions and interdependencies of ecological processes that combine to create distinct ecosystem services. This definition encompasses the dynamics within a spatially interconnected mosaic of land use and land cover, exemplified by connections such as those from pollination provisioning areas to croplands. The primary goal of this research is to develop an empirical framework that encapsulates ‘network topological’ interactions— essentially, the complex interplay among various components of the ecosystem — specific to agricultural landscapes and then to apply this framework to the Canadian prairies. Our methodology uses the spatial tools including InVEST, ARIES, and GIS to map diverse ES. An ecological network is then constructed for these ES at the landscape scale, designating network nodes based on high-value ES provisioning areas and defining links between pairs of ES according to their functional connections (overlapping and proximal in physical space). These functional connections effectively delineate areas of the landscape where the majority of ES flows occur. Mapping ES connectivity and network building revealed that around 29% of the studied landscape lies within functional connectivity zones for the selected ES, representing hotspots of significant ES interactions. Our findings reveal that although soil erosion-control spans just 1.36% of the total area, a substantial 72.59% of its spatial extent was identified as functionally connected. Land cover analysis in functional connectivity zones revealed that natural habitats such as shrublands, broadleaf forests, wetlands, and grasslands are vital mediators of ES. The variability in ES interconnectivity in the landscape was evident both in the intensity of interactions and observed connections. Our findings, informed by Ecological Network Analysis (ENA), emphasize the need for integrating connectivity and systems thinking in conservation sciences to achieve sustainability and ecosystem resilience. The insights offer a foundation to explore optimal ES provisioning scenarios at the landscape scale. © 2024 Elsevier B.V., All rights reserved.","Aries; Ecosystem Services; Functional Connectivity; Invest; Land Use; Landscape; Network Analysis; Spatial Modeling"
"State-of-the art valuation of wetland ecosystem services in Small Island Developing States: A systematic review with an emphasis on future research needs","2024","Ecosystem Services","10.1016/j.ecoser.2024.101625","https://www.scopus.com/inward/record.uri?eid=2-s2.0-85194934571&doi=10.1016%2Fj.ecoser.2024.101625&partnerID=40&md5=ae553379baa86898eb0a7cef879153f9","Quality valuation research should adhere to best practice or state-of-the-art guidelines for conducting the research. This study systematically reviewed existing valuation literature for Small Island Developing States (SIDS) on wetland ecosystem services. The objective of the study was to identify and assess this valuation literature for compliance with best practice in accordance with contemporary state-of-the-art guidelines. The results showed that the majority of studies were conducted in marine wetland or marine ecosystems, used stated preference methods, and adhered to the majority of the considered guidelines. Less adherence was found regarding temporal considerations, probability sampling and validity and reliability testing for the stated preference methods. For the revealed preference methods there were also a lack of validity and reliability testing. Thus, there is scope for improving valuation studies in SIDS to more effectively contribute to the valuation research agenda and thereby the policy relevance of valuation research in the future. © 2024 Elsevier B.V., All rights reserved.","Ecosystem Services; Small Island Developing States; State-of-the-art Guidelines; Validity And Reliability"
"Using co-creation to build knowledge on cultural ecosystem services – A tiered approach for enhanced regional economic development of Réunion Island","2024","Ecosystem Services","10.1016/j.ecoser.2024.101638","https://www.scopus.com/inward/record.uri?eid=2-s2.0-85194904698&doi=10.1016%2Fj.ecoser.2024.101638&partnerID=40&md5=d5298d8907a178aa4fd4cbd9ba53f924","Cultural Ecosystem Services (CES) are highly context-specific and inherently linked to local identity, which challenges their assessment. Participatory methods have proven to capture the multiple values and aspects of CES for local communities. This paper presents an attempt to understand the different dimensions of CES in the Saint-Philippe municipality, Réunion Island, France. We applied a tiered, participatory approach that utilises knowledge co-creation processes over a period of 3 years. First, we co-created the aim of the research and brought together focus groups and participatory GIS mapping. In a second step, we used an expert-based matrix assessment to estimate CES supply capacities and added social big data using InVEST modelling of CES flows. Outputs of these processes are 1) the mapping of important landscape features, 2) ecosystem capacities for CES supply and 3) modelled use of CES. Results of the participatory GIS mapping show 110 features linked to CES supply in the municipal area, including historic sites, recreational areas, and non-timber forest products such as pandanus leaves and vanilla production. Based on land use classes, the capacities of the landscapes to supply emblematic or symbolic values, landscape aesthetics and recreational activities were assessed. Ten experts contributed to the assessment in workshop format in February 2023. Spatial information on recreation patterns show that visitation mostly took place alongside the coast and along hiking trails, mainly corresponding with landscape aesthetics. Accessibility of sites close to infrastructure was found to be an important governing factor. The coastline, with its rocky basaltic shores, was highly appreciated. The outcomes of this co-creation approach show the value of ES for tourism and regional economic activities. Bringing this information together allows identifying the contribution of ecosystems to regional economic activities and informing policy and decision-makers with recommendations for enhanced land use planning and economic development. © 2024 Elsevier B.V., All rights reserved.","Coastal Communities; Island; Outermost Regions; Pgis; Socio-cultural Assessment"
"Valuing ecosystem services in agricultural production in southwest Spain","2024","Ecosystem Services","10.1016/j.ecoser.2024.101636","https://www.scopus.com/inward/record.uri?eid=2-s2.0-85194179433&doi=10.1016%2Fj.ecoser.2024.101636&partnerID=40&md5=e3990525c49fc7852e96e8a11a245fbd","The agricultural strategy developed in Extremadura, southwest Spain, has successfully improved the region's socioeconomic conditions over the last 50 years. However, it has led to an increased dependence on natural ecosystem services, which are now more vulnerable due to biodiversity degradation and the impacts of climate change. Despite this, in the region, there is no comprehensive economic impact assessment of the provisioning of ecosystem services to the agricultural sector that could improve decision-making processes in these areas. In this context, the aim of this paper is to provide an economic estimate of three ecosystem services (water used for irrigation, pollination and natural pest control using birds and bats) under different adaptation scenarios for the agricultural production in Extremadura. The preliminary results show that this region has intensive ecosystem services in the agricultural production. Irrigation was found to be the most important service, contributing 49 % of agricultural gross production value, followed by pollinators (10 %) and natural pest control by birds and bats (4 %). A scenario analysis showed that the expansion of irrigation has led to greater dependence on other ecosystem services, such as pollination, increasing agricultural production vulnerability. This paper proposes a line of research to achieve methodological progress in policymaking for regional development. Analysis of the interrelationship between ecosystem services and environmental cost–benefit analysis should become a standard practice when expanding irrigation. © 2024 Elsevier B.V., All rights reserved.",""
"Status of mapping, assessment and valuation of marine ecosystem services in the European seas","2024","Ecosystem Services","10.1016/j.ecoser.2024.101631","https://www.scopus.com/inward/record.uri?eid=2-s2.0-85193068161&doi=10.1016%2Fj.ecoser.2024.101631&partnerID=40&md5=01032c352043415dfda0244f89569009","While terrestrial ecosystems are easily monitored, marine systems suffer from a scarcity of spatial data due to their high dynamism nature and tri-dimensional environment. In this context, mapping is recognized as a critical instrument to bring ecosystem services (ES) into practical applications, and modelling could represent an essential resource for assessing marine ecosystem services. The scope of this study is to analyse the status quo of the spatially-explicit data of marine ecosystem services in European seas, (i) providing an overview of the mapping and assessment of marine ecosystem services in Europe; and (ii) highlighting the challenges and importance of including spatial analyses in the socio-economic valuation of marine ecosystem services. These results show that the mapping and assessment of ES in European marine and coastal areas are still limited and not harmonized in the evaluation approach. Most studies have provided a general assessment of marine and coastal ESs, and only few have performed detailed habitat-specific ES analyses, e.g. coastal lagoons, seagrass and meadows, neglecting the rest of marine and coastal ecosystems. Such disequilibrium was not only limited to habitat type, but it was also extended to the ES categories. Finally, the monetary and non-monetary valuation of marine ecosystems services is extremely relevant and fundamental in the process of boosting the conservation of marine habitats and resources, and of overseeing a more sustainable development for the maritime activities. Nevertheless, the methodology for the socio-economic valuation of marine assets is still under discussion due mainly to the hindrances intrinsic to marine environment. An outlook of future steps and recommendations is provided. © 2024 Elsevier B.V., All rights reserved.","Conservation; Marine Policies; Natural Capital; Sustainability"
"Conceptual diversity and application of ecosystem services and disservices: A systematic review","2024","Ecosystem Services","10.1016/j.ecoser.2024.101627","https://www.scopus.com/inward/record.uri?eid=2-s2.0-85193026935&doi=10.1016%2Fj.ecoser.2024.101627&partnerID=40&md5=4add587adb2d9d21a259f8beab49abec","The Millennium Ecosystem Assessment report was a milestone that placed the concepts of Ecosystem Services (ES) and Disservices (EDS) on the research and policy agenda. Since then, several gaps in these frameworks have limited their effectivity, including a conceptual ambiguity and the questioning of aspects reflected in the co-production, provision, and maintenance of ES/EDS, making it difficult to generate greater interaction and understanding of scientific work. We jointly address ES/EDS from a conceptual approach, providing an analysis of the definitions and typologies available in the literature between 2000 and 2024 that included the terms “ecosystem services” AND “ecosystem disservices.” We analyzed 297 studies based on 15 evaluation criteria. Our findings underscore the importance of delimiting the ecological processes that give rise to ES/EDS and the social phenomena that influence how they are perceived and appropriated. Both concepts were recognized as multifaceted, with diverse meanings that in some cases hinder the clarity with which different messages are communicated. These concepts hold the potential for bringing a more pluralistic view of the human-nature relationship into decision-making. We warn of the risks associated with minimizing the need for academic consensus in the identification of ES/EDS, especially as it may lead to risky management practices that affect ecosystems. © 2024 Elsevier B.V., All rights reserved.","Challenging The Ecosystem Services Framework; Conceptual Ecosystem Services And Disservices; Ecosystem Services Application"
"Corrigendum to “Bats and rice: Quantifying the role of insectivorous bats as agricultural pest suppressors in rice fields” (Ecosystem Services (2024) 66, (S2212041624000093), (10.1016/j.ecoser.2024.101603))","2024","Ecosystem Services","10.1016/j.ecoser.2024.101635","https://www.scopus.com/inward/record.uri?eid=2-s2.0-85192971487&doi=10.1016%2Fj.ecoser.2024.101635&partnerID=40&md5=8c44f1fbaf5ae5729ef1a3e4ebcbb8b1","The authors regret that an error was made in the specification of the units that quantify the amount of rice saved by bats at the national level, illustrated in the section ‘Total area of rice crops (Spain)’ in Table 3: instead of tonnes (T) of rice, the units are thousands of tonnes (KT) of rice. Thus, we estimate that bats save, on average, 7.5 thousand tonnes of rice per year in Spain, instead of 7.5 tonnes. The final economic values obtained and expressed in million euros (M€) are not affected by this change. In economic terms, and as it is correctly stated in the original article, this would mean that, on average, bats save 6.19 million euros each year in this country. The authors present here the corrected Table 3: Table 3. Economic quantification of the ecosystem services provided by bats in the study area (Huesca, Spain) as suppressors of the striped rice stem borer moth. The values have been calculated considering (i) the treatment plot area (400m2), (ii) one hectare (ha), and (iii) the total area of rice plantations in Spain (109,411 ha). The amount of rice and euros saved by bats have been estimated based on the results obtained in each block, including also an average value of the four scenarios. Note that these values are expressed in kilograms (kg) and euros (€) when considering a surface of 400m2 and 1 hectare, and in thousands of tonnes (KT) and millions of euros (M€) when assessing the total area of rice crops in Spain. © 2024 Elsevier B.V., All rights reserved.",""
"Rethinking ecosystem services from the anthropocene to the Ecozoic: Nature's benefits to the biotic community","2024","Ecosystem Services","10.1016/j.ecoser.2024.101624","https://www.scopus.com/inward/record.uri?eid=2-s2.0-85192781309&doi=10.1016%2Fj.ecoser.2024.101624&partnerID=40&md5=3c17bca3676b2d9bf5c66a0da6683779","The Ecozoic is defined as an era characterized by the mutual flourishing of humans and the rest of Nature. The field of Ecosystem Services should be dedicated to achieving this goal. However, ecosystem services (ES) are commonly defined as Nature's benefits to people, an anthropocentric concept. Many schemes proposed to assess and value ES are market oriented, thus focused on the satisfaction of subjective individual preferences, an egocentric approach. Yet modern science accepts that all complex species, including humans, are an inseparable part of Nature, incapable of surviving without the ecosystem services Nature generates. Nature is the whole, the economy is the part; we must internalize the economy into nature, not vice versa. This article builds on evolutionary theory, anthropology and ecological economics to explain the necessity of an ecocentric approach to ecosystem services embodied in economic institutions prioritizing Nature. We must create new economic institutions focused on the health of the whole system to complement existing institutions focused on the individual (e.g. markets) and on society (e.g. the public sector and other collective institutions), with the recognition that system health also depends on the health of system components. We therefore propose redefining ecosystem services as Nature's benefits to the biotic community of which humans are a part. The relationship of humanity to nature should be the same as that of a cell to the human body: prioritize the health of whole and take only the minimum necessary for secure sufficiency. © 2024 Elsevier B.V., All rights reserved.","Ecocentric; Ecological Economics; Ecosystem Services; Ecozoic; Planetary Boundaries; Reciprocity; Strong Sustainability"
"Identifying the optimal landscape configuration for landscape multifunctionality","2024","Ecosystem Services","10.1016/j.ecoser.2024.101630","https://www.scopus.com/inward/record.uri?eid=2-s2.0-85192340121&doi=10.1016%2Fj.ecoser.2024.101630&partnerID=40&md5=b2c0c9a67f973ea27e766cb02a86645b","Increased pressure on land resources to provide multiple benefits calls for landscape strategies that optimize the supply of multiple ecosystem services (ES). Previous research into the drivers of landscape multifunctionality have focused on land use composition changes, but the spatial configuration of different land use types also drives ES supply. While the impact of landscape configuration on individual ES is well understood, the net outcome of these influences when considering many ES is not. Here we present the net-balance spatial interactions hypothesis, which posits that the strength and direction of local and surrounding landscape influences on the local supply of an individual ES will drive its optimal landscape configuration. Accordingly, the net balance of these influences across multiple prioritized ES will determine the optimal configuration for landscape multifunctionality. Further, ES that share the same optimal configuration strategy form a bundle that can be managed together. Using data from German grasslands we demonstrate that the net-balance spatial interactions hypothesis is applicable to land-use planning scenarios that aim to maximize multiple ES. It allows general rules to be applied when local, detailed ES data is not available, and can help identify the best option to minimize trade-offs in the face of multiple competing land-use objectives. © 2024 Elsevier B.V., All rights reserved.","Agroecosystems; Ecosystem Multifunctionality; Ecosystem Services; Landscape Structure; Multifunctional Landscapes; Spatial Planning; Stakeholders"
"A review of agroforestry biodiversity-driven provision of ecosystem services and implications for karst desertification control","2024","Ecosystem Services","10.1016/j.ecoser.2024.101634","https://www.scopus.com/inward/record.uri?eid=2-s2.0-85192286834&doi=10.1016%2Fj.ecoser.2024.101634&partnerID=40&md5=97b52ffc107245464492613a53f57e33","Biodiversity conservation is critical for sustaining ecosystem services (ES) and preventing ecological degradation. In ecologically fragile environments, agroforestry (AF) plays a crucial role. This study aims to provide a comprehensive overview of biodiversity and ES in AF systems (AF-BES) to enhance the service capacity in karst desertification areas through protection and management strategies. We conducted a systematic review to elucidate how biodiversity within AF contributes to ES. The results demonstrate that AF shows diversity and stability at the taxonomic level, aggregation and internal adaptability at the functional level, and comprehensive, persistent, and environmentally complementary service characteristics. Regarding the relationship between biodiversity and ES, taxonomic diversity is the most commonly used substitute indicator of biodiversity, and functional indicators are rarely considered. Furthermore, the relationship between cultural services and biodiversity has not yet been established, although most empirical evidence shows a linear correlation. Future research should focus on functional diversity, immaterial services, and integrated quantification methods. This work advances our understanding of AF-BES and informs global biodiversity protection efforts, providing a foundation for restoring similar fragile ecosystems. © 2024 Elsevier B.V., All rights reserved.","Agroforestry; Ecological Restoration; Functional Diversity; Plant Traits; Species Richness; Taxonomic Diversity"
"Mapping the flows of ecosystem service values in the global land market: The winners and losers of large-scale land acquisitions","2024","Ecosystem Services","10.1016/j.ecoser.2024.101629","https://www.scopus.com/inward/record.uri?eid=2-s2.0-85192271005&doi=10.1016%2Fj.ecoser.2024.101629&partnerID=40&md5=b891e5a5155f7743f03489c3febcf860","Ecosystem services support human society at both local and global scale. The globalization of supply chains led to proliferating ecosystem markets around the world. Biocapacity – the provision of biomass-based resources like food, fibers and the CO<inf>2</inf> removal from atmosphere – of land-based ecosystems is particularly involved due to the nature of the services it provides. Since large scale-land acquisitions (LSLAs) commonly involve ecosystems or land located in the Global South and investors in the Global North, they may lead to the displacement of the benefits deriving from such ecosystems and their biocapacity. Previous studies investigated the LSLAs’ consequences in terms of ecological degradation. However, more research is needed for measuring the associated inequalities in order to track the global drivers of such degradation. This study aims to fill this knowledge gap by measuring net gains and losses of ecosystem service value linked with LSLAs by superseding the common approach and considering the involved countries’ biocapacity. The key novelty consists in backtracking the off-market value chain, which is an aspect so far unexplored among LSLAs studies. By focusing on the biocapacity economic value, we reveal that the growing trend in LSLAs is coupled with loss of benefits for the countries ceding land. The analysis captures the effect of the 2008 crisis which triggered more transactions, as well as the effect of the COVID-19 pandemic, which exacerbated the already existing loss. Our analysis reveals that for every hectare of cropland acquired through international land markets in 2021, 15,000 US $ were lost, while for forest the loss amounted to 5000 US $ per hectare. Finally, we reveal that developing countries’ presence is growing among the expanding pool of investors, mostly acquiring from other developing countries. © 2024 Elsevier B.V., All rights reserved.","Biocapacity; Ecological Footprint; Ecosystem Services; Environmental Sustainability; Inequality; Large-scale Land Acquisitions"
"A systematic review of non-market ecosystem service values for biosecurity protection","2024","Ecosystem Services","10.1016/j.ecoser.2024.101628","https://www.scopus.com/inward/record.uri?eid=2-s2.0-85192255916&doi=10.1016%2Fj.ecoser.2024.101628&partnerID=40&md5=a31b17c369d01d88ef6026b745725c0f","While quantified environmental benefits from biosecurity protection programmes are available, they remain scarce, patchy, and context-specific. This contributes to the oversight of non-market economic values such as recreation and conservation in practical decision-making. To better understand this situation, we conducted a systematic review focused on studies that estimated non-market values. Our systematic literature review identified and described the body of knowledge on non-market values of current and future biosecurity protection initiatives worldwide. We identified 75 studies completed between 2000 and 2020 that examined biosecurity protection values across different ecosystems, including forests, freshwater, and marine environments. The results indicated that the three main quantified ecosystem service values were biodiversity conservation and enhancement, recreation, and bundled forest ecosystem services. Among the economic valuation methods, the survey-based stated preference method called choice experiment was the most widely used. This method provides a detailed approach to estimating multiple environmental values derived from biosecurity protection. We identified some significant advancements within the subfield of biosecurity protection, particularly in the valuation methods employed. These advancements include the integration of multiple approaches, such as combining economic valuation with spatial and psychological methods. We envision that our findings will inform the design of future NMV research. This, in turn, will better equip decision-makers to develop more effective, collaborative, and inclusive policies addressing biosecurity issues. These policies will account for the multiple values associated with biosecurity programmes. © 2024 Elsevier B.V., All rights reserved.","Biosecurity; Ecosystem Services; Non-market Valuation; Systematic Literature Review"
"Heavenly lights: An exploratory review of auroral ecosystem services and disservices","2024","Ecosystem Services","10.1016/j.ecoser.2024.101626","https://www.scopus.com/inward/record.uri?eid=2-s2.0-85192252481&doi=10.1016%2Fj.ecoser.2024.101626&partnerID=40&md5=53a46d13dfc3397202db2b7901e09f54","Auroral ecosystem services (ES) is a subject that has not yet been formally addressed in the expansive ecosystem services literature. This study conducts a systematic literature review using the Search, Appraisal, Synthesis and Analysis (SALSA) method to investigate the vast multi-century auroral literature for synthesis with the ES concept and identifies the main ES provisioned by the auroral phenomenon. A total of 2,900 publications concerning the aurora were sourced from three scientific databases (ScienceDirect, Scopus and Google Scholar), 1,054 articles were advanced to the synthesis and analysis stage, and 525 of the most illustrative examples were retained for the purposes of this review. Based on the categorization in accordance with Version 5.1 of the Common International Classification for Ecosystem Services typology, a total of 14 auroral ES are identified: provisioning (4), regulation and maintenance (1) and cultural (9). In addition, 9 ecosystem disservices (EDS) are also identified and classified: provisioning (4), regulation and maintenance (3) and cultural (2). The aurora is found to function in geophysical, biophysical and socio-ecological systems in a variety of ways. A novel extension of the ES concept is introduced as “exosystem services” (EXS), accounting for the aurora as an overlap between flows into ecosystems from the space environment, mirroring the geosystem services (GS) concept and its flows into ecosystems from the subsurface environment. Auroral ES in management and decision-making is discussed, and multiple opportunities for additional research are explored. © 2024 Elsevier B.V., All rights reserved.","Aurora; Aurora Borealis; Ecosystem Services; Northern Lights; Space Weather; Systematic Literature Review"
"Economic trade-offs of harvesting the ocean twilight zone: An ecosystem services approach","2024","Ecosystem Services","10.1016/j.ecoser.2024.101633","https://www.scopus.com/inward/record.uri?eid=2-s2.0-85192251733&doi=10.1016%2Fj.ecoser.2024.101633&partnerID=40&md5=d01ecff8e566b34611e3e25990056458","The mesopelagic or ocean twilight zone (OTZ) in the ocean contains huge numbers of fish in a relatively pristine environment and may therefore attract interest as a commercial fishery. In this study we evaluate in economic terms, the likely trade-offs between the different services provided by the mesopelagic layer in the Bay of Biscay and the societal benefits of its commercial exploitation. Benefits arise mainly from the likely use of this group of species as raw material for producing fishmeal and fish oil. Costs are derived from the loss in climate regulating and cultural, services, but also from the loss in the provisioning service of other commercial species. To do so we compare the current non-exploited status with a situation in where mesopelagic fishes are harvested at levels capable of producing the Maximum Sustainable Yield. Results suggest that if mesopelagic fishes are harvested, a mean value of 1.2 million Euro loss in a year will be created in the Bay of Biscay, although in a range between 42 million Euro loss and 48 Euro million benefits. This uncertainty comes, mainly, from the limited existing knowledge of the mesopelagic fishes’ biomass but also from the uncertainty on the biomass of the rest of the species of the studied ecosystem. The large range indicates that a better understanding of the mesopelagic ecosystem is needed, however, results also show that ecosystem services under no exploitation provided by the OTZ could be more valuable than the fishmeal and fish oil that potentially could be obtained from the fishes harvested in this sea layer. © 2024 Elsevier B.V., All rights reserved.","Economics; Ecosystem Services; Fishing; Mesopelagics; Uncertainty; Valuation"
"Corrigendum to “Effects of linear landscape elements on multiple ecosystem services in contrasting agricultural landscapes” (Ecosystem Services (2024) 67, (S2212041624000226), (10.1016/j.ecoser.2024.101616))","2024","Ecosystem Services","10.1016/j.ecoser.2024.101632","https://www.scopus.com/inward/record.uri?eid=2-s2.0-85192169746&doi=10.1016%2Fj.ecoser.2024.101632&partnerID=40&md5=54c57cfec755379e707b866b76b81020","The authors regret that the acknowledgements were not visible in the original version of the paper. They would like to acknowledge that the research conducted for this study was financially supported by the European Union's Horizon 2020 research and innovation action 'Contracts2.0' funded under grant agreement no. 818190. The authors would like to apologise for any inconvenience caused. © 2024 Elsevier B.V., All rights reserved.",""
"Legal and political arguments on aquatic ecosystem services and hydropower development – A case study on Kemi River basin, Finland","2024","Ecosystem Services","10.1016/j.ecoser.2024.101623","https://www.scopus.com/inward/record.uri?eid=2-s2.0-85190772433&doi=10.1016%2Fj.ecoser.2024.101623&partnerID=40&md5=166dc3dad9ad702f7f44ef75e7506110","The co-production of ecosystem services (ES) is an intertwined social-ecological process in which natural and anthropogenic contributions together produce a specific ES. Despite multiple studies in which ES trade-offs have been assessed, few empirical studies on arguments for biodiversity and ES exist, in which ES co-production function as a theoretical framework. In this paper, we study the co-production of aquatic ES and analyse political and legal arguments on biodiversity and ES in a long-standing dispute over hydropower and reservoir construction in the Kemi River basin, Finland. Specifically, we investigate what kinds of representations of ES co-production can be identified from stakeholder argumentation and in legal ruling. Our data consists of 26 semi-structured interviews conducted in 2017 and again 2019 to 2020, 144 news articles, and 4 administrative court resolutions. The results show that the arguments used by the stakeholders aim at maintaining the existing hydrological regime and expanding the use of natural resources, establishing river basin management that considers the multiple uses of river, including recreation, or protecting the last untouched stretches of the river and riparian ecosystems. The analysis also reveals that what is considered a valid and effective argument for specific audiences differs for political and legal audiences. The results of this study show that ES co-production concept set emphasis on the diversity of arguments, including the arguments on biodiversity and sociocultural values, which can contribute to governance and management interactions. © 2024 Elsevier B.V., All rights reserved.","Aquatic Ecosystem Services; Arguments; Ecosystem Services Co-production; Hydropower; Nature's Contributions To People"
"Ecosystem service multifunctionality and trade-offs in English Green Belt peri-urban planning","2024","Ecosystem Services","10.1016/j.ecoser.2024.101620","https://www.scopus.com/inward/record.uri?eid=2-s2.0-85190611696&doi=10.1016%2Fj.ecoser.2024.101620&partnerID=40&md5=1864b8f87b8112e99f8d0da7f94089b1","Green Belt policies govern peri-urban landscapes globally by restricting built development. Yet, they often have little consideration for the land within them. This is especially the case in England where ecosystem services are poorly accounted for in Green Belt policy, whilst also being viewed as a development obstacle, with few environmental and social benefits; a situation mirrored in peri-urban landscapes globally. Moreover, there is a significant research gap into Green Belts through the socio-ecological lenses of ecosystem services and multifunctionality, which allows populist discourses to go unchallenged. Using modelling and participatory mapping data this paper addresses this gap by quantifying the ecosystem service supply, trade-offs and multifunctionality of the North-East Green Belt, and the wider planning and policy implications. The results show that contrary to claims, Green Belts in England can and do provide multiple benefits to people when studied through these lenses. However, levels of individual ecosystem services and overall multifunctionality differ spatially within Green Belts resulting in opportunity areas as well as potential losses of ecosystem services from development. Areas of deciduous and coniferous woodland as well as key “green wedges” close to urban populations were found to be multifunctionality “hots-spots”, whereas arable and improved grassland provide notable “cold-spots”. Trade-offs were mostly from provisioning services. We argue that Green Belt policies explicitly and holistically accounting for ecosystem services could catalyse a multifunctional opportunity space for climate, nature and people in peri-urban landscapes. Additionally, our study demonstrates the conceptual merits of ecosystem service multifunctionality for planning. © 2024 Elsevier B.V., All rights reserved.","Ecosystem Services; Invest; Landscape Planning; Multifunctionality; Peri-urban; Planning Policy"
"Measuring non-use values to proxy conservation preferences and policy impacts","2024","Ecosystem Services","10.1016/j.ecoser.2024.101621","https://www.scopus.com/inward/record.uri?eid=2-s2.0-85190611236&doi=10.1016%2Fj.ecoser.2024.101621&partnerID=40&md5=915f967bef4e3b81aac224e56121cf48","The behavior of local natural resource users is not only affected by economic incentives but also by a diverse set of motivations and underlying values. These non-monetary drivers are crucial in safeguarding long-term positive conservation outcomes. However, measuring these factors still constitutes a significant challenge. Building on lessons learned from established methodology such as attitudinal or behavioral measures, we showcase how a contingent valuation method and experimental donation tasks can be used to measure relative changes in non-use values and are a good proxy for conservation preferences. We exemplify this approach within the context of a case study in northern Namibia, where it was employed to investigate whether exposure to a community-based conservation program affects individual conservation preferences. Our findings show that our approach can serve as a complement to established measures for conservation preferences while avoiding some of the existing pitfalls such as demand effects or costly data collection associated with behavioral and attitudinal measures. © 2024 Elsevier B.V., All rights reserved.","Conservation Policy; Conservation Preferences; Contingent Valuation; Deliberative Monetary Valuation; Donations; Hypothetical Bias"
"Empirical assessments of small-scale ecosystem service flows in rural mosaic landscapes in the Ethiopian highlands","2024","Ecosystem Services","10.1016/j.ecoser.2024.101622","https://www.scopus.com/inward/record.uri?eid=2-s2.0-85189979781&doi=10.1016%2Fj.ecoser.2024.101622&partnerID=40&md5=95ca0e1d34d545ca41feee14d0de6974","Human activities have rapidly altered natural ecosystems worldwide, resulting in fragmented ecosystems that are either culturally or formally protected. These ecosystem patches can be critical for ecosystem services (ES) that support human well-being. In the Ethiopian highlands, the remaining church forests and wetlands have a unique conservation status and are part of the global priority areas for biodiversity conservation. ES flows from these ecosystems to surrounding benefiting areas lack local-scale field evidence data and are not well-understood. Here, we empirically quantify the distance-dependent flows for four ES: grass biomass, microclimate regulation, crop pollination, and soil erosion retention since they exhibit considerable variation in spatial scales and processes of ES flows. The effect of spatial distance on each ES benefit flow was analysed using spatially explicit empirical models. The key findings are as follows: (1) The benefit of ES varies significantly with distance to the source ecosystems. (2) ES supply is determined by the extent (fragmentation) and condition of ecosystems, together with ecosystem type. (3) The quantity and number of ES provided decreases with distance from the source, and beneficiaries up to 3 km of the source only receive one type of ES (grass biomass). Approximately 80 % of the benefiting areas are within a radius of 200 m from forests and wetlands. Bundles of multiple ES types are received at the frontiers of service-providing ecosystems, where number of benefits are compared at particular locations from the source point. The investigated ecosystems (440 km2) provided benefits to 8,770 km2 for the four types of ES. Our findings imply that non-linear effects of key ecosystem variables need to be considered when mapping the distance-dependent ES flows. This study helps to understand the spatial connectivity between ecosystems and beneficiaries in the human-nature interdependency, which is useful for developing different strategies for ES conservation. © 2024 Elsevier B.V., All rights reserved.","Church Forests; Ecosystem Service Flows; Gamms; Remote Sensing; Spatial Decay; Wetlands"
"Contribution of urban trees to carbon sequestration and reduction of air pollutants in Lima, Peru","2024","Ecosystem Services","10.1016/j.ecoser.2024.101618","https://www.scopus.com/inward/record.uri?eid=2-s2.0-85189815271&doi=10.1016%2Fj.ecoser.2024.101618&partnerID=40&md5=d0bfd1a71d821df4f7d3b827e0124c67","Urban green areas, such as parks, squares, and tree-lined streets, are part of nature-based solutions (NBS) that provide ecosystem services to address these urban issues. However, there is limited knowledge about the contribution of tree species and overall ecosystem services provided by urban trees under public management, especially in Latin America. This study aimed to provide information on the contribution of urban trees in reducing highly incident pollutants, such as CO<inf>2</inf>, particulate matter (PM 2. 5 and 10), and greenhouse effect gas compounds (GEG) in the city of Lima (Peru), using the I-tree package software tool for estimating ecosystem services. The results demonstrate that urban trees under public management in Lima significantly contribute to pollutant reduction and the sequestration and storage of CO<inf>2</inf> in the city, being that storage is nearly 50% of the levels observed in native temperate forests in Latin America and higher than the value measured in some xerophytic native forests in the same region. Other evaluated pollutantś levels are significantly reduced. Differences among tree species were observed, showing amatillo (Ficus pertusa L. f.) and red eucalyptus (Eucalyptus camaldulensis Dehnh.) as higher contributions to pollutant reduction, with Erythrina falcata Benth. as a native species having significant carbon storage (1,27 t/individual). This information is highly relevant for professionals and public institutions involved in urban planning and management, particularly urban tree management. It shows that tree species selection influences the mitigation of pollutant levels in cities while increasing other ecosystem services, thereby contributing to improving citizens' health. © 2024 Elsevier B.V., All rights reserved.","Cities Pollution; Ecosystem Services; Nature-based Solutions; Urban Trees"
"Indicating landslide hazard from tree rings – Ecosystem service provided by an alder forest in the hengduan Mts, Sichuan, China","2024","Ecosystem Services","10.1016/j.ecoser.2024.101619","https://www.scopus.com/inward/record.uri?eid=2-s2.0-85189503293&doi=10.1016%2Fj.ecoser.2024.101619&partnerID=40&md5=98e9d6c71f1188cf3bf76af8fecdba66","Landslides are destructive geomorphological processes that cause economic and social losses. This stimulates the development of new tools related to landslide hazard. Recently, trees, their growth rings and dendrochronology have become widely used in landslide studies. Thus, this study aims to explore the potential of trees in providing landslide-monitoring ecosystem services through dendrochronology. In our opinion, establishing such an idea would help promote empirical evidence on the efficiency of tree-ring-based tools to decision-makers. We use the example of a landslide in the Moxi basin, Sichuan, China and present results of dendrochronological analysis of growth eccentricity in 48 Nepalese alder (Alnus nepalensis) trees. This analysis provided data on event timing and magnitudes, average frequency and recurrence interval for reactivation of the study landslide, as well as spatial variability of landslide active. Based on dendrochronological data we were also able to determine the current slope balance and general hazard of landslide reactivation on the study slope. Our study shows that trees and dendrochronology can provide data on the activity of landslides that can complement and improve the results of standard engineering methods. Moreover, dendrochronology itself can provide the full information needed for landslide hazard assessment, monitoring and prediction. © 2024 Elsevier B.V., All rights reserved.","Dendrochronology; Geohazard Prevention; Landslide Hazard; Tree"
"Quantifying ecosystem services from trees by using i-tree with low-resolution satellite images","2024","Ecosystem Services","10.1016/j.ecoser.2024.101611","https://www.scopus.com/inward/record.uri?eid=2-s2.0-85189432090&doi=10.1016%2Fj.ecoser.2024.101611&partnerID=40&md5=e33031051c6f8a9ab7821e03a9e91931","Air pollution on a worldwide scale poses significant risks to our health and food security. Trees, as ecosystem units, play a huge role in mitigating air pollution but quantifying this ecosystem service in the most polluted regions of the world is difficult due to a lack of relevant data. The ability of trees to mitigate air emissions is evaluated by the i-Tree Eco tool, which uses the tree inventory data based on high-resolution data such as LiDAR, which is predominantly available for the countries in the global north. In contrast, for most countries in the global south, collating such information is difficult and, therefore, obtaining the tree inventory and usage of i-Tree Eco is challenging. To circumvent these lacunae, in this study, we propose a method hinging on remote sensing based on readily available Landsat satellite images. We validate our approach on Balboa Park, San Diego, California, for which both LiDAR and Landsat data are available, and showcase its applicability to the South Delhi and Chennai city regions of India, where LiDAR data are not available. © 2024 Elsevier B.V., All rights reserved.","Carbon Sequestration; Ecosystem Services; I-tree Eco; Pollution Removal; Remote Sensing"
"Effects of linear landscape elements on multiple ecosystem services in contrasting agricultural landscapes","2024","Ecosystem Services","10.1016/j.ecoser.2024.101616","https://www.scopus.com/inward/record.uri?eid=2-s2.0-85188998116&doi=10.1016%2Fj.ecoser.2024.101616&partnerID=40&md5=57ca0785f72e2e46f4b11af1fe02797a","Linear landscape elements, such as field margins, are agricultural practices whose adoption is supported by agri-environmental climate measures (AECMs). AECMs are meant to improve ecological conditions on farms and surrounding areas. The effectiveness of AECMs to enhance the supply of multiple ecosystem services (ESs) is still debated and knowledge on the resulting ESs bundles under different practices stemming from AECMs is still lacking. We aimed at assessing the potential of AECMs that promote the implementation of linear landscape elements to provide high levels of multiple ESs and at analyzing bundles at landscape level in different geographical contexts. We assessed the potential effects of linear landscape elements (woody, grassy, flower and a mix) on six ESs (food and feed provision, pollination, pest control, climate regulation, aesthetics, and habitat maintenance), combining scenarios and spatially explicit modelling approaches. Our results showed the positive effects of linear landscape elements on all regulating and cultural ESs. The more abundant the linear elements, the higher the overall ESs supply. However, the effect of linear landscape elements on multiple ESs depended on the types of linear elements and the geographical context of their implementation. When the supply of the ES was already high in the baseline situation, the changes induced by the implementation of the linear elements were much lower than when the baseline situation showed a lower initial supply of one or several of the ESs. Our analyses give insights on the efficiency of AECMs on multiple environmental targets. Our approach is a first step towards a general framework for an ex-ante integrated analysis of AECMs that can be used to design agri-environmental policies. From a more practical perspective, our results can form a basis for additional payments for AECMs. Our study also confirms the relevance of the EU biodiversity strategy that commits to ensure at least 10% of agricultural area as high-biodiversity landscape features such as linear landscape elements, and the relevance of the enhanced conditionality and eco-schemes in the reformed Common agricultural Policy targeting non-productive elements and biodiversity. © 2024 Elsevier B.V., All rights reserved.","Agri-environmental Schemes; Agricultural Practices, Modelling; Buffer Strips; Field Margins; Scenarios"
"Justice in access to urban ecosystem services: A critical review of the literature","2024","Ecosystem Services","10.1016/j.ecoser.2024.101617","https://www.scopus.com/inward/record.uri?eid=2-s2.0-85188778521&doi=10.1016%2Fj.ecoser.2024.101617&partnerID=40&md5=188be4c959f3a178d8212cd4c43578bf","Ecosystem services are crucial for urban resilience, climate change adaptation and mitigation, and sustainable development. Incorporating these services in urban environments involves various principles, partnerships, organizational strategies, and methodologies. A vast body of research exists on ecosystem services. However, there is a lack of studies that address equity concerns in access to urban ecosystem services. This paper critically reviews the literature to investigate the state of access to ecosystem services in urban areas. We use deductive content analysis for this purpose. We explore traditional concepts of justice and update them by examining the sources and types of ecosystem services in urban environments. We examine justice typology considering various social, environmental, infrastructural, ecological, and mobility issues. We also explore different justice dimensions, including distributional, procedural, recognitional, and restorative issues. Results showed a notable prioritization of green infrastructures (73%) over blue infrastructures (5%). Furthermore, there has been an apparent emphasis on cultural services (42%) and regulating services (25%) in offering recreational activities, fostering social integration, improving place-making capabilities, showcasing adaptability, and demonstrating resilience. An important finding is that most of the publications (87%) highlight that there is no justice in access to ecosystem services. Regarding typologies, we found that there has been more attention to environmental justice, and infrastructural, ecological, and mobility justice are underexplored. As for dimensions, more attention has been paid to distributional and recognitional justice at the cost of restorative justice. A key shortcoming is that cities in the Global South are not adequately represented in the literature, despite their significance for achieving sustainable urban development in the coming decades. © 2024 Elsevier B.V., All rights reserved.","Cities; Ecosystem Services; Green Infrastructure; Inequity; Justice; Urban Sustainability"
"Accounting for the value of ecosystem services of floodplains in Germany – National studies matter","2024","Ecosystem Services","10.1016/j.ecoser.2024.101615","https://www.scopus.com/inward/record.uri?eid=2-s2.0-85188711961&doi=10.1016%2Fj.ecoser.2024.101615&partnerID=40&md5=c02a8d3c11ae7ba533c25b7c37baa350","Floodplains are among the most valuable and most threatened ecosystems. Worldwide, degradation and restoration are taking place at the same time. In Germany, more than 90% of the floodplains are degraded, and restoration is carried out through several projects because the benefits floodplains provide are already known, though not yet quantified. Decision makers and politicians are still in need of economic values, e.g. for cost-benefit analyses. Therefore, we sought to conduct a review of ecosystem services (ES) in German floodplains to provide a policy-relevant summary of estimated ES valuation efforts. While there are many reviews and meta-analyses in the scientific literature, they use data on an international scale. While international synthesis has value, assuming internationally synthesized values can be used to represent local or national values can be problematic due to unknowable transfer errors. In focusing on only German studies, we found that there were not enough data available for a German floodplain meta-analysis or review that could produce locally policy-relevant information. Only five floodplain ES were investigated in 14 studies between the years 2000 and 2021 within Germany, which provided enough data and study descriptions for a comparison of homogenized values. In total, ES of more than 4000 €2015/ha/yr were provided for German floodplains, which is much lower than global reviews, however, because of which and how ES are considered. There is an urgent need for representative studies examining how ecosystem values are generated and perceived to provide locally relevant information. There is a strong focus within meta-analytical studies on the international scale to overcome the data scarcity issue at the expense of local relevance. This is a fundamental trade-off that must be acknowledged. © 2024 Elsevier B.V., All rights reserved.","Ecosystem Services; Floodplain; Germany; Perceptions; Valuation"
"Effects of cultural landscape service features in national forest parks on visitors’ sentiments: A nationwide social media-based analysis in China","2024","Ecosystem Services","10.1016/j.ecoser.2024.101614","https://www.scopus.com/inward/record.uri?eid=2-s2.0-85188005595&doi=10.1016%2Fj.ecoser.2024.101614&partnerID=40&md5=8daf46ae8e3e2d3339561b967d0dbe69","National Forest Parks (NFPs) represent the highest level of the forest park system in China and have long been considered to cultivate positive experiences among visitors through their rich cultural services. However, there is limited knowledge of the relationship between the cultural dimension of landscape services (CLSs) in NFPs and visitors’ positive experiences. This study represents the first effort to investigate the effects of NFP CLSs on visitors’ expressed sentiments and aims to further identify the relative importance of various CLS features. A total of 267 NFPs across 31 provinces in China were selected as case studies, and approximately 300,000 visitors’ online comments from a widely used travel platform (CTrip) were obtained for sentiment analysis using natural language processing. A novel systematic framework for assessing CLSs was proposed, encompassing five principal features and 19 indicator subcategories. Ordinary least-squares and spatial regression models were used to reveal associations between NFP CLSs and expressed sentiments, whereas the XGBoost model and Shapley Additive exPlanations (SHAP) values were employed to identify the relative importance of NFP CLS features. Three major findings were observed: First, the feature scoring of CLSs in NFPs was unevenly distributed across the country, with scores along the eastern seaboard relatively higher than those inland in the northwest. Second, beneficial associations between the five principal CLS features and visitors’ expressed sentiments were suggested. Third, the influence of landscape aesthetics was particularly prominent in promoting visitors’ positive sentiments, followed by education, physical activities and health, recreation and tourism, and cultural heritage and spiritual practices. These findings provide valuable insights for health-oriented NFP management, policies, and planning. © 2024 Elsevier B.V., All rights reserved.","Decision Tree; Landscape Services; Machine Learning; Natural Language Processing; Social Media"
"How have measuring, mapping and valuation enhanced governance of ecosystem services?","2024","Ecosystem Services","10.1016/j.ecoser.2024.101612","https://www.scopus.com/inward/record.uri?eid=2-s2.0-85187934492&doi=10.1016%2Fj.ecoser.2024.101612&partnerID=40&md5=3722d066a80c3cac7d7adf23bfecd532","In 2012 we sought to operationalize ecosystem services for governance, and asked in our Ecosystem Services paper (Primmer and Furman, 2012): “Do measuring, mapping and valuing integrate sector-specific knowledge systems?” Since our paper, much operationalization and innovation work has been done toward integration. In this paper, we analyze articles addressing governance of ecosystem services and measuring, mapping and valuation from 2013 to today. Our review shows that much of the research addressing governance does it in relatively distanced ways, suggesting analytical and operational tools and improvements, rather than analyzing governance in-depth. Yet, it is apparent that over the ten years, inventorying of ecosystem services has given way to meaningfully integrated assessments and trade-off analyses as well as to in-depth analyses of stakeholder perceptions and argumentation. Participatory approaches, stakeholder mapping and actors’ roles have been integrated with more technical mapping, grounding analyses in decision-making. Valuation has become routine, yet also more explorative and in-depth, feeding to specific decision-making situations and general policy discussions. Based on the still existing gaps, we suggest that while measuring, mapping and governance should continue to be integrated into governance processes, also the political and administrative processes driving governance need a strong message from the scientific community analyzing ecosystem services governance; so strong that it is on par with the alarming messages about the state and trends of biodiversity and ecosystem services. Governance research has already produced the core message: Securing sustainability of ecosystem service provision, together with safeguarding ecosystem functions and the biodiversity that those functions rely on, requires knowledge integrating locally adapted tools and engaging transparent policy processes. © 2024 Elsevier B.V., All rights reserved.",""
"Mapping ecosystem services in Colombia: Analysis of synergies, trade-offs and bundles in environmental management","2024","Ecosystem Services","10.1016/j.ecoser.2024.101608","https://www.scopus.com/inward/record.uri?eid=2-s2.0-85187496198&doi=10.1016%2Fj.ecoser.2024.101608&partnerID=40&md5=01aa67888440b2a57eb1f74aaa46e313","Ecosystem services (ES) have gained significant attention in recent years from the global environmental initiatives that involve science and policy. Multiple scholars have analyzed how ES are integrated with environmental policies, plans, and strategic assessments. However, there is a lack of information on how countries translate these policies, plans and assessments into concrete environmental management actions that integrate an explicit ES approach. To help fill this gap, we analyze how the Colombian Regional Autonomous Corporations (CARs) have used the ES approach in their environmental management projects implemented between 2004 and 2015. This study aims to analyze the type and diversity of ES managed by the CARs, as well as the synergies, trade-offs, and bundles of ES prioritized by them. We used content analysis of the CARs reports and statistical analysis to explore whether CARs explicitly use the ES concept. Our results showed that provisioning, regulating, and cultural ES were similarly prioritized by the CARs, however, explicit mention of ES was limited. Regulating services showed remarkable potential for synergies, and there was a pattern of trade-offs between cultural and some regulating and provisioning services. We found three bundles of ES: “Restoration and conservation of agrosystems”, “Mosaic of services” and “Farming and fibers” occupying, respectively, 9, 36 and 55% of the total area of Colombia. Our findings show that multiple ES are targeted and affected by environmental management actions. The contribution of this study has the potential to inform adequately policy decisions to be used in environmental management and planning practices to prioritize areas for maximizing ES provision. © 2024 Elsevier B.V., All rights reserved.","Bundles; Environmental Management; Environmental Policy; Social-ecological Systems; Synergies; Trade-offs"
"Tradeoffs in people's perceptions about ecosystem services and disservices related to bats: Implications for managing agroecosystems and conserving bats","2024","Ecosystem Services","10.1016/j.ecoser.2024.101609","https://www.scopus.com/inward/record.uri?eid=2-s2.0-85187172988&doi=10.1016%2Fj.ecoser.2024.101609&partnerID=40&md5=f0967a4ac315de545a6061a11f98ad37","Understanding the potential tradeoffs in the social perceptions of ecosystem services (ED) and disservices (EDS) may help decision-making when managing human-modified landscapes like agroecosystems. These tradeoffs are critical when ES and EDS come from the same “provider”. Using bats as a provider example, we show how understanding tradeoffs between ES and EDS may assist in exploring management actions to mitigate human-bat conflicts and thus promote bat conservation. We used a socio-cultural approach consisting of focus groups and individual stakeholder interviews. People noticed more EDS than ES related to the presence of bats, mainly personal security (fear of attacks) and health (risk of disease transmission). Suppression of insect agricultural pests was the most frequently mentioned service. Incomplete and distorted information from mass media sources strongly influences people's perceptions of bats. Avoiding human-bat contact may help counteract the fear, insecurity and unpleasantness people perceive from bats. Innovative management interventions, such as bat boxes and other artificial roosts, may help to favour bat conservation and their role in the agroecosystem, while other management actions (e.g., educational programs to reinforce ES) help balance ES and EDS tradeoffs. Nevertheless, balancing the tradeoffs in people's perceptions of ES and EDS related to bats and collaboration among public and private institutions is necessary to facilitate conservation, management, and environmental education. Our findings recognise society's challenges and how best to identify, protect, and conserve critical human and ecosystem health services in agroecosystems and human-modified landscapes. © 2024 Elsevier B.V., All rights reserved.","Cascade Model; Ecosystem Services Valuation; Human Well-being; Qualitative Research; Social Perceptions; Socio-cultural Valuation"
"Aligning nature-based solutions with ecosystem services in the urban century","2024","Ecosystem Services","10.1016/j.ecoser.2024.101610","https://www.scopus.com/inward/record.uri?eid=2-s2.0-85187023074&doi=10.1016%2Fj.ecoser.2024.101610&partnerID=40&md5=f7603b1937cff6617624116a72d80d4c","In an increasingly urbanized world, the concepts of ecosystem services and nature-based solutions can help tackle grand challenges. However, ambiguity in their definitions and in the relationship between the two concepts complicates comprehensive research efforts as well as their effective application in policy and planning in urban systems. This paper presents a framework to clarify and explicitly relate the two concepts, enhancing their applicability in the management of urban challenges. Within the framework, addressing urban challenges serves as the starting point for the development and implementation of nature-based solutions. Nature-based solutions alter the flows of ecosystem services that are produced by an ecosystem by altering the performance of the ecosystem or by changing how people engage with the ecosystem. This results both in changes in the target ecosystem services, as well as non-targeted ecosystem services, leading to benefits. Using two illustrative case studies, we show how the framework can be applied to two urban challenges that are expected to increase in intensity in cities across the world: stormwater management and urban heat stress. Moreover, we highlight key research topics that will benefit from more integrated use of nature-based solutions and ecosystem services. The framework helps emphasize co-benefits, and can be used to help make co-benefits and multifunctionality explicit in urban decision-making and planning processes. © 2024 Elsevier B.V., All rights reserved.","Cities; Framework; Solution Space; Stormwater; Urban Cooling; Urban Planning"
"Economic values for ecosystem services: A global synthesis and way forward","2024","Ecosystem Services","10.1016/j.ecoser.2024.101606","https://www.scopus.com/inward/record.uri?eid=2-s2.0-85186577694&doi=10.1016%2Fj.ecoser.2024.101606&partnerID=40&md5=8d20b1542b5c182731cc17299565f97c","This paper presents a global synthesis of economic values for ecosystem services provided by 15 terrestrial and marine biomes. Information from over 1,300 studies, yielding over 9,400 value estimates in monetary units, has been collected and organised in the Ecosystem Services Valuation Database (ESVD). This is a substantial expansion of data since the de Groot et al. (2012) description of the ESVD and provides an important juncture to explore developments in the use of valuation methods and the contexts in which valuations are conducted. In this paper we provide summary values for 23 ecosystem services from 15 biomes to represent the magnitude, variation and gaps in economic values. To enable the comparison and synthesis of values, estimates in the ESVD are standardised to a common set of units (Int$/ha/year at 2020 price levels). This data provides a basis for value transfers to inform decision-making in current policy contexts but requires due consideration and adjustment for context specific determinants of value. Although the coverage of the ESVD is global, the geographic distribution of data is not even. There is a particularly high representation of European ecosystems and relatively little information for Russia, Central Asia and North Africa. Therefore, the data are not globally representative of biophysical and socio-economic contexts. The distribution of data across ecosystem services is also far from even, with some services very well represented (e.g. recreation, wild fish and wild animals, ecosystem and species appreciation, air filtration and global climate regulation) and others with almost no value estimates (e.g. disease control, water baseflow maintenance, rainfall pattern regulation). In the past decade, there has been a notable increase in demand for information on the economic value of ecosystem services from both public and private institutions to improve the conservation and management of natural capital. The literature is developing to meet this demand but there is a need for targeted and refined valuation research to ensure sufficient certainty, comparability, and representativeness of the data, and to enable transferability and fill knowledge gaps. This paper concludes by identifying avenues for future development to further increase the amount, quality, representativeness and application of data on economic values for ecosystem services. © 2024 Elsevier B.V., All rights reserved.","Economic Value; Ecosystem Services; Ecosystem Services Valuation Database (esvd); Monetary Units"
"Valuation and management of desert ecosystems and their services","2024","Ecosystem Services","10.1016/j.ecoser.2024.101607","https://www.scopus.com/inward/record.uri?eid=2-s2.0-85186065780&doi=10.1016%2Fj.ecoser.2024.101607&partnerID=40&md5=f81b1091a456f7b918bfb3721d3f9a79","Based on different definitions, deserts may constitute 13% to 33% of the global terrestrial surface. This is larger than the area of tropical forests and all types of wetlands combined. However, desert ecosystems are among the least studied in terms of their ecosystem services (ES), especially those that arise from species and processes unique to deserts. There are numerous research gaps that need to be filled including: (1) ignorance of unique desert ES, as well as deserts’ special effects on ES; (2) limited application of sophisticated approaches for economic valuation of desert ES; and (3) lack of diverse approaches to values and valuation. Moreover, payment for ecosystem services (PES) schemes are often used to combat desertification rather than for conserving well-functioning deserts. Valuation of desert ES is crucial to implementation of PES through raising awareness of overlooked deserts, motivating investment, designing payment amounts, and estimating the social benefit-cost ratios of payments. In addition to market-based voluntary PES, common asset trusts (CATs) following Ostrom's eight core design principles may also contribute to sustainable management of desert ecosystems. Future research should explore unique desert ES, investigate the relationships between desert ES and geosystem services, improve accuracy of economic valuation of desert ES, and integrate diverse perspectives of values. The research results may potentially aid in both combatting desertification and conserving important deserts. © 2024 Elsevier B.V., All rights reserved.","Biodiversity; Common Asset Trusts; Desert Ecosystem Services; Diversity Of Values; Geodiversity; Payment For Ecosystem Services"
"The application of ecosystem accounting principles at the local scale for a protected landscape: A case study of the Sleza Landscape Park in Poland","2024","Ecosystem Services","10.1016/j.ecoser.2024.101604","https://www.scopus.com/inward/record.uri?eid=2-s2.0-85185598351&doi=10.1016%2Fj.ecoser.2024.101604&partnerID=40&md5=0a25e0778461701958911be0fe96a4bc","This paper presents the application of the ecosystem service assessment and valuation of three ecosystem services to the local municipalities, which host the protected area. The protected area in this study is a peri-urban Sleza mountain providing perfect opportunities for one-day hiking for families. The case study area represents five municipalities that are part of the Sleza Landscape Park in Poland. Three ecosystem services (crop provision, pollination, and nature-based tourism) were mapped and attributed to the benefiting sectors. The assessment follows the guidelines of the System of Environmental-Economic Accounting—Ecosystem Accounting (SEEA EA) for recognising the contribution of ecosystem services (ES) to the economy and human well-being. The analysis relates to the years 2014 and 2021 and includes ecosystem extent and flow accounts. Thanks to the local character of our case study, ecosystems and beneficiaries could be precisely located, and the contribution of selected ES to the local economy could be presented in a spatially explicit way. The applicability of ecosystem accounting to spatial planning and local governance is discussed. © 2024 Elsevier B.V., All rights reserved.","Ecosystem Services; Environmental Accounting; Natural Capital Accounting; Protected Areas; Seea Ea"
"Use of ecosystem services and land ownership to prioritize conservation areas on Jeju Island, Republic of Korea","2024","Ecosystem Services","10.1016/j.ecoser.2024.101605","https://www.scopus.com/inward/record.uri?eid=2-s2.0-85185580956&doi=10.1016%2Fj.ecoser.2024.101605&partnerID=40&md5=96c8bc16500d508776523824194935e7","In the face of ecological challenges, sustainable implementation of conservation strategies necessitates a delicate balance between ecosystem services, biodiversity, land ownership, and cost considerations. This study presents a conservation strategy for Jeju Island, Republic of Korea, an area renowned for its unique ecological features. We developed the strategy by evaluating 12 scenarios involving the establishment of protected areas (PAs) and the use of other effective area-based conservation measures (OECMs). The purpose of this evaluation was not to enhance ecosystem services and biodiversity directly but rather to identify strategies that could achieve these goals in a financially feasible way, considering the various cost and land ownership factors. Our findings revealed that conservation prioritization targets are primarily located in the central and eastern regions of Jeju Island, where ecosystem services are concentrated, and levels of biodiversity are high. The expansion of conservation targets from 17% to 30% entailed increased costs, largely due to the increased inclusion of private lands and agricultural areas. The introduction of OECMs provided a means to improve ecological network and representation within conservation networks. We also found that applying penalties to improve the boundary lengths of PAs could lead to more cost-effective conservation strategies. Although expanding conservation targets to 30% led to significant shifts in land ownership patterns and increased conservation costs, the benefits to biodiversity and provision of ecosystem services were substantial. This study provided valuable insights into the determination of conservation planning through the harmonization of biodiversity prot ection, provision of ecosystem services, and consideration of economic costs related to patterns of land use and ownership. The results can aid policymakers and stakeholders in making informed decisions about resource allocation in biodiversity conservation. © 2024 Elsevier B.V., All rights reserved.","Conservation Management; Conservation Prioritization; Jeju Island; Natural World Heritage; Oecms; Prioritizr"
"Bats and rice: Quantifying the role of insectivorous bats as agricultural pest suppressors in rice fields","2024","Ecosystem Services","10.1016/j.ecoser.2024.101603","https://www.scopus.com/inward/record.uri?eid=2-s2.0-85185571062&doi=10.1016%2Fj.ecoser.2024.101603&partnerID=40&md5=341538fda467bf3ea8e4fb27888f9f80","Rice represents the main staple food for more than half of the world's population, playing an essential role in food security and economic growth. One of the major pests affecting this crop is the striped rice stem borer moth (Chilo suppressalis), a widespread species found in Australasia, Asia and southern Europe. Bats are paramount insect consumers and their role as natural pest controllers in agriculture has been increasingly acknowledged, including in rice paddies. In this study we quantify, for the first time in Europe, the economic value of the ecosystem services provided by insectivorous bats as suppressors of a rice pest through exclusion experiments in rice plantations in Spain. Our study design included exclosures that prevented bats from hunting over some experimental areas, combined with molecular analyses of bat guano. By assessing the crop damage levels caused by C. supressalis inside and outside the exclosures, we showed that pest impact almost doubled in the absence of bats (94.5 % of damage increase). We estimated that bats were preventing crop losses of almost 70 kg of rice per hectare on average, which in economic terms would imply savings of 56€/ha. If we extrapolate our results to the national level, these values could reach up to 7.6 tonnes of rice, or more than 6 million euros saved by bats per year in Spain. Our findings highlight the importance of implementing management measures that favour bat populations in agrosystems as part of the Integrated Pest Management strategies to fight harmful insects, thereby increasing yields and land productivity in a sustainable and environmentally friendly way. © 2024 Elsevier B.V., All rights reserved.","Agricultural Pest; Bat Exclusion; Bats; Economic Quantification; Ecosystem Services; Pest Suppression"
"Investing in the wealth of nature through biodiversity and ecosystem service finance solutions","2024","Ecosystem Services","10.1016/j.ecoser.2024.101601","https://www.scopus.com/inward/record.uri?eid=2-s2.0-85185513410&doi=10.1016%2Fj.ecoser.2024.101601&partnerID=40&md5=32269f7afacfab3d888f006df34b3186","The last fifteen years have been transformative in the field of biodiversity and ecosystem services finance. The Kunming-Montreal Global Biodiversity Framework (GBF) articulated a pathway to achieve the global vision of “living in harmony with nature” by 2050, with four goals and 23 targets to be met by 2030. Published reports indicate biodiversity finance needs are on the order of seven times current investments. This paper reviews recent public and private sector efforts to address this biodiversity finance gap and suggests priorities to increase progress toward its closure. In this review of biodiversity finance, we first provide a brief historical overview of the biodiversity finance gap, next describe current methodologies designed to identify, quantify, and bridge the gap in the public and private sectors, two sections reviewing current public and private sector efforts to close the gap follow, and a discussion of future directions and trends concludes. From asset management to biodiversity credits to crowdfunding, and from debt for nature swaps to environmental fiscal transfer and green bonds, we highlight efforts in the global south to address their biodiversity finance needs and meet their commitments to the Convention on Biological Diversity. Research on subsidies harmful to nature, more effectively connecting biodiversity outcomes to financial investments, identifying finance mechanisms that generate climate and biodiversity co-benefits, and further innovation in private sector solutions like biodiversity credits and offsets are future priorities and perhaps a research agenda in this sphere. We hope this review generates discussion and a research agenda within the biodiversity finance community to help us fulfil the ambitious goals of the GBF by 2030. © 2024 Elsevier B.V., All rights reserved.","Biodiversity Finance; Finance Solution; Global Biodiversity Framework; Investment Gap"
"Dealing with negative monetary ecosystem services values in environmental and economic accounting","2024","Ecosystem Services","10.1016/j.ecoser.2024.101602","https://www.scopus.com/inward/record.uri?eid=2-s2.0-85184797159&doi=10.1016%2Fj.ecoser.2024.101602&partnerID=40&md5=99fa54803b78987a9a65fafb9f6fa712","The concept of exchange values refers to the theoretical notion of an exchange happening for ecosystem services between an ecosystem asset and an economic agent. The United Nations System of Environmental Economic Accounting recommends using market prices as exchange values whenever possible, or otherwise, exchange value estimates that conceptually come close to market prices. However, in countries with highly regulated access to natural resources, the observable market prices or exchange value estimates for ecosystem services may often be distorted or even negative. When exchange values are used for decision support or as evidence base for policy making, negative values can be misleading. To address this issue, we present ideas on how to include the institutional resource regime that governs ecosystem services into the computation of exchange values. This analysis can help identify policy interventions that increase or decrease exchange values from free-market levels and can provide guidance on how to correct for distorted value estimates. Further it can help to better understand negative exchange value estimates as well as reasons why society may be willing to accept, and eventually, compensate for them. We argue that the insurance value of ecosystems can be one such reason. To exemplify the application of the extended framework, we present a case study on the monetary valuation of water for hydropower production in Switzerland. © 2024 Elsevier B.V., All rights reserved.","Exchange Value Approach; Hydropower; Monetary Valuation Of Ecosystem Services; Negative Exchange Values; Switzerland"
"Payments for Ecosystem Services opportunities for emerging Nature-based Solutions: Integrating Indigenous perspectives from Australia","2024","Ecosystem Services","10.1016/j.ecoser.2024.101600","https://www.scopus.com/inward/record.uri?eid=2-s2.0-85184756519&doi=10.1016%2Fj.ecoser.2024.101600&partnerID=40&md5=5c4fe2236fd6e047013f0fb747583216","With recent growing interest and potential investment in nature-based solutions (NbS), a local, regional and global level understanding of what kinds of mechanisms or arrangements work effectively to deliver the required biodiversity and climate change outcomes is essential. This paper presents the status and opportunities for Payment for Ecosystem Services (PES) arrangements in Australia, with a focus on Indigenous peoples in northern Australia. We reviewed 62 studies related to the distribution and extent of the predominant PES schemes globally and nationally in Australia, including different ecosystems (e.g. forest, water, savannas, etc.), spatial scale (e.g. local, regional or global), types of payment methods used for ecosystem services (ES) transactions, types of ES providers and beneficiaries, funders, users, and contract arrangements and related challenges. Globally, 54% of the studies were supported by government investment, 17% by private–public, and only 29% by private investment. 80% of studies focused on forests as the most common ecosystem for PES, with 61% of the PES arrangements implemented at a local scale, 16% at a catchment scale and the rest (23%) at a national scale. In 33% of the studies, a single ES is the focus for the system, i.e. water quality or carbon sequestration; in 37% of studies a bundled approach was followed where typically > 1–2 services are included as a bundle; and in another 7% stacked ES were included. Within Australia, six main schemes were considered to be PES, i.e. Conservation Agreements, Water trading (buyback) in the Murray Darling Basin, Reef Credits, Carbon Farming, the Queensland Land Restoration Fund, and the Indigenous Protected Areas and Caring for Country programmes on Indigenous lands. About 90% these programmes are funded by the Australian Government, focusing on carbon or biodiversity outcomes, with little consideration of Indigenous values. From an Indigenous perspective, a bottom-up PES approach incorporating the social and cultural aspirations of Indigenous people is preferred. Traditional management with low transaction costs, combining both socio-economic and environmental attributes as verifiable measures, can yield conservation as well as positive socio-economic outcomes for Indigenous communities in Australia and elsewhere. Empowering local communities, recognising and supporting their skills and knowledge, ensuring equitable and just distribution of funds, sustainable and reliable co-designed incentives are essential for the success of these fast-emerging opportunities. © 2024 Elsevier B.V., All rights reserved.","Carbon Farming; Incentivising Mechanisms; Indigenous Peoples And Local Communities; Natural Resource Management; Nature-based Solutions; Payment For Ecosystem Services"
"Using the ecosystem serviceshed concept in conservation planning for more equitable outcomes","2024","Ecosystem Services","10.1016/j.ecoser.2024.101597","https://www.scopus.com/inward/record.uri?eid=2-s2.0-85183985155&doi=10.1016%2Fj.ecoser.2024.101597&partnerID=40&md5=adef8c9bc2de2782d65fd59fb5cd8902","Considering ecosystem services (ESs) in conservation planning represents a growing interest in global standards. However, this task has been hindered by the complexity of the ecological and socio-economic attributes of ESs, and questions remain, such as how to incorporate the demand for ESs, and ensure equity among beneficiary groups. To successfully align conservation investments with local needs, we implemented the “serviceshed” concept (the geographical area where ecosystems deliver a service to a group of beneficiaries) in a novel planning approach, setting conservation targets based on ES demand. We expand on how neglecting peoples’ location and socio-economic vulnerability status while quantifying ES demand can lead to inequity issues. We tested our conceptual framework in an urban case study with the ESs of flood and heat island attenuation using a systematic conservation planning methodology that considers population vulnerability. We compared our novel approach to one that does not consider servicesheds while prioritizing sites and tested the impact of three metrics of ES demand on addressing equity issues: i) demand area, ii) number of beneficiaries, and iii) vulnerability-weighted number of beneficiaries. We showed that accounting for the spatial location of the different beneficiaries via servicesheds increased distributional equity by a factor of five. Considering vulnerability while quantifying ES demand also ensured that socio-economic equity was addressed, by factoring in peoples’ reliance on these services. The proposed approach holds significant potential in cultivating an ‘equitable space for conservation’ by aiding practitioners in linking ES supply with local beneficiaries while accounting for their vulnerability. © 2024 Elsevier B.V., All rights reserved.","Conservation Planning; Ecosystem Services; Floods; Heat Islands; Social Equity; Vulnerability"
"‘Uncertainty audit’ for ecosystem accounting: Satellite-based ecosystem extent is biased without design-based area estimation and accuracy assessment","2024","Ecosystem Services","10.1016/j.ecoser.2024.101599","https://www.scopus.com/inward/record.uri?eid=2-s2.0-85183755851&doi=10.1016%2Fj.ecoser.2024.101599&partnerID=40&md5=0c15dd6d92afaa33286706560bf39604","There are currently no guidelines in the System of Environmental-Economic Accounting Ecosystem Accounting (SEEA EA) for quantifying and disclosing uncertainty. However, without quantifying uncertainty, it is unclear whether or not accounting tables contain biased (erroneous) area estimates which do not reflect real land cover changes. We use Oslo municipality in Norway as a case study to illustrate best practices in quantifying unbiased area estimates using design-based statistical methods. As input for ecosystem extent accounts, we compared a custom Sentinel-2 land cover map with a globally available one called Dynamic World for 2015, 2018 and 2021. The design-based area estimation involved (i) generating a stratified probability sample of locations using the satellite-based maps to define strata, (ii) assigning ecosystem type labels to the samples using photointerpretation according to a response design protocol, and (iii) applying a stratified area estimator to produce 95% confidence intervals around opening, closing and change stocks in the extent accounting table. We found that pixel counting practices, currently adopted by the SEEA EA community, led to biased extent accounts, particularly for ecosystem conversions, with biases averaging 195% of the true change value derived from design-based methods. We found that the uncertainty inherent in state-of-the-art satellite-based maps exceeded the ability to detect real change in extent for some ecosystem types including water and bare/artificial surfaces. In general, uncertainty in extent accounts is higher for ecosystem type conversion classes compared to stable classes, and higher for 3-yr compared to 6-yr accounting periods. Custom, locally calibrated satellite-based maps of ecosystem extent changes were more accurate (81% overall accuracy) than globally available Dynamic World maps (75%). We suggest that rigorous accuracy assessment in SEEA EA will ensure that ecosystem extent (and consequently condition and service) accounts are credible. A standard for auditing uncertainty in ecosystem accounts is needed. © 2024 Elsevier B.V., All rights reserved.","Earth Observation; Ecosystem Service; Remote Sensing; Sampling; Stratification; Uncertainty Audit"
"Unequal access to cultural ecosystem services of green spaces within the city of Rome – A spatial social media-based analysis","2024","Ecosystem Services","10.1016/j.ecoser.2023.101594","https://www.scopus.com/inward/record.uri?eid=2-s2.0-85183653648&doi=10.1016%2Fj.ecoser.2023.101594&partnerID=40&md5=d24b6e14ee4dcc632bf32a11015454cd","This groundbreaking study sheds new light on the unequal distribution of cultural ecosystem services (CES) within Rome's urban green spaces (UGS). Employing a novel methodology, we assess UGS quality through georeferenced social media data from Twitter, evaluate the green cover of UGS, and assess accessibility to these spaces using network analysis in a GIS environment. This unique methodology allows us to unveil marked disparities in both UGS accessibility and the provision of CES. Unlike traditional approaches, our analysis provides a more nuanced understanding of UGS quality and accessibility. Our findings reveal areas with high UGS accessibility, yet limited CES provision. These insights are crucial for targeted urban planning interventions, advocating for a more equitable distribution of UGS benefits. This research challenges traditional green space planning with a focus on green space availability. Importantly, our study goes further by identifying specific disadvantaged areas, offering valuable insights for promoting equity in urban areas, emphasizing the importance of UGS quality and accessibility. Thereby, this research provides a foundation for a more nuanced, equal, and quality-driven approach to UGS planning. © 2024 Elsevier B.V., All rights reserved.","Cultural Ecosystem Services; Environmental Equality; Landscape And Urban Planning; Social Media Data Analysis; Spatial Accessibility; Urban Green Space"
"Consistent ecosystem service bundles emerge across global mountain, island and delta systems","2024","Ecosystem Services","10.1016/j.ecoser.2023.101593","https://www.scopus.com/inward/record.uri?eid=2-s2.0-85183555961&doi=10.1016%2Fj.ecoser.2023.101593&partnerID=40&md5=579dd8e9563d871e1ad8a56f5f8fb612","Ecosystem services are often analysed individually, but are intertwined with one another and the social-ecological systems they occur in. As a response, ecosystem service bundles, i.e. co-occurring sets of ecosystem services, can be used to simplify complex relationships between nature and society, and in turn aid understanding. Typically bundles are studied on the local to regional scale, given the importance of local context to bundling, but wider scale analysis may help highlight broader ecosystem service balances for sustainable management. However, it remains uncertain if the relationships between ecosystem services are strong enough to describe coherent bundles at the global scale, and the extent to which these bundles are robust across different social-ecological systems and within different biogeographical realms. Here, we examine whether coherent bundles emerge from a set of 25 ecosystem property and service indicators across regional mountain, island and delta systems around the world. We analyse differences between bundle composition and correlation structure based on system, latitude and biome. We find consistent bundles broadly representing ‘food’, ‘productivity’ and biodiversity ‘intactness/soil’ ecosystem properties and services emerge across mountains, islands and deltas globally. These bundles show strong positive correlations internally, and consistent negative correlations between ‘food’ services and ‘intactness/soil’ ecosystem properties across bundles. The bundles weakened at higher latitudes and individual biomes where the division between ecosystem properties and services broke down. In sum, while islands, mountains and deltas are distinct social-ecological systems, we found ecosystem bundles robustly described synergies and trade-offs between ecosystem services across these systems. This suggests that bundling has a role in simplifying wider scale interactions between humans and ecosystem services. © 2024 Elsevier B.V., All rights reserved.","Biomes; Bundles; Ecosystem Services; Social-ecological Systems; Synergies And Trade-offs"
"Linking natural capital stocks with ecosystem services in the Northern Baltic Sea","2024","Ecosystem Services","10.1016/j.ecoser.2023.101585","https://www.scopus.com/inward/record.uri?eid=2-s2.0-85185928647&doi=10.1016%2Fj.ecoser.2023.101585&partnerID=40&md5=99c7b4a1beef1b2384ffc5575802458b","The Baltic Sea is a heavily used marine area in Northern Europe delivering valuable services to the inhabitants of its surrounding countries. Understanding how the structure and functioning of marine ecosystems deliver ecosystem services is still limited. However, this information is increasingly needed for ecosystem accounting, marine spatial planning and managing natural resources sustainably. In this study we reviewed ecosystem services provided by marine natural capital, i.e. the elements in the environment that are essential for providing the services. Altogether 48 habitats belonging to 8 habitat groups, and 11 mobile species (i.e. fish and pinnipeds) were assessed using literature and expert knowledge in the Northern Baltic Sea. To our knowledge, this is the first time when all habitats are included in an ecosystem services assessment in the area. The results show that of all possible service linkages, 31–56% were identified for habitats (depending on the habitat group in question) and 28–51% of linkages could not be assessed because of the limited knowledge. For mobile species, 53% of all possible services linkages were recognized and 15% of linkages could not be assessed because of limited knowledge. The results demonstrate the importance of the marine habitats for delivering regulating services, particularly those mitigating harmful effects of human activities such as carbon and nutrient storages, and their importance to services that are yet to be discovered. The results also show that mobile species are particularly important for provisioning and cultural services. The current study supports on-going policies such as the Baltic Sea Action Plan and marine spatial planning by providing knowledge on ecosystem services that can be adopted into decision-making in the areas where the distribution and location of habitats and species are known. It also acts as a starting point for a more in-depth trade-offs analysis of different ecosystem services. © 2024 Elsevier B.V., All rights reserved.","Baltic Sea; Ecosystem Services; Habitats; Mobile Species; Natural Capital; Review"
"Ecosystem accounting for water resources at the catchment scale, a case study for the Peloponnisos, Greece","2024","Ecosystem Services","10.1016/j.ecoser.2023.101586","https://www.scopus.com/inward/record.uri?eid=2-s2.0-85183760295&doi=10.1016%2Fj.ecoser.2023.101586&partnerID=40&md5=2303ca47296e7aa76bd18af2c441be7c","The System of Environmental-Economic Accounts - Ecosystem Accounting (SEEA EA) has become the world's leading natural capital accounting system. It provides a valuable decision-making tool for spatial planning and integrated development. SEEA implementation is a current key challenge for European Union (EU) Member States (MS), mainly due to high requirements on budget, technical capacity, and data, varying between countries. Within this frame, the objective of this paper is to demonstrate how the SEEA framework can be applied to analyse water ecosystems at river basin scale, building exclusively upon the officially registered, standardized national and EU datasets. We test how water resources can be accounted for using SEEA EA, with an additional component assessing water use based on SEEA Water. Within the EU Water Framework Directive (WFD), two reporting cycles of river basin management plans have been completed for water ecosystems, providing spatial and temporal datasets. This material together with numerous data available at EU and national levels, water-relevant databases and repositories, resulting from MS reporting obligations, are tested and utilised for water accounting. The Alfeios river basin in Western Peloponnisos Greece serves as the case study area for compiling extent accounts, condition accounts, and supply and use accounts for provisioning water ecosystem services (drinking and irrigation water) for the periods 2009–2015 and 2015–2021 (the two WFD reporting cycles). It is demonstrated that readily available EU datasets can support the initial mapping and compiling of water ecosystem accounts at local scale, as applied in Greece, and therefore potentially also in other EU countries with fragmented data scattered in various administrative services and authorities with overlapping responsibilities on water resources. It is also concluded that future WFD reporting cycles and revisions of the river basin management plans could be better structured to enable a more direct connection of the collected data to ecosystem accounts. © 2024 Elsevier B.V., All rights reserved.","Natural Capital Accounting; Seea Ea; Seea Water; Sustainable Agricultural Development; Valuation; Water Ecosystem Services"
"National mapping and assessment of ecosystem services projects in Europe – Participants’ experiences, state of the art and lessons learned","2024","Ecosystem Services","10.1016/j.ecoser.2023.101592","https://www.scopus.com/inward/record.uri?eid=2-s2.0-85183429456&doi=10.1016%2Fj.ecoser.2023.101592&partnerID=40&md5=1e428e885b3aff81b143a058c0b6279d","Backed by the Biodiversity Strategy to 2020 and 2030, numerous ‘Mapping and Assessment of Ecosystem Services’ (MAES) projects have been completed in recent years in the member states of the European Union, with substantial results and insights accumulated. The experience from the different approaches is a valuable source of information for developing assessment processes further, especially with regard to their uptake into policy and more recently, into ecosystem accounting. Systematic approaches towards best practices and lessons learned from national MAES projects are yet lacking. This study presents the results of a survey conducted with participants of national MAES projects overviewing 13 European MAES processes. Focus hereby is put on the types of methods used, the assessed ecosystem services, and the perceived challenges and advancements. All MAES projects assessed ecosystem services at several levels of the ecosystem service cascade (69% at least three levels), using a diverse set of data sources and methods (with 4.7 types of methods on average). More accessible data was used more frequently (e.g., statistical and literature data being the most popular). Challenges regarding policy uptake, synthesizing results, and data gaps or reliability were perceived as the most severe. Insufficient evaluation of uncertainty was seen as a major critical point, and emphasized as crucial for uptake and implementation. Moving towards accounting for ES in the frame of environmental-economic accounts, considering uncertainties of ES assessments should be even more important. © 2024 Elsevier B.V., All rights reserved.","Biodiversity Strategy 2020; Ecosystem Assessment; Ecosystem Condition Types; Ecosystem Service Cascade; Ecosystem Service Models; Uncertainty"
"Advancing knowledge pluralism and cultural benefits in ecosystem services theory and application","2024","Ecosystem Services","10.1016/j.ecoser.2023.101583","https://www.scopus.com/inward/record.uri?eid=2-s2.0-85182582808&doi=10.1016%2Fj.ecoser.2023.101583&partnerID=40&md5=20e344eb534c9e3d8ae5db10ec0d3e74","Improved consideration of the cultural benefits of ecosystem services (ES) requires attention to knowledge pluralism in addition to value pluralism. Theorists have increasingly argued that meaningful inclusion of cultural benefits of ES requires attention to plural values, beyond the individual, instrumental values associated with ecosystems. However, there has been little engagement around the role of knowledge pluralism as a foundational enabling factor for meaningful consideration of plural values. This paper contributes to a conceptual toolkit for implementation of knowledge pluralism in ES theory and application by (re)conceptualizing ES-knowledge as a knowledge system. This can support personal and collective reflexivity around the role of worldviews embedded in our institutions, and illuminate what is at stake when assumptions about human-nature relationship and well-being remain hidden. Further, by locating benefits-knowledge as a core element of the ES-knowledge-system, we can imagine a greater range of possible cultural-benefits-knowledge-forms and improve our ability to comprehend and convey the plural values of cultural benefits of ES, as they arise across cultural contexts. © 2024 Elsevier B.V., All rights reserved.","Cultural Benefits; Cultural Ecosystem Services; Ecosystem-services-knowledge; Environmental Justice; Epistemic Justice; Holistic Value; Knowledge Pluralism; Knowledge System; Recognitional Justice; Relational Values; Value Pluralism"
"Opportunities for improved consideration of cultural benefits in environmental decision-Making","2024","Ecosystem Services","10.1016/j.ecoser.2023.101587","https://www.scopus.com/inward/record.uri?eid=2-s2.0-85182572558&doi=10.1016%2Fj.ecoser.2023.101587&partnerID=40&md5=f201a1e5b619c0c141c6f9da27e252dd","Many cultural benefits of ecosystem services (ES) are difficult to capture in standard ES assessments. Scholars and practitioners often respond to this gap by seeking to develop new scientific methods to capture and integrate the plural values associated with diverse cultural benefits categories. This increasing emphasis on value pluralism represents an essential step toward recognitional justice within ES theory and practice. However, current approaches continue to rest on the assumption that ES-knowledge is only made available to decision-makers through scientific documentation. As a result, scholars and decision-makers fail to account for the role of knowledge pluralism as a core element of recognitional justice, and a key enabling factor for meaningful consideration of the plural values linked to cultural benefits of ES. In this paper, we contribute to a pluralist theory of cultural-benefits-knowledge, and ES-knowledge more broadly. Using a critical interpretive synthesis of environmental management literature, we conceptualize a wider range of knowledge forms that convey cultural benefits, based on the knowledge-as-practice concept in addition to the knowledge-as-product concept more familiar to Western actors. As part of the synthesis, we explore when and how diverse forms of cultural-benefits-knowledge intersect with decision-making processes, and the value aspects and categories of cultural benefits most frequently conveyed by each form of knowledge. Our synthesizing argument offers a critique of the concept of “ES-knowledge-use,” proposing a shift in focus toward “learning opportunities” that exist across phases of decision-making. We demonstrate that attention to a greater diversity of knowledge forms (knowledge pluralism), and a fuller spectrum of opportunities to integrate them (learning opportunities) can support more meaningful consideration of the plural values associated with cultural benefits of ES (value pluralism). In combination, attention to knowledge pluralism and value pluralism can help bring the ES approach into alignment with environmental justice through the recognition and legitimization of multiple identities, well-beings, and human-nature relationships, as reflected in meaningful consideration of the diverse cultural benefits of ES. © 2024 Elsevier B.V., All rights reserved.","Cultural Benefits; Cultural Ecosystem Services; Ecosystem Services Knowledge; Environmental Justice; Epistemic Justice; Holistic Value; Knowledge Pluralism; Recognitional Justice; Relational Values; Social Learning; Value Pluralism"
"The impact of payment for ecosystem service schemes on participants’ motivation: A global assessment","2024","Ecosystem Services","10.1016/j.ecoser.2024.101595","https://www.scopus.com/inward/record.uri?eid=2-s2.0-85182566678&doi=10.1016%2Fj.ecoser.2024.101595&partnerID=40&md5=97b754b4581bb7e57cb7cdc58e09c722","Payment for Ecosystem Services (PES) is a commonly used policy tool to fund nature conservation efforts. However, the implementation of financial incentives may have unintended consequences on intrinsic motivations, such as attitudes and environmental values, resulting in reduced levels of pro-environmental behaviors after PES compared to those observed before PES. The effect of PES schemes on participants’ motivations is not well understood. To address this gap, we conducted a quantitative analysis of motivation effects in PES schemes using 155 data points from 126 primary studies. Our study found that: 1) 54% of PES projects had a crowding-in effect, reinforcing intrinsic motivations, while 42% had a crowding-out effect, weakening intrinsic motivations; 2) PES projects with community payments were more likely to induce crowding-out due to free-riding and reduced trust; 3) compliance monitoring was a weak predictor of crowding-in, possibly due to increased satisfaction; and 4) monetary payment, when compared to in-kind payment, was more likely to lead to crowding-out due to reduced autonomy. Our findings also suggest that crowding-in is associated with successful environmental outcomes, while crowding-out is associated with environmental failure. To enhance the effectiveness of PES programs, policymakers should promote motivation crowding-in and prevent crowding-out by using in-kind payments, addressing free-riding, and enhancing fairness and transparency through monitoring, where feasible. © 2024 Elsevier B.V., All rights reserved.","Behavioral Study; Motivation Crowding; Payment For Ecosystem Services; Policy Effectiveness"
"Analysis of the potential value of cultural ecosystem services: A case study of Busan City, Republic of Korea","2024","Ecosystem Services","10.1016/j.ecoser.2024.101596","https://www.scopus.com/inward/record.uri?eid=2-s2.0-85182549723&doi=10.1016%2Fj.ecoser.2024.101596&partnerID=40&md5=a95440d3fa2e9bd339c434ff95153e9f","Although the importance of ecosystem services (ES) as a result of urbanization continues to be emphasized, their economic value to cities as a whole has not been widely explored. This study aimed to provide basic data to respond to the continuously increasing demand for ESs by analyzing the potential value of cultural ecosystem services (CESs). These services are among the most important ESs and represent the most intimate interactions between humans and nature. The ongoing Busan Eco Delta City development was selected as the study subject. Using the concept of compensating surplus as a theoretical framework, the benefit derived from CESs by local citizens was determined. A questionnaire-based survey was conducted on the willingness to pay and its influence on CESs. Results from the 1,477 survey responses showed that the willingness to pay for CESs was affected by the offer amount, age, place of residence, willingness to visit, and environmental organization membership. The average value ascribed to CESs was KRW 9,044, based on a dichotomous-choice response logit model. Among the CESs, the existence CES had the strongest influence on willingness to pay, indicating that the natural resources of the urban ecosystem were of the highest value to the residents. This study presents a clear approach to estimating the potential value of cultural services derived from the urban ecosystem and provides reference data for decision-making processes such as planning and policy establishment. © 2024 Elsevier B.V., All rights reserved.","Contingent Valuation Method; Cultural Ecosystem Service; Double-bounded Dichotomous Choice; Ecosystem Service; Logit Model; Potential Value"
"A farming systems approach to assess synergies and trade-offs among ecosystem services","2024","Ecosystem Services","10.1016/j.ecoser.2023.101591","https://www.scopus.com/inward/record.uri?eid=2-s2.0-85181756878&doi=10.1016%2Fj.ecoser.2023.101591&partnerID=40&md5=56727a90fa41dfee773c5bece6b17999","Agricultural landscapes are linked to many functions that benefit human well-being, with a focus on food production. These functions are intrinsically linked with the management choices made by farmers, which are reflected in different farming systems (FS) and their shares in the landscape. However, there is a mismatch between the level where these decisions are taken – farm level – and the landscape level, where many ecosystem processes and interactions take place. The FS approach is one way to bridge the gap between both levels since it enables the joint assessment of multiple management decisions from adjacent farmers using farmlevel data and combining them at the landscape level through clustering techniques. The result is a spatial composition of different FS that enables us to capture landscape gradients and spatially relate them with biodiversity and ecosystem services, thus helping to inform and design policies to affect farming system choice. In Europe, the use of the Integrated Administration and Control System (IACS) database, coupled with the Land Parcel Information System (LPIS), a high-resolution spatially-explicit identification system for agricultural plots, provides a potentially rich source of information on agricultural management (e.g., type of crop, livestock stocking, land use). In this study, we investigated the spatial associations between ecosystem condition and ecosystem services indicators; and explored relationships between landscape gradients and these indicators using a FS approach based on IACS and LPIS data. Agroforestry systems were shown to be linked to a greater ecosystem condition and ecosystem services delivery. In contrast, LG dominated by very intensive and specialized FS revealed the most pronounced negative effects on ecosystems. © 2024 Elsevier B.V., All rights reserved.","Biodiversity; Ecosystem Condition; Ecosystem Services; Farming Systems; Landscape Management"
"Assessment of the effectiveness of China's protected areas in enhancing ecosystem services","2024","Ecosystem Services","10.1016/j.ecoser.2023.101588","https://www.scopus.com/inward/record.uri?eid=2-s2.0-85181245046&doi=10.1016%2Fj.ecoser.2023.101588&partnerID=40&md5=9b146b854a76ffc125906ac57905daa8","Protected areas are critical for providing ecosystem services. However, studies on the effect of protected areas on ecosystem service enhancement remain lacking, which restricts efficient protected area management. In this study, a statistical matching approach was used to analyze the role of 637 protected areas in China in enhancing ecosystem services. The drivers that influence the effectiveness of protected areas were also explored. The results show that 94% of the protected areas enhanced at least one type of the selected ecosystem services compared with the controls (unprotected areas), and protected areas in areas with high human activity disturbance or ecological fragility were more effective in enhancing ecosystem services than in other areas. At the national scale, the effectiveness of protected areas for carbon sequestration, soil conservation, and water yield services was mainly influenced by physical geographic variables (e.g., mean annual temperature, annual precipitation), and of habitat quality service also by socio-economic variables (e.g., road network density, distance to the nearest cropland). The main drivers in the various dry and wet climate regions differed from those operating at national scale, reflecting the spatial heterogeneity of natural and socio-economic conditions. Our results provide useful information for application in protected area management. © 2024 Elsevier B.V., All rights reserved.","China; Ecosystem Services; Management Effectiveness; Protected Areas; Statistical Matching Approach"
"Examining weak sustainability for storm protection by mangroves","2024","Ecosystem Services","10.1016/j.ecoser.2023.101590","https://www.scopus.com/inward/record.uri?eid=2-s2.0-85180573996&doi=10.1016%2Fj.ecoser.2023.101590&partnerID=40&md5=05c77afd34f4c3f45930b1fbf09c1fe8","Although the body of scientific evidence supports that mangroves provide storm protection and save lives during cyclones, coastal planners have been prioritizing the adoption of technological alternatives, for example, early warnings, evacuation training, and storm shelters—over mangrove conservation, to manage storm risks. Such policy has the underlying assumption that mangroves and technological alternatives for storm protection are perfect substitutes. This paper studies storm protection by mangroves in India and compares the life-saving efficacy of mangroves and technological alternatives empirically under different evacuation scenarios. Results show that the storm-protection ability of mangroves remains significant and that mangroves have been protecting lives even when these technological alternatives are present in a large number. © 2023 Elsevier B.V., All rights reserved.","Cyclone Shelter; Early Warning; India; Mangroves; Strong Sustainability"
"Mapping and assessment of lake ecosystem services in Lithuania","2024","Ecosystem Services","10.1016/j.ecoser.2023.101589","https://www.scopus.com/inward/record.uri?eid=2-s2.0-85180120026&doi=10.1016%2Fj.ecoser.2023.101589&partnerID=40&md5=43a5abac5d85c0bd9f75f6d7ced4026a","Lakes provide essential Ecosystem Services (ES) that support human well-being. However, due to anthropogenic environmental degradation, lake ecosystem conditions and related ES supply are affected. To assess these impacts and ES supply alterations, mapping and assessing lake ES is key. Spatiotemporal lake ES studies are lacking, especially at the national scale. In this study, we mapped and assessed lake ES nationally in Lithuania. In total, 1032 lakes were considered. The supply of five ES were studied in 1990, 2000, 2006, 2012, and 2018: 1) fibres and other materials for construction (fibres ES); 2) water for non-drinking purposes (water ES); 3) the maintenance of nursery populations (nursery ES); 4) the maintenance of freshwater chemical conditions (nutrient regulation ES), and 5) direct and indirect cultural outputs (recreation ES). For fibres ES, an increase over time was observed, following an increase in reed areas around the lakes. The results showed that significant differences among periods were identified in all ES except for water ES supply. Generally, the supply of fibres, nutrient, nursery and recreation ES increased between 1990 and 2018. Spatially, the north-eastern, central and easternmost parts of Lithuania showed a high supply of multiple ES (e.g., fibres ES, nutrient ES), while the western parts of the country were seen as essential for nursery ES supply. Except for water ES supply, all ES showed a clustered pattern. The hot–cold spots identified followed the areas of high and low ES supply. Bundle analysis identified three clusters. Recreation ES supply was not associated with fibres, nursery, nutrient, and water ES supply. Fibres, nursery, and nutrient ES supply were not related to water ES supply. The results obtained in this work are critical for better management and help to identify lakes that supply high and low ES. © 2023 Elsevier B.V., All rights reserved.","Ecosystem Services; Lakes; Lithuania; Mapping; Remote Sensing"
"A process perspective of conceptual innovation: Integrating equity in applications of the ecosystem services concept in Ireland","2024","Ecosystem Services","10.1016/j.ecoser.2023.101582","https://www.scopus.com/inward/record.uri?eid=2-s2.0-85180103047&doi=10.1016%2Fj.ecoser.2023.101582&partnerID=40&md5=d8a0ad906d568607a8671fe7873736be","The ecosystem services (ES) concept emerged as a metaphor to demonstrate humanity's dependence on the natural environment and is increasingly applied to frame human-nature relationships in conservation science, policy and practice. This paper aims to enhance understanding of how the ES concept is applied for ecosystem management and biodiversity conservation in the Irish context, with further applicability to international contexts. Semi-structured interviews were conducted with stakeholders involved in ES research, policy and practice to understand and reflect a variety of perspectives. Three contexts of ecosystem management in Ireland are examined as focal points for the ES framing: natural capital and ES research; Agri-Environment schemes as types of Payments for ES; and collaborative forms of governance for peatland conservation. Specifically, we examine the idea of conceptual innovation as a process where concepts evolve in time and space as they are applied by different societal actors. The contexts examined demonstrate a variety of perceptions and show the scope for agency in how concepts are applied when they meet local realities. The research also demonstrates how alternative concepts and ideas are continuously emerging in societal discourse, and suggests the need to develop ‘networks of concepts’ that can work together to manage the politics, power relations and inequities inherent in the application of any concept. Fostering transparency and reflection on values, language and how knowledge is produced helps make visible power dynamics underlying the ES concept and encourages the development of ES approaches that are effective, inclusive and actionable. Developing concepts from a process perspective has implications for changing the course of a concept as its future unfolds. Following from this, we suggest the need to map an emancipatory future agenda for ES research that centres the voices of those researching, participating and acting ‘from the margins’. © 2023 Elsevier B.V., All rights reserved.","Agri-environment; Collaborative Governance; Conceptual Innovation; Ecosystem Services; Equity; Ireland; Natural Capital; Payments For Ecosystem Services; Power Dynamics; Process Perspective"
"Understanding the sentiment associated with cultural ecosystem services using images and text from social media","2024","Ecosystem Services","10.1016/j.ecoser.2023.101581","https://www.scopus.com/inward/record.uri?eid=2-s2.0-85179829245&doi=10.1016%2Fj.ecoser.2023.101581&partnerID=40&md5=fbe0c461285f9d2009b327e53d3d06cc","Social media is increasingly being employed to develop Cultural Ecosystem Services (CES) indicators. The image-sharing platform Flickr has been one of the most popular sources of data. Most large-scale studies, however, tend to only use the number of images as a proxy for CES due to the challenges associated with processing large amounts of this data but this does not fully represent the benefit generated by ecosystems in terms of the positive experiences expressed by users in the associated text. To address this gap, we apply several Computer Vision (CV) and natural language processing (NLP) models to link CES estimates for Great Britain based on the content of images to sentiment measures using the accompanying text, and compare our results to a national, geo-referenced survey of recreational well-being in England. We find that the aesthetic quality of the landscape and the presence of particular wildlife results in more positive sentiment. However, we also find that different physical settings correlate with this sentiment and that sentiment is sometimes more strongly related to social activities than many natural factors. Still, we find significant associations between these CES measures, sentiment and survey data. Our findings illustrate that integrating sentiment analysis with CES measurement can capture some of the positive benefits associated with CES using social media. The additional detail provided by these novel techniques can help to develop more meaningful CES indicators for recreational land use management. © 2023 Elsevier B.V., All rights reserved.","Big Data; Cultural Ecosystem Services; Ecosystem Services; Machine Learning; Natural Language Processing; Social Media"
"Mapping cultural ecosystem services of the urban riverscapes: the case of the Vistula River in Warsaw, Poland","2024","Ecosystem Services","10.1016/j.ecoser.2023.101584","https://www.scopus.com/inward/record.uri?eid=2-s2.0-85179825179&doi=10.1016%2Fj.ecoser.2023.101584&partnerID=40&md5=03d2cfc1206a976678206a41e39f5d22","Urban green and blue spaces play a key role in strengthening human-nature bonds as they offer a variety of opportunities to directly contact nature. They are robust providers of cultural ecosystem services (CES), non-material benefits arising from the interaction between people and nature. Recreation in green and blue spaces beneficially contributes to the well-being of urban dwellers in multiple ways, and the character of these contributions depends both on spaces’ features and visitors’ characteristics. The flow of CES related to the recreational use of urban parks and forests have been widely studied; however, much less attention has been paid to urban riverscapes. This study aimed to fill this gap by assessing benefits associated with the recreational use of urban rivers, and determining drivers that affect these experiences. Using the case of Vistula River in Warsaw, Poland, a citywide PPGIS survey was conducted to map several types of recreation-related benefits. Binomial logistic regression models were built to explain positive contributions to well-being as a function of attributes of visitors, spatiotemporal preferences of visits, and preferred activities. Survey participants highly assessed urban riverscape benefits, with the general tendency of highest scores to be clustered in the city core. Benefits vary in terms of drivers they are affected, with three main insights: (1) intellectual and emotional attachment to the riverscape is built through the long-term process of repetitive visits; (2) the devotion to nature is based on direct experiences, and strongly associated with sports; (3) on-water recreation underpins both emotional attachment to the river and social interactions. The results bring spatially explicit information on people's attitudes towards the urban river, and underscore the complexity of links between people and the riverscape. The knowledge on spatiotemporal patterns and drivers affecting riverscape-related benefits may support the sustainable planning and management of nature-based recreation in cities. © 2023 Elsevier B.V., All rights reserved.","Benefits; Cultural Ecosystem Services; Landscape Perception; Ppgis; Recreation; Urban Riverscape"
"Building the case for protecting urban nature: How urban planners use the ideas, rhetoric, and tools of ecosystem services science","2024","Ecosystem Services","10.1016/j.ecoser.2023.101579","https://www.scopus.com/inward/record.uri?eid=2-s2.0-85179496197&doi=10.1016%2Fj.ecoser.2023.101579&partnerID=40&md5=a7c06220fed3321409cc7450c99bfa88","Ecosystem services (ES) researchers have recognized the important role of urban planning decisions in influencing the quantity and distribution of ES in cities. However, knowledge about ES among planners is still modest, and more research is needed about planners’ experiences with ES. For this qualitative study, interviews and focus groups were conducted with actors with roles in urban planning in three Canadian cities. The aim was to understand participants’ knowledge of ES and how they use it. These early adopters were creative, practical, and politically astute in using ES ideas, rhetoric, and tools to build the case for natural urban ecosystems. ES was used in multiple and intersecting ways for awareness-raising, to justify the protection and restoration of natural ecosystems, to provide direction to plans, and to support and supplement existing planning approaches. The strategic use of ES was notable. As a boundary object, ES helped to bridge perspectives and to integrate policies. The ability of ES to facilitate policy coordination is promising. Further research on the effectiveness of ES to improve urban policy is needed. © 2023 Elsevier B.V., All rights reserved.","Boundary Object; Ecosystem Services; Environmental Policy; Knowledge Use; Urban Planning"
"Perceived urban ecosystem services and disservices in gentrifying neighborhoods: Contrasting views between community members and state informants","2024","Ecosystem Services","10.1016/j.ecoser.2023.101571","https://www.scopus.com/inward/record.uri?eid=2-s2.0-85179486201&doi=10.1016%2Fj.ecoser.2023.101571&partnerID=40&md5=3d96a97a4f76d85528574f3ef0e94780","As assessing urban ecosystem services and disservices is of rapidly growing interest in a context of increasingly urbanized environments, greater scholarly attention needs to be placed on how different informants perceive these services and disservices. Previous research in urban geography and planning has already pointed at the challenges of building inclusive natural outdoor environments such as green and blue spaces in gentrifying neighborhoods, particularly those undergoing green gentrification. In response, we analyze the ecosystem services and disservices identified by community and state respondents in seven cities with gentrifying neighborhoods, pronounced social inequalities, and where natural outdoor environments were created or improved: Amsterdam, Bristol, Cleveland, Lyon, Montreal, Philadelphia, and San Francisco. We found that in cities experiencing green gentrification, interviewees – particularly community informants – reported a wide array of ecosystem services and disservices, and identified some disservices previously under-studied (i.e. physical tiredness, low attractiveness and forced displacement). Our study illustrates how differences in decision making positions can impact perceptions of ecosystem services and disservices. Our study has implications for urban environmental planning decisions that will help maximize the ecosystem services provided by urban natural outdoor environments. Only if all perceived ecosystem services and disservices are considered, will it be possible to design green just cities. © 2024 Elsevier B.V., All rights reserved.","Environmental Gentrification; Europe; Greenspaces; Nature-based Solutions; North America; Parks"
"Changes in the value of ecosystem services due to watershed development in India's Eastern Ghats and incentives for better stewardship","2024","Ecosystem Services","10.1016/j.ecoser.2023.101580","https://www.scopus.com/inward/record.uri?eid=2-s2.0-85179074047&doi=10.1016%2Fj.ecoser.2023.101580&partnerID=40&md5=d788e7d87b12a57a63bbc0be1f34b82e","[No abstract available]",""
"Co-creating urban ecosystem accounting: Physical and monetary accounts of runoff retention service provided by urban green spaces","2024","Ecosystem Services","10.1016/j.ecoser.2023.101576","https://www.scopus.com/inward/record.uri?eid=2-s2.0-85179065160&doi=10.1016%2Fj.ecoser.2023.101576&partnerID=40&md5=ffa8e501ce1314dacb98c1fc391919b5","Urban ecosystem accounting can provide the structure for systematically integrating the value of urban green spaces into management and decision making to support urban resilience and sustainability. However, there are very few instructive examples of urban ecosystem accounting, particularly those created collaboratively with a municipality. Therefore, the aim of this study was to develop co-created urban ecosystem accounts using Tampere, Finland, as a case study. By discussing concrete political and planning-related needs, priorities, and data availability, this study identified urban flooding and the role of green spaces in alleviating this challenge as critical issues. An ecosystem extent account was compiled for accounting years 2012 and 2018 to quantify changes in the extent of ecosystem types. Additionally, an ecosystem service account (physical and monetary), for runoff retention, was compiled for the same years. The runoff retention service was quantified using the InVEST Urban Flood Risk Mitigation model, considering two precipitation events representative of rainstorms that trigger urban flooding. The runoff retention service was translated into service providing areas, which were used in conjunction with service demanding areas to estimate the physical terms of actual flows of retention service for accounting. The monetary value of the service was estimated using the avoided damage cost method. Between 2012 and 2018, the value of runoff mitigation service provided by green spaces increased by 7 % under the 24 mm scenario and by more than 40 % under the 50 mm scenario. The accounts showed concretely how important urban green spaces are in the City of Tampere, and provide an argument to preserve and even increase them in the urban structure. Our experiential ecosystem accounts for urban runoff retention service by green spaces also offer insights to other municipalities, encouraging them to take steps forward in ecosystem accounting. © 2023 Elsevier B.V., All rights reserved.","Co-creation; Flood Mitigation; Invest; Monetary Accounts; Urban Ecosystem Accounting; Urban Green Spaces"
"Spatially explicit ecosystem accounts for coastal wetland restoration","2024","Ecosystem Services","10.1016/j.ecoser.2023.101574","https://www.scopus.com/inward/record.uri?eid=2-s2.0-85178491170&doi=10.1016%2Fj.ecoser.2023.101574&partnerID=40&md5=11c3f5eab1e808caec51bfe7a1807cd1","Coastal wetlands (i.e., mangroves, saltmarshes, and seagrasses) have been recognised as an efficient natural climate solution to help mitigate and adapt to climate change. These ecosystems are also known to provide additional ecosystem services to coastal communities (e.g., fisheries and biodiversity enhancement, nutrient removal). Despite their importance to coasts and coastal communities, we lack spatially explicit information on the values of these ecosystems and the estimated return on investment from coastal management activities to rehabilitate them. Here, we aligned an environmental economic accounting framework combined with a scenario analysis to develop a set of accounts for mangroves, saltmarshes, and seagrasses across the state of Victoria (Australia) as a case study, including the following ecosystem services: commercial and recreational fisheries, carbon and nitrogen sequestration, and coastal hazard mitigation. Importantly, we assessed the current extent, condition, and ecosystem services (physical and monetary) from these coastal ecosystems and examined how they could be improved through management actions. Overall, we found that the combined benefit (i.e., nitrogen and carbon sequestration, fisheries, and coastal hazard mitigation) provided by existing mangroves, saltmarshes, and seagrasses in Victoria is approximately AUD120.9 billion per year. Considering the management scenarios included in this study, our analysis showed that levee removal plus managed retreat had the highest cost at AUD7.6 billion; however, it also provided the highest net benefit of AUD134.8 trillion after 50 years, with a 5 % discount rate. In contrast, fencing was the cheapest management action to restore mangroves and saltmarshes, delivering more than AUD140 billion after 50 years. While our results demonstrate a large return on investment if coastal wetlands are restored at large scale, the implementation of small-scale projects is still a major challenge. However, this study demonstrates that an environmental economic accounting framework combined with a scenario analysis is a powerful approach to guide the decision-making process, providing critical information on the estimated return-on-investment from restoration of mangroves and saltmarshes, with encouraging implications of the impacts of actions at local scales. © 2023 Elsevier B.V., All rights reserved.","Blue Carbon; Co-benefits; Coastal Hazard Mitigation; Ecosystem Services; Environmental Accounting; Environmental Economic Accounting; Natural Capital; Natural Climate Solutions"
"Animal-named businesses are low-cost, accessible indicators of wildlife socio-cultural value","2024","Ecosystem Services","10.1016/j.ecoser.2023.101577","https://www.scopus.com/inward/record.uri?eid=2-s2.0-85178432880&doi=10.1016%2Fj.ecoser.2023.101577&partnerID=40&md5=99f93609744d1a53312e32685d34dd5d","Wildlife not only play a pivotal role in providing irreplaceable ecosystem services but also hold immense socio-cultural value for communities by shaping cultural identities and fostering human connections with the natural world. However, quantifying the socio-cultural value of wildlife is challenging and typically relies on targeted participant-based interviews or questionnaires. This study explores an alternative approach by analyzing animal-named businesses as indicators of wildlife socio-cultural value. As a case study, all 4,767 animal-named businesses in New Zealand (excluding animal-focused businesses like veterinarians) were compiled. Analyses of these businesses confirmed that socio-cultural values are conveyed through businesses names including personal connections to animals and cultural reverence. Furthermore, significant geographic animal-region associations were identified, revealing spatial patterns in socio-cultural values. Overall, the analysis of animal-named businesses provides a scalable, widely-accessible, cost-effective method to explore socio-cultural value and uncovers connections that can be used to support management efforts and target further research. © 2023 Elsevier B.V., All rights reserved.","Ces Valuation; Cultural Value; Ecosystem Services; Environmental Assessment; Evaluation Methods; New Zealand"
