"Title","Year","Source title","DOI","Link","Abstract","Author Keywords"
"Modulating the electrode–electrolyte interphases for high–energy lithium–metal batteries","2025","Energy Storage Materials","10.1016/j.ensm.2025.104514","https://www.scopus.com/inward/record.uri?eid=2-s2.0-105012634174&doi=10.1016%2Fj.ensm.2025.104514&partnerID=40&md5=51617d88a4c38e5cef019e012748d919","Pairing high-loading Ni-rich layered oxide cathodes with Li-metal anodes offers a promising strategy toward high-energy Li-metal batteries. However, structural instability and surface reactivity of both electrodes induce parasitic reactions with the electrolyte solution, particularly under high charging rate conditions, leading to rapid capacity degradation. Herein, a dual-additive-incorporated carbonate-based electrolyte solution is developed for the stable cycling of Li-metal batteries, featuring a high-loading Li[Ni<inf>0.9</inf>Co<inf>0.05</inf>Mn<inf>0.05</inf>]O<inf>2</inf> cathode under lean electrolyte and high charging rate conditions. The individual and combined effects of lithium difluorophosphate (LiDFP) and lithium nitrate (LiNO<inf>3</inf>) are systematically investigated to elucidate their influence on the cycling behavior of Li-metal batteries. The synergistic effect of LiDFP and LiNO<inf>3</inf> modulates the electrolyte–electrode interphase (EEI) layer to be robust and conductive, suppressing dendritic Li growth and structural degradation of the cathode. This study also highlights the importance of suppressing the crossover effect for Ni-rich cathode-based Li-metal batteries. The Li||Li[Ni<inf>0.9</inf>Co<inf>0.05</inf>Mn<inf>0.05</inf>]O<inf>2</inf> Li-metal full cell with a areal capacity of 4.6 mAh cm–2 and lean electrolyte condition delivers a high discharge capacity of 230.0 mAh g–1 at 0.1 C, maintains stable cycling over 200 cycles with a cycle retention of 85.4 %, and exhibits an average Coulombic efficiency of 99.87 % at high rate conditions. © 2025 Elsevier B.V., All rights reserved.","Additive; Electrode–electrolyte Interphase; Electrolyte Solution; Lithium Metal Batteries; Ni-rich Cathode; Anodes; Binary Alloys; Cathodes; Charging (batteries); Cobalt Compounds; Electric Discharges; Electrolytes; Lithium Compounds; Lithium-ion Batteries; Nickel Oxide; Stability; Surface Reactions; Condition; Electrode–electrolyte Interphase; Electrolyte Solutions; Energy; High Charging Rates; High Loadings; Li Metal; Lithium Metal Battery; Lithium Metals; Ni-rich Cathode; Additives"
"High-performance all-solid-state lithium battery enabled by coating an ultrathin NASICON-type buffer layer on Ni-rich cathode","2025","Energy Storage Materials","10.1016/j.ensm.2025.104515","https://www.scopus.com/inward/record.uri?eid=2-s2.0-105012626349&doi=10.1016%2Fj.ensm.2025.104515&partnerID=40&md5=e5446e3b1fca719410a8f0e8f2a0bf4f","All-solid-state lithium batteries (ASSLBs) composed of sulfide solid-state electrolytes and high-performance cathodes are promising candidates for next-generation energy storage systems. However, the instability at the cathode-electrolyte interface remains a critical challenge. In this work, we develop a high-energy-density ASSLB, enhanced by the formation of an ultrathin (∼1 nm) LiTi<inf>2</inf>(PO<inf>4</inf>)<inf>3</inf> (LTPO) buffer layer on the surface of LiNi<inf>0.88</inf>Co<inf>0.09</inf>Mn<inf>0.03</inf>O<inf>2</inf> (Ni88) cathode via atomic layer deposition (ALD) process. This uniform LTPO coating is first applied on a solid-state battery cathode. Through calculations we prove its excellent ionic conductivity and interfacial compatibility with both the cathode and sulfide electrolyte. The LTPO not only accelerates charge transfer but also mitigates interfacial degradation and structural instability of the Ni88. Using Li<inf>6</inf>PS<inf>5</inf>Cl as the electrolyte, ASSLB based on LTPO[sbnd]Ni88 exhibits excellent rate performance (68.5 mAh g–1 at 3C) and cycling stability (88 % of the initial capacity maintained after 400 cycles at 0.5C). Even with an increased areal loading of 29.4 mg cm–2, the cell delivers an areal capacity of 5.5 mAh cm–2 and maintains 84 % capacity retention after 300 cycles. These advancements highlight the potential of LTPO-coated ASSLBs for large-scale, high-energy-density applications. © 2025 Elsevier B.V., All rights reserved.","All-solid-state Lithium Batteries; Atomic Layer Deposition; Cathode Interfaces; Ultrathin Buffer Layer; Binary Alloys; Buffer Layers; Cathodes; Charge Transfer; Charging (batteries); Chlorine Compounds; Coatings; Interface States; Lithium Compounds; Lithium-ion Batteries; Nickel Compounds; Phase Interfaces; Phosphorus Compounds; Polonium Compounds; Solid Electrolytes; Solid State Devices; Solid-state Batteries; Sulfur Compounds; All-solid-state Lithium Battery; Atomic-layer Deposition; Cathodes Interface; Energy; Higher Energy Density; Nasicon Type; Performance; Solid-state Electrolyte; Ultra-thin; Ultrathin Buffer Layer; Atomic Layer Deposition"
"Functional additives for AlCl3/EMIC ionic liquid electrolyte of rechargeable aluminum batteries: advancements and challenges","2025","Energy Storage Materials","10.1016/j.ensm.2025.104475","https://www.scopus.com/inward/record.uri?eid=2-s2.0-105012607564&doi=10.1016%2Fj.ensm.2025.104475&partnerID=40&md5=51c411252641a3f0bc25144e5954a2da","Rechargeable aluminum batteries (RABs) have emerged as a promising next-generation technology for large-scale energy storage, owing to their instrinsic electrode stability, superior safety, and low cost. The AlCl₃/1-ethyl-3-methylimidazolium chloride (EMIC) ionic liquid (IL) electrolyte plays a crucial role in the performance of RABs. However, AlCl<inf>3</inf>/EMIC suffers from high viscosity, moisture sensitivity, and corrosivity, which significantly limit its large-scale application and further development in RABs. Functional additives represent a facile and effective strategy for addressing these challenges. In this review, we explore a wide range of functional additives introduced into AlCl₃/EMIC to optimize its electrochemical performance. The discussion specifically focuses on the effects of functional additives in RABs, such as promoting ion diffusion, mitigating moisture sensitivity, suppressing dendrite growth and promoting compatibility with electrode that critically impact the lifespan of RABs. In the end, we provide perspectives on electrolyte additives to drive advancements in state-of-the-art RABs, aiming to bridge the gap between laboratory research and practical applications. © 2025 Elsevier B.V., All rights reserved.","Additives; Alcl3/emic; Ionic Liquid Electrolyte; Rechargeable Aluminum Batteries; Aluminum; Aluminum Chloride; Electrodes; Electrolytes; Ionic Liquids; Moisture; Secondary Batteries; Alcl 3; Alcl3/ethyl-3-methylimidazolia Chloride; Energy; Functional Additives; Generation Technologies; Ionic Liquid Electrolytes; Large-scales; Methylimidazolium Chloride; Moisture Sensitivity; Rechargeable Aluminum Battery; Additives"
"Rechargeable organic coating as an artificial solid electrolyte interphase enabling high-capacity and fast-charging graphite anodes","2025","Energy Storage Materials","10.1016/j.ensm.2025.104518","https://www.scopus.com/inward/record.uri?eid=2-s2.0-105012583115&doi=10.1016%2Fj.ensm.2025.104518&partnerID=40&md5=4a0c38822ffa227a9da8822bb37fda42","Graphite, as the most successful commercial anode material for lithium-ion batteries (LIBs), offers notable advantages such as a low operating potential (0.1 V vs. Li+/Li) and exceptional electrochemical reversibility. Unfortunately, the low specific capacity (372 mAh g−1) and the semi-infinite diffusion-controlled Li+ intercalation mechanism result in limited energy density and poor fast-charging performance, thereby constraining the rate capability of full batteries. Herein, a hybrid anode of graphite@muconic acid (Gra@MCA) is reported, in which the MCA functions as a rechargeable artificial solid electrolyte interphase (SEI) layer. This nanocrystalline MCA coating layer offers exceptionally high specific capacity and capacitive contribution, ensuring high-rate Li-ion storage, isotropic Li⁺ transport, and ordered and efficient Li+ intercalation into graphite without inducing polarization, particularly under high-power conditions. This makes Gra@MCA a highly promising candidate for next-generation LIB anodes. As such, the Gra@MCA electrode delivers a high reversible capacity of 766.2 mAh g−1 at 0.1 C (1 C = 380 mA g−1) and impressive rate capability of 187.9 mAh g−1 at 20 C with a capacity retention of 49.7 %. Modulating the electrode-electrolyte interface and enhancing reaction kinetics through a rechargeable organic artificial SEI layer provides a universal strategy for designing composite anodes with outstanding electrochemical performance. © 2025 Elsevier B.V., All rights reserved.","Artificial Solid Electrolyte Interphase; Capacitive Li-ion Storage; Fast-charging Graphite; Interfacial Kinetics; Rechargeable Muconic Acid Coating; Fast Charging (batteries); Graphite; Ions; Lithium Compounds; Lithium-ion Batteries; Organic Coatings; Reaction Kinetics; Seebeck Effect; Solid Electrolytes; Solid-state Batteries; Artificial Solid Electrolyte Interphase; Capacitive Li-ion Storage; Fast Charging; Fast-charging Graphite; Interfacial Kinetic; Li +; Li Ion Storage; Muconic Acid; Rechargeable Muconic Acid Coating; Solid Electrolyte Interphase; Anodes; Nanocrystals"
"Inorganic and organic hybrid additives synergistically drive dual interface regulation to achieve highly stable aqueous zinc-ion batteries","2025","Energy Storage Materials","10.1016/j.ensm.2025.104523","https://www.scopus.com/inward/record.uri?eid=2-s2.0-105012580920&doi=10.1016%2Fj.ensm.2025.104523&partnerID=40&md5=10f99e36c7fb26ae0c0c6a5b7860a227","Aqueous zinc-ion batteries (AZIBs) are promising for their high safety, low cost, and eco-friendliness. However, dendrite, hydrogen evolution reaction, and interface instability still limit their application. This study proposes a hybrid additive strategy of organic chitosan (CTS) and inorganic InCl<inf>3</inf> synergistically. Theoretical calculations show that the CTS-rich hydroxyl and amino groups regulate the double electronic layer structure and hydrogen bond network between H<inf>2</inf>O molecules, thereby affecting the solvation structure and deposition behavior of Zn2+ and promoting its uniform deposition on specific crystal planes; Meanwhile, the introduction of In3+ further facilitates a more disordered water structure, improves the ionic conductivity of the electrolyte, and forms an In protective layer on the Zn surface through a replacement reaction, further stabilizing the electrode/electrolyte interface. Experiments show that the Zn||Zn symmetric battery has a cycle of 2900 h at 0.5 mA cm−2, 0.5 mAh cm−2, and impressive coulombic efficiency of 99.50 % in the Zn||Cu battery. The Zn||V<inf>2</inf>O<inf>5</inf> full cell shows 96 % capacity retention after 600 cycles at 3 A g−1, and 69 % after 2500 cycles at 5 A g−1, respectively. This hybrid additive strategy provides new ideas and an experimental basis for the promotion of AZIBs in practical applications. © 2025 Elsevier B.V., All rights reserved.","Aqueous Zinc-ion Batteries; Hybrid Additive; Interface; Synergistic Effect; Additives; Crystal Structure; Deposition; Hydrogen Bonds; Ions; Phase Interfaces; Surface Reactions; Zinc; Zinc Compounds; Aqueous Zinc-ion Battery; High Safety; Highly Stables; Hybrid Additive; Inorganic Hybrids; Ion Batteries; Low-costs; Organic Hybrids; Synergistic Effect; Zinc Ions; Substitution Reactions"
"Emerging biomass functional materials for stable zinc anode","2025","Energy Storage Materials","10.1016/j.ensm.2025.104521","https://www.scopus.com/inward/record.uri?eid=2-s2.0-105012580806&doi=10.1016%2Fj.ensm.2025.104521&partnerID=40&md5=e0922484f51eff053856eece82d35b76","Rechargeable aqueous Zn-ion batteries have garnered significant attention in recent years as promising energy storage systems due to their low cost, high specific capacity, and inherent safety. However, the practical application of Zn anodes faces numerous challenges, including Zn dendrite formation and side reactions such as hydrogen evolution, corrosion, and passivation. Biomass materials, characterized by diverse molecular architectures, rich surface chemistries, and environmental benignity, demonstrate tremendous potential for protecting Zn anodes. In this review, we systematically categorize and summarize relevant literatures on biomass-based materials for Zn anode protection to provide a comprehensive understanding of recent advancements. First, we elucidate the unique advantages of biomass materials and critically analyze their specific applications in Zn anode protection, covering anode modification, electrolyte engineering, and separator optimization. Furthermore, we identify persistent challenges in implementing biomass materials for Zn anode protection and propose future research directions, aiming to establish a strategic framework for subsequent studies in this field. © 2025 Elsevier B.V., All rights reserved.","Anode Modification; Biomass; Electrolyte Engineering; Separator Optimization; Zn Anode; Anode Materials; Anodes; Electrolytes; Functional Materials; Passivation; Separators; Strategic Materials; Surface Chemistry; Zinc; Zinc Compounds; Anode Modification; Anode Protections; Biomass Materials; Electrolyte Engineering; Functionals; Optimisations; Separator Optimization; Zinc Anodes; Zn Anode; Zn Ions; Biomass"
"Quinone-pyrazine organic cathode with intramolecular hydrogen bonds enabling high-charging and wide-temperature aqueous zinc batteries","2025","Energy Storage Materials","10.1016/j.ensm.2025.104517","https://www.scopus.com/inward/record.uri?eid=2-s2.0-105012486279&doi=10.1016%2Fj.ensm.2025.104517&partnerID=40&md5=789c70c2f4405a941d3c541d613d71b3","Organic electrode materials (OEMs) have garnered significant attention for cathode applications in aqueous zinc batteries (AZBs), whereas many quinone cathodes still suffer from limited stability and slow reaction kinetics. Herein, the quinone-pyrazine organic featured with hydrogen-bonded small molecule, designed by the incomplete conjugation architecture (DAPBQ), is firstly showcased. The partially conjugated architecture upholds the autonomy of redox reactions among active moieties, fostering the cycling life of organic electrode. Simultaneously, the formation of intramolecular hydrogen bonds (C = O···N[sbnd]H) contributes to charge transportation by efficiently reducing DAPBQ solubility. Benefiting from these structures, this DAPBQ electrode demonstrates high capacity (204 mAh g-1 at 0.2 A g-1), satisfactory rate performance (114.2 mAh g-1 at 30 A g-1), superlong life (a high-capacity retention of 88.0% after 10,000 cycles). Even with a high active material loading of 10 mg cm-2, the Zn//DAPBQ battery also exhibits good rate capability and high redox reversibility. Remarkably, this battery demonstrates exceptional versatility, operating reliably across an extreme temperature range of -60 to 80 °C. Moreover, the co-insertion (Zn2+ and H+) insertion charge storage mechanism is investigated by a series of physical characterizations. © 2025 Elsevier B.V., All rights reserved.","Aqueous Zinc Batteries; Intramolecular Hydrogen Bonds; Partially Conjugated Architecture; Small Organic Electrode; Wide-temperature; Architecture; Cathode Materials; Cathodes; Charging (batteries); Quinone; Reaction Kinetics; Redox Reactions; Secondary Batteries; Zinc; Aqueous Zinc Battery; High Capacity; High-capacity; Intramolecular Hydrogen Bond; Organic Cathodes; Organic Electrodes; Partially Conjugated Architecture; Pyrazines; Small Organic Electrode; Wide-temperature; Hydrogen Bonds"
"Enabling low-temperature charging of Si-C anodes in high-voltage li-ion batteries by electrolyte enhancement","2025","Energy Storage Materials","10.1016/j.ensm.2025.104509","https://www.scopus.com/inward/record.uri?eid=2-s2.0-105012478264&doi=10.1016%2Fj.ensm.2025.104509&partnerID=40&md5=74c2afa258d0f6b490c8fb01270095d8","Facing with the predicament of plummeting battery energy density under low temperatures, enabling high-capacity Si-C anodes and high-voltage cathodes operated across the wide temperature range is an effective solution. However, low-temperature charging and advanced electrodes impose stringent demands on the Li+ transport and interphase stability. We propose a bifunctional electrolyte to integrate rapid Li+ transfer and dual-interface protection which mitigates the huge volume expansion of Si-C anodes and electrolyte oxidation as well as metal ion dissolution on high voltage cathodes. Fast low-temperature kinetics and stable dual-interphases synergistically enable 4.6 V Si-C||NCM622 full cells to achieve charge-discharge from −60 °C to 50 °C, retaining 80.2% capacity at -30 °C after 100 cycles and 67% after 300 cycles at 50 °C. Even at -60 °C, the cell could be charged and retains 22.1% capacity. Notably, a practical 2.2 Ah pouch cell with NCM811 and a high loading of 6 mAh/cm² can deliver high energy densities of 254, 186, and 65Wh/kg at 30 °C, -30 °C, and -60 °C, along with high capacity retention of 88.7% after 250 cycles. Our work demonstrates that electrolyte-centric engineering is pivotal for unlocking the full potential of high-energy-density electrode systems in extreme environments, offering a blueprint for next-generation wide-temperature-range batteries. © 2025 Elsevier B.V., All rights reserved.","High Voltage Cathode; Silicon-carbon Anode; Solid Electrolyte Interphase; Weak Solvation Environment; Wide-temperature Li-ion Battery; Anodes; Cathodes; Charging (batteries); High Temperature Engineering; Lithium Compounds; Metal Ions; Silicon Batteries; Silicon Compounds; Solid Electrolytes; Solid-state Batteries; Temperature; Carbon Anodes; High Capacity; High-voltage Cathodes; Ion Batteries; Lows-temperatures; Silicon Carbon; Silicon-carbon Anode; Solid Electrolyte Interphase; Weak Solvation Environment; Wide-temperature Li-ion Battery; Lithium-ion Batteries"
"Unlocking high-performance gel electrolytes through microphase separation for flexible zinc-air batteries","2025","Energy Storage Materials","10.1016/j.ensm.2025.104504","https://www.scopus.com/inward/record.uri?eid=2-s2.0-105012458973&doi=10.1016%2Fj.ensm.2025.104504&partnerID=40&md5=b7c4c0949ba5067b22be047ad16da87e","Gel polymer electrolytes (GPEs) are crucial components of flexible zinc-air batteries (FZABs). Conventional GPEs face an inherent trade-off between accelerating ion migration and enhancing mechanical properties, making it challenging to decouple flexible ion transport from rigid structural support. Herein, a design strategy is proposed to regulate the microphase separation structure of GPEs using cellulose nanofibers (CNFs), enabling structural-functional partitioning between polymer-rich and solvent-rich domains. Consequently, GPEs with a microphase separation structure (non-alkaline: MPS-CNFs; alkaline: MPS-CNFs-KOH) achieve both high ionic conductivity (MPS-CNFs: 30.95 mS/cm; MPS-CNFs-KOH: 318.21 mS/cm) and excellent static and dynamic mechanical performance (MPS-CNFs or MPS-CNFs-KOH: hysteresis ≤6.11 %, elastic recovery ≥97 %). Furthermore, these GPEs demonstrate strong environmental adaptability, electrode compatibility, and effective suppression of side reactions, collectively contributing to the superior electrochemical performance of FZABs. Notably, FZABs employing MPS-CNFs-KOH maintain operational stability across a wide temperature range (−40 to 80 °C), underscoring their robustness in extreme conditions. Overall, the CNF-regulated microphase separation strategy offers a compelling solution to the long-standing mechanical–electrochemical trade-off in GPEs, providing a promising design framework for the development of next-generation high-performance FZABs. © 2025 Elsevier B.V., All rights reserved.","Cellulose Nanofibers; Flexible Zn-air Batteries; Gel Polymer Electrolytes; Microphase Separation; Cellulose; Electrochemical Electrodes; Nanofibers; Potassium Hydroxide; Solid Electrolytes; Zinc; Zinc Compounds; Alkalines; Cellulose Nanofibers; Flexible Zn-air Battery; Gel Polymer Electrolytes; Mechanical; Micro-phase; Microphase Separation Structures; Performance; Trade Off; Zinc-air Battery; Economic And Social Effects; Microphase Separation; Air; Commerce; Potassium Hydroxide; Separation; Zinc Compounds"
"A review of strategies for promoting rapid dissociation of lithium salts from multiple perspectives for solid state electrolytes","2025","Energy Storage Materials","10.1016/j.ensm.2025.104513","https://www.scopus.com/inward/record.uri?eid=2-s2.0-105012428387&doi=10.1016%2Fj.ensm.2025.104513&partnerID=40&md5=a52a03d37aba9e21d97a70aef352a323","Solid-state lithium metal batteries are considered as one of the pivotal solutions for next-generation energy storage technology due to high energy density and inherent safety. However, the performance limitations of these batteries based on using solid state electrolytes primarily arise from the ion transport confinements of solid electrolytes and the insufficient dissociation efficiencies of lithium salts. The review provides a systematic elaboration of the ion transport mechanisms and lithium salt dissociation regulation strategies in solid state electrolytes, elucidating the critical impacts of material design and interface engineering on battery performances. Firstly, the mechanisms of lithium-ion transport in solid state electrolytes and the necessary improvements in each system are highly summarized. Secondly, the classification and performance evaluation of lithium salts in batteries are presented in detail. By analyzing the roles of lithium salts in the batteries, the importance of enhancing lithium salt dissociation also is emphasized. The review mainly proposes five innovative strategies to increase the lithium migration number: Strengthening interactions with lithium ions; Interacting with lithium salt anions; Weakening the coordination effect between lithium salt cations and anions; Utilizing the polarization effect of high dielectric materials; and Leveraging recombination effects. Finally, the detailed researches of high-performance batteries with high lithium-ion conductivity are comprehensively summarized. All in all, this review aims to establish a theoretical foundation and provide guidance for the practical application of high-safety and high-energy-density solid-state lithium batteries. © 2025 Elsevier B.V., All rights reserved.","Excellent Electrochemical Performances; High Safety; Lithium-ion Transport; Solid State Electrolyte; Battery Management Systems; Dielectric Materials; Dissociation; Interface States; Interfaces (materials); Lithium; Lithium-ion Batteries; Negative Ions; Safety Engineering; Solid-state Batteries; Electrochemical Performance; Excellent Electrochemical Performance; High Safety; Higher Energy Density; Lithium Metals; Lithium Salt Dissociation; Lithium Salts; Lithium-ion Transport; Multiple Perspectives; Solid-state Electrolyte; Solid Electrolytes"
"Fine-tuning for rapid capacity estimation of lithium-ion batteries","2025","Energy Storage Materials","10.1016/j.ensm.2025.104425","https://www.scopus.com/inward/record.uri?eid=2-s2.0-105012389879&doi=10.1016%2Fj.ensm.2025.104425&partnerID=40&md5=e12c35eb5be733da650a945e2f08b58b","The widespread adoption of large-scale battery-powered technologies, such as electric vehicles and renewable energy storage systems, has led to growing interest in assessing their remaining usability after years of operation. As these systems age, state-of-health estimation becomes crucial for ensuring reliability and safety, and for extending life through second-use applications. However, current methods — spanning physics-based, empirical, and data-driven approaches — face challenges, including insufficient labeled data, high resource costs, and poor generalizability across diverse usage conditions. Data-driven models, in particular, struggle to extrapolate beyond their training domain, limiting their applicability in real-world scenarios. This work develops a fine-tuning framework to address these challenges, enabling rapid capacity estimation using short-duration (≤100 s) features. Tested on two battery chemistries (LFP/Gr and NMC/Gr), the fine-tuned model achieves average mean-absolute-percent-errors of 2.592% and 3.094% on datasets collected from the respective chemistries. Compared to two baseline approaches, direct-transfer and target-only modeling, fine-tuning achieves a 25% reduction in estimation error in the target domain, on average. Domain differences are quantified using statistical measures such as Kullback–Leibler divergence and maximum mean discrepancy. These measures are found to correlate with fine-tuning performance, offering insights into domain compatibility. This study also analyzes the impact of feature selection, hyper-parameter tuning, and labeled data availability on fine-tuning efficacy, providing practical guidelines for real-world applications. © 2025 Elsevier B.V., All rights reserved.","Battery Aging Data; Fine Tuning; Lithium-ion Batteries; Rapid Soh Estimation; Transfer Learning; Digital Storage; Labeled Data; Learning Systems; Tuning; Battery Aging; Battery Aging Data; Capacity Estimation; Fine Tuning; Ion Batteries; Large-scales; Lithium Ions; Rapid Soh Estimation; Transfer Learning; Lithium-ion Batteries"
"Mitigating “Remaining fire”-“Re-burn”: Multi-dimensional dynamic thermal runaway evolution mechanism and suppression for commercial lithium-ion batteries from gas perspective","2025","Energy Storage Materials","10.1016/j.ensm.2025.104520","https://www.scopus.com/inward/record.uri?eid=2-s2.0-105012387127&doi=10.1016%2Fj.ensm.2025.104520&partnerID=40&md5=30fe8d97b19ac28bdf64078147909506","Thermal runaway is the utmost safety issue for lithium-ion batteries, especially with wide application sceneries. Mitigating thermal runaway (propagation)(TR(P)) is one of the most significant challenges. This study investigates multi-dimensional dynamic thermal runaway evolution mechanisms and “Remaining fire”-“Re-burn” evolution principles. Dynamic gas generation principles and ambient pressure evolution mechanism during different adiabatic TR stages are theoretically and quantitatively revealed. Most gas content remains stable after TR triggering, CO<inf>2</inf>, CO, H<inf>2</inf>, and C<inf>2</inf>H<inf>4</inf> have been proven to be the primary gases generated during the initial TR triggering stage, dynamic weight of each reaction on TR hazard is unlocked. The gas and pressure signal evolution mechanism is revealed, which can be utilized for early warning and treatment. TR hazard and “Re-burn” phenomenon are evaluated from the flammable gases-oxygen perspectives, flame diagnostics method and “Remaining fire” judging criteria are proposed. Oxygen consumption during severe combustion induces temporary fire suppression without jet fire. Inductively coupled plasma spectrometer (ICP) analysis reveals that massive electrolytes immersed in electrode pieces provide fuel for the “Remaining fire” phenomenon after stable venting and jet fire, posing hazards to neighbouring untriggered cells. Furthermore, a gas extraction mitigation method is proposed for TR(P) hazards, force-internal pressure-mass loss-temperature signal monitoring validates the TR intensity decrement. TR triggering time can be extended by 50 s under the same ambient temperature and lateral heating power. Besides, the maximum temperature is significantly decreased (50.7 °C) with fuel-oxygen extraction. This study provides novel insights for TR mechanism investigation and guides for safe battery system design. © 2025 Elsevier B.V., All rights reserved.","Electrical Vehicle; Gas Extraction; Re-burn Mechanism; Remaining Fire; Thermal Runaway Propagation Mitigation; Combustion; Extraction; Fighter Aircraft; Fires; Gas Fuel Analysis; Gas Generators; Gases; Hazards; Inductively Coupled Plasma; Oxygen; Plasma Stability; Electrical Vehicles; Evolution Mechanism; Gas Extractions; Ion Batteries; Lithium Ions; Multi-dimensional Dynamics; Re-burn Mechanism; Remaining Fire; Thermal Runaway Propagation Mitigation; Thermal Runaways; Lithium-ion Batteries"
"Functional group engineering in electrolyte additives toward highly stable zinc-ion batteries","2025","Energy Storage Materials","10.1016/j.ensm.2025.104508","https://www.scopus.com/inward/record.uri?eid=2-s2.0-105012379448&doi=10.1016%2Fj.ensm.2025.104508&partnerID=40&md5=a960bb82f627227722bc3a78801c5a1c","Aqueous zinc-ion batteries (AZIBs) have attracted significant attention for large-scale energy storage due to their inherent safety, environmental benignancy, and low cost. However, critical challenges such as dendritic growth on the zinc anode, hydrogen evolution corrosion, and interfacial passivation severely hinder their cycling stability and practical deployment. Functionalized electrolyte additives have emerged as a pivotal strategy to address these issues by tailoring interfacial chemistry and electrochemical behavior. This review systematically categorizes additive design frameworks based on functional groups, elucidating the mechanisms of oxygen-, nitrogen-, and sulfur-containing molecules in modulating solvation structures, optimizing interfacial microenvironments, and suppressing parasitic reactions. Furthermore, the quantitative structure-activity relationships and synergistic effects of multi-functional groups are revealed, providing insights into rational additive engineering. In response to the current challenges in research, including insufficient wide-temperature adaptability, complex failure mechanisms under high areal capacity operating conditions, and industrial scaling bottlenecks, a forward-looking development direction of Artificial intelligence (AI)-driven molecular inverse design is proposed. By integrating computational simulations, in-situ characterization, and machine learning technologies, the design of electrolyte additives is transitioning from empirical trial-and-error to intelligent prediction, providing a new paradigm for developing highly stable, all-weather applicable AZIBs. © 2025 Elsevier B.V., All rights reserved.","Aqueous Zinc-ion Batteries; Artificial Intelligence; Electrolyte Additives; Functional Group; Interfacial Engineering; Additives; Anodes; Computational Chemistry; Engineering Education; Failure (mechanical); Functional Groups; Ions; Learning Systems; Passivation; Surface Chemistry; Zinc; Aqueous Zinc-ion Battery; Electrolyte Additives; Energy; Functionals; Highly Stables; Inherent Safety; Interfacial Engineering; Ion Batteries; Large-scales; Zinc Ions; Industrial Research"
"Harnessing the surface-stabilized high-entropy alloy and nitrogen-doped carbon interplay for superior Zn–Air battery performance","2025","Energy Storage Materials","10.1016/j.ensm.2025.104507","https://www.scopus.com/inward/record.uri?eid=2-s2.0-105012374104&doi=10.1016%2Fj.ensm.2025.104507&partnerID=40&md5=6a06e909900fdf4b8277d7b420dca614","Developing robust and highly bifunctional electrocatalysts for the oxygen evolution reaction (OER) and oxygen reduction reaction (ORR) is key for achieving effective rechargeable Zn–air battery. Herein, a zeolitic imidazole framework is synthesized via pulsed laser ablation in liquid, pyrolyzed into N-doped carbon (NC), and utilized as a self-template for decorating NiCoFePdIr (HEA) nanoparticles (NC[sbnd]HEA) using a wet chemical approach. The optimized NC[sbnd]HEA catalyst demonstrates an impressive ORR halfwave potential of 0.86 V vs. a reversible hydrogen electrode (RHE), outperforming Pt/C, and an OER overpotential of 400 mV at 10 mA cm−2, comparable to IrO<inf>2</inf>. This outstanding activity can be ascribed to the presence of N-rich carbon, enhanced surface area, excellent electronic conductivity, and porous structure, which collectively facilitate effective mass transfer during the ORR and OER. Density functional theory computations demonstrate that the strong interaction within the NC matrix and HEA in the NC[sbnd]HEA catalyst improves the catalytic activity for both reactions. Furthermore, a rechargeable Zn–air battery incorporating the NC[sbnd]HEA demonstrates excellent activity, achieving an energy density of 140 mW cm−2 and amazing cycle stability. The proposed method offers a simple and rapid approach for creating progressive oxygen bifunctional electrocatalysts with potential applications across various energy technologies. © 2025 Elsevier B.V., All rights reserved.","High-entropy Alloy; N-doped Carbon; Oxygen Evolution Reaction; Oxygen Reduction Reaction; Pulsed Laser Ablation; Zn–air Battery; Binary Alloys; Carbon; Cesium Alloys; Cobalt Alloys; Density Functional Theory; Electrocatalysts; Electrolytic Reduction; Entropy; Iridium Alloys; Iridium Compounds; Mass Transfer; Oxygen; Oxygen Reduction Reaction; Platinum Compounds; Ternary Alloys; Zinc Air Batteries; Bifunctional Electrocatalysts; Doped Carbons; Evolution Reactions; High Entropy Alloys; N-doped; N-doped Carbon; Oxygen Evolution; Pulsed Laser Ablation; ]+ Catalyst; Catalyst Activity; Laser Ablation"
"A tandem catalysis to accelerate solid–state sulfur conversion in lithium–sulfur batteries","2025","Energy Storage Materials","10.1016/j.ensm.2025.104512","https://www.scopus.com/inward/record.uri?eid=2-s2.0-105012372183&doi=10.1016%2Fj.ensm.2025.104512&partnerID=40&md5=f2fa06e5819358d7094a3df41d74f821","Single-atom catalysts (SACs) have emerged as an effective approach to improve the utilization efficiency of sulfur cathodes in lithium–sulfur (Li–S) batteries, owing to their unique atomic-scale catalytic interfaces. However, achieving fast reaction kinetics for both the liquid–solid and solid–solid conversion of lithium polysulfides (LiPSs) demands a tandem catalysis mechanism with multiple active sites, which remains a major challenge. Herein, we report the first example of an asymmetric Ta–N<inf>5</inf> single-atom catalyst (denoted Ta SAs/NC) with dual active sites engineered to trigger tandem catalysis and thereby promote the stepwise conversion of LiPSs. The asymmetric Ta–N<inf>5</inf> coordination environment induces electron redistribution, thereby intensifying d–p orbital hybridization between the Ta 5d and S 3p orbitals. In this tandem catalytic process, the Ta–S bond predominantly accelerates the liquid–solid conversion of LiPSs, whereas the N5–Li (N5 represents the fifth N atom in Ta SAs/NC) bond serves as the principal active site for the subsequent solid–solid conversion. Li–S batteries with the Ta SAs/NC interlayer exhibit a high capacity retention of 90.42 % after 500 cycles at 7 C. In addition, the cells with a high sulfur loading of 5.03 mg cm−2 deliver an exceptional initial areal capacity of 5.72 mAh cm−2 and maintain 5.01 mAh cm−2 after 30 cycles. Moreover, the pouch cell based on this interlayer exhibits excellent capacity decay of 0.21 % per cycle after 200 cycles. © 2025 Elsevier B.V., All rights reserved.","D-p Hybridization; Dual-site Segmented Catalysis; Li-s Batteries; Redox Reaction Kinetics; Single-atom Catalysts; Atoms; Catalysis; Catalyst Activity; Lithium Batteries; Lithium Compounds; Lithium Sulfur Batteries; Reaction Kinetics; Solid-state Batteries; Sulfur; Sulfur Compounds; Catalyse; D-p Hybridization; Dual Sites; Dual-site Segmented Catalyze; Hybridisation; Redox Reaction Kinetic; Single-atom Catalyst; Single-atoms; Tandem Catalysis; ]+ Catalyst; Redox Reactions"
"Perspective on fast-charging lithium-ion batteries: Mechanism, detection, and suppression of graphite anode lithium plating","2025","Energy Storage Materials","10.1016/j.ensm.2025.104479","https://www.scopus.com/inward/record.uri?eid=2-s2.0-105012369751&doi=10.1016%2Fj.ensm.2025.104479&partnerID=40&md5=1f990c3a037edd599f2cd2f14077aa7c","Lithium-ion batteries (LIBs) play a pivotal role in modern energy storage systems and electric vehicles, and the development of fast-charging technology is essential for improving energy utilization efficiency in these applications. However, lithium plating remains a significant challenge for fast-charging LIBs, as it causes severe degradation of electrochemical performance, compromises safety, and accelerates capacity fading during cycling. This review provides a systematic and critical overview of the major research advances made in fast-charging technologies for LIBs over the past decade. The report begins with a discussion of lithium battery transport bottlenecks in fast charging, which induces lithium plating on graphite anodes. Next, the review summarizes state-of-the-art techniques for characterizing lithium plating. Then, the review comprehensively analyzes and critically evaluates various strategies for suppressing lithium plating, including novel electrolyte formulations, graphite anode modifications, optimized charging protocols, and other approaches, highlighting the merits and limitations of each. Finally, this review summarizes recent advances in graphite anode lithium plating and outlines promising future directions for developing fast-charging LIB technologies with improved safety, efficiency, and reliability. © 2025 Elsevier B.V., All rights reserved.","Fast-charging; Graphite Anode; Lithium Plating; Lithium-ion Batteries; Anodes; Electrolytes; Energy Utilization; Fast Charging (batteries); Graphite; Ions; Lithium Compounds; Safety Engineering; Capacity Fading; Electrochemical Performance; Energy; Energy Utilization Efficiency; Fast Charging; Graphite Anode; Ion Batteries; Lithium Ions; Lithium Plating; Storage Systems; Lithium-ion Batteries"
"Multiscale interfacial stress evolution and regulation strategies for lithium metal deposition in solid-state batteries","2025","Energy Storage Materials","10.1016/j.ensm.2025.104510","https://www.scopus.com/inward/record.uri?eid=2-s2.0-105012307963&doi=10.1016%2Fj.ensm.2025.104510&partnerID=40&md5=53c8e2ef7eeb0000c56f20446cc230d8","Solid-state lithium metal batteries are regarded as the next-generation battery systems with high energy density and enhanced safety. However, during the dynamic evolution of the solid electrolyte/electrode interface, the uneven stress distribution typically causes instability at the interface, obstructing lithium-ion transport and significantly affecting the long-term cycling stability of solid-state lithium metal batteries. This study examines the impact of interface stress evolution at various scales (microscopic, mesoscopic, and macroscopic), investigating the stress evolution mechanism at the solid electrolyte/lithium metal anode interface and exploring its regulatory effect on lithium metal growth behavior across different scales. It also explores various strategies for interface regulation from a multi-scale approach. Furthermore, it reviews advanced characterization techniques that enable targeted understanding of stress evolution at the interface. In conclusion, the challenges and future directions for the development of solid-state lithium metal batteries are summarized. © 2025 Elsevier B.V., All rights reserved.","Growth Behavior; Interface Stress Evolution; Multi-scale; Regulation Mechanism; Solid-state Lithium Metal Batteries; Anodes; Lithium; Lithium-ion Batteries; Solid Electrolytes; Solid State Devices; Solid-state Batteries; Superconducting Materials; Growth Behavior; Interface Stress; Interface Stress Evolution; Interfacial Stress; Lithium Metals; Metal Deposition; Multi-scales; Regulation Mechanisms; Solid-state Lithium Metal Battery; Stress Evolution; Interface States"
"Excess-lithium-free LLZO enabling fast ion conduction and ultra-low interfacial resistance for solid-state lithium metal batteries","2025","Energy Storage Materials","10.1016/j.ensm.2025.104482","https://www.scopus.com/inward/record.uri?eid=2-s2.0-105012306767&doi=10.1016%2Fj.ensm.2025.104482&partnerID=40&md5=6b52eed09a8093d392b695fd3f89ec99","Garnet-type La<inf>6.25</inf>Ga<inf>0.25</inf>La<inf>3</inf>ZrO<inf>12</inf> (LLZO:Ga) is a leading solid electrolyte for next-generation solid-state lithium batteries (SSLBs), yet its widespread adoption is hindered by the routine need for excess lithium and protective powder coverings during synthesis, both of which increase costs and compromise interface stability. Here, we present a scalable, excess-lithium-free synthesis of LLZO:Ga that achieves ultrafast Li-ion conductivity of 1.64(3) × 10–3 S/cm at 25 °C, surpassing many Li-rich counterparts. Molecular dynamics simulations reveal that excess lithium blocks diffusion pathways, hindering ion mobility and cooperative hopping. Remarkably, the zero-Li-excess LLZO:Ga delivers ultralow interfacial resistance (∼5 Ω·cm2) in symmetric Li|LLZO:Ga|Li cells, enabling stable cycling beyond 700 h at 0.2 mA/cm2 with minimal overpotential (∼60 mV). Full cells paired with LiFePO<inf>4</inf> retain ∼96 % capacity over 80 cycles (at 0.1C), demonstrating practical viability. This work establishes a new benchmark in solid electrolyte design, achieving high conductivity, stable interfaces, and scalable processability without lithium excess. © 2025 Elsevier B.V., All rights reserved.","All-solid-state Batteries; Interfacial Resistance; Li-ion Conductivity; Solid Electrolyte; Zero Li-excess; Binary Alloys; Gallium Alloys; Gallium Compounds; Interface States; Ions; Iron Compounds; Lanthanum Compounds; Lithium; Lithium Alloys; Lithium Compounds; Lithium-ion Batteries; Molecular Dynamics; Phase Interfaces; Phosphorus Compounds; Solid State Devices; Solid-state Batteries; All-solid-state Battery; Fast Ion-conduction; Interface Stabilities; Interfacial Resistances; Li Ion Conductivities; Lithium Metals; Lithium-free; Solid-state Lithium Batteries; Ultra-fast; Zero Li-excess; Solid Electrolytes"
"Bifacial leaf-inspired tailored design for asymmetric quasi-solid-state electrolytes enabling high-performance lithium metal batteries","2025","Energy Storage Materials","10.1016/j.ensm.2025.104511","https://www.scopus.com/inward/record.uri?eid=2-s2.0-105012289072&doi=10.1016%2Fj.ensm.2025.104511&partnerID=40&md5=366bf10dc4aecc4462fa0843e121e9d5","Quasi-solid-state electrolytes (QSSEs) synergistically integrate the merits of solid and liquid electrolytes, offering exceptional promise for high-performance lithium metal batteries (LMBs). However, achieving concurrent high ionic conductivity, mechanical robustness, and favorable interfacial characteristics remains fundamentally challenging for QSSEs. Inspired by bifacial leaf architecture, we develop an asymmetric QSSE (AQSE) featuring spatially differentiated functionality. The cathode side incorporates polyimide (PI) matrices composited with in-situ grown ZIF-67 crystals, enhancing electrochemical stability and enabling efficient ion transport through ordered pores. On the anode side, a polydopamine-coated multilayer concave SiO₂ (MLC@PDA) coating concurrently improves mechanical robustness and electrode/electrolyte interfacial compatibility. This tailor-made biomimetic asymmetry yields superior electrochemical performance metrics, including a high ionic conductivity of 3.52 × 10−3 S cm−1, a wide electrochemical stability window of 5.06 V, and excellent interfacial properties. In Li−Li symmetric cells, the AQSE maintains stable Li plating/stripping for over 2500 h, while Li−LFP full cells with AQSE exhibit 91 % capacity retention after 1000 cycles at 1 C. © 2025 Elsevier B.V., All rights reserved.","Asymmetric Structure; Bifacial Leaf Structure; Lithium Metal Batteries; Quasi-solid State Electrolytes; Biomimetics; Electrodes; Lithium; Lithium Batteries; Silicon Compounds; Solid Electrolytes; Solid-state Batteries; Asymmetric Structures; Bifacial Leaf Structure; Electrochemical Stabilities; Leaf Structure; Liquid Electrolytes; Lithium Metal Battery; Lithium Metals; Mechanical Robustness; Performance; Quasi-solid State Electrolytes; Ionic Conductivity"
"Quantitative decoupling of electrode expansion, electrolyte depletion, and dead sodium in low-temperature storage cylindrical sodium-ion cell","2025","Energy Storage Materials","10.1016/j.ensm.2025.104495","https://www.scopus.com/inward/record.uri?eid=2-s2.0-105012288665&doi=10.1016%2Fj.ensm.2025.104495&partnerID=40&md5=51d1e8d19eada2bd5b96e8a9833e3786","Sodium-ion batteries (SIBs) exhibit promising potential for low temperature (LT) energy storage, yet their capacity decay mechanisms under LT conditions remain insufficiently investigated. Herein, we report the coupled mechanisms of Full cell - Electrode - Material/Interface, and quantitative analysis of electrode expansion, electrolyte depletion, and dead sodium of 100 % SOC NaCuFeMnO<inf>2</inf> || Hard Carbon cylindrical SIBs during prolonged storage at -20 ℃. Based on multimodal in situ/ex situ characterization methodologies, we found a new capacity fade mechanism of LT storage, which reversible capacity loss (1–3 months) dominated by electrolyte depletion and charge transfer polarization, transitioning to irreversible capacity loss caused by interface deterioration and dead sodium accumulation (>3 months). Interestingly, we quantitatively analyzed the changes in the expansion rate and dead sodium content of the anode electrode at different positions (inner, center, and outer region) and revealed unprecedented heterogeneous degradation patterns: anode electrode degradation dominates system failure, inner region and exhibit higher expansion and greater dead sodium accumulation compared to center and outer regions. Consequently, optimizing cell performance under LT conditions necessitates careful optimization of coating parameters, winding architectures, and electrolyte filling volumes during cell design. © 2025 Elsevier B.V., All rights reserved.","Capacity Coupled Fade Mechanism; Cylindrical Sodium-ion Cell; Low Temperature Storage; Quantitative Analysis; Anodes; Decay (organic); Deterioration; Electrochemical Electrodes; Electrolytes; Expansion; Nitrogen Compounds; Sodium; Sodium Compounds; Sodium-ion Batteries; Storage (materials); Anode Electrodes; Capacity Coupled Fade Mechanism; Cylindrical Sodium-ion Cell; Decouplings; Electrolyte Depletion; Low Temperature Conditions; Low Temperature Energy; Low-temperature Storage; Sodium Ion Batteries; Sodium Ions; Temperature"
"High-efficiency NaCl presodiation agent for sodium-ion batteries","2025","Energy Storage Materials","10.1016/j.ensm.2025.104500","https://www.scopus.com/inward/record.uri?eid=2-s2.0-105012286097&doi=10.1016%2Fj.ensm.2025.104500&partnerID=40&md5=ad52c20ba1adfa98de2030b4fc7d017c","In the ordinary sodium-ion batteries, irreversible sodium loss during the initial cycle is inevitable, significantly reducing the initial Coulombic efficiency and operational lifespan. In this work, sodium chloride (NaCl) was developed as a low-cost, non-toxic and high-efficient presodiation agent for Na-ion batteries. The facilely prepared NaCl/Ketjen Black composite can deliver a presodiation capacity of 457 mAh g−1 below 4.2 V. Innovatively, instead of direct cathode incorporation, NaCl is applied as a presodiation layer on commercial polypropylene separators, ensuring homogeneous sodium compensation while avoiding structural damage to the Na<inf>3</inf>V<inf>2</inf>(PO<inf>4</inf>)<inf>3</inf> cathode. In Na<inf>3</inf>V<inf>2</inf>(PO<inf>4</inf>)<inf>3</inf>||hard carbon full cells, this approach fully offsets initial sodium loss, achieving a 46.8 % increase in initial discharge capacity (115 mAh g−1) and an ideal 100 % initial Coulombic efficiency. Mechanistic studies confirm NaCl's irreversible decomposition without harmful Cl<inf>2</inf> byproducts, while residual Cl species do not impede charge transfer. The strategy boosts energy density by 29 % (186 Wh kg−1) and demonstrates scalability for practical applications. This work presents a cost-effective and industrially scalable strategy to mitigate irreversible sodium loss, advancing the development of high-energy-density and long-cycle-life sodium-ion batteries. © 2025 Elsevier B.V., All rights reserved.","Initial Coulombic Efficiency; Nacl; Presodiation Layer; Sodium-ion Batteries; Byproducts; Cathodes; Charge Transfer; Cost Effectiveness; Metal Ions; High Efficient; Higher Efficiency; Initial Coulombic Efficiency; Lifespans; Low-costs; Na-ion Batteries; Non-toxic; Presodiation Layer; Sodium Chloride (nacl); Sodium Ion Batteries; Sodium Chloride; Sodium-ion Batteries"
"Unveiling the Peierls effect during electrochemical delithiation/lithiation process in magnesium (2,5-dilithium-oxy)-terephthalate using combined experimental and computational studies","2025","Energy Storage Materials","10.1016/j.ensm.2025.104456","https://www.scopus.com/inward/record.uri?eid=2-s2.0-105012254785&doi=10.1016%2Fj.ensm.2025.104456&partnerID=40&md5=5520e616ebd8eeae9801dc23cd41dd5e","Organic host electrode materials offer a promising route for the development of sustainable secondary batteries, with reduced resource dependency and eco-friendly synthesis. However, the understanding of insertion mechanisms remains complex, primarily due to the challenges associated with resolving the crystal structures of these materials especially with lithiated structures. This study investigates the phase transformation pathways occurring in magnesium (2,5-dilithium-oxy)-terephthalate during the electrochemical reversible extraction/uptake of lithium. A combination of advanced techniques, including electron diffraction tomography, powder X-ray diffraction, and density functional theory calculations, was successfully employed to elucidate the crystal structure of this electrode material. The structure exhibits a compact layered arrangement (2.189 g cm⁻³) and a distinctive coordination environment surrounding the phenolate group, which involves both Li⁺ and Mg2+ ions. The Mg2+ ion, exhibiting a high ionic potential, mitigates the donor inductive effect of the conjugated CO⁻/CO<inf>2</inf>⁻ groups, resulting in a high working potential for this n-type redox-active organic skeleton, comparable to that of LiFePO<inf>4</inf>. The electrochemical solid-state process, studied using operando synchrotron X-ray diffraction, revealed an asymmetric delithiation/lithiation mechanism, linked to Peierls-distorted π-stacks of radicals, confirmed by DFT calculations and electron spin resonance experiments. Finally, analysis of the electronic structure of the semiquinone Mg(Li<inf>1</inf>)-p-DHT• phase, with spin-coupled diamagnetic dimers, showed that removal of the second electron (resulting in the quinone form) is unfavorable due to the weakening or destruction of the carboxylate C=O bond. This observation sheds light on the limited capacity of p-DHT-based compounds, which typically reach only half of their theoretical capacity due to the occurrence of the Kolbe electrolysis reaction. © 2025 Elsevier B.V., All rights reserved.","Carboxyphenolate; Electron Crystallography; Electron Diffraction Tomography; Lithiated Organic Electrode Materials; Organic Batteries; Complexation; Computation Theory; Crystal Structure; Density Functional Theory; Electrochemical Electrodes; Electron Diffraction; Electron Spin Resonance Spectroscopy; Electrons; Lithium Compounds; Magnesium; Magnesium Compounds; Quinone; X Ray Crystallography; X Ray Diffraction; Carboxyphenolate; Diffraction Tomography; Electrochemicals; Electrode Material; Electron Crystallography; Electron Diffraction Tomography; Lithiated Organic Electrode Material; Organic Battery; Organic Electrodes; Organics; Carboxylation; Electronic Structure; Redox Reactions"
"Boosting high-loading zinc-ion battery performance: Zn-Doped δ-MnO2 cathodes to promote Zn2+ storage","2025","Energy Storage Materials","10.1016/j.ensm.2025.104486","https://www.scopus.com/inward/record.uri?eid=2-s2.0-105012221915&doi=10.1016%2Fj.ensm.2025.104486&partnerID=40&md5=75bd7e1c431416f1d63f74674cceb502","Rechargeable aqueous zinc-ion batteries (AZIBs) have emerged as a leading contender for stationary energy storage systems due to their low cost, safety, and environmental sustainability. However, their widespread practical application is hindered by the limited stability and capacity of current AZIB cathodes, such as manganese oxide (MnO<inf>2</inf>), which affects their long-term cost-effectiveness. To overcome this limitation, we introduce zinc (Zn) doping in δ-MnO<inf>2</inf>, which modulates the electronic states of Mn atoms, suppresses Jahn–Teller distortion, and enhances structural stability. Additionally, the use of a binder-free, self-supported porous electrode without current collectors facilitates three-dimensional ion diffusion, further improving electrochemical performance. As a result, the assembled AZIBs demonstrate outstanding rate capability, delivering 440 mAh∙g-1 at 0.2 A∙g-1 and retaining 118 mAh∙g-1 at 24 A∙g-1 for Zn-doped δ-MnO<inf>2</inf>, outperforming the bare δ-MnO<inf>2</inf> with 356 mAh∙g-1 at 0.2 A∙g-1 and 80 mAh∙g-1 at 24 A∙g-1. Additionally, the Zn-doped δ-MnO<inf>2</inf> exhibits excellent cycling performance with ∼100 % capacity retention after 6000 cycles at 150 mAh∙g-1 at 10 A∙g-1. Furthermore, Zn-doped MnO<inf>2</inf> electrodes integrated with carbon nanotubes achieve a high capacity of ∼210 mAh∙g-1, even at an ultrahigh mass loading (∼20 mg∙cm-2) at 0.6 mA∙g-1. While energy storage in MnO<inf>2</inf> involves the reaction and insertion of H+, Mn2+, and Zn2+ cations, density functional theory calculations reveal that Zn intercalation is the dominant storage mechanism in these cells. Overall, this study highlights the potential of Zn-doped MnO<inf>2</inf> cathodes as a promising strategy for advancing the stability, capacity, and rate performance of next-generation AZIBs. © 2025 Elsevier B.V., All rights reserved.","Binder-free; High-capacity Retention; Self-supporting Electrode; Zinc-ion Battery; Zn Storage Mechanism; Zn-mno2; Binders; Cathodes; Cost Effectiveness; Energy Storage; Ions; Stability; Yarn; Zinc; Zinc Compounds; Binder Free; Capacity Retention; High Capacity; High-capacity; High-capacity Retention; Ion Batteries; Mno 2; Self-supporting Electrode; Storage Mechanism; Zinc Ions; Zinc Storage Mechanism; Zinc-ion Battery; Zinc-mno2; Density Functional Theory; Manganese Oxide"
"Interface regulation mechanisms and research progress of organic small-molecule additives in aqueous zinc-ion batteries","2025","Energy Storage Materials","10.1016/j.ensm.2025.104483","https://www.scopus.com/inward/record.uri?eid=2-s2.0-105012156650&doi=10.1016%2Fj.ensm.2025.104483&partnerID=40&md5=92d8eed54ba96d379568d6798ba0d87f","Dendrite growth and side reactions in zinc anodes of aqueous zinc-ion batteries (AZIBs) severely limit their practical applications. This review systematically summarizes 8 fundamental mechanisms of organic small-molecule additives in stabilizing zinc anodes from the perspective of electrode/electrolyte interface regulation, including inducing nucleation, electrostatic-shielding effect, in-situ forming solid-electrolyte interphase (SEI) layer, adjusting solvation structure, regulating electrodeposition orientation, reconstructing electric double-layer, altering hydrogen bond network, and regulating the pH. We first thoroughly analyze the dendrite formation mechanisms and side reaction nature at zinc anode interfaces, revealing the root causes of interfacial instability. Moreover, we categorize and discuss the influence patterns of functional organic small-molecule additives on zinc deposition behavior, electrolyte physicochemical properties, and electrochemical performance, emphasizing their multi-scale action mechanisms. Finally, addressing current challenges, we propose forward-looking strategies including constructing multifunctional synergistic additive systems, developing in-situ characterization techniques for dynamic interface processes, and establishing theoretical models of additive structure-activity relationships. This review establishes a systematic theoretical framework for the rational design of organic small-molecule additives in aqueous zinc-ion batteries. © 2025 Elsevier B.V., All rights reserved.","Aqueous Zinc-ion Batteries; Electrode/electrolyte Interface Regulation; Organic Small-molecule Additives; Zinc Anode; Additives; Hydrogen Bonds; Ions; Molecules; Network Layers; Phase Interfaces; Physicochemical Properties; Secondary Batteries; Solid Electrolytes; Zinc; Zinc Deposits; Zinc Plating; Aqueous Zinc-ion Battery; Electrode-electrolyte Interfaces; Electrode/electrolyte Interface Regulation; Ion Batteries; Organic Small Molecule; Organic Small-molecule Additive; Regulation Mechanisms; Side Reactions; Zinc Anodes; Zinc Ions; Anodes"
"Single fluorosilane ester additive for F/Si-enriched inorganic interphases enabling durable high-voltage graphite/LiCoO2 pouch cells","2025","Energy Storage Materials","10.1016/j.ensm.2025.104501","https://www.scopus.com/inward/record.uri?eid=2-s2.0-105012153248&doi=10.1016%2Fj.ensm.2025.104501&partnerID=40&md5=ee444a5cdad1af2af373ed9c0e744c3f","An unstable interphase at the electrode/electrolyte interface poses a critical challenge for conventional carbonate-based electrolytes in achieving both enhanced energy density and long cycle life in lithium-ion batteries (LIBs). This study introduces ethyl 2, 2-difluoro-2-trimethylsilylacetate (DFAE) as a novel electrolyte additive designed to concurrently regulate the interphases of both the LiCoO<inf>2</inf> (LCO) cathode and graphite (Gra) anode. Incorporating 1 % DFAE into the electrolyte significantly improves the capacity retention across different cell configurations: from 36 % to 84 % in LCO/Li half-cell, from 57 % to 96 % in Gra/Li half-cell, and from 50 % to 80 % in LCO/Gra full-cell. Theoretical calculations and spectroscopic analyses demonstrate that DFAE preferentially undergoes redox reactions, leading to the formation of stable F/Si-enriched cathode electrolyte interphase (CEI) on LCO and solid electrolyte interphase (SEI) on graphite. This F/Si-rich nature enhances the structural robustness of the CEI/SEI, suppresses high-voltage-induced electrolyte degradation, and promotes efficient Li+ (de)intercalation dynamics. Furthermore, DFAE exhibits strong affinity for detrimental F− ions, effectively scavenging acidic species and preserving the surface integrity of the LCO cathode. In-situ XRD analysis reveals that the CEI/SEI generated by DFAE significantly enhances the cycling reversibility of the LCO/Gra full-cell, facilitating more uniform Li+ (de)intercalation and maintaining the overall integrity of both electrodes. The dual interphase modulation enabled by a single DFAE additive provides valuable insights into screening electrolyte additive for high-energy-density LIBs with superior performance. © 2025 Elsevier B.V., All rights reserved.","Electrolyte Additive; High Voltage; Interfacial Chemistry; Pouch Cell; Scavenging Effect; Additives; Cathodes; Cobalt Compounds; Fluorine Compounds; Graphite; Intercalation; Lithium Compounds; Lithium-ion Batteries; Silicon; Silicon Compounds; Solid Electrolytes; Surface Chemistry; Electrolyte Additives; Half Cells; High-voltages; Ion Batteries; Licoo 2; Licoo 2 Cathode; Lithium Ions; Pouch Cell; Scavenging Effect; Solid Electrolyte Interphase; Redox Reactions; Spectroscopic Analysis"
"Dual-interface engineering via boron pre-anchoring and electronegative synergy for coupled ion transport and self-stabilizing interphases in lithium metal batteries","2025","Energy Storage Materials","10.1016/j.ensm.2025.104466","https://www.scopus.com/inward/record.uri?eid=2-s2.0-105012142221&doi=10.1016%2Fj.ensm.2025.104466&partnerID=40&md5=841a4a14cb154478c4dadfaa4e4479af","Lithium metal anodes hold immense promise for next-generation high-energy-density batteries due to their outstanding theoretical capacity and low electrochemical potential. Despite these advantages, their practical implementation remains restricted by the unstable solid electrolyte interphase (SEI) and the uncontrollable lithium dendrite growth, which compromise cycling stability and safety. In this work, we propose a dual-interface engineering approach involving boron pre-anchoring in lithium anodes and coordination with electronegative components. This design establishes coupled mechanisms for ion transport optimization and self-stabilizing interphase formation through a hierarchical interface architecture. Theoretical simulations reveal that pre-embedded boron atoms lower the adsorption energy for lithium-ion diffusion while directing homogeneous metal deposition. Consequently, symmetric cells deliver stable Li plating/stripping behavior for over 2500 h at 0.5 mA cm-2. Full cells paired with LiCoO<inf>2</inf> retain 92 % capacity after 200 cycles, while Li-B||NCM811 pouch cells (6.5Ah) exhibit a high energy density of 526 Wh kg⁻¹ and maintain 95 % capacity retention after 60 cycles. The interfacial design principles provide a blueprint for synchronizing ion transport kinetics and chemical stability in high-performance lithium metal batteries. © 2025 Elsevier B.V., All rights reserved.","Chemical Pre-anchoring Strategy; Hierarchical Interface Architecture; Interface Design; Lithium Metal Anode; Anodes; Boron; Boron Compounds; Chemical Bonds; Ions; Lithium; Lithium Compounds; Lithium-ion Batteries; Solid Electrolytes; Anchorings; Chemical Pre-anchoring Strategy; Hierarchical Interface; Hierarchical Interface Architecture; Interface Architecture; Interface Designs; Interface Engineering; Ion-transport; Lithium Metal Anode; Lithium Metals; Chemical Stability"
"Facile gel polymer electrolyte enabling fast charging of quasi-solid-state lithium metal batteries at −40°C","2025","Energy Storage Materials","10.1016/j.ensm.2025.104494","https://www.scopus.com/inward/record.uri?eid=2-s2.0-105012137659&doi=10.1016%2Fj.ensm.2025.104494&partnerID=40&md5=670cc763f07dc2fea83e71da4301df2d","Gel polymer electrolytes (GPEs) are promising for lithium metal batteries (LMBs) due to their high ionic conductivities and excellent mechanical properties. However, conventional GPEs often underperform at low temperatures and high rates. Herein, we develop a low-temperature fast-charging GPE (LFGPE) by incorporating LiPO<inf>2</inf>F<inf>2</inf> as an additive into a LiBF<inf>4</inf>/DOL/FEC-based precursor. The LFGPE exhibits a high ionic conductivity of 0.49 mS cm−1 (−40 °C). Notably, PO<inf>2</inf>F<inf>2</inf>− participates in Li+ solvation structures at −40 °C, competing with poly-DOL and BF<inf>4</inf>−, which weakens their tight coordination with Li+. Moreover, LiPO<inf>2</inf>F<inf>2</inf> exhibits a narrow gap of HOMO-LOMO energy level, preferentially decomposing and inducing formation of P-containing solid electrolyte interphase (SEI). Thus, the LFGPE system generates inorganic-rich SEI containing Li<inf>3</inf>PO<inf>4</inf>, which accelerates Li+ desolvation and Li+ migration across the SEI, improving Li+ transport kinetics and interfacial stability at −40 °C. Consequently, Li//LiCoO<inf>2</inf> (LCO) cells with the LFGPE yield a high reversible capacity of 128 mAh g−1 at 1 C (−40 °C). Impressively, the LFGPE even enables Li//LCO cells to sustain over 200 cycles under 3 C charging/1 C discharging at −40 °C. This work offers an effective approach of simultaneously enhancing ion transport kinetics and interfacial stability to develop quasi-solid-state LMBs with low-temperature fast charging capability. © 2025 Elsevier B.V., All rights reserved.","Additive; Fast Charging; Gel Polymer Electrolyte; Interfacial Stability; Low Temperatures; Fast Charging (batteries); Fluorine Compounds; Ionic Conductivity; Lead Compounds; Lithium; Lithium Compounds; Lithium-ion Batteries; Phosphorus Compounds; Polonium Alloys; Seebeck Effect; Solid Electrolytes; Solid-state Batteries; Temperature; Fast Charging; Gel Polymer Electrolytes; Interfacial Stabilities; Kinetic Stability; Li +; Lithium Metals; Lows-temperatures; Quasi-solid State; Solid Electrolyte Interphase; Transport Kinetic; Additives"
"Bilayer interphase engineering enabling practical anode-free lithium metal batteries","2025","Energy Storage Materials","10.1016/j.ensm.2025.104497","https://www.scopus.com/inward/record.uri?eid=2-s2.0-105011979545&doi=10.1016%2Fj.ensm.2025.104497&partnerID=40&md5=894e5bc96d853205f702cedb46d9aeb7","The continuous lithium consumption between the interphase of electrolyte and lithium metal has primary influence for limited lifespan of anode-free lithium metal batteries (AFLMBs). Herein, an effective concept of using bilayer interphase engineering to regulate the nanoscale structure of the deposited Li has been proposed to enhance the cycling lifespan of AFLMBs. The nanoscale bilayer structure is tailored through magnetron sputtering. The inner layer is dominated by high-entropy alloy (HEA, CuInCdSnZn) to improve lithiophilicity. The outer layer contains lithium fluoride (LiF) to improve homogeneity, leading to reversible Li plating/stripping and mitigating reconstruction of solid-electrolyte interphase (SEI). Benefiting from the bilayer design, the coin cell consisting of a Cu-HEA-F anode and a high-loading cathode (NCM811, 10.5 mg cm−2) performs 35 cycles at discharge rates of 0.5 C, significantly outperforming for bare Cu. Large-capacity pouch cells (1.5/2.5 Ah) with high-loading cathode (7.6 mAh cm−2, single side) and lean electrolyte (1.6 g Ah−1), achieve high-energy density of 360/380 Wh kg−1 and lifespan about 20 cycles. © 2025 Elsevier B.V., All rights reserved.","Anode-free Lithium Metal Battery; Bilayer Interphase Engineering; High-entropy Alloy; Lithium Fluoride; Anodes; Binary Alloys; Cathodes; Copper Alloys; Entropy; Fluorine Compounds; High-entropy Alloys; Indium Alloys; Lithium Alloys; Lithium Batteries; Magnetron Sputtering; Solid Electrolytes; Tin Alloys; Anode-free Lithium Metal Battery; Bi-layer; Bilayer Interphase Engineering; High Entropy Alloys; High Loadings; Lifespans; Lithium Fluoride; Lithium Metals; Nano Scale; Nanoscale Structure; Lithium Fluoride"
"Challenges and rational design approaches of high-energy-density rechargeable zinc-sulfur batteries","2025","Energy Storage Materials","10.1016/j.ensm.2025.104498","https://www.scopus.com/inward/record.uri?eid=2-s2.0-105011954831&doi=10.1016%2Fj.ensm.2025.104498&partnerID=40&md5=8298964a7c54b0ba1ff6389588cdea31","Rechargeable zinc-sulfur (Zn-S) batteries have attracted considerable attention owing to their advantages of low cost, high safety, and high energy density. Despite facing critical challenges such as low electrical conductivity, sluggish reaction kinetics, and polysulfide shuttle effect, the latest advancements in active material design and electrolyte engineering have brought about significant breakthroughs. In this review, we first delve into the electrochemistry differences and key challenges of Zn-S batteries in both aqueous and nonaqueous electrolyte systems. Then, several effective approaches at the cathode side, including electrocatalytic function, host architecture design, selenium/tellurium incorporating, hybrid configuration with Cu2+ charge carrier, and electrolyte engineering, are summarized to improve reaction kinetics and cycling stability. Further breakthroughs will rely on integrating S structure/morphology regulation, interface design, anode optimization and multi-scale characterizations. This review contributes to more comprehensive understanding in the reaction mechanisms and constructive strategies, which is expected to further facilitate the rapid development and practical application of high-energy-density Zn-S batteries. © 2025 Elsevier B.V., All rights reserved.","Electrochemistry; Host Architecture; Polysulfides; Reaction Kinetics; Zn-s Batteries; Association Reactions; Electrocatalysis; Electrolytes; Kinetics; Sulfur; Sulfur Compounds; Zinc; Zinc Compounds; Critical Challenges; Design Approaches; High Safety; Higher Energy Density; Host Architecture; Low-costs; Polysulphides; Rational Design; Zinc Sulfur; Zinc-sulphur Battery; Reaction Kinetics"
"Designing bionic ion pumps in the electrolyte for stable Zn metal anodes","2025","Energy Storage Materials","10.1016/j.ensm.2025.104499","https://www.scopus.com/inward/record.uri?eid=2-s2.0-105011871969&doi=10.1016%2Fj.ensm.2025.104499&partnerID=40&md5=449ef8c12b4eb8d572c5bf136cc95cb3","Zn metal anodes with dendrite growth that driven by heterogeneous ion distribution, limit their application in high-energy-density batteries. Here, we pioneer liquid metal-organic framework (MOF) as a built-in bionic ion pump into the electrolyte, unlike conventional solid MOF, to stabilize Zn metal anodes. The inherent pores of liquid MOF of UiO-66 and the strong electrostatic interactions between the oxygen-containing atoms and Zn2+ can effectively promote the homogenization and pumping of Zn2+, thus achieving the uniform bulk ion distribution. Meanwhile, the exposed metal sites and the anchoring effect of -CH<inf>2</inf> on OTf⁻ further strengthen ion regulation effect. Consequently, Zn dendrites are effectively suppressed, and the V<inf>2</inf>O<inf>5</inf>||Zn pouch cell exhibits a capacity retention of 80.1 % and low gassing behavior after 600 cycles at 1 A g⁻1 compared to the control group (56.6 %). Remarkably, the liquid UiO-66 also demonstrates universal applicability in Li and Na metal anodes, where the capacity retention of the LiFePO<inf>4</inf>||Li cell improves from 57.8 % to 92.8 % after 150 cycles, and the Na<inf>3</inf>V<inf>2</inf>(PO<inf>4</inf>)<inf>3</inf>||Na cell shows an increase from 82.7 % to 94.1 % after 5600 cycles. © 2025 Elsevier B.V., All rights reserved.","Electrolyte; Ion Pumps; Liquid Uio-66; Zn Dendrites; Zn Metal Anodes; Crystalline Materials; Dendrites (metallography); Ions; Pumps; Sodium; Sodium Compounds; Vanadium Pentoxide; Capacity Retention; Dendrite Growth; Ion Pumps; Ions Distribution; Liquid Metal-organic Frameworks; Liquid Uio-66; Metal Anodes; Zn 2+; Zn Dendrite; Zn Metal Anode; Anodes"
"Anode-free sodium metal batteries: Synergistic breakthroughs in material design and interfacial engineering","2025","Energy Storage Materials","10.1016/j.ensm.2025.104491","https://www.scopus.com/inward/record.uri?eid=2-s2.0-105011860193&doi=10.1016%2Fj.ensm.2025.104491&partnerID=40&md5=17835ea85b044d7a664e81870f3d45c0","Anode-free sodium metal batteries (AFSMBs) have garnered increasing attention due to their high theoretical energy density, safety, and cost-effectiveness. However, the practical deployment of AFSMBs is impeded by challenges such as sodium dendrite formation, solid electrolyte interphase (SEI) formation, and volume expansion. While various studies have proposed solutions to address these issues, there is a lack of comprehensive and systematic reviews. In this review, we first provide a comprehensive overview of the operating principles and fundamental requirements of AFSMBs. It then examines the major challenges these batteries face, along with strategies proposed to enhance their performance. These strategies include current collector modification, electrolyte design, and the implementation of synergistic measurement protocols. Finally, this review emphasizes the importance of an integrated approach that combines materials innovation, a deeper understanding of underlying mechanisms, and practical application considerations. Future research directions to overcome ongoing scientific and engineering challenges are also discussed, ultimately contributing to the development of commercially viable AFSMBs capable of revolutionizing the next generation of energy storage systems. © 2025 Elsevier B.V., All rights reserved.","Afsmbs; Anode-free Sodium Metal Batteries; Current Collector; Electrolyte; Measurement Protocols; Mechanism; Anode Materials; Anodes; Cost Effectiveness; Sodium; Solid Electrolytes; Solid-state Batteries; Afsmbs; Anode-free Sodium Metal Battery; Current-collector; Dendrite Formation; Energy Cost; Energy Density; Energy Safety; Materials Design; Measurement Protocol; Solid Electrolyte Interphase; Electric Current Collectors"
"Constructing vertical Li+ transport “Highways” and interface regulation of composite solid electrolytes for ultra-stable lithium metal batteries","2025","Energy Storage Materials","10.1016/j.ensm.2025.104492","https://www.scopus.com/inward/record.uri?eid=2-s2.0-105011844191&doi=10.1016%2Fj.ensm.2025.104492&partnerID=40&md5=1e811411fbf36fd3a0272976d7a1555d","Three-dimensional (3D) interconnected composite solid electrolytes (CSEs) hold significant promise for solid-state batteries by leveraging the combined strengths of ceramic and polymer electrolytes. However, optimizing ion transport in 3D-CSEs remains challenging, with unclear underlying mechanisms. Here, a CSE (marked as 3D-LATP) is developed by integrating 3D vertically aligned Li<inf>1.3</inf>Al<inf>0.3</inf>Ti<inf>1.7</inf>(PO<inf>4</inf>)<inf>3</inf> (LATP) framework with infiltrated poly(vinylidene fluoride-co-trifluoroethylene-co-chlorofluoroethylene) (P(VDF-TrFE-CFE)) and lithium bis(fluorosulfonyl)imide. The multipath Li+ transfer mechanism and enhanced interfacial stability are thoroughly investigated. The vertically aligned LATP structure provides efficient ion transport “highways” and robust mechanical support. LATP also induces more generation of high dielectric constant β-crystalline phase in PVDF, thereby enhancing ionic transport kinetics at the ceramic/polymer interface. Strong LATP−N, N-dimethylformamide interactions enhance electrochemical stability with lithium metal. The high-dielectric polymer interlayer at the Li|CSE interface enables uniform Li+ deposition, meanwhile significantly enhancing the safety property. As a result, compared to CSEs with an equal amount of randomly distributed LATP fillers, the 3D-LATP electrolyte demonstrates markedly improved ambient ionic conductivity, lithium-ion transference number, and critical current density. Li||LiFePO<inf>4</inf> full cells achieve an outstanding cycle lifetime of 2500 cycles (at 1 C rate), presenting a promising approach for designing high-performance CSEs that ensure efficient ion transport and stable interfaces. © 2025 Elsevier B.V., All rights reserved.","3d Interconnected Composite Solid Electrolytes; Interface Stability; Multipath Li+ Transfer Mechanism; Solid-state Lithium Metal Batteries; Vertical Ceramic Framework; Aluminum Compounds; Ceramic Materials; Chlorine Compounds; Dielectric Materials; Fluorine Compounds; Interface States; Ionic Conduction; Ions; Lithium; Lithium Compounds; Lithium-ion Batteries; Phase Interfaces; Phosphorus Compounds; Solid State Devices; Solid-state Batteries; Composite Solid Electrolytes; Interface Stabilities; Li +; Lithium Metals; Multipath; Multipath Li+ Transfer Mechanism; Solid-state Lithium Metal Battery; Three-dimensional Interconnected Composite Solid Electrolyte; Transfer Mechanisms; Vertical Ceramic Framework; Solid Electrolytes"
"Thermal switches for lithium-ion battery thermal management: Principle, performance and application","2025","Energy Storage Materials","10.1016/j.ensm.2025.104481","https://www.scopus.com/inward/record.uri?eid=2-s2.0-105011831070&doi=10.1016%2Fj.ensm.2025.104481&partnerID=40&md5=8b8cbafa67cba6bdb1386304fa6537d6","Lithium-ion battery (LIB) is increasingly deployed in a wide range of applications. However, its temperature sensitivity presents two critical challenges: all-climate thermal management for efficient heat dissipation in high temperature environments and insulation in low temperature environments, and reversible protection for thermal runaway (TR). Thermal switches, as intelligent thermal management devices, have been shown to effectively address both challenges. Specifically, external thermal switches enable all-climate thermal management to reconcile low- and high-temperature operation, while internal thermal switches achieve reversible TR protection through temperature-responsive electrochemical modulation. This review discusses LIB thermal management (LIBTM) strategies based on thermal switches, detailing the operational principles of both external and internal thermal switches, and their critical roles in enhancing battery performance and safety across wide temperature ranges. The necessity of employing thermal switches in LIBTM systems is first explained, and their operational mechanisms, along with classification criteria, are introduced. The distinct action mechanisms of external and internal thermal switches are then analyzed, with an evaluation of their respective impacts on LIB performance. Finally, current challenges are identified, potential solutions are proposed, and key directions for future research in this emerging field are outlined. © 2025 Elsevier B.V., All rights reserved.","All-climate Thermal Management; Lithium-ion Battery; Reversibly Thermos-responsive Materials; Thermal Runaway Protection; Thermal Switches; Battery Management Systems; High Temperature Operations; Ions; Lithium Compounds; Low Temperature Operations; Temperature; Temperature Control; Thermal Management (electronics); All-climate Thermal Management; Battery Thermal Managements; Ion Batteries; Lithium Ions; Responsive Materials; Reversibly Thermos-responsive Material; Thermal; Thermal Runaway Protection; Thermal Runaways; Thermal Switch; Lithium-ion Batteries"
"Liquid metal-driven interfacial electrochemistry: Phase evolution mechanisms for enhanced Li/LLZTO contact at room temperature","2025","Energy Storage Materials","10.1016/j.ensm.2025.104488","https://www.scopus.com/inward/record.uri?eid=2-s2.0-105011764518&doi=10.1016%2Fj.ensm.2025.104488&partnerID=40&md5=ac56cc9b841bd705f407c57a89e54391","Coating molten Li on garnet-type solid-state electrolytes (SSEs) under high temperatures has long been adopted to achieve the desired interfacial contact between the two species, which, unfortunately, features inevitable side effects and safety hazards. Achieving close Li/SSE contact at room temperature, although highly attractive, remains a significant challenge. Addressing this, a GaIn liquid metal (G-LM) has been applied as an “interface filling and rectification agent”, enabling tight welding of the Li/G-LM/SSE interface at room temperature. Interestingly, this G-LM layer between the Li/SSE interface could be in-situ transformed into an electronic rectifier layer, which enables the subsequent uniform Li deposition and promotes migration of Li ions. Consequently, stable cycling up to 1400 h is achieved for Li//Li cells at 1.0 mA cm-2. Moreover, a solid-state battery equipped with LiFePO<inf>4</inf> cathode shows a long cycle life (1000 cycles at 1.05 mA cm-2). This work will promote the application of liquid metal in new energy storage batteries. © 2025 Elsevier B.V., All rights reserved.","Liquid Metal; Lithium Anode; Room Temperature Reactions; Solid-state Batteries; Electric Rectifiers; Iron Compounds; Lithium; Lithium Compounds; Lithium-ion Batteries; Phase Interfaces; Phosphorus Compounds; Rectifying Circuits; Solid Electrolytes; Solid State Devices; Solid State Reactions; Solid-state Batteries; Electrolyte Interfaces; Evolution Mechanism; Highest Temperature; Interfacial Contact; Lithium Anode; Phase Evolutions; Room Temperature Reaction; Side Effect; Solid State Batteries; Solid-state Electrolyte; Liquid Metals"
"A bioinspired flexible hydrogel electrolyte with β-sheet–directed interphase for dendrite-free Zn metal batteries","2025","Energy Storage Materials","10.1016/j.ensm.2025.104464","https://www.scopus.com/inward/record.uri?eid=2-s2.0-105011762850&doi=10.1016%2Fj.ensm.2025.104464&partnerID=40&md5=6ea1c4e5c5f8d58f65fcbdf325e4bd9d","Aqueous zinc-ion batteries (AZIBs) have attracted growing attention due to their intrinsic safety, low cost, and environmental compatibility. However, challenges such as zinc dendrite formation, electrode passivation, and parasitic side reactions continue to impede long-term cycling stability. Inspired by conformational transitions in natural proteins, we propose a biomimetic interfacial engineering strategy by introducing silk fibroin (SF) into a hydrogel electrolyte. Upon solvent induction, SF undergoes a structural transition from α-helix to β-sheet, forming a dense, ionically conductive interphase on the Zn anode. The ordered β-sheet network, enriched with Zn-affinitive polar groups, modulates Zn2+ solvation, guides deposition along the (002) crystal plane, and suppresses dendrite growth and side reactions. Density functional theory (DFT) and molecular dynamics (MD) simulations reveal the mechanism of solvation structure reconstruction and interfacial stabilization. Benefiting from this design, the β-SF hydrogel electrolyte enables stable Zn plating/stripping over 2500 hours at 1 mA cm−2, while the Zn//MnO<inf>2</inf> full cell retains 93.8 % capacity after 1500 cycles at 1.0 A g−1. Moreover, the fibrous and flexible configuration exhibits excellent mechanical durability and device compatibility. This work presents a protein-based interfacial strategy driven by conformational regulation, offering a new pathway toward high-performance, durable, and flexible AZIBs. © 2025 Elsevier B.V., All rights reserved.","Bioinspired Interfacial Engineering; Conformational Transition; Dendrite-free Deposition; Solvation Structure Regulation; Zn Anode Stabilization; Anodes; Biomimetics; Conformations; Deposition; Design For Testability; Durability; Hydrogels; Manganese Compounds; Passivation; Solvation; Zinc; Zinc Compounds; Bioinspired Interfacial Engineering; Conformational Transitions; Dendrite-free Deposition; Hydrogel Electrolytes; Ion Batteries; Side Reactions; Solvation Structure; Solvation Structure Regulation; Zinc Ions; Zn Anode Stabilization; Stabilization"
"Emerging non-carbon cathodes for advanced mild aqueous Zn-ion capacitors","2025","Energy Storage Materials","10.1016/j.ensm.2025.104476","https://www.scopus.com/inward/record.uri?eid=2-s2.0-105011761170&doi=10.1016%2Fj.ensm.2025.104476&partnerID=40&md5=8af99e0dde38c013fab974f82e5faad0","Conventional Zn-ion capacitors (ZICs) predominantly utilize carbonaceous cathodes in carbon//Zn configurations, leveraging surface-dominated ion adsorption/desorption to deliver high power density and prolonged cycle life. As carbon-based systems approach their performance ceiling, cathode evolution is increasingly pivoting toward non-carbon materials. While prior reviews have acknowledged their existence, a comprehensive review remains absent. Herein, this review systematically charts the paradigm shift to non-carbon cathodes, dissecting their Zn-ion storage mechanisms and performance landscapes. Emerging non-carbon cathodes are categorized as pseudocapacitive-type (MXenes, transition metal compounds, organics, etc.) and battery-type (V/Mn-based compounds, Prussian blue analogs), with rigorous evaluation of voltage window, specific capacitance, energy/power density, rate capability, and cycle stability. Persistent scientific challenges, including restricted theoretical capacitance, suboptimal electrolyte compatibility, material dissolution, structural degradation, and sluggish storage kinetics, are critically discussed. The review further analyzes optimization strategies across material design, structural modulation, and electrolyte formulation refinement to solve these challenges. Looking forward, we propose targeted research priorities to propel non-carbon cathodes beyond current constraints. This review underscores the translational potential of non-carbon cathodes in redefining the performance frontiers of mild aqueous ZICs, ultimately harmonizing high energy/power density, ultrafast storage kinetics, and robust durability. © 2025 Elsevier B.V., All rights reserved.","Aqueous Zn-ion Capacitor; Battery-type; Challenge And Strategy; Pseudocapacitive-type; Zn-ion Storage Mechanism; Carbon; Carbon Cycle; Cathode Materials; Cathodes; Durability; Electrolytes; Ions; Manganese Compounds; Storage (materials); Supercapacitor; Zinc Compounds; Aqueous Zn-ion Capacitor; Battery-type; Challenge And Strategy; Ion Storage; Pseudocapacitive; Pseudocapacitive-type; Storage Mechanism; Zn Ions; Zn-ion Storage Mechanism; Capacitance"
"A cross-linked AB-type alternating perfluoroalkyl-ethylene oxide polymer electrolyte for high-performance all-solid-state lithium-metal batteries","2025","Energy Storage Materials","10.1016/j.ensm.2025.104485","https://www.scopus.com/inward/record.uri?eid=2-s2.0-105011737490&doi=10.1016%2Fj.ensm.2025.104485&partnerID=40&md5=7228324a0cdec5df6f0602cfe64c8bc4","Poly(ethylene oxide) (PEO) derivatives are attractive Li+-conducting solid polymer electrolytes (SPEs) due to their high lithium salt solubility but face challenges with low ionic conductivity and interfacial stability. In contrast, fluorinated polymers offer superior chemical and mechanical stability but limited salt solubility and conductivity. To address these challenges, we developed a cross-linked AB-type alternating copolymer electrolyte, poly(TEGDVE-OFDIB)-LiTFSI, via iodo-ene photopolymerization of triethylene glycol divinyl ether (TEGDVE) and octafluoro-1,4-diiodobutane (OFDIB) in the presence of LiTFSI. TEGDVE enhances film flexibility and cross-linking while enabling Li+ transport through sequential Li+ coordination and decoordination, whereas OFDIB serves as both a structural spacer and electrostatic mediator, with its negative electrostatic potential stabilizing the electrochemical interface while facilitating Li+ conduction between TEGDVE units. The resulting SPE achieves a Li+ conductivity of 1.3 × 10−4 S cm−1, a transference number of 0.55, and a stability window of 4.98 V at 40 ℃. All solid-state lithium-metal batteries (ASSLMBs) with a LiFePO<inf>4</inf> cathode and the SPE retain 100 % capacity over 500 cycles at 0.5C. With an NMC811 cathode, the cell delivers an initial capacity of 157.7 mAh g−1 with 80 % capacity retention after 100 cycles. This work establishes iodo-ene polymerization as a versatile strategy for designing high-performance AB-type alternating copolymer electrolytes for ASSLMBs. © 2025 Elsevier B.V., All rights reserved.","Ab-type Alternating Copolymers; All-solid-state Batteries; Fluorinated Solid Polymer Electrolytes; Solid Polymer Electrolytes; Cathodes; Chemical Stability; Copolymerization; Crosslinking; Electrostatic Devices; Electrostatics; Ethylene; Fluorine Containing Polymers; Interfaces (materials); Ionic Conduction In Solids; Lithium; Lithium Compounds; Lithium-ion Batteries; Phosphorus Compounds; Polyethylene Oxides; Solid Electrolytes; Solid State Devices; Solid-state Batteries; Solubility; Ab-type Alternating Copolymer; All-solid State; All-solid-state Battery; Alternating Copolymer; Divinyl Ether; Fluorinated Solid Polymer Electrolyte; Li +; Solid Polymer Electrolytes; Triethylene Glycol; Mechanical Stability"
"A dilute kosmotropic eutectic electrolyte for practical four-electron aqueous Zn−Iodine batteries","2025","Energy Storage Materials","10.1016/j.ensm.2025.104487","https://www.scopus.com/inward/record.uri?eid=2-s2.0-105011733176&doi=10.1016%2Fj.ensm.2025.104487&partnerID=40&md5=73bea14d9836be914647af747e538202","Hydrolysis of I+ and instability of zinc anode in dilute aqueous electrolytes are two main obstacles for constructing high-rate, long-cycle-life and cost-effective aqueous Zn−iodine batteries with I+/I<inf>2</inf>/I− conversion (4eZIBs). Here, a kosmotropic eutectic electrolyte (KEE) was obtained using ZnSO<inf>4</inf>·7H<inf>2</inf>O and 1-Butyl-3-methylimidazolium chloride structure makers. The combined kosmotropic and eutectic features enable highly effective regulation of water activity while simultaneously facilitating reversible and stable chemistries of both the iodine cathode and zinc anode. Specifically, appropriate amount of water is crucial to reversible, fast and stable four-electron transfer of the iodine cathode. Meanwhile, the restricted water activity and water-deficient solvation structure of ZnCl(SO<inf>4</inf>)(H<inf>2</inf>O)<inf>4</inf>− grant stable zinc anodes. Consequently, the 4eZIB with dilute KEE (3.2 M) exhibits stable cycle performance for over 27,000 cycles, along with high Coulombic efficiency of 99.6 %. Moreover, the 4eZIB also demonstrates overall performance enhancement, as manifested in a practical pouch cell. This work provides mechanistic understanding on electrolyte design for solving complex issues in 4eZIBs. © 2025 Elsevier B.V., All rights reserved.","Aqueous Battery; Eutectic Electrolyte; Four-electron Transfer; Iodine Cathode; Zinc Battery; Anodes; Cathodes; Charging (batteries); Chlorine Compounds; Cost Effectiveness; Electrolytes; Electron Transitions; Iodine; Secondary Batteries; Sulfur Compounds; Zinc; Zinc Chloride; Aqueous Batteries; Aqueous Electrolyte; Electron Transfer; Eutectic Electrolyte; Four Electrons; Four-electron Transfer; Iodine Cathode; Water Activity; Zinc Anodes; Zinc Battery; Eutectics"
"Electrode design as the Lego assembling: Advanced aqueous batteries based on polyoxometalate molecular engineering","2025","Energy Storage Materials","10.1016/j.ensm.2025.104490","https://www.scopus.com/inward/record.uri?eid=2-s2.0-105011726666&doi=10.1016%2Fj.ensm.2025.104490&partnerID=40&md5=3b7739a53f2ded212b481e0f6921abb9","As a typical class of nanomolecular metal oxides, polyoxometalates (POMs) have emerged as the subject of extensive research and application in electrochemical energy storage due to their superior multi-electron transfer capability, tunable redox behavior, and structural versatility. Particularly, aqueous batteries confined by narrow voltage windows urgently require breakthroughs in energy density through high specific capacities enabled by multi-electron transfer reactions, which inherently provides an ideal platform for POMs to demonstrate their structural versatility and electrochemical superiority. This review focuses on the applications of POMs in various aqueous battery systems, systematically analyzing key challenges such as low energy density (low specific capacity), dendrite growth, and limited cycle life, while proposing targeted solutions informed by mechanistic insights. Additionally, the review details the interfacial behaviors and function-oriented roles of POMs within different components of aqueous batteries, revealing the underlying mechanisms of POM-based energy storage and ion-selective engineering. These insights provide theoretical guidance for the rational design of POMs’ molecular structures and their functional integration in next-generation aqueous batteries. Despite these advantages, advancing POMs in electrochemical energy storage still requires molecular-level structural design and composite system engineering to seize emerging opportunities better and address challenges in aqueous battery devices. © 2025 Elsevier B.V., All rights reserved.","Aqueous Batteries; Energy Storage Mechanisms; Multi-electron Transfer; Polyoxometalates; Electron Transport Properties; Energy Storage; Rational Functions; Secondary Batteries; Structural Design; Aqueous Batteries; Electrochemical Energy Storage; Electron Transfer; Energy; Energy Density; Energy Storage Mechanism; Multi-electron; Multi-electron Transfer; Polyoxometalates; Storage Mechanism; Electron Transitions"
"High-valent cation-mediated inorganic-rich gradient SEI for highly stable solid state polymer lithium metal batteries","2025","Energy Storage Materials","10.1016/j.ensm.2025.104493","https://www.scopus.com/inward/record.uri?eid=2-s2.0-105011697832&doi=10.1016%2Fj.ensm.2025.104493&partnerID=40&md5=69035d4b7721a34277223efdbc241008","Solid-state polymer lithium metal batteries (SSPLMBs) are widely regarded as the most promising next-generation energy storage technologies due to the high energy density and intrinsic safety. However, common organic-rich solid electrolyte interphase (SEI) exhibits the inhomogeneous and sluggish Li+ transport at the lithium anode interface, and the high nucleation barrier for lithium atoms, collectively promoting Li dendritic growth, thereby hindering the large-scale deployment of SSPLMBs. Herein, we propose a high-valence cation-mediated strategy to construct an inorganic-rich gradient (SEI) by introducing In(NO<inf>3</inf>)<inf>3</inf> as an additive into a polyethylene oxide-based electrolyte (PEO-In(NO<inf>3</inf>)<inf>3</inf>). Specifically, trivalent In3+ reacts with lithium to form a lithiophilic Li-In alloy underlayer, while simultaneously mediating anion enrichment at the lithium anode interface via enhanced electrostatic attraction, which facilitates formation of a lithiophobic top layer enriched with anion-derived LiF/Li<inf>3</inf>N components. The inorganic-rich gradient SEI architecture is established, and superior Li+ diffusion kinetics and reduced energy barrier for lithium atom nucleation are achieved, synergistically enabling homogeneous lithium deposition morphology. Consequently, over one order of magnitude improvement in the lifespan of Li|PEO-In(NO<inf>3</inf>)<inf>3</inf>|LFP cell is achieved, demonstrating a 78.3 % capacity retention after 1000 cycles at 1 C, as compared to Li|PEO|LFP cell with common SEI. This study presents a novel avenue to the rational design of inorganic-rich gradient SEI. © 2025 Elsevier B.V., All rights reserved.","High-valent Cation Mediation; Inorganic-rich Gradient Sei; Lithium Dendrite; Solid Polymer Electrolyte; Uniform Lithium Deposition; Anodes; Deposition; Lithium Alloys; Lithium Batteries; Lithium Compounds; Lithium Deposits; Nucleation; Seebeck Effect; Solid Electrolytes; Solid-state Batteries; High-valent Cation Mediation; High-valent Cations; Inorganic-rich Gradient Solid Electrolyte Interphase; Inorganics; Li +; Lithium Dendrite; Lithium Metals; Solid Electrolyte Interphase; Solid Polymer Electrolytes; Uniform Lithium Deposition; Polyethylene Oxides"
"Synergistic nano-micro structuring boosts high-Ni cathode performance for all-solid-state lithium-ion batteries","2025","Energy Storage Materials","10.1016/j.ensm.2025.104470","https://www.scopus.com/inward/record.uri?eid=2-s2.0-105011693238&doi=10.1016%2Fj.ensm.2025.104470&partnerID=40&md5=cac2af187edd7d98d6c56d70d486d185","Grid-scale energy storage has emerged as a critical component for modern power systems, so batteries are at the forefront of this technological revolution. This trend delves into the long-duration, higher energy and safer energy storage system. All-solid-state lithium-ion battery system is one of the promising candidates for addressing this challenges, and high-Ni material is notable cathode due to its high energy density and high technical maturity for practical applications. However, their performances in solid electrolyte system still cannot achieve the performance levels that are attained in the conventional liquid electrolyte system with severe reaction inhomogenity. Therefore, for the effective utilization and prolonged lifespan of high-Ni cathode materials in all-solid-state lithium-ion batteries, careful design of particles in both nano-scale and micro-scale is necessary. In this work, we designed three different LiNi<inf>0.8</inf>Co<inf>0.1</inf>Mn<inf>0.1</inf>O<inf>2</inf> (Polycrystalline, single-crystal, cluster with twin boundaries) by tuning the nanostructure and microstructure and revealed how these particles are utilized in all-solid-state lithium-ion battery system. We found that the intentionally synthesized defects at particle surface can enhance Li-ion diffusivity, and single crystal structure greatly improves reaction homogeneity. We also demonstrate comparative studies of these high-Ni particles in both liquid and solid electrolyte system. These results provide opportunities for gaining insights into how to design high-Ni materials for the future all-solid-state lithium-ion battery system. © 2025 Elsevier B.V., All rights reserved.","All-solid-state Lithium-ion Batteries; High-ni Cathode; Multi-scale Design; Single Crystal; Twin-boundary; Cathode Materials; Cathodes; Crystal Microstructure; Energy Storage; Ions; Lithium Compounds; Nickel Compounds; Solid Electrolytes; Solid-state Batteries; Surface Defects; All-solid-state Lithium Ion Batteries; Battery Systems; Cathode Performance; Energy; High-ni Cathode; Liquid Electrolyte Systems; Micro Structuring; Multi-scale Design; Solid Electrolyte Systems; Twin Boundaries; Lithium-ion Batteries; Single Crystals"
"Highly synergistic electrocatalysis and confinement of covalently bonded heterostructures enable high-efficient-stable Li−S batteries","2025","Energy Storage Materials","10.1016/j.ensm.2025.104477","https://www.scopus.com/inward/record.uri?eid=2-s2.0-105011690314&doi=10.1016%2Fj.ensm.2025.104477&partnerID=40&md5=86755916f101d31bf5d16e440adbd3a4","Li<inf>2</inf>S, as a high-capacity Li-containing cathode, can avoid the use of metallic Li in batteries, so as to improve cycle-life and safety. However, intrinsic low electrical conductivity, high activation barrier and serious polysulfide dissolution of Li<inf>2</inf>S limit its performance output. Here, we propose a chemical cyclization crosslinking strategy to construct a covalently bonded Li<inf>2</inf>S−cyclized polyacrylonitrile (cPAN) heterostructure, aiming to facilitate fast Li<inf>2</inf>S activation and electron/ion transport as well as high volumetric accommodation. The obtained structure features crystalline Li<inf>2</inf>S wrapped by conformal cPAN layer via robust Li−N bonding, forming compact Li<inf>2</inf>S@cPAN core-shell nanocomposite. Systematic studies demonstrate distinguished synergistic electrocatalysis and confinement on Li<inf>2</inf>S, where the bridge-like heterostructure composed of strong and abundant Li−N bonds facilitates fast electron/ion transport and Li<inf>2</inf>S dissociation, and the core-shell nanostructure with elastic and dense cPAN enhances volumetric efficiency for accommodating sulfur species. Owing to improvement on both electrocatalysis and domain effects, this cathode design enables promising electrochemical performance. An optimal Li<inf>2</inf>S@cPAN cathode exhibits a dramatically reduced activation potential (2.7 V), a largely increased output capacity (730 mAh g−1), and an obviously improved cycling stability (500 cycles). This Li<inf>2</inf>S@cPAN cathode demonstrates the great application potential for high-efficient-stable Li−S batteries. © 2025 Elsevier B.V., All rights reserved.","Cyclized Polyacrylonitrile; Heterostructure; Li2s; Lii−s Battery; Synergistic Effect; Cathodes; Chemical Bonds; Electrocatalysis; Electrolysis; Lithium Compounds; Sulfur Compounds; Covalently Bonded; Cyclized Polyacrylonitrile; Electron Ions; High Capacity; High Efficient; High-capacity; Ion-transport; Lii−s Battery; Metallics; Synergistic Effect; Chemical Activation"
"Design of d/p-band center regulation guided by suppressing electron interference for ultra-stable iron/manganese-based mixed phosphate cathode","2025","Energy Storage Materials","10.1016/j.ensm.2025.104496","https://www.scopus.com/inward/record.uri?eid=2-s2.0-105011596316&doi=10.1016%2Fj.ensm.2025.104496&partnerID=40&md5=b8c58ccb664578b043074b814a962cec","Iron/manganese-based mixed phosphate, characterized by its remarkable energy density and structural stability, emerges as a formidable contender for the next generation of commercial sodium-ion battery cathode materials. However, due to the 3d5 electronic configuration of Mn2+, the d-orbitals are in a half-filled state, which results in uneven charge distribution. Therefore, we propose the design of d/p-band center regulation for Na<inf>4</inf>Fe<inf>2</inf>Mn(PO<inf>4</inf>)<inf>2</inf>(P<inf>2</inf>O<inf>7</inf>). As a result, the electronic interference resulting from electronic localization is effectively mitigated. Through lattice reconstruction, the internal strain within the material is alleviated, and the Mn Jahn-Teller synergistic distortion is effectively suppressed, thereby enhancing the structural stability and electronic transition capability. Furthermore, the introduction of defect engineering for charge compensation alleviates the restricted diffusion of sodium ions due to the exacerbation of P<inf>2</inf>O<inf>7</inf> distortion. Based on this, the modified iron/manganese-based mixed phosphate shows high energy density and ultra-long cycle stability, indicating significant potential for large-scale applications in sodium-ion batteries. © 2025 Elsevier B.V., All rights reserved.","Cathode Materials; D/p Band Center; Defect Buffer; Mixed Phosphate; Sodium-ion Batteries; Cathode Materials; Cathodes; Defect Engineering; Iron Alloys; Iron Compounds; Manganese Alloys; Manganese Compounds; Metal Ions; Sodium Compounds; Stability; Band Centres; Cathodes Material; D/p Band Center; Defect Buffer; Electron Interference; Electronic Configuration; Energy Density; Mixed Phosphate; Sodium Ion Batteries; Structural Stabilities; Sodium-ion Batteries"
"Phenazine-based cathodes enabled by reducing LUMO energy level for high mass loading and low temperature zinc-organic batteries","2025","Energy Storage Materials","10.1016/j.ensm.2025.104489","https://www.scopus.com/inward/record.uri?eid=2-s2.0-105011588382&doi=10.1016%2Fj.ensm.2025.104489&partnerID=40&md5=4e4b398dd104200f990aadcca1bc73b8","Organic small molecule electrode materials are regarded as highly promising cathode materials for aqueous zinc ion batteries (AZIBs) due to their tunable structure, environmental friendliness, and sustainable generation. However, rapid capacity degradation and sluggish kinetics hinder their practical application, particularly at high mass loadings and low temperatures. Here, we design and synthesize two conjugated small molecules with different numbers of carbonyl groups (namely nitrogen heterocyclic dione (PZPQ), nitrogen heterocyclic tetraketone (PZDPQ). In addition, the introduction of electron-withdrawing carbonyl groups lowers the energy level of the lowest unoccupied molecular orbital (LUMO) of phenazine and extends the π-conjugated system, which enhances the voltage, capacity and redox kinetic of PZDPQ. Thus, the PZDPQ cathodes for AZIBs exhibit high capacity of 340 mAh g−1 at 0.2 A g−1, a high capacity retention of 97.8 % after 8000 cycles, and outstanding rate performance (200 mAh g−1 at 10 A g−1), even function efficiently at high mass loading of 49 mg cm−2 and low temperature at -40 °C. Further mechanistic researches by in-situ quartz crystal microbalance demonstrate that the fully conjugated molecular configuration enables reversible Zn2+/H<inf>3</inf>O+ synergistic storage. © 2025 Elsevier B.V., All rights reserved.","Aqueous Zinc Ion Batteries; Energy Level; Organic Small Molecule; Zn2+/h3o+ Co-storage; Cathode Materials; Cathodes; Electron Energy Levels; Indium Compounds; Loading; Molecules; Nitrogen; Temperature; Zinc; Aqueous Zinc Ion Battery; Energy; Ion Batteries; Loading Temperature; Lows-temperatures; Mass Loadings; Organic Small Molecule; Zinc Ions; Zn 2+; Zn2+/h3o+ Co-storage; Molecular Orbitals"
"A medium-entropy Li-garnet solid electrolyte with ultrahigh ionic conductivity and outstanding electrochemical stability for solid-state batteries","2025","Energy Storage Materials","10.1016/j.ensm.2025.104484","https://www.scopus.com/inward/record.uri?eid=2-s2.0-105011545099&doi=10.1016%2Fj.ensm.2025.104484&partnerID=40&md5=924ba28648c5e83297d6903f508f6fd2","Solid-state batteries (SSBs) have gained attention as a next-generation energy storage technology, with solid-state electrolytes (SSEs) serving as a key component in their development. Garnet-type SSEs, known for their high stability, face limitations due to low ionic conductivity. High-entropy ceramics, with intrinsic structural disorder and tunable compositions, offer a pathway to overcome these challenges. In this study, we innovatively design and develop a medium-entropy garnet-type SSE of Li<inf>6</inf>La<inf>3</inf>Zr<inf>0.5</inf>Ti<inf>0.5</inf>Ta<inf>0.5</inf>Nb<inf>0.5</inf>O<inf>12</inf> (LLZTTNO) by partially substituting Zr with Ti, Ta, and Nb. The incorporation of these multiple elements introduces lattice disorder and facilitates fast ion transport through low-energy diffusion pathways, therefore, greatly enhances the electrochemical performance of the SSE. Consequently, LLZTTNO demonstrates excellent ionic conductivity (1.52 × 10–3 S cm-1), a low Li-ion activation energy for Li+ transport (0.18 eV), and minimal electronic conductivity (6.88 × 10–10 S cm-1). A Li-graphite (Li-C) composite was employed as an anode to enhance interfacial compatibility between the solid electrolyte and electrode. The Li-C/LLZTTNO/Li-C symmetric cell demonstrates long-term lithium plating/stripping for over 3600 h at 0.1 mA cm-2, and achieves a critical current density of 2.5 mA cm-2. The Li-C/LLZTTNO/LFP full cell also delivers a specific capacity of 143.87 mAh g-1 and retains 83.4 % of its capacity over 150 cycles at a 0.1 C rate. This work supports the potential application of medium-entropy garnet SSEs for next-generation SSBs, providing valuable insights into their electrochemical performance and stability. © 2025 Elsevier B.V., All rights reserved.","Electrochemical Stability; Garnet Solid Electrolyte; High-entropy Ceramics; Ionic Conductivity; Solid-state Batteries; Entropy; Ionic Conduction In Solids; Lithium Compounds; Lithium-ion Batteries; Solid Electrolytes; Solid State Devices; Solid-state Batteries; Stability; Structural Ceramics; Tantalum Compounds; Titanium Compounds; Zirconium Compounds; Electrochemical Performance; Electrochemical Stabilities; Energy Storage Technologies; Garnet Solid Electrolyte; High-entropy Ceramic; Li Garnets; Medium Entropy; Solid State Batteries; Solid-state Electrolyte; Structural Disorders; Ionic Conductivity"
"Dynamic interface regulation in solid-state lithium-metal batteries by in situ polymerized highly elastic ultrathin layers","2025","Energy Storage Materials","10.1016/j.ensm.2025.104469","https://www.scopus.com/inward/record.uri?eid=2-s2.0-105011507000&doi=10.1016%2Fj.ensm.2025.104469&partnerID=40&md5=5c31197f5e3de2b11b74496c2c8d5654","Poly(vinylidene fluoride) (PVDF)-based solid-stated electrolytes (SSEs) hold great promise for high-energy-density solid-state lithium metal batteries (SSLMBs) due to their relatively high ionic conductivity and excellent flexibility. However, their practical performance is hindered by instability at the Li/PVDF interface, where the porous PVDF induces uneven ion deposition and residual N,N-dimethylformamide (DMF) solvent triggers severe side reactions with Li. Here, we demonstrate that a highly elastic layer, introduced via in situ polymerization of 1,3-dioxolane (P-DOL) containing thermoplastic polyurethane (TPU), effectively stabilizes and dynamically regulates the Li/PVDF interface. The incorporation of TPU enhances the elastic modulus of the cured layer, enabling local stress redistribution and dynamic retention of intimate interfacial contact at the Li/PVDF interface during cycling, which in turn promotes dense and flat Li deposition morphology to prolong the cycle life. Moreover, the interlayer prevents side reactions between DMF residues and Li anode, preserving an electrochemically stable contact. Consequently, the Li|PVDF|LiNi<inf>0.8</inf>Co<inf>0.</inf><inf><inf>1</inf></inf>Mn<inf>0.1</inf>O<inf>2</inf> cell with TPU/P-DOL interlayer delivers a capacity of 136 mA h g−1 over 800 cycles at 1 C. Our findings demonstrate a scalable interfacial engineering strategy that addresses the key bottleneck of PVDF-based SSEs and significantly advances the performance of SSLMBs. © 2025 Elsevier B.V., All rights reserved.","Elastic Interfacial Layers; In Situ Polymerization; Li/pvdf Interface; Lithium Metal Batteries; Thermoplastic Polyurethanes; Composite Films; Deposition; Fluorine Compounds; Lithium; Lithium Batteries; Lithium Compounds; Polymerization; Solid Electrolytes; Solid-state Batteries; Elastic Interfacial Layer; In-situ Polymerization; Interfacial Layer; Li/poly(vinylidene Fluoride) Interface; Lithium Metal Battery; Lithium Metals; Performance; Poly(vinylidene Fluoride); Side Reactions; Thermoplastic Polyurethanes; Interface States"
"Heteroatom-tuned Bi pz-orbital hybridization of single-atom catalysts for high-power density vanadium flow batteries","2025","Energy Storage Materials","10.1016/j.ensm.2025.104472","https://www.scopus.com/inward/record.uri?eid=2-s2.0-105011483708&doi=10.1016%2Fj.ensm.2025.104472&partnerID=40&md5=bf58a6b5739106609bfcd62a9115ff54","Highly active single-atom electrocatalysts can effectively enhance the power density of vanadium flow batteries by forming hybrid orbitals between metal atoms and heteroatoms. However, the mechanism through which hybrid orbitals boost the activity of vanadium ions remains unclear. Herein, we report the Bi single atoms electrocatalysts (XBi, X = N, P, S, B) with different heteroatoms coordination, while catalytic activity towards [V(H<inf>2</inf>O)<inf>6</inf>]3+/[V(H<inf>2</inf>O)<inf>6</inf>]2+is proved to be NBi>PBi>SBi>BBi. The results demonstrated that PBi, SBi, and BBi display the electron cloud distributions of Bi atoms near the fermi level towards the planar direction (p<inf>x</inf>, p<inf>y</inf>), while NBi exhibits an axial orbital (p<inf>z</inf>) distribution and a more pronounced Bi-N p-orbital hybridization due to the high electronegativity of N, thereby promoting vanadium ion dehydration. In consequence, a VFB single cell equipped with NBi decorated graphite felt (GF) electrode demonstrates the most superior battery performance among all fabricated electrodes, achieving a 7 % increase in energy efficiency at a current density of 240 mA cm−2 compared to the BBi-loaded counterpart. The hybrid orbital engineering strategy establishes a design paradigm for single-atom electrocatalysts in high-power density VFBs. © 2025 Elsevier B.V., All rights reserved.","Bismuth Single Atoms; Electrocatalysis; Heteroatoms Doping; Orbital Hybridization; Vanadium Flow Batteries; Atoms; Bismuth; Bismuth Compounds; Boron Compounds; Catalyst Activity; Chemical Bonds; Electrocatalysts; Electrodes; Electronegativity; Energy Efficiency; Iodine Compounds; Lead Compounds; Phosphorus Compounds; Vanadium; Vanadium Compounds; Bismuth Single Atom; Heteroatom Doping; Heteroatoms; High-power-density; Hybrid Orbitals; Orbital Hybridization; Single-atoms; Vanadium Flow Battery; Vanadium Ions; ]+ Catalyst; Electrocatalysis"
"Advancing NASICON solid-state electrolytes for lithium metal batteries: interfacial challenges, engineering strategies, and future directions","2025","Energy Storage Materials","10.1016/j.ensm.2025.104471","https://www.scopus.com/inward/record.uri?eid=2-s2.0-105011384541&doi=10.1016%2Fj.ensm.2025.104471&partnerID=40&md5=41e28b59e02c233455d00bf49dfd2028","Solid-state lithium metal batteries (SSLMBs) have emerged as a highly promising next-generation energy storage technology due to their superior safety and high energy-density. Among all solid-state electrolytes, sodium superionic conductor (NASICON) electrolytes are particularly noteworthy, offering high ionic conductivity, excellent air stability, and wide electrochemical window, making them one of the most extensively studied and technologically viable options. However, critical interfacial challenges persist between NASICON electrolytes and lithium metal anodes, including poor physical contact, insufficient chemical/electrochemical stability, and detrimental side reactions, all of which significantly hinder battery performance. These interfacial phenomena involve multifaceted complexities, such as intrinsic material properties, dynamic side reactions, and spatiotemporal evolution-processes, which are inherently difficult to observe using conventional characterization techniques. Here, this review systematically analyzes the interfacial issues between NASICON electrolytes and Li anodes, evaluating existing modification strategies (e.g., inorganic coatings, organic/polymer coatings, composite coatings, and anode protection mechanisms) and highlighting advanced characterization techniques which provide deeper insights into the dynamic interactions occurring at the interface, facilitating the rational design and optimization of solid-state batteries. Advanced characterization techniques are discussed for interfacial analysis. By leveraging advanced interfacial engineering strategies and characterization techniques, researchers can accelerate the development of safer, more efficient, and longer-lasting solid-state lithium batteries. © 2025 Elsevier B.V., All rights reserved.","In-situ Characterization Techniques; Interfacial Modifications; Nasicon Solid-state Electrolytes; Solid-state Lithium Metal Batteries; Chemical Stability; Composite Coatings; Inorganic Coatings; Interface States; Ionic Conduction In Solids; Lithium; Lithium Batteries; Metal Analysis; Organic Coatings; Solid Electrolytes; Solid State Devices; Solid State Reactions; Solid-state Batteries; Characterization Techniques; Energy Storage Technologies; Higher Energy Density; In-situ Characterization Techniques; Interfacial Modification; Lithium Metals; Nasicon Solid-state Electrolyte; Side Reactions; Solid-state Electrolyte; Solid-state Lithium Metal Battery; Anodes"
"Advancing sodium-ion batteries toward commercialization: A review on phosphate and sulfate-based polyanionic cathodes","2025","Energy Storage Materials","10.1016/j.ensm.2025.104468","https://www.scopus.com/inward/record.uri?eid=2-s2.0-105011271759&doi=10.1016%2Fj.ensm.2025.104468&partnerID=40&md5=08e0a675d1436974b411801bd5e3c64e","Sodium-ion batteries (SIBs) are considered as a promising supplement to lithium-ion batteries for large-scale energy storage applications due to the abundance and cost-effectiveness of sodium resources. Among various cathode materials, polyanionic compounds, particularly phosphate and sulfate-based ones, have garnered significant attention for their good structural stability, high redox potentials, and favorable Na+x002B diffusion channels. However, challenges such as low electronic conductivity, limited capacity, and complex synthesis procedures hinder their widespread application. This review starts with the key characteristics of polyanionic materials, followed by a thorough summary of recent advancements in phosphate and sulfate-based cathodes, emphasizing their crystal structures, electrochemical properties, and sodium storage mechanisms. Then, the preparation methods and advanced modification strategies, including surface coating, particle size engineering, morphology and interface design, and element doping, are reviewed in detail. By systematically comparing phosphates and sulfates, this review integrates their commercialization progress and application scenarios from an industry-oriented perspective. This highlights the importance of industry-academia collaboration in accelerating the transition of polyanionic cathode materials from laboratory research to practical applications. Finally, future research directions and innovative approaches are proposed to overcome existing challenges, paving the way for the practical deployment of these materials in next-generation sustainable energy storage systems. © 2025 Elsevier B.V., All rights reserved.","Commercial Application; Phosphate; Polyanionic Cathodes; Sodium-ion Batteries; Sulfate; Cathode Materials; Cathodes; Cost Effectiveness; Energy Storage; Indium Compounds; Lithium-ion Batteries; Metal Ions; Morphology; Particle Size; Redox Reactions; Sodium Compounds; Stability; Storage (materials); Sulfur Compounds; Cathodes Material; Commercial Applications; Commercialisation; Ion Batteries; Large-scales; Lithium Ions; Polyanionic Cathode; Polyanionics; Sodium Ion Batteries; Sulphates; Phosphates; Sodium-ion Batteries"
"Dispersants and particle dispersion uniformity in lithium batteries: from slurry formulation to solid-state design","2025","Energy Storage Materials","10.1016/j.ensm.2025.104460","https://www.scopus.com/inward/record.uri?eid=2-s2.0-105011258802&doi=10.1016%2Fj.ensm.2025.104460&partnerID=40&md5=aea75261812869186ea7c4b78a078730","The fabrication of lithium-ion batteries (LIBs) encompasses a series of technically intensive processes, where cathode and anode materials are transformed from raw powders into thin electrode films through slurry preparation, casting, drying, calendering, and cutting, culminating in cell assembly. Among these steps, slurry preparation plays a pivotal role in ensuring uniform dispersion and intimate contact among components, a prerequisite for optimizing electrochemical performance. Although mechanical forces during mixing can de-agglomerate electrode materials, re-agglomeration occurs almost immediately without proper stabilization. This emphasizes the critical importance of chemical forces, introduced via effective dispersion agents (dispersants). An efficient dispersant must be fully soluble in the dispersion medium to activate key stabilization mechanisms such as steric or semi-steric hindrance, depletion, electrostatic repulsion, or electrosteric effects. However, the fundamental principles of colloidal dispersion are not always sufficiently considered in LIB electrode formulation. This review systematically consolidates strategies for selecting dispersants for battery slurries, providing a framework grounded in colloidal science. Moreover, given the rapid development of solid-state lithium batteries and solid electrolytes, the discussion extends to dispersants used in fabricating ceramic and ceramic–polymer composite electrolytes, offering valuable perspectives for next-generation high-performance energy storage devices. © 2025 Elsevier B.V., All rights reserved.","Dispersant; Dispersion; Electrode Slurries; Lithium Batteries; Solid Electrolytes; Anode Materials; Anodes; Battery Management Systems; Casting; Cathodes; Ceramic Materials; Colloids; Dispersion (waves); Electrochemical Electrodes; Film Preparation; Films; Lithium Compounds; Slurries; Solid State Devices; Stabilization; Thin Film Lithium Ion Batteries; Anode Material; Cathode And Anode; Cathodes Material; Dispersants; Electrode Slurry; Ion Batteries; Lithium Ions; Particle Dispersion; Slurry Formulation; Solid-state Designs; Solid Electrolytes"
"Anion screening in ether-based electrolytes for boosted sodium storage at low-temperature","2025","Energy Storage Materials","10.1016/j.ensm.2025.104459","https://www.scopus.com/inward/record.uri?eid=2-s2.0-105011256172&doi=10.1016%2Fj.ensm.2025.104459&partnerID=40&md5=4df2b509f970472ef1adecc8526785a5","The electrolyte composition plays a crucial role in determining the electrochemical performance of sodium-ion batteries (SIBs), particularly at low temperatures (LTs), where sluggish ion transport and intensified parasitic side reactions severely compromise battery stability and efficiency. However, previous electrolyte engineering efforts have primarily focused on solvent optimization to regulate Na+ solvation, so the fundamental role of salt anions in modulating the electrode-electrolyte interface (EEI) and solid electrolyte interphase (SEI) formation remains insufficiently explored. Herein, we systematically investigate the influence of anion chemistry in ether-based electrolytes on sodium storage performance. By evaluating eight representative anions, we elucidate their distinct effects on SEI composition, interfacial charge transfer dynamics, and Na+ diffusion kinetics. Our combined theoretical and experimental approach reveals that the PF<inf>6</inf>−, exhibiting favorable adsorption energy on the electrode surface, facilitates the formation of an inorganic-rich SEI (comprising NaF and Na<inf>3</inf>P). Comprehensive in-situ characterization further confirms that this tailored interface enhances interfacial stability, accelerates Na+ transport, improves charge transfer kinetics, and suppresses parasitic side reactions, thereby enhancing electrochemical reversibility and cycling stability. These findings provide critical insights into anion-electrode interactions, offering a fundamental framework for optimizing SEI composition, stabilizing the EEI, and improving sodium storage performance in SIBs at LTs. © 2025 Elsevier B.V., All rights reserved.","Anion-electrode Interactions; Electrode-electrolyte Interface; Low Temperatures; Sodium Storage; Solid Electrolyte Interphase; Charge Transfer; Electrochemical Electrodes; Metal Ions; Negative Ions; Phase Interfaces; Phosphorus Compounds; Reaction Kinetics; Seebeck Effect; Sodium Compounds; Sodium-ion Batteries; Stability; Temperature; Anion-electrode Interaction; Electrode Interactions; Electrode-electrolyte Interfaces; Lows-temperatures; Parasitics; Side Reactions; Sodium Ion Batteries; Sodium Storage; Solid Electrolyte Interphase; Storage Performance; Solid Electrolytes"
"Interplay of interfacial and structural cracking degradation modes for the high-voltage LiCoO2 cathode at particle's level","2025","Energy Storage Materials","10.1016/j.ensm.2025.104473","https://www.scopus.com/inward/record.uri?eid=2-s2.0-105011255273&doi=10.1016%2Fj.ensm.2025.104473&partnerID=40&md5=a29a167b8c814796b44396aff154ce55","Elevating the cut-off voltage is a promising strategy to enhance the energy density of LiCoO<inf>2</inf> (LCO), as demonstrated by a ∼22 % increase in discharge capacity at 4.6 V compared to 4.5 V. However, severe structural degradation and interfacial instability above 4.5 V hinder its practical application, with limited research focusing on decoupling these mechanisms to mitigate performance decay. Herein, LCO samples with distinct particle sizes are systematically investigated by using electrochemical techniques and numerical modeling to elucidate complex failure modes. Larger-sized LCO particles exhibit structural cracking and fracture, particularly at high current density, due to prolonged Li+ diffusion pathways, inhomogeneous lithium distribution, and stress accumulation. Conversely, smaller-sized LCO particles suffer from intensified interfacial side reactions attributed to their higher surface area, especially at low current density. These results highlight that LCO degradation arises from the interplay of size- and rate-dependent mechanisms rather than a single dominant factor. To address this complexity, we develop a multivariate nonlinear equation to fully decouple different degradation mechanisms and successfully determine the optimal mass mixing ratios of larger- and smaller-sized LCO particles under various current density conditions to maximize cycling stability. This work provides valuable mechanistic insights into degradation pathways and effectively bridges the gap between empirical optimization and a deeper understanding of LCO degradation. © 2025 Elsevier B.V., All rights reserved.","Current Density; Interfacial Reactions; Licoo2; Particle Size; Structural Cracking Degradation; Cracks; Current Density; Degradation; Electric Discharges; Lithium Compounds; Nonlinear Equations; Surface Reactions; 'current; Cutoff Voltage; Discharge Capacities; Energy Density; High-voltages; Licoo 2; Licoo 2 Cathode; Particles Sizes; Structural Cracking Degradation; Structural Degradation; Particle Size"
"Unveiling the role of base layer in the fluorinated cathode interface for robust single-crystal Na-layered oxide","2025","Energy Storage Materials","10.1016/j.ensm.2025.104474","https://www.scopus.com/inward/record.uri?eid=2-s2.0-105011254755&doi=10.1016%2Fj.ensm.2025.104474&partnerID=40&md5=ce0515169b8eb953ff5cd5408c80d520","Fluorinated interface engineering has emerged as a viable strategy for designing high-performance layered oxide cathodes and sodium-ion batteries (SIBs). Nevertheless, the rational approaches for the interface fluorination of oxide cathodes remain controversial. In particular, the influence exerted by various surfaces of Na-layered oxides as the base layer on the fluorinated interface remains an unresolved issue. Herein, the cathode surface fluorination engineering (CSFE) is proposed to modulate the state of the base layer and the fluorinated electrolyte additive engineering (FEAE) is adopted to synergistically construct fluorinated cathode interface on the single-crystal NaNi<inf>1/3</inf>Fe<inf>1/3</inf>Mn<inf>1/3</inf>O<inf>2</inf> (NFM). CSFE converts the surface Na<inf>2</inf>CO<inf>3</inf> layer into a NaF layer in-situ with partial F surface doping, which gives rise to a NaF-rich cathode-electrolyte interface (CEI) with enhanced stability during cycling even in the fluorine-free carbonate-based electrolyte and makes surface fluorinated oxide (NFM@F) possess higher coulombic efficiency and better cycling stability than the oxide with Na<inf>2</inf>CO<inf>3</inf> base layer. While in the electrolyte with fluorinated additive, a NaF-rich CEI that is thinner, more uniform and denser can be formed on the NaF base layer of NFM@F (NFM@F-FE) than on the Na<inf>2</inf>CO<inf>3</inf> based layer, thereby significantly reducing side reactions, shielding the layered structure, mitigating structural change during charge-discharge, and manifesting exceptional structure stability. Consequently, NFM@F-FE exhibits a remarkable capacity retention of up to 94.26 % even after 200 cycles at 1 C. © 2025 Elsevier B.V., All rights reserved.","Base Layer; Fluorinated Cathode Interface; Naf-rich; Sodium-ion Battery; Synergistic Effect; Binary Alloys; Cathodes; Crystal Structure; Doping (additives); Electrolytes; Fluorination; Fluorine Compounds; Halogenation; Interface States; Iron Compounds; Metal Ions; Nitrogen Compounds; Single Crystals; Sodium Carbonate; Base Layers; Cathode Surface; Cathodes Interface; Electrolyte Interfaces; Fluorinated Cathode Interface; Layered Oxides; Naf-rich; Sodium Ion Batteries; Surface Fluorination; Synergistic Effect; Sodium-ion Batteries"
"Pyrrolidine ionic liquid enables dynamic EDL regulation for highly stable aqueous Zn Ion capacitors","2025","Energy Storage Materials","10.1016/j.ensm.2025.104480","https://www.scopus.com/inward/record.uri?eid=2-s2.0-105011253793&doi=10.1016%2Fj.ensm.2025.104480&partnerID=40&md5=915823e32716f628ff875fa22c5c9746","Aqueous Zn-based energy storage devices have garnered significant attention and research interest owing to their numerous advantages, including low cost, inherent safety, and eco-friendliness. Nevertheless, detrimental Zn dendrites and side reactions triggered by the water-rich electric double layer (EDL) and unstable solid electrolyte interface (SEI) are still the critical factors that limit the service life of Zn-ion energy storage systems. In this paper, we constructed a dynamic EDL structure under varying interface charges by using a N‑butyl‑N-methylpyrrolidine tetrafluoroborate (Py14BF4) ionic liquid (IL) as an electrolyte additive. On one hand, the strong interaction between the Py14BF4 and H2O disrupted the H-bonds between the H2O molecules in both the diffusion layer and the outer Helmholtz layer (OHL) of the EDL, thereby suppressing the activity of H2O. On the other hand, the stronger adsorption energy for Zn of Py14BF4, along with its lower energy level of the lowest unoccupied molecular orbital (LUMO), is utilized to modulate the ion/molecule composition of the HL of the EDL, and promote the in-situ formation of a self-healing organic-inorganic hybrid SEI protective layer. Based on this, the introduction of Py14BF4 effectively alleviates the dendrites and side reactions issues of Zn anode during the long-term cycling process, and the Zn//Zn battery shows a highly stable life of 3300 h at 0.5 mA cm-2. Impressively, the Zn//AC capacitor exhibits ultra-long cycle stability at 5 A g-1 with a capacity retention rate of 93 % after 60,000 cycles. © 2025 Elsevier B.V., All rights reserved.","Aqueous Zinc-ion Hybrid Capacitors; Dendrites; Edl Regulation; Electrolyte Additive; Ionic Liquid; Additives; Capacitors; Charging (batteries); Electrodes; Energy Storage; Ions; Lead Compounds; Organic-inorganic Materials; Phase Interfaces; Phosphorus Compounds; Solid Electrolytes; Virtual Storage; Zinc; Zinc Compounds; Aqueous Zinc-ion Hybrid Capacitor; Dendrite; Double Layers; Electric Double Layer Regulation; Electrolyte Additives; Highly Stables; Hybrid Capacitor; Side Reactions; Zinc Ions; Zn Ions; Ionic Liquids"
"Recycling-regenerating salt enables the economic viability of aqueous high-concentration electrolytes","2025","Energy Storage Materials","10.1016/j.ensm.2025.104465","https://www.scopus.com/inward/record.uri?eid=2-s2.0-105011161202&doi=10.1016%2Fj.ensm.2025.104465&partnerID=40&md5=6ac0983ebdc6378fbbe7bdcd680cbc11","The aqueous high-salt-concentrated electrolytes expand the electrochemical stability window (ESW), providing aqueous batteries with high output voltage and energy density. However, the increased salt concentration also raises costs, negatively affecting the economic feasibility for electric energy storage. Herein, we demonstrate that the aqueous highly concentrated lithium trifluoromethyl sulfonamide (LiTFSI) electrolytes are easy to recycle through salt extraction methods. Furthermore, to circumvent energy-intensive dehydration processes induced by LiTFSI hygroscopicity, we propose a direct regeneration protocol based on concentration-density correlation. The recycled/regenerated electrolytes maintain similar physical and chemical properties comparable to pristine electrolytes, exhibiting a wide ESW of 3 V. Pouch cells (0.5 Ah) assembled with the recycled and regenerated electrolyte exhibit equivalent performance to the pristine electrolyte, maintaining a capacity of over 87 % after 300 cycles. Techno-economic analysis indicates that recycling salt reduces costs by 69.3 % and regeneration electrolyte by 71.2 %, both of which require wastewater treatment amounting to merely 5.6 % of salt production. Remarkably, regeneration achieves substantial reductions in energy consumption (93.9 %) and CO<inf>2</inf> emissions (94.8 %) by eliminating energy-intensive drying processes, surpassing salt recycling's 85.4 % and 87.9 % reductions. Our work aims to provide a cost-effective and sustainable solution for using high-concentration electrolytes, enabling the practical implementation of aqueous lithium-ion batteries. © 2025 Elsevier B.V., All rights reserved.","Aqueous High-concentrated Electrolytes; Cost-effective; Recycling; Regeneration; Concentration (process); Cost Benefit Analysis; Cost Reduction; Dehydration; Economic Analysis; Electrolytes; Electronic Waste; Energy Utilization; Lithium Compounds; Lithium-ion Batteries; Wastewater Reclamation; Water Recycling; Aqueous High-concentrated Electrolyte; Concentration Electrolyte; Cost Effective; Economic Viability; Electrochemical Stabilities; Energy; High Salts; Regeneration; Sulphonamides; Trifluoromethyl; Cost Effectiveness"
"Understanding the effect of vinylene carbonate on SEI formation, morphology and stability on lithium metal anodes","2025","Energy Storage Materials","10.1016/j.ensm.2025.104434","https://www.scopus.com/inward/record.uri?eid=2-s2.0-105011077298&doi=10.1016%2Fj.ensm.2025.104434&partnerID=40&md5=ec83bb6a1a1e0a432d8decca3ace2cf6","Lithium metal batteries are promising for applications requiring high energy density storages, but their practical implementation is hindered by the high reactivity of metallic lithium with liquid electrolytes. Film-forming additives can contribute to stabilize the lithium/electrolyte interface by promoting a well-performing solid-electrolyte interphase (SEI). However, their specific influence on SEI formation mechanisms remains poorly understood, causing challenges in designing advantageous SEIs. In this work we reveal the role of the widely used electrolyte additive vinylene carbonate (VC) in SEI formation on lithium metal. An ab initio informed kinetic Monte Carlo approach is applied to bridge the gap between atomistic simulations and the timescale of seconds, enabling the first mechanistic investigation of VC-driven SEI growth beyond elementary reaction steps. We find that VC only significantly impacts SEI formation beyond the millisecond range with only a minor impact on the previous formation of the inorganic passivation layer close to the anode surface. Yet, it enables a chemically-driven polymerization process, passivating the surface without ongoing consumption of lithium. The resulting polymeric layer prevents dissolution of SEI and intermediate species and stops the continuous consumption of electrolyte species. Higher VC concentrations do not significantly alter the protective mechanism but result in a higher proportion of remaining additive, allowing for repassivation during operation. Overall, this study provides an in-depth molecular understanding of the influence of VC on SEI formation, paving the way to model-assisted SEI design. © 2025 Elsevier B.V., All rights reserved.","Kinetic Monte Carlo; Lithium Metal Battery; Solid Electrolyte Interphase; Vinylene Carbonate; Additives; Interfaces (materials); Lithium; Lithium Batteries; Lithium Compounds; Morphology; Passivation; Reaction Kinetics; Solid Electrolytes; Solid-state Batteries; Energy-density Storage; High Reactivity; Higher Energy Density; Kinetic Monte Carlo; Lithium Metal Anode; Lithium Metal Battery; Lithium Metals; Metallic Lithium; Solid Electrolyte Interphase; Vinylene Carbonates; Anodes"
"Synergistic ionic-molecular coordination engineering in weakly solvating ether electrolytes for stable high-voltage lithium metal batteries","2025","Energy Storage Materials","10.1016/j.ensm.2025.104467","https://www.scopus.com/inward/record.uri?eid=2-s2.0-105011069846&doi=10.1016%2Fj.ensm.2025.104467&partnerID=40&md5=de272ad7b6906d2c2d8259d79d4c62de","Lithium metal batteries (LMBs) face critical challenges such as uncontrolled Li dendrite growth, unstable interfaces, and irreversible inactive Li formation. This study proposes an ionic-molecule synergistic electrolyte engineering strategy utilizing a weakly solvating electrolyte (WSE) with dual additives—lithium nitrate (LiNO₃) and tris(pentafluorophenyl)borane (TPFPB). The molecular interactions between TPFPB and NO₃⁻ allow LiNO₃ to be effectively dissolved in DOX. Meanwhile, TPFPB coordinates with FSI⁻ anions to facilitate salt dissociation. These processes optimise the solvation structure towards contact ion pairs (CIPs) and aggregates (AGGs). Density functional theory (DFT) calculations and molecular dynamics (MD) simulations confirm that the solvation structure has been effectively optimized through the introduction of synergistic additives, which promotes the formation of inorganic-rich interfacial layers to protect both the anode and the cathode. Consequently, Li||LiFePO₄ cells maintain 98.14 % capacity retention over 480 cycles at 1 C. Moreover, a full battery assembled with high-loading LiNi<inf>0.8</inf>Co<inf>0.1</inf>Mn<inf>0.1</inf>O<inf>2</inf> cathode (1.82 mAh cm⁻²) coupled with ultrathin Li anode (50 μm) retains 88.0 % capacity after 250 cycles under high-voltage operation (4.4 V). This work elucidates an ionic-molecular coordination paradigm for WSE design, providing insights into next-generation electrolyte engineering in practical high-energy-density lithium metal batteries. Furthermore, the proposed strategy holds broader implications for the development of other metal-based battery systems, including but not limited to Na, K, Mg, and Zn multivalent ion systems. © 2025 Elsevier B.V., All rights reserved.","Ether Electrolytes; High-voltage; Lino3; Lithium Metal Batteries; Weakly Solvating Electrolytes; Additives; Anodes; Binary Alloys; Boron Compounds; Cathodes; Cobalt Compounds; Dissociation; Electrolytes; Ions; Lead Compounds; Lithium Compounds; Lithium-ion Batteries; Molecular Dynamics; Molecular Structure; Solvation; Critical Challenges; Dendrite Growth; Ether Electrolyte; High-voltages; Lithium Metal Battery; Lithium Metals; Solvation Structure; Tris(pentafluorophenyl)borane; Unstable Interfaces; Weakly Solvating Electrolyte; Design For Testability"
"Effects of external pressure on all-solid-state batteries: comprehensive review and analysis","2025","Energy Storage Materials","10.1016/j.ensm.2025.104461","https://www.scopus.com/inward/record.uri?eid=2-s2.0-105011068107&doi=10.1016%2Fj.ensm.2025.104461&partnerID=40&md5=b35b03367d2edbd461f261f6c2a07d27","All-solid-state batteries (ASSBs) offer next-generation energy storage solutions with high energy density and enhanced safety. A central challenge remains the solid-solid interfacial contact between electrodes and solid electrolytes. While external pressure improves contact and ionic conductivity, excessive pressure induces cracking and mechanical degradation. This review discusses the interplay of mechanical factors in sulfide, oxide, and polymer electrolytes, as well as lithium metal and alloy anodes and layered oxide cathodes. We assess the material-specific pressure requirements and their impact on structural integrity and electrochemical performance. Strategies for optimizing fabrication and operational pressure are discussed to enable robust, scalable ASSB designs. © 2025 Elsevier B.V., All rights reserved.","All-solid-state Batteries; Deformation Mechanisms; Interfacial Impedance; Pressure-induced Solid-state Batteries; Solid Electrolytes; Stack Pressure; Electrodes; Ionic Conduction In Solids; Lithium Compounds; Solid Solutions; Solid State Devices; Solid-state Batteries; Sulfur Compounds; All-solid-state Battery; Deformation Mechanism; Energy; External Pressures; Higher Energy Density; Interfacial Impedance; Pressure-induced Solid-state Battery; Solid State Batteries; Stack Pressure; Storage Solutions; Solid Electrolytes"
"Enabling anion-anchoring and anti-degradation cellulose separators for sodium metal batteries","2025","Energy Storage Materials","10.1016/j.ensm.2025.104463","https://www.scopus.com/inward/record.uri?eid=2-s2.0-105010958785&doi=10.1016%2Fj.ensm.2025.104463&partnerID=40&md5=45dcc5ce05da98437077e4fecb3efadb","Renewable cellulose biopolymers have emerged as sustainable and efficient separator materials for sodium metal batteries, owing to their capacity to regulate ion transport and sodium deposition. In this study, we engineer nanocellulose separators by introducing a Zr-O complex coating layer, which negates the intrinsically strong hydrogen bond interactions in conventional nanocellulose, endowing the separator with anti-degradation and anion-anchoring properties. The Zr-O complex not only preserves the nanofibrous network and improves the electrochemical stability of nanocellulose but also expands and stabilizes ion transport channels. More importantly, this Zr-O complex coating transforms the predominantly Na+ ions adsorption on carboxyl groups into preferentially ClO<inf>4</inf>- anions immobilization, leading to a high Na+ transference number of 0.76. Meanwhile, both experimental and calculation results demonstrate that the intrinsic ferroelectric properties of the Zr-O complex promote the reduction of ClO<inf>4</inf>- anions, and facilitate the formation of a NaCl/NaF-enriched solid electrolyte interphase. These enhancements significantly improved cycle stability, with the Na||Na cells operating over 1100 h at 0.25 mA cm-2/0.25 mAh cm-2, about 2.6 times longer than traditional cellulose separators. This research offers new insights into the development of sustainable, and high-performance rechargeable sodium metal batteries through the innovative engineering of natural biopolymers. © 2025 Elsevier B.V., All rights reserved.","Anions Regulation; Cellulose; Separator; Sodium Metal Anode; Solid-electrolyte Interphase; Biopolymers; Coatings; Complex Networks; Complexation; Electrodes; Ion Exchange; Ions; Nanocellulose; Sodium; Sodium Chloride; Solid Electrolytes; Solid-state Batteries; Zirconium Compounds; Anchorings; Anion Regulation; Coating Layer; Ion-transport; Metal Anodes; Nano-cellulose; Renewables; Separator Material; Sodium Metal Anode; Solid Electrolyte Interphase; Separators; Ion Exchange; Sodium Chloride"
"Trace polytetrafluoroethylene constructing Na3V2(PO4)3/Na3V2(PO4)2F3 heterostructure with multi-electron reaction and self-enhanced built-in electric field","2025","Energy Storage Materials","10.1016/j.ensm.2025.104462","https://www.scopus.com/inward/record.uri?eid=2-s2.0-105010883647&doi=10.1016%2Fj.ensm.2025.104462&partnerID=40&md5=a01c1ea1ee2aacbc4d93ce5e46e64328","Na<inf>3</inf>V<inf>2</inf>(PO<inf>4</inf>)<inf>3</inf> (NVP) suffers from the poor electronic conductivity, as well as relatively low capacity and energy. Herein, trace polytetrafluoroethylene (PTFE) is introduced into NVP inducing a dual-phase NVP/Na<inf>3</inf>V<inf>2</inf>(PO<inf>4</inf>)<inf>2</inf>F<inf>3</inf>(NVPF) heterostructure with self-enhanced built-in electric field to regulate multi-electron reactions. XAFS reveals NVP/C@PTFE-4 wt% behaves lower valence state of vanadium, which releases more reversible capacities. Moreover, the shorter V-O bond makes VO<inf>6</inf> octahedral structure maintaining high structural stability. Na23 NMR verifies the extra Na3 site for NVPF is activated in NVP/C@PTFE-4 wt%, suggesting more active Na+ could participate the electrochemical redox reactions. Significantly, two prolonged and reversible charge and one syncretic discharge platforms at above 3.7 V are realized, effectively improving the capacity and energy density. Deeply, charge compensation mechanism is comprehensively investigated by ex-situ XRD/XPS, further implying the high electrochemical reversibility and near-zero strain characteristic. Ex-situ high temperature XRD expounds the growing mechanism of NVP/NVPF hetergeneous construction. Notably, the NVP/NVPF heterojunction induces a self-enhanced built-in electric field between the hetergeneous interfaces resulting from the difference of work function and band gap, which is explored by DFT calculations and UPS/UV/XPS. Furthermore, the heterostructure greatly benefits for the kinetic characteristics in terms of DOS and energy barrier studied by DFT calculations. © 2025 Elsevier B.V., All rights reserved.","Heterostructure; Multi-electron Reaction; Na3v2(po4)3; Polytetrafluoroethylene; Sodium Ion Batteries; Charging (batteries); Chemical Bonds; Density Functional Theory; Electric Discharges; Energy Gap; Fluorine Compounds; Metal Ions; Redox Reactions; Sodium Compounds; Stability; Vanadium Compounds; Built-in Electric Fields; Dft Calculation; Dual Phase; Dual Phasis; Electronic Conductivity; Energy; Multi-electron; Multi-electron Reaction; Sodium Ion Batteries; Xafs; Heterojunctions; Sodium-ion Batteries"
"Synchronized regulating Zn2+ depositing/stripping processes to achieve ultra-stable aqueous zinc metal batteries","2025","Energy Storage Materials","10.1016/j.ensm.2025.104451","https://www.scopus.com/inward/record.uri?eid=2-s2.0-105010843438&doi=10.1016%2Fj.ensm.2025.104451&partnerID=40&md5=ec8327d91d5f3100d2edfcb407cafb21","The dendrites and parasitic reactions of zinc anodes constitute the critical bottleneck limiting the stable cycling of aqueous zinc-ion batteries. Regulating the depositing process of zinc ions and regulating the stripping process of zinc ions are both important to circumvent these parasitic reactions and zinc dendrites. However, there is still a lack of simple strategies that can effectively regulate the deposition and stripping behaviors of zinc ions on two opposite electrodes simultaneously. To address this challenge, we engineer copper disodium ethylenediaminetetraacetate (EDTA-CuNa<inf>2</inf>) as a multifunctional electrolyte additive to efficiently and synchronously regulate both Zn2+ depositing and stripping processes. On the deposition side, Cu2+ maintains persistent exposure of zincophilic alloy sites, reducing the overpotential of zinc nucleation, while Na+ suppresses the growth of zinc dendrites via electrostatic shielding effects. On the stripping side, the interfacial molecular layer arranged by adsorbed EDTA4- ligands facilitates uniform zinc stripping and prevents the proximity of sulfate ions to the electrode, which evades the formation of electrode surface defects caused by disordered Zn2+ stripping as well as the generation and aggregation of alkali by-products, thus maintaining the flatness of the stripping surface. The synergistic effect of the two aforementioned functions results in excellent cycling stability: Zn||Zn symmetric batteries manifest the stable cycling over 2500 h at 30 mA cm-2/1 mAh cm-2, and Zn||Cu half-batteries maintain >3700 cycles at 1 mA cm-1/0.5 mAh cm-2. This research delivers an exemplification for electrolyte additive-enabled uniform zinc deposition and stripping, carving out a novel pathway for realizing highly stable zinc-metal batteries. © 2025 Elsevier B.V., All rights reserved.","Edta-cuna2; Electrolyte Additive; Uniform Zn2+ Depositing; Uniform Zn2+ Stripping; Zinc Metal Batteries; Additives; Anodes; Copper Alloys; Copper Compounds; Deposition; Electrolytes; Ions; Secondary Batteries; Sodium Alloys; Sodium Compounds; Sulfur Compounds; Ternary Alloys; Zinc Alloys; Zinc Compounds; Zinc Deposits; Edta-cuna2; Electrolyte Additives; Stripping Process; Uniform Zn2+ Depositing; Uniform Zn2+ Stripping; Zinc Ions; Zinc Metal; Zinc Metal Battery; Zn 2+; Surface Defects"
"High-entropy engineering of Prussian blue analog enables high-stable Mn-ion storage with ion selectivity and structure stability","2025","Energy Storage Materials","10.1016/j.ensm.2025.104457","https://www.scopus.com/inward/record.uri?eid=2-s2.0-105010837053&doi=10.1016%2Fj.ensm.2025.104457&partnerID=40&md5=6300544f86c4320303f1674698ecb563","In aqueous manganese (Mn) ion storage, the proton co-insertion phenomenon is frequently observed. Although high-entropy structures have been designed for tailorable functional characteristics, their specific influence on Mn2+/H+ ion selective storage remains unexplored. Herein, by using a Mn-based Prussian blue analog (Mn-PBA) as a model material, the effect of a high-entropy structure on aqueous Mn-ion storage is investigated. The results reveal that Mn2+ insertion is dominant in the Mn-based high-entropy PBA (Mn-HEPBA) cathode, while H+ co-insertion occurs prominently in Mn-PBA in the common MnSO<inf>4</inf> electrolyte. Density functional theory (DFT) calculations demonstrate the preferential adsorption of Mn2+ via high-entropy engineering while Mn-PBA shows non-spontaneous adsorption. In addition, finite element analysis proves the stress-distribution ability of Mn-HEPBA with better structural stability, resulting in a long-term cycling stability with a negligible 0.002 mAh g-1 capacity degradation per cycle. These findings highlight high-entropy materials as a valuable model for the future development of high-performance manganese-ion batteries. © 2025 Elsevier B.V., All rights reserved.","High-entropy; Ion Selectivity; Mn-ion Batteries; Prussian Blue Analog; Stress-dispersion; Entropy; Ions; Manganese; Manganese Compounds; Manganese Removal (water Treatment); Stability; Storage (materials); Sulfur Compounds; Entropy Structures; High-entropy; Ion Batteries; Ion Selectivity; Ion Storage; Ion Structures; Manganese Ions; Manganese-ion Battery; Prussian Blue Analogues; Stress Dispersion; Density Functional Theory"
"Advances and strategic applications of layered double hydroxides in high-performance zinc-based batteries","2025","Energy Storage Materials","10.1016/j.ensm.2025.104454","https://www.scopus.com/inward/record.uri?eid=2-s2.0-105010693458&doi=10.1016%2Fj.ensm.2025.104454&partnerID=40&md5=4d17e3823632e78a28825fe19f908050","Zinc-based batteries have attracted considerable attention as promising energy storage systems owing to their low cost, high safety, and environmental sustainability. Nevertheless, the cycle life and energy density of zinc-based batteries are significantly constrained by multiple factors: dendrite growth, hydrogen evolution corrosion, and passivation at the zinc anode; structural instability and dissolution of cathode; as well as side reactions in aqueous electrolytes. Layered double hydroxides (LDHs), with their unique anion-exchange capability, tunable interlayer structure, and confinement effects, have emerged as effective materials for enhancing the electrochemical performance of zinc-based batteries. This review systematically summarizes recent advances in the application of LDHs, LDHs derivatives and LDHs composites in electrode modification, separator design, and electrolyte optimization. The structure-property relationship of LDHs and their impact on batteries performance are comprehensively discussed. Furthermore, we outline potential strategies to overcome existing limitations and propose future research directions to advance LDHs in zinc-based batteries. This work aims to provide valuable insights for the development of high-performance and commercially viable zinc-based batteries systems. © 2025 Elsevier B.V., All rights reserved.","Confinement Effect; Energy Storage And Conversion; Layered Double Hydroxides; Structure Optimization; Zinc-based Batteries; Anodes; Charging (batteries); Composite Films; Electrolytes; Energy Storage; Secondary Batteries; Sustainable Development; Zinc; Zinc Compounds; Confinement Effects; Energy; Energy Storage And Conversions; High Safety; Layered-double Hydroxides; Low-costs; Performance; Storage Systems; Structure Optimization; Zinc-based Battery; Structural Optimization"
"Durable low-temperature sodium metal batteries enabled by solvent−interaction regulation in solvation structure","2025","Energy Storage Materials","10.1016/j.ensm.2025.104453","https://www.scopus.com/inward/record.uri?eid=2-s2.0-105010691452&doi=10.1016%2Fj.ensm.2025.104453&partnerID=40&md5=e857355045b5db40a9fa678eb9ce7846","Sodium metal batteries (SMBs) have emerged as a promising option for next-generation electrochemical energy storage technologies. Unfortunately, restricted by the sluggish Na+ transport kinetics and unstable electrode/electrolyte interphase, SMBs suffer from severe performance deterioration under extreme temperatures. Herein, a low-concentration electrolyte with weak Na+−solvent interaction is constructed, which endows facile desolvation and fast ionic conduction at low temperature. Furthermore, we investigated the interaction mechanism between solvents and elucidated its crucial influence in regulating the solvation structure. This synergistic effect facilitates the formation of a thin, dense, and inorganic-rich cathode/electrolyte interphase, optimizing the interfacial chemistry and accelerating the interfacial dynamics at low temperature. As a result, Na<inf>0.67</inf>Ni<inf>0.33</inf>Mn<inf>0.67</inf>O<inf>2</inf>//Na batteries employing this electrolyte display a high capacity retention of 92.6% after 200 cycles under −40 °C. This work presents valuable insights into the critical role of solvent−solvent interactions in electrolyte design, and provides a feasible guideline for developing low-temperature electrolytes. © 2025 Elsevier B.V., All rights reserved.","Cathode/electrolyte Interphase; Electrolyte; Low Temperature; Sodium Metal Batteries; Solvation Structure; Cathodes; Deterioration; Sodium; Sodium Compounds; Solvation; Solvents; Temperature; Cathode/electrolyte Interphase; Electrochemical Energy Storage; Energy Storage Technologies; Extreme Temperatures; Lows-temperatures; Performance Deterioration; Sodium Metal Battery; Solvation Structure; Solvent Interactions; Transport Kinetic; Electrolytes"
"Viscoelastic solid-liquid mix-phase metal: A smart deformable and dual-conductive interfacial layer for stable solid-state Li battery","2025","Energy Storage Materials","10.1016/j.ensm.2025.104419","https://www.scopus.com/inward/record.uri?eid=2-s2.0-105010681571&doi=10.1016%2Fj.ensm.2025.104419&partnerID=40&md5=1f81508d55fdb184be1c8a44b57a3d16","An effective interfacial strategy, which should have tailorable volumetric stability and adaptive affinity, is the key to overcome the big challenge of poor and unstable interfacial contact faced by solid-state lithium batteries. Here, we report a smart viscoelastic liquid-metal-based layer to stabilize the lithium/LAGP interface, which can reversible dynamic-transmit between liquid metal and solid lithium alloy. The resulted co-existence of such mix-phase endow the interfacial layer durable electronic-ionic conductive capability with adaptive deformability to response the system stresses. A high reversible strain storage capability of 83 % was observed by electrochemical Raman device and nano-indentation for such solidify/liquify lithiated liquid metal (LLM) mix-phase layer. With prominent merits in both fluidity and electron/ionic conductivity, the as-fabricated LLM layer guarantees extraordinary interfacial stability, which enables a radically decreased resistance of lithium/LAGP electrolyte from 2000 Ω to 520 Ω. Of particular, with the deformability of the LLM layer, the assembled symmetric cell delivered an ultra-long lifespan over 4500 h and stable durability. This work affords the creative construction of a viscoelastic liquid-metal-based layer for appropriate phase variation and prolonged contact stability towards interfacial reliability, leading to enormous prospects in developing solid-state lithium batteries. © 2025 Elsevier B.V., All rights reserved.","Interfacial Layer; Liquid Metal, Lithium Alloy • Lagp Electrolyte; Solid-state Battery; Formability; Liquid Metals; Lithium Alloys; Lithium Batteries; Phase Interfaces; Solid Electrolytes; Solid State Devices; Solid-state Batteries; Interfacial Layer; Li-battery; Liquid Metal, Lithium Alloy • Lagp Electrolyte; Metal Layer; Metals A; Solid State Batteries; Solid-state Lithium Batteries; Solid/liquid; Viscoelastic Liquid; Viscoelastic Solids; Viscoelasticity"
"Unlocking the potential of Lithium-rich layered oxides in all-solid-state batteries: Challenges and strategies","2025","Energy Storage Materials","10.1016/j.ensm.2025.104450","https://www.scopus.com/inward/record.uri?eid=2-s2.0-105010566936&doi=10.1016%2Fj.ensm.2025.104450&partnerID=40&md5=d0a43ef86cd8a534e81d67857027af0e","Lithium-rich cathode materials (LRCM) stand out as promising high-capacity cathodes (>300 mAh/g) for next-generation solid-state lithium-ion batteries (SSLIBs) owing to their unique anionic/cationic synergistic redox mechanisms. However, their deployment in liquid electrolytes is hampered by issues like irreversible capacity loss, voltage decay, and poor cycling stability. Integration with solid-state electrolytes (SSEs) offers a compelling pathway to overcome these limitations, capitalizing on the enhanced thermal stability, suppressed transition metal dissolution, and wider electrochemical stability window inherent to SSLIBs. This review systematically examines the evolution of LRCM within SSLIBs, emphasizing their structural advantages for high-voltage operation. Crucially, we identify and analyze three fundamental interfacial challenges impeding their performance: (1) sluggish interfacial charge transfer kinetics, (2) detrimental chemical/electrochemical side reactions at high voltages, and (3) mechanical degradation induced by oxygen release. To address these challenges, we provide a comprehensive and critical overview of state-of-the-art modification strategies, encompassing tailored material composition design, advanced interface engineering, and multiscale structural optimization. Furthermore, we propose forward-looking synergistic design paradigms that integrate machine learning-accelerated materials discovery with advanced characterization techniques, aiming to elucidate the critical structure-interface-property relationships governing LRCM performance in SSLIBs across multiple length scales. By bridging fundamental mechanistic understanding with practical engineering considerations, this review offers crucial insights and strategic guidance for the rational design and development of high-energy-density SSLIBs based on LRCM. © 2025 Elsevier B.V., All rights reserved.","High-energy Density; Interface Engineering; Lithium-rich Cathode Materials; Solid-state Lithium-ion Batteries; Structural Design; Cathodes; Charging (batteries); Interface States; Lithium Compounds; Lithium-ion Batteries; Phase Interfaces; Reaction Kinetics; Redox Reactions; Solid Electrolytes; Solid State Devices; Solid-state Batteries; Strategic Materials; Structural Optimization; All-solid-state Battery; Cathodes Material; Cationics; High Capacity Cathodes; Higher Energy Density; Interface Engineering; Lithium Rich; Lithium-rich Cathode Material; Lithium-rich Layered Oxides; Solid State Lithium Ion Battery; Structural Design"
"Advancing highly reversible zinc electrode: Principles and strategies for electron and ion transport kinetics regulation","2025","Energy Storage Materials","10.1016/j.ensm.2025.104446","https://www.scopus.com/inward/record.uri?eid=2-s2.0-105010564866&doi=10.1016%2Fj.ensm.2025.104446&partnerID=40&md5=fd00ff4fcd737f61a725de3dd81d7c82","The progressively growing demand for renewable energy such as wind and solar power has significantly stimulated the development of reliable and economical grid-level energy storage devices. Secondary zinc-based batteries based on aqueous electrolytes have garnered intense interest due to their high theoretical specific capacity, inherent safety, and low cost. However, the large-scale application of rechargeable aqueous zinc-based batteries (AZBs) is hindered by their unsatisfactory cycling stability and Coulombic efficiency, caused by zinc dendrite growth and detrimental side reactions. In principle, the interface chemistry of zinc electrode dominantly depends on electric and ion concentration fields. Herein, this review concentrates on fundamentals of zinc dendrites growth and parasitic reactions occurring within the zinc electrode and provides the underlying guidelines for the interface engineering, with an emphasis on electron and ion transport kinetics regulation. Besides, future perspectives are proposed to inspire researchers to design highly reversible zinc electrode. It is anticipated that this work can provide the scientific guidance for promoting practical applications of AZBs. © 2025 Elsevier B.V., All rights reserved.","Aqueous Zinc-based Batteries; Electric Field Regulation; Ion Concentration Field Regulation; Zinc Electrode; Concentration (process); Electrodes; Growth Kinetics; Ions; Reaction Kinetics; Zinc; Zinc Plating; Aqueous Zinc-based Battery; Concentration Fields; Electric Field Regulation; Electron Transport; Ion Concentration Field Regulation; Ion Concentrations; Ion-transport; Transport Kinetic; Zinc Dendrites; Zinc Electrodes; Solar Energy"
"Bioinspired osmolyte regulation enabling all-climate operation in aqueous zinc ion batteries","2025","Energy Storage Materials","10.1016/j.ensm.2025.104458","https://www.scopus.com/inward/record.uri?eid=2-s2.0-105010559410&doi=10.1016%2Fj.ensm.2025.104458&partnerID=40&md5=0805169dc1f4f6c3f076628239364ba1","Aqueous Zn-ion batteries have emerged as one of the most representative technologies for large-scale energy storage, owing to their high safety and cost-effectiveness. However, their practical implementation is hindered by these challenges including rampant Zn dendrites, parasitic side reactions, and limited thermal operating windows. Herein, we introduce proline, a biocompatible zwitterionic osmolyte with both hydrogen-bond acceptors and donors, to broaden operation temperature and stabilize Zn anode. The incorporation of proline molecules disrupts the hydrogen-bond network of water molecules to reduce the freezing point and suppress hydrogen evolution reactions for all-climate adaptability. Additionally, proline molecules reconstruct the solvation structure of Zn2+ and preferentially adsorb on the Zn surface to promote Zn2+ homoepitaxially growth along the (002) plane, suppressing dendrites formation and side reactions. As a result, Zn||Zn symmetric cells display long lifespan over 3000 h at 50 °C (0.5 mA cm−2 and 0.5 mAh cm−2) and 4000 h at −30 °C (0.2 mA cm−2 and 0.2 mAh cm−2), respectively. Zn||NH<inf>4</inf>V<inf>4</inf>O<inf>10</inf> full cells exhibit improved cycling stability across a wide temperature window (−30 to 50 °C). © 2025 Elsevier B.V., All rights reserved.","Aqueous Zinc Ion Batteries; Dendrite-free; Wide Operation Temperature; Zwitterionic Osmolytes; Cost Effectiveness; Dendrites (metallography); Hydrogen Bonds; Hydrogen Evolution Reaction; Ions; Molecules; Zinc; Zinc Compounds; Aqueous Zinc Ion Battery; Dendrite-free; Ion Batteries; Operation Temperature; Osmolytes; Side Reactions; Wide Operation Temperature; Zinc Ions; Zwitterionic Osmolyte; Zwitterionics; Biocompatibility"
"Tuning π-π carbon restacking hindrance to remodify hard carbon crystallites for advanced sodium energy","2025","Energy Storage Materials","10.1016/j.ensm.2025.104455","https://www.scopus.com/inward/record.uri?eid=2-s2.0-105010329559&doi=10.1016%2Fj.ensm.2025.104455&partnerID=40&md5=1a3e7e0cccd0a504e490c483d653a586","Hard carbon imposes great importance to boost the deployment of sodium-ion batteries (SIBs) for grid-scale energy storage. However, the precise structure regulation of carbon crystallites is highly critical yet intractable. Herein, we demonstrate a powerful steric bridging strategy to manipulate the pseudographitic crystallites of hard carbon for advanced sodium storage. Molecules with branched carboxyl groups are revealed to enable strong steric bridging effect with carbon precursors, which significantly hinders the π-π restacking of carbon layers upon pyrolysis. This effect yields twisted pseudographitic crystallites with a favorable feature of extended carbon interlayer spacing and a concomitant closed pore structure. Accordingly, the refined sample delivers an enhanced capacity of 323.9 mAh g−1 accompanying with a high initial Coulombic efficiency of 87.4 % and superior cycling lifespan over 4500 cycles. Extensive characterizations are conducted to unveil the interface kinetics and the associated sodium storage mechanism. The study explicitizes the molecular bridging tactic to finely remodify the microstructure of hard carbons for high-performance SIBs. © 2025 Elsevier B.V., All rights reserved.","Anode; Hard Carbon; Pseudographitic Structure; Sodium-ion Batteries; Steric Bridging; Carbon; Crystallites; Metal Ions; Pore Structure; Carbon Crystallites; Carboxyl Groups; Energy; Grid Scale; Hard Carbon; Pseudographitic Structure; Restacking; Sodium Ion Batteries; Steric Bridging; Sterics; Sodium-ion Batteries"
"Optimization strategies for high performance zinc-ion hybrid supercapacitors: Advances in materials, interfaces and devices","2025","Energy Storage Materials","10.1016/j.ensm.2025.104449","https://www.scopus.com/inward/record.uri?eid=2-s2.0-105010190656&doi=10.1016%2Fj.ensm.2025.104449&partnerID=40&md5=162f15ed5ca410da9fddd941016e46f3","Zinc-ion hybrid supercapacitors (ZIHSs) have become a popular candidate for the next generation of energy storage systems due to their high safety, low cost, environmental friendliness, and high power density-high energy density balance. However, at present, ZIHSs still face low energy density, insufficient understanding of the electrochemical energy storage mechanism, and side reactions and stability issues of zinc anodes. Considerable efforts have been invested and many key advances have been made to address these practical application challenges in the recent years. This work analyzes the research advancements in zinc-ion supercapacitors, emphasizing their energy storage mechanisms, key material designs, and performance optimization strategies. First, the device composition and energy storage mechanisms of ZIHSs are introduced. Subsequently, methods to enhance the capacity and cycling stability, as well as improve the rate performance, are evaluated in terms of anode materials design, zinc anode modification strategies (involving interfacial engineering and structural design), and electrolyte optimization approaches (covering aqueous, quasi-solid-state, and multifunctional additives). Furthermore, the generation mechanisms of zinc dendrites and HER, along with corresponding interface modification strategies, are systematized. Novel optimization frameworks involving electrode materials are also presented. Finally, the opportunities and challenges confronting this field are discussed, and potential future research directions are outlined. Overall, this review provides novel perspectives and actionable recommendations for the advancement of ZIHSs. © 2025 Elsevier B.V., All rights reserved.","Anode; Cathode; Electrolyte; Interface Engineering; Zinc-ion Hybrid Supercapacitor; Additives; Anode Materials; Energy Storage; Engineering Research; Interfaces (materials); Storage (materials); Structural Design; Structural Optimization; Supercapacitor; Zinc; Energy; Hybrid Supercapacitors; Interface Engineering; Materials Design; Optimization Strategy; Performance; Storage Mechanism; Zinc Anodes; Zinc Ions; Zinc-ion Hybrid Supercapacitor; Anodes"
"Design strategies and challenges of ether electrolytes for advanced potassium-ion batteries","2025","Energy Storage Materials","10.1016/j.ensm.2025.104426","https://www.scopus.com/inward/record.uri?eid=2-s2.0-105009981497&doi=10.1016%2Fj.ensm.2025.104426&partnerID=40&md5=1b808f65a194d62b72682b1025a9dce9","Potassium-ion batteries (PIBs), possessing similar intercalation chemistry with Li-ion batteries but higher resource abundance, have been considered attractive supplements for large-scale energy storage applications. The low redox potential of K+/K in organic electrolytes (close to Li+/Li) necessitates electrolytes with excellent reduction stability, encouraging the wide utilization of ether electrolytes. We present recent advances in electrolyte design, including increasing the molecular chain length, extending the terminal groups, and regulating salt concentration. The rationale under such modifications has been analyzed, and their effect on thermal/electrochemical stability and solvation power has been discussed. We then outline the efforts of using ether electrolytes in circumventing solvent co-intercalation for application in graphite anodes and building stable solid electrolyte interphases for high-capacity alloy and K metal anodes. Furthermore, we highlight practical application limitations and discuss the feasible paths to overcome these challenges. We hope a timely review of the accomplishments in the field and an open discussion on the pending issues will benefit ether electrolyte design for promoting PIBs development. © 2025 Elsevier B.V., All rights reserved.","Ether Electrolytes; Insertion Chemistry; Potassium-ion Batteries; Solid Electrolyte Interphases; Anodes; Chain Length; Intercalation; Ions; Lithium Compounds; Lithium-ion Batteries; Potassium; Redox Reactions; Solid-state Batteries; Design Challenges; Design Strategies; Ether Electrolyte; Insertion Chemistry; Intercalation Chemistry; Ion Batteries; Potassium Ions; Potassium-ion Battery; Resource Abundance; Solid Electrolyte Interphase; Solid Electrolytes"
"Zn-ion Batteries: From Fundamental Mechanisms to Innovative Breakthroughs in Biomass-based Electrolytes and Separators","2025","Energy Storage Materials","10.1016/j.ensm.2025.104442","https://www.scopus.com/inward/record.uri?eid=2-s2.0-105009930910&doi=10.1016%2Fj.ensm.2025.104442&partnerID=40&md5=274ca431b4bdfcb6c5dda43500816fb3","Zn-ion batteries have attracted considerable attention due to their safety, economic viability, and environmental sustainability, positioning them as a promising alternative for large-scale energy storage solutions. The key components include a Zn metal anode with high specific capacity, stable and high-capacity cathode materials, and electrolytes with high ionic conductivity and mechanical strength. Despite progress in the development of high-performance electrodes and electrolyte materials, challenges such as dendrite growth, hydrogen evolution, self-corrosion, by-products, and liquid leakage persist. The issues are closely related to the Zn/electrolyte interface, making interface engineering design crucial. Biomass-derived materials hold promise as sustainable components for ""green batteries."" This review examines the mechanisms of Zn-ion batteries, focusing on the behavior of the Zn anode, dendrite suppression, and improvements in plating/stripping efficiency. This paper examines the reaction mechanisms of organic materials as cathode materials and the advantages and challenges associated with aqueous electrolytes. It subsequently focuses on the potential of biomass-derived materials in Zn-ion batteries, particularly their applications as functional additives and solid-state electrolytes. Biomass holds significant promise in advancing efficient and environmentally sustainable ""green battery"" technologies. To accelerate their commercialization, improvements in processing techniques are essential to maximize biomass utilization efficiency and cost-effectiveness. © 2025 Elsevier B.V., All rights reserved.","Anode Materials; Biomass-derived Materials; Cathode Materials; Electrolyte Materials; Zn-ion Batteries; Additives; Anode Materials; Biomass; Cathode Materials; Cathodes; Corrosion; Cost Effectiveness; Interfaces (materials); Ionic Strength; Solid Electrolytes; Solid-state Batteries; Anode Material; Biomass-derived Material; Cathodes Material; Derived Materials; Economic Viability; Electrolyte Material; Fundamental Mechanisms; Ion Batteries; Zn Ions; Zn-ion Battery; Anodes"
"Potent anionophilic bimetallic frameworks enabling lithium dendrite-free deposition for high-performance lithium batteries","2025","Energy Storage Materials","10.1016/j.ensm.2025.104444","https://www.scopus.com/inward/record.uri?eid=2-s2.0-105009896656&doi=10.1016%2Fj.ensm.2025.104444&partnerID=40&md5=a1c8d3e0633897d72e80588658f2e605","Lithium metal batteries (LMBs) have attracted significant attention due to their high theoretical capacity and low electrochemical potential. However, the growth of lithium dendrites severely restricts their practical applications. In this study, a zeolite imidazolate-based nano-BMOF (ZNB) electrolyte additive is proposed to effectively inhibit the growth of lithium dendrites by regulating the anion distribution and promoting the uniform deposition of lithium ions. The experimental results demonstrate that the ZNB-modified electrolyte significantly improves the electrochemical performance and achieves dendrite-free lithium deposition on copper electrodes. The strong anion adsorption by ZNB and its role in promoting lithium-ion solvation were further verified using density-functional theory (DFT) and ab initio molecular dynamics (AIMD) calculations. In Li||NCM523 batteries, the ZNB electrolyte achieves a capacity retention rate of 91 % after 200 cycles and a Coulombic efficiency of 99.03 %. In addition, the ZNB electrolyte significantly reduces the battery overpotential and improves the transport kinetics of lithium ions. This study presents a new approach to inhibit lithium dendrite growth and enhance the electrochemical performance of lithium metal batteries. © 2025 Elsevier B.V., All rights reserved.","Bimetallic Organic Frameworks; Electrolyte Additives; Homogeneous Lithium Deposition; Lithium Dendrite Inhibition; Lithium Metal Batteries; Additives; Binary Alloys; Density Functional Theory; Deposition; Electrochemical Electrodes; Electrolytes; Growth Kinetics; Ions; Lithium; Lithium Deposits; Lithium-ion Batteries; Organometallics; Bimetallic Organic Framework; Bimetallics; Electrolyte Additives; Homogeneous Lithium Deposition; Lithium Dendrite; Lithium Dendrite Inhibition; Lithium Ions; Lithium Metal Battery; Lithium Metals; Organics; Molecular Dynamics"
"Rational design of catalysts for lithium–sulfur batteries based on descriptors: progress and prospects","2025","Energy Storage Materials","10.1016/j.ensm.2025.104429","https://www.scopus.com/inward/record.uri?eid=2-s2.0-105009838617&doi=10.1016%2Fj.ensm.2025.104429&partnerID=40&md5=48c703ea9a3b6a797192fc8d67c6d40e","The shuttling effect and sluggish conversion kinetics of lithium polysulfides severely hinder the practical application of lithium–sulfur (Li–S) batteries. Introducing catalysts to accelerate sulfur conversion kinetics has emerged as an efficient strategy to address these issues in Li–S batteries. However, traditional trial-and-error approaches to designing sulfur catalysts remain inefficient and unsystematic. Currently, rational sulfur catalyst design based on reactivity descriptors has been widely studied. The descriptors decipher the relationships between structure and catalytic performance, providing relatively standardized criteria for predicting and screening high-efficient sulfur catalysts. This review systematically summarizes the progress of descriptors-guided approaches for designing sulfur catalysts in Li–S chemistry, beginning with the fundamental mechanisms of sulfur redox reactions and key intermediate species involved in catalytic processes. Subsequently, reactivity descriptors including energetic, geometric, electronic and binary descriptors are introduced, and their merits and limitations are discussed. The integration of machine learning with descriptor-based methodologies is highlighted as a transformative approach for advanced catalyst screening. Furthermore, we present recent advances in descriptor-driven sulfur catalyst design. Finally, we identify current challenges and provide forward-looking perspectives on future developments in reactivity descriptor research for Li‒S batteries. © 2025 Elsevier B.V., All rights reserved.","Catalysts; Lithium–sulfur Batteries; Reactivity Descriptors; Sulfur Redox Conversion; Lithium Batteries; Lithium Compounds; Lithium Sulfur Batteries; Reaction Intermediates; Redox Reactions; Sulfur; Sulfur Compounds; Catalyst Designs; Conversion Kinetics; Descriptors; Lithium/sulfur Batteries; Rational Design; Reactivity Descriptor; Redox Conversion; Shuttling Effect; Sulphur Redox Conversion; ]+ Catalyst; Catalysts"
"Polyanionic-based cathode materials for K-ion batteries","2025","Energy Storage Materials","10.1016/j.ensm.2025.104416","https://www.scopus.com/inward/record.uri?eid=2-s2.0-105009826493&doi=10.1016%2Fj.ensm.2025.104416&partnerID=40&md5=662182ce54cf33e020b2af6e277241fb","The urgent need for sustainable energy storage solutions beyond lithium-ion batteries (LIBs) has propelled K-ion batteries (KIBs) into the spotlight, leveraging potassium's crustal abundance, cost-effectiveness, and favorable ionic mobility. This review critically examines the transformative potential of polyanionic cathode materials in addressing the unique challenges posed by K+ ions notably their large ionic radius (1.38 Å) and structural compatibility while capitalizing on their high-voltage operation and robust cycling stability. We elucidate the structural and electrochemical merits of polyanionic frameworks (e.g., phosphate, fluorophosphate, sulfates, and pyrophosphate), emphasizing their capacity to stabilize high-voltage operation (>4.0 V vs. K/K+) through inductive effects enabled by strong covalent X–O bonds (X = P, S, F). Key material families, including NASICON-type K<inf>3</inf>V<inf>2</inf>(PO<inf>4</inf>)<inf>3</inf>, fluorosulfate (KFeSO<inf>4</inf>F), and mixed polyanion systems (K<inf>4</inf>Fe<inf>3</inf>(PO<inf>4</inf>)<inf>2</inf>P<inf>2</inf>O<inf>7</inf>), are systematically analyzed to unravel structure-property-performance relationships. Advanced synthesis strategies such as sol-gel processing, hydrothermal templating, and electrochemical ion exchange are highlighted for their role in optimizing ionic/electronic conductivity and mitigating interfacial instability. Despite progress, challenges persist in balancing energy density (>400 Wh kg-1 calculated based on the cathode mass) with cyclability (>1000 cycles), necessitating synergistic strategies like nanoscale engineering, anion/cation co-doping, and conductive matrix integration. The review underscores the untapped potential of titanium- and manganese-based polyanionics, metastable fluorophosphate derivatives, and hierarchical architectures to overcome kinetic limitations. By bridging fundamental insights with scalable manufacturing considerations, this work provides a roadmap for advancing KIBs toward grid-scale storage and electrified transportation, circumventing lithium's geopolitical constraints while unlocking new frontiers in high-energy, sustainable electrochemistry. © 2025 Elsevier B.V., All rights reserved.","Cathode; High-voltage; K-ion Batteries; Polyanionic Frameworks; Strong Covalent Bond; Cathode Materials; Cost Effectiveness; Fluorine Compounds; Ion Exchange; Ionic Conduction In Solids; Ions; Lithium-ion Batteries; Manganese Compounds; Phosphorus Compounds; Potash; Scalability; Sol-gel Process; Sol-gels; Storage (materials); Sulfur Compounds; Titanium Dioxide; Cathodes Material; Fluoro-phosphates; High-voltage Operation; High-voltages; Ion Batteries; K-ion Battery; Polyanionic Framework; Polyanionics; Strong Covalent Bond; Sustainable Energy; Cathodes"
"Smart sensing breaks the accuracy barrier in battery state monitoring","2025","Energy Storage Materials","10.1016/j.ensm.2025.104410","https://www.scopus.com/inward/record.uri?eid=2-s2.0-105009801895&doi=10.1016%2Fj.ensm.2025.104410&partnerID=40&md5=de664a4f8f6ed317e1280c41b0edd23e","Accurate state-of-charge (SOC) estimation is essential for optimizing battery performance, ensuring safety, and maximizing economic value. Conventional current and voltage measurements, however, have inherent limitations in fully inferring the multiphysics-resolved dynamics inside battery cells. This creates an accuracy barrier that constrains battery usage and reduces cost-competitiveness and sustainability, across industries dependent on battery technology. In this work, we introduce an integrated sensor framework that combines novel mechanical, thermal, gas, optical, and electrical sensors with traditional measurements to break through this barrier. We generate three unique datasets with eleven measurement types and propose an explainable machine-learning approach for SOC estimation. This approach renders the measured signals and the predictive result of machine learning physically interpretable with respect to battery SOC, offering fundamental insights into the time-varying importance of different signals. Our experimental results reveal a marked increase in SOC estimation accuracy – enhanced from 46.1% to 74.5% – compared to conventional methods. This approach not only advances SOC monitoring precision but also establishes a foundation for monitoring additional battery states to further improve safety, extend lifespan, and facilitate fast charging. © 2025 Elsevier B.V., All rights reserved.","Battery; Explainable Machine-learning; Sensor-fusion; State Estimation; Battery Management Systems; Fast Charging (batteries); Learning Systems; Machine Learning; Safety Engineering; Secondary Batteries; State Of Charge; Battery; Battery Performance; Conventional Currents; Economic Values; Explainable Machine-learning; Machine-learning; Sensor Fusion; Smart Sensing; State Monitoring; State-of-charge Estimation; State Estimation"
"Universal strategy of Ca2+-mediated antifreeze electrolyte for ultralow-temperature aqueous Zinc-Ion batteries","2025","Energy Storage Materials","10.1016/j.ensm.2025.104438","https://www.scopus.com/inward/record.uri?eid=2-s2.0-105009770154&doi=10.1016%2Fj.ensm.2025.104438&partnerID=40&md5=1b6c23824587cad0ea09e9d9f4cae66f","Aqueous zinc-ion batteries (AZIBs) are considered as the promising candidate for energy storage due to high safety, eco-friendliness, and low-cost. However, the operation in extreme cold environments remains a critical challenge for applications. Herein we propose a universal design strategy of anti-freezing electrolyte using Ca2+ mediation for regulating hydrogen bond (HB) network and solvation structure. The Zn(ClO<inf>4</inf>)<inf>2</inf> electrolyte with CaCl<inf>2</inf> additive achieves an ultralow freezing point (-60.66 °C) and high ionic conductivity (1.79 mS cm-1 at -60 °C). Molecular dynamics simulations reveal the Ca2+-induced the regulation of HBs and competitive hydration, which reduces Zn2+coordination numbers from 5.75 to 4.69. This optimization lowers energy barriers for rapid reaction kinetics, enabling long-term cycling stability (>1100 h for Zn||Zn), high Coulombic efficiency (99.61 % over 600 cycles for Zn||Cu), and 70.62 % capacity retention after 350 cycles in full cells at -60 °C. Remarkably, this strategy is applicable to various systems such as Zn(ClO<inf>4</inf>)<inf>2</inf>, Zn(BF<inf>4</inf>)<inf>2</inf>, ZnCl<inf>2</inf>, and Zn(OTf)<inf>2</inf>, where freezing points drops >40 °C and all achieve long-term lifespan at -55 °C. It is expected that our work provides a universal framework for ultralow-temperature energy storage. © 2025 Elsevier B.V., All rights reserved.","Antifreeze Electrolyte; Aqueous Zinc-ion Batteries; Cationic Additive; Long-term Lifespan; Ultralow-temperature Operation; Additives; Chlorine Compounds; Coordination Reactions; Energy Storage; Freezing; Hydration; Hydrogen Bonds; Ions; Reaction Kinetics; Zinc; Zinc Chloride; Antifreeze Electrolyte; Aqueous Zinc-ion Battery; Cationic Additives; Ion Batteries; Lifespans; Long-term Lifespan; Temperature Operation; Ultra Low Temperatures; Ultralow-temperature Operation; Zinc Ions; Molecular Dynamics"
"Regulating Na/Fe antisite defects and suppressing elemental segregation toward a phase-pure Na4Fe2.91(PO4)2(P2O7) cathode with fast intercalation kinetics","2025","Energy Storage Materials","10.1016/j.ensm.2025.104432","https://www.scopus.com/inward/record.uri?eid=2-s2.0-105009735855&doi=10.1016%2Fj.ensm.2025.104432&partnerID=40&md5=0455f478efc95308ea5f3759f6bbfdd7","Na<inf>4</inf>Fe<inf>2.91</inf>(PO<inf>4</inf>)<inf>2</inf>(P<inf>2</inf>O<inf>7</inf>) (NFPP) is an attractive cathode material for commercial sodium-ion batteries. However, local phosphorus aggregation and Na/Fe antisite defects lead to the formation of a low-capacity Na<inf>2</inf>FeP<inf>2</inf>O<inf>7</inf> (N2FP) impurity and slow Na+ diffusion, which diminish its electrochemical performance. To address these challenges, we introduce a dual-site tungsten (W) doping strategy. The doping of W6+ at the Fe site suppresses Na/Fe antisite defects, redistributes electrons around Fe atoms, and creates Na vacancies through a charge compensation mechanism. This process reduces the band gap (from 2.82 to 0 eV) and lowers the Na+ migration energy barriers (from 3.30 to 1.76 eV). Furthermore, W forms [WO<inf>4</inf>] polyanion groups that partially replace [PO<inf>4</inf>], reducing local phosphorus concentration and the formation energy of NFPP phase, thereby limiting the generation of N2FP impurity. Notably, decreased Na/Fe antisite defect levels prevent unfavorable structural rearrangements during early cycles, reducing capacity decay in the first 40 cycles from 1.8 % to 0 %. As a result, W-doped NFPP exhibits a high discharge specific capacity (113.8 mAh g-1 at 0.1C between 2–4 V), long cycle life (stable for 2000 cycles at 20C), and excellent temperature stability (from -20 °C to 50 °C). This study provides a novel approach for designing high-performance NASICON-type cathode materials and advances the commercialization of sodium-ion batteries. © 2025 Elsevier B.V., All rights reserved.","Antisite Defects; Dual-site Doping; Impurity Control; Nasicon-type Cathodes; Sodium-ion Batteries; Cathode Materials; Cathodes; Defects; Electric Discharges; Energy Gap; Enzyme Kinetics; Impurities; Iron Compounds; Metal Ions; Phosphorus; Phosphorus Compounds; Sodium Compounds; Tungsten Compounds; Anti-site Defect; Cathodes Material; Dual Sites; Dual-site Doping; Elemental Segregation; Impurity Control; Nasicon Type; Nasicon-type Cathode; Phase Pure; Sodium Ion Batteries; Sodium-ion Batteries"
"Growth space engineering of closed pores in hard carbon for low-temperature sodium-ion batteries","2025","Energy Storage Materials","10.1016/j.ensm.2025.104415","https://www.scopus.com/inward/record.uri?eid=2-s2.0-105009492524&doi=10.1016%2Fj.ensm.2025.104415&partnerID=40&md5=db8575776341db59d24968b212e13fcd","Enhancing the energy density of low-temperature sodium-ion batteries (SIBs) requires hard carbon anodes with a pronounced low-potential plateau (LPP), which is intrinsically governed by the presence of closed pores. Understanding the formation mechanism of closed pores and developing alternative efficient strategies is crucial. Herein, the concept of ""growth space for closed pores"" is proposed, and a practical physical briquetting strategy followed by carbonization is developed to tailor the closed pore structure. A briquetting pressure of 5 MPa facilitates interconnection between precursor molecules, promoting carbon layer bending and reconstruction to form closed pores. In contrast, excessive pressure (25 MPa) inhibits closed pore development by constraining the growth space, leading instead to nanographitic domain formation. As an anode, the optimized sample LC-T5 delivers a reversible capacity of 365.8 mAh g-1 at 25 °C, including a high LPP capacity of 269.2 mAh g-1 at 0.02 A g-1. Notably, the LC-T5//NVP@C full cell demonstrates a voltage plateau of 169.3 mAh g-1 at ca. 3.3 V after 100 cycles with capacity retention rate of 90.8 % at -20 °C. This work offers mechanistic insights into closed pore formation and provides an efficient and universal strategy for designing high-performance hard carbon anodes for low-temperature sodium-ion batteries. © 2025 Elsevier B.V., All rights reserved.","Anode Materials; Hard Carbons; Low Temperature; Sodium-ion Batteries; Anode Materials; Anodes; Briquets; Briquetting; Carbonization; Metal Ions; Pore Size; Pore Structure; Porous Carbon; Temperature; Anode Material; Carbon Anodes; Carbonisation; Closed Pore; Efficient Strategy; Energy Density; Formation Mechanism; Hard Carbon; Lows-temperatures; Sodium Ion Batteries; Sodium-ion Batteries"
"Regulation of ion-dipolar and dipolar-dipolar interactions in aqueous electrolytes for supercapacitors with ultra-high cycle stability and low-temperature tolerance","2025","Energy Storage Materials","10.1016/j.ensm.2025.104414","https://www.scopus.com/inward/record.uri?eid=2-s2.0-105009140599&doi=10.1016%2Fj.ensm.2025.104414&partnerID=40&md5=3fa90519ca3b2a2e2be0929daf4b91bb","Aqueous supercapacitors are promising for sustainable and high-power energy storage, while suffer from rapid performance degradation at subzero temperatures and limited cycling stability, primarily due to low ion mobility and electrolyte freezing. This study addresses these challenges through molecular-level regulation of ion-dipolar and dipolar-dipolar interactions by introducing methanol (MeOH) as a cosolvent into a water-in-salt electrolyte (21 mol kg-1 LiTFSI/H2O), forming a diluted hybrid electrolyte. Results reveal that MeOH disrupts the original Li+-TFSI− binding via competitive ion dipolar coordination while reconstructing the hydrogen-bond network through preferential MeOH–H2O interactions. This dual regulation reduces the desolvation energy barrier for Li+ migration, suppresses parasitic interfacial reactions, and creates a low-freezing-point eutectic microenvironment. The optimized electrolyte exhibits an ultrawide liquid-phase range (−60 to 25 °C) and achieves an ionic conductivity of 2.8 mS cm−1 at −40 °C. The carbon-based supercapacitors demonstrate unprecedented cyclic durability with 94.2 % capacitance retention after nearly100,000 cycles at 2 V and maintain 84.3 % of room-temperature capacitance at −40 °C, showing superior cryo performance. This work validates the strategy of ion-dipolar and dipolar-dipolar interactions regulation for cryogenic SCs, providing fundamental insights into aqueous electrolyte engineering for extreme-condition energy storage devices. © 2025 Elsevier B.V., All rights reserved.","Aqueous Supercapacitors; Competitive Interactions; Cycling Stability; Electrolyte Regulation; Low Temperature; Electrolytes; Electrolytic Capacitors; Freezing; Hydrogen Bonds; Hydrogen Storage; Ions; Temperature; Virtual Storage; Aqueous Electrolyte; Aqueous Supercapacitor; Competitive Interactions; Cycling Stability; Dipolar-dipolar Interaction; Electrolyte Regulation; High Cycle; Li +; Lows-temperatures; Ultra-high; Capacitance; Supercapacitor"
"Origin and suppression of structural degradation in Ni-rich layered oxide cathodes at elevated temperatures","2025","Energy Storage Materials","10.1016/j.ensm.2025.104413","https://www.scopus.com/inward/record.uri?eid=2-s2.0-105008886192&doi=10.1016%2Fj.ensm.2025.104413&partnerID=40&md5=5be0992a513b4ab09da9d385fa90d7d8","Ni-rich layered oxide cathode materials are at the forefront of advancements in long-range electric vehicles. However, these materials confront significant challenges related to structural destabilization during cycling, especially when operated at elevated temperatures. Here we explore the intricate relationship between operating temperature, lattice resilience, and Ni content in Ni-rich cathodes. Our investigation emphasizes the crucial role of lattice thermal expansion in causing structural degradation and capacity fading of cathodes at elevated temperatures. The results reveal that higher Ni content intensifies the vulnerability of cathode structures to thermal expansion, particularly within the Li slabs, thereby expediting oxygen loss and phase transitions. To address the challenges associated with thermal-induced structural degradation, we propose introducing lattice distortion by incorporating large-radius elements, for example Na and La, to enhance the structural robustness of cathodes. The electrochemical results demonstrate that this strategy enables a Co-free ultrahigh-Ni cathode, Li<inf>0.99</inf>Na<inf>0.01</inf>Ni<inf>0.98</inf>La<inf>0.02</inf>O<inf>2</inf>, with a high discharge capacity (227.9 mAh g−1 at 0.1 C and 25 °C) and outstanding cycling stability (78.9 % capacity retention after 500 cycles at 1 C and 50 °C in pouch cells). These findings offer feasible guidance for boosting the performance of layered oxide cathodes under harsh conditions. © 2025 Elsevier B.V., All rights reserved.","Elevated Temperature; Li-ion Batteries; Ni-rich Cathodes; Structural Robustness; Thermal Expansion; Cathode Materials; Cathodes; Electric Discharges; Lithium Compounds; Lithium-ion Batteries; Nickel Oxide; Cathodes Material; Elevated Temperature; Ion Batteries; Layered Oxide Cathodes; Ni Content; Ni-rich Cathode; Operating Temperature; Structural Degradation; Structural Robustness; Thermal; Thermal Expansion"
"Moisture-scavenging electrolyte for high-temperature stable lithium-ion batteries","2025","Energy Storage Materials","10.1016/j.ensm.2025.104409","https://www.scopus.com/inward/record.uri?eid=2-s2.0-105008770591&doi=10.1016%2Fj.ensm.2025.104409&partnerID=40&md5=62c3942748f7aa400de64a47fb904f30","High-temperature induced battery failure has emerged as a critical barrier to its large-scale application, because of the acceleration of the reaction between LiPF<inf>6</inf> and trace water in electrolyte, producing hydrogen fluoride (HF) that damages electrode interfaces/materials and drives rapidelectrode degradation fading. To fundamentally address this issue, we propose a three-pronged electrolyte additive of 3-Isocyanatopropyltrimethoxysilane (IPTOS), which achieves original water scavenging with the isocyanate (-NCO) moieties, directly intercepting HF formation at its origin. Further, it modulates the Li+ solvation structure by promoting PF<inf>6</inf>−coordination, facilitating the formation of an inorganic-rich SEI that enhances graphite performance. Simultaneously, its Si-containing components preferentially decompose on the cathode, enabling a robust gradient LiF-silicate-rich CEI, suppressing transition metal dissolution. This synergistic protection empowers high-loading NCM811 (LiNi<inf>0.8</inf>Co<inf>0.1</inf>Mn<inf>0.1</inf>O<inf>2</inf>) ||Gr(graphite) full cells to achieving 79.98 % capacity retention after 200 cycles at 0.5 C and 55℃, outperforming conventional electrolytes. Notably, the system maintains 74.22 % capacity after 100 cycles even under 4.5 V operation, demonstrating unprecedented high-voltage thermal stability. This successful investigation of multifunctional IPTOS presents a promising multi-in-one strategy for additive design, espacially providing a new thoughts to improve the high temperature performance of Ni-rich cathode in lithium-ion batteries. © 2025 Elsevier B.V., All rights reserved.","Cathode Electrolyte Interface; Electrolyte Additive; H2o Scavenger; High Temperature; Lithium-ion Battery; Cathodes; Chlorine Compounds; Cobalt Compounds; Electrolytes; Fluorine Compounds; Graphite; Ions; Lithium Compounds; Manganese Compounds; Nickel Compounds; Nitrogen Compounds; Phase Interfaces; Phosphorus Compounds; Thermodynamic Stability; %moisture; Cathode Electrolyte Interface; Electrolyte Additives; Electrolyte Interfaces; H2o Scavenger; Highest Temperature; Hydrogen Fluoride; Ion Batteries; Lithium Ions; Temperature Stable; Lithium-ion Batteries"
"Sustainable transformation of spent LiFePO4 cathodes into high-voltage olivine LiMnxFe1-xPO4 via solvothermal upcycling strategy for next-generation cathode material","2025","Energy Storage Materials","10.1016/j.ensm.2025.104402","https://www.scopus.com/inward/record.uri?eid=2-s2.0-105008504035&doi=10.1016%2Fj.ensm.2025.104402&partnerID=40&md5=b08d94e84c2f9fadf40fc87e018d14d0","With the retirement of a large number of lithium-ion batteries, how to efficiently recycle cathodes, especially for spent LiFePO<inf>4</inf> (S-LFP) olivine materials with low content of valuable elements, has become a research focus. Moreover, upcycling S-LFP to high-voltage olivine LiMn<inf>x</inf>Fe<inf>1-x</inf>PO<inf>4</inf> (LMFP) is crucial for advancing next-generation cathode materials. Herein, this study proposes a solvothermal upcycling strategy that achieves complete elemental recovery and converts S-LFP into high-voltage LMFP. The resulting LMFP exhibits a uniform elemental distribution, attributed to the atomic-level miscibility of Fe and Mn. As a result, the regenerated LMn<inf>0.5</inf>Fe<inf>0.5</inf>PO<inf>4</inf> exhibits remarkable cycle stability with 83.8 % capacity retention after 2500 cycles at 5 C and a 40 % improvement in energy density (561 Wh kg-1) over that of S-LFP (402 Wh kg-1). This study presents an effective, direct upcycling route for the large-scale production of next-generation, high-performance olivine cathode materials while achieving sustainable reutilization of S-LFP through closed-loop life cycle management. © 2025 Elsevier B.V., All rights reserved.","Limnxfe1-xpo4; Lithium-ion Battery; Solvothermal Upcycling Strategy; Specific Energy; Spent Lifepo4; Cathode Materials; Cathodes; Iron Compounds; Life Cycle; Lithium Compounds; Manganese Compounds; Olivine; Phosphorus Compounds; Specific Energy; Cathodes Material; High-voltages; Ion Batteries; Lifepo 4; Limnxfe1-xpo4; Lithium Ions; Solvothermal; Solvothermal Upcycling Strategy; Spend Lifepo4; Lithium-ion Batteries"
"Sputtered molybdenum nitride films for asymmetric micro-supercapacitors in aqueous electrolyte","2025","Energy Storage Materials","10.1016/j.ensm.2025.104399","https://www.scopus.com/inward/record.uri?eid=2-s2.0-105008228003&doi=10.1016%2Fj.ensm.2025.104399&partnerID=40&md5=955cdff2cad1f9eb5605c253bf020fd5","Here we investigated the electrochemical performance of molybdenum nitride films as an efficient electrode for asymmetric micro-supercapacitors. Molybdenum nitride films were successfully deposited and optimized by reactive magnetron sputtering. On the one hand, the tuning of several deposition parameters (pressure, gas flow rates) allows obtaining molybdenum nitride electrode with high porosity and high electrical conductivity. On the other hand, Operando X-ray diffraction, operando Raman spectroscopy and operando X-ray absorption spectroscopy are combined to unveil the charge storage process in 1 M KOH aqueous electrolyte. These measurements clearly reveal the role of molybdenum oxide species in the pseudocapacitive mechanism at the oxide/electrolyte interface. High volumetric capacitance up to 624 F·cm⁻³ with excellent capacitance retention of 95 % over 20 000 cycles was achieved in 1 M KOH. © 2025 Elsevier B.V., All rights reserved.","Micro-supercapacitors; Molybdenum Nitride; Pseudocapacitive; Sputtering; Electrochemical Electrodes; Electrolytes; Electrolytic Capacitors; Flow Of Gases; Magnetron Sputtering; Molybdenum Oxide; Oxides; Potassium Hydroxide; Supercapacitor; X Ray Diffraction; Aqueous Electrolyte; Deposition Parameters; Electrochemical Performance; Gas Flowrate; Microsupercapacitors; Molybdenum Nitride; Molybdenum Nitride Films; Operando; Pseudocapacitive; Reactive Magnetron Sputtering; Capacitance"
"Engineering a 3D conductive polythiophene network with conformational locking for camouflaged wearable electrochromic-supercapacitor devices","2025","Energy Storage Materials","10.1016/j.ensm.2025.104394","https://www.scopus.com/inward/record.uri?eid=2-s2.0-105008186480&doi=10.1016%2Fj.ensm.2025.104394&partnerID=40&md5=34c0d4f1646ab4e25f0cc85aa32ed8e6","Electrochromic-supercapacitor (EC-SC) devices demonstrate significant promise for future intelligent technologies, seamlessly combining dynamically adjustable optoelectronic characteristics with high-efficiency energy storage to address emerging demands in sustainable and energy-smart systems. However, the inability to synergistically improve electrochromic and capacitive properties in a single material has prevented its practical application. Here, we develop a conformational lock design strategy to prepare high-performance EC-SC materials by introducing 3D conductive networks through intramolecular noncovalent interactions and intermolecular hydrogen bonding. The synthesized EC-SC material poly(5,7-bis(4-fluorothiophen-2-yl)-2,3-dihydrothieno[3,4-b][1,4]dioxine) (PFTDT) demonstrates concurrent multifunctionality with favorable electrochromic property (79 % optical contrast at 930 nm), remarkable specific capacitance (348 F g-1, 1 A g-1), and robust optical/electrical bistability. Capitalizing on the superior multifunctional properties of PFTDT, we further engineer its-based flexible electrochromic-supercapacitor devices (FESDs) for camouflage energy supply. Such FESDs exhibit multi-color changes, as well as excellent stability against mechanical bending, which makes them promising for applications in scenes such as deserts, forests, and oceans. The conformational lock design strategy and the resulting high-performance PFTDT materials show significant promise for advancing reliable FESD, with potential applications extending to diverse scenarios, including wearable electronics. © 2025 Elsevier B.V., All rights reserved.","3d Conductive Network; Conformational Lock; Optical/electrical Bistability; Polythiophene; Wearable Electrochromic-supercapacitor; Camouflage; Conductive Materials; Conformations; Electrochromic Devices; Electrochromism; Locks (fasteners); Optoelectronic Devices; Wearable Technology; 3d Conductive Network; Conductive Networks; Conformational Lock; Design Strategies; Electrical Bistability; Electrochromic Supercapacitors; Energy; Optical-; Optical/electrical Bistability; Wearable Electrochromic-supercapacitor; Supercapacitor"
"Structurally stable P3-type K0.45MnO2 cathode with a KTaO3 protective layer for high-performance potassium-ion batteries","2025","Energy Storage Materials","10.1016/j.ensm.2025.104387","https://www.scopus.com/inward/record.uri?eid=2-s2.0-105008114683&doi=10.1016%2Fj.ensm.2025.104387&partnerID=40&md5=6ad5a60ca9aff94f20cd65298e082183","Manganese-based layered oxides have emerged as promising cathode materials for potassium-ion batteries (KIBs) due to their low cost, high specific capacity, and elevated operating potential. However, their practical application is hindered by limited cycling stability, primarily due to Jahn-Teller distortion, poor interfacial stability, and sluggish electrochemical kinetics. In this study, a novel KTaO<inf>3</inf>-coated K<inf>0.45</inf>Mn<inf>0.9</inf>Zn<inf>0.1</inf>O<inf>2</inf> (KTO/KMZO-1) cathode was designed to enhance electrochemical performance through structural stabilization via Zn2+ substitution and surface modification using KTaO<inf>3</inf> coating. Structural analysis confirms that substituting Mn3+/Mn4+ with Zn2+ effectively alleviates Jahn-Teller distortion and expands K+ diffusion channels, improving ionic mobility. Meanwhile, the robust KTaO<inf>3</inf> coating enhances interfacial stability by mitigating side reactions at the cathode-electrolyte interface and promoting the formation of a uniform, inorganic-rich CEI layer. As a result, KTO/KMZO-1 exhibits excellent rate capability, delivering 71.05 mAh g-1 at 400 mA g-1, along with remarkable cycling stability, retaining 80.06 % of its initial capacity after 200 cycles at 200 mA g-1 within a voltage range of 1.5–4.0 V. Furthermore, a full cell assembled with a KTO/KMZO-1 cathode and a hard carbon anode demonstrates superior electrochemical performance, achieving a reversible capacity of 58.77 mAh g-1 after 200 cycles at 200 mA g-1 with 77.2 % capacity retention. This study underscores the effectiveness of lattice stabilization and surface modification in enhancing the electrochemical properties of Mn-based layered oxide cathodes, offering a viable strategy for the development of durable and high-performance KIBs. © 2025 Elsevier B.V., All rights reserved.","Jahn-teller Distortion; Layered Oxide Cathodes; Potassium-ion Batteries; Structural Stabilization; Surface Modification; Anodes; Binary Alloys; Cathode Materials; Cathodes; Coatings; Electrolytes; Ions; Jahn-teller Effect; Manganese Oxide; Phosphorus Compounds; Potassium; Potassium Compounds; Stabilization; Zinc Compounds; Cycling Stability; Interfacial Stabilities; Ion Batteries; Jahn-teller; Layered Oxide Cathodes; Performance; Potassium Ions; Potassium-ion Battery; Structural Stabilization; Surface-modification; Surface Treatment"
"A knowledge acquisition automatizing framework from literature exemplified by Na+ activation energy prediction of NASICON solid-state electrolyte","2025","Energy Storage Materials","10.1016/j.ensm.2025.104390","https://www.scopus.com/inward/record.uri?eid=2-s2.0-105007943062&doi=10.1016%2Fj.ensm.2025.104390&partnerID=40&md5=3b155d9c6bb79797bba2aa4ca76b3bb6","Materials science literature contains vast amount of structure-activity relationship knowledge crucial for materials discovery and design. However, automatic extraction of domain knowledge from literature remains challenging due to its unstructured and heterogeneous format. Herein, we propose a framework for automating knowledge acquisition, which involves a materials entity-aware relational extraction model (MatRE) to mine triples, an approach to construct a knowledge graph (KG) for the detection of associations among triples, as well as inference and representation of structure-activity relationships in a machine learning (ML)-compatible format. We demonstrate its application in predicting sodium ion activation energy for the NASICON solid-state electrolyte (SSE) system. MatRE trained on a NASICON SSE dataset, achieves an F1-score of 0.80, and is used to extract 260,475 entity–relation triples from 1,808 scientific publications. Furthermore, embedding 24 knowledge bullets from the KG into data pre-processing and feature engineering stages improves the performance and interpretability of six common ML models by up to 25.7%. This work offers key insights into automatic knowledge acquisition from literature and heralds a new paradigm for AI-assisted materials genome engineering driven by both data and knowledge. © 2025 Elsevier B.V., All rights reserved.","Information Extraction; Knowledge Graph; Machine Learning; Materials Science; Abrasives; Biological Materials; Biomaterials; Crystalline Materials; Graphite; Growth (materials); Raw Materials; Automatic Extraction; Energy Prediction; Extraction Modeling; Information Extraction; Knowledge Graphs; Machine-learning; Material Science; Relationship Knowledge; Solid-state Electrolyte; Structure-activity Relationships; Structure (composition)"
"Comprehensive study of Mn/Ni ordering in LiNi0.5-xMn1.5+xO4 using neutron powder diffraction and scanning transmission electron microscopy","2025","Energy Storage Materials","10.1016/j.ensm.2025.104359","https://www.scopus.com/inward/record.uri?eid=2-s2.0-105007708826&doi=10.1016%2Fj.ensm.2025.104359&partnerID=40&md5=cc9983b956d08ea91dc746ec169074b9","In this study, we extensively establish unique relationships between the chemical compositions of LiNi<inf>0.5-x</inf>Mn<inf>1.5+x</inf>O<inf>4</inf> (LNMO) spinel-type positive electrode materials and the degree of Mn/Ni ordering, which influences their electrochemical performance. To achieve this, in situ temperature-controlled neutron powder diffraction experiments were performed under air or oxygen atmospheres to track the Mn/Ni ordering process during annealing of LNMO samples that contain different Mn/Ni ratios. Systematic in-depth structural analysis of a large number of samples, using both neutron and synchrotron X-ray powder diffractions, revealed clear correlations between the variations in the voltage-composition profiles and the distribution of Mn and Ni atoms between the 4b and 12d crystallographic sites of ordered LNMO. Additionally, we employed high-resolution scanning transmission electron microscopy combined with fast Fourier transform analysis that enabled us to visualize the distribution and sizes of Mn/Ni ordered domains at the particle level in excellent agreement with the Rietveld refinement from neutron powder diffraction data. © 2025 Elsevier B.V., All rights reserved.","Cation Ordering; In Situ Neutron Powder Diffraction; Lnmo; Scanning Transmission Electron Microscopy; X Ray Powder Diffraction; Cation Ordering; Chemical Compositions; In Situ Neutron Powder Diffraction; Lnmo; Neutron Powders; Positive-electrode Materials; Powder Diffraction; Scanning Transmission Electron Microscopy; Situ Neutron Powder Diffractions; Spinel-type; Neutron Powder Diffraction"
"3-TMA PROXYL: A high-potential, highly soluble nitroxide for enhanced stability and performance in aqueous organic redox flow batteries","2025","Energy Storage Materials","10.1016/j.ensm.2025.104379","https://www.scopus.com/inward/record.uri?eid=2-s2.0-105007673585&doi=10.1016%2Fj.ensm.2025.104379&partnerID=40&md5=6c574704bccef63c3d9c7538148842e5","In response to the growing demand for sustainable and efficient stationary energy storage solutions, this study introduces and evaluates a novel posolyte, 3-TMA PROXYL, tailored for aqueous organic redox flow battery (AORFB) applications. Easily synthesized at the gram scale, 3-TMA PROXYL presents an unprecedented combination of high redox potential (1.06 V vs SHE) and remarkable solubility (> 3 M in 1 M NaCl), resulting in an increased theoretical capacity of 80 Ah L⁻¹. Paired with methyl viologen as a negolyte, the 3-TMA PROXYL battery achieves an 8 % improvement in cell voltage (1.45 V) surpassing the benchmark 4-TMA TEMPO in energy and power density and competing with it regarding stability. Detailed 1H NMR and UV–visible spectroscopy analyses indicate that 3-TMA PROXYL undergoes minimal irreversible chemical degradation, with observed capacity fade attributed primarily to self-discharge. These results establish 3-TMA PROXYL as a reliable alternative to state-of-the-art nitroxides, paving the way for five-membered ring nitroxides in high-performance, sustainable redox flow applications. © 2025 Elsevier B.V., All rights reserved.","3-tma Proxyl; Aqueous Organic Redox Flow Battery (aorfb); High Redox Potential Posolytes; Nitroxides; Solubility And Stability Posolytes; Battery Storage; Degradation; Redox Reactions; Solubility; 3-tma Proxyl; Aqueous Organic Redox Flow Battery; Aqueous Organics; High Redox Potential Posolytes; Nitroxides; Organic Redoxes; Performance; Redox Potentials; Redoxpotential; Solubility And Stability Posolytes; Flow Batteries"
"Orchestrated interfacial reprogramming via Al–F–C synergy for dynamic CEI structuring in advanced cathodes","2025","Energy Storage Materials","10.1016/j.ensm.2025.104384","https://www.scopus.com/inward/record.uri?eid=2-s2.0-105007668270&doi=10.1016%2Fj.ensm.2025.104384&partnerID=40&md5=4e152b33376694f4721a589ded187cdb","Achieving robust interfacial stability under high-rate operation remains a grand challenge for commercial lithium-ion batteries, particularly in cathodes subjected to extreme cycling conditions. Herein, we propose an orchestrated interfacial reprogramming strategy that integrates Al³⁺/F⁻ co-doping and conformal carbon coating to direct the formation of a self-aligned, LiF-rich cathode–electrolyte interphase (CEI). Unlike conventional CEI regulation strategies based on single-element doping or inert surface coatings, this multi-component approach enables an actively constructed, crystallographically aligned CEI through the synergistic interplay of dopants and carbon. This approach enables dynamic CEI structuring that minimizes interfacial resistance and enhances lithium-ion transport kinetics. As a proof of concept, LiFePO₄ (LFP) was employed as a model system, delivering an ultrafast discharge capacity of 146.6 mAh g−1 at 10C and exceptional longevity with 2931 cycles at 1C and 100 % Coulombic efficiency. XPS and in situ XRD analyses confirmed the preferential orientation of the LiF-rich CEI, linked to the improved electrochemical performance. To validate the platform independence of this approach, the same interfacial framework was extended to layered NCM613 cathodes, which exhibited significant performance enhancement despite the absence of detectable crystalline LiF signals—likely due to the formation of a thinner, more uniform CEI layer. This work establishes a universal and actively tunable CEI engineering paradigm that transcends traditional passive approaches, offering a transformative pathway toward high-power, long-life lithium-ion batteries. © 2025 Elsevier B.V., All rights reserved.","Al–f–c Synergy; Dynamic Cei Structuring; Interfacial Reprogramming; Lif-rich Cei; Platform-independent Cathodes; Aluminum Coatings; Semiconductor Doping; Al–f–c Synergy; Dynamic Cathode–electrolyte Interphase Structuring; High Rate; Interfacial Reprogramming; Interfacial Stabilities; Ion Batteries; Lif-rich Cathode–electrolyte Interphase; Lithium Ions; Platform Independent; Platform-independent Cathode; Lithium-ion Batteries"
"AlF3-stabilized cathode electrolyte interphase with superior PF6- affinity and PF6- -transferred characteristics for dual-ion batteries","2025","Energy Storage Materials","10.1016/j.ensm.2025.104353","https://www.scopus.com/inward/record.uri?eid=2-s2.0-105007557794&doi=10.1016%2Fj.ensm.2025.104353&partnerID=40&md5=027dc0df895d532f6979e09a5b143b84","High-voltage and high-power dual-ion batteries (DIBs) face significant challenges due to the severe oxidative decomposition of the electrolyte and pronounced structural degradation of the graphite cathode. In this context, we introduce Al<inf>2</inf>O<inf>3</inf> as a surface modifier, which facilitates the establishment of a stabilized cathode electrolyte interphase (CEI). Al<inf>2</inf>O<inf>3</inf> functions as a protective coating and engages in a chemical reaction with the corrosive HF to produce AlF<inf>3</inf>, thereby alleviating HF-induced degradation of the graphite cathode. Furthermore, the resulting AlF<inf>3</inf> layer preferentially adsorbs PF<inf>6</inf>- anions, thereby promoting their rapid transfer and aiding in the formation of a LiF-rich, stable CEI. This interphase substantially mitigates both the structural deterioration of graphite and the decomposition of the electrolyte. Consequently, the Al<inf>2</inf>O<inf>3</inf>-modified graphite cathode (A-Gr) exhibits exceptional rate performance and long-term cycling stability, retaining 78 % of its initial capacity after 3500 cycles. This research presents an effective surface modification strategy that enhances electrode performance through interfacial chemistry engineering, providing a promising approach for advancing next-generation, durable energy storage systems. © 2025 Elsevier B.V., All rights reserved.","Alf3; Cathode Electrolyte Interphase; Dual-ion Batteries; Graphite Cathode; Surface Modification; Agglomeration; Chemical Modification; Decay (organic); Interfacial Polycondensation; Pyrolysis; Alf 3; Cathode Electrolyte Interphase; Dual-ion Battery; Graphite Cathodes; High Power; High Voltage Power; Ion Batteries; Oxidative Decomposition; Structural Degradation; Surface-modification; Degradation"
"Interfacial atomistic reactive mechanisms of magnesium batteries","2025","Energy Storage Materials","10.1016/j.ensm.2025.104361","https://www.scopus.com/inward/record.uri?eid=2-s2.0-105007468383&doi=10.1016%2Fj.ensm.2025.104361&partnerID=40&md5=e68c061b35a7639bd9bc1265d6f2bb65","Magnesium batteries are emerging as a promising rechargeable technology due to the high theoretical capacity and enhanced safety features. However, their practical applications are still limited by issues of instability and low operating voltages. A key challenge is the instability of electrolytes under high-voltage conditions, which hampers the advancement of Mg battery technologies. Additionally, the mechanisms underlying electrolyte decomposition are not well understood. In our study, we first constructed fully atomistic Mg battery model to investigate the decomposition rates and by-products of dimethoxyethane (DME) in Mg symmetric cells under varying voltage conditions. Our results indicate that DME undergoes a high rate of decomposition, producing gases such as CH<inf>4</inf>, C<inf>2</inf>H<inf>4</inf>, C<inf>2</inf>H<inf>6</inf>, as well as alcohol-based by-products. The decomposition rate increases with voltage, and hydroxyl (OH) groups further accelerate this process. Comparative analysis with diglyme (DGM) and tetrahydrofuran (THF) revealed significantly lower decomposition rates for DGM and THF. These findings provide critical insights into the decomposition mechanisms of Mg battery electrolytes, and suggest future research directions for enhancing Mg battery cycling performance. © 2025 Elsevier B.V., All rights reserved.","Atomistic Modeling; Electrolyte Decomposition; Interface Atomistic Formation; Magnesium Batteries; Atomistic Modelling; Atomistics; Decomposition Rate; Diglymes; Electrolyte Decomposition; Interface Atomistic Formation; Magnesium Batteries; Mg Batteries; Tetra-hydrofuran; Voltage Conditions"
"Nanoporous polymeric membranes with tunable 10-nm pore sizes for fast Li+ ion mobility and enhanced cyclability in lithium metal batteries","2025","Energy Storage Materials","10.1016/j.ensm.2025.104364","https://www.scopus.com/inward/record.uri?eid=2-s2.0-105007448945&doi=10.1016%2Fj.ensm.2025.104364&partnerID=40&md5=ac68c52d59aead84992277c6f0cf8c33","Despite extensive studies on nanoporous membranes for regulating lithium-ion (Li⁺) flux in lithium (Li)-metal batteries, the pore size design has largely focused on very small (< 5 nm) or extremely large (> 20 nm) dimensions, overlooking the intermediate pore size range. This gap, particularly between 5 and 15 nm, has limited exploration of critical Li⁺ transport phenomena and their impact on improving cell performance. Here, we developed robust and free-standing polymeric films with three-dimensional (3D) continuous nanoporous channels, precisely tuned to pore diameters ranging from 5 to 14 nm and immobilized sulfonate groups. Our systematic investigations revealed how pore size and immobilized anionic groups correlated with Li⁺ conductivity and battery performance. Notably, sulfonate-functionalized channels promoted Li⁺ conductivity significantly within this optimal pore range compared to non-functionalized counterparts. In an ether-based electrolyte with 1 M lithium bis(fluorosulfonyl)imide (LiFSI), the Li⁺ conductivity peaked at a pore diameter of 10 nm. Furthermore, the mobility of Li⁺ was approximately 4.4 times faster than FSI⁻, resulting in reducing interfacial resistance and promoting uniform Li deposition. The sulfonated nanoporous membrane in Li|LiFePO₄ full cells with an N/P ratio of 2.3 delivered excellent cycling stability over 1000 cycles while retaining approximately 80 % of the initial capacity. © 2025 Elsevier B.V., All rights reserved.","3d Porous Channel; Ion Mobility; Ion Transport; Lithium-metal Batteries; Nanoporous Polymer; Nanopores; Polymeric Membranes; Ion Mobility; Ion-transport; Lithium Ions; Lithium Metals; Lithium-ion Conductivity; Lithium-metal Battery; Nanoporous Membrane; Nanoporous Polymers; Porous Channel; Three-dimensional Porous Channel; Lithium-ion Batteries"
"Multifunctional zeolites for rechargeable lithium-based batteries: progress and perspectives","2025","Energy Storage Materials","10.1016/j.ensm.2025.104369","https://www.scopus.com/inward/record.uri?eid=2-s2.0-105007438454&doi=10.1016%2Fj.ensm.2025.104369&partnerID=40&md5=46bcc9656048e56eafd43eb52423bde8","As a representative electrochemical energy storage technology, rechargeable lithium (Li)-based batteries, such as lithium-ion batteries, lithium-oxygen batteries, lithium-sulfur batteries, and lithium metal batteries, are being intensively investigated. However, many issues, such as the dissolution of transition-metal ions, the shuttle effect of redox mediators and polysulfides, and slow ionic conduction in solid electrolytes, persist in these batteries, leading to the degradation of their electrochemical performance. Zeolites, with their various channel/pore structures, possess many advantages, including excellent molecular sieving capability, high cost-effectiveness, and efficient adsorption abilities. Therefore, these multifunctional materials are highly promising for addressing the challenges faced by rechargeable Li-based batteries. In this review, we summarize the recent progress in the application of multifunctional zeolites for Li-based batteries. We then thoroughly discuss the roles of zeolites that are crucial for enhancing the electrochemical performance of these batteries. Finally, we provide insightful perspectives on the development of high-performance zeolites for Li-based batteries. This review offers guidance for improving the electrochemical performance of Li-based batteries and other electrochemical energy storage devices by implementing zeolites with novel properties. © 2025 Elsevier B.V., All rights reserved.","Electrodes; Electrolytes; Lithium-based Batteries; Separators; Zeolites; Battery Storage; Classifiers; Electrolytic Cells; Lithium Sulfur Batteries; Redox Reactions; Electrochemical Energy Storage; Electrochemical Performance; Energy Storage Technologies; Ion Batteries; Lithium Ions; Lithium Metals; Lithium-based Battery; Lithium/oxygen Batteries; Lithium/sulfur Batteries; Multifunctionals; Lithium-ion Batteries"
"Synergizing catalytic activity and electronic structure adjustment by dual-atomic sites for high-performance lithium–sulfur batteries","2025","Energy Storage Materials","10.1016/j.ensm.2025.104335","https://www.scopus.com/inward/record.uri?eid=2-s2.0-105007425867&doi=10.1016%2Fj.ensm.2025.104335&partnerID=40&md5=9977216966f38b9550d6257b0e7d3064","The slow redox kinetics of lithium polysulfides (LiPSs) and the high energy barrier for Li<inf>2</inf>S deposition/dissociation are considered two significant challenges impeding the implementation of lithium–sulfur (Li–S) batteries. In this study, we have screened and successfully synthesized Fe-Cu and Co-Cu dual-atomic catalytic materials supported on reduced graphene oxide (rGO), which exhibits synergistic catalytic activity towards LiPSs and facilitates the adjustment of the electronic structure of Li<inf>2</inf>S. Consequently, the sulfur cathode with Fe-Cu dual-atomic catalyst sites exhibits remarkable electrochemical performance, including a high initial capacity of 1164 mAh g−1 at 0.2 C, an exceptional rate capacity of 625.2 mAh g−1 at 5 C, and excellent cycle stability with a low capacity fading rate of 0.045 % per cycle over 500 cycles at 1 C. Notably, even with a high sulfur loading (8.5 mg cm−2) and a low E/S ratio (6 μL mg−1), an impressive initial capacity of 7.33 mAh cm−2 is achieved. Furthermore, the Li–S pouch cell demonstrates a high discharge capacity of 5.5 mAh cm−2 at 0.2 C, along with a capacity retention of 82 % after 100 cycles. These results highlight the importance of elemental choice and synergy of dual-atomic catalytic materials in substantially propelling the sulfur redox kinetics in Li–S batteries. © 2025 Elsevier B.V., All rights reserved.","Electrocatalysis; Lithium Sulfide; Lithium–sulfur Batteries; Shuttle Effect; Single Atomic Catalyst; Lithium-ion Batteries; Redox Reactions; Activity Structure; Catalytic Materials; Electronic.structure; Lithium Sulfides; Lithium/sulfur Batteries; Polysulphides; Redox Kinetics; Shuttle Effect; Single Atomic Catalyst; ]+ Catalyst; Lithium Sulfur Batteries"
"Elemental regulation and ultra-micropore defects engineering for enhancing low-potential Na+ storage in biomass-derived hard carbon","2025","Energy Storage Materials","10.1016/j.ensm.2025.104367","https://www.scopus.com/inward/record.uri?eid=2-s2.0-105007161483&doi=10.1016%2Fj.ensm.2025.104367&partnerID=40&md5=43d8d27d9c79da5ae424b101ae0d4227","The commercialization of sodium-ion batteries is significantly hindered by the limited plateau capacity of hard carbon, caused by insufficient closed pores within the carbon matrix. Herein, we employ palm kernel shells as a representative precursor to synthesize closed-pore-rich hard carbon through elemental regulation and ultra-micropore defects engineering. Pre-carbonization followed by acid washing enhances the structural stability of the carbon matrix and prevents excessive graphitization induced by internal impurities. Subsequent alkali activation fabricates abundant ultra-micropore defects within the carbon-based precursor, acting as developmental sites to support the formation of closed pores during carbonization. As the temperature increases, the defects are gradually transformed into initially enclosed pores. These initially enclosed pores restrict the bridging and excessive growth of carbon layers, facilitating the formation of short and thin carbon layers that serve as structural boundaries, thus forming a significant number of closed pores. Ultimately, the optimized hard carbon exhibits excellent rate performance with 219.7 mAh g-1 and cycling stability of 95.4 % after 1000 cycles at 10 C. The assembled full-cell delivers high energy densities of 242.1 Wh kg-1 and 182.6 Wh kg-1 at 25 °C and -40 °C, respectively. Our study provides a new insight into the preparation of hard carbon with high plateau capacity through the utilization of ultra-micropore defects. © 2025 Elsevier B.V., All rights reserved.","Closed Pores; Hard Carbon Anode; High Plateau Capacity; Sodium-ion Batteries; Ultra-micropores; Carbon Anodes; Carbon Matrix; Closed Pore; Defect Engineering; Hard Carbon; Hard Carbon Anode; High Plateau Capacity; Micropores; Sodium Ion Batteries; Ultra-micropore"
"Glutamate as a bio-compatible electrolyte additive for sustainable high-performance magnesium-air batteries","2025","Energy Storage Materials","10.1016/j.ensm.2025.104365","https://www.scopus.com/inward/record.uri?eid=2-s2.0-105007159370&doi=10.1016%2Fj.ensm.2025.104365&partnerID=40&md5=39acf1eda1781cae7220cf9e2fbb1ffa","Screening electrolyte additives that effectively inhibit anode self-corrosion while enhancing cell voltage is a critical challenge for advancing sustainable battery technologies. Herein, glutamate, a common food flavoring agent, is proposed as a bio-compatible electrolyte additive for Mg-air batteries. The employing glutamate not only address the challenge, leading to an exceptional energy density of 2.52 kWh·kg-1 in a half-cell discharge test, but also surpasses most reported additives in terms of environmental friendliness, cost-effectiveness, and broad applicability to various Mg anodes. Insights into the mechanistic understanding of the effect of glutamate on anode self-corrosion processes were provided. Advanced synchrotron microtomography analysis revealed the glutamate-triggered anodic chunk effect, while in-operando scanning localized microprobe techniques were employed to investigate oxygen reduction at the anode surface. Besides, a novel 3D equilibrium predominance diagram was constructed to determine optimal glutamate concentrations, showing strong alignment with experimental findings. In summary, this work presents a robust strategy for designing electrolyte compositions, accurately quantifying Mg anode weight loss attributable to the chunk effect, and providing a potential bio-compatible electrolyte additive for implantable Mg batteries. © 2025 Elsevier B.V., All rights reserved.","Aqueous Mg-air Batteries; Chunk Effect; Glutamate; Microtomography; Scanning Localized Microprobe Techniques; Self-corrosion; Electrolytic Reduction; Flavor Compounds; Aqueous Mg-air Battery; Chunk Effect; Electrolyte Additives; Glutamate; High Performance Magnesium; Localised; Micro-probes; Micro-tomography; Scanning Localized Microprobe Technique; Self-corrosion; Pitting"
"MXene-modified Sb2Se3@NCR anode for high-performance potassium-ion batteries with enhanced stability and low-temperature tolerance","2025","Energy Storage Materials","10.1016/j.ensm.2025.104355","https://www.scopus.com/inward/record.uri?eid=2-s2.0-105007143383&doi=10.1016%2Fj.ensm.2025.104355&partnerID=40&md5=1fc60cfd5cb22ed4c8a53b3b3f88d583","Antimony selenide (Sb<inf>2</inf>Se<inf>3</inf>) is a promising multi-electron reaction electrode material for potassium-ion batteries (PIBs), offering high capacity and potential for grid-scale energy storage. However, its practical application is hindered by severe volume expansion, sluggish kinetics, and polyselenide shuttling. Herein, we propose a novel Sb<inf>2</inf>Se<inf>3</inf> composite anode, Sb<inf>2</inf>Se<inf>3</inf>@NCR/MXene, featuring a fungi-derived nitrogen-doped carbon ribbon (NCR) and an MXene interface modification to enhance electrochemical performance, suppress polyselenide shuttling, and ensure structural integrity. In-situ and ex-situ analyses reveal that the flexible carbon ribbons effectively accommodate volume expansion, while the Ti<inf>3</inf>C<inf>2</inf>O<inf>2</inf> interfacial layer mitigates polyselenide dissolution, leading to stable and high-rate K⁺ storage across a wide temperature range (-20 to 25 °C). Notably, the heterostructure reduces the K+ migration barrier, enabling rapid ion diffusion and significantly improving rate capability - an effect distinct from conventional capacitance-dominated charge storage in low-dimensional electrode materials. As an anode, the Sb<inf>2</inf>Se<inf>3</inf>@NCR/MXene delivers an outstanding 423 mAh g−1 after 100 cycles at 100 mA g−1, while full cells (Sb<inf>2</inf>Se<inf>3</inf>@NCR/MXene//PTCDA) achieve a high reversible capacity of 198.9 mAh g−1 after 100 cycles, retaining 61.8 % capacity and exhibiting excellent performance even at -20 °C. This study introduces a robust interfacial engineering strategy to advance high-performance PIB electrodes, particularly for extreme low-temperature applications. © 2025 Elsevier B.V., All rights reserved.","Bio-derived Carbon; In-situ Tem; Potassium-ion Batteries; Sb2se3; T3c2tx Mxene; Carbon Carbon Composites; Cell Engineering; High Temperature Engineering; Selenium Compounds; Bio-derived Carbon; Carbon-ribbon; Derived Carbons; In-situ Tem; Ion Batteries; Nitrogen-doped Carbons; Performance; Potassium Ions; Potassium-ion Battery; T3c2tx Mxene; High Temperature Applications"
"Mechanochemically and microstructurally intensified kilogram-grade MnO2 for aqueous zinc ion batteries with ultrahigh rate and ultrafast air self-charging","2025","Energy Storage Materials","10.1016/j.ensm.2025.104360","https://www.scopus.com/inward/record.uri?eid=2-s2.0-105007140369&doi=10.1016%2Fj.ensm.2025.104360&partnerID=40&md5=441153aa8fe7bd4f036a69c1582ecd86","Sluggish reaction kinetic, high energy barrier and poor structural stability lead to rapid capacity decay and terrible self-charging properties, becoming major obstacles in using industrial-grade MnO<inf>2</inf> as a cathode in aqueous zinc-ion batteries (AZIBs). Herein, we propose a dual intensification strategy of super liquid membrane reactor (SLMR) treatment + bismuth (Bi) ions modification to achieve efficient and reversible Zn2+ storage and excellent ORR self-charging capability for kilogram-scale industrial MnO<inf>2</inf>. The experiments and theoretical calculations authenticate that SLMR nanosizing and Bi modification increase more active sites, and the newly formed Bi–O bond stabilizes the tunneling structure, greatly improving the conductivity and reversibility and leading to the decreased Zn2+ migration energy barrier. The prepared Bi-MMO manifests an excellent rate performance at an ultrahigh current density of 20 A g-1 and an outstanding energy density of 338 Wh kg-1 and long-term durability, far surpassing the currently reported Mn-based cathodes in AZIBs. Amazingly, the Bi-MMO has a high air self-charging rate 20 times that of MnO<inf>2</inf> owing to its low oxygen adsorption barrier, and the accumulative capacity increased from 183.7 to 1372.8 mAh g-1 after ten cycles. This work advances the development of AZIBs and expands the promising application of MnO<inf>2</inf> in self-charging systems. © 2025 Elsevier B.V., All rights reserved.","Air Self-charging; Aqueous Zn-ion Batteries; Bismuth Doping; Industrial Mno2; Nano-intensified; Charging Time; Decay (organic); Rate Constants; Air Self-charging; Aqueous Zn-ion Battery; Bismuth Doping; Industrial Mno2; Ion Batteries; Membrane Reactor; Mno 2; Nano-intensified; Zinc Ions; Zn Ions; Crystallization Kinetics"
"Evolution of coordinated chemical innovations: A road to chlorine-free magnesium electrolyte system","2025","Energy Storage Materials","10.1016/j.ensm.2025.104351","https://www.scopus.com/inward/record.uri?eid=2-s2.0-105007135868&doi=10.1016%2Fj.ensm.2025.104351&partnerID=40&md5=245351a4435902e0e8c616f28dbc3458","Rechargeable magnesium batteries are recognized as compelling candidates for advanced energy storage technologies, offering economic viability, exceptional safety, and remarkable volumetric energy density. Despite these merits, the deployment of magnesium batteries is hindered by limited insights into solvation dynamics and ion transport within electrolytes. Electrolytes incorporating chloride additives demonstrate efficacy in reducing the passivation layer and achieving higher cycling life. Nevertheless, their corrosive nature poses compatibility challenges with battery components, obstructing scalable commercial adoption. In response, contemporary efforts have shifted toward chlorine-free electrolytes to circumvent these constraints. This comprehensive review critically analyzes Mg-Cl coordination chemistry while advocating for innovative chlorine-free electrolytes. The discussion subsequently evaluates cutting-edge advancements in chlorine-free electrolytes, emphasizing innovative strategies in electrolyte composition (e.g., weakly coordinating anions, non-nucleophilic solvents) to enhance Mg2+ ion transport and interfacial compatibility. Concurrently, research advances related to the interface between chlorine-free electrolytes and anodes are presented. This work establishes actionable guidelines for the next generation of high-performance magnesium batteries. © 2025 Elsevier B.V., All rights reserved.","Chloride-containing Electrolyte; Chlorine-free Electrolyte; Magnesium Batteries; Mg-cl Coordination Chemistry; Chemical Detection; Electrolytic Analysis; Metal Analysis; Solvation; Spectroscopic Analysis; Volumetric Analysis; Chemical Innovations; Chloride-containing Electrolyte; Chlorine-free Electrolyte; Co-ordination Chemistries; Electrolyte Systems; Free Electrolytes; Ion-transport; Magnesium Batteries; Mg-cl Coordination Chemistry; Rechargeable Magnesium Battery; Coordination Reactions"
