"Title","Year","Source title","Cited by","DOI","Link","Abstract","Author Keywords"
"A green ammonia utilization pathway: Integrated ammonia-solid oxide fuel cell systems for efficient power generation","2025","EnergyChem","0","10.1016/j.enchem.2025.100167","https://www.scopus.com/inward/record.uri?eid=2-s2.0-105011948197&doi=10.1016%2Fj.enchem.2025.100167&partnerID=40&md5=bb255f8ffed1c95a560ead337473d9af","Ammonia (NH<inf>3</inf>) is a promising energy carrier to store and transport renewable energy due to its high energy density (18.6 MJ kg-1, containing 17.6 wt% H<inf>2</inf>) and mature storage and transportation. Ammonia-fuelled solid oxide fuel cells (NH<inf>3</inf>-SOFC) show multiple clean energy applications due to their high efficiency, near-zero CO<inf>2</inf> emissions, and flexible integration. This work delineates the current status and prospects of integrated NH<inf>3</inf>-SOFC technology towards a green ammonia economy by investigating its operating principle, system integration, and cost-competitiveness. Technoeconomic analysis results suggest that the levelized cost of electricity (LCOE) for NH<inf>3</inf>-SOFC is approximately 0.24 $ kWh-1. In addition, ammonia has demonstrated a high potential as a green shipping fuel because of its carbon-free and low flammability characteristics, while necessitating industry standards and large-scale application scenarios. It has also been indentified that the large-scale application of NH<inf>3</inf>-SOFC largely depends on the reduction in capital cost, electrode materials improvement and volumetric power density increase. © 2025 Elsevier B.V., All rights reserved.","Clean Energy Transition; Green Ammonia Economy; Green Power; Solid Oxide Fuel Cell; Sustainable Fuel; Ammonia; Clean Energy; Cost Benefit Analysis; Energy Efficiency; Energy Policy; Ammonia Solid; Clean Energy Transition; Energy Transitions; Green Ammonia Economy; Green Power; Large-scale Applications; Nh 3; Solid-oxide Fuel Cell; Sustainable Fuels; Solid Oxide Fuel Cells (sofc)"
"NiFe-based electrocatalysts for hydrogen evolution reaction in alkaline conditions: Recent trends in the design and structure–activity correlations","2025","EnergyChem","1","10.1016/j.enchem.2025.100161","https://www.scopus.com/inward/record.uri?eid=2-s2.0-105010310127&doi=10.1016%2Fj.enchem.2025.100161&partnerID=40&md5=d6353d0b38a4b48557725e4e1d1351d5","One of the best alternatives to fossil fuels and a plausible solution to the issues related to its perpetual consumption such as carbon emission and energy crisis is the use of “green hydrogen” as the fuel of future with zero carbon emission. The electrocatalytic water-splitting reaction to produce ‘green hydrogen’ has a high kinetic energy barrier and hence developing a high performance electrocatalyst is very crucial and challenging. The electrocatalysts that based on NiFe catalyst system has received considerable attention because of their low cost, easy availability, increased electrochemically active surface sites compared to pure nickel and iron materials, and excellent electronic properties due to the synergistic interaction between Nickel and Iron. This review highlights the recent trends and a comprehensive analysis of the critical factors described in the literature for the design and optimization of an effective NiFe-based hydrogen evolution reaction (HER) electrocatalyst in alkaline medium. The important factors that influence the catalytic efficiency of NiFe-based electrocatalysts such as the modifications in the surface morphology, electronic structure of the catalyst, supporting material characteristics, doping with heteroatoms of metals or non-metals, heterostructuring, synthesis strategies, compositional variations, and pore structure of the catalyst are addressed from experimental and theoretical point of view. The variation of these parameters provides much exposed active sites, improved surface area, electronic conductivity, fast mass diffusion and easy desorption of hydrogen gas from the catalyst surface and stability. The NiFe-based overall water splitting, and various in situ/operando studies employed for elucidating the reaction mechanism as well as the structural evolution of the catalyst during the electrocatalytic water splitting reaction under alkaline conditions are also discussed in this review. The challenges and prospects for developing NiFe-based electrocatalyst for HER under alkaline medium are highlighted in the end. Even though advancement has made in the area of electrocatalytic HER, continuous efforts are needed to fabricate a highly efficient NiFe-based electrocatalyst that show long term electrochemical stability along with scalability for sustainable H<inf>2</inf> production and implementation of it for commercial applications. © 2025 Elsevier B.V., All rights reserved.","Electrocatalysis; Green Hydrogen; Her; Hydrogen Evolution Reaction; Ni–fe Catalysts; Structure–activity Correlation; Binary Alloys; Carbon; Catalyst Activity; Electrocatalysts; Electronic Structure; Energy Policy; Hydrogen Evolution Reaction; Hydrogen Fuels; Hydrogen Production; Iron; Iron Alloys; Kinetics; Morphology; Nickel; Pore Structure; Reaction Kinetics; Surface Morphology; Sustainable Development; Alkaline Conditions; Carbon Emissions; Electrocatalytic; Green Hydrogen; Hydrogen Evolution Reactions; Ni/fe Catalysts; Recent Trends; Structure-activity Correlations; ]+ Catalyst; Electrocatalysis"
"Diverse MOFs-derived carbon-based materials for advanced electrochemical energy applications","2025","EnergyChem","0","10.1016/j.enchem.2025.100163","https://www.scopus.com/inward/record.uri?eid=2-s2.0-105010156897&doi=10.1016%2Fj.enchem.2025.100163&partnerID=40&md5=89ecf2cd5aeccc539b1130fb468d032d","Metal-organic frameworks (MOFs)-derived carbon-based materials have garnered significant attention in electrochemical energy storage and conversion owing to their tunable porous structures, compositional flexibility, and structural diversity. This review categorizes typical synthetic strategies for MOFs-derived carbon-based materials, while highlights their cutting-edge applications in two key domains in recent years: (1) electrocatalytic reactions, mainly encompassing hydrogen evolution reaction, oxygen evolution reaction, oxygen reduction reaction, and nitrogen reduction reaction; and (2) electrochemical energy storage systems, with a focus on lithium-ion batteries and sodium-ion batteries. Particular emphasis is placed on elucidating the critical structure-property relationships governing the performance of these functional materials. Finally, we present a forward-looking perspective addressing current challenges and future research directions, offering strategic insights for designing novel high-performance electrochemical materials through rational engineering of the architectures of MOFs-derived carbon-based materials. © 2025 Elsevier B.V., All rights reserved.","Electrocatalysis; Energy Storage; Mofs-derived Carbon-based Materials; Multifunctionality; Carbon; Electrolytic Reduction; Functional Materials; Hydrogen Evolution Reaction; Hydrogen Storage; Lithium-ion Batteries; Metal Ions; Oxygen; Oxygen Evolution Reaction; Oxygen Reduction Reaction; Sodium-ion Batteries; Strategic Materials; Carbon Based Materials; Derived Carbons; Electrochemical Energy; Electrochemical Energy Storage; Energy; Energy Applications; Metal-organic Framework-derived Carbon-based Material; Metalorganic Frameworks (mofs); Multifunctionality; Performance; Electrocatalysis"
"Advancing organic photovoltaics processed from green-solvents: From characterization methods to optimization strategies","2025","EnergyChem","0","10.1016/j.enchem.2025.100162","https://www.scopus.com/inward/record.uri?eid=2-s2.0-105009306619&doi=10.1016%2Fj.enchem.2025.100162&partnerID=40&md5=3aade1417d6f32061a337524101e4637","The organic solar cell (OSC) technology has advanced significantly during the past decade, with power conversion efficiencies now exceeding 20%. However, the fabrication of high-performance devices still relies on using halogenated solvents, which pose environmental risks and limit industrial scalability. To address this issue, researchers are developing new strategies such as new molecular design concepts, control of blend morphology through processing conditions, and performance optimization guided by charge carrier mechanisms aiming to enhance solubility in green solvents while ensuring optimal film formation, as to be summarized in this review. Despite these efforts, the complex chemical/morphological structure-processing-property-function relationships remain elusive. A deeper understanding of film formation dynamics and consequences in charge carrier dynamics is essential, thereby necessitating both ex-situ and in-situ morphological and optical characterizations. Accordingly, this review begins with an overview of the key reminders for commonly used characterization techniques together with solvent properties, and solubility-morphology relationships. Ultimately, this review highlights the latest advancements in materials and device engineering and discusses the challenges that the field must overcome to enable more sustainable and scalable OSC fabrication. © 2025 Elsevier B.V., All rights reserved.","Charge Dynamics; Green Solvent; Molecular Design; Morphology; Organic Solar Cells; Blending; Charge Carriers; Dynamics; Halogenation; Photovoltaics; Solubility; Solvents; Characterization Methods; Charge Dynamics; Greener Solvents; Higher Performance Devices; Molecular Design; Optimization Strategy; Organic Photovoltaics; Organics; Power Conversion Efficiencies; Solar Cell Technology; Morphology; Organic Solar Cells"
"Rational design and interfacial engineering of hierarchical S-scheme heterojunction and their photocatalytic applications","2025","EnergyChem","0","10.1016/j.enchem.2025.100159","https://www.scopus.com/inward/record.uri?eid=2-s2.0-105008774696&doi=10.1016%2Fj.enchem.2025.100159&partnerID=40&md5=2e234eaabef5c4781399b24d4c20b57d","Rational design and engineering the interfacial structure with diverse morphological features of functional semiconductors for the fabrication of S-scheme heterojunction (SSH) remains as pivotal aspiration in energy and environmental applications. This review article diligently summarises the state-of-art progress and provides specific insights into the design and fabrication of hierarchical hybrid nanostructures comprising 0D, 1D, 2D and 3D nanomaterials. The analytical tools to attest the formation of SSH between the integrated components are briefly highlighted. The photocatalytic application of hierarchical SSH encompassing the energy-environmental aspects such as H<inf>2</inf> generation, CO<inf>2</inf> reduction, pollutant degradation, organic synthesis and coupled photocatalytic systems are concisely discussed. The further progress achieved through co-catalyst modifications and fabrication of dual SSH are outlined. The current challenges and the prospects in this futuristic and burgeoning arena are envisaged to broaden their applications. It is foreseen that the meticulous fabrication complemented with superlative interfacial structures would inspire the designing of exemplar SSH for sustainable energy and environmental crisis as well as for coupled photocatalytic systems. © 2025 Elsevier B.V., All rights reserved.","H2o2 Generation; Hierarchical Morphologies; In-situ Xps Analysis; Interfacial Engineering; Photocatalysis; S-scheme Heterojunction; Environmental Protection; Fabrication; Hierarchical Systems; Morphology; Photocatalytic Activity; H2o2 Generation; Hierarchical Morphology; In-situ Xps; In-situ Xps Analyze; Interfacial Engineering; Interfacial Structures; Photocatalytic Application; Rational Design; S-scheme Heterojunction; Xps Analysis; Heterojunctions"
"Controlled radical polymerization-derived solid-state polymer electrolytes for lithium batteries","2025","EnergyChem","0","10.1016/j.enchem.2025.100160","https://www.scopus.com/inward/record.uri?eid=2-s2.0-105008499139&doi=10.1016%2Fj.enchem.2025.100160&partnerID=40&md5=6efc615ae7ae5f308b96557b6e817ae0","Solid-state polymer electrolytes (SPEs) have emerged as a promising candidate to work out remaining challenges faced by conventional liquid electrolytes, including the safety risks and limited energy density lithium batteries. Despite these benefits, polymer electrolytes are still required further optimization for constructing high-performance energy storage systems. Controlled radical polymerization (CRP) techniques, encompassing reversible addition-fragmentation transfer (RAFT), atom transfer radical polymerization (ATRP), and nitroxide-mediated polymerization (NMP), enable precise control over polymer architectures, molecular weights, and functionalities, which plays an essential role in regulating the ionic conductivity, cycling stability, mechanical performance, and interfacial compatibility of polymer electrolytes. Here, on the basis of discussing the CRP reaction mechanisms and the typical topological structures, this review thoroughly delves into the effects of CRP on electrochemical performance, and particularly focuses the current development of polymer electrolytes with different topological structures synthesized via CRP. Ending with providing the underlying challenges and perspectives, this review allows to deepen the comprehension of CRP methodologies on constructing polymer electrolytes, and offers the scientific guidance for shaping the high-performance CRP-derived polymer electrolytes. © 2025 Elsevier B.V., All rights reserved.","Controlled Radical Polymerization; Lithium Batteries; Solid-state Polymer Electrolytes; Topological Structures; Atom Transfer Radical Polymerization; Solid Electrolytes; Solid-state Batteries; Topology; Controlled Radical Polymerization; Energy Density; Limited Energies; Liquid Electrolytes; Optimisations; Performance; Polymer Electrolyte; Safety Risks; Solid State Polymer Electrolyte; Topological Structure; Lithium Batteries"
"Development of electrolysis systems for ambient temperature CO2 reduction","2025","EnergyChem","0","10.1016/j.enchem.2025.100156","https://www.scopus.com/inward/record.uri?eid=2-s2.0-105003292661&doi=10.1016%2Fj.enchem.2025.100156&partnerID=40&md5=5e1a43c3202de22c4b2362af01733c53","The electrochemical CO<inf>2</inf> reduction reaction (CO<inf>2</inf>RR) at ambient temperature holds great promise as a technology for storing intermittent and fluctuating renewable electricity while producing valuable carbon-containing feedstocks. As such, it has the potential to play a crucial role in closing the carbon cycle. Over the past decade, extensive research has focused on developing catalysts that enhance selectivity and reduce the overpotential of CO<inf>2</inf>RR. However, further attention should be directed towards the design of electrolyzers and integrated systems to achieve high current densities, improved energy efficiency, carbon efficiency, and stability. This review categorizes electrolysis systems into H-cells, gas diffusion electrode (GDE)-based flow cells, and membrane electrode assemblies (MEAs). In H-cells, the relatively low solubility of CO<inf>2</inf> in aqueous electrolytes limits current density, and strategies to enhance CO<inf>2</inf> mass transport are discussed. For GDE-based flow cells, strategies to maintain the hydrophobicity of GDEs are examined. Additionally, the impact of pH and alkali cations on energy efficiency, carbon efficiency, and anti-flooding performance is reviewed. MEAs with anion exchange membranes, cation exchange membranes, bipolar membranes, and solid-state electrolytes are introduced, with an exploration of the challenges associated with each type. Furthermore, tandem systems for CO<inf>2</inf><inf>[sbnd]</inf>CO[sbnd]C<inf>2+</inf> conversion are presented, including single cells incorporating two types of catalysts and cascades of two individual cells for CO<inf>2</inf>RR to CO and CO reduction, respectively. Finally, the review outlines future directions for CO<inf>2</inf>RR electrolysis systems and highlights the potential contributions of operando technologies and theoretical simulations. © 2025 Elsevier B.V., All rights reserved.","Co2 Reduction; Electrocatalysis; Electrolyzer; Gas Diffusion Electrode; Membrane Electrode Assembly; Diffusion In Gases; Electrolysis; Gas Sensing Electrodes; Kyoto Protocol; Ambients; Carbon Efficiency; Co 2 Reduction; Electrolysis Systems; Electrolyzers; Energy; Gas Diffusion Electrodes; Membrane Electrode Assemblies; Reduction Reaction; ]+ Catalyst; Carbon Electrodes"
"Recent advance and perspectives on CO tolerant platinum-based alloys in PEMFC anodes","2025","EnergyChem","0","10.1016/j.enchem.2025.100158","https://www.scopus.com/inward/record.uri?eid=2-s2.0-105003145174&doi=10.1016%2Fj.enchem.2025.100158&partnerID=40&md5=a6f4d37d39b1b33e27ac362f10a8b8ce","Global warming and energy consumption have spurred the research and development of proton exchange membrane fuel cells (PEMFCs), a high-energy-density and zero-emission energy conversion device. Currently, the predominant commercial catalyst employed for hydrogen oxidation reaction (HOR) in PEMFCs anode is Pt/C, and the efficiency of Pt-based catalysts is significantly undermined by the presence of CO mixed in the PEMFCs anode reactants. The incorporation of transition metals can modify the electronic structure of Pt-base catalysts and reduce the adsorption energy of CO on the platinum surface, thereby enhancing the CO tolerance. This timely review aims to present the crucial role of Pt-based alloy strategies for anti-CO poisoning of PEMFC anodes and performance optimization for HOR, and to offer a current overview of the research field. By following the demonstration on the CO poisoning mechanisms and the alloy design principles for anodic HOR in PEMFCs, recent progress on CO-resistant Pt-based alloy catalysts for high-efficiency PEMFCs is briefly presented. Finally, future challenges and directions for the commercialization of Pt-based alloy catalysts are reviewed. This review offers the significant insights into Pt-based alloys as a cutting-edge strategy for enhanced CO tolerance and favorable HOR for high performance PEMFCs. © 2025 Elsevier B.V., All rights reserved.","Co Tolerance; Hydrogen Oxidation Reaction; Proton Exchange Membrane Fuel Cells; Pt-based Alloy; Anode Materials; Anodes; Cobalt Alloys; Holmium Alloys; Alloy Catalyst; Co Poisoning; Co-tolerance; Energy-consumption; Fuel Cell Anodes; Higher Energy Density; Hydrogen Oxidation Reaction; Proton-exchange Membranes Fuel Cells; Pt-based Alloy; Research And Development; Platinum Alloys"
"Recent advances in high-entropy solid electrolytes for all-solid-state lithium batteries","2025","EnergyChem","2","10.1016/j.enchem.2025.100157","https://www.scopus.com/inward/record.uri?eid=2-s2.0-105002301777&doi=10.1016%2Fj.enchem.2025.100157&partnerID=40&md5=ace3d84b8ebcc6ce1ad75b7ee3effd7f","Rechargeable batteries have made important progress as an important means of sustainable development because of the non-renewable nature of fossil fuels has increased the demand for energy. As the “heart” of a rechargeable battery, the electrolyte directly determines the cycling performance of the battery. At present, electrolytes often have problems such as limited operating temperature and unsatisfactory ionic conductivity at room temperature. The introduction of electrode materials into the high-entropy strategy has improved the cycling performance of batteries, so the corresponding high-entropy electrolytes (HEEs) have high research value due to their disordered structure. However, there is still a lack of clear concepts and guidelines for efficient synthesis of HEEs, and the mechanism of corresponding performance improvement is unclear, which restricts the further development of HEEs. Herein, we summarize the application and working mechanism of HEEs in all-solid-state batteries. First, the development history and related definition of HEES are introduced. Then we discuss the application of HEES in existing solid electrolyte systems and its corresponding action mechanism, focusing on its improvement in ionic conductivity and interface wettability. Then, the current common synthesis methods and advanced characterization techniques of HEEs are introduced. Finally, the currently unsolved problems of HEEs and the corresponding potential development pathway are proposed. This review provides new ideas and insights for the study of high-performance solid-state electrolytes for commercial applications. © 2025 Elsevier B.V., All rights reserved.","High Entropy; Interfacial Contact; Ionic Conductivity; Npd; Solid Electrolyte; All-solid-state Lithium Battery; Cycling Performance; Electrode Material; Energy; High Entropy; Interfacial Contact; Non-renewable; Npd; Operating Temperature; Performance; Solid-state Batteries"
"Polymer-based electrolytes with high mechanical strength for multifunctional structural batteries","2025","EnergyChem","0","10.1016/j.enchem.2025.100154","https://www.scopus.com/inward/record.uri?eid=2-s2.0-105000983599&doi=10.1016%2Fj.enchem.2025.100154&partnerID=40&md5=0336891b25b27e3d20418be42684ef8a","Structural batteries are an emerging class of multifunctional electrochemical energy storage devices that combine mechanical load-bearing capabilities with energy storage. These batteries aim to address the weight and volume efficiency challenges faced by conventional batteries, particularly in electric vehicles, thereby extending driving range. As a crucial component of structural batteries, the electrolyte must not only facilitate ion transport but also provide mechanical integrity under flexural loads or impacts. However, developing a structurally strong electrolyte is a significant challenge, as high mechanical strength often leads to reduced ionic conductivity. Therefore, the full potential of structural batteries can only be realized once suitable multifunctional structural electrolytes are developed. This review examines the state-of-the-art in structural electrolytes, focusing on thermoplastic and thermoset polymer-based electrolytes for structural batteries. It explores the underlying ion transport mechanisms and mechanical enhancement strategies. The review also discusses how electrolyte composition—such as the choice of polymer matrix, inorganic fillers, solvents, and ionic liquid additives—affects both mechanical and electrochemical properties, as well as the role of interfacial stability. Furthermore, block copolymer electrolytes and molecular ion composite solid electrolytes based on rigid-rod polymers are proposed as promising candidates for structural electrolytes. The article also addresses the challenges and future prospects for these materials, aiming to provide insights into overcoming the limitations of polymer-based electrolytes with high mechanical strength, thus promoting their practical application in structural batteries. © 2025 Elsevier B.V., All rights reserved.","Ion Transport; Mechanical Property; Polymer-based Electrolyte; Solid Electrolyte; Structural Battery; Structural Electrolyte; Battery Storage; Elastin; Elastomers; Hydroelasticity; Silicones; Solid-state Batteries; Thermosets; Electrochemical Energy Storage Devices; High Mechanical Strength; Ion-transport; Mechanical; Multifunctionals; Polymer Based; Polymer-based Electrolyte; Property; Structural Batteries; Structural Electrolyte; Solid Electrolytes"
"Tailored high-entropy alloy nanomaterials for electrocatalytic applications","2025","EnergyChem","3","10.1016/j.enchem.2025.100155","https://www.scopus.com/inward/record.uri?eid=2-s2.0-105000560855&doi=10.1016%2Fj.enchem.2025.100155&partnerID=40&md5=7afcfabe5c79f1570aab926e65f44a52","High-entropy alloy (HEA) nanomaterials have garnered extensive attention over the past few years for their intriguing properties over conventional simple alloys. The applications of HEA nanomaterials in electrocatalysis open prospective new avenues for catalyst discovery and performance optimization. The expansive compositional space, random atomic arrangement, and complex coordination environment endow HEA catalysts with tremendous tunability, which in turn calls for more effective and general design strategies in the catalysis community. An in-depth comprehension of the structure-performance relationship of HEA electrocatalysts is urgently needed to advance their reasonable development further. In this review, design methodologies of HEA nanomaterials are first discussed from four aspects, i.e., the composition, size, shape, and crystal structure, with the ultimate goal of achieving optimal catalytic activity, selectivity, and stability. Subsequently, recent progress in diverse electrochemical reactions, including hydrogen evolution, hydrogen oxidation, oxygen evolution, oxygen reduction, carbon dioxide reduction, alcohol oxidation and nitrate reduction, is summarized with a focus on the design principles of HEA catalysts toward specific reactions. Last, current tasks and future outlooks in this burgeoning field are proposed. Overall, this review is dedicated to leveraging the potential of HEA nanomaterials for efficient and sustainable energy storage and conversion. © 2025 Elsevier B.V., All rights reserved.","Design Methodologies; Electrocatalysis; Energy Conversion; High-entropy Alloys; Nanomaterials; Catalytic Oxidation; Crystal Atomic Structure; Electrolytic Reduction; Energy Efficiency; Entropy; Alloy Catalyst; Design Methodology; Electrocatalytic; Energy; High Entropy Alloys; Performance Optimizations; Property; Prospectives; Simple++; ]+ Catalyst; Nanoclay"
"Recent progress of hydrogen-bonded organic framework-based photocatalysis","2025","EnergyChem","1","10.1016/j.enchem.2025.100151","https://www.scopus.com/inward/record.uri?eid=2-s2.0-105000456628&doi=10.1016%2Fj.enchem.2025.100151&partnerID=40&md5=a73609fd685b0dd9be3581face494090","Photocatalysis has emerged as a promising sustainable approach for solar-to-chemical energy conversion to deal with global energy and environmental issues. The newly developed hydrogen-bonded organic frameworks (HOFs) have attracted significant attention as novel photocatalysts owing to their low-energy synthesis, unique solution processability, as well as molecular-level designability and crystalline porous characteristics. So far, HOF-based photocatalysts have been applied in CO<inf>2</inf> reduction, water-splitting H<inf>2</inf> evolution, pollutant degradation, organic transformations, and so on. This review focuses on the fundamental understanding of HOF properties for photocatalysis and the recent achievements of HOF-based photocatalytic applications. Furthermore, perspectives on current challenges and future issues for HOF-based photocatalysts are proposed. © 2025 Elsevier B.V., All rights reserved.","Co2 Reduction; H2 Evolution; Hydrogen-bonded Organic Frameworks; Organic Transformation; Photocatalysis; Pollutant Degradation; Chemical Energy; Co 2 Reduction; Energy Issues; Global Energy; H 2 Evolution; Hydrogen-bonded Organic Framework; Organic Transformations; Organics; Pollutant Degradation; Recent Progress"
"Recent progress in oxygen electrocatalysts for aprotic lithium-oxygen batteries","2025","EnergyChem","1","10.1016/j.enchem.2025.100150","https://www.scopus.com/inward/record.uri?eid=2-s2.0-105000301746&doi=10.1016%2Fj.enchem.2025.100150&partnerID=40&md5=44a152c79d1c96db2ef773f9d20df32e","Lithium-oxygen (Li-O<inf>2</inf>) battery has gained wide interests as one potential energy storage solution for renewable energy due to its ultrahigh specific energy (∼3500 Wh kg-1). Currently, its development has suffered from technical issues including poor rate capability, low round-trip efficiency and inferior cycling stability, which stem from the sluggish kinetics of oxygen reduction reaction and oxygen evolution reaction, irreversible formation/decomposition behavior of Li<inf>2</inf>O<inf>2</inf> and parasitic reaction during discharge and charge processes. Thus, developing highly efficient electrocatalysts towards oxygen electrode reactions is urgently needed. In this review, we firstly discuss the basic structure and fundamental chemistry of Li-O<inf>2</inf> batteries. Key performance indexes of electrocatalyst are then highlighted and the effects of these key performance indexes of electrocatalysts on the surface and interface chemistry of oxygen electrode reactions in Li-O<inf>2</inf> battery are extensively clarified. Accordingly, the structure-performance relationships of different kinds of electrocatalysts are comprehensively discussed for non-aqueous Li-O<inf>2</inf> battery. Finally, we conclude with a summary on the challenges for achieving high-efficiency electrocatalysts and an outlook on pointing out the promising approaches for developing advanced oxygen electrocatalyst for Li-O<inf>2</inf> battery. © 2025 Elsevier B.V., All rights reserved.","Oxygen Evolution Reaction; Aprotic; Electrode Reactions; Key Performance Index; Lithium/oxygen Batteries; Oxygen Electrode; Potential Energy Storage; Recent Progress; Renewable Energies; Specific Energy; Storage Solutions"
"Manganese dioxide cathode materials for aqueous zinc ion battery: Development, challenges and strategies","2025","EnergyChem","6","10.1016/j.enchem.2025.100152","https://www.scopus.com/inward/record.uri?eid=2-s2.0-105000211187&doi=10.1016%2Fj.enchem.2025.100152&partnerID=40&md5=4f178098ec1e560173b88f9a3b9c01ee","The construction of new energy sources and their energy storage systems will be a key part of achieving the goal of green and sustainable development. Aqueous zinc ion batteries (AZIBs) have gradually made significant development in large-scale energy storage with their excellent safety performance, low cost and long cycle life. MnO<inf>2</inf> have become one of the most promising cathode materials for AZIBs due to their high theoretical capacity, wide operating voltage, abundant raw material storage, and low cost. However, the energy storage mechanism of MnO<inf>2</inf> cathode has been controversial, while MnO<inf>2</inf> face inherent issues such as Jahn-Teller effect, poor transport dynamics and severe structure degradation. To make a breakthrough from the perspective of MnO<inf>2</inf> application, a comprehensive understanding of MnO<inf>2</inf> is urgent. Herein, we present the development, challenges and strategies of MnO<inf>2</inf> cathode materials for AZIBs in this review. Specifically, we first introduce the history of the development of MnO<inf>2</inf>, from its initial application in alkaline batteries to the current high energy density batteries, followed by the discussions on the crystal structure, energy storage mechanism, main challenges and strategies. Finally, we provide innovative solutions to the bottlenecks in the development of MnO<inf>2</inf>, as well as recommendations, conclusions and outlooks for its future research directions. We anticipate that in-depth research on MnO<inf>2</inf> will facilitate the commercialization of the next generation of high-performance AZIBs. © 2025 Elsevier B.V., All rights reserved.","Aqueous Zinc Ion Batteries; Crystal Structures; Energy Storage Mechanism; Mno2 Cathodes; Aqueous Zinc Ion Battery; Cathodes Material; Crystals Structures; Energy; Energy Storage Mechanism; Ion Batteries; Mno 2; Mno2 Cathode; Storage Mechanism; Zinc Ions; Jahn-teller Effect"
"3D network of graphene materials for alkali metal ion batteries","2025","EnergyChem","7","10.1016/j.enchem.2025.100149","https://www.scopus.com/inward/record.uri?eid=2-s2.0-85218271790&doi=10.1016%2Fj.enchem.2025.100149&partnerID=40&md5=f62e80d1e0392b65a57a92c0b38c827e","With the rapid advancement of the economy, the commercial landscape of lithium-ion batteries has expanded significantly. However, traditional graphite anodes are often inadequate for applications demanding high energy and power densities, such as in drones and electric vehicles, due to limited capacity and rate capability, necessitating enhancements. Emerging sodium and potassium-ion batteries, with resource availability estimated to be 1000 times that of lithium, are particularly suited for grid-level energy storage, supporting photovoltaic systems. Given the physical and chemical advantages of carbon materials, there has been increasing interest in advanced carbon structures for lithium-, sodium-, and potassium-ion batteries. Notably, 3D network of graphene offers pathways for enhanced ion diffusion and electron transport, and its expanded interlayer spacing holds promise for sodium and potassium storage, potentially improving capacity, power, and longevity as a binder-free anode. This review elucidates the preparation techniques for 3D-network graphene, examines its applications in alkali ion battery cathodes and anodes, and discusses future advancements in this area. © 2025 Elsevier B.V., All rights reserved.","3d Network; Graphene; Lithium Ion Battery; Potassium Ion Battery; Sodium Ion Battery; 3d Networks; Alkali-metal Ions; Graphenes; Ion Batteries; Lithium Ions; Potassium Ion Battery; Potassium Ions; Sodium Ion Batteries; Sodium Ions"
"Controlling rhodium-based nanomaterials for high-efficiency energy-related electrocatalysis","2025","EnergyChem","4","10.1016/j.enchem.2025.100148","https://www.scopus.com/inward/record.uri?eid=2-s2.0-85218241019&doi=10.1016%2Fj.enchem.2025.100148&partnerID=40&md5=a47ac546c820e9d02f667b415bb7cad1","The design and control of rhodium (Rh)-based nanomaterials have become critical strategies for enhancing electrocatalyst performance in energy-related applications. Recent advancements in this field have led to the development of diverse Rh-based nanostructures with tailored properties, achieving significant improvements in catalytic efficiency and durability. Thus, a comprehensive understanding of Rh-based nanomaterials, and their roles in electrocatalysis is vital for advancing future research and application. This review systematically summarizes design strategies and structural characteristics of various Rh-based nanomaterials, including three-dimensional (3D), two-dimensional (2D), one-dimensional (1D), zero-dimensional (0D) structures such as clusters and single-atom catalysts. Additionally, we highlight electrochemical performance enhancement strategies through catalyst design, including surface and interface engineering, strain engineering, defect engineering, and alloying effect. Furthermore, we discuss their applications in critical electrocatalytic reactions, including water electrolysis, nitrogen cycle processes, and fuel cell cathode and anode reactions, while analyzing their structure-activity relationships and mechanisms. This review serves as a critical link between material design and electrocatalytic performance of Rh-based nanomaterials, offering an invaluable reference for researchers in the field. Finally, we also identify key challenges and propose future opportunities to inspire the rational design of Rh-based catalysts for sustainable energy technologies. © 2025 Elsevier B.V., All rights reserved.","Electrocatalysis; Energy Conversion; Promotion Strategy; Rhodium-based Nanomaterial; Structural Engineering; Cell Engineering; Catalytic Efficiencies; Design And Control; Energy; Future Applications; Higher Efficiency; Performance; Promotion Strategies; Research And Application; Rhodium-based Nanomaterial; Tailored Properties; Nanoclay"
"Research progress of coordination materials for electrocatalytic nitrogen oxides species conversion into high-value chemicals","2025","EnergyChem","3","10.1016/j.enchem.2025.100146","https://www.scopus.com/inward/record.uri?eid=2-s2.0-85217229669&doi=10.1016%2Fj.enchem.2025.100146&partnerID=40&md5=cd157f87bac3be0aa7958c9b93417e52","The pervasive utilization of fossil fuels precipitates a surge in nitrogen oxides (NOx) emissions, adversely impacting both environmental quality and human well-being. How to effectively manage these waste products is a global issue. Electrochemical NO<inf>x</inf> reduction powered by renewable energy represents an innovative strategy for environmental remediation and synthesis of valuable nitrogen-containing chemicals. Coordination materials with flexible regulatory characteristics have emerged as promising candidates in the electro-conversion of NO<inf>x</inf> into valuable nitrogen-containing chemicals, including inorganics (ammonia and hydroxylamine), and organic compounds (amino acids, oximes, urea, amides, and amines). This review delineates recent advancements in the utilization of coordination materials for the electrochemical conversion of NO<inf>x</inf> into valuable nitrogenous chemicals, aiming to build a novel bridge between inorganic and organic chemistry. © 2025 Elsevier B.V., All rights reserved.","Active Hydrogen; C-n Coupling; Coordination Materials; Electrocatalysis; Nox Reduction; Ammonia; Nitrogen Oxides; Active Hydrogens; C-n Coupling; Coordination Materials; Electrocatalytic; Environmental Quality; High-value Chemicals; Nitrogen Oxide Emissions; Nitrogen Oxide Species; No X; No X Reduction; Amines"
"Activity rationalization and mechanism tracking of CO2 photoreduction over 2D-based layered-bismuth-oxyhalides","2025","EnergyChem","1","10.1016/j.enchem.2025.100143","https://www.scopus.com/inward/record.uri?eid=2-s2.0-85216794229&doi=10.1016%2Fj.enchem.2025.100143&partnerID=40&md5=3e06588de7ddd326da90f142551767ca","The layered bismuth oxyhalides (LBO)-based photocatalysts recently delivered exceptional potential in producing valued chemical energy through the photocatalytic CO<inf>2</inf> reduction process (PCRP). However, a comprehensive review is lacking which can simultaneously underscore recent activity rationalization and mechanism tracking of LBO-driven PCRP. So, we present a review that uncovers different innovative methods enabling the transitions of physicochemical and optoelectronic properties in LBO-based photocatalysts, leading to efficient PCRP. Wherein particular focus is on accelerating the charge carrier dynamics (e.g., electron/hole separation/transfer), minimizing the electron/hole recombination, refining the structure/morphology, and ensuring charge-localized active sites in LBO-based photocatalysts. Specifically, the review began with highlighting the significance of LBO-driven PCRP, its thermodynamical/kinetical aspects, PCRP-associated reaction pathways, PCRP reactor setup, and charge-transferring modes-based division of PCRP. Next, it unravels PCRP activity advancement and in-situ mechanism tracking by depicting exclusive recent examples. Finally, the challenges to LBO-driven PCRP, their solutions, and a feasible future outlook are underlined. This review may offer extendable aspects that could be applied to other materials for driving various redox reactions. © 2025 Elsevier B.V., All rights reserved.","Active Sites; Bismuth Oxyhalides; Charge Carrier Dynamics; Chemical Energy; Co2 Reduction; Charge Transfer; Reaction Kinetics; Redox Reactions; Active Site; Bismuth Oxyhalides; Charge Carrier Dynamics; Chemical Energy; Co 2 Reduction; Innovative Method; Photo Reduction; Photo-catalytic; Rationalisation; Reduction Process; Photocatalytic Activity"
"Functional additives for proton exchange membrane fuel cells","2025","EnergyChem","3","10.1016/j.enchem.2025.100144","https://www.scopus.com/inward/record.uri?eid=2-s2.0-85216720240&doi=10.1016%2Fj.enchem.2025.100144&partnerID=40&md5=23400b273d4b9349a5ae7598814b9b83","Proton exchange membrane fuel cell (PEMFC) is an electrochemical energy conversion system with remarkable efficiency and eco-friendly operation. It holds immense promise and application potential in facilitating the transition towards sustainable energy solutions. Nevertheless, the widespread commercial adoption of PEMFCs is hindered by the immaturity of individual components within the system. Chief among these obstacles are the high cost and inadequate activity of the cathode catalyst, limited proton conductivity of the PEM, and fuel starvation issues at the anode. Furthermore, concerns regarding the mass transport limitation and the degradation of the membrane electrode assembly (MEA) during practical operation collectively impede performance optimization and lifetime extension. Despite the advancements in delicate catalyst design, the complex synthesis processes coupled with trial-and-error methodologies complicate scalability for large-scale applications. In response to these multifaceted challenges, incorporating functional additives (FAs) has emerged as a promising and versatile strategy. These smart additives, with diverse and unique functions, have rapidly gained traction and are being applied across nearly all components of the MEA. However, research efforts to utilize FAs to achieve high-performance and durable PEMFCs are not comprehensively documented, particularly concerning the underlying operational mechanisms. This review aims to bridge this knowledge gap by consolidating current understanding, providing a detailed analysis of the diverse mechanisms at play, and highlighting both the merits and limitations associated with the FA strategy. We aspire to offer valuable insights into this emerging field and contribute to the innovation of next-generation functional additives tailored for advanced PEMFC systems. © 2025 Elsevier B.V., All rights reserved.","Durability Issue; Functional Additives; Mass Transport Limitation; Membrane Electrode Assembly; Proton Exchange Membrane Fuel Cell; Mass Transportation; Nafion Membranes; Cell-be; Cell/b.e; Cell/be; Durability Issue; Electrochemical Energy Conversions; Functional Additives; Mass Transport Limitation; Membrane Electrode Assemblies; P.e.m.f.c; Proton-exchange Membranes Fuel Cells; Proton Exchange Membrane Fuel Cells (pemfc)"
"Performance optimization by antioxidant strategies for proton exchange membrane fuel cells: Recent progress and future","2025","EnergyChem","7","10.1016/j.enchem.2024.100142","https://www.scopus.com/inward/record.uri?eid=2-s2.0-85212962821&doi=10.1016%2Fj.enchem.2024.100142&partnerID=40&md5=d93fc77c442c33b2dcccd4f04a453e51","Although proton exchange membrane fuel cells (PEMFCs) have become a potential replacement for traditional energy sources because of their minimal environmental impact and superior efficiency, their vulnerability to degradation caused by in situ generated peroxide and oxygen radical species has seriously hindered their widespread application. To mitigate the negative effects of chemical attack on components of PEMFCs, especially on proton exchange membranes (PEMs), there has been significant efforts devoted in employing antioxidant strategies as the preferred solution, which can directly eliminate and remove harmful peroxide and oxygen radical species. However, due to the rigorous operating conditions, such as low pH, electric potential, water flow, and ion exchange/concentration gradient, undesirable degradation occurred for antioxidant additives. Moreover, the diminished activity and capability of antioxidants resulting from alterations in the physical state, such as migration, agglomeration, and dissolution, are also crucial factors to be taken into account. In this review, we mainly focus on the recent advancements in antioxidant therapy in enhancing the durability of PEMs, especially offering a comprehensive overview of advanced techniques for designing synthetic compounds and conducting thorough analyses of antioxidants to enhance activity-stability factors, aiming to inspire further advancements in this exciting field. © 2024 Elsevier B.V., All rights reserved.","Antioxidant Strategy; Durability Enhancement; Fuel Cells; Polymer Electrolyte Membrane; Radical Scavengers; Peroxides; Antioxidant Strategy; Durability Enhancement; Oxygen Radical; Performance Optimizations; Polymer Electrolyte Membranes; Proton Exchange Membranes; Proton-exchange Membranes Fuel Cells; Radical Scavengers; Radical Species; Recent Progress"
"Recent advances in two-dimensional metal pnictogenide nanosheets and their nanohybrids with diverse energy applications","2025","EnergyChem","2","10.1016/j.enchem.2024.100139","https://www.scopus.com/inward/record.uri?eid=2-s2.0-85210134014&doi=10.1016%2Fj.enchem.2024.100139&partnerID=40&md5=a33e6a602afaa6fd8fde4b51eb15ec63","Two-dimensional inorganic nanosheets have received prime attention because of their intriguing physicochemical properties and diverse functionalities. The reactivity and properties of inorganic nanosheets are influenced by their bonding characteristics and electronic structures. Consequently, controlling their chemical compositions and crystal structures can enhance the electrochemical and catalytic functionalities of these two-dimensional nanosheets. As an emerging family of inorganic nanosheets, two-dimensional transition metal pnictogenide nanosheets, characterized by highly covalent bonding, have attracted emerging attention owing to their excellent catalyst and electrode performances resulting from their high electrical conductivity, high surface reactivity, and high stability. Additionally, transition metal pnictogenide nanosheets are promising hybridization matrices that enhance various functionalities of hybridized species via the effective formation of interfacial coordinative bonds. This review highlights the exceptional advantages of transition metal pnictogenide nanosheets in developing efficient energy-functional materials, with an in-depth discussion of dominant governing factors for improving their performances. Depending on the synthesis methods and application fields, this review surveys a wide range of two-dimensional transition metal pnictogenide nanosheets and their nanohybrids, along with various characterization tools. Future research directions for designing and synthesizing high-performance metal-pnictogenide-nanosheet-based materials are discussed, providing valuable insights for optimizing their functionalities crucial for many energy applications. © 2024 Elsevier B.V., All rights reserved.","Electrical Conductivity; Hybridization; Metal Pnictogenides; Surface Reactivity; Two-dimensional Nanosheet; Covalent Bonds; Electric Conductivity; Nanoclay; Nanosheets; Physicochemical Properties; Electrical Conductivity; Energy Applications; Hybridisation; Inorganics; Metal Pnictogenides; Nanohybrids; Performance; Surface Reactivity; Two Dimensional Nanosheets; Two-dimensional; Crystal Structure"
"Promotion effects in ammonia synthesis over ruthenium catalysts: A review","2024","EnergyChem","5","10.1016/j.enchem.2024.100140","https://www.scopus.com/inward/record.uri?eid=2-s2.0-85210738268&doi=10.1016%2Fj.enchem.2024.100140&partnerID=40&md5=4754c0cc06cb6ee4f8c99ddc2046be91","Haber-Bosch (HB) process for industrial NH<inf>3</inf> synthesis operated at high temperature (500 °C) and pressure conditions (100–300 atm) with iron ore catalysts. Ru-based catalysts promoted by 1A and 2A elements, particularly Ba and Cs, show promise in electrolysis-driven HB operating under intermittent conditions. However, the roles of these promoters, traditionally classified as structural and electronic promoters based on trial-and-error study, remain controversial and lack a comprehensive literature review. This paper systematically examined these promotion effects, integrating conventional knowledge with recent experimental and computational advancements. It highlighted new insights into the composition and intrinsic roles of Ba, Cs, and other 1A/2A elements. The reaction mechanism of thermo-catalyzed NH<inf>3</inf> synthesis, including recent theories on spin promotion effects at active sites, is extensively discussed. This review provides a thorough understanding of promotion effects and guides the rational design of advanced metal catalysts with promoters for industrial NH<inf>3</inf> synthesis and various energy-related processes. © 2024 Elsevier B.V., All rights reserved.","Ammonia Synthesis; Electronic Promotion; Hydrogen Poisoning; Ruthenium Catalyst; Structural Promotion; Ruthenium; Synthesis (chemical); Ammonia Synthesis; Electronic Promotion; Haber-bosch Process; Highest Temperature; Hydrogen Poisoning; Nh 3; Pressure Conditions; Promotion Effects; Ruthenium Catalysts; Structural Promotion; Ammonia"
"Recent progress in the development of self-assembled porphyrin derivatives for photocatalytic hydrogen evolution","2024","EnergyChem","3","10.1016/j.enchem.2024.100138","https://www.scopus.com/inward/record.uri?eid=2-s2.0-85210548233&doi=10.1016%2Fj.enchem.2024.100138&partnerID=40&md5=8fdbfd5fc27abf6f4432b00e7e7203de","Photocatalytic hydrogen evolution (PHE) offers a promising solution to mitigate environmental pollution and address the global energy crisis. Porphyrin derivatives have been extensively explored as photocatalysts for PHE, owing to their efficient light-harvesting ability in the UV–Vis absorption region, stable photoexcited states, reversible redox properties, high photo and chemical stabilities, and tailorable optoelectronic properties via structural engineering. However, the monomeric porphyrin photocatalysts typically exhibit a narrow absorption range in the visible spectrum, susceptibility to light corrosion, and difficulty in loading cocatalysts such as Pt due to limited interface contact area. These issues lead to a low electron transfer efficiency between monomeric porphyrin photocatalyst and cocatalyst and thus inferior PHE performance. In addition, porphyrin photocatalysts in their bulk powder form usually possess uncontrolled morphologies and thus inefficient separation and migration of photoinduced charge carriers, which subsequently lowers the PHE performance. To address these challenges, the development of self-assembled porphyrin derivatives with well-defined sizes and shapes in the solid state presents a promising strategy. Over the past decade, significant advancements have been made in creating porphyrin-based self-assembled materials for efficient PHE. In this review, we summarize the progress in developing porphyrin-based self-assembled materials for PHE, highlighting how the morphology of self-assembled porphyrins affects their light-harvesting abilities, electronic properties, and separation and migration of photoinduced charge carriers, ultimately impacting their PHE performances. We are optimistic that this review will guide the future development of innovative self-assembled porphyrins, enhancing their efficacy for PHE and broadening their applications across various areas. © 2024 Elsevier B.V., All rights reserved.","Heterogeneous Catalysis; Morphology; Photocatalytic Hydrogen Evolution; Photoinduced Charge Separation; Porphyrin; Self-assembly; Π-π Interactions; Photocatalysts; Redox Reactions; Self Assembly; Co Catalysts; Light-harvesting; Monomerics; Performance; Photocatalytic Hydrogen Evolution; Photoinduced Charge Carriers; Photoinduced Charge Separation; Porphyrin Derivatives; Self Assembled Material; Π-π Interaction; Hydrogen Evolution Reaction"
"The relationship between electronic behavior of single atom catalysts and CO2 reduction to oxygenates","2024","EnergyChem","3","10.1016/j.enchem.2024.100141","https://www.scopus.com/inward/record.uri?eid=2-s2.0-85209992777&doi=10.1016%2Fj.enchem.2024.100141&partnerID=40&md5=ecf2b8baef028c2de7636c65d9e6fda1","Single-atom catalysts (SACs), with 100% atomic efficiency and distinctive electronic properties, show excellent catalytic performance for CO<inf>2</inf> reduction to oxygenates. However, the electronic structure of active sites and key intermediates undergo continuous changes during the reaction on SACs. It is challenging to explain these phenomena through structure-activity relationship. Herein, the “electronic behavior” elucidates the dynamic nature of electronic interactions between active sites and key intermediates. In this review, we invesitgate the transformation of the electronic structure within the CO<inf>2</inf> molecule and the active site of SACs during CO<inf>2</inf> activation, elucidating the complex interplay between these two entities. Then, we delve into the electronic change processes involved in thermal, electro-, and photo-catalytic CO<inf>2</inf> conversion, providing in-depth discussions. Additionally, the influence of the catalyst's electronic behavior on the structure-activity relationship is delineated with precision. At last, the challenges and future perspectives of electronic behavior for SACs are outlined. © 2024 Elsevier B.V., All rights reserved.","Co; Co2 Reduction; Electro-catalysis; Electronic Behavior; Ethanol; Methanol; Photo-catalysis; Single-atom Catalysts; Thermal Catalysis; Electrocatalysis; Electrolytic Reduction; Photocatalysis; Co; Co 2 Reduction; Electro Catalysis; Electronic Behaviors; Photo-catalysis; Single-atom Catalyst; Single-atoms; Thermal; Thermal Catalyse; ]+ Catalyst; Reaction Intermediates"
"Hierarchically ordered meso-/macroporous MOF-based materials for catalysis and energy applications","2024","EnergyChem","12","10.1016/j.enchem.2024.100137","https://www.scopus.com/inward/record.uri?eid=2-s2.0-85208177816&doi=10.1016%2Fj.enchem.2024.100137&partnerID=40&md5=05354012e28c0174d985db72ad2c2d89","Metal–organic frameworks (MOFs) have attracted significant attention due to their tunable structures and ease of functionalization. However, the predominance of micropores in most MOFs limits their effectiveness in diffusion-controlled applications. Recent developments in the construction of hierarchically ordered macro-/mesoporous MOFs, as well as their composites and derivatives, have broadened the application scope of traditional MOF-based materials. These ordered meso-/macropore structures enhance the exposure of active sites and improve mass transfer efficiency, thereby boosting reaction performance. This review discusses recent advancements in the design, synthesis, and catalysis and energy applications of ordered macro-/mesoporous MOF-based materials. Compared to conventional microporous materials, ordered macro-/mesoporous MOF-based materials demonstrate superior performance in applications including photo-, electro-, and thermocatalysis and electrochemical energy storage. The review also explores current challenges and future direction in the development of ordered macro-/mesoporous MOF-based materials, providing valuable insights for creating new materials with greater efficiency and broader applicability. © 2024 Elsevier B.V., All rights reserved.","Catalysis; Energy; Hierarchical Pores; Mofs; Ordered Macropores; Ordered Mesopores; Catalysis; Mesoporous Materials; Micropores; Microporous Materials; Energy; Energy Applications; Hierarchical Pores; Macro-mesoporous; Macropores; Macroporous Metals; Mesoporous Metal; Metalorganic Frameworks (mofs); Ordered Macropore; Ordered Mesopores; Mesopores"
"Hydrothermal treatment of lignocellulosic biomass towards low-carbon development: Production of high-value-added bioproducts","2024","EnergyChem","36","10.1016/j.enchem.2024.100133","https://www.scopus.com/inward/record.uri?eid=2-s2.0-85203822177&doi=10.1016%2Fj.enchem.2024.100133&partnerID=40&md5=5279fa7103a014e58d04b429f409fed1","The comprehensive and efficient utilization of lignocellulosic biomass is of great significance to humanity due to its low-carbon and sustainable characteristics. Hydrothermal treatment is a low-carbon technology for the valorization of lignocellulosic biomass toward diverse value-added bioproducts through the disintegration and conversion of lignocellulosic biomasses. This review first introduces the chemical compositions of lignocellulosic biomasses and the operating principles of hydrothermal treatment. Then, the transformation of the chemical compositions during hydrothermal treatment (<300 °C) is elucidated comprehensively. In addition, the recent advances in the hydrothermal valorization of lignocellulosic biomass into bio-oil, wood vinegar, briquette fuels, absorbents, carbonaceous electrode materials, and catalysts are introduced and discussed emphatically. The bridge between the hydrothermal treatment and the physicochemical properties and performances of the obtained value-added bioproducts is further built. The precise removal of chemical compositions and the followed directional conversion are the keys affecting the structure and physiochemical properties of the bioproducts. It is difficult to regulate the extraction and decomposition of chemical compositions in one step because of the heterogeneous structure and recalcitrant cross-linking barrier of lignocellulosic biomass. In this regard, a multi-step process is promising undoubtedly, while tailoring the specific application is necessary for industrialization due to the diversity of bioproducts. The future direction of fully efficient utilization of lignocellulosic biomass is proposed for the researches on the multipurpose valorization of high-value-added bioproducts. We believe this review would provide valuable guidance for the exploitation of biomass-derived high-value-added bioproducts through multipurpose production processes, ideally towards the achievement of a low-carbon blueprint. © 2024 Elsevier B.V., All rights reserved.","Absorbents; Briquette Fuels; Carbonaceous Electrodes; Catalysis; Hydrothermal Treatment; Lignocellulosic Biomass; Wood Vinegar; Absorbent; Bioproducts; Briquette Fuel; Carbonaceous Electrode; Chemical Compositions; Hydrothermal Treatments; Lignocellulosic Biomass; Low Carbon; Valorisation; Wood Vinegars; Crosslinking"
"Hole transport materials for scalable p-i-n perovskite solar modules","2024","EnergyChem","3","10.1016/j.enchem.2024.100135","https://www.scopus.com/inward/record.uri?eid=2-s2.0-85207029627&doi=10.1016%2Fj.enchem.2024.100135&partnerID=40&md5=282b6a43911e9f4410c810e397fc7f8c","Perovskite solar cells (PSCs) have emerged as a promising avenue for sustainable energy production, offering high efficiency at a low cost. However, the commercialization of PSCs is significantly influenced by the characteristics and properties of the perovskite bottom layers. In this review, we explore the implications of the perovskite bottom layers of inverted p-i-n PSCs, specifically the hole transport layer (HTL) and the HTL/perovskite interface, which plays an important role in the commercial viability of PSCs, including the key factors such as scalability, stability, and environmental safety. We examine the scalability challenge, which is essential for moving from lab-scale prototypes to mass production, through layer uniformity and compatibility with broad-scale manufacturing techniques. Stability issues include both the operational lifespan and environmental durability of PSCs, highlighting the significance of the bottom layers in safeguarding against degradation. Furthermore, we venture into environmental safety measures, emphasizing the approaches to curtailing lead leakage via sophisticated HTL and HTL/perovskite interface engineering. Through a holistic evaluation of these pivotal aspects, this review aims to establish a blueprint for forthcoming enhancements in PSC technology, highlighting the imperative of optimizing the HTL and HTL/perovskite interface to navigate commercialization obstacles and fully explore the potential of PSCs in sustainable energy production. © 2024 Elsevier B.V., All rights reserved.","Buried Interface; Hole Transport Layer; Perovskite; Scalable; Stability; Layered Manufacturing; Safety Factor; Sustainable Development; Bottom Layers; Buried Interface; Commercialisation; Energy Productions; Environmental Safety; Hole Transport Layers; Hole Transport Materials; Scalable; Solar Module; Sustainable Energy; Energy Conservation"
"Progresses and insights of thermoelectrochemical devices for low-grade heat harvesting: From mechanisms, materials to devices","2024","EnergyChem","5","10.1016/j.enchem.2024.100136","https://www.scopus.com/inward/record.uri?eid=2-s2.0-85206672709&doi=10.1016%2Fj.enchem.2024.100136&partnerID=40&md5=de1e6a3c6acf1007ce0e41c39a4ec3c1","Low-grade heat (<100 °C), as a typical and ubiquitous wasted energy, exhibits widely in nature, industrial activity, and our daily life. However, tremendous amount of heat energy is still not harvested efficiently due to the lack of effective and sustainable technologies. Therefore, the development of thermoelectrochemical devices with characteristics such as giant thermopower, cost effectiveness, good scalability and multi-functionality for heat-to-electricity conversion should be a top priority at present. However, there is great challenges to simultaneously achieve high power density and energy conversion efficiency as well as the integration with energy storage devices. Till now, a lot of works have been contributed to counter above-mentioned problems by the design of electrode materials, the optimization of electrolyte, and the assembly of devices. To accelerate the application of the thermoelectrochemical systems, this review exclusively summarizes the recent progresses of typical thermoelectrochemical devices containing thermodiffusion based devices, thermogalvanic based devices, and thermoextraction based devices from materials to devices, and discusses the energy conversion-storage mechanisms. We also give insights into the relationship between microstructures and performances of devices. Moreover, we present the key challenges and potential perspectives in future works about high value-added conversion and storage of low-grade heat. © 2024 Elsevier B.V., All rights reserved.","Electrolytes; Low-grade Heat; Materials; Mechanisms; Thermoelectrochemical Devices; Conversion Efficiency; Energy Efficiency; Thermoelectric Energy Conversion; Thermoelectric Equipment; Daily Lives; Energy; Heat Energy; High-power-density; Industrial Activities; Low Grade Heat; Multifunctionality; Power Energy; Sustainable Technology; Thermoelectrochemical Device; Electrolytes"
"Highly asymmetrically configured single atoms anchored on flame-roasting deposited carbon black as cathode catalysts for ultrahigh power density Zn-air batteries","2024","EnergyChem","5","10.1016/j.enchem.2024.100134","https://www.scopus.com/inward/record.uri?eid=2-s2.0-85206638624&doi=10.1016%2Fj.enchem.2024.100134&partnerID=40&md5=86503fe4733918a5bedf6dd32afb348b","Iron group element-based single atom (SA) catalysts are highly regarded as promising alternatives to commercial Pt/C for catalysis of oxygen reduction reaction (ORR). For applications in rechargeable zinc-air batteries (ZABs), achieving the necessary high catalytic efficiency of the SAs toward oxygen evolution reaction (OER) however remains a significant challenge. Here, highly asymmetrically configured Fe SAs created with N,S co-coordination and anchored on flame-roasting deposited carbon black (CB), Fe-N<inf>3</inf>S<inf>1</inf>/CB, are developed, achieving outstanding bifunctional oxygen catalytic efficiency, with an ultra-small potential gap of 0.661 V at 10 mA cm-2 (ΔE<inf>10</inf>), outperforming the (Pt/C+RuO<inf>2</inf>) composite catalyst (0.697 V). With a newly proposed binder-free composite air cathode design, the Fe-N<inf>3</inf>S<inf>1</inf>/CB based ZAB achieves an ultrahigh power density of 365.7 mW cm-2 at a current density of 511.3 mA cm-2, largely outperforming the (Pt/C+RuO<inf>2</inf>) based ZAB (225.9 mW cm-2 at 344.7 mA cm-2). Furthermore, the Fe-N<inf>3</inf>S<inf>1</inf>/CB based ZAB demonstrates excellent long-term stability, with only 8.2 % decay in round-trip efficiency over 1000 (333.3 h) charge-discharge cycles at 10 mA cm-2. Density functional theory calculations elucidate that incorporation of sulfur into the coordination sphere of Fe facilitates the electrochemical dehydroxylation step for ORR and accelerates the electrochemical O<inf>2</inf> desorption step for OER, thereby reducing the corresponding free energy differences on Fe SAs for largely enhanced catalytic efficiency. 1. A large size hetero-atom element, sulfur, is introduced to create highly asymmetrically configured Fe single atoms for enhancements in catalytic efficiency toward both oxygen reduction reaction and oxygen evolution reaction, and a binder-free composite air cathode design is proposed to improve electrochemical performances of zinc-air batteries. 2. An ultra-small potential gap of 0.661 V at 10 mA cm-2 (ΔE<inf>10</inf>) is achieved for the air cathode, and an ultrahigh discharge power density of 365.7 mW cm-2 at a current density of 511.3 mA cm-2 is acquired for the zinc-air battery. © 2024 Elsevier B.V., All rights reserved.","Binder-free Composite Air Cathode; Coordination Environment Engineering; Flame-roasting Deposition; Highly Asymmetrically Configured Single Atom Catalyst; Rechargeable Zn-air Battery; Binders; Carbon; Electrodeposition; Electrolytic Reduction; Enameling; Hard Facing; Ligands; Oxygen; Oxygen Evolution Reaction; Oxygen Reduction Reaction; Palladium; Photodissociation; Photolysis; Platinum; Platinum Compounds; Rate Constants; Ruthenium Compounds; Zinc Air Batteries; Zinc Alloys; Air Cathode; Binder Free; Binder-free Composite Air Cathode; Coordination Environment; Coordination Environment Engineering; Environment Engineering; Flame-roasting Deposition; Highly Asymmetrically Configured Single Atom Catalyst; Rechargeable Zn-air Battery; Single-atoms; ]+ Catalyst; Sulfur"
"Unlocking solar energy: Photocatalysts design for tuning the CO2 conversion into high-value (C2+) solar fuels","2024","EnergyChem","23","10.1016/j.enchem.2024.100130","https://www.scopus.com/inward/record.uri?eid=2-s2.0-85199873462&doi=10.1016%2Fj.enchem.2024.100130&partnerID=40&md5=b4bb2f33f385681e8b7ce5938a48a280","The carbon dioxide (CO<inf>2</inf>) conversion to useful chemicals is a promising technique to address global environmental issues and ensure a renewable energy supply. Despite the efforts to enhance product yield with different catalysts, most studies focused on improving efficiency with less emphasis on the selectivity of higher hydrocarbon (C<inf>2+</inf>) products. Hence, CO, CH<inf>4</inf>, and HCOOH are the commonly obtained products during CO<inf>2</inf> photoreduction according to most literature. C<inf>2+</inf> hydrocarbons have a higher market value compared to C<inf>1</inf> products. Therefore, research on photocatalytic CO<inf>2</inf>-to-C<inf>2+</inf> conversion has received significant attention in recent years. This review discusses the progress of CO<inf>2</inf>-to-C<inf>2+</inf> photoconversions. First, the insights into CO<inf>2</inf> reduction, kinetics, critical challenges, and underlying mechanisms involved in the conversion of CO<inf>2</inf>-to-C<inf>2+</inf> are highlighted. Further, the progress on strategies such as defect engineering, heteroatom doping, cocatalysts deposition, single or dual-atom catalysts, heterostructured combinations, and morphological modulations to improve the selectivity of CO<inf>2</inf> reduction towards C<inf>2+</inf> formation has been discussed. Factors affecting the performance of CO<inf>2</inf>-to-C<inf>2+</inf> are discussed throughout, focusing on aspects like the interaction of reactants with the catalyst surface, various reaction conditions, intermediate formation, *C<inf>1</inf> stabilization, and C–C coupling. Finally, a summary and outlook on recent trends in CO<inf>2</inf> utilization are discussed. © 2024 Elsevier B.V., All rights reserved.","Co2-to-c2+; Co2-to-solar Fuel; C–c Coupling; Higher Hydrocarbons; Photocatalysis; Catalyst Selectivity; Hydrocarbons; Reaction Intermediates; Solar Fuels; Surface Reactions; C-c Coupling; Co 2 Reduction; Co2-to-c2+; Co2-to-solar Fuel; Environmental Issues; Higher Hydrocarbons; Renewable Energies; Useful Chemicals; ]+ Catalyst; Carbon Dioxide"
"Recent development in solid additives enables high-performance organic solar cells","2024","EnergyChem","18","10.1016/j.enchem.2024.100129","https://www.scopus.com/inward/record.uri?eid=2-s2.0-85196488642&doi=10.1016%2Fj.enchem.2024.100129&partnerID=40&md5=07bac59188e54aaa23f54b56f8a28119","The active layer morphology in organic solar cells (OSCs) including ideal vertical phase separation, molecular packing, and domain size are crucial in influencing the behavior of excitons and charge carriers. Many techniques have been developed to optimize the morphology throughout fabrication extending from thermal and solvent vapor annealing to incorporation of solvent additives. Nevertheless, these posttreatments are unsuitable for large-area OSC fabrication, and solvent additives remain within the active layer, gradually comprising morphology and device performance over time. Recently, the development of solid additives with their unique characteristics, offers superior morphology control, easy posttreatments, and enhanced device stability. Consequently, solid additives have rapidly achieved popularity as a universal and considerably used method to optimize morphology and performance. However, the operational mechanism of solid additives, especially their interactions with donor-acceptor within the active layer remains unclear, hindering their development and use in emerging OSC systems. Therefore, we have summarized recent findings on solid additives volatile and nonvolatile depending on their characteristics, and a comprehensive discussion of different mechanisms is reviewed. These insights aim to assist in choosing suitable solid additives for newly developed OSC systems. Finally, we provide a brief overview of challenges and potential advancements concerning solid additives in OSCs. © 2024 Elsevier B.V., All rights reserved.","Morphology; Organic Solar Cells; Solid Additives; Stability; Working Mechanisms; Additives; Morphology; Phase Separation; Solvents; Active Layer; Layer Morphology; Molecular Domains; Performance; Post Treatment; Solar Cell System; Solid Additive; Solvent Additives; Vertical Phase Separations; Working Mechanisms; Organic Solar Cells"
"MOF-derived LDHs: Unveiling their potential in oxygen evolution reaction","2024","EnergyChem","17","10.1016/j.enchem.2024.100128","https://www.scopus.com/inward/record.uri?eid=2-s2.0-85195072623&doi=10.1016%2Fj.enchem.2024.100128&partnerID=40&md5=aac7e1b15c2de88b05053b45c111ec5b","This review explores the potential of metal-organic frameworks (MOFs) to drive sustainable clean energy solutions and their crucial role in transitioning towards a decarbonized global economy. The paper underscores the remarkable versatility and modifiability of MOFs. Central to this discourse is the conversion of MOFs into layered double hydroxides (LDHs), with a detailed exposition of the synthesis methodologies and their consequential effects on catalytic efficacy. A meticulous evaluation of MOF-derived LDHs is presented, particularly in the context of the oxygen evolution reaction (OER), encapsulating cutting-edge progress and probing the feasibility of integrating these materials into next-generation energy technologies. Diverging from existing literature, this research provides an in-depth exploration of MOF-to-LDH conversion, a promising area in OER catalysis. In addition, structural engineering techniques to optimize the performance of MOF-derived LDHs in electrochemical devices are explored, highlighting the potential of MOFs as future electrocatalysts and guiding future research directions. © 2024 Elsevier B.V., All rights reserved.","Clean Energy; Electrocatalysis; Ldhs; Mofs; Oxygen Reaction; Electrocatalysts; Metal-organic Frameworks; Oxygen; Clean Energy; Cutting Edges; Energy Solutions; Global Economies; Layered-double Hydroxides; Metalorganic Frameworks (mofs); Modifiability; Oxygen Reaction; Sustainable Clean Energy; Synthesis Methodology; Electrocatalysis"
"Nanostructured iron oxides for heterogeneous catalysis","2024","EnergyChem","12","10.1016/j.enchem.2024.100124","https://www.scopus.com/inward/record.uri?eid=2-s2.0-85194409912&doi=10.1016%2Fj.enchem.2024.100124&partnerID=40&md5=e6749406339561f7b55a9aceab76f60c","Modulating the shape and crystal-phase of nano-sized iron-oxide particles play an essential role in the design of highly efficient heterogeneous catalysts. Iron oxides usually present as hematite (α-Fe<inf>2</inf>O<inf>3</inf>), maghemite (γ-Fe<inf>2</inf>O<inf>3</inf>), and magnetite (Fe<inf>3</inf>O<inf>4</inf>), where the coordination environments of Fe and O vary considerably. The diversity structures of iron oxides, in terms of chemical composition, particle size/shape, and crystal-phase, favor a flexible mediation on the geometric and electronic characters of surface Fe and O atoms that are intimately linked to the active sites for catalysis. Tuning the crystal-phase of size/shape-specified FeO<inf>x</inf> particles alters the arrangements of Fe and O atoms both in the bulk and on the surface. While tailoring the particle shape, in a specific crystal-phase, enables to expose the more reactive facets featured by unique arrangements of Fe and O atoms. All these strategies could maximize the number of active sites for catalysis and regulate the adsorption and activation manner of reacting molecules. In addition, the shape and crystal-phase of FeO<inf>x</inf> particles, when they are used to support the catalytically more active precious metals, affect the dispersion of the precious-metals via interfacial bonding and charge transfer. In this context, the precious-metals would show distinct electronic features via interaction with iron oxides, while their interfacial bonding is governed by the surface properties of iron oxides. Among them, precious-metal single-atoms, anchored on iron oxides, are characterized by the isolated sites, but a straightforward correlation between their electronic and geometric structures and the catalytic properties is controversial. Alternatively, inverse structures (iron-oxide layers on precious -metal particles) and core-shell geometries (a precious-metal core and an oxide shell) enable to construct active interfaces and describe the geometric and electronic characters. Moreover, the dynamic behavior of precious-metal-support interfaces, under reactive gases and at high temperatures, would provide accurate and realistic evidences for revealing the intrinsic structure-reactivity relationships. © 2024 Elsevier B.V., All rights reserved.","Active Site; Crystal-phase; Heterogeneous Catalysis; Iron Oxides; Particle Shape; Atoms; Charge Transfer; Chemical Bonds; Crystals; Geometry; Hematite; Magnetite; Particle Size; Precious Metals; Active Site; Crystal Phasis; Haematite; Heterogeneous Catalyst; Interfacial Bonding; Iron Oxide Particles; Metal Core; Nano Sized; Nano-structured; Particle Shape; Catalysis"
"Ionic thermoelectric gels and devices: Progress, opportunities, and challenges","2024","EnergyChem","38","10.1016/j.enchem.2024.100123","https://www.scopus.com/inward/record.uri?eid=2-s2.0-85189024392&doi=10.1016%2Fj.enchem.2024.100123&partnerID=40&md5=6f8fed625b06c5b566f058496e63dd23","Thermoelectric materials are promising in relieving the energy crisis concerning harvesting waste heat and providing a new environment-friendly self-power source for Internet of Things (IoT) sensors. This has attracted significant interest from both the industry and scientific research communities. Fundamentally, general thermoelectric materials are defined as condensed matter that directly converts heat into electricity using electrons or ions as carriers. This review focuses on the emerging ionic thermoelectric (i-TE) gels characterized by distinguished advantages of high voltage output, flexibility, stretchability, and solution processing. Firstly, we systematically review the progress of both p-type and n-type i-TE gels from natural to synthesized gel materials. Secondly, we summarize several strategies for enhancing thermopower, such as entropy engineering, diffusion suppression of counter ions, and several synergistic effects. Thirdly, we briefly review three common modes in which i-TE gels can operate: generator, supercapacitor, and cycle mode. Fourthly, we discussed the effect of electrode structure and gel structure on the energy output. We also highlight the opportunity for i-TE gels to explore new applications based on their unique advantages. Finally, the challenges and perspectives are presented, suggesting a challenging technique road and a bright future in this emerging field. © 2024 Elsevier B.V., All rights reserved.","Applications; Challenges; Energy Output; Ionic Thermoelectric Gels; Thermopower; Energy Policy; Gels; Tellurium Compounds; Thermoelectric Equipment; Thermoelectric Power; Waste Heat; Challenge; Energy Crisis; Energy Output; Environment Friendly; Industry Research; Ionic Thermoelectric Gel; Power Sources; Thermo-electric Materials; Thermoelectric; Thermoelectric Material; Internet Of Things"
"Interfacial engineering for high-performance garnet-based lithium metal batteries: A perspective on lithiophilicity and lithiophobicity","2024","EnergyChem","9","10.1016/j.enchem.2024.100122","https://www.scopus.com/inward/record.uri?eid=2-s2.0-85188840005&doi=10.1016%2Fj.enchem.2024.100122&partnerID=40&md5=f78cc388dc51a880d452c27e7b7b6829","The research and development of energy storage devices has witnessed a paradigm shift towards the realization of solid-state lithium metal batteries owing to the high theoretical capacity of the lithium metal anode (LMA). Among all types of solid-state electrolytes (SSEs), garnet-based solid electrolytes are one of the most promising candidates which developed due to their relatively high ionic conductivity (10–4 to 10–3 mS cm–1), wide electrochemical stability window (0–6 V vs. Li+/Li), and, most importantly, thermodynamic stability with lithium. Applying suitable interfacial engineering solutions is crucial for solid-state lithium metal batteries, especially for garnet-solid electrolytes due to their brittle nature, which cannot withstand high stack pressure. In this review, we focus on the recent developments in interface engineering solutions and broadly classify them based on the interface modification approach/fabrication routes using various classes of materials. Certain vital electrochemical performance parameters have been compared closely, which gives an appropriate estimation of what types of interlayers will be suitable along with the possible mechanistic route. Moreover, the role of lithium affinity at the interface in terms of lithiophilicity and its importance, along with the presence of lithiophobic phases, is discussed as it amplifies the critical current density of the anode/solid-electrolyte interface and reduces the area-specific resistance. This article comprehensively analyzes the anode-solid-state electrolyte interface in garnet-based lithium metal batteries. It aims to provide a clear perspective on lithiophilicity and lithiophobicity to achieve high-performance batteries. © 2024 Elsevier B.V., All rights reserved.","Composite Anode; Garnet Solid-state Electrolyte; Interface; Li Metal; Lithiophilic; Lithium Alloy; Anodes; Interface States; Lithium Alloys; Lithium Batteries; Solid Electrolytes; Solid-state Batteries; Composite Anodes; Engineering Solutions; Garnet Solid-state Electrolyte; Li Metal; Lithiophilic; Lithium Metals; Paradigm Shifts; Performance; Research And Development; Solid-state Electrolyte; Garnets"
"Design strategies of iridium(III) complexes for highly efficient saturated blue phosphorescent OLEDs with improved lifetime","2024","EnergyChem","39","10.1016/j.enchem.2024.100120","https://www.scopus.com/inward/record.uri?eid=2-s2.0-85187791720&doi=10.1016%2Fj.enchem.2024.100120&partnerID=40&md5=2d25f0a685796172bef934e2e3e814d5","This review explores the latest advancements of iridium(III) phosphorescent blue emitters by focusing on the design strategies employed for saturated blue phosphorescent OLEDs with enhanced operational lifetime. Saturated blue emission remains a challenging aspect of OLED technology, and iridium(III) complexes have emerged as promising materials to address this issue. The molecular design principles, ligand engineering and host materials that facilitate the achievement of highly efficient blue phosphorescent emission are explored. Additionally, various host-guest systems and device architectures that have been employed to prolong the operational lifetime of these OLEDs are systematically examined. The review highlights recent breakthroughs and prospects, including the synthesis of novel iridium(III) complexes, advanced device engineering strategies, and potential application in next-generation displays and lighting technologies. Therefore, this comprehensive analysis serves as a valuable resource for researchers and industry professionals engaged in the development of advanced OLEDs with improved efficiency and longevity. © 2024 Elsevier B.V., All rights reserved.","Efficiency; Iridium(iii) Complexes; Organic Light Emitting Diode; Phosphorescent; Stability; Display Devices; Iridium Compounds; Organic Light Emitting Diodes (oled); Phosphorescence; Synthesis (chemical); Blue Emitter; Blue Phosphorescent Oled; Blue-emission; Design Strategies; Iridium Complex; Lightemitting Diode; Operational Lifetime; Organic Light Emitting Diode; Organic Light-emitting; Phosphorescent; Efficiency"
"Covalent organic frameworks for efficient hydrogen peroxide production","2024","EnergyChem","15","10.1016/j.enchem.2024.100121","https://www.scopus.com/inward/record.uri?eid=2-s2.0-85186714790&doi=10.1016%2Fj.enchem.2024.100121&partnerID=40&md5=02783d02491b336408bbb3b242053a04","The field of hydrogen peroxide (H<inf>2</inf>O<inf>2</inf>) has attracted enormous interests because H<inf>2</inf>O<inf>2</inf> is a sort of environmental-friendly oxidant to be widely used in sanitation, chemical industry and environmental field. The high energy consumption and production of harmful by-product waste of conventional anthraquinone oxidation technology calls for the development of green and sustainable technologies for H<inf>2</inf>O<inf>2</inf> production. The photocatalytic and electrocatalytic H<inf>2</inf>O<inf>2</inf> production based on the covalent organic framework (COF) catalysts has been developed rapidly during the past few years due to the advantages of COFs including structural designability, high crystallinity, good porosity and stability. In this review, the basic principles, recent achievements and strategies for the design of COF photocatalysts and electrocatalysts to improve the performance of H<inf>2</inf>O<inf>2</inf> production are summarized and highlighted. The challenges and perspective for the future directions are discussed in detail. This review is expected to pave the way for the rational design of advanced COF catalysts for the sustainable H<inf>2</inf>O<inf>2</inf> production. © 2024 Elsevier B.V., All rights reserved.","Covalent Organic Frameworks; Electrocatalysis; Hydrogen Peroxide Production; Oxygen Reduction Reaction; Photocatalysis; Chemical Industry; Crystallinity; Electrocatalysis; Electrocatalysts; Energy Utilization; Hydrogen Peroxide; Hydrogen Production; Ketones; Oxidation; Oxygen; Covalent Organic Frameworks; Energy Consumption And Production; Environmental Fields; Environmental-friendly; Green Technology; High Energy Consumption; Hydrogen Peroxide Production; Oxidation Technology; Oxygen Reduction Reaction; ]+ Catalyst; Electrolytic Reduction"
"Tuning the local coordination environment of single-atom catalysts for enhanced electrocatalytic activity","2024","EnergyChem","35","10.1016/j.enchem.2024.100119","https://www.scopus.com/inward/record.uri?eid=2-s2.0-85186510789&doi=10.1016%2Fj.enchem.2024.100119&partnerID=40&md5=8c8f8b4d9813e095673845694dff4f78","The local coordination environment (LCE) plays a pivotal role in determining catalyst performance. By controlling the LCE of catalysts, the catalytic activity, selectivity, and stability of catalysts can be effectively increased. This influence is particularly pronounced in the realm of electrocatalysis, especially for single-atom catalysts (SACs). However, it is still a challenge to properly regulate the LCE and improve the activity and stability of SACs during catalysis. According to the differences in electron distribution and interaction between atoms in different types of chemical bonds, the LCE can be adjusted by experimental and simulated design. In this review, we discuss the characterization of LCE in SACs, explore the impact of adjusting LCE in high-performance electrocatalysts and summarize the challenges and opportunities of SACs in the future. We aim for this review to provide new insights into further research on SACs. © 2024 Elsevier B.V., All rights reserved.","Catalytic Activity; Electrocatalytic; Heteroatom Doping; Local Coordination Environment; Single-atom Catalysts; Atoms; Bond Strength (chemical); Catalyst Selectivity; Electrocatalysis; Electrocatalysts; Coordination Environment; Electrocatalytic; Electrocatalytic Activity; Heteroatom Doping; Heteroatoms; Local Coordination; Local Coordination Environment; Single-atom Catalyst; Single-atoms; ]+ Catalyst; Catalyst Activity"
"Crystal nano-engineering: A new era for perovskite photovoltaics","2024","EnergyChem","0","10.1016/j.enchem.2024.100118","https://www.scopus.com/inward/record.uri?eid=2-s2.0-85185190822&doi=10.1016%2Fj.enchem.2024.100118&partnerID=40&md5=f4a25d58bfaae6d20fa1c12e5c195c9c","[No abstract available]",""
"Recent advances in the surface modification strategies towards 3D carbon-based hosts for dendrite-free Li/Na/Zn metal anodes","2024","EnergyChem","13","10.1016/j.enchem.2024.100117","https://www.scopus.com/inward/record.uri?eid=2-s2.0-85184007966&doi=10.1016%2Fj.enchem.2024.100117&partnerID=40&md5=af05a9b6b65488d5ab420e87231377eb","Rechargeable Li/Na/Zn metal batteries are promising next-generation energy-storage systems owing to their high energy density. However, the inhomogeneous deposition behavior, severe dendrite growth and drastic volume variation hinder the practical applications of Li/Na/Zn metal anodes. Three-dimensional (3D) carbon-based substrates have received extensive attention in view of their low cost, high electronic conductivity, and adjustable physicochemical characteristic. Moreover, their interconnected network architecture can accommodate the enormous internal stress fluctuation, homogenize electric field distribution, and mitigate Li/Na/Zn dendrite growth. Herein, we review the recent advances in 3D carbon-based hosts employing surface modification strategies to accomplish spatially confined deposition behavior of metallic Li/Na/Zn. Firstly, self-templated synthesis and hard-templating synthesis for manufacturing the 3D carbon-based scaffolds are briefly presented. Subsequently, we investigate several typical surface modification strategies, including heteroatom doping, surface functionalization, decoration of nucleation sites, and skeleton gradient design of metallophilicity and electronic conductivity. Finally, the future perspectives on several research orientations for the commercial application of 3D carbon-based hosts as metal anodes are emphasized. © 2024 Elsevier B.V., All rights reserved.","3d Hosts; Carbon; Li/na/zn Metal Anodes; Spatial Confinement; Surface Modification; Anodes; Deposition; Electric Conductivity; Electric Fields; Network Architecture; Scaffolds; Substrates; 3d Host; Carbon-based; Dendrite Growth; Deposition Behaviours; Electronic Conductivity; Li/na/zn Metal Anode; Metal Anodes; Spatial Confinement; Storage Systems; Surface-modification; Carbon"
"Metal-organic framework composites for photocatalysis","2024","EnergyChem","43","10.1016/j.enchem.2023.100115","https://www.scopus.com/inward/record.uri?eid=2-s2.0-85179799373&doi=10.1016%2Fj.enchem.2023.100115&partnerID=40&md5=6618c255eeb237223ad0d3638f8bf79d","In the past decades, metal-organic frameworks (MOFs) have gained great attention as a promising candidate in photocatalytic applications, leveraging their tunable pores, well-defined structures, ease of functionalization and inherent semiconductor properties. Nevertheless, owing to their poor light-harvesting capability and suboptimal electron-hole separation efficiency, their catalytic performances have yet to meet the prerequisites for industrial deployment. To address this issue, researchers started to incorporate guest substances into MOFs, thereby integrating multiple functions or advantages to form MOF composites. Through the construction of active interfaces and the introduction of functional units, the light absorption capacity, charge separation and the reaction activity are pointedly optimized, thus enhancing the overall photocatalytic performances. Moreover, the composites exhibit various active sites with well-defined coordination configuration, facilitating the study of the photocatalytic mechanism. Herein, this review provides an overview of commonly used MOF composites in photocatalysis, including metal nanoparticles/MOFs, semiconductors/MOFs, carbon materials/MOFs, aerogels/MOFs, polymers/MOFs, reticular frameworks/MOFs, and MOF composites with others, summarizes their synthesis strategies, and presents their latest applications in photocatalytic water splitting, CO<inf>2</inf> reduction, N<inf>2</inf> reduction and organic reactions. We hope that this review will highlight the advantages and challenges of MOF composites in photocatalysis and inspire the development of more efficient and widely applicable novel MOF composite photocatalysts. © 2024 Elsevier B.V., All rights reserved.","Co2 Reduction; Composites; Metal-organic Frameworks; N2 Reduction; Organic Reactions; Photocatalysis; Water Splitting; Aerogels; Carbon Dioxide; Metal Nanoparticles; Metal-organic Frameworks; Organic Polymers; Photocatalytic Activity; Synthesis (chemical); % Reductions; Co 2 Reduction; Functionalizations; Metalorganic Frameworks (mofs); N2 Reduction; Organic Reaction; Photocatalytic Application; Tunables; Water Splitting; Well-defined Structures; Light Absorption"
"Donor-acceptor-based conjugated polymers for photocatalytic energy conversion","2024","EnergyChem","70","10.1016/j.enchem.2023.100116","https://www.scopus.com/inward/record.uri?eid=2-s2.0-85179160130&doi=10.1016%2Fj.enchem.2023.100116&partnerID=40&md5=92accdce376dbb87e89ecaf724879984","Photocatalytic solar-to-chemical energy conversion is deemed to be a promising, eco-friendly, and low-energy input strategy for addressing the energy crisis. Donor−acceptor (D−A) conjugated polymers (CPs) have recently emerged as the hub in photocatalysis due to their charming properties, such as variable molecular structure, accessible functionalization, tunable electronic band structure, and versatile synthetic approaches. These features enable D−A-based CPs to be a potential alternative for conventional inorganic photocatalysts. Currently, researchers are making great efforts to design highly-efficient D−A-based CPs for adaptable photocatalytic reactions. In this review, the development, classification, and common synthetic strategies of D−A-based CPs are introduced. The recent progress of D−A-based CPs in photocatalytic energy conversion is systematically summarized, including photocatalytic H<inf>2</inf> evolution, O<inf>2</inf> evolution, overall water splitting, CO<inf>2</inf> reduction, H<inf>2</inf>O<inf>2</inf> production, and organic transformation. Meanwhile, the impacts of molecular/electronic structure and morphology of D−A-based CPs on light-harvesting capacity, exciton dissociation, and interfacial reaction during the photo-redox reactions are clarified. Finally, the conclusions and future challenges for photocatalytic energy conversion over D−A-based CPs are provided. This review is expected to offer an in-depth and comprehensive understanding of photocatalytic energy conversion in the aspect of mechanism, as well as to stimulate inspiration for designing D−A-based CP photocatalysts with surpassing efficiency. © 2024 Elsevier B.V., All rights reserved.","Conjugated Polymers; Donor-acceptor Structure; Photocatalysis; Solar Fuels; Water Splitting; Energy Conversion; Energy Policy; Photocatalysis; Redox Reactions; Solar Fuels; Based Conjugated Polymers; Chemical Energy; Donor-acceptor Structure; Donor/acceptor; Eco-friendly; Energy Inputs; Lower Energies; Photo-catalytic; Water Splitting; Conjugated Polymers"
"Insight into the active sites of M–N–C single-atom catalysts for electrochemical CO2 reduction","2023","EnergyChem","22","10.1016/j.enchem.2023.100114","https://www.scopus.com/inward/record.uri?eid=2-s2.0-85178451122&doi=10.1016%2Fj.enchem.2023.100114&partnerID=40&md5=8fe1a3b4823b9f25fdd0709886a54f3d","Electrochemical carbon dioxide reduction (CO<inf>2</inf>RR) to chemicals and fuels is a promising way to alleviate global environmental problems and energy issues. Among the various catalysts, metal-nitrogen-carbon (M–N–C) single-atom catalysts (SACs) have intrigued great excitement in catalysis due to their low cost and high efficiency. However, precisely identifying the active site structure at an atomic level and disclosing the structure-performance relationship remains a grand challenge. In this review, the active structures of the M–N–C catalysts in CO<inf>2</inf>RR are first summarized, including isolated metal-N<inf>x</inf> (x = 2, 3, 4, 5) sites, dual-metal centers, and the crucial role of substrates. Subsequently, the role of active structure in changing the adsorption properties of reactants toward CO<inf>2</inf>RR is discussed. In particular, the structure-performance relationship and constructive strategies to optimize the CO<inf>2</inf>RR pathway are highlighted. Finally, challenges and potential outlooks for the development of M–N–C SACs toward CO<inf>2</inf>RR are presented. © 2023 Elsevier B.V., All rights reserved.","Active Site; Carbon Dioxide Reduction; Electrocatalysis; M–n–c Materials; Single-atom Catalysts; Atoms; Carbon Dioxide; Catalyst Activity; Pollution Control; Reduction; Active Site; Carbon Dioxide Reduction; Carbon Material; Electrochemicals; Metal-nitrogen-carbon Material; Nitrogen-carbon; Single-atom Catalyst; Single-atoms; Structure Performance; ]+ Catalyst; Electrocatalysis"
"Killing two birds with one stone: State-of-the-art progress in dual-functional photoredox catalysis for solar fuel conversion and selective organic transformation","2023","EnergyChem","28","10.1016/j.enchem.2023.100112","https://www.scopus.com/inward/record.uri?eid=2-s2.0-85178197662&doi=10.1016%2Fj.enchem.2023.100112&partnerID=40&md5=a1a8a947375907982a96ef2aee9dac7b","Using solar energy to couple the photoinduced reductive half-reaction with a matched oxidative half-reaction has received increasing attention in recent years. Such a process represents an alternative artificial photosynthetic route for energy storage and chemical synthesis, like killing two birds with one stone. This review article concisely summarizes and highlights the state-of-the-art progresses of semiconductor-based dual-functional photoredox catalysis that couples the reductive half-reaction such as the proton (H+) reduction into H<inf>2</inf>, CO<inf>2</inf> reduction, and O<inf>2</inf> reduction to H<inf>2</inf>O<inf>2</inf> with a matched oxidative organic transformation reaction including alcohol oxidation, C-C/-C-O coupling, -C-N coupling, biomass or plastics photoreforming, and other reactions, which can make full use of the electrons and holes generated from the semiconductors to realize the solar fuel conversion and selective organic transformation into valuable chemicals simultaneously. The challenges and prospects for future development of semiconductor-based dual-functional photoredox catalysis are also presented. © 2023 Elsevier B.V., All rights reserved.","Co2 Reduction; Dual-functional Photocatalysis; H2o2 Generation; Hydrogen Evolution; Organic Transformation; Artificial Photosynthesis; Birds; Carbon Dioxide; Catalysis; Organic Chemicals; Solar Power Generation; Co 2 Reduction; Dual-functional Photocatalyse; Fuel Conversion; H2o2 Generation; Half-reactions; Hydrogen-evolution; Organic Transformations; Photoredox Catalysis; Solar Fuels; State Of The Art"
"Paired electrosynthesis design strategy for sustainable CO2 conversion and product upgrading","2023","EnergyChem","22","10.1016/j.enchem.2023.100111","https://www.scopus.com/inward/record.uri?eid=2-s2.0-85178127210&doi=10.1016%2Fj.enchem.2023.100111&partnerID=40&md5=fe0c6750c6bc04aca6c2fa7d0c75149b","CO<inf>2</inf> electrolysis technology powered by renewable electricity is a sustainable strategy to reduce anthropogenic carbon emissions while producing valuable chemicals. Unfortunately, compared with CO<inf>2</inf> reduction reaction (CO<inf>2</inf>RR) in cathode, the sluggish-kinetics and low value-added product (i.e., O<inf>2</inf>) of anodic oxygen evolution reaction (OER) during CO<inf>2</inf> electrolysis will seriously drag down the whole efficiency and economic benefits. Alternatively, replacing OER with some thermodynamically more favorable oxidation reactions is promising to reduce energy input while producing high value-added products. Therefore, coupling CO<inf>2</inf>RR with these oxidation reactions to construct paired electrosynthesis systems is more meaningful for future applications, which has gained some far-reaching achievements in recent years. In this review, we summarize recent progress in construction of paired electrosynthesis systems involving CO<inf>2</inf>RR and propose possible future research directions. We start with fundamentals about traditional CO<inf>2</inf> electrolysis. Then we propose the definition and classification of paired electrolysis, especially those involving CO<inf>2</inf>RR. Subsequently, we emphatically discuss the selection of various oxidation reactions coupled with CO<inf>2</inf>RR in the proposed paired electrolysis systems. Finally, from our point of view, the current challenges and corresponding perspectives on the development of paired electrolysis involving CO<inf>2</inf>RR are presented to inspire possible future research directions. © 2023 Elsevier B.V., All rights reserved.","Co2 Reduction Reaction; Convergent Paired Electrolysis; Paired Electrosynthesis; Parallel Paired Electrolysis; Carbon Dioxide; Oxidation; Product Design; Reaction Kinetics; Co 2 Reduction; Co2 Reduction Reaction; Convergent Paired Electrolyse; Oxidation Reactions; Paired Electrolysis; Paired Electrosynthesis; Parallel Paired Electrolyse; Reduction Reaction; Value Added Products; Electrolysis"
"Elevated temperature adsorbents for separation applications","2023","EnergyChem","4","10.1016/j.enchem.2023.100113","https://www.scopus.com/inward/record.uri?eid=2-s2.0-85178018927&doi=10.1016%2Fj.enchem.2023.100113&partnerID=40&md5=9614612f0223721c7b28da36cd822547","Elevated-temperature adsorptive separation involves the selective and rapid adsorption of gas molecules on weakly bonding chemical sites of an adsorbent at elevated temperatures (80–500 °C) and the reversible desorption of the gas molecules at a low cost. It is a significant step in several reactions, such as pre-combustion carbon capture, indirect/direct hydrogen production, ammonia separation, oxygen production from air, and carbon monoxide enrichment. This purification strategy avoids sensible heat loss of the feed gas, heat regeneration, accelerates adsorption kinetics, and can sometimes couple catalysts to achieve sorption-enhanced reactions. Before commercializing elevated-temperature adsorptive separation technologies, highly efficient syntheses for obtaining elevated-temperature-responsive adsorbents are required; competitive adsorption, interactions with gas impurities, and poisoning mechanisms need to be well understood; specific adsorption reactors and processes should also be designed. Therefore, this review covers the key progress made in terms of material design and synthesis, adsorption kinetic models and mechanisms, process design and optimization, as well as system integration for elevated-temperature adsorptive separation. This review will be valuable for the clean fossil-fuel utilization community, as well as energy and chemical industries. © 2024 Elsevier B.V., All rights reserved.","Adsorptive Separation; Ammonia Separation; Carbon Capture; Carbon Monoxide Enrichment; Hydrogen Production; Oxygen Production; Adsorption; Air Purification; Ammonia; Carbon Capture; Chemical Bonds; Chemical Industry; Fossil Fuels; Hydrogen Production; Molecules; Oxygen; Adsorptive Separation; Ammonia Separation; Carbon Monoxide Enrichment; Chemical Sites; Elevated Temperature; Gas Molecules; Low-costs; Oxygen Production; Rapid Adsorption; Selective Adsorption; Carbon Monoxide"
"MXenes as conductive and mechanical additives in energy storage devices","2023","EnergyChem","8","10.1016/j.enchem.2023.100110","https://www.scopus.com/inward/record.uri?eid=2-s2.0-85176409805&doi=10.1016%2Fj.enchem.2023.100110&partnerID=40&md5=d7f03573b9d82bf36cdacae26d13f383","Two-dimensional (2D) transition metal carbides and/or nitrides, known as MXenes, are promising building blocks in energy storage devices and other applications. In particular, the 2D morphology, high aspect ratio coupled with the metallic conductivity and distinguished Youngs modulus open up intriguing opportunities for MXenes to assemble electrodes, decorate electrolyte or separator with enhanced stability and performances. Understanding the correlations between these physical properties of MXenes and the required functions in supercapacitor and batteries are of great importance. In this review, we discuss the critical roles of MXene components in the electrode architecture, particularly through the viewpoints of conductive electrode host and mechanically additive binders to enhance the electron transfer and structural stability. MXenes as mechanical reinforcement phases in electrolyte and separator materials are also highlighted. Finally, we conclude the challenges and future perspectives of MXenes in advanced energy storage applications. © 2023 Elsevier B.V., All rights reserved.","Conductive Agents; Functional Additives; Mechanical Reinforcement; Mxene Ink; Two-dimensional Materials; Additives; Aspect Ratio; Binders; Carbides; Electrodes; Electrolytes; Lithium-ion Batteries; Reinforcement; Separators; Storage (materials); Transition Metals; Building Blockes; Conductive Agent; Functional Additives; High Aspect Ratio; Mechanical; Mechanical Reinforcement; Mxene Ink; Transition Metals Carbides; Two-dimensional; Two-dimensional Materials; Energy Storage"
"Self-powered triboelectric functional devices and microsystems in health-care applications: An energy perspective","2023","EnergyChem","17","10.1016/j.enchem.2023.100109","https://www.scopus.com/inward/record.uri?eid=2-s2.0-85176315163&doi=10.1016%2Fj.enchem.2023.100109&partnerID=40&md5=849581bd279fdf2eb3f04882244a37e4","Health care is one of the most promising applications for triboelectric nanogenerators (TENGs). In this review, we summarize recent advances in the three most popular health care-related applications of TENGs: microbial disinfection, interventional therapy and implantable microsystems. Furthermore, we discuss the evolution of important common technologies of TENGs in these three applications, which covers energy harvesting, energy storage and energy-efficient functional design. For these three promising applications, this paper explores their future technical roadmap and reveals a trend towards smaller, stronger, more effective and more controllable triboelectric devices and systems. © 2023 Elsevier B.V., All rights reserved.","Health-care Application; Implantable Microsystem; Interventional Therapy; Microbial Disinfection; Teng; Disinfection; Energy Efficiency; Microsystems; Nanogenerators; Energy Perspectives; Functional Devices; Health Care Application; Implantable Microsystems; Interventional; Interventional Therapy; Microbial-disinfection; Self-powered; Triboelectric Nanogenerator; Health Care"
"Applications and theory investigation of two-dimensional boron nitride nanomaterials in energy catalysis and storage","2023","EnergyChem","44","10.1016/j.enchem.2023.100108","https://www.scopus.com/inward/record.uri?eid=2-s2.0-85175261546&doi=10.1016%2Fj.enchem.2023.100108&partnerID=40&md5=9310169332f0d5ce3e7ab8f0c3b0e9cd","Energy catalysis and storage are the key technologies to solve energy and environmental problems in energy systems. Two-dimensional (2D) boron nitride nanomaterials have aroused a great interest in the synthesis and application because of their unique 2D nature, large band gap, metal-free characteristic, high thermal/mechanical stability, and easy accessibility. The composition and coordination determine the geometric and electronic structures of boron nitride nanosheet and greatly influence the catalytic performance in numerous important reactions. The reviews with close relation on the aspect the comprehensive analysis of boron nitride nanosheet used for energy conversion and storage have expansive research space in the field of catalysis. Herein, this review narrates the physicochemical properties of boron nitride nanomaterials and summarizes the synthetic strategies of various boron nitride nanosheets in detail. Keystone is concentrated on the rational design, applied actuality and developing prospect of boron nitride nanomaterials. The abundant applications in energy catalysis and storage including electrocatalysis, photocatalysis, catalytic de/re-hydrogenation, chemo-catalytic hydrogen generation, rechargeable battery and supercapacitors were investigated. Furthermore, corresponding practical application are also studied in this review. Illustratively, the structure characterization, mechanism insights, the current challenges and potential applications of boron nitride-based materials for energy catalysis and storage are minutely discussed. © 2023 Elsevier B.V., All rights reserved.","Boron Nitride Nanomaterials; Design And Application; Energy Catalysis And Storage; Remarks And Developments; Theory Investigation; Boron Nitride; Coordination Reactions; Electrocatalysis; Electrocatalysts; Electronic Structure; Energy Gap; Hydrogen Production; Hydrogen Storage; Iii-v Semiconductors; Nanostructured Materials; Nitrides; Physicochemical Properties; Boron Nitride Nanomaterial; Boron Nitride Nanosheets; Design And Application; Energy; Energy Catalyse And Storage; Energy Problem; Key Technologies; Remark And Development; Theory Investigation; Two-dimensional; Nanosheets"
"Microenvironment effect of covalent organic frameworks on chemical catalysis","2023","EnergyChem","17","10.1016/j.enchem.2023.100107","https://www.scopus.com/inward/record.uri?eid=2-s2.0-85174455324&doi=10.1016%2Fj.enchem.2023.100107&partnerID=40&md5=0fae7665350139efeb9f9fd020a46116","Inspired by enzymatic catalysis, a variety of covalent organic frameworks (COFs), which have precisely engineered microenvironments enabled by the well-defined porous channels and cavities with catalytically active sites built in, have been developed to mimic the catalytic process of enzymes. The structure diversity and customizability of COFs make them an ideal platform for studying the catalyst structure-activity relationship in heterogeneous catalysis and obtaining a thorough understanding of the catalytic mechanisms. In this review, we summarize the recent progress in the development of COF materials for catalysis applications, with a particular focus on their microenvironment effects. Representative examples of organocatalysis, asymmetric organocatalysis, and metal-supported catalysis utilizing the microenvironment effect enabled by diversified COF materials are discussed. Finally, we outline the key fundamental issues to be addressed and provide our perspectives on the future of COF-based catalysis. © 2023 Elsevier B.V., All rights reserved.","Asymmetric Organocatalysis; Confined Effect; Covalent Organic Frameworks; Microenvironment; Organocatalysis; Catalyst Activity; Rate Constants; Asymmetric Organocatalysis; Chemical Catalysis; Confined Effect; Covalent Organic Frameworks; Enzymatic Catalysis; Framework Materials; Microenvironments; Organocatalysis; Porous Cavities; Porous Channel; Catalysis"
"Low-dose transmission electron microscopy study on halide perovskites: Application and challenges","2023","EnergyChem","6","10.1016/j.enchem.2023.100105","https://www.scopus.com/inward/record.uri?eid=2-s2.0-85166343403&doi=10.1016%2Fj.enchem.2023.100105&partnerID=40&md5=a11db275aa47742258d98dbd13b95e2c","Transmission electron microscopy (TEM) is widely used in the materials science community because of its high spatial, temporal and energy resolution. However, for electron beam-sensitive halide perovskites (HPs), the achievements offered by TEM are still in their infancy due to the nonnegligible structural damage caused by the incident electron beams to the fragile structure. Despite these challenges, the potential for TEM to provide unique insights into the microstructure and phase evolution of HPs at the atomic scale, to track the dynamic ion migration behaviors, and to explore the effects of lattice defects on physicochemical properties is still fascinating. In this review, we summarize recent achievements in HPs through advanced analytical methods embedded in the TEM, including high-resolution/scanning TEM (HRTEM/STEM) imaging, electron diffraction (ED) analysis, X-ray energy dispersive spectroscopy (EDS), and electron energy-loss spectroscopy (EELS) measurement, and in-situ TEM observation, with the aim of providing a multi-dimensional and multi-scale understanding of the intrinsic properties of HPs that have not yet been discovered. In addition, we delve into the inherent beam-damage mechanisms affecting the delicate HPs crystal, thereby emphasizing the significant hurdles associated with employing TEM in HPs research. Finally, we present a number of effective strategies that may be beneficial in reducing the damage caused by beams. In particular, the introduction of a direct-detection electron-counting (DDEC) camera has contributed significantly to the advancement of low-dose imaging and the suppression of beam damage to the intrinsic structure of HPs. With the improvement of low-dose imaging technology, TEM characterization is expected to promote a comprehensive understanding of the intrinsic properties of HPs in terms of structure-property-performance and to expand the wide range of applications of HPs in optoelectronic devices. © 2023 Elsevier B.V., All rights reserved.","Characterization Methods; Halide Perovskite; Property; Structure; Transmission Electron Microscopy; Damage Detection; Electron Beams; Electron Energy Levels; Electron Energy Loss Spectroscopy; Electron Scattering; Electrons; Energy Dispersive Spectroscopy; Energy Dissipation; Optoelectronic Devices; Perovskite; Physicochemical Properties; Structural Properties; Beam Damage; Characterization Methods; Dose Imaging; Halide Perovskites; High-energy Resolution; Intrinsic Property; Low Dose; Material Science; Property; Science Community; High Resolution Transmission Electron Microscopy"
"Design strategies of electrocatalysts for acidic oxygen evolution reaction","2023","EnergyChem","26","10.1016/j.enchem.2023.100104","https://www.scopus.com/inward/record.uri?eid=2-s2.0-85165272691&doi=10.1016%2Fj.enchem.2023.100104&partnerID=40&md5=7b0cc575d8ac06a83590889438dbdf21","Electrochemical water splitting, especially in acidic media, is a promising technology for hydrogen production and sustainable energy conversion. However, it remains a challenge to synthesize suitable acidic oxygen evolution reaction (OER) electrocatalysts that provide high activity and long-term stability according to the industrial standards. Up to date, quite few reviews provide a systematic summarization of the strategies and approaches to improve the electrocatalytic performances of the catalysts in acidic electrolytes. Herein, we analyze the electrochemical behavior of the reported state-of-the-art OER catalysts and provide a comprehensive review of the systematic strategies for preparing high-performance electrocatalysts. First, we introduce some fundamentals of OER mechanism to give readers a deeper understanding of this field. Then, we summarize and discuss various design strategies, including electronic state modulation, structural manipulation, etc. Finally, the challenges, opportunities, and future outlook regarding acidic OER electrocatalysts are delivered. This review will serve as a useful guiding resource for researchers seeking in-depth understanding of the OER mechanism in acidic media as well as learning approaches for synthesizing highly efficient and cost-effective OER electrocatalysts. © 2023 Elsevier B.V., All rights reserved.","Acidic Media; Alloying Engineering; Doping Engineering; Electrocatalysis; Oxygen Evolution Reaction; Oxygen Vacancy Engineering; Single Atom Effect; Valence State Modification; Cost Effectiveness; Electrocatalysts; Electrolysis; Hydrogen Production; Oxygen; Oxygen Vacancies; Acidic Media; Alloying Engineering; Design Strategies; Doping Engineering; Oxygen Vacancy Engineering; Single Atom Effect; Single-atoms; Vacancy Engineering; Valence State; Valence State Modification; Electrocatalysis"
"Critical review on the degradation mechanisms and recent progress of Ni-rich layered oxide cathodes for lithium-ion batteries","2023","EnergyChem","51","10.1016/j.enchem.2023.100103","https://www.scopus.com/inward/record.uri?eid=2-s2.0-85153931516&doi=10.1016%2Fj.enchem.2023.100103&partnerID=40&md5=cb4197bcfc0e303fe6729fde5cee59eb","Ni-rich layered transition metal oxides possess remarkably high capacity and thus are very competitive cathode materials in high-energy lithium-ion batteries (LIBs) for electric vehicles, but encounter the critical problems of fast degradation caused by the highly reactive nickel component. Here in this review we intensively summarize thedegradation mechanism of Ni-rich cathode materials including e.g., residual lithium species, cation mixing, gas generation, surface structure reconstruction, crack, thermal instability, and transition metal dissolution. Furthermore, the state-of-art strategies e.g., new preparation methods, single-crystal, doping, structure design, coating and new binders, to tackle these degradation problem are accounted. This review might be inspiring for better understanding the degradation mechanism and relevant coping approaches of high-energy cathode materials for lithium ion batteries. © 2023 Elsevier B.V., All rights reserved.","Cathode Materials; Degradation Mechanism; Lithium-ion Batteries; Modification Strategies; Ni-rich Layered Transition Metal Oxides; Cathodes; Crystal Structure; Degradation; Doping (additives); Ions; Nickel Oxide; Single Crystals; Surface Structure; Thermodynamic Stability; Transition Metal Oxides; Transition Metals; Cathodes Material; Critical Review; Degradation Mechanism; Energy; High Capacity; Layered Oxide Cathodes; Modification Strategy; Ni-rich Layered Transition Metal Oxide; Recent Progress; Transition-metal Oxides; Lithium-ion Batteries"
"Recent advances and challenges of anodes for aqueous alkaline batteries","2023","EnergyChem","17","10.1016/j.enchem.2023.100102","https://www.scopus.com/inward/record.uri?eid=2-s2.0-85153583401&doi=10.1016%2Fj.enchem.2023.100102&partnerID=40&md5=749fc298511b0e193fa1210179f4355b","The ongoing surge in demand for energy conversion and storage spurs the development of high-efficiency batteries. In recent decades, aqueous alkaline batteries (AABs) have been the focus point owing to the high safety, low cost, environmental benefits, impressive output voltage and theoretical energy density. However, the large-scale application of AABs is hindered by the poor cyclability and insufficient capacity utilization, especially in anodes. To circumvent the issues, great research efforts have been dedicated to the electrode design and electrolyte optimization. In this review, reaction mechanisms, modification strategies, application feasibility and existing challenges are systematically summarized and highlighted. Additionally, insightful perspectives and research orientations are proposed for further development of AABs anodes. © 2023 Elsevier B.V., All rights reserved.","Anodes; Aqueous Alkaline Batteries; Electrochemical Performance; Electrolytes; Strategies; Electrolytes; Alkaline Batteries; Aqueous Alkaline Battery; Electrochemical Performance; Energy Conversion And Storages; Environmental Benefits; Focus Points; High Safety; Higher Efficiency; Low-costs; Strategy; Anodes"
"Advanced porous adsorbents for radionuclides elimination","2023","EnergyChem","162","10.1016/j.enchem.2023.100101","https://www.scopus.com/inward/record.uri?eid=2-s2.0-85150052643&doi=10.1016%2Fj.enchem.2023.100101&partnerID=40&md5=c30e7692518361c4a263f4f37d278a6a","With the rapid development of nuclear industry, effective management of nuclear waste and oversight of nuclear fuel cycle are critical. Radionuclides such as uranium (U), plutonium (Pu), neptunium (Np), americium (Am), curium (Cm), technetium (Tc), rhenium (Re), iodine (I), selenium (Se), thorium (Th), cesium (Cs), and strontium (Sr) transferred into environment are dangerous. It is crucial to design the corresponding materials to exhibit high adsorption capacity and selectivity among competing species in nuclear waste. Herein, this review comprehensively summarizes the application of advanced porous materials, including metal-organic frameworks (MOFs), covalent organic frameworks (COFs), and amorphous porous organic polymers (POPs) as porous adsorbents for radionuclides removal. These porous materials feature uniform composition, large porosity, and good stability, which lay a good foundation for various applications. The tunable pore sizes, high specific surface areas, exchangeable sites, and functional groups are designed as accessible platforms for nuclides diffusion and adsorption. Specific binding mechanisms toward various radionuclides, such as complexation, electrostatic interaction, and ion exchange are presented. Beyond traditional adsorbents, the superior capacity, kinetics, selectivity, and reusability of COFs, MOFs, and POPs make them broad application prospects in radionuclides removal, providing a way for effective applications in environmental remediation. © 2023 Elsevier B.V., All rights reserved.","Amorphous Porous Organic Polymers; Covalent Organic Frameworks; Metal-organic Frameworks; Radionuclides Removal; Ion Exchange; Metal-organic Frameworks; Nuclear Fuel Reprocessing; Nuclear Industry; Organic Polymers; Pore Size; Porous Materials; Radioactive Wastes; Reusability; Waste Management; Amorphous Porous Organic Polymer; Covalent Organic Frameworks; Effective Management; High Adsorption Capacity; Metalorganic Frameworks (mofs); Nuclear Fuel Cycles; Porous Adsorbent; Porous Organic Polymers; Radionuclide Removal; Technetium-; Radioisotopes"
"Synthetic porous carbons for clean energy storage and conversion","2023","EnergyChem","30","10.1016/j.enchem.2023.100099","https://www.scopus.com/inward/record.uri?eid=2-s2.0-85147215430&doi=10.1016%2Fj.enchem.2023.100099&partnerID=40&md5=e073a9fc220f0d5fb4d1205805bf7db0","Synthetic porous carbons (SPCs) are important materials in fundamental research and industrial applications due to their diverse structures at different dimensions, intriguing physio-chemical properties, exceptional thermal and chemical stability, etc. In particular, the features including high electron conductivity, accessible active surface/interface, and developed porosity warrant their superior performances in clean energy storage and conversion. In this review, we summarize the latest advances in SPCs, serving as electrodes for this ever-increasing energy storage and conversion-related directions, e.g., supercapacitors, rechargeable batteries, fuel cells, etc. We emphasized rational design and targeted synthesis of SPCs based on bottom-up strategy, the effective methods for precise tuning of their core parameters, and the disclosure of their structure-performance correlations. The challenges of fine-tuning surface chemistry by doping heteroatoms, engineering defective sites, and optimizing compositions are discussed, which could endow the SPCs with new functions and potential applications. Finally, we outlined the developing trend and design principle of the new generation of SPCs for clean energy storage and conversion. We expect that this review could inspire interdisciplinary activities between the synthesis, physical and chemical studies of SPCs and other potential applications in addition to energy storage and conversion. © 2023 Elsevier B.V., All rights reserved.","Energy Storage And Conversion; Structure Control; Synthetic Porous Carbons; Targeted Synthesis; Chemical Stability; Energy Storage; Fuel Storage; Industrial Research; Porous Materials; Surface Chemistry; Tuning; Clean Energy; Electron Conductivity; Energy Storage And Conversions; Fundamental Research; Physio-chemical Properties; Porous Carbons; Structure Control; Synthetic Porous Carbon; Targeted Synthesis; Thermal And Chemical Stabilities; Fuel Cells"
"Design of ammonia oxidation electrocatalysts for efficient direct ammonia fuel cells","2023","EnergyChem","49","10.1016/j.enchem.2022.100093","https://www.scopus.com/inward/record.uri?eid=2-s2.0-85146969778&doi=10.1016%2Fj.enchem.2022.100093&partnerID=40&md5=9251843d03f921c21cf39e389de7b753","In the past few decades, renewable-energy-driven fuel cell technologies have been widely investigated as promising approaches to alleviate the energy and environmental crisis caused by fossil fuel consumption. Similar to hydrogen, ammonia provides a potential solution due to its comparable energy density and carbon-free emissions. Besides, the convenient storage and transportation of ammonia make the direct ammonia fuel cell (DAFC) a more secure technology than the hydrogen-based fuel cell system. However, the sluggish kinetics of ammonia oxidation reaction significantly hindered the performance of low-temperature DAFCs, urgently demanding systematic guidance for designing high-efficiency electrocatalysts. In this review, with an in-depth study of the basic principle of DAFC and the mechanism of AOR, we systematically summarized and discussed the recently reported strategies for developing high-performance AOR electrocatalysts, including size regulating, crystal facet engineering, morphology controlling, defect engineering, alloying, heterostructure constructing, and molecular engineering strategies. Finally, we propose perspectives and challenges for future AOR electrocatalyst development and high-performance DAFC construction. We hope this review could provide significant insights into fabricating active and stable AOR electrocatalysts for practical low-temperature DAFC. © 2023 Elsevier B.V., All rights reserved.","Ammonia Oxidation Reaction; Catalyst Design; Current Challenges; Direct Ammonia Fuel Cells; Electrocatalysis; Ammonia; Electrocatalysis; Electrolysis; Environmental Technology; Fossil Fuels; Fuel Cells; Gas Fuel Purification; Hydrogen Storage; Oxidation; Reaction Kinetics; Renewable Energy Resources; Temperature; 'current; Ammonia Oxidation; Ammonia Oxidation Reaction; Catalyst Designs; Current Challenge; Direct Ammonia Fuel Cells; Energy-driven; Oxidation Reactions; Performance; Renewable Energies; Electrocatalysts"
"Aqueous transition-metal ion batteries: Materials and electrochemistry","2023","EnergyChem","34","10.1016/j.enchem.2022.100097","https://www.scopus.com/inward/record.uri?eid=2-s2.0-85146094774&doi=10.1016%2Fj.enchem.2022.100097&partnerID=40&md5=f316d65588f82ad1878b720e2ed9309e","The constant pursuit of alternative energy sources stimulates the rapid exploitation of energy storage systems. Compared to alkali metal-ion batteries, aqueous transition-metal ion batteries have captured increasing attention because of their high safety, eco-friendliness, abundant resources, and low cost. More importantly, their multivalent chemistry offers opportunities to realize storage technologies with higher energy. Although these bright prospects have fostered progress in recent years, practical deployment of these batteries has been denied by several scientific and technological issues including sluggish reaction kinetics, poor electrochemical reversibility, and low material stability. In this comprehensive overview, we focus on the materials and electrochemistry of several booming aqueous transition-metal ion batteries such as Zn, Cu, Fe, and Mn-ion systems. State-of-the-art progress accompanied with the solutions to addressing the above-mentioned issues are highlighted. A particular focus is laid on zinc-ion batteries, which are ready to become commercially available. Finally, the remaining challenges and future directions in the field are also outlined. We anticipate that this review will supply a clear understanding of the current status and meaningful guidelines for researchers in developing aqueous transition-metal ion batteries. © 2023 Elsevier B.V., All rights reserved.","Aqueous Metal-ion Batteries; Electrochemical Performance; Electrochemistry; Transition Metal; Metal Ions; Reaction Kinetics; Sodium-ion Batteries; Transition Metal Compounds; Alkali-metal Ions; Alternative Energy Source; Aqueous Metal Ions; Aqueous Metal-ion Battery; Battery Materials; Electrochemical Performance; High Safety; Ion Batteries; Storage Systems; Transition Metal Ions; Transition Metals"
"Alloy electrocatalysts","2023","EnergyChem","75","10.1016/j.enchem.2022.100083","https://www.scopus.com/inward/record.uri?eid=2-s2.0-85139065939&doi=10.1016%2Fj.enchem.2022.100083&partnerID=40&md5=e3d78ffeb5d5c009a1ca3de52229f2c9","The development of clean sustainable energy conversion technologies to deal with energy shortage and environmental pollution has aroused a widespread concern. To improve the rate and selectivity of the pivotal chemical reactions involved in these technologies, high-performance electrocatalysts are crucial. Alloys have sparked research hotspot in electrocatalysis because of their higher catalytic activity, stability, and selectivity than their single-metal counterparts. In this review, the design strategies for alloy electrocatalysts are firstly introduced with a focus on how to achieve optimal performance by composition regulation, size optimization and morphology control. Subsequently, we offer a comprehensive overview of the electrocatalytic applications of binary, ternary, quaternary, and high-entropy alloys to different types of electrochemical energy conversion processes, including the hydrogen evolution, oxygen evolution, oxygen reduction, CO<inf>2</inf> reduction, formic acid oxidation, methanol oxidation, and ethanol oxidation reactions. Finally, the challenges and future outlook are presented for the rational design of advanced alloy electrocatalysts. © 2023 Elsevier B.V., All rights reserved.","Binary Alloys; Design Strategies; Electrocatalysis; High-entropy Alloys; Quaternary Alloys; Ternary Alloys; Binary Alloys; Catalyst Activity; Electrocatalysis; Electrolysis; Electrolytic Reduction; Energy Conversion; Entropy; Environmental Technology; Oxidation; Oxygen; Ternary Alloys; Design Strategies; Energy Conversion Technologies; Energy Shortages; Environmental Pollutions; High Entropy Alloys; Hotspots; Optimal Performance; Performance; Quaternary Alloys; Sustainable Energy; Electrocatalysts"
"Surface reconstruction-derived heterostructures for electrochemical water splitting","2023","EnergyChem","123","10.1016/j.enchem.2022.100091","https://www.scopus.com/inward/record.uri?eid=2-s2.0-85138583791&doi=10.1016%2Fj.enchem.2022.100091&partnerID=40&md5=8b0e8d8fcb59e27ffc70ba31152fd7e0","Electrocatalytic water splitting for green hydrogen generation is of great significance for renewable energy conversion and storage. The development of efficient electrocatalysts to reduce the energy barriers of the two half-reactions of hydrogen evolution (HER) and oxygen evolution (OER) is the key to realize the high-efficiency industrialization of electrochemical water splitting. With the continuous investment of research efforts, diverse transition metal-based catalysts have flourished, and their dynamic structural reconstruction during electrocatalytic OER and HER has also been pushed into a research upsurge. Since most transition metal compounds are thermodynamically unstable under electrochemical OER or HER conditions, they tend to undergo dynamic structural evolution to reach a relatively stable state, whereby the in situ reconstructed surface as the real reactivity species induces the changes in catalytic activity, which brings challenges to understanding the real catalytic mechanism and also motivates the development of surface reconstruction as a novel strategy to design superior heterostructure catalysts. At present, how to rationally utilize surface reconstruction to achieve breakthroughs in catalytic performance has become a critical focus area. This review summarizes the recent progress of surface reconstruction-derived heterostructures for electrocatalytic OER and HER, highlighting the fundamental understanding of surface reconstruction behaviors, the correlation between the intrinsic structure and dynamic reconstruction process of pristine catalysts, and some possible catalytic mechanisms that responsible for the enhanced catalytic activity. Moreover, several instructive design strategies of catalysts for modulating structural reconstruction to obtain optimized activity including heteroatom doping/substitution, anion/cation induction, structural defects, and heterostructure construction, are then introduced. Finally, we put forward the challenges and outlooks for surface reconstruction engineering, providing new insights and directions for future research development. © 2023 Elsevier B.V., All rights reserved.","Core-shell Heterostructure; Hydrogen Evolution Reaction; Oxygen Evolution Reaction; Pre-catalyst; Surface Reconstruction; Water Splitting; Calculations; Catalyst Activity; Dynamics; Electrocatalysts; Energy Conversion; Energy Efficiency; Hydrogen Production; Hydrogen Storage; Investments; Oxygen; Surface Reactions; Surface Reconstruction; Catalytic Mechanisms; Core-shell Heterostructures; Electrocatalytic; Electrochemicals; Hydrogen Evolution Reactions; Precatalysts; Structural Reconstruction; Surfaces Reconstruction; Water Splitting; ]+ Catalyst; Transition Metals"
"Recent progress on nanostructured iron-based anodes beyond metal-organic frameworks for sodium-ion batteries","2023","EnergyChem","18","10.1016/j.enchem.2022.100095","https://www.scopus.com/inward/record.uri?eid=2-s2.0-85145661956&doi=10.1016%2Fj.enchem.2022.100095&partnerID=40&md5=623aa218f3d183147a32b95bb3b6cf40","Considering the wide abundance and low cost of sodium resources and their similar electrochemistry to the well-established lithium-ion batteries (LIBs), sodium-ion batteries (SIBs) have been regarded as potential alternatives to LIBs. Iron-based materials have attracted considerable attention as promising electrode materials for SIBs due to their high theoretical capacitance, natural abundance, and low cost. However, their sluggish reaction kinetics, accompanied with severe volume change during cycling sodiation/desodiation process and their unsatisfied electric conductivity, always leads to inferior long-term cycling stability and rate performance. To resolve these issues, significant and effective efforts have been made to improve their electrochemical performance, and great processes have been achieved. In this review, some recent progress on the development and design of nanostructured iron-based anodes, including oxides, chalcogenides, phosphides, nitrides, alloys, etc., are summarized, mainly focusing on the relationship between their structural features and sodium storage performance to understand the mechanisms behind the improvement of their sodium storage performance. In addition, the current challenges and future directions upon improving iron-based anodes for SIBs are briefly reviewed. These iron-based electrode materials are expected to be competitive and attractive electrodes for next-generation energy storage devices. © 2023 Elsevier B.V., All rights reserved.","Anodes; Costs; Inorganic Compounds; Iron Compounds; Lithium-ion Batteries; Metal Ions; Organometallics; Phosphorus Compounds; Reaction Kinetics; Storage (materials); Electrode Material; Iron Based Materials; Iron-based; Low-costs; Metalorganic Frameworks (mofs); Nano-structured; Natural Abundance; Recent Progress; Sodium Ion Batteries; Storage Performance; Sodium-ion Batteries"
"Controllable catalysis behavior for high performance lithium sulfur batteries: From kinetics to strategies","2023","EnergyChem","78","10.1016/j.enchem.2022.100096","https://www.scopus.com/inward/record.uri?eid=2-s2.0-85143515775&doi=10.1016%2Fj.enchem.2022.100096&partnerID=40&md5=049623d981f3a9eee96653696a566a36","Lithium-sulfur batteries (LSBs) with high energy density have been drawn the tremendous interests in academia as well as industry. Nevertheless, sluggish redox kinetics of sulfur species has been challenging for high performance LSBs. The design of catalytic materials, being a promising strategy for kinetics modulation by controlling polysulfides conversion, has been mainly focused. To improve battery performance of LSBs, in this review, the effect of functional catalysts with different morphologies, crystal configurations, energy band behaviors, coordination environments on kinetics modulation was summarized. Furthermore, some optimized bidirectional catalysts were mainly addressed to deeply understand appropriate adsorption capacity, prominent mass transfer capability, outstanding catalytic activity/selectivity. In addition, a great quantity of cutting-edge strategies, such as structure engineering, defect, interface engineering and atomic bonding for metal compounds as well as metal-based single atom catalysts, were proposed to uncover the synthesis behaviors of optimum bidirectional catalysts. Eventually, various advanced characterization methods were provided to evaluate catalysis. It is believed that this review will provide a novel insight for the design of bidirectional catalysts with high activity, high catalytic selectivity, long lifespan toward high-performance LSBs. © 2022 Elsevier B.V., All rights reserved.","Bidirectional Catalytic Materials; Design Factors; Lsbs; Redox Kinetics; Synthesis Strategies; Catalysis; Catalyst Activity; Catalyst Selectivity; Crystal Atomic Structure; Lithium Batteries; Lithium Sulfur Batteries; Mass Transfer; Bidirectional Catalytic Material; Catalytic Materials; Design Factors; Higher Energy Density; Lithium/sulfur Batteries; Performance; Redox Kinetics; Sulphur Species; Synthesis Strategy; ]+ Catalyst; Kinetics"
"Metal-organic frameworks for advanced aqueous ion batteries and supercapacitors","2022","EnergyChem","61","10.1016/j.enchem.2022.100090","https://www.scopus.com/inward/record.uri?eid=2-s2.0-85140338053&doi=10.1016%2Fj.enchem.2022.100090&partnerID=40&md5=3ea5da7218c26f99d156e4097ca3039a","Metal-organic frameworks (MOFs) show great promise for electrochemical energy storage applications due to their high surface area, tunable porosity, ordered crystal structure, and facile tolerability. However, some MOFs with high electrochemical performance are usually unstable in aqueous solutions, which limits their development in aqueous electrochemical energy storage systems, which are cheaper, safer, and more ionically conductive than those operating in conventional organic electrolytes. Numerous efforts have been made to construct stable MOFs or control MOF derivation processes induced by chemical or thermal forces to optimize their properties and performance. Therefore, a review summarizing the MOFs applied in aqueous electrochemical energy storage devices would be useful. In this review, the chemical stability and thermal stability of MOFs under aqueous conditions are discussed. The evolution processes of MOFs when they exceed their stability are summarized. Furthermore, the recent fast-growing literature on MOF-based aqueous ion batteries and supercapacitors is comprehensively reviewed, and guidelines for designing high-performance aqueous electrochemical devices are provided. The current challenges and opportunities for applying MOFs in aqueous electrochemical energy-storage devices are provided. We hope this review will promote the development of MOFs in aqueous electrochemical devices by exploiting the advantages and remedying the disadvantages of MOFs. © 2022 Elsevier B.V., All rights reserved.","Aqueous Batteries; Electrode Materials; Metal-organic Frameworks; Mof Derivatives; Supercapacitors; Chemical Stability; Crystal Structure; Crystalline Materials; Electric Batteries; Energy Storage; Organic Polymers; Storage (materials); Supercapacitor; Thermodynamic Stability; Aqueous Batteries; Electrochemical Devices; Electrochemical Energy Storage; Electrochemical Energy Storage Devices; Electrode Material; Ion Batteries; Metal-organic Framework Derivative; Metalorganic Frameworks (mofs); Performance; Metal-organic Frameworks"
"Conjugated porous polymers for photocatalysis: The road from catalytic mechanism, molecular structure to advanced applications","2022","EnergyChem","73","10.1016/j.enchem.2022.100094","https://www.scopus.com/inward/record.uri?eid=2-s2.0-85139870805&doi=10.1016%2Fj.enchem.2022.100094&partnerID=40&md5=bd301344e46c41959bdf0f369054e855","With the excessive consumption and dependence on non-renewable energy, it is urgent to seek sustainable clean energy. Using solar energy to yield target product is one of the main ways to solve environmental pollution and produce renewable resources. Conjugated porous polymers (Covalent organic frameworks, COFs. Conjugated microporous polymers, CMPs) could effectively convert solar energy into products due to their pre-designable structures and tailor-made functions. In this review, we overview the development of fundamental catalytic mechanisms, structural design principles, and summary of the advantages and progress of semi-conductive COFs/CMPs based on diverse building blocks (porphyryl-, pyrenyl-, carbazolyl-, triazinyl-, thienyl/thiazolyl-, β-ketoenamine-, conjugated alkenyl/alkynyl-, fluorenyl-), and outline the advances in COFs/CMPs as a universal platform for photocatalysts in a wide range of photocatalytic hydrogen evolution, carbon dioxide reduction, degradation of pollutions, nitrogen fixation, and organic conversion. We wish that this review will provide a comprehensive overview of photocatalysis, and boost the progress of conjugated porous polymers. © 2022 Elsevier B.V., All rights reserved.","Carbon Dioxide Reduction; Conjugated Microporous Polymers; Covalent Organic Frameworks; Hydrogen Evolution; Nitrogen Fixation; Organic Conversion; Photocatalysis; Pollutants Degradation; Water Splitting; Carbon Dioxide; Conjugated Polymers; Microporosity; Nitrogen Fixation; Photocatalysis; Structural Design; Structural Optimization; Water Pollution; Water Pollution Control; Advanced Applications; Carbon Dioxide Reduction; Catalytic Mechanisms; Conjugated Microporous Polymers; Covalent Organic Frameworks; Hydrogen-evolution; Organic Conversions; Pollutant Degradation; Porous Polymers; Water Splitting; Solar Energy"
"Advanced aqueous proton batteries: working mechanism, key materials, challenges and prospects","2022","EnergyChem","81","10.1016/j.enchem.2022.100092","https://www.scopus.com/inward/record.uri?eid=2-s2.0-85139214959&doi=10.1016%2Fj.enchem.2022.100092&partnerID=40&md5=389e46f0f06c9e463e477a1c4e2da79b","With the advantages of high safety and environmental friendliness, aqueous batteries have shown beneficial application scenarios in the field of large-scale energy storage. Compared to the conventional metal ions storage processes, non-metal carriers like protons are less concerned about due to the unconventional storage mechanism, which could be regarded as a promising green battery technology with high power density and adequate lifespan. Owing to the unique working mechanism and properties, aqueous proton batteries (APBs) can deliver excellent low-temperature electrochemical performance with cost effectiveness, further allowing full play to the best ability of aqueous storage technique. However, the issue on lack of advanced electrode materials still hinders the research progress on commercial applications of APBs. In this review, we present a comprehensive summary on the development of APBs, from the perspective of electrode materials, electrolytes, and current collectors, including cross-sectional host and corresponding design principles and energy storage mechanism. This review aims to clarify the status quo and emerging challenges for further development of APBs devices. © 2022 Elsevier B.V., All rights reserved.","Aqueous Batteries; Electrode Materials; Proton Batteries; Review; Working Mechanism; Cost Effectiveness; Electric Batteries; Electrodes; Metal Ions; Metal Working; Metals; Storage (materials); Temperature; Application Scenario; Aqueous Batteries; Aqueous Protons; Electrode Material; Environmental Friendliness; High Safety; Key Materials; Proton Battery; Storage Mechanism; Working Mechanisms; Energy Storage"
"Customized design of electrolytes for high-safety and high-energy-density lithium batteries","2022","EnergyChem","20","10.1016/j.enchem.2022.100082","https://www.scopus.com/inward/record.uri?eid=2-s2.0-85137643030&doi=10.1016%2Fj.enchem.2022.100082&partnerID=40&md5=c156f6d4488aa2255e5c01c9fc237628","Safety issues are the main obstacle that hinder the development of high-energy-density lithium batteries (LBs). Thermal runaway is the key scientific problem in the safety research of LBs. Recently, an ever-growing body of electrolytes are designed to improve the safety of LBs. Consequently, this review focuses on the thermal runaway behavior of LBs, including its inducement, process and the influence of electrolyte on it. Then, customized design of electrolytes are respectively proposed and discussed in order to deal with the inducement, chain exothermic reactions, fire and explosion during the three stages of thermal runaway. It is hoped this review can draw attention to the customized design of electrolytes, and thus promoting the development of high-safety and high-energy-density LBs. © 2022 Elsevier B.V., All rights reserved.","Customized Electrolytes; High Energy Density; High Safety; Lithium Batteries; Thermal Runaway; Explosions; Lithium Batteries; Customized Electrolyte; Fire And Explosion; Growing Bodies; High Safety; Higher Energy Density; Safety Issues; Safety Research; Thermal Runaways; Electrolytes"
"Interfacial engineering on metal anodes in rechargeable batteries","2022","EnergyChem","28","10.1016/j.enchem.2022.100089","https://www.scopus.com/inward/record.uri?eid=2-s2.0-85136221564&doi=10.1016%2Fj.enchem.2022.100089&partnerID=40&md5=306fa28b7d2ca79782a1fff9f2fd66fd","Metal anodes (Li, Na, K, Zn, Mg, Ca, Fe, Al, Mn, etc.) based on a plating/stripping electrochemical mechanism have attracted great attention in rechargeable batteries because of their low electrochemical potential, high theoretical specific capacity, and superior electronic conductivity. Metal anodes exhibit large potential in constructing high-energy-density rechargeable batteries. However, challenges such as high chemical reactivity, large volume changes, unstable solid electrolyte interphase (SEI), and uneven electrochemical deposition result in a serious of interfacial issues on metal anodes, including corrosion, side reaction, structural instability, and formation of dendrites. In the past several years, a lot of modification strategies based on interfacial engineering have been proposed to improve the interfacial stability of metal anodes. The interfacial engineering on metal anodes is mainly achieved by solid-liquid reaction, solid-solid reaction, solid-gas reaction, and physical decoration. In this review, we summary and analyze these interfacial engineering strategies on metal anodes in detail. Meanwhile, some perspectives and outlooks are put forward. This review can provide some enlightenment for related researchers and promote the development of metal anodes in rechargeable batteries. © 2022 Elsevier B.V., All rights reserved.","High Energy Density; Interfacial Engineering; Interfacial Stability; Metal Anodes; Rechargeable Batteries; Corrosion; Electrochemical Deposition; Metals; Reduction; Secondary Batteries; Solid Electrolytes; Electrochemical Mechanisms; Electrochemical Potential; Electronic Conductivity; Higher Energy Density; Interfacial Engineering; Interfacial Stabilities; Large Volumes; Metal Anodes; Specific Capacities; Volume Change; Anodes"
"Hollow structures with rare earths: Synthesis and electrocatalytic applications","2022","EnergyChem","25","10.1016/j.enchem.2022.100088","https://www.scopus.com/inward/record.uri?eid=2-s2.0-85135941030&doi=10.1016%2Fj.enchem.2022.100088&partnerID=40&md5=a927aa31daed8b240b6c30252a2a8608","Electrochemical conversion is an eco-friendly and controllable way to achieve sustainable use of energy. An enhanced energy conversion efficiency requires efficient electrocatalysts to reduce the electrochemical energy barrier. The hollow structures, which have the advantage of optimizing mass/charge transfer, provide a platform for full contact between the electrocatalysts and the reactants, which has great potential for advanced electrocatalysts. In addition, rare earth-based materials integrate unique electronic configuration and chemical behavior into electrocatalysts, leading to improved performance and selectivity for various electrocatalysis. Combining hollow structures with rare earths is fascinating and challenging in terms of synthesis and electrocatalysis. This review expounds general synthesis methods of hollow structures with rare earths and then summarizes strategies to prepare highly efficient hollow electrocatalysts with rare earths. © 2022 Elsevier B.V., All rights reserved.","Electrocatalysis; Hollow Structure; Rare Earth; Synthesis Strategy; Electrocatalysis; Electrocatalysts; Electrolysis; Energy Conversion Efficiency; Eco-friendly; Electrocatalytic; Electrochemical Conversion; Electrochemical Energy; Energy; Enhanced Energy Conversion Efficiencies; Hollow Structure; Rare-earths; Sustainable Use; Synthesis Strategy; Rare Earths"
"Anion Exchange Membrane Water Electrolyzer: Electrode Design, Lab-Scaled Testing System and Performance Evaluation","2022","EnergyChem","209","10.1016/j.enchem.2022.100087","https://www.scopus.com/inward/record.uri?eid=2-s2.0-85135909834&doi=10.1016%2Fj.enchem.2022.100087&partnerID=40&md5=d842196fec7b4fbe98d76b0f23d80337","Green hydrogen produced by water electrolysis is one of the most promising technologies to realize the efficient utilization of intermittent renewable energy and the decarbonizing future. Among various electrolysis technologies, the emerging anion-exchange membrane water electrolysis (AEMWE) shows the most potential for producing green hydrogen at a competitive price. In this review, we demonstrate a comprehensive introduction to AEMWE including the advanced electrode design, the lab-scaled testing system establishment, and the electrochemical performance evaluation. Specifically, recent progress in developing high activity transition metal-based powder electrocatalysts and self-supporting electrodes for AEMWE is summarized. To improve the synergistic transfer behaviors between electron, charge, water, and gas inside the gas diffusion electrode (GDE), two optimizing strategies are concluded by regulating the pore structure and interfacial chemistry. Moreover, we provide a detailed guideline for establishing the AEMWE testing system and selecting the electrolyzer components. The influences of the membrane electrode assembly (MEA) technologies and operation conditions on cell performance are also discussed. Besides, diverse electrochemical methods to evaluate the activity and stability, implement the failure analyses, and realize the in-situ characterizations are elaborated. In end, some perspectives about the optimization of interfacial environment and cost assessments have been proposed for the development of advanced and durable AEMWE. © 2022 Elsevier B.V., All rights reserved.","Anion-exchange Membrane; Electrocatalysts; Gas Diffusion Electrode; Hydrogen Evolution; Membrane Electrode Assembly; Water Electrolysis; Diffusion In Gases; Electrochemical Electrodes; Electrolysis; Electrolytic Cells; Hydrogen Production; Ion Exchange Membranes; Ions; Pore Structure; Transition Metals; Anion Exchange; Anion-exchange Membrane; Electrode Design; Exchange Membranes; Gas Diffusion Electrodes; Hydrogen-evolution; Membrane Electrode Assemblies; Performances Evaluation; Testing Systems; Water Electrolysis; Electrocatalysts"
"Room-temperature Electrochemical C1-to-fuel Conversion: Perspectives from Material Engineering and Device Design","2022","EnergyChem","8","10.1016/j.enchem.2022.100086","https://www.scopus.com/inward/record.uri?eid=2-s2.0-85135887965&doi=10.1016%2Fj.enchem.2022.100086&partnerID=40&md5=65283a607d166ced1029cb13c2575654","The continuous increase of greenhouse gases (CO<inf>2</inf> or CH<inf>4</inf>) in the atmosphere has been imposing an imminent threat for global climate change and environmental hazards. Electrochemical one-carbon (C1) molecule conversion to value-added fuels and chemicals provides a green and efficient approach to mitigate fossil energy shortages and storing supernumerary renewable electricity in fuels, thereby reducing the global carbon footprint. Benefited from the substantial cost reduction of clean electricity, the room-temperature electrolysis has been emerging as a competitive strategy for C1 molecule unitization. In this review, we mainly focus on the state-of-the-art technologies involving electrocatalysts and devices, and introduce the representative works about room-temperature C1 molecule electrolysis in recent years, which will serve as a timely reference for catalyst design and device fabrication for efficient and practical conversion of C1 molecules. The challenges and perspectives are also discussed to suggest possible research directions toward fuel production from C1 molecules by room-temperature electrolysis in the future. © 2022 Elsevier B.V., All rights reserved.","C1 Molecule; Catalyst Design; Device Fabrication; Perspective; Room-temperature Electrolysis; Carbon Footprint; Climate Change; Cost Reduction; Electrocatalysts; Electrolysis; Fabrication; Fuels; Greenhouse Gases; Molecules; C1 Molecule; Catalyst Designs; Device Design; Device Fabrications; Electrochemicals; Engineering Design; Fuel Conversion; Material Engineering; Perspective; Room-temperature Electrolyse; Room Temperature"
"Facet-Engineering of Materials for Photocatalytic Application: Status and Future Prospects","2022","EnergyChem","67","10.1016/j.enchem.2022.100084","https://www.scopus.com/inward/record.uri?eid=2-s2.0-85135283112&doi=10.1016%2Fj.enchem.2022.100084&partnerID=40&md5=6464661a8f0a727037ca0b47c6d5e45c","Facet-engineering and interface design can optimize physicochemical properties of micro/nanomaterials at atomic level making them promising applications in a variety of fields such as catalysis, gas sorption/separation and sensing, especially in photocatalysis. In this review, we summarize the recent progress of photocatalytic reactions including water splitting, carbon dioxide (CO<inf>2</inf>) reduction, degradation and so on from the aspect of facet-engineering. The influences of low-index facets, high-index facets and mixed facets with surface heterojunction on the photocatalytic performance are highlighted, and the challenges and opportunities of the facet-engineering for photocatalysis are discussed. It is expected that this review can provide guidance for future development of facet-engineering for efficiently photocatalytic applications. © 2022 Elsevier B.V., All rights reserved.","Carbon Dioxide Reduction; Crystallographic Facet; Photocatalytic Reaction; Synergistic Effect; Water Splitting; Heterojunctions; Phase Interfaces; Photocatalytic Activity; Physicochemical Properties; Pollution Control; Application Status; Carbon Dioxide Reduction; Crystallographic Facets; Engineering Design; Future Prospects; Interface Designs; Photocatalytic Application; Photocatalytic Reactions; Synergistic Effect; Water Splitting; Carbon Dioxide"
"Three-dimensionally ordered macroporous materials for photo/electrocatalytic sustainable energy conversion, solar cell and energy storage","2022","EnergyChem","39","10.1016/j.enchem.2022.100081","https://www.scopus.com/inward/record.uri?eid=2-s2.0-85134851067&doi=10.1016%2Fj.enchem.2022.100081&partnerID=40&md5=88f67729ac6bd3ad20c3d8872a406541","Three-dimensionally ordered macroporous (3DOM) materials have aroused tremendous interest in solar light to energy conversion, sustainable and renewable products generation, and energy storage fields owing to their convenient mass transfer channels, high surface area, enhanced interaction between matter and light, plentiful reactive sites as well as tunable composition. In this review, the state-of-the-art 3DOM materials as well as their preparation methods and the relevant applications including photo/electrocatalytic sustainable energy conversion, solar cells, Li ion batteries and supercapacitor are thoroughly outlined. Meanwhile, the unique merits and mechanisms for 3DOM materials in various applications are revealed and discussed in depth. Moreover, the strategies for designing 3DOM materials and the enhanced performance for applications are correlated, which can be significantly valuable to help readers to promptly acquire the comprehensive knowledge and to inspire some new ideas in developing 3DOM materials for further improved performances. Finally, the challenges and perspectives of 3DOM materials for sustainable energy conversion/production, solar cells and energy storage fields are outlooked. We sincerely look forward to that this critical review can facilitate the fast developments in designing highly efficient 3DOM materials and the relevant applications. © 2022 Elsevier B.V., All rights reserved.","3dom; Battery; Catalysis; Solar Cells; Supercapacitor; Dye-sensitized Solar Cells; Energy Conservation; Energy Storage; Lithium-ion Batteries; Mass Transfer; Porous Materials; Storage (materials); 3dom; Battery; Electrocatalytic; Performance; Solar Light; Storage Fields; Sustainable Energy; Sustainable Products; Three-dimensionally Ordered Macroporous; Three-dimensionally Ordered Macroporous Materials; Supercapacitor"
"Application of MOFs and COFs for photocatalysis in CO2 reduction, H2 generation, and environmental treatment","2022","EnergyChem","391","10.1016/j.enchem.2022.100078","https://www.scopus.com/inward/record.uri?eid=2-s2.0-85134751366&doi=10.1016%2Fj.enchem.2022.100078&partnerID=40&md5=93ebda58656a39ea7a8f02d962134f19","Photocatalysis has been widely studied because it can use inexhaustible solar energy as an energy source while solving the problems of fossil fuel depletion and environmental pollution facing the 21st century. Metal-organic frameworks (MOFs) and covalent organic frameworks (COFs), with many advantages such as high physical/chemical stability, tunable bandgap, structural diversity, large specific surface area, etc., are considered important propellants for building better photocatalytic platforms and achieving breakthroughs. This review outlines the applications of MOFs and COFs for photocatalysis in CO<inf>2</inf> reduction, H<inf>2</inf> generation, and environmental pollution treatment, and elucidates the relevant photocatalytic mechanisms. In particular, the methods and mechanisms for improving the photocatalytic performance of MOFs and COFs are summarized and discussed from the three aspects. Finally, the current limitations, challenges, perspectives and future development opportunities of COFs/MOFs and COF-/MOF-based photocatalysts are summarized and prospected. © 2022 Elsevier B.V., All rights reserved.","Co2 Photoreduction; Covalent Organic Frameworks (cofs); Environmental Pollution Treatment; H2 Generation; Metal-organic Frameworks (mofs); Fossil Fuels; Metal-organic Frameworks; Photocatalytic Activity; Pollution; Solar Energy; Co 2 Reduction; Co2 Photoreduction; Covalent Organic Framework; Covalent Organic Frameworks; Environmental Pollution Treatment; Environmental Pollutions; H2 Generation; Metal-organic Framework; Metalorganic Frameworks (mofs); Photo Reduction; Carbon Dioxide"
"Pore space partition of metal-organic frameworks for gas storage and separation","2022","EnergyChem","86","10.1016/j.enchem.2022.100080","https://www.scopus.com/inward/record.uri?eid=2-s2.0-85133940343&doi=10.1016%2Fj.enchem.2022.100080&partnerID=40&md5=848cf4f19f81450ab9e943c9a24ac622","Pore space partition (PSP) concept is a synthetic design concept and can also serve as a structure analysis method useful for next-step synthetic planning and execution. PSP provides an integrated chemistry-topology-focused tool to design new materials platforms. While PSP is no less effective for making large-pore materials, the growing importance of small-molecule gas storage and separation for green-energy applications provides impetus for developing small-pore materials for which the PSP strategy is uniquely suited. Currently, the best embodiment of the PSP concept is the partitioned-acs (pacs) platform in which both fine or coarse adjustments to the building blocks have sparked a transformation of a prototype framework into a huge and continuously expanding family of chemically robust materials with controllable pore metrics and functionalities suitable for tailored applications. The pacs compositional diversity results from the platform's intrinsic multi-module nature, geometric flexibility and tolerance towards individual module variations, and mutual structure-directing effects among various modules, all of which combine to enable the molecular-level uniform co-assemblies of chemical components rarely seen together elsewhere. In this contribution, we present an overview of different pore space engineering methods and how different MOF materials have contributed to important advances in chemical stability, industrial gas storage and gas separation. In particular, we will focus on synthetic assembly of the pacs system, highlighting the differences of pacs materials from other MOF platforms and advantages of pacs materials in enhancing various MOF properties. © 2022 Elsevier B.V., All rights reserved.","Gas Separation; Gas Storage; Isoreticular Design; Metal-organic Frameworks; Pore Space Partition; Gas Permeable Membranes; Gases; Metal-organic Frameworks; Organic Polymers; Separation; Storage (materials); Design Concept; Gas Separations; Gas Storage; Isoreticular Design; Metalorganic Frameworks (mofs); Pore Space; Pore Space Partition; Space Partition; Structure Analysis; Synthetic Design; Chemical Stability"
"Recent progress of artificial interfacial layers in aqueous Zn metal batteries","2022","EnergyChem","93","10.1016/j.enchem.2022.100076","https://www.scopus.com/inward/record.uri?eid=2-s2.0-85133299398&doi=10.1016%2Fj.enchem.2022.100076&partnerID=40&md5=fdf70a0aa95bb777dd26950b4e232c80","Aqueous Zn metal batteries (AZBs) are considered as a promising candidate of existing lithium-ion batteries for grid-scale energy storage systems owing to their inherent safety, low cost, and natural abundance. However, the practical application of AZBs is still limited by severe dendrites, corrosion, and hydrogen evolution on zinc (Zn) anode as well as the dissolution of most cathode materials. Although Zn metals are relatively stable in mildly acidic aqueous electrolytes even without solid-electrolyte interphase (SEI), the interfacial structure becomes more significant in resolving the afore-mentioned problems. Herein, we comprehensively review the latest progress on the artificial interfacial layers (AILs) for high performance and safe AZBs. Addressing the fundamentals and challenges of AZBs, the functionality and design of AILs will be introduced discussing the current development of surface modified interphase, electrolyte derived SEI, and cathode/electrolyte interphase. Advanced characterization and simulation methods are also summarized for comprehensive analysis on failure and mechanism of AILs. Finally, our perspectives into future research direction of AILs will be presented. © 2022 Elsevier B.V., All rights reserved.","Aqueous Batteries; Artificial Interfacial Layers; Ess; Mechanism; Zn Metals; Cathodes; Corrosion; Lithium-ion Batteries; Solid Electrolytes; Solid-state Batteries; Aqueous Batteries; Artificial Interfacial Layer; Ess; Grid Scale; Inherent Safety; Interfacial Layer; Recent Progress; Solid Electrolyte Interphase; Storage Systems; Zinc Metal; Metals"
"Advanced porous organic polymer membranes: Design, fabrication, and energy-saving applications","2022","EnergyChem","67","10.1016/j.enchem.2022.100079","https://www.scopus.com/inward/record.uri?eid=2-s2.0-85133175760&doi=10.1016%2Fj.enchem.2022.100079&partnerID=40&md5=dce6b4e367f3e6c5056b24afbb681202","Membrane separation technology is of great research interest in industry owing to its unparalleled merits such as high selectivity with unsuppressed permeability, reduced carbon footprint, small capital investment, and low energy consumption in comparison to traditional separation techniques. In the last few decades, polyamide membranes dominate the membrane industry until the porous organic polymers (POPs) get a ticket into the area of membrane separation. POPs bearing rich pore architectures and feasible functionalization are ready for fabricating novel membranes for rapid and precise molecular sieving. Here, a background overview of separation technology is provided, followed by a brief introduction of various POP-based membranes and the fabrication approaches of these membranes. Then, recent advancements of POP-bases membranes in energy-saving applications including gas separation and liquid separation are highlighted together with discussions about membrane design and generation involved. Finally, a concise conclusion with our perspective and challenges remaining for the future development of POP-based membranes are outlined. © 2022 Elsevier B.V., All rights reserved.","Energy-saving Membrane Applications; Gas Separation; Liquid Separation; Porous Organic Polymers; Carbon Footprint; Energy Utilization; Fabrication; Gas Permeable Membranes; Investments; Membrane Technology; Organic Polymers; Energy Savings; Energy-saving Membrane Application; Energy-savings; Gas Separations; Liquid Separation; Membrane Designs; Membrane Energy; Polymer Based; Polymer Membrane; Porous Organic Polymers; Energy Conservation"
"Ionic Liquid Electrolytes for Next-generation Electrochemical Energy Devices","2022","EnergyChem","65","10.1016/j.enchem.2022.100075","https://www.scopus.com/inward/record.uri?eid=2-s2.0-85131236483&doi=10.1016%2Fj.enchem.2022.100075&partnerID=40&md5=1f62521cd968735bbadc27e48e0e9899","The development of future energy devices that exhibit high safety, sustainability, and high energy densities to replace the currently dominant lithium-ion batteries has gained significant attention in recent years. Although the various energy devices available have different technological requirements, electrolyte formulation still remains a fundamental element of these state-of-the-art systems. Among the trending electrolyte contenders, ionic liquids, which are entirely comprised of cations and anions, provide a combination of several unique physicochemical and electrochemical properties, and exceptional safety. In this review, the fundamental properties of IL, their progress and milestones, and the directions for their future development and applications in next-generation energy devices are summarized. Each section will comprehensively review the latest progress and technology trends utilizing IL electrolytes focusing on Li-, Na-, K-ion batteries, metal anode batteries, sulfur and oxygen batteries, multivalent metal-ion batteries, and supercapacitors, with early studies mentioned where relevant. The benefits of using ionic liquid electrolytes on each system and pertinent improvements in performance are delineated in comparison to systems utilizing conventional electrolytes. Finally, prospects and challenges associated with the applications of ionic liquid electrolytes to future energy devices are also discussed. © 2022 Elsevier B.V., All rights reserved.","Batteries; Electrodes; Electrolytes; Energy Devices; Ionic Liquids; Electrodes; Ionic Liquids; Lithium-ion Batteries; Metal Ions; Metals; Physicochemical Properties; Battery; Electrochemical Energy; Electrolyte Formulation; Energy Devices; Future Energies; High Safety; Higher Energy Density; Ion Batteries; Ionic Liquid Electrolytes; State-of-the-art System; Electrolytes"
"Interfacial engineering of carbon-based materials for efficient electrocatalysis: Recent advances and future","2022","EnergyChem","59","10.1016/j.enchem.2022.100074","https://www.scopus.com/inward/record.uri?eid=2-s2.0-85130103695&doi=10.1016%2Fj.enchem.2022.100074&partnerID=40&md5=d7cbfd1348ebe03d1e038034745d6074","Carbon-based materials are widely studied for their unique advantages in electrocatalysis. Despite significant progress, the precise interface construction and mechanism exploration of carbon-based materials in the field of electrocatalysis is still in the early stages. Recently, our group and other peers demonstrated that by introducing heterogeneous components into carbon-based materials, and the forming of specific interfaces will serve as active sites or major reaction sites for electrochemical reactions (OER, HER, ORR, CO<inf>2</inf>RR, NRR, etc.). Modulating the catalyst interface environment and chemical adsorption behavior through interface engineering is an effective strategy to improve the catalytic activity. This review summarizes the latest progress in the field of carbon-based electrocatalyst in a timely and comprehensive manner, including the classification of carbon-based materials and the interface problems involved, as well as the preparation methods of carbon-based materials in recent years. The interface engineering strategies of carbon-based materials, the structure-activity relationship between interface structure and performance, as well as the potential applications of carbon-based materials in heterogeneous catalytic reactions and energy conversion are discussed in detail. Finally, we outline the current challenges and identify the opportunities facing this emerging sector. © 2022 Elsevier B.V., All rights reserved.","Carbon-based Materials; Current Challenges; Electrocatalysis; Interfacial Engineering; Structure-activity Relationship; Carbon; Catalyst Activity; Electrocatalysts; Energy Conversion; Interfaces (materials); 'current; Active Site; Carbon Based Materials; Current Challenge; Heterogeneous Component; Interface Engineering; Interfacial Engineering; Reaction Sites; Specific Interface; Structure-activity Relationships; Electrocatalysis"
"Crystalline Porous Materials-based Solid-State Electrolytes for Lithium Metal Batteries","2022","EnergyChem","38","10.1016/j.enchem.2022.100073","https://www.scopus.com/inward/record.uri?eid=2-s2.0-85128304083&doi=10.1016%2Fj.enchem.2022.100073&partnerID=40&md5=e7a2e6de536c011a47a460c21e23b1af","The ever-growing market for electric vehicles and grid-scale energy storage is boosting the development of high energy density lithium metal batteries (LMBs). Solid-state electrolytes (SSEs) are not only nonflammable to overcome the intrinsic drawbacks of liquid electrolytes, but also mechanically strong enough to suppress the growth of lithium dendrites, whose development could greatly promote the safety and performance of LMBs. Crystalline porous materials (CPMs) with high surface area, adjustable pores, ordered channels, and versatile functionality have not only provided a promising structural platform for designing fast ionic conducting materials, but also offered great opportunities for manipulating their physicochemical and electrochemical properties, which have shown great potential to fabricate high-performance SSEs and have become an emerging research direction in recent years. In this review, the latest progress of CPMs-based SSEs for LMBs, including pristine CPMs and CPMs-based composites, is systematically summarized. By discussing the pioneer work, both merits and issues arising from CPMs are emphasized as well as an outlook for the development of CPMs-based SSEs with high-performance and reliable safety are presented. © 2022 Elsevier B.V., All rights reserved.","Crystalline Porous Materials; High Energy Density; Lithium Metal Batteries; Solid-state Electrolytes; Lithium; Lithium Batteries; Physicochemical Properties; Solid Electrolytes; Solid-state Batteries; Crystalline Porous Material; Grid Scale; Growing Markets; Higher Energy Density; Lithium Metal Battery; Lithium Metals; Material-based; Non-flammable; Performance; Solid-state Electrolyte; Porous Materials"
"The marriage of two-dimensional materials and phase change materials for energy storage, conversion and applications","2022","EnergyChem","85","10.1016/j.enchem.2022.100071","https://www.scopus.com/inward/record.uri?eid=2-s2.0-85126087627&doi=10.1016%2Fj.enchem.2022.100071&partnerID=40&md5=f45e171797862e50ec947d02c37e7b4a","Benefiting from high thermal storage density, wide temperature regulation range, operational simplicity, and economic feasibility, latent heat-based thermal energy storage (TES) is comparatively accepted as a cutting-edge TES concept, especially solid-liquid phase change materials (PCMs). However, liquid phase leakage, low thermal/electrical conductivities, weak photoabsorption capacity, and intrinsic rigidity of pristine PCMs are long-standing bottlenecks in both industrial and domestic application scenarios. Towards these goals, emerging two-dimensional (2D) materials containing regions of empty nanospace are ideal alternatives to efficiently encapsulate PCMs molecules and rationalize physical phase transformation, especially graphene, MXene and BN. Herein, we provide a timely and comprehensive review highlighting versatile roles of 2D materials in composite PCMs and relationships between their architectures and thermophysical properties. In addition, we provide an in-depth understanding of the energy conversion mechanisms and rationalize routes to high-efficiency energy conversion PCMs. Finally, we also introduced critical considerations on the challenges and opportunities in the development of advanced high-performance and multifunctional 2D material-based composite PCMs, hoping to provide constructive references and facilitate their significant breakthroughs in both fundamental researches and commercial applications. © 2022 Elsevier B.V., All rights reserved.","2d Materials; Advanced Applications; Mechanisms; Phase Change Materials; Thermal Energy Storage And Conversion; Energy Conversion Efficiency; Heat Storage; Storage (materials); Thermal Energy; Thermodynamic Properties; 2d Material; Advanced Applications; Composite Phase Change Materials; Energy Storage And Conversions; High Thermal; Material Change; Thermal Energy Storage; Thermal Energy Storage And Conversion; Two-dimensional Materials; Two-dimensional Phasis; Phase Change Materials"
"Nanostructured Transition Metal Nitrides as Emerging Electrocatalysts for Water Electrolysis: Status and Challenges","2022","EnergyChem","105","10.1016/j.enchem.2022.100072","https://www.scopus.com/inward/record.uri?eid=2-s2.0-85125264797&doi=10.1016%2Fj.enchem.2022.100072&partnerID=40&md5=83f9b53af7517d5fb48089bbc72f5d82","Water electrolysis has aroused extensive research efforts due to its potential applications of sewage disposal, microorganism treatment and direct electrolysis for large-scale hydrogen production. At this background, transition metal nitrides (TMNs) have raised lots of attention, because their physical properties are similar to those of metallic elements and TMNs have unique electron orbital structures. The inner nitrogens can increase the electron density of d-bands of transition metals, so that the electronic structures of TMNs are similar with some precious metals, whose density of states can cross the Fermi level. Therefore, TMNs have similar conductivities with metals and possess superior electrocatalytic performance. Nanostructured TMNs tend to have relatively large dispersion and more exposed active sites, which have direct improvement for catalytic activity and stability as electrochemical catalysts. This review summarizes the representative progress of TMNs based catalysts on both synthetic strategies of structural engineering and electronic engineering for improving electrocatalytic performance, especially in hydrogen evolution, oxygen evolution and water splitting. Finally, we further propose the future challenges and research directions of nanostructured TMNs in the electrochemical energy fields of efficient preparations and performance enhancements. © 2022 Elsevier B.V., All rights reserved.","Electrocatalyst; Nanostructure; Synthetic Strategies; Transition Metal Nitrides; Water Electrolysis; Catalyst Activity; Electrolysis; Electronic Structure; Hydrogen Production; Nanostructures; Nitrides; Sewage; Transition Metals; Electrocatalytic Performance; Electron Orbital; Large Scale Hydrogen Production; Metallic Elements; Metallic Transition; Nano-structured; Research Efforts; Synthetic Strategies; Transition Metal Nitrides; Water Electrolysis; Electrocatalysts"
"New insights in establishing the structure-property relations of novel plasmonic nanostructures for clean energy applications","2022","EnergyChem","22","10.1016/j.enchem.2022.100070","https://www.scopus.com/inward/record.uri?eid=2-s2.0-85124600458&doi=10.1016%2Fj.enchem.2022.100070&partnerID=40&md5=f5e49376f10818f085289a2d8bf90b41","Plasmonic nanostructures have provided unique opportunities for harvesting solar energy to facilitate various chemical reactions. In the past decade, localized surface plasmon resonance (LSPR) has been extensively explored in catalysis to increase the activity and selectivity of chemical transformation reactions under mild reaction conditions, however, they are still subjected to many challenges in terms of lower efficiency, stability and reaction mechanisms under light irradiation conditions. There have been numerous research efforts in exploring the catalytic trends, mechanisms, challenges and applications in plasmonic catalysis. Several cutting-edge characterization techniques (UV-vis, surface voltage spectroscopy, SERS, photoluminescence, photocurrent measurements and theoretical simulations) have been employed to characterize and establish the structure-property relationship of noble metal-based plasmonic hybrid nanostructures. In this review, we have attempted to correlate the operando techniques to understand the structural details and their plasmonic catalytic activities in emerging applications, hydrogen generation and CO<inf>2</inf> reduction reactions. © 2022 Elsevier B.V., All rights reserved.","Catalyst Activity; Chemical Stability; Hydrogen Production; Metal Cutting; Nanostructures; Precious Metals; Solar Energy; Surface Plasmon Resonance; Chemical Transformations; Clean Energy; Energy Applications; Localized Surface Plasmon Resonance; Mild Reaction Conditions; Plasmonic Nanostructures; Plasmonics; Reaction Under; Structure Property Relation; Transformation Reactions; Catalysis"
"Dealloyed nanoporous materials for electrochemical energy conversion and storage","2022","EnergyChem","93","10.1016/j.enchem.2022.100069","https://www.scopus.com/inward/record.uri?eid=2-s2.0-85124095017&doi=10.1016%2Fj.enchem.2022.100069&partnerID=40&md5=5dbf7413cec84bf45c08096461242901","Dealloying, which is traditionally originated in the research of alloy corrosion, has recently been developed as a robust and generic method for fabricating functional 3D nanoporous materials. Endorsed by the unique 3D bicontinuous porous structure, they exhibit remarkable properties such as large surface area, high conductivity, efficient mass transport, and high catalytic activity, which render them as advanced nanomaterials with enormous potential for a variety of applications. In this review, we summarize recent progress in the development of dealloying and dealloyed nanoporous materials for electrochemical energy conversion and storage. Beginning with an overview of the modern understanding of dealloying mechanisms, the unique structural and physical properties of dealloyed nanoporous materials are introduced. Then, we discuss the established dealloying techniques and how they enable the versatile fabrication of a diverse variety of nanoporous materials, ranging from unary metals and alloys to the latest high-entropy alloys and two-dimensional materials. Following that, the electrochemical applications of dealloyed nanoporous materials for fuel cells, supercapacitors, metal-ion batteries, alkali metal batteries, non-aqueous metal-oxygen batteries, electrochemical CO<inf>2</inf> reduction, and electrocatalytic N<inf>2</inf> reduction are highlighted. Finally, we discuss remaining challenges in this field and offer perspectives on potential directions for future research. © 2022 Elsevier B.V., All rights reserved.","Batteries; Dealloying; Energy Conversion; Energy Storage; Fuel Cells; Nanoporous Materials; Catalyst Activity; Dealloying; Fuel Storage; Metal Ions; Nanopores; Porosity; Porous Materials; Precious Metals; Reduction; Battery; Bicontinuous; Electrochemical Energy Conversions; Electrochemical Energy Storage; Energy Conversion And Storages; Generic Method; Nanoporous Materials; Porous Structures; Robust Methods; Fuel Cells"
"The chemistry and applications of flexible porous coordination polymers","2021","EnergyChem","117","10.1016/j.enchem.2021.100067","https://www.scopus.com/inward/record.uri?eid=2-s2.0-85119900605&doi=10.1016%2Fj.enchem.2021.100067&partnerID=40&md5=cf415258be937c41847f02a61be6e39b","Since the late 1990s, much progress has been made in the field of the chemistry of flexible porous coordination polymers (PCPs). Various PCP architectures have been recognized and several promising applications have been identified, e.g., in the areas of selective gas capture and separation, sensors, and drug carriers. The crystalline and flexible frameworks of PCPs can respond to various external stimuli and then adjust themselves to adapt to new environments in a tuneable fashionࣧ behavior that is seldom observed in other porous solids. Over the past decade, following on from developments made in terms of flexible PCP performance, how to accurately build these architectures with the required functions has become a new challenge. In this review, the authors focus on the three aspects of flexible PCPs: 1) classifying the flexible systems with different fashions of pore opening, 2) classifying the flexible PCPs with governing factors of internal structure and external conditions, and 3) introducing, and summarizing, flexibility- and structure-dependent performance. The goal is to present the state-of-art chemistry and application of flexible PCPs and to offer an outlook towards discovering and designing further new materials. © 2022 Elsevier B.V., All rights reserved.","Drug Carrier; External Stimulus; Flexible Framework; Flexible System; Internal Structure; Performance; Polymer Architecture; Pore Openings; Porous Coordination Polymer; Porous Solids"
"Reticular frameworks and their derived materials for CO2 conversion by thermo−catalysis","2021","EnergyChem","80","10.1016/j.enchem.2021.100064","https://www.scopus.com/inward/record.uri?eid=2-s2.0-85119684387&doi=10.1016%2Fj.enchem.2021.100064&partnerID=40&md5=e0f267b65514573ae88b0dd07d128c71","Reticular frameworks including metal−organic frameworks (MOFs) and covalent organic frameworks (COFs), and their derived materials have drawn global attention in the capture and conversion of CO<inf>2</inf> as a cheap feedstock into fine chemicals and fuels due to their facile synthesis and programmable highly porous structures. This review comprehensively summarizes the progress in thermo−catalysis of CO<inf>2</inf> conversion by reticular framework−based catalysts to afford chemicals such as cyclic carbonates, cyclic carbamates, formamides, carboxylic acid, carbon monoxide, formate, methanol, methane, and light olefins. Firstly, the characteristics and advantages of MOF−based materials for CO<inf>2</inf> conversion are introduced. Secondly, the characteristics and advantages of COF−based materials for CO<inf>2</inf> conversion are presented. Subsequently, the CO<inf>2</inf> conversion reactions are briefly classified and discussed. Particularly, MOF or COF−based catalysts for each reaction are summarized in terms of catalyst design, catalytic performance and catalytic mechanism. Finally, the perspectives for further development of reticular framework−based catalysts for efficient CO<inf>2</inf> conversion are discussed. We hope this review can provide an inspiration for the rational design of porous crystalline materials for thermal catalytic CO<inf>2</inf> conversion. © 2022 Elsevier B.V., All rights reserved.","Carbon Dioxide; Covalent−organic Frameworks; Heterogeneous Catalysis; Hydrogenation; Metal−organic Frameworks; Amides; Carbon Monoxide; Catalysts; Electrocatalysis; Hydrogenation; Organic Chemicals; Covalent Organic Frameworks; Cyclic Carbonates; Derived Materials; Facile Synthesis; Fine Chemicals; Formamides; Light-olefins; Metalorganic Frameworks (mofs); Porous Structures; ]+ Catalyst; Carbon Dioxide"
"Surface-coordinated metal-organic framework thin films (SURMOFs): From fabrication to energy applications","2021","EnergyChem","45","10.1016/j.enchem.2021.100065","https://www.scopus.com/inward/record.uri?eid=2-s2.0-85118872398&doi=10.1016%2Fj.enchem.2021.100065&partnerID=40&md5=cbdbdb503f5db4247eecc91112fb9e72","The development of clean and sustainable energy is crucial to solve the increasingly serious energy crisis. Metal-organic frameworks (MOFs) containing both inorganic and organic components have attracted extensive attention on energy applications because of their tunable structures and fascinating properties. Particularly, liquid-phase epitaxial (LPE) layer by layer (LBL) growth of MOFs thin films on various substrates surfaces (called SURMOFs, surface-coordinated MOF thin films) possess the advantages of controlled thickness, preferred growth orientation and homogeneous film, which provide ideal candidates for energy storage and conversion. In this review, we summarize the fabrication strategies of SURMOFs including the layer by layer dipping, pump, spray, spin-coating and flowing methods, the classification and advantages of SURMOFs, and then discuss the related energy applications of SURMOFs, encapsulated SURMOFs, and SURMOF-derivative on electrocatalysis, photocatalysis, and solar cells etc. © 2022 Elsevier B.V., All rights reserved.","Electrocatalysis; Energy Policy; Fabrication; Metal-organic Frameworks; Clean Energy; Energy Applications; Energy Crisis; Inorganic Components; Metalorganic Frameworks (mofs); Organic Components; Property; Sustainable Energy; Thin-films; Tunables; Thin Films"
"Tuning metal catalysts via nitrogen-doped nanocarbons for energy chemistry: From metal nanoparticles to single metal sites","2021","EnergyChem","49","10.1016/j.enchem.2021.100066","https://www.scopus.com/inward/record.uri?eid=2-s2.0-85118530148&doi=10.1016%2Fj.enchem.2021.100066&partnerID=40&md5=265977671fd954eb9fea7a790f5cfbad","Most processes in energy chemistry require suitable catalysts to decrease activation energy, control reaction rate and increase selectivity. As a kind of very important supports, nanocarbons are widely used for constructing various metal-based heterogenous catalysts owing to their abundant microstructures and morphologies, tunable surface area, high stability, low cost and excellent electrical conductivity. Nitrogen-doped nanocarbons are the even more attractive for the modified electronic structure and enhanced interaction with the supported species. With the assistance of N participation, metal catalysts have been constructed on N-doped nanocarbons from highly dispersed nanoparticles to sub-nanometer clusters and single sites. The metal catalysts supported on N-doped nanocarbons have exhibited unique advantages of modified electronic structure, facilitated charge transfer and high metal utilization, hence show wide applications in various energy-related reactions. This review firstly elucidates the roles of different types of nitrogen dopants for anchoring metal species from theoretical viewpoint, then summarizes the synthetic strategies of various N-doped nanocarbons and the related metal catalysts from high dispersion to single sites. Then their typical performances in energy chemistry are reviewed which ranges from electrocatalytic applications including oxygen reduction, alcohol oxidation, hydrogen oxidation, water splitting, CO<inf>2</inf> reduction and nitrogen reduction to thermal catalytic reactions including Fischer-Tropsch synthesis, H<inf>2</inf> production, hydrogenation and oxidation, as well as to photocatalytic applications and beyond. The structure-performance correlations are discussed in depth to highlight the contribution of N-doped nanocarbons. The facing challenges and research trends are also discussed for better understanding the development of advanced heterogeneous catalysts based on the heteroatom-doped nanocarbons for energy applications. © 2022 Elsevier B.V., All rights reserved.","Energy Chemistry; High-dispersed Nanoparticles; Metal Catalysts; Nitrogen-doped Nanocarbons; Single-site Catalysts; Activation Energy; Catalyst Activity; Catalyst Selectivity; Catalyst Supports; Catalytic Oxidation; Charge Transfer; Doping (additives); Electrolytic Reduction; Fischer-tropsch Synthesis; Hydrogen Production; Metal Nanoparticles; Metals; Nanocatalysts; Nitrogen; Dispersed Nanoparticles; Energy Chemistry; High-dispersed; High-dispersed Nanoparticle; Metal Catalyst; N-doped; Nanocarbons; Nitrogen-doped; Nitrogen-doped Nanocarbon; Single-site Catalysts; Electronic Structure"
"Two-dimensional materials for electrochromic applications","2021","EnergyChem","42","10.1016/j.enchem.2021.100060","https://www.scopus.com/inward/record.uri?eid=2-s2.0-85122827905&doi=10.1016%2Fj.enchem.2021.100060&partnerID=40&md5=fde2d7e7013b58e1a4a2675afdacbc77","Electrochromic devices (ECDs), which generate reversible color changes by the electrochemical reaction, have shown tremendous promise in the field of smart windows, displays, and the future wearable electronics, due to their benefits of simple structure, low power consumption, as well as multi-colors. In the past decade, two-dimensional (2D) materials, such as graphene, metal oxides/carbides/nitrides/dichalcogenides, conductive polymer, metal-organic frameworks, and covalent organic frameworks, that represent good mechanical properties, superior electrochemical activity, fast charge transfer speed, and other unique physical properties, have been widely applied in the ECDs and induced great improvement of the field. As a result, some long-playing issues of ECDs are in prospect to be settled by using 2D materials. This review starts from summarizing the evaluation standard of ECDs, followed by highlighting the most up-to-date exciting results regarding the design and application of 2D materials for the electrochromic layer. Meanwhile, the superior effects of graphene and MXenes for advanced flexible transparent conducting layer are discussed in detail. At last, the remaining challenges and possible research directions for the future of this field are also proposed. Hopefully, the review may shed light on the main trends for developing high-performance ECDs, and provide referencing value for other researchers, to and finally boost the practical applications of ECDs. © 2022 Elsevier B.V., All rights reserved.","Color Change; Electrochromic Devices; Flexible Devices; Smart Electronics; Two-dimensional Materials; Color; Colorimetry; Electrochemical Sensors; Electrochromic Devices; Electrochromism; Flexible Displays; Graphene; Organometallics; Color Changes; Electro-chromic Applications; Electrochemical Reactions; Flexible Device; Low-power Consumption; Reversible Colors; Simple Structures; Smart Electronics; Smart Windows; Two-dimensional Materials; Charge Transfer"
"Revisiting lithium metal anodes from a dynamic and realistic perspective","2021","EnergyChem","16","10.1016/j.enchem.2021.100063","https://www.scopus.com/inward/record.uri?eid=2-s2.0-85122742184&doi=10.1016%2Fj.enchem.2021.100063&partnerID=40&md5=04e5230f985e82e1d8cc9a41dd8d007f","The concept of a rechargeable lithium metal battery (LMB) was established and commercially realized before the lithium-ion battery (LIB), although safety concerns related to the lithium metal anode (LMA) prevented LMBs from flourishing. As Li-ion chemistry approaches its limitations in meeting the demands of high-energy-density for modern battery technology, research on the LMA has been revived for the production of next-generation Li batteries. With new concepts and technologies being developed and implemented, unprecedented progress has been achieved towards safer and more efficient LMAs, although there are still gaps in putting laboratory-based achievements into real life. This may be caused by the intrinsic shortcomings of the methods and protocols for evaluating LMA, which provide a one-sided perspective and leave key problems unrecognized. This review presents a comprehensive overview of the fundamental problems involved in using LMAs. A dynamic picture of Li metal functioning as an anode is made based on recent knowledge. Realistic requirements for achieving the high-energy-density advantage of LMAs are emphasized. Based on the understanding of these, strategies for Li stabilization are revisited and some overlooked issues need to be addressed. • In this review, we consider the working mechanism of lithium metal anodes (LMAs) with a dynamic picture, including a separate deposition/dissolution process under the influence of spontaneously formed SEI, as well as the repeated cycling along with the evolution of the electrodes. • The requirements for a Li metal anode under realistic conditions are discussed in detail. • Based on a dynamic and realistic perspective, we carefully assess the testing procedures for LMAs and the meaning of the test results. Coulombic inefficiency, or loss of active lithium, is analyzed qualitatively or quantitatively according to the latest understanding. • Finally, we revisit the strategies for LMA protection based on the above discussion and understanding, and highlight some issues that are often overlooked in current research. © 2022 Elsevier B.V., All rights reserved.","Coulombic Efficiency; Dynamic Working Process; Li Metal Anode; Practical High-energy-density Battery; Lithium-ion Batteries; Metal Working; Metals; Coulombic Efficiency; Dynamic Working Process; High-energy Density Batteries; Higher-energy-density Batteries; Li Metal; Li Metal Anode; Lithium Metal Anode; Metal Anodes; Practical High-energy-density Battery; Working Process; Anodes"
"Application of layered nanoclay in electrochemical energy: Current status and future","2021","EnergyChem","55","10.1016/j.enchem.2021.100062","https://www.scopus.com/inward/record.uri?eid=2-s2.0-85122694930&doi=10.1016%2Fj.enchem.2021.100062&partnerID=40&md5=95ef40ade371b786297fd103b03950b7","To meet the growing energy demands in a low-carbon economy, the development of new materials that improve the efficiency of energy storage and conversion systems is essential. Layered nanoclay offers opportunities in energy storage and conversion applications owing to their great reserves, high surface areas, multi-pore structure and other unique physical and chemical properties. These characteristics provide opportunities and advantages for the application of layered nanoclay in electrochemical energy. In this review, we summarized the structure, classification, modification method and properties of nanoclays, along with discussed their applications as electrodes, electrolytes filler, separators, artificial solid electrolyte interface (SEI) layer in rechargeable batteries and supercapacitors (SCs), and as catalysts in water splitting, CO<inf>2</inf> reduction and oxygen reduction. Finally, we concluded the current problems of layered nanoclay in energy storage and conversion, and pointed out the possible future development trend and strategy, which increases their contribution in electrochemical energy applications. © 2022 Elsevier B.V., All rights reserved.","Electrocatalysis; Energy Storage And Conversion; Layered Nanoclay; Rechargeable Batteries; Supercapacitors; Electrolytic Reduction; Energy Storage; Nanocomposites; Phase Interfaces; Pore Structure; Renewable Energy Resources; Solid Electrolytes; Storage (materials); Supercapacitor; Conversion Systems; Current Status; Electrochemical Energy; Energy Current; Energy Demands; Energy Storage And Conversions; Layered Nanoclay; Low Carbon Economy; Nano Clays; Storage Systems; Electrocatalysis"
"Recent research progress in PEM fuel cell electrocatalyst degradation and mitigation strategies","2021","EnergyChem","58","10.1016/j.enchem.2021.100061","https://www.scopus.com/inward/record.uri?eid=2-s2.0-85122332215&doi=10.1016%2Fj.enchem.2021.100061&partnerID=40&md5=7330c72d1d02ca2f5e21ac099c07206f","The performance degradation of proton exchange membrane fuel cells (PEMFCs) is one of the most critical challenges in their practical applications. Degradations of electrocatalysts for oxygen reduction reaction (ORR) at cathode and hydrogen oxidation reaction (HOR) at the anode are the major contributors to PEMFC degradation, which are mainly induced by fuel/air impurities, unintentional harmful species during the preparation and use of the catalysts, as well as catalyst decomposition during the operation. This review summarizes the recent research on PEMFC performance degradation and the progress in developing mitigation strategies for avoiding the degradation. Several aspects are emphasized as follows: the understanding of catalyst poisoning phenomena, influencing factors, and general degradation mechanisms. Several technical challenges are analyzed and the corresponding future research directions are proposed to facilitate the further research and development of mitigation strategies for PEMFC catalyst degradation. © 2022 Elsevier B.V., All rights reserved.","Contamination Tolerance Catalyst; Degradation; Mitigation Strategies; Proton Exchange Membrane Fuel Cells; Catalyst Poisoning; Electrocatalysts; Electrodes; Electrolytic Reduction; Proton Exchange Membrane Fuel Cells (pemfc); Cell-be; Cell/b.e; Contamination Tolerance Catalyst; Contamination Tolerances; Mitigation Strategy; Pem Fuel Cell; Performance Degradation; Proton-exchange Membranes Fuel Cells; Recent Researches; ]+ Catalyst; Degradation"
"Defective carbon-based materials: controllable synthesis and electrochemical applications","2021","EnergyChem","71","10.1016/j.enchem.2021.100059","https://www.scopus.com/inward/record.uri?eid=2-s2.0-85113485298&doi=10.1016%2Fj.enchem.2021.100059&partnerID=40&md5=2a22aa37c893b91d817e2deb20ad775a","Defective carbon-based materials (DCMs) have recently been considered as one of the most promising alternatives to precious metal electrocatalysts owing to their irreplaceable advantages, such as environmentally friendly, low cost and high structural tunability. Despite remarkable progress has been achieved, grand challenges of their further development are still remained by the traditional “trial-and-error” approaches, mainly due to the lack of precise synthetic methodologies as well as in-depth understandings of active centers and underlying electrocatalytic mechanisms. Herein, this review will provide a comprehensive overview and perspective on the critical issues and possible solutions regarding the controllable synthesis of DCMs, with special emphasis on the theoretical guidance in designing complex carbon defect structures and operando characterizations in exploring “dynamic” active centers. More importantly, it will also highlight recent advances in the applications of DCMs for the cutting-edge “E-Refinery”, focusing on the electrochemical conversion of electricity into fuels and chemical building blocks (e.g., H<inf>2</inf>, O<inf>2</inf>, CH<inf>4</inf>, C<inf>2</inf>H<inf>4</inf>, CH<inf>3</inf>OH, C<inf>2</inf>H<inf>5</inf>OH, NH<inf>3</inf> and other organic compounds). Finally, further challenges and opportunities are summarized to shed some light on the unexploited area and future directions in expectation of stimulating the broad interest of interdisciplinary researchers. © 2022 Elsevier B.V., All rights reserved.","Carbon-based Materials; Defect; Dynamic Active Centers; Electrocatalysis; Operando Characterization; Ammonia; Carbon; Defects; Electrocatalysts; Active Center; Carbon Based Materials; Controllable Synthesis; Defective Carbon; Dynamic Active Center; Electrochemical Applications; Low-costs; Low-high; Operando; Operando Characterization; Electrocatalysis"
"Recent progress of asymmetric solid-state electrolytes for lithium/sodium-metal batteries","2021","EnergyChem","63","10.1016/j.enchem.2021.100058","https://www.scopus.com/inward/record.uri?eid=2-s2.0-85107944149&doi=10.1016%2Fj.enchem.2021.100058&partnerID=40&md5=7dbade8a90baf93e280962d3d4e50be2","The huge market in electric road vehicles and portable electronic devices is boosting the development of high-energy-density solid-state alkali-metal batteries with high safety, including lithium-metal batteries and sodium-metal batteries. However, solid-state electrolytes (SSEs) are still the main barrier that hinders the development of solid-state alkali-metal batteries, because there is no such a single SSE that is compatible with both the highly reductive and chemically active alkali-metal anodes and oxidative high-voltage cathodes. Asymmetric solid-state electrolytes (denoted as ASEs) with more than one layer of SSE are reported to be able to effectively tackle such issues by constructing a multiple layered-like structure. In ASEs, each layer of SSE contains a different composition or morphology. SSEs with such an asymmetric structure exhibit Janus property, which not only satisfies the different stability requirements from the cathode and the anode respectively, but also compensates the disadvantages of the individual SSEs ingenuously. In this way, the advantages of each individual SSE are fully utilized and superior electrochemical performances of solid-state full cells are realized. This review focuses on discussing various original ASEs that have been developed recently, including design principles, synthetic methods of bilayer/tri-layer structured polymer/ceramic ASEs and asymmetric gel electrolytes, and the exhibited electrochemical properties of solid-state lithium/sodium-metal batteries. Finally, we provide perspectives and suggestions towards ASEs for future applications in solid-state batteries. © 2022 Elsevier B.V., All rights reserved.","Alkali Metal; Asymmetric Structures; High-voltage Cathodes; Solid-state Electrolytes; Anodes; Cathodes; Lithium Batteries; Polyelectrolytes; Solid Electrolytes; Solid State Devices; Solid-state Batteries; Active Alkali; Asymmetric Structures; High Safety; High-voltage Cathodes; Higher Energy Density; Lithium Metals; Portable Electronic Devices; Recent Progress; Road Vehicle Electronics; Solid-state Electrolyte; Lithium"
"Rechargeable zinc-air batteries with neutral electrolytes: Recent advances, challenges, and prospects","2021","EnergyChem","92","10.1016/j.enchem.2021.100055","https://www.scopus.com/inward/record.uri?eid=2-s2.0-85121343582&doi=10.1016%2Fj.enchem.2021.100055&partnerID=40&md5=d135f4a4f1f1a0ceac23eaa8019a9c37","Rechargeable zinc-air batteries (R-ZABs) are attractive for many essential energy storage applications – from portable electronics, electric vehicles to incorporation of renewable energy due to their high energy storage density, abundant raw materials, and inherent safety. However, alkaline electrolytes cause critical obstacles in realizing a long battery life. Thus, neutral electrolytes are attracting growing interest. However, the current understandings of R-ZABs in neutral/near-neutral electrolytes are far behind those in alkaline electrolytes. This review summarizes the latest research progress of neutral electrolytes used in R-ZABs, including aqueous inorganic and organic salt solutions, water-in-salt electrolytes, and quasi-solid electrolytes based on polymer hydrogels. Research efforts in improving the stability of Zn anodes in neutral electrolytes are also reviewed. Reaction mechanisms of oxygen reduction and evolution reactions in alkaline and neutral electrolytes are compared in the context of R-ZABs, together with a summary of potential oxygen electrocatalysts applicable in neutral conditions. Different device configurations are introduced. We further provide our perspectives on future research directions of R-ZABs with neutral electrolytes. © 2022 Elsevier B.V., All rights reserved.","Neutral Electrolyte; Oxygen Electrocatalyst; Rechargeable; Zinc Metal Electrode; Zinc-air Battery; Electrodes; Electrolytic Reduction; Energy Storage; Oxygen; Polyelectrolytes; Solid Electrolytes; Zinc; Zinc Air Batteries; Alkaline Electrolytes; Energy Storage Applications; Metal Electrodes; Neutral Electrolytes; Oxygen Electrocatalyst; Rechargeable; Rechargeable Zinc-air Batteries; Zinc Metal; Zinc Metal Electrode; Zinc-air Battery; Electrocatalysts"
"Metal-organic frameworks for C6–C8 hydrocarbon separations","2021","EnergyChem","109","10.1016/j.enchem.2021.100057","https://www.scopus.com/inward/record.uri?eid=2-s2.0-85108176848&doi=10.1016%2Fj.enchem.2021.100057&partnerID=40&md5=3b5509154259dd6e8a2788325e2a1101","Hydrocarbon separations are crucial to the chemical industry for the production of valuable feedstocks. However, their structural and chemical similarities have proven daunting challenges to incumbent separation technologies, which are energy- and capital-intensive. Approaches capable of discerning and exploiting minute differences in isomeric hydrocarbons, in particular, may provide solutions to this problem. Metal-organic frameworks (MOFs) integrating the merits of tunable pore size at sub-angstrom scale and pore chemistry in confined spaces have presented promising prospects in adsorptive separation to recognize the minor differences in gas molecules via the judicious design and functionalization. In this Review, we explore the usage of MOFs for the underexplored adsorptive separation of hydrocarbons in the liquid/vapor phase, especially for C6 and C8 isomers. The in-depth insights into the structure-property relationship and the dominant mechanisms, including host-guest interaction modes for the effective adsorption of C6 and C8 hydrocarbons, are systematically discussed. Finally, the effectiveness and scope to translate such design strategies into other systems and the perspective on future development in MOFs for separation are provided. © 2022 Elsevier B.V., All rights reserved.","Chemical Industry; Isomers; Metal-organic Frameworks; Organic Polymers; Pore Size; Separation; Adsorptive Separation; Chemical Similarity; Confined Space; Energy; Gas Molecules; Hydrocarbon Separation; Metalorganic Frameworks (mofs); Separation Technologies; Structural Similarity; Tunables; Hydrocarbons"
"Turning metal-organic frameworks into efficient single-atom catalysts via pyrolysis with a focus on oxygen reduction reaction catalysts","2021","EnergyChem","96","10.1016/j.enchem.2021.100056","https://www.scopus.com/inward/record.uri?eid=2-s2.0-85119508645&doi=10.1016%2Fj.enchem.2021.100056&partnerID=40&md5=dea146819532422652a626700722edb8","Single-atom catalysts (SACs) have attracted extensive attention because of their maximal atom utilization, unique electronic structure and high activity. Metal-organic frameworks (MOFs) could be used as perfect self-sacrificed precursors/templates for preparing SACs due to their uniformly distributed and spatially separated metal nodes and organic linkers as well as designable pore structures. Recently, numerous studies have been devoted to utilizing MOFs to prepare SACs through pyrolysis. Herein, this review summarizes the most recent strategies of turning selected MOFs into SACs, focusing on oxygen reduction reaction (ORR) catalysts. First, the inherent metal sites in MOFs are directly turned into single-atom sites via the high-temperature treatment with/without acid etching. Second, additional metal precursors are introduced into MOFs by various methods to further supplement active sites in the obtained SACs. Third, nonmetal heteroatom-rich (i.e., N, P and S) precursors are combined with MOFs to provide more coordination sites to anchor metal atoms. Finally, perspectives on future opportunities for selecting and designing MOFs as SAC precursors are also proposed. © 2022 Elsevier B.V., All rights reserved.","Electrocatalysis; Metal-organic Frameworks; Oxygen Reduction Reaction; Pyrolysis; Single-atom Catalysts; Atoms; Electrocatalysis; Electrolytic Reduction; Electronic Structure; Etching; Metal-organic Frameworks; Metals; Oxygen; Pore Structure; Pyrolysis; Atom Utilization; Electronic.structure; High Activity; Metalorganic Frameworks (mofs); Organic Linkers; Oxygen Reduction Reaction; Single-atom Catalyst; Single-atoms; Structure Activity; ]+ Catalyst; Catalysts"
"Effects of functional supports on efficiency and stability of atomically dispersed noble-metal electrocatalysts","2021","EnergyChem","31","10.1016/j.enchem.2021.100054","https://www.scopus.com/inward/record.uri?eid=2-s2.0-85106555873&doi=10.1016%2Fj.enchem.2021.100054&partnerID=40&md5=4ad40d498641ee4d5c20df803a1071f3","Atomically dispersed metal catalysts (ADCs), particularly of noble metal, have unique catalytic properties such as maximized atom efficiency, high catalytic activity, and superior selectivity. In ADCs, the metal centers are in intimate contact with the support, hence, the support significantly affects the catalytic behavior of the ADCs by participating in reactions, either directly or indirectly. Therefore, for electrocatalytic reactions, thorough understanding of the function of the supports is required in designing effective ADCs with superior activity and stability. In this review, we summarize and discuss the functions of supports in several synthesis strategies and electrocatalytic reactions of atomically dispersed noble-metal catalysts. We outline various synthesis strategies, and identify a need for a suitable design of the support to stabilize the atom-dimension metal structure. Furthermore, we describe (electro)catalysis of ADCs, with focus on support-derived factors that affect the catalytic performance of the ADCs, such as strong metal-support interaction (SMSI), geometric effects of atom-dimension structure, local environment near metal centers, and chemical properties of supports. Finally, we identify current challenges and future prospects of functional supports in ADCs. © 2022 Elsevier B.V., All rights reserved.","Atomically Dispersed Catalyst; Electrocatalytic Reactions; Ensemble; Functional Support; Noble Metal; Single Atom; Strong Metal-support Interaction; Catalyst Activity; Catalyst Selectivity; Efficiency; Electrocatalysis; Electrocatalysts; Precious Metals; Atomically Dispersed Catalyst; Dispersed Metals; Electrocatalytic Reactions; Ensemble; Functional Support; Metal Catalyst; Metal Centres; Single-atoms; Strong Metal-support Interaction; ]+ Catalyst; Atoms"
"Noble metal-free electrocatalytic materials for water splitting in alkaline electrolyte","2021","EnergyChem","126","10.1016/j.enchem.2021.100053","https://www.scopus.com/inward/record.uri?eid=2-s2.0-85116945653&doi=10.1016%2Fj.enchem.2021.100053&partnerID=40&md5=8802a3444e0ad319b3021439476ee933","Electrochemical water splitting in alkaline media provides a promising pathway for sustainable hydrogen production that is enssential for a future hydrogen economy. However, the slow reaction rate of hydrogen reaction in alkaline media, and unfavorable kinetics for oxygen evolution reaction have hindered the progress of water splitting technologies for clean hydrogen production. Considering the high price and scarce storage of noble metals which are known as the most effective catalysts for water splitting, it is urgently required to develop non-noble metals based alternatives with highly intrinsic acivity, low price and high tolerance to increase electrocatalytic efficiency and reduce the reaction overpotential from an economic perspective. In this review, we summarize recent research efforts in exploiting advanced transition metal based electrocatalysts with outstanding performance for water splitting catalysis, mainly including transition-metal-based chalcogenides, phosphides, nitrides and carbides as well as single atom catalysts. First, we give a simple description of water splitting mechanism in alkaline media. Then we discuss the promising structural design of transition metal based electrocatalysts for enhancing water splitting, and disclose the underlying relationship between structure and electrocatalytic performance for water splitting with assistance of theoretical simulation. Finally, we provide our personal perspective to highlight the challenges and propose the opportunities for developing transition metal based electrocatalysts for water splitting in alkaline solution. © 2022 Elsevier B.V., All rights reserved.","Alkaline Water Splitting; Structure Design; Transition-metal-based Catalysts; Carbides; Electrolysis; Electrolytes; Hydrogen Production; Phosphorus Compounds; Precious Metals; Reaction Kinetics; Structural Design; Alkaline Media; Alkaline Water; Alkaline Water Splitting; Electrocatalytic Materials; Metal Free; Metal-based Catalysts; Structure Design; Transition-metal-based Catalyst; Water Splitting; ]+ Catalyst; Electrocatalysts"
"The rising zinc anodes for high-energy aqueous batteries","2021","EnergyChem","129","10.1016/j.enchem.2021.100052","https://www.scopus.com/inward/record.uri?eid=2-s2.0-85107129301&doi=10.1016%2Fj.enchem.2021.100052&partnerID=40&md5=4e01b8b1060baa0df9ffa4a9ae05ddf9","Aqueous zinc-metal batteries have gained widespread attention because of their high safety, large capacity, cost effectiveness, and environmental friendliness. However, zinc anodes have long encountered with dendrite formation, inferior cycle life and low coulombic efficiency, which severely hinder the practical application. Here, the latest advances of zinc metal anodes for aqueous zinc-metal batteries are reviewed. The merits of zinc metal anodes, the reaction mechanisms in different media, and the issues faced are firstly summarized. Then the prominent progresses of zinc anodes in aqueous media are highlighted, including electrolyte optimization, host construction, interface modification, anode structure design, and working model regulation. Finally, the remaining challenges of zinc anodes are fully discussed, and the future perspectives of pursing stable zinc metal anodes by integrating multi-strategies, conducting in situ study of zinc plating/stripping behavior, exploring advanced cathode materials, and developing smart devices are also provided. © 2022 Elsevier B.V., All rights reserved.","Corrosion; Hydrogen Evolution; Zinc Dendrite; Zinc Metal Anodes; Zinc-metal Batteries; Anodes; Cathodes; Cost Effectiveness; Electrolytes; Metals; Aqueous Batteries; Energy; Hydrogen-evolution; Metal Anodes; Zinc Anodes; Zinc Dendrites; Zinc Metal; Zinc Metal Anode; Zinc-metal Battery; Corrosion"
"Rechargeable Al-ion batteries","2021","EnergyChem","76","10.1016/j.enchem.2020.100049","https://www.scopus.com/inward/record.uri?eid=2-s2.0-85106511065&doi=10.1016%2Fj.enchem.2020.100049&partnerID=40&md5=df27ce80baa9927a0d2ed5fd41a34641","Aluminum (Al) is the most abundant metal element in earth crust, together with low cost and high safety. Al-ion batteries (AIBs) have been regarded as potential alternatives to lithium-ion batteries (LIBs) in large scale applications and attracted much attention in current days. In this review, recent developments of AIBs including the electrolyte exploration, electrode design and Al protection are summarized. Both aqueous and non-aqueous electrolytes exhibit important benefits for AIBs, especially ionic liquid electrolytes with high stripping/plating efficiency, which are preferentially discussed here. Furthermore, we highlight the design principles and electrochemical mechanism for carbons, metal compounds as well as new-type positive electrode materials for high-performance AIBs. Besides, we focus on the negative electrode protection with suitable coating layers to reduce dendrite formation and improve electrochemical activation of Al negative electrodes. The accessible characterization techniques that promote the development of AIBs are discussed. Finally, prospects and outlooks of AIBs towards theoretical investigations and practical applications are provided. © 2022 Elsevier B.V., All rights reserved.","Al Protection; Al-ion Batteries; Electrode Design; Electrolyte Exploration; Aluminum Coatings; Electrochemical Electrodes; Ionic Liquids; Ions; Lithium-ion Batteries; Structural Geology; Al-ions; Aluminum Ions; Aluminum Protection; Aluminum-ion Battery; Earth's Crust; Electrode Design; Electrolyte Exploration; Ion Batteries; Metal Elements; Negative Electrode; Electrolytes"
"Enhanced solar-to-chemical energy conversion of graphitic carbon nitride by two-dimensional cocatalysts","2021","EnergyChem","111","10.1016/j.enchem.2021.100051","https://www.scopus.com/inward/record.uri?eid=2-s2.0-85105846819&doi=10.1016%2Fj.enchem.2021.100051&partnerID=40&md5=45ced51c24b8a34e4f59b071da103d4f","The appropriate band structure endows graphitic carbon nitride (g-C<inf>3</inf>N<inf>4</inf>) with benign redox ability and visible light response, resulting in its popularity in photocatalysis. Given the inferior solar-to-chemical (STC) energy conversion of single-component g-C<inf>3</inf>N<inf>4</inf>, loading cocatalysts is serviceable in advancing its photocatalytic activity. In particular, two-dimensional (2D) cocatalysts that could form 2D/2D heterojunctions with g-C<inf>3</inf>N<inf>4</inf> stand out due to several advantages in which the large-area contact interface with g-C<inf>3</inf>N<inf>4</inf> predominates. Herein, the basic information of g-C<inf>3</inf>N<inf>4</inf> was first introduced. Then, representative 2D cocatalysts (e.g., graphene, graphdiyne, molybdenum disulfide, black phosphorus, and MXenes) used to strengthen the STC energy conversion of g-C<inf>3</inf>N<inf>4</inf> were presented. Afterwards, the foremost achievements of g-C<inf>3</inf>N<inf>4</inf> decorated with 2D cocatalysts in STC energy conversion were described in terms of photocatalytic hydrogen evolution, carbon dioxide reduction, hydrogen peroxide production, and nitrogen fixation. Finally, the future development and challenge of photocatalysts decorated with 2D cocatalysts were prospected. This paper could hopefully deepen the readers’ understanding of 2D cocatalysts in photocatalysis and attach importance to 2D cocatalysts described in this paper and many others not mentioned. © 2022 Elsevier B.V., All rights reserved.","2d Cocatalyst; 2d/2d Heterojunction; Energy Conversion; G-c3n4; Photocatalysis; Carbon Dioxide; Carbon Nitride; Energy Conversion; Hydrogen Production; Layered Semiconductors; Molybdenum Disulfide; Nitrogen Fixation; Photocatalytic Activity; Pollution Control; 2d Cocatalyst; 2d/2d Heterojunction; Chemical Energy; Co Catalysts; G-c3n4; Graphitic Carbon Nitrides; Photocatalytic Activities; Single Components; Two-dimensional; Visible-light-response; Heterojunctions"
"Bimetallic nanoparticles as cocatalysts for versatile photoredox catalysis","2021","EnergyChem","151","10.1016/j.enchem.2020.100047","https://www.scopus.com/inward/record.uri?eid=2-s2.0-85105733800&doi=10.1016%2Fj.enchem.2020.100047&partnerID=40&md5=60c2f269c0e0209a7ead9d43646a2b38","Semiconductor photocatalysis is considered as a cutting-edge research topic for the production of value-added fuels and chemicals to confront the global energy crisis. In order to improve the solar-to-chemical conversion efficiency of pristine semiconductors, combining them with cocatalysts to form heterostructures has been extensively investigated. Among studied formulations, bimetallic nanoparticles (NPs), featuring enhanced light harvesting, efficient capture of photogenerated electrons and abundant surface active sites are ideal cocatalysts to improve the photocatalytic performance of semiconductor-based photocatalysts. In this review, we begin with a concise overview of representative synthesis and characterization methods of bimetallic NPs. Then, we predominantly summarize the typical applications of semiconductor/bimetallic NPs-based composites in photoredox catalysis, including hydrogen evolution, carbon dioxide reduction, selective organic synthesis and environmental remediation. In particular, we highlight the regulatory effects of parameters of bimetallic NPs (composition, structure, morphology, size, atomic arrangement, loading position, etc.) on the photocatalytic activity and selectivity. Finally, the remaining challenges and future perspectives for the utilization of bimetallic NPs in photoredox catalysis are discussed and anticipated to stimulate the sparkling ideas in the construction of high-efficiency semiconductor/bimetallic NPs-based photocatalytic systems. © 2022 Elsevier B.V., All rights reserved.","Bimetallic Nanoparticles; Highly Efficient Cocatalysts; Photocatalytic Applications; Synergistic Effect; Carbon Dioxide; Energy Policy; Nanoparticles; Photocatalytic Activity; Pollution Control; Bimetallic Nanoparticles; Co Catalysts; Cutting Edges; Global Energy; Highly Efficient Cocatalyst; Photocatalytic Application; Photoredox Catalysis; Research Topics; Semiconductor Photocatalysis; Synergistic Effect; Morphology"
"Catalytic conversion of C1 molecules under mild conditions","2021","EnergyChem","55","10.1016/j.enchem.2020.100050","https://www.scopus.com/inward/record.uri?eid=2-s2.0-85105343956&doi=10.1016%2Fj.enchem.2020.100050&partnerID=40&md5=8d77de05637df3b3d30854f792a0e0c8","C1 catalysis based on the transformation of methane, carbon monoxide, methanol and carbon dioxide offers great potential for the sustainable production of fuels and chemicals in response to the decrease of the energy consumption and plant maintenance. While the relatively inert nature of C–H and C–O bond (e.g., methane and carbon dioxide) and uncontrollable coupling of C–C bond render the selective activation and controllable transformation of C1 molecules to high-value-added products challenging in C1 chemistry. Catalytic conversion of C1 energy molecules under mild conditions enables a better control of the selectivity of the desired products, however, which requires highly active catalysts to lower the reaction energy barriers. Besides designing efficient catalysts to promote C1 molecules conversion, employing electro-catalysis and photo-catalysis to circumvent the thermodynamic limitations is regarded as promising ways for C1 catalysis at low temperatures. Benefiting from the advanced technology for catalyst synthesis, reactor design, mechanism understanding, catalytic conversion of C1 molecules under mild conditions has made significant progress from 2010 to 2020. In this review, we summarized the typical catalytic processes and representative catalysts for transforming methane, carbon monoxide, methanol and carbon dioxide into high value-added chemicals with a reaction temperatures below 200 °C driven by thermo-catalysis, electro-catalysis, and photo-catalysis. Besides, a short perspective is offered to highlight possible future research directions towards C1 molecules conversion under mild conditions. It is expected to provide a useful reference for the readers to design better catalysts and reaction process for mild conversion of C1 molecules efficiently in future. © 2022 Elsevier B.V., All rights reserved.","Active Sites; C1 Catalysis; Mild Reaction Conditions; Reaction Mechanism; Carbon Dioxide; Carbon Monoxide; Catalysis; Catalyst Selectivity; Chemical Bonds; Energy Utilization; Methane; Methanol; Methanol Fuels; Synthesis (chemical); Active Site; C1 Catalyse; Catalytic Conversion; Condition; Electro Catalysis; Mild Reaction Conditions; Photo-catalysis; Reaction Mechanism; Sustainable Production; ]+ Catalyst; Molecules"
"Covalent organic framework based lithium-ion battery: Fundamental, design and characterization","2021","EnergyChem","143","10.1016/j.enchem.2020.100048","https://www.scopus.com/inward/record.uri?eid=2-s2.0-85104463278&doi=10.1016%2Fj.enchem.2020.100048&partnerID=40&md5=d02fa5aafc7b5a08941ec0d76c2d80bb","Lithium-ion batteries have become a staple in modern technology. Development of the next-generation batteries with higher energy storage capacity, light weight, and long lifetime is highly dependent on the advancement of novel materials utilized in each battery component. A recently emerging approach has been to utilize Covalent Organic Frameworks (COFs) to rationally design cathode, anode, and electrolyte materials for LIBs. COFs have many desirable properties, such as porosity, robust backbone, and customizable structure, for applications in LIBs. In this review, we discuss the electrochemical characterization of lithium ion batteries, general COF design principles, and examples of COF-based cathodes, anodes, and electrolytes to highlight the great potential and current obstacles in this rapidly developing field. © 2022 Elsevier B.V., All rights reserved.","Covalent Organic Framework; Electrochemistry; Lithium-ion Battery; Organic Electrode; Redox Active; Anodes; Cathodes; Electrolytes; Ions; Redox Reactions; Cathodes Material; Covalent Organic Frameworks; Energy Storage Capacity; Fundamental Design; Light Weight; Long Lifetime; Modern Technologies; Novel Materials; Organic Electrodes; Redox-active; Lithium-ion Batteries"
"Recent advances in stability of organic solar cells","2021","EnergyChem","84","10.1016/j.enchem.2020.100046","https://www.scopus.com/inward/record.uri?eid=2-s2.0-85103153790&doi=10.1016%2Fj.enchem.2020.100046&partnerID=40&md5=47067b9b5fddc5c55d53288dd234cd69","Organic solar cells have achieved rapid development over the last few years, benefitting from the emerging of new non-fullerene acceptors (NFAs). The reported power conversion efficiency of OSCs has achieved over 18% up to now, however, the inferior stability issue restricts its commercialization, which stimulates the interest of scientists to explore it in-depth as well. Thus, we discuss the mechanisms of the instability in OSC devices, comprehensively summarize the progress of OSC stability in recent years and propose a series of solutions that improve the stability in this review. Although the highly-stable OSCs with extrapolated lifetime over several decades have been reported, the biggest drawback of them is the insufficient PCE. Thereby, investigating efficient OSCs with high-stability is required. We expect this review can provide some guidelines to address the instability of OSCs for feasible commercialization in the future. © 2022 Elsevier B.V., All rights reserved.","Mechanism; Organic Solar Cells; Outlook; Progress; Stability; Stability; Commercialisation; Highly Stables; Outlook; Power Conversion Efficiencies; Progress; Stability Issues; Organic Solar Cells"
"Recent progress and perspectives of defective oxide anode materials for advanced lithium ion battery","2020","EnergyChem","77","10.1016/j.enchem.2020.100045","https://www.scopus.com/inward/record.uri?eid=2-s2.0-85120862219&doi=10.1016%2Fj.enchem.2020.100045&partnerID=40&md5=f436047d864bb3a7ae192122659539e9","Lithium ion batteries (LIBs) have become an indispensable part of human development and our lives, from spaceships to deep-sea submersibles as well as ordinary electronics. Since it was proposed in the 1970s and commercialized in 1991, LIBs have been pursuing higher energy, higher power, higher safety and higher durability. Therefore, there is an urgent need to develop more efficient anode materials to overcome the capacity and rate bottlenecks of commercial graphite. Oxide anodes stand out in terms of high capacity and working potential, e.g., Li<inf>4</inf>Ti<inf>5</inf>O<inf>12</inf> has been a high-performance safe anode material. Yet developed early, most of oxide anodes suffer from low conductivity, low initial coulombic efficiency and large volume change during lithium/delithiation process. Recently, defect engineering has significantly improved the performance of oxide anodes and alleviated the above problems. In this review, we present the fundamentals, challenges and recent research progress on defective oxide anodes of LIBs. Firstly, the development history of LIBs and oxide anode is briefly introduced. Then, the definition, classification, preparation method, structure-function relationship between defect structure and electrochemical performance are introduced in detail, as well as the development perspective of defect oxide anode. © 2022 Elsevier B.V., All rights reserved.","Anode Material; Defective Oxide; Lithium-ion Battery; Oxygen Vacancy; Anodes; Defects; Ions; Lithium Compounds; Oxygen; Titanium Compounds; Advanced Lithium-ion Batteries; Anode Material; Deep-sea Submersibles; Defective Oxides; Energy; High Power; Human Development; Oxide Anode; Performance; Recent Progress; Lithium-ion Batteries"
"Recent advances on TiO2-based photocatalytic CO2 reduction","2020","EnergyChem","87","10.1016/j.enchem.2020.100044","https://www.scopus.com/inward/record.uri?eid=2-s2.0-85103393237&doi=10.1016%2Fj.enchem.2020.100044&partnerID=40&md5=eb3371e67bf84b39189f62bdafe8debe","The sufficient supply of energy remains one of the most important challenges for a sustainable development of our society. In this respect, capturing sunlight energy by photocatalytic reduction of the greenhouse gas CO<inf>2</inf> is interesting. In a more general way, the smart use of CO<inf>2</inf> as C<inf>1</inf>-feedstock and its conversion to valuable carbon-based materials and energy sources can be the basis to establish a closed-CO<inf>2</inf> cycle. This review summarizes recent advances in photocatalytic utilization of CO<inf>2</inf> catalyzed by most prominent TiO<inf>2</inf> based systems. The influences of different structures (i.e. crystal phase, morphology, vacancies, and defects), co-catalysts, and reaction conditions onto the catalyst performance are specifically highlighted. Furthermore, the reader attention is drawn to the oxidation counter reaction, which has been often neglected in the past. © 2022 Elsevier B.V., All rights reserved.","C1 Products; Carbon Dioxide; Photocatalysis; Reduction; Titanium Dioxide; Carbon Dioxide; Catalysts; Greenhouse Gases; Photocatalysis; % Reductions; C1 Product; Carbon Based Materials; Co 2 Reduction; Energy; Energy Source; Greenhouses Gas; Material Sources; Photo-catalytic; Photocatalytic Reduction; Titanium Dioxide"
"Multifunctional porous aromatic frameworks: State of the art and opportunities","2020","EnergyChem","57","10.1016/j.enchem.2020.100037","https://www.scopus.com/inward/record.uri?eid=2-s2.0-85102534718&doi=10.1016%2Fj.enchem.2020.100037&partnerID=40&md5=84f257e3e40b3afcfa8248768e8e3b60","Porous aromatic frameworks (PAFs) are amorphous porous materials that are known for their large surface area, versatile structure, and high thermal/chemical stability. PAFs are constructed via a bottom-up approach from rigid organic building units that have a predesigned geometry and are connected through irreversible C−C bonds. Due to their intriguing and tailorable structures, PAFs are widely deployed in catalysis, ion/molecule storage, and many other valuable applications. This review summarizes the recent progress on PAFs and PAF derivatives, including their design, synthesis, and applications. We conduct a detailed correlation investigation between the structural and chemical features of PAFs and their potential functions. The significant advantages (and disadvantages) and opportunities of PAFs are also discussed for the development of next-generation porous materials in the future for practical applications. © 2022 Elsevier B.V., All rights reserved.","Adsorption And Separation; Catalysis; Paf Derivatives; Porous Aromatic Frameworks; Storage; Aromatic Compounds; Aromatization; Porous Materials; Adsorption And Separation; Bottom Up Approach; Building Units; High Thermal; Large Surface Area; Organics; Paf Derivative; Porous Aromatic Framework; State Of The Art; Thermal/chemical Stability; Catalysis"
"Hole (donor) and electron (acceptor) transporting organic semiconductors for bulk-heterojunction solar cells","2020","EnergyChem","80","10.1016/j.enchem.2020.100042","https://www.scopus.com/inward/record.uri?eid=2-s2.0-85097460323&doi=10.1016%2Fj.enchem.2020.100042&partnerID=40&md5=13a89e0d0bdd1d134eacc90ace39bbfc","The field of bulk heterojunction (BHJ) organic photovoltaics (OPVs) or solar cells (OSCs) has experienced a dramatic advance toward a competitive technology reflecting the introduction of new materials, tuning of materials combinations, and optimization of the device architecture. Thus, binary BHJ OSCs with power conversion efficiencies surpassing 18% have been demonstrated. In this review we discuss recent developments in the area of π-conjugated small-molecule and polymeric semiconductors for organic BHJ-OSCs focusing on both electron-donor (hole-transporting) and electron-acceptor (electron-transporting) semiconductors developed during the past three years. Thus, several families of semiconductor materials including donor-acceptor (D-A) polymers, fullerene, and non-fullerene acceptors (NFAs) are reviewed including their combination for polymer-fullerene, donor polymer-NFA, all-small molecule, and all-polymer solar cells. © 2022 Elsevier B.V., All rights reserved.","Acceptor; Donor; Fullerene; Nfa; Organic Semiconductor; Photovoltaic; Solar Cell; Conjugated Polymers; Electrons; Heterojunctions; Molecules; Organic Semiconductor Materials; Polymer Solar Cells; Solar Power Generation; Acceptor; Bulk Heterojunction; Bulk-heterojunction Solar Cells; Donor; Donor/acceptor; Electron-acceptor; Non-fullerene Acceptor; Organic Photovoltaics; Photovoltaics; Polymer-fullerene; Fullerenes"
"Unique structural advances of graphdiyne for energy applications","2020","EnergyChem","65","10.1016/j.enchem.2020.100041","https://www.scopus.com/inward/record.uri?eid=2-s2.0-85095843619&doi=10.1016%2Fj.enchem.2020.100041&partnerID=40&md5=746ba626aed5c6e8141dea86e5d10df8","Different from other carbon allotropes, graphdiyne (GDY) features topological sp- and sp2-hybridized carbon atoms. With the unique structural advances, a charming electronic behavior has been presented by GDY, which has shown great improvement for various energy-related fields. Inspired by this, it is time to summarize the structure-induced property enhancement. Firstly, different stacking configurations in GDY can induce specific electronic properties, bringing promising energy application. Secondly, uniform pores provide enough sites for anchoring atoms and nanoparticles, enriching the diversity of materials. Thirdly, the sufficient alkynyl groups offer active sites for doping and grafting, providing possibilities for the precise design at the molecular level. Lastly, we propose some perspectives for future trends on GDY. Through this review, we hope to provide a guideline for rational design on GDY-based materials and reveal the structure-performance relationship between functionalized GDY and energy conversion/storage. © 2022 Elsevier B.V., All rights reserved.","Alkynyl Modification; Energy Application; Graphdiyne; Pore Structure; Precise Synthesis; Carbon; Electronic Properties; Energy Conversion; Structural Design; Alkynyl Modification; Alkynyls; Carbon Allotropes; Carbon Atoms; Electronic Behaviors; Energy; Energy Applications; Graphdiyne; Pores Structure; Precise Synthesis; Pore Structure"
"Nitrogen-doped nanostructured carbons: A new material horizon for water desalination by capacitive deionization","2020","EnergyChem","109","10.1016/j.enchem.2020.100043","https://www.scopus.com/inward/record.uri?eid=2-s2.0-85092005977&doi=10.1016%2Fj.enchem.2020.100043&partnerID=40&md5=0de54f5739927e7cd0f5395ef5c4c872","Capacitive deionization (CDI) is regarded as a novel, low-cost, and environmentally friendly technique that plays a critical role in desalination and water treatment. Although much progress has been achieved, the development of better CDI technologies, especially through the design and synthesis of various porous carbonaceous materials with enhanced CDI performance, continues to attract increasing interest within the scientific fraternity. Considering that previous traditional porous carbons might suffer from deficient salt adsorption capacity, the nitrogenization of porous carbons, which brings new opportunities for CDI applications, has emerged as an effective strategy to modify the surface characteristics of porous carbons and ultimately improve their CDI performance. This review summarizes the recent significant breakthroughs on the construction of NCs, including in situ doping and post-treatment strategies, and their practices in the field of CDI to impart a comprehensive understanding of the strategic evolution of the synthetic approaches to nitrogen-doped carbons (NCs) with remarkable CDI characteristics. We present an exhaustive analysis of newly synthesized NCs and the impact of their compositional and structural features on their CDI performance; further, we highlight a special emphasis on the possible role of nitrogen dopants in the CDI process. In addition to elucidating the state-of-the-art CDI applications, we address the remaining challenges, and finally, the possible direction for the use of NCs for CDI is described to provide some useful clues for future developments in this promising field. © 2022 Elsevier B.V., All rights reserved.","Capacitive Deionization; Material Design; Nitrogen-doped Carbons; Nitrogenization Strategies; Water Desalination; Doping (additives); Nitrogen; Porous Materials; Water Filtration; Water Treatment; Capacitive Deionization; Carbon A; Materials Design; Nanostructured Carbons; Nitrogen-doped; Nitrogen-doped Carbons; Nitrogenization Strategy; Performance; Porous Carbons; Water Desalination; Desalination"
"Defect engineering of the protection layer for photoelectrochemical devices","2020","EnergyChem","24","10.1016/j.enchem.2020.100039","https://www.scopus.com/inward/record.uri?eid=2-s2.0-85106224926&doi=10.1016%2Fj.enchem.2020.100039&partnerID=40&md5=c8e23e76cb709a27000242ae61b65d9d","Photoelectrochemical (PEC) device integrated by solar absorber and catalyst is an economically viable solution for storing the solar energy into the fuel, synthesizing the chemical production, and purifying the environment. However, the degradation of semiconductor-based photoelectrodes during PEC reactions is one of the largest limitations for the application of PEC devices. Facing this challenge, the most prevailing strategy is to construct the protection layer on the surface of semiconductor for insulating the semiconductor from the electrolyte. The development of defect engineering in the protection layer is used to further addresses the issues from the introduction of new layer, including light transmission, charge transfer, interfacial recombination and surface activity. This review aims to discuss recent advances in the defect engineering of protection layer for PEC devices. The types, characterization, role and utilization of the defects in the protection layer are discussed and summarized. Finally, the critical challenges and future perspective towards the development of the defect engineering of protection layer for PEC devices are analyzed. © 2022 Elsevier B.V., All rights reserved.","Defect Characterization; Defect Engineering; Efficiency; Photoelectrochemical Devices; Protection Layer; Stability; Charge Transfer; Defect Engineering; Light Transmission; Photoelectrochemical Cells; Semiconductor Devices; Solar Absorbers; Solar Energy; Chemical Production; Defect Characterization; Economically Viable; Photoelectrochemical Devices; Photoelectrochemical Reaction; Photoelectrode; Protection Layers; Viable Solutions; ]+ Catalyst; Electrolytes"
"Metal-free electrocatalysts for nitrogen reduction reaction","2020","EnergyChem","52","10.1016/j.enchem.2020.100040","https://www.scopus.com/inward/record.uri?eid=2-s2.0-85104433567&doi=10.1016%2Fj.enchem.2020.100040&partnerID=40&md5=1b27033ef81d3c268c6409137dd20d31","Ammonia is one of the most important chemicals in modern world for food supply, yet its production through nitrogen reduction is mainly relied on the Haber–Bosch process, requiring rigid reaction conditions including high temperature and pressure. Recently, electrocatalytic nitrogen fixation into ammonia has provoked wide attention due to its capability to be performed under mild condition, with the electricity as the only power input. Nevertheless, the conventional metal-based electrocatalysts normally suffers from their difficulty in balancing the competitive reactions of nitrogen adsorption/activation and hydrogen generation, hampering the ammonia production efficiency. Lately, metal-free electrocatalysts have turned up as a promising candidate for such an approach due to their highly controllable surface-structure and relatively sluggish hydrogen generation activity. In this review, we summarize recent progress in electrocatalytic nitrogen reduction reaction using metal-free electrocatalysts, with the particular emphasis on their electronic structure and microstructure modulations for ameliorating N<inf>2</inf> adsorption/activation and electron transfer. Finally, the challenges and future directions of metal-free catalyst for nitrogen reduction reaction are given. © 2022 Elsevier B.V., All rights reserved.","Electron Transfer; Metal-free Electrocatalyst; Nitrogen Adsorption; Nitrogen Reduction Reaction; Structure Modulation; Electrocatalysts; Electrolysis; Electronic Structure; Hydrogen Production; Metals; Modulation; Electrocatalytic; Electron Transfer; Haber-bosch Process; Hydrogen Generations; Metal-free Electrocatalysts; Nitrogen Adsorption; Nitrogen Reduction; Nitrogen Reduction Reaction; Reduction Reaction; Structure Modulation; Ammonia"
"Catalytic Effects in the Cathode of Li-S Batteries: Accelerating polysulfides redox conversion","2020","EnergyChem","59","10.1016/j.enchem.2020.100036","https://www.scopus.com/inward/record.uri?eid=2-s2.0-85103432015&doi=10.1016%2Fj.enchem.2020.100036&partnerID=40&md5=6496db71f3b778d4324e3ff3633085d4","Lithium-sulfur batteries (LSBs) are regarded as one of the most promising next-generation energy storage systems because of low cost, high energy density and high specific capacity. However, some inherent problems impede their commercial process, especially, the shuttle effect and the sluggish sulfur redox result in low Coulombic efficiency, self-discharge phenomenon, capacity fade and low sulfur utilization. Numerous efforts have been devoted on physical blocking and chemical adsorption for inhibiting of lithium polysulfides (LiPSs), which are not efficient enough for high sulfur-loading and ultra-long cycling life. In recent years, the concept of catalysis is proposed in LSBs, which can not only alleviate the shuttle effect, but also accelerate the redox kinetics and prolong the lifespan. Herein, we will highlight the catalytic effects in the cathode of LSBs comprehensively. Firstly, we introduce the electrochemistry mechanism of LSBs. Then, the main problems of LSBs are summarized in detail. Furthermore, we introduce the catalytic effects of electrode materials, and then divide the materials as metal-free and metal-based catalytic materials to give an insight in the rational design and catalytic effect of these materials. Finally, the challenge and future perspective of LSBs are discussed. © 2022 Elsevier B.V., All rights reserved.","Catalytic Materials; Lithium-sulfur Batteries; Redox Kinetics; Shuttle Effect; Cathodes; Costs; Lithium Batteries; Lithium Compounds; Polysulfides; Catalytic Effects; Catalytic Materials; Higher Energy Density; Lithium/sulfur Batteries; Low-costs; Polysulphides; Redox Conversion; Redox Kinetics; Shuttle Effect; Storage Systems; Lithium Sulfur Batteries"
"Realizing efficient carbon dioxide hydrogenation to liquid hydrocarbons by tandem catalysis design","2020","EnergyChem","48","10.1016/j.enchem.2020.100038","https://www.scopus.com/inward/record.uri?eid=2-s2.0-85102344908&doi=10.1016%2Fj.enchem.2020.100038&partnerID=40&md5=379dc3f404e1b1850560a49b6ccaa812","Carbon dioxide (CO<inf>2</inf>) hydrogenation to value added hydrocarbons remains a promising path to valorize the detrimental CO<inf>2</inf> from waste to useful energy resources and chemicals. Much progress has been made in the catalytic transformation of CO<inf>2</inf>, via hydrogenation, to short-chain products such as methane, methanol, formic acid, and lower olefins (C<inf>2</inf>−C<inf>4</inf>). However, the selective transformation of CO<inf>2</inf> into long-chain hydrocarbons (C<inf>5+</inf>) is still a great challenge and thus has seen few successful reports. In this perspective, we review the advances in the catalytic hydrogenation of CO<inf>2</inf> to liquid hydrocarbons, such as gasoline, jet fuel, diesel fuel, and aromatics. Emphasis is placed on strategies of tandem catalyst designs and reaction mechanisms and their influence on C–O bond cleaving and C–C coupling. Also, the fundamental factors influencing the performance of catalysts and C–C coupling mechanism that can improve selectivity for long-chain hydrocarbons through different routes are outlined. Finally, we present an outlook that summarizes the research challenges and opportunities associated with the hydrogenation of CO<inf>2</inf> to liquid hydrocarbons. © 2022 Elsevier B.V., All rights reserved.","Co2 Hydrogenation; Fischer−tropsch Synthesis; Liquid Hydrocarbons; Methanol Synthesis; Tandem Catalysis; Aromatic Hydrocarbons; Catalysis; Catalyst Selectivity; Energy Resources; Hydrogenation; Liquids; Methanol; Synthesis Gas Manufacture; C-c Coupling; Carbon Dioxide Hydrogenation; Catalytic Transformation; Chain Products; Co2 Hydrogenation; Liquid Hydrocarbons; Long Chain Hydrocarbons; Methanol Synthesis; Shorter Chains; Tandem Catalysis; Carbon Dioxide"
"MOF-based materials for photo- and electrocatalytic CO2 reduction","2020","EnergyChem","232","10.1016/j.enchem.2020.100033","https://www.scopus.com/inward/record.uri?eid=2-s2.0-85105716807&doi=10.1016%2Fj.enchem.2020.100033&partnerID=40&md5=c42548f89b2392db9f1831b254d87926","Metal–organic frameworks (MOFs) have attracted much attention in photo- and electrocatalytic CO<inf>2</inf> reduction into value-added chemicals. In this review, we specially focus on the active sites of MOF-based materials to achieve visible-light absorption and efficient charge separation for photocatalytic CO<inf>2</inf> reduction, and conductivity for electrocatalytic CO<inf>2</inf> reduction, respectively. Firstly, the unique characteristics of MOF-based materials for catalytic CO<inf>2</inf> reduction are introduced. Subsequently, an overview on the recent progress and development of MOF-based materials for catalytic CO<inf>2</inf> reduction are summarized by categorizing the types of the MOF-based materials and the origin of the active sites. The active metal nodes/clusters and organic ligands can be assembled in pristine MOFs for catalytic CO<inf>2</inf> reduction. Diverse active species are also popular to integrate with MOFs to form MOF composites for catalytic CO<inf>2</inf> reduction. Besides, MOFs and their composites are intensively explored as templates and/or precursors to synthesize MOF derivatives for catalytic CO<inf>2</inf> reduction. Finally, the challenges and perspectives for further development towards MOF-based materials for CO<inf>2</inf> reduction are proposed. We have tried our best to summarize the MOF-based materials for photo- and electrocatalytic CO<inf>2</inf> reduction, aiming to inspire further ideas and exploration in this research field. © 2022 Elsevier B.V., All rights reserved.","Electrocatalytic Co2 Reduction; Metal–organic Frameworks; Mof Composites; Mof Derivatives; Photocatalytic Co2 Reduction; Carbon Dioxide; Light Absorption; Organic Chemicals; Organometallics; Photocatalytic Activity; Co 2 Reduction; Electrocatalytic; Electrocatalytic Co2 Reduction; Metalorganic Frameworks (mofs); Metal–organic Framework Composite; Metal–organic Framework Derivative; Photo-catalytic; Photocatalytic Co2 Reduction; Metals"
"Covalent Organic Frameworks for Catalysis","2020","EnergyChem","221","10.1016/j.enchem.2020.100035","https://www.scopus.com/inward/record.uri?eid=2-s2.0-85102519805&doi=10.1016%2Fj.enchem.2020.100035&partnerID=40&md5=94896da0f738b917db930b4e9cca0821","Covalent organic frameworks (COFs) are an emerging class of crystalline porous polymers with pre-designed structures and tailored compositions. The adjustable porosities, high thermal and chemical stabilities, tunable functionalities and flexibility in installing catalytic active sites translate COFs into highly promising catalytic materials. In this review, we comprehensively elaborate the designed synthesis of COF-based catalysts and their applications in the field of chemical catalysis, photocatalysis and electrocatalysis. We further indicate the significant advantages of COFs in the catalytic studies, in reference to traditional catalysts. Finally, the challenges and prospects for developing COF-based catalysts are also discussed. © 2022 Elsevier B.V., All rights reserved.","Chemical Catalysis; Cof-based Catalysts; Covalent Organic Frameworks (cofs); Electrocatalysis; Photocatalysis; Catalysts; Crystalline Materials; Organic Polymers; Organometallics; Photocatalysis; Chemical Catalysis; Covalent Organic Framework; Covalent Organic Framework-based Catalyst; Covalent Organic Frameworks; High Thermal; Porous Polymers; Thermal And Chemical Stabilities; Tunables; ]+ Catalyst; Electrocatalysis"
"Defect suppression and passivation for perovskite solar cells: from the birth to the lifetime operation","2020","EnergyChem","34","10.1016/j.enchem.2020.100032","https://www.scopus.com/inward/record.uri?eid=2-s2.0-85102188683&doi=10.1016%2Fj.enchem.2020.100032&partnerID=40&md5=fe7b79b9d0a64315d808f251d30cde90","Organic-inorganic hybrid perovskite materials as a super star in the optoelectronics have showed great potential to lead a new photovoltaic technology revolution in the future. The main challenge blocking perovskite solar cells from industrialization is the instability issue, especially under heat, moisture, light or electric field conditions. The underlying mechanism for the current unsatisfactory stability performance is highly related to the defects in the solar cells. In particular, suppressing the defects evolvement in the perovskite absorbing layer is the key to maintain high power conversion efficiency (PCE) of solar cells due to the vulnerable and sensitive nature of perovskite materials. In this review, we analyzed the origins of defects in perovskite materials in the whole life cycle of perovskite devices and systematically discussed the effective strategies to eliminate or suppress the various intrinsic defects at three pivotal stages, namely, precursors, film fabrication and device operation. This review could potentially provide a new perspective for our peers to fabricate high-efficiency perovskite-based solar cells with stable performance, and further promoting the optimization and stabilization of perovskite related optoelectronics. © 2022 Elsevier B.V., All rights reserved.","Defect Passivation; Film Fabrication; High Efficiency; Perovskite Solar Cells; Stability; Defects; Efficiency; Electric Fields; Fabrication; Life Cycle; Organic-inorganic Materials; Passivation; Perovskite Solar Cells; %moisture; Blockings; Defect Passivation; Field Conditions; Film Fabrication; Higher Efficiency; Industrialisation; Organic/inorganic Hybrids; Photovoltaic Technology; Technology Revolution; Perovskite"
"Non-noble metal-based molecular complexes for CO2 reduction: From the ligand design perspective","2020","EnergyChem","92","10.1016/j.enchem.2020.100034","https://www.scopus.com/inward/record.uri?eid=2-s2.0-85094955774&doi=10.1016%2Fj.enchem.2020.100034&partnerID=40&md5=14d331da679c2bc15869bc85019d88a6","Molecular catalysts for electrochemical and photochemical CO<inf>2</inf> reduction have developed rapidly during the past two decades. Using non-noble metal (Ni, Co, Mn, Fe, and Cu) complexes as molecular catalyst, numerous catalytic systems have shown good catalytic performance for CO<inf>2</inf> reduction. It is useful to draw conclusions from the results of reported works and identify concepts that may provide future frameworks in catalyst design for CO<inf>2</inf> reduction. It is well-known that the ligand in molecular complexes is one of the key factors affecting catalytic performance. Modification of the ligand structure has become an important strategy to improve the catalytic performance. This review, beginning with a brief general introduction to molecular catalysis of CO<inf>2</inf> reduction, intends to reveal ligand effects of non-noble metal complexes on the catalytic performance for CO<inf>2</inf> reduction. The latest progress on both electrocatalytic and photocatalytic CO<inf>2</inf> reduction by non-noble metal complexes has been summarized, wherein, emphasis has been placed on the effect of ligands on catalyst efficiency, selectivity and stability. New developments involving immobilization of non-noble metal complexes on solid supports or electrodes have also been discussed. Finally, several constructive suggestions in designing efficient molecular catalysts for CO<inf>2</inf> reduction have been put forward. © 2022 Elsevier B.V., All rights reserved.","Co2 Reduction; Electrocatalysis; Molecular Complex; Non-noble Metal; Photocatalysis; Carbon Dioxide; Catalyst Selectivity; Copper Compounds; Electrocatalysis; Ligands; Metal Complexes; Reduction; Catalytic Performance; Co 2 Reduction; Co Complexes; Electrochemicals; Ligand Design; Molecular Catalysts; Molecular Complexes; Ni Complexes; Non-noble Metal; Photochemicals; Precious Metals"
"Conductive MOFs","2020","EnergyChem","258","10.1016/j.enchem.2020.100029","https://www.scopus.com/inward/record.uri?eid=2-s2.0-85122300743&doi=10.1016%2Fj.enchem.2020.100029&partnerID=40&md5=8082b3a70c0f5682d3b1cfacd24ce3eb","Metal-organic frameworks (MOFs) / porous coordination polymers (PCPs) have emerged as a new family of conductive solid materials with outstanding performances in a wide variety of applications, including fuel cells, batteries, supercapacitors, catalysts, sensors, electronics, thermoelectrics, and spintronics. Only in past 10 years, novel strategies have been developed, which allowed for the rational design of both electronically and proton-conductive MOFs. In this review, the recent progress of MOF-based electronic and protic conductors, including materials preparations, conductivity measurements, conductive mechanisms, and applications is summarized and highlighted. Besides, the important breakthroughs of the MOF-based conductors for charge and proton transport, as well as the current status and challenges in this arena are elaborated. © 2022 Elsevier B.V., All rights reserved.","Applications; Conducting; Conductive; Metal-organic Frameworks; Porous Coordination Polymer; Metal-organic Frameworks; Organic Polymers; Conducting; Conductive; Fuel Cell Batteries; Metalorganic Frameworks (mofs); Performance; Porous Coordination Polymer; Sensor Electronics; Solid Material; Thermoelectric; ]+ Catalyst; Fuel Cells"
"Redox polymers for rechargeable metal-ion batteries","2020","EnergyChem","142","10.1016/j.enchem.2020.100030","https://www.scopus.com/inward/record.uri?eid=2-s2.0-85106556283&doi=10.1016%2Fj.enchem.2020.100030&partnerID=40&md5=14c24c71985482341c7c650dac575dd4","Redox polymers have the advantages of potentially low-cost, flexibility, sustainability, high redox activity, good electrochemical reversibility and high energy density, which have been widely reported in energy storage devices. Their electrochemical properties can be easily tailored by molecular engineering. Herein, the polymers including conducting polymers, organosulfur polymers, radical polymers, carbonyl polymers, polymers of arylamines, polymers based on unsaturated C-N and C-C bonds are overviewed and their applications in various metal-ion (Li+, Na+, K+, Zn2+, Mg2+, Ca2+, Al3+) batteries are comprehensively summarized. By virtue of the advantage of molecular design, conjugated porous polymers are specifically highlighted due to the further enhancement of ionic diffusion and accommodation of inserted ions, which combine the merits of flexibility of organic/polymeric materials and the advantages of porous structures. In the last section, strategies for improving electrochemical properties of metal-ion batteries are discussed, followed by the prospects of key challenges and future trends of redox polymers as electrode materials for advanced electrochemical energy storage devices. © 2022 Elsevier B.V., All rights reserved.","Conjugated Polymers; Conjugated Porous Polymers; Metal-ion Batteries; Molecular Design; Redox Polymers; Conducting Polymers; Electrochemical Properties; Energy Storage; Metal Ions; Metals; Redox Reactions; Secondary Batteries; Conjugated Porous Polymer; Electrochemical Reversibility; Ion Batteries; Low-costs; Metal-ion Battery; Metals Ions; Molecular Design; Porous Polymers; Redox Activity; Redox Polymers; Conjugated Polymers"
"Development and challenge of advanced nonaqueous sodium ion batteries","2020","EnergyChem","50","10.1016/j.enchem.2020.100031","https://www.scopus.com/inward/record.uri?eid=2-s2.0-85104448300&doi=10.1016%2Fj.enchem.2020.100031&partnerID=40&md5=a5781904cce283225c10e83953565163","Room-temperature nonaqueous rechargeable sodium ion batteries (SIBs) were first studied in 1980s, which had undergone rapid revival since 2010 and could be considered as the most promising candidate for alternative to lithium ion batteries (LIBs) because of their similar chemistry and the abundant sodium reserves. Extensive efforts have been devoted in the last decade to the development of advanced SIBs including cathodes, anodes, electrolytes, as well as electrode/electrolyte interphases. Nowadays the development of SIBs comes at a critical period. Considerable encouraging works have been reported, however, several challenges still hinder their practical applications. In this review, we summarize and discuss the current progress on electrode materials and electrolytes for SIBs. To push forward their practical applications, several promising materials as well as the electrolytes are highlighted. At the end of this review, the crucial challenges and perspectives for advanced nonaqueous SIBs are also proposed. © 2022 Elsevier B.V., All rights reserved.","Anode; Electrolyte; Sodium Ion Batteries, Cathode; Cathodes; Electrolytes; Lithium-ion Batteries; Metal Ions; Sodium-ion Batteries; 'current; Anode Electrodes; Critical Periods; Development And Challenges; Electrode Material; Non-aqueous; Push Forwards; Sodium Ion Batteries; Sodium Ion Battery, Cathode; Anodes"
"Carbonaceous materials for electrochemical CO2 reduction","2020","EnergyChem","110","10.1016/j.enchem.2019.100024","https://www.scopus.com/inward/record.uri?eid=2-s2.0-85118493284&doi=10.1016%2Fj.enchem.2019.100024&partnerID=40&md5=9e0effaa0746a012d6222962e2b7b05d","Electrochemical CO<inf>2</inf> reduction reaction converts CO<inf>2</inf> into valuable chemical fuels, and has attracted quickly growing attention as a possible solution to mitigate the increasing atmospheric CO<inf>2</inf> concentration and close the broken carbon cycle. Its practical viability relies on the rational design and development of active, selective and durable electrocatalyst materials, preferably composed of earth abundant ingredients. Among different candidates, carbonaceous materials are of particular interest due to their earth abundance and low cost. In this review article, we overview the recent progress, current status and possible future research direction of carbonaceous materials for electrochemical CO<inf>2</inf> reduction. We start with fundamentals about electrochemical CO<inf>2</inf> reduction. They are then followed by detailed discussion about the research progresses of heteroatom (e.g., N, P, B and F) doped carbons and metal-nitrogen-carbon (e.g. Co-N-C and Fe-N-C) type materials. At last, a short perspective is offered to highlight possible future research directions. With this review, we hope to provide our readers a comprehensive picture of this quickly developing field. © 2022 Elsevier B.V., All rights reserved.","Carbonaceous Materials; Electrochemical Co2 Reduction; Heteroatom Doping; Metal-nitrogen-carbon (m-n-c) Materials; Carbon; Carbon Dioxide; Electrocatalysts; Iron Compounds; Reduction; Carbon Material; Carbonaceous Materials; Co 2 Reduction; Electrochemical Co2 Reduction; Electrochemicals; Heteroatom Doping; Heteroatoms; Metal-nitrogen-carbon Material; Nitrogen-carbon; Possible Futures; Nitrogen"
"Recent progress in metal-organic frameworks as active materials for supercapacitors","2020","EnergyChem","454","10.1016/j.enchem.2019.100025","https://www.scopus.com/inward/record.uri?eid=2-s2.0-85117782882&doi=10.1016%2Fj.enchem.2019.100025&partnerID=40&md5=23c924b0ab7c73246e46b1f935fe91e8","Metal-organic frameworks (MOFs), also quoted as porous coordination polymers (PCPs), are causing great concern in supercapacitors (SCs) field owing to their ultra-high surface-areas, tailorable pore-sizes and shapes, and diverse structural architectures. This review mainly focuses on the recent progress in various branches of MOFs materials including porous coordination networks, two-dimensional (2D) MOFs, entangled MOFs, polyoxometalate MOFs (POMOFs), heterometallic MOFs, and some new emerging MOFs, as well as their applications in SCs. The superiority and the deficiency of various MOF types were systematically introduced and summarized. Additionally, the challenges and perspectives relate to pristine MOFs and MOFs-based composites for the applications in SCs have also been discussed. We hope that our review could provide guiding frameworks to design and fabricate MOFs materials with more practical energy-storage applications. © 2022 Elsevier B.V., All rights reserved.","2d; Entangled; Heterometallic; Mofs; Pomofs; Supercapacitors; Metallic Compounds; Organic Polymers; Organometallics; Pore Size; 2d; Active Material; Entangled; Heterometallics; Metal Organic Framework Materials; Metalorganic Frameworks (mofs); Polyoxometalate Mof; Polyoxometalates; Porous Coordination Polymer; Recent Progress; Supercapacitor"
"Platinum-group-metal catalysts for proton exchange membrane fuel cells: From catalyst design to electrode structure optimization","2020","EnergyChem","209","10.1016/j.enchem.2019.100023","https://www.scopus.com/inward/record.uri?eid=2-s2.0-85115029581&doi=10.1016%2Fj.enchem.2019.100023&partnerID=40&md5=932d761e2d899071e693f4f01b7ed8e1","Proton exchange membrane fuel cells (PEMFCs) have attracted significant attention in the past three decades as a very promising power source for transportation applications. After tremendous efforts worldwide, fuel cell vehicles are now being pushed to the market. At the early stage of fuel cell vehicle pre-commercialization, however, the performance, cost, and durability of PEM fuel cells are still in the process of improvement. Understanding fundamentals of fuel cell electrocatalysis provides new insight into the choice and design of fuel cell materials and components with higher performance and durability. State of the art Pt based catalysts, carbon supports, proton conductive ionomers, and their structure effects are discussed in this review. The primary effort is made on the catalysts to increase oxygen reduction reaction (ORR) activity and durability by using low platinum-group metal (PGM) catalysts. The size effect and a variety of nanostructures (e.g., core-shell, Pt skin, dealloyed, monolayer, polyhedron facets, ligand, and strain effects) are comprehensively discussed to design and synthesize PGM catalysts for the cathode in PEMFCs. Using ionomer as the binder and proton conductors in the catalyst layer, the catalyst layer structure, ink preparation and deposition techniques, and ink drying process are also discussed. Due to the additional local transport resistance observed in fuel cell performance, the morphology and confinement effect of the ionomer thin film are also taken into account. In addition, the electrochemistry of the Pt/ionomer interface, as well as interfacial water and sulfonate poisoning are summarized. © 2022 Elsevier B.V., All rights reserved.","Carbon Supports; Ionomer Thin Film; Oxygen Reduction Reaction; Pem Fuel Cells; Pgm Catalysts; Carbon; Catalyst Supports; Durability; Electrocatalysis; Electrodes; Electrolytic Reduction; Ionomers; Morphology; Oxygen; Platinum; Proton Exchange Membrane Fuel Cells (pemfc); Structural Optimization; Carbon Support; Fuel Cell Vehicles; Ionomer Thin Film; Metal Catalyst; Oxygen Reduction Reaction; Pem Fuel Cell; Platinum Group Metals; Platinum-group Metal Catalyst; Proton-exchange Membranes Fuel Cells; Thin-films; Thin Films"
"Halide perovskite materials as light harvesters for solar energy conversion","2020","EnergyChem","40","10.1016/j.enchem.2020.100026","https://www.scopus.com/inward/record.uri?eid=2-s2.0-85084331960&doi=10.1016%2Fj.enchem.2020.100026&partnerID=40&md5=12d026fbe3abe4298519090d3dc23205","Due to the unsustainable fossil fuels, those conventional energy sources are diminishing and getting expensive. Since sun can provide insolation levels of 150–300 W/m², or 3.5–7.0 kWh/m² per day in most of the world's population live in areas, efficient utilization of the enormous energy source is continued to pursue. Solar energy can be usually harvested in a couple of different ways, among which harvesting solar energy by photon absorption in band gap materials and the subsequent collection of photo-induced charge carrier has been actively explored as promising strategy to store the abundant energy source. Halide perovskite materials, having optically high absorption characteristics and balanced charge transport properties, are considered a most potential light harvester to photovoltaics, as well as for solar energy conversion. Compared to charge transport, light harvesting capability is a must for high conversion efficiency of solar energy. In this review, we summarize the recent research progress in enhancing and modulating light harvesting capability of halide perovskite for PV devices and solar to fuel conversion from the perspectives of atomic level, crystal film level and device level, respectively. © 2022 Elsevier B.V., All rights reserved.","Halide Perovskite; Light Harvesting; Solar Cell; Solar To Fuel; Conversion Efficiency; Energy Gap; Energy Harvesting; Fossil Fuels; Perovskite; Perovskite Solar Cells; Solar Power Generation; Area-efficient; Conventional Energy Sources; Energy Source; Halide Perovskites; Insolation Level; Light-harvesting; Photons Absorption; Solar Energy Conversions; Solar To Fuel; World Population; Solar Energy"
