"Title","Year","Source title","DOI","Link","Abstract","Author Keywords"
"Simulating irregular symmetry breaking in gut cross sections using a novel energy-optimization approach in growth-elasticity","2024","Journal of Theoretical Biology","10.1016/j.jtbi.2024.111971","https://www.scopus.com/inward/record.uri?eid=2-s2.0-85207306513&doi=10.1016%2Fj.jtbi.2024.111971&partnerID=40&md5=4f7000da42f355c2c787313fa79d7c87","Growth-elasticity (also known as morphoelasticity) is a powerful model framework for understanding complex shape development in soft biological tissues. At each instant, by mapping how continuum building blocks have grown geometrically and how they respond elastically to the push-and-pull from their neighbors, the shape of the growing structure is determined from a state of mechanical equilibrium. As mechanical loads continue to be added to the system through growth, many interesting shapes, such as smooth wavy wrinkles, sharp creases, and deep folds, can form on the tissue surface from a relatively flatter geometry. Previous numerical simulations of growth-elasticity have reproduced many interesting shapes resembling those observed in reality, such as the foldings on mammalian brains and guts. In the case of mammalian guts, it has been shown that wavy wrinkles, deep folds, and sharp creases on the interior organ surface can be simulated even under a simple assumption of isotropic uniform growth in the interior layer of the organ. Interestingly, the simulated patterns are all regular along the tube's circumference, with either all smooth or all sharp indentations, whereas some undulation patterns in reality exhibit irregular patterns and a mixture of sharp creases and smooth indentations along the circumference. Can we simulate irregular indentation patterns without further complicating the growth patterning? In this paper, we have discovered abundant shape solutions with irregular indentation patterns by developing a Rayleigh–Ritz finite-element method (FEM). In contrast to previous Galerkin FEMs, which solve the weak formulation of the mechanical-equilibrium equations, the new method formulates an optimization problem for the discretized energy functional, whose critical points are equivalent to solutions obtained by solving the mechanical-equilibrium equations. This new method is more robust than previous methods. Specifically, it does not require the initial guess to be near a solution to achieve convergence, and it allows control over the direction of numerical iterates across the energy landscape. This approach enables the capture of more solutions that cannot be easily reached by previous methods. In addition to the previously found regular smooth and non-smooth configurations, we have identified a new transitional irregular smooth shape, new shapes with a mixture of smooth and non-smooth surface indentations, and a variety of irregular patterns with different numbers of creases. Our numerical results demonstrate that growth-elasticity modeling can match more shape patterns observed in reality than previously thought. © 2024 Elsevier B.V., All rights reserved.","Elasticity; Growth; Irregular; Morphogenesis; Numerical Method; Symmetry Breaking; Digestive System; Elasticity; Finite Element Method; Growth; Mammal; Morphogenesis; Numerical Method; Optimization; Symmetry; Article; Controlled Study; Energy; Finite Element Analysis; Geometry; Intestine; Simulation; Wrinkle; Animal; Biological Model; Computer Simulation; Gastrointestinal Tract; Growth, Development And Aging; Human; Physiology; Animals; Computer Simulation; Elasticity; Gastrointestinal Tract; Humans; Models, Biological; Morphogenesis"
"Probabilistic analysis of tumor growth inhibition models to Support trial design","2024","Journal of Theoretical Biology","10.1016/j.jtbi.2024.111969","https://www.scopus.com/inward/record.uri?eid=2-s2.0-85207290371&doi=10.1016%2Fj.jtbi.2024.111969&partnerID=40&md5=d3a10c7dc3509d95660b05d09aede45f","A large enough sample size of patients is required to statistically show that one treatment is better than another. However, too large a sample size is expensive and can also result in findings that are statistically significant, but not clinically relevant. How sample sizes should be chosen is a well-studied problem in classical statistics and analytical expressions can be derived from the appropriate test statistic. However, these expressions require information regarding the efficacy of the treatment, which may not be available, particularly for newly developed drugs. Tumor growth inhibition (TGI) models are frequently used to quantify the efficacy of newly developed anticancer drugs. In these models, the tumor growth dynamics are commonly described by a set of ordinary differential equations containing parameters that must be estimated using experimental data. One widely used endpoint in clinical trials is the proportion of patients in different response categories determined using the Response Evaluation Criteria In Solid Tumors (RECIST) framework. From the TGI model, we derive analytical expressions for the probability of patient response to combination therapy. The probabilistic expressions are used together with classical statistics to derive a parametric model for the sample size required to achieve a certain significance level and test power when comparing two treatments. Furthermore, the probabilistic expressions are used to generalize the Tumor Static Exposure concept to be more suitable for predicting clinical response. The derivatives of the probabilistic expressions are used to derive two additional expressions characterizing the exposure and its sensitivity. Finally, our results are illustrated using parameters obtained from calibrating the model to preclinical data. © 2024 Elsevier B.V., All rights reserved.","Combination Therapy; Mathematical Modeling; Nonlinear Mixed Effects; Oncology; Power Analysis; Antineoplastic Agents; Cancer; Drug; Growth Response; Nonlinearity; Probability; Tumor; Article; Cancer Inhibition; Prediction; Probabilistic Analysis; Statistical Analysis; Statistical Distribution; Tumor Growth; Tumor Volume; Biological Model; Clinical Trial (topic); Drug Therapy; Human; Methodology; Neoplasm; Pathology; Sample Size; Statistical Model; Antineoplastic Agent; Antineoplastic Agents; Clinical Trials As Topic; Humans; Models, Biological; Models, Statistical; Neoplasms; Probability; Research Design; Sample Size"
"A continuous approach of modeling tumorigenesis and axons regulation for the pancreatic cancer","2024","Journal of Theoretical Biology","10.1016/j.jtbi.2024.111967","https://www.scopus.com/inward/record.uri?eid=2-s2.0-85207177268&doi=10.1016%2Fj.jtbi.2024.111967&partnerID=40&md5=ea8ba9cfed7391944718418a04c177b7","The pancreatic innervation undergoes dynamic remodeling during the development of pancreatic ductal adenocarcinoma (PDAC). Denervation experiments have shown that different types of axons can exert either pro- or anti-tumor effects, but conflicting results exist in the literature, leaving the overall influence of the nervous system on PDAC incompletely understood. To address this gap, we propose a continuous mathematical model of nerve-tumor interactions that allows in silico simulation of denervation at different phases of tumor development. This model takes into account the pro- or anti-tumor properties of different types of axons (sympathetic or sensory) and their distinct remodeling dynamics during PDAC development. We observe a “shift effect” where an initial pro-tumor effect of sympathetic axon denervation is later outweighed by the anti-tumor effect of sensory axon denervation, leading to a transition from an overall protective to a deleterious role of the nervous system on PDAC tumorigenesis. Our model also highlights the importance of the impact of sympathetic axon remodeling dynamics on tumor progression. These findings may guide strategies targeting the nervous system to improve PDAC treatment. © 2024 Elsevier B.V., All rights reserved.","Cancer; Dynamical System; In Silico Denervation; Parameter Calibration; Partial Differential Equations; Ceftriaxone; Calibration; Cancer; Computer Simulation; Digestive System Disorder; Experimental Study; Mathematical Analysis; Modeling; Nervous System Disorder; Numerical Model; Tumor; Article; Axon; Computer Model; Denervation; Mathematical Model; Pancreatic Ductal Carcinoma; Adrenergic System; Animal; Biological Model; Carcinogenesis; Human; Pancreas Tumor; Pathology; Ceftriaxone; Animals; Axons; Carcinogenesis; Carcinoma, Pancreatic Ductal; Computer Simulation; Humans; Models, Biological; Pancreatic Neoplasms; Sympathetic Nervous System"
"JTB Editorial for Professor Denise Kirschner","2024","Journal of Theoretical Biology","10.1016/j.jtbi.2024.111976","https://www.scopus.com/inward/record.uri?eid=2-s2.0-85207142553&doi=10.1016%2Fj.jtbi.2024.111976&partnerID=40&md5=01aec90c37773ef23a98d48851387542","[No abstract available]","Acquired Immune Deficiency Syndrome; Biology; Career; Editor; Editorial; Host; Host Pathogen Interaction; Human; Human Immunodeficiency Virus; Human Immunodeficiency Virus Infection; Immune Response; Immunobiology; Lung Granuloma; Medical Research; Mentor; Mycobacterium Tuberculosis; Nonhuman; Publication; Theoretical Biology; Tuberculosis; Editorial"
"Mathematical model of repressive response to collective action and protest waves","2024","Journal of Theoretical Biology","10.1016/j.jtbi.2024.111970","https://www.scopus.com/inward/record.uri?eid=2-s2.0-85207028512&doi=10.1016%2Fj.jtbi.2024.111970&partnerID=40&md5=9718bdba3ae5251dd51108ba1f4ac910","The intricate interplay between the state and society may foster opposition and prompt collective action as a mode of protest. When the state responds repressively to such collective action, it aims to undermine it escalating its costs. A mathematical model relating the repressive response to collective action, articulated through differential equations, facilitates a thorough analysis of their dynamic interaction. Modelling outcomes indicate that repressive regimes may exhibit sustained persistence, oscillatory patterns, or destabilization, potentially transitioning into alternative regimes. This modelling framework offers a means to discern the impact of diverse factors on the dynamics of repressive regimes and to provide modelling insight on the emergence of cycles of protest observed in different countries during certain periods of their history. © 2024 Elsevier B.V., All rights reserved.","Collective Action; Dynamics; Mathematical Model; Protest Waves; Repressive Response; Collective Action; Computer Simulation; Cost Analysis; Numerical Model; Article; Controlled Study; Human; Mathematical Model; Protest; Politics; Theoretical Model; Humans; Models, Theoretical; Politics"
"A bulk-surface mechanobiochemical modelling approach for single cell migration in two-space dimensions","2024","Journal of Theoretical Biology","10.1016/j.jtbi.2024.111966","https://www.scopus.com/inward/record.uri?eid=2-s2.0-85207002210&doi=10.1016%2Fj.jtbi.2024.111966&partnerID=40&md5=3cc7fe765699e17ee022de044bff7d09","In this work, we present a mechanobiochemical model for two-dimensional cell migration which couples mechanical properties of the cell cytosol with biochemical processes taking place near or on the cell plasma membrane. The modelling approach is based on a recently developed mathematical formalism of evolving bulk-surface partial differential equations of reaction–diffusion type. We solve these equations using finite element methods within a moving-mesh framework derived from the weak formulation of the evolving bulk-surface PDEs. In the present work, the cell cytosol interior (bulk) dynamics are coupled to the cell membrane (surface) dynamics through non-homogeneous Dirichlet boundary conditions. The modelling approach exhibits both directed cell migration in response to chemical cues as well as spontaneous migration in the absence of such cues. As a by-product, the approach shows fundamental characteristics associated with single cell migration such as: (i) cytosolic and membrane polarisation, (ii) actin dependent protrusions, and (iii) continuous shape deformation of the cell during migration. Cell migration is an ubiquitous process in life that is mainly triggered by the dynamics of the actin cytoskeleton and therefore is driven by both mechanical and biochemical processes. It is a multistep process essential for mammalian organisms and is closely linked to a vast diversity of processes; from embryonic development to cancer invasion. Experimental, theoretical and computational studies have been key to elucidate the mechanisms underlying cell migration. On one hand, rapid advances in experimental techniques allow for detailed experimental measurements of cell migration pathways, while, on the other, computational approaches allow for the modelling, analysis and understanding of such observations. The bulk-surface mechanobiochemical modelling approach presented in this work, set premises to study single cell migration through complex non-isotropic environments in two- and three-space dimensions. © 2024 Elsevier B.V., All rights reserved.","Ale-moving Mesh Methods; Bulk-surface Finite Element Method; Bulk-surface Moving-mesh Finite Element Method (bs-mfem); Bulk-surface Partial Differential Equations; Bulk-surface Reaction–diffusion; Cell Migration; Cell Motility; Mechanobiochemical Modelling; Moving-mesh Method; Actin; Biochemistry; Boundary Condition; Cancer; Cell Component; Cytology; Diffusion; Embryonic Development; Finite Element Method; Mechanical Property; Actin Filament; Article; Cell Membrane; Cell Migration; Cell Shape; Chemical Model; Computer Model; Cytosol; Embryo Development; Experimental Study; Finite Element Analysis; Human; Human Cell; Mammal; Mathematical Model; Mechanobiochemical Model; Membrane Polarization And Depolarization; Nonhuman; Single Cell Analysis; Theoretical Study; Tumor Invasion; Animal; Biological Model; Biomechanics; Cell Motion; Metabolism; Physiology; Actin Cytoskeleton; Animals; Biomechanical Phenomena; Cell Membrane; Cell Movement; Cytosol; Humans; Models, Biological"
"Resource budget model with Duffing oscillator for dynamics of synchronized biennial-bearing olives in the Levant","2024","Journal of Theoretical Biology","10.1016/j.jtbi.2024.111973","https://www.scopus.com/inward/record.uri?eid=2-s2.0-85206996496&doi=10.1016%2Fj.jtbi.2024.111973&partnerID=40&md5=450e669374f71748e1d4588873cd3b9a","We develop and analyze a temporally continuous spatially lumped resource budget model to explain the dynamics of synchronized biennial-bearing olives in the Levant, specifically focusing on Syria, the region's foremost olive-producing country. The model is a time-continuous counterpart of the celebrated resource budget model. It consists of a Duffing oscillator coupled with a dynamical model of pollination with an external force propelling olive growth by photosynthesis. The reference data are obtained from statistical databases of international organizations and our own observation systems in Jordan, a country neighboring Syria, providing a wealth of information to refine the model structure. An intensive review of Syria's modern history involving significant shifts in agricultural policy and social stability leads to a conclusion that the model should comprehend the anomaly of olive yield interacting with socio-political factors as an autonomous behavior. The conventional mathematical methodology analyzes the model's characteristics, such as solutions’ non-negativity, boundedness, and stability. The system is stable during pollination off-season but may become unstable and unbounded during pollination on-season, which is a property that the time-discrete resource budget model cannot reproduce. A significant finding is that coupling individual fruit trees by anemophily is not essential in synchronization, overturning earlier studies in the literature. The values of model parameters that best fit the historical data of olive yield in Syria result in bounded chaos. With alternative parameter values, the model could exhibit periodic oscillation, instability, or blowing up, as clearly shown in bifurcation diagrams. © 2024 Elsevier B.V., All rights reserved.","Anemophilous Pollination; Biennial Bearing; Duffing Oscillator; Levant; Masting; Olive; Agricultural Policy; Masting; Pollination; Resource Management; Seasonal Variation; Spatiotemporal Analysis; Agriculture; Article; Biennial Plant; Controlled Study; Duffing Oscillator; Jordan; Mathematical Model; Nonhuman; Olive; Oscillation; Photosynthesis; Plant Growth; Politics; Quantitative Study; Resource Budget Model; Sensitivity Analysis; Southern Europe; Syrian Arab Republic; Wind Pollination; Biological Model; Economics; Growth, Development And Aging; Olive Tree; Physiology; Procedures; Season; Levant; Mediterranean Region; Agriculture; Models, Biological; Olea; Pollination; Seasons; Syria"
"Bayesian parameter inference for epithelial mechanics","2024","Journal of Theoretical Biology","10.1016/j.jtbi.2024.111960","https://www.scopus.com/inward/record.uri?eid=2-s2.0-85206610456&doi=10.1016%2Fj.jtbi.2024.111960&partnerID=40&md5=c92ea2de203476aa366a450c031df3f5","Cell-based mechanical models, such as the Cell Vertex Model (CVM), have proven useful for studying the mechanical control of epithelial tissue dynamics. We recently developed a statistical method called image-based parameter inference for formulating CVM model functions and estimating their parameters from image data of epithelial tissues. In this study, we employed Bayesian statistics to improve the utility and flexibility of image-based parameter inference. Tests on synthetic data confirmed that both our non-hierarchical and hierarchical Bayesian models provide accurate estimates of model parameters. By applying this method to Drosophila wings, we demonstrated that the reliability of parameter estimation is closely linked to the mechanical anisotropies present in the tissue. Moreover, we revealed that the cortical elasticity term is dispensable for explaining force-shape correlations in vivo. We anticipate that the flexibility of the Bayesian statistical framework will facilitate the integration of various types of information, thereby contributing to the quantitative dissection of the mechanical control of tissue dynamics. © 2024 Elsevier B.V., All rights reserved.","Bayesian Inference; Mechanics; Modeling; Morphogenesis; Bayesian Analysis; Fly; Modeling; Morphogenesis; Parameter Estimation; Wing Morphology; Adult; Anisotropy; Article; Controlled Study; Drosophila; Elasticity; Epithelium; Female; Human; Human Tissue; Male; Mechanics; Nonhuman; Reliability; Statistical Analysis; Wing; Animal; Bayes Theorem; Biological Model; Biomechanics; Cytology; Drosophila Melanogaster; Epithelium Cell; Physiology; Animals; Bayes Theorem; Biomechanical Phenomena; Epithelial Cells; Epithelium; Models, Biological; Wings, Animal"
"Macroscale vertical power-law distribution of bacteria in dark oceans can emerge from microscale bacteria-particle interactions","2024","Journal of Theoretical Biology","10.1016/j.jtbi.2024.111956","https://www.scopus.com/inward/record.uri?eid=2-s2.0-85206477022&doi=10.1016%2Fj.jtbi.2024.111956&partnerID=40&md5=1ed56ac41f228f3751edd133315ac10d","Microbes in the dark oceans are a key determinant of remineralization of sinking carbon particles. However, most marine ecosystem models overlook how microbes aggregate on particles and the microscale interactions between particle-associated microbes, making it difficult to obtain mechanistic insights on their vertical power-law decay pattern. Here, we present a spatial population model where the attachment and detachment processes of bacterial cells depend on local density of particle-associated bacteria. We show that the power-law relationship can emerge when the non-random aggregated distribution of bacteria is considered without any depth-specific environmental parameters. Furthermore, the comparison between model behavior and empirical patterns in the Pacific and Southern Ocean indicated that temperature-dependent hydrolysis rate and nutrient-dependent sinking rate of particles are key parameters to explain the regional variations of the power-law exponent. The mechanistic approach developed here provides a pathway to link micro-scale interactions between individuals to macro-scale food chain structures and carbon cycle. © 2024 Elsevier B.V., All rights reserved.","Carbon; Carbon; Sea Water; Bacterium; Carbon Cycle; Decomposition; Environmental Conditions; Food Chain; Hydrolysis; Marine Ecosystem; Marine Environment; Microbial Activity; Microbial Ecology; Nutrient Dynamics; Particulate Matter; Particulate Organic Carbon; Power Law Distribution; Remineralization; Temperature Effect; Article; Bacterial Cell; Bacterium Adherence; Cell Adhesion; Controlled Study; Nonhuman; Nutrient; Pacific Ocean; Particle Size; Population Model; Southern Ocean; Temperature; Biological Model; Ecosystem; Metabolism; Microbiology; Sea; Bacteria; Carbon Cycle; Ecosystem; Food Chain; Models, Biological; Oceans And Seas; Seawater"
"Optimal resource allocation in micro-organisms under periodic nutrient fluctuations","2024","Journal of Theoretical Biology","10.1016/j.jtbi.2024.111953","https://www.scopus.com/inward/record.uri?eid=2-s2.0-85206292182&doi=10.1016%2Fj.jtbi.2024.111953&partnerID=40&md5=9961d4cba810c32b3a7bdf5dcfd9b461","Although microorganisms often live in dynamic environments, most studies, both experimental and theoretical, are carried out under static conditions. In this work, we investigate the issue of optimal resource allocation in bacteria growing in periodic environments. We consider a dynamic model describing the microbial metabolism under varying conditions, involving a control variable quantifying the protein precursors allocation. Our objective is to determine the optimal strategies maximizing the long-term growth of cells under a piecewise-constant periodic environment. Firstly, we perform a theoretical analysis of the resulting optimal control problem (OCP), based on the application the Pontryagin's Maximum Principle (PMP). We determine that the structure of the optimal control must be bang–bang, with possibly some singular arcs corresponding to optimal equilibria of the system. If the control presents singular arcs, then these can only be reached and left through chattering arcs. We also use a direct optimization method, implemented in the BOCOP software, to solve the studied OCP. Our study reveals that the optimal solution over a large time horizon is related to the one over a single period of the varying environment with periodic constraints. Moreover, we observe that the maximal average growth rate attainable under periodic conditions can be higher than the one under a constant environment. We further extend our analysis to conduct a qualitative comparison between the predictions from our model and some recent biological experiments on E. coli. This analysis particularly highlights the mechanisms of action of the ppGpp signaling molecule, thus providing relevant explanations of the experimental observations. In conclusion, our study corroborates previous research indicating that this molecule plays a crucial role in the regulation of resource allocation of protein precursors in E. coli. © 2024 Elsevier B.V., All rights reserved.","Microbial Growth; Optimal Control; Periodic Environment; Pontryagin's Maximum Principle; Protein Precursor; Coliform Bacterium; Experimental Study; Metabolism; Microorganism; Nutrient; Protein; Resource Allocation; Theoretical Study; Article; Bacterial Growth; Cell Growth; Environmental Factor; Escherichia Coli; Growth Rate; Mathematical Model; Microbial Metabolism; Nonhuman; Nutrient Availability; Prediction; Qualitative Analysis; Quantitative Analysis; Signal Transduction; Bacterium; Biological Model; Growth, Development And Aging; Bacteria; Models, Biological; Nutrients"
"An immuno-epidemiological model with non-exponentially distributed disease stage on complex networks","2024","Journal of Theoretical Biology","10.1016/j.jtbi.2024.111964","https://www.scopus.com/inward/record.uri?eid=2-s2.0-85206239700&doi=10.1016%2Fj.jtbi.2024.111964&partnerID=40&md5=44ea775f957d35c96e9adc2e4d33cce5","Most of epidemic models assume that duration of the disease phase is distributed exponentially for the simplification of model formulation and analysis. Actually, the exponentially distributed assumption on the description of disease stages is hard to accurately approximate the interplay of drug concentration and viral load within host. In this article, we formulate an immuno-epidemiological epidemic model on complex networks, which is composed of ordinary differential equations and integral equations. The linkage of within- and between-host is connected by setting that the death caused by the disease is an increasing function in viral load within host. Mathematical analysis of the model includes the existence of the solution to the epidemiological model on complex networks, the existence and stability of equilibrium, which are completely determined by the basic reproduction number of the between-host system. Numerical analysis are shown that the non-exponentially distributions and the topology of networks have significant roles in the prediction of epidemic patterns. © 2024 Elsevier B.V., All rights reserved.","Immuno-epidemiological Epidemic Model; Non-exponentially Distributed; The Basic Reproduction Number; Topology Of Networks; Computer Simulation; Disease Incidence; Disease Prevalence; Disease Severity; Drug; Epidemic; Epidemiology; Health Geography; Immune Response; Mathematical Analysis; Medical Geography; Numerical Model; Topology; Article; Basic Reproduction Number; Cause Of Death; Disease Course; Epidemiological Model; Host Pathogen Interaction; Human; Immune System; Influenza; Nonhuman; Prediction; Statistical Distribution; Virus Load; Biological Model; Communicable Disease; Immunology; Basic Reproduction Number; Communicable Diseases; Epidemics; Epidemiological Models; Humans; Models, Immunological; Viral Load"
"Global stability of coexistence equilibria for n-species models of facultative mutualism","2024","Journal of Theoretical Biology","10.1016/j.jtbi.2024.111961","https://www.scopus.com/inward/record.uri?eid=2-s2.0-85205974553&doi=10.1016%2Fj.jtbi.2024.111961&partnerID=40&md5=a5cd8bf12a5b792fd90e77bbdb745ebd","We further pursue an investigation on an abstract model characterizing the dynamics of a general class of n-species facultative mutualisms that was initiated in Georgescu et al. (2017), establishing biologically relevant sufficient conditions for the global asymptotic stability of the coexistence equilibria. These conditions are given in terms of per-species limits of growth-to-loss ratios computed at higher population densities, complemented by either monotonicity or sublinearity inequalities, and are observed to hold for n-species versions of mutualistic models in current use. The specific modeling details that require either of these conditions being satisfied are outlined and discussed. As mutualisms can enhance species diversification and facilitate stable coexistence via a plethora of mechanisms, it is then important to understand the stability of speciose mutualisms, our results being of potential interest to theoretical ecologists studying the coexistence of many interacting species and to conservationists aiming for rare species preservation. © 2024 Elsevier B.V., All rights reserved.","Cooperative Dynamical Systems; Global Stability; Mutualism; Reproductive Numbers; Spectral Abscissa; Strict Sublinearity; Modeling; Mutualism; Population Density; Preservation; Rare Species; Article; Ecologist; Human; Symbiosis; Animal; Biological Model; Ecosystem; Population Dynamics; Species Difference; Animals; Ecosystem; Models, Biological; Population Density; Population Dynamics; Species Specificity; Symbiosis"
"Exploring the treatment of SARS-CoV-2 with modified vesicular stomatitis virus","2024","Journal of Theoretical Biology","10.1016/j.jtbi.2024.111959","https://www.scopus.com/inward/record.uri?eid=2-s2.0-85205786473&doi=10.1016%2Fj.jtbi.2024.111959&partnerID=40&md5=b7aa43fe7ee0822c37ad0e98e7123339","SARS-CoV-2 caused a global pandemic and is now an endemic virus that will require continued antiviral and vaccine development. A possible new treatment modality was recently suggested that would use vesicular stomatitis virus (VSV) modified to express the ACE2 receptor. Since the modified VSV expresses the cell surface receptor that is used by the SARS-CoV-2 spike protein, the thought is that SARS-CoV-2 virions would bind to the modified VSV and thus be neutralized. Additionally, since SARS-CoV-2 infected cells also express the spike protein, the modified VSV could potentially infect these cells, allowing for its own replication, but also potentially interfering with replication of SARS-CoV-2. This idea has not yet been tested experimentally, but we can investigate the feasibility of this possible treatment theoretically. In this manuscript, we develop a mathematical model of this suggested treatment and explore conditions under which it might be effective. We find that treatment with modified VSV does little to change the SARS-CoV-2 time course except when the treatment is applied at the onset of the SARS-CoV-2 infection at very high doses. In this case, VSV reduces the peak SARS-CoV-2 viral load, but lengthens the duration of the SARS-CoV-2 infection. Thus, we find that modified VSV treatment is unlikely to be effective largely because it does not prevent infection of cells by SARS-CoV-2. © 2024 Elsevier B.V., All rights reserved.","Antiviral Treatment; Mathematical Model; Sars-cov-2; Vesicular Stomatitis Virus; Viral Interference; Ace2 Protein, Human; Angiotensin-converting Enzyme 2; Spike Glycoprotein, Coronavirus; Spike Protein, Sars-cov-2; Angiotensin Converting Enzyme 2; Coronavirus Spike Glycoprotein; Ace2 Protein, Human; Spike Protein, Sars-cov-2; Covid-19; Endemic Species; Numerical Model; Vaccine; Virus; Antiviral Therapy; Article; Clinical Effectiveness; Coinfection; Coronavirus Disease 2019; Disease Duration; Host Cell; Human; Infection Prevention; Infection Rate; Mathematical Model; Nonhuman; Protein Expression; Receptor Binding; Severe Acute Respiratory Syndrome Coronavirus 2; Simulation; Therapy Delay; Vesicular Stomatitis; Vesiculovirus; Virus Attachment; Virus Load; Virus Replication; Metabolism; Physiology; Therapy; Vesicular Stomatitis Indiana Virus; Virology; Angiotensin-converting Enzyme 2; Humans; Sars-cov-2; Spike Glycoprotein, Coronavirus; Virus Replication"
"The development of drug resistance in metastatic tumours under chemotherapy: An evolutionary perspective","2024","Journal of Theoretical Biology","10.1016/j.jtbi.2024.111957","https://www.scopus.com/inward/record.uri?eid=2-s2.0-85205782245&doi=10.1016%2Fj.jtbi.2024.111957&partnerID=40&md5=342b3e015aecb713296f4d21b42886c4","We present a mathematical model of the evolutionary dynamics of a metastatic tumour under chemotherapy, comprising non-local partial differential equations for the phenotype-structured cell populations in the primary tumour and its metastasis. These equations are coupled with a physiologically-based pharmacokinetic model of drug administration and distribution, implementing a realistic delivery schedule. The model is carefully calibrated from the literature, focusing on BRAF-mutated melanoma treated with Dabrafenib as a case study. By means of long-time asymptotic and global sensitivity analyses, as well as numerical simulations, we explore the impact of cell migration from the primary to the metastatic site, physiological aspects of the tumour tissues and drug dose on the development of chemoresistance and treatment efficacy. Our findings provide a possible explanation for empirical evidence indicating that chemotherapy may foster metastatic spread and that metastases may be less impacted by the chemotherapeutic agent. © 2024 Elsevier B.V., All rights reserved.","Adaptive Dynamics; Chemoresistance; Intra- And Inter-tumour Heterogeneity; Metastatic Tumours; Non-local Partial Differential Equations; Pharmacokinetics; Dabrafenib; Antineoplastic Agents; Dabrafenib; Imidazoles; Oximes; Proto-oncogene Proteins B-raf; B Raf Kinase; Dabrafenib; Antineoplastic Agent; Imidazole Derivative; Oxime; Chemotherapy; Drug; Numerical Model; Phenotype; Tumor; Article; Braf Gene; Calibration; Cancer Chemotherapy; Case Study; Cell Migration; Cell Population; Cell Structure; Disease Course; Drug Administration; Drug Delivery System; Drug Distribution; Drug Dosage Form Comparison; Drug Efficacy; Drug Resistance; Fitness; Gene Mutation; Human; Mathematical Model; Melanoma; Metastasis; Metastasis Site; Pharmacokinetics; Primary Tumor; Sensitivity Analysis; Simulation; Steady State; Tissue-to-plasma Ratio; Treatment Outcome; Vascularization; Biological Model; Cell Motion; Drug Effect; Drug Therapy; Evolution; Genetics; Mutation; Neoplasm; Pathology; Antineoplastic Agents; Biological Evolution; Cell Movement; Drug Resistance, Neoplasm; Humans; Imidazoles; Melanoma; Models, Biological; Mutation; Neoplasm Metastasis; Neoplasms; Oximes; Proto-oncogene Proteins B-raf"
"Agelessness is possible under the disposable soma theory but system complexity makes it unlikely","2024","Journal of Theoretical Biology","10.1016/j.jtbi.2024.111958","https://www.scopus.com/inward/record.uri?eid=2-s2.0-85205762113&doi=10.1016%2Fj.jtbi.2024.111958&partnerID=40&md5=02c269f0aa0f7a56b40b8882b8f9b71f","Although demographic studies have failed to find evidence of aging in certain animal species, classic evolutionary theories of aging struggle to explain how evolution could favor agelessness in such cases. Here, we develop mathematical models of the disposable soma theory to identify conditions in which agelessness would be evolutionarily favored. For any given type of damage that could accumulate and cause age-accelerating mortality risk, we find that evolution could select for its complete removal if the mortality risk it poses is severe enough and its repair does not pose too large of a penalty to reproduction. Environmental factors such as extrinsic mortality and the form of population density-dependent regulation also play a large role in determining the optimal rate of aging and whether agelessness should be evolutionarily favored. However, in a system with multiple sources of damage and multiple independent repair processes, avoiding aging is rarely evolutionarily favorable. Pleiotropic repair processes, such as those that could be present in asexual fissioning organisms, make agelessness more likely but do not guarantee it. Our results indicate that agelessness could be favored by evolution in narrow contexts but that multiple types of damage and repair make agelessness unlikely to arise in sufficiently complex organisms. © 2024 Elsevier B.V., All rights reserved.","Aging; Disposable Soma Theory; Evolution; Hydra; Negligible Senescence; Planaria; Aging; Complexity; Evolution; Invertebrate; Mortality; Risk Assessment; Theoretical Study; Agelessness; Article; Biological Phenomena And Functions Concerning The Entire Organism; Disposable Soma Theory; Environmental Factor; Lifespan; Mortality Risk; Pleiotropy; Population Density; Survival Rate; Animal; Biological Model; Physiology; Aging; Animals; Biological Evolution; Models, Biological; Population Density"
"A model for transcription-dependent R-loop formation at double-stranded DNA breaks: Implications for their detection and biological effects","2024","Journal of Theoretical Biology","10.1016/j.jtbi.2024.111962","https://www.scopus.com/inward/record.uri?eid=2-s2.0-85205709845&doi=10.1016%2Fj.jtbi.2024.111962&partnerID=40&md5=74ca2aaf2defc969a4cccda36ed9b9d3","R-loops are structures containing an RNA-DNA duplex and an unpaired DNA strand. During R-loop formation an RNA strand invades the DNA duplex, displacing the homologous DNA strand and binding the complementary DNA strand. Here we analyze a model for transcription-dependent R-loop formation at double-stranded DNA breaks (DSBs). In this model, R-loop formation is preceded by detachment of the non-template DNA strand from the RNA polymerase (RNAP). Then, strand exchange is initiated between the nascent RNA and the non-template DNA strand. During that strand exchange the length of the R-loop could either increase, or decrease in a biased random-walk fashion, in which the bias would depend upon the DNA sequence. Eventually, the restoration of the DNA duplex would completely displace the RNA. However, as long as the RNAP remains bound to the template DNA strand it prevents that displacement. Thus, according to the model, RNAPs stalled at DSBs can increase the lifespan of R-loops, increasing their detectability in experiments, and perhaps enhancing their biological effects. © 2024 Elsevier B.V., All rights reserved.","Dna Repair; Random Walk; Rna Polymerase; Rna-dna Hybrids; Strand Exchange; Rna; Rna Polymerase; Dna; Dna Directed Rna Polymerase; Dna; Dna-directed Rna Polymerases; Rna; Complementary Dna; Double Stranded Dna; R-loop Structure; Rna; Rna Polymerase; Dna; Dna Directed Rna Polymerase; Modeling; Random Walk Method; Article; Biological Activity; Dna Determination; Dna Rna Hybridization; Dna Sequence; Dna Strand; Dna Transcription; Double Stranded Dna Break; Human; Lifespan; Biological Model; Genetic Transcription; Metabolism; Dna Breaks, Double-stranded; Dna-directed Rna Polymerases; Models, Genetic; R-loop Structures; Transcription, Genetic"
"Emergence and stability of endoplasmic reticulum network streaming in plant cells","2024","Journal of Theoretical Biology","10.1016/j.jtbi.2024.111954","https://www.scopus.com/inward/record.uri?eid=2-s2.0-85205430372&doi=10.1016%2Fj.jtbi.2024.111954&partnerID=40&md5=4e50d74b8ca0cc40dce73c48456369f1","The endoplasmic reticulum (ER) network is highly complex and highly dynamic in its geometry, and undergoes extensive remodeling and bulk flow. It is known that the ER dynamics are driven by actin–myosin dependent processes. ER motion through the cytoplasm will cause forces on the cytoplasm that will induce flow. However, ER will also clearly be passively transported by the bulk cytoplasmic streaming. We take the complex ER network structure into account and propose a positive-feedback mechanism among myosin-like motors, actin alignment, ER network dynamics for the emergence of ER flow. Using this model, we demonstrate that ER streaming may be an emergent feature of this three-way interaction and that the persistent-point density may be a key driver of the emergence of ER streaming. © 2024 Elsevier B.V., All rights reserved.","Actin; Cytoplasmic Streaming; Er Streaming; Molecular Motor; F Actin; G Actin; Actins; Myosins; Actin; F Actin; G Actin; Myosin; Biology; Cell; Cytoplasm; Feedback Mechanism; Geometry; Molecular Analysis; Plant; Theoretical Study; Actin Myosin Interaction; Actin Polymerization; Article; Endoplasmic Reticulum; Flow Kinetics; Mathematical Analysis; Nonhuman; Plant Cell; Positive Feedback; Transport Kinetics; Viscosity; Biological Model; Cytoplasmic Streaming; Metabolism; Physiology; Actins; Cytoplasmic Streaming; Endoplasmic Reticulum; Models, Biological; Myosins; Plant Cells"
"The eco-evolutionary dynamics of two strategic species: From the predator-prey to the innocent-spreader rumor model","2024","Journal of Theoretical Biology","10.1016/j.jtbi.2024.111955","https://www.scopus.com/inward/record.uri?eid=2-s2.0-85205297527&doi=10.1016%2Fj.jtbi.2024.111955&partnerID=40&md5=c4c0291382d8d1e205a8658a636e4683","Species frequently engage in both competitive and cooperative interactions, delicately balancing these dynamics to optimize their chances of survival and reproduction. While competition drives individuals to compete for limited resources, cooperation can emerge as a strategic response, mitigating risk and enhancing collective payoff. To bridge theoretical game approaches such as payoff, cooperation, and defections in ecological systems, we propose a two-species predator–prey model inspired by the principles and variations of the prisoner's dilemma game. We comprehensively address and analytically verify all stable strategic states, exploring the role of payoff parameters both individually and collectively. Additionally, we investigate the effect of free space. Beyond ecological contexts, we present a model of rumor propagation within a social system to establish connections with the prisoner's dilemma game. In both systems, our primary focus is to discuss strategies and enhance the cooperative factor within the system, given its crucial importance across diverse environments. © 2024 Elsevier B.V., All rights reserved.","Ecological Modeling; Evolution; Game Theory; Prisoner's Dilemma; Rumor Model; Competition (ecology); Ecological Modeling; Game Theory; Predator-prey Interaction; Prisoner Dilemma; Analytical Parameters; Article; Biological Model; Cooperation; Dynamics; Ecosystem; Environmental Factor; Evolution; Evolutionary Biology; Game; Interspecific Competition; Predator Prey Interaction; Self Concept; Society; Validation Process; Wellbeing; Animal; Competitive Behavior; Physiology; Population Dynamics; Predation; Animals; Biological Evolution; Competitive Behavior; Cooperative Behavior; Ecosystem; Game Theory; Models, Biological; Population Dynamics; Predatory Behavior; Prisoner Dilemma"
"Convergence of reputations under indirect reciprocity","2024","Journal of Theoretical Biology","10.1016/j.jtbi.2024.111947","https://www.scopus.com/inward/record.uri?eid=2-s2.0-85205149745&doi=10.1016%2Fj.jtbi.2024.111947&partnerID=40&md5=7247d2a24931f34a95cdc595e26f84cc","Previous research has shown how indirect reciprocity can promote cooperation through evolutionary game theoretic models. Most work in this field assumes a separation of time-scales: individuals’ reputations equilibrate at a fast time scale for given frequencies of strategies while the strategies change slowly according to the replicator dynamics. Much of the previous research has focused on the behaviour and stability of equilibria for the replicator dynamics. Here we focus on the underlying reputational dynamics that occur on a fast time scale. We describe reputational dynamics as systems of differential equations and conduct stability analyses on their equilibria. We prove that reputations converge to a unique equilibrium under a solitary observer model for each of the five standard norms and whether assessments are public or private. These results confirm a crucial but previously understudied assumption underlying the theory of indirect reciprocity for the most studied set of norms. © 2024 Elsevier B.V., All rights reserved.","Cooperation; Evolutionary Game Theory; Indirect Reciprocity; Reputations; Social Norms; Equation; Game Theory; Numerical Model; Reciprocity; Theoretical Study; Adult; Article; Cooperation; Game; Human; Male; Social Norm; Evolution; Biological Evolution; Cooperative Behavior; Game Theory; Humans"
"Mathematical consideration of massive estimation of dissociation rate constant for genotype–phenotype linking molecules bound to targets through washing/selection and next-generation sequencing","2024","Journal of Theoretical Biology","10.1016/j.jtbi.2024.111944","https://www.scopus.com/inward/record.uri?eid=2-s2.0-85205136271&doi=10.1016%2Fj.jtbi.2024.111944&partnerID=40&md5=a44d544bdb007f9477b757391dff3a57","As one of methods for in vitro selection, a flow reactor type washing/selection system seems to be effective, where a ligand library is composed of “genotype–phenotype linking molecules”. In this system, high affinity ligands are selected by their respective “residual ratio” given by exp(−k<inf>off</inf>×t), where k<inf>off</inf> is the dissociation rate constant and t is the washing time. In this paper, we mathematically considered the following possibility. When the washing/selection dynamics obeys the residual ratio exp(−k<inf>off</inf>×t) deterministically and mole fraction measurement for sampled sequences by next-generation sequencing (NGS) is performed ideally, the “relative value” of k<inf>off</inf> for each of high-ranking sequences can be estimated simultaneously. In addition to these, when the residual ratio for the whole ligand population is measured correctly, the “absolute value” for each sequence can be estimated. We deduced formulas to present the relative and absolute estimates, and mathematically analyzed the effect of fluctuations in the number of NGS reads on the estimates in details. These were confirmed by numerical simulations. © 2024 Elsevier B.V., All rights reserved.","Affinity; Dissociation Rate Constant; Genotype–phenotype Linking Molecules; In Vitro Selection; Next-generation Sequencing (ngs); Ligands; Computer Simulation; Genotype; Ligand; Numerical Model; Phenotype; Article; Binding Affinity; Dissociation Rate Constant; Genetic Selection; Genotype Phenotype Correlation; High Throughput Sequencing; Mathematical Computing; Quantitative Study; Residual Volume; Sequence Analysis; Statistical Analysis; Procedures; Genotype; High-throughput Nucleotide Sequencing; Ligands; Phenotype"
"Optimal control of combination immunotherapy for a virtual murine cohort in a glioblastoma-immune dynamics model","2024","Journal of Theoretical Biology","10.1016/j.jtbi.2024.111951","https://www.scopus.com/inward/record.uri?eid=2-s2.0-85204972249&doi=10.1016%2Fj.jtbi.2024.111951&partnerID=40&md5=3c52e87d0213e4ffdcc79f1825d78ae1","The immune checkpoint inhibitor anti-PD-1, commonly used in cancer immunotherapy, has not been successful as a monotherapy for the highly aggressive brain cancer glioblastoma. However, when used in conjunction with a CC-chemokine receptor-2 (CCR2) antagonist, anti-PD-1 has shown efficacy in preclinical studies. In this paper, we aim to optimize treatment regimens for this combination immunotherapy using optimal control theory. We extend a treatment-free glioblastoma-immune dynamics ODE model to include interventions with anti-PD-1 and the CCR2 antagonist. An optimized regimen increases the survival of an average mouse from 32 days post-tumor implantation without treatment to 111 days with treatment. We scale this approach to a virtual murine cohort to evaluate mortality and quality of life concerns during treatment, and predict survival, tumor recurrence, or death after treatment. A parameter identifiability analysis identifies five parameters suitable for personalizing treatment within the virtual cohort. Sampling from these five practically identifiable parameters for the virtual murine cohort reveals that personalized, optimized regimens enhance survival: 84% of the virtual mice survive to day 100, compared to 60% survival in a previously studied experimental regimen. Subjects with high tumor growth rates and low T cell kill rates are identified as more likely to die during and after treatment due to their compromised immune systems and more aggressive tumors. Notably, the MDSC death rate emerges as a long-term predictor of either disease-free survival or death. © 2024 Elsevier B.V., All rights reserved.","Mathematical Oncology; Optimization; Parameter Identifiability Analysis; Treatment Personalization; Virtual Patient Cohort; Immune Checkpoint Inhibitors; Chemokine Receptor Ccr2 Antagonist; Immune Checkpoint Inhibitor; Cancer; Disease Treatment; Inhibitor; Mortality; Numerical Model; Optimization; Quality Of Life; Tumor; Article; Cancer Combination Immunotherapy; Cancer Growth; Cancer Immunotherapy; Cancer Mortality; Cohort Analysis; Controlled Study; Disease Free Survival; Glioblastoma; Immune Deficiency; Immune Dynamics; Immunological Parameters; Mathematical Model; Methodology; Morbidity; Optimal Control Theory; Personalized Cancer Therapy; Progression Free Survival; Survival Prediction; Survival Rate; Survival Time; T Lymphocyte; Theory; Tumor Recurrence; Virtual Patient Cohort; Animal; Brain Tumor; Human; Immunology; Immunotherapy; Mouse; Procedures; Therapy; Animals; Brain Neoplasms; Glioblastoma; Humans; Immune Checkpoint Inhibitors; Immunotherapy; Mice"
"Agent-based evolutionary game dynamics uncover the dual role of resource heterogeneity in the evolution of cooperation","2024","Journal of Theoretical Biology","10.1016/j.jtbi.2024.111952","https://www.scopus.com/inward/record.uri?eid=2-s2.0-85204947591&doi=10.1016%2Fj.jtbi.2024.111952&partnerID=40&md5=975145291e953ea862c352b1b6c65674","Cooperation is a cornerstone of social harmony and group success. Environmental feedbacks that provide information about resource availability play a crucial role in encouraging cooperation. Previous work indicates that the impact of resource heterogeneity on cooperation depends on the incentive to act in self-interest presented by a situation, demonstrating its potential to both hinder and facilitate cooperation. However, little is known about the underlying evolutionary drivers behind this phenomenon. Leveraging agent-based modeling and game theory, we explore how differences in resource availability across environments influence the evolution of cooperation. Our results show that resource variation hinders cooperation when resources are slowly replenished but supports cooperation when resources are more readily available. Furthermore, simulations in different scenarios suggest that discerning the rate of natural selection acts on strategies under distinct evolutionary dynamics is instrumental in elucidating the intricate nexus between resource variability and cooperation. When evolutionary forces are strong, resource heterogeneity tends to work against cooperation, yet relaxed selection conditions enable it to facilitate cooperation. Inspired by these findings, we also propose a potential application in improving the performance of artificial intelligence systems through policy optimization in multi-agent reinforcement learning. These explorations promise a novel perspective in understanding the evolution of social organisms and the impact of different interactions on the function of natural systems. © 2024 Elsevier B.V., All rights reserved.","Agent-based Model; Environmental Feedback; Game Theory; Multi-agent Reinforcement Learning; Selection Pressure; Evolutionary Theory; Game Theory; Machine Learning; Natural Selection; Numerical Model; Article; Artificial Intelligence; Cooperation; Dynamics; Evolution; Game; Human; Learning; Pressure; Simulation; Tight Junction; Animal; Biological Model; Computer Simulation; Genetic Selection; Animals; Biological Evolution; Computer Simulation; Cooperative Behavior; Game Theory; Humans; Models, Biological; Selection, Genetic"
"The evolution of fear-acquisition strategies under predation","2024","Journal of Theoretical Biology","10.1016/j.jtbi.2024.111949","https://www.scopus.com/inward/record.uri?eid=2-s2.0-85204800059&doi=10.1016%2Fj.jtbi.2024.111949&partnerID=40&md5=ab30f492217a3d10f65dba228e4dadf5","Fear is a taxonomically widespread behavioral response that functions to keep individuals out of danger. Empirical research has demonstrated that a diverse set of strategies are used in order to acquire a fear response across animals. Animals often use a mixed strategy: fear is acquired both innately and through learning. Despite the ubiquity of the fear response, and its established importance for shaping predator–prey interactions, little is known about why different fear acquisition strategies evolve or why mixed strategies appear common. Here, we model the evolution of fear acquisition (learning versus innate) under predation. We assume a tradeoff where individuals that learn fear are at higher risk from predators initially, but eventually obtain a lower risk as they survive predation attempts. We find that frequent predator encounters, predators that are not very dangerous, and effective learning favor the evolution of learned fear. Only pure strategies of fear acquisition evolve unless individuals suffer from either a cost to fear or, especially, a cost to learning, either of which can lead to the evolution of mixed strategies. Our results thus shed light onto the evolution of mixed fear acquisition strategies and open the door to further research on the evolution of fear acquisition. © 2024 Elsevier B.V., All rights reserved.","Fear; Innate Behavior; Predation; Predator Avoidance; Innate Behavior; Predation; Predator-prey Interaction; Adult; Article; Evolution; Fear; Learning; Nonhuman; Pharmacoeconomics; Predator; Predator Avoidance; Predator Prey Interaction; Animal; Biological Model; Physiology; Psychology; Animals; Biological Evolution; Fear; Learning; Models, Biological; Predatory Behavior"
"Temperature variability regulates the interactive effects of warming and pharmaceutical on aquatic ecosystem dynamics","2024","Journal of Theoretical Biology","10.1016/j.jtbi.2024.111948","https://www.scopus.com/inward/record.uri?eid=2-s2.0-85204602965&doi=10.1016%2Fj.jtbi.2024.111948&partnerID=40&md5=cf832178980632837dafa43206cc12fe","Climate warming and pharmaceutical contaminants have profound impacts on population dynamics and ecological community structure, yet the consequences of their interactive effects remain poorly understood. Here, we explore how climate warming interacts with pharmaceutical-induced boldness change to affect aquatic ecosystems, built on an empirically well-informed food-chain model, consisting of a size-structured fish consumer, a zooplankton prey, and a fish predator. Climate warming is characterized by both daily mean temperature (DMT) and diurnal temperature range (DTR) in our model. Results show that DMT and high levels of species’ boldness are the primary drivers of community instability. However, their interactive effects can lead to diverse outcomes: from predator collapse to coexistence with seasonality-driven cycles and coexistence with population interaction-driven cycles. The interactive effects are significantly modulated by daily temperature variability, where moderate DTR counteracts the destabilizing interactive effects by increasing consumer reproduction, while large temperature variability considerably reduces consumer biomass, destabilizing the community at high mean temperatures. Our analyses disentangle the respective roles of DMT, DTR and boldness in mediating the response of aquatic ecosystems to the impacts from pharmaceutical contaminants in the context of climate warming. The interactive effects of the environmental stressors reported here underscore the pressing need for studies aimed at quantifying the cumulative impacts of multiple environmental stressors on aquatic ecosystems. © 2024 Elsevier B.V., All rights reserved.","Anthropogenic Disturbance; Aquatic Ecosystem; Life History Traits; Multiple Stressors; Stability; Pharmaceutical Preparations; Water Pollutants, Chemical; Anthropogenic Effect; Aquatic Ecosystem; Coexistence; Community Response; Community Structure; Disturbance; Drug; Environmental Stress; Fish; Life History; Pollution Effect; Pollution Exposure; Population Dynamics; Predator-prey Interaction; Quantitative Analysis; Temperature Effect; Warming; Zooplankton; Aquatic Environment; Article; Biomass; Climate Warming; Consumer; Daily Mean Temperature; Diurnal Temperature Range; Environmental Temperature; Fish Consumption; Food Chain; Nonhuman; Pharmaceutical Contaminant; Pollutant; Predator; Prey; Seasonal Variation; Animal; Biological Model; Climate Change; Ecosystem; Greenhouse Effect; Physiology; Predation; Temperature; Water Pollutant; Pharmaceutics; Animals; Climate Change; Ecosystem; Fishes; Food Chain; Global Warming; Models, Biological; Pharmaceutical Preparations; Population Dynamics; Predatory Behavior; Temperature; Water Pollutants, Chemical; Zooplankton"
"New insights into the combined effect of dispersal and local dynamics in a two-patch population model","2024","Journal of Theoretical Biology","10.1016/j.jtbi.2024.111942","https://www.scopus.com/inward/record.uri?eid=2-s2.0-85204546883&doi=10.1016%2Fj.jtbi.2024.111942&partnerID=40&md5=dc10f4161f1320b39e472b1e8564c31d","Understanding the effect of dispersal on fragmented populations has drawn the attention of ecologists and managers in recent years, and great efforts have been made to understand the impact of dispersal on the total population size. All previous numerical and theoretical findings determined that the possible response scenarios of the overall population size to increasing dispersal are monotonic or hump-shaped, which has become a common assumption in ecology. Against this, we show in this paper that many other response scenarios are possible by using a simple two-patch discrete-time model. This fact evidences the interplay of local dynamics and dispersal and has significant consequences from a management perspective that will be discussed. © 2024 Elsevier B.V., All rights reserved.","Dispersal; Growth Functions; Population Dynamics; Spatial Heterogeneity; Dispersal; Numerical Method; Population Dynamics; Population Size; Theoretical Study; Article; Discrete Event Simulation; Dynamics; Ecologist; Nonhuman; Population Model; Animal; Biological Model; Ecosystem; Population Density; Animals; Ecosystem; Models, Biological; Population Density; Population Dynamics"
"Delayed loss of stability of periodic travelling waves: Insights from the analysis of essential spectra","2024","Journal of Theoretical Biology","10.1016/j.jtbi.2024.111945","https://www.scopus.com/inward/record.uri?eid=2-s2.0-85204487188&doi=10.1016%2Fj.jtbi.2024.111945&partnerID=40&md5=626a349a9a0cf837a142d3df26bfaca4","Periodic travelling waves (PTW) are a common solution type of partial differential equations. Such models exhibit multistability of PTWs, typically visualised through the Busse balloon, and parameter changes typically lead to a cascade of wavelength changes through the Busse balloon. In the past, the stability boundaries of the Busse balloon have been used to predict such wavelength changes. Here, motivated by anecdotal evidence from previous work, we provide compelling evidence that the Busse balloon provides insufficient information to predict wavelength changes due to a delayed loss of stability phenomenon. Using two different reaction–advection–diffusion systems, we relate the delay that occurs between the crossing of a stability boundary in the Busse balloon and the occurrence of a wavelength change to features of the essential spectrum of the destabilised PTW. This leads to a predictive framework that can estimate the order of magnitude of such a time delay, which provides a novel “early warning sign” for pattern destabilisation. We illustrate the implementation of the predictive framework to predict under what conditions a wavelength change of a PTW occurs. © 2024 Elsevier B.V., All rights reserved.","Delayed Loss Of Stability; Periodic Travelling Waves; Plane Waves; Vegetation Patterns; Wavetrains; Rain; Advection-diffusion Equation; Vegetation; Wavelength; Advection; Algorithm; Article; Calculation; Diffusion; Evaporation; Mathematical Model; Mathematical Parameters; Nonhuman; Periodic Travelling Wave; Plant Density; Plant Dispersal; Plant Growth; Prediction; Water Flow; Water Transport; Biological Model; Periodicity; Time Factor; Models, Biological; Periodicity; Time Factors"
"Connectivity between two fishing sites can lead to an emergence phenomenon related to Maximum Sustainable Yield","2024","Journal of Theoretical Biology","10.1016/j.jtbi.2024.111913","https://www.scopus.com/inward/record.uri?eid=2-s2.0-85204094318&doi=10.1016%2Fj.jtbi.2024.111913&partnerID=40&md5=9a8b039cd14c71a091b04bea30e0b496","In this study, we examine the effects of connectivity on the total catch of a fishery consisting of two fishing sites when the fish population is a predator of a larger prey–predator system. To this end, we analyze a prey–predator fish community model in a two-site environment and compute catch at Maximum Sustainable Yield (MSY). We exhibit some emergence phenomenon: the total catch can be greater than the sum of the catch at two isolated sites due to connectivity. This result is obtained when the two sites are heterogeneous. We show that the increase in capture at MSY is maximal for a certain value of the carrying capacity of the second site, all other parameters remaining constant, including the carrying capacity of the first site. A stronger phenomenon can also be observed: even if none of the sites is viable for fishing, the entire system can be viable. We then study the effects of the heterogeneity of the sites and illustrate our results through simulations. It is shown that the excess yield at MSY can become very significant when the characteristics of the prey and predator in terms of potential growth are opposite at each site. © 2024 Elsevier B.V., All rights reserved.","Connectivity; Emergence; Excess Yield; Fisheries Modeling; Msy; Catch Statistics; Connectivity; Emergence; Fishing Community; Maximum Sustainable Yield; Predator-prey Interaction; Article; Fish; Fishery; Fishing; Nonhuman; Predator; Prey; Simulation; Animal; Biological Model; Computer Simulation; Ecosystem; Environmental Protection; Food Chain; Physiology; Population Dynamics; Predation; Animals; Computer Simulation; Conservation Of Natural Resources; Ecosystem; Fisheries; Fishes; Food Chain; Models, Biological; Population Dynamics; Predatory Behavior"
"Persistent biological invasions alter ecological network topology, impacting disease transmission during community assembly","2024","Journal of Theoretical Biology","10.1016/j.jtbi.2024.111950","https://www.scopus.com/inward/record.uri?eid=2-s2.0-85204073092&doi=10.1016%2Fj.jtbi.2024.111950&partnerID=40&md5=b9c934a5182b1b11b58431d97b06c600","Ecological networks experiencing persistent biological invasions may exhibit distinct topological properties, complicating the understanding of how network topology affects disease transmission during invasion-driven community assembly. We developed a trait-based network model to assess the impact of network topology on disease transmission, measured as community- and species-level disease prevalence. We found that trait-based feeding interactions between host species determine the frequency distribution of the niche of co-occurring species in steady-state communities, being either bimodal or multimodal. The width of the growth kernel influences the degree-biomass relationship of species, being either weakly positive or strongly negative. When this relationship is weakly positive, species-level disease prevalence is primarily correlated with biomass. However, when the degree-biomass relationship is strongly negative, species-level disease prevalence is determined by the difference between a host species’ in-degree and out-degree closeness centrality. At the community level, disease prevalence is generally amplified by increasing host richness, community biomass, and the standard deviation of interaction generality, while it is diluted by higher network connectance. Our framework verifies the amplification effects of host richness during invasion-driven community assembly and offers valuable insights for estimating disease prevalence based on host network topology. © 2024 Elsevier B.V., All rights reserved.","Amplification Effect; Disease Prevalence; Network Topology; Species Introduction; Trait-based Model; Biological Invasion; Biomass; Disease Prevalence; Disease Transmission; Ecological Modeling; Host; Niche; Species Richness; Topology; Article; Biological Model; Biological Trait; Closeness Centrality; Community; Community Assembly; Conceptual Framework; Correlation Analysis; Ecological Niche; Environmental Impact; Exploratory Research; Host Interaction; Host Pathogen Interaction; Prevalence; Species Difference; Species Introduction; Species Invasion; Steady State; Animal; Ecosystem; Introduced Species; Animals; Biomass; Ecosystem; Introduced Species; Models, Biological"
"The nasal cavity of the bearded seal: An effective and robust organ for retaining body heat and water","2024","Journal of Theoretical Biology","10.1016/j.jtbi.2024.111933","https://www.scopus.com/inward/record.uri?eid=2-s2.0-85204064581&doi=10.1016%2Fj.jtbi.2024.111933&partnerID=40&md5=f28ddba06184b37656bf078203c7002d","We report the effects of varying physiological and other properties on the heat and water exchange in the maxilloturbinate structure (MT) of the bearded seal (Erignathus barbatus or Eb) in realistic environments, using a computational fluid dynamics (CFD) model. We find that the water retention in percent is very high (about 90 %) and relatively unaffected by either cold (−30 °C) or warm (10 °C) conditions. The retention of heat is also high, around 80 %. Based on a consideration of entropy production by the maxilloturbinate system, we show that anatomical and physiological properties of the seal provide good conditions for heat and water exchange at the mucus lining in the seal's nasal cavity. At normal values of tidal volume and maxilloturbinate (MT) length, the air temperature in the MT reaches the body temperature before the air has left the MT channels. This confers a safety factor which is expected to be helpful in exercise, when ventilation increases. © 2024 Elsevier B.V., All rights reserved.","Bearded Seal (erignathus Barbatus); Computational Fluid Dynamics (cfd); Energy Dissipation; Entropy Production; Heat- And Water Losses; Maxilloturbinate Function; Water; Water; Computational Fluid Dynamics; Energy Dissipation; Ventilation; Water Exchange; Water Retention; Air Temperature; Airflow; Ambient Air; Anatomical Concepts; Article; Bearded Seal; Biosafety; Body Temperature; Cold; Entropy; Environmental Temperature; Exercise; Heat Exchange; Heat Loss; Lung Ventilation; Mathematical Analysis; Mathematical Computing; Maxilla; Maxilloturbinate Structure; Nose Cavity; Nose Mucus; Physiological Process; Pinnipedia; Theoretical Model; Tidal Volume; Animal; Biological Model; High Temperature; Hydrodynamics; Phocidae; Physiology; Thermoregulation; Water; Animals; Body Temperature; Body Temperature Regulation; Hot Temperature; Hydrodynamics; Models, Biological; Nasal Cavity; Seals, Earless; Water"
"Genomic compliance with Chargaff's second parity rule may have originated non-adaptively, but stem-loops now function adaptively","2024","Journal of Theoretical Biology","10.1016/j.jtbi.2024.111943","https://www.scopus.com/inward/record.uri?eid=2-s2.0-85203805682&doi=10.1016%2Fj.jtbi.2024.111943&partnerID=40&md5=2ad2ae6680dd2c6d49567a1297fd778f","Of Chargaff's four rules on DNA base quantity, his second parity rule (PR-2) is the most contentious. Various biometricians (e.g., Sueoka, Lobry) regarded PR-2 compliance as a non-adaptive feature of modern genomes that could be modeled through interrelations among mutation rates. However, PR-2 compliance with stem-loop potential was considered adaptively relevant by biochemists familiar with analyses of nucleic acid structure (e.g., of Crick) and of meiotic recombination (e.g., of Kleckner). Meanwhile, other biometricians had shown that PR-2 complementarity extended beyond individual bases (1-mers) to oligonucleotides (k-mers), possibly reflecting “advantageous DNA structure” (Nussinov). An “introns early” hypothesis (Reanney, Forsdyke) had suggested a primordial nucleic acid world with recombination-mediated error-correction requiring genome-wide stem-loop potential to have evolved prior to localized intrusions of protein-encoding potential (exons). Thus, a primordial genome was equivalent to one long intron. Indeed, when assessed as the base order-dependent component (correcting for local influences of GC%), modern genes, especially when evolving rapidly under positive Darwinian selection, display high intronic stem-loop potential. This suggests forced migration from neighboring exons by competing protein-encoding potential. PR-2 compliance may have first arisen non-adaptively. Primary prototypic structures were later strengthened by their adaptive contribution to recombination. Thus, contentious views may actually be in harmony. © 2024 Elsevier B.V., All rights reserved.","Base Parity; Divergent Hypotheses; Introns Early; K-mer Oligonucleotides; Speciation; Dna; Dna; Dna; Messenger Rna; Oligonucleotide; Complementarity; Genome; Genomics; Mutation; Speciation (biology); Article; Bacteriophage; Caenorhabditis Elegans; Chargaff Second Parity Rule; Dna Base Composition; Dna Content; Dna Structure; Escherichia Coli; Exon; Genetic Parameters; Genetic Selection; Human; Intron; Meiotic Recombination; Nonhuman; Nucleic Acid Structure; Whole Genome Sequencing; Yeast; Animal; Biological Model; Conformation; Genetics; Molecular Evolution; Animals; Evolution, Molecular; Genome; Humans; Introns; Models, Genetic; Nucleic Acid Conformation"
"Simple olfactory navigation in air and water","2024","Journal of Theoretical Biology","10.1016/j.jtbi.2024.111941","https://www.scopus.com/inward/record.uri?eid=2-s2.0-85203643038&doi=10.1016%2Fj.jtbi.2024.111941&partnerID=40&md5=c735301cebc498eaeb68f826b77bae3e","Two simple algorithms based on combining odor concentration differences across time and space along with information on the flow direction are tested for their ability to locate an odor source in four different odor landscapes. Image data taken from air plumes in three different regimes and a water plume are used as test environments for a bilateral (“stereo sampling”) algorithm using concentration differences across two sensors and a “casting” algorithm that uses successive samples to decide orientation. Agents are started at random locations and orientations in the landscape and allowed to move until they reach the source of the odor (success) or leave the imaged area (failure). Parameters for the algorithm are chosen to optimize success and to minimize path length to the source. Success rates over 90% are consistently obtained with path lengths that can be as low as twice the starting distance from the source in air and four times the distance in the highly turbulent water plumes. We find that parameters that optimize success often lead to more exploratory pathways to the source. Information about the direction from which the odor is coming is necessary for successful navigation in the water plume and reduces the path length in the three tested air plumes. © 2024 Elsevier B.V., All rights reserved.","Animal Navigation; Computational Modeling; Klinotaxis; Olfaction; Tropotaxis; Water; Water; Algorithm; Computer Simulation; Navigation; Olfaction; Air; Animal Behavior; Aquatic Environment; Article; Computer Model; Exploratory Behavior; Klinotaxis; Landscape; Nonhuman; Odor; Orientation; Plume; Smelling; Tropotaxis; Animal; Biological Model; Physiology; Spatial Orientation; Fragrance; Water; Air; Algorithms; Animals; Models, Biological; Odorants; Smell; Spatial Navigation; Water"
"Solving the prisoner's dilemma trap in Hamilton's model of temporarily formed random groups","2024","Journal of Theoretical Biology","10.1016/j.jtbi.2024.111946","https://www.scopus.com/inward/record.uri?eid=2-s2.0-85203634657&doi=10.1016%2Fj.jtbi.2024.111946&partnerID=40&md5=e5851f504893db9cb8fd6911baede9e1","Explaining the evolution of cooperation in the strong altruism scenario, where a cooperator does not benefit from her contribution to the public goods, is a challenging problem that requires positive assortment among cooperators (i.e., cooperators must tend to associate with other cooperators) or punishment of defectors. The need for these drastic measures stems from the analysis of a group selection model of temporarily formed random groups introduced by Hamilton nearly fifty years ago to describe the fate of altruistic behavior in a population. Challenging conventional wisdom, we show analytically here that strong altruism evolves in Hamilton's original model in the case of biparental sexual reproduction. Moreover, when the cost of cooperation is small and the amplified contribution shared by group members is large, cooperation is the only stable strategy in equilibrium. Thus, our results provide a solution to the ‘problem of origination’ of strong altruism, i.e. how cooperation can take off from an initial low frequency of cooperators. We discuss a possible reassessment of cooperation in cases of viral co-infection, as cooperation may even be favored in situations where the prisoner's dilemma applies. © 2024 Elsevier B.V., All rights reserved.","Biparental Sexual Reproduction; Group Selection; Hamilton Model; Phenotypic Gambit; Prisoner's Dilemma; Strong Altruism; Behavior; Group Selection; Prisoner Dilemma; Public Goods; Altruism; Article; Binomial Distribution; Biological Model; Biological Trait; Coinfection; Cooperation; Game; Hamilton Model; Mathematical Analysis; Mathematical Computing; Mating Type; Molecular Evolution; Phenotype; Population Research; Punishment; Rna Virus; Simulation; Social Behavior; Virus Infection; Virus Replication; Evolution; Human; Altruism; Biological Evolution; Cooperative Behavior; Game Theory; Humans; Models, Biological; Prisoner Dilemma"
"Effects of delay and error in the feedback structure of ecological management","2024","Journal of Theoretical Biology","10.1016/j.jtbi.2024.111926","https://www.scopus.com/inward/record.uri?eid=2-s2.0-85203414936&doi=10.1016%2Fj.jtbi.2024.111926&partnerID=40&md5=643d772ff40d1a3062005159554afc9a","Ecosystems face various emergent uncertainties owing to factors such as climate change and accelerating anthropogenic impacts. Uncertainty is a major challenge and a barrier that ecosystem management faces, because it is difficult to precisely predict a priori risks that can have significant impacts on ecosystems. Hence, management with adaptive capacity is recommended to deal with such uncertainties, and feedback structures are central mechanisms for such flexible management. This study used mathematical models to clarify the specific impacts of feedback structures on ecosystem management, such as resource and wildlife management. In particular, the impact of errors in estimating ecosystem status when providing feedback and the impact of the time lag before feedback effects were implemented into management were examined. Overestimation of ecosystem status or a large time lag led to undesirable temporal oscillations in ecosystem status. However, these scenarios can be avoided when combined with management practices that limit the impact of management on the ecosystem, such as input control. Ecosystem management tends to have a large spatiotemporal scale, and implementing highly accurate monitoring and sophisticated feedback structures is difficult. However, the results suggest that effective ecosystem management with a simple feedback structure can be achieved through such complementary institutional design. © 2024 Elsevier B.V., All rights reserved.","Adaptive Capacity; Estimation Error; Feedback; Sustainable Resource Management; Time Lag; Adaptive Management; Ecosystem Management; Error Analysis; Estimation Method; Management Practice; Resource Management; Wildlife Management; Article; Climate Change; Ecosystem; Environmental Management; Feedback System; Human; Human Impact (environment); Mathematical Model; Oscillation; Wildlife Conservation; Animal; Biological Model; Environmental Protection; Procedures; Theoretical Model; Time Factor; Uncertainty; Animals; Climate Change; Conservation Of Natural Resources; Ecosystem; Feedback; Models, Biological; Models, Theoretical; Time Factors; Uncertainty"
"Polymorphic population expansion velocity in a heterogeneous environment","2024","Journal of Theoretical Biology","10.1016/j.jtbi.2024.111932","https://www.scopus.com/inward/record.uri?eid=2-s2.0-85203409666&doi=10.1016%2Fj.jtbi.2024.111932&partnerID=40&md5=76ea529825763e4e681e8e04117a54cf","How does the spatial heterogeneity of landscapes interact with the adaptive evolution of populations to influence their spreading speed? This question arises in agricultural contexts where a pathogen population spreads in a landscape composed of several types of crops, as well as in epidemiological settings where a virus spreads among individuals with distinct immune profiles. To address it, we introduce an analytical method based on reaction–diffusion models. We focus on spatially periodic environments with two distinct patches, where the dispersing population consists of two specialized morphs, each potentially mutating to the other. We present new formulas for the speed together with criteria for persistence, accounting for both rapidly and slowly varying environments, as well as small and large mutation rates. Altogether, our analytical and numerical results yield a comprehensive understanding of persistence and spreading dynamics. In particular, compared to a situation without mutations or to a single morph spreading in a heterogeneous landscape, the introduction of mutations to a second morph with reverse specialization, while consistently impeding persistence, can significantly increase speed, even if the mutation rate between the two morphs is very small. Additionally, we find that the amplitude of the spatial fragmentation effect is significantly increased in this case. This has implications for agroecology, emphasizing the higher importance of landscape structure in influencing adaptation-driven population dynamics. © 2024 Elsevier B.V., All rights reserved.","Adaptation; Expansion Speed; Heterogeneity; Mutation; Reaction–diffusion; Adaptive Management; Heterogeneity; Landscape; Mutation; Adaptation; Analytic Method; Article; Diffusion; Human; Mutation Rate; Population Dynamics; Reaction Diffusion Model; Velocity; Biological Model; Environment; Population Growth; Environment; Models, Biological; Mutation; Population Dynamics; Population Growth"
"An approximate solution of the SLIP model under the regime of linear angular dynamics during stance and the stability of symmetric periodic running gaits","2024","Journal of Theoretical Biology","10.1016/j.jtbi.2024.111934","https://www.scopus.com/inward/record.uri?eid=2-s2.0-85203243413&doi=10.1016%2Fj.jtbi.2024.111934&partnerID=40&md5=b5942236f5c5a4f3fc6da3dbfa1f6b14","Terrestrial locomotion is a complex phenomenon that is often linked to the survival of an individual and of an animal species. Mathematical models seek to express in quantitative terms how animals move, but this is challenging because the ways in which the nervous and musculoskeletal systems interact to produce body movement is not completely understood. Models with many variables tend to lack biological interpretability and describe the motion of an animal with too many independent degrees of freedom. Instead, reductionist models aim to describe the essential features of a gait with the smallest number of variables, often concentrating on the center of mass dynamics. In particular, spring–mass models have been successful in extracting and describing important characteristics of running. In this paper, we consider the spring loaded inverted pendulum model under the regime of constant angular velocity, small compression, and small angle swept during stance. We provide conditions for the asymptotic stability of periodic trajectories for the full range of parameters. The hypothesis of linear angular dynamics during stance is successfully tested on publicly available human data of individuals running on a treadmill at different velocities. Our analysis highlights a novel bifurcation phenomenon for varying Froude number: there are periodic trajectories of the spring loaded inverted pendulum model that are stable only in a restricted range of Froude numbers, while they become unstable for smaller or larger Froude numbers. © 2024 Elsevier B.V., All rights reserved.","Gait Stability; Human Running; Hybrid Dynamical Systems; Poincare’ Map; Slip Dynamics; Stability Of Periodic Solutions; Animal; Froude Number; Locomotion; Modeling; Survival; Terrestrial Ecosystem; Angular Velocity Velocity; Anthropometric Parameters; Article; Body Equilibrium; Body Movement; Comparative Study; Computer Model; Controlled Study; Gait; Human; Kinematics; Mathematical Model; Quantitative Study; Running; Small Angle Swept; Small Compression; Standing; Treadmill Exercise; Velocity; Biological Model; Biomechanics; Physiology; Biomechanical Phenomena; Gait; Humans; Models, Biological; Running"
"Sensitivity assessment of optimal control strategies and cost-effectiveness analysis of a novel Candida Auris environmental transmission model in intensive care facilities","2024","Journal of Theoretical Biology","10.1016/j.jtbi.2024.111931","https://www.scopus.com/inward/record.uri?eid=2-s2.0-85203076300&doi=10.1016%2Fj.jtbi.2024.111931&partnerID=40&md5=dbac2f55dfb5b005a43235922e760712","Candida Auris is an emerging fungal pathogen flagged by CDC as a serious global health threat among nosocomial infections in the recent times. As an evolving pathogen that often goes misidentified or unidentified under standard laboratory tests, it has the ability to cause fatal infections among the target population involving patients with serious medical conditions admitted to intensive care facilities, due to its capacity to resist anti-fungal treatment and the ability to persist in the hospital environment for long periods. The subject of this paper is to develop a deterministic model to study the transmission nature of Candida Auris wherein measures like apt admission screening methods with weekly screening follow-ups, transmission prevention, proper treatment protocols and environmental disinfection procedures are introduced as constant mitigating controls into the model initially which are later redefined as variable control functions during the optimal control analysis. The theory of optimal control implemented into the model helps us to understand the sensitivity of each control strategy upon the behaviour of each state variable. Further, cost-effectiveness analysis is rigorously conducted using incremental cost-effectiveness ratio (ICER) to identify and rank the control strategies involved based on their economic efficiency. Numerical simulation for the optimal control analysis is performed in MATLAB using the Forward–Backward Sweep Method and the findings are illustrated graphically. © 2024 Elsevier B.V., All rights reserved.","Candida Auris; Cost-effectiveness Analysis; Mathematical Model; Nosocomial Infections; Numerical Simulation; Optimal Control Analysis; Control System; Disinfection; Fungus; Numerical Model; Pathogen; Sensitivity Analysis; Article; Candida Auris; Candidiasis; Clinical Protocol; Cost Effectiveness Analysis; Fungal Contamination; Fungus Transmission; Hospital Admission; Hospital Infection; Infection Control; Infection Prevention; Intensive Care Unit; Mass Screening; Mathematical Model; Biological Model; Cost Benefit Analysis; Cross Infection; Economics; Human; Prevention And Control; Candidiasis; Cost-benefit Analysis; Cost-effectiveness Analysis; Cross Infection; Humans; Intensive Care Units; Models, Biological"
"Identifiability of speciation times under the multispecies coalescent","2024","Journal of Theoretical Biology","10.1016/j.jtbi.2024.111927","https://www.scopus.com/inward/record.uri?eid=2-s2.0-85202715538&doi=10.1016%2Fj.jtbi.2024.111927&partnerID=40&md5=f909b36e8bce86201b3ab79ffcd31cb9","The advent of rapid and inexpensive sequencing technologies has necessitated the development of computationally efficient methods for analyzing sequence data for many genes simultaneously in a phylogenetic framework. The coalescent process is the most commonly used model for linking the underlying genealogies of individual genes with the global species-level phylogeny, but inference under the coalescent model is computationally daunting in the typical inference frameworks (e.g., the likelihood and Bayesian frameworks) due to the dimensionality of the space of both gene trees and species trees. Here we consider estimation of the branch lengths in fixed species trees with three or four taxa, and show that these branch lengths are identifiable. We also show that for three and four taxa simple estimators for the branch lengths can be derived based on observed site pattern frequencies. Properties of these estimators, such as their asymptotic variances and large-sample distributions, are examined, and performance of the estimators is assessed using simulation. Finally, we use these estimators to develop a hypothesis test that can be used to delimit species under the coalescent model for three or four putative taxa. © 2024 Elsevier B.V., All rights reserved.","Identifiability; Multispecies Coalescent; Speciation Time; Species Delimitation; Genealogy; Identification Method; Phylogenetics; Speciation (biology); Taxonomy; Tree; Article; Controlled Study; Nonhuman; Phylogeny; Simulation; Species Differentiation; Animal; Bayes Theorem; Biological Model; Computer Simulation; Time Factor; Animals; Bayes Theorem; Computer Simulation; Genetic Speciation; Models, Genetic; Phylogeny; Time Factors"
"Influence of stent strut and its associated injury on thrombus formation: A dissipative particle dynamics study","2024","Journal of Theoretical Biology","10.1016/j.jtbi.2024.111929","https://www.scopus.com/inward/record.uri?eid=2-s2.0-85202522648&doi=10.1016%2Fj.jtbi.2024.111929&partnerID=40&md5=1b9969533f0b417a57e147aaf9547e4e","Vascular stent intervention is a pivotal treatment for coronary atherosclerosis, though in-stent thrombosis remains a significant postoperative complication with an unclear underlying mechanism. This study utilized dissipated particle dynamics analysis to investigate the impact of stent and its injury on platelet behavior. The findings suggest that thrombus formation upstream of the stent is mainly initiated by upstream arterial injury, which leads to increased platelet accumulation and activation in that area. While thrombosis downstream of the stent is more directly influenced by the stent itself. The morphology and size of in-stent thrombosis can vary significantly due to the different contributions of the stent and underlying injuries. Additionally, the volume of in-stent thrombosis is affected by the extent of the injury and the viscosity of platelets, showing a notable increase in volume with the lengthening of the injury area and rise in platelet viscosity. This study provides a novel theoretical framework for optimizing stent placement strategies and structural designs by examining the effects of stent struts and associated injuries on thrombus formation. © 2024 Elsevier B.V., All rights reserved.","Dissipative Particle Dynamics; In-stent Thrombosis; Mechanical Endothelial Injury; Stent; Cardiovascular Disease; Disease Treatment; Injury; Artery Injury; Article; Conceptual Framework; Controlled Study; Dynamics; Morphology; Platelet Volume; Size; Stent Thrombosis; Thrombocyte; Viscosity; Adverse Event; Biological Model; Etiology; Human; Stent; Thrombosis; Blood Platelets; Humans; Models, Cardiovascular; Stents; Thrombosis"
"Simulation analyses of the evolution of intra-inflorescence flowering patterns assuming selection on anthesis interval among individual flowers","2024","Journal of Theoretical Biology","10.1016/j.jtbi.2024.111930","https://www.scopus.com/inward/record.uri?eid=2-s2.0-85202030679&doi=10.1016%2Fj.jtbi.2024.111930&partnerID=40&md5=3adab59057b9b994d3793b255631b10b","What conditions select flowering patterns within inflorescences, or variation in the anthesis interval within inflorescences among plants? Under what conditions are gradual blooming and simultaneous blooming, both traits related to floral display size, advantageous? We constructed a simulation model in which the opening times and longevities of individual flowers within inflorescences, the sizes of attractive structures of individual flowers, and the numbers of ovules and pollen grains produced by individual flowers evolve. Individual plants in the population compete for pollinators, and plants are selected by pollinators according to their floral display sizes and amounts of resources allocated to attractive structures. We found that, if the proportion of pollen on a pollinator deposited on a stigma was low, gradual blooming did not evolve even if inbreeding depression was greater than 0.5. This is because the amount of outcross-pollen on pollinators decreased at a low rate during flower visits within a single inflorescence, and the selfing rate was suppressed to a low level even if the floral display size was large. On the other hand, if the proportion of pollen deposition was high, gradual blooming evolved even if inbreeding depression was smaller than 0.5. This may be because gradual blooming can enhance pollen delivery to other plants by reducing the loss of self-pollen by geitonogamy. On the other hand, allocation ratios among floral organs (female and male organs and attractive structures) were independent of the degree of simultaneous and gradual blooming within inflorescences. We concluded that the evolution of gradual blooming is more strongly affected by the proportion of pollen on a pollinator deposited on a stigma than by inbreeding depression. © 2024 Elsevier B.V., All rights reserved.","Floral Display Size; Gradual Blooming Of Flowers Within Inflorescences; Inbreeding Depression; Proportion Of Pollen On A Pollinator Deposited On A Stigma; Simultaneous Blooming Of Flowers Within Inflorescences; Inbreeding Depression; Longevity; Palynology; Pollinator; Article; Evolution; Female; Flower; Flowering; Grain; Inflorescence; Male; Nonhuman; Ovule; Pollen; Simulation; Stigma; Animal; Biological Model; Computer Simulation; Physiology; Pollination; Animals; Biological Evolution; Computer Simulation; Flowers; Inflorescence; Models, Biological; Pollen; Pollination"
"Modeling the bystander effect during viral coinfection","2024","Journal of Theoretical Biology","10.1016/j.jtbi.2024.111928","https://www.scopus.com/inward/record.uri?eid=2-s2.0-85201710128&doi=10.1016%2Fj.jtbi.2024.111928&partnerID=40&md5=269e75728b744cd4a00f5bccf0e129f4","Viral coinfections are responsible for a significant portion of cases of patients hospitalized with influenza-like illness. As our awareness of viral coinfections has increased, researchers have started to experimentally examine some of the virus–virus interactions underlying these infections. One mechanism of interaction between viruses is through the innate immune response. This seems to occur primarily through the interferon response, which generates an antiviral state in nearby uninfected cells, a phenomenon know as the bystander effect. Here, we develop a mathematical model of two viruses interacting through the bystander effect. We find that when the rate of removal of cells to the protected state is high, growth of the first virus is suppressed, while the second virus enjoys sole access to the protected cells, enhancing its growth. Conversely, growth of the second virus can be fully suppressed if its ability to infect the protected cells is limited. © 2024 Elsevier B.V., All rights reserved.","Bystander Effect; Interferon; Mathematical Model; Viral Coinfection; Immune Response; Influenza; Numerical Model; Virus; Article; Bystander Effect (cell); Coinfection; Controlled Study; Mathematical Model; Respiratory Syncytial Virus Infection; Virogenesis; Virus Cell Interaction; Virus Inhibition; Virus Load; Virus Replication; Biological Model; Human; Immunology; Innate Immunity; Virology; Virus Infection; Bystander Effect; Coinfection; Humans; Immunity, Innate; Influenza, Human; Models, Biological; Virus Diseases"
"An adaptive numerical method for multi-cellular simulations of tissue development and maintenance","2024","Journal of Theoretical Biology","10.1016/j.jtbi.2024.111922","https://www.scopus.com/inward/record.uri?eid=2-s2.0-85201457548&doi=10.1016%2Fj.jtbi.2024.111922&partnerID=40&md5=509a4f6d06e6b74f72959a6f1bfab72c","In recent years, multi-cellular models, where cells are represented as individual interacting entities, are becoming ever popular. This has led to a proliferation of novel methods and simulation tools. The first aim of this paper is to review the numerical methods utilised by multi-cellular modelling tools and to demonstrate which numerical methods are appropriate for simulations of tissue and organ development, maintenance, and disease. The second aim is to introduce an adaptive time-stepping algorithm and to demonstrate it's efficiency and accuracy. We focus on off-lattice, mechanics based, models where cell movement is defined by a series of first order ordinary differential equations, derived by assuming over-damped motion and balancing forces. We see that many numerical methods have been used, ranging from simple Forward Euler approaches through to higher order single-step methods like Runge–Kutta 4 and multi-step methods like Adams–Bashforth 2. Through a series of exemplar multi-cellular simulations, we see that if: care is taken to have events (births deaths and re-meshing/re-arrangements) occur on common time-steps; and boundaries are imposed on all sub-steps of numerical methods or implemented using forces, then all numerical methods can converge with the correct order. We introduce an adaptive time-stepping method and demonstrate that the best compromise between L<inf>∞</inf> error and run-time is to use Runge–Kutta 4 with an increased time-step and moderate adaptivity. We see that a judicious choice of numerical method can speed the simulation up by a factor of 10–60 from the Forward Euler methods seen in Osborne et al. (2017), and a further speed up by a factor of 4 can be achieved by using an adaptive time-step. © 2024 Elsevier B.V., All rights reserved.","Adaptivity; Cell-based; Multi-cellular Modelling; Numerical Approximation; Accuracy Assessment; Algorithm; Biological Analysis; Cell; Efficiency Measurement; Adaptive Time Stepping Algorithm; Article; Birth; Cell Motion; Controlled Study; Data Accuracy; Histogenesis; Mathematical Model; Mathematical Parameters; Mechanics; Mortality; Multicellular Simulation; Organogenesis; Simulation; Tissue Growth; Tissue Maintenance; Animal; Biological Model; Computer Simulation; Human; Physiology; Algorithms; Animals; Cell Movement; Computer Simulation; Humans; Models, Biological"
"Kinetic analysis of prothrombinase assembly and substrate delivery mechanisms","2024","Journal of Theoretical Biology","10.1016/j.jtbi.2024.111925","https://www.scopus.com/inward/record.uri?eid=2-s2.0-85201379808&doi=10.1016%2Fj.jtbi.2024.111925&partnerID=40&md5=de383b40eca4c13c9eb809b0c96062ea","Prothrombinase complex, composed of coagulation factors Xa (FXa) and Va (FVa) is a major enzyme of the blood coagulation network that produces thrombin via activation of its inactive precursor prothrombin (FII) on the surface of phospholipid membranes. However, pathways and mechanisms of prothrombinase formation and substrate delivery are still discussed. Here we designed a novel mathematical model that considered different potential pathways of FXa or FII binding (from the membrane or from solution) and analyzed the kinetics of thrombin formation in the presence of a wide range of reactants concentrations. We observed the inhibitory effect of large FVa concentrations and this effect was phospholipid concentration-dependent. We predicted that efficient FII activation occurred via formation of the ternary complex, in which FVa, FXa and FII were in the membrane-bound state. Prothrombin delivery was mostly membrane-dependent, but delivery from solution was predominant under conditions of phospholipid deficiency or FXa/FVa excess. Likewise, FXa delivery from solution was predominant in the case of FVa excess, but high FII did not switch the FXa delivery to the solution-dependent one. Additionally, the FXa delivery pathway did not depend on the phospholipid concentration, being the membrane-dependent one even in case of the phospholipid deficiency. These results suggest a flexible mechanism of prothrombinase functioning which utilizes different complex formation and even inhibitory mechanisms depending on conditions. © 2024 Elsevier B.V., All rights reserved.","Blood Clotting; Computational Modeling; Factor Va; Factor Xa; Reaction Mechanism; Blood Clotting Factor 10a; Prothrombin; Blood Clotting Factor 5; Thrombin; Thromboplastin; Factor V; Factor Va; Factor Xa; Phospholipids; Prothrombin; Prothrombinase Complex; Thrombin; Thromboplastin; Blood Clotting Factor 10a; Blood Clotting Factor 5a; Phospholipid; Prothrombin; Blood Clotting Factor 5; Prothrombinase Complex; Thrombin; Thromboplastin; Blood; Coagulation; Modeling; Reaction Kinetics; Substrate; Article; Binding Affinity; Blood Clotting; Complex Formation; Controlled Study; Drug Delivery System; Kinetics; Mathematical Model; Prediction; Reaction Analysis; Signal Transduction; Solution And Solubility; Biological Model; Enzyme Specificity; Human; Metabolism; Physiology; Blood Coagulation; Factor V; Factor Va; Factor Xa; Humans; Kinetics; Models, Biological; Phospholipids; Prothrombin; Substrate Specificity; Thrombin; Thromboplastin"
"Optimal STI controls for HIV patients based on an efficient deep Q learning method","2024","Journal of Theoretical Biology","10.1016/j.jtbi.2024.111914","https://www.scopus.com/inward/record.uri?eid=2-s2.0-85200791892&doi=10.1016%2Fj.jtbi.2024.111914&partnerID=40&md5=3bf15237a7ec0f2b29a6c49dce0ca049","We investigate an efficient computational tool to suggest useful treatment regimens for people infected with the human immunodeficiency virus (HIV). Structured treatment interruption (STI) is a regimen in which therapeutic drugs are periodically administered and withdrawn to give patients relief from an arduous drug therapy. Numerous studies have been conducted to find better STI treatment strategies using various computational tools with mathematical models of HIV infection. In this paper, we leverage a modified version of the double deep Q network with prioritized experience replay to improve the performance of classic deep learning algorithms. Numerical simulation results show that our methodology produces significantly more optimal cost values for shorter treatment periods compared to other recent studies. Furthermore, our proposed algorithm performs well in one-day segment scenarios, whereas previous studies only reported results for five-day segment scenarios. © 2024 Elsevier B.V., All rights reserved.","Deep Q Networks; Human Immunodeficiency Virus (hiv); Prioritized Experience Replay; Reinforcement Learning; Structured Treatment Interruption (sti); Anti-hiv Agents; Anti Human Immunodeficiency Virus Agent; Algorithm; Disease Treatment; Human Immunodeficiency Virus; Numerical Model; Sexually Transmitted Disease; Article; Controlled Study; Deep Learning; Deep Neural Network; Deep Q Learning; Human; Human Immunodeficiency Virus Infected Patient; Human Immunodeficiency Virus Infection; Learning Algorithm; Mathematical Model; Nonhuman; Nonlinear System; Prioritized Experience Replay; Q Learning; Reinforcement Learning (machine Learning); Simulation; Structured Treatment Interruption; Treatment Interruption; Virus Load; Virus Particle; Computer Simulation; Drug Administration; Drug Therapy; Algorithms; Anti-hiv Agents; Computer Simulation; Deep Learning; Drug Administration Schedule; Hiv Infections; Humans"
"Evolutionary emergence of plant and pollinator polymorphisms in consumer-resource mutualisms","2024","Journal of Theoretical Biology","10.1016/j.jtbi.2024.111911","https://www.scopus.com/inward/record.uri?eid=2-s2.0-85200378047&doi=10.1016%2Fj.jtbi.2024.111911&partnerID=40&md5=02886fafebb0bcc063914e0c97b0110c","Mutualism is considered a major driver of biodiversity, as it enables extensive codiversification in terrestrial communities. An important case is flowering plants and their pollinators, where convergent selection on plant and pollinator traits is combined with divergent selection to minimize niche overlap within each group. In this article, we study the emergence of polymorphisms in communities structured trophically: plants are the primary producers of resources required by the primary consumers, the servicing pollinators. We model natural selection on traits affecting mutualism between plants and pollinators and competition within these two trophic levels. We show that phenotypic diversification is favored by broad plant niches, suggesting that bottom-up trophic control leads to codiversification. Mutualistic generalism, i.e., tolerance to differences in plant and pollinator traits, promotes a cascade of evolutionary branching favored by bottom-up plant competition dependent on similarity and top-down mutualistic services that broaden plant niches. Our results predict a strong positive correlation between the diversity of plant and pollinator phenotypes, which previous work has partially attributed to the trophic dependence of pollinators on plants. © 2024 Elsevier B.V., All rights reserved.","Darwinian Dynamics; Pollination; Resource Competition; Trait Matching; Trophic Interactions; Consumer-resource Interaction; Emergence; Evolution; Mutualism; Pollination; Pollinator; Polymorphism; Trophic Interaction; Angiosperm; Article; Biodiversity; Competition; Consumer; Natural Selection; Nonhuman; Phenotype; Symbiosis; Trophic Level; Animal; Biological Model; Genetic Polymorphism; Genetic Selection; Genetics; Plant; Animals; Biodiversity; Biological Evolution; Models, Biological; Phenotype; Plants; Pollination; Polymorphism, Genetic; Selection, Genetic; Symbiosis"
"Optimal vaccination strategies for imperfect vaccines and variable host susceptibility","2024","Journal of Theoretical Biology","10.1016/j.jtbi.2024.111899","https://www.scopus.com/inward/record.uri?eid=2-s2.0-85200112360&doi=10.1016%2Fj.jtbi.2024.111899&partnerID=40&md5=86e7cfcab6558ef4ea07055bc55ee1b7","I present a method to allocate a given number of vaccines to members of a population who differ in their susceptibility to the disease so that the final size of the epidemic is minimised. I consider an arbitrary distribution of protection that the vaccine confers, including the extreme cases of leaky and all-or-none vaccines. The optimal vaccination policy depends on the distribution of protection. While for low values of the basic reproduction number R<inf>0</inf> the optimal policy prioritises the most susceptible hosts, I show that for almost any distribution the order of priority reverses and the least susceptible hosts should be vaccinated when R<inf>0</inf> is high. The exception where this does not happen is the all-or-none vaccine. However, even a small deviation from the ideal all-or-none distribution can imply that the limited number of vaccines should be given to less susceptible hosts already at realistic values of R<inf>0</inf>. © 2024 Elsevier B.V., All rights reserved.","All-or-none Vaccine; Final Size Of Epidemic; Heterogeneous Host Susceptibility; Leaky Vaccine; Optimal Vaccination; Vaccines; Vaccine; Epidemic; Extreme Event; Vaccination; Article; Basic Reproduction Number; Drug Quality Defect; Host Susceptibility; Human; Immunity; Infection Sensitivity; Optimal Vaccination; Population Size; Resource Allocation; Vaccination Coverage; Disease Predisposition; Immunology; Procedures; Basic Reproduction Number; Disease Susceptibility; Humans; Vaccination; Vaccines"
"Erratum to “Leading edge of the a-wave of the electroretinogram and sodium iodate-induced age-related macular degeneration: A Model” [J. Theor. Biol. 592 (2024) 01–17/111879] (Journal of Theoretical Biology (2024) 592, (S0022519324001632), (10.1016/j.jtbi.2024.111879)","2024","Journal of Theoretical Biology","10.1016/j.jtbi.2024.111912","https://www.scopus.com/inward/record.uri?eid=2-s2.0-85200104484&doi=10.1016%2Fj.jtbi.2024.111912&partnerID=40&md5=8b8ee5e69426246cfaf5cc28650e57f9","The publisher regrets < In place of the image of Fig. A, the image of Fig. 8 should be there. In place of the image of Fig. B, the image of Fig. 9 should be there. Similarly, in place of the image of Fig. 1, the image of Fig. A should be there. In place of the image of Fig. 2, the image of Fig. B should be there. In place of the image of Fig. 3, the image of Fig. 1 should be there. In place of the image of Fig. 4, the image of Fig. 2 should be there. In place of the image of Fig. 5, the image of Fig. 3 should be there. In place of the image of Fig. 6, the image of Fig. 4 should be there. In place of the image of Fig. 7, the image of Fig. 5 should be there. In place of the image of Fig. 8, the image of Fig. 6 should be there and in place of the image of Fig. 9, the image of Fig. 7 should be there.>. The publisher would like to apologise for any inconvenience caused. © 2024 Elsevier B.V., All rights reserved.","Cyclic Gmp; Sodium Iodate; Cyclic Gmp; Sodium Iodate; Age Related Macular Degeneration; Apoptosis; Article; Clinical Article; Electroretinogram; Electroretinography; Human; Intravenous Drug Administration; Oral Drug Administration; Oxidative Stress; Pharmacology; Phototransduction; Erratum; Major Clinical Study"
"Part II: A new perspective for modeling the bone remodeling process: Biology, mechanics, and pathologies","2024","Journal of Theoretical Biology","10.1016/j.jtbi.2024.111894","https://www.scopus.com/inward/record.uri?eid=2-s2.0-85199466297&doi=10.1016%2Fj.jtbi.2024.111894&partnerID=40&md5=5bcb1c860649f70cce7f2ffdf812188b","In this paper, we explore the effects of biological (pathological) and mechanical damage on bone tissue within a benchmark model. Using the Finite Element Methodology, we analyze and numerically test the model's components, capabilities, and performance under physiologically and pathologically relevant conditions. Our findings demonstrate the model's effectiveness in simulating bone remodeling processes and self-repair mechanisms for micro-damage induced by biological internal conditions and mechanical external ones within bone tissue. This article is the second part of a series, where the first part presented the mathematical model and the biological and physical significance of the terms used in a simplified benchmark model. It explored the bone remodeling model's application, implementation, and results under physiological conditions. © 2024 Elsevier B.V., All rights reserved.","Bone Remodeling; Komarova's Model; Osteoblasts; Osteoclasts; Osteocytes; Biology; Bone; Finite Element Method; Modeling; Osteology; Pathology; Article; Benchmarking; Bone Remodeling; Bone Tissue; Finite Element Analysis; Mathematical Model; Mechanics; Nonhuman; Osteoblast; Osteoclast; Osteocyte; Simulation; Animal; Biological Model; Biomechanics; Computer Simulation; Human; Mechanical Stress; Physiology; Animals; Biomechanical Phenomena; Bone And Bones; Bone Remodeling; Computer Simulation; Finite Element Analysis; Humans; Models, Biological; Stress, Mechanical"
"Evolution of labor division in reproduction and multiple group tasks","2024","Journal of Theoretical Biology","10.1016/j.jtbi.2024.111910","https://www.scopus.com/inward/record.uri?eid=2-s2.0-85199434161&doi=10.1016%2Fj.jtbi.2024.111910&partnerID=40&md5=6e3f1e2a3cbc1d3e472753381adfeed5","Labor division is a phenomenon observed across various biological contexts, including examples such as the differentiation between germ/somatic cells in multicellular organisms and the division between reproductive/worker individuals within social animal groups. In such cases, certain members contribute to tasks that enhance the viability of the entire group, even if this requires a reduction in their individual reproductive efforts. Given that group members have the potential to adopt varying contribution levels, a comprehensive analysis of the evolution becomes intricate due to the problem's high dimensionality. In this paper, I introduce a novel method for analyzing the evolution of the distribution of contribution levels to group viability, with a particular formulation centered on the success of clonal strains. The analysis demonstrates that the curvature of the fecundity function in relation to contributions to the group plays a pivotal role in determining the occurrence of labor division between reproductive and non-reproductive tasks, aligning in part with results from prior research. Furthermore, I extend this analysis to encompass contributions to multiple categories of tasks for group viability. My findings indicate that investments in non-reproductive tasks are selected based on the average contributions for each task, with individual variation playing a less significant role as long as average values remain consistent. Additionally, I explore the impact of group size and relatedness within the group on labor division. The results highlight that increases in group size and relatedness have a positive influence on the evolution of cooperation, although their effects are not directly tied to labor division itself. © 2024 Elsevier B.V., All rights reserved.","Evolution Of Cooperation; Fecundity–viability Trade-off; Trait Distribution; Cell; Fecundity; Reproductive Behavior; Trade-off; Article; Cell Differentiation; Cooperation; Evolution; Fertility; Human; Investment; Reproductive Effort; Somatic Cell; Animal; Biological Model; Physiology; Reproduction; Animals; Biological Evolution; Fertility; Models, Biological; Reproduction"
"Modeling the CD8＋ T cell immune response to influenza infection in adult and aged mice","2024","Journal of Theoretical Biology","10.1016/j.jtbi.2024.111898","https://www.scopus.com/inward/record.uri?eid=2-s2.0-85199208377&doi=10.1016%2Fj.jtbi.2024.111898&partnerID=40&md5=38a0b6072e541c562f61c6ed8e99679b","The CD8＋ T cell response is the main determinant of viral clearance during influenza infection. However, influenza viral dynamics and the respective immune responses are affected by the host's age. To investigate age-related differences in the CD8＋ T cell immune response dynamics, we propose 16 ordinary differential equation models of existing experimental data. These data consist of viral titer and CD8＋ T cell counts collected periodically over a period of 19 days from adult and aged mice infected with influenza A/Puerto Rico/8/34 (H1N1). We use the corrected Akaike Information Criterion to identify the models which best represent the considered data. Our model selection process indicates differences in mechanisms which reduce the CD8＋ T cell response: linear downregulation is favored for adult mice, while baseline exponential decay is favored for aged mice. Parameter fitting of the top ranked models suggests that the aged population has reduced CD8＋ T cell proliferation compared to the adult population. More experimental work is needed to determine the specific immunological features through which age might cause these differences. A better understanding of the immunological mechanisms by which aging leads to discrepant CD8＋ T cell dynamics may inform future treatment strategies. © 2024 Elsevier B.V., All rights reserved.","Aging; Cd8＋ T Cells; Influenza; Mathematical Model; Murine Model; Adult; Cell; Immune Response; Infectious Disease; Influenza; Modeling; Rodent; Aged; Aging; Akaike Information Criterion; Animal Cell; Animal Experiment; Animal Model; Article; Cd8 Lymphocyte Count; Cd8+ T Lymphocyte; Cellular Immunity; Controlled Study; Data Analysis; Down Regulation; Female; Groups By Age; Influenza A (h1n1); Influenza A Virus (a/puerto Rico/8/1934(h1n1)); Lymphocyte Proliferation; Mathematical Model; Mouse; Mouse Model; Nonhuman; Ordinary Differential Equation; Population Research; Statistical Model; Virus Load; Age; Animal; Biological Model; Immunology; Influenza A Virus (h1n1); Orthomyxovirus Infection; Virology; Age Factors; Aging; Animals; Cd8-positive T-lymphocytes; Influenza A Virus, H1n1 Subtype; Mice; Models, Immunological; Orthomyxoviridae Infections"
"The growth rate of senile plaques is determined by the competition between the rate of deposition of free Aβ aggregates into plaques and the autocatalytic production of free Aβ aggregates","2024","Journal of Theoretical Biology","10.1016/j.jtbi.2024.111900","https://www.scopus.com/inward/record.uri?eid=2-s2.0-85199098098&doi=10.1016%2Fj.jtbi.2024.111900&partnerID=40&md5=82c4e61cd0ff1536053323e81f7887b5","The formation of amyloid beta (Aβ) deposits (senile plaques) is one of the hallmarks of Alzheimer's disease (AD). This study investigates what processes are primarily responsible for their formation. A model is developed to simulate the diffusion of amyloid beta (Aβ) monomers, the production of free Aβ aggregates through nucleation and autocatalytic processes, and the deposition of these aggregates into senile plaques. The model suggests that efficient degradation of Aβ monomers alone may suffice to prevent the growth of senile plaques, even without degrading Aβ aggregates and existing plaques. This is because the degradation of Aβ monomers interrupts the supply of reactants needed for plaque formation. The impact of Aβ monomer diffusivity is demonstrated to be small, enabling the application of the lumped capacitance approximation and the derivation of approximate analytical solutions for limiting cases with both small and large rates of Aβ aggregate deposition into plaques. It is found that the rate of plaque growth is governed by two competing processes. One is the deposition rate of free Aβ aggregates into senile plaques. If this rate is small, the plaque grows slowly. However, if the rate of deposition of Aβ aggregates into senile plaques is very large, the free Aβ aggregates are removed from the intracellular fluid by deposition into the plaques, leaving insufficient free Aβ aggregates to catalyze the production of new aggregates. This suggests that under certain conditions, Aβ plaques may offer neuroprotection and impede their own growth. Additionally, it indicates that there exists an optimal rate of deposition of free Aβ aggregates into the plaques, at which the plaques attain their maximum size. © 2024 Elsevier B.V., All rights reserved.","Alzheimer's Disease; Finke−watzky Model; Mathematical Modeling; Neuron; Neurotoxicity; Polymerization; Amyloid Beta Protein; Amyloid Beta-peptides; Protein Aggregates; Amyloid Beta Protein; Protein Aggregate; Aggregate; Growth Rate; Mental Health; Numerical Model; Polymerization; Alzheimer Disease; Article; Autocatalysis; Cell Enucleation; Controlled Study; Disease Exacerbation; Human; Mathematical Computing; Mathematical Model; Predictive Value; Protein Aggregation; Protein Degradation; Protein Function; Proteinosis; Senile Plaque; Amyloid Plaque; Biological Model; Metabolism; Pathology; Alzheimer Disease; Amyloid Beta-peptides; Humans; Models, Biological; Plaque, Amyloid; Protein Aggregates; Protein Aggregation, Pathological"
"A mathematical model for wound healing in the reef-building coral Pocillopora damicornis","2024","Journal of Theoretical Biology","10.1016/j.jtbi.2024.111897","https://www.scopus.com/inward/record.uri?eid=2-s2.0-85198967952&doi=10.1016%2Fj.jtbi.2024.111897&partnerID=40&md5=bf428da934a6ad0a12b3ee18525ddfe8","Coral reefs, among the most diverse ecosystems on Earth, currently face major threats from pollution, unsustainable fishing practices, and perturbations in environmental parameters brought on by climate change. Corals also sustain regular wounding from other sea life and human activity. Recent reef restoration practices have even involved intentional wounding by systematically breaking coral fragments and relocating them to revitalize damaged reefs, a practice known as microfragmentation. Despite its importance, very little research has explored the inner mechanisms of wound healing in corals. Some reef-building corals have been observed to initiate an immunological response to wounding similar to that observed in mammalian species. Utilizing prior models of wound healing in mammalian species as the mathematical basis, we formulated a mechanistic model of wound healing, including observations of the immune response and tissue repair in scleractinian corals for the species Pocillopora damicornis. The model consists of four differential equations which track changes in remaining wound debris, number of cells involved in inflammation, number of cells involved in proliferation, and amount of wound closure through re-epithelialization. The model is fit to experimental wound size data from linear and circular shaped wounds on a live coral fragment. Mathematical methods, including numerical simulations and local sensitivity analysis, were used to analyze the resulting model. The parameter space was also explored to investigate drivers of other possible wound outcomes. This model serves as a first step in generating mathematical models for wound healing in corals that will not only aid in the understanding of wound healing as a whole, but also help optimize reef restoration practices and predict recovery behavior after major wounding events. © 2024 Elsevier B.V., All rights reserved.","Amoebocytes; Cellular Dynamics; Differential Equations; Fibroblasts; Parameter Estimation; Sensitivity Analysis; Wound Shape; Climate Change; Coral Reef; Fragmentation; Human Activity; Immunization; Mammal; Numerical Model; Sensitivity Analysis; Animal Cell; Animal Experiment; Animal Model; Animal Tissue; Article; Cell Count; Cell Proliferation; Controlled Study; Coral; Ecosystem Restoration; Epithelization; Experimental Model; Experimental Wound; Fibroblast; Immune Response; Inflammation; Mathematical Model; Nonhuman; Pilot Study; Pocillopora Damicornis; Prediction; Simulation; Tissue Repair; Wound Closure; Wound Healing; Animal; Anthozoa; Biological Model; Physiology; Animals; Coral Reefs; Models, Biological; Wound Healing"
"Data-driven mathematical modeling of sleep consolidation in early childhood","2024","Journal of Theoretical Biology","10.1016/j.jtbi.2024.111892","https://www.scopus.com/inward/record.uri?eid=2-s2.0-85198574131&doi=10.1016%2Fj.jtbi.2024.111892&partnerID=40&md5=c59b43b78d840c9274b2ca0baac4f55b","Across early childhood development, sleep behavior transitions from a biphasic pattern (a daytime nap and nighttime sleep) to a monophasic pattern (only nighttime sleep). The transition to consolidated nighttime sleep, which occurs in most children between 2- and 5-years-old, is a major developmental milestone and reflects interactions between the developing homeostatic sleep drive and circadian system. Using a physiologically-based mathematical model of the sleep-wake regulatory network constrained by observational and experimental data from preschool-aged participants, we analyze how developmentally-mediated changes in the homeostatic sleep drive may contribute to the transition from napping to non-napping sleep patterns. We establish baseline behavior by identifying parameter sets that model typical 2-year-old napping behavior and 5-year-old non-napping behavior. Then we vary six model parameters associated with the dynamics of and sensitivity to the homeostatic sleep drive between the 2-year-old and 5-year-old parameter values to induce the transition from biphasic to monophasic sleep. We analyze the individual contributions of these parameters to sleep patterning by independently varying their age-dependent developmental trajectories. Parameters vary according to distinct evolution curves and produce bifurcation sequences representing various ages of transition onset, transition durations, and transitional sleep patterns. Finally, we consider the ability of napping and non-napping light schedules to reinforce napping or promote a transition to consolidated sleep, respectively. These modeling results provide insight into the role of the homeostatic sleep drive in promoting interindividual variability in developmentally-mediated transitions in sleep behavior and lay foundations for the identification of light- or behavior-based interventions that promote healthy sleep consolidation in early childhood. © 2024 Elsevier B.V., All rights reserved.","Bifurcation Analysis; Data-driven Modeling; Early Childhood Development; Homeostatic Sleep Drive; Sleep-wake Regulation; Bifurcation; Child Development; Child Health; Numerical Model; Sleep; Age; Aged; Article; Child; Childhood; Duration; Human; Male; Mathematical Model; Night Sleep; Preschool Child; Sleep Pattern; Sleep Pressure; Sleep Waking Cycle; Stage 1 Sleep; Biological Model; Circadian Rhythm; Female; Homeostasis; Physiology; Wakefulness; Child Development; Child, Preschool; Circadian Rhythm; Female; Homeostasis; Humans; Male; Models, Biological; Sleep; Wakefulness"
"Generating synthetic signaling networks for in silico modeling studies","2024","Journal of Theoretical Biology","10.1016/j.jtbi.2024.111901","https://www.scopus.com/inward/record.uri?eid=2-s2.0-85198569922&doi=10.1016%2Fj.jtbi.2024.111901&partnerID=40&md5=dd5e32022a2a56f603b0f4ff17b7c114","Predictive models of signaling pathways have proven to be difficult to develop. Traditional approaches to developing mechanistic models rely on collecting experimental data and fitting a single model to that data. This approach works for simple systems but has proven unreliable for complex systems such as biological signaling networks. Thus, there is a need to develop new approaches to create predictive mechanistic models of complex systems. To meet this need, we developed a method for generating artificial signaling networks that were reasonably realistic and thus could be treated as ground truth models. These synthetic models could then be used to generate synthetic data for developing and testing algorithms designed to recover the underlying network topology and associated parameters. We defined the reaction degree and reaction distance to measure the topology of reaction networks, especially to consider enzymes. To determine whether our generated signaling networks displayed meaningful behavior, we compared them with signaling networks from the BioModels Database. This comparison indicated that our generated signaling networks had high topological similarities with BioModels signaling networks with respect to the reaction degree and distance distributions. In addition, our synthetic signaling networks had similar behavioral dynamics with respect to both steady states and oscillations, suggesting that our method generated synthetic signaling networks comparable with BioModels and thus could be useful for building network evaluation tools. © 2024 Elsevier B.V., All rights reserved.","Biochemical Networks; Reaction-based Models; Synthetic Models; Systems Biology; Algorithm; Biochemistry; Database; Modeling; Network Analysis; Article; Biochemical Network; Biomodels Database; Comparative Study; Computer Language; Computer Model; Controlled Study; Data Base; Oscillation; Predictive Model; Reaction Based Model; Signal Transduction; Steady State; Synthetic Model; Synthetic Signaling Network; Systems Biology; Biological Model; Computer Simulation; Physiology; Procedures; Synthetic Biology; Algorithms; Computer Simulation; Models, Biological; Signal Transduction; Synthetic Biology"
"Corrigendum to “A general mathematical framework for understanding the behavior of heterogeneous stem cell regeneration” [J. Theoret. Biol. 492 (2020) 110196](S0022519320300515)(10.1016/j.jtbi.2020.110196)","2024","Journal of Theoretical Biology","10.1016/j.jtbi.2024.111896","https://www.scopus.com/inward/record.uri?eid=2-s2.0-85198330386&doi=10.1016%2Fj.jtbi.2024.111896&partnerID=40&md5=f4f0e59cebb7b66e97b658665973f6c7","The author regrets that there were mistakes in the original publications in the mathematical equations because of typographical errors. The mistakes do not affect the results in the paper, which use the correct equations. Here, we provide the correction forms of the equations. Eq. (2) should be: [Formula presented] Eq. (4) should be: [Formula presented] The equation for tumor development with cell-to-cell variance in section 2.4 should be: [Formula presented]and [Formula presented] Here, [Formula presented]represents the rate of gene mutation from type [Formula presented]to type [Formula presented] and [Formula presented]means the inheritance probability for type [Formula presented] The equation in section 2.5 for the numbers of stem cells, progenitor cells, and terminally differentiated cells should be: [Formula presented] The author would like to apologize for any inconvenience caused. © 2024 Elsevier B.V., All rights reserved.","Cell Cycle; Computational Model; Development; Epigenetic State; Heterogeneity; Stem Cell; Article; Cell Cycle; Cell Differentiation; Cell Regeneration; Computer Model; Gene Mutation; Human; Male; Probability; Stem Cell; Typographical Error; Erratum; Middle Aged"
"Multiple pandemic waves vs multi-period/multi-phasic epidemics: Global shape of the COVID-19 pandemic","2024","Journal of Theoretical Biology","10.1016/j.jtbi.2024.111881","https://www.scopus.com/inward/record.uri?eid=2-s2.0-85198281335&doi=10.1016%2Fj.jtbi.2024.111881&partnerID=40&md5=3a80a4c89aa214ac8f82c41fbf660674","The overall course of the COVID-19 pandemic in Western countries has been characterized by complex sequences of phases. In the period before the arrival of vaccines, these phases were mainly due to the alternation between the strengthening/lifting of social distancing measures, with the aim to balance the protection of health and that of the society as a whole. After the arrival of vaccines, this multi-phasic character was further emphasized by the complicated deployment of vaccination campaigns and the onset of virus’ variants. To cope with this multi-phasic character, we propose a theoretical approach to the modeling of overall pandemic courses, that we term multi-period/multi-phasic, based on a specific definition of phase. This allows a unified and parsimonious representation of complex epidemic courses even when vaccination and virus’ variants are considered, through sequences of weak ergodic renewal equations that become fully ergodic when appropriate conditions are met. Specific hypotheses on epidemiological and intervention parameters allow reduction to simple models. The framework suggest a simple, theory driven, approach to data explanation that allows an accurate reproduction of the overall course of the COVID-19 epidemic in Italy since its beginning (February 2020) up to omicron onset, confirming the validity of the concept. © 2024 Elsevier B.V., All rights reserved.","Age-structured Epidemics; Covid-19; Multi/period- Multi-phasic; Social Distancing; Stable Age Distributions; Vaccination; Accuracy Assessment; Age Structure; Complexity; Covid-19; Disease Control; Disease Incidence; Disease Prevalence; Epidemic; Global Perspective; Health Care; Hypothesis Testing; Pandemic; Vaccination; Advocacy Group; Article; Chronology; Coronavirus Disease 2019; Disease Course; Disease Transmission; Epidemiological Data; Health Care Policy; Herd Immunity; Human; Italy; Nonhuman; Prophylaxis; Sars-cov-2 Omicron; Social Distancing; Theoretical Model; Vaccination Coverage; Epidemiology; Prevention And Control; Severe Acute Respiratory Syndrome Coronavirus 2; Humans; Pandemics; Sars-cov-2; Sars-cov-2 Variants; Vaccination"
"Flock2: A model for orientation-based social flocking","2024","Journal of Theoretical Biology","10.1016/j.jtbi.2024.111880","https://www.scopus.com/inward/record.uri?eid=2-s2.0-85198273527&doi=10.1016%2Fj.jtbi.2024.111880&partnerID=40&md5=74be6408a78dfe8a1ed5134b0685bb14","The aerial flocking of birds, or murmurations, has fascinated observers while presenting many challenges to behavioral study and simulation. We examine how the periphery of murmurations remain well bounded and cohesive. We also investigate agitation waves, which occur when a flock is disturbed, developing a plausible model for how they might emerge spontaneously. To understand these behaviors a new model is presented for orientation-based social flocking. Previous methods model inter-bird dynamics by considering the neighborhood around each bird, and introducing forces for avoidance, alignment, and cohesion as three dimensional vectors that alter acceleration. Our method introduces orientation-based social flocking that treats social influences from neighbors more realistically as a desire to turn, indirectly controlling the heading in an aerodynamic model. While our model can be applied to any flocking social bird we simulate flocks of starlings, Sturnus vulgaris, and demonstrate the possibility of orientation waves in the absence of predators. Our model exhibits spherical and ovoidal flock shapes matching observation. Comparisons of our model to Reynolds’ on energy consumption and frequency analysis demonstrates more realistic motions, significantly less energy use in turning, and a plausible mechanism for emergent orientation waves. © 2024 Elsevier B.V., All rights reserved.","Aerodynamics; Agitation Waves; Bird Flight; Collective Escape; Computational Biology; Flocking; Modeling; Murmuration; Orientation Waves; Aerodynamics; Cohesion; Energy Use; Frequency Analysis; Modeling; Predator; Simulation; Acceleration; Agitation; Article; Avoidance Behavior; Bioinformatics; Bird; Controlled Study; Energy Consumption; Motion; Neighborhood; Nonhuman; Starling; Sturnus Vulgaris; Animal; Animal Behavior; Biological Model; Computer Simulation; Flying; Orientation; Physiology; Social Behavior; Spatial Orientation; Animals; Behavior, Animal; Birds; Computer Simulation; Flight, Animal; Models, Biological; Orientation; Orientation, Spatial; Social Behavior; Starlings"
"Evolution of cooperation in social dilemmas with assortment in finite populations","2024","Journal of Theoretical Biology","10.1016/j.jtbi.2024.111891","https://www.scopus.com/inward/record.uri?eid=2-s2.0-85197632959&doi=10.1016%2Fj.jtbi.2024.111891&partnerID=40&md5=d41f17506b1055f845b5b610d569b167","We investigate conditions for the evolution of cooperation in social dilemmas in finite populations with assortment of players by group founders and general payoff functions for cooperation and defection within groups. Using a diffusion approximation in the limit of a large population size that does not depend on the precise updating rule, we show that the first-order effect of selection on the fixation probability of cooperation when represented once can be expressed as the difference between time-averaged payoffs with respect to effective time that cooperators and defectors spend in direct competition in the different group states. Comparing this fixation probability to its value under neutrality and to the corresponding fixation probability for defection, we deduce conditions for the evolution of cooperation. We show that these conditions are generally less stringent as the level of assortment increases under a wide range of assumptions on the payoffs such as additive, synergetic or discounted benefits for cooperation, fixed cost for cooperation and threshold benefit functions. This is not necessarily the case, however, when payoffs in pairwise interactions are multiplicatively compounded within groups. © 2024 Elsevier B.V., All rights reserved.","Diffusion Approximation; Effective Sojourn Time; Fixation Probability; Prisoner's Dilemma; Volunteer's Dilemma; Diffusion; Fixation; Population Size; Probability; Adult; Article; Collective Action Problem; Cooperation; Evolution; Human; Male; Prisoner Dilemma; Public Goods Dilemma; Biological Model; Game; Population Density; Biological Evolution; Cooperative Behavior; Game Theory; Humans; Models, Biological; Population Density"
"A mathematical model of signalling molecule-mediated processes during regeneration of osteochondral defects after chondrocyte implantation","2024","Journal of Theoretical Biology","10.1016/j.jtbi.2024.111874","https://www.scopus.com/inward/record.uri?eid=2-s2.0-85197558439&doi=10.1016%2Fj.jtbi.2024.111874&partnerID=40&md5=dbfdbb45d7988c9376eebb7667a985d7","Treating bone-cartilage defects is a fundamental clinical problem. The ability of damaged cartilage to self-repair is limited due to its avascularity. Left untreated, these defects can lead to osteoarthritis. Details of osteochondral defect repair are elusive, but animal models indicate healing occurs via an endochondral ossification-like process, similar to that in the growth plate. In the growth plate, the signalling molecules parathyroid hormone-related protein (PTHrP) and Indian Hedgehog (Ihh) form a feedback loop regulating chondrocyte hypertrophy, with Ihh inducing and PTHrP suppressing hypertrophy. To better understand this repair process and to explore the regulatory role of signalling molecules on the regeneration process, we formulate a reaction–diffusion mathematical model of osteochondral defect regeneration after chondrocyte implantation. The drivers of healing are assumed to be chondrocytes and osteoblasts, and their interaction via signalling molecules. We model cell proliferation, migration and chondrocyte hypertrophy, and matrix production and conversion, spatially and temporally. We further model nutrient and signalling molecule diffusion and their interaction with the cells. We consider the PTHrP-Ihh feedback loop as the backbone mechanisms but the model is flexible to incorporate extra signalling mechanisms if needed. Our mathematical model is able to represent repair of osteochondral defects, starting with cartilage formation throughout the defect. This is followed by chondrocyte hypertrophy, matrix calcification and bone formation deep inside the defect, while cartilage at the surface is maintained and eventually separated from the deeper bone by a thin layer of calcified cartilage. The complete process requires around 48 months. A key highlight of the model demonstrates that the PTHrP-Ihh loop alone is insufficient and an extra mechanism is required to initiate chondrocyte hypertrophy, represented by a critical cartilage density. A parameter sensitivity study reveals that the timing of the repair process crucially depends on parameters, such as the critical cartilage density, and those describing the actions of PTHrP to suppress hypertrophy, such as its diffusion coefficient, threshold concentration and degradation rate. © 2024 Elsevier B.V., All rights reserved.","Cartilage Defect; Endochondral Ossification; Mathematical Modelling; Osteochondral Defect; Reaction–diffusion Model; Hedgehog Proteins; Parathyroid Hormone-related Protein; Parathyroid Hormone Related Protein; Sonic Hedgehog Protein; Defect; Hormone; Numerical Model; Protein; Regeneration; Article; Bone Disease; Calcification; Cartilage Density; Cell Interaction; Cell Migration; Cell Proliferation; Chondrocyte Hypertrophy; Chondrocyte Implantation; Chondropathy; Controlled Study; Degradation Kinetics; Diffusion Coefficient; Epiphysis Plate; Extracellular Matrix; Feedback System; Healing; Hypertrophy; Mathematical Model; Musculoskeletal System Parameters; Osteoblast; Osteochondral Defect; Protein Analysis; Protein Function; Reaction Diffusion Model; Tissue Regeneration; Tissue Repair; Animal; Biological Model; Cell Motion; Chondrocyte; Human; Metabolism; Physiology; Signal Transduction; Animals; Cell Movement; Cell Proliferation; Chondrocytes; Hedgehog Proteins; Humans; Models, Biological; Parathyroid Hormone-related Protein; Regeneration; Signal Transduction"
"Leading edge of the a-wave of the electroretinogram and sodium iodate-induced age-related macular degeneration: A model","2024","Journal of Theoretical Biology","10.1016/j.jtbi.2024.111879","https://www.scopus.com/inward/record.uri?eid=2-s2.0-85197554312&doi=10.1016%2Fj.jtbi.2024.111879&partnerID=40&md5=d8f8835270738f056f95463eeeef889e","Background: Iron-induced oxidative stress was thought to be the reason why the a-wave amplitude of the electroretinogram (ERG) dropped when iron ions were present. It is assumed that reactive oxygen species (ROS) are generated in the presence of iron ions, and this leads to a decrease in hyperpolarization of the photoreceptor. It is known that in age-related macular degeneration (AMD), sodium iodate can induce oxidative stress, apoptosis, and retinal damage, which mimic the effects of clinical AMD. Here, the reduction of the a-wave amplitude in mice with sodium iodate-induced age-related macular degeneration is explained. Methods: The leading edge of the a-wave is divided into voltages developed by cones and rods. The same oxidative stress model is applied here since sodium iodate causes the creation of ROS in a manner similar to that caused by iron ions, with the exception that the retina is treated as a circuit of various resistances when computing the photoresponse. Moreover, sodium iodate also leads to apoptosis and, hence, may cause misalignment in cones (not in rods) during the initial stage of apoptosis in AMD. To include the effects of apoptosis and shortening in cones and rods, we have used a factor representing the fraction of total cones and rods that are alive. To include the effect of misalignment of cones on the reduction of the a-wave amplitude, we have used the Stiles-Crawford function to calculate the number of photoisomerizations occurring in a photoreceptor misaligned at an angle θ. The results are compared with experimental data. Results: In sodium iodate-treated eyes, the ROS produced can attract calcium ions in the photoreceptor, which increases the calcium influx. In the case of the cones, the inclusion of the misalignment angle in the phototransduction process helps in determining the voltage and slope of the voltage vs. time graph. The smaller the fraction of active photoreceptors, the smaller the amplitude of the a-wave. The calcium influx, misaligned photoreceptors, and total photoreceptor loss all cause the amplitude of the a-wave to decrease, and at any time from the beginning of phototransduction cascade, the calcium influx causes the slope of the a-wave to increase. Conclusion: The reduction in the a-wave amplitude in the eyes of sodium iodate-treated mice is attributed to oxidative stress in both cones and rods and cone misalignment, which ultimately lead to apoptosis and vision loss in AMD. © 2024 Elsevier B.V., All rights reserved.","A-wave; Amd; Apoptosis; Cgmp; Cone; Misalignment; Oxidative Stress; Photoisomerization; Phototransduction; Rod; Sodium Iodate; Stiles-crawford Effect; Calcium Ion; Iron; Sodium Iodate; Iodate; Iodates; Reactive Oxygen Species; Sodium Iodate; Calcium Ion; Iron; Reactive Oxygen Metabolite; Sodium Iodate; Iodate; Apoptosis; Calcium; Experimental Study; Oxidative Stress; Reactive Oxygen Species; Sodium; A Wave; A Wave Amplitude; Age Related Macular Degeneration; Article; Bleaching; Calcium Cell Level; Calcium Transport; Comparative Study; Concentration (parameter); Controlled Study; Electric Potential; Electroretinogram; Human; Mouse; Nonhuman; Photoreceptor; Phototransduction; Retina; Visual Impairment; Animal; Biological Model; Disease Model; Drug Effect; Electroretinography; Macular Degeneration; Metabolism; Pathology; Pathophysiology; Retina Cone; Retina Rod; Animals; Apoptosis; Disease Models, Animal; Electroretinography; Iodates; Macular Degeneration; Mice; Models, Biological; Oxidative Stress; Reactive Oxygen Species; Retinal Cone Photoreceptor Cells; Retinal Rod Photoreceptor Cells"
"Uncertainty quantification for the random HIV dynamical model driven by drug adherence","2024","Journal of Theoretical Biology","10.1016/j.jtbi.2024.111895","https://www.scopus.com/inward/record.uri?eid=2-s2.0-85197479405&doi=10.1016%2Fj.jtbi.2024.111895&partnerID=40&md5=dbf88fde8c46799e6216d3b102449114","In HIV drug therapy, the high variability of CD4+ T cells and viral loads brings uncertainty to the determination of treatment options and the ultimate treatment efficacy, which may be the result of poor drug adherence. We develop a dynamical HIV model coupled with pharmacokinetics, driven by drug adherence as a random variable, and systematically study the uncertainty quantification, aiming to construct the relationship between drug adherence and therapeutic effect. Using adaptive generalized polynomial chaos, stochastic solutions are approximated as polynomials of input random parameters. Numerical simulations show that results obtained by this method are in good agreement, compared with results obtained through Monte Carlo sampling, which helps to verify the accuracy of approximation. Based on these expansions, we calculate the time-dependent probability density functions of this system theoretically and numerically. To verify the applicability of this model, we fit clinical data of four HIV patients, and the goodness of fit results demonstrate that the proposed random model depicts the dynamics of HIV well. Sensitivity analyses based on the Sobol index indicate that the randomness of drug effect has the greatest impact on both CD4+ T cells and viral loads, compared to random initial values, which further highlights the significance of drug adherence. The proposed models and qualitative analysis results, along with monitoring CD4+ T cells counts and viral loads, evaluate the influence of drug adherence on HIV treatment, which helps to better interpret clinical data with fluctuations and makes several contributions to the design of individual-based optimal antiretroviral strategies. © 2024 Elsevier B.V., All rights reserved.","Adaptive Generalized Polynomial Chaos; Data Fitting; Random Differential Equations; Sobol Index; Uncertainty Quantification; Anti-hiv Agents; Drug; Human Immunodeficiency Virus; Monte Carlo Analysis; Numerical Method; Public Health; Uncertainty Analysis; Article; Cd4+ T Lymphocyte; Human Immunodeficiency Virus; Information Processing; Mathematical Model; Measurement Accuracy; Medication Compliance; Pharmacokinetics; Probability; Simulation; Therapy Effect; Time; Uncertainty; Virus Load; Biological Model; Computer Simulation; Drug Therapy; Human; Human Immunodeficiency Virus Infection; Monte Carlo Method; Stochastic Model; Virology; Anti Human Immunodeficiency Virus Agent; Anti-hiv Agents; Cd4-positive T-lymphocytes; Computer Simulation; Hiv Infections; Humans; Medication Adherence; Models, Biological; Monte Carlo Method; Stochastic Processes; Uncertainty; Viral Load"
"Minimal cellular automaton model with heterogeneous cell sizes predicts epithelial colony growth","2024","Journal of Theoretical Biology","10.1016/j.jtbi.2024.111882","https://www.scopus.com/inward/record.uri?eid=2-s2.0-85197443937&doi=10.1016%2Fj.jtbi.2024.111882&partnerID=40&md5=a613ae7e6fd35c83991cbefa4fc200ac","Regulation of cell proliferation is a crucial aspect of tissue development and homeostasis and plays a major role in morphogenesis, wound healing, and tumor invasion. A phenomenon of such regulation is contact inhibition, which describes the dramatic slowing of proliferation, cell migration and individual cell growth when multiple cells are in contact with each other. While many physiological, molecular and genetic factors are known, the mechanism of contact inhibition is still not fully understood. In particular, the relevance of cellular signaling due to interfacial contact for contact inhibition is still debated. Cellular automata (CA) have been employed in the past as numerically efficient mathematical models to study the dynamics of cell ensembles, but they are not suitable to explore the origins of contact inhibition as such agent-based models assume fixed cell sizes. We develop a minimal, data-driven model to simulate the dynamics of planar cell cultures by extending a probabilistic CA to incorporate size changes of individual cells during growth and cell division. We successfully apply this model to previous in-vitro experiments on contact inhibition in epithelial tissue: After a systematic calibration of the model parameters to measurements of single-cell dynamics, our CA model quantitatively reproduces independent measurements of emergent, culture-wide features, like colony size, cell density and collective cell migration. In particular, the dynamics of the CA model also exhibit the transition from a low-density confluent regime to a stationary postconfluent regime with a rapid decrease in cell size and motion. This implies that the volume exclusion principle, a mechanical constraint which is the only inter-cellular interaction incorporated in the model, paired with a size-dependent proliferation rate is sufficient to generate the observed contact inhibition. We discuss how our approach enables the introduction of effective bio-mechanical interactions in a CA framework for future studies. © 2024 Elsevier B.V., All rights reserved.","Biomechanics; Cell Migration; Cell-based Models; Cell–cell Interaction; Collective Motion; Contact Inhibition; Data-driven Modeling; Spatio-temporal Mathematical Modeling; Biomechanics; Cell; Cellular Automaton; Inhibition; Numerical Model; Spatiotemporal Analysis; Animal Cell; Animal Tissue; Article; Calibration; Cell Collective Motion; Cell Culture; Cell Density; Cell Division; Cell Dynamics; Cell Growth; Cell Interaction; Cell Migration; Cell Motion; Cell Proliferation Rate; Cell Size; Colony Formation; Contact Inhibition; Controlled Study; Data Science; Dynamics; Epithelium; In Vitro Study; Mdck Cell Line; Measurement; Nonhuman; Planar Cell Culture; Prediction; Quantitative Analysis; Simulation; Animal; Biological Model; Cell Proliferation; Cytology; Epithelium Cell; Human; Physiology; Animals; Cell Movement; Cell Proliferation; Cell Size; Contact Inhibition; Epithelial Cells; Humans; Models, Biological"
"Computational model of the cancer necrotic core formation in a tumor-on-a-chip device","2024","Journal of Theoretical Biology","10.1016/j.jtbi.2024.111893","https://www.scopus.com/inward/record.uri?eid=2-s2.0-85197079205&doi=10.1016%2Fj.jtbi.2024.111893&partnerID=40&md5=238109f1a77882aa684d8ae37c855a46","The mechanisms underlying the formation of necrotic regions within avascular tumors are complex and poorly understood. In this paper, we investigate the formation of a necrotic core in a 3D tumor cell culture within a microfluidic device, considering oxygen, nutrients, and the microenvironment acidification by means of a computational-mathematical model. Our objective is to simulate cell processes, including proliferation and death inside a microfluidic device, according to the microenvironmental conditions. We employed approximation utilizing finite element models taking into account glucose, oxygen, and hydrogen ions diffusion, consumption and production, as well as cell proliferation, migration and death, addressing how tumor cells evolve under different conditions. The resulting mathematical model was examined under different scenarios, being capable of reproducing cell death and proliferation under different cell concentrations, and the formation of a necrotic core, in good agreement with experimental data reported in the literature. This approach not only advances our fundamental understanding of necrotic core formation but also provides a robust computational platform to study personalized therapeutic strategies, offering an important tool in cancer research and treatment design. © 2025 Elsevier B.V., All rights reserved.","Finite Element Analysis; Microfluidic Devices; Necrotic Core; Tumor Cells; Cancer; Cell; Disease Treatment; Experimental Study; Finite Element Method; Tumor; Biological Model; Cell Proliferation; Computer Simulation; Human; Lab On A Chip; Necrosis; Neoplasm; Pathology; Physiology; Tumor Microenvironment; Cell Proliferation; Computer Simulation; Humans; Lab-on-a-chip Devices; Models, Biological; Necrosis; Neoplasms; Tumor Microenvironment"
"Range-limited Heaps’ law for functional DNA words in the human genome","2024","Journal of Theoretical Biology","10.1016/j.jtbi.2024.111878","https://www.scopus.com/inward/record.uri?eid=2-s2.0-85196778848&doi=10.1016%2Fj.jtbi.2024.111878&partnerID=40&md5=c628276c44ba7b52cea146ccd4dcc72d","Heaps’ or Herdan-Heaps’ law is a linguistic law describing the relationship between the vocabulary/dictionary size (type) and word counts (token) to be a power-law function. Its existence in genomes with certain definition of DNA words is unclear partly because the dictionary size in genome could be much smaller than that in a human language. We define a DNA word as a coding region in a genome that codes for a protein domain. Using human chromosomes and chromosome arms as individual samples, we establish the existence of Heaps’ law in the human genome within limited range. Our definition of words in a genomic or proteomic context is different from other definitions such as over-represented k-mers which are much shorter in length. Although an approximate power-law distribution of protein domain sizes due to gene duplication and the related Zipf's law is well known, their translation to the Heaps’ law in DNA words is not automatic. Several other animal genomes are shown herein also to exhibit range-limited Heaps’ law with our definition of DNA words, though with various exponents. When tokens were randomly sampled and sample sizes reach to the maximum level, a deviation from the Heaps’ law was observed, but a quadratic regression in log–log type-token plot fits the data perfectly. Investigation of type-token plot and its regression coefficients could provide an alternative narrative of reusage and redundancy of protein domains as well as creation of new protein domains from a linguistic perspective. © 2024 Elsevier B.V., All rights reserved.","Gene Evolution By Duplication; Heaps’ Law; Human Genome; Linguistic Laws; Protein Domains; Dna; Dna; Dna; Chromosome; Gene; Genome; Power Law Distribution; Protein; Article; Chromosome 19; Gene Duplication; Genomics; Protein Domain; Protein Localization; Proteomics; Animal; Genetics; Human; Human Genome; Linguistics; Animals; Genome, Human; Humans; Linguistics; Protein Domains"
"A model of time-dependent macromolecular and elemental composition of phytoplankton","2024","Journal of Theoretical Biology","10.1016/j.jtbi.2024.111883","https://www.scopus.com/inward/record.uri?eid=2-s2.0-85196713870&doi=10.1016%2Fj.jtbi.2024.111883&partnerID=40&md5=1e442eb28c366103ec447e50139718f8","Phytoplankton Chl:C:N:P ratios are important from both an ecological and a biogeochemical perspective. We show that these elemental ratios can be represented by a phytoplankton physiological model of low complexity that includes major cellular macromolecular pools. In particular, our model resolves time-dependent intracellular pools of chlorophyll, proteins, nucleic acids, carbohydrates/lipids, and N and P storage. Batch culture data for two diatom and two prasinophyte species are used to constrain parameters that represent specific allocation traits and strategies. A key novelty is the simultaneous estimation of physiological parameters for two phytoplankton groups of such different sizes. The number of free parameters is reduced by assuming (i) allometric scaling for maximum uptake rates, (ii) shared half-saturation constants for synthesis of functional macromolecules, (iii) shared exudation rates of functional macromolecules across the species. The rationale behind this assumption is that across the different species, the same or similar processes, enzymes, and metabolites play a role in key physiological processes. For the turnover numbers of macromolecular synthesis and storage exudation rates, differences between diatoms and prasinophytes need to be taken into account to obtain a good fit. Our model fits suggest that the parameters related to storage dynamics dominate the differences in the C:N:P ratios between the different phytoplankton groups. Since descriptions of storage dynamics are still incomplete and imprecise, predictions of C:N:P ratios by phytoplankton models likely have a large uncertainty. © 2024 Elsevier B.V., All rights reserved.","Chl; Dynamics; Plankton Physiology; Protein; Stoichiometry; Chlorophyll; Lipid; Nitrogen; Phosphorus; Protein; Carbon; Carbon; Chlorophyll; Macromolecular Substances; Nitrogen; Phosphorus; Carbohydrate; Chlorophyll; Enzyme; Lipid; Nitrogen; Nucleic Acid; Phosphorus; Protein; Carbon; Chemical Composition; Model; Physiology; Phytoplankton; Stoichiometry; Time Dependent Behavior; Allocation Trait; Allometry; Article; Biological Trait; Controlled Study; Diatom; Dynamics; Elemental Analysis; Fed Batch Culture; Macromolecule; Metabolite; Nonhuman; Physiological Model; Physiological Process; Prasinophyceae; Simulation; Species Difference; Theoretical Model; Time Factor; Biological Model; Metabolism; Carbon; Chlorophyll; Diatoms; Macromolecular Substances; Models, Biological; Nitrogen; Phosphorus; Phytoplankton; Time Factors"
"Evaluating infectious disease outbreak potential and mitigation effectiveness on cruise ships","2024","Journal of Theoretical Biology","10.1016/j.jtbi.2024.111875","https://www.scopus.com/inward/record.uri?eid=2-s2.0-85196616740&doi=10.1016%2Fj.jtbi.2024.111875&partnerID=40&md5=6f0b02aee6ee4f59e412b36e7b79e31a","The cruise ship sector is a major part of the tourism industry, and an estimated over 30 million passengers are transformed worldwide each year. Cruise ships bring diverse populations into proximity for many days, facilitating the transmission of respiratory illnesses. The objective of this study is to develop a modeling framework to inform the development of viable disease risk management policies and measures to control disease outbreaks on cruises. Our model, parameterized and calibrated using the data of the COVID-19 outbreak on the Diamond Princess cruise ship in 2020, is used to assess the impact of the mitigation measures such as mask wearing, vaccination, on-board and pre-traveling testing measures. Our results indicate mask wearing in public places as the cheapest and most affordable measure can drop the number of cumulative confirmed cases by almost 50%. This measure along with the vaccination by declining the number of the cumulative confirmed cases by more than 94% is the most effective measure to control outbreaks on cruises. According to our findings, outbreaks are more predominant in the passenger population than the crew members, however, the protection measures are more beneficial if they are applied by both crew members and passengers. Regarding the testing measure, pre-traveling testing is more functional than the on-board testing to control outbreaks on cruises. © 2024 Elsevier B.V., All rights reserved.","Covid-19 Outbreak; Diamond Princess Cruise Ship; Mask Wear; Pre-traveling Test; Vaccination; Ventilation; Covid-19; Disease Control; Disease Spread; Infectious Disease; Risk Assessment; Vaccination; Ventilation; Article; Conceptual Framework; Cost Effectiveness Analysis; Epidemic; Human; Infection; Infection Control; Infection Risk; Isolation; Nonhuman; Personnel Management; Risk Management; Risk Reduction; Ship; Tourism; Travel; Communicable Disease Control; Coronavirus Disease 2019; Epidemiology; Mask; Prevention And Control; Procedures; Severe Acute Respiratory Syndrome Coronavirus 2; Communicable Disease Control; Disease Outbreaks; Humans; Masks; Sars-cov-2; Ships; Tourism; Travel; Vaccination"
"Corrigendum to “From the Price equation to the selection gradient in class-structured populations: A quasi-equilibrium route” [J. Theor. Biol. 447 (2018) 178–189, (S0022519318301474), (10.1016/j.jtbi.2018.03.033)]","2024","Journal of Theoretical Biology","10.1016/j.jtbi.2024.111873","https://www.scopus.com/inward/record.uri?eid=2-s2.0-85195872408&doi=10.1016%2Fj.jtbi.2024.111873&partnerID=40&md5=98b25c4674f547d99c85588622f16d69","The author regrets an error in this article. This was brought to my attention by Tadeas Priklopil. In Section 3.1, I mistakenly characterised the frequencies fk of type i within class k as slow variables, whereas they change on the same time scale as the fast demographic variables. As a result, the general discussion in Section 3.1 is erroneous. Since then, Priklopil and Lehmann (2020) have clarified how the joint eco-evolutionary dynamics can be cast into the form of a fast-slow system by introducing the reproductive-value-weighted mutant frequency as a slow variable (see also Lion (2018a) for a related approach, and notably the equation after Eq. (A5) in Appendix A.3). This issue of the time scales of the ecological and evolutionary variables has also been clarified, in a general polymorphic setting, in Lion et al. (2022). However, starting with Section 3.2 in Lion (2018b), I did not use this erroneous characterisation, but switched to a phenotypic description of the eco-evolutionary dynamics. Under the assumption that the trait values are clustered around the mean, so that [Formula presented] the phenotypic differentiation is [Formula presented] the standard deviation σ is O(ε), and therefore the scaled vector of phenotypic differentiations d is O(1). The rest of the argument is based on the observation that [Formula presented] [Formula presented]so that we expect the vector of phenotypic differentiation d to change on a faster time scale than the mean phenotype [Formula presented] The rest of the paper uses this to calculate a quasi-equilibrium approximation of d, and showing that it leads to the familiar expression of the selection gradient (Eq. (25) in Lion (2018b)), which can also be obtained directly using reproductive-value-weighting (as shown e.g. in Lion (2018a); Priklopil and Lehmann (2024)). I acknowledge that a more rigorous analysis of the separation of time scales I used in Lion (2018b) is needed. However, the general idea and main result of the article remain valid. In addition, there is practical value in recognising that, when the direction of selection is given by the classical selection gradient in class-structured populations, we expect some measures of genetic differentiation to stabilise on a fast scale. Indeed, these measures of genetic differentiation will often be easier to measure in experiments than reproductive values. This is particularly true in spatially structured populations, where the fast stabilisation of local measures of genetic differentiation is often observed and used to simplify the analysis (Rousset, 2004). For instance, in a previous study, we showed that the scaled difference of local vs. global measures of virulence (i.e. the equivalent of the vector d) reaches a quasi-equilibrium during the transient epidemic dynamics (Lion and Gandon, 2016). In practice, we could test this prediction by sampling pathogens at the front or at the rear of an expanding epidemic, or use it to estimate some unknown epidemiological parameters. The author would like to apologise for any inconvenience caused. © 2024 Elsevier B.V., All rights reserved.","Appendix; Article; Epidemic; Female; Genetic Variability; Human; Lion; Male; Nonhuman; Phenotype; Population Structure; Prediction; Price; Erratum; Major Clinical Study"
"Assessing dengue risk globally using non-Markovian models","2024","Journal of Theoretical Biology","10.1016/j.jtbi.2024.111865","https://www.scopus.com/inward/record.uri?eid=2-s2.0-85195073662&doi=10.1016%2Fj.jtbi.2024.111865&partnerID=40&md5=436d13b0550f98e60b53b2e02ff7e093","Dengue is a vector-borne disease transmitted by Aedes mosquitoes. The worldwide spread of these mosquitoes and the increasing disease burden have emphasized the need for a spatio-temporal risk map capable of assessing dengue outbreak conditions and quantifying the outbreak risk. Given that the life cycle of Aedes mosquitoes is strongly influenced by habitat temperature, numerous studies have utilized temperature-dependent development rates of these mosquitoes to construct virus transmission and outbreak risk models. In this study, we contribute to existing research by developing a mechanistic model for the mosquito life cycle that accurately captures its non-Markovian nature. Beginning with integral equations to track the mosquito population across different life cycle stages, we demonstrate how to derive the corresponding differential equations using phase-type distributions. This approach can be further applied to similar non-Markovian processes that are currently described with less accurate Markovian models. By fitting the model to data on human dengue cases, we estimate several model parameters, allowing the development of a global spatiotemporal dengue risk map. This risk model employs temperature and precipitation data to assess the environmental suitability for dengue outbreaks in a given area. © 2024 Elsevier B.V., All rights reserved.","Aedes Mosquitoes; Dengue; Non-markovian Models; Accuracy Assessment; Computer Simulation; Dengue Fever; Developing World; Disease Spread; Disease Transmission; Disease Vector; Environmental Factor; Health Geography; Medical Geography; Numerical Model; Risk Assessment; Spatiotemporal Analysis; Temperature Effect; Tropical Region; Aedes Aegypti; Article; Dengue; Global Disease Burden; Global Health; Habitat Temperature; Human; Infection Risk; Insect Development; Life Cycle; Mathematical Parameters; Mechanistic Model; Model; Non Markovian Model; Nonhuman; Ordinary Differential Equation; Statistical Model; Temperature; Temperature Dependence; Virus Transmission; Aedes; Animal; Biological Model; Dengue Virus; Epidemic; Epidemiology; Growth, Development And Aging; Markov Chain; Mosquito Vector; Physiology; Virology; Animals; Dengue; Dengue Virus; Disease Outbreaks; Humans; Markov Chains; Models, Biological; Mosquito Vectors; Risk Assessment; Temperature"
"Biomathematical modeling of fatigue due to sleep inertia","2024","Journal of Theoretical Biology","10.1016/j.jtbi.2024.111851","https://www.scopus.com/inward/record.uri?eid=2-s2.0-85195086401&doi=10.1016%2Fj.jtbi.2024.111851&partnerID=40&md5=57e3710b796df65131c715d3b43c9229","Biomathematical models of fatigue capture the physiology of sleep/wake regulation and circadian rhythmicity to predict changes in neurobehavioral functioning over time. We used a biomathematical model of fatigue linked to the adenosinergic neuromodulator/receptor system in the brain as a framework to predict sleep inertia, that is, the transient neurobehavioral impairment experienced immediately after awakening. Based on evidence of an adenosinergic basis for sleep inertia, we expanded the biomathematical model with novel differential equations to predict the propensity for sleep inertia during sleep and its manifestation after awakening. Using datasets from large laboratory studies of sleep loss and circadian misalignment, we calibrated the model by fitting just two new parameters and then validated the model's predictions against independent data. The expanded model was found to predict the magnitude and time course of sleep inertia with generally high accuracy. Analysis of the model's dynamics revealed a bifurcation in the predicted manifestation of sleep inertia in sustained sleep restriction paradigms, which reflects the observed escalation of the magnitude of sleep inertia in scenarios with sleep restriction to less than ∼ 4 h per day. Another emergent property of the model involves a rapid increase in the predicted propensity for sleep inertia in the early part of sleep followed by a gradual decline in the later part of the sleep period, which matches what would be expected based on the adenosinergic regulation of non-rapid eye movement (NREM) sleep and its known influence on sleep inertia. These dynamic behaviors provide confidence in the validity of our approach and underscore the predictive potential of the model. The expanded model provides a useful tool for predicting sleep inertia and managing impairment in 24/7 settings where people may need to perform critical tasks immediately after awakening, such as on-demand operations in safety and security, emergency response, and health care. © 2024 Elsevier B.V., All rights reserved.","Alertness; Awakening; Fatigue And Performance Models; Fatigue Risk Management; Temporal Dynamics; Adenosine; Adenosine; Adenosine Receptor; Modeling; Performance Assessment; Risk Assessment; Sleep; Temporal Analysis; Accuracy; Adult; Alertness; Arousal; Article; Behavior Disorder; Brain; Calibration; Circadian Rhythm Disorder; Fatigue; Female; Human; Human Experiment; Male; Mathematical Model; Mental Performance; Nonrem Sleep; Normal Human; Prediction; Risk Management; Sleep Debt; Sleep Inertia; Sleep Waking Cycle; Validity; Wakefulness; Biological Model; Circadian Rhythm; Pathophysiology; Physiology; Sleep Deprivation; Circadian Rhythm; Fatigue; Humans; Models, Biological; Sleep; Sleep Deprivation; Wakefulness"
"The influence of circadian rhythms on CD8+ T cell activation upon vaccination: A mathematical modeling perspective","2024","Journal of Theoretical Biology","10.1016/j.jtbi.2024.111852","https://www.scopus.com/inward/record.uri?eid=2-s2.0-85194540263&doi=10.1016%2Fj.jtbi.2024.111852&partnerID=40&md5=fcef7f90379d441b6e504625a50251ce","Circadian rhythms have been implicated in the modulation of many physiological processes, including those associated with the immune system. For example, these rhythms influence CD8+ T cell responses within the adaptive immune system. The mechanism underlying this immune-circadian interaction, however, remains unclear, particularly in the context of vaccination. Here, we devise a molecularly-explicit gene regulatory network model of early signaling in the naïve CD8+ T cell activation pathway, comprised of three axes (or subsystems) labeled ZAP70, LAT and CD28, to elucidate the molecular details of this immune-circadian mechanism and its relation to vaccination. This is done by coupling the model to a periodic forcing function to identify the molecular players targeted by circadian rhythms, and analyzing how these rhythms subsequently affect CD8+ T cell activation under differing levels of T cell receptor (TCR) phosphorylation, which we designate as vaccine load. By performing both bifurcation and parameter sensitivity analyses on the model at the single cell and ensemble levels, we find that applying periodic forcing on molecular targets within the ZAP70 axis is sufficient to create a day–night discrepancy in CD8+ T cell activation in a manner that is dependent on the bistable switch inherent in CD8+ T cell early signaling. We also demonstrate that the resulting CD8+ T cell activation is dependent on the strength of the periodic coupling as well as on the level of TCR phosphorylation. Our results show that this day–night discrepancy is not transmitted to certain downstream molecules within the LAT subsystem, such as mTORC1, suggesting a secondary, independent circadian regulation on that protein complex. We also corroborate experimental results by showing that the circadian regulation of CD8+ T cell primarily acts at a baseline, pre-vaccination state, playing a facilitating role in priming CD8+ T cells to vaccine inputs according to the time of day. By applying an ensemble level analysis using bifurcation theory and by including several hypothesized molecular targets of this circadian rhythm, we further demonstrate an increased variability between CD8+ T cells (due to heterogeneity) induced by its circadian regulation, which may allow an ensemble of CD8+ T cells to activate at a lower vaccine load, improving its sensitivity. This modeling study thus provides insights into the immune targets of the circadian clock, and proposes an interaction between vaccine load and the influence of circadian rhythms on CD8+ T cell activation. © 2025 Elsevier B.V., All rights reserved.","Adaptive Immunity; Bifurcation Analysis; Bistable Switch; Cd8＋ T Cells; Circadian Rhythm; Ensemble Level Bistable Switch; Mathematical Modeling; Prcc; Vaccination Dynamics; Doublecortin Like Kinase 1; Germinal Center Kinase; Mammalian Target Of Rapamycin Complex 1; Mammalian Target Of Rapamycin Complex 2; Nima Related Kinase 1; Oncogene Protein V Akt; Oncogene Protein V Raf; Polo Like Kinase 1; Protein Kinase Zap 70; Serine Threonine Protein Kinase 3; Serine Threonine Protein Kinase Ulk1; Serine/threonine Protein Kinase Wnk1; Receptors, Antigen, T-cell; Zap-70 Protein-tyrosine Kinase; Cd28 Antigen; Mammalian Target Of Rapamycin Complex 1; Mammalian Target Of Rapamycin Complex 2; Protein Kinase Zap 70; T Lymphocyte Receptor; Lymphocyte Antigen Receptor; Cell; Circadian Rhythm; Gene; Immunity; Numerical Model; Protein; Vaccination; Vaccine; Article; Cd4+ T Lymphocyte; Cd8+ T Lymphocyte; Cell Activation; Cell Fate; Controlled Study; Gene Regulatory Network; Immunoregulation; Mathematical Model; Molecular Dynamics; Oscillation; Protein Phosphorylation; Sensitivity Analysis; Signal Transduction; Biological Model; Human; Immunology; Lymphocyte Activation; Metabolism; Phosphorylation; Physiology; Cd8-positive T-lymphocytes; Circadian Rhythm; Gene Regulatory Networks; Humans; Lymphocyte Activation; Models, Immunological; Phosphorylation; Receptors, Antigen, T-cell; Signal Transduction; Vaccination; Zap-70 Protein-tyrosine Kinase"
"Modeling the heterogeneous apoptotic response of caspase-mediated signaling in tumor cells","2024","Journal of Theoretical Biology","10.1016/j.jtbi.2024.111857","https://www.scopus.com/inward/record.uri?eid=2-s2.0-85194531215&doi=10.1016%2Fj.jtbi.2024.111857&partnerID=40&md5=722f09fe59122f3cd76016ee93986a1a","Resisting apoptosis is a hallmark of cancer. For this reason, it may be possible to force cancer cells to die by targeting components along the apoptotic signaling pathway. However, apoptosis signaling is challenging to understand due to dynamic and complex behaviors of ligands, receptors, and intracellular signaling components in response to cancer therapy. In this work, we forecast the apoptotic response based on the combined impact of these features. We expanded a previously established mathematical model of caspase-mediated apoptosis to include extracellular activation and receptor dynamics. In addition, three potential threshold values of caspase-3 necessary for the activation of apoptosis were selected to forecast which cells become apoptotic over time. We first vary ligand and receptor levels with the number of intracellular signaling proteins remaining consistent. Then, we vary the intracellular protein molecules in each simulated tumor cell to forecast the response of a heterogeneous population. By leveraging the benefits of computational modeling, we investigate the combined effect of several factors on the onset of apoptosis. This work provides quantitative insights for how the apoptotic signaling response can be forecasted, and precisely triggered, amongst heterogeneous cells via extracellular activation. © 2025 Elsevier B.V., All rights reserved.","Apoptosis Signaling; Cancer Systems Biology; Caspase-3; Fas Receptor; Modeling And Simulation; Ordinary Differential Equation Model; Caspase; Caspase 3; Caspase 3; Caspases; Caspase; Caspase 3; Cell Protein; Cell Receptor; Complement Component C3a; Ligand; Tumor Necrosis Factor Receptor Superfamily Member 6; Apoptosis; Biological Analysis; Cell; Computer Simulation; Disease Treatment; Heterogeneity; Mathematical Analysis; Modeling; Numerical Model; Precision; Tumor; Article; Cancer Cell; Cell Activation; Computer Model; Extracellular Signaling; Human; Intracellular Signaling; Malignant Neoplasm; Protein Function; Quantitative Analysis; Signal Transduction; Simulation; Systems Biology; Tumor Cell; Biological Model; Metabolism; Neoplasm; Pathology; Apoptosis; Caspase 3; Caspases; Humans; Models, Biological; Neoplasms; Signal Transduction"
"Effect of migrations on synchrony in host-parasitoid system","2024","Journal of Theoretical Biology","10.1016/j.jtbi.2024.111855","https://www.scopus.com/inward/record.uri?eid=2-s2.0-85194329073&doi=10.1016%2Fj.jtbi.2024.111855&partnerID=40&md5=38ed096ea08816962e848fb0c0c2580f","Insect outbreaks can cause large scale defoliation of forest trees or destruction of crops, leading to ecosystem degradation and economic losses. Some outbreaks occur simultaneously across large geographic scales and some outbreaks occur periodically every few years across space. Parasitoids are a natural enemy of these defoliators and could help mitigate these pest outbreaks. A holistic understanding of the host-parasitoid interactions in a spatial context would thus enhance our ability to understand, predict and prevent these outbreaks. We use a discrete time deterministic model of the host parasitoid system with populations migrating between 2 patches to elucidate features of spatial host outbreaks. We show that whenever populations persist indefinitely, host outbreaks in both patches can occur alternatively (out of phase) at low migration between patches whereas host outbreaks always occur simultaneously (in phase) in both patches at high migration between patches. We show that our results are robust across a large range of parameters across different modelling approaches used typically to model intraspecific competition among hosts and parasitism, in the host-parasitoid literature. We give an analytical expression for the period of oscillations when the migration is low i.e., when host outbreaks in both patches are out of phase, show it is in agreement with numerical results. We end our paper by showing that we get the same results whether we include the biologically rooted formulations from May et al. (1981) or a general cellular automata model with qualitative rules. © 2024 Elsevier B.V., All rights reserved.","Cellular Automata Models; Functional Responses; Host-parasitoid Interactions; Insect Oscillations; Population Dynamics; Cellular Automaton; Defoliation; Functional Response; Host-parasitoid Interaction; Insect; Migration; Population Dynamics; Article; General Aspects Of Disease; Host Outbreak; Host Parasite Interaction; Insect Oscillation; Life Cycle Stage; Nonhuman; Oscillation; Parasite Migration; Parasitism; Patch Dynamics; Animal; Biological Model; Ecosystem; Parasitology; Physiology; Population Migration; Animal Migration; Animals; Ecosystem; Host-parasite Interactions; Insecta; Models, Biological; Population Dynamics"
"Selection by differential survival among marine animals in the Phanerozoic","2024","Journal of Theoretical Biology","10.1016/j.jtbi.2024.111849","https://www.scopus.com/inward/record.uri?eid=2-s2.0-85194300364&doi=10.1016%2Fj.jtbi.2024.111849&partnerID=40&md5=899a7cb2c28ce569b410483cd7b7bf32","The Gaia hypothesis posits that the Earth and its biosphere function as a single self-stabilizing system, but a key challenge is explaining how this could have arisen through Darwinian evolution. One theory is that of “selection by differential survival,” in which a clade's extinction probability decreases with age as it accumulates adaptations resisting environmental disturbances. While this is hard to assess during early Earth history, we can assess whether this process operated among marine animal genera throughout the Phanerozoic. To that end, we analyzed time ranges of 36,117 extinct animal genera using fossil occurrence data from the Paleobiology Database in order to calculate marine metazoan extinction age selectivity, extinction rates, and speciation rates over the Phanerozoic. We identify four signatures of selection by differential survival: lower extinction rates among older lineages, heritability and taxonomically nested propagation of extinction resistance, reduced age selectivity during rare environmental perturbations, and differential extinction rather than speciation as the primary driver of the phenomenon. Evidence for this process at lower taxonomic levels also implies its possibility for life as a whole – indeed, the possibility of Gaia. © 2024 Elsevier B.V., All rights reserved.","Darwinian Evolution; Extinction Selectivity; Gaia Hypothesis; Metazoa; Paleobiology Database; Phanerozoic; Selection By Differential Survival; Adaptation; Biosphere; Environmental Disturbance; Extinction; Fossil; Heritability; Metazoan; Paleobiology; Phanerozoic; Survival; Age; Article; Data Base; Environmental Impact; Extinction Age Selectivity; Genetic Selection; Marine Species; Nonhuman; Selection By Differential Survival; Species Extinction; Taxonomy; Animal; Aquatic Species; Evolution; Physiology; Species Differentiation; Animals; Aquatic Organisms; Biological Evolution; Extinction, Biological; Fossils; Genetic Speciation; Selection, Genetic"
"Flow modeling and structural characterization in fungal pellets","2024","Journal of Theoretical Biology","10.1016/j.jtbi.2024.111853","https://www.scopus.com/inward/record.uri?eid=2-s2.0-85193978321&doi=10.1016%2Fj.jtbi.2024.111853&partnerID=40&md5=201ed6a19804447b945db4134ef4cbe5","Fungal pellets are hierarchical systems that can be found in an ample variety of applications. Modeling transport phenomena in this type of systems is a challenging but necessary task to provide knowledge-based processes that improve the outcome of their biotechnological applications. In this work, an upscaled model for total mass and momentum transport in fungal pellets is implemented and analyzed, using elements of the volume averaging and adjoint homogenization methods departing from the governing equations at the microscale in the intracellular and extracellular phases. The biomass is assumed to be composed of a non-Newtonian fluid and the organelles impervious to momentum transport are modeled as a rigid solid phase. The upscaled equations contain effective-medium coefficients, which are predicted from the solution of adjoint closure problems in a three-dimensional periodic domains representative of the microstructure. The construction of these domains was performed for Laccaria trichodermophora based on observations of actual biological structures. The upscaled model was validated with direct numerical simulations in homogeneous portions of the pellets core. It is shown that no significant differences are observed when the dolipores are open or closed to fluid flow. By comparing the predictions of the average velocity in the extracellular phase resulting from the upscaled model with those from the classical Darcy equation (i.e., assuming that the biomass is a solid phase) the contribution of the intracellular fluid phase was evidenced. This work sets the foundations for further studies dedicated to transport phenomena in this type of systems. © 2024 Elsevier B.V., All rights reserved.","Fluid Mechanics; Laccaria Trichodermophora; Mathematical Model; Upscaling; Biological Analysis; Biomass; Flow Modeling; Fluid Mechanics; Fungus; Hierarchical System; Numerical Model; Adjoint Homogenization; Article; Cell Organelle; Cell Volume; Classical Darcy Equation; Extracellular Membrane; Fluid Flow; Fungal Pellet; Fungal Structures; Geometry; Intracellular Membrane; Laccaria; Laccaria Trichodermophora; Macroscopy; Mass; Mathematical Model; Methodology; Microscale; Microscopy; Microstructure; Non Newtonian Fluid; Nonhuman; Prediction; Simulation; Solid; Velocity; Biological Model; Computer Simulation; Biomass; Computer Simulation; Models, Biological"
"How do productivity gradient and diffusion shape patterns in a plant–herbivore grazing system?","2024","Journal of Theoretical Biology","10.1016/j.jtbi.2024.111856","https://www.scopus.com/inward/record.uri?eid=2-s2.0-85193968367&doi=10.1016%2Fj.jtbi.2024.111856&partnerID=40&md5=b346b4eeec950eba9c91f4532ddb1e0b","Natural systems show heterogeneous patchy distributions of vegetation over large landscapes. Reaction–diffusion systems can demonstrate such heterogeneity of species distributions. Here, we analyse a reaction–diffusion model of plant–herbivore interactions in two-dimensional space to illustrate non-homogeneous distributions of plants and herbivores. The non-spatial system shows bottom-up control, where herbivore density is low under low and high primary productivity but increased at intermediate productivity. In addition, the non-spatial system provides bistability between a dense vegetation state devoid of herbivores and a coexisting state of plants and herbivores. In the spatiotemporal model, we give analytical conditions of occurring diffusion-driven (Turing) instability, where a novel point in our model is the relative dispersal of herbivores, which represents the movement of herbivores from a higher to a lower vegetation state in addition to the self-diffusion of both species. It is shown that heterogeneity in the population distribution does not occur if the relative dispersal of herbivores is low, but it appears in the opposite case. Due to bistability in the underlying non-spatial system, the spatiotemporal model produces initial value-dependent patterns. The two initial values make different patterns despite having the same primary productivity and relative dispersal rate. As productivity increases with a given relative herbivore dispersal, pattern transition occurs from a blend of stripes and spots of low vegetation state to a predominantly low-density vegetation state with smaller patches of densely vegetated states with one initial value. On the contrary, a discernible change in vegetation patterns from cold spots in the dense vegetation to hot stripes in the primarily low-vegetated state is noticed under the other initial population value. Furthermore, the population distributions of plants and herbivores in the entire domain after a long period are heterogeneous for both initial values, provided the relative herbivore dispersal is substantial. We estimated mean population densities to observe species fitness in the whole domain under variable productivity. When productivity is high, the mean population density of plants may go up or down, depending on the herbivore's relative dispersal rate. In contrast to the bottom-up control dynamics of the non-spatial system, the system exhibits a top-down control under high relative dispersal, where the herbivore regulates vegetation growth under high productivity. On the other hand, herbivores are extinct under high productivity if the relative dispersal is low. © 2024 Elsevier B.V., All rights reserved.","Bottom-up Control; Patterns; Plant–herbivore Interaction; Reaction–diffusion Model; Top-down Control; Turing Instability; Biological Production; Bottom-up Control; Diffusion; Grazing; Model; Plant-herbivore Interaction; Top-down Control; Article; Controlled Study; Herbivore; Nonhuman; Plant; Plant Herbivore Interaction; Population Density; Population Distribution; Productivity; Reaction Diffusion Model; Spatiotemporal Analysis; Vegetation; Animal; Biological Model; Ecosystem; Herbivory; Physiology; Population Dynamics; Animals; Ecosystem; Herbivory; Models, Biological; Plants; Population Dynamics"
"Emergent trade-offs among plasticity strategies in mixotrophs","2024","Journal of Theoretical Biology","10.1016/j.jtbi.2024.111854","https://www.scopus.com/inward/record.uri?eid=2-s2.0-85193963217&doi=10.1016%2Fj.jtbi.2024.111854&partnerID=40&md5=ba856f90e70f692724a0802d57bbe691","Marine mixotrophs combine phagotrophy and phototrophy to acquire the resources they need for growth. Metabolic plasticity, the ability for individuals to dynamically alter their relative investment between different metabolic processes, allows mixotrophs to efficiently exploit variable environmental conditions. Different mixotrophs may vary in how quickly they respond to environmental stimuli, with slow-responding mixotrophs exhibiting a significant lag between a change in the environment and the resulting change metabolic strategy. In this study, we develop a model of mixotroph metabolic strategy and explore how the rate of the plastic response affects the seasonality, competitive fitness, and biogeochemical role of mixotroph populations. Fast-responding mixotrophs are characterized by more efficient resource use and higher average growth rates than slow-responding mixotrophs because any lag in the plastic response following a change in environmental conditions creates a mismatch between the mixotroph's metabolic requirements and their resource acquisition. However, this mismatch also results in increased storage of unused resources that support growth under future nutrient-limited conditions. As a result of this trade-off, mixotroph biomass and productivity are maximized at intermediate plastic response rates. Furthermore, the trade-off represents a mechanism for coexistence between fast-responding and slow-responding mixotrophs. In mixed communities, fast-responding mixotrophs are numerically dominant, but slow-responding mixotrophs persist at low abundance due to the provisioning effect that emerges as a result of their less efficient resource acquisition strategy. In addition to increased competitive ability, fast-responding mixotrophs are, on average, more autotrophic than slow-responding mixotrophs. Notably, these trade-offs associated with mixotroph response rate arise without including an explicit physiological cost associated with plasticity, a conclusion that may provide insight into evolutionary constraints of metabolic plasticity in mixotrophic organisms. When an explicit cost is added to the model, it alters the competitive relationships between fast- and slow-responding mixotrophs. Faster plastic response rates are favored by lower physiological costs as well as higher amplitude seasonal cycles. © 2024 Elsevier B.V., All rights reserved.","Food Web Model; Metabolic Plasticity; Mixotrophy; Abundance; Biogeochemistry; Biomass; Coexistence; Food Web; Growth Rate; Metabolism; Mixotrophy; Productivity; Resource Use; Seasonality; Trade-off; Article; Energy Metabolism; Environmental Factor; Metabolic Plasticity; Metabolic Rate; Mixotroph; Nonhuman; Organismal Interaction; Seasonal Variation; Species Dominance; Stimulus Response; Biological Model; Ecosystem; Physiological Adaptation; Season; Adaptation, Physiological; Biomass; Ecosystem; Models, Biological; Seasons"
"Link prediction in protein–protein interaction network: A similarity multiplied similarity algorithm with paths of length three","2024","Journal of Theoretical Biology","10.1016/j.jtbi.2024.111850","https://www.scopus.com/inward/record.uri?eid=2-s2.0-85193472987&doi=10.1016%2Fj.jtbi.2024.111850&partnerID=40&md5=865b8ca5f3e3b086e61a8763017dc965","Protein–protein interactions (PPIs) are crucial for various biological processes, and predicting PPIs is a major challenge. To solve this issue, the most common method is link prediction. Currently, the link prediction methods based on network Paths of Length Three (L3) have been proven to be highly effective. In this paper, we propose a novel link prediction algorithm, named SMS, which is based on L3 and protein similarities. We first design a mixed similarity that combines the topological structure and attribute features of nodes. Then, we compute the predicted value by summing the product of all similarities along the L3. Furthermore, we propose the Max Similarity Multiplied Similarity (maxSMS) algorithm from the perspective of maximum impact. Our computational prediction results show that on six datasets, including S. cerevisiae, H. sapiens, and others, the maxSMS algorithm improves the precision of the top 500, area under the precision–recall curve, and normalized discounted cumulative gain by an average of 26.99%, 53.67%, and 6.7%, respectively, compared to other optimal methods. © 2024 Elsevier B.V., All rights reserved.","Link Prediction; Paths Of Length Three; Protein Similarity; Protein–protein Interaction; Saccharomyces Cerevisiae Proteins; Algorithm; Comparative Study; Computer Simulation; Data Set; Design; Numerical Model; Precision; Prediction; Protein; Topology; Accuracy; Article; Artificial Neural Network; Controlled Study; Nonhuman; Protein Protein Interaction; Saccharomyces Cerevisiae; Similarity Multiplied Similarity; Bioinformatics; Genetics; Human; Metabolism; Procedures; Protein Database; Saccharomyces Cerevisiae Protein; Algorithms; Computational Biology; Databases, Protein; Humans; Protein Interaction Mapping; Protein Interaction Maps; Saccharomyces Cerevisiae Proteins"
"Aβ-protein polymerization in Alzheimer disease: Optimal control for nucleation parameter estimation","2024","Journal of Theoretical Biology","10.1016/j.jtbi.2024.111814","https://www.scopus.com/inward/record.uri?eid=2-s2.0-85192317808&doi=10.1016%2Fj.jtbi.2024.111814&partnerID=40&md5=cbf3827f7bbdc4cfe87f930ea3f2c72c","In this paper, we are interested in the modeling of Alzheimer's disease from the angle of the amyloid cascade hypothesis, where the pathogenic agent is the Aβ protein in its oligomeric form. The formation dynamics of this pathogenic form is modeled by a Becker–Doring type model where APP (Amyloid Precursor Protein) protein, after cleavage by specific enzymes, forms monomeric Aβ proteins, which, by polymerization and/or nucleation, lead to the formation of oligomeric Aβ. We propose an optimal control problem to estimate the rate of nucleation which seems to be at the base of this amyloid cascade hypothesis and for which no (experimental) measurement exists for the moment. © 2024 Elsevier B.V., All rights reserved.","Alzheimer’ Disease; Aβ Protein; Becker–doring Model; Nucleation Process; Optimal Control; Parameter Estimation; Polymerization Process; Amyloid Beta Protein; Amyloid Beta-peptides; Amyloid Beta-protein Precursor; Amyloid Beta Protein; Amyloid Precursor Protein; Modeling; Nervous System Disorder; Nucleation; Parameter Estimation; Polymerization; Protein; Alzheimer Disease; Analytic Method; Article; Human; Molecular Pathology; Physical Parameters; Protein Analysis; Protein Cleavage; Protein Function; Protein Polymerization; Biological Model; Metabolism; Protein Multimerization; Alzheimer Disease; Amyloid Beta-peptides; Amyloid Beta-protein Precursor; Humans; Models, Biological; Polymerization; Protein Multimerization"
"Population dynamics and games of variable size","2024","Journal of Theoretical Biology","10.1016/j.jtbi.2024.111842","https://www.scopus.com/inward/record.uri?eid=2-s2.0-85192160407&doi=10.1016%2Fj.jtbi.2024.111842&partnerID=40&md5=ac4659c54036bef20440739bc6b595ec","This work introduces the concept of Variable Size Game Theory (VSGT), in which the number of players in a game is a strategic decision made by the players themselves. We start by discussing the main examples in game theory: dominance, coexistence, and coordination. We show that the same set of pay-offs can result in coordination-like or coexistence-like games depending on the strategic decision of each player type. We also solve an inverse problem to find a d-player game that reproduces the same fixation pattern of the VSGT. In the sequel, we consider a game involving prosocial and antisocial players, i.e., individuals who tend to play with large groups and small groups, respectively. In this game, a certain task should be performed, that will benefit one of the participants at the expense of the other players. We show that individuals able to gather large groups to perform the task may prevail, even if this task is costly, providing a possible scenario for the evolution of eusociality. The next example shows that different strategies regarding game size may lead to spontaneous separation of different types, a possible scenario for speciation without physical separation (sympatric speciation). In the last example, we generalize to three types of populations from the previous analysis and study compartmental epidemic models: in particular, we recast the SIRS model into the VSGT framework: Susceptibles play 2-player games, while Infectious and Removed play a 1-player game. The SIRS epidemic model is then obtained as the replicator equation of the VSGT. We finish with possible applications of VSGT to be addressed in the future. © 2024 Elsevier B.V., All rights reserved.","Epidemic Models; Evolution Of Eusociality; Fixation; Game Theory; Speciation; Eusociality; Game Theory; Group Behavior; Population Dynamics; Size; Speciation (biology); Antisocial Behavior; Article; Controlled Study; Epidemiological Model; Evolution; Evolution Of Eusociality; Game; Group Dynamics; Human; Play; Prosocial Behavior; Species Differentiation; Task Performance; Variable Size Game Theory; Biological Model; Game Theory; Humans; Models, Biological; Population Dynamics"
"Adipose tissue in the small airways: How much is enough to drive functional changes?","2024","Journal of Theoretical Biology","10.1016/j.jtbi.2024.111835","https://www.scopus.com/inward/record.uri?eid=2-s2.0-85191465364&doi=10.1016%2Fj.jtbi.2024.111835&partnerID=40&md5=bfc182422bf2f25537d35c9eb0d176be","Obesity is a contributing factor to asthma severity; while it has long been understood that obesity is related to greater asthma burden, the mechanisms though which this occurs have not been fully elucidated. One common explanation is that obesity mechanically reduces lung volume through accumulation of adipose tissue external to the thoracic cavity. However, it has been recently demonstrated that there is substantial adipose tissue within the airway wall itself, and that the presence of adipose tissue within the airway wall is related to body mass index. This suggests the possibility of an additional mechanism by which obesity may worsen asthma, namely by altering the behaviour of the airways themselves. To this end, we modify Anafi & Wilson's classic model of the bistable terminal airway to incorporate adipose tissue within the airway wall in order to answer the question of how much adipose tissue would be required in order to drive substantive functional changes. This analysis suggests that adipose tissue within the airway wall on the order of 1%–2% of total airway cross-sectional area could be sufficient to drive meaningful changes, and further that these changes may interact with volume effects to magnify the overall burden. © 2025 Elsevier B.V., All rights reserved.","Adipose Tissue; Airway Hyper-responsiveness; Airway Remodelling; Asthma; Bronchoconstriction; Obesity; Asthma; Fat Reserve; Modeling; Obesity; Adipose Tissue; Article; Disease Course; Human; Human Tissue; Lung Alveolus Wall; Lung Function; Mathematical Model; Respiratory System; Biological Model; Lung; Metabolism; Pathophysiology; Physiology; Adipose Tissue; Asthma; Humans; Lung; Models, Biological; Obesity"
"A coupled neural field model for the standard consolidation theory","2024","Journal of Theoretical Biology","10.1016/j.jtbi.2024.111818","https://www.scopus.com/inward/record.uri?eid=2-s2.0-85191452228&doi=10.1016%2Fj.jtbi.2024.111818&partnerID=40&md5=c826dbc0a1c34358aaa1c5ea04557bb4","The standard consolidation theory states that short-term memories located in the hippocampus enable the consolidation of long-term memories in the neocortex. In other words, the neocortex slowly learns long-term memories with a transient support of the hippocampus that quickly learns unstable memories. However, it is not clear yet what could be the neurobiological mechanisms underlying these differences in learning rates and memory time-scales. Here, we propose a novel modeling approach of the standard consolidation theory, that focuses on its potential neurobiological mechanisms. In addition to synaptic plasticity and spike frequency adaptation, our model incorporates adult neurogenesis in the dentate gyrus as well as the difference in size between the neocortex and the hippocampus, that we associate with distance-dependent synaptic plasticity. We also take into account the interconnected spatial structure of the involved brain areas, by incorporating the above neurobiological mechanisms in a coupled neural field framework, where each area is represented by a separate neural field with intra- and inter-area connections. To our knowledge, this is the first attempt to apply neural fields to this process. Using numerical simulations and mathematical analysis, we explore the short-term and long-term dynamics of the model upon alternance of phases of hippocampal replay and retrieval cue of an external input. This external input is encodable as a memory pattern in the form of a multiple bump attractor pattern in the individual neural fields. In the model, hippocampal memory patterns become encoded first, before neocortical ones, because of the smaller distances between the bumps of the hippocampal memory patterns. As a result, retrieval of the input pattern in the neocortex at short time-scales necessitates the additional input delivered by the memory pattern of the hippocampus. Neocortical memory patterns progressively consolidate at longer times, up to a point where their retrieval does not need the support of the hippocampus anymore. At longer times, perturbation of the hippocampal neural fields by neurogenesis erases the hippocampus pattern, leading to a final state where the memory pattern is exclusively evoked in the neocortex. Therefore, the dynamics of our model successfully reproduces the main features of the standard consolidation theory. This suggests that neurogenesis in the hippocampus and distance-dependent synaptic plasticity coupled to synaptic depression and spike frequency adaptation, are indeed critical neurobiological processes in memory consolidation. © 2025 Elsevier B.V., All rights reserved.","Long-term Plasticity; Multi-bump Attractors; Spike Frequency Adaptation; Synaptic Depression; Systems Consolidation Memory; Brain; Computer Simulation; Memory; Neurology; Numerical Model; Theoretical Study; Analytic Method; Article; Brain Function; Dentate Gyrus; Depression; Distance Perception; Hippocampus; Human; Long Term Memory; Mathematical Analysis; Mathematical Computing; Memory Assessment; Memory Consolidation; Neocortex; Nerve Cell Plasticity; Nervous System Development; Neurobiology; Particle Size; Spike Wave; Structure Analysis; Animal; Biological Model; Physiology; Animals; Hippocampus; Humans; Memory Consolidation; Models, Neurological; Neocortex; Neurogenesis; Neuronal Plasticity"
"Drafting behaviors in fish induced by a local pressure drop around a hydrofoil model","2024","Journal of Theoretical Biology","10.1016/j.jtbi.2024.111821","https://www.scopus.com/inward/record.uri?eid=2-s2.0-85191189727&doi=10.1016%2Fj.jtbi.2024.111821&partnerID=40&md5=eecfc0d04882991905caf9c85ff27f2c","Fish schooling has the improvement in hydrodynamic propulsive efficiency through the interaction of flow field induced by fish bodies and tail beat. Such energy-saving behaviors due to flow interactions also occur with changes in the flow field caused by structures. We examined the differences between a live fish swimming around a streamlined hydrofoil model prepared to represent fish body and swimming alone in a flow tank. We observed that the fish can remain in the same place without tail beating. It called “drafting” behavior. The analysis of fish drafting showed that fish obtained thrust using a local pressure drop caused by the high velocity flow even in the vicinity of the hydrofoil model at an angle of attack α of 10° to 20°without flow separation, and fish balanced forces by using an α of fish body. This tendency was confirmed in the model experiment using a two-axis load cell, and the forces acting on the fish body was the smallest value when the fish model was placed in the same conditions as a live fish experiment. We also confirmed by simulation and found that the α of fish body generated lift force and counteract the suction force. Above results indicate that a fish can balance the anterior–posterior and lateral direction forces by using a local pressure drop around a hydrofoil model as suction force, and using angle of attack on its body, thereby realizing drafting. © 2024 Elsevier B.V., All rights reserved.","Cfd; Fish Drafting; Hydrodynamics; Locomotion; Piv; Biotechnology; Computational Fluid Dynamics; Flow Field; Hydrodynamics; Locomotion; Model Test; Pressure Field; Schooling Behavior; Ship Motion; Structural Component; Suction; Swimming Behavior; Velocity Profile; Vessel; Animal Behavior; Animal Experiment; Article; Controlled Study; Drafting Behavior; Experiment; Fish; Flow; Flow Rate; Force; Hydrofoil Model; Model; Nonhuman; Particle Image Velocimetry; Pressure; Simulation; Swimming; Animal; Biological Model; Biomechanics; Physiology; Animals; Behavior, Animal; Biomechanical Phenomena; Fishes; Hydrodynamics; Models, Biological; Pressure; Swimming"
"Numerical modeling of senile plaque development under conditions of limited diffusivity of amyloid-β monomers","2024","Journal of Theoretical Biology","10.1016/j.jtbi.2024.111823","https://www.scopus.com/inward/record.uri?eid=2-s2.0-85190866483&doi=10.1016%2Fj.jtbi.2024.111823&partnerID=40&md5=e6ab84a965e7c06c64891139445e2440","This paper introduces a new model to simulate the progression of senile plaques, focusing on scenarios where concentrations of amyloid beta (Aβ) monomers and aggregates vary between neurons. Extracellular variations in these concentrations may arise due to limited diffusivity of Aβ monomers and a high rate of Aβ monomer production at lipid membranes, requiring a substantial concentration gradient for diffusion-driven transport of Aβ monomers. The dimensionless formulation of the model is presented, which identifies four key dimensionless parameters governing the solutions for Aβ monomer and aggregate concentrations, as well as the radius of a growing Aβ plaque within the control volume. These parameters include the dimensionless diffusivity of Aβ monomers, the dimensionless rate of Aβ monomer production, and the dimensionless half-lives of Aβ monomers and aggregates. A dimensionless parameter is then introduced to evaluate the validity of the lumped capacitance approximation. An approximate solution is derived for the scenario involving large diffusivity of Aβ monomers and dysfunctional protein degradation machinery, resulting in infinitely long half-lives for Aβ monomers and aggregates. In this scenario, the concentrations of Aβ aggregates and the radius of the Aβ plaque depend solely on a single dimensionless parameter that characterizes the rate of Aβ monomer production. According to the approximate solution, the concentration of Aβ aggregates is linearly dependent on the rate of monomer production, and the radius of an Aβ plaque is directly proportional to the cube root of the rate of monomer production. However, when departing from the conditions of the approximate solution (e.g., finite half-lives), the concentrations of Aβ monomers and aggregates, along with the plaque radius, exhibit complex dependencies on all four dimensionless parameters. For instance, under physiological half-life conditions, the plaque radius reaches a maximum value and stabilizes thereafter. © 2024 Elsevier B.V., All rights reserved.","Alzheimer's Disease; Finke−watzky Model, Mathematical Modeling; Neurodegenerative Disease; Neuron; Neurotoxicity; Amyloid Beta Protein; Amyloid Beta-peptides; Amyloid Beta Protein; Monomer; Cell; Concentration (composition); Mental Disorder; Numerical Model; Protein; Toxicity; Amyloid Plaque; Article; Diffusion; Diffusivity; Disease Association; Disease Course; Lipid Membrane; Mathematical Model; Nerve Cell; Protein Aggregation; Protein Degradation; Protein Transport; Senile Plaque; Simulation; Alzheimer Disease; Biological Model; Human; Metabolism; Pathology; Alzheimer Disease; Amyloid Beta-peptides; Diffusion; Humans; Models, Biological; Plaque, Amyloid"
"Long-term effects of non-pharmaceutical interventions on total disease burden in parsimonious epidemiological models","2024","Journal of Theoretical Biology","10.1016/j.jtbi.2024.111817","https://www.scopus.com/inward/record.uri?eid=2-s2.0-85190519397&doi=10.1016%2Fj.jtbi.2024.111817&partnerID=40&md5=7ab6a3cda232b92f20d0aeea262c67a4","The recent global COVID-19 pandemic resulted in governments enacting non-pharmaceutical interventions (NPIs) targeted at reducing transmission of SARS-CoV-2. But the NPIs also affected the transmission of viruses causing non-target seasonal respiratory diseases, including influenza and respiratory syncytial virus (RSV). In many countries, the NPIs were found to reduce cases of such seasonal respiratory diseases, but there is also evidence that subsequent relaxation of NPIs led to outbreaks of these diseases that were larger than pre-pandemic ones, due to the accumulation of susceptible individuals prior to relaxation. Therefore, the net long-term effects of NPIs on the total disease burden of non-target diseases remain unclear. Knowledge of this is important for infectious disease management and maintenance of public health. In this study, we shed light on this issue for the simplified scenario of a set of NPIs that prevent or reduce transmission of a seasonal respiratory disease for about a year and are then removed, using mathematical analyses and numerical simulations of a suite of four epidemiological models with varying complexity and generality. The model parameters were estimated using empirical data pertaining to seasonal respiratory diseases and covered a wide range. Our results showed that NPIs reduced the total disease burden of a non-target seasonal respiratory disease in the long-term. Expressed as a percentage of population size, the reduction was greater for larger values of the basic reproduction number and the immunity loss rate, reflecting larger outbreaks and hence more infections averted by imposition of NPIs. Our study provides a foundation for exploring the effects of NPIs on total disease burden in more-complex scenarios. © 2024 Elsevier B.V., All rights reserved.","Covid-19; Epidemiological Model; Influenza; Lambert W Function; Respiratory Syncytial Virus; Sars-cov-2; Complexity; Covid-19; Disease Control; Disease Transmission; Disease Treatment; Epidemiology; Governance Approach; Health Geography; Model Test; Parsimony Analysis; Respiratory Disease; Seasonal Variation; Article; Basic Reproduction Number; Controlled Study; Coronavirus Disease 2019; Disease Burden; Epidemiological Model; Human Respiratory Syncytial Virus; Immunity; Mathematical Analysis; Nonhuman; Pandemic; Population Size; Seasonal Influenza; Virus Transmission; Cost Of Illness; Human; Influenza; Respiratory Syncytial Virus Infection; Season; Severe Acute Respiratory Syndrome Coronavirus 2; Cost Of Illness; Epidemiological Models; Humans; Influenza, Human; Pandemics; Respiratory Syncytial Virus Infections; Sars-cov-2; Seasons"
"The long term effects of uncoupling interventions as a therapy for dementia in humans","2024","Journal of Theoretical Biology","10.1016/j.jtbi.2024.111825","https://www.scopus.com/inward/record.uri?eid=2-s2.0-85190445461&doi=10.1016%2Fj.jtbi.2024.111825&partnerID=40&md5=91a5ac5c282d24cfc7bd660762091ff6","In this paper we use simulation methods to study a hypothetical uncoupling agent as a therapy for dementia. We simulate the proliferation of mitochondrial deletion mutants amongst a population of wild-type in human neurons. Mitochondria play a key role in ATP generation. Clonal expansion can lead to the wild-type being overwhelmed by deletions such that a diminished population can no longer fulfil a cell's energy requirement, eventually leading to its demise. The intention of uncoupling is to reduce the formation of deletion mutants by reducing mutation rate. However, a consequence of uncoupling is that the energy production efficacy is also reduced which in turn increases wild-type copy number in order to compensate for the energy deficit. The results of this paper showed that uncoupling reduced the severity of dementia, however, there was some increase in cognitive dysfunction pre-onset of dementia. The effectiveness of uncoupling was dependent upon the timing of intervention relative to the onset of dementia and would necessitate predicting its onset many years in advance. © 2024 Elsevier B.V., All rights reserved.","Dementia; Mitochondrial Dysfunction; Mtdna; Neurons; Uncoupling; Adenosine Triphosphate; Uncoupling Agents; Adenosine Triphosphate; Free Radical; Mitochondrial Dna; Reactive Oxygen Metabolite; Uncoupling Protein; Brain; Cell; Computer Simulation; Disease Treatment; Dna; Mental Disorder; Mitochondrion; Article; Cell Energy; Cognitive Defect; Dementia; Disease Severity; Disorders Of Mitochondrial Functions; Energy Yield; Gene Dosage; Human; Mathematical Analysis; Mutation Rate; Nerve Cell; Oxidative Phosphorylation Uncoupling; Prediction; Simulation; Time To Treatment; Wild Type; Metabolism; Computer Simulation; Dementia; Humans; Mitochondria; Neurons; Uncoupling Agents"
"A resource-based mechanistic framework for castration-resistant prostate cancer (CRPC)","2024","Journal of Theoretical Biology","10.1016/j.jtbi.2024.111806","https://www.scopus.com/inward/record.uri?eid=2-s2.0-85190355571&doi=10.1016%2Fj.jtbi.2024.111806&partnerID=40&md5=3c1e36b21dc1d327cb1346f9a4208033","Cancer therapy often leads to the selective elimination of drug-sensitive cells from the tumour. This can favour the growth of cells resistant to the therapeutic agent, ultimately causing a tumour relapse. Castration-resistant prostate cancer (CRPC) is a well-characterised instance of this phenomenon. In CRPC, after systemic androgen deprivation therapy (ADT), a subset of drug-resistant cancer cells autonomously produce testosterone, thus enabling tumour regrowth. A previous theoretical study has shown that such a tumour relapse can be delayed by inhibiting the growth of drug-resistant cells using biotic competition from drug-sensitive cells. In this context, the centrality of resource dynamics to intra-tumour competition in the CRPC system indicates clear scope for the construction of theoretical models that can explicitly incorporate the underlying mechanisms of tumour ecology. In the current study, we use a modified logistic framework to model cell–cell interactions in terms of the production and consumption of resources. Our results show that steady state composition of CRPC can be understood as a composite function of the availability and utilisation efficiency of two resources-oxygen and testosterone. In particular, we show that the effect of changing resource availability or use efficiency is conditioned by their general abundance regimes. Testosterone typically functions in trace amounts and thus affects steady state behaviour of the CRPC system differently from oxygen, which is usually available at higher levels. Our data thus indicate that explicit consideration of resource dynamics can produce novel and useful mechanistic understanding of CRPC. Furthermore, such a modelling approach also incorporates variables into the system's description that can be directly measured in a clinical context. This is therefore a promising avenue of research in cancer ecology that could lead to therapeutic approaches that are more clearly rooted in the biology of CRPC. © 2024 Elsevier B.V., All rights reserved.","Community Dynamics; Logistic Growth; Prostate Cancer; Resource Consumption; Tumour Ecology; Testosterone; Oxygen; Oxygen; Testosterone; Testosterone; Oxygen; Cancer; Cell; Community Composition; Concentration (composition); Tumor; Algorithm; Article; Castration Resistant Prostate Cancer; Cell Interaction; Community Dynamics; Human; Mortality Rate; Oxygen Supply; Population Size; Prediction; Steady State; Stoichiometry; Testosterone Synthesis; Biological Model; Cell Communication; Drug Resistance; Male; Metabolism; Pathology; Physiology; Cell Communication; Drug Resistance, Neoplasm; Humans; Male; Models, Biological; Oxygen; Prostatic Neoplasms, Castration-resistant; Testosterone"
"SIRS epidemics with individual heterogeneity of immunity waning","2024","Journal of Theoretical Biology","10.1016/j.jtbi.2024.111815","https://www.scopus.com/inward/record.uri?eid=2-s2.0-85190347766&doi=10.1016%2Fj.jtbi.2024.111815&partnerID=40&md5=1449b5288f3435beba862934941855c5","In the current paper we analyse an extended SIRS epidemic model in which immunity at the individual level wanes gradually at exponential rate, but where the waning rate may differ between individuals, for instance as an effect of differences in immune systems. The model also includes vaccination schemes aimed to reach and maintain herd immunity. We consider both the informed situation where the individual waning parameters are known, thus allowing selection of vaccinees being based on both time since last vaccination as well as on the individual waning rate, and the more likely uninformed situation where individual waning parameters are unobserved, thus only allowing vaccination schemes to depend on time since last vaccination. The optimal vaccination policies for both the informed and uniformed heterogeneous situation are derived and compared with the homogeneous waning model (meaning all individuals have the same immunity waning rate), as well as to the classic SIRS model where immunity at the individual level drops from complete immunity to complete susceptibility in one leap. It is shown that the classic SIRS model requires least vaccines, followed by the SIRS with homogeneous gradual waning, followed by the informed situation for the model with heterogeneous gradual waning. The situation requiring most vaccines for herd immunity is the most likely scenario, that immunity wanes gradually with unobserved individual heterogeneity. For parameter values chosen to mimic COVID-19 and assuming perfect initial immunity and cumulative immunity of 12 months, the classic homogeneous SIRS epidemic suggests that vaccinating individuals every 15 months is sufficient to reach and maintain herd immunity, whereas the uninformed case for exponential waning with rate heterogeneity corresponding to a coefficient of variation being 0.5, requires that individuals instead need to be vaccinated every 4.4 months. © 2024 Elsevier B.V., All rights reserved.","Herd Immunity; Heterogeneity; Immunity Waning; Sirs Model; Vaccination; Vaccine; Covid-19; Epidemic; Heterogeneity; Immune System; Immunity; Vaccination; Article; Basic Reproduction Number; Coronavirus Disease 2019; Herd Immunity; Human; Immunity Waning; Pandemic; Sirs Epidemic Model; Statistical Analysis; Susceptible Infected Recovered Model; Immunology; Severe Acute Respiratory Syndrome Coronavirus 2; Epidemics; Humans; Immunity, Herd; Sars-cov-2; Vaccination"
"The succession of ecological divergence and reproductive isolation in adaptive radiations","2024","Journal of Theoretical Biology","10.1016/j.jtbi.2024.111819","https://www.scopus.com/inward/record.uri?eid=2-s2.0-85190323143&doi=10.1016%2Fj.jtbi.2024.111819&partnerID=40&md5=fc1027a8d90857e50abc645f3c32f7d8","Adaptive radiation is a major source of biodiversity but the way in which known components of ecological opportunity, ecological differentiation, and reproductive isolation underpin such biodiversity patterns remains elusive. Much is known about the evolution of ecological differentiation and reproductive isolation during single speciation events, but exactly how those processes scale up to complete adaptive radiations is less understood. Do we expect complete reproductive barriers between newly formed species before the ecological differentiation continues, or does proper species formation occur much later, long after the ecological diversification? Our goal is to improve our mechanistic understanding of adaptive radiations by analyzing an individual-based model that includes a suite of mechanisms that are known to contribute to biodiversity. The model includes variable biogeographic settings, ecological opportunities, and types of mate choice, which makes several different scenarios of an adaptive radiation possible. We find that evolving clades tend to exploit ecological opportunities early whereas reproductive barriers evolve later, demonstrating a decoupling of ecological differentiation and species formation. In many cases, we also find a long-term trend where assortative mating associated with ecological traits is replaced by sexual selection of neutral display traits as the primary mechanism for reproductive isolation. Our results propose that reticulate phylogenies are likely common and stem from initially low reproductive barriers, rather than the previously suggested idea of repeated hybridization events between well-separated species. © 2024 Elsevier B.V., All rights reserved.","Adaptive Radiation; Ecological Diversification; Reproductive Isolation; Speciation; Syngameon Hypothesis; Adaptive Radiation; Biodiversity; Divergence; Model; Reproductive Isolation; Speciation (biology); Succession; Article; Assortative Mating; Cladistics; Controlled Study; Female; Hybridization; Mate Choice; Nonhuman; Phylogeny; Scale Up; Sexual Selection; Species Differentiation; Animal; Biological Model; Ecosystem; Evolution; Physiology; Reproduction; Animals; Biodiversity; Biological Evolution; Ecosystem; Genetic Speciation; Models, Biological; Phylogeny; Reproduction; Reproductive Isolation"
"A simplified longitudinal model for the development of Type 2 Diabetes Mellitus","2024","Journal of Theoretical Biology","10.1016/j.jtbi.2024.111822","https://www.scopus.com/inward/record.uri?eid=2-s2.0-85190275872&doi=10.1016%2Fj.jtbi.2024.111822&partnerID=40&md5=9832c632c8827baf078c26fa8dbf87ba","Obesity and diabetes are a progressively more and more deleterious hallmark of modern, well fed societies. In order to study the potential impact of strategies designed to obviate the pathological consequences of detrimental lifestyles, a model for the development of Type 2 diabetes geared towards large population simulations would be useful. The present work introduces such a model, representing in simplified fashion the interplay between average glycemia, average insulinemia and functional beta-cell mass, and incorporating the effects of excess food intake or, conversely, of physical activity levels. Qualitative properties of the model are formally established and simulations are shown as examples of its use. © 2024 Elsevier B.V., All rights reserved.","Beta-cell Mass; Glucose; Insulin; Mathematical Models; Type 2 Diabetes Mellitus; Glucose; Insulin; Blood Glucose; Insulin; Glucose; Insulin; Cell; Diabetes; Longitudinal Gradient; Obesity; Pathology; Physical Activity; Strategic Approach; Adolescent; Adult; Aged; Aging; Article; Child; Controlled Study; Food Intake; Glucose Blood Level; Human; Human Cell; Insulinemia; Longitudinal Model; Mathematical Model; Non Insulin Dependent Diabetes Mellitus; Pancreas Islet Beta Cell; Pathogenesis; Qualitative Research; Simulation; Very Elderly; Young Adult; Biological Model; Computer Simulation; Exercise; Longitudinal Study; Metabolism; Physiology; Blood Glucose; Computer Simulation; Diabetes Mellitus, Type 2; Exercise; Humans; Insulin; Insulin-secreting Cells; Longitudinal Studies; Models, Biological; Obesity"
"A mathematical model of competition between fiber and mucin degraders in the gut provides a possible explanation for mucus thinning","2024","Journal of Theoretical Biology","10.1016/j.jtbi.2024.111824","https://www.scopus.com/inward/record.uri?eid=2-s2.0-85190242038&doi=10.1016%2Fj.jtbi.2024.111824&partnerID=40&md5=0067c2704f4b576a4395aa02c58c7a53","The human gut microbiota relies on complex carbohydrates (glycans) for energy and growth, primarily dietary fiber and host-derived mucins. We introduce a mathematical model of a glycan generalist and a mucin specialist in a two-compartment chemostat model of the human colon. Our objective is to characterize the influence of dietary fiber and mucin supply on the abundance of mucin-degrading species within the gut ecosystem. Current mathematical gut reactor models that include the enzymatic degradation of glycans do not differentiate between glycan types and their degraders. The model we present distinguishes between a generalist that can degrade both dietary fiber and mucin, and a specialist species that can only degrade mucin. The integrity of the colonic mucus barrier is essential for overall human health and well-being, with the mucin specialist Akkermanisa muciniphila being associated with a healthy mucus layer. Competition, particularly between the specialist and generalists like Bacteroides thetaiotaomicron, may lead to mucus layer erosion, especially during periods of dietary fiber deprivation. Our model treats the colon as a gut reactor system, dividing it into two compartments that represent the lumen and the mucus of the gut, resulting in a complex system of ordinary differential equations with a large and uncertain parameter space. To understand the influence of model parameters on long-term behavior, we employ a random forest classifier, a supervised machine learning method. Additionally, a variance-based sensitivity analysis is utilized to determine the sensitivity of steady-state values to changes in model parameter inputs. By constructing this model, we can investigate the underlying mechanisms that control gut microbiota composition and function, free from confounding factors. © 2024 Elsevier B.V., All rights reserved.","Chemostat Model; Contois Kinetics; Dietary Fiber; Gut Reactor Model; Hydrolysis; Mucins; Preferred Substrate; Random Forest Classifier; Stomach Mucin; Dietary Fiber; Mucins; Polysaccharides; Glycan; Stomach Mucin; Sugar; Mucin; Polysaccharide; Chemostat; Equation; Erosion; Hydrolysis; Machine Learning; Mucus; Numerical Model; Reaction Kinetics; Substrate; Akkermansia Muciniphila; Article; Bacteroides Thetaiotaomicron; Biodegradation; Classifier; Colon; Computer Simulation; Concentration (parameter); Contois Kinetics; Controlled Study; Dietary Fiber; Enzymatic Degradation; Food Deprivation; In Vivo Study; Inhibition Constant; Intestine; Intestine Flora; Kinetics; Mathematical Model; Nonhuman; Random Forest; Sensitivity Analysis; Steady State; Biological Model; Human; Metabolism; Microbiology; Physiology; Colon; Dietary Fiber; Gastrointestinal Microbiome; Humans; Models, Biological; Mucins; Mucus; Polysaccharides"
"A muti-modal feature fusion method based on deep learning for predicting immunotherapy response","2024","Journal of Theoretical Biology","10.1016/j.jtbi.2024.111816","https://www.scopus.com/inward/record.uri?eid=2-s2.0-85189978022&doi=10.1016%2Fj.jtbi.2024.111816&partnerID=40&md5=eeaee33493743a96ce4dd79fb4fc8097","Immune checkpoint therapy (ICT) has greatly improved the survival of cancer patients in the past few years, but only a small number of patients respond to ICT. To predict ICT response, we developed a multi-modal feature fusion model based on deep learning (MFMDL). This model utilizes graph neural networks to map gene-gene relationships in gene networks to low dimensional vector spaces, and then fuses biological pathway features and immune cell infiltration features to make robust predictions of ICT. We used five datasets to validate the predictive performance of the MFMDL. These five datasets span multiple types of cancer, including melanoma, lung cancer, and gastric cancer. We found that the prediction performance of multi-modal feature fusion model based on deep learning is superior to other traditional ICT biomarkers, such as ICT targets or tumor microenvironment-associated markers. In addition, we also conducted ablation experiments to demonstrate the necessity of fusing different modal features, which can improve the prediction accuracy of the model. © 2024 Elsevier B.V., All rights reserved.","Data Fusion; Deep Learning; Precision Medicine; Tumor Immunotherapy Response; Biological Marker; Cytotoxic T Lymphocyte Antigen 4; Immune Checkpoint Inhibitor; Programmed Death 1 Ligand 1; Programmed Death 1 Receptor; Biomarker; Cancer; Immune Response; Immune System; Learning; Prediction; Article; Artificial Neural Network; Cancer Immunotherapy; Cancer Patient; Cancer Survival; Cell Infiltration; Convolutional Neural Network; Deep Learning; Drug Targeting; Genetic Analysis; Human; Immunocompetent Cell; Intermethod Comparison; Lung Cancer; Malignant Neoplasm; Mathematical Analysis; Melanoma; Non Small Cell Lung Cancer; Overall Survival; Stomach Cancer; Treatment Response; Tumor Microenvironment; Gene Regulatory Network; Immunotherapy; Lung Tumor; Deep Learning; Gene Regulatory Networks; Humans; Immunotherapy; Lung Neoplasms; Melanoma; Tumor Microenvironment"
"Chemotaxis in heterogeneous environments: A multi-agent model of decentralized gathering past obstacles","2024","Journal of Theoretical Biology","10.1016/j.jtbi.2024.111820","https://www.scopus.com/inward/record.uri?eid=2-s2.0-85189939366&doi=10.1016%2Fj.jtbi.2024.111820&partnerID=40&md5=960df9af552fbaeec25fa2d92f46ae8e","Chemotaxis, cell migration in response to chemical gradients, is known to promote self-organization of microbiological populations. However, the modeling of chemotaxis in heterogeneous environments is still limited. This study analyzes a decentralized gathering process in environments with physical as well as chemical barriers, using a multi-agent model for Disctyostelium discoideum colonies. Employing a topology-independent metric to quantify the system evolution, we study dynamical features emerging from complex social interactions. The results show that obstacles may hamper the gathering process by altering the flux of chemical signals among amoebas, acting as local topological perturbations. We also find that a minimal set of agent's rules for robust gathering does not require explicit mechanisms for obstacle sensing and avoidance; moreover, random cell movements concur in preventing multiple stable clusters and improve the gathering efficacy. Hence, we speculate that chemotactic cells can avoid obstacles without needing specialized mechanisms: tradeoffs of social interactions and individual fluctuations are sufficient to guarantee the aggregation of the whole colony past numerous obstacles. © 2024 Elsevier B.V., All rights reserved.","Collective Behavior; Heterogeneous Environment; Micro-biological Systems; Multi-agent Modeling; Pattern Formation; Chemotaxis; Microbiology; Numerical Model; Quantitative Analysis; Topology; Article; Avoidance Behavior; Cell Migration; Cell Motion; Social Interaction; Physiology; Chemotaxis"
"Thermal performance of ecosystems: Modeling how physiological responses to temperature scale up in communities","2024","Journal of Theoretical Biology","10.1016/j.jtbi.2024.111792","https://www.scopus.com/inward/record.uri?eid=2-s2.0-85189009360&doi=10.1016%2Fj.jtbi.2024.111792&partnerID=40&md5=c994ca33c539bbbab67e527c97ab971d","Understanding how ecosystems respond to their environmental temperature is a major challenge. Thermodynamic constraints on species’ metabolic rates are expected to affect ecosystem characteristics, but species interactions and interspecific variation in physiological thermal response curves (TRC) may obscure ecosystem-level responses to temperature. As a result, macroecological patterns related to temperature are still poorly understood. We investigate how physiological TRC scale up to ecosystem-level thermal responses by modifying the Tangled Nature (TaNa) model, a stochastic network model of ecology and evolution. We include new parameterizations that make reproduction, death, and mutation temperature-dependent. We find that ecosystem survival probability depends on how the minimum fitness required for species survival varies with temperature. The thermal response of ecosystem survival probability is the only ecosystem property that is sensitive to interspecific variation in TRC. Species richness scales up directly from the TRC of mutation rate, and average species population sizes are inversely related to mutation rate, with Species Abundance Distributions (SADs) exhibiting more rare species in warmer temperatures. Interactions between species are also inversely related to mutation, with positive interactions occurring more frequently in colder temperatures. The abundance of surviving ecosystems is not sensitive to temperature. This work helps clarify the specific relationships between physiological responses to temperature and ecosystem-level repercussions when species are interacting and adapting to their thermal environments. © 2024 Elsevier B.V., All rights reserved.","Community; Tangled Nature Model; Thermal Response; Ecosystem Response; Macroecology; Numerical Model; Parameterization; Physiological Response; Species Richness; Stochasticity; Thermodynamics; Adult; Article; Cold; Community; Controlled Study; Ecosystem; Fitness; Heat; Intraspecific Variation; Mutation Rate; Nonhuman; Physiology; Population Abundance; Population Size; Scale Up; Stochastic Model; Survival Rate; Tangled Nature Model; Temperature; Thermal Response; Thermal Response Curve; Ecology; Ecology; Ecosystem; Temperature"
"A dynamic game of lymphatic filariasis prevention by voluntary use of insecticide treated nets","2024","Journal of Theoretical Biology","10.1016/j.jtbi.2024.111796","https://www.scopus.com/inward/record.uri?eid=2-s2.0-85188948769&doi=10.1016%2Fj.jtbi.2024.111796&partnerID=40&md5=45046b7e38a7a9ce6378f066665e82f4","Lymphatic filariasis (LF) has been targeted for elimination as a public health concern by 2030 with a goal to keep the prevalence of LF infections under the 1% threshold. While mass drug administration (MDA) is a primary strategy recommended by WHO, the use of insecticide treated nets (ITN) plays a crucial role as an alternative strategy when MDA cannot be used. In this paper, we use imitation dynamics to incorporate human behavior and voluntary use of ITN into the compartmental epidemiological model of LF transmission. We find the equilibrium states of the dynamics and the ITN usage as it depends on epidemiological parameters and the cost of ITNs. We investigate the conditions under which the voluntary use of ITNs can keep the LF prevalence under the 1% threshold. We found that when the cost of using the ITNs is about 105 smaller than the perceived cost of LF, then the voluntary use of ITNs will eliminate LF as a public health concern. Furthermore, when the ITNs are given away for free, our model predicts that over 80% of the population will use them which would eliminate LF completely in regions where Anopheles are the primary vectors. © 2024 Elsevier B.V., All rights reserved.","Disease Elimination; Dynamic Game; Insecticide Treated Nets; Lymphatic Filariasis; Mass Drug Administration; Insecticides; Disease Prevalence; Disease Transmission; Drug Prescribing; Filariasis; Insecticide; Mass; Public Health; Strategic Approach; World Health Organization; Anopheles; Article; Attitude To Health; Calibration; Cost; Disease Free Equilibrium; Dynamics; Endemic Equilibrium; Epidemiological Data; Equilibrium Constant; Health Care Cost; Human; Lymphatic Filariasis; Mathematical Model; Nonhuman; Prediction; Prevalence; Quantitative Analysis; Voluntary Use; Animal; Mass Drug Administration; Mosquito Control; Mosquito Vector; Animals; Elephantiasis, Filarial; Humans; Insecticide-treated Bednets; Insecticides; Mass Drug Administration; Mosquito Control; Mosquito Vectors"
"Tumor growth for remodeling process: A 2D approach","2024","Journal of Theoretical Biology","10.1016/j.jtbi.2024.111781","https://www.scopus.com/inward/record.uri?eid=2-s2.0-85188712495&doi=10.1016%2Fj.jtbi.2024.111781&partnerID=40&md5=b20468573c4730ea2ad9cb8d2ae968a3","This paper aims to present a comprehensive framework for coupling tumor-bone remodeling processes in a 2-dimensional geometry. This is achieved by introducing a bio-inspired damage that represents the growing tumor, which subsequently affects the main populations involved in the remodeling process, namely, osteoclasts, osteoblasts, and bone tissue. The model is constructed using a set of differential equations based on the Komarova's and Ayati's models, modified to incorporate the bio-inspired damage that may result in tumor mass formation. Three distinct models were developed. The first two models are based on the Komarova's governing equations, with one demonstrating an osteolytic behavior and the second one an osteoblastic model. The third model is a variation of Ayati's model, where the bio-inspired damage is induced through the paracrine and autocrine parameters, exhibiting an osteolytic behavior. The obtained results are consistent with existing literature, leading us to believe that our in-silico experiments will serve as a cornerstone for paving the way towards targeted interventions and personalized treatment strategies, ultimately improving the quality of life for those affected by these conditions. © 2024 Elsevier B.V., All rights reserved.","Bone Remodeling; Coupling Tumor-bone; Komarova's Model; Osteoblasts; Osteoclasts; Tumor; Bone; Geometry; Growth; Osteology; Tumor; Two-dimensional Modeling; Article; Autocrine Signaling; Ayati Model; Bone Remodeling; Bone Tissue; Computer Model; Controlled Study; Komarova Model; Model; Osteoblast; Osteoclast; Osteolysis; Paracrine Signaling; Tumor Growth; Two Dimensional Geometry; Human; Neoplasm; Quality Of Life; Bone And Bones; Bone Remodeling; Humans; Neoplasms; Osteoblasts; Osteoclasts; Quality Of Life"
"Dispersal and interbreeding as survival strategies for species exposed to environment change","2024","Journal of Theoretical Biology","10.1016/j.jtbi.2024.111797","https://www.scopus.com/inward/record.uri?eid=2-s2.0-85188702243&doi=10.1016%2Fj.jtbi.2024.111797&partnerID=40&md5=a4e0405117680cb2583eb70e03e7654a","The success of individual species under a change to the environment is dependent on a number of factors, which include the changes to habitat, competition with other species and adaptability. Here we investigate the impact of differing dispersal characteristics of two competing species responding to the change using an idealized spatio-temporal model. The rate of dispersion is given by a combination of the growth term and the form of the diffusion term, which is set to give either normal diffusion or anomalous (super) diffusion. The later is brought about by employing fractional diffusion and we characterize the population as being more adventurous than the population undergoing normal diffusion. The more adventurous population is found, not surprisingly, to reach and occupy uninhabited ground before the population undergoing normal diffusion can get there. Interbreeding is found to be important in that it can aid the spread of the less adventurous population preventing its extinction. The response to an abrupt environment change, taken here to be a change in the distribution of the growth rate, is dependent on the initial conditions, the dispersion characteristics, and the level of interbreeding, leading to very different intermediate and final states. Our results highlight instances when a particular dispersal strategy gives a population an edge over another. In the cases considered here we find states where the more adventurous population can dominate across the domain, the two populations exist in separate parts of the domain separated by fronts, and both populations coexist across the domain in the medium term with one or other of the populations dominating across the domain in the long term. Given the long time to reach equilibrium where one or other of the populations dominate, consideration needs to be put to the time scale of change, as sufficiently frequent change can allow coexistence. We demonstrate the need to include dispersion characteristics when considering the factors affecting the response of species to a change in the environment. © 2024 Elsevier B.V., All rights reserved.","Competing Populations; Dispersion Characteristics; Interbreeding; Response To A Change In Environment; Dispersal; Ecological Modeling; Environmental Change; Population Ecology; Survival; Article; Diffusion; Growth Rate; Interspecific Competition; Nonhuman; Organism Hybridization; Population Density; Population Dispersal; Population Dispersion; Population Distribution; Species; Species Coexistence; Species Dominance; Species Extinction; Ecosystem; Population Dynamics; Ecosystem; Population Dynamics"
"Human movement avoidance decisions during Coronavirus disease 2019 in Japan","2024","Journal of Theoretical Biology","10.1016/j.jtbi.2024.111795","https://www.scopus.com/inward/record.uri?eid=2-s2.0-85188590287&doi=10.1016%2Fj.jtbi.2024.111795&partnerID=40&md5=a9e4b6674221918c94ada1b923475806","Understanding host behavioral change in response to epidemics is important to forecast the disease dynamics. To predict the behavioral change relevant to the epidemic situation (e.g., the number of reported cases), we need to know the epidemic situation at the moment of decision, which is difficult to identify from the records of actually performed human mobility. In this study, the largest travel accommodation reservation data covering half of the existed accommodations in Japan was analyzed to observe decision-making timings and how it responded to the changing epidemic situation during Japan's Coronavirus Disease 2019 until February 2023. To this end, we measured mobility avoidance index proposed in Ito et al., 2022 to indicate people's decision of mobility avoidance and quantified it using the time-series of the accommodation booking/cancellation data. We observed matches of the peak dates of the mobility avoidance and the number of reported cases, and mobility avoidance changed proportional to the logarithmic number of reported cases. We also found that the slope of mobility avoidance against the change of the logarithmic number of reported cases were similar among the epidemic waves, while the intercept of that was much reduced as the first epidemic wave passed by. People measure the intensity of epidemic by logarithm of the number of reported cases. The sensitivity of their response is established during the first wave and the people's response became weakened after the first experience, as if the number of reported cases were multiplied by a constant small factor. © 2024 Elsevier B.V., All rights reserved.","Covid-19; Data Interpretations, Statistical; Epidemiology; Population Dynamics; Risk Reduction Behaviors; Covid-19; Data Interpretation; Epidemiology; Mobility; Population Dynamics; Statistical Data; Article; Behavior Change; Coronavirus Disease 2019; Decision Making; Disease Transmission; Epidemic; Human; Japan; Mathematical Model; Risk Reduction; Time Series Analysis; Travel Restriction; Forecasting; Severe Acute Respiratory Syndrome Coronavirus 2; Epidemics; Forecasting; Humans; Sars-cov-2"
"Revisiting the observability and identifiability properties of a popular HIV model","2024","Journal of Theoretical Biology","10.1016/j.jtbi.2024.111780","https://www.scopus.com/inward/record.uri?eid=2-s2.0-85188591843&doi=10.1016%2Fj.jtbi.2024.111780&partnerID=40&md5=8c0ec982411a87f0e999f1a16e1bd04e","This paper revisits the observability and identifiability properties of a popular ODE model commonly adopted to characterize the HIV dynamics in HIV-infected patients with antiretroviral treatment. These properties are determined by using the general analytical solution of the unknown input observability problem, introduced very recently in Martinelli (2022). This solution provides the systematic procedures able to determine the state observability and the parameter identifiability of any ODE model, in particular, even in the presence of time varying parameters. Four variants of the HIV model are investigated. They differ because some of their parameters are considered constant or time varying. Fundamental new properties, which also highlight an error in the scientific literature, are automatically determined and discussed. Additionally, for each variant, the paper provides a quantitative answer to the following practical question: What is the minimal external information (external to the available measurements of the system outputs) required to make observable the state and identifiable all the model parameters? The answer to this fundamental question is obtained by exploiting the concept of continuous symmetry, recently introduced in Martinelli (2019). This concept allows us to determine a first preliminary general result which is then applied to the HIV model. Finally, for each variant, the paper concludes by providing a redefinition of the state and of the parameters in order to obtain a full description of the system only in terms of a state which is observable and a set of parameters which are identifiable (both constant and time varying). © 2024 Elsevier B.V., All rights reserved.","Continuous Symmetries And Indistinguishable States And Parameters; Hiv Dynamics; Nonlinear Unknown Input Observability; Time Varying Parameter Identifiability; Viral Dynamics; Disease Prevalence; Disease Treatment; Human Immunodeficiency Virus; Nonlinearity; Antiretroviral Therapy; Article; Human Immunodeficiency Virus; Human Immunodeficiency Virus Infected Patient; Biological Model; Human; Human Immunodeficiency Virus Infection; Nonlinear System; Hiv Infections; Humans; Models, Biological; Nonlinear Dynamics"
"Distributions of 4-subtree patterns for uniform random unrooted phylogenetic trees","2024","Journal of Theoretical Biology","10.1016/j.jtbi.2024.111794","https://www.scopus.com/inward/record.uri?eid=2-s2.0-85188513619&doi=10.1016%2Fj.jtbi.2024.111794&partnerID=40&md5=1800e71e1125efe6bda11bec931b7671","Tree shape statistics based on peripheral structures have been utilized to study evolutionary mechanisms and inference methods. Partially motivated by a recent study by Pouryahya and Sankoff on modeling the accumulation of subgenomes in the evolution of polyploids, we present the distribution of subtree patterns with four or fewer leaves for the unrooted Proportional to Distinguishable Arrangements (PDA) model. We derive a recursive formula for computing the joint distributions, as well as a Strong Law of Large Numbers and a Central Limit Theorem for the joint distributions. This enables us to confirm several conjectures proposed by Pouryahya and Sankoff, as well as provide some theoretical insights into their observations. Based on their empirical datasets, we demonstrate that the statistical test based on the joint distribution could be more sensitive than those based on one individual subtree pattern to detect the existence of evolutionary forces such as whole genome duplication. © 2024 Elsevier B.V., All rights reserved.","Joint Subtree Distributions; Limit Distributions; One Branch At A Time Model; Pda Model; Pólya Urn Model; Tree Shape; Genome; Geographical Distribution; Limit Analysis; Peripheral Region; Phylogenetics; Polyp; Population Genetics; Theoretical Study; Article; Gene Duplication; Information Processing; Mathematical Computing; Mathematical Model; Molecular Evolution; Phylogenetic Tree; Statistical Model; Algorithm; Biological Model; Phylogeny; Algorithms; Models, Genetic; Phylogeny"
"Inferring stochastic group interactions within structured populations via coupled autoregression","2024","Journal of Theoretical Biology","10.1016/j.jtbi.2024.111793","https://www.scopus.com/inward/record.uri?eid=2-s2.0-85188129513&doi=10.1016%2Fj.jtbi.2024.111793&partnerID=40&md5=7c3a3c5705249aa07b4181e2dbfc7d7a","The internal behaviour of a population is an important feature to take account of when modelling its dynamics. In line with kin selection theory, many social species tend to cluster into distinct groups in order to enhance their overall population fitness. Temporal interactions between populations are often modelled using classical mathematical models, but these sometimes fail to delve deeper into the, often uncertain, relationships within populations. Here, we introduce a stochastic framework that aims to capture the interactions of animal groups and an auxiliary population over time. We demonstrate the model's capabilities, from a Bayesian perspective, through simulation studies and by fitting it to predator–prey count time series data. We then derive an approximation to the group correlation structure within such a population, while also taking account of the effect of the auxiliary population. We finally discuss how this approximation can lead to ecologically realistic interpretations in a predator–prey context. This approximation also serves as verification to whether the population in question satisfies our various assumptions. Our modelling approach will be useful for empiricists for monitoring groups within a conservation framework and also theoreticians wanting to quantify interactions, to study cooperation and other phenomena within social populations. © 2024 Elsevier B.V., All rights reserved.","Count Time Series; Population Dynamics; Predator–prey Theory; Stochasticity; Bayesian Analysis; Computer Simulation; Numerical Model; Population Dynamics; Predator-prey Interaction; Regression Analysis; Stochasticity; Time Series; Approximation; Article; Auxiliary Population; Bayesian Network; Behavior Theory; Correlation Analysis; Coupled Autoregression; Empiricism; Foraging; Mathematical Analysis; Monitoring; Monte Carlo Method; Nonhuman; Organismal Interaction; Population Abundance; Population Structure; Predation; Predator; Prey; Simulation; Statistical Analysis; Stochastic Model; Verification; Animal; Bayes Theorem; Biological Model; Ecosystem; Food Chain; Group Dynamics; Animals; Bayes Theorem; Ecosystem; Food Chain; Group Dynamics; Models, Biological; Population Dynamics; Predatory Behavior"
"Decomposing mechanisms of COVID-19 mortality in empirical datasets: A modeling study","2024","Journal of Theoretical Biology","10.1016/j.jtbi.2024.111771","https://www.scopus.com/inward/record.uri?eid=2-s2.0-85187578443&doi=10.1016%2Fj.jtbi.2024.111771&partnerID=40&md5=6e8ae8b2caa5d256b766f03cc83873ac","Our objective was to decompose mortality mechanisms during the coronavirus disease 2019 (COVID-19) pandemic to estimate direct, indirect, and associated deaths from COVID-19. Given the confirmatory diagnosis of COVID-19, a death event that was not necessarily caused by respiratory complications but stemmed from other complications was categorized as an indirect death from COVID-19. Associated deaths occurred in patients who did not have COVID-19 but died during the surge in COVID-19 cases when overwhelming pressure was exerted on the healthcare system. Analyzing the sixth wave (i.e., the first epidemic wave of the Omicron B.1.1.529 variant from January to May 2022), decomposition was achieved using the binomial and Poisson sampling process models fitted to two pieces of data (i.e., COVID-19 death certificate and excess data by major cause of death). The total numbers of direct, indirect, and associated deaths during the sixth wave in Osaka were estimated at 1,071; 948; and 2,157; respectively. The number of associated deaths was greater than the sum of direct and indirect deaths. We further observed that the composition of indirect and associated deaths differed by major cause of death, and deaths caused by circulatory disease included a greater proportion of indirect deaths compared with deaths by other causes. The goals of healthcare services for endemic COVID-19 include the sustainable provision of services to avoid preventable deaths. Therefore, gaining an in-depth understanding of mechanisms that lead to excess death is vital for improving future pandemic response efforts. © 2024 Elsevier B.V., All rights reserved.","Associated Death; Circulatory Disease; Indirect Death; Statistical Modeling; Cardiovascular Disease; Covid-19; Data Set; Disease Spread; Epidemic; Health Services; Modeling; Mortality; Statistical Analysis; Article; Cause Of Death; Coronavirus Disease 2019; Death; Death Certificate; Decomposition; Disease Association; Health Care Delivery; Health Care System; Human; Information Processing; Ischemia; Japan; Mathematical Analysis; Maximum Likelihood Method; Pandemic; Poisson Regression; Sars-cov-2 Omicron; Seizure; Honshu; Kinki; Osaka [kinki]; Humans; Mortality; Pandemics; Seizures"
