"Title","Year","Source title","DOI","Link","Abstract","Author Keywords"
"Climate risks and financial stability: Evidence from the European financial system","2023","Journal of Financial Stability","10.1016/j.jfs.2023.101190","https://www.scopus.com/inward/record.uri?eid=2-s2.0-85176600222&doi=10.1016%2Fj.jfs.2023.101190&partnerID=40&md5=e956973d9b4c044508b48c8afbe69753","Climate-related risks have become a major concern for financial regulators and can pose a significant threat to financial stability. In this paper, we first propose a theoretical framework for the transmission of climate risks to financial institutions and the financial system. We then estimate the influence of physical and transition risks on the European financial system through bank-level and system-wide measures of financial stability. We find that Scope 3 greenhouse gas emissions, chronic and acute climate risks negatively affect financial stability at both the financial institution and system levels. Temperature anomalies, heat waves, wildfires and droughts are among the most significant risks. As Europe warms twice as fast as the rest of the world, our theoretical and empirical results urge regulators to mandatorily require the assessment and disclosure of corporate climate risks to allow banks to adjust their prudential capital requirements. © 2023 Elsevier B.V., All rights reserved.","Climate Change; Financial Stability; Physical Risks; Transition Risk"
"Central bank digital currencies and financial stability in a modern monetary system","2023","Journal of Financial Stability","10.1016/j.jfs.2023.101188","https://www.scopus.com/inward/record.uri?eid=2-s2.0-85174936346&doi=10.1016%2Fj.jfs.2023.101188&partnerID=40&md5=c7b3a4cd3b2fa9d40720d9f2e2617a2a","The aim of this study is to disentangle the effects of introducing an interest-bearing central bank digital currency (CBDC) for financial stability using a Diamond and Dybvig (1983) model in which (i) both CBDC and private bank deposits can be used in exchange and (ii) liquidity is created endogenously. Agents have direct access to a CBDC, which is a claim on the central bank. They use both sight deposits and CBDC to buy goods and commercial banks borrow reserves to cover liquidity needs. The introduction of an interest-bearing CBDC has direct implications for the sight deposit rate and the loan rate of banks. Besides, if the central bank aims to have a positive net worth and the absence of bank runs, a high demand for a CBDC is a necessary condition to achieve both objectives. If this is not the case, financial stability will be endangered. © 2023 Elsevier B.V., All rights reserved.","Bank Runs; Banking Sector; Cbdc; Financial Stability"
"Financial Stability and Public Confidence in Banks","2023","Journal of Financial Stability","10.1016/j.jfs.2023.101187","https://www.scopus.com/inward/record.uri?eid=2-s2.0-85174340073&doi=10.1016%2Fj.jfs.2023.101187&partnerID=40&md5=06aaff4ee61c87655e1652efb087bb54","We use a novel, household opinion-based measure – Public Confidence in a Bank – to explore the role of bank-level and industry-level determinants of retail customers’ trust in commercial banks. Our study tracks bank-month confidence measures during the 1/1/2010–1/1/2019 period in an unbalanced sample of 181 closely monitored large Russian banks that collectively account for the supermajority of the country's banking assets. We find that contrary to common expectations, public confidence in a bank is heavily driven by the industry-level financial stability indicators, while bank-level risk measures play only a minimal – or, at best, supplementary – role. This result reveals the important role of overall banking sector stability in determining public perception of the safety and soundness of individual banks and justifies the leading role of industry-level stability in ensuring trust in banks. © 2023 Elsevier B.V., All rights reserved.","Bank Risk, Bank Failures; Customer Opinions; Financial Stability; Online Reviews; Public Confidence"
"Gender diversity in leadership: Empirical evidence on firm credit risk","2023","Journal of Financial Stability","10.1016/j.jfs.2023.101185","https://www.scopus.com/inward/record.uri?eid=2-s2.0-85173923878&doi=10.1016%2Fj.jfs.2023.101185&partnerID=40&md5=57325e8f9b96b80c55aebdc6466cf426","We study the relation between firm financial stability and gender diversity in leadership and highlight its dependence on the initial financial conditions of the firm and the role played by the women leaders. Consistent with the glass cliff and the upper echelon theories, we find that close-to-default firms are more likely to appoint women top executives and that under their leadership, subsequent firms’ risk of default decreases in the short to medium term. In parallel, independent women directors are not associated with firms’ past credit risk, and their presence is more likely to increase the firm's subsequent default risk, as established by the tokenism and signaling theory. Our results are robust to alternative specifications and endogeneity corrections. © 2023 Elsevier B.V., All rights reserved.","Corporate Credit Risk; Corporate Executives And Board Of Directors’ Dynamics; Gender Diversity; Glass-cliff Theory; Signaling Theory; Tokenism; Upper Echelon Theory"
"Social capital and dividend policies in US corporations","2023","Journal of Financial Stability","10.1016/j.jfs.2023.101186","https://www.scopus.com/inward/record.uri?eid=2-s2.0-85173911629&doi=10.1016%2Fj.jfs.2023.101186&partnerID=40&md5=755c41bc0c28d38ffc5ec650068e97d5","We find that social capital, as captured by associational networks and social norms in US counties where corporate headquarters are located, is positively associated with cash dividend payouts in local firms. The positive effect is incremental to other known local factors affecting dividends, is robust to a range of sensitivity analyses, and extends to corporate decisions about whether to pay dividends or not. Social capital mitigates managerial private financial incentives to limit dividends and encourages higher dividends among firms facing greater free cash flow problems. Social capital also attenuates over-investment of free cash flow. © 2023 Elsevier B.V., All rights reserved.","Free Cash Flow Problem; Informal Institutions; Managerial Opportunism; Over-investment; Payout Policy; Social Norms"
"Global lending conditions and international coordination of financial regulation policies","2023","Journal of Financial Stability","10.1016/j.jfs.2023.101184","https://www.scopus.com/inward/record.uri?eid=2-s2.0-85173844664&doi=10.1016%2Fj.jfs.2023.101184&partnerID=40&md5=e0a3b206fa57b06c8c88e12e073cf509","Using a model of strategic interactions between two countries, I investigate the gains to international coordination of financial regulation policies, and how these gains depend on global lending conditions. When one region – the core – sets global lending conditions, I show that coordinating regulatory policies makes the two regions better-off relative to the case of no cooperation. Global lending conditions set by the core are typically sub-optimal for the other region – the periphery –. To reduce this cost, the periphery can tighten its regulatory policy. Yet, in doing so, it fails to internalise a cross-border externality: when the periphery tightens its regulatory policy, agents in the core reduce cross-border borrowing, which tightens global lending conditions and hurts the periphery. The cooperative equilibrium can improve on this outcome. Both regions take into account the cross-border externality, leading to larger cross-border borrowing and less sub-optimal lending conditions for the periphery. © 2023 Elsevier B.V., All rights reserved.","Cooperation; Cross-border Borrowing; Global Lending Conditions; Regulatory Policy"
"Optimal capital ratios for banks in the euro area","2023","Journal of Financial Stability","10.1016/j.jfs.2023.101164","https://www.scopus.com/inward/record.uri?eid=2-s2.0-85172401318&doi=10.1016%2Fj.jfs.2023.101164&partnerID=40&md5=726b736a6efc23d33db0980fb8a9a850","In this paper we estimate the optimal level of capital for banks in the euro area. This optimum is the result of a trade-off between the costs and benefits of more bank capital: although higher capital requirements likely lead to higher lending rates, they also reduce the likelihood of banking crises. Our baseline estimates show an optimal risk-weighted capital ratio of around 23%. By varying the assumptions underlying our analysis we obtain a range of optimal ratios from 16% to 31%. These estimates are higher than the current Basel III minimum requirements. We also estimate optimal rates for individual member states and find substantial differences between them. This is primarily due to variation across countries in the resilience of their economies. For this reason we find lower optimal bank capital ratios in countries with more stable economies. Our results show only a modest dependence on the ease with which banks in different member states are able to raise capital. © 2023 Elsevier B.V., All rights reserved.","Bank Regulation; Capital Structure; Macroprudential Policy"
"Who consumes the credit union subsidies?","2023","Journal of Financial Stability","10.1016/j.jfs.2023.101176","https://www.scopus.com/inward/record.uri?eid=2-s2.0-85170105648&doi=10.1016%2Fj.jfs.2023.101176&partnerID=40&md5=439b3b4751a94eda709e49ff40fbcc32","Credit unions in the United States (US) are exempt (benefit from subsidies) from federal corporate income taxes, which are traditionally justified by their non-profit cooperative status and mission of meeting the financial needs of individuals of modest means. In recent years, the efficacy and fairness of these subsidies has been debated extensively as the traditional demarcation between banks and credit unions and their respective customer bases have blurred. To investigate how credit unions allocate subsidies to various stakeholders, we estimate a structural profit model for matched pairs of credit unions and commercial banks. We find that credit unions use most (approximately 90%) of their tax exemption for the benefit of their membership via above-market deposit interest rates. © 2023 Elsevier B.V., All rights reserved.","Commercial Banks; Credit Unions; Profit Inefficiency; Tax Exempt Status"
"Interest rate pass-through and bank risk-taking under negative-rate policies with tiered remuneration of central bank reserves","2023","Journal of Financial Stability","10.1016/j.jfs.2023.101160","https://www.scopus.com/inward/record.uri?eid=2-s2.0-85168507555&doi=10.1016%2Fj.jfs.2023.101160&partnerID=40&md5=4174bebacca817371bd1073e6839c70f","We identify the effects of negative rates on bank behavior using difference-in-differences identification. First, we find that going negative can interrupt not only the pass-through from policy to deposit but also to mortgage rates. To preserve their deposit franchise, banks finance negative deposit with increased mortgage spreads, the more the bigger their market power. Second, negative rates on reserves induce banks to cut some reserves without replacement and replace others with riskier assets. Together with increased mortgage spreads, balance sheet restructuring preserves profits but risk-taking increases. Third, pass-through interruption and risk-taking can be reduced through tiered remuneration. © 2023 Elsevier B.V., All rights reserved.","Credit Risk; Interest Pass-through; Interest Rate Risk; Monetary Policy Transmission; Negative Interest Rate Policy; Tiered Remuneration"
"The impact of corruption on SMEs’ access to finance: Evidence using firm-level survey data from developing countries","2023","Journal of Financial Stability","10.1016/j.jfs.2023.101175","https://www.scopus.com/inward/record.uri?eid=2-s2.0-85168119117&doi=10.1016%2Fj.jfs.2023.101175&partnerID=40&md5=afc407ca507cfeb91c14cb1743a81140","The present paper estimates the impact of bureaucratic corruption on access to finance for small and medium enterprises (SMEs) in the manufacturing sectors of 79 developing countries. Corruption can make it difficult for businesses to obtain financing by reducing profits, increasing credit demand, increasing the likelihood of bankruptcy, creating uncertainty about future profits, and exacerbating the asymmetric information problem between borrowers and lenders. Consistent with this viewpoint, our findings show that corruption significantly increases the likelihood of a manufacturing SME being financially constrained. A one standard deviation increase in the prevalence of corruption leads to a 3.5–4.9% point increase in the likelihood or probability of a manufacturing SME being financially constrained. In countries with credit bureaus and more freely functioning credit markets, the increase in the likelihood of being financially constrained due to higher corruption is much smaller. We argue and provide evidence that these heterogeneities stem from the specific ways in which corruption affects SMEs’ access to finance. Thus, the heterogeneities help to raise confidence against the omitted variable bias and reverse causality concerns with our estimation. We also find that higher corruption makes it more difficult for SMEs to access finance in more competitive product markets, as well as for small compared to medium-sized firms. The findings have important policy implications for anti-corruption initiatives, financial development, and the level of competition in product markets. © 2023 Elsevier B.V., All rights reserved.","Bribery; Corruption; Finance; Smes"
"How does dividend payout affect corporate social responsibility? A channel analysis","2023","Journal of Financial Stability","10.1016/j.jfs.2023.101165","https://www.scopus.com/inward/record.uri?eid=2-s2.0-85167788061&doi=10.1016%2Fj.jfs.2023.101165&partnerID=40&md5=97a79fd78327bc396ca2a7cdd7425af6","We find that dividend paying firms demonstrate superior corporate social responsibility (CSR) performance in the subsequent year than non-paying firms. This effect can be explained by stakeholder relationship management through CSR, as dividend payout reflects the inherent conflict between shareholders and stakeholders. Specifically, for dividend payers, we find an increase in CSR performance after states adopt constituency statutes which encourage board's attention on stakeholders, supporting a causal inference of the stakeholder relationship management's effect on CSR. The increase in dividend payers’ CSR around the constituency statute adoption is more pronounced when management is friendlier to CSR, which lends further support for the stakeholder relationship management channel. We find no support for the short-termism view of dividends or the notion that CSR is solely an outcome of agency problems within firms. In conclusion, our findings suggest that dividend payout serves as a mechanism for balancing shareholder and stakeholder interests, leading to improved CSR performance among dividend-paying firms. © 2023 Elsevier B.V., All rights reserved.","Corporate Social Responsibility; Dividend Payout; Stakeholder Orientation; Sustainable Finance"
"Bank solvency stress tests with fire sales","2023","Journal of Financial Stability","10.1016/j.jfs.2023.101161","https://www.scopus.com/inward/record.uri?eid=2-s2.0-85167415230&doi=10.1016%2Fj.jfs.2023.101161&partnerID=40&md5=d51f26bcd0b752d2c96bc9f3125817c1","We present a new framework combining current methods of bank solvency stress tests with a model of fire sales. We apply the framework to the stress tests conducted by the European Banking Authority. Fire sales are described by an equilibrium model balancing leverage improvements and drops in security prices. Additional bank losses caused by fire sales are significant and go beyond the trivial fact that with fire sales we will get bigger losses. Ignoring potential fire sales effects may lead to a false sense of resilience by assuming that institutions, which are in fact fragile, are resilient. © 2023 Elsevier B.V., All rights reserved.","Fire Sales; Stress Testing; Systemic Risk"
"Poverty and seeking bank advice: Evidence from a survey experiment","2023","Journal of Financial Stability","10.1016/j.jfs.2023.101156","https://www.scopus.com/inward/record.uri?eid=2-s2.0-85166779673&doi=10.1016%2Fj.jfs.2023.101156&partnerID=40&md5=eb9634a21fa7cafb7f6b323141a85920","Access to banking services for the poorest individuals is key to reducing their vulnerability, but are poor people likely to seek help from bank advisors? This study tests the hypothesis that poor peoples’ financial concerns affect their willingness to seek professional financial advice from banks. A survey experiment is run by performing “hard priming” (a €2000 car repair expense) on a treatment group and “soft priming” (a €200 expense) on a control group. Overall, hard priming triggers higher positive intention to consult a bank advisor. However, poverty sharply and negatively moderates this effect. For respondents below the poverty line, the priming effect is close to significantly negative and becomes such when restricting the sample to individuals who responded before their payday rather than after it. Hard priming also decreases poor people's self-reported trust in banks, and this variable mediates the negative effect on intention to consult a bank advisor. There is no evidence that a lack of financial literacy or actual financial distress influence the priming effects. © 2023 Elsevier B.V., All rights reserved.","Banking Services; Behavioral Economics And Finance; Financial Advisor; Financial Inclusion; Poverty; Salience; Survey Experiment"
"Networks, interconnectedness, and interbank information asymmetry","2023","Journal of Financial Stability","10.1016/j.jfs.2023.101163","https://www.scopus.com/inward/record.uri?eid=2-s2.0-85166623269&doi=10.1016%2Fj.jfs.2023.101163&partnerID=40&md5=a6805a57b22c89e445b1ec2ebc085d6a","We explore interconnectedness in the interbank overnight lending market and propose the liquidity network and the urgent borrower network which capture the urgency to trade. The liquidity network connects the initiating party in a trade to the passive party, while the urgent borrower network connects passive sellers (lenders) to urgent buyers (borrowers). Along with the buyer/seller trading network, we show these networks complement each other, revealing valuable information that improves short-term forecasts of soft and hard information and country-specific yield spreads. Connectivity increases in these networks during raises volatility and boosts volume, revealing the dual nature of interconnectedness—too much interconnectedness may increase systemic risk, but too little may impede market functioning. © 2023 Elsevier B.V., All rights reserved.","Banking Networks; Data Methodology; Interconnectedness; Liquidity; Market Microstructure"
"Deal! Market reactions to the agreement on the EU Covid-19 recovery fund","2023","Journal of Financial Stability","10.1016/j.jfs.2023.101157","https://www.scopus.com/inward/record.uri?eid=2-s2.0-85166560397&doi=10.1016%2Fj.jfs.2023.101157&partnerID=40&md5=1d5aff8db4e4f8d7ce19395c81d01424","In response to the Covid-19 crisis, EU leaders agreed on the creation of a €750bn recovery fund (the Next Generation EU, NGEU). We investigate the short-term impact of this landmark deal on bank stocks, sovereign credit default swaps (CDS) and bank CDS. First, we find that stock market investors firmly welcomed the agreement as we find sizeable positive abnormal returns in bank stocks as a response to the NGEU proposal by the European Commission. Spreads on sovereign and bank CDS significantly declined, with more pronounced movements for heavily indebted countries and those that strongly advocated the creation of the recovery fund and for the banks located in these economies. Second, we show that banks’ sovereign exposures towards other European countries, especially those with weaker financial conditions and limited fiscal capacity, play a key role in driving the strength of the stock market reaction. Overall, financial markets responded positively to the credibility of the NGEU policy as an extraordinary common effort to support the post-Covid-19 recovery and enhance economic growth in the region. © 2023 Elsevier B.V., All rights reserved.","Cds Market; Covid-19 Crisis; Event Study; Ngeu; Stock Market"
"Bank resolution mechanisms revisited: Towards a new era of restructuring","2023","Journal of Financial Stability","10.1016/j.jfs.2023.101158","https://www.scopus.com/inward/record.uri?eid=2-s2.0-85166031189&doi=10.1016%2Fj.jfs.2023.101158&partnerID=40&md5=84d1b4354745d1adb12155d343c1a80e","Government interventions as a solution to systemic banking crises continue to receive wide criticism. The new regulatory frameworks advocate banks’ bail-ins and resolutions that do not require governments’ involvement. However, as the recent events with Credit Suisse and Silicon Valley Bank show, the government still plays an active role in rescuing and resolving the bank's problems. We use the financial stability model of Goodhart et al.’s (2005, 2006a) to analyze the effects of various bank policy interventions on banks’ performance during the crisis rescue phase. We then explore whether those interventions work effectively in facilitating bank recovery and whether they reduce systemic risk in the long run. We use a unique granular bank-level dataset from 22 advanced economies covering the 1992–2017 period. We find that bank recapitalization without debt resolution measures does not resolve bank distress. The empirical results document that “bad-bank” resolution is positively correlated with a bank's recovery as well as lower systemic risk. Those findings contribute to the ongoing debate on the optimal bank resolution architecture during systemic events. © 2023 Elsevier B.V., All rights reserved.","Bailout; Bank Default; Bank Resolution Mechanism; Financial Contagion; Financial Crisis"
"Corporate social responsibility misconduct and formation of board interlocks","2023","Journal of Financial Stability","10.1016/j.jfs.2023.101162","https://www.scopus.com/inward/record.uri?eid=2-s2.0-85165561019&doi=10.1016%2Fj.jfs.2023.101162&partnerID=40&md5=0bdfee5b90317f2775267aafa4484e10","Corporate social responsibility (CSR) misconduct often negatively impacts firms and damages their reputation. Using data on U.S. listed firms from 2002 to 2018, we demonstrate that firms are more likely to establish board interlocks with firms that have better CSR performance after a CSR-related violation than with other firms. Furthermore, this relationship is more pronounced in violating firms that have a greater incentive to maintain their reputation than in other firms. We also find that the capital market and the media react positively to board interlock announcements by violating firms. However, we find no improvement in future CSR performance or a reduced likelihood of future CSR misconduct after the formation of such board interlocks. Altogether, our findings suggest that establishing board interlocks with firms that have better CSR performance is an effective signaling strategy for reputation management for firms engaging in CSR misconduct. © 2023 Elsevier B.V., All rights reserved.","Board Interlocks; Corporate Social Responsibility; Reputation; Violations"
"Optimal monetary policy under bounded rationality","2023","Journal of Financial Stability","10.1016/j.jfs.2023.101151","https://www.scopus.com/inward/record.uri?eid=2-s2.0-85165556493&doi=10.1016%2Fj.jfs.2023.101151&partnerID=40&md5=11b46028be2fabb67f7738f4c6144ab0","We develop a behavioral New Keynesian model to analyze optimal monetary policy with heterogeneously myopic households and firms. Five key results are derived. First, our model reflects coherent microeconomic and aggregate myopia due to the consistent transition from subjective to objective expectations. Second, the optimal monetary policy entails implementing inflation targeting in a framework where myopia distorts agents’ inflation expectations. Third, price level targeting emerges as the optimal policy under output gap, revenue, or interest rate myopia. Under price level targeting, rational inflation expectations are a minimal condition for optimality under bounded rationality. Fourth, bounded rationality is not necessarily welfare-decreasing and is even associated with welfare gains for extreme cognitive discounting. Finally, our empirical results point to the behavioral model's superiority over the rational model. © 2023 Elsevier B.V., All rights reserved.","Behavioral Macroeconomics; Central Bank Policy; Cognitive Discounting; Heterogeneous Expectations; Optimal Simple Rules"
"Why are BHCs organized as parent-subsidiaries? How do they grow in value?","2023","Journal of Financial Stability","10.1016/j.jfs.2023.101155","https://www.scopus.com/inward/record.uri?eid=2-s2.0-85165322681&doi=10.1016%2Fj.jfs.2023.101155&partnerID=40&md5=eaf2611ddfe067964ad8b718d3d40e8a","We rationalize the organization of US banking groups into a holding company with subsidiaries – instead of branches or stand-alone units – subject to regulatory provisions of the ”source-of strength” type. We show that their value increases with debt diversity among affiliates and with complexity, as measured by the number of subsidiaries. Regulatory interventions that are aimed at ring fencing reduce (increase) the shareholder value, whenever the Governmental leniency to bailout is low (high). Branches become more valuable when there is no full commitment to internal rescue and Government bailout occurs with certainty. © 2023 Elsevier B.V., All rights reserved.","Bailouts; Bank Internal Rescue; Banking Complexity; Branches; Default Costs; Leverage; Parent-subsidiaries; Ring Fencing; Us Bhcs"
"Hastily announced: Mergers and acquisitions with pledging shareholders","2023","Journal of Financial Stability","10.1016/j.jfs.2023.101159","https://www.scopus.com/inward/record.uri?eid=2-s2.0-85165316669&doi=10.1016%2Fj.jfs.2023.101159&partnerID=40&md5=5b1aeeef8e16d9fe6943de7fd02cd4b9","This study examines how controlling shareholders’ pledging behavior influences firms’ acquisition decisions. Employing a sample of Chinese listed firms from 2010 to 2018, we find that firms with pledging controlling shareholders are more likely to announce merger and acquisition (M&A) deals than firms with non-pledging shareholders. The positive relationship between share pledging and M&A announcements is more pronounced when the margin call pressure is higher. We show that the link between share pledging and M&As is best explained by the controlling shareholders’ fear of losing control, and is unlikely due to shareholder expropriation or optimism. Further analyses indicate that pledge-related acquisitions are associated with a lower success rate, longer trading suspension periods, and smaller (yet positive) market returns. © 2023 Elsevier B.V., All rights reserved.","Controlling Shareholders; Margin Call Pressure; Mergers And Acquisitions; Stock Pledging"
"Top executive gender, corporate culture, and the value of corporate cash holdings","2023","Journal of Financial Stability","10.1016/j.jfs.2023.101154","https://www.scopus.com/inward/record.uri?eid=2-s2.0-85165016676&doi=10.1016%2Fj.jfs.2023.101154&partnerID=40&md5=d089b795ce048d2e5c686ad2817645f5","We document that firms run by female executives are associated with a significantly greater value for their cash holdings. In these firms, the marginal value of one dollar is $1.39, while the comparable value is $0.90 for male managed firms. Further, the marginal value of cash holdings for firms run by female CEOs (CFOs) is $1.56 ($1.47) compared to $0.94 ($0.91) for firms with male CEOs (CFOs). The significant difference in the value of cash holdings may be attributed to the gender-based female executives’ traits that permeate a myriad of corporate decisions with superior outcomes that cumulatively manifest in the market assigning a higher value to cash holdings by these firms. The effect is more pronounced in firms with any of the following characteristics: financially unconstrained, cash distributing, weak governance, low institutional investors’ monitoring, and low audit quality. Adding another new dimension to the literature, we show that corporate culture is a potential determinant of the value of cash holdings. Specifically, we document that female led firms are associated with a more salubrious corporate environment manifesting in a greater value assigned to corporate cash holdings. Our results are robust to a battery of robustness tests. © 2023 Elsevier B.V., All rights reserved.","Corporate Culture; Gender-based Decision Making; Top Executive Gender; Value Of Corporate Cash Holdings"
"Global capital flows and the role of macroprudential policy","2023","Journal of Financial Stability","10.1016/j.jfs.2023.101137","https://www.scopus.com/inward/record.uri?eid=2-s2.0-85164669683&doi=10.1016%2Fj.jfs.2023.101137&partnerID=40&md5=aa7d33adc106c14121bfb0cbf6c84627","Can countercyclical bank capital buffers reduce the negative effects of global liquidity shocks? We use the Lehman Brothers bankruptcy as a natural experiment to document the role of the banking system as a transmission channel of global financial disturbances to the real economy. Using central bank administrative data, our results suggest that in the aftermath of the Lehman collapse the banking channel is responsible for 1.44% of the aggregate drop in investment and 0.58% of the drop in aggregate employment. In order to evaluate the effectiveness of counter-cyclical macroprudential policies, we model an open-economy with a banking sector. We compare the drop in actual GDP during the 2008 financial crisis against the counterfactual GDP had Basel III style counter-cyclical capital buffers (CCyB) been in place. We find that the GDP drop in the counterfactual scenario would have been 6 p.p. lower than in the data. We also demonstrate the beneficial effects of the CCyB in mitigating tail risk (GDP at Risk). We show that, over a 3–5 year horizon, the GDP distribution with an operational CCyB would have a higher mean and a much thinner left tail when compared to an economy without a CCyB. © 2023 Elsevier B.V., All rights reserved.","Capital Flows; Capital Requirements; Growth At Risk; Macroprudential Regulation"
"Fiscal support and banks’ loan loss provisions during the COVID-19 crisis","2023","Journal of Financial Stability","10.1016/j.jfs.2023.101150","https://www.scopus.com/inward/record.uri?eid=2-s2.0-85164353968&doi=10.1016%2Fj.jfs.2023.101150&partnerID=40&md5=1a3fbc32113d331f947d5ff392ab3b42","We study the effect of governments’ fiscal support on banks’ loan loss provisioning during the COVID-19 pandemic. In addition, we decompose fiscal support into direct support and liquidity support to examine the effect of different types of support measures on banks’ loan loss provisioning. Direct support generally refers to cash transfers, tax reliefs, and tax deferrals, while liquidity support generally refers to government-backed loans and equity injections. We find that direct support reduced banks’ loan portfolio risk whereas liquidity support did not. Moreover, we find the effect goes beyond a macroeconomic stabilization effect, suggesting that direct support directly contributed to mitigating banks’ loan portfolio risk during the pandemic. Our results are robust to controlling for other policy interventions, alternative model specifications, and an instrumental variable approach. We further discuss the policy implications of our analysis. © 2023 Elsevier B.V., All rights reserved.","Banks; Covid-19; Crisis; Fiscal Support; Loan Loss Provisions"
"Bank credit, inflation, and default risks over an infinite horizon","2023","Journal of Financial Stability","10.1016/j.jfs.2023.101131","https://www.scopus.com/inward/record.uri?eid=2-s2.0-85164027789&doi=10.1016%2Fj.jfs.2023.101131&partnerID=40&md5=e56ac0c1f8ec4eb45b9151752ebca2be","The financial intermediation wedge of the banking sector used to co-move positively with the federal funds rate, but the post-GFC era saw a disconnect between them. We develop a flexible price dynamic general equilibrium with banks’ liquidity creation to offer an explanation. In a corridor system, the financial wedge and policy rate are shown to co-move, and the pass-through of monetary policy onto both inflation and output obtains. However, the post-GFC floor system obviates the need for the financial wedge to cover the cost of obtaining reserves, so the wedge and the policy rate indeed disconnect in equilibrium; furthermore, we show that the disconnect obstructs monetary expansions from generating inflation. In this environment, tightening bank capital requirement leads to disinflationary pressure. Money-financed fiscal expansions that subsidise non-bank sectors’ borrowing costs improve output and reduce default risks but increase inflation. The model uses banks’ liquidity creation via credit extension to provide a rationale for both the pre-pandemic disinflation and the post-pandemic inflation. The results hold both on the dynamic paths and in the steady state, and the role of money enlarges the Taylor rule determinacy region. © 2023 Elsevier B.V., All rights reserved.","Corporate Default; Financial Intermediation Wedge; Inside Money Deposits; Liquidity Creation; Long-run Non-neutrality; Money-financing; Reserve Management"
"How effective are bad bank resolutions? New evidence from Europe","2023","Journal of Financial Stability","10.1016/j.jfs.2023.101153","https://www.scopus.com/inward/record.uri?eid=2-s2.0-85163798989&doi=10.1016%2Fj.jfs.2023.101153&partnerID=40&md5=890616d19e9fffa6dc13793d5667d69d","The paper studies the effectiveness of bank resolutions using a comprehensive database on banks headquartered in 18 European countries over the period 2000–19. By means of difference-in-differences methodology, we find that impaired asset segregations – otherwise known as bad banks – have been more effective than state-funded recapitalisations of distressed banks. While recapitalised banks seem to have used the injected funds mainly to clean up their balance sheets by reducing problem loans and cutting down on lending, banks that segregated assets increased progressively their lending after the creation of the bad bank. For both types of banking crisis interventions, we find a significant ex-post reduction in the cost of bank funding and shift towards deposit funding. © 2023 Elsevier B.V., All rights reserved.","Bad Banks; Lending; Non-performing Loans; Recapitalisations; Rescue Packages; Resolutions"
"Promoting financial stability of oil producers: Operational vs. financial hedging","2023","Journal of Financial Stability","10.1016/j.jfs.2023.101152","https://www.scopus.com/inward/record.uri?eid=2-s2.0-85162982714&doi=10.1016%2Fj.jfs.2023.101152&partnerID=40&md5=d1735df476eaecfad6b2f36dd94bf772","This paper investigates the effects of operational hedging on commodity price risks. It explores a novel type of operational hedging, i.e., the natural operational hedge position between upstream crude oil production and downstream activities in the supply chain. Using hand-collected data from 293 unique oil-producing firms, we find that operational hedging is sufficiently effective in reducing firms’ exposure to oil-price risk. We also find an inverse relationship between operational and financial hedging, suggesting that they can substitute for each other. © 2023 Elsevier B.V., All rights reserved.","Financial Hedging; Oil Producer; Operational Hedging; Risk Management"
"Do sovereign-bond issuers learn from peers?","2023","Journal of Financial Stability","10.1016/j.jfs.2023.101143","https://www.scopus.com/inward/record.uri?eid=2-s2.0-85162092068&doi=10.1016%2Fj.jfs.2023.101143&partnerID=40&md5=47885834940d3e227a5038eb6ec2368c","This paper investigates the information spillover and learning by observing among countries in the sovereign debt markets. We find that the coupon rate of a bond offering by a borrower-country is positively associated with the average coupon rate of bonds issued by peer countries during the previous three-month period and this is significant among economically similar peers. Our results are stronger among investment-grade than speculative-grade ranked countries, and they are also more significant among countries without an IMF program than those under IMF program. We, however, fail to find evidence of learning among neighboring countries or those with a common language. Our findings suggest that although learning from peers is affected by borrower-countries’ quality, sovereign bond markets learn information from their economically-similar peers, which could ensure greater price stability. © 2023 Elsevier B.V., All rights reserved.","Information Spillover; Learning; Peers; Sovereign Bond; Yields"
"Bank risk-taking in emerging economies: Empirical evidence and theory","2023","Journal of Financial Stability","10.1016/j.jfs.2023.101136","https://www.scopus.com/inward/record.uri?eid=2-s2.0-85161883456&doi=10.1016%2Fj.jfs.2023.101136&partnerID=40&md5=41512d2661622fb77485e48b0d6f39a1","This article empirically studies the impact of foreign shocks on bank risk-taking in emerging economies. We use a country panel model for the 2001–2017 period. Using several measures of bank risk-taking, financial openness and foreign debt participation, we find if anything that the lower the financial openness in an economy, the higher the likelihood that the foreign monetary policy rate increases bank risk-taking and that the foreign debt participation reduces bank risk-taking. To provide an intuition of these results, we develop a simple small open economy model with banks facing foreign borrowing limits and taking excessive risk. The novel result is that, when the foreign borrowing limit binds, a lower foreign interest rate reduces excessive bank risk-taking. Since the foreign borrowing limit binds, the lower foreign rate does not boost bank credit but reduces bank default probability, which diminishes bank incentives to take excessive risk. Similarly, greater access to the international credit markets reduces excessive bank risk-taking. © 2023 Elsevier B.V., All rights reserved.","Bank Default Probability; Bank Risk-taking; Foreign Borrowing; Monetary Policy"
"CEO power, bank risk-taking and national culture: International evidence","2023","Journal of Financial Stability","10.1016/j.jfs.2023.101133","https://www.scopus.com/inward/record.uri?eid=2-s2.0-85161864566&doi=10.1016%2Fj.jfs.2023.101133&partnerID=40&md5=c1dc1e3c7dc7bec1bcd0a57e6fa49c8c","Using unique hand-collected data for 336 large banks across 48 countries, together with values of national culture, our empirical analysis uncovers three new robust findings. First, variations of bank risk-taking across national culture and CEO power are more pronounced when cultural values and CEO power indicators are high. Second, while the individualism dimension of national culture has a moderating influence, the uncertainty avoidance dimension has a reinforcing effect, on the relationship between CEO power and bank risk-taking. In more detail, the results for the average marginal effect of CEO power on risk for different cultural values show that CEO power has a negative (positive) or insignificant impact on bank risk-taking when the value of individualism (uncertainty avoidance) is low; however, the impact becomes positive (negative) and statistically significant as the value of individualism (uncertainty avoidance) increases. Third, intra-cultural diversity matters: ‘tight’ cultures (e.g., strong social norms) are more pronounced than ‘loose’ cultures (e.g., heterogeneous values) in influencing bank risk. © 2023 Elsevier B.V., All rights reserved.","Bank Risk-taking; Ceo Power; Hierarchical Linear Modeling; Individualism; National Culture; Uncertainty Avoidance"
"The role of credit lines and multiple lending in financial contagion and systemic events","2023","Journal of Financial Stability","10.1016/j.jfs.2023.101141","https://www.scopus.com/inward/record.uri?eid=2-s2.0-85161642507&doi=10.1016%2Fj.jfs.2023.101141&partnerID=40&md5=b235143430fe77de0cfbd9fa1fc947f3","Banks play a crucial role in providing liquidity to borrowers, particularly during crises (Kashyap et al., 2002 [33]). The existence of multiple lending relationships between banks and borrowers has been seen as an element that reduces the risk of liquidity shortage for debtors (Detragiache et al., 2000). In this paper, we aim to show how the interaction of these two aspects with solvency and liquidity requirements might have implications for the stability of the banking system, which might still need to be fully analyzed. We show that if other sources of liquidity are unavailable or too costly for banks, multiple lending might be a key element in a systemic liquidity shortage and a large drop in lending to the economy. These findings are particularly relevant for understanding how macroeconomic shocks, such as the relatively recent outbreak of COVID-19, could impact the real economy, as well as for assessing the implications of alternative banking resolution mechanisms. © 2023 Elsevier B.V., All rights reserved.","Banking Crisis Management; Financial Contagion; Lines Interbank Market; Multiple Lending Credit; Systemic Risk"
"Monetary policy uncertainty and corporate cash holdings: Evidence from China","2023","Journal of Financial Stability","10.1016/j.jfs.2023.101138","https://www.scopus.com/inward/record.uri?eid=2-s2.0-85161636872&doi=10.1016%2Fj.jfs.2023.101138&partnerID=40&md5=91d0a9a524218989e2bc7a4d98e6d20d","This paper empirically explores the effect of monetary policy uncertainty on corporate cash holdings in China. We find robust evidence that monetary policy uncertainty is positively related to corporate cash holdings. The firms’ precautionary behavior in cash holdings is chiefly attributed to the increase in financial frictions rather than the reduction in corporate investments. The promoting effect of monetary policy uncertainty on cash holdings is more pronounced among firms with more severe financial constraints, firms with higher dependence on external finance, firms with worse access to bank financing, and non-SOEs, and during the period of monetary policy tightening. Our study suggests that firms hold more cash to cushion potential liquidity shortfalls induced by the increase in monetary policy uncertainty. © 2023 Elsevier B.V., All rights reserved.","Cash Holdings; Financial Friction; Monetary Policy Uncertainty; Real Option"
"Asset securitization, cross holdings, and systemic risk in banking","2023","Journal of Financial Stability","10.1016/j.jfs.2023.101140","https://www.scopus.com/inward/record.uri?eid=2-s2.0-85161629319&doi=10.1016%2Fj.jfs.2023.101140&partnerID=40&md5=826fe4c3a0ba563d7c0aa729291e670b","We present a theoretical framework for studying how the cross holdings of asset securitization products may affect systemic risk in banking. We demonstrate that cross holdings can be understood from the perspective of profit seeking and credit creation; these motives drive up banks’ leverage. We also show that the capital adequacy ratio regulatory constraint may become invalid with cross holdings, which adversely impacts the monitoring of the stability of a system. We demonstrate that, generally, the impact of asset securitization on systemic risk is nonmonotonic and critically hinges on the banking asset structure, cross-holding degree among banks, and asset securitization characteristics including its state of risk retention. We empirically examine theoretical predictions using a comprehensive set of data from 27 countries/regions spanning the past 15 years. © 2023 Elsevier B.V., All rights reserved.","Asset Securitization; Banking System; Cross Holdings; Systemic Risk"
"Bank regulations and surges and stops in credit: Panel evidence","2023","Journal of Financial Stability","10.1016/j.jfs.2023.101134","https://www.scopus.com/inward/record.uri?eid=2-s2.0-85161355890&doi=10.1016%2Fj.jfs.2023.101134&partnerID=40&md5=d3dd1d0f78b80c0239b4921f084bbc6b","Prudential bank regulation complicates monetary policy because it has cyclical effects on the growth of bank credit, which can be a channel through which monetary policy is transmitted to the economy. Employing a panel of 36 advanced and developing countries for the period 1973–2015, we find that changes in regulation have been procyclical with respect to credit surges and counter-cyclical with respect to credit stops. As a result, monetary policy risks being too loose over the credit cycle. The economic effects of prudential regulation on credit have been meaningful given the large-scale bank liberalizations undertaken by many countries. The result is robust to dealing with a wide range of sensitivity tests and endogeneity concerns. In designing regulations, policymakers need to consider transmission mechanisms through which they might affect the real economy and undermine the goals of monetary policy. © 2023 Elsevier B.V., All rights reserved.","Credit Stop, Probit, Endogeneity; Credit Surge; Prudential Regulation"
"Reinforcement learning policy recommendation for interbank network stability","2023","Journal of Financial Stability","10.1016/j.jfs.2023.101139","https://www.scopus.com/inward/record.uri?eid=2-s2.0-85161291581&doi=10.1016%2Fj.jfs.2023.101139&partnerID=40&md5=a06328a5a476d1da7345e7cd1bb7dabf","In this paper, we analyze the effect of a policy recommendation on the performance of an artificial interbank market. Financial institutions stipulate lending agreements following a public recommendation and their individual information. The former is modeled by a reinforcement learning optimal policy that maximizes the system's fitness and gathers information on the economic environment. The policy recommendation directs economic actors to create credit relationships through the optimal choice between a low interest rate or a high liquidity supply. The latter, based on the agents’ balance sheet, allows determining the liquidity supply and interest rate that the banks optimally offer their clients within the market. Thanks to the combination between the public and the private signal, financial institutions create or cut their credit connections over time via a preferential attachment evolving procedure able to generate a dynamic network. Our results show that the emergence of a core–periphery interbank network, combined with a certain level of homogeneity in the size of lenders and borrowers, is essential to ensure the system's resilience. Moreover, the optimal policy recommendation obtained through reinforcement learning is crucial in mitigating systemic risk. © 2023 Elsevier B.V., All rights reserved.","Financial Networks; Machine Learning; Network Stability; Policy Recommendation; Reinforcement Learning"
"Credit market development and corporate earnings management: Evidence from banking and branching deregulations","2023","Journal of Financial Stability","10.1016/j.jfs.2023.101142","https://www.scopus.com/inward/record.uri?eid=2-s2.0-85161262999&doi=10.1016%2Fj.jfs.2023.101142&partnerID=40&md5=4d98f0e2c1cd1218a54e02561e8b8761","We investigate how external credit market development affects corporate earnings management, by studying the impact of the U.S. interstate banking and branching deregulations on the intensity of accruals-based and real earnings management. We find that the banking and branching deregulations significantly decrease both accruals-based and real earnings-management intensity among firms in deregulated states. The effect is stronger for those deregulated states that have lower bank branch density before deregulation and states that have greater out-of-state bank entry after deregulation. The impact on corporate earnings management is channelled through increased banking competition and credit supply providing firms with easier access to external financing. The findings are robust to various endogeneity concerns. We further document that interstate banking and branching deregulations reduce the instances of financial results being subsequently affected by accounting restatements and improve firms’ information environment. © 2023 Elsevier B.V., All rights reserved.","Accounting Restatements; Accruals-based And Real Earnings Management; Credit Market Development; Information Environment; Interstate Banking And Branching Deregulations"
"Does macroprudential policy affect wealth inequality? Evidence from synthetic controls","2023","Journal of Financial Stability","10.1016/j.jfs.2023.101135","https://www.scopus.com/inward/record.uri?eid=2-s2.0-85160381641&doi=10.1016%2Fj.jfs.2023.101135&partnerID=40&md5=0d1f4d52ae522bc42498a0403e0c06b3","This paper examines the effects of macroprudential policy (MaPP) on wealth inequality using a large dataset of 171 countries. I find that, after the adoption of MaPP, wealth concentration in the treated countries increases by 3.4 percentage points in a decade. This finding is explained by a rise in the wealth share of the top 1% combined with a sharp decline in the wealth share of the bottom 50%. These effects are stronger for prudential rules based on income, particularly in advanced economies. © 2023 Elsevier B.V., All rights reserved.","Bank Regulation; Inequality; Macroprudential Policy; Synthetic Controls; Wealth"
"Climate change and financial systemic risk: Evidence from US banks and insurers","2023","Journal of Financial Stability","10.1016/j.jfs.2023.101132","https://www.scopus.com/inward/record.uri?eid=2-s2.0-85159562596&doi=10.1016%2Fj.jfs.2023.101132&partnerID=40&md5=f076e2715ce3a4d7cfe39a157f206085","We study the relationship between climate change and financial systemic risk. First, we test whether, to what extent and how quickly the systemic risk of US banking and insurance sectors reacts to billion-dollar weather and climate disasters. We prove that some extreme events can exacerbate financial systemic risk and provide insights about the different timing at which the reaction of the systemic risk measures takes place. Second, we investigate through quantile regressions how the performance of green and brown market indexes affects the systemic risk of the two US financial sectors. We observe that higher levels of the green indexes reduce systemic risk more than a raise in brown indexes, with an increasing magnitude in tail conditions. A raise in the riskiness of the green indexes seems to significantly increase systemic risk, with the effect being stronger than that of an increase in the riskiness of brown indexes. Our results confirm the importance of the adoption of appropriate policies aiming at contrasting the raise in the frequency and severity of climate disasters. Our findings are also important in the perspective of the likely increase (decrease) in the exposure of financial firms towards green (brown) companies, induced by the policy decisions taken to combat climate change, and in terms of the implications for banks’ and insurers’ risk management models and procedures. © 2023 Elsevier B.V., All rights reserved.","Climate Risk; Financial Stability; Sustainable Finance; Systemic Risk"
"Effects and Conduct of Macroprudential Policy in China","2023","Journal of Financial Stability","10.1016/j.jfs.2023.101124","https://www.scopus.com/inward/record.uri?eid=2-s2.0-85152723512&doi=10.1016%2Fj.jfs.2023.101124&partnerID=40&md5=d765b6d2a0e01d71e1a22bf8b89c563d","This paper investigates the effects and conduct of macroprudential policies in China compared to those of monetary policy. Two types of structural VAR models, one with recursive zero restrictions and the other with sign restrictions on impulse responses, are used with monthly data. The main results of this paper are as follows. First, macroprudential policy has substantial effects on financial variables such as credit and house prices and macro variables such as output and inflation rate, as monetary policy does. Second, contractionary macroprudential policy is taken to stabilize credit in response to credit shocks, but monetary policy is not. © 2023 Elsevier B.V., All rights reserved.","China; Macroprudential Policy; Monetary Policy; Sign Restriction; Var"
"Lender individualism and monitoring: Evidence from syndicated loans","2023","Journal of Financial Stability","10.1016/j.jfs.2023.101123","https://www.scopus.com/inward/record.uri?eid=2-s2.0-85151656294&doi=10.1016%2Fj.jfs.2023.101123&partnerID=40&md5=ec5effa514812de63c18dc9cd7e57185","This paper addresses the question, “Does lenders’ culture affect their monitoring efforts and style?”, by exploring whether lender individualism affects the loan monitoring of U.S. borrowers for a sample of 27,164 syndicated loan facilities granted between 1998 and 2017. We proxy lender individualism based on the ancestral country of origin of the lead bank's CEO. We show that lender individualism leads to a less stringent monitoring style. We find that individualist lenders resort less to covenant monitoring, impose less strict contract terms, such as performance pricing and rely more on soft information. We also provide evidence that individualist lenders retain a larger loan share and deal with a larger number of lenders. Finally, we find that some governance characteristics (board size and percentage of female directors) and other CEO features (cash compensation, tenure, and non-duality) moderate the negative association between lender individualism and loan monitoring. © 2023 Elsevier B.V., All rights reserved.","Ceos; Individualism; Monitoring, Covenants; Syndicate Loans"
"Bank safety-oriented culture and lending decisions","2023","Journal of Financial Stability","10.1016/j.jfs.2023.101122","https://www.scopus.com/inward/record.uri?eid=2-s2.0-85151240789&doi=10.1016%2Fj.jfs.2023.101122&partnerID=40&md5=4804a682f3a6e6f728020131f5b66ab2","This study investigates the effects of bank safety-oriented cultures on loan contracts. We regress stock returns during the 1998 Long-Term Capital Management (LTCM) crisis on these risk-taking characteristics and obtain a residual component to proxy the safety-oriented culture of banks. Our empirical results show that banks with a safety-oriented culture increase the probability of signing a contract with low risk borrowers and that they charge lower loan spreads. We also find that these banks ask for more loan covenants to protect their creditor's rights. Finally, banks with a safety-oriented culture suffer less from borrowers’ defaults and have higher market responses around the dates of loan announcements. Also, our findings reject the alternative hypothesis that banks with a safety-oriented culture only accept less risky lending due to their conservative risk attitude, thus destroying market value for banks. © 2023 Elsevier B.V., All rights reserved.","Bank Culture; Bank Loan Contracts; Credit Risk; Default Event; Market Response"
"Bank competition and credit risk: The case of Peru","2023","Journal of Financial Stability","10.1016/j.jfs.2023.101119","https://www.scopus.com/inward/record.uri?eid=2-s2.0-85150258586&doi=10.1016%2Fj.jfs.2023.101119&partnerID=40&md5=9427f9f6c11720878b20256b4c7e31e6","This paper studies empirically the relationship between competition in the loan market and credit risk in the Peruvian financial system. Our finding challenges the theoretical work of Martinez-Miera and Repullo (2010) that finds a U-shaped relationship between competition and risk-taking, as well as the empirical work of Jiménez et al. (2013) that provides evidence that supports this nonlinear relationship in a developed economy as Spain. In contrast, we find that in Peru the shape of the relationship between competition and credit risk is more complex and it depends on the competition measure. © 2023 Elsevier B.V., All rights reserved.","Competition; Credit Risk; Financial Stability; Risk-taking"
"Unobserved components model estimates of credit cycles: Tests and predictions","2023","Journal of Financial Stability","10.1016/j.jfs.2023.101120","https://www.scopus.com/inward/record.uri?eid=2-s2.0-85150247718&doi=10.1016%2Fj.jfs.2023.101120&partnerID=40&md5=dad01ac5b44b1b6165239b007bfd2145","This paper estimates unobserved components (UC) models with real and financial trends and business and credit cycles to assess different measures of the credit cycle used by policymakers. The permanent components of the real and financial sectors are a Beveridge–Nelson and local linear trend, respectively. The business and credit cycles evolve jointly as a second-order vector autoregression. Bootstrap methods are applied to UC model estimates retrieved from classical optimization of the predictive likelihood of the Kalman filter. Results indicate the slope of the financial trend better predicts the credit to GDP ratio in the United States than the estimated business and credit cycles and the Basel gap. This suggests policymakers should consider permanent shocks to the financial sector when gauging the state of financial stability. © 2023 Elsevier B.V., All rights reserved.","Bootstrap; Business Cycle; Credit Cycle; Unobserved Components Model"
"Do labor mobility restrictions affect debt maturity?","2023","Journal of Financial Stability","10.1016/j.jfs.2023.101121","https://www.scopus.com/inward/record.uri?eid=2-s2.0-85150078892&doi=10.1016%2Fj.jfs.2023.101121&partnerID=40&md5=7a35e678062502fe34af0a2dda5a5e8c","Prior literature finds that staggered state-level adoption of the Inevitable Disclosure Doctrine (IDD) significantly constrains labor mobility. Using the IDD as an exogenous shock to labor mobility, we find that firms headquartered in states that adopt the IDD gravitate towards issuing short-term debt for external debt financing. We examine three mechanisms—default risk, information asymmetry, and agency cost mitigation—through which labor mobility restrictions affect debt maturity. Our results provide support for the information asymmetry mechanism, which suggests that firms are more inclined to use short-term debt when their information environment deteriorates. We find that in the wake of IDD adoption, firms tend to utilize short-term debt only in corporate bond markets and their debt maturity profiles become more concentrated. © 2023 Elsevier B.V., All rights reserved.","Debt Maturity; Inevitable Disclosure Doctrine; Labor Mobility Restrictions"
"What is mine is yours: Sovereign risk transmission during the European debt crisis","2023","Journal of Financial Stability","10.1016/j.jfs.2023.101103","https://www.scopus.com/inward/record.uri?eid=2-s2.0-85149240389&doi=10.1016%2Fj.jfs.2023.101103&partnerID=40&md5=91a55556d7ec14cd0d7b2cce76f0ec6f","We develop an empirical network model to characterize the density of bilateral sovereign credit risk spillovers during the European debt crisis. We show that the spillover density is often asymmetric with heavy tails and that its location and shape vary strongly and systematically in relation to published indicators of systemic stress. Using auxiliary panel data models, we show that the intensity of bilateral spillovers is related to the portfolio investment exposures among country pairs. Because our spillover statistics can be updated daily, they represent a valuable supplement to existing weekly and monthly measures of systemic stress. © 2023 Elsevier B.V., All rights reserved.","Contagion And Systemic Stress; Credit Default Swaps (cds); Network Models And Connectedness; Sovereign Credit Risk Network; Spillover Density"
"Forecasting Stock Market Crashes via Machine Learning","2023","Journal of Financial Stability","10.1016/j.jfs.2022.101099","https://www.scopus.com/inward/record.uri?eid=2-s2.0-85148667674&doi=10.1016%2Fj.jfs.2022.101099&partnerID=40&md5=501497944741a1849ef27d5058138f21","This paper uses a comprehensive set of predictor variables from the five largest Eurozone countries to compare the performance of simple univariate and machine learning-based multivariate models in forecasting stock market crashes. In terms of statistical predictive performance, a support vector machine-based crash prediction model outperforms a random classifier and is superior to the average univariate benchmark as well as a multivariate logistic regression model. Incorporating nonlinear and interactive effects is both imperative and foundation for the outperformance of support vector machines. Their ability to forecast stock market crashes out-of-sample translates into substantial value-added to active investors. From a policy perspective, the use of machine learning-based crash prediction models can help activate macroprudential tools in time. © 2023 Elsevier B.V., All rights reserved.","Active Trading Strategy; Extreme Event Prediction; Machine Learning; Stock Market Crashes"
"Financial contracting as behavior towards risk: The corporate finance of business cycles 8/3/22","2023","Journal of Financial Stability","10.1016/j.jfs.2023.101104","https://www.scopus.com/inward/record.uri?eid=2-s2.0-85148108594&doi=10.1016%2Fj.jfs.2023.101104&partnerID=40&md5=5be1ef788e5a6ab46d6f3897959f4d6d","This paper describes the balance sheet adjustments of debt and equity financed firms over time in an economy subject to taste shocks. A model is developed that describes a representative firm with a stochastic diminishing returns technology and a set of financial contracts that resolve a conflict-of-interest problem between differentially risk-averse bondholders and stockholders. The contractual resolution of this conflict-of-interest problem between the two agents is shown to shape certain stylized facts of business cycles ignored in Keynesian and Classical models. Changes in investor risk aversion and equity valuations trigger real investment decisions that can cause business cycles. Bond covenants then have the firm adjusting its financing decisions so as to offset any risk-shifting associated with the investment decisions. Stockholders manage the asset side of the firm's balance sheet while bondholders (regulators in the case of banks) manage the financing side. In this way the welfare of both investors is coalesced over the business cycle. A similar type of analysis accounts for the age distribution of workers, and the size distribution of firms over the business cycle. Evidence presented here and elsewhere fails to reject these predictions for the U.S. non-financial and financial corporate sectors. © 2023 Elsevier B.V., All rights reserved.","Business Cycle; Covenants; Financing Decisions; Labor Markets; Production – Investment Decisions; Security Markets"
"Portfolio diversification during the COVID-19 pandemic: Do vaccinations matter?","2023","Journal of Financial Stability","10.1016/j.jfs.2023.101118","https://www.scopus.com/inward/record.uri?eid=2-s2.0-85148046921&doi=10.1016%2Fj.jfs.2023.101118&partnerID=40&md5=dbdf80c20fd13f14bdd5e7831e3921af","The COVID-19 vaccine rollout expects to mitigate the severe negative impacts of the pandemic on global financial markets. Our study provides supporting evidence for this expectation. We find robust evidence that vaccinations significantly reduce the cross-country stock volatility connectedness among G7 nations, suggesting that the diversification benefits of an international equity portfolio may be enhanced during the pandemic when vaccinations accelerate. We present two explanations for this result. First, the vaccine deployment improves stock market return and decreases individual stock market volatility. Second, the vaccine rollout helps a country's stock market be more resilient to exogenous shocks. We further demonstrate that a global portfolio using a tactical allocation rule based on the intensity of vaccinations can outperform a buy-and-hold portfolio in terms of risk-adjusted returns. © 2023 Elsevier B.V., All rights reserved.","Covid-19 Vaccinations; Multivariate Heterogeneous Autoregressive Model; Performance Evaluation; Portfolio Diversification; Volatility Connectedness"
"The impact of short selling on dividend smoothing","2023","Journal of Financial Stability","10.1016/j.jfs.2023.101117","https://www.scopus.com/inward/record.uri?eid=2-s2.0-85148033548&doi=10.1016%2Fj.jfs.2023.101117&partnerID=40&md5=97979499c6b54c04514a19368513e039","We examine the impact of stock-price formation process on firms’ dividend smoothing using Regulation SHO. We find that pilot firms are more likely to increase dividends and less likely to omit them during the pilot program; however, they are more likely to decrease dividends after the program ends. These firms also smooth less and have higher adjustment speeds. Our findings are more pronounced for firms with higher information asymmetry, stronger financials, and weaker governance. In general, this study shows that financial markets tend to have a significant and long-lasting impact on dividend smoothing policy. © 2023 Elsevier B.V., All rights reserved.","Payout Policy; Regulation Sho; Short Selling; Signaling; Smoothing"
"Monetary policy spillover to small open economies: Is the transmission different under low interest rates?","2023","Journal of Financial Stability","10.1016/j.jfs.2023.101116","https://www.scopus.com/inward/record.uri?eid=2-s2.0-85147865979&doi=10.1016%2Fj.jfs.2023.101116&partnerID=40&md5=d491a4b3e7b12f3c8088f94e50bccf73","We explore the impact of low and negative monetary policy rates in core world economies on bank lending in four small open economies – Canada, Chile, the Czech Republic and Norway – using confidential bank-level data. We show that the impact on lending in these small open economies depends on the interest rate level in the core. During normal times, monetary policy cuts in the core can reduce credit supply in small open economies. In contrast, when interest rates in the core are low, further expansionary monetary policy increases lending in small open economies, consistent with an international bank lending channel. These results have important policy implications, suggesting that central banks in small open economies should watch for the impact of potential regime switches in core economies’ monetary policy when rates shift to and from the very low end of the distribution. © 2023 Elsevier B.V., All rights reserved.","Cross-border Monetary Policy Spillover; International Bank Lending Channel; Low And Negative Interest Rate Environment (lnire); Portfolio Channel"
"Macroprudential policy in central banks: Integrated or separate? Survey among academics and central bankers","2023","Journal of Financial Stability","10.1016/j.jfs.2023.101107","https://www.scopus.com/inward/record.uri?eid=2-s2.0-85147417699&doi=10.1016%2Fj.jfs.2023.101107&partnerID=40&md5=a23e9bcb36b9af48b29f19cc5c0f42b9","We surveyed experts from academia, central banks, and other regulatory institutions on the preferred institutional setup of macroprudential policy and the underlying interactions stemming from the conduct of monetary and macroprudential policy. We find substantial support for the integration setup, under which macroprudential policy is entrusted to the central bank and not to a separate institution. The most significant factors driving the respondents’ views are the large degree of interdependence of the two policies, the potential information gains from keeping them “under one roof”, and a greater capability to resolve strategic conflicts. We identify non-negligible heterogeneity in the responses, especially in terms of respondents’ experience, expertise, and position. © 2023 Elsevier B.V., All rights reserved.","Central Banking; Expert Survey; Institutional Arrangement; Macroprudential Policy; Monetary Policy"
"Sovereign portfolio composition and bank risk: The case of European banks","2023","Journal of Financial Stability","10.1016/j.jfs.2023.101108","https://www.scopus.com/inward/record.uri?eid=2-s2.0-85146998113&doi=10.1016%2Fj.jfs.2023.101108&partnerID=40&md5=3e6d065462c9c5a755eb149b5d5bb398","We extend the literature on the sovereign-bank nexus by examining the composition effects of sovereign portfolios on banks' risk profile, unlike previous studies which generally analyzed the determinants of banks’ sovereign portfolios or the size effects of these portfolios. We also differ from previous studies with respect to the measures of risk considered and by covering a sample period that goes well beyond the Global Financial Crisis (2009–2018). Drawing on granular data from the European Banking Authority, we find that banks are riskier when their portfolio includes a higher proportion of securities that are issued by higher risk sovereigns or when they are themselves domiciled in a country with high sovereign credit risk. But we do not find concluding evidence that larger holdings of government securities of the country where the bank is incorporated increase bank risk ex-post. However, the risk profile is higher for banks that received government capital injections than for banks that did not receive capital support in the aftermath of the Global Financial Crisis. Banks that received government capital injections are less risky when their portfolio includes a higher proportion of securities that are issued by higher risk sovereigns. These results may indicate that regulatory arbitrage motives at these banks are particularly important. © 2023 Elsevier B.V., All rights reserved.","Banks; Eu; Sovereign Crisis"
"The impact of Bank of Japan's exchange-traded fund purchases","2023","Journal of Financial Stability","10.1016/j.jfs.2023.101102","https://www.scopus.com/inward/record.uri?eid=2-s2.0-85146557141&doi=10.1016%2Fj.jfs.2023.101102&partnerID=40&md5=101f4e9c3c54b5ea32e9a5781b54c2ff","The Bank of Japan (BOJ) enhanced its large-scale asset purchases in October 2010 by purchasing equity exchange-traded funds (ETFs). This study is the first to demonstrate that the BOJ provides downside protection for stock prices through the countercyclical purchase of ETFs. The BOJ responds to a large negative stock return during the overnight and morning periods, and submits purchase orders during lunchtime. Using the BOJ's March 2020 announcement of doubling the annual purchase amount during the COVID-19 pandemic, this study also finds that the announcement effect is small and temporary. In contrast, the flow effect of the actual purchases is significant and increases. The BOJ's countercyclical ETF purchase prevents equity risk premia from rising during an economic downturn. © 2023 Elsevier B.V., All rights reserved.","Central Banking; Exchange-traded Funds; Large-scale Asset Purchase; Quantitative Easing; Unconventional Monetary Policy"
"Deposit insurance and market discipline","2023","Journal of Financial Stability","10.1016/j.jfs.2023.101101","https://www.scopus.com/inward/record.uri?eid=2-s2.0-85146653047&doi=10.1016%2Fj.jfs.2023.101101&partnerID=40&md5=347b52244165ffbfb0fc61a82e41e3bc","Limited coverage is a standard feature in deposit insurance schemes. It is used to limit moral hazard, and achieves this objective by reinforcing market discipline: depositors have more incentives to monitor banks’ risk-taking if they have skin in the game. In this paper, I study market discipline and coverage levels by analyzing the relationship of funding costs and deposit growth with banks’ risk. I use a database of Colombian banks’ balance sheets and take advantage of a sudden, significant, and exogenous increase in the coverage level that occurred in April 2017. I find evidence of market discipline throughout the period of analysis and most results are consistent with it not being reduced by the change in the coverage level. The results are nuanced, however. Two variables are impacted: one in the quantity and the other in the price dimension. Furthermore, results also vary when I look at specific groups of banks separately. Market discipline is not present in big banks. Too big-to-fail perceptions seem to limit it. This is also the case for banks concentrated in fully insured deposits, where limited coverage has a less prevalent role. © 2023 Elsevier B.V., All rights reserved.","Deposit Insurance; Deposit Insurance Coverage Level; Market Discipline; Too-big-to-fail"
"Regulatory oversight and bank risk","2023","Journal of Financial Stability","10.1016/j.jfs.2023.101105","https://www.scopus.com/inward/record.uri?eid=2-s2.0-85146567229&doi=10.1016%2Fj.jfs.2023.101105&partnerID=40&md5=9a66cfd37141a15e39af431ff01b0034","We investigate how a change in regulatory oversight affects bank risk, using the passage of the Economic Growth, Regulatory Relief, and Consumer Protection Act of 2018 as a setting. Using a sample of bank holding companies (BHCs) covering the period 2015Q1 through 2020Q1, we find that risk increases for large BHCs affected by a change in regulatory oversight. In addition to increasing bank level risk, affected BHCs increase their respective contribution to the systemic risk. These BHCs also experience higher profitability, increased market valuation and reduced compliance costs. © 2023 Elsevier B.V., All rights reserved.","And Consumer Protection Act; Bank Regulation; Bank Risk; Difference-in-differences; Dodd-frank Act; Economic Growth; Regulatory Relief"
"Does headquarters location matter in corporate tax avoidance?","2023","Journal of Financial Stability","10.1016/j.jfs.2023.101106","https://www.scopus.com/inward/record.uri?eid=2-s2.0-85146158737&doi=10.1016%2Fj.jfs.2023.101106&partnerID=40&md5=8fa86f783920a4999773eee1ade47fcb","This study examines whether corporate headquarters (CHQ) location influences firms’ tax avoidance practice. Our two-stage OLS regression analysis demonstrates that firms engage in less (more) tax avoidance when their CHQ are located near (farther away from) urban areas. Using recursive path analysis, we further examine the channels through which CHQ location impacts tax avoidance practice and find that the overall negative effect comprises a larger direct negative effect of CHQ location and a smaller indirect negative effect of CHQ location through financial reporting opacity and number of analysts following on firms’ tax avoidance. Furthermore, our nonrecursive path analysis shows that while CHQ location affects tax avoidance through direct and indirect channels, tax avoidance does not affect the choice of CHQ location. Finally, we find that when firms switch their CHQ from urban areas to rural areas (vice versa), their tax avoidance increases (decreases) accordingly. Our study thus provides a useful extension of tax avoidance studies and the literature on CHQ location's effect on firms’ strategic decisions and performance. © 2023 Elsevier B.V., All rights reserved.","Corporate Headquarters Location; Nonrecursive Path; Recursive Path; Rural Areas; Tax Avoidance; Urban (metropolitan) Areas"
"Small business lending and the bank-branch network","2023","Journal of Financial Stability","10.1016/j.jfs.2022.101097","https://www.scopus.com/inward/record.uri?eid=2-s2.0-85146016241&doi=10.1016%2Fj.jfs.2022.101097&partnerID=40&md5=495d356bddfaf00c2291dc0792f1d99f","I examine the role of bank's distance to the borrower and the proximity of other lenders for the transmission of financial shocks across the bank network. I use a novel dataset of small business lending based on information from the Community Reinvestment Act, which measures lending at census tract groups within each county and yields rich variation in the bank–borrower and borrower–competitor distance. I document that small banks with increased liquidity from proximity to local oil booms, originate more loans to firms far from these booms, and lenders with above-average geographic exposure to residential booms reduce lending in census tract groups with stable house prices. Bank–borrower distance is important for credit expansions, with closer firms receiving more credit, but not for contractions. Proximity of competitors plays a key role: consistent with theoretical predictions, both credit expansions and contractions disproportionately affect markets where the bank faces higher competition. © 2023 Elsevier B.V., All rights reserved.","Bank-branch Network; Energy Boom; Lending Channel; Market Segmentation; Real Estate Boom; Small Business Lending"
"What's in a name? Leaders’ names, compensation, and firm performance","2023","Journal of Financial Stability","10.1016/j.jfs.2022.101096","https://www.scopus.com/inward/record.uri?eid=2-s2.0-85145746849&doi=10.1016%2Fj.jfs.2022.101096&partnerID=40&md5=56efd9b8810c2d19bc70df2e5a00b440","Can leaders’ names have an impact on their compensation and firm performance? We reason about how and why certain leaders’ names are related to higher financial compensation, yet unrelated to their ability to lead a company and thus firm performance. Based on a sample of 6132 CEOs working at large, publicly traded (S&P 1500) firms, we find that CEOs who have more “fluent” names—or names associated with feelings of cognitive ease (e.g., shorter length, more common)—obtain greater financial as well as non-financial perks, even though they are no more competent. Therefore, the study looks beyond the influence of sex- and race-typed names to help explain the observed mismatch between top management compensation and firm performance. We discuss the theoretical implication of this study for the cognitive bias and discrimination literature, and managerial implications for strategic human resource management. © 2023 Elsevier B.V., All rights reserved.","Ceo Compensation; Firm Performance; Name Fluency; Perception Bias"
"Addressing Spillovers from Prolonged U.S. Monetary Policy Easing","2023","Journal of Financial Stability","10.1016/j.jfs.2022.101087","https://www.scopus.com/inward/record.uri?eid=2-s2.0-85145685497&doi=10.1016%2Fj.jfs.2022.101087&partnerID=40&md5=1ec672380d27725dad5a5de259d4f62e","There is growing recognition that prolonged U.S. monetary policy easing has extraterritorial spillovers, driving up financial system leverage elsewhere in the world. Faced with financial stability threats that are not of their own making, what can these countries do? Specifically, is there a role for macroprudential tools, capital controls or foreign exchange intervention in safeguarding financial stability from risks arising externally? We examine the efficacy of these policy interventions by exploring whether preventative or reactive policy interventions can mitigate such risks. Using a sample of 950 bank and nonbank financial firms across 28 non-U.S. economies over the past two decades, we show that if policymakers are able to implement policies prior to an additional consecutive decline in U.S. interest rates, financial institutions do not increase their leverage by as much as they otherwise would. By contrast, it is more difficult to counter the spillovers with reactive policy interventions. © 2023 Elsevier B.V., All rights reserved.","Capital Flow Management Measures; Financial Stability; Foreign-exchange Intervention; Macroprudential Policies; Prolonged Monetary Policy Easing; Spillovers"
"Investor information and bank instability during the European debt crisis","2023","Journal of Financial Stability","10.1016/j.jfs.2022.101100","https://www.scopus.com/inward/record.uri?eid=2-s2.0-85145310949&doi=10.1016%2Fj.jfs.2022.101100&partnerID=40&md5=1e66950eae9c9d9348f159ab36e91fa9","Outside of financial crises, investors have little incentive to produce private information on banks’ short-term liabilities held as information-insensitive safe assets. The same does not hold during crises. We compare the information effects of different policy interventions. We measure information production using credit default swap spreads during the Global Financial Crisis and the European debt crisis. We study abnormal information production around major events and find that capital injections reduced abnormal information production while early European stress tests increased it. High levels of information production predict bank balance sheet contraction and higher government expenditures to support financial institutions. © 2023 Elsevier B.V., All rights reserved.","Financial Crisis; Information Production; Safe Asset"
"A Bayesian approach for more reliable tail risk forecasts","2023","Journal of Financial Stability","10.1016/j.jfs.2022.101098","https://www.scopus.com/inward/record.uri?eid=2-s2.0-85144792673&doi=10.1016%2Fj.jfs.2022.101098&partnerID=40&md5=4eaea2a2c91e9eaf45d5bc2c4a2f5cb7","This paper demonstrates that existing quantile regression models used for jointly forecasting Value-at-Risk (VaR) and expected shortfall (ES) are sensitive to initial conditions. Given the importance of these measures in financial systems, this sensitivity is a critical issue. A new Bayesian quantile regression approach is proposed for estimating joint VaR and ES models. By treating the initial values as unknown parameters, sensitivity issues can be dealt with. Furthermore, new additive-type models are developed for the ES component that are more robust to initial conditions. A novel approach using the open-faced sandwich (OFS) method is proposed which improves uncertainty quantification in risk forecasts. Simulation and empirical results highlight the improvements in risk forecasts ensuing from the proposed methods. © 2022 Elsevier B.V., All rights reserved.","Caviar; Expected Shortfall; Sequential Monte Carlo; Systemic Risk; Uncertainty Quantification; Value-at-risk"
"National culture and bank liquidity creation","2023","Journal of Financial Stability","10.1016/j.jfs.2022.101086","https://www.scopus.com/inward/record.uri?eid=2-s2.0-85144033224&doi=10.1016%2Fj.jfs.2022.101086&partnerID=40&md5=a6ce36364e1c9bd8747bee84a2f5902d","This paper investigates the effects of national culture on bank liquidity creation. Using a sample that covers 66 countries over the 2001–2014 period, we find that individualism is associated with greater bank liquidity creation. This evidence lends more weight to the risk-taking and overconfidence bias explanations. We also find that the effect is stronger for larger banks. Moreover, individualism is associated with more (less) liquidity creation in developed (developing) countries, suggesting that social connections and better access to soft information are relevant explanations in developing countries. Additional analysis suggests that the other cultural dimensions of uncertainty avoidance and power distance are related to lower bank liquidity creation. The results remain robust for a battery of sensitivity checks, and for confronting endogeneity and omitted variables concerns. © 2022 Elsevier B.V., All rights reserved.","Bank Liquidity; Bank Risk; National Culture"
"Systemic risk and CO2 emissions in the U.S.","2023","Journal of Financial Stability","10.1016/j.jfs.2022.101088","https://www.scopus.com/inward/record.uri?eid=2-s2.0-85141983182&doi=10.1016%2Fj.jfs.2022.101088&partnerID=40&md5=2e247c1ba8bcaf4dfe25540de5da0155","We provide both a theoretical framework and empirical results for the relationship between CO<inf>2</inf> emissions and systemic risk in the U.S. Based on a modified structural distance-to-default model that integrates physical risk effects, a theoretical framework is developed, documenting a positive link between CO<inf>2</inf> emissions and systemic risk. Network VAR analysis, Diebold and Yilmaz variance decomposition, and conditional Granger causality provide empirical support for this positive link. Bank assets are found to be negatively related to CO<inf>2</inf> emissions, which indicates an adjustment of the banking sector's assets towards a lower-carbon economy. Policy implications include government-sponsored insurance support for banks facing insured losses. © 2022 Elsevier B.V., All rights reserved.","Co2 Emissions; Diebold And Yilmaz Variance Decomposition; Network Var; Systemic Risk"
"Firm-level political risk and distance-to-default","2022","Journal of Financial Stability","10.1016/j.jfs.2022.101082","https://www.scopus.com/inward/record.uri?eid=2-s2.0-85148020401&doi=10.1016%2Fj.jfs.2022.101082&partnerID=40&md5=a8f296730871547491641c871e67944e","This study provides the first empirical evidence of the relationship between firm-level political risk and distance-to-default. Based on our examination of a quarterly dataset of 2727 U.S. firms covering a period from January 2002 to April 2019, we conclude that firm-level political risk is negatively associated with distance-to-default. We document three economic mechanisms through which political risk increases default risk: information asymmetry, organizational capital, and investment growth. The evidence indicates that the association is more pronounced for firms with low analysts’ forecast accuracy, organizational capital, and investment growth. Employing hand-collected data, we also reveal that firms are able to exploit their corporate lobbying to immunize themselves against default risk. Our findings are robust to different endogeneity identifications, including a natural experiment, alternative distance-to-default proxies, and different sub-samples. Overall, we present novel evidence of an adverse impact of firm-level political risk on distance-to-default and how such a negative effect can be mitigated. © 2023 Elsevier B.V., All rights reserved.","Corporate Lobbying; Distance-to-default; Information Asymmetry; Investment Growth; Organizational Capital; Political Risk"
"Milton Friedman on bailouts","2022","Journal of Financial Stability","10.1016/j.jfs.2022.101055","https://www.scopus.com/inward/record.uri?eid=2-s2.0-85142299994&doi=10.1016%2Fj.jfs.2022.101055&partnerID=40&md5=475f1d5bcf8c269dad65fa844be8443d","This paper analyzes the evolution of Milton Friedman's thinking about bailouts. It covers bailouts of commercial banks, shadow banks and other financial firms, manufacturing firms, governments, financial markets, and other cases where the term is commonly used. It is based on his academic writings and on the many interviews, op-eds, letters to the editor, and so on through which he communicated his views during and after his transition from professor to public intellectual. © 2022 Elsevier B.V., All rights reserved.",""
"Euro area banking and monetary policy shocks in the QE era","2022","Journal of Financial Stability","10.1016/j.jfs.2022.101062","https://www.scopus.com/inward/record.uri?eid=2-s2.0-85142265763&doi=10.1016%2Fj.jfs.2022.101062&partnerID=40&md5=6887f1b79dc70f32ca2dae1c96f2bd7b","This paper assesses the effects of monetary policy shocks on the macroeconomy and the euro area banking sector after the global financial crisis. First, financial risk-return indicators of the banking sector based on a compound option-based structural credit risk model are embedded in a large macro-financial quarterly database covering the period 2008Q4–2019Q4. Second, a SFAVAR identifies and estimates the shocks’ responses relating them to the endogenous build-up of banks’ vulnerabilities which are consistent with the internally coherent structure of the credit risk model. By introducing structure in the understanding of banks’ asset-liability management behavior following monetary policy shocks, the research strategy contributes to disentangling results that are often mixed in the empirical literature. The study finds that unconventional monetary policy, in particular the Asset Purchase Program of the European Central Bank, seems to have been more successful than conventional monetary policy in raising output and inflation. The desired boost to bank lending has been muted and loan cyclicality has varied across countries and loan types. The performance of the banking sector following monetary policy shocks can be characterized by a drop in expected return on equity and assets, a relaxation of lending conditions and increased correlation between banks’ assets return and the market return, a mechanism pointing to enhanced risk-taking. While banks’ probabilities of default fall following monetary policy shocks, the price of risk increases. Banks’ net worth rises via higher market capitalization and implied assets value together with lower volatility, despite often incurring more debt. Risk-taking in the banking sector may pose a risk to financial stability, especially if its effects on banks’ vulnerability spread and increase systemic risk. The unintended endogenous build-up of macro-financial vulnerabilities may need to become part of monetary policymaking. © 2022 Elsevier B.V., All rights reserved.","Banking Sector; Financial Stability; Quantitative Easing; Structural Credit Risk Model; Structural Favar"
"Political spending, related voluntary disclosure, and the cost of public debt","2022","Journal of Financial Stability","10.1016/j.jfs.2022.101085","https://www.scopus.com/inward/record.uri?eid=2-s2.0-85141787295&doi=10.1016%2Fj.jfs.2022.101085&partnerID=40&md5=69fd8f5f0952f9e54036084277143d42","Following the Supreme Court decision in the Citizens United v. Federal Election Commission case of 2010, which removed restrictions in relation to firms’ political spending, and building on the growing debate over whether voluntary political spending disclosure (VPSD) provides valuable information, we examine the effect of political spending on the cost of public debt and the role of VPSD on this effect. Based on a measure of VPSD that became available in 2012 and a large dataset on US firms’ actual political spending, manually extracted from different filings, we provide novel evidence that, in the post-Supreme Court decision period, political spending increases the cost of public debt. This is consistent with the uncertainty associated with political spending. Moreover, we find that the level of voluntary disclosure weakens the positive association between political spending and the cost of public debt. These results hold across multiple specifications as well as when we use a sudden release of firms’ political spending as an exogenous shock to political spending. © 2022 Elsevier B.V., All rights reserved.","Political Spending; Public Debt Financing; Voluntary Disclosure"
"Macroeconomic stability or financial stability: How are capital controls used? Insights from a new database","2022","Journal of Financial Stability","10.1016/j.jfs.2022.101067","https://www.scopus.com/inward/record.uri?eid=2-s2.0-85141510282&doi=10.1016%2Fj.jfs.2022.101067&partnerID=40&md5=4366c44d82731aa2b7cc192604092f8a","While the traditional objectives of capital controls were to address macroeconomic stability risks, a new “externalities view” has emerged prescribing their use to contain financial stability risks. In this context, our understanding of whether capital controls are used in practice to mitigate macroeconomic or financial stability remains limited. Using a novel database on high-frequency capital account regulations for 47 advanced and emerging economies from 2008 to 2020, this paper empirically assesses this question. Our main findings are that: (a) in emerging markets there is a strong association of capital controls on inflows to mitigate risks to macro stability but not financial stability risks; (b) in advanced economies there is a robust association between capital controls on inflows to lean against the buildup of financial stability but not macro stability risks; (c) banking sector flows, but not aggregate capital flows, are strongly associated with tightening capital controls on inflows in emerging markets; and (d) pooling advanced and emerging economies attenuates regression estimates and would lead to concluding that capital controls have weak association with both financial and macro stability motives. Our results can be rationalized by the greater capital flows, more volatile business cycles and stronger interaction between business and financial cycles in emerging markets, and the deeper asset markets found in advanced economies. © 2022 Elsevier B.V., All rights reserved.","Business Cycles; Capital Controls; Capital Flow Management Measures; Financial Cycles; Financial Stability Risks; Macroeconomic Stabilization"
"Bank credit risk and macro-prudential policies: Role of counter-cyclical capital buffer","2022","Journal of Financial Stability","10.1016/j.jfs.2022.101084","https://www.scopus.com/inward/record.uri?eid=2-s2.0-85141297967&doi=10.1016%2Fj.jfs.2022.101084&partnerID=40&md5=8c9598847493f293a3da85206f8a6ca3","This paper investigates the impact of macro-prudential policy (proxied by the counter-cyclical capital buffer (CCyB)) on bank credit risk during uncertain times, as banking sector stability is crucial in promoting financial intermediation. Using a unique daily data set consisting of 4939 credit default swaps (CDS) of 70 banks from 25 countries over the period 2010–2019, we find that CCyB tightening decreases bank-level CDS spreads, while CCyB loosening increases CDS spreads. This heterogeneous effect of CCyB arises due to its asymmetric effect on the capital ratio (i.e., the equity-to-total assets ratio) of banks. Tightening CCyB significantly increases capital, whereas loosening CCyB does not impact capital. Thus, the risks that emanate from the banking sector during periods of heightened uncertainty and financial distress can be significantly dampened when CCyB regulation is enabled. Consequently, macro-prudential policies for banks to hold higher levels of capital during good times are justified to contain financial market risks during downturns. © 2022 Elsevier B.V., All rights reserved.","Bank Cds; Bank-level Characteristics; Macro-prudential Policy; Macroeconomic Environment; Uncertainty"
"Mutual fund tournaments and fund Active Share","2022","Journal of Financial Stability","10.1016/j.jfs.2022.101083","https://www.scopus.com/inward/record.uri?eid=2-s2.0-85140442230&doi=10.1016%2Fj.jfs.2022.101083&partnerID=40&md5=c600201866d858f1b544df1b44612435","We study the impact of the tournament-like competition in the mutual fund industry by examining the Active Share choices of funds. Funds with relatively poor performance by the end of the third quarter in a calendar year tend to increase their Active Share during the last quarter. The increase in the trailing funds’ Active Share is accompanied by an increase in the funds’ downside risk exposure. The evidence suggests that the strategic shifts in Active Share we document are not information/skill motivated. © 2022 Elsevier B.V., All rights reserved.","Active Share; Downside Risk; Implicit Incentives; Mutual Fund Tournaments; Performance Chasing"
"Easy cleanups or forbearing improvements: The effect of CEO tenure on successor's performance","2022","Journal of Financial Stability","10.1016/j.jfs.2022.101072","https://www.scopus.com/inward/record.uri?eid=2-s2.0-85138352755&doi=10.1016%2Fj.jfs.2022.101072&partnerID=40&md5=70b96d0a24bd0d6260ae4137f6f4d014","Long CEO tenure can harm firm performance even after the CEO is replaced. We analyze this issue by conditioning post-turnover firm performance on the length of the preceding CEO's tenure. Identification comes from instrumenting sudden CEO deaths as an exogenous shock to tenure length. We find that when a successor takes over after a long-tenured CEO, operating performance and stock returns are significantly lower, restructuring costs are higher, “big baths” are larger, and firm recovery is slower. Weaker corporate governance and a long-tenured CEO with lower skills amplify these post-turnover effects. © 2022 Elsevier B.V., All rights reserved.","Ceo Tenure; Ceo Term Limits; Firm Performance; Hazard Model; Restructuring Costs; Shareholder Value"
"Is cloud computing the digital solution to the future of banking?","2022","Journal of Financial Stability","10.1016/j.jfs.2022.101073","https://www.scopus.com/inward/record.uri?eid=2-s2.0-85138333077&doi=10.1016%2Fj.jfs.2022.101073&partnerID=40&md5=3dfc0587ab82fc2514ae0c595e101323","This study investigates the impact of banks’ strategic move to cloud computing on bank performance and risk-taking. Based on a novel index of banks’ exposure to cloud computing, we find that banks’ adoption of cloud computing is associated with lower cost efficiency, higher profit efficiency, and greater operational risk using data on Chinese banks over the period 2008–2019. We also find that cloud computing interacts with other newly emerging technologies, leading to synergy gains in cost efficiency and operational risk control but with a substitutive effect on profit efficiency from blockchain. The findings are of timely policy importance and practical relevance for regulators, policy-makers, and bank managers. © 2022 Elsevier B.V., All rights reserved.","Bank Efficiency; China; Cloud Computing; Technical Synergy"
"U.S. banks’ IPOs and political money contributions","2022","Journal of Financial Stability","10.1016/j.jfs.2022.101058","https://www.scopus.com/inward/record.uri?eid=2-s2.0-85136751736&doi=10.1016%2Fj.jfs.2022.101058&partnerID=40&md5=1acf9b540737ffb9a930f8a243f01251","This study analyses the effect of political money contributions on U.S. banks’ IPOs. We employ unbalanced panel data of 367 U.S. banks’ IPOs for the period January 1998 to December 2019. Our findings reveal that investors perceive Political Money Contributions (PMC) by U.S. banks as a proxy for political reach and connectedness. We document an inverse relationship between total PMC and the level of underpricing, which implies that both lobbying and PAC expenditure pay off on issue day as donors incur less underpricing. Initial returns decrease with PAC contributions to House of Representatives candidates, whereas the returns relate to the partisan identity of the candidates receiving PAC contributions. We document that those individual contributions by directors bring significant benefits to the IPO banks. Finally, we show that the political contributions of board members, particularly those of CEOs and founders, are associated with better returns in the long term. © 2022 Elsevier B.V., All rights reserved.","Initial Public Offerings; Ipo Underpricing; Lobbying; Political Connections"
"Banking deregulation, macroeconomic dynamics and monetary policy","2022","Journal of Financial Stability","10.1016/j.jfs.2022.101057","https://www.scopus.com/inward/record.uri?eid=2-s2.0-85135535263&doi=10.1016%2Fj.jfs.2022.101057&partnerID=40&md5=a5ca332c95d5a069ec1615b0da0f1ee1","We assess the effects of increased bank competition on macroeconomic and lending dynamics and on the transmission of monetary policy. Applying panel local projections to state-level data, we, in a first step, investigate the dynamic effects of fiercer bank competition induced by deregulation allowing geographical expansion of banks across state borders in the 1980s and early-1990s. We allow for possible adjustments before the new laws became effective due to potential anticipation effects. Our findings suggest that these events were anticipated and that they temporarily increased economic activity as well as business and consumer lending. We also find a permanent increase in real estate lending and house prices. In a second step, we show that the impact of monetary policy on economic activity, house prices and lending tended to become stronger after interstate banking deregulation. © 2022 Elsevier B.V., All rights reserved.","Banking Competition; Macroeconomic Dynamics; Monetary Policy; Narrative Approach; Panel Local Projections"
"Financial risks, monetary policy in the QE era, and regulation","2022","Journal of Financial Stability","10.1016/j.jfs.2022.101051","https://www.scopus.com/inward/record.uri?eid=2-s2.0-85135532651&doi=10.1016%2Fj.jfs.2022.101051&partnerID=40&md5=158ec97080828f4ae08c082cb40f444f","At the beginning of the present century, the literature on financial integration focused on the benefits of increased integration. In particular, the literature emphasized that a well-integrated financial system allows economic agents to engage in risk sharing while enhancing the smooth transmission of monetary policy. However, the international financial crisis of 2007-08 and the euro area sovereign debt crisis of 2009-15, brought to the fore the flip side of increased financial integration – namely, that higher financial integration among national jurisdictions creates the potential for destabilizing cross-country spillovers of capital flows. The papers in this Special Issue address financial system vulnerabilities in the aftermath of the 2007-08 financial crisis and the 2009-15 euro area crisis. In particular, the papers assess (1) vulnerabilities arising from such factors as the liberalization of financial systems, cross-country contagion, and climate change, and (2) policy responses, including macroprudential supervision and quantitative easing, to financial instabilities. © 2022 Elsevier B.V., All rights reserved.","Banking Deregulation; E44; E52; E58; Financial Risks; G21; Macroeconomic Policy; Quantitative Easing"
"The eurozone: What is to be done to maintain macro and financial stability?","2022","Journal of Financial Stability","10.1016/j.jfs.2022.101064","https://www.scopus.com/inward/record.uri?eid=2-s2.0-85135532139&doi=10.1016%2Fj.jfs.2022.101064&partnerID=40&md5=9f53d135c808fe3a5e27653964fa59a4","The financial stability of the eurozone depends on its macroeconomic stability and vice versa. We construct a macro DSGE model of the eurozone and its two main regions, the North and the South, with the aim of matching the macro facts of these economies by indirect inference and using the resulting empirically-based model to assess possible new policy regimes that could maintain financial stability. The model we have found to fit the facts suggests that substantial gains in stability and consumer welfare are possible if the fiscal authority in each region is given the freedom to respond to its own economic situation. Further gains could come with the restoration of monetary independence to the two regions, in effect creating a second ‘southern euro’ bloc. Enhanced fiscal flexibility increases fluctuations in debt and deficit ratios to GDP while keeping average ratios stable, maintaining solvency. A reformed Stability and Growth Pact could be limited to monitoring solvency. © 2022 Elsevier B.V., All rights reserved.","Eurozone; Fiscal Policy; Macro Stability; Monetary Independence"
"Monetary policy and portfolio rebalancing: Evidence from European equity mutual funds","2022","Journal of Financial Stability","10.1016/j.jfs.2022.101059","https://www.scopus.com/inward/record.uri?eid=2-s2.0-85135527355&doi=10.1016%2Fj.jfs.2022.101059&partnerID=40&md5=1d35b1f1d75677cc63b71070f617b9f8","In this study, we provide empirical evidence on the portfolio rebalancing of European equity mutual funds following both conventional (CMP) and unconventional monetary policies (UMP). We use 1772 equity mutual funds’ portfolio holdings over the period 2002Q4–2016Q4. This level of granularity allows us to characterise the funds’ asset allocation in different portfolio dimensions: the size, style, currency, and domicile of the stocks, and managers’ preferred investment strategies. Using a panel fixed effect estimator, our results support the existence of portfolio rebalancing across equity categories following UMP. European equity mutual funds’ assets are, on average, reallocated towards mid-cap, and core stocks and developing economies, and shifted away from small-cap and value stocks and home as well as developed countries. Furthermore, mutual funds seem to concentrate on their preferred and historical investment strategies. These two results suggest that managers are more willing to invest in safer and familiar stocks following UMP announcements thereby decreasing the risk of asymmetry of information. We finally show that the funds size, returns volatility and expense ratio affect the strength of the rebalancing. © 2022 Elsevier B.V., All rights reserved.",""
"Regulation, financial crises, and liberalization traps","2022","Journal of Financial Stability","10.1016/j.jfs.2022.101060","https://www.scopus.com/inward/record.uri?eid=2-s2.0-85135523782&doi=10.1016%2Fj.jfs.2022.101060&partnerID=40&md5=f91444415a77b2eaaab68a3e97eca90d","This paper examines how financial regulation and institutional quality affect the probability of a banking crisis using a panel of 138 countries over the period 1996–2017. Our key inference is that the probability of a financial crisis fits an inverted U-shaped curve: it rises as regulation stringency moves from low to medium levels and falls from medium to high levels. Countries located in the intermediate level of regulatory stringency face more financial instability than either loosely or severely regulated countries, which are caught in a “liberalization trap” and a “regulation trap,” respectively. Institutional quality interacts significantly with the regulatory environment, implying a trade-off with regulatory stringency. © 2022 Elsevier B.V., All rights reserved.","Banks; Crisis; Institutions; Liberalization; Regulation"
"Climate change financial risks: Implications for asset pricing and interest rates","2022","Journal of Financial Stability","10.1016/j.jfs.2022.101061","https://www.scopus.com/inward/record.uri?eid=2-s2.0-85135513275&doi=10.1016%2Fj.jfs.2022.101061&partnerID=40&md5=02c256c73ea48031f0ae92658d10bd3d","In addition to tail macroeconomic events (e.g. wars, financial crises and pandemics), climate change poses a threat to financial stability — with extreme climatic events increasing in frequency and intensity and policy risks putting pressure on asset valuations. We study the effect of a changing climate on asset prices and interest rates through the lens of a dynamic CAPM with rare disasters, time-varying risk and recursive preferences. In our model, a changing climate makes tail events more frequent and less predictable, increasing the premium of climate risk; interestingly, this change may not be fully reflected in the overall market risk premium that includes both components of risk: macroeconomic and environmental. Our results also support the hypothesis of a declining real rate of interest as the planet warms, while the increasing risk of climate policy reduces the participation of brown assets in the market portfolio. © 2022 Elsevier B.V., All rights reserved.","Asset Pricing; Climate Change; Interest Rates; Tail Events; Time-varying Risk"
"An investigation into feedback and spatial relationships between banks’ share prices and sovereign bond spreads during the euro crisis","2022","Journal of Financial Stability","10.1016/j.jfs.2022.101056","https://www.scopus.com/inward/record.uri?eid=2-s2.0-85135508736&doi=10.1016%2Fj.jfs.2022.101056&partnerID=40&md5=7c20b7810bbda5992dfbb215eff2c443","We examine (1) spillover effects between euro-area sovereigns and banking systems within national jurisdictions and (2) cross-country spillovers among ten countries during the euro-area crisis. We find that cross-country spillovers substantially amplify the doom loops between the sovereign and banking sectors. We also provide a test that supports the hypothesis that cross-country spillovers among southern-euro-area countries were of a different order from the spillovers among northern-euro-area countries. Our results also imply that, if shocks are idiosyncratic, spillover effects may help in reducing the impact for northern countries. © 2022 Elsevier B.V., All rights reserved.","Cross-country Spillovers; Doom Loops; Euro Area Crisis; Spatial Estimation"
"Institutional mandates for macroeconomic and financial stability","2022","Journal of Financial Stability","10.1016/j.jfs.2022.101063","https://www.scopus.com/inward/record.uri?eid=2-s2.0-85138136692&doi=10.1016%2Fj.jfs.2022.101063&partnerID=40&md5=b6ad7e6d62644c8ba8549ec71d08df8f","The performance of alternative institutional mandates in achieving macroeconomic and financial stability is studied in a model with financial frictions and reserve requirements as the main instrument of macroprudential regulation. The analysis shows that under a policy loss evaluation approach, coordination leads to a substantial gain in stability in response to various shocks, with the policy interest rate and the required reserve ratio exhibiting a high degree of complementarity. The latter is also more efficient than the former in promoting financial stability. In addition, it is optimal to delegate the financial stability goal also to the monetary authority when the financial regulator only operates a credit-based reserve requirements rule. These results hold under a utility-based welfare evaluation approach as well, as long as the central bank's institutional mandate focuses mainly on macroeconomic stability. Thus, when the mandate bestowed to policymakers by society accounts for financial stability, evaluating the performance of policy regimes based solely on a welfare criterion could be inappropriate. © 2022 Elsevier B.V., All rights reserved.","Coordination Between The Monetary Authority And The Financial Regulator; Financial Stability; Macroeconomic Stability; Macroprudential Regulation; Reserve Requirement Ratio"
"Distrust or speculation? The socioeconomic drivers of U.S. cryptocurrency investments","2022","Journal of Financial Stability","10.1016/j.jfs.2022.101066","https://www.scopus.com/inward/record.uri?eid=2-s2.0-85137719120&doi=10.1016%2Fj.jfs.2022.101066&partnerID=40&md5=02ea1fe48698699757c0f5992032d0ba","Employing representative data from the U.S. Survey of Consumer Payment Choice, we find no evidence that cryptocurrency investors are motivated by distrust in fiat currencies or regulated finance. Compared with the general population, investors show no differences in their level of security concerns with either cash or commercial banking services. We find that cryptocurrency investors tend to be educated, young and digital natives. In recent years, a gap in ownership of cryptocurrencies across genders has emerged. We examine how investor characteristics vary across cryptocurrencies and show that owners of cryptocurrencies increasingly tend to hold their investment for longer periods. © 2022 Elsevier B.V., All rights reserved.","Banking; Bitcoin; Bitcoin Cash; Blockchain; Cryptocurrencies; Digital Currencies; Digitalisation; Distributed Ledger Technology; Eos; Ether; Household Finance; Litecoin; Money; Payments; Stellar; Xrp"
"Bank capital shortfall in the euro area","2022","Journal of Financial Stability","10.1016/j.jfs.2022.101070","https://www.scopus.com/inward/record.uri?eid=2-s2.0-85137700151&doi=10.1016%2Fj.jfs.2022.101070&partnerID=40&md5=b84fbd52c0df1fd0966a6bfb32fcc35c","We quantify the bank capital shortfall that results from a financial crisis by estimating a macro-finance dynamic stochastic general equilibrium model that captures the interactions between the financial and real sectors of the euro-area economy. The introduction of both deposit and shadow banks captures several characteristics of the banking system and reveals a financial amplification mechanism. By using a combination of a large positive risk shock and a large negative investment shock, we show that a crisis similar to that observed in 2008 would generate a bank capital shortfall between 2.2% and 3% of euro-area GDP, which corresponds to approximately 207–282 billion euros. © 2022 Elsevier B.V., All rights reserved.","Capital Shortfall; Dsge Model; Euro Area; Financial System; Leverage; Systemic Risk"
"Stock repurchasing and corporate social responsibility","2022","Journal of Financial Stability","10.1016/j.jfs.2022.101071","https://www.scopus.com/inward/record.uri?eid=2-s2.0-85137569850&doi=10.1016%2Fj.jfs.2022.101071&partnerID=40&md5=073f3fd2a28f5af685f8c8a224aa3271","Stock repurchases are controversial. Researchers often view the positive association between free cash flow and the volume of the stock repurchases to be in the shareholders’ interest and the positive association between executive options and stock repurchases to be in the managers’ interest. Using firms’ corporate social responsibility (CSR) ratings as a measure of ethical culture—one that increases the cost of self-serving behavior for managers— we examine whether a firm's CSR rating is related to its stock repurchase decisions. Although the baseline regression shows a positive association between CSR and repurchases, we find that CSR amplifies the positive association between free cash flow and stock repurchases and lessens the positive association between executive options and stock repurchases. These results indicate that ethical culture might play a role in repurchase decisions: it may encourage repurchases aligned with shareholders’ interests and discourage those primarily in managers’ interest. Furthermore, we also find that high CSR firms are associated with a greater completion rate of announced repurchase programs and receive more favorable stock market reaction to their repurchase announcements. © 2022 Elsevier B.V., All rights reserved.","Agency; Corporate Culture; Csr; Payout; Stock Repurchases"
"Surety bonds and moral hazard in banking","2022","Journal of Financial Stability","10.1016/j.jfs.2022.101069","https://www.scopus.com/inward/record.uri?eid=2-s2.0-85137408295&doi=10.1016%2Fj.jfs.2022.101069&partnerID=40&md5=ed17712bae01e108d6b7c51b8d2dbc09","We examine a policy in which owners of banks provide funds in the form of a surety bond in addition to equity capital. This policy would require banks to provide the regulator with funds that could be invested in marketable securities. Investors in the bank receive the income from the surety bond as long as the bank is in business. The capital value could be used by bank regulators to pay off the banks’ liabilities in case of bank failure. After paying depositors, investors would receive the remaining funds, if any. Analytically, this instrument is a way of creating charter value but, as opposed to Keeley (1990) and Hellman, Murdock and Stiglitz (2000), restrictions on competition are not necessary to generate positive rents. We demonstrate that capital requirements alone cannot prevent the moral hazard problem arising from deposit insurance. © 2022 Elsevier B.V., All rights reserved.","Banking Crises; Capital Requirements; Government Intervention; Moral Hazard; Surety Bond"
"Bank capital and economic activity","2022","Journal of Financial Stability","10.1016/j.jfs.2022.101068","https://www.scopus.com/inward/record.uri?eid=2-s2.0-85137304287&doi=10.1016%2Fj.jfs.2022.101068&partnerID=40&md5=533513b59d7238fab9ab6e6acc86f9e2","Banks argue that holding higher capital will have adverse implications on their lending activities and thereby on economic growth. Yet, the effect of a stronger capital base on economic growth remains largely unsettled. We argue that better capitalized banks improve financial stability conditions and, in dire times, they are able to sustain credit to the economy thereby containing adverse macroeconomic implications. Using various methods, we test for the presence and strength of a financial stability channel and a bank lending channel by drawing evidence from 47 advanced and developing countries over close to two decades. We find that higher capital ratios improve financial stability and help sustain bank lending, ultimately exerting a positive influence on economic activity. These effects on real GDP growth are economically significant, reaching up to 1¼ percentage points for each percentage point acceleration in capital. Our main results are robust to various sensitivity checks, supporting the conclusion that safer banking systems do not bridle economic activity. © 2022 Elsevier B.V., All rights reserved.","Bank Capital; Bank Lending; Economic Growth; Financial Stability"
"Do banks fuel climate change?","2022","Journal of Financial Stability","10.1016/j.jfs.2022.101049","https://www.scopus.com/inward/record.uri?eid=2-s2.0-85135700542&doi=10.1016%2Fj.jfs.2022.101049&partnerID=40&md5=6cef8168651605d545bf03a9ccd3b04c","Do climate-oriented regulatory policies affect the flow of credit towards polluting firms? We match loan-level data to firm-level greenhouse gas emissions to assess the impact of the Paris Agreement. We find that, following this agreement, European banks reallocated credit away from polluting firms in relative terms. Specifically, euro area banks’ loan share to more polluting firms decreased by about 3percentage points compared to less polluting (or “green”) firms after the 2015 Paris Agreement (COP21). This result is stronger for banks that are well capitalized, have lower credit quality, and are less profitable. © 2022 Elsevier B.V., All rights reserved.","Climate Change; Difference-in-differences; Loan-level Data; Paris Agreement"
"Liquidity and bank capital structure","2022","Journal of Financial Stability","10.1016/j.jfs.2022.101038","https://www.scopus.com/inward/record.uri?eid=2-s2.0-85135394524&doi=10.1016%2Fj.jfs.2022.101038&partnerID=40&md5=af634a86d87135d89663790a0dde5d89","Bank capital requirements reduce the probability of bank failure and help mitigate taxpayers’ sharing in the losses that result from bank failures. Under Basel III, direct capital requirements are supplemented with liquidity requirements. Our results suggest that liquidity provisions of banks are connected to bank capital and that changes in liquidity indirectly affect the capital structure of financial institutions. Liquidity appears to be another instrument for adjusting bank capital structure beyond just capital requirements. Consistent with Diamond and Rajan (2005), we find that liquidity and capital should be considered jointly for promoting financial stability. © 2022 Elsevier B.V., All rights reserved.","Bank; Basel Iii; Bhc; Capital Structure; Competition; Diversification; Leverage; Liquidity; Merger; Regulatory Capital Requirements; Sifi"
"Low-carbon city initiatives and analyst behaviour: A quasi-natural experiment","2022","Journal of Financial Stability","10.1016/j.jfs.2022.101042","https://www.scopus.com/inward/record.uri?eid=2-s2.0-85135078181&doi=10.1016%2Fj.jfs.2022.101042&partnerID=40&md5=192e47d335967d76dc5d24bc2a62d866","This paper investigates how environmental regulation and action affect analyst behaviour. Exploiting staggered enactment of low carbon city (LCC) initiatives in a difference-in-differences (DiD) setting, we observe that analyst forecast accuracy (dispersion) is significantly lower (greater) for client firms headquartered in cities covered by the LCC pilot programme, especially among firms with a low-quality information environment. The LCC effort affects analyst behaviour via increased firm risk and reduced earnings predictability, causing enhanced site visits and coverage. The results are stronger in cities with more rigorous enforcement and regulation intensity, for private firms with high business complexity and in heavily polluting industries. Results are robust to DiD models with entropy balancing matching, placebo tests, parallel trend tests, and a battery of fixed effects. Collectively, they reveal that environmental regulation has real impacts on analyst forecast behaviour. © 2022 Elsevier B.V., All rights reserved.","Analyst Coverage; Analyst Forecasts Accuracy/dispersion; Analyst Optimism; Corporate Site Visits; Low-carbon City Pilot Programme"
"It takes more than two to tango: Multiple bank lending, asset commonality and risk","2022","Journal of Financial Stability","10.1016/j.jfs.2022.101040","https://www.scopus.com/inward/record.uri?eid=2-s2.0-85134587143&doi=10.1016%2Fj.jfs.2022.101040&partnerID=40&md5=04a1f63b4e703a1e14ca336a50d2c256","Multiple-bank lending is the most prevalent form of bank-firm credit relationships in nearly all countries. It results in high asset commonality and interconnectedness, allows idiosyncratic risks to become systemic, and makes the banking system more fragile and vulnerable to shocks. Using detailed, granular-level, supervisory data on large corporate loans, we show that multiple bank lending is driven, inter alia, by regulatory limits on large credit exposures. These limits, aimed at mitigating an individual bank's concentration risk, force firms to explore alternative sources of funding, making the common borrowers' phenomenon more prominent. We find that multiple bank lending is determined endogenously, and its likelihood increases with the level of portfolio similarity between lenders. The size of the original lender and its systemic importance magnifies this effect. We argue that banks do not internalize the systemic effect of their lending decisions and that multiple bank lending constitutes an insurance mechanism related to an implicit “too-many-to-fail” guarantee. Its externalities are suboptimal and should be reinforced with better monitoring by the related authorities. © 2022 Elsevier B.V., All rights reserved.","Bank Lending; Bank Regulation; Financial Contagion; Overlapping Portfolios; Portfolio Choice; Systemic Risk"
"Leaving the darkness: The emergence of shadow banks","2022","Journal of Financial Stability","10.1016/j.jfs.2022.101039","https://www.scopus.com/inward/record.uri?eid=2-s2.0-85134565852&doi=10.1016%2Fj.jfs.2022.101039&partnerID=40&md5=a5bbe9ed126dee229d4f8b791353318d","This paper studies the interaction between bank capital regulation, moral hazard and co-existence of traditional and shadow banks. Bank managers can choose between traditional banking and off-balance sheet special purpose vehicles (SPV), in a setup with deposit insurance and moral hazard. We first show that in the absence of SPV intermediation, capital requirements are ineffective at preventing the moral hazard problem originated by deposit insurance. We find that shadow banks can improve financial stability, when there is full information sharing. Finally, we analyze the case of neglected tail risk. We find that under such circumstances, the SPV will increase financial risk by exposing the system to extreme events. © 2022 Elsevier B.V., All rights reserved.","Capital Requirements; Deposit Insurance; Guarantees; Moral Hazard; Shadow Banks Tail Risk"
"CEO overconfidence and IRS attention","2022","Journal of Financial Stability","10.1016/j.jfs.2022.101035","https://www.scopus.com/inward/record.uri?eid=2-s2.0-85132761956&doi=10.1016%2Fj.jfs.2022.101035&partnerID=40&md5=807826d90a5ceda2943a1c8573e9c48c","We examine the likelihood that the US Internal Revenue Service (IRS), in its enforcement role, will accord particular attention to firms that are managed by CEOs who exhibit over-confidence, given that such CEOs may be more aggressive in their tax policies and strategies. Using data from 7757 firms, we find that this is indeed the case. Such attention is even more pronounced in the instance of overconfident CEOs whose firms are financially constrained and/or financially distressed. We also find that the IRS has augmented its audit processes to give more attention to overconfident CEOs during and post financial crisis. This may be due to the increased vulnerability of their firms to external shocks, which consequently increases the incentives to embark on tax avoidance strategies, value-destroying investments, and/or highly biased financial reporting (and forecasting responses) to tax authorities. Our results are robust after accounting for the possibility of endogeneity and using a wide range of specifications, measures, and econometric models. © 2022 Elsevier B.V., All rights reserved.","Financial Constraints; Financial Crisis; Financial Distress; Irs Attention; Overconfidence"
"Release of a liquidity regulation: What do we learn for credit and house prices?","2022","Journal of Financial Stability","10.1016/j.jfs.2022.101021","https://www.scopus.com/inward/record.uri?eid=2-s2.0-85132698072&doi=10.1016%2Fj.jfs.2022.101021&partnerID=40&md5=5de217293d9085a79993916594f0023d","This paper studies the effects of the release of a limit on banks’ maturity transformation – akin to the Net Stable Funding Ratio – for mortgage supply and house prices. After the regulatory easing, credit supply increased only for the banks that were previously constrained by the regulation and not for the others. We also show that the expansion in mortgages triggered by the deregulation accelerated house prices. The effect was channeled through higher demand for housing and the relaxation of borrowers’ financial constraints. Even though the impact of the credit supply shock persisted, the interaction between credit and house prices was not conducive to a housing market overheating. © 2022 Elsevier B.V., All rights reserved.","Credit Supply; Financial Constraints; House Prices; Prudential Policy"
"Hierarchical contagions in the interdependent financial network","2022","Journal of Financial Stability","10.1016/j.jfs.2022.101037","https://www.scopus.com/inward/record.uri?eid=2-s2.0-85132692767&doi=10.1016%2Fj.jfs.2022.101037&partnerID=40&md5=e93ebafb8e036544c595c86d07596bca","We derive the default cascade model and the fire-sale spillover model in a unified interdependent framework. The interactions among banks include not only direct cross-holding, but also indirect dependency by holding mutual assets outside the banking system. Using data extracted from the European Banking Authority, we present the interdependency network composed of 48 banks and 21 asset classes. For the robustness, we employ three methods, called Anan, Hała and Maxe, to reconstruct the asset/liability cross-holding network. Then we combine the external portfolio holdings of each bank to compute the interdependency matrix. The interdependency network is much denser than the direct cross-holding network, showing the complex latent interaction among banks. Finally, we perform macroprudential stress tests for the European banking system, using the adverse scenario in EBA stress test as the initial shock. For different reconstructed networks, we illustrate the hierarchical cascades and show that the failure hierarchies are roughly the same except for a few banks, reflecting the overlapping portfolio holding accounts for the majority of defaults. We also calculate systemic vulnerability and individual vulnerability, which provide important information for supervision and relevant management actions. © 2022 Elsevier B.V., All rights reserved.","Contagions; Financial Network; Interdependent Network; Stress Test; Systemic Risk"
"COVID-19 as a stress test: Assessing the bank regulatory framework","2022","Journal of Financial Stability","10.1016/j.jfs.2022.101016","https://www.scopus.com/inward/record.uri?eid=2-s2.0-85132375779&doi=10.1016%2Fj.jfs.2022.101016&partnerID=40&md5=0851636280663f58799ca3a136f5d68a","The broad economic damage of the COVID-19 pandemic poses the first major test of the bank regulatory reforms put in place after the Global Financial Crisis. Our study assesses the U.S. regulatory framework, with an emphasis on capital and liquidity requirements. Prior to the COVID-19 crisis, banks were well capitalized and held ample liquid assets, which partly reflects enhanced requirements. The overall robust capital and liquidity levels resulted in a resilient banking system, which maintained lending and market making through the early stages of the pandemic. Trading activity was a source of strength for banks, reflecting in part a prudent regulatory approach. That said, leverage requirements are associated with more repo position netting by banks, with potential implications for market making. © 2022 Elsevier B.V., All rights reserved.","Banking Regulation; Capital Regulation; Covid-19; Empirical Banking; Liquidity Regulation"
"Blessing or curse? Government funding of deposit insurance and corporate lending","2022","Journal of Financial Stability","10.1016/j.jfs.2022.101022","https://www.scopus.com/inward/record.uri?eid=2-s2.0-85131963896&doi=10.1016%2Fj.jfs.2022.101022&partnerID=40&md5=b0206d9afd2cfad5a8ad18c880f66c50","A key policy to limit the possibility of bank runs is an explicit deposit insurance scheme, which can be either privately or government funded. Using syndicated loans from 63 countries during the period 1985–2016, we study the effect of government involvement in deposit insurance funding on price and non-price characteristics of loans. We show that changes from purely private-funded to either government-funded or jointly funded deposit insurance increase all-in-spread-drawn by approximately 4.6 %, further increase loan fees, decrease loan maturity, and increase the use of performance pricing provisions. Our findings are consistent with the moral hazard problem behind government-funded deposit insurance schemes. © 2022 Elsevier B.V., All rights reserved.","Deposit Insurance; Government Or Private Funding; Lending Terms; Syndicated Loans"
"Bank interconnectedness and financial stability: The role of bank capital","2022","Journal of Financial Stability","10.1016/j.jfs.2022.101019","https://www.scopus.com/inward/record.uri?eid=2-s2.0-85131917306&doi=10.1016%2Fj.jfs.2022.101019&partnerID=40&md5=49904137110286e96663ed1348358259","This paper builds a network model to study the relation between financial stability and interconnectedness among banks. In the model, banks adopt a Value-at-Risk rule to determine capital ratios. It is shown that interconnectedness may hurt financial stability by amplifying the banks’ mistakes of underestimating risk, and that interconnectedness increases systemic risk. The results in the paper suggest that financial integration may hurt financial stability, and that bank interconnectedness is more harmful when the economy turns abruptly from boom to recession. In addition, banks should be given incentives to reduce interconnectedness if systemic risk is a serious concern for regulators. © 2022 Elsevier B.V., All rights reserved.","Bank Capital; Contagion; Diversification; Financial Network; Interconnectedness"
"Financial intermediation and the supply of liquidity","2022","Journal of Financial Stability","10.1016/j.jfs.2022.101024","https://www.scopus.com/inward/record.uri?eid=2-s2.0-85131794691&doi=10.1016%2Fj.jfs.2022.101024&partnerID=40&md5=255f7a1f8ea6befcf661265c5cccdc25","I study the role of financial intermediaries in supplying liquidity to the real economy. Firms hold liquid assets to meet unanticipated expenses. Financial intermediaries supply liquidity by pooling partially liquid assets, but their ability to commit future funds depends on their capital. When liquidity is scarce, there is a positive liquidity premium and investment is inefficiently low. Bank losses raise the liquidity premium and reduce investment. I analyze the optimal supply of public liquidity and find that when private liquidity is scarce the government should issue bonds for their liquidity properties, providing justification for countercyclical budget deficits. © 2022 Elsevier B.V., All rights reserved.","Financial Crisis; Financial Intermediation; Liquidity"
"A perfect storm in the financial market","2022","Journal of Financial Stability","10.1016/j.jfs.2022.101034","https://www.scopus.com/inward/record.uri?eid=2-s2.0-85131684451&doi=10.1016%2Fj.jfs.2022.101034&partnerID=40&md5=a1ef737d4346d082ba213bab6af6104b","This study provides a model explaining how small changes in asset prices may disrupt an entire financial market. Based on the capital asset pricing model (CAPM), our model implies that during a market crash, asset price changes affect the relative distribution of the CAPM betas of individual assets and force all tradable assets to co-move. Using US stock market data, our empirical results are consistent with the model's predictions. Overall, the study aids understanding of the price patterns of assets during substantial market downturns, such as financial crises. © 2022 Elsevier B.V., All rights reserved.","Beta Distribution; Capital Asset Pricing Model; Financial Crisis; Market Crash"
"Systemic risk measures and regulatory challenges","2022","Journal of Financial Stability","10.1016/j.jfs.2021.100960","https://www.scopus.com/inward/record.uri?eid=2-s2.0-85129577451&doi=10.1016%2Fj.jfs.2021.100960&partnerID=40&md5=aa5c18ee926e04a8bfb90a68bb2bea5e","This paper discusses different definitions of systemic risk and identifies the challenges, which regulators face in addressing this phenomenon. We conducted a systematic literature review of 4859 abstracts to categorize the various methodologies developed to measure systemic risk. In total, 60 systemic risk measures proposed post-2000 have been critically appraised to inform academics and regulators of their practical applications and model vulnerabilities. This review suggests that most of these methods focus on individual financial institutions rather than on system stability. Those methodologies directly reflect the current regulations, which aim to ensure individual institutions’ soundness. As macro-prudential regulation evolves, policy-makers face the issues of understanding contagion and how regulations should be implemented. This paper also discusses new systemic risk and regulatory challenges resulting from the current COVID-19 pandemic. © 2022 Elsevier B.V., All rights reserved.","Covid-19 Pandemic; Data Requirements; Macro-prudential Regulation; Systematic Literature Review; Systemic Risk"
"An integrated macroprudential stress test of bank liquidity and solvency","2022","Journal of Financial Stability","10.1016/j.jfs.2022.101012","https://www.scopus.com/inward/record.uri?eid=2-s2.0-85129579195&doi=10.1016%2Fj.jfs.2022.101012&partnerID=40&md5=0cb523a05b9e4e77186f674793d82031","We propose a new measure of systemic financial distress that incorporates idiosyncratic and systemic risks in the financial system network. Using this measure, we develop an integrated stress test of bank liquidity and solvency risks based on the dynamics of financial distress within the banking system network. We apply this stress test framework to the US banking system and identify systemic vulnerability of individual banks as well as the resilience of the system as a whole to an economic shock. The framework helps us identify and monitor systemic interdependencies between banks. The proposed stress testing framework is useful for practical macroprudential monitoring and is informative for policy making. © 2022 Elsevier B.V., All rights reserved.","Liquidity; Macroprudential Policy; Networks; Solvency; Stress Testing; Systemic Risk"
