"Title","Year","Source title","DOI","Link","Abstract","Author Keywords"
"To be or not to be a perfect parent? How the striving for perfect parenting harms employed parents","2023","Journal of Vocational Behavior","10.1016/j.jvb.2023.103941","https://www.scopus.com/inward/record.uri?eid=2-s2.0-85177578521&doi=10.1016%2Fj.jvb.2023.103941&partnerID=40&md5=9fc87706e50587c4a7fc518eb9fa4e12","More and more employees aim to be perfect parents. However, it is largely unclear what implications this striving might have. Drawing on central theoretical principles of family-work research, we studied parenting perfectionism and its possible implications for employees' own and their intimate partners' family and work lives. In detail, we investigated how employees' parenting perfectionism relates to overprotection in their role as a parent and whether this overprotection, in turn, relates to employees' own family-work conflict (i.e., spillover) as well as to their partners' family-work conflict (i.e., crossover) via co-parenting conflicts. We also examined whether parenting perfectionism indirectly relates to employees' and partners' reduced well-being, family satisfaction, and weekly working hours over time. To test our hypotheses, we analyzed multi-wave (T1, T2 = one year later, T3 = two years later) survey data of 541 employed couples with parental obligation participating in The German Family Panel pairfam. Results from structural equation modeling showed that parenting perfectionism was indirectly related to employees' family-work conflict at T2 via overprotection at T1 and, ultimately, to their reduced well-being and family satisfaction at T3. Parenting perfectionism was also indirectly related to partners' family-work conflict at T2 via overprotection at T1 and co-parenting conflicts at T2. Our results highlight perfectionism's potential impact on oneself and others. Particularly, parenting perfectionism can permeate boundaries between family and work life and can affect both employees and their intimate partners. We discuss key theoretical insights of our findings for family-work and perfectionism research as well as implications for organizational practice. © 2023 Elsevier B.V., All rights reserved.","Family-work Conflict; Panel Data; Parenting; Perfectionism; Well-being"
"I wouldn't be working this way if I had a family - Differences in remote workers' needs for supervisor's family-supportiveness depending on the parental status","2023","Journal of Vocational Behavior","10.1016/j.jvb.2023.103939","https://www.scopus.com/inward/record.uri?eid=2-s2.0-85176237253&doi=10.1016%2Fj.jvb.2023.103939&partnerID=40&md5=6cb7399fe06cec8b5d752e75fcb93477","This study investigates how working remotely blurs the boundaries between work and non-work domains by contrasting the experiences of employees with different parental status. The study further shows how leaders can mitigate this blurring via family-supportive supervisor behaviours (FSSB), and extends the concept to encompass non-work roles beyond the family. Working from home leads to an increasing intertwining of work and non-work roles, with family status playing a significant role in shaping boundary challenges and support needs. Through semi-structured interviews with 89 employees working from home in various industries, the study reveals that parents and non-parents, distinct in their challenges and requirements, exhibit varied demonstrated needs from their leaders. As parent employees require flexible boundaries to attend to their family responsibilities, non-parent employees need safeguards to maintain boundaries around their private life. The results underscore that FSSB benefit employees regardless of parental status. This study emphasizes the importance of employers tailoring their work-life programs to accommodate the diverse needs of employees, and recognizes the pivotal role of supervisors in attuning their supportive behaviours to employees' work-nonwork boundary needs and preferences. © 2023 Elsevier B.V., All rights reserved.","Family-supportive Supervisor Behaviour; Fssb; Leadership; Remote Work; Work-nonwork Boundaries"
"Your work passion travels a long way home: Testing a spillover and crossover model of work passion among dual-earner couples","2023","Journal of Vocational Behavior","10.1016/j.jvb.2023.103940","https://www.scopus.com/inward/record.uri?eid=2-s2.0-85176104412&doi=10.1016%2Fj.jvb.2023.103940&partnerID=40&md5=e9bb6c7c3d4564f6996dab1c482d51eb","In this study, we investigate the spillover-crossover effects of two types of work passion (i.e., harmonious and obsessive) for dual-earner couples. Integrating the job demands-resources theory and the spillover-crossover model, we propose that one partner's harmonious work passion indirectly predicts high work engagement and low work burnout for the other partner through positive affect crossover. Similarly, the partner's obsessive work passion indirectly contributes to low work engagement and high work burnout for the other partner through negative stress crossover. We also suggest that perspective taking of the partner strengthens the proposed positive transmissions and mitigates the negative transmissions. We tested the hypotheses by sampling 129 dual-earner couples in the United States at two time points. Results confirmed that one partner's harmonious work passion and obsessive work passion both had indirect effects on the other partner's work burnout and work engagement via the positive crossover of positive affect and the negative crossover of stress, respectively. Our findings also suggested that the partner's perspective taking significantly shaped the spillover-crossover process between harmonious work passion and the partner's work engagement and burnout. We discuss implications for research and practice as well as future research directions. © 2023 Elsevier B.V., All rights reserved.","Dual-earner Couples; Spillover-crossover Effect; Work Burnout; Work Engagement; Work Passion"
"The impact of trust in AI on career sustainability: The role of employee–AI collaboration and protean career orientation","2023","Journal of Vocational Behavior","10.1016/j.jvb.2023.103928","https://www.scopus.com/inward/record.uri?eid=2-s2.0-85172870080&doi=10.1016%2Fj.jvb.2023.103928&partnerID=40&md5=edf445ef9c68fd20fc696b3343ed8576","Drawing upon person–environment fit theory and the importance of employees' career sustainability in Artificial Intelligence (AI) integration within organizations, we propose a moderated mediation model to test how and when AI trust is linked to employees' career sustainability. This mechanism posits employee–AI collaboration as a mediator and employees' protean career orientation as a moderator. Two studies were conducted to test the hypothesized model. In Study 1, a 5-item measure was developed to evaluate employee–AI collaboration and tested with a sample of employees working with AI technology. In Study 2, multisource and two-wave data were collected to analyze 447 employee–supervisor dyads. The results indicated that AI trust was positively related to employee-rated well-being and supervisor-rated employee productivity via employee–AI collaboration. In addition, the relationship between AI trust and employee–AI collaboration was stronger for employees with high protean career orientation. We concluded with a discussion of the theoretical contributions and practical implications. © 2023 Elsevier B.V., All rights reserved.","Ai Trust; Career Sustainability; Employee–ai Collaboration; Productivity; Protean Career Orientation; Well-being"
"Navigating the multiple challenges of job loss: A career self-management perspective","2023","Journal of Vocational Behavior","10.1016/j.jvb.2023.103927","https://www.scopus.com/inward/record.uri?eid=2-s2.0-85172023259&doi=10.1016%2Fj.jvb.2023.103927&partnerID=40&md5=be88cbf998653fc20ebbf79340e5103f","Involuntary job loss poses at least two major, simultaneous challenges: coping with the psychological fallout of the loss as well as finding new work. Research on coping with unemployment has often emphasized the job search process, equating it with “problem-focused” coping. By contrast, while the psychological toll also represents a real problem for many unemployed persons, efforts to cope with the myriad non-search aspects of job loss (e.g., changes in social, temporal, and financial conditions) have often been considered as “emotion-focused,” “symptom-focused,” or “escape-oriented”, implying that such coping is somehow ancillary to, or even at odds with, the aims of re-employment. Extending the social cognitive model of career self-management (CSM; Lent & Brown, 2013) to the study of job loss, we examined psychological and job search coping strategies in conjunction with selected person and contextual factors that can aid or hinder the coping process. The project included development of a new coping strategies measure, the Coping with Unemployment Scales (CUES). A sample of 512 early to mid-career unemployed workers in the U.S. completed an online survey including measures of coping, social support, financial strain, proactive personality, and three criterion variables: emotional well-being, psychological distress, and job search progress. A structural path analysis of the CSM model yielded good fit to the data. The coping strategies contributed uniquely to the prediction of the emotional functioning and job search progress criteria. We consider the implications of the findings for future inquiry on job loss coping. © 2023 Elsevier B.V., All rights reserved.","Adult Workers; Career Self-management; Involuntary Job Loss; Social Cognitive Career Theory; Unemployment"
"Bisexual authenticity and job attitudes: The impact of seeing similar others at work","2023","Journal of Vocational Behavior","10.1016/j.jvb.2023.103918","https://www.scopus.com/inward/record.uri?eid=2-s2.0-85168817680&doi=10.1016%2Fj.jvb.2023.103918&partnerID=40&md5=5ea1e58e674a6ee2bde2eb5410e93ee7","Although great strides have been made to better understand the workplace experiences of bisexual individuals, there is much to still be learned. In the present study we build theory around the role of inauthenticity for bisexual employees and the downstream implications for job attitudes. Further, we investigate the impact of the presence of other identifiable bisexual people in the workplace on shaping these attitudes. Utilizing a sample of 304 bisexual employees, results support that those with greater self-alienation, a negative aspect of authenticity, held greater intentions to leave the organization through reduced affective commitment. However, when the participant reported a visible bisexual coworker, this negative impact was reduced; the visibility of the coworker acting as a buffer of the negative consequences of inauthenticity. Counter to expectations, this buffer was not significant for those who had a visible bisexual leader. These findings, along with theoretical and practical implications, and future research directions are discussed. © 2023 Elsevier B.V., All rights reserved.","Affective Commitment; Authenticity; Bisexuality; Intention To Quit; Self-alienation"
"Graduation is not the end, it is just the beginning: Change in perceived employability in the transition associated with graduation","2023","Journal of Vocational Behavior","10.1016/j.jvb.2023.103915","https://www.scopus.com/inward/record.uri?eid=2-s2.0-85172217102&doi=10.1016%2Fj.jvb.2023.103915&partnerID=40&md5=6a9e06e5a23e3f2bcc107d0333c53c57","Graduate employability has attracted considerable attention, unsurprisingly so: The transition associated with graduation presents a series of strong events, that is likely to produce change in employability. We focus on perceived employability (i.e., the individual's appraisal of available employment opportunities). Change in perceived employability in the transition after graduation is sometimes hinted at, yet seldom tested: Positive change is expected, based on the idea that employability-enhancement in university broadens employment opportunities. While this may be true on average, there could be heterogeneity. In response, we tested heterogeneous change in perceived employability among university graduates using a longitudinal three-wave design and among three cohorts of graduates (N<inf>2016</inf> = 581; N<inf>2017</inf> = 547; N<inf>2020</inf> = 339). The pattern of results is as follows. First, perceived employability on average increased after graduation, and in the same way in the three cohorts. Second, change is heterogeneous along three change profiles: one profile perceives themselves as highly employable at the start and becomes slightly more employable (49.6 %), a second profile starts at medium levels and also becomes more employable (38.1 %), and a third profile starts at lower levels and remains stable (12.3 %), with a widening gap with the other profiles over time. Third, profiles were similar across cohorts: Our findings are not sample-specific and thus robust. Fourth, the profiles are connected to labor market outcomes (employment status, job satisfaction, education-job fit). These findings are novel to the employability field in terms of unravelling heterogeneous dynamics, and its replication attests to the robustness of the findings. © 2023 Elsevier B.V., All rights reserved.","Graduates; Latent Class Growth Analyses; Perceived Employability; School-to-work Transition"
"Stability and change in configuration patterns of various career-related parental behaviors and their associations with adolescent career adaptability: A longitudinal person-centered analysis","2023","Journal of Vocational Behavior","10.1016/j.jvb.2023.103916","https://www.scopus.com/inward/record.uri?eid=2-s2.0-85168006959&doi=10.1016%2Fj.jvb.2023.103916&partnerID=40&md5=8a75dd34bfe05d79aaf6d47740e83c0f","Parents play essential roles in shaping adolescents' career development by engaging in a series of career-related parental behaviors. Based on three-wave longitudinal data collected with one-year interval between waves and using a person-centered approach, this study seeks to examine the stability and change in the configuration patterns of career-related parental behaviors, and their potential associations with adolescents' career adaptability among 1410 Chinese adolescents (M <inf>age</inf> = 15.26, SD = 0.51, 52.4 % female). Four profiles of career-related parental behaviors were consistently identified across waves: Unsupportive but not Permissive, Supportive but not Intrusive, Rejecting and Neglecting, Ambivalent and Controlling. Further, results of Latent Transition Analyses indicated that there was a coexistence of stability and changes over time in the group memberships of career-related parental behaviors configuration patterns across high school years. Last, adolescent raised by parents who consistently endorsed supportive but not intrusive practices across high school years or at least at child 12th Grade displayed higher levels of career adaptability than adolescents whose parents adopted negative parental behaviors consistently across waves. Findings of this study highlighted the importance of systematically examining the heterogeneity and dynamics inherent within the configuration profiles of career-related parental behaviors and their unique implications for adolescent career development over time. © 2023 Elsevier B.V., All rights reserved.","Career Adaptability; Career-related Parental Behaviors; Chinese Adolescents; Latent Profile Analysis; Person-centered Configural Approach"
"Predictors and outcomes of nursing students' engagement trajectories at the beginning of their program","2023","Journal of Vocational Behavior","10.1016/j.jvb.2023.103917","https://www.scopus.com/inward/record.uri?eid=2-s2.0-85167995869&doi=10.1016%2Fj.jvb.2023.103917&partnerID=40&md5=1fecd0fe1e42dbcabe87ccc291a40587","This study seeks to achieve a dynamic understanding of nursing students' engagement trajectories, of the predictive role of their levels of harmonious passion, obsessive passion, exposure to challenge and hindrance demands, and perceptions of institutional support in relation to their engagement trajectories. We also consider the implications of these trajectories for a variety of outcomes related to students' attitudes (i.e., dropout intentions and program satisfaction), psychological health (i.e., negative affect and life satisfaction), and behaviors (i.e., performance and absenteeism). A sample of 2515 first-year nursing students were surveyed five times, with intervals of one month, over a four-month period during the first semester of their program. Our results revealed four profiles of students presenting High and Stable, Moderate and Decreasing, Low and Decreasing, and Moderate and Stable engagement trajectories. Harmonious and obsessive passion, challenge and hindrance demands, and institutional support were associated with these trajectories in a way that mainly supported our expectations. Trajectories characterized by lower levels of engagement were associated with higher levels of negative affect and absenteeism, and with lower levels of performance, program satisfaction, and life satisfaction. Conversely, trajectories characterized by higher levels of engagement were associated with lower levels of dropout intentions and higher levels of performance. © 2023 Elsevier B.V., All rights reserved.","Challenge And Hindrance Demands; Dropout Intentions; Engagement; Latent Curve Modeling (lcm); Passion; Performance; Trajectories; Well-being"
"Work-family habits? Exploring the persistence of traditional work-family decision making in dual-earner couples","2023","Journal of Vocational Behavior","10.1016/j.jvb.2023.103914","https://www.scopus.com/inward/record.uri?eid=2-s2.0-85166547981&doi=10.1016%2Fj.jvb.2023.103914&partnerID=40&md5=061f89f9ceb3fc571676ffee16efb9ba","Decisions made within the family have long been recognised as a central obstacle to achieving gender equality, not only in the home, but also in the workplace due to the interdependent relationship between work and family domains. Here we focus particularly on how couple-level work-family decision-making processes influence (non)egalitarian work-family decisions. We draw on a qualitative diary study with 60 participants, comprising 30 heterosexual, dual-earner couples situated in the UK, to examine work-family decision-making in daily practice. Our findings suggest that egalitarian family identities, previously highlighted as important, are necessary but insufficient in enabling egalitarian work-family decisions. Instead, our findings highlight the important role played by the decision-making processes couples engage in, particularly in relation to their frequently habitual nature. Thus, we show how, while family identities held by men and women may be converging, habitual decision-making processes often continue to prevent egalitarian daily arrangements. We introduce the concept of ‘work-family habits’ and develop a novel framework depicting daily work-family decision making processes engaged in by dual-earner couples, revealing how each of these processes can contribute to either more traditional or egalitarian work-family practices. © 2023 Elsevier B.V., All rights reserved.","Dual-earner Couples; Family Identity; Gender Equality; Work-family Conflict; Work-family Decision Making"
"An examination of the link between job content plateau and knowledge hiding from a moral perspective: The mediating role of distrust and perceived exploitation","2023","Journal of Vocational Behavior","10.1016/j.jvb.2023.103911","https://www.scopus.com/inward/record.uri?eid=2-s2.0-85166299548&doi=10.1016%2Fj.jvb.2023.103911&partnerID=40&md5=78dc76408d17a3ad30c04afb4ae434f1","This research aims to address the research question of how knowledge hiding occurs from an ethical lens. Drawing on an integrated ethical decision-making model, we identified job content plateau as an important personally threatening situation that predicts knowledge hiding. We also proposed that attribution of blame—a specific mechanism of moral disengagement—explains how employees experiencing a high job content plateau bypass their moral self-regulation to engage in knowledge hiding. More specifically, employees can cognitively reconstruct themselves as faultless victims who are driven to hide their knowledge because they perceive: (a) their colleagues cannot be trusted; and (b) the knowledge-exchange process in the organization is exploitative. We tested this dual-path mediation model using time-lagged data collected from 301 working adults across three time points. The results supported the mediating roles of perceived distrust in colleagues and perceived exploitation in the organization's knowledge-exchange process, opening the door for future research to better understand knowledge hiding from a moral perspective. © 2023 Elsevier B.V., All rights reserved.","Attribution Of Blame; Distrust; Job Content Plateau; Knowledge Exploitation; Knowledge Hiding; Moral Disengagement"
"Designing work for change and its unintended side effects","2023","Journal of Vocational Behavior","10.1016/j.jvb.2023.103913","https://www.scopus.com/inward/record.uri?eid=2-s2.0-85166247736&doi=10.1016%2Fj.jvb.2023.103913&partnerID=40&md5=4613ae0d8be09ff687003de300aba867","Change is omnipresent in contemporary organizations. Employees' change support (i.e., the provision of time, energy, and contributions to a change process) is a crucial reaction for change to be successful, while employees' frustration (i.e., an intense negative feeling of deprivation) is a counterproductive reaction. Yet, research only recently began to consider work design as an environmental characteristic that can foster the development of new perspectives and thus be beneficial for employees' change support. We expand this research and draw from the work design growth model to argue that job autonomy and job complexity have more nuanced roles in predicting change support than accounted for in the traditional work design literature. Specifically, we propose that job complexity can be a facilitator of change support through its positive effect on employees' active exploration of new ideas (engaging pathway). However, it can also cause cognitive overload in employees, which leads to frustration (straining pathway). This ambivalent nature stands in contrast to job autonomy, which we expect to positively impact change support both via the engaging and straining pathways. Further considering the embeddedness of change in the social context, we explore the moderating role of high-quality contact with colleagues. Data from a 3-wave study with 643 employees supported the beneficial role of job autonomy and pointed to job complexity as a double-edged sword that facilitates change support but also leads to more frustration. High-quality contact strengthened the positive effect of job autonomy on active exploration, with positive downstream consequences for change support. © 2023 Elsevier B.V., All rights reserved.","Autonomy; Change Reactions; Change Support; Complexity; Contact Quality; Frustration; Introduction Of A New Technology; Organizational Change; Work Design"
"Ready? Camera rolling… action! Examining interviewee training and practice opportunities in asynchronous video interviews","2023","Journal of Vocational Behavior","10.1016/j.jvb.2023.103912","https://www.scopus.com/inward/record.uri?eid=2-s2.0-85165697078&doi=10.1016%2Fj.jvb.2023.103912&partnerID=40&md5=d151fa2727e3f16bb9c447a88480feb3","Asynchronous video interviews (AVIs) are becoming exponentially more common in the hiring landscape. Despite practical benefits to organizations, research demonstrates potential challenges for applicants, including lower performance in technology-mediated interviews, and a host of negative attitudinal reactions to AVIs. Given this, AVI companies often provide tips for applicants, and applicants often access online resources to improve their performance. To date, we know little about interventions that can mitigate negative applicant reactions and increase applicant performance in AVIs, or the mechanisms involved in such a process. In Study 1, 202 participants from Prolific were randomly assigned to one of the four conditions (in a 2 × 2 experimental design) and completed a 5-question mock AVI, to explore how an AVI training video and practice impacted a host of self-report behavioral (i.e., impression management; IM) and attitudinal (i.e., anxiety, attraction, fairness, usability) outcomes, as well as response length, structure of the response, and interview performance. Results indicated that practice had negligible effects. However, training was positively associated with fairness perceptions (particularly consistency) and interview performance. Moreover, mediation analyses indicated that trained interviewees provided more structured and longer responses, which led to higher performance. Study 2 offered a replication with a sample of 156 active job seekers (senior students and Prolific users). Training was associated with more structured responses, and through this, higher performance. Pre- vs. post-training comparisons for a sub-sample also showed performance improvements. Implications, limitations, and directions for future research are discussed. © 2023 Elsevier B.V., All rights reserved.","Asynchronous Video Interviews; Impression Management; Interview Anxiety; Interview Performance; Training"
"We've come full circle: The universality of People-Things and Data-Ideas as core dimensions of vocational interests","2023","Journal of Vocational Behavior","10.1016/j.jvb.2023.103897","https://www.scopus.com/inward/record.uri?eid=2-s2.0-85164742548&doi=10.1016%2Fj.jvb.2023.103897&partnerID=40&md5=47e762de9a25972599952fa0865500d8","Vocational interest research relies on interest taxonomies that partition the construct space of activity preferences into a small number of broad interest domains. To this day, the most widely used classification system is Holland's (1997) RIASEC taxonomy, which distinguishes between six overarching interest domains. A central feature of this model is that the six domains are connected via a circular similarity structure, the circumplex, which is often described with the help of two orthogonal core dimensions: People-Things and Data-Ideas. In recent years, alternative interest taxonomies have been proposed, which suggest different partitionings of the construct space that are said to better reflect today's world of work. Using the example of one such alternative, namely, the recently introduced SETPOINT model (Su et al., 2019), the current article argues that such taxonomies still strongly reflect the underlying core dimensions that define the interest circumplex. Using a mixed online sample from Germany (N = 560), it is shown that 1) the main and subdomains of the SETPOINT model reflect a circular similarity structure, 2) this circular similarity structure is conceptually identical to the ones identified in previous research, and 3) the discriminatory power of the SETPOINT scales for occupational group membership can largely be traced back to the core dimensions of the interest circumplex. © 2023 Elsevier B.V., All rights reserved.","Circumplex Model; Interest Structure; Interest Taxonomy; People-things/data-ideas; Vocational Choices; Vocational Interests"
"Bored and exhausted? Profiles of boredom and exhaustion at work and the role of job stressors","2023","Journal of Vocational Behavior","10.1016/j.jvb.2023.103898","https://www.scopus.com/inward/record.uri?eid=2-s2.0-85164329078&doi=10.1016%2Fj.jvb.2023.103898&partnerID=40&md5=ffdd0df6fce6f7778846400f84c79930","Boredom at work is perceived to result from lacking job stressors as opposed to exhaustion that is a response to excessive job stressors. Employee boredom and exhaustion have thus been considered as antithetical states, and yet they are found to be positively related. It is therefore unclear how boredom and exhaustion manifest among workers. We build on research literature on boredom and challenge - hindrance stressor framework to argue that some employees may be both bored and exhausted depending on distinct job stressors. We employed latent profile analysis and Latent Transition Analysis across two studies to uncover these employee groups and examine if their experiences change over time. In Study 1, we used data from 301 employees to identify four profiles that we labelled “neither bored nor exhausted”, “somewhat bored, somewhat exhausted”, “exhausted and somewhat bored” and “bored and exhausted”. In Study 2, where we used data from 2452 employees at two measurement points across 18 months, we replicated three of the four profiles. Challenge stressors were associated with exhaustion dominant profiles whereas hindrance stressors predicted membership in profiles characterized by both boredom and exhaustion. Profile membership was highly stable over the measurement period. Increases in challenge and hindrance stressors over the measurement period increased the likelihood of transitioning across profiles. This study extends literature on employee well-being by suggesting that boredom and exhaustion can occur in tandem. Further, we show that challenge and hindrance stressors can deteriorate well-being in different ways. © 2023 Elsevier B.V., All rights reserved.","Boredom At Work; Challenge And Hindrance Stressor Framework; Exhaustion At Work; Latent Profile Analysis, Latent Transition Analysis"
"Human capital effects in the job search process for new labor market entrants: A double-edged sword?","2023","Journal of Vocational Behavior","10.1016/j.jvb.2023.103894","https://www.scopus.com/inward/record.uri?eid=2-s2.0-85164322260&doi=10.1016%2Fj.jvb.2023.103894&partnerID=40&md5=d8668c741653646626db9b6fe5f7d12e","Although traditional research on human capital shows that it enhances employment success, its role in the job search process is unclear. To explain its weak effects in previous studies, this study draws on goal system theory to propose that human capital may act as a double-edged sword: On one hand it facilitates the ease of gaining employment, on the other hand it may compromise the frequency of job search behaviors. We conducted a bi-weekly repeated survey study on new labor market entrants and measured human capital using academic achievement scores. Results confirmed that human capital, though instrumental for proximal job search success, interferes with self-regulatory behaviors in job search. That is, human capital negatively predicted within-person job search intensity, and negatively moderated the within-person relationship between employment efficacy and job search intensity. On the positive side, human capital positively predicted within-person number of interview invitations. Overall, these results provide a more nuanced picture of the role of human capital in the job search process. © 2023 Elsevier B.V., All rights reserved.","Human Capital; Interview Invitations; Job Search; Self-efficacy; Self-regulation"
"The “sense” behind proactive behaviors: Feedback seeking, meaningfulness, and personal initiative","2023","Journal of Vocational Behavior","10.1016/j.jvb.2023.103896","https://www.scopus.com/inward/record.uri?eid=2-s2.0-85163976177&doi=10.1016%2Fj.jvb.2023.103896&partnerID=40&md5=6d85ef5d9b12a3b6518e79b612a23ee3","With organizations increasingly requiring employees to proactively manage their job and career, researchers have examined various proactive behaviors, such as feedback-seeking behavior and personal initiative. However, few studies have explored the relationships and dynamics among these behaviors. Based on sensemaking theory, this paper argues that employees' feedback-seeking behavior is positively associated with their performance through two stages: meaningfulness and personal initiative. Our hypotheses were tested and supported using two samples: 196 supervisor-subordinate dyads from one large organization in China (Study 1) and panel data of 207 full-time employees from the UK (Study 2). Our findings highlight the importance of recognizing the distinctiveness of different forms of proactive behavior and the synergistic way they contribute to performance. We also demonstrate that employees can seek feedback and construct meaningful work experiences in an agentic manner, which contributes to the literature on career crafting and career self-management. © 2023 Elsevier B.V., All rights reserved.","Feedback-seeking Behavior; Personal Initiative; Proactive Behaviors; Sensemaking; Work Meaningfulness"
"Deviation from the ideal worker norm and lower career success expectations: A “men's issue” too?","2023","Journal of Vocational Behavior","10.1016/j.jvb.2023.103892","https://www.scopus.com/inward/record.uri?eid=2-s2.0-85163783963&doi=10.1016%2Fj.jvb.2023.103892&partnerID=40&md5=e926e56f4c5e6d94b0b49e1ae51b3be2","Career expectations of women and men have been documented extensively in both the career and the work-family literature, albeit very often focusing on women. This paper proposes to complement the existing work by shifting attention to men. Based on a French national survey and using multiple linear regression models with moderations, we examine the differential of career success expectations (CSE) — as measured by the perceived chances of promotion or wage increase — between men and women who face work-family conflict and use flexible work arrangements (teleworking and part-time work). We show that work-family conflict has a stronger negative influence on men's CSE than on women's, teleworking has a stronger positive influence on women's CSE than on men's, and part-time work has the same negative influence on both men's and women's CSE. This allows us to discuss the impact of the ideal worker norm on career success expectations and to show that a deviation from this norm has different effects on men's and women's career success expectations. © 2023 Elsevier B.V., All rights reserved.","Career Success Expectations; Flexible Work Arrangements; Gender; Ideal Worker Norm; Moderating Effects; Work-family Conflict"
"Active learning, active shaping, or both? A cross-lagged panel analysis of reciprocal effects between work design and informal workplace learning, and the mediating role of job crafting","2023","Journal of Vocational Behavior","10.1016/j.jvb.2023.103893","https://www.scopus.com/inward/record.uri?eid=2-s2.0-85163739839&doi=10.1016%2Fj.jvb.2023.103893&partnerID=40&md5=77a511515c5bbcd8ed6cdf8aa2e3531a","Informal workplace learning (IWL) is the predominant form of vocational learning. In striving to foster IWL, the focus of previous research has been on work design: according to the active learning hypothesis, both job resources and job demands can lead to learning. Informal learning research has so far agreed with this assumption but has hardly investigated the direction of effects or explaining mechanisms. The alternative active shaper hypothesis suggests that engagement in learning leads to more job resources but can also create higher job demands. The underlying processes in both hypotheses may be related to proactive behavior such as job crafting. In this article we present the results of two longitudinal studies focusing on job control and workload. In study 1, we used a cross-lagged panel design with structural equation modeling to analyze two-wave data with a 1.5-year interval among 129 blue-collar workers. The results suggest that IWL leads to job control and workload; the reverse causal direction was not significant. Hence, study 1 provided support for the active shaper hypothesis. In study 2, we used three-wave data with a 4-week interval among 216 white-collar workers to examine potential mediating effects of job crafting in the relationship between IWL and work characteristics. The results supported the assumption that task crafting and relational crafting mediate between job control and IWL and vice versa, and that relational crafting mediates between IWL and job control. No mediating effects were found with respect to workload, and cognitive crafting did not function as a mediator either. In supplemental analyses, we found mostly evidence that informal learning and job crafting are distinct constructs. The findings partly contradict the predominant active learning hypothesis and have implications for workplace learning research and personnel development in organizations. © 2023 Elsevier B.V., All rights reserved.","Active Learning Hypothesis; Active Shaper Hypothesis; Cross-lagged Panel Design; Informal Learning; Job Crafting; Job Demands-resources Theory"
"Temporal precedence between and mediating effects of career decision self-efficacy and career exploratory behavior among first-year college students: Within-person and between-person analyses by race/ethnicity and gender","2023","Journal of Vocational Behavior","10.1016/j.jvb.2023.103882","https://www.scopus.com/inward/record.uri?eid=2-s2.0-85163705865&doi=10.1016%2Fj.jvb.2023.103882&partnerID=40&md5=78666e25744e760f2bb95dffc0549645","Building career decision self-efficacy (CDSE) and engaging in career exploratory behavior (CEB) have been identified as key adaptive career behaviors that promote successful career choice and development among adolescents and young adults. Using the RI-CLPM and a five-wave dataset gathered from first-year exploratory college students (N = 833), this study examined temporal predominance between CDSE and CEB and their effects in mediating the relations of personality traits to career decidedness. At the within-person level, the bidirectional model revealed a reciprocal relation from T2 CDSE to T5 CEB for the entire sample. A similar temporal pattern also emerged for European American students and female students, whereas the baseline model was retained for male students and students of color. At the between-person level, random intercepts of CDSE and CEB were found to mediate the relations of T1 extraversion and emotional stability to T5 career decidedness for the entire sample. While the mediating effect of CDSE was significant and tended to be larger than that of CEB across racial/ethnic and gender subgroupings, mediational pathways of personality traits → CEB → career decidedness varied by race/ethnicity. This study provides evidence for theory-based hypotheses regarding how CDSE and CEB relate to each other temporally within the student and how the two variables channel the effects of personality traits on career decidedness between students. It also offers practical implications for including CDSE and CEB in career interventions designed to facilitate career development of exploratory students of different racial/ethnic and gender backgrounds during their initial transition to college. © 2023 Elsevier B.V., All rights reserved.","Career Decidedness; Career Decision Self-efficacy; Career Exploratory Behavior; College Students; Longitudinal Design; Multi-level Analysis; Ri-clpm"
"Antecedents and outcomes of work-related flow: A meta-analysis","2023","Journal of Vocational Behavior","10.1016/j.jvb.2023.103891","https://www.scopus.com/inward/record.uri?eid=2-s2.0-85163209327&doi=10.1016%2Fj.jvb.2023.103891&partnerID=40&md5=53ba72779123b752d1e864fce5ae5a83","Flow is an optimal state that contributes positively to individual well-being and performance. Despite growing evidence of its antecedents and outcomes at work, few efforts have been made to systematically examine and synthesize the extant findings to advance the theoretical and empirical development of flow. Combining different perspectives (e.g., job demands and resources theory, proactivity and leadership literatures), we aim to identify the key antecedents and outcomes relevant to work-related flow, and (a) provide a nomological network and (b) spot areas for future research on flow. We conducted a meta-analysis to synthesize findings (N = 60,110, k = 113). Results showed that several factors, including job characteristics, individual characteristics, individual behaviors, and leadership characteristics were significantly related to flow. Individual behavior displayed the strongest association with flow (ρ = 0.55). In addition, flow was not only related to job outcomes but also to personal outcomes. We also investigated the relative contribution of sub-dimensions of flow to well-being and performance. The relationships between flow and its associates hold across different measures of flow and culture. Our findings suggest that employees can use more proactive strategies to foster flow rather than only respond to their environment. Despite the short-run side effects of flow (e.g., risk-taking behavior), flow is worth pursuing in the long run as it benefits both work and personal well-being. We encourage future flow studies to investigate additional social and situational factors and various types of proactive behaviors in a multilevel process. © 2023 Elsevier B.V., All rights reserved.","Job Demands; Job Resources; Meta-analysis; Proactive Behaviors; Well-being; Work-related Flow"
"Newcomer work-to-nonwork conflict to withdrawal via work-to-nonwork self-efficacy: The buffering role of family supportive supervisor behavior","2023","Journal of Vocational Behavior","10.1016/j.jvb.2023.103895","https://www.scopus.com/inward/record.uri?eid=2-s2.0-85163207614&doi=10.1016%2Fj.jvb.2023.103895&partnerID=40&md5=9f66d2ee0df6e54055c33d933bb789be","In adulthood, starting a new job is a major life event that, for many, accompanies significant changes to one's personal life (e.g., moving to a new location, setting up new childcare or eldercare arrangements, renegotiating schedules and nonwork responsibilities with a spouse or partner). Research shows that job candidates anticipate the degree of work-family support and conflict they might experience in a new role when deciding to accept or reject a job offer. Despite this, work examining associations between newcomer work-to-nonwork conflict (WNC), once arriving at a new job, and their adjustment to the new work role has lagged. To address this, the current study investigates the relationship between newcomers' work nonwork demands (i.e., WNC) and resources (having a family-supportive supervisor) during organizational entry, in relation to work withdrawal. Results from surveys administered to newcomers across three time points, indicate that newcomers' WNC was positively related to work withdrawal via reduced work-to-nonwork self-efficacy. Additionally, the indirect relationship between WNC and newcomer withdrawal was moderated by family-supportive supervisor behavior, indicating that managers can serve as resources with powerful potential to counteract the negative effects of conflict during this early stage. This study is among the first to explicitly link the work-nonwork and organizational socialization literatures. Our results suggest that organizations aiming to support and retain new workers may benefit from training supervisors to help newcomers manage WNC when starting a new job. © 2023 Elsevier B.V., All rights reserved.","Family-supportive Supervisor Behavior; Newcomer Adjustment; Organizational Socialization; Work Withdrawal; Work-family; Work-to-nonwork Conflict"
"Examining the impact of trait grit on aspiring entrepreneur's new venture ideation: Evidence from Ghana","2023","Journal of Vocational Behavior","10.1016/j.jvb.2023.103889","https://www.scopus.com/inward/record.uri?eid=2-s2.0-85161624219&doi=10.1016%2Fj.jvb.2023.103889&partnerID=40&md5=68dcbc8900435ea68b36c5efa5220525","One tool that has long been advocated to promote economic development and reduce poverty in developing countries such as Ghana is entrepreneurship. Entrepreneurship, however, is a process that goes through several phases. One of the first hurdles for aspiring entrepreneurs to cross is to come up with a viable new venture idea. Drawing on the social cognitive theory of self-regulation, we hypothesize that the two dimensions of dispositional grit (consistency of interest and perseverance of effort) may enhance aspiring entrepreneurs' new venture ideation via entrepreneurial self-efficacy. Furthermore, the indirect effects of consistency of interest and perseverance of effort on venture ideation via entrepreneurial self-efficacy are proposed to be stronger when entrepreneur identity aspiration is high. Based on a sample of 265 (Study 1) and 338 (Study 2) aspiring entrepreneurs in Ghana, we found consistent and strong support for our hypothesized model. Theoretical and practical implications of our findings are discussed. © 2023 Elsevier B.V., All rights reserved.","Entrepreneur Identity Aspiration; Entrepreneurial Self-efficacy; Grit; Social Cognitive Theory; Venture Ideation"
"You've got mail! How work e-mail activity helps anxious workers enhance performance outcomes","2023","Journal of Vocational Behavior","10.1016/j.jvb.2023.103881","https://www.scopus.com/inward/record.uri?eid=2-s2.0-85160739830&doi=10.1016%2Fj.jvb.2023.103881&partnerID=40&md5=276392d8053fb57b5124b69040549d8e","Despite workplace anxiety being a common experience of daily work life that is increasingly reliant on technology, we lack knowledge of technology-based job demands that prompt its occurrence. Drawing on theorization on workplace anxiety and integrating literature on information and communication technologies, we consider telepressure and normative response pressure as internal and external between-person sources of daily workplace anxiety. We further present a model of how employees adaptively (vs. maladaptively) respond to workplace anxiety on days they experience workplace anxiety, where anxiety prompts: (a) work e-mail activity, a self-regulatory behavior facilitating performance outcomes; and (b) non-work e-mail activity, a behavior that disengages employees from their work, debilitating performance outcomes. Utilizing a multilevel, time-lagged experience sampling field study across 10 workdays (Level 1 N = 809; Level 2 N = 96), we identify telepressure as a significant contributor of daily workplace anxiety. Further, we found support for an adaptive function of workplace anxiety. On days employees experienced workplace anxiety, their personal initiative and citizenship behaviors were enhanced through behavioral regulatory activity manifested in work e-mail activity. This indirect effect was strengthened for employees perceiving higher (vs. lower) work e-mail centrality. This research advances understanding of the adaptive function of workplace anxiety, such that employees are active drivers of their daily experiences of workplace anxiety. © 2023 Elsevier B.V., All rights reserved.","E-mail Activity; Experience Sampling; Information And Communication Technology; Workplace Anxiety"
"Crafting when teleworking: A daily diary study on the combinations of job and home crafting and their relationship with energy depletion","2023","Journal of Vocational Behavior","10.1016/j.jvb.2023.103880","https://www.scopus.com/inward/record.uri?eid=2-s2.0-85160237762&doi=10.1016%2Fj.jvb.2023.103880&partnerID=40&md5=25a6778fe7e890a95b9b62a94466d38d","Scholars made clear that daily job and home crafting can optimize employees' well-being, also when teleworking. Since telework is largely characterized by a constant juggle between work and home roles, we need knowledge on how teleworkers can combine job and home crafting during the day. While previous studies have almost exclusively applied an enrichment-based perspective, which assumes that daily job and home crafting can be combined unlimitedly, the current study proposes an effort-based perspective, which assumes that crafting requires effort and, therefore, can only be done within certain limits. Using a daily diary study (N = 839 days nested within 202 full-time teleworkers), we investigate whether daily approach job and home crafting can prevent daily energy depletion. Moreover, we predict that equally allocating efforts across daily approach job and home crafting is related to the lowest levels of energy depletion. Multilevel polynomial regression analyses showed that daily approach job and home crafting were negatively related to daily energy depletion. As an important exception to this general finding, the combination of high approach job and home crafting was related to higher energy depletion and should be avoided. Finally, our results indicated that, in general, allocating efforts to approach job crafting is more useful than allocating efforts to approach home crafting. © 2023 Elsevier B.V., All rights reserved.","Energy Depletion; Home Crafting; Job Crafting; Resource Allocation Theory"
"Organizational career growth and high-performance work systems: The roles of job crafting and organizational innovation climate","2023","Journal of Vocational Behavior","10.1016/j.jvb.2023.103879","https://www.scopus.com/inward/record.uri?eid=2-s2.0-85159615498&doi=10.1016%2Fj.jvb.2023.103879&partnerID=40&md5=7a6d6ff8d77624a1b5daaadad407ff5f","This study focused on the relationship of employees' career growth with high-performance work systems (HPWS), how and the conditions under which HPWS enhance organizational career growth. It considered job crafting as part of the mechanism, the idea being that employees actively exploit the resources provided and demands imposed by HPWS to craft their jobs. Using a multi-level, three-wave time-lagged design with 663 employees and 67 human resource managers from 67 companies, we found that (a) organization-level HPWS were positively related to individual employees' career growth; (b) task and relational job crafting mediated the relationship; (c) the organizational innovation climate moderated the relationship between organization-level HPWS and job crafting; and (d) the moderating effect had an impact on employees' career growth through job crafting. The implications of the study for the advancement of knowledge and practice are discussed. © 2023 Elsevier B.V., All rights reserved.","High-performance Work Systems; Multi-level; Organizational Career Growth; Organizational Innovation Climate; Relational Job Crafting; Task Job Crafting; Time-lagged"
"Finding a home for your career away from home: Experiences of Iranian highly skilled edu-immigrants in the United States","2023","Journal of Vocational Behavior","10.1016/j.jvb.2023.103874","https://www.scopus.com/inward/record.uri?eid=2-s2.0-85159178891&doi=10.1016%2Fj.jvb.2023.103874&partnerID=40&md5=7490540742a7b0e738affc50554c6b47","The journey from deciding to move abroad as a student to gaining the right to stay permanently has been described as a long tunnel. One of the most challenging turning points along this journey is when edu-immigrants (EduIms) attempt to secure permanent employment upon graduation from host country universities. In this qualitative study, we explore the career stories of 29 highly skilled EduIms who have undertaken the transition from student to permanent employee. Informed by the intelligent careers framework, we identify the career competencies our participants developed as they navigated this transition. Our findings suggest that one competency can be leveraged to develop other competencies, which build on each other over time. Also, we show how enacting intelligent careers required our participants to address the host country's macro-context constraints and facilitators that played significant roles in securing their permanent employment. Our findings inform practitioners interested in improving the career prospects of EduIms and in benefiting from a pool of highly qualified candidates. © 2023 Elsevier B.V., All rights reserved.","International Graduates; Job Seeking; Recruitment; Student-migrant"
"Stay hungry, stay foolish: A novel perspective on needs satisfaction and personal initiative","2023","Journal of Vocational Behavior","10.1016/j.jvb.2023.103878","https://www.scopus.com/inward/record.uri?eid=2-s2.0-85158020131&doi=10.1016%2Fj.jvb.2023.103878&partnerID=40&md5=1d439f980873c723742bbf51511d83a1","In a workforce marked by telecommuting, decentralization, and automation, the need for employees to take personal initiative (PI) is greater than ever before. The model of proactive motivation suggests that people need to experience proactive motivational states to engage in PI. Self-determination theory suggests that people must have their needs satisfied to engage in PI. In this work, we combine these two perspectives by considering if sometimes needs thwarting can improve the relationship between proactive motivational states and PI. Analyses of multi-source and multi-wave data indicated that individuals with high “can do” proactive motivation in the form of self-efficacy took more PI when their need for competence was not met. Likewise, individuals with high “energized to” proactive motivation in the form of activated positive affect took more PI when their need for relatedness was not met. Further, PI mediated the relationships between individual proactive motivation states and individual promotability (which benefits the self) and OCB towards coworkers (which benefits others). This reinforces the important role of PI as a constituent of individuals' in-role and extra-role performance at a time of increasing flexibility and collaboration at work. © 2023 Elsevier B.V., All rights reserved.","Control Theory; Needs Satisfaction; Personal Initiative; Proactive Motivation; Promotability"
"Seeking stability in unstable employment: An exploratory study of temporary agency workers' career self-management","2023","Journal of Vocational Behavior","10.1016/j.jvb.2023.103877","https://www.scopus.com/inward/record.uri?eid=2-s2.0-85154529504&doi=10.1016%2Fj.jvb.2023.103877&partnerID=40&md5=733000825814806bfc218f40bee88918","Increasingly dynamic labor markets have caused a steep increase in nonstandard workers. This study focuses on agency temps who work via labor market intermediaries at client organizations. The short-term and frequently changing nature of their jobs creates uncertainty about their employment and personal stability. Based on an explorative qualitative interview study among 27 agency temps, we studied how agency temps self-manage their careers. Our study reveals that the precarious career environment and financial dependence on agency work make agency temps' career self-management different from existing depictions of career self-management in the literature. Specifically, we reveal that agency temps' career self-management engagement is relatively short-term and primarily reactive. We find that they focus on survival and stability as career goals, and they engage in four career behaviors: (1) moonlighting, (2) self-profiling, (3) compensatory career behavior, and (4) job search behavior. Subsequently, we identify two negative long-term outcomes of these career behaviors: (1) being locked-in and (2) experiencing resource loss during unemployment. Accordingly, this study contributes to the nascent literature on temporary agency work and career self-management by identifying career behaviors and consequences in a precarious and volatile context. Our findings can help career counselors and policy-makers safeguard the career self-management of agency temps. © 2023 Elsevier B.V., All rights reserved.","Agency Temps; Career; Career Self-management; Nonstandard Work; Temporary Agency Work"
"Working-class gay dads: Queer stories about family and work","2023","Journal of Vocational Behavior","10.1016/j.jvb.2023.103876","https://www.scopus.com/inward/record.uri?eid=2-s2.0-85154031161&doi=10.1016%2Fj.jvb.2023.103876&partnerID=40&md5=332e73edb42f54add7b16a9c1ebf0c07","Existing research with gay dads has focused almost exclusively on those in the upper middle-class. Given the financial barriers to gay fatherhood and that parenting and work experiences often differ based on class, research at the work-family interface with working-class gay dads holds promise for advancing the field of vocational psychology. Using the Psychology of Working Theory (PWT) as a framework, the present study explored work and family experiences with working-class gay dads living on the West Coast of the United States. We collected and analyzed data using a narrative inquiry methodology, which involved a three-stage interview process, co-construction of narratives with participants, and generation of seven themes (e.g., Importance of Both Structural Economic Support and Structural LGBTQ+ Support, Many Valid Ways to Form Families). Situating these findings within the PWT model, we demonstrate how economic constraints and marginalization shaped these dads' experiences of decent paid (and unpaid) work, and how their adaptability and volition buffered these impacts and offered pathways to meaningful roles as workers and fathers. The stories of working-class gay dads and related themes counter the grand career narrative and provide helpful guidance for structural recommendations that attend to LGBTQ+ inclusion and more equitable access to decent work. © 2023 Elsevier B.V., All rights reserved.","Gay Fathers; Narrative Inquiry; Psychology Of Working; Work-family Interface; Working-class Fathers"
"Managing the risks and side effects of workplace friendships: The moderating role of workplace friendship self-efficacy","2023","Journal of Vocational Behavior","10.1016/j.jvb.2023.103875","https://www.scopus.com/inward/record.uri?eid=2-s2.0-85153853136&doi=10.1016%2Fj.jvb.2023.103875&partnerID=40&md5=e6b9d2f1b4da15f8775efad6ce8321f9","In this paper, we investigate the risks and side effects of workplace friendships for coworkers. Combining the dialectical perspective on workplace friendships with a self-regulatory perspective, we argue that workplace friendships can lead to incivility directed toward coworkers because employees experience inter-role conflict between their role as “employee” and their role as “friend”, and subsequent resource depletion. We further suggest that employees with higher workplace friendship self-efficacy are better able to manage these risks and side effects. We tested our hypotheses in two studies with time-lagged data (Study 1: 451 employees, Study 2: 499 employees) using structural equation modeling. Study 1 showed that workplace friendships are positively related to incivility via inter-role conflict and subsequent resource depletion. Workplace friendship self-efficacy buffered the indirect relation between workplace friendships and incivility. Study 2 partly replicated and extended the findings from Study 1. We found support for the serial mediation effect of workplace friendship on incivility via inter-role conflict and resource depletion and we were able to extend Study 1 by disentangling the targets of incivility. In particular, employees instigated incivility toward other coworkers rather than their workplace friends. However, the moderating effect of workplace friendship self-efficacy did not replicate. Our findings contribute to the literatures on workplace friendships and role conflicts. © 2023 Elsevier B.V., All rights reserved.","Resource Depletion; Role Conflict; Role Theory; Self-efficacy; Workplace Friendships"
"Who moved my boundary? Strategies adopted by families working from home","2023","Journal of Vocational Behavior","10.1016/j.jvb.2023.103866","https://www.scopus.com/inward/record.uri?eid=2-s2.0-85153628258&doi=10.1016%2Fj.jvb.2023.103866&partnerID=40&md5=281b3ab4ffe284ec7209f25239282fae","With the increase of remote work after the COVID-19 pandemic, it can be expected that soon a great number of households will consist of more than one teleworker. This raises the question of how to manage work and nonwork boundaries for the collective of household members who work from home. To better understand the adjustment to collective work from home, we examined the experiences of 28 dual-income households with school-age children residing in five countries. In doing so, we found specific strategies that families used to manage boundaries between two or more household members' work, learning, and home domains. We identified four strategies to define boundaries in the collective (i.e., repurposing the home space, revisiting family members' responsibilities, aligning family members' schedules, and distributing technology access and use) and five strategies to apply boundaries to accommodate the collective (i.e., designating an informal boundary governor, maintaining live boundary agreements, increasing family communication, incentivizing/punishing boundary respect/violation, and outsourcing). Our findings have theoretical and practical implications for remote work and boundary management. © 2023 Elsevier B.V., All rights reserved.","Boundary Management; Dual-earner Household; Dual-income Couple; School-age Children; Work-family Research; Work-nonwork Interface"
"Is leader proactivity enough: Importance of leader competency in shaping team role breadth efficacy and proactive performance","2023","Journal of Vocational Behavior","10.1016/j.jvb.2023.103865","https://www.scopus.com/inward/record.uri?eid=2-s2.0-85151032737&doi=10.1016%2Fj.jvb.2023.103865&partnerID=40&md5=78bd40b39257d92e363cf39f9facc214","The present study is designed to investigate how leader proactive personality and competency jointly relate to team proactivity. Drawing on social cognitive theory, we hypothesize that proactive yet incompetent leaders diminish the magnitude and enhance the dispersion of team role breadth efficacy, defined as the collective confidence to engage in a range of integrative, interpersonal, and proactive tasks, which lowers team proactive performance. The test of the hypotheses, based on two waves of surveys of members of 66 professional work teams and their leaders, reveals three main findings. First, leaders' proactive personality is negatively associated with the magnitude and positively related to the dispersion of team role breadth efficacy when their competency is low. Second, proactive personality is positively associated with the magnitude, but not the dispersion, of team role breadth efficacy if their competency is high. Third, the leader proactivity-competency interactive effect relates positively to team proactive performance, through the mediation of the optimal configuration of team role breadth efficacy (high magnitude + low dispersion). This study thus highlights the need to consider both proactive personality and competency for team management and their implications for leaders' own career success. © 2023 Elsevier B.V., All rights reserved.","Leader Competency; Leader Proactive Personality; Team Efficacy Magnitude And Dispersion; Team Proactive Performance"
"Technology-assisted supplemental work: A meta-analysis","2023","Journal of Vocational Behavior","10.1016/j.jvb.2023.103861","https://www.scopus.com/inward/record.uri?eid=2-s2.0-85150436162&doi=10.1016%2Fj.jvb.2023.103861&partnerID=40&md5=8950b5c13b7a0181e6dd945c9d4f4a1e","Due to the increasing digitalization and connectivity of work, more and more employees engage in technology-assisted supplemental work (TASW). TASW refers to the performance of work-related tasks after regular work hours with the aid of technological tools. Based on a conceptual model of TASW, we present a comprehensive meta-analysis of potential antecedents and outcomes of TASW (K = 89 independent samples, N = 39,085 employees). Results showed that TASW is associated with social normative work context characteristics, such as availability expectations after work (ρ¯ = 0.45), and work characteristics, such as job demands (ρ¯ = 0.32). Associations were also found between TASW and person characteristics, such as work identity (ρ¯ = 0.35) and segmentation preference (ρ¯ = −0.20). Moreover, TASW is related to important employee outcomes, including recovery-related outcomes, such as psychological detachment (ρ¯ = −0.38); well-being outcomes, such as job strain (ρ¯ = 0.12); nonwork-related outcomes, such as work nonwork conflict (ρ¯ = 0.32); as well as attitudinal and performance-related outcomes, such as organizational commitment (ρ¯ = 0.16) and work performance (ρ¯ = 0.27). We also found TASW to be related to certain demographic characteristics, such as male gender (ρ¯ = 0.11) and job-level (ρ¯ = 0.23). Exploratory moderator analyses further revealed that gender moderated the relationship between job demands and TASW, such that the relationship was weaker for samples with a higher percentage of females. We conclude by discussing potential directions for future research to advance the understanding of TASW. © 2023 Elsevier B.V., All rights reserved.","Meta-analysis; Technology-assisted Supplemental Work; Well-being; Work Attitudes; Work-family"
"Paid employment in adolescence and rapid integration into a career-related job in early adulthood among vulnerable youth: The identity connection","2023","Journal of Vocational Behavior","10.1016/j.jvb.2023.103864","https://www.scopus.com/inward/record.uri?eid=2-s2.0-85150286627&doi=10.1016%2Fj.jvb.2023.103864&partnerID=40&md5=7332627a10a3a0a419d9d27d1bbc226a","For youth transitioning to adulthood, finding a job that matches one's career aspirations is a major challenge. This is especially true for non-college-bound youth, for whom well-paid, meaningful work opportunities are scarce. One avenue often proposed to enhance these youths' chances of successful professional integration is through work experiences during high school, which are thought to help at least in part by supporting identity development processes. The purpose of this study was to test this premise in a Canadian sample (N = 386; 50 % female; 23 % minority) of socioeconomically disadvantaged and academically vulnerable youth (48 % without a post-secondary degree) followed longitudinally from their mid-teens to their early twenties. Beyond potential confounders, no direct association was found between adolescent employment (at both moderate and intensive levels) and integration into a career-related job. However, mediation analyses showed that moderate work in high school (i.e., <20 h per week) was significantly associated with identity commitment (b = 1.82, p < .001), which was in turn linked to integration into a career-related job matching professional goals in early adulthood (b = 0.08, p < .001). Among the control variables, having a vocational degree was a strong predictor of integration into a career-related job. Overall, these results suggest that career counselors accompanying adolescents who do not intend to attend college should consider employment at moderate levels as an option to foster their identity related to future plans, interests, and values, as well as vocational training options. © 2023 Elsevier B.V., All rights reserved.","Adolescent Employment; Career Development; Identity Formation; Social Disadvantage; Vocational Education"
"Saved by the biodata: Meta-analytic relationships between biodata scores and student success","2023","Journal of Vocational Behavior","10.1016/j.jvb.2023.103863","https://www.scopus.com/inward/record.uri?eid=2-s2.0-85150058504&doi=10.1016%2Fj.jvb.2023.103863&partnerID=40&md5=f6b8929c60b05bc09b6e9cff7bdc6054","Biodata inventories are standardized questionnaires about a person's history (past behaviors and events in one's life). They are among the most predictive pre-employment assessment methods to hire job applicants, and their use extends beyond just in work settings. Biodata inventories have also been used for high stakes school admissions, and if strongly related to school success, may be useful measures to supplement other assessment methods within larger admissions programs. However, there are limits to knowledge regarding the criterion-related validity of biodata scores. This study examined the validity of biodata inventory scores in the prediction of school success according to two major moderators: scoring method (e.g., rational, or empirical) and construct domain. Isolating to studies that met strict requirements for inclusion, there were a total of 38 independent effects of the relationship between biodata scores and school success (grade point average or teaching ratings). Results showed that the relationship between biodata inventory scores and academic success was strong, with an average validity coefficient of 0.45 for academic achievement scales. Furthermore, validity varied as a function of scoring method. Empirical biodata scores correlated 0.50 with school success, whereas validity was .26 when rationally scored. These results make empirically scored biodata one of the most predictive admissions tools available, exceeding even the validity of grade point average and standardized test scores. Given these findings, biodata inventories should be more frequently considered for use as supplementary additions to existing admissions procedures, though as we discuss, there may be challenges to implementation in applicant settings. © 2023 Elsevier B.V., All rights reserved.","Biodata; Biographical Information; Grade Point Average; School Admissions"
"Pregnancy loss: A qualitative exploration of an experience stigmatized in the workplace","2023","Journal of Vocational Behavior","10.1016/j.jvb.2023.103848","https://www.scopus.com/inward/record.uri?eid=2-s2.0-85149615659&doi=10.1016%2Fj.jvb.2023.103848&partnerID=40&md5=ca4bddf4f30582f138867fa12c67bb23","Pregnancy loss is often stigmatized and is considered to be a taboo topic in the workplace, causing employees to suffer in silence. Yet, pregnancy loss is unequivocally a workplace issue – it can occur at work and influence work outcomes, such as performance, job attitudes, and employee wellbeing. Unfortunately, there is little research examining the intersection between work and pregnancy loss, leaving employers with little evidence-based guidance on how to support employees during and after pregnancy loss. The purpose of this qualitative study of working women (N = 29) is to provide insight into the ways by which work influences, and is influenced by, employees' physical and psychological experiences of loss. We utilized a phenomenological approach which revealed 12 themes that were temporal in nature and represented the interconnectedness of work and pregnancy loss. Themes related to the pre-loss experience (pregnancy experiences), loss experience (healthcare; physical health; psychological health; partner's experiences; loss disclosure; memorialization), short-term post-loss experience (work leave; workplace support; stigma), and long-term post-loss experience (return-to-work; shifts in perspective and identity). These results revealed that pregnancy loss experiences unfold over extended periods of time and across domains, involving the interaction between work, family, and healthcare systems. Findings are interpreted through the lens of bioecological systems theory and boundary theory, and illustrate the criticality of supportive workplace practices, such as return-to-work accommodations, bereavement support, and leave options, in supporting employee health and work outcomes. © 2023 Elsevier B.V., All rights reserved.","Employee Bereavement; Grief In The Workplace; Pregnancy Loss; Qualitative Analysis; Reproductive Loss"
"COVID-19 and employee job performance trajectories: The moderating effect of different sources of status","2023","Journal of Vocational Behavior","10.1016/j.jvb.2023.103862","https://www.scopus.com/inward/record.uri?eid=2-s2.0-85149324118&doi=10.1016%2Fj.jvb.2023.103862&partnerID=40&md5=b9f415229dbc85f2f8d57078072d8fff","This study investigates the impact of the COVID-19 pandemic on employee job performance trajectories, and further examines the moderating effects of different sources of status. Drawing from event system theory (EST), we propose that employee job performance decreases upon COVID-19 onset, but gradually increases during the postonset period. Furthermore, we argue that status from society, occupation, and workplace functions to moderate such performance trajectories. We test our hypotheses with a unique dataset of 708 employees that combines survey responses and job performance archival data over 21 consecutive months (10,808 observations) spanning the preonset, onset, and postonset periods of the initial encounter with COVID-19 in China. Utilizing discontinuous growth modeling (DGM), our findings indicate that the onset of COVID-19 created an immediate decrease in job performance, but such decrease was weakened by higher occupation and/or workplace status. However, the postonset period resulted in a positive employee job performance trajectory, which was strengthened for employees with lower occupational status. These findings enrich our understanding of COVID-19's impact on employee job performance trajectories, highlight the role of status in moderating such changes over time, and also provide practical implications to understand employee performance when facing such a crisis. © 2023 Elsevier B.V., All rights reserved.","Covid-19; Discontinuous Growth Modeling; Event System Theory; Job Performance Trajectories; Status"
"Strengths-based leadership and employee work engagement: A multi-source study","2023","Journal of Vocational Behavior","10.1016/j.jvb.2023.103859","https://www.scopus.com/inward/record.uri?eid=2-s2.0-85149258045&doi=10.1016%2Fj.jvb.2023.103859&partnerID=40&md5=bfe9a66108ad87ce5837129a980ccbe2","Strengths-based leadership helps employees identify, utilize, and develop their strengths. Does such leadership facilitate employee work engagement and performance? In this study, we integrate Job Demands-Resources (JD-R) and Leader-Member Exchange (LMX) theories to hypothesize that strengths-based leadership is positively related to employee task performance through employee work engagement, and that this effect is moderated by LMX quality. We collected survey data at two time points – with one month interval – from 556 Chinese workers and their managers (N = 104 teams). The results of path modelling showed that strengths-based leadership was positively related to supervisor-ratings of employee task performance via employee work engagement. As predicted, the positive relation between strengths-based leadership and employee work engagement was stronger when LMX was of high-quality. However, the predicted moderated-mediation effect was not supported. We discuss the implications of these findings for research on strengths-based leadership, as well as the practical implications. © 2023 Elsevier B.V., All rights reserved.","Job Demands-resources Theory; Leader-member Exchange; Strengths-based Leadership; Task Performance; Work Engagement"
"Effective employee strategies for remote working: An online self-training intervention","2023","Journal of Vocational Behavior","10.1016/j.jvb.2023.103857","https://www.scopus.com/inward/record.uri?eid=2-s2.0-85148761340&doi=10.1016%2Fj.jvb.2023.103857&partnerID=40&md5=7f01820d5b115302e2d7cef66d844f75","This paper examines whether employees' strategies to recognize (through self-recognition) and regulate (through job crafting, work-family management, and recovery) their internal and external demands and resources help them retain their well-being and performance during the COVID-19 pandemic. It also examines whether an online self-training intervention can stimulate the use of these strategies. A randomized control trial with a waitlist control group and pre-post measure (N intervention group = 62, N control group = 77) was executed, consisting of four modules with videos, exercises, and three assignments. Participants of the intervention group reported improved self-recognition (noticing, self-focused emotional intelligence), job crafting (seeking resources and challenges), recovery (psychological detachment and relaxation), and reduced work-family conflict. Moreover, the intervention group reported reduced fatigue and increased happiness with life and task performance after the intervention. Improvements in self-focused emotional intelligence, relaxation, and reduced work-family conflict could explain the progress of these distal outcomes. This study reveals the strategies that can help employees to maintain high levels of well-being and performance while working from home and how to improve them using an evidence-based self-training intervention. © 2023 Elsevier B.V., All rights reserved.","Happiness With Life; Job Crafting; Recovery; Self-regulation; Self-training; Task Performance; Work-family Conflict"
"It is not only what you do, but why you do it: The role of attribution in employees' emotional and behavioral responses to illegitimate tasks","2023","Journal of Vocational Behavior","10.1016/j.jvb.2023.103860","https://www.scopus.com/inward/record.uri?eid=2-s2.0-85148355691&doi=10.1016%2Fj.jvb.2023.103860&partnerID=40&md5=8b3c3dfc54361c227e853ec77ee06c3f","Illegitimate tasks are tasks that violate the norms governing what an employee can reasonably be expected to do. Although extant research has demonstrated the link between illegitimate tasks and negative emotions, little is known about why illegitimate tasks are associated with various emotions and subsequent behaviors in employees. Building on the cognitive appraisal theory of emotion and the attributional perspective, we proposed two negative attributions for illegitimate tasks (i.e., negative competence attribution and negative relationship attribution) and examined how they are differentially associated with employees' emotions and behaviors when asked to perform illegitimate tasks. The results of Study 1 (a scenario-based experiment using 400 employees) and Study 2 (a three-wave survey of 519 employees), which were both conducted in China, show that when faced with illegitimate tasks that employees attribute to the insufficiency of their competence (i.e., negative competence attribution), they are more likely to experience shame, and when employees attribute being assigned illegitimate tasks to undesirable relationships with their leader and colleagues (i.e., negative relationship attribution), they are more likely to feel angry. Shame and anger are further related to employees' work and social withdrawal behavior, respectively. This study showcases the role of attribution in employee responses to illegitimate tasks and provides an attribution perspective on why illegitimate tasks are associated with various emotions and behaviors among employees. © 2023 Elsevier B.V., All rights reserved.","Attribution; Emotion; Illegitimate Tasks; Social Withdrawal Behavior; Work Withdrawal Behavior"
"Why do people network? Professional networking motives and their implications for networking behaviors and career success","2023","Journal of Vocational Behavior","10.1016/j.jvb.2023.103856","https://www.scopus.com/inward/record.uri?eid=2-s2.0-85147571611&doi=10.1016%2Fj.jvb.2023.103856&partnerID=40&md5=72e9c4d1a7f86df3781d596aacd1a047","Professional networking involves a series of goal-directed interpersonal interactions that build and maintain professional relationships and include the exchange of work and career-benefiting resources. Despite the utility of professional networking, many people eschew the activity, which has spurred interest in the question: “why do people network?” Drawing from psychological theories of personality and behavioral prediction, we offer a theoretical basis for Professional Networking Motives (PNMs) that accounts for prior explanations for why people network. We verify and elaborate upon our initial theoretical conceptualization of PNMs by drawing from a series of semi-structured interviews of industrial and organizational psychologists based in the United States to identify the domain-specific content of PNMs (Study 1). We further posit that “why” people network (i.e., their PNMs) has implications for “how” they network (i.e., networking behaviors) and their career success. In Study 2, we develop and validate a measure of PNMs based upon occupationally diverse samples based in the United States, and we use a time-separated research design to evaluate whether PNMs differentially predict networking behaviors and career success. We illustrate the value of understanding people's motives for professional networking, as certain PNMs are more important than others for promoting different types of networking behaviors and forms of career success. We conclude by discussing the theoretical and practical implications of our study and offer suggestions for future research to deepen the understanding of professional networking and PNMs. © 2024 Elsevier B.V., All rights reserved.","Career Success; Networking Behaviors; Professional Networking"
"Influence of economic and academic barriers on perception of future decent work: A moderated mediation model of work volition and social support","2023","Journal of Vocational Behavior","10.1016/j.jvb.2023.103842","https://www.scopus.com/inward/record.uri?eid=2-s2.0-85147114417&doi=10.1016%2Fj.jvb.2023.103842&partnerID=40&md5=d42979f3a5a45e83b885ae46afb98ffe","This study aimed to investigate the influence of contextual constraints on the perception of future decent work among Korean emerging adults and to identify potential coping strategies to overcome these constraints. By applying the Psychology of Working Theory in the cultural context of Korea, this study investigated the barriers imposed by economic and academic status and the role of social support in addressing the influence of these constraints. Data were collected from 371 emerging adults studying at Korean universities that were ranked below the top 30 in the nation. The results revealed a significant correlation between economic constraints and marginalization experiences based on academic status. In addition, both economic and academic constraints were negatively associated with perceptions of future decent work. However, the relationship was only significant via work volition, whereas the direct association was insignificant. Finally, only the relationship between marginalization and work volition and the indirect relationship between marginalization and the perception of future decent work via work volition were moderated by social support; however, the moderation patterns were inconsistent with the assumptions of the PWT. The implications of the findings are discussed, along with suggestions for future research directions. © 2023 Elsevier B.V., All rights reserved.","Economic Constraint; Emerging Adult; Marginalization; Perception Of Future Decent Work; Psychology Of Working Theory; Social Support"
"Perceived overqualification and proactive behavior: The role of anger and job complexity","2023","Journal of Vocational Behavior","10.1016/j.jvb.2023.103847","https://www.scopus.com/inward/record.uri?eid=2-s2.0-85146878680&doi=10.1016%2Fj.jvb.2023.103847&partnerID=40&md5=38a6687741aed4e62ddebf73e7c76c09","According to the model of proactive motivation (Parker et al., 2010), previous literature on the relationship between perceived overqualification (POQ) and proactive behavior overlooked the pivotal role of the “energized to” motivational state, which primarily involves activated affects that motivate individuals' proactive behaviors. Moreover, research on the “energized to” motivational state mainly examined aggregated emotions, which masked the effects of each discrete emotion. Drawing on the model of proactive motivation and the recalibrational theory of anger, we proposed an “energized to” mechanism of the relationship between POQ and proactive behavior indicated by anger toward the organization, a typical discrete emotion, while job complexity moderates the positive effect of POQ on anger toward the organization. We examined research hypotheses using three-wave time-lag data of 473 individuals from 62 teams. Results revealed that individuals' anger toward the organization mediated the relationship between POQ and proactive behavior. Furthermore, job complexity buffered the effect of POQ on anger toward the organization as well as the indirect effect of POQ on employees' proactive behavior via anger toward the organization. Implications, limitations, and future directions of the present study are discussed. © 2023 Elsevier B.V., All rights reserved.","Anger Toward The Organization; Job Complexity; Perceived Overqualification; Proactive Behavior"
"Taking rivalries home: Workplace rivalry and work-to-family conflict","2023","Journal of Vocational Behavior","10.1016/j.jvb.2023.103844","https://www.scopus.com/inward/record.uri?eid=2-s2.0-85146834574&doi=10.1016%2Fj.jvb.2023.103844&partnerID=40&md5=8b2edd3126082e47a0ff49a8db3c0fac","The purpose of the current study was to examine how workplace rivalry relates to work-family and wellbeing outcomes. Specifically, informed by resource theory, the relationship of workplace rivalry to work-family conflict was analyzed using a three-timepoint survey of 406 participants (165 with rivals); additionally, the role of psychological detachment as a mediator was tested as were the moderating effects of rivalry intensity and relative standing to one's rival (i.e., perceptions of winning or losing). Results support having a rival is related to greater work-to-family conflict and that the relationship is mediated through psychological detachment. Further, the three-way interaction of rivalry status, rivalry intensity, and relative standing to one's rival was significantly related to both work-to-family conflict and psychological detachment. Notably, the interactions indicated those with intense rivalries they perceived they were losing were particularly vulnerable to undesirable outcomes. Results extend workplace rivalry research and inform on the boundary conditions under which rivalry has negative implications for employee and family wellbeing. © 2023 Elsevier B.V., All rights reserved.","Detachment; Psychological Wellbeing; Rivalry; Work-family Conflict"
"A multilevel perspective on the role of job demands, job resources, and need satisfaction for employees' outcomes","2023","Journal of Vocational Behavior","10.1016/j.jvb.2023.103846","https://www.scopus.com/inward/record.uri?eid=2-s2.0-85146637634&doi=10.1016%2Fj.jvb.2023.103846&partnerID=40&md5=be119b911fa0a5e5e9a76698efa0c2d2","This study investigates the mediator role of psychological need satisfaction for the effects of job demands and resources on turnover intentions, psychological distress, and work-to-family conflict, simultaneously at the employee and work unit levels. In doing so, we consider how need satisfaction, when considered at the work unit level, creates a context likely to play an additional role in the prediction of these outcomes. These questions were investigated using a combination of doubly latent multilevel confirmatory factor analyses and structural equation models applied to responses provided by a large sample (N = 5716 employees nested within 50 work units) of Canadian Armed Forces/Department of National Defence personnel. The results supported the idea that work environment effects on the outcomes considered in this study were mediated by psychological need satisfaction at the individual and work unit levels and demonstrated that these associations were driven by global work environment perceptions and global need satisfaction. Furthermore, need satisfaction was found to create a context, at the work unit level, leading employees working in units including more highly satisfied co-workers to present higher levels of turnover intentions but lower levels of work-to-family conflict than would be expected based on their individual levels of need satisfaction. © 2023 Elsevier B.V., All rights reserved.","Centering; Climate; Context; Doubly Latent; Job Demands And Resources; Latent Aggregation; Multilevel Measurement; Multilevel Mediation; Need Satisfaction; Psychological Distress; Turnover Intentions; Work-to-family Conflict"
"What we are pushed to do versus what we want to do: Comparing the unique effects of citizenship pressure and actual citizenship behavior on fatigue and family behaviors","2023","Journal of Vocational Behavior","10.1016/j.jvb.2023.103845","https://www.scopus.com/inward/record.uri?eid=2-s2.0-85146582046&doi=10.1016%2Fj.jvb.2023.103845&partnerID=40&md5=8a11589e52e8d843ccd168eab221c89d","Past research has distinguished between organizational citizenship behaviors (OCBs), which refer to willful extra-role behaviors, and citizenship pressure – the perceived pressure to engage in these behaviors. Although citizenship pressure can be seen as a precursor to OCBs, it is also considered a stressing demand (and evidence for the association between these two citizenship constructs is mixed); thus, in the current research we examine citizenship pressure and OCB as independent constructs and compare their effects on relevant outcomes. Drawing on the Model of Human Energy (Quinn, Spreitzer, & Lam, 2012) as our overarching framework for this research, we hypothesize that both daily citizenship pressure and OCB lead to greater fatigue – an indicator of perceptions of resource threat or depletion – and that these relationships will be moderated by sleep quality that the employees had the night before. We further predict that fatigue will have negative effects on spouses' reports regarding employees' engagement in social activities with them in the evening, and that this relationship will be moderated by spousal recovery support provision. We test our hypotheses in a sample of professionals using Experience Sampling Methodology. Findings and implications, as well as directions for future research, are discussed. © 2023 Elsevier B.V., All rights reserved.","Citizenship Pressure; Conservation Of Resources Theory; Organizational Citizenship Behaviors"
"Lean on me: A daily-diary study of the effects of receiving help in coworking spaces","2023","Journal of Vocational Behavior","10.1016/j.jvb.2023.103841","https://www.scopus.com/inward/record.uri?eid=2-s2.0-85146563910&doi=10.1016%2Fj.jvb.2023.103841&partnerID=40&md5=3f79fd13b5cdfcda960b2b00fcbf34ef","Although receiving help is largely viewed as a positive gesture, we argue that some people may interpret being helped differently depending on their self-views. We focus on help received while working in the novel context of coworking spaces. Coworking space members differ from traditional coworkers in that they are not structurally linked to each other and may even work in a different industry, thus eliminating the competitive and political trappings of normal workplace help exchanges. Employing a daily-diary methodology and applying affective events theory (AET), we confirm that being helped via the provision of feedback, problem solving, emotional support, and network connections results in both daily- and person-levels of vigor. Person-level vigor, in turn, impacts the creativity and coworking space departure intentions of the worker one month later. We further predict and find, consistent with self-verification theory, that participants with higher self-esteem experience more vigor resulting from receiving help from others as compared to those experiencing lower self-esteem. Collectively, these findings suggest that some people may benefit from working in these new work contexts more than others. © 2023 Elsevier B.V., All rights reserved.","Affective Events Theory; Coworking Spaces; Creativity; Helping Behavior; Intentions To Quit; Vigor"
"Will there always be a return on investment? The effects of investment in employee development on employee entrepreneurship","2023","Journal of Vocational Behavior","10.1016/j.jvb.2023.103843","https://www.scopus.com/inward/record.uri?eid=2-s2.0-85146182109&doi=10.1016%2Fj.jvb.2023.103843&partnerID=40&md5=d4a5eabed9b267b612c3547e036bf15c","This study offers a theoretical model of how and when investment in employee development affects employee entrepreneurship. Drawing from the creativity theory of knowledge spillover entrepreneurship, we examined whether employee creativity mediates the relationship between investment in employee development and employee entrepreneurship. We also examined the moderating effects of the institutional environment for entrepreneurship and the corporate entrepreneurial environment on this mediated relationship. Two time-lagged studies were conducted in China to test our hypotheses. Study 1 involved 219 full-time employees from five high-technology companies, and the results showed that investment in employee development was positively associated with employee entrepreneurship through employee creativity. Study 2 replicated this mediation finding with 289 full-time employees from organizations in a variety of industries. The results also showed the moderated mediation effects of investment in employee development on employee entrepreneurship via employee creativity, which was contingent on the institutional environment for entrepreneurship and the corporate entrepreneurial environment. We discuss the theoretical and practical implications of these results for investment in employee development and employee entrepreneurship. © 2023 Elsevier B.V., All rights reserved.","China; Corporate Entrepreneurial Environment; Employee Creativity; Employee Entrepreneurship; Institutional Environment For Entrepreneurship; Investment In Employee Development"
"Revisiting the bottleneck hypothesis: The role of sexual identity development in the career exploration and decision-making of sexual minority college students","2023","Journal of Vocational Behavior","10.1016/j.jvb.2022.103838","https://www.scopus.com/inward/record.uri?eid=2-s2.0-85146084880&doi=10.1016%2Fj.jvb.2022.103838&partnerID=40&md5=1b4ee731d729164967cb70fc47cc48ba","Hetherington's (1991) “bottleneck hypothesis”, which maintains that the process of sexual identity development can hamper the career development of sexual minority college students, has received periodic study. We revisited this hypothesis using the social cognitive model of career self-management (CSM; Lent & Brown, 2013) as a theoretical framework. An online survey of 225 sexual minority and 287 heterosexual college students did not reveal a robust between-group bottleneck effect. For example, no significant mean level differences were observed between the two groups in career decision-making process and outcome variables, such as career decision-making anxiety and level of career decidedness. In addition, a CSM-based path model of career decision-making was found to be invariant across the two student groups. However, a few noteworthy within-group patterns were observed. For example, a cluster analysis suggested the presence of two sexual minority sub-groups who differed regarding level of outness and difficulties negotiating their sexual identity. The more identity-integrated cluster reported less decisional anxiety and greater decidedness than their less identity-integrated peers. Indicators of identity conflict and level of disclosure were also linked to perceived support and goals for future career exploration. The pattern of findings suggests that sexual minority identity development in college does not represent a monolithic bottleneck to career development. However, a more nuanced bottleneck effect in career decision-making may be linked to students' intrapersonal and social comfort in negotiating their sexual minority identity. Implications for the bottleneck hypothesis and further research on sexual minority students' career exploration and decision-making are discussed. © 2023 Elsevier B.V., All rights reserved.","Career Self-management Model; College Students; Lgbtq; Sexual Identity Development; Social Cognitive Career Theory"
"A qualitative exploration of managerial mothers' flexible careers: The role of multiple contexts","2023","Journal of Vocational Behavior","10.1016/j.jvb.2022.103840","https://www.scopus.com/inward/record.uri?eid=2-s2.0-85146078896&doi=10.1016%2Fj.jvb.2022.103840&partnerID=40&md5=e1deeee9f82a3b10018b30fd5a27cfde","This study explores the lived career experiences of women managers with children in Sweden. Drawing on existing theory on flexible careers which proposes that multiple contexts – institutional, organizational and individual - shape employees' career decisions, we present findings from a study of 34 career mothers in dual-income households within a large engineering company in Sweden. We show that the institutional context in Sweden, with its shared parental leave, is an important element in the women's career decisions by directly mandating the fathers' engagement with childcare and home roles and indirectly fostering a family-supportive organizational culture. We theorize that the family context needs to be incorporated into existing theoretical models and specifically demonstrate how continuing shared childcare roles between the parents is critical to mothers' career outcomes. We evidence the various ways in which fathers engage with home responsibilities and how that influences the mothers' career decisions. Furthermore, we argue that the institutional environment has consequences which cascade down to each of the other contextual levels and that the importance of the different contexts can vary according to the work-care regime. We therefore challenge recent research which claims that the industry ecosystem is the crucial force in shaping women's careers. © 2023 Elsevier B.V., All rights reserved.","Family Context; Flexible Careers; Industry Ecosystem; Institutional Environment; Organizational Dynamics; Women Managers"
"A meta-analysis of the relations between parental support and children's career self-efficacy in South Korea and the US","2023","Journal of Vocational Behavior","10.1016/j.jvb.2022.103839","https://www.scopus.com/inward/record.uri?eid=2-s2.0-85146070284&doi=10.1016%2Fj.jvb.2022.103839&partnerID=40&md5=1c997065c5c6a2d75641da791bd3a75d","South Korean vocational psychologists have studied the impact of parental support on children's career self-efficacy using theories validated in the US. However, there is little research examining whether theories developed in the US can be applied to South Korean population. As the cultural context is a critical factor that can shape the associations between parental support and children's career self-efficacy, we address this limitation through meta-analytic review. We located 2615 effect sizes from 147 South Korean studies, and 388 effect sizes from 54 US studies. By synthesizing and comparing these results, we found general support for our hypotheses. The relations between parental support and career self-efficacy were significant in both nations, from elementary through post-secondary students. In particular, the relations were stronger in South Korea for high school and post-secondary participants. Next, specific parental support behavior of emotional support and communicational support were found to have particularly strong impacts for South Korean participants. Financial support also showed a strong impact on career self-efficacy for South Korean participants, contrasting with the US participants. Finally, the relations between parental support and career self-efficacy declined across grade levels in both nations. This decline began during post-secondary education for South Korean sample, whereas it began during high school for the US sample. These findings suggest that there are culturally specific details necessary for understanding parental support and career self-efficacy in South Korea. © 2023 Elsevier B.V., All rights reserved.","Career Self-efficacy; Cross-cultural; Meta-analysis; Parental Support; South Korea"
"Dynamics of parent-adolescent interactions during a discussion on career choice: The role of parental behaviors and emotions","2023","Journal of Vocational Behavior","10.1016/j.jvb.2022.103837","https://www.scopus.com/inward/record.uri?eid=2-s2.0-85145238240&doi=10.1016%2Fj.jvb.2022.103837&partnerID=40&md5=2ec6531cd6fbc1d7d03bbcc48547e67b","This study examined parental behaviors (autonomy support, control) toward their adolescent child as well as parents' and adolescents' positive and negative emotions experienced during parent-adolescent discussions on vocational decision-making. Research showed that repeated daily interactions provide the seeds to stable interactional patterns. Exploring short-term interactions allows to understand the process of behavioral and emotional change that takes place during discussions. Thus, a first goal was to identify and describe parental behaviors and emotions manifested by parents and adolescents during this discussion. Second, using a multilevel modeling approach, dynamic structural equation modeling (DSEM), simultaneous associations between parental behaviors and emotions were examined. The third goal was to examine the extent to which parental behaviors and parents' and adolescents' emotions predicted each other during this discussion. Parent-adolescent dyads (N = 42) participated in a discussion task on the adolescent's career choice, where parental behaviors were rated by observers, and emotions were detected with a facial expression recognition software. Results showed that parental autonomy is beneficial for adolescents in the short term (reduction of negative emotions). Also, the results showed that adolescents' emotions influence parental behaviors, suggesting that adolescents play an active role in the co-construction of their vocational project by leading the parent to adopt specific behaviors during the discussion. Finally, the emotions of parents and adolescents were dynamically interrelated, which indicates emotional contagion. These findings highlight the necessity to consider momentary parental behaviors and emotions to better understand parental contributions in vocational development. © 2022 Elsevier B.V., All rights reserved.","Adolescents; Emotions; Observation; Parental Behaviors; Vocational Development"
"A trickle-out model of organizational dehumanization and displaced aggression","2023","Journal of Vocational Behavior","10.1016/j.jvb.2022.103826","https://www.scopus.com/inward/record.uri?eid=2-s2.0-85144527450&doi=10.1016%2Fj.jvb.2022.103826&partnerID=40&md5=1b216464374cebe836349ad81968c8e2","In this paper, we integrate displaced aggression theory with organizational dehumanization research to examine the trickle-out effects of organizational dehumanization. Specifically, we argue that supervisors who feel dehumanized by their organization will displace their aggression toward their subordinates by engaging in supervisor undermining behaviors. Undermined subordinates, in turn, will displace their own aggression toward their family members through family undermining behaviors, ultimately impairing the latter's relationship satisfaction and perceptions of emotional support. Furthermore, these mediated relationships are exacerbated when supervisors' fear of retaliation from the organization is high. We tested the research model in two independent studies using multi-source data: (1) a four-wave investigation of 184 full-time employees along with their spouses and supervisors (Study 1) and (2) 175 supervisor-subordinate-family member triads (Study 2). Results of Study 1 suggested that supervisors' perceptions of organizational dehumanization were associated with subordinates' perceptions of supervisor undermining. This, in turn, was associated with spouse-reported undermining behaviors and ultimately spouse-reported relationship satisfaction. In Study 2, we went one step further and showed that supervisors' perceptions of organizational dehumanization were serially related to family outcomes (i.e., relationship satisfaction and perceptions of emotional support) via subordinates' perceptions of supervisor undermining and family members' reports of family undermining. Further, high fear of retaliation strengthened these mediated relationships. Theoretical and practical implications are discussed. © 2022 Elsevier B.V., All rights reserved.","Decent Work; Displaced Aggression; Fear Of Retaliation; Instrumental Variable; Organizational Dehumanization; Social Undermining; Trickle Effects"
"Career counseling for college students: Assessment of an online and group intervention","2023","Journal of Vocational Behavior","10.1016/j.jvb.2022.103820","https://www.scopus.com/inward/record.uri?eid=2-s2.0-85145575016&doi=10.1016%2Fj.jvb.2022.103820&partnerID=40&md5=f251d6f43a1daee8c14be62dc4d5ce80","There has been a growing demand for evidence-based interventions to help students prepare for the transition between university and the world of work. The aim of this study was to investigate the effects of a career counseling intervention, in groups and online, on the career adaptability resources and perceptions of professional development and employability of college students in the final stage of their undergraduate courses. The study was based on career construction theory and the theoretical model for professional development of college students. As a preliminary activity, the intervention was performed with a pilot group (n = 20), followed by the actual experiment with an IG (n = 14) and an N-TG (n = 14). Based on a detailed protocol, the intervention was applied for three months, with six weekly sessions and a follow-up session one month after the end of the intervention. Between the sessions, the participants were expected to accomplish directed tasks. Two observers were part of the experiment and elaborated reports of each session. The Linear Mixed Regression Model (LMM) and the Jacobson and Truax (JT) Method were used to evaluate the effectiveness of the intervention, comparing each participant with themself before and after the intervention. The results show that career counseling with graduating college students expands their career adaptability resources, and their perceptions of professional development and employability. The no-treatment group did not present an increase in the score's dimensions over time. Therefore, based on the study, career counseling interventions can be recommended for college students to promote proactive action to anticipate barriers and increase awareness of possibilities and work interests among participants. © 2023 Elsevier B.V., All rights reserved.","Career Adaptability; Career Counseling; Career Interventions; Employability; Professional Development"
"In need of opportunities: A within-person investigation of opposing pathways in the relationship between job insecurity and participation in development activities","2023","Journal of Vocational Behavior","10.1016/j.jvb.2022.103825","https://www.scopus.com/inward/record.uri?eid=2-s2.0-85144068209&doi=10.1016%2Fj.jvb.2022.103825&partnerID=40&md5=6e8fc89791f89bba568d63b24d29e1a6","Improving one's work-related skills may be particularly valuable for workers coping with jobs at risk. The present study investigates the effect of job insecurity on participation in formal development activities and examines the antagonistic roles of need for development and availability of learning opportunities in this relationship. We used data from the Dutch Longitudinal Internet Studies for the Social Sciences panel (LISS-panel) of 3744 employees who were followed over an eight-year period. This study applied random-intercept cross-lagged panel modeling to examine long-term within-individual changes. Results indicated that increases in job insecurity were related to increases in the need for development and decreases in learning opportunities. No significant relationships were found between changes in the need to improve one's skills and changes in participation in formal development, and between changes in learning opportunities and changes in participation in formal development. Our results suggest a duality: while individuals coping with increases in job insecurity experience increases in their need for learning opportunities, they experience decreases in the likelihood of receiving these opportunities. We also found a direct effect from job insecurity on participation, in which increases in job insecurity were related to decreases in participation in development activities. These findings showcase the long-term consequences of job insecurity on employee development. © 2022 Elsevier B.V., All rights reserved.","Employee Development; Learning Opportunities; Need For Development; Quantitative Job Insecurity; Random-intercept Cross-lagged Panel Model (ri-clpm)"
"Why and when proactive helping does not lead to future help: The roles of psychological need satisfaction and interpersonal competence","2023","Journal of Vocational Behavior","10.1016/j.jvb.2022.103824","https://www.scopus.com/inward/record.uri?eid=2-s2.0-85144046976&doi=10.1016%2Fj.jvb.2022.103824&partnerID=40&md5=7279e071e31f45b0cf1934ba5af8b13c","Although the benefits of proactive helping (i.e., providing help without being asked) are recognized in the organizations, employees who proactively help others may not always engage in proactive helping in the future. To address this issue, we employed self-determination theory to explain why and when proactive helping promotes or inhibits subsequent proactive helping. Employing an experience sampling method, we collected data from 199 full-time employees and received 1483 daily responses (twice a day, across 10 days). We found that daily proactive helping is positively related to autonomy need satisfaction, while unrelated to competence and relatedness needs satisfaction. Moreover, when employees are high in perceived interpersonal competence, their proactive helping increases their autonomy, competence, and relatedness needs satisfaction. Finally, employees' daily proactive helping positively predicts subsequent proactive helping via enhanced senses of autonomy/competence and intrinsic motivation (next-day work engagement) when employees have great interpersonal competence. © 2022 Elsevier B.V., All rights reserved.","Interpersonal Competence; Proactive Helping; Psychological Need Satisfaction; Work Engagement"
"The double-edged sword of job insecurity: When and why job insecurity promotes versus inhibits supervisor-rated performance","2023","Journal of Vocational Behavior","10.1016/j.jvb.2022.103823","https://www.scopus.com/inward/record.uri?eid=2-s2.0-85143645964&doi=10.1016%2Fj.jvb.2022.103823&partnerID=40&md5=43652508bb8bbfc30dfce7c208fb55fe","Research findings on the effects of job insecurity on performance are mixed. Some studies show a negative relationship between job insecurity and performance; while others indicate a positive association, a curvilinear or a null relationship. We suggest that the relation between employees' subjective job insecurity and supervisor-rated performance is more complex than previously assumed. Based on stress appraisal theory, this study investigates when and why job insecurity is associated with supervisor-rated performance via two different pathways. Specifically, we propose that these two mechanisms (i.e., impression management and workplace deviance) are contingent on the dyadic leader-member exchange (LMX) between the subordinate and his/her supervisor. In a three-wave survey using data collected from 314 subordinates and their 69 supervisors in China, we found the paradoxical relations between job insecurity and supervisor-rated performance at different levels of LMX. Specifically, on the one hand, job insecurity was positively related to supervisor-rated performance via impression management when LMX was high; on the other hand, job insecurity was negatively related to supervisor-rated performance via workplace deviance when LMX was low. Finally, the theoretical and managerial implications are discussed. © 2022 Elsevier B.V., All rights reserved.","Impression Management; Job Insecurity; Leader-member Exchange; Supervisor-rated Performance; Workplace Deviance"
"CSR is not a panacea: The influence of CSR on disgust and turnover intention","2023","Journal of Vocational Behavior","10.1016/j.jvb.2022.103821","https://www.scopus.com/inward/record.uri?eid=2-s2.0-85142686581&doi=10.1016%2Fj.jvb.2022.103821&partnerID=40&md5=5781a2c82c2dfec84430f16327b7ca02","Corporate social responsibility (CSR) is predominantly demonstrated as a panacea for employees. However, this study attempts to challenge common sense and focuses on the conditions under which CSR is related to disgust, subsequently resulting in employee turnover intentions. Drawing on the appraisal theory of disgust, we develop a conditional indirect effects model and propose that employee Machiavellianism and supervisor bottom-line mentality weaken the negative impact of CSR on turnover intention through disgust due to appraisals of violation to moral values. General support for the theoretical model is obtained from three studies, a scenario-based experiment, a laboratory experiment with facial expression analysis technology, and a multi-wave field study. Findings extend relevant literature and provide theoretical evidence for CSR practice. © 2022 Elsevier B.V., All rights reserved.","Corporate Social Responsibility (csr); Disgust; Employee Machiavellianism; Supervisor Bottom-line Mentality (blm); Turnover Intention"
"Dynamic and cyclic relationships between employees' intrinsic and extrinsic motivation: Evidence from dynamic multilevel modeling analysis","2023","Journal of Vocational Behavior","10.1016/j.jvb.2022.103813","https://www.scopus.com/inward/record.uri?eid=2-s2.0-85142320767&doi=10.1016%2Fj.jvb.2022.103813&partnerID=40&md5=2b9fca60e00938cbd6651b14e6aad548","Intrinsic motivation (IM) and controlled extrinsic motivation (EM) have been widely studied by psychologists; however, most studies concern only static associations: Research on the dynamic relationship between employee motivation and the potential weekend effect is limited. Dynamic structural equation modeling (DSEM), a novel time-series approach, was used to assess the daily dynamic and cyclic relationship between the two types of motivation. Derived from the Team Events and Motivation Study, data involved 238 employees (51 females) and a total of 11,470 daily questionnaires. Results supported the positive relationship between IM and controlled EM at the trait level and showed low or moderate carryover from one workday to the next. An increase in controlled EM was linked to higher IM on the next workday; furthermore, weekly cycles emerged in which employees showed lower motivation on Monday. The autoregressive effects of IM and controlled EM were greater from Friday to Monday than during other periods; in addition, bidirectional cross-lagged effects were negative after considering weekends. Findings highlight the complexity of the motivation process and the importance of understanding employee motivation from a dynamic perspective. © 2022 Elsevier B.V., All rights reserved.","Bidirectional And Cyclic Association; Controlled Extrinsic Motivation; Dynamic Multilevel Modeling; Dynamic Structural Equation Modeling; Intrinsic Motivation"
"Do calling-oriented employees take charge in organizations? The role of supervisor close monitoring, intrinsic motivation, and organizational commitment","2023","Journal of Vocational Behavior","10.1016/j.jvb.2022.103812","https://www.scopus.com/inward/record.uri?eid=2-s2.0-85142150481&doi=10.1016%2Fj.jvb.2022.103812&partnerID=40&md5=458b6f673c83af18f74769d702a3a149","Despite a surge in the research on callings, the field of callings requires a better understanding of the workplace implications of callings for employee outcomes. In particular, one important question remains open as to whether calling-oriented employees are willing to engage in proactive, taking charge behaviors to initiate desirable changes in the workplace. Addressing this question is of great importance, as taking charge behaviors are essential to incorporate organizational effectiveness into the current rapidly changing business environment. To explore this question, we draw on a novel theoretical lens of the proactive motivation framework to explicate the functioning of employee calling in that space. Specifically, we propose callings as a distal antecedent of taking charge, while theorizing intrinsic motivation and affective organizational commitment as two distinct motivation bases that link callings to taking charge. Further, we examine supervisor close monitoring as a crucial contingency of these relationships. Our analyses of time-lagged survey data from 188 supervisor-employee dyads revealed that intrinsic motivation and affective commitment connect the relationship between callings and taking charge with a comparable magnitude. Interestingly, our analysis demonstrated that close monitoring weakens the calling-intrinsic motivation relationship but not the calling-affective commitment relationship. Our study deepens the current understanding of the workplace implications of callings by suggesting that calling-oriented employees can serve as proactive change agents in the workplace and by suggesting that, despite being self-directed, their motivation and behaviors are still vulnerable to adverse supervisory influence. © 2022 Elsevier B.V., All rights reserved.","Calling; Intrinsic Motivation; Organizational Commitment; Supervisor Close Monitoring; Taking Charge"
"The dark and bright side of networking behavior: Three studies on short-term processes of networking behavior","2023","Journal of Vocational Behavior","10.1016/j.jvb.2022.103811","https://www.scopus.com/inward/record.uri?eid=2-s2.0-85141952048&doi=10.1016%2Fj.jvb.2022.103811&partnerID=40&md5=3459de346d6ff62b66f341462d886882","While the literature generally shows that networking behavior leads to long-term outcomes, such as career success, scholars have recently lamented our lack of knowledge on short-term mechanisms and processes of networking (Wanberg et al., 2020). This paper adopts this call and focuses on how people experience networking and its immediate, short-term consequences. We build upon conservation of resources theory to develop and test a model of networking behavior and its immediate costs and benefits. Drawing from data of two experimental laboratory studies and a field study of networking events, we find that networking behavior simultaneously depletes cognitive resources (self-control) and generates affective resources (positive affect). We also show that impression management mediates the relationship between networking behavior and self-control depletion, whereas extraversion serves as a buffer, such that introverts experience higher self-control depletion from networking. We conclude that immediate experiences from networking have both a bright and a dark side, leaving people ‘happy, but depleted’ and contribute to a more balanced discussion of networking behavior among scholars and practitioners. © 2022 Elsevier B.V., All rights reserved.","Conservation Of Resources Theory; Networking Behavior; Positive Affect; Self-control Depletion"
"Career transitions and career success from a lifespan developmental perspective: A 15-year longitudinal study","2023","Journal of Vocational Behavior","10.1016/j.jvb.2022.103809","https://www.scopus.com/inward/record.uri?eid=2-s2.0-85141950894&doi=10.1016%2Fj.jvb.2022.103809&partnerID=40&md5=1d1c2a40712e0f0905fcd24d5bbc8d52","We draw on the conservation of resources theory to examine how upward and horizontal career transitions contribute to both objective and subjective career success among a longitudinal sample, covering the first 10 to 15 years of their career. Further, we adopt socioemotional-selective theory to investigate how upward and horizontal career transitions contribute differently to career success from a lifespan perspective. Latent growth curve analysis revealed that increases in upward and horizontal career transitions over time were positively related to increases in objective career success and positively related to subjective career success. As expected, the positive effect of horizontal transitions on objective career success was stronger for younger individuals. Contrary to our expectations, upward transitions had a stronger effect on the objective career success of older individuals. We found no age effects on subjective career success. This study helps to further our understanding of how different types of career movements contribute to career success, and the types of transitions that are important for individuals of different ages. © 2022 Elsevier B.V., All rights reserved.","Age; Career Transitions; Lifespan Development; Objective Career Success; Subjective Career Success"
"Testing the career adaptability model with senior high school students in Hong Kong","2022","Journal of Vocational Behavior","10.1016/j.jvb.2022.103808","https://www.scopus.com/inward/record.uri?eid=2-s2.0-85141957649&doi=10.1016%2Fj.jvb.2022.103808&partnerID=40&md5=a1b8f0fd33311f5a4d286b98279cb80e","This study examined the career adaptability model of the career construction theory (CCT, Savickas, 2021) using data collected from two time points and measures that covered the inter-related domains of career and life planning. Participants were high school students (470 women and 338 men) from 14 secondary schools in Hong Kong. Students completed the adaptive readiness (interests and competence flexibility) and adaptability resources (Career Adapt-Ability Scale, CAAS) measures in their sophomore or junior year of study (Time 1), and the adapting responses (life-skills competencies) and adaptation results (presence of life purposes, career decision-making difficulties) measures at the end of their senior year (Time 2). Findings from SEMs suggested a good fit of the data with the career adaptability model. Interest and competence flexibility, adaptability resources from Time 1 contributed directly and indirectly to the prediction of life-skills competencies, the presence of life meaning, and decision-making preparedness in Time 2 as hypothesized. Interest and competence flexibility were instrumental in activating adaptability resources and maintaining movement through transitions, and the CAAS and life skill measures were mediating variables in the adaptability process. The SEM using the CAAS dimensions revealed that the concern and the confidence subscales were involved in the sequence of direct and indirect effects. Results demonstrated that the adaptability model could be used to understand the transition experience of high school students who were facing rapid social changes. Conceptual, practice, and research implications were discussed. © 2022 Elsevier B.V., All rights reserved.","Career Adaptability Model; Career Assessment; Career Construction Theory; Life Skills; Meaning In Life"
"When and why does competitive psychological climate affect employee engagement and burnout?","2022","Journal of Vocational Behavior","10.1016/j.jvb.2022.103810","https://www.scopus.com/inward/record.uri?eid=2-s2.0-85141761610&doi=10.1016%2Fj.jvb.2022.103810&partnerID=40&md5=c57fd16070a118c8fb19360b65306ea8","Managers and scholars now more than ever recognize the importance of emphasizing and urging improved performance among employees. Extant literature and prior work highlight that perceived interpersonal competition in the workplace is influential in determining employees' career outcomes by shaping their job or career development experience (i.e., more or less engagement and burnout at work). However, our current understanding of when and why competitive psychological climate contributes to more or less engagement and burnout at work is limited, particularly from a work-specific, behavioral regulation perspective. Drawing on conservation of resources (COR) theory, and using multisource data collected from 306 employees and 37 supervisors in the retail bank sector, our results show that competitive psychological climate, when supported by contingent reward, facilitates exploratory learning, which in turn leads to more engagement and less burnout at work. In contrast, when aligned with contingent punishment, competitive psychological climate promotes exploitative learning, which in turn contributes to more burnout at work. Our work contributes to vocational theory and practice by specifying the work-specific conditions in which and behavioral processes through which employees respond positively and negatively to competitive psychological climate. Our findings provide managers with novel insights into their influential roles in facilitating the specific type of work behaviors employees adopt in response to competitive psychological climate, and how they subsequently feel at work. © 2022 Elsevier B.V., All rights reserved.","Career Development Experience; Competitive Psychological Climate; Conservation Of Resources Theory; Contingent Leader Behaviors; Job Burnout; Job Engagement"
"Bored or burning out? Reciprocal effects between job stressors, boredom and burnout","2022","Journal of Vocational Behavior","10.1016/j.jvb.2022.103807","https://www.scopus.com/inward/record.uri?eid=2-s2.0-85141452432&doi=10.1016%2Fj.jvb.2022.103807&partnerID=40&md5=88ba7394b8e076647905b01d8d483e41","Boredom and burnout are suggested to develop from opposite conditions: Whereas boredom is associated with low job stressors, burnout is driven by high job stressors. However, little empirical research exists on the relations between different types of stressors and boredom at work vis-à-vis burnout. Moreover, the direction of these relations has not been previously examined. Drawing from control – value theory and the challenge – hindrance stressor framework we used two-wave panel data from 1730 employees to examine cross-lagged relations between two types of job stressors (i.e., workload and red-tape), boredom and burnout. Results of structural equation modelling revealed that both workload and red-tape positively predicted burnout, while only red-tape positively predicted job boredom over the follow-up period. Furthermore, we found that while burnout positively predicted both perceived workload and red-tape, boredom negatively predicted both types of stressors. We also found a positive reciprocal relation between boredom at work and burnout. These results imply that boredom and burnout may have partly distinct antecedents and outcomes, but they may also fuel each other in a way that requires further research. Implications for practice are discussed. © 2022 Elsevier B.V., All rights reserved.","Boredom At Work; Burnout; Job Stressors; Structural Equation Modelling"
"Organizational mobility preferences and organizational career environments: A person-organization fit perspective","2022","Journal of Vocational Behavior","10.1016/j.jvb.2022.103806","https://www.scopus.com/inward/record.uri?eid=2-s2.0-85141263050&doi=10.1016%2Fj.jvb.2022.103806&partnerID=40&md5=2fb96dfdfa501c879ddb5a649c948bcd","Research examining workers' contemporary career (CC) attitudes indicates that they are broadly associated with desirable outcomes. The one exception is organizational mobility preferences (OMP), which generally produce mixed findings. Scholars suggest this may be due to a lack of alignment with the individual's context, but little is known about how contextual factors, such as the career environment provided by organizations, influence outcomes of OMP or why. Therefore, in this study we draw on theories of person-organization fit to explore how organizational career environments (OCEs) influence outcomes of OMP during recruitment. We propose that organizations can signal whether they provide more traditional or contemporary career paths through recruitment advertisements. We then hypothesize that job seekers with stronger OMP will perceive greater fit (i.e., similarity and complementary fit) and organizational attractiveness when presented with more contemporary OCE recruitment advertisements, as opposed to more traditional OCE recruitment advertisements. Across two studies, we find support for our hypotheses as well as provide insight into how complementary fit is playing an increasingly influential role for workers in a more mobile labor market. Our findings contribute to careers and person-organization fit literatures and provide practical recommendations for attracting mobile talent. © 2022 Elsevier B.V., All rights reserved.","Career Environment; Complementary Fit; Organizational Mobility Preference; Person-organization Fit; Similarity Fit"
"Work placement learning and students' readiness for school-to-work transition: Do perceived employability and faculty supervisor support matter?","2022","Journal of Vocational Behavior","10.1016/j.jvb.2022.103805","https://www.scopus.com/inward/record.uri?eid=2-s2.0-85140910557&doi=10.1016%2Fj.jvb.2022.103805&partnerID=40&md5=797b39e3899bd3ba8090a1b4b0cc2e4d","This study relies upon the social cognitive career theory-model of career self-management to examine how and whether work placement learning might influence students' readiness for school-to-work transition. Also, it examines multiple mediation effects of self-efficacy, outcome expectations and perceived employability, and conditional direct and indirect effects of faculty supervisor support. Using data collected from 291 undergraduate students undertaking work placement learning in 109 industries/firms at three-time points with a two-month time lag, this study tests a theory-driven model of work placement learning, self-efficacy, outcome expectations, perceived employability, faculty supervisor support and readiness for school-to-work transition. The cross-lagged panel analyses revealed a positive link between work placement learning and readiness for school-to-work transition. Self-efficacy, outcome expectations and perceived employability mediated the relationship. It was found that faculty supervisor support moderated the direct and indirect effects of work placement learning on readiness for school-to-work transition via self-efficacy and outcome expectations. © 2022 Elsevier B.V., All rights reserved.","Faculty Supervisor Support; Outcome Expectations; Perceived Employability; School-to-work Transition; Self-efficacy; Work Placement Learning"
"Tough times at the top: Occupational status predicts changes in job satisfaction in times of crisis","2022","Journal of Vocational Behavior","10.1016/j.jvb.2022.103804","https://www.scopus.com/inward/record.uri?eid=2-s2.0-85140764063&doi=10.1016%2Fj.jvb.2022.103804&partnerID=40&md5=0be5cbef5739263b33acab2473fd7b70","How do individuals with a higher versus lower occupational status experience major, unexpected changes to their work life? The COVID-19 pandemic has disrupted most areas of work life and, thus, provides a unique opportunity to examine changes in work attitudes in response to a worldwide crisis. We predict that individuals with higher, but not with lower occupational status showed a decline in job satisfaction during the early stages of the COVID-19 pandemic in Germany (1st lockdown; March to May 2020), with subsequent recovery to initial job satisfaction levels. Based on role theory and social-psychological theories of hierarchical differentiation, we argue that, due to the profound work-related changes, individuals with higher (vs. lower) occupational status are more negatively affected in realizing their work goals and, thus, experience decreasing levels of job satisfaction. To test these predictions, we investigated trajectories of job satisfaction between December 2019 and August 2020 (7 measurement waves; N = 1583). Results of piece-wise growth curve models showed that individuals with higher occupational status showed a steeper decline in job satisfaction (followed by recovery) over time, whereas individuals with medium and lower occupational status did not experience a significant change in job satisfaction. In addition, we show that the decline in job satisfaction is moderated by perceived constraints at work associated with the pandemic among individuals with higher occupational status. Overall, these findings contribute to our understanding of the link between occupational status and job satisfaction in times of crisis. © 2022 Elsevier B.V., All rights reserved.","Constraints; Covid-19; Hierarchy; Job Satisfaction; Occupational Status; Subjective Well-being"
"Management of fortuity: Workplace chance events and the career projections of up-or-out professionals","2022","Journal of Vocational Behavior","10.1016/j.jvb.2022.103791","https://www.scopus.com/inward/record.uri?eid=2-s2.0-85140752267&doi=10.1016%2Fj.jvb.2022.103791&partnerID=40&md5=93d104da84879f0b1c6767d58dc9a4e5","How much control do people have over their career? We explore this question in the context of professional service firms, long thought of as providing predictable, agentic careers in the up-or-out model. Specifically, we seek to understand how chance events in immediate work circumstances are experienced in this context, and the responses they elicit in terms of career construction. Drawing on in-depth interviews with 68 pre-partnership professionals from three large professional firms using the up-or-out promotion system, we find that chance developments in proximate work conditions, especially with respect to key relationships and project allocation, shape the possibilities that professionals see for their careers going forward and the actions they take in response. Even in this seemingly predictable career, being continuously attuned to fortuitous turns of events informs how people enact career agency. It also prompts a heightened awareness of the fragile nature of the up-or-out career path, triggering a gradual reconsideration of career possibilities that includes career confirmation, ambivalence, pivot, and fading. Our study contributes to better understanding the interdependence between context and agency in contemporary careers, highlighting the widespread and consequential role of proximate chance events in people's career construction process. © 2022 Elsevier B.V., All rights reserved.","Agency; Careers; Chance Events; Professional Service Firms; Structure; Up-or-out"
"Reconsider what your MBA negotiation course taught you: The possible adverse effects of high salary requests","2022","Journal of Vocational Behavior","10.1016/j.jvb.2022.103803","https://www.scopus.com/inward/record.uri?eid=2-s2.0-85139985409&doi=10.1016%2Fj.jvb.2022.103803&partnerID=40&md5=592cee1a2f0ee0abe5bc9a74827fed51","Four experiments and a pilot study (with online workers or HR specialists) explored the psychological and economic consequences of high (but not extreme) demands in salary negotiations. In Experiments 1 and 2, high demands resulted in a diminishing anchoring response function (ARF) - the increase from low requests to medium ones resulted in increased counteroffers, yet this plateaued when reaching high demands. Experiment 3 found no differences in the above effects when the candidate was a man vs. a woman. Additionally, in studies 1, 2, and 3 but not in Study 4, a negative relationship was found between initiators' (job candidates) demands and their counterparts' (recruiters) attitudinal response (defined as “Liking”). This effect mediated the relationship between demands and counteroffers. Finally, across studies, levels of liking were negatively related to hiring intentions. These findings suggest that other factors being equal, job candidates should consider making reasonable (as opposed to high) first offers, resulting in higher counteroffers (compared to a low first offer), but without a significant decrease in positive attitudes and hiring intentions. © 2025 Elsevier B.V., All rights reserved.","Anchoring; Extreme First Offers; First Offers; Liking; Negotiation; Salary Negotiation"
"The rise and fall of job insecurity during a pandemic: The role of habitual coping","2022","Journal of Vocational Behavior","10.1016/j.jvb.2022.103792","https://www.scopus.com/inward/record.uri?eid=2-s2.0-85139287092&doi=10.1016%2Fj.jvb.2022.103792&partnerID=40&md5=e3d840f32304d16ef3860879e104b6b0","Crises like the COVID-19 pandemic can trigger concerns about loss of employment and changes in work conditions, and thereby increase job insecurity. Yet, little is known about how perceived job insecurity subsequently unfolds over time and how individual differences in habitual coping moderate such a trajectory. Using longitudinal data from 899 US-based participants across 5 waves (March to June 2020), we investigated the trajectory of job insecurity during the COVID-19 pandemic and how this trajectory depended on habitual coping strategies such as planning, reappraisal, and distraction. Results from latent growth curve analysis indicated that, on average, job insecurity initially increased and then decreased after signing of the coronavirus stimulus bill, suggesting a pattern of shock followed by adjustment. During the shock phase, habitual use of distraction was related to less increases in job insecurity. Later during the adjustment phase, decreases in job insecurity were more pronounced for individuals with higher habitual use of planning, but were not affected by reappraisal or distraction. Hence, different coping strategies appear beneficial in different phases of adjustment, and the beneficial effect of planning may take time to manifest. Altogether, our study highlights how in the context of extraordinary and uncontrollable events, coping strategies can impact the trajectory of a stressor. © 2022 Elsevier B.V., All rights reserved.","Coping Strategies; Covid-19; Job Insecurity"
"The role of family social capital in school-to-work transitions of young adults in Germany","2022","Journal of Vocational Behavior","10.1016/j.jvb.2022.103790","https://www.scopus.com/inward/record.uri?eid=2-s2.0-85139013801&doi=10.1016%2Fj.jvb.2022.103790&partnerID=40&md5=ce0a94c61fadee2476cbab89369dcaaa","The school-to-work transition (STWT) represents a challenge for many young people in Germany today. Previous studies have particularly focused on the influence of adolescents' socio-demographic background as well as national institutions and transition regimes. However, qualitative studies have shown that in addition to these factors, adolescents' and young adults' social environment, especially their parental relationships, may also contribute to a more or less promising STWT. Despite these findings, such factors have so far only played a minor role in quantitative research on young people's STWT trajectories. Our aim is to explain STWTs through young people's social embeddedness, assuming that the difficult transition into working life is also shaped by the young people's family context. To achieve this objective, data on the first cohort (birth cohorts 1991–1993) of the German Family Panel (pairfam) are analysed. A sequence and cluster analysis were conducted on these data, which yielded seven transition patterns. In accordance with the structure of the German labour market, these patterns can be described as more linear transitions or non-standard transitions. Multinomial logistic regressions reveal that in addition to parental financial and human capital, indicators of the family's social capital (family structure, parent-child communication as well as emotional security) are decisive for a successful STWT. © 2022 Elsevier B.V., All rights reserved.","Family; Labour Market; School-to-work Transition; Social Capital; Youth"
"Adapting careers to the COVID crisis: The impact of the pandemic on employees' career orientations","2022","Journal of Vocational Behavior","10.1016/j.jvb.2022.103789","https://www.scopus.com/inward/record.uri?eid=2-s2.0-85138636307&doi=10.1016%2Fj.jvb.2022.103789&partnerID=40&md5=9e31cad1b127140ee773dbeb72149dd2","This paper draws on event system theory and the literatures on career orientations and career shocks to examine the impact of the COVID-19 pandemic on employees' career orientations. Factor analyses in three samples allow us to group seven career orientations into two dimensions: needs-based career orientations (those related to security, lifestyle, and health) and talent- and value-based career orientations (related to job content). We use a three-wave survey of Chinese employees to examine how these two broad orientations evolved in two time windows—one representing high, the other low event strength. We find that the two types of career orientations evolved in different ways during the pandemic: employees' needs-based career orientations were more salient during the COVID crisis than their talent- and value-based career orientations, and the salience of needs-based career orientations did not decrease as event strength abated. Employees' personal exposure to the crisis was positively related to the salience of their needs-based career orientations, but not to the salience of talent- and value-based career orientations. We also show that the salience of needs-based career orientations differed across employee groups: it was weaker among more experienced and successful employees (those higher in the managerial hierarchy and with steeper past pay increases). © 2022 Elsevier B.V., All rights reserved.","Career Orientations; Career Shocks; Careers; Covid-19"
"Which female makes it to the top? Exploring the gender differences in the role of nuanced personality and psychosocial traits in elite sports career progression","2022","Journal of Vocational Behavior","10.1016/j.jvb.2022.103767","https://www.scopus.com/inward/record.uri?eid=2-s2.0-85140717346&doi=10.1016%2Fj.jvb.2022.103767&partnerID=40&md5=daf203bfd52739cbdbef529295a8b805","Despite a solid foundation of women's career progression research, the role of personality and psychosocial characteristics in explaining objective career success is not yet fully understood. Today, two alternative perspectives on the role of gender and personality in career advancement prevail. On the one hand, the gender-invariant role demands perspective suggests that women in top level positions show agentic personality traits, whereas advocates of the changing roles perspective argue in the opposite direction, emphasizing the benefits of distinct communal traits. Analyzing career promotion data from 299 German athletes from different sports (53 % female), we investigated whether the role of personality, psychosocial, and cognitive characteristics in professional sporting career ascendency differ between genders in an environment where between-sex competition is absent. Our results indicate that, even in a situation without potential gender discrimination, the gender-invariant role demands perspective prevails as female athletes who made it to the highest rank do not display attributes different from their male peers, despite demonstrating higher core self-evaluation (CSES) scores, i.e., rather agentic traits like internal locus of control, self-esteem, and self-efficacy. Using survival analysis, we also find support for the gender-invariant role demands perspective in explaining the relative speed of male and female athletes' promotions to top positions. Additional analyses on team sports further assert the robustness of the results. We discuss the implications of our findings. © 2022 Elsevier B.V., All rights reserved.","Caas; Cses; Objective Career Success; Personality Traits; Promotion"
"The impact of gender-role-orientations on subjective career success: A multilevel study of 36 societies","2022","Journal of Vocational Behavior","10.1016/j.jvb.2022.103773","https://www.scopus.com/inward/record.uri?eid=2-s2.0-85138796147&doi=10.1016%2Fj.jvb.2022.103773&partnerID=40&md5=9eee53bcedb3d9e95703528f3069aa03","We investigate the relationships between gender-role-orientation (i.e., androgynous, masculine, feminine and undifferentiated) and subjective career success among business professionals from 36 societies. Drawing on the resource management perspective, we predict that androgynous individuals will report the highest subjective career success, followed by masculine, feminine, and undifferentiated individuals. We also postulate that meso-organizational culture and macro-societal values will have moderating effects on gender role's impact on subjective career success. The results of our hierarchical linear models support the hypothesized hierarchy of the relationships between gender-role-orientations and subjective career success. However, we found that ethical achievement values at the societal culture level was the only variable that had a positive moderating impact on the relationship between feminine orientation and subjective career success. Thus, our findings of minimal moderation effect suggest that meso- and macro-level environments may not play a significant role in determining an individual's perception of career success. © 2022 Elsevier B.V., All rights reserved.","Bem Sex Role Inventory (bsri); Conservation Of Resources; Gender-role-orientation; Hierarchical Linear Modeling (hlm); Psychological Androgyny; Subject Career Success"
"A self-regulatory model of how future work selves change during job search and the school-to-work transition","2022","Journal of Vocational Behavior","10.1016/j.jvb.2022.103783","https://www.scopus.com/inward/record.uri?eid=2-s2.0-85138638983&doi=10.1016%2Fj.jvb.2022.103783&partnerID=40&md5=4d10b6439053b6094817bec6dce6b0cc","To better understand the identity-shaping experiences of students during their school-to-work transition, we developed and tested a model of how students' future work selves change as they search for jobs. We propose that a job seeker's future work self becomes more or less salient depending on how they manage job search challenges. We further propose that change in future work self salience influences job search success through engagement in more effective job search behaviors. Results from a three-wave, three-month longitudinal survey of 539 undergraduate business school job seekers indicated that when they exercised higher levels of motivation control, their future work selves grew more salient. Further, as job seekers' future work selves became more salient, they conducted a more intense job search and used more focused and exploratory job search strategies. Higher job search intensity and a more exploratory strategy predicted more interview invitations, whereas a more focused strategy predicted more job offers. Finally, analyses suggest that future work self salience and job search behaviors mediate the relationship between motivation control and job search outcomes. We discuss the theoretical and practical implications of our findings. © 2022 Elsevier B.V., All rights reserved.","Future Work Selves; Job Search Behavior; Job Search Success; School-to-work Transition"
"Coworker responses to job crafting: Implications for willingness to cooperate and conflict","2022","Journal of Vocational Behavior","10.1016/j.jvb.2022.103781","https://www.scopus.com/inward/record.uri?eid=2-s2.0-85138585631&doi=10.1016%2Fj.jvb.2022.103781&partnerID=40&md5=31e19471a47b83002146fbcd25d1b861","In the current paper, we focus on job crafting seen from the perspective of colleagues. Guided by Social Information Processing theory, we examine how observing a colleague's job crafting may trigger an observer's reactions, and how these reactions relate to the work enjoyment of the job crafter and the colleague as an indicator of the effectiveness of job crafting. In Study 1, using a vignette experiment with an employee sample (N = 97), we found that those observing a fictitious colleague engaging in avoidance crafting reported a decrease in their willingness to cooperate with the job crafter and an increase in expected relationship conflict, while the opposite was found when they observed approach crafting. In Study 2, using a dyadic field study consisting of 136 employee dyads, we replicated the findings of Study 1 and extended the model by showing that the willingness to cooperate and experienced relationship conflict with the job crafter, in turn, related to the work enjoyment of both the colleague and the job crafter. Together, these studies show the importance of colleague reactions to job crafting behaviors observed among each other. © 2022 Elsevier B.V., All rights reserved.","Job Crafting; Relationship Conflict; Willingness To Cooperate; Work Enjoyment"
"Inherent or context-dependent? Untangling the dynamic nature of work passion from a latent growth modeling approach","2022","Journal of Vocational Behavior","10.1016/j.jvb.2022.103770","https://www.scopus.com/inward/record.uri?eid=2-s2.0-85138556542&doi=10.1016%2Fj.jvb.2022.103770&partnerID=40&md5=4ca8cf0d2afcc170168dc85074ac28d6","While work passion is widely pursued by both employees and their organizations, the development of passion remains largely unexplored. This gap in extant literature has motivated the present study, as a part of which the dynamic nature of work passion is investigated in order to ascertain: (1) whether and why work passion may exhibit an inherently dynamic over time; (2) whether the dynamics of passion are context-dependent (i.e., based on the external circumstances) and whether the influence of contextual factor(s) is also dynamic; and (3) whether any changes in work passion can be identified over a period of a few weeks. To accomplish these aims, based on the self-determination theory, we first examined two forms of passion (i.e., obsessive and harmonious passion) in terms of their potential temporal dynamics. In addition, we posited that unmet expectations, denoting a self-concept gap between one's expectations and work realities, was a pertinent contextual factor, in line with the theoretical frameworks of ideal self versus reflected self. Using the data from a four-wave longitudinal survey conducted over a three-month period involving 365 employees, a series of latent growth modeling tests were performed. Our findings show that unmet expectations influence the initial status and subsequent changes in both forms of passion, albeit in opposite directions. However, the inherent dynamic nature of either form of passion was not supported by our results. The theoretical and practical implications were discussed accordingly. © 2022 Elsevier B.V., All rights reserved.","Latent Growth Modeling; Unmet Expectations; Work Passion"
"“Running away is easy; it's the leaving that's hard”: Career enactment by former military officers","2022","Journal of Vocational Behavior","10.1016/j.jvb.2022.103788","https://www.scopus.com/inward/record.uri?eid=2-s2.0-85138547535&doi=10.1016%2Fj.jvb.2022.103788&partnerID=40&md5=2fe94ffb6441b0361b88733574e34ed1","Although frequent role transitions have become a fixture of contemporary careers, the literature does not offer clear evidence on whether and how former career roles continue to be relevant to ongoing careers. We draw on data collected via 41 interviews with former military officers who voluntarily left the military, and we explore how identities informed by past careers impact individuals' future career enactment. We argue that, while identity motives unfulfilled by a certain career role can trigger a transition, a reflexive awareness of the motives it fulfilled can prompt the former identity to linger and influence individuals' career paths. Our study adds theoretical depth to the careers and identity literatures by identifying three career pathways that emerge from this predicament and impact career enactment. We term the occupants of these pathways as settlers, explorers, and shapers. Our study elaborates how identities informed by prior roles influence career enactment, noting that individuals may not jettison identities informed by such roles on making a career transition. Thus, we question the linear relation between career change and identity change that is presupposed by prior studies on career transitions. We also highlight the double-edge of prior career role identities, showing how they continue to inflect ongoing cognition and behavior through a process of imprinting. © 2022 Elsevier B.V., All rights reserved.","Career Transitions; Careers; Identity; Imprint; Military"
"Challenging your boss with safe words: Newcomers' voice, supervisors' responses, and socialization outcomes","2022","Journal of Vocational Behavior","10.1016/j.jvb.2022.103772","https://www.scopus.com/inward/record.uri?eid=2-s2.0-85138497192&doi=10.1016%2Fj.jvb.2022.103772&partnerID=40&md5=f0ae9053b3f9530f2c37aa3e689325f9","As a proactive behavior, the influence of voice on the voicer remains murky. This study draws on the dual perspective model of agency and communion to examine how newcomers' constructive and supportive voice behaviors affect their adjustment during organizational socialization. We tested all hypotheses with a sample of 463 newcomers and their supervisors. The results showed that newcomers' constructive and supportive voice behaviors were important predictors of supervisors' perceptions of newcomers' agency and communion, respectively. Such perceptions also had uniquely positive associations with supervisors' (task and social) information sharing, which in turn was conducive to newcomers' socialization outcomes. In addition, the results supported the moderating role of political skill, as it amplified the influences of newcomers' voice behavior on supervisors' perceptions. From a practical standpoint, this research is helpful for understanding how newcomers speak up, and it contributes to the voice literature by disentangling the means by which constructive and supportive voice differentially facilitate newcomer adjustment. © 2022 Elsevier B.V., All rights reserved.","Agency; Communion; Constructive Voice; Information Sharing; Newcomer Adjustment; Supportive Voice"
"Steering wheels to make ends meet: Understanding stressors and coping strategies among app-based taxi drivers in Tehran","2022","Journal of Vocational Behavior","10.1016/j.jvb.2022.103782","https://www.scopus.com/inward/record.uri?eid=2-s2.0-85138100431&doi=10.1016%2Fj.jvb.2022.103782&partnerID=40&md5=95d74fa9c44e2d531f5af3cef63da059","Management scholars' understanding of occupational stress and coping is predominantly based on experiences of workers in standard employment relationships with organizations. Interviewing 64 app-based taxi drivers in Tehran, we examined stressors and coping strategies embedded in a growing occupational context—low-skilled app-based jobs—in an understudied non-Western developing Islamic country. Our findings revealed six stressors embedded in our participants' occupational and country contexts. The drivers coped with these stressors with six strategies that comprised (a) hiding their job, (b) adjusting at work, (c) rationalizing, (d) self-sacrificing, (e) trusting God, and (f) looking for another job. Our paper responds to the call for contextual and international perspectives in careers research, and informs career scholars and practitioners interested in examining and addressing the needs of similar groups of workers in similar occupational and country contexts. © 2022 Elsevier B.V., All rights reserved.","App-based Driver; Context; Coping; Gig Worker; Iran; Stress; Taxi Driver; Tehran"
"Testing the effects of a coping orientation program in reducing newcomers' psychological contract breach: A field experiment","2022","Journal of Vocational Behavior","10.1016/j.jvb.2022.103786","https://www.scopus.com/inward/record.uri?eid=2-s2.0-85138023070&doi=10.1016%2Fj.jvb.2022.103786&partnerID=40&md5=8b03ab57bfa8ff353eddf8552274a84e","The present study investigated the effects of a coping-focused orientation program called “Realistic Orientation Program for Entry Stress” (ROPES; Wanous & Reichers, 2000) in reducing newcomers' experience of psychological contract breach. Based on previous socialization research, we identified two unique routes through which the ROPES program may exert its influence on the perception of psychological contract breach: (a) reducing newcomer work stress and (b) boosting perceived organizational support (POS). Further, drawing on the interactionist perspective of socialization, we posited that newcomers' adjustment self-efficacy should strengthen the treatment–newcomer work stress link, and that newcomers' sense of abundance should accentuate the treatment – POS link. Seventy-three newly hired nurses from a large hospital in a northern city in China were randomly assigned to either a ROPES condition (n = 36) or a control condition (n = 37). Follow-up surveys occurred at 6- and 12-months post-entry. The results indicated that: (a) POS (but not newcomer work stress) at Month 6 mediated the treatment effect on psychological contract breach at Month 12; (b) the treatment – POS link was stronger for newcomers with high (vs. low) sense of abundance; and (c) the treatment – perceived work stress link was non-significant for newcomers with high adjustment self-efficacy but positive and significant for newcomers with low adjustment self-efficacy. Theoretical and practical implications were discussed. © 2022 Elsevier B.V., All rights reserved.","Adjustment Self-efficacy; Organizational Socialization; Perceived Organizational Support; Psychological Contract Breach; Sense Of Abundance; Stress"
"Self-compassion: Implications for work-family conflict and balance","2022","Journal of Vocational Behavior","10.1016/j.jvb.2022.103785","https://www.scopus.com/inward/record.uri?eid=2-s2.0-85137830960&doi=10.1016%2Fj.jvb.2022.103785&partnerID=40&md5=89640aaea561ca7ddb1688a419a6e6df","The work-family literature has a scarcity of research focused on understanding individual interventions to improving work-family outcomes. In the present study, we aimed to better understand the role of self-compassion as a means to support work-family management, using a correlational study and an intervention study with an experimental design. In Study 1, we found that self-compassion correlated negatively with work-family conflict and positively with work-family balance, and it incrementally predicted work-to-family conflict and balance over and above similar but distinct constructs of rumination, self-esteem, and mindfulness. Study 2 utilized a longitudinal experimental methodology, whereby half of the participants were randomly assigned to a self-compassion intervention group and half were in a control group. Results showed there was a significant change in work-family balance over time for the experimental group compared to the control group immediately and after 1 week. Work-to-family conflict, specifically the time-based dimension, also showed significant changes across time, such that the experimental group demonstrated greater reductions compared to the control group after both 1 week and 1 month. The findings provide fruitful avenues for future research and theory development, bridging the positive psychology and work-family literatures and offer evidence for the efficacy of an individual-level intervention. © 2022 Elsevier B.V., All rights reserved.","Family-work Conflict; Intervention; Positive Psychology; Self-compassion; Work-family Balance; Work-family Conflict"
"Examining the curvilinear relationship of job performance, supervisor ostracism, and turnover intentions","2022","Journal of Vocational Behavior","10.1016/j.jvb.2022.103787","https://www.scopus.com/inward/record.uri?eid=2-s2.0-85137795331&doi=10.1016%2Fj.jvb.2022.103787&partnerID=40&md5=091ae172ae7a75d547832714ae755a85","Despite the well-supported negative consequences of workplace ostracism, limited research has offered explanations as what causes an employee to be ostracized. Based on the victim precipitation theory, we predict that comparing to middle performers, both poor and high performers are more likely to be ostracized by their supervisors because they deviate from the performance norm. Thus, in this study we establish the curvilinear relationship between job performance and supervisor ostracism. Data were collected from supervisors and their employees from an airline company at three timewaves. Using multi-level modeling analysis, our data revealed three major findings. First, there was a curvilinear relationship between job performance and supervisor ostracism, indicating that both poor and high performance were related to more supervisor ostracism than middle performance. Second, supervisors' transformational leadership buffered the curvilinear relationship between employees' job performance and supervisor ostracism. Third, supervisor ostracism mediated the curvilinear relationship between job performance and turnover intentions. Our study supports the victim precipitation theory and contributes to the limited research on the antecedents of workplace ostracism. Furthermore, we contribute to the push-and-pull model of turnover by suggesting that there is a workplace relationship mechanism (e.g., supervisor ostracism) linking employees' job performance and turnover intentions. Both theoretical and practical implications were discussed. © 2022 Elsevier B.V., All rights reserved.","Curvilinear Relationship; Job Performance; Supervisor Ostracism; Transformational Leadership; Turnover Intentions"
"Adapting to a jolt: A mixed methods study identifying challenges and personal resources impacting professional gig workers' well-being during COVID-19","2022","Journal of Vocational Behavior","10.1016/j.jvb.2022.103784","https://www.scopus.com/inward/record.uri?eid=2-s2.0-85137648394&doi=10.1016%2Fj.jvb.2022.103784&partnerID=40&md5=a0bce173165b3e379321163afb3e6fe6","Scholarship on stress and resilience at work has repeatedly overlooked professional gig workers despite the rapid growth of this independent workforce. Studying such workers, especially under conditions of global disruption, offers an opportunity to expand theory on the role of personal resources in promoting resilience and well-being in the absence of the contextual resources traditionally offered by organizations. Drawing on the conservation of resources theory (Hobfoll, 1989) and using unique qualitative and quantitative data gathered prior to and during the COVID-19 global pandemic, we investigate the pandemic's impact on an international sample of professional gig workers and test the relationship between psychosocial resources and workers' well-being and resilience. Results suggest that workers experienced the pandemic as an environmental jolt (Meyer, 1982) that affected their working lives by shrinking the amount of gig work available, especially for women, and increasing the challenges associated with fluctuating emotions, organizing day-to-day work, and cultivating relationships. Further, we find that pre-pandemic levels of two theoretically informed personal resources—work meaningfulness and the emotional carrying capacity of these workers' networks—affect outcomes: Work meaningfulness is associated with cognitive and affective well-being, and emotional carrying capacity is associated with social and affective well-being, as well as psychological resilience. Taken together, this research provides novel insights into professional gig workers' experiences of and reactions to environmental jolts, and the personal resources that aid in their well-being and resilience. © 2022 Elsevier B.V., All rights reserved.","Gig Work; Meaningfulness; Relationships; Resilience; Well-being"
"COVID-19 pandemic disruptions to working lives: A multilevel examination of impacts across career stages","2022","Journal of Vocational Behavior","10.1016/j.jvb.2022.103768","https://www.scopus.com/inward/record.uri?eid=2-s2.0-85137293153&doi=10.1016%2Fj.jvb.2022.103768&partnerID=40&md5=ff9fb066f47030f06620d8d302085c74","Since early 2020 the COVID-19 pandemic disrupted societies worldwide. As we moved from expecting the closure of society to be a short-term one to experiencing it as a longer-term phenomenon, we lacked understanding about how the pandemic has affected the working lives and wellbeing of employees in different life and career stages. Drawing from lifespan development approaches and Job Demands-Resources (JD-R), we considered the effect this profound disruption had on stress, burnout, and job satisfaction across career stages over time. We took a multi-level approach to the analysis of three waves of data. Disruptions were a predictor of stress and negatively affected disengagement and job satisfaction over time. We found differences in the ways in which people in different career stages reacted to these disruptions and adjusted over time. Job autonomy positively influenced wellbeing over time, however perceived organizational support contributed to growth in burnout disengagement and exhaustion and lower job satisfaction over time. We discuss the implications of our findings for workplaces managing in the aftermath of external shocks going forward. © 2022 Elsevier B.V., All rights reserved.","Burnout; Career Stages; Covid-19 Disruptions; Job Demands And Resources; Job Satisfaction; Stress"
"The effect of pursuing a gender-nontraditional profession on young newcomers' occupational self-efficacy via frequency of evaluative feedback","2022","Journal of Vocational Behavior","10.1016/j.jvb.2022.103766","https://www.scopus.com/inward/record.uri?eid=2-s2.0-85137110246&doi=10.1016%2Fj.jvb.2022.103766&partnerID=40&md5=bef22029d875149f146b223c36742689","We investigated the effect of young newcomers' pursuit of gender-nontraditional professions on their occupational self-efficacy after starting work via the perceived frequency of evaluative feedback from others in their companies. Our research model was based on social–cognitive career theory and tokenism theory. We surveyed a longitudinal sample of 1269 adolescents (female: 44 %) at the end of compulsory school (ninth grade in Switzerland) and at the end of their first year of work experience as young newcomers. A structural equation model with multigroup comparison by gender showed no gender differences. Young female and male newcomers' pursuit of gender-nontraditional apprenticeship professions significantly affected their occupational self-efficacy after 1 year of work experience, mediated by the perceived frequency of evaluative feedback they received from coworkers. We controlled for the effects of newcomers' preentry occupational self-efficacy and preentry expectations about work conditions, as well as the effect of conscientiousness on occupational self-efficacy after 1 year of work experience. We further controlled for the effect of young newcomers' conscientiousness on perceived frequency of evaluative feedback from others in their companies. Our findings clarify the crucial role of frequent evaluative feedback from coworkers for occupational self-efficacy among young newcomers in gender-nontraditional professions. The longitudinal effect of preentry occupational self-efficacy on occupational self-efficacy after starting work underlines the importance of young newcomers' job preparation. © 2022 Elsevier B.V., All rights reserved.","Evaluative Feedback; Gender-nontraditional Profession; Occupational Self-efficacy; School-to-work Transition."
"A longitudinal investigation of the Kaleidoscope Career Model, networking behaviors, and career success","2022","Journal of Vocational Behavior","10.1016/j.jvb.2022.103764","https://www.scopus.com/inward/record.uri?eid=2-s2.0-85137066395&doi=10.1016%2Fj.jvb.2022.103764&partnerID=40&md5=25440ce0ee626692692497d1a0ff99a1","Increased global competition and rapid technological advancements have dramatically altered organizational structures and the work environment. The Kaleidoscope Career Model (KCM) was developed to explain how individuals enact their careers within today's complex, dynamic workplace. The KCM is particularly relevant for studying career development activities, such as networking behavior, a key career management strategy. The purpose of this longitudinal study is to examine the relationship between the three parameters of the KCM – authenticity, balance, and challenge – and how individuals target their networking behavior. In addition, we examine the relationship between the KCM parameters and career success outcomes, and whether these outcomes are mediated by networking behavior. Alumni from a Midwestern U.S. university were surveyed in 2012 and again in 2019. Overall, the results of this study showed a link between the parameters of the KCM and how individuals target their networking behaviors to help achieve their career goals. © 2022 Elsevier B.V., All rights reserved.","Career Success; Kaleidoscope Career Model; Kcm; Networking Behavior"
"A meta-analysis on air traffic controllers selection: cognitive and non-cognitive predictors: Meta-analysis on ATCO selection","2022","Journal of Vocational Behavior","10.1016/j.jvb.2022.103769","https://www.scopus.com/inward/record.uri?eid=2-s2.0-85136484945&doi=10.1016%2Fj.jvb.2022.103769&partnerID=40&md5=f738bd87eda559b69dea745fb02ff785","This psychometric meta-analysis investigated the relation of cognitive and non-cognitive factors to the training success of Air Traffic Controllers by synthesizing 51 studies (N = 65,839). Cognitive factors were classified by Cattel-Horn-Carrol theory. Cognitive composite scores and work samples were also included. Non-cognitive factors consisted of Big Five personality traits, biodata, motivation and non-cognitive composite scores. Medium effect was measured for cognitive factors (k = 45, p = .37). Quantitative knowledge, processing speed, work sample, short-term working memory, cognitive composite and visuo-spatial processing predictors showed large effects (p > .30). Significant moderating effects of criterion nature and period of publication were observed. Initial training (k = 30, p = .50) was generally better predicted than on-the-job training (k = 25, p = .18). Better predictive validity was measured from the 60's to nowadays. For non-cognitive factors, only a small effect was measured (k = 24, p = .15). Non-cognitive composites and education showed large effects (p > .30). No significant relation was measured between Big Five personality traits and success criteria. The present findings suggest that selection processes used for Air Traffic Controllers should focus on cognitive predictors or other methods of assessments. Data and scripts can be found at https://osf.io/mkyw7/. © 2022 Elsevier B.V., All rights reserved.","Air Traffic Controllers; Cognitive Predictors; Meta-analysis; Non-cognitive Predictors; Training Success"
"Decent education as a precursor to decent work: An overview and construct conceptualization","2022","Journal of Vocational Behavior","10.1016/j.jvb.2022.103771","https://www.scopus.com/inward/record.uri?eid=2-s2.0-85136307107&doi=10.1016%2Fj.jvb.2022.103771&partnerID=40&md5=38610d59d92fcb57839c653e2f4000b1","In the current paper, we introduce the concept of decent education and highlight this new construct as a critical predictor of decent work. We first review three broad areas where indicators of quality education have been studied and utilized: Subjective student experiences, school-to-work programs, and macro-level recommendations (e.g., assessing quality in schools, counties, states, countries, etc.). Second, we draw from these areas to identify six core components that comprise decent education. Specifically, these components pertain to individuals' subjective experiences with their high school education and include: physical safety, psychological safety, quality instruction, equitable learning environments, opportunities to foster social connection, and adequate educational/vocational programming for post-high school. Third, we discuss the construct's place within Psychology of Working Theory and provide a series of recommendations for scholars wishing to study decent education. It is hoped that this new construct will be useful to scholars as they work to further understand the important connection between educational experiences and access to decent work. © 2022 Elsevier B.V., All rights reserved.","Decent Education; Decent Work; Psychology Of Working"
"Hiring discrimination against refugees: Examining the mediating role of symbolic and realistic threat","2022","Journal of Vocational Behavior","10.1016/j.jvb.2022.103765","https://www.scopus.com/inward/record.uri?eid=2-s2.0-85136282879&doi=10.1016%2Fj.jvb.2022.103765&partnerID=40&md5=3356a51d56ab3425ad8fdbb4f401434c","Despite the rising global population of refugees and the need for secure employment to facilitate refugee integration into host countries, research attention on this population of workers in organizational science has been scarce. Drawing from Integrated Threat Theory, we argued and tested experimentally that refugees face discrimination on the job market due to the symbolic and realistic threats that employers perceive from them. Results from a 2 (refugee status: refugee vs. non-refugee) × 2 (qualification: high or low) between-subject design experiment using manipulated resumes largely supported our proposed model, such that refugee status was related to higher intergroup anxiety through symbolic and realistic threat. Realistic threat also mediated the relationship between refugee status and recommendation for hire. Further exploratory analysis revealed that these results are robust across qualification status. This underscores the severity of bias against refugees in a setting that is crucial to their successful adaptation and integration into host countries. © 2022 Elsevier B.V., All rights reserved.","Discrimination; Hiring; Intergroup Anxiety; Realistic And Symbolic Threats; Refugee"
"Home and away: How career adaptability and cultural intelligence facilitate international migrant workers' adjustment","2022","Journal of Vocational Behavior","10.1016/j.jvb.2022.103759","https://www.scopus.com/inward/record.uri?eid=2-s2.0-85136255738&doi=10.1016%2Fj.jvb.2022.103759&partnerID=40&md5=becaf3236a37e01d6314caa4d279cbd7","The steady upsurge of international labor migration has raised new and important questions for career scholars: how do migrant workers adjust to their work and living conditions and what accounts for their successful adaptation? We address these issues in two time-lagged and multi-source field studies involving Filipino migrant workers in the Middle East. In Study 1, we found that migrant workers' career adaptability promotes work and general adjustment, which in turn enhances their work (i.e., job performance and retention) and psychological health (i.e., life satisfaction) outcomes. In Study 2, we found that the indirect effects of career adaptability on work and psychological health outcomes via work and general adjustment were stronger for migrant workers with high, rather than low, levels of cultural intelligence. Implications for research and practice are discussed along with the study limitations and opportunities for future research. © 2022 Elsevier B.V., All rights reserved.","Career Adaptability; Cultural Intelligence; General Adjustment; High-skilled Workers; International Migrant Workers; Work Adjustment"
"Improving career adaptability through motivational interview among peers: An intervention of at-risk Chinese college students majoring in foreign language","2022","Journal of Vocational Behavior","10.1016/j.jvb.2022.103762","https://www.scopus.com/inward/record.uri?eid=2-s2.0-85136133349&doi=10.1016%2Fj.jvb.2022.103762&partnerID=40&md5=53c215e0c330eb27e661d807fc447449","Using career construction theory, the present study developed a motivational interview between peers that involves engaging, focusing, evoking, and planning. The study aimed to determine if motivational interviews could enhance career adaptabilities of Chinese at-risk first-year college students majoring in foreign languages. A total of 67 “at-risk” first-year college students with low career adaptability scores were identified from a screening process (N = 343) and assigned to the intervention or control groups. In the intervention group, 14 senior student-peers were selected and trained to conduct 90-minute motivational interviews. Motivational interviews were not given to students in the control group. Career adaptability questionnaire was used to assess the effectiveness of motivational interviews. The results indicated a significant improvement in career control and confidence after intervention. Career adaptability was not improved in the control group. This study offers first-year students a feasible intervention for constructing and reflecting on their career choices. © 2022 Elsevier B.V., All rights reserved.","Career Adaptability; Career Construction Theory; Intervention; Motivational Interviewing; Peer Coaching"
"Final Editorial: JVB 2015–2022 questions and reflections","2022","Journal of Vocational Behavior","10.1016/j.jvb.2022.103763","https://www.scopus.com/inward/record.uri?eid=2-s2.0-85144381256&doi=10.1016%2Fj.jvb.2022.103763&partnerID=40&md5=43a6b283588f19c1a83bedb038a6245e","The author reflects on her term as editor of the Journal of Vocational Behavior, articulating questions she continues to have about the field. She reviews the changes in the journal, particularly considering the goals she set out to achieve as editor. She gives some tips for authors from the perspective of reading much of over 5000 submissions in the past 7 years. She discusses the two subfields of research in work and career decisions: vocational psychology and organizational/work psychology and offers some suggestions on reconceptualizing the two “islands” in the field—as Savickas (2001) termed these two areas. Finally, she offers some suggestions for future research in vocational behavior. © 2022 Elsevier B.V., All rights reserved.",""
"Polishing followers' future work selves! The critical roles of leader future orientation and vision communication","2022","Journal of Vocational Behavior","10.1016/j.jvb.2022.103746","https://www.scopus.com/inward/record.uri?eid=2-s2.0-85136571890&doi=10.1016%2Fj.jvb.2022.103746&partnerID=40&md5=ce58fff3df224f1c338d563e6bb4d3c5","Future work self salience (FWSS) refers to a clear and accessible image of possible self-concerning future work that encapsulates individual hopes and aspirations. FWSS guides employees' work and careers and leads to many favorable work consequences, such as work engagement, organizational socialization, and job performance. However, little is known about its antecedents. This research explores how leaders can be leveraged to shape follower FWSS and suggests that follower FWSS is cultivated by future-oriented leaders who communicate visions. Moreover, leader self-integrity is identified as an important boundary condition. The results of a multi-wave, multi-source survey featuring leader-follower dyads indicate that leader future orientation facilitates leader vision communication, which in turn, enhances follower FWSS. In addition, this indirect effect is contingent upon a first-stage moderator, leader self-integrity, such that the indirect effect is more salient when leaders have higher self-integrity. Implications for theory, practice, and future research are addressed. © 2022 Elsevier B.V., All rights reserved.","Future Orientation; Future Work Self Salience; Self-integrity; Vision Communication"
"Measuring boundaries and borders: A taxonomy of work-nonwork boundary management scales","2022","Journal of Vocational Behavior","10.1016/j.jvb.2022.103760","https://www.scopus.com/inward/record.uri?eid=2-s2.0-85135117354&doi=10.1016%2Fj.jvb.2022.103760&partnerID=40&md5=efc5969002207989105c1301a903eb26","Boundary management refers to the ways that individuals create, maintain, and manage demarcations between work and personal life. Research regarding boundary management provides multi-disciplinary value across the organizational sciences, including work-family and work-nonwork research, but is hindered by terminological confusion and construct proliferation. We present a systematic review of work-nonwork boundary management scales (N = 91 scales), and we organize the scales into a measurement taxonomy that aligns scale items with conceptual definitions of boundary management constructs. We found evidence of misalignment between conceptualizations and operationalizations of the identified scales, and we also find little evidence for convergent and discriminant validity among scales. Findings suggest a need to strengthen the construct validity of relevant boundary management scales, which can be guided by the proposed measurement taxonomy. © 2022 Elsevier B.V., All rights reserved.","Border Theory; Boundary Management; Boundary Theory; Work-family; Work-nonwork"
"The long walk together: The role of institutionalized socialization in shaping newcomers' future expectations about their networks","2022","Journal of Vocational Behavior","10.1016/j.jvb.2022.103757","https://www.scopus.com/inward/record.uri?eid=2-s2.0-85134627139&doi=10.1016%2Fj.jvb.2022.103757&partnerID=40&md5=bd1613dd24dec745095a8bb97f732748","Although a future orientation plays an important role in Van Maanen and Schein's (1979) classic conceptualization of organizational socialization tactics, human resource management practices and scholarly research tend to focus on individuals' adjustment to the present. We address this significant gap by investigating how institutionalized socialization facilitates newcomer outcomes via its impact on newcomers' expected long-term friendship and cooperation networks. Based on construal level theory, we argue that expectations about one's long-term networks reflect perceptions of the stable nature of one's current networks. A 4-wave study with two samples of newcomers in diverse Chinese organizations found that institutionalized socialization predicted positive development in the size of newcomers' current and expected networks, which in turn predicted managers' ratings of newcomers' in-role performance and extra-role behaviors in the form of altruistic helping and taking charge. The study thus documents a relatively unknown benefit of socialization on newcomers' future expectations about their social relationships and the impact on newcomers' behaviors. © 2022 Elsevier B.V., All rights reserved.","Altruistic Helping; Extra-role Behaviors; In-role Performance; Organizational Socialization; Social Networks; Taking Charge"
"A meta-analytic review of the gender difference in leadership aspirations","2022","Journal of Vocational Behavior","10.1016/j.jvb.2022.103744","https://www.scopus.com/inward/record.uri?eid=2-s2.0-85134473644&doi=10.1016%2Fj.jvb.2022.103744&partnerID=40&md5=48d9fd244cc19ca38f5c574b6ba5cfd4","Compared to their representation in the workforce, women are significantly underrepresented in leadership roles in the United States. Whereas substantial research attention has been paid to the role of bias and discrimination in perpetuating this gap, less has been devoted to exploring the gender difference in aspirations for these roles. We draw from social role theory to hypothesize that men have higher leadership aspirations than women and test our hypothesis using a meta-analysis of 174 U.S. published and unpublished samples (N = 138,557) spanning six decades. The results reveal that there is a small but significant gender difference in the predicted direction (Hedge's g = 0.22). Notably, the gender difference has not narrowed significantly over time, and appears to widen at college age and among working adults within male-dominated industries. Our results also suggest that the process and dissemination of research in this domain exhibits bias. We discuss the implications of our conclusions for future research. © 2022 Elsevier B.V., All rights reserved.","Gender Differences; Leadership Aspirations; Leadership Gender Gap; Managerial Aspirations; Political Ambition"
"Longitudinal trajectories of affective commitment to the occupation among school principals: A person-centered perspective","2022","Journal of Vocational Behavior","10.1016/j.jvb.2022.103758","https://www.scopus.com/inward/record.uri?eid=2-s2.0-85134238489&doi=10.1016%2Fj.jvb.2022.103758&partnerID=40&md5=b15229084231e09134a673a0f46b5346","Affective occupational commitment (AOC) can be conceptualized as an indicator that ones' occupation has been adequately internalized within one's professional identity. From this perspective, the present study relies on the organismic integration component of Self-Determination Theory to: (1) investigate the distinctive shapes (or profiles) taken by school principals AOC trajectories; (2) test the role of work characteristics related to the satisfaction of principals' basic needs for relatedness, competence and autonomy as core drivers of their AOC trajectories; (3) document the outcome implications of these trajectories in relation to principals' job satisfaction, turnover intentions, and burnout. Using a sample of 661 established (tenure = 6 months to 38 years) school principals (Mage = 44.94; 58 % females) measured four times over a two-year period, growth mixture analyses revealed five profiles characterized by distinct AOC trajectories. Three profiles displayed High, Moderately High, or Very Low stable levels of AOC. The other profiles displayed Slowly Increasing or Slowly Decreasing levels of AOC. Higher AOC levels were also anchored in more stable trajectories, and were accompanied by higher job satisfaction and lower burnout and turnover intentions. Satisfaction of the need for autonomy, competence, and relatedness had differential short-term and long-term effects on AOC trajectories. The current study provides evidence for the malleability of AOC from a longitudinal perspective and highlights the necessary conditions to foster ideal AOC trajectories for high-level managers. © 2022 Elsevier B.V., All rights reserved.","Affective Occupational Commitment; Autonomy; Burnout; Interpersonal Relationships; Job Satisfaction; Longitudinal; Managerial Self-efficacy; Profiles; Trajectories; Turnover Intentions"
"A systematic review of at-work recovery and a framework for future research","2022","Journal of Vocational Behavior","10.1016/j.jvb.2022.103747","https://www.scopus.com/inward/record.uri?eid=2-s2.0-85133671747&doi=10.1016%2Fj.jvb.2022.103747&partnerID=40&md5=7130bfb7c5986628913b1104f418f0e6","Over the last 20 years, the importance of work recovery has been well-documented in the organizational behavior field, with accumulated findings demonstrating the significant implications of recovery for employee work attitudes, behaviors, and wellbeing. However, this line of research has primarily focused on investigating the implications of recovery outside of work hours, overlooking the need for recovery at-work to maintain energy for daily work demands. To advance the overall work recovery research, it is timely to conduct a systematic review of at-work recovery research. The goal of the systematic review is to address several emerging issues that have hampered the development, both practical and theoretical, of at-work recovery by (1) clarifying how at-work recovery fits within the broader recovery field, (2) organizing and aligning the inconsistent terminology and constructs used within at-work recovery, (3) detailing the nomological network of constructs surrounding at-work recovery, and (4) presenting a novel framework to guide future research. In doing so, we bring together the organizational behavior and ergonomics disciplines in this comprehensive review of recovery at work. © 2022 Elsevier B.V., All rights reserved.","At-work Recovery; Recovery; Systematic Review; Wellbeing; Work Breaks"
"Regressed person-environment interest fit: Validating polynomial regression for a specific environment","2022","Journal of Vocational Behavior","10.1016/j.jvb.2022.103748","https://www.scopus.com/inward/record.uri?eid=2-s2.0-85132504610&doi=10.1016%2Fj.jvb.2022.103748&partnerID=40&md5=9a7008150fd0c7c5c44e8723838eba61","Polynomial regression is a proven method to calculate person-environment (PE) interest fit between the RIASEC (realistic, investigative, artistic, social, enterprising and conventional) interests of a student and the RIASEC profile of a study program. The method has shown much larger effects of PE interest fit on academic achievement than earlier approaches in literature. However, the polynomial regression method in its current form only focuses on establishing the regressed interest fit (RIF) of a population of students with their study environments, in order to observe how large the general impact of PE interest fit can become on academic achievement. The present study (N = 4407 across n = 22 study programs) further validates this method towards new applications by theoretically deriving two measures of RIF that only affect a single environment like a study program. Analyses show that the use of RIF for a single study environment results in an even stronger positive relation between PE interest fit and academic achievement of r = 0.36, compared to r = 0.25 for the original polynomial regression method. Analyses also show that RIF for one environment can be used to generate interpretable and reliable RIASEC environment profiles. In sum, RIF for a single (study) environment is a promising operationalization of PE interest fit which facilitates both empirical research as well as the practical application of interest fit in counseling settings. © 2022 Elsevier B.V., All rights reserved.","Academic Achievement; Pe Interest Fit; Polynomial Regression; Riasec; Vocational Interests"
"Stuck between me: A psychodynamic view into career inaction","2022","Journal of Vocational Behavior","10.1016/j.jvb.2022.103745","https://www.scopus.com/inward/record.uri?eid=2-s2.0-85132322719&doi=10.1016%2Fj.jvb.2022.103745&partnerID=40&md5=564e632db6e4e826c9340576edfedd4d","We all know people who want to make a change in their careers but do not act on this desire. Yet this phenomenon, recently labeled “career inaction” (Verbruggen & De Vos, 2020), has received almost no research attention to date. To address this gap and enrich our understanding of career inaction, this paper explores the lived experiences of 43 individuals characterized by inaction. Employing a qualitative research design and informed by the broader literature on psychodynamics, we find that people's experience of inaction is emotionally tense and situated among the interaction of three psychodynamic “me”-identifications: the “striving me,” the “comfortable me,” and the “uncertain me.” Our study further identifies various tension-easing strategies that help people ease the psychological strain of career inaction, even though their inaction often continued. Altogether, our study enriches and extends extant theorizing on career inaction and calls for a renewed focus on bounded rationality and emotionality in contemporary careers. © 2022 Elsevier B.V., All rights reserved.","Career Decision-making; Career Inaction; Career Indecision; Career Transitions; Individual Career Management Behaviors And Strategies; Qualitative Research Methods"
"Is it up to you? The moderating role of beliefs about willpower in the relationship between availability norms and control over leisure time via ego depletion","2022","Journal of Vocational Behavior","10.1016/j.jvb.2022.103742","https://www.scopus.com/inward/record.uri?eid=2-s2.0-85131399063&doi=10.1016%2Fj.jvb.2022.103742&partnerID=40&md5=598d657b7293cd512cb8cfb27feaf85c","Organizations increasingly expect employees to be available outside of work hours, and this availability norm has been shown to influence nonwork life negatively. In the current study, we examined the effects of availability norms on employees' control over leisure time. We tested a conceptual model in which this association was mediated by ego depletion and moderated by beliefs about willpower. Knowledge workers (N = 404; 60% women) from a range of industries in Mainland China completed questionnaires in a two-wave survey with an interval of one month. The results showed that availability norms were negatively related to control over leisure time, and ego depletion was an explanatory mechanism of this association. This mediated process was stronger for employees who believed that willpower was a limited resource. These results extend our understanding of the recovery paradox and have practical implications for organizations and employees who are part of an “always-on” organizational culture. © 2022 Elsevier B.V., All rights reserved.","Availability Norms; Beliefs About Willpower; Control Over Leisure Time; Ego Depletion; Recovery From Work"
"Precarious work and workplace dignity during COVID-19: A longitudinal study","2022","Journal of Vocational Behavior","10.1016/j.jvb.2022.103739","https://www.scopus.com/inward/record.uri?eid=2-s2.0-85131356320&doi=10.1016%2Fj.jvb.2022.103739&partnerID=40&md5=518c96a4cd91209b5d0d630c2d65195a","Building upon the psychology of working theory (PWT), the goal of the present study was to examine longitudinal relations among precarious work, workplace dignity, and basic need fulfillment (survival, social contribution, and self-determination needs). To examine our hypotheses, we surveyed a group of working adults in the United States three times over three months. However, the study began in March 2020 – before widespread lockdowns, layoffs, and furloughs – and some participants lost their jobs on subsequent waves during April and May 2020. Therefore, a secondary aim of the study was to explore predictors of job loss in the first few months of the COVID-19 pandemic. We found that having precarious work in early March 2020 significantly predicted job loss due to COVID-19 in May 2020. For workers who remained employed during this time, greater precarious work predicting lower fulfillment of survival needs over time. In addition, workplace dignity and fulfillment of relatedness needs operated reciprocally, predicting greater levels of each other over time, and greater workplace dignity predicted greater fulfillment of social contribution, autonomy, and competence needs across time. These results expand PWT by suggesting that precarious work and workplace dignity are both important work conditions that predict fulfillment of different basic needs over time. © 2022 Elsevier B.V., All rights reserved.","Decent Work; Need Satisfaction; Psychology Of Working; Underemployment"
"Regretting your occupation constructively: A qualitative study of career choice and occupational regret","2022","Journal of Vocational Behavior","10.1016/j.jvb.2022.103743","https://www.scopus.com/inward/record.uri?eid=2-s2.0-85131354011&doi=10.1016%2Fj.jvb.2022.103743&partnerID=40&md5=a433cac809c99b5555b9c57783c10cc5","Regret is a universal emotion that can be experienced throughout the course of life, with varying degrees of consequence. However, studies have rarely explored regret as it pertains to one's occupational choice. Through an inductive qualitative study drawing on 51 career-based interviews, we develop a model of occupational regret that reveals how individuals experience and deal with this emotion over time. This model shows that the experience of occupational regret is episodic in nature, involves cycles, and manifests differently dependent upon the path taken through episodes. Five different pathways through regret episodes emerged from our analysis, each leading to a distinct regret profile. These profiles are termed Early Responders, Explorers, Stagnaters, Reconciled Acceptors, and Crystallisers. The findings expand our knowledge of domain specific regret and facilitate the identification of possible strategies to constructively navigate this emotion. © 2022 Elsevier B.V., All rights reserved.","Careers; Coping; Cycle; Occupation; Regret"
"Role of perceived events in university graduates' job search self-efficacy and success","2022","Journal of Vocational Behavior","10.1016/j.jvb.2022.103741","https://www.scopus.com/inward/record.uri?eid=2-s2.0-85131126705&doi=10.1016%2Fj.jvb.2022.103741&partnerID=40&md5=4c053fbaefc9aa608a646b2c060de9ff","This study aims to enrich job search literature by examining the unique role of perceived job search events in predicting job search self-efficacy (JSSE) and two job search outcomes (i.e., perceived job search progress, the number of job offers) during the school-to-work transition. Two hundred and fourteen Chinese university graduates were asked to describe two representative job search events (one positive and one negative) and rate them on multiple dimensions (i.e., frequency, novelty, disruptiveness, criticality, and controllability). Content analysis reveals five categories of positive events (i.e., good preparation, social support, positive feedback, fair treatment, good luck) and five categories of negative events (i.e., inadequate preparation, fierce competition, negative feedback, unfair treatment, bad luck). Results from a two-wave study show that after individual differences in self-regulation strengths (i.e., proactive personality, approach-avoidance traits, core self-evaluation, career adaptability), baseline levels of JSSE and job search success are controlled (measured at Time 1), event content and dimensions account for 13% of the variance in JSSE at Time 2, which partially mediates the effects of criticality and novelty of positive events on perceived progress and number of job offers at Time 2. Additionally, negative events controllability and positive events frequency are directly related to perceived progress and number of offers, respectively, which JSSE cannot explain. This study advances the current understanding of the conceptualization and effects of job search events. © 2022 Elsevier B.V., All rights reserved.","Job Search Events; Job Search Self-efficacy; Job Search Success"
"How are career adaptable and customer oriented employees treated? Examining career-situated factors that reduce customer mistreatment","2022","Journal of Vocational Behavior","10.1016/j.jvb.2022.103740","https://www.scopus.com/inward/record.uri?eid=2-s2.0-85131067270&doi=10.1016%2Fj.jvb.2022.103740&partnerID=40&md5=57bd90f31e913756de9162039a6441f7","Many service workers receive customer mistreatment—low-quality interpersonal treatment from customers—yet little is known about why employees differ in how much customer mistreatment they receive. Drawing upon career construction theory, we cast a spotlight on the service career-situated strengths and attributes that confer upon service workers both the ability and motivation to successfully fulfill service norms and avoid interpersonal mistreatment. Specifically, we focus on customer orientation and career adaptability as career-situated motivations and abilities, respectively, that explain which employees receive more customer mistreatment. The proposed model was tested and expanded programmatically in a series of three studies using dyadic and daily diary field studies. The results across all three studies show that employees who possessed high levels of career adaptability in tandem with high levels of customer orientation were less likely to experience customer mistreatment. These results held even after controlling for Big Five personality factors in Studies 2 and 3. We discuss theoretical implications for the antecedents of workplace mistreatment, the mixed blessing of customer orientation for service workers, and the role of career processes in workplace aggression. © 2022 Elsevier B.V., All rights reserved.","Career Adaptability; Customer Mistreatment; Customer Orientation; Incivility; Workplace Aggression"
"Distance makes the heart grow fonder: A construal-level perspective on entrepreneurial opportunity evaluation","2022","Journal of Vocational Behavior","10.1016/j.jvb.2022.103730","https://www.scopus.com/inward/record.uri?eid=2-s2.0-85130540602&doi=10.1016%2Fj.jvb.2022.103730&partnerID=40&md5=c3be500eaf502a97a302dc8c615dce3f","Drawing on construal-level theory (CLT), this study observes that potential entrepreneurs perceive less risk and are more likely to evaluate an opportunity positively when the psychological distance is far rather than near. Two experimental studies are conducted using two samples. We further demonstrate the weaker influence of psychological distance on opportunity evaluation through risk perception when entrepreneurs are experienced and have longer prior start-up experience. We contribute by highlighting the value of integrating CLT into research on entrepreneurial opportunities and revealing the effect of the various dimensions of psychological distance on opportunity evaluation. Moreover, we uncover the interrelationships between psychological distance and risk perception and entrepreneurial experience. © 2022 Elsevier B.V., All rights reserved.","Construal Level Theory; Entrepreneurial Experience; Opportunity Evaluation; Psychological Distance; Risk Perception"
"A latent transition analysis examining the nature of and movement between career adaptability profiles","2022","Journal of Vocational Behavior","10.1016/j.jvb.2022.103728","https://www.scopus.com/inward/record.uri?eid=2-s2.0-85130353059&doi=10.1016%2Fj.jvb.2022.103728&partnerID=40&md5=0d7f9e36139e21b55b29644c195d1aef","Research on career adaptability has mainly relied on a variable-centered approach, focusing on the average effects of its four resource dimensions (i.e., concern, control, confidence, and curiosity) in relation to antecedents and outcomes within a given sample. A complementary approach is person-centered research (i.e., mixture models). Following 93 university students across an 11-week service-learning project, we collected data about students' career adaptability resources in three waves (at the beginning, middle, and completion of the project). Our analyses identified unique subgroups with distinct profiles of career adaptability resources that differed in level (i.e., low career adaptability, average career adaptability and high career adaptability), but not in shape. We then explored the patterns of movement and stability in these three profiles over time using latent transition analysis. Data about personal (i.e., regulatory focus: prevention and promotion focus) and situational (i.e., challenge and hindrance stressors) factors were collected to help explain the transitional probabilities for stability and change in profiles over time. The negative valence predictors (i.e., prevention focus and hindrance stressors) did not play a role in explaining the transitional probabilities between profiles, whereas the positive valence predictors (i.e., promotion focus and challenge stressors) did – a finding also relevant to the literature on developmental tasks as instigators of young people developing their career adaptability. Overall, these findings suggest that the person-centered approach can be a useful method to analyze change and stability in career adaptability profiles. © 2022 Elsevier B.V., All rights reserved.","Career Adaptability; Latent Transition Analysis; Mixture Models; Person-centered Approach; Profiles"
"How to minimize job insecurity: The role of proactive and reactive coping over time","2022","Journal of Vocational Behavior","10.1016/j.jvb.2022.103729","https://www.scopus.com/inward/record.uri?eid=2-s2.0-85129986840&doi=10.1016%2Fj.jvb.2022.103729&partnerID=40&md5=bb01795bdcdd1874a2d33bbcb9fbdd6d","Job insecurity is no longer a temporary setback but an experience that many workers endure for prolonged periods of time during their career. While there is much research on the behaviors that may help workers to cope with the negative consequences of job insecurity (i.e., reactive coping), insight into behaviors that may help workers to minimize or even prevent the experience of job insecurity itself is still minimal (i.e., proactive coping). Yet, such insight is crucial to advance our knowledge on the dynamics of job insecurity and may offer an alternative strategy to help workers manage the experience of job insecurity during their career. Hence, in this 5-wave weekly survey study among 266 workers, we view the experience of job insecurity as an ongoing process that may fluctuate over time and investigated whether proactive coping (career planning, scenario thinking, career consultation, networking, and reflecting) could help workers to minimize their future job insecurity. Multilevel path analyses showed that weekly proactive coping behaviors were either unrelated or positively (rather than negatively) related to job insecurity in the following week, indicating that positive outcomes of proactive coping may need more time to establish. Additionally, we explored whether coping behaviors that are proactive in theory could also function as reactive coping behaviors (i.e., could buffer the negative consequences of job insecurity). Results showed no buffering effects, indicating that theoretically proactive coping behaviors did not function reactively. We discuss that prolonged proactive coping efforts are needed in contemporary careers, despite the short-term discomfort. © 2022 Elsevier B.V., All rights reserved.","Coping; Job Insecurity; Multilevel Path Modelling; Proactive Behavior; Resources"
"A meta-analysis of retirement adjustment predictors","2022","Journal of Vocational Behavior","10.1016/j.jvb.2022.103723","https://www.scopus.com/inward/record.uri?eid=2-s2.0-85129972435&doi=10.1016%2Fj.jvb.2022.103723&partnerID=40&md5=d11e666b526fc02f7bbbbac99ced29f4","While most people experience a positive transition to retirement, as many as one third of the population find the transition challenging. Previous research has identified a number of factors that predict adjustment outcomes – with finances, physical health, marital relationship, wider social participation, and exit conditions identified as being particularly key. This study aimed to examine their relative contribution to retirement adjustment by assessing the magnitude of the associations between each key predictor category and retirement adjustment outcomes, as well as to examine potential important moderating factors. A three-level meta-analysis (based on 915 effect sizes, k = 139, N = 78,632) revealed that social participation had the strongest positive association with adjustment (r = .23), followed by physical health (r = .22), marital relationship (r = .18), finances (r = .17) and exit conditions (r = .15), respectively. Additional analyses revealed substantial variation within each category (with effect sizes ranging from r = −.03 to r = .43), suggesting that there is value in future research and theory to recognise substantive theoretical and empirical differences in defining retirement predictors. Less physical health symptoms and ease of maintaining social relationships were identified as the most important subfactors for successful adjustment. We discuss theoretical and practical implications of these findings in facilitating retirement adjustment. © 2022 Elsevier B.V., All rights reserved.","Exit Conditions; Finances; Marital Relationship; Meta-analysis; Physical Health; Retirement Adjustment; Social Participation; Well-being"
"Powerful, high-performing employees and psychological entitlement: The detrimental effects on citizenship behaviors","2022","Journal of Vocational Behavior","10.1016/j.jvb.2022.103725","https://www.scopus.com/inward/record.uri?eid=2-s2.0-85129749665&doi=10.1016%2Fj.jvb.2022.103725&partnerID=40&md5=5fd50b3e3e692f70c918a8045aa7619e","We extend the performance literature by moving beyond a focus on antecedents of employees' job performance. Rather, we consider the effects of employees' high performance on their subsequent psychological states and behaviors. We adopt a social exchange approach to explain why powerful, high-performing employees may feel psychologically entitled (i.e., a belief that they are owed more than what is typical from the organization), which then prevents them from engaging in organizational citizenship behaviors (i.e., discretionary behaviors that contribute to the effective functioning of the organization). We first establish internal validity by testing our theoretical model using an experimental study design. We then establish external validity by testing our theoretical model using multi-source field data from university employees in the United States. Both studies provide support for our theoretical model in that psychological entitlement mediates the negative indirect relationship between employees' performance and OCB when employee power is higher versus lower. Theoretical and practical implications are discussed. © 2022 Elsevier B.V., All rights reserved.","Citizenship Behaviors; Performance; Power; Psychological Entitlement"
"In good company? Development and validation of the Family-Supportive Coworker Behavior Scale","2022","Journal of Vocational Behavior","10.1016/j.jvb.2022.103724","https://www.scopus.com/inward/record.uri?eid=2-s2.0-85129714182&doi=10.1016%2Fj.jvb.2022.103724&partnerID=40&md5=6f1fee4f58b1f53305236b5f2964fbd3","The importance of support for helping employees effectively manage competing work and family demands is widely recognized. However, research is limited on the role that coworkers play in this regard. In particular, generic instrumentation has limited the extent to which research has been able to successfully target the nature of family-specific coworker support, including consideration of the dimensionality of supportive behaviors. The current paper contributes toward rectifying this oversight by developing and offering initial psychometric support for the Family-Supportive Coworker Behavior (FSCB) measure. The resulting two-factor, eight-item measure assesses the extent to which employees perceive their coworkers as being willing to actively facilitate their work-family balance via both emotionally and instrumentally supportive behaviors. Using exploratory and confirmatory factor analytic techniques, parallel analysis, and model fit assessments, we demonstrate support for this long overdue measure across multiple samples, evidencing the measure's reliability, validity, dimensionality, and incrementally predictive utility, in addition to establishing an initial nomological net. Theoretical and practical implications are discussed, as are specific recommendations for how this measure can advance both work-family and teams research and practice alike. © 2022 Elsevier B.V., All rights reserved.","Coworker Support; Emotional Support; Instrumental Support; Scale Development; Social Support; Work-family; Work-life"
"When does work-family conflict occur?","2022","Journal of Vocational Behavior","10.1016/j.jvb.2022.103727","https://www.scopus.com/inward/record.uri?eid=2-s2.0-85129692224&doi=10.1016%2Fj.jvb.2022.103727&partnerID=40&md5=9433d479a9b2075702b955f94a886f86","The present research examines diurnal patterns of work-family conflict episodes in a sample of 106 working adults collected every two hours over three days. Using boundary theory, we explore the timing of work-family conflict throughout the day and examine daily and weekly transitions as predictors of work-family conflict occurrence. We contrast two theoretical perspectives which suggest that transitions are a point for potential spillover and regulation failure (Ashforth et al., 2000), and that transitions necessarily shift resources, creating conflict attributions (Matthews et al., 2014). Results show work-family conflict occurs at all times of the day, and that family-to-work conflict has a distinct diurnal pattern. The timing of work-family conflict can be predicted by temporal and spatial transitions, the start and end of scheduled work times, and standard evening transition times. Both spillover and attributional perspectives were supported for self-reported transitions, but only spillover rationale was supported for scheduled transitions. Follow-up analyses suggest temporal transitions and rapid transitions are particularly strong correlates of work-family conflict episodes. In addition, role flexibility and permeability did not modify the relationship between transition occurrence and work-family conflict occurrence. This study yields novel theoretical and practical insight into the timing of work-family conflict episodes, and rigorously tests boundary theory. © 2022 Elsevier B.V., All rights reserved.","Boundary; Flexibility; Permeability; Time; Transitions; Work-family Conflict"
"The relationship between idiosyncratic deals and employee workplace deviance: The moderating role of exchange ideology","2022","Journal of Vocational Behavior","10.1016/j.jvb.2022.103726","https://www.scopus.com/inward/record.uri?eid=2-s2.0-85129715116&doi=10.1016%2Fj.jvb.2022.103726&partnerID=40&md5=2060db8416cc4515f3b964f48a3f924c","Existing research predominantly emphasizes the benefits of idiosyncratic deals (i-deals) for both employees and organizations. On the basis of social exchange theory, we propose a theoretical framework that delineates both the detrimental and beneficial influences of i-deals. We argue that i-deals have mixed effects on employee workplace deviance under the boundary condition of exchange ideology. We collected data in three waves from 259 employees working in a large construction company in northern China. Results reveal that, on the one hand, i-deals were less negatively related to workplace deviance via gratitude when employees had a weak (versus strong) exchange ideology. On the other hand, i-deals were more positively linked to workplace deviance via psychological entitlement when employees had a weak (versus strong) exchange ideology. Our research provides a better understanding of when and how i-deals lead to negative work behaviors. © 2022 Elsevier B.V., All rights reserved.","Exchange Ideology; Gratitude; Idiosyncratic Deals; Psychological Entitlement; Workplace Deviance"
"The development and validation of an updated job search behavior scale","2022","Journal of Vocational Behavior","10.1016/j.jvb.2022.103722","https://www.scopus.com/inward/record.uri?eid=2-s2.0-85129400141&doi=10.1016%2Fj.jvb.2022.103722&partnerID=40&md5=48e8b22080073045205f0a120b3fcdd4","Blau's (1993) two-dimensional measure of job search behavior has been a useful tool for measuring preparatory and active job search behavior. In the nearly 30 years since its original publication, however, the nature of job search behavior has changed drastically due to technological advancements. As time has passed, concerns regarding the content and structural validity of the original 12-item measure have been raised, calling into question its utility for measuring job search behavior in the 21st century. In this paper, we developed and validated an updated job search behavior scale using contemporary psychometric techniques, including item response theory. In doing so, we empirically examined the factor structure of the original and updated measure and conclude that the updated job search behavior scale is unidimensional. We provide evidence of content, structural, nomological, and discriminant validity that suggests that our updated scale should be used to measure job search behavior moving forward. © 2022 Elsevier B.V., All rights reserved.","Item Response Theory; Job Search Behavior"
"Pay it forward or keep it for myself? How narcissism shapes daily prosocial motivation and behavior after receiving help","2022","Journal of Vocational Behavior","10.1016/j.jvb.2022.103721","https://www.scopus.com/inward/record.uri?eid=2-s2.0-85129281262&doi=10.1016%2Fj.jvb.2022.103721&partnerID=40&md5=dd77ebebeab33eea8f8156f6e024adef","The purpose of this research is to deepen the understanding of how employees react to others' help in a day-to-day context, with a focus on the role of narcissism in employees' prosocial motivation and behaviors. We hypothesize that received help generally enhances employees' prosocial motivation at the daily level, in turn increasing their own behaviors to help other coworkers and decreasing their interpersonal deviance. In addition, these effects hold only among employees who are low in narcissism. In other words, employees who are more narcissistic tend not to “pay it forward” when they receive help from their peers at work because received help fails to increase their prosocial motivation. Data from a two-week daily experience sampling study of 129 employees' 1047 daily reports confirmed the hypothesized model. Further, the results demonstrated that the effect was driven by the rivalry, but not the admiration, dimension of narcissism. Implications for the research of received help are presented. © 2022 Elsevier B.V., All rights reserved.","Interpersonal Deviance; Narcissism; Organizational Citizenship Behavior; Prosocial Motivation; Received Help"
"Psychological contract breach and destructive voice: The mediating effect of relative deprivation and the moderating effect of leader emotional support","2022","Journal of Vocational Behavior","10.1016/j.jvb.2022.103720","https://www.scopus.com/inward/record.uri?eid=2-s2.0-85129235662&doi=10.1016%2Fj.jvb.2022.103720&partnerID=40&md5=c613c2c00ef16950e6a910d46a5c8313","Psychological contract breach (PCB) and its consequences have mainly been studied from a social exchange perspective or an affective events perspective. In this study, we use a relative deprivation perspective to capture the experience of loss following PCB and its implications on employees' reactions. Drawing from relative deprivation theory, we propose that perceived PCB can elicit the feeling of relative deprivation, which, in turn, induces employee destructive voice. We also suggest that higher levels of supervisor emotional support can help mitigate the positive association of PCB with the feeling of relative deprivation, and thus destructive voice. We conducted three studies to test our theory. In Study 1, we obtained data from 168 subordinate–supervisor pairs in China. Using a three-wave time-lagged design, we tested and found the mediating effect of relative deprivation on the relationship between PCB and destructive voice. In Study 2, we obtained data from 293 subordinate–supervisor pairs in China. Using the same design, we replicated the findings in Study 1 and found support for the moderating effect of supervisor emotional support. In Study 3, we used self-report data of 170 participants from the United States over three waves. We controlled for alternative mediating variables and prior measures of the focal variables to gauge the effect of time. The results supported our proposed moderated mediation model. Altogether, our findings supported the applicability of relative deprivation theory to understand PCB and its consequences, offering a new lens to study PCB. © 2022 Elsevier B.V., All rights reserved.","Destructive Voice; Psychological Contract Breach; Relative Deprivation Theory; Supervisor Emotional Support"
"Research on the mechanism of leader aggressive humor on employee silence: A conditional process model","2022","Journal of Vocational Behavior","10.1016/j.jvb.2022.103717","https://www.scopus.com/inward/record.uri?eid=2-s2.0-85127528440&doi=10.1016%2Fj.jvb.2022.103717&partnerID=40&md5=0b06d4317562fe1ff8f17281ca30fefe","The aggressive humor of leaders affects the psychological state of employees, which can easily lead to employee inaction in the organization and may even prompt employees to engage in unethical behaviors. In the context, this study conducted a questionnaire survey of 316 Chinese adult employees to examine the mechanism underlying the relationship between leader aggressive humor and employee silence. Results demonstrated that leader aggressive humor is positively correlated with employee silence; psychological security plays a mediating role between leader aggressive humor and employee silence; coworker support positively moderates (buffers) the relationship between leader aggressive humor and psychological security, and coworker support plays a moderating role in the process of the indirect influence of leader aggressive humor on employee silence through psychological security. These findings expand the research of aggressive humor and employee silence, have important significance for reducing the occurrence of aggressive humor and building a harmonious organizational environment. © 2022 Elsevier B.V., All rights reserved.","Coworker Support; Employee Silence; Leader Aggressive Humor; Psychological Safety"
"When leader humility meets follower competitiveness: Relationships with follower affective trust, intended and voluntary turnover","2022","Journal of Vocational Behavior","10.1016/j.jvb.2022.103719","https://www.scopus.com/inward/record.uri?eid=2-s2.0-85127502411&doi=10.1016%2Fj.jvb.2022.103719&partnerID=40&md5=87af48751c17c24b90493df2228182cf","Leader expressed humility (LEH) is an interpersonal, positive leader behavior that involves appreciating the strengths and contributions of others, recognizing one's own weaknesses, and being teachable. Investigating boundary conditions, our research juxtaposes LEH with followers' competitiveness, an indiscriminate need to compete and win at any cost. Employing social exchange theory, we theorize how follower competitiveness potentially impacts the positive effects of leader expressed humility on followers' affective trust in the leader and subsequent turnover. We examine our proposed moderated-mediation model with data from employees working in various German industries in two studies: a field study (Study 1) with four measurement points (time points 1–3 were separated by 1-month intervals and Time 4 followed 14 months after Time 2) and an experimental scenario study (Study 2). Results show (a) followers' competitiveness to weaken the effect of leaders' expressed humility on followers' affective trust in the leader as well as (b) indirect effects on followers' intended and actual, voluntary turnover. Notably, a consistent interaction pattern emerged across the two studies demonstrating that low (but not high) leader humility has divergent effects on followers as a function of followers' levels of competitiveness. From these results, we develop novel insights into the role of personality variables in social exchange processes and propose a minor extension of social exchange theory. © 2022 Elsevier B.V., All rights reserved.","Affective Trust; Follower Competitiveness; Leader Expressed Humility; Multi-wave Study; Social Exchange Theory; Voluntary Turnover"
"Factors affecting adolescents' science career expectations in Asian and Western top-performing educational systems","2022","Journal of Vocational Behavior","10.1016/j.jvb.2022.103718","https://www.scopus.com/inward/record.uri?eid=2-s2.0-85127217456&doi=10.1016%2Fj.jvb.2022.103718&partnerID=40&md5=72b24340df8dcb87a8ce37957141da0b","In the digital era, the supply of science workforce determines the growth of an economic system. We compared the impacts of potential factors (gender, socioeconomic status, science achievement, motivations, and epistemic beliefs) on adolescents' science career expectations, and examined whether there were commonalities and differences across academically top-performing economies. Specifically, we contrasted Asian economies [Beijing-Shanghai-Jiangsu-Guangdong (BSJG)—China, Chinese Taipei, Hong Kong, Japan, Korea, Macao, Singapore] against high-achieving or large Western countries with many science-job seekers (Australia, Canada, Estonia, Finland, New Zealand, UK, USA) using the Programme for International Student Assessment (PISA) 2015 data set. Results showed: (a) Although not all Western countries excelled in science achievement in this comparison group, generally they (except Finland and Estonia) had higher instrumental motivation; and attracted more girls, students weak in science, and even low in science enjoyment to join science careers. (b) Singapore was outstanding in having many students attracted to science careers as in the Western economies and had excellent science achievement. (c) Many of the other Asian economies were strong in science, but had relatively low enjoyment, instrumental motivation, and epistemic belief in science; and had fewer adolescents attracted to science careers. Relations between students' characteristics and their career expectations in Science and Engineering, Health Service, and Information and Communications Technology categories were also examined. © 2022 Elsevier B.V., All rights reserved.","Adolescent; Pisa; Science Career Expectation; Stem; Vocational Choice"
"To be a marketer or to do what marketers do? Using a mixed methods approach to explore the aspiring marketer mind-set","2022","Journal of Vocational Behavior","10.1016/j.jvb.2022.103716","https://www.scopus.com/inward/record.uri?eid=2-s2.0-85126938594&doi=10.1016%2Fj.jvb.2022.103716&partnerID=40&md5=2db24dbac6b601fe0fe3ccc90fb10556","Both anecdotal and evidential testimonies posit marketing as a “wicked” endeavor, in thrall to sales and profit and at odds with society's needs. Using social identity theory as our primary frame of reference we look to obtain some foreground understanding of those flowing through the educational/occupational transition system and towards this occupation. We explore how aspiring marketers perceive both marketing and marketing practitioners and evaluate how those perceptions contribute to a sense of social-self at an early-stage of career formulation. Our aim is to evaluate the potential for a link between reported marketer behavior, occupational perceptions and group character. A qualitative/quantitative mixed-model research approach is adopted combining both projective techniques and personality testing. Results, derived from UK university cohorts spanning three levels of study, suggest respondents focus primarily on externally oriented aspects of marketing work, with occupational aesthetics and conspicuous representation seen as both object and subject of a marketer role. Respondents self-report as strong on traits associated with promotion and persuasiveness but less on those related to an espoused creativity. We conclude there is evidence suggesting the study group perceives being a marketer at least as important as doing what marketers do and discuss the implications this might have for how and why marketing is practiced as it is. © 2022 Elsevier B.V., All rights reserved.","Career Choice; Education/work Transition; Marketer Behavior; Mixed Methods; Occupational Aesthetics; Social Identity; University Students"
"Success or growth? Distinctive roles of extrinsic and intrinsic career goals in high-performance work systems, job crafting, and job performance","2022","Journal of Vocational Behavior","10.1016/j.jvb.2022.103714","https://www.scopus.com/inward/record.uri?eid=2-s2.0-85126785640&doi=10.1016%2Fj.jvb.2022.103714&partnerID=40&md5=2b216f46b2e956c9f43586b5c67e9cb2","Despite the increasing evidence that has demonstrated the strengths of high-performance work systems (HPWS), there is no consensus on the relation between HPWS and job performance. By integrating HPWS theory with the model of career goals, we developed a mediated moderation model to explain the way career goals moderate the relation between employee-experienced HPWS and job performance, and whether job crafting mediates these interactive effects. Based upon a multi-phase, multi-source sample of 398 employees and their direct supervisors, we found that employee-experienced HPWS is related positively and significantly to job performance only when intrinsic career goals are high or when extrinsic career goals are low, and the results showed that job crafting mediates these moderated relations. Theoretical contributions, practical implications, and limitations are discussed as well. © 2022 Elsevier B.V., All rights reserved.","Extrinsic Career Goals; High-performance Work Systems; Intrinsic Career Goals; Job Crafting; Job Performance"
"A latent profile analysis of perceiving and living a calling","2022","Journal of Vocational Behavior","10.1016/j.jvb.2022.103694","https://www.scopus.com/inward/record.uri?eid=2-s2.0-85124966874&doi=10.1016%2Fj.jvb.2022.103694&partnerID=40&md5=37e82510c070beec9e428547bbbbe9a9","In the current study we used latent profile analysis (LPA) to construct profiles according to employed adult's feelings of perceiving and living out calling. A large sample of employed adults completed surveys at three time points over a six-month period. LPA was used to construct profiles at Time 1 and Time 2 and group differences among the profiles were examined according to job and life satisfaction at Time 2 and Time 3, respectively. At Time 1 and Time 2, a four-profile solution emerged as the best fit to the data with the following profiles: Enacted (high perceiving, high living), Average (average scores on both), Absent (low perceiving, low living), and Unanswered (high perceiving, low living). At both time points, participants in the Absent and Unanswered groups had significantly lower job and life satisfaction compared to the Enacted and Average groups three and six months later. Additionally, at both time points participants in the Unanswered group had lower job satisfaction, but not life satisfaction, than those in the Absent group three and six months later. Post hoc analyses suggested that participants in the Unanswered group may have more limited access to opportunity by way of lower levels of educational attainment, annual household income, and social class compared to most other profile groups. Implications for future research and practice are discussed. © 2022 Elsevier B.V., All rights reserved.","Calling; Job Satisfaction; Latent Profile Analysis; Life Satisfaction"
"The costs of political conversations at work: An experience sampling study during National Election Periods in South Korea","2022","Journal of Vocational Behavior","10.1016/j.jvb.2022.103704","https://www.scopus.com/inward/record.uri?eid=2-s2.0-85124612300&doi=10.1016%2Fj.jvb.2022.103704&partnerID=40&md5=f741f6cadef4e42ef864336546d3f0c1","Talking about politics with others or voicing your political views in public is a commonplace aspect of everyday life. In particular, after the U.S. presidential election in 2020, media sources highlighted the detrimental effects of political conversation at work on employee well-being and morale. Nevertheless, little academic research has sought to examine political interactions at work and their effects on employees' well-being and work outcomes. Integrating the concept of self-regulation with the coping model of stress, in this study we examine the costs of political conversations initiated by either supervisors or coworkers for employees' helping and withdrawal behaviors. We used an experience sampling method to collect two weekly surveys from 166 full-time workers from South Korea for 6 weeks (n = 823). Our multilevel path analysis found that during weeks when employees had more political conversations at work, they had higher levels of resource depletion, which in turn was linked to fewer helping behaviors and more withdrawal behaviors. Importantly, individuals' geographic region and political identity management (i.e., their preferences for openly talking about their political identity) moderated the indirect effects of political conversations on behavioral outcomes via increased resource depletion. © 2022 Elsevier B.V., All rights reserved.","Depletion; Political Conversation; Resources; Self-regulation; Stress"
"The development of explicit occupational gender stereotypes in children: Comparing perceived gender ratios and competence beliefs","2022","Journal of Vocational Behavior","10.1016/j.jvb.2022.103703","https://www.scopus.com/inward/record.uri?eid=2-s2.0-85124524578&doi=10.1016%2Fj.jvb.2022.103703&partnerID=40&md5=b1f037316c88929bb27a950922fa3b88","Overcoming gender occupational stereotypes is a major educational objective in removing barriers to children's future career ambitions and employment aspirations. Yet, the mechanisms that underlie the development of occupational stereotypes in school-age children remain unclear. This questionnaire study investigates the developmental relationship between two possible factors contributing to occupational stereotype development, perceptions of occupational gender ratio and personal beliefs about occupational competence, across the primary school years. One questionnaire assessed beliefs about the occupations held by men and women, by asking 195 children, aged 6 to 11 (UK Years 2 to 6), to report on the gender ratio of 24 occupations (e.g., who does a specific job) on a 5-point Likert scale (only males, mostly males, both, mostly females or only females). A second questionnaire assessed stereotyped attitudes by asking 194 children of comparable age to judge the competence of men and women (e.g., who can do a specific job very well) on the same scale. We found that children across age groups predominantly assigned men and women to traditionally male and female occupations, respectively, both in terms of perceived distribution and competence. However, while the perceived distribution of men and women remained stable across the sexes and age groups, stereotyped responding for competence was lower in girls than in boys, and decreased with age in both sexes for traditionally male and gender-neutral (but not for traditionally female), occupations. Some occupations which have become less gender-segregated in the workforce (e.g., Doctor, Head teacher), are also becoming more gender-balanced in children's beliefs. Taken together these results suggest that children's occupational stereotypes are influenced by developmental differences in children's understanding of gender, as well as perceptions about what jobs women and men have. We conclude by discussing practical implications for targeted interventions aimed at reducing occupational stereotyping in children. © 2022 Elsevier B.V., All rights reserved.","Gender Stereotypes; Occupational Segregation; Occupational Stereotypes; Perceived Competence; Stereotype Development"
"Playful work design and employee work engagement: A self-determination perspective","2022","Journal of Vocational Behavior","10.1016/j.jvb.2022.103693","https://www.scopus.com/inward/record.uri?eid=2-s2.0-85124246395&doi=10.1016%2Fj.jvb.2022.103693&partnerID=40&md5=5fe3ca8df72d6e6014d23c7f7d026b69","Drawing on self-determination and play theories, we develop a process model that proposes that daily playful work design (PWD; designing fun, designing competition) positively relates to employees' daily work engagement through basic psychological need satisfaction. A total of 162 Dutch employees filled out short surveys at the end of each workday for 2–5 days (603 observations). As hypothesized, employees were more engaged on the days they designed their work to be more playful, which was explained by the satisfaction of their needs for autonomy, relatedness, and competence. Moreover, as expected, designing fun and designing competition differed in how and why they related to work engagement. In addition, we found that daily PWD was related to same-day, but not next-day need satisfaction and work engagement. Most path coefficients were statistically invariant across levels of analysis (between- vs. within-person levels), suggesting their meaning and function is equivalent across levels. However, additional analyses revealed synergetic effects between overall use of designing fun and designing competition. These findings expand self-determination and play theories by revealing how and why a proactive and playful approach to work activities and relationships fosters work engagement. © 2022 Elsevier B.V., All rights reserved.","Basic Need Satisfaction; Play At Work; Playful Work Design; Proactivity; Self-determination Theory; Work Engagement"
"Longitudinal profiles of work-family interface: Their individual and organizational predictors, personal and work outcomes, and implications for onsite and remote workers","2022","Journal of Vocational Behavior","10.1016/j.jvb.2022.103695","https://www.scopus.com/inward/record.uri?eid=2-s2.0-85123914991&doi=10.1016%2Fj.jvb.2022.103695&partnerID=40&md5=7e84cd200f666bc94138eae1548847cc","This study relied on person-centered analyses to improve our understanding of how the four components of the work-family interface (i.e., work-to-family conflict, family-to-work conflict, work-to-family enrichment, and family-to-work enrichment) combine within specific profiles of employees. We also documented the stability of these profiles over time and their associations with theoretically-relevant predictors and outcomes. Finally, we examined whether these associations differed as a function of working remotely or onsite. A sample of 432 workers (152 working onsite and 280 working remotely) from the United States and the United Kingdom was recruited online and completed a questionnaire twice over a three-month period. Six profiles were identified and found to be moderately to highly stable over time: High Conflict, High Enrichment, Low Conflict and Low Enrichment, Low Conflict and High Enrichment, Low Conflict and Very High Enrichment, and Very Low Conflict. These profiles differed from one another in relation to work engagement, work-family balance satisfaction, work and family performance, and work and family authenticity, suggesting that the presence or absence of conflict between the work and home domains might be key in predicting workers' functioning. Harmonious passion for work predicted membership into the most desirable profiles, whereas obsessive passion, work centrality, and job demands had mixed effects on profile membership. Working onsite acted as a buffer against the detrimental effects of hindrance demands, while bolstering the benefits of challenge demands. Conversely, working remotely acted as a double-edged sword, maximizing the benefits of challenge demands and the risks of hindrance demands. © 2022 Elsevier B.V., All rights reserved.","Conflict And Enrichment; Job Demands; Latent Transition Analyses; Performance; Work Engagement; Work Passion; Work-family Interface"
"A qualitative exploration of solo self-employed workers' career sustainability","2022","Journal of Vocational Behavior","10.1016/j.jvb.2022.103692","https://www.scopus.com/inward/record.uri?eid=2-s2.0-85123831076&doi=10.1016%2Fj.jvb.2022.103692&partnerID=40&md5=8f2aaf9b493fc014ddec1187b328899a","Contemporary labor markets are characterized by rapidly growing numbers of solo self-employed workers who have their own businesses without employing employees. However, research on solo self-employment has almost exclusively focused on the decision to move into self-employment, thereby failing to consider the long-term career consequences of being solo self-employed. To complement existing research, we examined patterns of career self-management strategies among the solo self-employed in light of their career sustainability and enablers and barriers in their unique work context. We conducted 102 interviews among a heterogeneous sample of Dutch solo self-employed workers and identified four career self-management patterns: proactive crafters, adaptive crafters, survivors, and passive balancers. We found differences in their career sustainability (i.e., happiness, health, and productivity). Specifically, their happiness is overall sufficient while the level of productivity is mixed, and their health seems to be most problematic. This study contributes to the nascent scholarly literature on solo self-employment and career sustainability. Policymakers can use our findings to promote sustainable careers among the solo self-employed. © 2022 Elsevier B.V., All rights reserved.","Barriers; Career Self-management; Career Self-management Patterns; Enablers; Solo Self-employment; Sustainable Career"
"Intervening to enhance proactivity for socialization: A longitudinal field experiment","2022","Journal of Vocational Behavior","10.1016/j.jvb.2022.103690","https://www.scopus.com/inward/record.uri?eid=2-s2.0-85123713570&doi=10.1016%2Fj.jvb.2022.103690&partnerID=40&md5=ee5af421da27e5d0db13500d8d7cedcf","Objectives: The purpose of the current study is to test the efficacy of the Proactivity Orientation Program (POP) in facilitating university freshmen's proactive socialization. Design/Setting: A longitudinal field experiment was designed to test the hypotheses. Based on action regulation theory, the 8-h POP included training on developing goals, collecting information, generating and executing plans, and processing feedback. Participants: A total of 148 freshmen from a comprehensive university in China were randomly assigned to a control group (N = 74) or an experimental POP intervention group (N = 74). Main outcome measures: Questionnaires regarding four proactive socialization behaviors (i.e., feedback seeking, relationship building with instructors, general socializing, and positive framing), social integration, and anxiety were administered. The Office of Educational Administration provided freshmen's GPAs for the first semester. Results: Compared with those in the control group, freshmen in the POP group (a) reported more proactive socialization behaviors (i.e., feedback seeking, relationship building with instructors, general socializing, and positive framing), (b) experienced higher levels of social integration and lower levels of anxiety in the first three and four months after entering the university, and (c) had better academic performance for the first semester. Proactive socialization behaviors were found to mediate the POP's treatment effects on some of the adjustment outcomes. Furthermore, the intervention effects of the POP did not materialize immediately, but rather, emerged over time. Conclusions: The findings provide preliminary support for the POP intervention in facilitating freshmen's proactive socialization behaviors and adjustment outcomes. Our findings also suggest the importance of proactivity for freshmen adjustment and academic success. © 2022 Elsevier B.V., All rights reserved.","Freshmen Adjustment; Intervention; Orientation Program; Proactivity; Socialization Process"
"Daily autonomy and job performance: Does person-organization fit act as a key resource?","2022","Journal of Vocational Behavior","10.1016/j.jvb.2022.103691","https://www.scopus.com/inward/record.uri?eid=2-s2.0-85123895397&doi=10.1016%2Fj.jvb.2022.103691&partnerID=40&md5=80ca4ff3fa7621275e184e58e7d74bd8","In the present study, we integrate Person-Organization (P-O) fit and Job Demands-Resources theories to argue that P-O fit (i.e., value congruence between person and organization) is a key resource that facilitates the accumulation and activation of situational job resources. We hypothesize that P-O fit strengthens the well-established positive relationship between job autonomy and job performance. Measures of objective P-O fit were obtained for 43 Norwegian naval cadets before embarking on a training mission onboard a sailing ship. During the mission, we measured daily self-reported autonomy as well as peer-rated task and contextual performance for 30 consecutive days. As predicted, the results of multilevel modeling analyses showed that the relationship between daily autonomy and (a) next- (but not same-) day task performance, and (b) next- (and same-) day contextual performance is stronger positive for individuals high (vs. low) in P-O fit. Moreover, effects of the daily autonomy – P-O fit interaction were noticeable on performance several days after. We discuss the theoretical and practical implications of these findings. © 2022 Elsevier B.V., All rights reserved.","Autonomy; Contextual Performance; Diary Study; Key Resources; Person-organization Fit; Task Performance"
"Predicting supervisor and student competency ratings from a developmental assessment center: A longitudinal validation study","2022","Journal of Vocational Behavior","10.1016/j.jvb.2021.103666","https://www.scopus.com/inward/record.uri?eid=2-s2.0-85123740422&doi=10.1016%2Fj.jvb.2021.103666&partnerID=40&md5=fef9a931d59815d9a8eb1f8a77141088","The current study examined the ability of a developmental assessment center to support and predict professional competency development in a vocational education context. A longitudinal study was conducted where graduate organizational psychology students (N = 157 students and 501 placements) completed a developmental assessment center at the beginning of their degree, along with measures of Big Five personality and self-efficacy. Their performance was then assessed throughout the degree in three or four separate work placements using student and placement supervisor ratings. Both assessment center and placement ratings assessed students on seven work-relevant competencies. Competence developed linearly over placements with student-rated competency lower than supervisor-rated competency at the first placement but with these differences disappearing by the final placement. Consistent with the students undergoing a period of rapid professional development and principles of dynamic validity, the predictive validity of assessment center performance declined over time. The research also presents a rich picture of how competency ratings converge across raters and develop at different rates. The research provides novel longitudinal evidence regarding how objective competence and self-confidence are developed in a professional educational setting. It also shows how developmental assessment centers can be implemented within professional educational training to support career development. © 2022 Elsevier B.V., All rights reserved.","Competence; Developmental Assessment Center; Dynamic Validity; Longitudinal; Performance; Work Placements"
"An empirical analysis of the relationship between innovation activities and job satisfaction among French firms","2022","Journal of Vocational Behavior","10.1016/j.jvb.2021.103689","https://www.scopus.com/inward/record.uri?eid=2-s2.0-85122707062&doi=10.1016%2Fj.jvb.2021.103689&partnerID=40&md5=5d104f63779b17504ccc12a5317277f7","Drawing on the literature on innovation climate and employee attitudes, we discuss how innovations could impact job satisfaction. Using lagged predictors and relevant control variables, we investigate empirically this relationship on a large sample of French firms. Our estimation results show that employees in companies that engage in innovation activities are more likely to report increased job satisfaction. Moreover, building on previous organizational research arguing that layoffs are likely to create detrimental workplace atmosphere and conditions, we test whether the relationship between innovation and job satisfaction is moderated by downsizing decisions among the examined firms. We draw several theoretical and managerial implications. © 2022 Elsevier B.V., All rights reserved.","Downsizing; Innovation Activities; Job Satisfaction; Workplace"
"Psychological compassion climate: Examining the nomological network of perceptions of work group compassion","2022","Journal of Vocational Behavior","10.1016/j.jvb.2021.103688","https://www.scopus.com/inward/record.uri?eid=2-s2.0-85122673172&doi=10.1016%2Fj.jvb.2021.103688&partnerID=40&md5=df149efb81b1bf3f8c88c197455c961e","Organizational scholars have begun to focus on the pervasiveness of human suffering at work and the capacity of compassion to ease such suffering. Recent conceptual work has shifted from the individual to the group by positing compassion as a collective capacity that involves noticing others' suffering, feeling empathic concern, and attempting to alleviate that suffering. Drawing upon this foundation, the current paper elaborates on the theoretical concept of psychological compassion climate, defining it as the individual perception of shared norms around compassion within one's work group/unit, and develops and validates a brief measure to assess this construct. Specifically, in Study 1, we developed a new measure of psychological compassion climate and examined its nomological network, including theoretical antecedents, correlates, and consequences. In Study 2, we cross-validated the compassion climate measure using a time-separated design. In this study, psychological compassion climate assessed at Time 1 predicted improvements from Time 1 to Time 2 in three well-being indicators (i.e., anxiety, depressed mood, psychological flourishing) over a month-long span during the summer of 2020 at the height of the COVID-19 pandemic (when suffering of a variety of types was widespread). In addition, we also found that psychological compassion climate predicted compassion experiences at work over the one month interval, including compassion received from others as well as compassion given by the focal employees to others and to oneself. © 2022 Elsevier B.V., All rights reserved.","Compassion At Work; Psychological Compassion Climate; Well-being"
"Can a relationship buffer women leaders against the negative consequences of anger expression?","2022","Journal of Vocational Behavior","10.1016/j.jvb.2021.103665","https://www.scopus.com/inward/record.uri?eid=2-s2.0-85122264795&doi=10.1016%2Fj.jvb.2021.103665&partnerID=40&md5=8ebc0b8f8f3a26f622939950e71e636e","Previous research has demonstrated that while male leaders are rewarded for expressing anger in the workplace, female leaders are punished through negative characterizations and career outcomes. However this has primarily been demonstrated in situations where there is little familiarity between the leader and the target of the anger. The purpose of the current research is to examine whether a pre-existing relationship between a leader and an employee can buffer female leaders who express anger from negative characterizations and outcomes. Participants were given scenarios in which they were depicted as employees and their manager (either a male or a female) had expressed anger at them. In addition, half of the participants were told they had a pre-existing relationship with their manager while half were told they did not know their manager well. In study 1, with a graduate student sample, a pre-existing relationship buffered female managers who expressed anger from negative characterizations and career outcomes through attributing the anger more to external factors and less to internal factors. In study 2, with a national sample of working adults, both female and male managers were buffered when expressing anger in a pre-existing relationship through attributions, however, when controlling for attributions there was still a direct effect of pre-existing relationship that buffered female managers. Also, regardless of relationship status, female leaders were seen as violating gender stereotypes when expressing anger. In addition, female participants responded more negatively to anger expression, regardless of the gender of the leader or relationship status. © 2021 Elsevier B.V., All rights reserved.","Anger; Gender; Leadership; Relationship; Stereotype"
"Organizational politics and employee performance in the service industry: A multi-stakeholder, multi-level perspective","2022","Journal of Vocational Behavior","10.1016/j.jvb.2021.103677","https://www.scopus.com/inward/record.uri?eid=2-s2.0-85122107983&doi=10.1016%2Fj.jvb.2021.103677&partnerID=40&md5=1e6462347e81cc54762fc932f32e01f3","Organizational politics is everywhere in the workplace. While scholars have clearly shown the benefits of political skills (i.e., being politically savvy) and the costs of organizational politics (in terms of perception of organizational politics, POP), the contextual influences affecting how savvy employees navigate the political waters to achieve higher performance are less clear. We adopt a multi-stakeholder, multi-level perspective and explicitly recognize that the potential for conflicts of interests among various organizational actors (including employees, groups of coworkers, and managers) is a critical missing piece that can unite the literature on political skills and organizational politics. In particular, we theorize that effectiveness of politically skilled employees depends on both the political climate within their coworker group and their relative leader-member exchange (RLMX). Using a sample of sales representatives from two banks, we found a three-way interaction whereby employees' political skill is conducive to job performance when the group's political climate is weak (i.e., coworkers perceive little politics) and their RLMX is high. On the other hand, employees' political skill undermines their job performance when the group's political climate is strong (i.e., coworkers in the group perceive high levels of politics) and their RLMX is high. Our multilevel theorizing and findings offer additional insights into the intricate workings of organizational politics. © 2021 Elsevier B.V., All rights reserved.","Job Performance; Multilevel Theorizing; Political Climate; Political Skill; Relative Leader-member Exchange"
"Retiring in a white coat: Doctors working after retirement","2022","Journal of Vocational Behavior","10.1016/j.jvb.2021.103678","https://www.scopus.com/inward/record.uri?eid=2-s2.0-85121836736&doi=10.1016%2Fj.jvb.2021.103678&partnerID=40&md5=1dd6b63312ac98f69a1c67cfc3a96f12","Work constitutes a central component of a person's identity. Retirement, which is a significant change in life, also affects the way one's identity is established upon entering this new stage in life. Continuing to work after retirement enables individuals to maintain their professional identity alongside their retirement identity, thus facilitating the transition and entry into a new stage of life. The current study uses in-depth interviews to examine post-retirement working among Israeli doctors who have retired over the past few years but continue to work. The findings show that doctors have difficulty shedding their professional identity since the medical profession was, and still is, central to their overall identity. They thus experience retirement as a forced event rather than a desirable transition. However, by continuing to work, they preserve their status as doctors, which imparts a feeling of still being needed and thus enhances their self-image. Working beyond retirement allows doctors to put off the advent of old age and to avoid self-definition as retired persons, thus allowing them to preserve their professional status and hybrid identity. © 2021 Elsevier B.V., All rights reserved.","Aging; Doctors; Identity; Post-retirement Work; Retirement"
"You stay home, but we can't: Invisible ‘dirty’ work as calling amid COVID-19 pandemic","2022","Journal of Vocational Behavior","10.1016/j.jvb.2021.103667","https://www.scopus.com/inward/record.uri?eid=2-s2.0-85121830160&doi=10.1016%2Fj.jvb.2021.103667&partnerID=40&md5=35adc14dc62ec64948de81e2c2ed77d3","Research on calling has largely focused on its benefits for employees. This study contends that experiencing work as a moral duty based calling in invisible-dirty occupations can yield both favorable and unfavorable employee outcomes. Whether employees feel burdened or supported in their work and family roles depends on the demands and resources provided by the workplace. In a sample of 175 janitors at a large government hospital designated for treating COVID-19 patients in the national capital region of India, hypothesis testing results support that work calling is positively associated with both positive (job performance, subjective career success), and negative (work-family and family-work conflicts, burnout) outcomes. Further, job demands strengthen the relationship of work calling with work-family and family-work conflicts, and burnout, whereas, job resources augment the relationship between work calling and job performance, and subjective career success. © 2021 Elsevier B.V., All rights reserved.","Covid-19; Health Care; Invisible-dirty Work; Job Demands; Job Resources; Work Calling"
"Why and when does voice lead to increased job engagement? The role of perceived voice appreciation and emotional stability","2022","Journal of Vocational Behavior","10.1016/j.jvb.2021.103662","https://www.scopus.com/inward/record.uri?eid=2-s2.0-85120880158&doi=10.1016%2Fj.jvb.2021.103662&partnerID=40&md5=a1de327e5528e62eb938a06ab06f076b","Research has shown that employee voice (i.e., speaking up with constructive suggestions at work) can be beneficial to organizational functioning, but much less research has looked at how voice affects the individual employee. Based on the job demands-resources (JD-R) model, we develop and test theory on how voice may positively affect employees' job engagement over time. We hypothesize that voice leads to perceived voice appreciation, which serves as an important job resource that can lead to longer-term increases in job engagement. Furthermore, we propose that emotional stability, as an important personal resource, affects the indirect relationship between voice and increases in job engagement through perceived voice appreciation. We suggest that the indirect relationship becomes stronger as emotional stability increases. We tested our conditional indirect effect model using 5-wave longitudinal data from 614 employees over a period of 4 months. We applied latent growth curve modeling to predict within-person changes in job engagement. Results provided support for our hypothesized model. Overall, our findings suggest that the interplay between relevant job and personal resources affects whether and how voice can increase employee motivation over time. © 2021 Elsevier B.V., All rights reserved.","Emotional Stability; Employee Voice; Job Engagement; Longitudinal Study; Voice Appreciation"
"Happy to help, happy to change? A meta-analysis of major predictors of affiliative and change-oriented organizational citizenship behaviors","2022","Journal of Vocational Behavior","10.1016/j.jvb.2021.103664","https://www.scopus.com/inward/record.uri?eid=2-s2.0-85120754631&doi=10.1016%2Fj.jvb.2021.103664&partnerID=40&md5=eed0a3b3c2750413cf194be3f8cdb189","We meta-analytically test the extent to which positive and negative affect predict change-oriented citizenship behaviors (OCB-CH). More importantly, we examine the predictive power of affect versus established predictors, including (a) job satisfaction and (b) the five-factor model (FFM) personality traits. For comparative purposes, we include as outcomes two affiliative forms of citizenship: directed at other individuals (OCB-I) and directed at the organization (OCB-O). Meta-analytic results show three noteworthy findings. First, OCB-CH is significantly more strongly related to positive affect (ρ¯̂ = 0.27, k = 28) than to negative affect (ρ¯̂ = −0.11, k = 23), and positive affect is more strongly related to OCB-CH (ρ¯̂ = 27, k = 28) than to OCB-I (ρ¯̂ = 0.17, k = 12) and OCB-O (ρ¯̂ = 0.17, k = 9). Second, a large portion of the explained variance in OCB-CH is dominated by positive and negative affect (47%), substantially more than by the FFM personality traits (31%) or by job satisfaction (23%). Third, the incremental validity for predicting OCB-CH above and beyond the other predictors is the largest for (a) positive and negative affect in combination, followed by (b) the FFM personality traits and then (c) job satisfaction. These findings indicate that affect (in particular, positive affect) is a relatively stronger driver of OCB-CH compared to the FFM traits and job satisfaction. © 2021 Elsevier B.V., All rights reserved.","Affect; Change-oriented Ocb; Five-factor Model (ffm) Of Personality; Job Satisfaction; Meta-analysis; Organizational Change; Organizational Citizenship Behavior (ocb)"
"When does competitive psychological climate hurt mentoring? The moderating roles of mentors' job insecurity and trait competitiveness","2022","Journal of Vocational Behavior","10.1016/j.jvb.2021.103663","https://www.scopus.com/inward/record.uri?eid=2-s2.0-85120424888&doi=10.1016%2Fj.jvb.2021.103663&partnerID=40&md5=9b50d3748541713d9bf5ea2b9317e9d5","Drawing upon conservation of resources theory, we examined when mentors' competitive psychological climate (CPC) may have a negative impact on the extent of mentoring support received by protégés. We identified mentors' job insecurity and trait competitiveness as two key moderators. Our hypotheses were tested using time-lagged data collected from 174 ongoing mentoring dyads. The results showed that mentors' CPC was negatively related to the extent of mentoring support protégés reported receiving when mentors' job insecurity was high, but the relationship was not significant when their job insecurity was low. A similar pattern was found for mentors' trait competitiveness as a moderator. As expected, mentors' CPC did not have a main effect on mentoring support received by protégés. We also found that mentorship formality did not affect these moderation effects. Furthermore, supplementary analyses showed that the hypothesized moderation effects on the three different types of mentoring support (i.e., career-related support, psychosocial support, and role modeling) were generally similar to those on overall mentoring received, but they also revealed several interesting differences. Theoretical and practical implications of the findings are discussed. © 2021 Elsevier B.V., All rights reserved.","Competitive Psychological Climate; Conservation Of Resources Theory; Job Insecurity; Mentoring; Trait Competitiveness"
"How can organizations operating in a negative reputation industry attract job seekers?","2022","Journal of Vocational Behavior","10.1016/j.jvb.2021.103661","https://www.scopus.com/inward/record.uri?eid=2-s2.0-85119273999&doi=10.1016%2Fj.jvb.2021.103661&partnerID=40&md5=fc3629363746b2563b61d9a9546fcbc7","Despite the recognition of the importance of organizational reputation, our understanding of how organizations can overcome an unfavorable reputation to achieve recruitment success is incomplete. Drawing from social identity theory, the reputation repair literature, and signaling theory, we investigated the influence of two recruitment messages (serving the public's interest and employee development opportunities) on job seekers' job pursuit intentions for organizations operating in a negative reputation industry. To do so, we conducted two online experiments – one using a fictitious context and student job seekers and the other using actual companies and more experienced job seekers. The results show that recruitment messages focused on serving the public's interests enhanced employer reputation and job seekers' expected pride from organizational membership, and recruitment messages focused on employee development opportunities enhanced employer reputation and job seekers' expected organization-based self-esteem. The effects of the recruitment messages on job pursuit intentions were mediated by enhanced employer reputation, expected pride from organizational membership, and expected organization-based self-esteem. Theoretical and practical implications are discussed. © 2021 Elsevier B.V., All rights reserved.","Employer Reputation; Recruitment"
"A meta-analytic study of subjective career plateaus","2022","Journal of Vocational Behavior","10.1016/j.jvb.2021.103649","https://www.scopus.com/inward/record.uri?eid=2-s2.0-85119156666&doi=10.1016%2Fj.jvb.2021.103649&partnerID=40&md5=c396da43aa14955ea1527f61038920cc","We reviewed and synthesized the existing empirical research on correlates of two types of subjective career plateau (SCP): (1) hierarchical plateau (HP) and (2) job content plateau (JCP). Based on 126 independent samples, we found positive relationships between potential antecedents (career adaptability, person-environment fit, psychological capital, and workplace support) and SCPs, as well as relationships between SCPs and a variety of work outcomes. Specifically, SCPs were positively associated with counterproductive work behavior, job insecurity, psychological distress and turnover intentions but negatively associated with career satisfaction, extra-role performance, in-role performance, job involvement, job satisfaction, mentoring support of one's protégés, organizational commitment, and work engagement. SCPs were also related to other covariates, including age, gender, job tenure, race, and role ambiguity. Effect sizes were generally smaller for HP than for JCP, except for job insecurity and psychological distress. Finally, the scale used to measure SCP moderated some of these relationships. We discuss the theoretical and practical implications of these findings. © 2021 Elsevier B.V., All rights reserved.","Conservation Of Resources (cor) Theory; Hierarchical Plateau; Job Content Plateau; Meta-analysis; Subjective Career Plateau"
"Entrepreneurial career persistence of hybrid entrepreneurs: The opposing moderating roles of wage work-to-entrepreneurship enrichment and entrepreneurship-to-wage work enrichment","2022","Journal of Vocational Behavior","10.1016/j.jvb.2021.103660","https://www.scopus.com/inward/record.uri?eid=2-s2.0-85119045555&doi=10.1016%2Fj.jvb.2021.103660&partnerID=40&md5=a10c2d5041fdb21ddee56bfd7d3dcdfe","Hybrid entrepreneurs are individuals who are employees and entrepreneurs at the same time. In their quest to make their businesses successful, they commonly encounter challenges and adversities. This makes entrepreneurial persistence a key factor in the success of hybrid entrepreneurs. Drawing on social cognitive theory, the hybrid entrepreneurship context, and the perspective of person–environment fit, we developed a moderated mediation model in which person–venture fit, needs–venture supplies fit, and venture demands–abilities fit are associated with entrepreneurial persistence through entrepreneurial self-efficacy. We proposed that these indirect effects are conditional on wage work-to-entrepreneurship enrichment (WE enrichment) (the skills and experiences transferred to entrepreneurial work from wage work) and its converse, i.e., entrepreneurship-to-wage work enrichment (EW enrichment). Based on a sample of 279 hybrid entrepreneurs, we found support for the moderated mediation model, in which the positive effects of fit perceptions on entrepreneurial persistence via entrepreneurial self-efficacy were stronger for hybrid entrepreneurs reporting higher levels of WE enrichment. Theoretical and practical implications are discussed. © 2021 Elsevier B.V., All rights reserved.","Cross-role Enrichment; Entrepreneurial Persistence; Entrepreneurial Self-efficacy; Hybrid Entrepreneurship; Person-environment Fit"
"Educational channeling, internalized stereotyping, expectations fulfillment and major choice on Asian Americans' major satisfaction: A moderated mediation model","2022","Journal of Vocational Behavior","10.1016/j.jvb.2021.103647","https://www.scopus.com/inward/record.uri?eid=2-s2.0-85118690814&doi=10.1016%2Fj.jvb.2021.103647&partnerID=40&md5=bc3a1dc392c061098331007865bd8d28","This study examined whether culturally-valued or non-culturally-valued majors moderated the relation between educational channeling (or guiding and directing individuals) towards math and science and major satisfaction through internalized stereotyping and parental expectation fulfillment among 226 Asian American college students. Culturally-valued majors are defined as those in science, technology, engineering and math (STEM) or business which tend to have a large Asian American presence. Moderated mediation models demonstrated that parental expectation fulfillment mediated a positive relation between educational channeling and major satisfaction for Asian Americans with culturally-valued majors but not for those with non-culturally-valued majors. In contrast, internalized stereotyping mediated a negative relation between educational channeling and major satisfaction for Asian Americans with non-culturally-valued majors but not for those with culturally-valued majors. Findings suggest educational channeling towards math and science may be associated with major satisfaction via different cultural mediators across Asian American college students of culturally-valued versus non-culturally-valued majors. Public significance statement: When Asian Americans are steered towards math and science or culturally-valued majors, factors including their major choice, perceptions of whether they are fulfilling parental expectations, and whether their major aligns with Asian stereotypes are associated with their major satisfaction. The study's results stress the importance of considering culturally-specific factors in the context of Asian Americans' career development and encourage practitioners to consider these factors in career counseling with these students. © 2021 Elsevier B.V., All rights reserved.","Asian American; Educational Channeling; Internalized Stereotyping; Major Satisfaction; Parental Expectation"
