"Title","Year","Source title","DOI","Link","Abstract","Author Keywords"
"“Sexual activity for me is something else. It's the same as always: Sex aside and our love for each other.” Changes in sexual activity in dementia from the view of spouse-carers'","2023","Journal of Aging Studies","10.1016/j.jaging.2023.101193","https://www.scopus.com/inward/record.uri?eid=2-s2.0-85177036096&doi=10.1016%2Fj.jaging.2023.101193&partnerID=40&md5=49085ecca42cbc75f62a02cd73484498","The study aimed to explore the impact of Alzheimer's disease (AD) on spouse-carer's lives and the ways it affects their marital relationship and sexual activity. Data were obtained from qualitative interviews conducted with 11 spouse-carers of people with AD. Using interpretative phenomenological analysis (IPA), three themes emerged: psychological and emotional impact, social impact, and sexual impact. Some spouse-carers reported stress, poor emotional well-being, frustration, doubts about how to deal with the situation, sadness, loneliness, perception of losing connection with the partner, and feelings of companionship disappearing. Meanwhile, other spouse-carers reported closer relations and greater affection for their care-recipients after the diagnosis. Changes in sexual activity were attributed to aging and/or the effects of the illness. Gender influenced the perception of changes in the marital relationship but not in sexual activity. Participants reported conflicting perspectives towards the importance of sexual activity in the marital relationship and the replacement of sexual intercourse with other modes of expressing affection. We believe that understanding the specificities of marital relationships of couples in whom one spouse was diagnosed with AD would be helpful for developing coping strategies for persons living with dementia and their spouses. © 2023 Elsevier B.V., All rights reserved.","Alzheimer's Disease, Qualitative Interview; Marital Relationship; Sexual Activity; Spouse-carer; Alzheimer Disease; Caregiver; Human; Love; Psychology; Sexual Behavior; Spouse; Alzheimer Disease; Caregivers; Humans; Love; Sexual Behavior; Spouses"
"Personal benefits of older adults engaging in a participatory action research (PAR) project","2023","Journal of Aging Studies","10.1016/j.jaging.2023.101192","https://www.scopus.com/inward/record.uri?eid=2-s2.0-85176086064&doi=10.1016%2Fj.jaging.2023.101192&partnerID=40&md5=77f77168ac5e67e2a0e921a16fabd4ce","Participatory action research (PAR) is the process of conducting research with people rather than for them and is perceived as an empowering activity for older adults who participate in it. However, there is little evidence that outlines and explains the reasons why older adults engage in PAR. Thus, the aim of this study was to better understand the personal benefits for older adults participating in PAR. We based our study on the experiences of four older adults who volunteered for CareComLabs, a Swiss-based PAR project, for more than two years. A constructivist grounded theory design was used to explore the benefits of participating in CareComLabs by conducting in-depth, semi-structured interviews. The analysis yielded four categories of personal benefits of participating in CareComLabs: (a) enriching relationships; (b) broadening horizons for older age; (c) keeping in touch with one's profession; and (d) interacting in a nurturing community. Our findings may have implications for policies and frameworks focused on the identification of the potential of participatory action research as a community resource. © 2023 Elsevier B.V., All rights reserved.","Aging In Place; Co-researchers; Older Age; Participatory Action Research; Social Participation; Aged; Article; Case Report; Clinical Article; Community Resource; Female; Grounded Theory; Human; Independent Living; Male; Occupation; Participatory Action Research; Semi Structured Interview; Social Participation; Touch; Health Services Research; Participatory Research; Aged; Community-based Participatory Research; Health Services Research; Humans"
"“We never lived together either”: Couples' housing (re-) arrangements in later life","2023","Journal of Aging Studies","10.1016/j.jaging.2023.101190","https://www.scopus.com/inward/record.uri?eid=2-s2.0-85175543703&doi=10.1016%2Fj.jaging.2023.101190&partnerID=40&md5=d44db1359c07fb6d1c3ea28d245c6e8e","Social gerontology mainly addresses couples' housing arrangements in later life by focusing on partner's care, related adaptations in place, and changing role expectations within the couple relationship. Thereby, the resulting image does not fully represent today's diversity of couples' housing arrangements. This article considers housing arrangement and relationship orientation of older couples as entangled in social practice, providing a broader perspective on the diversity and dynamics of couples living arrangements in later life. In a qualitative study, we conducted joint in-depth interviews with ten couples from Germany aged 58 to 88 years. Couples talked about their shared biography and living together today. Data were merged with fieldnotes on housing constellations and analyzed following the documentary method. Couples co-constitute living together by using space in different ways. We found three relationship orientations of couples corresponding to practices of couples' housing arrangements: balancing physical and emotional presence by negotiating shared space, exploring presence by having a third common place, and reducing presence by separate housing. These orientation types which are linked with spatial (re-) arrangements reveal positioning to housing preferences in past relationships and point to societal concepts of coupledom as regards housing in later life. Space gives options for both being apart from and feeling close to the partner, partially at the same time. Diversity and dynamics of housing arrangements correspond to diversified and altering relationship orientations in later life. Considering couples' housing arrangements in later life as mutually constitutive broadens the options to examine the meaning of space in aging together. Moreover, this perspective can be combined with a critical approach towards stereotypical (hetero-) normative biases in research. © 2023 Elsevier B.V., All rights reserved.","Aging; Cohabitation; Couples; Housing Arrangements; Later Life; Spatial Environment; Adult; Aged; Aging; Article; Cohabitation; Germany; Housing; Human; Human Experiment; Interview; Literature; Negotiation; Qualitative Research; Family Structure; Psychology; Aging; Family Characteristics; Housing; Humans"
"“What's your accent, where are you from?”: Language and belonging among older immigrants","2023","Journal of Aging Studies","10.1016/j.jaging.2023.101189","https://www.scopus.com/inward/record.uri?eid=2-s2.0-85175328190&doi=10.1016%2Fj.jaging.2023.101189&partnerID=40&md5=0b6a30a9eb47e8fa4fc3b2eea609f975","Researchers have identified immigration and marginalization as two processes that impact older immigrants' experience of aging in the U.S. Our paper draws on 42 interviews with a diverse group of older American immigrants to center issues of language, accent, and Othering. We argue that the importance of language extends beyond communication for older immigrants, as English proficiency and accent are important boundaries determining inclusion and recognition as an American. Accents are a racialized characteristic that can prompt microaggressions and exclusion. We identified a racial pattern in reported reactions to accents among the participants in our study. White immigrants generally described positive appraisals of their accent, and typically had a choice whether to emphasize their national origins. While white immigrants were viewed as “Acceptable Outsiders,” many immigrants of color described microaggressions, ridicule, and discrimination related to their accented speech. We contend that these experiences of Othering can have a profound impact on sense of belonging, as many of the older immigrants of color in our study expressed a persistent sense of exclusion and even alienation. We advance the concept of “aging off center” to describe how repeated experiences of Othering and exclusion shape aging experiences for immigrants of color who are long-term residents of the United States. © 2023 Elsevier B.V., All rights reserved.","Accent; Aging; Language; Marginalization; Older Immigrants; Adult; Aging; Alienation; Article; English Proficiency; Female; Human; Human Experiment; Immigrant; Interview; Language; Male; Microaggression; Resident; Speech; United States; Interpersonal Communication; Migrant; Recognition; Speech Perception; Communication; Emigrants And Immigrants; Humans; Language; Recognition, Psychology; Speech Perception"
"Life-course transitions and exclusion from social relations in the lives of older men and women","2023","Journal of Aging Studies","10.1016/j.jaging.2023.101188","https://www.scopus.com/inward/record.uri?eid=2-s2.0-85174707982&doi=10.1016%2Fj.jaging.2023.101188&partnerID=40&md5=7537b1dd62f4fb0c09afee84d36ae77e","There is increasing interest across European contexts in promoting active social lives in older age, and counteracting pathways and outcomes related to social isolation and loneliness for men and women in later life. This is evidenced within national and European level policy, including the 2021 Green Paper on Ageing and its concern with understanding how risks can accrue for European ageing populations in the relational sphere. Research indicates that life-course transitions can function as a source of these risks, leading to a range of potentially exclusionary impacts for the social relations of older men and women. Findings presented in this paper are drawn from the qualitative component of a larger European mixed-methods study on exclusion from social relations (GENPATH: A life course perspective on the GENdered PATHways of social exclusion in later life, and its consequences for health and well-being). We use data from 119 in-depth interviews from four jurisdictions: Austria, Czechia, Ireland and Spain. This research employed an approach that focused on capturing lived experienced insights related to relational change across the life course, the implications of these changes for multifaceted forms of exclusion from social relations and the role of gender in patterning these changes and implications. We focused on transitions that commonly emerged across those jurisdictions for older people: onset of ill-health, bereavement, retirement and relocation. We found that these transitions translate into multidimensional experiences of exclusion from social relations in the lives of older men and women by constraining their social networks, support networks, social opportunities and intimate relationships. © 2023 Elsevier B.V., All rights reserved.","Bereavement; Exclusion; Ill-health; Older Adults; Relocation; Social Relations; Aged; Aging; Female; Human; Life Event; Loneliness; Male; Qualitative Research; Social Isolation; Aged; Aging; Female; Humans; Life Change Events; Loneliness; Male; Qualitative Research; Social Isolation"
"Inessential objects: Cherished possessions in late life in Indian fiction","2023","Journal of Aging Studies","10.1016/j.jaging.2023.101184","https://www.scopus.com/inward/record.uri?eid=2-s2.0-85174155790&doi=10.1016%2Fj.jaging.2023.101184&partnerID=40&md5=10dd878443858eef1c76f4cffcdf4083","Through close readings of three Indian short stories, this essay seeks to show how cherished possessions, such as a bed, a blanket and books, are not stable repositories of past memories but a means of materializing intergenerational relations within the family in the lived present and, perhaps even more interestingly, catalysts for new and hitherto unforeseen possibilities of self-discovery and connections with the world beyond. Part of the apparatus of self-care that older people can summon in the moment to supplement their selfhood, objects as presented in these stories appear to exceed their limited understanding as passive recipients of externally imposed meaning, with their complex and unstable signification finally shown to emerge through their mutually transformative entanglement with people. © 2023 Elsevier B.V., All rights reserved.","Agential Objects; Attachment; Extended Selfhood; Intergenerational Relations; Material Culture; Meaning-making; Renunciation; Adult; Article; Catalyst; Human; Human Relation; Meaning-making; Memory; Self Care; Aged; Psychological Adjustment; Questionnaire; Adaptation, Psychological; Aged; Humans; Intergenerational Relations; Self Care; Surveys And Questionnaires"
"A phenomenological, intersectional understanding of coping with ageism and racism among older adults","2023","Journal of Aging Studies","10.1016/j.jaging.2023.101186","https://www.scopus.com/inward/record.uri?eid=2-s2.0-85173783876&doi=10.1016%2Fj.jaging.2023.101186&partnerID=40&md5=d22656d5f6a1345a1b12fe57240b0515","The aim of this qualitative, phenomenological study was to understand how older adults cope with experiences of ageism and racism through an intersectional lens. Twenty adults 60+ residing in the U.S. Mountain West who identified as Black, Hispanic/Latino(a), Asian-American/Pacific Islander, Indigenous, or White participated individually in a one-hour, semi-structured interview. A team of five coders engaged in an inductive coding process through independent coding followed by critical discussion. Peer debriefing enhanced credibility. Nine themes were organized by three umbrella categories: Coping with ageism: 1) distancing via self-determination/defying stereotypes, 2) distancing by helping others; Coping with racism: 3) resistance, 4) exhaustion; Coping with both ageism and racism: 5) increased awareness through aging, 6) healthy lifestyle, 7) education, 8) acceptance/ ‘let it go’, and 9) avoidance. Novel findings include how older adults may cope with ageism and racism via increased awareness through aging and with ageism specifically by helping peer older adults, although instances of internalized ageism were noted and discussed. The themes exemplify problem-focused (e.g., helping others) and emotion-focused (acceptance), as well as individual (e.g., self-determination) and collective (e.g., resistance) coping strategies. This study can serve as a resource for practitioners in applying a more nuanced understanding of the ways older adults cope with ageism and racism in later life. © 2023 Elsevier B.V., All rights reserved.","Ageism; Coping; Intersectionality; Older Adults; Phenomenology; Racism; Aged; Ageism; Aging; Human; Psychological Adjustment; Qualitative Research; Racism; Adaptation, Psychological; Aged; Ageism; Aging; Humans; Qualitative Research; Racism"
"“Stop acting like a child – you're immature”: The reversed ageism of practicing self-injury as adult women and the reclaiming of our bodies","2023","Journal of Aging Studies","10.1016/j.jaging.2023.101187","https://www.scopus.com/inward/record.uri?eid=2-s2.0-85173651491&doi=10.1016%2Fj.jaging.2023.101187&partnerID=40&md5=f286f9f9151849d0bd3ab3f6a1e88d36","The practice of self-injury is considered deviant and pathological, and the stereotype of a self-injuring individual is a young, white, middle-class woman. By using an autoethnographic approach, I elucidate how four women and I, aged 35–51, with experiences of self-injury in adulthood, use, internalize, and speak through dominant discourses of self-injury. The practice of self-injury is an embodied one, and self-injury is stereotypically associated with immature, irresponsible, and emotionally unstable young women. As adult women who self-injure, we use and speak through this representation, which, to some extent, affects our self-image and identity as we are often “misrecognized” as full partners in everyday social interaction or when we represent our professions. Still, we resist the idea of self-injury as stemming from immaturity, and we work to reclaim our bodies and agency from the medicalized, ageist assumptions of the practice of self-injury. By doing this, we can also rewrite and transform the meaning of this practice. Our self-inflicted wounds or scars do not define who we are nor our level of maturity, intelligence, and attractiveness. Thus, we acknowledge that we have the right to our own bodies and what we do to that body. © 2023 Elsevier B.V., All rights reserved.","Adult Women; Ageism; Autoethnography; Gender; Self-injury; Social Stigma; The Body; Ageism; Automutilation; Female; Human; Self Concept; Stereotyping; Ageism; Female; Humans; Self Concept; Self-injurious Behavior; Stereotyping"
"Distributed age(ing): Features of a material gerontology","2023","Journal of Aging Studies","10.1016/j.jaging.2023.101185","https://www.scopus.com/inward/record.uri?eid=2-s2.0-85173023339&doi=10.1016%2Fj.jaging.2023.101185&partnerID=40&md5=7071e061a15f24323909615a28d6eb0c","In this paper, I develop features of a material gerontology which are summarised in the concept of “distributed age(ing);” that is, age(ing) that is distributed across and co-constituted through meanings, roles, and identities, as well as human and non-human forms of materiality, their productive dimensions and their relations to each other. The starting point is the critique of the human-centredness of gerontological approaches and, thus, the lack of a systematic conceptual consideration of non-human forms of materiality and agency in the context of age(ing). To overcome this problem, I propose the following shifts in perspective that are inspired by actor-network theory: from human-centredness to the recognition and consideration of the material diversity of age(ing); from the critique of subject/object dualism to the symmetrisation of materialities; from the seemingly given ontology of the ageing body to the re-ontologisation of age(ing); from the critique of intentional and causal determinants to embodiment and relationality; from linearity and chronology to the plural temporalities of age(ing). I will explain these features in more detail by using breathing as an example. I will show that the concept of distributed age(ing) allows for both the generation of new insights on age(ing) by asking how, where and when age(ing) takes place and reflection on presumptions, determinants and reductions of approaches belonging to social and cultural gerontology. © 2023 Elsevier B.V., All rights reserved.","Actor-network Theory; Breathing; Distributed Age(ing); Material Gerontology; Aging; Article; Breathing; Chronology; Gerontology; Human; Ontology; Theoretical Study; Geriatrics; Aging; Geriatrics; Humans"
"Dementia as a material for co-creative art making: Towards feminist posthumanist caring","2023","Journal of Aging Studies","10.1016/j.jaging.2023.101169","https://www.scopus.com/inward/record.uri?eid=2-s2.0-85172671819&doi=10.1016%2Fj.jaging.2023.101169&partnerID=40&md5=5a428fa25d1ffc23db0ac8d833dfe14e","This article generates new understandings of dementia through feminist posthumanist and performative engagements with co-creative artmaking practices during a six-month study in a residential care home in Norway. Dementia emerges within multisensorial entanglements of more-than-human materials in three different artmaking sessions, which first materialized in the form of collective photographs and vignettes and culminated in a final exhibition, Gleaming Moments, in the care home. Drawing on these photographs, vignettes, and the author's engagement as a research artist in the sessions, this analysis examined how dementia was enacted as a spark of inspiration, felted warm seat pads, and a friendly more-than-human touch, that is, a touch of human and nonhuman art materials. These findings suggest new ontologies of dementia within multisensorial artmaking practices, in which dementia functions as a material for co-creative artmaking rather than a disease. These findings disrupt dominant biomedical ontologies of Alzheimer's disease and other dementias, as well as humanist person-centered practices in dementia care, which have concretized an individual, rather than relational, focus on dementia. In contrast, this study explores dementia as a phenomenon within the entanglements of human and nonhuman intra-active agencies. By highlighting the significance of these agencies (i.e., sponge holder-painting, wool-felting, choir-singing, chick-making) for different worlds-making with dementia, this study provides an entry point for imagining feminist posthumanist caring. Thus, dementia becomes a matter in life that is not to be managed and defeated to achieve successful aging, but to be interrogated and embraced. © 2023 Elsevier B.V., All rights reserved.","Aging; Co-creative Artmaking Practices; Dementia; Feminist Posthumanist Caring; More-than-human Art Materials; Multisensorial Entangled Intra-actions; Alzheimer Disease; Art; Dementia; Feminism; Human; Humanism; Alzheimer Disease; Art; Dementia; Feminism; Humanism; Humans"
"Social egg freezing as ambivalent materialities of aging","2023","Journal of Aging Studies","10.1016/j.jaging.2023.101183","https://www.scopus.com/inward/record.uri?eid=2-s2.0-85171987154&doi=10.1016%2Fj.jaging.2023.101183&partnerID=40&md5=befdda95950f6f538ad110a381cb77be","This commentary explores how the material-nonmaterial transactions around reproduction among women raise paradoxical questions of reproductive autonomy and commercialization of reproduction. Drawing from medical anthropological studies on human reproduction, the technology around social egg freezing has been conceived to proffer ambivalent possibilities of hope, despair, and repair as mature women recalibrate their reproductive identities, especially in pronatalist contexts. Building on the material-discursive critique of the ‘material turn’, I ask if social egg freezing offers an empowering biological reprieve for women who have ‘chosen’ a non-normative (i.e., a departure from heterosexual conjugality) life-course. Subsequently, how does one “do age” when material entanglements (here, reproductive technologies) disrupt the symbolic performance of the life-course? Or, does this reproductive autonomy actualized through social egg freezing align well with the neoliberal prerogatives of “successful aging,” thereby intensifying the specter of the “Third Age”? Overall, through an analysis of (reproductive) technologies, as well as the question of choice and social bodies, I argue how new materialities and anxieties of growing old can undergird the material-cultural link in gerontology. © 2023 Elsevier B.V., All rights reserved.","Biomedicalization Of Reproduction; Material Turn; Social Egg-freezing; The Third Age; Adult; Aging; Anxiety; Article; Drawing; Female; Gerontology; Heterosexuality; Human; Lifespan; Male; Oocyte Cryopreservation; Reproduction; Cryopreservation; Fertility Preservation; Aging; Cryopreservation; Female; Fertility Preservation; Humans"
"Spacetimematter of aging – The material temporalities of later life","2023","Journal of Aging Studies","10.1016/j.jaging.2023.101182","https://www.scopus.com/inward/record.uri?eid=2-s2.0-85171665566&doi=10.1016%2Fj.jaging.2023.101182&partnerID=40&md5=f0f2284e40b7755fe4cc403bcf8ad1dd","Material gerontology poses the question of how aging processes are co-constituted in relation to different forms of (human and non-human) materiality. This paper makes a novel contribution by asking when aging processes are co-constituted and how these temporalities of aging are entangled with different forms of materiality. In this paper, we explore the entanglements of temporality and materiality in shaping later life by framing them as spacetimematters (Barad, 2013). By drawing on empirical examples from data from a qualitative case study in a long-term care (LTC) facility, we ask how the entanglement of materiality and temporality of a fall-detection sensor co-constitutes aging. We focus on two types of material temporality that came to matter in age-boundary-making practices at this site: the material temporality of a technology-in-training and the material temporality of (false) alarms. Both are interwoven, produced and reproduced through spacetimematterings that established age-boundaries. Against the backdrop of these findings, we propose to understand age(ing) as a situated, distributed, more-than-human process of practices: It emerges in an assemblage of technological innovation discourses, problematizations of demographic change, digitized and analog practices of care and caring, bodily functioning, daily routines, institutionalized spaces and much more. Finally, we discuss the role power plays in those spacetimematterings of aging and conclude with a research outlook for material gerontology. © 2023 Elsevier B.V., All rights reserved.","Algorithms; Boundary-making Practices; Long-term Care; Materiality; Temporality; Aging; Geriatrics; Human; Qualitative Research; Technology; Aging; Geriatrics; Humans; Qualitative Research; Technology"
"The domestication of remote monitoring: The materialisation of care?","2023","Journal of Aging Studies","10.1016/j.jaging.2023.101168","https://www.scopus.com/inward/record.uri?eid=2-s2.0-85171375638&doi=10.1016%2Fj.jaging.2023.101168&partnerID=40&md5=4a934137c48f3f094d79c6e2595b9b9e","Recent years have seen an influx of technologies aimed at enabling older people to remain at home. Remote monitoring is one such technology. By tracking the body as it moves through time and space, remote monitoring enables a care connection which transcends the physical boundaries of the home. Based on 43 interviews conducted with 21 older people trialling remote monitoring, this study critically explores how older people integrate (or not) remote monitoring into the material and symbolic fabric of their homes. Drawing on the concept of domestication alongside materialities of care, we explore the active ways in which participants make sense of, and incorporate, remote monitoring into the intimacy of their homes. We find that domesticating remote monitoring, an apparently mundane and ordinary object, is a complex and conflicting process which has consequences for the ageing body. Through its domestication, remote monitoring occupies an ambiguous symbolic and material position at the intersection of public and private. While the rationale behind remote monitoring is to minimise physical risk, we find that its proximity to intimacy and its capacity to ‘monitor’ everyday practice poses symbolic and social risks to people's sense of home and their identities. Our findings highlight how ageing bodies are mediated and reconfigured through these technologies and how ageing bodies are potentially viewed as in decline and/or risky. Remote monitoring was viewed as a ‘safety net’; however, acknowledging that safety was a concern, simultaneously positioned participants as ‘at risk’, a category associated with decline and dependency. Once incorporated into the home, the technology represented an ‘active ageing’ gaze which, through its imagined capacity to judge, risked disrupting the flow of everyday routines; it elicited a heightened awareness of otherwise taken-for-granted practices. Despite this, for some participants, remote monitoring was appropriated to enact care for others, a way to alleviate the emotional labour of family members, and thus refute normative assumptions underpinning remote monitoring about older people as passive recipients of care. Remote monitoring is not passively incorporated into the domestic setting. On the contrary, older people actively assign symbolic meaning to it. © 2023 Elsevier B.V., All rights reserved.","Ageing In Place; Domestication; Materialities Of Care; Remote Monitoring; Adult; Aging; Article; Awareness; Domestication; Drawing; Drug Safety; Female; Gaze; Healthy Aging; Human; Human Experiment; Independent Living; Interview; Intimacy; Male; Remote Sensing; Aged; Psychology; Aged; Aging; Domestication; Humans"
"“Keeping our distance”: Older adults' experiences during year one of the COVID-19 pandemic and lockdown in Australia","2023","Journal of Aging Studies","10.1016/j.jaging.2023.101170","https://www.scopus.com/inward/record.uri?eid=2-s2.0-85171321860&doi=10.1016%2Fj.jaging.2023.101170&partnerID=40&md5=55054afc31cfa8015f9c15c18e388946","The first year of the COVID-19 pandemic had a profound impact on everyday life in Australia despite relatively low infection rates. Lockdown restrictions were among the harshest in the world, while older adults were portrayed as especially vulnerable by politicians and the media. This study examines the perceptions and experiences of the pandemic and lockdowns among 31 older Australians. We investigated how participants perceived their own vulnerability, their attitudes towards lockdowns and protective behaviors, and how the pandemic affected everyday life. We found that participants were cautious about COVID-19 and vigilant observers of physical distancing. Despite approving of public health guidelines and lockdowns, participants raised concerns about weakening social ties and prolonged social isolation. Those living alone or lacking strong family ties were most likely to report increased loneliness. Most participants nonetheless regarded themselves as “fortunate”: they perceived older age as affording them financial, emotional, and relational stability, which insulated them from the worst impacts of the coronavirus pandemic. In their views, financial independence and post-retirement lifestyles helped them adapt to isolation and the disruption of lockdowns. © 2023 Elsevier B.V., All rights reserved.","Coronavirus Pandemic; Generational Differences; Lockdowns; Protective Behavior; Retirement; Social Isolation; Aged; Australia; Communicable Disease Control; Coronavirus Disease 2019; Emotion; Human; Pandemic; Aged; Communicable Disease Control; Covid-19; Emotions; Humans; Pandemics"
"No place to go? Older people reconsidering the meaning of social spaces in the context of the COVID-19 pandemic","2023","Journal of Aging Studies","10.1016/j.jaging.2023.101167","https://www.scopus.com/inward/record.uri?eid=2-s2.0-85169916726&doi=10.1016%2Fj.jaging.2023.101167&partnerID=40&md5=75fd50665425d65bb321bcb217c28303","Under COVID-19 restrictions, older people were advised to avoid social contact and to self-isolate at home. The situation forced them to reconsider their everyday social spaces such as home and leisure time places. This study approached the meaning of social spaces for older people by examining how older people positioned themselves in relation to social spaces during the pandemic. The data were drawn from the Ageing and social well-being (SoWell) research project at Tampere University, Finland, and they consisted of phone interviews collected during the summer of 2020 with 31 older persons aged 64–96 years. The data were analysed using the frameworks of positioning analysis and environmental positioning. Results showed the positions of older people being manifold, flexible and even contradictory. Within home, the participants portrayed themselves as restricted due to limited social contact, but also as able to adapt to and content being alone. Virtual spaces were depicted as spaces for younger and healthy persons, and the participants themselves as sceptical technology users not satisfied with technology-mediated interaction. Within an assisted living facility, the participants described themselves as sensible and responsible persons who wanted to follow the facility's pandemic-related rules but also as independent persons having nothing to do with these rules. In the spaces outside the home, the participants portrayed themselves as persons who followed pandemic instructions but also as persons who were not required to follow the instructions because they could use their own judgement. These self-positions shed light on the social needs of older people in the spaces of their everyday lives. Our results provide useful insights for policy makers and professionals working with older people and will help to promote spaces of living, care and everyday life that can enhance and maintain social interaction and well-being both in times of change and in more stable times. © 2023 Elsevier B.V., All rights reserved.","Covid-19; Older Adults; Place; Position; Positioning Theory; Social Space; Aged; Aging; Assisted Living Facility; Coronavirus Disease 2019; Human; Pandemic; Social Environment; Very Elderly; Aged; Aged, 80 And Over; Aging; Assisted Living Facilities; Covid-19; Humans; Pandemics; Social Environment"
"Ageing without senescence: A critical absence in social gerontology?","2023","Journal of Aging Studies","10.1016/j.jaging.2023.101166","https://www.scopus.com/inward/record.uri?eid=2-s2.0-85169035464&doi=10.1016%2Fj.jaging.2023.101166&partnerID=40&md5=902032f3112470bf8c07311fffb3f044","This paper addresses the absence of the term ‘senescence’ in recent social science literature on ageing. The significance of this omission is considered in light of the emerging standpoint of gero-science, which argues that the central processes defining ageing are concerned with the rising probability of functional decline, development of degenerative disease and death. From this perspective, the separation of ageing and senescence sustains the myth that there exist forms of ageing that are exempt from senescence. The persistence of this myth underlies ageing studies, the sociology of later life and most social gerontology. While there have been undoubted benefits arising from this bracketing out of senescence, the argument of this paper is that the continuing advances associated with this standpoint are outweighed by the need to seriously engage with the consequences of contemporary societal ageing and the centrality of the processes of senescence in establishing an adequate understanding of ageing, its correlates and contingencies and its personal and social consequences. © 2023 Elsevier B.V., All rights reserved.","Ageing; Gero-science; Mortality; Old Age; Senescence; Social Gerontology; Aging; Geriatrics; Human; Sociology; Aging; Geriatrics; Humans; Sociology"
"The second empty nest: The lived experience of older women whose intensive ‘grandmotherhood’ has ended","2023","Journal of Aging Studies","10.1016/j.jaging.2023.101163","https://www.scopus.com/inward/record.uri?eid=2-s2.0-85166929985&doi=10.1016%2Fj.jaging.2023.101163&partnerID=40&md5=f08946c639d9cbdda4e2e4f5de2e868a","Grandmothers are the major nonparental unpaid source of childcare in Western societies. Intensive caring for grandchildren may pose challenges to some grandmothers, but also offers an opportunity to refill the ‘empty nest’ often experienced in mid-life. When grandmothers' intensive involvement in their grandchildren's care decreases significantly or ceases altogether, they may experience a recurrence of the empty nest syndrome. This may be particularly powerful in the familial and pro-natalist Israeli society, where caring for children is a central tenet of femininity. Despite the growing numbers of grandmothers whose intensive involvement in caring for their grandchildren has ended, this transition has been overlooked socially and rarely examined empirically. To fill this void, the present study examined the lived experience of these grandmothers and the relevance of the concept of the ‘second empty nest’ in this context. Within a phenomenological study, in-depth interviews were conducted with 11 Israeli women whose intensive ‘grandmotherhood’ (childcare occurring at least three times per week, for at least two hours each day, for a minimum of two years) has ended. These interviews were analyzed according to Moustakas' phenomenological analysis. The analysis revealed four themes: the circumstances of the cessation of intensive childcare involvement; difficulties and challenges experienced; positive aspects associated with it; and behavioral and cognitive strategies utilized to cope with the void in grandmothers' lives. The grandmothers' experiences reveal a significant similarity to that reported by mothers undergoing the empty nest syndrome. Hence, we offer the term ‘the second empty nest’ to represent the phenomenon of grandmothers' cessation of intensive childcare. Alongside the similarities between the two empty nests, the challenges of the second transition seem more intense than those posed by the first. This is due to the different locations of mothers and grandmothers across the lifespan and the intersection between sexism and ageism that underlies Western societies. Possible practices to assist grandmothers undergoing the second empty nest are suggested. © 2023 Elsevier B.V., All rights reserved.","Empty Nest Syndrome; Grandmothers; Second Empty Nest; Ageism; Article; Care Behavior; Child; Child Care; Clinical Article; Female; Femininity; Grandchild; Grandmother; Human; Human Experiment; Interview; Israeli; Lifespan; Organization; Personal Experience; Phenomenology; Sexism; Aged; Longevity; Mother; Aged; Ageism; Female; Femininity; Humans; Longevity; Mothers; Sexism"
"The philosophy of collective memory in the novel “The Buried Giant” by Kazuo Ishiguro","2023","Journal of Aging Studies","10.1016/j.jaging.2023.101164","https://www.scopus.com/inward/record.uri?eid=2-s2.0-85166532466&doi=10.1016%2Fj.jaging.2023.101164&partnerID=40&md5=ecac1bdacb539a113dcd074d39c3f574","Memory is one of major themes running through Kazuo Ishiguro's works. One of such works is The Buried Giant. This study aims to analyze the concept of collective memory in Kazuo Ishiguro's novel The Buried Giant through hermeneutic interpretation and sociological analysis. The results show that this novel links collective memory with individual experience and generational identity, whilst making aging a central element in the exploration of time and history. In the novel, collective memory is seen through the prism of aging. The aging characters serve as a metonymy to convey the image of memory. They find themselves in circumstances broadcasting a horrific story of decline and marginalization of the nation because they cannot access the past and move into the future. They revisit the story of their lives but even though they can recount their losses, they do not seem to be critical neither of their past choices nor of their responsibilities in global conflicts they lived through. In The Buried Giant, the elderly characters are the ones who come to terms with their individual and collective histories to face their remaining years. This is not an idealized vision of wisdom though; rather, it is an acceptance of complicity and guilt. The results can be applied in literary, sociological and historical studies concerning the collective memory of different historical periods. They are of practical value as they contribute to the study of collective memory in literary theory. Also, research on collective memory in literature sheds light on the ways historical events and shared experiences impact human behavior, beliefs, and decision-making processes. © 2023 Elsevier B.V., All rights reserved.","Collective Memory; Individual Memory; Kazuo Ishiguro; Memories; Recurring Past; “the Buried Giant”; Aging; Human; Philosophy; Sociology; Aging; Humans; Philosophy; Sociology"
"Staying connected: Alzheimer's hashtags and opportunities for engagement and overcoming stigma","2023","Journal of Aging Studies","10.1016/j.jaging.2023.101165","https://www.scopus.com/inward/record.uri?eid=2-s2.0-85166283746&doi=10.1016%2Fj.jaging.2023.101165&partnerID=40&md5=3877a2126057a696d1954faa539a7250","Alzheimer's disease (AD) is a terminal, neurodegenerative disease, and consequently is difficult to communicate about as it is stigmatized, and discussions are rife with misconceptions. By situating AD conversations in the sociocultural space of the opportunity model of presence during the end-of-life process, a framework developed illustrating the potential trajectory from living with illness through death and into bereavement, we examined networked discussions surrounding Alzheimer's related hashtags on Twitter (N = 132,803) between January 1st, 2010, and September 29th, 2021. Using the mixed-method approach of the Analysis of Topic Model Network (ANTMN) framework, results revealed 30 topics clustered into five distinct themes: promotion, education, action, “You aren't alone”, and dementia. Results indicated that discussions surrounding World Alzheimer's Day focused on changing stigma and promoting engagement in difficult conversations. The frequency of themes over time remained relatively stable. By understanding how Twitter's online discourse may be used to overcome stigmatized topics, we can continue to tailor messages to reduce stigma and provide support for those who experience similar health issues. © 2023 Elsevier B.V., All rights reserved.","Alzheimer's And Dementia; Big Data; End Of Life; Hashtags; Misperceptions; Twitter; Alzheimer Disease; Degenerative Disease; Human; Interpersonal Communication; Social Stigma; Alzheimer Disease; Communication; Humans; Neurodegenerative Diseases; Social Stigma"
"Exclusion within exclusion: The experiences of internally displaced older adults in Lugbe camp, Abuja","2023","Journal of Aging Studies","10.1016/j.jaging.2023.101160","https://www.scopus.com/inward/record.uri?eid=2-s2.0-85166256450&doi=10.1016%2Fj.jaging.2023.101160&partnerID=40&md5=63cad2d7d553c6ce53696789614946f9","As the Boko Haram insurgency-induced conflict in Northeast Nigeria lingers and more people are made homeless, Displaced older persons who have lost their social networks, support systems, status, and roles as a result may experience new challenges at the internally displaced persons (IDPs) camps. Our study explored older adults' experiences of exclusion in the Lugbe IDP camp in Abuja. Data was collected through semi-structured interviews with 14 displaced older adults aged 60 and above who have lived in the camp for five years. The collected data were subsequently transcribed and analysed thematically using NVivo 12. Findings showed that displaced older adults suffered social, economic, and political exclusions. They were also excluded from participating in training programmes that could equip them with the skills to survive in their new environment. Similarly, it was found that the displaced older adults in the study had difficulty connecting with friends and families outside the camp due to their lack of experience in utilising digital technology, resulting in feelings of increased loneliness. Poverty and lack of education were identified as the main predisposing factors for exclusion. Exclusion affected displaced older people's health and life satisfaction. We recommend that organisers/managers of IDP camps ensure that policies and programmes are sufficiently inclusive of and sensitive to the physical and mental well-being of older Internally Displaced Persons. This would be in accordance with the African culture of support and consistent with the United Nations Sustainable Development Goals. © 2023 Elsevier B.V., All rights reserved.","Exclusion; Inclusion; Older Adults; Protracted Displacement; Aged; Article; Digital Technology; Education; Female; Friend; Genetic Transcription; Human; Human Experiment; Internally Displaced Person; Life Satisfaction; Loneliness; Male; Manager; Poverty; Psychological Well-being; Semi Structured Interview; Skill; Sustainable Development Goal; Training; United Nations; Emotion; Information Processing; Policy; Very Elderly; Aged; Aged, 80 And Over; Data Collection; Emotions; Friends; Humans; Loneliness; Policy"
"From ethical approval to an ethics of care: Considerations for the inclusion of older adults in ethnographic research from the perspective of a ‘humanisation of care framework’","2023","Journal of Aging Studies","10.1016/j.jaging.2023.101162","https://www.scopus.com/inward/record.uri?eid=2-s2.0-85166249422&doi=10.1016%2Fj.jaging.2023.101162&partnerID=40&md5=a1dd6d7db56258aab8112c653f5ba58e","A deeper understanding of care demands the methodological finesse of qualitative research: we must observe, listen, and witness to expose what matters to care recipients. In this paper, we – a team of three: one early-career researcher and two supervisors – reflect on our experiences of designing and then seeking ethics approval for ethnographic research on care for older adults, many of whom demonstrate a lack of capacity to consent to research. Viewing experiences of well-being and dignity as embedded within interpersonal negotiations, this study privileges care home residents' daily life, looking to stories and observations of daily life to reveal the complexities of well-being in the care home setting. This paper emphasizes the importance of using qualitative research methods to gain a deeper understanding of care practices, particularly in the context of care for older adults with varying cognitive capacities. By privileging the daily life experiences of care home residents and employing the logic of process consent, we aim to include the voices of all participants, not just those who can provide written informed consent. However, obtaining ethics approval for this type of research presents several challenges, requiring careful negotiation and the inclusion of consultee advice. This paper highlights the tensions between procedural ethics and the need for better inclusion of vulnerable populations in ethnographic research on care. By addressing these challenges, we can move towards a more context-sensitive and humanised approach to research ethics that values the lived experiences of care recipients. © 2023 Elsevier B.V., All rights reserved.","Capacity To Consent; Ethnography; Humanisation Of Care Framework (hcf); Older Adults; Process Consent; Well-being; Aged; Article; Career; Ethics; Ethnographic Research; Ethnography; Female; Human; Human Dignity; Human Experiment; Informed Consent; Logic; Male; Negotiation; Personal Experience; Qualitative Research; Research Ethics; Resident; Tension; Voice; Vulnerable Population; Wellbeing; Cultural Anthropology; Methodology; Writing; Aged; Anthropology, Cultural; Humans; Qualitative Research; Research Design; Vulnerable Populations; Writing"
"Intersectional epistemic tensions associated with building knowledge with LGBTQ+ older adults of color","2023","Journal of Aging Studies","10.1016/j.jaging.2023.101161","https://www.scopus.com/inward/record.uri?eid=2-s2.0-85166172366&doi=10.1016%2Fj.jaging.2023.101161&partnerID=40&md5=49e926675245894a3542c7ede43aa7a3","In gerontological research, lesbian, gay, bisexual, transgender, and queer or questioning (LGBTQ+) older adults of color are a hard-to-reach and underrepresented population. In this paper, we reflected upon the process of designing and implementing a Participatory Action Research (PAR) study by and for LGBTQ+ older adults of color committed to intersectionality. Data generted from fieldnotes and focus groups with five older Black lesbians were analyzed to uncover epistemic tensions associated with building intersectional knowledge for social justice. Study findings addressed the fraught nature of scientific knowledge production influenced by inequitable power structures and historically extractive research practices. Specifically, how cultural, political, and intergenerational tensions as well as the COVID-19 pandemic influenced the research process and were instrumental in learning about culturally responsive research. Putting PAR in dialogue with intersectionality opened an expansive paradigm that addressed the limitations of gerontological research. We end with implications for culturally responsive research with marginalized populations in aging studies, such as older LGBTQ+ adults of color. © 2023 Elsevier B.V., All rights reserved.","Cultural Responsiveness; Epistemology; Gerontology; Intersectionality; Participatory Action Research; Qualitative Methods; Aged; Coronavirus Disease 2019; Female; Human; Intersectionality; Lesbianism; Pandemic; Sexual And Gender Minority; Aged; Covid-19; Female; Homosexuality, Female; Humans; Intersectional Framework; Pandemics; Sexual And Gender Minorities"
"Perspectives on creative well-being of older adults","2023","Journal of Aging Studies","10.1016/j.jaging.2023.101159","https://www.scopus.com/inward/record.uri?eid=2-s2.0-85165285212&doi=10.1016%2Fj.jaging.2023.101159&partnerID=40&md5=98486350f84eae2444a85d91bfd1ef85","The growing aging population has become a significant global issue in recent years, increasing the need for research that examines aging-related phenomena such as personal growth and development in later life. A major challenge in achieving this aim is the prevailing deficit perspective on aging, which is so pervasive that it often overshadows older adults' contributions to society and diminishes the opportunities encountered in older adulthood. Although perspectives on the nature of aging are gradually changing in a positive way, and the developments in medicine are improving health-related aspects of aging, it is still a worldwide challenge to eradicate negative stereotypes around aging. This article explores empirical perspectives on aging by analyzing diverse narratives gathered from open-ended interviews we conducted in Finland from 2019 to 2021. Focusing on their aging experiences and the value of a broad range of creative engagements and interventions that older adults have joined voluntarily, the study aims to provide a better understanding of personal perspectives of aging, the creative well-being of older adults, and the growing diversity of experiences within the older age group. Based on the findings of this study, we highlight the importance of promoting older adults' engagement in art-based interventions to enhance their creativity and well-being in later life, as well as fostering aging-friendly co-creative approaches in such interventions by involving the older adults themselves in the process. © 2023 Elsevier B.V., All rights reserved.","Arts-health Practices; Creative Well-being; Late-life Creativity; Life Stories; Narrative Inquiry; Older Adults; Adult; Adulthood; Aged; Aging; Article; Controlled Study; Creativity; Female; Finland; Groups By Age; Human; Human Experiment; Interview; Male; Narrative; Stereotypy; Wellbeing; Verbal Communication; Aged; Aging; Humans; Narration"
"Representations of older people in Turkish prime-time TV series and Netflix original Turkish series: A comparative content analysis","2023","Journal of Aging Studies","10.1016/j.jaging.2023.101158","https://www.scopus.com/inward/record.uri?eid=2-s2.0-85165030582&doi=10.1016%2Fj.jaging.2023.101158&partnerID=40&md5=b9c441666aa8a3af9eedd92485c225a0","In this study, older characters that appeared in all the episodes of the first seasons of eight most popular Turkish TV series on prime-time televisions in Turkey and those appeared in all the episodes of the first seasons of eight “original” Turkish series on Netflix were submitted to a comparative quantitative and qualitative content analysis. In this sense, the aim of this study was to reveal what kind of old age is promised to viewers by such media environments as TV and Netflix. Findings revealed that, when compared to the Turkish population, older people were significantly underrepresented in prime-time series and that, in other words, they were symbolically eliminated and exposed to age discrimination. Another finding is that older people were portrayed more fairly on Netflix than TV. Although older individuals were inadequately represented on Netflix as well, the difference between the two platforms was not statistically significant. On the other hand, while older women are significantly less represented than older men on both platforms, the study found no significant difference in gender representation between Netflix and prime-time TV. The findings also indicated that no older character, when evaluated qualitatively, was represented as the major character on either platforms and that, especially when it comes to having a profession, older people, specifically older women, were portrayed more negatively on both platforms, which means that older women faced a double jeopardy. © 2023 Elsevier B.V., All rights reserved.","Aging; Content Analysis; Media Representation; Netflix; Prime-time; Aged; Ageism; Female; Human; Male; Time Factor; Turkey (bird); Aged; Ageism; Female; Humans; Male; Television; Time Factors; Turkey"
"In search of epistemic justice. Dialogical reflection of researchers on situated ethics in studies with people living with language and/or cognitive impairment","2023","Journal of Aging Studies","10.1016/j.jaging.2023.101154","https://www.scopus.com/inward/record.uri?eid=2-s2.0-85164309051&doi=10.1016%2Fj.jaging.2023.101154&partnerID=40&md5=5e912a846b37f02e745b3b5c9e036845","Background: Academics aim to understand the experiences of people living with cognitive and/or language impairment in their search for epistemic justice. Methods that do not rely solely on verbal information (e.g., interviews, focus groups) but also employ an attunement to the non-verbal - such as participant observation and creative methods, are seen as a suitable way to do justice to people's non-verbal interactions. However, in practice, researchers still experience ethical issues in everyday encounters with participants with cognitive and/or language impairment even when trying to address epistemic issues while employing such methods. This article aims to demonstrate 1) the importance of attending to the non-verbal in order to prevent epistemic injustice in research and 2) how a case-study approach and discussing ethical dilemmas with peers may help to unpack some of the ethical tensions that the researchers experience. Aim and methods: This article focuses on ethical dilemmas the authors encountered during their research projects in the past. Three cases chosen by the authors illustrate these dilemmas. Dilemmas are presented as auto-ethnographical written accounts, which were discussed during ten retrospective dialogical sessions (60–90 min) organized by the research group consisting of six academic researchers. Results: Ethically sound research, in which older people living with cognitive and/or language impairment are engaged, entails much more than following procedures about informed consent, privacy, submitting a proposal to an ethics committee, and using suitable methods and techniques. Ethical issues in these studies relate to everyday situations in which researchers tried to do justice to the knowledge of people who have difficulties expressing themselves verbally, but were challenged by what they have initially experienced as ‘having it wrong,’ ‘not knowing,’ and ‘losing something in translation’ in their practice. Finally, we learned that the interactions the researchers encountered were complex. They had to constantly evaluate the appropriateness of their approach, balance rational and intuitive forms of interaction and interpretation, and consider ways of communicating the research findings. Discussion and conclusion: Approximating epistemic justice in research with people with cognitive and/or language impairment requires extra effort in daily research routines. Sharing everyday ethical issues via case stories and reflecting on these issues encourages moral learning and brings new knowledge about the craftsmanship of researchers. Especially the collaborative and dialogical reflection helped the researchers to dig deeper and find words for intangible processes that often remain unaddressed. However, sharing stories about ethical issues requires mutual trust and safety because sharing and reflecting may bring discomfort, messiness, and uncertainty. © 2023 Elsevier B.V., All rights reserved.","Aphasia; Cognitive Impairment; Dementia; Epistemic Justice; Older People; Reflection; Situated Ethics; Aged; Cognitive Defect; Developmental Language Disorder; Human; Language; Retrospective Study; Social Justice; Aged; Cognitive Dysfunction; Humans; Language; Language Development Disorders; Retrospective Studies; Social Justice"
"Who believes in cross-age friendship? Predictors of the belief in intergenerational friendship scale in young adults","2023","Journal of Aging Studies","10.1016/j.jaging.2023.101157","https://www.scopus.com/inward/record.uri?eid=2-s2.0-85164306914&doi=10.1016%2Fj.jaging.2023.101157&partnerID=40&md5=dbc6a7b6af8c47d8a6556a5921709ee3","Intergenerational contact is beneficial for both younger and older adults, but friendships that span across generations are uncommon. While this is partially due to situational factors, people's beliefs about the possibility of intergenerational friendship may also affect how they approach potential intergenerational interactions. In a sample of 209 students from a Canadian university, we validate the Beliefs in Intergenerational Friendship (BIGF) scale. Young adults were more likely to believe in intergenerational friendship if they had less ageist attitudes and if they were more conscientious, open, agreeable, and emotionally stable. Number of non-kin intergenerational social contacts (but not number of kin contacts) and closeness of an existing relationship with an older adult also predicted greater belief in intergenerational friendship. BIGF scores predicted willingness to regularly spend time with older adults and were a better predictor than either hostile or benevolent ageism. While not everyone believes that intergenerational friendships are possible, this novel scale may uniquely capture people's willingness to form relationships across generations. © 2023 Elsevier B.V., All rights reserved.","Ageism; Friendship; Intergenerational; Intergroup Contact; Social Networks; Adult; Aged; Ageism; Article; Female; Friendship; Human; Intimacy; Major Clinical Study; Male; Social Behavior; Social Network; Young Adult; Canada; Friend; Student; University; Aged; Ageism; Friends; Humans; Students; Universities"
"The shadow of dementia: Listening to undecidability in ethnographic interviews with persons suspecting possible dementia","2023","Journal of Aging Studies","10.1016/j.jaging.2023.101156","https://www.scopus.com/inward/record.uri?eid=2-s2.0-85163971666&doi=10.1016%2Fj.jaging.2023.101156&partnerID=40&md5=538fd785816740152bec98b96bc8daef","Even before a diagnosis of dementia, people may negotiate in their everyday lives the fears and suspicions about the possibility of a future with dementia. My field of research involves JewishIsraeli older adult individuals who suspect that they are beginning to lose their memory, but before seeking out a formal diagnosis—and when not seeking a diagnosis at all is an equal possibility. By distinguishing their experience of suspecting possible dementia from this of living with dementia, I attempt to illuminate the social, bio-diagnostic and cultural shadows of dementia hovering in the background of their everyday experience. I begin by shedding light on the ethical and methodological context of my specific field in Israel. I next reflect upon the concept of “shadow,” that is constituted within and reflecting the assemblages of lurking presences accompanying my interlocutors' daily negotiations of the possibility of dementia. I then situate their lived experiences, as well as my ethnographic engagement with them, in the context of the prevailing cultural and social moralities surrounding this possibility. Finally, I show how a negotiation of the place that this shadow occupies in their lives arises in the encounter with the ethnographer. This first account of people before diagnosis and not through the diagnostic event, while keeping the space for deciding about a possible future of diagnosis open, can contribute to the understanding of undecidability as an ethical stance in ethnography, incorporating the suspension of the need to order realities through the imperatives of a diagnosis of dementia. Further, understanding these mundane negotiations with these shadows can help us allow more space for uncertainty and unpredictability as legitimate forms of living with dementia. © 2023 Elsevier B.V., All rights reserved.","Dementia; Knowledge In Ethnography; Recognition; Suspicion; Uncertainty; Undecidability; Aged; Cultural Anthropology; Dementia; Fear; Human; Morality; Uncertainty; Aged; Anthropology, Cultural; Dementia; Fear; Humans; Morals; Uncertainty"
"Cognitivism ageing: The Alzheimer conundrum as switched ontology & the potential for a new materialist dementia","2023","Journal of Aging Studies","10.1016/j.jaging.2023.101155","https://www.scopus.com/inward/record.uri?eid=2-s2.0-85163192083&doi=10.1016%2Fj.jaging.2023.101155&partnerID=40&md5=f9235533adbcc77bcf06bda6a50bbc1d","Following recent regulatory approvals for anti-Alzheimer's monoclonal antibodies, this paper considers the contemporary role of cognitivism in defining the ontological commitments of dementia research, as well as movements away from cognitivism under the umbrella of 4E cognitive science. 4E cognitive theories, extending cognition into bodies, their environs, and active relations between the two, share potentially fruitful affinities with new materialisms which focus on the co-constitution of matter in intra-action. These semi-overlapping conceptual positions furnish some opportunity for an ontological alternative to longstanding cognitivist commitments, particularly to the isolated brain as a material catalyst for commercial interventions. After outlining mainstream cognitivism and its shortcomings, I explore 4E and new materialism as possibly transformative conceptual schemas for dementia research, a field for which cognitivist imaginings of cognitive decline in later life have profound and often regrettable ramifications. To realise this new materialist dementia, I sketch out a cognitive ontology based on Barad's agential realism. This facilitates a reassessment of the biggest conundrum in dementia research – the lack of neat correlation between (apparently material) neuropathology and (apparently immaterial) cognitive impairment – alongside the continued failure of efforts to develop effective interventions. It also gives social researchers working on cognitive decline in later life an opportunity to reappraise the nature of social science as a response to such phenomena. If cognition and cognitive ageing are reimagined as an emergent characteristic of intra-acting matter, then new materialist social science might be at least as conducive to salutogenic interventions as the neuropsychiatric technoscience that dominates the contemporary dementia research economy despite continual failures. I argue that a new materialist cognitive ontology could help us think beyond an ageing cognitivism and, by extension, beyond the Alzheimer conundrum. © 2023 Elsevier B.V., All rights reserved.","4e; Aducanumab; Agential Realism; Cognition; Onto-epistemology; Aging; Brain; Cognition; Dementia; Human; Aging; Brain; Cognition; Dementia; Humans"
"Of duty and diaspora: (Re)negotiating the intergenerational contract in South Asian Muslim families","2023","Journal of Aging Studies","10.1016/j.jaging.2023.101152","https://www.scopus.com/inward/record.uri?eid=2-s2.0-85163177183&doi=10.1016%2Fj.jaging.2023.101152&partnerID=40&md5=a84693ec5ebfab987662b42ed4cc18ad","In recent years, there has been exponential growth in the South Asian Muslim population in the United States. This demographic trend, along with a rapidly aging North American population, implies that very soon, a significant proportion of U.S. adults 65 years and older will identify as South Asian Muslim. Moreover, more than one-half of Muslims (57%) live in a multi-person/multi-generation household where all members identify as Muslim. Despite this evidence, limited research exists on the dynamics of multigenerational living in aging South Asian Muslim households, particularly around intergenerational support exchanges and the nature and strength of affectual bonds between generations. Additionally, research suggests that espoused within internalized cultural norms around filial obligation and duty, kinwork in South Asian families remains highly gendered. Less is known, however, about the gendered nature of kinwork in immigrant South Asian Muslim families. Based on 30 in-depth narrative interviews with three generations of South Asian Muslim women living in the U.S., this paper addresses these gaps, specifically focusing on intersections of faith, culture, gender, age, immigrant status, and age at migration. The findings from this study point to a renegotiation of the intergenerational contract, wherein care and support for a parent or grandparent were understood and enacted within the framework of an overarching Muslim identity, while simultaneously, for their older relatives, it was reinterpreted within shifting local and global realities such as the increasing participation of the middle generation, the daughters and daughters-in-law, in the paid workforce. In addition to providing insights into ethnic and religious-oriented experiences of aging and care, these findings may help inform policymakers and stakeholders (e.g., community service providers and faith leaders such as imams of mosques, researchers, and family members) in culturally congruent ways to support the health and well-being of aging South Asian Muslim families. © 2023 Elsevier B.V., All rights reserved.","Diasporic South Asian Muslim Families; Intergenerational Support Exchanges; Kinwork; Multigenerational Living Arrangements; South Asian Muslim Women; Adult; Aging; Article; Case Report; Clergy; Clinical Article; Daughter-in-law; Female; Gender; Grandparent; Household; Human; Immigrant; Interview; Male; Muslim; Narrative; Negotiation; Social Welfare; South Asian; Wellbeing; Workforce; Family; Islam; Migration; Aging; Family; Female; Human Migration; Humans; Negotiating"
"The beautification of men within skincare advertisements: A multimodal critical discourse analysis","2023","Journal of Aging Studies","10.1016/j.jaging.2023.101153","https://www.scopus.com/inward/record.uri?eid=2-s2.0-85161701186&doi=10.1016%2Fj.jaging.2023.101153&partnerID=40&md5=da56eab699983ee6fc2854613cdc370f","This study draws on the theory of Social Semiotics and the methodology of Multimodal Critical Discourse Analysis (MCDA) to examine the textual and visual design of skincare advertisements targeted towards men. The current proliferation of the market for male-oriented facial products represents an important shift towards the increased attention to the beautification of male bodies in Western societies. Such beautification encourages men to work on and improve the self (and face) through intensifying practices of “aesthetic labour.” Aesthetic labour places emphasis on an entrepreneurial self-care and self-control regime that promotes an active late lifestyle fostered through ideas about “successful ageing.” As expected, the analysis of the corpus consisting of advertisements from L'Oréal Men, Nivea Men and Clarins Men shows that the male face is generally constructed as a “problem” that can be cured through the consumption of skincare products. The consumption of these products increases men's visual literacies of the face and hence normalises male beauty practices that seemingly encourage men to care for and work on their skin, which can be construed of as a feminising practice. Nonetheless, the advertisements employ masculine traits and strategies that link cosmetic products to traditional values of masculinity. The beautification of the male body, thus, turns the consumption of skincare products into a performance through which men can maintain their already privileged status in society, rearticulating the double standard of ageing (Sontag, 1972). © 2023 Elsevier B.V., All rights reserved.","Aesthetic Labour; Beautification Of Men; Multimodal Critical Discourse Analysis; Skincare Advertisements; Social Semiotics; Glycerol; Glycerol; Adult; Advertising; Aging; Article; Attention; Cell Proliferation; Discourse Analysis; Esthetics; Face; Human; Human Experiment; Lifestyle; Male; Masculinity; Organization; Self Care; Self Control; Skin; Visual Literacy; Glycerol; Advertising; Aging; Glycerol; Humans; Life Style; Male; Men"
"Corrigendum to “Contradictions of hegemonic masculinity and the (hopeful) potential of old age and caring masculinity in Estonian society and in films A Friend of Mine (2011) and Tangerines (2013)” [Journal of Aging Studies volume 63 (2022) 1–7/101034] (Journal of Aging Studies (2022) 63, (S0890406522000378), (10.1016/j.jaging.2022.101034))","2023","Journal of Aging Studies","10.1016/j.jaging.2023.101107","https://www.scopus.com/inward/record.uri?eid=2-s2.0-85161293777&doi=10.1016%2Fj.jaging.2023.101107&partnerID=40&md5=5504353492bafca20da983295919e2c7","The authors regret that the printed version of the above article contained an error. The correct and final version of funding information follows. The authors would like to apologise for any inconvenience caused. This work was supported by the Estonian Research Council and the GENDER-NET Plus ERA-NET Cofund project MASCAGE under the European Union's Horizon 2020 research and innovation programme. © 2023 Elsevier B.V., All rights reserved.","Erratum"
"Community arts engagement supports perceptions of personal growth in older adults","2023","Journal of Aging Studies","10.1016/j.jaging.2023.101142","https://www.scopus.com/inward/record.uri?eid=2-s2.0-85160448430&doi=10.1016%2Fj.jaging.2023.101142&partnerID=40&md5=2db584d67745d1c72e6de2bbf5611676","Purpose: The effects of arts engagement on older adults have been well-documented. However, the ways older adults overcome common situational and dispositional barriers to enhance personal growth and well-being are less known. Methods: Fifty-six community dwelling older adults (71.3 ± 4.6 years) took part in dance, music, or a control workshop two times/week for ten weeks. Participants' personal growth was examined through focus groups and surveys in this mixed-methods study. Results: Focus group and survey results revealed participants experienced personal growth through engaging in the dance and music arms of the experiment. Participants, especially those in arts workshops, described personal growth experiences aligning with four themes: increased social connections, developed new skills, utilized a growth mindset, and used creativity to overcome situational and dispositional barriers to participation. The barriers included musculoskeletal challenges, hearing impairments, and difficulty retaining new information. Conclusions: The study yielded high adherence and retention rates, and participants reported increased engagement within their communities. Our observations provide avenues for future practitioners and facilitators to create programming that empowers older adults and utilizes participants' ongoing feedback to support access, inclusion, and sense of community. © 2023 Elsevier B.V., All rights reserved.","Dance; Ethnography; Health; Music; Quality Of Life; Aged; Human; Independent Living; Information Processing; Music; Aged; Focus Groups; Humans; Independent Living; Music"
"The qualitative embedded case study method: Exploring and refining gerontological concepts via qualitative research with older people","2023","Journal of Aging Studies","10.1016/j.jaging.2023.101138","https://www.scopus.com/inward/record.uri?eid=2-s2.0-85160888441&doi=10.1016%2Fj.jaging.2023.101138&partnerID=40&md5=e919ffa6b306344e0372895facda58f9","This article argues that a tailored version of the qualitative embedded case study method can be used to build strong conceptual and inclusive insights from qualitative research with older people, and, in doing so, advance theoretical scholarship in social and critical gerontology. Gerontology has often been described as “data-rich and theory-poor” (Birren & Bengtson, 1988). It is a field which draws heavily on post-positivist traditions of quantitative research and notions of prediction, generalization, and statistical significance. While critical qualitative approaches have gained ground through interdisciplinary scholarship in the social sciences and humanities, few attempts have been made to articulate the relationship between research questions designed to understand older people's experiences and concept- or theory-building in gerontology. This piece makes a case for engaging with the theoretical/methodological interface by drawing on an evolving approach entitled the qualitative embedded case study, as it was used in three qualitative studies on the concepts of frailty, (im)mobility, and precarity. It suggests this is an evolving approach with the potential to develop conceptually sound, meaningful research from older people's experiences, including diverse, underrepresented, and marginalized groups, and to draw on these insights to direct change. © 2023 Elsevier B.V., All rights reserved.","Critical Gerontology; Diversity; Inclusion; Qualitative Methodology; Structure; Theory; Aged; Geriatrics; Human; Methodology; Qualitative Research; Aged; Geriatrics; Humans; Qualitative Research; Research Design"
"Social exclusion and critical transitions in later life: Trajectories, forms and mechanisms","2023","Journal of Aging Studies","10.1016/j.jaging.2023.101137","https://www.scopus.com/inward/record.uri?eid=2-s2.0-85159624049&doi=10.1016%2Fj.jaging.2023.101137&partnerID=40&md5=272a55bc7cb04387336f5b8e2cdc6834","Unequal ageing patterns are increasingly prevalent within the life courses of heterogeneous older populations. Critical transitions in later life may contribute to these patterns and to more multifaceted deep-rooted forms of social exclusion. Yet despite significant research in this area, knowledge gaps remain regarding the subjective experiences of these transitions, the trajectories and constituent events of these transitions, and the related mechanisms that may drive exclusion. With a focus on lived experience, this article aims to investigate the role of critical life transitions in older age in constructing multidimensional social exclusion. The onset of dementia, bereavement of a significant other, and forced migration are selected as three illustrative transitions in older age. Based on 39 in-depth life-course interviews and life-path analyses, the study sets out to illuminate common features of the transitional process that increases exclusion susceptibility, and the potential commonalities regarding transition-related exclusionary mechanisms. Transition trajectories related to each of the transitions are first described identifying shared exclusionary risk features. Transition-related mechanisms that can generate multidimensional social exclusion are then presented as arising from a transition's nature and character, its structural and management aspects, and its symbolic and normative positioning. Findings are discussed with reference to the international literature and future conceptualisation of social exclusion in later life. © 2023 Elsevier B.V., All rights reserved.","Bereavement; Dementia; Forced Migration; Inequalities; Life-course Transitions; Unequal Ageing; Aging; Human; Life Event; Risk Factor; Social Isolation; Aging; Humans; Life Change Events; Risk Factors; Social Isolation"
"Applying person-centered research ethics in the design of dementia-specific measures","2023","Journal of Aging Studies","10.1016/j.jaging.2023.101139","https://www.scopus.com/inward/record.uri?eid=2-s2.0-85159593587&doi=10.1016%2Fj.jaging.2023.101139&partnerID=40&md5=150e9bee40af8cebe8b9589e9582ff4d","There is an emerging call for new strengths-based measures to guide research, care, and support for persons living with Alzheimer's disease and related dementias. Person-centered interventions have demonstrated a positive impact in global quality of life, but many promising approaches lack strengths-based measures with sufficient sensitivity to document relevant outcomes. Human centered design is an innovative method for person-centered instrument development. This paper describes a research process using Human Centered Design and highlights ethical principles considered during the translation of the design process to experiential world of Alzheimer's disease and related dementia. Including persons living with dementia and care partners as members of the design team offers new insights, while requiring focused attention on inclusivity, transparency, and person-centered ethics. © 2023 Elsevier B.V., All rights reserved.","Alzheimer's Disease; Dementia; Ethics; Human Centered Design; Person Centered Research; Alzheimer Disease; Dementia; Human; Patient Care; Quality Of Life; Research Ethics; Alzheimer Disease; Dementia; Ethics, Research; Humans; Patient-centered Care; Quality Of Life"
"The ethnographer, the research participants, and the meaningful others: Gray zones of relationality and the ethics of dementia care research","2023","Journal of Aging Studies","10.1016/j.jaging.2023.101141","https://www.scopus.com/inward/record.uri?eid=2-s2.0-85158910643&doi=10.1016%2Fj.jaging.2023.101141&partnerID=40&md5=88439f9a13d54b04308728a2b1d6c839","The debate on the ethics of dementia research has tended to treat individuals with dementia, primary caregivers other family members and local communities as preestablished and distinct categories of research participants. What has been overlooked are the meaningful social relationships that run through these categories and how these relationships affect the ethnographer's positionality during and after fieldwork. In this paper, drawing on two cases of ethnographic research on family dementia care in North Italy, we propose two heuristic devices, “meaningful others” and “gray zones”, which highlight the ambiguous positionality of ethnographers in care relations and local moral worlds. We further show the benefit of incorporating these devices in discussions on the ethics of dementia care research: by rendering problematic any fixed and polarized positionality of the ethnographer, these two devices allow for a voice to be given to the individuals who represent the main research focus while addressing the interdependence and ethically nuanced dimension of caring relations. © 2023 Elsevier B.V., All rights reserved.","Ambivalence; Care Relationships; Caregivers; Ethics; Ethnographic Dementia Research; Gray Zones; Caregiver; Cultural Anthropology; Dementia; Family; Human; Italy; Anthropology, Cultural; Caregivers; Dementia; Family; Humans"
"Expanding the ethnographic toolkit: Using medical documents to include kinless older adults living with dementia in qualitative research","2023","Journal of Aging Studies","10.1016/j.jaging.2023.101140","https://www.scopus.com/inward/record.uri?eid=2-s2.0-85158024779&doi=10.1016%2Fj.jaging.2023.101140&partnerID=40&md5=471dcc538ca754bf7758631a482f1145","Ethnographic research with cognitively impaired older adults can be challenging, in part because cognitive impairment raises questions about the ability to provide informed consent. Relying on proxy consent is a commonly used strategy, but often excludes people with dementia who lack close kin (de Medeiros, Girling, & Berlinger, 2022). In this paper, we describe how we have analyzed existing research data from a well-established and ongoing prospective cohort study, the Adult Changes in Thought Study, along with unstructured text from the medical records of participants who had no living spouse or adult children when they developed dementia, as a way of studying the circumstances, life trajectories, caregiving resources, and care needs of this vulnerable and difficult-to-research group. In this article, we detail this methodology, exploring what can and cannot be gleaned from it, what the ethical implications may be, and how and whether this type of research can be considered ethnographic. In conclusion, we argue that collaborative interdisciplinary research using existing, longitudinal research data and text from medical records deserves to be considered as a potentially useful addition to the ethnographic toolkit. We anticipate that this is a methodology that could be applied more broadly, and paired with more traditional ethnographic methods, might be one way to make research with this population more inclusive. © 2023 Elsevier B.V., All rights reserved.","Caregiving; Dementia; Ethnography; Medical Records; Qualitative Analysis; Aged; Cultural Anthropology; Dementia; Human; Procedures; Prospective Study; Psychology; Qualitative Research; Spouse; Aged; Anthropology, Cultural; Dementia; Humans; Prospective Studies; Qualitative Research; Spouses"
"Turning age into agency: A qualitative longitudinal investigation into older jobseekers' agentic responses to ageism","2023","Journal of Aging Studies","10.1016/j.jaging.2023.101136","https://www.scopus.com/inward/record.uri?eid=2-s2.0-85156197703&doi=10.1016%2Fj.jaging.2023.101136&partnerID=40&md5=1c5f992df09710eee49aa9a47579d398","Despite existing laws prohibiting age discrimination in employment and hiring practices, ageism creates inequalities between jobseekers because of their age. Deeply manifested ageist practices take place in everyday interactions within the labor market, complicating changes in career trajectories during late working life. Bringing the time dimension into studies on ageism and individual agency, we narratively examined qualitative longitudinal interviews with 18 older jobseekers from Finland to better understand the role of time and temporality in agentic practices that older jobseekers employ to counteract forms of ageism. Older jobseekers exhibited various resilient, and reworked strategies in response to ageism depending on their diverse social and intersectional positions. As their positions changed over time, jobseekers employed different strategies, highlighting the relational and temporal dimensions of individual agency in labor market decisions. The analyses suggest that acknowledging the dynamics between temporality, ageism, and labor market behavior is vital for creating effective and inclusive policies and practices to tackle inequalities in late working life. © 2023 Elsevier B.V., All rights reserved.","Ageism; Agency; Older Jobseekers; Qualitative Longitudinal Research; Temporality; Ageism; Article; Finland; Human; Interview; Job Market; Ageism; Humans"
"Making a “home” into a home: How design of aged-care homes impacts residents","2023","Journal of Aging Studies","10.1016/j.jaging.2023.101135","https://www.scopus.com/inward/record.uri?eid=2-s2.0-85153104297&doi=10.1016%2Fj.jaging.2023.101135&partnerID=40&md5=dfbf2bf045e0297ea121c1eb8af56202","The move into residential aged care is a difficult transition for many people. The place may be called an aged-care or nursing “home”, but for many residents it does not feel like a home at all. This paper explores issues experienced by older people who are trying to make themselves at home in aged care. The authors present two studies examining residents' perceptions of the aged-care environment. The findings suggest that residents experience significant challenges. Residents' identities are influenced by their ability to keep treasured objects and personalise their rooms, and the design and accessibility of communal areas influences residents' willingness to spend time in them. For many residents, their private spaces are more appealing than communal areas, resulting in extended time alone in their rooms. However, personal items have to be discarded due to space issues and/or private rooms can become cluttered with personal items and become difficult to use. The authors suggest that much can be done to improve the design of aged-care homes and enable residents to feel more at home. Of particular importance is providing ways for residents to personalise their living space and make it feel homelike. © 2023 Elsevier B.V., All rights reserved.","Aged Care Design; Care Homes; Personal Possessions; Transitions To Care; Adult; Article; Human; Perception; Resident; Aged; Emotion; Home For The Aged; Lifestyle; Nursing Home; Palliative Therapy; Aged; Emotions; Homes For The Aged; Humans; Life Style; Nursing Homes; Palliative Care"
"“Courage to cobble something new”: Women's queer and creative narratives of bisexuality and ageing","2023","Journal of Aging Studies","10.1016/j.jaging.2023.101133","https://www.scopus.com/inward/record.uri?eid=2-s2.0-85152470557&doi=10.1016%2Fj.jaging.2023.101133&partnerID=40&md5=17c45cff50a5a8f2ba629f667a2b3c84","Critical gerontologists have called for more diverse and inclusive visions of a good old age, and especially for imaginings that do not depend on health, wealth and heterosexuality. They have suggested that LGBTQ people, alongside other marginalized groups, may have particular contributions to make to the project of reimagining ageing. In this paper, we bring together this work with Jose Muñoz's concept of ‘cruising utopia’ to examine possibilities for imagining a more utopian, queer life course. We present findings from a narrative analysis of Bi Women Quarterly, a grassroots online bi community newsletter with an international readership, analyzing three issues published between 2014 and 2019 that focused on the intersection of ageing and bisexuality. We found several ways in which the authors told counter-narratives that queered normative visions of successful ageing. They queered norms around the stability and reification of sexual and gender identities. They challenged current forms of LGBTQ activism. They embraced and celebrated ageing, through such activities as croning ceremonies, and directly addressed and contemplated death. Finally, they queered the narrative form, by giving accounts of personal experience that were dreamlike, poetic or inconclusive. We conclude that counter-normative spaces, such as activist newsletters, offer valuable resources to progress the wider project of reimagining successful ageing more inclusively. © 2023 Elsevier B.V., All rights reserved.","Ageing; Bisexual; Bisexuality; Munoz; Queer; Successful Ageing; Activism; Adult; Aging; Article; Bisexuality; Ceremony; Courage; Female; Gender Identity; Human; Lgbtqia+ People; Lifespan; Male; Narrative; Personal Experience; Vision; Lesbianism; Sexual And Gender Minority; Aging; Bisexuality; Courage; Female; Gender Identity; Homosexuality, Female; Humans; Sexual And Gender Minorities"
"Health care professionals' experiences of possibilities and constraints in caring for older adults living with long-term pain in community home care","2023","Journal of Aging Studies","10.1016/j.jaging.2023.101134","https://www.scopus.com/inward/record.uri?eid=2-s2.0-85151526681&doi=10.1016%2Fj.jaging.2023.101134&partnerID=40&md5=b435947a43ecd2de9754f5d5f28beea5","Caring for a growing population of older adults with complex health problems in their homes is part of every-day work for many health care professionals in the world. This qualitative interview study explores the way health care professionals perceive possibilities and constraints when caring for older adults living with long-term pain in community home care in Sweden. The study aims to understand the relationship between health care professionals' subjective experiences and social structures such as the organization of care and shared norms and values in regard to their perceived space of action. Findings provide insight into how institutional structures such as organization and time, conflate with cultural notions, norms, and ideals, and how these enable and constrain health care professionals in their daily work but also create dilemmas. Findings suggest centering the meaning of structuring aspects in social organizations as a tool for reflection on priorities, improvement, and development in care settings. © 2023 Elsevier B.V., All rights reserved.","Culture; Health Care Professionals' Experiences; Home Care; Institutional Structures; Long-term Pain; Norms; Older Adults; Aged; Health Care Personnel; Home Care; Human; Pain; Palliative Therapy; Qualitative Research; Aged; Health Personnel; Home Care Services; Humans; Pain; Palliative Care; Qualitative Research"
"Vulnerability in context; hard numbers, tricky words and grey areas for gerontology","2023","Journal of Aging Studies","10.1016/j.jaging.2023.101131","https://www.scopus.com/inward/record.uri?eid=2-s2.0-85150929250&doi=10.1016%2Fj.jaging.2023.101131&partnerID=40&md5=73726829243ff4e4cbeb0901870555a1","At the start of the COVID-19 pandemic, the Portuguese government identified those aged 70 or more as a risk group, placing a special duty of protection on them to shelter-at-home. This paper asks how Portuguese municipalities, using Facebook posts, communicated the risk to older adults and to what extent ageist stereotypes were found in the language and frames employed. Over 3800 Facebook posts made by Portuguese municipalities concerning older adults and COVID-19 published between March and July 2020 were analyzed. Language counts for age-related words were used in a first round of content analysis followed by a process of thematic analysis. Findings indicate that the language used to address Portuguese older adults could be understood as ageist in terms of homogenizing older people as a fixed group. The communication of risk was often conflated with the vulnerability narrative already observed in the extant literature. However, context- and culture-specific themes of ‘solidarity’, ‘inter-relatedness’, ‘duty of care’ and ‘support for those living in isolation’ were also found. The study highlights the extent to which language, culture and context are intertwined with our understanding of age, aging and ageism. It provides a culturally-specific case study, which challenges both gerontological interpretations of vulnerability and neoliberal frames which focus responsibility on the individual regardless of age. We argue that these alternative frames echo the emerging discourse of mutual aid and solidarity, providing a wider context for addressing vulnerability in a health crisis. © 2023 Elsevier B.V., All rights reserved.","Ageism; Covid-19; Facebook; Gerontology; Interdependence; Older Adults; Portugal; Solidarity; Vulnerability; Aged; Ageism; Aging; Coronavirus Disease 2019; Geriatrics; Human; Pandemic; Aged; Ageism; Aging; Covid-19; Geriatrics; Humans; Pandemics"
"“Seeing the day-to-day situation”: A grounded theory of how persons living with dementia and their family caregivers experience the hospital to home transition and beyond","2023","Journal of Aging Studies","10.1016/j.jaging.2023.101132","https://www.scopus.com/inward/record.uri?eid=2-s2.0-85150862897&doi=10.1016%2Fj.jaging.2023.101132&partnerID=40&md5=2a170caab0e0d3d80eeee1df29a9d268","Most older adults with dementia live at home, they primarily receive care provided by family members and friends. Given the decline in memory and other cognitive functions, there to be higher rates of touch points with the health system for those living with dementia. Evidence has shown that these care transitions mark critical changes in the lives of older people, including significant and far-reaching changes to family caregivers. Therefore, it is imperative that complex social processes enacted by persons with dementia and their family caregivers in response to care transitions be more thoroughly explained. This study took place in Canada between 2019 and 2021 and adopted a constructivist grounded theory design. Twenty-five people participated in 20 interviews: 4 people living with dementia and 21 caregivers. We report on six concepts grounded in the data that are linked to a core process engaged in by the participants throughout the care transition journey and beyond: Seeing the day-to-day situation. This study contributes theoretically to the care transition literature by making explicit not only the visible work done by patient-caregiver days during the care transition journey, but it has also illuminated the ongoing processes engaged in by caregivers who are navigating the health and social care systems with their family member living with dementia. During the care transition, and beyond, the caregiver is forced to take over and connect the dots. Even though the caring experience is fraught with traumatic and very challenging situations, for many caregivers, they rise above and can reconcile their suffering with a desire to help their family member and others who may be going through similar experiences. This theory provides a foundation on which to develop theory-driven interventions that focus on support the patient-caregiver dyad during care transitions. © 2023 Elsevier B.V., All rights reserved.","Aged; Caregiver; Dementia; Family; Grounded Theory; Hospital To Home Transition; Human; Psychology; Aged; Caregivers; Dementia; Family; Grounded Theory; Hospital To Home Transition; Humans"
"Being and becoming ‘a frail older adult’: Meaning-making and resistance through storytelling.","2023","Journal of Aging Studies","10.1016/j.jaging.2023.101128","https://www.scopus.com/inward/record.uri?eid=2-s2.0-85150839512&doi=10.1016%2Fj.jaging.2023.101128&partnerID=40&md5=6f275c1f3874fc26c9078538be980a0f","By inquiring into older adults' narrations about their lives in the present, past, and future, this study aims to learn more about home-dwelling older adults' lived experiences of being and becoming “frail”. This article is based on a dialogical narrative analysis of interviews with three home-dwelling older adults identified as frail by the home care services. We conducted a series of three interviews with each participant over a period of eight months. Our results demonstrate that while some older adults experience frailty as inevitable and irreversible, others experience it as a transition. Some narrated frailty as a comprehensive experience, while others' narratives were more situational and transitional. Being able to live at home was crucial and moving to a nursing home was associated with the risk of becoming frailer and the loss of valued relations to family and their home. Experiences of frailty were framed and shaped by the past, present, and future. Faith, fate, and previous capacities to overcome adversities were crucial in the older adults' narrations. Older adults' stories provide an opening to diverse and changing experiences of living with frailty. By telling stories about the past, present, and future, older adults can maintain identity, a sense of belonging, and balance in the midst of adversities. By engaging with older adults' stories, health and care professionals can support the older adult in the ongoing process of being and becoming ‘a frail older adult’. © 2023 Elsevier B.V., All rights reserved.","Aging In Place; Frailty; Longitudinal Interview; Narrative Gerontology; Narrative Identity; Older Adults; Aged; Frail Elderly; Frailty; Home Care; Human; Independent Living; Nursing Home; Verbal Communication; Aged; Frail Elderly; Frailty; Home Care Services; Humans; Independent Living; Narration; Nursing Homes"
"Digital life as a cabaret, old chum: A dramaturgical analysis of older digitalised home residents and their wider caring networks","2023","Journal of Aging Studies","10.1016/j.jaging.2023.101129","https://www.scopus.com/inward/record.uri?eid=2-s2.0-85150528080&doi=10.1016%2Fj.jaging.2023.101129&partnerID=40&md5=8fd5c595d1f0a5698eb7a9e4189577d6","The use of smart and assistive devices for remote healthcare monitoring is becoming increasingly popular for older people in their homes. However, the lived and long-term experiences of such technology, for the older residents and their wider caring networks remains unclear. Using in-depth qualitative data collected between June 2019 and January 2020 from older people living in their own homes in rural Scotland, we highlight that although such monitoring could improve the experiences of older people and their wider caring networks, this may create additional care and surveillance. We employ the concept of dramaturgy, which understands society to be a stage on which actors perform, allowing us to explore how different residents and their networks make sense of their experiences with domestic healthcare monitoring. We found that some digitalised devices may reduce the degree to which older people and their wider caring networks can live authentic and truly independent lifestyles. © 2023 Elsevier B.V., All rights reserved.","Digitalised Homes; Dramaturgy; Health Technology; Independence; Older People; Qualitative; Smart Technology; Wider Caring Networks; Adult; Article; Care Behavior; Home Care; Human; Lifestyle; Resident; Scotland; Aged; Health Care Delivery; Qualitative Research; Aged; Delivery Of Health Care; Humans; Life Style; Qualitative Research"
"Constructing loneliness: Home care providers' notions of older adults' social needs and the possibilities of the home care profession to support social participation","2023","Journal of Aging Studies","10.1016/j.jaging.2023.101130","https://www.scopus.com/inward/record.uri?eid=2-s2.0-85150042171&doi=10.1016%2Fj.jaging.2023.101130&partnerID=40&md5=ee73a9983b5396d44bf4f3f8e45b758a","Quality of care is determined not only by political decisions but also by how those policies are understood and managed by professionals when put into action. Home care services, the most common form of elder care in Sweden today, should include social support, which is very important for health and wellbeing. And yet, support for social participation seems to be lacking. Understanding prevalent social constructs and their possible impacts on focus and content of social practice in home care could reveal ways to address social support in home care. Therefore, this article highlights how professionals in home care provision talk about older home care recipients' loneliness and social needs, and how these repertoires are related to professionals' opportunities and obligations to support those social needs. The study included 22 persons from different professions in home care provision, from two municipalities in northern Sweden. Nine individual interviews and four group interviews were conducted, recorded, transcribed, and analyzed using a discourse psychology approach. The results show two interpretative repertoires in which notions of otherness and likeness guided definitions and support regarding loneliness, social needs, and social support. This study reveals assumptions that underpin and structure the practices of home care. As the interpretative repertoires provided differing and partly opposing views on how to provide social support and combat loneliness, it seems important to also address the broader issues of professional identities and how loneliness is defined and approached. © 2023 Elsevier B.V., All rights reserved.","Aging; Discourse Analysis; Home Care Services; Interpretative Repertoire; Occupational Therapy; Older Adults; Aged; Aging; Article; Clinical Article; Discourse Analysis; Female; Genetic Transcription; Home Care; Human; Interview; Loneliness; Male; Occupation; Occupational Therapy; Psychology; Social Needs; Social Participation; Social Support; Sweden; Aged; Home Care Services; Humans; Loneliness; Social Participation; Social Support"
"The impact of COVID-19 lockdown measures on older residents' social connections and everyday wellbeing within housing schemes that provide care and support in England and Wales","2023","Journal of Aging Studies","10.1016/j.jaging.2023.101126","https://www.scopus.com/inward/record.uri?eid=2-s2.0-85149755783&doi=10.1016%2Fj.jaging.2023.101126&partnerID=40&md5=bf5a499fd030ff9cc86a180c7bcf7494","The COVID-19 pandemic and the lockdown measures imposed as a result affected the lives of people in all parts of society across the world. In 2020, during the first UK national lockdown, older adults (aged 70 years and over) were told to ‘shield’ within their homes, as they were regarded as being at higher risk of serious COVID-19 infection compared to other age groups. This paper explores older adults' experiences of COVID-19 lockdown measures whilst living in housing with care schemes for older people. The purpose is to examine the impact of the lockdown measures on scheme life including social connections amongst residents and their general everyday wellbeing during this time. We present qualitative findings based on interviews with 72 residents who took part in longitudinal and cross-sectional interviews across 26 housing with care schemes. Data were analysed using a thematic framework approach to examine specifically their experiences of living in housing with care schemes during the 2020 UK lockdown. The paper highlights that COVID-19 restrictions had a detrimental impact on the social connections and interactions of older residents living in housing with care schemes, as well as on their feelings of autonomy and independence. Despite this, residents adapted and coped with self-isolation restrictions and sought out positive ways to maintain social contact with others inside and outside to the scheme. We further highlight the tensions that providers of housing for older adults faced in promoting residents' autonomy and connectedness whilst also trying to provide a safe living environment and protect residents from risk of COVID-19 infection. Our findings apply not only to a pandemic situation but to the broader understanding of how housing with care for older adults must navigate between autonomy and support. © 2023 Elsevier B.V., All rights reserved.","Autonomy; Covid-19; Housing With Care; Independence; Older Adults; Aged; Communicable Disease Control; Coronavirus Disease 2019; Cross-sectional Study; England; Housing; Human; Pandemic; Wales; Aged; Communicable Disease Control; Covid-19; Cross-sectional Studies; Housing; Humans; Pandemics"
"The role of dementia and Alzheimer's disease in older adults' representations of aging and anxieties regarding one's own future","2023","Journal of Aging Studies","10.1016/j.jaging.2023.101127","https://www.scopus.com/inward/record.uri?eid=2-s2.0-85149657509&doi=10.1016%2Fj.jaging.2023.101127&partnerID=40&md5=e1c2bd15feadcd90c45c2fec017ead47","Dementia and Alzheimer's disease crucially influence the images of advanced age and represent a significant framework for the construction of anxieties regarding aging. By drawing on twenty-five in-depth interviews with older adults (age 65+ years) living in the Czech Republic, in this study, the influences of dementia and Alzheimer's disease on older adults' narratives of expectations and worries pertaining to their aging and future are analyzed. Three distinct ways in which participants narrate personal concerns related to Alzheimer's disease and integrate the risk of developing such a condition into their representations of fears associated with old age were identified: 1) Dementia as a perceived immediate risk, 2) dementia as the metonym of the fourth age, and 3) dementia as a distant tragedy but not a personal worry. These approaches differ in terms of the perception of the risk of developing dementia, anxiety-related responses related to future expectations, and the role of dementia in their representation of ‘bad’ old age. The different positions of dementia (specific health condition vs. signifier of dependency in old age) affected the participants' strategies related to medical screening and information seeking. © 2023 Elsevier B.V., All rights reserved.","Alzheimer's Disease; Dementia Worry; Fourth Age; Qualitative Research; Social Representations Of Dementia; Aged; Aging; Alzheimer Disease; Anxiety; Czech Republic; Human; Aged; Aging; Alzheimer Disease; Anxiety; Humans"
"Successful ageing and the spectre of the fourth age in the Netflix TV series Grace and Frankie","2023","Journal of Aging Studies","10.1016/j.jaging.2023.101113","https://www.scopus.com/inward/record.uri?eid=2-s2.0-85149464465&doi=10.1016%2Fj.jaging.2023.101113&partnerID=40&md5=9bb891299c9e117947742ba9fd877463","With its potential to engage a large audience and mark emerging social tendencies and with the rich narrative space that the seriality can bring, TV series can be a valuable cultural site through which to explore ageing as an experience in time. The Netflix's longest-running TV series Grace and Frankie (2015–2022) exhibits such potential, bringing together ageing and friendship into the popular cultural domain. Set in the contemporary US, the show closely follows two over-70, newly divorced, female protagonists and friends, Grace (Jane Fonda) and Frankie (Lily Tomlin). Depicting the new opportunities and experiences they gain and drawing on the star persona of Fonda and Tomlin, the show presents an optimistic narrative of ageing into old age. This optimism, however, is more ambivalent about ageing than it appears, as it emerges from the context of the neoliberalization of ageing in the US and other Western societies. Considering friendship, entrepreneurship, the ageing woman's body and sexuality, and care in the show, we demonstrate how the show's optimism is premised on the construction of the neoliberal, successfully ageing subject in the two protagonists and on the othering of the fourth age, “‘black hole’ of ageing,” as a time and space marked by the failing of the body, vulnerability and dependency (Higgs & Gilleard, 2015, 16). While the show's explicit engagement with the bodily ageing in some ways makes it more relevant to older audience, its evocation of the fourth age reflects and reinforces the broader cultural anxiety around it. Ultimately, the show brings in the fourth age only to reiterate the two protagonists' credentials as successful agers. © 2023 Elsevier B.V., All rights reserved.","Ageing Body; Friendship; Successful Ageing; The Fourth Age; The Third Age; Tv Series; Adult; Aging; Anxiety; Article; Black Hole; Drawing; Entrepreneurship; Female; Friendship; Human; Narrative; Optimism; Organization; Sexuality; Vulnerability; Aged; Friend; Sexual Behavior; Verbal Communication; Aged; Aging; Female; Friends; Humans; Narration; Sexual Behavior"
"Supporting people living with dementia in novel joint activities: Managing tablet computers","2023","Journal of Aging Studies","10.1016/j.jaging.2023.101116","https://www.scopus.com/inward/record.uri?eid=2-s2.0-85149258881&doi=10.1016%2Fj.jaging.2023.101116&partnerID=40&md5=47038da6839f752db0014b675b3cfc9c","A bourgeoning number of studies have demonstrated that people living with dementia are capable of participating in a wide range of everyday activities when supported by care professionals or family carers. However, little remains known about the situated practices used by carers to support people living with dementia as active co-participants in novel joint activities. Taking the use of tablet computers as an example, this study focuses on the interactional organization of instructions in joint activities involving people living with dementia, who have no previous experiences of touchscreen technologies, and their carers. The study is based on forty-one video recordings of ten dyads, each comprising a person living with dementia and a carer, as they are using tablet computers with applications suited to individual interests. Drawing on multimodal interaction analysis, we show how the carers continually foster the accomplishment of their interlocutors, and rarely take over responsibility for closing an ongoing joint project themselves. Our findings suggest that the carers' instructions, realized as verbal and embodied directives, function as a form of scaffolding practice that facilitates the coordination of visual perception and embodied conduct for the participants living with dementia. © 2023 Elsevier B.V., All rights reserved.","Conversation Analysis; Dementia; Directives; Embodiment; Scaffolding; Technology; Caregiver; Dementia; Human; Longitudinal Study; Social Behavior; Caregivers; Computers, Handheld; Dementia; Humans; Longitudinal Studies; Social Behavior"
"Why do academics fail to plan for retirement? Employers' and employees' views","2023","Journal of Aging Studies","10.1016/j.jaging.2023.101103","https://www.scopus.com/inward/record.uri?eid=2-s2.0-85149597079&doi=10.1016%2Fj.jaging.2023.101103&partnerID=40&md5=b6880e45804bb6345eabfadbb97cdbab","Studies have shown that early and informed retirement planning lead to a successful retirement transition, and adjustments. Despite this fact, it has been widely reported that most of employees inadequately plan for their retirement. Existing empirical evidence provides limited information on barriers which affect academics' retirement planning in sub-Saharan Africa, particularly Tanzania. Informed by the Life Course Perspective Theory, the present study qualitatively explored the retirement planning barriers from perspectives of the academics and their employers in four purposefully selected universities in Tanzania. The focused group discussions (FGDs) and semi-structured interviews were employed to generate data from the participants. The thematic approach guided data analysis and interpretations. The study revealed seven barriers which affect retirement planning among academics in higher education. These include: Limited knowledge of retirement planning, lack of investment management skills and experience, failure to prioritize expenditure, attitude towards retirement, financial constraints due to extended family needs, retirement policies and legal reforms, and limited time to supervise investments. Based on the findings, the study provides recommendations to address personal, cultural and systemic barriers in order to support academics' successful transition to retirement. © 2023 Elsevier B.V., All rights reserved.","Academics; Culture; Financial Literacy; Higher Education; Low Income; Retirement Planning; Saving Behaviour; Adult; Article; Data Analysis; Employee; Employer; Extended Family; Female; Human; Human Experiment; Investment; Life Course Perspective; Literacy; Lowest Income Group; Male; Retirement; Semi Structured Interview; Tanzania; Tertiary Education; Theoretical Study; Information Processing; Knowledge; Policy; Extended Family; Focus Groups; Humans; Knowledge; Policy; Retirement"
"Ethics and the impossibility of the consent form: Ethnography in a Danish nursing home","2023","Journal of Aging Studies","10.1016/j.jaging.2023.101110","https://www.scopus.com/inward/record.uri?eid=2-s2.0-85149065339&doi=10.1016%2Fj.jaging.2023.101110&partnerID=40&md5=a100c231404798f0f437a1104794ffef","Based on ethnographic fieldwork in a nursing home in northern Denmark, this article addresses challenges experienced in putting formal ethics requirements into practice. We consider how to unite procedural ethics with actual, lived ethics, when researching with vulnerable participants who live with a cognitively impairing condition. The article centers on the story of one resident, who wanted to share her experiences with what she had perceived as inadequate care, but who baulked once the wordy consent form was produced. The resident panicked that her words could now be used against her, that talking with the researcher would (further) compromise her care. She was caught in a bind, on the one hand she had a deep desire to tell her story, on the other the piece of paper in her hand threatened to trigger her anxiety and depression. In this article we therefore approach the consent form as an agent. By mapping out these unintended consequences of the consent form, we wish to draw attention to the complexities of ethical research conduct in practice, ultimately arguing that the concept of appropriate informed consent should be broadened so that it is sensitive to the lifeworld of participants. © 2023 Elsevier B.V., All rights reserved.","Cognitive Impairment; Documents As Active Agents; Ethnography; Informed Consent; Nursing Homes; Older Adults; Cultural Anthropology; Denmark; Female; Human; Informed Consent; Nursing Home; Anthropology, Cultural; Consent Forms; Female; Humans; Nursing Homes"
"“It's your Liangxin that tells you what to do”: Interpreting workplace-induced emotions in a Chinese nursing home","2023","Journal of Aging Studies","10.1016/j.jaging.2023.101111","https://www.scopus.com/inward/record.uri?eid=2-s2.0-85149062896&doi=10.1016%2Fj.jaging.2023.101111&partnerID=40&md5=ebf4aa400679f76fc208e783b0ed323b","How Direct Care Workers (DCWs) interpret their work and perform care activities undeniably impacts the well-being of institutionalized older adults. Despite the emotionally charged nature of paid care work, little is known about how Chinese DCWs talk about their work and construct meaning within China's unique social context of a burgeoning institutional care market and changing cultural expectations for long-term care. This study qualitatively explored Chinese DCWs' emotion work as they navigate among institutional pressures and low social recognition in an urban government-sponsored nursing home in central China. Results revealed that DCWs used Liangxin (the good heart/mind) – a ubiquitous Chinese moral notion emphasizing the unity of feeling, thought, and action – as an interpretive framework, including its four dimensions (ceyin, xiue, cirang, and shifei), to inform care practice, manage emotions, and find dignity within what can be personally demeaning and socially devalued work. Our study delineated the processes through which DCWs sympathized with the pain and struggles of the older adults in their care (ceyin xin), shamed unjust attitudes and behaviors embedded in institutional care (xiue xin), delivered family-like relational care (cirang xin), and formed and reinforced principles of good (versus bad) care (shifei xin). We also revealed the nuanced role that the cultural value of xiao (filial piety), working in tandem with liangxin, both shaped the emotional terrain of the institutional care setting and impacted how DCWs engaged in emotion work. While recognizing the effect of liangxin for incentivizing DCWs to provide relational care and renegotiate their role status, we were also alerted to the risks of overburdening and exploiting DCWs who relied solely on their liangxin to meet complex care needs. © 2023 Elsevier B.V., All rights reserved.","China; Direct Care Workers; Emotion Work; Liangxin; Professionalism; Xiao/filial Piety; Xinlei/emotional Fatigue; Aged; Emotion; Human; Nursing Home; Social Environment; Workplace; Aged; East Asian People; Emotions; Humans; Nursing Homes; Social Environment; Workplace"
"‘Everything you need to embrace the change’: The ‘menopausal turn’ in contemporary UK culture","2023","Journal of Aging Studies","10.1016/j.jaging.2023.101114","https://www.scopus.com/inward/record.uri?eid=2-s2.0-85148023325&doi=10.1016%2Fj.jaging.2023.101114&partnerID=40&md5=69241d0a46b24884daadaa4c063b39f1","In recent years, the UK has witnessed an unprecedented period of pronounced public cultural conversation and promotion around a newly inflected era of menopause awareness. Importantly, this ‘menopausal turn’, as I term it, can be identified in operation throughout multiple and intertwined cultural spaces, including education, politics, medicine, retail, publishing, journalism, and more. While this invigorated conversation might be welcomed at many levels, this article examines how it would be both naive and indeed hazardous to conflate the amplification of cultural attention to menopause and demand for greater provision of menopause support currently seen in the menopausal turn, with greater inclusivity. This shift in UK media discourse has been nowhere more apparent than in the preparedness of a significant number of high-profile women celebrities and public figures ready and willing to share their stories and lend their names to confessional menopausal disclosures of one kind or another. Adopting an intersectional feminist media studies approach, I particularly examine how understanding of menopause is being envisioned and bolstered through this celebrity prism as primarily the terrain of White, cisgendered, middle-class affluence - even aspiration at times - and insist this movement be identified and acted on by all those engaged in studying or shaping menopause in the media as a pressing matter of consequence, in order to advocate for more intersectionally-conscious accounts of menopause. © 2023 Elsevier B.V., All rights reserved.","Ageing; Celebrity; Media Representation; Menopause; Whiteness; Female; Feminism; Human; Interpersonal Communication; Menopause; United Kingdom; Communication; Disclosure; Female; Feminism; Humans; Menopause"
"“Let me touch him”: Perceptions and experiences of family caregivers of nursing home residents during the COVID-19 outbreak in Israel","2023","Journal of Aging Studies","10.1016/j.jaging.2023.101115","https://www.scopus.com/inward/record.uri?eid=2-s2.0-85147865546&doi=10.1016%2Fj.jaging.2023.101115&partnerID=40&md5=6a28fc482e10a55b56888891edd1927e","Older adults in nursing homes were particularly vulnerable to COVID-19 morbidity and mortality worldwide. Due to the COVID-19 pandemic, visitations in nursing homes were restricted. The present study examined the perceptions and experiences of family caregivers of nursing home residents during the COVID-19 crisis in Israel and their coping strategies. Online focus group interviews were held with 16 family caregivers of nursing home residents. Three main categories were identified through Grounded Theory techniques: (a) Anger and decreased trust in nursing homes; (b) Perception of the residents as victims of the nursing home policy; (c) Coping strategies at different levels. The outbreak redefined family caregivers' understanding of their role. Practical implications include making the voice of the family caregivers heard, identifying effective coping strategies, and creating a dialogue between family caregivers, nursing home managements, and staff. © 2023 Elsevier B.V., All rights reserved.","Covid-19; Family Caregivers; Focus Groups; Nursing Homes; Aged; Caregiver; Epidemic; Human; Israel; Male; Nursing Home; Pandemic; Touch; Aged; Caregivers; Covid-19; Disease Outbreaks; Humans; Male; Nursing Homes; Pandemics; Touch"
"“It's not that I don't have things to do. It just all revolves around me” – men's reflections on meaning in life in the transition to retirement in Denmark","2023","Journal of Aging Studies","10.1016/j.jaging.2023.101112","https://www.scopus.com/inward/record.uri?eid=2-s2.0-85147595436&doi=10.1016%2Fj.jaging.2023.101112&partnerID=40&md5=9ddef6e572e90b3ab472b2ad95b952d8","Retirement may bring about significant changes for those who retire. Studies have shown that men find it harder than women to adapt to retirement, putting them at greater risk of identity and meaning loss, which may reduce subjective well-being and increase the risk of depression. While men may experience retirement as a challenging life event that triggers processes of meaning-making motivated by an appropriation of meaning to a new life situation, their experiences of meaning in retirement are yet to be investigated. The aim of this study was to explore Danish men's reflections on meaning in life in the transition to retirement. Forty in-depth interviews were carried out with newly retired men between fall 2019 and fall 2020. Interviews were recorded, transcribed, coded, and analyzed using an abductive approach informed by an ongoing interaction between empirical insights and psychological and philosophical perspectives on meaning in life. Six themes central to men's meaning-making in the transition to retirement were identified: family ties, social connectedness, structure of everyday life, contribution, engagement, and time. On this basis, it is suggested that reestablishing a sense of belonging and engagement are central to meaningfulness in the transition to retirement. Having a web of relations, a sense of being part of a social entity, and engaging oneself in something that provides intersubjective value may replace senses of meaning found previously in work life. A better understanding of meaning in men's transitions to retirement may provide a valuable knowledge base for efforts seeking to strengthen men's transition to retirement. © 2023 Elsevier B.V., All rights reserved.","Life Transitions; Meaning In Life; Meaning-making; Men's Health; Men's Retirement; Mental Health; Denmark; Female; Human; Male; Retirement; Female; Humans; Male; Men; Retirement"
"Age-based entitlement: An ageist practice or a tool for combatting ageism?","2023","Journal of Aging Studies","10.1016/j.jaging.2023.101108","https://www.scopus.com/inward/record.uri?eid=2-s2.0-85147301570&doi=10.1016%2Fj.jaging.2023.101108&partnerID=40&md5=251535098bfeac1008001de02674bc27","Researchers in gerontology have addressed the way age-based arrangements may communicate stereotypical and devaluing images of older people, thereby linking high age to frailty and dependence. The present article considers proposed reforms to the Swedish eldercare system designed to guarantee people over 85 the right to move into a nursing home regardless of their needs. The purpose of the article is to investigate older people's views on age-based entitlement in light of this proposal. What might the consequences of implementing the proposal be? Does it communicate devaluing images? Do the respondents consider it a case of ageism? The data consists of 11 peer group interviews with 34 older individuals. Bradshaw's taxonomy of needs was used to code and analyze data. Four positions on the proposed guarantee were identified: care should be arranged (1) according to needs, not age; (2) according to age as a proxy for needs; (3) according to age, as a right; and (4) according to age, to combat “fourth ageism”, meaning ageism directed towards frail older persons, i.e. persons in the fourth age. The notion that such a guarantee might constitute ageism was dismissed as irrelevant, while difficulties in getting access to care were presented as the real discrimination. It is theorized that some forms of ageism posited as theoretically relevant may not be experienced as such by older people themselves. © 2023 Elsevier B.V., All rights reserved.","Ageism; Eldercare; Needs; Nursing Home Care; Social Rights; Aged; Ageism; Article; Clinical Article; Female; Human; Human Experiment; Interview; Male; Nursing Home; Peer Group; Taxonomy; Case Report; Frailty; Geriatrics; Very Elderly; Aged; Aged, 80 And Over; Ageism; Frailty; Geriatrics; Humans; Nursing Homes"
"What happens behind doors? Exploring everyday indoor activities when ageing in place","2023","Journal of Aging Studies","10.1016/j.jaging.2023.101109","https://www.scopus.com/inward/record.uri?eid=2-s2.0-85147279536&doi=10.1016%2Fj.jaging.2023.101109&partnerID=40&md5=e089a63049fbe95ab9a5300903051dba","Engaging in social interaction and physical movement during everyday activities has a positive influence on wellbeing in later life. For older adults who age in place, the majority of activities occur indoors, yet studies typically focus on outdoors. Gender influences social and physical activities but is understudied in an ageing-in-place context. We aim to address these gaps by increasing insight into the indoor activities in later life, with a focus on gender differences in social interaction and physical movement. Through a mixed-methods approach, data were collected using global positioning system (GPS) trackers, pedometers and activity diaries. Twenty community-dwelling older adults (11 women and 9 men) who were living in Lancashire collected these data over seven days. An exploratory spatio-temporal analysis was conducted on the 820 activities they undertook. We discovered that our participants spend large amounts of time indoors. We also found that social interaction increases the duration of the activity and, conversely, decreases levels of physical movement. When zooming in to gender differences, men's activities took significantly longer than women's activities and were characterised by higher level of social interaction. Based on these results, we argue that there is a trade-off between social interaction and physical movement in everyday activities. We suggest establishing a balance between socialising and moving in everyday activities in later life, specifically because maintaining high levels of movement and social interaction at the same time seems unachievable. In conclusion, it is important to design indoor environments that facilitate choice between being active and resting, and between being social and being on one's own rather than assume they are mutually-exclusive and/or universally “good” or “bad” per se. © 2023 Elsevier B.V., All rights reserved.","Gender Analysis; Indoor Activity; Older Adult; Physical Movement; Social Interaction; Spatio-temporal Analysis; Wellbeing; Aged; Aging; Exercise; Female; Human; Independent Living; Male; Aged; Aging; Exercise; Female; Humans; Independent Living; Male; Men"
"A conversational, small-story approach to narrative care for people with dementia living in care institutions: Strategies and challenges","2023","Journal of Aging Studies","10.1016/j.jaging.2023.101105","https://www.scopus.com/inward/record.uri?eid=2-s2.0-85146830512&doi=10.1016%2Fj.jaging.2023.101105&partnerID=40&md5=5b83f0f5974f741db8f4552c08157c1d","The aim of the paper was to define what narrative care is and identify and discuss everyday conversational narrative care strategies regarding people living with dementia in long-term care institutional settings. To do so, we differentiate between two approaches to narrative care: a big-story approach (reflecting on life stories) and a small-story approach (enacting stories in everyday conservations). The paper is focused on the second approach, which appears to be particularly fit to be used with people living with dementia. We identify three main strategies to implement this approach in everyday care: (1) prompting and sustaining narratives; (2) valuing non-verbal and embodied cues; and (3) constructing narrative environments. Finally, we discuss some training, institutional and cultural barriers and challenges for providing conversational, small story-based narrative care for people living with dementia in long-term care institutions. © 2023 Elsevier B.V., All rights reserved.","Long-term Institutional Care: Persons Living With Dementia; Narrative Care; Person-centered Care; Dementia; Health Care Facility; Human; Interpersonal Communication; Long Term Care; Verbal Communication; Communication; Dementia; Health Facilities; Humans; Long-term Care; Narration"
"The trouble with vulnerability. Narrating ageing during the COVID-19 pandemic","2023","Journal of Aging Studies","10.1016/j.jaging.2023.101106","https://www.scopus.com/inward/record.uri?eid=2-s2.0-85146655320&doi=10.1016%2Fj.jaging.2023.101106&partnerID=40&md5=5df805d63e3ed6dad56738efa4e7e537","In this paper, we have used the exceptional circumstances created by the COVID-19 pandemic as a window for investigating the ambivalent, stereotypical and often-incongruent portrayals of exceptional vulnerability and resilient self-management that define the self-constructions available for older adults. From the onset of the pandemic, older adults were publicly and homogenously presented as a biomedically vulnerable population, and the implementation of restrictive measures also raised concerns over their psychosocial vulnerability and wellbeing. Meanwhile, the key political responses to the pandemic in most affluent countries aligned with the dominant paradigms of successful and active ageing that build on the ideal of resilient and responsible ageing subjects. Within this context, in our paper we have examined how older individuals negotiated such conflicting characterisations in relation to their self-understandings. In empirical terms, we drew on data comprising written narratives collected in Finland during the initial stage of the pandemic. We demonstrate how the stereotypical and ageist connotations associated with older adults' psychosocial vulnerability may have paradoxically offered some older adults novel building blocks for positive self-constructions as individuals who are not exceptionally vulnerable, despite ageist assumptions of homogeneity. However, our analysis also shows that such building blocks are not equally distributed. Our conclusions highlight the lack of legitimate ways for people to admit to vulnerabilities and voice their needs without the fear of being categorised under ageist, othering and stigmatised identities. © 2023 Elsevier B.V., All rights reserved.","Ageism; Covid-19 Pandemic; Narrative Analysis; Successful Ageing; Vulnerability; Aged; Ageism; Aging; Fear; Human; Pandemic; Aged; Ageism; Aging; Covid-19; Fear; Humans; Pandemics"
"Filial piety, love or money? Foundation of old-age support in urban China","2023","Journal of Aging Studies","10.1016/j.jaging.2023.101104","https://www.scopus.com/inward/record.uri?eid=2-s2.0-85146651521&doi=10.1016%2Fj.jaging.2023.101104&partnerID=40&md5=cf49f32231d4eb7b5f5f39b642ed5faf","This article explores the intertwining issues of filial obligation, material interest and emotional intimacy in driving adult children's provision of old-age support in family settings. Drawing upon multi-generational life history interviews with urban Chinese families, this article reveals how the configuration of these multiple forces is governed by the socio-economic and demographic context of a particular time. The findings dispute a lineal modernization model of transition and generational change (from past family relations structured by filial obligation to the present emotion-laden nuclear family). Instead the multi-generational analysis reveals a tightening association of multiple forces around the younger generation, intensified by the one-child demographic structure, post-Mao commercialization of urban housing and establishment of the market economy. Finally, this article highlights the role of performance in carrying out old-age support. “Surface work” is enacted in situations where tensions between conformity to public morality and private intents (emotional or material) cannot be reconciled. © 2023 Elsevier B.V., All rights reserved.","Aging; Filial Piety; Gender; Generation; Intimacy; Life History Research; Materiality; Adult; Adult Child; Aging; Article; Child; China; Chinese; Demography; Drawing; Economic Aspect; Emotion; Family Relation; Female; Gender; Housing; Human; Human Experiment; Interview; Intimacy; Life History; Male; Money; Morality; Nuclear Family; Population Structure; Tension; Age; Social Behavior; Age Factors; Emotions; Humans; Morals; Social Behavior"
"‘Bodies that never grow’: How psychiatric understanding of autism spectrum disorders affects autistic people's bodily experience of gender, ageing, and sexual desire","2023","Journal of Aging Studies","10.1016/j.jaging.2023.101101","https://www.scopus.com/inward/record.uri?eid=2-s2.0-85146598933&doi=10.1016%2Fj.jaging.2023.101101&partnerID=40&md5=0f63ee7df695365726300f3e7aac9992","This paper investigates the intersections of gender, sexuality, ageing in the way autism spectrum disorder is medically described as a discrete category. On one hand, the construction of autism as a male-centric phenomenon results in a significant gender gap in autism diagnosis, with girls diagnosed with autism significantly less and later than boys. On the other hand, the focus on depicting autism as a pediatric condition exposes adult autistics to discriminatory practices such as infantilization and contributes to the disregard of their sexual desires or to the misconception of their sexual behaviors as dangerous or inappropriate. Both infantilization and the supposed inability of autistic people to “fit” into adulthood have a significant impact on both sexuality's expressions and ageing experiences. My study suggests how fostering knowledge and further learning on the infantilization of autism can bring important insight into understanding disability from a critical angle. By challenging normative notions of gender, ageing, and sexuality, autistic people's different bodily experiences question medical authority and social politics and criticize the public representation of autism in the broader social space. © 2023 Elsevier B.V., All rights reserved.","Advocacy; Autism; Genderization; Infantilization; Sexuality; Aging; Autism; Female; Human; Male; Sexual Behavior; Sexuality; Aging; Autism Spectrum Disorder; Autistic Disorder; Female; Humans; Male; Sexual Behavior; Sexuality"
"Local knowledge and unliveable narratives: How insights from family caregiving narratives can inform locally relevant ageing policy","2023","Journal of Aging Studies","10.1016/j.jaging.2023.101102","https://www.scopus.com/inward/record.uri?eid=2-s2.0-85146481316&doi=10.1016%2Fj.jaging.2023.101102&partnerID=40&md5=a1f6dd8005e6426ca266cfda347e6c48","Background and objectives: Accommodating local knowledge in national ageing policy demonstrates a country's intention to preserve local values, including cultural values of older adults' care. However, including local knowledge must provide space for nuanced and adaptive responses to it so that ageing policies can support families in adapting to changes and challenges around caregiving. Research design and methods: This study interviewed members of 11 multigenerational households in Bali to understand the ways family carers use and resist local knowledge about multigenerational caregiving for older adults. Results: Using qualitative analysis of the interplay between personal and public narratives, we found that narratives of local knowledge provide moral imperatives related to care, which shape expectations and a standard for evaluating the younger generations' behaviour. While most of the participants' accounts fit comfortably with these local narratives, some described challenges in which their life circumstances prevented them from identifying themselves as a virtuous carer. Discussion and implications: Findings provide insight into the role of local knowledge in constructing caregiving function, carers' identities, family relationships, families' adaptation, and the influence of social structure (e.g., poverty and gender) on caregiving issues in Bali. These local narratives both confirm and dispute findings from other locations. © 2023 Elsevier B.V., All rights reserved.","Family Stories; Local Values And Practices; Older Adults' Care; Policy Implications; Aged; Aging; Article; Care Behavior; Expectation; Female; Gender; Household; Human; Male; Morality; Narrative; Poverty; Qualitative Analysis; Social Structure; Extended Family; Knowledge; Policy; Aged; Aging; Extended Family; Humans; Knowledge; Morals; Policy"
"“She looked ten years older”: Mechanisms of the new Woman's marriage and premature aging under patriarchy in Sarah Grand's The Heavenly Twins","2023","Journal of Aging Studies","10.1016/j.jaging.2023.101100","https://www.scopus.com/inward/record.uri?eid=2-s2.0-85146466515&doi=10.1016%2Fj.jaging.2023.101100&partnerID=40&md5=a4d1f310f77fc6521c443aa6fcd60c10","This article examines how the New Woman's premature aging happens in tandem with patriarchal marriage at the fin de siècle through a scrutiny of Sarah Grand's New Woman novel, The Heavenly Twins (1893/1992). The novel is a narrative of female degeneration, in which its three young and married New Woman characters become impuissant to realize the cumbersome feminized ideals of national regeneration and age or die prematurely in their twenties. Their premature decline is caused by moral and sexual degeneration of their military husbands who practice the ideology of progress at the imperial frontier. In the article, I explain how the patriarchal culture of the late Victorian society expedites women's aging process in marriage. The symptoms of mental and physical sickness experienced by the novel's Victorian wives in their twenties are a product not merely of excruciating syphilis but also the patriarchal culture. I ultimately contend that Grand unveils the other side of the male-oriented ideology of progress in criticizing the late Victorian reality where there is negligible scope for the New Woman's vision of female-led regeneration. © 2023 Elsevier B.V., All rights reserved.","Fin De Siècle; New Woman; Premature Aging; Sarah Grand; The Heavenly Twins; Female; Human; Male; Marriage; Morality; Premature Aging; Spouse; Aging, Premature; Family Structure; Female; Humans; Male; Marriage; Morals; Spouses"
"Regulating the disenfranchised: Reciprocity & resistance under the Mental Capacity Act","2023","Journal of Aging Studies","10.1016/j.jaging.2022.101099","https://www.scopus.com/inward/record.uri?eid=2-s2.0-85145366251&doi=10.1016%2Fj.jaging.2022.101099&partnerID=40&md5=71a73fff8f6eb37fe199c67b6a900881","This paper interrogates the legitimacy of formal ethical regulation regarding people with dementia under the Mental Capacity Act, 2005 in England and Wales. Under the Act, research among people diagnosed with dementia must be approved by Health Research Authority committees, irrespective of whether that research engages with health organisations or service users. As examples, I discuss two ethnographic dementia studies that do not engage with healthcare services, but which nonetheless require HRA approval. These instances raise questions regarding legitimacy and reciprocity in the governance of dementia. Through capacity legislation, the state exerts control over people with dementia, automatically delineating them as healthcare subjects because of their diagnoses. This diagnosis functions as a form of administrative medicalisation, rendering dementia a medical entity and those diagnosed with it the property of formal healthcare. However, many people with dementia in England and Wales do not receive related health or care services beyond diagnosis. This institutional imbalance of high governance and low support undermines the contractual citizenship of people with dementia, wherein state-citizen rights and responsibilities should be reciprocal. In response, I consider resistance to this system in ethnographic research. “Resistance” here is not necessarily deliberate, hostile, difficult or perceived, but rather encompasses micropolitical effects that are contrary to power or control, sometimes emerging from systems themselves rather than individual resistive actors. Resistance can be unintentional, through mundane failures to satisfy specific aspects of governance bureaucracies. It can also be deliberate, through refusals to comply with restrictions that seem cumbersome, inapplicable or unethical, potentially raising questions of malpractice and misconduct. I suggest that resistance is made more probable due to the expansion of governance bureaucracies. On the one hand, the potential for both unintentional and intentional transgression increases, while on the other hand, the capacity for those transgressions to be discovered and rectified decreases, because the maintenance of control over such a system requires vast resources. Behind this ethico-bureaucratic tumult, people with dementia themselves are largely invisible. People with dementia often have no interaction with committees that determine their research participation. This further renders ethical governance a particularly disenfranchising facet of the dementia research economy. The state stipulates that people with dementia must be treated differently because of their diagnoses, without consulting those people. In response, resistance to unethical governance could be intuitively deemed ethical per se, but I suggest that such a simplistic binary is somewhat misleading. © 2023 Elsevier B.V., All rights reserved.","Alzheimer; Dementia; Ethics; Irb; Mca; Rec; Cultural Anthropology; Dementia; England; Health Care Facility; Human; Anthropology, Cultural; Dementia; Health Facilities; Humans"
"Financial freedom, final fantasy, ‘formative ageing’: A study of ageing single women and retirement in contemporary China","2023","Journal of Aging Studies","10.1016/j.jaging.2022.101096","https://www.scopus.com/inward/record.uri?eid=2-s2.0-85145330627&doi=10.1016%2Fj.jaging.2022.101096&partnerID=40&md5=e5a84288f72e9bfad99dd2d3278545ad","This article aims to continue a conversation sustained in this journal during the last three decades; a conversation that seeks to promote critical thinking on age and ageing through the lens of gender and sexuality. I do so by considering a specific group of Chinese women: single women living in Beijing or Shanghai. I invited 24 of them, born between 1962 and 1990, to share their imaginations about retirement, in the Chinese context, where the mandatory retirement age for women is 55 or 50 (60 for men). My aims are three-fold: to insert this group of single women into retirement and ageing studies; to recuperate and document their retirement imaginations; and ultimately, to draw insights from their subjective accounts, to revisit dominant paradigms of ageing, notably so-called successful ageing. Empirical data show how these single women treasure financial freedom, but usually without taking concrete steps towards its accomplishment. They also embrace a diversity of imaginations about where and with whom they want to spend their retirement life, and what they want to do – both long-held dreams and new careers. Inspired by yanglao, a term they use instead of retirement, I argue the term ‘formative ageing’ is a more inclusive and less normative way of looking at ageing. © 2023 Elsevier B.V., All rights reserved.","China; Formative Ageing; Retirement; Single Womanhood; Successful Ageing; Adult; Aging; Article; Career; China; Fantasy; Female; Human; Human Experiment; Imagination; Major Clinical Study; Male; Retirement; Single Woman; Aging; Fantasy; Female; Humans; Imagination; Male; Retirement"
"Vračare: Village wise women, reproductive health, and Yugoslavia's early socialist modernisation project","2023","Journal of Aging Studies","10.1016/j.jaging.2022.101084","https://www.scopus.com/inward/record.uri?eid=2-s2.0-85145308195&doi=10.1016%2Fj.jaging.2022.101084&partnerID=40&md5=1b211fa36a685644b822bea98c3dee5e","This historical article examines post-WWII Yugoslavia and the state's campaigns to modernise and unify the extensive Yugoslav peasantry, and draws comparisons with other countries from the Communist Bloc. It argues that even though Yugoslavia ostensibly set out to create a new ‘Yugoslav way’ that was dissimilar to Soviet socialism, its tactics and underlying motivations were very similar to those of the Soviet modernisation projects. The article analyses the evolving concept of the vračara (elder women folk healers) as a vehicle for the state's modernising mission. Just as Soviet babki represented a threat to the new ‘social order’ in Russia, vračare were the targets of the Yugoslav state's anti-folk-medicine propaganda. It also argues that reproductive health provided a moment in the lifecycle when the state attempted to bind women to its services. The first part of the article deals with the bureaucratic push to disempower village wise women using propaganda campaigns and the introduction of medical facilities in remote communities. Even though the medicalization process ultimately failed to fully establish science-based medical services in all areas of the Yugoslav Republic, the negative image of the old crone healer endured well beyond the first post-war decade. The second half of the article examines the gendered stereotype of the old crone and how she became a stand-in for everything backward and undesirable relative to modern medicine. © 2023 Elsevier B.V., All rights reserved.","Bureaucratised Health System; Gender History; Lifecycle; Modernisation; Reproductive Health; Socialism; Aged; Article; Female; Gender; Human; Male; Medical Service; Medicalization; Motivation; Propaganda; Reproductive Health; Russian Federation; Socialism; Stereotypy; Traditional Healer; Traditional Medicine; Yugoslavia; Health Care Facility; Health Status; Aged; Female; Health Facilities; Health Status; Humans; Reproductive Health; Socialism"
"Older adult Cubans moving to the Canary Islands (Spain): Migrants' strategies in later life","2023","Journal of Aging Studies","10.1016/j.jaging.2022.101098","https://www.scopus.com/inward/record.uri?eid=2-s2.0-85145206529&doi=10.1016%2Fj.jaging.2022.101098&partnerID=40&md5=14c128c29cf91c8d819a82f51ff4b3fd","The research on migration to Spain of Cuban citizens in later life proposes to overcome the lack of academic knowledge from these analytical perspectives: migrations of older adult people beyond the issue of lifestyle mobility; the transnational diasporic nexus favoring migrations; and the Cuban community residing abroad, outside the United States of America. The combination of these elements in this case study shows the agency of older adult Cuban citizens who move to the Canary Islands, trying to achieve a greater level of material well-being and taking advantage of the diasporic ties between the Canary Islands and Cuba; but this is a process that brings out, simultaneously, feelings of dislocation and nostalgia in the stage of old age. The development of a mixed methodology and the focus on the life course of migrants offer an opportunity to reflect on the cultural and social construction of ageing in migration studies. Consequently, this research allows a deepening of knowledge on human mobility from the perspective of ageing in a counter-diasporic migration, showing the relationship between emigration and life cycle and demonstrating the strength and spirit of achievement of those individuals who decide to emigrate despite their advanced age. © 2022 Elsevier B.V., All rights reserved.","Canary Islands; Counter-diasporic Migrations; Cuba; Cuban Migrants; Life-course Approach; Older Adult Migrants; Spain; Achievement; Aged; Aging; Article; Canary Islands; Cuba; Cuban; Female; Human; Human Experiment; Life Course Perspective; Life Cycle; Male; Migrant; Caribbean (person); Emotion; Migration; Spain; Aged; Aging; Caribbean People; Cuban People; Emotions; Humans; Transients And Migrants"
"Diversity of strong and weak ties and loneliness in older adults","2023","Journal of Aging Studies","10.1016/j.jaging.2022.101097","https://www.scopus.com/inward/record.uri?eid=2-s2.0-85144551517&doi=10.1016%2Fj.jaging.2022.101097&partnerID=40&md5=bef09913c93e8195ec07c55acee11e32","This paper examines the relationship between characteristics of older adults' networks and loneliness. Drawing on a mixed-methods study with primary data from 165 surveys and a subset of 50 in-depth interviews from the broader sample, we examine whether and how strong and weak ties in an individual's network provide different forms of support in buffering loneliness. Regression models demonstrate that a higher frequency of contacts with strong ties, rather than the number of strong ties, is associated with lower levels of loneliness. In contrast, a greater number of weak ties is related to lower levels of loneliness. Our qualitative interview data shows that strong ties are susceptible to relationship loss, geographic distances, or relationship conflict. A greater number of weak ties, on the other hand, increases the likelihood of support and engagement when needed, reciprocity of relationships, and access to new social groups and networks. Previous research has focused on the complementary forms of support provided by strong and weak ties. Our study shows the different forms of support provided by strong and weak ties, underscoring the importance of a diverse social network for reducing loneliness. Our study also highlights the role of network changes in later life and social tie availability as important factors that contribute to understanding how social ties operate to combat loneliness. © 2022 Elsevier B.V., All rights reserved.","Australia; Loneliness; Mixed Methods; Social Networks; Strong Ties; Weak Ties; Aged; Article; Australia; Drawing; Female; Human; Human Experiment; Interview; Loneliness; Major Clinical Study; Male; Mixed Cell Culture; Regression Model; Social Network; Measurement Accuracy; Aged; Data Accuracy; Humans; Loneliness; Social Group"
"A qualitative study of older people living with HIV Hong Kong: Resilience through downward comparison amidst limited social support","2023","Journal of Aging Studies","10.1016/j.jaging.2022.101079","https://www.scopus.com/inward/record.uri?eid=2-s2.0-85141882135&doi=10.1016%2Fj.jaging.2022.101079&partnerID=40&md5=fd1ca72a89b19faf3f1c7843f89d7d20","Research on older people living with HIV (OPHIV) highlights social support as an important dimension of their resilience and coping resources. This study asks: in face of high perceived risk of HIV status disclosure, how do OPHIV cope when they have little social support from family and friends? Methods: This study broadens the study of OPHIV beyond North America and Europe and presents a case study of Hong Kong. In collaboration with the longest-running non-governmental organization working on HIV/AIDS issues in Hong Kong, 21 interviews with OPHIV were conducted. Results: It was found that a vast majority of them did not disclose their HIV status and many lacked social support from family and friends. The OPHIV in Hong Kong turned instead to coping through downward comparison, drawing on a comparison between their current lives with: (1) how they themselves experienced HIV in their earlier life; (2) how HIV was socially treated in the past; (3) how HIV was medically treated in the past; (4) growing up under harsh economic circumstances when industrialization and rapid economic development took place in Hong Kong; (5) Eastern religions, spiritual support and the associated philosophy of ‘letting go’ and acceptance. Conclusions: This study has found that in face of high perceived risk of HIV status disclosure, where OPHIV have little social support from family and friends, they used the psychological mechanism of downward comparison to maintain positivity. The findings also contextualize the lives of OPHIV against the historical development of Hong Kong. © 2023 Elsevier B.V., All rights reserved.","Aging; Coping; Hiv; Hong Kong; Resilience; Aged; Coping Behavior; Hong Kong; Human; Human Immunodeficiency Virus Infection; Qualitative Research; Social Support; Adaptation, Psychological; Aged; Hiv Infections; Humans; Qualitative Research; Social Support"
"The medieval biological clock? Gendered reproductive aging in medieval western medicine","2023","Journal of Aging Studies","10.1016/j.jaging.2022.101071","https://www.scopus.com/inward/record.uri?eid=2-s2.0-85137299327&doi=10.1016%2Fj.jaging.2022.101071&partnerID=40&md5=0c2921472143d73399be749c1f511335","This paper examines discussions of women's and men's reproductive aging in a series of western European medical texts written in the period 1100–1300. It uses the modern image of the biological clock to explore how far physicians in earlier periods understood reproductive aging to be a process of slow decline before a final age at which fertility ended (menopause for women, or a less defined ‘old age’ for men), and how far they viewed women's reproductive aging as different from men's. The article argues that, in contrast to modern medical and popular understandings, medieval physicians assumed men and women were broadly fertile up to a final cut-off point, and had little interest in viewing age-related fertility decline as a slow process beginning well before menopause. This was true in part because there was no realistic prospect of treatment for age-related reproductive disorders. The article also argues that in many respects – although not all – medieval writers viewed men's and women's reproductive aging as similar processes. Overall the model of reproductive aging they offered was flexible and offered room for individual variation. In this way the article demonstrates how changing understandings of the body, reproduction, and aging, demographic and social change, and changing medical treatments influence concepts of reproductive aging. © 2023 Elsevier B.V., All rights reserved.","Biological Clock; History Of Medicine; Infertility; Medieval Medicine; Menopause; Reproductive Aging; Aging; Biological Rhythm; Female; Health Status; Human; Male; Reproduction; Aging; Biological Clocks; Female; Health Status; Humans; Male; Men; Reproduction"
"Choral singing and dementia: Exploring musicality as embodied and relational accomplishment","2022","Journal of Aging Studies","10.1016/j.jaging.2022.101077","https://www.scopus.com/inward/record.uri?eid=2-s2.0-85143347876&doi=10.1016%2Fj.jaging.2022.101077&partnerID=40&md5=6faf6d7ac0906473f663bc6ed86d8509","This study explored the impact of participation in Voices in Motion (ViM), an intergenerational community choir program that involved persons with dementia, care partners, and high school students in Victoria, British Columbia, Canada. Data came from interviews with 23 duets, each consisting of a person with dementia and their care partner; additionally, five focus groups with 29 students across two ViM choirs were conducted. Choir rehearsals and concerts were also observed. The analysis revealed that those with dementia have an embodied ability to fully participate in the choir and perform songs despite cognitive decline and memory loss. Involvement in the choirs also facilitated the emergence of strong social relationships among participants while students reported gaining a deeper understanding of the everyday experiences of living with dementia. Through well-attended concerts and performances at public events, ViM also helped re-humanize persons living with dementia by challenging the narrative of decline and its associated stigma. This record is sourced from MEDLINE/PubMed, a database of the U.S. National Library of Medicine","Choir Singing; Dementia; Embodied Performance; Social Relationships; Stigma; British Columbia; Dementia; Human; Music; Singing; Student; Dementia; Humans; Music; Singing; Students"
"The heroic challenge of retirement","2022","Journal of Aging Studies","10.1016/j.jaging.2022.101080","https://www.scopus.com/inward/record.uri?eid=2-s2.0-85143294261&doi=10.1016%2Fj.jaging.2022.101080&partnerID=40&md5=3f28ad23ea86cd5e964a5277ba1bc92e","Objective: To explore the theme of retirement in the epic tale of Odysseus and the implications it can have for contemporary retirees in the light of recent empirical research. Methods: Homer's Odyssey (ca. 8th cent. B.C.E.) and Tennyson's poem “Ulysses” (1833) were closely read and compared to disclose the impact retirement had on a literary character who had for most of his life thrived on action. Results: While Homer avoided directly describing the quality of Odysseus' life once he had returned home from war, Tennyson focused on it, arguing that a life devoid of adventure would have been intolerable for such a personality. Discussion: Seeking out new adventures and experiences, despite one's age, may serve to mitigate one of the most common negative components of retirement today, boredom, and thereby lengthen and enhance the quality of retirees' lives. © 2022 Elsevier B.V., All rights reserved.","Adventure; Aging; Boredom; Generativity; Loneliness; Meaning; Purpose; Retirement; Self-actualization; Cefapirin; Cephapirin; Aging; Article; Boredom; Human; Human Experiment; Loneliness; Male; Pensioner; Personality; Retirement; Self Actualization; Recreation; Cefapirin; Cephapirin; Humans; Male; Recreation; Retirement"
"Conceptualizations of aging and cognitive competence: Evaluations and accounts after cognitive testing","2022","Journal of Aging Studies","10.1016/j.jaging.2022.101074","https://www.scopus.com/inward/record.uri?eid=2-s2.0-85141809063&doi=10.1016%2Fj.jaging.2022.101074&partnerID=40&md5=eb61e67058ef0945d6424db2e9aa8a60","Aim: To investigate how conceptualizations of cognition and aging are displayed through evaluations and accounts after cognitive testing with elders who do not have dementia. Method: 14 persons >65 years of age without clinical memory loss were tested with the MMSE and interviewed about their experiences. The audio-recordings were transcribed according to Conversation Analytic conventions. Examples of evaluations and accounts related to cognitive competence were collected, categorized, and analyzed by topic. Results: The results show how the interviewer and participant being tested evaluate and account for face threats related to the cognitive and communicative competence of the person being tested. Examples of evaluations include downplaying one's own competence, while accounts include attributing difficulties with test tasks to personal circumstances, such as participants' lived experiences or to expected (as opposed to pathological) cognitive change in aging. Conclusions: Inviting participants to share their experiences of cognitive testing can reveal valuable information on how they conceptualize cognition and aging, as well as the testing process itself. Reflections may also reveal potential dementia worry. Evaluations and accounts are closely related to face-saving acts. © 2022 Elsevier B.V., All rights reserved.","Accounts; Aging; Cognitive Testing; Dementia Worry; Evaluations; Face; Aged; Aging; Cognition; Concept Formation; Dementia; Human; Neuropsychological Test; Aged; Aging; Cognition; Concept Formation; Dementia; Humans; Neuropsychological Tests"
"Virtual roundtable discussion of ‘Revisioning ageing futures: Feminist, queer, crip and decolonial visions of a good old age’","2022","Journal of Aging Studies","10.1016/j.jaging.2022.101082","https://www.scopus.com/inward/record.uri?eid=2-s2.0-85141499470&doi=10.1016%2Fj.jaging.2022.101082&partnerID=40&md5=558b7935538d2be48db6a5aa0f798157","[No abstract available]","Aging; Feminism; Human; Sexual And Gender Minority; Aging; Feminism; Humans; Sexual And Gender Minorities"
"Revisioning ageing futures: Feminist, queer, crip and decolonial visions of a good old age","2022","Journal of Aging Studies","10.1016/j.jaging.2022.101083","https://www.scopus.com/inward/record.uri?eid=2-s2.0-85141447251&doi=10.1016%2Fj.jaging.2022.101083&partnerID=40&md5=5c01d596010a8acaef5c577f280e61b9","[No abstract available]","Aging; Feminism; Human; Sexual And Gender Minority; Aging; Feminism; Humans; Sexual And Gender Minorities"
"Is filial care for older adults in Nigeria threatened? Examining concerns from adult offspring providing care","2022","Journal of Aging Studies","10.1016/j.jaging.2022.101078","https://www.scopus.com/inward/record.uri?eid=2-s2.0-85140904979&doi=10.1016%2Fj.jaging.2022.101078&partnerID=40&md5=2642a00db66b893f7712ea0779560a78","Filial care for older adults is a normative family practice in Nigeria, heralded by offspring. However, as families continuously evolve away from the extended structure to more nuclear setups, with women contesting traditional domestic roles, strong concerns about filial care are emerging. Our qualitative study investigated filial care using data elicited from 32 adult offspring in Enugu, Nigeria. Narratives reveal that filial care remains the most culturally acceptable and ‘feasible’ care option for older adults in Nigeria. Notwithstanding challenges constraining the efficiency of filial care, such as changing gender roles, an increase in the ages of adult offspring, uncooperative older adults, deplorable economic conditions, and living arrangements, filial care for older adults abound. Although contested, the paid care option within filial setup was reasonably considered by the participants as an important measure to address the challenges of filial care. In all, participants were unsure about the future of government assistance, hence there is a need to improve filial care by strategically adopting policy and programme directions, with social workers playing potentially pivotal roles. © 2022 Elsevier B.V., All rights reserved.","Adult Offspring; Family Caregiving; Filial Care; Older Adults; Social Work; Adult; Aged; Article; Care Behavior; Female; General Practice; Government; Human; Male; Narrative; Nigeria; Progeny; Qualitative Research; Sex Role; Social Work; Social Worker; Adult Child; Policy; Verbal Communication; Adult Children; Aged; Female; Humans; Narration; Policy; Qualitative Research"
"Representations of older adults in COVID-related newspaper articles: A comparison between the perspectives of older and younger adults","2022","Journal of Aging Studies","10.1016/j.jaging.2022.101081","https://www.scopus.com/inward/record.uri?eid=2-s2.0-85140807396&doi=10.1016%2Fj.jaging.2022.101081&partnerID=40&md5=2abc4e1e0ea3aae1247ad6ad0a5e18c7","During the COVID-19 pandemic, media sources discussed diverse perspectives on aging and older adults, providing opportunities to examine representations of older adults during times of crisis. This study aims to explore representations of older adults during the first month of the pandemic in the U.S. by comparing the perspectives of older and younger adults in national newspapers. A systematic search identified 115 articles published in four major newspapers in the U.S. between March 11 and April 10, 2020, in which older and younger adults were quoted on topics related to the intersection of COVID-19 and aging. Quotes were inductively reviewed using content and thematic analytic strategies. A total of 265 quotes were identified from older adults (n = 104, 39%) and younger adults (n = 161, 61%). We identified three primary themes: impacts on “vulnerable” older adults, debates over the value of older adults' lives, and a counternarrative of resiliency. Older adults were represented as a vulnerable group during the pandemic, in need of protection and support, while debates over the value of their lives similarly evoke images of frailty and dependency. Such depictions frame older adults as a burden on society and reduce their agency and subjectivity. Ageist biases were not only present in quotes from public figures and professionals, but also evident in quotes from older adults themselves. However, older adults also spoke to their own resiliency, survival, and strengths, thereby positioning themselves as elders worthy of respect and able to share wisdom with younger generations. These findings highlight the importance of listening to older adults' voices in order to understand their experiences from their own perspectives through their own agentive positioning and promoting intentionally age-positive and nuanced representations of older adults in public discourse. © 2022 Elsevier B.V., All rights reserved.","Media; Pandemic; Representations; Resiliency; Aged; Ageism; Aging; Frailty; Human; Pandemic; Aged; Ageism; Aging; Covid-19; Frailty; Humans; Pandemics"
"The image of old age emerging from place personalization in older adults' dwellings","2022","Journal of Aging Studies","10.1016/j.jaging.2022.101075","https://www.scopus.com/inward/record.uri?eid=2-s2.0-85140468503&doi=10.1016%2Fj.jaging.2022.101075&partnerID=40&md5=4c019f718938d15c40a260b10f5b2872","This paper aims to present the process of older adults' place personalization and the image of old age emerging from it. The focus is on the material environment where participants live. This environment reveals one of the many layers of becoming an older adult. Results indicate that older people are strongly integrated into the place in which they live, and the components of this process are presented. The dwelling place echoes the acquired identity of an older person in many dimensions—physical, biographical, aesthetic, and axiological. Following main themes were generated inductively from the data, which reveals two aspects of place: the structural aspect, relating to the objects gathered – (personal belongings, aestheticization of place with objects of biographical significance, objects pointing to values), and the agency aspect, relating to the characteristic activities that older adults engage in where they live (place adaptation, command center, and customization of objects and actions). The context of the current discussion is the knowledge provided by environmental gerontology and an identity perspective on both collective and individual aspects of housing. The study was based on qualitative data—photographs of the interiors of older adult's dwellings and transcripts of conversations obtained using the photowalking technique. The analysis and interpretation of the research material was performed in accordance with visual grounded theory methodology. Findings can be used to design an environment for older adults, which may improve their quality of life. It is crucial when designing rooms in residential care homes and when sensitizing their staff to the need to provide residents with appropriate space for accumulating, storing, and displaying familiar and important objects rooted in their values, biographies, and established rituals. © 2022 Elsevier B.V., All rights reserved.","Aging-in-place; Command Center; Customization; Photowalk; Place Adaptation; Place Aestheticization; Visual Grounded Theory Methodology; Aged; Article; Conversation; Genetic Transcription; Gerontology; Grounded Theory; Housing; Human; Independent Living; Literature; Photography; Quality Of Life; Resident; Residential Care; Ritual; Esthetics; Geriatrics; Interpersonal Communication; Measurement Accuracy; Aged; Communication; Data Accuracy; Esthetics; Geriatrics; Humans; Quality Of Life"
"Social media discussions about long-term care and the COVID-19 pandemic","2022","Journal of Aging Studies","10.1016/j.jaging.2022.101076","https://www.scopus.com/inward/record.uri?eid=2-s2.0-85140064506&doi=10.1016%2Fj.jaging.2022.101076&partnerID=40&md5=90a53a97defdb93780867edb1d87aa02","With the proliferation of social media networks, online discussions can serve as a microcosm of the greater public opinion about key issues that affect society as a whole. Online discussions have been catalyzed by the COVID-19 pandemic and have magnified challenges experienced by older adults, health care professionals, and caregivers of long-term care (LTC) residents. Our main goal was to examine how online discussions and public perceptions about LTC practices have been impacted by the COVID-19 pandemic. We conducted a content analysis of Twitter posts about LTC to understand the nature of social media discussions regarding LTC practices prior to (March to June 2019) and following the declaration of the COVID-19 pandemic (March to June 2020). We found that a much greater number of Twitter posts about LTC was shared during the COVID-19 period than in the year prior. Multiple themes emerged from the data including highlighting concerns about LTC, providing information about LTC, and interventions and ideas for improving LTC conditions. The proportion of posts linked to several of these themes changed as a function of the pandemic. Unsurprisingly, one major new issue that emerged in 2020 is that users began discussing the shortcomings of infection control during the pandemic. Our findings suggest that increased public concern offers momentum for embarking on necessary changes to improve conditions in LTC. © 2022 Elsevier B.V., All rights reserved.","Attitudes; Dementia; Older Adults; Quality Of Care; Twitter; Aged; Epidemiology; Health Care Personnel; Human; Long Term Care; Pandemic; Social Media; Aged; Covid-19; Health Personnel; Humans; Long-term Care; Pandemics; Social Media"
"Establishing the places of care for the old people in The Diaries of Jane Somers by Doris Lessing","2022","Journal of Aging Studies","10.1016/j.jaging.2022.101073","https://www.scopus.com/inward/record.uri?eid=2-s2.0-85139736078&doi=10.1016%2Fj.jaging.2022.101073&partnerID=40&md5=d183f47e10f07e811ef66e4e8d37c714","The Nobel-prize winner Doris Lessing brings forward the significance of caring for the old and dying people in her novel The Diaries of Jane Somers, which reveals that human flourishing is based on responsibility, interdependency, and trust between the carer and cared for. In this novel, Lessing mainly emphasizes the significance of caring for both close relatives and distant others who suffer from old age and sickness via the protagonist Jane Somers, who develops unconditional care for a ninety-year-old woman, Maudie Fowler. By depicting Jane's transformation into a caring and interdependent character, contrary to her earlier indifference and autonomy, Lessing proposes that the claims of the old, the sick, and the dying people could be responded to by sharing their experiences and feelings, especially in their personal places. In this respect, this study aims to explore the relationship between literature and care ethics within the scope of ageing studies. This study will embrace the claims of care ethicists and analyse how they are reflected in a literary work. Thus, the aim is to create awareness through literature about caring for older, sick, and dying people by establishing or sharing the places of care, such as older people's homes, rooms, beds, bathrooms, and even deathbeds. © 2022 Elsevier B.V., All rights reserved.","Ageing; Doris Lessing; Ethics Of Care; Places Of Care; The Diaries Of Jane Somers; Aged; Aging; Apathy; Case Report; Emotion; Female; Human; Trust; Very Elderly; Aged; Aged, 80 And Over; Aging; Apathy; Emotions; Female; Humans; Trust"
"“You gotta have your cry”: Administrator and direct care worker experiences of death in assisted living","2022","Journal of Aging Studies","10.1016/j.jaging.2022.101072","https://www.scopus.com/inward/record.uri?eid=2-s2.0-85138514050&doi=10.1016%2Fj.jaging.2022.101072&partnerID=40&md5=9c16e397dba12dce307591c04fb95f78","Assisted living (AL) is increasingly a site of end-of-life care and a long-term care location where growing numbers of people are aging in place and dying. Despite these trends, limited research focuses on how death and grief impact the work environment in AL. This grounded theory analysis examined qualitative data collected from 27 administrators and 38 direct care workers (DCWs) in 7 diverse settings. As assisted living administrators and DCWs experienced resident death, they engaged in a dynamic and individualized process of “managing the normalization of death,” which refers to the balance of self-identity and workplace identity. The process of reconciling these opposing contexts in AL involved several individual- and community-level conditions. Administrators and DCWs would benefit from additional resources and training around death. Increasing collaboration with hospice and clarifying policies about death communication would better prepare the workforce to acknowledge the end of life in assisted living. © 2022 Elsevier B.V., All rights reserved.","End-of-life Care; Formal Caregiving; Qualitative Research; Administrative Personnel; Article; Assisted Living Facility; Care Behavior; Grief; Grounded Theory; Hospice; Human; Independent Living; Long Term Care; Qualitative Research; Resident; Self Concept; Terminal Care; Work Environment; Workforce; Workplace; Aged; Health Care Personnel; Aged; Health Personnel; Humans; Independent Living; Terminal Care; Workforce; Workplace"
"Conceptualizing violence in nursing home policy: A citizenship perspective","2022","Journal of Aging Studies","10.1016/j.jaging.2022.101064","https://www.scopus.com/inward/record.uri?eid=2-s2.0-85137076636&doi=10.1016%2Fj.jaging.2022.101064&partnerID=40&md5=1fbec378368a856266828234cb059cfe","Violence is a pervasive, yet often hidden, issue within nursing homes, affecting residents, family members and care workers. Critical exploration of embedded understandings of violence within public policies can provide important insights into how violence is viewed and addressed in nursing home environments as well as the implications of violence for different groups and alternative ways of framing and addressing violence. To this end, this study explored how violence is conceptualized within 45 nursing home policy texts from two Canadian provinces - Manitoba and Nova Scotia. Using a critical policy analysis approach and a citizenship lens, we identified four dominant constructions of policy ‘targets’ associated with specific rights and conceptualizations of violence. Policy documents construct residents as either vulnerable and in need of protection or as challenging and requiring behavior management. Care workers are constructed as either clinical risk managers, responsible for mitigating violence, or as employees with rights and responsibilities. Overall, violence prevention policies governing nursing homes are fragmented and convey conflicting conceptualizations of violence, associated with divergent rights and responsibilities. Our findings highlight the need for comprehensive violence prevention policies that affirm the rights of nursing home residents and care workers alike. © 2022 Elsevier B.V., All rights reserved.","Canada; Citizenship; Long-term Care; Nursing Homes; Policy Analysis; Responsive Behaviors; Violence; Adult; Article; Canada; Citizenship; Employee; Human; Long Term Care; Manager; Manitoba; Nova Scotia; Nursing Home; Nursing Home Patient; Resident; Responsibility; Violence; Worker; Prevention And Control; Public Policy; Citizenship; Humans; Nursing Homes; Public Policy; Violence"
"Wedded to the land? Representations of rural ageing masculinities in Irish culture and society","2022","Journal of Aging Studies","10.1016/j.jaging.2022.101058","https://www.scopus.com/inward/record.uri?eid=2-s2.0-85134602086&doi=10.1016%2Fj.jaging.2022.101058&partnerID=40&md5=668c0dc8ae25f6fa843a57015bd32e81","This article explores the interactions between social constructions and cultural representations of rural ageing masculinities in Ireland. Constructions of Irish masculinities have historically been linked to rural, farming identities emphasising physicality, self-reliance, patrilineal inheritance and traditional (Catholic) family values. Central to such constructions in many classic works of Irish literature, drama and film has been the powerful role of the father and the imperative of the land. While there is a burgeoning literature on masculinities in Irish literary, cultural and sociological studies, there are however few studies on the intersection of age and masculinities, or across disciplines. This article seeks to address this critical gap in relation to rural masculinities through close readings of significant texts from Irish literature and film, as well as through focus group discussions of men aged 65+ living in Ireland about their views on such images. Taking an intersectional and interdisciplinary approach, it thus offers an overview of cultural constructions of ageing rural masculinities and explores how such representations inform models of ageing in contemporary Ireland. © 2023 Elsevier B.V., All rights reserved.","Ageing; Documentary; Film; Ireland; Literature; Masculinities; Men; Rural; Adult; Aging; Article; Human; Human Experiment; Ireland; Male; Masculinity; Information Processing; Movie; Sociology; Aging; Focus Groups; Humans; Male; Masculinity; Motion Pictures; Sociology"
"Bouncing off Ove: Old men's readings of the novel A Man Called Ove as a cultural representation of ageing masculinity","2022","Journal of Aging Studies","10.1016/j.jaging.2022.101053","https://www.scopus.com/inward/record.uri?eid=2-s2.0-85133257256&doi=10.1016%2Fj.jaging.2022.101053&partnerID=40&md5=164519bfcdab25b3b121ddfd17d20043","In recent years, there has been a rise in portrayals of greying protagonists in popular fiction, often featuring older people in humorous and heart-warming stories. An emerging genre within this literature is the “geezer and grump lit”, a genre where older people are active protagonists, and while often portrayed as grumpy “’usually turn out to have a heart of gold’” (Swinnen, 2019). A notable example of a book in this genre is the internationally bestselling novel A Man Called Ove (2012) by the Swedish author Fredrik Backman. Telling the story of the 59-year-old Ove who sets out to take his own life, the novel can be understood not only as a cultural representation of ageing, but more specifically a cultural representation of ageing masculinity. But how is this popular novel read and responded to by old men themselves? This article builds on a focus group study with Swedish men aged 65–92 who read and discussed A Man Called Ove. The aim of this article is thus to explore how men read the novel and how these readings function as ways of constructing, negotiating and challenging ageing masculinity and the old man as a gendered and aged position. Findings of the study show how discussion of the novel generated a variety of “imaginary positions” through which the participants made sense of what it means to be an old man in contemporary Sweden, including positions such as the active aspiring ageing man, the passive lonely old man, the embodied and vulnerable old man, and the dutiful old man. Future research should explore how other literary genres may provide ways of understanding how old men's gendered and aged subjectivities are constructed. © 2023 Elsevier B.V., All rights reserved.","Ageing; Imaginary Positions; Literature; Masculinity; Old Men; Popular Literature; Reading; Adult; Aged; Aging; Article; Female; Human; Male; Masculinity; Middle Aged; Negotiation; Reading; Sweden; Swedish Citizen; Information Processing; Loneliness; Aged; Aging; Focus Groups; Humans; Loneliness; Male; Masculinity; Men"
"Studying constructions of aging manhood: Methodological considerations","2022","Journal of Aging Studies","10.1016/j.jaging.2022.101050","https://www.scopus.com/inward/record.uri?eid=2-s2.0-85132726958&doi=10.1016%2Fj.jaging.2022.101050&partnerID=40&md5=723f16a091800f887fe12a2dcf5cc34e","The study of aging masculinity benefits from theories of intersecting inequality and attention to context, and also from methodological care. Theory can help to avoid reification of naturalized distinctions by age and by sex; and methodological rigor can avoid imputations of old masculinity to activities that other people do just as much. We revisit published research to outline theory and methods that minimize risk of reification and false distinction. We review theories of intersecting inequalities (age and gender) as well as institutional context; and we focus on methods that require either explicit mention of gender by those studied or direct comparison of old men to others. We offer several examples of how we can distinguish aging masculinities by using these methods, from interview research to the study of popular culture. Comparisons of white, middle-aged men in Finland to men in the U.S., and contrast of the U.S. men to U.S. women, reveal patterns in their constructions of manhood in later life, in realms of health, anti-aging, and caregiving. We point to the importance of both intersectionality and attention to contexts, such as welfare states, which shape aging manhood. © 2023 Elsevier B.V., All rights reserved.","Context; Intersections; Masculinity; Aging; Female; Finland; Human; Male; Masculinity; Middle Aged; Aging; Female; Humans; Intersectional Framework; Male; Masculinity; Middle Aged"
"Contradictions of hegemonic masculinity and the (hopeful) potential of old age and caring masculinity in Estonian society and in films A Friend of Mine (2011) and Tangerines (2013)","2022","Journal of Aging Studies","10.1016/j.jaging.2022.101034","https://www.scopus.com/inward/record.uri?eid=2-s2.0-85131595861&doi=10.1016%2Fj.jaging.2022.101034&partnerID=40&md5=29112b891f6ec28c3e3156b593d3537a","Despite having a significant impact on how we perceive ageing, cultural representations of old age, particularly depictions of old men, have received little attention. This is especially true regarding the cinemas of small nations and Eastern European film. Some authors claim that this gap in knowledge unintentionally repeats a widespread cultural assumption of associating masculinity with young and middle age men (Saxton & Cole, 2012, pp. 97–98). Old age has a complex relationship with the hegemonic variant of masculinity, which, as defined by R. W. Connell and James W. Messerschmidt, opposes itself to femininities and oppresses alternative forms of masculinities (Connell & Messerschmidt, 2005, p. 832). As hegemonic masculinity presupposes that one is physically and/or socioeconomically in their prime, old age appears to be inversely correlated with it, offering an opportunity to rethink masculinities. At the same time, as the films analysed in this article will show, becoming marginalised in old age, often due to hegemonic masculinity, does not necessarily lead one to abandon its principles. Caring masculinity has recently been discussed as a non-hierarchical alternative to hegemonic masculinity (Hanlon, 2012; Elliott, 2016; Ruby & Scholz, 2018; Chatzidakis et al., 2020; Hyvönen, 2021). So far, caring is socially constructed as feminine (see also Reskin, 1988). Despite the growing labour market participation of females, the gender care gap is not closing at the same speed and remains the chief source of the ‘patriarchal dividend’ (Connell, 1995). Men's changing relation to care, at least regarding one's own children, has been the focus of policy reform, but less so men's relation to care more broadly. Theories that aim to explain the gender inequality in care work usually do not engage with critical studies of men and masculinity along with the concept of hegemonic masculinity (Connell & Messerschmidt, 2005). Care's intersectionality with ageing and masculinities especially merits further study. This article will frame caring masculinity as well as the social context regarding care and old age in Estonia. Following this, the representation of these topics will be analysed in two Estonian films: A Friend of Mine (Kivastik, 2011) and Tangerines (Urushadze, 2013), in which such concerns are central. © 2023 Elsevier B.V., All rights reserved.","Ageing; Caring Masculinity; Estonia; Film; Hegemonic Masculinity; Loneliness; Estonia; Female; Friend; Human; Male; Masculinity; Movie; Female; Friends; Humans; Male; Masculinity; Men; Motion Pictures"
"A Bibliotherapeutic discourse on aging and masculinity in continuing care retirement communities","2022","Journal of Aging Studies","10.1016/j.jaging.2022.101033","https://www.scopus.com/inward/record.uri?eid=2-s2.0-85131567823&doi=10.1016%2Fj.jaging.2022.101033&partnerID=40&md5=e3cf1597c1256794ec97c81f95398021","This paper examined how the use of literary works in bibliotherapy groups for older men promotes discourse on aging and masculinity. Two groups of men from two different CCRCs in Israel participated in the study. Each group underwent 10 bibliotherapy sessions. Following reading aloud of literary works on aging, the participants were invited to share their reflections upon their life, inspired by the creations. An abductive analysis pointed to the central role of the literary elements in encouraging self-expressions among the participants. A qualitative content analysis revealed three themes, which indicate that the literary elements: (a) Encourage the expression of loss; (b) Allow participants to express aspects of positive aging; and (c) Promote insights regarding the acceptance of the aging process. In addition, an analysis focusing on aspects of form revealed four responses to literary elements: (a) Direct metaphors in line with the literary works' interpretations; (b) Creating new meaning for the original metaphors; (c) Expressing conflicting emotions through oxymorons; and (d) Relying on the authors' biographies as an extra-textual context for reflections. The study reflects an inter-disciplinary approach to promote expressions of aging masculinity, and to understand them in bibliotherapeutic groups of older affluent men. © 2022 Elsevier B.V., All rights reserved.","Aging; Bibliotherapy; Continuing Care Retirement Community; Masculinity; Men; Older Adults; Adult; Aging; Article; Bibliotherapy; Case Report; Clinical Article; Content Analysis; Emotion; Human; Human Experiment; Israel; Literature; Male; Masculinity; Reading; Retirement; Aged; Aged; Aging; Humans; Male; Masculinity; Metaphor; Retirement"
"Aging masculinities in Austria: Social realities and cultural representations","2022","Journal of Aging Studies","10.1016/j.jaging.2022.101035","https://www.scopus.com/inward/record.uri?eid=2-s2.0-85131531453&doi=10.1016%2Fj.jaging.2022.101035&partnerID=40&md5=35d1210a83850081e95d9a44e8f4bb48","Combining theoretical perspectives and analytical methods from the social sciences and literary studies, this interdisciplinary paper discusses key findings of online focus groups conducted with Austrian men aged 65+ as well as ‘media logbooks’ they kept. Within the frameworks of the EU Gender-Net Project MascAge (Analyzing Social Constructions of Aging Masculinities and their Cultural Representations in Contemporary European Literatures and Cinemas), older men of diverse backgrounds met online to reflect on their aging and its intersections with gender. Analyzing these conversations, the paper showcases older men's personal experiences of aging as well as their societal implications. We put forward the hypothesis that the understanding of aging, and aging masculinities in particular, of Austrian men 65+ primarily revolves around the idea of power. Most importantly, they conceive of the aging process as a ‘power game’ in which one frequently loses, ideally maintains, and – in exceptional cases only – gains power. The paper outlines how both personal experiences and engagement with media representations of aging relate to cultural ideals of old men as figures of authority. In doing so, the paper critically examines these stereotypical notions of aging masculinities as well as older men's potential to subvert them through a narrative process. © 2022 Elsevier B.V., All rights reserved.","Aging; Masculinities; Men 65 +; Power; Aged; Aging; Austria; Human; Information Processing; Male; Masculinity; Aged; Aging; Focus Groups; Humans; Male; Masculinity; Men"
"Inside aging masculinities and gerontological careers","2022","Journal of Aging Studies","10.1016/j.jaging.2022.101032","https://www.scopus.com/inward/record.uri?eid=2-s2.0-85130909458&doi=10.1016%2Fj.jaging.2022.101032&partnerID=40&md5=0c74a878791da2b61fd920c16cd7dc6b","This roundtable discussion is a creative contribution to this special issue on ‘aging masculinities’ based on questions posed by editor Stephen Katz to three leading senior scholars in the critical gerontological field in the United States. W. Andrew Achenbaum is a renowned historian who has devoted his career to writing about the relevance of past politics, cultures, and knowledges of aging to comprehending our current dilemmas. Thomas R. Cole is an acclaimed historical scholar and mentor to generations of Humanities researchers across the globe. His work also includes film, literature, ethics, and spirituality. Brian de Vries is a social gerontologist whose bold research on LGBTQ aging is a powerful voice in critiquing the multiple forms of discrimination, violence and hardships, and denied rights and life-chances imposed by hetero-patriarchal regimes in later life. That these men have shaped and been shaped by their work and advocacy is the key theme that inspires our conversation. © 2022 Elsevier B.V., All rights reserved.","Aging; Critical Thinking; Life-course; Masculinity; Reflexivity; Roundtable; Adult; Aging; Article; Career; Conversation; Critical Thinking; Editor; Ethics; Gerontologist; Human; Lgbtqia+ People; Lifespan; Male; Masculinity; Mentor; Politics; Religion; United States; Violence; Voice; Writing; Geriatrician; Geriatrics; Movie; Aging; Geriatricians; Geriatrics; Humans; Male; Masculinity; Motion Pictures"
"Pain and glory: Narrative (De)constructions of older gay men in contemporary Spanish culture and cinema","2022","Journal of Aging Studies","10.1016/j.jaging.2022.101030","https://www.scopus.com/inward/record.uri?eid=2-s2.0-85130572945&doi=10.1016%2Fj.jaging.2022.101030&partnerID=40&md5=df4263d81f11533b9f99b83c72843e64","If (older) gay men have recurrently been stereotyped as hypersexual and as sexually voracious, they have also been represented as weak and effeminate, miserable and lonely, and as less manly than their heterosexual counterparts (Goltz, 2014; Freeman, 2010). Quite often, as Goltz reminds us, the two stereotypes intersect, as in classic films such as Death in Venice, Gods and Monsters, or Love and Death on Long Island, to name but a few, where ageism and homophobia combine to judge intergenerational relations as inappropriate and gay characters as “dirty old men” eager to recover their lost youth. Given these negative images, it is no wonder, then, that both youthism and ableism have become part and parcel of contemporary gay culture, which may also be linked to the few positive cultural images available of aging or disabled gay male bodies (Goltz, 2014). Starting off from the assumption that bodies are shaped and reshaped in complex interactions between physical and symbolic dimensions, the paper will demonstrate, however, how (auto)biographical narratives of older gay men, what we call “egodocuments,” may be useful to rethink such traditional (mis)conceptions. Crossing the traditional divide between the Social Sciences and the Humanities, the study will draw on both life stories and film representations of older gay men in Spain, focusing on Spanish director Pedro Almodóvar's (2019) latest film, Pain and Glory, as a (semi-)autobiographical re-vision of traditional representations of gay men's aging. While Almodovar's protagonist and alter-ego, Salvador Mallo, appears as “prematurely aged” (Curtis and Thompson, 2015) due to bodily pain and disability, the film also travels back and forth from Mallos's childhood and youth to his maturity. This shows aging not only as a life-course experience, but also helps redefine it as a “queer” rather than linear or “straight” experience (Halberstam), allowing for both “pain and glory” to coexist in old age. Almodóvar's portraiture of gay aging will be compared to the life stories collected in a number of focus groups with Spanish older gay men, which will provide equally complex, varied, and often contradictory narratives. © 2022 Elsevier B.V., All rights reserved.","Aging; Gay; Masculinities; Men; Pain And Glory; Pedro Almodóvar; Sexualities; Adolescent; Aged; Child; Human; Male; Movie; Pain; Sexual And Gender Minority; Verbal Communication; Adolescent; Aged; Child; Humans; Male; Men; Motion Pictures; Narration; Pain; Sexual And Gender Minorities"
"Introduction","2022","Journal of Aging Studies","10.1016/j.jaging.2022.101029","https://www.scopus.com/inward/record.uri?eid=2-s2.0-85129532044&doi=10.1016%2Fj.jaging.2022.101029&partnerID=40&md5=4ecd109399f19964dcb889505a45e346","[No abstract available]","Aging; Cultural Representations; Masculinities; Social Constructions"
"“I was born a man - I'm close to myself”: Israeli film directors and cinema in the MeToo era","2022","Journal of Aging Studies","10.1016/j.jaging.2022.101039","https://www.scopus.com/inward/record.uri?eid=2-s2.0-85127986727&doi=10.1016%2Fj.jaging.2022.101039&partnerID=40&md5=33b039da78426b98a1f2d2c0a7d85954","The MeToo movement exposed distinct inequalities between men and women on and offscreen. It shed light on the latent politics of power relations between the sexes and tremendously influenced various aspects of Israeli social life. Nevertheless, the question, addressed in this study, of how senior male film directors perceive the change in the gender power dynamics, has not yet been sufficiently addressed. This qualitative study is composed of semi-structured extended interviews with 13 award-winning Israeli directors, who are in the second half of their lives. Applying interpretative phenomenological analysis, the findings indicate that the directors acknowledged that the power relations between men and women have changed. However, the findings also demonstrate remaining difficulties and a backlash in reaction to the change. Based on the findings, two models have emerged. The first, The Phases of Change, demonstrates the process of change as consisting of awareness, avoidance, diversity, women's stardom and support. The second, The Cycle of Perseverance, elaborates the resistance to change as consisting of tokenism, neutrality, androcentrism and persistence. © 2022 Elsevier B.V., All rights reserved.","Gender Power Relations; Israeli Cinema; Male Directors; Masculinity; Metoo; Female; Human; Israel; Male; Movie; Politics; Qualitative Research; Female; Humans; Male; Motion Pictures; Politics; Qualitative Research"
"Queer futures? Forget it! Dementia, queer theory and the limits of normativity","2022","Journal of Aging Studies","10.1016/j.jaging.2021.100993","https://www.scopus.com/inward/record.uri?eid=2-s2.0-85122921407&doi=10.1016%2Fj.jaging.2021.100993&partnerID=40&md5=061b331dff70d06e86d0502e76aad48a","This article, which takes inspiration from Sandberg and Marshall's (2017) critique of successful ageing futures, considers how dementia is framed, arguing that it needs to be queered beyond a simple challenge of the biomedical model. The article draws on ideas from Queer Theory to demonstrate how dementia is framed within normative tropes around loss, decline and forgetting. Using Membership Categorisation Analysis (MCA) the article undertakes a detailed reading of an advertisement produced by Alzheimer's Society, UK, an important cultural intermediary in framing how dementia is understood culturally. The analysis highlights three key features of categorisation work used in the advertisement: framing the multigenerational family; being isolated and alone with dementia; and recapturing hope/de-queering dementia. The articles show how cultural texts intended to educate the public about dementia, draw on and propagate normative tropes about the condition that frames it in heteronormative, reproductive, futurological terms. The ramifications of this are discussed in the analytic discussion and conclusions section. © 2023 Elsevier B.V., All rights reserved.","Dementia; Framing; Membership Categorisation Analysis; Queer Theory; Aging; Dementia; Human; Sexual And Gender Minority; Aging; Dementia; Humans; Sexual And Gender Minorities"
"Renovate my uterus: Aging queerly through performance art and karaoke","2022","Journal of Aging Studies","10.1016/j.jaging.2021.100955","https://www.scopus.com/inward/record.uri?eid=2-s2.0-85115621758&doi=10.1016%2Fj.jaging.2021.100955&partnerID=40&md5=a6cbd9acee668165b35b76722041bfcb","Intimate Karaoke, Live at Uterine Concert Hall (IK-UCH) is a performance-based sound installation that examines vulnerability and shared intimacy through the site of my body by inviting audiences to sing their favourite karaoke song into my uterus while other audience members listen via stethoscope through my flesh. This article uses this project as a case study to examine the queering of the uterus as a site of production (not reproduction) and recoups the perceived uselessness of my middle-aging queer female body. This work connects to Linn Sandberg and Barbara Marshall's critique of the “problematic ways that aging and imagined futures are intertwined with heteronormativity in contemporary Western cultures” and how “some aging bodies and subjectivities are understood as desirable and taken-for-granted while others are constructed as unwanted and problematic” in their article, “Queering Aging Futures” (2). To make the body, vagina, cervix, and uterus structural materials for a venue is to renovate their functions outside of the logics of cisheteropatriarchy and reproductive futurity and further trouble mainstream perceptions of aging. I challenge heterocentric human reproduction as a marker of successful aging and as evidence of ‘living a good life’ by presenting queer feminist performance-based practices that centre my nonreproductive body as site for art production, presentation, and consumption. © 2022 Elsevier B.V., All rights reserved.","Cisheteropatriarchy; Middle-aging; Performance Art; Queer, Feminist; Reproductive Futurism; Adult; Aging; Article; Female; Feminism; Genetic Marker; Human; Human Experiment; Perception; Reproduction; Uterine Cervix; Vagina; Western World; Sexual And Gender Minority; Uterus; Aging; Female; Feminism; Humans; Sexual And Gender Minorities; Uterus"
"Revisioning aging: Indigenous, crip and queer renderings","2022","Journal of Aging Studies","10.1016/j.jaging.2021.100930","https://www.scopus.com/inward/record.uri?eid=2-s2.0-85108206032&doi=10.1016%2Fj.jaging.2021.100930&partnerID=40&md5=427fd97594c24605f18119cf8c5e574c","In this article, we re-vision Anishinaabe, crip and queer futures of aging against and beyond dominant successful aging narratives by drawing on our archive of digital/multimedia videos (short documentaries) produced in conjunction with older/e/Elder persons and the Re•Vision: Centre for Art and Social Justice. These documentaries are directed and come from the lives of those older and e/Elder persons whose aging embodiments intra-sect with their Indigenous, disabled and queer selves. Disrupting hegemonic successful aging narratives, and specifically heteronormative and ableist trajectories of aging, these alternative renderings of aging futures offer rich, affective relationalities and cyclical timescapes of older experience that draw on the past even as they reach into divergent futurities. Anishinaabe, crip and queer aging emerge. While we discern resonances in relationalities and temporalities among and between the Anishinaabe and non-Indigenous stories, we also identify significant differences across accounts, indicating that they cannot be collapsed together. Instead, we argue for holding different life-ways and futures alongside one another, following the 1613 Two Row Wampum Treaty between the Dutch and the Haudenosaunee, in which each party promised to respect the other's ways, and committed to non-interference, as well as to the development and maintenance of relationship. © 2023 Elsevier B.V., All rights reserved.","Anishinaabe Aging; Arts-based Research; Cripped Aging; Queer Aging; Revisioning/reimagining Aging; Welcoming In Dementia; Aged; Aging; Ethnicity; Human; Sexual And Gender Minority; Social Justice; Verbal Communication; Aged; Aging; Ethnicity; Humans; Narration; Sexual And Gender Minorities; Social Justice"
"Imagining feminist old age: Moving beyond ‘successful’ ageing?","2022","Journal of Aging Studies","10.1016/j.jaging.2021.100950","https://www.scopus.com/inward/record.uri?eid=2-s2.0-85107752564&doi=10.1016%2Fj.jaging.2021.100950&partnerID=40&md5=e8904c6969a4e76b8f08107933567e48","This paper reports findings from a project that aimed to generate new feminist visions of later life, inspired directly by Sandberg and Marshall's paper ‘Queering Aging Futures’ (Sandberg & Marshall, 2017). Creative workshops with groups of self-identified feminists led to the generation of a range of artefacts exploring personal visions of a good feminist old age. This paper firstly considers the features that participants most frequently imagined – which were independence, social connection, pleasurable encounters with water, and good health – here treating feminism as a participants' resource explored through inductive analysis. The paper then explores the extent to which participants were able to imagine good feminist old age beyond the normativities of ‘successful ageing’, using a more deductive style of analysis drawing on feminist theory and feminist gerontology. Several participants imagined powerful and agentic old women who resisted the idea of older women's powerlessness. Some imagined new emotional and psychological foci for later life, clearly distinct from those of mid-life. Others imagined future physical decline and ways of embracing or overcoming it. Finally, drawing on feminist theory about the need to be reflexive and accountable in knowledge production, the paper concludes with consideration of the researcher's own imagined feminist old age and feminist history, and the implications this might have for the analysis presented. © 2022 Elsevier B.V., All rights reserved.","Creative Methods; Feminism; Feminist Ageing; Feminist Theory; Non-normative Ageing; Queering Ageing; Aged; Aging; Emotion; Female; Feminism; Geriatrics; Human; Knowledge; Aged; Aging; Emotions; Female; Feminism; Geriatrics; Humans; Knowledge"
"“Carving a future out of the past and the present”: Rethinking aging futures","2022","Journal of Aging Studies","10.1016/j.jaging.2021.100937","https://www.scopus.com/inward/record.uri?eid=2-s2.0-85105321113&doi=10.1016%2Fj.jaging.2021.100937&partnerID=40&md5=8750b5cacc5041c3ba7536f25a701cb7","This article emerged out of arts-based research carried out in Nogojiwanong (Peterborough, Canada) in 2019, which explored community members' perspectives on aging futures within their shared place. Over the course of 2 days, a diverse intergenerational group came together to imagine positive aging futures, recording a series of group discussions and co-creating art through this process. Analyzed against efforts to expand dominant “successful aging” discourses, this research revealed three key themes. First, in contrast to unrooted and individualistic assumptions embedded within successful aging, participants identified attentiveness to place and community, and in particular relationships with Michi Saagiig Nishnaabeg land, territory, and nation, as key to their visions for successful aging futures. Second, challenging assumptions about hetero-reproductive generativity as necessary for aging well, participants described their commitments to intergenerational relationships that are expansive, beyond biological ties, and existing within interspecies networks of relationships. Finally, contesting underpinning notions of aging as part of a linear process ending in death – and successful aging as inherently a struggle against this process – participants explored aging futures as part of a spiral temporality involving regeneration, identifying relationships with people and place that extend beyond the linear timeframe of singular lives, connected forward into a more distant future and backward into a longer past. We draw forth these themes in the interest of queering and decolonizing ongoing conversations surrounding successful aging and generativity within the field of aging studies. © 2022 Elsevier B.V., All rights reserved.","Decolonizing Aging; Futures; Futurisms; Intergenerationality; Queering Generativity; Spiral Time; Successful Aging; Adult; Article; Attention; Conversation; Healthy Aging; Human; Regeneration; Vision; Aging; Canada; Interpersonal Communication; Aging; Communication; Humans"
"Social construction of visual ageism on Iranian news websites during COVID-19","2022","Journal of Aging Studies","10.1016/j.jaging.2022.101063","https://www.scopus.com/inward/record.uri?eid=2-s2.0-85137134490&doi=10.1016%2Fj.jaging.2022.101063&partnerID=40&md5=34e53f35e2ffc0c8c4c9790005516905","Considering the popularity of websites in social contexts and their significant force in producing collective discourses, attitudes, and patterns of behaviors, this study critically examined the projection of visual ageism on news websites during the COVID-19 pandemic. The social semiotic theory of visual grammar developed by Kress and Van Leeuwen (2006, 2020) was the theoretical framework for the visual semiotic analysis of photographs. The search for data was conducted between March 2020 and July 2020. The study searching protocol included strings ""older adults AND COVID-19"", ""the elderly AND coronavirus"", ""older people AND COVID-19"", and ""old people AND coronavirus"" in Google led to retrieving 71 photographs of Iranian older adults from Iranian news websites. The semiotic analysis of the photographs showed that the Iranian new websites continue to embrace a mindset that degrades the old people. This record is sourced from MEDLINE/PubMed, a database of the U.S. National Library of Medicine","News Websites; Older Adults; Social Semiotics; Stereotypes; Visual Ageism; Aged; Ageism; Attitude; Human; Iran; Pandemic; Aged; Ageism; Attitude; Covid-19; Humans; Pandemics"
"Media portrayals of transitions from work to retirement in two ageing societies: the case of ageing baby boomers in Japan and Finland","2022","Journal of Aging Studies","10.1016/j.jaging.2022.101062","https://www.scopus.com/inward/record.uri?eid=2-s2.0-85135835604&doi=10.1016%2Fj.jaging.2022.101062&partnerID=40&md5=6cf01749aa1ec75a3859c383b5c8aaf1","This article explores media portrayals of the transition from work to retirement under the circumstances of demographic change through a focus on newspaper discussions about ageing baby boomers in Japan and Finland. Due to their shared characteristics as a distinct population group that advances the rapid ageing of the population, media representations of Japanese and Finnish baby boomers during the transitional period to retirement give insight into the social perceptions of retirement and their implications on later life. Manifest content analysis and subsequent thematic analysis identify that the topic of “work, retirement and pension” dominates media discussions in both countries. Analysis also conveys that this topic involves specific themes on three levels: macro level, attitudinal level and behavioural level regarding working, subjective and social perceptions of retirement. Social and cultural differences between Japan and Finland are well accounted for in shaping each theme, which is characterised by even contrasting expressions regarding the extension of working life and attitudes toward work and retirement. However, deeper analysis suggests that the idea that values an active, productive and engaged lifestyle beyond retirement underlies both Japanese and Finnish media discourses. Media discussions in both countries risk creating a discriminatory dichotomy among older people: the Finnish media marginalises those who are out of work and without work-like activities, while the Japanese media tend to exclude those without socially desirable competence. © 2022 Elsevier B.V., All rights reserved.","Baby Boomers; Finland; Japan; Media Representations; Population Ageing; Retirement; Aging; Article; Baby Boomer; Content Analysis; Demography; Finland; Human; Japan; Japanese (people); Lifestyle; Organization; Pension; Perception; Population Group; Retirement; Thematic Analysis; Aged; Aged; Aging; Humans; Pensions; Retirement"
"A real eye-opener: Nursing home staff experiences of co-designing nursing home services together with residents","2022","Journal of Aging Studies","10.1016/j.jaging.2022.101059","https://www.scopus.com/inward/record.uri?eid=2-s2.0-85135138344&doi=10.1016%2Fj.jaging.2022.101059&partnerID=40&md5=55d7452464abf295e1a40105005d3960","Introduction: Research and healthcare services struggle to fulfil the desires and needs of nursing home residents, and there is a call for person-centredness in both research and healthcare practice. Involvement of people outside academia in research has been advocated in an effort to increase the relevance and impact of research findings for the public. However, little is known on how to involve nursing home residents in research, and the purpose of this study was, therefore, to learn from professional experiences of working with this group. More specifically, the aim of the study was to explore nursing home staff experiences of co-designing nursing home services with the residents. Method: Focus group methodology was used. A total of 17 nursing home staff members (15 women and two men) from two nursing homes participated in four focus groups. Both homogeneity and heterogeneity were strived for during recruitment. Results: The analysis is summarised in one theme and five sub-themes, describing the co-design process as an eye-opener for staff in terms of realising their own, as well as the residents', hidden abilities, and the importance of combining personal and professional knowledge of the residents in daily care and services. Conclusion: The major finding is the contribution of knowledge on how co-designing processes in nursing homes could change the dynamics of the relationships between the people involved, and that this, in turn, could realise the resources and knowledge within each person. What researchers in ageing and health can learn from the present findings is the importance of developing genuine and person-centred relationships with both nursing home residents and staff. © 2022 Elsevier B.V., All rights reserved.","Frailty; Health Personnel; Long Term Care; Nursing Home; Research; Residential Care; User Involvement; Female; Health Care Delivery; Human; Information Processing; Male; Nursing Home; Nursing Staff; Qualitative Research; Delivery Of Health Care; Female; Focus Groups; Humans; Male; Nursing Homes; Nursing Staff; Qualitative Research"
"Roald Dahl's eerie landlady: A macabre tale of aging","2022","Journal of Aging Studies","10.1016/j.jaging.2022.101061","https://www.scopus.com/inward/record.uri?eid=2-s2.0-85135131629&doi=10.1016%2Fj.jaging.2022.101061&partnerID=40&md5=2ba78b02fcb30a8a77b44538fe7df7d3","This article examines Roald Dahl's adult short story ‘The Landlady’ through the lens of age studies and the horror genre. It explores how different symbolic and gothic textual elements contribute to the narrative of decline and the negative notion of later life. Special attention is given to female aging and dementia, which is presented as a horrifying ‘silent killer’ embodied in the figure of a witch. In the story, older age is portrayed as a source of horror and evokes a fear of aging that is linked to gradual bodily, mental, and social decline. Although Dahl's tale provides some hints that aging can be empowering and liberating for older women, the portrayal of the landlady proves that older age is enshrined in negative and even grotesque perceptions of later life. The use of horror helps further expose the individual and societal fears of growing older and the challenges of aging. The sardonic and twisted ending of the story also reveals the complexities of both growing up and growing older. Shedding light on Dahl's dark narrative from the perspective of age studies offers new vantage points from which to review the author's literary legacy and rethink the representations of aging in popular literature. Ultimately, the article adds to interdisciplinary approaches to older age and shows how humanities-based perspectives can contribute to expanding research into aging and later life. © 2022 Elsevier B.V., All rights reserved.","Dementia; Fear; Horror; Older Women; Uncanny; Witch; Aged; Aging; Female; Human; Aged; Aging; Female; Humans"
"Family member roles in long term care: Lessons for the future from COVID-19","2022","Journal of Aging Studies","10.1016/j.jaging.2022.101060","https://www.scopus.com/inward/record.uri?eid=2-s2.0-85134570542&doi=10.1016%2Fj.jaging.2022.101060&partnerID=40&md5=6ff1ac73979bba8da66fec2f264f8eee","This study investigates nursing home residents' and care partners' experiences during COVID-19 visitation restrictions. A nonprobability purposive sample of care partners was recruited via social media and email listservs. Care partners completed surveys (N = 30) and follow-up interviews (n = 17). Before COVID-19, care partners visited residents 3+ times per week for socialization and care. After restrictions, communication between care partners and nursing homes deteriorated. Families experienced reduced communication about residents' health statuses and little COVID-19 case information. Care partners expanded their advocacy roles, proposing policies to protect residents' rights. Care partners reported losing irreplaceable time with residents during restrictions. In future emergencies, we must balance the value of family visits with public health protection such as personal protective equipment (PPE). © 2022 Elsevier B.V., All rights reserved.","Care Partners; Covid-19; Nursing Home; Visitation Restrictions; Family; Human; Interpersonal Communication; Long Term Care; Nursing Home; Communication; Covid-19; Family; Humans; Long-term Care; Nursing Homes"
"Is generativity Erikson's answer to human ageing in the neoliberal world?","2022","Journal of Aging Studies","10.1016/j.jaging.2022.101057","https://www.scopus.com/inward/record.uri?eid=2-s2.0-85134485752&doi=10.1016%2Fj.jaging.2022.101057&partnerID=40&md5=ffbf32e881e3bba895cbf031b53fcf10","This paper uses the concept of generativity to challenge the ageist view of older adults' reduced social and economic contributions in a neoliberal economy and support an age-integrated society. It revisits Erik Erikson's life cycle theory and brings forth the argument that the core quality of the seventh stage of human ego development, generativity vs stagnation, transverses all previous developmental stages and creates a forever-moving life cycle through intergenerational connections. Generativity is critical to human ageing as it is closely linked to notions of transfer of knowledge. This paper investigates generativity in relation to ego, libido and ageing. It discusses the ego as the medium of generativity and libido as its source of energy. It also explores how opportunities for intergenerational exchange, transfer of knowledge, and creativity are fashioned to suit the larger economic and socio-cultural context through sublimation. The paper concludes that generativity is the most promising route to an age-friendly society. © 2022 Elsevier B.V., All rights reserved.","Ageing; Ego; Generativity; Libido; Neoliberalism; Aged; Aging; Article; Creativity; Defense Mechanism; Developmental Stage; Economic Aspect; Ego Development; Female; Human; Human Experiment; Libido; Life Cycle; Male; Aged; Aging; Creativity; Humans"
"Ratifying frailty","2022","Journal of Aging Studies","10.1016/j.jaging.2022.101055","https://www.scopus.com/inward/record.uri?eid=2-s2.0-85133867684&doi=10.1016%2Fj.jaging.2022.101055&partnerID=40&md5=b77c9a827a0e15506c39f61d99bd5304","Taking as a point of departure the role that the category of frailty increasingly plays in the classification, sorting and management of ageing populations in contemporary societies, this paper focuses on the crafting and validation of mouse models of frailty. The paper suggests that such models embody therapeutic and techno-economic expectations of ageing research, particularly as these are re-invigorated by current attempts to manipulate or eradicate cell senescence. The paper brings together critical gerontology, social studies of science and more-than-human anthropology to contextualise and analyse ethnographic data collected during fieldwork in a biology of ageing laboratory. The paper proposes that to build a mouse model of frailty, researchers need to learn to ‘think like a mouse’, provisionally taking the animal's point of view, to then efface that link and reconfigure the scientific chain of reference that enables translation between humans and mouse models of frailty. © 2022 Elsevier B.V., All rights reserved.","Animal Experimentation; Frailty; Laboratory Studies; More-than Human; Aging; Animal; Cultural Anthropology; Frailty; Geriatrics; Human; Mouse; Aging; Animals; Anthropology, Cultural; Frailty; Geriatrics; Humans; Mice"
"The call-bell in residential care homes: Experiences of residents and staff","2022","Journal of Aging Studies","10.1016/j.jaging.2022.101056","https://www.scopus.com/inward/record.uri?eid=2-s2.0-85133625146&doi=10.1016%2Fj.jaging.2022.101056&partnerID=40&md5=bdd26966793c3f0147ef5d5d504212c9","Background/objectives: Call-bells are often taken-for-granted systems to heighten safety. In joint discussions among residential care home (RCH) residents, their family members, and staff, issues related to call-bell use in everyday life and work were repeatedly raised. In this article, we explore these experience-based perspectives, addressing several key questions important for call-bell use and communication. Research design/methods: We inductively analyzed a series of individual interviews and group discussions with 44 individuals at two units of the same Swedish RCH, conducted as part of a participatory action research project to strengthen supportive end-of-life environments. Results: While the call-bell was a central part of RCH communication, we found: fragmented understanding about how the call bell functioned among all participants; many residents lacked the physical and cognitive competencies demanded for call-bell use; tensions between use of the call-bell for social/existential communication versus purely discrete tasks; and that a call-bell system assuming room-bound residents exacerbated issues related to varied response times, lack of feedback mechanisms, and pressured work situations. Discussion and implications: Investigation of the call-bell system provides an empirical example of how complex relationships among stakeholders are played out in concrete situations. Tensions between different logics of care, and between clock and embodied time become evident. © 2022 Elsevier B.V., All rights reserved.","Care Environment; End Of Life Care; Institutional Care/residential Care; Interpersonal Relations; Knowledge Exchange; Participatory Action Research; Adult; Article; Clinical Article; Feedback System; Female; Human; Human Experiment; Human Relation; Institutional Care; Interview; Male; Participatory Action Research; Reaction Time; Resident; Residential Care; Tension; Terminal Care; Aged; Family; Home For The Aged; Interpersonal Communication; Nursing Home; Psychology; Sweden; Aged; Communication; Family; Homes For The Aged; Humans; Nursing Homes"
"Is ageism an oppression?","2022","Journal of Aging Studies","10.1016/j.jaging.2022.101051","https://www.scopus.com/inward/record.uri?eid=2-s2.0-85132860321&doi=10.1016%2Fj.jaging.2022.101051&partnerID=40&md5=ae0dc03175c5c417e95b5f460e5760cf","The concept of ageism as oppression has become an important point of reference in contemporary gerontology. Apart from its giving substance to the negative experiences impacting on older people, the idea of ageism as oppression is used in many different contexts, with different meanings. In this paper we argue that the positioning of ageism as oppression, rather than constituting a deepening of gerontological focus, seems to serve as a way of connecting those using it with other social movements for whom oppression and its overcoming have been critical to their historical development. In and of itself, we argue, ageism as oppression has little instrumental value in effecting change over and above that associated with the identification of discrimination experienced by older people in various settings. Furthermore, it risks reinforcing a homogenized perspective of later life that masks the complex and contradictory position that later life occupies in most aging societies. © 2022 Elsevier B.V., All rights reserved.","Ageism; Discourse; Discrimination; Gerontology; Oppression; Politics Of Aging; Aged; Ageism; Aging; Geriatrics; Human; Aged; Ageism; Aging; Geriatrics; Humans"
"Embodied ageism: “I don't know if you do get to an age where you're too old to learn”","2022","Journal of Aging Studies","10.1016/j.jaging.2022.101054","https://www.scopus.com/inward/record.uri?eid=2-s2.0-85132779511&doi=10.1016%2Fj.jaging.2022.101054&partnerID=40&md5=2915f5f71c404e5b9ede0edf4ae4dc3a","More people are extending their working lives through choice or necessity and as a result there is an increasing focus on the experiences of older workers. Access to training and development at work are seen to be one way of maintaining the motivation, productivity and job satisfaction of older workers but at the same time we know that older workers typically get less training at work than younger members of the workforce. This article explores how ageist environments in society and in work organisations impact how older workers view the opportunities for training at work. Speech about training and development is analysed in semi-structured interviews conducted with 104 older workers, 25 line managers and 27 human resource and occupational health managers in the United Kingdom. Managers commonly spoke in ageist terms about older workers being less motivated or less able to undertake training and development. These stereotypes were also embodied/internalised by many older workers, who expressed the view that they were now ‘too old’ for training and/or promotion, either because of their career stage or because of the ‘inevitable’ physical and cognitive decline that comes with age and which makes learning new things more difficult. As access to training and development are recognised as one way of facilitating good and longer working lives, understanding the impact of ageist environments as well as direct discrimination against older workers is necessary to enable, encourage and motivate older workers to engage in development activities. © 2022 Elsevier B.V., All rights reserved.","Ageism; Embodied Ageism; Qualitative Interviews; Training And Development; Ageism; Human; Motivation; Psychology; United Kingdom; Ageism; Humans; Motivation; Workforce"
"Everyday life and the new shapes of identities – The different meanings of ‘things that did not happen’ in the lives of Finnish older persons during the pandemic","2022","Journal of Aging Studies","10.1016/j.jaging.2022.101052","https://www.scopus.com/inward/record.uri?eid=2-s2.0-85132758236&doi=10.1016%2Fj.jaging.2022.101052&partnerID=40&md5=d0d6b8539c28d80a88ad9a4589249f6e","The COVID-19 pandemic has affected our lives in many ways since the end of 2019. This paper investigates the everyday lives of Finnish older persons during the first three months of the pandemic when they were required to stay in “quarantine-like conditions.” The study utilises the ‘sociology of nothing’ in exploring the meanings of nothingness in the everyday lives of older people; that is, the things, events and people that were absent from their lives because of the pandemic. The main interest of the article is to reverse the typical analytical focus from ‘things that happened’ to ‘things that did not happen’ and to shed light on the experiences and descriptions of older persons' unlived lives. The article presents empirical findings from written letters collected between April and June 2020 from persons aged 70 or over (n = 77). The letters were analysed with theory-driven content analysis. The paper suggests that the unlived life; that is, not having, not being and not doing, generated feelings of otherness from the social world, but also freedom from obligations. Furthermore, the present article gives a sense of how old age is depicted in Finnish society and by the older persons themselves. © 2022 Elsevier B.V., All rights reserved.","Covid-19; Everyday Life; Finland; Older Persons; Self-identity; Sociology Of Nothing; Aged; Epidemiology; Finland; Human; Pandemic; Very Elderly; Aged; Aged, 80 And Over; Covid-19; Humans; Pandemics"
"Personhood and aging: Exploring the written narratives of older adults as articulations of personhood in later life","2022","Journal of Aging Studies","10.1016/j.jaging.2022.101040","https://www.scopus.com/inward/record.uri?eid=2-s2.0-85131425827&doi=10.1016%2Fj.jaging.2022.101040&partnerID=40&md5=cd0b1f296bb7423a739e49458d75b972","Personhood is a complex concept in gerontological research. It is often used to explore the maintenance or reconstruction of self-identity. Narrative analysis has commonly explored how the stories that older individuals living with cognitive impairment(s) produce preserve the personhood that is perceived to be threatened by cognitive decline. This article moves beyond this exploration by focusing on the experiences of aging more generally to better understand how non-cognitively impaired older adults construct personhood through narrative writing. This article uses thematic narrative analysis and argues that older adults articulate personhood through written narratives by creating coherent constructions of self. Importantly, it demonstrates that older adults are concerned with maintaining a sense of self rather than embracing changed aspects of identity in accordance with popularized conceptualizations of personhood as well as ideals of coherence and consistency promoted in successful and active aging discourses. © 2022 Elsevier B.V., All rights reserved.","Active Aging; Coherence; Dementia; Narrative; Personhood; Successful Aging; Aged; Aging; Geriatrics; Human; Personhood; Psychology; Verbal Communication; Writing; Aged; Aging; Geriatrics; Humans; Narration; Personhood; Writing"
"‘I am not who I was’: Old age and masculinity in Maximianus Etruscus' elegies","2022","Journal of Aging Studies","10.1016/j.jaging.2022.101038","https://www.scopus.com/inward/record.uri?eid=2-s2.0-85130298710&doi=10.1016%2Fj.jaging.2022.101038&partnerID=40&md5=1ccc31830d57440e2ee680ee08d4344c","The Elegies of Maximianus Etruscus (sixth century CE) are first-person narratives in which the poet writes about the life cycle, making love and sex the building blocks of the story. Through his failed relationships with different women, Maximianus talks about the perception of his aging, especially the changes in his body and his eroticism, and the progressive loss of masculinity that to him comes with old age. The aim of this paper is to analyze the relationship between old age and gender in Maximianus' elegies from a double perspective: the perception of old age itself as a unique and personal fact, and age and masculinity as interacting social constructions that are historically constructed. We will address issues such as the emotions linked to aging, the representation of old age as a living death, the relationship of masculinity with sexuality and the importance of erection. Finally, we will place Maximianus' poems within their historical context, analyzing how they can be interpreted as a metaphor for the period in which its author lived, in which old age and loss of power symbolized the disappearance of the Ostrogothic kingdom of Italy and, in general, the end of the Roman Empire. A literary exercise but also a life story, this set of six elegies allows us to approach the social construction of gender and age in Late Antiquity. © 2022 Elsevier B.V., All rights reserved.","Aging; Late Antiquity; Masculinity; Poetry; Sexuality; Age; Aging; Antiquity; Article; Emotion; Exercise; Female; Human; Italy; Literature; Male; Masculinity; Perception; Sexuality; Psychology; Sexual Behavior; Female; Humans; Male; Masculinity; Sexual Behavior; Sexuality"
"“I do those things to pass the time.”: Active ageing during fourth age","2022","Journal of Aging Studies","10.1016/j.jaging.2022.101037","https://www.scopus.com/inward/record.uri?eid=2-s2.0-85130239807&doi=10.1016%2Fj.jaging.2022.101037&partnerID=40&md5=730fb5498164bc378277bc6497640e6a","Active ageing is a dominant but disputed discourse in the field of ageing. Since it is usually associated with the third age, this article will focus on the active ageing of older adults who need care and services, who are known as the fourth agers. Our data consists of interviews collected from 16 older adults. We analysed the data through content analysis that was guided by the Active Ageing Index (AAI) that is a measuring tool concerning active ageing. According to our results, active ageing during the fourth age can be understood through the lens of small actions and precarity. Although some actions had to be given up or modified, participants were active in various ways, and help from other people and from services was essential. Based on our results, there is a need for further discussion about theorisation and defining active ageing for fourth agers. © 2022 Elsevier B.V., All rights reserved.","Active Ageing; Active Ageing Index; Content Analysis; Fourth Age; Small Actions; Aged; Article; Content Analysis; Healthy Aging; Human; Interview; Aging; Aged; Aging; Humans"
"Negotiations of vulnerability in aging with vision impairment","2022","Journal of Aging Studies","10.1016/j.jaging.2022.101036","https://www.scopus.com/inward/record.uri?eid=2-s2.0-85130223333&doi=10.1016%2Fj.jaging.2022.101036&partnerID=40&md5=8318a7b9e40d3a8ffabaf563ca833503","Longevity entails a higher prevalence of chronic impairments that often come with aging, such as age-related vision loss (ARLV). Dependence and increasing vulnerabilities contrast sharply with contemporary reductionist models of positive aging, and gradually worsening eyesight exposes older adults with ARLV to situations where idealized models of late life do not fit them. In analyzing semi-structured interviews conducted in Denmark with 40 older adults, aged 55–70 years, with vision loss, this study examines how people in late midlife and early late life negotiate their vulnerability, dependence, and need for help across different contexts. The findings illustrate how these lived experiences situate people with ARVL outside the idealized late life and how they negotiate their need for help in both their work life and private life. The findings also show how people with age-related vision loss perform a balancing act between the lived vulnerability and the prescribed role of vulnerability arising from social discourses. Some contexts allow people with ARVL to negotiate and re-negotiate their vulnerability, while others, such as work-life contexts, often offer less room for negotiating vulnerability and need for help. The study makes it clear that, given the cultural emphasis on extended work lives, the ways in which work cultures can adapt to age diversity and age-related disabilities must receive more attention. © 2022 Elsevier B.V., All rights reserved.","Disability; Future Anticipation; Vision Loss; Work Life; Aged; Aging; Blindness; Disabled Person; Human; Interpersonal Communication; Longevity; Visual Disorder; Aged; Aging; Blindness; Disabled Persons; Humans; Longevity; Negotiating; Vision Disorders"
"Do internalized age stereotypes mediate the relationship between volunteering and social connectedness for adults 50+?","2022","Journal of Aging Studies","10.1016/j.jaging.2022.101031","https://www.scopus.com/inward/record.uri?eid=2-s2.0-85129770086&doi=10.1016%2Fj.jaging.2022.101031&partnerID=40&md5=86b64039a8fce0100d155189104c6e87","The productive aging literature describes a wide range of psychosocial benefits of volunteerism for older adults. A growing, compelling body of research drawing from stereotype embodiment theory identifies significant, negative public health impacts of internalized age stereotypes. Yet, little research explores which activities may reduce internalized ageism and enhance psychosocial health as people age. This cross-sectional parallel mediation study examines whether internalized age stereotypes mediate the relationship between volunteering and social connectedness for adults over 50. A convenience sample of volunteers (n = 165) 50+ years of age in the U.S. Mountain West completed an online survey primarily during the COVID-19 pandemic. The independent variable is volunteer hours per week (M = 6.45, SD = 5.38). The dependent variable is social connectedness measured by five positively worded items from the UCLA loneliness scale (M = 4.32, SD = 0.63, and α = 0.86). The indirect effects of five internalized positive (e.g., “wise” and “capable”) (M = 4.85, SD = 0.68, α = 0.72) and five negative (e.g., “grumpy” and “helpless”) (M = 1.20, SD = 1.02, α = 0.74) age stereotypes were tested. Results (n = 154) indicate that increased internalized positive, but not negative, age stereotypes partially mediate the relationship between volunteer hours and increased social connectedness, while holding constant relevant covariates. Although positive age stereotypes have long been considered a form of ageism, the results of this study suggest that internalizing positive age stereotypes may function as a form of esteem (particularly during the pandemic) to promote enhanced psychosocial health as people age. © 2022 Elsevier B.V., All rights reserved.","Internalized Ageism; Loneliness; Older Adults; Social Connections; Volunteering; Aged; Cross-sectional Study; Human; Pandemic; Stereotyping; Volunteer; Aged; Covid-19; Cross-sectional Studies; Humans; Pandemics; Stereotyping; Volunteers"
"Embodied experiences and existential reflections of the oldest old","2022","Journal of Aging Studies","10.1016/j.jaging.2022.101028","https://www.scopus.com/inward/record.uri?eid=2-s2.0-85129115402&doi=10.1016%2Fj.jaging.2022.101028&partnerID=40&md5=13f010ed5114d783cf7409b24106039c","The aim of this study was to learn more about the embodied experiences of people over 85 years and to gain a better understanding of how they make sense of the existential issues faced at this unique stage of life. This research is philosophically and methodologically underpinned by existential phenomenology, in particular embodiment theory, which allows exploration of everyday experiences and the personal meanings attributed to them. In-depth interviews with twenty purposively selected individuals were analysed using Interpretive Phenomenological Analysis. Findings indicated that ways of being, relationships with others and one's place in the world continue to evolve into late life. Gerotranscendence theory best encapsulates lived experiences, with salient features including an increased need for deep reflection, positive solitude and meaningful relationships, among other features. This research provides new insights into how identity, meaning and the experience of the broader lifeworld are influenced by corporeal ageing. © 2022 Elsevier B.V., All rights reserved.","Embodiment; Existential Phenomenology; Identity; Lived Experience; Oldest Old; Adult; Aging; Article; Clinical Article; Female; Human; Human Experiment; Interview; Male; Personal Experience; Phenomenology; Social Isolation; Very Elderly; Aged, 80 And Over; Aging; Humans"
"From older to younger generations: Intergenerational transmission of health-related roles in families with Huntington's disease","2022","Journal of Aging Studies","10.1016/j.jaging.2022.101027","https://www.scopus.com/inward/record.uri?eid=2-s2.0-85129082862&doi=10.1016%2Fj.jaging.2022.101027&partnerID=40&md5=aa0a4e1791888091cdfab87ce5cf59dd","Background and objectives: Older generations play relevant roles in the well-being of younger generations, namely by influencing their health management. Literature regarding the influence in families affected by highly incapacitating hereditary diseases, such as Huntington's disease (HD), however, is scarce. This study addresses the intergenerational flow of health-related roles, from older to younger generations in families with HD, that is, who plays what roles towards whom while considering age, gender, kinship and genetic status in both generations. Research design and methods: This qualitative exploratory study adopted the critical incidents technique, applied through semi-structured interviews. Ten participants reported 189 critical incidents. Thematic analysis was applied to transcript data from the interviews to glean common themes. Results: The main findings suggested two main roles performed by older generations: “shaping awareness” and “influencing management”. The intergenerational flow involved mainly women, in contiguous generations (usually mother-to-daughter); it was more frequent from either older non-biological or affected relatives aged ≥60 years towards younger members aged 20–29 years, who were still at-risk or non-carriers. Discussion and implications: Older generations are relevant influencers in the health management of their younger relatives and they create illness-related legacies. The results are relevant for healthcare services and professionals, as they bring further insight into how older relatives may be involved in genetic counselling, as well as insight into the provision of psychological support to affected families. © 2022 Elsevier B.V., All rights reserved.","Family Counselling; Family Legacy; Generativity; Genetic Counselling; Genetic Disease; Female; Genetics; Human; Huntington Chorea; Qualitative Research; Female; Humans; Huntington Disease; Qualitative Research"
"“I'm definitely not socially excluded!”- Perceptions of social exclusion among Australian government housing residents aged 80 and older who live alone","2022","Journal of Aging Studies","10.1016/j.jaging.2022.101011","https://www.scopus.com/inward/record.uri?eid=2-s2.0-85127505065&doi=10.1016%2Fj.jaging.2022.101011&partnerID=40&md5=5d791fdb7e310c05b5ecdaaa005b8fb1","The oldest old - those aged 80 years and over - are the fastest growing sector of the Australian population and are generally assumed to be at risk of social exclusion which impedes healthy aging. The voices of those thought to be vulnerable to social exclusion are seldom heard. Informed by a critical gerontology framework, socio-ecological model of health and life-course perspectives, this research involved semi-structured in-depth interviews with a purposive sample of 13 people aged 80 and older living alone in government housing, in a socio-economically disadvantaged neighborhood in Melbourne, Australia. Interview transcripts were analyzed using thematic analysis. The findings reveal a positive picture of survival despite hardship, supportive relationships, a sense of autonomy from living independently, and contributing to society. These findings challenge ageist assumptions, which equate advanced age with social exclusion. © 2022 Elsevier B.V., All rights reserved.","Critical Gerontology; Life Span; Life-course; Live Alone; Oldest Old; Resilience; Social Exclusion; Socioeconomically Disadvantaged; Aged; Article; Australia; Disadvantaged Population; Genetic Transcription; Gerontology; Government; Housing; Human; Interview; Life Course Perspective; Neighborhood; Perception; Purposive Sample; Resident; Social Exclusion; Thematic Analysis; Demography; Social Isolation; Very Elderly; Aged, 80 And Over; Government; Housing; Humans; Residence Characteristics; Social Isolation"
"Rooted in earth, rooted in community: Aging in rural houses of northern China","2022","Journal of Aging Studies","10.1016/j.jaging.2022.101025","https://www.scopus.com/inward/record.uri?eid=2-s2.0-85127504761&doi=10.1016%2Fj.jaging.2022.101025&partnerID=40&md5=594096a5913a8ac098f2ab687c2f0cec","Northern China has experienced unprecedented urbanization over the past several decades, with younger Chinese moving to cities while leaving the lion's share of the older population in rural areas. This study explores how this structural change creates unique opportunities and challenges for older adults living in rural houses, which informs their everyday practices, the meanings of homes, and their subsequent housing choices. We examined the housing experiences of rural older adults through a field study conducted in Heilongjiang province. The study employed qualitative in-depth interviews with thirty-two older adults who live or have lived in rural housing, along with systematic documentation of their houses through photography and hand drawings captured from the field. We analyzed the interview narratives and images using the Glaserian grounded theory method to allow a high level of flexibility and conceptualization. The study identified five core categories of residential experiences: (1) houses as sites of production; (2) the earth/dwelling relationship; (3) social life in interstitial spaces; (4) the house as a means to preserve agency in old age and; (5) the burdensome house. These features were directly linked to the older adults' senses of home and their subsequent housing choices. The rural houses offered a strong sense of agency and belonging to rural older adults, but the city's expansion, the changing household registration system, and their aging bodies forced rural older adults to engage in constant reevaluation of their houses, informing their residential choices. We discuss the study's theoretical contributions and offer insights into policies and future planning for residential areas in both rural and urban areas by comparing the spatial configurations of rural dwellings with their urban apartment counterparts. © 2022 Elsevier B.V., All rights reserved.","Aging In Place; Chinese Rural Houses; Community; Everyday Practice; Interstitial Space; Land Tenure; Meaning Of Home; Urbanization; Aged; Aging; Article; China; Documentation; Drawing; Field Study; Grounded Theory; Household; Housing; Human; Independent Living; Interview; Narrative; Photography; Residential Area; Social Life; Theoretical Study; Urban Area; Urbanization; Demography; Rural Population; Aged; Aging; Housing; Humans; Residence Characteristics; Rural Population"
"The racial and cultural ecology of home and community-based services for diverse older adults","2022","Journal of Aging Studies","10.1016/j.jaging.2022.101023","https://www.scopus.com/inward/record.uri?eid=2-s2.0-85127207957&doi=10.1016%2Fj.jaging.2022.101023&partnerID=40&md5=3d865d5d089643d3bf48b854556774af","As the overall U.S. population grows older and increasingly diverse, greater focus is needed on the various Home and Community-Based Services (HCBS), such as home health care, case management, meal delivery and preparation, and personal care, required to address the unique social and medical complexities of diverse older adults. Presently, however, there has been limited research on needs and broader dynamics associated with HCBS facilitation in this population. To address this gap, we sought to contextualize practices and barriers to care coordination for diverse homebound older adults, conducting semi-structured interviews with 41 providers of HCBS, including older adult care coordinators, in-home care workers, and physicians in greater Chicago, Illinois. Common care coordination practices included fluid processes related to engendering racial concordance in care, facilitating linguistic adaptations, and navigating relationships with clients' families. However, in certain circumstances, these practices are hindered. For example, broad client-level challenges included racialized dynamics of distrust and limited health literacy, and organizations cited ongoing obstacles recruiting and retaining diverse staff and finding HCBS providers to service low-income, minority communities often burdened by high crime rates. Continued efforts need to be made to better understand the HCBS needs of diverse homebound older adults and the associated challenges of providing culturally humble programming to this population. © 2022 Elsevier B.V., All rights reserved.","Care Coordination; Health Disparities; Home And Community-based Services; Home-based Primary Care; Older Adults; Qualitative; Aged; Ancestry Group; Community Care; Home Care; Home Visit; Human; Social Welfare; Aged; Community Health Services; Home Care Services; House Calls; Humans; Racial Groups; Social Welfare"
"“It's all about being a woman”: Intersections of multiple (dis)advantages experienced by older women in Tanzania","2022","Journal of Aging Studies","10.1016/j.jaging.2022.101021","https://www.scopus.com/inward/record.uri?eid=2-s2.0-85127152759&doi=10.1016%2Fj.jaging.2022.101021&partnerID=40&md5=18f1f6320c35c7bcff49b35e578917e0","Across the world, the experiences of women in later life vary enormously, not only along intersectional lines, but also due to cumulative (dis)advantages over an individual's life course. The current study explores how early-life structural (dis)advantages experienced by older African women (particularly experiences related to economic adversity and the social disadvantages that often accompany it) shape their later life experiences and agency. The life stories used in this paper emerged from a larger qualitative study of aging and gender identities in Tanzania based on fifteen (15) in-depth interviews and ten (10) focus group discussions with women 60 to 82 years old. Analyzing the data from an intersectional perspective and life course approach demonstrated that older women's situations area result of the complex interaction of various structural and individual factors, and that timing is crucial for exercising agency. The findings also revealed that as a result of gender norms, the majority of older Tanzanian women were vulnerable to discrimination, poverty, and violence. The norms that promote gender discrimination also limit women's agency and social functioning subject to the constraints imposed. To help protect older women against discrimination and violence, gender-sensitive policies, social programs and legal reforms are critical for speed up the pace of change and foster permanent shifts in harmful gender norms so that aging experiences are no longer all about being a woman. © 2022 Elsevier B.V., All rights reserved.","Aged; Female; Gender Identity; Human; Information Processing; Poverty; Qualitative Research; Tanzania; Very Elderly; Aged; Aged, 80 And Over; Female; Focus Groups; Gender Identity; Humans; Poverty; Qualitative Research"
"The political presence of persons living with dementia in parliament. A qualitative study into the dementia representation work of German parliamentarians","2022","Journal of Aging Studies","10.1016/j.jaging.2022.101026","https://www.scopus.com/inward/record.uri?eid=2-s2.0-85127086313&doi=10.1016%2Fj.jaging.2022.101026&partnerID=40&md5=4d9f903f71b0a239ec8c1c73124c9951","Parliamentary representation of persons living with dementia is important because it has the potential to enhance the lives of affected individuals. However, studies that take a closer look at the parliamentarization of dementia are few and far between. Drawing on recent advances in political science representation theory, this paper shows how parliamentary attention to persons living with dementia takes the form of representative claims. An interpretive analysis of 56 parliamentary documents revealed that German parliamentarians voiced what they considered to be the political wants and needs of persons living with dementia in different debates on a broad range of topics. They also created a political presence for persons living with dementia in representative claims about other groups – such as professional carers. Both types of claims were one-dimensional in nature: parliamentarians reduced persons living with dementia to their impairments, rendering them politically visible as vulnerable persons who need to be protected by the same society that their existence is putting a “burden” on. A more multi-dimensional political presence for persons living with dementia is required. In order to improve their dementia representation work, it is important that parliamentarians engage with persons living with dementia and understand how they wish to be engagedin parliament or otherwise. © 2022 Elsevier B.V., All rights reserved.","Alzheimer's Disease; Dementia; German Politics; Interpretive Analysis; Parliament; Parliamentarization; Patient Representation; Politicization; Representative Claims; Representative Democracy; Caregiver; Dementia; Human; Politics; Qualitative Research; Caregivers; Dementia; Humans; Politics; Qualitative Research"
"Old-age lifestyles: Patterns of participation in leisure activities and their associations with different forms of capital","2022","Journal of Aging Studies","10.1016/j.jaging.2022.101022","https://www.scopus.com/inward/record.uri?eid=2-s2.0-85127055940&doi=10.1016%2Fj.jaging.2022.101022&partnerID=40&md5=267977d04a09e4ffd16bc1094684b164","As an important dimension of lifestyle, participation in leisure activities can enhance people's quality of life. Thus, pursuing an engaged lifestyle has become an assumed requirement of ageing successfully. People's opportunities to pursue an engaged lifestyle are influenced by their social positions, which are defined by their access to economic, cultural, and social capital. However, lifestyles in very old age and the significance of these forms of capital have not been sufficiently investigated. Against this background, we examined the questions of what lifestyles people pursue in very old age, and how these lifestyles are associated with their access to different forms of capital. Representative data from the NRW80+ study in North Rhine-Westphalia, Germany, were used. The sample comprised 1863 respondents aged 80 and older, and was carried out in 2017. First, the respondents' patterns of participation in leisure activities, which were used to measure their lifestyles, were identified by applying latent class analysis. Second, the associations between lifestyles and indicators of economic, cultural, and social capital were analysed separately for community- and institutional-dwelling very old adults using logistic regression. Three patterns of leisure activity participation were identified: a digital (16.5%), a sociable (41.0%), and a withdrawn (42.4%) lifestyle. For community-dwelling very old adults with low or medium education and those with low occupational prestige in their last job, the odds of having a withdrawn lifestyle were increased. For both community- and institutional-dwelling individuals, larger social networks were associated with decreased odds of pursuing a withdrawn lifestyle. We conclude that the different forms of capital continue to be related to the lifestyle opportunities of very old adults, but lose their importance for institutional-dwelling individuals. A life course perspective on social inequalities in lifestyle is therefore needed. © 2022 Elsevier B.V., All rights reserved.","Aged, 80 And Over; Long-term Care; Nursing Homes; Social Capital; Socioeconomic Factors; Article; Community Dwelling Person; Drug Withdrawal; Education; Female; Germany; Human; Human Experiment; Human Tissue; Latent Class Analysis; Life Course Perspective; Lifestyle; Long Term Care; Major Clinical Study; Male; Nursing Home; Social Capital; Social Network; Socioeconomics; Very Elderly; Leisure; Quality Of Life; Aged, 80 And Over; Humans; Leisure Activities; Life Style; Quality Of Life; Social Capital; Socioeconomic Factors"
"“Remember this picture when you take more than you need”: Constructing morality through instrumental ageism in COVID-19 memes on social media","2022","Journal of Aging Studies","10.1016/j.jaging.2022.101024","https://www.scopus.com/inward/record.uri?eid=2-s2.0-85126986139&doi=10.1016%2Fj.jaging.2022.101024&partnerID=40&md5=09e46542064217337fceeca5f64f8009","As the COVID-19 pandemic continues, a parallel pandemic of ageism is spreading through social media. This paper argues that COVID-19 health securitisation logic and the urgent need to disseminate public health information have allowed nuanced forms of ageism to be reproduced in online forums. I use a critical discourse analysis and social semiotic analysis to deconstruct the use of ageist representations of older adults in COVID-19 memes, which have been organised into four illustrative categories. The analysis attends to ageist representations that both reinforce stereotypical messages and exacerbate intergenerational tensions. Drawing upon moral anthropology, I propose that the memes employ “instrumental ageism,” a nuanced form of ageism that advances the health securitisation agenda during the pandemic. The paper concludes with a recognition of the impact of ageist pandemic memes on intergenerational tensions and a call for attention to nuanced forms of ageism in our online and offline social worlds. © 2022 Elsevier B.V., All rights reserved.","Ageism; Covid-19; Memes; Morality; Older Adults; Securitisation; Social Media; Aged; Ageism; Human; Morality; Pandemic; Social Media; Aged; Ageism; Covid-19; Humans; Morals; Pandemics; Social Media"
"Transforming nursing home culture: Opinions of older people. A cross-sectional study in Belgium","2022","Journal of Aging Studies","10.1016/j.jaging.2022.101020","https://www.scopus.com/inward/record.uri?eid=2-s2.0-85126975806&doi=10.1016%2Fj.jaging.2022.101020&partnerID=40&md5=7b6290ca2e9af6db48d2308c79fdc74a","A culture change movement is taking place in some nursing homes: from the traditional biomedical to more person-centred and relational environments. However, knowledge of the institutional preferences of older people among the general population is limited. We focused on identifying what is important to older people when choosing a nursing home. We also wanted to determine which type of environment (traditional or relational) they would be more inclined to enter; where they would feel better cared for and respected; where professionals would offer more adequate support; where older people would feel more at home, and where they would feel freer to live the life they wanted. A cross-sectional study based on the analysis of two brochures was conducted: one integrated traditional nursing home information, the other included information related to the culture change environment. Participants (n = 71) were first asked, when choosing a nursing home, what the most important features were. They were then asked to consider the two brochures and, after reading each, to assess their desire to enter the nursing home, their feelings about the care given by the professionals, the respect of their personal habits and their choices, the professional support, the home-like atmosphere and freedom to live their life. Finally, they were asked to choose one nursing home. The features cited by the participants were then evaluated by independent evaluators to identify their orientation (traditional or culture change nursing home). The majority was assessed as having a culture change in orientation. After reading the culture change brochure, participants felt more inclined to enter the nursing home, and believed that they would be better cared for, be more respected (habits and choices), and freer to live the life they desired in a home-like atmosphere, compared to the traditional brochure. Finally, most participants chose the culture change nursing home as their final choice. The results support the potential benefits of culture change within nursing home environments. © 2022 Elsevier B.V., All rights reserved.","Culture Change; Culture Change Movement; Nursing Homes; Older People; Person-centred Care; Residents; Adult; Article; Atmosphere; Belgium; Cross-sectional Study; Female; Habit; Human; Human Experiment; Major Clinical Study; Male; Nursing Home; Resident; Aged; Emotion; Freedom; Aged; Cross-sectional Studies; Emotions; Freedom; Humans; Nursing Homes"
"Harnessing progress: Gender, sexuality, and positive self-perceptions of aging in midlife","2022","Journal of Aging Studies","10.1016/j.jaging.2022.101008","https://www.scopus.com/inward/record.uri?eid=2-s2.0-85125200252&doi=10.1016%2Fj.jaging.2022.101008&partnerID=40&md5=1c3046dc01ee970256dced29c9414d5f","Drawing on interviews, this article analyzes how lesbians, gay men, straight women, and straight men construct positive views of aging during midlife, a life course period when negative perceptions of aging are salient. Interviewees engaged in harnessing progress—a process of crafting personal aging narratives that emphasize growth and improvement—which helped them to feel positively about their own aging. All interviewees shared these progress narratives, but reports differed across gender and sexuality groups. Men's narratives focused on the wisdom they gained and how that made them more relevant to older and younger generations. Regarding the latter, straight men viewed their children as beneficiaries of their progress and gay men viewed younger LGBTQ people as beneficiaries. Women's progress narratives focused on self-improvement. Whereas straight women described becoming more self-reliant with age, lesbians described learning to stand up for themselves. Overall, findings reveal how gender and sexual identities—and the lifelong benefits and burdens that accompany those identities—influence how people create positive perceptions of aging. © 2022 Elsevier B.V., All rights reserved.","Aging Attitudes; Lgbtq Aging; Middle-age; Subjective Aging; Aging; Article; Child; Drawing; Female; Gender Identity; Human; Human Experiment; Interview; Learning; Lgbtqia+ People; Lifespan; Male; Middle Aged; Narrative; Perception; Sexuality; Self Concept; Sexual Behavior; Aging; Female; Gender Identity; Humans; Male; Self Concept; Sexual Behavior; Sexuality"
"A critical gerontological framing analysis of persistent ageism in NZ online news media: Don't call us “elderly”!","2022","Journal of Aging Studies","10.1016/j.jaging.2022.101009","https://www.scopus.com/inward/record.uri?eid=2-s2.0-85125116814&doi=10.1016%2Fj.jaging.2022.101009&partnerID=40&md5=aa78774f3ab04ab5b1b39125209c6c3f","This study presents a critical gerontological framing analysis of how and why the term “elderly” is presently used in online news media articles in New Zealand, and the potential consequences of such constructions. The article contributes to conceptual debates on aging and later life research by challenging ageist (albeit perhaps subconscious) media practices. Analysis of online news media articles in New Zealand was conducted over an 18-month period before, during and since COVID. Findings revealed that “elderly” was framed as powerless, in predominantly negative (74% of data) stereotypical messages about older adults. The remaining positive stereotypes (26%) used human impact framing. Narratives of “elderly” as vulnerable, declining and a ‘burden’ may be dependent on several factors, including the media's role in both constructing and reflecting ageist societal attitudes and actions towards older adults. Recommendations are given to support re-framing societal attitudes towards age equality through non-discriminatory, respectful language. © 2022 Elsevier B.V., All rights reserved.","Ageism; Critical Gerontological Framing Analysis; Elderly; Online News Media; Stereotypes; Aged; Ageism; Geriatrics; Human; Mass Medium; New Zealand; Aged; Ageism; Covid-19; Geriatrics; Humans; Mass Media"
"Body talk and resilience: Aging men's experiences with mastectomy and prostatectomy","2022","Journal of Aging Studies","10.1016/j.jaging.2022.101010","https://www.scopus.com/inward/record.uri?eid=2-s2.0-85124981083&doi=10.1016%2Fj.jaging.2022.101010&partnerID=40&md5=ea90cec2563be182bc7261dc292bf68a","Men's experiences with gendered cancers hinge on at least two axes – their masculinities and their age. This article offers a thematic synthesis of the qualitative research on men living with breast cancer or prostate cancer. This is a qualitative meta-analysis assessing how masculinities and aging may jointly affect men's narratives post-mastectomy or post-prostatectomy. Of particular interest was whether and how aging mediates the experience of these gendered cancers. Reviewed were all qualitative studies published between 2000 and 2020 addressing men's breast cancer and post-mastectomy experiences (N = 15) and men's lives after their prostatectomy (N = 28). The analysis followed the guidelines for thematic synthesis and grounded theory. Free codes of findings were organized into “descriptive” themes, which are then further interpreted to yield “analytical” themes. Seven descriptive themes were identified and these underlie two analytical themes – body talk and resilience. Collectively, men's illness narratives spoke about how cancer challenges their gendered identities and practices, and how they repair identities. The common experience was one of men coming to live with their post-surgical bodies by practicing ‘wider,’ hybrid forms of masculinities. The principal finding is that men with either type of cancer saw themselves as men and remained seen by others in terms of their gender, not their anatomically changed bodies. Unresolved was the full way aging complemented and mediated the cancer journey. © 2022 Elsevier B.V., All rights reserved.","Aging Men; Breast Cancer In Men; Masculinities; Mastectomy; Prostate Cancer; Prostatectomy; Aging; Breast Tumor; Human; Male; Mastectomy; Meta Analysis; Prostatectomy; Aging; Breast Neoplasms; Humans; Male; Mastectomy; Men; Prostatectomy"
"Assisted eating in late-stage dementia: Intercorporeal interaction","2022","Journal of Aging Studies","10.1016/j.jaging.2022.101000","https://www.scopus.com/inward/record.uri?eid=2-s2.0-85124664840&doi=10.1016%2Fj.jaging.2022.101000&partnerID=40&md5=9854d16091090bab2bc4ae2722e0d03e","In this article, we argue that investigating and learning about agentive abilities of people living with late-stage dementia requires a theoretical framework that focuses on the use of bodily resources in interpersonal interaction (i.e., intercorporeality) for performing joint activities rather than on solely the use of spoken language. Assisted eating, which involves people living with late-stage dementia and professional carers, is taken as an empirical example. The study is based on observations and video recordings of occasions of assisted eating involving five people with late-stage dementia in a residential elder care home; one of these people is used as an example in this paper. The analysis shows that assisted eating is performed as a joint intercorporeal activity. The participants create joint attentional space and a common space of action for their bodily movements when they give and receive food. The participants engaged in the activity coordinate their bodily moves with each other. The analysis (1) demonstrates that the collaboration between people living with late-stage dementia and nurses is based on practical interdependent and co-operative bodily actions. (2) This makes it possible to better understand agency in terms of intercorporeal interaction displayed by people living with late-stage dementia. (3) The agency demonstrated in intercorporeal interaction is thus considered to be shared and distributed across bodies and requires support to be interactionally achieved. (4) The intercorporeal interaction as grounds for agency not only calls on other participants to note and honor the agency of the person with dementia that is still evident in embodied interaction, but also invites others to support people with dementia to claim and display their agency in social interactions and joint activities. © 2022 Elsevier B.V., All rights reserved.","Collaboration; Dementia; Interaction; Intercorporeality; Late-stage Dementia; Aged; Caregiver; Dementia; Human; Human Relation; Aged; Caregivers; Dementia; Humans; Interpersonal Relations"
"What's in a name? Address practices in Swedish residential care facilities","2022","Journal of Aging Studies","10.1016/j.jaging.2022.101007","https://www.scopus.com/inward/record.uri?eid=2-s2.0-85124647534&doi=10.1016%2Fj.jaging.2022.101007&partnerID=40&md5=e1f8f201d113d031583d7323ec1ea3d4","Encountering residents living with dementia who come from diverse linguistic and cultural backgrounds is a common aspect of everyday life in residential care homes. These facilities may have systems of address that differ from those used in residents' respective cultures of origin. Residents' forms of address are elements of identity established in accordance with their life histories. The aim of this article is to investigate empirically the role of address forms for residents and care-providing staff in multilingual residential settings. The findings rely on observational and interactional data as well as interviews. The observational and interactional data includes 23 participants, consisting of five residents and 18 members of care-providing staff. The interviews consist of informal conversations and a corpus based on open-ended interviews with 21 staff members and five residents in two residential homes in Sweden. On the one hand, the findings indicate that addressing the residents with their first name is a prevalent address practice by the staff. They also displayed 20 additional types of address practices. On the other hand, these practices, which are chosen with the best of intentions, often seem to be inconsistent with the residents' preferred address forms. These data lend support to the large body of gerontological literature arguing that sensitivity to the life histories of residents, here the established forms of address, is vital to sustaining their identity. © 2022 Elsevier B.V., All rights reserved.","Dementia; Form Of Address; Identity; Name; Assisted Living Facility; Human; Interpersonal Communication; Sweden; Assisted Living Facilities; Communication; Humans"
"Turning grey is not a black-and-white experience: A phenomenological study on the lived experience of old age among Dutch Franciscan friars","2022","Journal of Aging Studies","10.1016/j.jaging.2022.101004","https://www.scopus.com/inward/record.uri?eid=2-s2.0-85124421142&doi=10.1016%2Fj.jaging.2022.101004&partnerID=40&md5=6fcd9ff0ddcead8582d2d4b2c0cfd822","The lack of constructive cultural narratives of old age impedes older people from giving meaning to any difficult circumstances related to aging in which they might find themselves. In this study, we attempted to shed a different light on experiences of meaning in older age to contribute to sources for constructive counter narratives by gaining insight into (the experience of) meaning in old age of Dutch Franciscan friars. The research was a phenomenological in-depth interview study among twelve friars (mean age 80.6 years) following a reflective lifeworld design. The three main themes that emerged from the analysis were (i) ‘brotherhood’, illustrating a strong, axiomatic sense of connectedness, (ii) ‘finitude’, illustrating individual and relational confrontations with daily and existential finitude, and (iii) ‘dynamic’, illustrating opportunities for new possibilities, personal growth and being able to be receptive of the ‘good’ in daily life. Our findings showed that aging is a multidimensional process that is not exclusively characterized by decline and loss, but also offers substantial opportunities to experience (new) meaning. Occasionally, meaning seemed to arise as a result of (physical) decline. Our results illustrated that under circumstances of connectedness and togetherness, frailty and dependency do not necessarily form a threat to one's autonomy. Connectedness also showed itself to be a source for authenticity, which reinforced the Franciscans as autonomous moral agents. © 2022 Elsevier B.V., All rights reserved.","Aging; Community; Cultural Narratives; Franciscan Order; Meaning; Phenomenology; Aged; Aging; Ethnicity; Existentialism; Human; Monk; Verbal Communication; Very Elderly; Aged; Aged, 80 And Over; Aging; Ethnicity; Existentialism; Humans; Monks; Narration"
"“I'm not terribly lonely”: Advancing the understanding of intimacy among older adults","2022","Journal of Aging Studies","10.1016/j.jaging.2022.101005","https://www.scopus.com/inward/record.uri?eid=2-s2.0-85124404892&doi=10.1016%2Fj.jaging.2022.101005&partnerID=40&md5=3e41750a170b479c71e3c015d19f395c","Background and objectives: Intimacy, a social relationship component, continues to be essential in later life, including for older adults in long-term care such as assisted living. Yet, no previous study has conceptualized how individuals experience intimacy holistically (i.e., broadly defined) and within the context of later life, health decline, and long-term care. The purpose of this analysis was to provide an in-depth understanding of intimacy in the lives of older adults in assisted living. Research design and methods: Using grounded theory methods, we analyzed data from the “Convoys of Care” (Kemp, PI: R01AG044368) longitudinal, qualitative research project. Data consisted of 2224 h of participant observation and interviews with 28 assisted living residents (aged 58–96), and their care partners (n = 114) followed over two years from four diverse assisted living communities. Results: Residents' experience with intimacy was a process involving four dimensions: emotional, intellectual, spiritual, and physical. Intimacy occurred in platonic or romantic forms and was dynamic over time alongside residents' intimacy needs. Residents engaged in an ongoing process requiring that they manage their needs while negotiating intimacy opportunities and constraints. Discussion and implications: Our findings expand the current conceptualization of intimacy in later life, specifically in the context of long-term care. Findings indicate the need for an approach to long-term care that addresses individuals' intimacy needs and preferences. © 2022 Elsevier B.V., All rights reserved.","Assisted Living; Long-term Care; Qualitative Research Methods; Quality Of Life; Social Relationships; Adult; Aged; Article; Assisted Living Facility; Female; Grounded Theory; Human; Human Experiment; Interview; Intimacy; Long Term Care; Major Clinical Study; Male; Middle Aged; Negotiation; Qualitative Research; Quality Of Life; Resident; Social Interaction; Human Relation; Loneliness; Sexual Behavior; Sexuality; Aged; Humans; Interpersonal Relations; Loneliness; Qualitative Research; Sexual Behavior; Sexual Partners"
"A secret(ly) aging man who has no time to die: The spectre of aging in the James Bond franchise","2022","Journal of Aging Studies","10.1016/j.jaging.2022.101006","https://www.scopus.com/inward/record.uri?eid=2-s2.0-85124398723&doi=10.1016%2Fj.jaging.2022.101006&partnerID=40&md5=f0d6d1aa0971ca9a0a4476b2c918ff26","Aging is not a phenomenon commonly associated with the James Bond franchise, which relies on the successful template of a more agile and youthful hero. While Bond's adversaries used to be older than him (at least in the classic Bond movies of the 1960s and 1970s), with their deficient ‘Otherness’ underlining the idea that they are ‘bad’ and impotent patriarchs, more recent Bond films have turned to different age constellations. Even though the films rarely comment on the hero's age or adjust the material to it, there are various ways in which Bond's age is highlighted in these films, depending, for instance, on whether he has to fight ‘bad fathers’, ‘treacherous brothers’, or ‘disobedient sons’. This article runs the parameter of Bond's age against other parameters like the age of his adversaries and the number of his sexual conquests. It looks into two non-canonical Bond films, Casino Royale (1967) and Never Say Never Again (1983), to demonstrate that the topic of aging has seen more diverse and candid treatments outside of the jurisdiction of the official Eon series. This includes aspects like the hero's virility in the face of old age (at the intersection of senex and eros) and the meta-textual qualities of these films, which resonate with their subtexts on aging. The final section turns to Daniel Craig's swansong as Bond, No Time to Die (2021), which addresses the theme of mortality more directly than any other previous Bond outing. © 2022 Elsevier B.V., All rights reserved.","007; Age Dynamics; Aging; Aging Metrics; Appearance; James Bond; Middle Age; Mortality; No Time To Die; Old Age; Rejuvenation; Senex Amator; Virility; Aging; Human; Male; Movie; Aging; Humans; Male; Motion Pictures"
"From fact to meaning: Care practitioners' hermeneutic competence development in residential care for persons with dementia","2022","Journal of Aging Studies","10.1016/j.jaging.2022.101003","https://www.scopus.com/inward/record.uri?eid=2-s2.0-85124229713&doi=10.1016%2Fj.jaging.2022.101003&partnerID=40&md5=57aff0e68eb957e53742ad07312e1193","In long-term care for people with dementia, person-centred care (PCC) is widely promoted as an approach that contributes to the well-being of persons in psycho-geriatric care. The goal of PCC is to acknowledge the personhood of residents and to indicate the responsibility of others to ensure the personhood of persons with dementia. In 2016 and 2018, qualitative empirical research was conducted with the purpose to enhance PCC and meaningful care. Five Dutch nursing homes and a total of eight communities of practice participated in the research project ‘People and their Stories’. The aim of this project was to strengthen the hermeneutic competence of care practitioners, with a focus on informal everyday interpersonal interactions between residents and care professionals. This article highlights how care professionals, by enhancing their hermeneutical competence, can do justice to the unique personhood of residents in everyday care practice. Three distinguished features for strengthening the hermeneutic competence of care professionals were formulated: respectful curiosity as a prerequisite, being able to differentiate between fact and meaning, and the awareness of own perspectives and assumptions. © 2022 Elsevier B.V., All rights reserved.","Hermeneutic Competence; Narrative Approach; Person-centred Care; Relational Personhood; Aged; Dementia; Hermeneutics; Human; Nursing Home; Personhood; Qualitative Research; Aged; Dementia; Hermeneutics; Humans; Nursing Homes; Personhood; Qualitative Research"
"The complex nature of transportation as a key determinant of health in primary and community care restructuring initiatives in rural Canada","2022","Journal of Aging Studies","10.1016/j.jaging.2022.101002","https://www.scopus.com/inward/record.uri?eid=2-s2.0-85123688560&doi=10.1016%2Fj.jaging.2022.101002&partnerID=40&md5=ba622bbb8f1c93d61e5375e180a64642","It is well recognized that transportation is a barrier to health-care access for rural-dwelling residents, particularly older adults. Health-care restructuring initiatives seldom take into consideration the complexity of transportation, which acts as a barrier to appropriate and timely access to health-care services for older adults in rural communities. This article presents findings of a qualitative research study that explored the complex nature of transportation challenges that rural-dwelling older adults experience in Western Canada when trying to access primary and community care services. Data were derived from a larger study of service user views on a health-care restructuring initiative intended to facilitate aging-in-place. We conducted 15 focus groups and 9 interviews with a diverse sample of 83 older adults living in one urban centre and nine rural and small rural towns in British Columbia (BC)’s interior. We used content analysis to determine codes and derive themes. Study findings showed that transportation was a top priority for improving primary and community care. Older adult participants identified a range of transportation challenges in trying to get to healthcare services and care providers getting to them. Transportation was a social determinant of health (SDOH) for all participants, regardless of whether they lived in the urban centre or in a rural or small rural town. Our study provides more evidence to support that transportation is a key SDOH for rural-dwelling older adults. As such, transportation should be specifically addressed in health-care restructuring initiatives that aim to support aging-in-place. Service providers need to advocate for system-wide solutions such as integrating transportation into the health-care system, while it is imperative that decision-makers act on these solutions. © 2022 Elsevier B.V., All rights reserved.","Aging; Health Services; Restructuring; Rural; Social Determinants Of Health; Transportation; Aged; Aging; Article; British Columbia; Canada; Community Care; Content Analysis; Health Care Access; Health Care System; Human; Independent Living; Interview; Social Determinants Of Health; Health Care Delivery; Qualitative Research; Rural Population; Aged; Health Services Accessibility; Humans; Independent Living; Qualitative Research; Rural Population"
"Age, subjectivity and the concept of subjective age: A critique","2022","Journal of Aging Studies","10.1016/j.jaging.2022.101001","https://www.scopus.com/inward/record.uri?eid=2-s2.0-85123060418&doi=10.1016%2Fj.jaging.2022.101001&partnerID=40&md5=78d2e1582b255657b68a85354aba00a8","This paper presents a critique and proposes a reformulation of the concept of subjective age. It questions the nature of ‘subjectivity’ used in framing the concept and the consequent failure to distinguish between ‘subjectivity’ and ‘self-identity’. I argue that age is not easily framed as a phenomenal (for-me) experience and that it is at least questionable whether aging or agedness possess what might be termed a ‘first-person’ subjectivity. What is usually referred to as ‘subjective age’ can be better understood as an aspect of an individual's self-categorisation or self-schema, derived less from its experiential aspect than from its widespread use as an identifier of people's social being – their they-self. Understood as part of a person's self-schema, ‘subjective age’ is less a subjective than an inter-subjective construct, reflecting one's place in society. Many of the correlates and consequences of ‘subjective age’ reflect a more general self-evaluation, derived from the network of inter-subjective relations in both system and life world experience, rather than the phenomenal experiences of embodied age. Integrating research on self-categorisation and social identity with ‘self-perceived’ age offers a clearer conceptual base from which to study subjective age, leaving the thornier question of the subjectivity of age to students of aging in the humanities and human sciences. © 2022 Elsevier B.V., All rights reserved.","Self-categorisati; Social Identity; Subjective Age; Subjectivity; Adult; Aging; Article; Female; Human; Human Experiment; Humanities; Male; Self Evaluation; Social Identity; Self Concept; Social Behavior; Aging; Humans; Self Concept; Social Identification"
"“There were no words”: Older LGBTQ+ persons' experiences of finding and claiming their gender and sexual identities","2022","Journal of Aging Studies","10.1016/j.jaging.2022.100999","https://www.scopus.com/inward/record.uri?eid=2-s2.0-85122678456&doi=10.1016%2Fj.jaging.2022.100999&partnerID=40&md5=77a281ba814d7f0f6449656fbce41380","This article explores how older Canadian LGBTQ+ persons' gender and sexual identities evolved over time and were influenced by language, role models, and significant others. We draw on data from a qualitative interview study with 30 LGBTQ+ older adults. We analyze our data thematically, finding three overarching themes, namely: a) Lacking language and role models, b) Drawn and pushed out of the closet, and c) Current fluidities and future concerns. Our participants reported that, earlier in life, they had lacked language or positive frameworks with which to make sense of their identities. Upon finding language and role models, all but one eventually came out or transitioned, often after consulting trusted others, experimenting in secret, leading double lives, and/or finding same-sex love. Many were fearful that as they aged, they might once again lose their abilities to openly claim their gender and sexual identities. We discuss our findings in relation to queer theory and the LGBTQ+ aging literature. © 2022 Elsevier B.V., All rights reserved.","Coming Out; Homophobia; Identity; Lgbtq+ Older Adults; Queer Theory; Transphobia; Aged; Aging; Article; Female; Gender Identity; Homophobia; Human; Human Experiment; Language; Lgbtqia+ People; Male; Transphobia; Canada; Qualitative Research; Sexual And Gender Minority; Aged; Aging; Gender Identity; Humans; Qualitative Research; Sexual And Gender Minorities"
"“Old age scares me”: Exploring young adults' feelings about aging before and during COVID-19","2022","Journal of Aging Studies","10.1016/j.jaging.2022.100998","https://www.scopus.com/inward/record.uri?eid=2-s2.0-85122624361&doi=10.1016%2Fj.jaging.2022.100998&partnerID=40&md5=8de667b206363a02da1d6a06aad8beae","Negative messages about aging dominate public discourse about the COVID-19 pandemic as older adults have been classified as members of a “vulnerable” population due to their chronological age. To explore young adults' feelings about aging before and after the emergence of COVID-19, we collected 794 qualitative questionnaires during the fall of 2017 and another 463 responses during the fall of 2020. We drew on the concepts of age-based stereotypes and future selves to guide our thematic analysis of the data. Findings captured young adults' feelings about aging at two distinct points in time and demonstrate the complex ways the communication contributed to shifting feelings about aging. In doing so, we highlight the role that portrayals of aging play in shaping young adults' feelings about aging and their perception of their future selves. These findings offer conceptual contributions about communication, context, and aging. © 2022 Elsevier B.V., All rights reserved.","Age-based Stereotypes; Aging; Covid-19; Future Self; Aged; Aging; Emotion; Human; Pandemic; Aged; Aging; Covid-19; Emotions; Humans; Pandemics; Sars-cov-2"
"Dementia care-sharing and migration: An intersectional exploration of family carers' experiences","2022","Journal of Aging Studies","10.1016/j.jaging.2021.100996","https://www.scopus.com/inward/record.uri?eid=2-s2.0-85121460660&doi=10.1016%2Fj.jaging.2021.100996&partnerID=40&md5=7e04d164c5e151d490018edd7d6fb3e6","Background and objectives: Previous studies show that persons with a migration background (PwM) caring for a family member with dementia often experience access barriers to formal care services, and that family carers often perform the lion's share of care. Yet research offering a detailed account on their experiences of dementia care-sharing is sparse. In this paper, we respond to this knowledge gap by exploring how different social categories impact on practices of care-sharing in our participants and their families. Research design and methods: A qualitative study of six PwM who provide care for a family member with dementia was conducted through two methods: semi-structured, life-story interviews followed by “shadowing” our participants in their daily lives. We were guided by intersectionality as an analytical lens in exploring the multifaceted experiences of care-sharing. Findings: Throughout our analysis, intersections of migration history and social class stood out the most. We elucidate how they influence the attainment of necessary skills to organize and share care-tasks as well as perceptions of “good care.” Additionally, our findings illustrate how one's position within the family, the presence or absence of supportive social networks, religion, gendered care norms, and relationship to the care-recipient are relevant to experiences of care-sharing. Implications: Rather than overemphasizing ethnicity and culture, practice and policy should take into account that intersections of various social categories affect care-sharing and the type of support that is (or is not) organized. © 2022 Elsevier B.V., All rights reserved.","Care-sharing; Dementia; Family Care; Intersectionality; Migration; Caregiver; Dementia; Ethnicity; Family; Human; Qualitative Research; Caregivers; Dementia; Ethnicity; Family; Humans; Qualitative Research"
"Aging in the downtown corridor: Mapping the neighborhood experiences of Seattle's unhoused adults over age 50","2022","Journal of Aging Studies","10.1016/j.jaging.2021.100997","https://www.scopus.com/inward/record.uri?eid=2-s2.0-85121418151&doi=10.1016%2Fj.jaging.2021.100997&partnerID=40&md5=53d42d6c7c30cf07554bd672e63162f1","Research has established the importance of understanding the dynamic relationship between older adults and the environments in which they are embedded. However, the meaning of place for unhoused older adults amidst an increasingly contested urban landscape is largely unknown. This exploratory study aims to further include unhoused older adults' experiences in the scholarship on aging and place by asking how unhoused adults over age 50 (1) describe their spatial patterns and experiences and (2) negotiate their relationship with common urban places. Through iterative mapping conducted in focus groups and interviews at Seattle senior centers, respondents identified how they interacted with their communities and environment. Using inductive and deductive coding of both textual and geospatial data, thematic analysis indicated that respondents: (1) experienced confinement to the downtown corridor and expulsion from surrounding areas– a phenomenon compounded by physical and subjective aging; (2) created routines amidst geographic and temporal restrictions to maximize comfort and security; (3) attempted to create residential normalcy in public places through adaptive and accommodative practices; and (4) experienced identities shaped by movement through and access to place. Current social, spatial, and political contexts of city living present many challenges for older unhoused adults. Supports that ignore people's identification with the places that are important to them are unlikely to be successful. Findings from this paper call for service, policy, and design strategies that facilitate personal agency and connection to place among unhoused people midlife and beyond. © 2022 Elsevier B.V., All rights reserved.","Environmental Gerontology; Homelessness; Qualitative Geospatial Methods; Adult; Aged; Aging; Article; Comfort; Gerontology; Homelessness; Human; Interview; Neighborhood; Security; Senior Center; Thematic Analysis; City; Demography; Independent Living; Information Processing; Social Environment; Aged; Aging; Cities; Focus Groups; Humans; Independent Living; Residence Characteristics; Social Environment"
"This is Me: Evaluation of a boardgame to promote social engagement, wellbeing and agency in people with dementia through mindful life-storytelling","2022","Journal of Aging Studies","10.1016/j.jaging.2021.100995","https://www.scopus.com/inward/record.uri?eid=2-s2.0-85121226375&doi=10.1016%2Fj.jaging.2021.100995&partnerID=40&md5=f0927d1d37aa04a9b2cfccec46aa7017","Receiving a dementia diagnosis is a difficult experience for most people and often affects their wellbeing negatively. To support people's wellbeing, in a therapeutic context, life-storytelling, reminiscence and mindfulness are used with people with dementia. In an everyday context, traditional games are used as a resource for stimulating memory, cognition and social activity. While an increasing number of creative strategies are available to support people with dementia, the area of board games design and their effect on wellbeing is underexplored. This paper reports on the evaluation of the This is Me (TIM) mindful life-storytelling board game by the European project MinD. Using a co-design methodology, TIM was developed with and for people with mild to moderate dementia to support their wellbeing by enhancing self-empowerment and social engagement. A focus group methodology was used to evaluate TIM with 50 people with dementia and 19 carers across four countries. TIM was evaluated with regard to the usability and experience of the design as well as people's emotional wellbeing, social engagement and agency. The thematic analysis demonstrated that the combination of life-storytelling and mindfulness allowed players to engage in meaningful social interaction and, as a result, they reported enjoyment, learning, more acceptance of the past and present situation, and that they perceived looking forward into the future together with others as helpful. The study demonstrates that design can be a useful means to support people with dementia in aspects of emotional wellbeing, social engagement and a sense of agency. © 2022 Elsevier B.V., All rights reserved.","Co-design; Dementia; Design; Design Strategy; Life-storytelling; Mindfulness; Psychosocial Intervention; Reminiscence; Caregiver; Dementia; Human; Interpersonal Communication; Mindfulness; Psychology; Social Participation; Caregivers; Communication; Dementia; Humans; Mindfulness; Social Participation"
"Approaching retirement: A qualitative study of older nursing assistants' experiences of work in residential care and late-career planning","2022","Journal of Aging Studies","10.1016/j.jaging.2021.100994","https://www.scopus.com/inward/record.uri?eid=2-s2.0-85120631353&doi=10.1016%2Fj.jaging.2021.100994&partnerID=40&md5=60223b4c6b1274453e265cfd74ced146","In many countries, eldercare workers are approaching retirement. To remain attractive to older and experienced workers, organizations need to understand how employees nearing retirement think about and experience their work situation. This qualitative study investigated how older nursing assistants within residential care for older people experienced aging at work, their psychosocial work environment, and their late-career planning. Semi-structured interviews with eight nursing assistants (aged 55–61 years) in Sweden were analyzed using an Interpretative Phenomenological Analysis approach. The results show that the psychosocial work environment was perceived as stressful and considered a long-term health risk, and that (future) health and work ability were key factors determining nursing assistants' late-career planning. Moreover, personal resources and social support from colleagues seemed protective against job demands. Aspects considered in late-career planning also included personal finances and meaningfulness of work. While these findings may be sample-specific, they still provide insights into the experiences of an important occupational group. This means that the findings can be useful for organizations aiming at promoting successful and sustainable aging-in-workplace and encouraging extended working lives. © 2022 Elsevier B.V., All rights reserved.","Aging-in-workplace; Interpretative Phenomenological Analysis; Late-career Planning; Psychosocial Work Environment; Retirement; Work In Eldercare; Adult; Aging; Article; Career Planning; Health Hazard; Human; Middle Aged; Nursing Assistant; Organization; Personal Finance; Qualitative Research; Residential Care; Retirement; Semi Structured Interview; Social Support; Sweden; Work Environment; Workplace; Aged; Psychology; Aged; Aging; Humans; Nursing Assistants; Qualitative Research; Retirement; Workplace"
"Ageing non-heterosexual migrants: Towards global sexual citizenship","2022","Journal of Aging Studies","10.1016/j.jaging.2021.100980","https://www.scopus.com/inward/record.uri?eid=2-s2.0-85119517620&doi=10.1016%2Fj.jaging.2021.100980&partnerID=40&md5=7fc2c85814710b46fbd0e2043ef9f8b3","This paper focuses on ageing non-heterosexual migrants, an understudied group, in order to contribute to two emerging strands of research literature in ageing studies: ageing migrants and non-heterosexual ageing. This paper draws on the narrative of a 60-year-old partnered gay man, Oliver, who is originally from the UK and had lived in Hong Kong for more than 20 years at the time of the interview. Oliver's experiences as an ageing non-heterosexual migrant embody both privilege and vulnerability. For him, white privilege acts as a shield against homophobia and ageism. However, although he feels cultural and social belonging to Hong Kong, his same-sex relationship is not legally recognised in Hong Kong. This produces anxiety about future care and end-of-life concerns for him and his Asian partner, as he decides between staying in Hong Kong and returning home to the UK for greater legal recognition of his same-sex relationship. Such findings highlight diversity among ageing migrants, and coexistence of privilege and vulnerability in the lives of non-heterosexuals who age outside of their country of origin. This paper also contributes to the literature on non-heterosexual ageing by adding an understudied diasporic perspective, and on sexual migration by highlighting the life course perspective to show that sexual minority migrants' experience is stratified by age. This paper argues that global sexual citizenship is an increasingly relevant theoretical concept in an era of unequal sexual rights development around the world. Social policies have largely overlooked the later life concerns of ageing non-heterosexual migrants, where a lack of legal recognition of their same-sex relationship has them left without policy protection. © 2022 Elsevier B.V., All rights reserved.","Ageing; Homosexuality; Hong Kong; Migration; Sexuality; Adult; Ageism; Aging; Anxiety; Article; Citizenship; Controlled Study; Female; Homophobia; Hong Kong; Human; Interview; Male; Middle Aged; Migrant; Narrative; Policy; Theoretical Study; Migration; Sexual And Gender Minority; Sexual Behavior; Aging; Citizenship; Humans; Male; Sexual And Gender Minorities; Sexual Behavior; Transients And Migrants"
"Last love: The ‘double standard of ageing’ and women's experience of gender and sexuality at mid-life","2022","Journal of Aging Studies","10.1016/j.jaging.2021.100989","https://www.scopus.com/inward/record.uri?eid=2-s2.0-85119401018&doi=10.1016%2Fj.jaging.2021.100989&partnerID=40&md5=356e72530dc6fee1d5f4f914a680b141","This paper explores the concept of the double standard of ageing as applied to women's experience and perceptions of mid-life sexuality and love affairs. Drawing on a selection of popular and literary women's writing, it argues that the recurring trope or motif of the ‘last chance’ affair is an ideological vehicle that serves to age women by dividing their lives in two – pre and post-sexual, youthful and middle-aged - with all the associations of a decline in status and value that have, moreover, much broader implications for gendered equality. There is also a submerged theme of empowerment running through these women's stories, through which, among other things, it is possible to critique normative sexuality, which enshrines male privilege, at earlier points in the life course. However, the continued salience of the double standard suggests both the presence of a powerful tributary feeding ongoing gender inequality and the role that age plays in this. © 2022 Elsevier B.V., All rights reserved.","Double Standard Of Ageing; Gender; Inequality; Life Writing; Literature; Sexuality; Adult; Aging; Article; Drawing; Empowerment; Feeding; Female; Gender Inequality; Human; Human Experiment; Male; Middle Aged; Perception; Running; Sexuality; Writing; Gender Identity; Love; Sexual Behavior; Aging; Female; Gender Identity; Humans; Love; Male; Middle Aged; Sexual Behavior; Sexuality"
"Aging with drug use: Theorizing intersectionally with material gerontology and critical drug studies","2022","Journal of Aging Studies","10.1016/j.jaging.2021.100990","https://www.scopus.com/inward/record.uri?eid=2-s2.0-85119292786&doi=10.1016%2Fj.jaging.2021.100990&partnerID=40&md5=2f129657f70e9a1fbb21f47e42c20e77","Rethinking old age and what aging means within the context and materiality of drug use, this paper asks, ‘how does drug use matter in old age?’ and follows a series of conceptual arguments to link aging studies and critical drug studies with material gerontology in an intersectional analysis. To do this, four research areas are reviewed to conceptualize habitual drug use in old age. First, aging is explored through its biological, subjective, and socio-material representations. Secondly, the merits of material gerontological thinking are discussed and developed in connection to marginalization and related intersectionality representing the third and fourth areas of research, respectively. Conceptual results suggest a model of ‘embodied-drugged-aging,’ an integrated conceptual approach which neither categorizes nor abstracts aging with drug use from its social and material contexts. © 2022 Elsevier B.V., All rights reserved.","Aging; Critical Drug Studies; Habitual Drug Use; Intersectionality; Material Gerontology; Older Adults; Aging; Geriatrics; Human; Procedures; Aging; Geriatrics; Humans"
