"Title","Year","Source title","DOI","Link","Abstract","Author Keywords"
"Omaveloxolone ameliorates cognitive dysfunction in APP/PS1 mice by stabilizing the STAT3 pathway","2023","Life Sciences","10.1016/j.lfs.2023.122261","https://www.scopus.com/inward/record.uri?eid=2-s2.0-85178652121&doi=10.1016%2Fj.lfs.2023.122261&partnerID=40&md5=572ad9966ed2dfa6c140d9cf7830a744","Aims: To determine the availability and the potential molecular mechanisms underlying the therapeutic effect of omaveloxolone (RTA408) on Alzheimer's Disease (AD). Materials and methods: This study employed network pharmacology to assess the feasibility of drug treatment of AD. To determine the cognitive status and emotional state of APPswe/PS1dE9 (APP/PS1) mice after the RTA408 treatment, three classical behavioral experiments (water maze, Y-maze, and open field test) were conducted. Immunofluorescence and immunohistochemical staining were utilized to evaluate hippocampal neuronal status and amyloid (Aβ) deposition in mice. RNA-seq and transcription factor prediction analyses were performed to explore the potential molecular mechanisms regulating the therapeutic effects of RTA408. Molecular docking was employed to predict the direct drug targets. To validate these molecular mechanisms, quantitative reverse transcription PCR (qRT-PCR), Western blotting, and immunofluorescence analyses were performed in two instrumental cell lines, i.e., mouse hippocampal neuronal cells (HT22) and microglia (BV2). Results: RTA408 was revealed with the capability to reduce Aβ plaque deposition and to restore damaged neurons in the hippocampal region of APP/PS1 mice, ultimately leading to an improvement in cognitive function. This beneficial effect was achieved by balancing the STAT3 pathway. Specifically, RTA408 facilitated the activations of both STAT3/OXR1 and NRF2/ARE axes, thereby enhancing the compromised resistance in neurons to oxidative stress. RTA408 inhibited the NFκB/IL6/STAT3 pathway, effectively countering the neuroinflammation triggered by microglial activation. Conclusion: RTA408 is revealed with promising potential in the treatment of AD based on preclinical data. © 2023 Elsevier B.V., All rights reserved.","Alzheimer's Disease; Neuroinflammation; Omaveloxolone; Oxidative Stress; Oxr1; Stat3; Amyloid Beta Protein; Nitric Oxide; Omaveloxolone; Presenilin 1; Rna; Amyloid Beta-peptides; Amyloid Beta-protein Precursor; Omaveloxolone; Presenilin-1; Rta 408; Amyloid Beta Protein; Amyloid Precursor Protein; Binding Protein; Immunoglobulin Enhancer Binding Protein; Interleukin 6; Nitric Oxide; Omaveloxolone; Oxidation Resistance 1 Protein; Presenilin 1; Reactive Oxygen Metabolite; Rna; Stat3 Protein; Transcription Factor; Transcription Factor Nrf2; Unclassified Drug; Alzheimer Disease; Animal Behavior; Animal Cell; Animal Experiment; Animal Model; Animal Tissue; Antioxidant Responsive Element; Article; Bv-2 Cell Line; Cell Activation; Cognition; Cognitive Defect; Controlled Study; Drug Structure; Drug Targeting; Emotion; Hippocampus; Ht22 Cell Line; Immunofluorescence Assay; Immunohistochemistry; Inhibition Kinetics; Microglia; Molecular Docking; Molecular Mechanics; Morris Water Maze Test; Mouse; Nerve Cell; Nerve Cell Lesion; Nervous System Inflammation; Nonhuman; Open Field Test; Oxidative Stress; Prediction; Real Time Reverse Transcription Polymerase Chain Reaction; Rna Sequencing; Systems Pharmacology; Treatment Outcome; Western Blotting; Y-maze Test; Animal; Disease Model; Genetics; Metabolism; Transgenic Mouse; Alzheimer Disease; Amyloid Beta-peptides; Amyloid Beta-protein Precursor; Animals; Cognitive Dysfunction; Disease Models, Animal; Mice; Mice, Transgenic; Molecular Docking Simulation; Presenilin-1"
"Chronic exposure to nanocellulose altered depression-related behaviors in mice on a western diet: The role of immune modulation and the gut microbiome","2023","Life Sciences","10.1016/j.lfs.2023.122259","https://www.scopus.com/inward/record.uri?eid=2-s2.0-85178651402&doi=10.1016%2Fj.lfs.2023.122259&partnerID=40&md5=c681343523a5e709ae5ef30c6afc2912","Aims: To determine if cellulose nanofibrils (CNF) have potential applications as food additives. Materials and methods: Male C57BL/6 mice on a Western diet were exposed to CNF for one month at a dose of 30 mg/kg by gavage. Male NOD mice, a model for type 1 diabetes (T1D), were used in a six-month study. Key findings: Sequencing analysis of 16S rRNA genes suggested significant changes in gut microbiome of male C57BL/6 mice exposed to CNF. Analysis of functional metagenomics indicated that many of the functional contents that might be altered following CNF ingestion were associated with lipid and carbohydrate processing. Further studies in NOD mice suggested that there were some decreases in the blood glucose levels during the insulin tolerance test and glucose tolerance test following CNF treatment. However, these small decreases were not considered biologically meaningful as there were no significant changes in either the area under the curve or the first-order rate constant for glucose disappearance. Moreover, serum concentrations of cytokines/chemokines including IL-3, IL-12(p70) and the keratinocyte chemoattractant were increased following chronic exposure to CNF. In addition, behavioral studies suggested that the percentage of immobility time during the tail-suspension test was significantly increased following six months of exposure to CNF in NOD mice, signifying an increase in depression-related behavior. Significance: Collectively, long-term CNF consumption was associated with changes in the ecology of the gut microbiome, immune homeostasis, and possibly energy metabolism and mental health in male NOD mice on a Western diet. © 2023 Elsevier B.V., All rights reserved.","Glucose Homeostasis; Gut Microbiome; Immunity; Mouse Behavior; Nanocellulose; Epithelial Derived Neutrophil Activating Factor 78; Gamma Interferon; Glucose; Interleukin 13; Interleukin 2; Lipid; Macrophage Inflammatory Protein 1alpha; Rna, Ribosomal, 16s; Carbohydrate; Cellulose Nanofiber; Cxcl1 Chemokine; Eotaxin; Epithelial Derived Neutrophil Activating Factor 78; Food Additive; Gamma Interferon; Glucose; Granulocyte Colony Stimulating Factor; Granulocyte Macrophage Colony Stimulating Factor; Interleukin 10; Interleukin 12p40; Interleukin 12p70; Interleukin 13; Interleukin 15; Interleukin 17; Interleukin 1alpha; Interleukin 1beta; Interleukin 2; Interleukin 3; Interleukin 4; Interleukin 5; Interleukin 6; Interleukin 7; Interleukin 9; Leukemia Inhibitory Factor; Lipid; Macrophage Inflammatory Protein 1alpha; Monocyte Chemotactic Protein 1; Rna 16s; Adult; Animal Cell; Animal Experiment; Animal Model; Area Under The Curve; Article; Behavior Assessment; Body Weight; C57bl 6 Mouse; Controlled Study; Depression; Flow Cytometry; Glucose Blood Level; Glucose Homeostasis; Glucose Tolerance Test; Immobility Time; Immunity; Immunomodulation; Insulin Dependent Diabetes Mellitus; Insulin Tolerance Test; Intestine Flora; Leukocyte; Long Term Exposure; Male; Metagenomics; Mouse; Nonhuman; Nonobese Diabetic Mouse; Protein Blood Level; Sequence Analysis; Tail Suspension Test; Western Diet; Animal; C57bl Mouse; Genetics; Animals; Depression; Diet, Western; Gastrointestinal Microbiome; Male; Mice; Mice, Inbred C57bl; Mice, Inbred Nod; Rna, Ribosomal, 16s"
"Targeting survivin for cancer therapy: Strategies, small molecule inhibitors and vaccine based therapeutics in development","2023","Life Sciences","10.1016/j.lfs.2023.122260","https://www.scopus.com/inward/record.uri?eid=2-s2.0-85178650190&doi=10.1016%2Fj.lfs.2023.122260&partnerID=40&md5=fc3931913c8a4763c5f7e786b278b658","Survivin is a member of the family of inhibitors of apoptosis proteins (IAPs). It is involved in the normal mitotic process and acts as an anti-apoptotic molecule. While terminally differentiated normal tissues lack survivin, several human malignancies have significant protein levels. Resistance to chemotherapy and radiation in tumor cells is associated with survivin expression. Decreased tumor development, apoptosis, and increased sensitivity to chemotherapy and radiation are all effects of downregulating survivin expression or activity. As a prospective cancer treatment, small molecules targeting the transcription and translation of survivin and molecules that can directly bind with the survivin are being explored both in pre-clinical and clinics. Pre-clinical investigations have found and demonstrated the effectiveness of several small-molecule survivin inhibitors. Unfortunately, these inhibitors have also been shown to have off-target effects, which could limit their clinical utility. In addition to small molecules, several survivin peptide vaccines are currently under development. These vaccines are designed to elicit a cytotoxic T-cell response against survivin, which could lead to the destruction of tumor cells expressing survivin. Some survivin-based vaccines are advancing through Phase II clinical studies. Overall, survivin is a promising cancer drug target. However, challenges still need to be addressed before the survivin targeted therapies can be widely used in the clinics. © 2024 Elsevier B.V., All rights reserved.","Birc5; Cancer Therapy; Drug Resistance; Inhibitor Of Apoptosis; Survivin; Vaccine; Baculoviral Iap Repeat Containing Protein 5; Inhibitor Of Apoptosis Proteins; Microtubule-associated Proteins; Survivin; Vaccines; Baculoviral Iap Repeat Containing Protein 5; Peptide Vaccine; Protein Inhibitor; Inhibitor Of Apoptosis Protein; Microtubule Associated Protein; Vaccine; Apoptosis; Cancer Resistance; Cancer Therapy; Carcinogenesis; Chemoradiotherapy; Cytotoxic T Lymphocyte; Down Regulation; Drug Sensitivity; Human; Malignant Neoplasm; Nonhuman; Off-target Effect; Phase 2 Clinical Trial (topic); Preclinical Study; Protein Binding; Protein Expression; Protein Function; Protein Targeting; Review; Transcription Initiation; Translation Initiation; Tumor Cell; Metabolism; Neoplasm; Pathology; Apoptosis; Humans; Inhibitor Of Apoptosis Proteins; Microtubule-associated Proteins; Neoplasms; Survivin; Vaccines"
"Network based approach to identify interactions between Type 2 diabetes and cancer comorbidities","2023","Life Sciences","10.1016/j.lfs.2023.122244","https://www.scopus.com/inward/record.uri?eid=2-s2.0-85178650149&doi=10.1016%2Fj.lfs.2023.122244&partnerID=40&md5=043407bc62c1f4c53892dc63fb546340","High blood sugar and insulin insensitivity causes the lifelong chronic metabolic disease called Type 2 diabetes (T2D) which has a higher chance of developing different malignancies. T2D with comorbidities like Cancers can make normal medications for those disorders more difficult. There may be a significant correlation between comorbidities and have an impact on one another's health. These associations may be due to a number of direct and indirect mechanisms. Such molecular mechanisms that underpin T2D and cancer are yet unknown. However, the large volumes of data available on these diseases allowed us to use analytical tools for uncovering their interrelated pathways. Here, we tried to present a system for investigating potential comorbidity relationships between T2D and Cancer disease by looking at the molecular processes involved, analyzing a huge number of freely accessible transcriptomic datasets of various disorders using bioinformatics. Using semantic similarity and gene set enrichment analysis, we created an informatics pipeline that evaluates and integrates Gene Ontology (GO), expression of genes, and biological process data. We discovered genes that are common in T2D and Cancer along with molecular pathways and GOs. We compared the top 200 Differentially Expressed Genes (DEGs) from each selected T2D and cancer dataset and found the most significant common genes. Among all the common genes 13 genes were found most frequent. We also found 4 common GO terms: GO:0000003, GO:0000122, GO:0000165, and GO:0000278 among all the common GO terms between T2d and different cancers. Using these genes and GO term semantic similarity, we calculated the distance between these two diseases. The semantic similarity results of our study showed a higher association of Liver Cancer (LiC), Breast Cancer (BreC), Colorectal Cancer (CC), and Bladder Cancer (BlaC) with T2D. Furthermore we found KIF4A, NUSAP1, CENPF, CCNB1, TOP2A, CCNB2, RRM2, HMMR, NDC80, NCAPG, and IGFBP5 common hub proteins among different cancers correlated to T2D. AGE-RAGE signaling pathway in diabetic complications, Osteoclast differentiation, TNF signaling pathway, IL-17 signaling pathway, p53 signaling pathway, MAPK signaling pathway, Human T-cell leukemia virus 1 infection, and Non-alcoholic fatty liver disease are the 8 most significant pathways found among 18 common pathways between T2D and selected cancers. As a result of our technique, we now know more about disease pathways that are critical between T2D and cancer. © 2023 Elsevier B.V., All rights reserved.","Bioinformatics; Cancer; Gene Set Enrichment Analysis; Pathway; Semantic Similarity; Type 2 Diabetes; Mitogen Activated Protein Kinase; Kinesin; Kif4a Protein, Human; Kinesins; Interleukin 17; Mitogen Activated Protein Kinase; Ndc80 Complex; Nuclear Protein; Protein Ccnb1; Protein Ccnb2; Protein Cenpf; Protein Hmmr; Protein Igfbp5; Protein Kif4a; Protein Ncapg; Protein Nusap1; Protein P53; Protein Rrm2; Protein Top2a; Tumor Necrosis Factor; Unclassified Drug; Kif4a Protein, Human; Kinesin; Transcriptome; Age Rage Signaling Pathway; Article; Bioinformatics; Bladder Cancer; Breast Cancer; Clinical Article; Colorectal Cancer; Comorbidity; Comparative Study; Controlled Study; Differential Gene Expression; Disease Association; Gene Expression; Gene Ontology; Gene Set Enrichment Analysis; Genetic Identification; Genetic Selection; Htlv-1 Infection; Human; Interleukin Signaling; Liver Cancer; Malignant Neoplasm; Mapk Signaling; Molecular Biology; Non Insulin Dependent Diabetes Mellitus; Nonalcoholic Fatty Liver; Osteoclastogenesis; P53 Signaling; Pathogenesis; Protein Protein Interaction; Semantics; Signal Transduction; Tnf Signaling; Transcriptomics; Gene Expression Profiling; Genetics; Liver Tumor; Pathology; Procedures; Comorbidity; Computational Biology; Diabetes Mellitus, Type 2; Gene Expression Profiling; Humans; Kinesins; Liver Neoplasms; Transcriptome"
"Female and male obese Zucker rats display differential inflammatory mediator and long non-coding RNA profiles","2023","Life Sciences","10.1016/j.lfs.2023.122285","https://www.scopus.com/inward/record.uri?eid=2-s2.0-85178512827&doi=10.1016%2Fj.lfs.2023.122285&partnerID=40&md5=deea38b27dbaf08f37bd4723c7d14d42","Aims: The goal of this study was to identify mediators in peri-lymphatic adipose tissue (PLAT) that are altered in obese versus lean Zucker rats, with focus on potential sex differences Main methods: Mesenteric PLAT was analyzed with protein and lncRNA arrays. Additional RT-PCR confirmation was performed with epididymal/ovarian fat. Key findings: MCP-1, TCK-1, Galectin-1, Galectin-3, and neuropilin-1 were elevated in PLAT from obese rats of both sexes. However, 11 additional proteins were elevated only in obese males while 24 different proteins were elevated in obese females. Profiling of lncRNAs revealed lean males have elevated levels of NEAT1, MALAT1 and GAS5 compared to lean females. NEAT1, MALAT1, and GAS5 were significantly reduced with obesity in males but not in females. Another lncRNA, HOTAIR, was higher in lean females compared to males, and its levels in females were reduced with obesity. Obese rats of both sexes had similar histologic findings of mesenteric macrophage crown-like structures and hepatocyte fat accumulation. Significance: While obese male and female Zucker rats both have increased inflammation, they have distinct signals. Future studies of the proteome and lncRNA landscape of obese males vs. females in various animal models and in human subjects are warranted to better guide development of therapeutics for obesity-induced inflammation. © 2023 Elsevier B.V., All rights reserved.","Adipose; Inflammation; Long Non-coding Rna; Metabolic Syndrome; Obesity; Galectin 1; Galectin 3; Neuropilin 1; Protein; Inflammation Mediators; Rna, Long Noncoding; Galectin 1; Galectin 3; Long Untranslated Rna; Monocyte Chemotactic Protein 1; Neuropilin 1; Protein; Proteome; Tck 1 Protein; Unclassified Drug; Autacoid; Adipose Tissue; Animal Cell; Animal Experiment; Animal Model; Animal Tissue; Article; Controlled Study; Epididymis; Female; Gas5 Gene; Gender; Gene; Histopathology; Hotair Gene; Inflammation; Lean Body Weight; Lipid Storage; Liver Cell; Macrophage; Malat1 Gene; Male; Mesentery; Metabolic Syndrome X; Neat1 Gene; Nonhuman; Obesity; Ovary; Peri-lymphatic Adipose Tissue; Protein Analysis; Rat; Reverse Transcription Polymerase Chain Reaction; Sex Difference; Tissue Level; Zucker Rat; Animal; Genetics; Human; Metabolism; Adipose Tissue; Animals; Female; Humans; Inflammation; Inflammation Mediators; Male; Obesity; Rats; Rats, Zucker; Rna, Long Noncoding"
"Lactoferrin ameliorates carfilzomib-induced renal and pulmonary deficits: Insights to the inflammasome NLRP3/NF-κB and PI3K/Akt/GSK-3β/MAPK axes","2023","Life Sciences","10.1016/j.lfs.2023.122245","https://www.scopus.com/inward/record.uri?eid=2-s2.0-85178205186&doi=10.1016%2Fj.lfs.2023.122245&partnerID=40&md5=9229f0a0d4f0f288c6b77662b14865a1","Aims: Carfilzomib, an irreversible proteasome inhibitor, has been increasingly used to treat multiple myeloma worldwide. However, case studies showed its treatment has been associated with cardiac, renal, and pulmonary deleterious effects. Lactoferrin is an iron-binding glycoprotein present in milk. It is a multifunctional protein with antimicrobial activity, antitumor, antioxidant, and anti-inflammatory effects. Thus, this study aimed to assess the protective effects of lactoferrin against carfilzomib-induced nephrotoxicity and pulmonary toxicity, in addition to identifying the possible underlying molecular mechanisms. Main methods: Mice were treated with lactoferrin (300 mg/kg/day) concomitantly with carfilzomib (4 mg/kg, i.p.) twice weekly for three weeks. Kidney and lung indices, serum creatinine, blood urea nitrogen (BUN), uric acid, kidney injury molecule-1 (KIM-1), lactate dehydrogenase (LDH), aspartate aminotransferase (AST), alkaline phosphatase (ALP), and histological examination were assessed. In addition, biochemical analyses of the inflammasome NLRP3/NF-κB and PI3K/Akt/GSK-3β/MAPK axes were conducted. Key findings: Treatment with lactoferrin decreased serum levels of creatinine, BUN, uric acid, KIM-1, ALP, AST, and LDH and reversed carfilzomib-induced histological changes in both kidney and lung. The inflammatory markers NLRP3, p65 NF-kB, caspases1, interleukin-1β, and interleukin-18, as well as the MAPK signaling pathway, were significantly reduced in renal and pulmonary tissues of mice following lactoferrin administration. Moreover, lactoferrin significantly counteracted carfilzomib-induced reduced expression of pAkt and pGSK-3β in both renal and pulmonary tissues. Significance: The current study suggests lactoferrin might be a promising candidate for ameliorating carfilzomib-induced nephrotoxicity and pulmonary toxicity. © 2023 Elsevier B.V., All rights reserved.","Carfilzomib; Kidney; Lactoferrin; Lung; Nlrp3/nf-κb, Pi3k/akt/gsk-3β/mapk; Alkaline Phosphatase; Aspartate Aminotransferase; Carfilzomib; Caspase; Creatinine; Glycogen Synthase Kinase 3alpha; Glycogen Synthase Kinase 3beta; Interleukin 18; Lactate Dehydrogenase; Lactate Dehydrogenase A; Lactoferrin; Mitogen Activated Protein Kinase; Phosphatidylinositol 3 Kinase; Protein Kinase B; Uric Acid; Carfilzomib; Glycogen Synthase Kinase 3 Beta; Inflammasomes; Lactoferrin; Nf-kappa B; Nlr Family, Pyrin Domain-containing 3 Protein; Phosphatidylinositol 3-kinases; Proto-oncogene Proteins C-akt; Uric Acid; Alkaline Phosphatase; Aspartate Aminotransferase; Carfilzomib; Caspase; Creatinine; Cryopyrin; Glycogen Synthase Kinase 3beta; Hepatitis A Virus Cellular Receptor 1; Immunoglobulin Enhancer Binding Protein; Interleukin 18; Interleukin 1beta; Lactate Dehydrogenase; Lactoferrin; Mitogen Activated Protein Kinase; Phosphatidylinositol 3 Kinase; Protein Kinase B; Uric Acid; Inflammasome; Animal Experiment; Animal Model; Animal Tissue; Article; Biochemistry; Controlled Study; Creatinine Blood Level; Histology; Kidney Tissue; Lung Parenchyma; Lung Toxicity; Male; Mouse; Nephrotoxicity; Nonhuman; Protein Phosphorylation; Signal Transduction; Urea Nitrogen Blood Level; Animal; Kidney; Lung; Metabolism; Animals; Glycogen Synthase Kinase 3 Beta; Inflammasomes; Kidney; Lactoferrin; Lung; Mice; Nf-kappa B; Nlr Family, Pyrin Domain-containing 3 Protein; Phosphatidylinositol 3-kinases; Proto-oncogene Proteins C-akt; Uric Acid"
"Differentiation-inducing factor-1 reduces lipopolysaccharide-induced vascular cell adhesion molecule-1 by suppressing mTORC1-S6K signaling in vascular endothelial cells","2023","Life Sciences","10.1016/j.lfs.2023.122278","https://www.scopus.com/inward/record.uri?eid=2-s2.0-85177982749&doi=10.1016%2Fj.lfs.2023.122278&partnerID=40&md5=e1737a361d84a3969806d2a4cc53f09e","Aims: Differentiation-inducing factor-1 (DIF-1), a compound in Dictyostelium discoideum, exhibits anti-cancer effects by inhibiting cell proliferation and motility of various mammalian cancer cells in vitro and in vivo. In addition, DIF-1 suppresses lung colony formation in a mouse model, thus impeding cancer metastasis. However, the precise mechanism underlying its anti-metastatic effect remains unclear. In the present study, we aim to elucidate this mechanism by investigating the adhesion of circulating tumor cells to blood vessels using in vitro and in vivo systems. Main methods: Melanoma cells (1.0 × 105 cells) were injected into the tail vein of 8-week-old male C57BL/6 mice after administration of DIF-1 (300 mg/kg per day) and/or lipopolysaccharide (LPS: 2.5 mg/kg per day). To investigate cell adhesion and molecular mechanisms, cell adhesion assay, western blotting, immunofluorescence staining, and flow cytometry were performed. Key findings: Intragastric administration of DIF-1 suppressed lung colony formation. DIF-1 also substantially inhibited the adhesion of cancer cells to human umbilical vein endothelial cells. Notably, DIF-1 did not affect the expression level of adhesion-related proteins in cancer cells, but it did decrease the expression of vascular cell adhesion molecule-1 (VCAM-1) in human umbilical vein endothelial cells by suppressing its mRNA-to-protein translation through inhibition of mTORC1-p70 S6 kinase signaling. Significance: DIF-1 reduced tumor cell adhesion to blood vessels by inhibiting mTORC1-S6K signaling and decreasing the expression of adhesion molecule VCAM-1 on vascular endothelial cells. These findings highlight the potential of DIF-1 as a promising compound for the development of anti-cancer drugs with anti-metastatic properties. © 2023 Elsevier B.V., All rights reserved.","Cell Adhesion; Differentiation-inducing Factor-1; Mammalian Target Of Rapamycin Complex 1; Metastasis; Ribosomal Protein S6 Kinase; Vascular Cell Adhesion Molecule-1; Doublecortin Like Kinase 1; Endothelial Leukocyte Adhesion Molecule 1; Germinal Center Kinase; Mammalian Target Of Rapamycin Complex 1; Mammalian Target Of Rapamycin Complex 2; Nima Related Kinase 1; Oncogene Protein V Akt; Oncogene Protein V Raf; Serine Threonine Protein Kinase 3; Serine Threonine Protein Kinase Ulk1; Serine/threonine Protein Kinase Wnk1; Protein; Lipopolysaccharides; Mechanistic Target Of Rapamycin Complex 1; Proteins; Vascular Cell Adhesion Molecule-1; Differentiation Inducing Factor; Differentiation Inducing Factor 1; Endothelial Leukocyte Adhesion Molecule 1; Immunoglobulin Enhancer Binding Protein; Integrin; Lipopolysaccharide; Mammalian Target Of Rapamycin Complex 1; Messenger Rna; Protein P70; S6 Kinase; Unclassified Drug; Vascular Cell Adhesion Molecule 1; Protein; Animal Experiment; Animal Model; Animal Tissue; Antineoplastic Activity; Article; Blood Vessel; C57bl 6 Mouse; Cancer Cell; Cell Adhesion; Cell Adhesion Assay; Circulating Tumor Cell; Colony Formation; Controlled Study; Dictyostelium Discoideum; Drug Mechanism; Extracellular Matrix; Flow Cytometry; Human; Human Cell; Immunofluorescence; In Vitro Study; In Vivo Study; Male; Melanoma Cell; Molecular Mechanics; Mouse; Nf Kb Signaling; Nonhuman; Protein Expression Level; Protein Processing; Protein Synthesis; Signal Transduction; Umbilical Vein Endothelial Cell; Vascular Endothelial Cell; Western Blotting; Animal; C57bl Mouse; Cell Differentiation; Dictyostelium; Mammal; Metabolism; Animals; Cell Adhesion; Cell Differentiation; Human Umbilical Vein Endothelial Cells; Humans; Lipopolysaccharides; Male; Mammals; Mechanistic Target Of Rapamycin Complex 1; Mice; Mice, Inbred C57bl; Proteins; Vascular Cell Adhesion Molecule-1"
"Targeting GAS6/AXL signaling improves the response to immunotherapy by restoring the anti-immunogenic tumor microenvironment in gastric cancer","2023","Life Sciences","10.1016/j.lfs.2023.122230","https://www.scopus.com/inward/record.uri?eid=2-s2.0-85177886242&doi=10.1016%2Fj.lfs.2023.122230&partnerID=40&md5=68d5198cc26c97ffbfab280c1b253052","Aims: Immunotherapy has shown remarkable effects on several malignancies; however, its impact on gastric cancers has been limited. Therefore, a novel strategy to overcome resistance to immunotherapy is required. In this study, we compared the gene expression profiles of two murine GC cell lines that exhibited different effects on tumor immunity. The functions of specific genes related to negative tumor immunity and the impact of a specific inhibitor were evaluated in syngeneic GC mouse models. Materials and methods: RT-PCR and Western blotting validated Gas6 and AXL expression in murine cell lines. RT-PCR compared YTN16 and YTN3 GC cell's impact on T cell activation. AXL, the receptor for GAS6 in YTN16, was validated by western blotting. Gas6 was inhibited in YTN16 cells using shRNA, and then the gene expression pattern, effects to T cell activation, and tumor growth were assessed. YTN16 cells were injected into mice and treated with CCB-3233, anti-PD-1 antibody, or both. Immunohistochemistry and flow cytometry evaluated tumor-infiltrating immune cells. Key findings: YTN16 cells expressed more Gas6 and had reduced T cell activation compared to YTN3 cells. AXL activation was higher in YTN16. CCB-3233 reduced AXL phosphorylation. Knocking down Gas6 in YTN16 reduced immunosuppression-related genes and increased tumor-infiltrating T cells. Combined CCB-3233 and anti-PD-1 treatment reduced tumor growth and increased T-cell infiltration. Human GC data revealed a negative correlation between GAS6 and immune activation-related genes. Significance: The GAS6/AXL pathway contributes to immunotherapy resistance in GC. Targeting this pathway may be a novel therapeutic strategy. © 2023 Elsevier B.V., All rights reserved.","Gastric Cancer; Growth Arrest-specific 6; Immune Checkpoint Inhibitor; Syngeneic Mouse; Tumor Immunity; Protein Tyrosine Kinase; Axl Receptor Tyrosine Kinase; Proto-oncogene Proteins; Receptor Protein-tyrosine Kinases; Ccb 3233; Antineoplastic Agent; Axl Receptor Tyrosine Kinase; Ccb 3233; Ccb 3233; Growth Arrest Specific Protein 6; Immune Checkpoint Inhibitor; Unclassified Drug; Protein Tyrosine Kinase; Proto Oncogene Protein; Animal Cell; Animal Experiment; Animal Model; Animal Tissue; Antineoplastic Activity; Article; Cancer Immunotherapy; Cancer Inhibition; Cancer Resistance; Controlled Study; Correlation Analysis; Down Regulation; Flow Cytometry; Gastric Cancer Cell Line; Gene Expression Profiling; Gene Knockdown; Human; Immune-related Gene; Immunohistochemistry; Lymphocytic Infiltration; Molecularly Targeted Therapy; Mouse; Nonhuman; Protein Expression; Protein Phosphorylation; Real Time Polymerase Chain Reaction; Signal Transduction; Stomach Cancer; T Lymphocyte Activation; Treatment Response; Tumor Immunity; Tumor Immunogenicity; Tumor Microenvironment; Western Blotting; Ytn16 Gastric Cancer Cell Line; Ytn3 Gastric Cancer Cell Line; Animal; Genetics; Immunotherapy; Metabolism; Pathology; Stomach Tumor; Animals; Axl Receptor Tyrosine Kinase; Humans; Immunotherapy; Mice; Proto-oncogene Proteins; Receptor Protein-tyrosine Kinases; Stomach Neoplasms; Tumor Microenvironment"
"Electrical carotid sinus nerve stimulation attenuates experimental colitis induced by acetic acid in rats","2023","Life Sciences","10.1016/j.lfs.2023.122281","https://www.scopus.com/inward/record.uri?eid=2-s2.0-85177874189&doi=10.1016%2Fj.lfs.2023.122281&partnerID=40&md5=6d0ec1577bf50b2f2bad637a2c9ffbb7","Aims: The carotid bodies are sensors that detect physiological signals and convey them to the central nervous system, where the stimuli are processed inducing reflexes through efferent pathways. Recent studies have demonstrated that electrical stimulation of the carotid sinus nerve (CSN) triggers the anti-inflammatory reflex under different conditions. However, whether this electrical stimulation attenuates colitis was never examined. This study aimed to evaluate if the electrical CSN stimulation attenuates the experimental colitis induced by intrarectal administration of acetic acid in rats. Methods: Electrodes were implanted around the CSN to stimulate the CSN, and a catheter was inserted into the left femoral artery to record the arterial pressure. The observation of hypotensive responses confirmed the effectiveness of the electrical CNS stimulation. This maneuver was followed by a 4 % acetic acid or saline administered intrarectally. After 24 h, colons were segmented into distal and proximal parts for macroscopy, histological and biochemical assessment. Key findings: As expected, the electrical CSN stimulation was effective in decreasing arterial pressure in saline and colitis rats. Moreover, electrical CSN stimulation effectively reduced colonic tissue lesions, colitis scores, and histopathologic parameters associated with colitis. In addition, the CSN stimulation also reduced the colonic mucosa pro-inflammatory cytokine interleukin-1 beta, and increased the anti-inflammatory interleukin-10, in rats submitted to colitis. Significance: These findings indicated that electrical CSN stimulation breaks the vicious cycle of local colon inflammation in colitis, which might contribute to its better outcome. © 2023 Elsevier B.V., All rights reserved.","Carotid Sinus Nerve; Colitis; Electrical Stimulation; Histological Damage; Inflammation; Acetic Acid; Sodium Chloride; Acetic Acid; Anti-inflammatory Agents; Pierce Bca Protein Assay Kit; Acetic Acid; Interleukin 10; Interleukin 1beta; Sodium Chloride; Antiinflammatory Agent; Adult; Animal Cell; Animal Experiment; Animal Model; Animal Tissue; Arterial Pressure; Article; Ascending Colon; Biochemical Analysis; Blood Pressure Measurement; Carotid Sinus Nerve; Clinical Outcome; Controlled Study; Descending Colon; Down Regulation; Efferent Nerve; Electrode Implantation; Electrostimulation; Experimental Colitis; Femoral Artery; Hemodynamics; Histopathology; Hypotension; Male; Nerve Stimulation; Nonhuman; Rat; Rat Model; Rectal Drug Administration; Therapy Effect; Tissue Injury; Treatment Response; Upregulation; Animal; Carotid Sinus; Colitis; Physiology; Reflex; Acetic Acid; Animals; Anti-inflammatory Agents; Carotid Sinus; Colitis; Electric Stimulation; Rats; Reflex"
"Exploring Lin28 proteins: Unravelling structure and functions with emphasis on nervous system malignancies","2023","Life Sciences","10.1016/j.lfs.2023.122275","https://www.scopus.com/inward/record.uri?eid=2-s2.0-85177873155&doi=10.1016%2Fj.lfs.2023.122275&partnerID=40&md5=b2de49a31a8a1385c3a680a9c7d2ca42","Cancer and stem cells share many characteristics related to self-renewal and differentiation. Both cell types express the same critical proteins that govern cellular stemness, which provide cancer cells with the growth and survival benefits of stem cells. LIN28 is an example of one such protein. LIN28 includes two main isoforms, LIN28A and LIN28B, with diverse physiological functions from tissue development to control of pluripotency. In addition to their physiological roles, LIN28A and LIN28B affect the progression of several cancers by regulating multiple cancer hallmarks. Altered expression levels of LIN28A and LIN28B have been proposed as diagnostic and/or prognostic markers for various malignancies. This review discusses the structure and modes of action of the different LIN28 proteins and examines their roles in regulating cancer hallmarks with a focus on malignancies of the nervous system. This review also highlights some gaps in the field that require further exploration to assess the potential of targeting LIN28 proteins for controlling cancer. © 2023 Elsevier B.V., All rights reserved.","Biomarker; Cancer Hallmarks; Lin28a; Lin28b; Lin28b-s; Nervous System Cancers; Dna-binding Proteins; Micrornas; Let 7 Protein; Lin28 Protein; Lin28a Protein; Lin28b Protein; Rna Binding Protein; Unclassified Drug; Dna Binding Protein; Microrna; Atypical Teratoid Rhabdoid Tumor; Cancer Diagnosis; Cancer Prognosis; Cancer Resistance; Carcinogenesis; Carcinogenicity; Cell Death; Cell Differentiation; Cell Growth; Cell Maturation; Cell Metabolism; Cell Stemness; Embryonal Tumor With Multilayered Rosette; Glioma; Human; Inflammation; Medulloblastoma; Metastasis; Nervous System Cancer; Neuroblastoma; Nonhuman; Oncogene; Pluripotent Stem Cell; Review; Stem Cell Self-renewal; Tumor Invasion; Metabolism; Neoplasm; Nervous System Tumor; Stem Cell; Dna-binding Proteins; Humans; Micrornas; Neoplasms; Nervous System Neoplasms; Stem Cells"
"Adoptive transfer of immature dendritic cells with high HO-1 expression delays the onset of T1DM in NOD mice","2023","Life Sciences","10.1016/j.lfs.2023.122273","https://www.scopus.com/inward/record.uri?eid=2-s2.0-85177837681&doi=10.1016%2Fj.lfs.2023.122273&partnerID=40&md5=e471925c81a07ca777f3a39580f2ea65","Aims: To investigate the potential of imDCs with high expression of HO-1 in preventing or delaying the onset of Type 1 diabetes mellitus (T1DM) in non-obese diabetic (NOD) mice. Materials and methods: The phenotypic features of DCs in each group were assessed using flow cytometry. Western blot analysis was used to confirm the high expression of HO-1 in imDCs induced with CoPP. Additionally, flow cytometry was used to evaluate the suppressive capacity of CoPP-induced imDCs on splenic lymphocyte proliferation. Finally, the preventive effect of CoPP-induced imDCs was tested in NOD mice. Key findings: Compared to imDCs, CoPP-induced imDCs exhibited a reduced mean fluorescence intensity (MFI) of the co-stimulatory molecule CD80 on their surface (P < 0.05) and significantly increased HO-1 protein expression (P < 0.05). Following LPS stimulation, the MFI of co-stimulatory molecules CD80 and CD86 on the surface of CoPP-induced imDCs remained at a lower level (P < 0.05). Furthermore, there was a reduced proliferation rate of lymphocytes stimulated with anti-CD3/28 antibodies. The adoptive transfer of CoPP-imDCs significantly reduced the incidence of T1DM (16.66 % vs. control group: 66.67 %, P = 0.004). Furthermore, at 15 weeks of age, the insulitis score was also decreased in the CoPP-induced imDC treatment group (P < 0.05). There were no significant differences in serum insulin levels among all groups. Significance: ImDCs induced with CoPP and exhibiting high expression of HO-1 demonstrate a robust ability to inhibit immune responses and effectively reduce the onset of diabetes in NOD mice. This finding suggests that CoPP-induced imDCs could potentially serve as a promising treatment strategy for T1DM. © 2023 Elsevier B.V., All rights reserved.","Autoimmunity; Dendritic Cell; Heme Oxygenase-1; Immunotherapy; Non-obese Diabetic Mice; Type 1 Diabetes Mellitus; Heme Oxygenase-1; B7 Antigen; Cd86 Antigen; Heme Oxygenase 1; Lipopolysaccharide; Animal Cell; Animal Experiment; Animal Model; Animal Tissue; Article; Cell Activity; Cell Function; Cell Proliferation; Cell Transfer; Controlled Study; Dendritic Cell; Disease Course; Flow Cytometry; Fluorescence Intensity; Incidence; Insulin Dependent Diabetes Mellitus; Lymphocyte Proliferation; Male; Mouse; Nonhuman; Nonobese Diabetic Mouse; Pancreas Islet Beta Cell; Phenotypic Variation; Protein Expression; Spleen Lymphocyte; T Lymphocyte; Adoptive Transfer; Animal; Cell Culture; Metabolism; Adoptive Transfer; Animals; Cells, Cultured; Dendritic Cells; Diabetes Mellitus, Type 1; Heme Oxygenase-1; Mice; Mice, Inbred Nod"
"Synergetic impact of combined navoximod with cisplatin mitigates chemo-immune resistance via blockading IDO1+ CAFs-secreted Kyn/AhR/IL-6 and pol ζ-prevented CIN in human oral squamous cell carcinoma","2023","Life Sciences","10.1016/j.lfs.2023.122239","https://www.scopus.com/inward/record.uri?eid=2-s2.0-85177832195&doi=10.1016%2Fj.lfs.2023.122239&partnerID=40&md5=14df8274749d6a4ab42bf2abe6f64193","Oral squamous cell carcinoma (OSCC) is the most prevalent aggressive form of HNSC and treated with platinum-based chemotherapy as initial therapy. However, the development of acquired resistance and neurotoxicity to platinum agents poses a significant challenge to treat locally advanced OSCC. Notably, IDO1+ CAFs could promote immunosuppressive TME for OSCC progression. Therefore, we developed a potent IDO1 inhibitor navoximod to overcome chemo-immune resistance via an antitumor immune effect synergized with cisplatin in SCC-9 co-cultured IDO1+/IDO1− CAFs and SCC-7/IDO1+ CAFs-inoculated mice. The in vitro biological assays on IDO1+ CAFs co-cultured OSCC cancer cells supported that combined navoximod with cisplatin could mitigate chemo-immune resistance through blockading IDO1+ CAFs-secreted kynurenine (Kyn)-aryl hydrocarbon receptor (AhR)-IL-6 via suppressing p-STAT3/NF-κB signals and ceasing AhR-induced loss of pol ζ-caused chromosomal instability (CIN). Moreover, the combination elicited antitumor immunity via reducing IDO1+ CAFs-secreted Kyn/AhR and conferring pol ζ in SCC-7/IDO1+ CAFs-inoculated BALB/c mice. Meanwhile, the combination could block cisplatin-induced neurotoxicity and not interfere with chemotherapy. Taken together, the study investigated the promising therapeutic potential of combined navoximod with cisplatin to mitigate tumoral immune resistance via alleviating IDO1+ CAFs-secreted immune-suppression and CIN-caused cisplatin resistance, providing a paradigm for combined chemo-immunotherapy to prolong survival in patients with OSCC. © 2023 Elsevier B.V., All rights reserved.","Cin; Cisplatin Resistance; Ido1/kyn/ahr/il-6; Navoximod; Oscc; Carboplatin; Chlorpromazine; Cisplatin; Dna Polymerase; Genistein; Indoleamine 2,3 Dioxygenase; Kynurenine; Navoximod; Wortmannin; Navoximod; Cisplatin; Indoleamine-pyrrole 2,3,-dioxygenase; Interleukin-6; Kynurenine; Navoximod; Receptors, Aryl Hydrocarbon; Aromatic Hydrocarbon Receptor; Carboplatin; Chlorpromazine; Cisplatin; Dna Polymerase; Genistein; Indoleamine 2,3 Dioxygenase; Indoleamine 2,3 Dioxygenase Inhibitor; Interleukin 6; Kynurenine; Navoximod; Platinum Derivative; Stat3 Protein; Wortmannin; Adult; Animal Experiment; Animal Model; Animal Tissue; Antineoplastic Activity; Article; Balb Cby Mouse; Cancer Associated Fibroblast; Chromosomal Instability; Cisplatin-resistant Cell Line; Coculture; Combination Chemotherapy; Comparative Effectiveness; Controlled Study; Correlation Analysis; Drug Activity; Drug Sensitivity; Female; Human; Human Cell; Ic50; In Vitro Study; In Vivo Study; Male; Monotherapy; Mouse; Mouth Squamous Cell Carcinoma; Nf Kb Signaling; Nonhuman; Scc-9 Cell Line; Synergistic Effect; Tumor Immunity; Xenograft; Zebra Fish; Animal; Head And Neck Squamous Cell Carcinoma; Head And Neck Tumor; Mouth Tumor; Squamous Cell Carcinoma; Animals; Carcinoma, Squamous Cell; Cisplatin; Head And Neck Neoplasms; Humans; Indoleamine-pyrrole 2,3,-dioxygenase; Interleukin-6; Kynurenine; Mice; Mouth Neoplasms; Receptors, Aryl Hydrocarbon; Squamous Cell Carcinoma Of Head And Neck"
"Osteoporosis in polycystic ovary syndrome (PCOS) and involved mechanisms","2023","Life Sciences","10.1016/j.lfs.2023.122280","https://www.scopus.com/inward/record.uri?eid=2-s2.0-85177748246&doi=10.1016%2Fj.lfs.2023.122280&partnerID=40&md5=77c6334fec5909c76f5333db357a3c61","Polycystic Ovary Syndrome (PCOS) and osteoporosis, though seemingly unrelated, exhibit intricate connections influenced by genetic and epigenetic factors. PCOS, characterized by elevated androgen levels, insulin resistance, and increased body weight, has historically been considered protective against bone fragility disorders. However, emerging research suggests that chronic inflammation, prevalent in PCOS, can adversely affect bone health. Studies have demonstrated variable bone mineral density loss in PCOS, often associated with leptin resistance and hyperinsulinemia. Key genes such as INS, IGF1, CTNNB1, AKT1, and STAT3 play pivotal roles in the complex interplay between PCOS and osteoporosis, influencing insulin signaling, oxidative stress, and inflammatory pathways. Oxidative stress, a prominent element in PCOS, can lead to osteoporosis through hormonal imbalances, chronic inflammation, insulin resistance, and lifestyle factors. The insulin signaling pathway also significantly impacts both conditions by contributing to hormonal imbalances and bone health alterations. This intricate network of genetic and epigenetic factors underscores the need for a deeper understanding of their interrelationships. Thus, this review elucidates the multifaceted genetic, epigenetic, and inflammatory connections between PCOS and osteoporosis, highlighting their implications for bone health management in individuals with PCOS. © 2023 Elsevier B.V., All rights reserved.","Androgen; Epigenetics; Insulin Resistance; Osteoporosis; Polycystic Ovary Syndrome; Insulin; Phosphatidylinositol 3 Kinase; Protein Kinase B; Somatomedin C; Insulin; Androgen; Insulin; Phosphatidylinositol 3 Kinase; Protein Kinase B; Somatomedin C; Stat3 Protein; Transcription Factor Foxo; Bone Density; Clinical Feature; Dimerization; Disease Association; Disease Exacerbation; Epigenetics; Female; Human; Osteoporosis; Ovary Polycystic Disease; Oxidative Stress; Review; Risk Factor; Signal Transduction; Complication; Genetics; Hyperandrogenism; Inflammation; Insulin Resistance; Metabolism; Female; Humans; Hyperandrogenism; Inflammation; Insulin; Insulin Resistance; Osteoporosis; Polycystic Ovary Syndrome"
"Epigenomics in aortic dissection: From mechanism to therapeutics","2023","Life Sciences","10.1016/j.lfs.2023.122249","https://www.scopus.com/inward/record.uri?eid=2-s2.0-85177732502&doi=10.1016%2Fj.lfs.2023.122249&partnerID=40&md5=cf532f8d6fc9e01083f67efb388c2f02","Aortic dissection (AD) has an unfavorable prognosis. It requires early diagnosis, appropriate treatment strategies, and suspicion to recognize symptoms; thus, it is commonly described as an acute aortic emergency. The clinical manifestations of painless AD are complex and variable. However, there is no effective treatment to prevent the progression of AD. Therefore, study of the molecular targets and mechanisms of AD to enable prevention or early intervention is particularly important. Although multiple gene mutations have been proposed as linked to AD development, evidence that multiple epigenetic elements are strongly associated is steadily increasing. These epigenetic processes include DNA methylation, N6-methyladenosine, histone modification, non-histone posttranslational modification, and non-coding RNAs (ncRNAs). Among these processes, resveratrol targeting Sirtuin 1 (SIRT1), 5-azacytidine (5azaC) targeting DNA methyltransferase (DNMT), and vitamin C targeting ten-eleven translocation 2 (Tet2) showed unique advantages in improving AD and vascular dysfunction. Finally, we explored potential epigenetic drugs and diagnostic methods for AD, which might provide options for the future. © 2023 Elsevier B.V., All rights reserved.","Aortic Dissection; Dna Methylation; Epigenetic Therapy; Histone Modification; Non-coding Rnas; 6 N Methyladenosine; Ascorbic Acid; Azacitidine; Dna Methyltransferase; Resveratrol; 6 N Methyladenosine; Ascorbic Acid; Azacitidine; Dna Methyltransferase; Resveratrol; Sirtuin 1; Untranslated Rna; Aortic Dissection; Dna Demethylation; Epigenetics; Epigenome; Genetic Epigenesis; Histone Demethylation; Histone Methylation; Histone Modification; Human; Phosphorylation; Protein Processing; Review; Aorta; Dna Methylation; Genetics; Aorta; Aortic Dissection; Dna Methylation; Epigenesis, Genetic; Epigenomics; Humans"
"GMI, a Ganoderma microsporum protein, abolishes focal adhesion network to reduce cell migration and metastasis of lung cancer","2023","Life Sciences","10.1016/j.lfs.2023.122255","https://www.scopus.com/inward/record.uri?eid=2-s2.0-85177494399&doi=10.1016%2Fj.lfs.2023.122255&partnerID=40&md5=ba8f91b914bcf4ff848a678796ceaeae","Background: Cancer metastasis is a major cause of cancer-related deaths, emphasizing the urgent need for effective therapies. Although it has been shown that GMI, a fungal protein from Ganoderma microsporum, could suppress primary tumor growth in a wide spectrum of cancer types, it is still unclear whether GMI exhibits anti-metastasis properties, particularly in lung cancers. Further investigation is needed. Aims and objectives: The objective of this study is to investigate the potential inhibitory effects of GMI on lung cancer metastasis in vivo. Utilizing systematic and comprehensive approaches, our research aims to elucidate the underlying molecular mechanisms responsible for the anti-metastatic effects. Materials and methods: In vitro migration and cell adhesion assays addressed the epithelial-to-mesenchymal transition (EMT)-related phenotype. Proteomic and bioinformatic analyses identified the GMI-regulated proteins and cellular responses. GMI-treated LLC1-bearing mice were analyzed using IVIS Spectrum to assess the anti-metastatic effect. Key findings: GMI inhibits EMT as well as cell migration. GMI disrupts cell adhesion and downregulates integrin, resulting in inhibition of phosphorylated FAK. GMI induces macropinocytosis and lysosome-mediated degradation of integrin αv, α5, α6 and β1. GMI downregulates Slug via inhibition of FAK activity, which in turn enhances expressions of epithelial-related markers and decreases cell mobility. Mechanistically, GMI-induced FAK inhibition engenders MDM2 expression and enhances MDM2/p21/Slug complex formation, leading to Slug degradation. GMI treatment reduces the metastatic pulmonary lesion and prolongs the survival of LLC1-bearing mice. Significance: Our findings highlight GMI as a promising therapeutic candidate for metastatic lung cancers, offering potential avenues for further research and drug development. © 2023 Elsevier B.V., All rights reserved.","Focal Adhesion Kinase; Gmi; Integrin; Lung Cancer; Metastasis; Slug; Alpha6 Integrin; Fibronectin; Protein P21; Uvomorulin; Fv1000; Photonimager Optima; Alpha5 Integrin; Alpha6 Integrin; Antimetastatic Agent; Beta1 Integrin; Cd51 Antigen; Fibronectin; Focal Adhesion Kinase; Fungal Protein; Ganoderma Microsporum Immunomodulatory Protein; Mouse Double Minute 2 Homolog; Nerve Cell Adhesion Molecule; Plakoglobin; Protein P21; Transcription Factor Slug; Unclassified Drug; Uvomorulin; Vimentin; Animal Experiment; Animal Model; Animal Tissue; Article; Bioinformatics; Cancer Survival; Cell Adhesion; Cell Adhesion Assay; Cell Migration; Cell Motility; Complex Formation; Controlled Study; Down Regulation; Drug Effect; Drug Mechanism; Enzyme Inhibition; Enzyme Phosphorylation; Epithelial Mesenchymal Transition; Focal Adhesion; Human; Human Cell; In Vitro Study; In Vivo Study; Lung Metastasis; Lysosome; Macropinocytosis; Male; Metastasis Inhibition; Mouse; Nonhuman; Phenotype; Protein Degradation; Protein Expression; Proteomics; Tumor Burden; Upregulation; Animal; Cell Motion; Lung Tumor; Metabolism; Metastasis; Pathology; Tumor Cell Line; Animals; Cell Line, Tumor; Cell Movement; Epithelial-mesenchymal Transition; Focal Adhesions; Ganoderma Microsporum; Lung Neoplasms; Mice; Neoplasm Metastasis; Proteomics"
"Corrigendum to “Myocardin-related transcription factor A, regulated by serum response factor, contributes to diabetic cardiomyopathy in mice” [Life Sci., volume 317 (2023) 121470] (Life Sciences (2023) 317, (S0024320523001042), (10.1016/j.lfs.2023.121470))","2023","Life Sciences","10.1016/j.lfs.2023.122192","https://www.scopus.com/inward/record.uri?eid=2-s2.0-85177237377&doi=10.1016%2Fj.lfs.2023.122192&partnerID=40&md5=14db8554599085310613acbea034204c","The authors regret that an important source of funding for this study was not included at the time of publication. The funding source omitted was: 21KJB310018. This source of funding was used to maintain the animals in SPF environment, providing MRTF-A CKO and WT mice for HFD feeding. The authors would like to apologise for any inconvenience caused. © 2023 Elsevier B.V., All rights reserved.","Factor A; Myocardin; Serum Response Factor; Transcription Factor; Animal Experiment; Diabetic Cardiomyopathy; Erratum; Human; Mouse; Nonhuman; Wild Type Mouse; Complication; Etiology"
"The molecular mechanisms of glycosaminoglycan biosynthesis regulating chondrogenesis and endochondral ossification","2023","Life Sciences","10.1016/j.lfs.2023.122243","https://www.scopus.com/inward/record.uri?eid=2-s2.0-85177234662&doi=10.1016%2Fj.lfs.2023.122243&partnerID=40&md5=892f3a25e6a2361fa11daa484b3c3100","Disorders of chondrocyte differentiation and endochondral osteogenesis are major underlying factors in skeletal developmental disorders, including tibial dysplasia (TD), osteoarthritis (OA), chondrodysplasia (ACH), and multiple epiphyseal dysplasia (MED). Understanding the cellular and molecular pathogenesis of these disorders is crucial for addressing orthopedic diseases resulting from impaired glycosaminoglycan synthesis. Glycosaminoglycan is a broad term that refers to the glycan component of proteoglycan macromolecules. It is an essential component of the cartilage extracellular matrix and plays a vital role in various biological processes, including gene transcription, signal transduction, and chondrocyte differentiation. Recent studies have demonstrated that glycosaminoglycan biosynthesis plays a regulatory role in chondrocyte differentiation and endochondral osteogenesis by modulating various growth factors and signaling molecules. For instance, glycosaminoglycan is involved in mediating pathways such as Wnt, TGF-β, FGF, Ihh-PTHrP, and O-GlcNAc glycosylation, interacting with transcription factors SOX9, BMPs, TGF-β, and Runx2 to regulate chondrocyte differentiation and endochondral osteogenesis. To propose innovative approaches for addressing orthopedic diseases caused by impaired glycosaminoglycan biosynthesis, we conducted a comprehensive review of the molecular mechanisms underlying chondrocyte glycosaminoglycan biosynthesis, which regulates chondrocyte differentiation and endochondral osteogenesis. Our analysis considers the role of genes, glycoproteins, and associated signaling pathways during chondrogenesis and endochondral ossification. © 2023 Elsevier B.V., All rights reserved.","Chondrocytes; Endochondral Osteogenesis; Glycosaminoglycan, Chondrocyte Differentiation; Chondroitin; Chondroitin 4 Sulfate; Chondroitin Sulfate; Fibroblast Growth Factor; Glucose; Glucuronosyltransferase; Osteoclast Differentiation Factor; Osteoprotegerin; Phosphotransferase; Sulfotransferase; Transferase; Glycosaminoglycans; Transforming Growth Factor Beta; Bone Morphogenetic Protein; Chondroitin; Chondroitin 4 O Sulfotransferase 1; Chondroitin 4 Sulfate; Chondroitin Polymerization Factor; Chondroitin Sulfate; Chondroitin Sulfate Synthase 1; Fibroblast Growth Factor; Glucose; Glucuronosyltransferase; Glucuronosyltransferase 1; Glycoprotein; Glycosaminoglycan; Growth Factor; Osteoclast Differentiation Factor; Osteoprotegerin; Phosphotransferase; Receptor; Receptor Activator Of Nuclear Factor Kappa B; Sonic Hedgehog Protein; Sulfotransferase; Transcription Factor; Transcription Factor Runx2; Transcription Factor Sox9; Transferase; Transforming Growth Factor Beta; Unclassified Drug; Xyloglucosyl Kinase; Xylosyltransferase 1; Biosynthesis; Cell Differentiation; Chondrocyte; Chondrogenesis; Chondroprogenitor Cell; Enchondral Ossification; Extracellular Matrix; Genetic Transcription; Glycosylation; Hedgehog Signaling; Human; Mapk Signaling; Mesenchymal Stem Cell; Nonhuman; Review; Signal Transduction; Stem Cell; Tgf Beta Signaling; Transcription Regulation; Wnt Signaling; Bone Development; Metabolism; Physiology; Cell Differentiation; Chondrocytes; Chondrogenesis; Glycosaminoglycans; Osteogenesis; Transforming Growth Factor Beta"
"In silico and in vivo analysis of the relationship between ADHD and social isolation in pups rat model: Implication of redox mechanisms, and the neuroprotective impact of Punicalagin","2023","Life Sciences","10.1016/j.lfs.2023.122252","https://www.scopus.com/inward/record.uri?eid=2-s2.0-85177222242&doi=10.1016%2Fj.lfs.2023.122252&partnerID=40&md5=5bb2248572cb962c4ee4681914057204","Attention deficit hyperactivity disorder (ADHD) has high incidence rate among children which may be due to excessive monosodium glutamate (MSG) consumption and social isolation (SI). Aim: We aimed to explore the relationships between MSG, SI, and ADHD development and to evaluate the neuroprotective potential of Punicalagin (PUN). Methods: Eighty male rat pups randomly distributed into eight groups. Group I is the control, and Group II is socially engaged rats treated with PUN. Groups III to VII were exposed to ADHD-inducing factors: Group III to SI, Group IV to MSG, and Group V to both SI and MSG. Furthermore, Groups VI to VIII were the same Groups III to V but additionally received PUN treatment. Key findings: Exposure to MSG and/or SI led to pronounced behavioral anomalies, histological changes and indicative of ADHD-like symptoms in rat pups which is accompanied by inhibition of the nuclear factor erythroid 2-related factor 2 (Nrf2)/Heme-oxygenase 1 (HO-1)/Glutathione (GSH) pathway, decline of the brain-derived neurotrophic factor (BDNF) expression and activation of the Toll-like receptor 4 (TLR4)/Nuclear factor kappa B (NF-kB)/NLR Family Pyrin Domain Containing 3 (NLRP3) pathway. This resulted in elevated inflammatory biomarker levels, neuronal apoptosis, and disrupted neurotransmitter equilibrium. Meanwhile, pretreatment with PUN protected against all the previous alterations. Significance: We established compelling associations between MSG consumption, SI, and ADHD progression. Moreover, we proved that PUN is a promising neuroprotective agent against all risk factors of ADHD. © 2023 Elsevier B.V., All rights reserved.","Attention-deficit/hyperactivity Disorder; Neuroprotective; Oxidative Injury; Punicalagin; Social Isolation; Brain Derived Neurotrophic Factor; Dopamine; Glutamate Sodium; Glutamic Acid; Glutathione; Interleukin 1beta Converting Enzyme; Noradrenalin; Toll Like Receptor 4; Glutathione; Nf-e2-related Factor 2; Punicalagin; Sodium Glutamate; Punicalagin; Beta Actin; Biological Marker; Brain Derived Neurotrophic Factor; Cryopyrin; Dopamine; Glutamate Sodium; Glutamic Acid; Glutathione; Heme Oxygenase 1; Immunoglobulin Enhancer Binding Protein; Interleukin 1beta Converting Enzyme; Noradrenalin; Pomegranate Extract; Punicalagin; Toll Like Receptor 4; Transcription Factor Nrf2; Tumor Necrosis Factor; Unclassified Drug; Animal Cell; Animal Experiment; Animal Model; Animal Tissue; Article; Attention Deficit Hyperactivity Disorder; Bax Gene; Bcl 2 Gene; Behavior Assessment; Behavior Disorder; Beta Actin Gene; Brain Cortex; Caspase 1 Gene; Clinical Feature; Computer Model; Controlled Study; Corpus Striatum; Disease Course; Disease Exacerbation; Fascia Dentata; Gsh Signaling; Histopathology; Ho 1 Gene; Ho 1 Signaling; In Vivo Study; Male; Neuroapoptosis; Neuroprotection; Neurotransmission; Nf Kappab Gene; Nf Kb Signaling; Nlrp 3 Gene; Nlrp3 Signaling; Nonhuman; Nrf2 Gene; Nrf2 Signaling; Nucleotide Sequence; Oxidation Reduction Reaction; Oxidative Stress; Protein Expression; Rat; Risk Factor; Social Interaction; Social Isolation; Subiculum; Substantia Nigra; Tissue Structure; Tlr 4 Gene; Tlr4 Signaling; Animal; Child; Human; Metabolism; Animals; Attention Deficit Disorder With Hyperactivity; Child; Glutathione; Humans; Male; Nf-e2-related Factor 2; Oxidation-reduction; Oxidative Stress; Rats; Social Isolation; Sodium Glutamate"
"EVOO supplement prevents type 1 diabetes by modulating gut microbiota and serum metabolites in NOD mice","2023","Life Sciences","10.1016/j.lfs.2023.122274","https://www.scopus.com/inward/record.uri?eid=2-s2.0-85177182659&doi=10.1016%2Fj.lfs.2023.122274&partnerID=40&md5=1e6a1255a6eadba137793cb20a6c89f5","Aims: Extra virgin olive oil (EVOO) is the highest quality olive oil available and has been shown to regulate postprandial blood glucose in patients with type 1 diabetes (T1D). However, it remains uncertain whether EVOO can prevent the onset of T1D. In this study, we investigated the potential preventive effect of orally administered EVOO on T1D in non-obese diabetic (NOD) mice. Main methods: We analyzed changes in fecal microbes using 16 s rDNA sequencing and serum metabolites using Ultra High-Performance Liquid Chromatography and Quadrupole Time-of-Flight Mass Spectrometry (Q-TOF-MS). Key findings: Our findings showed that EVOO supplementation in NOD mice slowed gastric emptying, reduced insulitis, and delayed T1D onset. Moreover, EVOO altered the composition of fecal microbes, increasing the Bacteroidetes/Firmicutes ratio, and promoting the growth of short-chain fatty acids (SCFAs)-producing bacteria, such as Lachnoclostridium and Ruminococcaceae_UCG-005. Moreover, it also increased beneficial serum metabolites, including unsaturated fatty acid and triterpenoid, which positively correlated with the increased SCFA-producing bacteria and negatively correlated with the disease indicators. Conversely, most decreased serum lipid metabolites, such as Oleamide, showed the opposite trend. Significance: Our study demonstrates that EVOO may ameliorate pancreas inflammation and prevent T1D onset in NOD mice by modulating gut microbiota and serum metabolites. © 2023 Elsevier B.V., All rights reserved.","Diet; Extra Virgin Olive Oil; Metabolomics; Microbiome; Non-obese Diabetic Mice; Type 1 Diabetes; Myeloperoxidase; Oleamide; Olive Oil; Olive Oil; Dna 16s; Extra Virgin Olive Oil; Myeloperoxidase; Oleamide; Triterpenoid; Unsaturated Fatty Acid; Olive Oil; Animal Experiment; Animal Model; Animal Tissue; Article; Bacteroidetes; Controlled Study; Dna Sequencing; Enzyme Activity; Enzyme Linked Immunosorbent Assay; Female; Firmicutes; Flow Cytometry; Histopathology; Inflammation; Insulin Dependent Diabetes Mellitus; Insulitis; Intestine Flora; Lachnoclostridium; Metabolite; Metabolomics; Mouse; Nonhuman; Nonobese Diabetic Mouse; Oral Glucose Tolerance Test; Pancreatitis; Pathogenesis; Real Time Polymerase Chain Reaction; Ruminococcaceae; Sequence Analysis; Spleen; Stomach Emptying; Supplementation; Time Of Flight Mass Spectrometry; Ultra Performance Liquid Chromatography; Animal; Dietary Supplement; Human; Animals; Diabetes Mellitus, Type 1; Dietary Supplements; Gastrointestinal Microbiome; Humans; Mice; Mice, Inbred Nod; Olive Oil"
"Metacaspase (Pf MCA-1) as antimalarial drug target: An in silico approach and their biological validation","2023","Life Sciences","10.1016/j.lfs.2023.122271","https://www.scopus.com/inward/record.uri?eid=2-s2.0-85177181666&doi=10.1016%2Fj.lfs.2023.122271&partnerID=40&md5=e485e1919aa2313e9a510a5bfc273607","Aims: Acquired drug resistance of Plasmodium is a global issue for the treatment of malaria. There are various proteases in the genome of Plasmodium falciparum (P. falciparum) including metacaspase-1 (PfMCA-1) that are essential and are being considered as an attractive drug target. It is aimed to identify novel therapeutics against malaria and their action on PfMCA-1 along with other apoptotic pathway events. Main methods: High throughput virtual screening of 55,000 compounds derived from Maybridge library was performed against PfMCA-1. Based on the docking score, sixteen compounds were selected for in vitro antimalarial screening against drug sensitive and resistant strains of P. falciparum using SYBR green-based assay. Subsequently, three lead molecules were selected and subjected to the evaluation of cytotoxicity, caspase like protease activity, mitochondrial membrane potential, ROS generation and DNA fragmentation via TUNEL assay. Key findings: The in silico and in vitro approaches have brought forward some Maybridge library compounds with antiplasmodial activity most likely by enhancing the metacaspase activity. The compound CD11095 has shown better antimalarial efficacy, and KM06591 depicted higher caspase mediated killing, elevated TUNEL positive cells and moderate ROS generation. Mitochondrial membrane depolarization was augmented by RJC0069. Exposure of P. falciparum to CD11095, KM06591 and RJC0069 has ended up in parasite growth arrest via multiple mechanisms. Significance: It is proposed that the Maybridge molecules CD11095, KM06591 and RJC0069 have antimalarial activity. Their mechanism of action was found to be by enhancing the metacaspases-like protease activity, mitochondrial depolarization and DNA fragmentation which stipulates significant insights towards promising candidates for drug development. © 2023 Elsevier B.V., All rights reserved.","Apoptosis And Drug Discovery; Malaria; Maybridge Library; Metacaspase; Plasmodium; Caspase; Proteinase; Antimalarials; Caspases; Reactive Oxygen Species; Caspase; Proteinase; Reactive Oxygen Metabolite; Antimalarial Agent; Amino Acid Sequence; Article; Controlled Study; Cytotoxicity; Dna Fragmentation; Enzyme Activity; Gene; Gene Targeting; High Throughput Sequencing; High Throughput Virtual Screening; In Vitro Study; Mca1 Gene; Mitochondrial Membrane Potential; Molecular Docking; Nonhuman; Plasmodium Falciparum; Scoring System; Tunel Assay; Genetics; Human; Malaria; Parasitology; Antimalarials; Caspases; Humans; Malaria; Reactive Oxygen Species"
"Interleukin-1 receptor antagonist: An alternative therapy for cancer treatment","2023","Life Sciences","10.1016/j.lfs.2023.122276","https://www.scopus.com/inward/record.uri?eid=2-s2.0-85177180526&doi=10.1016%2Fj.lfs.2023.122276&partnerID=40&md5=f647ee328a7848b81502a8bdfc50bbb1","The interleukin-1 receptor antagonist (IL-1Ra) is an anti-inflammatory cytokine and a naturally occurring antagonist of the IL-1 receptor. It effectively counteracts the IL-1 signaling pathway mediated by IL-1α/β. Over the past few decades, accumulating evidence has suggested that IL-1 signaling plays an essential role in tumor formation, growth, and metastasis. Significantly, anakinra, the first United States Food and Drug Administration (FDA)-approved IL-1Ra drug, has demonstrated promising antitumor effects in animal studies. Numerous clinical trials have subsequently incorporated anakinra into their cancer treatment protocols. In this review, we comprehensively discuss the research progress on the role of IL-1 in tumors and summarize the significant contribution of IL-1Ra (anakinra) to tumor immunity. Additionally, we analyze the potential value of IL-1Ra as a biomarker from a clinical perspective. This review is aimed to highlight the important link between inflammation and cancer and provide potential drug targets for future cancer therapy. © 2023 Elsevier B.V., All rights reserved.","Cancer Immunotherapy; Clinical Value; Il-1 Signaling; Il-1ra; Inflammation; Anakinra; Bermekimab; Bevacizumab; Cisplatin; Dexamethasone; Fluoropyrimidine; Fluorouracil; Folinic Acid; Gemcitabine; Irinotecan; Lenalidomide; Mitogen Activated Protein Kinase; Oxaliplatin; Paclitaxel; Biomarkers; Interleukin 1 Receptor Antagonist Protein; Receptors, Interleukin-1; Anakinra; Bermekimab; Bevacizumab; Cisplatin; Dexamethasone; Fluoropyrimidine; Fluorouracil; Folinic Acid; Gemcitabine; Immunoglobulin Enhancer Binding Protein; Inflammasome; Interleukin 1; Interleukin 1 Receptor; Interleukin 6; Irinotecan; Lenalidomide; Mitogen Activated Protein Kinase; Orvacabtagene Autoleucel; Oxaliplatin; Paclitaxel; Stat3 Protein; Biological Marker; Interleukin 1 Receptor Blocking Agent; Angiogenesis; Antineoplastic Activity; B Cell Acute Lymphoblastic Leukemia; B Cell Lymphoma; Breast Cancer; Cancer Associated Fibroblast; Cancer Immunotherapy; Cancer Prognosis; Cancer Survival; Chimeric Antigen Receptor T-cell Immunotherapy; Chronic Lymphatic Leukemia; Colorectal Cancer; Diffuse Large B Cell Lymphoma; Experimental Animal; Hematologic Malignancy; Human; Il 1 Signaling; Inflammation; Low Drug Dose; Metastasis; Multiple Myeloma; Nonhuman; Pancreatic Ductal Carcinoma; Rectum Cancer; Review; Solid Tumor; Stroma Cell; Tumor Microenvironment; Animal; Neoplasm; Pathology; Animals; Biomarkers; Inflammation; Interleukin 1 Receptor Antagonist Protein; Neoplasms; Receptors, Interleukin-1"
"Identification of the role of MCM6 in bladder cancer prognosis, immunotherapy response, and in vitro experimental investigation using multi-omics analysis","2023","Life Sciences","10.1016/j.lfs.2023.122253","https://www.scopus.com/inward/record.uri?eid=2-s2.0-85176254481&doi=10.1016%2Fj.lfs.2023.122253&partnerID=40&md5=e4af8e7102b6dcaaee5a0236dccc2288","Background: The tumor-promoting effects of MCM6 in numerous tumors have been widely revealed, yet its specific role in bladder cancer (BLCA) is still elusive. The objective of this research was to explore the underlying impact of MCM6 on BLCA. Methods: Integrating transcriptomic and proteomic data, MCM6 was identified to be strongly correlated with BLCA through weighted gene co-expression network analysis(WGCNA) and venn analyses. Then, the clinical value of MCM6 was validated with public database data. The different molecular/immune characteristics and the benefit of immunotherapy were also found in MCM6-defined subgroups. Additionally, single-cell RNA sequencing (scRNA-seq) data was choose for quantify MCM6 expression in the distinct BLCA cell types. The biological role of MCM6 were evaluated via in vitro functional experiments. Results: It was testified that the MCM6 could distinguish patients outcome in TCGA and GEO cohorts. Moreover, compared with the MCM6 low-expression group, the MCM6 high-expression group was related to more tumor-promoting related pathways, aggressive phenotypes, and benefit from immunotherapy. Analysis of scRNA-seq data resulted in MCM6 was mainly expressed in BLCA epithelial cells and the proportion of MCM6-expressing tumor epithelial cells is higher than the normal epithelial cells. Moreover, vitro experiments demonstrated that MCM6 knockdown repressed proliferation, cell cycle, migration, and invasion of BLCA cells. Conclusion: This research indicated MCM6 is a promising marker for both prognosis and immunotherapy benefit and could promote the cells proliferation, invasion and migration in BLCA. © 2023 Elsevier B.V., All rights reserved.","Bioinformatics; Bladder Cancer; Immune Checkpoint Inhibitor Therapy; Mcm6; Vitro Functional Experiment; Mcm6 Protein, Human; Minichromosome Maintenance Complex Component 6; Immune Checkpoint Inhibitor; Immune Checkpoint Protein; Minichromosome Maintenance Protein 6; Mcm6 Protein, Human; Article; Bioinformatics; Bladder Cancer; Cancer Immunotherapy; Cancer Prognosis; Cell Migration; Cell Proliferation; Checkpoint Inhibitor Therapy; Controlled Study; Epithelium Cell; Gene Expression; Gene Knockdown; Gene Overexpression; Human; Human Cell; In Vitro Study; Multiomics; Network Analysis; Outcome Assessment; Phenotype; Protein Function; Quantitative Analysis; Single Cell Rna Seq; Transcriptomics; Validation Process; Bladder; Bladder Tumor; Genetics; Immunotherapy; Proteomics; Tumor Microenvironment; Humans; Immunotherapy; Minichromosome Maintenance Complex Component 6; Multiomics; Proteomics; Tumor Microenvironment; Urinary Bladder; Urinary Bladder Neoplasms"
"Targeting DNA methylation in diabetic kidney disease: A new perspective","2023","Life Sciences","10.1016/j.lfs.2023.122256","https://www.scopus.com/inward/record.uri?eid=2-s2.0-85176249569&doi=10.1016%2Fj.lfs.2023.122256&partnerID=40&md5=850347343a9e24250c93f2520c795a65","Diabetic kidney disease (DKD) is a leading diabetic complication causing significant mortality among people around the globe. People with poor glycemic control accompanied by hyperinsulinemia, dyslipidemia, hypertension, and obesity develop diabetic complications. These diabetic patients develop epigenetic changes and suffer from diabetic kidney complications even after subsequent glucose control, the phenomenon that is recognized as metabolic memory. DNA methylation is an essential epigenetic modification that contributes to the development and progression of several diabetic complications, including DKD. The aberrant DNA methylation pattern at CpGs sites within several genes, such as mTOR, RPTOR, IRS2, GRK5, SLC27A3, LCAT, and SLC1A5, associated with the accompanying risk factors exacerbate the DKD progression. Although drugs such as azacytidine and decitabine have been approved to target DNA methylation for diseases such as hematological malignancies, none have been approved for the treatment of DKD. More importantly, no DNA hypomethylation-targeting drugs have been approved for any disease conditions. Understanding the alteration in DNA methylation and its association with the disease risk factors is essential to target DKD effectively. This review has discussed the abnormal DNA methylation pattern and the kidney tissue-specific expression of critical genes involved in DKD onset and progression. Moreover, we also discuss the new possible therapeutic approach that can be exploited for treating DNA methylation aberrancy in a site-specific manner against DKD. © 2023 Elsevier B.V., All rights reserved.","Crispr-cas9; Diabetic Kidney Disease; Dna Methylation; Lncrna; Risk Factors; Therapeutic Approach; Azacitidine; Decitabine; Guadecitabine; Insulin; Insulin Receptor Substrate 2; Phosphatidylcholine Sterol Acyltransferase; Amino Acid Transport System Asc; Minor Histocompatibility Antigens; Slc1a5 Protein, Human; Azacitidine; Decitabine; Fatty Acid Transporter; G Protein Coupled Receptor Kinase 5; Guadecitabine; Insulin; Insulin Receptor Substrate 2; Long Untranslated Rna; Mammalian Target Of Rapamycin; Phosphatidylcholine Sterol Acyltransferase; Regulatory Associated Protein Of Mtor; Solute Carrier Family 1 Member 5; Solute Carrier Family 27 Member 3; Unclassified Drug; Amino Acid Transporter; Minor Histocompatibility Antigen; Slc1a5 Protein, Human; Chromosome Aberration; Crispr-cas9 System; Diabetic Nephropathy; Disease Exacerbation; Dna Methylation; Dyslipidemia; Epigenetics; Genetic Association; Genetic Risk; Glucose Blood Level; Grk5 Gene; Human; Hyperinsulinemia; Hypertension; Insulin Resistance; Irs2 Gene; Kidney Tissue; Lcat Gene; Mtor Gene; Pathogenicity; Review; Risk Factor; Rptor Gene; Slc1a5 Gene; Slc27a3 Gene; Diabetes Mellitus; Diabetic Complication; Genetic Epigenesis; Genetics; Kidney; Metabolism; Amino Acid Transport System Asc; Diabetes Complications; Diabetes Mellitus; Diabetic Nephropathies; Dna Methylation; Epigenesis, Genetic; Humans; Kidney; Minor Histocompatibility Antigens"
"2-Pentadecyl-2-oxazoline inhibits lipopolysaccharide-induced microglia activation interfering with TLR4 signaling","2023","Life Sciences","10.1016/j.lfs.2023.122242","https://www.scopus.com/inward/record.uri?eid=2-s2.0-85176227107&doi=10.1016%2Fj.lfs.2023.122242&partnerID=40&md5=ea599a15a01a8c5fe1a90cb4612c30e3","Aim: 2-Pentadecyl-2-oxazoline (PEA-OXA), the oxazoline derivative of N-palmitoylethanolamine, exerts anti-inflammatory activity; however, very little is known about the molecular mechanisms underlying this effect. Here, we tested the anti-neuroinflammatory effect of PEA-OXA in primary microglia and we also investigated the possible interaction of the molecule with the Toll-like receptor 4 (TLR4)–myeloid differentiation protein-2 (MD-2) complex. Main methods: The anti-inflammatory effect of PEA-OXA was analyzed by measuring the expression and release of pro-inflammatory mediators in primary microglia by real-time PCR and ELISA, respectively. The effect of PEA-OXA on the activation of TLR4 signaling was assessed using two stably TLR4-transfected cell lines (i.e., HEK-293 and Ba/F3 cells). Finally, the putative binding mode of PEA-OXA to TLR4–MD-2 was investigated by molecular docking simulations. Key findings: Treatment with PEA-OXA resulted in the following effects: (i) it down-regulated gene expression of several pro-inflammatory molecules and the secretion of pro-inflammatory cytokines in LPS stimulated microglia cells; (ii) it did not prevent microglia activation after stimulation with TLR2 ligands; (iii) it prevented TLR4/NF-κB activation triggered by LPS in HEK-Blue™ hTLR4 cells; and (iv) it interfered with the binding of LPS to TLR4–MD-2 complex. Furthermore, molecular docking studies suggested that PEA-OXA could bind MD-2 with a 1:3 (MD-2/PEA-OXA) stoichiometry. Conclusion: We show for the first time that the anti-neuroinflammatory effect of PEA-OXA involves its activity against TLR4 signaling, making this molecule a valuable tool for the development of new compounds directed to control neuroinflammation via inhibiting TLR4 signaling. © 2023 Elsevier B.V., All rights reserved.","2-pentadecyl-2-oxazoline; Inflammatory Cytokines; Microglia; Neuroinflammation; Tlr4–md-2 Complex; Inducible Nitric Oxide Synthase; Toll Like Receptor 4; 2-pentadecyl-2-oxazoline; Anti-inflammatory Agents; Lipopolysaccharides; Nf-kappa B; Tlr4 Protein, Human; Toll-like Receptor 4; 2 Pentadecyl 2 Oxazoline; Antiinflammatory Agent; Cyclooxygenase 2; Inducible Nitric Oxide Synthase; Interleukin 1beta; Oxazoline Derivative; Protein Md 2; Toll Like Receptor 4; Tumor Necrosis Factor; Unclassified Drug; 2-pentadecyl-2-oxazoline; Immunoglobulin Enhancer Binding Protein; Lipopolysaccharide; Tlr4 Protein, Human; Animal Cell; Antiinflammatory Activity; Article; Complex Formation; Controlled Study; Cytokine Release; Enzyme Linked Immunosorbent Assay; Gene Expression; Microglia; Molecular Docking; Nervous System Inflammation; Nonhuman; Rat; Real Time Polymerase Chain Reaction; Tlr Signaling; Hek293s Cell Line; Human; Inflammation; Metabolism; Anti-inflammatory Agents; Hek293 Cells; Humans; Inflammation; Lipopolysaccharides; Microglia; Molecular Docking Simulation; Nf-kappa B; Toll-like Receptor 4"
"Increased contractile activity and dilation of popliteal lymphatic vessels in the TNF-α-overexpressing TNFΔARE/+ arthritic mouse","2023","Life Sciences","10.1016/j.lfs.2023.122247","https://www.scopus.com/inward/record.uri?eid=2-s2.0-85176107101&doi=10.1016%2Fj.lfs.2023.122247&partnerID=40&md5=9e490374199be2b047cc0b3de1733f60","Aims: TNF-α acute treatment has been found to disrupt lymphatic drainage in the setting of arthritis through the NF-kB-iNOS- signaling pathway. We examined whether popliteal lymphatic vessels (pLVs) contractile activity was altered in 12- and 24- week-old females of an arthritic mouse model overexpressing TNF-α (TNFΔARE/+). Main methods: pLVs were prepared for intravital imaging to measure lymph flow speed, and ex vivo functional responses to a stepwise increase in transmural pressure in the absence or presence of the non-selective NOS inhibitor (L-NNA) or the selective iNOS inhibitor (1400W) were compared between TNFΔARE/+ and WT mice. Total eNOS (t-eNOS) and eNOS phosphorylated at ser1177 (p-eNOS) were evaluated by western blotting. Key findings: In vivo imaging revealed a significantly increase in lymph flow speed in TNFΔARE/+ mice in comparison to WT at both ages. Pressure myography showed an increase in contraction frequency, diameters and fractional pump flow at both ages, whereas amplitude and ejection fraction were significantly decreased in older TNFΔARE/+ mice. Additionally, contraction frequency was increased in the presence of 1400W, and systolic diameter was abolished with L-NNA in TNFΔARE/+ mice compared to WT. Significant increases in p-eNOS expression and neutrophil recruitment (MPO activity) were observed in TNFΔARE/+ mice compared to WT. Significance: Our data reveal functional changes in pLVs, especially in advanced stage of arthritis. These alterations may be related to eNOS and iNOS response, which can affect drainage of the inflammatory content from the joints. © 2023 Elsevier B.V., All rights reserved.","Arthritis; Lymph Flow; Nitric Oxide; Popliteal Lymphatic Vessels; Pressure Myography; Tumor Necrosis Factor-alpha; Endothelial Nitric Oxide Synthase; Myeloperoxidase; Inducible Nitric Oxide Synthase; Nitric Oxide Synthase Type Ii; Nitric Oxide Synthase Type Iii; Tumor Necrosis Factor-alpha; Endothelial Nitric Oxide Synthase; Myeloperoxidase; Nitric Oxide Synthase Inhibitor; Tumor Necrosis Factor; Inducible Nitric Oxide Synthase; Adult; Animal Experiment; Animal Model; Animal Tissue; Article; Body Weight; Controlled Study; Enzyme Phosphorylation; Ex Vivo Study; Experimental Arthritis; Female; Gene Overexpression; Heart Ejection Fraction; Intravital Microscopy; Joint Malformation; Lymph Flow; Lymphatic Contractility; Myography; Neutrophil Count; Nonhuman; Popliteal Lymph Node; Protein Expression Level; Protein Synthesis; Systolic Blood Pressure; Western Blotting; Wild Type Mouse; Animal; Arthritis; Dilatation; Lymph Vessel; Metabolism; Mouse; Transgenic Mouse; Animals; Arthritis; Dilatation; Female; Lymphatic Vessels; Mice; Mice, Transgenic; Nitric Oxide Synthase Type Ii; Nitric Oxide Synthase Type Iii; Tumor Necrosis Factor-alpha"
"Effects of chitinase-1 inhibitor in obesity-induced and -aggravated asthma in a murine model","2023","Life Sciences","10.1016/j.lfs.2023.122163","https://www.scopus.com/inward/record.uri?eid=2-s2.0-85177503952&doi=10.1016%2Fj.lfs.2023.122163&partnerID=40&md5=82c0b8a848cdb99159b15bf5ff3cb797","Aims: Despite recent investigations on the role of chitinase in asthma, its role in obesity-induced asthma has not been evaluated. Therefore, we investigated the roles of chitin, chitinase-1, and a chitinase-1 inhibitor (compound X, CPX) in a murine model. Main methods: We assigned C57BL/6 mice to the ovalbumin (OVA) model or obesity model group. In the OVA model, mice received intraperitoneal OVA twice within a 2-week interval and intranasal OVA for 3 consecutive days. Additionally, chitin was intranasally administered for 3 consecutive days, and CPX was intraperitoneally injected three times over 5 days. In the obesity model, a high-fat diet (HFD) was maintained for 13 weeks, and CPX was intraperitoneally injected eight times over 4 weeks. Key findings: In the OVA model, chitin aggravated OVA-induced airway hyper-responsiveness (AHR), increased bronchoalveolar lavage fluid (BALF) cell proliferation, increased fibrosis, and increased the levels of various inflammatory cytokines (including chitinase-1, TGF-β, TNF-α, IL-1 β, IL-6, IL-4, and IL-13). CPX treatment significantly ameliorated these effects. In the obesity model, HFD significantly increased AHR, BALF cell proliferation, fibrosis, and the levels of various inflammatory cytokines. Particularly, compared to the control group, the mRNA expression of chitinase, chitinase-like molecules, and other molecules associated with inflammation and the immune system was significantly upregulated in the HFD and HFD/OVA groups. Immunofluorescence analysis also showed increased chitinase-1 expression in these groups. CPX significantly ameliorated all these effects in this model. Significance: This study showed that CPX can be an effective therapeutic agent in asthma, especially, obesity-induced and -aggravated asthma to protect against the progression to airway remodeling and fibrosis. © 2023 Elsevier B.V., All rights reserved.","Airway; Asthma; Chitinase; Obesity; Chitin; Interleukin 13; Ovalbumin; Chitin; Cytokines; Ovalbumin; Antiinflammatory Agent; Chitin; Chitinase 1; Chitinase 1 Inhibitor; Interleukin 13; Interleukin 1beta; Interleukin 4; Interleukin 6; Transforming Growth Factor Beta; Tumor Necrosis Factor; Unclassified Drug; Cytokine; Ovalbumin; Animal Cell; Animal Experiment; Animal Model; Animal Tissue; Article; Asthma; Blood Sampling; Cell Proliferation; Controlled Study; Diet-induced Obesity; Disease Course; Down Regulation; Enzyme Linked Immunosorbent Assay; Histopathology; Immunofluorescence; Lung Fibrosis; Lung Lavage; Lung Parenchyma; Male; Mouse; Nonhuman; Oral Glucose Tolerance Test; Outcome Assessment; Polymerase Chain Reaction; Protein Analysis; Protein Expression; Rna Sequencing; Treatment Outcome; Treatment Response; Upregulation; Animal; Bagg Albino Mouse; Bronchoalveolar Lavage Fluid; C57bl Mouse; Complication; Disease Model; Fibrosis; Lung; Metabolism; Obesity; Animals; Asthma; Bronchoalveolar Lavage Fluid; Chitin; Cytokines; Disease Models, Animal; Fibrosis; Lung; Mice; Mice, Inbred Balb C; Mice, Inbred C57bl; Obesity; Ovalbumin"
"Detection of early prognostic biomarkers for metastasis of Ewing's sarcoma in pediatric patients","2023","Life Sciences","10.1016/j.lfs.2023.122237","https://www.scopus.com/inward/record.uri?eid=2-s2.0-85176354200&doi=10.1016%2Fj.lfs.2023.122237&partnerID=40&md5=016ae3827675a6aa7fd0c339e1093947","Aims: Ewing's Sarcoma is an extremely aggressive tumor in children. The disease is associated with highly metastatic rate, especially at the time of diagnosis, contributing to a lower survival rate and poor prognosis. The study aimed to identify predictive biomarkers for metastatic Ewing's sarcoma through in-depth analysis of the plasma proteome profile of pediatric Ewing's sarcoma patients. Main methods: Plasma samples from Ewing's sarcoma patients and control individuals were profiled using both shotgun and dimethyl-labeled proteomics analysis. Subsequently, Ewing's sarcoma patients were further stratified according to their metastatic state and chemotherapy response. Western blot was used for validation. Univariate and multivariate analyses were performed to determine proteome metastasis predictors. Receiver operating characteristic (ROC) analysis was done to assess the diagnostic significance of the potential plasma Ewing's sarcoma biomarkers. Key findings: Our results revealed a set of proteins significantly associated with the metastatic Ewing's sarcoma disease profile. These proteins include ceruloplasmin and several immunoglobulins. Additionally, our study disclosed significant differentially expressed proteins in pediatric Ewing's sarcoma, including CD5 antigen-like, clusterin, and dermcidin. Stable isotope dimethyl labeling and western blot further confirmed our results, strengthening the impact of such proteins in disease development. Furthermore, an unbiased ROC curve evaluated and confirmed the predictive power of these biomarker candidates. Significance: This study presented potential empirical predictive circulating biomarkers for determining the disease status of pediatric Ewing's sarcoma, which is vital for early prediction. © 2023 Elsevier B.V., All rights reserved.","Ewing's Sarcoma; Metastatic; Proteomics; Rare; Translational Research; Ceruloplasmin; Immunoglobulin; Proteome; Proteinpilot Software Version 5.0.1; Antineoplastic Agent; Cd5 Antigen; Ceruloplasmin; Clusterin; Dermcidin; Immunoglobulin; Proteome; Adolescent; Article; Cancer Center; Child; Clinical Article; Controlled Study; Disease Marker; Drug Response; Egypt; Ewing Sarcoma; Female; Human; Human Tissue; Isotope Labeling; Male; Metastasis; Multivariate Analysis; Pediatric Hospital; Pediatric Patient; Plasma; Prediction; Protein Expression; Proteomics; Receiver Operating Characteristic; Translational Research; Univariate Analysis; Validation Study; Western Blotting; X-ray Computed Tomography; Bone Tumor; Metabolism; Prognosis; Bone Neoplasms; Child; Humans; Prognosis; Proteome; Sarcoma, Ewing"
"Mitochondrial dysfunction and neurological disorders: A narrative review and treatment overview","2023","Life Sciences","10.1016/j.lfs.2023.122257","https://www.scopus.com/inward/record.uri?eid=2-s2.0-85176344860&doi=10.1016%2Fj.lfs.2023.122257&partnerID=40&md5=aa85f12a952fd98483ea5addf82b28e1","Mitochondria play a vital role in the nervous system, as they are responsible for generating energy in the form of ATP and regulating cellular processes such as calcium (Ca2+) signaling and apoptosis. However, mitochondrial dysfunction can lead to oxidative stress (OS), inflammation, and cell death, which have been implicated in the pathogenesis of various neurological disorders. In this article, we review the main functions of mitochondria in the nervous system and explore the mechanisms related to mitochondrial dysfunction. We discuss the role of mitochondrial dysfunction in the development and progression of some neurological disorders including Parkinson's disease (PD), multiple sclerosis (MS), Alzheimer's disease (AD), depression, and epilepsy. Finally, we provide an overview of various current treatment strategies that target mitochondrial dysfunction, including pharmacological treatments, phototherapy, gene therapy, and mitotherapy. This review emphasizes the importance of understanding the role of mitochondria in the nervous system and highlights the potential for mitochondrial-targeted therapies in the treatment of neurological disorders. Furthermore, it highlights some limitations and challenges encountered by the current therapeutic strategies and puts them in future perspective. © 2023 Elsevier B.V., All rights reserved.","Alzheimer's Disease; Depression; Epilepsy; Mitochondrial Dysfunction; Multiple Sclerosis; Parkinson's Disease; Acetylcysteine; Creatine; Dimebon; Felbamate; Idebenone; Melatonin; Nicotinamide Riboside; Resveratrol; Simvastatin; Teriflunomide; Ubidecarenone; Ursodeoxycholic Acid; Acetylcysteine; Creatine; Dimebon; Early Pregnancy Factor; Felbamate; Idebenone; Melatonin; Nicotinamide Riboside; Resveratrol; Simvastatin; Teriflunomide; Ubidecarenone; Ursodeoxycholic Acid; Alzheimer Disease; Apoptosis; Cell Therapy; Depression; Epilepsy; Gene Therapy; Human; Inflammation; Mitochondrial Dysfunction; Mitotherapy; Multiple Sclerosis; Neurologic Disease; Nonhuman; Oxidative Stress; Parkinson Disease; Pathogenesis; Photobiomodulation; Phototherapy; Review; Supplementation; Degenerative Disease; Metabolism; Mitochondrion; Alzheimer Disease; Humans; Mitochondria; Neurodegenerative Diseases; Oxidative Stress; Parkinson Disease"
"Dual immunization with CdtB protein and flagellin epitope offers augmented protection against enteric fever in mice","2023","Life Sciences","10.1016/j.lfs.2023.122216","https://www.scopus.com/inward/record.uri?eid=2-s2.0-85176311881&doi=10.1016%2Fj.lfs.2023.122216&partnerID=40&md5=5d50f221640e135c183e82a990a7085c","Aims: Present study has explored the protective response of dual immunization using two different antigenic entities (i.e. flagellin epitope and cytolethal distending toxin subunit B (CdtB) protein) against lethal challenge of typhoidal serovars in a murine model. Main methods: In-vitro immunogenicity of flagellin epitope-BSA conjugate and CdtB protein was confirmed using Indirect ELISA of typhoid positive patients' sera. Further, both entities were administered intraperitoneally in mice individually or in combination, followed by lethal challenge of typhoidal Salmonellae. Various parameters were analysed such as bacterial burden, mice survival, histopathological analysis, cytokine analysis and immunophenotyping. Serum samples obtained from the immunized mice were used for passive immunization studies, wherein mice survival and mechanism of action of the generated antibodies was studied. Key findings: Active immunization studies using the combination of both entities demonstrated improved mice survival after lethal challenge with typhoidal Salmonellae, reduced bacterial burden in organs, expression of immunophenotypic markers in splenocytes and restored tissue histoarchitecture. When used in combination, the effective doses of both the candidates reduced which may be attributed to multiprong approach used by the immune system to recognize Salmonella. Passive immunization studies further determined the protective efficacy of generated antibodies by different mechanisms such as complement mediated bactericidal action, swarming inhibition and increased phagocytic uptake. Significance: Present study is the first phase of the proof-of-concept which may prove to be beneficial in developing an effective bi-functional vaccine candidate to render protection against both Vi-positive as well as Vi-negative Salmonella strains. © 2023 Elsevier B.V., All rights reserved.","Cdtb Protein; Dual Immunization; Enteric Fever; Flagellin Epitope; Salmonella Paratyphi; Salmonella Typhi; Vaccine; Flagellin; Cytolethal Distending Toxin; Epitopes; Flagellin; Typhoid-paratyphoid Vaccines; Cytokine; Cytolethal Distending Toxin; Cytolethal Distending Toxin Subunit B Protein; Epitope; Flagellin; Unclassified Drug; Typhoid Paratyphoid Vaccine; Active Immunization; Animal Experiment; Animal Model; Animal Tissue; Article; Bacterial Load; Bacterial Strain; Bactericidal Activity; Controlled Study; Drug Efficacy; Enzyme Linked Immunosorbent Assay; Human; Immune System; Immunization; Immunogenicity; Immunophenotyping; In Vitro Study; Lethality; Mouse; Murine Model; Nonhuman; Passive Immunization; Phagocytosis; Proof Of Concept; Protein Expression; Salmonella Enterica Serovar Paratyphi A; Salmonella Enterica Serovar Typhi; Spleen Cell; Survival; Tissue Structure; Typhoid Fever; Vaccine Development; Animal; Salmonella; Vaccination; Animals; Epitopes; Flagellin; Humans; Immunization; Mice; Typhoid Fever; Typhoid-paratyphoid Vaccines; Vaccination"
"Neuronal survival factor TAFA2 suppresses apoptosis through binding to ADGRL1 and activating cAMP/PKA/CREB/BCL2 signaling pathway","2023","Life Sciences","10.1016/j.lfs.2023.122241","https://www.scopus.com/inward/record.uri?eid=2-s2.0-85176274042&doi=10.1016%2Fj.lfs.2023.122241&partnerID=40&md5=96e60ce6e98dd292aec72ba70b3c822b","Aims: TAFA2, a cytokine specifically expressed in the central nervous system, plays a vital role in neuronal cell survival. TAFA2 deficiency has been correlated to various neurological disorders in mice and humans. However, the underlying mechanism remains elusive, especially its membrane-binding receptor through which TAFA2 functions. This study aimed to identify the specific binding receptor responsible for the anti-apoptotic effects of TAFA2. Main method: Co-immunoprecipitation (Co-IP) and quantitative mass spectrometry-based proteomic analysis were employed to identify potential TAFA2 binding proteins in V5 knockin mouse brain lysates. Subsequent validation involved in vitro and in vivo Co-IP and pull-down using specific antibodies. The functional analysis included evaluating the effects of ADGRL1 knockout, overexpression, and Lectin-like domain (Lec) deletion mutant on TAFA2's anti-apoptotic activity and analyzing the intracellular signaling pathways mediated by TAFA2 through ADGRL1. Key findings: Our study identified ADGRL1 as a potential receptor for TAFA2, which directly binds to TAFA2 through its lectin-like domain. Overexpression ADGRL1, but not ADGRL1ΔLec, induced apoptosis, which could be effectively suppressed by recombinant TAFA2 (rTAFA2). In ADGRL1−/− cells or re-introducing with ADGRL1ΔLec, responses to rTAFA2 in suppressing cell apoptosis were compromised. Increased cAMP, p-PKA, p-CREB, and BCL2 levels were also observed in response to rTAFA2 treatment, with these responses attenuated in ADGRL1−/− or ADGRL1ΔLec-expressing cells. Significance: Our results demonstrated that TAFA2 directly binds to the lectin-like domain of ADGRL1, activating cAMP/PKA/CREB/BCL2 signaling pathway, which is crucial in preventing cell death. These results implicate TAFA2 and its receptor ADGRL1 as potential therapeutic targets for neurological disorders. © 2023 Elsevier B.V., All rights reserved.","Fam19a2; Gpcr; Knock-in Mice; Lectin-like Domain; Ligand-receptor Interaction; Cyclic Amp; Cyclic Amp Dependent Protein Kinase; Cyclic Amp Responsive Element Binding Protein; Protein Bcl 2; Bcl2 Protein, Human; Cyclic Amp Response Element-binding Protein; Lectins; Proto-oncogene Proteins C-bcl-2; Cyclic Amp; Cyclic Amp Dependent Protein Kinase; Cyclic Amp Responsive Element Binding Protein; Cytokine; Protein Bcl 2; Protein Tafa2; Unclassified Drug; Bcl2 Protein, Human; Lectin; Animal Experiment; Animal Tissue; Antiapoptosis; Apoptosis; Article; Binding Affinity; Camp Pka Creb Bcl2 Signaling; Cell Culture; Cell Survival; Coimmunoprecipitation; Controlled Study; Enzyme Linked Immunosorbent Assay; Hek293t Cell Line; Human; Human Cell; Immunofluorescence Assay; Immunoprecipitation; In Vitro Study; In Vivo Study; Mass Spectrometry; Molecular Cloning; Mouse; Nerve Cell; Nonhuman; Protein Binding; Protein Function; Protein Protein Interaction; Protein Targeting; Proteomics; Pull-down Assay; Quantitative Analysis; Signal Transduction; Tunel Assay; Western Blotting; Animal; Metabolism; Neurologic Disease; Animals; Apoptosis; Cell Survival; Cyclic Amp Response Element-binding Protein; Humans; Lectins; Mice; Nervous System Diseases; Proteomics; Proto-oncogene Proteins C-bcl-2; Signal Transduction"
"Curcumin modulates cell type-specific miRNA networks to induce cytotoxicity in ovarian cancer cells","2023","Life Sciences","10.1016/j.lfs.2023.122224","https://www.scopus.com/inward/record.uri?eid=2-s2.0-85176266554&doi=10.1016%2Fj.lfs.2023.122224&partnerID=40&md5=29cd1b88a5e3217f229ebfb929736d38","Aim: To understand the epigenetic role of curcumin, a natural polyphenolic compound extracted from the spice Curcuma longa in inducing cytotoxicity in two molecularly distinct ovarian cancer cell lines: PA1 and A2780. Materials and methods: An integrated mRNA-miRNA sequence analysis was performed to determine the curcumin-induced mRNA–miRNA regulatory networks in the induction of cytotoxicity. The miRNA-mRNA pathways, the miRNAs and their targets implicated in apoptosis, autophagy, DNA damage, and stemness markers were validated. Gene/miRNA expressions were validated using qPCR and protein expressions by western blotting. Curcumin-induced oncogenic /tumor-suppressor miRNAs were profiled utilising the oncomiRdb database. Similarly, the expressions of oncogenes/tumor suppressor genes were profiled and correlated with the TCGA ovarian cancer dataset. A dual luciferase assay was performed to investigate the interaction of miR-199a-5p to its direct target, DDR1. Key findings: The expression of several miRNAs demonstrated an inverse correlation with their respective direct targets. In curcumin-treated PA1 cells, miR-335-5p target ATG5 (autophagic), and OCT4 (pluripotent gene) were downregulated, miR-32a target PTEN (tumor suppressor) was upregulated, miR-1285 target P53 (tumor suppressor) was upregulated, and both miR-182-5p and miR-503-3p target BCL2, were down-regulated. Contrastingly, in curcumin-treated A2780 cells, miR-181a-3p target ATG5, miR-30a-5p, and miR-216a target BECN1 (autophagic) were upregulated, and miR-129a-5p target BCL2 were downregulated. The reversal of the oncomiR/TSmiR profile revealed suppression of oncogenic processes by curcumin. Curcumin treatment induced a moderate cisplatin-sensitisation effect and impaired epithelial-to-mesenchymal transition (EMT) characteristics. Curcumin also regulated the miR-199a-5p/DDR1 axis with a decrease in collagen deposition. Significance: The activity of curcumin is cell-type specific. Distinct miRNA regulatory networks were activated to induce multiple modes of cellular cytotoxicity in these ovarian cancer cells. This study further highlights the molecular mechanism of curcumin action in ovarian cancers establishing its candidacy as a promising drug candidate. © 2023 Elsevier B.V., All rights reserved.","Cisplatin; Curcumin; Ddr; Emt; Microrna; Transcriptomics; Cisplatin; Collagen; Curcumin; Discoidin Domain Receptor; Discoidin Domain Receptor 1; Discoidin Domain Receptor 2; Phosphatidylinositol 3,4,5 Trisphosphate 3 Phosphatase; Protein Bcl 2; Protein Kinase Mer; Curcumin; Micrornas; Mirn1285 Microrna, Human; Proto-oncogene Proteins C-bcl-2; Rna, Messenger; Autophagy Related Protein 5; Beclin 1; Cisplatin; Collagen; Curcumin; Discoidin Domain Receptor; Discoidin Domain Receptor 1; Messenger Rna; Microrna; Mir 1285; Mir 181a 3p; Mir 182 5p; Mir 199a 5p; Mir 216a; Mir 30a 5p; Mir 32a; Mir 335 5p; Mir 503 3p; Octamer Transcription Factor 4; Phosphatidylinositol 3,4,5 Trisphosphate 3 Phosphatase; Protein Bcl 2; Protein P53; Reactive Oxygen Metabolite; Unclassified Drug; Mirn1285 Microrna, Human; A2780 Cell Line; Apoptosis; Article; Autophagy (cellular); Cancer Resistance; Cell Cycle; Cell Migration; Cell Stemness; Colony Formation; Controlled Study; Curcuma Longa; Cytotoxicity; Dna Damage; Down Regulation; Epigenetics; Epithelial Mesenchymal Transition; Female; Gene Expression; Gene Regulatory Network; Human; Human Cell; Luciferase Assay; Oncogene; Ovarian Cancer Cell Line; Ovary Cancer; Pa-1 Cell Line; Protein Expression; Real Time Polymerase Chain Reaction; Sensitization; Sequence Analysis; Transcriptomics; Tumor Suppressor Gene; Upregulation; Western Blotting; Gene Expression Regulation; Genetics; Metabolism; Ovary Tumor; Tumor Cell Line; Cell Line, Tumor; Curcumin; Female; Gene Expression Regulation, Neoplastic; Humans; Micrornas; Ovarian Neoplasms; Proto-oncogene Proteins C-bcl-2; Rna, Messenger"
"Eupatilin inhibits pulmonary fibrosis by activating Sestrin2/PI3K/Akt/mTOR dependent autophagy pathway","2023","Life Sciences","10.1016/j.lfs.2023.122218","https://www.scopus.com/inward/record.uri?eid=2-s2.0-85176262173&doi=10.1016%2Fj.lfs.2023.122218&partnerID=40&md5=155cfc00731447f351a796d4c310f5d7","Background: Idiopathic pulmonary fibrosis (IPF) is a progressive chronic inflammatory disease with poor clinical outcomes and ineffective drug treatment options. Eupatilin is a major component extracted from the traditional herbal medicine Artemisia asiatica Nakai. Notably, it was demonstrated to have an anti-fibrosis effect in endometrial fibrosis, vocal fold, and hepatic fibrosis. Its role and mechanism in IPF remain unclear. Methods: This study used the TGF-β1-induced human embryonic lung fibroblasts (MRC-5) activation, IPF lung fibroblasts, and bleomycin-induced lung fibrosis mice model. Western blot, immunofluorescence staining, quantitative real time-PCR, hematoxylin and eosin staining, Masson's trichrome staining, and immunohistochemistry were used to evaluate the effects of eupatilin on fibroblast activation, pulmonary fibrosis, and autophagy. The autophagosomes were observed with a transmission electron microscope (TEM). RNA sequencing was used to determine the signaling pathway and key regulator related to autophagy. Results: Eupatilin significantly decreased the expression of Col1A1, fibronectin, α-SMA, and SQSTM1/p62. In contrast, it increased the expression of LC3B II/I and the number of autophagosomes in TGF-β1 treated MRC-5, IPF lung fibroblasts, and bleomycin-induced lung fibrosis mice model; it also alleviated bleomycin-induced lung fibrosis. The KEGG pathway mapping displayed that PI3K/Akt and Sestrin2 were associated with the enhanced fibrogenic process. Eupatilin suppressed the phosphorylation of PI3K/Akt/mTOR. Autophagy inhibitor 3-methyladenine (3-MA) and Akt activator SC-79 abrogated the anti-fibrotic effect of eupatilin. Sestrin2 expression was also downregulated in TGF-β1 treated lung fibroblasts and lung tissues of the bleomycin-induced pulmonary fibrosis mice model. Furthermore, eupatilin promoted Sestrin2 expression, and the knockdown of Sestrin2 significantly aggravated the degree of fibrosis, increased the phosphorylation of PI3K/Akt/mTOR, and decreased autophagy. Conclusion: These findings indicate that eupatilin ameliorates pulmonary fibrosis through Sestrin2/PI3K/Akt/mTOR-dependent autophagy pathway. © 2023 Elsevier B.V., All rights reserved.","Autophagy; Eupatilin; Idiopathic Pulmonary Fibrosis; Pi3k/akt/mtor; Sestrin2; 3 Methyladenine; Bleomycin; Fibronectin; Flavone; Phosphatidylinositol 3 Kinase; Protein Kinase B; Target Of Rapamycin Kinase; Bleomycin; Eupatilin; Phosphatidylinositol 3-kinases; Proto-oncogene Proteins C-akt; Tor Serine-threonine Kinases; Transforming Growth Factor Beta1; A030-2-1; Hiseq2000; 3 Methyladenine; 5,7 Dihydroxy 3,4,6 Trimethoxyflavone; Alpha Smooth Muscle Actin; Antifibrotic Agent; Bleomycin; Cell Protein; Collagen Type 1; Collagen Type 1a1; Fibronectin; Flavone; Lc3b I Protein; Lc3b Ii Protein; Mammalian Target Of Rapamycin; Phosphatidylinositol 3 Kinase; Protein Kinase B; Sequestosome 1; Sestrin; Sestrin 2; Transforming Growth Factor Beta1; Unclassified Drug; Eupatilin; Target Of Rapamycin Kinase; Akt Signaling; Alpha Sma Gene; Animal Experiment; Animal Model; Animal Tissue; Antifibrotic Activity; Article; Autophagosome; Autophagy (cellular); Cell Activation; Cell Viability; Col1a1 Gene; Controlled Study; Down Regulation; Drug Effect; Drug Mechanism; Embryo; Fibrogenesis; Fibronectin Gene; Gene; Gene Knockdown; Hematoxylin And Eosin Staining; Human; Human Cell; Immunofluorescence Staining; Immunohistochemistry; Lung Fibrosis; Male; Masson Staining; Migration Inhibition; Mouse; Mrc-5 Cell Line; Nonhuman; Protein Expression; Protein Phosphorylation; Real Time Polymerase Chain Reaction; Rna Sequencing; Sestrin2 Gene; Staining; Transmission Electron Microscopy; Western Blotting; Animal; Fibroblast; Fibrosing Alveolitis; Genetics; Lung; Metabolism; Animals; Autophagy; Bleomycin; Fibroblasts; Humans; Idiopathic Pulmonary Fibrosis; Lung; Mice; Phosphatidylinositol 3-kinases; Proto-oncogene Proteins C-akt; Tor Serine-threonine Kinases; Transforming Growth Factor Beta1"
"Endotoxin accelerates insulin amyloid formation and inactivates insulin signal transduction","2023","Life Sciences","10.1016/j.lfs.2023.122258","https://www.scopus.com/inward/record.uri?eid=2-s2.0-85176257078&doi=10.1016%2Fj.lfs.2023.122258&partnerID=40&md5=8379d87ad246fe1668d9a433cb059140","Aims and objectives: The aim of this study is to discuss the influence of endotoxin on insulin amyloid formation, to provide guidance for therapeutic insulin preparation and storage. Materials and methods: The ThT and ANS binding assays were applied to characterize the dynamics curve of insulin amyloid formation with the presence or absence of endotoxin. The morphological structures of intermediate and mature insulin fibrils were observed with SEM and TEM. Secondary structural changes of insulin during fibriliation were examined with CD, FTIR and Raman spectral analysis. The cytotoxic effects of oligomeric and amyloidogenic insulin aggregates were detected using a cck-8 cell viability assay kit. The influence of endotoxin on insulin efficacy was analyzed by monitoring the activation of insulin signal transduction. Key findings: ThT analysis showed that endotoxin, regardless of species, accelerated insulin fibrils formation in a dose-dependent manner, as observed with a shorter lag phase. ANS binding assay demonstrated endotoxin provoked the exposure of insulin hydrophobic patches. The results of SEM and TEM data displayed that endotoxin drove insulin to cluster into dense and viscous form, with thicker and stronger filaments. Based on CD, FTIR and Raman spectra, endotoxin promoted the transition of α-helix to random coil and β-strand secondary structures during insulin aggregation. Insulins in both oligomeric and amyloidogenic forms were cytotoxic to HepG2 cells, with the former being more severe. Finally, the efficacy of endotoxin treated insulin obviously decreased. Significance: Our studies revealed that endotoxin disrupts the structural integrity of insulin and promotes its amyloidosis. These findings offered theoretical guidance for insulin storage and safe utilization, as well as pointing up a new direction for insulin resistance research. © 2023 Elsevier B.V., All rights reserved.","Endotoxin; Glucose Uptake; Insulin Aggregation; Type 2 Diabetes; Amyloid; Insulin; Amyloid; Insulin; Endotoxin; Oligomer; Amyloid; Insulin; Antineoplastic Activity; Article; Circular Dichroism; Clinical Effectiveness; Controlled Study; Cytotoxicity; Drug Effect; Drug Efficacy; Drug Mechanism; Drug Response; Fourier Transform Infrared Spectroscopy; Hep-g2 Cell Line; Hydrophobicity; Insulin Signaling; Protein Secondary Structure; Raman Spectrometry; Scanning Electron Microscopy; Transmission Electron Microscopy; Amyloidosis; Chemistry; Human; Metabolism; Signal Transduction; Amyloid; Amyloidosis; Humans; Insulin; Protein Structure, Secondary; Signal Transduction"
"Noncoding RNAs: Versatile regulators of endothelial dysfunction","2023","Life Sciences","10.1016/j.lfs.2023.122246","https://www.scopus.com/inward/record.uri?eid=2-s2.0-85176256396&doi=10.1016%2Fj.lfs.2023.122246&partnerID=40&md5=6df80c86401e978f5fee3f6004bf3c7d","Noncoding RNAs have recently emerged as versatile regulators of endothelial dysfunction in atherosclerosis, a chronic inflammatory disease characterized by the formation of plaques within the arterial walls. Through their ability to modulate gene expression, noncoding RNAs, including microRNAs, long noncoding RNAs, and circular RNAs, play crucial roles in various cellular processes involved in endothelial dysfunction (ECD), such as inflammation, pyroptosis, migration, proliferation, apoptosis, oxidative stress, and angiogenesis. This review provides an overview of the current understanding of the regulatory roles of noncoding RNAs in endothelial dysfunction during atherosclerosis. It highlights the specific noncoding RNAs that have been implicated in the pathogenesis of ECD, their target genes, and the mechanisms by which they contribute to ECD. Furthermore, we have reviewed the current therapeutics in atherosclerosis and explore their interaction with noncoding RNAs. Understanding the intricate regulatory network of noncoding RNAs in ECD may open up new opportunities for the development of novel therapeutic strategies to combat ECD. © 2023 Elsevier B.V., All rights reserved.","Atherosclerosis; Endothelial Dysfunction; Noncoding Rnas; Atorvastatin; Insulin; Pitavastatin; Streptozocin; Micrornas; Rna, Long Noncoding; Rna, Untranslated; Angiotensin Receptor Antagonist; Atorvastatin; Circular Ribonucleic Acid; Insulin; Long Untranslated Rna; Microrna; Pitavastatin; Streptozocin; Untranslated Rna; Angiogenesis; Apoptosis; Atherosclerosis; Autophagy (cellular); Cell Function; Cell Migration; Cell Proliferation; Endothelial Dysfunction; Ferroptosis; Gene Expression Regulation; Gene Function; Gene Targeting; Genetic Association; Genome; Human; Immune System; Inflammation; Lipid Metabolism; Molecular Mechanics; Oxidative Stress; Pathogenesis; Pyroptosis; Regulatory Mechanism; Review; Rna Synthesis; Signal Transduction; Atherosclerotic Plaque; Genetics; Metabolism; Atherosclerosis; Humans; Micrornas; Plaque, Atherosclerotic; Rna, Long Noncoding; Rna, Untranslated"
"Butyrate ameliorated the intestinal barrier dysfunction and attenuated acute pancreatitis in mice fed with ketogenic diet","2023","Life Sciences","10.1016/j.lfs.2023.122188","https://www.scopus.com/inward/record.uri?eid=2-s2.0-85176255284&doi=10.1016%2Fj.lfs.2023.122188&partnerID=40&md5=feef71551bf29e2574cb8270618b4ab5","Butyrate, a short-chain fatty acid (SCFA), has demonstrated significant efficacy in preventing colitis-associated inflammation. Acute pancreatitis is an acute gastrointestinal disorder characterized by increased systemic inflammation, bacterial translocation, and disrupted intestinal barrier. However, the effects and mechanisms of butyrate in attenuating acute pancreatitis remain unclear. In this study, we established two mouse models of acute pancreatitis induced by cerulein (Cer) and taurocholate (TA), which were further exacerbated by a ketogenic diet (KD). The results suggested that butyrate supplementation effectively reduced mortality rates, systemic inflammation, and intestinal barrier disruption caused by Cer- and TA-induced acute pancreatitis in mice fed a KD. Furthermore, we observed a significant reduction in gut microbiota diversity as well as overgrowth of Lachnospirales and Erysipelotrichales along with depletion of SCFAs in mice fed a KD, and these alterations were reversed by butyrate supplement. To evaluate the role of microbiota and butyrate supplement, we conducted germ-depletion trials by antibiotics. The results showed that while systemic inflammation was attenuated in mice with TA-induced pancreatitis following antibiotic treatment, the reduction in mortality remained inconclusive (p = 0.055). Importantly, the key differential change between antibiotic treatment and butyrate supplementation was found to be related to intestinal barrier dysfunction and repairment. These results suggest that butyrate plays a central role in mitigating acute pancreatitis through amelioration of intestinal barrier dysfunction. © 2023 Elsevier B.V., All rights reserved.","Acute Pancreatitis; Butyrate; Gut Microbiota; Intestinal Barrier; Ketogenic Diet; Ampicillin; Butyric Acid; Gamma Interferon; Interleukin 12; Metronidazole; Neomycin; Taurocholic Acid; Vancomycin; Anti-bacterial Agents; Butyrates; Ampicillin; Butyric Acid; Gamma Interferon; Interleukin 12; Interleukin 12p40; Interleukin 1alpha; Interleukin 6; Metronidazole; Neomycin; Taurocholic Acid; Tumor Necrosis Factor; Vancomycin; Antiinfective Agent; Acute Hemorrhagic Pancreatitis; Animal Experiment; Animal Model; Animal Tissue; Article; Bacterial Overgrowth; Cerulein-induced Acute Pancreatitis; Clostridiales; Controlled Study; Dysbiosis; Enterobacterales; Erysipelotrichales; Experimental Acute Pancreatitis; Intestinal Barrier; Intestine Flora; Intestine Function; Ketogenic Diet; Lachnospirales; Metabolomics; Microbial Diversity; Mortality Rate; Mouse; Nonhuman; Pancreas Necrosis; Permeability Barrier; Acute Disease; Animal; C57bl Mouse; Enteropathy; Inflammation; Pancreatitis; Acute Disease; Animals; Anti-bacterial Agents; Butyrates; Diet, Ketogenic; Inflammation; Intestinal Diseases; Mice; Mice, Inbred C57bl; Pancreatitis"
"Anti-CD4 antibody and dendrimeric peptide based targeted nano-liposomal dual drug formulation for the treatment of HIV infection","2023","Life Sciences","10.1016/j.lfs.2023.122226","https://www.scopus.com/inward/record.uri?eid=2-s2.0-85176250947&doi=10.1016%2Fj.lfs.2023.122226&partnerID=40&md5=6ecffbe90be3d818c40c7f49a2fb0132","Aims: Development and characterization of LAM and DTG loaded liposomes conjugated anti-CD4 antibody and peptide dendrimer (PD2) to improve the therapeutic efficacy and to achieve targeted treatment for HIV infection. Main methods: A 2-level full factorial design was used to optimize the preparation of dual drug loaded liposomes. Optimized dual drug loaded ligand conjugated liposomes were assessed for their cytotoxicity and cell internalization on TZM-bl cells. Anti-HIV efficiency of the dual drug loaded liposomes were screened for their inhibitory potential in TZM-bl cells and the activities were confirmed using Peripheral Blood Mononuclear Cells (PBMCs). Key findings: The particle size of the optimized dual drug-loaded liposomes was 133.7 ± 4.04 nm, and the spherical morphology of the liposomes was confirmed by TEM analysis. The entrapment efficiency was 34 ± 4.9 % and 54 ± 1.8 % for LAM and DTG, respectively, and a slower in vitro release of LAM and DTG was observed when entrapped into liposomes. The cytotoxicity of the dual drug loaded liposomes was similar to the cytotoxicity of free drug solutions. Conjugation of anti-CD4 antibody and PD2 did not significantly influence the cytotoxicity but it enhanced the uptake of liposomes into the cells. Conjugated dual drug loaded liposomes exhibited better HIV inhibition with lower IC<inf>50</inf> values (0.0003 ± 0.0002 μg/mL) compared to their free drug solutions (0.002 ± 0.001 μg/mL). The liposomal formulations have shown similar activities in both screening and confirmatory cell-based assays. Significance: The results demonstrated the cell targeting ability of dual drug loaded liposomes conjugated with anti-CD4 antibody and peptide dendrimer. Conjugated liposomes also improved anti-HIV efficiency of LAM and DTG. © 2023 Elsevier B.V., All rights reserved.","Anti-cd4 Antibody Conjugation; Anti-hiv Nanoparticle; Dolutegravir; Immunoliposomes; Lamivudine; Peptide Dendrimer; Chemokine Receptor Cxcr4; Dolutegravir; Lamivudine; Dendrimers; Liposomes; Peptides; Cd4 Antibody; Cd4 Antigen; Chemokine Receptor Ccr5; Chemokine Receptor Cxcr4; Dendrimer; Dolutegravir; Human Immunodeficiency Virus Core Protein P24; Human Immunodeficiency Virus Tat Protein; Lamivudine; Liposome; Nanoparticle; Peptide; Amplitude Modulation; Antiviral Activity; Article; Attenuated Total Reflectance Fourier Transform Infrared Spectroscopy; Binding Affinity; Cc50 (cytotoxic Concentration); Cell Tropism; Controlled Study; Covalent Bond; Cytotoxicity; Differential Scanning Calorimetry; Dimerization; Dispersity; Drug Bioavailability; Drug Conformation; Drug Delivery System; Drug Efficacy; Drug Formulation; Drug Potency; Drug Protein Binding; Drug Release; Drug Screening; Drug Solubility; Drug Stability; Factorial Design; Human; Human Cell; Human Immunodeficiency Virus 1; Human Immunodeficiency Virus 1 Infection; Hydrogen Bond; Hydrophilicity; Ic50; In Vitro Study; Internalization (cell); Lipid Composition; Molecular Docking; Molecular Dynamics; Nanoencapsulation; Nonhuman; Particle Size; Peripheral Blood Mononuclear Cell; Predictive Value; Protein Expression; Virus Replication; X Ray Diffraction; Zeta Potential; Chemistry; Human Immunodeficiency Virus Infection; Mononuclear Cell; Dendrimers; Drug Compounding; Hiv Infections; Humans; Leukocytes, Mononuclear; Liposomes; Peptides"
"Targeted inhibition of MASTL kinase activity induces apoptosis in breast cancer","2023","Life Sciences","10.1016/j.lfs.2023.122250","https://www.scopus.com/inward/record.uri?eid=2-s2.0-85176245573&doi=10.1016%2Fj.lfs.2023.122250&partnerID=40&md5=9debfca88f701e9145fea78fb5f6723b","Microtubule-associated serine/threonine kinase-like (MASTL) (or Greatwall kinase (GWL)) is an important cell cycle regulating kinase that regulates the G2-M transition. Uncontrolled MASTL activity is implicated in breast cancer progression. To date, very few inhibitors have been reported against this protein. Here, structure-based computational modeling indicates that the natural product flavopiridol (FLV) binds strongly to MASTL and these results are validated using molecular dynamics simulation studies. An in vitro kinase assay reveals an EC<inf>50</inf> (effective concentration) value of FLV to be 82.1 nM and a better IC<inf>50</inf> compared to the positive reference compound, staurosporine. FLV is found to inhibit MASTL kinase activity, arresting the cell growth in the G1 phase and inducing apoptosis in breast cancer cells. Consistent with these results differential gene expression obtained using RNA sequencing studies, and validated by RT PCR and immunoblot analysis, indicate that MASTL inhibition induces cell cycle arrest and apoptotic-related genes. Furthermore, metastasis- and inflammation-related genes are downregulated. Thus, the deregulation of MASTL signaling pathways on targeted inhibition of its kinase activity is revealed. This study lays a strong foundation for investigating FLV as a lead compound in breast cancer therapeutics. © 2023 Elsevier B.V., All rights reserved.","Breast Cancer; Flavopiridol; In Silico; In Vitro; Kinase Assay; Mastl; Alvocidib; Staurosporine; Protein Serine Threonine Kinase; Mastl Protein, Human; Microtubule-associated Proteins; Protein Serine-threonine Kinases; Alvocidib; Microtubule Associated Protein; Microtubule Associated Serine Threonine Kinase Like; Staurosporine; Unclassified Drug; Mastl Protein, Human; Protein Serine Threonine Kinase; Apoptosis; Article; Breast Cancer; Cancer Therapy; Cell Cycle Arrest; Cell Cycle G1 Phase; Cell Growth; Computer Model; Controlled Study; Differential Gene Expression; Down Regulation; Drug Protein Binding; Ec50; Enzyme Activity; Enzyme Assay; Enzyme Inhibition; G2 Phase Cell Cycle Checkpoint; Human; Human Cell; Ic50; Immunoblotting; In Vitro Study; Inflammation; Metastasis; Molecular Dynamics; Real Time Polymerase Chain Reaction; Rna Sequencing; Breast Tumor; Female; Genetics; Metabolism; Tumor Cell Line; Apoptosis; Breast Neoplasms; Cell Line, Tumor; Female; Humans; Microtubule-associated Proteins; Molecular Dynamics Simulation; Protein Serine-threonine Kinases"
"Long-term lifestyle intervention is superior to transient modification for neuroprotection in D-galactose-induced aging rats","2023","Life Sciences","10.1016/j.lfs.2023.122248","https://www.scopus.com/inward/record.uri?eid=2-s2.0-85176243996&doi=10.1016%2Fj.lfs.2023.122248&partnerID=40&md5=48cde638f87b84c19ac8edf3003fc46e","Aims: To investigate whether transient dietary restriction or aerobic exercise in young adulthood exert long-lasting protection against brain aging later in life. Main methods: Seven-week-old male Wistar rats were divided into 2 groups and given either normal saline as a vehicle (n = 8) or 150 mg/kg/day of D-galactose (n = 40) for 28 weeks, the D-galactose being used to induce aging. At week 13 of the experiment, D-galactose-treated rats were further divided into 5 groups, 1) no intervention, 2) transient dietary restriction for 6 weeks (week 13–18), 3) transient exercise for 6 weeks (week 13–18), 4) long-term dietary restriction for 16 weeks (week 13–28), and 5) long-term exercise for 16 weeks (week 13–28). At the end of week 28, cognitive function was examined, followed by molecular studies in the hippocampus. Key findings: Our results showed that either long-term dietary restriction or aerobic exercise effectively attenuated cognitive function in D-galactose-treated rats via the attenuation of oxidative stress, cellular senescence, Alzheimer's-like pathology, neuroinflammation, and improvements in mitochondria, brain metabolism, adult neurogenesis, and synaptic integrity. Although transient interventions provided benefits in some brain parameters in D-galactose-treated rats, an improvement in cognitive function was not observed. Significance: Our findings suggested that transient lifestyle interventions failed to exert a long-lasting protective effect against brain aging. Hence, novel drugs mimicking the neuroprotective effect of long-term dietary restriction or exercise and the combination of the two since young age appear to be more appropriate treatments for the elderly who are unable to engage in long-term dietary restriction or exercise. © 2023 Elsevier B.V., All rights reserved.","Aerobic Exercise; Aging; Cognitive Impairment; D-galactose; Dietary Restriction; Galactose; Sodium Chloride; Galactose; Galactose; Sodium Chloride; Adult; Aerobic Exercise; Aging; Alzheimer Disease; Animal Cell; Animal Experiment; Animal Tissue; Article; Astrocyte; Brain Aging; Brain Metabolism; Cell Aging; Cell Structure; Cognition; Cognitive Defect; Controlled Study; Diet Restriction; Hippocampus; Intermethod Comparison; Lifestyle Modification; Long Term Lifestyle Intervention; Male; Microglia; Mitochondrion; Nervous System Development; Nervous System Inflammation; Neuroprotection; Nonhuman; Outcome Assessment; Oxidative Stress; Rat; Synapse; Synaptic Disorder; Synaptic Integrity; Transient Lifestyle Modification; Wistar Rat; Young Adult; Aged; Animal; Human; Lifestyle; Adult; Aged; Aging; Animals; Galactose; Humans; Life Style; Male; Neuroprotection; Oxidative Stress; Rats; Rats, Wistar; Young Adult"
"MiR-423-5p promotes Müller cell activation via targeting NGF signaling in diabetic retinopathy","2023","Life Sciences","10.1016/j.lfs.2023.122217","https://www.scopus.com/inward/record.uri?eid=2-s2.0-85176217121&doi=10.1016%2Fj.lfs.2023.122217&partnerID=40&md5=a37d34ede1ee3b56a07a83f3de67f240","Aims: Diabetic retinopathy (DR) is a common microvascular complication of diabetes mellitus and one of the major causes of visual impairment and blindness in industrialized countries. The early neuro-glial perturbations, especially retinal Müller cells (rMC) activation, intimately associated with the vascular alterations. MicroRNAs (miRNAs) have been reported to play critical roles in the progression of DR. Here, we aimed to further explore the role and underlying mechanism of miR-423-5p in Müller cell activation in streptozotocin (STZ)-induced diabetic mice and oxygen-induced retinopathy (OIR) model. Materials and methods: Retinal histology, optical coherence tomography (OCT) and biochemical markers were assessed. Key findings: Our data revealed that the expression of miR-423-5p was significantly increased under high-glucose environment. We also demonstrated that miR-423-5p overexpression markedly accelerated retinal vascular leakage, leukocytosis, and rMC activation. This response was ameliorated in animals pre-treated with the inhibition of miR-423-5p. Specifically, miR-423-5p bound to the nerve growth factor (NGF) 3′ UTR region to induce its silencing. NGF inhibition significantly promoted retinal microvascular dysfunction. Significance: These findings demonstrate that miR-423-5p is a critical miRNA that promotes microvascular dysfunction in DR. © 2023 Elsevier B.V., All rights reserved.","Diabetic Retinopathy; Mir-423-5p; Müller Cells; Ngf; Glucose; Nerve Growth Factor; Micrornas; Nerve Growth Factor; Biochemical Marker; Glucose; Microrna; Mir 423 5p; Nerve Growth Factor; Unclassified Drug; 3' Untranslated Region; Angiogenesis; Animal Cell; Animal Experiment; Animal Model; Animal Tissue; Article; Cell Activation; Controlled Study; Diabetic Retinopathy; Down Regulation; Gene Overexpression; Gene Silencing; Histology; Mouse; Mueller Cell; Nonhuman; Optical Coherence Tomography; Oxygen-induced Retinopathy; Protein Expression; Protein Function; Rat; Retina Blood Vessel; Signal Transduction; Streptozotocin-induced Diabetes Mellitus; Animal; Experimental Diabetes Mellitus; Genetics; Macroglia; Metabolism; Pathology; Animals; Diabetes Mellitus, Experimental; Diabetic Retinopathy; Ependymoglial Cells; Mice; Micrornas; Nerve Growth Factor"
"Corrigendum to “Current understanding of structural and molecular changes in diabetic cardiomyopathy” [Life Sciences 332 (2023) 122087](S0024320523007221)(10.1016/j.lfs.2023.122087)","2023","Life Sciences","10.1016/j.lfs.2023.122168","https://www.scopus.com/inward/record.uri?eid=2-s2.0-85176150236&doi=10.1016%2Fj.lfs.2023.122168&partnerID=40&md5=c67db66f31b4fd2561a5bb7959fd5c62","The authors regret that one of the author's name has been wrongly written as Ziad Saeed Almalki, his correct name is Ziyad Saeed Almalki. The author's name listed in this corrigendum are correct and complete. The authors would like to apologise for any inconvenience caused. © 2023 Elsevier B.V., All rights reserved.","Erratum"
"The chromatin remodeling protein BRG1 contributes to liver ischemia-reperfusion injury by regulating NOXA expression","2023","Life Sciences","10.1016/j.lfs.2023.122235","https://www.scopus.com/inward/record.uri?eid=2-s2.0-85176144819&doi=10.1016%2Fj.lfs.2023.122235&partnerID=40&md5=10b2c75ce1826965aa553a86c8a03140","Aims: Hepatic ischemia-reperfusion injury (IRI) is a common complication secondary to liver transplantation. Extensive death of hepatocytes, typically in the form of apoptosis, is observed in and contributes to IRI. In the present study we investigated the role of BRG1 (encoded by Smarca4), a chromatin remodeling protein, in the pathogenesis of liver IRI focusing on the transcriptional mechanism and translational potential. Methods: Smarca4f/f mice were crossed to Alb-Cre mice to generate hepatocytes-specific BRG1 knockout mice (CKO). Alterations in cellular transcriptome were evaluated by RNA-seq. Results: BRG1 expression was up-regulated in liver tissues of mice subjected to I/R and in hepatocytes exposed to hypoxia-reoxygenation (H/R). Compared to wild type (WT) littermates, the BRG1 CKO mice displayed significant amelioration of liver injury following ischemia-reperfusion as evidenced by decreased ALT/AST levels and cell apoptosis. Primary hepatocytes isolated from the CKO mice were protected from H/R-induced apoptosis compared to those from the WT mice. RNA-seq analysis revealed phorbol-12-myristate-13-acetate-induced protein 1 (PMAIP1, also known as NOXA) as a novel target for BRG1. Consistently, NOXA knockdown attenuated liver IRI in mice. More importantly, administration of a small-molecule BRG1 inhibitor (PFI-3) protected the mice from liver IRI. Conclusions: Our data uncover a pivotal role for BRG1 in liver IRI and suggest that targeting BRG1 with small-molecule inhibitors can be considered as a reasonable therapeutic strategy. © 2023 Elsevier B.V., All rights reserved.","Apoptosis; Hepatocyte; Ischemia-reperfusion Injury; Transcriptional Regulation; Alanine Aminotransferase; Aspartate Aminotransferase; Apoptosis Regulatory Proteins; Pfi 3; Alanine Aminotransferase; Aspartate Aminotransferase; Brg1 Protein; Pfi 3; Protein Inhibitor; Protein Noxa; Transcriptome; Unclassified Drug; Apoptosis Regulatory Protein; Alanine Aminotransferase Level; Animal Experiment; Animal Model; Animal Tissue; Apoptosis; Article; Aspartate Aminotransferase Level; C57bl 6 Mouse; Chromatin Assembly And Disassembly; Controlled Study; Drug Mechanism; Hepatic Ischemia Reperfusion Injury; Histopathology; Hypoxia; Knockout Mouse; Liver Cell; Liver Injury; Liver Protection; Liver Tissue; Mouse; Nonhuman; Protein Expression; Real Time Polymerase Chain Reaction; Reoxygenation; Rna Isolation; Rna Sequencing; Upregulation; Western Blotting; Animal; C57bl Mouse; Liver; Metabolism; Reperfusion Injury; Animals; Apoptosis; Apoptosis Regulatory Proteins; Chromatin Assembly And Disassembly; Hepatocytes; Liver; Mice; Mice, Inbred C57bl; Mice, Knockout; Reperfusion Injury"
"Lactiplantibacillus plantarum GL001 alleviates jejunal oxidative damage induced by intestinal ischemia-reperfusion injury by influencing jejunal tissue metabolism through the improvement of jejunal microbial composition","2023","Life Sciences","10.1016/j.lfs.2023.122234","https://www.scopus.com/inward/record.uri?eid=2-s2.0-85176130123&doi=10.1016%2Fj.lfs.2023.122234&partnerID=40&md5=6645f5d81748ff43000b64c3d27523f2","Intestinal ischemia-reperfusion (IIR) injury is associated with inflammation and oxidative stress, yet its precise mechanisms remain not fully understood. IIR injury is closely linked to the gut microbiota and its metabolites. The anti-inflammatory and antioxidant effects of Lactiplantibacillus plantarum are specific to IIR. In our study, we conducted a 30-day pre-treatment of SD rats with both a standard strain of Lactiplantibacillus plantarum and Lactiplantibacillus plantarum GL001. After a 7-day cessation of treatment, we induced an IIR injury model to investigate the mechanisms by which Lactiplantibacillus plantarum alleviates IIR damage. The results demonstrate that Lactiplantibacillus plantarum effectively mitigates the inflammatory and oxidative stress damage induced by IIR. Lactiplantibacillus plantarum GL001 can improve the gut microbiota by reducing the abundance of harmful bacteria and increasing the abundance of beneficial bacteria. In IIR intestinal tissue, the levels of secondary bile acids are elevated. The content of the bacterial metabolite Calcimycin increases. Annotations of metabolic pathways suggest that Lactiplantibacillus plantarum GL001 can alleviate IIR damage by modulating calcium-phosphorus homeostasis through the regulation of parathyroid hormone synthesis, secretion, and action. Microbiota-metabolite correlation analysis reveals a significant negative correlation between calcimycin and Lactonacillus and a significant positive correlation between calcimycin and Shigella. There is also a significant positive correlation between calcimycin and secondary bile acids. Lactiplantibacillus plantarum GL001 can alleviate oxidative damage induced by IIR through improvements in gut microbiota and intestinal tissue metabolism. © 2023 Elsevier B.V., All rights reserved.","Calcimycin; Gut Microbiota; Intestinal Ischemia-reperfusion; Lactiplantibacillus Plantarum Gl001; Secondary Bile Acids; Calcimycin; Calcium; Parathyroid Hormone; Phosphorus; Bile Acids And Salts; Calcimycin; Bile Acid; Calcimycin; Calcium; Messenger Rna; Parathyroid Hormone; Phosphorus; Probiotic Agent; Rna 16s; Animal Experiment; Animal Model; Animal Tissue; Antiinflammatory Activity; Antioxidant Activity; Article; Bacillus; Bacterial Strain; Controlled Study; Correlation Analysis; Drug Efficacy; Homeostasis; Hormone Action; Hormone Release; Hormone Synthesis; Immunofluorescence; Immunohistochemistry; Intestine Flora; Intestine Tissue; Jejunum; Lactiplantibacillus Plantarum Gl001; Male; Metabolomics; Nonhuman; Oxidative Stress; Population Abundance; Rat; Reperfusion Injury; Shigella; Tissue Metabolism; Tunel Assay; Ultrastructure; Western Blotting; Animal; Bacterium; Metabolism; Sprague Dawley Rat; Animals; Bacteria; Bile Acids And Salts; Calcimycin; Oxidative Stress; Rats; Rats, Sprague-dawley; Reperfusion Injury"
"Molecular pathways of NF-ĸB and NLRP3 inflammasome as potential targets in the treatment of inflammation in diabetic wounds: A review","2023","Life Sciences","10.1016/j.lfs.2023.122228","https://www.scopus.com/inward/record.uri?eid=2-s2.0-85176123350&doi=10.1016%2Fj.lfs.2023.122228&partnerID=40&md5=0fbb783e95f7e6442128f62b0aed188a","Diabetic wounds are slow healing wounds characterized by disordered healing processes and frequently take longer than three months to heal. One of the defining characteristics of impaired diabetic wound healing is an abnormal and unresolved inflammatory response, which is primarily brought on by abnormal macrophage innate immune signaling activation. The persistent inflammatory state in a diabetic wound may be attributed to inflammatory pathways such as nuclear factor kappa B (NF-ĸB) and nod-like receptor family pyrin domain-containing 3 (NLRP3) inflammasome, which have long been associated with inflammatory diseases. Despite the available treatments for diabetic foot ulcers (DFUs) that include debridement, growth factor therapy, and topical anti-bacterial agents, successful wound healing is still hampered. Further understanding of the molecular mechanism of these pathways could be useful in designing potential therapeutic targets for diabetic wound healing. This review provides an update and novel insights into the roles of NF-ĸB and NLRP3 pathways in the molecular mechanism of diabetic wound inflammation and their potential as therapeutic targets in diabetic wound healing. © 2023 Elsevier B.V., All rights reserved.","Diabetic Wound; Inflammation; Nf-ĸb; Nlrp3 Inflammasome; Advanced Glycation End Product Receptor; Alginic Acid; Berberine; Cod Liver Oil; Curcumin; Gallocatechin; Gamma Tocopherol; Gelatin; Icariin; Lupeol; Neferine; Rutoside; Syringic Acid; Inflammasomes; Nf-kappa B; Nlr Family, Pyrin Domain-containing 3 Protein; 2,6 Bis[2 (trifluoromethyl)benzylidene]cyclohexanone; Advanced Glycation End Product; Advanced Glycation End Product Receptor; Alginic Acid; Angelica Dahurica Extract; Bacterium Lipopolysaccharide; Berberine; Chitosan Nanoparticle; Clove Flower Extract; Cod Liver Oil; Cryopyrin; Curcumin; Cyclohexanone Derivative; Gallocatechin; Gamma Tocopherol; Gelatin; Hydrogel; Icariin; Immunoglobulin Enhancer Binding Protein; Inflammasome; Kirenol; Lupeol; Nanocolloid; Nanosphere; Neferine; Phytochemical; Plant Extract; Reactive Oxygen Metabolite; Rheum Officinale Extract; Rutoside; Silver Nanoparticle; Sinecatechins; Syringic Acid; Unclassified Drug; Vernonia Amygdalina Extract; Wound Healing Promoting Agent; Angelica Dahurica; Antiinflammatory Activity; Diabetic Wound; Drug Delivery System; Drug Targeting; Gymnanthemum Amygdalinum; Human; Hyperglycemia; Inflammation; Medicinal Plant; Nf Kb Signaling; Nonhuman; Pathogenesis; Protein Function; Review; Rheum Officinale; Signal Transduction; Wound Healing Impairment; Diabetes Mellitus; Diabetic Foot; Metabolism; Diabetes Mellitus; Diabetic Foot; Humans; Inflammasomes; Inflammation; Nf-kappa B; Nlr Family, Pyrin Domain-containing 3 Protein"
"Mitochondrial trafficking as a protective mechanism against chemotherapy drug-induced peripheral neuropathy: Identifying the key site of action","2023","Life Sciences","10.1016/j.lfs.2023.122219","https://www.scopus.com/inward/record.uri?eid=2-s2.0-85176097234&doi=10.1016%2Fj.lfs.2023.122219&partnerID=40&md5=42262b8288e52c89ad17648806ebe98c","Aims: Chemotherapy induced peripheral neuropathy (CIPN) is a common side effect seen in patients who have undergone most chemotherapy treatments to which there are currently no treatment methods. CIPN has been shown to cause axonal degeneration leading to Peripheral Neuropathy (PN), which can lead to major dosage reduction and may prevent further chemotherapy treatment due to oftentimes debilitating pain. Previously, we have determined the site-specific action of Paclitaxel (PTX), a microtubule targeting agent, as well as the neuroprotective effect of Fluocinolone Acetonide (FA) against Paclitaxel Induced Peripheral Neuropathy (PIPN). Main methods: Mitochondrial trafficking analysis was determined for all sample sets, wherein FA showed enhanced anterograde (axonal) mitochondrial trafficking leading to neuroprotective effects for all samples. Key findings: Using this system, we demonstrate that PTX, Monomethyl auristatin E (MMAE), and Vincristine (VCR), are toxic at clinically prescribed levels when treated focally to axons. However, Cisplatin (CDDP) was determined to have a higher toxicity when treated to cell bodies. Although having different targeting mechanisms, the administration of FA was determined to have a significant neuroprotective effect for against all chemotherapy drugs tested. Significance: This study identifies key insights regarding site of action and neuroprotective strategies to further development as potential therapeutics against CIPN. FA was treated alongside each chemotherapy drug to identify the neuroprotective effect against CIPN, where FA was found to be neuroprotective for all drugs tested. This study found that treatment with FA led to an enhancement in the anterograde movement of mitochondria based on fluorescent imaging. © 2023 Elsevier B.V., All rights reserved.","Axonal Degeneration; Chemotherapy Induced Peripheral Neuropathy; Cisplatin; Fluocinolone Acetonide; Paclitaxel, Monomethyl Auristatin E; Vincristine; Cisplatin; Fluocinolone Acetonide; Paclitaxel; Vedotin; Vincristine; Antineoplastic Agents; Cisplatin; Neuroprotective Agents; Paclitaxel; Pharmaceutical Preparations; Cisplatin; Fluocinolone Acetonide; Paclitaxel; Vedotin; Vincristine; Antineoplastic Agent; Drug; Neuroprotective Agent; Article; Cell Body; Cell Growth; Cell Migration; Chemotherapy-induced Peripheral Neuropathy; Controlled Study; Human; Human Cell; In Vitro Study; Mitochondrial Dynamics; Nerve Fiber Degeneration; Neurite Outgrowth; Neuroprotection; Neurotoxicity; Spinal Ganglion; Mitochondrion; Peripheral Neuropathy; Antineoplastic Agents; Cisplatin; Humans; Mitochondria; Neuroprotective Agents; Paclitaxel; Peripheral Nervous System Diseases; Pharmaceutical Preparations"
"Therapeutic role of 2-stearoxyphenethyl phosphocholine targeting microtubule dynamics and Wnt/β-catenin/EMT signaling in human colorectal cancer cells","2023","Life Sciences","10.1016/j.lfs.2023.122227","https://www.scopus.com/inward/record.uri?eid=2-s2.0-85175866377&doi=10.1016%2Fj.lfs.2023.122227&partnerID=40&md5=ae907a2698db7b95c282b9fba718c97a","The inhibition of cell death, perturbation of microtubule dynamics, and acceleration of Wnt/β-catenin/epithelial-mesenchymal transition (EMT) signaling are fundamental processes in the progression and metastasis of colorectal cancer (CRC). To explore the role of 2-stearoxyphenethyl phosphocholine (stPEPC), an alkylphospholipid-based compound, in CRC, we conducted an MTT assay, cell cycle analysis, western blot analysis, immunoprecipitation, immunofluorescence staining, Annexin V/propidium iodide double staining, small interfering RNA gene silencing, a wound-healing assay, an invasion assay, and terminal deoxynucleotidyl transferase dUTP nick end labeling (TUNEL) assay in the human CRC cell lines HT29 and HCT116. stPEPC showed anti-proliferative properties and mitotic cell accumulation via upregulated phosphorylation of BUBR1 and an association between mitotic arrest deficiency 2 (MAD2) and cell division cycle protein 20 homolog (CDC20). These results suggest that activation of the mitotic checkpoint complex and tubulin polymerization occurred, resulting in mitotic catastrophe in HT29 and HCT116 cells. In addition, stPEPC attenuated cell migration and invasion by regulating proteins mediated by EMT, such as E-cadherin and occludin. stPEPC altered the protein expression of Wnt3a and phosphorylation of low-density lipoprotein receptor-related protein 6 (LRP6), glycogen synthase kinase 3β (GSK3β), and β-catenin as well as their target genes, including cMyc and cyclin D1, in CRC cells. Thus, stPEPC may be useful for developing new drugs to treat human CRC. © 2023 Elsevier B.V., All rights reserved.","2-stearoxyphenethyl Phosphocholine; Epithelial-mesenchymal Transition; Microtubule Dynamic; Wnt/β-catenin; Glycogen Synthase Kinase 3alpha; Glycogen Synthase Kinase 3beta; Lipocortin 5; Phosphorylcholine; Propidium Iodide; Beta Catenin; Cell Cycle Proteins; Glycogen Synthase Kinase 3 Beta; Phosphorylcholine; 2 Stearoxyphenethyl Phosphocholine; Beta Catenin; Bub1 Related Protein; Cell Cycle Protein 20; Cyclin D1; Glycogen Synthase Kinase 3beta; Lipocortin 5; Low Density Lipoprotein Receptor Related Protein 6; Microtubule Protein; Myc Protein; Phosphorylcholine; Propidium Iodide; Protein Mad2; Small Interfering Rna; Tubulin; Unclassified Drug; Wnt Protein; Wnt3a Protein; Cell Cycle Protein; Article; Canonical Wnt Signaling; Cell Cycle; Cell Invasion; Cell Invasion Assay; Cell Migration; Cell Proliferation; Colorectal Cancer Cell Line; Controlled Study; Epithelial Mesenchymal Transition; Gene Silencing; Gene Targeting; Hct 116 Cell Line; Ht-29 Cell Line; Human; Human Cell; Immunofluorescence; Immunoprecipitation; M Phase Cell Cycle Checkpoint; Mitosis; Mtt Assay; Polymerization; Protein Expression; Protein Function; Protein Phosphorylation; Staining; Tunel Assay; Upregulation; Western Blotting; Wound Healing Assay; Cell Motion; Colorectal Tumor; Genetics; Metabolism; Microtubule; Pathology; Tumor Cell Line; Wnt Signaling; Beta Catenin; Cell Cycle Proteins; Cell Line, Tumor; Cell Movement; Cell Proliferation; Colorectal Neoplasms; Epithelial-mesenchymal Transition; Glycogen Synthase Kinase 3 Beta; Humans; Microtubules; Phosphorylcholine; Wnt Signaling Pathway"
"Fgf21-Dubosiella axis mediates the protective effects of exercise against NAFLD development","2023","Life Sciences","10.1016/j.lfs.2023.122231","https://www.scopus.com/inward/record.uri?eid=2-s2.0-85175850927&doi=10.1016%2Fj.lfs.2023.122231&partnerID=40&md5=baaeae6c2613c548f2ca47a48f8013a4","Aim: To explore the mechanism of gut microbiota mediates protective effects of exercise against non-alcoholic fatty liver disease (NAFLD) development. Main methods: The male C57BL/6 mice were fed with high fat food (HFD) or normal diet (CON) respectively, and the obese mice were randomly divided into sedentariness (HFD) and exercise groups (HFD + Exe). The total intervention period was 18 weeks. Antibiotic treatment and fecal microbiota transplantation were applied to evaluate gut microbiota mediates the protective effects of exercise against NAFLD development. 16S rDNA profiling of gut microbiota and extracorporeal rehydration of Dubosiella newyorkensis were performed to identify the crucial role of Dubosiella in NAFLD improvement during exercise training. FGF21 knock-out mice were used to reveal the potential mechanism of exercise increased the abundance of Dubosiella. RT-PCR, Western blot, Histopathological examinations and Biochemical testing were performed to evaluate the lipid deposition and function in the liver. Key findings: Treadmill exercise significantly ameliorated hepatic function and mitigated lipid accumulation in NAFLD mice, and these hepatoprotective benefits were mostly mediated by the Dubosiella. In addition, the increased abundance of Dubosiella during exercise training was modulated by FGF21 specifically. Significance: In short, Dubosiella, chiefly regulated by FGF21 signaling during exercise training, has been discovered to govern the protective impacts of exercising counter to the development of NAFLD and exhibits a promising treatment target for NAFLD. © 2023 Elsevier B.V., All rights reserved.","Dubosiella; Fibroblast Growth Factor 21; Non-alcoholic Fatty Liver Disease; Treadmill Exercise; Ampicillin; Metronidazole; Neomycin; Vancomycin; Lipid; Fibroblast Growth Factor 21; Lipids; Ampicillin; Dna 16s; Fibroblast Growth Factor 21; Metronidazole; Neomycin; Peptides And Proteins; Scd 1 Protein; Sterol Regulatory Element Binding Protein 1; Tumor Necrosis Factor Receptor Superfamily Member 6; Unclassified Drug; Vancomycin; Lipid; Animal Experiment; Animal Model; Area Under The Curve; Article; Controlled Study; Dubosiella Newyorkensis; Enzyme Inhibition; Fecal Microbiota Transplantation; Glucose Tolerance Test; Gram Positive Bacterium; Histopathology; Intervention Study; Intestine Flora; Lipid Diet; Lipid Storage; Male; Mouse; Nonalcoholic Fatty Liver; Nonhuman; Real Time Polymerase Chain Reaction; Treadmill Exercise; Western Blotting; Animal; C57bl Mouse; Exercise; Pathology; Animals; Diet, High-fat; Exercise; Lipids; Male; Mice; Mice, Inbred C57bl; Non-alcoholic Fatty Liver Disease"
"The influence of microenvironment stiffness on endothelial cell fate: Implication for occurrence and progression of atherosclerosis","2023","Life Sciences","10.1016/j.lfs.2023.122233","https://www.scopus.com/inward/record.uri?eid=2-s2.0-85175848068&doi=10.1016%2Fj.lfs.2023.122233&partnerID=40&md5=74afc7e9b4c47795730cd05904bf62c7","Atherosclerosis, the primary cause of cardiovascular diseases (CVDs), is characterized by phenotypic changes in fibrous proliferation, chronic inflammation and lipid accumulation mediated by vascular endothelial cells (ECs) and vascular smooth muscle cells (SMCs) which are correlated with the stiffening and ectopic remodeling of local extracellular matrix (ECM). The native residents, ECs and SMCs, are not only affected by various chemical factors including inflammatory mediators and chemokines, but also by a range of physical stimuli, such as shear stress and ECM stiffness, presented in the microenvironmental niche. Especially, ECs, as a semi-selective barrier, can sense mechanical forces, respond quickly to changes in mechanical loading and provide context-specific adaptive responses to restore homeostasis. However, blood arteries undergo stiffening and lose their elasticity with age. Reports have shown that the ECM stiffening could influence EC fate by changing the cell adhesion, spreading, proliferation, cell to cell contact, migration and even communication with SMCs. The cell behaviour changes mediated by ECM stiffening are dependent on the activation of a signaling cascade of mechanoperception and mechanotransduction. Although the substantial evidence directly indicates the importance of ECM stiffening on the native ECs, the understanding about this complex interplay is still largely limited. In this review, we systematically summarize the roles of ECM stiffening on the behaviours of endothelial cells and elucidate the underlying details in biological mechanism, aiming to provide the process of how ECs integrate ECM mechanics and the highlights for bioaffinity of tissue-specific engineered scaffolds. © 2023 Elsevier B.V., All rights reserved.","Atherosclerosis Pathophysiology; Cell Mechanosensing; Endothelial Cells Dysfunction; Vascular Extracellular Matrix Niche; Vascular Stiffness; Polyacrylamide Gel; Arterial Stiffness; Atherosclerosis; Blood Vessel Wall; Cell Activation; Cell Adhesion; Cell Contact; Cell Fate; Cell Function; Cell Migration; Cell Proliferation; Disease Exacerbation; Elasticity; Endothelium Cell; Extracellular Matrix; Human; Intracellular Signaling; Mechanosensing; Microenvironment; Nonhuman; Review; Rigidity; Shear Stress; Tissue Specificity; Vascular Smooth Muscle Cell; Mechanotransduction; Metabolism; Atherosclerosis; Cell Adhesion; Endothelial Cells; Extracellular Matrix; Humans; Mechanotransduction, Cellular"
"Effects of myeloid immune cells on the metabolic process of biomimetic bone regeneration","2023","Life Sciences","10.1016/j.lfs.2023.122251","https://www.scopus.com/inward/record.uri?eid=2-s2.0-85175847824&doi=10.1016%2Fj.lfs.2023.122251&partnerID=40&md5=04cc08ba775036ea34541d791483b7f8","Aims: As the process of bone regeneration is preceded by an inflammatory response, the immune system has long been considered important for fracture healing. Despite many studies on the contribution of immune cells to bone-related diseases, the role of immune cells in the regeneration therapy of lost bone is not well understood. In addition, various types of cells are involved in the clinical bone regeneration environment, but most of the osteo-biology studies are conducted in an osteoblast-only environment. Materials and methods: Here, we investigated the effects of macrophages and dendritic cells on osteogenic differentiation in a co-culture environment involving human periosteal cell-derived osteoblasts, human monocyte-derived osteoclasts, and myeloid-derived cells. In addition, the cluster of myeloid immune cells involved in the clinical bone regeneration process was analyzed through bone defect rat modeling. Key findings: We found that specific types of myeloid cells and related cytokines increased osteogenic differentiation. These results were confirmed in experiments using myeloid cells originating from human primitive peripheral blood mononuclear cells and by measuring the colonization of macrophages and dendritic cells in an in vivo bone defect environment. In addition, Next generation sequencing (NGS) analysis was performed through RNA sequencing for osteogenesis caused by macrophages and dendritic cells in vitro, which implemented a clinical bone regeneration environment. The results of these experiments suggest that the role of M2 macrophages or dendritic cells is markedly increased during osteogenic differentiation. Therefore, we propose that the exchange of bioactive factors between macrophages and dendritic cells during the bone formation metabolic process is a crucial step of tissue regeneration rather than limited to the initial inflammatory response. Significance: This study indicates that M2 macrophages, among myeloid cells, can be mediators that play a vital role in the effective bone regeneration process and shows the potential as a useful next-generation advanced cell therapy for bone regeneration treatment. © 2023 Elsevier B.V., All rights reserved.","Biomimetic Bone Regeneration; Cytokine; Dendritic Cell; Macrophage; Osteoimmunological Therapy; Gamma Interferon; Gamma Interferon Inducible Protein 10; Intercellular Adhesion Molecule 1; Interleukin 13; Interleukin 8; Macrophage Inflammatory Protein 1alpha; Plasminogen Activator Inhibitor 1; Cxcl1 Chemokine; Gamma Interferon; Gamma Interferon Inducible Protein 10; Intercellular Adhesion Molecule 1; Interleukin 1 Receptor Blocking Agent; Interleukin 13; Interleukin 1beta; Interleukin 4; Interleukin 8; Macrophage Inflammatory Protein 1alpha; Macrophage Migration Inhibition Factor; Monocyte Chemotactic Protein 1; Plasminogen Activator Inhibitor 1; Rantes; Serine Proteinase Inhibitor; Serpin E1; Unclassified Drug; Animal Experiment; Animal Model; Article; Biomimetic Bone Regeneration; Biomimetics; Bone Defect; Bone Development; Bone Marrow Cell; Bone Metabolism; Bone Regeneration; Cell Differentiation; Cellular Immunotherapy; Coculture; Controlled Study; Dendritic Cell; High Throughput Sequencing; Human; Human Cell; Immunocompetent Cell; In Vitro Study; In Vivo Study; M2 Macrophage; Macrophage; Male; Monocyte; Nonhuman; Ossification; Osteoblast; Osteoclast; Osteoimmunological Therapy; Peripheral Blood Mononuclear Cell; Rat; Rna Sequencing; Tissue Regeneration; Animal; Metabolism; Mononuclear Cell; Animals; Biomimetics; Bone Regeneration; Cell Differentiation; Humans; Leukocytes, Mononuclear; Macrophages; Osteogenesis; Rats"
"Synthesis and characterization of a silk fibroin/placenta matrix hydrogel for breast reconstruction","2023","Life Sciences","10.1016/j.lfs.2023.122236","https://www.scopus.com/inward/record.uri?eid=2-s2.0-85175720841&doi=10.1016%2Fj.lfs.2023.122236&partnerID=40&md5=6c5476f1119aefa98a406625a44012a1","Reconstructive surgery is a complex and demanding interdisciplinary field. One of the major challenges is the production of sizeable, implantable, inexpensive bioprostheses such as breast implants. In this study, porous hybrid hydrogels were fabricated by a combinatorial method using decellularized human placenta (dHplacenta) and silk fibroin. Histology was used to confirm the acellularity of the dHplacenta. The physio-chemical properties of the hydrogels were evaluated using SEM, FTIR, and rheological assays. The synthesized hydrogels exhibited a uniform 3-D microstructure with an interconnected porous network, and the hybrid hydrogels with a 30/70 ratio had improved mechanical properties compared to the other hydrogels. Hybrid hydrogels were also cultured with adipose-derived mesenchymal stem cells (ADSCs). Liposuction was used to obtain adipose tissue from patients, which was then characterized using flow cytometry and karyotyping. The results showed that CD34 and CD31 were downregulated, whereas CD105 and CD90 were upregulated in ADSCs, indicating a phenotype resembling to that of mesenchymal stem cells from the human bone marrow. Moreover, after re-cellularized hydrogel, the live/dead assay and SEM analysis confirmed that most viability and cellular expansion on the hydrogels contained higher ratios of dHplacenta (30/70) than the other two groups. All these findings recapitulated that the 30/70 dHplacenta/silk fibroin hydrogel can perform as an excellent substrate for breast tissue engineering applications. © 2023 Elsevier B.V., All rights reserved.","Breast; Hydrogel; Placenta; Silk Fibroin; Tissue Engineering; Fibroin; Biocompatible Materials; Fibroins; Hydrogels; Cd34 Antigen; Hydrogel; Platelet Endothelial Cell Adhesion Molecule 1; Silk Fibroin; Biomaterial; Fibroin; Adipose Tissue; Adipose-derived Mesenchymal Stem Cell; Article; Assay; Breast Reconstruction; Cell Expansion; Controlled Study; Decellularized Human Placenta; Flow Cytometry; Fourier Transform Infrared Spectroscopy; Human; Human Tissue; In Vitro Study; Incubation Time; Karyotyping; Liposuction; Mesenchymal Stem Cell; Phenotype; Physical Chemistry; Placenta; Rheological Assay; Scanning Electron Microscopy; Synthesis; Tissue Engineering; Upregulation; Chemistry; Procedures; Biocompatible Materials; Fibroins; Humans; Hydrogels; Mammaplasty; Tissue Engineering"
"Stem cell heterogeneity, plasticity, and regulation","2023","Life Sciences","10.1016/j.lfs.2023.122240","https://www.scopus.com/inward/record.uri?eid=2-s2.0-85175713717&doi=10.1016%2Fj.lfs.2023.122240&partnerID=40&md5=824982ea57d9e4467e522c97e03e7a78","As a population of homogeneous cells with both self-renewal and differentiation potential, stem cell pools are highly compartmentalized and contain distinct subsets that exhibit stable but limited heterogeneity during homeostasis. However, their striking plasticity is showcased under natural or artificial stress, such as injury, transplantation, cancer, and aging, leading to changes in their phenotype, constitution, metabolism, and function. The complex and diverse network of cell-extrinsic niches and signaling pathways, together with cell-intrinsic genetic and epigenetic regulators, tightly regulate both the heterogeneity during homeostasis and the plasticity under perturbation. Manipulating these factors offers better control of stem cell behavior and a potential revolution in the current state of regenerative medicine. However, disruptions of normal regulation by genetic mutation or excessive plasticity acquisition may contribute to the formation of tumors. By harnessing innovative techniques that enhance our understanding of stem cell heterogeneity and employing novel approaches to maximize the utilization of stem cell plasticity, stem cell therapy holds immense promise for revolutionizing the future of medicine. © 2023 Elsevier B.V., All rights reserved.","Gene Therapy; Hematopoietic Stem Cells; Heterogeneity; Plasticity; Stem Cell; Stem Cell Cellular Therapy; Transcription Factor; Aging; Bioinformatics; Cancer Stem Cell; Cell Compartmentalization; Cell Composition; Cell Fate; Cell Function; Cell Heterogeneity; Cell Lineage; Cell Maturation; Cell Mutant; Cell Plasticity; Cell Therapy; Gene Therapy; Hematopoietic Stem Cell; Hematopoietic System; Homeostasis; Human; Intestine; Malignant Neoplasm; Neoplasm; Nonhuman; Phenotype; Physiological Stress; Pluripotent Stem Cell; Review; Signal Transduction; Stem Cell; Stem Cell Niche; Transcriptomics; Cell Differentiation; Metabolism; Aging; Cell Differentiation; Humans; Neoplasms; Signal Transduction; Stem Cells"
"Single-cell transcriptomic architecture and cellular communication circuits of parametrial adipose tissue in pregnant mice","2023","Life Sciences","10.1016/j.lfs.2023.122214","https://www.scopus.com/inward/record.uri?eid=2-s2.0-85175641484&doi=10.1016%2Fj.lfs.2023.122214&partnerID=40&md5=3813d1516494adcf955022ef0be7c7d5","Aims: The activity and interactions of cellular subpopulations in the adipose tissue microenvironment are critical for the coordination of local and systemic adaptation during pregnancy. With a particular interest in parametrial adipose tissue (PmAT), single-cell RNA-sequencing (scRNA-seq) was utilized to unveil the gestative cellular composition and functional shift. Materials and methods: To identify cell-type-enriched transcriptome profiles, a total of 18,074 cells in adipose tissue were studied. The cell populations were cataloged, and signaling crosstalk between adipocytes and other composition factions via soluble and membrane-bound factors were evaluated. Key findings: A marked decline of pregnancy adipocytes and relative elevation of non-adipocyte fractions were observed. A subpopulation of adipocytes, Adipo_5, with unique properties in the response to estrogen and the embryonic processes involved in pregnancy, was defined. Interactome analysis revealed the potential contribution of PmAT to the establishment of maternal-fetal immune tolerance. During gestation, adipocytes shut down outgoing signaling, resulting in deterioration of the resistin-related incoming signaling network in B cells, which would therefore benefit tissue-specific maternal-fetal tolerance. Furthermore, a subpopulation of adipocytes, Aipo_2, was also considered to take part in a paradigm shift in the process of pregnancy-induced chemical stiffness-triggered vesicular remodeling via the THBS signaling pathway network. Significance: These data-derived findings will encourage investigation into the role of pregnant PmTA in pregnancy-related immunological, hypertensive and metabolic disorders, with the ultimate goal of establishing preventive strategies to mitigate these pregnancy-related health challenges. This translational aspect of our work holds significant promise for improving maternal and fetal well-being. © 2023 Elsevier B.V., All rights reserved.","Adipose-immune Interaction; Parametrial Adipose Tissue; Pregnancy; Single-cell Rna-seq, Intercellular Communication; Estrogen; Resistin; Thrombospondin; Transcriptome; Adipocyte; Adipose Immune Interaction; Adipose Tissue; Animal Cell; Animal Experiment; Animal Tissue; Article; B Lymphocyte; Cell Communication; Cell Composition; Cell Population; Controlled Study; Female; Fetal Health; Hypertension; Immune System; Immunological Tolerance; Immunopathology; Maternal Welfare; Metabolic Disorder; Mouse; Nonhuman; Parametrial Adipose Tissue; Pregnancy; Quantitative Analysis; Signal Transduction; Single Cell Rna Seq; Wellbeing; Animal; Gene Expression Profiling; Metabolism; Adipocytes; Adipose Tissue; Animals; Cell Communication; Female; Gene Expression Profiling; Mice; Pregnancy; Transcriptome"
"Lipid peroxidation and liver damage in double and simple common bile duct ligation models in male Sprague-Dawley rats","2023","Life Sciences","10.1016/j.lfs.2023.122238","https://www.scopus.com/inward/record.uri?eid=2-s2.0-85175614645&doi=10.1016%2Fj.lfs.2023.122238&partnerID=40&md5=ccfa3db5c5033f0a896f5fd907d700de","Aims: Bacterial translocation, defined as the presence of living bacteria or bacterial fragments in both mesenteric lymph nodes or systemic circulation, can cause a severe inflammatory reaction in patients with cirrhosis. This study aimed to compare lipid peroxidation associated with liver damage in different experimental models of bile duct ligation: proximal double ligation and transection versus proximal simple ligation versus sham. Materials and methods: Sixty-two male rats underwent one of three bile duct surgical interventions: proximal double ligation and transection (n = 22); proximal simple ligation (n = 19); or sham operation (n = 21). We performed microbiological culture of mesenteric lymph nodes; portal and cava blood, spleen and liver cultures; and histological analysis of liver parenchyma. Samples of blood and liver were obtained at laparotomy for malondialdehyde quantification. Key findings: Serum malondialdehyde levels were significantly higher in simple ligature animals (3.7 nmol/mg, standard deviation [SD] 2.1) compared to controls (1.6 nmol/mg SD 0.5; p = 0.001) or double ligature (0.3 nmol/mg SD 0.3; p = 0.001). Liver malondialdehyde levels were significantly higher in animals subjected to double ligation vs controls (9.0 nmol/mg SD 2.8 vs. 1.7 nmol/mg SD 1.0; p = 0.0007) and simple ligature (2.9 nmol/mg SD 2.0; p = 0.0001). Overall incidence of bacterial translocation was similar in simple and double ligatures (22.2 % and 21 % respectively), and significantly higher than in controls. Significance: the type of bile duct ligation influences the type and localization of lipid peroxidation, but does not influence the development of bacterial translocation. © 2023 Elsevier B.V., All rights reserved.","Bile Ligature; Experimental Models; Lipid Peroxidation; Sprague-dawley Rats; Malonaldehyde; Malondialdehyde; Malonaldehyde; Adult; Animal Experiment; Animal Model; Animal Tissue; Article; Bacterial Translocation; Bacterium Culture; Bile Duct Ligation; Blood Culture; Blood Level; Cava Vein; Common Bile Duct; Controlled Study; Experimental Model; Hepatic Portal Vein; Histopathology; Laparotomy; Lipid Peroxidation; Liver Injury; Liver Level; Liver Tissue; Male; Mesentery Lymph Node; Nonhuman; Proximal Double Ligation And Transection; Rat; Sham Procedure; Simple Common Bile Duct Ligation; Spleen Tissue; Sprague Dawley Rat; Tissue Culture; Venous Blood; Animal; Bile Duct; Human; Ligation; Liver; Surgery; Animals; Bile Ducts; Common Bile Duct; Humans; Ligation; Lipid Peroxidation; Liver; Male; Malondialdehyde; Rats; Rats, Sprague-dawley"
"Periprostatic adipose tissue thromboinflammation triggers prostatic neoplasia in early metabolic impairment: Interruption by rivaroxaban","2023","Life Sciences","10.1016/j.lfs.2023.122225","https://www.scopus.com/inward/record.uri?eid=2-s2.0-85175570742&doi=10.1016%2Fj.lfs.2023.122225&partnerID=40&md5=276661f4f636032c6a012637028f37a6","Aims: Prostate cancer is among the highest incidence malignancies in men with a prevalence rate increasing in parallel to the rising global trends in metabolic disorders. Whereas a sizeable body of evidence links metabolic impairment to negative prognosis of prostate cancer, the molecular mechanism underlying this connection has not been thoroughly examined. Our previous work showed that localized adipose tissue inflammation occurring in select adipose depots in early metabolic derangement instigated significant molecular, structural, and functional alterations in neighboring tissues underlying the complications observed at this stage. In this context, the periprostatic adipose tissue (PPAT) constitutes an understudied microenvironment with potential influence on the prostatic milieu. Main methods and results: We show that PPAT inflammation occurs in early prediabetes with signs of increased thrombogenic activity including enhanced expression and function of Factor X. This was mirrored by early neoplastic alterations in the prostate with fibrosis, increased epithelial thickness with marked luminal cellular proliferation and enhanced formation of intraepithelial neoplasia. Significantly, interruption of the procoagulant state in PPAT by a 10-day anticoagulant rivaroxaban treatment not only mitigated PPAT inflammation, but also reduced signs of prostatic neoplastic changes. Moreover, rivaroxaban decreased the murine PLum-AD epithelial prostatic cell viability, proliferation, migration, and colony forming capacity, while increasing oxidative stress. A protease-activated receptor-2 agonist reversed some of these effects. Significance: We provide some evidence of a molecular framework for the crosstalk between PPAT and prostatic tissue leading to early neoplastic changes in metabolic impairment mediated by upregulation of PPAT thromboinflammation. © 2023 Elsevier B.V., All rights reserved.","Clotting Factors; Periprostatic Adipose Tissue; Prediabetes; Prostate Cancer; Rivaroxaban; Thromboinflammation; Blood Clotting Factor 10; Rivaroxaban; Rivaroxaban; Blood Clotting Factor 10; Proteinase Activated Receptor 2 Agonist; Receptor Blocking Agent; Rivaroxaban; Unclassified Drug; Animal Cell; Animal Experiment; Animal Model; Animal Tissue; Article; Blood Clotting; Cancer Inhibition; Carcinogenesis; Cell Migration; Cell Proliferation; Cell Viability; Colony Forming Unit; Controlled Study; Glucose Tolerance Test; Impaired Glucose Tolerance; Insulin Tolerance Test; Male; Metabolic Disorder; Nonhuman; Oxidative Stress; Periprostatic Adipose Tissue; Prostate Tumor; Protein Expression; Protein Protein Interaction; Rat; Thromboinflammation; Tumor Microenvironment; Upregulation; Adipose Tissue; Animal; Human; Inflammation; Metabolism; Mouse; Pathology; Thrombosis; Adipose Tissue; Animals; Humans; Inflammation; Male; Mice; Prostatic Neoplasms; Rivaroxaban; Thromboinflammation; Thrombosis; Tumor Microenvironment"
"Copper homeostasis and cuproptosis in mitochondria","2023","Life Sciences","10.1016/j.lfs.2023.122223","https://www.scopus.com/inward/record.uri?eid=2-s2.0-85175535025&doi=10.1016%2Fj.lfs.2023.122223&partnerID=40&md5=5646004df419967f6cfbf05e23b41290","Mitochondria serve as sites for energy production and are essential for regulating various forms of cell death induced by metal metabolism, targeted anticancer drugs, radiotherapy and immunotherapy. Cuproptosis is an autonomous form of cell death that depends on copper (Cu) and mitochondrial metabolism. Although the recent discovery of cuproptosis highlights the significance of Cu and mitochondria, there is still a lack of biological evidence and experimental verification for the underlying mechanism. We provide an overview of how Cu and cuproptosis affect mitochondrial morphology and function. Through comparison with ferroptosis, similarities and differences in mitochondrial metabolism between cuproptosis and ferroptosis have been identified. These findings provide implications for further exploration of cuproptotic mechanisms. Furthermore, we explore the correlation between cuproptosis and immunotherapy or radiosensitivity. Ultimately, we emphasize the therapeutic potential of targeting cuproptosis as a novel approach for disease treatment. © 2023 Elsevier B.V., All rights reserved.","Copper Homeostasis; Cuproptosis; Immunotherapy; Mitochondria; Radiosensitivity; Ceruloplasmin; Curcumin; Cytochrome C Oxidase; Disulfiram; Elesclomol; Ferredoxin; Sorafenib; Copper; Copper; Antineoplastic Agent; Ceruloplasmin; Copper Nanoparticle; Curcumin; Cytochrome C Oxidase; Disulfiram; Elesclomol; Erastin; Ferredoxin; Ferredoxin 1; Heat Shock Protein 70; Immune Checkpoint Inhibitor; Reactive Oxygen Metabolite; Sorafenib; Unclassified Drug; Copper; Apoptosis; Autophagy (cellular); Bladder Cancer; Chelation Therapy; Chemoradiotherapy; Citric Acid Cycle; Copper Blood Level; Copper Intake; Copper Metabolism; Cuproptosis; Ferroptosis; Human; Lipid Peroxidation; Lipoylation; Membrane Damage; Mitochondrial Membrane Potential; Mitochondrial Permeability; Mitochondrial Respiration; Mitochondrion; Nonhuman; Oxidative Stress; Parkinson Disease; Photodynamic Therapy; Protein Aggregation; Protein Misfolding; Radiosensitivity; Review; Tumor Immunity; Tumor Microenvironment; Cell Death; Homeostasis; Immunotherapy; Apoptosis; Cell Death; Copper; Homeostasis; Immunotherapy; Mitochondria"
"Corilagin attenuates intestinal ischemia/reperfusion injury in mice by inhibiting ferritinophagy-mediated ferroptosis through disrupting NCOA4-ferritin interaction","2023","Life Sciences","10.1016/j.lfs.2023.122176","https://www.scopus.com/inward/record.uri?eid=2-s2.0-85175459577&doi=10.1016%2Fj.lfs.2023.122176&partnerID=40&md5=81968175284aeadd9353e77bcd837824","Aims: Intestinal ischemia reperfusion (II/R) is a common clinical emergency. Ferroptosis is reported to play a role in II/R injury. Our previous studies revealed that corilagin significantly attenuates intestinal ischemia/reperfusion injuries. However, the underlying molecular mechanism is unclear and requires further study. Materials and methods: DAO, GSSG/T-GSH, MDA, and Fe2+ were measured by assay kits, 4-HNE was assessed by IHC, and 15-LOX was measured by ELISA. Mitochondrial damage was observed by TEM and cellular oxidation levels were detected by C11-BODIPY 581/591 and DHE probes. LC3, p62, Beclin1, ACSL4, GPX4, NCOA4, and ferritin expression were examined by WB in vivo and in vitro. IF, co-IF, q-PCR, and constructed NCOA4-knock-down IEC-6 cells were used to evaluate the role of NCOA4 in the effect of corilagin against II/R injury. Temporal and nucleoplasmic variations with or without corilagin were observed by WB. Co-IP and molecular docking were used to investigate the NCOA4-ferritin interaction. Key findings: Corilagin attenuated II/R-induced ferroptosis both in vitro and in vivo. Further study revealed that the anti-ferroptosis bioactivity of corilagin might be due to the modulation of iron homeostasis via inhibition of ferritinophagy in an NCOA4-dependent manner. Significance: Corilagin might be a potential therapeutic agent for II/R-induced tissue injury. © 2023 Elsevier B.V., All rights reserved.","Corilagin; Corilagin (pubchem Cid: 73568); Erastin (pubchem Cid: 11214940); Ferritinophagy; Ferroptosis; Ferrostatin-1 (pubchem Cid:4068248); Ischemia-reperfusion; Ly294002 (pubchem Cid: 3973); Mg-132 (pubchem Cid: 462382); Ncoa4; Nigericin (pubchem Cid: 16760591); 2 Morpholino 8 Phenylchromone; Amine Oxidase (copper Containing); Arachidonate 15 Lipoxygenase; Benzyloxycarbonylleucylleucylleucinal; Chondroitin Sulfate Iron; Corilagin; Ferritin; Ferrous Ion; Glutathione Disulfide; Malonaldehyde; Nigericin; Phospholipid Hydroperoxide Glutathione Peroxidase; Corilagin; Ferritins; Ly 294002; Mg 132; 2 Morpholino 8 Phenylchromone; Amine Oxidase (copper Containing); Arachidonate 15 Lipoxygenase; Beclin 1; Benzyloxycarbonylleucylleucylleucinal; Chondroitin Sulfate Iron; Corilagin; Erastin; Ferritin; Ferrous Ion; Glutathione Disulfide; Malonaldehyde; Nigericin; Nuclear Receptor Coactivator; Nuclear Receptor Coactivator 4; Phospholipid Hydroperoxide Glutathione Peroxidase; Sequestosome 1; Unclassified Drug; Animal Cell; Animal Experiment; Animal Model; Animal Tissue; Article; Controlled Study; Disorders Of Mitochondrial Functions; Enzyme Linked Immunosorbent Assay; Ferritinophagy; Ferroptosis; Iec-6 Cell Line; Immunofluorescence; Immunohistochemistry; In Vitro Study; In Vivo Study; Intestinal Ischemia Reperfusion Injury; Intestine Ischemia; Iron Homeostasis; Male; Molecular Docking; Molecular Mechanics; Mouse; Nonhuman; Oxidation; Phagocytosis; Polymerase Chain Reaction; Protein Expression; Protein Function; Protein Protein Interaction; Reperfusion Injury; Transmission Electron Microscopy; Western Blotting; Animal; Ischemia; Mesenteric Ischemia; Animals; Ferritins; Ferroptosis; Ischemia; Mesenteric Ischemia; Mice; Molecular Docking Simulation; Reperfusion Injury"
"Corrigendum to “MiR-302b regulates cell functions and acts as a potential biomarker to predict recurrence in bladder cancer” [Life Sciences, 209 (2018) 15–23, (S0024320518304430), (10.1016/j.lfs.2018.07.057)]","2023","Life Sciences","10.1016/j.lfs.2023.122169","https://www.scopus.com/inward/record.uri?eid=2-s2.0-85175456470&doi=10.1016%2Fj.lfs.2023.122169&partnerID=40&md5=4f84037d1cff0ed53bf175a3069a54fa","The authors regret to inform the readers that an error related to data handling/labelling during the preparation of the representative images in Fig. 3A resulted in incorrect figure of UM-UC-3 cell treated with Inhibitor NC at 0 h. The corrected figure is presented in the below corrigendum and does not alter the conclusion drawn from this work. The authors would like to apologise for any inconvenience caused. © 2023 Elsevier B.V., All rights reserved.","Erratum"
"Gut microbiota-mediated IL-22 alleviates metabolic inflammation","2023","Life Sciences","10.1016/j.lfs.2023.122229","https://www.scopus.com/inward/record.uri?eid=2-s2.0-85175450876&doi=10.1016%2Fj.lfs.2023.122229&partnerID=40&md5=49b5b0be49b7350b77966df2d6a9a53b","Low-grade chronic inflammation, also known as metabolic inflammation, promotes the development of metabolic diseases. Increasing evidence suggests that changes in gut microbes and metabolites disrupt the integrity of the gut barrier and exert significant effects on the metabolism of various tissues, including the liver and adipose tissue, thereby contributing to metabolic inflammation. We observed that IL-22 is a key signaling molecule that serves as a bridge between intestinal microbes and the host, effectively alleviating metabolic inflammation by modulating the host immunomodulatory network. Here, we focused on elucidating the underlying mechanisms by which the gut microbiota and their metabolites reduce inflammation via IL-22, highlighting the favorable impact of IL-22 on metabolic inflammation. Furthermore, we discuss the potential of IL-22 as a therapeutic target for the management of metabolic inflammation and related diseases. © 2023 Elsevier B.V., All rights reserved.","Disease; Gut Microbiota; Il-22; Inflammation; Metabolism; Histone Deacetylase; Interleukin 22; Toll Like Receptor 4; Interleukin-22; Interleukins; Farnesoid X Receptor; Histone Deacetylase; Interleukin 22; Toll Like Receptor 4; Cytokine; Interleukin-22; Chronic Inflammation; Disease Association; Disease Management; Diseases; Drug Targeting; Human; Inflammation; Intestine Flora; Metabolic Disorder; Metabolic Inflammation; Metabolite; Microbial Metabolism; Non Insulin Dependent Diabetes Mellitus; Nonalcoholic Fatty Liver; Nonhuman; Obesity; Review; Signal Transduction; Liver; Metabolism; Gastrointestinal Microbiome; Humans; Inflammation; Interleukins; Liver"
"Molecular characteristic analysis of single-nucleotide polymorphisms in SLC16A9/hMCT9","2023","Life Sciences","10.1016/j.lfs.2023.122205","https://www.scopus.com/inward/record.uri?eid=2-s2.0-85175437602&doi=10.1016%2Fj.lfs.2023.122205&partnerID=40&md5=1a33362c63f21eafd88e8e01bbd1b8d2","Aims: Human monocarboxylate transporter 9 (hMCT9), encoded by SLC16A9, is a transporter that mediates creatine transport across the transmembrane. Previously, we reported that hMCT9 is an extracellular pH- and Na+-sensitive creatine transporter with two kinetic components. Recently, some variants of hMCT9 have been found to be associated with serum uric acid levels, hyperuricemia, and gout. Among these, two single-nucleotide polymorphisms (SNPs) have also been reported: rs550527563 (L93M) and rs2242206 (T258K). However, the effect of these SNPs on hMCT9 transport activity remains unclear. This study aimed to determine the influence of hMCT9 L93M and T258K on transport characteristics. Main methods: hMCT9 L93M and T258K were constructed by site-directed mutagenesis and expressed in Xenopus laevis oocyte. Transport activity of uric acid and creatine via hMCT9 were measured by using a Xenopus laevis oocyte heterologous expression system. Key findings: We assessed the transport activity of uric acid and creatine, and observed that hMCT9-expressing oocytes transported uric acid approximately 3- to 4-fold more than water-injected oocytes. hMCT9 L93M slightly reduced the transport activity of creatine, whereas hMCT9 T258K did not affect the transport activity. Interestingly, hMCT9 T258K abolished Na+ sensitivity and altered the substrate affinity from two components to one. Significance: In conclusion, hMCT9 SNPs affect transport activity and characteristics. hMCT9 L93M and T258K may induce dysfunction and contribute to pathologies such as hyperuricemia and gout. This is a first study to evaluate molecular characteristics of hMCT9 SNPs. © 2024 Elsevier B.V., All rights reserved.","Creatine; Monocarboxylate Transporter 9; Single-nucleotide Polymorphism; Slc16a9; Uric Acid; Xenopus Laevis Oocyte; Creatine; Leucine; Lysine; Methionine; Sodium Ion; Threonine; Uric Acid; Water; Creatine; Uric Acid; Creatine; Leucine; Lysine; Methionine; Monocarboxylate Transporter; Monocarboxylate Transporter 9; Sodium Ion; Threonine; Unclassified Drug; Uric Acid; Water; Animal Cell; Article; Controlled Study; Female; Gene; Gene Expression; Heterologous Expression; Molecular Genetics; Nonhuman; Oocyte; Oocyte Transport; Protein Expression; Single Nucleotide Polymorphism; Site Directed Mutagenesis; Slc16a9 Gene; Xenopus Laevis; Animal; Gout; Human; Hyperuricemia; Metabolism; Animals; Creatine; Gout; Humans; Hyperuricemia; Oocytes; Polymorphism, Single Nucleotide; Uric Acid"
"Functional hydrogel-based wound dressings: A review on biocompatibility and therapeutic efficacy","2023","Life Sciences","10.1016/j.lfs.2023.122232","https://www.scopus.com/inward/record.uri?eid=2-s2.0-85175430564&doi=10.1016%2Fj.lfs.2023.122232&partnerID=40&md5=fd33eaf28b61017b924e9caa171ccc72","Chronic wounds, burns, and surgical incisions represent critical healthcare challenges that significantly impact patient quality of life and strain healthcare resources. In response to these pressing needs, the field of wound healing has witnessed a radical advancement with the emergence of functional hydrogel-based dressings. This review article underscores the severity and importance of this transformative study in the domain of wound healing. The hydrogel matrix offers a moist and supportive environment that facilitates cellular migration, proliferation, and tissue regeneration, vital for efficient wound closure. Their conformable nature ensures patient comfort, reducing pain and uneasiness during dressing changes, particularly in chronic wounds where frequent interventions are required. Beyond their structural merits, functional hydrogel dressings possess the capability of incorporating bioactive molecules such as growth factors and antimicrobial agents. This facilitates targeted and sustained delivery of therapeutics directly to the wound site, addressing the multifactorial nature of chronic wounds and enhancing the healing trajectory. The integration of advanced nanotechnology has propelled the design of hydrogel dressings with enhanced mechanical strength and controlled drug release profiles, amplifying their therapeutic potential. In conclusion, the significance of this study lies in its ability to revolutionize wound healing practices and positively impact the lives of countless individuals suffering from chronic wounds and burns. As this transformative technology gains momentum, it holds the promise of addressing a major healthcare burden worldwide, thus heralding a new era in wound care management. © 2023 Elsevier B.V., All rights reserved.","And Growth Factors; Anti-inflammatory; Antimicrobial; Crosslinking; Hydrogel Dressing; Wound Healing; Alginic Acid; Cellulose; Chitosan; Collagen; Fibrin; Fibroblast Growth Factor; Gelatin; Hyaluronic Acid; Prostaglandin E2; Starch; Vasculotropin; Hydrogels; Alginic Acid; Antiinfective Agent; Cellulose; Chitosan; Collagen; Fibrin; Fibroblast Growth Factor; Gelatin; Growth Factor; Hyaluronic Acid; Platelet Derived Growth Factor; Prostaglandin E2; Starch; Transforming Growth Factor Beta; Vasculotropin; Hydrogel; Biocompatibility; Burn; Cell Migration; Cell Proliferation; Chronic Wound; Clinical Effectiveness; Controlled Drug Release; Cross Linking; Disease Burden; Disease Severity; Human; Hydrocolloid; Illness Trajectory; Nanotechnology; Nonhuman; Patient Comfort; Review; Surgical Infection; Sustained Drug Release; Tissue Regeneration; Wound Care; Wound Closure; Wound Healing; Quality Of Life; Bandages; Burns; Humans; Hydrogels; Quality Of Life; Wound Healing"
"Applying HDACis to increase SSTR2 expression and radiolabeled DOTA-TATE uptake: from cells to mice","2023","Life Sciences","10.1016/j.lfs.2023.122173","https://www.scopus.com/inward/record.uri?eid=2-s2.0-85175422053&doi=10.1016%2Fj.lfs.2023.122173&partnerID=40&md5=59f13adc5236ad7da6c873e3c0746dd6","Aims: The aim of our study was to determine the effect of histone deacetylase (HDAC) inhibitors (HDACis) on somatostatin type-2 receptor (SSTR2) expression and [111In]In-/[177Lu]Lu-DOTA-TATE uptake in vitro and in vivo. Materials and methods: The human cell lines NCI-H69 (small-cell lung carcinoma) and BON-1 (pancreatic neuroendocrine tumor) were treated with HDACis (i.e. entinostat, mocetinostat (MOC), LMK-235, CI-994 or panobinostat (PAN)), and SSTR2 mRNA expression levels and [111In]In-DOTA-TATE uptake were measured. Furthermore, vehicle- and HDACi-treated NCI-H69 and BON-1 tumor-bearing mice were injected with radiolabeled DOTA-TATE followed by biodistribution studies. Additionally, SSTR2 and HDAC mRNA expression of xenografts, and of NCI-H69, BON-1, NCI-H727 (human pulmonary carcinoid) and GOT1 (human midgut neuroendocrine tumor) cells were determined. Key findings: HDACi treatment resulted in the desired effects in vitro. However, no significant increase in tumoral DOTA-TATE uptake was observed after HDACi treatment in NCI-H69 tumor-bearing animals, whereas tumoral SSTR2 mRNA and/or protein expression levels were significantly upregulated after treatment with MOC, CI-994 and PAN, i.e. a maximum of 2.1- and 1.3-fold, respectively. Analysis of PAN-treated BON-1 xenografts solely demonstrated increased SSTR2 mRNA expression levels. Comparison of HDACs and SSTR2 expression in BON-1 and NCI-H69 xenografts showed a significantly higher expression of 6/11 HDACs in BON-1 xenografts. Of these HDACs, a significant inverse correlation was found between HDAC3 and SSTR2 expression (Pearson r = −0.92) in the studied cell lines. Significance: To conclude, tumoral uptake levels of radiolabeled DOTA-TATE were not enhanced after HDACi treatment in vivo, but, depending on the applied inhibitor, increased SSTR2 expression levels were observed. © 2023 Elsevier B.V., All rights reserved.","Epigenetic Drugs; Histone Deacetylase Inhibitors; Neuroendocrine Tumors; Octreotate; Entinostat; Histone Deacetylase; Mocetinostat; Oxodotreotide Lutetium Lu 177; Panobinostat; Tacedinaline; Somatostatin; 1,4,7,10-tetraazacyclododecane- 1,4,7,10-tetraacetic Acid; Receptors, Somatostatin; Rna, Messenger; Somatostatin; Tacedinaline; Ci 994; Lmk 235; Entinostat; Histone Deacetylase; Histone Deacetylase 3; Histone Deacetylase Inhibitor; Indium Dotatate In 111; Lmk 235; Messenger Rna; Mocetinostat; Oxodotreotide Lutetium Lu 177; Panobinostat; Radiopharmaceutical Agent; Somatostatin Receptor 2; Tacedinaline; Unclassified Drug; 1,4,7,10-tetraazacyclododecane- 1,4,7,10-tetraacetic Acid; Somatostatin; Somatostatin Receptor; Animal Experiment; Animal Model; Animal Tissue; Article; Controlled Study; Drug Distribution; Drug Potency; Drug Potentiation; Drug Screening; Drug Uptake; Ex Vivo Study; Gene Expression; Hdac Gene; Hdac3 Gene; Human; Human Cell; Ic50; In Vitro Study; In Vivo Study; Kidney Tubule Damage; Mouse; Nci-h69 Cell Line; Nci-h727 Cell Line; Nonhuman; Pancreas Islet Cell Tumor; Protein Expression; Pulmonary Carcinoid; Small Cell Lung Cancer; Small Intestinal Neuroendocrine Tumor; Sstr2 Gene; Tumor Xenograft; Upregulation; Animal; Genetics; Metabolism; Tissue Distribution; Tumor Cell Line; Animals; Cell Line, Tumor; Humans; Mice; Receptors, Somatostatin; Rna, Messenger; Somatostatin; Tissue Distribution"
"Development of lung tissue models and their applications","2023","Life Sciences","10.1016/j.lfs.2023.122208","https://www.scopus.com/inward/record.uri?eid=2-s2.0-85175354450&doi=10.1016%2Fj.lfs.2023.122208&partnerID=40&md5=f822bb9a083511686328003a6ed074f1","The lungs are important organs that play a critical role in the development of specific diseases, as well as responding to the effects of drugs, chemicals, and environmental pollutants. Due to the ethical concerns around animal testing, alternative methods have been sought which are more time-effective, do not pose ethical issues for animals, do not involve species differences, and provide easy investigation of the pathobiology of lung diseases. Several national and international organizations are working to accelerate the development and implementation of structurally and functionally complex tissue models as alternatives to animal testing, particularly for the lung. Unfortunately, to date, there is no lung tissue model that has been accepted by regulatory agencies for use in inhalation toxicology. This review discusses the challenges involved in developing a relevant lung tissue model derived from human cells such as cell lines, primary cells, and pluripotent stem cells. It also introduces examples of two-dimensional (2D) air-liquid interface and monocultured and co-cultured three-dimensional (3D) culture techniques, particularly organoid culture and 3D bioprinting. Furthermore, it reviews development of the lung-on-a-chip model to mimic the microenvironment and physiological performance. The applications of lung tissue models in various studies, especially disease modeling, viral respiratory infection, and environmental toxicology will be also introduced. The development of a relevant lung tissue model is extremely important for standardizing and validation the in vitro models for inhalation toxicity and other studies in the future. © 2023 Elsevier B.V., All rights reserved.","3d Bioprinting; Airborne Pollutants; Asthma; Cancer; Chronic Obstructive Pulmonary Disease (copd); Organ-on-a-chip; Organoids; Particulate Matter (pm); Pluripotent Stem Cells; Pulmonary Fibrosis (pf); Sars-cov-2; Titanium Dioxide; Zinc Oxide; Carbon Nanotube; Cigarette Smoke; Titanium Dioxide; Zinc Oxide; Asthma; Cancer Cell; Chronic Obstructive Lung Disease; Coculture; Coronavirus Disease 2019; Human; In Vitro Study; Influenza; Lung Fibrosis; Lung Parenchyma; Malignant Neoplasm; Microenvironment; Particulate Matter; Pluripotent Stem Cell; Primary Cell; Review; Severe Acute Respiratory Syndrome Coronavirus 2; Three Dimensional Bioprinting; Tissue Engineering; Viral Respiratory Tract Infection; Animal; Cell Line; Lung; Lung Disease; Organoid; Animals; Cell Line; Humans; Lung; Lung Diseases; Organoids; Pluripotent Stem Cells"
"Gut microbiota in obesity and related complications: Unveiling the complex interplay","2023","Life Sciences","10.1016/j.lfs.2023.122211","https://www.scopus.com/inward/record.uri?eid=2-s2.0-85175347551&doi=10.1016%2Fj.lfs.2023.122211&partnerID=40&md5=7160b1407e422a28d1320d6b3a44f07c","In recent years, the obesity epidemic has escalated into a serious public health catastrophe that is only getting worse. However, research into the pathophysiological pathways behind the obesity development and the illnesses that it is associated with is ongoing. In the last decades, it is now clear that the gut microbiota plays a significant role in the genesis and progression of obesity and obesity-related illnesses, particularly changes in its metabolites and composition as obesity progresses. Here, we provide a summary of the processes by which variations in gut metabolite levels and the composition of gut microbiota affect obesity and associated disorders. The bacteria residing in the gut release several chemicals that influence the appetite control, metabolism, and other systems. Since it can either encourage or restrict the deposition of fat in several different ways, the gut microbiota's role in obesity is debatable. Additionally, we go over potential therapeutic approaches that could be utilized to alter gut microbiota composition and focus on the important metabolic pathways associated with obesity and metabolic disorders linked to obesity. © 2023 Elsevier B.V., All rights reserved.","Appetite Control; Gut Microbiota; Inflammatory Response; Metabolic Disorder; Obesity; Bacterial Translocation; Disease Association; Dysbiosis; Food Intake; Human; Immune System; Inflammation; Insulin Resistance; Intestine Flora; Liver Disease; Metabolic Disorder; Metabolism; Nonhuman; Obesity; Review; Species Composition; Bacterium; Longitudinal Study; Bacteria; Gastrointestinal Microbiome; Humans; Longitudinal Studies; Obesity"
"Sericin and melatonin mitigate diethylnitrosamine-instigated testicular impairment in mice: Implications of oxidative stress, spermatogenesis, steroidogenesis, and modulation of Nrf2/WT1/SF-1 signaling pathways","2023","Life Sciences","10.1016/j.lfs.2023.122220","https://www.scopus.com/inward/record.uri?eid=2-s2.0-85175249684&doi=10.1016%2Fj.lfs.2023.122220&partnerID=40&md5=30cb2df796bf55d5c1767aa6a63a34b2","Aims: This study aimed to investigate the therapeutic influence of combination therapy with sericin and melatonin on attenuating diethylnitrosamine (DEN)-instigated testicular dysfunction in mice and defining the molecular mechanisms involved in orchestrating redox signaling pathways and restoring spermatogenesis and steroidogenesis. Materials and methods: Different groups of male Swiss albino mice were established and injected with respective drugs intraperitoneally. Semen analysis, hormonal assays, and oxidative stress biomarkers were evaluated. Additionally, melatonin and its receptors, WT1, SF-1, vimentin, Nrf2, and ANXA1 expressions were assessed. Histopathological and ultrastructural features of the testes were investigated by semithin, SEM, and TEM analyses. Key findings: Exposure to DEN exhibited pathophysiological consequences, including a remarkable increase in lipid peroxidation associated with substantial diminutions in SOD, CAT, GPx, GSH, GSH:GSSG, and GST. Furthermore, it disrupted spermatozoa integrity, testosterone, FSH, LH, melatonin, and its receptors (MT1 and MT2) levels, implying spermatogenesis dysfunction. By contrast, treatment with sericin and melatonin significantly restored these disturbances. Interestingly, the combination therapy of sericin and melatonin noticeably augmented the Nrf2, WT1, and SF-1 expressions compared to DEN-treated mice, deciphering the amelioration perceived in antioxidant defense and spermatogenesis inside cells. Furthermore, immunohistochemical detection of ANXA1 alongside histopathological and ultrastructural analyses revealed evident maintenance of testicular structures without discernible inflammation or anomalies in mice administered with sericin and melatonin compared to the DEN-treated group. Significance: Our findings highlighted that treatment with sericin and melatonin alleviated the testicular tissues in mice from oxidative stress and dysregulated spermatogenesis and steroidogenesis engendered by DEN. © 2023 Elsevier B.V., All rights reserved.","Annexin A1; Melatonin; Nuclear Factor-erythroid 2-related Factor 2 (nrf2); Oxidative Stress; Sericin; Steroidogenic Factor-1 (sf-1); Testicular Tissues; Wilms Tumor Protein (wt1); Catalase; Diethylnitrosamine; Follitropin; Glutathione; Glutathione Disulfide; Glutathione Peroxidase; Glutathione Transferase; Luteinizing Hormone; Melatonin; Superoxide Dismutase; Testosterone; Antioxidants; Diethylnitrosamine; Melatonin; Nf-e2-related Factor 2; Sericins; Wt1 Protein, Mouse; Wt1 Proteins; Cx31; Jsm-5300; Biological Marker; Catalase; Diethylnitrosamine; Follitropin; Glutathione; Glutathione Disulfide; Glutathione Peroxidase; Glutathione Transferase; Lipocortin 1; Luteinizing Hormone; Melatonin; Melatonin 1 Receptor; Melatonin 2 Receptor; Sericin; Steroidogenic Factor 1; Superoxide Dismutase; Testosterone; Transcription Factor Nrf2; Vimentin; Wt1 Protein; Antioxidant; Wt1 Protein, Mouse; Animal Cell; Animal Experiment; Animal Model; Animal Tissue; Article; Controlled Study; Drug Mechanism; Histopathology; Hormone Determination; Immunohistochemistry; Lipid Peroxidation; Male; Monotherapy; Mouse; Nonhuman; Oxidation Reduction Reaction; Oxidative Stress; Pathophysiology; Protein Expression; Scanning Electron Microscopy; Semen Analysis; Signal Transduction; Spermatogenesis; Steroidogenesis; Structure Analysis; Swiss Webster Mouse; Testis Disease; Testis Tissue; Transmission Electron Microscopy; Ultrastructure; Animal; Metabolism; Testis; Animals; Antioxidants; Diethylnitrosamine; Male; Melatonin; Mice; Nf-e2-related Factor 2; Oxidative Stress; Sericins; Signal Transduction; Spermatogenesis; Testis; Wt1 Proteins"
"Vericiguat alleviates ventricular remodeling and arrhythmias in mouse models of myocardial infarction via CaMKII signaling","2023","Life Sciences","10.1016/j.lfs.2023.122184","https://www.scopus.com/inward/record.uri?eid=2-s2.0-85175209241&doi=10.1016%2Fj.lfs.2023.122184&partnerID=40&md5=cad4c920d6b86092bb87e4c22e540367","Aims: Maladaptive ventricular remodeling is a major cause of ventricular arrhythmias following myocardial infarction (MI) and adversely impacts the quality of life of affected patients. Vericiguat is a new soluble guanylate cyclase (sGC) activator with cardioprotective properties. However, its effects on MI-induced ventricular remodeling and arrhythmias are not fully comprehended; hence, our research evaluated the effect of vericiguat on mice post-MI. Materials and methods: Mice were divided into four treatment groups: Sham, Sham+Veri, MI, and MI + Veri. For the MI groups and MI + Veri groups, the left anterior descending (LAD) coronary artery was occluded to induce MI. Conversely, the Sham group underwent mock surgery. Vericiguat was administered orally daily for 28 days to the Sham+Veri and MI + Veri groups. Additionally, H9c2 cells were cultured for further mechanistic studies. Assessment methods included echocardiography, pathological analysis, electrophysiological analysis, and Western blotting. Key findings: Vericiguat reduced cardiac dysfunction and infarct size after MI. It also mitigated MI-induced left ventricular fibrosis and cardiomyocyte apoptosis. Vericiguat normalized the expression of ion channel proteins (Kv4.3, Kv4.2, Kv2.1, Kv1.5, Kv7.1, KCNH2, Cav1.2) and the gap junction protein connexin 43, reducing the susceptibility to ventricular arrhythmia. Vericiguat significantly inhibited MI-induced calcium/calmodulin-dependent protein kinase II (CaMKII) pathway activation in mice. Significance: Vericiguat alleviated MI-induced left ventricular adverse remodeling and arrhythmias through modulation of the CamkII signaling pathway. © 2023 Elsevier B.V., All rights reserved.","Calcium/calmodulin-dependent Protein Kinase Ii; Myocardial Infarction; Ventricular Arrhythmia; Ventricular Remodeling; Vericiguat; Calcium Calmodulin Dependent Protein Kinase Ii; Vericiguat; Calcium-calmodulin-dependent Protein Kinase Type 2; Vericiguat; Vevo 2100; Calcium Calmodulin Dependent Protein Kinase Ii; Connexin 43; Penicillin Derivative; Potassium Channel Kcnh2; Potassium Channel Kv1.5; Potassium Channel Kv2.1; Potassium Channel Kv4.2; Potassium Channel Kv4.3; Potassium Channel Kv7.1; Shab Potassium Channel; Shal Potassium Channel; Unclassified Drug; Vericiguat; Voltage Gated Potassium Channel; Animal Experiment; Animal Model; Animal Tissue; Apoptosis; Arrhythmogenesis; Article; C57bl 6 Mouse; Cardiac Muscle Cell; Controlled Study; Coronary Occlusion; Drug Effect; Drug Mechanism; Echocardiography; H9c2(2-1) Cell Line; Heart Electrophysiology; Heart Function; Heart Infarction; Heart Infarction Size; Heart Ventricle Arrhythmia; Heart Ventricle Remodeling; Histopathology; Immunofluorescence; Immunohistochemistry; In Vitro Study; Left Anterior Descending Coronary Artery; Male; Modulation; Mouse; Nonhuman; Signal Transduction; Treatment Duration; Western Blotting; Animal; Complication; Heart Arrhythmia; Human; Metabolism; Quality Of Life; Animals; Arrhythmias, Cardiac; Calcium-calmodulin-dependent Protein Kinase Type 2; Humans; Mice; Myocardial Infarction; Quality Of Life; Signal Transduction; Ventricular Remodeling"
"The association and application of sonodynamic therapy and autophagy in diseases","2023","Life Sciences","10.1016/j.lfs.2023.122215","https://www.scopus.com/inward/record.uri?eid=2-s2.0-85175146798&doi=10.1016%2Fj.lfs.2023.122215&partnerID=40&md5=a77af8eb1d757e73e199f13f2cfd5d56","Sonodynamic therapy (SDT) is a new non-invasive treatment method proposed based on photodynamic therapy (PDT). It has advantages such as high precision, strong tissue penetration, minimal side effects, and good patient compliance. With the maturation of nanomedicine, the application of nanosonosensitizers has further propelled the development of SDT. In recent years, people have developed many new types of sonosensitizers and explored the mechanisms of SDT. Among them, the studies about the relationship between autophagy and SDT have attracted increasing attention. After the SDT, cells usually undergo autophagy as a self-protective mechanism to resist external stimuli and reduce cell damage, which is beneficial for the treatment of atherosclerosis (AS), diabetes, and myocardial infarction but counterproductive in cancer treatment. However, under certain treatment conditions, excessive upregulation of autophagy can also promote cell death, which is beneficial for cancer treatment. This article reviews the latest research progress on the relationship between SDT and autophagy in cancers, AS, diabetes, and myocardial infarction. We also discuss and propose the challenges and prospects in enhancing SDT efficacy by regulating autophagy, with the hope of promoting the development of this promising therapeutic approach. © 2023 Elsevier B.V., All rights reserved.","Atherosclerosis; Autophagy; Autophagy Regulation; Cancer; Sonodynamic Therapy; Reactive Oxygen Species; Photosensitizing Agent; Reactive Oxygen Metabolite; Atherosclerosis; Autophagy (cellular); Breast Cancer; Cancer Therapy; Cell Differentiation; Clinical Effectiveness; Diseases; Ferroptosis; Foam Cell; Glioma; Heart Infarction; Hematologic Malignancy; Human; Inflammation; Lipid Degradation; Macrophage; Melanoma; Non Insulin Dependent Diabetes Mellitus; Nonhuman; Polarization; Regulatory Mechanism; Review; Sonodynamic Therapy; Vascular Smooth Muscle Cell; Diabetes Mellitus; Metabolism; Procedures; Ultrasound Therapy; Atherosclerosis; Autophagy; Diabetes Mellitus; Humans; Myocardial Infarction; Reactive Oxygen Species; Ultrasonic Therapy"
"Nrf2/HO-1 as a therapeutic target in renal fibrosis","2023","Life Sciences","10.1016/j.lfs.2023.122209","https://www.scopus.com/inward/record.uri?eid=2-s2.0-85175066771&doi=10.1016%2Fj.lfs.2023.122209&partnerID=40&md5=73108e7526ea707ec4da479342391aea","Chronic kidney disease (CKD) is one of the most prevalent chronic diseases and affects between 10 and 14 % of the world's population. The World Health Organization estimates that by 2040, the disease will be fifth in prevalence. End-stage CKD is characterized by renal fibrosis, which can eventually lead to kidney failure and death. Renal fibrosis develops due to multiple injuries and involves oxidative stress and inflammation. In the human body, nuclear factor erythroid 2-related factor 2 (Nrf2) plays an important role in the expression of antioxidant, anti-inflammatory, and cytoprotective genes, which prevents oxidative stress and inflammation damage. Heme oxygenase (HO-1) is an inducible homolog influenced by heme products and after exposure to cellular stress inducers such as oxidants, inflammatory chemokines/cytokines, and tissue damage as an outcome or downstream of Nrf2 activation. HO-1 is known for its antioxidative properties, which play an important role in regulating oxidative stress. In renal diseases-induced tissue fibrosis and xenobiotics-induced renal fibrosis, Nrf2/HO-1 has been targeted with promising results. This review summarizes these studies and highlights the interesting bioactive compounds that may assist in attenuating renal fibrosis mediated by HO-1 activation. In conclusion, Nrf2/HO-1 signal activation could have a renoprotective effect strategy against CKD caused by oxidative stress, inflammation, and consequent renal fibrosis. © 2023 Elsevier B.V., All rights reserved.","Ckd; Ho-1; Nrf2; Renal Fibrosis; Renoprotective; Aminolevulinic Acid; Carbon Tetrachloride; Carnosic Acid; Cyclosporine; Oleanolic Acid; Antioxidants; Heme Oxygenase-1; Nf-e2-related Factor 2; Aminolevulinic Acid; Carbon Tetrachloride; Carnosic Acid; Cyclosporine; Heme Oxygenase 1; Immunoglobulin Enhancer Binding Protein; Oleanolic Acid; Reactive Nitrogen Species; Reactive Oxygen Metabolite; Transcription Factor Nrf2; Antioxidant; Cell Protection; Chronic Kidney Failure; Diabetic Nephropathy; Disease Association; Enzymatic Degradation; Enzyme Activation; Glomerulonephritis; Human; In Vitro Study; Inflammation; Kidney Fibrosis; Liver Cirrhosis; Lupus Erythematosus Nephritis; Nephrotoxicity; Nonhuman; Nrf2 Signaling; Oxidative Stress; Pathogenesis; Protein Expression; Protein Function; Protein Targeting; Renal Ischemia Reperfusion Injury; Renal Protection; Review; Ureter Obstruction; Complication; Fibrosis; Metabolism; Antioxidants; Fibrosis; Heme Oxygenase-1; Humans; Inflammation; Nf-e2-related Factor 2; Oxidative Stress; Renal Insufficiency, Chronic"
"Deep brain stimulation of ventromedial prefrontal cortex reverses depressive-like behaviors via BDNF/TrkB signaling pathway in rats","2023","Life Sciences","10.1016/j.lfs.2023.122222","https://www.scopus.com/inward/record.uri?eid=2-s2.0-85175027638&doi=10.1016%2Fj.lfs.2023.122222&partnerID=40&md5=f0ab0f07aa6fe47bd0f5c5a6f6773eae","Aim: Deep brain stimulation (DBS) is currently under investigation as a potential therapeutic approach for managing major depressive disorder (MDD) and ventromedial prefrontal cortex (vmPFC) is recognized as a promising target region. Therefore, the present study aimed to investigate a preclinical paradigm of bilateral vmPFC DBS and examine the molecular mechanisms underlying its antidepressant-like effects using chronic unpredictable stress (CUS) model in rats. Main methods: Male rats were subjected to stereotaxic surgery and deep brain stimulation paradigm in non-stressed and CUS rats respectively, and the therapeutic effect of DBS were assessed by a series of behavioral tests including sucrose preference test, open field test, elevated plus maze test, and forced swim test. The potential involvement of the BDNF/TrkB signaling pathway and its downstream effects in this process were also investigated using western blot. Key findings: We identified that a stimulation protocol consisting of 130 Hz, 200 μA, 90 μs pulses administered for 5 h per day over a period of 7 days effectively mitigated CUS-induced depressive-like and anxiety-like behaviors in rats. These therapeutic effects were associated with the enhancement of the BDNF/TrkB signaling pathway and its downstream ERK1/2 activity. Significance: These findings provide valuable insights into the potential clinical utility of vmPFC DBS as an approach of improving the symptoms experienced by individuals with MDD. This evidence contributes to our understanding of the neurobiological basis of depression and offers promise for the development of more effective treatments. © 2023 Elsevier B.V., All rights reserved.","Brain-derived Neurotrophic Factor; Chronic Unpredictable Stress; Deep Brain Stimulation; Depression; Ventromedial Prefrontal Cortex; Brain Derived Neurotrophic Factor; Brain-derived Neurotrophic Factor; Brain Derived Neurotrophic Factor; Brain Derived Neurotrophic Factor Receptor; Animal Experiment; Animal Model; Animal Tissue; Antidepressant Activity; Article; Brain Depth Stimulation; Chronic Unpredictable Stress; Controlled Study; Disease Association; Disease Model; Elevated Plus Maze Test; Experimental Behavioral Test; Experimental Therapy; Forced Swim Test; Major Depression; Male; Molecular Mechanics; Nonhuman; Open Field Test; Rat; Signal Transduction; Stereotaxic Surgery; Sucrose Preference Test; Symptom; Therapy Effect; Ventromedial Prefrontal Cortex; Western Blotting; Animal; Depression; Hippocampus; Mental Stress; Metabolism; Prefrontal Cortex; Procedures; Animals; Brain-derived Neurotrophic Factor; Deep Brain Stimulation; Depression; Depressive Disorder, Major; Disease Models, Animal; Hippocampus; Male; Prefrontal Cortex; Rats; Signal Transduction; Stress, Psychological"
"Taste receptor type 1 member 3 mediates diet-induced cognitive impairment in mice","2023","Life Sciences","10.1016/j.lfs.2023.122194","https://www.scopus.com/inward/record.uri?eid=2-s2.0-85174857525&doi=10.1016%2Fj.lfs.2023.122194&partnerID=40&md5=125891d52b5c5c4b9df275ad08927792","Aims: Long-term consumption of a western diet (WD), which is characterized by high intake of saturated fats and sugary drinks, causes cognitive impairment. However, the molecular mechanism by which WD induces cognitive impairment remains unclear. Taste receptor type 1 member 3 (TAS1R3), activated by ligands of WD, is expressed in extra-oral tissues, including the brain, and particularly in the hippocampus. This study investigated whether TAS1R3 regulates WD-induced cognitive impairment in mice. Main methods: Male C57BL/6J wild-type (WT) and Tas1r3 knock-out (KO) mice were fed either a normal diet (ND) or WD for 18 weeks. Cognitive functions were assessed using novel object recognition and Barnes maze tests. The mechanisms underlying WD-induced cognitive impairment were assessed using RNA-sequencing and bioinformatics analysis. Key findings: Cognitive impairment was observed in WT mice fed WD (WT–WD) compared with WT–ND mice. Conversely, mice lacking TAS1R3 were not cognitively impaired even under long-term WD feeding. Hippocampal transcriptome analysis revealed upregulated AMP-activated protein kinase (AMPK) signaling and increased AMPK-targeted sirtuin 3 expression in KO–WD mice. Pathway enrichment analysis showed that response to oxidative stress was downregulated, whereas neurogenesis was upregulated in dentate gyrus of KO–WD mice. In vitro studies validated the findings, indicating that Tas1r3 knockdown directly upregulated decreased sirtuin 3 expression, its downstream genes-related to oxidative stress, and apoptosis induced by WD condition in hippocampal neuron cells. Significance: TAS1R3 acts as a critical mediator of WD-induced cognitive impairment in mice, thereby offering potential as a novel therapeutic target to prevent WD-induced cognitive impairment. © 2023 Elsevier B.V., All rights reserved.","Amp-activated Protein Kinase (ampk); Cognitive Impairment; Oxidative Stress; Sirtuin 3; Taste Receptor; Western Diet; Hydroxymethylglutaryl Coenzyme A Reductase Kinase; Amp-activated Protein Kinases; Sirtuin 3; Hydroxymethylglutaryl Coenzyme A Reductase Kinase; Membrane Receptor; Sirtuin 3; Taste Receptor Type 1 Member 3; Transcriptome; Unclassified Drug; Ampk Signaling; Animal Cell; Animal Experiment; Animal Model; Animal Tissue; Apoptosis; Article; Barnes Maze Test; Bioinformatics; Brain Nerve Cell; C57bl 6 Mouse; Cognitive Defect; Controlled Study; Dentate Gyrus; Diet Induced Cognitive Impairment; Down Regulation; Gene; Gene Expression Regulation; Hippocampus; In Vitro Study; Knockout Mouse; Male; Mouse; Nervous System Development; Nonhuman; Novel Object Recognition Test; Oxidative Stress; Pathway Enrichment Analysis; Protein Expression; Protein Function; Rna Sequencing; Tas1r3 Gene; Taste Bud; Upregulation; Validation Study; Western Diet; Animal; C57bl Mouse; Taste; Amp-activated Protein Kinases; Animals; Cognitive Dysfunction; Diet, Western; Male; Mice; Mice, Inbred C57bl; Mice, Knockout; Sirtuin 3; Taste"
"The molecular feature of abnormal fetal neuromuscular development after maternal use of telbivudine or tenofovir during pregnancy in rodent model","2023","Life Sciences","10.1016/j.lfs.2023.122177","https://www.scopus.com/inward/record.uri?eid=2-s2.0-85174853187&doi=10.1016%2Fj.lfs.2023.122177&partnerID=40&md5=49971ac09cade56d5ffa3f8489ac27ac","Aims: Maternal treatment with nucleoside analogues such as telbivudine (LdT) and tenofovir disoproxil fumarate (TDF) has been applied worldwide. However, administration of LdT or TDF during pregnancy may affect the fetal neuromuscular development. We conducted the current study to investigate the histological pathology and transcriptomic changes pertaining to the neuromuscular system of the newborn exposed to LdT or TDF during pregnancy in rodent model. Main methods: Pregnant C57/BL6 mice were randomly divided into three arms and administered either with LdT solution (0.1 ml, 78 mg/kg/d), TDF solution (0.1 ml, 39 mg/kg/d) or normal saline solution (0.1 ml). Pups in each arm were weighed and sacrificed after birth. Both sides of quadriceps femoris muscle of the newborn were obtained. The histological observation was conducted under light microscope. The transcriptional profiling was analyzed with RNA sequencing (RNA seq). Key findings: Four types of morphological abnormalities of the newborn neuromuscular system, being clusters of rhabdomyoblasts, skeletal muscle fibrosis, rhabdomyolysis and necrosis and immature muscle fiber bundles, were noted in both LdT group and TDF group. Moreover, both groups showed significantly decreased gross cross-sectional area of muscle fiber and significantly increased percentage of muscle lesion area. RNA seq identified a total of 164 differentially expressed genes (DEGs) essential to fetal neuromuscular development. These DEGs were involved in calcium regulation, phospholipid activity, muscle cell development, the functioning of mitochondria/endoplasmic reticulum/lysosome/cytoskeleton, the regulation of arachidonic acid and the development of nervous system. Significance: Our findings suggest maternal administration of LdT or TDF lead to abnormal neuromuscular development in offspring mice. Further study should be encouraged to investigate the down-stream signaling pathways. © 2023 Elsevier B.V., All rights reserved.","Differentially Expressed Genes; Fetal Neuromuscular Development; Pregnancy; Telbivudine; Tenofovir Disoproxil Fumarate; Arachidonic Acid; Sodium Chloride; Telbivudine; Tenofovir Disoproxil; Tenofovir; Antiviral Agents; Telbivudine; Tenofovir; Subifu; Viread; Arachidonic Acid; Phospholipid; Sodium Chloride; Subifu; Telbivudine; Tenofovir Disoproxil; Antivirus Agent; Tenofovir; Animal Experiment; Animal Model; Animal Tissue; Arachidonic Acid Metabolism; Article; Birth; C57bl 6 Mouse; Calcium Metabolism; Controlled Study; Cytoskeleton; Differential Gene Expression; Endoplasmic Reticulum; Female; Fetus Disease; Histopathology; Lysosome; Male; Microscopy; Mitochondrion; Mouse; Muscle Cell; Muscle Development; Muscle Injury; Muscle Necrosis; Myoblast; Myofibrosis; Nervous System Development; Neuromuscular Disease; Neuromuscular System; Newborn; Nonhuman; Pregnancy; Quadriceps Femoris Muscle; Rhabdomyoblast; Rhabdomyolysis; Rna Sequencing; Sectional Anatomy; Signal Transduction; Transcriptomics; Animal; Retrospective Study; Animals; Antiviral Agents; Endoplasmic Reticulum; Female; Mice; Pregnancy; Retrospective Studies; Telbivudine; Tenofovir"
"Targeting multiple disease hallmarks using a synergistic disease-modifying drug combination ameliorates osteoarthritis via inhibition of senescence and inflammation","2023","Life Sciences","10.1016/j.lfs.2023.122212","https://www.scopus.com/inward/record.uri?eid=2-s2.0-85174851900&doi=10.1016%2Fj.lfs.2023.122212&partnerID=40&md5=504c446a328ba1a47149d07b828ce1bd","Aims: Osteoarthritis (OA), is a debilitating disease characterized by progressive cartilage degradation, synovial inflammation, and chondrocyte senescence. Various treatment agents independently targeting these hallmarks have been investigated. However, due to the complex multifaceted nature of OA, no disease-modifying osteoarthritis drugs are clinically available. In an attempt to overcome this, we developed a combinatorial approach and demonstrated the efficacy of TsC [Tissue inhibitor of metalloproteinase-3 (TIMP3) + sulfated carboxymethylcellulose (sCMC)] and piperlongumine (PL) combination for the amelioration of OA in a goat ex vivo OA model. Main methods: The efficacy of the drug combination was evaluated using the goat ex vivo OA explant model and results were validated in clinically relevant human OA cartilage explants. The chondroprotective effects were evaluated in terms of reduced inflammation and cartilage matrix loss, reduction in chondrosenescence, and reduced oxidative stress. Key findings: A combination of TsC and PL (TsC-PL) significantly reduced inflammation, cartilage matrix loss, chondrosenescence, and oxidative stress in the goat ex vivo OA model and showed chondroprotective effects. Further, similar chondroprotective effects were observed in human OA cartilage. Additionally, the coefficient of drug interaction analysis indicated that the combination of TsC and PL had a synergistic effect in reducing matrix degrading proteases and inflammation (goat ex vivo OA model) and Reactive oxygen species (ROS) production (human OA cartilage). Significance: Combinatorial treatment with TsC and PL demonstrated potential disease-modifying effects for the treatment of osteoarthritis via inhibition of inflammation and senescence and supports the usage of treatment strategies targeting multiple pathological factors of OA simultaneously. © 2023 Elsevier B.V., All rights reserved.","Disease Modifying Oa Drugs; Goat And Human Oa Explants; Osteoarthritis; Piperlongumine; Sulfated Carboxymethylcellulose (scmc); Synergistic Combination Therapy; Tissue Inhibitor Of Metalloproteinase-3 (timp3); Aggrecanase 1; Carboxymethylcellulose; Collagenase 3; Inducible Nitric Oxide Synthase; Proteinase; Tissue Inhibitor Of Metalloproteinase 3; Drug Combinations; Aggrecanase 1; Alkaloid; Carboxymethylcellulose; Collagenase 3; Immunoglobulin Enhancer Binding Protein; Inducible Nitric Oxide Synthase; Piperlongumine; Protein P16; Proteinase; Reactive Oxygen Metabolite; Sulfated Carboxymethylcellulose; Tissue Inhibitor Of Metalloproteinase 3; Unclassified Drug; Animal Tissue; Antiinflammatory Activity; Antioxidant Activity; Article; Cartilage Matrix; Cell Aging; Chondroprotection; Controlled Study; Drug Efficacy; Drug Targeting; Ex Vivo Study; Explant; Extracellular Matrix; Goat; Human; Human Cell; Human Tissue; Inflammation; Nonhuman; Osteoarthritis; Oxidative Stress; Pathophysiology; Synergistic Effect; Animal; Articular Cartilage; Cartilage; Chondrocyte; Drug Combination; Metabolism; Pathology; Animals; Cartilage; Cartilage, Articular; Chondrocytes; Drug Combinations; Goats; Humans; Inflammation; Osteoarthritis"
"The implication of LPS/TLR4 and FXR receptors in hepatoprotective efficacy of indole-3-acetic acid and chenodeoxycholic acid","2023","Life Sciences","10.1016/j.lfs.2023.122182","https://www.scopus.com/inward/record.uri?eid=2-s2.0-85174840941&doi=10.1016%2Fj.lfs.2023.122182&partnerID=40&md5=0d79b26bafd9d33c42e9c1a6368dd211","Aim: Valproic acid (VPA) belongs to the first-generation antiepileptic drugs, yet its prolonged use can cause life-threatening liver damage. The importance of our study is to investigate the protective effect of indole-3-acetic acid (IAA), chenodeoxycholic acid (CDCA) and their combination on VPA-induced liver injury focusing on lipopolysaccharides (LPS)/toll-like receptor 4 (TLR4) pathway and farnesoid X receptor (FXR). Methods: Thirty rats were randomly assigned into five groups, normal control group, VPA group received 500 mg/kg of VPA intraperitoneally. The remaining groups were orally treated with either 40 mg/kg of IAA, 90 mg/kg of CDCA, or a combination of both, along with VPA. All treatments were administered one hour after the administration of VPA for three weeks. Key findings: VPA group showed significant elevations in the liver weight/body weight ratio, serum aminotransferases, triglyceride, and total cholesterol levels. Hepatic glutathione (GSH) level and superoxide dismutase (SOD) activity were significantly decreased, while malondialdehyde (MDA) level, tumor necrosis factor-α (TNF-α), interleukin-1beta (IL-1β), lipopolysaccharide (LPS) and caspase 3 were significantly increased. Likewise, immunohistochemical analysis revealed that TLR4 expression was elevated, whereas FXR expression was downregulated in hepatocytes. IAA substantially ameliorated all previously altered parameters, whereas CDCA treatment showed a partial improvement compared to IAA. Surprisingly, combination therapy of IAA with CDCA showed an additive effect only in the hepatic expression of TLR4 and FXR proteins. Significance: IAA could be a promising protective agent against VPA-induced liver injury. © 2023 Elsevier B.V., All rights reserved.","Chenodeoxycholic Acid; Farnesoid X Receptor; Indole-3-acetic Acid; Lipopolysaccharides; Toll-like Receptor 4; Valproic Acid; Aminotransferase; Caspase 3; Chenodeoxycholic Acid; Cholesterol; Glutathione; Indoleacetic Acid; Malonaldehyde; Superoxide Dismutase; Toll Like Receptor 4; Valproic Acid; Chenodeoxycholic Acid; Glutathione; Indoleacetic Acid; Lipopolysaccharides; Toll-like Receptor 4; Aminotransferase; Caspase 3; Chenodeoxycholic Acid; Cholesterol; Farnesoid X Receptor; Glutathione; Indoleacetic Acid; Interleukin 1beta; Lipopolysaccharide; Lipopolysaccharide Receptor; Malonaldehyde; Superoxide Dismutase; Toll Like Receptor 4; Triacylglycerol; Tumor Necrosis Factor; Valproic Acid; Adult; Aminotransferase Blood Level; Animal Cell; Animal Experiment; Animal Model; Animal Tissue; Article; Cholesterol Blood Level; Controlled Study; Down Regulation; Drug Efficacy; Drug Potentiation; Enzyme Activity; Immunohistochemistry; Liver Cell; Liver Injury; Liver Level; Liver Protection; Male; Nonhuman; Protein Expression; Protein Function; Rat; Relative Liver Weight; Triacylglycerol Blood Level; Animal; Chemical And Drug Induced Liver Injury; Liver; Metabolism; Animals; Chemical And Drug Induced Liver Injury, Chronic; Chenodeoxycholic Acid; Glutathione; Lipopolysaccharides; Liver; Rats; Toll-like Receptor 4"
"Enzyme targeted delivery of sivelestat loaded nanomicelle inhibits arthritic severity in experimental arthritis","2023","Life Sciences","10.1016/j.lfs.2023.122206","https://www.scopus.com/inward/record.uri?eid=2-s2.0-85174836225&doi=10.1016%2Fj.lfs.2023.122206&partnerID=40&md5=aca3f52de3a2b4355100742df4543f34","Aims: Rheumatoid arthritis (RA) is chronic inflammatory disorder mainly affects the lining of articular cartilage of synovial joints characterized by severe inflammation and joint damage. The expression of proteolytic enzymes like MMP-2 and Neutrophil Elastase (NE) worsens the RA condition. To address this concern, we have synthesized dual enzyme targeted chlorotoxin conjugated nanomicelles loaded with sivelestat as broad spectrum treatment for RA. Materials and methods: Conjugation of the chlorotoxin over nanomicelle and incorporation of sivelestat in nanomicelle provide it dual targeting potential. The sivelestat loaded nanomicelle (SLM) evaluated for the drug release and in-vitro cytocompatibility. Further, investigated its in-vivo anti-arthritic potential on collagen-induced arthritis in wistar rats. Key findings: The microscopic observation of SLM showed spherical ball like appearance with size ranging from 190 to 230 nm. SLM showed good drug loading and encapsulation efficiency along with no cytotoxicity against healthy cell lines. In-vivo therapeutic assessment on collagen induced arthritis rat model showed potential chondroprotection. The microscopic visualization of articular cartilage by staining showed that it restores the cartilage integrity and lowers the expression of pro-inflammatory enzymes showed by Immunohistochemistry and Immunofluorescence. We observed that, it restrain the mediators of synovial inflammation by simultaneous inhibition of the proteolytic enzymes involved in swelling, cartilage destruction and joint damage which provides strong chondroprotection. Significance: We report that significant alleviation of inflammation and inhibition of proteolytic enzymes together might provide enhanced potential for the treatment and management of RA. © 2023 Elsevier B.V., All rights reserved.","Articular Cartilage; Bone Damage; Chlorotoxin; Inflammation; Nanomicelles; Rheumatoid Arthritis; Sivelestat; Peptide Hydrolase; Viral Protease; Peptide Hydrolases; Sivelestat; Antirheumatic Agent; Chlorotoxin; Nanomicelle; Sivelestat; Toxin; Unclassified Drug; Peptide Hydrolase; Animal Cell; Animal Experiment; Animal Model; Animal Tissue; Antiarthritic Activity; Article; Articular Cartilage; Chondroprotection; Collagen-induced Arthritis; Conjugation; Controlled Study; Cytotoxicity; Disease Severity; Drug Activity; Drug Delivery System; Drug Release; Female; Immunofluorescence; Immunohistochemistry; In Vitro Study; In Vivo Study; Microscopy; Nonhuman; Protein Degradation; Protein Expression; Rat; Staining; Animal; Experimental Arthritis; Inflammation; Metabolism; Rheumatoid Arthritis; Wistar Rat; Animals; Arthritis, Experimental; Arthritis, Rheumatoid; Cartilage, Articular; Inflammation; Peptide Hydrolases; Rats; Rats, Wistar"
"Myosin heavy chain 2 (MYH2) expression in hypertrophic chondrocytes of soft callus provokes endochondral bone formation in fracture","2023","Life Sciences","10.1016/j.lfs.2023.122204","https://www.scopus.com/inward/record.uri?eid=2-s2.0-85174736025&doi=10.1016%2Fj.lfs.2023.122204&partnerID=40&md5=0b5f3b0cba858fe7a2976ecb587566b5","Aims: Muscle–bone interactions during fracture healing are rarely known. Here we investigated the presence and significance of myosin heavy chain 2 (MYH2), a component of myosin derived from muscles, in fracture healing. Main methods: We collected five hematoma and seven soft callus tissues from patients with distal radius fractures patients, randomly selected three of them, and performed a liquid chromatography–mass spectrometry (LC-MS) proteomics analysis. Proteomic results were validated by histological observation, immunohistochemistry, and immunofluorescence for MYH2 expression. These findings were further confirmed in a murine femoral fracture model in vivo and investigated using various methods in vitro. Key findings: The LC-MS proteomics analysis showed that MYH proteins were enriched in human soft calluses compared to hematoma. Notably, MYH2 protein is upregulated as high rank in each soft callus. The histological examination showed that MYH2 expression was elevated in hypertrophic chondrocytes within the human soft callus. Consistent with human data, Myh2 were significantly co-localized with Sox9 in hypertrophic chondrocytes of murine femoral fracture, in comparison to pre-hypertrophic and proliferating chondrocytes. Soluble MYH2 protein treatment increased MMP13 and RUNX2 expression in chondrocytes. In soluble MYH2 treatment, proliferation of chondrocytes was not altered, but the osteogenic and chondrogenic features of chondrocytes increased and decreased during differentiation, respectively. Significance: These findings indicate the potential of soluble MYH2 protein as a promising therapeutic strategy for promoting endochondral bone formation in chondrocytes following fracture. © 2023 Elsevier B.V., All rights reserved.","Fracture Healing; Hematoma; Hypertrophic Chondrocytes; Myh2; Soft Callus; Collagenase 3; Cytoskeletal Proteins; Myosin Heavy Chains; Collagenase 3; Myosin Heavy Chain; Transcription Factor Runx2; Transcription Factor Sox9; Cytoskeleton Protein; Adult; Animal Experiment; Animal Model; Animal Tissue; Article; Bone Development; Callus; Cell Proliferation; Chondrocyte; Chondrogenesis; Clinical Article; Controlled Study; Female; Femur Fracture; Histology; Human; Human Cell; Human Tissue; Immunohistochemistry; Liquid Chromatography-mass Spectrometry; Male; Micro-computed Tomography; Mouse; Nonhuman; Protein Expression; Proteomics; Soft Callus; Upregulation; Animal; Fracture Healing; Hematoma; Hypertrophy; Metabolism; Pathology; Physiology; Animals; Bony Callus; Chondrocytes; Cytoskeletal Proteins; Femoral Fractures; Fracture Healing; Hematoma; Humans; Hypertrophy; Mice; Myosin Heavy Chains; Osteogenesis; Proteomics"
"Modulation of PI3K/Akt/GSK3β signaling cascade through G protein-coupled receptor 55 (GPR55) activation: Prenatal lysophosphatidylinositol attenuates valproic acid-induced synaptic abnormalities and mitochondrial dysfunction","2023","Life Sciences","10.1016/j.lfs.2023.122195","https://www.scopus.com/inward/record.uri?eid=2-s2.0-85174702992&doi=10.1016%2Fj.lfs.2023.122195&partnerID=40&md5=70ade35ddd5250325abde48c097cbb22","Aims: Dysregulation of PI3K/Akt/GSK3β signaling has been implicated in various neurological disorders, including autism spectrum disorder (ASD). G protein-coupled receptor 55 (GPR55) has recently emerged as a potential regulator of this signaling cascade. This study explores the intricate modulation of the PI3K/Akt/GSK3β signaling cascade via GPR55 activation and its potential therapeutic implications in the context of autism-associated neuronal impairments. Main methods: Valproic acid (VPA) was administered on embryonic day 12 (E12) to induce ASD, and lysophosphatidylinositol (LPI), a GPR55 agonist, was used prenatally to modulate the receptor activity. Golgi-cox staining was performed to observe neuronal morphology, and Hematoxylin and eosin (H and E) staining was carried out to quantify damaged neurons. Enzyme-linked immunosorbent assay (ELISA) was implemented to identify molecular mediators involved in neuroprotection. Key findings: Prenatal VPA exposure resulted in significant abnormalities in synaptic development, which were further evidenced by impairments in social interaction and cognitive function. When LPI was administered, most of the synaptic abnormalities were alleviated, as reflected by higher neuron and dendritic spine count. LPI treatment also reduced cytoplasmic cytochrome c concentration and related neuronal cell death. Mechanistically, GPR55 activation by LPI increases the expression of phospho-Akt and phospho-GSK3β, leading to the activation of this signaling in the process of rescuing synaptic abnormalities and mitochondria-mediated neuronal apoptosis. Significance: The observed therapeutic effects of GPR55 activation shed light on its significance as a prospective target for ameliorating mitochondrial dysfunction and dendritic spine loss, offering novel prospects for developing targeted interventions to alleviate the neuropathological causes of ASD. © 2023 Elsevier B.V., All rights reserved.","Dendritic Spine; Gpr55; Gsk3β; Lysophosphatidylinositol (lpi); Mitochondrial Dysfunction; Neuronal Apoptosis; Cytochrome C; Glycogen Synthase Kinase 3alpha; Glycogen Synthase Kinase 3beta; Inositol; Phosphatidylinositol 3 Kinase; Protein Kinase B; Superoxide Dismutase; Valproic Acid; Glycogen Synthase Kinase 3 Beta; Gpr55 Protein, Human; Lysophosphatidylinositol; Lysophospholipids; Phosphatidylinositol 3-kinases; Proto-oncogene Proteins C-akt; Receptors, Cannabinoid; Receptors, G-protein-coupled; Valproic Acid; Cytochrome C; G Protein Coupled Receptor; G Protein Coupled Receptor 55; Glycogen Synthase Kinase 3beta; Inositol; Lysophosphatidylinositol; Phosphatidylinositol 3 Kinase; Protein Kinase B; Superoxide Dismutase; Unclassified Drug; Valproic Acid; Cannabinoid Receptor; Gpr55 Protein, Human; Lysophospholipid; Animal Cell; Animal Experiment; Animal Model; Antioxidant Activity; Apoptosis; Article; Autism; Cell Count; Cell Damage; Cell Loss; Cell Structure; Controlled Study; Dendritic Spine; Enzyme Activation; Enzyme Linked Immunosorbent Assay; Female; Hippocampal Ca1 Region; Lipid Peroxidation; Male; Morris Water Maze Test; Neuroprotection; Nonhuman; Pi3k Akt Gsk3beta Signaling; Prefrontal Cortex; Prenatal Period; Protein Phosphorylation; Protein Targeting; Radial Arm Maze Test; Signal Transduction; Social Interaction; Staining; Synaptic Transmission; Tail Suspension Test; Y-maze Test; Human; Metabolism; Autism Spectrum Disorder; Glycogen Synthase Kinase 3 Beta; Humans; Lysophospholipids; Phosphatidylinositol 3-kinases; Proto-oncogene Proteins C-akt; Receptors, Cannabinoid; Receptors, G-protein-coupled; Valproic Acid"
"GABA regulates the proliferation and apoptosis of head and neck squamous cell carcinoma cells by promoting the expression of CCND2 and BCL2L1","2023","Life Sciences","10.1016/j.lfs.2023.122191","https://www.scopus.com/inward/record.uri?eid=2-s2.0-85174636990&doi=10.1016%2Fj.lfs.2023.122191&partnerID=40&md5=6386287d76ee3e763889a0afab485395","Gamma-aminobutyric acid (GABA) is a multifunctional molecule that is widely present in the nervous system and nonneuronal tissues. It plays pivotal roles in neurotransmission, regulation of secretion, cell differentiation, proliferation, and tumorigenesis. However, the exact mechanisms of GABA in head and neck squamous cell carcinomas (HNSCCs) are unknown. We took advantage of RNA sequencing in this work and uncovered the potential gene expression profiles of the GABA-treated HNSCC cell line HN4–2. We found that the expression of CCND2 and BCL2L1 was significantly upregulated. Furthermore, GABA treatment inhibited the cell apoptosis induced by cisplatin and regulated the cell cycle after treatment with cisplatin in HN4–2 cells. Moreover, we also found that GABA could upregulate the expression of CCND2 and BCL2L1 after treatment with cisplatin. Our results not only reveal the potential pro-tumorigenic effect of GABA on HNSCCs but also provide a novel therapeutic target for HNSCC treatment. © 2023 Elsevier B.V., All rights reserved.","Apoptosis; Bcl2l1; Ccnd2; Gaba; Hnsccs; Proliferation; 4 Aminobutyric Acid; Cisplatin; Prolactin; Bcl-x Protein; Bcl2l1 Protein, Human; Ccnd2 Protein, Human; Cisplatin; Cyclin D2; 4 Aminobutyric Acid; Cisplatin; Cyclin D2; Prolactin; Protein Bcl X; Protein P53; Stat Protein; Wnt Protein; Bcl2l1 Protein, Human; Ccnd2 Protein, Human; Apoptosis; Article; Carcinoma Cell; Cell Cycle; Cell Cycle Arrest; Cell Proliferation; Controlled Study; Gene Expression; Gene Expression Profiling; Gene Ontology; Head And Neck Squamous Cell Carcinoma; Hn-4 Cell Line; Human; Human Cell; Protein Expression; Rna Sequencing; Signal Transduction; Upregulation; Gene Expression Regulation; Genetics; Head And Neck Tumor; Metabolism; Squamous Cell Carcinoma; Tumor Cell Line; Apoptosis; Bcl-x Protein; Carcinoma, Squamous Cell; Cell Line, Tumor; Cell Proliferation; Cisplatin; Cyclin D2; Gene Expression Regulation, Neoplastic; Head And Neck Neoplasms; Humans; Squamous Cell Carcinoma Of Head And Neck"
"LCZ696 attenuates sepsis-induced liver dysfunction in rats; the role of oxidative stress, apoptosis, and JNK1/2-P38 signaling pathways","2023","Life Sciences","10.1016/j.lfs.2023.122210","https://www.scopus.com/inward/record.uri?eid=2-s2.0-85174628681&doi=10.1016%2Fj.lfs.2023.122210&partnerID=40&md5=fb329af36820ec6230064bec1a73b9cf","Aim: Sepsis is a serious inflammatory response to infection with an annual incidence rate of >48 million cases and 11 million fatalities worldwide. Furthermore, sepsis remains the world's fifth-greatest cause of death. For the first time, the current study aims to evaluate the possible hepatoprotective benefits of LCZ696, a combination of an angiotensin receptor blocker (valsartan) and a neprilysin inhibitor prodrug (sacubitril), on cecal ligation and puncture (CLP)-induced sepsis in rats. Main methods: CLP was employed to induce sepsis. Hepatic malondialdehyde (MDA), reduced glutathione (GSH), superoxide dismutase (SOD), interleukin-6 (IL-6), IL-1β, tumor necrosis factor-alpha (TNF-α), and caspase 3 were assessed using ELISA. Serum alanine transaminase (ALT) and aspartate transaminase (AST) were also measured. Western blot assay was used to determine the expression of JNK1/2 and P38 proteins. The histology of liver tissues was also examined. Key findings: CLP resulted in significant elevation of AST, ALT, MDA, IL-6, IL-1β, TNF-α, and caspase 3 levels, and up-regulation of p/t JNK1/2, and p/t P38 proteins, as compared to the sham group. However, level of GSH, and SOD activity were reduced in CLP group. LCZ696 significantly improved all the previously mentioned biochemical and histological abnormalities better than using valsartan alone. Significance: LCZ696 substantially ameliorated CLP-induced liver damage, compared to valsartan, by reducing proinflammatory mediators, inhibiting the JNK1/2 and P38 signaling pathway, and attenuating apoptosis. © 2023 Elsevier B.V., All rights reserved.","Cleaved Caspase 3; Clp; Hepatic Injury; Jnk1/2; Lcz696; P38; Tnf-α; Alanine Aminotransferase; Ascorbic Acid; Aspartate Aminotransferase; Caspase 3; Glutathione; Malonaldehyde; Sacubitril Plus Valsartan; Superoxide Dismutase; Valsartan; Caspase 3; Interleukin-6; Sacubitril And Valsartan Sodium Hydrate Drug Combination; Superoxide Dismutase; Tumor Necrosis Factor-alpha; Valsartan; Alanine Aminotransferase; Ascorbic Acid; Aspartate Aminotransferase; Caspase 3; Glutathione; Interleukin 1beta; Interleukin 6; Malonaldehyde; Sacubitril Plus Valsartan; Superoxide Dismutase; Synaptophysin; Tumor Necrosis Factor; Sacubitril And Valsartan Sodium Hydrate Drug Combination; Valsartan; Alanine Aminotransferase Blood Level; Animal Experiment; Animal Model; Animal Tissue; Apoptosis; Article; Aspartate Aminotransferase Blood Level; Cecal Ligation And Puncture-induced Sepsis; Cell Degeneration; Down Regulation; Drug Efficacy; Drug Response; Enzyme Activity; Histopathology; Liver Cell; Liver Dysfunction; Liver Function Test; Liver Protection; Male; Nonhuman; Oxidative Stress; Protein Cleavage; Protein Expression; Protein Phosphorylation; Rat; Sepsis; Sepsis Induced Liver Dysfunction; Upregulation; Western Blotting; Animal; Complication; Liver Disease; Signal Transduction; Animals; Apoptosis; Caspase 3; Interleukin-6; Liver Diseases; Oxidative Stress; Rats; Sepsis; Signal Transduction; Superoxide Dismutase; Tumor Necrosis Factor-alpha; Valsartan"
"Comprehensive insights into the multifaceted roles of the transient receptor potential vanilloid 1 channel in the digestive system","2023","Life Sciences","10.1016/j.lfs.2023.122207","https://www.scopus.com/inward/record.uri?eid=2-s2.0-85174614837&doi=10.1016%2Fj.lfs.2023.122207&partnerID=40&md5=1a25fd03d4016172eb2a6be5b769ef9d","The transient receptor potential vanilloid (TRPV) channel, a family of calcium transporters comprising six distinct members (TRPV1–6), takes on a paramount role in maintaining intracellular Ca2+ homeostasis in mammalian cells. Notably, TRPV1, among its counterparts, has emerged as the subject of extensive scrutiny, owing to its pervasive presence in diverse cellular, tissue, and organ settings. This ubiquitous distribution underscores its fundamental involvement in the genesis of pain, making it a central focus in pain-related research. However, recent investigations have unveiled that TRPV1's functional significance transcends the realm of pain modulation, extending its influence to encompass a wide spectrum of physiological and pathological processes. The ambit of TRPV1's influence encompasses not only pain responses but also embraces the intricate domains of nervous system disorders, cancer metastasis, as well as afflictions pertaining to the skin and heart. Moreover, compelling evidence now demonstrates that TRPV1 also wields substantial sway in the domain of digestive diseases, further highlighting its versatility and far-reaching impact on human health. Therefore, this comprehensive review endeavors to delve into the multifaceted roles played by TRPV1 in the various organs constituting the digestive system. © 2023 Elsevier B.V., All rights reserved.","Calcium; Capsaicin; Digestive Diseases; Trpv1; Capsaicin; Vanilloid Receptor 1; Antineoplastic Agents; Capsaicin; Transient Receptor Potential Channels; Trpv Cation Channels; Capsaicin; Vanilloid Receptor 1; Antineoplastic Agent; Transient Receptor Potential Channel; Vanilloid Receptor; Calcium Homeostasis; Diabetes Mellitus; Digestive System; Dysphagia; Esophagitis; Gastroesophageal Reflux; Heart Disease; Hepatic Encephalopathy; Human; Inflammatory Bowel Disease; Irritable Colon; Liver Cell Carcinoma; Metastasis; Neurologic Disease; Nonalcoholic Fatty Liver; Nonhuman; Pain; Pancreatitis; Pathophysiology; Protein Localization; Protein Structure; Review; Skin Disease; Stomach Cancer; Stomach Protection; Animal; Mammal; Animals; Antineoplastic Agents; Capsaicin; Digestive System; Humans; Mammals; Pain; Transient Receptor Potential Channels; Trpv Cation Channels"
"Possible therapeutic role of zinc oxide nanoparticles versus vanillic acid in testosterone-induced benign prostatic hyperplasia in adult albino rat: A histological, immunohistochemical and biochemical study","2023","Life Sciences","10.1016/j.lfs.2023.122190","https://www.scopus.com/inward/record.uri?eid=2-s2.0-85174468077&doi=10.1016%2Fj.lfs.2023.122190&partnerID=40&md5=275d3caa87e9f5fe06d9443b4ff2d9ac","Background: The search for alternative therapies for treatment of Benign prostatic hyperplasia (BPH) has been increasingly studied to avoid the common adverse effects of the usual regimens. Therefore, this study aimed at delineating possible mechanisms of benign prostatic hyperplasia (BPH) and possible therapeutic role of zinc oxide nanoparticles (ZnO-NPs) versus vanillic acid. Methods: Forty rats were divided into five groups: control, sham control, Testosterone-induced BPH, BPH and Zn-NPs, and BPH and vanillic acid. Light microscopic, immune-histochemical; PCNA, Bcl-2, Bax, caspase-3, p-Akt and p-mTOR, histomorphometric analysis, MDA/SOD and GPx and were done. Gene expression of p-Akt, p-mTOR and survivin were evaluated. Results: Application of zinc oxide nanoparticles as well as vanillic acid significantly reduced prostatic index, epithelial thickness, stromal collagen fibers, expression of PCNA, Bcl2, p-Akt, p-mTOR and MDA tissue level (p < 0.05). Whereas expression of Bax and caspase 3, and tissue levels of SOD and GPx were significantly increased in groups treated with Zno-Nps and vanillic acid compared to that of BPH group. Zinc oxide nanoparticles showed a better effect than vanillic acid in alleviating BPH. Conclusion: These findings suggested that ZnO-NPs as well as VA ameliorated the histolo-pathological and biochemical effects of induced BPH, moreover they improved the proapoptotic and antioxidant parameters which ere induced in BPH. It is recommended to search for new agents to prevent the development and progression of BPH. © 2023 Elsevier B.V., All rights reserved.","Benign Prostatic Hyperplasia; Inflammation; Testosterone; Vanillic Acid; Zinc Oxide Nanoparticles; Caspase 3; Glutathione Peroxidase; Malonaldehyde; Protein Bcl 2; Protein Kinase B; Superoxide Dismutase; Testosterone; Vanillic Acid; Target Of Rapamycin Kinase; Zinc Oxide; Bcl-2-associated X Protein; Proliferating Cell Nuclear Antigen; Proto-oncogene Proteins C-akt; Superoxide Dismutase; Testosterone; Tor Serine-threonine Kinases; Vanillic Acid; Zinc Oxide; Caspase 3; Glutathione Peroxidase; Malonaldehyde; Mammalian Target Of Rapamycin; Prostate Specific Antigen; Protein Bax; Protein Bcl 2; Protein Kinase B; Superoxide Dismutase; Testosterone; Vanillic Acid; Zinc Oxide Nanoparticle; Cycline; Nanoparticle; Target Of Rapamycin Kinase; Zinc Oxide; Adult; Animal Experiment; Animal Model; Animal Tissue; Antioxidant Activity; Article; Biochemistry; Controlled Study; Enzyme Linked Immunosorbent Assay; Gene Expression; Histopathology; Immunohistochemistry; Male; Male Genital Tract Parameters; Microscopy; Nonhuman; Particle Size; Prostate Hypertrophy; Protein Expression; Protein Phosphorylation; Rat; Staining; Treatment Outcome; Treatment Response; Animal; Human; Metabolism; Animals; Bcl-2-associated X Protein; Humans; Male; Nanoparticles; Proliferating Cell Nuclear Antigen; Prostatic Hyperplasia; Proto-oncogene Proteins C-akt; Rats; Superoxide Dismutase; Testosterone; Tor Serine-threonine Kinases; Vanillic Acid; Zinc Oxide"
"Human umbilical cord mesenchymal stem cells alleviated TNBS-induced colitis in mice by restoring the balance of intestinal microbes and immunoregulation","2023","Life Sciences","10.1016/j.lfs.2023.122189","https://www.scopus.com/inward/record.uri?eid=2-s2.0-85174466615&doi=10.1016%2Fj.lfs.2023.122189&partnerID=40&md5=274a80d93ff870fa6d1052a8b8a08456","Aims: Human umbilical cord mesenchymal stem cells (HUMSCs) have been documented to be effective for several immune disorders including inflammatory bowel diseases (IBD). However, it remains unclear how HUMSCs function in regulating immune responses and intestinal flora in the trinitrobenzene sulfonic acid (TNBS)-induced IBD model. Materials and methods: We assessed the regulatory effects of HUMSCs on the gut microbiota, T lymphocyte subpopulations and related immune cytokines in the TNBS-induced IBD model. The mice were divided into the normal, TNBS, and HUMSC-treated groups. The effect of HUMSCs was evaluated by Hematoxylin and Eosin (H&E) staining, fluorescence-activated cell sorting (FACS), and enzyme-linked immunosorbent assay (ELISA) analyses. Metagenomics Illumina sequencing was conducted for fecal samples. Key findings: We demonstrated that the disease symptoms and pathological changes in the colon tissues of TNBS-induced colitis mice were dramatically ameliorated by HUMSCs, which improved the gut microbiota and rebalanced the immune system, increasing the abundance of healthy bacteria (such as Lactobacillus murinus and Lactobacillus johnsonii), the Firmicutes/Bacteroidetes ratio, and the proportion of Tregs; the Th1/Th17 ratio was decreased. Consistently, the expression levels of IFN-γ and IL-17 were significantly decreased, and transforming growth factor-β1 (TGF-β1) levels were significantly increased in the plasma of colitis mice HUMSC injection. Significance: Our experiment revealed that HUMSCs mitigate acute colitis by regulating the rebalance of Th1/Th17/Treg cells and related cytokines and remodeling the gut microbiota, providing potential future therapeutic targets in IBD. © 2023 Elsevier B.V., All rights reserved.","Gut Microbiota; Inflammatory Bowel Disease; Inflammatory Cytokines; Mesenchymal Stem Cells; T Cell Subsets; Gamma Interferon; Trinitrobenzenesulfonic Acid; Cytokines; Trinitrobenzenesulfonic Acid; Gamma Interferon; Interleukin 17; Transforming Growth Factor Beta1; Trinitrobenzenesulfonic Acid; Cytokine; Animal Experiment; Animal Model; Animal Tissue; Article; Controlled Study; Enzyme Linked Immunosorbent Assay; Fluorescence Activated Cell Sorting; Human; Human Tissue; Immune Response; Inflammatory Bowel Disease; Intestine Flora; Metagenomics; Mouse; Nonhuman; T Lymphocyte Subpopulation; Umbilical Cord Mesenchymal Stem Cell; Animal; Colitis; Disease Model; Immunity; Mesenchymal Stem Cell; Metabolism; Regulatory T Lymphocyte; Umbilical Cord; Animals; Colitis; Cytokines; Disease Models, Animal; Humans; Immunity; Inflammatory Bowel Diseases; Mesenchymal Stem Cells; Mice; T-lymphocytes, Regulatory; Trinitrobenzenesulfonic Acid; Umbilical Cord"
"Drug repurposing for the identification of new Bcl-2 inhibitors: In vitro, STD-NMR, molecular docking, and dynamic simulation studies","2023","Life Sciences","10.1016/j.lfs.2023.122181","https://www.scopus.com/inward/record.uri?eid=2-s2.0-85174461941&doi=10.1016%2Fj.lfs.2023.122181&partnerID=40&md5=af92772375b728880bf5c171a363a427","Background: The anti-apoptotic protein B-Cell Lymphoma 2 (Bcl-2) is a key target for the development of anti-cancer agents, as its overexpression can render cancer cells resistant to chemotherapeutic treatments. Aims and objectives: The current study has systematically evaluated a library of FDA-approved drugs for Bcl-2 inhibition using a drug repurposing strategy via in vitro, biophysical, and in-silico techniques. Materials and methods: In vitro anticancer activity was performed, followed by apoptosis assay. The selected compounds were subjected to Saturation Transfer Difference Nuclear Magnetic Resonance (STD-NMR) spectroscopy, molecular docking, and molecular dynamic simulation for ligand-protein interactions. Key findings: In the initial screening, seventy-five (75) drugs were evaluated against the HL-60 (human blood promyelocytic leukemia) cancer cell line. Among them, paroxetine HCl, carvedilol, clomipramine HCl, and clomifene citrate showed significant anti-proliferative activity (IC<inf>50</inf> = 9.733 ± 0.524, 11.940 ± 0.079, 12.376 ± 1.242, and 6.155 ± 0.363 μM, respectively), in comparison to the reference drug venetoclax (IC<inf>50</inf> = 7.086 ± 0.041 μM). This indicated that the test drugs have comparable IC<inf>50</inf> values to the standard drug. Furthermore, the drugs were able to induce apoptosis in HL-60 cells. These drugs showed interactions with Bcl-2 protein in STD-NMR analysis. Docking and MD simulation studies further supported the interaction of these drugs with Bcl-2 protein, mainly via hydrophobic contacts leading to stable drug-Bcl-2 complexes. Significance: This study, identifies paroxetine HCl, carvedilol, clomipramine HCl, and clomifene citrate as significant Bcl-2 inhibitors and needs further pre-clinical and clinical studies for potential anti-cancer agents' evaluation. © 2023 Elsevier B.V., All rights reserved.","Bcl-2 Protein; Carvedilol; Clomifene; Clomipramine; Drug Repurposing; Paroxetine; Std-nmr; Carvedilol; Clomifene Citrate; Clomipramine; Paroxetine; Protein Bcl 2; Venetoclax; Citric Acid; Clomifene; Antineoplastic Agents; Carvedilol; Citrates; Clomiphene; Clomipramine; Paroxetine; Proto-oncogene Proteins C-bcl-2; Carvedilol; Clomifene Citrate; Clomipramine; Paroxetine; Protein Bcl 2; Venetoclax; Antineoplastic Agent; Citric Acid; Clomifene; Antineoplastic Activity; Antiproliferative Activity; Apoptosis; Article; Cell Proliferation; Cell Viability; Controlled Study; Drug Identification; Drug Receptor Binding; Drug Screening; Drug Structure; Hl-60 Cell Line; Human; Human Cell; Hydrophobicity; Ic50; In Vitro Study; Molecular Docking; Molecular Dynamics; Nuclear Magnetic Resonance; Protein Protein Interaction; Saturation Transfer Difference Nuclear Magnetic Resonance; Chemistry; Drug Repositioning; Metabolism; Nuclear Magnetic Resonance Spectroscopy; Tumor Cell Line; Antineoplastic Agents; Carvedilol; Cell Line, Tumor; Citrates; Clomiphene; Clomipramine; Drug Repositioning; Drug Screening Assays, Antitumor; Humans; Magnetic Resonance Spectroscopy; Molecular Docking Simulation; Molecular Dynamics Simulation; Paroxetine; Proto-oncogene Proteins C-bcl-2"
"Highland barley attenuates high fat and cholesterol diet induced hyperlipidemia in mice revealed by 16S rRNA gene sequencing and untargeted metabolomics","2023","Life Sciences","10.1016/j.lfs.2023.122142","https://www.scopus.com/inward/record.uri?eid=2-s2.0-85174458022&doi=10.1016%2Fj.lfs.2023.122142&partnerID=40&md5=92416ef4bf9a16c4c487c2179ce83d45","Aims: In this study, highland barley (HB), HB bran (HBB) and whole grain HB (WGHB) alleviating hyperlipemia and liver inflammation in high fat and cholesterol diet (HFCD) mice was investigated. Methods: All 50 ICR mice were randomly allocated to 5 treatment groups: Normal control group, HFCD group, HB group, HBB group and WGHB group. The serum lipid profiles, liver and epididymal adipocyte histology, gut microbiota and untargeted metabolomics were adopted. Key findings: The results suggested that HB especially HBB supplement could obviously decrease BW and BWG. Serum lipid profiles showed that HB especially HBB decreased TG, TC, LDL-C, ALT and AST levels while increased HDL-C level. Liver and epididymal adipocyte H&E staining also confirmed that hepatic injury and adipose accumulation were alleviated by HB especially HBB. Gut microbiota analysis indicated that HBB increased Bacteroidetes/Firmicutes ratio, Lactobacillus and Akkermansia muciniphila abundances while decreased Proteobacteria and Shigella abundances. Untargeted metabolomics results showed that HBB significantly increased deoxycholic acid levels compared with HFCD mice and HBB regulated arachidonic acid metabolism pathway. Significance: The obtained results provided important information about the processing of highland barley to retain its hypolipidemic effect and improve its acceptability and biosafety, and had a guiding effect on the development of HB products. © 2025 Elsevier B.V., All rights reserved.","16s Rrna; High Fat And Cholesterol Diet; Hyperlipidemia; Liver Inflammation; Metabolomics; Alanine Aminotransferase; Arachidonic Acid; Aspartate Aminotransferase; Cholesterol; Deoxycholic Acid; Eosin; Hematoxylin; Cholesterol; Rna, Ribosomal, 16s; Alanine Aminotransferase; Arachidonic Acid; Aspartate Aminotransferase; Cholesterol; Deoxycholic Acid; Eosin; Hematoxylin; High Density Lipoprotein Cholesterol; Low Density Lipoprotein Cholesterol; Rna 16s; Triacylglycerol; Adipocyte; Akkermansia Muciniphila; Alanine Aminotransferase Blood Level; Animal Cell; Animal Experiment; Animal Model; Animal Tissue; Arachidonic Acid Metabolism; Article; Aspartate Aminotransferase Blood Level; Bacteroidetes; Barley; Biosafety; Bran; Cholesterol Blood Level; Cholesterol Diet; Controlled Study; Diet Therapy; Epididymal Tissue; Firmicutes; Gene Sequence; Hepatitis; High Density Lipoprotein Cholesterol Level; Highland Barley; Highland Barley Bran; Histology; Hyperlipidemia; Hypolipidemic Activity; Intestine Flora; Lactobacillus; Lipid Blood Level; Lipid Diet; Liver Injury; Liver Tissue; Low Density Lipoprotein Cholesterol Level; Male; Metabolomics; Mouse; Nonhuman; Population Abundance; Proteobacteria; Shigella; Staining; Triacylglycerol Blood Level; Whole Grain; Whole Grain Highland Barley; Animal; C57bl Mouse; Genetics; Hordeum; Institute For Cancer Research Mouse; Liver; Metabolism; Rna Gene; Animals; Cholesterol; Diet, High-fat; Genes, Rrna; Hyperlipidemias; Liver; Mice; Mice, Inbred C57bl; Mice, Inbred Icr; Rna, Ribosomal, 16s"
"Gut microbiota and traumatic central nervous system injuries: Insights into pathophysiology and therapeutic approaches","2023","Life Sciences","10.1016/j.lfs.2023.122193","https://www.scopus.com/inward/record.uri?eid=2-s2.0-85174453259&doi=10.1016%2Fj.lfs.2023.122193&partnerID=40&md5=a97a2812b2de69bf2b7a55080ce43e90","Traumatic brain injury and spinal cord injury are two distinct but fundamentally similar types of acute insults to the central nervous system (CNS) that often culminate in death or cognitive and motor impairment. Over the past decade, researchers have tapped into research to discover the potential role being played by gut bacteria in CNS. After an acute CNS injury, the altered composition of the gut microbiota disturbs the balance of the bidirectional gut-brain axis, aggravating secondary CNS injury, motor dysfunctions, and cognitive deficits, which worsens the patient's prognosis. Some of the well-known therapeutic interventions which can also be used as adjuvant therapy for alleviating CNS injuries include, the use of pro and prebiotics, fecal microbiota transplantation, and microbial engineering. In this review, we aim to discuss the importance of gut microbes in our nervous system, anatomy, and signaling pathways involved in regulating the gut-brain axis, the alteration of the gut microbiome in CNS injuries, and the therapeutic strategies to target gut microbiomes in traumatic CNS injuries. © 2023 Elsevier B.V., All rights reserved.","Brain-derived Neurotrophic Factor (bdnf); Dopamine; Fecal Microbiota Transplantation; Gamma Amino Butyric Acid (gaba); Gene Therapy; Ghrelin; Gut-brain Axis; Lactic Acid; Leptin; Probiotics; Resveratrol; Serotonin; Spinal Cord Injury; Traumatic Brain Injury; Trimethylamine-n-oxide; Tryptophan; 4 Aminobutyric Acid; Brain Derived Neurotrophic Factor; Chondroitin Abc Lyase; Dopamine; Ghrelin; Lactic Acid; Resveratrol; Serotonin; Trimethylamine Oxide; Tryptophan; Prebiotics; 4 Aminobutyric Acid; Adeno Associated Virus Vector; Brain Derived Neurotrophic Factor; Chondroitin Abc Lyase; Cytokine; Dopamine; Ghrelin; Lactic Acid; Leptin; Neurotransmitter; Neurotrophin 3; Prebiotic Agent; Probiotic Agent; Resveratrol; Serotonin; Trimethylamine Oxide; Tryptophan; Adeno Associated Virus; Autonomic Nervous System; Bacterial Gene; Bacterial Strain; Bacteriotherapy; Bifidobacterium; Bifidobacterium Choerinum; Bifidobacterium Longum; Brain-gut Axis; Central Nervous System; Cytokine Release; Drug Delivery System; Fecal Microbiota Transplantation; Firmicutes; Gene Therapy; Human; Hypothalamus Hypophysis Adrenal System; Immunocompetent Cell; Intestine Flora; Intestine Innervation; Lactobacillus; Lactobacillus Delbrueckii Subsp. Bulgaricus; Lactobacillus Johnsonii; Lactobacillus Reuteri; Lactobacillus Rhamnosus; Lactococcus Lactis; Microbiological Engineering; Mycobacterium Vaccae; Nervous System; Neuroprotection; Neurotransmitter Release; Nonhuman; Pathophysiology; Randomized Controlled Trial (topic); Review; Signal Transduction; Spinal Cord Injury; Streptococcus Thermophilus; Traumatic Brain Injury; Weissella Cibaria; Brain; Metabolism; Brain; Brain Injuries, Traumatic; Central Nervous System; Gastrointestinal Microbiome; Humans; Prebiotics; Spinal Cord Injuries"
"miRNAs in the prognosis of triple-negative breast cancer: A review","2023","Life Sciences","10.1016/j.lfs.2023.122183","https://www.scopus.com/inward/record.uri?eid=2-s2.0-85174716343&doi=10.1016%2Fj.lfs.2023.122183&partnerID=40&md5=c82d51eabbbee0c5d7830f9eacc4686a","Triple-Negative Breast Cancer (TNBC) is a highly aggressive and invasive type of breast cancer (BC) with high mortality rate wherein effective target medicaments are lacking. It is a very heterogeneous group with several subtypes that account for 10-20% of cancer among women globally, being negative for three most important receptors (estrogen receptor (ER), progesterone receptor (PR), and human epidermal growth factor receptor 2 (HER2)), with an early and high recurrence resulting in poor survival rate. Therefore, a more thorough knowledge on carcinogenesis of TNBC is required for the development of personalized treatment options. miRNAs can either promote or suppress tumorigenesis and have been linked to a number of features of cancer progression, including proliferation, metastasis, apoptosis, and epithelial-mesenchymal transition (EMT). Recent miRNA research shows that there is great potential for the development of novel biomarkers as they have emerged as drivers of tumorigenesis and provide opportunities to target various components involved in TNBC, thus helping to solve this difficult-to-treat disease. In this review, we summarize the most relevant miRNAs that play an essential role in TNBC biology. Their role with regard to molecular mechanisms underlying TNBC progression has been discussed, and their potential use as therapeutic or prognostic markers to unravel the intricacy of TNBC based on the pieces of evidence obtained from various works of literature has been briefly addressed. © 2023 Elsevier B.V., All rights reserved.","Drug Resistance; Epithelial-mesenchymal Transition; Heterogeneity; Mirna; Prognosis; Rna-based Treatment Methods; Stemness; Triple-negative Breast Cancer; Tumorigenesis; Epidermal Growth Factor Receptor 2; Micrornas; Androgen Receptor; Antineoplastic Agent; Epidermal Growth Factor Receptor 2; Estrogen Receptor; Microrna; Progesterone Receptor; Tumor Marker; Apoptosis; Bl1 Gene; Bl2 Gene; Breast Carcinogenesis; Cancer Cell; Cancer Chemotherapy; Cancer Gene Therapy; Cancer Growth; Cancer Immunotherapy; Cancer Mortality; Cancer Prognosis; Cancer Recurrence; Cancer Resistance; Cancer Survival; Cell Migration; Cell Proliferation; Cell Stemness; Disease Activity; Epigenetics; Epithelial Mesenchymal Transition; Evidence Based Medicine; Exosome; Gene; Genetic Heterogeneity; Global Health; Human; Mesenchyme Cell; Metastasis; Molecular Pathology; Mortality Rate; Nonhuman; Personalized Medicine; Review; Rna Analysis; Rna Blood Level; Survival Rate; Triple Negative Breast Cancer; Tumor Invasion; Carcinogenesis; Female; Genetics; Pathology; Carcinogenesis; Female; Humans; Micrornas; Triple Negative Breast Neoplasms"
"The role of sirtuins in the regulatin of oxidative stress during the progress and therapy of type 2 diabetes mellitus","2023","Life Sciences","10.1016/j.lfs.2023.122187","https://www.scopus.com/inward/record.uri?eid=2-s2.0-85174694375&doi=10.1016%2Fj.lfs.2023.122187&partnerID=40&md5=a9b14291a61592a38807f0b0c7a1914f","Type 2 diabetes mellitus (T2DM) is a chronic metabolic disorder characterized by insulin resistance and impaired glucose homeostasis. Oxidative stress, arising from an imbalance between reactive oxygen species (ROS) production and antioxidant defense systems, plays a significant role in the development and progression of T2DM. The sirtuin family, particularly Sirt1, Sirt3, and Sirt6, have emerged as key regulators of oxidative stress in various cellular processes. This review aims to explore the role of the sirtuin family in oxidative stress during the progression of T2DM and their potential as therapeutic targets. We discussed the mechanisms through which sirtuins modulate oxidative stress, their impact on insulin sensitivity, and beta-cell function involved in T2DM. Furthermore, we highlight drugs targeting sirtuin activation and related complications in T2DM. This review summarizes the role as well as mechanism of sirtuins in the regulation of oxidative stress in T2DM and available drugs targeting sirtuins in clinic, which may provide novel insights into the mechanism and therapy of T2DM. © 2023 Elsevier B.V., All rights reserved.","Oxidative Stress; Ros; Sirt1; Sirt3; Sirt6; Sirtuin; Therapy; Type 2 Diabetes Mellitus (t2dm); Canagliflozin; Dapagliflozin; Empagliflozin; Exendin 4; Glibenclamide; Glimepiride; Histone Deacetylase; Honokiol; Liraglutide; Metformin; N [2 [3 (1 Piperazinylmethyl)imidazo[2,1 B]thiazol 6 Yl]phenyl] 2 Quinoxalinecarboxamide; Resveratrol; Superoxide Dismutase; Antioxidants; Sirtuin 3; Sirtuins; Srt 1720; Canagliflozin; Dapagliflozin; Dipeptidyl Peptidase Iv Inhibitor; Empagliflozin; Exendin 4; Glibenclamide; Glimepiride; Glucagon Like Peptide 1 Receptor Agonist; Glutathione Peroxidase 1; Histone Deacetylase; Histone Deacetylase 3; Honokiol; Isocitrate Dehydrogenase 2; Ku Antigen; Liraglutide; Manganese Superoxide Dismutase; Metformin; N [2 [3 (1 Piperazinylmethyl)imidazo[2,1 B]thiazol 6 Yl]phenyl] 2 Quinoxalinecarboxamide; Nuclear Respiratory Factor 1; Protein P53; Resveratrol; Sirtuin; Sirtuin 1; Sirtuin 2; Sirtuin 3; Sirtuin 4; Sirtuin 5; Sirtuin 6; Sirtuin 7; Sodium Glucose Cotransporter 2 Inhibitor; Sulfonylurea; Superoxide Dismutase; Transcription Factor Fkhr; Uncoupling Protein; Antioxidant; Antidiabetic Activity; Cell Survival; Diabetic Nephropathy; Dna Damage; Glucose Homeostasis; Glucose Metabolism; Human; Insulin Signaling; Lifestyle Modification; Lipid Metabolism; Non Insulin Dependent Diabetes Mellitus; Nonhuman; Oxidation Reduction State; Oxidative Stress; Protein Folding; Protein Function; Protein Interaction; Protein Targeting; Regulatory Mechanism; Review; Metabolism; Antioxidants; Diabetes Mellitus, Type 2; Humans; Oxidative Stress; Sirtuin 3; Sirtuins"
"Targeting neuromuscular junction to treat neuromuscular disorders","2023","Life Sciences","10.1016/j.lfs.2023.122186","https://www.scopus.com/inward/record.uri?eid=2-s2.0-85174353614&doi=10.1016%2Fj.lfs.2023.122186&partnerID=40&md5=8edc2c01875ba556c71da06d11b10755","The integrity and preservation of the neuromuscular junction (NMJ), the interface between the motor neuron and skeletal muscle, is critical for maintaining a healthy skeletal muscle. The structural and/or functional defects in the three cellular components of NMJ, namely the pre-synaptic terminal, synaptic cleft, and post-synaptic region, negatively affect skeletal muscle mass and/or strength. Therefore, NMJ repair appears to be an appropriate therapy for muscle disorders. Mouse models provide a detailed molecular characterization of various cellular components of NMJ with relevance to human diseases. This review discusses different molecular targets on the three cellular components of NMJ for treating muscle diseases. The potential effects of these therapies on NMJ morphology and motor performance, their therapeutic efficacy, and clinical relevance are discussed. Collectively, the available data supports targeting NMJ alone or as an adjunct therapy in treating muscle disorders. However, the potential impact of such interventions on human patients with muscle disorders requires further investigation. © 2023 Elsevier B.V., All rights reserved.","Chronic Obstructive Pulmonary Disease; Muscle Wasting; Neuromuscular Junction; Amifampridine; Nt 1654; Adrenergic Receptor Stimulating Agent; Agrin; Amifampridine; Chloride Channel Blocking Agent; Cholinesterase Inhibitor; Collagen Type 13; Collagen Type 6; Cytoplasm Protein; Docking 7; Muscle Specific Kinase Agonist; Neurotrophin 3; Nt 1654; Unclassified Drug; Adrenergic Stimulation; Amyotrophic Lateral Sclerosis; Caloric Restriction; Chronic Obstructive Lung Disease; Dok 7 Gene; Drug Efficacy; Drug Targeting; Eaton Lambert Syndrome; Exercise; Hereditary Motor Sensory Neuropathy; Hormonal Therapy; Human; Motor Performance; Muscle Atrophy; Muscle Disease; Muscle Specific Kinase Myasthenia Gravis; Myasthenia Gravis; Nerve Crush; Neuromuscular Disease; Neuromuscular Junction; Neuromuscular Junction Disorder; Neuromuscular Transmission; Nonhuman; Review; Sarcopenia; Skeletal Muscle; Spinal Muscular Atrophy; Spinal Muscular Atrophy Type 2; Thomsen Disease; Animal; Mouse; Physiology; Synapse; Animals; Humans; Mice; Muscle, Skeletal; Muscular Diseases; Neuromuscular Diseases; Neuromuscular Junction; Synapses"
"Decreased sympathetic nerve activity in young hypertensive rats reared by normotensive mothers","2023","Life Sciences","10.1016/j.lfs.2023.122179","https://www.scopus.com/inward/record.uri?eid=2-s2.0-85174346353&doi=10.1016%2Fj.lfs.2023.122179&partnerID=40&md5=aceca5b019631a6f50d526a0363f3abb","Aims: Early postnatal development can be significantly compromised by changes in factors provided by the mother, leading to increased vulnerability to hypertension in her offspring. TGR(mRen-2)27 (TGR) mothers, characterised by an overactivated renin-angiotensin system, exhibit altered ion composition in their breast milk. Therefore, we aimed to analyse the impact of cross-fostering on cardiovascular parameters in hypertensive TGR and normotensive Hannover Sprague-Dawley (HanSD) offspring. Materials and methods: We measured cardiovascular parameters in 5- to 10-week-old male offspring by telemetry. The expression of proteins related to vascular function was assessed by western blotting in the aortic samples obtained from 6- to 12-week-old male offspring. Plasma renin activity and plasma angiotensin II (Ang II) levels were evaluated by radioimmunoassay (RIA). Key findings: The development of hypertension was in TGR accompanied by increased low-to-high frequency ratio (LF/HF; a marker of sympathovagal balance; 0.51 ± 0.16 in week 10). Furthermore, TGR exhibited increased aortic expression of mineralocorticoid receptor (MR; p < 0.05) and transforming growth factor beta type 1 (TGF-β1; p = 0.002) compared to HanSD offspring. Fostering significantly decreased sympathovagal balance (0.23 ± 0.10 in week 10) and, transiently, plasma Ang II levels and MR expression in TGR offspring reared by HanSD mothers. Significance: These findings highlight the importance of understanding the complex interplay between early life experiences, maternal factors, and later cardiovascular function. Understanding the mechanisms behind the observed effects may help to identify potential interventions to prevent the development of hypertension later in life. © 2023 Elsevier B.V., All rights reserved.","Aorta; Blood Pressure; Cross-fostering; Heart Rate Variability; Hypertension; Sympathetic Nerve Activity; Angiotensin Ii; Myosin Light Chain Kinase; Renin; Angiotensin Ii; Renin; Angiotensin Ii; Mineralocorticoid Receptor; Myosin Light Chain Kinase; Sarcoplasmic Reticulum Calcium Transporting Adenosine Triphosphatase; Transforming Growth Factor Beta1; Renin; Angiotensin Blood Level; Animal Experiment; Article; Autonomic Nervous System Function; Blood Pressure; Circadian Rhythm; Controlled Study; Female; Heart Rate; Heart Rate Variability; Hypertension; Locomotion; Male; Nonhuman; Plasma Renin Activity; Pressoreceptor Reflex; Progeny; Protein Expression; Radioimmunoassay; Rat; Sprague Dawley Rat; Sympathetic Nerve; Sympathetic Tone; Telemetry; Transgenic Rat; Western Blotting; Animal; Human; Kidney; Metabolism; Mother; Physiology; Transgenic Animal; Angiotensin Ii; Animals; Animals, Genetically Modified; Blood Pressure; Female; Humans; Hypertension; Kidney; Male; Mothers; Rats; Rats, Sprague-dawley; Renin"
"Metabolomics profiling and chemoresistance mechanisms in ovarian cancer cell lines: Implications for targeting glutathione pathway","2023","Life Sciences","10.1016/j.lfs.2023.122166","https://www.scopus.com/inward/record.uri?eid=2-s2.0-85173947006&doi=10.1016%2Fj.lfs.2023.122166&partnerID=40&md5=a84217b16faf0dedb128371264aaafe0","Ovarian cancer presents a significant challenge due to its high rate of chemoresistance, which complicates the effectiveness of drug-response therapy. This study provides a comprehensive metabolomic analysis of ovarian cancer cell lines OVCAR-3 and SK-OV-3, characterizing their distinct metabolic landscapes. Metabolomics coupled with chemometric analysis enabled us to discriminate between the metabolic profiles of these two cell lines. The OVCAR-3 cells, which are sensitive to doxorubicin (DOX), exhibited a preference for biosynthetic pathways associated with cell proliferation. Conversely, DOX-resistant SK-OV-3 cells favored fatty acid oxidation for energy maintenance. Notably, a marked difference in glutathione (GSH) metabolism was observed between these cell lines. Our investigations further revealed that GSH depletion led to a profound change in drug sensitivity, inducing a shift from a cytostatic to a cytotoxic response. The results derived from this comprehensive metabolomic analysis offer potential targets for novel therapeutic strategies to overcome drug resistance. Our study suggests that targeting the GSH pathway could potentially enhance chemotherapy's efficacy in treating ovarian cancer. © 2024 Elsevier B.V., All rights reserved.","Chemoresistance; Glutathione; Metabolomics; Ovarian Cancer; Sk-ov-3 Cells; Carboplatin; Cisplatin; Doxorubicin; Glutathione; Doxorubicin; Glutathione; Synergy 2; Carboplatin; Cisplatin; Cytostatic Agent; Doxorubicin; Glutathione; Sulforhodamine B; Article; Cell Viability; Cytotoxicity; Drug Sensitivity; Fatty Acid Oxidation; Glutathione Pathway; Human; Human Cell; Ic50; Liquid Chromatography-mass Spectrometry; Metabolome; Metabolomics; Ovarian Cancer Cell Line; Ovcar-3 Cell Line; Principal Component Analysis; Signal Transduction; Sk-ov-3 Cell Line; Ultra Performance Liquid Chromatography; Apoptosis; Drug Resistance; Female; Metabolism; Ovary Tumor; Tumor Cell Line; Apoptosis; Cell Line, Tumor; Doxorubicin; Drug Resistance, Neoplasm; Female; Glutathione; Humans; Ovarian Neoplasms"
"CRISPR-based precision medicine for hematologic disorders: Advancements, challenges, and prospects","2023","Life Sciences","10.1016/j.lfs.2023.122165","https://www.scopus.com/inward/record.uri?eid=2-s2.0-85173905224&doi=10.1016%2Fj.lfs.2023.122165&partnerID=40&md5=91e5064e5fac69e5d1d8dfa4ebc80c3d","The development of programmable nucleases to introduce defined alterations in genomic sequences has been a powerful tool for precision medicine. While several nucleases such as zinc-finger nucleases (ZFN), transcriptor activator-like effector nucleases (TALEN), and meganucleases have been explored, the advent of CRISPR/Cas9 technology has revolutionized the field of genome engineering. In addition to disease modeling, the CRISPR/Cas9 technology has contributed to safer and more effective treatment strategies for hematologic diseases and personalized T-cell-based therapies. Here we discuss the applications of the CRISPR technology in the treatment of hematologic diseases, their efficacy, and ongoing clinical trials. We examine the obstacles to their successful use and the approaches investigated to overcome these challenges. Finally, we provide our perspectives to improve this genome editing tool for targeted therapies. © 2023 Elsevier B.V., All rights reserved.","Car T Cells; Gene Therapy; Genome Editing; Hematological Diseases; Hemophilia; Sickle Cell Disease; Lenzilumab; Endonuclease; Endonucleases; B Cell Activating Factor; B Cell Activating Factor Receptor; Cd19 Antigen; Cd27 Antigen; Cytotoxic T Lymphocyte Antigen 4; Interleukin 1; Interleukin 6; Lenzilumab; Major Histocompatibility Antigen Class 1; Programmed Death 1 Receptor; Tumor Necrosis Factor Receptor Superfamily Member 9; Endonuclease; Acute Myeloid Leukemia; Adaptive Immunity; Chimeric Antigen Receptor T-cell Immunotherapy; Clustered Regularly Interspaced Short Palindromic Repeat; Crispr-cas9 System; Cytokine Release Syndrome; Fanconi Anemia; Gene Deletion; Gene Delivery System; Gene Editing; Gene Insertion; Genetic Engineering; Graft Versus Host Reaction; Hematologic Disease; Hemophilia; High Throughput Sequencing; Human; Human Immunodeficiency Virus Infection; Leukemia; Nonhuman; Personalized Medicine; Review; Sickle Cell Anemia; Thalassemia Major; Crispr Cas System; Genetics; Genome; Crispr-cas Systems; Endonucleases; Gene Editing; Genome; Hematologic Diseases; Humans; Precision Medicine"
"Rifampicin-induced ER stress and excessive cytoplasmic vacuolization instigate hepatotoxicity via alternate programmed cell death paraptosis in vitro and in vivo","2023","Life Sciences","10.1016/j.lfs.2023.122164","https://www.scopus.com/inward/record.uri?eid=2-s2.0-85173788152&doi=10.1016%2Fj.lfs.2023.122164&partnerID=40&md5=44b6a6713f205c42b20005bd35b77c29","Aims: Rifampicin-induced hepatotoxicity is a primary cause of drug-induced liver injury (DILI), posing a significant challenge to its continued clinical application. Moreover, the mechanism underlying rifampicin-induced hepatotoxicity remains unclear. Main methods: Human hepatocyte line-17 (HHL-17) cells were treated with an increasing dose of rifampicin for 24 h, and male Wistar rats were given rifampicin [150 mg/kg body weight (bw)] orally for 28 days. Viability assay, protein expression, and cell death assays were analyzed in vitro. Moreover, liver serum markers, body/organ weight, H&E staining, protein expression, etc., were assayed in vivo. Key findings: Rifampicin induced a dose-dependent hepatotoxicity in HHL-17 cells (IC<inf>50</inf>; 600 μM), and increased the serum levels of liver injury markers, e.g., alanine transaminase (ALT) and aspartate transaminase (AST) in rats. Rifampicin-induced cell death was non-apoptotic and non-necroptotic both in vitro and in vivo. Further, excessive cellular vacuolization and reduced expression of Alix protein confirmed the induction of paraptosis both in vitro and in vivo. In addition, a significant increase in the endoplasmic reticulum (ER) stress markers (e.g., BiP, CHOP, and total polyubiquitinated proteins) was detected, demonstrating the induction of ER stress and altered protein homeostasis. Interestingly, rifampicin-induced hepatotoxicity was associated with the inhibition of autophagy and enhanced reactive oxygen species (ROS) generation in HHL-17 cells. Furthermore, inhibition of protein synthesis by cycloheximide (CHX) suppressed paraptosis by alleviating rifampicin-induced ER stress and ROS generation. Significance: Rifampicin-induced hepatotoxicity involves ER stress-driven paraptosis as a novel mechanism of its toxicity that may be targeted to protect liver cells from rifampicin toxicity. © 2023 Elsevier B.V., All rights reserved.","Cycloheximide; Drug-induced Liver Injury; Endoplasmic Reticulum Stress; Hepatotoxicity; Paraptosis; Rifampicin; Alanine Aminotransferase; Aspartate Aminotransferase; Cycloheximide; Rifampicin; Reactive Oxygen Species; Rifampin; Alanine Aminotransferase; Aspartate Aminotransferase; Cycloheximide; Endoplasmic Reticulum Chaperone Bip; Growth Arrest And Dna Damage Inducible Protein 153; Programmed Death 1 Receptor; Reactive Oxygen Metabolite; Rifampicin; Adult; Alanine Aminotransferase Blood Level; Animal Cell; Animal Experiment; Animal Model; Animal Tissue; Article; Autophagy (cellular); Blood Level; Body Weight; Cell Death; Cell Vacuole; Cell Viability; Controlled Study; Drug-induced Liver Injury; Endoplasmic Reticulum Stress; Human; Human Cell; Ic50; In Vitro Study; In Vivo Study; Liver Cell; Liver Injury; Liver Protection; Liver Toxicity; Male; Nonhuman; Paraptosis; Protein Blood Level; Protein Expression; Protein Homeostasis; Protein Synthesis; Rat; Wistar Rat; Animal; Apoptosis; Chemical And Drug Induced Liver Injury; Metabolism; Animals; Apoptosis; Chemical And Drug Induced Liver Injury; Endoplasmic Reticulum Stress; Humans; Male; Rats; Rats, Wistar; Reactive Oxygen Species; Rifampin"
"miR-199a-3p suppresses neuroinflammation by directly targeting MyD88 in a mouse model of bone cancer pain","2023","Life Sciences","10.1016/j.lfs.2023.122139","https://www.scopus.com/inward/record.uri?eid=2-s2.0-85173711006&doi=10.1016%2Fj.lfs.2023.122139&partnerID=40&md5=722ecc1eb0a1c3ca9fa7a397e5b64540","Aims: Pain is a profoundly debilitating symptom in cancer patients, leading to disability, immobility, and a marked decline in their quality of life. This study aimed to investigate the potential roles of miR-199a-3p in a murine model of bone cancer pain induced by tumor cell implantation in the medullary cavity of the femur. Materials and methods: We assessed pain-related behaviors, including the paw withdrawal mechanical threshold (PWMT) and the number of spontaneous flinches (NSF). To investigate miRNA expression and its targets in astrocytes, we employed a combination of RNA-seq analysis, qRT-PCR, Western blotting, EdU, TUNEL, ChIP, ELISA, and luciferase reporter assays in mice (C3H/HeJ) with bone cancer pain and control groups. Key findings: On days 10, 14, 21, and 28 post-surgery, we observed significant differences in PWTL, PWMT, and NSF when compared to the sham group (P < 0.001). qRT-PCR assays and miRNA sequencing results confirmed reduced miR-199a-3p expression in astrocytes of mice with bone cancer pain. Gain- and loss-of-function experiments demonstrated that miR-199a-3p suppressed astrocyte activation and the expression of inflammatory cytokines. In vitro investigations revealed that miR-199a-3p mimics reduced the levels of inflammatory factors in astrocytes and MyD88/NF-κB proteins. Furthermore, treatment with a miR-199a-3p agonist resulted in reduced expression of MyD88, TAK1, p-p65, and inflammatory mediators, along with decreased astrocyte activation in the spinal cord. Significance: Collectively, these findings demonstrate that upregulation of miR-199a-3p may offer a therapeutic avenue for mitigating bone cancer pain in mice by suppressing neuroinflammation and inhibiting the MyD88/NF-κB signaling pathway. © 2023 Elsevier B.V., All rights reserved.","Astrocyte Activation; Bone Cancer Pain; Mir-199a-3p; Myd88; Neuroinflammation; Nf-κb Signaling Pathway; Adaptor Proteins, Signal Transducing; Micrornas; Myd88 Protein, Mouse; Myeloid Differentiation Factor 88; Nf-kappa B; Cytokine; Immunoglobulin Enhancer Binding Protein; Microrna; Microrna 199a 3p; Myeloid Differentiation Factor 88; Synaptotagmin I; Transforming Growth Factor Beta Activated Kinase 1; Unclassified Drug; Myd88 Protein, Mouse; Signal Transducing Adaptor Protein; Animal Experiment; Animal Model; Animal Tissue; Article; Astrocyte; Bone Cancer; C3h/he Mouse; Cancer Pain; Chromatin Immunoprecipitation; Controlled Study; Enzyme Linked Immunosorbent Assay; Gain Of Function Mutation; In Vitro Study; Loss Of Function Mutation; Luciferase Assay; Male; Mouse; Nervous System Inflammation; Nonhuman; Paw Withdrawal Threshold; Protein Expression; Protein Targeting; Real Time Polymerase Chain Reaction; Rna Sequence; Signal Transduction; Tunel Assay; Western Blotting; Animal; Bone Tumor; C3h Mouse; Complication; Disease Model; Gene Expression Regulation; Genetics; Human; Metabolism; Osteosarcoma; Quality Of Life; Adaptor Proteins, Signal Transducing; Animals; Bone Neoplasms; Cancer Pain; Disease Models, Animal; Gene Expression Regulation, Neoplastic; Humans; Mice; Mice, Inbred C3h; Micrornas; Myeloid Differentiation Factor 88; Neuroinflammatory Diseases; Nf-kappa B; Osteosarcoma; Quality Of Life"
"Implications of gut and oral microbiota in neuroinflammatory responses in Alzheimer's disease","2023","Life Sciences","10.1016/j.lfs.2023.122132","https://www.scopus.com/inward/record.uri?eid=2-s2.0-85173510012&doi=10.1016%2Fj.lfs.2023.122132&partnerID=40&md5=1abc45b981b1158d4ee4659b7cd8799a","A diverse and stable microbiota promotes a healthy state, nevertheless, an imbalance in gut or oral bacterial composition, called dysbiosis, can cause gastrointestinal disorders, systemic inflammatory states and oxidative stress, among others. Recently, gut and oral dysbiosis has been linked to Alzheimer's disease (AD), which is considered the most common form of dementia and a public health priority due to its high prevalence and incidence. The aim of this review is to highlight the implications of gut and oral microbiota in the neuroinflammation characteristic of AD pathology and the subsequent cognitive impairment. It is a systematic review of the current literature obtained by searching the PubMed, Web of Science and Scopus databases. The characteristic intestinal dysbiosis in AD patients leads to increased permeability of the intestinal barrier and activates immune cells in the central nervous system due to translocation of microbiota-derived metabolites and/or bacteria into the circulation leading to increased neuroinflammation and neuronal loss, thus generating the cognitive impairment characteristic of AD. The presence in the central nervous system of Porphyromonas gingivalis can cause an increased neuroinflammation and beta-amyloid peptide accumulation. © 2023 Elsevier B.V., All rights reserved.","Alzheimer's; Dysbiosis; Gut Microbiota; Neuroinflammation; Nlrp3; Oral Microbiota; Amyloid Beta Protein; Minocycline; Amyloid Beta Protein; Cryopyrin; Minocycline; Probiotic Agent; Alzheimer Disease; Bacterial Translocation; Brain-gut Axis; Brain-oral Axis; Central Nervous System; Cognitive Defect; Disease Association; Dysbiosis; Human; Intestine Flora; Intestine Mucosa Permeability; Lymphocyte Activation; Mouth Flora; Nerve Cell Degeneration; Nervous System Inflammation; Neuropathology; Nonhuman; Periodontitis; Porphyromonas Gingivalis; Preclinical Study; Protein Aggregation; Review; Species Composition; Systematic Review; Bacterium; Brain; Complication; Inflammation; Metabolism; Microflora; Pathology; Physiology; Alzheimer Disease; Bacteria; Brain; Dysbiosis; Gastrointestinal Microbiome; Humans; Inflammation; Microbiota; Neuroinflammatory Diseases"
"MiR-206 inhibits estrogen signaling and ovarian cancer cell migration without affecting GPER","2023","Life Sciences","10.1016/j.lfs.2023.122135","https://www.scopus.com/inward/record.uri?eid=2-s2.0-85173342280&doi=10.1016%2Fj.lfs.2023.122135&partnerID=40&md5=862aef619679765c9d105d895adeebd6","Aims: Estrogen-regulated pathways are involved in the etiology and progression of epithelial ovarian cancer (EOC), but the relative contribution of estrogen receptor isoforms is unclear. Only a subset of patients responds to antiestrogens including tamoxifen. Based on our previous evidence that miR-206 behaves as an oncosuppressor in EOC, we hypothesized that miR-206 would interfere with G protein-coupled estrogen receptor (GPER)-mediated signaling and cell motility. Main methods: PFKFB3 and FAK proteins from OC cells challenged with selective estrogen receptor agonist and antagonist were measured by Western blotting. Cell proliferation and motility were analyzed by MTT and Boyden chamber, respectively. Estrogen-dependent cells were transfected with miR-206 mimic or control using Lipofectamine. Key findings: The migration of SKOV3 and OVCAR5 cells significantly increased following treatment with 17β-estradiol (E2) and the selective GPER agonist G1. However, tamoxifen failed to inhibit E2 effect and even promoted SKOV3 cell migration. Estrogen receptor ligands did not affect SKOV3 proliferation. The GPER antagonist G15 significantly prevented E2-mediated upregulation of PFKFB3 expression, while G1 concentration-dependently upregulated PFKFB3 levels. Consistent with the functional link between PFKFB3 and FAK activation, E2 and G1 increased FAK phosphorylation at Tyr397. Transfection with miR-206 abolished estrogen-induced EOC migration and down-regulated PFKFB3 protein levels. Notably, miR-206 transfection reduced ERα protein abundance, whereas GPER amount was unchanged. Significance: By blocking estrogen signaling and G1-induced EOC cell invasiveness with no direct interference with GPER levels, miR-206 mimics have the potential to act as pathway-selective antagonists and deserve further testing as RNA therapeutics in estrogen-dependent EOC. © 2023 Elsevier B.V., All rights reserved.","Cell Migration; Estrogen Receptor Ligands; Estrogen Receptors; Glycolysis; Micrornas; Ovarian Cancer; 6 Phosphofructo 2 Kinase; Estradiol; Fructose Bisphosphatase; Lipofectamine; Tamoxifen; Estradiol; Estrogens; Micrornas; Mirn206 Microrna, Human; Receptors, Estrogen; Receptors, G-protein-coupled; Tamoxifen; 6 Phosphofructo 2 Kinase; Estradiol; Estrogen; Focal Adhesion Kinase; Fructose Bisphosphatase; G Protein Coupled Receptor 30; Lipofectamine; Microrna; Microrna 206; Tamoxifen; Unclassified Drug; Estrogen Receptor; G Protein Coupled Receptor; Mirn206 Microrna, Human; Article; Cancer Cell; Cancer Growth; Caov-3 Cell Line; Cell Migration; Cell Motility; Cell Proliferation; Controlled Study; Down Regulation; Estrogen Signaling; Female; Gene Function; Glycolysis; Human; Human Cell; Mtt Assay; Ovary Carcinoma; Ovcar-5 Cell Line; Protein Blood Level; Protein Expression; Protein Function; Protein Phosphorylation; Sk-ov-3 Cell Line; Transwell Assay; Western Blotting; Cell Motion; Genetics; Metabolism; Ovary Tumor; Tumor Cell Line; Carcinoma, Ovarian Epithelial; Cell Line, Tumor; Cell Movement; Estradiol; Estrogens; Female; Humans; Micrornas; Ovarian Neoplasms; Receptors, Estrogen; Receptors, G-protein-coupled; Tamoxifen"
"Modulation of Xiongdanjiuxin pills on the gut-liver axis in high-fat diet rats","2023","Life Sciences","10.1016/j.lfs.2023.122134","https://www.scopus.com/inward/record.uri?eid=2-s2.0-85173306768&doi=10.1016%2Fj.lfs.2023.122134&partnerID=40&md5=44bb993b9b87e2b9a7b9ad1b82b72e7f","Aim: Xiongdanjiuxin pill (XP) is a traditional Chinese medicine formula for the prevention and treatment of hyperlipidemia (HLP) and related complications. In this study, the gut-liver axis was used as the breakthrough point to analyze the therapeutic effect and potential mechanism of XP on HLP model rats and related complications. Main methods: We used high-fat diet (HFD) to establish the HLP model of rats and treated them with XP. The 16S rRNA sequencing method was used to explore the effect of XP on the gut microbiota of HFD rats, and the effects of XP on ileum pathology, intestinal barrier and circulatory inflammation in HFD rats were also investigated. We further explored the molecular mechanism of XP treating liver inflammation in rats with HFD by regulating toll-like receptor 4 (TLR4) signaling. Key findings: We found that XP could regulate the imbalance of gut microbiota in HFD rats, and up-regulate the expression of tight junction protein in intestinal epithelium of HFD rats, thereby improving the intestinal barrier damage and intestinal inflammatory response. In addition, XP could significantly reduce the levels of inflammatory cytokines in HFD rats, and inhibit TLR4 signaling pathway, thereby reducing liver inflammation in HFD rats. Significance: XP can effectively improve the imbalance of gut-liver axis in hyperlipidemic rats and alleviate the inflammatory damage of liver. Its mechanism may be related to regulating the disorder of gut microbiota and inhibiting TLR4 signal pathway, so as to achieve the therapeutic effect on hyperlipidemic fatty liver in rats. © 2023 Elsevier B.V., All rights reserved.","Fatty Liver; Gut-liver Axis; High-fat Diet; Inflammation; Lps/tlr4; Xiongdanjiuxin Pill (xp); Toll Like Receptor 4; Rna, Ribosomal, 16s; Toll-like Receptor 4; Chinese Medicinal Formula; Cytokine; Lipopolysaccharide; Rna 16s; Tight Junction Protein; Toll Like Receptor 4; Unclassified Drug; Xiongdanjiuxin; Animal Experiment; Animal Model; Animal Tissue; Article; Controlled Study; Drug Efficacy; Enteropathy; Fatty Liver; Gene Expression; Hepatitis; Hyperlipidemia; Ileum Disease; Inflammation; Intestine Epithelium; Intestine Flora; Lipid Diet; Liver Injury; Male; Molecular Mechanics; Nonhuman; Pill; Protein Expression; Rat; Signal Transduction; Therapy Effect; Animal; Liver; Metabolism; Nonalcoholic Fatty Liver; Animals; Diet, High-fat; Inflammation; Liver; Non-alcoholic Fatty Liver Disease; Rats; Rna, Ribosomal, 16s; Toll-like Receptor 4"
"TLR2 deficiency is beneficial at the late phase in MPTP-induced Parkinson’ disease mice","2023","Life Sciences","10.1016/j.lfs.2023.122171","https://www.scopus.com/inward/record.uri?eid=2-s2.0-85173294853&doi=10.1016%2Fj.lfs.2023.122171&partnerID=40&md5=4430ce38e7ec44fb9d115b74adb9107d","Aims: Parkinson's disease (PD) is a progressive neurodegenerative disorder. The etiology of PD is still elusive but neuroinflammation is proved to be an important contributor. Toll-like receptor 2 (TLR2) involves in the release of several inflammatory cytokines. Whether TLR2 serves as a mediator contributing to the damage of DA system in PD remain unclear. Main methods: Tlr2 knockout (Tlr2 −/−) and wild-type (WT) mice were treated with a subacute regimen of 1-methyl-4-phenyl-1,2,3,6-tetrahydropyridine (MPTP). At 3, 7 and 14 days after MPTP injection, the behavioral performance, including the Pole test, the Rotarod test, the Rearing test and the Wire hang test was evaluated. Moreover, the PD-like phenotypes, including dopaminergic degeneration, the activation of glial cells and the α-Syn expression were systematically analyzed in the nigrostriatal pathway. Finally, the composition of gut microbiota in the MPTP-treated groups were assessed. Key findings: TLR2 deficiency had no obvious impact on the dopaminergic injury at 3 and 7 days following MPTP administration. On the contrary, at 14 days post injection, TLR2 deficiency not only significantly attenuated motor deficits in the Pole test and the Rotarod test, and the nigrostriatal dopaminergic degeneration, but also mitigated α-Syn abnormality, astrocyte activation and neuroinflammation through the suppressed TLR2/MyD88/TRAF6/NF-κB signaling pathways. Additionally, the alteration of gut microbiota was also detected in the mutant mice. Significance: These findings highlight the neuroprotective effect of TLR2-pathways at the late phase in the MPTP-induced PD mouse model. © 2023 Elsevier B.V., All rights reserved.","Microbiota-gut-brain Axis; Neuroinflammation; Parkinson's Disease; Tlr2/myd88/traf6/nf-κb Signaling Pathway; Toll-like Receptor 2; 1,2,3,6 Tetrahydro 1 Methyl 4 Phenylpyridine; Alpha Synuclein; Toll Like Receptor 2; Dopamine; 1-methyl-4-phenyl-1,2,3,6-tetrahydropyridine; Dopamine; Neuroprotective Agents; Tlr2 Protein, Mouse; Toll-like Receptor 2; 1,2,3,6 Tetrahydro 1 Methyl 4 Phenylpyridine; Alpha Synuclein; Immunoglobulin Enhancer Binding Protein; Myeloid Differentiation Factor 88; Toll Like Receptor 2; Tumor Necrosis Factor Receptor Associated Factor 6; Dopamine; Neuroprotective Agent; Tlr2 Protein, Mouse; Adult; Animal Experiment; Animal Model; Animal Tissue; Article; Astrocyte; Behavior Disorder; Cell Activation; Controlled Study; Dopaminergic System; Glia Cell; Intestine Flora; Intoxication; Knockout Mouse; Male; Mouse Model; Mptp-induced Parkinsonism; Nerve Degeneration; Nervous System Inflammation; Nf Kb Signaling; Nigroneostriatal System; Nonhuman; Parkinson Disease; Pole Test; Rearing; Rotarod Test; Wild Type Mouse; Animal; C57bl Mouse; Disease Model; Dopaminergic Nerve Cell; Genetics; Metabolism; Mouse; 1-methyl-4-phenyl-1,2,3,6-tetrahydropyridine; Animals; Disease Models, Animal; Dopamine; Dopaminergic Neurons; Mice; Mice, Inbred C57bl; Neuroinflammatory Diseases; Neuroprotective Agents; Parkinson Disease; Toll-like Receptor 2"
"Mfat-1 ameliorates cachexia after hypoxic-ischemic brain damage in mice by protecting the hypothalamus-pituitary-adrenal axis","2023","Life Sciences","10.1016/j.lfs.2023.122172","https://www.scopus.com/inward/record.uri?eid=2-s2.0-85173241804&doi=10.1016%2Fj.lfs.2023.122172&partnerID=40&md5=12f5951c17af4ef7c2d41fa1bf80ac80","Aims: Cachexia, a metabolic syndrome, affects 21 % of patients suffering from ischemic encephalopathy. However, the specific mechanism and prevention measures are still unclear. Omega-3 polyunsaturated fatty acids (n−3 PUFAs) have been proven to reduce inflammatory cytokine levels during ischemic events, but whether they have a protective effect against cachexia after hypoxic-ischemic brain damage (HIBD) remains unclear. Main methods: C57BL/6J wild-type and mfat-1 transgenic male mice were treated with and without HIBD. One day after HIBD, the epididymal white fat, gastrocnemius muscle and hypothalamus were weighed and analyzed the phenotypic changes. RNA sequencing was applied to gastrocnemius muscle to identify differential genes and pathways in HIBD groups. The effect of HPA axis on cachexia post-HIBD was examined via adrenalectomy, dexamethasone (0.1 mg/kg), and corticosterone injection (100 mg/kg). Key findings: The results showed that the incidence of cachexia in mfat-1 mice, which produce high proportion of n−3 PUFAs, was significantly lower than that in wild-type mice post-HIBD. Cachexia-related factors, such as inflammation, muscle atrophy and lipid metabolism were significantly improved in mfat-1 HIBD. RNA sequencing revealed that catabolic and proteasome pathways were significantly downregulated. In hypothalamus, inflammatory cytokines, lipid peroxidation levels were reduced. Corticosterone, glucocorticoid receptor, and dexamethasone suppression test all showed that mfat-1 improved the dysfunction of the HPA axis post-HIBD. The present study elucidated for the first time that mfat-1 reduced HIBD-induced hyperactivation of the HPA axis in mice by reducing inflammation and oxidative stress and contributed to the reduction of metabolic imbalance in peripheral tissues. Significance: Our study provides mechanistic information for the development of intervention strategies to prevent cachexia. © 2023 Elsevier B.V., All rights reserved.","Cachexia; Catabolic; Hypoxic-ischemic Brain Damage; Mfat-1; Corticosterone; Dexamethasone; Myostatin; Proteasome; Corticosterone; Dexamethasone; Corticosterone; Dexamethasone; Glucocorticoid; Glucocorticoid Receptor; Immunoglobulin Enhancer Binding Protein; Interleukin 6; Myostatin; Omega 3 Fatty Acid; Proteasome; Adrenalectomy; Animal Experiment; Animal Model; Animal Tissue; Article; Body Weight Loss; C57bl 6 Mouse; Cachexia; Catabolism; Controlled Study; Corticosteroid Release; Dexamethasone Suppression Test; Differential Gene Expression; Down Regulation; Epididymis Fat; Gastrocnemius Muscle; Gene Function; Hypothalamus; Hypothalamus Hypophysis Adrenal System; Hypothalamus Lesion; Hypoxic Ischemic Encephalopathy; Incidence; Inflammation; Lipid Metabolism; Lipid Peroxidation; Lipolysis; Male; Metabolic Disorder; Mfat 1 Gene; Mouse; Muscle Atrophy; Negative Feedback; Neuroprotection; Nonhuman; Oxidative Stress; Pathogenesis; Pathway Analysis; Phenotype; Rna Sequencing; Tissue Wasting; Transgene; Transgenic Mouse; Wasting Syndrome; White Adipose Tissue; Wild Type Mouse; Animal; Brain; C57bl Mouse; Human; Hypophysis Adrenal System; Hypothalamus Hypophysis System; Metabolism; Newborn; Animals; Animals, Newborn; Brain; Cachexia; Corticosterone; Dexamethasone; Humans; Hypothalamo-hypophyseal System; Hypothalamus; Hypoxia-ischemia, Brain; Inflammation; Male; Mice; Mice, Inbred C57bl; Mice, Transgenic; Pituitary-adrenal System"
"Lung protection of Chimonanthus nitens Oliv. essential oil driven by the control of intestinal disorders and dysbiosis through gut-lung crosstalk","2023","Life Sciences","10.1016/j.lfs.2023.122156","https://www.scopus.com/inward/record.uri?eid=2-s2.0-85173223661&doi=10.1016%2Fj.lfs.2023.122156&partnerID=40&md5=2b7896f867271219f1b7e756ba8bd263","This work aimed to investigate whether Chimonanthus nitens Oliv. essential oil (CEO)-mediated lung protection was implicated in gut-lung crosstalk. Results showed that CEO attenuated lung and intestinal impairment by improving histopathological changes and inhibiting TLR4/NF-κB signaling pathway in LPS-stimulated rats, suggesting that there might be a mechanism for its lung protection involved in gut-lung interaction through manipulating the overlap in pathological changes via the similar inflammatory response. Furthermore, CEO-triggered intestinal protection was in parallel with the mitigation of ROS production, apoptosis, Ca2+ transport and mitochondrial membrane potential loss in vivo, and its intestinal protection was confirmed in vitro through IEC-6 cells. Importantly, a combination with CEO and LPS significantly remodeled gut microbiota composition compared with LPS alone in rats, while no significant impact on lung microbiota. Therefore, CEO-exerted lung protection was linked to gut and lung interactions involvement with the control of intestinal disorders and dysbiosis. © 2024 Elsevier B.V., All rights reserved.","Chimonanthus Nitens Oliv. Essential Oil; Gut Microbiota; Intestinal Protection; Lps-stimulated Rats; Lung Protection; Tlr4/nf-κb Signaling Pathway; Toll Like Receptor 4; Lipopolysaccharides; Nf-kappa B; Oils, Volatile; Toll-like Receptor 4; Essential Oil; Reactive Oxygen Metabolite; Immunoglobulin Enhancer Binding Protein; Lipopolysaccharide; Toll Like Receptor 4; Animal Cell; Animal Experiment; Animal Model; Animal Tissue; Apoptosis; Article; Controlled Study; Dysbiosis; Enteropathy; Iec-6 Cell Line; In Vitro Study; In Vivo Study; Intestine Flora; Lung Disease; Lung Microbiota; Membrane Potential; Mitigation; Mitochondrial Membrane; Nf Kb Signaling; Nonhuman; Protein Expression; Rat; Animal; Lung; Metabolism; Animals; Dysbiosis; Intestinal Diseases; Lipopolysaccharides; Lung; Nf-kappa B; Oils, Volatile; Rats; Toll-like Receptor 4"
"Simulated weightlessness induces hippocampal insulin resistance and cognitive impairment","2023","Life Sciences","10.1016/j.lfs.2023.122112","https://www.scopus.com/inward/record.uri?eid=2-s2.0-85173168933&doi=10.1016%2Fj.lfs.2023.122112&partnerID=40&md5=430f7c4fefaa793723ca645df53351e4","Growing evidence highlights the potential consequences of long-term spaceflight, including gray matter volume reduction and cognitive dysfunction with subclinical manifestations of diabetes mellitus among astronauts, but the underlying mechanisms remain unknown. In this study, we found that long-term simulated weightlessness induced hippocampal insulin resistance and subsequent neuronal damage and cognitive impairment in rats. Rats subjected to 4-week tail suspension exhibited peripheral insulin resistance, evidenced by increased fasting blood glucose and abnormal glucose tolerance and insulin tolerance, alongside reduced spontaneous activity and impaired recognition memory. In addition, 4 weeks of simulated weightlessness induced neuronal apoptosis and degeneration in the hippocampus, as evidenced by increased TUNEL and Fluoro-Jade B staining-positive neurons. Mechanistically, insulin-stimulated hippocampal Akt phosphorylation was decreased, while PTEN, the negative regulator of insulin signaling, was increased in the hippocampus in tail-suspended rats. Interestingly, treatment with berberine, an insulin sensitizer, partly reversed the above-mentioned effects induced by simulated weightlessness. These data suggest that long-term simulated weightlessness induces cognitive impairment as well as neuronal apoptosis and neural degeneration, partially through hippocampal insulin resistance via PTEN up-regulation. Berberine treatment attenuates hippocampal insulin resistance and improves cognitive function. © 2023 Elsevier B.V., All rights reserved.","Berberine; Cognitive Impairment; Degeneration; Hippocampus; Insulin Resistance; Simulated Weightlessness; Berberine; Glucose; Insulin; Phosphatidylinositol 3,4,5 Trisphosphate 3 Phosphatase; Protein Kinase B; Berberine; Insulin; Berberine; Glucose; Insulin; Phosphatidylinositol 3,4,5 Trisphosphate 3 Phosphatase; Protein Kinase B; Animal Cell; Animal Experiment; Animal Model; Animal Tissue; Article; Brain Nerve Cell; Cognition; Cognitive Defect; Controlled Study; Drug Effect; Enzyme Phosphorylation; Fasting Blood Glucose Level; Glucose Tolerance; Hippocampus; Human; Human Cell; In Vitro Study; In Vivo Study; Insulin Resistance; Insulin Signaling; Insulin Tolerance Test; Male; Nerve Degeneration; Neuroapoptosis; Nonhuman; Pathogenesis; Rat; Recognition; Tail Suspension Test; Tunel Assay; Weightlessness; Animal; Memory Disorder; Animals; Berberine; Cognitive Dysfunction; Hippocampus; Insulin; Insulin Resistance; Memory Disorders; Rats; Weightlessness"
"D-Pinitol attenuates postmenopausal symptoms in ovariectomized mice","2023","Life Sciences","10.1016/j.lfs.2023.122147","https://www.scopus.com/inward/record.uri?eid=2-s2.0-85173150126&doi=10.1016%2Fj.lfs.2023.122147&partnerID=40&md5=518522fa3200abccd1ae2f08f3f85aff","Aims: Menopause is a natural process in women that can lead to post-menopausal syndrome with symptoms such as hot flushes, weight gain, anxiety, cognitive decline, and depression. Hormonal replacement therapy is commonly prescribed. However, it has serious adverse effects. Herbal medicinal products and isoflavones are used as alternatives. D-Pinitol found in Pinaceae and Fabaceae families has anti-inflammatory and antioxidant effects. However, it has not received as much attention as isoflavones. In this study, we investigated whether D-pinitol could alleviate post-menopausal symptoms using an ovariectomized (OVX) mouse model. Main methods: Female ICR mice were divided into six groups: sham (vehicle), OVX (vehicle), OVX + D-pinitol (10, 30, 100 mg/kg, p.o.), and OVX + estradiol (0.5 mg/kg, s.c.). Treatment with vehicle, D-pinitol, and estradiol began at seven weeks post ovariectomy. We employed several behavioral tests, hot-flush test, and Western blot analysis. Key findings: We found that D-pinitol treatment (30, 100 mg/kg, p.o.) reversed cognitive dysfunction in OVX mice (novel object recognition and Y-maze test). Additionally, D-pinitol alleviated anxiety-like behaviors (elevated plus-maze) and reversed depressive-like behaviors (splash test, tail suspension test). It also normalized increased basal tail skin temperature in OVX mice. Moreover, D-pinitol administration reversed decreased expression of ERβ and synaptophysin and phosphorylation of ERK and PI3K-Akt-GSK-3β induced by OVX in the hippocampus and prefrontal cortex. Significance: These findings indicate that D-pinitol might be a promising candidate for treating post-menopausal symptoms by increasing ERβ and synaptophysin expression levels and activation of ERK or PI3K-Akt-GSK-3β signaling pathway, at least in part. © 2023 Elsevier B.V., All rights reserved.","Anxiety; Cognitive Decline; D-pinitol; Depression; Ovariectomy; Post-menopausal Syndrome; Estradiol; Glycogen Synthase Kinase 3alpha; Glycogen Synthase Kinase 3beta; Mitogen Activated Protein Kinase; Phosphatidylinositol 3 Kinase; Protein Kinase B; Estradiol; Estrogen Receptor Beta; Glycogen Synthase Kinase 3 Beta; Isoflavones; Phosphatidylinositol 3-kinases; Pinitol; Proto-oncogene Proteins C-akt; Synaptophysin; Estradiol; Estrogen Receptor Beta; Glycogen Synthase Kinase 3beta; Isoflavone Derivative; Mitogen Activated Protein Kinase; Phosphatidylinositol 3 Kinase; Pinitol; Protein Kinase B; Synaptophysin; Unclassified Drug; Anhedonia; Animal Experiment; Animal Model; Animal Tissue; Antidepressant Activity; Article; Cognitive Defect; Controlled Study; Drug Dose Comparison; Elevated Plus Maze Test; Female; Hippocampus; Hot Flush; Menopausal Syndrome; Mouse; Nonhuman; Novel Object Recognition Test; Open Field Test; Ovariectomy; Prefrontal Cortex; Skin Temperature; Tail Suspension Test; Tranquilizing Activity; Uterus Weight; Western Blotting; Y-maze Test; Animal; Human; Institute For Cancer Research Mouse; Postmenopause; Animals; Estradiol; Estrogen Receptor Beta; Female; Glycogen Synthase Kinase 3 Beta; Humans; Isoflavones; Mice; Mice, Inbred Icr; Ovariectomy; Phosphatidylinositol 3-kinases; Postmenopause; Proto-oncogene Proteins C-akt; Synaptophysin"
"Evaluation of the flavonol-rich fraction of Rosa damascena in an animal model of liver fibrosis by targeting the expression of fibrotic cytokines, antioxidant/oxidant ratio and collagen cross-linking","2023","Life Sciences","10.1016/j.lfs.2023.122143","https://www.scopus.com/inward/record.uri?eid=2-s2.0-85173066803&doi=10.1016%2Fj.lfs.2023.122143&partnerID=40&md5=8e8a5e3e23cb6c1351adc1836e6c69ba","Introduction: The flavonoid-rich fraction of Rosa damascena (FRFRD) contains antioxidant and active compounds. Therefore, this study aimed to investigate the role of FRFRD, rich in quercetin and kaempferol, in liver fibrosis induced by CCl4. Materials and methods: The FRFRD fraction was separated and standardized by High-Performance Liquid Chromatography (HPLC) based on the levels of quercetin and kaempferol. Liver fibrosis was induced over CCl4 over 12 weeks in 30 male Wistar rats, and three concentrations of FRFRD were administered to them during the last four weeks. Subsequently, after evaluation of liver serum markers and fibrotic parameters, the relative expression of transforming growth factor-beta-1 (TGF-β<inf>1</inf>), platelet-derived growth factor (PDGF), and lysyl oxidase homolog 2 (Loxl2) genes were assessed, along with the measurement of lysyl oxidase activity and oxidative markers. Results: Fibrotic markers demonstrated progressive recovery of liver damage in the treated group compared to the non-treatment group (p < 0.01). These results were accompanied by a significant decrease in the expression of TGF-β<inf>1</inf>, PDGF, and Loxl2 genes, as well as, a reduction in lysyl oxidase activity (p < 0.001). The antioxidant effects of the treatment were observed through a significant decrease in malondialdehyde (MDA) levels and an increase in catalase enzyme (CAT) and glutathione peroxidase (GPx) activity in the treatment group compared to the fibrotic group (p < 0.01). Conclusion: The flavonoid-rich fraction of Rosa damascena ameliorates liver damage by affecting collagen cross-linking and lowering oxidative and inflammatory levels. © 2023 Elsevier B.V., All rights reserved.","Gpx; Liver Fibrosis; Loxl2; Rosa Damascena; Tgf-β1; Carbon Tetrachloride; Catalase; Collagen; Flavonol; Glutathione Peroxidase; Hydroxyproline; Kaempferol; Malonaldehyde; Protein Lysine 6 Oxidase; Quercetin; Antioxidants; Carbon Tetrachloride; Collagen; Cytokines; Flavonoids; Flavonols; Kaempferols; Oxidants; Platelet-derived Growth Factor; Protein-lysine 6-oxidase; Quercetin; Transforming Growth Factor Beta1; Antioxidant; Biological Marker; Carbon Tetrachloride; Catalase; Collagen; Cytokine; Flavonol; Glutathione Peroxidase; Glycosaminoglycan; Hydroxyproline; Kaempferol; Lysyl Oxidase Homolog 2; Malonaldehyde; Oxidizing Agent; Platelet Derived Growth Factor; Protein Lysine 6 Oxidase; Quercetin; Transforming Growth Factor Beta1; Unclassified Drug; Flavonoid; Flavonol Derivative; Kaempferol Derivative; Animal Experiment; Animal Model; Animal Tissue; Article; Concentration (parameter); Controlled Study; Cross Linking; Enzyme Activity; Evaluation Study; Gene Expression; High Performance Liquid Chromatography; Human; Liver Fibrosis; Liver Function Test; Liver Injury; Liver Protection; Liver Tissue; Loxl2 Gene; Male; Nonhuman; Oxidation; Pdgf Gene; Protein Expression; Rat; Rosa Damascena; Tgf Beta1 Gene; Animal; Fibrosis; Liver; Liver Cirrhosis; Metabolism; Rose; Wistar Rat; Animals; Antioxidants; Carbon Tetrachloride; Collagen; Cytokines; Fibrosis; Flavonoids; Flavonols; Kaempferols; Liver; Liver Cirrhosis; Male; Models, Animal; Oxidants; Platelet-derived Growth Factor; Protein-lysine 6-oxidase; Quercetin; Rats; Rats, Wistar; Rosa; Transforming Growth Factor Beta1"
"Reinforcement of colon anastomosis healing with leukocyte platelet-rich fibrin in rabbit model","2023","Life Sciences","10.1016/j.lfs.2023.122146","https://www.scopus.com/inward/record.uri?eid=2-s2.0-85173005336&doi=10.1016%2Fj.lfs.2023.122146&partnerID=40&md5=017c29ff3a400de1a06df5ba44b91a4b","Aim: This study investigated the regenerative efficacy of leukocyte platelet-rich fibrin (L-PRF) on colon anastomotic healing in rabbits. Main methods: Thirty-six healthy male white New Zealand rabbits were subjected to complete transactions of the ascending colon. The rabbits were equally divided into two groups: the control group, where the transected colon ends were anastomosed by a simple interrupted suture pattern, and the L-PRF-treated group, in which L-PRF was wrapped entirely around the anastomotic line. The postoperative acute pain scale was assessed using the Bristol Rabbit Pain Scale before surgery and at each four-hour interval post-operatively. After euthanizing the rabbits, the adhesion degree score, anastomotic bursting pressure, and stenosis degree of the anastomotic colon were assessed, and histopathological examination at the 7th, 14th, and 28th days postoperatively. Key findings: Rabbits in both groups showed a significant increase in pain scores compared to baseline. Postoperatively, the L-PRF group exhibited significantly lower pain scores, adhesion scores, and stenosis degrees than the control group. However, the anastomotic bursting pressure was significantly higher in the L-PRF group. Re-epithelialization, polymorphonuclear neutrophil infiltration, granulation tissue formation, and collagen deposition scores were improved considerably in the L-PRF group compared to the control group. Immunostaining of growth factor expression was significantly lower in the control than in the L-PRF group. Significance: The L-PRF can augment collagen deposition, re-epithelialize the mucosa, promote angiogenesis, reduce adhesions, and diminish the stenosis degree scores. Therefore, it can be considered a promising aid in healing bowel anastomoses. © 2023 Elsevier B.V., All rights reserved.","Anastomosis; Leukocyte Platelet Rich Fibrin; Rabbits; Collagen; Collagen; Growth Factor; Platelet-rich Fibrin; Collagen; Angiogenesis; Animal Experiment; Animal Tissue; Article; Ascending Colon; Bristol Rabbit Pain Scale; Collagen Metabolism; Colon Anastomosis; Colon Mucosa; Colon Stenosis; Controlled Study; Digestive Tract Parameters; Epithelization; Granulation Tissue; Healing; Histopathology; Immunohistochemistry; Male; Neutrophil Chemotaxis; New Zealand White (rabbit); Nonhuman; Pain Assessment; Postoperative Pain; Postoperative Period; Protein Expression; Protein Function; Suture Technique; Anastomosis; Animal; Colon; Leporidae; Leukocyte; Metabolism; Stenosis, Occlusion And Obstruction; Surgery; Anastomosis, Surgical; Animals; Collagen; Colon; Constriction, Pathologic; Leukocytes; Male; Pain, Postoperative; Platelet-rich Fibrin; Rabbits"
