"Title","Year","Source title","DOI","Link","Abstract","Author Keywords"
"Photo-dynamics in 2D materials: Processes, tunability and device applications","2022","Physics Reports","10.1016/j.physrep.2022.09.005","https://www.scopus.com/inward/record.uri?eid=2-s2.0-85140808428&doi=10.1016%2Fj.physrep.2022.09.005&partnerID=40&md5=beb95ad3ad124c5bb4b3e7c4f3e5af76","The past decade has witnessed the rise of low-dimensional materials, such as graphene, transition metal dichalcogenides, black phosphorus, organic–inorganic hybrid perovskites and MXenes. They have received tremendous attention due to their peculiar properties, as compared to their bulk phase. These unique properties have ushered in a paradigm shift in many applied fields and technologies including, but not limited to optoelectronics, catalysis, biomedical research and quantum information sciences. The fundamental processes determining the performance of devices, utilizing the low-dimensional materials, are photogeneration of charge carriers and carrier transport. A detailed understanding of these processes is therefore indispensable to the design and optimization of advanced high-performance low-dimensional materials-based devices for broadband photodetection, high-speed modulation, high-efficiency solar energy harvesting, and energy storage, among others. Herein, we critically review recent advances in studies of photoinduced carrier dynamics in low-dimensional semiconductors and semimetals. Transient carrier generation, trapping and recombination dynamics can be controlled by temperature, charge transfer in hybrid structures, electrical and magnetic field, and stress. Revealing the mechanisms and strategies of their tuning should help design and optimize multifunctional materials to enable high-performance devices. In this review, we do not focus exclusively on the photoinduced species (excitons and charge carriers), but also discuss possible strategies to adjust their properties and their impact on device characteristics. To conclude, we summarize current status, describe existing challenges, and provide a subjective opinion on future opportunities to advance this exciting field. We hope that this review will be appealing to a broad materials physics audience and will be helpful in exploring new physics and discovering theory guided novel materials with robust performance. © 2022 Elsevier B.V., All rights reserved.","Carrier Dynamics; Charge Transfer; Time-resolved Spectroscopy; Two-dimensional Materials"
"Dynamical maps beyond Markovian regime","2022","Physics Reports","10.1016/j.physrep.2022.09.003","https://www.scopus.com/inward/record.uri?eid=2-s2.0-85140311406&doi=10.1016%2Fj.physrep.2022.09.003&partnerID=40&md5=704a19c86cbf092898962db707a93844","Quantum dynamical maps provide suitable mathematical representation of quantum evolutions. When representing quantum states by density operators, the evident requirements for any dynamical map are positivity and trace-preservation. However, these properties are not consistent with quantum mechanics of composite systems. It is the very notion of complete positivity which provides a proper mathematical representation of quantum evolution and gives rise to the powerful generalization of unitary evolution of closed Hamiltonian systems. A prominent example of quantum evolution of an open system is a Markovian semigroup. In what follows, we analyze both the semigroups of positive and completely positive maps. In the latter case the dynamics is governed by the celebrated Gorini–Kossakowski–Lindblad–Sudarshan (GKLS) Master Equation. Markovian semigroups, however, provide only an approximate description of general quantum evolution. The main topic of our analysis are dynamical maps beyond this regime. Non-Markovian quantum evolution attracted a lot of attention in recent years and there is a vast literature dedicated to it. In this report we analyze quantum dynamics governed by time-local generators and/or non-local memory kernels. A special attention is devoted to the concept of divisibility which is often used as a definition of Markovianity. In particular, the concept of so called CP-divisibility (in contrast to P-divisibility) is widely accepted as a proper definition of quantum Markovianity. We discuss a number of important physical implications of divisibility. We also briefly discuss the notion of Markovianity beyond the dynamical map, that is, when one has an access to the evolution of ‘system + environment’. The entire exposition is concentrated more on the general concepts and intricate connections between them than on studying particular systems. We illustrate the analyzed concepts by paradigmatic models of open quantum systems like the amplitude damping and phase damping models. © 2022 Elsevier B.V., All rights reserved.","Master Equations; Memory Kernels; Open Quantum Systems; Quantum Dynamical Maps; Quantum Markovianity"
"Selected topics in analytic conformal bootstrap: A guided journey","2022","Physics Reports","10.1016/j.physrep.2022.09.004","https://www.scopus.com/inward/record.uri?eid=2-s2.0-85140076402&doi=10.1016%2Fj.physrep.2022.09.004&partnerID=40&md5=1033ccf9097847eb498918052bd2ca62","This review aims to offer a pedagogical introduction to the analytic conformal bootstrap program via a journey through selected topics. We review analytic methods which include the large spin perturbation theory, Mellin space methods and the Lorentzian inversion formula. These techniques are applied to a variety of topics ranging from large-N theories, to the epsilon expansion and holographic superconformal correlators, and are demonstrated in a large number of explicit examples. © 2022 Elsevier B.V., All rights reserved.","Analytic Bootstrap; Conformal Bootstrap; Conformal Field Theories"
"Low-frequency noise in downscaled silicon transistors: Trends, theory and practice","2022","Physics Reports","10.1016/j.physrep.2022.06.005","https://www.scopus.com/inward/record.uri?eid=2-s2.0-85139837585&doi=10.1016%2Fj.physrep.2022.06.005&partnerID=40&md5=3e977e9ac2a777a421600b2395202b5c","By the continuing downscaling of sub-micron transistors in the range of few to one deca-nanometers, we focus on the increasing relative level of the low-frequency noise in these devices. Large amount of published data and models are reviewed and summarized, in order to capture the state-of-the-art, and to observe that the 1/area scaling of low-frequency noise holds even for carbon nanotube devices, but the noise becomes too large in order to have fully deterministic devices with area less than 10 nm ×10 nm. The low-frequency noise models are discussed from the point of view that the noise can be both intrinsic and coupled to the charge transport in the devices, which provided a coherent picture, and more interestingly, showed that the models converge each to other, despite the many issues that one can find for the physical origin of each model. Several derivations are made to explain crossovers in noise spectra, variable random telegraph amplitudes, duality between energy and distance of charge traps, behaviors and trends for figures of merit by device downscaling, practical constraints for micropower amplifiers and dependence of phase noise on the harmonics in the oscillation signal, uncertainty and techniques of averaging by noise characterization. We have also shown how the unavoidable statistical variations by fabrication is embedded in the devices as a spatial “frozen noise”, which also follows 1/area scaling law and limits the production yield, from one side, and from other side, the “frozen noise” contributes generically to temporal 1/f noise by randomly probing the embedded variations during device operation, owing to the purely statistical accumulation of variance that follows from cause-consequence principle, and irrespectively of the actual physical process. The accumulation of variance is known as statistics of “innovation variance”, which explains the nearly log-normal distributions in the values for low-frequency noise parameters gathered from different devices, bias and other conditions, thus, the origin of geometric averaging in low-frequency noise characterizations. At present, the many models generally coincide each with other, and what makes the difference, are the values, which, however, scatter prominently in nanodevices. Perhaps, one should make some changes in the approach to the low-frequency noise in electronic devices, to emphasize the “statistics behind the numbers”, because the general physical assumptions in each model always fail at some point by the device downscaling, but irrespectively of that, the statistics works, since the low-frequency noise scales consistently with the 1/area law. © 2022 Elsevier B.V., All rights reserved.","Circuit Noise; Device Noise; Downscaled Silicon Transistors; Low-frequency Noise; Noise Figures-of-merit; Noise Theory"
"Lectures on the Swampland Program in String Compactifications","2022","Physics Reports","10.1016/j.physrep.2022.09.002","https://www.scopus.com/inward/record.uri?eid=2-s2.0-85140602039&doi=10.1016%2Fj.physrep.2022.09.002&partnerID=40&md5=d8ccc8e075cba97763f4c6fb70ce75be","The Swampland program aims to determine the constraints that an effective field theory must satisfy to be consistent with a UV embedding in a quantum gravity theory. Different proposals have been formulated in the form of Swampland conjectures. In these lecture notes, we provide a pedagogical introduction to the most important Swampland conjectures, their connections and their realization in string theory compactifications. The notes are based on the series of lectures given by Irene Valenzuela at the online QFT and Geometry summer school in July 2020. © 2022 Elsevier B.V., All rights reserved.","Quantum Gravity; String Compactifications; String Phenomenology; String Theory; Swampland; Weak Gravity Conjecture"
"Current challenges in the physics of white dwarf stars","2022","Physics Reports","10.1016/j.physrep.2022.09.001","https://www.scopus.com/inward/record.uri?eid=2-s2.0-85139387156&doi=10.1016%2Fj.physrep.2022.09.001&partnerID=40&md5=45dfc7f533ead792fdb85f85135e98a0","White dwarfs are a class of stars with unique physical properties. They present many challenging problems whose solution requires advanced theories of dense matter, state-of-the-art experimental techniques, and extensive computing efforts. New ground- and space-based observatories will soon provide an increasingly detailed view of white dwarf stars and reveal new phenomena that will challenge our models. This review is an introduction to the nature of white dwarfs, the physical processes that determine their structure and evolution, and the physical conditions they span. We discuss a wide variety of currently unsolved or partially resolved problems in their constitutive physics that are broadly related to equations of state, transport processes and opacities. © 2024 Elsevier B.V., All rights reserved.","Chemical Equilibrium; Convection; Dense Plasmas; Diffusion Coefficients; Equation Of State; Opacities; Phase Diagrams; Physical Processes; Stars; Thermal Conductivity; White Dwarfs"
"Length control of long cell protrusions: Rulers, timers and transport","2022","Physics Reports","10.1016/j.physrep.2022.08.002","https://www.scopus.com/inward/record.uri?eid=2-s2.0-85138990724&doi=10.1016%2Fj.physrep.2022.08.002&partnerID=40&md5=7fb84a4d5dcbc57e6495ea4d2ac36e98","Living cells use long tubular appendages for locomotion and sensory purposes. Hence, assembling and maintaining a protrusion of correct length is crucial for survival and overall performance. Usually the protrusions lack the machinery for the synthesis of building blocks and imports them from the cell body. What are the unique features of the transport logistics which facilitate the exchange of these building blocks between the cell and the protrusion? What kind of ‘rulers’ and ‘timers’ does the cell use for constructing its appendages of correct length on time? How do the multiple appendages coordinate and communicate among themselves during different stages of their existence? How frequently do the fluctuations drive the length of these dynamic protrusions out of the acceptable bounds? These questions are addressed from a broad perspective in this review which is organized in three parts. In part-I the list of all known cell protrusions is followed by a comprehensive list of the mechanisms of length control of cell protrusions reported in the literature. We review not only the dynamics of the genesis of the protrusions, but also their resorption and regrowth as well as regeneration after amputation. As a case study in part-II, the specific cell protrusion that has been discussed in detail is eukaryotic flagellum (also known as cilium); this choice was dictated by the fact that flagellar length control mechanisms have been studied most extensively over more than half a century in cells with two or more flagella. Although limited in scope, brief discussions on a few non-flagellar cell protrusions in part-III of this review is intended to provide a glimpse of the uncharted territories and challenging frontiers of research on subcellular length control phenomena that awaits rigorous investigations. © 2022 Elsevier B.V., All rights reserved.","Cilia; Ift Trains; Intraflagellar Transport (ift); Non-flagellar Cell Protrusions; Regeneration; Resorption; Subcellular Length Control; Time Of Flight"
"The Variational Quantum Eigensolver: A review of methods and best practices","2022","Physics Reports","10.1016/j.physrep.2022.08.003","https://www.scopus.com/inward/record.uri?eid=2-s2.0-85138335876&doi=10.1016%2Fj.physrep.2022.08.003&partnerID=40&md5=4217f075bf93d76f0fae0787fea787e9","The variational quantum eigensolver (or VQE), first developed by Peruzzo et al. (2014), has received significant attention from the research community in recent years. It uses the variational principle to compute the ground state energy of a Hamiltonian, a problem that is central to quantum chemistry and condensed matter physics. Conventional computing methods are constrained in their accuracy due to the computational limits facing exact modeling of the exponentially growing electronic wavefunction for these many-electron systems. The VQE may be used to model these complex wavefunctions in polynomial time, making it one of the most promising near-term applications for quantum computing. One important advantage is that variational algorithms have been shown to present some degree of resilience to the noise in the quantum hardware. Finding a path to navigate the relevant literature has rapidly become an overwhelming task, with many methods promising to improve different parts of the algorithm, but without clear descriptions of how the diverse parts fit together. The potential practical advantages of the algorithm are also widely discussed in the literature, but with varying conclusions. Despite strong theoretical underpinnings suggesting excellent scaling of individual VQE components, studies have pointed out that their various pre-factors could be too large to reach a quantum computing advantage over conventional methods. This review aims at disentangling the relevant literature to provide a comprehensive overview of the progress that has been made on the different parts of the algorithm, and to discuss future areas of research that are fundamental for the VQE to deliver on its promises. All the different components of the algorithm are reviewed in detail. These include the representation of Hamiltonians and wavefunctions on a quantum computer, the optimization process to find ground state energies, the post processing mitigation of quantum errors, and suggested best practices. We identify four main areas of future research: (1) optimal measurement schemes for reduction of circuit repetitions required; (2) large scale parallelization across many quantum computers; (3) ways to overcome the potential appearance of vanishing gradients in the optimization process for large systems, and how the number of iterations required for the optimization scales with system size; (4) the extent to which VQE suffers for quantum noise, and whether this noise can be mitigated in a tractable manner. The answers to these open research questions will determine the routes for the VQE to achieve quantum advantage as the quantum computing hardware scales up and as the noise levels are reduced. © 2022 Elsevier B.V., All rights reserved.","Electronic Structure; Many-body Physics; Noisy Intermediate Scale Quantum Devices; Quantum Chemistry; Quantum Computing; Variational Methods"
"Wavelets behind the scenes: Practical aspects, insights, and perspectives","2022","Physics Reports","10.1016/j.physrep.2022.08.001","https://www.scopus.com/inward/record.uri?eid=2-s2.0-85136656840&doi=10.1016%2Fj.physrep.2022.08.001&partnerID=40&md5=61eec49bb08dbd8aef6ec72b68ddfe70","Over the years, wavelet-based analyses have been responsible for remarkable achievements in physics and related sciences. Nevertheless, a deep inspection on wavelet-based strategies described in recent scientific papers, dissertations, and theses reveals that a significant number of authors, i.e., students and even researchers with a modest background on signal analysis, still misunderstand the fundamentals of wavelets. One classical source of confusion, for instance, involves two different but related approaches used to perform discrete-time wavelet transformations and their inverses: algebra- and filter-based. Although the latter is usually adopted in practice, the former reveals the beauty of multiresolution analysis over Heisenberg's uncertainty principle, showing what really happens behind the scenes. Thus, based on the solid and easy-to-follow explanations provided in this smoothly written tutorial-review article, interested readers will definitively comprehend the different types of wavelet transforms and their specific applications, getting hands-on experience and insights on how to extract the most of their research by using that powerful tool. Because its mission is clarification, example wavelet-related applications are provided in this document to stimulate state-of-the-art research in a diversity of branches in physics. © 2022 Elsevier B.V., All rights reserved.","Continuous Wavelet Transform; Discrete Wavelet Transform; Discrete-time Wavelet Transform; Wavelet Transforms; Wavelets"
"The H0 Olympics: A fair ranking of proposed models","2022","Physics Reports","10.1016/j.physrep.2022.07.001","https://www.scopus.com/inward/record.uri?eid=2-s2.0-85136584900&doi=10.1016%2Fj.physrep.2022.07.001&partnerID=40&md5=7709625bd4390783d7c31979ab80bc4c","Despite the remarkable success of the Λ Cold Dark Matter (ΛCDM) cosmological model, a growing discrepancy has emerged (currently measured at the level of ∼4−6σ) between the value of the Hubble constant H<inf>0</inf> measured using the local distance ladder and the value inferred using the cosmic microwave background and galaxy surveys. While a vast array of ΛCDM extensions have been proposed to explain these discordant observations, understanding the (relative) success of these models in resolving the tension has proven difficult — this is a direct consequence of the fact that each model has been subjected to differing, and typically incomplete, compilations of cosmological data. In this review, we attempt to make a systematic comparison of seventeen different models which have been proposed to resolve the H<inf>0</inf> tension (spanning both early- and late-Universe solutions), and quantify the relative success of each using a series of metrics and a vast array of data combinations. Owing to the timely appearance of this article, we refer to this contest as the “H<inf>0</inf> Olympics”; the goal being to identify which of the proposed solutions, and more broadly which underlying mechanisms, are most likely to be responsible for explaining the observed discrepancy (should unaccounted for systematics not be the culprit). This work also establishes a foundation of tests which will allow the success of novel proposals to be meaningfully “benchmarked”. © 2022 Elsevier B.V., All rights reserved.","Dark Energy; Dark Matter Phenomenology; Dark Radiation; Early Dark Energy; Hubble Tension; Varying Fundamental Constants"
"Z-scheme systems: From fundamental principles to characterization, synthesis, and photocatalytic fuel-conversion applications","2022","Physics Reports","10.1016/j.physrep.2022.07.003","https://www.scopus.com/inward/record.uri?eid=2-s2.0-85136711491&doi=10.1016%2Fj.physrep.2022.07.003&partnerID=40&md5=04561bac3764a96929a20c2626f490b7","Z-scheme photocatalysts have recently received tremendous attention because of their extraordinary light harvesting and utilization ability, spatially-separated reductive and oxidative active sites, and strong redox capacity. This review depicts a panorama of the latest discoveries and developments of Z-scheme photocatalysts for solar-driven fuel production. It starts with the fundamental principles of Z-scheme photocatalysts. Subsequently, the characterization technologies and synthesis methods for Z-scheme photocatalysts are also presented. Afterwards, a series of representative Z-scheme photocatalysts for photocatalytic fuel-conversion applications, e.g., water splitting, CO<inf>2</inf> reduction, N<inf>2</inf> fixation, and H<inf>2</inf>O<inf>2</inf> production are exemplified. Lastly, this review also provides some new viewpoints into the major challenges, opportunities, and encouraging perspectives for future researches. It is clear that Z-scheme heterojunctions could act as highly efficient photocatalysts to achieve new breakthroughs for diverse photocatalytic fuel-conversion applications. © 2022 Elsevier B.V., All rights reserved.","Characterization Technologies; Fundamental Principles; Photocatalytic Fuel Conversion; Synthesis Methods; Z-scheme Systems"
"Ginzburg–Landau models of nonlinear electric transmission networks","2022","Physics Reports","10.1016/j.physrep.2022.07.004","https://www.scopus.com/inward/record.uri?eid=2-s2.0-85135916689&doi=10.1016%2Fj.physrep.2022.07.004&partnerID=40&md5=db0f704e8c55fb3c536c3ee7ca23dc07","Complex Ginzburg–Landau (CGL) equations serve as canonical models in a great variety of physical settings, such as nonlinear photonics, dynamical phase transitions, superconductivity, superfluidity, hydrodynamics, plasmas, Bose–Einstein condensates, liquid crystals, field-theory strings, etc. This article provides a review of one- and two-dimensional (1D and 2D) CGL-based models of single- and multi-coupled (bundled) electric nonlinear transmission networks (NLTNs), built of elements combining nonlinearity and dispersion. They are modeled by CGL equations in the framework of the continuum approximation. The presentation starts with a survey of experimental results for solitons in electrical transmission lines. Both lossless and dissipative networks are considered. Nonlinear models originating from NLTNs, which are treated in the review, include conservative and dissipative nonlinear Schrödinger (NLS) equations, cubic and cubic–quintic CGL equations (ones with derivative terms are included as well), and their extensions in the form of the Kundu–Eckhaus (KE) and generalized Chen–Lee–Liu (CLL) equations. These models produce a variety of analytical and numerical solutions for the propagation of nonlinear-wave modes in electric networks. We here focus on cnoidal waves, bright and dark solitons, kinks, rogue waves, and chirped W-shaped kinks (Lambert waves), some of which have been observed in experiments, while others call for experimental realization. A summary of applications of NLTNs is presented, including an especially important example that relies on NLTNs for emulation of various dynamical phenomena known in other physical and neural systems. Based on models distinct from equations of the CGL type, we also review bifurcations of traveling waves propagating in 2D electrical networks. © 2022 Elsevier B.V., All rights reserved.","Chen–lee–liu Equation; Dedication: One Of Authors, Emmanuel Kengne, Dedicates This Work To The Memory Of His Mother, Kua Marie Djomou, Mefo'a Gouo (bangou Queen), Passed Away On September 6th, 2021. For If He Had Not Believed That She Would Have Wished Him To Give Such Help As He Could Toward Making Her Life's Work Of Service To Mankind, He Should Never Have Been Led To Coauthor This Work.; Emulation Of Complex Systems; Ginzburg–landau Models; Gross–pitaevskii Equation; Kinks; Modulated Waves; Modulational Instability; Nonlinear Schrödinger Equation; Rogue Waves; Solitons"
"Progress in thermoplasmonics for solar energy applications","2022","Physics Reports","10.1016/j.physrep.2022.07.002","https://www.scopus.com/inward/record.uri?eid=2-s2.0-85135293234&doi=10.1016%2Fj.physrep.2022.07.002&partnerID=40&md5=7d0cf4f2c7bc793e993061f243180c10","Plasmonics offer unprecedented control over light and stimulate fundamental research and engineering applications in solar energy. The surface plasmon resonance is responsible for both enhanced light scattering and absorption. The plasmon excitations in nanostructures can be tuned to control the hot-carrier emission. The damping dissipation of the kinetic energy of surface plasmons releases heat at nanoscale, which can be used to create high-performance nano-heaters and/or radiators. Spectrally and/or thermally engineered plasmonic nanomaterials attract considerable attention for solar energy application due to their distinct thermoplasmonic properties. In light of these advances, this paper provides a critical review of current research in thermoplasmonics with focus on its physic mechanisms, structure tuning strategies and solar energy applications. Basic mechanism of thermoplasmonics is described from the photothermal conversion and heat transfer physics to thermal-induced processes. Structure tuning strategies including self-tunable plasmons, plasmon coupling strategies and active plasmons with tunable gap distances are then fully discussed in terms of their principles and structures. Based on the flourishing development of novel thermoplasmonic structures, potential applications ranging from solar collector, solar radiator, thermo-photovoltaic, solar desalination and sterilization, solar degradation and catalysis, to solar fuels, and solar fertilizers are additionally highlighted. The advantages of using plasmonics over the conventional technologies are identified, and the areas where important basics involved when the thermoplasmonics bringing into application are stressed throughout the text. Finally, we provide our views on future challenges in solar thermoplasmonics, together with a few suggestions for further developments of this technology. This work would bring new insights and inspire innovative works on designing thermoplasmonics for solar energy application. © 2022 Elsevier B.V., All rights reserved.","Active Control; Co2 Reduction; Desalination; Heat Transfer; Hydrogen; Nanomaterials; Optical Heating; Solar Cells; Solar Energy; Solar Fertilizer; Solar Fuels; Sterilization; Surface Plasmon Resonance; Thermoplasmonics; Water Splitting"
"Four lectures on analytic solutions in open string field theory","2022","Physics Reports","10.1016/j.physrep.2022.06.004","https://www.scopus.com/inward/record.uri?eid=2-s2.0-85135348754&doi=10.1016%2Fj.physrep.2022.06.004&partnerID=40&md5=a47481c3733b038a42ec93d2c679df9c","The following notes derive from review lectures on the subject of analytic solutions in open string field theory, given at the School for String Field Theory and String Phenomenology at the Harish-Chandra Research Institute in February 2018. © 2022 Elsevier B.V., All rights reserved.","D-branes; String Field Theory; String Field Theory Solutions; Tachyon Condensation"
"Cavity magnonics","2022","Physics Reports","10.1016/j.physrep.2022.06.001","https://www.scopus.com/inward/record.uri?eid=2-s2.0-85134624577&doi=10.1016%2Fj.physrep.2022.06.001&partnerID=40&md5=8330c20582a786c515945ada3d051eb1","Cavity magnonics deals with the interaction of magnons — elementary excitations in magnetic materials — and confined electromagnetic fields. We introduce the basic physics and review the experimental and theoretical progress of this young field that is gearing up for integration in future quantum technologies. Much of its appeal is derived from the strong magnon–photon coupling and the easily-reached nonlinear regime in microwave cavities. The interaction of magnons with light as detected by Brillouin light scattering is enhanced in magnetic optical resonators, which can be employed to cool and heat magnons. The microwave cavity photon-mediated coupling of a magnon mode to a superconducting qubit enables measurements in the single magnon limit. © 2022 Elsevier B.V., All rights reserved.","Light–matter Interaction; Magnons; Microwave Cavity; Optical Cavity; Spin Waves; Superconducting Qubit"
"The physics of heart rhythm disorders","2022","Physics Reports","10.1016/j.physrep.2022.06.003","https://www.scopus.com/inward/record.uri?eid=2-s2.0-85133463396&doi=10.1016%2Fj.physrep.2022.06.003&partnerID=40&md5=b72d0777a2f5fddaa216c3ba1e345488","The global burden caused by cardiovascular disease is substantial, with heart disease representing the most common cause of death around the world. There remains a need to develop better mechanistic models of cardiac function in order to combat this health concern. Heart rhythm disorders, or arrhythmias, are one particular type of disease which has been amenable to quantitative investigation. Here we review the application of quantitative methodologies to explore dynamical questions pertaining to arrhythmias. We begin by describing single-cell models of cardiac myocytes, from which two and three dimensional models can be constructed. Special focus is placed on results relating to pattern formation across these spatially-distributed systems, especially the formation of spiral waves of activation. Next, we discuss mechanisms which can lead to the initiation of arrhythmias, focusing on the dynamical state of spatially discordant alternans, and outline proposed mechanisms perpetuating arrhythmias such as fibrillation. We then review experimental and clinical results related to the spatio-temporal mapping of heart rhythm disorders. Finally, we describe treatment options for heart rhythm disorders and demonstrate how statistical physics tools can provide insights into the dynamics of heart rhythm disorders. © 2022 Elsevier B.V., All rights reserved.","Arrhythmias; Fibrillation; Heart Rhythm Disorders; Modeling"
"Thermal transport, geometry, and anomalies","2022","Physics Reports","10.1016/j.physrep.2022.06.002","https://www.scopus.com/inward/record.uri?eid=2-s2.0-85133805912&doi=10.1016%2Fj.physrep.2022.06.002&partnerID=40&md5=32b59670165ddbf133fe0fbaf4db2f47","The relation between thermal transport and gravity was highlighted in the seminal work by Luttinger in 1964, and has been extensively developed to understand thermal transport. Here we review the novel concepts that relate thermal transport, the geometry of space–time and quantum field theory anomalies. We give emphasis to the cross-pollination between emergent ideas in condensed matter, notably Weyl and Dirac semimetals, and the understanding of gravitational and scale anomalies stemming from high-energy physics. We finish by relating to recent experimental advances and presenting a perspective of several open problems. © 2022 Elsevier B.V., All rights reserved.","Dirac Matter; Geometric Anomalies; Gravity Vs Thermal Transport"
"Influence blocking maximization on networks: Models, methods and applications","2022","Physics Reports","10.1016/j.physrep.2022.05.003","https://www.scopus.com/inward/record.uri?eid=2-s2.0-85131506975&doi=10.1016%2Fj.physrep.2022.05.003&partnerID=40&md5=04bc5e28022ef6888e5d91d086b729fb","Due to the continuous emergence of various social and trade networks, network influence analysis has aroused great interest of the researchers. Based on different influence propagation models, many new models and methods for influence maximization on networks have been proposed. As an extension and expansion of the traditional influence maximization problem, influence blocking maximization has become a hotspot of research, and has been widely applied in many areas such as physics, computer science and epidemiology. In recent years, various methods for influence blocking maximization problem have been reported. However, we still lack a comprehensive review to systematically analyze the methodological and theoretical advances in influence blocking maximization problem from the aspects of social networks influence analysis. This review aims to fill this gap by providing a comprehensive survey and analysis of the theory and applications of influence blocking maximization. Not only it advances the theoretical understanding of the influence maximization problem, but will be a point of reference for future researches. © 2022 Elsevier B.V., All rights reserved.","Complex Network; Diffusion Model; Influence Blocking Maximization; Influence Maximization; Influence Spread; Information Diffusion"
"Precision spectroscopy of positronium: Testing bound-state QED theory and the search for physics beyond the Standard Model","2022","Physics Reports","10.1016/j.physrep.2022.05.002","https://www.scopus.com/inward/record.uri?eid=2-s2.0-85131691182&doi=10.1016%2Fj.physrep.2022.05.002&partnerID=40&md5=63467150a04d197311f2eeb706fd2c35","Positronium (Ps) is an exotic hydrogenic atom composed of an electron bound to a positron via the Coulomb force. Being composed of two low-mass leptons, positronium is, for all practical purposes, fully described by quantum electrodynamics (QED). The absence of hadronic components suggests that positronium energy levels and decay rates can be calculated to very high precision, limited only by the order of the corresponding perturbative expansion and the tiny effects of heavy or weakly interacting virtual particles and exotic decay modes. Moreover, as it is a low-mass particle–antiparticle system, the QED description of positronium is strongly affected by annihilation and recoil effects that are either weaker or not present in other atoms. As a result, sufficiently precise measurements of Ps energy levels and decay properties can serve as stringent tests of bound-state QED theory, and may be sensitive to processes not present in the theory, such as axion-like particles (beyond the QCD axion), or a fifth fundamental force. In addition, since positronium is an eigenstate of the fundamental symmetries C and P, various symmetry violating mechanisms can be probed through searches for anomalous decay modes. In the last three decades, there have been significant experimental advances in positron and positronium physics which open up the possibility to test QED bound-state theory with unprecedented precision. Here we present the current state-of-the-art in experimental positronium spectroscopy, and discuss explicitly how such measurements can be used to test bound-state QED theory, and how such tests may contribute to the search for physics beyond the Standard Model. © 2022 Elsevier B.V., All rights reserved.","Bound States Qed; Physics Beyond The Standard Model; Positronium Spectroscopy"
"Wavefront preserving X-ray optics for Synchrotron and Free Electron Laser photon beam transport systems","2022","Physics Reports","10.1016/j.physrep.2022.05.001","https://www.scopus.com/inward/record.uri?eid=2-s2.0-85131636532&doi=10.1016%2Fj.physrep.2022.05.001&partnerID=40&md5=3c58d0d65c428904b0f79eefb553bdfa","In the last two decades, after the first light from the new Free Electron Lasers, either in the UV (FLASH [1] and FERMI@Elettra [2]) or X-ray (LCLS [3] and SACLA [4]), more and more new diffraction limited sources have been either constructed or planned. Third generation storage rings are upgraded to provide a more collimated, brighter, and coherent light for the next generation experimental techniques. X-ray optics are the bridge between the light sources and the experimental stations. They are the key to the success of advanced experiments but also the potential bottleneck preventing the exploitation of the full characteristics of the source. The beam degradation originated by any mirror defect (either from mirror polishing or from contamination) is amplified with a coherent source. Delivering diffraction-limited spots, including the option for variable spot sizes in and out of focus, requires the control of the surface of the optics at the 1 nm rms level, if not better. At LCLS, only very recently [5] an almost perfectly uniform beam out of focus has been obtained in the hard X-rays. It has been obtained after two 1-m long mirrors with 0.5 nm rms shape precision (after installation). Those mirrors were not readily available just a decade ago. But, thanks to the pioneering work performed at the Osaka University [6,7], those optics are now commercially available with arbitrary tangential profiles. This new generation of mirrors permits achieving unprecedented results. However, they do not remove all road blocks to a perfect photon transport system. Instead, they highlighted the critical importance of mirror mounting, handling of the thermal deformation, and the need of advanced diagnostics to properly exploit all the new potentiality of these optics. Besides the need of “perfect” mirrors, other aspects of the beamline design and elements may impact the quality of the beam in the experimental station, from the lack of blaze gratings to the need of advanced simulation tools, just to cite two. In this article, after a brief historical excursus, we will present the current state of the art of mirrors, gratings, crystals, lenses, diagnostics, and simulation tools. The main problems yet to solve and a look ahead at what would be achievable in the next decade will give the reader an idea on the search for an almost ideal photon transport system and how the path toward experiments, not conceivable today, will unfold. © 2022 Elsevier B.V., All rights reserved.","Diffraction Limit; Mirror Deformations; Ultra Precise Mirrors; Wavefront Diagnostics; Wavefront Preservation; X-ray Optic Simulations; X-ray Optics"
"Baryon cycles in the biggest galaxies","2022","Physics Reports","10.1016/j.physrep.2022.04.005","https://www.scopus.com/inward/record.uri?eid=2-s2.0-85130458760&doi=10.1016%2Fj.physrep.2022.04.005&partnerID=40&md5=6e7ff535b79affeddf914722e8c7dbe6","The universe's biggest galaxies have both vast atmospheres and supermassive central black holes. This article reviews how those two components of a large galaxy couple and regulate the galaxy's star formation rate. Models of interactions between a supermassive black hole and the large-scale atmosphere suggest that the energy released as cold gas clouds accrete onto the black hole suspends the atmosphere in a state that is marginally stable to formation of cold clouds. A growing body of observational evidence indicates that many massive galaxies, ranging from the huge central galaxies of galaxy clusters down to our own Milky Way, are close to that marginal state. The gas supply for star formation within a galaxy in such a marginal state is closely tied to the central velocity dispersion (σ<inf>v</inf>) of its stars. We therefore explore the consequences of a model in which energy released during black-hole accretion shuts down star formation when σ<inf>v</inf> exceeds a critical value determined by the galaxy's supernova heating rate. © 2022 Elsevier B.V., All rights reserved.","Black Holes; Clusters Of Galaxies; Galaxy Evolution; Galaxy Formation; Gas Physics"
"Coarse-grained modelling out of equilibrium","2022","Physics Reports","10.1016/j.physrep.2022.04.006","https://www.scopus.com/inward/record.uri?eid=2-s2.0-85130626098&doi=10.1016%2Fj.physrep.2022.04.006&partnerID=40&md5=6955bb6b380ac1dba623a8a3e9fb41d8","Active matter, responsive (“smart”) materials and materials under time-dependent load are systems out of thermal equilibrium. To construct coarse-grained models for such systems, one needs to integrate out a distribution of microstates that evolves in time. This is a challenging task. As a preparation to the topic, we recall equilibrium coarse-graining methods, both theoretical and numerical, such as projection operator formalisms, united atom simulations, numerical reconstruction of memory and Markov State Modelling. Then we review recent developments in theoretical approaches to the non-equilibrium coarse-graining problem, in particular, time-dependent projection operator formalisms, dynamic density functional theory and power functional theory, as well as numerical schemes to construct explicitly time-dependent memory kernels. © 2022 Elsevier B.V., All rights reserved.","Coarse-graining; Computer Simulation; Materials Modelling; Multiscale Modelling; Non-equilibrium Statistical Physics; Scale-bridging"
"Network resilience","2022","Physics Reports","10.1016/j.physrep.2022.04.002","https://www.scopus.com/inward/record.uri?eid=2-s2.0-85131655230&doi=10.1016%2Fj.physrep.2022.04.002&partnerID=40&md5=60fdc2793a0fcdd7afcf31342bcc5640","Many systems on our planet shift abruptly and irreversibly from the desired state to an undesired state when forced across a “tipping point”. Some examples are mass extinctions within ecosystems, cascading failures in infrastructure systems, and changes in human and animal social networks. The ability to avoid such regime shifts or to recover quickly from such a non-resilient state demonstrates a system's resilience; system resilience is a quality that enables a system to adjust its activities to retain its basic functionality when errors and failures occur. In the past 50 years, attention has been paid almost exclusively to low-dimensional systems; scholars have focused on the calibration of the resilience functions of such systems and the identification of indicators of early warning signals based on two to three connected components. In recent years, taking advantage of network theory and the availability of lavish real datasets, network scientists have begun to explore real-world complex networked multidimensional systems, as well as their resilience functions and early warning indicators. This report presents a comprehensive review of resilience functions and regime shifts in complex systems in domains such as ecology, biology, society, and infrastructure. The research approach includes empirical observations, experimental studies, mathematical modeling, and theoretical analysis. We also review the definitions of some ambiguous terms, including robustness, resilience, and stability. © 2022 Elsevier B.V., All rights reserved.","Alternative Stable States; Complex Networks; Nonlinear Dynamics; Phase Transitions; Resilience; Tipping Points"
"Twenty Hopf-like bifurcations in piecewise-smooth dynamical systems","2022","Physics Reports","10.1016/j.physrep.2022.04.007","https://www.scopus.com/inward/record.uri?eid=2-s2.0-85130953147&doi=10.1016%2Fj.physrep.2022.04.007&partnerID=40&md5=295b2175548f0fd2a30373688132c726","For many physical systems the transition from a stationary solution to sustained small amplitude oscillations corresponds to a Hopf bifurcation. For systems involving impacts, thresholds, switches, or other abrupt events, however, this transition can be achieved in fundamentally different ways. This paper reviews 20 such ‘Hopf-like’ bifurcations for two-dimensional ODE systems with state-dependent switching rules. The bifurcations include boundary equilibrium bifurcations, the collision or change of stability of equilibria or folds on switching manifolds, and limit cycle creation via hysteresis or time delay. In each case a stationary solution changes stability and possibly form, and emits one limit cycle. Each bifurcation is analysed quantitatively in a general setting: we identify quantities that govern the onset, criticality, and genericity of the bifurcation, and determine scaling laws for the period and amplitude of the resulting limit cycle. Complete derivations based on asymptotic expansions of Poincaré maps are provided. Many of these are new, done previously only for piecewise-linear systems. The bifurcations are collated and compared so that dynamical observations can be matched to geometric mechanisms responsible for the creation of a limit cycle. The results are illustrated with impact oscillators, relay control, automated balancing control, predator–prey systems, ocean circulation, and the McKean and Wilson–Cowan neuron models. © 2022 Elsevier B.V., All rights reserved.","Boundary Equilibrium Bifurcation; Filippov System; Hopf Bifurcation; Limit Cycle; Piecewise-linear"
"Dispersive πK→πK and ππ→KK̄ amplitudes from scattering data, threshold parameters, and the lightest strange resonance κ or K0∗(700)","2022","Physics Reports","10.1016/j.physrep.2022.03.004","https://www.scopus.com/inward/record.uri?eid=2-s2.0-85133808458&doi=10.1016%2Fj.physrep.2022.03.004&partnerID=40&md5=3b67152433139f9f8ed7fa1190dd7aaa","We discuss the simultaneous dispersive analyses of πK→πK and ππ→KK̄ scattering data and the κ/K<inf>0</inf>∗(700) resonance. The unprecedented statistics of present and future hadron experiments, modern lattice QCD calculations, and the wealth of new states and decays require such precise and model-independent analyses to describe final state interactions. We review the existing and often conflicting data and explain in detail the derivation of the relevant dispersion relations, maximizing their applicability range. Next, we review and extend the caveats on some data, showing their inconsistency with dispersion relations. Our main result is the derivation and compilation of precise amplitude parameterizations constrained by several πK→πK and ππ→KK̄ dispersion relations. These constrained parameterizations are easily implementable and provide the rigor and accuracy needed for modern experimental and phenomenological hadron physics. As applications, after reviewing their status and interest, we will provide new precise threshold and subthreshold parameters and review our dispersive determination of the controversial κ/K<inf>0</inf>∗(700) resonance and other light-strange resonances. © 2022 Elsevier B.V., All rights reserved.","Dispersion Relations; Meson–meson Scattering; Strange Resonances"
"The Forward Physics Facility: Sites, experiments, and physics potential","2022","Physics Reports","10.1016/j.physrep.2022.04.004","https://www.scopus.com/inward/record.uri?eid=2-s2.0-85129926718&doi=10.1016%2Fj.physrep.2022.04.004&partnerID=40&md5=4d67d2ba3740661b4ce8058b023f4f7f","The Forward Physics Facility (FPF) is a proposal to create a cavern with the space and infrastructure to support a suite of far-forward experiments at the Large Hadron Collider during the High Luminosity era. Located along the beam collision axis and shielded from the interaction point by at least 100 m of concrete and rock, the FPF will house experiments that will detect particles outside the acceptance of the existing large LHC experiments and will observe rare and exotic processes in an extremely low-background environment. In this work, we summarize the current status of plans for the FPF, including recent progress in civil engineering in identifying promising sites for the FPF and the experiments currently envisioned to realize the FPF's physics potential. We then review the many Standard Model and new physics topics that will be advanced by the FPF, including searches for long-lived particles, probes of dark matter and dark sectors, high-statistics studies of TeV neutrinos of all three flavors, aspects of perturbative and non-perturbative QCD, and high-energy astroparticle physics. © 2022 Elsevier B.V., All rights reserved.","Experiments; Lhc; Long-lived Particles; Neutrinos Interactions; New Physics"
"Mass dimension one fermions: Constructing darkness","2022","Physics Reports","10.1016/j.physrep.2022.04.003","https://www.scopus.com/inward/record.uri?eid=2-s2.0-85129774770&doi=10.1016%2Fj.physrep.2022.04.003&partnerID=40&md5=41e327224c079eea8d5501bb9beb816d","Let Θ be the Wigner time reversal operator for spin half and let ϕ be a Weyl spinor. Then, for a left-transforming ϕ, the construct ζ<inf>λ</inf>Θϕ∗ yields a right-transforming spinor. If instead, ϕ is a right-transforming spinor, then the construct ζ<inf>ρ</inf>Θϕ∗ results in a left-transforming spinor (ζ<inf>λ,ρ</inf> are phase factors). This allows us to introduce two sets of four-component spinors. Setting ζ<inf>λ</inf> and ζ<inf>ρ</inf> to ±i renders all eight spinors as eigenspinor of the charge conjugation operator C (called ELKO). This allows us to introduce two quantum fields. A calculation of the vacuum expectation value of the time-ordered product of the fields and their adjoints reveals the mass dimension of the fields to be one. Both fields are local in the canonical sense of quantum field theory. Interestingly, one of the fields is fermionic and the other bosonic. The mass dimension of the introduced fermionic fields and the matter fields of the Standard Model carry an intrinsic mismatch. As such, they provide natural darkness for the new fields with respect to the Standard Model doublets. The statistics and locality are controlled by a set of phases. These are explicitly given. Then we observe that in p<inf>μ</inf>pμ= m2, Dirac took the simplest square root of the 4 × 4 identity matrix I (in I×m2, while introducing γ<inf>μ</inf>pμ as the square root of the left hand side of the dispersion relation), and as such he implicitly ignored the remaining fifteen. When we examine the remaining roots, we obtain additional bosonic and fermionic dark matter candidates of spin half. We point out that by early nineteen seventies, Dirac had suspected the existence of spin half bosons, in the same space as his fermions. This is interweaved with a detailed discussion of duals and adjoints. We study the fermionic self-interaction and interactions with a real scalar field. We show that a consistent interacting theory can be formulated using the ELKO adjoint up to one-loop thus circumventing the earlier problem of unitarity violation. We then undertake quantum field theoretic calculation that establishes the Newtonian gravitational interaction for a mass dimension one dark matter candidate. The report ends: (a) by studying the partition function and main thermodynamic properties of the mass dimension one fermionic field in the context of the dark matter halo of galaxies. For the Milky Way, the observational data of rotation curve fits quite well for a fermionic mass of about 23 eV; and (b) by introducing higher-dimensional ELKOs in braneworld scenario. After a brief introduction of some braneworld models, we review the localization of higher-dimensional ELKOs on flat and bent branes with appropriate localization mechanisms. We discuss the massless and massive Kaluza–Klein modes of ELKO fields on branes and give a comparison with other fields. © 2022 Elsevier B.V., All rights reserved.","Brane; Dark Energy; Dark Matter; Elko; Locality And Causality Phases; Mass Dimension One Boson Of Spin Half; Mass Dimension One Fermions Of Spin Half"
"Extreme events in dynamical systems and random walkers: A review","2022","Physics Reports","10.1016/j.physrep.2022.04.001","https://www.scopus.com/inward/record.uri?eid=2-s2.0-85129630497&doi=10.1016%2Fj.physrep.2022.04.001&partnerID=40&md5=ba966c362c55fdbb3be3c45a4f579967","Extreme events gain the attention of researchers due to their utmost importance in various contexts ranging from climate to brain. An observable that deviates significantly from its long-time average will have adverse consequences for the system. This brings such recurrent events to the limelight of attention in interdisciplinary research. There is a need for research efforts in many systems in the real world to find solutions that can predict and mitigate the unfavorable effects of these recurring events. A comprehensive review of recent progress is provided to capture recent improvements in analyzing such very high-amplitude events from the point of view of dynamical systems and random walkers. We emphasize, in detail, the mechanisms responsible for the emergence of such events in complex systems. Several mechanisms that contribute to the occurrence of extreme events have been elaborated that investigate the sources of instabilities leading to them. In addition, we discuss the prediction of extreme events from two different contexts, using dynamical instabilities and data-based machine learning algorithms. Tracking of instabilities in the phase space is not always feasible and a precise knowledge of the dynamics of extreme events does not necessarily help in forecasting extreme events. Moreover, in most of the studies on high-dimensional systems, only a few degrees of freedom participate in extreme events’ formation. Thus, a notable inclusion of prediction through machine learning is of enormous significance, particularly for those cases where the governing equations of the model are explicitly unavailable. Besides, random walks on complex networks can represent several transport processes, and exceedances of the flux of walkers above a prescribed threshold may describe extreme events. We unveil theoretical studies on random walkers with their enormous potential for applications in reducing extreme events. We cover the possible controlling strategies, which may be helpful to mitigate extreme events in physical situations like traffic jams, heavy load of web requests, competition for shared resources, floods in the network of rivers, and many more. This review presents an overview of the current trend of research on extreme events in dynamical systems and networks, including random walkers, and discusses future possibilities. We conclude this review with an extended outlook and compelling perspective, along with the non-trivial challenges for further investigation. © 2022 Elsevier B.V., All rights reserved.","Control; Dynamical Instability; Machine Learning; Prediction; Random Walk"
"Quantum magnonics: When magnon spintronics meets quantum information science","2022","Physics Reports","10.1016/j.physrep.2022.03.002","https://www.scopus.com/inward/record.uri?eid=2-s2.0-85129506089&doi=10.1016%2Fj.physrep.2022.03.002&partnerID=40&md5=e8dc87903570530d5bc0092b1d228405","Spintronics and quantum information science are two promising candidates for innovating information processing technologies. The combination of these two fields enables us to build solid-state platforms for studying quantum phenomena and for realizing multi-functional quantum tasks. For a long time, however, the intersection of these two fields was limited due to the distinct properties of the classical magnetization, that is manipulated in spintronics, and quantum bits, that are utilized in quantum information science. This situation has changed significantly over the last few years because of the remarkable progress in coding and processing information using magnons. On the other hand, significant advances in understanding the entanglement of quasi-particles and in designing high-quality qubits and photonic cavities for quantum information processing provide physical platforms to integrate magnons with quantum systems. From these endeavours, the highly interdisciplinary field of quantum magnonics emerges, which combines spintronics, quantum optics and quantum information science. Here, we give an overview of the recent developments concerning the quantum states of magnons and their hybridization with mature quantum platforms. First, we review the basic concepts of magnons and quantum entanglement and discuss the generation and manipulation of quantum states of magnons, such as single-magnon states, squeezed states and quantum many-body states including Bose–Einstein condensation and the resulting spin superfluidity. We discuss how magnonic systems can be integrated and entangled with quantum platforms including cavity photons, superconducting qubits, nitrogen-vacancy centers, and phonons for coherent information transfer and collaborative information processing. The implications of these hybrid quantum systems for non-Hermitian physics and parity-time symmetry are highlighted, together with applications in quantum memories and high-precision measurements. Finally, we present an outlook on some of the challenges and opportunities in quantum magnonics. © 2022 Elsevier B.V., All rights reserved.","Bose–einstein Condensation; Cavity Magnomechanics; Cavity Spintronics; Epr Steering; Magnon; Many-body Physics; Nitrogen-vacancy Center; Pt Symmetry; Quantum Entanglement; Quantum Information; Quantum Optics; Schrödinger Cat State; Spin Superfluid; Spintronics; Squeezed Magnon; Superconducting Qubit"
"Pentagon-based 2D materials: Classification, properties and applications","2022","Physics Reports","10.1016/j.physrep.2022.03.003","https://www.scopus.com/inward/record.uri?eid=2-s2.0-85129522639&doi=10.1016%2Fj.physrep.2022.03.003&partnerID=40&md5=612f02f565416f0ec38a10d675c20f2d","Since penta-graphene (PG), a two-dimensional (2D) carbon allotrope exclusively composed of five-membered rings, was proposed in 2015, a great deal of effort has been devoted to the rational design and synthesis of pentagon-based 2D materials with novel properties and promising applications. As a result, over one hundred new pentagonal 2D materials have been theoretically predicated, and some of them have been experimentally synthesized. Due to the unique geometries of these materials, they exhibit many interesting properties, including negative Poisson's ratio, intrinsic piezoelectricity, giant out-of-plane second harmonic generation susceptibility, ferromagnetism with high Curie temperature and topological quantum state, and have broad applications. In this paper, we review the recent progress made in this emerging field, and classify all the pentagon-based 2D structures reported so far based on their geometric characteristics and space groups. Especially, we highlight the major breakthroughs that have occurred over the past several years, discuss the unexpected physical properties that have enabled these materials to bridge many disciplines in science and technology, and analyze the potential applications in metal-ion batteries, thermoelectricity, photocatalysis, electrocatalysis, and heterojunction. The challenges and opportunities in this field are also discussed for future study. © 2022 Elsevier B.V., All rights reserved.","Ferromagnetism; Intrinsic Piezoelectricity; Negative Poisson's Ratio; Pentagon-based 2d Structure; Second Harmonic Generation Susceptibility; Thermoelectricity"
"Quantifying relevance in learning and inference","2022","Physics Reports","10.1016/j.physrep.2022.03.001","https://www.scopus.com/inward/record.uri?eid=2-s2.0-85128601797&doi=10.1016%2Fj.physrep.2022.03.001&partnerID=40&md5=9f2226f744aeb82f9ab86b2aad41628b","Learning is a distinctive feature of intelligent behaviour. High-throughput experimental data and Big Data promise to open new windows on complex systems such as cells, the brain or our societies. Yet, the puzzling success of Artificial Intelligence and Machine Learning shows that we still have a poor conceptual understanding of learning. These applications push statistical inference into uncharted territories where data is high-dimensional and scarce, and prior information on “true” models is scant if not totally absent. Here we review recent progress on understanding learning, based on the notion of “relevance”. The relevance, as we define it here, quantifies the amount of information that a dataset or the internal representation of a learning machine contains on the generative model of the data. This allows us to define maximally informative samples, on one hand, and optimal learning machines on the other. These are ideal limits of samples and of machines, that contain the maximal amount of information about the unknown generative process, at a given resolution (or level of compression). Both ideal limits exhibit critical features in the statistical sense: Maximally informative samples are characterised by a power-law frequency distribution (statistical criticality) and optimal learning machines by an anomalously large susceptibility. The trade-off between resolution (i.e. compression) and relevance distinguishes the regime of noisy representations from that of lossy compression. These are separated by a special point characterised by Zipf's law statistics. This identifies samples obeying Zipf's law as the most compressed loss-less representations that are optimal in the sense of maximal relevance. Criticality in optimal learning machines manifests in an exponential degeneracy of energy levels, that leads to unusual thermodynamic properties. This distinctive feature is consistent with the invariance of the classification under coarse graining of the output, which is a desirable property of learning machines. This theoretical framework is corroborated by empirical analysis showing (i) how the concept of relevance can be useful to identify relevant variables in high-dimensional inference and (ii) that widely used machine learning architectures approach reasonably well the ideal limit of optimal learning machines, within the limits of the data with which they are trained. © 2022 Elsevier B.V., All rights reserved.","Information Theory; Machine Learning; Relevance; Statistical Inference"
"High contrast 3-D optical bioimaging using molecular and nanoprobes optically responsive to IR light","2022","Physics Reports","10.1016/j.physrep.2022.02.004","https://www.scopus.com/inward/record.uri?eid=2-s2.0-85127348905&doi=10.1016%2Fj.physrep.2022.02.004&partnerID=40&md5=063e237d990f5eb072bf448f0f7252fd","Biophotonics is a convergent field which integrates biological physics, neurosciences, optical physics, and nanoscience for optical diagnostics, bioimaging and light activated therapies, with no tissue invasion and free of ionizing radiation. It is expected to play an important role in advancing the emerging field of molecular medicine by yielding detailed information on structures and dynamics at subcellular levels. This review, truly interdisciplinary and unique in its scope, highlights the integrated roles of the above-named disciplines for advancing IR bioimaging, aiming to attract a broad cross-section of readership of Physics Reports, and is written with multinational authorship to bring out a global perspective. A unique feature of this review is its comprehensive coverage of a multitude of the various optical bioimaging modalities, their physics principles, their relative merits, and their complementarity. Specifically covered themes are fluorescence imaging, nonlinear optical imaging, photoacoustic imaging, optical coherence tomography (OCT) and hyperspectral imaging. The review first discusses light propagation and bio-optics of processes of light absorption, scattering and transmission in biological media. It describes the various biological spectral windows of maximum optical transparencies which are suitable for optical imaging. Then, we introduce the different optical imaging modalities and their features in bioimaging both in vitro and in vivo. The role of molecular and nano-probes to serve as contrast agents for different modalities of imaging is described. A unique aspect also discussed in this review is the physics of manipulation of excitation dynamics that can make them selectively nanoemitters for fluorescence imaging; nonlinear optical probes for imaging; nano-photothermal heaters and nanothermometry for photoacoustic imaging; and nanoscatterers for OCT. As selected emerging applications, we describe imaging-guided theranostics as well as applications in novel areas of neurophotonics and nanodentistry. Finally, the review concludes by presenting current challenges and our views on future opportunities aimed to stimulate further research in this field of high societal impact. © 2022 Elsevier B.V., All rights reserved.","Biophotonics; Nanobiophotonics; Optical Bioimaging"
"Cosmological constraints on dark matter interactions with ordinary matter","2022","Physics Reports","10.1016/j.physrep.2022.02.006","https://www.scopus.com/inward/record.uri?eid=2-s2.0-85126581580&doi=10.1016%2Fj.physrep.2022.02.006&partnerID=40&md5=3709abdf8d2f76290ab3bab34ad02b47","Dark matter interactions with electrons or protons during the early Universe leave imprints on the cosmic microwave background and the matter power spectrum, and can be probed through cosmological and astrophysical observations. These interactions lead to momentum and heat exchange between the ordinary and dark matter components, which in turn results in a transfer of pressure from the ordinary to the dark matter. We explore these interactions using a diverse suite of data: cosmic microwave background anisotropies, baryon acoustic oscillations, the Lyman-α forest, and the abundance of Milky-Way subhalos. We derive constraints using model-independent parameterizations of the dark matter–electron and dark matter–proton interaction cross sections and map these constraints onto concrete dark matter models. Our constraints are complementary to other probes of dark matter interactions with ordinary matter, such as direct detection, big bang nucleosynthesis, various astrophysical systems, and accelerator-based experiments. They exclude sufficiently large cross sections for a large range of dark matter masses, which cannot be accessed by direct-detection experiments due to the overburden from the Earth's atmosphere or crust. [Formula presented] © 2022 Elsevier B.V., All rights reserved.","Cmb; Cosmic Microwave Background; Cosmology; Dark Matter; Dark Matter Baryon Interactions; Dark Matter Direct Detection; Dark Matter Indirect Detection; Interacting Dark Matter; Lyman-alpha Forest; Milky Way Subhalos; Particle Physics"
"Wetting and evaporation of multicomponent droplets","2022","Physics Reports","10.1016/j.physrep.2022.02.005","https://www.scopus.com/inward/record.uri?eid=2-s2.0-85126571739&doi=10.1016%2Fj.physrep.2022.02.005&partnerID=40&md5=0f45de992fc19f754ea9bea8e4f7de13","Wetting and evaporation of sessile droplets are ubiquitous in nature and of importance to many industrial and everyday processes. While most of the research on sessile droplets has been constraint to single component droplets, complex multicomponent droplets are in fact the most common systems in natural and industrial fields. Multicomponent droplets show diverse behaviors as the concentration of the different components varies in both the liquid and the gas phases. The nonuniform distribution of different components leads to surface tension gradient and affects the wetting dynamics. Additionally, some ubiquitous behaviors can be induced by the preferential evaporation of more volatile components, and by actively tuning the vapor field by adjacent droplets or via external vapor sources. In this paper, we review the underlying physical and physicochemical mechanisms of multicomponent droplets during wetting and spreading, induced by evaporation and/or mediated by the vapor field. Especially we focus on volatile multicomponent droplets and exclude the colloidal or nanofluids droplets which have been reviewed in existing papers. We overview the droplet wetting dynamics, the interfacial mass flux, the droplet lifetime and the flow patterns of these complex droplets. The available experimental and numerical methodologies to date are also summarized, including the application conditions, accuracy, resolution and limitations from the experimental aspect; as well as the main assumptions, mathematical methods and corresponding reliability from the numerical aspect. Last we discuss the significance of exploiting the interacting mechanisms with complex droplets, and point out the innovation potentials in cutting-edge applications including 3D printing, self-cleaning, digital microfluidics, cellular sorting and biomedical diagnosis, amongst others. © 2022 Elsevier B.V., All rights reserved.","Evaporation; Experimental Technique; Gravitational Flow; Multicomponent Droplet; Numerical Model; Solute And Thermal Marangoni Flow; Vapor-mediated Interaction; Wetting And Spreading"
"Superconductivity in high-Tc and related strongly correlated systems from variational perspective: Beyond mean field theory","2022","Physics Reports","10.1016/j.physrep.2022.02.003","https://www.scopus.com/inward/record.uri?eid=2-s2.0-85126605761&doi=10.1016%2Fj.physrep.2022.02.003&partnerID=40&md5=7b486f2b03d2b95b98e1f68e7ac1c8ae","The principal purpose of this topical review is to single out some of the universal features of high-temperature (high-T<inf>c</inf>) and related strongly-correlated systems, which can be compared with experiment in a quantitative manner. The description starts with the concept of exchange-interaction-mediated (real-space) pairing, combined with strong correlations among narrow band electrons, for which the reference state is that of the Mott–Hubbard insulator. The physical discussion of concrete properties relies on variational approach, starting from generalized renormalized mean-field theory (RMFT) in the form of statistically-consistent Gutzwiller approximation (SGA), and its subsequent generalization, i.e., a systematic Diagrammatic Expansion of the Variational (Gutzwiller-type) Wave Function (DE-GWF). The solution leads to the two energy scales, one involving unconventional quasiparticles close to the Fermi energy, and the other reflecting the fully correlated state, involving electrons deeper below the Fermi surface. Those two regimes are separated by a kink in the dispersion relation, which is observed in photoemission. As a result, one obtains both the doping dependent properties in the correlated state, and effective renormalized quasiparticles. The reviewed ground-state characteristics for high-T<inf>c</inf> systems encompass high-T<inf>c</inf> superconductivity, nematicity, charge- (and pair-) density-wave effects, as well as non-BCS kinetic energy gain in the paired state. The calculated dynamic properties are: the universal Fermi velocity, the Fermi wave-vector, the effective mass enhancement, the pseudogap; and the d-wave gap magnitude. We discuss that, within the variational approach, the minimal realistic model is represented by the so-called t-J-U Hamiltonian. Inadequacy of the t-J and Hubbard models, particularly of their RMFT versions, is discussed explicitly. For heavy fermion systems, modeled by the Anderson lattice model and with the DE-GWF approach, we discuss the phase diagram, encompassing superconducting, Kondo insulating, ferro- and anti-ferromagnetic states. The superconducting state is then a two-d-wave gap system. If the orbital degeneracy of f-electrons is included, the coexistent ferromagnetic- (spin–triplet) superconducting phases appear and match those observed for UGe<inf>2</inf> in a semiquantitative manner. Finally, in the second part, we generalize our approach to the collective spin and charge fluctuations in high-T<inf>c</inf> systems, starting from variational approach, defining the saddle-point state, and combining it with 1/N expansion. The present scheme differs essentially from that starting from the saddle-point Hartree–Fock approximation, and incorporating the fluctuations in the random phase approximation (RPA). The spectrum of collective spin and charge excitations is determined for the Hubbard and t-J-U models, and subsequently compared quantitatively with recent experiments. The Appendices provide formal details to make this review self-contained. © 2022 Elsevier B.V., All rights reserved.","Anderson Lattice Model; Diagrammatic Expansion For Variational Wave Function; Heavy Fermions; High Temperature Superconductivity; Hubbard Model; Real Space Pairing; Strong Electron Correlations; T-j Model; Theory Of Superconductivity; Unconventional Superconductivity; Variational Approach To Superconductivity"
"Domain wall memory: Physics, materials, and devices","2022","Physics Reports","10.1016/j.physrep.2022.02.001","https://www.scopus.com/inward/record.uri?eid=2-s2.0-85126602155&doi=10.1016%2Fj.physrep.2022.02.001&partnerID=40&md5=f71a21948b0dda6a5bca130df8b4d4f4","Digital data, generated by corporate and individual users, is growing day by day due to a vast range of digital applications. Magnetic hard disk drives (HDDs) currently fulfill the demand for storage space, required by this data growth. Although flash memory devices are replacing HDDs in applications like mobile phones, laptops, and desktops, HDDs cover the majority of digital data stored in the cloud and servers. Since the capacity growth of HDDs is slowing down, it is essential to look for a potential alternative. One such alternative is domain wall (DW) memory, where magnetic domains in the form of two-dimensional or three-dimensional wires are used to store the information. DW memory (DWM) devices should satisfy the four basic operations, such as writing (nucleating domains or inserting DWs in memory element), storing (stabilizing DWs), shifting (moving DWs), and reading (reading magnetization direction). An external magnetic field or spin-transfer torque can be used to write the information. Spin–orbit torque or electric field may be used for shifting the DWs. The information can be read using tunneling magnetoresistance. The domains may be stored along the tracks using artificial pinning potentials. The absence of moving parts makes the DWM consume less power as compared to HDDs, and be more robust. The potential to stack many layers to store information in three dimensions makes them potentially a large storage capacity device. In addition to memory, DW devices also offer a route for making synaptic devices for neuromorphic computing. Despite these potential advantages of DWM, significant advances in research are needed before DWM could become commercially viable. One of the major challenges associated with DWM is DW dynamics. Many problems, such as controlled DW motion, the stability of domains, reducing the dimensions of the DW devices are still to be addressed. Artificial pinning sites fabricated through either geometrical or non-geometrical methods have been proposed for controlling DW motion. This review paper presents a survey of the investigations carried out so far and the future perspective of such devices. © 2022 Elsevier B.V., All rights reserved.","Data Storage; Domain Wall Devices; Domain Wall Physics; Magnetic Domain Walls; Neuromorphic Computing; Orbital Torque; Racetrack Memory; Skyrmions; Spin-transfer Torque; Spin–orbit Torque"
"Persistence in complex systems","2022","Physics Reports","10.1016/j.physrep.2022.02.002","https://www.scopus.com/inward/record.uri?eid=2-s2.0-85125263184&doi=10.1016%2Fj.physrep.2022.02.002&partnerID=40&md5=4db46458a18dc881ecb8f75696df388c","Persistence is an important characteristic of many complex systems in nature, related to how long the system remains at a certain state before changing to a different one. The study of complex systems’ persistence involves different definitions and uses different techniques, depending on whether short-term or long-term persistence is considered. In this paper we discuss the most important definitions, concepts, methods, literature and latest results on persistence in complex systems. Firstly, the most used definitions of persistence in short-term and long-term cases are presented. The most relevant methods to characterize persistence are then discussed in both cases. A complete literature review is also carried out. We also present and discuss some relevant results on persistence, and give empirical evidence of performance in different detailed case studies, for both short-term and long-term persistence. A perspective on the future of persistence concludes the work. © 2022 Elsevier B.V., All rights reserved.","Adaptation; Atmosphere And Climate; Complex Networks; Complex Systems; Economy; Long-term And Short-term Methods; Machine Learning; Memory; Neural Networks; Neuroscience; Optimization And Planning; Persistence; Renewable Energy; Systems’ States"
"Quantum kicked rotor and its variants: Chaos, localization and beyond","2022","Physics Reports","10.1016/j.physrep.2022.01.002","https://www.scopus.com/inward/record.uri?eid=2-s2.0-85124708443&doi=10.1016%2Fj.physrep.2022.01.002&partnerID=40&md5=de1dcd1f5aebbb34feaeb2e6ef925659","Kicked rotor is a paradigmatic model for classical and quantum chaos in time-dependent Hamiltonian systems. More than fifty years since the introduction of this model, there is an increase in the number of works that use kicked rotor model as a fundamental template to study a variety of questions in nonlinear dynamics, quantum chaos, condensed matter physics and quantum information. This is aided by the experimental approaches that have implemented many variants of the quantum kicked rotor model. The problems addressed using kicked rotor and its variants include the basic phenomenology of classical and quantum chaos, transport and localization in one- and higher dimensional kicked systems, effects of disorder and interactions, resonant dynamics and the relation between quantum correlations and chaos. This would also include a range of applications such as for constructing ratchet dynamics and for atom-optics based interferometry. This article reviews the current status of theoretical and experimental research devoted to exploring these ideas using the framework of kicked rotor model. © 2022 Elsevier B.V., All rights reserved.","Chaos; Cold Atoms; Kicked Rotor; Localization; Quantum Chaos"
"Merging stellar-mass binary black holes","2022","Physics Reports","10.1016/j.physrep.2022.01.003","https://www.scopus.com/inward/record.uri?eid=2-s2.0-85124527323&doi=10.1016%2Fj.physrep.2022.01.003&partnerID=40&md5=5091b0587a24aebbbbd3355351a94422","The LIGO and Virgo detectors have directly observed gravitational waves from mergers of pairs of stellar-mass black holes, along with a smaller number of mergers involving neutron stars. These observations raise the hope that compact object mergers could be used as a probe of stellar and binary evolution, and perhaps of stellar dynamics. This colloquium-style article summarises the existing observations, describes theoretical predictions for formation channels of merging stellar-mass black-hole binaries along with their rates and observable properties, and presents some prospects for gravitational-wave astronomy. © 2022 Elsevier B.V., All rights reserved.","Black Holes; Gravitational Waves"
"Quantum collision models: Open system dynamics from repeated interactions","2022","Physics Reports","10.1016/j.physrep.2022.01.001","https://www.scopus.com/inward/record.uri?eid=2-s2.0-85124421248&doi=10.1016%2Fj.physrep.2022.01.001&partnerID=40&md5=6304cc95921f8503d303f3851c8371b2","We present an extensive introduction to quantum collision models (CMs), also known as repeated interactions schemes: a class of microscopic system–bath models for investigating open quantum systems dynamics whose use is currently spreading in a number of research areas. Through dedicated sections and a pedagogical approach, we discuss the CMs definition and general properties, their use for the derivation of master equations, their connection with quantum trajectories, their application in non-equilibrium quantum thermodynamics, their non-Markovian generalizations, their emergence from conventional system–bath microscopic models and link to the input–output formalism. The state of the art of each involved research area is reviewed through dedicated sections. The article is supported by several complementary appendices, which review standard concepts/tools of open quantum systems used in the main text with the goal of making the material accessible even to readers possessing only a basic background in quantum mechanics. The paper could also be seen itself as a friendly, physically intuitive, introduction to fundamentals of open quantum systems theory since most main concepts of this are treated such as quantum maps, Lindblad master equation, steady states, POVMs, quantum trajectories and stochastic Schrödinger equation. © 2022 Elsevier B.V., All rights reserved.","Cascaded Master Equations; Input–output Formalism; Open Quantum Systems; Quantum Non-markovian Dynamics; Quantum Optics; Quantum Thermodynamics; Quantum Trajectories; Quantum Weak Measurements; Repeated Interactions"
"Flag manifold sigma models:: Spin chains and integrable theories","2022","Physics Reports","10.1016/j.physrep.2021.09.004","https://www.scopus.com/inward/record.uri?eid=2-s2.0-85123601402&doi=10.1016%2Fj.physrep.2021.09.004&partnerID=40&md5=f29741ff340f2b5741f3a7955a437f64","This review is dedicated to two-dimensional sigma models with flag manifold target spaces, which are generalizations of the familiar CPn−1 and Grassmannian models. They naturally arise in the description of continuum limits of spin chains, and their phase structure is sensitive to the values of the topological angles, which are determined by the representations of spins in the chain. Gapless phases can in certain cases be explained by the presence of discrete ’t Hooft anomalies in the continuum theory. We also discuss integrable flag manifold sigma models, which provide a generalization of the theory of integrable models with symmetric target spaces. These models, as well as their deformations, have an alternative equivalent formulation as bosonic Gross–Neveu models, which proves useful for demonstrating that the deformed geometries are solutions of the renormalization group (Ricci flow) equations, as well as for the analysis of anomalies and for describing potential couplings to fermions. © 2022 Elsevier B.V., All rights reserved.","Coherent States; Flag Manifold; Geometric Quantization; Gross–neveu Model; Haldane Conjectures; Integrable Model; Psu(n) Bundle; Ricci Flow; Sigma Model; Spin Chain; Supersymmetric Sigma Model; ’t Hooft Anomaly"
"Conformal field theory in momentum space and anomaly actions in gravity: The analysis of three- and four-point function","2022","Physics Reports","10.1016/j.physrep.2021.11.005","https://www.scopus.com/inward/record.uri?eid=2-s2.0-85122180592&doi=10.1016%2Fj.physrep.2021.11.005&partnerID=40&md5=7d90620dd73c39a1f0a3b67afe908db1","After a brief outline of general aspects of conformal field theories in coordinate space, in a first part we review the solution of the conformal constraints of three- and four-point functions in momentum space in dimensions d≥2, in the form of conformal Ward identities (CWIs). We center our discussion on the analysis of correlators containing stress–energy tensors (T), conserved currents (J), and scalar operators (O). For scalar four-point functions, we briefly discuss our method for determining the dual conformal solutions of such equations, identified only by the CWIs, and related to the conformal Yangian symmetry, introduced by us in previous work. In correlation functions with T tensors, evaluated around a flat spacetime, the conformal anomaly is characterized by the (non-local) exchange of massless poles in specific form factors, a signature that has been investigated both in free field theory and non-perturbatively, by solving the conformal constraints. We discuss the anomaly effective action, and illustrate the derivation of the CWIs directly from its path integral definition and its Weyl symmetry, which is alternative to the standard operatorial approach used in conformal field theories in flat space. For two- and three-point functions, we elaborate on the matching of these types of correlators to free-field theories. Perturbative realizations of CFTs at one-loop provide the simplest expressions of the general solutions identified by the CWIs, for generic operators T, J, and scalars of specific scaling dimensions, by an appropriate choice of their field content. In a technical appendix we offer details on the reconstruction of the TTO and TTT correlators in the approach of Bzowski, McFadden and Skenderis, and specifically on the secondary Ward identities of the method, in order to establish a complete match with the perturbative description. © 2021 Elsevier B.V., All rights reserved.","Anomaly Actions; Conformal Anomaly; Conformal Field Theory; Quantum Gravity"
"Quantum physics in space","2022","Physics Reports","10.1016/j.physrep.2021.11.004","https://www.scopus.com/inward/record.uri?eid=2-s2.0-85122240350&doi=10.1016%2Fj.physrep.2021.11.004&partnerID=40&md5=9b67a6a029d1aad6785e085d06671f27","Advances in quantum technologies are giving rise to a revolution in the way fundamental physics questions are explored at the empirical level. At the same time, they are the seeds for future disruptive technological applications of quantum physics. Remarkably, a space-based environment may open many new avenues for exploring and employing quantum physics and technologies. Recently, space missions employing quantum technologies for fundamental or applied studies have been proposed and implemented with stunning results. The combination of quantum physics and its space application is the focus of this review: we cover both the fundamental scientific questions that can be tackled with quantum technologies in space and the possible implementation of these technologies for a variety of academic and commercial purposes. © 2021 Elsevier B.V., All rights reserved.","Quantum Physics; Quantum Technology; Space"
"Kitaev materials","2022","Physics Reports","10.1016/j.physrep.2021.11.003","https://www.scopus.com/inward/record.uri?eid=2-s2.0-85123160804&doi=10.1016%2Fj.physrep.2021.11.003&partnerID=40&md5=d89e8b9b9c54b15b8a3ff12b97eb08ce","In transition-metal compounds with partially filled 4d and 5d shells spin–orbit entanglement, electronic correlations, and crystal-field effects conspire to give rise to a variety of novel forms of topological quantum matter. This includes Kitaev materials — a family of spin–orbit assisted Mott insulators, in which local, spin–orbit entangled j=1/2 moments form that are subject to dominant bond-directional Ising exchange interactions. On a conceptual level, Kitaev materials attract much interest for their potential for unconventional forms of magnetism, such as spin liquid physics in two- and three-dimensional lattice geometries or the formation of non-trivial spin textures. Experimentally, a number of Kitaev materials have been synthesized, which includes the honeycomb materials Na<inf>2</inf>IrO<inf>3</inf>, α-Li<inf>2</inf>IrO<inf>3</inf>, H<inf>3</inf>LiIr<inf>2</inf>O<inf>6</inf>, and, most prominently, α-RuCl<inf>3</inf>, the triangular materials Ba<inf>3</inf>Ir<inf>x</inf>Ti<inf>3−x</inf>O<inf>9</inf>, as well as the three-dimensional hyper-honeycomb and stripy-honeycomb materials β-Li<inf>2</inf>IrO<inf>3</inf> and γ-Li<inf>2</inf>IrO<inf>3</inf>. We provide a short review of the current status of the theoretical and experimental exploration of these Kitaev materials. © 2022 Elsevier B.V., All rights reserved.","Kitaev Model; Spin Liquids; Spin–orbit Entangled Mott Insulators"
"The synchronized dynamics of time-varying networks","2022","Physics Reports","10.1016/j.physrep.2021.10.006","https://www.scopus.com/inward/record.uri?eid=2-s2.0-85123245091&doi=10.1016%2Fj.physrep.2021.10.006&partnerID=40&md5=044d7fee92d1faf11d9228394892c07d","Over the past two decades, complex network theory provided the ideal framework for investigating the intimate relationships between the topological properties characterizing the wiring of connections among a system's unitary components and its emergent synchronized functioning. An increased number of setups from the real world found therefore a representation in terms of graphs, while more and more sophisticated methods were developed with the aim of furnishing a realistic description of the connectivity patterns under study. In particular, a significant number of systems in physics, biology and social science features a time-varying nature of the interactions among their units. We here give a comprehensive review of the major results obtained by contemporary studies on the emergence of synchronization in time-varying networks. In particular, two paradigmatic frameworks will be described in detail. The first encompasses those systems where the time dependence of the nodes’ connections is due to adaptation, external forces, or any other process affecting each of the links of the network. The second framework, instead, corresponds to the case in which the structural evolution of the graph is due to the movement of the nodes, or agents, in physical spaces and to the fact that interactions may be ruled by space-dependent laws in a way that connections are continuously switched on and off in the course of the time. Finally, our report ends with a short discussion on promising directions and open problems for future studies. © 2022 Elsevier B.V., All rights reserved.","Adaptative Networks; Complex Networks; Mobile Agents; Synchronization; Time-varying Networks"
"Social physics","2022","Physics Reports","10.1016/j.physrep.2021.10.005","https://www.scopus.com/inward/record.uri?eid=2-s2.0-85122688074&doi=10.1016%2Fj.physrep.2021.10.005&partnerID=40&md5=6cc405c8faa08e72bc46bf0acc572488","Recent decades have seen a rise in the use of physics methods to study different societal phenomena. This development has been due to physicists venturing outside of their traditional domains of interest, but also due to scientists from other disciplines taking from physics the methods that have proven so successful throughout the 19th and the 20th century. Here we characterise the field with the term ‘social physics’ and pay our respect to intellectual mavericks who nurtured it to maturity. We do so by reviewing the current state of the art. Starting with a set of topics that are at the heart of modern human societies, we review research dedicated to urban development and traffic, the functioning of financial markets, cooperation as the basis for our evolutionary success, the structure of social networks, and the integration of intelligent machines into these networks. We then shift our attention to a set of topics that explore potential threats to society. These include criminal behaviour, large-scale migration, epidemics, environmental challenges, and climate change. We end the coverage of each topic with promising directions for future research. Based on this, we conclude that the future for social physics is bright. Physicists studying societal phenomena are no longer a curiosity, but rather a force to be reckoned with. Notwithstanding, it remains of the utmost importance that we continue to foster constructive dialogue and mutual respect at the interfaces of different scientific disciplines. © 2022 Elsevier B.V., All rights reserved.","Human Behaviour; Multidisciplinarity; Statistical Physics; Sustainability; Thermodynamics"
"Calculating black hole shadows: Review of analytical studies","2022","Physics Reports","10.1016/j.physrep.2021.10.004","https://www.scopus.com/inward/record.uri?eid=2-s2.0-85121978819&doi=10.1016%2Fj.physrep.2021.10.004&partnerID=40&md5=4c51b588f0ca6fa50c4fa222b97e4308","In this article, we provide a review of the current state of the research of the black hole shadow, focusing on analytical (as opposed to numerical and observational) studies. We start with particular attention to the definition of the shadow and its relation to the often used concepts of escape cone, critical impact parameter and particle cross-section. For methodological purposes, we present the derivation of the angular size of the shadow for an arbitrary spherically symmetric and static space–time, which allows one to calculate the shadow for an observer at arbitrary distance from the center. Then we discuss the calculation of the shadow of a Kerr black hole, for an observer anywhere outside of the black hole. For observers at large distances we present and compare two methods used in the literature. Special attention is given to calculating the shadow in space–times which are not asymptotically flat. Shadows of wormholes and other black-hole impostors are reviewed. Then we discuss the calculation of the black hole shadow in an expanding universe as seen by a comoving observer. The influence of a plasma on the shadow of a black hole is also considered. © 2021 Elsevier B.V., All rights reserved.","Black Hole Shadow; Gravitational Lensing; Light Deflection"
"Recent advances on the fundamental physical phenomena behind stability, dynamic motion, thermophysical properties, heat transport, applications, and challenges of nanofluids","2022","Physics Reports","10.1016/j.physrep.2021.07.002","https://www.scopus.com/inward/record.uri?eid=2-s2.0-85111015939&doi=10.1016%2Fj.physrep.2021.07.002&partnerID=40&md5=7b450cc0bf95527d6856b3df30315ace","In the past decade, nanotechnology's rapid developments have created quite a lot of prospects for researchers and engineers to check up on. And nanofluids are important consequences of this progression. Nanofluids are created by suspending nanoparticles with average diameters below 100 nm in conventional heat transfer carriers such as water, oil, ethylene glycol, etc. Nanofluids are considered to offer substantial advantages over usual heat transfer fluids. When dispersed in a uniform way and suspended stably in the base fluids, a minimal amount of nanoparticles can significantly improve the thermal properties of host fluids. Present work attempts to address this challenge considering state-of-the-art advances in understanding, discussing, and mitigating problems about nanofluids’ stability. Stable and highly conductive nanofluids are produced by generally, one-step and two-step production methods. Both approaches suffer from problems with the nanoparticles’ agglomeration to be an important one. Thus, numerous numerical models and the principal physical phenomena affecting the stability (fundamental physical principles that govern the interparticle interactions, clustering and deposition kinetics, and colloidal stability theories) have been analyzed. Concerning the particles’ dynamic motion, the significance of different forces in nanofluid in particulate flows such as drag, lift (Magnus and Saffman), Brownian, thermophoretic, Van der Waals, electrostatic double-layer forces are investigated. Furthermore, an overview of nanofluids’ thermophysical properties, physical models, and heat transfer models is​ included in this work. In order to realize the unexpected discoveries and overcome classical models’ limitations, several researchers have suggested new physical concepts and mechanisms, and they have created new models to enhance the transport properties. This review study includes numerous aspects of the nanofluids’ science by investigating applications, thermal properties and giving critical chronological milestones about the nanofluids’ evolution. Also, the present review discusses in detail various modeling and slip mechanisms for the heat transfer of nanofluids. Potential novel 2D materials as nanofluids have also been discussed and reported. A brief overview of the potential applications utilizing nanofluids has been reviewed, and future research gaps have been reported. Furthermore, recommendations were extracted regarding current scientific gaps and future research directions to cover the physical phenomenon, stability, thermophysical properties, overview of some applications, and the limitations hindering these nanofluids’ deployment. The review is presumed to be valuable for scholars and researchers working in the area of numerical simulations of nanofluids and experimental aspects and help them understand the fundamental physical phenomena taking place during these numerical simulations and experiments and explore the potential of nanofluids both in academia and industry. © 2022 Elsevier B.V., All rights reserved.","2d Materials; Heat Transport; Molecular Dynamics; Nanofluids; Physical Phenomenon; Stability; Thermophysical Properties"
"Precision tests of fundamental physics with η and η′ mesons","2022","Physics Reports","10.1016/j.physrep.2021.11.001","https://www.scopus.com/inward/record.uri?eid=2-s2.0-85121608058&doi=10.1016%2Fj.physrep.2021.11.001&partnerID=40&md5=1146b2bc63c2498ca6c6f764eb3f4d4e","Decays of the neutral and long-lived η and η′ mesons provide a unique, flavor-conserving laboratory to test low-energy Quantum Chromodynamics and search for new physics beyond the Standard Model. They have drawn world-wide attention in recent years and have inspired broad experimental programs in different high-intensity-frontier centers. New experimental data will offer critical inputs to precisely determine the light quark mass ratios, η–η′ mixing parameters, and hadronic contributions to the anomalous magnetic moment of the muon. At the same time, it will provide a sensitive probe to test potential new physics. This includes searches for hidden photons, light Higgs scalars, and axion-like particles that are complementary to worldwide efforts to detect new light particles below the GeV mass scale, as well as tests of discrete symmetry violation. In this review, we give an update on theoretical developments, discuss the experimental opportunities, and identify future research needed in this field. © 2021 Elsevier B.V., All rights reserved.","Chiral Symmetries; Dispersion Relations; Eta And Eta-prime Mesons; Fundamental Symmetry Tests; Light Hidden Particles"
"The origin of irreversibility and thermalization in thermodynamic processes","2022","Physics Reports","10.1016/j.physrep.2021.11.002","https://www.scopus.com/inward/record.uri?eid=2-s2.0-85126321707&doi=10.1016%2Fj.physrep.2021.11.002&partnerID=40&md5=86c1c14d71bba2b5d6747670653f499a","Understanding the origin of irreversibility in thermodynamics has been a fundamental scientific challenge and puzzle for nearly a century. Initially, the discussions related to classical thermodynamic systems, but recently quantum systems became the main focus. Explanations have often been sought by reference to classical equations of motion, which are time-reversible. We conjecture that the origin of irreversibility lies in energy dissipation, a term that is at the core of the Second Law of thermodynamics. However, thermodynamic irreversibility is distinct from time-irreversibility. A system in thermodynamic equilibrium may have reached this state via a deterministic, integrable and therefore time-reversible process, or, alternatively, via an irreversible route, both resulting in thermodynamically indistinguishable states. The process with time-reversible history may become irreversible by a process called thermalization, which occurs when the system loses memory of its history without the necessity of energy dissipation. Quantum systems do this by losing phase coherence; for classical systems the decoherence is at zero frequency, due to loss of time correlation. More generally, not only equilibrium systems may have lost memory of their history. A common cause of memory loss is probabilistic/stochastic events, which are not deterministic and take place only with a certain probability at any given time. In contrast to thermalization, equilibration involves energy dissipation within a system or to the surroundings or by decrease of concentration of the system. Time-reversibility is not related to system size, and the fluctuation theorem is a probabilistic and not a deterministic phenomenon and therefore not suited to provide an understanding of the irreversibility of time in thermodynamic systems. There are also processes which are both dissipative and probabilistic, such as the radiative or non-radiative decay of electronically excited states. Dissipation of a given energy into multiple smaller energy quanta (heat) is by itself not fully reversible for kinetic reasons. It is kinetically a first-order probabilistic process, whereas the reverse is a second- or higher-order process. Thermodynamics provides empirical laws, developed for conventional matter as we know it on planet Earth and in our laboratories. Of relevance here is the Second Law, also called the arrow of time, stating that spontaneous processes take place for isolated systems with increasing entropy. It is assumed to hold also for the universe as a whole. However, over the distances of individual galaxies, self-gravitation leads to conditions where the kinetic energy of the system decreases while the total energy increases, pretending negative heat capacity, and it allows the formation of black holes. This requires an extension of the Second Law. This review aims at presenting an overarching tutorial clarification of the subject. © 2022 Elsevier B.V., All rights reserved.","Arrow Of Time; Entropy; Fluctuation Theorem; Negative Heat Capacity; Second Law Of Thermodynamics; Thermodynamic Equilibration; Time-irreversibility"
"Lessons from the information paradox","2022","Physics Reports","10.1016/j.physrep.2021.10.001","https://www.scopus.com/inward/record.uri?eid=2-s2.0-85119903188&doi=10.1016%2Fj.physrep.2021.10.001&partnerID=40&md5=12f47418154444a21943cb71643af342","We review recent progress on the information paradox. We explain why exponentially small correlations in the radiation emitted by a black hole are sufficient to resolve the original paradox put forward by Hawking. We then describe a refinement of the paradox that makes essential reference to the black-hole interior. This analysis leads to a broadly-applicable physical principle: in a theory of quantum gravity, a copy of all the information on a Cauchy slice is also available near the boundary of the slice. This principle can be made precise and established – under weak assumptions, and using only low-energy techniques – in asymptotically global AdS and in four dimensional asymptotically flat spacetime. When applied to black holes, this principle tells us that the exterior of the black hole always retains a complete copy of the information in the interior. We show that accounting for this redundancy provides a resolution of the information paradox for evaporating black holes and, conversely, that ignoring this redundancy leads to paradoxes even in the absence of black holes. We relate this perspective to recent computations of the Page curve for holographic CFTs coupled to nongravitational baths. But we argue that such models may provide an inaccurate picture of the rate at which information can be extracted from evaporating black holes in asymptotically flat space. We discuss large black holes dual to typical states in AdS/CFT and the new paradoxes that arise in this setting. These paradoxes also extend to the eternal black hole. They can be resolved by assuming that the map between the boundary CFT and the black-hole interior is state dependent. We discuss the consistency of state-dependent bulk reconstructions. We conclude by examining the viability of arguments for firewalls, fuzzballs and other kinds of structure at the horizon. © 2021 Elsevier B.V., All rights reserved.","Ads/cft; Black Holes; Holography Of Information; Information Paradox"
"Challenges for developing photo-induced phase transition (PIPT) systems: From classical (incoherent) to quantum (coherent) control of PIPT dynamics","2022","Physics Reports","10.1016/j.physrep.2021.10.003","https://www.scopus.com/inward/record.uri?eid=2-s2.0-85120156126&doi=10.1016%2Fj.physrep.2021.10.003&partnerID=40&md5=b4ad5d56e60adabc41e232ce8f8e08d1","This work reviews the experimental studies on photo-induced cooperative phenomena (photo-induced phase transitions, PIPT), which are related to ultrafast structural and electronic-state dynamics. The review includes a brief history of this research field. The current growth of PIPT research is facilitated by deep collaboration between quantum beam science and materials science. Meanwhile, owing to developments in ultrafast quantum beam technology, the concept of PIPT itself has largely expanded. In the initial stage of PIPT research, the dynamical PIPT process was thought to be governed by energy relaxation from the photoexcited state, which is a classical and incoherent process. Therefore, the main research target was realizing the quasi-stable state on the energy surface of the ground state. Using ultrashort pulsed light and quantum beam technologies (including X-ray and electron technologies), one can now directly probe the ultrafast and coherent electronic dynamics of PIPT materials coupled with changes in their structural properties. This new technology has realized a new ordered phase called the hidden state, which is unique to the photoexcited state. Modern laser technology has also enabled a controlled PIPT process utilizing coherent coupling between the light field and electronic states in materials. Exploiting these leaps in experimental techniques, we have expanded the way of controlling PIPT dynamics from classical (incoherent) to coherent/quantum processes. This review discusses the recent developments in PIPT tuning via quantum (coherent) control methods based on charge–lattice (orbital)–spin coupled materials. © 2021 Elsevier B.V., All rights reserved.","Classical (incoherent) Pipt; Coherent Electronic Dynamics Coupling With Structural Changes; Energy Relaxation From The Photoexcited State; Photoinduced Phase Transition (pipt); Quantum (coherent) Control Of Pipt; Ultrafast Structural And Electronic Dynamics"
"Corrigendum: “The landscape of QCD axion models” (Phys. Rep. 870 (2020) (1–117), (S0370157320302477), (10.1016/j.physrep.2020.06.002))","2022","Physics Reports","10.1016/j.physrep.2022.06.006","https://www.scopus.com/inward/record.uri?eid=2-s2.0-85133748280&doi=10.1016%2Fj.physrep.2022.06.006&partnerID=40&md5=bffd1621fb02c10904ca1df821351aae","• Page 5, Eq. (1): a [Formula presented] should be included in the exponent of the mass term. The equation and the following (added) sentence should read: © 2022 Elsevier B.V., All rights reserved.",""
"Transition in the supercritical state of matter: Review of experimental evidence","2021","Physics Reports","10.1016/j.physrep.2021.10.002","https://www.scopus.com/inward/record.uri?eid=2-s2.0-85118560395&doi=10.1016%2Fj.physrep.2021.10.002&partnerID=40&md5=b73ce85834bc12da35a0e0c5f474cdb9","A large and mostly unexplored part of the phase diagram lies above the critical point. The supercritical matter was traditionally believed to be physically homogeneous with no discernible differences between liquidlike and gaslike states. More recently, several proposals have been put forward challenging this view, and here we review the history of this research. About a decade ago, it was proposed that the Frenkel line (FL), corresponding to the dynamical transition of particle motion and related thermodynamic and structural transitions, gives a unique and path-independent way to separate the supercritical states into two qualitatively different states and extends to arbitrarily high pressure and temperature on the phase diagram. Here, we review several lines of enquiry that followed. We focus on the experimental evidence of transitions in deeply supercritical Ne, N<inf>2</inf>, CH<inf>4</inf>, C<inf>2</inf>H<inf>6</inf>, CO<inf>2</inf> and H<inf>2</inf>O at the FL detected by a number of techniques including X-ray, neutron and Raman scattering experiments. We subsequently summarise other developments in the field: recent extensions of analysis of dynamics at the FL, quantum simulations, topological and geometrical approaches, the universality of properties at the FL including transport properties, their fundamental bounds and the implications of the supercritical crossover for astrophysics and planetary science. Finally, we review current theoretical understanding of the supercritical state including its thermodynamic theory and list open problems in the field. © 2021 Elsevier B.V., All rights reserved.","Astrophysics And Planetary Science; Dynamics And Thermodynamics Of Liquids And Supercritical Matter; Phase Diagram; Phase Transitions And Crossovers; Supercritical State"
"Transition distribution amplitudes and hard exclusive reactions with baryon number transfer","2021","Physics Reports","10.1016/j.physrep.2021.09.002","https://www.scopus.com/inward/record.uri?eid=2-s2.0-85118762120&doi=10.1016%2Fj.physrep.2021.09.002&partnerID=40&md5=d941a87306a0204627cf940c5c89093a","Baryon-to-meson and baryon-to-photon transition distribution amplitudes (TDAs) arise in the collinear factorized description of a class of hard exclusive reactions characterized by the exchange of a non-zero baryon number in the cross channel. These TDAs extend the concepts of generalized parton distributions (GPDs) and baryon distribution amplitudes (DAs). In this review we discuss the general properties and physical interpretation of baryon-to-meson and baryon-to-photon TDAs. We argue that these non-perturbative objects are a convenient complementary tool to explore the structure of baryons at the partonic level. We present an overview of hard exclusive reactions admitting a description in terms of TDAs. We discuss the first signals from hard exclusive backward meson electroproduction at JLab with the 6 GeV electron beam and explore further experimental opportunities to access TDAs at JLab@12 GeV, P̄ANDA, J-PARC and EIC. © 2021 Elsevier B.V., All rights reserved.","Collinear Factorization; Distribution Amplitudes; Generalized Parton Distributions; Hard Exclusive Reactions; Qcd; Structure Of Hadrons; Transition Distribution Amplitudes"
"Reconstruction, optimization, and design of heterogeneous materials and media: Basic principles, computational algorithms, and applications","2021","Physics Reports","10.1016/j.physrep.2021.09.003","https://www.scopus.com/inward/record.uri?eid=2-s2.0-85117605455&doi=10.1016%2Fj.physrep.2021.09.003&partnerID=40&md5=a43aeeea6163db67f595cf3e5b60b657","Modeling of heterogeneous materials and media is a problem of fundamental importance to a wide variety of phenomena with applications to many disciplines, ranging from condensed and soft materials, fuel cells, alloys, and composite media, to biological materials such as proteins, and even such large-scale structure as field-scale porous media and clusters of galaxies. While several approaches have been developed over the past several decades to address this class of problems, it has become increasingly clear that a most fruitful approach to the problem is by reconstruction: given a certain amount of data for a given medium, how should one develop a model for the medium that not only honors (reproduces) the data, but also provides accurate predictions for those properties of the medium for which no data are available, or are hard to measure. Although deterministic approaches were developed to address the problem, given that the amount of available data is typically limited, the uncertainty in the models is large and, at the same time the deterministic approaches cannot provide any quantitative measure of the uncertainty in the models. Thus, it became clear that the best that one can hope for is developing stochastic methods of reconstruction that not only can generate plausible realizations of the media of interest, but also provide quantitative measures of the uncertainty in the realizations. The literature on the subject is rich. Some have formulated the problem as one of optimization: one begins with a “guess” for the structure of a medium, and defines an “energy” or “cost” function that represents a quantitative measure of the difference between the data and the corresponding “predictions” of the model. There are many optimization techniques, ranging from simulated annealing and its variants, to Nature-inspired methods, such as the genetic algorithm. Through optimization one varies systematically the initial guess for the morphology of the medium in order to finally identify a structure for the medium that minimizes the energy in a global sense. the cost or energy function may be based on direct measurements of some properties, or based on various two- or three-point statistical correlation functions. A second approach attempts to mimic the physical process that gave rise to the medium. The third approach uses a global cross-correlation function, together with some concepts from graph theory in order to achieve the goal of reconstruction. This Review describes and discusses the current important methods of reconstruction. After describing the relevant theoretical and computational aspects of reconstruction and the various approaches to the problem, a wide variety of applications are described, and comparison is made between the reconstructed systems and their properties and the existing data. Finally, the problem of developing new classes of materials with specific properties, based on reconstruction techniques is discussed. © 2021 Elsevier B.V., All rights reserved.","Porous Materials; Reconstruction; Statistical Techniques; Stochastic Modeling"
"Sub-10 nm two-dimensional transistors: Theory and experiment","2021","Physics Reports","10.1016/j.physrep.2021.07.006","https://www.scopus.com/inward/record.uri?eid=2-s2.0-85115833055&doi=10.1016%2Fj.physrep.2021.07.006&partnerID=40&md5=dcc7b946a651c5ec31ba2256fe5abf66","Presently Si-based field-effect transistors (FETs) are approaching their physical limit, and further scaling their gate length down to the sub-10 nm region is becoming extremely difficult. Benefitting from the atomic-scale thickness and dangling-bond-free flat surface, two-dimensional semiconductors (2DSCs) have good electrostatics and carrier transportability. The FETs based on the 2DSC channel have the potential to scale the FETs’ gate length down to the sub-10 nm region while avoiding apparent degradation of the device performance. In this review, we introduce the recent experimental and ab initio quantum transport simulation progress in the 2D FETs with a gate length less than 10 nm. Remarkably, in the extremely optimistic condition, many 2D FETs (i.e phosphorene, silicane, arsenene, tellurene, WSe<inf>2</inf>, InSe, Bi<inf>2</inf>O<inf>2</inf>Se, GeSe, etc.) show excellent device performance for the high performance and/or low power applications and indeed can extend Moore's law down to 1∼2-nm gate length in terms of the ab initio quantum transport simulation. The sub-10 nm 2D tunneling FETs are predicted to generally have smaller energy-delay products compared with the 2D metal–oxide–semiconductor FETs and appear more competitive for the low power application. The carrier effective mass plays a key role in determining the device performance. Via negative capacitance techniques, the device performance can be further improved. Finally, we outline the challenges and outlook on the future development directions in the sub-10 nm 2D FETs. © 2025 Elsevier B.V., All rights reserved.","2d Materials; Density Functional Theory; Negative Capacitance Transistor; Quantum Transport Simulations; Sub-10 Nm Transistors; Tunnel Transistor"
"Undulator design for a laser-plasma-based free-electron-laser","2021","Physics Reports","10.1016/j.physrep.2021.09.001","https://www.scopus.com/inward/record.uri?eid=2-s2.0-85116673142&doi=10.1016%2Fj.physrep.2021.09.001&partnerID=40&md5=7478fa5f377020924585fd4883416bac","The fourth generation of synchrotron radiation sources, commonly referred to as the Free Electron Laser (FEL), provides an intense source of brilliant X-ray beams enabling the investigation of matter at the atomic scale with unprecedented time resolution. These sources require the use of conventional linear accelerators providing high electron beam performance. The achievement of chirped pulse amplification allowing lasers to be operated at the Terawatt range, opened the way for the Laser Plasma Acceleration (LPA) technique where high energy electron bunches with high current can be produced within a very short centimeter-scale distance. Such an advanced acceleration concept is of great interest to be qualified by an FEL application for compact X-ray light sources. We explore in this paper what the LPA specificities imply on the design of the undulator, part of the gain medium. First, the LPA concept and state-of-art are presented showing the different operation regimes and what electron beam parameters are likely to be achieved. The LPA scaling laws are discussed afterwards to better understand what laser or plasma parameters have to be adjusted in order to improve electron beam quality. The FEL is secondly discussed starting with the spontaneous emission, followed by the different FEL configurations, the electron beam transport to the undulator and finally the scaling laws and correction terms in the high gain case. Then, the different types of compact undulators that can be implemented for an LPA based FEL application are analyzed. Finally, examples of relevant experiments are reported by describing the transport beamline, presenting the spontaneous emission characteristics achieved so far and the future prospects. © 2021 Elsevier B.V., All rights reserved.","Cryogenic Permanent Magnet Undulators; Free Electron Laser; Laser Plasma Acceleration; Superconducting Undulators; Transverse Gradient Undulators; Undulator Radiation"
"Coherent and dissipative dynamics at quantum phase transitions","2021","Physics Reports","10.1016/j.physrep.2021.08.003","https://www.scopus.com/inward/record.uri?eid=2-s2.0-85115416670&doi=10.1016%2Fj.physrep.2021.08.003&partnerID=40&md5=48b2346fafff100ed8629260f52466a1","The many-body physics at quantum phase transitions shows a subtle interplay between quantum and thermal fluctuations, emerging in the low-temperature limit. In this review, we first give a pedagogical introduction to the equilibrium behavior of systems in that context, whose scaling framework is essentially developed by exploiting the quantum-to-classical mapping and the renormalization-group theory of critical phenomena at continuous phase transitions. Then we specialize to protocols entailing the out-of-equilibrium quantum dynamics, such as instantaneous quenches and slow passages across quantum transitions. These are mostly discussed within dynamic scaling frameworks, obtained by appropriately extending the equilibrium scaling laws. We review phenomena at first-order quantum transitions as well, whose peculiar scaling behaviors are characterized by an extreme sensitivity to the boundary conditions, giving rise to exponentials or power laws for the same bulk system. In the last part, we cover aspects related to the effects of dissipative interactions with an environment, through suitable generalizations of the dynamic scaling at quantum transitions. The presentation is limited to issues related to, and controlled by, the quantum transition developed by closed many-body systems, treating the dissipation as a perturbation of the critical regimes, as for the temperature at the zero-temperature quantum transition. We focus on the physical conditions giving rise to a nontrivial interplay between critical modes and various dissipative mechanisms, generally realized when the involved mechanism excites only the low-energy modes of the quantum transitions. © 2025 Elsevier B.V., All rights reserved.","Dissipative Mechanisms; Dynamic Scaling At Quantum Transitions; Out-of-equilibrium Quantum Dynamics; Quantum Phase Transitions"
"Turbulence theories and statistical closure approaches","2021","Physics Reports","10.1016/j.physrep.2021.07.001","https://www.scopus.com/inward/record.uri?eid=2-s2.0-85115028287&doi=10.1016%2Fj.physrep.2021.07.001&partnerID=40&md5=f18fee00e5407260f5e2ebbc5ddab351","When discussing research in physics and in science more generally, it is common to ascribe equal importance to the three components of the scientific trinity: theoretical, experimental, and computational studies. This review will explore the future of modern turbulence theory by tracing its history, which began in earnest with Kolmogorov's 1941 analysis of turbulence cascade and inertial range [A.N. Kolmogorov, Dokl. Akad. Nauk SSSR, 30, 299, (1941); 32, 19, (1941)]. The 80th Anniversary of Kolmogorov's landmark study is a welcome opportunity to survey the achievements and evaluate the future of the theoretical approach of turbulence research. Over the years, turbulence theories have been critically important in laying the foundation of our understanding of the nature of turbulent flows. In particular, the Direct Interaction Approximation (DIA) [R.H. Kraichnan, J. Fluid Mech., 5, 497 (1959)] and its subsequent development, known as the statistical closure approach, can be identified as perhaps the most profound single advancement. The remarkable success of the statistical closure has furnished a platform to study such essential concepts as the energy transfer process and interacting scales, and the roles of the straining and sweeping motions. More recently, the quasi-Lagrangian formulation of V. L'vov & I. Procaccia and Kraichnan's solvable passive scalar model provided powerful ways to explore another fundamental aspect of turbulent flows, the phenomena of intermittency, and the associated anomalous scaling exponents. In the meantime, the theory of fluid equilibria has been developed to describe the large-scale structures that can emerge from turbulent cascades of two-dimensional and geophysical flows at a later time. And yet, despite all these successes, analytical treatments suffer from mathematical complexities. As a result, the utility of theoretical approaches has been limited to relatively idealized flows. On the other hand, in recent decades, computational abilities and experimental facilities have reached an unprecedented scale. Looking beyond the horizon, the imminent deployment of exascale supercomputers will generate complete datasets of the entire flow field of key benchmark flows, allowing researchers to extract additional measurements concerning fully developed, complex turbulent flow fields far beyond those available from the statistical closure theories. Some other developments that could potentially influence the future course of turbulence theories include the advancement of machine learning, artificial intelligence, and data science; likely disruptions arising from the advent of quantum computation; and the increasingly prominent role of turbulence research in providing more accurate climate scientific data. Turbulence theorists can leverage these developments by asking the right questions and developing advanced, sophisticated frameworks that will be able to predict and correlate vast amounts of data from the other two components of the trinity. © 2021 Elsevier B.V., All rights reserved.","Anisotropy; Anomalous Scaling Laws; Artificial Intelligence; Climate Prediction; Data Science; Direct Numerical Simulation; Energy Transfer; Exascale Computer; Geophysical Turbulence; Interacting Scales; Intermittency; Large Eddy Simulation; Machine Learning; Plasma And Magnetohydrodynamics (mhd) Turbulence; Quantum Computing; Rayleigh–taylor And Richtmyer–meshkov Instabilities; Rotating And Unstable Stratified Flows; Statistical Closure Approaches; Straining And Sweeping Motions; Theory Of Fluid Equilibria; Turbulence Experiments; Turbulence Modeling; Turbulence Theories"
"Machine learning accelerates quantum mechanics predictions of molecular crystals","2021","Physics Reports","10.1016/j.physrep.2021.08.002","https://www.scopus.com/inward/record.uri?eid=2-s2.0-85116222713&doi=10.1016%2Fj.physrep.2021.08.002&partnerID=40&md5=f0121e8e616bb12813689c27127589ca","Quantum mechanics (QM) approaches (DFT, MP2, CCSD(T), etc.) play an important role in calculating molecules and crystals with a high accuracy and acceptable efficiency. In recent years, with the development of artificial intelligence technology, machine learning (ML) has played an increasingly essential role in accelerating the QM calculations and predictions of molecular crystals, as well as the discovery of novel materials. This review provides state-of-the-art information and prospects for QM theories, fragment-based methods and ML methods, as well as their up-to-date applications in predicting small inorganic molecules, large drug molecules and relevant molecular crystals. The discussed applications include ML potential energy surface (PES) construction, crystal structure prediction (CSP), chemical reaction prediction and predictions of a series of properties, such as structure, energy, atomic force, bond length, chemical shift, superconductivity, super-hardness, vibrational spectra, phase transition and diagram. This work also reviews software and packages built recently based on ML methods for property predictions and PES constructions in the field of physics and chemistry. For the three discussed methods, the most time-consuming one is the high-level all-atom QM method, which is capable of describing electronic structures with high accuracy and thus predicts properties that are consistent with the experimental results. The second one, fragment-based QM method, requires less computational time than all-atom QM, which can accelerate all-atom QM calculations for large systems by dividing the entire system into subsystems, presenting a considerable efficiency increase. The computational complexities for fragment-based QM and all-atom QM are N - N2 and N5-N7 (N is the size of the system), respectively. A well-trained ML model can make the above predictions within seconds while ensuring a high prediction accuracy, where its prediction cost and accuracy are determined by the training data and the training process. Therefore, it is challenging for ML applications in physics and chemistry to generate highly accurate and powerful ML models while ensuring sufficient datasets. This work not only provides an overview of the recent progress in QM theories, fragment-based methods, ML methods and several ML-based software programs and applications on small inorganic molecules, large drug molecules and relevant crystals, but also shed light on ML methods in accelerating QM prediction, optimization and novel crystal material design. © 2021 Elsevier B.V., All rights reserved.","Machine Learning; Molecular Crystal; Quantum Mechanics Prediction"
"Selected topics in the large quantum number expansion","2021","Physics Reports","10.1016/j.physrep.2021.08.001","https://www.scopus.com/inward/record.uri?eid=2-s2.0-85115941702&doi=10.1016%2Fj.physrep.2021.08.001&partnerID=40&md5=6e9c8bbb6baa1250def00c6ce2454b7d","In this review we study quantum field theories and conformal field theories with global symmetries in the limit of large charge for some of the generators of the symmetry group. At low energy the sectors of the theory with large charge are described by a hybrid form of Goldstone's theorem, involving its relativistic and non-relativistic forms. The associated effective field theory in the infrared allows the computation of anomalous dimensions, and operator product expansion coefficients in a well defined expansion in inverse powers of the global charge. This applies even when the initial theory does not have a reliable semiclassical approximation. The large quantum number expansion complements, and may provide an alternative approach to the bootstrap and numerical treatments. We will present some general features of the symmetry breaking patterns and the low-energy effective actions, and a fairly large number of examples exhibiting the salient features of this method. © 2021 Elsevier B.V., All rights reserved.","Conformal Field Theory; Effective Field Theory; Spontaneous Symmetry Breaking; Strongly Coupled Physics"
"Block copolymer thin films","2021","Physics Reports","10.1016/j.physrep.2021.07.005","https://www.scopus.com/inward/record.uri?eid=2-s2.0-85112849795&doi=10.1016%2Fj.physrep.2021.07.005&partnerID=40&md5=ce29c73fe10592380a2fcfb969c9c01f","Block copolymer (BCP) represents a special type of polymeric system where each of the polymer chains is composed of two or more chemically distinct homopolymer blocks that are covalently tethered together. Materials made of BCPs are used predominantly in their bulk form, and more recently are finding increasing applications as thin films. The nanoscale feature of patterned BCP thin films makes them ideal for emerging nanotechnologies, including microelectronics, magnetic storage, solar cells, optics and acoustics. Technologies relevant to transfer structure formed by the self-assembly of BCP thin films into patterning applications crucially rely on the precise control of structural orientation, local alignment and long-range ordering. In this article, we review experimental and theoretical progress in tailoring mesoscopic and nanoscopic structures of BCP thin film by using external fields, focusing in particular on the underlying physics of directed self-assembly mechanism. We also review the basic framework of the conventional polymer field-theory and the corresponding numerical solution schemes for the study of BCP thin films, including self-consistent field theory, complex Langevin simulation, dynamical self-consistent field theory, and string methods. Related particle-based simulations are also briefly reviewed. Finally, we provide some experimental and theoretical insights into the next generation of strategies for obtaining desired BCP thin film patterns and their applications in industry. © 2021 Elsevier B.V., All rights reserved.","Block Copolymer; Chemical Pattern; Complex Langevin Simulation; Dynamic Self-consistent Field Theory; Graphoepitaxy; Nanolithography; Polymer Field Theory; Self-assembly; Self-consistent Field Theory; Solvent Evaporation; Solvent Vapor Annealing; String Method; Thin Film; Zone Annealing"
"Quenching, aging, and reviving in coupled dynamical networks","2021","Physics Reports","10.1016/j.physrep.2021.07.004","https://www.scopus.com/inward/record.uri?eid=2-s2.0-85112145204&doi=10.1016%2Fj.physrep.2021.07.004&partnerID=40&md5=b2f9bdb1c2d125a2f1073f3e32183023","Rhythmic behavior represents one of the most striking and ubiquitous manifestations of functional evolution for a wide class of natural and man-made systems. The emergence of diverse (ar)rhythmic dynamics can be well understood by models of coupled dynamical networks, where the interplay between the intrinsic dynamics of a single unit and the coupling functions plays a critical role in shaping a vast repertoire of collective behaviors. Under certain circumstances, all the individual dynamical systems may cease their oscillations totally when coupled, which results in the emergence of oscillation quenching in coupled oscillatory systems. Macroscopic oscillations of coupled dynamical networks can also be gradually weakened and even completely quenched via aging transition. Oscillation reviving, an inverse process of quenching and aging, refers to the restoration of rhythmic activity of coupled dynamical networks from the phenomena of quenching and aging. The study on quenching, aging, and reviving of rhythmic behaviors in coupled dynamical networks has developed into an active and rapidly evolving area of research with a wide variety of applications, where tremendous progresses with vital insights have been witnessed in the last decade. In this review, we endeavour to provide an exhaustive overview on the most important aspects of quenching, aging, and reviving in coupled dynamical networks ranging from theories to experiments and applications. The prevailing knowledge is integrated and pulled together to make the relevant results and methods more generally accessible for researchers in distinct communities of science and technology. Relevant open issues and challenges that deserve of special attentions are highlighted for future study. The present review should stimulate deeper investigations on the collapse and revival of macroscopic rhythmic behaviors, which will enlighten our understanding on evading irreversible failures of coupled dynamical networks and even guide us to identify the precursors of critical transitions. Our work will foster further studies on the physical principles of collective rhythms that robustly emerge in nature and real life. © 2021 Elsevier B.V., All rights reserved.","Aging Transition; Complex Networks; Coupled Dynamical Networks; Nonlinear Dynamics; Oscillation Quenching; Oscillation Reviving"
"Unifying theory of quantum state estimation using past and future information","2021","Physics Reports","10.1016/j.physrep.2021.07.003","https://www.scopus.com/inward/record.uri?eid=2-s2.0-85111557910&doi=10.1016%2Fj.physrep.2021.07.003&partnerID=40&md5=48b3069b6da9a74f4f445076a20bf770","Quantum state estimation for continuously monitored dynamical systems involves assigning a quantum state to an individual system at some time, conditioned on the results of continuous observations. The quality of the estimation depends on how much observed information is used and on how optimality is defined for the estimate. In this work, we consider problems of quantum state estimation where some of the measurement records are not available, but where the available records come from both before (past) and after (future) the estimation time, enabling better estimates than is possible using the past information alone. Past–future information for quantum systems has been used in various ways in the literature, in particular, the quantum state smoothing, the most-likely path, and the two-state vector and related formalisms. To unify these seemingly unrelated approaches, we propose a framework for partially observed quantum systems with continuous monitoring, wherein the first two existing formalisms can be accommodated, with some generalization. The unifying framework is based on state estimation with expected cost minimization, where the cost can be defined either in the space of the unknown record or in the space of the unknown true state. Moreover, we connect all three existing approaches conceptually by defining five new cost functions, and thus new types of estimators, which bridge the gaps between them. We illustrate the applicability of our method by calculating all seven estimators we consider for the example of a driven two-level system dissipatively coupled to bosonic baths. Our theory also allows connections to classical state estimation, which create further conceptual links between our quantum state estimators. © 2021 Elsevier B.V., All rights reserved.","Continuous Quantum Measurement; Cost Functions; Filtering; Quantum State Estimation; Quantum Trajectory; Smoothing; Stochastic Processes"
"Equation of Motion Method for strongly correlated Fermi systems and Extended RPA approaches","2021","Physics Reports","10.1016/j.physrep.2021.06.001","https://www.scopus.com/inward/record.uri?eid=2-s2.0-85110416487&doi=10.1016%2Fj.physrep.2021.06.001&partnerID=40&md5=6c45c8cf884c0751fdb3833a0302c914","In this review are summarized about 20 years of theoretical research with applications in the field of many-body physics for strongly correlated fermions with Rowe's equation of motion (R-EOM) method and extended RPA equations. One major goal is to set up, via EOM, RPA equations with a correlated ground state. Since the correlations depend on the RPA amplitudes, it follows that RPA becomes a selfconsistency problem which is called Self-Consistent RPA (SCRPA). This then also improves very much the Pauli principle violated with standard RPA. The method was successfully applied to several non trivial problems, like the nuclear pairing Hamiltonian in the particle–particle channel (pp-RPA) and the Hubbard model of condensed matter. The SCRPA has several nice properties, as for instance, it can be formulated in such a way that all very appreciated qualities of standard RPA as, e.g., appearance of zero (Goldstone) modes in the case of broken symmetries, conservation laws, Ward identities, etc. are maintained. For the Goldstone mode an explicit example of a model case is presented. The formalism has its sound theoretical basis in the fact that an extension of the usual RPA operator has been found which exactly annihilates the Coupled Cluster Doubles (CCD) ground state wave function. This has been a longstanding problem for all RPA practitioners from the beginning. There exists a rather simplified version of SCRPA which is the so-called renormalized RPA (r-RPA) where only the correlated occupation numbers are involved in the selfconsistent cycle. Because its numerical solution is rather similar to standard RPA, it has known quite a number of applications, like beta and double beta decays, which are reviewed in this article. In this review also an extended version of second RPA (ERPA)is described. This ERPA maintains all appreciable properties of standard RPA. Several realistic applications for, e.g., the damping of giant resonances are presented. Another important aspect of the extended RPA-theories is that it can be formulated symmetry conserving replacing and eventually improving symmetry (e.g., number) projected mean field approaches. A practical application is given in the review. The EOM formalism allows to treat alpha clustering and alpha particle (quartet) condensation in nuclear matter. This EOM approach succeeded where earlier attempts have failed. It is, for instance, shown how the critical temperature for alpha particle condensation in symmetric and asymmetric nuclear matter can efficiently be calculated. © 2025 Elsevier B.V., All rights reserved.","Equation Of Motion Method; Extended Rpa; Green's Functions; Hubbard Model; Lipkin Model; Picket Fence Model; Self-consistent Random Phase Approximation; Time Dependent Density Matrix; Α-condensate"
"Sterile neutrinos","2021","Physics Reports","10.1016/j.physrep.2021.06.002","https://www.scopus.com/inward/record.uri?eid=2-s2.0-85110163353&doi=10.1016%2Fj.physrep.2021.06.002&partnerID=40&md5=b99afcb9f397a1f8dadfeb26c6a2b639","Neutrinos, being the only fermions in the Standard Model of Particle Physics that do not possess electromagnetic or color charges, have the unique opportunity to communicate with fermions outside the Standard Model through mass mixing. Such Standard Model-singlet fermions are generally referred to as “sterile neutrinos”. In this review article, we discuss the theoretical and experimental motivation for sterile neutrinos, as well as their phenomenological consequences. With the benefit of hindsight in 2020, we point out potentially viable and interesting ideas. We focus in particular on sterile neutrinos that are light enough to participate in neutrino oscillations, but we also comment on the benefits of introducing heavier sterile states. We discuss the phenomenology of eV-scale sterile neutrinos in terrestrial experiments and in cosmology, we survey the global data, and we highlight various intriguing anomalies. We also expose the severe tension that exists between different data sets and prevents a consistent interpretation of the global data in at least the simplest sterile neutrino models. We discuss non-minimal scenarios that may alleviate some of this tension. We briefly review the status of keV-scale sterile neutrinos as dark matter and the possibility of explaining the matter–antimatter asymmetry of the Universe through leptogenesis driven by yet heavier sterile neutrinos. © 2021 Elsevier B.V., All rights reserved.","Neutrino Cosmology; Neutrino Masses; Neutrino Oscillations; Physics Beyond The Standard Model; Sterile Neutrinos"
"Multi-cellular aggregates, a model for living matter","2021","Physics Reports","10.1016/j.physrep.2021.05.001","https://www.scopus.com/inward/record.uri?eid=2-s2.0-85107656712&doi=10.1016%2Fj.physrep.2021.05.001&partnerID=40&md5=364e9214183143f6db4da973032ab842","This review presents the different physical descriptions of cell assemblies. After a short presentation of discrete models, very popular in studies of epithelial tissues, we focus more on multi-cellular spheroids containing a variety of components. In particular, we highlight both an approach based on the Smoluchowski theory of aggregation that does not consider the spatial structure of the aggregates and a continuous model for cell mixtures based on the Onsager formalism combined with the Rayleigh principle for the dynamics of dissipative systems. We show how the first approach allows to obtain the physical constants of the cells by comparison with experimental aggregates comprising a single cancerous cell line, while the second one determines the fate of interacting and proliferating cell mixing as a function of the access to nutrients. For both models, the formalism is deeply revisited to be adapted to the specificity and diversity of biological multi-component tissues. Finite element numerical simulations are shown to illustrate the potential of these physical studies. © 2021 Elsevier B.V., All rights reserved.","Multi-cellular Spheroids; Physics Of Cancer; Self Assembly; Tissue Mechanics And Growth"
"On the complexity of spinels: Magnetic, electronic, and polar ground states","2021","Physics Reports","10.1016/j.physrep.2021.04.002","https://www.scopus.com/inward/record.uri?eid=2-s2.0-85107410074&doi=10.1016%2Fj.physrep.2021.04.002&partnerID=40&md5=f7155a3a213c1e3c2b3001ed4b31320a","This review aims to summarize more than 100 years of research on spinel compounds, mainly focusing on the progress in understanding their magnetic, electronic, and polar properties during the last two decades. Over the years, more than 200 different spinels, with the general formula AB<inf>2</inf>X<inf>4</inf>, were identified or synthesized in polycrystalline or single-crystalline form. Many spinel compounds are magnetic insulators or semiconductors; however, a number of spinel-type metals exists including superconductors and some rare examples of d-derived heavy-fermion compounds. In the early days, they gained importance as ferrimagnetic or even ferromagnetic insulators with relatively high saturation magnetization and high ordering temperatures, with magnetite being the first magnetic mineral known to mankind. From a technological point of view, spinel-type ferrites with the combination of high electrical resistance, large magnetization, and high magnetic ordering temperature made them promising candidates for many applications. However, spinels are also known as beautiful gemstones, with the famous “Black Prince's Ruby” in the front centre of the Imperial State Crown. In addition, spinels are important for the earth tectonics, and the detection of magnetite in a Martian meteorite even led to the speculation of life on Mars. However, most importantly in the perspective of this review, spinels played an outstanding role in the development of concepts of magnetism, in testing and verifying the fundamentals of magnetic exchange, in understanding orbital-ordering and charge-ordering phenomena including metal-to-insulator transitions, in developing the concepts of magnetic frustration, in establishing the importance of spin–lattice coupling, and in many other aspects. The still mysterious Verwey transition in magnetite was one of the very first illuminating examples of this complexity, which results from the fact that some ions can exist in different valence states in spinels, even at a given sublattice. In addition, the A-site as well as the B-site cations in the spinel structure form lattices prone to strong frustration effects resulting in exotic ground-state properties. The A-site ions are arranged in a diamond lattice. This bipartite lattice shows highly unusual ground states due to bond-order frustration, with a strength depending on the ratio of inter- to intra-sublattice exchange interactions of the two interpenetrating face-centred cubic lattices. The occurrence of a spiral spin-liquid state in some spinels is an enlightening example. Very recently, even a meron (half-skyrmion) spin structure was identified in MnSc <inf>2</inf>S<inf>4</inf> at moderate external magnetic fields. In case the A-site cation is Jahn–Teller active, additional entanglements of spin and orbital degrees of freedom appear, which can give rise to a spin–orbital liquid or an orbital glass state. In systems with such a strong entanglement, the occurrence of a new class of excitations – spin–orbitons – has been reported. The B-site cations form a pyrochlore lattice, one of the strongest contenders of frustration in three dimensions. A highly degenerate ground state with residual zero-point entropy and short-range spin ordering according to the ice rules is one of the fascinating consequences, which is known already for more than 50 years. At low temperatures, in B-site spinels the occurrence of spin molecules has been reported, strongly coupled spin entities, e.g., hexamers, with accompanying exotic excitations. A spin-driven Jahn–Teller effect is a further possibility to release magnetic frustration. This phenomenon has been tested in detail in a variety of spinel compounds. In addition, in spinels with both cation lattices carrying magnetic moments, competing magnetic exchange interactions become important, yielding ground states like the time-honoured triangular Yafet–Kittel structure. Very recently, it was found that under external magnetic fields this triangular structure evolves into very complex spin orders, which can be mapped on spin super-liquid and spin super-solid phases. In addition, due to magnetic frustration, competing interactions, and coupling to the lattice, very robust magnetization plateaus appear in a variety of spinel compounds as function of an external magnetic field. Furthermore, spinels gained considerable importance in elucidating the complex physics driven by the interplay of spin, charge, orbital, and lattice degrees of freedom in materials with partly filled d shells. This entanglement of the internal degrees of freedom supports an exceptionally rich variety of phase transitions and complex ground states, in many cases with emerging functionalities. It also makes these materials extremely susceptible to temperature, pressure, or external magnetic and electric fields, an important prerequisite to realize technological applications. Finally, yet importantly, there exists a long-standing dispute about the possibility of a polar ground state in spinels, despite their reported overall cubic symmetry. Indeed, recently a number of multiferroic spinels were identified, including multiferroic spin super-liquid and spin super-solid phases. The spinels also belong to the rare examples of multiferroics, where vector chirality alone drives long-range ferroelectric order. In addition, a variety of spinel compounds were investigated up to very high pressures up to 40 GPa and in high magnetic fields up to 100 T, revealing complex (p,T) and (H,T)-phase diagrams. © 2021 Elsevier B.V., All rights reserved.","Colossal Magneto Resistance; Ferroelectricity; Heavy-fermions; Jahn–teller​ Effect; Magnetic Frustration; Magnetism; Metal-to-insulator Transition; Multiferroicity; Spinel Compounds; Spinel Thin Films; Spinels"
"Spherical inhomogeneous solutions of Einstein and scalar–tensor gravity: A map of the land","2021","Physics Reports","10.1016/j.physrep.2021.04.003","https://www.scopus.com/inward/record.uri?eid=2-s2.0-85105782729&doi=10.1016%2Fj.physrep.2021.04.003&partnerID=40&md5=122942f1c430b042ae261726c1310465","We review spherical and inhomogeneous analytic solutions of the field equations of Einstein and of scalar–tensor gravity, including Brans–Dicke theory, non-minimally (possibly conformally) coupled scalar fields, Horndeski, and beyond Horndeski/DHOST gravity. The zoo includes both static and dynamic solutions, asymptotically flat, and asymptotically Friedmann–Lemaître–Robertson–Walker ones. We minimize overlap with existing books and reviews and we place emphasis on scalar field spacetimes and on geometries that are “general” within certain classes. Relations between various solutions, which have largely emerged during the last decade, are pointed out. © 2021 Elsevier B.V., All rights reserved.","Exact Solution; General Relativity; Scalar–tensor​ Gravity; Spherical Symmetry; Variable Order"
"Landscape and training regimes in deep learning","2021","Physics Reports","10.1016/j.physrep.2021.04.001","https://www.scopus.com/inward/record.uri?eid=2-s2.0-85105501517&doi=10.1016%2Fj.physrep.2021.04.001&partnerID=40&md5=9b7e44920982a90710c422a8259675b2","Deep learning algorithms are responsible for a technological revolution in a variety of tasks including image recognition or Go playing. Yet, why they work is not understood. Ultimately, they manage to classify data lying in high dimension – a feat generically impossible due to the geometry of high dimensional space and the associated curse of dimensionality. Understanding what kind of structure, symmetry or invariance makes data such as images learnable is a fundamental challenge. Other puzzles include that (i) learning corresponds to minimizing a loss in high dimension, which is in general not convex and could well get stuck bad minima. (ii) Deep learning predicting power increases with the number of fitting parameters, even in a regime where data are perfectly fitted. In this manuscript, we review recent results elucidating (i, ii) and the perspective they offer on the (still unexplained) curse of dimensionality paradox. We base our theoretical discussion on the (h,α) plane where h controls the number of parameters and α the scale of the output of the network at initialization, and provide new systematic measures of performance in that plane for two common image classification datasets. We argue that different learning regimes can be organized into a phase diagram. A line of critical points sharply delimits an under-parametrized phase from an over-parametrized one. In over-parametrized nets, learning can operate in two regimes separated by a smooth cross-over. At large initialization, it corresponds to a kernel method, whereas for small initializations features can be learnt, together with invariants in the data. We review the properties of these different phases, of the transition separating them and some open questions. Our treatment emphasizes analogies with physical systems, scaling arguments and the development of numerical observables to quantitatively test these results empirically. Practical implications are also discussed, including the benefit of averaging nets with distinct initial weights, or the choice of parameters (h,α) optimizing performance. © 2021 Elsevier B.V., All rights reserved.","Curse Of Dimensionality; Deep Learning; Feature Learning; Jamming; Lazy Training; Loss Landscape; Neural Networks; Neural Tangent Kernel"
"Statistical mechanics of systems with negative temperature","2021","Physics Reports","10.1016/j.physrep.2021.03.007","https://www.scopus.com/inward/record.uri?eid=2-s2.0-85104605546&doi=10.1016%2Fj.physrep.2021.03.007&partnerID=40&md5=f529911bb26b2973d2175bcb4ec33102","Do negative absolute temperatures matter physics and specifically Statistical Physics? We provide evidence that we can certainly answer positively to this vexata quaestio. The great majority of models investigated by statistical mechanics over almost one century and a half exhibit positive absolute temperature, because their entropy is a nondecreasing function of energy. Since more than half a century ago it has been realized that this may not be the case for some physical systems as incompressible fluids, nuclear magnetic chains, lasers, cold atoms and optical waveguides. We review these examples and discuss their peculiar thermodynamic properties, which have been associated to the presence of thermodynamic regimes, characterized by negative absolute temperatures. As reported in this review, the ambiguity regarding the definition of entropy has recurrently raised a harsh debate about the possibility of considering negative temperature states as genuine thermodynamic equilibrium ones. Here we show that negative absolute temperatures are consistent with equilibrium as well as with non-equilibrium thermodynamics. In particular, thermometry, thermodynamics of cyclic transformations, ensemble equivalence, fluctuation–dissipation relations, response theory and even transport processes can be reformulated to include them, thus dissipating any prejudice about their exceptionality, typically presumed as a manifestation of transient metastable effects. © 2021 Elsevier B.V., All rights reserved.","Entropy; Fluctuation–dissipation; Localization; Non-equilibrium; Temperature"
"Collider physics at the precision frontier","2021","Physics Reports","10.1016/j.physrep.2021.03.006","https://www.scopus.com/inward/record.uri?eid=2-s2.0-85104772844&doi=10.1016%2Fj.physrep.2021.03.006&partnerID=40&md5=6a751c68d059d0d40406e70eb1073968","The precision frontier in collider physics is being pushed at impressive speed, from both the experimental and the theoretical side. The aim of this review is to give an overview of recent developments in precision calculations within the Standard Model of particle physics, in particular in the Higgs sector. While the first part focuses on phenomenological results, the second part reviews some of the techniques which allowed the rapid progress in the field of precision calculations. The focus is on analytic and semi-numerical techniques for multi-loop amplitudes, however fully numerical methods as well as subtraction schemes for infrared divergent real radiation beyond NLO are also briefly described. © 2021 Elsevier B.V., All rights reserved.","Amplitudes; Higgs Physics; High Energy Colliders; Multi-loop Integrals; Precision Calculations"
"Physics of the nuclear pore complex: Theory, modeling and experiment","2021","Physics Reports","10.1016/j.physrep.2021.03.003","https://www.scopus.com/inward/record.uri?eid=2-s2.0-85107866836&doi=10.1016%2Fj.physrep.2021.03.003&partnerID=40&md5=55f2254a6f48daa684cd74ff80a1de9d","The hallmark of eukaryotic cells is the nucleus that contains the genome, enclosed by a physical barrier known as the nuclear envelope (NE). On the one hand, this compartmentalization endows the eukaryotic cells with high regulatory complexity and flexibility. On the other hand, it poses a tremendous logistic and energetic problem of transporting millions of molecules per second across the nuclear envelope, to facilitate their biological function in all compartments of the cell. Therefore, eukaryotes have evolved a molecular “nanomachine” known as the Nuclear Pore Complex (NPC). Embedded in the nuclear envelope, NPCs control and regulate all the bi-directional transport between the cell nucleus and the cytoplasm. NPCs combine high molecular specificity of transport with high throughput and speed, and are highly robust with respect to molecular noise and structural perturbations. Remarkably, the functional mechanisms of NPC transport are highly conserved among eukaryotes, from yeast to humans, despite significant differences in the molecular components among various species. The NPC is the largest macromolecular complex in the cell. Yet, despite its significant complexity, it has become clear that its principles of operation can be largely understood based on fundamental physical concepts, as have emerged from a combination of experimental methods of molecular cell biology, biophysics, nanoscience and theoretical and computational modeling. Indeed, many aspects of NPC function can be recapitulated in artificial mimics with a drastically reduced complexity compared to biological pores. We review the current physical understanding of the NPC architecture and function, with the focus on the critical analysis of experimental studies in cells and artificial NPC mimics through the lens of theoretical and computational models. We also discuss the connections between the emerging concepts of NPC operation and other areas of biophysics and bionanotechnology. © 2021 Elsevier B.V., All rights reserved.","Biomimetic; Crowding; Diffusion; Intrinsically Disordered Proteins; Molecular Dynamics; Molecular Modeling; Multivalency; Nanochannels; Nuclear Pore Complex; Stochastic Transport"
"Lattice determinations of the strong coupling","2021","Physics Reports","10.1016/j.physrep.2021.03.005","https://www.scopus.com/inward/record.uri?eid=2-s2.0-85108513233&doi=10.1016%2Fj.physrep.2021.03.005&partnerID=40&md5=e55260a531d54405347eb6bd63d1213f","Lattice QCD has reached a mature status. State of the art lattice computations include u,d,s (and even the c) sea quark effects, together with an estimate of electromagnetic and isospin breaking corrections for hadronic observables. This precise and first principles description of the standard model at low energies allows the determination of multiple quantities that are essential inputs for phenomenology and not accessible to perturbation theory. One of the fundamental parameters that are determined from simulations of lattice QCD is the strong coupling constant, which plays a central role in the quest for precision at the LHC. Lattice calculations currently provide its best determinations, and will play a central role in future phenomenological studies. For this reason we believe that it is timely to provide a pedagogical introduction to the lattice determinations of the strong coupling. Rather than analysing individual studies, the emphasis will be on the methodologies and the systematic errors that arise in these determinations. We hope that these notes will help lattice practitioners, and QCD phenomenologists at large, by providing a self-contained introduction to the methodology and the possible sources of systematic error. The limiting factors in the determination of the strong coupling turn out to be different from the ones that limit other lattice precision observables. We hope to collect enough information here to allow the reader to appreciate the challenges that arise in order to improve further our knowledge of a quantity that is crucial for LHC phenomenology. © 2021 Elsevier B.V., All rights reserved.","Lattice Field Theory; Qcd; Renormalization; Strong Coupling"
"Heat blanketing envelopes of neutron stars","2021","Physics Reports","10.1016/j.physrep.2021.03.004","https://www.scopus.com/inward/record.uri?eid=2-s2.0-85103936432&doi=10.1016%2Fj.physrep.2021.03.004&partnerID=40&md5=9a3b4a6b26f1860177b716145dba47db","Near the surface of any neutron star there is a thin heat blanketing envelope that produces substantial thermal insulation of warm neutron star interiors and that relates the internal temperature of the star to its effective surface temperature. Physical processes in the blanketing envelopes are reasonably clear but the chemical composition is not. The latter circumstance complicates inferring physical parameters of matter in the stellar interiors from observations of the thermal surface radiation of the stars and urges one to elaborate the models of blanketing envelopes. We outline physical properties of these envelopes, particularly, the equation of state, thermal conduction, ion diffusion and others. Various models of heat blankets are reviewed, such as composed of separate layers of different elements, or containing diffusive binary ion mixtures in or out of diffusion equilibrium. The effects of strong magnetic fields in the envelopes are outlined as well as the effects of high temperatures which induce strong neutrino emission in the envelopes themselves. Finally, we discuss how the properties of the heat blankets affect thermal evolution of neutron stars and the ability to infer important information on internal structure of neutron stars from observations. © 2021 Elsevier B.V., All rights reserved.","Cooling; Diffusion; Neutron Stars"
"Physical principles of brain–computer interfaces and their applications for rehabilitation, robotics and control of human brain states","2021","Physics Reports","10.1016/j.physrep.2021.03.002","https://www.scopus.com/inward/record.uri?eid=2-s2.0-85103968577&doi=10.1016%2Fj.physrep.2021.03.002&partnerID=40&md5=6f527cf0a273d7e9821862541df27dbc","Brain–computer interfaces (BCIs) development is closely related to physics. In this paper, we review the physical principles of BCIs, and underlying novel approaches for registration, analysis, and control of brain activity. We analyze recent advances in BCI studies focusing on their applications for (i) controlling the movement of robots and exoskeletons, (ii) revealing and preventing brain pathologies, (iii) assessing and controlling psychophysiological states, and (iv) monitoring and controlling normal and pathological cognitive activity. We consider the BCI as a hardware/software communication system that allows interaction of humans or animals with their surroundings without the involvement of peripheral nerves and muscles, using control signals generated from brain cerebral activity. Classifying BCIs into three main types (active, reactive and passive), we describe their functional models and neuroimaging methods, as well as novel techniques for signal enhancement and artifact recognition and avoidance, to improve BCI performance in real time. We also review different BCI applications, including communications, external device control, movement control, neuroprostheses, and assessment of human psychophysiological states. Then, we describe the most common techniques for the analysis and classification of electroencephalographic (EEG) and magnetoencephalographic (MEG) data. Special attention is paid to modern technology based on machine learning and reservoir computing. We discuss main results on the creation and application of BCIs based on invasive and noninvasive EEG recordings. First, we consider neurointerfaces for controlling the movement of robots and exoskeletons. Second, we describe BCIs for diagnosis and control of pathological brain activity, in particular, epilepsy. We also discuss the results on the development of invasive BCIs for predicting and mitigating absence epileptic seizures. After that, we focus on passive neurointerfaces for assessing and controlling a person's psychophysiological states and cognitive activity. Special attention is given to optogenetic brain interfaces using photostimulation to deliver intervention to specific cell types. We outline the basic principles of optogenetic neurocontrol and extracellular electrophysiology recording. We also describe the state-of-the-art of miniaturized closed-loop optogenetic devices to control normal and pathological brain activities. Further, we discuss the new emerging technological trend in the BCI development which consists in using neurointerfaces to improve the interaction between people, so-called brain-to-brain interfaces (BBIs). Such interfaces can increase the efficiency of collaborative processes when working in a group. We propose a BBI which distributes a cognitive load among all team members working on a common task. This BBI allows sharing the workload among the participants according to their current cognitive performance, estimated from their electrical brain activity. The novel results of the brain-to-brain interaction are promising for the development of a new generation of communication systems based on the neurophysiological brain activity of interacting persons, where the BBI estimates physical conditions of each partner and adapts the assigned task accordingly. Finally, we trace the main historical epochs in BCI development and applications and highlight possible future directions for this research area, including hybrid BCIs. © 2021 Elsevier B.V., All rights reserved.","Artificial Intelligence; Biological Feedback; Brain Dynamics; Brain–computer Interface; Classification Techniques; Eeg Analysis; Meg Analysis; Wavelets"
"The Stable Marriage Problem: An interdisciplinary review from the physicist's perspective","2021","Physics Reports","10.1016/j.physrep.2021.03.001","https://www.scopus.com/inward/record.uri?eid=2-s2.0-85106299408&doi=10.1016%2Fj.physrep.2021.03.001&partnerID=40&md5=75812e197f78efd44d7e2aca5a505ad4","We present a fascinating model that has lately caught attention among physicists working in complexity related fields. Though it originated from mathematics and later from economics, the model is very enlightening in many aspects that we shall highlight in this review. It is called The Stable Marriage Problem (though the marriage metaphor can be generalized to many other contexts), and it consists of matching men and women, considering preference-lists where individuals express their preference over the members of the opposite gender. This problem appeared for the first time in 1962 in the seminal paper of Gale and Shapley and has aroused interest in many fields of science, including economics, game theory, computer science, etc. Recently it has also attracted many physicists who, using the powerful tools of statistical mechanics, have also approached it as an optimization problem. Here we present a complete overview of the Stable Marriage Problem emphasizing its multidisciplinary aspect, and reviewing the key results in the disciplines that it has influenced most. We focus, in particular, in the old and recent results achieved by physicists, finally introducing two new promising models inspired by the philosophy of the Stable Marriage Problem. Moreover, we present an innovative reinterpretation of the problem, useful to highlight the revolutionary role of information in the contemporary economy. © 2021 Elsevier B.V., All rights reserved.","Gale–shapley Algorithm; Nash Equilibrium; Optimization; Partial Information; Replica Method; Two-sided Markets"
"Electronic phase separation: Recent progress in the old problem","2021","Physics Reports","10.1016/j.physrep.2021.02.004","https://www.scopus.com/inward/record.uri?eid=2-s2.0-85103270264&doi=10.1016%2Fj.physrep.2021.02.004&partnerID=40&md5=b9f72260944c04e3109cfbc8016db101","We consider the nanoscale electronic phase separation in a wide class of different materials, mostly in strongly correlated electron systems. The phase separation turns out to be quite ubiquitous manifesting itself in different situations, where the itineracy of charge carriers competes with their tendency toward localization. The latter is often related to some specific type of magnetic ordering, e.g. antiferromagnetic in manganites and low-spin states in cobaltites. The interplay between the localization-induced lowering of potential energy and metallicity (which provides the gain in the kinetic energy) favors an inhomogeneous ground state such as nanoscale ferromagnetic droplets in an antiferromagnetic insulating background. The present review article deals with the advances in the subject of electronic phase separation and formation of different types of nanoscale ferromagnetic (FM) metallic droplets (FM polarons or ferrons) in antiferromagnetically ordered (AFM), charge-ordered (CO), or orbitally-ordered (OO) insulating matrices, as well as the colossal magnetoresistance (CMR) effect and tunneling electron transport in the nonmetallic phase-separated state of complex magnetic oxides. It also touches upon the compounds with spin-state transitions, inhomogeneous phase-separated state in strongly correlated multiband systems, and electron polaron effect. A special, attention is paid to the systems with the imperfect Fermi surface nesting such as chromium alloys, iron-based pnictides, and AA stacked graphene bilayers. © 2021 Elsevier B.V., All rights reserved.","Electronic Phase Separation; Graphene-based Materials; Imperfect Nesting; Magnetic Polarons; Orbital Ordering; Spin-state Transitions; Strongly Correlated Electron Systems"
"Topological insulators and semimetals in classical magnetic systems","2021","Physics Reports","10.1016/j.physrep.2021.02.003","https://www.scopus.com/inward/record.uri?eid=2-s2.0-85102865076&doi=10.1016%2Fj.physrep.2021.02.003&partnerID=40&md5=1dd556122257f992cb5c5124cbdf178a","Pursuing topological phases in natural and artificial materials is one of the central topics in modern physical science and engineering. In classical magnetic systems, spin waves (or magnons) and magnetic solitons (such as domain wall, vortex, skyrmion, etc.) represent two important excitations. Recently, the topological insulator and semimetal states in magnon- and soliton-based crystals (or metamaterials) have attracted growing attention owing to their interesting dynamics and promising applications for designing robust spintronic devices. Here, we give an overview of current progress of topological phases in structured classical magnetism. We first provide a brief introduction to spin waves and their band structure in periodic lattices. Then, we elaborate typical topological invariants and pedagogical models that are important to understand the topological nature of magnons, such as the magnon Hall effect, topological magnon insulators, Dirac (Weyl) magnon semimetals, topological magnon polarons (magnon–phonon​ hybrid excitations), and higher-order topological magnons. Appealing proposal of topological magnonic devices is also highlighted. We then review the collective-coordinate approach for describing the dynamics of magnetic soliton lattice. We focus on the topological properties of magnetic solitons, by theoretically analyzing the first-order topological insulating phases in low dimensional systems and higher-order topological states in breathing crystals. Finally, we discuss the experimental realization and detection of the edge states in both magnonic and solitonic crystals. We remark the challenges and future prospects before concluding this article. © 2021 Elsevier B.V., All rights reserved.","Corner State; Dirac Magnon; Domain Wall; Edge State; Higher-order Topological Insulator; Magnetic Soliton; Magnon Hall Effect; Magnonic Weyl Semimetal; Magnon–phonon​ Hybrid; Skyrmion; Spin Wave; Topological Insulator; Topological Magnon Insulator; Vortex"
"Direct measurements of neutrino mass","2021","Physics Reports","10.1016/j.physrep.2021.02.002","https://www.scopus.com/inward/record.uri?eid=2-s2.0-85102421396&doi=10.1016%2Fj.physrep.2021.02.002&partnerID=40&md5=ecadce98d4f42e48b11af5b700a6fc7e","The turn of the 21st century witnessed a sudden shift in our fundamental understanding of particle physics. While the minimal Standard Model predicts that neutrino masses are exactly zero, the discovery of neutrino oscillations proved the Standard Model wrong. Neutrino oscillation measurements, however, shed light neither on the scale of neutrino masses, nor on the mechanism by which those are generated. The neutrino mass scale is most directly accessed by studying the energy spectrum generated by beta decay or electron capture — a technique dating back to Enrico Fermi's formulation of radioactive decay. In this Article, we review the methods and techniques – both past and present – aimed at measuring neutrino masses kinematically. We focus on recent experimental developments that have emerged in the past decade, overview the spectral refinements that are essential in the treatment of the most sensitive experiments, and give a simple yet effective protocol for estimating the sensitivity. Finally, we provide an outlook of what future experiments might be able to achieve. © 2021 Elsevier B.V., All rights reserved.",""
"Non-pharmaceutical interventions during the COVID-19 pandemic: A review","2021","Physics Reports","10.1016/j.physrep.2021.02.001","https://www.scopus.com/inward/record.uri?eid=2-s2.0-85101120794&doi=10.1016%2Fj.physrep.2021.02.001&partnerID=40&md5=5b5972e754bb76c7bdb725176e785ea0","Infectious diseases and human behavior are intertwined. On one side, our movements and interactions are the engines of transmission. On the other, the unfolding of viruses might induce changes to our daily activities. While intuitive, our understanding of such feedback loop is still limited. Before COVID-19 the literature on the subject was mainly theoretical and largely missed validation. The main issue was the lack of empirical data capturing behavioral change induced by diseases. Things have dramatically changed in 2020. Non-pharmaceutical interventions (NPIs) have been the key weapon against the SARS-CoV-2 virus and affected virtually any societal process. Travel bans, events cancellation, social distancing, curfews, and lockdowns have become unfortunately very familiar. The scale of the emergency, the ease of survey as well as crowdsourcing deployment guaranteed by the latest technology, several Data for Good programs developed by tech giants, major mobile phone providers, and other companies have allowed unprecedented access to data describing behavioral changes induced by the pandemic. Here, I review some of the vast literature written on the subject of NPIs during the COVID-19 pandemic. In doing so, I analyze 348 articles written by more than 2518 authors in the first 12 months of the emergency. While the large majority of the sample was obtained by querying PubMed, it includes also a hand-curated list. Considering the focus, and methodology I have classified the sample into seven main categories: epidemic models, surveys, comments/perspectives, papers aiming to quantify the effects of NPIs, reviews, articles using data proxies to measure NPIs, and publicly available datasets describing NPIs. I summarize the methodology, data used, findings of the articles in each category and provide an outlook highlighting future challenges as well as opportunities. © 2021 Elsevier B.V., All rights reserved.","Behavioral Changes; Covid-19; Non-pharmaceutical Interventions; Sars-cov-2"
"Recovering dynamic networks in big static datasets","2021","Physics Reports","10.1016/j.physrep.2021.01.003","https://www.scopus.com/inward/record.uri?eid=2-s2.0-85102085244&doi=10.1016%2Fj.physrep.2021.01.003&partnerID=40&md5=38f8dec5f823443717c55c0f5f17ec79","The promise of big data is enormous and nowhere is it more critical than in its potential to contain important, undiscovered interdependence among thousands of variables. Networks have arisen as a powerful tool to detect how different variables are interconnected and how these interconnections mediate the internal workings and dynamics of various physical, chemical, biological, and social systems. Although a number of statistical methods have been developed for network reconstruction, the use of networks to excavate useful information from complex big data poses a conceptual, technical, and computational challenge. Here, we describe recent advances in statistical formalism that can recover mechanistically interpretable and practically applicable networks from wide big data domains. Traditional approaches can only infer an overall network from a number of samples, failing to reveal sample-specific differences. Identifying meaningful networks particularly requires the availability of high-density temporal or perturbed data and their dynamic fitting over time, both of which are hardly met in most big data sectors. The new formalism can particularly extract and tap dynamic information hidden in static data to reconstruct mobile networks without need of temporal data and, thereby, track how topological architecture changes from sample to sample and across time and space scales. We review the establishment principle of this new formalism derived from the seamless integration of ingredients of various disciplines, such as allometric scaling laws, evolutionary game theory, and developmental modularity theory. We show how this formalism can infer fully informative networks, encapsulated by bidirectional, signed, and weighted pairwise and high-order interactions, overcoming the intrinsic limitation of static data for network identification. We propose a general framework to augment a generalized argument for inferring omnidirectional, multilayer, and multispace networks from any high dimension of data and fill gaps in network reconstruction between standard techniques and the current state of the art. This formalism represents a paradigm shifting emerging technology that can make sophisticated networks a more efficient, effective and widespread tool to disentangle natural complexities in the era of big data. © 2021 Elsevier B.V., All rights reserved.","Big Data; Complex Systems; Networks; Ordinary Differential Equations; Static Data"
"A fixed-target programme at the LHC: Physics case and projected performances for heavy-ion, hadron, spin and astroparticle studies","2021","Physics Reports","10.1016/j.physrep.2021.01.002","https://www.scopus.com/inward/record.uri?eid=2-s2.0-85105247624&doi=10.1016%2Fj.physrep.2021.01.002&partnerID=40&md5=fd8b049c361c8db0407575f91dbec0d2","We review the context, the motivations and the expected performances of a comprehensive and ambitious fixed-target programme using the multi-TeV proton and ion LHC beams. We also provide a detailed account of the different possible technical implementations ranging from an internal wire target to a full dedicated beam line extracted with a bent crystal. The possibilities offered by the use of the ALICE and LHCb detectors in the fixed-target mode are also reviewed. © 2021 Elsevier B.V., All rights reserved.",""
"The nonperturbative functional renormalization group and its applications","2021","Physics Reports","10.1016/j.physrep.2021.01.001","https://www.scopus.com/inward/record.uri?eid=2-s2.0-85101641630&doi=10.1016%2Fj.physrep.2021.01.001&partnerID=40&md5=634bc7735506a7be767bc91ed50b9e73","The renormalization group plays an essential role in many areas of physics, both conceptually and as a practical tool to determine the long-distance low-energy properties of many systems on the one hand and on the other hand search for viable ultraviolet completions in fundamental physics. It provides us with a natural framework to study theoretical models where degrees of freedom are correlated over long distances and that may exhibit very distinct behavior on different energy scales. The nonperturbative functional renormalization-group (FRG) approach is a modern implementation of Wilson's RG, which allows one to set up nonperturbative approximation schemes that go beyond the standard perturbative RG approaches. The FRG is based on an exact functional flow equation of a coarse-grained effective action (or Gibbs free energy in the language of statistical mechanics). We review the main approximation schemes that are commonly used to solve this flow equation and discuss applications in equilibrium and out-of-equilibrium statistical physics, quantum many-particle systems, high-energy physics and quantum gravity. © 2021 Elsevier B.V., All rights reserved.","Field Theory; Functional Methods; Renormalization Group"
"Carbon under pressure","2021","Physics Reports","10.1016/j.physrep.2020.12.007","https://www.scopus.com/inward/record.uri?eid=2-s2.0-85099547146&doi=10.1016%2Fj.physrep.2020.12.007&partnerID=40&md5=ffc11b531ddf90076665a7e1cb60af46","Carbon is an element with extremely versatile bonding properties and theoretical calculations have suggested the possible existence of several hundred structural allotropes. Many, or even most, of these are predicted to be formed under conditions of high pressure and temperature. On the other hand, experimental high pressure studies have identified surprisingly few structural allotropes. In this paper, physical properties and structural transformations observed in high pressure experiments, at and above room temperature, are reviewed for a large number of solid carbon allotropes. The materials discussed include bulk carbon such as graphite, diamond, glass-like and amorphous carbon, two-dimensional graphene, and molecular carbon in the form of one-dimensional carbon nanotubes and zero-dimensional fullerenes. Results from recent studies on twisted graphene, graphdiyne, graphyne, carbon dots and other interesting all-carbon allotropes are also briefly described. Observed similarities and differences between the high pressure behavior and evolution of carbon materials are discussed. In spite of the enormous volume of experimental work carried out on these materials, few new structural allotropes have been identified and most carbon materials studied convert into diamond at sufficiently high temperature and pressure. Further theoretical work thus seems to be needed to elucidate possible transformation processes and transition paths for the many undiscovered allotropes proposed from calculations. In particular, it is recommended that, for every new allotrope predicted by theory, suitable precursors and transformation conditions should also be investigated. Efficient creation of new structural allotropes or functional materials based on pure carbon by high pressure methods should ideally start from designed, preassembled precursor structures or composites for which transition paths can be theoretically predicted. © 2021 Elsevier B.V., All rights reserved.","Diamond; Fullerenes; Graphite; High Pressure; Nanotubes; Phase Transformation"
"Controlling macroscopic heat transfer with thermal metamaterials: Theory, experiment and application","2021","Physics Reports","10.1016/j.physrep.2020.12.006","https://www.scopus.com/inward/record.uri?eid=2-s2.0-85099315229&doi=10.1016%2Fj.physrep.2020.12.006&partnerID=40&md5=6a04961fb44a23498116f0f2d5d472dd","Classical thermodynamics often helps to passively describe macroscopic heat phenomena of natural systems, which means people almost cannot change the heat phenomena, but understand them according to the four thermodynamic laws. In contrast, thermal metamaterials, together with the governing theories, make it possible to actively manipulate macroscopic heat phenomena of artificial systems, which enables people to change the heat phenomena at will. Such metamaterials or metamaterial-based devices refer to those artificial structures that yield novel functions in controlling heat transfer. Since the concept of thermal cloak was proposed in 2008, this field has been developed rapidly with fruitful research results, which range from both theoretical models and experimental techniques in scientific research to practical applications in industry, such as radiative cooling and infrared camouflage. In this review, we comb through the research history of thermal metamaterials, and present novel functions and their associated theories in four areas. Such theories include both transformation theories and their extended theories, which are called theoretical thermotics for convenience. The four areas are classified according to the different ways of heat transfer, namely, heat conduction, heat conduction–convection,​ heat conduction–radiation, and heat conduction–convection–radiation. The corresponding experiments and applications are also introduced. At last, we provide our views on future opportunities and challenges in thermotics of metamaterials. © 2021 Elsevier B.V., All rights reserved.","Complex Thermotics; Daytime Radiative Cooling; Effective Medium Theory; Energy-free Thermostat; Fourier Law; Heat Conduction; Heat Convection; Heat Radiation; Infrared Detection; Modern Thermodynamics; Nonlinear Phenomenon; Phase Transition; Temperature-dependent Thermal Conductivity; Theoretical Thermotics; Thermal Band Theory; Thermal Camouflage; Thermal Chameleon; Thermal Cloak; Thermal Concentrator; Thermal Crystal; Thermal Illusion; Thermal Intelligence; Thermal Rectification; Thermal Rotator; Thermal Transparency; Transformation Method"
"Percolation on complex networks: Theory and application","2021","Physics Reports","10.1016/j.physrep.2020.12.003","https://www.scopus.com/inward/record.uri?eid=2-s2.0-85100027096&doi=10.1016%2Fj.physrep.2020.12.003&partnerID=40&md5=7f5ab41d2d19ca5cec542078269955ee","In the last two decades, network science has blossomed and influenced various fields, such as statistical physics, computer science, biology and sociology, from the perspective of the heterogeneous interaction patterns of components composing the complex systems. As a paradigm for random and semi-random connectivity, percolation model plays a key role in the development of network science and its applications. On the one hand, the concepts and analytical methods, such as the emergence of the giant cluster, the finite-size scaling, and the mean-field method, which are intimately related to the percolation theory, are employed to quantify and solve some core problems of networks. On the other hand, the insights into the percolation theory also facilitate the understanding of networked systems, such as robustness, epidemic spreading, vital node identification, and community detection. Meanwhile, network science also brings some new issues to the percolation theory itself, such as percolation of strong heterogeneous systems, topological transition of networks beyond pairwise interactions, and emergence of a giant cluster with mutual connections. So far, the percolation theory has already percolated into the researches of structure analysis and dynamic modeling in network science. Understanding the percolation theory should help the study of many fields in network science, including the still opening questions in the frontiers of networks, such as networks beyond pairwise interactions, temporal networks, and network of networks. The intention of this paper is to offer an overview of these applications, as well as the basic theory of percolation transition on network systems. © 2025 Elsevier B.V., All rights reserved.","Complex Network; Critical Phenomena; Network Dynamics; Network Structure; Percolation; Phase Transition"
"Science and technology in very low energy neutrino physics with Borexino","2021","Physics Reports","10.1016/j.physrep.2020.12.005","https://www.scopus.com/inward/record.uri?eid=2-s2.0-85099846096&doi=10.1016%2Fj.physrep.2020.12.005&partnerID=40&md5=722b1027140b1bb7d7283d800066bf81","The study of very low energy neutrinos requires a suppression of the natural radioactivity up to ultra-traces level. This is what the Borexino experiment succeeded to achieve with the development of technologies for liquid purification and non-standard approaches in constructing and assembling the detector, allowing a threshold down to 50 keV. Thanks to these measures, the entire solar neutrino spectrum has been detected, neglecting the hep neutrinos which account for less than 10−5 of the total flux, together with a small, but clean and robust geoneutrino signal; they represent new achievements in the physics of the Sun, the stars and neutrinos, and they open new horizons in the study of the Earth's interior too. This report describes the technology employed to achieve these goals and the results obtained throughout more than 10 years of data collection. Among the results, actual breakthroughs can be counted: the identification of the nuclear reactions which produce 99% of solar energy and consequently solar luminosity, combined with the demonstration of the solar stability on a 105 years scale; the confirmation of the Standard Solar Model predictions through the measured neutrino fluxes, leading the way for a significant indication in favor of the high metallicity composition of the Sun; the independent demonstration of the validity of the MSW neutrino oscillation solution, through the determination in a single experiment of the distinctive transition of the electron neutrino survival probability from the matter to the vacuum regime; and finally the achievement of the first experimental evidence of the CNO cycle, which dominates in the stars. To this date BOREXINO is a unique experiment with its unprecedented radiopurity level, achieved by means of innovative techniques, which have now become a standard reference for the whole physics field of rare events search. © 2021 Elsevier B.V., All rights reserved.",""
"Magnetic texture based magnonics","2021","Physics Reports","10.1016/j.physrep.2020.12.004","https://www.scopus.com/inward/record.uri?eid=2-s2.0-85099045100&doi=10.1016%2Fj.physrep.2020.12.004&partnerID=40&md5=92f9f8310345169c4897dcb82169f757","The spontaneous magnetic orders arising in ferro-, ferri- and antiferromagnets stem from various magnetic interactions. Depending on the interplay and competition among the Heisenberg exchange interaction, Dzyaloshinskii–Moriya exchange interaction, magnetic dipolar interaction and crystal anisotropies, a great variety of magnetic textures may be stabilized, such as magnetic domain walls, vortices, Skyrmions and spiral helical structures. While each of these spin textures responds to external forces in a specific manner with characteristic resonance frequencies, they also interact with magnons, the fundamental collective excitation of the magnetic order, which can propagate in magnetic materials free of charge transport and therefore with low energy dissipation. Recent theories and experiments found that the interplay between spin waves and magnetic textures is particularly interesting and rich in physics. In this review, we introduce and discuss the theoretical framework of magnons living on a magnetic texture background, as well as recent experimental progress in the manipulation of magnons via magnetic textures. The flexibility and reconfigurability of magnetic textures are discussed regarding the potential for applications in information processing schemes based on magnons. © 2021 Elsevier B.V., All rights reserved.","Domain Wall; Dzyaloshinskii–moriya Interaction; Magnetic Texture; Magnetic Vortex; Magnon; Magnonics; Skyrmion; Spin Wave; Spintronics"
"Atomic, molecular and optical physics applications of longitudinally coherent and narrow bandwidth Free-Electron Lasers","2021","Physics Reports","10.1016/j.physrep.2020.12.002","https://www.scopus.com/inward/record.uri?eid=2-s2.0-85099799343&doi=10.1016%2Fj.physrep.2020.12.002&partnerID=40&md5=2bcf28128bfca39e31d608260b5b9cf3","Short wavelength Free-Electron Lasers (FELs) are among the newest light sources available to scientists to probe a wide range of phenomena, with chemical, physical and biological applications, using soft and hard X-rays. These sources include the currently most powerful hard X-ray light sources in the world and are characterized by extremely high powers and high transverse coherence, but the first FELs had, and many still have, reduced longitudinal coherence. Now it is possible to achieve good longitudinal coherence (narrow bandwidth in the frequency domain) and here we discuss and illustrate a range of experiments utilizing this property, and their underlying physics. The primary applications are those which require high resolution (for example resonant experiments), or temporal coherence (for example coherent control experiments). The currently available light sources extend the vast range of laboratory laser techniques to short wavelengths. © 2021 Elsevier B.V., All rights reserved.","Amo; Fels; Short-wavelength Coherence"
"Linear scaling quantum transport methodologies","2021","Physics Reports","10.1016/j.physrep.2020.12.001","https://www.scopus.com/inward/record.uri?eid=2-s2.0-85099621795&doi=10.1016%2Fj.physrep.2020.12.001&partnerID=40&md5=be594479faa7d6d41a53fe3b2adcc0a3","In recent years, predictive computational modeling has become a cornerstone for the study of fundamental electronic, optical, and thermal properties in complex forms of condensed matter, including Dirac and topological materials. The simulation of quantum transport in realistic models calls for the development of linear scaling, or order-N, numerical methods, which then become enabling tools for guiding experimental research and for supporting the interpretation of measurements. In this review, we describe and compare different order-N computational methods that have been developed during the past twenty years, and which have been used extensively to explore quantum transport phenomena in disordered media. We place particular focus on the zero-frequency electrical conductivities derived within the Kubo–Greenwood​ and Kubo–Streda formalisms, and illustrate the capabilities of these methods to tackle the quasi-ballistic, diffusive, and localization regimes of quantum transport in the noninteracting limit. The fundamental issue of computational cost versus accuracy of various proposed numerical schemes is addressed in depth. We then illustrate the usefulness of these methods with various examples of transport in disordered materials, such as polycrystalline and defected graphene models, 3D metals and Dirac semimetals, carbon nanotubes, and organic semiconductors. Finally, we extend the review to the study of spin dynamics and topological transport, for which efficient approaches for calculating charge, spin, and valley Hall conductivities are described. © 2021 Elsevier B.V., All rights reserved.","2d Materials; Kernel Polynomials Method; Numerical Methods; Quantum Transport; Time-dependent Schrödinger Equation; Topological Materials"
"Nonlinear climate dynamics: From deterministic behaviour to stochastic excitability and chaos","2021","Physics Reports","10.1016/j.physrep.2020.11.002","https://www.scopus.com/inward/record.uri?eid=2-s2.0-85099144538&doi=10.1016%2Fj.physrep.2020.11.002&partnerID=40&md5=ba0520fd7307321bbc6128aa511b4371","Glacial–interglacial cycles are global climatic changes which have characterized the last 3 million years. The eight latest glacial–interglacial cycles represent changes in sea level over 100 m, and their average duration was around 100,000 years. There is a long tradition of modelling glacial–interglacialcycles with low-order dynamical systems. In some of these models, the cyclic phenomenon is caused by non-linear interactions between components of the climate system, which generate a limit cycle. Other models incorporate the established Milankovitch theory according to which changes in Earth's orbit and obliquity force variations in ice volume and ice sheet extent along with, either directly or indirectly, variations in other variables of the climate system. One then distinguishes the strong interpretation, in which the astronomical forcing is necessary to generate glacial–interglacial cycles, from the weak interpretation, in which the astronomical forcing synchronizes a limit cycle. The purpose of the present contribution is to consider specifically the effects of stochastic forcings. Indeed, the trajectories obtained in presence of stochastic fluctuations are not necessarily noised-up versions of the deterministic trajectories. They may follow pathways which have no analogue in the deterministic version of the model. Our purpose is to demonstrate the mechanisms by which stochastic excitation may generate such large-scale oscillations, sometimes with an intermittent character. To this end, we consider a series of models previously introduced in the literature, starting with autonomous models with two variables, and then three variables. The properties of stochastic trajectories are understood by reference to the bifurcation diagrams, the vector field, and a method called stochastic sensitivity analysis. We then introduce models accounting for the Milankovitch forcing, and distinguish forced and synchronized ice-age scenarios. We show again how noise may generate trajectories which have no immediate analogue in the deterministic model. We conclude on a general reflection on the interest of this research and its potential applications on a wide range of climatic phenomena. © 2021 Elsevier B.V., All rights reserved.","Climate Attractors; Climate Dynamics; Noise; Phase Trajectories; Stochastic Behaviour"
"Multiscale characteristics of the emerging global cryptocurrency market","2021","Physics Reports","10.1016/j.physrep.2020.10.005","https://www.scopus.com/inward/record.uri?eid=2-s2.0-85097105270&doi=10.1016%2Fj.physrep.2020.10.005&partnerID=40&md5=4cc52f4f25bf21f8b0e732a053cfc389","Modern financial markets are characterized by a rapid flow of information, a vast number of participants having diversified investment horizons, and multiple feedback mechanisms, which collectively lead to the emergence of complex phenomena, for example speculative bubbles or crashes. As such, they are considered as one of the most complex systems known. Numerous studies have illuminated stylized facts, also called complexity characteristics, which are observed across the vast majority of financial markets. These include the so-called “fat tails” of the returns distribution, volatility clustering, the “long memory”, strong stochasticity alongside non-linear correlations, persistence, and the effects resembling fractality and even multifractality. The striking development of the cryptocurrency market over the last few years – from being entirely peripheral to capitalizing at the level of an intermediate-size stock exchange – provides a unique opportunity to observe its evolution in a short period. The availability of high-frequency data allows conducting advanced statistical analysis of fluctuations on cryptocurrency exchanges right from their birth up to the present day. This opens a window that allows quantifying the evolutionary changes in the complexity characteristics which accompany market emergence and maturation. The purpose of the present review, then, is to examine the properties of the cryptocurrency market and the associated phenomena. The aim is to clarify to what extent, after such an impetuous development, the characteristics of the complexity of exchange rates on the cryptocurrency market have become similar to traditional and mature markets, such as stocks, bonds, commodities or currencies. The review introduces the history of cryptocurrencies, offering a description of the blockchain technology behind them. Differences between cryptocurrencies and the exchanges on which they are traded have been consistently shown. The central part of the review surveys the analysis of cryptocurrency price changes on various platforms. The statistical properties of the fluctuations in the cryptocurrency market have been compared to the traditional markets. With the help of the latest statistical physics methods, namely, the multifractal cross-correlation analysis and the q-dependent detrended cross-correlation coefficient, the non-linear correlations and multiscale characteristics of the cryptocurrency market are analyzed. In the last part of this paper, through applying matrix and network formalisms, the co-evolution of the correlation structure among the 100 cryptocurrencies having the largest capitalization is retraced. The detailed topology of cryptocurrency network on the Binance platform from bitcoin perspective is also considered. Finally, an interesting observation on the Covid-19 pandemic impact on the cryptocurrency market is presented and discussed: recently we have witnessed a “phase transition” of the cryptocurrencies from being a hedge opportunity for the investors fleeing the traditional markets to become a part of the global market that is substantially coupled to the traditional financial instruments like the currencies, stocks, and commodities. The main contribution is an extensive demonstration that, fueled by the increased transaction frequency, turnover, and the number of participants, structural self-organization in the cryptocurrency markets has caused the same to attain complexity characteristics that are nearly indistinguishable from the Forex market at the level of individual time-series. However, the cross-correlations between the exchange rates on cryptocurrency platforms differ from it. The cryptocurrency market is less synchronized and the information flows more slowly, which results in more frequent arbitrage opportunities. The methodology used in the review allows the latter to be detected, and lead–lag relationships to be discovered. Hypothetically, the methods for describing correlations and hierarchical relationships between exchange rates presented in this review could be used to construct investment portfolios and reduce exposure to risk. A new investment asset class appears to be dawning, wherein the bitcoin assumes the role of the natural base currency to trade. © 2021 Elsevier B.V., All rights reserved.","Complex Networks; Complexity Measures; Cross-correlations; Cryptocurrencies; Fractals; Lead–lag Effect; Multiscaling"
"Nuclear matrix elements from lattice QCD for electroweak and beyond-Standard-Model processes","2021","Physics Reports","10.1016/j.physrep.2020.10.004","https://www.scopus.com/inward/record.uri?eid=2-s2.0-85099521649&doi=10.1016%2Fj.physrep.2020.10.004&partnerID=40&md5=621d57358df276ed79ea77b7642c25f2","Over the last decade, numerical solutions of Quantum Chromodynamics (QCD) using the technique of lattice QCD have developed to a point where they are beginning to connect fundamental aspects of nuclear physics to the underlying degrees of freedom of the Standard Model. In this review, the progress of lattice QCD studies of nuclear matrix elements of electroweak currents and beyond-Standard-Model operators is summarized, and connections with effective field theories and nuclear models are outlined. Lattice QCD calculations of nuclear matrix elements can provide guidance for low-energy nuclear reactions in astrophysics, dark matter direct detection experiments, and experimental searches for violations of the symmetries of the Standard Model, including searches for additional CP violation in the hadronic and leptonic sectors, baryon-number violation, and lepton-number or flavor violation. Similarly, important inputs to neutrino experiments seeking to determine the neutrino-mass hierarchy and oscillation parameters, as well as other electroweak and beyond-Standard-Model processes can be determined. The phenomenological implications of existing studies of electroweak and beyond-Standard-Model matrix elements in light nuclear systems are discussed, and future prospects for the field toward precision studies of these matrix elements are outlined. © 2021 Elsevier B.V., All rights reserved.",""
"Spatiotemporal engineering of matter-wave solitons in Bose–Einstein condensates","2021","Physics Reports","10.1016/j.physrep.2020.11.001","https://www.scopus.com/inward/record.uri?eid=2-s2.0-85097088525&doi=10.1016%2Fj.physrep.2020.11.001&partnerID=40&md5=58e15a4e60c305d3e8ee484384bdb5c4","Since the realization of Bose–Einstein condensates (BECs) trapped in optical potentials, intensive experimental and theoretical investigations have been carried out for bright and dark matter-wave solitons, coherent structures, modulational instability (MI), and nonlinear excitation of BEC matter waves, making them objects of fundamental interest in the vast realm of nonlinear physics and soft condensed-matter physics. Many of these states have their counterparts in optics, as concerns the nonlinear propagation of localized and extended light modes in the spatial, temporal, and spatiotemporal domains. Ubiquitous models, which are relevant to the description of diverse nonlinear media in one, two, and three dimensions (1D, 2D, and 3D), are provided by the nonlinear Schrödinger (NLS), alias Gross–Pitaevskii (GP), equations. In many settings, nontrivial solitons and coherent structures, which do not exist or are unstable in free space, can be created and/or stabilized by means of various management techniques, which are represented by NLS and GP equations with coefficients in front of linear or nonlinear terms which are functions of time and/or coordinates. Well-known examples are dispersion management in nonlinear fiber optics, and nonlinearity management in 1D, 2D, and 3D BEC. Developing this direction of research in various settings, efficient schemes of the spatiotemporal modulation of coefficients in the NLS/GP equations have been designed to engineer desirable robust nonlinear modes. This direction and related ones are the main topic of the present review. In particular, a broad and important theme is the creation and control of 1D matter-wave solitons in BEC by means of combination of the temporal or spatial modulation of the nonlinearity strength (which may be imposed by means of the Feshbach resonance induced by variable magnetic fields) and a time-dependent trapping potential. An essential ramification of this topic is analytical and numerical analysis of MI of continuous-wave (constant-amplitude) states, and control of the nonlinear development of MI. Another physically important topic is stabilization of 2D solitons against the critical collapse, driven by the cubic self-attraction, with the help of temporarily periodic nonlinearity management, which makes the sign of the nonlinearity periodically flipping. In addition to that, the review also includes some topics that do not directly include spatiotemporal modulation, but address physically important phenomena which demonstrate similar soliton dynamics. These are soliton motion in binary BEC, three-component solitons in spinor BEC, and dynamics of two-component 1D solitons under the action of spin–orbit coupling. © 2021 Elsevier B.V., All rights reserved.","Critical Collapse; Dispersion Management; Feshbach-resonance Technique; Gross–pitaevskii Equations; Nonlinear Schrödinger Equations; Nonlinearity Management; Spinor Bose–einstein Condensate; Spin–orbit Coupling"
"Chimeras","2021","Physics Reports","10.1016/j.physrep.2020.10.003","https://www.scopus.com/inward/record.uri?eid=2-s2.0-85095980653&doi=10.1016%2Fj.physrep.2020.10.003&partnerID=40&md5=02316fed4874665c528363c9fb4e53c0","Chimeras are this year coming of age since they were first observed by Kuramoto and Battogtokh in 2002 in a one-dimensional network of complex Ginzburg–Landau equations. What started as an observation of a peculiar coexistence of synchronized and desynchronized states, almost two decades latter turned out to be an important new paradigm of nonlinear dynamics at the interface of physical and life sciences. Chimeras have been observed in uni-hemispheric sleep of aquatic mammals and migratory birds, in electrocorticographic recordings of epileptic seizures, and in neural bump states that are central to the coding of working memory and visual orientation. Chimera states have also been observed experimentally in physical systems, for example in liquid crystal light modulators, and they have been linked to power grids outages and optomechanics. Here we present a major review of chimeras, dedicated to all aspects of their theoretical and practical existence. We cover different dynamical systems in which chimera states have been observed, different types of chimeras, and different mathematical methods used for their analysis. We also review the importance of network structure for the emergence of chimeras, as well as different schemes aimed at controlling the symmetry breaking spatiotemporal pattern. We conclude by outlining open challenges and opportunities for future research entailing chimeras. © 2021 Elsevier B.V., All rights reserved.","Chaos; Complex Network; Complexity; Nonlinearity; Oscillator; Spatiotemporal Dynamics; Synchronization"
"Handle operators in string theory","2021","Physics Reports","10.1016/j.physrep.2020.10.002","https://www.scopus.com/inward/record.uri?eid=2-s2.0-85122989305&doi=10.1016%2Fj.physrep.2020.10.002&partnerID=40&md5=f969a3dc085bff6cb44d37d5b27236bc","We derive how to incorporate topological features of Riemann surfaces in string amplitudes by insertions of bi-local operators called ‘handle operators’. The resulting formalism is exact and globally well-defined in moduli space. After a detailed and pedagogical discussion of Riemann surfaces, complex structure deformations, global vs local aspects, boundary terms, an explicit choice of gluing-compatible and global (modulo U(1)) coordinates (termed ‘holomorphic normal coordinates’), finite changes in normal ordering, and factorisation of the path integral measure, we construct these handle operators explicitly. Adopting an offshell local coherent vertex operator basis for the latter, and gauge fixing invariance under Weyl transformations using holomorphic normal coordinates (developed by Polchinski), is particularly efficient. All physical loop amplitudes are gauge-invariant (BRST-exact terms decouple up to boundary terms in moduli space), and reparametrisation invariance is manifest, for arbitrary worldsheet curvature and topology (subject to the Euler number constraint). We provide a number of complementary viewpoints and consistency checks (including one-loop modular invariance, we compute all one- and two-point sphere amplitudes, glue two three-point sphere amplitudes to reproduce the exact four-point sphere amplitude, etc.). © 2022 Elsevier B.V., All rights reserved.","Handle Operators; Higher Genus; String Amplitudes; String Theory"
"Statistical physics approaches to the complex Earth system","2021","Physics Reports","10.1016/j.physrep.2020.09.005","https://www.scopus.com/inward/record.uri?eid=2-s2.0-85094622501&doi=10.1016%2Fj.physrep.2020.09.005&partnerID=40&md5=90dd37cf105d3201580ac9d98c932a40","Global warming, extreme climate events, earthquakes and their accompanying socioeconomic disasters pose significant risks to humanity. Yet due to the nonlinear feedbacks, multiple interactions and complex structures of the Earth system, the understanding and, in particular, the prediction of such disruptive events represent formidable challenges to both scientific and policy communities. During the past years, the emergence and evolution of Earth system science has attracted much attention and produced new concepts and frameworks. Especially, novel statistical physics and complex networks-based techniques have been developed and implemented to substantially advance our knowledge of the Earth system, including climate extreme events, earthquakes and geological relief features, leading to substantially improved predictive performances. We present here a comprehensive review on the recent scientific progress in the development and application of how combined statistical physics and complex systems science approaches such as critical phenomena, network theory, percolation, tipping points analysis, and entropy can be applied to complex Earth systems. Notably, these integrating tools and approaches provide new insights and perspectives for understanding the dynamics of the Earth systems. The overall aim of this review is to offer readers the knowledge on how statistical physics concepts and theories can be useful in the field of Earth system science. © 2025 Elsevier B.V., All rights reserved.","Climate Change; Complex Earth Systems; Complex Network; Earthquake; Statistical Physics"
"Beyond skyrmions: Review and perspectives of alternative magnetic quasiparticles","2021","Physics Reports","10.1016/j.physrep.2020.10.001","https://www.scopus.com/inward/record.uri?eid=2-s2.0-85094565853&doi=10.1016%2Fj.physrep.2020.10.001&partnerID=40&md5=505455dde58fb56c1cc5915c973250b6","Magnetic skyrmions have attracted enormous research interest since their discovery a decade ago. The non-trivial real-space topology of these nano-whirls leads to fundamentally interesting and technologically relevant consequences — the skyrmion Hall effect of the texture and the topological Hall effect of the electrons. Furthermore, it grants skyrmions in a ferromagnetic surrounding great stability even at small sizes, making skyrmions aspirants to become the carriers of information in the future. Still, the utilization of skyrmions in spintronic devices has not been achieved yet, among other reasons, due to shortcomings in their current-driven motion. In this review, we present recent trends in the field of topological spin textures that go beyond skyrmions. The majority of these objects can be considered a combination of multiple subparticles, such as the bimeron, or the skyrmion analogues in different magnetic surroundings, such as antiferromagnetic skyrmions, as well as three-dimensional generalizations, such as hopfions. We classify the alternative magnetic quasiparticles – some of them observed experimentally, others theoretical predictions – and present the most relevant and auspicious advantages of this emerging field. © 2021 Elsevier B.V., All rights reserved.","Hall Effects; Magnetic Skyrmions; Nanomagnetism; Non-collinear Textures; Spin Torques; Spintronics"
"The Alpha Magnetic Spectrometer (AMS) on the international space station: Part II — Results from the first seven years","2021","Physics Reports","10.1016/j.physrep.2020.09.003","https://www.scopus.com/inward/record.uri?eid=2-s2.0-85094609233&doi=10.1016%2Fj.physrep.2020.09.003&partnerID=40&md5=0c5c8b043e58c4130c1baa1e62c63455","The Alpha Magnetic Spectrometer (AMS) is a precision particle physics detector on the International Space Station (ISS) conducting a unique, long-duration mission of fundamental physics research in space. The physics objectives include the precise studies of the origin of dark matter, antimatter, and cosmic rays as well as the exploration of new phenomena. Following a 16-year period of construction and testing, and a precursor flight on the Space Shuttle, AMS was installed on the ISS on May 19, 2011. In this report we present results based on 120 billion charged cosmic ray events up to multi-TeV energies. This includes the fluxes of positrons, electrons, antiprotons, protons, and nuclei. These results provide unexpected information, which cannot be explained by the current theoretical models. The accuracy and characteristics of the data, simultaneously from many different types of cosmic rays, provide unique input to the understanding of origins, acceleration, and propagation of cosmic rays. © 2021 Elsevier B.V., All rights reserved.","Alpha Magnetic Spectrometer; Cosmic Ray Acceleration; Cosmic Ray Composition & Spectra; Cosmic Ray Detectors; Cosmic Ray Propagation; Cosmic Ray Sources; International Space Station; Particle Astrophysics; Particle Dark Matter"
"Astrochemistry and compositions of planetary systems","2021","Physics Reports","10.1016/j.physrep.2020.09.004","https://www.scopus.com/inward/record.uri?eid=2-s2.0-85094590526&doi=10.1016%2Fj.physrep.2020.09.004&partnerID=40&md5=2c0b263fc18099a399fa365c02d7c1e3","Planets form and obtain their compositions in disks of gas and dust around young stars. The chemical compositions of these planet-forming disks regulate all aspects of planetary compositions from bulk elemental inventories to access to water and reactive organics, i.e. a planet's hospitality to life and its chemical origins. Disk chemical structures are in their turn governed by a combination of in situ chemical processes, and inheritance of molecules from the preceding evolutionary stages of the star formation process. In this review we present our current understanding of the chemical processes active in pre- and protostellar environments that set the initial conditions for disks, and the disk chemical processes that evolve the chemical conditions during the first million years of planet formation. We review recent observational, laboratory and theoretical discoveries that have led to the present view of the chemical environment within which planets form, and their effects on the compositions of nascent planetary systems. We also discuss the many unknowns that remain and outline some possible pathways to addressing them. © 2021 Elsevier B.V., All rights reserved.","Astrobiology; Astrochemistry; Origins Of Life; Planet Formation; Protoplanetary Disks"
"Complex Langevin and other approaches to the sign problem in quantum many-body physics","2021","Physics Reports","10.1016/j.physrep.2020.09.002","https://www.scopus.com/inward/record.uri?eid=2-s2.0-85095886153&doi=10.1016%2Fj.physrep.2020.09.002&partnerID=40&md5=b2dffd659db5b53ac397a926b992d710","We review the theory and applications of complex stochastic quantization to the quantum many-body problem. Along the way, we present a brief overview of a number of ideas that either ameliorate or in some cases altogether solve the sign problem, including the classic reweighting method, alternative Hubbard–Stratonovich transformations, dual variables (for bosons and fermions), Majorana fermions, density-of-states methods, imaginary asymmetry approaches, and Lefschetz thimbles. We discuss some aspects of the mathematical underpinnings of conventional stochastic quantization, provide a few pedagogical examples, and summarize open challenges and practical solutions for the complex case. Finally, we review the recent applications of complex Langevin to quantum field theory in relativistic and nonrelativistic quantum matter, with an emphasis on the nonrelativistic case. © 2021 Elsevier B.V., All rights reserved.","Complex Langevin; Sign Problem; Stochastic Quantization"
"Comparing light-front quantization with instant-time quantization","2021","Physics Reports","10.1016/j.physrep.2020.09.001","https://www.scopus.com/inward/record.uri?eid=2-s2.0-85095838572&doi=10.1016%2Fj.physrep.2020.09.001&partnerID=40&md5=96b5c5f9c928925f7e3a6219e38671e0","In this paper we compare light-front quantization and instant-time quantization both at the level of operators and at the level of their Feynman diagram matrix elements. At the level of operators light-front quantization and instant-time quantization lead to equal light-front time commutation (or anticommutation) relations that appear to be quite different from equal instant-time commutation (or anticommutation) relations. Despite this we show that at unequal times instant-time and light-front commutation (or anticommutation) relations actually can be transformed into each other, with it only being the restriction to equal times that makes the commutation (or anticommutation) relations appear to be so different. While our results are valid for both bosons and fermions, for fermions there are subtleties associated with tip of the light cone contributions that need to be taken care of. At the level of Feynman diagrams we show for non-vacuum Feynman diagrams that the pole terms in four-dimensional light-front Feynman diagrams reproduce the widely used three-dimensional light-front on-shell Hamiltonian Fock space formulation in which the light-front energy and light-front momentum are on shell. Moreover, we show that the contributions of pole terms in non-vacuum instant-time and non-vacuum light-front Feynman diagrams are equal. However, because of circle at infinity contributions we show that this equivalence of pole terms fails for four-dimensional light-front vacuum tadpole diagrams. Then, and precisely because of these circle at infinity contributions, we show that light-front vacuum tadpole diagrams are not only nonzero, they quite remarkably are actually equal to the pure pole term instant-time vacuum tadpole diagrams. Light-front vacuum diagrams are not correctly describable by the on-shell Hamiltonian formalism, and thus not by the closely related infinite momentum frame prescription either. Thus for the light-front vacuum sector we must use the off-shell Feynman formalism as it contains information that is not accessible in the on-shell Hamiltonian Fock space approach. We show that light-front quantization is intrinsically nonlocal, and that for fermions this nonlocality is present in Ward identities. One can project fermion spinors into so-called good and bad components, and both of these components contribute in Ward identities. Central to our analysis is that the transformation from instant-time coordinates and fields to light-front coordinates and fields is a unitary, spacetime-dependent translation. Consequently, not only are instant-time quantization and light-front quantization equivalent, because of general coordinate invariance they are unitarily equivalent. © 2021 Elsevier B.V., All rights reserved.","Light-front Quantization; Light-front Vacuum Diagrams"
"Three-nucleon forces: Implementation and applications to atomic nuclei and dense matter","2021","Physics Reports","10.1016/j.physrep.2020.08.009","https://www.scopus.com/inward/record.uri?eid=2-s2.0-85095881172&doi=10.1016%2Fj.physrep.2020.08.009&partnerID=40&md5=fa0db88345d1213eda9c4cc94fd2e028","Recent advances in nuclear structure theory have significantly enlarged the accessible part of the nuclear landscape via ab initio many-body calculations. These developments open new ways for microscopic studies of light, medium-mass and heavy nuclei as well as nuclear matter and represent an important step toward a systematic and comprehensive understanding of atomic nuclei across the nuclear chart. While remarkable agreement has been found between different many-body methods for a given nuclear Hamiltonian, the comparison with experiment and the understanding of theoretical uncertainties are still important open questions. The observed discrepancies to experiment indicate deficiencies in presently used nuclear interactions and operators. Chiral effective field theory (EFT) allows to systematically derive contributions to nucleon–nucleon (NN), three-nucleon (3N) and higher-body interactions including estimates of theoretical uncertainties. While the treatment of NN interactions in many-body calculations is well established, the calculation of 3N interactions and their incorporation in ab initio frameworks is still a frontier. This work reviews in detail recent and current developments on the derivation and implementation of improved 3N interactions and provides a comprehensive introduction to fundamental methods for their practical calculation and representation. We further give an overview of novel and established methods that facilitate the inclusion and treatment of 3N interactions in ab initio nuclear structure frameworks and present a selection of the latest calculations of atomic nuclei as well as nuclear matter based on state-of-the-art nuclear NN and 3N interactions derived within chiral EFT. Finally, we discuss ongoing efforts, open questions and future directions. © 2021 Elsevier B.V., All rights reserved.","Ab Initio Nuclear Structure; Chiral Effective Field Theory; Equation Of State And Astrophysical Applications; Three-nucleon Interactions"
