"Title","Year","Source title","DOI","Link","Abstract","Author Keywords"
"Symbolic association networks: A case study of orchestral programming's effect on the reputation of composers","2024","Social Networks","10.1016/j.socnet.2024.08.001","https://www.scopus.com/inward/record.uri?eid=2-s2.0-85200778992&doi=10.1016%2Fj.socnet.2024.08.001&partnerID=40&md5=e0e4a9944e50fd410660a76989f4aa54","A type of symbolic association network for the development of reputation is described and tested. Associations between people in these networks are not based on individual interaction, but rather are created by “reputational entrepreneurs” based on perceived symbolic association between people. We argue the intent of this type of connection is to add to the reputational information about those connected and we test whether a network of such associations influence cultural recognition. To do this, we use dyadic connections between classical music composers created by conductors for orchestra performance and determine whether a composer's symbolic association network (SAN) aids recognition in publications. We find SANs to have a significant impact on the extent of reputational recognition, even when holding a composer's individual status achievements constant. Composers with a large symbolic association network and those who bridge unconnected composers tend to receive more recognition. We discuss the influence of symbolic association networks on perception of reputational significance. We suggest SANs may advance research in reputation and culture particularly when considering actors whose reputation is active beyond their work or lifetime, such as artists, writers, musicians, and historical figures. © 2024 Elsevier B.V., All rights reserved.","Classical Music Composers; Co-occurrence Networks; Culture; Reputation; Symbolic Association Networks; Symphony Orchestras"
"Exponential random graph models and pendant-triangle statistics","2024","Social Networks","10.1016/j.socnet.2024.07.002","https://www.scopus.com/inward/record.uri?eid=2-s2.0-85200573654&doi=10.1016%2Fj.socnet.2024.07.002&partnerID=40&md5=24f71084777f7a236a3e30b3089c89c9","The paper builds on the framework proposed by Pattison and Snijders (2012) for specifying exponential random graph models (ERGMs) for social networks. We briefly review the two-dimensional hierarchy of potential dependence structures for network tie variables that they outlined and provide proofs of the relationships among the model forms and of the nature of their sufficient statistics, noting that models in the hierarchy have the potential to reflect the outcome of processes of cohesion, closure, boundary and bridge formation and path creation over short or longer network distances. We then focus on the so-called partial inclusion dependence assumptions among network tie variables and the pendant-triangle, or paw, statistics to which they give rise, and illustrate their application in an empirical setting. We argue that the partial inclusion assumption leads to models that can reflect processes of boundary and bridge formation and that the model hierarchy provides a broad and useful framework for the statistical analysis of network data. We demonstrate in the chosen setting that pendant-triangle (or paw) effects, in particular, lead to a marked improvement in goodness-of-fit and hence add a potentially valuable capacity for modelling social networks. © 2024 Elsevier B.V., All rights reserved.","Bridge And Boundary Processes In Networks; Exponential Random Graph Models; Pendant-triangle Or Paw Statistics; Social Network Structure; Statistical Models For Social Networks"
"A clan detector algorithm to identify independent clans in the kinship networks of elite family dynasties","2024","Social Networks","10.1016/j.socnet.2024.07.003","https://www.scopus.com/inward/record.uri?eid=2-s2.0-85200129695&doi=10.1016%2Fj.socnet.2024.07.003&partnerID=40&md5=dafbad16e739c1109ccadc4dca23332d","The sociology of elites has long considered families as the unit of analysis in studies of power dynamics between elite dynasties and their transmission of wealth and prestige over generations. However, the assumption that families are cohesive units with common goals and agendas does not hold, especially for large and powerful family dynasties. Internal conflicts and clan rivalries throughout history suggest that independent clans, rather than families, are the more appropriate level for aggregation. The increasing availability of large-scale genealogical datasets and advances in social network analysis allow this more fine-grained perspective to be implemented even without historical documentation on observed clan structures. This paper builds on socio-anthropological conceptualizations of kinship and on hierarchical clustering techniques to present a new method for identifying independent clans within families that relies only on network-dependent terms. I use simulated data and an empirical kinship network of families of early modern Basel, Switzerland to compare a clan detector algorithm's performance with common community detection techniques. The historical accuracy of the clan structures detected is further assessed with various status indicators. The analyses show that the proposed clan detector algorithm is more suitable for identifying historically accurate clans than the traditional approaches. The application of the new method to the kinship network of Basel families sheds light on the city's stratification into high- and low-status societies in which elite families were also divided into privileged and less privileged clans. © 2024 Elsevier B.V., All rights reserved.","Community Detection; Hierarchical Clustering; Historical Network; Kinship Network; Social Status"
"Corruption dynamics in public procurement: A longitudinal network analysis of local construction contracts in Guatemala","2024","Social Networks","10.1016/j.socnet.2024.07.001","https://www.scopus.com/inward/record.uri?eid=2-s2.0-85199472655&doi=10.1016%2Fj.socnet.2024.07.001&partnerID=40&md5=df3ed6f47df40c23f565a659f0bda39b","Spending concentration, political influence, and collusion violate rules and principles of open and fair public procurement, leading to corrupt contract allocation. This study adopts stochastic actor-oriented models to test the evolution of these forms of procurement corruption risks in a longitudinal network study of 33579 construction contracts pertaining to Guatemalan local governments from 2012 to 2020. We identify a range of network configurations, based on past empirical research and theory, that capture different patterns of suspicious micro tendencies suggestive of corruption. We show how these micro tendencies shift in strength according to changes in electoral cycles and anti-corruption interventions, thus shedding light on how interventions may temporarily impact corrupt behavior, and how it may adapt and persist after a period of transition. The results indicate that collusion and spending concentration play significant roles in sustaining the risk of corrupt contract allocation, and that this behavior is able to rebound even after the introduction of anti-corruption interventions and new political regimes. The findings underscore the importance of local interventions and advocate for network approaches to enhance transparency, accountability, and long-term anti-corruption efforts. © 2024 Elsevier B.V., All rights reserved.","Collusion; Guatemala; Political Influence; Procurement Corruption; Spending Concentration; Stochastic Actor-oriented Models"
"Corrigendum to “How adolescents’ popularity perceptions change: Measuring interactions between popularity and friendship networks” [Soc. Netw. 78 (2024) 1462] (Social Networks (2024) 78 (12–24), (S0378873323000709), (10.1016/j.socnet.2023.10.004))","2024","Social Networks","10.1016/j.socnet.2024.07.004","https://www.scopus.com/inward/record.uri?eid=2-s2.0-85199304566&doi=10.1016%2Fj.socnet.2024.07.004&partnerID=40&md5=b4e0dc575c36c4ba2680a6120c28d8bb","The authors regret the inconvenience and would like to include the Funding statement: This study was supported by the Spanish Research Agency, Ministerio de Ciencia e Innovación (PID2020-113911RB-I00, PI: Eva M. Romera) (www.mineco.gob.es). The authors would like to apologise for any inconvenience caused. © 2024 Elsevier B.V., All rights reserved.",""
"Lifetime internal migration trajectories and social networks: Do repeat migrants fare worst?","2024","Social Networks","10.1016/j.socnet.2024.06.006","https://www.scopus.com/inward/record.uri?eid=2-s2.0-85198042947&doi=10.1016%2Fj.socnet.2024.06.006&partnerID=40&md5=a459ecf1df0aa4b133cf1c65779fd76e","While the economic benefits of internal migration are widely documented, the social costs of internal migration have received comparatively less attention. In addition, most studies focus on the impact of the last-recorded migration, ignoring the cumulative impact of successive migrations. Grounded in the life-course trajectory approach to migration and the convoy model of social networks, this paper addresses this gap by applying sequence and cluster analysis to retrospective data from the Survey of Health, Ageing and Retirement in Europe (SHARE) in 26 European countries to establish internal migration trajectories based on the timing, frequency, and direction of migration between NUTS-2 regions. The results reveal that differences in social networks between lifetime stayers, childhood migrants and one-time adult migrants are minimal. A more complex picture emerges for repeat migrants who account for half migrants and are split between return migrants, serial onward migrants, and circular migrants. Regression results show that repeat migrants – whether onward, return, or circular – display social networks less focused on family and more geographically dispersed, which results in a lower frequency of contact than lifetime stayers. However, repeat migrants report the same level of overall satisfaction with their social networks as lifetime stayers, which suggests that they start with different expectations than stayers or simply adjust their expectations in response to the social costs and benefits of migration. © 2024 Elsevier B.V., All rights reserved.","Circular Migration; Europe; Immobility; Life Course; Onward Migration; Repeat Migration; Residential Mobility; Sequence Analysis; Share"
"Evaluating disease surveillance strategies for early outbreak detection in contact networks with varying community structure","2024","Social Networks","10.1016/j.socnet.2024.06.003","https://www.scopus.com/inward/record.uri?eid=2-s2.0-85197817352&doi=10.1016%2Fj.socnet.2024.06.003&partnerID=40&md5=b3b7697542c98bf6dc09a82f4558b352","Disease surveillance systems allow public health agencies to respond to emerging diseases before they become widespread. Developing such systems requires identifying optimal ways to monitor in the context of an epidemic outbreak; this problem is known as sensor selection. Contact networks represent the dynamics of interaction in a population and are used to model how a disease spreads in a population and to explore strategies of sensor selection. We evaluated five sensor selection strategies on their ability to provide an early warning of a COVID-like outbreak in synthetic contact networks encapsulated in four network scenarios. Three of these scenarios assessed different aspects of community structure. The fourth scenario employed a contact network representing the population and interactions of 6.8 million people in New York City, constructed from an agent-based simulation using census and transportation data. This scenario exemplifies how sensor selection strategies may perform in a real-world, urban context. Our findings suggest that the choice of the optimal strategy depends heavily on the community structure of the network. Strategies that select highly connected nodes or maximize network coverage are the optimal surveillance strategy for outbreak detection in many network community structures. However, a naive implementation of these strategies may fail to provide an early warning at all—including in the New York City scenario. Moreover, these methods are impractical for real-world use as they require knowledge of the underlying contact network. Instead, a selection strategy that starts with a set of random nodes and then performs a random walk through a chain of neighbors reliably provides early warnings without requiring prior knowledge of the network. We find this method, called “random chain”, to be the most pragmatic for implementation in a real-world disease surveillance context. © 2024 Elsevier B.V., All rights reserved.","Disease Surveillance; Sensor Selection; Social Network"
"Too many options: How to identify coalitions in a policy network?","2024","Social Networks","10.1016/j.socnet.2024.06.005","https://www.scopus.com/inward/record.uri?eid=2-s2.0-85197476867&doi=10.1016%2Fj.socnet.2024.06.005&partnerID=40&md5=d0092564adf16ccec0d8f2084fd95294","For different currents in policy analysis as policy networks and the Advocacy Coalition Framework (ACF), identifying coalitions from policy beliefs and coordination between actors is crucial to a precise understanding of a policy process. Focusing particularly the relational dimension of ACF approaches linked with policy network analysis, determining policy subsystems from the actor collaborations and exchanges has recently begun offering fertile links with the network analysis. Studies in this way frequently apply Block Modeling and Community Detection (BMCD) strategies to define homogeneous political groups. However, the BMCD literature is growing quickly, using a wide variety of algorithms and interesting selection methods that are much more diverse than those used in the policy network analysis and particularly the ACF when this current focused on the collaboration networks before or after regarding the belief distance between actors. Identifying the best methodological option in a specific context can therefore be difficult and few ACF studies give an explicit justification. On the other hand, few BMCD publications offer a systematic comparison of real social networks and they are never applied to policy network datasets. This paper offers a new, relevant 5-Step selection method to reconcile advances in both the policy networks/ACF and BMCD. Using an application based on original African policy network data collected in Madagascar and Niger, we provide a useful set of practical recommendations for future ACF studies using policy network analysis: (i) the density and size of the policy network affect the identification process, (ii) the “best algorithm” can be rigorously determined by maximizing a novel indicator based on convergence and homogeneity between algorithm results, (iii) researchers need to be careful with missing data: they affect the results and imputation does not solve the problem. © 2024 Elsevier B.V., All rights reserved.","Advocacy Coalition Framework; Block Modeling; Community Detection; Normalized Mutual Information; Policy Networks; Policy Process"
"Nonresponse in name generators across countries and survey modes","2024","Social Networks","10.1016/j.socnet.2024.06.002","https://www.scopus.com/inward/record.uri?eid=2-s2.0-85197447756&doi=10.1016%2Fj.socnet.2024.06.002&partnerID=40&md5=14c8b1f58690681185dcacc5578b5d33","Past research indicates interviewer effects lead to an underestimation of network size and higher nonresponse to the “important matters” name generator. Self-administered surveys offer a potential solution, but evidence is mixed and context-specific. We employ a logistic multilevel regression, estimated using a Bayesian Markov Chain Monte Carlo approach, to analyze nonresponse to this name generator from 33 post-electoral surveys across 21 countries in the Comparative National Election Project. We find higher nonresponse in interviewer-administered surveys compared to self-administered surveys, particularly among specific demographic groups. Finally, we discuss the trade-offs in selecting survey modes for collecting ego-network data using this instrument. © 2024 Elsevier B.V., All rights reserved.","Cross-country; Ego-centered Networks; Face-to-face Survey; Mode Of Data Collection; Name Generator; Web Survey"
"Categorical closure: Transitivity and identities in longitudinal networks","2024","Social Networks","10.1016/j.socnet.2024.06.004","https://www.scopus.com/inward/record.uri?eid=2-s2.0-85197047748&doi=10.1016%2Fj.socnet.2024.06.004&partnerID=40&md5=79526baf4837a371f81c19f2b0aa3cd5","This research examines whether categorical closure – an increased tendency for closure in homogeneous triads – matters for tie formation and tie persistence. We utilized 2019–2020 panel data on students’ networks at three law schools and employed separable temporal exponential random graph models to examine whether closed triads with shared identities were more likely to form and to persist over time. We also investigated whether closed triads based on shared organizational assignments were associated with lower likelihoods of tie formation and tie persistence over time. Results supported the notion that law students were more likely to form homogeneous closed triads based on shared categories, particularly family background, gender, and race, while closed triads based on organizational assignments were less likely. Closed triads tended to persist over time, but there was some support for the notion that homogeneous closed triads based on family background, college rank, and sexuality were more durable. This study highlights categorical closure as an additional network mechanism giving rise to homogenous groups. © 2024 Elsevier B.V., All rights reserved.","Homophily; Legal Education; Panel Data; Social Networks; Students; Triadic Closure"
"Coming into relations: How communication reveals and persuades relational decisions","2024","Social Networks","10.1016/j.socnet.2024.05.003","https://www.scopus.com/inward/record.uri?eid=2-s2.0-85196045439&doi=10.1016%2Fj.socnet.2024.05.003&partnerID=40&md5=9e4098e1532c45f37574cef7c19eb341","Coming into relations involves exiting a state of indecision and deciding whether to relate or not. Little research has focused on these initial moments, the communications involved, and the making of a relational decision. We study this process using 947 speed dating encounters, their minute-by-minute communications, and the reported timing of relational decisions. We show that certain forms of communication reveal an actor's relational state of being undecided, desiring a relation, or not desiring a relation (revealing signals). For example, indecision corresponds with indirect and ambiguous communication (negative facework); desiring a relation entails positive, excited, and entraining communication (positive facework); and not desiring a relation involves routine talk. We also show that certain forms of communication persuade persons to transition relational states, moving beyond their indecision and coming to a relational decision (persuasive signals). Interestingly, only some revealing signals are persuasive and bring about corresponding relational decisions in others. These tend to be clear signals that cannot be attributed to the situation or politeness. Last, some signals persuade relational decisions without corresponding to a relational state. These performative signals are select forms of ambiguous communication that place the speaker in an advantaged position within social exchange. © 2024 Elsevier B.V., All rights reserved.","Communication; Computational Linguistics; Dyadic Data Analysis; Impression Management; Local Action; Relational Decision Making; Relations; Social Network Dynamics; Social Network Theory"
"Choosing isolation in the face of stigma: Relational work in tie severance among Korean unwed mothers","2024","Social Networks","10.1016/j.socnet.2024.06.001","https://www.scopus.com/inward/record.uri?eid=2-s2.0-85196043579&doi=10.1016%2Fj.socnet.2024.06.001&partnerID=40&md5=21decfcdfa98232afc72b25dc83f8d92","Though network scholars long have observed that people experience high rates of network turnover, theorization on how ties dissolve has lagged behind, with natural tie decay dominating as the primary explanation. Many deviants face stigma and become social pariahs from communities of origin, yet current network theories struggle to explain how such processes of network dissolution occur. Using interviews conducted with Korean unwed mothers, a highly stigmatized and hard-to-reach population, this study shows that shared culture in networks—norms, expectations, and meanings—plays a key role in how people navigate stigma in their networks. I demonstrate that tie severance requires work: relational work that matches network-specific culture. I propose a typology of tie severance processes along two dimensions, actor and motive, and identify associated relational work for each type. This study shows that macro-level cultural values are adapted to each network and (re)interpreted before relational work can be engaged to manage social relations. © 2024 Elsevier B.V., All rights reserved.","Family; Korea; Relational Work; Single Mothers; Social Networks; Stigma; Tie Severance"
"Occupational selection and the reliability of position generator measures of social capital","2024","Social Networks","10.1016/j.socnet.2024.05.001","https://www.scopus.com/inward/record.uri?eid=2-s2.0-85195797734&doi=10.1016%2Fj.socnet.2024.05.001&partnerID=40&md5=7bd71a099ae1081c9ac4d6d408d80de9","This article investigates how variation in the social positions (occupations) presented by a position generator (PG) instrument affects the reliability of egocentric network measures based on PG data. We modify the split-half design employed in Verhaeghe et al.’s (2013) study of university students for use with already-existing PG data on a national adult population. After replicating that study, we examine how reliability varies with the relational criterion (e.g., friendship) that links an individual to an occupation and with the number of occupations in a PG. We find that most PG measures are only modestly reliable (i.e., are relatively sensitive to occupational selection), but our absolute assessment of their reliability (given instrument length) is somewhat more optimistic than that of the prior study. Extensity (the number of positions with which a subject has contact) is the most reliable measure, composition measures based on social class groupings are next, and those that involve socioeconomic standing or prestige scores are least reliable. Deeming someone to be connected to an occupation using an acquaintance criterion yields more reliable measures than requiring a stronger level of connectivity. PG measures based on longer (i.e., more occupations) instruments have higher reliability, and projections for longer PGs suggest that including 20 occupations could measure extensity and counts of contacts in some class groupings with adequate reliability; but other class composition measures and all measures involving socioeconomic standing or prestige scores would require 30 or more. © 2024 Elsevier B.V., All rights reserved.","Egocentric Network Data; Position Generator; Reliability Of Measurement; Social Capital"
"Modeling non-linear effects with neural networks in Relational Event Models","2024","Social Networks","10.1016/j.socnet.2024.05.004","https://www.scopus.com/inward/record.uri?eid=2-s2.0-85195222878&doi=10.1016%2Fj.socnet.2024.05.004&partnerID=40&md5=c6b1fbc3d81bbe3d9d8aa13069da9594","Dynamic networks offer an insight of how relational systems evolve. However, modeling these networks efficiently remains a challenge, primarily due to computational constraints, especially as the number of observed events grows. This paper addresses this issue by introducing the Deep Relational Event Additive Model (DREAM) as a solution to the computational challenges presented by modeling non-linear effects in Relational Event Models (REMs). DREAM relies on Neural Additive Models to model non-linear effects, allowing each effect to be captured by an independent neural network. By strategically trading computational complexity for improved memory management and leveraging the computational capabilities of graphic processor units (GPUs), DREAM efficiently captures complex non-linear relationships within data. This approach demonstrates the capability of DREAM in modeling dynamic networks and scaling to larger networks. Comparisons with traditional REM approaches showcase DREAM superior computational efficiency. The model potential is further demonstrated by an examination of the patent citation network, which contains nearly 8 million nodes and 100 million events. © 2024 Elsevier B.V., All rights reserved.","Large Networks; Non-linear Modeling; Relational Event Model; Social Network Analysis"
"Interaction dynamics in classroom group work","2024","Social Networks","10.1016/j.socnet.2024.05.002","https://www.scopus.com/inward/record.uri?eid=2-s2.0-85195103387&doi=10.1016%2Fj.socnet.2024.05.002&partnerID=40&md5=9a645f44a0bfe98a8b038ff42db7ce9b","Group work in classrooms is employed by teachers across all levels of education. For group work to be effective, all students should participate equally. Why some students engage in interaction and how group size and composition influence interaction dynamics is a research gap. We employed dynamic actor-oriented models on a sample of 145 Czech lower-secondary students in 62 small groups and pooled the results from the groups with a meta-analytical procedure. We found bursty behavior resulting from endogenous structural mechanisms of reciprocity, transitivity, cyclicity, and preferential attachment. Students gave preference to initiating interactions with those they initiated interactions with before and off-task interaction contributed to the development of on-task interaction. Students strongly preferred interactions with friends. Those students who talked a lot during regular whole-classroom lessons and students with high levels of literacy tended to both initiate and receive more interactions in group work, and students similar in these attributes preferred to interact with each other. Group size did not affect preferential attachment tendencies in interaction, but smaller groups made the effect of friendship ties on interactions stronger, and communication group norms shifted with changing group composition. Our study shows the suitability of dynamic actor-oriented models for studying interaction in education and small groups. © 2024 Elsevier B.V., All rights reserved.","Bursty Behavior; Classroom Interaction; Dynam; Dynamic Social Network Analysis; Group Work; Literacy; Student Talk"
"Indicators of the formation of precedent at the International Court of Justice","2024","Social Networks","10.1016/j.socnet.2024.04.001","https://www.scopus.com/inward/record.uri?eid=2-s2.0-85194301356&doi=10.1016%2Fj.socnet.2024.04.001&partnerID=40&md5=fc6a7a85cb06aa3e65264281d13e3352","This study expands upon prior analysis of the case citation network of the International Court of Justice (ICJ) by demonstrating that reverse page-rank outperforms hub and authority score in identifying significant sources of precedent. Application of reverse page-rank reveals that though ICJ decisions that are well grounded in prior cases tend to become more important sources of precedent, this relationship is weak when compared to the US Supreme Court. This tempers past conclusions that the ICJ has become more similar to common law systems but supports a view of the Court as an institution that balances consistency in its application of international law with the statutory limits on using its decisions as sources of such law. In addition, a novel method for constructing agreement networks between judges is leveraged to identify ICJ judges with influential positions. This provides evidence that certain judges may be more indicative of which decisions become important in the future. Though the strength of this influence is also limited, it nevertheless suggests that some ICJ judges may better represent the development of international legal precedent than others. © 2024 Elsevier B.V., All rights reserved.","International Court Of Justice; International Law; Judicial Networks"
"Socio-economic segregation in a population-scale social network","2024","Social Networks","10.1016/j.socnet.2024.02.005","https://www.scopus.com/inward/record.uri?eid=2-s2.0-85190751520&doi=10.1016%2Fj.socnet.2024.02.005&partnerID=40&md5=7c4ecd814c16dfb931a8020ff0aa9cae","We propose a social network-aware approach to study socio-economic segregation. The key question that we address is whether patterns of segregation are more pronounced in social networks than in the common spatial neighborhood-focused manifestations of segregation. We, therefore, conduct a population-scale social network analysis to study socio-economic segregation at a comprehensive and highly granular social network level. For this, we utilize social network data from Statistics Netherlands on 17.2 million registered residents of the Netherlands that are connected through around 1.3 billion ties distributed over five distinct tie types. We take income assortativity as a measure of socio-economic segregation, compare a social network and spatial neighborhood approach, and find that the social network structure exhibits two times as much segregation. As such, this work complements the spatial perspective on segregation in both literature and policymaking. While at a widely used unit of spatial aggregation (e.g., the geographical neighborhood), patterns of socio-economic segregation may appear relatively minimal, they may in fact persist in the underlying social network structure. Furthermore, we discover higher social network segregation in larger cities, shedding a different light on the common view of cities as hubs for diverse socio-economic mixing. A population-scale social network perspective hence offers a way to uncover hitherto “hidden” segregation that extends beyond spatial neighborhoods and infiltrates multiple aspects of human life. © 2024 Elsevier B.V., All rights reserved.","Homophily; Population-scale; Segregation; Social Networks"
"Contingent bridge supervision: New evidence and cautions for network theory","2024","Social Networks","10.1016/j.socnet.2024.03.003","https://www.scopus.com/inward/record.uri?eid=2-s2.0-85189980501&doi=10.1016%2Fj.socnet.2024.03.003&partnerID=40&md5=b7ad677f0ecb89c4e5acb279e888ae87","Bridge supervision occurs when manager and boss operate in separate social worlds, a condition increasingly likely as managers work more often from locations outside the office. The concept of bridge supervision was proposed using evidence from managers balkanized into product and geographic silos. Silos facilitate managers segregated from the boss. We here try to test support for bridge supervision hypotheses in a cohesive population of HR managers, where bridge supervision would be more difficult. Cohesion does limit the evidence of bridge supervision, but we nevertheless confirm the phenomenon's central hypotheses: bridge supervision is associated with role segregation between manager and boss, and manager performance is unaffected. More, by explicitly considering a broader set of network indicators of bridge supervision, we replicate Burt and Wang's (2022) focus on just two: mutual contacts, and manager-exclusive density. We close with key features of bridge supervision now replicated, cautions on how easily the phenomenon can be undetected in a cohesive study population, and implications for future research. © 2024 Elsevier B.V., All rights reserved.","Changing Work Nature; Leadership; Network Theory; Social Capital"
"Towards a general method to classify personal network structures","2024","Social Networks","10.1016/j.socnet.2024.03.004","https://www.scopus.com/inward/record.uri?eid=2-s2.0-85189953443&doi=10.1016%2Fj.socnet.2024.03.004&partnerID=40&md5=257a9d8c1fd2548e43be06cf32268ecc","In this study, we present a method to uncover the fundamental dimensions of structural variability in Personal Networks (PNs) and develop a classification solely based on these structural properties. We address the limitations of previous literature and lay the foundation for a rigorous methodology to construct a Structural Typology of PNs. We test our method with a dataset of nearly 8,000 PNs belonging to high school students. We find that the structural variability of these PNs can be described in terms of six basic dimensions encompassing community and cohesive subgroup structure, as well as levels of cohesion, hierarchy, and centralization. Our method allows us to categorize these PNs into eight types and to interpret them structurally. We assess the robustness and generality of our methodology by comparing with previous results on structural typologies. To encourage its adoption, its improvement by others, and to support future research, we provide a publicly available Python class, enabling researchers to utilize our method and test the universality of our results. © 2024 Elsevier B.V., All rights reserved.","Clustering; Dimensionality Reduction; Personal Networks; Social Networks Analysis; Structural Typology"
"Network portfolio diversity and social innovation: An egocentric approach to cross-sector partnerships","2024","Social Networks","10.1016/j.socnet.2024.03.002","https://www.scopus.com/inward/record.uri?eid=2-s2.0-85188946555&doi=10.1016%2Fj.socnet.2024.03.002&partnerID=40&md5=5f7486395957a1baeafeda0610dcd00f","The culmination of network and organization research suggests diverse network ties bolster innovation. Extending this line of research, this study examines how three distinct dimensions of network portfolio diversity—duration, tie strength, and collaboration type—are related to organizational innovation. Survey, ego network, and expert evaluation data on 258 U.S. social ventures suggest that these different dimensions have differential impact on the novelty of ideas organizations develop to tackle social issues (i.e., social innovation). Specifically, while diversity in relationship duration with nonprofit partners had an inverted U-shaped curvilinear relationship with social innovation, diversity in collaboration type with business partners and diversity in tie strength with government partners each had a U-shaped curvilinear relationship. These results highlight that the relationship between network diversity and organizational innovation is contingent on the network portfolio dimension, as well as the partner sector. This research contributes to theorizing on social and interorganizational networks, cross-sector partnerships, and social innovation. Findings also have implications for organizational leaders as they configure heterogeneous ego network portfolios to boost innovation for social impact. © 2024 Elsevier B.V., All rights reserved.","Cross-sector Partnerships; Ego Network; Interorganizational Network Portfolio; Interorganizational Relationships; Nonprofit Organization; Organizational Innovation; Social Innovation; Social Ventures"
"Assessing the dynamics of PrEP adoption in a national-scale physician network","2024","Social Networks","10.1016/j.socnet.2024.02.001","https://www.scopus.com/inward/record.uri?eid=2-s2.0-85188840529&doi=10.1016%2Fj.socnet.2024.02.001&partnerID=40&md5=b544befaaa6274070579a52793457ddb","This study examines the adoption of a new preventive treatment for HIV called preexposure prophylaxis (PrEP) in a nation-wide network of US physicians. We compare the structure of these networks across nine multi-state census regions, and assess geographic variations in network structure. Within these networks, we measured the adoption threshold associated with physician adoption of PrEP. The low threshold values that we observe are consistent with the hypothesis that slow PrEP adoption is the result of a lack of knowledge and exposure among physicians. Regression results demonstrate the mix of market, epidemiological, and socio/cultural factors that shape adoption thresholds. © 2024 Elsevier B.V., All rights reserved.","Adoption Thresholds; Diffusion Of Innovation; Network Interventions; Physician Influence Networks; Preexposure Prophylaxis (prep); Technology Adoption"
"Not all friends are created equal: Friendship ties across different social contexts in South Korea","2024","Social Networks","10.1016/j.socnet.2024.02.002","https://www.scopus.com/inward/record.uri?eid=2-s2.0-85187692456&doi=10.1016%2Fj.socnet.2024.02.002&partnerID=40&md5=611ac850bc2dfdae5ed24615f37d1877","This study explores variation in composition and strength of close friendship ties across timing and contexts of tie formation. Analyzing South Korean survey data and comparing it with existing U.S. and Korean network data, we find both similarities and differences between friendship and non-kin discussion networks in the two countries. We show that schools are a crucial source of close friendships for Koreans, shaping homophily patterns. Additionally, we uncover substantial variations in tie strength across timings and contexts of tie formation. We discuss the implications of these findings, highlighting the role of social and cultural contexts in shaping personal networks. © 2024 Elsevier B.V., All rights reserved.","Foci Of Activity; Friendship; Homophily; Korea; Tie Formation"
"Streams of interactions: Social connectedness in daily life","2024","Social Networks","10.1016/j.socnet.2024.03.001","https://www.scopus.com/inward/record.uri?eid=2-s2.0-85187533285&doi=10.1016%2Fj.socnet.2024.03.001&partnerID=40&md5=a4d7f7b399c4ca98f1c197efa595ee6b","This study contributes to the social connectedness literature by exploring the range of social interactions that people experience on a daily basis using time diary data. First, we investigate the different types of people whom individuals encounter in everyday life (i.e., family, friends, co-workers, acquaintances, others). Quantifying the degree of this social exposure provides insight into potential sources of support, information, comparison, and control. It further allows us to capture certain types of social connections that are commonly missed in traditional social network questionnaires. Second, we examine how social context fosters interactions between different types of people. Upon analyzing data from the American Time Use Survey, we find that a majority of respondents (69%) engaged in at least one interaction with a non-household member in a 24-hour period. We also found that interactions with different types of people varied according to social context. Interactions with friends, acquaintances, and “others” were significantly more likely to occur in public contexts rather than private or professional contexts. Collectively, our findings highlight the prevalence of social exposure among the American population as well as the important role of social context in making these interactions possible. © 2024 Elsevier B.V., All rights reserved.","Social Connectedness; Social Context; Social Interactions; Time Diary"
"Positive, negative, and ambivalent dyads and triads with family and friends: A personal network study on how they are associated with young adults’ well-being","2024","Social Networks","10.1016/j.socnet.2024.02.004","https://www.scopus.com/inward/record.uri?eid=2-s2.0-85187025921&doi=10.1016%2Fj.socnet.2024.02.004&partnerID=40&md5=2ca1a77659c5e35901067f8392a81bfa","Although negative ties may cause stress and harm well-being, they are also considered fundamental in close and ongoing relationships. This study distinguishes positive, negative, and – when characterized by both valences – ambivalent ties. Analyzing almost 10,000 personal networks from the Swiss CH-X study shows that: (1) ambivalence among family members is more prevalent than among non-family members, (2) ambivalent family dyads or triads are not negatively associated with well-being, and (3) certain balanced family triads are associated with higher well-being and an unbalanced non-family triad is associated with lower well-being. These results suggest that conflicts are not necessarily detrimental to young adults’ well-being. © 2024 Elsevier B.V., All rights reserved.","Ambivalence; Dyads; Family Relationships; Friendships; Negative Ties; Personal Networks; Structural Balance Theory; Triads; Well-being"
"Walk-Independence Probabilities and WIP Centrality: A new heuristic for diffusion probabilities in networks","2024","Social Networks","10.1016/j.socnet.2023.11.007","https://www.scopus.com/inward/record.uri?eid=2-s2.0-85186609772&doi=10.1016%2Fj.socnet.2023.11.007&partnerID=40&md5=7bd12ea34ed2cd20c943db58afe70806","Calculating the true probability that a signal will be transmitted between any pair of nodes in a network is computationally hard. Diffusion centrality, which counts the expected number of times that a signal will be transmitted, is often used as a heuristic for this probability. But this formula can lead to distorted results when used in this way, because its summation of probabilities does not take account of the inclusion–exclusion principle. This paper provides a simple new formula for the probabilities of node-to-node diffusion in networks, which uses De Morgan's laws to account for the inclusion–exclusion principle. Like diffusion centrality, this formula is based on the assumption that the probabilities of a signal travelling along each walk in a network are independent. The probabilities it calculates are therefore called Walk-Independence Probabilities (WIP). These probabilities provide two new centrality measures, WIP centrality and blocking centrality. Blocking centrality is a type of induced centrality which is calculated when some nodes block signals. © 2024 Elsevier B.V., All rights reserved.","Diffusion Centrality; Information; Katz–bonacich Centrality; Networks"
"Older adults’ mental health during the COVID-19 pandemic: The association with social networks","2024","Social Networks","10.1016/j.socnet.2024.02.003","https://www.scopus.com/inward/record.uri?eid=2-s2.0-85186399023&doi=10.1016%2Fj.socnet.2024.02.003&partnerID=40&md5=4940f7d0de1cadacdd048c87dbd61c56","This study examined the impact of different social networks on the mental health outcomes of older adults during the COVID-19 pandemic. Participants were 25,534 older adults from the Survey of Health, Ageing and Retirement in Europe (SHARE). The study identified five social network profiles (family, friends, spouse, diverse, others) and a “no network” group. Findings showed that, compared to the no network profile, those with spouse and family profiles are more protected against depression and loneliness during the COVID-19. In turn, individuals within friends and diverse profiles had a similar likelihood of feeling depressed, anxious, and lonely. Friends and diverse profiles had higher likelihood of suffering more anxious or lonelier than before the COVID-19 compared to the no network profile. The study further discusses possible explanations about why these profiles, which typically served as mental health protectors, were significantly affected by the unique circumstances of the COVID-19 pandemic. © 2024 Elsevier B.V., All rights reserved.","Covid-19; Mental Health; Older People; Social Network"
"Stochastic actor oriented model with random effects","2024","Social Networks","10.1016/j.socnet.2024.01.002","https://www.scopus.com/inward/record.uri?eid=2-s2.0-85183100164&doi=10.1016%2Fj.socnet.2024.01.002&partnerID=40&md5=08c8ba1bd57c3c39273a57b8074affc7","The stochastic actor oriented model (SAOM) is a method for modelling social interactions and social behaviour over time. It can be used to model drivers of dynamic interactions using both exogenous covariates and endogenous network configurations, but also the co-evolution of behaviour and social interactions. In its standard implementations, it assumes that all individual have the same interaction evaluation function. This lack of heterogeneity is one of its limitations. The aim of this paper is to extend the inference framework for the SAOM to include random effects, so that the heterogeneity of individuals can be modelled more accurately. We decompose the linear evaluation function that models the probability of forming or removing a tie from the network, in a homogeneous fixed part and a random, individual-specific part. We extend the algorithm so that the variance of the random parameters can be estimated with method of moments. Our method is applicable for the general random effect formulations. We illustrate the method with a random out-degree model and show the parameter estimation of the random components, significance tests and model evaluation. We apply the method to the Kapferer's Tailor shop study. It is shown that a random out-degree constitutes a serious alternative to including transitivity and higher-order dependency effects. © 2024 Elsevier B.V., All rights reserved.","Kapferer Tailor Shop Dataset; Longitudinal Networks; Method Of Moments; Random Effects; Score Test; Stochastic Actor Oriented Model"
"Theorizing the concept of social tie using frames","2024","Social Networks","10.1016/j.socnet.2024.01.001","https://www.scopus.com/inward/record.uri?eid=2-s2.0-85182575482&doi=10.1016%2Fj.socnet.2024.01.001&partnerID=40&md5=b527a26539537735a6416184dd2b1e49","In classical Social Network Analysis (SNA), what counted as a “social tie” was fixed by available data collection methods. The emergence of large-scale unobtrusive data collection techniques has sparked renewed interest in the very idea of what counts as a “social tie.” Importantly, there has been an acknowledgment that the core issues raised by these developments are primarily conceptual. As a result, there is renewed interest in developing a scientifically grounded characterization of what is arguably the most central concept in social network analysis. This paper contributes to this conceptual effort. I rely on a technique of conceptual representation borrowed from cognitive psychology and cognitive linguistics in which frames for concepts are represented as directed graphs linking attributes to values. I show how the frame representation helps clarify the sort of claims that network theories make (e.g., imposing restrictions on attributes and values), how it helps specify both intra and inter-conceptual relations, how it illuminates seldom noted inter-theoretical commonalities and contrasts, and how it helps avoid common conceptual pitfalls. © 2024 Elsevier B.V., All rights reserved.",""
"Cross-sectional social network study of adolescent peer group variation in substance use and mental wellbeing: The importance of the meso level","2024","Social Networks","10.1016/j.socnet.2023.12.002","https://www.scopus.com/inward/record.uri?eid=2-s2.0-85182426407&doi=10.1016%2Fj.socnet.2023.12.002&partnerID=40&md5=ba91a9ef818d0bace106656e7c5cb600","Adolescent health-related behaviours and outcomes are shaped by their peers through various social processes. Research using network data on friendship ties has uncovered evidence for processes such as peer influence and imitation. Much less is known about how the structure of small groups within a network, network communities that represents its meso level, affect individuals. The structure and composition of peer groups could play an important role in shaping health behaviour but knowledge of the effects of groups is limited. We used data from The Peers and Levels of Stress study, a cross-sectional social network study conducted in 2006 of 22 secondary schools in Glasgow, Scotland. Students from one year group (15–16 yrs., N = 3148; 50.8% women) provided information on socio-demographics, health behaviour and friendships via a questionnaire. Dependent variables were substance use and general mental wellbeing measured via principal components. We used a series of multilevel models with students (level 1), network communities (peer groups) identified by the Walktrap algorithm (level 2), and schools (level 3). We found substantial and moderate clustering at the peer group level for substance use and mental wellbeing, respectively. Larger and more transitive groups were associated with less substance use, but worse mental wellbeing. Addressing the methodological gap regarding the influence of the choice of group detection method on findings, we repeated our analysis using nine additional methods. The choice of the method somewhat influenced peer group variance and greatly influenced association of peer group properties with health. This study makes two key contributions to school-health improvement research. Beyond describing peer group clustering health outcomes, this is the first demonstration that structural and compositional characteristics of peer groups are associated with individual health, while highlighting the sensitivity of findings to group detection method used. © 2024 Elsevier B.V., All rights reserved.","Adolescents; Friendship Networks; Group Detection Methods; Mental Wellbeing; Peer Groups; Substance Use"
"Down and out? the role of household income in students’ friendship formation in school-classes","2024","Social Networks","10.1016/j.socnet.2023.12.003","https://www.scopus.com/inward/record.uri?eid=2-s2.0-85181823930&doi=10.1016%2Fj.socnet.2023.12.003&partnerID=40&md5=f05db75ee5342f2665aacc33a166592f","Research suggests that coming from a lower economic background compromises social integration at school, yet the precise mechanisms underlying this link remain unknown. Therefore, this study examined the effect of household income on friendship network dynamics among classmates in a large sample of Swedish youths (n = 4787 from 235 classes, m age = 14.65, 51% girls, and 33% immigrant background), using multilevel longitudinal social network analysis. Over time, students from poorer households were less often selected as a friend by classmates and they less often initiated or maintained friendship ties than students from higher income households. Furthermore, different conceptualizations of income relative to classmates did not impact friendship formation tendencies. The findings indicate that theories of relative income do not extend understanding of students’ friendship formation beyond processes related to absolute income. In addition, this study suggests that the social integration of students from low-income households could be boosted by both promoting their agency in forming friendships and preventing exclusion by classmates. © 2024 Elsevier B.V., All rights reserved.","Classroom Context; Friendships; Household Income; Saoms"
"Co-evolution of a socio-cognitive scientific network: A case study of citation dynamics among astronomers","2024","Social Networks","10.1016/j.socnet.2023.11.008","https://www.scopus.com/inward/record.uri?eid=2-s2.0-85180947745&doi=10.1016%2Fj.socnet.2023.11.008&partnerID=40&md5=5f64a74e186c7ed2bb4e9ca13e486c6e","This paper aims to understand how a group of academics cite each others’ work through time, considering the simultaneous co-evolution of three networks representing their scientific collaboration, the journals in which they publish and institutional membership. It argues that both social and cognitive processes contribute to these dynamics. Two types of network mechanisms are considered specifically: closures by affiliation and closures by association. To assess whether these mechanisms generate the macro features of the network under study, we propose new features for three-mode multilevel networks such as the mixed geodesic distances, mixed degree distributions, and the mixed quadrilateral census. We investigate whether a micro-level model that considers the above-mentioned network mechanisms is able to correctly reproduce these features. We apply stochastic actor-oriented models (SAOMs) for one-mode and two-mode networks to link the micro-macro processes using a dataset of a scientific community of astronomers from 2013 to 2015. The results suggest that social relationships grounded on scientific collaboration and proximity based on institutional affiliation are more accurately suited to understanding the co-evolution of the network of citations than an alternative approach that merely considers cognitive-based networks measured as the similarity in publishing in the same journals. © 2024 Elsevier B.V., All rights reserved.","Citation Network; Collaboration Network; Multilevel Networks; Multiplex Networks; Network Dynamics; Scientific Networks; Siena; Stochastic Actor-oriented Model"
"Imaginary network motifs: Structural patterns of false positives and negatives in social networks","2024","Social Networks","10.1016/j.socnet.2023.11.005","https://www.scopus.com/inward/record.uri?eid=2-s2.0-85179162089&doi=10.1016%2Fj.socnet.2023.11.005&partnerID=40&md5=a72773d4aa10a7e32885f24f01259546","We examine the structural patterns in the cognitive representation of social networks by systematically classifying false positives and negatives. Although existing literature on Cognitive Social Structures (CSS) has begun exploring false positives and negatives by comparing actual and perceived networks, it has not differentiated simultaneous occurrences of true and false positives and negatives on network motifs, such as reciprocity and triadic closure. Here, we propose a theoretical framework to categorize three classes of errors we call imaginary network motifs as combinations of accurately and erroneously perceived ties: (a) partially false, (b) completely false, and (c) mixed false. Using four published CSS data sets, we empirically test which imaginary network motifs are significantly more or less present in different types of perceived networks than the corresponding actual networks. Our results confirm that people not only fill in the blanks as suggested in the prior research but also conceive other imaginary structures. The findings advance our understanding of perception gaps between actual and perceived networks and have implications for designing more accurate network modeling and sampling. © 2023 Elsevier B.V., All rights reserved.","Cognitive Errors; Cognitive Social Structures; Network Motifs; Network Perceptions; Social Networks"
"Bayesian testing of scientific expectations under exponential random graph models","2024","Social Networks","10.1016/j.socnet.2023.11.004","https://www.scopus.com/inward/record.uri?eid=2-s2.0-85179105996&doi=10.1016%2Fj.socnet.2023.11.004&partnerID=40&md5=3ff7a74e3dfc428c1ee181ff563b6ca6","The exponential random graph (ERGM) model is a commonly used statistical framework for studying the determinants of tie formations from social network data. To test scientific theories under ERGMs, statistical inferential techniques are generally used based on traditional significance testing using p-values. This methodology has certain limitations, however, such as its inconsistent behavior when the null hypothesis is true, its inability to quantify evidence in favor of a null hypothesis, and its inability to test multiple hypotheses with competing equality and/or order constraints on the parameters of interest in a direct manner. To tackle these shortcomings, this paper presents Bayes factors and posterior probabilities for testing scientific expectations under a Bayesian framework. The methodology is implemented in the R package BFpack. The applicability of the methodology is illustrated using empirical collaboration networks and policy networks. © 2023 Elsevier B.V., All rights reserved.","Bayes Factors; Bayesian Hypothesis Testing; Exponential Random Graph Models; G-priors"
"The interplay of structural features and observed dissimilarities among centrality indices","2024","Social Networks","10.1016/j.socnet.2023.11.006","https://www.scopus.com/inward/record.uri?eid=2-s2.0-85179098119&doi=10.1016%2Fj.socnet.2023.11.006&partnerID=40&md5=a4c2a0076d980d6077fb315ecd0a2095","An abundance of centrality indices has been proposed which capture the importance of nodes in a network based on different structural features. While there remains a persistent belief that similarities in outcomes of indices is contingent on their technical definitions, a growing body of research shows that structural features affect observed similarities more than technicalities. We conduct a series of experiments on artificial networks to trace the influence of specific structural features on the similarity of indices which confirm previous results in the literature. Our analysis on 1163 real-world networks, however, shows that little of the observations on synthetic networks convincingly carry over to empirical settings. Our findings suggest that although it seems clear that (dis)similarities among centralities depend on structural properties of the network, using correlation type analyses do not seem to be a promising approach to uncover such connections. © 2023 Elsevier B.V., All rights reserved.","Centrality; Correlation; Network Topology; Threshold Graphs"
"Homophily and the evolution of cooperation in the Volunteer's Dilemma: A computational study on dynamic graphs","2024","Social Networks","10.1016/j.socnet.2023.11.003","https://www.scopus.com/inward/record.uri?eid=2-s2.0-85177884666&doi=10.1016%2Fj.socnet.2023.11.003&partnerID=40&md5=ff52b901589a35cc467cc212bfcc59b3","We study the evolution of cooperation in the Volunteer's Dilemma using the stochastic Moran process on dynamic graphs, which models a birth–death dynamic on structured finite populations. According to the Moran process, in each period one player is selected to reproduce, where the probability of being selected is proportional to payoff-related fitness levels, and a copy of this player is substituted for a player who is randomly selected to die. The interaction of the players is embedded in a network structure which determines the overlapping groups within which the Volunteer's Dilemma is played. Networks vary to the extent they exhibit homophily, i.e., they vary in the extent to which the interacting groups primarily encompass either cooperators or defectors instead of a mix of both types of players. By varying the degree of homophily in the network, we thus can study the question if and to what extent assortment of strategies favors the evolution of cooperation in the Volunteer's Dilemma. Our results show that a surprisingly high extent of homophily is required to ensure the evolution of cooperation in the Volunteer's Dilemma when modeled as a stochastic process in pure strategies. Other parameters, such as selection pressure or the number of initial cooperators, have a comparatively small effect on the fixation of cooperation in the population. © 2023 Elsevier B.V., All rights reserved.","Assortment; Evolution Of Cooperation; Homophily; Network Structure; Volunteer's Dilemma"
"How adolescents’ popularity perceptions change: Measuring interactions between popularity and friendship networks","2024","Social Networks","10.1016/j.socnet.2023.10.004","https://www.scopus.com/inward/record.uri?eid=2-s2.0-85176320382&doi=10.1016%2Fj.socnet.2023.10.004&partnerID=40&md5=71e93b6b01533b7c4b81ef4669717ff9","Longitudinal multivariate social network analysis (N=3692 adolescents; 136 classrooms) showed that adolescents were more likely to perceive their friends as popular but did not choose peers that they perceived to be popular as friends. Adolescents aligned their perceptions of popularity with their friends. Adolescents who received many popularity nominations attracted more popularity but not more friendship. Friends of peers seen as popular by an individual were more likely to be seen as popular by that individual. These results highlight the importance of describing popularity as a network, exploring dyadic, triadic, and group processes separately. © 2024 Elsevier B.V., All rights reserved.","Adolescence; Friendship; Longitudinal Multivariate Analysis; Popularity; Sienabayes; Social Network"
"Offence versatility among co-offenders: A dynamic network analysis","2024","Social Networks","10.1016/j.socnet.2023.10.003","https://www.scopus.com/inward/record.uri?eid=2-s2.0-85176245491&doi=10.1016%2Fj.socnet.2023.10.003&partnerID=40&md5=061014f31674f5b95264d8e864eccf33","Research examining co-offending has become increasingly popular over the last two decades. Despite this, there remains a dearth of research examining the dynamics of co-offending across time, largely due to limited access to longitudinal data. In the current paper we are interested in explaining crime versatility, and therefore we employ Relational Hyperevent Models (RHEM) to model the conditional probability that a given group of co-offenders engages in one set of crime categories rather than another. Thus, we are analyzing a two-mode network (actors by crime categories) and explain, conditional on a given group of co-offenders, their participation in the set of specific crime types involved in a particular crime event. With respect to co-offending, results reveal that, compared with solo offenders, groups of two or more co-offenders are more likely to engage in crime events involving more than just one crime category. Results suggest that in the context of co-offending both market and property crime show evidence of differential association and social learning. Naïve partners in co-offending partnerships learn the skills and knowledge needed to participate in co-offending involving market and property crime. © 2023 Elsevier B.V., All rights reserved.","Co-offending; Crime; Relational Hyperevent Models"
"Understanding networks with exponential-family random network models","2024","Social Networks","10.1016/j.socnet.2023.07.003","https://www.scopus.com/inward/record.uri?eid=2-s2.0-85167441059&doi=10.1016%2Fj.socnet.2023.07.003&partnerID=40&md5=4aeda39ad84db9d6043b741870af6a3d","The structure of many complex social networks is determined by nodal and dyadic covariates that are endogenous to the tie variables. While exponential-family random graph models (ERGMs) have been very successful in modeling social networks with exogenous covariates, they are often misspecified for networks where some covariates are stochastic. Exponential-family random network models (ERNMs) are an extension of ERGM that retain the desirable properties of ERGM, but allow the joint modeling of tie variables and covariates. We compare ERGM to ERNM to show how conclusions of ERGM modeling are improved by consideration of the ERNM framework. In particular, ERNM simultaneously represents the effects of social influence and social selection processes, while commonly used models do not. © 2024 Elsevier B.V., All rights reserved.","Endogenous Covariates; Ergm; Ernm; Goodness Of Fit; Social Network Modeling"
"Re-print of: Contextualizing oppositional cultures: A multilevel network analysis of status orders in schools","2024","Social Networks","10.1016/j.socnet.2023.11.001","https://www.scopus.com/inward/record.uri?eid=2-s2.0-85181834827&doi=10.1016%2Fj.socnet.2023.11.001&partnerID=40&md5=215cbd85fd2fcd3f359a559854c9a7cd","Different lines of research have argued that specific groups, such as boys or ethnic minorities, are more prone to develop an anti-school culture than others, leading to group differences in the social acceptance of high performers. Taking an ecological view, we ask to what extent the school context promotes or prevents the emergence of group-specific oppositional cultures. Theoretically, we argue that group-based oppositional cultures become more likely in schools with low socio-economic resources and in schools where socio-economic differences align with demographic attributes. We test our hypotheses based on data from a large-scale, four-wave network panel survey among more than 4000 students in Germany. Applying stochastic actor-oriented models for the coevolution of networks and behavior, we find that group-based oppositional cultures in which students like high performers less are very rare. However, in line with theoretical expectations, the less resourceful a school is, the more boys tend to evaluate high-performing peers less positively than girls do. Moreover, the more ethnic minority boys are socioeconomically disdvantaged in a school, the more they tend to evaluate high performers less positively than majority boys do. © 2024 Elsevier B.V., All rights reserved.","Ethnicity; Gender; Liking; Rsiena; School Performance; Stochastic Actor-oriented Models"
"Network Ecology: Introduction to the Special Issue","2024","Social Networks","10.1016/j.socnet.2023.12.001","https://www.scopus.com/inward/record.uri?eid=2-s2.0-85181228974&doi=10.1016%2Fj.socnet.2023.12.001&partnerID=40&md5=302acf74af788b3da3d9a8e406c08b8f","[No abstract available]",""
"Network formation in organizational settings: Exploring the importance of local social processes and team-level contextual variables in small groups using bayesian hierarchical ERGMs","2024","Social Networks","10.1016/j.socnet.2022.07.001","https://www.scopus.com/inward/record.uri?eid=2-s2.0-85136261265&doi=10.1016%2Fj.socnet.2022.07.001&partnerID=40&md5=93702a376884c661c85f080a44f73bfb","Statistical models for social networks, such as exponential random graphs (ERGMs), have increasingly been used by organizational scholars to study the social interactions inside organizations, departments, and teams. While such models have been successful in providing insights about the local processes that underlie these interactions (such as homophily, reciprocity or transitivity), an additional interesting avenue for research focuses on the role of group-level contextual variables (such as the climate or composition of a team or organization) when considering a multitude of teams or organizations. In this paper we show how, in a team context, integrating team-level factors in a multilevel framework (i.e., a Bayesian hierarchical ERGM) enables us to answer questions about: 1) how team-level contextual factors might provide alternative explanations for the emergence of intra-team ties, and 2) whether any variation in local tendencies between teams might be dependent on such team-level variables (i.e., cross-level interactions). Using data collected among 103 MBA students who were grouped into 18 teams of 5–7 members to work on a project, we study the impact of members’ expertise and perceived psychological safety on advice seeking behavior. At a local level, we focus on the effect of these nodal attributes for homophily and differences in advice seeking and giving, while at the team level we incorporate the average expertise and the team's psychological safety climate. Our results show that expert members are more likely to be the recipient of advice ties, but also that this effect is more pronounced in teams where the overall level of expertise is high. For psychological safety, we find that a high psychological safety climate impacts the advice relations among all members in the group, not solely those who themselves perceive a high level of psychological safety, suggesting that the team climate has an impact on all its members. This illustrates how a Bayesian hierarchical ERGM allows us to obtain relevant results even when studying small-sized groups. © 2024 Elsevier B.V., All rights reserved.",""
"Networking a career: Individual adaptation in the network ecology of faculty","2024","Social Networks","10.1016/j.socnet.2022.04.002","https://www.scopus.com/inward/record.uri?eid=2-s2.0-85130494676&doi=10.1016%2Fj.socnet.2022.04.002&partnerID=40&md5=708d1f5c295a89c894b4b103da2abfd1","Using a 22-year study of an elite university's faculty networks and their work activities, we extend network ecology to concern top-down processes of environmental selection and bottom-up processes of individual adaptation. We argue that faculty enact distinct types of collaborative work activity that are central to their role: research training (co-advising), publishing (co-authoring), and financing (co-granting). STEM (hard science) and HSS (humanities and social science) cultures train and expect their members to perform these activities in different ways reflective of distinct networking styles. STEM faculty anchor their work relations in grants and extend those relations liberally to advising and publishing collaborations, forming an egalitarian interdisciplinary network reflective of a guild system. HSS faculty anchor their work relations in advising and layer and extend their ties locally around star faculty to form a restrictive patronage system. However, individual faculty vary in their adherence to these styles, and those adopting the STEM style of networking are more likely to survive in the university and achieve tenure. New faculty increasingly learn and adapt to this, and the STEM model increasingly diffuses and transforms the university social structure, illustrating the salience of top-down and bottom-up processes of network ecology in explaining social structural change. © 2024 Elsevier B.V., All rights reserved.","Academic Collaboration; Multiplex Networks; Network Ecology; Networking Styles; Sociology Of Knowledge"
"Transitory ties: A network ecology perspective on job opportunities in fashion modeling","2024","Social Networks","10.1016/j.socnet.2022.02.003","https://www.scopus.com/inward/record.uri?eid=2-s2.0-85126842911&doi=10.1016%2Fj.socnet.2022.02.003&partnerID=40&md5=f0ebdfa94897573f443f7155bb447099","Project-based and short-term employment is widespread in the contemporary labor market, yet existing theories of social capital often rely on an organizationally bound model of work and careers. In this paper, we expand this perspective by examining the case of precarious employment in a creative industry to ask, what kinds of social ties promote or constrain workers’ opportunities? We examine networks among fashion models, a case of project-based freelance labor. Using ethnographic accounts of fashion shows and castings, as well as a unique longitudinal dataset of careers and networks in fashion modeling, we develop the notion of “transitory ties” to account for the short-term, fleeting, and highly valuable social relations that models form recurrently on jobs. We adopt a network ecology perspective on transitory ties by showing how contextual factors drive their formation, and ultimately broader network structures that have tremendous consequences for models’ careers. © 2024 Elsevier B.V., All rights reserved.","Careers; Creative Industries; Fashion Models; Network Ecology; Social Capital; Transitory Ties; Types Of Ties"
"Generators or diffusers? Examining differences in the dynamic coupling of context and social ties across multiple types of foci","2024","Social Networks","10.1016/j.socnet.2022.02.004","https://www.scopus.com/inward/record.uri?eid=2-s2.0-85125114945&doi=10.1016%2Fj.socnet.2022.02.004&partnerID=40&md5=c7183a369ed9fbfc084d31e79bcd92b2","Feld's focus theory is one of the most influential approaches in social network analysis. However, with very few exceptions, empirical assessments of the theory have only focused on a narrow range of its predictions premised on comparative statics. This paper restates classical focus theory in terms of dependence between multiple network layers as they co-evolve, yielding dynamic focus theory. Social foci serve as an ecology within which person-to-person relations form and as a mechanism via which tastes and behaviors diffuse within a population through interpersonal ties. We argue this is a type of “focus effect” distinct from the standard tie-generation process typically considered. In addition, we go beyond previous single-foci studies in considering multiple foci types, allowing us to ascertain which foci—e.g., clubs, activities, musical genres, or academic course areas—act more like tie generators or which ones as taste diffusers. Using rich data from the NetSense and NetHealth studies, we use recently developed Stochastic Actor-Oriented Models (SAOMs) for two-mode networks to estimate simultaneous foci effects across different foci types. We find that musical genres function primarily as taste-diffusers, club types exclusively as tie generators, and course areas and activities as both tie generators and taste diffusers. We conclude by discussing key implications of dynamic focus theory, including how foci properties can account for variability in foci effects and the role different types of social foci play in social influence and the diffusion of tastes and behaviors. © 2024 Elsevier B.V., All rights reserved.","Diffusion; Focus Theory; Network Ecology; Social Foci; Social Influence; Stochastic Actor-oriented Models; Tie-generators; Two-mode Networks"
"Persistence and change in structural signatures of tie formation over time","2024","Social Networks","10.1016/j.socnet.2021.12.001","https://www.scopus.com/inward/record.uri?eid=2-s2.0-85124901696&doi=10.1016%2Fj.socnet.2021.12.001&partnerID=40&md5=c6b03e7ee747e9f824f774ded51441e7","Using data on the formation of Facebook friendships from over 100,000 students at the 1141 four-year colleges and universities in the Department of Education Scorecard dataset, we examine whether students’ tendencies to form more open or closed relations (their closure “signature”) persist as they leave high school and attend college, and whether this varies by the type of institution attended. Despite significant persistence of individual signature, for the case of Facebook friendships, individuals do tend to adopt the closure signature that characterizes their school. Contrary to expectation, students at more selective colleges are more, not less, likely to form friends with those with whom they share more friends. Yet, at the crucial time of transition to a new school, they form more open ties, due to the tendency of very popular students to reach out to those they generally would not form ties with. © 2024 Elsevier B.V., All rights reserved.","Closure; Facebook; Persistence; Social Networks"
"How do youth choose activities? Assessing the relative importance of the micro-selection mechanisms behind adolescent extracurricular activity participation","2024","Social Networks","10.1016/j.socnet.2021.12.008","https://www.scopus.com/inward/record.uri?eid=2-s2.0-85122925730&doi=10.1016%2Fj.socnet.2021.12.008&partnerID=40&md5=aaac0e7d9de980001c2f9d71b6106308","We investigate the network micro-selection mechanisms responsible for patterns of high school student extracurricular activity (ECA) participation, with a particular focus on those that can lead to ethnoracial segregation. We identify six types of mechanisms by which students select into activities (e.g., peer influence, homophily), which we test using a unique longitudinal dataset that combines student surveys with yearbook data on ECA involvement. These contexts represent two ethnoracially diverse U.S. high schools involving 2403 students and over 200 different activities spanning two school years. Using a stochastic actor-oriented model for two-mode networks, we find support for the hypothesized activity selection mechanisms. Follow-up analyses convey the relative importance of different mechanisms and inform our discussion of how ECA participation patterns develop and possible sources of segregation. Whereas selection is driven by mechanisms that include influence from friends and co-participants and similarity to fellow participants, no single overarching mechanism appears strong enough to fully account for ECA segregation © 2024 Elsevier B.V., All rights reserved.","Extracurricular Activities; Homophily; Race/ethnicity; Segregation; Stochastic Actor-oriented Model; Two-mode Network"
"The social ecology of intergenerational closure in school class networks. Socio-spatial conditions of parents’ norm generation and their effects on students’ interpersonal conflicts","2024","Social Networks","10.1016/j.socnet.2021.12.009","https://www.scopus.com/inward/record.uri?eid=2-s2.0-85122678724&doi=10.1016%2Fj.socnet.2021.12.009&partnerID=40&md5=07c96a917bff19c5b3c9a0e62cfc0676","In this paper, we investigate how protective effects of intergenerational closure correspond with conflict networks in school classes. Taking a multilevel ecological perspective, we also consider networks’ socio-spatial conditions. In a first step, we use ERGMs to analyze the association between parental contact and students’ friendship ties, i.e., intergenerational closure (IC). Then, we utilize spatial regressions to analyze direct and moderating effects of a school's neighborhood on conflicts in the 135 German class networks (N = 3143 student measurements). In accordance with Coleman's theoretical notions, we find consistent negative effects of IC on the (standardized) density of the conflict networks. Moreover, we show that IC's impact is particularly strong in neighborhoods with a relatively high concentration of minorities. The results are in line with our theoretical considerations on multilevel network ecologies and the selective pressure of IC against conflict ties. Practically, our results provide evidence that fostering connections among parents (e.g., by implementing opportunity structures for parents to meet) might help to prevent deviating behavior in schools, especially in neighborhoods with relatively large proportions of ethnic minorities. © 2024 Elsevier B.V., All rights reserved.","Diverse Neighbourhoods; Exponential Random Graph Model; Intergenerational Closure; Interpersonal Conflict; Network Ecology"
"Networks from culture: Mechanisms of tie-formation follow institutionalized rules in social fields","2024","Social Networks","10.1016/j.socnet.2021.12.005","https://www.scopus.com/inward/record.uri?eid=2-s2.0-85122505602&doi=10.1016%2Fj.socnet.2021.12.005&partnerID=40&md5=196b374700058019137532596fc1fefb","Tie-formation mechanisms like homophily, reciprocity, transitivity, and preferential attachment operate to varying degrees across contexts. Romantic ties tend to be homophilous by age, education, and ethnicity, and to remain dyadic. Scientific citations, in contrast, fall into highly unequal preferential attachment patterns. Triangulation is nearly absent in advice and patronage networks but features prominently in friendship ties. Building on relational sociology and field theory, we argue that such variation in patterns of connectivity derives from the meaning attached to relationships, which varies by context. Tie-formation logics are institutionalized rules-of-the-game and susceptible to change over time. Accordingly, the mechanisms of tie-formation behind empirical network patterns have to be connected to the cultural rules in particular fields. © 2024 Elsevier B.V., All rights reserved.","Institution; Meaning Structure; Network Mechanism; Social Field; Tie-formation"
"Routine action networks: An architectural study of spatial layouts and performativity in outpatient clinics","2024","Social Networks","10.1016/j.socnet.2021.12.004","https://www.scopus.com/inward/record.uri?eid=2-s2.0-85122000520&doi=10.1016%2Fj.socnet.2021.12.004&partnerID=40&md5=1855cc55b104c45667de62d5b9c38f04","Social network analysis offers powerful ways to investigate personal relationships, however, to date little work has explored the more routinized, impersonal work processes present in bureaucratic organizations. Asking whether network analysis has insights to offer into routine work, this paper investigates a data set of direct observations of diagnostic care processes in ten outpatient clinics of two different hospitals. Instead of networks of agents, this study constructs so called action networks, tying together sequences of tasks into networks structures. Following the strong social networks tradition of considering contexts, this paper examines the architectural layout of a setting as key variable. Drawing in particular on ecological approaches to the study of networks by focusing on variability, it is hypothesized that the spatial configuration of clinics is associated with performativity, i.e., a more varied set of sequences to emerge within more open-plan layouts. Results indicate that this is the case, showing how different sets of routines emerge in different types of layout depending on their spatial openness. Variability in routinization is also found between doctors, nurses and clerks, highlighting ecological niches. Network density as well as edge-weighted centralization turned out to be useful metrics for performativity. The work presented contributes to the study of bureaucratic organizations, making a case that social network methods can be fruitfully applied to impersonal, routinized and rule-driven relations. © 2024 Elsevier B.V., All rights reserved.","Action Network; Bureaucratic Organization; Context; Network Ecology; Outpatient Clinic; Routine Dynamics; Spatial Layout"
"Digital networks: Elements of a theoretical framework","2024","Social Networks","10.1016/j.socnet.2021.12.002","https://www.scopus.com/inward/record.uri?eid=2-s2.0-85121740782&doi=10.1016%2Fj.socnet.2021.12.002&partnerID=40&md5=3f9e70387d3d062f5a378ac3cd4f428c","The proliferation of new, digital communications technologies and platforms over the past few decades has transformed the way humans relate to one another. In turn, there has been an explosion of scientific research using data on these interactions to better understand how social networks emerge and evolve. Curiously, this agenda has proceeded with little theoretical foundation—typically assuming digital and face-to-face ties operate the same way. The purpose of this article is to interrogate this assumption: I identify when, how, and to what consequence digital networks are similar to and different from other kinds of social networks and thereby attempt to strengthen the available theoretical scaffolding for this important and rapidly growing body of work. © 2024 Elsevier B.V., All rights reserved.","Computational Social Science; Internet; Online Interaction; Theory; Tie-generating Mechanisms"
"A time to give and a time to receive: Role switching and generalized exchange in a financial market","2024","Social Networks","10.1016/j.socnet.2021.11.005","https://www.scopus.com/inward/record.uri?eid=2-s2.0-85121270289&doi=10.1016%2Fj.socnet.2021.11.005&partnerID=40&md5=eba1136d6a00a36fa4ba93c66f21fad3","We study the effect of generalized exchange as a possible mechanism reproducing the flows of resources among participants in financial markets. In an analysis of on-line trading in a major European interbank market for liquidity, we find that generalized exchange is unlikely to affect sequences of short-term market transactions, but it emerges forcefully in the longer-term. This empirical result is consistent with our predictions that generalized exchange may be understood only with reference to the temporal micro-structure of transactions linking occupants of market roles (“buyers” and “sellers,” in our case). We also find that generalized exchange does not affect larger market transactions in the shorter-term, and is unlikely to emerge in the longer-term. This result is consistent with our prediction that generalized exchange does not operate as a stabilizing mechanism for asymmetric market transactions when they involve higher levels of risk. The results of the study clarify how and when context-specific differences in time and value of transactions trigger (or inhibit) generic network mechanisms in decentralized systems of exchange like, for example, markets. © 2024 Elsevier B.V., All rights reserved.","Generalized Exchangefinancial Markets; Interorganizational Exchange; Organizational Networks; Reciprocity; Relational Event Models"
"Organizational practices and workplace relationships in precarious work: New survey evidence","2024","Social Networks","10.1016/j.socnet.2021.10.003","https://www.scopus.com/inward/record.uri?eid=2-s2.0-85119433900&doi=10.1016%2Fj.socnet.2021.10.003&partnerID=40&md5=8d6dad7eb840b71ac5585828143effcb","Organizational practices are important dimensions of the social contexts that shape relationship formation. In workplaces, the formation of relationships among coworkers are resources for personal outcomes, and they can be channels through which workers might identify common grievances, form workplace solidarity, and engage in collective action. Using a unique dataset of retail workers across the United States from the Shift Project, this paper examines two potential pathways by which organizational practices common in the retail industry in the U.S. might shape the formation of workplace relationships. I find evidence of the role of both pathways: practices that limit the opportunities for regular contact and practices that negatively impact the conditions of contact among employees are both associated with fewer workplace ties. I discuss the implications of these findings for the study of collective action and network ecology. © 2024 Elsevier B.V., All rights reserved.","Collective Action; Network Ecology; Organizational Practices; Precarious Work; Retail Industry; Workplace Relationships"
"Shortest path-based centrality metrics in attributed graphs with node-individual context constraints","2024","Social Networks","10.1016/j.socnet.2021.10.004","https://www.scopus.com/inward/record.uri?eid=2-s2.0-85118801942&doi=10.1016%2Fj.socnet.2021.10.004&partnerID=40&md5=419b252fb84df0c12cf115a212db3557","Centrality measurements are a well-known method to assess the importance of actors in networks. They are easy to obtain and provide a versatile interpretability adaptable to the meaning of nodes and edges. The current centrality measurements use structural information alone. In real-world situations, however, actors and the connections between them are subject to contextual settings and can be significantly influenced by these settings. In fact, such real-world observations are often modeled using attributed networks in which contextual information can be associated as attributes to nodes and edges. However, this information is disregarded when evaluating the importance of actors in terms of network centrality measurements. Hence, this paper proposes a method for obtaining shortest path-based centrality measurements for attributed networks that exploit attribute information on nodes for shortest path calculations. We add abstracts of scientific publications to a co-publishing network and use topic models to create node-individual context constraints for shortest path calculations. This creates additional analytic opportunities and can aid in gaining a detailed understanding of complex social networks. © 2024 Elsevier B.V., All rights reserved.","Attributed Network; Betweenness Centrality; Closeness Centrality; Contextual Embeddedness"
"The role of sociopolitical workplace networks in involuntary employee turnover","2024","Social Networks","10.1016/j.socnet.2023.10.005","https://www.scopus.com/inward/record.uri?eid=2-s2.0-85176146477&doi=10.1016%2Fj.socnet.2023.10.005&partnerID=40&md5=7ca6e159935ddf44ad755ef9886bd206","While poor performance is one reason employees are fired, previous research suggests it plays a limited role in explaining terminations. We argue that sociopolitical concerns play a role in determining who is terminated. Using field data from a U.S. health care company and experimental data using participants with supervisory experience, we show how the supervisor's political concerns with the focal employee, which are contingent on the supervisor-employee political relationship and the way it is embedded within the workplace network, are related to dismissal decisions. Not only do we expect that a supervisor will be less likely to terminate an employee they see as a political ally and more likely to dismiss an adversary, but we also argue that a supervisor with fewer (more) alternative allies to the employee is less (more) likely to dismiss the employee. Additionally, a supervisor with numerous adversaries in their own network depends more heavily on the employee politically, making dismissal less likely, whereas if the employee has numerous adversaries, the supervisor has greater latitude to terminate the employee. Our findings contribute to research on involuntary turnover by showing that a social network approach to understanding organizational politics helps us understand why specific individuals are targeted for dismissal, above and beyond performance considerations. © 2023 Elsevier B.V., All rights reserved.","Involuntary Turnover; Political Dependence; Power-dependence Theory; Social Networks; Sociopolitical Context"
"Improving ERGM starting values using simulated annealing","2024","Social Networks","10.1016/j.socnet.2023.10.002","https://www.scopus.com/inward/record.uri?eid=2-s2.0-85175705489&doi=10.1016%2Fj.socnet.2023.10.002&partnerID=40&md5=07f338e6c595d9988a58a81a868fdf5f","Much of the theory of estimation for exponential family models, which include exponential-family random graph models (ERGMs) as a special case, is well-established and maximum likelihood estimates (MLEs) in particular enjoy many desirable properties. However, in the case of many ERGMs, direct calculation of MLEs is impossible and therefore methods for approximating MLEs and/or alternative estimation methods must be employed. Many MLE approximation algorithms require an alternative estimate as a starting point. The maximum pseudo-likelihood estimator (MPLE) is frequently taken as this starting point. Here, we discuss a potentially large class of such alternatives based on the fact that, unlike the MLE, the MPLE fails to satisfy the so-called “likelihood principle”. This means that different networks may have different MPLEs even if they have the same sufficient statistics. We exploit this fact here to search for improved starting values for approximation-based MLE methods. The method we propose has shown its merit in producing an MLE for a network dataset and model that had defied estimation using all other known methods. © 2023 Elsevier B.V., All rights reserved.","Ergm; Estimation; Maximum Likelihood; Maximum Pseudolikelihood; Simulated Annealing"
"Causal inference on networks under continuous treatment interference","2024","Social Networks","10.1016/j.socnet.2023.07.005","https://www.scopus.com/inward/record.uri?eid=2-s2.0-85175634127&doi=10.1016%2Fj.socnet.2023.07.005&partnerID=40&md5=d8efbee93211a9ccf105041418dd7b60","This paper investigates the case of interference, when a unit's treatment also affects other units’ outcome. When interference is at work, policy evaluation mostly relies on the use of randomized experiments under cluster interference and binary treatment. Instead, we consider a non-experimental setting under continuous treatment and network interference. In particular, we define spillover effects by specifying the exposure to network treatment as a weighted average of the treatment received by units connected through physical, social or economic interactions. Building on Forastiere et al. (2021), we provide a generalized propensity score-based estimator to estimate both direct and spillover effects of a continuous treatment. Our estimator also allows to consider asymmetric network connections characterized by heterogeneous intensities. To showcase this methodology, we investigate whether and how spillover effects shape the optimal level of policy interventions in agricultural markets. Our results show that, in this context, neglecting interference may underestimate the degree of policy effectiveness. © 2023 Elsevier B.V., All rights reserved.","Agricultural Policies; Continuous Treatment; Network Interference; Spillover Effects"
"Predictors of romantic partner nomination reciprocity in adolescent social networks","2024","Social Networks","10.1016/j.socnet.2023.10.001","https://www.scopus.com/inward/record.uri?eid=2-s2.0-85174469240&doi=10.1016%2Fj.socnet.2023.10.001&partnerID=40&md5=825abebb923d5e77394925f8a118ba4a","Network data uniquely allow –relationships to be multiply reported, creating varying rates of relationship nomination reciprocation. However, what drives such variation is unclear. Variation in reciprocation may reflect substantive information about relationships (e.g., social salience or desirability) or study design (e.g., question wording or capped nominations). We examine predictors of nomination reciprocity in romantic network data from the PROSPER study to analyze individual and dyadic predictors of nomination reciprocity. Results show higher grades predict higher reciprocity, while same-sex relationships and behaviorally discordant dyads are less likely to be reciprocal. © 2023 Elsevier B.V., All rights reserved.","Adolescents; Reporting Agreement; Romantic Networks"
"Network ecology: Tie fitness in social context(s)","2024","Social Networks","10.1016/j.socnet.2023.09.005","https://www.scopus.com/inward/record.uri?eid=2-s2.0-85173465818&doi=10.1016%2Fj.socnet.2023.09.005&partnerID=40&md5=76d80bad0726184348c98ab436785b05","Social relations are embedded in material, cultural, and institutional settings that affect network dynamics and the resulting topologies. For example, romantic entanglements are subject to social and cultural norms, interfirm alliances are constrained by country-specific legislation, and adolescent friendships are conditioned by classroom settings and neighborhood effects. In short, social contexts shape social relations and the networks they give rise to. However, how and when they do so remain to be established. This paper presents network ecology as a general framework for identifying how the proximal environment shapes social networks by focusing interactions and social relations, and how these interactions and relations in turn shape the environment in which social networks form. Tie fitness is introduced as a metric that quantifies how well particular dyadic social relations would align with the setting. Using longitudinal networks collected on two cohorts each in 18 North American schools, i.e., 36 settings, we develop five generalizable observations about the time-varying fitness of adolescent friendship. Across all 252 analyzed networks, tie fitness predicted new tie formation, tie longevity, and tie survival. Dormant fit ties cluster in relational niches, thereby establishing a resource base for social identities competing for increased representation in the relational system. © 2023 Elsevier B.V., All rights reserved.","Coevolution; Dynamics; Interactions; Network Ecology; Network Theory; Relational; Relational Niches; Tie Fitness; Timescale Separation"
"The evolution of k-shell in syndication networks reveals financial performance of venture capital institutions","2024","Social Networks","10.1016/j.socnet.2023.09.006","https://www.scopus.com/inward/record.uri?eid=2-s2.0-85173162348&doi=10.1016%2Fj.socnet.2023.09.006&partnerID=40&md5=fe53b449b97cceaf55767fb1218d47f9","Venture capital (VC) is a relatively newly emergent industry that is still subject to large uncertainties in China. Therefore, building a robust social network with other VC institutions is a good way to share information, various resources, and benefit from skill and knowledge complementarity to against risks. Strong evidences indicate that better networked VC institutions are of a better financial performance, however, most of previous works overlook the evolution of VC institutions and only focus on some simple topology indicators of the static syndication network, which also neglects higher-order network structure and cannot give a comprehensive evaluation. In this paper, based on VC investment records in the Chinese market, we construct temporal syndication networks between VC institutions year by year. As k-shell decomposition considers higher-order connection patterns, we employ k-shell as an evaluation of the influence of VC institutions in syndication networks. By clustering time series of k-shell values, the VC institutions in China fall into five groups that are quite different from each other on financial performances and investment behaviors. This, in turn, proves the power of our method that only based on proper sequential network properties, we can reveal their financial investment performance. Compared to other network centrality measurements, k-shell is a better indicator that is indicated by a smaller intra-group distance and a larger inter-group distance. © 2023 Elsevier B.V., All rights reserved.","Classification; Evolution; Investment Performance; K-shell Decomposition; Syndication Network"
"Similarity and differences in age, gender, ethnicity, and education as explanatory factors of tie loss in the core discussion network","2024","Social Networks","10.1016/j.socnet.2023.09.003","https://www.scopus.com/inward/record.uri?eid=2-s2.0-85172358472&doi=10.1016%2Fj.socnet.2023.09.003&partnerID=40&md5=eaa737fa5b4b962876e06f63d34e1a13","Individuals are more likely to interact with people who are similar in terms of socio-demographics and values than dissimilar people, which is often explained by a focus on selection effects. Yet, tie loss of dissimilar ties might also cause network homogeneity. Unfortunately, within the literature, there is a relative dearth of knowledge on the relationship between (dis)similarity and tie loss. Hence, we address this gap by theorizing and testing the relation between (dis)similarity and tie loss in the core discussion network (CDN) of Dutch citizens, also considering how ties are embedded in the CDN. © 2023 Elsevier B.V., All rights reserved.","Core Discussion Network; Homophily; Similarity; Survival Analysis; Tie Loss"
"Status, cognitive overload, and incomplete information in advice-seeking networks: An agent-based model","2024","Social Networks","10.1016/j.socnet.2023.09.001","https://www.scopus.com/inward/record.uri?eid=2-s2.0-85172337020&doi=10.1016%2Fj.socnet.2023.09.001&partnerID=40&md5=281c0150dc40f80a4f37822e3bdafe4f","Advice-seeking typically occurs across organizational boundaries through informal connections. By using Stochastic Actor-Oriented Models (SAOM), previous research has tried to identify the micro-level mechanisms behind these informal connections. Unfortunately, these models assume perfect network information, require agents to perform too cognitively demanding decisions, and do not account for threshold-based critical events, such as simultaneous tie changes. In the context of knowledge-intensive organizations, the shortage of high-skilled professionals could determine complex network effects given that many less-skilled professionals would seek advice from a few easily overloaded, selective high-skilled, who are also sensitive to status demotion. To capture these context-specific organizational features, we have elaborated on SAOM with an agent-based model that assumes local information, status-based tie selection, and simultaneous re-direction of multiple ties. By fitting our simulated networks to Lazega's advice network used in previous research, we reproduced the same set of macro-level network metrics with a parsimonious model based on more empirically plausible assumptions than previous research. Our findings show the advantage of exploring multiple generative paths of network formation with different models. © 2023 Elsevier B.V., All rights reserved.","Advice-seeking; Agent-based Modeling; Cognitive Overload; Network Formation; Status; Stochastic Actor-oriented Models"
"How does socioeconomic homophily emerge? Testing for the contribution of different processes to socioeconomic segregation in adolescent friendships","2024","Social Networks","10.1016/j.socnet.2023.09.002","https://www.scopus.com/inward/record.uri?eid=2-s2.0-85172267572&doi=10.1016%2Fj.socnet.2023.09.002&partnerID=40&md5=e39296c6baa912761cf44e6496ff2811","Homophily – the fact that friendships happen at a higher rate among similar individuals – does not necessarily imply homophilic selection – the tendency to look for similar friends. This is particularly true for socioeconomic homophily: because individuals’ social class impacts most aspects of their lives, there are several ways in which it can favor homogeneity in friendship networks. Applying this view to the relationships of French middle-school students, the present article tries to unravel the contribution of various relational processes to the emergence of socioeconomic homophily. Stochastic Actor-Oriented Models, a class of generative models designed for network panel data, are applied to the friendship networks of 820 students surveyed over a year and a half. Simulations derived from the estimated models are then used to assess the impact of different processes on aggregated levels of homophily. To that aim, a new metric is proposed that help researchers decompose an observed property of a network into a set of contributions from low-order processes, called “contribution scores”. Results suggest that direct homophilic selection can be important in explaining socioeconomic homophily, but not in all cases. Indirect inducers, such as residential propinquity or ethnic selection, also play a significant role. Moreover, endogenous network processes – namely reciprocation and transitive closure – strongly contribute to homophily by reinforcing other homophily-inducing processes. © 2023 Elsevier B.V., All rights reserved.","Homophily; Social Network Analysis; Socioeconomic Origin; Sociology Of Education; Stochastic Actor-oriented Models"
"She Must Be Seeing Things! Gender disparity in camera department networks","2024","Social Networks","10.1016/j.socnet.2023.09.004","https://www.scopus.com/inward/record.uri?eid=2-s2.0-85171658009&doi=10.1016%2Fj.socnet.2023.09.004&partnerID=40&md5=1db6ccdfc831b816cd98c450afa39e66","This paper reports on a network-based investigation of the gendered nature of work in the screen sector. Using nine years of Australian film and television production data, we explore how the networks of project-based collaboration might explain the disparities in the career trajectories of men and women. Our analysis finds that projects with men as directors tend to reproduce familiar teams to the exclusion of women, while projects led by women in key creative roles tend to make more space for women. Moreover, we find that there is a significant number of men who only work with men (regardless of whether they have worked with them before), but no corresponding group of women who only work with women. Our findings bear on proposed equity interventions, especially government policies designed to encourage women to enter the industry. Ultimately, even accounting for the statistical domination of men in the network, we argue that inequities in the organisation of the screen sector appear to be driven much more by the closed network behaviours of men than they are by the positioning or behaviour of women. © 2023 Elsevier B.V., All rights reserved.","Collaboration Networks; Cultural Industries; Gender; Homophily; Screen Sector; Team Familiarity"
"Adolescent network positions and memory performance in adulthood: Evidence from sibling fixed effects models with sociometric network data","2024","Social Networks","10.1016/j.socnet.2023.08.002","https://www.scopus.com/inward/record.uri?eid=2-s2.0-85169006345&doi=10.1016%2Fj.socnet.2023.08.002&partnerID=40&md5=f929a914e17392f22fd35898b616d2be","Although research has explored social factors influencing memory performance during adolescence, the impact of adolescent social network positions remains largely unknown. This study examines whether adolescent network position is associated with memory performance in adulthood, while also considering potential gender differences. The study used a sibling sample from the National Longitudinal Study of Adolescent to Adult Health (N = 2462) and employed sibling fixed effects models to account for unobserved family background factors, such as genetics, parental characteristics, family environment, and childhood neighborhood. Four dimensions of adolescent network position—i.e., popularity, sociality, degree centrality, and closeness centrality—were sociometrically assessed in schools. Memory performance in adulthood was measured using the Rey Auditory Verbal Learning Test. The sibling fixed effects estimates indicate that sociality, degree centrality, and closeness centrality are significantly associated with increased memory performance in adulthood, even after controlling for unobserved family heterogeneity as well as a set of individual-level covariates. In contrast, controlling for unobserved family heterogeneity attenuated the association for popularity, making it statistically insignificant. This study also provides evidence of gender differences in the association between social network position and memory performance. The associations for popularity, sociality, and degree centrality are more pronounced among men than women. This study's findings highlight the importance of adolescent network positions as social determinants in shaping cognitive outcomes over the life course. Interventions that encourage positive peer interactions and reduce social isolation during adolescence may help improve cognitive health in the population. © 2023 Elsevier B.V., All rights reserved.","Adolescent; Gender; Life Course; Memory Performance; Social Networks"
"From attitudes to social networks: National gender-role attitudes and gender differences in late-life social relationships","2024","Social Networks","10.1016/j.socnet.2023.08.001","https://www.scopus.com/inward/record.uri?eid=2-s2.0-85167984317&doi=10.1016%2Fj.socnet.2023.08.001&partnerID=40&md5=a0c35c6e94fda3b8fe493d6306a64b6e","Studies often find gender differences in social networks in later life, but are these findings universal, or do they differ in various cultural contexts? To address this research gap, the current study examines the association between gender differences in social relationships and country-level gender-role attitudes. We combined data from the Survey of Health, Ageing and Retirement in Europe (SHARE) of individuals aged 50 years and older with country-level data on gender-role attitudes from the European Values Survey (EVS) for 15 European countries. We estimated a series of multivariate hierarchical regression models that predicted the size of the personal social network, its emotional closeness, and the proportion of the spouse, children, and friends in the network. The results indicated gender differences in social network characteristics. Women reported larger social networks and were more likely to have larger proportions of children and friends but smaller proportions of the spouse in their social networks. The magnitude of gender differences was associated with country-level gender-role attitudes. In countries with more egalitarian gender-role attitudes, women had larger networks with a larger proportion of friends compared to men. In countries with more traditional gender-role attitudes, women had larger proportions of their children and spouse in their social networks and had emotionally closer networks. Our findings suggest that the societal context and opportunity structures for social interactions play an important role in shaping the structure of women's and men's social relationships in later life. © 2023 Elsevier B.V., All rights reserved.","Country-comparative Study; Cross-national; Family; Gender Inequality; Later Life; Social Ties"
"Name order effects in measuring adolescent social networks using rosters","2024","Social Networks","10.1016/j.socnet.2023.07.002","https://www.scopus.com/inward/record.uri?eid=2-s2.0-85167464257&doi=10.1016%2Fj.socnet.2023.07.002&partnerID=40&md5=bb817df7de8d22c231e219e5cd1d1581","Recent studies have found order effects in social network data collection, where later names on a roster receive fewer nominations. Some thus argue for randomizing name orders or sampling peer names for survey rosters. We model order effects as biases in nomination choices and demonstrate observational and experimental methods for assessing these biases and illuminating their mechanisms. Employing these lenses, we find little evidence of order effects on eight sociometric questions in four middle school cohorts over six waves. To inform future work, we investigate aspects of the survey situation that may amplify or attenuate order effects. Analyzing these moderating forces offers guidance for detecting, understanding, and mitigating order effects in future research. © 2023 Elsevier B.V., All rights reserved.","Adolescent Friendships; Data Collection; Measurement Error; Name Rosters; Peer Nomination"
"Parameter estimation procedures for exponential-family random graph models on count-valued networks: A comparative simulation study","2024","Social Networks","10.1016/j.socnet.2023.07.001","https://www.scopus.com/inward/record.uri?eid=2-s2.0-85166241600&doi=10.1016%2Fj.socnet.2023.07.001&partnerID=40&md5=5ffec376db6a39e689b0122e8305ac69","The exponential-family random graph models (ERGMs) have emerged as an important framework for modeling social networks for a wide variety of relational types. ERGMs for valued networks are less well-developed than their unvalued counterparts, and pose particular computational challenges. Network data with edge values on the non-negative integers (count-valued networks) is an important such case, with examples ranging from the magnitude of migration and trade flows between places to the frequency of interactions and encounters between individuals. Here, we propose an efficient parallelizable subsampled maximum pseudo-likelihood estimation (MPLE) scheme for count-valued ERGMs, and compare its performance with existing Contrastive Divergence (CD) and Monte Carlo Maximum Likelihood Estimation (MCMLE) approaches via a simulation study based on migration flow networks in two U.S. states. Our results suggest that edge value variance is a key factor in method performance, while network size mainly influences their relative merits in computational time. For small-variance networks, all methods perform well in point estimations while CD greatly overestimates uncertainties, and MPLE underestimates them for dependence terms; all methods have fast estimation for small networks, but CD and subsampled multi-core MPLE provides speed advantages as network size increases. For large-variance networks, both MPLE and MCMLE offer high-quality estimates of coefficients and their uncertainty, but MPLE is significantly faster than MCMLE; MPLE is also a better seeding method for MCMLE than CD, as the latter makes MCMLE more prone to convergence failure. The study suggests that MCMLE and MPLE should be the default approach to estimate ERGMs for small-variance and large-variance valued networks, respectively. We also offer further suggestions regarding choice of computational method for valued ERGMs based on data structure, available computational resources and analytical goals. © 2023 Elsevier B.V., All rights reserved.","Contrastive Divergence; Exponential-family Random Graph Model; Markov Chain Monte Carlo; Maximum Likelihood Estimation; Pseudo Likelihood; Valued/weighted Networks"
"Join to connect? Voluntary involvement, social capital, and socioeconomic inequalities","2024","Social Networks","10.1016/j.socnet.2023.07.004","https://www.scopus.com/inward/record.uri?eid=2-s2.0-85165964058&doi=10.1016%2Fj.socnet.2023.07.004&partnerID=40&md5=bc4830830bdbd3a26c3070de6c267edb","Access to social capital is stratified by socioeconomic status and has been cross-sectionally linked to involvement in voluntary organizations. Yet, we know little about the origin and interplay of these empirical regularities. Regression analyses on German panel data (SC6-NEPS) reveal that people rich in social capital join organizations more often (selection). Furthermore, joiners access more and higher-status social capital after joining (socializing opportunities). Low-status individuals disproportionally extend their reach towards higher positions through involvement but join less often. Compared to a counterfactual situation in which nobody joins, current involvement patterns marginally reduce some socioeconomic inequalities in access to social capital. © 2023 Elsevier B.V., All rights reserved.","Germany; Inequality; Position Generator; Social Capital; Socioeconomic Status; Voluntary Involvement"
"Two-mode relational similarities","2024","Social Networks","10.1016/j.socnet.2023.06.002","https://www.scopus.com/inward/record.uri?eid=2-s2.0-85164710639&doi=10.1016%2Fj.socnet.2023.06.002&partnerID=40&md5=45338e549ae018712fbaa62630dcc033","In a previous paper, Kovacs (2010) proposed a generalized relational similarity measure based on iterated correlations of entities in a network calibrated by their relational similarity to other entities. Here I show that, in the case of two-mode network data, Kovacs's approach can be simplified and generalized similarities calculated non-iteratively. The basic idea is to rely on initial similarities calculated from transforming the two-mode data into one-mode projections using the familiar duality approach due to Breiger (1974). I refer to this as two-mode relational similarities and show, using the Southern Women's data and data from Senate voting in the 112th U.S. Congress, that it yields results substantively indistinguishable from Kovacs's iterative strategy. © 2023 Elsevier B.V., All rights reserved.","Correlation Distance; Duality; Generalized Similarity; Projection; Two-mode Networks"
"Keep around, drop, or revise? exploring what becomes of difficult ties in personal networks","2024","Social Networks","10.1016/j.socnet.2023.06.001","https://www.scopus.com/inward/record.uri?eid=2-s2.0-85162270696&doi=10.1016%2Fj.socnet.2023.06.001&partnerID=40&md5=37e94c02c583528fa2cce4ba5e01c787","Previous studies increasingly recognize the presence and impact of difficult individuals within personal networks. However, current research sheds little light on the turnover, retention, and change in quality of such difficult ties. The current study addresses this gap by focusing on two distinct forms of network change. We examine how role relationships, support exchange, relational homophily, and personal characteristics are associated with these processes. Data are drawn from three waves of the University of California Social Network Study (UCNets), a project containing comprehensive longitudinal data on ego networks among two adult cohorts. Findings indicate that over time, 34% of difficult ties re-appear in people's networks as sources of aggravation; 26% of difficult ties are removed from the network; and 40% can no longer be verified as problematic network members. Most ties no longer deemed difficult are identified as providing one or more supportive functions. Multinomial multilevel models reveal that exchanging support tends to anchor difficult ties in the network. Kinship, meanwhile, plays a large role in whether difficult ties remain or get dropped. Personal characteristics such as gender, income, and relocation also play a role in these processes. Overall, we conclude that the turnover dynamics of difficult ties are similar to other ties, and the apparent change from negative to positive suggests that many ties hold ambivalent properties that make shedding such ties less common than may be expected. © 2023 Elsevier B.V., All rights reserved.","Difficult Ties; Homophily; Personal Networks; Retention; Support"
"Diffusion in small worlds with homophily and social reinforcement: A theoretical model","2024","Social Networks","10.1016/j.socnet.2023.05.004","https://www.scopus.com/inward/record.uri?eid=2-s2.0-85161563315&doi=10.1016%2Fj.socnet.2023.05.004&partnerID=40&md5=9aed370622a60761e11fb617fe7aef28","We introduce homophily in a percolation model of word-of-mouth diffusion in social networks by reorganizing the nodes according to similarity in preferences for adoption of an innovation. Such preferences are described by a “minimum utility requirement” for an agent to adopt. We show that homophily removes the non-linear relation between preferences and diffusion in the standard percolation model with a high diffusion regime (“hit”) and a low diffusion regime (“flop”). Instead, in a model with perfect homophily, the final diffusion scales linearly with individual preferences: all agents who are willing to adopt, do adopt the innovation. We also investigate the combined effect of homophily and social reinforcement in diffusion. Results indicate that social reinforcement renders clustered networks more efficient in terms of diffusion size for network with strong homophily, while the opposite is true for networks without homophily. The simple structure of our model allows to disentangle the effect of social influence, homophily and the network structure on diffusion. However, the controllability of the theoretical structure comes at the expenses of the realism of the model. For this, we discuss possible extensions and empirical applications. © 2023 Elsevier B.V., All rights reserved.","Diffusion; Homophily; Percolation; Small Worlds; Social Reinforcement; Word-of-mouth"
"Same but different: A comparison of estimation approaches for exponential random graph models for multiple networks","2024","Social Networks","10.1016/j.socnet.2023.05.003","https://www.scopus.com/inward/record.uri?eid=2-s2.0-85159562150&doi=10.1016%2Fj.socnet.2023.05.003&partnerID=40&md5=49cda9d4adc43ff441c0683e6f8f7701","The Exponential Random Graph family of models (ERGM) is a powerful tool for social science research as it allows for the simultaneous modeling of endogenous network characteristics and exogenous variables such as gender, age, and socioeconomic status. However, a major limitation of ERGM is that it is mainly used for descriptive analysis of a single network. This paper examines two methods for estimating multiple networks: hierarchical and integrated. We contrast the two approaches, evaluate their accuracy and discuss the advantages and drawbacks of each. Furthermore, we make recommendations for future researchers on how to proceed with multiple network analysis depending on various factors such as the number of networks and the hierarchical structure of the data. This research is important as it highlights the need for the analysis of multiple networks in order to gain a more comprehensive understanding of social phenomena and the potential for new discoveries. © 2023 Elsevier B.V., All rights reserved.","Ergm; Hierarchical Modeling; Multiple Network Analysis; Simulation Study"
"Social networks and anthropogenic climate change","2023","Social Networks","10.1016/j.socnet.2023.03.002","https://www.scopus.com/inward/record.uri?eid=2-s2.0-85150840135&doi=10.1016%2Fj.socnet.2023.03.002&partnerID=40&md5=37b859fb9dcf3e5300f8c9f650b802da","[No abstract available]",""
"Socio-semantic configuration of an online conversation space: The case of Twitter users discussing the #IPCC reports","2023","Social Networks","10.1016/j.socnet.2022.06.007","https://www.scopus.com/inward/record.uri?eid=2-s2.0-85138028619&doi=10.1016%2Fj.socnet.2022.06.007&partnerID=40&md5=23783a12c2a58984cbf3a83a9ee60ad4","In public debates, climate change communication tends to polarize into communities for and against the scientific basis of global warming. We analyze mention networks on Twitter around the publication of the Fifth Assessment Report (AR5) of the Inter-governmental Panel on Climate Change (IPCC) Working Group 2 and 3 reports that were published in March–April 2014. Building upon earlier research into climate skepticism and polarization of climate change debate, we focus on the relative prominence of different types of Twitter user accounts, in terms of engagement with other users and their alignments towards the scientific basis of climate change. We distinguish a “heart” actively discussing IPCC from a “shadow”, which more anecdotally mentions IPCC and is likely to correspond to the remainder of a public space minimally interested in IPCC-related reports. We develop an original network analysis framework that enables us to analyze and deconstruct the inner structure of this heart's strongly intertwined engagement dynamics. Interesting observations relate to the position of critical users, who are in the minority, but are in relative terms most engaged with and most engaging with other users in this arena, while the media, casual users and governmental agencies occupy relatively less prominent positions. We further qualify the various structural positions by demonstrating that they correspond to different types of vocabulary specific to user types and positions. This socio-semantic approach may be generally helpful to disentangle semantic and structural polarization in online conversation spaces where opposing poles precisely appear to be mixing. © 2023 Elsevier B.V., All rights reserved.","Climate Change; Polarization; Position Analysis; Socio-semantic Cohesiveness; Socio-semantic Networks; Socio-semantics; Twitter"
"The rise of #climateaction in the time of the FridaysForFuture movement: A semantic network analysis","2023","Social Networks","10.1016/j.socnet.2022.06.003","https://www.scopus.com/inward/record.uri?eid=2-s2.0-85133791447&doi=10.1016%2Fj.socnet.2022.06.003&partnerID=40&md5=ae742b7a23baf1091b6b8a2d518df370","We investigate the psycho-linguistic features of the online discourse over climate change, focusing on its modifications throughout the years 2017–2019 as a result of collective actions emerging and spreading worldwide. We seek to understand the emerging connection between digital activism and the psychological processes related to its social drives. To this end, a semantic network is derived from the social platform Twitter, and its evolution is traced over time, tracking textual proxies of social identity and empowerment. Original proposals are made to identify communities and highlight the most important semantic contents of the corpus from a network perspective. These evaluations on semantic communities of related concepts further detail the shift in the rhetoric of collective actions. Finally, we explore projection of the ingroup to the future in the online discourse about climate change, which can point to developments of pro-environmental campaigns. © 2023 Elsevier B.V., All rights reserved.","Climate Change; Collective Action; Community Detection; Empowerment; Future Orientation; Hashtag Activism; Network Analysis; Semantic Networks; Social Identity"
"A network intervention for natural resource management in the context of climate change","2023","Social Networks","10.1016/j.socnet.2022.03.003","https://www.scopus.com/inward/record.uri?eid=2-s2.0-85132660275&doi=10.1016%2Fj.socnet.2022.03.003&partnerID=40&md5=276c00c754633d888559200c171af2f7","As climate change impacts the Great Lakes region, the increased frequency and intensity of precipitation events are dramatically increasing the erosive effects of stormwater in the ravine ecosystem. Because formal governance structures may not be effective in providing coordination during turbulent and dynamic events, those seeking to manage natural resources during climate change may turn to resources located in their social networks. In this study network analysis was used to visualize collegial ties and self-reported consideration of climate change among those managing ravines along southwestern Lake Michigan. Professional development then leveraged the visualizations to modify the network, potentially increasing knowledge flows and coordination. Those who were targeted by the intervention increased their engagement in the network and contributed to bridging between subgroups to fill structural holes. This provides insight into the potential for interventions that leverage baseline network analysis for the management of natural resources in the context of climate change. © 2023 Elsevier B.V., All rights reserved.","Climate Change; Knowledge Flow; Network Intervention; Ravine Management"
"Networks and institutions in sustainable forest use: Evidence from South-East Tanzania","2023","Social Networks","10.1016/j.socnet.2022.03.002","https://www.scopus.com/inward/record.uri?eid=2-s2.0-85127325291&doi=10.1016%2Fj.socnet.2022.03.002&partnerID=40&md5=6e0169d525e4d8e6036c1b59c286695c","Despite growing interest in the impacts of both forest certification and networks in effective natural resource management, there is little literature that brings these two lines of inquiry together. Combining longitudinal remote sensing and village-level forest governance network data, we estimate Cox proportional hazard models predicting the risk of forest loss within 100-square meter forest plots in areas that eventually came under Forest Stewardship Council certification. Our models indicate Forest Stewardship Council certification substantially reduces deforestation, despite that the system is not explicitly designed to do so. While villages with ties to civil society organizations also tend to experience reduced deforestation, those with ties to private sector organizations experience more forest loss. Further, we find that forest loss declines as the share of closed triangles in villages’ governance networks increases. Our results indicate network structure may complement Forest Stewardship Council certification's impact on forest cover and account for some reduction in deforestation previously attributed to certification itself. © 2023 Elsevier B.V., All rights reserved.",""
"A matter of information – The influence of international bureaucracies in global climate governance networks","2023","Social Networks","10.1016/j.socnet.2022.02.009","https://www.scopus.com/inward/record.uri?eid=2-s2.0-85125471848&doi=10.1016%2Fj.socnet.2022.02.009&partnerID=40&md5=2a15c6b7fcbb7adf3c065c44aa269d5d","International bureaucracies, also called International Public Administrations (IPAs), have been identified as potentially influential actors within the global climate change regime complex. To assess how these organizations exert influence, scholars have predominantly relied on case studies, interviews and descriptive (network) statistics. This article aims to contribute to this literature with a systematic analysis that is not limited to an organization, issue or region, but applies exponential random graph models (ERGMs) to data from an original large-N survey (n = 342) of participants of global climate negotiations. Our findings indicate that IPAs have a considerable potential to influence global climate policy outputs. This potential influence is associated with the information they provide to regime stakeholders. © 2023 Elsevier B.V., All rights reserved.","Climate Change; Egocentrically Sampled Network Data; Exponential Random Graph Models (ergms); International Organizations; International Public Administrations; Unfccc"
"Learning to understand: disentangling the outcomes of stakeholder participation in climate change governance","2023","Social Networks","10.1016/j.socnet.2022.02.006","https://www.scopus.com/inward/record.uri?eid=2-s2.0-85125127217&doi=10.1016%2Fj.socnet.2022.02.006&partnerID=40&md5=b1d93ee32330f0359d04c6e6810af1f6","Stakeholder participation is increasingly seen as beneficial for short and long term responses to climate change risks. Past research highlights the role social networks play as both a key outcome of participation, as well as an important step towards other environmental governance goals. This paper focuses on the social relation of mutual understanding, which is often discussed in the environmental governance literature, but has yet to be studied as an empirical social network in its own right. Our paper builds and tests a conceptual framework linking participation to mutual understanding and social learning. We analyze three waves of network and perceptions data gathered on stakeholders participating in the Integrated Coastal Resiliency Assessment (ICRA) project, a 2.5 year-long project aimed at developing a collaborative research assessment on the vulnerabilities to climate change experienced by an island community located in the Chesapeake Bay, USA. Our findings suggest that participation (measured as co-attendance in project events) leads to the formation of mutual understanding ties among stakeholders, but these ties do not necessarily lead to more similarity in stakeholders’ perceptions on climate change. We reflect on these findings, and the project more broadly, noting that our study lends support to scholars arguing that feelings of mutual understanding are potentially more important for certain forms of collective action, as opposed to whether or not stakeholders increase their shared beliefs or perceptions about the environmental problem in question. © 2023 Elsevier B.V., All rights reserved.","Climate Change; Co-evolutionary Networks; Cognition; Cognitive Networks; Environmental Governance; Mutual Understandingsocial Influence; Participatory Processes; Perception; Saoms; Social Learning; Stakeholder Networks; Symmetric Networks"
"Functional differentiation in governance networks for sea level rise adaptation in the San Francisco Bay Area","2023","Social Networks","10.1016/j.socnet.2022.02.010","https://www.scopus.com/inward/record.uri?eid=2-s2.0-85125115205&doi=10.1016%2Fj.socnet.2022.02.010&partnerID=40&md5=bb816082b7f03502facd0426c9e901f0","Climate change governance networks help actors overcome collective action problems by building social capital. The literature studies these networks as embodying a single underlying social problem: coordination or cooperation. This approach overlooks actor heterogeneity and cannot account for the empirical coexistence of different types of social capital. We contend that climate change governance networks consist of functionally differentiated communities of actors who build bonding or bridging social capital depending on their characteristics and goals. We test these claims with an Affiliation Graph Model (AGM) in the empirical case of adaptation to sea level rise in the San Francisco Bay Area, using original data collected in 2018. We distinguish three social processes: ‘leadership/brokerage’, ‘translation’, and ‘following’. Further research on different combinations of social capital across different networks is warranted. © 2023 Elsevier B.V., All rights reserved.","Agm; Climate Adaptation; Governance Networks; Sea Level Rise; Social Capital"
"Organizational roles and network effects on ideational influence in science-policy interface: Climate policy networks in Germany and Japan","2023","Social Networks","10.1016/j.socnet.2022.01.014","https://www.scopus.com/inward/record.uri?eid=2-s2.0-85124899500&doi=10.1016%2Fj.socnet.2022.01.014&partnerID=40&md5=685896f095c03b6c06f5f7e74c95f604","We examined how scientific information influences policy beliefs among organizations in climate change policy networks in Germany and Japan. Different combinations of information types, policy beliefs, and organizational roles were found to play instrumental roles. Ideational influence can occur when (1) the sender is a credible information source, (2) the receiver can understand the “message,” and (3) the receiver depends on the sender's information. Organizational roles involved in this ideational influence are different in technical and political information exchange. The leverage of influence depends on the organizational ecology of different roles in each country. © 2023 Elsevier B.V., All rights reserved.","Climate Policy Process; Organizational Ecology; Organizational Networks; Policy Networks; Qap; Scientific Expertise"
"How networks of social movement issues motivate climate resistance","2023","Social Networks","10.1016/j.socnet.2022.02.002","https://www.scopus.com/inward/record.uri?eid=2-s2.0-85124513318&doi=10.1016%2Fj.socnet.2022.02.002&partnerID=40&md5=2b5aa0f227bb79b310dd5f182c1ace55","How do individuals make sense of the specific issues that motivate them when they participate in activism? Are there clear and consistent patterns of motivations among participants and organizers within a movement over time? This paper applies network methods to a unique dataset to understand the relationships and structure formed among the issues that activists cited as motivation for their participation in a series of climate-related demonstrations over a three-year period. We test whether these networks of issue motivations form coherent structures, and whether they reflect the growing emphasis on social justice within the climate movement. Our findings highlight the coherence in the structure of relationships among motivations to participate, especially the centrality of ‘Equality’ as a motivation within our sampled cycle of contention. © 2023 Elsevier B.V., All rights reserved.",""
"Bridging in network organisations. The case of the Intergovernmental Panel on Climate Change (IPCC)","2023","Social Networks","10.1016/j.socnet.2022.01.015","https://www.scopus.com/inward/record.uri?eid=2-s2.0-85124388750&doi=10.1016%2Fj.socnet.2022.01.015&partnerID=40&md5=ad553416d197ffcfb77032955d60c59d","In this paper, we investigate the relational architecture of the Intergovernmental Panel on Climate Change (IPCC) focussing on the individuals that, in the thirty years of its existence, have assured the connection between its different components. To study relational bridging within the IPCC, we created a unique database of all the individuals who have contributed to the organisation since its establishment and noted in which workstream they participated (i.e., function + Working Group + Assessment Report). From this database we extract the participants-workstreams affiliation network and use it to compute several metrics of bridgeness, which we discuss, validate, and compare. We use these metrics to investigate the general distribution and evolution of bridging in the IPCC, but also to identify individuals who more actively provided connections between its authors and government representatives (functional bridges), its Working Groups (thematic bridges) and its assessment cycles (temporal bridges). Focussing on the role of key bridge individuals and their trajectories within the organisation, we provide insights on the IPCC as a network organisation. © 2023 Elsevier B.V., All rights reserved.","Bipartite Networks; Bridging; Complex Organisations; Intergovernmental Panel On Climate Change (ipcc)"
"Clouding climate science: A comparative network and text analysis of consensus and anti-consensus scientists","2023","Social Networks","10.1016/j.socnet.2021.11.007","https://www.scopus.com/inward/record.uri?eid=2-s2.0-85121281652&doi=10.1016%2Fj.socnet.2021.11.007&partnerID=40&md5=894bcb4e813a32206ea581bc4a40f9cf","There is a clear consensus among climate scientists about the reality and serious consequences of anthropogenic climate change. However, a vocal minority challenges this consensus. While some research has drawn attention to how conservative foundations support these anti-consensus scientists, less is known about how these scholars are embedded within the broader scientific community. Here, we analyze the networks of anti-consensus and consensus scientists and observe the extent to which these groups are maintained through peer collaborations (e.g. co-authorship) or substantive focus (e.g. research specialization). Using bibliometric data, we construct co-authorship and bibliographic networks linking scientists that appear in two key reports representing the consensus and anti-consensus positions. We identify specialty areas using text analysis and model participation in either series of reports. Results indicate that anti-consensus scientists are not in the same network as consensus scientists and have somewhat different research specializations than consensus scientists although there is substantive overlap. Additionally, anti-consensus scientists do not form a coherent network among themselves, which suggests they do not constitute a separate scientific community, but rather are composed of a disparate group of idiosyncratic scientists. © 2023 Elsevier B.V., All rights reserved.","Anthropogenic Climate Change; Climate Science; Scientific Consensus; Social Networks; Topic Models"
"Network ties, institutional roles and advocacy tactics:Exploring explanations for perceptions of influence in climate change policy networks","2023","Social Networks","10.1016/j.socnet.2021.11.008","https://www.scopus.com/inward/record.uri?eid=2-s2.0-85120356047&doi=10.1016%2Fj.socnet.2021.11.008&partnerID=40&md5=ade1ccd0994dbb7e6761a70c5faa7b33","The extent to which a policy actor is perceived as being influential by others can shape their role in a policy process. The interest group literature has examined how the use of advocacy tactics, such as lobbying or media campaigns, contributes to an actor's perceived influence. The policy networks literature, in turn, has found that network ties and occupying certain institutional roles can explain why actors are perceived as influential. When investigating what explains perceptions of influence, interest groups scholars have not accounted for network interdependencies and network scholars have so far not examined the advocacy tactics used by interest groups. This paper addresses the gap at the intersection of these two literatures by investigating the relationship between network ties, institutional roles, advocacy tactics and the presence of influence attribution ties in climate change policy networks. Exponential random graph models are applied to network data collected from the organisations participating in the national climate change policymaking processes in six EU countries that vary by the extent to which they are majoritarian or consensual democracies: Czechia, Finland, Germany, Ireland, Portugal, and Sweden. The results show that network ties and institutional roles are better predictors of influence attribution ties than advocacy tactics and that there is no pattern in the relationship between advocacy tactics and influence attribution ties across different institutional contexts. These findings suggest that because influence is primarily associated with structural factors (network ties and institutional roles) that more established policy actors are likely to have more influence, which may inhibit the need for a significant step change in climate policies. © 2023 Elsevier B.V., All rights reserved.","Climate Change; Ergm; Interest Groups; Network Analysis; Perceived Influence; Policy Network"
"Local policymakers’ attitudes towards climate change: A multi-method case study","2023","Social Networks","10.1016/j.socnet.2021.09.001","https://www.scopus.com/inward/record.uri?eid=2-s2.0-85115942878&doi=10.1016%2Fj.socnet.2021.09.001&partnerID=40&md5=eb0fef226986875c607a85c61173133f","Local authorities play a key role in tackling climate change by implementing targeted adaptation and mitigation measures. The specific implementation of a mix of adaptation and mitigation strategies is the outcome of the interaction of policymakers through a political debate and their attitudes towards climate change. By concentrating on the political discourses occurring in the Assembly of an Italian region (Emilia-Romagna), we use a multi-method approach of Discourse Network Analysis and Concept Mapping to investigate local policymakers’ positioning. Our investigation shows that actors are grouped not only according to their political affiliation, but also to the debated topics, and this relates to the preference for supporting adaptation or mitigation measures, which characterizes the local policy debate. © 2023 Elsevier B.V., All rights reserved.","Climate Change; Local Policymaker; Multi-method; Political Debate"
"Actors and issues in climate change policy: The maturation of a policy discourse in the national and international context","2023","Social Networks","10.1016/j.socnet.2021.08.005","https://www.scopus.com/inward/record.uri?eid=2-s2.0-85114195455&doi=10.1016%2Fj.socnet.2021.08.005&partnerID=40&md5=52cfe1e8b44a7ffcf8a859efc5081904","Policy discourses are important platforms for political actors to express their preferences on certain issues and are usually linked to a specific policy subsystem. From a research perspective, they have the potential to indicate ideological coalitions, policy change and learning. Using discourse network analysis, we identify core policy actors, issues, and coalitions in Switzerland's climate policy discourse and investigate how they have evolved over the past 15 years. In line with the policy process literature, we expected to see more stability than change in the discourse linked to the mature climate policy subsystem. However, our results have shown that policy discourses are more volatile than policy subsystems, and that national and international policy developments are able to trigger change, particularly in terms of the configuration of actor coalitions and the issues discussed. © 2023 Elsevier B.V., All rights reserved.","Climate Policy; Coalitions; Discourse Network Analysis; Issues; Policy Preferences; Political Actors; Public Attention"
"Flattening the curve? The structure of the natural resource exchange network and CO2 emissions","2023","Social Networks","10.1016/j.socnet.2021.07.004","https://www.scopus.com/inward/record.uri?eid=2-s2.0-85112135143&doi=10.1016%2Fj.socnet.2021.07.004&partnerID=40&md5=166a181a8763b328d6ef18f02eaf49c6","In this article, we advance literature on the political economy of climate change. First, we build upon ecologically unequal exchange perspectives to argue that the structure of the international natural resource exchange network moderates the impact of economic development on CO<inf>2</inf> emissions by inculcating resource dependency among less central countries. Thus, less central countries experience higher environmental costs to development than more central countries. Second, we conduct a network analysis of international trade in natural resources. This allows us to both describe the exchange relations that exist in this network and identify the unique structural locations that countries occupy within it. Our network analysis is unique in that it isolates the exchange of natural resources from an all-encompassing “world-system.” Third, we assess the degree to which development has more deleterious effects on the environment among less central countries in this network using three operationalizations of CO<inf>2</inf> emissions and allowing for both linear and non-linear associations between development and CO<inf>2</inf> emissions. Fourth, we assess the degree to which resource dependency operates as a causal mechanism linking resource structure to higher environmental costs of development. The results of panel regression models suggest that the environmental costs to development are higher in less central countries across all three outcomes and specifications of the development-CO<inf>2</inf> association, and that resource dependency plays a significant but partial role in this process. We conclude by implicating these findings in ongoing debates about the political economy of climate change and suggesting avenues for future research. © 2023 Elsevier B.V., All rights reserved.","Ecological Modernization; Ecological Unequal Exchange; Natural Resource Exchange Network; Treadmill Of Production"
"Drivers of tie formation in the Canadian climate change policy network: Belief homophily and social structural processes","2023","Social Networks","10.1016/j.socnet.2021.06.004","https://www.scopus.com/inward/record.uri?eid=2-s2.0-85110525767&doi=10.1016%2Fj.socnet.2021.06.004&partnerID=40&md5=6a5945dcd67a69cb63f0f33f4e9245d3","Extant research on policy networks tends to focus on explaining successes and/or failures of particular policy efforts. One commonly used theoretical framework – the Advocacy Coalition Framework (ACF) – focuses on actor attributes external to policy networks. We argue this leads to an incomplete understanding of the social dynamics of climate change policy making. We incorporate a policy network analytic approach with the ACF in an ERGM of collaboration in a Canadian climate change policy network, showing the role micro-structural network processes play in giving rise to informal policy networks. We find certain policy beliefs are correlated with tie formation. We also find micro-structural network processes related to reciprocity, structural equivalence and transitive closure are correlated with tie formation. We argue combining these two prominent streams of policy network literature has potential to improve our understanding of climate change policy making processes. © 2023 Elsevier B.V., All rights reserved.","Advocacy Coalition Framework; Climate Change; Exponential Random Graph Model (ergm); Policy Networks"
"Measuring structural HIV stigma","2023","Social Networks","10.1016/j.socnet.2023.04.001","https://www.scopus.com/inward/record.uri?eid=2-s2.0-85159197428&doi=10.1016%2Fj.socnet.2023.04.001&partnerID=40&md5=af8a6d88206ff7934fc28dc3265bdfa9","Despite the progress in pharmaceutical and epidemiological tools for combating HIV spread, HIV stigma remains a significant social barrier impeding treatment and prevention efforts, potentially reducing the effectiveness of interventions to reduce HIV transmission. In this paper, we propose a novel approach to defining and estimating HIV stigmatization through the structure of sexual relations, as opposed to attitudes. We conceptualize structural stigma as arising from two mechanisms: (1) a reduced propensity towards HIV serodiscordant partnerships (exclusion); and (2) a reduced propensity towards partnerships with seroconcordant individuals who themselves have serodiscordant partnerships (ostracism). Both mechanisms can be assessed from observed partnership network data using exponential family random graph models (ERGMs). We demonstrate our approach on a sexual contact network of black men who have sex with men in the South Side of Chicago. We find a tendency for serodiscordant sexual relationships to be suppressed in the network (θ = −0.69, p <.05), as well as a suppressive tendency for HIV negative YBMSM to have sex with other HIV negative people in serodiscordant relationships (θ = −0.96, p <.05) suggesting that structural HIV stigma is present in this network. Potential relationships with attitudinal stigma and implications for epidemiological strategies for reducing HIV stigma are discussed. © 2023 Elsevier B.V., All rights reserved.","Exponential Random Graph Models; Hiv Stigma; Sexual Contact Networks"
"Limited opportunities: Adolescents’ access to social capital in secondary schools in three European countries","2023","Social Networks","10.1016/j.socnet.2023.05.001","https://www.scopus.com/inward/record.uri?eid=2-s2.0-85159145069&doi=10.1016%2Fj.socnet.2023.05.001&partnerID=40&md5=efa4723436ef17fdbc59f8ded5e6bab2","While previous research indicates that students benefit from their peers’ resources, little is known about access to social capital in the school context. Therefore, this study examines differential access to social capital – measured by friends’ socioeconomic status (SES), the number of books they have at home, and their reading habits – in secondary schools in Germany, the Netherlands, and Sweden. Relying on a large-scale dataset, I investigate the association between socioeconomic status, minority status, and social capital using complete friendship network information. I argue that social capital access is connected to a two-stage process consisting of school sorting and friendship selection. To differentiate between these two processes, I apply within-between random effects (REWB). The models show that friendship selection is much less relevant for access to social capital than school sorting. Results indicate that while high-SES students have better access to social capital across dimensions, access patterns for minority students are more nuanced. © 2023 Elsevier B.V., All rights reserved.","Access To Social Capital; Between-school Sorting; Friendships; School Networks; Within-between Random Effects (rewb) Models"
"The role of selection in socioeconomic homophily: Evidence from an adolescent summer camp","2023","Social Networks","10.1016/j.socnet.2023.04.002","https://www.scopus.com/inward/record.uri?eid=2-s2.0-85158916184&doi=10.1016%2Fj.socnet.2023.04.002&partnerID=40&md5=40e739d9286dc52a52d8985d218b8fcd","Socioeconomic homophily in friendship networks is the result of several co-occurring processes, which are extremely challenging to disentangle. We propose to study the particular context of a three-week summer camp in France that gathered teenagers from varied socioeconomic backgrounds. We argue that this camp provides a unique opportunity to observe the sociability of adolescents in well-bounded settings with equalized meeting opportunities, thus helping us to narrow down the specific role of homophilic selection - the process by which individuals actively select similar friends. We use Stochastic Actor-Oriented Models to analyze the declared friendships of participants. Furthermore, we introduce a novel longitudinal extension of the Exponential Random Partition Model (ERPM), a model developed for relational data organized in discrete groups, which we apply to observed meal-sharing among adolescents. Results point to weak to non-existent homophilic selection during the stay. In turn, this suggests that structural opportunities and contextual moderators might be essential in explaining the amount of socioeconomic homophily found at school or in other contexts. © 2023 Elsevier B.V., All rights reserved.","Adolescent Groups; Friendship Networks; Partition Model; Socioeconomic Homophily; Stochastic Actor-oriented Model; Summer Camp"
"Shared responsibility and network collaboration in caregiving","2023","Social Networks","10.1016/j.socnet.2023.05.002","https://www.scopus.com/inward/record.uri?eid=2-s2.0-85158875782&doi=10.1016%2Fj.socnet.2023.05.002&partnerID=40&md5=5d743add4ccb310ed33ede558d41811a","Communal coping may benefit caregivers, but most communal coping research focuses on dyads. Using an egocentric network design, we examine caregivers’ we-talk—a linguistic marker of shared responsibility—and caregiver reports of 1) network member involvement in collaborative care roles and 2) met/unmet expectations across typically developing and rare disease contexts. We-talk was linked to involvement in direct care and support, but links of we-talk to decision-making varied based on network member closeness; we-talk was linked to meeting expectations for decision-making only. There were no differences across context, suggesting shared responsibility is linked to collaborative roles across caregiving contexts. © 2023 Elsevier B.V., All rights reserved.","Caregiving; Collaboration; Communal Coping; Social Networks; We-talk"
"Mobilizing personal networks into concert audiences: The differential multilevel effects in an art convention","2023","Social Networks","10.1016/j.socnet.2023.04.004","https://www.scopus.com/inward/record.uri?eid=2-s2.0-85158823248&doi=10.1016%2Fj.socnet.2023.04.004&partnerID=40&md5=0b9b7d131471e525059f886ef6082eb6","As a specific art convention, graduating music students in college often invite network members to attend their degree recitals. This customary practice of network mobilization involves two types of tie effects that seemingly conflicted with each other, which became more acute when the practice abruptly changed during the Covid-19 pandemic. Based on invitation and attendance records collected from seventy-one recitals in a span of two decades before (N = 4866) and during the pandemic (N = 428) in Taiwan, multilevel analysis helped untangle which concert and tie features contributed to successful invitations at both the recital and invitation levels. Recruiting a larger proportion of weak ties helped boost the overall attendance at the recital level, while strong ties ensured positive responses to individual invitations in terms of both meeting at the recital hall and recalling the recital, particularly before the pandemic. More importantly, certain cross-level effects changed during the pandemic while others remained intact. © 2023 Elsevier B.V., All rights reserved.","Art Convention; Concert Audience; Covid-19; Degree Recital; Network Mobilization"
"To make and keep friends: The role of health status in adolescent network tie formation and persistence","2023","Social Networks","10.1016/j.socnet.2023.04.005","https://www.scopus.com/inward/record.uri?eid=2-s2.0-85158015949&doi=10.1016%2Fj.socnet.2023.04.005&partnerID=40&md5=a5ee81a2ab76c8beadbd2c788dd12cc5","Health status may shape network structure through network dynamics (tie formation and persistence) and direction (sent and received ties), net of typical network processes. We apply Separable Temporal Exponential Random Graph Models (STERGMs) to National Longitudinal Study of Adolescent to Adult Health survey data (n = 1779) to differentiate how health status shapes network sent and received tie formation and persistence. Results indicate that networks are shaped by withdrawal of adolescents experiencing poor health, highlighting the importance of separating distinct and directed processes of friendship formation and persistence when considering how health relates to adolescent social life. © 2023 Elsevier B.V., All rights reserved.","Add Health; Adolescence; Ergm; Peer Networks; Self-rated Health"
"Embedded performers: The relational foundations of record production","2023","Social Networks","10.1016/j.socnet.2023.04.003","https://www.scopus.com/inward/record.uri?eid=2-s2.0-85154600809&doi=10.1016%2Fj.socnet.2023.04.003&partnerID=40&md5=645a78600575409da8f79f1bdb0df1a6","This article discusses some network mechanisms that may facilitate involvement in artistic production. More specifically, it explores the nature of the collaborative networks in which musicians are embedded, and looks for the structural configurations that are most conducive to individual creativity. Drawing upon a dataset consisting of 253 music teachers in the Italian region of Trentino, and focusing in particular on record production, the article shows productivity and artistic vitality to be highest among musicians with a balanced combination of ties to other musicians in the local music schools system, and ties to musicians with different territorial locations. These findings contribute to established lines of research on the network determinants of individual productivity and creativity in various domains. © 2023 Elsevier B.V., All rights reserved.","Artistic Networks; Creativity; Ei Index; Musicians, Artistic Production; Vitality"
"Insurgency as complex network: Image co-appearance and hierarchy in the PKK","2023","Social Networks","10.1016/j.socnet.2023.03.006","https://www.scopus.com/inward/record.uri?eid=2-s2.0-85153365720&doi=10.1016%2Fj.socnet.2023.03.006&partnerID=40&md5=3412ef2f6823614ddb935e76f263b9e4","Despite a growing recognition of the importance of insurgent group structure on conflict outcomes, there is very little empirical research thereon. Though this problem is rooted in the inaccessibility of data on militant group structure, insurgents frequently publish large volumes of image data on the internet. In this paper, I develop a new methodology that leverages this abundant but underutilized source of data by automating the creation of a social network graph based on co-appearance in photographs using deep learning. Using a trove of 20,645 obituary images published online by the PKK, a Kurdish militant group in Turkey, I demonstrate that an individual's centrality in the resulting co-appearance network is closely correlated with their rank in the insurgent group. © 2023 Elsevier B.V., All rights reserved.","Computer Vision; Group Structure; Hierarchy; Insurgency"
"What is the Point of Change? Change Point Detection in Relational Event Models","2023","Social Networks","10.1016/j.socnet.2023.03.004","https://www.scopus.com/inward/record.uri?eid=2-s2.0-85151508647&doi=10.1016%2Fj.socnet.2023.03.004&partnerID=40&md5=4d6f8cf7fe467b6745d2a96372375011","This paper presents an extension to the relational event model with change points (REM-CP) to study abrupt changes to social interaction behavior in temporal networks. A change point detection algorithm is proposed for exploring when and which network effects abruptly change, and a confirmatory approach to test the presence of a change point at a given moment. The effectiveness of the methodology was assessed with numerical simulations and NASA's Apollo 13 mission data. The latter revealed dynamic communication behavior and identified time zones where most change points occurred, including around the time of the famous quote “Houston, we've had a problem.” © 2023 Elsevier B.V., All rights reserved.","Bayes Factor; Change Point Detection; Communication; Critical Incident Analysis; Critical Situation; Graceful Extensibility; Relational Event Model; Resilience Engineering; Social Network Analysis"
"Bayesian nonparametric mixtures of Exponential Random Graph Models for ensembles of networks","2023","Social Networks","10.1016/j.socnet.2023.03.005","https://www.scopus.com/inward/record.uri?eid=2-s2.0-85151033828&doi=10.1016%2Fj.socnet.2023.03.005&partnerID=40&md5=70122a92775dfce22bd5d8253c9216b7","Ensembles of networks arise in various fields where multiple independent networks are observed, for example, a collection of student networks from different classes. However, there are few models that describe both the variations and characteristics of networks in an ensemble at the same time. In this manuscript, we propose to model ensembles of networks using a Dirichlet Process Mixture of Exponential Random Graph Models (DPM-ERGMs), which divides an ensemble into different clusters and models each cluster of networks using a separate Exponential Random Graph Model (ERGM). By employing a Dirichlet process mixture, the number of clusters can be determined automatically and changed adaptively with the data provided. Moreover, in order to perform full Bayesian inference for DPM-ERGMs, we develop a Metropolis-within-slice sampling algorithm to address the problem of sampling from the intractable ERGMs on an infinite sample space. We also demonstrate the performance of DPM-ERGMs with both simulated and real datasets. © 2023 Elsevier B.V., All rights reserved.","Adjusted Pseudo Likelihood; Dirichlet Process; Importance Sampling; Markov Chain Monte Carlo; Network Clustering"
"Separating the wheat from the chaff: Bayesian regularization in dynamic social networks","2023","Social Networks","10.1016/j.socnet.2023.02.006","https://www.scopus.com/inward/record.uri?eid=2-s2.0-85151011300&doi=10.1016%2Fj.socnet.2023.02.006&partnerID=40&md5=a04cb1e31347cfbda4fcf6bacd98d68b","In recent years there has been an increasing interest in the use of relational event models for dynamic social network analysis. The basis of these models is the concept of an “event”, defined as a triplet of time, sender, and receiver of some social interaction. The key question that relational event models aim to answer is what drives the pattern of social interactions among actors. Researchers often consider a very large number of predictors in their studies (including exogenous effects, endogenous network effects, and interaction effects). However, employing an excessive number of effects may lead to overfitting and inflated Type-I error rates. Moreover, the fitted model can easily become overly complex and the implied social interaction behavior difficult to interpret. A potential solution to this problem is to apply Bayesian regularization using shrinkage priors to recognize which effects are truly nonzero (the “wheat”) and which effects can be considered as (largely) irrelevant (the “chaff”). In this paper, we propose Bayesian regularization methods for relational event models using four different priors for both an actor and a dyad relational event model: a flat prior model with no shrinkage, a ridge estimator with a normal prior, a Bayesian lasso with a Laplace prior, and a horseshoe prior. We apply these regularization methods in three different empirical applications. The results reveal that Bayesian regularization can be used to separate the wheat from the chaff in models with a large number of effects by yielding considerably fewer significant effects, resulting in a more parsimonious description of the social interaction behavior between actors in dynamic social networks, without sacrificing predictive performance. © 2023 Elsevier B.V., All rights reserved.","Bayesian Lasso; Bayesian Regularization; Horseshoe Prior; Relational Event Data; Shrinkage Priors"
"R&D cooperation in collaborative consumption of research equipment: An ERGM approach","2023","Social Networks","10.1016/j.socnet.2023.03.001","https://www.scopus.com/inward/record.uri?eid=2-s2.0-85150812238&doi=10.1016%2Fj.socnet.2023.03.001&partnerID=40&md5=44802c565b42f0f462a26e160d19971c","High-tech research infrastructure is essential for state-of-the-art research, but requires many resources. Relatively weak actors, such as SMEs, cannot secure enough of those. Applying the concept of collaborative consumption via digital platforms, we examine the cooperative behavior of Korean SMEs that share research equipment to overcome their lack of resources. Also, we analyze configurations of a collaborative consumption network using the Exponential Random Graph Model. Network structural factor analysis shows sufficient effects of network positive feedback through cooperative consumption with a variety of popular providers and attributes analysis shows that SMEs frequently engage in collaborative consumption with their counterparts in the same region. This new cooperative model can achieve a virtuous cycle of policies, as it increases the efficiency of research infrastructure, preventing the unnecessary building of new research equipment and enabling relocation of underutilized infrastructure and online reservation of equipment. © 2023 Elsevier B.V., All rights reserved.","Collaborative Consumption; Collaborative R&d Network; Digital Platform; Research Equipment"
"Analysing networks of networks","2023","Social Networks","10.1016/j.socnet.2023.02.002","https://www.scopus.com/inward/record.uri?eid=2-s2.0-85150456850&doi=10.1016%2Fj.socnet.2023.02.002&partnerID=40&md5=d25379db1e2271b4cfd71471ccc68992","We consider data with multiple observations or reports on a network in the case when these networks themselves are connected through some form of network ties. We could take the example of a cognitive social structure where there is another type of tie connecting the actors that provide the reports; or the study of interpersonal spillover effects from one cultural domain to another facilitated by the social ties. Another example is when the individual semantic structures are represented as semantic networks of a group of actors and connected through these actors’ social ties to constitute knowledge of a social group. How to jointly represent the two types of networks is not trivial as the layers and not the nodes of the layers of the reported networks are coupled through a network on the reports. We propose to transform the different multiple networks using line graphs, where actors are affiliated with ties represented as nodes, and represent the totality of the different types of ties as a multilevel network. This affords studying the associations between the social network and the reports as well as the alignment of the reports to a criterion graph. We illustrate how the procedure can be applied to studying the social construction of knowledge in local flood management groups. Here we use multilevel exponential random graph models but the representation also lends itself to stochastic actor-oriented models, multilevel blockmodels, and any model capable of handling multilevel networks. © 2023 Elsevier B.V., All rights reserved.","Multigraphs; Multilevel Networks; Multiplex Networks; Sociosemantic Networks"
"Uses and limitations of dichotomous aggregate relational data","2023","Social Networks","10.1016/j.socnet.2023.02.001","https://www.scopus.com/inward/record.uri?eid=2-s2.0-85150381160&doi=10.1016%2Fj.socnet.2023.02.001&partnerID=40&md5=b82167dc2a74637778307a642313dc60","Aggregate relational data (ARD) on relationships between individuals and subgroups have been informative for studying egocentric network size and degree distributions, assessing segregation in contact with subpopulations, and estimating the size of unlisted groups. Scale-up models for ARD usually assume survey data giving counts of acquaintances in subpopulations, but a closed-ended response format that asks respondents to select a category covering a range of counts may be less burdensome. The simplest (dichotomous) such format distinguishes between having one or more acquaintances in a subpopulation and having none; many existing position generator data take this form. We assess the potential of dichotomous ARD by adapting existing methods for inference from count ARD to accommodate such data. We find that they permit estimation of degree distributions for basic scale-up models, though estimates are less precise than those from count ARD. Dichotomous ARD do not contain sufficient information to model segregation, however. These limitations may be addressed by estimating segregation using respondent heterogeneity on observed covariates, and/or by using a slightly expanded closed response format (0, 1, or two or more acquaintances). Our results suggest how the applications of position generator data – which typically collect dichotomous ARD – might be broadened to encompass questions studied using ARD. © 2023 Elsevier B.V., All rights reserved.","Aggregate Relational Data; Dichotomous Data; Network Size; Personal Networks; Segregation"
"Knowing me, knowing you: Socio-economic status and (segregation in) peer and parental networks in primary school","2023","Social Networks","10.1016/j.socnet.2023.03.003","https://www.scopus.com/inward/record.uri?eid=2-s2.0-85150309264&doi=10.1016%2Fj.socnet.2023.03.003&partnerID=40&md5=371b68dec2981b26742f02d91e0c2bc5","Students of different socio-economic status (SES) backgrounds are sorted into different schools. While integrating schools seems an easy solution to enhance inter-group interaction, this is yet an empirical question as we know little about how networks structure along SES lines in school. We examine the tendency for friendship and parental networks in primary school to structure by SES. We furthermore explore the role of the local school context. To do so, we collected multiplex classroom network data among Dutch students in 68 classrooms (55 schools) in their final year of primary school (grade 6; age 11–12). We link these sociometric data to register data, and test our hypotheses using cross-sectional exponential random graph models and meta-analysis techniques. Findings show that the networks of primary school students and their parents display a tendency for same-SES over cross-SES ties, net of opportunity structures. We do not find evidence for SES differences in the strength of SES homophily. Descriptive analyses show SES disparities in the extent to which parents have ties with the parents of their children's friends (i.e., intergenerational closure), but these disparities disappear when controlling for other tie-generating mechanisms using ERGMs. © 2023 Elsevier B.V., All rights reserved.","Ergms; Friendship Networks; Parental Networks; Primary School; Socio-economic Segregation"
"Impact of the tariff concessions of the RCEP agreement on the structure and evolution mechanism of manufacturing trade networks","2023","Social Networks","10.1016/j.socnet.2023.01.008","https://www.scopus.com/inward/record.uri?eid=2-s2.0-85149911650&doi=10.1016%2Fj.socnet.2023.01.008&partnerID=40&md5=3b99cae157eabbe622de99b5d9c1dfc8","In the world's largest free trade area, the Regional Comprehensive Economic Partnership (RCEP) agreement will gradually eliminate tariffs on over 90% of member countries’ goods over the next 36 years. We construct a tariff policy effects evaluation framework based on the complex network theory. In this framework, the standard Global Trade Analysis Project (GTAP) model is recursively extended to generate forecasted data of bilateral trade. Based on this, we model the RCEP manufacturing trade networks and analyze the response of its core–periphery structure to the tariff concessions. Then, we evaluate policy effects on the evolution of trade patterns based on motif analysis. Finally, we construct separable temporal exponential family random graph models (STERGM) to explore the influence path and degree of the new tariff agreement on the evolutionary mechanisms of trade networks. © 2023 Elsevier B.V., All rights reserved.","Manufacturing Trade Networks; Motif Analysis; Rcep Tariff Concession Agreement; Recursive Dynamic General Equilibrium Model; Separable Temporal Exponential Family Random Graph Model"
"Structure of personal networks and cognitive abilities: A study on a sample of Italian older adults","2023","Social Networks","10.1016/j.socnet.2023.02.005","https://www.scopus.com/inward/record.uri?eid=2-s2.0-85149062403&doi=10.1016%2Fj.socnet.2023.02.005&partnerID=40&md5=9818b875f25b3594b5015a21514e4c9b","Research in social gerontology has suggested that structural complexity of personal networks could moderate cognitive decline of older adults. In line with the environmental complexity hypothesis, their cognitive functioning would benefit from a high number of cohesive subgroups in their own personal networks, i.e., various social foci, thanks to higher cognitive stimuli from various social interactions. Yet, past studies considered only compositional diversity of networks due to lack of data on alter–alter ties. To fill this gap, we collected survey ego-network data on frequent social contacts (including alter–alter ties) and cognitive functioning on a sample of individuals aged ≥ 75 in Brescia, Italy (N=230). As a proxy for social foci, we detected cohesive subgroups within each respondent's personal networks. Results showed a positive association between the number of cohesive subgroups and cognitive functioning, regardless of the network size, while controlling for relevant socio-demographic attributes and depression symptoms. Our findings testify to the importance of granular network data in studying the link between social relationships and cognitive functioning. © 2023 Elsevier B.V., All rights reserved.","Ageing; Cognitive Functioning; Ego-networks; Environmental Complexity Hypothesis; Social Relationships"
"Network dynamics and its impact on innovation outcomes: R&D consortia in the Dutch water sector","2023","Social Networks","10.1016/j.socnet.2023.02.004","https://www.scopus.com/inward/record.uri?eid=2-s2.0-85148675779&doi=10.1016%2Fj.socnet.2023.02.004&partnerID=40&md5=c4787bb961fde5664b542a8cb1e67052","In this study, we explore the relationship between inter-organizational network dynamics and innovation outcomes. We focus on node turnover and argue that both cluster and broker dynamics can range from low (stable) to high (volatile), resulting in differentiated outcomes. The data comprises 318 consortium members participating in 104 R&D consortia forged in a 23-year period in the Dutch water sector. Our analysis reveals two equifinal combinations (stable brokers – volatile clusters and volatile brokers – stable clusters) that both generate significantly higher innovation outcomes compared to networks with low, moderate, or high dynamics across the entire network. © 2023 Elsevier B.V., All rights reserved.","Innovation; Network Dynamics; Network Structure; Node Turnover; R&d Consortia"
"“Defriending” in a polarized age: Political and racial homophily and tie dissolution","2023","Social Networks","10.1016/j.socnet.2023.01.006","https://www.scopus.com/inward/record.uri?eid=2-s2.0-85148107466&doi=10.1016%2Fj.socnet.2023.01.006&partnerID=40&md5=4662565e3c208662dff1d9315c9b7272","Given increased political polarization and racial tension in the wake of the 2016 presidential election in the United States, this study examines dropped ties in personal networks at that time based on political and racial identities. We employed data from the 2015–2018 UCNets study (n = 1159), a longitudinal, representative data set of the San Francisco Bay Area. In late 2015 and early 2016 it generated personal network data via multiple name generators, eliciting alters whom respondents socialized with, confided in, received advice from, exchanged social support with, and found difficult. Using multilevel multinomial logit models, we then examined various reasons for tie dissolution immediately following the inauguration of Trump in early 2017. The results show that among young adults, politically dissimilar alters were more likely to be dropped due to disagreements. With respect to racial homophily, we found that interracial dyads were more likely to be dropped because of drifting apart or some other reason for both younger and older cohorts. Overall, there is some support for the notion that dropped ties due to political disagreements did occur immediately following the 2016 election, but the results highlight the continuing significance of race in personal networks. © 2023 Elsevier B.V., All rights reserved.","Homophily; Personal Networks; Political Polarization; Race"
"Scaling bias in pooled exponential random graph models","2023","Social Networks","10.1016/j.socnet.2023.02.003","https://www.scopus.com/inward/record.uri?eid=2-s2.0-85148000749&doi=10.1016%2Fj.socnet.2023.02.003&partnerID=40&md5=a7a6514b6f816f2d79a1b3a24dc3525e","Researchers often use pooled exponential random graph models (ERGM) to analyze samples of networks. However, pooled ERGM—here, understood to include both meta-regression and combined estimation on a stacked adjacency matrix—may be biased if there is heterogeneity in the latent error variance (‘scaling’) of each lower-level model. This study explores the implications of scaling for pooled ERGM analysis. We illustrate that scaling can produce bias in pooled ERGM coefficients that is more severe than in single-network ERGM and we introduce two methods for reducing this bias. Simulations suggest that scaling bias can be large enough to alter conclusions about pooled ERGM coefficient size, significance, and direction, but can be substantially reduced by estimating the marginal effect within a block diagonal or random effects meta-regression framework. We illustrate each method in an empirical example using Add Health data on 15 in-school friendship networks. Results from the application illustrate that many substantive conclusions vary depending on choice of pooling method and interpretational quantity. © 2023 Elsevier B.V., All rights reserved.","Ergm; Meta-regression; Scaling; Social Networks"
"Closeness centrality via the Condorcet principle","2023","Social Networks","10.1016/j.socnet.2023.01.005","https://www.scopus.com/inward/record.uri?eid=2-s2.0-85147980482&doi=10.1016%2Fj.socnet.2023.01.005&partnerID=40&md5=3c504dfd4fb39dc3446a1365e7864cd6","We provide a characterization of closeness centrality in the class of distance-based centralities. To this end, we introduce a natural property, called majority comparison, that states that out of two adjacent nodes the one closer to more nodes is more central. We prove that any distance-based centrality that satisfies this property gives the same ranking in every graph as closeness centrality. The axiom is inspired by the interpretation of the graph as an election in which nodes are both voters and candidates and their preferences are determined by the distances to the other nodes. © 2023 Elsevier B.V., All rights reserved.","Axioms; Centrality Measures; Closeness Centrality; Condorcet Principle; Distance"
"Chronic illness and social network bridging in later life","2023","Social Networks","10.1016/j.socnet.2023.01.007","https://www.scopus.com/inward/record.uri?eid=2-s2.0-85147596252&doi=10.1016%2Fj.socnet.2023.01.007&partnerID=40&md5=b12c6364b49b880814238f38354c0e72","Chronic disease has profound impacts on the structural features of individuals’ interpersonal connections such as bridging — ties to people who are otherwise poorly connected to each other. Prior research has documented competing arguments regarding the benefits of network bridging, but less is known about how chronic illness influences bridging and its underlying mechanisms. Using data on 1555 older adults from the National Social Life, Health, and Aging Project (NSHAP), I find that older adults diagnosed with chronic illness tend to have lower bridging potential in their networks, particularly between kin and non-kin members. They also report more frequent interactions with close ties but fewer neighbors, friends, and colleagues in their networks, which mediates the association between chronic illness and social network bridging. These findings illuminate both direct and indirect pathways through which chronic illness affects network bridging and highlight the context-specific implications for social networks in later life. © 2023 Elsevier B.V., All rights reserved.","Aging; Bridging; Chronic Illness; Comorbidity; Family; Social Networks"
"Cross-border credit networks, banking risk contagion and suppression effects","2023","Social Networks","10.1016/j.socnet.2023.01.009","https://www.scopus.com/inward/record.uri?eid=2-s2.0-85149738212&doi=10.1016%2Fj.socnet.2023.01.009&partnerID=40&md5=7b604214b334a76d22a8f8fc948c2e3a","From the perspective of risk contagion, it is difficult to balance the benefits and costs of banking globalization. We use data on cross-border syndicated loans intended to build heterogeneous credit networks among banking sectors in various countries to explore the introduction of banking risks into the network. Via social network analysis (SNA), we find that the global credit network has phased characteristics, and it is a source of exposure to global banking risks. However, the more important network position, that is, the greater centrality, identified shows that the banking industry is more stable. To explain these findings, we present and estimate the banking risk contagion model and the suppression effect model of contagion. Evidence suggests that the international credit network is the channel of risk contagion, and the long-term loan network and nonfinancial borrower network have a stronger contagion effect. Exogenous banking supervision and network endogenous closeness centrality can inhibit risk contagion. From a policy perspective, these findings indicate the need to supervise high-risk cross-border loans and maintain independence in the international credit network. Data Availability Statement: The data that support the findings of this study are available from the corresponding author, [Heng Zhao, email: zhao0501@mail.dlut.edu.cn], upon reasonable request. © 2023 Elsevier B.V., All rights reserved.","Banking Risk; Contagion; Credit Network; Suppression Effect"
"Does “network closure” beef up firms’ performance?","2023","Social Networks","10.1016/j.socnet.2023.01.004","https://www.scopus.com/inward/record.uri?eid=2-s2.0-85147355900&doi=10.1016%2Fj.socnet.2023.01.004&partnerID=40&md5=4e083a29c1f6760c2b99939ee846a7e1","In this paper we study whether “network closure” in the supply chain can explain the heterogeneity observed in firms’ performance. Using unique panel data on trade flows among beef farms in the Italian region of Piedmont, we analyze a sequential supply chain characterized by the co-existence of two production goods: domestic cattle, of lower quality but less risky, and imported cattle, of higher quality but exposed to higher risks. Our findings indicate that network closure, a characteristic commonly linked to the enhancement of trustworthy relations and mutual cooperation, is associated with an increase in the performance of farms adopting the riskier production system. On the other hand, network closure does not affect the performance of farms using the more traditional and mature technology. Thus, trust may promote the use of inputs of superior quality. © 2023 Elsevier B.V., All rights reserved.","Import Premium; Network Closure; Sequential Supply Chain"
"Neighborhood conditions and social network turnover among older adults","2023","Social Networks","10.1016/j.socnet.2023.01.003","https://www.scopus.com/inward/record.uri?eid=2-s2.0-85147228635&doi=10.1016%2Fj.socnet.2023.01.003&partnerID=40&md5=a35d8b8d67309bdfc179ee9b03ea78bd","Increasing research highlights heterogeneity in patterns of social network change, with growing evidence that these patterns are shaped in part by social structure. The role of social and structural neighborhood conditions in the addition and loss of kin and non-kin network members, however, has not been fully considered. In this paper, we argue that the residential neighborhood context can either facilitate or prevent the turnover of core network relationships in later life – a period of the life course characterized by heightened reliance on network ties and vulnerability to neighborhood conditions. Using longitudinal data from the National Social Life, Health, and Aging Project linked with data from the American Community Survey, we find that higher levels of neighborhood concentrated disadvantage are associated with the loss of older adults’ kin and non-kin network members over time. Higher levels of perceived neighborhood social interaction, however, are associated with higher rates of adding non-kin network members and lower rates of adding kin network members over time. We suggest that neighborhood conditions, including older adults’ perceptions of neighborhood social life, represent an underexplored influence on kin and non-kin social network dynamics, which could have implications for access to social resources later in the life course. © 2023 Elsevier B.V., All rights reserved.","Aging; Concentrated Disadvantage; Neighborhoods; Network Dynamics; Personal Networks"
"Effects of temporal resolution adjustments on dynamic sexual contact models","2023","Social Networks","10.1016/j.socnet.2022.10.003","https://www.scopus.com/inward/record.uri?eid=2-s2.0-85146917142&doi=10.1016%2Fj.socnet.2022.10.003&partnerID=40&md5=a1ddf4ceb33fe8f1c63cbfe0b1a1cb13","Simulation and inferential modeling of sexual contact dynamics can be used to help predict the propagation of sexually transmitted infections (STI) such as HIV, by providing information on both cross-sectional network structure and how that structure changes over time. Researchers’ choices regarding the temporal resolution of such network models is often driven by the resolution of the data collected to support model fitting and evaluation. These inherited temporal resolutions can become problematic if they differ from the resolution of other processes to which the network must be related. In such cases, a model “correction” is necessary: specifically, we would like to have a systematic method for adjusting a fitted model to allow it to make predictions at a different timescale than the one on which it was initially based. Here, we introduce a basic set of desiderata for such adjustments, and assess three very simple approaches to timescale adjustments for models of sexual contact networks (SCNs), with focus on models parameterized within the separable temporal exponential family random graph model (STERGM) framework. We also examine the impact of time-scale changes on SCN characteristics themselves, and outline a set of desiderata for what an adjustment strategy may be expected to achieve. Our findings have implications both for timescale correction of dynamic network models, and for dynamic network data collection. © 2023 Elsevier B.V., All rights reserved.","Data Collection; Modeling; Parameterization; Stergm; Temporal Adjustment"
"Leadership and contagion by COVID-19 among residence hall students: A social network analysis approach","2023","Social Networks","10.1016/j.socnet.2023.01.001","https://www.scopus.com/inward/record.uri?eid=2-s2.0-85146266238&doi=10.1016%2Fj.socnet.2023.01.001&partnerID=40&md5=f2fa7af1908f40c63dcdb227887d70a8","University students have changed their behaviour due to the COVID-19 pandemic. In this paper, we describe the characteristics of PCR+ and PCR- nodes, analyse the structure, and relate the structure of student leaders to pandemic contagion as determined by PCR+ in 93 residential university students. Leadership comes from the male students of social science degrees who have PCR +, with an eigenvector centrality structure, β-centrality, and who are part of the bow-tie structure. There was a significant difference in β-centrality between leaders and non-leaders and in β-centrality between PCR+ and non-leaders. Leading nodes were part of the bow-tie structure. MR-QAP results show how residence and scientific branch were the most important factors in network formation. Therefore, university leaders should consider influential leaders, as they are vectors for disseminating both positive and negative outcomes. © 2023 Elsevier B.V., All rights reserved.","Covid-19; Leadership; Pandemic Contagion; Residence Hall; Social Network Analysis; University Students"
"Demographic and HIV status diversities as mechanisms of social integration and segregation among Black sexual and gender minorities enrolled in a community-based social network intervention","2023","Social Networks","10.1016/j.socnet.2022.12.006","https://www.scopus.com/inward/record.uri?eid=2-s2.0-85146042290&doi=10.1016%2Fj.socnet.2022.12.006&partnerID=40&md5=1c34306848bc8a786cd2d520eb88cfc4","Drawing on a social integration and intersectionality framework, this study advances a dynamic network understanding of the mechanisms that enable differential patterns of within-group social integration and segregation among Black sexual and gender minorities (BSGM). Specifically, in a cohort of BSGM (18–35 years of age, n = 340) participating in a community-based network intervention for HIV prevention, we examine how sexual, gender, age, and HIV status diversities contribute to friendship formation and maintenance patterns over the 12-month study enrollment period. We found attenuated social integration (or social activity) among non-gay-identified and older BSGM and evidence of social segregation (or homophily) on the basis of sexual identity and age similarities. Accounting for the moderating effects of the intervention revealed that the attenuated integration of non-gay-identified and older BSGM were stronger for participants who received the peer leadership training, and integration challenges were also found for transgender BSGM who received the peer leadership training. Meanwhile, BSGM living with HIV who received the peer leadership training were significantly more integrated than their counterparts in the control arm. These findings help us understand the complicated social fabric among BSGM and the dynamics that interventions for this community may have to contend with or alter. © 2023 Elsevier B.V., All rights reserved.","Black Sexual And Gender Minorities; Exponential Random Graph Models; Intersectionality; Social Integration; Social Network Interventions; Social Segregation"
"Emergence of social support networks among breast cancer survivors through a community-based physical activity program in Colombia","2023","Social Networks","10.1016/j.socnet.2022.12.007","https://www.scopus.com/inward/record.uri?eid=2-s2.0-85146010002&doi=10.1016%2Fj.socnet.2022.12.007&partnerID=40&md5=a2f9ed7217c4aca60ef451ce142f2c99","Physical activity (PA), social networks, and social support have been associated with decreased mortality and improved quality of life among breast cancer survivors (BCS). This study used social network analysis to understand the social co-benefits of a community-based PA program for BCS in Colombia. Two types of social support networks emerged from the program: friendship (the number of edges increased by 90 %) and PA support (35 % of participants practiced PA together after the program). Using egocentric and socio-centric analysis we show the presence of homophily for friendship and PA support relations and the BCS's roles in their networks. © 2023 Elsevier B.V., All rights reserved.","Breast Cancer Survivors; Community-based Program; Ego-network Analysis; Physical Activity Promotion; Social Network Analysis; Social Support"
"Validation of interaction-based egocentric elicitation using ecological momentary assessment with young adults currently or formerly homeless","2023","Social Networks","10.1016/j.socnet.2023.01.002","https://www.scopus.com/inward/record.uri?eid=2-s2.0-85146008425&doi=10.1016%2Fj.socnet.2023.01.002&partnerID=40&md5=827dc46a50373ba0a4cdfd3be2802a71","Introduction: Social network changes are common as individuals transition from homeless to Supportive Housing. Egocentric approaches to elicit network members have been utilized with young adults experiencing homelessness to better understand such socio-environmental contexts; however, such approaches are subject to recall bias. Momentary measurements of one's social network via Ecological Momentary Assessment (EMA) can support in understanding the accuracy of egocentric elicitation methods. Objective: To examine who is elicited using an interaction-based approach in egocentric social network analysis among currently homeless and formerly homeless young adults residing in Supportive Housing and explore which alters are reported in interactions and how often are they reported when egocentric network analysis is embedded in EMA. Methods: The present study utilizes interaction-based elicitation embedded within Ecological Momentary Assessment (EMA) in two sub-samples: currently homeless young adults (n = 72) and formerly homeless young adults residing in Supportive Housing (n = 118). Results: Most egos interacted with three of their top five alters, while only 8.9% interacted with all five. Conversely, only 2% of egos reported that they did not interact with any of their top five. Several differences in alter characteristics were identified by housing status. Alters indicated as being more supportive are elicited first and alters elicited first are interacted with the most. Conclusions: EMA findings suggest that a cross-sectional social network survey of top five alters will results in an ordered list, with the most important/frequent alter being named first and trend downward. Results have implications for future study design involving egocentric network analyses. Present findings indicate qualities of alters present and thus, offer plausible “best practices” when utilizing network elicitation methods, particularly interaction-based methods. © 2023 Elsevier B.V., All rights reserved.","Ecological Momentary Assessment; Persons, Homeless; Social Behavior; Social Network Analysis; Young Adults"
"Understanding the self-organization of occupational sex segregation with mobility networks","2023","Social Networks","10.1016/j.socnet.2022.12.004","https://www.scopus.com/inward/record.uri?eid=2-s2.0-85145314683&doi=10.1016%2Fj.socnet.2022.12.004&partnerID=40&md5=d909eadf95e331c9ab14a359c93da5a0","Decades after the beginning of the gender revolution, most women and men still work in sex-typed occupations. This is a primary driver of the gender wage gap. Most research describing the patterns of occupational sex segregation focuses on supposedly innate job characteristics that match gender stereotypical abilities and preferences, such as the use of mathematical skills or social skills, on income and status differences between occupations, and on organizational job characteristics, for example, the need to work long hours. However, beyond such occupational attributes, sex segregation is hypothesized to exhibit emergent patterns that are linked to the interdependent job mobility of women and men, in particular, men selectively leaving feminizing occupations. Developing new tools inspired by statistical network research, and using representative, longitudinal data that contain detailed occupational mobility from the UK between 2000 and 2008, this replacement mechanism is analyzed. It is shown that 19–28% of observed sex segregation is linked to this emergent phenomenon in a statistical model that disentangles the various predictors of the allocation of women and men to different occupations. This makes it the most important predictor of segregation in contrast to concurrently modelled explanations based on occupational characteristics. Data and materials availability: The BHPS data and the LFS data are available from the UK Data Service (https://www.ukdataservice.ac.uk/). The O*NET data is available from the O*NET homepage (https://www.onetcenter.org/). Software implemented in the environment R and code for data analysis are available upon request from the authors. © 2023 Elsevier B.V., All rights reserved.","Mobility Networks; Occupational Mobility; Sex Segregation; Statistical Network Models"
"A network centrality bias: Central individuals in workplace networks have more supportive coworkers","2023","Social Networks","10.1016/j.socnet.2022.12.002","https://www.scopus.com/inward/record.uri?eid=2-s2.0-85144898055&doi=10.1016%2Fj.socnet.2022.12.002&partnerID=40&md5=ac76f29f18dcfbfbcc6aa1a55ffbb900","Combining the results of two empirical studies, we investigate the role of alters’ motivation in explaining change in ego's network position over time. People high in communal motives, who are prone to supportive and altruistic behavior in their interactions with others as a way to gain social acceptance, prefer to establish ties with co-workers occupying central positions in organizational social networks. This effect results in a systematic network centrality bias: The personal network of central individuals (individuals with many incoming ties from colleagues) is more likely to contain more supportive and altruistic people than the personal network of individuals who are less central (individuals with fewer incoming ties). This result opens the door to the possibility that the effects of centrality so frequently documented in empirical studies may be due, at least in part, to characteristics of the alters in an ego's personal community, rather than to egos themselves. Our findings invite further empirical research on how alters’ motives affect the returns that people can reap from their personal networks in organizations. © 2022 Elsevier B.V., All rights reserved.","Centrality Bias; Communal Motives; Motivation; Network Centrality; Social Networks; Stochastic Actor-oriented Models"
"Use of a hierarchical deconstruction procedure for the classification of personal networks: Exploring nested groups around you","2023","Social Networks","10.1016/j.socnet.2022.12.005","https://www.scopus.com/inward/record.uri?eid=2-s2.0-85144783509&doi=10.1016%2Fj.socnet.2022.12.005&partnerID=40&md5=c93eeecc285c7bbdb27a8a45fce7cfa9","The deconstruction of personal networks through the iterative elimination of the nodes with the highest betweenness centrality is an effective strategy for describing their structural properties. In this study we show that iterative deconstruction can also serve to classify personal networks into typologies. With longitudinal data from a sample of 69 students, we found that denser networks are more resistant to fragmentation while those organized in defined subgroups usually have a shorter deconstruction process. In addition, the deconstruction strategy allows knowing the hierarchical structure of personal networks, made up of nested subgroups. © 2022 Elsevier B.V., All rights reserved.","Deconstruction; Personal Networks; Structural Analysis; Typology"
"Approaches to blockmodeling dynamic networks: A Monte Carlo simulation study","2023","Social Networks","10.1016/j.socnet.2022.12.003","https://www.scopus.com/inward/record.uri?eid=2-s2.0-85144042121&doi=10.1016%2Fj.socnet.2022.12.003&partnerID=40&md5=39bd7347b3ad807fc4bce9ecae4ff228","Blockmodeling refers to a variety of statistical methods for reducing and simplifying large and complex networks. While methods for blockmodeling networks observed at one time point are well established, it is only recently that researchers have proposed several methods for analysing dynamic networks (i.e., networks observed at multiple time points). The considered approaches are based on k-means or stochastic blockmodeling, with different ways being used to model time dependency among time points. Their novelty means they have yet to be extensively compared and evaluated and the paper therefore aims to compare and evaluate them using Monte Carlo simulations. Different network characteristics are considered, including whether tie formation is random or governed by local network mechanisms. The results show the Dynamic Stochastic Blockmodel (Matias and Miele 2017) performs best if the blockmodel does not change; otherwise, the Stochastic Blockmodel for Multipartite Networks (Bar-Hen et al. 2020) does. © 2022 Elsevier B.V., All rights reserved.","Dynamic Networks; Evaluation; K-means Blockmodeling; Local Mechanisms; Simulations; Stochastic Blockmodeling"
"Weighting the transitivity of undirected weighted social networks with triadic edge dissimilarity scores","2023","Social Networks","10.1016/j.socnet.2022.12.001","https://www.scopus.com/inward/record.uri?eid=2-s2.0-85143777809&doi=10.1016%2Fj.socnet.2022.12.001&partnerID=40&md5=73566afbce796a1d0393d00fdee7c224","When an individual is socially connected to two others, the resulting triplet can be closed (if the two social partners are themselves connected) or open (if they are not connected). The proportion of closed triplets, referred to as the binary network transitivity, is a classic measure of the level of interconnectedness of a social network. However, in any given triplet, if the closing link is weak, or indeed if any of the links in the triplet is weak, then the triplet should not contribute as much to network transitivity as if all three links were equally strong. I propose two ways to weight the contribution of each triplet according to the dissimilarity between the three links in the triplet. Empirically, the resulting new metrics conveyed information not picked up by any other network-level metric. I envision that this approach could prove useful in studies of triadic mechanisms, i.e., situations where pre-existing social ties influence the interactions with third parties. These metrics could also serve as repeatable synthetic variables that summarize information about the variability of the strength of social connections. © 2022 Elsevier B.V., All rights reserved.","Animal Association Network; Clustering Coefficient; Graph Theory; Indirect Interactions; Intransitivity; Social Style; Socio-spatial Structure; Valence"
"Measuring particularized trust: A name generator approach","2023","Social Networks","10.1016/j.socnet.2022.09.007","https://www.scopus.com/inward/record.uri?eid=2-s2.0-85144158002&doi=10.1016%2Fj.socnet.2022.09.007&partnerID=40&md5=2df25d0dd6a35e8015d84839650abf5d","In the social sciences, trust scholars largely divide their interests between two streams of research: one on generalized trust and one on particularized trust. While recent developments in the measurement of generalized trust have pushed the literature forward, similar improvements to the measurement of particularized trust have lagged behind. In this article, I advance trust research by (1) developing an egocentric particularized trust (EPT) instrument based on a multiple name generator approach, and (2) assessing EPT's empirical performance across numerous psychometric tests. Results from a general population quota sample (N = 2041) indicate that EPT consists of two separate latent constructs, one for personally known others (EPT-K) and one for family members (EPT-F). Using traditional measures of particularized trust as benchmarks, I find that EPT-K and EPT-F provide the most valid and reliable measures of particularized trust. I conclude by discussing implications and directions for future research. © 2022 Elsevier B.V., All rights reserved.","Confirmatory Factor Analysis; Generalized Trust; Measurement Validation"
"Structure in context: A morphological view of whole network performance","2023","Social Networks","10.1016/j.socnet.2022.10.002","https://www.scopus.com/inward/record.uri?eid=2-s2.0-85140436146&doi=10.1016%2Fj.socnet.2022.10.002&partnerID=40&md5=d5aa247fe7c354db2c06c67b554102ac","Network perspectives in organizational research have focused primarily on how the embeddedness of actors shapes individual, or nodal, outcomes. Against this backdrop, a growing number of researchers have begun to adopt a wider lens on organizational networks, shifting the focus to collective, or whole network, performance. Yet, efforts to understand the relationship between whole network structure and whole network performance have produced conflicting findings, which suggests that a different approach may be needed. Drawing on macrostructural sociology, we propose a “whole network morphology” framework, which argues the whole network structure-performance relationship is contingent on other fundamental—relational and cultural—whole network dimensions. Subsequently, we undertake an application of our framework, through which we demonstrate how a morphological view helps address conflicting findings on the structure-performance relationship. We study 250 whole interorganizational networks known as Accountable Care Organizations (ACOs), which collectively comprise more than 44,000 healthcare organizations and 250,000 physicians. Consistent with previous work, we do not find a clear association between structural connectedness and performance. However, we find that a more disconnected network structure is associated with negative ACO performance when the relational strength of network ties is high. We also find evidence of better ACO performance in the presence of a physician cultural orientation when the whole network is more connected. © 2022 Elsevier B.V., All rights reserved.","Aco; Culture; Healthcare; Morphology; Performance; Structure; Whole Networks"
"Kudos make you run! How runners influence each other on the online social network Strava","2023","Social Networks","10.1016/j.socnet.2022.10.001","https://www.scopus.com/inward/record.uri?eid=2-s2.0-85139848821&doi=10.1016%2Fj.socnet.2022.10.001&partnerID=40&md5=b2c2fe2722d09beee5d0ba64b6bbd9a5","Strava is the largest online social network for athletes. We used Strava's big data to investigate how runners in the same virtual Strava club influenced each other's running behavior. We hypothesized that receiving kudos on recorded activities would spur exercise rates, and that the running behavior of clubmates to whom ego gave kudos would serve as a motivational example. We focused on five different Strava clubs that functioned as a virtual extension of real-life Dutch running clubs with a total of 329 members. Using data on kudos and recorded activities, we constructed a longitudinal dataset of complete networks and behavior over 11 periods with a one-month time window. We tested our hypotheses using SIENA. We found that receiving kudos induced runners to run more and more often. Moreover, athletes tended to adjust their running behavior to that of their ‘kudos-friends’ (i.e., those to whom they gave kudos). Contrary to our expectation, kudos-friends who ran more and more often than ego were not the most influential. If anything, the reverse was true; athletes were more likely to come to resemble the running behavior of their kudos-friends who ran less and less often. © 2022 Elsevier B.V., All rights reserved.","Saom; Social Influence; Social Network Analysis; Social Support; Sports; Strava"
"How interrank contacts benefit masters in a Buddhist monastery: Comparing the effects of ascribed Dharma titles and perceived status","2023","Social Networks","10.1016/j.socnet.2022.09.008","https://www.scopus.com/inward/record.uri?eid=2-s2.0-85139341449&doi=10.1016%2Fj.socnet.2022.09.008&partnerID=40&md5=6a908278c5de04177ab52e0dcd416b4b","Social interactions within modern Buddhist communities reflect two hierarchical rules. First, the Dharma titles ordained to specific masters affect how they interact with one another. Second, as more Buddhist organizations adapt to secular society, their members also network along nonreligious hierarchies. To capture how such changing social hierarchies shape masters’ social networks, this study examines the “status effects” embedded in social interactions within Foothills, a Buddhist monastery in Taiwan, based on contact diaries recorded over twenty-eight months. Multilevel analyses that focus on 102,254 contacts nested in 582 interpersonal ties among 53 Buddhist masters indicate that nearly all pairings of the ascribed Dharma titles had significant effects on emotional gain, and perceived status was not significant. In addition, contact with the highest ascribed title was clearly more important for instrumental gain, whereas the pattern of the perceived status effect was ambiguous. While the modern monastery has incorporated task-oriented work from secular society, the ordained titles continue to generate more profound effects than perceived status. © 2022 Elsevier B.V., All rights reserved.","Buddhist Monastery; Contact Diaries; Hierarchical Relations; Multilevel Networks"
"Investigating the role of multilevel social capital in ethnic income inequality in the Chinese labour market","2023","Social Networks","10.1016/j.socnet.2022.09.006","https://www.scopus.com/inward/record.uri?eid=2-s2.0-85138593119&doi=10.1016%2Fj.socnet.2022.09.006&partnerID=40&md5=a431c6b65ffe147c40b86a4163e7baea","This study examines to what extent individual- and county-level social capital respectively and jointly explain the Chinese ethnic income inequality. Using two waves of the Chinese General Social Survey data, social capital is operationalised into extensivity, upper reachability, mean prestige, and range via the position generator. Results show that social capital is unevenly distributed along the ethnic line in China, minorities are in disadvantaged position in accessing social capital, especially the number of occupation accessed and mean occupational prestige, compared with Han. When cross-level interactions are taken into account, with the increase of county-level social capital, its positive effect on minorities’ income attenuates while it become stronger for Han's income. The differential returns of social capital on income between minorities and Han may be attributable to the mean prestige of their accessed position networks. Finally, the Blinder-Oaxaca decomposition analysis uncovers that when all variables are controlled for, there is still approximately 24 % of the income gap between minorities and Han remained unexplained, indicating the severe ethnic wage penalty minorities are facing in the Chinese labour market. © 2022 Elsevier B.V., All rights reserved.","China; Ethnic Income Inequality; Multilevel Modelling; Position Generator; Social Capital"
"The development of stratification and segregation in a new scientific field: A study of collaboration among scientists in neuroblastoma research between 1975 and 2016","2023","Social Networks","10.1016/j.socnet.2022.05.001","https://www.scopus.com/inward/record.uri?eid=2-s2.0-85138366025&doi=10.1016%2Fj.socnet.2022.05.001&partnerID=40&md5=c4e9583dc95cf9658ef33323887c4593","Using a new data set on scientific collaboration in neuroblastoma research over a period of 41 years, we study how the structure of collaboration ties in an evolving scientific field changes over time. Guided by concepts from the sociology of knowledge and status theories, we highlight the importance of a field's size and age for processes of stratification and segregation within it. Our findings suggest that stratification becomes stronger and diversifies as the field of neuroblastoma research expands. Moreover, we find that the occurrence of collaboration between researchers with a similar status becomes more likely as the field matures. While previous work has primarily examined established fields, our study focuses on how scientific fields change their structure over time. More broadly, our article demonstrates the potential analytical merits of adopting a dynamic and relational perspective on the developmental trajectories of organizational and cultural fields. © 2022 Elsevier B.V., All rights reserved.","Ergms; Long-term Changes In Network Structure; Matthew Effect; Scientific Networks; Segregation; Status"
"Multilevel network interventions: Goals, actions, and outcomes","2023","Social Networks","10.1016/j.socnet.2022.09.005","https://www.scopus.com/inward/record.uri?eid=2-s2.0-85138365569&doi=10.1016%2Fj.socnet.2022.09.005&partnerID=40&md5=f07e0d325b94f5d5a739f55c492e777e","COVID-19 has resulted in dramatic and widespread social network interventions across the globe, with public health measures such as distancing and isolation key epidemiological responses to minimize transmission. Because these measures affect social interactions between people, the networked structure of daily lives is changed. Such largescale changes to social structures, present simultaneously across many different societies and touching many different people, give renewed significance to the conceptualization of social network interventions. As social network researchers, we need a framework for understanding and describing network interventions consistent with the COVID-19 experience, one that builds on past work but able to cast interventions across a broad societal framework. In this theoretical paper, we extend the conceptualization of social network interventions in these directions. We follow Valente (2012) with a tripartite categorization of interventions but add a multilevel dimension to capture hierarchical aspects that are a key feature of any society and implicit in any network. This multilevel dimension distinguishes goals, actions, and outcomes at different levels, from individuals to the whole of the society. We illustrate this extended taxonomy with a range of COVID-19 public health measures of different types and at multiple levels, and then show how past network intervention research in other domains can also be framed in this way. We discuss what counts as an effective network, an effective intervention, plausible causality, and careful selection and evaluation, as central to a full theory of network interventions. © 2022 Elsevier B.V., All rights reserved.",""
"Class inequalities in access to social capital in the metropolitan area of Buenos Aires","2023","Social Networks","10.1016/j.socnet.2022.09.003","https://www.scopus.com/inward/record.uri?eid=2-s2.0-85138198040&doi=10.1016%2Fj.socnet.2022.09.003&partnerID=40&md5=d48d6f333e309fd7bb407a1b440bdb94","this paper analyzes social class inequalities in access to social capital. Quantitative methodology was used with data from the PI-Clases “Reproduction and social mobility in family trajectories and life courses” survey, conducted in the Metropolitan Area of Buenos Aires in 2015 (n = 1065). Social capital measures where derived from the Position Generator (Lin, 2001) to identify the volume, status and range of the respondent's networks. Results show that there are class inequalities in access to social capital in terms of the number of contacts, mean status of contacts, range of contact's status and highest status of contacts. Also, the working class is more heterogeneous in its access to social capital, suggesting it has a sector that has network ties with people from the middle class and a sector with lower social capital. The observed trend is of gradational differences between class strata, with more marked inequalities between the service, intermediate and working class, but with fluid class boundaries without social segregation. Also, social capital is conditioned by intergenerational mobility trajectory, showing a trend of elasticity in the class composition of social relationships. The upwardly mobile can increase their access to social capital but don't reach the same level as the intergenerationally stable, while the downwardly mobile retain some social capital from their class origins. © 2022 Elsevier B.V., All rights reserved.","Intergenerational Social Mobility; Social Capital; Social Class; Social Networks"
"Random sampling of alters from networks: A promising direction in egocentric network research","2023","Social Networks","10.1016/j.socnet.2022.09.004","https://www.scopus.com/inward/record.uri?eid=2-s2.0-85137788842&doi=10.1016%2Fj.socnet.2022.09.004&partnerID=40&md5=b0fd788c8685984cb6b4b2f05e00145c","The social network perspective has great potential for advancing knowledge of social mechanisms in many fields. However, collecting egocentric (i.e., personal) network data is costly and places a heavy burden on respondents. This is especially true of the task used to elicit information on ties between network members (i.e., alter-alter ties or density matrix), which grows exponentially in length as network size increases. While most existing national surveys circumvent this problem by capping the number of network members that can be named, this strategy has major limitations. Here, we apply random sampling of network members to reduce cost, respondent burden, and error in network studies. We examine the effectiveness and reliability of random sampling in simulated and real-world egocentric network data. We find that in estimating sample/population means of network measures, randomly selecting a small number of network members produces only minor errors, regardless of true network size. For studies that use network measures in regressions, randomly selecting the mean number of network members (e.g., randomly selecting 10 alters when mean network size is 10) is enough to recover estimates of network measures that correlate close to 1 with those of the full sample. We conclude with recommendations for best practices that will make this versatile but resource intensive methodology accessible to a wider group of researchers without sacrificing data quality. © 2022 Elsevier B.V., All rights reserved.","Respondent Burden; Simulation; Social Network; Survey Method; Us"
"Assessing harmfulness and vulnerability in global bipartite networks of terrorist-target relationships","2023","Social Networks","10.1016/j.socnet.2022.08.003","https://www.scopus.com/inward/record.uri?eid=2-s2.0-85137673250&doi=10.1016%2Fj.socnet.2022.08.003&partnerID=40&md5=a140dd255065dd062aa5de7b13885ef1","In this paper we leverage a massive attack-focused terrorist database and we design a dynamic bipartite network analysis to examine the structural evolution of terrorists-targets relationships. We introduce two novel measures to jointly assess harmfulness and vulnerability of terrorist and target groups, both at local and global level. Statistical validation using null models provides evidence that the information contained in these measures is new and not included in other variables, thus emphasizing the usefulness of these topological indicators. Finally, a policy-support experiment designed as network dismantling-like drill is proposed to assess the effects of potential attack preventive strategies. © 2022 Elsevier B.V., All rights reserved.","Bipartite Networks; Centrality Measures; Networks; Null Models; Terrorism Network"
"Gender bias in the classroom: A network study on self and peer ability attribution","2023","Social Networks","10.1016/j.socnet.2022.09.001","https://www.scopus.com/inward/record.uri?eid=2-s2.0-85137624822&doi=10.1016%2Fj.socnet.2022.09.001&partnerID=40&md5=01544fa15050e26baa241ab7d4f012b8","Stereotypes can contribute to the gender gap in STEM by shaping people's expectations on their own and others’ performance. When gender is salient, expectations on task performance might reflect gender constructs even when information on individual abilities is available. We tested this hypothesis in a network study on students from ten high school classes in Milan, Italy. We asked the students to choose the four best candidates from their classmates for three hypothetical inter-class competitions in reading, math, and science. Results showed that females were more likely to be nominated for the reading competition but less likely for science. We did not find any statistically significant results for the math competition. We also found that female students were less likely to nominate themselves for any competition, regardless of the subject, even controlling for their own performance and self-concept. © 2022 Elsevier B.V., All rights reserved.","Ability Attribution; Gender Bias; Gender Stereotypes; Network Study; Stem"
"Connecting for success: Egocentric network types among underrepresented minority students at college","2023","Social Networks","10.1016/j.socnet.2022.09.002","https://www.scopus.com/inward/record.uri?eid=2-s2.0-85137306227&doi=10.1016%2Fj.socnet.2022.09.002&partnerID=40&md5=30a6e7c2054fbe26a1965c83342a7cb1","This study investigates the egocentric networks of underrepresented minority students. Adjustment to college for underrepresented minority students often means balancing between the origin (i.e., low-status family) and host (i.e., academic) environments, requiring students to develop different coping strategies. The analysis included 124 Roma university students. We employed the contact diary method and the EgoNet program for mapping students’ egocentric networks. We explored classification among egocentric networks by cluster analysis based on the network proportion of the origin, fellow, and host groups. Three clusters were distinguished. The Host-based cluster proved to be the most advantageous, while the Balancing cluster appeared to be the most disadvantageous in terms of network resources, well-being, and trust. Partners’ ethnicity and educational attainment showed a strong connection with cluster membership. Our results highlight that small fellow communities can successfully interconnect the origin and host groups in students’ egocentric networks. © 2022 Elsevier B.V., All rights reserved.","Adjustment To College; Egocentric Network; Minority Students; Mobility Patterns; Social Adjustment; Social Capital"
"Conflict dynamics in collaborative knowledge production. A study of network gatekeeping on Wikipedia","2023","Social Networks","10.1016/j.socnet.2022.08.002","https://www.scopus.com/inward/record.uri?eid=2-s2.0-85136577092&doi=10.1016%2Fj.socnet.2022.08.002&partnerID=40&md5=b46768a64afd66285104433949a9ed74","Digitalization has fundamentally changed gatekeeping by allowing users to participate in processes of information control. We study gatekeeping on Wikipedia by analyzing networks of deletions among editors. Factors considered to explain the emergence of these networks are editors’ information production capability, their range of activity, their communicative ties, their geographical location, and their past interactions. Relying on relational event models, we find that the observed gatekeeping processes are not only shaped by the factors related to an editor's standing in the community, but also to a certain extent by their attribution to content-related groups and some forms of past interactions. © 2022 Elsevier B.V., All rights reserved.","Network Gatekeeping; Relational Event Models; Social Network Analysis; Wikipedia"
"Networks in lockdown: The consequences of COVID-19 for social relationships and feelings of loneliness","2023","Social Networks","10.1016/j.socnet.2022.08.001","https://www.scopus.com/inward/record.uri?eid=2-s2.0-85136141174&doi=10.1016%2Fj.socnet.2022.08.001&partnerID=40&md5=ac4f8d0b93de72fa121d0b2290249e6c","This paper studies social network changes during the COVID-19 crisis in the Netherlands and their relation to perceived loneliness for the younger and the older cohorts. Arguments from opportunity theory and social capital theory are used to formulate hypotheses on network changes during the pandemic. Core discussion networks and networks with practical helpers from two representative cohorts (18–35 years of age and 65+ years of age, n = 1342 participants in both waves) during the lockdown in May 2020 are compared with networks of the same respondents in May 2019. We find that networks became smaller and more focused on stronger ties, while weaker ties more often decayed. Feelings of loneliness incsreased on average for all respondents and in particular for those who live alone or have a disadvantaged socioeconomic position. Importantly, the decrease in the number of the practical helper network, that is, decline in relatively weaker ties, affects experiences of loneliness in both groups. © 2022 Elsevier B.V., All rights reserved.","Network Changes In Crises; Networks During Covid-19; Weak Ties And Loneliness"
"Corrigendum to “An efficient counting method for the colored triad census” [Soc. Netw. 58 (2019) 136–142, (S0378873317305129), (10.1016/j.socnet.2019.04.003)]","2023","Social Networks","10.1016/j.socnet.2021.11.003","https://www.scopus.com/inward/record.uri?eid=2-s2.0-85125309707&doi=10.1016%2Fj.socnet.2021.11.003&partnerID=40&md5=b5933acf77416596681c8036d164097f","The authors regret to inform that on page 138 in Lienert et al. (2019) there is an incorrect expression. Rather than ""…and one way when there is one color in the triad (i.e., [Formula presented])"" it should instead read ""… and three ways when there is one color in the triad (i.e. [Formula presented])"". The co-authors thank Joshua Goode and jimi adams for pointing out these errata. The authors would like to apologize for any inconvenience caused. © 2023 Elsevier B.V., All rights reserved.",""
