Start Testing ...
Reference 0: ['Lapse rate', 'Precipitable water vapour', 'Scale height', 'Temperature', 'Vertical profile'] 

Sorted_Candidate: [['microwave observations'], ['microwave observations'], ['mwri-rm'], ['machine learning algorithms'], ['pwv'], ['models'], ['ocean'], ['study'], ['land']] 

Candidates_Dedup: ['microwave observations', 'mwri-rm', 'machine learning algorithms', 'pwv', 'models', 'ocean', 'study', 'land'] 

TOP-K 1: ['microwave observations', 'mwri-rm', 'machine learning algorithms', 'pwv', 'models', 'ocean', 'study', 'land'] 

Reference 1: ['Water vapor', 'FY-3G/MWRI-RM', 'ERA5', 'Radiosonde'] 

Sorted_Candidate: [['smap soil moisture data'], ['various input model parameters'], ['various land cover types'], ['dbn'], ['dbn'], ['deep belief networkis'], ['study'], ['performance'], ['effectiveness'], ['methods']] 

Candidates_Dedup: ['smap soil moisture data', 'various input model parameters', 'various land cover types', 'dbn', 'deep belief networkis', 'study', 'performance', 'effectiveness', 'methods'] 

TOP-K 2: ['smap soil moisture data', 'various input model parameters', 'various land cover types', ['dbn'], 'deep belief networkis', 'study', 'performance', 'effectiveness', 'methods'] 

Reference 2: ['DBN', 'Soil moisture', 'Downscaling', 'Spatial resolution', 'Land cover'] 

Sorted_Candidate: [['crease-contact model'], ['aerospace design'], ['space film mechanisms'], ['model'], ['pso'], ['extreme temperatures'], ['experiments'], ['parameters']] 

Candidates_Dedup: ['crease-contact model', 'aerospace design', 'space film mechanisms', 'model', 'pso', 'extreme temperatures', 'experiments', 'parameters'] 

TOP-K 3: ['crease-contact model', 'aerospace design', 'space film mechanisms', 'model', 'pso', 'extreme temperatures', 'experiments', 'parameters'] 

Reference 3: ['Space membrane structure', 'Crease dynamics', 'Dynamics simulation and experiment', 'ANCF'] 

Sorted_Candidate: [['global pre-midnight epb patterns'], ['non-significant pre-midnight suppression'], ['december solstice maximum'], ['geomagnetic disturbances'], ['post-midnight epbs'], ['dual-parameter detection'], ['icon data'], ['icon data'], ['statistical confidence analysis'], ['strong peak'], ['south america'], ['sensitivity testing'], ['results'], ['years'], ['region']] 

Candidates_Dedup: ['global pre-midnight epb patterns', 'non-significant pre-midnight suppression', 'december solstice maximum', 'geomagnetic disturbances', 'post-midnight epbs', 'dual-parameter detection', 'icon data', 'statistical confidence analysis', 'strong peak', 'south america', 'sensitivity testing', 'results', 'years', 'region'] 

TOP-K 4: ['global pre-midnight epb patterns', 'non-significant pre-midnight suppression', 'december solstice maximum', 'geomagnetic disturbances', 'post-midnight epbs', 'dual-parameter detection', 'icon data', 'statistical confidence analysis', 'strong peak', 'south america', 'sensitivity testing', 'results', 'years', 'region'] 

Reference 4: ['Equatorial plasma bubbles', 'Ionospheric irregularities', 'ICONGeomagnetic activity', 'Seasonal variability'] 

Sorted_Candidate: [['semi-automatic approach'], ['automatic approach'], ['new automatic method'], ['plasma structures'], ['low time complexity'], ['method'], ['mips'], ['propagation parameters'], ['minimum dependency'], ['error'], ['morphology'], ['results']] 

Candidates_Dedup: ['semi-automatic approach', 'automatic approach', 'new automatic method', 'plasma structures', 'low time complexity', 'method', 'mips', 'propagation parameters', 'minimum dependency', 'error', 'morphology', 'results'] 

TOP-K 5: ['semi-automatic approach', 'automatic approach', 'new automatic method', 'plasma structures', 'low time complexity', 'method', 'mips', 'propagation parameters', 'minimum dependency', 'error', 'morphology', 'results'] 

Reference 5: ['All-sky airglow imager', 'Image segmentation', 'Mid-latitude ionospheric plasma structure', 'Deep learning'] 

Sorted_Candidate: [['ionosphere-thermosphere system'], ['ion density'], ['ion density'], ['hunga eruption'], ['storm'], ['irregularity'], ['wind dynamics'], ['dip equator'], ['moderate storm'], ['wind speed'], ['turbulence'], ['increase'], ['fluctuations'], ['pressure'], ['altitude'], ['¡ã']] 

Candidates_Dedup: ['ionosphere-thermosphere system', 'ion density', 'hunga eruption', 'storm', 'irregularity', 'wind dynamics', 'dip equator', 'moderate storm', 'wind speed', 'turbulence', 'increase', 'fluctuations', 'pressure', 'altitude', '¡ã'] 

TOP-K 6: ['ionosphere-thermosphere system', ['ion density'], 'hunga eruption', 'storm', 'irregularity', 'wind dynamics', 'dip equator', 'moderate storm', ['wind speed'], 'turbulence', 'increase', 'fluctuations', 'pressure', 'altitude', '¡ã'] 

Reference 6: ['Ionosphere and thermosphere', 'Ion density', 'Wind speed', 'Geomagnetic storm', 'Volcanic eruption'] 

Sorted_Candidate: [['post-sunset esf'], ['layer heightincrease'], ['esf'], ['st occurrences peak'], ['high solar activity'], ['low solar activity'], ['sts'], ['sts'], ['sts'], ['lsws'], ['esf onset'], ['solar levels'], ['link'], ['reliable precursor'], ['irregularities'], ['advance'], ['ist'], ['minutes'], ['h']] 

Candidates_Dedup: ['post-sunset esf', 'layer heightincrease', 'esf', 'st occurrences peak', 'high solar activity', 'low solar activity', 'sts', 'lsws', 'esf onset', 'solar levels', 'link', 'reliable precursor', 'irregularities', 'advance', 'ist', 'minutes', 'h'] 

TOP-K 7: ['post-sunset esf', 'layer heightincrease', 'esf', 'st occurrences peak', 'high solar activity', 'low solar activity', 'sts', 'lsws', 'esf onset', 'solar levels', 'link', 'reliable precursor', 'irregularities', 'advance', 'ist'] 

Reference 7: ['Equatorial Spread F', 'Satellite Traces', 'STs with or without ESF', 'Solar flux', 'Seasonal variability of STs'] 

Sorted_Candidate: [['segmented multi-objective optimization method'], ['tianqin constellation'], ['high-fidelity dynamic models'], ['low-frequency control'], ['geometric stability'], ['cooperative control strategy'], ['optimal geometric stability'], ['active configuration maintenance'], ['fuel consumption'], ['benefit'], ['cost'], ['investigation']] 

Candidates_Dedup: ['segmented multi-objective optimization method', 'tianqin constellation', 'high-fidelity dynamic models', 'low-frequency control', 'geometric stability', 'cooperative control strategy', 'optimal geometric stability', 'active configuration maintenance', 'fuel consumption', 'benefit', 'cost', 'investigation'] 

TOP-K 8: ['segmented multi-objective optimization method', 'tianqin constellation', 'high-fidelity dynamic models', 'low-frequency control', 'geometric stability', 'cooperative control strategy', 'optimal geometric stability', 'active configuration maintenance', 'fuel consumption', 'benefit', 'cost', 'investigation'] 

Reference 8: ['Configuration maintenance', 'Cooperative control', 'Multi-objective optimization', 'Cost-benefit analysis', 'Gravitational wave detection'] 

Sorted_Candidate: [['combined gaussian mixture model'], ['space situational awareness mission'], ['spacecraft pre-maneuver orbit'], ['post-maneuver orbit'], ['spacecraft maneuver detection method'], ['nonlinear uncertainty propagation'], ['method'], ['method'], ['data association'], ['orbital uncertainty'], ['orbital arc']] 

Candidates_Dedup: ['combined gaussian mixture model', 'space situational awareness mission', 'spacecraft pre-maneuver orbit', 'post-maneuver orbit', 'spacecraft maneuver detection method', 'nonlinear uncertainty propagation', 'method', 'data association', 'orbital uncertainty', 'orbital arc'] 

TOP-K 9: ['combined gaussian mixture model', 'space situational awareness mission', 'spacecraft pre-maneuver orbit', 'post-maneuver orbit', 'spacecraft maneuver detection method', ['nonlinear uncertainty propagation'], 'method', 'data association', 'orbital uncertainty', 'orbital arc'] 

Reference 9: ['Spacecraft maneuver detection', 'Nonlinear uncertainty propagation', 'Orbital maneuver', 'Space situational awareness'] 

Sorted_Candidate: [['n-body meteoroid'], ['equivalent cross-sectional diameter'], ['meter-sized meteoroids'], ['new model'], ['new model'], ['meteoroid'], ['bx1'], ['atmospheric evolution'], ['light curve'], ['meteorite'], ['asteroid'], ['field'], ['rotation'], ['structure'], ['fragments'], ['distribution'], ['observation'], ['geometry']] 

Candidates_Dedup: ['n-body meteoroid', 'equivalent cross-sectional diameter', 'meter-sized meteoroids', 'new model', 'meteoroid', 'bx1', 'atmospheric evolution', 'light curve', 'meteorite', 'asteroid', 'field', 'rotation', 'structure', 'fragments', 'distribution', 'observation', 'geometry'] 

TOP-K 10: ['n-body meteoroid', 'equivalent cross-sectional diameter', 'meter-sized meteoroids', 'new model', 'meteoroid', 'bx1', 'atmospheric evolution', 'light curve', 'meteorite', 'asteroid', 'field', 'rotation', 'structure', 'fragments', 'distribution'] 

Reference 10: ['Atmospheric entry of meteoroids', 'Discrete element method', 'Meter-sized meteoroid2023 Beijing meteoroid', 'Asteroid 2024 BX1'] 

Sorted_Candidate: [['repro2'], ['repro2 gcm'], ['repro2 gy'], ['annual phase deviations'], ['non-loading errors'], ['draconitic errors'], ['gcm estimates'], ['repro3'], ['mitigation'], ['position level'], ['comparable level'], ['accuracy'], ['references']] 

Candidates_Dedup: ['repro2', 'repro2 gcm', 'repro2 gy', 'annual phase deviations', 'non-loading errors', 'draconitic errors', 'gcm estimates', 'repro3', 'mitigation', 'position level', 'comparable level', 'accuracy', 'references'] 

TOP-K 11: ['repro2', 'repro2 gcm', 'repro2 gy', 'annual phase deviations', 'non-loading errors', 'draconitic errors', 'gcm estimates', 'repro3', 'mitigation', 'position level', 'comparable level', 'accuracy', 'references'] 

Reference 11: ['Geocenter motion', 'GNSS inversion', 'IGS reprocessing campaigns', 'Seasonal variations', 'Intra-seasonal variations'] 

Sorted_Candidate: [['reclaimed-land subsidence mechanism analysis'], ['reclaimed-land subsidence monitoring'], ['tianjin binhai new area'], ['geotechnical model'], ['subsidence evolution'], ['time-series insar'], ['lstm'], ['prediction'], ['land'], ['comparison']] 

Candidates_Dedup: ['reclaimed-land subsidence mechanism analysis', 'reclaimed-land subsidence monitoring', 'tianjin binhai new area', 'geotechnical model', 'subsidence evolution', 'time-series insar', 'lstm', 'prediction', 'land', 'comparison'] 

TOP-K 12: ['reclaimed-land subsidence mechanism analysis', 'reclaimed-land subsidence monitoring', 'tianjin binhai new area', 'geotechnical model', 'subsidence evolution', 'time-series insar', 'lstm', 'prediction', 'land', 'comparison'] 

Reference 12: ['Land reclamation', 'Ground subsidence', 'In', 'SAR', 'Mechanism analysis', 'Deformation prediction'] 

Sorted_Candidate: [['surface water salinity'], ['mapping salinity surface water'], ['surface water salinity map'], ['hourly salinity'], ['bayesian model'], ['machine learning models'], ['landsat-8'], ['input data'], ['data'], ['data'], ['model selection'], ['modeling'], ['modeling'], ['framework'], ['technique']] 

Candidates_Dedup: ['surface water salinity', 'mapping salinity surface water', 'surface water salinity map', 'hourly salinity', 'bayesian model', 'machine learning models', 'landsat-8', 'input data', 'data', 'model selection', 'modeling', 'framework', 'technique'] 

TOP-K 13: ['surface water salinity', 'mapping salinity surface water', 'surface water salinity map', 'hourly salinity', 'bayesian model', 'machine learning models', 'landsat-8', 'input data', 'data', 'model selection', 'modeling', 'framework', 'technique'] 

Reference 13: ['Salinity intrusion', 'Remote sensing', 'Landsat-8Machine Learning', 'Mekong Delta', 'Vietnam'] 

Sorted_Candidate: [['eco-environmental quality'], ['eco-environmental quality'], ['eco-environmental quality'], ['eco-environmental quality'], ['industrial structure'], ['industrial structure indicators'], ['significant positive impact'], ['advanced industrial structure'], ['industrial structure diversity'], ['impact'], ['statistical indicators'], ['pvar'], ['dynamic impact'], ['different years'], ['ecological environment'], ['data'], ['contribution']] 

Candidates_Dedup: ['eco-environmental quality', 'industrial structure', 'industrial structure indicators', 'significant positive impact', 'advanced industrial structure', 'industrial structure diversity', 'impact', 'statistical indicators', 'pvar', 'dynamic impact', 'different years', 'ecological environment', 'data', 'contribution'] 

TOP-K 14: ['eco-environmental quality', ['industrial structure'], 'industrial structure indicators', 'significant positive impact', 'advanced industrial structure', 'industrial structure diversity', 'impact', 'statistical indicators', ['pvar'], 'dynamic impact', 'different years', 'ecological environment', 'data', 'contribution'] 

Reference 14: ['Industrial structure', 'Ecological environment quality', 'PVAR', 'Impulse response', 'Variance decomposition', 'Granger causality'] 

Sorted_Candidate: [['spatiotemporal variability'], ['era5 reanalysis data'], ['surface meteorological observations'], ['advanced machine'], ['zwd modeling'], ['machine'], ['climatic conditions'], ['models'], ['modelsare'], ['prediction accuracy'], ['excellent capability'], ['reliance'], ['integration'], ['methods']] 

Candidates_Dedup: ['spatiotemporal variability', 'era5 reanalysis data', 'surface meteorological observations', 'advanced machine', 'zwd modeling', 'machine', 'climatic conditions', 'models', 'modelsare', 'prediction accuracy', 'excellent capability', 'reliance', 'integration', 'methods'] 

TOP-K 15: ['spatiotemporal variability', 'era5 reanalysis data', 'surface meteorological observations', 'advanced machine', 'zwd modeling', 'machine', 'climatic conditions', 'models', 'modelsare', 'prediction accuracy', 'excellent capability', 'reliance', 'integration', 'methods'] 

Reference 15: ['Tropospheric Wet Delay', 'Machine learning', 'XG', 'Boost', 'Light', 'GBM'] 

Sorted_Candidate: [['ndviand factors'], ['soybean yields'], ['modis ndvi'], ['lst'], ['lst'], ['summer crop seasons'], ['tvdi monthly inputs'], ['departmental differences'], ['model inputs'], ['dummy variables'], ['models'], ['models'], ['maize']] 

Candidates_Dedup: ['ndviand factors', 'soybean yields', 'modis ndvi', 'lst', 'summer crop seasons', 'tvdi monthly inputs', 'departmental differences', 'model inputs', 'dummy variables', 'models', 'maize'] 

TOP-K 16: ['ndviand factors', 'soybean yields', 'modis ndvi', 'lst', 'summer crop seasons', 'tvdi monthly inputs', 'departmental differences', 'model inputs', 'dummy variables', 'models', 'maize'] 

Reference 16: ['NDVILSTTDVI', 'Water stress'] 

Sorted_Candidate: [['nonnegative matrix factorizationmethod'], ['sub-regional driver analysis'], ['large-scale vegetation dynamics'], ['multifaceted framework'], ['fvc estimation'], ['fvc'], ['geographic models'], ['local drivers'], ['combination']] 

Candidates_Dedup: ['nonnegative matrix factorizationmethod', 'sub-regional driver analysis', 'large-scale vegetation dynamics', 'multifaceted framework', 'fvc estimation', 'fvc', 'geographic models', 'local drivers', 'combination'] 

TOP-K 17: ['nonnegative matrix factorizationmethod', 'sub-regional driver analysis', 'large-scale vegetation dynamics', 'multifaceted framework', 'fvc estimation', 'fvc', 'geographic models', 'local drivers', 'combination'] 

Reference 17: ['Fractional vegetation coverage', 'Improved constrained nonnegative matrix factorization', 'Optimal parameter-based geographic detector', 'Geographically weighted random forest', 'Ecological protection'] 

Sorted_Candidate: [['design adequacy'], ['fcv'], ['fcv effects'], ['key design aspects'], ['sea-level thrust'], ['pulse width modulation'], ['steady state operation'], ['propulsion system'], ['system requirements'], ['flow control'], ['design'], ['nozzle'], ['thruster'], ['system performance'], ['cold gas'], ['analysis'], ['characterization'], ['vacuum'], ['correlation']] 

Candidates_Dedup: ['design adequacy', 'fcv', 'fcv effects', 'key design aspects', 'sea-level thrust', 'pulse width modulation', 'steady state operation', 'propulsion system', 'system requirements', 'flow control', 'design', 'nozzle', 'thruster', 'system performance', 'cold gas', 'analysis', 'characterization', 'vacuum', 'correlation'] 

TOP-K 18: ['design adequacy', 'fcv', 'fcv effects', 'key design aspects', 'sea-level thrust', ['pulse width modulation'], 'steady state operation', 'propulsion system', 'system requirements', 'flow control', 'design', 'nozzle', 'thruster', 'system performance', 'cold gas'] 

Reference 18: ['Cold gas thrusters', 'Cube', 'Sat propulsion', 'Pull in voltage', 'Cyclic life', 'On-response', 'Pulse width modulation'] 

Sorted_Candidate: [['zhinyu crater'], ['zhinyu crater'], ['zhinyu crater'], ['ejecta thicknesses'], ['thicknesses'], ['km/s'], ['compositional rings'], ['vertical impact'], ['diameter projectile'], ['basalt layers'], ['moon']] 

Candidates_Dedup: ['zhinyu crater', 'ejecta thicknesses', 'thicknesses', 'km/s', 'compositional rings', 'vertical impact', 'diameter projectile', 'basalt layers', 'moon'] 

TOP-K 19: [['zhinyu crater'], 'ejecta thicknesses', 'thicknesses', 'km/s', 'compositional rings', 'vertical impact', 'diameter projectile', 'basalt layers', 'moon'] 

Reference 19: ['Impact crater', 'Ejecta', 'Numerical simulation', 'Zhinyu crater'] 

Sorted_Candidate: [['bended piezoelectric semiconductor beam'], ['non-uniformity'], ['constitutive relation'], ['differential quadrature method'], ['nonlinear model'], ['potential barriers'], ['nonlinearity'], ['iteration procedure'], ['structure'], ['structures'], ['wells']] 

Candidates_Dedup: ['bended piezoelectric semiconductor beam', 'non-uniformity', 'constitutive relation', 'differential quadrature method', 'nonlinear model', 'potential barriers', 'nonlinearity', 'iteration procedure', 'structure', 'structures', 'wells'] 

TOP-K 20: ['bended piezoelectric semiconductor beam', 'non-uniformity', 'constitutive relation', ['differential quadrature method'], 'nonlinear model', 'potential barriers', 'nonlinearity', ['iteration procedure'], 'structure', 'structures', 'wells'] 

Reference 20: ['Nonlinear analysis', 'Bended piezoelectric semiconductor', 'Variable cross section', 'Iteration procedure', 'Differential quadrature method', 'Electro-elastic properties'] 

Sorted_Candidate: [['asymptotic approach'], ['second-order solutions'], ['flexural-gravity waves'], ['flexural-gravity wave'], ['linear water wave theory'], ['frequency domain analysis'], ['bottom ripples'], ['jonswap'], ['undulating bottom'], ['mathematical model'], ['bragg resonance'], ['time domain'], ['problem'], ['fourier'], ['technique'], ['presence'], ['existence']] 

Candidates_Dedup: ['asymptotic approach', 'second-order solutions', 'flexural-gravity waves', 'flexural-gravity wave', 'linear water wave theory', 'frequency domain analysis', 'bottom ripples', 'jonswap', 'undulating bottom', 'mathematical model', 'bragg resonance', 'time domain', 'problem', 'fourier', 'technique', 'presence', 'existence'] 

TOP-K 21: [['asymptotic approach'], 'second-order solutions', ['flexural-gravity waves'], ['flexural-gravity wave'], 'linear water wave theory', 'frequency domain analysis', 'bottom ripples', 'jonswap', 'undulating bottom', 'mathematical model', 'bragg resonance', 'time domain', 'problem', 'fourier', 'technique'] 

Reference 21: ['Flexural-gravity wave', 'Uniform current', 'Bottom undulation', 'Asymptotic approach', 'Fourier transform', 'Reflection coefficient', 'Time-domain analysis'] 

Sorted_Candidate: [['uses mathematical programming'], ['reports interesting findings'], ['supplier selection problem'], ['buyback contract'], ['solution algorithm'], ['defective units'], ['uncertain demand'], ['insights'], ['suppliers']] 

Candidates_Dedup: ['uses mathematical programming', 'reports interesting findings', 'supplier selection problem', 'buyback contract', 'solution algorithm', 'defective units', 'uncertain demand', 'insights', 'suppliers'] 

TOP-K 22: ['uses mathematical programming', 'reports interesting findings', 'supplier selection problem', 'buyback contract', 'solution algorithm', 'defective units', 'uncertain demand', 'insights', 'suppliers'] 

Reference 22: ['Supplier selection', 'Newsvendor model', 'Uncertain supply', 'Buyback/return policy'] 

Sorted_Candidate: [['different wheel/rail equivalent conicity functions'], ['typical hunting bifurcations'], ['adaptive constraint-following control method'], ['high-speed train'], ['bogie hunting stability'], ['active suspension system'], ['hunting stability'], ['lateral suspension'], ['carbody'], ['method']] 

Candidates_Dedup: ['different wheel/rail equivalent conicity functions', 'typical hunting bifurcations', 'adaptive constraint-following control method', 'high-speed train', 'bogie hunting stability', 'active suspension system', 'hunting stability', 'lateral suspension', 'carbody', 'method'] 

TOP-K 23: ['different wheel/rail equivalent conicity functions', 'typical hunting bifurcations', 'adaptive constraint-following control method', ['high-speed train'], 'bogie hunting stability', ['active suspension system'], ['hunting stability'], 'lateral suspension', 'carbody', 'method'] 

Reference 23: ['High-speed train', 'Hunting stability', 'Nonlinear damping', 'Active suspension system', 'Bifurcation control', 'Constraint-following control'] 

Sorted_Candidate: [['anisotropic nano-beams'], ['nano-beams'], ['gradient airy stress function'], ['significant strain gradient effects'], ['gradient elasticity models'], ['stress fields'], ['gradient coefficient c'], ['stress/displacement'], ['gradient stress fields'], ['y-direction'], ['c approaches infinity'], ['solutions'], ['ct beams'], ['exact solutions'], ['literature solutions'], ['notation'], ['findings'], ['analysis']] 

Candidates_Dedup: ['anisotropic nano-beams', 'nano-beams', 'gradient airy stress function', 'significant strain gradient effects', 'gradient elasticity models', 'stress fields', 'gradient coefficient c', 'stress/displacement', 'gradient stress fields', 'y-direction', 'c approaches infinity', 'solutions', 'ct beams', 'exact solutions', 'literature solutions', 'notation', 'findings', 'analysis'] 

TOP-K 24: [['anisotropic nano-beams'], 'nano-beams', 'gradient airy stress function', 'significant strain gradient effects', 'gradient elasticity models', 'stress fields', 'gradient coefficient c', 'stress/displacement', 'gradient stress fields', 'y-direction', 'c approaches infinity', 'solutions', 'ct beams', 'exact solutions', 'literature solutions'] 

Reference 24: ['Anisotropic nano-beams', 'Nonlocal elasticity', 'Stress and strain gradient elasticity', 'Analytical solutions', 'Micro-size effects'] 

Sorted_Candidate: [['hong kong'], ['hong kong'], ['hong kong'], ['omicron'], ['assortativityin'], ['age groups'], ['age groups'], ['full-spectrum dynamics'], ['average death rate'], ['booster doses'], ['transmission advantage'], ['group'], ['group'], ['disease severity'], ['transmission degree'], ['high degree'], ['individuals'], ['effects'], ['china'], ['times']] 

Candidates_Dedup: ['hong kong', 'omicron', 'assortativityin', 'age groups', 'full-spectrum dynamics', 'average death rate', 'booster doses', 'transmission advantage', 'group', 'disease severity', 'transmission degree', 'high degree', 'individuals', 'effects', 'china', 'times'] 

TOP-K 25: ['hong kong', ['omicron'], 'assortativityin', 'age groups', 'full-spectrum dynamics', 'average death rate', 'booster doses', 'transmission advantage', 'group', 'disease severity', 'transmission degree', 'high degree', 'individuals', 'effects', 'china'] 

Reference 25: ['Omicron', 'Age-stratified transmission model', 'Booster vaccinations', 'Counterfactual scenarios'] 

Sorted_Candidate: [['dissipative behaviours'], ['arbitrary cross-sections'], ['hybrid discretization method'], ['favre waves laboratory experiments'], ['favre waves'], ['numerical flux formulations'], ['dispersive terms integration'], ['key propagation phenomena'], ['shallow water solver'], ['long propagation times'], ['winckler'], ['finite element'], ['model'], ['model'], ['finite volume'], ['computational flexibility'], ['wave propagation'], ['numerical model'], ['reformulation'], ['channels'], ['liu']] 

Candidates_Dedup: ['dissipative behaviours', 'arbitrary cross-sections', 'hybrid discretization method', 'favre waves laboratory experiments', 'favre waves', 'numerical flux formulations', 'dispersive terms integration', 'key propagation phenomena', 'shallow water solver', 'long propagation times', 'winckler', 'finite element', 'model', 'finite volume', 'computational flexibility', 'wave propagation', 'numerical model', 'reformulation', 'channels', 'liu'] 

TOP-K 26: ['dissipative behaviours', 'arbitrary cross-sections', 'hybrid discretization method', 'favre waves laboratory experiments', ['favre waves'], 'numerical flux formulations', 'dispersive terms integration', 'key propagation phenomena', 'shallow water solver', 'long propagation times', 'winckler', ['finite element'], 'model', ['finite volume'], 'computational flexibility'] 

Reference 26: ['Favre waves', 'Dispersive waves', 'Boussinesq-type model', 'Finite volume', 'Finite element', 'Energy dissipation'] 

Sorted_Candidate: [['recursive method'], ['steady-state responses'], ['eigenvalue problems'], ['novel recursive method'], ['finite element method'], ['recursive algorithm'], ['tree multibody systems'], ['component mode synthesis'], ['dynamical equations'], ['information transfer'], ['rooted tree'], ['systems'], ['flexible bodies'], ['derivation']] 

Candidates_Dedup: ['recursive method', 'steady-state responses', 'eigenvalue problems', 'novel recursive method', 'finite element method', 'recursive algorithm', 'tree multibody systems', 'component mode synthesis', 'dynamical equations', 'information transfer', 'rooted tree', 'systems', 'flexible bodies', 'derivation'] 

TOP-K 27: ['recursive method', 'steady-state responses', 'eigenvalue problems', 'novel recursive method', ['finite element method'], 'recursive algorithm', 'tree multibody systems', 'component mode synthesis', 'dynamical equations', 'information transfer', 'rooted tree', 'systems', 'flexible bodies', 'derivation'] 

Reference 27: ['Multibody system transfer matrix method', 'Vibration analysis', 'Finite element method', 'Multibody systems'] 

Sorted_Candidate: [['data-driven path flow measurement method'], ['real-word transportation network'], ['path flow estimation joint optimization model'], ['wasserstein metric'], ['traffic sensor location'], ['numerical experiments'], ['search strategy'], ['greedy algorithm']] 

Candidates_Dedup: ['data-driven path flow measurement method', 'real-word transportation network', 'path flow estimation joint optimization model', 'wasserstein metric', 'traffic sensor location', 'numerical experiments', 'search strategy', 'greedy algorithm'] 

TOP-K 28: ['data-driven path flow measurement method', 'real-word transportation network', 'path flow estimation joint optimization model', ['wasserstein metric'], 'traffic sensor location', 'numerical experiments', 'search strategy', ['greedy algorithm']] 

Reference 28: ['Transportation planning', 'Sensor location', 'Wasserstein metric', 'Flow estimation', 'Greedy algorithm'] 

Sorted_Candidate: [['multi-support reconfigurable compliant tooling'], ['machining system'], ['machining system'], ['rigid-flexible coupling dynamics model'], ['femstmm'], ['cfrp'], ['cfrp'], ['excitation test'], ['modal test'], ['different layout'], ['dynamics characteristics'], ['optimization model'], ['milling test'], ['overall layout'], ['effectiveness'], ['method']] 

Candidates_Dedup: ['multi-support reconfigurable compliant tooling', 'machining system', 'rigid-flexible coupling dynamics model', 'femstmm', 'cfrp', 'excitation test', 'modal test', 'different layout', 'dynamics characteristics', 'optimization model', 'milling test', 'overall layout', 'effectiveness', 'method'] 

TOP-K 29: ['multi-support reconfigurable compliant tooling', 'machining system', ['rigid-flexible coupling dynamics model'], 'femstmm', ['cfrp'], 'excitation test', 'modal test', 'different layout', 'dynamics characteristics', 'optimization model', 'milling test', 'overall layout', 'effectiveness', 'method'] 

Reference 29: ['Rigid-flexible coupling dynamics model', 'Transfer matrix method for multibody systems', 'CFRP', 'Milling edge processing', 'Support rigidity', 'Vibration response'] 

Sorted_Candidate: [['elastic properties'], ['elastic properties'], ['continuum mechanics models'], ['inversion energy term'], ['swbnnt'], ['bnnt'], ['energy method'], ['bond angles'], ['different bonds'], ['msm'], ['reaction angles'], ['independent variable'], ['changes'], ['temperature'], ['impact']] 

Candidates_Dedup: ['elastic properties', 'continuum mechanics models', 'inversion energy term', 'swbnnt', 'bnnt', 'energy method', 'bond angles', 'different bonds', 'msm', 'reaction angles', 'independent variable', 'changes', 'temperature', 'impact'] 

TOP-K 30: [['elastic properties'], 'continuum mechanics models', 'inversion energy term', 'swbnnt', 'bnnt', ['energy method'], 'bond angles', 'different bonds', 'msm', 'reaction angles', 'independent variable', 'changes', 'temperature', 'impact'] 

Reference 30: ['Boron nitride', 'Elastic properties', 'Molecular mechanics', 'Thermal environment', 'Energy method'] 

Sorted_Candidate: [['new multi-fold chaotic hidden attractors'], ['new chaos-based encryption algorithm'], ['microcontroller implementation'], ['dynamic memory scheme'], ['systematic approach'], ['image security'], ['folding trajectory'], ['chaotic system'], ['equilibrium']] 

Candidates_Dedup: ['new multi-fold chaotic hidden attractors', 'new chaos-based encryption algorithm', 'microcontroller implementation', 'dynamic memory scheme', 'systematic approach', 'image security', 'folding trajectory', 'chaotic system', 'equilibrium'] 

TOP-K 31: ['new multi-fold chaotic hidden attractors', 'new chaos-based encryption algorithm', 'microcontroller implementation', 'dynamic memory scheme', 'systematic approach', 'image security', 'folding trajectory', 'chaotic system', 'equilibrium'] 

Reference 31: ['Hidden attractor', 'No-equilibrium', 'Multi-fold attractor', 'Image encryption', 'Hardware implementation'] 

Sorted_Candidate: [['reciprocal receptance'], ['reciprocal receptance'], ['dynamic contact stiffness'], ['dynamic contact stiffness'], ['contact vibration model'], ['half-space'], ['internal friction'], ['pronounced impact'], ['peak effect'], ['rigid punch'], ['real parts'], ['couple stress'], ['size effect']] 

Candidates_Dedup: ['reciprocal receptance', 'dynamic contact stiffness', 'contact vibration model', 'half-space', 'internal friction', 'pronounced impact', 'peak effect', 'rigid punch', 'real parts', 'couple stress', 'size effect'] 

TOP-K 32: ['reciprocal receptance', 'dynamic contact stiffness', 'contact vibration model', 'half-space', 'internal friction', 'pronounced impact', 'peak effect', 'rigid punch', 'real parts', ['couple stress'], 'size effect'] 

Reference 32: ['Contact vibration', 'Couple stress', 'Perturbation method', 'Hankel transform'] 

Sorted_Candidate: [['proximal gradient'], ['proximal gradient algorithm'], ['proximal gradient algorithm'], ['effective outlier recovery'], ['charge estimation problem'], ['step-size'], ['comprehensive framework'], ['squares algorithms'], ['algorithm'], ['effectiveness'], ['state']] 

Candidates_Dedup: ['proximal gradient', 'proximal gradient algorithm', 'effective outlier recovery', 'charge estimation problem', 'step-size', 'comprehensive framework', 'squares algorithms', 'algorithm', 'effectiveness', 'state'] 

TOP-K 33: ['proximal gradient', 'proximal gradient algorithm', 'effective outlier recovery', 'charge estimation problem', 'step-size', 'comprehensive framework', 'squares algorithms', 'algorithm', 'effectiveness', 'state'] 

Reference 33: ['Adaptive accelerated proximal gradient', 'Outputs with outliers', 'Unbiased parameter estimate', 'Recursive identification', 'Convergence properties', 'State of charge'] 

Sorted_Candidate: [['multi-axis random vibration topology optimization'], ['random vibration performance topology optimization'], ['vibration-resistant structure'], ['load-bearing paths'], ['topology'], ['random vibration loads'], ['vibration resistance'], ['hca'], ['topology phase'], ['structure'], ['method'], ['field'], ['life']] 

Candidates_Dedup: ['multi-axis random vibration topology optimization', 'random vibration performance topology optimization', 'vibration-resistant structure', 'load-bearing paths', 'topology', 'random vibration loads', 'vibration resistance', 'hca', 'topology phase', 'structure', 'method', 'field', 'life'] 

TOP-K 34: ['multi-axis random vibration topology optimization', 'random vibration performance topology optimization', 'vibration-resistant structure', 'load-bearing paths', 'topology', 'random vibration loads', 'vibration resistance', 'hca', 'topology phase', 'structure', 'method', 'field', 'life'] 

Reference 34: ['Multi-axis random vibration', 'Topology optimization', 'Hybrid cellular automata', 'Analytic hierarchy process', 'Fatigue'] 

Sorted_Candidate: [['nonreciprocal transmission'], ['second-harmonic waves'], ['nonlinear multiple scattering method'], ['multiple scatterers'], ['stop-bands'], ['harmonic waves'], ['modeling thin plates'], ['flexural waves'], ['transmission properties'], ['defect modes'], ['scattering'], ['method']] 

Candidates_Dedup: ['nonreciprocal transmission', 'second-harmonic waves', 'nonlinear multiple scattering method', 'multiple scatterers', 'stop-bands', 'harmonic waves', 'modeling thin plates', 'flexural waves', 'transmission properties', 'defect modes', 'scattering', 'method'] 

TOP-K 35: [['nonreciprocal transmission'], 'second-harmonic waves', 'nonlinear multiple scattering method', 'multiple scatterers', 'stop-bands', 'harmonic waves', 'modeling thin plates', 'flexural waves', 'transmission properties', 'defect modes', 'scattering', 'method'] 

Reference 35: ['Nonlinear multiple scattering', 'Perturbation analysis', 'Harmonic wave generation', 'Stop-band formation', 'Nonreciprocal transmission'] 

Sorted_Candidate: [['timoshenko beam theory'], ['ansys software'], ['stiffness nonlinearity'], ['dynamic model'], ['dynamic model'], ['new modeling approach'], ['modeling method'], ['compressor blades'], ['blades'], ['experiments'], ['cracks']] 

Candidates_Dedup: ['timoshenko beam theory', 'ansys software', 'stiffness nonlinearity', 'dynamic model', 'new modeling approach', 'modeling method', 'compressor blades', 'blades', 'experiments', 'cracks'] 

TOP-K 36: ['timoshenko beam theory', 'ansys software', 'stiffness nonlinearity', 'dynamic model', 'new modeling approach', 'modeling method', 'compressor blades', 'blades', 'experiments', 'cracks'] 

Reference 36: ['Cracked blade', 'Breathing effect', 'Finite element method', 'Airfoil blade', 'Nonlinear vibration'] 

Sorted_Candidate: [['mpc-based identification approach'], ['mpc-based parameter identification approach'], ['poe-based error model'], ['novel calibration method'], ['5-dof pef'], ['error model'], ['calibration tasks'], ['poe formula'], ['minimality'], ['completeness'], ['model accuracy'], ['measurement difficulty'], ['measurement'], ['method'], ['challenge'], ['advances'], ['continuity'], ['information']] 

Candidates_Dedup: ['mpc-based identification approach', 'mpc-based parameter identification approach', 'poe-based error model', 'novel calibration method', '5-dof pef', 'error model', 'calibration tasks', 'poe formula', 'minimality', 'completeness', 'model accuracy', 'measurement difficulty', 'measurement', 'method', 'challenge', 'advances', 'continuity', 'information'] 

TOP-K 37: ['mpc-based identification approach', 'mpc-based parameter identification approach', 'poe-based error model', 'novel calibration method', '5-dof pef', ['error model'], 'calibration tasks', 'poe formula', 'minimality', 'completeness', 'model accuracy', 'measurement difficulty', 'measurement', 'method', 'challenge'] 

Reference 37: ['Parallel mechanism', 'Kinematic calibration', 'Error modeling', 'Parameter identification', 'Plane constraint'] 

Sorted_Candidate: [['regularization model'], ['regularization model'], ['image denoising'], ['convexity'], ['regularization process'], ['model'], ['uniqueness'], ['satisfactory results'], ['additional guidance'], ['solution'], ['existence'], ['tasks']] 

Candidates_Dedup: ['regularization model', 'image denoising', 'convexity', 'regularization process', 'model', 'uniqueness', 'satisfactory results', 'additional guidance', 'solution', 'existence', 'tasks'] 

TOP-K 38: ['regularization model', 'image denoising', 'convexity', 'regularization process', 'model', 'uniqueness', 'satisfactory results', 'additional guidance', 'solution', 'existence', 'tasks'] 

Reference 38: ['Image restoration', 'Variational regularization', 'Guided regularization', 'ADMM'] 

Sorted_Candidate: [['infeasible localization estimations'], ['four-algorithm method'], ['tests results'], ['method'], ['experimental data'], ['test bed'], ['hydraulic constraints'], ['pipeline'], ['leaks'], ['simulations']] 

Candidates_Dedup: ['infeasible localization estimations', 'four-algorithm method', 'tests results', 'method', 'experimental data', 'test bed', 'hydraulic constraints', 'pipeline', 'leaks', 'simulations'] 

TOP-K 39: ['infeasible localization estimations', 'four-algorithm method', 'tests results', 'method', 'experimental data', 'test bed', 'hydraulic constraints', 'pipeline', 'leaks', 'simulations'] 

Reference 39: ['Leak detection', 'Hydraulic systems', 'Inverse problems', 'Monte Carlo simulations'] 

Sorted_Candidate: [['elevated glx/gaba'], ['elevated glx/gaba'], ['scd25-glx/gaba'], ['pain catastrophizing'], ['pain catastrophizing'], ['prefrontal glx/gaba'], ['anxiodepressive symptoms'], ['scd25 level'], ['evaluative pain ratings'], ['chronic pain'], ['interaction']] 

Candidates_Dedup: ['elevated glx/gaba', 'scd25-glx/gaba', 'pain catastrophizing', 'prefrontal glx/gaba', 'anxiodepressive symptoms', 'scd25 level', 'evaluative pain ratings', 'chronic pain', 'interaction'] 

TOP-K 40: ['elevated glx/gaba', 'scd25-glx/gaba', ['pain catastrophizing'], 'prefrontal glx/gaba', 'anxiodepressive symptoms', 'scd25 level', 'evaluative pain ratings', ['chronic pain'], 'interaction'] 

Reference 40: ['Chronic pain', 'Anterior cingulate cortex', 'Magnetic resonance spectroscopy', 'Glutamate', 'GABA', 'Soluble interleukin-2 receptor', 'Pain catastrophizing'] 

Sorted_Candidate: [['hippocampal neurogenesis'], ['neurogenic underpinnings'], ['neuroinflammation'], ['csf1r inhibitor plx5622'], ['diabetic murine model'], ['microglial depletion'], ['diabetes-associated cognitive decline'], ['diabetic mice'], ['gdf11 treatment'], ['memory deficits'], ['potential therapeutic strategy'], ['cognitive function'], ['cognitive restoration'], ['study'], ['learning']] 

Candidates_Dedup: ['hippocampal neurogenesis', 'neurogenic underpinnings', 'neuroinflammation', 'csf1r inhibitor plx5622', 'diabetic murine model', 'microglial depletion', 'diabetes-associated cognitive decline', 'diabetic mice', 'gdf11 treatment', 'memory deficits', 'potential therapeutic strategy', 'cognitive function', 'cognitive restoration', 'study', 'learning'] 

TOP-K 41: ['hippocampal neurogenesis', 'neurogenic underpinnings', ['neuroinflammation'], 'csf1r inhibitor plx5622', 'diabetic murine model', 'microglial depletion', 'diabetes-associated cognitive decline', 'diabetic mice', 'gdf11 treatment', 'memory deficits', 'potential therapeutic strategy', ['cognitive function'], 'cognitive restoration', 'study', 'learning'] 

Reference 41: ['Growth differentiation factor 11Neurogenesis', 'Cognitive Function', 'Type 2 diabetes', 'Neuroinflammation'] 

Sorted_Candidate: [['irf7'], ['irf7'], ['irf7'], ['nf-¦Êb pathways'], ['spinal cord'], ['spinal cord'], ['cfa intraplantar injection'], ['spinal irf7'], ['inflammatory mediators'], ['significant decrease'], ['inflammatory pain'], ['important role'], ['expression'], ['regulation'], ['level'], ['activation']] 

Candidates_Dedup: ['irf7', 'nf-¦Êb pathways', 'spinal cord', 'cfa intraplantar injection', 'spinal irf7', 'inflammatory mediators', 'significant decrease', 'inflammatory pain', 'important role', 'expression', 'regulation', 'level', 'activation'] 

TOP-K 42: ['irf7', 'nf-¦Êb pathways', ['spinal cord'], 'cfa intraplantar injection', 'spinal irf7', 'inflammatory mediators', 'significant decrease', 'inflammatory pain', 'important role', 'expression', 'regulation', 'level', 'activation'] 

Reference 42: ['IRF7Inflammatory pain', 'Spinal cord', 'High throughput sequencing', 'NF-¦Ê', 'B', 'Inflammatory cytokines'] 

Sorted_Candidate: [['pregnancy adiponectin'], ['pregnancy adiponectin'], ['pregnancy adiposity'], ['infant negative affect'], ['infant negative affect'], ['negative affect'], ['pregnancy adipokines'], ['novel biomarkers'], ['cord blood leptin'], ['psychopathology'], ['offspring risk'], ['effect']] 

Candidates_Dedup: ['pregnancy adiponectin', 'pregnancy adiposity', 'infant negative affect', 'negative affect', 'pregnancy adipokines', 'novel biomarkers', 'cord blood leptin', 'psychopathology', 'offspring risk', 'effect'] 

TOP-K 43: ['pregnancy adiponectin', 'pregnancy adiposity', ['infant negative affect'], 'negative affect', 'pregnancy adipokines', 'novel biomarkers', 'cord blood leptin', 'psychopathology', 'offspring risk', 'effect'] 

Reference 43: ['Adiponectin', 'Leptin', 'Adipokine', 'Adiposity', 'Pregnancy', 'Infant negative affect'] 

Sorted_Candidate: [['mfg-insula/macc connectivity'], ['mfg'], ['depressive symptom'], ['middle frontal gyrusand insula'], ['mfg function'], ['insula'], ['bdii-d'], ['insular function'], ['connectivity alteration'], ['important roles'], ['physical abuse'], ['childhood trauma'], ['words count'], ['function'], ['peripheral inflammation'], ['level'], ['associations'], ['functions']] 

Candidates_Dedup: ['mfg-insula/macc connectivity', 'mfg', 'depressive symptom', 'middle frontal gyrusand insula', 'mfg function', 'insula', 'bdii-d', 'insular function', 'connectivity alteration', 'important roles', 'physical abuse', 'childhood trauma', 'words count', 'function', 'peripheral inflammation', 'level', 'associations', 'functions'] 

TOP-K 44: ['mfg-insula/macc connectivity', 'mfg', 'depressive symptom', 'middle frontal gyrusand insula', 'mfg function', 'insula', 'bdii-d', 'insular function', 'connectivity alteration', 'important roles', 'physical abuse', 'childhood trauma', 'words count', 'function', 'peripheral inflammation'] 

Reference 44: ['Bipolar II depression', 'Amplitude of low-frequency fluctuation', 'Functional connectivity', 'Childhood adversity', 'Interleukin-1¦Â', 'Moderation analysis'] 

Sorted_Candidate: [['hapoe¦Å4 rats'], ['hapoe¦Å4 rats'], ['hapoe¦Å4'], ['primiparous hapoe¦Å4 rats'], ['primiparous hapoe¦Å4 rats'], ['non-spatial cognitive strategy'], ['non-spatial cognitive strategy'], ['neuroimmune milieu'], ['region-specific manner'], ['parity'], ['parity'], ['neurogenesis'], ['wildtype rats'], ['active new neurons'], ['memory retrieval'], ['use'], ['errors']] 

Candidates_Dedup: ['hapoe¦Å4 rats', 'hapoe¦Å4', 'primiparous hapoe¦Å4 rats', 'non-spatial cognitive strategy', 'neuroimmune milieu', 'region-specific manner', 'parity', 'neurogenesis', 'wildtype rats', 'active new neurons', 'memory retrieval', 'use', 'errors'] 

TOP-K 45: ['hapoe¦Å4 rats', 'hapoe¦Å4', 'primiparous hapoe¦Å4 rats', 'non-spatial cognitive strategy', 'neuroimmune milieu', 'region-specific manner', 'parity', ['neurogenesis'], 'wildtype rats', 'active new neurons', 'memory retrieval', 'use', 'errors'] 

Reference 45: ['Hippocampus', 'Frontal cortex', 'Neurogenesis', 'Kynurenine', 'Female', 'Alzheimer¡¯s disease', 'APOE', 'Pregnancy'] 

Sorted_Candidate: [['plasma neurodegeneration markers'], ['amyloid-¦Â40'], ['total brain volume'], ['immunity'], ['immunity'], ['plasma levels'], ['total tau'], ['levels'], ['innate immunity'], ['social health'], ['marital status'], ['global cognition'], ['males'], ['males'], ['age'], ['adults'], ['link']] 

Candidates_Dedup: ['plasma neurodegeneration markers', 'amyloid-¦Â40', 'total brain volume', 'immunity', 'plasma levels', 'total tau', 'levels', 'innate immunity', 'social health', 'marital status', 'global cognition', 'males', 'age', 'adults', 'link'] 

TOP-K 46: ['plasma neurodegeneration markers', 'amyloid-¦Â40', 'total brain volume', ['immunity'], 'plasma levels', 'total tau', 'levels', 'innate immunity', ['social health'], ['marital status'], 'global cognition', 'males', 'age', 'adults', 'link'] 

Reference 46: ['Social health', 'Marital status', 'Neurodegeneration', 'Immunity', 'Mediation'] 

Reference 47: ['Intermittent ethanol exposure', 'AIE', 'Adolescence', 'Sex differences', 'Fever', 'TLR3Poly I:CIL-1Neuroimmune', 'Brain'] 

Sorted_Candidate: [['tertiary post-tbi lesions'], ['tertiary neuroinflammatory processes'], ['tbi'], ['oligodendrocytes'], ['white matter lesions'], ['pediatric tbi'], ['altered behaviors'], ['astrocytes'], ['close communication'], ['microglia'], ['brain'], ['vulnerability'], ['study']] 

Candidates_Dedup: ['tertiary post-tbi lesions', 'tertiary neuroinflammatory processes', 'tbi', 'oligodendrocytes', 'white matter lesions', 'pediatric tbi', 'altered behaviors', 'astrocytes', 'close communication', 'microglia', 'brain', 'vulnerability', 'study'] 

TOP-K 48: ['tertiary post-tbi lesions', 'tertiary neuroinflammatory processes', 'tbi', 'oligodendrocytes', ['white matter lesions'], 'pediatric tbi', 'altered behaviors', 'astrocytes', 'close communication', ['microglia'], 'brain', 'vulnerability', 'study'] 

Reference 48: ['Tertiary lesions', 'Chronic traumatic encephalopathy', 'Microglia', 'White matter lesions', 'Brain functional connectivity'] 

Sorted_Candidate: [['p2x7r deficiency'], ['p2x7r deficiency'], ['p2x7rs'], ['gabaergic interneurons'], ['anti-inflammatory phenotype'], ['neuronal genes'], ['seizure severity'], ['seizure severity'], ['seizure severity'], ['epilepsy'], ['p2x7r signaling'], ['microglia'], ['microglia'], ['genetic models'], ['seizures'], ['seizures'], ['expression'], ['neurons']] 

Candidates_Dedup: ['p2x7r deficiency', 'p2x7rs', 'gabaergic interneurons', 'anti-inflammatory phenotype', 'neuronal genes', 'seizure severity', 'epilepsy', 'p2x7r signaling', 'microglia', 'genetic models', 'seizures', 'expression', 'neurons'] 

TOP-K 49: ['p2x7r deficiency', 'p2x7rs', 'gabaergic interneurons', 'anti-inflammatory phenotype', 'neuronal genes', 'seizure severity', ['epilepsy'], 'p2x7r signaling', ['microglia'], 'genetic models', 'seizures', 'expression', 'neurons'] 

Reference 49: ['P2X7 receptor', 'Status epilepticus', 'Epilepsy', 'Cell type-specific function', 'GAB', 'Aergic interneurons', 'Microglia'] 

Sorted_Candidate: [['chemokine activity'], ['chemokine activity'], ['immune dysregulation'], ['antenatal immune activity'], ['gestational age'], ['low birthweight'], ['longitudinal change'], ['anxiety'], ['high anxiety'], ['pakistani population'], ['pregnancy'], ['pregnancy']] 

Candidates_Dedup: ['chemokine activity', 'immune dysregulation', 'antenatal immune activity', 'gestational age', 'low birthweight', 'longitudinal change', 'anxiety', 'high anxiety', 'pakistani population', 'pregnancy'] 

TOP-K 50: ['chemokine activity', 'immune dysregulation', 'antenatal immune activity', 'gestational age', ['low birthweight'], 'longitudinal change', ['anxiety'], 'high anxiety', 'pakistani population', ['pregnancy']] 

Reference 50: ['Anxiety', 'Immune', 'Pregnancy', 'Postpartum', 'Perinatal', 'Women¡¯s Health', 'Cytokine', 'Chemokine', 'CRP', 'Low Birthweight', 'Small For Gestational Age', 'Anxiety Trajectories'] 

Sorted_Candidate: [['neurotransmitter release'], ['oxytocin receptor genes'], ['stimulant use'], ['intervention-related decreases'], ['self-reported frequency'], ['intervention effects'], ['significant reductions'], ['methylation'], ['¦Â2'], ['neural function'], ['pathways']] 

Candidates_Dedup: ['neurotransmitter release', 'oxytocin receptor genes', 'stimulant use', 'intervention-related decreases', 'self-reported frequency', 'intervention effects', 'significant reductions', 'methylation', '¦Â2', 'neural function', 'pathways'] 

TOP-K 51: ['neurotransmitter release', 'oxytocin receptor genes', 'stimulant use', 'intervention-related decreases', 'self-reported frequency', 'intervention effects', 'significant reductions', 'methylation', '¦Â2', 'neural function', 'pathways'] 

Reference 51: ['Contingency management', 'HIV', 'Men who have sex with Men', 'Methamphetamine', 'DNA methylation', 'Oxytocin', 'Positive affect'] 

Sorted_Candidate: [['breast cancer survivors'], ['breast cancer survivors'], ['breast cancer survivors'], ['insomnia'], ['insomnia'], ['inflammation'], ['inflammation'], ['inflammation'], ['inflammation'], ['breast cancer survivos'], ['cognitive behavioral therapy'], ['insomnia treatment'], ['disease recurrence'], ['tai chi'], ['year'], ['mortality']] 

Candidates_Dedup: ['breast cancer survivors', 'insomnia', 'inflammation', 'breast cancer survivos', 'cognitive behavioral therapy', 'insomnia treatment', 'disease recurrence', 'tai chi', 'year', 'mortality'] 

TOP-K 52: ['breast cancer survivors', ['insomnia'], ['inflammation'], 'breast cancer survivos', 'cognitive behavioral therapy', 'insomnia treatment', 'disease recurrence', ['tai chi'], 'year', 'mortality'] 

Reference 52: ['Breast cancer', 'Cognitive-behavioral therapy', 'Gene expression', 'Inflammation', 'Insomnia', 'Tai Chi'] 

Sorted_Candidate: [['gsdmd-dependent pyroptosis'], ['gsdmd-dependent pyroptosis'], ['gsdmd-dependent pyroptosis'], ['gsdmd'], ['ventral tegmental areaand nucleus accumbensof rats'], ['dopamine'], ['dopamine'], ['meth'], ['meth'], ['meth'], ['meth'], ['methamphetaminemeth exposure'], ['raav-shgsdmd'], ['extracellular dopamine level'], ['motivational effect'], ['motivational effect'], ['pore formation'], ['sh-sy5y cells'], ['meth exposure'], ['nlrp1/cas'], ['nac'], ['nac'], ['vta'], ['vta'], ['pore formation blockade'], ['gsdmd pathway'], ['overflow'], ['overflow'], ['rats'], ['rats'], ['rats'], ['rats'], ['extracellular space'], ['formation'], ['selective inhibition'], ['dsf'], ['membrane'], ['cell membrane'], ['activity'], ['conjunction']] 

Candidates_Dedup: ['gsdmd-dependent pyroptosis', 'gsdmd', 'ventral tegmental areaand nucleus accumbensof rats', 'dopamine', 'meth', 'methamphetaminemeth exposure', 'raav-shgsdmd', 'extracellular dopamine level', 'motivational effect', 'pore formation', 'sh-sy5y cells', 'meth exposure', 'nlrp1/cas', 'nac', 'vta', 'pore formation blockade', 'gsdmd pathway', 'overflow', 'rats', 'extracellular space', 'formation', 'selective inhibition', 'dsf', 'membrane', 'cell membrane', 'activity', 'conjunction'] 

TOP-K 53: ['gsdmd-dependent pyroptosis', ['gsdmd'], 'ventral tegmental areaand nucleus accumbensof rats', ['dopamine'], 'meth', 'methamphetaminemeth exposure', 'raav-shgsdmd', 'extracellular dopamine level', 'motivational effect', 'pore formation', 'sh-sy5y cells', 'meth exposure', 'nlrp1/cas', 'nac', 'vta'] 

Reference 53: ['Methamphetamine', 'Dopamine', 'Pyroptosis', 'GSDMD', 'Reinforcement', 'Motivation'] 

Sorted_Candidate: [['hs-crp/glyca levels'], ['hs-crp'], ['glyca'], ['glyca levels'], ['job stress-tth link'], ['job stress-migraine link'], ['ltpa'], ['ltpa'], ['ltpa'], ['ltpa'], ['psychosocial job stress'], ['migraine'], ['tth'], ['interplay']] 

Candidates_Dedup: ['hs-crp/glyca levels', 'hs-crp', 'glyca', 'glyca levels', 'job stress-tth link', 'job stress-migraine link', 'ltpa', 'psychosocial job stress', 'migraine', 'tth', 'interplay'] 

TOP-K 54: ['hs-crp/glyca levels', 'hs-crp', 'glyca', 'glyca levels', 'job stress-tth link', 'job stress-migraine link', 'ltpa', 'psychosocial job stress', ['migraine'], 'tth', 'interplay'] 

Reference 54: ['Physical Activity', 'Migraine', 'Tension-type Headache', 'C-reactive Protein', 'Acute Phase Glycoproteins', 'Occupational Health', 'Occupational Stress'] 

Sorted_Candidate: [['il-6'], ['il-6'], ['il-6 reactivity'], ['il-6 reactivity'], ['clinical pain 3-months'], ['insomnia'], ['insomnia'], ['total knee arthroplasty'], ['tka surgery'], ['pain'], ['pain'], ['pain'], ['pain'], ['patients'], ['patients'], ['patients'], ['association'], ['reduction'], ['alterations'], ['change']] 

Candidates_Dedup: ['il-6', 'il-6 reactivity', 'clinical pain 3-months', 'insomnia', 'total knee arthroplasty', 'tka surgery', 'pain', 'patients', 'association', 'reduction', 'alterations', 'change'] 

TOP-K 55: ['il-6', 'il-6 reactivity', 'clinical pain 3-months', 'insomnia', ['total knee arthroplasty'], 'tka surgery', 'pain', 'patients', 'association', 'reduction', 'alterations', 'change'] 

Reference 55: ['Knee osteoarthritis', 'Total knee arthroplasty', 'Pain severity', 'Interleukin-6Insomnia'] 

Sorted_Candidate: [['microbiome disruption'], ['microbiome disruption'], ['unique chemotherapy-induced microbiome alterations'], ['cognitive decline'], ['cognitive decline'], ['chemotherapy'], ['inflammation'], ['inflammation']] 

Candidates_Dedup: ['microbiome disruption', 'unique chemotherapy-induced microbiome alterations', 'cognitive decline', 'chemotherapy', 'inflammation'] 

TOP-K 56: ['microbiome disruption', 'unique chemotherapy-induced microbiome alterations', 'cognitive decline', 'chemotherapy', 'inflammation'] 

Reference 56: ['Cognitive impairment', 'Subjective cognition', 'Objective cognition', 'Cytokines', 'Differential abundance analysis', 'Microbial diversity'] 

Sorted_Candidate: [['post-exertional malaise'], ['post-exertional malaise'], ['exercise'], ['exercise'], ['exercise'], ['gulf war illness'], ['gulf war illness'], ['undesirable effects'], ['response effects'], ['exercise intensity'], ['elevated risk'], ['study'], ['worsening'], ['study outcomes'], ['average'], ['dose'], ['participants'], ['symptoms']] 

Candidates_Dedup: ['post-exertional malaise', 'exercise', 'gulf war illness', 'undesirable effects', 'response effects', 'exercise intensity', 'elevated risk', 'study', 'worsening', 'study outcomes', 'average', 'dose', 'participants', 'symptoms'] 

TOP-K 57: ['post-exertional malaise', 'exercise', 'gulf war illness', 'undesirable effects', 'response effects', 'exercise intensity', 'elevated risk', 'study', 'worsening', 'study outcomes', 'average', 'dose', 'participants', 'symptoms'] 

Reference 57: ['Cognition', 'Health', 'Patient Reported Outcome Measures', 'Physical activity', 'Prescriptions'] 

Sorted_Candidate: [['maternal gut microbiota'], ['maternal gut microbiota'], ['¦Â-guanidinopropionic acidresults'], ['prenatal stress-induced cognitive impairment'], ['stress-induced increase'], ['neurodevelopment effects'], ['stress'], ['stress'], ['changes'], ['behavioral changes'], ['probiotics'], ['rat offspring'], ['metabolism'], ['alteration'], ['pregnancy'], ['adulthood']] 

Candidates_Dedup: ['maternal gut microbiota', '¦Â-guanidinopropionic acidresults', 'prenatal stress-induced cognitive impairment', 'stress-induced increase', 'neurodevelopment effects', 'stress', 'changes', 'behavioral changes', 'probiotics', 'rat offspring', 'metabolism', 'alteration', 'pregnancy', 'adulthood'] 

TOP-K 58: ['maternal gut microbiota', '¦Â-guanidinopropionic acidresults', 'prenatal stress-induced cognitive impairment', 'stress-induced increase', 'neurodevelopment effects', 'stress', 'changes', 'behavioral changes', 'probiotics', 'rat offspring', 'metabolism', 'alteration', 'pregnancy', 'adulthood'] 

Reference 58: ['Prenatal stress', 'Microbiota', 'GPA', 'Cognitive impairment', 'AMPK'] 

Sorted_Candidate: [['microglial phagocytosis'], ['alzheimer'], ['alzheimer'], ['alzheimer'], ['strem2'], ['strem2'], ['microglial marker'], ['impaired microglial function'], ['disease'], ['disease'], ['known risk factor'], ['early stages'], ['depression'], ['depression'], ['depression']] 

Candidates_Dedup: ['microglial phagocytosis', 'alzheimer', 'strem2', 'microglial marker', 'impaired microglial function', 'disease', 'known risk factor', 'early stages', 'depression'] 

TOP-K 59: ['microglial phagocytosis', 'alzheimer', 'strem2', 'microglial marker', 'impaired microglial function', 'disease', 'known risk factor', 'early stages', ['depression']] 

Reference 59: ['Depression', 'Alzheimer¡¯s disease', 'Microglias', 'TREM2Amyloid beta', 'Phagocytosis'] 

Sorted_Candidate: [['antifouling technologies'], ['antifouling strategies'], ['seawater resource utilization'], ['marine equipment'], ['future research'], ['review'], ['development'], ['directions'], ['challenges'], ['advantages']] 

Candidates_Dedup: ['antifouling technologies', 'antifouling strategies', 'seawater resource utilization', 'marine equipment', 'future research', 'review', 'development', 'directions', 'challenges', 'advantages'] 

TOP-K 60: ['antifouling technologies', ['antifouling strategies'], ['seawater resource utilization'], 'marine equipment', 'future research', 'review', 'development', 'directions', 'challenges', 'advantages'] 

Reference 60: ['Biofouling', 'Antifouling strategy', 'Seawater resource utilization', 'Environmentally friendly', 'Fouling-release'] 

Sorted_Candidate: [['main n2o removal methods'], ['catalysts'], ['n2o removal catalysts'], ['efficient n2o removal catalyst'], ['various catalysts'], ['previous mechanism studies'], ['future development'], ['improvement strategies'], ['theoretical basis'], ['dft'], ['data support'], ['characteristics']] 

Candidates_Dedup: ['main n2o removal methods', 'catalysts', 'n2o removal catalysts', 'efficient n2o removal catalyst', 'various catalysts', 'previous mechanism studies', 'future development', 'improvement strategies', 'theoretical basis', 'dft', 'data support', 'characteristics'] 

TOP-K 61: ['main n2o removal methods', 'catalysts', 'n2o removal catalysts', 'efficient n2o removal catalyst', 'various catalysts', 'previous mechanism studies', 'future development', 'improvement strategies', 'theoretical basis', 'dft', 'data support', 'characteristics'] 

Reference 61: ['Nitrous oxide', 'Direct catalytic decomposition', 'SCR', 'Density functional theory', 'Modification and rationally designed'] 

Sorted_Candidate: [['hydrogel beads'], ['hydrogel beads'], ['hydrogel beads'], ['hydrogel beads'], ['hydrogel beads'], ['adsorption'], ['various contaminants'], ['smart adsorption behaviors'], ['adsorption mechanisms'], ['stimuli-responsive properties'], ['aqueous solutions'], ['pollutants'], ['unique properties'], ['synthetic polymers'], ['preparation'], ['preparation'], ['advanced techniques'], ['recent advances'], ['removal']] 

Candidates_Dedup: ['hydrogel beads', 'adsorption', 'various contaminants', 'smart adsorption behaviors', 'adsorption mechanisms', 'stimuli-responsive properties', 'aqueous solutions', 'pollutants', 'unique properties', 'synthetic polymers', 'preparation', 'advanced techniques', 'recent advances', 'removal'] 

TOP-K 62: ['hydrogel beads', 'adsorption', 'various contaminants', 'smart adsorption behaviors', 'adsorption mechanisms', 'stimuli-responsive properties', 'aqueous solutions', 'pollutants', 'unique properties', 'synthetic polymers', 'preparation', 'advanced techniques', 'recent advances', 'removal'] 

Reference 62: ['Spherical hydrogels', 'Microgels', 'Organic dyes', 'Heavy metals', 'Emerging Contaminants', 'Water purification'] 

Sorted_Candidate: [['cancer immunotherapy'], ['cancer immunotherapy'], ['immunotherapy'], ['traditional inorganic nanoparticles'], ['immunotherapies'], ['nanomaterials'], ['transformative impact'], ['future development directions'], ['combined treatment approaches'], ['various cancer types'], ['resistance mechanisms'], ['many challenges'], ['immune system'], ['cancer treatment'], ['significant opportunities'], ['field'], ['challenges'], ['patient outcomes'], ['health field'], ['cancer cells'], ['small molecules'], ['oncology'], ['approach'], ['body'], ['application'], ['bridge'], ['scope'], ['treatments'], ['efficacy']] 

Candidates_Dedup: ['cancer immunotherapy', 'immunotherapy', 'traditional inorganic nanoparticles', 'immunotherapies', 'nanomaterials', 'transformative impact', 'future development directions', 'combined treatment approaches', 'various cancer types', 'resistance mechanisms', 'many challenges', 'immune system', 'cancer treatment', 'significant opportunities', 'field', 'challenges', 'patient outcomes', 'health field', 'cancer cells', 'small molecules', 'oncology', 'approach', 'body', 'application', 'bridge', 'scope', 'treatments', 'efficacy'] 

TOP-K 63: ['cancer immunotherapy', 'immunotherapy', 'traditional inorganic nanoparticles', 'immunotherapies', ['nanomaterials'], 'transformative impact', 'future development directions', 'combined treatment approaches', 'various cancer types', 'resistance mechanisms', 'many challenges', 'immune system', 'cancer treatment', 'significant opportunities', 'field'] 

Reference 63: ['Nanomaterials', 'Tumor associated macrophages', 'Cancer vaccines', 'Immune cell targeting', 'Combination nano-immunotherapy'] 

Sorted_Candidate: [['multifunctional sensors'], ['multifunctional sensors'], ['multifunctional sensors'], ['fiber-based single-mode sensors'], ['sensors'], ['fiber-based sensors'], ['current challenges'], ['current challenges'], ['forward-looking perspective'], ['electrospinning technology'], ['exhaustive review'], ['high-performance sensors'], ['performance'], ['flexible temperature sensors'], ['future advancements'], ['integration'], ['integration'], ['manufacturing'], ['review'], ['manufacturing methods'], ['sensitive materials'], ['performance matching'], ['sensitive mechanisms'], ['recommendations'], ['developments'], ['development'], ['principles'], ['paper'], ['structure']] 

Candidates_Dedup: ['multifunctional sensors', 'fiber-based single-mode sensors', 'sensors', 'fiber-based sensors', 'current challenges', 'forward-looking perspective', 'electrospinning technology', 'exhaustive review', 'high-performance sensors', 'performance', 'flexible temperature sensors', 'future advancements', 'integration', 'manufacturing', 'review', 'manufacturing methods', 'sensitive materials', 'performance matching', 'sensitive mechanisms', 'recommendations', 'developments', 'development', 'principles', 'paper', 'structure'] 

TOP-K 64: [['multifunctional sensors'], 'fiber-based single-mode sensors', 'sensors', 'fiber-based sensors', 'current challenges', 'forward-looking perspective', 'electrospinning technology', 'exhaustive review', 'high-performance sensors', 'performance', 'flexible temperature sensors', 'future advancements', 'integration', 'manufacturing', 'review'] 

Reference 64: ['Electrospinning', 'Nanofibers', 'Single function sensors', 'Multifunctional sensors'] 

Sorted_Candidate: [['electrocatalytic co2 rr'], ['electrocatalytic co2rr performance'], ['cofs'], ['cofs-based hybrid materials'], ['mofs'], ['mofs'], ['mofs'], ['cofs hybrid applications'], ['co2 rr electrocatalysis'], ['novel characteristics'], ['synthetic fuels']] 

Candidates_Dedup: ['electrocatalytic co2 rr', 'electrocatalytic co2rr performance', 'cofs', 'cofs-based hybrid materials', 'mofs', 'cofs hybrid applications', 'co2 rr electrocatalysis', 'novel characteristics', 'synthetic fuels'] 

TOP-K 65: ['electrocatalytic co2 rr', 'electrocatalytic co2rr performance', 'cofs', 'cofs-based hybrid materials', 'mofs', 'cofs hybrid applications', 'co2 rr electrocatalysis', 'novel characteristics', 'synthetic fuels'] 

Reference 65: ['Electrocatalysis', 'Metal¨Corganic frameworks', 'Covalent-organic frameworks', 'CO2-reduction reaction', 'Faradic efficiency'] 

Sorted_Candidate: [['sc-co2'], ['sc-co2'], ['sc-co2'], ['physi-chemical properties'], ['pretreatment'], ['biomass'], ['biomass'], ['renewable conversion'], ['economic performance'], ['working mechanisms'], ['influential parameters'], ['reaction medium'], ['impacts'], ['future perspectives'], ['different routes'], ['applications'], ['extraction'], ['scenarios']] 

Candidates_Dedup: ['sc-co2', 'physi-chemical properties', 'pretreatment', 'biomass', 'renewable conversion', 'economic performance', 'working mechanisms', 'influential parameters', 'reaction medium', 'impacts', 'future perspectives', 'different routes', 'applications', 'extraction', 'scenarios'] 

TOP-K 66: ['sc-co2', 'physi-chemical properties', 'pretreatment', 'biomass', 'renewable conversion', ['economic performance'], ['working mechanisms'], 'influential parameters', 'reaction medium', 'impacts', 'future perspectives', 'different routes', 'applications', 'extraction', 'scenarios'] 

Reference 66: ['Supercritical carbon dioxide', 'Biorefinery', 'Working mechanism', 'Physiochemical properties', 'Economic performance'] 

Sorted_Candidate: [['eco2rr industrialization'], ['eco2rr'], ['electrolyzer designs'], ['co2 mass transfer'], ['co2 mass transport'], ['electrolysis conditions'], ['potential solutions'], ['comprehensive discussion'], ['effects'], ['effects'], ['details strategies'], ['electrode'], ['work']] 

Candidates_Dedup: ['eco2rr industrialization', 'eco2rr', 'electrolyzer designs', 'co2 mass transfer', 'co2 mass transport', 'electrolysis conditions', 'potential solutions', 'comprehensive discussion', 'effects', 'details strategies', 'electrode', 'work'] 

TOP-K 67: ['eco2rr industrialization', 'eco2rr', 'electrolyzer designs', 'co2 mass transfer', 'co2 mass transport', 'electrolysis conditions', 'potential solutions', 'comprehensive discussion', 'effects', 'details strategies', ['electrode'], 'work'] 

Reference 67: ['Electrochemical CO2 reduction reaction', 'Mass transport', 'Electrode', 'Electrolyzere', 'CO2RR Performance'] 

Sorted_Candidate: [['3d c3n4'], ['3d c3n4'], ['3d c3n4'], ['co2 photoreduction'], ['co2 photoreduction'], ['co2 photoreduction'], ['various 3d c3n4-based photocatalysts'], ['photocatalytic performance'], ['depth study'], ['understanding'], ['synthesis'], ['mechanisms'], ['overview'], ['characteristics']] 

Candidates_Dedup: ['3d c3n4', 'co2 photoreduction', 'various 3d c3n4-based photocatalysts', 'photocatalytic performance', 'depth study', 'understanding', 'synthesis', 'mechanisms', 'overview', 'characteristics'] 

TOP-K 68: ['3d c3n4', 'co2 photoreduction', 'various 3d c3n4-based photocatalysts', 'photocatalytic performance', 'depth study', 'understanding', 'synthesis', 'mechanisms', 'overview', 'characteristics'] 

Reference 68: ['Carbon nitride', 'CO2 reduction', 'Greenhouse gas', 'Photocatalysis', 'Porous structure'] 

Sorted_Candidate: [['conductive hydrogels'], ['conductive hydrogels'], ['lmnps-based conductive hydrogels'], ['lmnps-based conductive hydrogels'], ['lmnps'], ['lmnps'], ['various interfacial stabilizers'], ['in-depth overview'], ['interfacial engineering'], ['versatile applications'], ['current challenges'], ['future prospects'], ['fabrication']] 

Candidates_Dedup: ['conductive hydrogels', 'lmnps-based conductive hydrogels', 'lmnps', 'various interfacial stabilizers', 'in-depth overview', 'interfacial engineering', 'versatile applications', 'current challenges', 'future prospects', 'fabrication'] 

TOP-K 69: [['conductive hydrogels'], 'lmnps-based conductive hydrogels', 'lmnps', 'various interfacial stabilizers', 'in-depth overview', ['interfacial engineering'], 'versatile applications', 'current challenges', 'future prospects', 'fabrication'] 

Reference 69: ['Liquid metal nanoparticle', 'Conductive hydrogel', 'Interfacial engineering', 'Motion detection', 'Human¨Cmachine interface'] 

Sorted_Candidate: [['catalysts'], ['catalysts'], ['new hef reactors'], ['hef'], ['cathodes'], ['multiple perspectives'], ['parameter optimization'], ['catalyst design'], ['ml'], ['suspension']] 

Candidates_Dedup: ['catalysts', 'new hef reactors', 'hef', 'cathodes', 'multiple perspectives', 'parameter optimization', 'catalyst design', 'ml', 'suspension'] 

TOP-K 70: ['catalysts', 'new hef reactors', 'hef', 'cathodes', 'multiple perspectives', 'parameter optimization', 'catalyst design', 'ml', 'suspension'] 

Reference 70: ['Heterogeneous electro-Fenton', 'Copper-based catalyst', 'Emerging pollutants', 'Machine learning', 'Heterogeneous electro-Fenton reactor'] 

Sorted_Candidate: [['photothermal catalysis'], ['photothermal catalysis'], ['light-assisted thermocatalysis'], ['light-driven thermal catalysis'], ['heat-assisted photocatalysis'], ['highlight potential research directions'], ['future limitations'], ['priorities'], ['modes'], ['challenges']] 

Candidates_Dedup: ['photothermal catalysis', 'light-assisted thermocatalysis', 'light-driven thermal catalysis', 'heat-assisted photocatalysis', 'highlight potential research directions', 'future limitations', 'priorities', 'modes', 'challenges'] 

TOP-K 71: ['photothermal catalysis', ['light-assisted thermocatalysis'], 'light-driven thermal catalysis', ['heat-assisted photocatalysis'], 'highlight potential research directions', 'future limitations', 'priorities', 'modes', 'challenges'] 

Reference 71: ['Photothermal catalytic', 'Air pollutants', 'Light-assisted thermocatalysis', 'Heat-assisted photocatalysis', 'Light-driven thermocoupled catalysis'] 

Sorted_Candidate: [['uio-66 derivatives'], ['uio-66 derivatives'], ['biomass conversion'], ['catalytic biomass conversion'], ['catalytic performance'], ['catalytic mechanisms'], ['relationship'], ['synthesis'], ['pathways'], ['recommendations'], ['properties'], ['structure'], ['discussion'], ['challenges']] 

Candidates_Dedup: ['uio-66 derivatives', 'biomass conversion', 'catalytic biomass conversion', 'catalytic performance', 'catalytic mechanisms', 'relationship', 'synthesis', 'pathways', 'recommendations', 'properties', 'structure', 'discussion', 'challenges'] 

TOP-K 72: ['uio-66 derivatives', 'biomass conversion', 'catalytic biomass conversion', ['catalytic performance'], 'catalytic mechanisms', 'relationship', 'synthesis', 'pathways', 'recommendations', 'properties', 'structure', 'discussion', 'challenges'] 

Reference 72: ['Biochemical Conversion', 'Ui', 'O-66Properties', 'Catalytic performance'] 

Sorted_Candidate: [['membrane fouling'], ['membrane fouling'], ['bioflocculantsin anmbrs'], ['bfs'], ['bfs'], ['bfs'], ['anmbrs'], ['membrane'], ['anmbr'], ['future research'], ['conventional methods'], ['specific investigations'], ['mechanisms'], ['advantages'], ['characteristics'], ['factors']] 

Candidates_Dedup: ['membrane fouling', 'bioflocculantsin anmbrs', 'bfs', 'anmbrs', 'membrane', 'anmbr', 'future research', 'conventional methods', 'specific investigations', 'mechanisms', 'advantages', 'characteristics', 'factors'] 

TOP-K 73: [['membrane fouling'], 'bioflocculantsin anmbrs', 'bfs', 'anmbrs', 'membrane', 'anmbr', 'future research', 'conventional methods', 'specific investigations', 'mechanisms', 'advantages', 'characteristics', 'factors'] 

Reference 73: ['Anaerobic membrane bioreactors', 'Membrane fouling', 'Bioflocculant', 'Membrane fouling mitigation'] 

Sorted_Candidate: [['co-scr'], ['co-scr'], ['transition metal catalystsfor co-scr'], ['tmcs'], ['practical factorson co-scr'], ['efficient tmcs'], ['selective catalytic reduction'], ['reaction mechanisms'], ['cois'], ['impact'], ['strategies']] 

Candidates_Dedup: ['co-scr', 'transition metal catalystsfor co-scr', 'tmcs', 'practical factorson co-scr', 'efficient tmcs', 'selective catalytic reduction', 'reaction mechanisms', 'cois', 'impact', 'strategies'] 

TOP-K 74: [['co-scr'], 'transition metal catalystsfor co-scr', 'tmcs', 'practical factorson co-scr', 'efficient tmcs', 'selective catalytic reduction', 'reaction mechanisms', 'cois', 'impact', 'strategies'] 

Reference 74: ['CO-SCR', 'Transition metal catalysts', 'Nitrogen oxides', 'Carbon monoxide', 'Environmental catalysis'] 

Sorted_Candidate: [['energy amount increases'], ['artificial intelligence approaches'], ['new energetic compounds'], ['amount'], ['powder modification techniques'], ['key topics'], ['energetics'], ['crystal engineering'], ['future development'], ['synthesis'], ['vial'], ['time'], ['discovery'], ['article']] 

Candidates_Dedup: ['energy amount increases', 'artificial intelligence approaches', 'new energetic compounds', 'amount', 'powder modification techniques', 'key topics', 'energetics', 'crystal engineering', 'future development', 'synthesis', 'vial', 'time', 'discovery', 'article'] 

TOP-K 75: ['energy amount increases', 'artificial intelligence approaches', 'new energetic compounds', 'amount', 'powder modification techniques', 'key topics', 'energetics', 'crystal engineering', 'future development', 'synthesis', 'vial', 'time', 'discovery', 'article'] 

Reference 75: ['Energetic materials', 'High-nitrogen heterocycle', 'Computational design', 'Explosive'] 

Sorted_Candidate: [['multifunctional flexible sensor'], ['multifunctional flexible sensor'], ['flexible sensor strong interfacial shear strength'], ['double conductive network'], ['tire structure deformation'], ['sensor sensitivity'], ['inner temperature'], ['range'], ['contradiction'], ['layers']] 

Candidates_Dedup: ['multifunctional flexible sensor', 'flexible sensor strong interfacial shear strength', 'double conductive network', 'tire structure deformation', 'sensor sensitivity', 'inner temperature', 'range', 'contradiction', 'layers'] 

TOP-K 76: [['multifunctional flexible sensor'], 'flexible sensor strong interfacial shear strength', 'double conductive network', 'tire structure deformation', 'sensor sensitivity', 'inner temperature', 'range', 'contradiction', 'layers'] 

Reference 76: ['Multifunctional flexible sensor', 'Smart tire', 'Non-destructive monitoring', 'Synergistic conductive network'] 

Sorted_Candidate: [['organic-inorganic hybrid mxene material'], ['2d sandwich heterojunction'], ['synergetic ionotronic property'], ['robust memristor'], ['experimental demonstration'], ['material'], ['theoretical analysis'], ['mechanism']] 

Candidates_Dedup: ['organic-inorganic hybrid mxene material', '2d sandwich heterojunction', 'synergetic ionotronic property', 'robust memristor', 'experimental demonstration', 'material', 'theoretical analysis', 'mechanism'] 

TOP-K 77: ['organic-inorganic hybrid mxene material', '2d sandwich heterojunction', 'synergetic ionotronic property', 'robust memristor', 'experimental demonstration', 'material', 'theoretical analysis', 'mechanism'] 

Reference 77: ['M', 'Xene, memristor', 'Surface engineering2D heterostructure', 'Charge trapping', 'Filamentary conduction'] 

Sorted_Candidate: [['htfsi-mta-tms electrolyte'], ['xoy-nb'], ['moo3 button-type proton full battery'], ['excellent long-term cycling stability'], ['reversible proton storage property'], ['wide electrochemical window'], ['first time'], ['co0 .2 mn0 .2'], ['mn0 .2 co0 .2']] 

Candidates_Dedup: ['htfsi-mta-tms electrolyte', 'xoy-nb', 'moo3 button-type proton full battery', 'excellent long-term cycling stability', 'reversible proton storage property', 'wide electrochemical window', 'first time', 'co0 .2 mn0 .2', 'mn0 .2 co0 .2'] 

TOP-K 78: ['htfsi-mta-tms electrolyte', 'xoy-nb', 'moo3 button-type proton full battery', 'excellent long-term cycling stability', 'reversible proton storage property', 'wide electrochemical window', 'first time', 'co0 .2 mn0 .2', 'mn0 .2 co0 .2'] 

Reference 78: ['Acid-alkali coordinated regulation', 'Organic liquid electrolytes', 'High-voltage proton batteries', 'Metallic oxide cathode', 'Mo', 'O3'] 

Sorted_Candidate: [['di-aki'], ['di-aki'], ['arg-2'], ['synergistic mitigation'], ['renal tubule selectivity'], ['sirna delivery system'], ['multiple intrinsic biological activities'], ['promising therapeutic target'], ['ktp modification'], ['strategy'], ['discovery']] 

Candidates_Dedup: ['di-aki', 'arg-2', 'synergistic mitigation', 'renal tubule selectivity', 'sirna delivery system', 'multiple intrinsic biological activities', 'promising therapeutic target', 'ktp modification', 'strategy', 'discovery'] 

TOP-K 79: ['di-aki', 'arg-2', 'synergistic mitigation', 'renal tubule selectivity', 'sirna delivery system', 'multiple intrinsic biological activities', 'promising therapeutic target', 'ktp modification', 'strategy', 'discovery'] 

Reference 79: ['Acute kidney injury', 'Nanoparticles', 'Gene delivery', 'Renal targeting', 'Spermidine'] 

Sorted_Candidate: [['significant non-linear dose-response relationships'], ['flavonoid dosage'], ['malondialdehyde'], ['dc/cocoa'], ['do/report testing'], ['eligible cts'], ['nitric oxide'], ['cocoa dosage'], ['il-6'], ['cocoa'], ['independent groups'], ['potency'], ['sample sizes'], ['dark chocolate'], ['appropriate design'], ['crp'], ['studies'], ['studies'], ['benefits'], ['participants'], ['purity']] 

Candidates_Dedup: ['significant non-linear dose-response relationships', 'flavonoid dosage', 'malondialdehyde', 'dc/cocoa', 'do/report testing', 'eligible cts', 'nitric oxide', 'cocoa dosage', 'il-6', 'cocoa', 'independent groups', 'potency', 'sample sizes', 'dark chocolate', 'appropriate design', 'crp', 'studies', 'benefits', 'participants', 'purity'] 

TOP-K 80: ['significant non-linear dose-response relationships', 'flavonoid dosage', 'malondialdehyde', 'dc/cocoa', 'do/report testing', 'eligible cts', 'nitric oxide', 'cocoa dosage', 'il-6', ['cocoa'], 'independent groups', 'potency', 'sample sizes', ['dark chocolate'], 'appropriate design'] 

Reference 80: ['Cocoa', 'Dark chocolate', 'Flavonoids', 'Inflammation', 'Oxidative stress', 'Meta-analysis'] 

Sorted_Candidate: [['systematic reviews'], ['systematic reviews'], ['cognitive function'], ['cognitive function'], ['exercise'], ['ad patients'], ['exercise interventions'], ['functional independence'], ['physical function'], ['ad'], ['exercise intervention'], ['ad individuals'], ['benefits'], ['overview'], ['evidence']] 

Candidates_Dedup: ['systematic reviews', 'cognitive function', 'exercise', 'ad patients', 'exercise interventions', 'functional independence', 'physical function', 'ad', 'exercise intervention', 'ad individuals', 'benefits', 'overview', 'evidence'] 

TOP-K 81: ['systematic reviews', ['cognitive function'], ['exercise'], 'ad patients', 'exercise interventions', 'functional independence', ['physical function'], 'ad', 'exercise intervention', 'ad individuals', 'benefits', 'overview', 'evidence'] 

Reference 81: ['Alzheimer¡¯s disease', 'Physical activity', 'Exercise', 'Cognitive function', 'Physical function', 'Evidence synthesis'] 

Sorted_Candidate: [['flaxseed supplementation'], ['meta-analysis'], ['meta-analysis'], ['flaxseeddid'], ['intervention typesand dosage'], ['adjuvant therapy'], ['moderate-certainty evidence'], ['studies'], ['studies'], ['studies'], ['studies'], ['studies'], ['studies'], ['systematic review'], ['systematic review'], ['bmi'], ['bmi'], ['obesity'], ['meaningful improvement'], ['wc results'], ['wc'], ['potency'], ['body weight'], ['grade evaluation'], ['bw'], ['heavy metals'], ['obesity indices'], ['blind evaluation'], ['risk'], ['contamination'], ['findings'], ['testing'], ['purity'], ['trials'], ['limitation'], ['lack'], ['¡ñ flaxseed'], ['¡ñ'], ['¡ñ'], ['¡ñ'], ['¡ñ'], ['¡ñ']] 

Candidates_Dedup: ['flaxseed supplementation', 'meta-analysis', 'flaxseeddid', 'intervention typesand dosage', 'adjuvant therapy', 'moderate-certainty evidence', 'studies', 'systematic review', 'bmi', 'obesity', 'meaningful improvement', 'wc results', 'wc', 'potency', 'body weight', 'grade evaluation', 'bw', 'heavy metals', 'obesity indices', 'blind evaluation', 'risk', 'contamination', 'findings', 'testing', 'purity', 'trials', 'limitation', 'lack', '¡ñ flaxseed', '¡ñ'] 

TOP-K 82: ['flaxseed supplementation', ['meta-analysis'], 'flaxseeddid', 'intervention typesand dosage', 'adjuvant therapy', 'moderate-certainty evidence', 'studies', ['systematic review'], 'bmi', 'obesity', 'meaningful improvement', 'wc results', 'wc', 'potency', 'body weight'] 

Reference 82: ['Flaxseed', 'Linum usitatissimum', 'Obesity indices', 'Systematic review', 'Meta-analysis'] 

Sorted_Candidate: [['chamomile'], ['study'], ['study'], ['study'], ['blinding success'], ['potency'], ['adverse events'], ['passive surveillance'], ['adverse effects'], ['sleep quality'], ['products'], ['studies'], ['survey'], ['purity']] 

Candidates_Dedup: ['chamomile', 'study', 'blinding success', 'potency', 'adverse events', 'passive surveillance', 'adverse effects', 'sleep quality', 'products', 'studies', 'survey', 'purity'] 

TOP-K 83: [['chamomile'], 'study', 'blinding success', 'potency', 'adverse events', 'passive surveillance', 'adverse effects', 'sleep quality', 'products', 'studies', 'survey', 'purity'] 

Reference 83: ['Insomnia', 'Sleep initiation and maintenance disorders', 'Chamomile', 'Matricaria chamomilla', 'Traditional Persian medicine', 'Integrative medicine', 'Meta-analysis'] 

Sorted_Candidate: [['h. sabdariffa'], ['h. sabdariffa extract'], ['hibiscus sabdariffa'], ['pooled effects'], ['clinical benefit'], ['first study'], ['safety concern'], ['obesity'], ['obesity treatment'], ['individuals']] 

Candidates_Dedup: ['h. sabdariffa', 'h. sabdariffa extract', 'hibiscus sabdariffa', 'pooled effects', 'clinical benefit', 'first study', 'safety concern', 'obesity', 'obesity treatment', 'individuals'] 

TOP-K 84: ['h. sabdariffa', 'h. sabdariffa extract', ['hibiscus sabdariffa'], 'pooled effects', 'clinical benefit', 'first study', 'safety concern', ['obesity'], 'obesity treatment', 'individuals'] 

Reference 84: ['Hibiscus sabdariffa', 'Roselle', 'Sour tea', 'Obesity', 'Overweight'] 

Sorted_Candidate: [['tuina'], ['tuina'], ['chronic pain management'], ['chronic pain'], ['china'], ['number'], ['publications'], ['pain'], ['attention'], ['frontier']] 

Candidates_Dedup: ['tuina', 'chronic pain management', 'chronic pain', 'china', 'number', 'publications', 'pain', 'attention', 'frontier'] 

TOP-K 85: [['tuina'], 'chronic pain management', ['chronic pain'], 'china', 'number', 'publications', 'pain', 'attention', 'frontier'] 

Reference 85: ['Tuina', 'Chronic pain', 'Bibliometric analysis', 'Co-citation analysis'] 

Sorted_Candidate: [['post-void residual volume'], ['usg kub parameters'], ['medph'], ['medph'], ['intermittency'], ['ipss score'], ['uroflowmetry'], ['chakra intensity'], ['incomplete bladder'], ['sleep'], ['sleep onset'], ['med group'], ['reductions'], ['groups'], ['hours'], ['changes'], ['quality']] 

Candidates_Dedup: ['post-void residual volume', 'usg kub parameters', 'medph', 'intermittency', 'ipss score', 'uroflowmetry', 'chakra intensity', 'incomplete bladder', 'sleep', 'sleep onset', 'med group', 'reductions', 'groups', 'hours', 'changes', 'quality'] 

TOP-K 86: ['post-void residual volume', 'usg kub parameters', 'medph', 'intermittency', 'ipss score', 'uroflowmetry', 'chakra intensity', 'incomplete bladder', 'sleep', 'sleep onset', 'med group', 'reductions', 'groups', 'hours', 'changes'] 

Reference 86: ['Biofieldchakra', 'Integrative Medicineprana', 'Quality of life'] 

Sorted_Candidate: [['post-stroke depression'], ['post-stroke depression'], ['post-stroke depression'], ['acupuncture'], ['acupuncture treatment'], ['acupuncture treatment'], ['bibliometric analysis'], ['first bibliometric analysis'], ['vosviewer'], ['hotspots'], ['research direction'], ['keywords'], ['global trends'], ['article'], ['study']] 

Candidates_Dedup: ['post-stroke depression', 'acupuncture', 'acupuncture treatment', 'bibliometric analysis', 'first bibliometric analysis', 'vosviewer', 'hotspots', 'research direction', 'keywords', 'global trends', 'article', 'study'] 

TOP-K 87: ['post-stroke depression', ['acupuncture'], 'acupuncture treatment', ['bibliometric analysis'], 'first bibliometric analysis', 'vosviewer', 'hotspots', ['research direction'], 'keywords', 'global trends', 'article', 'study'] 

Reference 87: ['Acupuncture', 'Post stroke depression', 'Bibliometric analysis', 'VO', 'Sviewer', 'Research direction'] 

Sorted_Candidate: [['anthroposophic remedies'], ['anthroposophic remedies'], ['integrative-anthroposophic guideline'], ['bryonia/spongia comp'], ['larynx/apis comp'], ['chest embrocation'], ['pseudocroup'], ['supportive treatment'], ['guideline'], ['lavender oil'], ['external application'], ['recommendations']] 

Candidates_Dedup: ['anthroposophic remedies', 'integrative-anthroposophic guideline', 'bryonia/spongia comp', 'larynx/apis comp', 'chest embrocation', 'pseudocroup', 'supportive treatment', 'guideline', 'lavender oil', 'external application', 'recommendations'] 

TOP-K 88: ['anthroposophic remedies', 'integrative-anthroposophic guideline', 'bryonia/spongia comp', 'larynx/apis comp', 'chest embrocation', ['pseudocroup'], 'supportive treatment', 'guideline', 'lavender oil', 'external application', 'recommendations'] 

Reference 88: ['Delphi process', 'Pseudocroup', 'Croup', 'Anthroposophic medicine', 'Bryonia/Spongia comp.Larynx/Apis comp'] 

Sorted_Candidate: [['constipation symptom'], ['patients'], ['patients'], ['fc'], ['fc'], ['shallow needling'], ['mc treatment'], ['needle sensation'], ['tn treatment'], ['prolonged retention'], ['anxiety'], ['tn'], ['depression'], ['management'], ['needles'], ['absence'], ['improvement']] 

Candidates_Dedup: ['constipation symptom', 'patients', 'fc', 'shallow needling', 'mc treatment', 'needle sensation', 'tn treatment', 'prolonged retention', 'anxiety', 'tn', 'depression', 'management', 'needles', 'absence', 'improvement'] 

TOP-K 89: ['constipation symptom', 'patients', 'fc', 'shallow needling', 'mc treatment', 'needle sensation', 'tn treatment', 'prolonged retention', 'anxiety', 'tn', 'depression', 'management', 'needles', 'absence', 'improvement'] 

Reference 89: ['Thumbtack needling', 'Functional constipation', 'Pragmatic clinical trial', 'Randomized controlled trial'] 

Sorted_Candidate: [['anthracycline-induced cardiotoxicity'], ['shenmai injection therapy'], ['clinical decision-making'], ['reproducibility'], ['extant international guidelines'], ['thorough supplementary materials'], ['methodological robustness'], ['controlled trials'], ['amstar'], ['inaugural evaluation'], ['cardiac toxicity'], ['high standards'], ['valuable insights'], ['supplementation'], ['present study'], ['research'], ['effectiveness'], ['credibility'], ['scrutiny'], ['findings'], ['assessment'], ['management'], ['provision'], ['incorporation'], ['safety'], ['adherence']] 

Candidates_Dedup: ['anthracycline-induced cardiotoxicity', 'shenmai injection therapy', 'clinical decision-making', 'reproducibility', 'extant international guidelines', 'thorough supplementary materials', 'methodological robustness', 'controlled trials', 'amstar', 'inaugural evaluation', 'cardiac toxicity', 'high standards', 'valuable insights', 'supplementation', 'present study', 'research', 'effectiveness', 'credibility', 'scrutiny', 'findings', 'assessment', 'management', 'provision', 'incorporation', 'safety', 'adherence'] 

TOP-K 90: ['anthracycline-induced cardiotoxicity', 'shenmai injection therapy', 'clinical decision-making', 'reproducibility', 'extant international guidelines', 'thorough supplementary materials', 'methodological robustness', 'controlled trials', 'amstar', 'inaugural evaluation', 'cardiac toxicity', 'high standards', 'valuable insights', 'supplementation', 'present study'] 

Reference 90: ['Shenmai injection', 'Anthracycline', 'Cardiotoxicity', 'Efficacy', 'Safety'] 

Sorted_Candidate: [['music therapy'], ['music therapy'], ['music therapy'], ['ophthalmic procedures'], ['ophthalmic surgery'], ['diastolic blood pressure'], ['patient well-being'], ['positive effect'], ['potential'], ['anxiety'], ['pain'], ['patients']] 

Candidates_Dedup: ['music therapy', 'ophthalmic procedures', 'ophthalmic surgery', 'diastolic blood pressure', 'patient well-being', 'positive effect', 'potential', 'anxiety', 'pain', 'patients'] 

TOP-K 91: [['music therapy'], 'ophthalmic procedures', ['ophthalmic surgery'], 'diastolic blood pressure', 'patient well-being', 'positive effect', 'potential', ['anxiety'], ['pain'], 'patients'] 

Reference 91: ['Music therapy', 'Ophthalmic Surgery', 'Cataract surgery', 'Intravitreal injection', 'Anxiety', 'Pain', 'Meta-analysis'] 

Sorted_Candidate: [['microvascular decompressionsurgery'], ['dizziness rate'], ['dizziness rate'], ['transcutaneous electrical acupoint'], ['surgeryand severity'], ['h'], ['h'], ['h'], ['surgery'], ['surgery'], ['patient recovery'], ['teas'], ['daily practice']] 

Candidates_Dedup: ['microvascular decompressionsurgery', 'dizziness rate', 'transcutaneous electrical acupoint', 'surgeryand severity', 'h', 'surgery', 'patient recovery', 'teas', 'daily practice'] 

TOP-K 92: ['microvascular decompressionsurgery', 'dizziness rate', 'transcutaneous electrical acupoint', 'surgeryand severity', 'h', 'surgery', 'patient recovery', 'teas', 'daily practice'] 

Reference 92: ['Acupuncture', 'Dizziness', 'Hemifacial spasm', 'Microvascular decompression'] 

Sorted_Candidate: [['auriculotherapy'], ['auriculotherapy'], ['auriculotherapy'], ['adhesive tape'], ['adhesive tape'], ['non-invasive complementary therapy'], ['vaccaria seeds'], ['sham group'], ['sham group'], ['controlled clinical trial'], ['significant differences'], ['intervention group'], ['sham groups'], ['depression scores'], ['study'], ['study'], ['specific points'], ['depression'], ['intervention'], ['compression'], ['seed'], ['people'], ['effects'], ['weeks']] 

Candidates_Dedup: ['auriculotherapy', 'adhesive tape', 'non-invasive complementary therapy', 'vaccaria seeds', 'sham group', 'controlled clinical trial', 'significant differences', 'intervention group', 'sham groups', 'depression scores', 'study', 'specific points', 'depression', 'intervention', 'compression', 'seed', 'people', 'effects', 'weeks'] 

TOP-K 93: [['auriculotherapy'], 'adhesive tape', 'non-invasive complementary therapy', 'vaccaria seeds', 'sham group', 'controlled clinical trial', 'significant differences', 'intervention group', 'sham groups', 'depression scores', 'study', 'specific points', ['depression'], 'intervention', 'compression'] 

Reference 93: ['Auriculotherapy', 'Ear acupressure', 'Depression', 'Older adulthood'] 

Sorted_Candidate: [['traditional thai massage'], ['traditional thai massage'], ['fatigue recovery traditional thai massage'], ['first study'], ['fatigue-inducement protocol'], ['muscle fatigue'], ['control condition'], ['effective intervention'], ['median frequency'], ['recovery'], ['impact']] 

Candidates_Dedup: ['traditional thai massage', 'fatigue recovery traditional thai massage', 'first study', 'fatigue-inducement protocol', 'muscle fatigue', 'control condition', 'effective intervention', 'median frequency', 'recovery', 'impact'] 

TOP-K 94: [['traditional thai massage'], 'fatigue recovery traditional thai massage', 'first study', 'fatigue-inducement protocol', ['muscle fatigue'], 'control condition', 'effective intervention', 'median frequency', 'recovery', 'impact'] 

Reference 94: ['Traditional Thai massage', 'Muscle fatigue', 'Stretching', 'Muscle power', 'Electromyography'] 

Sorted_Candidate: [['self-management'], ['self-management'], ['remote mindfulness self-management course'], ['minimal qualitative data'], ['mindfulness'], ['mindfulness'], ['mixed-methods study'], ['qualitative findings'], ['self-efficacy'], ['diabetes'], ['diabetes'], ['remote delivery'], ['mindfulness courses'], ['stress management'], ['important skills'], ['type'], ['type'], ['perspective'], ['patient'], ['insights'], ['feasibility']] 

Candidates_Dedup: ['self-management', 'remote mindfulness self-management course', 'minimal qualitative data', 'mindfulness', 'mixed-methods study', 'qualitative findings', 'self-efficacy', 'diabetes', 'remote delivery', 'mindfulness courses', 'stress management', 'important skills', 'type', 'perspective', 'patient', 'insights', 'feasibility'] 

TOP-K 95: ['self-management', 'remote mindfulness self-management course', 'minimal qualitative data', 'mindfulness', 'mixed-methods study', 'qualitative findings', 'self-efficacy', 'diabetes', 'remote delivery', 'mindfulness courses', 'stress management', 'important skills', 'type', 'perspective', 'patient'] 

Reference 95: ['Remote mindfulness intervention for type 2 diabetes self-management', 'Qualitative research type 2 diabetes', 'Self-management of type 2 diabetes', 'Self-efficacy and type 2 diabetes self-management'] 

Sorted_Candidate: [['triglycerides chinese herbal medicine'], ['systolic blood pressure'], ['herbs meta-analysis'], ['antihypertensive drugs'], ['high blood pressure'], ['whortleberries'], ['improvements'], ['effectiveness']] 

Candidates_Dedup: ['triglycerides chinese herbal medicine', 'systolic blood pressure', 'herbs meta-analysis', 'antihypertensive drugs', 'high blood pressure', 'whortleberries', 'improvements', 'effectiveness'] 

TOP-K 96: ['triglycerides chinese herbal medicine', 'systolic blood pressure', 'herbs meta-analysis', ['antihypertensive drugs'], 'high blood pressure', 'whortleberries', 'improvements', 'effectiveness'] 

Reference 96: ['Blood pressure', 'Triglycerides', 'Haemoglobin', 'Obesity', 'Hypertension', 'Complementary', 'Herbs', 'Antihypertensive drug'] 

Sorted_Candidate: [['ms. aerobic pa protocol'], ['low-grade inflammation'], ['reliable complementary therapy'], ['ms. pa'], ['inflammation'], ['pa'], ['positive influence']] 

Candidates_Dedup: ['ms. aerobic pa protocol', 'low-grade inflammation', 'reliable complementary therapy', 'ms. pa', 'inflammation', 'pa', 'positive influence'] 

TOP-K 97: ['ms. aerobic pa protocol', 'low-grade inflammation', 'reliable complementary therapy', 'ms. pa', ['inflammation'], 'pa', 'positive influence'] 

Reference 97: ['Inflammation', 'Multiple sclerosis', 'Physical activity', 'Complementary therapies', 'Tertiary prevention'] 

Sorted_Candidate: [['tcmi-abc'], ['insufficient tcmi-abc purity/potency'], ['malignant arrhythmia'], ['meta-analysis'], ['rcts'], ['rcts'], ['additional clinical value'], ['tcm products'], ['methodological weaknesses'], ['allocation concealment'], ['randomization'], ['patients'], ['patients'], ['global use'], ['major studies'], ['china'], ['china'], ['risk'], ['ami'], ['findings'], ['mortality'], ['research']] 

Candidates_Dedup: ['tcmi-abc', 'insufficient tcmi-abc purity/potency', 'malignant arrhythmia', 'meta-analysis', 'rcts', 'additional clinical value', 'tcm products', 'methodological weaknesses', 'allocation concealment', 'randomization', 'patients', 'global use', 'major studies', 'china', 'risk', 'ami', 'findings', 'mortality', 'research'] 

TOP-K 98: ['tcmi-abc', 'insufficient tcmi-abc purity/potency', 'malignant arrhythmia', 'meta-analysis', 'rcts', 'additional clinical value', 'tcm products', 'methodological weaknesses', 'allocation concealment', 'randomization', 'patients', 'global use', 'major studies', 'china', 'risk'] 

Reference 98: ['Acute myocardial infarction', 'Traditional Chinese medicine', 'Traditional Chinese medicine injections', 'Systematic review'] 

Sorted_Candidate: [['osteopathic manipulative treatmentshows diverse biological modifications'], ['musculoskeletal changes'], ['biological responses'], ['clinical implications'], ['research'], ['robust research'], ['specificity'], ['interest'], ['publications'], ['studies']] 

Candidates_Dedup: ['osteopathic manipulative treatmentshows diverse biological modifications', 'musculoskeletal changes', 'biological responses', 'clinical implications', 'research', 'robust research', 'specificity', 'interest', 'publications', 'studies'] 

TOP-K 99: ['osteopathic manipulative treatmentshows diverse biological modifications', 'musculoskeletal changes', 'biological responses', 'clinical implications', 'research', 'robust research', 'specificity', 'interest', 'publications', 'studies'] 

Reference 99: ['Osteopathic Manipulative Treatment', 'Biological', 'Review', 'Manual therapy'] 

Sorted_Candidate: [['hybrid auxetic foam'], ['hybrid auxetic foam'], ['novel hybrid auxetic foam'], ['novel hybrid auxetic foam'], ['exceptional energy dissipation performance'], ['synergistic effect'], ['self-healing property'], ['shear thickening properties'], ['hybrid auxetic materials'], ['force reduction improvementof'], ['auxetic cell structures'], ['high performance'], ['shear'], ['gel'], ['dimension'], ['content']] 

Candidates_Dedup: ['hybrid auxetic foam', 'novel hybrid auxetic foam', 'exceptional energy dissipation performance', 'synergistic effect', 'self-healing property', 'shear thickening properties', 'hybrid auxetic materials', 'force reduction improvementof', 'auxetic cell structures', 'high performance', 'shear', 'gel', 'dimension', 'content'] 

TOP-K 100: ['hybrid auxetic foam', 'novel hybrid auxetic foam', 'exceptional energy dissipation performance', 'synergistic effect', 'self-healing property', 'shear thickening properties', 'hybrid auxetic materials', 'force reduction improvementof', 'auxetic cell structures', 'high performance', 'shear', 'gel', 'dimension', 'content'] 

Reference 100: ['Auxetic foam', 'Shear thickening gel', 'Impact protection', 'Self-healing'] 

Sorted_Candidate: [['excellent reversible thermochromic capacities'], ['composites'], ['composites'], ['composites'], ['efficient battery thermal management capacity'], ['cu2o'], ['cu2o'], ['thermal conductivity'], ['tc@mf'], ['thermal management materials'], ['photothermal conversion'], ['blue-violet'], ['red transformation'], ['safety']] 

Candidates_Dedup: ['excellent reversible thermochromic capacities', 'composites', 'efficient battery thermal management capacity', 'cu2o', 'thermal conductivity', 'tc@mf', 'thermal management materials', 'photothermal conversion', 'blue-violet', 'red transformation', 'safety'] 

TOP-K 101: ['excellent reversible thermochromic capacities', 'composites', 'efficient battery thermal management capacity', 'cu2o', 'thermal conductivity', 'tc@mf', 'thermal management materials', 'photothermal conversion', 'blue-violet', 'red transformation', 'safety'] 

Reference 101: ['Flexible composites', 'Multifunctional properties', 'Polymer-matrix composites', 'Thermochromic microcapsules'] 

Sorted_Candidate: [['pla-based composite'], ['pla-based composites'], ['pla-based plastics'], ['cost-effective applications'], ['high impact resistance'], ['cotton stalk fibers'], ['thermal stability'], ['crystalline performance'], ['various properties'], ['csf'], ['novel strategy'], ['utilization']] 

Candidates_Dedup: ['pla-based composite', 'pla-based composites', 'pla-based plastics', 'cost-effective applications', 'high impact resistance', 'cotton stalk fibers', 'thermal stability', 'crystalline performance', 'various properties', 'csf', 'novel strategy', 'utilization'] 

TOP-K 102: ['pla-based composite', 'pla-based composites', 'pla-based plastics', 'cost-effective applications', 'high impact resistance', 'cotton stalk fibers', 'thermal stability', 'crystalline performance', 'various properties', 'csf', 'novel strategy', 'utilization'] 

Reference 102: ['Natural fibre composites', 'Polylactic acid', 'Impact behaviour', 'Injection molding', 'Crystallization control'] 

Sorted_Candidate: [['trans-scale damage analysis'], ['trans-scale damage analysis'], ['unsupervised machine learning method'], ['3d braided composites'], ['porosity'], ['porosity'], ['porosity'], ['trans-scale modelling'], ['real multiscale structure'], ['micro-ct'], ['reduction ratio'], ['damage modes'], ['mechanical properties'], ['experimental data'], ['voids'], ['modulus'], ['strength']] 

Candidates_Dedup: ['trans-scale damage analysis', 'unsupervised machine learning method', '3d braided composites', 'porosity', 'trans-scale modelling', 'real multiscale structure', 'micro-ct', 'reduction ratio', 'damage modes', 'mechanical properties', 'experimental data', 'voids', 'modulus', 'strength'] 

TOP-K 103: ['trans-scale damage analysis', 'unsupervised machine learning method', '3d braided composites', 'porosity', 'trans-scale modelling', 'real multiscale structure', 'micro-ct', 'reduction ratio', 'damage modes', ['mechanical properties'], 'experimental data', 'voids', 'modulus', 'strength'] 

Reference 103: ['Braided composites', 'Multiscale modeling', 'Defects', 'Mechanical properties', 'Damage mechanics'] 

Sorted_Candidate: [['temperature-dependent interlaminar fracture toughness'], ['fracture toughness'], ['different temperatures'], ['different temperatures'], ['rate'], ['rate'], ['dynamic dcb tests'], ['electromagnetic hopkinson bar'], ['delamination'], ['rate dependency'], ['analytical model'], ['temperature'], ['failure mechanism'], ['mode'], ['mode'], ['effects']] 

Candidates_Dedup: ['temperature-dependent interlaminar fracture toughness', 'fracture toughness', 'different temperatures', 'rate', 'dynamic dcb tests', 'electromagnetic hopkinson bar', 'delamination', 'rate dependency', 'analytical model', 'temperature', 'failure mechanism', 'mode', 'effects'] 

TOP-K 104: ['temperature-dependent interlaminar fracture toughness', ['fracture toughness'], 'different temperatures', 'rate', 'dynamic dcb tests', 'electromagnetic hopkinson bar', 'delamination', 'rate dependency', 'analytical model', 'temperature', 'failure mechanism', 'mode', 'effects'] 

Reference 104: ['Polymer-matrix composites', 'Fracture toughness', 'High-temperature properties', 'Impact behavior', 'Fractography'] 

Sorted_Candidate: [['cnw@n-al2o3'], ['cnw@n-al2o3 nano hybrids'], ['micro-nano-multi-level hybrid network structure'], ['facile electrostatic self-assembly method'], ['high thermal conductivity'], ['low interfacial thermal resistance'], ['high-performance thermal interface material'], ['pdms composite'], ['composites'], ['electrical insulation']] 

Candidates_Dedup: ['cnw@n-al2o3', 'cnw@n-al2o3 nano hybrids', 'micro-nano-multi-level hybrid network structure', 'facile electrostatic self-assembly method', 'high thermal conductivity', 'low interfacial thermal resistance', 'high-performance thermal interface material', 'pdms composite', 'composites', 'electrical insulation'] 

TOP-K 105: ['cnw@n-al2o3', 'cnw@n-al2o3 nano hybrids', 'micro-nano-multi-level hybrid network structure', 'facile electrostatic self-assembly method', 'high thermal conductivity', 'low interfacial thermal resistance', 'high-performance thermal interface material', 'pdms composite', 'composites', ['electrical insulation']] 

Reference 105: ['Carbon nanotube whisker', 'Alumina', 'Thermal conductivity', 'Electric insulation', 'Silicone rubber composites'] 

Sorted_Candidate: [['checkerboard-shaped design'], ['checkerboard-shaped design'], ['checkerboard-shaped lay-up design'], ['ballistic performances'], ['ballistic performances'], ['ballistic performances'], ['full-converge design'], ['tensile failure'], ['fe model'], ['energy absorption'], ['ballistic tests'], ['mechanisms'], ['fibre'], ['mode']] 

Candidates_Dedup: ['checkerboard-shaped design', 'checkerboard-shaped lay-up design', 'ballistic performances', 'full-converge design', 'tensile failure', 'fe model', 'energy absorption', 'ballistic tests', 'mechanisms', 'fibre', 'mode'] 

TOP-K 106: ['checkerboard-shaped design', ['checkerboard-shaped lay-up design'], 'ballistic performances', 'full-converge design', 'tensile failure', 'fe model', 'energy absorption', 'ballistic tests', 'mechanisms', 'fibre', 'mode'] 

Reference 106: ['Ballistic composites', 'Checkerboard-shaped lay-up design', 'Polycarbonate', 'Aramid plain-woven fabric', 'Ballistic mechanisms'] 

Sorted_Candidate: [['multilayered composite film'], ['spva/mms multilayered composite film'], ['spva/modified msalternating multilayered composite film'], ['outstanding in-plane thermal conductivity'], ['spva'], ['syndiotacticity-rich poly'], ['advantageable flame retardancy'], ['mxene sedimentas filler'], ['polymeric substrate'], ['significant water resistance'], ['x band'], ['novel kind']] 

Candidates_Dedup: ['multilayered composite film', 'spva/mms multilayered composite film', 'spva/modified msalternating multilayered composite film', 'outstanding in-plane thermal conductivity', 'spva', 'syndiotacticity-rich poly', 'advantageable flame retardancy', 'mxene sedimentas filler', 'polymeric substrate', 'significant water resistance', 'x band', 'novel kind'] 

TOP-K 107: [['multilayered composite film'], 'spva/mms multilayered composite film', 'spva/modified msalternating multilayered composite film', 'outstanding in-plane thermal conductivity', 'spva', ['syndiotacticity-rich poly'], 'advantageable flame retardancy', 'mxene sedimentas filler', 'polymeric substrate', 'significant water resistance', 'x band', 'novel kind'] 

Reference 107: ['Multilayered composite films', 'Syndiotacticity-rich poly', 'M', 'Xene sediment', 'Electromagnetic interference shielding', 'Thermal conductivity'] 

Sorted_Candidate: [['current two-step rf-free systems'], ['current two-step rf-free systems'], ['high interfacial adhesion performance'], ['equal interfacial adhesion'], ['pa66 fibers'], ['adhesion'], ['traditional rfl system'], ['high cost'], ['complex process'], ['system'], ['system'], ['mechanism']] 

Candidates_Dedup: ['current two-step rf-free systems', 'high interfacial adhesion performance', 'equal interfacial adhesion', 'pa66 fibers', 'adhesion', 'traditional rfl system', 'high cost', 'complex process', 'system', 'mechanism'] 

TOP-K 108: ['current two-step rf-free systems', 'high interfacial adhesion performance', 'equal interfacial adhesion', ['pa66 fibers'], 'adhesion', 'traditional rfl system', 'high cost', 'complex process', 'system', 'mechanism'] 

Reference 108: ['PA66 fiber', 'Environmentally friendly', 'Dipping treatment', 'Interfacial adhesion', 'Adhesion mechanism'] 

Sorted_Candidate: [['phenolic-enhanced lignin altered polymer morphology'], ['demethylation'], ['kraft softwood lignin'], ['phenolic hydroxyls'], ['interfacial adhesion'], ['lignin/pa'], ['phenolic structures'], ['dynamic mechanical behaviors'], ['tensile properties'], ['composites'], ['interaction']] 

Candidates_Dedup: ['phenolic-enhanced lignin altered polymer morphology', 'demethylation', 'kraft softwood lignin', 'phenolic hydroxyls', 'interfacial adhesion', 'lignin/pa', 'phenolic structures', 'dynamic mechanical behaviors', 'tensile properties', 'composites', 'interaction'] 

TOP-K 109: ['phenolic-enhanced lignin altered polymer morphology', 'demethylation', 'kraft softwood lignin', 'phenolic hydroxyls', 'interfacial adhesion', 'lignin/pa', 'phenolic structures', 'dynamic mechanical behaviors', 'tensile properties', 'composites', 'interaction'] 

Reference 109: ['Fused depositional modeling', 'Lignin polymer composites', 'Structure-property relationship'] 

Sorted_Candidate: [['heat-conducting al2o3 platelet-isolated mxene porous microsphere networks'], ['3d-arranged al2o3 platelets'], ['mxene porous microspheres'], ['multi-interfacial conductive structures'], ['facile vortex flow technique'], ['epoxy resin'], ['synergy'], ['composites'], ['electrical insulation'], ['performance'], ['emi']] 

Candidates_Dedup: ['heat-conducting al2o3 platelet-isolated mxene porous microsphere networks', '3d-arranged al2o3 platelets', 'mxene porous microspheres', 'multi-interfacial conductive structures', 'facile vortex flow technique', 'epoxy resin', 'synergy', 'composites', 'electrical insulation', 'performance', 'emi'] 

TOP-K 110: ['heat-conducting al2o3 platelet-isolated mxene porous microsphere networks', '3d-arranged al2o3 platelets', 'mxene porous microspheres', 'multi-interfacial conductive structures', 'facile vortex flow technique', 'epoxy resin', 'synergy', 'composites', 'electrical insulation', 'performance', 'emi'] 

Reference 110: ['Polymer-matrix composites', 'Transport properties', 'Electromagnetic interference shielding', 'Electrical properties', 'Isolated networks'] 

Sorted_Candidate: [['thermal heat transfer parameters'], ['bayesian optimization'], ['3d parameters'], ['fem'], ['meaningful parameters'], ['bo'], ['bo'], ['approaches'], ['method']] 

Candidates_Dedup: ['thermal heat transfer parameters', 'bayesian optimization', '3d parameters', 'fem', 'meaningful parameters', 'bo', 'approaches', 'method'] 

TOP-K 111: ['thermal heat transfer parameters', ['bayesian optimization'], '3d parameters', 'fem', 'meaningful parameters', 'bo', 'approaches', 'method'] 

Reference 111: ['Bayesian optimization', 'Glass/epoxy composites fatigue testing', 'Thermal properties', 'IR imaging'] 

Sorted_Candidate: [['room-temperature self-healing sheath-core'], ['self-healing'], ['reversible chemical networks'], ['sheath-core structures'], ['composite fibers'], ['composite fibers'], ['joule heating'], ['personal thermal management'], ['human motion detection'], ['applications'], ['strain']] 

Candidates_Dedup: ['room-temperature self-healing sheath-core', 'self-healing', 'reversible chemical networks', 'sheath-core structures', 'composite fibers', 'joule heating', 'personal thermal management', 'human motion detection', 'applications', 'strain'] 

TOP-K 112: ['room-temperature self-healing sheath-core', ['self-healing'], 'reversible chemical networks', ['sheath-core structures'], 'composite fibers', ['joule heating'], 'personal thermal management', 'human motion detection', 'applications', 'strain'] 

Reference 112: ['Strain sensing', 'Joule heating', 'Sheath-core structures', 'Self-healing'] 

Sorted_Candidate: [['bio-inspired fractal energy-absorbing structures'], ['hierarchical fractal structures'], ['sub-circle sets'], ['self-similar carbon fiber'], ['basic geometry units'], ['additive manufacturing'], ['composite sandwich structures'], ['energy absorption mechanisms']] 

Candidates_Dedup: ['bio-inspired fractal energy-absorbing structures', 'hierarchical fractal structures', 'sub-circle sets', 'self-similar carbon fiber', 'basic geometry units', 'additive manufacturing', 'composite sandwich structures', 'energy absorption mechanisms'] 

TOP-K 113: ['bio-inspired fractal energy-absorbing structures', 'hierarchical fractal structures', 'sub-circle sets', 'self-similar carbon fiber', 'basic geometry units', 'additive manufacturing', 'composite sandwich structures', 'energy absorption mechanisms'] 

Reference 113: ['Polymer-matrix composites3D printing', 'Mechanical properties', 'Finite element analysis', 'Bio-inspired structures'] 

Sorted_Candidate: [['cfrp toughness'], ['cfrp strength'], ['palm tree'], ['polymer'], ['cnt'], ['interface']] 

Candidates_Dedup: ['cfrp toughness', 'cfrp strength', 'palm tree', 'polymer', 'cnt', 'interface'] 

TOP-K 114: ['cfrp toughness', 'cfrp strength', 'palm tree', ['polymer'], 'cnt', ['interface']] 

Reference 114: ['Carbon fiber', 'Carbon nanotubes', 'Polymers', 'Interface', 'Fracture toughness'] 

Sorted_Candidate: [['selective c-n bond cleavage'], ['resin product'], ['resin product'], ['amphiphilic catalyst'], ['new polyurethane'], ['epoxy'], ['upcycling'], ['ep composites'], ['carbon fiber'], ['ep degradation'], ['amine'], ['reasons'], ['mechanisms']] 

Candidates_Dedup: ['selective c-n bond cleavage', 'resin product', 'amphiphilic catalyst', 'new polyurethane', 'epoxy', 'upcycling', 'ep composites', 'carbon fiber', 'ep degradation', 'amine', 'reasons', 'mechanisms'] 

TOP-K 115: ['selective c-n bond cleavage', 'resin product', 'amphiphilic catalyst', 'new polyurethane', 'epoxy', 'upcycling', 'ep composites', 'carbon fiber', 'ep degradation', 'amine', 'reasons', 'mechanisms'] 

Reference 115: ['Amine-cured epoxy resin', 'Recycling', 'Degradation', 'Dodecylbenzene sulfonic acid', 'C-N bond'] 

Sorted_Candidate: [['ppy/go composites'], ['ppy/go composites'], ['ppy/go'], ['ppy'], ['excellent rland eabwith'], ['ema performance'], ['thermal reduction'], ['polymerization'], ['reduction temperature'], ['ratio']] 

Candidates_Dedup: ['ppy/go composites', 'ppy/go', 'ppy', 'excellent rland eabwith', 'ema performance', 'thermal reduction', 'polymerization', 'reduction temperature', 'ratio'] 

TOP-K 116: ['ppy/go composites', 'ppy/go', 'ppy', 'excellent rland eabwith', 'ema performance', 'thermal reduction', 'polymerization', 'reduction temperature', 'ratio'] 

Reference 116: ['Graphene oxide', 'Polypyrrole', 'Electromagnetic absorption', 'Dielectric loss'] 

Sorted_Candidate: [['trial-and-error methods'], ['ml-based multiscale approach'], ['traditional finite element'], ['good agreement'], ['cfrps'], ['mechanical properties'], ['ml model'], ['resin molecules'], ['experimental ones'], ['approach'], ['values'], ['efficiency']] 

Candidates_Dedup: ['trial-and-error methods', 'ml-based multiscale approach', 'traditional finite element', 'good agreement', 'cfrps', 'mechanical properties', 'ml model', 'resin molecules', 'experimental ones', 'approach', 'values', 'efficiency'] 

TOP-K 117: ['trial-and-error methods', 'ml-based multiscale approach', 'traditional finite element', 'good agreement', ['cfrps'], ['mechanical properties'], 'ml model', 'resin molecules', 'experimental ones', 'approach', 'values', 'efficiency'] 

Reference 117: ['Machine learning', 'Multiscale modeling', 'Mechanical properties', 'Resins', 'CFRPs'] 

Reference 118: ['Trilayer structured nanocomposite', 'BNKT-SSN N', 'Ps', 'Breakdown strength', 'Energy storage'] 

Sorted_Candidate: [['excellent reversible compressibility'], ['various deformations'], ['tunable emi'], ['conductive network'], ['high temperature'], ['single foam'], ['dc supply'], ['emi'], ['composite foam'], ['material'], ['stability'], ['performance'], ['c']] 

Candidates_Dedup: ['excellent reversible compressibility', 'various deformations', 'tunable emi', 'conductive network', 'high temperature', 'single foam', 'dc supply', 'emi', 'composite foam', 'material', 'stability', 'performance', 'c'] 

TOP-K 119: ['excellent reversible compressibility', 'various deformations', 'tunable emi', 'conductive network', 'high temperature', 'single foam', 'dc supply', 'emi', 'composite foam', 'material', 'stability', 'performance', 'c'] 

Reference 119: ['Multifunctional composites', 'Smart materials', 'Mechanical properties'] 

Sorted_Candidate: [['ecologically-relevant wetland hydrologic metrics'], ['wetland hydrologic risk'], ['transferable approach'], ['wetland hydrologic stress'], ['stress'], ['stress'], ['satellite data'], ['widespread evidence'], ['large scales'], ['australia'], ['climate'], ['method']] 

Candidates_Dedup: ['ecologically-relevant wetland hydrologic metrics', 'wetland hydrologic risk', 'transferable approach', 'wetland hydrologic stress', 'stress', 'satellite data', 'widespread evidence', 'large scales', 'australia', 'climate', 'method'] 

TOP-K 120: ['ecologically-relevant wetland hydrologic metrics', 'wetland hydrologic risk', 'transferable approach', 'wetland hydrologic stress', 'stress', 'satellite data', 'widespread evidence', 'large scales', 'australia', 'climate', 'method'] 

Reference 120: ['Wetland hydrology', 'Hydrologic stress', 'Climate change'] 

Sorted_Candidate: [['lake shrinkage'], ['lake shrinkage'], ['anthropogenic activities'], ['significant temporal variability'], ['inner mongolian plateau'], ['inner mongolia plateau'], ['evolution'], ['evolution'], ['catchment perspective'], ['climate change'], ['moderate rainfall'], ['impacts'], ['impacts'], ['lake areas'], ['precipitation intensity'], ['primary causes'], ['rf methods'], ['light'], ['study'], ['lakes'], ['categories'], ['mars']] 

Candidates_Dedup: ['lake shrinkage', 'anthropogenic activities', 'significant temporal variability', 'inner mongolian plateau', 'inner mongolia plateau', 'evolution', 'catchment perspective', 'climate change', 'moderate rainfall', 'impacts', 'lake areas', 'precipitation intensity', 'primary causes', 'rf methods', 'light', 'study', 'lakes', 'categories', 'mars'] 

TOP-K 121: ['lake shrinkage', ['anthropogenic activities'], 'significant temporal variability', 'inner mongolian plateau', ['inner mongolia plateau'], 'evolution', 'catchment perspective', ['climate change'], 'moderate rainfall', 'impacts', 'lake areas', 'precipitation intensity', 'primary causes', 'rf methods', 'light'] 

Reference 121: ['Anthropogenic activities', 'Climate change', 'Ecological restoration', 'Inner Mongolia Plateau', 'Lake'] 

Sorted_Candidate: [['historical orthophotographs'], ['glcm texture indices'], ['years'], ['years'], ['present day material'], ['dynamic metrics'], ['past years'], ['valuable addition'], ['landscape composition'], ['models'], ['models'], ['community responses'], ['interaction'], ['plants'], ['variables'], ['method'], ['birds'], ['time']] 

Candidates_Dedup: ['historical orthophotographs', 'glcm texture indices', 'years', 'present day material', 'dynamic metrics', 'past years', 'valuable addition', 'landscape composition', 'models', 'community responses', 'interaction', 'plants', 'variables', 'method', 'birds', 'time'] 

TOP-K 122: [['historical orthophotographs'], 'glcm texture indices', 'years', 'present day material', 'dynamic metrics', 'past years', 'valuable addition', 'landscape composition', 'models', 'community responses', 'interaction', 'plants', 'variables', 'method', 'birds'] 

Reference 122: ['Ecological communities', 'Extinction Debt', 'Gray level Co-occurrence Matrix', 'Historical Orthophotographs', 'Landscape Ecology', 'Time Lags', 'Urban Ecology'] 

Sorted_Candidate: [['yangtze river economic belt area'], ['npp'], ['annual npp'], ['topographic factors'], ['threshold effect'], ['significant increase'], ['npp changes'], ['climate factors'], ['impact'], ['temperature'], ['sensitivity'], ['response']] 

Candidates_Dedup: ['yangtze river economic belt area', 'npp', 'annual npp', 'topographic factors', 'threshold effect', 'significant increase', 'npp changes', 'climate factors', 'impact', 'temperature', 'sensitivity', 'response'] 

TOP-K 123: ['yangtze river economic belt area', ['npp'], 'annual npp', 'topographic factors', 'threshold effect', 'significant increase', 'npp changes', ['climate factors'], 'impact', 'temperature', 'sensitivity', ['response']] 

Reference 123: ['NPP', 'Spatiotemporal variation', 'Response', 'Climatic factor', 'Yangtze River Economic Belt'] 

Sorted_Candidate: [['forest chlorophyll concentration'], ['chlorophyll concentration retrieval'], ['leaf area index disturbance'], ['3d rt simulations'], ['vegetation canopy structure'], ['saturation effect'], ['soil backgrounds'], ['spectral information'], ['concern'], ['influences'], ['performance']] 

Candidates_Dedup: ['forest chlorophyll concentration', 'chlorophyll concentration retrieval', 'leaf area index disturbance', '3d rt simulations', 'vegetation canopy structure', 'saturation effect', 'soil backgrounds', 'spectral information', 'concern', 'influences', 'performance'] 

TOP-K 124: ['forest chlorophyll concentration', 'chlorophyll concentration retrieval', 'leaf area index disturbance', '3d rt simulations', 'vegetation canopy structure', 'saturation effect', 'soil backgrounds', 'spectral information', 'concern', 'influences', 'performance'] 

Reference 124: ['Vegetation indices', 'Chlorophyll concentration', 'Saturation effect3-D radiative transfer model'] 

Sorted_Candidate: [['simple evidence-based monitoring'], ['workshops iterations'], ['condition indicators'], ['condition indicators'], ['comparable habitat condition assessments'], ['literature review'], ['standardisation'], ['metric flexibility'], ['key habitats'], ['habitat types'], ['indicator framework'], ['uptake'], ['integration'], ['expert'], ['practitioners'], ['engagement'], ['enrichment']] 

Candidates_Dedup: ['simple evidence-based monitoring', 'workshops iterations', 'condition indicators', 'comparable habitat condition assessments', 'literature review', 'standardisation', 'metric flexibility', 'key habitats', 'habitat types', 'indicator framework', 'uptake', 'integration', 'expert', 'practitioners', 'engagement', 'enrichment'] 

TOP-K 125: ['simple evidence-based monitoring', 'workshops iterations', 'condition indicators', 'comparable habitat condition assessments', 'literature review', 'standardisation', 'metric flexibility', 'key habitats', 'habitat types', 'indicator framework', 'uptake', 'integration', 'expert', 'practitioners', 'engagement'] 

Reference 125: ['Ecological monitoring', 'Management intervention', 'Stakeholders engagement', 'Framework development', 'Rapid assessment'] 

Sorted_Candidate: [['easy-to-use empirical formula'], ['conventional rainfall-based thresholds'], ['coastal urban areas'], ['coastal urban areas'], ['copula-based analysis'], ['compound-flooding formula'], ['compound-flooding events'], ['significant concern'], ['heavy rainfall'], ['storm tides'], ['compound flooding'], ['threat']] 

Candidates_Dedup: ['easy-to-use empirical formula', 'conventional rainfall-based thresholds', 'coastal urban areas', 'copula-based analysis', 'compound-flooding formula', 'compound-flooding events', 'significant concern', 'heavy rainfall', 'storm tides', 'compound flooding', 'threat'] 

TOP-K 126: ['easy-to-use empirical formula', 'conventional rainfall-based thresholds', 'coastal urban areas', 'copula-based analysis', 'compound-flooding formula', 'compound-flooding events', 'significant concern', 'heavy rainfall', 'storm tides', 'compound flooding', 'threat'] 

Reference 126: ['Compound-flooding threshold', 'Coastal urban flooding', 'Copula analysis', 'Flood warning'] 

Sorted_Candidate: [['microplastics'], ['microplastics'], ['microplastics amount'], ['microplastics amount'], ['white stork nest material'], ['polypropylene'], ['polyethylene'], ['nests'], ['nests'], ['meadow coverage'], ['land cover'], ['common types'], ['farming type'], ['cattle density'], ['average'], ['kg'], ['g']] 

Candidates_Dedup: ['microplastics', 'microplastics amount', 'white stork nest material', 'polypropylene', 'polyethylene', 'nests', 'meadow coverage', 'land cover', 'common types', 'farming type', 'cattle density', 'average', 'kg', 'g'] 

TOP-K 127: ['microplastics', 'microplastics amount', 'white stork nest material', 'polypropylene', 'polyethylene', 'nests', 'meadow coverage', 'land cover', 'common types', 'farming type', 'cattle density', 'average', 'kg', 'g'] 

Reference 127: ['Agriculture', 'Environmental pollution', 'FTIR'] 

Sorted_Candidate: [['urban agglomerations'], ['measure carbon emission inequalitiesof urban agglomerations'], ['distant urban agglomerations'], ['cei'], ['cei'], ['yreb increases'], ['rapid urbanization'], ['changes'], ['changes'], ['upper reaches'], ['key factors'], ['energy intensity'], ['ceis'], ['economic development'], ['industrial structure'], ['differences'], ['account']] 

Candidates_Dedup: ['urban agglomerations', 'measure carbon emission inequalitiesof urban agglomerations', 'distant urban agglomerations', 'cei', 'yreb increases', 'rapid urbanization', 'changes', 'upper reaches', 'key factors', 'energy intensity', 'ceis', 'economic development', 'industrial structure', 'differences', 'account'] 

TOP-K 128: [['urban agglomerations'], 'measure carbon emission inequalitiesof urban agglomerations', 'distant urban agglomerations', 'cei', 'yreb increases', 'rapid urbanization', 'changes', 'upper reaches', 'key factors', 'energy intensity', 'ceis', 'economic development', 'industrial structure', 'differences', 'account'] 

Reference 128: ['Carbon emissions', 'City-level carbon inequality', 'Mean logarithmic deviation-index decomposition analysis', 'Urban agglomerations', 'Yangtze River Economic Belt'] 

Sorted_Candidate: [['spec-occu plot'], ['plant community stability'], ['plant community stability'], ['community'], ['light grazing'], ['cohesion'], ['grazing intensity treatment'], ['heavy grazing'], ['soil factors'], ['plant factors'], ['plant species'], ['index'], ['practice'], ['practice']] 

Candidates_Dedup: ['spec-occu plot', 'plant community stability', 'community', 'light grazing', 'cohesion', 'grazing intensity treatment', 'heavy grazing', 'soil factors', 'plant factors', 'plant species', 'index', 'practice'] 

TOP-K 129: ['spec-occu plot', 'plant community stability', 'community', 'light grazing', 'cohesion', 'grazing intensity treatment', 'heavy grazing', 'soil factors', 'plant factors', 'plant species', 'index', 'practice'] 

Reference 129: ['Grazing intensity', 'Average variation degree', 'Cohesion index', 'Indicator species', 'Driving factors', 'Alpine meadow'] 

Sorted_Candidate: [['riverine urban agglomerations'], ['riverine wetland ecosystem health assessment'], ['object-oriented cart model'], ['pressure-state-response model'], ['riverine wetlands'], ['high-resolution identification'], ['riverine wetlands landscape'], ['urbanization'], ['localization'], ['wetlands'], ['establishment'], ['fragmentation'], ['attention'], ['connectivity']] 

Candidates_Dedup: ['riverine urban agglomerations', 'riverine wetland ecosystem health assessment', 'object-oriented cart model', 'pressure-state-response model', 'riverine wetlands', 'high-resolution identification', 'riverine wetlands landscape', 'urbanization', 'localization', 'wetlands', 'establishment', 'fragmentation', 'attention', 'connectivity'] 

TOP-K 130: ['riverine urban agglomerations', 'riverine wetland ecosystem health assessment', 'object-oriented cart model', 'pressure-state-response model', ['riverine wetlands'], 'high-resolution identification', 'riverine wetlands landscape', 'urbanization', 'localization', 'wetlands', 'establishment', 'fragmentation', 'attention', 'connectivity'] 

Reference 130: ['Riverine wetland', 'Urban agglomerations', 'CART', 'Landscape index', 'P-S-R model'] 

Sorted_Candidate: [['ecosystem surfaces'], ['hfi'], ['hfi'], ['different ecosystem surfaces'], ['new classification'], ['spatial distribution'], ['ecosystem surfaces gdp'], ['main factors'], ['differences'], ['level']] 

Candidates_Dedup: ['ecosystem surfaces', 'hfi', 'different ecosystem surfaces', 'new classification', 'spatial distribution', 'ecosystem surfaces gdp', 'main factors', 'differences', 'level'] 

TOP-K 131: [['ecosystem surfaces'], 'hfi', 'different ecosystem surfaces', 'new classification', 'spatial distribution', 'ecosystem surfaces gdp', 'main factors', 'differences', 'level'] 

Reference 131: ['Ecosystem surface', 'Human footprint index', 'Habitat quality', 'Multi-factor knowledge', 'Tree cover'] 

Sorted_Candidate: [['water conservation'], ['water conservation'], ['water conservation'], ['socio-economic determinants'], ['coastal areasfollows'], ['water conservation capacity'], ['water conservation capacity'], ['evergreen coniferous forests'], ['pearl river delta'], ['high-value areas'], ['areas'], ['marine-terrestrial gradient'], ['southwest coastal areas'], ['spatial differences'], ['significant patterns'], ['natural factors'], ['china'], ['south'], ['pattern'], ['north'], ['km'], ['coastline']] 

Candidates_Dedup: ['water conservation', 'socio-economic determinants', 'coastal areasfollows', 'water conservation capacity', 'evergreen coniferous forests', 'pearl river delta', 'high-value areas', 'areas', 'marine-terrestrial gradient', 'southwest coastal areas', 'spatial differences', 'significant patterns', 'natural factors', 'china', 'south', 'pattern', 'north', 'km', 'coastline'] 

TOP-K 132: [['water conservation'], 'socio-economic determinants', 'coastal areasfollows', 'water conservation capacity', 'evergreen coniferous forests', 'pearl river delta', 'high-value areas', 'areas', 'marine-terrestrial gradient', 'southwest coastal areas', 'spatial differences', 'significant patterns', 'natural factors', 'china', 'south'] 

Reference 132: ['Water Conservation', 'Ecosystem Services', 'Spatiotemporal Changes', 'Coastal Regions'] 

Sorted_Candidate: [['wild bees'], ['wild bees'], ['wild bees'], ['non-bee insects'], ['insects'], ['insects'], ['pasture plots'], ['diverse communities'], ['plots'], ['sheep grazing'], ['diversity'], ['diversity'], ['livestock pastures'], ['community'], ['abundance']] 

Candidates_Dedup: ['wild bees', 'non-bee insects', 'insects', 'pasture plots', 'diverse communities', 'plots', 'sheep grazing', 'diversity', 'livestock pastures', 'community', 'abundance'] 

TOP-K 133: [['wild bees'], 'non-bee insects', 'insects', 'pasture plots', 'diverse communities', 'plots', ['sheep grazing'], 'diversity', 'livestock pastures', 'community', 'abundance'] 

Reference 133: ['Pasture management', 'Biodiversity', 'Wild bees', 'Species richness', 'Pollinators', 'Sheep grazing'] 

Sorted_Candidate: [['resilience'], ['resilience'], ['resilience'], ['ecosystem stability'], ['ecosystem stability'], ['high spatial heterogeneity'], ['ecosystem stability indicators'], ['ecosystem stability indicators'], ['medium'], ['medium'], ['low levels'], ['high levels'], ['socioeconomic factors'], ['land use types'], ['important role'], ['human activities'], ['distribution'], ['resistance']] 

Candidates_Dedup: ['resilience', 'ecosystem stability', 'high spatial heterogeneity', 'ecosystem stability indicators', 'medium', 'low levels', 'high levels', 'socioeconomic factors', 'land use types', 'important role', 'human activities', 'distribution', 'resistance'] 

TOP-K 134: [['resilience'], ['ecosystem stability'], 'high spatial heterogeneity', 'ecosystem stability indicators', 'medium', 'low levels', 'high levels', 'socioeconomic factors', 'land use types', 'important role', 'human activities', 'distribution', ['resistance']] 

Reference 134: ['Resistance', 'Resilience', 'Ecosystem stability', 'Influencing factors', 'Land use/land cover', 'The Agro- pastoral transitional zone'] 

Sorted_Candidate: [['flood risk'], ['flood risk'], ['planning-scale flood risk assessment'], ['hong kong'], ['flood risk management'], ['temporal patterns'], ['uneven patterns'], ['coastal areas'], ['urban planning'], ['impacts'], ['buildings'], ['flooding'], ['years'], ['need'], ['units']] 

Candidates_Dedup: ['flood risk', 'planning-scale flood risk assessment', 'hong kong', 'flood risk management', 'temporal patterns', 'uneven patterns', 'coastal areas', 'urban planning', 'impacts', 'buildings', 'flooding', 'years', 'need', 'units'] 

TOP-K 135: ['flood risk', 'planning-scale flood risk assessment', 'hong kong', 'flood risk management', 'temporal patterns', 'uneven patterns', 'coastal areas', 'urban planning', 'impacts', 'buildings', 'flooding', 'years', 'need', 'units'] 

Reference 135: ['Urban flood', 'Risk assessment', 'Climate change', 'High-density city', 'Urban vulnerability', 'Planning units'] 

Sorted_Candidate: [['sulfur bioavailability'], ['sulfur bioavailability'], ['sulfur bioavailability'], ['long-term paddy field cultivation'], ['saline-sodic wasteland'], ['long-term paddy cultivation'], ['inorganic sulfur fractions'], ['inorganic sulfur adsorption'], ['salinization'], ['soil mineralization'], ['tp'], ['crucial mechanisms'], ['soil properties'], ['organic amendments'], ['tn'], ['soc']] 

Candidates_Dedup: ['sulfur bioavailability', 'long-term paddy field cultivation', 'saline-sodic wasteland', 'long-term paddy cultivation', 'inorganic sulfur fractions', 'inorganic sulfur adsorption', 'salinization', 'soil mineralization', 'tp', 'crucial mechanisms', 'soil properties', 'organic amendments', 'tn', 'soc'] 

TOP-K 136: [['sulfur bioavailability'], 'long-term paddy field cultivation', ['saline-sodic wasteland'], 'long-term paddy cultivation', 'inorganic sulfur fractions', 'inorganic sulfur adsorption', 'salinization', 'soil mineralization', 'tp', 'crucial mechanisms', 'soil properties', 'organic amendments', 'tn', 'soc'] 

Reference 136: ['Saline-sodic wasteland', 'Rice cultivation', 'Sulfur bioavailability', 'Soil salinization reduction'] 

Sorted_Candidate: [['first broad-scale marbled murrelet call phenology study'], ['passive acoustic monitoringdetects rare/cryptic species'], ['marbled murrelet research'], ['marbled murrelets'], ['convolutional neural networkto'], ['pnw-cnet'], ['monitoring'], ['powerful tools'], ['pam'], ['pam'], ['landscapes']] 

Candidates_Dedup: ['first broad-scale marbled murrelet call phenology study', 'passive acoustic monitoringdetects rare/cryptic species', 'marbled murrelet research', 'marbled murrelets', 'convolutional neural networkto', 'pnw-cnet', 'monitoring', 'powerful tools', 'pam', 'landscapes'] 

TOP-K 137: ['first broad-scale marbled murrelet call phenology study', 'passive acoustic monitoringdetects rare/cryptic species', 'marbled murrelet research', 'marbled murrelets', 'convolutional neural networkto', 'pnw-cnet', 'monitoring', 'powerful tools', 'pam', 'landscapes'] 

Reference 137: ['Bioacoustics', 'Convolutional neural network', 'Brachyramphus marmoratus', 'Machine learning', 'Passive acoustic monitoring'] 

Sorted_Candidate: [['rural housing-industry transformation'], ['rural housing-industry transformation'], ['rural housing-industry transformation process'], ['tgra'], ['tgra'], ['complex adaptability system theory'], ['china'], ['pattern'], ['pattern'], ['general laws'], ['policy suggestions'], ['paper']] 

Candidates_Dedup: ['rural housing-industry transformation', 'rural housing-industry transformation process', 'tgra', 'complex adaptability system theory', 'china', 'pattern', 'general laws', 'policy suggestions', 'paper'] 

TOP-K 138: ['rural housing-industry transformation', 'rural housing-industry transformation process', 'tgra', 'complex adaptability system theory', 'china', 'pattern', 'general laws', 'policy suggestions', 'paper'] 

Reference 138: ['Housing-industry transformation', 'Sustainable rural development', 'Complex adaptive system', 'Revitalization path', 'Three Gorges Reservoir Area'] 

Sorted_Candidate: [['agro-waste'], ['agro-weeds'], ['physical-mechanical properties'], ['granules'], ['granules'], ['new materials'], ['new materials'], ['sulphur'], ['shavings'], ['granulated waste'], ['significant impact'], ['agricultural materials'], ['plant stimulation'], ['detailed studies'], ['calcium'], ['soil']] 

Candidates_Dedup: ['agro-waste', 'agro-weeds', 'physical-mechanical properties', 'granules', 'new materials', 'sulphur', 'shavings', 'granulated waste', 'significant impact', 'agricultural materials', 'plant stimulation', 'detailed studies', 'calcium', 'soil'] 

TOP-K 139: ['agro-waste', 'agro-weeds', 'physical-mechanical properties', ['granules'], 'new materials', 'sulphur', 'shavings', 'granulated waste', 'significant impact', 'agricultural materials', 'plant stimulation', 'detailed studies', 'calcium', 'soil'] 

Reference 139: ['Granulates', 'Disc granulation', 'Protein waste', 'Enzyme activity', 'Phytotoxicity'] 

Sorted_Candidate: [['co-creation'], ['ces'], ['co-creation methodologies'], ['comprehensive ces assessment'], ['tiered approach'], ['stakeholder inclusion'], ['ces features'], ['holistic understanding'], ['reunion island'], ['local municipality'], ['integral part'], ['tiers'], ['individual methods'], ['assessment'], ['methods'], ['capacity'], ['flow'], ['combination'], ['results']] 

Candidates_Dedup: ['co-creation', 'ces', 'co-creation methodologies', 'comprehensive ces assessment', 'tiered approach', 'stakeholder inclusion', 'ces features', 'holistic understanding', 'reunion island', 'local municipality', 'integral part', 'tiers', 'individual methods', 'assessment', 'methods', 'capacity', 'flow', 'combination', 'results'] 

TOP-K 140: ['co-creation', 'ces', 'co-creation methodologies', 'comprehensive ces assessment', 'tiered approach', 'stakeholder inclusion', 'ces features', 'holistic understanding', 'reunion island', 'local municipality', 'integral part', 'tiers', 'individual methods', 'assessment', 'methods'] 

Reference 140: ['PGIS', 'Socio-cultural assessment', 'Coastal communities', 'Island', 'Outermost regions'] 

Sorted_Candidate: [['pioneers integrative es'], ['es interactions hotspots'], ['sustainable ecosystem service enhancement'], ['connectivity zones'], ['novel method key areas'], ['critical connectivity zones'], ['key mediators'], ['connectivity'], ['actionable insights'], ['soil erosion control'], ['study area'], ['es'], ['natural habitats'], ['network analysis'], ['carbon storage'], ['study'], ['interactions'], ['pollination'], ['land managers'], ['shrublands'], ['agricultural landscapes'], ['various es'], ['results'], ['landscape'], ['grasslands'], ['wetlands']] 

Candidates_Dedup: ['pioneers integrative es', 'es interactions hotspots', 'sustainable ecosystem service enhancement', 'connectivity zones', 'novel method key areas', 'critical connectivity zones', 'key mediators', 'connectivity', 'actionable insights', 'soil erosion control', 'study area', 'es', 'natural habitats', 'network analysis', 'carbon storage', 'study', 'interactions', 'pollination', 'land managers', 'shrublands', 'agricultural landscapes', 'various es', 'results', 'landscape', 'grasslands', 'wetlands'] 

TOP-K 141: ['pioneers integrative es', 'es interactions hotspots', 'sustainable ecosystem service enhancement', 'connectivity zones', 'novel method key areas', 'critical connectivity zones', 'key mediators', 'connectivity', 'actionable insights', 'soil erosion control', 'study area', 'es', 'natural habitats', ['network analysis'], 'carbon storage'] 

Reference 141: ['Ecosystem services', 'Functional connectivity', 'Spatial modeling', 'ARIES', 'In', 'VEST', 'Network analysis', 'Landscape', 'Land use'] 

Sorted_Candidate: [['flood mitigation ecosystem service'], ['hydrodynamic models'], ['mechanistic modeling method'], ['quantification'], ['mechanistic models'], ['ecosystem service flows'], ['service flows'], ['supply part'], ['linkages'], ['accurate basis'], ['flood'], ['benefit part'], ['promise'], ['potential'], ['coupling'], ['account']] 

Candidates_Dedup: ['flood mitigation ecosystem service', 'hydrodynamic models', 'mechanistic modeling method', 'quantification', 'mechanistic models', 'ecosystem service flows', 'service flows', 'supply part', 'linkages', 'accurate basis', 'flood', 'benefit part', 'promise', 'potential', 'coupling', 'account'] 

TOP-K 142: ['flood mitigation ecosystem service', 'hydrodynamic models', 'mechanistic modeling method', 'quantification', 'mechanistic models', 'ecosystem service flows', 'service flows', 'supply part', 'linkages', 'accurate basis', 'flood', 'benefit part', 'promise', 'potential', 'coupling'] 

Reference 142: ['Flood mitigation service', 'Flood peak flow', 'Flood volume', 'Flood inundation area', 'Hydrologic Simulation Program FORTRAN', 'Environmental Fluid Dynamics Code'] 

Sorted_Candidate: [['ecosystem servicesin austria'], ['climate change'], ['climate change'], ['south-eastern regions'], ['potential impacts'], ['different governance levels'], ['western mountain regions'], ['cultural es'], ['es'], ['es'], ['findings']] 

Candidates_Dedup: ['ecosystem servicesin austria', 'climate change', 'south-eastern regions', 'potential impacts', 'different governance levels', 'western mountain regions', 'cultural es', 'es', 'findings'] 

TOP-K 143: ['ecosystem servicesin austria', 'climate change', 'south-eastern regions', 'potential impacts', 'different governance levels', 'western mountain regions', 'cultural es', 'es', 'findings'] 

Reference 143: ['Global warming', 'Nature¡¯s contributions to people', 'Biogeographical regions', 'Spatial patterns', 'Mapping', 'Mountain regions'] 

Sorted_Candidate: [['equitable access'], ['equitable access'], ['ei'], ['biodiversity features'], ['biodiversity features'], ['costly prioritisations'], ['ecosystem services'], ['ecosystem services'], ['ecological infrastructureis'], ['explicit consideration'], ['conservation'], ['overall benefits'], ['useful approach'], ['splitting input'], ['conservation plans'], ['benefits'], ['planning'], ['planning'], ['people'], ['nature'], ['targets'], ['units']] 

Candidates_Dedup: ['equitable access', 'ei', 'biodiversity features', 'costly prioritisations', 'ecosystem services', 'ecological infrastructureis', 'explicit consideration', 'conservation', 'overall benefits', 'useful approach', 'splitting input', 'conservation plans', 'benefits', 'planning', 'people', 'nature', 'targets', 'units'] 

TOP-K 144: [['equitable access'], 'ei', 'biodiversity features', 'costly prioritisations', 'ecosystem services', 'ecological infrastructureis', 'explicit consideration', 'conservation', 'overall benefits', 'useful approach', 'splitting input', 'conservation plans', 'benefits', 'planning', 'people'] 

Reference 144: ['Ecological Infrastructure', 'Spatial prioritisation', 'Scenario planning', 'Marxan', 'Equitable access', 'Recreation', 'Coastal protection'] 

Sorted_Candidate: [['comprehensive approach aids decision-making'], ['floodplains'], ['floodplains'], ['interdependent es'], ['serbia new insights'], ['fuzzy cognitive mapping'], ['wastewater pressure'], ['novel integration'], ['negative impact'], ['management strategies'], ['visualization'], ['case study'], ['water quality'], ['collaborative learning'], ['ecosystem services'], ['scenarios'], ['es'], ['pressures']] 

Candidates_Dedup: ['comprehensive approach aids decision-making', 'floodplains', 'interdependent es', 'serbia new insights', 'fuzzy cognitive mapping', 'wastewater pressure', 'novel integration', 'negative impact', 'management strategies', 'visualization', 'case study', 'water quality', 'collaborative learning', 'ecosystem services', 'scenarios', 'es', 'pressures'] 

TOP-K 145: ['comprehensive approach aids decision-making', ['floodplains'], 'interdependent es', 'serbia new insights', 'fuzzy cognitive mapping', 'wastewater pressure', 'novel integration', 'negative impact', 'management strategies', 'visualization', 'case study', 'water quality', 'collaborative learning', ['ecosystem services'], 'scenarios'] 

Reference 145: ['Ecosystem services', 'Fuzzy-cognitive modeling and mapping', 'Spatial visualization', 'Stakeholders¡¯ perspective', 'Floodplains', 'Koviljsko-petrovaradinski rit'] 

Sorted_Candidate: [['land-cover elasticity'], ['land-cover elasticity'], ['large land-use changes'], ['ecosystem service values'], ['constant ecosystem service values'], ['ecosystem service value'], ['changes'], ['changes'], ['theoretical evidence'], ['economical point'], ['natural capital'], ['opportunity costs'], ['view'], ['hectare'], ['correction']] 

Candidates_Dedup: ['land-cover elasticity', 'large land-use changes', 'ecosystem service values', 'constant ecosystem service values', 'ecosystem service value', 'changes', 'theoretical evidence', 'economical point', 'natural capital', 'opportunity costs', 'view', 'hectare', 'correction'] 

TOP-K 146: ['land-cover elasticity', 'large land-use changes', 'ecosystem service values', 'constant ecosystem service values', 'ecosystem service value', 'changes', 'theoretical evidence', 'economical point', 'natural capital', 'opportunity costs', 'view', 'hectare', 'correction'] 

Reference 146: ['Endogenous ecosystem service value coefficients', 'Unit value benefit transfer', 'Environmental valuation', 'Scarcity', 'Inverse demand functions', 'Land use change'] 

Sorted_Candidate: [['site-specific ecosystem service assessment tool tessa'], ['ecosystem service benefits'], ['ecosystem service benefits'], ['many ecosystem service benefits'], ['local stakeholder involvement'], ['disadvantageous societal consequences'], ['woodland creation scenario'], ['society'], ['society'], ['society'], ['uplands'], ['woodlands'], ['woodlands'], ['upland areas'], ['scenario'], ['uk'], ['assessment'], ['local stakeholders'], ['livestock production'], ['findings'], ['concerns'], ['study']] 

Candidates_Dedup: ['site-specific ecosystem service assessment tool tessa', 'ecosystem service benefits', 'many ecosystem service benefits', 'local stakeholder involvement', 'disadvantageous societal consequences', 'woodland creation scenario', 'society', 'uplands', 'woodlands', 'upland areas', 'scenario', 'uk', 'assessment', 'local stakeholders', 'livestock production', 'findings', 'concerns', 'study'] 

TOP-K 147: ['site-specific ecosystem service assessment tool tessa', 'ecosystem service benefits', 'many ecosystem service benefits', 'local stakeholder involvement', 'disadvantageous societal consequences', 'woodland creation scenario', 'society', ['uplands'], 'woodlands', 'upland areas', 'scenario', 'uk', 'assessment', 'local stakeholders', 'livestock production'] 

Reference 147: ['Ecosystem services', 'Woodland creation', 'Landscape', 'Uplands', 'Afforestation'] 

Sorted_Candidate: [['state-of-the-art methodologies'], ['empirical research agenda'], ['stated preference methods'], ['wetland valuations'], ['benefits transfer studies'], ['wetland ecosystems'], ['valuation studies'], ['marine wetland ecosystems'], ['stateshave'], ['reliability testing'], ['sids'], ['preference'], ['small island'], ['services'], ['scope'], ['improvements'], ['range'], ['validity'], ['areas'], ['sampling']] 

Candidates_Dedup: ['state-of-the-art methodologies', 'empirical research agenda', 'stated preference methods', 'wetland valuations', 'benefits transfer studies', 'wetland ecosystems', 'valuation studies', 'marine wetland ecosystems', 'stateshave', 'reliability testing', 'sids', 'preference', 'small island', 'services', 'scope', 'improvements', 'range', 'validity', 'areas', 'sampling'] 

TOP-K 148: ['state-of-the-art methodologies', 'empirical research agenda', 'stated preference methods', 'wetland valuations', 'benefits transfer studies', 'wetland ecosystems', 'valuation studies', 'marine wetland ecosystems', 'stateshave', 'reliability testing', 'sids', 'preference', 'small island', 'services', 'scope'] 

Reference 148: ['Ecosystem services', 'State-of-the-art guidelines', 'Small Island Developing States', 'Validity and reliability'] 

Sorted_Candidate: [['services'], ['services'], ['services'], ['services'], ['ecosystem services'], ['climate changes'], ['critical ecological assets'], ['current applications'], ['common root'], ['adaptation'], ['biodiversity'], ['perspective'], ['key words'], ['globe'], ['assessment'], ['water'], ['health'], ['challenges'], ['research']] 

Candidates_Dedup: ['services', 'ecosystem services', 'climate changes', 'critical ecological assets', 'current applications', 'common root', 'adaptation', 'biodiversity', 'perspective', 'key words', 'globe', 'assessment', 'water', 'health', 'challenges', 'research'] 

TOP-K 149: ['services', 'ecosystem services', 'climate changes', ['critical ecological assets'], 'current applications', 'common root', 'adaptation', 'biodiversity', 'perspective', 'key words', 'globe', 'assessment', 'water', 'health', 'challenges'] 

Reference 149: ['Rainfall pattern regulation', 'Biomimicry', 'Zoonotic disease control', 'Critical ecological asset'] 

Sorted_Candidate: [['clss'], ['clss'], ['clss'], ['novel systematic framework'], ['explainable machine learning'], ['landscape aesthetics'], ['cultural landscape services'], ['sentiments'], ['sentiments'], ['positive sentiments'], ['visitors'], ['visitors'], ['associations'], ['relative importance']] 

Candidates_Dedup: ['clss', 'novel systematic framework', 'explainable machine learning', 'landscape aesthetics', 'cultural landscape services', 'sentiments', 'positive sentiments', 'visitors', 'associations', 'relative importance'] 

TOP-K 150: ['clss', 'novel systematic framework', 'explainable machine learning', 'landscape aesthetics', 'cultural landscape services', 'sentiments', 'positive sentiments', 'visitors', 'associations', 'relative importance'] 

Reference 150: ['Landscape services', 'Social media', 'Natural language processing', 'Machine learning', 'Decision tree'] 

Sorted_Candidate: [['linear elements'], ['linear elements'], ['linear elements'], ['linear elements'], ['agroecosystems'], ['agri-environmental measures'], ['cultural es'], ['cultural es supply'], ['es supply'], ['modelling changes'], ['several agricultural practices'], ['typeand'], ['es'], ['high supply'], ['landscape'], ['level'], ['effectiveness'], ['conditions'], ['share'], ['effects']] 

Candidates_Dedup: ['linear elements', 'agroecosystems', 'agri-environmental measures', 'cultural es', 'cultural es supply', 'es supply', 'modelling changes', 'several agricultural practices', 'typeand', 'es', 'high supply', 'landscape', 'level', 'effectiveness', 'conditions', 'share', 'effects'] 

TOP-K 151: ['linear elements', 'agroecosystems', 'agri-environmental measures', 'cultural es', 'cultural es supply', 'es supply', 'modelling changes', 'several agricultural practices', 'typeand', 'es', 'high supply', 'landscape', 'level', 'effectiveness', 'conditions'] 

Reference 151: ['Agri-environmental schemes', 'Field margins', 'Buffer strips', 'Agricultural practices, modelling', 'Scenarios'] 

Sorted_Candidate: [['remote sensing-based low-resolution satellite images'], ['quantification'], ['i-tree eco tool'], ['air emissions'], ['ecosystem service'], ['global south'], ['relevant data'], ['trees'], ['trees'], ['ability'], ['cities'], ['absence'], ['approach']] 

Candidates_Dedup: ['remote sensing-based low-resolution satellite images', 'quantification', 'i-tree eco tool', 'air emissions', 'ecosystem service', 'global south', 'relevant data', 'trees', 'ability', 'cities', 'absence', 'approach'] 

TOP-K 152: ['remote sensing-based low-resolution satellite images', 'quantification', 'i-tree eco tool', 'air emissions', ['ecosystem service'], 'global south', 'relevant data', 'trees', 'ability', 'cities', 'absence', 'approach'] 

Reference 152: ['i-Tree Eco', 'Remote sensing', 'Pollution removal', 'Carbon sequestration', 'Ecosystem services'] 

Sorted_Candidate: [['spatial linkages'], ['ecosystem services flows'], ['landscape planning'], ['flows'], ['ecosystem characteristics'], ['ecosystem boundaries'], ['field data'], ['ecosystems'], ['ecosystems'], ['times'], ['humans'], ['distance'], ['service'], ['areas']] 

Candidates_Dedup: ['spatial linkages', 'ecosystem services flows', 'landscape planning', 'flows', 'ecosystem characteristics', 'ecosystem boundaries', 'field data', 'ecosystems', 'times', 'humans', 'distance', 'service', 'areas'] 

TOP-K 153: ['spatial linkages', ['ecosystem services flows'], 'landscape planning', 'flows', 'ecosystem characteristics', 'ecosystem boundaries', 'field data', 'ecosystems', 'times', 'humans', 'distance', 'service', 'areas'] 

Reference 153: ['Church forests', 'Wetlands', 'Remote sensing', 'Ecosystem service flows', 'GAM', 'Ms', 'Spatial decay'] 

Sorted_Candidate: [['multifunctionality'], ['ecosystem service multifunctionality'], ['trade-offs'], ['ecosystem services'], ['ecosystem services'], ['urban edge areas'], ['green belt zones'], ['green belt policy'], ['significant variation'], ['areas'], ['potential development'], ['notable supplies'], ['benefits'], ['nature'], ['claims']] 

Candidates_Dedup: ['multifunctionality', 'ecosystem service multifunctionality', 'trade-offs', 'ecosystem services', 'urban edge areas', 'green belt zones', 'green belt policy', 'significant variation', 'areas', 'potential development', 'notable supplies', 'benefits', 'nature', 'claims'] 

TOP-K 154: [['multifunctionality'], 'ecosystem service multifunctionality', 'trade-offs', ['ecosystem services'], 'urban edge areas', 'green belt zones', 'green belt policy', 'significant variation', 'areas', 'potential development', 'notable supplies', 'benefits', 'nature', 'claims'] 

Reference 154: ['Landscape Planning', 'Multifunctionality', 'Planning Policy', 'Ecosystem Services', 'In', 'VEST', 'Peri-Urban'] 

Sorted_Candidate: [['conservation preferences'], ['conservation preferences'], ['non-use values'], ['positive conservation policy outcomes'], ['common pitfalls'], ['proxy conservation preferences'], ['individual conservation preferences'], ['significant challenge'], ['case study'], ['northeastern namibia'], ['method'], ['method'], ['method'], ['context'], ['measurement']] 

Candidates_Dedup: ['conservation preferences', 'non-use values', 'positive conservation policy outcomes', 'common pitfalls', 'proxy conservation preferences', 'individual conservation preferences', 'significant challenge', 'case study', 'northeastern namibia', 'method', 'context', 'measurement'] 

TOP-K 155: [['conservation preferences'], 'non-use values', 'positive conservation policy outcomes', 'common pitfalls', 'proxy conservation preferences', 'individual conservation preferences', 'significant challenge', 'case study', 'northeastern namibia', 'method', 'context', 'measurement'] 

Reference 155: ['Conservation preferences', 'Conservation policy', 'Donations', 'Contingent valuation', 'Deliberative monetary valuation', 'Hypothetical bias'] 

Sorted_Candidate: [['es co-production'], ['trade-offs'], ['argument analysis methodology'], ['social systems'], ['aquatic es'], ['es'], ['es valuation'], ['management'], ['stakeholders'], ['governance'], ['arguments'], ['link'], ['concept'], ['diversity'], ['values']] 

Candidates_Dedup: ['es co-production', 'trade-offs', 'argument analysis methodology', 'social systems', 'aquatic es', 'es', 'es valuation', 'management', 'stakeholders', 'governance', 'arguments', 'link', 'concept', 'diversity', 'values'] 

TOP-K 156: ['es co-production', 'trade-offs', 'argument analysis methodology', 'social systems', 'aquatic es', 'es', 'es valuation', 'management', 'stakeholders', 'governance', ['arguments'], 'link', 'concept', 'diversity', 'values'] 

Reference 156: ['Ecosystem services co-production', 'Aquatic ecosystem services', 'Arguments', 'Hydropower', 'Nature¡¯s contributions to people'] 

Sorted_Candidate: [['mesopelagic layer'], ['mesopelagic layer'], ['mesopelagic fishes'], ['mesopelagic fishes'], ['ecosystem services'], ['ecosystem services'], ['ecosystem services'], ['mesopelagic ecosystem'], ['sea layer offers'], ['single stock scope'], ['sustainable harvest rates'], ['trade-offs'], ['ecosystem services valuation'], ['big uncertainty'], ['understanding'], ['exploitation']] 

Candidates_Dedup: ['mesopelagic layer', 'mesopelagic fishes', 'ecosystem services', 'mesopelagic ecosystem', 'sea layer offers', 'single stock scope', 'sustainable harvest rates', 'trade-offs', 'ecosystem services valuation', 'big uncertainty', 'understanding', 'exploitation'] 

TOP-K 157: ['mesopelagic layer', 'mesopelagic fishes', ['ecosystem services'], 'mesopelagic ecosystem', 'sea layer offers', 'single stock scope', 'sustainable harvest rates', 'trade-offs', 'ecosystem services valuation', 'big uncertainty', 'understanding', 'exploitation'] 

Reference 157: ['Mesopelagics', 'Economics', 'Valuation', 'Fishing', 'Ecosystem services', 'Uncertainty'] 

Sorted_Candidate: [['peak-cluster-depression agroforestry development idea'], ['agroforestry systems'], ['fragile karst desertification areas'], ['desertification'], ['integrated manner'], ['functional biodiversity characteristics'], ['biodiversity'], ['ecological restoration'], ['ecosystem services'], ['implications'], ['review'], ['relationships'], ['evidence']] 

Candidates_Dedup: ['peak-cluster-depression agroforestry development idea', 'agroforestry systems', 'fragile karst desertification areas', 'desertification', 'integrated manner', 'functional biodiversity characteristics', 'biodiversity', 'ecological restoration', 'ecosystem services', 'implications', 'review', 'relationships', 'evidence'] 

TOP-K 158: ['peak-cluster-depression agroforestry development idea', 'agroforestry systems', 'fragile karst desertification areas', 'desertification', 'integrated manner', 'functional biodiversity characteristics', 'biodiversity', ['ecological restoration'], 'ecosystem services', 'implications', 'review', 'relationships', 'evidence'] 

Reference 158: ['Agroforestry', 'Ecological restoration', 'Functional diversity', 'Plant traits', 'Species richness', 'Taxonomic diversity'] 

Sorted_Candidate: [['auroral ecosystem servicesand ecosystem disservices'], ['auroral ecosystem services'], ['disservices'], ['initial cices classification'], ['socio-ecological systems'], ['exosystem services'], ['appraisal'], ['analysismethod'], ['systematic review'], ['novel introduction'], ['auroral es'], ['multiple opportunities'], ['decision making'], ['space environment'], ['academic literature'], ['future research'], ['review'], ['management'], ['flows'], ['inventory'], ['search'], ['synthesis']] 

Candidates_Dedup: ['auroral ecosystem servicesand ecosystem disservices', 'auroral ecosystem services', 'disservices', 'initial cices classification', 'socio-ecological systems', 'exosystem services', 'appraisal', 'analysismethod', 'systematic review', 'novel introduction', 'auroral es', 'multiple opportunities', 'decision making', 'space environment', 'academic literature', 'future research', 'review', 'management', 'flows', 'inventory', 'search', 'synthesis'] 

TOP-K 159: ['auroral ecosystem servicesand ecosystem disservices', 'auroral ecosystem services', 'disservices', 'initial cices classification', 'socio-ecological systems', 'exosystem services', 'appraisal', 'analysismethod', 'systematic review', 'novel introduction', 'auroral es', 'multiple opportunities', 'decision making', 'space environment', 'academic literature'] 

Reference 159: ['Aurora', 'Aurora borealis', 'Northern lights', 'Systematic literature review', 'Ecosystem services', 'Space weather'] 

Sorted_Candidate: [['nurse aides'], ['nurse aides'], ['nursing aides'], ['unique exposures'], ['multi-floors'], ['home healthcare workers'], ['verbal abuse'], ['repositioning'], ['limited ventilation'], ['nurses'], ['nurses'], ['home'], ['healthcare system'], ['eventsas'], ['patients'], ['patients'], ['events'], ['patient'], ['condensed rooms'], ['patient handling'], ['physical tasks'], ['kingdom'], ['design'], ['homes'], ['visit'], ['bed'], ['study'], ['results']] 

Candidates_Dedup: ['nurse aides', 'nursing aides', 'unique exposures', 'multi-floors', 'home healthcare workers', 'verbal abuse', 'repositioning', 'limited ventilation', 'nurses', 'home', 'healthcare system', 'eventsas', 'patients', 'events', 'patient', 'condensed rooms', 'patient handling', 'physical tasks', 'kingdom', 'design', 'homes', 'visit', 'bed', 'study', 'results'] 

TOP-K 160: [['nurse aides'], ['nursing aides'], 'unique exposures', 'multi-floors', 'home healthcare workers', 'verbal abuse', 'repositioning', 'limited ventilation', ['nurses'], 'home', 'healthcare system', 'eventsas', 'patients', 'events', 'patient'] 

Reference 160: ['Home healthcare', 'Nurses', 'Nurse aides', 'Occupational exposures'] 

Sorted_Candidate: [['stroke care system'], ['stroke care system'], ['system'], ['functional approach'], ['unacceptable outcomes'], ['variability'], ['variability'], ['stroke patients'], ['study'], ['role'], ['transition'], ['discharge'], ['complexity'], ['sources'], ['solutions'], ['treatment']] 

Candidates_Dedup: ['stroke care system', 'system', 'functional approach', 'unacceptable outcomes', 'variability', 'stroke patients', 'study', 'role', 'transition', 'discharge', 'complexity', 'sources', 'solutions', 'treatment'] 

TOP-K 161: [['stroke care system'], 'system', 'functional approach', 'unacceptable outcomes', 'variability', 'stroke patients', 'study', 'role', 'transition', 'discharge', ['complexity'], 'sources', 'solutions', 'treatment'] 

Reference 161: ['Stroke care system', 'Complexity', 'Functional modelling', 'Functional variability, health care professionals'] 

Sorted_Candidate: [['kta-sprint'], ['multi-methods approach'], ['digital health platform'], ['usability issues'], ['dhp'], ['translation'], ['translation'], ['design testing'], ['design requirements'], ['early identification'], ['appropriateness'], ['product development'], ['acceptability'], ['dhps'], ['designs'], ['fidelity'], ['equity'], ['adoption']] 

Candidates_Dedup: ['kta-sprint', 'multi-methods approach', 'digital health platform', 'usability issues', 'dhp', 'translation', 'design testing', 'design requirements', 'early identification', 'appropriateness', 'product development', 'acceptability', 'dhps', 'designs', 'fidelity', 'equity', 'adoption'] 

TOP-K 162: ['kta-sprint', 'multi-methods approach', 'digital health platform', 'usability issues', 'dhp', 'translation', 'design testing', 'design requirements', 'early identification', 'appropriateness', 'product development', 'acceptability', 'dhps', 'designs', 'fidelity'] 

Reference 162: ['Informal caregivers', 'Chronic disease management', 'Usability testingm', 'Health', 'Heart failure', 'Dyadic shared care'] 

Sorted_Candidate: [['operation room nurses'], ['multiple simultaneous responsibilities'], ['surgical instrument counting'], ['surgical procedures'], ['workload'], ['techniques'], ['support'], ['technology']] 

Candidates_Dedup: ['operation room nurses', 'multiple simultaneous responsibilities', 'surgical instrument counting', 'surgical procedures', 'workload', 'techniques', 'support', 'technology'] 

TOP-K 163: ['operation room nurses', 'multiple simultaneous responsibilities', ['surgical instrument counting'], 'surgical procedures', 'workload', 'techniques', 'support', ['technology']] 

Reference 163: ['Surgical instrument counting', 'Workflow', 'Efficiency', 'Technology'] 

Sorted_Candidate: [['handoff'], ['most-relevant information'], ['patient handoffs'], ['excess cognitive load'], ['ep cognitive load'], ['handoff procedures'], ['disposition'], ['emergency departments'], ['state'], ['state'], ['patient disposition'], ['eps'], ['eps'], ['potential measure'], ['load transfers'], ['patients']] 

Candidates_Dedup: ['handoff', 'most-relevant information', 'patient handoffs', 'excess cognitive load', 'ep cognitive load', 'handoff procedures', 'disposition', 'emergency departments', 'state', 'patient disposition', 'eps', 'potential measure', 'load transfers', 'patients'] 

TOP-K 164: ['handoff', 'most-relevant information', 'patient handoffs', 'excess cognitive load', 'ep cognitive load', 'handoff procedures', 'disposition', 'emergency departments', 'state', ['patient disposition'], 'eps', 'potential measure', 'load transfers', 'patients'] 

Reference 164: ['Patient disposition', 'End of shift patient handoffs', 'Emergency medicine', 'Workload', 'Qualitative analysis'] 

Sorted_Candidate: [['predictable eye drop delivery'], ['glaucoma'], ['eye drop self-administration'], ['predictable eye drop administration'], ['eye drop delivery challenge'], ['physical barriers'], ['device'], ['device'], ['elderly individuals'], ['features']] 

Candidates_Dedup: ['predictable eye drop delivery', 'glaucoma', 'eye drop self-administration', 'predictable eye drop administration', 'eye drop delivery challenge', 'physical barriers', 'device', 'elderly individuals', 'features'] 

TOP-K 165: ['predictable eye drop delivery', ['glaucoma'], 'eye drop self-administration', 'predictable eye drop administration', 'eye drop delivery challenge', 'physical barriers', 'device', 'elderly individuals', 'features'] 

Reference 165: ['Glaucoma', 'Medical device', 'Eye drops', 'Elderly population', 'Device design', 'Prototype', 'Human factors'] 

Sorted_Candidate: [['medical device development'], ['medical devices'], ['medical devices'], ['usedocuments'], ['regulatory standards'], ['biomedical science'], ['development'], ['lessons'], ['importance'], ['academics'], ['guidance'], ['instructions']] 

Candidates_Dedup: ['medical device development', 'medical devices', 'usedocuments', 'regulatory standards', 'biomedical science', 'development', 'lessons', 'importance', 'academics', 'guidance', 'instructions'] 

TOP-K 166: ['medical device development', 'medical devices', 'usedocuments', ['regulatory standards'], 'biomedical science', 'development', 'lessons', 'importance', 'academics', 'guidance', 'instructions'] 

Reference 166: ['Human factors', 'Regulatory standards', 'Healthcare', 'Normal use'] 

Sorted_Candidate: [['patient'], ['patient'], ['patient'], ['healthcare professionals collaborative work processes'], ['key facilitators'], ['healthcare professional outcomes'], ['seamless transition'], ['home circumstances laws'], ['patient involvement'], ['patient empowerment'], ['organizational factors'], ['system factors'], ['patients'], ['patients'], ['healthcare providers'], ['key carrier'], ['patient routines'], ['care'], ['care'], ['medication information'], ['hospital stay'], ['hospital'], ['kin'], ['trust'], ['policies'], ['levels'], ['knowledge']] 

Candidates_Dedup: ['patient', 'healthcare professionals collaborative work processes', 'key facilitators', 'healthcare professional outcomes', 'seamless transition', 'home circumstances laws', 'patient involvement', 'patient empowerment', 'organizational factors', 'system factors', 'patients', 'healthcare providers', 'key carrier', 'patient routines', 'care', 'medication information', 'hospital stay', 'hospital', 'kin', 'trust', 'policies', 'levels', 'knowledge'] 

TOP-K 167: ['patient', 'healthcare professionals collaborative work processes', 'key facilitators', 'healthcare professional outcomes', 'seamless transition', 'home circumstances laws', 'patient involvement', 'patient empowerment', 'organizational factors', 'system factors', 'patients', 'healthcare providers', 'key carrier', 'patient routines', 'care'] 

Reference 167: ['Multimorbidity', 'SEIPS', 'Transition of care', 'Patient centered care', 'Healthcare professionals'] 

Sorted_Candidate: [['medicare decision-making'], ['medicare decision-making'], ['medicare decision'], ['optimal health insurance plan decision'], ['decision-making tendencies'], ['technology'], ['technology'], ['training support'], ['adults'], ['adults'], ['extant findings'], ['technology utilization'], ['strategies'], ['preferences']] 

Candidates_Dedup: ['medicare decision-making', 'medicare decision', 'optimal health insurance plan decision', 'decision-making tendencies', 'technology', 'training support', 'adults', 'extant findings', 'technology utilization', 'strategies', 'preferences'] 

TOP-K 168: ['medicare decision-making', 'medicare decision', 'optimal health insurance plan decision', 'decision-making tendencies', ['technology'], 'training support', 'adults', 'extant findings', 'technology utilization', 'strategies', 'preferences'] 

Reference 168: ['Medicare', 'Decision-making', 'Older adults', 'Technology', 'Policy'] 

Sorted_Candidate: [['patient stability'], ['patient stability'], ['patient comfort'], ['patient comfort'], ['ipc-concerns'], ['salient feedback'], ['task sequencing'], ['contamination spread'], ['contamination'], ['future research'], ['infection prevention'], ['priorities'], ['priorities'], ['average'], ['results'], ['nurses']] 

Candidates_Dedup: ['patient stability', 'patient comfort', 'ipc-concerns', 'salient feedback', 'task sequencing', 'contamination spread', 'contamination', 'future research', 'infection prevention', 'priorities', 'average', 'results', 'nurses'] 

TOP-K 169: ['patient stability', 'patient comfort', 'ipc-concerns', 'salient feedback', ['task sequencing'], 'contamination spread', 'contamination', 'future research', ['infection prevention'], 'priorities', 'average', 'results', ['nurses']] 

Reference 169: ['Task sequencing', 'Patient care', 'Infection prevention', 'High-fidelity simulation', 'Nursing'] 

Sorted_Candidate: [['non-native institution'], ['barriers'], ['barriers'], ['workflow disruption'], ['technology acceptance model'], ['adoption'], ['adoption'], ['multiple systems'], ['widespread adoption'], ['device design'], ['acceptance'], ['institution'], ['new devices'], ['consideration']] 

Candidates_Dedup: ['non-native institution', 'barriers', 'workflow disruption', 'technology acceptance model', 'adoption', 'multiple systems', 'widespread adoption', 'device design', 'acceptance', 'institution', 'new devices', 'consideration'] 

TOP-K 170: ['non-native institution', 'barriers', 'workflow disruption', 'technology acceptance model', 'adoption', 'multiple systems', 'widespread adoption', 'device design', 'acceptance', 'institution', 'new devices', 'consideration'] 

Reference 170: ['Medication error', 'Organizational tools', 'Instrument design', 'Technology acceptance'] 

Sorted_Candidate: [['professional development opportunities'], ['ongoing competency assessments'], ['nurses'], ['nurses'], ['deficits'], ['vap prevention measures'], ['educational opportunities'], ['lack'], ['study'], ['knowledge'], ['confidence']] 

Candidates_Dedup: ['professional development opportunities', 'ongoing competency assessments', 'nurses', 'deficits', 'vap prevention measures', 'educational opportunities', 'lack', 'study', 'knowledge', 'confidence'] 

TOP-K 171: ['professional development opportunities', 'ongoing competency assessments', 'nurses', 'deficits', 'vap prevention measures', 'educational opportunities', 'lack', 'study', ['knowledge'], ['confidence']] 

Reference 171: ['Knowledge', 'Confidence', 'Emergency department', 'Mechanically ventilation', 'VAP'] 

Sorted_Candidate: [['disposition decision-making'], ['external environment elements'], ['organization elements'], ['research'], ['work system'], ['current research'], ['limited information'], ['person'], ['aspects']] 

Candidates_Dedup: ['disposition decision-making', 'external environment elements', 'organization elements', 'research', 'work system', 'current research', 'limited information', 'person', 'aspects'] 

TOP-K 172: [['disposition decision-making'], 'external environment elements', 'organization elements', 'research', ['work system'], 'current research', 'limited information', 'person', 'aspects'] 

Reference 172: ['Emergency medicine', 'Disposition decision-making', 'Work systems'] 

Sorted_Candidate: [['invisible design'], ['invisible design'], ['invisible design'], ['invisible design'], ['end-users'], ['stakeholder'], ['personal experience'], ['innovative approach'], ['ideal candidates'], ['healthcare environments'], ['medication safety'], ['interventions'], ['adults'], ['scenarios'], ['study'], ['needs'], ['person'], ['method']] 

Candidates_Dedup: ['invisible design', 'end-users', 'stakeholder', 'personal experience', 'innovative approach', 'ideal candidates', 'healthcare environments', 'medication safety', 'interventions', 'adults', 'scenarios', 'study', 'needs', 'person', 'method'] 

TOP-K 173: ['invisible design', 'end-users', 'stakeholder', 'personal experience', 'innovative approach', 'ideal candidates', 'healthcare environments', ['medication safety'], 'interventions', 'adults', 'scenarios', 'study', 'needs', 'person', 'method'] 

Reference 173: ['Medication safety', 'Community pharmacy', 'Stakeholder engagement', 'Participatory design'] 

Sorted_Candidate: [['rf-mac'], ['rf-mac'], ['total sleep time'], ['device comfort'], ['usability'], ['objective sleep measures'], ['marginal evidence'], ['patient compliance'], ['sleep'], ['scd'], ['impact']] 

Candidates_Dedup: ['rf-mac', 'total sleep time', 'device comfort', 'usability', 'objective sleep measures', 'marginal evidence', 'patient compliance', 'sleep', 'scd', 'impact'] 

TOP-K 174: ['rf-mac', 'total sleep time', 'device comfort', 'usability', 'objective sleep measures', 'marginal evidence', 'patient compliance', 'sleep', 'scd', 'impact'] 

Reference 174: ['Venous thromboembolism', 'External mechanical compression', 'Sleep quality', 'Device usability', 'Mobility', 'User-centered design'] 

Sorted_Candidate: [['wearables'], ['wearables'], ['important first-time look'], ['vital human factor parameters'], ['wearable devices'], ['physical therapy'], ['novel application'], ['important step'], ['gait'], ['family experiences'], ['insights'], ['device'], ['machine'], ['work'], ['rehabilitation'], ['impact']] 

Candidates_Dedup: ['wearables', 'important first-time look', 'vital human factor parameters', 'wearable devices', 'physical therapy', 'novel application', 'important step', 'gait', 'family experiences', 'insights', 'device', 'machine', 'work', 'rehabilitation', 'impact'] 

TOP-K 175: ['wearables', 'important first-time look', 'vital human factor parameters', 'wearable devices', 'physical therapy', 'novel application', 'important step', 'gait', 'family experiences', 'insights', 'device', 'machine', 'work', 'rehabilitation', 'impact'] 

Reference 175: ['Usability', 'acceptability', 'idiopathic toe walking', 'motor re-learning', 'wearable assistive', 'technology', 'home environment'] 

Sorted_Candidate: [['tubes/lines'], ['tubes/lines'], ['patient tubes/lines'], ['secure patient tubes/lines'], ['icu'], ['staffing burdens'], ['time-consuming task'], ['icu early mobility'], ['early mobility'], ['known barrier'], ['time'], ['strategies'], ['presence']] 

Candidates_Dedup: ['tubes/lines', 'patient tubes/lines', 'secure patient tubes/lines', 'icu', 'staffing burdens', 'time-consuming task', 'icu early mobility', 'early mobility', 'known barrier', 'time', 'strategies', 'presence'] 

TOP-K 176: ['tubes/lines', 'patient tubes/lines', 'secure patient tubes/lines', 'icu', 'staffing burdens', 'time-consuming task', 'icu early mobility', 'early mobility', 'known barrier', 'time', 'strategies', 'presence'] 

Reference 176: ['Medical devices', 'Healthcare technology', 'Patient safety', 'Critical care', 'Rehabilitation', 'Nursing care'] 

Sorted_Candidate: [['experienced nurses'], ['experienced nurses'], ['over-triage'], ['under-triage'], ['triage assignment'], ['triage differentiation'], ['intermediate score'], ['esi'], ['nurse experience'], ['cases']] 

Candidates_Dedup: ['experienced nurses', 'over-triage', 'under-triage', 'triage assignment', 'triage differentiation', 'intermediate score', 'esi', 'nurse experience', 'cases'] 

TOP-K 177: ['experienced nurses', ['over-triage'], ['under-triage'], 'triage assignment', 'triage differentiation', 'intermediate score', ['esi'], 'nurse experience', 'cases'] 

Reference 177: ['Triage', 'Decision-making', 'ESI', 'Experience', 'Over-triage', 'Under-triage', 'Decision evaluation'] 

Sorted_Candidate: [['work-arounds'], ['work-arounds'], ['novel pelvic lift cushion'], ['stirrups'], ['stirrups'], ['upside-down bedpans'], ['pelvic exams'], ['clinicians'], ['patient safety'], ['research findings'], ['cushion'], ['pelvis'], ['comfortable alternative'], ['patient']] 

Candidates_Dedup: ['work-arounds', 'novel pelvic lift cushion', 'stirrups', 'upside-down bedpans', 'pelvic exams', 'clinicians', 'patient safety', 'research findings', 'cushion', 'pelvis', 'comfortable alternative', 'patient'] 

TOP-K 178: ['work-arounds', 'novel pelvic lift cushion', 'stirrups', 'upside-down bedpans', ['pelvic exams'], 'clinicians', ['patient safety'], 'research findings', 'cushion', 'pelvis', 'comfortable alternative', 'patient'] 

Reference 178: ['Pelvic exam', 'Bedpan', 'Speculum', 'Pregnancy', 'Patient safety', 'Technological innovation'] 

Sorted_Candidate: [['ward roundsare complex socio-technical systemsinvolving intra'], ['wrs'], ['wrs'], ['wrs'], ['wrs'], ['junior doctors'], ['junior doctors'], ['junior doctors'], ['day-to-day care'], ['sts'], ['sts'], ['sts'], ['sts'], ['family/carer communication'], ['unpreparedness'], ['human factors ergonomics'], ['doctors'], ['inter-professional working'], ['large acute teaching hospital'], ['perspective'], ['safety science perspective'], ['ring fenced time'], ['senior house officers'], ['healthcare information technology'], ['longitudinal improvement project'], ['medical school'], ['first step'], ['recent studies'], ['core members'], ['stsa'], ['key element'], ['medical team'], ['registrars'], ['wr practice'], ['shos'], ['improvement'], ['lack'], ['lack'], ['nursing staff'], ['sts approach'], ['many efforts'], ['acute hospital'], ['unique perspective'], ['study'], ['study'], ['implementation issues'], ['frameworks'], ['implementation'], ['checklists'], ['training'], ['functions'], ['task'], ['supervision'], ['years'], ['consultants'], ['complexity'], ['importance'], ['cube'], ['use'], ['environments'], ['patient'], ['research'], ['nurses'], ['barriers'], ['patients'], ['development'], ['purpose'], ['part'], ['relation']] 

Candidates_Dedup: ['ward roundsare complex socio-technical systemsinvolving intra', 'wrs', 'junior doctors', 'day-to-day care', 'sts', 'family/carer communication', 'unpreparedness', 'human factors ergonomics', 'doctors', 'inter-professional working', 'large acute teaching hospital', 'perspective', 'safety science perspective', 'ring fenced time', 'senior house officers', 'healthcare information technology', 'longitudinal improvement project', 'medical school', 'first step', 'recent studies', 'core members', 'stsa', 'key element', 'medical team', 'registrars', 'wr practice', 'shos', 'improvement', 'lack', 'nursing staff', 'sts approach', 'many efforts', 'acute hospital', 'unique perspective', 'study', 'implementation issues', 'frameworks', 'implementation', 'checklists', 'training', 'functions', 'task', 'supervision', 'years', 'consultants', 'complexity', 'importance', 'cube', 'use', 'environments', 'patient', 'research', 'nurses', 'barriers', 'patients', 'development', 'purpose', 'part', 'relation'] 

TOP-K 179: ['ward roundsare complex socio-technical systemsinvolving intra', 'wrs', 'junior doctors', 'day-to-day care', 'sts', 'family/carer communication', 'unpreparedness', 'human factors ergonomics', 'doctors', 'inter-professional working', 'large acute teaching hospital', 'perspective', 'safety science perspective', 'ring fenced time', 'senior house officers'] 

Reference 179: ['Ward rounds', 'Socio-technical system', 'Interns and SHOs', 'Medical education', 'Acute hospital'] 

Sorted_Candidate: [['speeches impact euro area risk-free rates'], ['particular financial markets'], ['actual monetary policy actions'], ['monetary policy stance'], ['communication'], ['press conference sentiment'], ['communication tone'], ['bank stock prices'], ['tone'], ['significant impact'], ['sentiment indices'], ['policy makers'], ['communication events'], ['trends'], ['advance'], ['movements']] 

Candidates_Dedup: ['speeches impact euro area risk-free rates', 'particular financial markets', 'actual monetary policy actions', 'monetary policy stance', 'communication', 'press conference sentiment', 'communication tone', 'bank stock prices', 'tone', 'significant impact', 'sentiment indices', 'policy makers', 'communication events', 'trends', 'advance', 'movements'] 

TOP-K 180: ['speeches impact euro area risk-free rates', 'particular financial markets', 'actual monetary policy actions', 'monetary policy stance', ['communication'], 'press conference sentiment', 'communication tone', 'bank stock prices', 'tone', 'significant impact', 'sentiment indices', 'policy makers', 'communication events', 'trends', 'advance'] 

Reference 180: ['ECB', 'Monetary policy', 'Communication', 'Sentiment analysis', 'Fiscal costs', 'Financial markets'] 

Sorted_Candidate: [['positive post-takeover long-term performance'], ['cross-border deal investment decisions'], ['cbd'], ['cbd'], ['cbd'], ['blockholder coalitional value'], ['corporate risk-taking levels'], ['pension funds administrators'], ['likelihood'], ['likelihood'], ['likelihood'], ['voting power coalitions'], ['coalition'], ['acquirer firms'], ['results'], ['results'], ['results'], ['number'], ['number'], ['top block holder'], ['hedge funds'], ['coalition effect'], ['mean values'], ['levels'], ['relationships'], ['paper']] 

Candidates_Dedup: ['positive post-takeover long-term performance', 'cross-border deal investment decisions', 'cbd', 'blockholder coalitional value', 'corporate risk-taking levels', 'pension funds administrators', 'likelihood', 'voting power coalitions', 'coalition', 'acquirer firms', 'results', 'number', 'top block holder', 'hedge funds', 'coalition effect', 'mean values', 'levels', 'relationships', 'paper'] 

TOP-K 181: ['positive post-takeover long-term performance', 'cross-border deal investment decisions', 'cbd', 'blockholder coalitional value', 'corporate risk-taking levels', 'pension funds administrators', 'likelihood', 'voting power coalitions', 'coalition', 'acquirer firms', 'results', 'number', 'top block holder', 'hedge funds', 'coalition effect'] 

Reference 181: ['Blockholders coalitions', 'Power indices', 'Cross-border deals', 'Institutional ownership', 'Latin America'] 

Sorted_Candidate: [['london stock exchange firms'], ['endogeneity'], ['dynamic panel methods'], ['mixed linear models'], ['impact'], ['differential impact'], ['managerial expenditure decisions'], ['uses panel data'], ['inventories'], ['economic crises'], ['industry concentration'], ['stock returns'], ['industry concentrations'], ['returns'], ['leverage'], ['effects'], ['r'], ['sg'], ['assets']] 

Candidates_Dedup: ['london stock exchange firms', 'endogeneity', 'dynamic panel methods', 'mixed linear models', 'impact', 'differential impact', 'managerial expenditure decisions', 'uses panel data', 'inventories', 'economic crises', 'industry concentration', 'stock returns', 'industry concentrations', 'returns', 'leverage', 'effects', 'r', 'sg', 'assets'] 

TOP-K 182: ['london stock exchange firms', 'endogeneity', 'dynamic panel methods', 'mixed linear models', 'impact', 'differential impact', 'managerial expenditure decisions', 'uses panel data', ['inventories'], 'economic crises', ['industry concentration'], 'stock returns', ['industry concentrations'], 'returns', ['leverage']] 

Reference 182: ['Industry Concentration', 'Leverage', 'Inventories', 'R&D', 'SGA', 'Fixed Asset Additions', 'Firm Value'] 

Sorted_Candidate: [['income inequality'], ['income inequality'], ['income inequality'], ['financial access'], ['financial access'], ['access'], ['low-income countries'], ['quantile regression'], ['income inequality increases'], ['innovative financial technologies'], ['inclusive financial access'], ['countries'], ['banks'], ['impact'], ['policymakers'], ['negative impact'], ['credit unions'], ['cooperative banks'], ['counterparty'], ['financial services'], ['commercial banks'], ['effect'], ['data'], ['development'], ['role'], ['effects'], ['research'], ['types'], ['magnitude'], ['nexus']] 

Candidates_Dedup: ['income inequality', 'financial access', 'access', 'low-income countries', 'quantile regression', 'income inequality increases', 'innovative financial technologies', 'inclusive financial access', 'countries', 'banks', 'impact', 'policymakers', 'negative impact', 'credit unions', 'cooperative banks', 'counterparty', 'financial services', 'commercial banks', 'effect', 'data', 'development', 'role', 'effects', 'research', 'types', 'magnitude', 'nexus'] 

TOP-K 183: [['income inequality'], ['financial access'], 'access', 'low-income countries', ['quantile regression'], 'income inequality increases', 'innovative financial technologies', 'inclusive financial access', 'countries', 'banks', 'impact', 'policymakers', 'negative impact', 'credit unions', 'cooperative banks'] 

Reference 183: ['Financial access', 'Income inequality', 'Cooperative and Commercial Banks', 'Quantile regression'] 

Sorted_Candidate: [['intertemporal risk-return tradeoff'], ['positive risk-return relation'], ['positive risk-return relation'], ['positive risk-return tradeoff'], ['short-term mispricing'], ['short-term overpricing'], ['uninformed investors'], ['arbitrageurs'], ['optimisticresponse'], ['goodnews'], ['distortion'], ['distortion'], ['investor sentiment'], ['trade activity'], ['options'], ['availability'], ['state']] 

Candidates_Dedup: ['intertemporal risk-return tradeoff', 'positive risk-return relation', 'positive risk-return tradeoff', 'short-term mispricing', 'short-term overpricing', 'uninformed investors', 'arbitrageurs', 'optimisticresponse', 'goodnews', 'distortion', 'investor sentiment', 'trade activity', 'options', 'availability', 'state'] 

TOP-K 184: ['intertemporal risk-return tradeoff', 'positive risk-return relation', 'positive risk-return tradeoff', 'short-term mispricing', 'short-term overpricing', 'uninformed investors', 'arbitrageurs', 'optimisticresponse', 'goodnews', 'distortion', ['investor sentiment'], 'trade activity', 'options', 'availability', 'state'] 

Reference 184: ['Intertemporal risk-return relation', 'Optimistic and pessimistic expectation', 'Overpricing and underpricing', 'Investor sentiment', 'Business cycle', 'Short selling'] 

Sorted_Candidate: [['considerable overextrapolative behavior'], ['extrapolative weightingcaptures decay'], ['time-series variation'], ['cross-section'], ['valuation difficulty'], ['valuation difficulty'], ['dox'], ['dox'], ['target prices'], ['positive impact'], ['past returns'], ['changes'], ['weights'], ['degree'], ['analysts']] 

Candidates_Dedup: ['considerable overextrapolative behavior', 'extrapolative weightingcaptures decay', 'time-series variation', 'cross-section', 'valuation difficulty', 'dox', 'target prices', 'positive impact', 'past returns', 'changes', 'weights', 'degree', 'analysts'] 

TOP-K 185: ['considerable overextrapolative behavior', 'extrapolative weightingcaptures decay', 'time-series variation', 'cross-section', 'valuation difficulty', 'dox', ['target prices'], 'positive impact', 'past returns', 'changes', 'weights', 'degree', 'analysts'] 

Reference 185: ['Financial Analysts', 'Expectation formation', 'Target Prices', 'Extrapolation in the time-series', 'Extrapolation in the cross-section'] 

Sorted_Candidate: [['proxies'], ['proxies'], ['entrepreneurial intentions'], ['entrepreneurial intentions'], ['physical collateral'], ['physical collateral'], ['business startups'], ['lenders'], ['personal guarantees'], ['personal guarantees'], ['willingness'], ['physical assets'], ['risks'], ['reliance'], ['potential entrepreneurs'], ['individuals'], ['japan'], ['lack'], ['actions']] 

Candidates_Dedup: ['proxies', 'entrepreneurial intentions', 'physical collateral', 'business startups', 'lenders', 'personal guarantees', 'willingness', 'physical assets', 'risks', 'reliance', 'potential entrepreneurs', 'individuals', 'japan', 'lack', 'actions'] 

TOP-K 186: ['proxies', 'entrepreneurial intentions', ['physical collateral'], 'business startups', 'lenders', ['personal guarantees'], 'willingness', 'physical assets', 'risks', 'reliance', 'potential entrepreneurs', 'individuals', 'japan', 'lack', 'actions'] 

Reference 186: ['Physical collateral', 'Personal guarantees', 'Entrepreneur'] 

Sorted_Candidate: [['international corporate investment'], ['international mergers'], ['international competitiveness'], ['firm resources'], ['acquisitions'], ['capabilities']] 

Candidates_Dedup: ['international corporate investment', 'international mergers', 'international competitiveness', 'firm resources', 'acquisitions', 'capabilities'] 

TOP-K 187: [['international corporate investment'], 'international mergers', ['international competitiveness'], 'firm resources', 'acquisitions', 'capabilities'] 

Reference 187: ['International mergers and acquisitions', 'International competitiveness', 'Firm resources and capabilities', 'International corporate investment'] 

Sorted_Candidate: [['countercyclical buffer'], ['fitted capital adequacy ratios'], ['macroprudential policy'], ['fitting countercyclical buffer'], ['successful prudential policies'], ['charlier densities'], ['solvency risk models'], ['macroeconomic signals'], ['solvency threshold'], ['regulatory buffer implementation'], ['distributional assumptions'], ['flexible gram'], ['macro signals'], ['probability'], ['model']] 

Candidates_Dedup: ['countercyclical buffer', 'fitted capital adequacy ratios', 'macroprudential policy', 'fitting countercyclical buffer', 'successful prudential policies', 'charlier densities', 'solvency risk models', 'macroeconomic signals', 'solvency threshold', 'regulatory buffer implementation', 'distributional assumptions', 'flexible gram', 'macro signals', 'probability', 'model'] 

TOP-K 188: ['countercyclical buffer', 'fitted capital adequacy ratios', 'macroprudential policy', 'fitting countercyclical buffer', 'successful prudential policies', 'charlier densities', 'solvency risk models', 'macroeconomic signals', 'solvency threshold', 'regulatory buffer implementation', 'distributional assumptions', 'flexible gram', 'macro signals', 'probability', 'model'] 

Reference 188: ['Prudential regulation', 'Risk metrics', 'Risk-taking channel', 'Bank-Capital Channel', 'SNP approach'] 

Sorted_Candidate: [['problematic credit card behaviors'], ['non-retirement investments'], ['veterans'], ['veterans'], ['veterans'], ['large income drop'], ['non-veterans'], ['late mortgage payments'], ['consumer finance'], ['emergency funds'], ['military veterans'], ['differences'], ['population'], ['policy'], ['civilians'], ['time']] 

Candidates_Dedup: ['problematic credit card behaviors', 'non-retirement investments', 'veterans', 'large income drop', 'non-veterans', 'late mortgage payments', 'consumer finance', 'emergency funds', 'military veterans', 'differences', 'population', 'policy', 'civilians', 'time'] 

TOP-K 189: ['problematic credit card behaviors', 'non-retirement investments', ['veterans'], 'large income drop', 'non-veterans', 'late mortgage payments', 'consumer finance', 'emergency funds', 'military veterans', 'differences', 'population', 'policy', 'civilians', 'time'] 

Reference 189: ['Financial capability', 'Financial wellbeing', 'Financial behaviors', 'Veterans'] 

Sorted_Candidate: [['unbanked households'], ['different likelihoods'], ['several factors'], ['likelihood'], ['account ownership'], ['interest'], ['interest'], ['financial inclusion'], ['banks'], ['strategies'], ['diversity']] 

Candidates_Dedup: ['unbanked households', 'different likelihoods', 'several factors', 'likelihood', 'account ownership', 'interest', 'financial inclusion', 'banks', 'strategies', 'diversity'] 

TOP-K 190: ['unbanked households', 'different likelihoods', 'several factors', 'likelihood', 'account ownership', 'interest', ['financial inclusion'], 'banks', 'strategies', 'diversity'] 

Reference 190: ['Unbanked', 'Financial inclusion', 'Nonbank financial services', 'Consumer choices'] 

Sorted_Candidate: [['total nonmortgage debt'], ['total nonmortgage debt'], ['covid-19-era economic policies'], ['average nonmortgage debt'], ['uk'], ['mortgage forbearance'], ['uk consumers'], ['uk consumers'], ['pandemic'], ['universal credit expansion'], ['beneficiaries'], ['uk mortgage holders'], ['debt'], ['results']] 

Candidates_Dedup: ['total nonmortgage debt', 'covid-19-era economic policies', 'average nonmortgage debt', 'uk', 'mortgage forbearance', 'uk consumers', 'pandemic', 'universal credit expansion', 'beneficiaries', 'uk mortgage holders', 'debt', 'results'] 

TOP-K 191: ['total nonmortgage debt', 'covid-19-era economic policies', 'average nonmortgage debt', 'uk', ['mortgage forbearance'], 'uk consumers', 'pandemic', ['universal credit expansion'], 'beneficiaries', 'uk mortgage holders', 'debt', 'results'] 

Reference 191: ['Disparities in consumer debt', 'COVID-19United Kingdom', 'Mortgage forbearance', 'Universal Credit expansion'] 

Sorted_Candidate: [['utility shutoff moratorium'], ['shutoff moratoria'], ['state utility shutoff moratorium'], ['retail loan payments'], ['utility shutoff moratoria'], ['majority black communities'], ['unpaid debt'], ['credit card'], ['economic relief'], ['financial obligations'], ['states'], ['adults'], ['collections'], ['likelihood'], ['residents'], ['auto'], ['time'], ['results'], ['consumers'], ['families']] 

Candidates_Dedup: ['utility shutoff moratorium', 'shutoff moratoria', 'state utility shutoff moratorium', 'retail loan payments', 'utility shutoff moratoria', 'majority black communities', 'unpaid debt', 'credit card', 'economic relief', 'financial obligations', 'states', 'adults', 'collections', 'likelihood', 'residents', 'auto', 'time', 'results', 'consumers', 'families'] 

TOP-K 192: ['utility shutoff moratorium', 'shutoff moratoria', 'state utility shutoff moratorium', 'retail loan payments', ['utility shutoff moratoria'], 'majority black communities', 'unpaid debt', 'credit card', 'economic relief', 'financial obligations', 'states', 'adults', 'collections', 'likelihood', 'residents'] 

Reference 192: ['Consumer protection policies', 'Utility shutoff moratoria', 'Credit delinquency'] 

Sorted_Candidate: [['brazilian fintech firm'], ['job experience'], ['job experience'], ['loan durations'], ['interest rates'], ['job contracts'], ['current job'], ['loans'], ['clients'], ['collateral'], ['years'], ['women'], ['amount'], ['screening']] 

Candidates_Dedup: ['brazilian fintech firm', 'job experience', 'loan durations', 'interest rates', 'job contracts', 'current job', 'loans', 'clients', 'collateral', 'years', 'women', 'amount', 'screening'] 

TOP-K 193: ['brazilian fintech firm', 'job experience', 'loan durations', ['interest rates'], 'job contracts', 'current job', 'loans', 'clients', 'collateral', 'years', 'women', 'amount', ['screening']] 

Reference 193: ['Default', 'Fintech', 'Interest rates', 'Microcredit', 'Screening'] 

Sorted_Candidate: [['difference-in-differences'], ['propensity score matching'], ['smes'], ['profitability'], ['profitability'], ['patent'], ['legal patent protection'], ['smes performance'], ['patenting process'], ['significant relationship'], ['filing date'], ['relationship'], ['empirical evidence'], ['different steps'], ['sales'], ['sales'], ['doubt'], ['results'], ['effect'], ['effectiveness'], ['years'], ['combination']] 

Candidates_Dedup: ['difference-in-differences', 'propensity score matching', 'smes', 'profitability', 'patent', 'legal patent protection', 'smes performance', 'patenting process', 'significant relationship', 'filing date', 'relationship', 'empirical evidence', 'different steps', 'sales', 'doubt', 'results', 'effect', 'effectiveness', 'years', 'combination'] 

TOP-K 194: ['difference-in-differences', 'propensity score matching', 'smes', 'profitability', ['patent'], 'legal patent protection', 'smes performance', 'patenting process', 'significant relationship', 'filing date', 'relationship', 'empirical evidence', 'different steps', 'sales', 'doubt'] 

Reference 194: ['Firm performance', 'Patents', 'SM', 'Es', 'Counterfactual', 'Granted patents'] 

Sorted_Candidate: [['government-funded r'], ['geographic dispersion'], ['unequal value'], ['r'], ['r'], ['medical innovation'], ['different types'], ['innovation'], ['grants'], ['grants'], ['medical industry'], ['relationship'], ['relationship'], ['investors'], ['leverage'], ['influence'], ['results'], ['innovations'], ['subsidies'], ['competition'], ['awarding']] 

Candidates_Dedup: ['government-funded r', 'geographic dispersion', 'unequal value', 'r', 'medical innovation', 'different types', 'innovation', 'grants', 'medical industry', 'relationship', 'investors', 'leverage', 'influence', 'results', 'innovations', 'subsidies', 'competition', 'awarding'] 

TOP-K 195: ['government-funded r', 'geographic dispersion', 'unequal value', 'r', 'medical innovation', 'different types', ['innovation'], ['grants'], 'medical industry', 'relationship', 'investors', 'leverage', 'influence', 'results', ['innovations']] 

Reference 195: ['Pharmaceutical Innovation', 'Government Subsidies', 'Grants', 'Innovation'] 

Sorted_Candidate: [['risk-shifting problem'], ['moral hazard'], ['dynamic moral hazard'], ['project environments'], ['risky strategies'], ['reputation formation'], ['switching costs'], ['environments'], ['structure'], ['structure'], ['results'], ['forms']] 

Candidates_Dedup: ['risk-shifting problem', 'moral hazard', 'dynamic moral hazard', 'project environments', 'risky strategies', 'reputation formation', 'switching costs', 'environments', 'structure', 'results', 'forms'] 

TOP-K 196: ['risk-shifting problem', 'moral hazard', ['dynamic moral hazard'], 'project environments', 'risky strategies', 'reputation formation', 'switching costs', 'environments', 'structure', 'results', 'forms'] 

Reference 196: ['Credit rationing', 'Dynamic moral hazard', 'Staged financing', 'Reputation', 'Risk-shifting'] 

Sorted_Candidate: [['unlisted firms'], ['determinants'], ['economic logic'], ['china'], ['china'], ['advanced economies'], ['striking differences'], ['corporate board'], ['board structure'], ['market firms'], ['structure'], ['europe'], ['directors'], ['european'], ['markets'], ['paper'], ['factors'], ['boards'], ['combination']] 

Candidates_Dedup: ['unlisted firms', 'determinants', 'economic logic', 'china', 'advanced economies', 'striking differences', 'corporate board', 'board structure', 'market firms', 'structure', 'europe', 'directors', 'european', 'markets', 'paper', 'factors', 'boards', 'combination'] 

TOP-K 197: ['unlisted firms', 'determinants', 'economic logic', ['china'], 'advanced economies', 'striking differences', 'corporate board', ['board structure'], 'market firms', 'structure', 'europe', 'directors', 'european', 'markets', 'paper'] 

Reference 197: ['Board structure', 'Emerging market firms', 'Simultaneous equation modeling', 'China', 'Eastern Europe'] 

Sorted_Candidate: [['esg score'], ['esg score'], ['non-financial reporting directive'], ['csr committee'], ['esg scores'], ['gender diversity'], ['independent directors'], ['eu companies'], ['cultural diversity'], ['directors'], ['significant impact'], ['companies'], ['companies'], ['high values'], ['values'], ['effect'], ['board'], ['others'], ['characteristics'], ['paper'], ['presence'], ['gap'], ['sample']] 

Candidates_Dedup: ['esg score', 'non-financial reporting directive', 'csr committee', 'esg scores', 'gender diversity', 'independent directors', 'eu companies', 'cultural diversity', 'directors', 'significant impact', 'companies', 'high values', 'values', 'effect', 'board', 'others', 'characteristics', 'paper', 'presence', 'gap', 'sample'] 

TOP-K 198: [['esg score'], 'non-financial reporting directive', 'csr committee', ['esg scores'], ['gender diversity'], 'independent directors', 'eu companies', ['cultural diversity'], 'directors', 'significant impact', 'companies', 'high values', 'values', 'effect', 'board'] 

Reference 198: ['ESG score', 'Board characteristics', 'Gender diversity', 'Cultural diversity', 'EU 95/2014 directive'] 

Sorted_Candidate: [['fviiia-fx complex'], ['fviiia'], ['steady-state process'], ['mechanisms-driven model'], ['fx activation'], ['fx activation'], ['lipid concentrations'], ['fx'], ['factor x activation'], ['intrinsic tenase'], ['timescale'], ['major pathway'], ['formation'], ['minutes'], ['surface'], ['solution']] 

Candidates_Dedup: ['fviiia-fx complex', 'fviiia', 'steady-state process', 'mechanisms-driven model', 'fx activation', 'lipid concentrations', 'fx', 'factor x activation', 'intrinsic tenase', 'timescale', 'major pathway', 'formation', 'minutes', 'surface', 'solution'] 

TOP-K 199: ['fviiia-fx complex', 'fviiia', 'steady-state process', 'mechanisms-driven model', 'fx activation', 'lipid concentrations', 'fx', 'factor x activation', 'intrinsic tenase', 'timescale', 'major pathway', 'formation', 'minutes', 'surface', 'solution'] 

Reference 199: ['Blood coagulation', 'Mathematical model', 'Membrane-dependent reactions', 'Factor VIII', 'Factor IX', 'Factor X'] 

Sorted_Candidate: [['long-term growth patterns'], ['subclonal dynamics'], ['short-term measurements'], ['subclonal composition'], ['evolutionary landscape'], ['population dynamics'], ['mathematical framework'], ['importance']] 

Candidates_Dedup: ['long-term growth patterns', 'subclonal dynamics', 'short-term measurements', 'subclonal composition', 'evolutionary landscape', 'population dynamics', 'mathematical framework', 'importance'] 

TOP-K 200: ['long-term growth patterns', 'subclonal dynamics', 'short-term measurements', 'subclonal composition', 'evolutionary landscape', 'population dynamics', 'mathematical framework', 'importance'] 

Reference 200: ['Cancer evolution', 'Cancer heterogeneity', 'Multiscale modelling', 'Machine learning'] 

Sorted_Candidate: [['dispersion'], ['strain rate'], ['strain rate'], ['time-dependent domains'], ['resilient model'], ['pattern dispersion'], ['crucial influence'], ['morphogen'], ['model robustness'], ['reaction'], ['homeostasis'], ['reaction terms'], ['diffusion systems'], ['domains'], ['pattern formation'], ['pattern dynamics'], ['pattern transitions'], ['regulation'], ['modeling']] 

Candidates_Dedup: ['dispersion', 'strain rate', 'time-dependent domains', 'resilient model', 'pattern dispersion', 'crucial influence', 'morphogen', 'model robustness', 'reaction', 'homeostasis', 'reaction terms', 'diffusion systems', 'domains', 'pattern formation', 'pattern dynamics', 'pattern transitions', 'regulation', 'modeling'] 

TOP-K 201: ['dispersion', 'strain rate', 'time-dependent domains', 'resilient model', ['pattern dispersion'], 'crucial influence', 'morphogen', 'model robustness', 'reaction', 'homeostasis', 'reaction terms', 'diffusion systems', 'domains', ['pattern formation'], 'pattern dynamics'] 

Reference 201: ['Pattern formation', 'Pattern dispersion', 'Growing domain', 'Reaction¨Cdiffusion system', 'Dilution term'] 

Sorted_Candidate: [['real solution set'], ['real solution set'], ['qualitative abstraction'], ['real solution'], ['discrete qualitative abstraction'], ['model'], ['model'], ['model'], ['formal causal model accounts'], ['inter-individual variability'], ['thermodynamics'], ['superset'], ['automatic exhaustive exploration'], ['under-approximation'], ['previous superset'], ['individual model parameter values'], ['behavior change'], ['behavior change'], ['single formal framework'], ['linear odes'], ['reasoning'], ['common evolution profiles'], ['individual physiological variables'], ['psychological modeling'], ['severe diets'], ['active causalities'], ['new contribution'], ['terms'], ['terms'], ['reasoning deals'], ['analytical resolution'], ['concrete example'], ['automatic reasoning'], ['powerful methods'], ['formal theory'], ['solution space'], ['parameters'], ['information'], ['work'], ['subset'], ['psychology'], ['way'], ['knowledge'], ['phenomena'], ['interruption'], ['ignorance'], ['physiology'], ['maintenance'], ['time'], ['signs']] 

Candidates_Dedup: ['real solution set', 'qualitative abstraction', 'real solution', 'discrete qualitative abstraction', 'model', 'formal causal model accounts', 'inter-individual variability', 'thermodynamics', 'superset', 'automatic exhaustive exploration', 'under-approximation', 'previous superset', 'individual model parameter values', 'behavior change', 'single formal framework', 'linear odes', 'reasoning', 'common evolution profiles', 'individual physiological variables', 'psychological modeling', 'severe diets', 'active causalities', 'new contribution', 'terms', 'reasoning deals', 'analytical resolution', 'concrete example', 'automatic reasoning', 'powerful methods', 'formal theory', 'solution space', 'parameters', 'information', 'work', 'subset', 'psychology', 'way', 'knowledge', 'phenomena', 'interruption', 'ignorance', 'physiology', 'maintenance', 'time', 'signs'] 

TOP-K 202: ['real solution set', 'qualitative abstraction', 'real solution', 'discrete qualitative abstraction', 'model', 'formal causal model accounts', ['inter-individual variability'], ['thermodynamics'], 'superset', 'automatic exhaustive exploration', 'under-approximation', 'previous superset', 'individual model parameter values', ['behavior change'], 'single formal framework'] 

Reference 202: ['Behavior change', 'Hypocaloric diet', 'Formal theory', 'Thermodynamics', 'Causal network', 'Over-/under-approximation', 'Discretization', 'Qualitative reasoning', 'Timescale', 'Inter-individual variability', 'Answer set programming'] 

Sorted_Candidate: [['protumor immune effects'], ['immune response interactions'], ['new model'], ['tumor growth'], ['crucial role'], ['tumor expansion'], ['mixture theory'], ['elimination/equilibrium'], ['escape phases'], ['access'], ['reproduction'], ['nutrients']] 

Candidates_Dedup: ['protumor immune effects', 'immune response interactions', 'new model', 'tumor growth', 'crucial role', 'tumor expansion', 'mixture theory', 'elimination/equilibrium', 'escape phases', 'access', 'reproduction', 'nutrients'] 

TOP-K 203: ['protumor immune effects', 'immune response interactions', 'new model', 'tumor growth', 'crucial role', 'tumor expansion', 'mixture theory', 'elimination/equilibrium', 'escape phases', 'access', 'reproduction', 'nutrients'] 

Reference 203: ['Cancer growth', 'Immune response', 'Mixture models'] 

Sorted_Candidate: [['sars-cov-2 transmission'], ['asymptomatic infections'], ['over-60 age groups'], ['under-18'], ['covid-19'], ['age-specific indices'], ['age-structure'], ['transmission'], ['containment policy design'], ['sensitivity analysis'], ['analysis'], ['marginal role'], ['reproduction number'], ['impact'], ['belgium'], ['methodology'], ['importance']] 

Candidates_Dedup: ['sars-cov-2 transmission', 'asymptomatic infections', 'over-60 age groups', 'under-18', 'covid-19', 'age-specific indices', 'age-structure', 'transmission', 'containment policy design', 'sensitivity analysis', 'analysis', 'marginal role', 'reproduction number', 'impact', 'belgium', 'methodology', 'importance'] 

TOP-K 204: ['sars-cov-2 transmission', 'asymptomatic infections', 'over-60 age groups', 'under-18', 'covid-19', 'age-specific indices', 'age-structure', 'transmission', 'containment policy design', 'sensitivity analysis', 'analysis', 'marginal role', 'reproduction number', 'impact', 'belgium'] 

Reference 204: ['Sensitivity', 'Next generation operator', 'Basic reproduction number', 'COVID-19Age-structured models'] 

Sorted_Candidate: [['novel two-stage p uptake model'], ['k. mikimotoi'], ['p. donghaiense'], ['algal cell quota'], ['oscillations'], ['physiological mechanism'], ['habs'], ['transport time delay'], ['model'], ['prediction'], ['understanding'], ['data'], ['results']] 

Candidates_Dedup: ['novel two-stage p uptake model', 'k. mikimotoi', 'p. donghaiense', 'algal cell quota', 'oscillations', 'physiological mechanism', 'habs', 'transport time delay', 'model', 'prediction', 'understanding', 'data', 'results'] 

TOP-K 205: ['novel two-stage p uptake model', 'k. mikimotoi', 'p. donghaiense', 'algal cell quota', 'oscillations', 'physiological mechanism', 'habs', 'transport time delay', 'model', 'prediction', 'understanding', 'data', 'results'] 

Reference 205: ['Algal bloom', 'Prorocentrum donghaiense', 'Karenia mikimotoi', 'Surface adsorption', 'Transport delay', 'Two-stage model'] 

Sorted_Candidate: [['phenotypic traits'], ['form-function relationships'], ['limit predictability'], ['complexity'], ['trait integration'], ['complex systems'], ['task relationships'], ['complexity increases'], ['complex system'], ['diversification'], ['simulation study'], ['system'], ['strength'], ['number'], ['tasks'], ['evolution']] 

Candidates_Dedup: ['phenotypic traits', 'form-function relationships', 'limit predictability', 'complexity', 'trait integration', 'complex systems', 'task relationships', 'complexity increases', 'complex system', 'diversification', 'simulation study', 'system', 'strength', 'number', 'tasks', 'evolution'] 

TOP-K 206: ['phenotypic traits', 'form-function relationships', 'limit predictability', ['complexity'], 'trait integration', 'complex systems', 'task relationships', 'complexity increases', 'complex system', 'diversification', 'simulation study', 'system', 'strength', 'number', 'tasks'] 

Reference 206: ['Complexity', 'Multitasking', 'Performance', 'Redundancy', 'Tradeoffs'] 

Sorted_Candidate: [['physiologic function'], ['biomaterial design'], ['migration speed'], ['migration speed'], ['topographies'], ['linear topographic pattern'], ['migration'], ['linear ridge density'], ['certain migration patterns'], ['cell response'], ['recent years'], ['key question'], ['useful applications'], ['ou process'], ['linearity'], ['new model'], ['crucial role'], ['model'], ['topography'], ['distortion'], ['researchers']] 

Candidates_Dedup: ['physiologic function', 'biomaterial design', 'migration speed', 'topographies', 'linear topographic pattern', 'migration', 'linear ridge density', 'certain migration patterns', 'cell response', 'recent years', 'key question', 'useful applications', 'ou process', 'linearity', 'new model', 'crucial role', 'model', 'topography', 'distortion', 'researchers'] 

TOP-K 207: ['physiologic function', 'biomaterial design', 'migration speed', ['topographies'], 'linear topographic pattern', 'migration', 'linear ridge density', 'certain migration patterns', 'cell response', 'recent years', 'key question', 'useful applications', 'ou process', 'linearity', 'new model'] 

Reference 207: ['Cell migration', 'Topography', 'Ornstein¨CUhlenbeck', 'Mathematical model', 'Tissue engineering', 'Bioimplant'] 

Sorted_Candidate: [['identifiability'], ['adipocyte size distribution'], ['bimodal distributions'], ['cma-es algorithm'], ['partial differential equation'], ['parameter estimation'], ['model parameters'], ['parameter values'], ['rats'], ['sensitivity'], ['study'], ['reproduction']] 

Candidates_Dedup: ['identifiability', 'adipocyte size distribution', 'bimodal distributions', 'cma-es algorithm', 'partial differential equation', 'parameter estimation', 'model parameters', 'parameter values', 'rats', 'sensitivity', 'study', 'reproduction'] 

TOP-K 208: ['identifiability', ['adipocyte size distribution'], 'bimodal distributions', 'cma-es algorithm', ['partial differential equation'], ['parameter estimation'], 'model parameters', 'parameter values', 'rats', 'sensitivity', 'study', 'reproduction'] 

Reference 208: ['Parameter estimation', 'Adipocyte size distribution', 'Parameter identifiability', 'Partial differential equation'] 

Sorted_Candidate: [['cross-immunoreactivity'], ['altered antigenic features'], ['altered antigenic features'], ['new viral variant'], ['new viral variant'], ['antigenic cooperation'], ['antigenic cooperation'], ['intra-host viral variants'], ['intra-host viral populations'], ['continuous genomic diversification'], ['immune escape'], ['immune escape'], ['immune escape'], ['viral variants'], ['host immune system'], ['rapid rearrangement'], ['new host environment'], ['emergence'], ['emergence'], ['different role'], ['results'], ['viral population'], ['stable state'], ['viral ecosystem'], ['viral transmission'], ['infected hosts'], ['mechanism'], ['members'], ['changes'], ['functions'], ['network'], ['change'], ['roles']] 

Candidates_Dedup: ['cross-immunoreactivity', 'altered antigenic features', 'new viral variant', 'antigenic cooperation', 'intra-host viral variants', 'intra-host viral populations', 'continuous genomic diversification', 'immune escape', 'viral variants', 'host immune system', 'rapid rearrangement', 'new host environment', 'emergence', 'different role', 'results', 'viral population', 'stable state', 'viral ecosystem', 'viral transmission', 'infected hosts', 'mechanism', 'members', 'changes', 'functions', 'network', 'change', 'roles'] 

TOP-K 209: [['cross-immunoreactivity'], 'altered antigenic features', 'new viral variant', 'antigenic cooperation', 'intra-host viral variants', 'intra-host viral populations', 'continuous genomic diversification', 'immune escape', 'viral variants', 'host immune system', 'rapid rearrangement', 'new host environment', 'emergence', 'different role', 'results'] 

Reference 209: ['Local immunodeficiency', 'Cross-immunoreactivity', 'Persistent viruses', 'Altruistic viruses', 'Hepatitis c'] 

Sorted_Candidate: [['tissue-scale behavior'], ['dsgrn software'], ['robustness'], ['gap gene expression'], ['structural fragilities'], ['robustness measures'], ['ranking network models'], ['single network'], ['graph features'], ['parameters'], ['extension'], ['comparison'], ['domain']] 

Candidates_Dedup: ['tissue-scale behavior', 'dsgrn software', 'robustness', 'gap gene expression', 'structural fragilities', 'robustness measures', 'ranking network models', 'single network', 'graph features', 'parameters', 'extension', 'comparison', 'domain'] 

TOP-K 210: ['tissue-scale behavior', 'dsgrn software', 'robustness', 'gap gene expression', 'structural fragilities', 'robustness measures', 'ranking network models', 'single network', 'graph features', 'parameters', 'extension', 'comparison', 'domain'] 

Reference 210: ['Dynamics', 'Regulatory network', 'Drosophila', 'Weighted directed graph', 'Finite directed paths'] 

Sorted_Candidate: [['model abductive reasoning'], ['parsimonious explanation'], ['dempster'], ['shafer theory'], ['indirect reciprocity'], ['reasoning'], ['reasoning'], ['confirmation bias'], ['cooperation'], ['cooperation'], ['error rates'], ['observers'], ['observers'], ['model'], ['reputations'], ['respect'], ['errors'], ['shows']] 

Candidates_Dedup: ['model abductive reasoning', 'parsimonious explanation', 'dempster', 'shafer theory', 'indirect reciprocity', 'reasoning', 'confirmation bias', 'cooperation', 'error rates', 'observers', 'model', 'reputations', 'respect', 'errors', 'shows'] 

TOP-K 211: ['model abductive reasoning', 'parsimonious explanation', 'dempster', 'shafer theory', ['indirect reciprocity'], 'reasoning', ['confirmation bias'], ['cooperation'], 'error rates', 'observers', 'model', 'reputations', 'respect', 'errors', 'shows'] 

Reference 211: ['Abductive reasoning', 'Confirmation bias', 'Cooperation', 'Dempster¨CShafer theory', 'Falsification bias', 'Indirect reciprocity'] 

Sorted_Candidate: [['temporal heterogeneity'], ['spatial heterogeneity'], ['time increase extinction probability'], ['theoretic results'], ['extinction probability'], ['process model'], ['basic reproduction number'], ['randomness'], ['real contact distribution'], ['infectious disease'], ['contacts'], ['contacts'], ['robust conclusion']] 

Candidates_Dedup: ['temporal heterogeneity', 'spatial heterogeneity', 'time increase extinction probability', 'theoretic results', 'extinction probability', 'process model', 'basic reproduction number', 'randomness', 'real contact distribution', 'infectious disease', 'contacts', 'robust conclusion'] 

TOP-K 212: ['temporal heterogeneity', 'spatial heterogeneity', 'time increase extinction probability', 'theoretic results', ['extinction probability'], 'process model', 'basic reproduction number', 'randomness', 'real contact distribution', 'infectious disease', 'contacts', 'robust conclusion'] 

Reference 212: ['Random contact', 'Structured population', 'Spatial¨Ctemporal heterogeneity', 'Extinction probability', 'Generation size'] 

Sorted_Candidate: [['il-27'], ['il-27'], ['il-27'], ['anti-pd-1'], ['anti-pd-1'], ['pro-inflammatory functions'], ['pro-cancer'], ['treatment efficacy']] 

Candidates_Dedup: ['il-27', 'anti-pd-1', 'pro-inflammatory functions', 'pro-cancer', 'treatment efficacy'] 

TOP-K 213: ['il-27', 'anti-pd-1', 'pro-inflammatory functions', 'pro-cancer', 'treatment efficacy'] 

Reference 213: ['Immune checkpoint inhibitors', 'Interleukin-27Anti-PD-1Combination therapy'] 

Sorted_Candidate: [['retinal data'], ['temporal retinal data'], ['rod/cone outer segment predictions'], ['photoreceptor density'], ['numerical optimization algorithm links mathematical model'], ['cone outer segment length dynamics'], ['rod']] 

Candidates_Dedup: ['retinal data', 'temporal retinal data', 'rod/cone outer segment predictions', 'photoreceptor density', 'numerical optimization algorithm links mathematical model', 'cone outer segment length dynamics', 'rod'] 

TOP-K 214: ['retinal data', 'temporal retinal data', 'rod/cone outer segment predictions', 'photoreceptor density', 'numerical optimization algorithm links mathematical model', 'cone outer segment length dynamics', ['rod']] 

Reference 214: ['Photoreceptor', 'Rods', 'Cones', 'Retina', 'Mathematical model'] 

Sorted_Candidate: [['sub-exponential autocatalysts'], ['sub-exponential autocatalysts'], ['higher-order autocatalysts'], ['exponential ones'], ['exponential ones'], ['resource competition']] 

Candidates_Dedup: ['sub-exponential autocatalysts', 'higher-order autocatalysts', 'exponential ones', 'resource competition'] 

TOP-K 215: ['sub-exponential autocatalysts', 'higher-order autocatalysts', 'exponential ones', ['resource competition']] 

Reference 215: ['Autocatalysis', 'Exponential growth', 'Sub-exponential growth', 'Resource competition', 'Prebiotic evolution'] 

Sorted_Candidate: [['multisolitons-like patterns'], ['cytoplasmic membrane'], ['complex cubic ginzburg'], ['one-dimensional model'], ['study modulational instability'], ['multiple sacles method'], ['cytosol'], ['landau equation'], ['marks proteins'], ['generic model'], ['cyclic dynamics'], ['marcks'], ['means']] 

Candidates_Dedup: ['multisolitons-like patterns', 'cytoplasmic membrane', 'complex cubic ginzburg', 'one-dimensional model', 'study modulational instability', 'multiple sacles method', 'cytosol', 'landau equation', 'marks proteins', 'generic model', 'cyclic dynamics', 'marcks', 'means'] 

TOP-K 216: ['multisolitons-like patterns', 'cytoplasmic membrane', 'complex cubic ginzburg', 'one-dimensional model', 'study modulational instability', 'multiple sacles method', 'cytosol', 'landau equation', 'marks proteins', 'generic model', 'cyclic dynamics', 'marcks', 'means'] 

Reference 216: ['MARCKS protein', 'Long wavelength instability', 'Patterns formation', 'Multisolitons'] 

Sorted_Candidate: [['epigenetic cancer drug resistance'], ['tumoural growth'], ['complete curative treatment'], ['complete analytical examination'], ['models'], ['mathematical models'], ['modelling approach'], ['treatment holidays'], ['good fit'], ['approach'], ['data'], ['validity'], ['cases']] 

Candidates_Dedup: ['epigenetic cancer drug resistance', 'tumoural growth', 'complete curative treatment', 'complete analytical examination', 'models', 'mathematical models', 'modelling approach', 'treatment holidays', 'good fit', 'approach', 'data', 'validity', 'cases'] 

TOP-K 217: ['epigenetic cancer drug resistance', 'tumoural growth', 'complete curative treatment', 'complete analytical examination', 'models', 'mathematical models', 'modelling approach', 'treatment holidays', 'good fit', 'approach', 'data', 'validity', 'cases'] 

Reference 217: ['Acquired resistance', 'Cancer', 'Phenotypic plasticity', 'Targeted therapy'] 

Sorted_Candidate: [['mesenchymal stem cell-derived exosomes'], ['exosomes'], ['wound healing process'], ['wound healing process'], ['wound healing'], ['cytokines'], ['reparative function'], ['complex clinical burden'], ['skin wounds'], ['multiple cells'], ['different sources']] 

Candidates_Dedup: ['mesenchymal stem cell-derived exosomes', 'exosomes', 'wound healing process', 'wound healing', 'cytokines', 'reparative function', 'complex clinical burden', 'skin wounds', 'multiple cells', 'different sources'] 

TOP-K 218: ['mesenchymal stem cell-derived exosomes', ['exosomes'], 'wound healing process', ['wound healing'], 'cytokines', 'reparative function', 'complex clinical burden', 'skin wounds', 'multiple cells', 'different sources'] 

Reference 218: ['Wound healing', 'Mesenchymal stem cells', 'Exosomes', 'Angiogenesis', 'Therapy'] 

Sorted_Candidate: [['p13k/akt/mtor'], ['key tnbc risk factor'], ['erk/mapk'], ['tnbc'], ['tnbc'], ['jak/stat'], ['leptin'], ['socioeconomic status'], ['well-known links'], ['obesity'], ['obesity'], ['obesity'], ['screening techniques'], ['healthcare access'], ['cultural practices'], ['review article'], ['study'], ['molecules']] 

Candidates_Dedup: ['p13k/akt/mtor', 'key tnbc risk factor', 'erk/mapk', 'tnbc', 'jak/stat', 'leptin', 'socioeconomic status', 'well-known links', 'obesity', 'screening techniques', 'healthcare access', 'cultural practices', 'review article', 'study', 'molecules'] 

TOP-K 219: ['p13k/akt/mtor', 'key tnbc risk factor', 'erk/mapk', 'tnbc', 'jak/stat', 'leptin', 'socioeconomic status', 'well-known links', ['obesity'], 'screening techniques', 'healthcare access', 'cultural practices', 'review article', 'study', 'molecules'] 

Reference 219: ['Triple negative breast cancer', 'Inflammation', 'Obesity', 'Tumor microenvironment', 'Disparity', 'Treatment strategies'] 

Sorted_Candidate: [['structural nephroprotection'], ['azotemia'], ['azotemia'], ['models reduction'], ['untreated controls hbo'], ['toxic aki'], ['aki animals'], ['hbo'], ['hbo']] 

Candidates_Dedup: ['structural nephroprotection', 'azotemia', 'models reduction', 'untreated controls hbo', 'toxic aki', 'aki animals', 'hbo'] 

TOP-K 220: ['structural nephroprotection', ['azotemia'], 'models reduction', 'untreated controls hbo', 'toxic aki', 'aki animals', 'hbo'] 

Reference 220: ['Acute renal failure', 'Nephrotoxicity', 'Hyperbaric oxygenation', 'Creatinine', 'Azotemia', 'Animal models'] 

Sorted_Candidate: [['her3'], ['her3-targeted treatment approaches'], ['her3 detection methods'], ['cancer progression'], ['clinical utility'], ['impact'], ['clinical application'], ['therapy resistance']] 

Candidates_Dedup: ['her3', 'her3-targeted treatment approaches', 'her3 detection methods', 'cancer progression', 'clinical utility', 'impact', 'clinical application', 'therapy resistance'] 

TOP-K 221: ['her3', 'her3-targeted treatment approaches', 'her3 detection methods', 'cancer progression', 'clinical utility', 'impact', 'clinical application', 'therapy resistance'] 

Reference 221: ['HER3ERBB3Breast cancer', 'Oncology', 'Pathological detecting methods'] 

Sorted_Candidate: [['chondrocyte apoptosis'], ['upr-sting-induced inflammation'], ['cgas-sting pathway activation'], ['new oa therapeutic strategies'], ['oa'], ['oa'], ['upr'], ['cartilage destruction'], ['sting crosstalk'], ['inflammation'], ['inflammation'], ['er stress'], ['senescence']] 

Candidates_Dedup: ['chondrocyte apoptosis', 'upr-sting-induced inflammation', 'cgas-sting pathway activation', 'new oa therapeutic strategies', 'oa', 'upr', 'cartilage destruction', 'sting crosstalk', 'inflammation', 'er stress', 'senescence'] 

TOP-K 222: ['chondrocyte apoptosis', 'upr-sting-induced inflammation', 'cgas-sting pathway activation', 'new oa therapeutic strategies', 'oa', 'upr', 'cartilage destruction', 'sting crosstalk', ['inflammation'], 'er stress', 'senescence'] 

Reference 222: ['Endoplasmic reticulum stress', 'Unfolded protein responsec', 'GAS-STING signalling axis', 'Inflammation', 'Osteoarthritis', 'Treatment strategy'] 

Sorted_Candidate: [['diabetic retinopathy'], ['diabetic retinopathy'], ['diabetic retinopathy'], ['diabetic retinopathy'], ['noncoding rnas'], ['noncoding rnas'], ['noncoding rnas'], ['noncoding rnas'], ['endothelial-mesenchymal transduction'], ['small extracellular vesicles'], ['oxidative stress'], ['retinal cells'], ['ferroptosis'], ['pyroptosis'], ['angiogenesis'], ['apoptosis'], ['pathogenesis'], ['therapeutic targets'], ['different pathways'], ['diagnostic value'], ['inflammation'], ['patients']] 

Candidates_Dedup: ['diabetic retinopathy', 'noncoding rnas', 'endothelial-mesenchymal transduction', 'small extracellular vesicles', 'oxidative stress', 'retinal cells', 'ferroptosis', 'pyroptosis', 'angiogenesis', 'apoptosis', 'pathogenesis', 'therapeutic targets', 'different pathways', 'diagnostic value', 'inflammation', 'patients'] 

TOP-K 223: [['diabetic retinopathy'], 'noncoding rnas', 'endothelial-mesenchymal transduction', 'small extracellular vesicles', 'oxidative stress', 'retinal cells', 'ferroptosis', 'pyroptosis', 'angiogenesis', 'apoptosis', 'pathogenesis', 'therapeutic targets', 'different pathways', 'diagnostic value', 'inflammation'] 

Reference 223: ['Diabetic retinopathy', 'Treatment', 'Mechanisms', 'Noncoding RN', 'As', 'Cells', 'Extracellular vesicles'] 

Sorted_Candidate: [['tnf-¦Á/nrf2/¦Á-sma trajectories'], ['glibenclamide'], ['diabetic nephropathy'], ['glibenclamide efficacy'], ['diabetic complications'], ['vitamin b1'], ['calcitriol'], ['vitamin b1 addition'], ['effect'], ['effect']] 

Candidates_Dedup: ['tnf-¦Á/nrf2/¦Á-sma trajectories', 'glibenclamide', 'diabetic nephropathy', 'glibenclamide efficacy', 'diabetic complications', 'vitamin b1', 'calcitriol', 'vitamin b1 addition', 'effect'] 

TOP-K 224: ['tnf-¦Á/nrf2/¦Á-sma trajectories', ['glibenclamide'], 'diabetic nephropathy', 'glibenclamide efficacy', 'diabetic complications', 'vitamin b1', 'calcitriol', 'vitamin b1 addition', 'effect'] 

Reference 224: ['Diabetes', 'Glibenclamide', 'Vitamin B1Calcitriol', 'Nephropathy'] 

Sorted_Candidate: [['hcjgcs'], ['hcjgcs'], ['evs'], ['evs'], ['proinflammatory mediators'], ['spm amount'], ['spm amount'], ['biosynthetic machinery'], ['pro-resolving mediators'], ['female hcjgcs'], ['histamine'], ['male evs'], ['clear sex difference'], ['female evs'], ['allergic response'], ['dha'], ['spms'], ['amount'], ['allergic inflammation'], ['increase'], ['addition']] 

Candidates_Dedup: ['hcjgcs', 'evs', 'proinflammatory mediators', 'spm amount', 'biosynthetic machinery', 'pro-resolving mediators', 'female hcjgcs', 'histamine', 'male evs', 'clear sex difference', 'female evs', 'allergic response', 'dha', 'spms', 'amount', 'allergic inflammation', 'increase', 'addition'] 

TOP-K 225: ['hcjgcs', 'evs', 'proinflammatory mediators', 'spm amount', 'biosynthetic machinery', 'pro-resolving mediators', 'female hcjgcs', ['histamine'], 'male evs', 'clear sex difference', 'female evs', 'allergic response', 'dha', 'spms', 'amount'] 

Reference 225: ['Conjunctiva', 'Goblet cells', 'Allergic conjunctivitis', 'Histamine', 'Polyunsaturated fatty acids', 'Specialized pro-resolving mediator', 'Extracellular vesicles'] 

Sorted_Candidate: [['setanaxib'], ['setanaxib'], ['setanaxib'], ['platelet activation'], ['platelet activation'], ['thrombus formation'], ['selective nox1/4 dual inhibitor'], ['ros generation'], ['ros generation'], ['cardiovascular diseases'], ['therapeutic agent'], ['critical role'], ['nox']] 

Candidates_Dedup: ['setanaxib', 'platelet activation', 'thrombus formation', 'selective nox1/4 dual inhibitor', 'ros generation', 'cardiovascular diseases', 'therapeutic agent', 'critical role', 'nox'] 

TOP-K 226: [['setanaxib'], 'platelet activation', 'thrombus formation', 'selective nox1/4 dual inhibitor', 'ros generation', 'cardiovascular diseases', 'therapeutic agent', 'critical role', 'nox'] 

Reference 226: ['Platelet', 'ROS', 'Dual NOX1/4 inhibitor', 'Setanaxib', 'Antiplatelet', 'Antithrombotic'] 

Sorted_Candidate: [['mc3t3-e1 osteoblasts'], ['sm-exos'], ['sm-exos'], ['osteogenic differentiation'], ['osteogenic differentiation'], ['sarco-osteoporosis'], ['mirna expression'], ['muscle atrophy'], ['nmes'], ['nmes'], ['protective effect'], ['changes']] 

Candidates_Dedup: ['mc3t3-e1 osteoblasts', 'sm-exos', 'osteogenic differentiation', 'sarco-osteoporosis', 'mirna expression', 'muscle atrophy', 'nmes', 'protective effect', 'changes'] 

TOP-K 227: ['mc3t3-e1 osteoblasts', 'sm-exos', 'osteogenic differentiation', 'sarco-osteoporosis', 'mirna expression', 'muscle atrophy', 'nmes', 'protective effect', 'changes'] 

Reference 227: ['Skeletal muscle', 'Exosomes', 'miRNA', 'Osteoporosis'] 

Sorted_Candidate: [['high-glucose conditions'], ['high-glucose conditions'], ['epidermal keratinocytes'], ['epidermal keratinocytes'], ['high-glucose'], ['keratinocytes'], ['keratinocyte susceptibility'], ['high-glucose conditions high-glucose conditions'], ['uvb-induced apoptosis'], ['uvb'], ['uvb-induced ros'], ['photocarcinogenic potential'], ['tfpi2'], ['up-regulation'], ['cpd formation'], ['distinct responses']] 

Candidates_Dedup: ['high-glucose conditions', 'epidermal keratinocytes', 'high-glucose', 'keratinocytes', 'keratinocyte susceptibility', 'high-glucose conditions high-glucose conditions', 'uvb-induced apoptosis', 'uvb', 'uvb-induced ros', 'photocarcinogenic potential', 'tfpi2', 'up-regulation', 'cpd formation', 'distinct responses'] 

TOP-K 228: ['high-glucose conditions', 'epidermal keratinocytes', 'high-glucose', 'keratinocytes', 'keratinocyte susceptibility', 'high-glucose conditions high-glucose conditions', 'uvb-induced apoptosis', 'uvb', 'uvb-induced ros', 'photocarcinogenic potential', 'tfpi2', 'up-regulation', 'cpd formation', 'distinct responses'] 

Reference 228: ['Diabetes', 'Next-generation sequencing', 'Photocarcinogenesis', 'DNA damage', 'Apoptosis'] 

Sorted_Candidate: [['out-of-phase betamethasone'], ['glucocorticoid treatment'], ['in-phase betamethasone treatment'], ['hyperinsulinemia'], ['insulin resistance'], ['measurement'], ['morning measurement'], ['time'], ['outcome']] 

Candidates_Dedup: ['out-of-phase betamethasone', 'glucocorticoid treatment', 'in-phase betamethasone treatment', 'hyperinsulinemia', 'insulin resistance', 'measurement', 'morning measurement', 'time', 'outcome'] 

TOP-K 229: ['out-of-phase betamethasone', 'glucocorticoid treatment', 'in-phase betamethasone treatment', 'hyperinsulinemia', ['insulin resistance'], 'measurement', 'morning measurement', 'time', 'outcome'] 

Reference 229: ['Glucocorticoid', 'Insulin resistance', 'Betamethasone', 'Circadian Rhythm'] 

Sorted_Candidate: [['tpp1'], ['recombinant analog'], ['autophagy-regulatory pathways'], ['intraneuronal accumulation'], ['intraneuronal a¦Â accumulation'], ['tpp1 functions'], ['a¦Â accumulation'], ['ht-22 cells'], ['tpp1 enzyme'], ['lysosomal enzyme'], ['cerliponase'], ['a¦Â'], ['oligomer internalization'], ['little information'], ['pathogenesis'], ['cer'], ['important role'], ['role'], ['ad'], ['ad'], ['part'], ['progression']] 

Candidates_Dedup: ['tpp1', 'recombinant analog', 'autophagy-regulatory pathways', 'intraneuronal accumulation', 'intraneuronal a¦Â accumulation', 'tpp1 functions', 'a¦Â accumulation', 'ht-22 cells', 'tpp1 enzyme', 'lysosomal enzyme', 'cerliponase', 'a¦Â', 'oligomer internalization', 'little information', 'pathogenesis', 'cer', 'important role', 'role', 'ad', 'part', 'progression'] 

TOP-K 230: ['tpp1', 'recombinant analog', 'autophagy-regulatory pathways', 'intraneuronal accumulation', 'intraneuronal a¦Â accumulation', 'tpp1 functions', 'a¦Â accumulation', 'ht-22 cells', 'tpp1 enzyme', 'lysosomal enzyme', 'cerliponase', 'a¦Â', 'oligomer internalization', 'little information', 'pathogenesis'] 

Reference 230: ['Cerliponase alfa', "TPP1Alzheimer's disease", 'Autophagy'] 

Sorted_Candidate: [['egfr-tki-resistant nsclc'], ['egfr-tki-resistant nsclc'], ['egfr-tki-resistant nsclc pr combination'], ['nsclc pr combination'], ['aurora b pathway'], ['synergistic effects'], ['egfr-tkis'], ['apoptosis'], ['effective therapeutic strategy'], ['pr'], ['pr']] 

Candidates_Dedup: ['egfr-tki-resistant nsclc', 'egfr-tki-resistant nsclc pr combination', 'nsclc pr combination', 'aurora b pathway', 'synergistic effects', 'egfr-tkis', 'apoptosis', 'effective therapeutic strategy', 'pr'] 

TOP-K 231: ['egfr-tki-resistant nsclc', 'egfr-tki-resistant nsclc pr combination', 'nsclc pr combination', 'aurora b pathway', 'synergistic effects', 'egfr-tkis', 'apoptosis', 'effective therapeutic strategy', 'pr'] 

Reference 231: ['Lung adenocarcinoma', 'Drug resistance', 'Natural product', 'Herbal medicine', 'Combination therapy', 'Transcriptome'] 

Sorted_Candidate: [['menopausal transition model ea changes avpv acetylcholine chloride metabolism'], ['neuroendocrine aging differential avpv metabolism'], ['transcriptome'], ['effective treatment'], ['ea'], ['gene transcription'], ['validation']] 

Candidates_Dedup: ['menopausal transition model ea changes avpv acetylcholine chloride metabolism', 'neuroendocrine aging differential avpv metabolism', 'transcriptome', 'effective treatment', 'ea', 'gene transcription', 'validation'] 

TOP-K 232: ['menopausal transition model ea changes avpv acetylcholine chloride metabolism', 'neuroendocrine aging differential avpv metabolism', 'transcriptome', 'effective treatment', 'ea', 'gene transcription', 'validation'] 

Reference 232: ['Luteinizing hormone', 'Estradiol', 'Hypothalamus', 'Aging', 'Metabolism'] 

Sorted_Candidate: [['foxo1-rock1 axis-mediated mqc disorders'], ['ros-induced cox7a2l activation'], ['myocardial chronic hypoxic injury'], ['cardiomyocyte protection'], ['mir-27b-3p'], ['cardiomyocyte injury'], ['respiratory chain supercomplex function'], ['foxo1'], ['tof myocardial protection'], ['hypoxia'], ['whole transcriptome sequencing'], ['tof'], ['myocardial samples'], ['prognosis'], ['utr'], ['clinical data'], ['specific mechanism'], ['therapeutic targets'], ['key role'], ['patients'], ['severity']] 

Candidates_Dedup: ['foxo1-rock1 axis-mediated mqc disorders', 'ros-induced cox7a2l activation', 'myocardial chronic hypoxic injury', 'cardiomyocyte protection', 'mir-27b-3p', 'cardiomyocyte injury', 'respiratory chain supercomplex function', 'foxo1', 'tof myocardial protection', 'hypoxia', 'whole transcriptome sequencing', 'tof', 'myocardial samples', 'prognosis', 'utr', 'clinical data', 'specific mechanism', 'therapeutic targets', 'key role', 'patients', 'severity'] 

TOP-K 233: ['foxo1-rock1 axis-mediated mqc disorders', 'ros-induced cox7a2l activation', 'myocardial chronic hypoxic injury', 'cardiomyocyte protection', 'mir-27b-3p', 'cardiomyocyte injury', 'respiratory chain supercomplex function', 'foxo1', 'tof myocardial protection', 'hypoxia', 'whole transcriptome sequencing', 'tof', 'myocardial samples', 'prognosis', 'utr'] 

Reference 233: ['Tetralogy of Fallot', 'Forkhead box O1', 'Mitochondrial quality control', 'Cox7a2L', 'Chronic hypoxia'] 

Sorted_Candidate: [['cloxyquin'], ['cloxyquin'], ['cloxyquin'], ['cloxyquin'], ['ex-vivo'], ['ex-vivo'], ['capsaicin-evoked cgrp release'], ['ex-vivo trigeminal preparations'], ['meningeal mast cell activation'], ['tresk inhibitor a2764'], ['synergistic effect'], ['cgrp'], ['c-fos'], ['sumatriptan'], ['mechanical pain'], ['effects']] 

Candidates_Dedup: ['cloxyquin', 'ex-vivo', 'capsaicin-evoked cgrp release', 'ex-vivo trigeminal preparations', 'meningeal mast cell activation', 'tresk inhibitor a2764', 'synergistic effect', 'cgrp', 'c-fos', 'sumatriptan', 'mechanical pain', 'effects'] 

TOP-K 234: [['cloxyquin'], 'ex-vivo', 'capsaicin-evoked cgrp release', 'ex-vivo trigeminal preparations', 'meningeal mast cell activation', 'tresk inhibitor a2764', 'synergistic effect', ['cgrp'], 'c-fos', 'sumatriptan', 'mechanical pain', 'effects'] 

Reference 234: ['Cloxyquin', 'CGRP', 'Meningeal mast cells', 'Migraine', 'Neurogenic inflammation', 'TRESK background potassium channels'] 

Sorted_Candidate: [['mcd diet-induced nash'], ['rifaximin'], ['rifaximin'], ['rifaximin'], ['gut microbiota'], ['gut microbiota'], ['mcd-induced nash mice'], ['mcd diet'], ['intestinal barrier'], ['intestinal barrier'], ['ppar¦Á'], ['ppar¦Ã'], ['nash'], ['nash'], ['progression'], ['expression']] 

Candidates_Dedup: ['mcd diet-induced nash', 'rifaximin', 'gut microbiota', 'mcd-induced nash mice', 'mcd diet', 'intestinal barrier', 'ppar¦Á', 'ppar¦Ã', 'nash', 'progression', 'expression'] 

TOP-K 235: ['mcd diet-induced nash', ['rifaximin'], ['gut microbiota'], 'mcd-induced nash mice', 'mcd diet', ['intestinal barrier'], 'ppar¦Á', 'ppar¦Ã', 'nash', 'progression', 'expression'] 

Reference 235: ['Gut microbiota', 'Intestinal barrier', 'Peroxisome proliferator-activated receptor', 'Rifaximin', 'Nonalcoholic steatohepatitis'] 

Sorted_Candidate: [['glucose metabolic reprogramming'], ['glucose metabolic reprogramming'], ['time-dependent manner'], ['hela xenograft growth'], ['cervical cancer cells viability'], ['ss'], ['ss'], ['ss'], ['ss'], ['cancer cells'], ['key signaling pathway'], ['ros accumulation'], ['evident toxicity'], ['mtor'], ['dose']] 

Candidates_Dedup: ['glucose metabolic reprogramming', 'time-dependent manner', 'hela xenograft growth', 'cervical cancer cells viability', 'ss', 'cancer cells', 'key signaling pathway', 'ros accumulation', 'evident toxicity', 'mtor', 'dose'] 

TOP-K 236: [['glucose metabolic reprogramming'], 'time-dependent manner', 'hela xenograft growth', 'cervical cancer cells viability', 'ss', 'cancer cells', 'key signaling pathway', 'ros accumulation', 'evident toxicity', 'mtor', 'dose'] 

Reference 236: ['Cervical cancer', 'Glucose metabolic reprogramming', 'Sodium selenite', 'RNA sequencing', 'ROS', 'AKT/mTOR/HIF-1¦Á pathway'] 

Sorted_Candidate: [['covid-19 infection'], ['year post-infection'], ['symptom severity'], ['significant predictors'], ['infection'], ['long covid'], ['shortness'], ['cognitive function'], ['skin symptoms'], ['financial stress'], ['health concerns'], ['physical decline'], ['acute phase'], ['year'], ['minor deterioration'], ['symptoms'], ['female sex'], ['quality'], ['attention'], ['breath'], ['life']] 

Candidates_Dedup: ['covid-19 infection', 'year post-infection', 'symptom severity', 'significant predictors', 'infection', 'long covid', 'shortness', 'cognitive function', 'skin symptoms', 'financial stress', 'health concerns', 'physical decline', 'acute phase', 'year', 'minor deterioration', 'symptoms', 'female sex', 'quality', 'attention', 'breath', 'life'] 

TOP-K 237: ['covid-19 infection', 'year post-infection', 'symptom severity', 'significant predictors', 'infection', ['long covid'], 'shortness', 'cognitive function', 'skin symptoms', 'financial stress', 'health concerns', 'physical decline', 'acute phase', 'year', 'minor deterioration'] 

Reference 237: ['Long COVID', 'Post-COVID condition', 'Longitudinal study', 'Symptom assessment'] 

Sorted_Candidate: [['college covariates'], ['individual-level structural signatures'], ['national random sample'], ['discrete choice model'], ['uses multiple methods'], ['individual change'], ['ecological effects'], ['facebook users'], ['college']] 

Candidates_Dedup: ['college covariates', 'individual-level structural signatures', 'national random sample', 'discrete choice model', 'uses multiple methods', 'individual change', 'ecological effects', 'facebook users', 'college'] 

TOP-K 238: ['college covariates', 'individual-level structural signatures', 'national random sample', 'discrete choice model', 'uses multiple methods', 'individual change', 'ecological effects', 'facebook users', 'college'] 

Reference 238: ['Social networks', 'Closure', 'Persistence', 'Facebook'] 

Sorted_Candidate: [['edge-weighted centralization'], ['outpatient clinics'], ['action networks'], ['action networks'], ['bureaucratic organizations'], ['impersonal relations'], ['visible layouts'], ['routine actions'], ['network density'], ['network structures'], ['physical space'], ['routine variability'], ['network context'], ['variation'], ['sequences'], ['routines']] 

Candidates_Dedup: ['edge-weighted centralization', 'outpatient clinics', 'action networks', 'bureaucratic organizations', 'impersonal relations', 'visible layouts', 'routine actions', 'network density', 'network structures', 'physical space', 'routine variability', 'network context', 'variation', 'sequences', 'routines'] 

TOP-K 239: ['edge-weighted centralization', ['outpatient clinics'], ['action networks'], ['bureaucratic organizations'], 'impersonal relations', 'visible layouts', 'routine actions', 'network density', 'network structures', 'physical space', 'routine variability', 'network context', 'variation', 'sequences', 'routines'] 

Reference 239: ['Network ecology', 'Context', 'Spatial layout', 'Action network', 'Routine dynamics', 'Bureaucratic organization', 'Outpatient clinic'] 

Sorted_Candidate: [['face-to-face social ties'], ['various offline tie-formation mechanisms'], ['digital networks'], ['current theory'], ['new dynamics'], ['digital interaction'], ['theoretical framework'], ['network formation'], ['implications'], ['similarities'], ['evolution'], ['paper'], ['differences'], ['online']] 

Candidates_Dedup: ['face-to-face social ties', 'various offline tie-formation mechanisms', 'digital networks', 'current theory', 'new dynamics', 'digital interaction', 'theoretical framework', 'network formation', 'implications', 'similarities', 'evolution', 'paper', 'differences', 'online'] 

TOP-K 240: ['face-to-face social ties', 'various offline tie-formation mechanisms', 'digital networks', 'current theory', 'new dynamics', 'digital interaction', 'theoretical framework', 'network formation', 'implications', 'similarities', 'evolution', 'paper', 'differences', 'online'] 

Reference 240: ['Internet', 'Online interaction', 'Computational social science', 'Tie-generating mechanisms', 'Theory'] 

Sorted_Candidate: [['tie-formation'], ['tie-formation'], ['social context shapes networks'], ['institutionalization'], ['relational rules'], ['organizational factors'], ['social fields'], ['social relations'], ['cultural rules'], ['contexts'], ['expectations'], ['process'], ['mechanisms'], ['types'], ['ties']] 

Candidates_Dedup: ['tie-formation', 'social context shapes networks', 'institutionalization', 'relational rules', 'organizational factors', 'social fields', 'social relations', 'cultural rules', 'contexts', 'expectations', 'process', 'mechanisms', 'types', 'ties'] 

TOP-K 241: [['tie-formation'], 'social context shapes networks', 'institutionalization', 'relational rules', 'organizational factors', ['social fields'], 'social relations', 'cultural rules', 'contexts', 'expectations', 'process', 'mechanisms', 'types', 'ties'] 

Reference 241: ['Institution', 'Meaning structure', 'Network mechanism', 'Social field', 'Tie-formation'] 

Sorted_Candidate: [['group-based oppositional cultures'], ['likely boys rate high-performing peers'], ['ethnicity-based oppositional cultures'], ['four-wave network panel survey'], ['high performers'], ['high performers'], ['school'], ['school'], ['majority boys'], ['ethnic minority'], ['new data'], ['ses'], ['school characteristics'], ['students'], ['students'], ['girls'], ['germany']] 

Candidates_Dedup: ['group-based oppositional cultures', 'likely boys rate high-performing peers', 'ethnicity-based oppositional cultures', 'four-wave network panel survey', 'high performers', 'school', 'majority boys', 'ethnic minority', 'new data', 'ses', 'school characteristics', 'students', 'girls', 'germany'] 

TOP-K 242: ['group-based oppositional cultures', 'likely boys rate high-performing peers', 'ethnicity-based oppositional cultures', 'four-wave network panel survey', 'high performers', 'school', 'majority boys', 'ethnic minority', 'new data', 'ses', 'school characteristics', 'students', 'girls', 'germany'] 

Reference 242: ['Gender', 'Ethnicity', 'School performance', 'Liking', 'Stochastic actor-oriented models', 'RSIENA'] 

Sorted_Candidate: [['socio-spatial structures'], ['class networksreveal'], ['ic'], ['ic'], ['ic'], ['multilevel model'], ['intergenerational closure'], ['interpersonal conflicts'], ['negative effect'], ['strong effect'], ['neighborhoods'], ['neighborhoods'], ['network ecology'], ['conflict networks'], ['conflicts'], ['conflicts'], ['results'], ['migrants'], ['effects'], ['proportions']] 

Candidates_Dedup: ['socio-spatial structures', 'class networksreveal', 'ic', 'multilevel model', 'intergenerational closure', 'interpersonal conflicts', 'negative effect', 'strong effect', 'neighborhoods', 'network ecology', 'conflict networks', 'conflicts', 'results', 'migrants', 'effects', 'proportions'] 

TOP-K 243: ['socio-spatial structures', 'class networksreveal', 'ic', 'multilevel model', ['intergenerational closure'], ['interpersonal conflicts'], 'negative effect', 'strong effect', 'neighborhoods', ['network ecology'], 'conflict networks', 'conflicts', 'results', 'migrants', 'effects'] 

Reference 243: ['Network ecology', 'Intergenerational closure', 'Diverse neighbourhoods', 'Exponential Random Graph Model', 'Interpersonal conflict'] 

Sorted_Candidate: [['low-wage industries'], ['workplace relationships'], ['workplace relationships'], ['workplace relationships'], ['strong negative association'], ['relationships'], ['workplace relationship formation'], ['unique dataset'], ['negative work conditions'], ['unpredictable work schedules'], ['variable schedules'], ['organizational practices'], ['retail employees'], ['job benefits'], ['collective action'], ['results'], ['number'], ['light'], ['importance']] 

Candidates_Dedup: ['low-wage industries', 'workplace relationships', 'strong negative association', 'relationships', 'workplace relationship formation', 'unique dataset', 'negative work conditions', 'unpredictable work schedules', 'variable schedules', 'organizational practices', 'retail employees', 'job benefits', 'collective action', 'results', 'number', 'light', 'importance'] 

TOP-K 244: ['low-wage industries', ['workplace relationships'], 'strong negative association', 'relationships', 'workplace relationship formation', 'unique dataset', 'negative work conditions', 'unpredictable work schedules', 'variable schedules', ['organizational practices'], 'retail employees', 'job benefits', ['collective action'], 'results', 'number'] 

Reference 244: ['Precarious work', 'Workplace relationships', 'Organizational practices', 'Network ecology', 'Retail industry', 'Collective action'] 

Sorted_Candidate: [['betweenness centrality'], ['closeness centrality'], ['node embeddedness'], ['contextual settings'], ['attribute information'], ['path calculation'], ['upper bounds'], ['classic counterparts'], ['graphs'], ['adaptation'], ['peers'], ['understanding'], ['nodes'], ['values']] 

Candidates_Dedup: ['betweenness centrality', 'closeness centrality', 'node embeddedness', 'contextual settings', 'attribute information', 'path calculation', 'upper bounds', 'classic counterparts', 'graphs', 'adaptation', 'peers', 'understanding', 'nodes', 'values'] 

TOP-K 245: [['betweenness centrality'], ['closeness centrality'], 'node embeddedness', 'contextual settings', 'attribute information', 'path calculation', 'upper bounds', 'classic counterparts', 'graphs', 'adaptation', 'peers', 'understanding', 'nodes', 'values'] 

Reference 245: ['Attributed network', 'Betweenness centrality', 'Closeness centrality', 'Contextual embeddedness'] 

Sorted_Candidate: [['exchange'], ['exchange'], ['exchange'], ['exchange'], ['large market transactions'], ['temporal structure'], ['material context'], ['transactions'], ['transactions'], ['financial markets'], ['respect'], ['reference'], ['mechanism'], ['resource']] 

Candidates_Dedup: ['exchange', 'large market transactions', 'temporal structure', 'material context', 'transactions', 'financial markets', 'respect', 'reference', 'mechanism', 'resource'] 

TOP-K 246: ['exchange', 'large market transactions', 'temporal structure', 'material context', 'transactions', ['financial markets'], 'respect', 'reference', 'mechanism', 'resource'] 

Reference 246: ['Organizational networks', 'Interorganizational exchange', 'Reciprocity', 'Generalized exchange', 'Financial markets', 'Relational Event Models'] 

Sorted_Candidate: [['transitory ties'], ['transitory ties'], ['transitory ties'], ['transitory ties'], ['global fashion modeling industry'], ['workers'], ['workers'], ['workers'], ['core transitory ties'], ['network ecology perspective'], ['gig economy'], ['legitimate information'], ['careers'], ['status']] 

Candidates_Dedup: ['transitory ties', 'global fashion modeling industry', 'workers', 'core transitory ties', 'network ecology perspective', 'gig economy', 'legitimate information', 'careers', 'status'] 

TOP-K 247: [['transitory ties'], 'global fashion modeling industry', 'workers', 'core transitory ties', 'network ecology perspective', 'gig economy', 'legitimate information', ['careers'], 'status'] 

Reference 247: ['Careers', 'Fashion Models', 'Network Ecology', 'Social Capital', 'Transitory Ties', 'Creative Industries', 'Types of Ties'] 

Sorted_Candidate: [['extracurricular activity membership networks'], ['two-mode network selection mechanisms'], ['extracurricular activities'], ['novel yearbook data'], ['mechanisms'], ['comember similarity'], ['several classes'], ['activity selection'], ['selection mechanism'], ['activities'], ['influence'], ['implications'], ['segregation']] 

Candidates_Dedup: ['extracurricular activity membership networks', 'two-mode network selection mechanisms', 'extracurricular activities', 'novel yearbook data', 'mechanisms', 'comember similarity', 'several classes', 'activity selection', 'selection mechanism', 'activities', 'influence', 'implications', 'segregation'] 

TOP-K 248: ['extracurricular activity membership networks', 'two-mode network selection mechanisms', ['extracurricular activities'], 'novel yearbook data', 'mechanisms', 'comember similarity', 'several classes', 'activity selection', 'selection mechanism', 'activities', 'influence', 'implications', ['segregation']] 

Reference 248: ['Race/ethnicity', 'Homophily', 'Segregation', 'Two-mode network', 'Extracurricular activities', 'Stochastic actor-oriented model'] 

Sorted_Candidate: [['dynamic focus theory'], ['dynamic focus theory'], ['dyadic social influence processes'], ['foci'], ['foci'], ['co-evolution'], ['classical focus theory'], ['social tie'], ['multiple networks'], ['processes'], ['tie generators'], ['diffusion points'], ['probability'], ['people']] 

Candidates_Dedup: ['dynamic focus theory', 'dyadic social influence processes', 'foci', 'co-evolution', 'classical focus theory', 'social tie', 'multiple networks', 'processes', 'tie generators', 'diffusion points', 'probability', 'people'] 

TOP-K 249: ['dynamic focus theory', 'dyadic social influence processes', 'foci', 'co-evolution', 'classical focus theory', 'social tie', 'multiple networks', 'processes', 'tie generators', 'diffusion points', 'probability', 'people'] 

Reference 249: ['Social foci', 'Focus theory', 'Network ecology', 'Stochastic actor-oriented models', 'Two-mode networks', 'Tie-generators', 'Diffusion', 'Social influence'] 

Sorted_Candidate: [['bottom-up structural change'], ['internal contextual variation'], ['university collaboration network'], ['tie refunctioning'], ['hss faculty'], ['stem networking strategy'], ['distinct networking practices'], ['faculty'], ['faculty'], ['university'], ['university'], ['multiple ways'], ['multiple types'], ['network ecology'], ['stem'], ['key mechanisms'], ['strategy'], ['network formation'], ['ties'], ['forms'], ['tenure']] 

Candidates_Dedup: ['bottom-up structural change', 'internal contextual variation', 'university collaboration network', 'tie refunctioning', 'hss faculty', 'stem networking strategy', 'distinct networking practices', 'faculty', 'university', 'multiple ways', 'multiple types', 'network ecology', 'stem', 'key mechanisms', 'strategy', 'network formation', 'ties', 'forms', 'tenure'] 

TOP-K 250: ['bottom-up structural change', 'internal contextual variation', 'university collaboration network', 'tie refunctioning', 'hss faculty', 'stem networking strategy', 'distinct networking practices', 'faculty', 'university', 'multiple ways', 'multiple types', ['network ecology'], 'stem', 'key mechanisms', 'strategy'] 

Reference 250: ['Network ecology', 'Networking styles', 'Academic collaboration', 'Multiplex networks', 'Sociology of knowledge'] 

Sorted_Candidate: [['multiple network analysis'], ['social networks gain popularity'], ['multiple network analysis yields'], ['mc simulation design'], ['method advantages'], ['social sciences'], ['multiple networks'], ['robust results'], ['analysis'], ['drawbacks'], ['recommendations'], ['researchers'], ['analyses'], ['paper']] 

Candidates_Dedup: ['multiple network analysis', 'social networks gain popularity', 'multiple network analysis yields', 'mc simulation design', 'method advantages', 'social sciences', 'multiple networks', 'robust results', 'analysis', 'drawbacks', 'recommendations', 'researchers', 'analyses', 'paper'] 

TOP-K 251: [['multiple network analysis'], 'social networks gain popularity', 'multiple network analysis yields', 'mc simulation design', 'method advantages', 'social sciences', 'multiple networks', 'robust results', 'analysis', 'drawbacks', 'recommendations', 'researchers', 'analyses', 'paper'] 

Reference 251: ['ERGM', 'Simulation study', 'Hierarchical modeling', 'Multiple network analysis'] 

Sorted_Candidate: [['word-of-mouth diffusion'], ['preaching-to-the-converted effect'], ['percolation threshold'], ['social reinforcement'], ['percolation process'], ['increasesdiffusion'], ['lowquality'], ['high diffusion'], ['innovations']] 

Candidates_Dedup: ['word-of-mouth diffusion', 'preaching-to-the-converted effect', 'percolation threshold', 'social reinforcement', 'percolation process', 'increasesdiffusion', 'lowquality', 'high diffusion', 'innovations'] 

TOP-K 252: ['word-of-mouth diffusion', 'preaching-to-the-converted effect', 'percolation threshold', ['social reinforcement'], 'percolation process', 'increasesdiffusion', 'lowquality', 'high diffusion', 'innovations'] 

Reference 252: ['Diffusion', 'Word-of-mouth', 'Percolation', 'Homophily', 'Social reinforcement', 'Small worlds'] 

Sorted_Candidate: [['multinomial multilevel logistic regression'], ['difficult tie change'], ['difficult tie change'], ['anchor difficult ties'], ['personal networks'], ['personal networks'], ['difficult ties'], ['similar patterns'], ['network'], ['network change'], ['positive ties'], ['focus'], ['support']] 

Candidates_Dedup: ['multinomial multilevel logistic regression', 'difficult tie change', 'anchor difficult ties', 'personal networks', 'difficult ties', 'similar patterns', 'network', 'network change', 'positive ties', 'focus', 'support'] 

TOP-K 253: ['multinomial multilevel logistic regression', 'difficult tie change', 'anchor difficult ties', ['personal networks'], ['difficult ties'], 'similar patterns', 'network', 'network change', 'positive ties', 'focus', ['support']] 

Reference 253: ['Difficult ties', 'Personal networks', 'Homophily', 'Support', 'Retention'] 

Sorted_Candidate: [['two-mode similarity'], ['two-mode relational similarity'], ['non-iterative measures'], ['two-mode similarity measures'], ['iterated correlations'], ['iterative approach'], ['previous work'], ['projections'], ['paper']] 

Candidates_Dedup: ['two-mode similarity', 'two-mode relational similarity', 'non-iterative measures', 'two-mode similarity measures', 'iterated correlations', 'iterative approach', 'previous work', 'projections', 'paper'] 

TOP-K 254: ['two-mode similarity', 'two-mode relational similarity', 'non-iterative measures', 'two-mode similarity measures', 'iterated correlations', 'iterative approach', 'previous work', ['projections'], 'paper'] 

Reference 254: ['Generalized similarity', 'Duality', 'Two-mode networks', 'Correlation distance', 'Projection'] 

Sorted_Candidate: [['social capital inequalities'], ['social capital'], ['social capital'], ['low-status individuals'], ['voluntary organization yields access'], ['high-status individuals'], ['current involvement patterns'], ['position generator']] 

Candidates_Dedup: ['social capital inequalities', 'social capital', 'low-status individuals', 'voluntary organization yields access', 'high-status individuals', 'current involvement patterns', 'position generator'] 

TOP-K 255: ['social capital inequalities', ['social capital'], 'low-status individuals', 'voluntary organization yields access', 'high-status individuals', 'current involvement patterns', ['position generator']] 

Reference 255: ['Social Capital', 'Position Generator', 'Voluntary Involvement', 'Socioeconomic Status', 'Inequality', 'Germany'] 

Sorted_Candidate: [['parallelizable subsampled maximum pseudo-likelihood estimation method'], ['maximum pseudo-likelihood estimation'], ['maximum likelihood estimation'], ['edge variance'], ['edge variance'], ['edge value variance'], ['ergms'], ['key factor'], ['method performance'], ['networks'], ['hurdle'], ['analysis'], ['computation']] 

Candidates_Dedup: ['parallelizable subsampled maximum pseudo-likelihood estimation method', 'maximum pseudo-likelihood estimation', 'maximum likelihood estimation', 'edge variance', 'edge value variance', 'ergms', 'key factor', 'method performance', 'networks', 'hurdle', 'analysis', 'computation'] 

TOP-K 256: ['parallelizable subsampled maximum pseudo-likelihood estimation method', 'maximum pseudo-likelihood estimation', ['maximum likelihood estimation'], 'edge variance', 'edge value variance', 'ergms', 'key factor', 'method performance', 'networks', 'hurdle', 'analysis', 'computation'] 

Reference 256: ['Contrastive divergence', 'Exponential-family random graph model', 'Markov chain Monte Carlo', 'Maximum likelihood estimation', 'Pseudo likelihood', 'Valued/Weighted networks'] 

Sorted_Candidate: [['roster order effects'], ['roster order effects'], ['indegree outliers'], ['artifactual roster order effects'], ['sociometric nominations'], ['roster name order'], ['sociometric questions'], ['effects'], ['biases'], ['rosters'], ['experimental methods'], ['adolescents'], ['schools'], ['research'], ['conditions'], ['waves']] 

Candidates_Dedup: ['roster order effects', 'indegree outliers', 'artifactual roster order effects', 'sociometric nominations', 'roster name order', 'sociometric questions', 'effects', 'biases', 'rosters', 'experimental methods', 'adolescents', 'schools', 'research', 'conditions', 'waves'] 

TOP-K 257: ['roster order effects', 'indegree outliers', 'artifactual roster order effects', 'sociometric nominations', 'roster name order', 'sociometric questions', 'effects', 'biases', 'rosters', 'experimental methods', 'adolescents', 'schools', 'research', 'conditions', 'waves'] 

Reference 257: ['Data Collection', 'Peer Nomination', 'Name Rosters', 'Measurement Error', 'Adolescent Friendships'] 

Sorted_Candidate: [['cross-dataset cross-annotation settings'], ['various facial annotation schemes'], ['novel face alignment network'], ['diffeomorphic mapping'], ['alignment networks'], ['approach'], ['approach'], ['predictions']] 

Candidates_Dedup: ['cross-dataset cross-annotation settings', 'various facial annotation schemes', 'novel face alignment network', 'diffeomorphic mapping', 'alignment networks', 'approach', 'predictions'] 

TOP-K 258: ['cross-dataset cross-annotation settings', 'various facial annotation schemes', 'novel face alignment network', ['diffeomorphic mapping'], 'alignment networks', 'approach', 'predictions'] 

Reference 258: ['Face alignment', 'Facial landmarks', 'Diffeomorphic mapping', 'Deep learning'] 

Sorted_Candidate: [['state-of-the-art fusion methods'], ['multi-modal fusion attentionmodule'], ['novel multi-modal fusion network'], ['joint-individual fusionstructure'], ['jif-mmfa method'], ['public datasets'], ['dermatological images'], ['metadata'], ['specific features'], ['metadata features'], ['patient'], ['image']] 

Candidates_Dedup: ['state-of-the-art fusion methods', 'multi-modal fusion attentionmodule', 'novel multi-modal fusion network', 'joint-individual fusionstructure', 'jif-mmfa method', 'public datasets', 'dermatological images', 'metadata', 'specific features', 'metadata features', 'patient', 'image'] 

TOP-K 259: ['state-of-the-art fusion methods', 'multi-modal fusion attentionmodule', 'novel multi-modal fusion network', 'joint-individual fusionstructure', 'jif-mmfa method', 'public datasets', 'dermatological images', 'metadata', 'specific features', 'metadata features', 'patient', 'image'] 

Reference 259: ['Skin cancer classification', 'Joint-individual fusion structure', 'Multi-modal fusion attention', 'Dermatological image and metadata'] 

Sorted_Candidate: [['accurate 2d medical image registration'], ['c2fresmorph'], ['resmorph registration network'], ['different datasets'], ['two-stage framework'], ['2d image registration'], ['residual structured loss'], ['generalization'], ['registration performance'], ['experiments'], ['method'], ['effectiveness']] 

Candidates_Dedup: ['accurate 2d medical image registration', 'c2fresmorph', 'resmorph registration network', 'different datasets', 'two-stage framework', '2d image registration', 'residual structured loss', 'generalization', 'registration performance', 'experiments', 'method', 'effectiveness'] 

TOP-K 260: ['accurate 2d medical image registration', 'c2fresmorph', 'resmorph registration network', 'different datasets', 'two-stage framework', '2d image registration', 'residual structured loss', 'generalization', 'registration performance', 'experiments', 'method', 'effectiveness'] 

Reference 260: ['Image registration', 'Convolutional neural networks', 'Multi-head self-attention', 'Unsupervised learning'] 

Sorted_Candidate: [['multi-task mutual fusionmodule'], ['multi-contrast feature aggregationmodule'], ['novel cross-contrast mutual fusion network'], ['multi-contrast feature representations'], ['task-specific features'], ['joint mri reconstruction'], ['extensive experimental results'], ['super-resolution'], ['effectiveness'], ['method']] 

Candidates_Dedup: ['multi-task mutual fusionmodule', 'multi-contrast feature aggregationmodule', 'novel cross-contrast mutual fusion network', 'multi-contrast feature representations', 'task-specific features', 'joint mri reconstruction', 'extensive experimental results', 'super-resolution', 'effectiveness', 'method'] 

TOP-K 261: ['multi-task mutual fusionmodule', 'multi-contrast feature aggregationmodule', 'novel cross-contrast mutual fusion network', 'multi-contrast feature representations', 'task-specific features', 'joint mri reconstruction', 'extensive experimental results', ['super-resolution'], 'effectiveness', 'method'] 

Reference 261: ['Magnetic resonance imaging', 'MRI reconstruction', 'Super-resolution', 'Multi-task learning'] 

Sorted_Candidate: [['shape contours'], ['neural networks'], ['neural networks'], ['complex network model'], ['complex networks'], ['complex networks'], ['output weights'], ['neural network'], ['complex representation'], ['complex representations'], ['shape classification'], ['features']] 

Candidates_Dedup: ['shape contours', 'neural networks', 'complex network model', 'complex networks', 'output weights', 'neural network', 'complex representation', 'complex representations', 'shape classification', 'features'] 

TOP-K 262: ['shape contours', ['neural networks'], 'complex network model', ['complex networks'], 'output weights', ['neural network'], 'complex representation', 'complex representations', 'shape classification', 'features'] 

Reference 262: ['Shape representation', 'Complex network', 'Neural network'] 

Sorted_Candidate: [['universal multilabel multi-scale data analysis method'], ['multi-scale fusion fuzzy uncertainty measures'], ['multi-scale fusion fuzzy label learning'], ['data'], ['experimental results'], ['method'], ['feature evaluation'], ['labels'], ['labels'], ['validity']] 

Candidates_Dedup: ['universal multilabel multi-scale data analysis method', 'multi-scale fusion fuzzy uncertainty measures', 'multi-scale fusion fuzzy label learning', 'data', 'experimental results', 'method', 'feature evaluation', 'labels', 'validity'] 

TOP-K 263: ['universal multilabel multi-scale data analysis method', 'multi-scale fusion fuzzy uncertainty measures', 'multi-scale fusion fuzzy label learning', 'data', 'experimental results', 'method', 'feature evaluation', 'labels', 'validity'] 

Reference 263: ['Multi-scale fuzzy rough sets', 'Multilabel feature selection', 'Missing labels', 'Uncertainty measures'] 

Sorted_Candidate: [['novel unsupervised feature selection'], ['low-redundancy features'], ['cpslr'], ['cpslr'], ['cpslr'], ['latent representation'], ['laplacian matrix'], ['link graph'], ['link graph'], ['data'], ['data'], ['data'], ['data'], ['latent representation space'], ['2-norm constraint'], ['interconnection information'], ['central point matrix'], ['feature transformation matrix'], ['dual graph structure'], ['feature selection'], ['complete data information'], ['data graph'], ['central matrix'], ['specific formula'], ['manifold structure'], ['l2'], ['construct'], ['connections'], ['similarity'], ['paper']] 

Candidates_Dedup: ['novel unsupervised feature selection', 'low-redundancy features', 'cpslr', 'latent representation', 'laplacian matrix', 'link graph', 'data', 'latent representation space', '2-norm constraint', 'interconnection information', 'central point matrix', 'feature transformation matrix', 'dual graph structure', 'feature selection', 'complete data information', 'data graph', 'central matrix', 'specific formula', 'manifold structure', 'l2', 'construct', 'connections', 'similarity', 'paper'] 

TOP-K 264: ['novel unsupervised feature selection', 'low-redundancy features', 'cpslr', 'latent representation', 'laplacian matrix', 'link graph', 'data', 'latent representation space', '2-norm constraint', 'interconnection information', 'central point matrix', 'feature transformation matrix', ['dual graph structure'], 'feature selection', 'complete data information'] 

Reference 264: ['Center matrix', 'Link information', 'Sparse latent representation', 'Unsupervised feature selection', 'Dual graph structure'] 

Sorted_Candidate: [['rotation-invariance'], ['point cloud'], ['point cloud'], ['classification accuracy gains'], ['global features'], ['global features'], ['experimental results'], ['deep fusion'], ['entire space'], ['global information'], ['use'], ['feature']] 

Candidates_Dedup: ['rotation-invariance', 'point cloud', 'classification accuracy gains', 'global features', 'experimental results', 'deep fusion', 'entire space', 'global information', 'use', 'feature'] 

TOP-K 265: ['rotation-invariance', ['point cloud'], 'classification accuracy gains', 'global features', 'experimental results', 'deep fusion', 'entire space', 'global information', 'use', 'feature'] 

Reference 265: ['Point cloud', 'Rotation invariance', 'Local-to-global', 'Deep learning'] 

Sorted_Candidate: [['graph regularization'], ['subspace learning'], ['mutual reinforcement manner'], ['structured graph'], ['iterations'], ['optimization algorithm'], ['consensus information'], ['intrinsic similarities'], ['multiple views'], ['graph learning'], ['samples']] 

Candidates_Dedup: ['graph regularization', 'subspace learning', 'mutual reinforcement manner', 'structured graph', 'iterations', 'optimization algorithm', 'consensus information', 'intrinsic similarities', 'multiple views', 'graph learning', 'samples'] 

TOP-K 266: ['graph regularization', 'subspace learning', 'mutual reinforcement manner', 'structured graph', 'iterations', 'optimization algorithm', 'consensus information', 'intrinsic similarities', 'multiple views', ['graph learning'], 'samples'] 

Reference 266: ['Multi-view clustering', 'Latent space', 'Subspace clustering', 'Graph learning'] 

Sorted_Candidate: [['high-order correlations'], ['intrinsic affinity matrix'], ['global structure'], ['single view'], ['multiple views'], ['views']] 

Candidates_Dedup: ['high-order correlations', 'intrinsic affinity matrix', 'global structure', 'single view', 'multiple views', 'views'] 

TOP-K 267: ['high-order correlations', 'intrinsic affinity matrix', 'global structure', 'single view', 'multiple views', 'views'] 

Reference 267: ['Spectral clustering', 'Multi-view clustering', 'Tensor learning', 'Graph learning'] 

Sorted_Candidate: [['tensor submodule framework'], ['nonconvex norms'], ['construct ssg term'], ['latent structures'], ['representation tensor structures'], ['experimental results'], ['superior performance'], ['2d images'], ['model'], ['convergence'], ['algorithm']] 

Candidates_Dedup: ['tensor submodule framework', 'nonconvex norms', 'construct ssg term', 'latent structures', 'representation tensor structures', 'experimental results', 'superior performance', '2d images', 'model', 'convergence', 'algorithm'] 

TOP-K 268: ['tensor submodule framework', 'nonconvex norms', 'construct ssg term', 'latent structures', 'representation tensor structures', 'experimental results', 'superior performance', '2d images', 'model', 'convergence', 'algorithm'] 

Sorted_Candidate: [['high-quality node representations'], ['higher-order neighbor info'], ['node representations'], ['datasets'], ['oversmoothing'], ['efficient mining'], ['strong evidence'], ['comparative experiments'], ['label rates'], ['experiments'], ['features'], ['features'], ['models'], ['predictions'], ['structure'], ['rules']] 

Candidates_Dedup: ['high-quality node representations', 'higher-order neighbor info', 'node representations', 'datasets', 'oversmoothing', 'efficient mining', 'strong evidence', 'comparative experiments', 'label rates', 'experiments', 'features', 'models', 'predictions', 'structure', 'rules'] 

TOP-K 269: ['high-quality node representations', 'higher-order neighbor info', 'node representations', 'datasets', 'oversmoothing', 'efficient mining', 'strong evidence', 'comparative experiments', 'label rates', 'experiments', 'features', 'models', 'predictions', 'structure', 'rules'] 

Reference 269: ['Attributes mining', 'High-order neighborhood exploration', 'Semi-supervised node classification', 'Graph neural networks'] 

Sorted_Candidate: [['dbscan clustering algorithm'], ['density-reachable condition'], ['quadric fitting surface'], ['over-segmentation'], ['adjacent quadratic patches'], ['normal estimation method'], ['neighborhood information reconstruction'], ['reliable feature information'], ['subsequent segmentation'], ['condition'], ['normal vector'], ['normal distance'], ['nd'], ['characteristic information'], ['subdivision strategy'], ['criterion'], ['issue'], ['proximity'], ['points']] 

Candidates_Dedup: ['dbscan clustering algorithm', 'density-reachable condition', 'quadric fitting surface', 'over-segmentation', 'adjacent quadratic patches', 'normal estimation method', 'neighborhood information reconstruction', 'reliable feature information', 'subsequent segmentation', 'condition', 'normal vector', 'normal distance', 'nd', 'characteristic information', 'subdivision strategy', 'criterion', 'issue', 'proximity', 'points'] 

TOP-K 270: ['dbscan clustering algorithm', 'density-reachable condition', 'quadric fitting surface', 'over-segmentation', 'adjacent quadratic patches', 'normal estimation method', 'neighborhood information reconstruction', 'reliable feature information', 'subsequent segmentation', 'condition', 'normal vector', 'normal distance', 'nd', 'characteristic information', 'subdivision strategy'] 

Reference 270: ['3D point clouds', 'Surface extraction', 'DBSCAN', 'Quadric surface'] 

Sorted_Candidate: [['feature-gate distribution inconsistency'], ['feature-gate couplingmethod'], ['significant pruning performance gains'], ['dynamic channel pruning'], ['fgc'], ['fgc'], ['contrastive loss'], ['effectiveness'], ['experiments']] 

Candidates_Dedup: ['feature-gate distribution inconsistency', 'feature-gate couplingmethod', 'significant pruning performance gains', 'dynamic channel pruning', 'fgc', 'contrastive loss', 'effectiveness', 'experiments'] 

TOP-K 271: ['feature-gate distribution inconsistency', 'feature-gate couplingmethod', 'significant pruning performance gains', 'dynamic channel pruning', 'fgc', 'contrastive loss', 'effectiveness', 'experiments'] 

Reference 271: ['Contrastive self-supervised learning', 'Dynamic network pruning', 'Feature-gate coupling', 'Instance neighborhood relationship'] 

Sorted_Candidate: [['contrastive clustering method cvc'], ['cvc'], ['cvc'], ['contrastive learning'], ['linear classification performances'], ['large margin'], ['generic method'], ['experiments']] 

Candidates_Dedup: ['contrastive clustering method cvc', 'cvc', 'contrastive learning', 'linear classification performances', 'large margin', 'generic method', 'experiments'] 

TOP-K 272: ['contrastive clustering method cvc', 'cvc', ['contrastive learning'], 'linear classification performances', 'large margin', 'generic method', 'experiments'] 

Reference 272: ['Self-supervised learning', 'Contrastive learning', 'Deep clustering'] 

Sorted_Candidate: [['diverse large-scale point cloud datasets'], ['cross-feature fusion'], ['u-net architecture'], ['transformer'], ['transformer'], ['encoder'], ['adaptive perception module'], ['contextual information'], ['novel framework'], ['outstanding performance']] 

Candidates_Dedup: ['diverse large-scale point cloud datasets', 'cross-feature fusion', 'u-net architecture', 'transformer', 'encoder', 'adaptive perception module', 'contextual information', 'novel framework', 'outstanding performance'] 

TOP-K 273: ['diverse large-scale point cloud datasets', 'cross-feature fusion', 'u-net architecture', ['transformer'], 'encoder', 'adaptive perception module', 'contextual information', 'novel framework', 'outstanding performance'] 

Reference 273: ['Transformer', 'Attention', 'Semantic segmentation', 'Point cloud scenarios'] 

Sorted_Candidate: [['mlenet'], ['mlenet'], ['mlenet'], ['fine-grained high-level temporal features'], ['rgb input'], ['modeling temporal structure'], ['differential extraction algorithm'], ['local deep detail information'], ['tfrem'], ['optical flow'], ['long distances'], ['ability'], ['feature'], ['attention']] 

Candidates_Dedup: ['mlenet', 'fine-grained high-level temporal features', 'rgb input', 'modeling temporal structure', 'differential extraction algorithm', 'local deep detail information', 'tfrem', 'optical flow', 'long distances', 'ability', 'feature', 'attention'] 

TOP-K 274: ['mlenet', 'fine-grained high-level temporal features', 'rgb input', 'modeling temporal structure', 'differential extraction algorithm', 'local deep detail information', 'tfrem', 'optical flow', 'long distances', 'ability', 'feature', 'attention'] 

Reference 274: ['Action recognition', 'Spatio-temporal', 'Temporal feature refinement extraction module', 'Motion information', 'Optical flow guided feature'] 

Sorted_Candidate: [['state-of-the-art results'], ['disparity discontinuities'], ['textureless-aware segmentation mergeing edge'], ['strong generalization capability'], ['iterative correlation refinement'], ['confidence estimator'], ['outliers'], ['wmf'], ['textureless areas'], ['ransac'], ['joint hypothesis'], ['extensive experiments'], ['line detection'], ['pixel']] 

Candidates_Dedup: ['state-of-the-art results', 'disparity discontinuities', 'textureless-aware segmentation mergeing edge', 'strong generalization capability', 'iterative correlation refinement', 'confidence estimator', 'outliers', 'wmf', 'textureless areas', 'ransac', 'joint hypothesis', 'extensive experiments', 'line detection', 'pixel'] 

TOP-K 275: ['state-of-the-art results', 'disparity discontinuities', 'textureless-aware segmentation mergeing edge', 'strong generalization capability', 'iterative correlation refinement', 'confidence estimator', 'outliers', 'wmf', 'textureless areas', 'ransac', 'joint hypothesis', 'extensive experiments', 'line detection', 'pixel'] 

Reference 275: ['Multi-view stereo3D reconstruction', 'Filtering', 'Superpixel', 'Segmentation'] 

Sorted_Candidate: [['inter-modalities'], ['human emotional experience'], ['emotional semantic information'], ['user comments'], ['aesthetic learning'], ['emotion information'], ['image aesthetics perception'], ['emotion'], ['aesthetics'], ['intra'], ['interactions']] 

Candidates_Dedup: ['inter-modalities', 'human emotional experience', 'emotional semantic information', 'user comments', 'aesthetic learning', 'emotion information', 'image aesthetics perception', 'emotion', 'aesthetics', 'intra', 'interactions'] 

TOP-K 276: ['inter-modalities', 'human emotional experience', 'emotional semantic information', 'user comments', 'aesthetic learning', 'emotion information', 'image aesthetics perception', 'emotion', 'aesthetics', 'intra', 'interactions'] 

Reference 276: ['Image aesthetics assessment', 'Multimodal learning', 'Image emotion analysis'] 

Sorted_Candidate: [['naive time-consuming adversarial learning strategy'], ['novel bi-level implicit adversarial learning mechanism'], ['dual-path modulated-aggregated enhancer'], ['state-of-the-art approaches'], ['real-world benchmark datasets'], ['low-light conditions'], ['low-light conditions'], ['multi-scale degradation removal branch'], ['collaba gains remarkable performance'], ['collaba'], ['generative modulation priors'], ['lpips'], ['spatial feature transformation'], ['amplification'], ['rmse'], ['intricate challenge'], ['exposure regulation'], ['fresh approach'], ['visual perception'], ['extensive experiments'], ['training'], ['method'], ['stability'], ['images'], ['quality']] 

Candidates_Dedup: ['naive time-consuming adversarial learning strategy', 'novel bi-level implicit adversarial learning mechanism', 'dual-path modulated-aggregated enhancer', 'state-of-the-art approaches', 'real-world benchmark datasets', 'low-light conditions', 'multi-scale degradation removal branch', 'collaba gains remarkable performance', 'collaba', 'generative modulation priors', 'lpips', 'spatial feature transformation', 'amplification', 'rmse', 'intricate challenge', 'exposure regulation', 'fresh approach', 'visual perception', 'extensive experiments', 'training', 'method', 'stability', 'images', 'quality'] 

TOP-K 277: ['naive time-consuming adversarial learning strategy', 'novel bi-level implicit adversarial learning mechanism', 'dual-path modulated-aggregated enhancer', 'state-of-the-art approaches', 'real-world benchmark datasets', 'low-light conditions', 'multi-scale degradation removal branch', 'collaba gains remarkable performance', 'collaba', 'generative modulation priors', 'lpips', 'spatial feature transformation', 'amplification', 'rmse', 'intricate challenge'] 

Reference 277: ['Low-light image', 'Bi-level optimization', 'Image enhancement', 'Deep learning'] 

Sorted_Candidate: [['small chloroplasts myb-related transcription factors target genes'], ['chloroplast biogenesis mutants'], ['angiosperm'], ['angiosperm'], ['liverwort'], ['liverwort'], ['myb-related genes'], ['carbon fixation'], ['glk targets'], ['rewiring'], ['regulators'], ['analysis']] 

Candidates_Dedup: ['small chloroplasts myb-related transcription factors target genes', 'chloroplast biogenesis mutants', 'angiosperm', 'liverwort', 'myb-related genes', 'carbon fixation', 'glk targets', 'rewiring', 'regulators', 'analysis'] 

TOP-K 278: ['small chloroplasts myb-related transcription factors target genes', 'chloroplast biogenesis mutants', 'angiosperm', 'liverwort', 'myb-related genes', 'carbon fixation', 'glk targets', 'rewiring', 'regulators', 'analysis'] 

Reference 278: ['chloroplast biogenesis', 'photosynthesis', 'Marchantia', 'Arabidopsis', 'GLK transcription factor', 'MYB-related transcription factor'] 

Sorted_Candidate: [['tyu19'], ['refractory autoimmune diseases tyu19'], ['healthy donor-derived cd19-targeting car-t product tyu19'], ['refractory imnm tyu19'], ['b cell depletion'], ['extensive fibrotic damage'], ['severe skeletal muscle damage'], ['dcssc'], ['critical organs'], ['patients'], ['patients'], ['patient']] 

Candidates_Dedup: ['tyu19', 'refractory autoimmune diseases tyu19', 'healthy donor-derived cd19-targeting car-t product tyu19', 'refractory imnm tyu19', 'b cell depletion', 'extensive fibrotic damage', 'severe skeletal muscle damage', 'dcssc', 'critical organs', 'patients', 'patient'] 

TOP-K 279: ['tyu19', 'refractory autoimmune diseases tyu19', 'healthy donor-derived cd19-targeting car-t product tyu19', 'refractory imnm tyu19', 'b cell depletion', 'extensive fibrotic damage', 'severe skeletal muscle damage', 'dcssc', 'critical organs', 'patients', 'patient'] 

Reference 279: ['allogeneic CAR-T cellsautoimmune diseasessystemic sclerosismyositis', 'CD19'] 

Sorted_Candidate: [['detectable rh5-specific b cells potency'], ['protective rh5-vaccine-induced antibody responses'], ['rh5 mabs'], ['potent mabs'], ['malaria-exposed individuals'], ['epitope infection'], ['vaccination'], ['rh5 malaria infection'], ['sites'], ['infection'], ['vulnerability']] 

Candidates_Dedup: ['detectable rh5-specific b cells potency', 'protective rh5-vaccine-induced antibody responses', 'rh5 mabs', 'potent mabs', 'malaria-exposed individuals', 'epitope infection', 'vaccination', 'rh5 malaria infection', 'sites', 'infection', 'vulnerability'] 

TOP-K 280: ['detectable rh5-specific b cells potency', 'protective rh5-vaccine-induced antibody responses', 'rh5 mabs', 'potent mabs', 'malaria-exposed individuals', 'epitope infection', 'vaccination', 'rh5 malaria infection', 'sites', 'infection', 'vulnerability'] 

Reference 280: ['RH5', 'Plasmodium falciparum', 'monoclonal antibodies', 'malaria', 'natural infection', 'vaccine design'] 

Sorted_Candidate: [['hcov-hku1'], ['hcov-hku1'], ['tmprss2'], ['tmprss2'], ['hcov-hku1 spike'], ['sialoglycan'], ['potential host range'], ['different receptors'], ['viral spike'], ['recognition mode'], ['complex'], ['structures'], ['entry']] 

Candidates_Dedup: ['hcov-hku1', 'tmprss2', 'hcov-hku1 spike', 'sialoglycan', 'potential host range', 'different receptors', 'viral spike', 'recognition mode', 'complex', 'structures', 'entry'] 

TOP-K 281: [['hcov-hku1'], ['tmprss2'], 'hcov-hku1 spike', 'sialoglycan', 'potential host range', 'different receptors', 'viral spike', 'recognition mode', 'complex', 'structures', 'entry'] 

Reference 281: ['HCoV-HKU1', 'viral entry', 'TMPRSS2', 'proteinaceous receptor', 'glycan receptor'] 

Sorted_Candidate: [['human wdr11-fam91a1 complex wdr11'], ['protein intracellular trafficking wdr11 complex assembly'], ['cytoplasmic tails'], ['cryo-em structure'], ['neuronal development'], ['sac motif'], ['sac motif'], ['cargoes'], ['sac'], ['interaction']] 

Candidates_Dedup: ['human wdr11-fam91a1 complex wdr11', 'protein intracellular trafficking wdr11 complex assembly', 'cytoplasmic tails', 'cryo-em structure', 'neuronal development', 'sac motif', 'cargoes', 'sac', 'interaction'] 

TOP-K 282: ['human wdr11-fam91a1 complex wdr11', 'protein intracellular trafficking wdr11 complex assembly', 'cytoplasmic tails', 'cryo-em structure', ['neuronal development'], 'sac motif', 'cargoes', 'sac', 'interaction'] 

Reference 282: ['vesicle trafficking', 'cargo selection', 'vesicle tethering', 'neuronal development', 'WDR11', 'AP-1'] 

Sorted_Candidate: [['ecm-to-mitochondria communication ecm remodeling'], ['ecm-to-mitochondria communication pathway'], ['tgf-¦Â'], ['tgf-¦Â signaling'], ['ecm'], ['hyaluronan degradation'], ['mitochondrial signaling'], ['immunity']] 

Candidates_Dedup: ['ecm-to-mitochondria communication ecm remodeling', 'ecm-to-mitochondria communication pathway', 'tgf-¦Â', 'tgf-¦Â signaling', 'ecm', 'hyaluronan degradation', 'mitochondrial signaling', 'immunity'] 

TOP-K 283: ['ecm-to-mitochondria communication ecm remodeling', 'ecm-to-mitochondria communication pathway', ['tgf-¦Â'], 'tgf-¦Â signaling', 'ecm', 'hyaluronan degradation', 'mitochondrial signaling', ['immunity']] 

Reference 283: ['extracellular matrix', 'hyaluronan', 'TMEM2', 'mitochondria', 'TGF-¦Â', 'immunity'] 

Sorted_Candidate: [['polya site usage'], ['scrna-seq data distinct components'], ['intronic polya site usage deep learning'], ['heterogeneity'], ['genetic perturbations'], ['polya site usage pasta'], ['rna life cycle'], ['perturbation response'], ['cpa regulators'], ['sequence features'], ['changes']] 

Candidates_Dedup: ['polya site usage', 'scrna-seq data distinct components', 'intronic polya site usage deep learning', 'heterogeneity', 'genetic perturbations', 'polya site usage pasta', 'rna life cycle', 'perturbation response', 'cpa regulators', 'sequence features', 'changes'] 

TOP-K 284: ['polya site usage', 'scrna-seq data distinct components', 'intronic polya site usage deep learning', 'heterogeneity', 'genetic perturbations', 'polya site usage pasta', 'rna life cycle', 'perturbation response', 'cpa regulators', 'sequence features', 'changes'] 

Reference 284: ['cleavage and polyadenylation', 'alternative polyadenylation', 'post-transcriptional regulation', 'Perturb-seq', 'RNA processing'] 

Sorted_Candidate: [['ring-shaped odor-coding pattern'], ['ring-shaped odor code'], ['olfactory sensory neurons calcium imaging'], ['glomerular clusters distinct ring regions'], ['gcamp6s'], ['transgenic line'], ['ecological significance'], ['chemical identity'], ['development']] 

Candidates_Dedup: ['ring-shaped odor-coding pattern', 'ring-shaped odor code', 'olfactory sensory neurons calcium imaging', 'glomerular clusters distinct ring regions', 'gcamp6s', 'transgenic line', 'ecological significance', 'chemical identity', 'development'] 

TOP-K 285: ['ring-shaped odor-coding pattern', 'ring-shaped odor code', 'olfactory sensory neurons calcium imaging', 'glomerular clusters distinct ring regions', 'gcamp6s', 'transgenic line', 'ecological significance', 'chemical identity', 'development'] 

Reference 285: ['Locusta migratoriahemimetabolatwo-photon functional imagingchemotopyolfactory codingglomerular clusterantennal lobe'] 

Sorted_Candidate: [['cftr potentiator-binding site'], ['high oral bioavailability'], ['large-scale molecular docking'], ['promising potentiator'], ['allosteric inhibitors'], ['potentiators'], ['site']] 

Candidates_Dedup: ['cftr potentiator-binding site', 'high oral bioavailability', 'large-scale molecular docking', 'promising potentiator', 'allosteric inhibitors', 'potentiators', 'site'] 

TOP-K 286: ['cftr potentiator-binding site', 'high oral bioavailability', 'large-scale molecular docking', 'promising potentiator', 'allosteric inhibitors', ['potentiators'], 'site'] 

Reference 286: ['ligand discovery', 'anion channel', 'ABC transporter', 'potentiators', 'inhibitors', 'large-scale docking'] 

Sorted_Candidate: [['global microbiome'], ['peptides'], ['peptides'], ['open-access resource'], ['genomic fragmentation'], ['antibiotic discovery'], ['machine learning'], ['new antibiotics'], ['pathogens'], ['ampsphere'], ['sequences']] 

Candidates_Dedup: ['global microbiome', 'peptides', 'open-access resource', 'genomic fragmentation', 'antibiotic discovery', 'machine learning', 'new antibiotics', 'pathogens', 'ampsphere', 'sequences'] 

TOP-K 287: [['global microbiome'], 'peptides', 'open-access resource', 'genomic fragmentation', ['antibiotic discovery'], ['machine learning'], 'new antibiotics', 'pathogens', 'ampsphere', 'sequences'] 

Reference 287: ['machine learning', 'metagenomics', 'antimicrobial peptides', 'antibiotic discovery', 'antimicrobial activity', 'global microbiome', 'antibiotic resistance'] 

Sorted_Candidate: [['eggerthella 21-dehydroxylate host corticoids'], ['21-dehydroxylation genes'], ['functional genomics progestin levels'], ['progestins bacterial production'], ['gordonibacter'], ['gene cluster abundance'], ['hydrogen gas'], ['pregnancy']] 

Candidates_Dedup: ['eggerthella 21-dehydroxylate host corticoids', '21-dehydroxylation genes', 'functional genomics progestin levels', 'progestins bacterial production', 'gordonibacter', 'gene cluster abundance', 'hydrogen gas', 'pregnancy'] 

TOP-K 288: ['eggerthella 21-dehydroxylate host corticoids', '21-dehydroxylation genes', 'functional genomics progestin levels', 'progestins bacterial production', 'gordonibacter', 'gene cluster abundance', ['hydrogen gas'], 'pregnancy'] 

Reference 288: ['21-dehydroxylation', 'hydrogen gas', 'Eggerthella lenta', 'neurosteroids'] 

Sorted_Candidate: [['subdomains'], ['core centromere chromatin'], ['centromere subdomains'], ['centromere subdomain'], ['opposite spindle poles cohesin'], ['merotelic attachments'], ['two-domain structure'], ['discrete microtubule bundle'], ['mitosis'], ['chromosomes'], ['cancer cells'], ['formation']] 

Candidates_Dedup: ['subdomains', 'core centromere chromatin', 'centromere subdomains', 'centromere subdomain', 'opposite spindle poles cohesin', 'merotelic attachments', 'two-domain structure', 'discrete microtubule bundle', 'mitosis', 'chromosomes', 'cancer cells', 'formation'] 

TOP-K 289: ['subdomains', 'core centromere chromatin', 'centromere subdomains', 'centromere subdomain', 'opposite spindle poles cohesin', 'merotelic attachments', 'two-domain structure', 'discrete microtubule bundle', ['mitosis'], 'chromosomes', 'cancer cells', 'formation'] 

Reference 289: ['mitosis', 'centromere', 'kinetochore', 'chromatin organization', 'condensin', 'cohesin', 'chromosomal instability'] 

Sorted_Candidate: [['rat forebrains'], ['function rat forebrains'], ['blastocyst complementation mouse'], ['forebrain agenesis'], ['rat-specific gene expression'], ['complement hesx1'], ['c-crispr'], ['quick candidate gene screening'], ['rat escs'], ['normal structure'], ['mice'], ['mice'], ['mice'], ['mouse rates']] 

Candidates_Dedup: ['rat forebrains', 'function rat forebrains', 'blastocyst complementation mouse', 'forebrain agenesis', 'rat-specific gene expression', 'complement hesx1', 'c-crispr', 'quick candidate gene screening', 'rat escs', 'normal structure', 'mice', 'mouse rates'] 

TOP-K 290: ['rat forebrains', 'function rat forebrains', 'blastocyst complementation mouse', 'forebrain agenesis', 'rat-specific gene expression', 'complement hesx1', ['c-crispr'], 'quick candidate gene screening', 'rat escs', 'normal structure', 'mice', 'mouse rates'] 

Reference 290: ['interspecies chimeras', 'rat-mouse chimeras', 'interspecies blastocyst complementation', 'interspecies neural blastocyst complementation', 'interspecies forebrain blastocyst complementation', 'interspecies organogenesis', 'C-CRISPR'] 

Sorted_Candidate: [['centriolar proteins cluster analysis'], ['centriole assembly dissection'], ['human centriole'], ['sub-structural elements modeling'], ['expansion microscopy'], ['molecular architecture'], ['architectural growth'], ['behavior']] 

Candidates_Dedup: ['centriolar proteins cluster analysis', 'centriole assembly dissection', 'human centriole', 'sub-structural elements modeling', 'expansion microscopy', 'molecular architecture', 'architectural growth', 'behavior'] 

TOP-K 291: ['centriolar proteins cluster analysis', 'centriole assembly dissection', 'human centriole', 'sub-structural elements modeling', ['expansion microscopy'], 'molecular architecture', 'architectural growth', 'behavior'] 

Reference 291: ['centrioles', 'expansion microscopy', 'super-resolution microscopy', 'centriole assembly', 'molecular mapping', 'time-series reconstruction', 'centriole duplication'] 

Sorted_Candidate: [['active zone condensate'], ['active zone condensate'], ['reserve pool condensate'], ['reserve pool condensate'], ['scaffold protein pclo extracts svs'], ['active zone condensate ca2'], ['elks1 pclo'], ['vesicle tethering'], ['pclo'], ['ca2'], ['rimbp'], ['sv transport'], ['response'], ['surface']] 

Candidates_Dedup: ['active zone condensate', 'reserve pool condensate', 'scaffold protein pclo extracts svs', 'active zone condensate ca2', 'elks1 pclo', 'vesicle tethering', 'pclo', 'ca2', 'rimbp', 'sv transport', 'response', 'surface'] 

TOP-K 292: ['active zone condensate', 'reserve pool condensate', 'scaffold protein pclo extracts svs', 'active zone condensate ca2', 'elks1 pclo', 'vesicle tethering', 'pclo', 'ca2', 'rimbp', 'sv transport', 'response', 'surface'] 

Reference 292: ['vesicle transport', 'vesicle trafficking', 'phase separation', 'synaptic vesicle cycling'] 

Sorted_Candidate: [['stt3a'], ['lps receptor tlr4 crispr base editing'], ['ost-a subunit stt3a'], ['nf-¦Êb stt3a'], ['stt3a ngi-1'], ['glycan donor'], ['paralog stt3b'], ['n-glycosylation'], ['drug-binding pocket'], ['membrane localization'], ['cryo-em'], ['lps'], ['productive binding'], ['active site'], ['loss']] 

Candidates_Dedup: ['stt3a', 'lps receptor tlr4 crispr base editing', 'ost-a subunit stt3a', 'nf-¦Êb stt3a', 'stt3a ngi-1', 'glycan donor', 'paralog stt3b', 'n-glycosylation', 'drug-binding pocket', 'membrane localization', 'cryo-em', 'lps', 'productive binding', 'active site', 'loss'] 

TOP-K 293: ['stt3a', 'lps receptor tlr4 crispr base editing', 'ost-a subunit stt3a', 'nf-¦Êb stt3a', 'stt3a ngi-1', 'glycan donor', 'paralog stt3b', ['n-glycosylation'], 'drug-binding pocket', 'membrane localization', 'cryo-em', 'lps', 'productive binding', 'active site', 'loss'] 

Reference 293: ['oligosaccharyltransferase', 'N-glycosylation', 'inhibition mechanism', 'NF-¦ÊB', 'CRISPR screening', 'Toll-like receptors'] 

Sorted_Candidate: [['tumor-specific cytotoxicity itpripl1 antibody'], ['tcr-cd3 complex signaling itpripl1'], ['itpripl1-cd3¦Å interaction'], ['itpripl1as'], ['immune-privileged testis'], ['cd3¦Å ligand'], ['tumors'], ['multiple tumors'], ['growth']] 

Candidates_Dedup: ['tumor-specific cytotoxicity itpripl1 antibody', 'tcr-cd3 complex signaling itpripl1', 'itpripl1-cd3¦Å interaction', 'itpripl1as', 'immune-privileged testis', 'cd3¦Å ligand', 'tumors', 'multiple tumors', 'growth'] 

TOP-K 294: ['tumor-specific cytotoxicity itpripl1 antibody', 'tcr-cd3 complex signaling itpripl1', 'itpripl1-cd3¦Å interaction', 'itpripl1as', 'immune-privileged testis', 'cd3¦Å ligand', 'tumors', 'multiple tumors', 'growth'] 

Reference 294: ['CD3¦Å', 'ITPRIPL1', 'immune checkpoint', 'immune evasion', 'cancer immunotherapy'] 

Sorted_Candidate: [['cholesterol-metabolizing enzymes'], ['cvd oscillibacter species'], ['stool cholesterol homology searches'], ['products oscillibacter species'], ['multi-omic profiling'], ['cholesterol enzymes'], ['metabolites'], ['microbes'], ['fhs'], ['molecular networking'], ['blood']] 

Candidates_Dedup: ['cholesterol-metabolizing enzymes', 'cvd oscillibacter species', 'stool cholesterol homology searches', 'products oscillibacter species', 'multi-omic profiling', 'cholesterol enzymes', 'metabolites', 'microbes', 'fhs', 'molecular networking', 'blood'] 

TOP-K 295: ['cholesterol-metabolizing enzymes', 'cvd oscillibacter species', 'stool cholesterol homology searches', 'products oscillibacter species', 'multi-omic profiling', 'cholesterol enzymes', 'metabolites', 'microbes', 'fhs', 'molecular networking', 'blood'] 

Reference 295: ['Cardiovascular disease', 'Microbiome', 'Metabolome', 'Cholesterol', 'Oscillibacter'] 

Sorted_Candidate: [['ifn-i'], ['developmental stress ifn-i-responsive microglial signature'], ['responsive microglia'], ['cortical development ifn-i deficiency'], ['brain pathology ifn-i-responsive microglia'], ['tactile hypersensitivity'], ['excitatory/inhibitory imbalance'], ['interferon'], ['whole neurons'], ['type']] 

Candidates_Dedup: ['ifn-i', 'developmental stress ifn-i-responsive microglial signature', 'responsive microglia', 'cortical development ifn-i deficiency', 'brain pathology ifn-i-responsive microglia', 'tactile hypersensitivity', 'excitatory/inhibitory imbalance', 'interferon', 'whole neurons', 'type'] 

TOP-K 296: ['ifn-i', 'developmental stress ifn-i-responsive microglial signature', 'responsive microglia', 'cortical development ifn-i deficiency', 'brain pathology ifn-i-responsive microglia', ['tactile hypersensitivity'], 'excitatory/inhibitory imbalance', 'interferon', 'whole neurons', 'type'] 

Reference 296: ['type I interferon', 'microglia', 'neuroimmunity', 'phagocytosis', 'somatosensory cortex', 'cortical development', 'tactile hypersensitivity'] 

Sorted_Candidate: [['first-in-class small-molecule-based mkk4 inhibitor'], ['hrx215'], ['excellent pharmacokinetics'], ['hepatectomy'], ['porcine models'], ['liver regeneration'], ['survival'], ['phase'], ['humans'], ['pigs'], ['trial'], ['treatment'], ['safety']] 

Candidates_Dedup: ['first-in-class small-molecule-based mkk4 inhibitor', 'hrx215', 'excellent pharmacokinetics', 'hepatectomy', 'porcine models', 'liver regeneration', 'survival', 'phase', 'humans', 'pigs', 'trial', 'treatment', 'safety'] 

TOP-K 297: ['first-in-class small-molecule-based mkk4 inhibitor', 'hrx215', 'excellent pharmacokinetics', 'hepatectomy', 'porcine models', ['liver regeneration'], 'survival', 'phase', 'humans', 'pigs', 'trial', 'treatment', 'safety'] 

Reference 297: ['liver', 'liver regeneration', 'liver failure', 'partial hepatectomy', 'MKK4', 'drug discovery and development', 'first-in-human phase I trial'] 

Sorted_Candidate: [['ghmyb33'], ['ghmyb33'], ['verticillium dahliae infection'], ['cotton mir319c-myb33 module'], ['ghspl9 promoter'], ['trade-offs'], ['ghgai1'], ['ghmyb33 expression'], ['ghdfr1 transcription'], ['transcriptional activity'], ['plant resistance'], ['plant growth'], ['plant height'], ['expression'], ['defense']] 

Candidates_Dedup: ['ghmyb33', 'verticillium dahliae infection', 'cotton mir319c-myb33 module', 'ghspl9 promoter', 'trade-offs', 'ghgai1', 'ghmyb33 expression', 'ghdfr1 transcription', 'transcriptional activity', 'plant resistance', 'plant growth', 'plant height', 'expression', 'defense'] 

TOP-K 298: [['ghmyb33'], 'verticillium dahliae infection', 'cotton mir319c-myb33 module', 'ghspl9 promoter', ['trade-offs'], 'ghgai1', 'ghmyb33 expression', 'ghdfr1 transcription', 'transcriptional activity', 'plant resistance', 'plant growth', 'plant height', 'expression', 'defense'] 

Reference 298: ['GhMYB33', 'ghr-miR319c', 'Trade-off', 'Gossypium hirsutum', 'Verticillium dahliae'] 

Sorted_Candidate: [['triticeae-specific tacipk'], ['cipk'], ['tacbl-tacipk'], ['tacipk17-oe'], ['stoichiometric balance'], ['igg analysis'], ['igg analysis'], ['divergent expression'], ['cbl genes'], ['igg method'], ['transgenic plants'], ['drought'], ['drought'], ['evolutionary information'], ['wheat'], ['species'], ['tobacco'], ['relatives'], ['evolution'], ['crop'], ['resistance']] 

Candidates_Dedup: ['triticeae-specific tacipk', 'cipk', 'tacbl-tacipk', 'tacipk17-oe', 'stoichiometric balance', 'igg analysis', 'divergent expression', 'cbl genes', 'igg method', 'transgenic plants', 'drought', 'evolutionary information', 'wheat', 'species', 'tobacco', 'relatives', 'evolution', 'crop', 'resistance'] 

TOP-K 299: ['triticeae-specific tacipk', ['cipk'], 'tacbl-tacipk', 'tacipk17-oe', 'stoichiometric balance', 'igg analysis', 'divergent expression', 'cbl genes', 'igg method', 'transgenic plants', 'drought', 'evolutionary information', 'wheat', 'species', 'tobacco'] 

Reference 299: ['Integrative gene duplication and genome-wide analysis', 'Evolutionary expansion', 'Reverse genetics', 'Triticeae species', 'CBL', 'CIPK'] 

Sorted_Candidate: [['broad host range'], ['broad host range viral vector system'], ['virus'], ['tissue culture-free genome editing'], ['wheat dwarf india virus'], ['genome editing'], ['viral vector'], ['first geminivirus'], ['wide host range'], ['dicot plants'], ['single vector system'], ['soybean'], ['wdiv'], ['virus genome'], ['reverse genetics'], ['oat'], ['study'], ['study'], ['wheat'], ['monocot'], ['tobacco plants'], ['capability'], ['barley'], ['corn']] 

Candidates_Dedup: ['broad host range', 'broad host range viral vector system', 'virus', 'tissue culture-free genome editing', 'wheat dwarf india virus', 'genome editing', 'viral vector', 'first geminivirus', 'wide host range', 'dicot plants', 'single vector system', 'soybean', 'wdiv', 'virus genome', 'reverse genetics', 'oat', 'study', 'wheat', 'monocot', 'tobacco plants', 'capability', 'barley', 'corn'] 

TOP-K 300: ['broad host range', 'broad host range viral vector system', 'virus', 'tissue culture-free genome editing', 'wheat dwarf india virus', ['genome editing'], 'viral vector', 'first geminivirus', 'wide host range', 'dicot plants', 'single vector system', 'soybean', ['wdiv'], 'virus genome', 'reverse genetics'] 

Reference 300: ['WDIV', 'AYLCB', 'Monocot-dicot barrier', 'Gene silencing', 'Genome editing'] 

Sorted_Candidate: [['multilineage stem/progenitor cells'], ['nestin'], ['nestin'], ['nestin'], ['nestin'], ['nestin'], ['potential clinical implications'], ['review'], ['review'], ['cells'], ['cells'], ['cells'], ['current findings'], ['current studies'], ['different systems'], ['tissue regeneration'], ['cell populations'], ['key factor'], ['potential'], ['tissue development'], ['regulation'], ['relationship'], ['limitations'], ['body'], ['applications'], ['contribution'], ['marker'], ['article'], ['distribution']] 

Candidates_Dedup: ['multilineage stem/progenitor cells', 'nestin', 'potential clinical implications', 'review', 'cells', 'current findings', 'current studies', 'different systems', 'tissue regeneration', 'cell populations', 'key factor', 'potential', 'tissue development', 'regulation', 'relationship', 'limitations', 'body', 'applications', 'contribution', 'marker', 'article', 'distribution'] 

TOP-K 301: ['multilineage stem/progenitor cells', ['nestin'], 'potential clinical implications', 'review', 'cells', 'current findings', 'current studies', 'different systems', 'tissue regeneration', 'cell populations', 'key factor', 'potential', 'tissue development', 'regulation', 'relationship'] 

Reference 301: ['Intermediate filament proteins', 'Nestin', 'Stem cells', 'Progenitor cells', 'Biomarkers'] 

Sorted_Candidate: [['tlr9'], ['tlr9'], ['tlr9'], ['cardiac-specific tlr9 overexpression'], ['diabetic mice relieved cardiac dysfunction'], ['k48-linked ubiquitination'], ['diabetic cardiac damage'], ['proteasomal degradation'], ['triad3a'], ['remodeling'], ['canonical inflammatory signaling'], ['pgc-1'], ['dysfunction'], ['energy metabolism'], ['diabetes heart'], ['ampk'], ['defense']] 

Candidates_Dedup: ['tlr9', 'cardiac-specific tlr9 overexpression', 'diabetic mice relieved cardiac dysfunction', 'k48-linked ubiquitination', 'diabetic cardiac damage', 'proteasomal degradation', 'triad3a', 'remodeling', 'canonical inflammatory signaling', 'pgc-1', 'dysfunction', 'energy metabolism', 'diabetes heart', 'ampk', 'defense'] 

TOP-K 302: ['tlr9', 'cardiac-specific tlr9 overexpression', 'diabetic mice relieved cardiac dysfunction', 'k48-linked ubiquitination', 'diabetic cardiac damage', 'proteasomal degradation', 'triad3a', 'remodeling', 'canonical inflammatory signaling', 'pgc-1', 'dysfunction', 'energy metabolism', 'diabetes heart', 'ampk', 'defense'] 

Reference 302: ['Diabetic cardiomyopathy', 'Toll-like receptor 9Triad3A', 'Ubiquitination', 'Mitochondrial bioenergetics'] 

Sorted_Candidate: [['anti-tumor effect'], ['endotoxicity'], ['clya'], ['clya'], ['auxotrophic salmonella'], ['salmonella'], ['salmonella'], ['qs signaling'], ['tumor invasion'], ['cancer model'], ['mouse ct'], ['lipid'], ['cell density'], ['reduction'], ['expression'], ['modification'], ['tumors'], ['safety']] 

Candidates_Dedup: ['anti-tumor effect', 'endotoxicity', 'clya', 'auxotrophic salmonella', 'salmonella', 'qs signaling', 'tumor invasion', 'cancer model', 'mouse ct', 'lipid', 'cell density', 'reduction', 'expression', 'modification', 'tumors', 'safety'] 

TOP-K 303: ['anti-tumor effect', 'endotoxicity', 'clya', 'auxotrophic salmonella', ['salmonella'], 'qs signaling', 'tumor invasion', 'cancer model', 'mouse ct', 'lipid', 'cell density', 'reduction', 'expression', 'modification', 'tumors'] 

Reference 303: ['Salmonella', 'Tumoricidal activity', 'Reduced endotoxicity', 'Tryptophan auxotroph', 'Cytolysin A', 'Quorum sensing'] 

Sorted_Candidate: [['left atrial appendage'], ['left atrial appendage'], ['dedifferentiated cardiomyocytes'], ['m2-like macrophages'], ['vascular remodeling pathway'], ['genes sorbs2'], ['transcriptional features'], ['excessive infiltration'], ['stress transcription factors'], ['first time'], ['af'], ['af'], ['af'], ['cellular composition'], ['cd8'], ['af patients'], ['cells'], ['importance']] 

Candidates_Dedup: ['left atrial appendage', 'dedifferentiated cardiomyocytes', 'm2-like macrophages', 'vascular remodeling pathway', 'genes sorbs2', 'transcriptional features', 'excessive infiltration', 'stress transcription factors', 'first time', 'af', 'cellular composition', 'cd8', 'af patients', 'cells', 'importance'] 

TOP-K 304: ['left atrial appendage', 'dedifferentiated cardiomyocytes', 'm2-like macrophages', 'vascular remodeling pathway', 'genes sorbs2', 'transcriptional features', 'excessive infiltration', 'stress transcription factors', 'first time', 'af', 'cellular composition', 'cd8', 'af patients', 'cells', 'importance'] 

Reference 304: ['Atrial fibrillation', 'Single-nuclei RNA-sequencing', 'Cardiomyocyte dedifferentiation', 'Epicardial adipose tissue', 'Left atrial appendage remodeling'] 

Sorted_Candidate: [['lcacs'], ['lcacs'], ['lcacs'], ['lcacs'], ['lcacs'], ['prognostic biomarkers'], ['astrocytic mitochondrial damage'], ['neuronal damage'], ['mitochondria'], ['astrocytes'], ['lipid droplets'], ['ais'], ['ffas'], ['stroke injury']] 

Candidates_Dedup: ['lcacs', 'prognostic biomarkers', 'astrocytic mitochondrial damage', 'neuronal damage', 'mitochondria', 'astrocytes', 'lipid droplets', 'ais', 'ffas', 'stroke injury'] 

TOP-K 305: ['lcacs', 'prognostic biomarkers', 'astrocytic mitochondrial damage', 'neuronal damage', 'mitochondria', 'astrocytes', ['lipid droplets'], 'ais', 'ffas', 'stroke injury'] 

Reference 305: ['Long-chain acylcarnitine', 'Ischemic stroke', 'Biomarker', 'Astrocytic mitochondrial', 'Lipid droplet'] 

Sorted_Candidate: [['liver metastasis'], ['liver metastasis'], ['liver metastasis'], ['liver metastasis'], ['immunotolerance'], ['common tumor environment immunotolerance'], ['guides immunotherapy/prognosis'], ['prognosis'], ['liver metastasis common features'], ['low immune cells expression'], ['metastatic cancers'], ['cancer types'], ['cancer types'], ['krt19'], ['main features'], ['key role'], ['patients'], ['patients'], ['part']] 

Candidates_Dedup: ['liver metastasis', 'immunotolerance', 'common tumor environment immunotolerance', 'guides immunotherapy/prognosis', 'prognosis', 'liver metastasis common features', 'low immune cells expression', 'metastatic cancers', 'cancer types', 'krt19', 'main features', 'key role', 'patients', 'part'] 

TOP-K 306: [['liver metastasis'], ['immunotolerance'], 'common tumor environment immunotolerance', 'guides immunotherapy/prognosis', 'prognosis', 'liver metastasis common features', 'low immune cells expression', 'metastatic cancers', 'cancer types', ['krt19'], 'main features', 'key role', 'patients', 'part'] 

Reference 306: ['Liver metastasis', 'Pan-cancer', 'Immunotolerance', 'Immunotherapy', 'KRT19'] 

Sorted_Candidate: [['mettl3-mediated c-myc mrna m6a modification'], ['mettl3'], ['upregulated-expression'], ['escc'], ['fn'], ['fn'], ['fn'], ['mettl3/myc axis'], ['escc tumorigenesis'], ['mettl3 expression'], ['fn-infection'], ['escc cells proliferation'], ['escc tissues'], ['metastasis'], ['migration']] 

Candidates_Dedup: ['mettl3-mediated c-myc mrna m6a modification', 'mettl3', 'upregulated-expression', 'escc', 'fn', 'mettl3/myc axis', 'escc tumorigenesis', 'mettl3 expression', 'fn-infection', 'escc cells proliferation', 'escc tissues', 'metastasis', 'migration'] 

TOP-K 307: ['mettl3-mediated c-myc mrna m6a modification', ['mettl3'], 'upregulated-expression', 'escc', 'fn', 'mettl3/myc axis', 'escc tumorigenesis', 'mettl3 expression', 'fn-infection', 'escc cells proliferation', 'escc tissues', 'metastasis', 'migration'] 

Reference 307: ['Fusobacterium nucleatum', 'METTL3', 'm6A methylation', 'c-Myc', 'Esophageal squamous cell carcinoma'] 

Sorted_Candidate: [['glycosylation changes'], ['site-specific glycosylation changes'], ['glycoproteomics'], ['glycoproteomes'], ['bioinformatic analyses'], ['glycobiology processes'], ['plasma glycoproteomics'], ['biomarker applications'], ['reproducible coverage'], ['single protein molecules'], ['chemometric analyses'], ['disease'], ['disease'], ['integral interpretation'], ['clinical applications'], ['great potential'], ['disease samples']] 

Candidates_Dedup: ['glycosylation changes', 'site-specific glycosylation changes', 'glycoproteomics', 'glycoproteomes', 'bioinformatic analyses', 'glycobiology processes', 'plasma glycoproteomics', 'biomarker applications', 'reproducible coverage', 'single protein molecules', 'chemometric analyses', 'disease', 'integral interpretation', 'clinical applications', 'great potential', 'disease samples'] 

TOP-K 308: ['glycosylation changes', 'site-specific glycosylation changes', ['glycoproteomics'], ['glycoproteomes'], 'bioinformatic analyses', 'glycobiology processes', 'plasma glycoproteomics', 'biomarker applications', 'reproducible coverage', 'single protein molecules', 'chemometric analyses', 'disease', 'integral interpretation', ['clinical applications'], 'great potential'] 

Reference 308: ['Glycosylation', 'Glycoproteomics', 'Blood plasma', 'Congenital disorders of glycosylation', 'Clinical applications'] 

Sorted_Candidate: [['alkbh5'], ['alkbh5'], ['alkbh5'], ['alkbh5'], ['cardiac rupture'], ['cardiac rupture'], ['fibroblasts'], ['alkbh5/erbb4'], ['erbb4 mrna demethylation'], ['hypoxia-related role'], ['fibroblast activation'], ['post-mi repair phase'], ['cardiac fibroblasts'], ['possible therapeutic targets'], ['deteriorated cardiac function'], ['important protective role'], ['study identities'], ['occurrence'], ['loss']] 

Candidates_Dedup: ['alkbh5', 'cardiac rupture', 'fibroblasts', 'alkbh5/erbb4', 'erbb4 mrna demethylation', 'hypoxia-related role', 'fibroblast activation', 'post-mi repair phase', 'cardiac fibroblasts', 'possible therapeutic targets', 'deteriorated cardiac function', 'important protective role', 'study identities', 'occurrence', 'loss'] 

TOP-K 309: [['alkbh5'], ['cardiac rupture'], 'fibroblasts', 'alkbh5/erbb4', 'erbb4 mrna demethylation', 'hypoxia-related role', 'fibroblast activation', 'post-mi repair phase', 'cardiac fibroblasts', 'possible therapeutic targets', 'deteriorated cardiac function', 'important protective role', 'study identities', 'occurrence', 'loss'] 

Reference 309: ['m6A modification', 'ALKBH5', 'Myocardial infarction', 'Cardiac rupture', 'Hypoxia', 'ErbB4'] 

Sorted_Candidate: [['pcsk9'], ['pcsk9'], ['pcsk9'], ['rheumatoid arthritis rats'], ['collagen-induced arthritis rats'], ['atrial structural remodeling'], ['evolocumabreduces'], ['m1 macrophages polarization'], ['susceptibility'], ['ra patients'], ['ra patients'], ['af'], ['af'], ['af risk'], ['level']] 

Candidates_Dedup: ['pcsk9', 'rheumatoid arthritis rats', 'collagen-induced arthritis rats', 'atrial structural remodeling', 'evolocumabreduces', 'm1 macrophages polarization', 'susceptibility', 'ra patients', 'af', 'af risk', 'level'] 

TOP-K 310: [['pcsk9'], 'rheumatoid arthritis rats', 'collagen-induced arthritis rats', 'atrial structural remodeling', 'evolocumabreduces', 'm1 macrophages polarization', 'susceptibility', 'ra patients', 'af', 'af risk', 'level'] 

Reference 310: ['Rheumatoid arthritis', 'Atrial fibrillation', 'PCSK9', 'Evolocumab'] 

Sorted_Candidate: [['gsdmd-mediated pyroptosis'], ['iir injury'], ['iir injury'], ['iir injury'], ['gsdmd cleavage'], ['macrophage involvement'], ['macrophages'], ['mannan'], ['mannan'], ['single-fungal strains'], ['saa1 expression'], ['enteric fungi diversity'], ['protective role'], ['iecs'], ['fungal colonization'], ['fungi']] 

Candidates_Dedup: ['gsdmd-mediated pyroptosis', 'iir injury', 'gsdmd cleavage', 'macrophage involvement', 'macrophages', 'mannan', 'single-fungal strains', 'saa1 expression', 'enteric fungi diversity', 'protective role', 'iecs', 'fungal colonization', 'fungi'] 

TOP-K 311: ['gsdmd-mediated pyroptosis', 'iir injury', 'gsdmd cleavage', 'macrophage involvement', 'macrophages', ['mannan'], 'single-fungal strains', 'saa1 expression', 'enteric fungi diversity', 'protective role', 'iecs', 'fungal colonization', 'fungi'] 

Reference 311: ['Enteric fungi', 'Intestinal ischemia¨Creperfusion injury', 'Mannan', 'Antifungal therapy', 'Pyroptosis'] 

Sorted_Candidate: [['cdk2-dependent phosphorylation'], ['trim32'], ['trim32'], ['trim32'], ['trim32'], ['tc45-dephosphorylated stat3'], ['cdk2/trim32/stat3 pathway'], ['cis-trans isomerization'], ['cdk2'], ['radioresistance'], ['radioresistance'], ['triple-negative breast cancer'], ['tnbc'], ['tnbc'], ['importin ¦Á3 binding'], ['stat3'], ['nuclear translocation'], ['nuclear trim32'], ['tnbc therapy'], ['serines'], ['pin1'], ['radiotherapy'], ['binding'], ['promising strategy'], ['transcription']] 

Candidates_Dedup: ['cdk2-dependent phosphorylation', 'trim32', 'tc45-dephosphorylated stat3', 'cdk2/trim32/stat3 pathway', 'cis-trans isomerization', 'cdk2', 'radioresistance', 'triple-negative breast cancer', 'tnbc', 'importin ¦Á3 binding', 'stat3', 'nuclear translocation', 'nuclear trim32', 'tnbc therapy', 'serines', 'pin1', 'radiotherapy', 'binding', 'promising strategy', 'transcription'] 

TOP-K 312: ['cdk2-dependent phosphorylation', ['trim32'], 'tc45-dephosphorylated stat3', 'cdk2/trim32/stat3 pathway', 'cis-trans isomerization', ['cdk2'], ['radioresistance'], ['triple-negative breast cancer'], 'tnbc', 'importin ¦Á3 binding', 'stat3', ['nuclear translocation'], 'nuclear trim32', 'tnbc therapy', 'serines'] 

Reference 312: ['CDK2', 'TRIM32', 'Nuclear translocation', 'Radioresistance', 'Triple-negative breast cancer'] 

Sorted_Candidate: [['virulent/resistant genotypes'], ['virulent/resistant genotypes'], ['cyp4c61'], ['cyp4c61'], ['n. lugens'], ['n. lugens'], ['imidacloprid-resistant n. lugens population'], ['avirulent/susceptible genotype'], ['insecticide resistance-related genes'], ['resistant rice'], ['insecticide usage'], ['resistant rice ir36'], ['corresponding alleles'], ['genes'], ['adaptation'], ['china'], ['frequencies']] 

Candidates_Dedup: ['virulent/resistant genotypes', 'cyp4c61', 'n. lugens', 'imidacloprid-resistant n. lugens population', 'avirulent/susceptible genotype', 'insecticide resistance-related genes', 'resistant rice', 'insecticide usage', 'resistant rice ir36', 'corresponding alleles', 'genes', 'adaptation', 'china', 'frequencies'] 

TOP-K 313: ['virulent/resistant genotypes', 'cyp4c61', 'n. lugens', 'imidacloprid-resistant n. lugens population', 'avirulent/susceptible genotype', 'insecticide resistance-related genes', 'resistant rice', 'insecticide usage', 'resistant rice ir36', 'corresponding alleles', 'genes', 'adaptation', 'china', 'frequencies'] 

Reference 313: ['Evolution', 'Insecticide resistance', 'Insect-resistant rice', 'Interaction', 'Population genetic structure'] 

Sorted_Candidate: [['fumonisinscontamination'], ['fumonisins contamination'], ['biotechnological approaches'], ['decontamination'], ['fums contamination'], ['significant economic losses'], ['major strategies'], ['strategies'], ['prospects'], ['technologies'], ['mechanisms'], ['points'], ['recommendation'], ['management'], ['application'], ['prevention'], ['food']] 

Candidates_Dedup: ['fumonisinscontamination', 'fumonisins contamination', 'biotechnological approaches', 'decontamination', 'fums contamination', 'significant economic losses', 'major strategies', 'strategies', 'prospects', 'technologies', 'mechanisms', 'points', 'recommendation', 'management', 'application', 'prevention', 'food'] 

TOP-K 314: ['fumonisinscontamination', 'fumonisins contamination', 'biotechnological approaches', ['decontamination'], 'fums contamination', 'significant economic losses', 'major strategies', 'strategies', 'prospects', 'technologies', 'mechanisms', 'points', 'recommendation', 'management', 'application'] 

Reference 314: ['Mycotoxins', 'Fumonisins', 'Control strategies', 'Food safety', 'Decontamination', 'Biotechnology'] 

Sorted_Candidate: [['¦Ákg/tet2/ppar¦Ã axis'], ['gaba-metabolizing bacteria'], ['ams homeostasis'], ['lactobaceace abundance'], ['disturbing gut microbiome'], ['microbial gaba'], ['gaba level'], ['respiratory viral infection'], ['psychological stress'], ['psychological stress'], ['replenishment'], ['adverse effect'], ['stress'], ['viral pneumonia']] 

Candidates_Dedup: ['¦Ákg/tet2/ppar¦Ã axis', 'gaba-metabolizing bacteria', 'ams homeostasis', 'lactobaceace abundance', 'disturbing gut microbiome', 'microbial gaba', 'gaba level', 'respiratory viral infection', 'psychological stress', 'replenishment', 'adverse effect', 'stress', 'viral pneumonia'] 

TOP-K 315: ['¦Ákg/tet2/ppar¦Ã axis', 'gaba-metabolizing bacteria', 'ams homeostasis', 'lactobaceace abundance', 'disturbing gut microbiome', 'microbial gaba', 'gaba level', ['respiratory viral infection'], ['psychological stress'], 'replenishment', 'adverse effect', 'stress', 'viral pneumonia'] 

Reference 315: ['Psychological stress', 'Gut microbiome', 'Alveolar macrophages', 'GABA', 'Respiratory viral infection'] 

Sorted_Candidate: [['ii-1'], ['ii-1'], ['1,2,4-triazole derivatives'], ['new thiosemicarbazide'], ['pathogenic nematode species'], ['cyp450 enzymes'], ['anthelmintic activity'], ['compound ii-1'], ['silico studies'], ['compound'], ['compound'], ['sdh enzyme'], ['potential molecular targets'], ['systemic toxicity'], ['tubulin'], ['studies'], ['degree'], ['inhibition'], ['concentration'], ['literature']] 

Candidates_Dedup: ['ii-1', '1,2,4-triazole derivatives', 'new thiosemicarbazide', 'pathogenic nematode species', 'cyp450 enzymes', 'anthelmintic activity', 'compound ii-1', 'silico studies', 'compound', 'sdh enzyme', 'potential molecular targets', 'systemic toxicity', 'tubulin', 'studies', 'degree', 'inhibition', 'concentration', 'literature'] 

TOP-K 316: ['ii-1', '1,2,4-triazole derivatives', 'new thiosemicarbazide', 'pathogenic nematode species', 'cyp450 enzymes', 'anthelmintic activity', 'compound ii-1', 'silico studies', 'compound', 'sdh enzyme', 'potential molecular targets', 'systemic toxicity', 'tubulin', 'studies', 'degree'] 

Reference 316: ['Anthelmintic therapy', 'Nematicidal compounds', 'Rhabditis sp.Haemonchus contortus', 'Strongylidae sp.Heligmosomoides polygyrus/bakeri'] 

Sorted_Candidate: [['exogenous c1p'], ['cerk inhibition'], ['cerk inhibition'], ['cerk inhibition'], ['arntl autophagic degradation'], ['exogenous c1p treatment'], ['hape'], ['hape'], ['hape'], ['mitophagy defects'], ['arntl expression'], ['circadian rhythm'], ['oxidative stress'], ['effective therapeutic strategy'], ['protective effect'], ['mitochondrial dynamics'], ['severity']] 

Candidates_Dedup: ['exogenous c1p', 'cerk inhibition', 'arntl autophagic degradation', 'exogenous c1p treatment', 'hape', 'mitophagy defects', 'arntl expression', 'circadian rhythm', 'oxidative stress', 'effective therapeutic strategy', 'protective effect', 'mitochondrial dynamics', 'severity'] 

TOP-K 317: ['exogenous c1p', 'cerk inhibition', 'arntl autophagic degradation', 'exogenous c1p treatment', 'hape', 'mitophagy defects', 'arntl expression', ['circadian rhythm'], 'oxidative stress', 'effective therapeutic strategy', 'protective effect', ['mitochondrial dynamics'], 'severity'] 

Reference 317: ['Ceramide-1-phosphate', 'Hypoxia', 'Pulmonary edema', 'Circadian rhythm', 'Mitochondrial dynamics'] 

Sorted_Candidate: [['quinoline photoinitiators'], ['photopolymerization process'], ['qnma photoinitiators'], ['camphorquinone'], ['rigid udma polymers'], ['udma'], ['efficient polymerization'], ['qnoh'], ['radical generation process'], ['uv light'], ['reactivity'], ['theoretical calculations'], ['suitable alternative'], ['type']] 

Candidates_Dedup: ['quinoline photoinitiators', 'photopolymerization process', 'qnma photoinitiators', 'camphorquinone', 'rigid udma polymers', 'udma', 'efficient polymerization', 'qnoh', 'radical generation process', 'uv light', 'reactivity', 'theoretical calculations', 'suitable alternative', 'type'] 

TOP-K 318: ['quinoline photoinitiators', 'photopolymerization process', 'qnma photoinitiators', 'camphorquinone', 'rigid udma polymers', 'udma', 'efficient polymerization', 'qnoh', 'radical generation process', 'uv light', 'reactivity', 'theoretical calculations', 'suitable alternative', 'type'] 

Reference 318: ['Quinoline derivatives', 'Photoinitiator', 'Photopolymerization', 'Fluorescent polymers', 'Density functional theory'] 

Sorted_Candidate: [['lignocellulosic biomass'], ['preferred lignocellulosic biomass'], ['specific supramolecular structure'], ['lcn'], ['lcn'], ['lcn'], ['lcn'], ['oad hydrolysis treatment'], ['crystallinity'], ['bpb'], ['bpb'], ['bpbs'], ['production'], ['size']] 

Candidates_Dedup: ['lignocellulosic biomass', 'preferred lignocellulosic biomass', 'specific supramolecular structure', 'lcn', 'oad hydrolysis treatment', 'crystallinity', 'bpb', 'bpbs', 'production', 'size'] 

TOP-K 319: ['lignocellulosic biomass', 'preferred lignocellulosic biomass', 'specific supramolecular structure', 'lcn', 'oad hydrolysis treatment', 'crystallinity', 'bpb', 'bpbs', 'production', 'size'] 

Reference 319: ['Broussonetia papyrifera', 'Cellulose', 'Lignin-containing nanocellulose', 'Oxalic acid dehydrate'] 

Sorted_Candidate: [['synergistic flame retardant mechanism'], ['high performance ptlcp fibers'], ['maximum tensile strength'], ['as-spun fiber'], ['ptlcp'], ['low sdr'], ['condensed phase'], ['loi'], ['fiber'], ['simulation'], ['property'], ['structure'], ['experiment'], ['gpa'], ['vapor']] 

Candidates_Dedup: ['synergistic flame retardant mechanism', 'high performance ptlcp fibers', 'maximum tensile strength', 'as-spun fiber', 'ptlcp', 'low sdr', 'condensed phase', 'loi', 'fiber', 'simulation', 'property', 'structure', 'experiment', 'gpa', 'vapor'] 

TOP-K 320: ['synergistic flame retardant mechanism', 'high performance ptlcp fibers', 'maximum tensile strength', 'as-spun fiber', 'ptlcp', 'low sdr', 'condensed phase', 'loi', ['fiber'], 'simulation', 'property', 'structure', 'experiment', 'gpa', 'vapor'] 

Reference 320: ['Phosphorus-containing polymer', 'Thermotropic liquid crystal copolyester', 'Fiber', 'Flame retardancy', 'Mechanical property'] 

Sorted_Candidate: [['cyclopentadithiophene-alt-thiophene'], ['excellent nonvolatile memristive performance'], ['distinguishable conductance states'], ['high information security level'], ['as-fabricated electronic device'], ['dual information encryption'], ['novel poly'], ['polymer']] 

Candidates_Dedup: ['cyclopentadithiophene-alt-thiophene', 'excellent nonvolatile memristive performance', 'distinguishable conductance states', 'high information security level', 'as-fabricated electronic device', 'dual information encryption', 'novel poly', 'polymer'] 

TOP-K 321: ['cyclopentadithiophene-alt-thiophene', 'excellent nonvolatile memristive performance', 'distinguishable conductance states', 'high information security level', 'as-fabricated electronic device', ['dual information encryption'], 'novel poly', 'polymer'] 

Reference 321: ['Cyclopentadithiophene', 'Conjugated polymer', 'Artificial synapses', 'Dual information encryption'] 

Sorted_Candidate: [['bmp-2'], ['sustained-release bmp-2 system'], ['sustained-release bmp-2 hydrogel system'], ['osteochondral scaffold'], ['3d-printed scaffold'], ['bmp-2 interaction'], ['significant tissue repair effects'], ['3d printing ink'], ['experimental validation'], ['tissue regeneration'], ['theoretical modeling'], ['biological evaluation'], ['efficacy']] 

Candidates_Dedup: ['bmp-2', 'sustained-release bmp-2 system', 'sustained-release bmp-2 hydrogel system', 'osteochondral scaffold', '3d-printed scaffold', 'bmp-2 interaction', 'significant tissue repair effects', '3d printing ink', 'experimental validation', 'tissue regeneration', 'theoretical modeling', 'biological evaluation', 'efficacy'] 

TOP-K 322: ['bmp-2', 'sustained-release bmp-2 system', 'sustained-release bmp-2 hydrogel system', 'osteochondral scaffold', '3d-printed scaffold', 'bmp-2 interaction', 'significant tissue repair effects', '3d printing ink', 'experimental validation', 'tissue regeneration', 'theoretical modeling', 'biological evaluation', 'efficacy'] 

Reference 322: ['Biomimetic scaffold3D printing', 'Composite crosslinking', 'Osteochondral repair', 'Sustained release system, BMP-2'] 

Sorted_Candidate: [['uv-cured tung oil-based polyurethane resin'], ['excellent resin mechanical properties'], ['wood coatings'], ['excellent mechanical properties'], ['oil proof performance'], ['hema amount']] 

Candidates_Dedup: ['uv-cured tung oil-based polyurethane resin', 'excellent resin mechanical properties', 'wood coatings', 'excellent mechanical properties', 'oil proof performance', 'hema amount'] 

TOP-K 323: ['uv-cured tung oil-based polyurethane resin', 'excellent resin mechanical properties', 'wood coatings', 'excellent mechanical properties', 'oil proof performance', 'hema amount'] 

Reference 323: ['Tung oil', 'Polyurethane resin', 'UV photocuring'] 

Sorted_Candidate: [['innovative wood activation system naoh/cs2'], ['long-term hydrophobic stability'], ['atrp polymerisation'], ['hydrophobic chains'], ['wood surfaces'], ['application'], ['growth']] 

Candidates_Dedup: ['innovative wood activation system naoh/cs2', 'long-term hydrophobic stability', 'atrp polymerisation', 'hydrophobic chains', 'wood surfaces', 'application', 'growth'] 

TOP-K 324: ['innovative wood activation system naoh/cs2', 'long-term hydrophobic stability', 'atrp polymerisation', 'hydrophobic chains', 'wood surfaces', 'application', 'growth'] 

Reference 324: ['Wood', 'ARGET-ATRP', 'Hydrophobic', 'Thermal insulation'] 

Sorted_Candidate: [['oeg-containing molecular polymer bottlebrushes'], ['phase transition temperaturesin aqueous solutions'], ['macromolecules'], ['hlb'], ['tpt'], ['tpt'], ['oeg chain content'], ['hlb values'], ['types'], ['types'], ['tpt values'], ['brush types'], ['correlations'], ['polymers'], ['polymers'], ['strong correlation'], ['correlation equations'], ['brushes'], ['composition'], ['method']] 

Candidates_Dedup: ['oeg-containing molecular polymer bottlebrushes', 'phase transition temperaturesin aqueous solutions', 'macromolecules', 'hlb', 'tpt', 'oeg chain content', 'hlb values', 'types', 'tpt values', 'brush types', 'correlations', 'polymers', 'strong correlation', 'correlation equations', 'brushes', 'composition', 'method'] 

TOP-K 325: ['oeg-containing molecular polymer bottlebrushes', 'phase transition temperaturesin aqueous solutions', 'macromolecules', 'hlb', 'tpt', 'oeg chain content', 'hlb values', 'types', 'tpt values', 'brush types', ['correlations'], 'polymers', 'strong correlation', 'correlation equations', 'brushes'] 

Reference 325: ['Oligomethacrylate', 'Thermoresponsive polymer', 'Phase transition temperature', 'Hydrophilic-lipophilic balance', 'Correlation'] 

Sorted_Candidate: [['precise material property manipulation tailors hydrogels'], ['uv-curable bioprinting'], ['gelma'], ['gelma hydrogels'], ['customizable gelma'], ['gelma performance enhancement'], ['drug delivery applications'], ['tunable mechanical characteristics'], ['biomedical versatility'], ['gelma applications'], ['dmn impact'], ['molecular network density'], ['tissue regeneration'], ['diverse applications'], ['various properties'], ['comprehensive optimization'], ['strategies'], ['research']] 

Candidates_Dedup: ['precise material property manipulation tailors hydrogels', 'uv-curable bioprinting', 'gelma', 'gelma hydrogels', 'customizable gelma', 'gelma performance enhancement', 'drug delivery applications', 'tunable mechanical characteristics', 'biomedical versatility', 'gelma applications', 'dmn impact', 'molecular network density', 'tissue regeneration', 'diverse applications', 'various properties', 'comprehensive optimization', 'strategies', 'research'] 

TOP-K 326: ['precise material property manipulation tailors hydrogels', 'uv-curable bioprinting', 'gelma', 'gelma hydrogels', 'customizable gelma', 'gelma performance enhancement', 'drug delivery applications', 'tunable mechanical characteristics', 'biomedical versatility', 'gelma applications', 'dmn impact', 'molecular network density', 'tissue regeneration', 'diverse applications', 'various properties'] 

Reference 326: ['Gel', 'MA hydrogel', 'Biomedical application', 'Biomaterials'] 

Sorted_Candidate: [['ring-opening copolymerization'], ['ring-opening copolymerization'], ['cyclic anhydride'], ['various polyesters'], ['monomers'], ['self-switchable polymerization'], ['bio-based monomers'], ['diblock copolyester'], ['carbodicarbenewas'], ['high conversion'], ['selectivity'], ['different combinations'], ['epoxide'], ['thermal stability'], ['cdc'], ['cdc']] 

Candidates_Dedup: ['ring-opening copolymerization', 'cyclic anhydride', 'various polyesters', 'monomers', 'self-switchable polymerization', 'bio-based monomers', 'diblock copolyester', 'carbodicarbenewas', 'high conversion', 'selectivity', 'different combinations', 'epoxide', 'thermal stability', 'cdc'] 

TOP-K 327: [['ring-opening copolymerization'], 'cyclic anhydride', 'various polyesters', 'monomers', 'self-switchable polymerization', 'bio-based monomers', 'diblock copolyester', 'carbodicarbenewas', 'high conversion', 'selectivity', 'different combinations', 'epoxide', 'thermal stability', 'cdc'] 

Reference 327: ['Carbodicarbene', 'Ring-opening copolymerization', 'Polyester', 'Bio-based polymer', 'Terpolymer'] 

Sorted_Candidate: [['superhydrophobic state'], ['superhydrophobic surface'], ['contact angle hysteresis'], ['zeolite'], ['silane coupling'], ['pdms'], ['pdms'], ['hierarchical surface roughness'], ['hydrophilic components'], ['contact angle'], ['¡ã']] 

Candidates_Dedup: ['superhydrophobic state', 'superhydrophobic surface', 'contact angle hysteresis', 'zeolite', 'silane coupling', 'pdms', 'hierarchical surface roughness', 'hydrophilic components', 'contact angle', '¡ã'] 

TOP-K 328: ['superhydrophobic state', 'superhydrophobic surface', 'contact angle hysteresis', 'zeolite', 'silane coupling', 'pdms', 'hierarchical surface roughness', 'hydrophilic components', 'contact angle', '¡ã'] 

Reference 328: ['LTA zeolite film', 'Self-cleaning', 'Superhydrophobic coating', 'Surface roughness'] 

Sorted_Candidate: [['mos2/phosphorene'], ['hydrogels'], ['nanocomposites'], ['polymeric hydrogels'], ['various research areas'], ['biomedical applications'], ['basic structure'], ['key obstacles'], ['future prospects'], ['potential solutions'], ['integration'], ['impact'], ['properties'], ['amalgamation']] 

Candidates_Dedup: ['mos2/phosphorene', 'hydrogels', 'nanocomposites', 'polymeric hydrogels', 'various research areas', 'biomedical applications', 'basic structure', 'key obstacles', 'future prospects', 'potential solutions', 'integration', 'impact', 'properties', 'amalgamation'] 

TOP-K 329: ['mos2/phosphorene', 'hydrogels', 'nanocomposites', 'polymeric hydrogels', 'various research areas', ['biomedical applications'], 'basic structure', 'key obstacles', 'future prospects', 'potential solutions', 'integration', 'impact', 'properties', 'amalgamation'] 

Reference 329: ['Two-dimensional materials', 'Polymers', 'Composite hydrogels', 'Molybdenum disulfide', 'Phosphorene', 'Biomedical applications'] 

Sorted_Candidate: [['self-strengthening polymer'], ['self-strengthening response'], ['material properties'], ['potential research directions'], ['activation mechanism'], ['promising solutions'], ['impact'], ['relationship']] 

Candidates_Dedup: ['self-strengthening polymer', 'self-strengthening response', 'material properties', 'potential research directions', 'activation mechanism', 'promising solutions', 'impact', 'relationship'] 

TOP-K 330: ['self-strengthening polymer', 'self-strengthening response', 'material properties', 'potential research directions', 'activation mechanism', 'promising solutions', 'impact', 'relationship'] 

Reference 330: ['Mechanochemistry', 'Strengthening', 'In situ Crosslinking', 'Force-Responsive Polymers', 'Stimuli-Responsive Polymers'] 

Sorted_Candidate: [['low-temperature plasma irradiationtechnique'], ['capeo'], ['capeo'], ['capeo'], ['re-epithelialization'], ['hemostatic ability'], ['capeo hemostatic powder'], ['collagen deposition'], ['rat skin wound model'], ['hydrophilicity'], ['cooh'], ['nh2'], ['wound healing'], ['studies']] 

Candidates_Dedup: ['low-temperature plasma irradiationtechnique', 'capeo', 're-epithelialization', 'hemostatic ability', 'capeo hemostatic powder', 'collagen deposition', 'rat skin wound model', 'hydrophilicity', 'cooh', 'nh2', 'wound healing', 'studies'] 

TOP-K 331: ['low-temperature plasma irradiationtechnique', ['capeo'], 're-epithelialization', 'hemostatic ability', 'capeo hemostatic powder', 'collagen deposition', 'rat skin wound model', 'hydrophilicity', 'cooh', 'nh2', ['wound healing'], 'studies'] 

Reference 331: ['Low-temperature plasma irradiation', 'CAPEO', 'Hemostasis', 'Wound healing'] 

Sorted_Candidate: [['novel bio-based non-isocyanate polyurea'], ['nipurea'], ['nipurea'], ['sustainable coatings'], ['acrylate hybrids'], ['efficient acrylate incorporation'], ['safe aza-michael modification'], ['waterborne dispersions'], ['uv light'], ['swift'], ['films']] 

Candidates_Dedup: ['novel bio-based non-isocyanate polyurea', 'nipurea', 'sustainable coatings', 'acrylate hybrids', 'efficient acrylate incorporation', 'safe aza-michael modification', 'waterborne dispersions', 'uv light', 'swift', 'films'] 

TOP-K 332: ['novel bio-based non-isocyanate polyurea', 'nipurea', 'sustainable coatings', 'acrylate hybrids', 'efficient acrylate incorporation', 'safe aza-michael modification', ['waterborne dispersions'], 'uv light', 'swift', 'films'] 

Reference 332: ['Bio-based', 'Non-isocyanate polyurea', 'Waterborne dispersion', 'Amphiphilic copolymers', 'UV curable'] 

Sorted_Candidate: [['hetero-structured nanofiber yarnsis'], ['color-tunable luminescence'], ['conjugate electrospinning'], ['hetero-structure aids'], ['multifunctional composite materials'], ['nfys'], ['nfys'], ['superparamagnetism'], ['bifunctionality'], ['red-yellow-green'], ['wide color range'], ['adverse interactions'], ['various materials'], ['method'], ['strategy']] 

Candidates_Dedup: ['hetero-structured nanofiber yarnsis', 'color-tunable luminescence', 'conjugate electrospinning', 'hetero-structure aids', 'multifunctional composite materials', 'nfys', 'superparamagnetism', 'bifunctionality', 'red-yellow-green', 'wide color range', 'adverse interactions', 'various materials', 'method', 'strategy'] 

TOP-K 333: ['hetero-structured nanofiber yarnsis', 'color-tunable luminescence', 'conjugate electrospinning', 'hetero-structure aids', 'multifunctional composite materials', 'nfys', ['superparamagnetism'], ['bifunctionality'], 'red-yellow-green', 'wide color range', 'adverse interactions', 'various materials', 'method', 'strategy'] 

Reference 333: ['Hetero-structured nanofiber yarn', 'Conjugate electro-spinning', 'Photoluminescence', 'Superparamagnetism', 'Bifunctionality'] 

Sorted_Candidate: [['pyridine-4-boronic acid derivatives'], ['hydrogel'], ['polymer hydrogel'], ['new dual-network flexible polymer hydrogel'], ['strain-induced resistance change'], ['ultra-high toughness'], ['good ionic conductivity'], ['reasonable self-healing efficiency'], ['excellent stretchability'], ['outstanding mechanical strength'], ['low temperature'], ['range']] 

Candidates_Dedup: ['pyridine-4-boronic acid derivatives', 'hydrogel', 'polymer hydrogel', 'new dual-network flexible polymer hydrogel', 'strain-induced resistance change', 'ultra-high toughness', 'good ionic conductivity', 'reasonable self-healing efficiency', 'excellent stretchability', 'outstanding mechanical strength', 'low temperature', 'range'] 

TOP-K 334: ['pyridine-4-boronic acid derivatives', 'hydrogel', 'polymer hydrogel', 'new dual-network flexible polymer hydrogel', 'strain-induced resistance change', 'ultra-high toughness', 'good ionic conductivity', 'reasonable self-healing efficiency', 'excellent stretchability', 'outstanding mechanical strength', 'low temperature', 'range'] 

Reference 334: ['Borate ester bond', 'Double network hydrogel', 'Conductive', 'Anti-freezing'] 

Sorted_Candidate: [['photo-bactericidal quinizarin-based membranes'], ['quinizarin-functionalized emulsion-templated polymersare'], ['quinizarin-based porous membranes'], ['quinizarin-containing polyhipes'], ['porous monoliths'], ['photoactivity'], ['membranes'], ['reusability'], ['singlet oxygen'], ['light'], ['bacteria']] 

Candidates_Dedup: ['photo-bactericidal quinizarin-based membranes', 'quinizarin-functionalized emulsion-templated polymersare', 'quinizarin-based porous membranes', 'quinizarin-containing polyhipes', 'porous monoliths', 'photoactivity', 'membranes', 'reusability', 'singlet oxygen', 'light', 'bacteria'] 

TOP-K 335: ['photo-bactericidal quinizarin-based membranes', 'quinizarin-functionalized emulsion-templated polymersare', 'quinizarin-based porous membranes', 'quinizarin-containing polyhipes', ['porous monoliths'], 'photoactivity', 'membranes', 'reusability', 'singlet oxygen', 'light', 'bacteria'] 

Reference 335: ['Emulsion templating polymerization', 'Porous monolith', 'Porous membrane', 'Photo-generation of singlet oxygen', 'Antibacterial properties', 'Quinizarin'] 

Sorted_Candidate: [['non-flammable properties'], ['solid polymer electrolytes'], ['copolymers'], ['polyimides'], ['eco-friendly method'], ['ethylene oxide'], ['ionic conductivity'], ['polyimide-poly'], ['salt concentration'], ['rise']] 

Candidates_Dedup: ['non-flammable properties', 'solid polymer electrolytes', 'copolymers', 'polyimides', 'eco-friendly method', 'ethylene oxide', 'ionic conductivity', 'polyimide-poly', 'salt concentration', 'rise'] 

TOP-K 336: ['non-flammable properties', ['solid polymer electrolytes'], 'copolymers', ['polyimides'], 'eco-friendly method', 'ethylene oxide', ['ionic conductivity'], 'polyimide-poly', 'salt concentration', 'rise'] 

Reference 336: ['Solid polymer electrolyte', 'PEO', 'Polyimide', 'Ionic conductivity'] 

Sorted_Candidate: [['triphenylamine oxime esterswas'], ['iodine-containing oxime ester'], ['tpas-based formulations'], ['3d-prinited capability'], ['photopolymerization ability'], ['tp-1m'], ['tpas'], ['halogens'], ['light absorption'], ['ability']] 

Candidates_Dedup: ['triphenylamine oxime esterswas', 'iodine-containing oxime ester', 'tpas-based formulations', '3d-prinited capability', 'photopolymerization ability', 'tp-1m', 'tpas', 'halogens', 'light absorption', 'ability'] 

TOP-K 337: ['triphenylamine oxime esterswas', 'iodine-containing oxime ester', 'tpas-based formulations', '3d-prinited capability', 'photopolymerization ability', 'tp-1m', 'tpas', ['halogens'], 'light absorption', 'ability'] 

Reference 337: ['Visible-light absorbing', 'Free radical polymerization', 'Halogen', 'Triphenylamine', 'Oxime ester', 'Type I photoinitiator'] 

Sorted_Candidate: [['wide-temperature-range air-charging applications'], ['multi-scale structure regulation'], ['ultrafast air-charging speed'], ['air-charging mechanism'], ['additional additives'], ['hvo @g'], ['stimulations'], ['cp']] 

Candidates_Dedup: ['wide-temperature-range air-charging applications', 'multi-scale structure regulation', 'ultrafast air-charging speed', 'air-charging mechanism', 'additional additives', 'hvo @g', 'stimulations', 'cp'] 

TOP-K 338: ['wide-temperature-range air-charging applications', 'multi-scale structure regulation', 'ultrafast air-charging speed', 'air-charging mechanism', 'additional additives', 'hvo @g', 'stimulations', 'cp'] 

Reference 338: ['Air-rechargeable aqueous zinc-ion batteries', ' Sluggish air-charging processOxygen-reduction-reactionCharge releaseMulti-scale structure regulation'] 

Sorted_Candidate: [['wide-temperature tolerance trade-off'], ['li-metal battery'], ['battery'], ['solid-state battery'], ['low-temperature tolerance'], ['polymer electrolyte'], ['safety'], ['capability']] 

Candidates_Dedup: ['wide-temperature tolerance trade-off', 'li-metal battery', 'battery', 'solid-state battery', 'low-temperature tolerance', 'polymer electrolyte', 'safety', 'capability'] 

TOP-K 339: ['wide-temperature tolerance trade-off', 'li-metal battery', 'battery', 'solid-state battery', 'low-temperature tolerance', ['polymer electrolyte'], 'safety', 'capability'] 

Reference 339: ['Lithium metal batteries', 'Polymer electrolytes', 'Wide-temperature batteries', 'Lithium dendrites', 'Ion transport kinetics'] 

Reference 340: ['Dual-metal single-atom', 'Fe', 'Cu-DS', 'As/NSC', 'Bifunctional catalytic performance', 'Rechargeable zinc-air batteries'] 

Reference 341: ['Lithium oxalate', 'Molybdenum carbide', 'Prelithiation', 'Spray-drying', 'Lithium-ion battery'] 

Sorted_Candidate: [['pd-doped double perovskite'], ['pd-doped double perovskite powder'], ['electrolysis mode'], ['pd doping'], ['pd doping'], ['oxygen surface exchange'], ['good operational stability'], ['wor activities'], ['bulk diffusion capabilities'], ['fuel cell'], ['electrode'], ['orr']] 

Candidates_Dedup: ['pd-doped double perovskite', 'pd-doped double perovskite powder', 'electrolysis mode', 'pd doping', 'oxygen surface exchange', 'good operational stability', 'wor activities', 'bulk diffusion capabilities', 'fuel cell', 'electrode', 'orr'] 

TOP-K 342: ['pd-doped double perovskite', 'pd-doped double perovskite powder', 'electrolysis mode', 'pd doping', 'oxygen surface exchange', 'good operational stability', 'wor activities', 'bulk diffusion capabilities', 'fuel cell', 'electrode', 'orr'] 

Reference 342: ['Reversible protonic ceramic electrochemical cells', 'Air electrodes', 'Palladium doping', 'Oxygen reduction reactions', 'Water oxidation reactions'] 

Sorted_Candidate: [['novel 3d isotropic ti3c2tx film'], ['high current densities'], ['large-scale applications'], ['film-forming methods'], ['sub-zero temperatures'], ['advanced energy storage application'], ['electron conduction'], ['interconnected channels'], ['diverse pore structures'], ['porous structures'], ['significant capacity enhancement'], ['polarization'], ['structural design'], ['comprehensive insights'], ['ion transport'], ['way']] 

Candidates_Dedup: ['novel 3d isotropic ti3c2tx film', 'high current densities', 'large-scale applications', 'film-forming methods', 'sub-zero temperatures', 'advanced energy storage application', 'electron conduction', 'interconnected channels', 'diverse pore structures', 'porous structures', 'significant capacity enhancement', 'polarization', 'structural design', 'comprehensive insights', 'ion transport', 'way'] 

TOP-K 343: ['novel 3d isotropic ti3c2tx film', 'high current densities', 'large-scale applications', 'film-forming methods', 'sub-zero temperatures', 'advanced energy storage application', 'electron conduction', 'interconnected channels', 'diverse pore structures', 'porous structures', 'significant capacity enhancement', 'polarization', 'structural design', 'comprehensive insights', 'ion transport'] 

Reference 343: ['Ti3C2Tx M', 'Xene', 'Sodium-ion storage', 'Free-standing electrode', 'Isotropic porous structure', 'Minimized polarization'] 

Sorted_Candidate: [['cmc-na'], ['cmc-na'], ['znso4 electrolyte'], ['znso4'], ['electrolyte'], ['cmc-na molecules'], ['zn'], ['usingdft'], ['hydrogen bonding network'], ['zn2'], ['solvation sheath'], ['zn cells'], ['molecular dynamics'], ['stable cycle'], ['crystal plane'], ['zinc ions'], ['md'], ['structure'], ['environment'], ['conclusions'], ['h.']] 

Candidates_Dedup: ['cmc-na', 'znso4 electrolyte', 'znso4', 'electrolyte', 'cmc-na molecules', 'zn', 'usingdft', 'hydrogen bonding network', 'zn2', 'solvation sheath', 'zn cells', 'molecular dynamics', 'stable cycle', 'crystal plane', 'zinc ions', 'md', 'structure', 'environment', 'conclusions', 'h.'] 

TOP-K 344: ['cmc-na', 'znso4 electrolyte', 'znso4', 'electrolyte', 'cmc-na molecules', 'zn', 'usingdft', 'hydrogen bonding network', 'zn2', 'solvation sheath', 'zn cells', 'molecular dynamics', 'stable cycle', 'crystal plane', 'zinc ions'] 

Reference 344: ['Sodium carboxymethyl cellulose', 'Electrolyte additive', 'Zn deposition', 'Zn ion capacitors'] 

Sorted_Candidate: [['nitrogen-doped graphene'], ['nitrogen-doped graphene'], ['cu-n4'], ['high-performance li-co2 battery'], ['cu-n4 configuration'], ['heat-treatment process'], ['reconfiguration'], ['single-atom copper'], ['covalent effect'], ['easy freeze-drying'], ['charge density difference'], ['copper catalyst']] 

Candidates_Dedup: ['nitrogen-doped graphene', 'cu-n4', 'high-performance li-co2 battery', 'cu-n4 configuration', 'heat-treatment process', 'reconfiguration', 'single-atom copper', 'covalent effect', 'easy freeze-drying', 'charge density difference', 'copper catalyst'] 

TOP-K 345: [['nitrogen-doped graphene'], 'cu-n4', 'high-performance li-co2 battery', 'cu-n4 configuration', 'heat-treatment process', 'reconfiguration', 'single-atom copper', 'covalent effect', 'easy freeze-drying', 'charge density difference', 'copper catalyst'] 

Reference 345: ['Single-atom Cu catalyst', 'Nitrogen-doped graphene', 'High capacity', 'Long life', 'Li-CO2 battery'] 

Sorted_Candidate: [['qse'], ['qse'], ['qse flame retardant'], ['li-metal batteries'], ['uv curing'], ['high ions salt concentration'], ['structural qse'], ['leaf-vein'], ['carrageenan'], ['dmso'], ['h cycle life'], ['li symmetric cells'], ['healing capability']] 

Candidates_Dedup: ['qse', 'qse flame retardant', 'li-metal batteries', 'uv curing', 'high ions salt concentration', 'structural qse', 'leaf-vein', 'carrageenan', 'dmso', 'h cycle life', 'li symmetric cells', 'healing capability'] 

TOP-K 346: ['qse', 'qse flame retardant', 'li-metal batteries', 'uv curing', 'high ions salt concentration', 'structural qse', 'leaf-vein', 'carrageenan', 'dmso', 'h cycle life', 'li symmetric cells', 'healing capability'] 

Reference 346: ['Antifreeze', 'Flame retardant', 'Hydrogel', 'Quasi-solid-state electrolyte', 'Electrospinning'] 

Sorted_Candidate: [['n-rich graphitic carbon networks'], ['s-doped n-rich graphitic carbon networks'], ['fs/c/g'], ['ultrafine iron sulfide-embedded s-doped carbon/grapheneis'], ['low-crystallinity conductive multivalence iron sulfide fragments'], ['facile electron conduction'], ['facile electron conduction'], ['heteroatom-induced defects/mesopores'], ['zdpc cathode electrodes'], ['fs/c/g anode'], ['high-capacity/high-rate cathode material'], ['zeolitic imidazolate framework-derived porous carbonis'], ['fast-rechargeable power density'], ['high capacity/high rate anode material'], ['sodium-ion hybrid energy storages'], ['o-induced micropores'], ['zdpc'], ['long-life cycle stability'], ['ultrahigh energy density'], ['high capacity'], ['high capacity'], ['n-rich sites'], ['interconnected mesopores'], ['fast ion transport'], ['rapid ion transport'], ['advantage']] 

Candidates_Dedup: ['n-rich graphitic carbon networks', 's-doped n-rich graphitic carbon networks', 'fs/c/g', 'ultrafine iron sulfide-embedded s-doped carbon/grapheneis', 'low-crystallinity conductive multivalence iron sulfide fragments', 'facile electron conduction', 'heteroatom-induced defects/mesopores', 'zdpc cathode electrodes', 'fs/c/g anode', 'high-capacity/high-rate cathode material', 'zeolitic imidazolate framework-derived porous carbonis', 'fast-rechargeable power density', 'high capacity/high rate anode material', 'sodium-ion hybrid energy storages', 'o-induced micropores', 'zdpc', 'long-life cycle stability', 'ultrahigh energy density', 'high capacity', 'n-rich sites', 'interconnected mesopores', 'fast ion transport', 'rapid ion transport', 'advantage'] 

TOP-K 347: ['n-rich graphitic carbon networks', 's-doped n-rich graphitic carbon networks', 'fs/c/g', 'ultrafine iron sulfide-embedded s-doped carbon/grapheneis', 'low-crystallinity conductive multivalence iron sulfide fragments', 'facile electron conduction', 'heteroatom-induced defects/mesopores', 'zdpc cathode electrodes', 'fs/c/g anode', 'high-capacity/high-rate cathode material', 'zeolitic imidazolate framework-derived porous carbonis', 'fast-rechargeable power density', 'high capacity/high rate anode material', 'sodium-ion hybrid energy storages', 'o-induced micropores'] 

Reference 347: ['Low-crystallinity conductive multivalence iron sulfide-embedded S-doped carbon/graphene heterostructure anode', ' High-surface area O-doped carbon cathode3D porous N-rich graphitic carbon frameworks', ' Operando analysis', ' Ultrahigh energy density and fast-rechargeable sodium-ion hybrid energy storages'] 

Sorted_Candidate: [['pvdf/lino3 prefabrication layer'], ['high load ncm811battery'], ['ion conducive components'], ['lino3'], ['corresponding decomposition kinetics'], ['short-range compensation'], ['carbonate electrolyte'], ['solid lino3'], ['li'], ['no3'], ['no3'], ['li battery'], ['cycle time'], ['trace ether'], ['sei'], ['diffusion distance'], ['surface'], ['surface'], ['proportion'], ['h'], ['consumption'], ['dissolution'], ['cycles']] 

Candidates_Dedup: ['pvdf/lino3 prefabrication layer', 'high load ncm811battery', 'ion conducive components', 'lino3', 'corresponding decomposition kinetics', 'short-range compensation', 'carbonate electrolyte', 'solid lino3', 'li', 'no3', 'li battery', 'cycle time', 'trace ether', 'sei', 'diffusion distance', 'surface', 'proportion', 'h', 'consumption', 'dissolution', 'cycles'] 

TOP-K 348: ['pvdf/lino3 prefabrication layer', 'high load ncm811battery', 'ion conducive components', 'lino3', 'corresponding decomposition kinetics', ['short-range compensation'], 'carbonate electrolyte', 'solid lino3', 'li', 'no3', 'li battery', 'cycle time', 'trace ether', 'sei', 'diffusion distance'] 

Reference 348: ['Carbonate-based electrolyte', 'Short-range compensation', 'Lithium nitrate', 'Solid-electrolyte-interphase', 'Li-Metal battery'] 

Sorted_Candidate: [['multi-phase synergistic mechanism'], ['solid-state electrolyte applications'], ['electrolyte'], ['composite electrolytes'], ['electrochemical properties'], ['dendrite growth'], ['polymer matrix materials'], ['significant role'], ['conductive polymer'], ['pes'], ['excellent safety'], ['safety performance'], ['llzo'], ['interaction'], ['li'], ['potential']] 

Candidates_Dedup: ['multi-phase synergistic mechanism', 'solid-state electrolyte applications', 'electrolyte', 'composite electrolytes', 'electrochemical properties', 'dendrite growth', 'polymer matrix materials', 'significant role', 'conductive polymer', 'pes', 'excellent safety', 'safety performance', 'llzo', 'interaction', 'li', 'potential'] 

TOP-K 349: ['multi-phase synergistic mechanism', 'solid-state electrolyte applications', 'electrolyte', 'composite electrolytes', 'electrochemical properties', 'dendrite growth', 'polymer matrix materials', 'significant role', 'conductive polymer', 'pes', 'excellent safety', 'safety performance', 'llzo', 'interaction', 'li'] 

Reference 349: ['Multi-phase synergistic', 'Fireproof', 'Solid-state electrolyte', 'Li-metal battery'] 

Sorted_Candidate: [['high-voltage solid polymer electrolyte'], ['high-voltage spe'], ['spe'], ['great demand'], ['future opportunities'], ['various strategies'], ['typical cases'], ['review'], ['challenges']] 

Candidates_Dedup: ['high-voltage solid polymer electrolyte', 'high-voltage spe', 'spe', 'great demand', 'future opportunities', 'various strategies', 'typical cases', 'review', 'challenges'] 

TOP-K 350: ['high-voltage solid polymer electrolyte', 'high-voltage spe', 'spe', 'great demand', 'future opportunities', 'various strategies', 'typical cases', 'review', 'challenges'] 

Reference 350: ['Li metal anode', 'Dendrites', 'Solid polymer electrolyte', 'Li metal batteries', 'SEI film'] 

Sorted_Candidate: [['ni-rich cathodes'], ['microstructure'], ['surface degradation'], ['future research directions'], ['mechanical failure'], ['commercial applications'], ['surface'], ['structural stability'], ['composition'], ['limitations']] 

Candidates_Dedup: ['ni-rich cathodes', 'microstructure', 'surface degradation', 'future research directions', 'mechanical failure', 'commercial applications', 'surface', 'structural stability', 'composition', 'limitations'] 

TOP-K 351: ['ni-rich cathodes', 'microstructure', ['surface degradation'], 'future research directions', ['mechanical failure'], 'commercial applications', 'surface', 'structural stability', 'composition', 'limitations'] 

Reference 351: ['Lithium-ion batteries', 'Ni-rich layered cathodes', 'Surface degradation', 'Mechanical failure', 'Stabilization strategies'] 

Sorted_Candidate: [['lewis acid molten salt-derived mxene electrodes'], ['supercapacitor applications'], ['lewis acid molten salt technique'], ['mxenes'], ['metal-ion battery'], ['scalable synthesis method'], ['2d mxenes'], ['conventional synthesis methods'], ['detailed overview'], ['technique'], ['comparison'], ['advantages']] 

Candidates_Dedup: ['lewis acid molten salt-derived mxene electrodes', 'supercapacitor applications', 'lewis acid molten salt technique', 'mxenes', 'metal-ion battery', 'scalable synthesis method', '2d mxenes', 'conventional synthesis methods', 'detailed overview', 'technique', 'comparison', 'advantages'] 

TOP-K 352: ['lewis acid molten salt-derived mxene electrodes', 'supercapacitor applications', 'lewis acid molten salt technique', 'mxenes', 'metal-ion battery', 'scalable synthesis method', '2d mxenes', 'conventional synthesis methods', 'detailed overview', 'technique', 'comparison', 'advantages'] 

Reference 352: ['M', 'Xenes', 'Lewis acid molten salt', 'Batteries', 'Supercapacitors'] 

Sorted_Candidate: [['cof-based materials'], ['covalent organic frameworksand'], ['cofs'], ['cofs'], ['electrochemical performance'], ['energy storage applications'], ['energy storage technologies'], ['energy storage mechanisms'], ['functionalization'], ['structural control'], ['future prospects'], ['applications'], ['structural design'], ['synthesis strategies'], ['review'], ['review article'], ['comprehensive overview'], ['potential'], ['importance']] 

Candidates_Dedup: ['cof-based materials', 'covalent organic frameworksand', 'cofs', 'electrochemical performance', 'energy storage applications', 'energy storage technologies', 'energy storage mechanisms', 'functionalization', 'structural control', 'future prospects', 'applications', 'structural design', 'synthesis strategies', 'review', 'review article', 'comprehensive overview', 'potential', 'importance'] 

TOP-K 353: ['cof-based materials', 'covalent organic frameworksand', 'cofs', 'electrochemical performance', 'energy storage applications', 'energy storage technologies', 'energy storage mechanisms', 'functionalization', 'structural control', 'future prospects', 'applications', 'structural design', 'synthesis strategies', 'review', 'review article'] 

Reference 353: ['Porous organic framework', 'Nanoparticles', 'Covalent organic frameworks', 'In-situ synthesis', 'Energy storage'] 

Sorted_Candidate: [['different manganese oxides'], ['cathode interfacial studies'], ['mn-based cathodes'], ['better-performing cathodes'], ['interfacial reactions'], ['interfacial modification strategies'], ['energy storage performance'], ['diverse mechanisms'], ['critical outlook'], ['current state'], ['future trends'], ['review'], ['evaluation'], ['analysis']] 

Candidates_Dedup: ['different manganese oxides', 'cathode interfacial studies', 'mn-based cathodes', 'better-performing cathodes', 'interfacial reactions', 'interfacial modification strategies', 'energy storage performance', 'diverse mechanisms', 'critical outlook', 'current state', 'future trends', 'review', 'evaluation', 'analysis'] 

TOP-K 354: ['different manganese oxides', 'cathode interfacial studies', 'mn-based cathodes', 'better-performing cathodes', 'interfacial reactions', 'interfacial modification strategies', 'energy storage performance', 'diverse mechanisms', 'critical outlook', 'current state', 'future trends', 'review', 'evaluation', 'analysis'] 

Reference 354: ['Rechargeable batteries', 'Aqueous zinc ion batteries', 'Manganese oxides', 'Manganese-based cathodes', 'Interfacial engineering'] 

Sorted_Candidate: [['potassium ion-based energy storage devices'], ['advanced flexible potassium ion-based energy storage devices'], ['flexible polymer electrolytes'], ['advanced flexible electrodes'], ['essential design principles'], ['impressive advancements'], ['flexible components'], ['valuable guide'], ['fabrication'], ['overview']] 

Candidates_Dedup: ['potassium ion-based energy storage devices', 'advanced flexible potassium ion-based energy storage devices', 'flexible polymer electrolytes', 'advanced flexible electrodes', 'essential design principles', 'impressive advancements', 'flexible components', 'valuable guide', 'fabrication', 'overview'] 

TOP-K 355: ['potassium ion-based energy storage devices', 'advanced flexible potassium ion-based energy storage devices', 'flexible polymer electrolytes', 'advanced flexible electrodes', 'essential design principles', 'impressive advancements', 'flexible components', 'valuable guide', 'fabrication', 'overview'] 

Reference 355: ['Potassium ion-based batteries', 'Flexible energy storage devices', 'Flexible electrode materials', 'Solid electrolytes'] 

Sorted_Candidate: [['salt cavern energy storagetechnologies'], ['air energy storageand hydrogen storage'], ['carbon dioxide storage model'], ['salt cavern'], ['low grade salt formations'], ['future development trend'], ['current situation'], ['carbon cycle'], ['future challenges'], ['sediment space'], ['gas storage'], ['potential'], ['history']] 

Candidates_Dedup: ['salt cavern energy storagetechnologies', 'air energy storageand hydrogen storage', 'carbon dioxide storage model', 'salt cavern', 'low grade salt formations', 'future development trend', 'current situation', 'carbon cycle', 'future challenges', 'sediment space', 'gas storage', 'potential', 'history'] 

TOP-K 356: ['salt cavern energy storagetechnologies', 'air energy storageand hydrogen storage', 'carbon dioxide storage model', 'salt cavern', 'low grade salt formations', 'future development trend', 'current situation', ['carbon cycle'], 'future challenges', 'sediment space', 'gas storage', 'potential', 'history'] 

Reference 356: ['Underground salt caverns', 'Large-scale energy storage', 'Renewable energy', 'Solution mining', 'Cavern construction', 'Carbon cycle'] 

TOP-K 357: ['bifunctional li-mmt', 'solid-state li/lifepo4', 'li', 'solid-state composite electrolyte', 'li/ncm523 cells', 'li/lifepo4 pouch cell', 'aggregated anion coordination', 'superhigh ionic conductivity', 'impressive electrochemical performance', 'superior electrolyte', ['solvation environment'], 'dual li', 'excellent safety', 'dimensional li', 'migration highway'] 

Reference 357: ['Vertically-aligned composite solid electrolyte', 'Dual Li+ transportation channels', 'Superionic conductivity', 'Solvation environment', 'Solid-state lithium-metal battery'] 

Sorted_Candidate: [['physiological determinants'], ['centenarian research'], ['centenarian aging'], ['centenarian longevity'], ['centenarians'], ['holistic aging'], ['influence'], ['influence'], ['limited studies'], ['related factors'], ['factors'], ['interventions'], ['date'], ['interest'], ['persons'], ['prevalence']] 

Candidates_Dedup: ['physiological determinants', 'centenarian research', 'centenarian aging', 'centenarian longevity', 'centenarians', 'holistic aging', 'influence', 'limited studies', 'related factors', 'factors', 'interventions', 'date', 'interest', 'persons', 'prevalence'] 

TOP-K 358: ['physiological determinants', 'centenarian research', 'centenarian aging', 'centenarian longevity', ['centenarians'], 'holistic aging', 'influence', 'limited studies', 'related factors', 'factors', 'interventions', 'date', 'interest', 'persons', 'prevalence'] 

Reference 358: ['Centenarians', 'Aging', 'Longevity', 'Lived experience', 'Social factors'] 

Sorted_Candidate: [['liminality'], ['negative self-identification'], ['people liminality'], ['ageist behaviour'], ['ageist intent'], ['positive societal identification'], ['processes'], ['processes'], ['communication'], ['communication'], ['positive values'], ['ambiguity'], ['ambiguity'], ['study'], ['ways'], ['necessity'], ['opportunities'], ['adults'], ['finding'], ['language'], ['tone']] 

Candidates_Dedup: ['liminality', 'negative self-identification', 'people liminality', 'ageist behaviour', 'ageist intent', 'positive societal identification', 'processes', 'communication', 'positive values', 'ambiguity', 'study', 'ways', 'necessity', 'opportunities', 'adults', 'finding', 'language', 'tone'] 

TOP-K 359: [['liminality'], 'negative self-identification', 'people liminality', 'ageist behaviour', 'ageist intent', 'positive societal identification', 'processes', ['communication'], 'positive values', 'ambiguity', 'study', 'ways', 'necessity', 'opportunities', 'adults'] 

Reference 359: ['Age identification', 'Communication', 'Social identity', 'Liminality', 'Self-ageism'] 

Sorted_Candidate: [['geragogic lessons'], ['geragogic lessons'], ['gerontideology'], ['chesterfield'], ['chesterfield'], ['chesterfield'], ['chesterfield'], ['chesterfield'], ['important self-therapeutical element'], ['correspondence'], ['correspondence'], ['aging'], ['aging'], ['specific language'], ['private correspondence'], ['old age'], ['godson'], ['truth'], ['classes'], ['processes'], ['son'], ['grandchildren'], ['illness'], ['experience']] 

Candidates_Dedup: ['geragogic lessons', 'gerontideology', 'chesterfield', 'important self-therapeutical element', 'correspondence', 'aging', 'specific language', 'private correspondence', 'old age', 'godson', 'truth', 'classes', 'processes', 'son', 'grandchildren', 'illness', 'experience'] 

TOP-K 360: ['geragogic lessons', 'gerontideology', 'chesterfield', 'important self-therapeutical element', 'correspondence', ['aging'], 'specific language', 'private correspondence', ['old age'], 'godson', 'truth', 'classes', 'processes', 'son', 'grandchildren'] 

Reference 360: ['4th earl of Chesterfield', 'Aging', 'Old age', 'Letters', 'Pedagogy of aging', 'Eighteenth century'] 

Sorted_Candidate: [['socioeconomic resources'], ['socioeconomic resources'], ['key determinant'], ['loneliness'], ['later life'], ['life course exclusion'], ['education'], ['education'], ['emotional loneliness'], ['men'], ['men'], ['life loneliness'], ['indigenous people'], ['risk'], ['women'], ['benefits']] 

Candidates_Dedup: ['socioeconomic resources', 'key determinant', 'loneliness', 'later life', 'life course exclusion', 'education', 'emotional loneliness', 'men', 'life loneliness', 'indigenous people', 'risk', 'women', 'benefits'] 

TOP-K 361: ['socioeconomic resources', 'key determinant', ['loneliness'], 'later life', 'life course exclusion', 'education', 'emotional loneliness', 'men', 'life loneliness', 'indigenous people', 'risk', 'women', 'benefits'] 

Reference 361: ['Ageing', 'Loneliness', 'Life-course', 'Gender', 'Ethnicity', 'Inequalities'] 

Sorted_Candidate: [['aging'], ['aging'], ['re-enactments'], ['ethnography'], ['unintended outcome'], ['durability'], ['unloved object'], ['unrelated care practices matter'], ['care'], ['continuous practices'], ['care technology'], ['technology studies'], ['life aging'], ['critical aging'], ['emergence'], ['people'], ['company'], ['shadows'], ['dialogue'], ['result'], ['zones'], ['shows']] 

Candidates_Dedup: ['aging', 're-enactments', 'ethnography', 'unintended outcome', 'durability', 'unloved object', 'unrelated care practices matter', 'care', 'continuous practices', 'care technology', 'technology studies', 'life aging', 'critical aging', 'emergence', 'people', 'company', 'shadows', 'dialogue', 'result', 'zones', 'shows'] 

TOP-K 362: ['aging', 're-enactments', ['ethnography'], 'unintended outcome', 'durability', 'unloved object', 'unrelated care practices matter', 'care', 'continuous practices', 'care technology', 'technology studies', 'life aging', 'critical aging', 'emergence', 'people'] 

Reference 362: ['Aging as object', 'Shadows of care', 'STS', 'Enactment', 'Maintenance', 'Temporality', 'Ethnography'] 

Sorted_Candidate: [['transwomen'], ['non-family composition'], ['social networks'], ['convoy model'], ['first approach'], ['sexual diversity'], ['support networks'], ['chilean people'], ['study'], ['chile'], ['families']] 

Candidates_Dedup: ['transwomen', 'non-family composition', 'social networks', 'convoy model', 'first approach', 'sexual diversity', 'support networks', 'chilean people', 'study', 'chile', 'families'] 

TOP-K 363: ['transwomen', 'non-family composition', 'social networks', ['convoy model'], 'first approach', 'sexual diversity', 'support networks', 'chilean people', 'study', 'chile', 'families'] 

Reference 363: ['Gay men', 'Trans women', 'Older people', 'Social ties', 'Convoy model'] 

Sorted_Candidate: [['gendered experiences'], ['migrancy'], ['intersectional life course perspective'], ['agential capacity'], ['unique configurations'], ['intersection'], ['structural barriers'], ['migrant women'], ['course'], ['gender'], ['age'], ['oppression'], ['findings'], ['resistance'], ['privilege'], ['tension'], ['study'], ['negotiation'], ['lives']] 

Candidates_Dedup: ['gendered experiences', 'migrancy', 'intersectional life course perspective', 'agential capacity', 'unique configurations', 'intersection', 'structural barriers', 'migrant women', 'course', 'gender', 'age', 'oppression', 'findings', 'resistance', 'privilege', 'tension', 'study', 'negotiation', 'lives'] 

TOP-K 364: ['gendered experiences', 'migrancy', 'intersectional life course perspective', 'agential capacity', 'unique configurations', 'intersection', 'structural barriers', 'migrant women', 'course', 'gender', 'age', 'oppression', 'findings', 'resistance', 'privilege'] 

Reference 364: ['Intersectional life course', 'Ageing migrant women', 'Transnational ageing', 'Turkish-born women', 'Sweden'] 

Sorted_Candidate: [['grandparenthood'], ['devoted grandparenthood'], ['conflict'], ['conflict'], ['conflict'], ['geographic distance'], ['interviewees'], ['urban environments'], ['potential conflict'], ['rural grandparents'], ['future research'], ['research'], ['active aging'], ['interviews'], ['emergence'], ['factor'], ['independence'], ['generations']] 

Candidates_Dedup: ['grandparenthood', 'devoted grandparenthood', 'conflict', 'geographic distance', 'interviewees', 'urban environments', 'potential conflict', 'rural grandparents', 'future research', 'research', 'active aging', 'interviews', 'emergence', 'factor', 'independence', 'generations'] 

TOP-K 365: [['grandparenthood'], 'devoted grandparenthood', 'conflict', 'geographic distance', 'interviewees', 'urban environments', 'potential conflict', 'rural grandparents', 'future research', 'research', ['active aging'], 'interviews', 'emergence', 'factor', 'independence'] 

Reference 365: ['Active aging', 'Consumption', 'Familist discourse', 'Grandparenthood', 'Third age', 'Rural'] 

Sorted_Candidate: [['pandemic'], ['care practices'], ['care practices'], ['affective bonds'], ['mutual support'], ['social participation'], ['community care'], ['community'], ['social networks'], ['adults'], ['adults'], ['need'], ['clubs'], ['members'], ['situations'], ['persons'], ['elders']] 

Candidates_Dedup: ['pandemic', 'care practices', 'affective bonds', 'mutual support', 'social participation', 'community care', 'community', 'social networks', 'adults', 'need', 'clubs', 'members', 'situations', 'persons', 'elders'] 

TOP-K 366: ['pandemic', 'care practices', 'affective bonds', 'mutual support', 'social participation', ['community care'], 'community', 'social networks', 'adults', 'need', ['clubs'], 'members', 'situations', 'persons', 'elders'] 

Reference 366: ['Community care', 'Clubs', 'Sociability', 'Older people', 'Ethnography', 'Chile'] 

Sorted_Candidate: [['intergenerational relations'], ['intergenerational solidarity'], ['ambivalence'], ['sense'], ['sense'], ['cons'], ['pros'], ['useful tool'], ['strong presence'], ['solidarity'], ['protesters'], ['protesters'], ['participation'], ['participation'], ['experiences'], ['protests'], ['persons'], ['barriers']] 

Candidates_Dedup: ['intergenerational relations', 'intergenerational solidarity', 'ambivalence', 'sense', 'cons', 'pros', 'useful tool', 'strong presence', 'solidarity', 'protesters', 'participation', 'experiences', 'protests', 'persons', 'barriers'] 

TOP-K 367: ['intergenerational relations', ['intergenerational solidarity'], 'ambivalence', 'sense', 'cons', 'pros', 'useful tool', 'strong presence', 'solidarity', 'protesters', 'participation', 'experiences', 'protests', 'persons', 'barriers'] 

Reference 367: ['Intergenerational solidarity', 'Intergenerational ambivalence', 'Political activism', 'Demonstrations', 'Leadership'] 

Sorted_Candidate: [['age-group'], ['implicit ageism'], ['gerontology debate'], ['low empathy'], ['emotional empathy'], ['subjective age'], ['adults'], ['adults'], ['health marker'], ['defense mechanism'], ['threat'], ['aging']] 

Candidates_Dedup: ['age-group', 'implicit ageism', 'gerontology debate', 'low empathy', 'emotional empathy', 'subjective age', 'adults', 'health marker', 'defense mechanism', 'threat', 'aging'] 

TOP-K 368: ['age-group', ['implicit ageism'], 'gerontology debate', 'low empathy', 'emotional empathy', ['subjective age'], 'adults', 'health marker', 'defense mechanism', 'threat', 'aging'] 

Reference 368: ['Empathy', 'Implicit ageism', 'Internalization', 'Older adults', 'Subjective age'] 

Sorted_Candidate: [['theory-driven analysis'], ['urgent need'], ['dementia'], ['nursing home'], ['social value'], ['adults'], ['adults'], ['advanced dementia'], ['social environment'], ['family members'], ['social agency'], ['social death'], ['social life'], ['transition'], ['person'], ['interviews'], ['care'], ['aspects'], ['quality']] 

Candidates_Dedup: ['theory-driven analysis', 'urgent need', 'dementia', 'nursing home', 'social value', 'adults', 'advanced dementia', 'social environment', 'family members', 'social agency', 'social death', 'social life', 'transition', 'person', 'interviews', 'care', 'aspects', 'quality'] 

TOP-K 369: ['theory-driven analysis', 'urgent need', ['dementia'], ['nursing home'], 'social value', 'adults', 'advanced dementia', 'social environment', 'family members', 'social agency', ['social death'], 'social life', 'transition', 'person', 'interviews'] 

Reference 369: ['Dementia', 'Nursing homes', 'Older adults', 'Social death', 'Qualitative study'] 

Sorted_Candidate: [['climate change'], ['climate change'], ['climate change'], ['climate change'], ['qualitative analysis'], ['heatwaves'], ['professional care'], ['representations'], ['representations'], ['object logic'], ['swedish press reporting'], ['nursing homes'], ['media'], ['adults'], ['stereotypes'], ['need'], ['residents'], ['dangers'], ['risks']] 

Candidates_Dedup: ['climate change', 'qualitative analysis', 'heatwaves', 'professional care', 'representations', 'object logic', 'swedish press reporting', 'nursing homes', 'media', 'adults', 'stereotypes', 'need', 'residents', 'dangers', 'risks'] 

TOP-K 370: [['climate change'], 'qualitative analysis', 'heatwaves', 'professional care', 'representations', 'object logic', 'swedish press reporting', ['nursing homes'], 'media', 'adults', 'stereotypes', 'need', 'residents', 'dangers', ['risks']] 

Reference 370: ['Climate change', 'Nursing homes', 'Media representations', 'Risk', 'Subject-object logic'] 

Sorted_Candidate: [['enterprise overstates hegemony'], ['discourses'], ['discourses'], ['aging'], ['aging'], ['state-driven intervention today'], ['interventions'], ['interventions'], ['global discourses'], ['sustainable interventions'], ['estes'], ['local contexts'], ['term success'], ['age'], ['ideas'], ['enterprises'], ['practice'], ['problem']] 

Candidates_Dedup: ['enterprise overstates hegemony', 'discourses', 'aging', 'state-driven intervention today', 'interventions', 'global discourses', 'sustainable interventions', 'estes', 'local contexts', 'term success', 'age', 'ideas', 'enterprises', 'practice', 'problem'] 

TOP-K 371: ['enterprise overstates hegemony', 'discourses', 'aging', 'state-driven intervention today', 'interventions', 'global discourses', 'sustainable interventions', 'estes', 'local contexts', 'term success', 'age', 'ideas', 'enterprises', 'practice', 'problem'] 

Reference 371: ['Ghana', 'NG', 'Os', 'Political-economy theory', 'Gerontological imagination', 'Population aging', 'Aging discourse'] 

Sorted_Candidate: [['nursing homes'], ['nursing homes'], ['activity programs'], ['activity programs'], ['social connection'], ['meaningful activities'], ['activities'], ['evaluation'], ['needs'], ['preferences'], ['mood'], ['participation'], ['staff'], ['group'], ['residents']] 

Candidates_Dedup: ['nursing homes', 'activity programs', 'social connection', 'meaningful activities', 'activities', 'evaluation', 'needs', 'preferences', 'mood', 'participation', 'staff', 'group', 'residents'] 

TOP-K 372: [['nursing homes'], 'activity programs', 'social connection', 'meaningful activities', 'activities', 'evaluation', 'needs', 'preferences', 'mood', 'participation', ['staff'], 'group', 'residents'] 

Reference 372: ['Leisure activities', 'Social participation', 'Aged', 'Nursing homes', 'Staff', 'Qualitative research'] 

Sorted_Candidate: [['age'], ['age'], ['age'], ['active ageing discourses'], ['contemporary understandings'], ['future care needs'], ['historic diary entries'], ['critical approaches'], ['future'], ['future'], ['reluctance']] 

Candidates_Dedup: ['age', 'active ageing discourses', 'contemporary understandings', 'future care needs', 'historic diary entries', 'critical approaches', 'future', 'reluctance'] 

TOP-K 373: ['age', 'active ageing discourses', 'contemporary understandings', 'future care needs', 'historic diary entries', 'critical approaches', ['future'], 'reluctance'] 

Reference 373: ['Temporality', 'Time', 'Future', 'Diaries'] 

Sorted_Candidate: [['covid-19 pandemic'], ['resilience'], ['socioecological context'], ['resilience resources'], ['social engagement'], ['social engagement pathways'], ['socioeconomic status'], ['soureces'], ['diverse experiences'], ['fundamental role'], ['women'], ['changes'], ['adults'], ['society']] 

Candidates_Dedup: ['covid-19 pandemic', 'resilience', 'socioecological context', 'resilience resources', 'social engagement', 'social engagement pathways', 'socioeconomic status', 'soureces', 'diverse experiences', 'fundamental role', 'women', 'changes', 'adults', 'society'] 

TOP-K 374: ['covid-19 pandemic', 'resilience', 'socioecological context', ['resilience resources'], ['social engagement'], 'social engagement pathways', 'socioeconomic status', 'soureces', 'diverse experiences', 'fundamental role', 'women', 'changes', 'adults', 'society'] 

Reference 374: ['COVID-19Older women', 'Singapore', 'Social engagement', 'Resilience resources'] 

Sorted_Candidate: [['conceptualisation'], ['social gerontology'], ['embodiment'], ['multifacetedness'], ['experience'], ['experience'], ['new conceptualisation'], ['previous approaches'], ['modes'], ['paper'], ['later life'], ['body'], ['ambiguity']] 

Candidates_Dedup: ['conceptualisation', 'social gerontology', 'embodiment', 'multifacetedness', 'experience', 'new conceptualisation', 'previous approaches', 'modes', 'paper', 'later life', 'body', 'ambiguity'] 

TOP-K 375: ['conceptualisation', 'social gerontology', ['embodiment'], 'multifacetedness', 'experience', 'new conceptualisation', 'previous approaches', 'modes', 'paper', 'later life', 'body', ['ambiguity']] 

Reference 375: ['Embodiment', 'Ageing', 'Phenomenology', 'Responsivity', 'Ambiguity', 'Qualitative research'] 

Sorted_Candidate: [['non-binary genders'], ['normalising feminised patterns'], ['normative femininity women'], ['ltc reforms women'], ['women'], ['women'], ['dementia'], ['dementia'], ['dementia'], ['marginalised status'], ['ltc'], ['gendered dimensions'], ['dementia policy'], ['failure'], ['care'], ['relation'], ['people'], ['labour'], ['reference'], ['partners']] 

Candidates_Dedup: ['non-binary genders', 'normalising feminised patterns', 'normative femininity women', 'ltc reforms women', 'women', 'dementia', 'marginalised status', 'ltc', 'gendered dimensions', 'dementia policy', 'failure', 'care', 'relation', 'people', 'labour', 'reference', 'partners'] 

TOP-K 376: ['non-binary genders', 'normalising feminised patterns', 'normative femininity women', 'ltc reforms women', ['women'], ['dementia'], 'marginalised status', 'ltc', 'gendered dimensions', 'dementia policy', 'failure', ['care'], 'relation', 'people', 'labour'] 

Reference 376: ['Dementia', 'Women', 'Aged care', 'Aged Care Royal Commission', 'Care', 'Feminised labour', 'Gender', 'Long-term care'] 

Sorted_Candidate: [['sex-seeking'], ['sex-seeking behavior'], ['sex-seeking behavior'], ['stereotype embodiment theory'], ['sexual activity'], ['sexual activity'], ['sexual activity'], ['frequency'], ['frequency'], ['frequency'], ['gay ageism'], ['income level'], ['relationship type'], ['open relationships']] 

Candidates_Dedup: ['sex-seeking', 'sex-seeking behavior', 'stereotype embodiment theory', 'sexual activity', 'frequency', 'gay ageism', 'income level', 'relationship type', 'open relationships'] 

TOP-K 377: ['sex-seeking', 'sex-seeking behavior', 'stereotype embodiment theory', 'sexual activity', 'frequency', 'gay ageism', 'income level', 'relationship type', 'open relationships'] 

Reference 377: ['Aging', 'Gay men', 'Sexual behavior', 'Sexual health', 'Non-monogamy'] 

Sorted_Candidate: [['capital controls'], ['capital controls'], ['volatility'], ['inappropriate exchange rate regime'], ['macroeconomic fluctuations'], ['capital outflow controls'], ['foreign exchange interventions'], ['fx interventions'], ['capital flows'], ['effectiveness'], ['china']] 

Candidates_Dedup: ['capital controls', 'volatility', 'inappropriate exchange rate regime', 'macroeconomic fluctuations', 'capital outflow controls', 'foreign exchange interventions', 'fx interventions', 'capital flows', 'effectiveness', 'china'] 

TOP-K 378: [['capital controls'], 'volatility', 'inappropriate exchange rate regime', 'macroeconomic fluctuations', 'capital outflow controls', ['foreign exchange interventions'], 'fx interventions', 'capital flows', 'effectiveness', ['china']] 

Reference 378: ['Capital controls', 'Foreign exchange interventions', 'Economic fluctuation', 'Exchange rate regime', 'China'] 

Sorted_Candidate: [['frequent government infusions'], ['repeated capital infusions'], ['no-evidence'], ['financial stability'], ['financial stability'], ['possible moral hazard behavior'], ['capital shortfall'], ['indian banks'], ['recipient banks'], ['network risks'], ['improvement'], ['default'], ['results']] 

Candidates_Dedup: ['frequent government infusions', 'repeated capital infusions', 'no-evidence', 'financial stability', 'possible moral hazard behavior', 'capital shortfall', 'indian banks', 'recipient banks', 'network risks', 'improvement', 'default', 'results'] 

TOP-K 379: ['frequent government infusions', 'repeated capital infusions', 'no-evidence', ['financial stability'], 'possible moral hazard behavior', 'capital shortfall', 'indian banks', 'recipient banks', 'network risks', 'improvement', 'default', 'results'] 

Reference 379: ['government capital infusions', ' financial stability', ' systemic risk', ' default risk', ' emerging markets'] 

Sorted_Candidate: [['acquirers'], ['acquirers'], ['acquirers'], ['failed bank auctions'], ['state-chartered banks'], ['banks'], ['banks'], ['concentrated branch networks'], ['national banks'], ['growth'], ['strong banks'], ['prices']] 

Candidates_Dedup: ['acquirers', 'failed bank auctions', 'state-chartered banks', 'banks', 'concentrated branch networks', 'national banks', 'growth', 'strong banks', 'prices'] 

TOP-K 380: ['acquirers', 'failed bank auctions', 'state-chartered banks', 'banks', 'concentrated branch networks', 'national banks', 'growth', 'strong banks', 'prices'] 

Reference 380: ['Bank failures', 'Resolution', 'FDIC'] 

Sorted_Candidate: [['australian regulatory bank data'], ['monetary policy shocks'], ['bank lending channel'], ['muted effect'], ['lending elasticity'], ['susceptible channels'], ['asian banks'], ['blc'], ['corporate loans'], ['traditional measures'], ['unconventional policies'], ['transmission'], ['household'], ['degree'], ['presence']] 

Candidates_Dedup: ['australian regulatory bank data', 'monetary policy shocks', 'bank lending channel', 'muted effect', 'lending elasticity', 'susceptible channels', 'asian banks', 'blc', 'corporate loans', 'traditional measures', 'unconventional policies', 'transmission', 'household', 'degree', 'presence'] 

TOP-K 381: ['australian regulatory bank data', 'monetary policy shocks', 'bank lending channel', 'muted effect', 'lending elasticity', 'susceptible channels', 'asian banks', 'blc', 'corporate loans', 'traditional measures', 'unconventional policies', 'transmission', 'household', 'degree', 'presence'] 

Reference 381: ['Bank lending', 'Credit supply', 'Monetary policy', 'Quantitative easing'] 

Sorted_Candidate: [['credit unions'], ['credit unions'], ['credit unions'], ['credit unions'], ['credit unions'], ['large profit inefficiencies'], ['profit function-based approach'], ['above-market deposit interest rates'], ['federal income taxes'], ['similar commercial banks'], ['tax subsidy'], ['tax exemption'], ['various stakeholders'], ['banks'], ['performance'], ['benefits'], ['subsidies'], ['members']] 

Candidates_Dedup: ['credit unions', 'large profit inefficiencies', 'profit function-based approach', 'above-market deposit interest rates', 'federal income taxes', 'similar commercial banks', 'tax subsidy', 'tax exemption', 'various stakeholders', 'banks', 'performance', 'benefits', 'subsidies', 'members'] 

TOP-K 382: [['credit unions'], 'large profit inefficiencies', 'profit function-based approach', 'above-market deposit interest rates', 'federal income taxes', 'similar commercial banks', 'tax subsidy', 'tax exemption', 'various stakeholders', 'banks', 'performance', 'benefits', 'subsidies', 'members'] 

Reference 382: ['Commercial banks', 'Credit unions', 'Profit inefficiency', 'Tax exempt status'] 

Sorted_Candidate: [['system-wide financial stability indicators'], ['public confidence'], ['public confidence'], ['bank-level risk'], ['customer online banking reviews'], ['household confidence'], ['marginal role'], ['bank'], ['banks'], ['banks']] 

Candidates_Dedup: ['system-wide financial stability indicators', 'public confidence', 'bank-level risk', 'customer online banking reviews', 'household confidence', 'marginal role', 'bank', 'banks'] 

TOP-K 383: ['system-wide financial stability indicators', ['public confidence'], 'bank-level risk', 'customer online banking reviews', 'household confidence', 'marginal role', 'bank', 'banks'] 

Reference 383: ['Financial stability', 'Public confidence', 'Bank risk, bank failures', 'Customer opinions', 'Online reviews'] 

Sorted_Candidate: [['investment deregulation'], ['investment deregulation'], ['preemptive patenting effect'], ['study focus'], ['initial policy'], ['investment decision'], ['patent market'], ['competition effect'], ['private firms'], ['innovation performance'], ['firms'], ['competition'], ['china'], ['findings'], ['product']] 

Candidates_Dedup: ['investment deregulation', 'preemptive patenting effect', 'study focus', 'initial policy', 'investment decision', 'patent market', 'competition effect', 'private firms', 'innovation performance', 'firms', 'competition', 'china', 'findings', 'product'] 

TOP-K 384: [['investment deregulation'], 'preemptive patenting effect', 'study focus', 'initial policy', 'investment decision', 'patent market', 'competition effect', ['private firms'], ['innovation performance'], 'firms', ['competition'], 'china', 'findings', 'product'] 

Reference 384: ['Investment deregulation', 'Innovation performance', 'Private firms', 'Competition'] 

Sorted_Candidate: [['rational bubbles'], ['rational bubbles'], ['rational bubbles'], ['rational bubbles'], ['risk-neutral investors'], ['time-constrained asset'], ['bubble premium'], ['bubble premium'], ['negative interest rates'], ['absolute value'], ['sufficient number'], ['soft landings'], ['interest rate'], ['taxes'], ['guide']] 

Candidates_Dedup: ['rational bubbles', 'risk-neutral investors', 'time-constrained asset', 'bubble premium', 'negative interest rates', 'absolute value', 'sufficient number', 'soft landings', 'interest rate', 'taxes', 'guide'] 

TOP-K 385: [['rational bubbles'], 'risk-neutral investors', ['time-constrained asset'], 'bubble premium', ['negative interest rates'], 'absolute value', 'sufficient number', 'soft landings', 'interest rate', ['taxes'], 'guide'] 

Reference 385: ['Rational bubble', 'Time-constrained asset', 'Negative interest rate', 'Bubble prevention', 'Tax'] 

Sorted_Candidate: [['fiscal deficits'], ['large fiscal deficits'], ['foreign debt'], ['long-term growth'], ['growth-enhancing structural reforms'], ['elevated foreign debt'], ['fiscal policy reforms'], ['root cause'], ['economic crisis'], ['debt restructuring'], ['sri lanka'], ['fiscal sustainability'], ['debt default'], ['lack'], ['reserves'], ['stability']] 

Candidates_Dedup: ['fiscal deficits', 'large fiscal deficits', 'foreign debt', 'long-term growth', 'growth-enhancing structural reforms', 'elevated foreign debt', 'fiscal policy reforms', 'root cause', 'economic crisis', 'debt restructuring', 'sri lanka', 'fiscal sustainability', 'debt default', 'lack', 'reserves', 'stability'] 

TOP-K 386: ['fiscal deficits', 'large fiscal deficits', 'foreign debt', 'long-term growth', 'growth-enhancing structural reforms', 'elevated foreign debt', 'fiscal policy reforms', 'root cause', 'economic crisis', 'debt restructuring', ['sri lanka'], 'fiscal sustainability', 'debt default', 'lack', 'reserves'] 

Reference 386: ['Economic and financial crises', 'Sovereign debt crisis', 'Emerging Markets', 'Economic policy', 'Sri Lanka'] 

Sorted_Candidate: [['nonfinancial leverage'], ['nonfinancial leverage'], ['financial imbalances'], ['various financial imbalances'], ['buoyant economic growth'], ['macroeconomic performance'], ['strong macro performance'], ['sizeable drivers'], ['business cycle shocks'], ['buildup'], ['seeds'], ['times']] 

Candidates_Dedup: ['nonfinancial leverage', 'financial imbalances', 'various financial imbalances', 'buoyant economic growth', 'macroeconomic performance', 'strong macro performance', 'sizeable drivers', 'business cycle shocks', 'buildup', 'seeds', 'times'] 

TOP-K 387: ['nonfinancial leverage', 'financial imbalances', 'various financial imbalances', 'buoyant economic growth', 'macroeconomic performance', 'strong macro performance', 'sizeable drivers', 'business cycle shocks', 'buildup', 'seeds', 'times'] 

Reference 387: ['Business cycle', 'Financial cycle', 'Financial stability', 'Forecasting', 'Sign-restricted SVAR'] 

Sorted_Candidate: [['comprehensive meta-analysis'], ['monetary trilemma'], ['foreign exchange literature'], ['estimations'], ['domestic currency'], ['dollar purchase'], ['average'], ['countries'], ['effects'], ['decades'], ['cases']] 

Candidates_Dedup: ['comprehensive meta-analysis', 'monetary trilemma', 'foreign exchange literature', 'estimations', 'domestic currency', 'dollar purchase', 'average', 'countries', 'effects', 'decades', 'cases'] 

TOP-K 388: ['comprehensive meta-analysis', 'monetary trilemma', 'foreign exchange literature', 'estimations', 'domestic currency', 'dollar purchase', 'average', 'countries', 'effects', 'decades', 'cases'] 

Reference 388: ['Foreign exchange intervention', 'Exchange rate', 'Meta-analysis'] 

Sorted_Candidate: [['foreign borrowings'], ['foreign borrowings'], ['post-2013 period'], ['post-gfc period'], ['firms'], ['firms'], ['firms'], ['abundant global credit'], ['real investments'], ['risky firms'], ['global effect'], ['foreign finance'], ['external finance'], ['domestic credit'], ['access'], ['decline'], ['evidence'], ['banks']] 

Candidates_Dedup: ['foreign borrowings', 'post-2013 period', 'post-gfc period', 'firms', 'abundant global credit', 'real investments', 'risky firms', 'global effect', 'foreign finance', 'external finance', 'domestic credit', 'access', 'decline', 'evidence', 'banks'] 

TOP-K 389: [['foreign borrowings'], 'post-2013 period', 'post-gfc period', 'firms', 'abundant global credit', 'real investments', 'risky firms', 'global effect', 'foreign finance', 'external finance', 'domestic credit', 'access', 'decline', 'evidence', 'banks'] 

Reference 389: ['Emerging markets', 'Foreign borrowings', 'Global credit', 'Regional linkages'] 

Sorted_Candidate: [['macroprudential policy'], ['macroprudential policy'], ['gdp growth distribution'], ['gdp growth distribution'], ['borrower-based measures'], ['growth-at-risk'], ['heterogeneous effects'], ['capital measures'], ['advanced stages'], ['left tail'], ['benefits'], ['cycle'], ['timing']] 

Candidates_Dedup: ['macroprudential policy', 'gdp growth distribution', 'borrower-based measures', 'growth-at-risk', 'heterogeneous effects', 'capital measures', 'advanced stages', 'left tail', 'benefits', 'cycle', 'timing'] 

TOP-K 390: [['macroprudential policy'], 'gdp growth distribution', 'borrower-based measures', ['growth-at-risk'], 'heterogeneous effects', 'capital measures', 'advanced stages', 'left tail', 'benefits', 'cycle', 'timing'] 

Reference 390: ['Financial stability', 'Growth-at-risk', 'Systemic risk', 'Macroprudential policy', 'Quantile regressions'] 

Sorted_Candidate: [['flimsy variables'], ['foreign exchange intervention'], ['low agents'], ['localized analysis'], ['central bank'], ['effects'], ['effects'], ['fx market'], ['market uncertainty'], ['uncertainty'], ['results'], ['matters'], ['literature'], ['things'], ['money']] 

Candidates_Dedup: ['flimsy variables', 'foreign exchange intervention', 'low agents', 'localized analysis', 'central bank', 'effects', 'fx market', 'market uncertainty', 'uncertainty', 'results', 'matters', 'literature', 'things', 'money'] 

TOP-K 391: ['flimsy variables', 'foreign exchange intervention', 'low agents', 'localized analysis', 'central bank', 'effects', 'fx market', 'market uncertainty', 'uncertainty', 'results', 'matters', 'literature', 'things', 'money'] 

Reference 391: ['Sterilized FX intervention', 'Exchange rate uncertainty', 'Policy discontinuity', 'Incremental effect of intervention', 'Regression Discontinuity Design'] 

Sorted_Candidate: [['non-state-owned enterprises'], ['firms'], ['firms'], ['firms'], ['firms'], ['firms'], ['political leader'], ['political leader'], ['significant promotional pressure'], ['weak media development'], ['provinces'], ['provinces'], ['political office'], ['absence'], ['absence'], ['economic policy'], ['governmental efficiency'], ['corporate investment'], ['pronounced impact'], ['marketization'], ['investment'], ['political connections'], ['month'], ['average'], ['uncertainty'], ['regions']] 

Candidates_Dedup: ['non-state-owned enterprises', 'firms', 'political leader', 'significant promotional pressure', 'weak media development', 'provinces', 'political office', 'absence', 'economic policy', 'governmental efficiency', 'corporate investment', 'pronounced impact', 'marketization', 'investment', 'political connections', 'month', 'average', 'uncertainty', 'regions'] 

TOP-K 392: ['non-state-owned enterprises', 'firms', ['political leader'], 'significant promotional pressure', 'weak media development', 'provinces', 'political office', 'absence', 'economic policy', 'governmental efficiency', ['corporate investment'], 'pronounced impact', 'marketization', 'investment', 'political connections'] 

Reference 392: ['Leadership Vacuum', 'Political Leader', 'Corporate Investment'] 

Sorted_Candidate: [['fama-french factors'], ['ftse russell'], ['green revenues'], ['construct green revenues'], ['standard investors'], ['asset pricing'], ['share prices'], ['betas'], ['green investors'], ['differences']] 

Candidates_Dedup: ['fama-french factors', 'ftse russell', 'green revenues', 'construct green revenues', 'standard investors', 'asset pricing', 'share prices', 'betas', 'green investors', 'differences'] 

TOP-K 393: ['fama-french factors', 'ftse russell', ['green revenues'], 'construct green revenues', 'standard investors', 'asset pricing', 'share prices', ['betas'], 'green investors', 'differences'] 

Reference 393: ['CAPM', ' beta', ' Green revenues', ' Dynamic conditional correlation model'] 

Sorted_Candidate: [['employee treatment impacts corporate decisions'], ['store closures'], ['litigation costs damage firms'], ['new business opportunities'], ['union-filed cases'], ['employee lawsuits'], ['labor violations'], ['firms'], ['employees'], ['performance'], ['likelihood']] 

Candidates_Dedup: ['employee treatment impacts corporate decisions', 'store closures', 'litigation costs damage firms', 'new business opportunities', 'union-filed cases', 'employee lawsuits', 'labor violations', 'firms', 'employees', 'performance', 'likelihood'] 

TOP-K 394: ['employee treatment impacts corporate decisions', 'store closures', 'litigation costs damage firms', 'new business opportunities', 'union-filed cases', 'employee lawsuits', 'labor violations', 'firms', 'employees', 'performance', 'likelihood'] 

Reference 394: ['Employee treatment', 'Labor unions', 'Business downsizing', 'Labor lawsuits'] 

Sorted_Candidate: [['real euro area interbank network'], ['liquidity infusions'], ['infusion'], ['liquidity'], ['crisis management tool'], ['optimal capital'], ['interbank contagion'], ['infusion amounts'], ['stress test results'], ['crisis prevention'], ['solvency'], ['motivation'], ['methodology'], ['framework'], ['benefit'], ['application'], ['losses']] 

Candidates_Dedup: ['real euro area interbank network', 'liquidity infusions', 'infusion', 'liquidity', 'crisis management tool', 'optimal capital', 'interbank contagion', 'infusion amounts', 'stress test results', 'crisis prevention', 'solvency', 'motivation', 'methodology', 'framework', 'benefit', 'application', 'losses'] 

TOP-K 395: ['real euro area interbank network', 'liquidity infusions', 'infusion', 'liquidity', 'crisis management tool', 'optimal capital', 'interbank contagion', 'infusion amounts', 'stress test results', 'crisis prevention', 'solvency', 'motivation', 'methodology', 'framework', 'benefit'] 

Reference 395: ['Interbank networks', 'Contagion', 'Fire sales', 'Stress testing', 'Macroprudential policy', 'Optimal control'] 

Sorted_Candidate: [['interbank lending rates'], ['interbank exposures'], ['lending rates'], ['capital buffers'], ['counterparty risk'], ['banks'], ['banks'], ['banks'], ['deposit rates'], ['average pay'], ['simultaneous equations'], ['deposit rate'], ['panel data'], ['important banks'], ['basel'], ['results'], ['discount'], ['system']] 

Candidates_Dedup: ['interbank lending rates', 'interbank exposures', 'lending rates', 'capital buffers', 'counterparty risk', 'banks', 'deposit rates', 'average pay', 'simultaneous equations', 'deposit rate', 'panel data', 'important banks', 'basel', 'results', 'discount', 'system'] 

TOP-K 396: ['interbank lending rates', 'interbank exposures', 'lending rates', 'capital buffers', ['counterparty risk'], 'banks', 'deposit rates', 'average pay', 'simultaneous equations', 'deposit rate', 'panel data', 'important banks', 'basel', 'results', 'discount'] 

Reference 396: ['Interbank market', 'Counterparty risk', 'Systemic risk'] 

Sorted_Candidate: [['borrower-based macroprudential measures'], ['ltv policies'], ['permanent negative side-effects'], ['ltvs'], ['housing market'], ['negative housing equity'], ['housing finance'], ['risky lending'], ['entry'], ['households'], ['risks']] 

Candidates_Dedup: ['borrower-based macroprudential measures', 'ltv policies', 'permanent negative side-effects', 'ltvs', 'housing market', 'negative housing equity', 'housing finance', 'risky lending', 'entry', 'households', 'risks'] 

TOP-K 397: ['borrower-based macroprudential measures', 'ltv policies', 'permanent negative side-effects', 'ltvs', 'housing market', 'negative housing equity', 'housing finance', 'risky lending', 'entry', 'households', 'risks'] 

Reference 397: ['BBM', ' Panel methods', ' ABM', ' DSGE', ' Inequality', ' Policy effectiveness'] 

Sorted_Candidate: [['hybrid work stressors'], ['hybrid work stressors'], ['hybrid work'], ['hybrid work'], ['emotional exhaustion'], ['emotional exhaustion'], ['emotional exhaustion'], ['challenge stressors'], ['challenge stressors'], ['hindrance stressors'], ['proactive personality'], ['relationship'], ['psychological withdrawal behavior'], ['positive relationship'], ['employee']] 

Candidates_Dedup: ['hybrid work stressors', 'hybrid work', 'emotional exhaustion', 'challenge stressors', 'hindrance stressors', 'proactive personality', 'relationship', 'psychological withdrawal behavior', 'positive relationship', 'employee'] 

TOP-K 398: ['hybrid work stressors', 'hybrid work', ['emotional exhaustion'], 'challenge stressors', 'hindrance stressors', ['proactive personality'], 'relationship', ['psychological withdrawal behavior'], 'positive relationship', 'employee'] 

Reference 398: ['Challenge/hindrance stressors of hybrid work', 'Conservation of resources theory', 'Emotional exhaustion', 'Psychological withdrawal behavior', 'Proactive personality'] 

Sorted_Candidate: [['novel large-group collaborative auto-ethnographic study'], ['self-protection mode'], ['self-protection mode'], ['horney'], ['horney'], ['strategies'], ['strategies'], ['strategies'], ['resources theory principle'], ['investment activities'], ['academics'], ['academics'], ['error'], ['trial'], ['approach'], ['time'], ['conservation'], ['people'], ['resource']] 

Candidates_Dedup: ['novel large-group collaborative auto-ethnographic study', 'self-protection mode', 'horney', 'strategies', 'resources theory principle', 'investment activities', 'academics', 'error', 'trial', 'approach', 'time', 'conservation', 'people', 'resource'] 

TOP-K 399: ['novel large-group collaborative auto-ethnographic study', 'self-protection mode', 'horney', 'strategies', 'resources theory principle', 'investment activities', 'academics', 'error', 'trial', 'approach', 'time', 'conservation', 'people', 'resource'] 

Reference 399: ['Conservation of Resources', ' Coping', ' Self-protection', ' Karen Horney', ' Auto-ethnography'] 

Sorted_Candidate: [['post-maternity leave reentry'], ['relational detachment relational movement associates'], ['self-efficacy'], ['reentry'], ['relational movement'], ['self-compassion'], ['crucial relational changes'], ['transition'], ['transition'], ['relational enrichment'], ['mothers'], ['feelings'], ['patterns']] 

Candidates_Dedup: ['post-maternity leave reentry', 'relational detachment relational movement associates', 'self-efficacy', 'reentry', 'relational movement', 'self-compassion', 'crucial relational changes', 'transition', 'relational enrichment', 'mothers', 'feelings', 'patterns'] 

TOP-K 400: ['post-maternity leave reentry', 'relational detachment relational movement associates', 'self-efficacy', 'reentry', 'relational movement', 'self-compassion', 'crucial relational changes', 'transition', 'relational enrichment', 'mothers', 'feelings', 'patterns'] 

Reference 400: ['Work/family', 'Working mothers', 'Relationships at work', 'Work transitions', 'Qualitative methodology'] 

Sorted_Candidate: [['future work self'], ['future work self'], ['future work self'], ['future work self'], ['proactive career behavior'], ['artificial intelligenceon proactive career behavior'], ['fwss moderates'], ['fwss'], ['future work selves'], ['control'], ['control'], ['control'], ['interaction'], ['interaction'], ['effect'], ['effect'], ['individuals'], ['effects']] 

Candidates_Dedup: ['future work self', 'proactive career behavior', 'artificial intelligenceon proactive career behavior', 'fwss moderates', 'fwss', 'future work selves', 'control', 'interaction', 'effect', 'individuals', 'effects'] 

TOP-K 401: ['future work self', ['proactive career behavior'], 'artificial intelligenceon proactive career behavior', 'fwss moderates', 'fwss', ['future work selves'], 'control', 'interaction', 'effect', 'individuals', 'effects'] 

Reference 401: ['Artificial intelligence', 'Future work selves', 'Proactive career behavior'] 

Sorted_Candidate: [['mental preoccupation'], ['performance pressure'], ['performance pressure-induced fear'], ['career prospects'], ['career prospects'], ['workplace performance pressure'], ['work-goal progress'], ['work goals'], ['performance failure'], ['fear'], ['employees'], ['employees'], ['work'], ['progress']] 

Candidates_Dedup: ['mental preoccupation', 'performance pressure', 'performance pressure-induced fear', 'career prospects', 'workplace performance pressure', 'work-goal progress', 'work goals', 'performance failure', 'fear', 'employees', 'work', 'progress'] 

TOP-K 402: ['mental preoccupation', ['performance pressure'], 'performance pressure-induced fear', ['career prospects'], 'workplace performance pressure', ['work-goal progress'], 'work goals', 'performance failure', 'fear', 'employees', 'work', 'progress'] 

Reference 402: ['Performance pressure', 'Fear of performance failure', 'Mental preoccupation with work', 'Work-goal progress', 'Career prospects'] 

Sorted_Candidate: [['daily task significance'], ['daily task significance'], ['task significance'], ['upshifts'], ['daily work withdrawal'], ['next morning'], ['negative affect'], ['workday'], ['positive mood'], ['withdrawal'], ['positive affect'], ['behavior'], ['breaks']] 

Candidates_Dedup: ['daily task significance', 'task significance', 'upshifts', 'daily work withdrawal', 'next morning', 'negative affect', 'workday', 'positive mood', 'withdrawal', 'positive affect', 'behavior', 'breaks'] 

TOP-K 403: ['daily task significance', ['task significance'], 'upshifts', 'daily work withdrawal', 'next morning', 'negative affect', 'workday', 'positive mood', 'withdrawal', 'positive affect', 'behavior', 'breaks'] 

Reference 403: ['Task significance', 'Meaningful work', 'Affect', 'Work performance'] 

Sorted_Candidate: [['flexible non-dividers'], ['non-flexible non-dividers'], ['flexible non-dividers profile'], ['boundary control'], ['boundary control'], ['boundary control'], ['psychological job control'], ['psychological job control'], ['flexible dividers'], ['control'], ['non-flexible dividers'], ['wellbeing'], ['carer status'], ['time'], ['time'], ['time'], ['social roles'], ['gender effects'], ['parental status'], ['work time'], ['psychological experience'], ['high control'], ['gender'], ['profile membership'], ['profiles'], ['employees'], ['employees'], ['worker profiles'], ['location'], ['engagement'], ['flexibility'], ['levels'], ['balance'], ['age'], ['satisfaction'], ['outcomes']] 

Candidates_Dedup: ['flexible non-dividers', 'non-flexible non-dividers', 'flexible non-dividers profile', 'boundary control', 'psychological job control', 'flexible dividers', 'control', 'non-flexible dividers', 'wellbeing', 'carer status', 'time', 'social roles', 'gender effects', 'parental status', 'work time', 'psychological experience', 'high control', 'gender', 'profile membership', 'profiles', 'employees', 'worker profiles', 'location', 'engagement', 'flexibility', 'levels', 'balance', 'age', 'satisfaction', 'outcomes'] 

TOP-K 404: ['flexible non-dividers', 'non-flexible non-dividers', 'flexible non-dividers profile', ['boundary control'], ['psychological job control'], 'flexible dividers', 'control', 'non-flexible dividers', 'wellbeing', 'carer status', 'time', 'social roles', 'gender effects', 'parental status', 'work time'] 

Reference 404: ['Boundary control', 'Psychological job control', 'Work engagement', 'Job satisfaction', 'Work-life balance'] 

Sorted_Candidate: [['leader humility'], ['leader humility leader humility'], ['proactive career behavior'], ['implicit leadership theory perspective'], ['power distance climate'], ['followers'], ['followers'], ['leadership'], ['career satisfaction'], ['ideal form'], ['novel outcomes']] 

Candidates_Dedup: ['leader humility', 'leader humility leader humility', 'proactive career behavior', 'implicit leadership theory perspective', 'power distance climate', 'followers', 'leadership', 'career satisfaction', 'ideal form', 'novel outcomes'] 

TOP-K 405: [['leader humility'], 'leader humility leader humility', ['proactive career behavior'], 'implicit leadership theory perspective', ['power distance climate'], 'followers', 'leadership', ['career satisfaction'], 'ideal form', 'novel outcomes'] 

Reference 405: ['Leader humility', 'Follower narcissism', 'Power distance climate', 'Perceived leader competence', 'Proactive career behavior', 'Career satisfaction'] 

Sorted_Candidate: [['attributions'], ['promotion failure'], ['promotion failure'], ['promotion failure'], ['promotion failure'], ['career proactivity'], ['career proactivity'], ['personal attributions'], ['inhibiting effect'], ['responses'], ['career responses'], ['negative effects'], ['employees'], ['employees'], ['employees'], ['study'], ['reflection']] 

Candidates_Dedup: ['attributions', 'promotion failure', 'career proactivity', 'personal attributions', 'inhibiting effect', 'responses', 'career responses', 'negative effects', 'employees', 'study', 'reflection'] 

TOP-K 406: ['attributions', ['promotion failure'], ['career proactivity'], 'personal attributions', 'inhibiting effect', 'responses', 'career responses', 'negative effects', 'employees', 'study', 'reflection'] 

Reference 406: ['Promotion failure', 'Promotion failure attributions', 'Failure reflection', 'Failure rumination', 'Career proactivity'] 

Sorted_Candidate: [['career success'], ['career success'], ['career success'], ['career success'], ['gpa'], ['gpa'], ['gpa'], ['long-term impact'], ['longitudinal research'], ['little effort'], ['initial levels'], ['resource perspective'], ['impact'], ['motivation'], ['increases'], ['individuals'], ['pathways'], ['time'], ['results']] 

Candidates_Dedup: ['career success', 'gpa', 'long-term impact', 'longitudinal research', 'little effort', 'initial levels', 'resource perspective', 'impact', 'motivation', 'increases', 'individuals', 'pathways', 'time', 'results'] 

TOP-K 407: ['career success', 'gpa', 'long-term impact', 'longitudinal research', 'little effort', 'initial levels', 'resource perspective', 'impact', 'motivation', 'increases', 'individuals', 'pathways', 'time', 'results'] 

Reference 407: ['Objective career success', 'Subjective career success', 'Grade point average', 'Motivation to lead', 'Latent growth curve analysis'] 

Sorted_Candidate: [['counterproductivity'], ['equity sensitivity'], ['equity sensitivity'], ['pcb'], ['pcb'], ['pcb'], ['emotional stability'], ['emotional stability'], ['psychological contract breachwith personality'], ['job performance'], ['job performance'], ['personality traits'], ['personality traits'], ['personality predictors'], ['total variance'], ['relationships'], ['relationships'], ['multiple r'], ['dimensions'], ['mechanism'], ['findings']] 

Candidates_Dedup: ['counterproductivity', 'equity sensitivity', 'pcb', 'emotional stability', 'psychological contract breachwith personality', 'job performance', 'personality traits', 'personality predictors', 'total variance', 'relationships', 'multiple r', 'dimensions', 'mechanism', 'findings'] 

TOP-K 408: ['counterproductivity', 'equity sensitivity', 'pcb', 'emotional stability', 'psychological contract breachwith personality', ['job performance'], ['personality traits'], 'personality predictors', 'total variance', 'relationships', 'multiple r', 'dimensions', 'mechanism', 'findings'] 

Reference 408: ['Personality traits', 'Psychological contract breach', 'Job performance', 'Meta-analysis'] 

Sorted_Candidate: [['supervisory ict demands'], ['supervisory ict demands'], ['supervisory ict demands'], ['performance-promotion attibution'], ['performance-promotion attribution'], ['self-serving attribution'], ['employee unethical behavior'], ['employee proactive behavior'], ['ict centrality'], ['positive effect'], ['hours'], ['hours'], ['hours']] 

Candidates_Dedup: ['supervisory ict demands', 'performance-promotion attibution', 'performance-promotion attribution', 'self-serving attribution', 'employee unethical behavior', 'employee proactive behavior', 'ict centrality', 'positive effect', 'hours'] 

TOP-K 409: ['supervisory ict demands', 'performance-promotion attibution', 'performance-promotion attribution', 'self-serving attribution', 'employee unethical behavior', 'employee proactive behavior', 'ict centrality', 'positive effect', 'hours'] 

Reference 409: ['Supervisory ICT demands after hours', 'Unethical behavior', 'Proactive behavior', 'Attribution'] 

Sorted_Candidate: [['high-performance work practices high-performance work practices'], ['work-based job embeddedness constructs'], ['organizational embeddedness family embeddedness'], ['occupational embeddedness high-performance work practices'], ['employee turnover'], ['job performance'], ['effects'], ['thoughts']] 

Candidates_Dedup: ['high-performance work practices high-performance work practices', 'work-based job embeddedness constructs', 'organizational embeddedness family embeddedness', 'occupational embeddedness high-performance work practices', 'employee turnover', 'job performance', 'effects', 'thoughts'] 

TOP-K 410: ['high-performance work practices high-performance work practices', 'work-based job embeddedness constructs', 'organizational embeddedness family embeddedness', 'occupational embeddedness high-performance work practices', 'employee turnover', 'job performance', 'effects', 'thoughts'] 

Reference 410: ['High performance work practices', 'Job embeddedness', 'Conservation of resources theory', 'Retention'] 

Sorted_Candidate: [['radiologists'], ['radiologists'], ['radiologists'], ['transformative effects'], ['radiologists job craft'], ['technological advancements'], ['identity'], ['particular focus'], ['work identity'], ['job'], ['interventions'], ['opportunity'], ['response'], ['insights'], ['threat'], ['roles']] 

Candidates_Dedup: ['radiologists', 'transformative effects', 'radiologists job craft', 'technological advancements', 'identity', 'particular focus', 'work identity', 'job', 'interventions', 'opportunity', 'response', 'insights', 'threat', 'roles'] 

TOP-K 411: [['radiologists'], 'transformative effects', 'radiologists job craft', 'technological advancements', 'identity', 'particular focus', 'work identity', 'job', 'interventions', 'opportunity', 'response', 'insights', 'threat', 'roles'] 

Reference 411: ['Job crafting', 'Identity work', 'Artificial intelligence', 'Identity crafting', 'Radiologists'] 

Sorted_Candidate: [['social-exchange perspective'], ['social-exchange perspective'], ['meta-analytic review'], ['explanatory power'], ['resource-based view'], ['nomological network'], ['employee wellbeing'], ['resource-based perspective'], ['fssbs'], ['fssbs'], ['family supportive supervisor'], ['theoretical perspectives'], ['work outcomes'], ['effects'], ['proportion'], ['impacts']] 

Candidates_Dedup: ['social-exchange perspective', 'meta-analytic review', 'explanatory power', 'resource-based view', 'nomological network', 'employee wellbeing', 'resource-based perspective', 'fssbs', 'family supportive supervisor', 'theoretical perspectives', 'work outcomes', 'effects', 'proportion', 'impacts'] 

TOP-K 412: ['social-exchange perspective', 'meta-analytic review', 'explanatory power', 'resource-based view', 'nomological network', 'employee wellbeing', 'resource-based perspective', 'fssbs', 'family supportive supervisor', 'theoretical perspectives', 'work outcomes', 'effects', 'proportion', 'impacts'] 

Reference 412: ['FSS', 'Bs', 'Work-family enrichment', 'Work-family conflict', 'Job satisfaction', 'In-role performance', 'LMX'] 

Sorted_Candidate: [['sustainable career ecosystem'], ['career ecosystem theory'], ['sustainable career ecosystem theory development'], ['sustainable career ecosystem consideration'], ['liminality dimension'], ['advance sustainable career ecosystems'], ['transformational actor'], ['sustainable career theory'], ['future research agenda'], ['artificial intelligence'], ['conceptualization'], ['career practitioners'], ['model'], ['interaction'], ['integration'], ['individuals']] 

Candidates_Dedup: ['sustainable career ecosystem', 'career ecosystem theory', 'sustainable career ecosystem theory development', 'sustainable career ecosystem consideration', 'liminality dimension', 'advance sustainable career ecosystems', 'transformational actor', 'sustainable career theory', 'future research agenda', 'artificial intelligence', 'conceptualization', 'career practitioners', 'model', 'interaction', 'integration', 'individuals'] 

TOP-K 413: ['sustainable career ecosystem', 'career ecosystem theory', 'sustainable career ecosystem theory development', 'sustainable career ecosystem consideration', 'liminality dimension', 'advance sustainable career ecosystems', 'transformational actor', 'sustainable career theory', 'future research agenda', ['artificial intelligence'], 'conceptualization', ['career practitioners'], 'model', 'interaction', 'integration'] 

Reference 413: ['Sustainable career', 'Career ecosystem', 'Artificial intelligence', 'Career practitioners', 'Liminality'] 

Sorted_Candidate: [['modern workforces advances foundational insights'], ['career trajectories'], ['diversity process theory'], ['career lifecycle'], ['diversity'], ['vocational psychology'], ['diversity effects'], ['information processing'], ['intersectionality'], ['inclusion processes'], ['future research'], ['vocational paths'], ['career stages'], ['identity'], ['adjustment'], ['choice'], ['exit'], ['individuals']] 

Candidates_Dedup: ['modern workforces advances foundational insights', 'career trajectories', 'diversity process theory', 'career lifecycle', 'diversity', 'vocational psychology', 'diversity effects', 'information processing', 'intersectionality', 'inclusion processes', 'future research', 'vocational paths', 'career stages', 'identity', 'adjustment', 'choice', 'exit', 'individuals'] 

TOP-K 414: ['modern workforces advances foundational insights', 'career trajectories', 'diversity process theory', ['career lifecycle'], ['diversity'], 'vocational psychology', 'diversity effects', 'information processing', 'intersectionality', 'inclusion processes', 'future research', 'vocational paths', 'career stages', ['identity'], 'adjustment'] 

Reference 414: ['Diversity', 'Identity', 'Information elaboration', 'Inclusion', 'Career lifecycle', 'Lifespan'] 

Sorted_Candidate: [['employability trajectories'], ['employability trajectories'], ['career barriers'], ['employability'], ['career barriers profiles'], ['ethnic barriers'], ['weak gender'], ['low barriers'], ['high barriers'], ['graduates'], ['graduates'], ['study'], ['contrast'], ['result'], ['time']] 

Candidates_Dedup: ['employability trajectories', 'career barriers', 'employability', 'career barriers profiles', 'ethnic barriers', 'weak gender', 'low barriers', 'high barriers', 'graduates', 'study', 'contrast', 'result', 'time'] 

TOP-K 415: [['employability trajectories'], 'career barriers', 'employability', ['career barriers profiles'], ['ethnic barriers'], 'weak gender', 'low barriers', 'high barriers', 'graduates', 'study', 'contrast', 'result', 'time'] 

Reference 415: ['Career barriers profiles', 'Gender barriers', 'Ethnic barriers', 'Perceived employability', 'Employability trajectories'] 

Sorted_Candidate: [['employee well-being'], ['employee well-being'], ['home'], ['home'], ['home'], ['home'], ['employee well-being outcomes'], ['neuroticism'], ['sudden contextual shift'], ['organizational support'], ['adequate organizational support'], ['home readiness'], ['shift'], ['theory'], ['resources'], ['empowerment'], ['change']] 

Candidates_Dedup: ['employee well-being', 'home', 'employee well-being outcomes', 'neuroticism', 'sudden contextual shift', 'organizational support', 'adequate organizational support', 'home readiness', 'shift', 'theory', 'resources', 'empowerment', 'change'] 

TOP-K 416: ['employee well-being', 'home', 'employee well-being outcomes', 'neuroticism', 'sudden contextual shift', 'organizational support', 'adequate organizational support', 'home readiness', 'shift', 'theory', 'resources', ['empowerment'], 'change'] 

Reference 416: ['Contextual impact', 'Working from home', 'Well-being', 'Empowerment', 'Sensemaking'] 

Sorted_Candidate: [['daily autonomy'], ['work-family'], ['leader-subordinate relations'], ['work-family conflicts'], ['supervisor-subordinate relationships'], ['autonomy'], ['subordinates'], ['resource'], ['process'], ['accommodation']] 

Candidates_Dedup: ['daily autonomy', 'work-family', 'leader-subordinate relations', 'work-family conflicts', 'supervisor-subordinate relationships', 'autonomy', 'subordinates', 'resource', 'process', 'accommodation'] 

TOP-K 417: ['daily autonomy', ['work-family'], 'leader-subordinate relations', 'work-family conflicts', 'supervisor-subordinate relationships', 'autonomy', 'subordinates', 'resource', 'process', ['accommodation']] 

Reference 417: ['LMX', 'Work-family', 'Support', 'Accommodation'] 

Sorted_Candidate: [['recombinant p97r1'], ['p97r1'], ['recombinant proteins'], ['th17-type immune responses'], ['recombinant antigens'], ['cell-biased responses'], ['specific iga responses'], ['specific igg responses'], ['mucosal immunity'], ['localized cellular immune responses'], ['robust cellular immunity'], ['humoral immunity'], ['th17 responses'], ['potential'], ['dnak'], ['induction'], ['induction'], ['pdha'], ['cd8'], ['mice'], ['ability'], ['stimulation'], ['capability']] 

Candidates_Dedup: ['recombinant p97r1', 'p97r1', 'recombinant proteins', 'th17-type immune responses', 'recombinant antigens', 'cell-biased responses', 'specific iga responses', 'specific igg responses', 'mucosal immunity', 'localized cellular immune responses', 'robust cellular immunity', 'humoral immunity', 'th17 responses', 'potential', 'dnak', 'induction', 'pdha', 'cd8', 'mice', 'ability', 'stimulation', 'capability'] 

TOP-K 418: ['recombinant p97r1', 'p97r1', 'recombinant proteins', ['th17-type immune responses'], 'recombinant antigens', 'cell-biased responses', 'specific iga responses', 'specific igg responses', 'mucosal immunity', 'localized cellular immune responses', 'robust cellular immunity', 'humoral immunity', 'th17 responses', 'potential', 'dnak'] 

Reference 418: ['CD8+ T cells', 'Cellular immunity', 'Mucosal immune response', 'Mycoplasma hyopneumoniae', 'Subunit vaccine', 'Th17-type immune response'] 

Sorted_Candidate: [['equine rotavirus'], ['equine rotavirus'], ['equine rotavirus'], ['equine rotavirus'], ['foals'], ['foals'], ['virus-neutralizing antibody titers'], ['g14 genotypes'], ['g3 monovalent vaccine'], ['g3'], ['mares'], ['mares'], ['immunization'], ['mare'], ['mare'], ['foal'], ['colostrum'], ['passive immunity'], ['antibodies'], ['antibodies'], ['antibodies'], ['milk'], ['time'], ['decrease']] 

Candidates_Dedup: ['equine rotavirus', 'foals', 'virus-neutralizing antibody titers', 'g14 genotypes', 'g3 monovalent vaccine', 'g3', 'mares', 'immunization', 'mare', 'foal', 'colostrum', 'passive immunity', 'antibodies', 'milk', 'time', 'decrease'] 

TOP-K 419: ['equine rotavirus', 'foals', 'virus-neutralizing antibody titers', 'g14 genotypes', 'g3 monovalent vaccine', 'g3', 'mares', 'immunization', 'mare', 'foal', 'colostrum', 'passive immunity', 'antibodies', 'milk', 'time'] 

Reference 419: ['Equine rotavirus A', ' Maternal antibody', ' Vaccination dynamics', ' Cross-reactivity', ' Humoral immunity'] 

Sorted_Candidate: [['pcv2d-c3d-vlp'], ['pcv2d-c3d-vlp'], ['c3d-fused pcv2d cap protein'], ['molecular adjuvant c3d'], ['pcv2d vaccine design'], ['vlp'], ['cellular immune responses'], ['alternative strategy'], ['virus challenge'], ['introduction'], ['pigs']] 

Candidates_Dedup: ['pcv2d-c3d-vlp', 'c3d-fused pcv2d cap protein', 'molecular adjuvant c3d', 'pcv2d vaccine design', 'vlp', 'cellular immune responses', 'alternative strategy', 'virus challenge', 'introduction', 'pigs'] 

TOP-K 420: ['pcv2d-c3d-vlp', 'c3d-fused pcv2d cap protein', 'molecular adjuvant c3d', 'pcv2d vaccine design', 'vlp', 'cellular immune responses', 'alternative strategy', 'virus challenge', 'introduction', 'pigs'] 

Reference 420: ['Porcine circovirus type 2Vaccine', 'Virus-like particle', 'C3d'] 

Sorted_Candidate: [['5-days-old piglets'], ['s1-truncated fragment'], ['s1 subunit truncation'], ['s1 subunit vaccine'], ['piglets'], ['humoral immunity'], ['strong nabs'], ['colostrum'], ['pdcov'], ['complete protection'], ['mice']] 

Candidates_Dedup: ['5-days-old piglets', 's1-truncated fragment', 's1 subunit truncation', 's1 subunit vaccine', 'piglets', 'humoral immunity', 'strong nabs', 'colostrum', 'pdcov', 'complete protection', 'mice'] 

TOP-K 421: ['5-days-old piglets', 's1-truncated fragment', 's1 subunit truncation', 's1 subunit vaccine', 'piglets', 'humoral immunity', 'strong nabs', 'colostrum', ['pdcov'], 'complete protection', 'mice'] 

Reference 421: ['PDCoV', ' S1 subunit', ' Inactivated', ' PDCoV vaccine', ' Protective immunity'] 

Sorted_Candidate: [['m. ovipneumoniae pdhd'], ['m. ovipneumoniae infection'], ['immunogenic plasminogen-binding protein'], ['putative adhesin'], ['pdhd'], ['potential vaccine targets'], ['pdhd protein'], ['protein'], ['biofilm'], ['formation']] 

Candidates_Dedup: ['m. ovipneumoniae pdhd', 'm. ovipneumoniae infection', 'immunogenic plasminogen-binding protein', 'putative adhesin', 'pdhd', 'potential vaccine targets', 'pdhd protein', 'protein', 'biofilm', 'formation'] 

TOP-K 422: ['m. ovipneumoniae pdhd', 'm. ovipneumoniae infection', 'immunogenic plasminogen-binding protein', 'putative adhesin', 'pdhd', 'potential vaccine targets', 'pdhd protein', 'protein', ['biofilm'], 'formation'] 

Reference 422: ['Mycoplasma ovipneumoniae', 'Dihydrolipoamide dehydrogenase', 'Adhesins', 'Biofilm', 'Plasminogen'] 

Sorted_Candidate: [['s. pullorum'], ['s. pullorum'], ['s. pullorum'], ['type i-e crispr-cas system'], ['crispr-cas system'], ['t3ss1 genes expression'], ['epithelial cells'], ['plasmids'], ['deletion'], ['fimzy'], ['normal conditions'], ['cas proteins'], ['bacterial invasion'], ['activity']] 

Candidates_Dedup: ['s. pullorum', 'type i-e crispr-cas system', 'crispr-cas system', 't3ss1 genes expression', 'epithelial cells', 'plasmids', 'deletion', 'fimzy', 'normal conditions', 'cas proteins', 'bacterial invasion', 'activity'] 

TOP-K 423: ['s. pullorum', ['type i-e crispr-cas system'], 'crispr-cas system', 't3ss1 genes expression', 'epithelial cells', 'plasmids', 'deletion', 'fimzy', 'normal conditions', 'cas proteins', 'bacterial invasion', 'activity'] 

Reference 423: ['Type I-E CRISPR-Cas system', 'Salmonella enterica serovar Pullorum', 'Type I fimbriae', 'Type III secretions system 1'] 

Sorted_Candidate: [['m. synoviae'], ['m. synoviae e2'], ['m. synoviae e2'], ['novel plasminogen receptor m. synoviae e2'], ['df-1 cells'], ['df-1 cells'], ['extracellular matrixcomponents'], ['plasminogen'], ['e2'], ['polyclonal antibody'], ['good immunogenicity'], ['e2 protein'], ['cell membrane'], ['tpa'], ['invasion'], ['activation']] 

Candidates_Dedup: ['m. synoviae', 'm. synoviae e2', 'novel plasminogen receptor m. synoviae e2', 'df-1 cells', 'extracellular matrixcomponents', 'plasminogen', 'e2', 'polyclonal antibody', 'good immunogenicity', 'e2 protein', 'cell membrane', 'tpa', 'invasion', 'activation'] 

TOP-K 424: ['m. synoviae', 'm. synoviae e2', 'novel plasminogen receptor m. synoviae e2', 'df-1 cells', 'extracellular matrixcomponents', ['plasminogen'], 'e2', 'polyclonal antibody', 'good immunogenicity', 'e2 protein', 'cell membrane', 'tpa', ['invasion'], 'activation'] 

Reference 424: ['Mycoplasma synoviae', 'Dihydrolipoamide acetyltransferase', 'Adherence', 'Extracellular matrix', 'Plasminogen', 'Invasion'] 

Sorted_Candidate: [['hyopneumoniae'], ['mycoplasmal pneumonia'], ['aerosol'], ['high-dose aerosols'], ['infectious aerosols'], ['aerosol infectious dose'], ['gilts'], ['gilts'], ['severe lung lesions'], ['typical clinical signs'], ['artificial exposure'], ['natural route'], ['experimental reproduction'], ['means'], ['time'], ['infection']] 

Candidates_Dedup: ['hyopneumoniae', 'mycoplasmal pneumonia', 'aerosol', 'high-dose aerosols', 'infectious aerosols', 'aerosol infectious dose', 'gilts', 'severe lung lesions', 'typical clinical signs', 'artificial exposure', 'natural route', 'experimental reproduction', 'means', 'time', 'infection'] 

TOP-K 425: ['hyopneumoniae', 'mycoplasmal pneumonia', ['aerosol'], 'high-dose aerosols', 'infectious aerosols', 'aerosol infectious dose', ['gilts'], 'severe lung lesions', 'typical clinical signs', 'artificial exposure', 'natural route', 'experimental reproduction', 'means', 'time', 'infection'] 

Reference 425: ['Mycoplasma hyopneumoniae', 'Aerosol', 'Infection model', 'Real-time PCRELISA', 'Gilts'] 

Sorted_Candidate: [['chlamydia psittaci'], ['cytoplasm'], ['cytoplasm'], ['chlamydia psittaci infection'], ['mitochondrial oxidative stress'], ['mitochondrial oxidative stress'], ['il-1¦Â work'], ['cgas-sting signaling pathway'], ['mitochondrial dna'], ['mitochondrial dna'], ['macrophages'], ['mitochondrial damage'], ['release'], ['activation'], ['proliferation']] 

Candidates_Dedup: ['chlamydia psittaci', 'cytoplasm', 'chlamydia psittaci infection', 'mitochondrial oxidative stress', 'il-1¦Â work', 'cgas-sting signaling pathway', 'mitochondrial dna', 'macrophages', 'mitochondrial damage', 'release', 'activation', 'proliferation'] 

TOP-K 426: [['chlamydia psittaci'], 'cytoplasm', 'chlamydia psittaci infection', 'mitochondrial oxidative stress', 'il-1¦Â work', 'cgas-sting signaling pathway', 'mitochondrial dna', 'macrophages', 'mitochondrial damage', 'release', 'activation', 'proliferation'] 

Reference 426: ['Chlamydia psittaci', ' mtROS', ' mtDNA', ' CGAS-STING', ' Type I interferon'] 

Sorted_Candidate: [['tetracycline-resistance'], ['tetracycline-resistance'], ['2-day old chicks'], ['potential donor'], ['oral challenge'], ['salmonella']] 

Candidates_Dedup: ['tetracycline-resistance', '2-day old chicks', 'potential donor', 'oral challenge', 'salmonella'] 

TOP-K 427: ['tetracycline-resistance', '2-day old chicks', 'potential donor', 'oral challenge', ['salmonella']] 

Reference 427: ['Antimicrobial resistance', 'Salmonella', 'Plasmids', 'Chickens', 'Transmission', 'Animal experiment', 'Horizontal gene transfer'] 

Sorted_Candidate: [['host cell myo1b protein'], ['csfv c protein'], ['csfv c protein'], ['exosomes'], ['exosomes'], ['myo1b knockdown'], ['core-myo1b interaction'], ['specific n-terminal residues'], ['viral titer'], ['c protein'], ['viral component content'], ['genome']] 

Candidates_Dedup: ['host cell myo1b protein', 'csfv c protein', 'exosomes', 'myo1b knockdown', 'core-myo1b interaction', 'specific n-terminal residues', 'viral titer', 'c protein', 'viral component content', 'genome'] 

TOP-K 428: ['host cell myo1b protein', 'csfv c protein', ['exosomes'], 'myo1b knockdown', 'core-myo1b interaction', 'specific n-terminal residues', 'viral titer', 'c protein', 'viral component content', 'genome'] 

Reference 428: ['Classical Swine Fever Virus', 'Core Protein', 'Myosin 1B', 'Exosomes'] 

Sorted_Candidate: [['ccbf1'], ['ccbf1'], ['ccbf1'], ['ccbf1'], ['acbd'], ['acbd'], ['acbd'], ['acbd'], ['waaf'], ['waaf'], ['waaf'], ['waaf'], ['l6'], ['l6'], ['l6'], ['immunogenicity'], ['waaq'], ['waaq'], ['¦Äwaaf'], ['¦Äwaaq'], ['cps synthesis'], ['¦Äl6'], ['pathogenicity'], ['biofilm formation'], ['chicken serum'], ['los synthesis'], ['complement'], ['sensitivity'], ['disruption'], ['absence'], ['impact']] 

Candidates_Dedup: ['ccbf1', 'acbd', 'waaf', 'l6', 'immunogenicity', 'waaq', '¦Äwaaf', '¦Äwaaq', 'cps synthesis', '¦Äl6', 'pathogenicity', 'biofilm formation', 'chicken serum', 'los synthesis', 'complement', 'sensitivity', 'disruption', 'absence', 'impact'] 

TOP-K 429: ['ccbf1', 'acbd', 'waaf', 'l6', ['immunogenicity'], 'waaq', '¦Äwaaf', '¦Äwaaq', 'cps synthesis', '¦Äl6', ['pathogenicity'], 'biofilm formation', 'chicken serum', 'los synthesis', 'complement'] 

Reference 429: ['Avibacterium paragallinarum', 'Lipooligosaccharides', 'Capsular polysaccharides', 'Pathogenicity', 'Immunogenicity'] 

Sorted_Candidate: [['caserta area'], ['caserta area'], ['caserta area'], ['brucellosis eradication programs'], ['brucellosis'], ['brucella abortus'], ['genetic diversity'], ['genetic diversity'], ['outbreaks'], ['progressive reduction'], ['lineages'], ['brucella'], ['population'], ['persistence']] 

Candidates_Dedup: ['caserta area', 'brucellosis eradication programs', 'brucellosis', 'brucella abortus', 'genetic diversity', 'outbreaks', 'progressive reduction', 'lineages', 'brucella', 'population', 'persistence'] 

TOP-K 430: ['caserta area', 'brucellosis eradication programs', 'brucellosis', ['brucella abortus'], 'genetic diversity', ['outbreaks'], 'progressive reduction', 'lineages', 'brucella', 'population', 'persistence'] 

Reference 430: ['Brucella abortus', 'Bubalus bubalis', 'Whole Genome Sequencing', 'Outbreaks', 'Eradication plans'] 

Sorted_Candidate: [['prrsv'], ['prrsv'], ['epidemiological trends'], ['summarization'], ['prrsv-2and occasional occurrences'], ['prrsv-1'], ['recombination'], ['distinct lineages'], ['historical context'], ['rapid evolution'], ['lineage'], ['diversification'], ['mlvs'], ['china'], ['china'], ['china'], ['emergence']] 

Candidates_Dedup: ['prrsv', 'epidemiological trends', 'summarization', 'prrsv-2and occasional occurrences', 'prrsv-1', 'recombination', 'distinct lineages', 'historical context', 'rapid evolution', 'lineage', 'diversification', 'mlvs', 'china', 'emergence'] 

TOP-K 431: ['prrsv', 'epidemiological trends', 'summarization', 'prrsv-2and occasional occurrences', 'prrsv-1', 'recombination', 'distinct lineages', 'historical context', 'rapid evolution', ['lineage'], 'diversification', 'mlvs', ['china'], 'emergence'] 

Reference 431: ['Porcine reproductive and respiratory syndrome virus', 'Evolution', 'Diversity', 'Lineages', 'Disease prevention and control', 'China'] 

Sorted_Candidate: [['growth stimulation activities'], ['conventional antibiotics'], ['conventional antibiotics'], ['microbial resistance'], ['several bacterial infections'], ['growth animal stimulation'], ['amps'], ['wide use'], ['poultry production'], ['poultry infections'], ['humans'], ['residues'], ['presents']] 

Candidates_Dedup: ['growth stimulation activities', 'conventional antibiotics', 'microbial resistance', 'several bacterial infections', 'growth animal stimulation', 'amps', 'wide use', 'poultry production', 'poultry infections', 'humans', 'residues', 'presents'] 

TOP-K 432: ['growth stimulation activities', 'conventional antibiotics', 'microbial resistance', 'several bacterial infections', 'growth animal stimulation', 'amps', 'wide use', 'poultry production', 'poultry infections', 'humans', 'residues', 'presents'] 

Reference 432: ['Antimicrobial peptides. Poultry. Antibiotics. Bacterial infections'] 

Sorted_Candidate: [['b. abortus rb51'], ['p53-slc7a11-gpx4'], ['macrophages ferroptosis'], ['brucella intracellular survival'], ['ferroptosis'], ['gsh pathway'], ['attenuation'], ['early stage'], ['infection'], ['¡ñ b. abortus rb51'], ['¡ñ ferroptosis functions']] 

Candidates_Dedup: ['b. abortus rb51', 'p53-slc7a11-gpx4', 'macrophages ferroptosis', 'brucella intracellular survival', 'ferroptosis', 'gsh pathway', 'attenuation', 'early stage', 'infection', '¡ñ b. abortus rb51', '¡ñ ferroptosis functions'] 

TOP-K 433: ['b. abortus rb51', 'p53-slc7a11-gpx4', 'macrophages ferroptosis', 'brucella intracellular survival', ['ferroptosis'], 'gsh pathway', 'attenuation', 'early stage', 'infection', '¡ñ b. abortus rb51', '¡ñ ferroptosis functions'] 

Reference 433: ['Brucella', 'Macrophages', 'Ferroptosis', 'P53Intracellular survival'] 

Sorted_Candidate: [['host proteins'], ['host proteins'], ['host proteins'], ['spliceosomal snrnp assembly'], ['mrna splice activity'], ['mrna splicing'], ['pdcov n protein'], ['stress granule assembly'], ['rna translation'], ['function'], ['clusters']] 

Candidates_Dedup: ['host proteins', 'spliceosomal snrnp assembly', 'mrna splice activity', 'mrna splicing', 'pdcov n protein', 'stress granule assembly', 'rna translation', 'function', 'clusters'] 

TOP-K 434: ['host proteins', 'spliceosomal snrnp assembly', 'mrna splice activity', 'mrna splicing', 'pdcov n protein', 'stress granule assembly', 'rna translation', 'function', 'clusters'] 

Reference 434: ['Porcine deltacoronavirus', 'Nucleocapsid protein', 'Interaction network', 'GO analysis', 'KEGG analysis'] 

Sorted_Candidate: [['emirna'], ['emirna'], ['viral-derived emirna'], ['gpc5 gene'], ['m6a methylation'], ['alv-j'], ['transcription'], ['replication'], ['target']] 

Candidates_Dedup: ['emirna', 'viral-derived emirna', 'gpc5 gene', 'm6a methylation', 'alv-j', 'transcription', 'replication', 'target'] 

TOP-K 435: ['emirna', 'viral-derived emirna', 'gpc5 gene', 'm6a methylation', 'alv-j', 'transcription', 'replication', 'target'] 

Reference 435: ['Avian leukosis virus subgroup J', 'Emi', 'RNAGPC5M6A methylation', 'Mi', 'RNA transcriptional regulation'] 

Sorted_Candidate: [['l. borgpetersenii'], ['l. borgpetersenii'], ['zoonotic l. interrogans'], ['pcr-positive wolves'], ['wolves'], ['wolves'], ['first report'], ['spain'], ['occurrence']] 

Candidates_Dedup: ['l. borgpetersenii', 'zoonotic l. interrogans', 'pcr-positive wolves', 'wolves', 'first report', 'spain', 'occurrence'] 

TOP-K 436: ['l. borgpetersenii', 'zoonotic l. interrogans', 'pcr-positive wolves', 'wolves', 'first report', ['spain'], 'occurrence'] 

Reference 436: ['Leptospirosis', 'Leptospira', 'Spain', 'Italy', 'Wolf', 'Zoonosis'] 

Sorted_Candidate: [['high anti-pedv affinity'], ['b cell epitope'], ['first time'], ['elisa diagnostic method'], ['n protein'], ['n protein'], ['mabs'], ['mabs'], ['hybridoma cell lines'], ['potential'], ['development']] 

Candidates_Dedup: ['high anti-pedv affinity', 'b cell epitope', 'first time', 'elisa diagnostic method', 'n protein', 'mabs', 'hybridoma cell lines', 'potential', 'development'] 

TOP-K 437: ['high anti-pedv affinity', ['b cell epitope'], 'first time', 'elisa diagnostic method', 'n protein', 'mabs', 'hybridoma cell lines', 'potential', 'development'] 

Reference 437: ['PEDVN protein', 'B cell epitope'] 

Sorted_Candidate: [['secondary overtriage'], ['secondary overtriage'], ['overall secondary overtriage rate'], ['injury severity score'], ['abbreviated injury scale score'], ['extremities'], ['pediatric group'], ['surgical operation'], ['blunt trauma'], ['early discharge'], ['thorax'], ['neck'], ['head'], ['h'], ['abdomen']] 

Candidates_Dedup: ['secondary overtriage', 'overall secondary overtriage rate', 'injury severity score', 'abbreviated injury scale score', 'extremities', 'pediatric group', 'surgical operation', 'blunt trauma', 'early discharge', 'thorax', 'neck', 'head', 'h', 'abdomen'] 

TOP-K 438: [['secondary overtriage'], 'overall secondary overtriage rate', 'injury severity score', 'abbreviated injury scale score', 'extremities', 'pediatric group', 'surgical operation', 'blunt trauma', 'early discharge', 'thorax', 'neck', 'head', 'h', 'abdomen'] 

Reference 438: ['Secondary Overtriage', 'Interhospital Transfer', 'Secondary Trauma Diversion', 'Trauma System', 'Trauma Center', 'Non-Trauma Center'] 

Sorted_Candidate: [['direct transfers'], ['direct discharges'], ['workflows'], ['emergency department'], ['targeted intervention'], ['documentation changes'], ['obstacles'], ['hospice transfer'], ['education'], ['efforts'], ['stay'], ['length']] 

Candidates_Dedup: ['direct transfers', 'direct discharges', 'workflows', 'emergency department', 'targeted intervention', 'documentation changes', 'obstacles', 'hospice transfer', 'education', 'efforts', 'stay', 'length'] 

TOP-K 439: ['direct transfers', 'direct discharges', 'workflows', 'emergency department', 'targeted intervention', 'documentation changes', 'obstacles', 'hospice transfer', 'education', 'efforts', 'stay', 'length'] 

Reference 439: ['Hospice', 'Palliative care', 'End-of-life care', 'Goal-concordant care', 'Quality improvement'] 

Sorted_Candidate: [['emergency surgical airwayaccess'], ['primary airway intervention'], ['serious injuries'], ['similar survival'], ['stabbings'], ['face'], ['access'], ['receipt'], ['firearms'], ['adults'], ['children']] 

Candidates_Dedup: ['emergency surgical airwayaccess', 'primary airway intervention', 'serious injuries', 'similar survival', 'stabbings', 'face', 'access', 'receipt', 'firearms', 'adults', 'children'] 

TOP-K 440: ['emergency surgical airwayaccess', 'primary airway intervention', 'serious injuries', 'similar survival', 'stabbings', 'face', 'access', 'receipt', 'firearms', 'adults', 'children'] 

Reference 440: ['Emergency', 'Surgical', 'Airway', 'Cricothyrotomy', 'Trauma', 'Intubation'] 

Sorted_Candidate: [['correct endotracheal tubeposition'], ['tracheal ring methods'], ['prospective cross-sectional study'], ['tracheal ring method'], ['ultrasonography'], ['usg'], ['usg'], ['current gold standard'], ['diagnostic accuracy'], ['methods'], ['tube depth'], ['icus'], ['bedside'], ['patients'], ['chest'], ['comparison'], ['techniques']] 

Candidates_Dedup: ['correct endotracheal tubeposition', 'tracheal ring methods', 'prospective cross-sectional study', 'tracheal ring method', 'ultrasonography', 'usg', 'current gold standard', 'diagnostic accuracy', 'methods', 'tube depth', 'icus', 'bedside', 'patients', 'chest', 'comparison', 'techniques'] 

TOP-K 441: ['correct endotracheal tubeposition', 'tracheal ring methods', 'prospective cross-sectional study', 'tracheal ring method', 'ultrasonography', 'usg', 'current gold standard', 'diagnostic accuracy', 'methods', 'tube depth', 'icus', 'bedside', 'patients', 'chest', 'comparison'] 

Reference 441: ['USGX-ray', 'Endotracheal tube position', 'Tracheal rings', 'Transverse view', 'Longitudinal view'] 

Sorted_Candidate: [['high-temperature active external rewarming'], ['innovative on-site care'], ['self-rescue situations'], ['hypothermia'], ['cardiac arrest risk'], ['advanced life support'], ['dynamic rescue scenarios'], ['core temperature'], ['challenging settings'], ['rescue collapse'], ['dokei protocol'], ['survival'], ['guidelines']] 

Candidates_Dedup: ['high-temperature active external rewarming', 'innovative on-site care', 'self-rescue situations', 'hypothermia', 'cardiac arrest risk', 'advanced life support', 'dynamic rescue scenarios', 'core temperature', 'challenging settings', 'rescue collapse', 'dokei protocol', 'survival', 'guidelines'] 

TOP-K 442: ['high-temperature active external rewarming', 'innovative on-site care', 'self-rescue situations', ['hypothermia'], 'cardiac arrest risk', 'advanced life support', 'dynamic rescue scenarios', 'core temperature', 'challenging settings', 'rescue collapse', 'dokei protocol', 'survival', 'guidelines'] 

Reference 442: ['Mountain rescue', 'Hypothermia', 'Rewarming', 'Emergency medicine', 'Out-of-hospital', 'Wilderness medicine'] 

Sorted_Candidate: [['fentanyl'], ['fentanyl'], ['multi-modal strategy'], ['xylazine'], ['xylazine'], ['non-medical opioid supply'], ['patient-directed discharge'], ['buprenorphine'], ['ever-growing portion'], ['conventional opioids'], ['adjunctive medications'], ['withdrawal syndromes'], ['withdrawal'], ['micro-induction'], ['use'], ['medical advice disposition'], ['severity'], ['complexity use'], ['potential options'], ['sympathetic activation'], ['withdrawal severity'], ['united states'], ['treatments'], ['risk'], ['pain'], ['features']] 

Candidates_Dedup: ['fentanyl', 'multi-modal strategy', 'xylazine', 'non-medical opioid supply', 'patient-directed discharge', 'buprenorphine', 'ever-growing portion', 'conventional opioids', 'adjunctive medications', 'withdrawal syndromes', 'withdrawal', 'micro-induction', 'use', 'medical advice disposition', 'severity', 'complexity use', 'potential options', 'sympathetic activation', 'withdrawal severity', 'united states', 'treatments', 'risk', 'pain', 'features'] 

TOP-K 443: [['fentanyl'], 'multi-modal strategy', ['xylazine'], 'non-medical opioid supply', 'patient-directed discharge', 'buprenorphine', 'ever-growing portion', 'conventional opioids', 'adjunctive medications', 'withdrawal syndromes', 'withdrawal', 'micro-induction', 'use', 'medical advice disposition', 'severity'] 

Reference 443: ['Opioid withdrawal', ' Fentanyl', ' Xylazine', ' MOUD', ' Tranq dope'] 

Sorted_Candidate: [['aeds'], ['trained laypersons'], ['current aed registries'], ['aed utilization'], ['many businesses'], ['available aeds'], ['public aeds'], ['reporting']] 

Candidates_Dedup: ['aeds', 'trained laypersons', 'current aed registries', 'aed utilization', 'many businesses', 'available aeds', 'public aeds', 'reporting'] 

TOP-K 444: ['aeds', 'trained laypersons', 'current aed registries', 'aed utilization', 'many businesses', 'available aeds', 'public aeds', 'reporting'] 

Reference 444: ['Bystander defibrillation', 'AEDOHCA'] 

Sorted_Candidate: [['post-emergency department'], ['important area'], ['discharge'], ['discharge'], ['discharge'], ['homelessness'], ['innovative solutions'], ['successful contact'], ['test'], ['communication'], ['tests'], ['tests'], ['care'], ['eds'], ['persons']] 

Candidates_Dedup: ['post-emergency department', 'important area', 'discharge', 'homelessness', 'innovative solutions', 'successful contact', 'test', 'communication', 'tests', 'care', 'eds', 'persons'] 

TOP-K 445: ['post-emergency department', 'important area', 'discharge', ['homelessness'], 'innovative solutions', 'successful contact', 'test', ['communication'], 'tests', 'care', 'eds', 'persons'] 

Reference 445: ['Homelessness', 'Communication', 'Health equity', 'Emergency medicine', 'Emergency department', 'Infectious diseases'] 

Sorted_Candidate: [['non-contrast ct'], ['normal non-contrast ct'], ['serious diagnosis'], ['diagnosis'], ['tch'], ['patients'], ['patients'], ['half']] 

Candidates_Dedup: ['non-contrast ct', 'normal non-contrast ct', 'serious diagnosis', 'diagnosis', 'tch', 'patients', 'half'] 

TOP-K 446: ['non-contrast ct', 'normal non-contrast ct', 'serious diagnosis', 'diagnosis', 'tch', 'patients', 'half'] 

Reference 446: ['Thunderclap headache', 'Clinical decision rule', 'Serious cause headache', 'Reversible cerebral vasoconstriction syndrome', 'Benign cause headache'] 

Sorted_Candidate: [['water bead emergency department visits'], ['emergency department visits'], ['mostcases'], ['ingestion'], ['children'], ['children'], ['water'], ['number'], ['admissions'], ['years'], ['years'], ['cases']] 

Candidates_Dedup: ['water bead emergency department visits', 'emergency department visits', 'mostcases', 'ingestion', 'children', 'water', 'number', 'admissions', 'years', 'cases'] 

TOP-K 447: ['water bead emergency department visits', 'emergency department visits', 'mostcases', 'ingestion', 'children', 'water', 'number', 'admissions', 'years', 'cases'] 

Reference 447: ['Water beads', 'Bowel obstruction', 'Pediatric', 'Superabsorbent polymer', 'Injury'] 

Sorted_Candidate: [['hdl-c post-6 h resuscitation'], ['hdl-c'], ['favorable neurological oucomes tc'], ['mg/dl'], ['mg/dl'], ['mmol/dag'], ['albumin'], ['albumin'], ['neurologic outcomes'], ['mmol/l'], ['feasible predictive model'], ['g/dl'], ['lactate level'], ['favorable neurological outcomes'], ['ohca survivors'], ['tc']] 

Candidates_Dedup: ['hdl-c post-6 h resuscitation', 'hdl-c', 'favorable neurological oucomes tc', 'mg/dl', 'mmol/dag', 'albumin', 'neurologic outcomes', 'mmol/l', 'feasible predictive model', 'g/dl', 'lactate level', 'favorable neurological outcomes', 'ohca survivors', 'tc'] 

TOP-K 448: ['hdl-c post-6 h resuscitation', 'hdl-c', 'favorable neurological oucomes tc', 'mg/dl', 'mmol/dag', ['albumin'], ['neurologic outcomes'], 'mmol/l', 'feasible predictive model', 'g/dl', 'lactate level', 'favorable neurological outcomes', 'ohca survivors', 'tc'] 

Reference 448: ['Lactate-to-albumin ratio', 'Albumin', 'Total cholesterol', 'High-density lipoprotein cholesterol', 'Neurological outcomes', 'Out-of-hospital cardiac arrest'] 

Sorted_Candidate: [['hip fracture patients'], ['surgery'], ['surgery'], ['surgery'], ['patients evaluation'], ['outcome differences'], ['adverse outcomes'], ['time'], ['time'], ['time'], ['system processes'], ['modification']] 

Candidates_Dedup: ['hip fracture patients', 'surgery', 'patients evaluation', 'outcome differences', 'adverse outcomes', 'time', 'system processes', 'modification'] 

TOP-K 449: ['hip fracture patients', 'surgery', 'patients evaluation', 'outcome differences', 'adverse outcomes', 'time', 'system processes', 'modification'] 

Reference 449: ['Emergency department', 'Boarding', 'Hip fracture', 'Clinical outcomes'] 

Sorted_Candidate: [['asian head injury patients'], ['future studies'], ['communication barriers'], ['asian patients'], ['white patients'], ['head ct'], ['communication services'], ['asians'], ['languages'], ['number'], ['physicians'], ['translators'], ['difficulty'], ['effect']] 

Candidates_Dedup: ['asian head injury patients', 'future studies', 'communication barriers', 'asian patients', 'white patients', 'head ct', 'communication services', 'asians', 'languages', 'number', 'physicians', 'translators', 'difficulty', 'effect'] 

TOP-K 450: ['asian head injury patients', 'future studies', 'communication barriers', 'asian patients', 'white patients', 'head ct', 'communication services', 'asians', 'languages', 'number', 'physicians', 'translators', 'difficulty', 'effect'] 

Reference 450: ['Racial difference', 'Head injuries', 'Diagnostic head computed tomography', 'Limited English proficiency'] 

Sorted_Candidate: [['afebrile patients'], ['afebrile patients'], ['afebrile patients'], ['sepsis'], ['sepsis'], ['febrile patients'], ['sepsis patients'], ['rapid identification'], ['screening tools'], ['fever'], ['mortality'], ['mortality'], ['antibiotics']] 

Candidates_Dedup: ['afebrile patients', 'sepsis', 'febrile patients', 'sepsis patients', 'rapid identification', 'screening tools', 'fever', 'mortality', 'antibiotics'] 

TOP-K 451: ['afebrile patients', ['sepsis'], 'febrile patients', 'sepsis patients', 'rapid identification', 'screening tools', ['fever'], 'mortality', ['antibiotics']] 

Reference 451: ['Sepsis', 'Fever', 'Antibiotics', 'Emergency department', 'Prognosis'] 

Sorted_Candidate: [['acute coronary occlusion'], ['artificial neural networks'], ['significant heterogeneity'], ['ecgs artificial neural networks'], ['ecgs'], ['experienced physicians'], ['promising adjunct'], ['patients'], ['literature'], ['research']] 

Candidates_Dedup: ['acute coronary occlusion', 'artificial neural networks', 'significant heterogeneity', 'ecgs artificial neural networks', 'ecgs', 'experienced physicians', 'promising adjunct', 'patients', 'literature', 'research'] 

TOP-K 452: ['acute coronary occlusion', 'artificial neural networks', 'significant heterogeneity', 'ecgs artificial neural networks', 'ecgs', 'experienced physicians', 'promising adjunct', 'patients', 'literature', 'research'] 

Reference 452: ['Artificial intelligence', 'Neural networks', 'Electrocardiogram', 'Acute coronary syndrome', 'Emergency department'] 

Sorted_Candidate: [['life-threatening issue'], ['initial assessment warrants'], ['digoxin poisoning'], ['comorbidities'], ['high prevalence'], ['patient monitoring'], ['poisoning'], ['frailty'], ['factors'], ['mortality']] 

Candidates_Dedup: ['life-threatening issue', 'initial assessment warrants', 'digoxin poisoning', 'comorbidities', 'high prevalence', 'patient monitoring', 'poisoning', 'frailty', 'factors', 'mortality'] 

TOP-K 453: ['life-threatening issue', 'initial assessment warrants', 'digoxin poisoning', 'comorbidities', 'high prevalence', 'patient monitoring', ['poisoning'], 'frailty', 'factors', 'mortality'] 

Reference 453: ['Fab fragments', 'Antidote', 'Digoxin', 'Poisoning', 'Seven-day mortality', 'Thirty-day mortality'] 

Sorted_Candidate: [['post-immunization fever'], ['young infants'], ['young infants'], ['young infants'], ['young infants'], ['infants'], ['shared decision-making'], ['febrile'], ['urine sample'], ['urine culture'], ['fever guidelines'], ['invasive approach'], ['ibi'], ['risk']] 

Candidates_Dedup: ['post-immunization fever', 'young infants', 'infants', 'shared decision-making', 'febrile', 'urine sample', 'urine culture', 'fever guidelines', 'invasive approach', 'ibi', 'risk'] 

TOP-K 454: ['post-immunization fever', 'young infants', ['infants'], 'shared decision-making', 'febrile', 'urine sample', 'urine culture', 'fever guidelines', 'invasive approach', 'ibi', 'risk'] 

Reference 454: ['Fever', 'Bacteremia', 'Infant', 'Immunization', 'Bacterial infections', 'Pediatric emergency medicine'] 

Sorted_Candidate: [['acetaminophen overdose'], ['acetaminophen overdose'], ['acute acetaminophen poisoning-induced liver damage'], ['abdominal pain'], ['abdominal pain'], ['abdominal pain'], ['hepatotoxicity'], ['liver injury'], ['non-specific finding'], ['acute liver injury'], ['future treatment guidelines'], ['unknown correlation'], ['time'], ['time'], ['treatment'], ['similar risk'], ['presentation'], ['presentation'], ['patients'], ['patients'], ['emergency department'], ['relationship'], ['recommendations'], ['purpose'], ['severity'], ['study']] 

Candidates_Dedup: ['acetaminophen overdose', 'acute acetaminophen poisoning-induced liver damage', 'abdominal pain', 'hepatotoxicity', 'liver injury', 'non-specific finding', 'acute liver injury', 'future treatment guidelines', 'unknown correlation', 'time', 'treatment', 'similar risk', 'presentation', 'patients', 'emergency department', 'relationship', 'recommendations', 'purpose', 'severity', 'study'] 

TOP-K 455: ['acetaminophen overdose', 'acute acetaminophen poisoning-induced liver damage', ['abdominal pain'], 'hepatotoxicity', 'liver injury', 'non-specific finding', 'acute liver injury', 'future treatment guidelines', 'unknown correlation', 'time', 'treatment', 'similar risk', 'presentation', 'patients', 'emergency department'] 

Reference 455: ['Abdominal pain', 'Acetaminophen', 'Overdose', 'Toxicology'] 

Sorted_Candidate: [['revascularization'], ['revascularization'], ['revascularization'], ['multivariable logistic regression analysis'], ['immediate coronary angiography'], ['st-segment elevation'], ['ohca'], ['ohca'], ['favorable neurological outcomes'], ['electrocardiography'], ['time'], ['time'], ['time'], ['patients'], ['patients'], ['outcomes'], ['outcomes'], ['cardiovascular data'], ['stemi'], ['studies'], ['impact'], ['association'], ['guidelines']] 

Candidates_Dedup: ['revascularization', 'multivariable logistic regression analysis', 'immediate coronary angiography', 'st-segment elevation', 'ohca', 'favorable neurological outcomes', 'electrocardiography', 'time', 'patients', 'outcomes', 'cardiovascular data', 'stemi', 'studies', 'impact', 'association', 'guidelines'] 

TOP-K 456: [['revascularization'], 'multivariable logistic regression analysis', 'immediate coronary angiography', 'st-segment elevation', 'ohca', 'favorable neurological outcomes', 'electrocardiography', 'time', 'patients', 'outcomes', 'cardiovascular data', 'stemi', 'studies', 'impact', 'association'] 

Reference 456: ['Out-of-hospital cardiac arrest', 'Acute myocardial infarction', 'ST-segment-elevation myocardial infarction', 'Revascularization', 'Percutaneous coronary intervention'] 

Sorted_Candidate: [['covid-19'], ['covid-19'], ['ventilator use'], ['days post admission'], ['offer comparable ratios'], ['vasopressor'], ['pmews'], ['mortality'], ['mortality'], ['good sensitivity'], ['specificity'], ['days'], ['tools'], ['tools'], ['predictivity'], ['news2'], ['population'], ['variant'], ['number'], ['increase'], ['need']] 

Candidates_Dedup: ['covid-19', 'ventilator use', 'days post admission', 'offer comparable ratios', 'vasopressor', 'pmews', 'mortality', 'good sensitivity', 'specificity', 'days', 'tools', 'predictivity', 'news2', 'population', 'variant', 'number', 'increase', 'need'] 

TOP-K 457: ['covid-19', 'ventilator use', 'days post admission', 'offer comparable ratios', 'vasopressor', 'pmews', 'mortality', 'good sensitivity', 'specificity', 'days', 'tools', 'predictivity', 'news2', 'population', 'variant'] 

Reference 457: ['Triage', ' COVID', ' MEWS', ' NEWS', ' Ventilation'] 

Sorted_Candidate: [['8-hole nozzle injector'], ['overall soot net formation'], ['nozzle orifices'], ['medium duty optical engine'], ['duct geometries'], ['geometrical characteristics'], ['dfi concept'], ['dfi'], ['soot reduction levels'], ['duct'], ['detail'], ['influence'], ['number'], ['size']] 

Candidates_Dedup: ['8-hole nozzle injector', 'overall soot net formation', 'nozzle orifices', 'medium duty optical engine', 'duct geometries', 'geometrical characteristics', 'dfi concept', 'dfi', 'soot reduction levels', 'duct', 'detail', 'influence', 'number', 'size'] 

TOP-K 458: ['8-hole nozzle injector', 'overall soot net formation', 'nozzle orifices', 'medium duty optical engine', 'duct geometries', 'geometrical characteristics', 'dfi concept', 'dfi', 'soot reduction levels', 'duct', 'detail', 'influence', 'number', 'size'] 

Reference 458: ['Ducted fuel injection', 'Compression ignition', 'Soot', 'N', 'Ox', 'Optical techniques', 'Combustion'] 

Sorted_Candidate: [['cathodes'], ['promising mno2 cathodes'], ['ion battery cathodes'], ['dft computational data training'], ['valid descriptors'], ['al3'], ['multiple performance evaluation screening'], ['complete al3'], ['dft calculations'], ['experimental data'], ['workflow'], ['error correction'], ['ion batteries'], ['key properties'], ['model'], ['database']] 

Candidates_Dedup: ['cathodes', 'promising mno2 cathodes', 'ion battery cathodes', 'dft computational data training', 'valid descriptors', 'al3', 'multiple performance evaluation screening', 'complete al3', 'dft calculations', 'experimental data', 'workflow', 'error correction', 'ion batteries', 'key properties', 'model', 'database'] 

TOP-K 459: ['cathodes', 'promising mno2 cathodes', 'ion battery cathodes', 'dft computational data training', 'valid descriptors', 'al3', 'multiple performance evaluation screening', 'complete al3', 'dft calculations', 'experimental data', 'workflow', 'error correction', 'ion batteries', 'key properties', 'model'] 

Reference 459: ['Aluminum-ion batteries', 'Data-driven', 'Cathode materials', 'Data mining', 'Machine learning', 'Small samples'] 

Sorted_Candidate: [['stations optimal allocation methodology'], ['different planning scenarios'], ['optimal pv'], ['highway ev'], ['evs'], ['full model'], ['stations'], ['standalone ev'], ['ev station'], ['ess'], ['traffic flow'], ['highway'], ['milp'], ['number'], ['simulation'], ['parameters'], ['chargers'], ['time'], ['effects']] 

Candidates_Dedup: ['stations optimal allocation methodology', 'different planning scenarios', 'optimal pv', 'highway ev', 'evs', 'full model', 'stations', 'standalone ev', 'ev station', 'ess', 'traffic flow', 'highway', 'milp', 'number', 'simulation', 'parameters', 'chargers', 'time', 'effects'] 

TOP-K 460: ['stations optimal allocation methodology', 'different planning scenarios', 'optimal pv', 'highway ev', 'evs', 'full model', 'stations', 'standalone ev', 'ev station', 'ess', 'traffic flow', 'highway', 'milp', 'number', 'simulation'] 

Reference 460: ['Electric vehicle', 'Charging stations', 'Mixed integer linear programming', 'Linear programming', 'Highway service', 'Photovoltaic system', 'Cost function'] 

Sorted_Candidate: [['dynamic formation charactistics'], ['co2 hydrate storage cap'], ['hydrate cap integrity'], ['hydrate formation'], ['minimum safety pressure'], ['spatial dependence'], ['flowrates'], ['cap stability'], ['flow direction'], ['kpa'], ['stability'], ['caps'], ['pressures']] 

Candidates_Dedup: ['dynamic formation charactistics', 'co2 hydrate storage cap', 'hydrate cap integrity', 'hydrate formation', 'minimum safety pressure', 'spatial dependence', 'flowrates', 'cap stability', 'flow direction', 'kpa', 'stability', 'caps', 'pressures'] 

TOP-K 461: ['dynamic formation charactistics', 'co2 hydrate storage cap', 'hydrate cap integrity', 'hydrate formation', 'minimum safety pressure', 'spatial dependence', 'flowrates', 'cap stability', 'flow direction', 'kpa', 'stability', 'caps', 'pressures'] 

Reference 461: ['CO2 storage', 'Spatial-temporal distribution characteristics of hydrate cap', 'CO2 flowrate', 'Initial storage pressure', 'Hydrate cap stability'] 

Sorted_Candidate: [['thermo-hydraulic-chemical model'], ['well-to-well interference'], ['silty natural gas hydrate'], ['gas production'], ['gas production'], ['five-spot well'], ['gas production enhancement effect'], ['permeability'], ['bottomhole pressure'], ['single well'], ['saturation'], ['sensitivity study'], ['times']] 

Candidates_Dedup: ['thermo-hydraulic-chemical model', 'well-to-well interference', 'silty natural gas hydrate', 'gas production', 'five-spot well', 'gas production enhancement effect', 'permeability', 'bottomhole pressure', 'single well', 'saturation', 'sensitivity study', 'times'] 

TOP-K 462: ['thermo-hydraulic-chemical model', 'well-to-well interference', 'silty natural gas hydrate', 'gas production', ['five-spot well'], 'gas production enhancement effect', 'permeability', 'bottomhole pressure', 'single well', 'saturation', 'sensitivity study', 'times'] 

Reference 462: ['Natural gas hydrate', 'Five-spot well', 'Energy recovery', 'Depressurization', 'Gas production enhancement', 'Sensitivity analysis'] 

Sorted_Candidate: [['detailed photovoltaic data'], ['detailed photovoltaic data'], ['photovoltaic types'], ['pv-csn'], ['photovoltaics'], ['application scenarios'], ['downstream tasks'], ['type information'], ['time']] 

Candidates_Dedup: ['detailed photovoltaic data', 'photovoltaic types', 'pv-csn', 'photovoltaics', 'application scenarios', 'downstream tasks', 'type information', 'time'] 

TOP-K 463: ['detailed photovoltaic data', 'photovoltaic types', ['pv-csn'], ['photovoltaics'], 'application scenarios', 'downstream tasks', 'type information', 'time'] 

Reference 463: ['Photovoltaics', 'Photovoltaic power station', 'Instance segmentation', 'Classification and segmentation of photovoltaics', 'PV-CSN'] 

Sorted_Candidate: [['time-dependent parameter contributions'], ['response uncertainty'], ['response uncertainty'], ['temporal load patterns dynamic uncertainty management'], ['parameter contributions'], ['relative parameter sensitivity'], ['transient global sensitivity analyses'], ['key influential parameters'], ['thermal response uncertainty'], ['load patterns'], ['temporal changes'], ['time'], ['temporal sensitivity']] 

Candidates_Dedup: ['time-dependent parameter contributions', 'response uncertainty', 'temporal load patterns dynamic uncertainty management', 'parameter contributions', 'relative parameter sensitivity', 'transient global sensitivity analyses', 'key influential parameters', 'thermal response uncertainty', 'load patterns', 'temporal changes', 'time', 'temporal sensitivity'] 

TOP-K 464: ['time-dependent parameter contributions', 'response uncertainty', 'temporal load patterns dynamic uncertainty management', 'parameter contributions', 'relative parameter sensitivity', 'transient global sensitivity analyses', 'key influential parameters', 'thermal response uncertainty', 'load patterns', 'temporal changes', 'time', 'temporal sensitivity'] 

Reference 464: ['Uncertainty quantification', 'Dynamic uncertainty management', 'Ground heat exchanger', 'Ground thermal response function', 'Transient global sensitivity analysis', 'Underground thermal energy storage', 'Ground-source heat pump'] 

Sorted_Candidate: [['high-temperature conditions natural fluids'], ['thermodynamic performance'], ['hexane'], ['heat pump cycles'], ['pentane'], ['fluids'], ['co2'], ['butane'], ['industrial applications'], ['water'], ['analysis'], ['ammonia'], ['cop'], ['portfolio']] 

Candidates_Dedup: ['high-temperature conditions natural fluids', 'thermodynamic performance', 'hexane', 'heat pump cycles', 'pentane', 'fluids', 'co2', 'butane', 'industrial applications', 'water', 'analysis', 'ammonia', 'cop', 'portfolio'] 

TOP-K 465: ['high-temperature conditions natural fluids', 'thermodynamic performance', 'hexane', 'heat pump cycles', 'pentane', 'fluids', 'co2', 'butane', 'industrial applications', 'water', 'analysis', 'ammonia', ['cop'], 'portfolio'] 

Reference 465: ['Heat pump', 'High temperature', 'Industrial', 'Natural working fluids', 'COP', 'Lorenz efficiency'] 

Sorted_Candidate: [['double-layer fault diagnosis strategy'], ['inconsistency effects'], ['internal short circuit faults'], ['variable voltage window mechanism'], ['voltage slope sorting levels'], ['applicability'], ['real vehicle data'], ['algorithm generalisation'], ['accuracy'], ['accuracy'], ['computational efficiency'], ['data'], ['algorithm'], ['robustness'], ['cell'], ['cell'], ['experiments'], ['method']] 

Candidates_Dedup: ['double-layer fault diagnosis strategy', 'inconsistency effects', 'internal short circuit faults', 'variable voltage window mechanism', 'voltage slope sorting levels', 'applicability', 'real vehicle data', 'algorithm generalisation', 'accuracy', 'computational efficiency', 'data', 'algorithm', 'robustness', 'cell', 'experiments', 'method'] 

TOP-K 466: [['double-layer fault diagnosis strategy'], 'inconsistency effects', 'internal short circuit faults', 'variable voltage window mechanism', 'voltage slope sorting levels', 'applicability', 'real vehicle data', 'algorithm generalisation', 'accuracy', 'computational efficiency', 'data', 'algorithm', 'robustness', 'cell', 'experiments'] 

Reference 466: ['Power batteries', 'Internal short circuit', 'Fault diagnosis', 'Variable voltage window', 'Cell charging voltage slope ranking', 'Double-layer fault diagnosis strategy'] 

Sorted_Candidate: [['fouling-driven adjustment'], ['heat pump performance degradation'], ['tes'], ['tes'], ['operation scheduling framework'], ['heat pump operation'], ['milp optimization'], ['demand forecasting'], ['fouling levels'], ['forecasting accuracy'], ['heat pumps'], ['savings'], ['commercial system'], ['framework'], ['digital twins'], ['towers']] 

Candidates_Dedup: ['fouling-driven adjustment', 'heat pump performance degradation', 'tes', 'operation scheduling framework', 'heat pump operation', 'milp optimization', 'demand forecasting', 'fouling levels', 'forecasting accuracy', 'heat pumps', 'savings', 'commercial system', 'framework', 'digital twins', 'towers'] 

TOP-K 467: ['fouling-driven adjustment', 'heat pump performance degradation', 'tes', 'operation scheduling framework', 'heat pump operation', 'milp optimization', 'demand forecasting', 'fouling levels', 'forecasting accuracy', ['heat pumps'], 'savings', 'commercial system', 'framework', ['digital twins'], 'towers'] 

Reference 467: ['Heat pump', 'Thermal energy storage', 'Operation scheduling', 'Digital twin', 'Fouling'] 

Sorted_Candidate: [['heterogeneous all-parallel chiller plant systems'], ['optimizer'], ['optimizer'], ['average energy-saving ratios'], ['holistic optimal energy-saving operation'], ['high-fidelity surrogate models'], ['input convex neural networks'], ['two-scenario operation simulation'], ['concentrated optima'], ['robustness'], ['optimization'], ['convergence']] 

Candidates_Dedup: ['heterogeneous all-parallel chiller plant systems', 'optimizer', 'average energy-saving ratios', 'holistic optimal energy-saving operation', 'high-fidelity surrogate models', 'input convex neural networks', 'two-scenario operation simulation', 'concentrated optima', 'robustness', 'optimization', 'convergence'] 

TOP-K 468: ['heterogeneous all-parallel chiller plant systems', 'optimizer', 'average energy-saving ratios', 'holistic optimal energy-saving operation', 'high-fidelity surrogate models', ['input convex neural networks'], 'two-scenario operation simulation', 'concentrated optima', 'robustness', 'optimization', 'convergence'] 

Reference 468: ['Chiller plant', 'Input convex neural network', 'Operation optimization', 'Heterogeneous', 'All-parallel', 'HVAC'] 

Sorted_Candidate: [['mnls regression function mnls'], ['mnls'], ['regression function'], ['convexity assumptions'], ['monotone assumption'], ['concavity'], ['monotone'], ['school buildings'], ['energy performance'], ['concave'], ['r2'], ['squaresis'], ['variant']] 

Candidates_Dedup: ['mnls regression function mnls', 'mnls', 'regression function', 'convexity assumptions', 'monotone assumption', 'concavity', 'monotone', 'school buildings', 'energy performance', 'concave', 'r2', 'squaresis', 'variant'] 

TOP-K 469: ['mnls regression function mnls', 'mnls', 'regression function', 'convexity assumptions', 'monotone assumption', ['concavity'], 'monotone', 'school buildings', 'energy performance', ['concave'], 'r2', 'squaresis', 'variant'] 

Reference 469: ['Nonparametric methods', 'Regression analysis', 'Concavity', 'Convexity', 'Building energy consumption forecasting'] 

Sorted_Candidate: [['electrolyzer'], ['strategy'], ['strategy'], ['electrolyzers'], ['unused wind energy'], ['control strategy'], ['control strategy'], ['equal power allocation phase'], ['minimum power threshold'], ['rapid startup'], ['imbalance'], ['lifespan']] 

Candidates_Dedup: ['electrolyzer', 'strategy', 'electrolyzers', 'unused wind energy', 'control strategy', 'equal power allocation phase', 'minimum power threshold', 'rapid startup', 'imbalance', 'lifespan'] 

TOP-K 470: ['electrolyzer', 'strategy', 'electrolyzers', 'unused wind energy', 'control strategy', 'equal power allocation phase', 'minimum power threshold', 'rapid startup', 'imbalance', 'lifespan'] 

Reference 470: ['Electrolytic hydrogen production', 'Wind energy', 'Multi-electorlyzer', 'Optimized power allocation'] 

Sorted_Candidate: [['supply-demand balance mechanism'], ['power system flexibility capacity assessment method'], ['two-stage robust optimization'], ['renewable energy penetration rate'], ['effective flexibility supply model'], ['power system'], ['flexibility'], ['capacity distribution model'], ['different flexibility resources'], ['model'], ['constructes'], ['units'], ['regulation'], ['trend'], ['methodology']] 

Candidates_Dedup: ['supply-demand balance mechanism', 'power system flexibility capacity assessment method', 'two-stage robust optimization', 'renewable energy penetration rate', 'effective flexibility supply model', 'power system', 'flexibility', 'capacity distribution model', 'different flexibility resources', 'model', 'constructes', 'units', 'regulation', 'trend', 'methodology'] 

TOP-K 471: ['supply-demand balance mechanism', 'power system flexibility capacity assessment method', 'two-stage robust optimization', ['renewable energy penetration rate'], 'effective flexibility supply model', 'power system', 'flexibility', 'capacity distribution model', 'different flexibility resources', 'model', 'constructes', 'units', 'regulation', 'trend', 'methodology'] 

Reference 471: ['Flexibility capacity assessment', 'Supply and demand characteristics', 'Robust optimization', 'Uncertainty', 'Renewable energy penetration rate'] 

Sorted_Candidate: [['optimisation'], ['comprehensive techno-economic evaluation'], ['optimisation methodologies'], ['water co-generation'], ['water techno-economic performance'], ['innovative csp system integration'], ['innovative design'], ['ambient temperature'], ['power'], ['power'], ['ambient temperatures'], ['organic fluids'], ['recommendation']] 

Candidates_Dedup: ['optimisation', 'comprehensive techno-economic evaluation', 'optimisation methodologies', 'water co-generation', 'water techno-economic performance', 'innovative csp system integration', 'innovative design', 'ambient temperature', 'power', 'ambient temperatures', 'organic fluids', 'recommendation'] 

TOP-K 472: ['optimisation', 'comprehensive techno-economic evaluation', 'optimisation methodologies', 'water co-generation', 'water techno-economic performance', 'innovative csp system integration', 'innovative design', 'ambient temperature', 'power', 'ambient temperatures', 'organic fluids', 'recommendation'] 

Reference 472: ['Concentrated solar power', 'Organic Rankine cycle', 'Parabolic trough', 'Desalination', 'Membrane distillation', 'Supercritical carbon dioxide Brayton cycle'] 

Sorted_Candidate: [['long-term ocean conditions'], ['first time'], ['offshore pv farm development'], ['offshore solar pv resource'], ['durability'], ['thorough investigation'], ['offshore pv projects'], ['new approach'], ['suitable locations'], ['module efficiency'], ['exploitation potential'], ['china'], ['seas']] 

Candidates_Dedup: ['long-term ocean conditions', 'first time', 'offshore pv farm development', 'offshore solar pv resource', 'durability', 'thorough investigation', 'offshore pv projects', 'new approach', 'suitable locations', 'module efficiency', 'exploitation potential', 'china', 'seas'] 

TOP-K 473: ['long-term ocean conditions', 'first time', 'offshore pv farm development', 'offshore solar pv resource', 'durability', 'thorough investigation', 'offshore pv projects', 'new approach', 'suitable locations', 'module efficiency', ['exploitation potential'], 'china', 'seas'] 

Reference 473: ['Offshore solar PVERA5Seas around China', 'Exploitation potential', 'Climate change'] 

Sorted_Candidate: [['up-conversion piezoelectric energy harvester'], ['superharmonic resonance'], ['asymmetric displacements'], ['lagrange equation'], ['frequency up-conversion mechanism'], ['frequency mismatches'], ['strong-weak voltage'], ['nonlinear energy sink'], ['beam theory'], ['model']] 

Candidates_Dedup: ['up-conversion piezoelectric energy harvester', 'superharmonic resonance', 'asymmetric displacements', 'lagrange equation', 'frequency up-conversion mechanism', 'frequency mismatches', 'strong-weak voltage', 'nonlinear energy sink', 'beam theory', 'model'] 

TOP-K 474: ['up-conversion piezoelectric energy harvester', 'superharmonic resonance', 'asymmetric displacements', 'lagrange equation', 'frequency up-conversion mechanism', 'frequency mismatches', 'strong-weak voltage', ['nonlinear energy sink'], 'beam theory', 'model'] 

Reference 474: ['Piezoelectric energy harvesting', 'Nonlinear energy sink', 'Magnetic plucking', 'Frequency up-conversion', 'Bistable'] 

Sorted_Candidate: [['trans-log production function'], ['technical progress'], ['technical progress'], ['substitution elasticity'], ['energy'], ['energy substitution'], ['industrial sector'], ['gas'], ['gas'], ['capital stands'], ['relative difference'], ['coal'], ['coal'], ['return'], ['oil'], ['inputs'], ['scale'], ['trend']] 

Candidates_Dedup: ['trans-log production function', 'technical progress', 'substitution elasticity', 'energy', 'energy substitution', 'industrial sector', 'gas', 'capital stands', 'relative difference', 'coal', 'return', 'oil', 'inputs', 'scale', 'trend'] 

TOP-K 475: ['trans-log production function', ['technical progress'], 'substitution elasticity', 'energy', 'energy substitution', ['industrial sector'], 'gas', 'capital stands', 'relative difference', 'coal', 'return', 'oil', 'inputs', 'scale', 'trend'] 

Reference 475: ["Factor's substitution", 'Industrial sector', 'Technical progress', 'Pakistan'] 

Sorted_Candidate: [['observable markov decision process'], ['recurrent actor-critic network'], ['discrete-continuous hybrid actions'], ['lstm'], ['linear mapping trick'], ['ems'], ['ems'], ['ems'], ['different emss'], ['memory function'], ['test cycles'], ['training cycle'], ['adaptability']] 

Candidates_Dedup: ['observable markov decision process', 'recurrent actor-critic network', 'discrete-continuous hybrid actions', 'lstm', 'linear mapping trick', 'ems', 'different emss', 'memory function', 'test cycles', 'training cycle', 'adaptability'] 

TOP-K 476: ['observable markov decision process', 'recurrent actor-critic network', 'discrete-continuous hybrid actions', 'lstm', ['linear mapping trick'], 'ems', 'different emss', 'memory function', 'test cycles', 'training cycle', 'adaptability'] 

Reference 476: ['Dual-motor two-speed BEV', 'Energy management strategies', 'Linear mapping trick', 'Partially observable Markov decision process', 'Long short-term memory network'] 

Sorted_Candidate: [['digital economy'], ['digital economy'], ['digital economy'], ['digital economy'], ['renewable energy'], ['renewable energy'], ['renewable energy'], ['renewable energy'], ['financial development'], ['financial development'], ['financial development'], ['nonlinear u-shaped relationship'], ['significant positive impact'], ['synergies'], ['impact'], ['nonlinear impacts'], ['study']] 

Candidates_Dedup: ['digital economy', 'renewable energy', 'financial development', 'nonlinear u-shaped relationship', 'significant positive impact', 'synergies', 'impact', 'nonlinear impacts', 'study'] 

TOP-K 477: [['digital economy'], ['renewable energy'], ['financial development'], 'nonlinear u-shaped relationship', 'significant positive impact', 'synergies', 'impact', 'nonlinear impacts', 'study'] 

Reference 477: ['Digital economy', 'Financial development', 'Renewable energy'] 

Sorted_Candidate: [['f-cpp-acp-tmp'], ['f-cpp-acp-tmp'], ['subsurface caries lesion'], ['toothpaste'], ['toothpaste'], ['clinical trials'], ['enamel hardness'], ['valuable insights'], ['biofilm'], ['reduction'], ['eps'], ['composition'], ['results'], ['design']] 

Candidates_Dedup: ['f-cpp-acp-tmp', 'subsurface caries lesion', 'toothpaste', 'clinical trials', 'enamel hardness', 'valuable insights', 'biofilm', 'reduction', 'eps', 'composition', 'results', 'design'] 

TOP-K 478: ['f-cpp-acp-tmp', 'subsurface caries lesion', 'toothpaste', 'clinical trials', 'enamel hardness', 'valuable insights', ['biofilm'], 'reduction', 'eps', 'composition', 'results', 'design'] 

Reference 478: ['Demineralization', 'Dental enamel', 'Phosphates', 'Biofilm'] 

Sorted_Candidate: [['main reasons restorations'], ['antimicrobial compounds'], ['dentin substrate reinforcement'], ['clinical translation'], ['secondary decay'], ['natural compounds'], ['different classes'], ['challenges'], ['strategies'], ['factors']] 

Candidates_Dedup: ['main reasons restorations', 'antimicrobial compounds', 'dentin substrate reinforcement', 'clinical translation', 'secondary decay', 'natural compounds', 'different classes', 'challenges', 'strategies', 'factors'] 

TOP-K 479: ['main reasons restorations', 'antimicrobial compounds', 'dentin substrate reinforcement', 'clinical translation', 'secondary decay', 'natural compounds', 'different classes', 'challenges', 'strategies', 'factors'] 

Reference 479: ['Oral biofilm', 'Acquired pellicle', 'Dentin collagen', 'Resin composites', 'Dental adhesives', 'Polymerization'] 

Sorted_Candidate: [['polymer thermomechanical properties'], ['aligner surface'], ['intraoral aging'], ['aligner transparency'], ['dental plaque'], ['inorganic compounds'], ['chemical structures'], ['deposition'], ['usage']] 

Candidates_Dedup: ['polymer thermomechanical properties', 'aligner surface', 'intraoral aging', 'aligner transparency', 'dental plaque', 'inorganic compounds', 'chemical structures', 'deposition', 'usage'] 

TOP-K 480: ['polymer thermomechanical properties', 'aligner surface', 'intraoral aging', 'aligner transparency', 'dental plaque', 'inorganic compounds', 'chemical structures', 'deposition', 'usage'] 

Reference 480: ['Orthodontic aligners', 'Intra-oral aging', 'Leachable', 'Thermomechanical properties', 'Surface', 'Biological safety', 'Aesthetic appearance'] 

Sorted_Candidate: [['antimicrobial potential'], ['electrospinning parameters'], ['similar fiber diameter'], ['bone mineralization'], ['drug release'], ['significant difference'], ['membrane'], ['membrane'], ['membranes'], ['day']] 

Candidates_Dedup: ['antimicrobial potential', 'electrospinning parameters', 'similar fiber diameter', 'bone mineralization', 'drug release', 'significant difference', 'membrane', 'membranes', 'day'] 

TOP-K 481: ['antimicrobial potential', 'electrospinning parameters', 'similar fiber diameter', 'bone mineralization', ['drug release'], 'significant difference', 'membrane', 'membranes', 'day'] 

Reference 481: ['Antimicrobial', 'Bone', 'Drug Release', 'Electrospinning', 'Nitazoxanide', 'Periodontitis'] 

Sorted_Candidate: [['silica nanoparticles'], ['silica nanoparticles'], ['potential silica nanoparticles'], ['sustained-release drug delivery system'], ['antimicrobial substances'], ['physicochemical properties'], ['extraoral materials'], ['formulations'], ['dental materials'], ['results'], ['intra'], ['dentistry']] 

Candidates_Dedup: ['silica nanoparticles', 'potential silica nanoparticles', 'sustained-release drug delivery system', 'antimicrobial substances', 'physicochemical properties', 'extraoral materials', 'formulations', 'dental materials', 'results', 'intra', 'dentistry'] 

TOP-K 482: ['silica nanoparticles', 'potential silica nanoparticles', 'sustained-release drug delivery system', 'antimicrobial substances', 'physicochemical properties', 'extraoral materials', 'formulations', 'dental materials', 'results', 'intra', ['dentistry']] 

Reference 482: ['Nanotechnology', 'Nanoparticles', 'Silica', 'Drug delivery', 'Dentistry'] 

Sorted_Candidate: [['clean on-demand production'], ['experimental 3d printer'], ['indirect restorations'], ['remarkable dimensional accuracy'], ['excellent affordability'], ['printer'], ['direct ink'], ['proper tuning'], ['composites'], ['principle'], ['approach']] 

Candidates_Dedup: ['clean on-demand production', 'experimental 3d printer', 'indirect restorations', 'remarkable dimensional accuracy', 'excellent affordability', 'printer', 'direct ink', 'proper tuning', 'composites', 'principle', 'approach'] 

TOP-K 483: ['clean on-demand production', 'experimental 3d printer', 'indirect restorations', 'remarkable dimensional accuracy', 'excellent affordability', 'printer', 'direct ink', 'proper tuning', 'composites', 'principle', 'approach'] 

Reference 483: ['Direct ink writing3D printing', 'Additive manufacturing', 'Resin composites', 'Accuracy'] 

Sorted_Candidate: [['calcium silicate'], ['calcium silicate cement'], ['bioactive glass'], ['collagen'], ['mesoporous bioactive glass'], ['collagen inclusion'], ['calcium silicate cements'], ['e. faecalis'], ['novel dental cements'], ['modest regeneration effect'], ['setting time']] 

Candidates_Dedup: ['calcium silicate', 'calcium silicate cement', 'bioactive glass', 'collagen', 'mesoporous bioactive glass', 'collagen inclusion', 'calcium silicate cements', 'e. faecalis', 'novel dental cements', 'modest regeneration effect', 'setting time'] 

TOP-K 484: [['calcium silicate'], 'calcium silicate cement', 'bioactive glass', ['collagen'], 'mesoporous bioactive glass', 'collagen inclusion', 'calcium silicate cements', 'e. faecalis', 'novel dental cements', 'modest regeneration effect', 'setting time'] 

Reference 484: ['Anti-bacterial agents', 'Calcium silicate', 'Collagen', 'Dental pulp', 'Mesoporous bioactive glass nanoparticles', 'Odontogenic'] 

Reference 485: ['Ceramics', 'Dental materials', 'Nanotechnology', 'Apatites'] 

Sorted_Candidate: [['biaxial flexural strength'], ['load-bearing capacity'], ['glass-ceramics'], ['hybrid materials'], ['hybrid materials'], ['restorative materials'], ['flexural stress'], ['elastic gradients'], ['fracture resistance'], ['lava']] 

Candidates_Dedup: ['biaxial flexural strength', 'load-bearing capacity', 'glass-ceramics', 'hybrid materials', 'restorative materials', 'flexural stress', 'elastic gradients', 'fracture resistance', 'lava'] 

TOP-K 486: ['biaxial flexural strength', 'load-bearing capacity', 'glass-ceramics', 'hybrid materials', 'restorative materials', 'flexural stress', 'elastic gradients', 'fracture resistance', 'lava'] 

Reference 486: ['CAD-CAM', 'Composite resins', 'Ceramics', 'Flexural strength', 'Elastic modulus', 'Mechanical stress'] 

Sorted_Candidate: [['o-ptir techniques advances understanding'], ['shrinkage'], ['micro-ct'], ['filler content'], ['filler content'], ['o-ptir spectroscopy'], ['3d micro-ct'], ['dental composite polymerisation'], ['polymerisation shrinkage'], ['volumetric shrinkage'], ['dental composites'], ['linear shrinkage'], ['novel insights'], ['experimental groups'], ['material performance'], ['degree'], ['conversion'], ['integration']] 

Candidates_Dedup: ['o-ptir techniques advances understanding', 'shrinkage', 'micro-ct', 'filler content', 'o-ptir spectroscopy', '3d micro-ct', 'dental composite polymerisation', 'polymerisation shrinkage', 'volumetric shrinkage', 'dental composites', 'linear shrinkage', 'novel insights', 'experimental groups', 'material performance', 'degree', 'conversion', 'integration'] 

TOP-K 487: ['o-ptir techniques advances understanding', 'shrinkage', 'micro-ct', ['filler content'], 'o-ptir spectroscopy', '3d micro-ct', 'dental composite polymerisation', ['polymerisation shrinkage'], ['volumetric shrinkage'], 'dental composites', 'linear shrinkage', 'novel insights', 'experimental groups', 'material performance', 'degree'] 

Reference 487: ['Dental composite resins', 'Polymerisation shrinkage', 'Volumetric shrinkage', 'Micro-CTO-PTIR spectroscopy', 'Filler content', 'Degree of conversion'] 

Sorted_Candidate: [['tideglusib-nps'], ['tideglusib-nps'], ['dissipation'], ['undoped nps'], ['dentin'], ['dentin'], ['frictional pullout'], ['mineralization'], ['tubules'], ['stress concentration'], ['load'], ['load'], ['interface'], ['energy'], ['zones']] 

Candidates_Dedup: ['tideglusib-nps', 'dissipation', 'undoped nps', 'dentin', 'frictional pullout', 'mineralization', 'tubules', 'stress concentration', 'load', 'interface', 'energy', 'zones'] 

TOP-K 488: ['tideglusib-nps', 'dissipation', 'undoped nps', 'dentin', 'frictional pullout', 'mineralization', 'tubules', 'stress concentration', 'load', 'interface', 'energy', 'zones'] 

Reference 488: ['Mineralized dentin', 'Tideglusib', 'Nano-DMA', 'Nanoparticles', 'Atomic Force Microscopy. Stress concentration', 'Complex modulus', 'Tan delta'] 

Sorted_Candidate: [['bovine ribs'], ['bovine ribs'], ['dental implants'], ['human bone tissue'], ['fatigue'], ['fatigue'], ['adequate method'], ['high resistance'], ['oral service'], ['density'], ['quality']] 

Candidates_Dedup: ['bovine ribs', 'dental implants', 'human bone tissue', 'fatigue', 'adequate method', 'high resistance', 'oral service', 'density', 'quality'] 

TOP-K 489: ['bovine ribs', ['dental implants'], 'human bone tissue', 'fatigue', 'adequate method', 'high resistance', 'oral service', 'density', 'quality'] 

Reference 489: ['Dental implants', 'Fatigue fractures', 'Fractographic analysis'] 

Sorted_Candidate: [['glass-ceramics'], ['glass-ceramics'], ['lithium disilicate glass-ceramics'], ['microstructure'], ['translucency'], ['chemical composition'], ['transmittance'], ['composition'], ['optical properties'], ['wavelength']] 

Candidates_Dedup: ['glass-ceramics', 'lithium disilicate glass-ceramics', 'microstructure', 'translucency', 'chemical composition', 'transmittance', 'composition', 'optical properties', 'wavelength'] 

TOP-K 490: ['glass-ceramics', 'lithium disilicate glass-ceramics', ['microstructure'], 'translucency', 'chemical composition', 'transmittance', 'composition', ['optical properties'], 'wavelength'] 

Reference 490: ['Lithium disilicate', 'Lithium metasilicate', 'Dental ceramics', 'CAD-CAM', 'Microstructure', 'Optical properties'] 

Sorted_Candidate: [['rat caries model'], ['rat caries model'], ['ha5'], ['ha6'], ['ha6'], ['species-specific selectivity'], ['biofilm inhibitors ha5'], ['peha5'], ['peha5'], ['s. mutans'], ['oral microbiome'], ['biofilm-selective therapy'], ['dental caries prevention'], ['caries scores'], ['ph sensitive polymersome'], ['peha6'], ['viable approach'], ['significant reduction']] 

Candidates_Dedup: ['rat caries model', 'ha5', 'ha6', 'species-specific selectivity', 'biofilm inhibitors ha5', 'peha5', 's. mutans', 'oral microbiome', 'biofilm-selective therapy', 'dental caries prevention', 'caries scores', 'ph sensitive polymersome', 'peha6', 'viable approach', 'significant reduction'] 

TOP-K 491: ['rat caries model', 'ha5', 'ha6', 'species-specific selectivity', 'biofilm inhibitors ha5', 'peha5', 's. mutans', 'oral microbiome', 'biofilm-selective therapy', 'dental caries prevention', 'caries scores', 'ph sensitive polymersome', 'peha6', 'viable approach', 'significant reduction'] 

Reference 491: ['Dental caries', 'Streptococcus mutans', 'Biofilm', 'Glucosyl transferase', 'PH-responsive', 'Polymersome'] 

Sorted_Candidate: [['kubelka-munk theory'], ['microstructure'], ['optical properties'], ['optical properties'], ['rtp00'], ['spectral behavior'], ['specific conditions'], ['material selection'], ['materials composition'], ['materials'], ['thickness'], ['background'], ['mm']] 

Candidates_Dedup: ['kubelka-munk theory', 'microstructure', 'optical properties', 'rtp00', 'spectral behavior', 'specific conditions', 'material selection', 'materials composition', 'materials', 'thickness', 'background', 'mm'] 

TOP-K 492: [['kubelka-munk theory'], 'microstructure', ['optical properties'], 'rtp00', 'spectral behavior', 'specific conditions', 'material selection', 'materials composition', 'materials', 'thickness', 'background', 'mm'] 

Reference 492: ['CAD-CAM materials', 'Kubelka-Munk theory', 'Optical properties', 'Translucency parameter'] 

Sorted_Candidate: [['zirconia bond durability'], ['zirconia bond performance'], ['circular microstructures'], ['nano-particle jettingtechnology'], ['zirconia surface'], ['high printing accuracy'], ['microstructured surface'], ['apa treatment'], ['mdp application']] 

Candidates_Dedup: ['zirconia bond durability', 'zirconia bond performance', 'circular microstructures', 'nano-particle jettingtechnology', 'zirconia surface', 'high printing accuracy', 'microstructured surface', 'apa treatment', 'mdp application'] 

TOP-K 493: ['zirconia bond durability', 'zirconia bond performance', 'circular microstructures', 'nano-particle jettingtechnology', 'zirconia surface', 'high printing accuracy', 'microstructured surface', 'apa treatment', 'mdp application'] 

Reference 493: ['Nanoparticle jetting', 'Morphological optimization', 'Finite element analysis', 'Shear bond strength', 'Zirconia'] 

Sorted_Candidate: [['diabetic mouse models'], ['diabetic mouse models'], ['mineral-to-organic ratios'], ['cervical regions'], ['type'], ['type'], ['notable wear'], ['dentin'], ['reductions'], ['diabetes'], ['types'], ['hardness'], ['changes'], ['crowns'], ['root'], ['teeth']] 

Candidates_Dedup: ['diabetic mouse models', 'mineral-to-organic ratios', 'cervical regions', 'type', 'notable wear', 'dentin', 'reductions', 'diabetes', 'types', 'hardness', 'changes', 'crowns', 'root', 'teeth'] 

TOP-K 494: ['diabetic mouse models', 'mineral-to-organic ratios', 'cervical regions', 'type', 'notable wear', ['dentin'], 'reductions', ['diabetes'], 'types', 'hardness', 'changes', 'crowns', 'root', 'teeth'] 

Reference 494: ['Dentin', 'Diabetes', 'Nanoindentation', 'Mouse models'] 

Sorted_Candidate: [['experimental fluoride-doped calcium phosphate'], ['vs20f'], ['vs20f'], ['gene expression markers runx2'], ['dose-dependent capacity'], ['osteogenesis'], ['pulp-capping application'], ['elevated alp activity'], ['ocn'], ['experimental calcium phosphate'], ['promising cements'], ['dilution extracts'], ['mepe'], ['presence'], ['cells'], ['day']] 

Candidates_Dedup: ['experimental fluoride-doped calcium phosphate', 'vs20f', 'gene expression markers runx2', 'dose-dependent capacity', 'osteogenesis', 'pulp-capping application', 'elevated alp activity', 'ocn', 'experimental calcium phosphate', 'promising cements', 'dilution extracts', 'mepe', 'presence', 'cells', 'day'] 

TOP-K 495: ['experimental fluoride-doped calcium phosphate', 'vs20f', 'gene expression markers runx2', 'dose-dependent capacity', 'osteogenesis', 'pulp-capping application', 'elevated alp activity', 'ocn', 'experimental calcium phosphate', 'promising cements', 'dilution extracts', 'mepe', 'presence', 'cells', 'day'] 

Reference 495: ['Biocompatibility', 'Calcium phosphate', 'Human dental pulp stem cells', 'Ion-release', 'Osteogenic', 'Remineralisation markers'] 

Sorted_Candidate: [['cholesteryl methacrylate'], ['cholesteryl methacrylate'], ['endocyclic double bond'], ['endocyclic double bond'], ['photochemical cycloaddition'], ['polymerization shrinkage force'], ['initial microhardness'], ['adducts'], ['composites'], ['additional site'], ['monomers'], ['promising polymer'], ['results'], ['concentrations'], ['performance']] 

Candidates_Dedup: ['cholesteryl methacrylate', 'endocyclic double bond', 'photochemical cycloaddition', 'polymerization shrinkage force', 'initial microhardness', 'adducts', 'composites', 'additional site', 'monomers', 'promising polymer', 'results', 'concentrations', 'performance'] 

TOP-K 496: ['cholesteryl methacrylate', 'endocyclic double bond', 'photochemical cycloaddition', 'polymerization shrinkage force', 'initial microhardness', 'adducts', 'composites', 'additional site', 'monomers', 'promising polymer', 'results', 'concentrations', 'performance'] 

Reference 496: ['Composite Resins', 'Methacrylates', 'Cholesterol Esters', 'Polymerization', 'Polymers'] 

Sorted_Candidate: [['cholesteryl methacrylate'], ['endocyclic double bond'], ['photochemical cycloaddition'], ['post-gel shrinkage'], ['composite resins'], ['knoop microhardness'], ['composites'], ['additional site'], ['promising polymer'], ['concentrations']] 

Candidates_Dedup: ['cholesteryl methacrylate', 'endocyclic double bond', 'photochemical cycloaddition', 'post-gel shrinkage', 'composite resins', 'knoop microhardness', 'composites', 'additional site', 'promising polymer', 'concentrations'] 

TOP-K 497: ['cholesteryl methacrylate', 'endocyclic double bond', 'photochemical cycloaddition', 'post-gel shrinkage', ['composite resins'], 'knoop microhardness', 'composites', 'additional site', 'promising polymer', 'concentrations'] 

Reference 497: ['Composite Resins', 'Methacrylates', 'Cholesterol Esters', 'Polymerization', 'Polymers'] 

Sorted_Candidate: [['surface graphitization'], ['diamond surface graphitization'], ['adhesion'], ['adhesion'], ['adhesion'], ['high diamond surface graphitization'], ['dopant intercalation'], ['dlc coatings'], ['increment'], ['adhesion tuning'], ['surface reconstruction'], ['dft'], ['spallation'], ['drop'], ['effects'], ['substrate'], ['level'], ['b'], ['n']] 

Candidates_Dedup: ['surface graphitization', 'diamond surface graphitization', 'adhesion', 'high diamond surface graphitization', 'dopant intercalation', 'dlc coatings', 'increment', 'adhesion tuning', 'surface reconstruction', 'dft', 'spallation', 'drop', 'effects', 'substrate', 'level', 'b', 'n'] 

TOP-K 498: ['surface graphitization', 'diamond surface graphitization', ['adhesion'], 'high diamond surface graphitization', 'dopant intercalation', 'dlc coatings', 'increment', 'adhesion tuning', 'surface reconstruction', 'dft', 'spallation', 'drop', 'effects', 'substrate', 'level'] 

Reference 498: ['Adhesion', 'DL', 'Cs', 'Diamond-copper interfaces', 'Density functional theory', 'Chemical modifications'] 

Sorted_Candidate: [['wettabillity-enhanced graphene-coated separators'], ['mg@pp'], ['mg@pp'], ['mg@pp'], ['pg@pp'], ['pg@pp'], ['pg@pp'], ['lithiophilicity'], ['homogeneity'], ['li-ion flux'], ['high li loading conditions'], ['li metal-based batteries'], ['hydrophilic characteristics'], ['li'], ['li metal batteries'], ['initial specific capacity'], ['cycle retention'], ['cycling life'], ['cells'], ['materials']] 

Candidates_Dedup: ['wettabillity-enhanced graphene-coated separators', 'mg@pp', 'pg@pp', 'lithiophilicity', 'homogeneity', 'li-ion flux', 'high li loading conditions', 'li metal-based batteries', 'hydrophilic characteristics', 'li', 'li metal batteries', 'initial specific capacity', 'cycle retention', 'cycling life', 'cells', 'materials'] 

TOP-K 499: ['wettabillity-enhanced graphene-coated separators', 'mg@pp', 'pg@pp', 'lithiophilicity', 'homogeneity', 'li-ion flux', 'high li loading conditions', 'li metal-based batteries', 'hydrophilic characteristics', 'li', 'li metal batteries', 'initial specific capacity', 'cycle retention', 'cycling life', 'cells'] 

Reference 499: ['Lithium metal anode', 'Wettability enhanced graphene', 'Hydrophilic separator', 'Homogeneous Li-ion flux'] 

Sorted_Candidate: [['n,p-cds'], ['n,p-cds'], ['excellent antibacterial activity'], ['n,p-cdshelps'], ['h2o'], ['h2o'], ['benzopyrrole'], ['water-based additives'], ['step hydrothermal method'], ['cof'], ['wear volume'], ['shelf life'], ['raw materials']] 

Candidates_Dedup: ['n,p-cds', 'excellent antibacterial activity', 'n,p-cdshelps', 'h2o', 'benzopyrrole', 'water-based additives', 'step hydrothermal method', 'cof', 'wear volume', 'shelf life', 'raw materials'] 

TOP-K 500: ['n,p-cds', 'excellent antibacterial activity', 'n,p-cdshelps', 'h2o', 'benzopyrrole', 'water-based additives', 'step hydrothermal method', 'cof', 'wear volume', 'shelf life', 'raw materials'] 

Reference 500: ['Lubricant additive', 'Carbon dots', 'Heteroatom doping', 'Aqueous lubrication'] 

Sorted_Candidate: [['adsorbate concentration'], ['adsorbate concentration'], ['specific surface area'], ['specific surface area'], ['total pore volume'], ['adsorption coefficient prediction'], ['abraham descriptors'], ['important feature'], ['training model'], ['importance'], ['important factor'], ['group selection'], ['concentration selection']] 

Candidates_Dedup: ['adsorbate concentration', 'specific surface area', 'total pore volume', 'adsorption coefficient prediction', 'abraham descriptors', 'important feature', 'training model', 'importance', 'important factor', 'group selection', 'concentration selection'] 

TOP-K 501: ['adsorbate concentration', 'specific surface area', 'total pore volume', 'adsorption coefficient prediction', ['abraham descriptors'], 'important feature', 'training model', 'importance', 'important factor', 'group selection', 'concentration selection'] 

Reference 501: ['Machine learning', 'Adsorption coefficient', 'Equilibrium concentration', 'Abraham descriptors', 'Carbon-based adsorbent design'] 

Sorted_Candidate: [['multi-phase heterostructures'], ['cation exchange reactions'], ['single metal phases'], ['impedance matching'], ['rlmin value'], ['broadband absorption bandwidth'], ['electromagnetic synergy'], ['phases'], ['mm'], ['mm'], ['db'], ['ghz'], ['transition']] 

Candidates_Dedup: ['multi-phase heterostructures', 'cation exchange reactions', 'single metal phases', 'impedance matching', 'rlmin value', 'broadband absorption bandwidth', 'electromagnetic synergy', 'phases', 'mm', 'db', 'ghz', 'transition'] 

TOP-K 502: ['multi-phase heterostructures', ['cation exchange reactions'], 'single metal phases', ['impedance matching'], 'rlmin value', 'broadband absorption bandwidth', 'electromagnetic synergy', 'phases', 'mm', 'db', 'ghz', 'transition'] 

Reference 502: ['Phase engineering', 'Cation exchange reaction', 'Electromagnetic parameters', 'Impedance matching', 'Heterogeneous structures'] 

Sorted_Candidate: [['vo@cnf'], ['vo@cnf'], ['counter electrodes'], ['novel counter electrodes'], ['pce increase rates'], ['first time'], ['interface regulation system'], ['pscs'], ['@cnf'], ['@cnf']] 

Candidates_Dedup: ['vo@cnf', 'counter electrodes', 'novel counter electrodes', 'pce increase rates', 'first time', 'interface regulation system', 'pscs', '@cnf'] 

TOP-K 503: ['vo@cnf', ['counter electrodes'], 'novel counter electrodes', 'pce increase rates', 'first time', 'interface regulation system', 'pscs', '@cnf'] 

Sorted_Candidate: [['mxene/zro2/w-c nanofibers'], ['ultra-wide absorption bandwidth'], ['synergistic effect'], ['electrospinning technology'], ['multi-phase doped fiber'], ['excellent electromagnetic wave absorption'], ['impedance matching'], ['ku bands'], ['ghz'], ['composition'], ['structure'], ['x'], ['network']] 

Candidates_Dedup: ['mxene/zro2/w-c nanofibers', 'ultra-wide absorption bandwidth', 'synergistic effect', 'electrospinning technology', 'multi-phase doped fiber', 'excellent electromagnetic wave absorption', 'impedance matching', 'ku bands', 'ghz', 'composition', 'structure', 'x', 'network'] 

TOP-K 504: ['mxene/zro2/w-c nanofibers', ['ultra-wide absorption bandwidth'], 'synergistic effect', 'electrospinning technology', 'multi-phase doped fiber', 'excellent electromagnetic wave absorption', 'impedance matching', 'ku bands', 'ghz', 'composition', 'structure', 'x', 'network'] 

Reference 504: ['Electrospinning', 'M', 'Xene', 'Ultra-wide absorption bandwidth', 'Porous nanocages', 'Multidimensional heterogeneous interface'] 

Sorted_Candidate: [['chemically-controlled transfer technique'], ['dispersion-stable swcnt'], ['n-type te films'], ['stretchable device applicability'], ['n-type te performance'], ['swcnt/cmc'], ['post-treatment method'], ['post-treated p'], ['cmc composite'], ['stretchable tegs'], ['stable output characteristics'], ['initial power factor'], ['p']] 

Candidates_Dedup: ['chemically-controlled transfer technique', 'dispersion-stable swcnt', 'n-type te films', 'stretchable device applicability', 'n-type te performance', 'swcnt/cmc', 'post-treatment method', 'post-treated p', 'cmc composite', 'stretchable tegs', 'stable output characteristics', 'initial power factor', 'p'] 

TOP-K 505: ['chemically-controlled transfer technique', 'dispersion-stable swcnt', 'n-type te films', 'stretchable device applicability', 'n-type te performance', 'swcnt/cmc', 'post-treatment method', 'post-treated p', 'cmc composite', 'stretchable tegs', 'stable output characteristics', 'initial power factor', 'p'] 

Reference 505: ['Organic thermoelectrics', 'Organic thermoelectric generator', 'Single-walled carbon nanotube', 'Stretchable', 'Dry-transferable'] 

Sorted_Candidate: [['co/cofe bimagnetic phases'], ['hollow co/cofe @c'], ['permeability'], ['multilayer microwave'], ['multilayer material'], ['impedance matching'], ['effective absorption bandwidth'], ['smfeb'], ['functional layers'], ['magnetic layer'], ['material'], ['ghz']] 

Candidates_Dedup: ['co/cofe bimagnetic phases', 'hollow co/cofe @c', 'permeability', 'multilayer microwave', 'multilayer material', 'impedance matching', 'effective absorption bandwidth', 'smfeb', 'functional layers', 'magnetic layer', 'material', 'ghz'] 

TOP-K 506: ['co/cofe bimagnetic phases', 'hollow co/cofe @c', 'permeability', 'multilayer microwave', 'multilayer material', 'impedance matching', 'effective absorption bandwidth', 'smfeb', 'functional layers', 'magnetic layer', 'material', 'ghz'] 

Reference 506: ['Prussian blue analogs', 'Magnetic loss', 'Multi-layer structural absorbing material', 'Microwave absorption'] 

Sorted_Candidate: [['biomimetic mineralization synergistic combustion activation'], ['tri-doped porous carbon materialis'], ['synergistic effect'], ['unique honeycomb porous structure'], ['carbon layer spacing'], ['n'], ['n'], ['sodium ions'], ['defects'], ['transport'], ['benefits'], ['widening'], ['increase']] 

Candidates_Dedup: ['biomimetic mineralization synergistic combustion activation', 'tri-doped porous carbon materialis', 'synergistic effect', 'unique honeycomb porous structure', 'carbon layer spacing', 'n', 'sodium ions', 'defects', 'transport', 'benefits', 'widening', 'increase'] 

TOP-K 507: ['biomimetic mineralization synergistic combustion activation', 'tri-doped porous carbon materialis', 'synergistic effect', 'unique honeycomb porous structure', 'carbon layer spacing', 'n', 'sodium ions', 'defects', 'transport', 'benefits', 'widening', 'increase'] 

Reference 507: ['Biomimetic mineralization', 'Combustion activation', 'Sodium-ion battery'] 

Sorted_Candidate: [['swcnt films'], ['thermoset monitoring'], ['embedded swcnt films'], ['thermosets'], ['electrode-geometry'], ['mwcnts alternatives'], ['films'], ['films'], ['mechanical loss'], ['structural monitoring'], ['embedded application'], ['fast monitoring'], ['thickness'], ['sensitivity'], ['stages']] 

Candidates_Dedup: ['swcnt films', 'thermoset monitoring', 'embedded swcnt films', 'thermosets', 'electrode-geometry', 'mwcnts alternatives', 'films', 'mechanical loss', 'structural monitoring', 'embedded application', 'fast monitoring', 'thickness', 'sensitivity', 'stages'] 

TOP-K 508: ['swcnt films', 'thermoset monitoring', 'embedded swcnt films', 'thermosets', 'electrode-geometry', 'mwcnts alternatives', 'films', 'mechanical loss', 'structural monitoring', 'embedded application', 'fast monitoring', 'thickness', 'sensitivity', 'stages'] 

Reference 508: ['Carbon nanotube film', 'Composites', 'Manufacturing monitoring', 'Lifecycle monitoring', 'Piezoresistive response'] 

TOP-K 509: ['lubricating oil film', 'graphite', 'tribological properties', 'oil film', 'pao', 'good mechanical properties', 'transfer film', 'elastic modulus', 'transfer film formation', 'pao benefits', 'weak chemical bond', 'interlayer structure', 'm3/n', 'friction interface', 'cof'] 

Reference 509: ['Solid-liquid synergistic lubrication', 'Polymer composites', 'First-principles', 'Molecular dynamicssimulation'] 

Sorted_Candidate: [['multiple heterointerfaces'], ['lfsc-2'], ['rcs reduction value'], ['gradient metamaterial'], ['polarization loss'], ['5-mm thickness'], ['exchange coupling effect'], ['magnetic material aggregation'], ['la3'], ['magnetic loss'], ['eab'], ['ghz'], ['doping'], ['growth'], ['db'], ['m2']] 

Candidates_Dedup: ['multiple heterointerfaces', 'lfsc-2', 'rcs reduction value', 'gradient metamaterial', 'polarization loss', '5-mm thickness', 'exchange coupling effect', 'magnetic material aggregation', 'la3', 'magnetic loss', 'eab', 'ghz', 'doping', 'growth', 'db', 'm2'] 

TOP-K 510: ['multiple heterointerfaces', 'lfsc-2', 'rcs reduction value', 'gradient metamaterial', 'polarization loss', '5-mm thickness', 'exchange coupling effect', 'magnetic material aggregation', 'la3', 'magnetic loss', 'eab', 'ghz', 'doping', 'growth', 'db'] 

Reference 510: ['La-doped Fe3O43d-4f coupling', 'Sn-MOF', 'Enhanced microwave absorption', 'Multiple heterostructures'] 

Sorted_Candidate: [['rhombohedral graphite'], ['rhombohedral graphite'], ['fault free rhombohedral graphite samples'], ['raman spectroscopy'], ['electronic raman scattering'], ['bulk gap']] 

Candidates_Dedup: ['rhombohedral graphite', 'fault free rhombohedral graphite samples', 'raman spectroscopy', 'electronic raman scattering', 'bulk gap'] 

TOP-K 511: [['rhombohedral graphite'], 'fault free rhombohedral graphite samples', ['raman spectroscopy'], ['electronic raman scattering'], 'bulk gap'] 

Reference 511: ['Rhombohedral graphite', 'Raman spectroscopy', 'Electronic raman scattering', 'Topological flat band'] 

Sorted_Candidate: [['three-dimensional n-mose2'], ['high-purity magnetic 1t'], ['novel phase assembly-modulating strategy'], ['db@1.8 mm'], ['gox microspheres'], ['mose2 material'], ['wave absorption field'], ['rlmin'], ['eab'], ['ghz']] 

Candidates_Dedup: ['three-dimensional n-mose2', 'high-purity magnetic 1t', 'novel phase assembly-modulating strategy', 'db@1.8 mm', 'gox microspheres', 'mose2 material', 'wave absorption field', 'rlmin', 'eab', 'ghz'] 

TOP-K 512: ['three-dimensional n-mose2', 'high-purity magnetic 1t', 'novel phase assembly-modulating strategy', 'db@1.8 mm', 'gox microspheres', 'mose2 material', 'wave absorption field', 'rlmin', 'eab', 'ghz'] 

Reference 512: ['Mo', 'Se2Microwave absorption', 'G', 'Ox', 'Phase modulation', 'Ultrasonic spraying'] 

Sorted_Candidate: [['carbon nanotube composites'], ['uniform cellular morphologies'], ['tunable densities'], ['foam 3d printing'], ['electrical conductivity'], ['viscosity'], ['thermal conductivity'], ['nozzle temperature'], ['cnt'], ['density reduction'], ['foam expansion'], ['foam density'], ['times'], ['behavior'], ['changes']] 

Candidates_Dedup: ['carbon nanotube composites', 'uniform cellular morphologies', 'tunable densities', 'foam 3d printing', 'electrical conductivity', 'viscosity', 'thermal conductivity', 'nozzle temperature', 'cnt', 'density reduction', 'foam expansion', 'foam density', 'times', 'behavior', 'changes'] 

TOP-K 513: ['carbon nanotube composites', 'uniform cellular morphologies', 'tunable densities', 'foam 3d printing', ['electrical conductivity'], 'viscosity', 'thermal conductivity', 'nozzle temperature', 'cnt', 'density reduction', 'foam expansion', 'foam density', 'times', 'behavior', 'changes'] 

Reference 513: ['3D printing', 'Additive manufacturing', 'Foam printing', 'Carbon nanotubes', 'Nanocomposites', 'Electrical conductivity'] 

Sorted_Candidate: [['iron carbide'], ['friction'], ['friction'], ['graphitic carbon'], ['phase transformation process'], ['process'], ['iron wire'], ['stable friction'], ['friction interface'], ['metal iron'], ['diamond'], ['foundation'], ['exploration']] 

Candidates_Dedup: ['iron carbide', 'friction', 'graphitic carbon', 'phase transformation process', 'process', 'iron wire', 'stable friction', 'friction interface', 'metal iron', 'diamond', 'foundation', 'exploration'] 

TOP-K 514: ['iron carbide', ['friction'], 'graphitic carbon', 'phase transformation process', 'process', 'iron wire', 'stable friction', 'friction interface', 'metal iron', ['diamond'], 'foundation', 'exploration'] 

Reference 514: ['Ultrafine drawing', 'Diamond', 'Friction', 'Interface', 'Structural evolution'] 

Sorted_Candidate: [['co/mno @nc ternary composites'], ['co/mno @nc absorbers'], ['maximum radar cross-section reduction value'], ['enriched heterogeneous interfaces'], ['minimum reflection loss value'], ['exceptional emw absorption properties'], ['effective absorption bandwidth'], ['dbm2'], ['db']] 

Candidates_Dedup: ['co/mno @nc ternary composites', 'co/mno @nc absorbers', 'maximum radar cross-section reduction value', 'enriched heterogeneous interfaces', 'minimum reflection loss value', 'exceptional emw absorption properties', 'effective absorption bandwidth', 'dbm2', 'db'] 

TOP-K 515: ['co/mno @nc ternary composites', 'co/mno @nc absorbers', 'maximum radar cross-section reduction value', 'enriched heterogeneous interfaces', 'minimum reflection loss value', 'exceptional emw absorption properties', 'effective absorption bandwidth', 'dbm2', 'db'] 

Reference 515: ['Ternary composites', 'Heterogeneous interfaces', 'Dielectric polarization', 'Magneto-electric synergy', 'Electromagnetic wave absorption'] 

Sorted_Candidate: [['new metal-free two-dimensional porous graphitic carbon nitrides'], ['key excited-state proton-coupled electron transfer reactions'], ['new photocatalyst'], ['new photocatalyst'], ['new two-dimensional photocatalyst'], ['suitable-size n-doped cavity'], ['exciton binding energies'], ['metal co-catalyst'], ['water-splitting reaction'], ['graphene'], ['barrierless'], ['large region'], ['sun'], ['features']] 

Candidates_Dedup: ['new metal-free two-dimensional porous graphitic carbon nitrides', 'key excited-state proton-coupled electron transfer reactions', 'new photocatalyst', 'new two-dimensional photocatalyst', 'suitable-size n-doped cavity', 'exciton binding energies', 'metal co-catalyst', 'water-splitting reaction', 'graphene', 'barrierless', 'large region', 'sun', 'features'] 

TOP-K 516: ['new metal-free two-dimensional porous graphitic carbon nitrides', 'key excited-state proton-coupled electron transfer reactions', 'new photocatalyst', 'new two-dimensional photocatalyst', 'suitable-size n-doped cavity', 'exciton binding energies', 'metal co-catalyst', 'water-splitting reaction', ['graphene'], 'barrierless', 'large region', 'sun', 'features'] 

Reference 516: ['Graphene', 'Porous carbon nitride', 'Metal-free two-dimensional photocatalyst', 'Exciton dissociation', 'Proton-coupled electron transfer'] 

Sorted_Candidate: [['3dgn-reinforced composite shows'], ['3d graphene networks'], ['3d graphene networks'], ['novel bimodal-structured nickel matrix'], ['fine-grained zones'], ['strength-ductility synergy'], ['dispersed microcracks'], ['dislocation storage'], ['hetero-interfaces'], ['ductility'], ['hdi hardening'], ['uniform elongation'], ['tensile strength'], ['yield strength'], ['fault activation'], ['stress'], ['strain']] 

Candidates_Dedup: ['3dgn-reinforced composite shows', '3d graphene networks', 'novel bimodal-structured nickel matrix', 'fine-grained zones', 'strength-ductility synergy', 'dispersed microcracks', 'dislocation storage', 'hetero-interfaces', 'ductility', 'hdi hardening', 'uniform elongation', 'tensile strength', 'yield strength', 'fault activation', 'stress', 'strain'] 

TOP-K 517: ['3dgn-reinforced composite shows', '3d graphene networks', 'novel bimodal-structured nickel matrix', 'fine-grained zones', 'strength-ductility synergy', 'dispersed microcracks', 'dislocation storage', 'hetero-interfaces', 'ductility', 'hdi hardening', 'uniform elongation', 'tensile strength', 'yield strength', 'fault activation', 'stress'] 

Reference 517: ['Metal matrix composites', 'Bimodal structure', 'Three-dimensional graphene network', 'Stacking fault', 'Mechanical properties'] 

Sorted_Candidate: [['bioplastics'], ['bioplastics production'], ['upscaled bioplastics production'], ['wastes'], ['wastes'], ['wastes'], ['multi criteria analysis'], ['combined sustainability assessment'], ['sustainability'], ['emissions'], ['costs'], ['mfa']] 

Candidates_Dedup: ['bioplastics', 'bioplastics production', 'upscaled bioplastics production', 'wastes', 'multi criteria analysis', 'combined sustainability assessment', 'sustainability', 'emissions', 'costs', 'mfa'] 

TOP-K 518: [['bioplastics'], 'bioplastics production', 'upscaled bioplastics production', 'wastes', 'multi criteria analysis', 'combined sustainability assessment', 'sustainability', 'emissions', 'costs', 'mfa'] 

Reference 518: ['Bioplastics', 'Feedstock sustainability evaluation', 'Material flow analysis', 'Multi-criteria analysis', 'Cellulose nanofibril', 'Waste management'] 

Sorted_Candidate: [['adsorption-based atmospheric water extraction systems'], ['uses 2-stage stochastic programming'], ['atmospheric water harvesting'], ['coupling mof material selection'], ['process modeling'], ['kilogram'], ['climate variability'], ['climate conditions'], ['cost'], ['estimates'], ['cents']] 

Candidates_Dedup: ['adsorption-based atmospheric water extraction systems', 'uses 2-stage stochastic programming', 'atmospheric water harvesting', 'coupling mof material selection', 'process modeling', 'kilogram', 'climate variability', 'climate conditions', 'cost', 'estimates', 'cents'] 

TOP-K 519: ['adsorption-based atmospheric water extraction systems', 'uses 2-stage stochastic programming', 'atmospheric water harvesting', 'coupling mof material selection', 'process modeling', 'kilogram', 'climate variability', 'climate conditions', 'cost', 'estimates', 'cents'] 

Reference 519: ['Atmospheric water extraction', 'Kinetic analysis', 'Meteorological analysis', 'Metal-organic frameworks', 'Stochastic optimization'] 

Sorted_Candidate: [['ti-4bc'], ['ti-4bc'], ['ti-4bc'], ['multifunctional tio2-modified coconut shell biochar'], ['high-efficiency photocatalytic degradation'], ['tetracycline'], ['excellent adsorption performance'], ['adsorption mechanism'], ['heavy metals'], ['multiple heavy metals'], ['dft'], ['soil'], ['water']] 

Candidates_Dedup: ['ti-4bc', 'multifunctional tio2-modified coconut shell biochar', 'high-efficiency photocatalytic degradation', 'tetracycline', 'excellent adsorption performance', 'adsorption mechanism', 'heavy metals', 'multiple heavy metals', 'dft', 'soil', 'water'] 

TOP-K 520: ['ti-4bc', 'multifunctional tio2-modified coconut shell biochar', 'high-efficiency photocatalytic degradation', ['tetracycline'], 'excellent adsorption performance', 'adsorption mechanism', 'heavy metals', 'multiple heavy metals', 'dft', 'soil', 'water'] 

Reference 520: ['Coconut shell biochar', 'Ti', 'O2Heavy metal', 'Tetracycline'] 

Sorted_Candidate: [['co cluster-single atoms'], ['synergistic effect'], ['microreactor experiment'], ['different crystal phases'], ['co single atoms'], ['catalysts'], ['dft calculations'], ['catalytic sponges'], ['atomic level'], ['co clusters'], ['cs'], ['electron configuration'], ['mixed site'], ['excellent performance'], ['drug'], ['co cs/a-tio 2/pms system']] 

Candidates_Dedup: ['co cluster-single atoms', 'synergistic effect', 'microreactor experiment', 'different crystal phases', 'co single atoms', 'catalysts', 'dft calculations', 'catalytic sponges', 'atomic level', 'co clusters', 'cs', 'electron configuration', 'mixed site', 'excellent performance', 'drug', 'co cs/a-tio 2/pms system'] 

TOP-K 521: ['co cluster-single atoms', 'synergistic effect', 'microreactor experiment', 'different crystal phases', ['co single atoms'], 'catalysts', 'dft calculations', 'catalytic sponges', 'atomic level', 'co clusters', 'cs', 'electron configuration', 'mixed site', 'excellent performance', 'drug'] 

Reference 521: ['Co single atom', 'Co atomic cluster', 'Crystal phase regulation', 'Electron optimization', 'PMS-Based AOPs'] 

Sorted_Candidate: [['wue thresholds'], ['wue thresholds'], ['notable western dry-wet shifts'], ['yrb'], ['yrb'], ['yrb ecoregions'], ['moderate spei conditions'], ['western maize regions'], ['nrmse'], ['ssp585 scenarios'], ['future drought risk'], ['dssat model'], ['regional variation'], ['yield'], ['yield'], ['bias correction'], ['decrease'], ['baseline']] 

Candidates_Dedup: ['wue thresholds', 'notable western dry-wet shifts', 'yrb', 'yrb ecoregions', 'moderate spei conditions', 'western maize regions', 'nrmse', 'ssp585 scenarios', 'future drought risk', 'dssat model', 'regional variation', 'yield', 'bias correction', 'decrease', 'baseline'] 

TOP-K 522: ['wue thresholds', 'notable western dry-wet shifts', 'yrb', 'yrb ecoregions', 'moderate spei conditions', 'western maize regions', 'nrmse', 'ssp585 scenarios', 'future drought risk', 'dssat model', 'regional variation', 'yield', 'bias correction', 'decrease', 'baseline'] 

Reference 522: ['Spring maize', 'Climate change', 'CERES-Maize model', 'Drought', 'Water use efficiency'] 

Sorted_Candidate: [['microwave irradiation'], ['coarse slagimproves microwave-assisted healing'], ['cold mix asphalt'], ['moderate microwave irradiation'], ['slag powderin combination'], ['freeze-thaw'], ['cold mix asphalts'], ['cold mix asphalt properties'], ['steel slag'], ['heat distribution'], ['placement'], ['introduction'], ['damages']] 

Candidates_Dedup: ['microwave irradiation', 'coarse slagimproves microwave-assisted healing', 'cold mix asphalt', 'moderate microwave irradiation', 'slag powderin combination', 'freeze-thaw', 'cold mix asphalts', 'cold mix asphalt properties', 'steel slag', 'heat distribution', 'placement', 'introduction', 'damages'] 

TOP-K 523: ['microwave irradiation', 'coarse slagimproves microwave-assisted healing', ['cold mix asphalt'], 'moderate microwave irradiation', 'slag powderin combination', 'freeze-thaw', ['cold mix asphalts'], 'cold mix asphalt properties', ['steel slag'], 'heat distribution', 'placement', 'introduction', 'damages'] 

Reference 523: ['Sustainability', 'Carbon footprint', 'Healing', 'Cold mix asphalt', 'Microwave', 'Steel slag'] 

Sorted_Candidate: [['caas'], ['caas'], ['caas'], ['cooling-as-a-servicein'], ['provider-manufacturer communication'], ['misalignment'], ['geographies'], ['caas adoption'], ['policymakers'], ['enablers'], ['cultural perceptions'], ['regional adoption'], ['primary barriers'], ['academic study'], ['barriers'], ['countries'], ['sector'], ['infrastructure'], ['economics'], ['culture'], ['practitioners'], ['attitudes']] 

Candidates_Dedup: ['caas', 'cooling-as-a-servicein', 'provider-manufacturer communication', 'misalignment', 'geographies', 'caas adoption', 'policymakers', 'enablers', 'cultural perceptions', 'regional adoption', 'primary barriers', 'academic study', 'barriers', 'countries', 'sector', 'infrastructure', 'economics', 'culture', 'practitioners', 'attitudes'] 

TOP-K 524: ['caas', 'cooling-as-a-servicein', 'provider-manufacturer communication', 'misalignment', 'geographies', 'caas adoption', 'policymakers', 'enablers', 'cultural perceptions', 'regional adoption', 'primary barriers', 'academic study', 'barriers', 'countries', 'sector'] 

Reference 524: ['Business model', 'Circular economy', 'Cooling', 'Servitisation', 'Servitization', 'Sustainability'] 

Sorted_Candidate: [['technological innovation effect'], ['technological innovation effect'], ['spillovers'], ['spillovers'], ['spillovers'], ['path-defying pattern'], ['green sectors'], ['green sectors'], ['green sectors'], ['path-dependent pattern'], ['non-green sectors'], ['non-green ones'], ['green capabilities'], ['green capabilities'], ['green ones'], ['primary driver']] 

Candidates_Dedup: ['technological innovation effect', 'spillovers', 'path-defying pattern', 'green sectors', 'path-dependent pattern', 'non-green sectors', 'non-green ones', 'green capabilities', 'green ones', 'primary driver'] 

TOP-K 525: ['technological innovation effect', 'spillovers', 'path-defying pattern', 'green sectors', 'path-dependent pattern', 'non-green sectors', 'non-green ones', 'green capabilities', 'green ones', 'primary driver'] 

Reference 525: ['Technological innovation', 'Green growth', 'Path-dependent economic growth', 'Green capabilities spillovers', 'Developing countries', 'Economic complexity'] 

Sorted_Candidate: [['green shipping policy network'], ['china'], ['green shipping policies'], ['policy actors'], ['green shipping regulations'], ['structure'], ['main traits']] 

Candidates_Dedup: ['green shipping policy network', 'china', 'green shipping policies', 'policy actors', 'green shipping regulations', 'structure', 'main traits'] 

TOP-K 526: ['green shipping policy network', 'china', 'green shipping policies', 'policy actors', 'green shipping regulations', 'structure', 'main traits'] 

Reference 526: ['Green shipping', "China's green shipping policy", 'Social network analysis'] 

Sorted_Candidate: [['cathodes'], ['high-efficiency cathodes'], ['lithium-oxygen batteries'], ['active material production stage'], ['gwp'], ['environmental impacts'], ['life cycle'], ['raw materials'], ['gate'], ['categories'], ['share'], ['kind'], ['cradle']] 

Candidates_Dedup: ['cathodes', 'high-efficiency cathodes', 'lithium-oxygen batteries', 'active material production stage', 'gwp', 'environmental impacts', 'life cycle', 'raw materials', 'gate', 'categories', 'share', 'kind', 'cradle'] 

TOP-K 527: ['cathodes', 'high-efficiency cathodes', ['lithium-oxygen batteries'], 'active material production stage', 'gwp', 'environmental impacts', 'life cycle', 'raw materials', 'gate', 'categories', 'share', 'kind', 'cradle'] 

Reference 527: ['Energy storage', 'Life cycle assessment', 'Lithium-oxygen battery', 'Impact assessment'] 

Sorted_Candidate: [['nutritious diets'], ['dg revisions'], ['diets'], ['ruminant meat'], ['latter food groups'], ['high environmental impact'], ['dg'], ['dietary guidelinesneed'], ['environmental concerns'], ['groups'], ['whole grains'], ['food contents'], ['contents'], ['line'], ['fish']] 

Candidates_Dedup: ['nutritious diets', 'dg revisions', 'diets', 'ruminant meat', 'latter food groups', 'high environmental impact', 'dg', 'dietary guidelinesneed', 'environmental concerns', 'groups', 'whole grains', 'food contents', 'contents', 'line', 'fish'] 

TOP-K 528: ['nutritious diets', 'dg revisions', 'diets', 'ruminant meat', 'latter food groups', 'high environmental impact', 'dg', 'dietary guidelinesneed', 'environmental concerns', 'groups', 'whole grains', 'food contents', 'contents', 'line', 'fish'] 

Reference 528: ['Sustainable diets', 'Positive deviance', 'Nutritional quality', 'Environmental impact', 'Diet cost'] 

Sorted_Candidate: [['iron ore'], ['iron ore'], ['biomass volatiles'], ['synergistic valorization'], ['scb/iot ratio'], ['iron ore tailings'], ['residual biomass volatiles'], ['biogenic hydrogen production'], ['biogenic carbon deposition'], ['biomass'], ['secondary iron source'], ['c impaired magnetic separation'], ['magnetic recovery'], ['catalytic tar'], ['heating'], ['upgrading']] 

Candidates_Dedup: ['iron ore', 'biomass volatiles', 'synergistic valorization', 'scb/iot ratio', 'iron ore tailings', 'residual biomass volatiles', 'biogenic hydrogen production', 'biogenic carbon deposition', 'biomass', 'secondary iron source', 'c impaired magnetic separation', 'magnetic recovery', 'catalytic tar', 'heating', 'upgrading'] 

TOP-K 529: ['iron ore', ['biomass volatiles'], 'synergistic valorization', 'scb/iot ratio', ['iron ore tailings'], 'residual biomass volatiles', 'biogenic hydrogen production', 'biogenic carbon deposition', 'biomass', 'secondary iron source', 'c impaired magnetic separation', 'magnetic recovery', 'catalytic tar', 'heating', 'upgrading'] 

Reference 529: ['Biomass volatiles', 'Iron ore tailings', 'Iron recovery', 'Catalytic cracking', 'Carbon deposition', 'Hydrogen'] 

Sorted_Candidate: [['solo net benefit coefficient'], ['solo net benefit coefficient'], ['agent-based model'], ['conjunctive management'], ['hydrologic signals'], ['agents'], ['agents'], ['agents'], ['cooperation'], ['cooperation'], ['level'], ['level'], ['resources']] 

Candidates_Dedup: ['solo net benefit coefficient', 'agent-based model', 'conjunctive management', 'hydrologic signals', 'agents', 'cooperation', 'level', 'resources'] 

TOP-K 530: ['solo net benefit coefficient', ['agent-based model'], 'conjunctive management', 'hydrologic signals', 'agents', 'cooperation', 'level', 'resources'] 

Reference 530: ['Agent-based modeling', 'Game theory', 'Water resources management', 'Decision making', 'Partial cooperation dynamics'] 

Sorted_Candidate: [['grid-connected prices'], ['decision-making'], ['fiscal policies'], ['financing environment'], ['pv promotion'], ['inclusive lending'], ['pivotal role'], ['local governments'], ['financing institutions'], ['psychology'], ['households'], ['support'], ['regret'], ['incentives'], ['individuals'], ['rents'], ['penalties'], ['challenges']] 

Candidates_Dedup: ['grid-connected prices', 'decision-making', 'fiscal policies', 'financing environment', 'pv promotion', 'inclusive lending', 'pivotal role', 'local governments', 'financing institutions', 'psychology', 'households', 'support', 'regret', 'incentives', 'individuals', 'rents', 'penalties', 'challenges'] 

TOP-K 531: ['grid-connected prices', 'decision-making', 'fiscal policies', 'financing environment', 'pv promotion', 'inclusive lending', 'pivotal role', 'local governments', 'financing institutions', 'psychology', 'households', 'support', 'regret', 'incentives', 'individuals'] 

Reference 531: ['Household photovoltaic', 'Inclusive finance', 'Investment decision', 'Evolutionary game', 'Regret theory', 'System dynamic'] 

Sorted_Candidate: [['electrodialysis-based acid concentration'], ['electrodialysis-based acid recovery'], ['nernst-plank equation-based model'], ['electrodialysis conditions'], ['proton leakage'], ['model'], ['effects']] 

Candidates_Dedup: ['electrodialysis-based acid concentration', 'electrodialysis-based acid recovery', 'nernst-plank equation-based model', 'electrodialysis conditions', 'proton leakage', 'model', 'effects'] 

TOP-K 532: ['electrodialysis-based acid concentration', 'electrodialysis-based acid recovery', 'nernst-plank equation-based model', 'electrodialysis conditions', ['proton leakage'], 'model', 'effects'] 

Reference 532: ['Acid recovery', 'Electrodialysis', 'Anion exchange membrane', 'Nernst-planck equation', 'Proton leakage'] 

Sorted_Candidate: [['waste-to-methanol'], ['waste-to-methanol'], ['waste-to-methanol process'], ['waste-to-energy process'], ['low-carbon energy'], ['energy'], ['regional/local impacts'], ['impacts'], ['green hydrogen use'], ['key aspect'], ['reduction'], ['reduction'], ['regional scale'], ['global impacts'], ['global warming'], ['co2'], ['potential utilization'], ['expense'], ['case'], ['option'], ['performance']] 

Candidates_Dedup: ['waste-to-methanol', 'waste-to-methanol process', 'waste-to-energy process', 'low-carbon energy', 'energy', 'regional/local impacts', 'impacts', 'green hydrogen use', 'key aspect', 'reduction', 'regional scale', 'global impacts', 'global warming', 'co2', 'potential utilization', 'expense', 'case', 'option', 'performance'] 

TOP-K 533: ['waste-to-methanol', 'waste-to-methanol process', 'waste-to-energy process', 'low-carbon energy', 'energy', 'regional/local impacts', 'impacts', 'green hydrogen use', 'key aspect', 'reduction', 'regional scale', 'global impacts', 'global warming', 'co2', 'potential utilization'] 

Reference 533: ['Gasification', 'Methanol', 'Green technology', 'Life cycle assessment', 'Municipal solid waste', 'Green hydrogen'] 

Sorted_Candidate: [['cableway'], ['cableway'], ['lifecycle ghg'], ['comparative lca'], ['average cableway occupationhas'], ['impactful phase'], ['daily cableway passengers'], ['electricity usage'], ['operational phase'], ['urban transportation'], ['substantial loss'], ['energy consumption'], ['terrestrial ecosystems'], ['cars'], ['cars'], ['biodiversity']] 

Candidates_Dedup: ['cableway', 'lifecycle ghg', 'comparative lca', 'average cableway occupationhas', 'impactful phase', 'daily cableway passengers', 'electricity usage', 'operational phase', 'urban transportation', 'substantial loss', 'energy consumption', 'terrestrial ecosystems', 'cars', 'biodiversity'] 

TOP-K 534: [['cableway'], 'lifecycle ghg', 'comparative lca', 'average cableway occupationhas', 'impactful phase', 'daily cableway passengers', 'electricity usage', 'operational phase', 'urban transportation', 'substantial loss', 'energy consumption', 'terrestrial ecosystems', 'cars', ['biodiversity']] 

Reference 534: ['Life cycle assessment', 'Cableway', 'Ropeway', 'Urban', 'Biodiversity', 'Carbon footprint'] 

Sorted_Candidate: [['water subsystem'], ['therm-economic optimization method'], ['electricity production cost'], ['exergy performance'], ['practical projects'], ['significance'], ['coefficient'], ['consumption'], ['components']] 

Candidates_Dedup: ['water subsystem', 'therm-economic optimization method', 'electricity production cost', 'exergy performance', 'practical projects', 'significance', 'coefficient', 'consumption', 'components'] 

TOP-K 535: ['water subsystem', 'therm-economic optimization method', ['electricity production cost'], 'exergy performance', 'practical projects', 'significance', 'coefficient', 'consumption', 'components'] 

Reference 535: ['Organic rankine cycle', 'Therm-economic optimization', 'Circulating water', 'Electricity production cost', 'Coefficient of exergy performance'] 

Sorted_Candidate: [['emar-m'], ['emar-m'], ['emar-m'], ['emar-m'], ['amine regeneration'], ['amine regeneration'], ['amine regeneration'], ['co2 mineralization'], ['mineralization'], ['co2 absorption'], ['nacl'], ['mea'], ['energy consumption'], ['co32'], ['reaction rate'], ['electrode dissolution'], ['cu'], ['migration']] 

Candidates_Dedup: ['emar-m', 'amine regeneration', 'co2 mineralization', 'mineralization', 'co2 absorption', 'nacl', 'mea', 'energy consumption', 'co32', 'reaction rate', 'electrode dissolution', 'cu', 'migration'] 

TOP-K 536: ['emar-m', 'amine regeneration', 'co2 mineralization', 'mineralization', 'co2 absorption', 'nacl', ['mea'], 'energy consumption', 'co32', 'reaction rate', 'electrode dissolution', 'cu', 'migration'] 

Reference 536: ['CO2Electrochemically', 'Capture-mineralization', 'In-situ amine regeneration', 'MEA'] 

Sorted_Candidate: [['hmf yield'], ['hmf yield'], ['hmf yield'], ['solid wastes conversion hmf'], ['machine learning'], ['synergic use'], ['machine learning method'], ['straw conversion'], ['method'], ['catalyst']] 

Candidates_Dedup: ['hmf yield', 'solid wastes conversion hmf', 'machine learning', 'synergic use', 'machine learning method', 'straw conversion', 'method', 'catalyst'] 

TOP-K 537: ['hmf yield', 'solid wastes conversion hmf', ['machine learning'], 'synergic use', 'machine learning method', 'straw conversion', 'method', 'catalyst'] 

Reference 537: ['Straw5-Hydroxymethylfurfural', 'Ball milling depolymerization', 'Microwave hydrothermal', 'Machine learning'] 


N=5
P=0.11226765799256505
R=0.11172770995190529
F1=0.11199703319117374

N=10
P=0.08952670594943928
R=0.17425083240843509
F1=0.11828227021597187

N=15
P=0.07570523891767415
R=0.19459859415464298
F1=0.10900424826442856
Processing time: 135.5801522731781
