Start Testing ...
TOP-K 0: [['precipitable water vapour'], 'pwv', 'atmospheric water vapour', 'tropical india', 'climate change', 'water vapour', 'radiosonde data', 'vertical water vapour profiles', 'atmospheric water vapour concentration', 'precipitable water', 'moist lapse rate', 'reanalysis data', 'pwv increase', 'water vapour profiles', 'vertical atmospheric temperature profile'] 

Reference 0: ['lapse rate', 'precipitable water vapour', 'scale height', 'temperature', 'vertical profile'] 

TOP-K 1: ['pwv retrieval', 'era5 pwv', 'amsr2 water vapor products', 'high-precision pwv retrieval model', 'amsr2 pwl', 'pwv', 'microwave observations', 'mwri-rm', 'mwri-rm pwv', 'machine learning algorithms', 'high precision', 'light gbm', 'random forests', 'models', 'brightness temperature data'] 

Reference 1: ['water vapor', 'fy-3g/mwri-rm', 'era5', 'radiosonde'] 

TOP-K 2: ['machine learning-based method', 'deep belief network', ['dbn'], 'smap soil moisture data', 'smap satellite', 'smap imagery', 'error distribution analysis', 'various land cover types', '36-kilometer soil moisture product', 'soil moisture values', 'soil moisture product', ['soil moisture'], 'various input model parameters', 'entire study area', 'snotel network'] 

Reference 2: ['dbn', 'soil moisture', 'downscaling', 'spatial resolution', 'land cover'] 

TOP-K 3: ['crease-contact model', 'space film mechanisms', 'space membrane structure design', 'simulations', 'aerospace design', 'model', 'mechanical property correctness', 'crease deployment experiments', 'extreme temperatures', 'configuration accuracy', 'layer contact model'] 

Reference 3: ['space membrane structure', 'crease dynamics', 'dynamics simulation and experiment', 'ancf'] 

TOP-K 4: ['global pre-midnight epb patterns', 'south america', 'post-midnight epbs', 'ionospheric connection explorermission', 'pre-midnight epb rates', 'geomagnetic disturbances', 'december solstice maximum', 'non-significant pre-midnight suppression', 'epb responses', 'solar cycle', 'geomagnetic variability', 'magnetic latitude', 'full ion density dataset', 'dual-parameter detection', 'local time dependencies'] 

Reference 4: ['equatorial plasma bubbles', 'ionospheric irregularities', 'icongeomagnetic activity', 'seasonal variability'] 

TOP-K 5: ['new automatic method', 'automatic method', 'airglow images', 'new automatic approach', ['all-sky airglow imager'], 'semi-automatic approach', 'low time complexity', 'automatic approach', 'method', 'propagation parameters', 'time complexity', 'plasma structures', 'morphology', 'results', 'error'] 

Reference 5: ['all-sky airglow imager', 'image segmentation', 'mid-latitude ionospheric plasma structure', 'deep learning'] 

TOP-K 6: ['ionosphere-thermosphere system', 'hunga eruption', 'positive ionospheric storm', 'moderate geomagnetic storm', ['ion density'], 'strong equatorial', 'dip equator region', 'storm', 'dip equator', 'sudden storm commencement', 'turbulence', 'longitudes', 'moderate storm', 'altitudes', 'high wind variations'] 

Reference 6: ['ionosphere and thermosphere', 'ion density', 'wind speed', 'geomagnetic storm', 'volcanic eruption'] 

TOP-K 7: ['post-sunset esf', 'sts', 'post-sunset epbs', 'esf occurrence', 'esf onset', 'post-midnight epbs', ['solar flux'], 'ionospheric monitoring', 'low solar activity', 'high solar activity', 'solar activity levels', 'post-midnight hours', 'temporal variations', 'st occurrences peak', 'solar levels'] 

Reference 7: ['equatorial spread f', 'satellite traces', 'sts with or without esf', 'solar flux', 'seasonal variability of sts'] 

TOP-K 8: ['tianqin constellation', 'segmented multi-objective optimization method', 'segmented cooperative control strategy', 'multi-objective optimization problem', 'high-fidelity dynamic models', 'low-frequency control', 'non-uniformly conflicting relationship', 'active orbital control', 'cooperative control strategy', 'high-fidelity dynamics', 'geometric stability', 'optimal geometric stability', 'fuel consumption', 'virtual structure methods', 'local optimization'] 

Reference 8: ['configuration maintenance', 'cooperative control', 'multi-objective optimization', 'cost-benefit analysis', 'gravitational wave detection'] 

TOP-K 9: ['nonlinear orbital uncertainty propagation', 'spacecraft maneuver detection method', 'on-orbit spacecraft maneuvers', 'orbital uncertainty propagation', 'post-maneuver orbit', 'potential non-gaussian effects', 'spacecraft pre-maneuver orbit', 'orbital uncertainty', ['nonlinear uncertainty propagation'], 'combined gaussian mixture model', 'orbital anomaly', 'space situational awareness mission', 'orbital arc', 'state estimation errors', 'arbitrary dynamical models'] 

Reference 9: ['spacecraft maneuver detection', 'nonlinear uncertainty propagation', 'orbital maneuver', 'space situational awareness'] 

TOP-K 10: ['meter-sized meteoroids', 'n-body meteoroid model', 'n-body meteoroid', 'meteoroid', 'asymmetric light curves', 'heterogeneous materials', 'equivalent cross-sectional diameter', 'light curve', 'bx1', 'new model', 'meteoroid cases', 'multiple light curve', 'atmospheric evolution', 'irregular geometry', 'multiple peaks'] 

Reference 10: ['atmospheric entry of meteoroids', 'discrete element method', 'meter-sized meteoroid2023 beijing meteoroid', 'asteroid 2024 bx1'] 

TOP-K 11: ['draconitic errors', 'non-loading errors', 'repro2 gcm', 'dre correction', 'intra-seasonal gcm variations', 'repro2', 'annual phase deviations', 'pronounced draconitic errors', 'repro3 gcm', 'gcm estimates', 'significant dre', 'accuracy', 'repro3', 'annual phase deviation', 'overall agreement'] 

Reference 11: ['geocenter motion', 'gnss inversion', 'igs reprocessing campaigns', 'seasonal variations', 'intra-seasonal variations'] 

TOP-K 12: ['tianjin binhai new area', 'tbna', 'reclaimed-land subsidence monitoring', 'time-series insar', 'reclaimed-land subsidence mechanism analysis', 'surface subsidence monitoring', 'subsidence mechanism', 'surface subsidence', 'surface subsidence mechanism', 'ground deformation prediction model', 'groundwater extraction', 'geotechnical model', 'land reclamation areas', 'lstm model', 'subsidence evolution'] 

Reference 12: ['land reclamation', 'ground subsidence', 'in', 'sar', 'mechanism analysis', 'deformation prediction'] 

TOP-K 13: ['surface water salinity prediction', 'surface water salinity', ['mekong delta'], 'surface water salinity map', 'mapping salinity surface water', 'particle swarm optimization-bagging', 'local geo-environmental conditions', 'machine learning models', 'ml models', '1d-convolution neural network', 'model selection', 'salinity prediction modeling', 'bayesian model', 'ensemble ml models', 'modeling'] 

Reference 13: ['salinity intrusion', 'remote sensing', 'landsat-8machine learning', 'mekong delta', 'vietnam'] 

TOP-K 14: ['eco-environmental quality', 'eco-environment quality', 'advanced industrial structure', ['industrial structure'], 'granger causality test', 'industrial structure indicators', 'eco-environment system quality', 'industrial structure indexes', 'industrial structure change', 'industrial structure diversity', 'ecological environment', 'statistical indicators', 'panel vector autoregressive model', 'principal component analysis', 'industrial structure rationalization'] 

Reference 14: ['industrial structure', 'ecological environment quality', 'pvar', 'impulse response', 'variance decomposition', 'granger causality'] 

TOP-K 15: ['era5 reanalysis data', 'era5 reanalysis dataset', 'zwd modeling', 'surface meteorological observations', 'surface meteorological variables', 'medium-range weather forecasts', 'high spatiotemporal variability', 'prediction accuracy', 'rms values', 'water vapor', 'spatiotemporal variability', 'lightgbm', 'machine', 'climatic conditions', 'complex geographical conditions'] 

Reference 15: ['tropospheric wet delay', 'machine learning', 'xg', 'boost', 'light', 'gbm'] 

TOP-K 16: ['modis ndvi', 'agricultural rain-fed region', 'dummy variables', 'model inputs', 'soybean yields', 'lst', 'models', 'regional maize', 'spectral information', 'tvdi monthly inputs', 'soybean yield', 'yield variation', 'summer crop seasons', 'regression models', 'terra satellite'] 

Reference 16: ['ndvilsttdvi', 'water stress'] 

TOP-K 17: ['fvc', 'fvc estimation', 'sub-regional driver analysis', 'nonnegative matrix factorization', 'three-north region', 'fvc distributions', 'average relative humidity', 'large-scale vegetation dynamics', 'weighted random forestmodel', 'quadratic optimization', 'nonnegative matrix factorizationmethod', 'optimal parameter-based geographic detectorand', 'multifaceted framework', 'geographic models', 'local drivers'] 

Reference 17: ['fractional vegetation coverage', 'improved constrained nonnegative matrix factorization', 'optimal parameter-based geographic detector', 'geographically weighted random forest', 'ecological protection'] 

TOP-K 18: ['gaseous helium', 'design', 'propulsion system design', 'cold gas', 'cold gas propulsion system', 'propulsion system', 'fcv', 'design aspects', 'design adequacy', 'valve design', 'key design aspects', 'pwm testing', 'end use requirements', 'flow control', 'system requirements'] 

Reference 18: ['cold gas thrusters', 'cube', 'sat propulsion', 'pull in voltage', 'cyclic life', 'on-response', 'pulse width modulation'] 

TOP-K 19: [['zhinyu crater'], ['ejecta'], 'ejecta thicknesses', 'regional stratigraphy', 'chang', 'ejecta distribution.zhinyu crater', 'shallow subsurface', 'landing site', 'formation process', 'basalt layers', 'continuous ejecta', 'vertical impact', 'compositional rings', ['numerical simulation'], 'e-4 rover'] 

Reference 19: ['impact crater', 'ejecta', 'numerical simulation', 'zhinyu crater'] 

TOP-K 20: ['piezoelectric semiconductors', 'piezoelectric semiconductor', 'non-uniform piezoelectric semiconductor beams', 'bended piezoelectric semiconductor beam', 'electro-elastic coupling behaviors', 'piezoelectric semiconductor beam', 'nonlinearity', 'non-uniformity', 'nonlinear model', 'nonlinear constitutive relation', 'electrical field quantities', 'numerical analysis', ['differential quadrature method'], 'new approaches', 'electro-elastic behaviors'] 

Reference 20: ['nonlinear analysis', 'bended piezoelectric semiconductor', 'variable cross section', 'iteration procedure', 'differential quadrature method', 'electro-elastic properties'] 

TOP-K 21: [['flexural-gravity waves'], ['flexural-gravity wave'], 'linear water wave theory', ['asymptotic approach'], 'undulating bottom topography', 'asymptotic method', 'undulating bottom', 'incident wave energy', 'frequency domain analysis', 'second-order solutions', 'bragg resonance', 'wave propagation', ['uniform currents'], 'problem', 'time domain'] 

Reference 21: ['flexural-gravity wave', 'uniform current', 'bottom undulation', 'asymptotic approach', 'fourier transform', 'reflection coefficient', 'time-domain analysis'] 

TOP-K 22: ['inventory problem', 'supplier selection problem', 'supply uncertainty', 'uncertain demand', 'buyback contract', 'suppliers', 'wholesale price', 'multiple suppliers', 'solution algorithm', 'defective units', 'production systems', 'buyback price', 'order quantities', 'managerial insights', 'buyer purchases'] 

Reference 22: ['supplier selection', 'newsvendor model', 'uncertain supply', 'buyback/return policy'] 

TOP-K 23: ['subcritical bogie hunting bifurcation', 'supercritical bogie hunting bifurcation', 'bogie hunting stability', ['high-speed trains'], 'carbody hunting', ['hunting stability'], 'adaptive constraint-following control method', 'typical hunting bifurcations', ['high-speed train'], 'lateral suspension', 'active secondary suspension', ['constraint-following control'], ['active suspension system'], 'passive suspension parameters', 'underactuated control problem'] 

Reference 23: ['high-speed train', 'hunting stability', 'nonlinear damping', 'active suspension system', 'bifurcation control', 'constraint-following control'] 

TOP-K 24: [['anisotropic nano-beams'], 'one-dimensional anisotropic nano-beams', 'exact analytical solutions', 'anisotropic beams', 'stress fields', 'strain gradient theory', 'ct beams', ['analytical solutions'], 'gradient coefficient c', 'gradient elasticity models', 'elasticity theory', 'gradient airy stress function', 'general analytical solutions', 'gradient elasticity', 'anisotropic materials'] 

Reference 24: ['anisotropic nano-beams', 'nonlocal elasticity', 'stress and strain gradient elasticity', 'analytical solutions', 'micro-size effects'] 

TOP-K 25: ['hong kong', 'two-age-group transmission model', 'transmission degree', 'omicron wave', 'coronavirus diseaseacross age groups', 'omicron variant', 'disease severity', 'pandemic', 'time-varying transmission', 'inter-group transmission rate', 'intra-group transmission rate', 'death rates', 'age groups', 'china', 'booster doses'] 

Reference 25: ['omicron', 'age-stratified transmission model', 'booster vaccinations', 'counterfactual scenarios'] 

TOP-K 26: [['favre waves'], 'favre waves laboratory experiments', 'wave propagation', 'dispersive terms integration', 'solitary wave solution', 'arbitrary cross-sections', 'shallow-water equations', 'numerical dissipation', 'finite element discretisations', 'dissipative behaviours', ['finite element'], 'upwind fluxes', 'computational flexibility', 'model', 'dispersive problem'] 

Reference 26: ['favre waves', 'dispersive waves', 'boussinesq-type model', 'finite volume', 'finite element', 'energy dissipation'] 

TOP-K 27: ['tree multibody systems', 'eigenvalue problems', 'recursive method', 'novel recursive method', 'recursive algorithm', 'flexible bodies', 'system topology', 'dynamical equations', ['finite element method'], 'component mode synthesis', 'derivation', 'mechanical information', 'information transfer', 'transfer equations', 'steady-state responses'] 

Reference 27: ['multibody system transfer matrix method', 'vibration analysis', 'finite element method', 'multibody systems'] 

TOP-K 28: [['wasserstein metric'], 'traffic sensors', 'kl divergence model', 'traffic sensor location', 'new traffic sensors', 'real-word transportation network', 'urban road network', 'traffic flow estimation', 'optimal sensor location scheme', 'sensor network', 'link information value', 'numerical experiments', 'paper', 'traffic flow', 'computational results'] 

Reference 28: ['transportation planning', 'sensor location', 'wasserstein metric', 'flow estimation', 'greedy algorithm'] 

TOP-K 29: [['cfrp'], 'multi-support reconfigurable compliant tooling', 'cfrp milling edge processing', 'cfrpims', ['rigid-flexible coupling dynamics model'], 'cfrp workpieces', 'thin-walled flexible plate', 'machining system', 'compliant tooling', 'genetic algorithm', 'transfer matrix method', 'excitation test', 'modal test', ['support rigidity'], 'layout optimization'] 

Reference 29: ['rigid-flexible coupling dynamics model', 'transfer matrix method for multibody systems', 'cfrp', 'milling edge processing', 'support rigidity', 'vibration response'] 

TOP-K 30: ['zigzag bnnts', 'inversion energy', 'bnnts', 'armchair bnnts', 'inversion energy term', 'strain energy', 'shear modulus', ['elastic properties'], 'small diameters', 'reaction angles', ['energy method'], 'continuum mechanics models', 'bond angles', 'analytical expressions', ['thermal environment']] 

Reference 30: ['boron nitride', 'elastic properties', 'molecular mechanics', 'thermal environment', 'energy method'] 

TOP-K 31: ['no-equilibrium chaotic system', 'no-equilibrium multi-fold hidden attractors', 'chaotic system', 'image security', 'microcontroller implementation', 'practical microcontroller-based implementation', 'image encryption algorithm', 'new chaos-based encryption algorithm', ['hidden attractor'], 'dynamic memory scheme', 'folding trajectory', 'new research focus', 'novel approach', 'complicated phase portrait', 'past decade'] 

Reference 31: ['hidden attractor', 'no-equilibrium', 'multi-fold attractor', 'image encryption', 'hardware implementation'] 

TOP-K 32: ['couple stress theory', ['couple stress'], 'dynamic contact stiffness', 'rigid spherical indenter', 'reciprocal receptance', ['contact vibration'], 'contact vibration model', 'internal friction', 'parametric studies', 'shear modulus', 'small oscillation force', 'rigid punch', 'characteristic material length', 'half-space', 'size effect'] 

Reference 32: ['contact vibration', 'couple stress', 'perturbation method', 'hankel transform'] 

TOP-K 33: ['auto-regressive exogenous models', 'recursive least-squares algorithm', 'proximal gradient algorithm', 'output outliers', 'proximal gradient method', 'effective outlier recovery', 'proximal gradient', 'model parameters', 'parameter estimation', 'persistent excitation', 'outlier problem', 'information matrix', 'comprehensive framework', 'parameter estimation error', 'charge estimation problem'] 

Reference 33: ['adaptive accelerated proximal gradient', 'outputs with outliers', 'unbiased parameter estimate', 'recursive identification', 'convergence properties', 'state of charge'] 

TOP-K 34: ['multi-objective topology optimization', ['multi-axis random vibration'], 'multi-objective topology optimization method', 'multi-axis random vibration excitation', 'root-mean-square stress', 'topology model', 'load-bearing paths', 'vibration excitation', 'vibration-resistant structure', 'vibration resistance', 'random vibration loads', 'method', 'structures', 'topology optimization phase', 'common loading conditions'] 

Reference 34: ['multi-axis random vibration', 'topology optimization', 'hybrid cellular automata', 'analytic hierarchy process', 'fatigue'] 

TOP-K 35: ['nonlinear multiple scattering method', 'nonlinear resonant scatterers', 'nonlinear multiple scattering approach', 'nonlinear resonant metamaterial plates', 'resonant scatterers', 'nonlinear scatterers', 'thin plates', 'second-harmonic waves', 'thin plate', 'multiple scattering method', 'flexural waves', 'multiple scattering', 'modeling thin plates', 'effective wave simulation method', 'multiple nonlinear scatterers'] 

Reference 35: ['nonlinear multiple scattering', 'perturbation analysis', 'harmonic wave generation', 'stop-band formation', 'nonreciprocal transmission'] 

TOP-K 36: ['timoshenko beam theory', 'compressor blades', 'compressor blade', 'ansys software', 'cracks', 'stiffness nonlinearity', 'strain energy release rate', 'dynamic modeling', 'blades', 'castingliano theory', 'new modeling approach', 'actual compressor blade', 'vibration characteristics', 'dynamic model', 'breathing crack'] 

Reference 36: ['cracked blade', 'breathing effect', 'finite element method', 'airfoil blade', 'nonlinear vibration'] 

TOP-K 37: ['poe-based error model', 'mpc-based parameter identification approach', 'novel kinematic calibration method', '4-ups/spr pef', 'poe formula', '5-dof pef', 'novel calibration method', 'mpc-based identification approach', 'multiple plane constraint', 'identifiability analysis', 'calibration tasks', 'model accuracy', 'prototype experiments', ['parameter identification'], ['error model']] 

Reference 37: ['parallel mechanism', 'kinematic calibration', 'error modeling', 'parameter identification', 'plane constraint'] 

TOP-K 38: [['image restoration'], 'external guidance regularizer', 'image denoising', 'regularization process', 'guidance image', 'regularization model', 'model', 'sound theoretical foundations', 'external information', 'additional guidance', 'specific features', 'satisfactory results', 'traditional regularization.variational regularization', 'impressive performance'] 

Reference 38: ['image restoration', 'variational regularization', 'guided regularization', 'admm'] 

TOP-K 39: ['four-algorithm method', 'infeasible localization estimations', 'infeasible solutions', 'method', 'hydraulic-spatial constraints', 'simulations', 'predefined probabilities', ['inverse problem'], 'probability distributions', 'experimental data', 'steady-state flow conditions', 'test bed', 'leaks', 'emitter coefficients', 'undetermined nature'] 

Reference 39: ['leak detection', 'hydraulic systems', 'inverse problems', 'monte carlo simulations'] 

TOP-K 40: ['prefrontal excitatory-inhibitory imbalance', ['pain catastrophizing'], 'scd25', 'anxiodepressive symptoms', 'scd25 levels', 'evaluative pain ratings', ['chronic pain'], 'scd25 level', 'prefrontal glx/gaba', 'cellular activation', 'elevated glx/gaba', 'joint association', 'first evidence', 'interaction effect'] 

Reference 40: ['chronic pain', 'anterior cingulate cortex', 'magnetic resonance spectroscopy', 'glutamate', 'gaba', 'soluble interleukin-2 receptor', 'pain catastrophizing'] 

TOP-K 41: ['csf1r inhibitor plx5622', 'diabetes-associated cognitive decline', 'microglial depletion', 'diabetic mice', ['neuroinflammation'], 'diabetes-induced cognitive impairments', 'gdf11 treatment', 'hippocampal neurogenesis', 'cognitive decline', 'neural degeneration', 'cognitive restoration', 'neurogenic underpinnings', 'anti-inflammatory properties', 'diabetic murine model', ['cognitive function']] 

Reference 41: ['growth differentiation factor 11neurogenesis', 'cognitive function', 'type 2 diabetes', 'neuroinflammation'] 

TOP-K 42: ['spinal irf7', 'irf7', 'cfa intraplantar injection', 'irf7 overexpression', 'inflammatory pain', 'cfa rats', 'nf-κb pathways', 'pain-related behaviors', 'tumor necrosis factor-αin', 'dorsal horn neurons', ['spinal cord'], 'intraplantar injection', 'inflammatory mediators', 'spinal cord level', 'important role'] 

Reference 42: ['irf7inflammatory pain', 'spinal cord', 'high throughput sequencing', 'nf-κ', 'b', 'inflammatory cytokines'] 

TOP-K 43: ['pregnancy adipokines', 'pregnancy adiponectin', 'pregnancy adiposity', 'second trimester adiponectin', ['infant negative affect'], 'cord blood leptin', 'psychopathology', 'elevated infant negative affect', 'umbilical cord leptin', 'negative affect', 'umbilical cord blood concentrations', 'offspring risk', 'offspring behavioral outcomes', 'early life marker', 'risk'] 

Reference 43: ['adiponectin', 'leptin', 'adipokine', 'adiposity', 'pregnancy', 'infant negative affect'] 

TOP-K 44: ['bdii-d', 'right mfg-macc/insula connectivity', 'middle frontal gyrusand insula', 'mfg-insula/macc connectivity', 'mfg function', 'functional brain alterations', 'right mfg', 'psychiatric symptoms', 'depressive symptoms', 'peripheral inflammation', ['childhood adversity'], 'abnormal functional alterations', 'depressive symptom', 'mfg-related connectivity', 'insular function'] 

Reference 44: ['bipolar ii depression', 'amplitude of low-frequency fluctuation', 'functional connectivity', 'childhood adversity', 'interleukin-1β', 'moderation analysis'] 

TOP-K 45: ['hapoeε4 rats', 'hapoeε4 genotype', 'primiparous hapoeε4 rats', 'parity', 'apoeε4 genotype', 'non-spatial cognitive strategy', ['hippocampus'], 'middle-aged female rats', 'primiparoushapoeε4 rats', 'neuroimmune milieu', 'neural biomarkers', 'wildtype rats', 'ventral hippocampus', 'memory retrieval', 'new-born neurons'] 

Reference 45: ['hippocampus', 'frontal cortex', 'neurogenesis', 'kynurenine', 'female', 'alzheimer’s disease', 'apoe', 'pregnancy'] 

TOP-K 46: ['innate immunity', ['marital status'], 'blood-based immune system markers', ['immunity'], 'immune system balance', 'plasma neurodegeneration markers', 'plasma amyloid-β40', ['social health'], 'global cognition', 'males', 'total brain volume', 'plasma levels', 'total tau', 'plasma total tau levels', 'levels'] 

Reference 46: ['social health', 'marital status', 'neurodegeneration', 'immunity', 'mediation'] 

TOP-K 47: ['ethanol-naïve males', 'ethanol-naïve rats', ['aie'], 'poly', 'water-exposed males', 'adult males', 'adult male nts', 'solitary tract', 'initial sex differences', 'females', 'central cytokine response', 'immune responses', 'fever sensitivity', 'mg/kg poly', 'fever response'] 

Reference 47: ['intermittent ethanol exposure', 'aie', 'adolescence', 'sex differences', 'fever', 'tlr3poly i:cil-1neuroimmune', 'brain'] 

TOP-K 48: ['pediatric tbi', 'tertiary neuroinflammatory processes', 'tertiary post-tbi lesions', 'tbi', 'acute microglia/macrophage', 'chronic neuroinflammation', ['white matter lesions'], 'robust neuroinflammation', 'so-called tertiary phase', 'astrocyte reactivity', 'long-term effects', 'brain', 'results tbi', 'altered behavior', 'main mechanisms'] 

Reference 48: ['tertiary lesions', 'chronic traumatic encephalopathy', 'microglia', 'white matter lesions', 'brain functional connectivity'] 

TOP-K 49: ['p2x7r signaling', ['epilepsy'], 'p2x7r deficiency', 'p2rx7', 'p2x7r expression', ['microglia'], 'p2rx7 gene', 'seizure severity', 'epileptic wild-type mice', 'anti-inflammatory phenotype', 'gabaergic interneurons', 'neuronal genes', 'seizures', 'mice', 'severe seizure phenotype'] 

Reference 49: ['p2x7 receptor', 'status epilepticus', 'epilepsy', 'cell type-specific function', 'gab', 'aergic interneurons', 'microglia'] 

TOP-K 50: ['prenatal anxiety', 'antenatal anxiety', 'immune dysregulation', 'perinatal anxiety', ['anxiety'], ['low birthweight'], 'chemokine activity', 'anxiety symptoms', 'elevated chemokine activity', 'pakistani population', 'gestational age', 'antenatal immune activity', 'immune characteristics', 'high anxiety', 'birth outcomes'] 

Reference 50: ['anxiety', 'immune', 'pregnancy', 'postpartum', 'perinatal', 'women’s health', 'cytokine', 'chemokine', 'crp', 'low birthweight', 'small for gestational age', 'anxiety trajectories'] 

TOP-K 51: ['positive affect intervention', 'evidence-based behavioral intervention model', 'positive affect intervention effects', 'neurotransmitter release', 'stimulant use', 'evidenced-based behavioral intervention model', 'dnam', 'β2', 'oxytocin receptor genes', 'attention-control condition', 'oxytocin receptors', 'cpg sites', 'epigenetic signature', 'intervention-related decreases', 'methylation'] 

Reference 51: ['contingency management', 'hiv', 'men who have sex with men', 'methamphetamine', 'dna methylation', 'oxytocin', 'positive affect'] 

TOP-K 52: [['insomnia'], ['tai chi'], 'inflammation-related co-morbidities', 'breast cancer survivors', 'insomnia treatment', 'breast cancer survivos', 'disease recurrence', 'anti-viral genomic markers', 'cognitive behavioral therapy', ['inflammation'], 'genomic markers', 'additional benefits', 'insomnia.background insomnia', 'conclusions administration'] 

Reference 52: ['breast cancer', 'cognitive-behavioral therapy', 'gene expression', 'inflammation', 'insomnia', 'tai chi'] 

TOP-K 53: ['gsdmd-dependent pyroptosis', ['gsdmd'], 'meth-induced pyroptosis', 'meth', 'gsdmd pathway', 'sy-sh5y cells', 'nlrp1/cas', 'cell membrane', 'meth self-administration', 'meth exposure', ['dopamine'], 'methamphetaminemeth exposure', 'sh-sy5y cells', 'pore formation blockade', 'rats'] 

Reference 53: ['methamphetamine', 'dopamine', 'pyroptosis', 'gsdmd', 'reinforcement', 'motivation'] 

TOP-K 54: ['job stress-migraine link', 'job stress', 'ltpa', 'elsa-brasil study', ['physical activity'], 'job stress-tth link', 'psychosocial job stress', 'job stressand migraine', 'hs-crp/glyca levels', 'ltpa-mediated downregulation', 'job stress-related tth', 'socioeconomic factors', 'glyca', 'glyca levels', 'systemic inflammation'] 

Reference 54: ['physical activity', 'migraine', 'tension-type headache', 'c-reactive protein', 'acute phase glycoproteins', 'occupational health', 'occupational stress'] 

TOP-K 55: ['il-6', 'il-6 reactivity', 'insomnia', ['total knee arthroplasty'], 'tka surgery', 'clinical pain', 'pain', 'patients', 'post-surgical changes', 'clinical success', 'pain status', 'clinical pain 3-months', 'change', 'reduction', 'important modulatory role'] 

Reference 55: ['knee osteoarthritis', 'total knee arthroplasty', 'pain severity', 'interleukin-6insomnia'] 

TOP-K 56: ['cognitive decline', 'gut microbiome', 'gut microbial community structure', 'microbiome disruption', 'gut microbiome change', 'chemotherapy-induced inflammation', 'inflammation', 'chemotherapy', 'unique chemotherapy-induced microbiome alterations', 'inflammatory markers', 'chemotherapy-induced disruption', 'inflammatory signals', 'differential microbial abundance analysis', 'subjective cognitive decline', 'clinical longitudinal observational study'] 

Reference 56: ['cognitive impairment', 'subjective cognition', 'objective cognition', 'cytokines', 'differential abundance analysis', 'microbial diversity'] 

TOP-K 57: ['post-exertional malaise', 'myalgic encephalomyelitis/chronic fatigue syndrome', 'gulf war illness', 'exercise', 'pain sensitivity', 'symptom exacerbation', 'symptoms', 'acute exacerbation', 'vigorous-intensity exercise', 'exercise intensity', 'cognitive performance', 'pem', 'study outcomes', 'significant condition-by-time interaction', 'inflammatory marker models'] 

Reference 57: ['cognition', 'health', 'patient reported outcome measures', 'physical activity', 'prescriptions'] 

TOP-K 58: ['prenatal stress-induced cognitive impairment', 'maternal gut microbiota', 'gestational stress-induced cognitive impairment', 'microbial reconstitution', 'maternal microbiota', 'neurodevelopmental disorders', 'stress', 'intestinal flora', 'pregnancy', 'pregnant stressed rats', 'probiotics', 'neurodevelopment effects', 'rat offspring', ['cognitive impairment'], 'β-guanidinopropionic acidresults'] 

Reference 58: ['prenatal stress', 'microbiota', 'gpa', 'cognitive impairment', 'ampk'] 

TOP-K 59: ['microglial phagocytosis', 'csf strem2', 'strem2', 'ad pathology', 'csf strem2 levels', 'impaired microglial function', ['depression'], 'microglial marker', 'ad biomarkers', 'alzheimer', 'impaired microglia phagocytic response', 'late-life major depressionand', 'proinflammatory cytokines', 'major depressive disorderis', 'healthy controls'] 

Reference 59: ['depression', 'alzheimer’s disease', 'microglias', 'trem2amyloid beta', 'phagocytosis'] 

TOP-K 60: ['marine antifouling strategies', 'bioactive antifoulant mechanisms', 'photocatalytic bactericidal mechanisms', 'surface wettability mechanisms', 'antifouling technologies', 'self-polishing antifouling mechanisms', 'antifouling coatings', 'biomimetic antifouling mechanisms', ['antifouling strategies'], 'antifouling systems', 'modern biofouling control', 'marine equipment', ['seawater resource utilization'], 'recent advancements', 'net cages'] 

Reference 60: ['biofouling', 'antifouling strategy', 'seawater resource utilization', 'environmentally friendly', 'fouling-release'] 

TOP-K 61: ['n2o generation mechanism', ['direct catalytic decomposition'], 'n2o removal catalysts', 'o2/h2o/no inhibition mechanism', 'n2o', 'rh-based precious metal catalysts', 'o2/h2o/no resistance', 'catalytic removal', 'n2o emissions', 'catalysts', 'main n2o removal methods', 'efficient n2o removal catalyst', 'various catalysts', 'hydrothermal stability', 'nitric acid industry'] 

Reference 61: ['nitrous oxide', 'direct catalytic decomposition', 'scr', 'density functional theory', 'modification and rationally designed'] 

TOP-K 62: ['stimuli-responsive properties', 'novel adsorbents', 'hydrogel beads', 'novel hydrogel adsorbents', 'adsorption mechanisms', 'state-of-the art applications', 'smart adsorption behaviors', 'hydrogel particles', 'unique properties', 'important adsorption mechanisms', 'aqueous solutions', 'synthetic polymers', 'scientific evidence', 'preparation techniques', 'innovations'] 

Reference 62: ['spherical hydrogels', 'microgels', 'organic dyes', 'heavy metals', 'emerging contaminants', 'water purification'] 

TOP-K 63: ['cancer immunotherapy', ['nanomaterials'], 'nanomaterials-based immunotherapies', 'cancer immunotherapies', 'immunotherapies', 'immunomodulatory agents', ['immune cell targeting'], 'traditional inorganic nanoparticles', 'traditional immunotherapy', 'various cancer types', 'patient outcomes', 'immune-related adverse events', 'cancer treatment', 'unsolved challenges', 'immune system'] 

Reference 63: ['nanomaterials', 'tumor associated macrophages', 'cancer vaccines', 'immune cell targeting', 'combination nano-immunotherapy'] 

TOP-K 64: ['electrospinning technology', 'electrospun fiber-based sensors', 'fiber-based single-mode sensors', 'fiber-based sensors', ['multifunctional sensors'], 'current challenges', 'high-performance sensors', 'unimodal sensor applications', 'large specific surface area', 'flexible temperature sensors', 'controllable structure', 'manufacturing methods', 'sensor preparation', 'research advances', 'future advancements'] 

Reference 64: ['electrospinning', 'nanofibers', 'single function sensors', 'multifunctional sensors'] 

TOP-K 65: ['mofs/cofs hybrid materials', 'mofs', 'electrocatalytic co2 rr', 'hybrid materials', 'co2 rr electrocatalysts', 'co2 rr electrocatalysis', 'electrocatalytic materials', 'co2 reduction', 'high faradic efficiency', 'synthetic fuels', 'electrocatalytic co2rr performance', 'efficient energy conversion', 'rapid advancements', 'cofs-based hybrid materials', 'various domains'] 

Reference 65: ['electrocatalysis', 'metal–organic frameworks', 'covalent-organic frameworks', 'co2-reduction reaction', 'faradic efficiency'] 

TOP-K 66: ['sc-co2', 'sc-co2 applications', 'sc-co2 technology', 'sc-co2 treatment', 'physi-chemical properties', 'extraction', 'mechanisms', 'bioenergy recovery', 'efficient biomass conversion', ['economic performance'], 'physic-chemical property changes', 'economic analysis', 'biomass utilization processes', ['physiochemical properties'], ['working mechanisms']] 

Reference 66: ['supercritical carbon dioxide', 'biorefinery', 'working mechanism', 'physiochemical properties', 'economic performance'] 

TOP-K 67: ['electrochemical co2 reduction', 'co2 mass transport', 'electrolyzer designs', 'co2 mass transfer', 'electrolysis conditions', 'potential solutions', ['electrode'], 'value-added fuels', 'hydrogen evolution reaction', 'co2 emissions', 'eco2rr industrialization', 'eco2rr performance', 'climate change', 'environmental sustainability', ['mass transport']] 

Reference 67: ['electrochemical co2 reduction reaction', 'mass transport', 'electrode', 'electrolyzere', 'co2rr performance'] 

TOP-K 68: ['3d c3n4-based photocatalysts', 'carbon nitride-based photocatalysts', '3d c3n4', 'various 3d c3n4-based photocatalysts', 'co2 photoreduction', 'photocatalytic performance', 'synthesis', 'research gaps', 'related present studies', 'visible light', 'future research', 'inexpensive synthesis', 'reduction potential', 'characteristics', 'community attention'] 

Reference 68: ['carbon nitride', 'co2 reduction', 'greenhouse gas', 'photocatalysis', 'porous structure'] 

TOP-K 69: ['lmnps-based conductive hydrogels', ['conductive hydrogels'], ['interfacial engineering'], 'lmnps', 'various interfacial stabilizers', 'interfacial stabilizers', 'stable lmnps-based conductive hydrogels', 'interfacial regulating mechanisms', 'resultant lmnps-based conductive hydrogels', 'interfacial engineering strategies', 'large cohesion', 'low viscosity', 'electromagnetic interferenceshielding', 'polymer matrixes', 'high density'] 

Reference 69: ['liquid metal nanoparticle', 'conductive hydrogel', 'interfacial engineering', 'motion detection', 'human–machine interface'] 

TOP-K 70: ['copper-based hef catalysts', ['copper-based catalysts'], 'new hef reactors', 'hef technology', 'copper-based hef catalyst', 'iron-containing solid substrates', 'high catalytic oxidation ability', 'green hef catalysts', 'catalysts', 'hef research', 'different spatial positions', 'catalyst design', 'hot topic', 'iron-based catalyst', 'paper'] 

Reference 70: ['heterogeneous electro-fenton', 'copper-based catalyst', 'emerging pollutants', 'machine learning', 'heterogeneous electro-fenton reactor'] 

TOP-K 71: ['photothermal catalysis', ['light-assisted thermocatalysis'], 'light-driven thermal catalysis', ['heat-assisted photocatalysis'], 'green photocatalysis', ['light-driven thermocoupled catalysis'], 'catalytic mechanisms', 'exceptional photothermal catalysts', 'catalytic action', 'air pollutant treatment', 'current challenges', 'activation energy source', 'future research directions', 'eco-friendly approach', 'highlight potential research directions'] 

Reference 71: ['photothermal catalytic', 'air pollutants', 'light-assisted thermocatalysis', 'heat-assisted photocatalysis', 'light-driven thermocoupled catalysis'] 

TOP-K 72: ['uio-66-type mofs', 'uio-66 derivatives', 'uio-66', 'catalytic biomass conversion', 'catalytic conversion', 'catalytic conversions', 'biomass conversion', 'high porosity', 'catalytic mechanisms', 'catalyst design', 'furfuryl alcohol', 'preparation methods', ['catalytic performance'], 'tunable structures', 'biomass'] 

Reference 72: ['biochemical conversion', 'ui', 'o-66properties', 'catalytic performance'] 

TOP-K 73: [['anaerobic membrane bioreactors'], ['bioflocculants'], 'eco-friendly bioflocculants', 'bfs', 'mitigating membrane fouling', ['membrane fouling'], 'bioflocculantsin anmbrs', 'factors', 'potential cost-effectiveness', 'low toxicity', 'anmbrs', 'mechanisms', 'control', 'membrane', 'conventional methods'] 

Reference 73: ['anaerobic membrane bioreactors', 'membrane fouling', 'bioflocculant', 'membrane fouling mitigation'] 

TOP-K 74: ['tmcs', ['co-scr'], 'co-scr reaction', 'transition metal catalystsfor co-scr', 'co-based catalysts', 'catalyst design strategies', 'practical factorson co-scr', 'efficient tmcs', 'selective catalytic reduction', 'various catalysts', 'so2 concentrations', 'reaction mechanisms', 'structure-performance relationships', 'experimental results', 'reaction pathways'] 

Reference 74: ['co-scr', 'transition metal catalysts', 'nitrogen oxides', 'carbon monoxide', 'environmental catalysis'] 

TOP-K 75: ['organic chemical field', 'chemical synthesis', 'regioisomerism impact', 'all-nitrogen species', 'extreme high-energy chemistry', 'traditional chno', 'new mesoionic ring fragments', 'crystal engineering', 'energetic materials design', ['energetic materials'], 'material science', 'new energetic compounds', 'energetics field', 'powder modification techniques', 'functional compounds'] 

Reference 75: ['energetic materials', 'high-nitrogen heterocycle', 'computational design', 'explosive'] 

TOP-K 76: ['nitrile rubber', ['multifunctional flexible sensor'], 'tire structure deformation', 'double conductive network', 'flexible sensor', 'flexible sensors', 'multi-sensing capabilities', 'meeting harsh mechanical conditions', 'sensor sensitivity', 'high sensitivity', 'strong topological interconnection', 'inner temperature', 'spatial deformation', 'shear strength', 'significant challenge'] 

Reference 76: ['multifunctional flexible sensor', 'smart tire', 'non-destructive monitoring', 'synergistic conductive network'] 

TOP-K 77: ['organic-inorganic hybrid mxene material', 'high-performance mxene-based memristors', 'surface-modulated mxene', 'mxene', 'novel 2d nanomaterials', 'metal-analogous conductivity', 'ionotronic modification strategy', 'non-volatile memory', '2d sandwich heterojunction', 'memristor device', 'synergetic ionotronic property', 'robust memristor', 'robust memristor devices', 'rich surface functional groups', 'synergetic ionotronicproperty'] 

Reference 77: ['m', 'xene, memristor', 'surface engineering2d heterostructure', 'charge trapping', 'filamentary conduction'] 

TOP-K 78: ['htfsi-mta-tms electrolyte', 'aqueous electrolytes', 'proton batteries', 'reversible proton storage property', 'reversible proton storage ability', 'xoy-nb', 'excellent long-term cycling stability', 'distinctive high-voltage characteristics', 'favorable electrochemical stability', 'high-voltage proton batteries .2', 'limited electrochemical window', 'wide electrochemical window', 'first time', 'energy density', 'stable operating voltage window'] 

Reference 78: ['acid-alkali coordinated regulation', 'organic liquid electrolytes', 'high-voltage proton batteries', 'metallic oxide cathode', 'mo', 'o3'] 

TOP-K 79: ['ha-ktp/pspd/sirna delivery system', 'arg-2', 'arg-2 inhibition', 'di-aki', 'sirna-based approach', 'di-aki therapy', 'sirna delivery system', 'di-aki patients', 'arg-2 silencing', 'bioinformatics data', 'multifunctional gene delivery system', 'ktp modification', 'renal tubule selectivity', 'arg-2 expression', 'cationic polymer carrier'] 

Reference 79: ['acute kidney injury', 'nanoparticles', 'gene delivery', 'renal targeting', 'spermidine'] 

TOP-K 80: ['dc/cocoa', ['dark chocolate'], 'non-linear dose-response relationships', 'dose-response meta-analysis', 'significant non-linear dose-response relationships', ['oxidative stress'], ['cocoa'], 'studies', 'nitric oxide', 'systemic oxidative status', 'conclusions dc/cocoa', 'inflammation biomarkers', 'eligible cts', 'cocoa dosage', 'health benefits'] 

Reference 80: ['cocoa', 'dark chocolate', 'flavonoids', 'inflammation', 'oxidative stress', 'meta-analysis'] 

TOP-K 81: [['cognitive function'], 'neuropsychiatric symptoms', 'ad', 'ad patients', ['physical function'], 'functional independence', 'cochrane library', ['exercise'], 'ad individuals', 'exercise intervention', 'exercise interventions', 'china national knowledge infrastructure', 'methods srs', 'evidence', 'wanfang databases'] 

Reference 81: ['alzheimer’s disease', 'physical activity', 'exercise', 'cognitive function', 'physical function', 'evidence synthesis'] 

TOP-K 82: ['flaxseed supplementation', 'anthropometric indices', 'bmi', 'moderate-certainty evidence', ['obesity indices'], 'body weight', 'studies', 'anti-obesity agent', 'various clinical trials', 'heavy metals', 'adjuvant therapy', 'wc results', ['meta-analysis'], ['systematic review'], 'grade evaluation'] 

Reference 82: ['flaxseed', 'linum usitatissimum', 'obesity indices', 'systematic review', 'meta-analysis'] 

TOP-K 83: [['chamomile'], 'chamomileon sleep', 'sleep quality', 'sleep', 'clinical trials', 'sleep efficiency', 'studies', 'effects', 'passive surveillance', 'study', 'adverse events', 'conclusion chamomile', 'blinding success', 'adverse effects', 'diseased adults'] 

Reference 83: ['insomnia', 'sleep initiation and maintenance disorders', 'chamomile', 'matricaria chamomilla', 'traditional persian medicine', 'integrative medicine', 'meta-analysis'] 

TOP-K 84: [['hibiscus sabdariffa'], 'hibiscus sabdariffa linn', 'h', 'sabdariffa linn', 'sabdariffa extract', 'obesity treatment', ['obesity'], 'first study', 'clinical benefit', 'pooled effects', 'several studies', 'safety concern'] 

Reference 84: ['hibiscus sabdariffa', 'roselle', 'sour tea', 'obesity', 'overweight'] 

TOP-K 85: [['tuina'], 'chronic pain management', ['chronic pain'], 'future research directions', 'current state', ['bibliometric analysis'], 'therapeutic intervention', 'annual publications', 'utilization', 'science core collection', 'comprehensive understanding', 'frontier trends', 'number', 'methods publications'] 

Reference 85: ['tuina', 'chronic pain', 'bibliometric analysis', 'co-citation analysis'] 

TOP-K 86: ['post-void residual volume', 'medand medphparticipants', 'subjective sleep quality', 'medph', 'med group', 'usg kub parameters', 'ipss score', 'medph group', 'intermittency', 'ipss scoresin', 'sleep onset', 'chakra intensity', 'groups', 'significant improvements', 'incomplete bladder'] 

Reference 86: ['biofieldchakra', 'integrative medicineprana', 'quality of life'] 

TOP-K 87: [['acupuncture'], 'research hotspots', 'acupuncture treatment', 'post-stroke depression', 'psd', 'psd-related research', 'psd symptoms', 'pivotal areas', 'acupuncture research', 'hotspots', 'current landscape', 'stroke prognosis', 'first bibliometric analysis', 'global trends', 'multifaceted insights'] 

Reference 87: ['acupuncture', 'post stroke depression', 'bibliometric analysis', 'vo', 'sviewer', 'research direction'] 

TOP-K 88: ['anthroposophic remedies', 'supportive anthroposophic therapies', 'bryonia/spongia comp', 'integrative-anthroposophic guideline', 'larynx/apis comp', ['pseudocroup'], 'anthroposophic remediesas', 'consensus-based guideline', 'practical recommendations', 'chest embrocation', 'supportive treatment', 'general interventions', 'inpatient settings', 'lavender oil', 'pseudocroup.purpose supportive anthroposophic therapies'] 

Reference 88: ['delphi process', 'pseudocroup', 'croup', 'anthroposophic medicine', 'bryonia/spongia comp.larynx/apis comp'] 

TOP-K 89: ['tn', 'tn treatment', 'bristol stool form scale', 'cleveland clinic score', 'fc', ['functional constipation'], 'mc treatment', 'tn group', 'constipation symptom', 'mosapride citrategroup', 'secondary outcome measures', 'shallow needling', 'needle sensation', 'prolonged retention', 'patients'] 

Reference 89: ['thumbtack needling', 'functional constipation', 'pragmatic clinical trial', 'randomized controlled trial'] 

TOP-K 90: ['anthracycline-induced cardiotoxicity', ['shenmai injection'], 'shenmai injection therapy', 'cardiac toxicity', 'methodological robustness', 'thorough supplementary materials', 'classic herbal prescription', 'clinical trial registries', 'clinical decision-making', 'extant international guidelines', 'treatment', 'anthracycline-induced cardiotoxicity.objective shenmai injection', 'controlled trials', 'present study', ['safety']] 

Reference 90: ['shenmai injection', 'anthracycline', 'cardiotoxicity', 'efficacy', 'safety'] 

TOP-K 91: [['music therapy'], ['ophthalmic surgery'], 'ophthalmic procedures', 'ophthalmic surgery patients', 'patient well-being', 'visual analogue scale', 'high anxiety levels', 'diastolic blood pressure', 'intraoperative pain levels', 'patients', ['pain'], ['anxiety'], 'vital signs', 'i2', 'positive effect'] 

Reference 91: ['music therapy', 'ophthalmic surgery', 'cataract surgery', 'intravitreal injection', 'anxiety', 'pain', 'meta-analysis'] 

TOP-K 92: ['transcutaneous electrical acupoint stimulation', ['hemifacial spasm'], 'teas', 'mvd', 'sham control', 'transcutaneous electrical acupoint', ['dizziness'], 'microvascular decompressionsurgery', 'dizziness rate', 'surgery', 'patient recovery', 'potential efficacy', 'adult patients', '10-point scale', 'daily practice'] 

Reference 92: ['acupuncture', 'dizziness', 'hemifacial spasm', 'microvascular decompression'] 

TOP-K 93: [['auriculotherapy'], ['depression'], 'sham group', 'sham groups', 'vaccaria seeds', 'elderly people', 'non-invasive complementary therapy', 'master cerebral points', 'study', 'appropriate interventions', 'depression scores', 'specific points', 'adhesive tape', 'effects', 'controlled clinical trial'] 

Reference 93: ['auriculotherapy', 'ear acupressure', 'depression', 'older adulthood'] 

TOP-K 94: [['traditional thai massage'], 'fatigue recovery', ['muscle fatigue'], 'traditional thai massageon', 'electromyography signal', 'gastrocnemius muscle', 'heel-raise exercise', 'fatigue-related parameters', 'fatigue-inducement protocol', 'beforeand afterthe fatigue-inducement protocol', 'outcome measures', 'control condition', 'recovery', 'effective intervention', 'conclusion ttm'] 

Reference 94: ['traditional thai massage', 'muscle fatigue', 'stretching', 'muscle power', 'electromyography'] 

TOP-K 95: ['remote mindfulness self-management course', 'remote mindfulness', 'self-management', 'mindfulness', 'mindfulness courses', 'self-management behaviours', 'stress management', 'self-management intervention', 'mixed-methods study', 'diabetes', 'minimal qualitative data', 'remote delivery', 'qualitative findings', 'main themes', 'individuals'] 

Reference 95: ['remote mindfulness intervention for type 2 diabetes self-management', 'qualitative research type 2 diabetes', 'self-management of type 2 diabetes', 'self-efficacy and type 2 diabetes self-management'] 

TOP-K 96: [['antihypertensive drugs'], 'systolic blood pressure', 'systolic blood pressureand triglycerides', ['herbs'], 'triglycerides chinese herbal medicine', 'hypertensive patients', 'overall blood pressure management', 'different herb regimes', 'random model effects meta-analysis', 'placebo group', 'herbs meta-analysis', ['blood pressure'], 'revman manager', 'lipid profile outcomes', 'intervention group'] 

Reference 96: ['blood pressure', 'triglycerides', 'haemoglobin', 'obesity', 'hypertension', 'complementary', 'herbs', 'antihypertensive drug'] 

TOP-K 97: ['pa protocols', 'pa', 'aerobic pa protocol', 'ms', 'non-pharmaceutical interventions', 'ms patients', 'inflammatory status', ['multiple sclerosis'], 'low-grade inflammation', 'ms subjects', 'side effects', 'immune response', ['complementary therapy'], 'known side effects', 'main aim'] 

Reference 97: ['inflammation', 'multiple sclerosis', 'physical activity', 'complementary therapies', 'tertiary prevention'] 

TOP-K 98: ['tcmi-abc', 'tcmi-abc product', 'ami', 'rcts', 'insufficient tcmi-abc purity/potency', 'in-hospital mortality', 'malignant arrhythmia', 'tcm products', 'china', 'conventional western medicine', 'conclusion tcmi-abc', 'meta-analysis', 'methodological weaknesses', 'conventional western medicine treatment', 'mortality'] 

Reference 98: ['acute myocardial infarction', 'traditional chinese medicine', 'traditional chinese medicine injections', 'systematic review'] 

TOP-K 99: ['musculoskeletal changes', 'somatic dysfunctions', 'therapeutic whole-body approach', 'neurophysiological correlates', 'omt', 'biological effects', 'several body systems', 'research', 'clinical implications', 'clinical practice', 'biological responses', 'purpose osteopathic manipulative treatmentis', 'musculoskeletal changes.background', 'specific contribution', 'robust research'] 

Reference 99: ['osteopathic manipulative treatment', 'biological', 'review', 'manual therapy'] 

TOP-K 100: ['novel hybrid auxetic foam', 'hybrid auxetic foam', 'exceptional energy dissipation performance', 'advanced auxetic materials', 'hybrid auxetic materials', 'self-healing properties', 'haf', 'self-healing property', 'shear thickening properties', 'gelwith auxetic polyurethane foam', 'different stg content', 'auxetic cell structures', 'stg content', 'synergistic effect', 'high performance'] 

Reference 100: ['auxetic foam', 'shear thickening gel', 'impact protection', 'self-healing'] 

TOP-K 101: ['battery thermal regulation materials', 'battery thermal management', ['thermochromic microcapsules'], 'cu2o', 'stc composites', 'thermal management materials', 'excellent reversible thermochromic capacities', 'composites', 'photothermal conversion', 'thermal conductivity', 'maximum surface temperature', 'different contents', 'significant potential', 'red transformation', 'effective route'] 

Reference 101: ['flexible composites', 'multifunctional properties', 'polymer-matrix composites', 'thermochromic microcapsules'] 

TOP-K 102: ['pla-based plastics', 'pla-based composites', 'cotton stalk fibers', 'pla', 'csf', 'traditional plastics', 'plant fibers', 'pla-based composite', 'high impact resistance', 'polypropyleneas raw materials', 'novel composites', 'cost-effective applications', 'limited thermal stability', 'semi-crystalline polymers', 'exceptional impact resistance'] 

Reference 102: ['natural fibre composites', 'polylactic acid', 'impact behaviour', 'injection molding', 'crystallization control'] 

TOP-K 103: ['3d braided composites', 'micro-computed tomographyscanning', 'trans-scale damage analysis', 'unsupervised machine learning method', 'porosity', 'trans-scale damage model', 'trans-scale modelling', 'experimental data', 'real multiscale structure', ['mechanical properties'], 'progressive damage analysis', 'geometric data', 'clustering data', 'modulus', 'damage modes'] 

Reference 103: ['braided composites', 'multiscale modeling', 'defects', 'mechanical properties', 'damage mechanics'] 

TOP-K 104: ['temperature-dependent interlaminar fracture toughness', 'electromagnetic hopkinson bar', 'unidirectional composite laminates', 'mode', 'dual electromagnetic hopkinson bar', ['fracture toughness'], 'experimental results', 'dynamic dcb tests', 'rate-dependent fracture toughness', 'temperature', 'pure mode', 'dynamic tests', 'failure mechanism', 'analytical model', 'rate dependency'] 

Reference 104: ['polymer-matrix composites', 'fracture toughness', 'high-temperature properties', 'impact behavior', 'fractography'] 

TOP-K 105: ['cnw@n-al2o3 nano hybrids', 'cnw@n-al2o3 hybrids', 'micro-nano-multi-level hybrid network structure', 'cnw@n-al2o3', 'electrostatic self-assembly method', 'facile electrostatic self-assembly method', 'cnw', 'low interfacial thermal resistance', 'interfacial heat transfer problems', 'conductive rubber composites', 'rubber composites', 'micrometer aluminato silicone rubber', 'pdms composite', 'nano-aluminaonto carbon nanotube whiskersand', ['electrical insulation']] 

Reference 105: ['carbon nanotube whisker', 'alumina', 'thermal conductivity', 'electric insulation', 'silicone rubber composites'] 

TOP-K 106: [['checkerboard-shaped lay-up design'], 'checkerboard lay-up design', 'checkerboard-shaped design', ['aramid plain-woven fabrics'], 'novel ballistic composites', 'checkerboard-shaped polycarbonatefilms', 'ballistic tests', 'ballistic performances', 'aramid fabric regions', 'tensile failure', 'full-coverage lay-up design', 'fe model', 'pc regions', 'full-converge design', 'shear/tensile failures'] 

Reference 106: ['ballistic composites', 'checkerboard-shaped lay-up design', 'polycarbonate', 'aramid plain-woven fabric', 'ballistic mechanisms'] 

TOP-K 107: ['mxene sedimentas filler', 'spva-based composite films', 'spva/mms multilayered composite film', 'spva', 'multifunctional polymeric materials', ['syndiotacticity-rich poly'], 'spva/mms multilayered film', 'mxene sedimentis', 'outstanding in-plane thermal conductivity', 'spva layer', 'mms layer', 'composite films', 'flexible composite film', 'electronic devices', ['multilayered composite film']] 

Reference 107: ['multilayered composite films', 'syndiotacticity-rich poly', 'm', 'xene sediment', 'electromagnetic interference shielding', 'thermal conductivity'] 

TOP-K 108: ['styrene-butadiene-vinyl-pyridine latex', 'pa66 fiber/rubber composites', 'current two-step rf-free systems', ['pa66 fibers'], 'high interfacial adhesion performance', 'rfl system', ['pa66 fiber'], 'traditional rfl system', 'high interfacial bonding performance', 'epoxy groups/isocyanate groups', 'interfacial adhesion performance', 'pa66', 'equal interfacial adhesion', 'polyacrylic acid resin', 'isocyanate'] 

Reference 108: ['pa66 fiber', 'environmentally friendly', 'dipping treatment', 'interfacial adhesion', 'adhesion mechanism'] 

TOP-K 109: ['phenolic hydroxyls', 'kraft softwood lignin', 'phenolic hydroxyl content', '3d printing', 'phenolic structures', 'lignin composite properties', 'interfacial adhesion', 'molten dynamic modulus', 'future lignin composite research', 'libr/hbr demethylation procedure', 'poor interfacial adhesion', 'many lignin-polymer pairs', 'tensile properties', 'hydrogen bonding interactions', 'rheological analysis'] 

Reference 109: ['fused depositional modeling', 'lignin polymer composites', 'structure-property relationship'] 

TOP-K 110: ['mxene/al2o3p/epoxy composites', 'mxene porous microspheres', 'facile vortex flow technique', '3d-arranged al2o3 platelets', 'multi-interfacial conductive structures', 'multi-interfacial conductive networks', 'al2o3 plateletswith shell-like arrangement', 'epoxy composites', 'emi', 'electrical insulation', 'thermal conductivity paths', 'facile strategy', 'electron transfer', 'epoxy resin', 'epoxy matrix'] 

Reference 110: ['polymer-matrix composites', 'transport properties', 'electromagnetic interference shielding', 'electrical properties', 'isolated networks'] 

TOP-K 111: [['bayesian optimization'], '3d fe thermal analysis', 'convective film coefficient', 'synthetic surface thermal images', 'thermal heat transfer parameters', 'thermal images', 'self-heating thermal profile', '3d parameters', 'numerical thermal analysis', ['ir images'], 'ct scanning', 'bo', 'synthetic ir image', 'total work loss', 'loss function'] 

Reference 111: ['bayesian optimization', 'glass/epoxy composites fatigue testing', 'thermal properties', 'ir imaging'] 

TOP-K 112: ['next-generation wearable devices', 'room-temperature self-healing composite fibers', 'reversible chemical networks', ['self-healing'], 'room-temperature self-healing sheath-core', ['sheath-core structures'], 'electroless silver-plating approach', 'composite fibers', 'human-machine interface', 'ultralow ag loadings', 'personal thermal management', 'human motion detection', 'artificial intelligence', 'smart robots', 'polymerization modification'] 

Reference 112: ['strain sensing', 'joule heating', 'sheath-core structures', 'self-healing'] 

TOP-K 113: ['bio-inspired fractal energy-absorbing structures', 'bio-inspired fractal structures', 'biomimetic fractal design', 'energy absorption mechanisms', '3d printing technique', 'snake-like serpentine', 'sub-circle sets', 'composite sandwich structures', 'basic geometry units', 'nonlinear mechanical responses', 'self-similar carbon fiber', 'hierarchical fractal structures', 'hierarchical self-similar structures', 'composite materials', 'fundamental shape units'] 

Reference 113: ['polymer-matrix composites3d printing', 'mechanical properties', 'finite element analysis', 'bio-inspired structures'] 

TOP-K 114: ['soft-rigid-soft structural interface layer', 'cfrp toughness', 'cfrp strength', 'carbon fiber-reinforced polymersare', 'palm tree', 'toughness', 'various fields', 'multi-scale structure.the high strength', 'detailed design', 'main requirements'] 

Reference 114: ['carbon fiber', 'carbon nanotubes', 'polymers', 'interface', 'fracture toughness'] 

TOP-K 115: ['amphiphilic catalyst', ['c-n bond'], 'selective c-n bond cleavage', 'ep degradation', 'new polyurethane', 'carbon fiber', 'ep composites', 'amine-cured epoxy resinis', 'selective cleavage', 'service-life-expired carbon fiber', 'wind power blades', 'degradation mechanism', 'sustainable recycling', 'good mechanical properties', 'resin product'] 

Reference 115: ['amine-cured epoxy resin', 'recycling', 'degradation', 'dodecylbenzene sulfonic acid', 'c-n bond'] 

TOP-K 116: ['ppy/go composites', 'ppy/rgo composites', 'magnetic materials', 'ema properties', 'ema performance', 'conductive polymer', 'ppy', 'unreduced sample', 'polymerization', 'high electrical conductivity', 'ema field', 'thermal reduction', 'excellent absorption performance', 'dielectric properties', 'low reduction temperature'] 

Reference 116: ['graphene oxide', 'polypyrrole', 'electromagnetic absorption', 'dielectric loss'] 

TOP-K 117: ['machine-learning-assisted multiscale modeling strategy', ['cfrps'], 'molecular dynamics simulation', 'ml-based multiscale approach', 'low-computational-cost machine learningmodels', 'ml model', 'trial-and-error methods', 'viable machine-learning-assisted solution', 'design parameter space', 'traditional finite element', ['mechanical properties'], 'resin molecules', 'traditional theoretical models', 'complex relationship', 'strategy'] 

Reference 117: ['machine learning', 'multiscale modeling', 'mechanical properties', 'resins', 'cfrps'] 

TOP-K 118: ['inorganic ceramic fillers', 'dielectric nanocomposites', 'inorganic nanofillers', 'multilayer structure design', 'eb', 'finite element method', 'trilayer structured design', 'electric field distribution', 'optimal ud', 'recent years', 'mechanical properties', 'mv', 'power systems', 'efficient way', 'j cm −'] 

Reference 118: ['trilayer structured nanocomposite', 'bnkt-ssn n', 'ps', 'breakdown strength', 'energy storage'] 

TOP-K 119: ['cnts/wpu aerogel', 'heterostructured composite foam', 'ag conductive network', '3d ag network', 'emi', 'composite foam', 'conductive network', 'porous sponge', 'tunable emi', 'excellent reversible compressibility', 'material', 'single foam', 'high temperature', 'controllable tuning', 'various deformations'] 

Reference 119: ['multifunctional composites', 'smart materials', 'mechanical properties'] 

TOP-K 120: ['wetland hydrologic stress', 'wetland hydrologic risk', 'ecologically-relevant wetland hydrologic metrics', 'satellite data', 'wetlands', 'wetland water regimes', 'stress', 'stress indices', 'transferable approach', 'natural variability', 'novel approach', 'stress index', 'large scales', 'widespread evidence', 'magnitude'] 

Reference 120: ['wetland hydrology', 'hydrologic stress', 'climate change'] 

TOP-K 121: ['lake shrinkage', ['inner mongolia plateau'], ['climate change'], ['anthropogenic activities'], 'current natural climatic conditions', 'precipitation intensity', 'inner mongolian plateau', ['lakes'], 'human activities', 'lake areas', 'rf methods', 'water resources survey information', 'meteorological stations', 'significant temporal variability', 'study'] 

Reference 121: ['anthropogenic activities', 'climate change', 'ecological restoration', 'inner mongolia plateau', 'lake'] 

TOP-K 122: [['historical orthophotographs'], 'time', 'glcm texture indices', ['landscape ecology'], 'historical landscape features', ['time lag'], 'landscape composition', 'urban landscapes', 'past landscape conditions', 'biodiversity indices', 'sustainable urban planning efforts', 'white orthophotographs', 'texture indices', 'high vegetation areas', 'community responses'] 

Reference 122: ['ecological communities', 'extinction debt', 'gray level co-occurrence matrix', 'historical orthophotographs', 'landscape ecology', 'time lags', 'urban ecology'] 

TOP-K 123: [['yangtze river economic belt'], 'regional npp', ['npp'], ['climatic factors'], 'environmental factors', 'npp changes', 'economic development', 'climate change mitigation efforts', 'global change', 'annual npp', 'topographic factors', 'study area', 'primary climatic driver', 'p', 'yreb'] 

Reference 123: ['npp', 'spatiotemporal variation', 'response', 'climatic factor', 'yangtze river economic belt'] 

TOP-K 124: ['eucalyptus monocultures', 'forest chlorophyll concentration', '3d rt simulations', 'climate change', 'chlorophyll concentration retrieval', 'chlorophyll estimation', 'leaf area index disturbance', 'chlorophyll levels', 'radiative transfer models', 'soil backgrounds', 'different chlorophyll content', 'leaf area indexdisturbance', 'spectral information', 'judicious utilization', 'vegetation canopy structure'] 

Reference 124: ['vegetation indices', 'chlorophyll concentration', 'saturation effect3-d radiative transfer model'] 

TOP-K 125: ['benthic habitat conditions', 'habitat condition assessment', 'cross-ecosystem standardised indicator framework', 'habitat condition', 'simple evidence-based monitoring', 'literature review', 'metric flexibility', 'indicator framework', 'condition indicators', 'estuarine habitats', 'technical group meetings', 'key habitats', 'key pressures', 'subject matter experts', 'comparable habitat condition assessments'] 

Reference 125: ['ecological monitoring', 'management intervention', 'stakeholders engagement', 'framework development', 'rapid assessment'] 

TOP-K 126: ['tidal-basin regions', 'compound-flooding events', 'taipei city', 'compound flooding', 'storm-surge forecasts', 'new taipei city', 'storm tides', 'easy-to-use empirical formula', 'conventional rainfall-based thresholds', 'heavy rainfall', 'rainfall', 'copula-based analysis', 'compound-flooding formula', 'reliable flood warnings', 'promising preliminary results'] 

Reference 126: ['compound-flooding threshold', 'coastal urban flooding', 'copula analysis', 'flood warning'] 

TOP-K 127: ['microplastics', 'white stork nest material', 'mcs', 'microplasticsin nests', 'coarse plastic debris', 'nicolet in10 ftir microscope', 'nesting material', 'nests', 'ne poland', 'microplastics amount', 'meadow coverage', 'environmental characteristics', 'land cover', 'numerous bird species', 'nests material samples'] 

Reference 127: ['agriculture', 'environmental pollution', 'ftir'] 

TOP-K 128: [['urban agglomerations'], 'refined city-level heterogeneous effects', 'rapid urbanization', 'yangtze river', 'carbon inequalities', 'key factors', 'spatial decomposition analysis', ['carbon emissions'], 'distant urban agglomerations', 'economic development', 'multi-scale carbon inequalities', 'reduction responsibilities', 'regional emissions', 'large inequalities', 'energy intensity'] 

Reference 128: ['carbon emissions', 'city-level carbon inequality', 'mean logarithmic deviation-index decomposition analysis', 'urban agglomerations', 'yangtze river economic belt'] 

TOP-K 129: ['community stability', 'plant community stability', 'soil-related factors', 'plant-related factors', 'soil factors', 'light grazing', 'plant factors', ['grazing intensity'], 'plant communities', 'heavy grazing', 'factors', 'grazing intensity treatment', 'spec-occu plot', 'plant species', ['indicator species']] 

Reference 129: ['grazing intensity', 'average variation degree', 'cohesion index', 'indicator species', 'driving factors', 'alpine meadow'] 

TOP-K 130: [['riverine wetland'], ['riverine wetlands'], 'riverine urban agglomerations', 'riverine wetland distribution', 'pressure-state-response model', 'urbanization', 'wetland ecosystem health', 'climate change', 'powerful eco-hydrological regulations', 'riverine wetlands landscape', 'disturbed riverine wetland', 'two-stagecomparative research', 'object-oriented cart model', 'human activities', 'high-resolution identification'] 

Reference 130: ['riverine wetland', 'urban agglomerations', 'cart', 'landscape index', 'p-s-r model'] 

TOP-K 131: ['artificial ecosystem surfaces', 'hfi', ['ecosystem surfaces'], ['ecosystem surface'], 'different ecosystem surfaces', 'high gdp', 'ecosystem surfaces gdp', 'economic development', 'urban centers', 'different ecological uses', 'ecological balance', 'main factors', 'new classification', 'frequent human activities', 'overall identification accuracy'] 

Reference 131: ['ecosystem surface', 'human footprint index', 'habitat quality', 'multi-factor knowledge', 'tree cover'] 

TOP-K 132: ['marine-terrestrial gradient', ['water conservation'], 'ecosystem water conservation', 'water conservation capacity', 'evergreen coniferous forests', 'high-value areas', 'natural factors', 'socio-economic determinants', 'southwest coastal areas', 'coastal areas', 'ecological vulnerability', 'pearl river delta', 'coastal ecosystems', 'coastal zones', 'north'] 

Reference 132: ['water conservation', 'ecosystem services', 'spatiotemporal changes', 'coastal regions'] 

TOP-K 133: [['sheep grazing'], 'livestock pastures', 'bee', ['wild bees'], 'native forb/legume/grass', 'bees', 'livestock pasture systems', 'non-grazed plots', 'livestock pasture', 'strategic pasture management', 'warm season grasses', 'native forages', 'insects', 'diverse communities', 'plots'] 

Reference 133: ['pasture management', 'biodiversity', 'wild bees', 'species richness', 'pollinators', 'sheep grazing'] 

TOP-K 134: [['ecosystem stability'], 'agro-pastoral transitional zone', 'high spatial heterogeneity', 'ecosystem stability indicators', 'socioeconomic factors', 'significant spatial heterogeneity', 'human activities', 'cropland ecosystems', 'forest ecosystems', 'adaptive ecosystem management', 'grassland ecosystems', ['resilience'], 'stability', 'climate change perturbations', 'multiple ecosystem services'] 

Reference 134: ['resistance', 'resilience', 'ecosystem stability', 'influencing factors', 'land use/land cover', 'the agro- pastoral transitional zone'] 

TOP-K 135: [['climate change'], 'planning-scale flood risk assessment', 'hong kong', 'flood risk assessment', 'flood risk', 'large-scale climate changes', 'flood risk management', 'urban planning', 'ultra-high-density cities', 'flood risks', 'inter-urban areas', 'flood risk indexin', 'coastal areas', 'impacts', 'planning scale'] 

Reference 135: ['urban flood', 'risk assessment', 'climate change', 'high-density city', 'urban vulnerability', 'planning units'] 

TOP-K 136: ['soil sulfur biogeochemical cycling', ['saline-sodic wasteland'], 'long-term paddy cultivation', ['sulfur bioavailability'], 'inorganic sulfur adsorption', 'long-term paddy field cultivation', 'northeastern saline-sodic wasteland', 'long-term saline-sodic paddy fields', 'organic amendments', 'structural soil enhancements', 'salinization amelioration', 'inorganic sulfur fractions', 'chinese soil', 'sulfur', 'soil mineralization'] 

Reference 136: ['saline-sodic wasteland', 'rice cultivation', 'sulfur bioavailability', 'soil salinization reduction'] 

TOP-K 137: [['passive acoustic monitoring'], 'marbled murrelet', 'marbled murrelets', 'marbled murrelet research', 'typical detection/non-detection data', 'cryptic species', 'pam', 'pnw-cnet predictions', 'forest nesting bird species', 'machine learning algorithms', 'entire forest landscapes', 'convolutional neural networkto', 'spatiotemporal patterns', 'powerful tools', 'potential path'] 

Reference 137: ['bioacoustics', 'convolutional neural network', 'brachyramphus marmoratus', 'machine learning', 'passive acoustic monitoring'] 

TOP-K 138: ['wutu village', 'rural housing-industry transformation', 'rural housing-industry transformation process', 'housing-industry transformation development', 'complex adaptability system theory', 'tgra', 'complex adaptability system model', 'rural transformation', 'housing-industry environment', 'case study area', 'rural revitalization path', 'evolution', 'housing-industry effect', 'microscopic perspective', 'stage characteristics'] 

Reference 138: ['housing-industry transformation', 'sustainable rural development', 'complex adaptive system', 'revitalization path', 'three gorges reservoir area'] 

TOP-K 139: ['tanning shavings', ['granulates'], ['granules'], 'granulated waste', 'new materials', 'agricultural materials', 'physico-mechanical properties', 'soil', 'plant stimulation', 'physical-mechanical properties', 'environmental impact', 'correlation coefficients r', 'stimulation/inhibition index', 'shavings', 'constructionand agricultural areas'] 

Reference 139: ['granulates', 'disc granulation', 'protein waste', 'enzyme activity', 'phytotoxicity'] 

TOP-K 140: ['co-creation methodologies', 'knowledge co-creation processes', 'participatory methods', 'regional economic activities', 'stakeholder inclusion', 'saint-philippe municipality', 'tiered approach', 'co-creation approach', 'comprehensive ces assessment', 'ces', 'ces features', 'reunion island', 'local communities', 'participatory approach', 'réunion island'] 

Reference 140: ['pgis', 'socio-cultural assessment', 'coastal communities', 'island', 'outermost regions'] 

TOP-K 141: ['es connectivity', 'wetlands', 'es', 'wetland-based es', 'functional connectivity zones', 'natural habitats', 'soil erosion control', 'es interactions hotspots', 'pollination', 'agricultural food production', 'sustainable ecosystem service enhancement', 'critical connectivity zones', ['landscape'], 'connectivity zones', 'agricultural landscapes'] 

Reference 141: ['ecosystem services', 'functional connectivity', 'spatial modeling', 'aries', 'in', 'vest', 'network analysis', 'landscape', 'land use'] 

TOP-K 142: ['flood mitigation ecosystem service', 'mechanistic models', 'mechanistic modeling method', ['flood mitigation service'], 'ecosystem service flows', 'nandu basin flood event', 'ecosystem services', 'hydrodynamic models', 'flood disasters', 'flood events', 'model selection.flood mitigation service', 'case study', 'coupling', 'service flows', 'study'] 

Reference 142: ['flood mitigation service', 'flood peak flow', 'flood volume', 'flood inundation area', 'hydrologic simulation program fortran', 'environmental fluid dynamics code'] 

TOP-K 143: ['climate change', 'south-eastern regions', 'es', 'climate change impacts', 'austria', 'cultural es', 'land use/cover-based approach', 'climatic changes', ['spatial patterns'], 'western mountain regions', 'mitigation measures', 'ecosystem servicesin austria', 'different governance levels', 'south-eastern parts', 'spatial analysis'] 

Reference 143: ['global warming', 'nature’s contributions to people', 'biogeographical regions', 'spatial patterns', 'mapping', 'mountain regions'] 

TOP-K 144: ['ecosystem services', 'ei', 'ecological infrastructureis', 'biodiversity features', 'systematic conservation planning', 'biodiversity-based scp', 'conservation planning', 'ecosystem servicesin scp', 'planning', ['equitable access'], 'conservation plans', 'benefits', 'costly prioritisations', 'spatial representation', 'overall benefits'] 

Reference 144: ['ecological infrastructure', 'spatial prioritisation', 'scenario planning', 'marxan', 'equitable access', 'recreation', 'coastal protection'] 

TOP-K 145: ['water quality-related ecosystem services', 'water quality', 'interdependent es', ['floodplains'], 'es', ['ecosystem services'], 'wastewater pressure', 'pressures', 'collaborative learning', 'management strategies', 'different pressures', 'complex floodplain ecosystem', 'case study', 'effective decision-making', 'fuzzy cognitive mapping'] 

Reference 145: ['ecosystem services', 'fuzzy-cognitive modeling and mapping', 'spatial visualization', 'stakeholders’ perspective', 'floodplains', 'koviljsko-petrovaradinski rit'] 

TOP-K 146: ['large land-use changes', 'land-cover elasticity', 'ecosystem services', 'ecosystem service value', 'ecosystem service values', 'endogenous value coefficients', 'natural capital', 'unit value transfer', 'land cover', 'scalelulc changes', 'popular bt approaches', 'constant ecosystem service values', 'lulc type', 'changes', 'land cover area'] 

Reference 146: ['endogenous ecosystem service value coefficients', 'unit value benefit transfer', 'environmental valuation', 'scarcity', 'inverse demand functions', 'land use change'] 

TOP-K 147: ['sheep grazing', 'ecosystem service benefits', 'uk', 'upland areas', 'uk forestry policy', 'woodlands', ['ecosystem services'], 'livestock production', 'ecosystem service benefits landscapes', 'current upland land-use', 'local stakeholder involvement', 'new woodlands', 'km2 cumbrianupland landscape', 'agri-environment schemes', 'local stakeholders'] 

Reference 147: ['ecosystem services', 'woodland creation', 'landscape', 'uplands', 'afforestation'] 

TOP-K 148: ['marine wetland ecosystems', 'wetland ecosystems', 'marine ecosystems', 'marine wetland', 'wetland valuations', 'state-of-the-art methodologies', 'contemporary state-of-the-art guidelines', 'benefits transfer studies', 'valuation studies', 'stated preference methods', 'empirical research agenda', 'sids', 'valuation literature', 'valuation research', 'study'] 

Reference 148: ['ecosystem services', 'state-of-the-art guidelines', 'small island developing states', 'validity and reliability'] 

TOP-K 149: ['ecosystem services', 'climate change adaptation', ['critical ecological assets'], 'human well-being', ['critical ecological asset'], 'key words', 'services', 'socio-economic systems', 'future generations', 'climate changes', 'assessment', 'current applications', 'national boundaries', 'ecosystem servicesare', 'important environmental metrics'] 

Reference 149: ['rainfall pattern regulation', 'biomimicry', 'zoonotic disease control', 'critical ecological asset'] 

TOP-K 150: ['cultural landscape services', 'landscape aesthetics', 'nfp clss', 'clss', 'positive sentiments', 'landscape servicesin nfps', 'spiritual practices', 'positive experiences', 'various cls features', 'physical activities', 'explainable machine learning', 'visitors', 'sentiments', 'principal cls features', 'cultural heritage'] 

Reference 150: ['landscape services', 'social media', 'natural language processing', 'machine learning', 'decision tree'] 

TOP-K 151: ['agri-environmental climate measures', 'agri-environmental measures', 'agricultural practices', 'linear landscape elements', 'linear elements', 'cultural es', 'cultural es supply', 'es supply', 'multiple ess', 'several agricultural practices', ['field margins'], 'climate regulation', 'habitat maintenance', 'modelling changes', 'cultural ess.linear landscape elements'] 

Reference 151: ['agri-environmental schemes', 'field margins', 'buffer strips', 'agricultural practices, modelling', 'scenarios'] 

TOP-K 152: ['i-tree eco tool', ['i-tree eco'], 'mitigating air pollution', 'trees', 'tree inventory data', 'high-resolution data', 'available landsat satellite images', 'tree inventory', 'global south', 'polluted regions', 'air emissions', 'global north', ['ecosystem service'], 'relevant data', 'ecosystem units'] 

Reference 152: ['i-tree eco', 'remote sensing', 'pollution removal', 'carbon sequestration', 'ecosystem services'] 

TOP-K 153: ['human-nature interdependency', ['ecosystem services flows'], 'es flows', 'local-scale field evidence data', 'es conservation', 'distance-dependent es', 'ecosystems', 'landscape planning', 'key ecosystem variables', 'ecosystem characteristics', 'field data', 'spatial connectivity', 'ecosystem patches', 'non-linear effects', 'spatial linkages'] 

Reference 153: ['church forests', 'wetlands', 'remote sensing', 'ecosystem service flows', 'gam', 'ms', 'spatial decay'] 

TOP-K 154: [['ecosystem services'], 'peri-urban landscapes', 'north-east green belt', 'green belts', 'green belt policies', 'green belt policy', 'urban edge areas', 'green belt zones', 'ecosystem service multifunctionality', 'ecosystem service supply', ['multifunctionality'], 'trade-offs', 'overall multifunctionality', 'individual ecosystem services', 'nature'] 

Reference 154: ['landscape planning', 'multifunctionality', 'planning policy', 'ecosystem services', 'in', 'vest', 'peri-urban'] 

TOP-K 155: ['individual conservation preferences', 'attitudinal measures', ['conservation preferences'], 'non-use values', 'community-based conservation program', 'proxy conservation preferences', 'long-term positive conservation outcomes', 'positive conservation policy outcomes', 'northeastern namibia', 'experimental donation tasks', 'northern namibia', 'behavioral measures', 'case study', 'non-monetary drivers', 'contingent valuation method'] 

Reference 155: ['conservation preferences', 'conservation policy', 'donations', 'contingent valuation', 'deliberative monetary valuation', 'hypothetical bias'] 

TOP-K 156: ['es co-production', 'es', 'aquatic es', 'trade-offs', 'social-ecological process', 'argument analysis methodology', 'kemi river basin', 'biodiversity', 'legal arguments', ['arguments'], 'anthropogenic contributions', 'stakeholder argumentation', 'es valuation', 'specific es', 'long-standing dispute'] 

Reference 156: ['ecosystem services co-production', 'aquatic ecosystem services', 'arguments', 'hydropower', 'nature’s contributions to people'] 

TOP-K 157: ['mesopelagic fishes', 'mesopelagic layer', 'mesopelagic ecosystem', ['ecosystem services'], 'current non-exploited status', 'sustainable harvest rates', 'sea layer', 'ocean twilight zonein', 'commercial fishery', 'exploitation', 'single stock scope', 'fish oil', 'understanding', 'pristine environment', 'ecosystem services valuation'] 

Reference 157: ['mesopelagics', 'economics', 'valuation', 'fishing', 'ecosystem services', 'uncertainty'] 

TOP-K 158: ['karst desertification areas', 'ecosystem services', 'agroforestry systems', 'biodiversity', 'peak-cluster-depression agroforestry development idea', 'fragile karst desertification areas', 'functional biodiversity characteristics', 'global biodiversity protection efforts', 'ecological degradation', 'ecosystem servicesand', ['ecological restoration'], 'similar fragile ecosystems', 'service capacity', 'management strategies', 'crucial role.biodiversity conservation'] 

Reference 158: ['agroforestry', 'ecological restoration', 'functional diversity', 'plant traits', 'species richness', 'taxonomic diversity'] 

TOP-K 159: ['auroral ecosystem services', 'auroral es', 'auroral ecosystem servicesis', 'socio-ecological systems', 'exosystem services', 'es concept', 'expansive ecosystem services literature', 'ecosystems', 'academic literature', 'initial cices classification', 'ecosystem services typology', 'future research', 'geosystem servicesconcept', 'common international classification', 'management'] 

Reference 159: ['aurora', 'aurora borealis', 'northern lights', 'systematic literature review', 'ecosystem services', 'space weather'] 

TOP-K 160: ['home healthcare workers', ['nursing aides'], 'exposures', 'condensed rooms', ['nurse aides'], 'cross-sectional study', 'verbal abuse', 'unique exposures', 'healthcare system', 'physical tasks', 'limited ventilation', ['nurses'], 'patient handling', 'patients', ['nursing aide']] 

Reference 160: ['home healthcare', 'nurses', 'nurse aides', 'occupational exposures'] 

TOP-K 161: [['stroke care system'], 'stroke patients', 'treatment', 'interconnected functions', ['functional model'], 'discharge', 'study', 'system', 'variability', ['complexity'], 'functional approach', 'unacceptable outcomes', 'transition'] 

Reference 161: ['stroke care system', 'complexity', 'functional modelling', 'functional variability, health care professionals'] 

TOP-K 162: ['kta-sprint framework', 'innovative kta-sprint framework', 'iterative kta-sprint framework', 'digital health platform', 'usability testing', 'design testing', 'usability issues', 'caretown module', 'multi-methods approach', 'symptom live reports', 'medical events timeline', 'multi-method approach', 'product development', 'early identification', 'evaluation process'] 

Reference 162: ['informal caregivers', 'chronic disease management', 'usability testingm', 'health', 'heart failure', 'dyadic shared care'] 

TOP-K 163: [['surgical instrument counting'], 'surgical counting', 'operation room nurses', 'operating roomnurse', 'labour-saving innovations', 'various surgical specialties', 'multiple simultaneous responsibilities', 'nurses', 'surgical procedures', 'techniques', 'regional teaching hospital', 'attention-intensive task', 'successful implementation', 'multiple strategies', 'future developments'] 

Reference 163: ['surgical instrument counting', 'workflow', 'efficiency', 'technology'] 

TOP-K 164: ['patient handoffs', 'handoffs', 'eps', 'handoff procedures', 'ep cognitive load', 'adaptive workflows', 'shift patient handoffs', 'cognitive workload', 'emergency physiciansregularly handoff patients', 'excess cognitive load', 'handoffs.in hospital emergency departments', '4-hour intervals', 'end', 'emergency departments', 'environmental considerations'] 

Reference 164: ['patient disposition', 'end of shift patient handoffs', 'emergency medicine', 'workload', 'qualitative analysis'] 

TOP-K 165: [['glaucoma'], 'prototyped eye drop', 'eye drop self-administration', ['eye drops'], 'hand steadiness', 'visual acuity', 'self-administering eye', 'device', 'accurate head tilt feedback', 'predictable eye drop delivery', 'eye drop delivery challenge', ['elderly population'], 'elderly individuals', 'predictable eye drop administration', 'physical barriers'] 

Reference 165: ['glaucoma', 'medical device', 'eye drops', 'elderly population', 'device design', 'prototype', 'human factors'] 

TOP-K 166: ['multidisciplinary research project', 'biomedical science', 'lab-evaluated studies', 'lessons', 'rapid prototyping', 'current guidance', ['regulatory standards'], 'ecological validity', 'medical technology', 'novel medical device', 'regulatory processes', 'medical device development', 'medical devices', ['normal use'], 'new practitioners'] 

Reference 166: ['human factors', 'regulatory standards', 'healthcare', 'normal use'] 

TOP-K 167: ['patient empowerment', 'mltcs', 'patient centered medication management', 'hospital discharge', 'hospital', 'patients', 'healthcare professional outcomes', 'patient', 'hcp perspectives', 'system factors', 'organizational factors', 'medication management', 'hospital stay', 'care', 'healthcare providers'] 

Reference 167: ['multimorbidity', 'seips', 'transition of care', 'patient centered care', 'healthcare professionals'] 

TOP-K 168: ['medicare decision-making', 'medicare knowledge', 'medicare plan enrollment', 'technology utilization', 'decision-making tendencies', 'medicare decision', 'federal health insurance program', ['technology'], 'healthcare decisions', 'research literature', 'important public health implications', 'extant findings', 'adults', 'training support', 'narrative review'] 

Reference 168: ['medicare', 'decision-making', 'older adults', 'technology', 'policy'] 

TOP-K 169: ['patient stability', 'infection prevention concerns', 'patient-infection risk', ['infection prevention'], 'patient care tasks', 'patient comfort', ['task sequencing'], ['nurses'], 'future research', 'nurses patient care tasks', 'priorities', 'contamination spread', 'salient feedback', 'conclusion healthcare workers', 'average'] 

Reference 169: ['task sequencing', 'patient care', 'infection prevention', 'high-fidelity simulation', 'nursing'] 

TOP-K 170: ['acceptance', 'non-native institutions', 'technology acceptance model', 'adoption', 'anesthesia providers', 'widespread adoption', 'workflow disruption', 'non-native institution', 'barriers', 'device design', 'new devices', 'institution', 'medical institutions', 'small barriers', 'multiple systems'] 

Reference 170: ['medication error', 'organizational tools', 'instrument design', 'technology acceptance'] 

TOP-K 171: ['vap prevention education', 'vap prevention', 'vap prevention measures education', 'vap prevention measures', 'professional development opportunities', 'ongoing competency assessments', 'educational opportunities', ['knowledge'], 'patient/ventilator interactionsand', 'nurses', 'critical care areas', 'nurse knowledge', ['confidence'], 'alarmswith confidence levels'] 

Reference 171: ['knowledge', 'confidence', 'emergency department', 'mechanically ventilation', 'vap'] 

TOP-K 172: [['disposition decision-making'], 'informational gaps', 'ed system', 'work system elements', 'organization elements', 'external environment elements', 'current research', 'critical juncture', 'care journeys', ['work system'], 'future research', 'previous studies', 'limited information', 'care patients access', 'organizational outcomes'] 

Reference 172: ['emergency medicine', 'disposition decision-making', 'work systems'] 

TOP-K 173: ['invisible design', 'methods invisible design', 'system-level interventions', 'scenario-based approach', 'end-users', 'innovative solutions', 'unseen problem', 'intervention ideas', ['medication safety'], 'future interventions', 'conclusions invisible design', 'personal experience', 'key stakeholders', 'healthcare environments', 'complex problems'] 

Reference 173: ['medication safety', 'community pharmacy', 'stakeholder engagement', 'participatory design'] 

TOP-K 174: ['rf-mac', 'user-rated usability', 'patient compliance', 'kendall scd', 'device comfort', 'novel rf-mac device', 'usability', 'scd', 'objective sleep measures', 'sleep disturbance', 'objective sleep disturbance measures', 'participants', 'total sleep time', 'noise disturbance', 'marginal evidence'] 

Reference 174: ['venous thromboembolism', 'external mechanical compression', 'sleep quality', 'device usability', 'mobility', 'user-centered design'] 

TOP-K 175: ['real time vibrotactile feedback', 'toe walking', 'design considerations', 'physical therapy', 'wearables', 'family experiences', 'wearable technologies', 'children', 'wearable devices', 'real-time feedback', 'vital human factor parameters', 'innovative wearable system', 'gait analysis', 'visual feedback', 'shoe insert'] 

Reference 175: ['usability', 'acceptability', 'idiopathic toe walking', 'motor re-learning', 'wearable assistive', 'technology', 'home environment'] 

TOP-K 176: ['patient tubes/lines', 'icu early mobility', 'early mobility therapy sessions', 'icu', 'tube/line management strategies', 'early mobility', 'tubes/lines', 'icu staff time', 'secure patient tubes/lines', 'staffing burdens', 'healthcare providers', 'intensive care unit', 'staffing barriers', 'time-consuming task', 'frontline staff'] 

Reference 176: ['medical devices', 'healthcare technology', 'patient safety', 'critical care', 'rehabilitation', 'nursing care'] 

TOP-K 177: ['nurse experience', 'low-urgency patients', 'triage decisions', 'triage assignment', 'experienced nurses', 'triage decision', 'more-experienced nurses', ['under-triage'], 'patient records', 'high-urgency ones', 'highly-structured tool', 'emergency department', 'triage differentiation', 'decision making', 'intermediate score'] 

Reference 177: ['triage', 'decision-making', 'esi', 'experience', 'over-triage', 'under-triage', 'decision evaluation'] 

TOP-K 178: ['upside-down bedpans', 'low-cost pelvic lift cushion', 'pelvic lift cushion', 'patient/clinician interactions', 'stirrup bed', 'stirrups', 'upside-down bedpan/rolled towels', 'stanford university', 'work-arounds', ['patient safety'], 'upside-down bedpan', 'novel pelvic lift cushion', ['pelvic exams'], 'patient comfort', ['pelvic exam']] 

Reference 178: ['pelvic exam', 'bedpan', 'speculum', 'pregnancy', 'patient safety', 'technological innovation'] 

TOP-K 179: ['junior doctors', 'sts', 'wrs', 'junior doctors understanding', ['socio-technical systems'], 'inter-professional working', 'senior house officers', 'healthcare information technology', 'family/carer communication', 'day-to-day care', 'large acute teaching hospital', 'human factors ergonomics', 'sts approach', ['acute hospital'], 'ring fenced time'] 

Reference 179: ['ward rounds', 'socio-technical system', 'interns and shos', 'medical education', 'acute hospital'] 

TOP-K 180: ['euro area risk-free rates', 'monetary policy stance', 'euro area', 'inflation dynamics', 'actual monetary policy actions', 'covid-19 shock period', 'bank stock prices', 'particular financial markets', 'press conference sentiment', 'sentiment indices', 'communication tone', 'executive board speeches', 'policy makers', 'communication events', 'advance'] 

Reference 180: ['ecb', 'monetary policy', 'communication', 'sentiment analysis', 'fiscal costs', 'financial markets'] 

TOP-K 181: ['blockholder coalitional value', 'cross-border deal investment decisions', 'pension fund administrators', ['blockholder coalitions'], 'positive post-takeover long-term performance', ['cross-border deals'], 'pension funds administrators', 'risky cross-border acquisitions', 'blockholders', 'cbd', 'institutional investors', 'active blockholders', 'cross-border merger', 'voting power coalitions', 'corporate risk-taking levels'] 

Reference 181: ['blockholders coalitions', 'power indices', 'cross-border deals', 'institutional ownership', 'latin america'] 

TOP-K 182: ['london stock exchange firms', 'key managerial expenditure decisions', 'managerial expenditure decisions', 'critical managerial expenditure decisions', 'economic crises', ['industry concentrations'], ['leverage'], 'different industry concentrations', 'strategy literature', 'strategic logic', ['industry concentration'], 'stock returns', 'dynamic panel methods', 'asset additions', 'different industry concentration settings'] 

Reference 182: ['industry concentration', 'leverage', 'inventories', 'r&d', 'sga', 'fixed asset additions', 'firm value'] 

TOP-K 183: [['financial access'], ['income inequality'], 'low-income countries', 'financial services', ['quantile regression'], 'credit unions', 'innovative financial technologies', 'inclusive financial access', 'cooperative banks', 'commercial banks', 'empirical economic literature', 'financial accessand', 'commercial banking', 'quantile regression approach', 'mixed findings'] 

Reference 183: ['financial access', 'income inequality', 'cooperative and commercial banks', 'quantile regression'] 

TOP-K 184: ['asymmetric intertemporal risk-return relation', 'state dependent risk-return relation', 'intertemporal risk-return tradeoff', 'positive risk-return relation', 'short-term mispricing', ['investor sentiment'], 'positive risk-return tradeoff', 'highsentiment periods', 'short-term overpricing', 'extreme price changes', 'underpriced stocks', 'arbitrageurs', 'overpriced stocks', 'rational arbitrageurs', 'uninformed investors'] 

Reference 184: ['intertemporal risk-return relation', 'optimistic and pessimistic expectation', 'overpricing and underpricing', 'investor sentiment', 'business cycle', 'short selling'] 

TOP-K 185: ['extrapolative weighting', 'valuation difficulty', 'extrapolative patterns', 'considerable overextrapolative behavior', 'time-series variation', 'past returns', 'price expectation', 'dox', ['target prices'], 'analysts', 'cross-section', 'considerable cross-sectional variation', 'extrapolative weighting.this paper', 'relative weight analysts', 'extrapolative weightingcaptures decay'] 

Reference 185: ['financial analysts', 'expectation formation', 'target prices', 'extrapolation in the time-series', 'extrapolation in the cross-section'] 

TOP-K 186: [['personal guarantees'], 'financial constraints', ['physical collateral'], 'collateralizable assets', 'prefectural variations', 'business startups', 'nascent entrepreneur', 'entrepreneurial intentions', 'proxies', 'physical assets', 'potential entrepreneurs', 'legislative changes', 'negative effect', 'negative link', 'lack'] 

Reference 186: ['physical collateral', 'personal guarantees', 'entrepreneur'] 

TOP-K 187: ['international acquisitions', 'post-acquisition competitiveness', ['international corporate investment'], 'complex strategic decisions', 'international mergers', ['international competitiveness'], 'success factors', 'firm resources', 'capabilities', 'different perspective'] 

Reference 187: ['international mergers and acquisitions', 'international competitiveness', 'firm resources and capabilities', 'international corporate investment'] 

TOP-K 188: ['countercyclical buffers', 'macroeconomic signals', 'countercyclical capital buffer', 'macroprudential policy', 'successful prudential policies', 'credit-to-gdp gaps', 'solvency risk models', 'countercyclical buffer', 'fitted capital adequacy ratios', 'prudential policy', 'macroeconomic variables', 'model', 'regulatory buffer implementation', 'macro signals', 'charlier densities'] 

Reference 188: ['prudential regulation', 'risk metrics', 'risk-taking channel', 'bank-capital channel', 'snp approach'] 

TOP-K 189: ['military veterans', ['veterans'], 'non-retirement investments', 'large income drop', 'finra investor education foundation', 'late mortgage payments', 'overall financial well-being', 'consumer finance', 'problematic credit card behaviors', ['financial capability'], 'time', 'emergency funds', 'comparable civilians', 'non-veterans', 'large drop'] 

Reference 189: ['financial capability', 'financial wellbeing', 'financial behaviors', 'veterans'] 

TOP-K 190: ['unbanked households', ['financial inclusion'], 'financial inclusion strategies', 'factors', 'account ownership', 'bank account', 'several factors', 'different likelihoods', 'interest', 'likelihood', 'industry stakeholders', 'account'] 

Reference 190: ['unbanked', 'financial inclusion', 'nonbank financial services', 'consumer choices'] 

TOP-K 191: [['mortgage forbearance'], 'covid-19-era economic policies', ['universal credit expansion'], 'average nonmortgage debt', 'uk consumers', 'total nonmortgage debt', 'defaulted accounts', 'uk mortgage holders', 'pandemic', 'mortgage holders', 'universal credit', 'financial well-being', 'october 2019to december', 'vulnerable families', 'policy expansion'] 

Reference 191: ['disparities in consumer debt', 'covid-19united kingdom', 'mortgage forbearance', 'universal credit expansion'] 

TOP-K 192: [['utility shutoff moratoria'], 'utility shutoff moratorium', 'state utility shutoff moratorium', 'economic relief', 'shutoff moratoria', 'unpaid debt', 'families', 'emergency measures', 'majority-black communities', 'credit card', 'consumers', 'states', 'majority black communities', 'utility companies', 'retail loan payments'] 

Reference 192: ['consumer protection policies', 'utility shutoff moratoria', 'credit delinquency'] 

TOP-K 193: ['job experience', 'traditional microfinance screening variables', 'brazilian microcredit markets', 'brazilian fintech microcredit firm', 'women', 'previous studies', 'current jobs', 'poor workers', 'loan durations', 'brazilian fintech firm', 'current job', ['interest rates'], ['screening'], 'loans', 'collateral'] 

Reference 193: ['default', 'fintech', 'interest rates', 'microcredit', 'screening'] 

TOP-K 194: ['smes performance', 'smes', ['patents'], ['patenting'], 'small firms', 'propensity score matching', 'financial performance', 'well-informed decision-making', 'sme managers', 'legal patent protection', ['patent'], 'monopoly rights', 'profitability', 'empirical evidence', 'patent application'] 

Reference 194: ['firm performance', 'patents', 'sm', 'es', 'counterfactual', 'granted patents'] 

TOP-K 195: [['pharmaceutical innovation'], 'medical innovation', 'pharmaceutical firm innovation', 'geographic dispersion', 'medical innovations', 'industry competition', 'grant receipt', ['innovation'], 'government-funded r', 'future patents', 'medical industry', 'r', 'firm lobbying', ['grants'], 'relationship'] 

Reference 195: ['pharmaceutical innovation', 'government subsidies', 'grants', 'innovation'] 

TOP-K 196: ['reputation formation', 'reputation-supported lending', 'moral hazard', 'risk-shifting problem', ['dynamic moral hazard'], 'project environments', 'projects', 'firm', 'asynchronous environment', 'risky strategies', 'theoretical paper', 'new 2-period project', 'different environments', 'switching costs', 'structure'] 

Reference 196: ['credit rationing', 'dynamic moral hazard', 'staged financing', 'reputation', 'risk-shifting'] 

TOP-K 197: [['board structure'], 'economic logic', 'board size', 'corporate board', ['china'], 'determinants', 'factors', 'unlisted firms', 'advanced economies', 'board independence', 'board chairmanship', 'private companies', 'potential factors', 'paper', 'board components'] 

Reference 197: ['board structure', 'emerging market firms', 'simultaneous equation modeling', 'china', 'eastern europe'] 

TOP-K 198: ['eu non-financial reporting directive', ['gender diversity'], ['board characteristics'], ['esg score'], ['esg scores'], 'non-financial reporting directive', 'eu companies', 'csr committee', 'eu firms', ['cultural diversity'], 'specific board characteristics', 'large eu firms', 'board', 'independent directors', 'european companies'] 

Reference 198: ['esg score', 'board characteristics', 'gender diversity', 'cultural diversity', 'eu 95/2014 directive'] 

TOP-K 199: ['intrinsic tenase', 'factor viiia-factor', 'factor x activation', 'phospholipid-bound intrinsic tenase complex', 'fviiia-fx complex', 'fx activation', ['blood coagulation'], 'lipid-dependent interaction', 'mechanisms-driven model', 'critical membrane-dependent reaction', 'phospholipid surfaces', 'detailed mechanism-driven computer model', 'complex formation', 'steady-state process', 'substrate delivery'] 

Reference 199: ['blood coagulation', 'mathematical model', 'membrane-dependent reactions', 'factor viii', 'factor ix', 'factor x'] 

TOP-K 200: ['subclonal composition', 'subclonal compositions', 'subclonal dynamics', 'cellular-subclonal dynamics', 'heterogeneous growth patterns', 'long-term growth patterns', 'population dynamics', 'novel multiscale framework', 'diverse growth patterns', 'long-term outcomes', 'short-term measurements', 'growth dynamics', 'cancer growthand', 'significant subclones', 'evolutionary landscape'] 

Reference 200: ['cancer evolution', 'cancer heterogeneity', 'multiscale modelling', 'machine learning'] 

TOP-K 201: ['reaction-dilution-diffusion systems', 'pattern transitions', 'pattern dynamics', ['pattern dispersion'], 'patterns', ['pattern formation'], 'time-dependent domains', 'dispersion', 'model', 'strain rate', 'natural system', 'reaction', 'organisms', 'research', 'resilient model'] 

Reference 201: ['pattern formation', 'pattern dispersion', 'growing domain', 'reaction–diffusion system', 'dilution term'] 

TOP-K 202: [['inter-individual variability'], 'dietary behavior change', ['thermodynamics'], ['behavior change'], 'severe diets', 'linear odes', 'under-approximation', 'discrete qualitative abstraction', ['formal theory'], 'model', 'psychological variables', 'individual model parameter values', 'individual physiological variables', 'active causalities', 'energetic variables'] 

Reference 202: ['behavior change', 'hypocaloric diet', 'formal theory', 'thermodynamics', 'causal network', 'over-/under-approximation', 'discretization', 'qualitative reasoning', 'timescale', 'inter-individual variability', 'answer set programming'] 

TOP-K 203: ['tumor-immune system interactions', 'antitumor immune cells', 'protumor immune effects', 'tumor microenvironment', 'tumor growth', 'protumor cells', 'mixture theory', 'chemotactic mechanisms', 'tumor expansion', 'mathematical model', 'immune cells', 'oxygen/nutrient supply', 'immune response interactions', 'new model', 'key factors'] 

Reference 203: ['cancer growth', 'immune response', 'mixture models'] 

TOP-K 204: ['sars-cov-2 transmission', 'sars-cov-2 spread', 'age-related population heterogeneity', 'pre-pandemic framework', 'belgium', 'age-structured seir model', 'covid-19 dynamics', 'age-specific indices', 'age-specific susceptibility', 'virus transmission', 'asymptomatic infections', 'sensitivity analysis', 'transmission', 'containment policy design', 'over-60 age groups'] 

Reference 204: ['sensitivity', 'next generation operator', 'basic reproduction number', 'covid-19age-structured models'] 

TOP-K 205: ['algal cell quota', ['algal blooms'], 'novel two-stage uptake model', 'algal cells', 'surface-adsorbed pool', 'algal growth', 'transport time delay', 'model', 'numerical results', 'physiological mechanism', 'uptake', 'time delay', 'comprehensive mathematical model', 'intracellular pool', 'oscillations'] 

Reference 205: ['algal bloom', 'prorocentrum donghaiense', 'karenia mikimotoi', 'surface adsorption', 'transport delay', 'two-stage model'] 

TOP-K 206: ['phenotypic traits', 'complex systems', 'form-function relationships', 'evolvability', 'traits', 'evolution', 'complex system', 'trait integration', 'multiple traits', 'system', 'multiple tasks', 'physiological traits', 'tasks', 'task relationships', 'organism'] 

Reference 206: ['complexity', 'multitasking', 'performance', 'redundancy', 'tradeoffs'] 

TOP-K 207: ['nih3t3 fibroblast cell line', ['topography'], 'cell migration patterns', 'ornstein', ['topographies'], 'physiologic function', 'biomaterial design', 'migration patterns', 'individual cell migration', 'anisotropic topographies', 'migration', 'native extracellular environment', 'physiologic functions', 'certain isotropicand anisotropictopographies', 'topographic configurations'] 

Reference 207: ['cell migration', 'topography', 'ornstein–uhlenbeck', 'mathematical model', 'tissue engineering', 'bioimplant'] 

TOP-K 208: [['adipocyte size distribution'], 'obesity-related diseases', 'cma-es algorithm', ['partial differential equation'], 'cell size distribution', 'experimental data', 'model parameters', 'bimodal distributions', ['parameter estimation'], 'different health conditions', 'synthetic data', 'rats', 'parameter values'] 

Reference 208: ['parameter estimation', 'adipocyte size distribution', 'parameter identifiability', 'partial differential equation'] 

TOP-K 209: ['antigenic cooperation', 'intra-host viral adaptation', 'mutable viruses', 'immune escape', 'intra-host viral variants', 'infected hosts', 'genomic diversification', 'viral variants', 'continuous genomic diversification', 'intra-host viral populations', 'viral transmission', 'altered antigenic features', 'host immune system', 'rapid re-arrangement', 'new viral variant'] 

Reference 209: ['local immunodeficiency', 'cross-immunoreactivity', 'persistent viruses', 'altruistic viruses', 'hepatitis c'] 

TOP-K 210: ['dsgrn software', 'random network topologies', 'tissue-scale behavior', 'genetic network topology', 'robustness measures', ['regulatory networks'], 'structural fragilities', 'network models', 'robustness', 'cellular systems', 'developmental networks', 'fruit fly embryo', 'gap gene expression', 'dynamic signatures', 'cell'] 

Reference 210: ['dynamics', 'regulatory network', 'drosophila', 'weighted directed graph', 'finite directed paths'] 

TOP-K 211: [['abductive reasoning'], 'high-error conditions', ['indirect reciprocity'], 'low-error conditions', 'model abductive reasoning', 'non-reasoning models', 'social norms', ['cooperation'], 'parsimonious explanation', 'simple standing', 'reputations', 'observers', 'reasoning', ['confirmation bias'], 'error rates'] 

Reference 211: ['abductive reasoning', 'confirmation bias', 'cooperation', 'dempster–shafer theory', 'falsification bias', 'indirect reciprocity'] 

TOP-K 212: ['random human-to-human contact mode', 'human-to-human contacts', 'infectious diseases', 'infectious disease', 'spatial heterogeneity', ['extinction probability'], 'basic reproduction number', 'random contact patterns', 'non-monotonic pattern', 'transmission probability', ['extinction probabilities'], 'temporal heterogeneity', ['generation size'], 'theoretic results', 'real contact distribution'] 

Reference 212: ['random contact', 'structured population', 'spatial–temporal heterogeneity', 'extinction probability', 'generation size'] 

TOP-K 213: ['il-27', 'cancer immunotherapy', 'immune checkpoint inhibitor anti-pd-1', 'anti-pd-1', 'il-27 injection', 'pro-cancer', 'role il-27', 'tumor volume', 'treatment efficacy', 'pro-inflammatory functions', 'variable dose', 'present paper'] 

Reference 213: ['immune checkpoint inhibitors', 'interleukin-27anti-pd-1combination therapy'] 

TOP-K 214: ['photoreceptor outer segment length', 'rhesus monkeys', 'photoreceptor density', 'photoreceptor outer segments', 'retinal data', ['rod'], 'rod/cone outer segment predictions', 'temporal retinal data', ['retina'], 'healthy human subjects', 'spatially-dependent regrowth', 'macular region', 'fovea', ['mathematical model'], 'spatial dependence'] 

Reference 214: ['photoreceptor', 'rods', 'cones', 'retina', 'mathematical model'] 

TOP-K 215: ['sub-exponential autocatalysts', 'autocatalytic species', 'higher-order autocatalysts', 'sub-exponential species', 'different growth laws', 'exponential ones', ['resource competition'], 'counterintuitive observation'] 

Reference 215: ['autocatalysis', 'exponential growth', 'sub-exponential growth', 'resource competition', 'prebiotic evolution'] 

TOP-K 216: [['marcks protein'], 'marcks', 'modulational instability phenomenon', 'marcks dynamics', 'multisolitons-like patterns', 'cytoplasmic membrane', 'multiple sacles method', 'one-dimensional model', 'marks proteins', 'complex cubic ginzburg', 'cytosol', 'cyclic dynamics', 'phosphorylation rate', 'nonlinear dynamics', 'generic model'] 

Reference 216: ['marcks protein', 'long wavelength instability', 'patterns formation', 'multisolitons'] 

TOP-K 217: ['curative cancer treatment', 'epigenetic cancer drug resistance', 'curative treatment', 'epigenetic treatment resistance', 'tumour growth', 'mathematical models', 'optimal treatment protocol', 'complete curative treatment', 'treatment holidays', 'tumoural growth', 'possible tumour shrinkage rate', 'specific experiment', 'previous approaches', 'tumour burden', 'major challenge'] 

Reference 217: ['acquired resistance', 'cancer', 'phenotypic plasticity', 'targeted therapy'] 

TOP-K 218: ['mesenchymal stem cell-derived exosomes', 'msc-exos', 'wound healing-associated cells', 'endothelial cells', ['wound healing'], 'exosome acquisition', 'skin wounds', 'wound healing process', 'exosome potentiation modalities', 'parental cells msc-exos', 'immune cells', 'potent bioactivity', 'mechanistic complexity', 'inflammatory responses', 'vascularization'] 

Reference 218: ['wound healing', 'mesenchymal stem cells', 'exosomes', 'angiogenesis', 'therapy'] 

TOP-K 219: ['tnbc', ['obesity'], 'cancer-friendly environment', 'socioeconomic status', 'key tnbc risk factor', 'elusive biomarkers', 'healthcare access', 'pathway receptors', 'cultural practices', 'screening techniques', 'well-known links', 'future research', 'complex relationship', 'review article', 'elevated levels'] 

Reference 219: ['triple negative breast cancer', 'inflammation', 'obesity', 'tumor microenvironment', 'disparity', 'treatment strategies'] 

TOP-K 220: ['hbo', ['azotemia'], 'histological damage', 'toxic aki', 'aki animals', 'untreated controls hbo', 'subgroup analyses', 'life-threatening condition', 'meta-analyze hbo', 'aki types', 'sudden kidney function loss', 'aki-affected animalswhile', 'tissue-level nephroprotection.aims acute kidney', 'models reduction'] 

Reference 220: ['acute renal failure', 'nephrotoxicity', 'hyperbaric oxygenation', 'creatinine', 'azotemia', 'animal models'] 

TOP-K 221: ['her3 overexpression', 'her3', 'her3-targeted treatment approaches', 'kinase activity', 'her3 detection methods', 'her3 therapy', 'anticancer therapies', 'drug resistance', 'cancer progression', 'unique structure', 'clinical detection methods', 'therapy resistance', 'clinical trials', 'cancer patients', 'low expression'] 

Reference 221: ['her3erbb3breast cancer', 'oncology', 'pathological detecting methods'] 

TOP-K 222: ['er stress', 'chondrocyte apoptosis', 'cgas-sting signalling', 'cgas-sting pathway activation', 'cyclic gmp-amp synthase', 'endoplasmic reticulumstress', 'upr-sting-induced inflammation', 'oa', 'dna damage', 'inflammatory responses', 'new oa therapeutic strategies', 'cellular senescence', ['inflammation'], 'protein responseand cgas-sting pathway', 'cartilage destruction'] 

Reference 222: ['endoplasmic reticulum stress', 'unfolded protein responsec', 'gas-sting signalling axis', 'inflammation', 'osteoarthritis', 'treatment strategy'] 

TOP-K 223: ['noncoding rnas', ['diabetic retinopathy'], 'endothelial-mesenchymal transduction', 'noncoding rna regulation', 'small extracellular vesicles', 'noncoding rna', 'dr', 'pathological processes', 'retinal cells', 'different signaling pathways', 'potential therapeutic strategies', 'oxidative stress', 'different pathways', 'recent advancements', 'fundamental understanding'] 

Reference 223: ['diabetic retinopathy', 'treatment', 'mechanisms', 'noncoding rn', 'as', 'cells', 'extracellular vesicles'] 

TOP-K 224: [['glibenclamide'], 'diabetic nephropathy', 'glibenclamide efficacy', 'glibenclamide therapy', 'vitamin b1', 'diabetic complications', 'diabetic nephropathy development', 'diabetic nephropathy progression', 'calcitriol', 'vitamin b1 addition', 'prescribed insulin secretagogues', 'low cost', 'preserved creatinine clearance', 'protective effect', 'renal damage scores.glibenclamide'] 

Reference 224: ['diabetes', 'glibenclamide', 'vitamin b1calcitriol', 'nephropathy'] 

TOP-K 225: ['histamine-mediated allergic inflammation', 'hcjgcs', 'female hcjgcs', 'human primary cjgcsas', ['allergic conjunctivitis'], 'male evs', 'evs', 'proinflammatory mediators', 'female evs', 'biosynthetic machinery', 'pro-resolving mediators', 'allergic inflammation', 'proinflammatory mediator pge2', 'rvd1', 'male predisposition'] 

Reference 225: ['conjunctiva', 'goblet cells', 'allergic conjunctivitis', 'histamine', 'polyunsaturated fatty acids', 'specialized pro-resolving mediator', 'extracellular vesicles'] 

TOP-K 226: [['setanaxib'], 'platelet activation', 'antiplatelet therapy', 'nox', 'human platelet function', 'thrombus formation', 'ros-related signaling pathways', 'collagen-induced thrombus formation', 'ros generation', 'cardiovascular diseases', 'extracellular ros production', 'key findings setanaxib', 'selective nox1/4 dual inhibitor', ['dual nox1/4 inhibitor'], 'study'] 

Reference 226: ['platelet', 'ros', 'dual nox1/4 inhibitor', 'setanaxib', 'antiplatelet', 'antithrombotic'] 

TOP-K 227: ['sarco-osteoporosis', 'clinical sarco-osteoporosis', 'mc3t3-e1 osteoblasts', 'nmes', 'sm-exos', ['osteoporosis'], 'skeletal muscle contraction', 'osteogenic differentiation', ['skeletal muscle'], 'osteoblast differentiation', 'physical therapy', 'research findings', 'muscle atrophy', 'several mirnas', 'protective effect'] 

Reference 227: ['skeletal muscle', 'exosomes', 'mirna', 'osteoporosis'] 

TOP-K 228: ['uvb-induced apoptosis', 'uvb', 'high-glucose conditions', 'high-glucose environments', 'uvb-induced ros', 'g26uvb/g6uvb comparison', 'uvb irradiation', 'ultravioletb-induced damage', 'epidermal keratinocytes', 'keratinocytes', 'uvb exposure', 'hg conditions', 'normal-glucoseor high-glucoseconditions', 'cpd formation', 'photocarcinogenic potential'] 

Reference 228: ['diabetes', 'next-generation sequencing', 'photocarcinogenesis', 'dna damage', 'apoptosis'] 

TOP-K 229: ['glucose metabolism', 'hyperinsulinemia', 'in-phase betamethasone treatment', 'out-of-phase betamethasone treatment', ['betamethasone'], ['insulin resistance'], 'out-of-phase betamethasone', 'glucocorticoid treatment', 'synthetic glucocorticoid betamethasone', 'out-of-phase treatment', 'in-phase treatment', 'female c57bl/6j mice', 'insulin sensitivity', 'common metabolic side effects', 'side effects'] 

Reference 229: ['glucocorticoid', 'insulin resistance', 'betamethasone', 'circadian rhythm'] 

TOP-K 230: [['cerliponase alfa'], 'autophagy-regulatory pathways', 'intraneuronal aβ accumulation', 'intraneuronal accumulation', 'endogenous aβ accumulation', 'autophagy pathways', 'tpp1', 'tpp1 enzyme', 'ad', 'human recombinant rhtpp1', 'cer', 'aβ accumulation', 'ht-22 cells', 'aβ', 'lysosomal enzyme'] 

Reference 230: ['cerliponase alfa', "tpp1alzheimer's disease", 'autophagy'] 

TOP-K 231: ['egfr-tki-resistant nsclc', 'egfr-tkis', 'egfr-mutant luad cell lines', 'egfr inhibitors', 'apoptosis', 'egfr-tki-resistant nsclc pr combination', 'synergistic effects', 'multiple pro-apoptotic genes', 'aurora b pathway', 'pr', 'aurora kinase activity', 'pr treatment', 'apoptotic pathway', 'drug responsiveness', 'gene expression changes'] 

Reference 231: ['lung adenocarcinoma', 'drug resistance', 'natural product', 'herbal medicine', 'combination therapy', 'transcriptome'] 

TOP-K 232: ['ea', 'avpv', 'ea-based therapy', 'neuroendocrine defects', 'acetylcholine chloride', 'early reproductive aging females', 'middle-aged avpv', 'c-fos-positive kiss1 cells', 'lh surge', 'differential neurotransmitter metabolisms', 'middle-aged females', 'advanced age', 'key findings', 'peak lh release', 'age-related reduction'] 

Reference 232: ['luteinizing hormone', 'estradiol', 'hypothalamus', 'aging', 'metabolism'] 

TOP-K 233: ['foxo1-rock1 axis-mediated mqc disorders', 'foxo1 gene-deficient cardiomyocytes', 'foxo1', 'chronic hypoxic cardiomyocyte injury', 'foxo1 cardiac-specific knockout mice', 'cardiomyocyte injury', 'myocardial chronic hypoxic injury', 'tof', 'tof patients', 'ros-induced cox7a2l activation', 'respiratory chain supercomplex function', 'mitochondrial ros', 'foxo1 inhibition', 'ampk signaling pathway', ['chronic hypoxia']] 

Reference 233: ['tetralogy of fallot', 'forkhead box o1', 'mitochondrial quality control', 'cox7a2l', 'chronic hypoxia'] 

TOP-K 234: [['cloxyquin'], 'ntg-induced mechanical allodynia', 'tresk inhibitor a2764', 'capsaicin-induced cgrp release', 'migraine drug sumatriptan', 'specific tresk inhibitor a2764', 'selective tresk activator cloxyquin', 'meningeal mast cell activation', 'meningeal mast cell degranulation', 'capsaicin-evoked cgrp release', 'brainstem preparations', 'trigeminal ganglion cgrp levels', 'brainstem c-fos', 'ex-vivo', 'trigeminal ganglion'] 

Reference 234: ['cloxyquin', 'cgrp', 'meningeal mast cells', 'migraine', 'neurogenic inflammation', 'tresk background potassium channels'] 

TOP-K 235: [['rifaximin'], 'mcd diet-induced nash', 'rifaximin treatment', 'mcd diet', ['gut microbiota'], 'intestinal barrier dysfunction', 'mcd-induced nash mice', 'nash', 'microbiota composition', ['intestinal barrier'], 'mcd diet-fed mice', 'intestinal barrier integrity', 'key findings', 'significance rifaximin', 'new approach'] 

Reference 235: ['gut microbiota', 'intestinal barrier', 'peroxisome proliferator-activated receptor', 'rifaximin', 'nonalcoholic steatohepatitis'] 

TOP-K 236: ['ss', 'anti-cervical cancer effects', 'hela xenograft growth', ['glucose metabolic reprogramming'], 'molecular mechanisms', 'ros-mediated akt/mtor/hif', 'significance ss', ['cervical cancer'], 'ros generation', 'cervical cancer cells viability', 'cell proliferation', 'cancer cells', 'cervical cancer cells', 'key signaling pathway', 'underlying mechanisms'] 

Reference 236: ['cervical cancer', 'glucose metabolic reprogramming', 'sodium selenite', 'rna sequencing', 'ros', 'akt/mtor/hif-1α pathway'] 

TOP-K 237: [['long covid'], 'covid-19 infection', 'severe acute covid-19 symptoms', 'covid-19 survivors', 'coronavirus disease 2019survivors', 'symptoms', 'female sex', 'physical decline', 'cognitive function', 'physical declines', 'financial stress', 'long covid characteristics', 'health concerns', 'year post-infection', 'shortness'] 

Reference 237: ['long covid', 'post-covid condition', 'longitudinal study', 'symptom assessment'] 

TOP-K 238: ['college covariates', 'individual-level structural signatures', 'facebook friendships', 'college', 'four-year colleges', 'open ties', 'students', 'high school', 'individual signature', 'selective colleges', 'friends', 'education scorecard dataset', 'discrete choice model', 'popular students', 'new school'] 

Reference 238: ['social networks', 'closure', 'persistence', 'facebook'] 

TOP-K 239: [['action networks'], 'network analysis', ['outpatient clinics'], 'routine work', 'network structures', 'social network methods', ['bureaucratic organizations'], 'routine actions', 'diagnostic care processes', 'physical space', 'edge-weighted centralization', 'personal relationships', 'impersonal relations', 'networks structures', 'visible layouts'] 

Reference 239: ['network ecology', 'context', 'spatial layout', 'action network', 'routine dynamics', 'bureaucratic organization', 'outpatient clinic'] 

TOP-K 240: ['face-to-face social ties', 'face-to-face ties', 'digital networks', 'social networks', 'digital interaction', 'network formation', 'current theory', 'digital communications technologies', 'scientific research', 'little theoretical foundation', 'available theoretical scaffolding', 'new dynamics', 'various offline tie-formation mechanisms', 'theoretical framework', 'way humans'] 

Reference 240: ['internet', 'online interaction', 'computational social science', 'tie-generating mechanisms', 'theory'] 

TOP-K 241: [['tie-formation'], 'cultural rules', 'social relations', 'organizational factors', 'tie-formation logics', 'empirical network patterns', 'relational sociology', 'relational rules', 'social context shapes networks', 'field theory', ['social fields'], 'preferential attachment', 'contexts', 'mechanisms', 'particular fields.tie-formation mechanisms'] 

Reference 241: ['institution', 'meaning structure', 'network mechanism', 'social field', 'tie-formation'] 

TOP-K 242: ['group-based oppositional cultures', 'ethnicity-based oppositional cultures', 'group-specific oppositional cultures', 'anti-school culture', 'low socio-economic resources', 'school', 'school context', 'four-wave network panel survey', 'school characteristics', 'specific groups', 'socio-economic differences', 'schools', 'high performers', 'social acceptance', 'ethnic minorities'] 

Reference 242: ['gender', 'ethnicity', 'school performance', 'liking', 'stochastic actor-oriented models', 'rsiena'] 

TOP-K 243: [['intergenerational closure'], 'ic', 'socio-spatial structures', 'socio-spatial conditions', 'german class networks', ['interpersonal conflicts'], 'school classes', ['network ecology'], 'multilevel network ecologies', 'conflict networks', 'conflict ties', 'multilevel model', 'spatial regressions', 'conflicts', 'multilevel ecological perspective'] 

Reference 243: ['network ecology', 'intergenerational closure', 'diverse neighbourhoods', 'exponential random graph model', 'interpersonal conflict'] 

TOP-K 244: [['workplace relationships'], 'workplace relationship formation', 'workplace ties', ['organizational practices'], 'low-wage industries', 'relationships', 'relationship formation', 'personal outcomes', 'common grievances', 'unpredictable work schedules', 'negative work conditions', 'social contexts', 'job benefits', 'retail employees', ['collective action']] 

Reference 244: ['precarious work', 'workplace relationships', 'organizational practices', 'network ecology', 'retail industry', 'collective action'] 

TOP-K 245: ['network centrality measurements', 'node embeddedness', 'real-world observations', 'networks', 'path-based centrality measurements', 'nodes', ['closeness centrality'], ['betweenness centrality'], 'upper bounds', 'attribute information', 'path calculations', 'well-known method', 'contextual information', 'path calculation', 'actors'] 

Reference 245: ['attributed network', 'betweenness centrality', 'closeness centrality', 'contextual embeddedness'] 

TOP-K 246: ['asymmetric market transactions', ['financial markets'], 'large market transactions', 'exchange', 'market transactions', 'transactions', 'mechanism', 'temporal micro-structure', 'temporal structure', 'material context', 'possible mechanism', 'market roles', 'empirical result', 'reference'] 

Reference 246: ['organizational networks', 'interorganizational exchange', 'reciprocity', 'generalized exchange', 'financial markets', 'relational event models'] 

TOP-K 247: [['transitory ties'], 'global fashion modeling industry', 'social ties', 'core transitory ties', ['fashion modeling'], 'workers', ['fashion models'], 'precarious employment', 'short-term employment', 'networks', 'models', 'network ecology perspective', 'gig economy', ['social capital'], ['careers']] 

Reference 247: ['careers', 'fashion models', 'network ecology', 'social capital', 'transitory ties', 'creative industries', 'types of ties'] 

TOP-K 248: ['two-mode network selection mechanisms', 'network micro-selection mechanisms', 'eca involvement', ['two-mode networks'], 'mechanisms', 'activity selection mechanisms', 'ethnoracial segregation', 'extracurricular activity membership networks', 'yearbook data', ['stochastic actor-oriented model'], 'activity selection', 'novel yearbook data', 'activities', ['extracurricular activities'], 'unique longitudinal dataset'] 

Reference 248: ['race/ethnicity', 'homophily', 'segregation', 'two-mode network', 'extracurricular activities', 'stochastic actor-oriented model'] 

TOP-K 249: ['dynamic focus theory', 'dyadic social influence processes', ['focus theory'], ['social influence'], 'social network analysis', ['social foci'], 'classical focus theory', 'foci effects', 'foci', 'foci properties', 'focus effect', 'standard tie-generation process', 'social tie', 'tie generators', 'multiple network layers'] 

Reference 249: ['social foci', 'focus theory', 'network ecology', 'stochastic actor-oriented models', 'two-mode networks', 'tie-generators', 'diffusion', 'social influence'] 

TOP-K 250: [['network ecology'], 'hss faculty', 'university collaboration network', 'tie refunctioning', 'university', 'bottom-up processes', 'internal contextual variation', 'faculty networks', 'university social structure', 'social structural change', 'faculty', 'stem model', 'stem networking strategy', 'bottom-up structural change', 'new faculty'] 

Reference 250: ['network ecology', 'networking styles', 'academic collaboration', 'multiplex networks', 'sociology of knowledge'] 

TOP-K 251: [['multiple network analysis'], 'mc simulation design', 'multiple networks', 'endogenous network characteristics', 'social science research', 'social phenomena', 'exogenous variables', 'socioeconomic status', 'method advantages', 'social sciences', 'various factors', 'hierarchical structure', 'paper', 'analysis', 'new discoveries'] 

Reference 251: ['ergm', 'simulation study', 'hierarchical modeling', 'multiple network analysis'] 

TOP-K 252: ['word-of-mouth diffusion', ['homophily'], ['social reinforcement'], 'preaching-to-the-converted effect', 'social influence', 'social networks', 'network structure', 'standard percolation model', 'percolation model', 'percolation process', ['diffusion'], 'non-linear relation', 'low diffusion regime', 'high diffusion', 'simple structure'] 

Reference 252: ['diffusion', 'word-of-mouth', 'percolation', 'homophily', 'social reinforcement', 'small worlds'] 

TOP-K 253: [['difficult ties'], 'multinomial multilevel logistic regression', 'difficult tie change', ['personal networks'], 'ties', 'positive ties', 'multinomial multilevel models', 'network change', 'problematic network members', 'difficult individuals', 'network', 'similar patterns', 'many ties', 'turnover dynamics', 'ambivalent properties'] 

Reference 253: ['difficult ties', 'personal networks', 'homophily', 'support', 'retention'] 

TOP-K 254: ['two-mode similarity measures', 'two-mode similarity', 'two-mode relational similarity', 'two-mode network data', 'iterated correlations', 'two-mode relational similarities', 'one-mode projections', 'relational similarity', 'two-mode data', 'senate voting', 'relational similarity measure', 'non-iterative measures', 'familiar duality approach', 'previous work', 'data'] 

Reference 254: ['generalized similarity', 'duality', 'two-mode networks', 'correlation distance', 'projection'] 

TOP-K 255: [['social capital'], 'higher-status social capital', ['socioeconomic status'], 'low-status individuals', 'high-status individuals', 'socioeconomic inequalities', 'social capital inequalities', 'voluntary organizations', 'current involvement patterns', 'access', ['position generator'], 'counterfactual situation', 'german panel datareveal', 'joiners access', 'regression analyses'] 

Reference 255: ['social capital', 'position generator', 'voluntary involvement', 'socioeconomic status', 'inequality', 'germany'] 

TOP-K 256: ['ergms', 'count-valued ergms', 'migration flow networks', 'maximum pseudo-likelihood estimation', 'small-variance networks', 'subsampled multi-core mple', 'edge variance', 'edge value variance', 'mple', 'cd', ['maximum likelihood estimation'], 'point estimations', 'simulation study', 'particular computational challenges', 'contrastive divergenceand'] 

Reference 256: ['contrastive divergence', 'exponential-family random graph model', 'markov chain monte carlo', 'maximum likelihood estimation', 'pseudo likelihood', 'valued/weighted networks'] 

TOP-K 257: ['roster order effects', 'roster name order', 'indegree outliers', 'artifactual roster order effects', 'social network data collection', 'biases', 'order effects', 'sociometric nominations', 'survey rosters', 'recent studies', 'name orders', 'experimental methods', 'middle school cohorts', 'names', 'nomination choices'] 

Reference 257: ['data collection', 'peer nomination', 'name rosters', 'measurement error', 'adolescent friendships'] 

TOP-K 258: ['lddmm-face', ['diffeomorphic mapping'], 'leverage learning-based diffeomorphic mapping', 'various facial annotation schemes', 'deformation layer', ['facial landmarks'], 'novel face alignment network', 'various face alignment networks', 'various annotation schemes', 'facial geometry', 'first study', 'novel embedding', 'deep network', 'diffeomorphic way', 'dense annotations'] 

Reference 258: ['face alignment', 'facial landmarks', 'diffeomorphic mapping', 'deep learning'] 

TOP-K 259: [['skin cancer classification'], 'jif-mmfa method', 'state-of-the-art fusion methods', 'novel fusion method', 'joint-individual fusionstructure', 'novel multi-modal fusion network', 'dermatological images', 'multi-modality data', 'dermatological imageswith patient metadata', 'decision-making pipeline', 'fm architectures', 'public datasets', 'multi-modal fusion attentionmodule', 'fm components', 'mutual attention mechanisms'] 

Reference 259: ['skin cancer classification', 'joint-individual fusion structure', 'multi-modal fusion attention', 'dermatological image and metadata'] 

TOP-K 260: ['c2fresmorph', 'learning-based deformable registration algorithm', '2d medical image registration', '2d medical images', 'learning-based methods', 'resmorph registration network', '2d image registration', 'two-stage framework', 'surgical automation', 'experimental evaluations', 'registration accuracy', 'different datasets', 'residual structured loss', 'registration performance', 'generalization ability'] 

Reference 260: ['image registration', 'convolutional neural networks', 'multi-head self-attention', 'unsupervised learning'] 

TOP-K 261: ['multi-contrast features', 'multi-contrast feature aggregationmodule', 'joint mri reconstruction', 'multi-contrast feature representations', 'cmf-net framework', 'multi-task mutual fusionmodule', 'task-specific features', ['super-resolution'], 'mr super-resolution performance', 'extensive experimental results', 'mutual propagation', 'task-specific information', 'feature representations', 'first stage', 'tasks'] 

Reference 261: ['magnetic resonance imaging', 'mri reconstruction', 'super-resolution', 'multi-task learning'] 

TOP-K 262: ['shape classification', ['complex networks'], ['neural networks'], 'complex network model', 'complex representations', 'shape analysis', 'generic shape datasets', 'dynamic evolution strategy', 'shape description', 'experimental results', ['neural network'], 'many computer vision problems', ['complex network'], 'binary images', 'topological measures'] 

Reference 262: ['shape representation', 'complex network', 'neural network'] 

TOP-K 263: ['fuzzy granularity cognitive mechanism', 'multilabel classification', 'multilabel data', 'multi-scale learning', 'multilabel multi-scale learning strategy', 'sample fuzzy similarity', 'experimental results', 'feature selection method', 'labels', 'feature evaluation', 'label space', 'label spaces'] 

Reference 263: ['multi-scale fuzzy rough sets', 'multilabel feature selection', 'missing labels', 'uncertainty measures'] 

TOP-K 264: ['cpslr', 'novel unsupervised feature selection', ['sparse latent representation'], 'robust feature selection', 'low-redundancy features', 'sparse features', 'feature selection', 'central point link information', 'central point matrix', 'latent representation', '2-norm constraint', 'data', 'laplacian matrix', 'manifold structure', 'link graph'] 

Reference 264: ['center matrix', 'link information', 'sparse latent representation', 'unsupervised feature selection', 'dual graph structure'] 

TOP-K 265: [['point cloud'], 'attention-based fusion module', 'point cloud analysis', 'local-to-global representation', 'deep fusion', 'global features', 'experimental results', 'novel rotation-invariant method', 'global rotation-invariant information', '3d shapes', 'point-based deep networks', 'multiple fusion modules', 'non-local information', 'rotation-invariant property', 'classification accuracy gains'] 

Reference 265: ['point cloud', 'rotation invariance', 'local-to-global', 'deep learning'] 

TOP-K 266: ['ssmc', ['graph learning'], 'graph regularization', 'subspace learning', 'low dimensional consensus features', 'structured graph learning', 'graph', 'novel framework', 'embedded features', 'embedded feature space', 'subspace', 'optimization algorithm', 'adaptive structured graph', 'multi-view clusteringis', 'multiple views'] 

Reference 266: ['multi-view clustering', 'latent space', 'subspace clustering', 'graph learning'] 

TOP-K 267: ['high-order correlations', 'frobenius-norm-based regularization', 'multi-view data', 'latent tensor', 'weighted tensor nuclear norm', 'heterogeneous information', 'multiple views', 'consistent graph learning method', 'multiple graphs', 'common affinity matrix', 'global structure', 'views', 'single view', 'possible noise', 'intrinsic structure'] 

Reference 267: ['spectral clustering', 'multi-view clustering', 'tensor learning', 'graph learning'] 

TOP-K 268: ['nssgca', 'tensor submodule framework', 'cluster-aware attention mechanism', 'representation tensor', 'representation tensor structures', '3rd-order tensor', 'approximate tensor rank', 'nonconvex norms', 'nonconvex schatten', '3rd-order tensor samples', 'clustering tasks', 'construct ssg term', 'sliced sparse gradientregularization', 'experimental results', '2d images'] 

Reference 268: ['tensor based sparse representation', 'submodule clustering', 'tensor schatten p-norm', 'union of free submodulesℓqnorm', 'ssg', 'cluster-aware'] 

TOP-K 269: ['semi-supervised graph machine learning', ['semi-supervised node classification'], 'high-quality node representations', 'oversmoothing', 'node representations', 'higher-order neighbor info', 'graph benchmark datasets', 'comparative experiments', 'features', 'unique learning algorithm', 'adequate graph information', 'efficient mining', 'outperform state-of-the-art competitors', 'hidden information', 'alignment rules'] 

Reference 269: ['attributes mining', 'high-order neighborhood exploration', 'semi-supervised node classification', 'graph neural networks'] 

TOP-K 270: ['dbscan clustering algorithm', 'density-reachable condition', 'clustering technique', 'local feature similarities', 'neighborhood information reconstruction', ['surface extraction'], 'point clouds', 'local quadric surface', 'normal estimation method', ['surface extractions'], 'adjacent quadratic patches', 'quadric fitting surface', 'boundary detection method', 'coplanar condition', 'subdivision strategy'] 

Reference 270: ['3d point clouds', 'surface extraction', 'dbscan', 'quadric surface'] 

TOP-K 271: ['dynamic channel pruning', 'fgc', 'feature-gate couplingmethod', 'deep neural networks', 'contrastive loss', 'significant pruning performance gains', 'feature-gate couplingapproach', 'feature', 'run-time computational cost', 'gate distributions', ['instance neighborhood relationships'], 'second step', 'dynamic network pruningto', 'substantial progress', 'feature-gate distribution inconsistency'] 

Reference 271: ['contrastive self-supervised learning', 'dynamic network pruning', 'feature-gate coupling', 'instance neighborhood relationship'] 

TOP-K 272: ['cvc', ['contrastive learning'], 'contrastive clustering method cvc', 'online contrastive visual clusteringmethod', 'arbitrary self-supervised learning frameworks', 'computer vision', 'current semantic clustering methods', 'intra-class correlation', 'clustering error accumulation', 'similar feature embeddings', 'instance-level discrimination', 'valuable intra-class correlation', 'ground-truth guidance', 'generic method', 'iteration process'] 

Reference 272: ['self-supervised learning', 'contrastive learning', 'deep clustering'] 

TOP-K 273: ['transformer-based cross-feature fusion module', ['transformer'], 'structure-to-detail perception capabilities', 'u-net architecture', 'cross-feature fusion', 'adaptive perception module', 'novel framework', 'long-range contextual dependencies', 'real-world scenes', 'border ambiguity', 'encoder features', 'contextual information', 'feature offsets', 'segmentation results', 'semantic information'] 

Reference 273: ['transformer', 'attention', 'semantic segmentation', 'point cloud scenarios'] 

TOP-K 274: ['mlenet', 'video-based action recognition models', 'temporal modeling', 'fine-grained high-level temporal features', 'optical flow', 'rgb input', 'local deep detail information', 'laborious optical flow extraction', 'modeling temporal structure', 'novel approach', 'long distances', 'contextual data', 'substantial performance enhancements', 'differential extraction algorithm', 'seamless integration'] 

Reference 274: ['action recognition', 'spatio-temporal', 'temporal feature refinement extraction module', 'motion information', 'optical flow guided feature'] 

TOP-K 275: ['textureless-aware segmentation', 'iterative correlation refinement', 'textureless areas', 'textureless-aware segmentation method', 'joint hypothesis', 'confidence estimator', '3d reconstruction', 'multi-view stereo', 'state-of-the-art results', 'correlative refinement', 'strong generalization capability', 'large textureless regions', 'reliable pixel correspondences', 'incorrect depth estimations', 'edge detection'] 

Reference 275: ['multi-view stereo3d reconstruction', 'filtering', 'superpixel', 'segmentation'] 

TOP-K 276: ['human emotional experience', 'image aesthetics perception', 'user comments', 'emotion information', 'image aesthetics', 'emotion', 'image emotion', 'aesthetics', 'visual content', 'human subjective feelings', 'aesthetic learning', 'aesthetic representation learning', 'emotional semantic information', 'potential impact', 'intrinsic relationships'] 

Reference 276: ['image aesthetics assessment', 'multimodal learning', 'image emotion analysis'] 

TOP-K 277: ['collaba', 'dual-path modulated-aggregated enhancer', 'multi-scale degradation removal branch', 'specialized enhancer', 'generative modulation priors', 'naive time-consuming learning strategy', 'real-world benchmark datasets', 'low-light conditions', 'high-quality sharp images', 'low-resolution dark-light images', 'dual-path modulated-interactive structure', 'state-of-the-art approaches', 'generative modulation', 'illuminance attention information', 'spatial feature transformation'] 

Reference 277: ['low-light image', 'bi-level optimization', 'image enhancement', 'deep learning'] 

TOP-K 278: ['angiosperm arabidopsis thaliana', ['myb-related transcription factors'], 'myb-related genes', ['chloroplast biogenesis'], 'chloroplast development', ['glk transcription factors'], 'myb-related proteins', 'chloroplast biogenesis mutants', 'photosynthesis gene expression', 'glk proteins', 'glk mutants', 'chlorophyll biosynthesis', 'angiosperm', 'glk targets', 'co2 fixation'] 

Reference 278: ['chloroplast biogenesis', 'photosynthesis', 'marchantia', 'arabidopsis', 'glk transcription factor', 'myb-related transcription factor'] 

TOP-K 279: ['cd19-targeting car-t cells', 'refractory immune-mediated necrotizing myopathy', 'car-t therapy', 'off-the-shelf car-t cells', 'b cell depletion', 'refractory autoimmune diseases tyu19', 'diffuse cutaneous systemic sclerosis', 'refractory imnm tyu19', 'allograft rejection', 'cells', 'immune rejection', 'complete b cell depletion', 'patient', 'critical organs', 'extensive fibrotic damage'] 

Reference 279: ['allogeneic car-t cellsautoimmune diseasessystemic sclerosismyositis', 'cd19'] 

TOP-K 280: ['rh5-reactive b cells', 'non-neutralizing epitopes', ['rh5'], 'rh5 mabs', 'malaria-exposed individuals', 'rh5-vaccine-induced responses', 'malaria-exposed malian individuals', 'immunoglobulin gresponses', 'natural malaria infection', 'malaria-naive uk individuals', 'next-generation rh5 vaccines', ['natural infection'], 'rh5 malaria infection', 'epitope infection', 'potent mabs'] 

Reference 280: ['rh5', 'plasmodium falciparum', 'monoclonal antibodies', 'malaria', 'natural infection', 'vaccine design'] 

TOP-K 281: [['hcov-hku1'], ['tmprss2'], 'sialoglycan', 'hcov-hku1c spike', 'tmprss2 recognition', 'sialoglycan binding', ['glycan receptor'], 'hcov-hku1 spike', 'viral spike', ['proteinaceous receptor'], 'rbd', 'synergistic mechanism', 'binding assays', 'different receptors', 'insertion subdomain'] 

Reference 281: ['hcov-hku1', 'viral entry', 'tmprss2', 'proteinaceous receptor', 'glycan receptor'] 

TOP-K 282: ['human wdr11-fam91a1 complex', 'wdr11-fam91a1 complex', 'human wdr11-fam91a1 complex wdr11', 'wdr11 complex assembly', 'clathrin-associated ap-1 complex', 'cryo-em structure', ['neuronal development'], 'acidic clusters', 'sac-containing proteins', 'super acidic clusters', 'cytoplasmic tails', 'protein transport', 'proper neuronal development', 'sac motif'] 

Reference 282: ['vesicle trafficking', 'cargo selection', 'vesicle tethering', 'neuronal development', 'wdr11', 'ap-1'] 

TOP-K 283: ['ecm-mitochondria crosstalk', 'ecm remodeling', 'tgf-β signaling', 'ecm-to-mitochondria communication pathway', 'hyaluronan degradation', 'mitochondrial stress responses', 'mechanical-stress-induced ecm damage', 'mitochondrial signaling', 'mitochondrial homeostasis', 'ancient immune pathway', 'ecm-to-mitochondria communication ecm remodeling', 'tgf-β response', 'mitochondrial fission', 'metabolic responses', 'organismal level'] 

Reference 283: ['extracellular matrix', 'hyaluronan', 'tmem2', 'mitochondria', 'tgf-β', 'immunity'] 

TOP-K 284: ['polya site usage', 'cpa regulators', 'nuclear rna life cycle', 'rna life cycle', 'co-regulated polya sites', 'multiplexed perturbation screen dataset', 'intronic polya sites', 'transcriptome-wide inference', 'polya site usage pasta', 'regulatory complexes', 'polya site choice', 'genetic perturbations', 'cis-regulatory code', 'perturbation-dependent changes', 'sequence features'] 

Reference 284: ['cleavage and polyadenylation', 'alternative polyadenylation', 'post-transcriptional regulation', 'perturb-seq', 'rna processing'] 

TOP-K 285: ['or70a-expressing sensory neurons', 'transgenic line', 'two-photon functional imaging', 'odor-coding pattern', 'ring-shaped glomerular arrangement', 'multiplexed glomerular innervation pattern', 'odor-specific chemotopic representation', 'ring-shaped odor code', 'glomerular rings', 'ring-shaped odor-coding pattern', 'spatial activation patterns', 'antennal lobe', 'unconventional spatial olfactory code', 'glomerular population', 'chemical identity'] 

Reference 285: ['locusta migratoriahemimetabolatwo-photon functional imagingchemotopyolfactory codingglomerular clusterantennal lobe'] 

TOP-K 286: ['cftr potentiator-binding site', 'molecular docking', 'mid-nanomolar potentiators', 'cftr modulators', 'high oral bioavailability', 'large-scale molecular docking', 'allosteric inhibitors', 'medicinal chemistry', 'suboptimal pharmacokinetics', 'test ligands', ['inhibitors'], 'structure-based optimization', 'potentiator site', 'promising potentiator', 'candidate modulators'] 

Reference 286: ['ligand discovery', 'anion channel', 'abc transporter', 'potentiators', 'inhibitors', 'large-scale docking'] 

TOP-K 287: [['machine learning'], 'prokaryotic genomes', 'prokaryotic amp sequences', 'antibiotic-resistance crisis', 'peptides', 'machine-learning-based approach', 'non-redundant peptides', 'new antibiotics', 'ampsphere', ['global microbiome'], ['antibiotic discovery'], 'host-associated habitats', 'open-access resource', 'genomic fragmentation', 'antimicrobial peptideswithin'] 

Reference 287: ['machine learning', 'metagenomics', 'antimicrobial peptides', 'antibiotic discovery', 'antimicrobial activity', 'global microbiome', 'antibiotic resistance'] 

TOP-K 288: ['progestins', ['eggerthella lenta'], 'sex hormones', ['21-dehydroxylation'], 'certain bacterial progestins', 'postpartum depression', 'metabo-regulatory steroids', 'fda-approved drug', '21-dehydroxylation genes', 'host physiology', 'homologous expression', 'abundant biliary corticoids', 'heterologous expression', 'pregnancy', 'comparative genomics'] 

Reference 288: ['21-dehydroxylation', 'hydrogen gas', 'eggerthella lenta', 'neurosteroids'] 

TOP-K 289: ['vertebrate centromere biology', 'chromosome segregation', 'merotelic kinetochore-spindle attachments', 'core centromere chromatin', 'centromere subdomains', 'chromosomes', 'merotelic attachments', 'cancer cell divisions', 'centromere subdomain', 'faithful chromosome segregation', 'cell division', 'discrete microtubule bundle', 'cohesin links', 'cancer cells', 'spindle forces'] 

Reference 289: ['mitosis', 'centromere', 'kinetochore', 'chromatin organization', 'condensin', 'cohesin', 'chromosomal instability'] 

TOP-K 290: [['c-crispr'], 'c-crispr-based ibc strategy', 'rat forebrain tissue', 'xenogeneic rat forebrain tissues', 'ibc strategy', ['interspecies organogenesis'], 'rat forebrain tissues', 'hesx1 deficiency', 'rat forebrains', 'cross-species comparative analyses', 'forebrain agenesis', 'rat escs', 'rat-like transcriptome profiles', 'rat-specific gene expression', 'quick candidate gene screening'] 

Reference 290: ['interspecies chimeras', 'rat-mouse chimeras', 'interspecies blastocyst complementation', 'interspecies neural blastocyst complementation', 'interspecies forebrain blastocyst complementation', 'interspecies organogenesis', 'c-crispr'] 

TOP-K 291: ['human centriole', 'centriolar proteins', ['expansion microscopy'], 'sub-structural elements', 'molecular architecture', 'organelle assemblies', 'human procentriole assembly', 'centriole biogenesis steps.centriole biogenesis', ['time-series reconstruction'], 'structural features', 'centriolar proteins cluster analysis', 'sub-structural elements modeling', 'centriole assembly dissection', '4d assembly', 'architectural growth'] 

Reference 291: ['centrioles', 'expansion microscopy', 'super-resolution microscopy', 'centriole assembly', 'molecular mapping', 'time-series reconstruction', 'centriole duplication'] 

TOP-K 292: ['synapsin-clustered reserve pool condensate', 'active zone protein condensate', 'synaptic vesicletransport', 'active zone condensate', 'trk-fused gene', 'vesicle tethering', 'elks1 pclo', 'sv transport', 'svs', 'different presynaptic bouton sub-compartments', 'er-golgi intermediate compartment', 'directional vesicle transport', 'reserve pool condensate', ['phase separation'], 'synaptic proteins'] 

Reference 292: ['vesicle transport', 'vesicle trafficking', 'phase separation', 'synaptic vesicle cycling'] 

TOP-K 293: ['stt3a', 'nf-κb-driven suicide gene', 'lps receptor toll-like receptor', 'oligosaccharyltransferase complex ost-a', 'nf-κb stt3a', 'ost-a subunit stt3a', 'stt3a-specific inhibitors', 'ngi-1-resistant variants', ['n-glycosylation'], 'catalytic subunit', 'cell-surface localization', 'paralog stt3b', 'drug-binding pocket', 'stt3a ngi-1', 'glycan donor'] 

Reference 293: ['oligosaccharyltransferase', 'n-glycosylation', 'inhibition mechanism', 'nf-κb', 'crispr screening', 'toll-like receptors'] 

TOP-K 294: ['itpripl1-cd3ε interaction', ['cd3ε'], 'itpripl1 extracellular domain', 'immune-privileged testis', 'cd3ε ligand', 'tcr-cd3 complex signaling itpripl1', 'zap70 phosphorylation', 'tumor microenvironment', 'mouse models', 'inhibitory ligand', 'itpripl1 functions', 'cells', 'multiple tumor types', 'multiple tumors', 'tumor-specific cytotoxicity itpripl1 antibody'] 

Reference 294: ['cd3ε', 'itpripl1', 'immune checkpoint', 'immune evasion', 'cancer immunotherapy'] 

TOP-K 295: ['oscillibacter genus', 'cholesterol metabolism', 'cholesterol-metabolizing enzymes', 'cvd oscillibacter species', 'molecular networking', 'diverse oscillibacter spp', 'cholesterol enzymes', 'multi-omic profiling', 'microbial pathways', 'plasma cholesterol levels', 'cholesterol-metabolizing capabilities', 'functional prediction', 'integrated analysis', 'stool cholesterol homology searches', 'products oscillibacter species'] 

Reference 295: ['cardiovascular disease', 'microbiome', 'metabolome', 'cholesterol', 'oscillibacter'] 

TOP-K 296: ['type', 'neuronal engulfment', ['microglia'], 'dna-damaged neurons', 'brain pathology ifn-i-responsive microglia', 'ifn-i', 'ifn-i deficiency', 'ifn-i receptor', 'phagolysosomal dysfunction', 'interferon', 'nuclear dna damage', 'excess cortical excitatory neurons', ['tactile hypersensitivity'], 'excitatory/inhibitory imbalance', 'cortical development ifn-i deficiency'] 

Reference 296: ['type i interferon', 'microglia', 'neuroimmunity', 'phagocytosis', 'somatosensory cortex', 'cortical development', 'tactile hypersensitivity'] 

TOP-K 297: ['first-in-class small-molecule-based mkk4 inhibitor', 'hrx215', 'liver transplantation', 'liver disease mouse models', 'extensive oncological liver resections', 'clinical trials', 'hepatectomy', 'hepatocyte regeneration', 'extended liver resections', ['liver failure'], 'end-stage liver', ['liver regeneration'], 'excellent pharmacokinetics', 'pigs', 'humans mkk4i'] 

Reference 297: ['liver', 'liver regeneration', 'liver failure', 'partial hepatectomy', 'mkk4', 'drug discovery and development', 'first-in-human phase i trial'] 

TOP-K 298: ['mir319c-myb33 module', 'cotton mir319c-myb33 module', ['ghmyb33'], 'della protein ghgai1', 'verticillium dahliae infection', 'ghmyb33 expression', 'ghspl9', 'plant resistance', 'ghspl9 promoter', 'internode elongation', 'ghdfr1 transcription', 'specific cis-elements', 'plant growth', 'defense', 'ghdfr1 promoters'] 

Reference 298: ['ghmyb33', 'ghr-mir319c', 'trade-off', 'gossypium hirsutum', 'verticillium dahliae'] 

TOP-K 299: ['triticeae-specific tacipk17 duplicates', 'igg analysis', ['cipks'], 'igg method', 'triticeae-specific tacipk', 'drought tolerance', 'cbl genes', 'transgenic plants', 'triticeae-specific cipk', 'stoichiometric balance', 'wheat', 'drought', 'monocot species', 'divergent expression', 'functional validation'] 

Reference 299: ['integrative gene duplication and genome-wide analysis', 'evolutionary expansion', 'reverse genetics', 'triticeae species', 'cbl', 'cipk'] 

TOP-K 300: ['wheat dwarf india virus', ['genome editing'], ['wdiv'], 'first geminivirus', 'high-throughput genome editing', 'infected wheat', 'tissue culture-free genome editing', 'wheat', 'virus genome', 'oat', 'reverse genetics', 'viral vector', 'corn', 'broad host range', 'study'] 

Reference 300: ['wdiv', 'aylcb', 'monocot-dicot barrier', 'gene silencing', 'genome editing'] 

TOP-K 301: [['nestin'], 'multilineage stem/progenitor cells', 'nestin expression', 'tissue development', 'tissue regeneration', 'current studies', 'potential', 'distribution', 'pathological processes', 'current findings', 'tissue regeneration processes', 'key scientific concepts', 'cell populations', 'potential clinical implications', 'cells'] 

Reference 301: ['intermediate filament proteins', 'nestin', 'stem cells', 'progenitor cells', 'biomarkers'] 

TOP-K 302: [['diabetic cardiomyopathy'], 'toll-like receptor 9signaling pathway', 'tlr9', 'triad3a', 'k48-linked ubiquitination', 'canonical inflammatory signaling', 'triad3a expression', 'tlr9 activity', 'glucose uptake', 'cardiac-specific tlr9 overexpression', 'proteasomal degradation', 'diabetic cardiac damage', 'diabetes heart', 'energy metabolism', 'diabetic cardiomyopathyand'] 

Reference 302: ['diabetic cardiomyopathy', 'toll-like receptor 9triad3a', 'ubiquitination', 'mitochondrial bioenergetics'] 

TOP-K 303: [['salmonella'], 'clya', 'anti-cancer salmonella', 'recurrent salmonella inoculation', 'clya expression', 'immunohistochemical staining', 'qs-controlled tumor-specific expression', 'o-antigen deficiency', 'auxotrophic salmonella', 'anti-tumor effect', 'qs-controlled expression', 'qs signaling', 'salmonella strain', 'low endotoxicity', 'qs activation'] 

Reference 303: ['salmonella', 'tumoricidal activity', 'reduced endotoxicity', 'tryptophan auxotroph', 'cytolysin a', 'quorum sensing'] 

TOP-K 304: ['af', 'dedifferentiated cardiomyocytes', 'single-nuclei rna-sequenciganalysis', 'left atrial appendage', 'tissue remodeling', 'af patients', 'm2-like macrophages', 'vascular remodeling pathway', 'stress transcription factors', 'intercellular communication', 'extracellular matrix', 'extracellular-matrix related genes', 'cardiac contractile proteinsand', 'vascular remodeling signals', 'genes sorbs2'] 

Reference 304: ['atrial fibrillation', 'single-nuclei rna-sequencing', 'cardiomyocyte dedifferentiation', 'epicardial adipose tissue', 'left atrial appendage remodeling'] 

TOP-K 305: ['astrocytes', 'lcacs', 'astrocytic mitochondrial damage', 'mitochondrial damage', 'astrocytic mitochondrial dysfunction', 'ais', 'carnitine palmitoyltransferase', 'neuronal damage', 'ffas', 'stroke injury', 'prognostic biomarkers', 'mitochondria', ['lipid droplets'], 'astrocytic metabolic support', 'conclusion lcacs'] 

Reference 305: ['long-chain acylcarnitine', 'ischemic stroke', 'biomarker', 'astrocytic mitochondrial', 'lipid droplet'] 

TOP-K 306: [['liver metastasis'], 'lm immunotolerance', 'common tumor environment immunotolerance', 'liver metastasis common features', 'low immune cells expression', 'lm common immune featurescore', 'novel lmcif score', 'rna sequencing data', 'prognosis', 'metastatic cancers', 'clinical disease management', 'immune cells', 'cancer types', 'patients', 'immunotherapy response'] 

Reference 306: ['liver metastasis', 'pan-cancer', 'immunotolerance', 'immunotherapy', 'krt19'] 

TOP-K 307: [['mettl3'], 'mettl3 expression', 'mettl3 overexpression', 'escc tumorigenesis', 'escc', 'c-myc mrna methylation', 'mettl3/myc axis', 'fn', 'escc tissues', 'escc proliferation', 'mrna stability', 'escc cells proliferation', 'fn abundance', 'metastasis', 'brca cells'] 

Reference 307: ['fusobacterium nucleatum', 'mettl3', 'm6a methylation', 'c-myc', 'esophageal squamous cell carcinoma'] 

TOP-K 308: ['plasma glycoproteomics', 'plasma n-glycoproteome analysis', 'glycoprotein biomarkers', ['glycoproteomics'], 'site-specific glycosylation changes', 'plasma n-glycoproteomics', 'protein n-glycosylation pathway', 'glycosylation changes', 'chemometric analyses', 'biomarker applications', 'well-defined glycosylation pathways', 'glycobiological mechanisms', 'bioinformatic analyses', 'glycobiology processes', ['blood plasma']] 

Reference 308: ['glycosylation', 'glycoproteomics', 'blood plasma', 'congenital disorders of glycosylation', 'clinical applications'] 

TOP-K 309: ['cardiac fibroblasts', ['alkbh5'], 'erbb4 mrna demethylation', 'hypoxic fibroblasts', 'erbb4 mrna', 'alkbh5/erbb4', 'infarct repair', 'post-mi healing', 'alkbh5 expression', 'post-mi cardiac rupture', 'deteriorated cardiac function', ['cardiac rupture'], 'hypoxia-related role', 'fibroblast activation', 'post-mi repair phase'] 

Reference 309: ['m6a modification', 'alkbh5', 'myocardial infarction', 'cardiac rupture', 'hypoxia', 'erbb4'] 

TOP-K 310: [['pcsk9'], 'rheumatoid arthritis rats', 'collagen-induced arthritis rats', 'm1 macrophages polarization', 'cia rats', 'af', 'atrial structural remodeling', 'elevated pcsk9', 'ra patients', 'af risk', 'cardiac fibroblasts', 'cardiac myocytes', 'level', 'enhancement'] 

Reference 310: ['rheumatoid arthritis', 'atrial fibrillation', 'pcsk9', 'evolocumab'] 

TOP-K 311: [['enteric fungi'], 'iir injury', 'gsdmd-mediated pyroptosis', 'gsdmd cleavage', 'intestinal morphology', 'fungi', 'macrophages', 'fungal colonization', 'enteric fungi diversity', 'mannan supplementation', 'intestinal epithelial cells', 'saa1 expression', 'macrophage involvement', ['mannan'], 'single-fungal strains'] 

Reference 311: ['enteric fungi', 'intestinal ischemia–reperfusion injury', 'mannan', 'antifungal therapy', 'pyroptosis'] 

TOP-K 312: ['cdk2/trim32/stat3 pathway', 'radiotherapy', 'tnbc', 'tc45-dephosphorylated stat3', ['cdk2'], ['radioresistance'], 'nuclear trim32', ['triple-negative breast cancer'], 'cdk2-dependent phosphorylation', 'tnbc therapy', 'cis-trans isomerization', ['trim32'], ['nuclear translocation'], 'importin α3 binding', 'serines'] 

Reference 312: ['cdk2', 'trim32', 'nuclear translocation', 'radioresistance', 'triple-negative breast cancer'] 

TOP-K 313: ['n', 'imidacloprid-resistant n', 'virulent/resistant genotypes', 'lugens', 'lugens population', 'resistant rice ir36', 'nicotinic acetylcholine receptor', 'avirulent/susceptible genotype', ['insecticide resistance'], 'p450 cyp4c61', 'resistant rice', 'virulence', 'cyp4c61', 'insecticide resistance-related genes', 'china'] 

Reference 313: ['evolution', 'insecticide resistance', 'insect-resistant rice', 'interaction', 'population genetic structure'] 

TOP-K 314: ['fumonisins contamination', 'fums contamination', ['decontamination'], 'prevention', 'biotechnological approaches', 'post-harvest strategies', 'fums management', 'post-harvest management', 'significant economic losses', 'major mitigation strategies', 'major strategies', 'key scientific concepts', 'mechanisms', 'potential applications', 'food chains'] 

Reference 314: ['mycotoxins', 'fumonisins', 'control strategies', 'food safety', 'decontamination', 'biotechnology'] 

TOP-K 315: [['psychological stress'], 'αkg/tet2/pparγ axis', ['gut microbiome'], 'ams homeostasis', 'gaba-conditioned ams', 'microbiome-derived tonic signaling', 'gaba-producing probiotics', 'stress-exacerbated viral pneumonia', 'microbial gaba', 'microbiome depletion', 'pulmonary αkg level', 'disturbing gut microbiome', ['respiratory viral infections'], 'gaba level', 'gut microbiome transplantation'] 

Reference 315: ['psychological stress', 'gut microbiome', 'alveolar macrophages', 'gaba', 'respiratory viral infection'] 

TOP-K 316: ['heligmosomoides polygyrus/bakeri', 'new thiosemicarbazide', 'anthelmintic activity', 'pathogenic nematode species', 'anthelmintic activity tests', 'cyp450 enzymes', 'ii-1', 'sdh enzyme', '1,2,4-triazole derivatives', 'compound ii-1', 'test compound', 'parasitic diseases', 'systemic toxicity', 'compound', 'potential molecular targets'] 

Reference 316: ['anthelmintic therapy', 'nematicidal compounds', 'rhabditis sp.haemonchus contortus', 'strongylidae sp.heligmosomoides polygyrus/bakeri'] 

TOP-K 317: ['cerk inhibition', 'hape', 'cerk-derived c1p', 'exogenous c1p', 'exogenous c1p treatment', ['mitochondrial dynamics'], 'arntl degradation', 'mitophagy defects', ['circadian rhythms'], 'arntl autophagic degradation', 'mitochondrial damage', ['circadian rhythm'], 'oxidative stress', 'arntl expression', 'relieved hape'] 

Reference 317: ['ceramide-1-phosphate', 'hypoxia', 'pulmonary edema', 'circadian rhythm', 'mitochondrial dynamics'] 

TOP-K 318: ['quinoline-based photoinitiators', 'quinoline photoinitiators', 'udma-based resins polymerization', 'photopolymerization process', 'hydroxyl-containing quinoline', 'photoinitiator materials', 'udma', 'efficient photopolymerization', 'type', 'qnma photoinitiators', 'photoexcitation process', 'methacrylate group', ['quinoline derivative'], 'dft-based approach', 'rigid udma polymers'] 

Reference 318: ['quinoline derivatives', 'photoinitiator', 'photopolymerization', 'fluorescent polymers', 'density functional theory'] 

TOP-K 319: ['lignocellulosic biomass', 'broussonetia papyrifera bark', 'lignocellulosic biomass materials', 'oad hydrolysis', 'lcn', 'bpb', 'bpbs', 'oad hydrolysis treatment', 'pure oxalic acid dihydrate', 'woody materials', 'oad', 'unpretreated bpbs', 'preferred lignocellulosic biomass', 'specific supramolecular structure', 'lignocellulosic biomasswere'] 

Reference 319: ['broussonetia papyrifera', 'cellulose', 'lignin-containing nanocellulose', 'oxalic acid dehydrate'] 

TOP-K 320: ['high performance ptlcp fibers', 'high-performance flame retardant materials', 'flame retardant properties', 'synergistic flame retardant mechanism', 'as-spun fibers', 'low sdr', '6-hydroxy-2-naphthenic acid', 'polymeric fibers', 'condensed phase', 'as-spun fiber', 'maximum tensile strength', 'terephthalic acidand', 'good thermal stability', 'excellent flame retardance', 'spinneret draw'] 

Reference 320: ['phosphorus-containing polymer', 'thermotropic liquid crystal copolyester', 'fiber', 'flame retardancy', 'mechanical property'] 

TOP-K 321: ['novel poly cyclopentadithiophene-alt-thiophene', 'novel in-memory computing paradigm', 'high-performance polymer memristors', 'brainoid intelligence', 'excellent nonvolatile memristive performance', 'long-term potentiation/plasticity transition', 'short-term synaptic plasticity', 'ptt-br film', 'as-fabricated electronic device', 'low power consumption', 'human memory', 'analog-type switching behaviors', 'ferrocene moieties', 'redox activity', 'distinguishable conductance states'] 

Reference 321: ['cyclopentadithiophene', 'conjugated polymer', 'artificial synapses', 'dual information encryption'] 

TOP-K 322: ['biomimetic osteochondral scaffold', '3d-printed biomimetic scaffolds', 'osteochondral regeneration', ['osteochondral repair'], '3d printing ink', 'osteochondral scaffold', 'sustained-release bmp-2 hydrogel system', 'tissue regeneration', '3d-printed scaffold', 'bmp-2 interaction', 'hydrogel scaffolds', 'bilayer scaffolds', 'significant tissue repair effects', 'sustained-release bmp-2 system', 'biological evaluation'] 

Reference 322: ['biomimetic scaffold3d printing', 'composite crosslinking', 'osteochondral repair', 'sustained release system, bmp-2'] 

TOP-K 323: ['tung oil polyol', ['tung oil'], 'wood coatings', 'biomass-based resins', 'isophorone diisocyanate', 'photocuring properties', 'petroleum-based resins', 'excellent resin mechanical properties', 'excellent mechanical properties', 'environmental friendliness', 'acrylic ester', 'oil proof performance', 'wooden products', 'volatile solvents', 'resin'] 

Reference 323: ['tung oil', 'polyurethane resin', 'uv photocuring'] 

TOP-K 324: ['balsa wood', 'atrp polymerisation', 'atom transfer radical polymerizationmethod', 'hydrophobic wood', 'cost-effective insulation material', 'long-term hydrophobic stability', 'water contact angle', 'exceptional hydrophobicity', 'natural texture', ['thermal insulation'], 'biomaterials.balsa wood', 'wood surfaces', 'inherent hydrophilicity', 'innovative technique', 'hydrophobic chains'] 

Reference 324: ['wood', 'arget-atrp', 'hydrophobic', 'thermal insulation'] 

TOP-K 325: ['thermoresponsive molecular bottlebrushes', 'oeg-containing molecular polymer bottlebrushes', 'oeg', 'n-alkyl blocks', 'molecular brushes', 'amphiphilic characterization', 'oligoethylene glycol', 'tpt', 'quantitative amphiphilic characteristics', 'polymers', ['phase transition temperatures'], 'macromolecules', 'tpt values', 'oligopropylene glycol', 'hlbp values'] 

Reference 325: ['oligomethacrylate', 'thermoresponsive polymer', 'phase transition temperature', 'hydrophilic-lipophilic balance', 'correlation'] 

TOP-K 326: ['gelma hydrogels', 'gelma hydrogel properties', 'uv-curable bioprinting', 'biomedical versatility', 'molecular network density', 'dmn', 'dmn impact', 'gelma applications', 'cellular microenvironments', 'dmn theory', 'tissue engineering', 'customizable gelma', 'material properties', 'gelma performance enhancement', 'tunable mechanical characteristics'] 

Reference 326: ['gel', 'ma hydrogel', 'biomedical application', 'biomaterials'] 

TOP-K 327: [['ring-opening copolymerization'], 'cdc', 'cyclic anhydride', 'ring-opening copolymerizationof epoxides', 'self-switchable polymerization', 'diblock copolyester', 'cyclic anhydrides', 'single-component organic initiator', 'diffusion-ordered spectroscopy', 'bio-based monomers', 'terpolymer product', 'one-pot synthesis', 'monomers', 'self-switchable polymerizationin', 'high conversion'] 

Reference 327: ['carbodicarbene', 'ring-opening copolymerization', 'polyester', 'bio-based polymer', 'terpolymer'] 

TOP-K 328: ['superhydrophobic surface coating', 'lta-zeolite-coated pdms surface', 'superhydrophobic surface', 'linde type azeolite crystals', 'microfluidic chip fabrication', 'contact angle hysteresis', 'self-cleaning coatings', 'pdms', 'silane coupling', 'water vapor barriers', 'superhydrophobic behavior', 'hierarchical surface roughness', 'superhydrophobic state', 'excellent self-cleaning properties', 'contact angle'] 

Reference 328: ['lta zeolite film', 'self-cleaning', 'superhydrophobic coating', 'surface roughness'] 

TOP-K 329: ['nanocomposite hydrogels', 'hydrogels', ['biomedical applications'], 'polymeric hydrogels', 'various biomedical applications', 'cell transplantation', 'basic structure', 'endogenous regeneration', 'drug delivery', '2d nanomaterialsinto', 'tissue engineering', 'structural modification', 'various research areas', 'multifunctional applications', 'key obstacles'] 

Reference 329: ['two-dimensional materials', 'polymers', 'composite hydrogels', 'molybdenum disulfide', 'phosphorene', 'biomedical applications'] 

TOP-K 330: ['self-strengthening polymers', 'self-strengthening polymeric materials', 'preparation methods', 'self-strengthening polymer', 'self-strengthening materials', 'mechanophore groups', 'free radical polymerization', 'potential research directions', 'activation mechanisms', 'mechanical forces', 'self-strengthening response', 'material properties', 'activation mechanism', 'extensive research interests', 'fracture defects'] 

Reference 330: ['mechanochemistry', 'strengthening', 'in situ crosslinking', 'force-responsive polymers', 'stimuli-responsive polymers'] 

TOP-K 331: ['capeo hemostatic powder', ['capeo'], 'epidermal regeneration', 'low-temperature plasma irradiationtechnique', 'rat skin wound model', 'hemostatic material', ['wound healing'], 'excellent hydrophilicity', 'collagen deposition', 'skin wound repair', 'hemostatic ability', 'clinical practice', 'great cytocompatibility', 'substantial blood loss', 'wound healing scenarios'] 

Reference 331: ['low-temperature plasma irradiation', 'capeo', 'hemostasis', 'wound healing'] 

TOP-K 332: ['petro-based isocyanatemonomers', 'low particle-size waterborne dispersions', 'nipurea', ['waterborne dispersions'], 'novel bio-based non-isocyanate polyurea', 'bio-based non-isocyanate poly', 'amphiphilic nipurea-peg hybrids', 'acrylate hybrids', 'reactive acrylate moieties', 'sustainable coatings', 'efficient acrylate incorporation', 'safe aza-michael modification', 'uv light', 'diacrylatevia aza-michael reaction', 'ethylene glycol'] 

Reference 332: ['bio-based', 'non-isocyanate polyurea', 'waterborne dispersion', 'amphiphilic copolymers', 'uv curable'] 

TOP-K 333: ['hetero-structured nfys', 'polyfunctional nanomaterials', 'conjugate electrospinning', 'fe3o4 nps', 'tunable color photoluminescence', 'conjugate electro-spinning technique', 'hetero-structured nanofiber yarnswith', 'nfys', 'color-tunable luminescence', ['superparamagnetism'], 'multifunctional composite materials', 'hetero-structured nanofiber yarnsis', 'dual-functional capability', 'various materials', 'wide color range'] 

Reference 333: ['hetero-structured nanofiber yarn', 'conjugate electro-spinning', 'photoluminescence', 'superparamagnetism', 'bifunctionality'] 

TOP-K 334: ['conductive polymer hydrogels', 'pyridine-4-boronic acid derivatives', 'polyvinyl alcohol', 'polymer hydrogel', 'hydrogel sensors', 'dual-network flexible hydrogel', 'ultra-high toughness', 'health care monitoring', 'hydrogel', 'simple one-pot method', 'good ionic conductivity', 'soft robots', 'reasonable self-healing efficiency', 'excellent stretchability', 'pbad'] 

Reference 334: ['borate ester bond', 'double network hydrogel', 'conductive', 'anti-freezing'] 

TOP-K 335: [['emulsion templating polymerization'], 'innovative photo-bactericidal macroporous polymers', 'photo-bactericidal quinizarin-based membranes', '3d-interconnected quinizarin-functionalized macroporous monoliths', 'quinizarin-containing polyhipes', 'quinizarin photosensitizer', 'quinizarin-based porous membranes', 'qma-functionalized polyhipes', 'antibacterial porous polymers', ['porous monoliths'], 'visible light irradiation', 'macroporous materials', 'quinizarin-functionalized emulsion-templated polymersare', 'singlet oxygen', 'bactericidal singlet oxygen'] 

Reference 335: ['emulsion templating polymerization', 'porous monolith', 'porous membrane', 'photo-generation of singlet oxygen', 'antibacterial properties', 'quinizarin'] 

TOP-K 336: ['lithium metal batteries', ['solid polymer electrolytes'], ['solid polymer electrolyte'], ['ionic conductivity'], 'high-safety battery systems', 'ethylene oxide', 'polymer electrolyte', 'eco-friendly method', 'non-flammable properties', 'dendrite formation', 'copolymers', 'novel polyimide-poly', 'new polymers', 'energy density', 'conventional batteries'] 

Reference 336: ['solid polymer electrolyte', 'peo', 'polyimide', 'ionic conductivity'] 

TOP-K 337: ['halogen-based triphenylamine oxime esters', 'triphenylamine oxime ester type', 'halogen-substituent effects', 'iodine-containing oxime ester', 'triphenylamine-derived oxime esters', 'halogen-free oxime ester', 'commercial oxime ester oxe-01', ['halogens'], 'tpas', 'tpas-based formulations', 'light harvesting', 'tpa-i', 'light absorption', 'photopolymerization ability', '3d-prinited capability'] 

Reference 337: ['visible-light absorbing', 'free radical polymerization', 'halogen', 'triphenylamine', 'oxime ester', 'type i photoinitiator'] 

TOP-K 338: ['multi-scale structure regulation', 'sluggish air-charging process', 'arazibs', 'wide-temperature-range air-charging applications', 'ultrafast air-charging speed', 'air-charging mechanism', 'air-charging process', 'crystal/electronic structure', 'cp', 'hvo @g', 'energy stimulation', 'practical applications', 'additional additives'] 

Reference 338: ['air-rechargeable aqueous zinc-ion batteries', ' sluggish air-charging processoxygen-reduction-reactioncharge releasemulti-scale structure regulation'] 

TOP-K 339: [['polymer electrolyte'], 'next-generation rechargeable batteries', 'developed polymer electrolyte', 'sluggish ion transport kinetics', 'li-metal battery', 'low-temperature tolerance', 'stable li-metal anode', 'solid-state lithium-metal batteriesin', 'polyethylene glycol', 'quasi-solid polymer lmbs', 'wide-temperature operable batteries', 'high energy density', 'solid-state battery', 'ionic conductive', 'low-melting solventor ethyl difluoroacetate'] 

Reference 339: ['lithium metal batteries', 'polymer electrolytes', 'wide-temperature batteries', 'lithium dendrites', 'ion transport kinetics'] 

TOP-K 340: ['fecu dual-metal single-atom catalysts', 'fe-cu dual-metal single-atom catalyst', 'advanced electrochemical energy devices', 'bifunctional metal atom-based catalysts', ['rechargeable zinc-air battery'], 'asymmetric heteroatom coordination', 'orr/oer activity', 'heteronuclear active sites', 'small overpotential gap', 'superior oxygen catalysis performance', 'bimetallic active sites', 'fe-n6', 'metal atom', 'resultant fecu-dsas/nsc displays', 'commercial pt/c'] 

Reference 340: ['dual-metal single-atom', 'fe', 'cu-ds', 'as/nsc', 'bifunctional catalytic performance', 'rechargeable zinc-air batteries'] 

TOP-K 341: ['scalable spray-dried strategy', 'moc1-x/nc-li 2c2o4 composites', 'moc1-x/nc-li 2c2o4', 'efficient solid-solid catalysis', 'defect-rich nano-moc1-x', 'nc catalysis', 'homogeneous microspheres', 'significant application potential', 'mah g', 'mah g −', 'activation potential', 'specific capacity', 'sei structural stability', 'sufficient active lithium', 'low ratio'] 

Reference 341: ['lithium oxalate', 'molybdenum carbide', 'prelithiation', 'spray-drying', 'lithium-ion battery'] 

TOP-K 342: ['pd-doped double perovskite', 'pd-doped double perovskite powder', 'phase-pure pd-doped double perovskite', 'pd doping', 'r-pcecs', 'x-ray photoelectron spectroscopy', 'pbccpd air electrodes', ['air electrode'], 'electrical conductivity relaxation', 'oxygen vacancy', 'electrochemical impedance spectra', 'electrocatalytic activity', 'electrolysis cells', 'reasonable faradaic efficiency', 'fuel cell'] 

Reference 342: ['reversible protonic ceramic electrochemical cells', 'air electrodes', 'palladium doping', 'oxygen reduction reactions', 'water oxidation reactions'] 

TOP-K 343: ['ti3c2tx film', '3d ti3c2tx film', 'advanced energy storage application', 'unique 3d isotropic architecture', 'carbon sodium-ion hybrid capacitor', 'scalable film-forming process', 'sub-zero temperatures', 'film-forming methods', 'ion transport', 'well-designed three-dimensionalti3c2tx film', 'anode side', 'porous structures', 'diverse pore structures', 'interconnected channels', 'significant capacity enhancement'] 

Reference 343: ['ti3c2tx m', 'xene', 'sodium-ion storage', 'free-standing electrode', 'isotropic porous structure', 'minimized polarization'] 

TOP-K 344: ['znso4 electrolyte', 'cmc-na', 'cmc-na molecules', 'znso4', 'zn', 'electrode-electrolyte interface', 'zn dendrites', 'molecular dynamics simulations', 'molecular dynamics', 'zn cells', 'solvation sheath', 'density functional theory calculations', 'hydrogen bonding network', 'zn2', 'single bondoh'] 

Reference 344: ['sodium carboxymethyl cellulose', 'electrolyte additive', 'zn deposition', 'zn ion capacitors'] 

TOP-K 345: ['high-performance li-co2 battery', ['li-co2 battery'], ['nitrogen-doped graphene'], 'rechargeable li-co2 battery', 'single-atom copper', 'cu-n4', 'cu-n4 configuration', 'copper catalyst', 'cu-n4 sites', 'nucleation decomposition process', 'surface single-atom copper', 'easy freeze-drying', 'decomposition barrier', 'charge density difference', 'heat-treatment process'] 

Reference 345: ['single-atom cu catalyst', 'nitrogen-doped graphene', 'high capacity', 'long life', 'li-co2 battery'] 

TOP-K 346: ['qse', 'electrochemical energy storage', ['quasi-solid-state electrolytes'], 'li-metal batteries', 'structural qse', 'li symmetric cells', 'original qse', 'uv curing', 'advanced electrolyte materials', 'robust nanofiber network', 'qse flame retardant', 'deep space', ['flame retardant'], 'high ions salt concentration', 'polar exploration'] 

Reference 346: ['antifreeze', 'flame retardant', 'hydrogel', 'quasi-solid-state electrolyte', 'electrospinning'] 

TOP-K 347: ['zdpc cathode electrodes', 'n-rich graphitic carbon networks', 'iron-based metal-organic framework', 'sodium-ion hybrid energy storages', 'fs/c/g anode', 'high-capacity/high-rate cathode material', 'koh-assisted mesopore formations', 'o-induced micropores/n-rich sites', 'heteroatom-induced defects/mesopores', 'o-induced micropores', 'heteroatom-induced ion-accessible defects/mesopores', 'fast-rechargeable power density', 'graphene oxide heterostructures', 'high capacity', 'long-life cycle stability'] 

Reference 347: ['low-crystallinity conductive multivalence iron sulfide-embedded s-doped carbon/graphene heterostructure anode', ' high-surface area o-doped carbon cathode3d porous n-rich graphitic carbon frameworks', ' operando analysis', ' ultrahigh energy density and fast-rechargeable sodium-ion hybrid energy storages'] 

TOP-K 348: ['pvdf/lino3 prefabrication layer', 'lino3', 'carbonate/ether electrolyte', 'high load ncm811battery', 'ether/carbonate electrolyte', 'solid lino3', 'decomposition kinetics', 'li', 'carbonate electrolyte', 'uniform pvdf/lino3prefabricated layer', 'li battery', 'ion conducive components', 'conductive li3n', ['short-range compensation'], 'li metal surface'] 

Reference 348: ['carbonate-based electrolyte', 'short-range compensation', 'lithium nitrate', 'solid-electrolyte-interphase', 'li-metal battery'] 

TOP-K 349: ['composite quasi-solid electrolytes', 'multi-phase synergistic mechanism', 'solid-state electrolyte applications', 'polymer matrix materials', 'safe porous composite framework', 'liquid plasticizers', 'electrochemical properties', 'composite electrolytes', 'li', 'conductive polymer', 'ceramic powder', 'excellent electrochemical properties', 'dendrite growth', 'third-phase li', 'unsafe polymer matrix'] 

Reference 349: ['multi-phase synergistic', 'fireproof', 'solid-state electrolyte', 'li-metal battery'] 

TOP-K 350: ['high-voltage solid polymer electrolyte', 'inorganic electrolytes', 'high-voltage electrolytes', 'composite solid electrolytes', 'electrolyte/electrode contact', 'high-energy lithium metal batteries', 'electrolyte', 'high-voltage spe', 'polymer manufacturing methods', 'molecular interactions', 'high-performance polymer electrolytesto', 'energy density', 'various strategies', 'continual pe disintegration', 'high voltage'] 

Reference 350: ['li metal anode', 'dendrites', 'solid polymer electrolyte', 'li metal batteries', 'sei film'] 

TOP-K 351: [['ni-rich layered cathodes'], 'ni-rich cathodes', 'surface structural degradation', ['surface degradation'], 'surface stabilization', 'performance limitations', 'microstructural engineering', 'structural degradation', ['mechanical failure'], 'future research directions', 'compositional optimization', 'thermal stability', 'commercial applications', 'structural stability', 'practical application'] 

Reference 351: ['lithium-ion batteries', 'ni-rich layered cathodes', 'surface degradation', 'mechanical failure', 'stabilization strategies'] 

TOP-K 352: ['mxenes', 'various mxenes', '2d transition metal carbides', '2d mxenes', 'lewis acid molten salttechnique', 'next-generation mxene electrode materials', 'lams technique', 'recent progress', 'metal-ion batteries', 'metal-ion battery', 'present technological challenges', 'energy storage', 'energy storage applications', 'conventional synthesis methods', 'supercapacitor applications'] 

Reference 352: ['m', 'xenes', 'lewis acid molten salt', 'batteries', 'supercapacitors'] 

TOP-K 353: ['electrochemical energy-storage devices', 'energy storage technologies', 'energy storage applications', 'synthesis strategies', 'covalent organic frameworksand', 'cof-based materials', 'cofs', 'structural design', 'symbiotic relationship', 'energy storage mechanisms', 'electrochemical performance', 'synthesis methods', 'materials science', 'design strategies', 'covalent organic frameworkshave'] 

Reference 353: ['porous organic framework', 'nanoparticles', 'covalent organic frameworks', 'in-situ synthesis', 'energy storage'] 

TOP-K 354: [['manganese oxides'], 'mn-based electrode interfaces', 'mn-based cathodes', 'different manganese oxides', 'practical zibs implementation ideas', 'cathode interfacial studies', 'relevant interfacial engineering strategies', 'energy storage performance', 'high theoretical capacity', 'future interfacial studies', 'better-performing cathodes', 'cathode materials', 'interfacial modification strategies', 'interfacial reactions', 'various structures'] 

Reference 354: ['rechargeable batteries', 'aqueous zinc ion batteries', 'manganese oxides', 'manganese-based cathodes', 'interfacial engineering'] 

TOP-K 355: ['advanced flexible electrodes', 'rapid ion/electron diffusion capabilities', 'inorganic solid electrolytes', 'solid-state electrolytes', 'flexible polymer electrolytes', 'mxene-based materials', 'flexible electrodes', ['solid electrolytes'], 'polymer electrolytes', ['flexible electrode materials'], 'flexible pesds', 'high energy density', 'development', 'robust mechanical stability', 'flexible components'] 

Reference 355: ['potassium ion-based batteries', 'flexible energy storage devices', 'flexible electrode materials', 'solid electrolytes'] 

TOP-K 356: ['salt caverns', 'salt cavern energy storagetechnologies', 'salt cavern', 'natural gas', 'gas storage', 'carbon dioxide storage', 'low grade salt formations', 'caes', 'large-scale hydrogen storage', 'carbon storage', 'hydrogen storage', 'temporary carbon dioxide storage', 'oil storage', 'carbon dioxide storage model', ['renewable energy']] 

Reference 356: ['underground salt caverns', 'large-scale energy storage', 'renewable energy', 'solution mining', 'cavern construction', 'carbon cycle'] 

TOP-K 357: ['li/lifepo4 solid-state batteries', 'lithium montmorillonitelayer', 'li/lifepo4 pouch cell', 'bifunctional li-mmt', 'li/ncm523 cells', 'li', 'superhigh ionic conductivity', 'superior li-mpse electrolyte', 'solid-state li/lifepo4', 'vinyl ethylene carbonate-based electrolyte', 'aggregated anion coordination', 'impressive electrochemical performance', 'high energy density', 'aggregated ions pairs', 'promising battery systems'] 

Reference 357: ['vertically-aligned composite solid electrolyte', 'dual li+ transportation channels', 'superionic conductivity', 'solvation environment', 'solid-state lithium-metal battery'] 

TOP-K 358: ['centenarian aging', ['centenarians'], 'centenarian research', 'centenarian longevity', 'centenarian populations', 'centenarian cohorts', ['social factors'], 'current aging trends', 'genetic determinants', 'research', 'physiological determinants', 'psychosocial factors', 'living architype', 'much centenarian research', 'holistic aging'] 

Reference 358: ['centenarians', 'aging', 'longevity', 'lived experience', 'social factors'] 

TOP-K 359: ['liminal phases', 'ageism', 'ageist behaviour', 'negative self-identification', 'in-depth semi-structured interviews', 'ambiguity', ['communication'], 'people liminality', 'ageist intent', 'positive societal identification', 'various liminal spaces', ['social identities'], 'recent retirees', 'positive identity', 'positive values'] 

Reference 359: ['age identification', 'communication', 'social identity', 'liminality', 'self-ageism'] 

TOP-K 360: ['chesterfield', 'geragogic lessons', ['aging'], 'eighteenth-century england', '4th earl', ['old age'], 'late life', 'son', 'polite behavior', ['letters'], 'unconscious pedagogic life project', 'private correspondence', 'godson', 'correspondence', 'eighteenth-century attempt'] 

Reference 360: ['4th earl of chesterfield', 'aging', 'old age', 'letters', 'pedagogy of aging', 'eighteenth century'] 

TOP-K 361: ['social exclusion', 'late life loneliness', 'education', 'life course exclusion', 'lifelong exclusion', 'socioeconomic resources', 'social loneliness', ['loneliness'], 'late life', 'individual risk factors', 'men', 'later life', 'emotional loneliness', 'indigenous people', 'adult life'] 

Reference 361: ['ageing', 'loneliness', 'life-course', 'gender', 'ethnicity', 'inequalities'] 

TOP-K 362: ['aging', 'unloved object', 'ongoing re-enactments', 'care practices', 'care', 'company practice', 'caring practices', 'unintended outcome', 'ethnographic fieldwork', 'blind spots', 'shadows', 'company', 'technology studies', 'care technology', 'critical aging'] 

Reference 362: ['aging as object', 'shadows of care', 'sts', 'enactment', 'maintenance', 'temporality', 'ethnography'] 

TOP-K 363: ['chilean people', ['social ties'], 'social networks', 'chile', 'old age', 'life trajectories', ['trans women'], 'sexual diversity', 'gender diversity', ['gay men'], 'different life courses', 'non-family composition', ['convoy model'], 'people', 'support networks'] 

Reference 363: ['gay men', 'trans women', 'older people', 'social ties', 'convoy model'] 

TOP-K 364: [['ageing migrant women'], 'migrant women', ['intersectional life course'], 'intersectional life course perspective', 'gendered experiences', 'age', 'gerontological research', 'gender', 'migration status', 'agential capacity', 'intersection', 'migrancy', 'diverse experiences', 'migrants', 'structural barriers'] 

Reference 364: ['intersectional life course', 'ageing migrant women', 'transnational ageing', 'turkish-born women', 'sweden'] 

TOP-K 365: ['rural grandparents', 'interviewees', 'grandchildren', ['active aging'], 'conflict', 'devoted grandparenthood', 'future research', 'third age lifestyle', 'independence', 'generations', 'devoted grandparents', 'geographical distances', 'urban environments', 'time', 'committed grandparenthood'] 

Reference 365: ['active aging', 'consumption', 'familist discourse', 'grandparenthood', 'third age', 'rural'] 

TOP-K 366: ['community care practices', 'care practices', 'social support networks', 'peñalolén district', ['community care'], 'collective social spaces', 'social networks', 'cultural capital', 'social participation', 'care', 'experiences', ['clubs'], 'personal freedom', 'case study', 'people'] 

Reference 366: ['community care', 'clubs', 'sociability', 'older people', 'ethnography', 'chile'] 

TOP-K 367: [['intergenerational solidarity'], 'intergenerational relations', 'political protests', ['political activism'], 'age', 'protests', 'protesters', 'participation', 'involvement', 'present study', 'symbolic value', 'persons', 'sense', 'useful tool', 'strong presence'] 

Reference 367: ['intergenerational solidarity', 'intergenerational ambivalence', 'political activism', 'demonstrations', 'leadership'] 

TOP-K 368: [['subjective age'], 'emotional empathy', 'aging', 'gerontology literature', 'ageismand subjective ageassociation', 'emotional empathyas', 'gerontology debate', ['implicit ageism'], 'psychological defense', 'good physical health', 'defensive dissociation', 'defense mechanism', 'low empathy', 'health marker', 'adults'] 

Reference 368: ['empathy', 'implicit ageism', 'internalization', 'older adults', 'subjective age'] 

TOP-K 369: [['social death'], ['dementia'], 'family members', ['nursing home'], 'advanced dementia', ['nursing homes'], 'social life', 'theory-driven analysis', 'social agency', 'empirical research', 'transition', 'adults', 'meaningful activities', 'social environment', 'family membersof'] 

Reference 369: ['dementia', 'nursing homes', 'older adults', 'social death', 'qualitative study'] 

TOP-K 370: ['climate-related heatwaves', 'swedish press', 'swedish media', 'heatwaves', ['nursing homes'], ['climate change'], ['risks'], 'swedish press reporting', 'dangers', 'risk discourse', 'professional care', 'risk management', 'threats', 'residents', 'many nursing homes'] 

Reference 370: ['climate change', 'nursing homes', 'media representations', 'risk', 'subject-object logic'] 

TOP-K 371: ['aging enterprise', 'aging', 'carol estes', 'state-driven intervention today', 'gerontological discourse', 'different age enterprises', 'academic institutions', 'enterprise overstates hegemony', 'discourses', 'local contexts', 'monolithic force', 'global discourses', 'united states', 'policy', 'interventions'] 

Reference 371: ['ghana', 'ng', 'os', 'political-economy theory', 'gerontological imagination', 'population aging', 'aging discourse'] 

TOP-K 372: ['social interaction', 'activities staff', 'activities', 'people', 'meaningful activities', 'social connection', 'activity programs', ['staff'], 'interview transcripts', 'psychosocial health', 'resident wellbeing', 'residents', ['nursing homes'], 'programs', 'thematic analysis'] 

Reference 372: ['leisure activities', 'social participation', 'aged', 'nursing homes', 'staff', 'qualitative research'] 

TOP-K 373: ['historic diary entries', 'active ageing discourses', 'future care needs', 'instrumentalist ageing discourses', 'future time', ['future'], 'age', 'contemporary understandings', 'critical approaches', 'knowledge gap', 'conceptual understandings', 'paper addresses'] 

Reference 373: ['temporality', 'time', 'future', 'diaries'] 

TOP-K 374: ['singaporean women', 'pandemic', ['social engagement'], 'covid-19 pandemic', 'socioecological context', 'in-depth interviews', 'socioeconomic status', 'social engagement pathways', 'women', 'social resources', ['resilience resources'], 'north american contexts', 'previous studies', 'adults', 'diverse experiences'] 

Reference 374: ['covid-19older women', 'singapore', 'social engagement', 'resilience resources'] 

TOP-K 375: ['bodily responsivity', 'social constructionism', 'social gerontology', 'body', ['ambiguity'], 'later life', ['embodiment'], 'unexamined assumptions', 'experience', 'empirical material', 'existential significance', 'new conceptualisation', 'paper', 'previous approaches', 'prominent frameworks'] 

Reference 375: ['embodiment', 'ageing', 'phenomenology', 'responsivity', 'ambiguity', 'qualitative research'] 

TOP-K 376: ['acrc final report', 'gendered labour', 'ltc dementia', ['gender'], 'non-binary genders', 'normalising feminised patterns', 'marginalised status', 'normative gendered patterns', ['long-term care'], ['women'], ['dementia'], 'dementia policy', 'dementia research', 'normative femininity women', 'gendered dimensions'] 

Reference 376: ['dementia', 'women', 'aged care', 'aged care royal commission', 'care', 'feminised labour', 'gender', 'long-term care'] 

TOP-K 377: ['sex-seeking behavior', 'sex-seeking behaviors', 'relationship type', 'frequent sex-seeking behaviors', 'stereotype embodiment theory', 'midwestern u', 'gay ageism', ['gay men'], 'sexual activity', 'open relationships', 'income level', 'current study', 'frequency', 'potential mediator', 'frequent sexual activity.studies'] 

Reference 377: ['aging', 'gay men', 'sexual behavior', 'sexual health', 'non-monogamy'] 

TOP-K 378: [['capital controls'], 'capital outflow controls', 'capital outflows', 'macroeconomic stability', ['exchange rate regimes'], ['foreign exchange interventions'], 'fx interventions', 'macroeconomic volatility', 'capital flows', ['china'], 'macroeconomic fluctuations', 'policy options', 'inappropriate exchange rate regime', 'inappropriate regime choice', 'volatility'] 

Reference 378: ['capital controls', 'foreign exchange interventions', 'economic fluctuation', 'exchange rate regime', 'china'] 

TOP-K 379: [['government capital infusions'], 'repeated government capital infusions', 'indian banks', 'frequent government infusions', 'bank capital infusions', 'repeated capital infusions', 'capital infusions', ['financial stability'], 'public sector banks', 'undercapitalized government', 'possible moral hazard behavior', 'risky investments', 'possible moral hazard concerns', 'banks', 'significant capital infusions'] 

Reference 379: ['government capital infusions', ' financial stability', ' systemic risk', ' default risk', ' emerging markets'] 

TOP-K 380: ['acquirers', 'insolvent banks', 'state-chartered banks', 'national banks', 'concentrated branch networks', 'failed bank auctions', 'national charter', 'banks', 'strong banks', 'organic growth', 'core deposits', 'assumption resolution method', 'banking industry', 'branch networks', 'prices'] 

Reference 380: ['bank failures', 'resolution', 'fdic'] 

TOP-K 381: ['international monetary policy shocks', 'monetary policy shocks', 'australian regulatory bank data', 'asian banks', ['monetary policy'], 'bank lending channel', 'banks', 'non-financial corporate loans', 'lending elasticity', 'policy shocks', 'non-reservable borrowing', 'higher-margin lending', 'reservable liabilities', 'non-lending assets', 'capital markets'] 

Reference 381: ['bank lending', 'credit supply', 'monetary policy', 'quantitative easing'] 

TOP-K 382: [['credit unions'], 'non-profit cooperative status', 'profit function-based approach', 'tax subsidy', 'above-market deposit interest rates', 'tax exemption', 'federal income taxes', 'subsidies', 'large profit inefficiencies', 'similar commercial banks', 'banks', 'structural profit model', 'traditional demarcation', 'various stakeholders', 'recent years'] 

Reference 382: ['commercial banks', 'credit unions', 'profit inefficiency', 'tax exempt status'] 

TOP-K 383: ['customer online banking reviews', 'industry-level financial stability indicators', 'bank-level risk measures', 'system-wide financial stability indicators', 'bank-level risk', 'household confidence', 'household opinion-based measure', 'bank-month confidence measures', ['public confidence'], 'industry-level determinants', 'overall banking sector stability', 'industry-level stability', 'commercial banks', 'banks', 'unbalanced sample'] 

Reference 383: ['financial stability', 'public confidence', 'bank risk, bank failures', 'customer opinions', 'online reviews'] 

TOP-K 384: [['investment deregulation'], 'difference-in-differences approach', 'preemptive patenting effect', 'initial policy', 'china', ['private firms'], 'investment system', ['innovation performance'], 'patent market', 'investment decision', 'study', 'fixed capital', 'competition effect', 'innovation performance.this study', 'patent applications'] 

Reference 384: ['investment deregulation', 'innovation performance', 'private firms', 'competition'] 

TOP-K 385: [['rational bubbles'], 'risk-neutral investors', ['time-constrained asset'], 'bubble premium', ['negative interest rates'], ['rational bubble'], 'positive bubble premium', 'investors', 'soft landings', 'stochastic crash', 'interest rate', 'absolute value', 'negative interest rate.first', 'infinite number', 'sufficient number'] 

Reference 385: ['rational bubble', 'time-constrained asset', 'negative interest rate', 'bubble prevention', 'tax'] 

TOP-K 386: [['sri lanka'], 'fiscal deficits', 'growth-enhancing structural reforms', 'inter-related multiple economic crises', 'large fiscal deficits', 'fiscal policy reforms', 'unsustainable public debt', 'international sovereign bonds', 'vast socio-political upheaval', 'deep growth-enhancing structural reforms', 'economic crisis', 'debt sustainability', 'fiscal sustainability', 'debt restructuring', 'fiscal balances'] 

Reference 386: ['economic and financial crises', 'sovereign debt crisis', 'emerging markets', 'economic policy', 'sri lanka'] 

TOP-K 387: ['macroeconomic performance', 'financial imbalances', 'business cycle shocks', 'buoyant economic growth', 'nonfinancial leverage', 'strong macro performance', 'out-of-sample analysis', 'macroeconomic conditions', 'various financial imbalances', 'strong economic performance', 'narrative sign restrictions', 'seeds', 'structural var', 'times', 'sizeable drivers'] 

Reference 387: ['business cycle', 'financial cycle', 'financial stability', 'forecasting', 'sign-restricted svar'] 

TOP-K 388: ['monetary trilemma', ['foreign exchange intervention'], 'exchange rate volatility', 'different economic factors', 'monetary independence', 'effects', 'average depreciation', 'domestic currency', 'fxi literature', 'financial openness', 'foreign exchange literature', 'comprehensive meta-analysis', 'ample empirical literature', 'cases', 'dollar purchase'] 

Reference 388: ['foreign exchange intervention', 'exchange rate', 'meta-analysis'] 

TOP-K 389: ['global credit dynamics', 'indian firms', ['global credit'], 'abundant global credit', ['foreign borrowings'], 'post-gfc period', 'firms', 'global financing conditions', 'risky firms', 'external finance', 'foreign finance', 'domestic credit', 'real investment activities', 'access', 'abundant credit'] 

Reference 389: ['emerging markets', 'foreign borrowings', 'global credit', 'regional linkages'] 

TOP-K 390: [['macroprudential policy'], 'gdp growth', 'gdp growth distribution', 'conditional mean models', 'borrower-based measures', 'left tail', ['quantile regressions'], 'heterogeneous effects', 'capital measures', 'financial cycle', 'previous studies', 'recent developments', 'negative effects', 'important benefits', 'impact'] 

Reference 390: ['financial stability', 'growth-at-risk', 'systemic risk', 'macroprudential policy', 'quantile regressions'] 

TOP-K 391: ['market uncertainty', 'foreign exchange intervention', 'exchange rate effects', 'foreign exchange intervention literature', 'central bank', 'flimsy exchange rate fundamentals', 'fx market', 'domestic currency', 'uncertainty', 'localized analysis', 'flimsy variables', 'foreign currency', 'sharp policy discontinuity', 'effects', 'results'] 

Reference 391: ['sterilized fx intervention', 'exchange rate uncertainty', 'policy discontinuity', 'incremental effect of intervention', 'regression discontinuity design'] 

TOP-K 392: ['non-state-owned enterprises', 'chinese cities', 'firms', 'weak media development', ['political leader'], 'economic policy', 'governmental efficiency', 'political connections', 'absence', ['corporate investment'], 'marketization', 'significant promotional pressure', 'political office', 'investment', 'major economic impact'] 

Reference 392: ['leadership vacuum', 'political leader', 'corporate investment'] 

TOP-K 393: ['ftse russell', ['green revenues'], 'fama-french factors', 'corresponding green-adjusted share prices', 'green-adjusted share pricing', 'global climate action', 'green activism', 'green-adjusted betas', 'green revenue factors', 'green investors', 'green revenues index', 'green finance', 'firm stock returns', 'positive political decisions', 'standard investors'] 

Reference 393: ['capm', ' beta', ' green revenues', ' dynamic conditional correlation model'] 

TOP-K 394: ['employee lawsuits', 'union-filed lawsuit data', 'union-filed cases', 'labor violations', 'employees', 'business decisions', 'new business opportunities', 'store closures', 'legal liabilities', 'firms', 'litigation damages firms', 'litigation costs damage firms', 'number', 'likelihood'] 

Reference 394: ['employee treatment', 'labor unions', 'business downsizing', 'labor lawsuits'] 

TOP-K 395: ['interbank contagion', ['contagion'], 'potential contagion losses', 'capital/liquidity infusions', 'liquidity infusions', 'model-based calibration', 'contagion losses', 'exogenous shock', 'fiscal budget constraint', 'precautionary recapitalizations', 'modelling framework', 'fire sale mechanisms', 'combinatorial optimization', 'interconnected financial system', 'systemic risks'] 

Reference 395: ['interbank networks', 'contagion', 'fire sales', 'stress testing', 'macroprudential policy', 'optimal control'] 

TOP-K 396: ['basel', 'interbank lending rates', 'interbank lending', ['systemic risk'], 'interbank exposures', 'capital buffers', ['systemic risks'], 'lending rates', 'deposit rates', 'banks', ['counterparty risk'], 'panel data', 'simultaneous equations', 'deposit rate', 'simultaneous equation model'] 

Reference 396: ['interbank market', 'counterparty risk', 'systemic risk'] 

TOP-K 397: ['macroprudential measures', 'risky lending', 'borrower-based macroprudential measures', 'house price-leverage spiral', 'ltv policies', 'negative equity episodes', 'social desirability', 'measures', 'permanent negative side-effects', 'systemic risks', 'housing finance', 'home buyers', 'negative housing equity', 'housing markets', 'households'] 

Reference 397: ['bbm', ' panel methods', ' abm', ' dsge', ' inequality', ' policy effectiveness'] 

TOP-K 398: ['hybrid work stressors', 'challenge/hindrance stressors', ['emotional exhaustion'], ['psychological withdrawal behavior'], 'challenge stressors', 'hybrid work', 'hindrance stressors', ['proactive personality'], 'resources theory', 'mediation model', 'theoretical model', 'behavioral reactions', 'relationship', 'positive relationship', 'indirect effect'] 

Reference 398: ['challenge/hindrance stressors of hybrid work', 'conservation of resources theory', 'emotional exhaustion', 'psychological withdrawal behavior', 'proactive personality'] 

TOP-K 399: ['self-protection mode', 'self-protection coping', 'self-protection coping mode', 'multiple self-protection coping strategies', 'academics', 'defensive coping strategies', 'neurotic trends', 'enduring stressors', 'strategies', 'people', 'horney', 'resources', 'cor theory', 'resources theory principle', 'significant challenges'] 

Reference 399: ['conservation of resources', ' coping', ' self-protection', ' karen horney', ' auto-ethnography'] 

TOP-K 400: ['post-maternity leave reentry', 'maternity leave', 'reentry transitions', 'reentry', 'relational movement', 'relational enrichment', 'relational dynamics', 'transition', 'crucial relational changes', 'academic mothers', 'mothers', 'work-based relationships shift', 'qualitative data', 'career progression', 'profound transition'] 

Reference 400: ['work/family', 'working mothers', 'relationships at work', 'work transitions', 'qualitative methodology'] 

TOP-K 401: [['future work selves'], 'future work self', 'fwss', 'future work self salienceon', 'high fwss', ['proactive career behavior'], 'current research', 'fwss moderates', 'artificial intelligenceis', 'third longitudinal experiment', 'full-time employees', 'first longitudinal experiment', 'individuals', 'interaction', 'effect'] 

Reference 401: ['artificial intelligence', 'future work selves', 'proactive career behavior'] 

TOP-K 402: ['workplace performance pressure', ['performance pressure'], ['work-goal progress'], ['career prospects'], 'performance pressure-induced fear', 'human resource management', 'multi-industry field studies', 'fear', 'mental preoccupation', 'work', 'employees', 'work goals', 'performance failure', 'full-time employees', 'appraisal theories'] 

Reference 402: ['performance pressure', 'fear of performance failure', 'mental preoccupation with work', 'work-goal progress', 'career prospects'] 

TOP-K 403: ['daily task significance', 'start-of-day mood', 'positive affect', 'work withdrawal', 'upshifts', ['task significance'], 'negative affect', 'employees', 'positive mood', 'negative mood', 'high significance today', 'daily work withdrawal', 'daily diary design', 'day', 'daily observations'] 

Reference 403: ['task significance', 'meaningful work', 'affect', 'work performance'] 

TOP-K 404: ['workplace flexibility', ['psychological job control'], 'flexible non-dividers', 'flexible work practices', 'flexible dividers', 'flexible non-dividers profile', 'non-flexible non-dividers', 'work flexibility', 'non-flexible non-dividers profile', 'non-flexible dividers', 'worker profiles', 'employee wellbeing', ['work-life balance'], 'psychological experience', ['boundary control']] 

Reference 404: ['boundary control', 'psychological job control', 'work engagement', 'job satisfaction', 'work-life balance'] 

TOP-K 405: [['leader humility'], ['follower narcissism'], 'implicit leadership theory', 'implicit leadership theory perspective', 'leader competence', ['career satisfaction'], 'followers', ['proactive career behavior'], ['power distance climate'], 'humble leaders', 'opposite-attraction perspectives', 'career outcomes', 'leader humility leader humility', 'key conditions', 'novel outcomes'] 

Reference 405: ['leader humility', 'follower narcissism', 'power distance climate', 'perceived leader competence', 'proactive career behavior', 'career satisfaction'] 

TOP-K 406: [['promotion failure'], 'attribution theory', ['career proactivity'], 'attributions', 'personal attributions', ['promotion failures'], 'employees', 'external circumstances', 'different attributions', 'repetitive thoughts', 'cognitive theories', 'negative effects', 'employee reactions', 'distinct cognitive processes', 'negative consequences'] 

Reference 406: ['promotion failure', 'promotion failure attributions', 'failure reflection', 'failure rumination', 'career proactivity'] 

TOP-K 407: ['gpa', 'career success', ['latent growth curve analysis'], 'affective-identity motivation', ['subjective career success'], 'positive impact', 'long-term impact', 'university studies', 'longitudinal research', 'leadership level', 'resources theory', 'time', 'little effort', 'results', 'resource perspective'] 

Reference 407: ['objective career success', 'subjective career success', 'grade point average', 'motivation to lead', 'latent growth curve analysis'] 

TOP-K 408: [['personality traits'], 'pcb', 'reneging-incongruence framework', ['job performance'], 'social exchange theory', 'job satisfaction', 'organizational citizenship behavior', 'personality predictors', 'emotional stability', 'pcbor bias', 'counterproductive work behavior', 'psychological contract breachwith personality', 'equity sensitivity', 'relationships', 'task performance'] 

Reference 408: ['personality traits', 'psychological contract breach', 'job performance', 'meta-analysis'] 

TOP-K 409: ['attribution theory', 'performance-promotion attribution', 'employee unethical behavior', 'ict centrality', 'self-serving attribution', 'employee proactive behavior', 'supervisory ict demands', 'performance-promotion attibution', ['unethical behavior'], 'underlying mechanisms', 'employees', 'positive effect', 'positive association', 'indirect relationship', 'hours'] 

Reference 409: ['supervisory ict demands after hours', 'unethical behavior', 'proactive behavior', 'attribution'] 

TOP-K 410: ['job-role embeddedness', 'work-based job embeddedness constructs', 'occupational embeddedness', 'hpwp effects', 'long-neglected family influence', 'hpwp outcomes', 'family embeddednessin', 'organizational embeddedness family embeddedness', 'employee turnover', 'high-performance work practicesto employees', 'job performance', 'model generalizability', 'theoretical model', 'consistent evidence', 'performance contributions'] 

Reference 410: ['high performance work practices', 'job embeddedness', 'conservation of resources theory', 'retention'] 

TOP-K 411: [['radiologists'], 'radiological technologists', 'radiologists job craft', 'work identity', 'in-depth interviews', 'technological advancements', 'identity', 'multi-level analysis', 'job', 'transformative effects', 'job design', 'individuals', 'hospital directors', 'professional bodies', 'identity work.this study'] 

Reference 411: ['job crafting', 'identity work', 'artificial intelligence', 'identity crafting', 'radiologists'] 

TOP-K 412: ['social-exchange perspective', 'fssbs', ['in-role performance'], 'leader-member exchange relationship', 'meta-analytic structural equation modeling', 'employee wellbeing', 'family supportive supervisor', ['job satisfaction'], 'work outcomes', 'resource-based perspective', 'resource-based view', 'explanatory power', 'meta-analytic review', 'theoretical perspectives', 'resource-based viewand'] 

Reference 412: ['fss', 'bs', 'work-family enrichment', 'work-family conflict', 'job satisfaction', 'in-role performance', 'lmx'] 

TOP-K 413: ['sustainable career ecosystem theory', 'career ecosystem theory', 'sustainable career ecosystem', 'sustainable career theory', ['artificial intelligence'], 'future research agenda', 'career ecosystem theories', ['sustainable career'], ['career ecosystem'], 'artificial intelligenceas', 'theoretical frameworks', ['liminality'], 'new conceptual model', 'transformational actor', 'embryonic interest'] 

Reference 413: ['sustainable career', 'career ecosystem', 'artificial intelligence', 'career practitioners', 'liminality'] 

TOP-K 414: ['career choice', 'vocational psychology', 'diversity process theory', 'career trajectories', 'vocational behavior research', 'career development', 'vocational behavior', 'career', ['diversity'], 'modern workforces', 'career stages', 'future research', ['career lifecycle'], 'diversity effects', 'intersectionality'] 

Reference 414: ['diversity', 'identity', 'information elaboration', 'inclusion', 'career lifecycle', 'lifespan'] 

TOP-K 415: ['career barriers', 'social cognitive career theory', 'employability', ['employability trajectories'], 'career hindrances', 'career hurdles', 'labor market experience', 'graduates', 'low barriers', 'high barriers', 'study', ['career barriers profiles'], 'resources theory', 'stable employability trajectory', 'years'] 

Reference 415: ['career barriers profiles', 'gender barriers', 'ethnic barriers', 'perceived employability', 'employability trajectories'] 

TOP-K 416: ['employee well-being', 'organizational support', 'employee well-being outcomes', 'unanticipated contextual factors', ['empowerment'], 'well-being outcomes', 'neuroticism', 'home readiness', 'home', 'adequate organizational support', 'sudden contextual shift', 'environmental context', 'novel questions', 'sudden changes', 'well-being outcomes.in'] 

Reference 416: ['contextual impact', 'working from home', 'well-being', 'empowerment', 'sensemaking'] 

TOP-K 417: ['subordinate work-family conflict', 'supervisor-subordinate relationships', 'lmx relationships', 'work-family conflicts', 'subordinates', ['work-family'], 'leader-subordinate relations', 'wfc', 'lmx relationship', 'theoretically-driven model', 'daily autonomy', 'autonomy', 'lmx literatures', 'immediate supervisor', 'critical role'] 

Reference 417: ['lmx', 'work-family', 'support', 'accommodation'] 

TOP-K 418: ['recombinant antigens', 'recombinant proteins', 'p97r1', 'recombinant p97r1', ['th17-type immune responses'], 'mucosal immunity', 'pdha', ['th17-type immune response'], 'dnak', 'specific iga responses', 'localized cellular immune responses', 'humoral immunity', 'specific igg responses', 'serum igg', 'th17 responses'] 

Reference 418: ['cd8+ t cells', 'cellular immunity', 'mucosal immune response', 'mycoplasma hyopneumoniae', 'subunit vaccine', 'th17-type immune response'] 

TOP-K 419: ['equine rotavirus', 'virus-neutralizing antibody titers', 'passive immunity', 'serum nab titers', 'g3 monovalent vaccine', 'common erva genotypes', 'vaccination', 'foals', 'mares', 'serum', 'mare', 'mare-foal pairs', 'antibodies', 'g14 genotypes', 'serum samples'] 

Reference 419: ['equine rotavirus a', ' maternal antibody', ' vaccination dynamics', ' cross-reactivity', ' humoral immunity'] 

TOP-K 420: ['c3d-fused pcv2d cap protein', 'pcv2d-c3d-vlp', 'pcv2 vaccine', 'pcv2d cap protein', 'pcv2d vaccine design', 'molecular adjuvant c3d', 'commercial pcv2d subunit vaccine', 'vlp', 'recombinant cap protein', 'c3d epitope', 'cellular immune responses', 'antibody production', 'protective efficacy', 'virus challenge', 'alternative strategy'] 

Reference 420: ['porcine circovirus type 2vaccine', 'virus-like particle', 'c3d'] 

TOP-K 421: [['pdcov'], ['pdcov vaccine'], 'pdcov s1 subunit vaccine', 's1 subunit vaccine', 'pdcov s1 subunit', 's1 subunit truncation', 's1-truncated fragment', ['s1 subunit'], 'newborn piglets', '5-days-old piglets', 'immune response', 'neutralization assays', 'humoral immunity', 'mice', 'protective efficacy'] 

Reference 421: ['pdcov', ' s1 subunit', ' inactivated', ' pdcov vaccine', ' protective immunity'] 

TOP-K 422: ['immunogenic plasminogen-binding protein', 'pdhd', 'first virulence-associated protein pdhd', 'pdhd protein', 'ovipneumoniae pdhd', 'elisa assay', 'ovipneumoniae infection', 'pdhd sequence', 'putative adhesin', 'membrane protein extraction', 'potential vaccine targets', 'vaccine target', 'bioinformatics analysis'] 

Reference 422: ['mycoplasma ovipneumoniae', 'dihydrolipoamide dehydrogenase', 'adhesins', 'biofilm', 'plasminogen'] 

TOP-K 423: [['type i-e crispr-cas system'], 'crispr-cas system', 'bacterial virulence', 't3ss1 genes', 'epithelial cells', 'well-defined biological characteristics', 't3ss1 genes expression', 'bacterial invasion', 'cas proteins', 'pullorum', 'foreign genetic elements', 'model organism', 'previous studies', 'common role', 'normal conditions'] 

Reference 423: ['type i-e crispr-cas system', 'salmonella enterica serovar pullorum', 'type i fimbriae', 'type iii secretions system 1'] 

TOP-K 424: ['novel plasminogen receptor', 'synoviae', 'e2 protein', 'anti-e2 serum', 'synoviae e2', 'df-1 cells', 'polyclonal antibody', 'cell membrane', 'good immunogenicity', 'extracellular matrixcomponents', 'host cells', ['invasion'], 'new ideas'] 

Reference 424: ['mycoplasma synoviae', 'dihydrolipoamide acetyltransferase', 'adherence', 'extracellular matrix', 'plasminogen', 'invasion'] 

TOP-K 425: ['experimental aerosol model', 'hyopneumoniae-free gilts', 'mycoplasmal pneumonia', 'high-dose aerosols', 'mycoplasma hyopneumoniaeinfection', 'infectious aerosols', 'severe lung lesions', ['gilts'], 'respiratory disease', 'artificial exposure', 'diluted lung homogenate', 'typical clinical signs', 'experimental reproduction', 'natural route', 'present study'] 

Reference 425: ['mycoplasma hyopneumoniae', 'aerosol', 'infection model', 'real-time pcrelisa', 'gilts'] 

TOP-K 426: [['chlamydia psittaci'], 'chlamydia psittaci infection', 'mitochondrial oxidative stress', 'chlamydiae target host mitochondria', 'mitochondrial dna', 'human macrophages', 'mitochondrial damage', 'cgas-sting signaling pathway', 'macrophages', 'multi-host pathogen', 'mitochondrial dnainto', 'nlrp3 pathway', 'cytoplasm', 'il-1β production', 'robust innate immune responses'] 

Reference 426: ['chlamydia psittaci', ' mtros', ' mtdna', ' cgas-sting', ' type i interferon'] 

TOP-K 427: ['tetracycline resistance', 'tetracycline-resistant salmonella transconjugants', ['salmonella'], 'salmonella enterica serovar heidelberg', 'tetracycline resistance genes', 'heidelberg strain sh2813nalr', 'salmonella sh2813nalr', 'coli tetracycline-resistance', '2-day old chicks', 'oral challenge', 'potential donor', 'birds', 'layer chicks', 'coli isolates', 'different timepoints'] 

Reference 427: ['antimicrobial resistance', 'salmonella', 'plasmids', 'chickens', 'transmission', 'animal experiment', 'horizontal gene transfer'] 

TOP-K 428: ['csfv c protein', 'host cell myo1b protein', 'csfv infection', ['exosomes'], 'core-myo1b interaction', 'csfv titers', 'infectious exosome formation', 'viral genome', 'host myo1b', 'specific n-terminal residues', 'myo1b knockdown', 'viral genome content', 'myo1b expression', 'viral titer', 'c protein'] 

Reference 428: ['classical swine fever virus', 'core protein', 'myosin 1b', 'exosomes'] 

TOP-K 429: ['cps synthesis', 'δwaaf', 'acbd', 'waaf', 'ccbf1', 'δwaaq', 'biofilm formation', ['pathogenicity'], 'l6', ['immunogenicity'], 'wild-type strain', 'ccbf1 genes', 'chicken serum', 'δl6', 'δccbf1 strains'] 

Reference 429: ['avibacterium paragallinarum', 'lipooligosaccharides', 'capsular polysaccharides', 'pathogenicity', 'immunogenicity'] 

TOP-K 430: ['brucellosis', 'brucellosis eradication programs', ['brucella abortus'], 'caserta area', 'eradication programs', 'abortus strains', 'caserta', 'brucella strains', 'abortus population', 'high endemicity', 'eradication programs brucellosis', 'genetic diversity', 'brucella lineages', 'different outbreak cases', 'lineages'] 

Reference 430: ['brucella abortus', 'bubalus bubalis', 'whole genome sequencing', 'outbreaks', 'eradication plans'] 

TOP-K 431: ['prrsv', 'recombination', 'prrsv-1', 'prrsv-2and occasional occurrences', 'swine health management practices', 'prrsv epidemics', ['china'], 'diverse genetic variants', 'complex epidemiological landscape', 'evolutionary dynamics', 'epidemiological trends', 'disease management', 'emergence', 'historical context', 'evolutionary pattern'] 

Reference 431: ['porcine reproductive and respiratory syndrome virus', 'evolution', 'diversity', 'lineages', 'disease prevention and control', 'china'] 

TOP-K 432: ['amps', 'animal growth stimulation', 'conventional antibiotics', 'microbial resistance', 'poultry infections', 'poultry production', 'growth stimulation activities', 'new molecules', 'recent studies', 'several bacterial infections', 'poultry industry', 'various infections', 'growth animal stimulation', 'new ideas', 'important infections'] 

Reference 432: ['antimicrobial peptides. poultry. antibiotics. bacterial infections'] 

TOP-K 433: ['brucella rb51 infection', 'brucella rb51', ['ferroptosis'], 'brucella rough strain rb51', 'abortus rb51', 'brucella intracellular survival', 'macrophages ferroptosis', 'inhibitor ferrostatin-1', 'p53-slc7a11-gpx4', 'rb51-infected macrophages', ['macrophages'], 'different ferroptosis inhibitors', 'intracellular survival', 'ferroptosis functions', 'host glutathione'] 

Reference 433: ['brucella', 'macrophages', 'ferroptosis', 'p53intracellular survival'] 

TOP-K 434: ['pdcov n protein', 'mrna splicing', 'mrna splice activity', 'spliceosomal snrnp assembly', 'anti-pdcov strategies', 'virus replication', 'host proteins', 'stress granule assembly', 'rna translation', 'n protein', 'study', 'replication mechanism', 'kegg analyses', 'vital regulator'] 

Reference 434: ['porcine deltacoronavirus', 'nucleocapsid protein', 'interaction network', 'go analysis', 'kegg analysis'] 

TOP-K 435: ['alv-j emirna', 'alv-j replication', 'viral-derived emirna', 'emirna', 'alv-j genome', 'gpc5 gene', 'm6a methylation modification', 'm6a methylation', 'm6a modification', 'alv-j grna', 'transcription', 'study', 'regulatory function', 'a7016 sites', 'regulatory effect'] 

Reference 435: ['avian leukosis virus subgroup j', 'emi', 'rnagpc5m6a methylation', 'mi', 'rna transcriptional regulation'] 

TOP-K 436: ['pcr-positive wolves', 'zoonotic l', 'leptospira dna', 'wolves', 'l', 'borgpetersenii', 'wolf populations', 'free-ranging wolvesfrom southern europe', 'southern europe', ['spain'], 'heterogeneous circulation', 'kidney samples', 'first report'] 

Reference 436: ['leptospirosis', 'leptospira', 'spain', 'italy', 'wolf', 'zoonosis'] 

TOP-K 437: ['pedv', 'pedv n protein', 'viral n-protein', 'new b cell epitopes', 'hybridoma cell lines', 'mabs', 'elisa diagnostic method', 'high anti-pedv affinity', '8-week-old balb/c mice', 'indirect immunofluorescence assay', ['b cell epitope'], 'n protein', 'western blot', 'monoclonal antibodiesdemonstrated specific reactivity', 'first time'] 

Reference 437: ['pedvn protein', 'b cell epitope'] 

TOP-K 438: [['secondary overtriage'], 'secondary overtriage rate', 'primary outcome', 'overall secondary overtriage rate', 'patient characteristics', 'abbreviated injury scale score', 'abbreviated injury scalescore', 'injury severity score', 'pediatric age groups', 'thorax', 'blunt trauma', 'surgical operation', 'early discharge', 'logistic regression analysis', 'pediatric group'] 

Reference 438: ['secondary overtriage', 'interhospital transfer', 'secondary trauma diversion', 'trauma system', 'trauma center', 'non-trauma center'] 

TOP-K 439: ['direct ed-to-hospice discharges', 'ed-to-hospice transfers', 'ed-to-hospice discharges', 'in-hospital hospice programs', 'direct discharges', 'emr modification', 'direct transfers', 'home-based care', 'hospice transitions', 'patient identification', 'workflow optimization', 'qi program', 'hospice transfer', 'education', 'emergency department'] 

Reference 439: ['hospice', 'palliative care', 'end-of-life care', 'goal-concordant care', 'quality improvement'] 

TOP-K 440: ['emergency surgical airwayplacement', 'emergency surgical airwayaccess', 'trauma management', 'primary airway intervention', 'endotracheal intubationfails', 'children', 'critical airway skill', 'serious injuries', 'backup option', 'age', 'similar survival'] 

Reference 440: ['emergency', 'surgical', 'airway', 'cricothyrotomy', 'trauma', 'intubation'] 

TOP-K 441: ['tracheal ring method', 'tracheal ring methods', 'correct endotracheal tubeposition', 'usg', 'endotracheal tubeposition', 'x-ray', 'radiation exposure', 'prospective cross-sectional study', 'background chest x-ray', 'third tracheal rings', 'diagnostic accuracy', 'tr method', 'current gold standard', 'important drawbacks', 'good kappa'] 

Reference 441: ['usgx-ray', 'endotracheal tube position', 'tracheal rings', 'transverse view', 'longitudinal view'] 

TOP-K 442: ['dokei protocol', 'dokei ah protocol', 'high-temperature active external rewarming', ['hypothermia'], 'innovative on-site care', 'protocol adherence', 'hypothermia stage', 'challenging ah rescue scenarios', 'hypothermia patients', 'self-rescue situations', 'advanced life support', 'cardiocirculatory collapse', 'cardiac arrest risk', 'dynamic rescue scenarios', 'cold exposure'] 

Reference 442: ['mountain rescue', 'hypothermia', 'rewarming', 'emergency medicine', 'out-of-hospital', 'wilderness medicine'] 

TOP-K 443: [['fentanyl'], 'xylazine withdrawal', ['xylazine'], 'clinical opiate withdrawal scalescores', 'withdrawal syndromes', 'non-medical opioid supply', 'patient-directed discharge', 'synthetic opioids', 'emergency departments', 'multi-modal strategy', 'medical advice disposition', 'conventional opioids', 'individuals', 'adjunctive medications', 'conclusions fentanyl'] 

Reference 443: ['opioid withdrawal', ' fentanyl', ' xylazine', ' moud', ' tranq dope'] 

TOP-K 444: ['public aeds', 'nc oems', 'current aed registries', 'aed utilization', 'available aeds', 'aed lists', 'multi-building organizations', 'mixed urban-rural county', 'large businesses', 'trained laypersons', 'many businesses', 'locations'] 

Reference 444: ['bystander defibrillation', 'aedohca'] 

TOP-K 445: ['eds', ['homelessness'], 'post-emergency department', 'tests', 'homelessnessare vulnerable emergency departmentpatients', 'shared responsibility models', 'innovative communication solutions', ['communication'], 'hospital systems', 'successful contact', 'care', 'test', 'homeless clinics', 'innovative solutions', 'discharge'] 

Reference 445: ['homelessness', 'communication', 'health equity', 'emergency medicine', 'emergency department', 'infectious diseases'] 

TOP-K 446: ['tch', 'non-contrast ct', 'normal non-contrast ct', 'serious tch', 'patients', 'serious diagnosis', 'diagnosis', 'neurological disability', 'consecutive adult patients', 'methods retrospective cohort study', 'neurological consultation', 'additional imaging', 'relative frequency', 'serious cause', 'aide clinicians'] 

Reference 446: ['thunderclap headache', 'clinical decision rule', 'serious cause headache', 'reversible cerebral vasoconstriction syndrome', 'benign cause headache'] 

TOP-K 447: [['water beads'], 'pediatric water bead-related visits', 'emergency department visits', 'cases', 'children', 'visits', 'pediatric water', 'large national database', 'years', 'number', 'methods data'] 

Reference 447: ['water beads', 'bowel obstruction', 'pediatric', 'superabsorbent polymer', 'injury'] 

TOP-K 448: ['ohca survivors', 'hdl-cholesterol levels', 'neurological prognosis', ['neurologic outcomes'], 'cholesterol levels', 'favorable neurological outcomes', 'hdl-c post-6 h resuscitation', 'lactate level', 'feasible predictive model', 'retrospective observational study', 'mg/dl', 'intensive care unit', 'favorable neurological oucomes tc', ['albumin'], ['total cholesterol']] 

Reference 448: ['lactate-to-albumin ratio', 'albumin', 'total cholesterol', 'high-density lipoprotein cholesterol', 'neurological outcomes', 'out-of-hospital cardiac arrest'] 

TOP-K 449: ['hip fracture patients', 'patient outcomes', 'adverse outcomes', 'time', 'patients', 'surgical hip fracture', 'system processes', 'hip fracture population', 'surgery', 'outcome differences', 'study', 'patients evaluation'] 

Reference 449: ['emergency department', 'boarding', 'hip fracture', 'clinical outcomes'] 

TOP-K 450: ['asian head injury patients', 'communication barriers', 'asian patients', 'head ct', 'hispanic patients', 'communication services', 'asian individuals', 'white patients', 'future studies', ['limited english proficiency'], 'different languages', 'significant difference', 'wide variety'] 

Reference 450: ['racial difference', 'head injuries', 'diagnostic head computed tomography', 'limited english proficiency'] 

TOP-K 451: ['afebrile sepsis patients', 'afebrile patients', ['sepsis'], 'febrile sepsis patients', 'sepsis patients', ['antibiotics'], 'mortality', '28-day mortality', 'early detection', 'febrile patients', 'conclusions afebrile sepsis patients', 'screening tools', 'afebrile sepsis patients.objectives', 'antibiotic administration time', 'rapid identification'] 

Reference 451: ['sepsis', 'fever', 'antibiotics', 'emergency department', 'prognosis'] 

TOP-K 452: ['artificial neural networks', 'ecg interpretation', 'ann', 'ecgs', 'acute coronary occlusion', ['acute coronary syndrome'], 'human interpreters', 'aco symptoms', 'ecgs artificial neural networks', 'computerised algorithms', 'diagnostic accuracy', 'patients', 'significant heterogeneity', 'stemi criteria', 'experienced physicians'] 

Reference 452: ['artificial intelligence', 'neural networks', 'electrocardiogram', 'acute coronary syndrome', 'emergency department'] 

TOP-K 453: ['digoxin poisoning', 'patient monitoring', 'immediate therapeutic intervention', 'life-threatening issue', 'factors', 'inclusion criteria', 'hemodynamic status', 'main findings', 'digoxin poisoning.background digoxin poisonings', ['thirty-day mortality'], 'electrolytic disturbances', 'high prevalence', 'special attention', 'initial assessment warrants'] 

Reference 453: ['fab fragments', 'antidote', 'digoxin', 'poisoning', 'seven-day mortality', 'thirty-day mortality'] 

TOP-K 454: ['post-immunization fever', 'ibiin ri infants', ['infants'], 'young infants', 'shared decision-making', 'retrospective chart review', 'invasive approach', 'urine culture', 'risk', 'weeks', 'fever guidelines', 'urine sample', '° c', 'u. conclusion'] 

Reference 454: ['fever', 'bacteremia', 'infant', 'immunization', 'bacterial infections', 'pediatric emergency medicine'] 

TOP-K 455: ['abdominal pain post-acetaminophen overdose', 'liver injury post-acetaminophen overdose', 'acetaminophen overdose', ['abdominal pain'], 'acetylcysteine treatment', 'liver injury', 'acute liver injury', 'hepatotoxicity', 'patients', 'future treatment guidelines', 'study', 'emergency department', 'common symptom', 'non-specific finding', 'time'] 

Reference 455: ['abdominal pain', 'acetaminophen', 'overdose', 'toxicology'] 

TOP-K 456: ['st-segment elevation', 'ohca', 'immediate coronary angiography', ['revascularization'], ['percutaneous coronary intervention'], 'pci', 'first rosc', '1-month favorable neurological outcomes', 'multivariable logistic regression analysis', 'st-segment-elevation myocardial infarctionwho', 'patients', 'favorable neurological outcomes', 'cardiovascular data', 'outcomes', 'time'] 

Reference 456: ['out-of-hospital cardiac arrest', 'acute myocardial infarction', 'st-segment-elevation myocardial infarction', 'revascularization', 'percutaneous coronary intervention'] 

TOP-K 457: ['mortality', 'covid-19', 'irvs', 'pmews', 'in-hospital mortality', 'multiorgan damage', 'emergency department', 'patients', 'seven-day mortality', 'vasopressor support', 'national early warning score', 'news2', 'tools', 'pulse rate', 'conclusion pmews'] 

Reference 457: ['triage', ' covid', ' mews', ' news', ' ventilation'] 

TOP-K 458: ['duct geometries', 'duct geometrical parameters', '8-hole nozzle injector', 'medium-duty single-cylinder optical engine', 'dfi concept', 'dfi', 'soot reduction', 'soot emissions', 'medium duty optical engine', 'overall soot net formation', 'compression ignition engines', 'nozzle orifices', 'conventional diesel', 'study', 'soot formation'] 

Reference 458: ['ducted fuel injection', 'compression ignition', 'soot', 'n', 'ox', 'optical techniques', 'combustion'] 

TOP-K 459: ['inorganic cathode materials', 'aibs', ['cathode materials'], 'dft computational data training', 'ion battery cathodes', 'promising mno2 cathodes', 'alternative energy storage batteries', 'ion batteries', 'effective data-driven workflow', 'reliable cathode materials', 'multiple performance evaluation screening', 'dft calculations', 'experimental data', 'valuable experimental reference', 'valid descriptors'] 

Reference 459: ['aluminum-ion batteries', 'data-driven', 'cathode materials', 'data mining', 'machine learning', 'small samples'] 

TOP-K 460: ['evs', 'ev', 'photovoltaicand energy storage systems', ['electric vehicle'], 'ev station', 'highway ev', 'traffic flow', 'electricity distribution grid', 'highways', 'different planning scenarios', 'electricity generation', 'optimal pv', 'optimal locations', 'different factors', 'design'] 

Reference 460: ['electric vehicle', 'charging stations', 'mixed integer linear programming', 'linear programming', 'highway service', 'photovoltaic system', 'cost function'] 

TOP-K 461: ['co2 hydrate storage cap', 'dynamic formation charactistics', 'co2 hydrate caps', 'magnetic resonance imaging', 'hydrate formation', 'hydrate caps', ['co2 flowrate'], 'hydrate cap integrity', 'stability', 'storage pressures', 'storage pressure', 'spatial dependence', 'cap stability', 'spatial-temporal distribution', 'flow direction'] 

Reference 461: ['co2 storage', 'spatial-temporal distribution characteristics of hydrate cap', 'co2 flowrate', 'initial storage pressure', 'hydrate cap stability'] 

TOP-K 462: [['five-spot well'], 'well-to-well interference', 'thermo-hydraulic-chemical model', 'scs', 'silty natural gas hydratereservoirs', 'silty natural gas hydrate', 'gas production', 'low permeability', 'multi-well system', 'gas production enhancement effect', 'bottomhole pressure', 'south china sea', 'gas productivity', 'key factors', 'ngh reservoirs'] 

Reference 462: ['natural gas hydrate', 'five-spot well', 'energy recovery', 'depressurization', 'gas production enhancement', 'sensitivity analysis'] 

TOP-K 463: ['ground fixed-tilt photovoltaics', ['pv-csn'], 'photovoltaic classification', ['photovoltaics'], 'photovoltaic types classification', 'water photovoltaics', 'photovoltaic types', 'new photovoltaics', 'stationary water photovoltaics', 'ground single-axis tracking photovoltaics', 'detailed photovoltaic data', 'roof photovoltaics', 'spatial information', 'experimental results', 'previous studies'] 

Reference 463: ['photovoltaics', 'photovoltaic power station', 'instance segmentation', 'classification and segmentation of photovoltaics', 'pv-csn'] 

TOP-K 464: ['temporal sensitivity', 'transient global sensitivity analyses', 'dynamic load profiles', 'thermal response uncertainty', 'ground load', 'time-dependent parameter contributions', 'temporal sensitivity variation', 'relative parameter sensitivity', 'fluid temperature uncertainty', 'effective response uncertainty management', 'dynamic ground load scenario', 'response uncertainty', 'parameters', 'temporal changes', 'parameter contributions'] 

Reference 464: ['uncertainty quantification', 'dynamic uncertainty management', 'ground heat exchanger', 'ground thermal response function', 'transient global sensitivity analysis', 'underground thermal energy storage', 'ground-source heat pump'] 

TOP-K 465: ['natural working-fluid-based portfolio', 'heat pump cycle design', 'thermodynamic performance', 'high-temperature conditions', 'hexane', 'high performance', 'heat pump cycles', ['heat pumps'], 'suction line heat exchanger', 'industrial applications', 'one-stage cycle layout', 'fluids', 'two-stage cycle layout', 'primary energy consumption', 'high-temperature conditions natural fluids'] 

Reference 465: ['heat pump', 'high temperature', 'industrial', 'natural working fluids', 'cop', 'lorenz efficiency'] 

TOP-K 466: ['isc fault diagnosis method', 'internal short circuit faults', ['double-layer fault diagnosis strategy'], 'vvw', 'real-world vehicle data', 'variable voltage window mechanism', 'early stage isc', 'inconsistency effects', 'cell', 'applicability', 'algorithm', 'internal short circuitis', 'power battery systems', 'thermal runawayaccident', 'computational efficiency'] 

Reference 466: ['power batteries', 'internal short circuit', 'fault diagnosis', 'variable voltage window', 'cell charging voltage slope ranking', 'double-layer fault diagnosis strategy'] 

TOP-K 467: ['thermal energy storage utilization', 'heat pump performance degradation', 'novel operational scheduling framework', ['digital twins'], 'tes', 'operation scheduling framework', 'heat pump performance', 'mixed-integer linear programmingmodel', 'milp optimization', 'heat pump operation', 'forecasting accuracy', 'thermal demand forecasting', ['heat pumps'], 'variable electricity prices', 'demand forecasting'] 

Reference 467: ['heat pump', 'thermal energy storage', 'operation scheduling', 'digital twin', 'fouling'] 

TOP-K 468: [['input convex neural networks'], 'high-fidelity surrogate models', 'energy-saving operations', 'convex input-output mappings', 'two-scenario operation simulation', 'computational tractability', 'holistic optimal energy-saving operation', 'endogenous non-convexity', 'model-based optimization', 'large-scale public buildings', 'average energy-saving ratios', 'individual convex models', 'classical feedforward neural networks', 'local optima', 'chiller plant operation'] 

Reference 468: ['chiller plant', 'input convex neural network', 'operation optimization', 'heterogeneous', 'all-parallel', 'hvac'] 

TOP-K 469: ['mnls', 'hong kong secondary schools', 'building energy performance', ['concavity'], ['concave'], ['convex'], 'convexity assumptions', 'mnls regression function mnls', 'convexity constraints', 'monotone', 'new method', 'energy performance', 'illustrative example', 'regression function', 'monotone assumption'] 

Reference 469: ['nonparametric methods', 'regression analysis', 'concavity', 'convexity', 'building energy consumption forecasting'] 

TOP-K 470: ['electrolyzers', 'rapid start-up phase', 'electrolyzer', 'control strategy', 'control strategies', 'strategy', 'rapid startup', 'equal power allocation phase', 'power', 'minimum operational power threshold', 'unused wind energy', 'priority scheduling method', 'operational phase', 'significant advantages', 'minimum power threshold'] 

Reference 470: ['electrolytic hydrogen production', 'wind energy', 'multi-electorlyzer', 'optimized power allocation'] 

TOP-K 471: ['two-stage robust optimization', 'two-stage robust optimization approach', 'power system flexibility shortfalls', ['renewable energy penetration rate'], 'energy storage units', 'supply-demand balance mechanism', 'power system flexibility supply', 'system regulation resources', 'power system', 'system security operation constraints', 'different flexibility resources', 'new power system', 'thermal power', 'effective flexibility supply model', 'maximum system flexibility margin'] 

Reference 471: ['flexibility capacity assessment', 'supply and demand characteristics', 'robust optimization', 'uncertainty', 'renewable energy penetration rate'] 

TOP-K 472: ['innovative csp system integration', 'organic fluids', 'optimisation methodologies', 'water co-generation', 'comprehensive techno-economic evaluation', 'ambient temperature', 'clean water', 'techno-economic optimisation', 'innovative design', 'net present value calculations', 'ambient temperatures', 'direct contact membrane distillation', 'integrated system', 'various orc fluids', 'power'] 

Reference 472: ['concentrated solar power', 'organic rankine cycle', 'parabolic trough', 'desalination', 'membrane distillation', 'supercritical carbon dioxide brayton cycle'] 

TOP-K 473: ['offshore solar pv resource', 'offshore solar energy features', 'offshore solar pv farms', 'ocean conditions', 'long-term ocean conditions', 'pv resource', 'offshore solar pv development', 'south china sea', 'climate change impacts', 'offshore pv farm development', ['exploitation potential'], 'offshore solar photovoltaicdevelopment', 'offshore pv projects', 'carbon neutrality', 'tripartite objectives'] 

Reference 473: ['offshore solar pvera5seas around china', 'exploitation potential', 'climate change'] 

TOP-K 474: ['up-conversion piezoelectric energy harvester', 'peh super-harmonic vibration', 'vibration energy harvesters', ['nonlinear energy sink'], 'nonlinear energy sinkstructure', 'frequency up-conversion mechanism', 'strong-weak voltage', 'lagrange equation', 'asymmetric displacements', 'superharmonic resonance', 'wide frequency vibration environments', 'theoretical model', 'frequency mismatches', 'beam theory', 'wide frequency vibration absorption.in'] 

Reference 474: ['piezoelectric energy harvesting', 'nonlinear energy sink', 'magnetic plucking', 'frequency up-conversion', 'bistable'] 

TOP-K 475: ['trans-log production function', 'energy substitution', 'factor substitution', 'non-energy factors', 'energy', 'energy efficiency', 'coal', 'substitution elasticity', 'technological advancements', 'technological progress', 'gas', 'sustainable production system', ['technical progress'], 'inputs', ['industrial sector']] 

Reference 475: ["factor's substitution", 'industrial sector', 'technical progress', 'pakistan'] 

TOP-K 476: ['ems', ['dual-motor two-speed bev'], 'recurrent actor-critic network', 'discrete-continuous hybrid actions', 'sac-based ems', ['linear mapping trick'], 'observable markov decision process', 'dynamic programming', 'optimal ems', 'converged episodes', 'driving mode', 'different emss', 'simulation results', 'electrical energy consumption', 'battery capacity losses'] 

Reference 476: ['dual-motor two-speed bev', 'energy management strategies', 'linear mapping trick', 'partially observable markov decision process', 'long short-term memory network'] 

TOP-K 477: [['renewable energy'], 'synergies', ['financial development'], ['digital economy'], 'sustainable energy system', 'u-shaped relationship', 'key empirical results', 'nonlinear u-shaped relationship', 'nonlinear effects', 'nonlinear impacts', 'robust financial system', 'digital infrastructure', 'strong financial system', 'study', 'significant positive impact'] 

Reference 477: ['digital economy', 'financial development', 'renewable energy'] 

TOP-K 478: ['f-cpp-acp-tmp', 'toothpaste', 'insoluble extracellular polysaccharidein biofilm', 'new toothpaste formulation', 'dental demineralization', 'ionic biochemical composition', 'subsurface caries lesion', 'clinical trials', 'eps', '1100f', 'enamel hardness', 'biofilm composition', ['biofilm'], 'significance toothpaste formulation', 'valuable insights'] 

Reference 478: ['demineralization', 'dental enamel', 'phosphates', 'biofilm'] 

TOP-K 479: ['secondary decay', 'gtf inhibitors', 'glycosyl transferase', 'novel antibiofilm structures', 'dentin substrate reinforcement', 'dysbiotic bacteria', 'materials development', 'biofilm coalescence', 'durable restorations', 'non-bactericidal approach', 'natural compounds', 'additional tooth structure', 'challenges', 'antimicrobial compounds', 'mechanical demands'] 

Reference 479: ['oral biofilm', 'acquired pellicle', 'dentin collagen', 'resin composites', 'dental adhesives', 'polymerization'] 

TOP-K 480: ['intraoral aging', 'aligner transparency', 'physicochemical properties', 'polymer thermomechanical properties', 'transparent aligners', 'surface topography', 'aligner surface', 'clearcorrect ® aligners', 'viscoelastic properties', 'dental plaque', 'polymer glass transition temperature', 'significance intra-oral aging', 'plastic material', 'inorganic compounds', ['aesthetic appearance']] 

Reference 480: ['orthodontic aligners', 'intra-oral aging', 'leachable', 'thermomechanical properties', 'surface', 'biological safety', 'aesthetic appearance'] 

TOP-K 481: ['ntz-loaded membranes', 'antibacterial membranes', 'membranes', 'membrane', 'antimicrobial potential', 'local drug delivery', 'tissue regeneration', ['drug release'], 'electrospinning parameters', 'ntz release profile', 'aid periodontal bone regeneration', 'microbial environment', 'mechanical properties', 'universal testing machine', 'bone mineralization'] 

Reference 481: ['antimicrobial', 'bone', 'drug release', 'electrospinning', 'nitazoxanide', 'periodontitis'] 

TOP-K 482: ['silica nanoparticles', 'snps', 'physicochemical properties', 'snps applications', 'potential silica nanoparticles', 'improved physicochemical properties', 'dental materials', 'sustained-release drug delivery system', 'remineralizing substances', 'studies', 'efficient nanocarriers', 'surface roughness', 'promising drug delivery system', ['dentistry'], 'different dental applications'] 

Reference 482: ['nanotechnology', 'nanoparticles', 'silica', 'drug delivery', 'dentistry'] 

TOP-K 483: ['experimental 3d printer', 'extrusion-based diw principle', 'open-source hardware', 'occlusal veneers', 'novel three-dimensional printer', 'clean on-demand production', 'remarkable dimensional accuracy', 'flowable resin composite', 'beautifil flow plus', 'printer', 'future optimization', 'dimensional accuracy', 'indirect restorations', 'printing accuracy', 'novel direct ink writingsystem'] 

Reference 483: ['direct ink writing3d printing', 'additive manufacturing', 'resin composites', 'accuracy'] 

TOP-K 484: ['calcium silicate cements', 'endodontic therapy', ['calcium silicate'], 'calcium silicate cement', 'mesoporous bioactive glass', 'enterococcus faecalisand regenerative potential', 'novel dental cements', 'bioactive glass', 'antibacterial efficacy', 'sol-gel method', 'methods calcium silicateparticles', 'collagen inclusion', 'physical properties', 'setting time', 'physical microstructure'] 

Reference 484: ['anti-bacterial agents', 'calcium silicate', 'collagen', 'dental pulp', 'mesoporous bioactive glass nanoparticles', 'odontogenic'] 

TOP-K 485: ['bovine ha', 'tio2 bioceramic material', 'ha', 'tio2', 'bovine bones', 'mechanical iso standards', 'ß-tcp', 'sustainability potential', 'chemical solubility limits', 'dental prosthesis', 'chemical solubility values', 'solids waste', 'catio3', 'calcium titanate', 'low-cost material'] 

Reference 485: ['ceramics', 'dental materials', 'nanotechnology', 'apatites'] 

TOP-K 486: ['elastic gradients', 'resin-ceramic hybrids', 'biaxial flexural strengthof glass-ceramics', 'restorative materials', 'tri-layer restorative systems', 'fracture resistance', ['flexural strength'], 'cad/cam materials', 'dentin analog', 'biaxial flexural strength', 'hybrid materials', 'load-bearing capacity', 'flexural stress', 'load-bearing capacityof', 'lava'] 

Reference 486: ['cad-cam', 'composite resins', 'ceramics', 'flexural strength', 'elastic modulus', 'mechanical stress'] 

TOP-K 487: ['dental resin composites', 'dental composite polymerisation', 'o-ptir spectroscopy', 'micro-ct', '3d micro-ct', 'dental composites', 'o-ptir techniques', ['filler content'], ['polymerisation shrinkage'], '2d linear shrinkage', 'experimental dental composite materials', 'polymerisation shrinkage characteristics', 'custom-designed linometer', ['volumetric shrinkage'], 'shrinkage'] 

Reference 487: ['dental composite resins', 'polymerisation shrinkage', 'volumetric shrinkage', 'micro-cto-ptir spectroscopy', 'filler content', 'degree of conversion'] 

TOP-K 488: ['tideglusib-nps', 'intertubular dentin', 'peritubular dentin', 'dentin', 'energy dissipation', 'tdg-nps', 'undoped nps', 'conditioned dentin', ['tan delta'], 'load cycling', 'viscoelastic performance', 'frictional pullout', 'stress concentration', 'conditioned surfaces', 'load'] 

Reference 488: ['mineralized dentin', 'tideglusib', 'nano-dma', 'nanoparticles', 'atomic force microscopy. stress concentration', 'complex modulus', 'tan delta'] 

TOP-K 489: ['bovine ribs', 'fatigue', 'polymer-based bone models', 'human bone tissue', 'bovine rib', 'reduced-diameter implants', 'polymer-based bone model', ['dental implants'], 'bone model', 'data dispersion', 'methods bovine ribs', 'fatigue lifetime', 'bone fraction', 'oral service', 'high resistance'] 

Reference 489: ['dental implants', 'fatigue fractures', 'fractographic analysis'] 

TOP-K 490: ['cad-cam lithium disilicate glass-ceramics', 'lithium disilicate glass-ceramics', 'glass-ceramics', 'chemical composition', 'integrating-sphere measurements', 'post-crystallized samples', ['microstructure'], 'inverse adding-doublingmethod', ['optical properties'], 'ceramic samples', 'structural characterization', 'optical propertiesfrom', 'material microstructure.objectives'] 

Reference 490: ['lithium disilicate', 'lithium metasilicate', 'dental ceramics', 'cad-cam', 'microstructure', 'optical properties'] 

TOP-K 491: ['biofilm inhibitors', 'polymersome-encapsulated biofilm inhibitors', 'mutans', 'ph sensitive polymersome', 'biofilm-selective therapy', 'oral microbiome', 'infected gnotobiotic rats', ['dental caries'], 'dental caries prevention', 'novel drug delivery platform', 'polymersome-encapsulated biofilm inhibitor', 'biofilm inhibitors ha5', 'rat caries model', 'ph-responsive delivery', 'species-specific selectivity'] 

Reference 491: ['dental caries', 'streptococcus mutans', 'biofilm', 'glucosyl transferase', 'ph-responsive', 'polymersome'] 

TOP-K 492: ['cad-cam restorative materials', ['kubelka-munk theory'], 'kubelka-munk method', 'spectral behavior', ['optical properties'], 'materials composition', 'semi-empirical approach', 'light reflectivity', 'material selection', 'relative translucency parameter', 'different compositions', 'mm thick materials', 'x ∞', 'infinite optical thickness', 'specific conditions'] 

Reference 492: ['cad-cam materials', 'kubelka-munk theory', 'optical properties', 'translucency parameter'] 

TOP-K 493: [['nanoparticle jetting'], 'zirconia surface', 'x-ray diffraction', 'zirconia surfaces', 'three-dimensional finite element analysis', 'zirconia bond performance', 'nano-particle jettingtechnology', 'zirconia bond durability', 'zirconia disks', 'mdp application', 'scanning electron microscopy', 'three-dimensional interference microscopy', 'surface micromorphology optimization', 'high printing accuracy', 'npj 3d printer'] 

Reference 493: ['nanoparticle jetting', 'morphological optimization', 'finite element analysis', 'shear bond strength', 'zirconia'] 

TOP-K 494: ['diabetic mouse models', ['dentin'], ['diabetes'], 'optical microscopy', 'mineral-to-organic ratios', 'clinical significance', 'tooth crowns', 'tooth dentin composition', 'parafunctional activities', ['mouse models'], 'study', 'changes', 'type', 'mechanical properties', 'models'] 

Reference 494: ['dentin', 'diabetes', 'nanoindentation', 'mouse models'] 

TOP-K 495: ['experimental fluoride-doped calcium phosphate', 'vs20f', 'gene expression markers runx2', 'experimental calcium phosphate', 'experimental fdcpc', 'pulp-capping materials', 'specific experimental calcium phosphate', 'different fluoride saltsconcentrations', 'dilution extracts', 'dose-dependent capacity', 'study', 'pulp-capping application', 'elevated alp activity', 'osteogenic environment', 'promising experimental material'] 

Reference 495: ['biocompatibility', 'calcium phosphate', 'human dental pulp stem cells', 'ion-release', 'osteogenic', 'remineralisation markers'] 

TOP-K 496: ['cholesteryl methacrylate', 'cholesteryl methacrylatemonomer', 'polymerization shrinkage force', 'bis-gma/tegdma composite resins', 'endocyclic double bond', 'photochemical cycloaddition', 'knoop microhardness', 'experimental composite resins', 'cross-link density', 'initial knoop microhardness', 'cld', 'cm', 'initial microhardness', 'spontaneous oxidation', 'softening effects'] 

Reference 496: ['composite resins', 'methacrylates', 'cholesterol esters', 'polymerization', 'polymers'] 

TOP-K 497: ['cholesteryl methacrylate', 'cholesteryl methacrylatein experimental resins', 'endocyclic double bond', 'photochemical cycloaddition', 'post-gel shrinkage', 'knoop microhardness', ['composite resins'], 'elastic modulus', 'microhardness values', 'concentrations', 'mpa', 'flexural strength', 'compressive strength', 'strain gauge method', 'promising polymer'] 

Reference 497: ['composite resins', 'methacrylates', 'cholesterol esters', 'polymerization', 'polymers'] 

TOP-K 498: ['diamond surface graphitization', 'dlc coatings', 'adhesion tuning', 'dlcs adhesion', 'high diamond surface graphitization', 'dopant intercalation', 'surface reconstruction', 'chemical bridges', 'surface graphitization', ['adhesion'], 'diamond surface', 'atomic species', 'adhesion reduction', 'spallation', ['chemical modifications']] 

Reference 498: ['adhesion', 'dl', 'cs', 'diamond-copper interfaces', 'density functional theory', 'chemical modifications'] 

TOP-K 499: ['li-metal batteries', 'wettabillity-enhanced graphene-coated separators', 'li metal-based batteries', 'li metal batteries', 'lithiophilic properties', 'g@pp separators', 'li', ['homogeneous li-ion flux'], 'pg@pp separators', 'graphene layer', 'electrochemical performance', 'intrinsic electrolyte wettability', 'improved cycle stability', 'high li loading conditions', 'electrolyte permeability'] 

Reference 499: ['lithium metal anode', 'wettability enhanced graphene', 'hydrophilic separator', 'homogeneous li-ion flux'] 

TOP-K 500: ['n,p-cds', 'prepared n,p-cds', 'water-based additives', 'h2o', 'benzopyrrole', 'nitrogen/phosphorus co-doped carbon dotsare', 'tribochemical protective film', 'good lubrication effects', 'cds surface', 'long-term storage', 'robust hydration layer', 'step hydrothermal method', 'excellent antibacterial activity', 'bacterial growth', 'friction pair surface'] 

Reference 500: ['lubricant additive', 'carbon dots', 'heteroatom doping', 'aqueous lubrication'] 

TOP-K 501: ['adsorption coefficient prediction', 'concentration-selection approach', ['abraham descriptors'], 'concentration selection', 'adsorbate concentration', 'adsorption coefficientprediction', 'different adsorbate concentrations', 'data-splitting approach', 'specific surface area', 'concentration effects', 'kd prediction', 'total pore volume', 'adsorption process', 'group selection', 'training model'] 

Reference 501: ['machine learning', 'adsorption coefficient', 'equilibrium concentration', 'abraham descriptors', 'carbon-based adsorbent design'] 

TOP-K 502: [['cation exchange reactions'], 'co7fe3/co heterogeneous structures', 'cation exchange', 'multi-phase heterostructures', 'electromagnetic synergy', 'metal/alloy phases', 'broadband absorption', 'rlmin value', 'single metal phases', 'broadband absorption bandwidth', 'ghz', 'electromagnetic attenuation capabilities', 'absorption performance', ['impedance matching'], 'electromagnetic response mechanism'] 

Reference 502: ['phase engineering', 'cation exchange reaction', 'electromagnetic parameters', 'impedance matching', 'heterogeneous structures'] 

TOP-K 503: ['carbon-based all-inorganic c-pscs', 'c-pscs', 'novel carbon counter electrodes', 'vo@cnf', 'carbon counter electrode', 'vo-deposited carbon nanofibers', 'cspbbr ₃ perovskite', 'pce increase rates', 'novel counter electrodes', 'power conversion efficiencies', ['counter electrodes'], 'low conductivity', 'first time', ['back interface'], '@cnf'] 

Reference 503: ['counter electrode', 'cs', 'pb', 'br₃cnf', 'back interface', 'perovskite solar cells'] 

TOP-K 504: ['mxene/zro2/w-c nanofibers', 'nanocage-structured uio-66', 'electrospinning technology', 'high-performance electromagnetic wave-absorbing materials', ['ultra-wide absorption bandwidth'], 'ultra-wide absorption bands', 'impedance matching', 'excellent electromagnetic wave absorption', 'electrostatic spinning method', 'dopant phase', 'doping phase', 'multi-phase doped fiber', 'experimental results', 'wide absorption bandwidth', 'electromagnetic interference'] 

Reference 504: ['electrospinning', 'm', 'xene', 'ultra-wide absorption bandwidth', 'porous nanocages', 'multidimensional heterogeneous interface'] 

TOP-K 505: ['post-treatment method', 'h2so4-treated p-type films', 'chemically-controlled transfer technique', 'swcnt/cmc films', 'dispersion-stable swcnt', 'stretchable tegs', 'stretchable device applicability', 'n-type te performance', 'cmc polyelectrolyte', 'n-type te films', 'excellent dispersion-stability', 'single-walled cntand carboxymethyl cellulosecomposite', 'n-type te feature', 'te performance', 'acid hydrolysis'] 

Reference 505: ['organic thermoelectrics', 'organic thermoelectric generator', 'single-walled carbon nanotube', 'stretchable', 'dry-transferable'] 

TOP-K 506: ['co/cofe bimagnetic phases', 'multilayer microwave', 'smfeb', 'multilayer material', 'multi-scale structural design', 'strong microwave absorption', 'carbon-magnetic material', 'impedance matching', 'hollow co/cofe @c', 'magnetic layer', 'material', 'strong microwave absorption ability', 'effective absorption bandwidth', 'hollow structure', 'overall impedance matching'] 

Reference 506: ['prussian blue analogs', 'magnetic loss', 'multi-layer structural absorbing material', 'microwave absorption'] 

TOP-K 507: ['n', 'unique honeycomb porous structure', 'biomimetic mineralization template', 'anode materials', 'porous carbon', 'novel carbon-based materials', 'sibs', 'honeycomb morphology', ['sodium-ion batteries'], 'energy storage', 'simple synthesis', 'high porosity', 'abundant raw materials', 'auspicious anode material', 'tri-doped porous carbon materialis'] 

Reference 507: ['biomimetic mineralization', 'combustion activation', 'sodium-ion battery'] 

TOP-K 508: ['single-walled carbon nanotubethin films', 'thermoset monitoring', 'swcnt films', 'embedded swcnt films', 'thermoset polymers', 'mechanical loading', 'structural monitoring', 'mwcnts alternatives', 'polymerization stages', ['piezoresistive response'], 'sensitive deformation monitoring', 'deposited electrodes', 'physical features', 'films', 'monitoring'] 

Reference 508: ['carbon nanotube film', 'composites', 'manufacturing monitoring', 'lifecycle monitoring', 'piezoresistive response'] 

TOP-K 509: ['graphite', 'lubricating oil film', 'self-lubricating additives', 'pao', 'synergistic lubrication mechanism', 'first-principles calculations', 'pao molecules', 'tribological properties', 'friction interface', 'good mechanical properties', ['molecular dynamicssimulation'], 'oil film', 'transfer film', 'elastic modulus', 'transfer film formation'] 

Reference 509: ['solid-liquid synergistic lubrication', 'polymer composites', 'first-principles', 'molecular dynamicssimulation'] 

TOP-K 510: ['ultra-broadband emwa', 'high-temperature annealing', 'magnetic material aggregation', 'sno2/porous carbon composites', 'doped fe3o4', 'gradient metamaterial', '3d-4f magnetic coupling', 'emwa performance', 'multiple heterointerfaces', 'core-shell heterostructure', 'rcs reduction value', 'polarization loss', 'magnetic performance', 'exchange coupling effect', 'stick-shaped sn metal-organic frameworkis'] 

Reference 510: ['la-doped fe3o43d-4f coupling', 'sn-mof', 'enhanced microwave absorption', 'multiple heterostructures'] 

TOP-K 511: [['rhombohedral graphite'], ['electronic raman scattering'], ['raman spectroscopy'], 'raman processes', 'perfect rg structure', 'graphene layers', ['topological flat band'], 'sequence identification', 'electronic phenomena', 'electronic interactions', 'distinctive peak positions', 'bulk gap', 'established technique', 'key advantage'] 

Reference 511: ['rhombohedral graphite', 'raman spectroscopy', 'electronic raman scattering', 'topological flat band'] 

TOP-K 512: ['novel phase assembly-modulating strategy', 'microwave absorption properties', 'microwave absorption', 'potential microwave absorber', 'mose2 material', ['phase modulation'], 'mose2 phase', 'high-purity magnetic 1t', 'three-dimensional n-mose2', 'gox microspheres', 'gox', 'db@1.8 mm', 'wave absorption field', 'unique 1t', 'advanced conductivity loss'] 

Reference 512: ['mo', 'se2microwave absorption', 'g', 'ox', 'phase modulation', 'ultrasonic spraying'] 

TOP-K 513: ['carbon nanotube composites', 'foam 3d printing', 'carbon nanotubefoams', 'thermal conductivity', 'robust thermoplastic polyurethane', 'functional foams', 'controllable density', 'uniform cellular morphologies', 'tunable densities', 'foam 3d printingprocess', 'uniform morphologies', ['electrical conductivity'], 'nozzle temperature', 'density reduction', 'foam expansion'] 

Reference 513: ['3d printing', 'additive manufacturing', 'foam printing', 'carbon nanotubes', 'nanocomposites', 'electrical conductivity'] 

TOP-K 514: ['diamond phase transitions', ['diamond'], 'graphitic carbon', ['friction'], 'iron carbide', 'iron', 'friction products', 'primary factors', 'iron wires', 'metal iron', 'phase transformation process', 'iron wire', 'initial downward trend', 'friction interface', 'friction atmosphere'] 

Reference 514: ['ultrafine drawing', 'diamond', 'friction', 'interface', 'structural evolution'] 

TOP-K 515: [['ternary composites'], 'co/mno @nc ternary composites', 'multi-component composites', 'enriched heterogeneous interfaces', 'co/mno @nc absorbers', 'conventional ferromagnetic-based absorbers', 'co/mno @nc composites', 'exceptional emw absorption properties', 'efficient microwave absorbers', 'dielectric polarization response capability', 'radar cross-section simulations', 'effective absorption bandwidth', 'outstanding absorption properties', 'power loss density', 'elaborate construction'] 

Reference 515: ['ternary composites', 'heterogeneous interfaces', 'dielectric polarization', 'magneto-electric synergy', 'electromagnetic wave absorption'] 

TOP-K 516: [['graphene'], 'porous carbon nitride photocatalysts', 'pyridinic nitrogen atoms', 'high specific surface area', 'high-performance metal-free two-dimensional photocatalysts', 'water-splitting reaction', 'effective electron-hole separation', 'new photocatalyst', 'suitable-size n-doped cavity', 'new two-dimensional photocatalyst', 'metal co-catalyst', 'nitrogen atoms', 'water splitting', 'exciton binding energies', 'abundant active sites'] 

Reference 516: ['graphene', 'porous carbon nitride', 'metal-free two-dimensional photocatalyst', 'exciton dissociation', 'proton-coupled electron transfer'] 

TOP-K 517: ['strength-ductility synergy', 'nickel matrix composites', '3d graphene networks', ['metal matrix composites'], 'hdi hardening', 'hetero-interfaces', 'dispersed microcracks', 'fine-grained zones', 'three-dimensional graphene', 'novel bimodal-structured nickel matrix', 'uniform elongation', 'dynamic plastic deformation', '3dgn-reinforced composite', 'cold rolling', 'tensile strength'] 

Reference 517: ['metal matrix composites', 'bimodal structure', 'three-dimensional graphene network', 'stacking fault', 'mechanical properties'] 

TOP-K 518: ['upscaled bioplastics production', ['bioplastics'], 'multi-stage mfa technique', 'bioplastics production', 'wastes', 'bioplastics conversion', 'sustainability assessment', 'combined sustainability assessment', 'sustainability', 'multi criteria analysis', 'circular economy', 'multi criteria analysiswith mfa', 'primary biomass', 'emissions', 'current practices'] 

Reference 518: ['bioplastics', 'feedstock sustainability evaluation', 'material flow analysis', 'multi-criteria analysis', 'cellulose nanofibril', 'waste management'] 

TOP-K 519: ['adsorption-based atmospheric water extractionsystems', 'atmospheric water harvesting', ['kinetic analysis'], 'kinetic model', 'climate variability', 'process modeling', 'water extraction', 'critical process design variables', 'coupling mof material selection', 'operating costs', 'cost', 'optimization algorithm', 'comprehensive computational approach', 'stage stochastic programming approach', 'climate conditions'] 

Reference 519: ['atmospheric water extraction', 'kinetic analysis', 'meteorological analysis', 'metal-organic frameworks', 'stochastic optimization'] 

TOP-K 520: ['ti-4bc', 'tio2 modification', ['coconut shell biochar'], ['tetracycline'], 'high-efficiency photocatalytic degradation', 'adsorption mechanism', 'excellent adsorption performance', 'multiple heavy metals', 'heavy metals', 'binary metal system', 'metal ions', 'various methods', 'degradation performance', 'competitive effect'] 

Reference 520: ['coconut shell biochar', 'ti', 'o2heavy metal', 'tetracycline'] 

TOP-K 521: ['co cluster-single atoms', 'catalytic sponges', 'co clusters', 'non-magnetic catalysts', ['co single atoms'], 'co sa', 'co cs/a-tio', 'co cs/a-tio 2/pms system', 'advanced oxidation processes', 'microreactor treatment experiment', 'dft calculations', 'atomic level', 'microreactor experiment', 'single atomsites', 'synergistic effect'] 

Reference 521: ['co single atom', 'co atomic cluster', 'crystal phase regulation', 'electron optimization', 'pms-based aops'] 

TOP-K 522: ['future drought risk', 'ssp585 scenarios', 'agrotechnology transfer', 'yrb', 'wue', 'yrb ecoregions', 'notable western dry-wet shifts', 'drought risk', 'high-resolution climate models', 'dssat model', 'wue thresholds', 'western maize regions', 'optimal wue thresholds', 'model intercomparison project phase', 'regional differences'] 

Reference 522: ['spring maize', 'climate change', 'ceres-maize model', 'drought', 'water use efficiency'] 

TOP-K 523: ['microwave irradiation', 'cold-mix asphalt', ['cold mix asphalt'], ['cold mix asphalts'], 'moderate microwave irradiation', 'microwave radiation', 'microwave-induced healing', 'powdered slag', ['steel slag'], ['steel slags'], 'various environmental stressors', 'cold mix asphalt properties', 'crack healing', 'microwave treatment', 'cold mix asphalt specimens'] 

Reference 523: ['sustainability', 'carbon footprint', 'healing', 'cold mix asphalt', 'microwave', 'steel slag'] 

TOP-K 524: ['provider-manufacturer communication', 'cultural perceptions', 'caas', 'caas adoption', 'barriers', 'regional adoption', 'countries', 'geographies', 'academic study', 'enablers', 'qualitative interviews', 'primary barriers', 'caas transfers', 'initial outlay', 'different sectors'] 

Reference 524: ['business model', 'circular economy', 'cooling', 'servitisation', 'servitization', 'sustainability'] 

TOP-K 525: ['non-green sectors', ['technological innovation'], ['technological innovations'], 'spillovers', 'green economic growth', 'path-defying pattern', 'green sectors', 'non-green ones', 'countries', 'dominant role non-green sectors', 'technological innovation effect', 'path-dependent pattern', 'unique challenges', 'green capabilities', 'production capabilities'] 

Reference 525: ['technological innovation', 'green growth', 'path-dependent economic growth', 'green capabilities spillovers', 'developing countries', 'economic complexity'] 

TOP-K 526: ['green shipping regulations', 'green shipping policies', 'green shipping policy network', 'policy actors', 'collaborative relationships', 'mandatory green shipping policies', 'policy thematic emphasis', 'environmental concerns', 'china', 'thematic priorities', 'policy entities', 'different levels', 'significant transitions', 'effective strategies', 'practical effectiveness'] 

Reference 526: ['green shipping', "china's green shipping policy", 'social network analysis'] 

TOP-K 527: ['high-efficiency lithium-oxygen batteries cathodes', ['lithium-oxygen batteries'], 'high-efficiency cathodes', 'titanium oxide composites', 'cradle-to-gate approach', 'carbon-based composites', 'sustainable cathode manufacturing methods', 'graphene-based composites', 'active material production stage', 'high energy density', 'environmental impacts', 'environmental impact', 'environmental considerations', 'life cycle', ['life cycle assessment']] 

Reference 527: ['energy storage', 'life cycle assessment', 'lithium-oxygen battery', 'impact assessment'] 

TOP-K 528: ['ruminant meat', 'dietary guidelines', 'diets', 'self-selected nutritious diets', 'nutritious diets', 'dg revisions', 'environmental concerns', 'dietary factors', 'environmental considerations', ['environmental impact'], 'food content', 'whole grains', 'certain foods', 'high environmental impact', 'environment'] 

Reference 528: ['sustainable diets', 'positive deviance', 'nutritional quality', 'environmental impact', 'diet cost'] 

TOP-K 529: [['iron ore tailings'], 'scb/iot ratio', 'sugarcane bagasse', 'iot', ['carbon deposition'], 'synergistic valorization', 'biomass waste', 'secondary iron source', ['biomass volatiles'], 'biogenic hydrogen production', 'residual biomass volatiles', 'iron ore', 'weak magnetic iron oxides', 'strong magnetic iron phases', 'steelmaking processes'] 

Reference 529: ['biomass volatiles', 'iron ore tailings', 'iron recovery', 'catalytic cracking', 'carbon deposition', 'hydrogen'] 

TOP-K 530: ['abm-gt framework', ['agent-based model'], 'agent-based modelsand game theory', 'conjunctive management', 'real-world scenarios', 'agents', 'farmer agents', 'non-cooperative scenarios', 'partial cooperation', 'water shortages', 'economic potential', 'traditional methods', 'allocation problems', 'dry years', 'cooperation'] 

Reference 530: ['agent-based modeling', 'game theory', 'water resources management', 'decision making', 'partial cooperation dynamics'] 

TOP-K 531: ['household photovoltaic projects', 'photovoltaic projects', ['regret theory'], 'pv promotion', 'photovoltaic enterprises', 'four-party evolutionary game model', 'local governments', 'behavioural decisions', 'renewable energy', 'financing institutions', 'households', 'grid-connected prices', 'fiscal policies', 'local governments incentives', 'research'] 

Reference 531: ['household photovoltaic', 'inclusive finance', 'investment decision', 'evolutionary game', 'regret theory', 'system dynamic'] 

TOP-K 532: ['electrodialysis-based acid recovery', 'nernst-plank equation-based model', 'ed-based acid reclamation processes', 'ed-based acid recovery systems', 'electrodialysis conditions', ['proton leakage'], 'electrodialysis-based acid concentration', 'experimental data', 'imperfect proton leakage characteristics', 'model', 'acid transport', 'subsequent proton concentration', 'simulation outcomes', 'practical applications', 'waste acids'] 

Reference 532: ['acid recovery', 'electrodialysis', 'anion exchange membrane', 'nernst-planck equation', 'proton leakage'] 

TOP-K 533: ['waste-to-methanol', 'waste-to-methanol process', 'cradle-to-grave lca analysis', 'wtm-gh', 'waste-to-energy process', 'wtm technology', 'low-carbon energy', 'green hydrogen use', 'global warming', 'regional/local impacts', 'potential environmental impacts', 'carbon credits', 'global impacts', 'global warming potential', 'process'] 

Reference 533: ['gasification', 'methanol', 'green technology', 'life cycle assessment', 'municipal solid waste', 'green hydrogen'] 

TOP-K 534: [['cableway'], 'life cycle ghg emissions', 'cableway system', 'cableway systems', 'car transportation', 'lifecycle ghg', 'environmental impacts', 'terrestrial ecosystems', 'current car transportation', 'alternative transportation options', 'energy consumption', 'daily cableway passengers', 'urban transportation', 'electricity usage', 'comparative lca'] 

Reference 534: ['life cycle assessment', 'cableway', 'ropeway', 'urban', 'biodiversity', 'carbon footprint'] 

TOP-K 535: ['ammonia synthesis manufacturing plant', ['electricity production cost'], 'orc system characteristics', 'water subsystem', 'primary non-energy cost', 'water subsystem cost', 'direct energy cost', 'exergy efficiency', 'current research deficiencies', 'developed therm-economic optimization', 'exergy performance', 'therm-economic optimization method', 'organic fluid cost', 'consumption', 'minimum epc'] 

Reference 535: ['organic rankine cycle', 'therm-economic optimization', 'circulating water', 'electricity production cost', 'coefficient of exergy performance'] 

TOP-K 536: ['amine regeneration-co2 mineralization', 'emar-m', 'amine regeneration', 'co2 mineralization', 'co2-rich amine', 'energy consumption', 'electrode dissolution', ['mea'], 'metal-amine coordination desorption', 'metal ion release', 'redox reaction', 'mineralization', 'nacl', 'current problems', 'electrochemical method'] 

Reference 536: ['co2electrochemically', 'capture-mineralization', 'in-situ amine regeneration', 'mea'] 

TOP-K 537: ['straw', 'straw conversion', ['machine learning'], ['ball milling depolymerization'], 'organic solvents', 'direct microwave hydrothermal conversion', 'machine learning methodology', 'solid wastes conversion hmf', 'hmf yield', 'machine learning method', 'microwave hydrothermal conversion', 'biphasic system', 'machine learning prediction', 'synergic use', 'conversion potential'] 

Reference 537: ['straw5-hydroxymethylfurfural', 'ball milling depolymerization', 'microwave hydrothermal', 'machine learning'] 


N=5
P=0.13605947955390335
R=0.13540510543840178
F1=0.1357315038012238


N=10
P=0.10464684014869889
R=0.20828708842027377
F1=0.13930471359643695


N=15
P=0.08487405385283533
R=0.25305216426193117
F1=0.12711391934584648

max_len: 512
temp_en: Book:
temp_de: This book mainly talks about 
model: base
enable_filter: True
enable_pos: True
position_factor: 120000000.0
length_factor: 0.6
Processing time: 214.38225650787354
