Start Testing ...
TOP-K 0: [['precipitable water vapour'], 'atmospheric water vapour', 'pwv', 'water vapour', 'climate change', 'tropical india', 'radiosonde data', 'vertical water vapour profiles', 'atmospheric water vapour concentration', 'water vapour concentration', 'reanalysis data', 'moist lapse rate', 'vertical atmospheric temperature profile', 'total water vapour column', 'water vapour profiles'] 

Reference 0: ['lapse rate', 'precipitable water vapour', 'scale height', 'temperature', 'vertical profile'] 

TOP-K 1: ['pwv retrieval', 'high-precision pwv retrieval model', 'pwv', 'amsr2 water vapor products', 'amsr2 pwl', 'era5 pwv', 'machine learning algorithms', 'mwri-rm', 'mwri-rm pwv', 'microwave observations', 'high precision', 'light gbm', 'random forests', 'light gradient', 'brightness temperature data'] 

Reference 1: ['water vapor', 'fy-3g/mwri-rm', 'era5', 'radiosonde'] 

TOP-K 2: ['deep belief network', 'machine learning-based method', 'smap soil moisture data', ['dbn'], 'smap imagery', 'smap satellite', 'error distribution analysis', 'soil moisture values', ['soil moisture'], 'soil moisture product', '36-kilometer soil moisture product', 'various land cover types', 'various input model parameters', ['land cover'], 'snotel network'] 

Reference 2: ['dbn', 'soil moisture', 'downscaling', 'spatial resolution', 'land cover'] 

TOP-K 3: ['space film mechanisms', 'crease-contact model', 'simulations', 'aerospace design', 'space membrane structure design', 'mechanical property correctness', 'model', 'extreme temperatures', 'crease deployment experiments', 'configuration accuracy', 'layer contact model'] 

Reference 3: ['space membrane structure', 'crease dynamics', 'dynamics simulation and experiment', 'ancf'] 

TOP-K 4: ['pre-midnight epb rates', 'global pre-midnight epb patterns', 'south america', 'ionospheric connection explorermission', 'post-midnight epbs', 'geomagnetic disturbances', 'december solstice maximum', 'non-significant pre-midnight suppression', 'magnetic latitude', 'epb responses', 'solar cycle', 'geomagnetic variability', 'full ion density dataset', 'local time dependencies', 'early years'] 

Reference 4: ['equatorial plasma bubbles', 'ionospheric irregularities', 'icongeomagnetic activity', 'seasonal variability'] 

TOP-K 5: ['airglow images', 'automatic method', 'new automatic method', ['all-sky airglow imager'], 'semi-automatic approach', 'time complexity', 'low time complexity', 'new automatic approach', 'propagation parameters', 'morphology', 'automatic approach', 'error', 'plasma structures', 'method', 'results'] 

Reference 5: ['all-sky airglow imager', 'image segmentation', 'mid-latitude ionospheric plasma structure', 'deep learning'] 

TOP-K 6: ['hunga eruption', 'ionosphere-thermosphere system', 'positive ionospheric storm', 'moderate geomagnetic storm', 'strong equatorial', ['ion density'], 'dip equator region', 'sudden storm commencement', 'storm', 'dip equator', 'turbulence', 'longitudes', 'moderate storm', 'high wind variations', 'altitudes'] 

Reference 6: ['ionosphere and thermosphere', 'ion density', 'wind speed', 'geomagnetic storm', 'volcanic eruption'] 

TOP-K 7: ['post-sunset epbs', 'sts', 'post-sunset esf', 'post-midnight epbs', ['solar flux'], 'esf occurrence', 'low solar activity', 'ionospheric monitoring', 'esf onset', 'high solar activity', 'post-midnight hours', 'solar activity levels', 'temporal variations', 'st occurrences peak', 'pre-reversal enhancementis'] 

Reference 7: ['equatorial spread f', 'satellite traces', 'sts with or without esf', 'solar flux', 'seasonal variability of sts'] 

TOP-K 8: ['tianqin constellation', 'multi-objective optimization problem', 'high-fidelity dynamic models', 'low-frequency control', 'fuel consumption', 'non-uniformly conflicting relationship', 'segmented cooperative control strategy', 'high-fidelity dynamics', 'segmented multi-objective optimization method', 'geometric stability', 'active orbital control', 'optimal geometric stability', 'cooperative control strategy', 'local optimization', 'virtual structure methods'] 

Reference 8: ['configuration maintenance', 'cooperative control', 'multi-objective optimization', 'cost-benefit analysis', 'gravitational wave detection'] 

TOP-K 9: ['nonlinear orbital uncertainty propagation', 'spacecraft maneuver detection method', 'orbital uncertainty propagation', 'on-orbit spacecraft maneuvers', 'post-maneuver orbit', ['nonlinear uncertainty propagation'], 'orbital uncertainty', 'orbital anomaly', 'potential non-gaussian effects', 'nonlinear orbital dynamics', 'combined gaussian mixture model', 'state estimation errors', 'orbital arc', 'spacecraft pre-maneuver orbit', 'mapping uncertainty'] 

Reference 9: ['spacecraft maneuver detection', 'nonlinear uncertainty propagation', 'orbital maneuver', 'space situational awareness'] 

TOP-K 10: ['meter-sized meteoroids', 'n-body meteoroid model', 'meteoroid', 'n-body meteoroid', 'asymmetric light curves', 'heterogeneous materials', 'equivalent cross-sectional diameter', 'meteoroid cases', 'light curve', 'new model', 'multiple light curve', 'bx1', 'irregular geometry', 'atmospheric evolution', 'porous structure'] 

Reference 10: ['atmospheric entry of meteoroids', 'discrete element method', 'meter-sized meteoroid2023 beijing meteoroid', 'asteroid 2024 bx1'] 

TOP-K 11: ['draconitic errors', 'dre correction', 'non-loading errors', 'significant dre', 'repro2 gcm', 'repro3 gcm', 'pronounced draconitic errors', 'intra-seasonal gcm variations', 'repro2', 'repro3', 'annual phase deviations', 'gcm estimates', 'annual phase deviation', 'accuracy', 'overall agreement'] 

Reference 11: ['geocenter motion', 'gnss inversion', 'igs reprocessing campaigns', 'seasonal variations', 'intra-seasonal variations'] 

TOP-K 12: ['tbna', 'tianjin binhai new area', 'reclaimed-land subsidence monitoring', 'surface subsidence mechanism', 'surface subsidence', 'ground deformation prediction model', 'subsidence mechanism', 'time-series insar', 'groundwater extraction', 'surface subsidence monitoring', 'land reclamation areas', 'geotechnical model', 'lstm model', 'subsidence prediction', 'reclaimed-land subsidence mechanism analysis'] 

Reference 12: ['land reclamation', 'ground subsidence', 'in', 'sar', 'mechanism analysis', 'deformation prediction'] 

TOP-K 13: ['surface water salinity prediction', ['mekong delta'], 'surface water salinity', 'surface water salinity map', 'particle swarm optimization-bagging', 'local geo-environmental conditions', 'ml models', 'machine learning models', 'mapping salinity surface water', '1d-convolution neural network', 'model selection', 'salinity prediction modeling', 'bayesian model', 'satellite images', 'ensemble ml models'] 

Reference 13: ['salinity intrusion', 'remote sensing', 'landsat-8machine learning', 'mekong delta', 'vietnam'] 

TOP-K 14: ['eco-environment quality', 'industrial structure indexes', 'industrial structure indicators', 'eco-environment system quality', ['industrial structure'], 'eco-environmental quality', 'advanced industrial structure', 'industrial structure change', 'granger causality test', 'industrial structure diversity', 'ecological environment', 'panel vector autoregressive model', 'contribution rate', 'principal component analysis', 'contribution'] 

Reference 14: ['industrial structure', 'ecological environment quality', 'pvar', 'impulse response', 'variance decomposition', 'granger causality'] 

TOP-K 15: ['surface meteorological variables', 'era5 reanalysis dataset', 'era5 reanalysis data', 'zwd modeling', 'surface meteorological observations', 'water vapor', 'high spatiotemporal variability', 'medium-range weather forecasts', 'prediction accuracy', 'spatiotemporal variability', 'rms values', 'lightgbm', 'climatic conditions', 'complex geographical conditions', 'climatic scenarios'] 

Reference 15: ['tropospheric wet delay', 'machine learning', 'xg', 'boost', 'light', 'gbm'] 

TOP-K 16: ['dummy variables', 'agricultural rain-fed region', 'spectral information', 'modis ndvi', 'lst', 'soybean yields', 'models', 'model inputs', 'soybean yield', 'regional maize', 'yield variation', 'regression models', 'model input', 'tvdi monthly inputs', 'terra satellite'] 

Reference 16: ['ndvilsttdvi', 'water stress'] 

TOP-K 17: ['fvc', 'fvc estimation', 'nonnegative matrix factorization', 'sub-regional driver analysis', 'three-north region', 'average relative humidity', 'fvc distributions', 'weighted random forestmodel', 'nonnegative matrix factorizationmethod', 'large-scale vegetation dynamics', 'quadratic optimization', 'optimal parameter-based geographic detectorand', 'multifaceted framework', 'geographic models', 'first local influencing factor'] 

Reference 17: ['fractional vegetation coverage', 'improved constrained nonnegative matrix factorization', 'optimal parameter-based geographic detector', 'geographically weighted random forest', 'ecological protection'] 

TOP-K 18: ['gaseous helium', 'propulsion system design', 'design', 'valve design', 'cold gas propulsion system', 'cold gas', 'design aspects', 'propulsion system', 'fcv', 'design adequacy', 'thruster configuration', 'pwm testing', 'end use requirements', 'key design aspects', 'flow control'] 

Reference 18: ['cold gas thrusters', 'cube', 'sat propulsion', 'pull in voltage', 'cyclic life', 'on-response', 'pulse width modulation'] 

TOP-K 19: [['zhinyu crater'], ['ejecta'], 'regional stratigraphy', 'ejecta thicknesses', 'chang', 'shallow subsurface', 'ejecta distribution.zhinyu crater', ['numerical simulation'], 'basalt layers', 'continuous ejecta', 'formation process', 'landing site', 'compositional rings', 'vertical impact', 'specific analysis'] 

Reference 19: ['impact crater', 'ejecta', 'numerical simulation', 'zhinyu crater'] 

TOP-K 20: ['piezoelectric semiconductors', 'piezoelectric semiconductor', 'bended piezoelectric semiconductor beam', 'non-uniform piezoelectric semiconductor beams', 'electro-elastic coupling behaviors', 'nonlinearity', 'piezoelectric semiconductor beam', 'non-uniformity', 'electrical field quantities', 'nonlinear constitutive relation', 'electro-elastic behaviors', ['differential quadrature method'], 'nonlinear model', 'numerical analysis', ['iteration procedure']] 

Reference 20: ['nonlinear analysis', 'bended piezoelectric semiconductor', 'variable cross section', 'iteration procedure', 'differential quadrature method', 'electro-elastic properties'] 

TOP-K 21: [['flexural-gravity waves'], ['flexural-gravity wave'], 'linear water wave theory', ['asymptotic approach'], 'undulating bottom topography', 'bragg resonance', 'asymptotic method', 'undulating bottom', 'incident wave energy', 'wave propagation', 'frequency domain analysis', 'second-order solutions', ['uniform currents'], 'bottom ripples', 'frequency domain'] 

Reference 21: ['flexural-gravity wave', 'uniform current', 'bottom undulation', 'asymptotic approach', 'fourier transform', 'reflection coefficient', 'time-domain analysis'] 

TOP-K 22: ['inventory problem', 'supply uncertainty', 'supplier selection problem', 'uncertain demand', 'buyback contract', 'suppliers', 'multiple suppliers', 'wholesale price', 'defective units', 'production systems', 'buyback price', 'solution algorithm', 'managerial insights', 'order quantities', 'buyer purchases'] 

Reference 22: ['supplier selection', 'newsvendor model', 'uncertain supply', 'buyback/return policy'] 

TOP-K 23: ['subcritical bogie hunting bifurcation', 'supercritical bogie hunting bifurcation', ['high-speed trains'], 'carbody hunting', ['constraint-following control'], ['hunting stability'], 'active secondary suspension', ['high-speed train'], 'typical hunting bifurcations', 'adaptive constraint-following control method', 'lateral suspension', 'passive suspension parameters', ['active suspension system'], 'underactuated control problem', 'bogie hunting stability'] 

Reference 23: ['high-speed train', 'hunting stability', 'nonlinear damping', 'active suspension system', 'bifurcation control', 'constraint-following control'] 

TOP-K 24: [['anisotropic nano-beams'], 'one-dimensional anisotropic nano-beams', 'anisotropic beams', 'strain gradient theory', 'stress fields', 'elasticity theory', 'ct beams', 'gradient elasticity', 'exact analytical solutions', 'gradient elasticity models', ['analytical solutions'], 'gradient coefficient c', 'anisotropic materials', 'general analytical solutions', 'gradient stress fields'] 

Reference 24: ['anisotropic nano-beams', 'nonlocal elasticity', 'stress and strain gradient elasticity', 'analytical solutions', 'micro-size effects'] 

TOP-K 25: ['hong kong', 'two-age-group transmission model', 'omicron wave', 'coronavirus diseaseacross age groups', 'omicron variant', 'pandemic', 'transmission degree', 'time-varying transmission', 'intra-group transmission rate', 'inter-group transmission rate', 'fifth wave', 'disease severity', 'china', 'fifth', 'death rates'] 

Reference 25: ['omicron', 'age-stratified transmission model', 'booster vaccinations', 'counterfactual scenarios'] 

TOP-K 26: [['favre waves'], 'solitary wave solution', 'favre waves laboratory experiments', 'numerical dissipation', 'arbitrary cross-sections', 'hybrid discretization method', 'finite element discretisations', 'prismatic channels', ['finite element'], 'wave propagation', 'shallow-water equations', 'upwind fluxes', 'dissipative behaviours', 'dispersive terms integration', ['finite volume']] 

Reference 26: ['favre waves', 'dispersive waves', 'boussinesq-type model', 'finite volume', 'finite element', 'energy dissipation'] 

TOP-K 27: ['tree multibody systems', 'eigenvalue problems', 'recursive method', 'flexible bodies', ['finite element method'], 'novel recursive method', 'dynamical equations', 'recursive algorithm', 'system topology', 'derivation', 'component mode synthesis', 'mechanical information', 'transfer equations', 'information transfer', 'linear version'] 

Reference 27: ['multibody system transfer matrix method', 'vibration analysis', 'finite element method', 'multibody systems'] 

TOP-K 28: [['wasserstein metric'], 'traffic sensors', 'kl divergence model', 'new traffic sensors', 'urban road network', 'traffic flow estimation', 'optimal sensor location scheme', 'real-word transportation network', 'sensor network', 'traffic sensor location', 'traffic flow', 'sensor location scheme', 'link information value', 'computational results', 'paper'] 

Reference 28: ['transportation planning', 'sensor location', 'wasserstein metric', 'flow estimation', 'greedy algorithm'] 

TOP-K 29: ['multi-support reconfigurable compliant tooling', ['cfrp'], 'cfrp milling edge processing', 'cfrpims', 'cfrp workpieces', 'thin-walled flexible plate', 'machining system', 'genetic algorithm', ['rigid-flexible coupling dynamics model'], 'compliant tooling', 'layout optimization', 'optimization model', 'modal test', 'excitation test', 'transfer matrix method'] 

Reference 29: ['rigid-flexible coupling dynamics model', 'transfer matrix method for multibody systems', 'cfrp', 'milling edge processing', 'support rigidity', 'vibration response'] 

TOP-K 30: ['zigzag bnnts', 'bnnts', 'armchair bnnts', 'inversion energy', 'strain energy', 'shear modulus', 'small diameters', 'inversion energy term', ['elastic properties'], 'reaction angles', 'different bonds', 'bond angles', 'inversion angles', 'continuum mechanics models', 'analytical expressions'] 

Reference 30: ['boron nitride', 'elastic properties', 'molecular mechanics', 'thermal environment', 'energy method'] 

TOP-K 31: ['no-equilibrium chaotic system', 'image security', 'image encryption algorithm', 'chaotic system', 'no-equilibrium multi-fold hidden attractors', 'microcontroller implementation', 'practical microcontroller-based implementation', ['hidden attractor'], 'new chaos-based encryption algorithm', 'dynamic memory scheme', 'complicated phase portrait', 'novel approach', 'new research focus', 'folding trajectory', 'past decade'] 

Reference 31: ['hidden attractor', 'no-equilibrium', 'multi-fold attractor', 'image encryption', 'hardware implementation'] 

TOP-K 32: ['couple stress theory', 'dynamic contact stiffness', ['couple stress'], 'rigid spherical indenter', ['contact vibration'], 'reciprocal receptance', 'parametric studies', 'internal friction', 'shear modulus', 'small oscillation force', 'contact vibration model', 'rigid punch', 'characteristic material length', 'half-space', 'size effect'] 

Reference 32: ['contact vibration', 'couple stress', 'perturbation method', 'hankel transform'] 

TOP-K 33: ['auto-regressive exogenous models', 'recursive least-squares algorithm', 'proximal gradient algorithm', 'output outliers', 'model parameters', 'proximal gradient method', 'proximal gradient', 'effective outlier recovery', 'outlier problem', 'parameter estimation', 'persistent excitation', 'information matrix', 'parameter estimation error', 'comprehensive framework', 'squares algorithm'] 

Reference 33: ['adaptive accelerated proximal gradient', 'outputs with outliers', 'unbiased parameter estimate', 'recursive identification', 'convergence properties', 'state of charge'] 

TOP-K 34: [['multi-axis random vibration'], 'multi-axis random vibration excitation', 'root-mean-square stress', 'vibration excitation', 'multi-objective topology optimization', 'multi-objective topology optimization method', 'load-bearing paths', 'random vibration loads', 'vibration resistance', 'vibration-resistant structure', 'topology model', 'vibration intensity', 'structures', 'common loading conditions', 'topology optimization phase'] 

Reference 34: ['multi-axis random vibration', 'topology optimization', 'hybrid cellular automata', 'analytic hierarchy process', 'fatigue'] 

TOP-K 35: ['nonlinear multiple scattering method', 'nonlinear resonant scatterers', 'nonlinear multiple scattering approach', 'nonlinear resonant metamaterial plates', 'resonant scatterers', 'thin plates', 'nonlinear scatterers', 'second-harmonic waves', 'flexural waves', 'thin plate', 'multiple scattering method', 'multiple scattering', 'effective wave simulation method', 'modeling thin plates', 'multiple nonlinear scatterers'] 

Reference 35: ['nonlinear multiple scattering', 'perturbation analysis', 'harmonic wave generation', 'stop-band formation', 'nonreciprocal transmission'] 

TOP-K 36: ['timoshenko beam theory', 'compressor blades', 'compressor blade', 'ansys software', 'cracks', 'stiffness nonlinearity', 'strain energy release rate', 'breathing crack', 'castingliano theory', 'actual compressor blade', 'blades', 'vibration characteristics', 'dynamic modeling', 'new modeling approach', 'dynamic model'] 

Reference 36: ['cracked blade', 'breathing effect', 'finite element method', 'airfoil blade', 'nonlinear vibration'] 

TOP-K 37: ['mpc-based parameter identification approach', 'novel kinematic calibration method', '4-ups/spr pef', 'poe-based error model', 'novel calibration method', 'poe formula', 'mpc-based identification approach', '5-dof pef', 'calibration tasks', 'multiple plane constraint', 'identifiability analysis', ['parameter identification'], 'model accuracy', 'prototype experiments', 'calibration task'] 

Reference 37: ['parallel mechanism', 'kinematic calibration', 'error modeling', 'parameter identification', 'plane constraint'] 

TOP-K 38: [['image restoration'], 'external guidance regularizer', 'image denoising', 'regularization process', 'regularization model', 'guidance image', 'sound theoretical foundations', 'model', 'external information', 'specific features', 'additional guidance', 'satisfactory results', 'impressive performance', 'traditional regularization.variational regularization'] 

Reference 38: ['image restoration', 'variational regularization', 'guided regularization', 'admm'] 

TOP-K 39: [['inverse problem'], 'infeasible localization estimations', 'four-algorithm method', 'hydraulic-spatial constraints', 'infeasible solutions', 'simulations', 'method', 'predefined probabilities', 'probability distributions', 'steady-state flow conditions', 'hydraulic instruments', 'experimental data', 'leaks', 'undetermined nature', 'emitter coefficients'] 

Reference 39: ['leak detection', 'hydraulic systems', 'inverse problems', 'monte carlo simulations'] 

TOP-K 40: [['pain catastrophizing'], 'prefrontal excitatory-inhibitory imbalance', 'scd25', 'anxiodepressive symptoms', 'evaluative pain ratings', ['chronic pain'], 'prefrontal glx/gaba', 'scd25 levels', 'scd25 level', 'cellular activation', 'elevated glx/gaba', 'joint association', 'first evidence', 'interaction effect'] 

Reference 40: ['chronic pain', 'anterior cingulate cortex', 'magnetic resonance spectroscopy', 'glutamate', 'gaba', 'soluble interleukin-2 receptor', 'pain catastrophizing'] 

TOP-K 41: ['diabetes-induced cognitive impairments', 'csf1r inhibitor plx5622', 'diabetic mice', ['neuroinflammation'], 'gdf11 treatment', 'diabetes-associated cognitive decline', 'microglial depletion', 'hippocampal neurogenesis', 'neural degeneration', 'anti-inflammatory properties', 'neurogenic underpinnings', 'cognitive restoration', 'cognitive decline', 'diabetic murine model', 'memory deficits'] 

Reference 41: ['growth differentiation factor 11neurogenesis', 'cognitive function', 'type 2 diabetes', 'neuroinflammation'] 

TOP-K 42: ['spinal irf7', 'irf7', 'irf7 overexpression', 'inflammatory pain', 'cfa rats', 'nf-κb pathways', 'cfa intraplantar injection', 'pain-related behaviors', 'tumor necrosis factor-αin', 'dorsal horn neurons', ['spinal cord'], 'inflammatory mediators', 'intraplantar injection', 'spinal cord level', 'important role'] 

Reference 42: ['irf7inflammatory pain', 'spinal cord', 'high throughput sequencing', 'nf-κ', 'b', 'inflammatory cytokines'] 

TOP-K 43: ['pregnancy adipokines', 'pregnancy adiponectin', 'pregnancy adiposity', 'second trimester adiponectin', ['infant negative affect'], 'cord blood leptin', 'psychopathology', 'elevated infant negative affect', 'umbilical cord blood concentrations', 'umbilical cord leptin', 'offspring behavioral outcomes', 'negative affect', 'early life marker', 'offspring risk', 'novel biomarkers'] 

Reference 43: ['adiponectin', 'leptin', 'adipokine', 'adiposity', 'pregnancy', 'infant negative affect'] 

TOP-K 44: ['bdii-d', 'right mfg-macc/insula connectivity', 'middle frontal gyrusand insula', 'mfg-insula/macc connectivity', 'psychiatric symptoms', 'right mfg', 'functional brain alterations', 'mfg function', 'depressive symptoms', 'peripheral inflammation', ['childhood adversity'], 'depressive symptom', 'insular function', 'right insula', 'abnormal functional alterations'] 

Reference 44: ['bipolar ii depression', 'amplitude of low-frequency fluctuation', 'functional connectivity', 'childhood adversity', 'interleukin-1β', 'moderation analysis'] 

TOP-K 45: ['hapoeε4 genotype', 'hapoeε4 rats', 'primiparous hapoeε4 rats', 'parity', 'apoeε4 genotype', 'primiparoushapoeε4 rats', ['hippocampus'], 'middle-aged female rats', 'non-spatial cognitive strategy', 'elevated pro-inflammatory signaling', 'neural biomarkers', 'new-born neurons', 'neuroimmune milieu', 'ventral hippocampus', 'wildtype rats'] 

Reference 45: ['hippocampus', 'frontal cortex', 'neurogenesis', 'kynurenine', 'female', 'alzheimer’s disease', 'apoe', 'pregnancy'] 

TOP-K 46: [['marital status'], 'blood-based immune system markers', 'innate immunity', 'plasma neurodegeneration markers', 'immune system balance', ['immunity'], ['social health'], 'plasma amyloid-β40', 'global cognition', 'males', 'total brain volume', 'plasma levels', 'plasma total tau levels', 'baseline', 'levels'] 

Reference 46: ['social health', 'marital status', 'neurodegeneration', 'immunity', 'mediation'] 

TOP-K 47: ['ethanol-naïve males', ['aie'], 'ethanol-naïve rats', 'solitary tract', 'water-exposed males', 'adult males', 'adult male nts', 'poly', 'initial sex differences', 'immune responses', 'central cytokine response', 'females', 'fever sensitivity', 'brain regions', 'mg/kg poly'] 

Reference 47: ['intermittent ethanol exposure', 'aie', 'adolescence', 'sex differences', 'fever', 'tlr3poly i:cil-1neuroimmune', 'brain'] 

TOP-K 48: ['pediatric tbi', 'tertiary neuroinflammatory processes', 'tbi', 'astrocyte reactivity', 'chronic neuroinflammation', 'tertiary post-tbi lesions', 'acute microglia/macrophage', ['white matter lesions'], 'robust neuroinflammation', 'so-called tertiary phase', 'long-term effects', 'results tbi', 'brain', 'altered behavior', 'mouse model'] 

Reference 48: ['tertiary lesions', 'chronic traumatic encephalopathy', 'microglia', 'white matter lesions', 'brain functional connectivity'] 

TOP-K 49: [['epilepsy'], 'p2x7r signaling', 'p2rx7', 'p2x7r expression', 'epileptic wild-type mice', 'p2x7r deficiency', 'p2rx7 gene', ['microglia'], 'anti-inflammatory phenotype', 'gabaergic interneurons', 'seizure severity', 'neuronal genes', 'mice', 'severe seizure phenotype', 'anti-inflammatory molecular profile'] 

Reference 49: ['p2x7 receptor', 'status epilepticus', 'epilepsy', 'cell type-specific function', 'gab', 'aergic interneurons', 'microglia'] 

TOP-K 50: ['prenatal anxiety', 'antenatal anxiety', 'immune dysregulation', 'perinatal anxiety', ['anxiety'], 'antenatal immune activity', ['low birthweight'], 'elevated chemokine activity', 'anxiety symptoms', 'pakistani population', 'gestational age', 'chemokine activity', 'birth outcomes', ['pregnancy'], 'immune characteristics'] 

Reference 50: ['anxiety', 'immune', 'pregnancy', 'postpartum', 'perinatal', 'women’s health', 'cytokine', 'chemokine', 'crp', 'low birthweight', 'small for gestational age', 'anxiety trajectories'] 

TOP-K 51: ['positive affect intervention', 'stimulant use', 'evidence-based behavioral intervention model', 'positive affect intervention effects', 'neurotransmitter release', 'dnam', 'evidenced-based behavioral intervention model', 'β2', 'epigenetic signature', 'oxytocin receptor genes', 'attention-control condition', 'oxytocin receptors', 'cpg sites', 'intervention-related decreases', 'intervention effects'] 

Reference 51: ['contingency management', 'hiv', 'men who have sex with men', 'methamphetamine', 'dna methylation', 'oxytocin', 'positive affect'] 

TOP-K 52: [['insomnia'], ['tai chi'], 'insomnia treatment', 'breast cancer survivors', 'inflammation-related co-morbidities', 'breast cancer survivos', 'cognitive behavioral therapy', 'anti-viral genomic markers', 'disease recurrence', ['inflammation'], 'genomic markers', 'additional benefits', 'insomnia.background insomnia', 'conclusions administration'] 

Reference 52: ['breast cancer', 'cognitive-behavioral therapy', 'gene expression', 'inflammation', 'insomnia', 'tai chi'] 

TOP-K 53: ['gsdmd-dependent pyroptosis', 'meth-induced pyroptosis', 'sy-sh5y cells', ['gsdmd'], 'meth', 'membrane pore information', 'gsdmd pathway', 'meth self-administration', 'cell membrane', 'pore formation blockade', 'meth exposure', 'nlrp1/cas', ['dopamine'], 'vta', 'pore formation'] 

Reference 53: ['methamphetamine', 'dopamine', 'pyroptosis', 'gsdmd', 'reinforcement', 'motivation'] 

TOP-K 54: ['job stress-migraine link', 'job stress', ['physical activity'], 'ltpa', 'job stressand migraine', 'job stress-tth link', 'elsa-brasil study', 'hs-crp/glyca levels', 'ltpa-mediated downregulation', 'psychosocial job stress', 'glyca levels', 'glyca', 'physical activity effect', 'socioeconomic factors', 'job stress-related tth'] 

Reference 54: ['physical activity', 'migraine', 'tension-type headache', 'c-reactive protein', 'acute phase glycoproteins', 'occupational health', 'occupational stress'] 

TOP-K 55: ['il-6', 'il-6 reactivity', 'insomnia', 'tka surgery', ['total knee arthroplasty'], 'clinical pain', 'pain', 'pain status', 'patients', 'post-surgical changes', 'clinical success', 'clinical pain 3-months', 'change', 'reduction', 'important modulatory role'] 

Reference 55: ['knee osteoarthritis', 'total knee arthroplasty', 'pain severity', 'interleukin-6insomnia'] 

TOP-K 56: ['cognitive decline', 'gut microbiome', 'gut microbiome change', 'gut microbial community structure', 'chemotherapy-induced inflammation', 'chemotherapy', 'microbiome disruption', 'inflammation', 'unique chemotherapy-induced microbiome alterations', 'inflammatory markers', 'chemotherapy-induced disruption', 'inflammatory signals', 'differential microbial abundance analysis', 'subjective cognitive decline', 'clinical longitudinal observational study'] 

Reference 56: ['cognitive impairment', 'subjective cognition', 'objective cognition', 'cytokines', 'differential abundance analysis', 'microbial diversity'] 

TOP-K 57: ['myalgic encephalomyelitis/chronic fatigue syndrome', 'gulf war illness', 'post-exertional malaise', 'exercise', 'acute exacerbation', 'pain sensitivity', 'symptom exacerbation', 'symptoms', 'cognitive performance', 'inflammatory marker models', 'vigorous-intensity exercise', 'significant condition-by-time interaction', 'exercise intensity', 'pem', 'study outcomes'] 

Reference 57: ['cognition', 'health', 'patient reported outcome measures', 'physical activity', 'prescriptions'] 

TOP-K 58: ['prenatal stress-induced cognitive impairment', 'probiotics', 'microbial reconstitution', 'gestational stress-induced cognitive impairment', 'maternal gut microbiota', 'neurodevelopmental disorders', 'maternal microbiota', 'intestinal flora', 'pregnant stressed rats', 'synaptic deficits', 'stress', 'β-guanidinopropionic acidresults', 'rat offspring', 'pregnancy', ['cognitive impairment']] 

Reference 58: ['prenatal stress', 'microbiota', 'gpa', 'cognitive impairment', 'ampk'] 

TOP-K 59: ['csf strem2', 'ad pathology', 'microglial phagocytosis', 'csf strem2 levels', 'strem2', 'impaired microglial function', ['depression'], 'impaired microglia phagocytic response', 'ad biomarkers', 'late-life major depressionand', 'alzheimer', 'microglial marker', 'proinflammatory cytokines', 'healthy controls', 'disease'] 

Reference 59: ['depression', 'alzheimer’s disease', 'microglias', 'trem2amyloid beta', 'phagocytosis'] 

TOP-K 60: ['marine antifouling strategies', 'bioactive antifoulant mechanisms', 'photocatalytic bactericidal mechanisms', 'self-polishing antifouling mechanisms', 'surface wettability mechanisms', 'antifouling technologies', 'antifouling coatings', 'biomimetic antifouling mechanisms', ['antifouling strategies'], 'antifouling systems', 'modern biofouling control', 'marine equipment', ['seawater resource utilization'], 'net cages', 'recent advancements'] 

Reference 60: ['biofouling', 'antifouling strategy', 'seawater resource utilization', 'environmentally friendly', 'fouling-release'] 

TOP-K 61: ['n2o generation mechanism', ['direct catalytic decomposition'], 'n2o removal catalysts', 'o2/h2o/no inhibition mechanism', 'n2o', 'rh-based precious metal catalysts', 'o2/h2o/no resistance', 'catalytic removal', 'n2o emissions', 'catalysts', 'main n2o removal methods', 'efficient n2o removal catalyst', 'hydrothermal stability', 'nitric acid industry', 'various catalysts'] 

Reference 61: ['nitrous oxide', 'direct catalytic decomposition', 'scr', 'density functional theory', 'modification and rationally designed'] 

TOP-K 62: ['state-of-the art applications', 'novel adsorbents', 'novel hydrogel adsorbents', 'hydrogel beads', 'adsorption mechanisms', 'stimuli-responsive properties', 'smart adsorption behaviors', 'hydrogel particles', 'unique properties', 'important adsorption mechanisms', 'aqueous solutions', 'synthetic polymers', 'wastewater treatment', 'scientific evidence', 'innovations'] 

Reference 62: ['spherical hydrogels', 'microgels', 'organic dyes', 'heavy metals', 'emerging contaminants', 'water purification'] 

TOP-K 63: ['cancer immunotherapy', 'nanomaterials-based immunotherapies', 'cancer immunotherapies', ['nanomaterials'], ['immune cell targeting'], 'immunomodulatory agents', 'immunotherapies', 'traditional inorganic nanoparticles', 'unsolved challenges', 'immune-related adverse events', 'traditional immunotherapy', 'cancer treatment', 'gene therapies', 'patient outcomes', 'precise targeting'] 

Reference 63: ['nanomaterials', 'tumor associated macrophages', 'cancer vaccines', 'immune cell targeting', 'combination nano-immunotherapy'] 

TOP-K 64: ['electrospun fiber-based sensors', 'electrospinning technology', 'fiber-based single-mode sensors', 'fiber-based sensors', ['multifunctional sensors'], 'unimodal sensor applications', 'large specific surface area', 'high-performance sensors', 'current challenges', 'sensor preparation', 'flexible temperature sensors', 'controllable structure', 'manufacturing methods', 'research advances', 'sensitive materials'] 

Reference 64: ['electrospinning', 'nanofibers', 'single function sensors', 'multifunctional sensors'] 

TOP-K 65: ['mofs/cofs hybrid materials', 'mofs', 'electrocatalytic co2 rr', 'hybrid materials', 'co2 rr electrocatalysts', 'co2 rr electrocatalysis', 'electrocatalytic materials', 'high faradic efficiency', 'co2 reduction', 'rapid advancements', 'cofs-based hybrid materials', 'synthetic fuels', 'electrocatalytic co2rr performance', 'efficient energy conversion', 'cofs'] 

Reference 65: ['electrocatalysis', 'metal–organic frameworks', 'covalent-organic frameworks', 'co2-reduction reaction', 'faradic efficiency'] 

TOP-K 66: ['sc-co2', 'sc-co2 applications', 'sc-co2 technology', 'sc-co2 treatment', 'mechanisms', 'physi-chemical properties', 'extraction', 'physic-chemical property changes', 'efficient biomass conversion', 'bioenergy recovery', ['physiochemical properties'], 'biomass utilization processes', 'economic analysis', ['working mechanisms'], 'operation parameters'] 

Reference 66: ['supercritical carbon dioxide', 'biorefinery', 'working mechanism', 'physiochemical properties', 'economic performance'] 

TOP-K 67: ['electrochemical co2 reduction', 'co2 mass transport', 'electrolyzer designs', 'potential solutions', 'value-added fuels', 'hydrogen evolution reaction', 'co2 mass transfer', 'electrolysis conditions', ['electrode'], 'co2 emissions', 'eco2rr performance', 'eco2rr industrialization', 'environmental sustainability', 'climate change', ['mass transport']] 

Reference 67: ['electrochemical co2 reduction reaction', 'mass transport', 'electrode', 'electrolyzere', 'co2rr performance'] 

TOP-K 68: ['3d c3n4-based photocatalysts', 'carbon nitride-based photocatalysts', '3d c3n4', 'various 3d c3n4-based photocatalysts', 'co2 photoreduction', 'synthesis', 'photocatalytic performance', 'research gaps', 'related present studies', 'future research', 'visible light', 'characteristics', 'inexpensive synthesis', 'reduction potential', 'community attention'] 

Reference 68: ['carbon nitride', 'co2 reduction', 'greenhouse gas', 'photocatalysis', 'porous structure'] 

TOP-K 69: ['interfacial stabilizers', 'lmnps-based conductive hydrogels', ['conductive hydrogels'], 'various interfacial stabilizers', 'lmnps', 'interfacial regulating mechanisms', 'stable lmnps-based conductive hydrogels', ['interfacial engineering'], 'resultant lmnps-based conductive hydrogels', 'interfacial engineering strategies', 'large cohesion', 'low viscosity', 'electromagnetic interferenceshielding', 'polymer matrixes', 'high density'] 

Reference 69: ['liquid metal nanoparticle', 'conductive hydrogel', 'interfacial engineering', 'motion detection', 'human–machine interface'] 

TOP-K 70: ['copper-based hef catalysts', ['copper-based catalysts'], 'hef technology', 'new hef reactors', 'iron-containing solid substrates', 'copper-based hef catalyst', 'high catalytic oxidation ability', 'green hef catalysts', 'catalysts', 'hef research', 'catalyst design', 'different spatial positions', 'iron-based catalyst', 'hot topic', 'recent years'] 

Reference 70: ['heterogeneous electro-fenton', 'copper-based catalyst', 'emerging pollutants', 'machine learning', 'heterogeneous electro-fenton reactor'] 

TOP-K 71: ['photothermal catalysis', ['light-assisted thermocatalysis'], ['heat-assisted photocatalysis'], 'green photocatalysis', ['light-driven thermocoupled catalysis'], 'light-driven thermal catalysis', 'catalytic mechanisms', 'catalytic action', 'exceptional photothermal catalysts', 'air pollutant treatment', 'activation energy source', 'future research directions', 'current challenges', 'eco-friendly approach', 'highlight potential research directions'] 

Reference 71: ['photothermal catalytic', 'air pollutants', 'light-assisted thermocatalysis', 'heat-assisted photocatalysis', 'light-driven thermocoupled catalysis'] 

TOP-K 72: ['uio-66 derivatives', 'uio-66-type mofs', 'catalytic biomass conversion', 'uio-66', 'biomass conversion', 'catalytic conversion', 'catalytic conversions', 'catalytic mechanisms', 'high porosity', 'biomass', 'catalyst design', ['catalytic performance'], 'furfuryl alcohol', 'preparation methods', 'tunable structures'] 

Reference 72: ['biochemical conversion', 'ui', 'o-66properties', 'catalytic performance'] 

TOP-K 73: [['anaerobic membrane bioreactors'], ['bioflocculants'], 'eco-friendly bioflocculants', 'bfs', 'mitigating membrane fouling', ['membrane fouling'], 'bioflocculantsin anmbrs', 'potential cost-effectiveness', 'low toxicity', 'factors', 'conventional methods', 'anmbrs', 'mechanisms', 'control', 'membrane'] 

Reference 73: ['anaerobic membrane bioreactors', 'membrane fouling', 'bioflocculant', 'membrane fouling mitigation'] 

TOP-K 74: ['tmcs', 'co-scr reaction', ['co-scr'], 'selective catalytic reduction', 'transition metal catalystsfor co-scr', 'co-based catalysts', 'catalyst design strategies', 'efficient tmcs', 'reaction mechanisms', 'various catalysts', 'practical factorson co-scr', 'experimental results', 'so2 concentrations', 'structure-performance relationships', 'reaction pathways'] 

Reference 74: ['co-scr', 'transition metal catalysts', 'nitrogen oxides', 'carbon monoxide', 'environmental catalysis'] 

TOP-K 75: ['organic chemical field', 'chemical synthesis', 'regioisomerism impact', 'all-nitrogen species', 'extreme high-energy chemistry', 'traditional chno', 'new mesoionic ring fragments', 'crystal engineering', 'energetic materials design', ['energetic materials'], 'energetics field', 'material science', 'functional compounds', 'new energetic compounds', 'recent synthetic advancements'] 

Reference 75: ['energetic materials', 'high-nitrogen heterocycle', 'computational design', 'explosive'] 

TOP-K 76: ['nitrile rubber', ['multifunctional flexible sensor'], 'tire structure deformation', 'flexible sensors', 'meeting harsh mechanical conditions', 'flexible sensor', 'multi-sensing capabilities', 'double conductive network', 'sensor sensitivity', 'high sensitivity', 'strong topological interconnection', 'spatial deformation', 'inner temperature', 'shear strength', 'significant challenge'] 

Reference 76: ['multifunctional flexible sensor', 'smart tire', 'non-destructive monitoring', 'synergistic conductive network'] 

TOP-K 77: ['organic-inorganic hybrid mxene material', 'high-performance mxene-based memristors', 'surface-modulated mxene', 'mxene', 'novel 2d nanomaterials', 'metal-analogous conductivity', 'non-volatile memory', 'ionotronic modification strategy', '2d sandwich heterojunction', 'memristor device', 'robust memristor devices', 'synergetic ionotronic property', 'robust memristor', 'rich surface functional groups', 'synergetic ionotronicproperty'] 

Reference 77: ['m', 'xene, memristor', 'surface engineering2d heterostructure', 'charge trapping', 'filamentary conduction'] 

TOP-K 78: ['htfsi-mta-tms electrolyte', 'aqueous electrolytes', 'proton batteries', 'reversible proton storage property', 'reversible proton storage ability', 'xoy-nb', 'excellent long-term cycling stability', 'favorable electrochemical stability', 'distinctive high-voltage characteristics', 'limited electrochemical window', 'high-voltage proton batteries .2', 'wide electrochemical window', 'energy density', 'first time', 'stable operating voltage window'] 

Reference 78: ['acid-alkali coordinated regulation', 'organic liquid electrolytes', 'high-voltage proton batteries', 'metallic oxide cathode', 'mo', 'o3'] 

TOP-K 79: ['ha-ktp/pspd/sirna delivery system', 'arg-2', 'arg-2 inhibition', 'di-aki therapy', 'di-aki', 'di-aki patients', 'bioinformatics data', 'arg-2 silencing', 'multifunctional gene delivery system', 'arg-2 expression', 'sirna-based approach', 'ktp modification', 'sirna delivery system', 'clinical data', 'renal treatment'] 

Reference 79: ['acute kidney injury', 'nanoparticles', 'gene delivery', 'renal targeting', 'spermidine'] 

TOP-K 80: ['dc/cocoa', ['dark chocolate'], 'non-linear dose-response relationships', 'dose-response meta-analysis', ['oxidative stress'], ['cocoa'], 'nitric oxide', 'significant non-linear dose-response relationships', 'studies', 'systemic oxidative status', 'inflammation biomarkers', 'cocoa dosage', 'conclusions dc/cocoa', 'flavonoid dosage', 'antioxidant properties'] 

Reference 80: ['cocoa', 'dark chocolate', 'flavonoids', 'inflammation', 'oxidative stress', 'meta-analysis'] 

TOP-K 81: [['cognitive function'], 'neuropsychiatric symptoms', ['physical function'], 'ad', 'ad patients', 'functional independence', ['exercise'], 'cochrane library', 'exercise intervention', 'ad individuals', 'exercise interventions', 'china national knowledge infrastructure', 'methods srs', 'evidence', 'wanfang databases'] 

Reference 81: ['alzheimer’s disease', 'physical activity', 'exercise', 'cognitive function', 'physical function', 'evidence synthesis'] 

TOP-K 82: ['flaxseed supplementation', 'anthropometric indices', 'bmi', 'body weight', 'moderate-certainty evidence', 'studies', ['obesity indices'], 'anti-obesity agent', 'heavy metals', 'various clinical trials', 'adjuvant therapy', ['meta-analysis'], 'wc results', 'grade evaluation', ['systematic review']] 

Reference 82: ['flaxseed', 'linum usitatissimum', 'obesity indices', 'systematic review', 'meta-analysis'] 

TOP-K 83: [['chamomile'], 'clinical trials', 'chamomileon sleep', 'sleep quality', 'sleep', 'studies', 'sleep efficiency', 'study', 'effects', 'adverse events', 'blinding success', 'passive surveillance', 'conclusion chamomile', 'adverse effects', 'diseased adults'] 

Reference 83: ['insomnia', 'sleep initiation and maintenance disorders', 'chamomile', 'matricaria chamomilla', 'traditional persian medicine', 'integrative medicine', 'meta-analysis'] 

TOP-K 84: [['hibiscus sabdariffa'], 'hibiscus sabdariffa linn', 'sabdariffa linn', 'sabdariffa extract', 'h', 'obesity treatment', ['obesity'], 'pooled effects', 'clinical benefit', 'several studies', 'first study', 'safety concern'] 

Reference 84: ['hibiscus sabdariffa', 'roselle', 'sour tea', 'obesity', 'overweight'] 

TOP-K 85: [['tuina'], 'chronic pain management', ['chronic pain'], 'future research directions', ['bibliometric analysis'], 'current state', 'therapeutic intervention', 'annual publications', 'science core collection', 'utilization', 'frontier trends', 'number', 'comprehensive understanding', 'methods publications'] 

Reference 85: ['tuina', 'chronic pain', 'bibliometric analysis', 'co-citation analysis'] 

TOP-K 86: ['subjective sleep quality', 'medand medphparticipants', 'post-void residual volume', 'medph', 'usg kub parameters', 'medph group', 'med group', 'sleep onset', 'intermittency', 'ipss score', 'chakra intensity', 'ipss scoresin', 'groups', 'significant improvements', 'quality index'] 

Reference 86: ['biofieldchakra', 'integrative medicineprana', 'quality of life'] 

TOP-K 87: [['acupuncture'], 'research hotspots', 'post-stroke depression', 'acupuncture treatment', 'psd', 'psd-related research', 'hotspots', 'psd symptoms', 'acupuncture research', 'current landscape', 'stroke prognosis', 'pivotal areas', 'first bibliometric analysis', ['research direction'], 'global trends'] 

Reference 87: ['acupuncture', 'post stroke depression', 'bibliometric analysis', 'vo', 'sviewer', 'research direction'] 

TOP-K 88: ['supportive anthroposophic therapies', 'anthroposophic remedies', 'integrative-anthroposophic guideline', 'bryonia/spongia comp', ['pseudocroup'], 'larynx/apis comp', 'anthroposophic remediesas', 'consensus-based guideline', 'practical recommendations', 'supportive treatment', 'chest embrocation', 'general interventions', 'inpatient settings', 'guideline', 'pseudocroup.purpose supportive anthroposophic therapies'] 

Reference 88: ['delphi process', 'pseudocroup', 'croup', 'anthroposophic medicine', 'bryonia/spongia comp.larynx/apis comp'] 

TOP-K 89: ['tn', 'bristol stool form scale', 'tn treatment', 'cleveland clinic score', 'fc', ['functional constipation'], 'mc treatment', 'tn group', 'secondary outcome measures', 'mosapride citrategroup', 'needle sensation', 'constipation symptom', 'shallow needling', 'patients', 'prolonged retention'] 

Reference 89: ['thumbtack needling', 'functional constipation', 'pragmatic clinical trial', 'randomized controlled trial'] 

TOP-K 90: ['anthracycline-induced cardiotoxicity', ['shenmai injection'], 'shenmai injection therapy', 'cardiac toxicity', 'classic herbal prescription', 'methodological robustness', 'thorough supplementary materials', 'clinical trial registries', 'anthracycline-induced cardiotoxicity.objective shenmai injection', 'treatment', 'extant international guidelines', 'clinical decision-making', 'controlled trials', 'present study', ['safety']] 

Reference 90: ['shenmai injection', 'anthracycline', 'cardiotoxicity', 'efficacy', 'safety'] 

TOP-K 91: [['music therapy'], ['ophthalmic surgery'], 'ophthalmic surgery patients', 'patient well-being', 'ophthalmic procedures', 'visual analogue scale', 'diastolic blood pressure', 'high anxiety levels', 'intraoperative pain levels', 'patients', ['pain'], ['anxiety'], 'vital signs', 'i2', 'positive effect'] 

Reference 91: ['music therapy', 'ophthalmic surgery', 'cataract surgery', 'intravitreal injection', 'anxiety', 'pain', 'meta-analysis'] 

TOP-K 92: ['transcutaneous electrical acupoint stimulation', ['hemifacial spasm'], 'mvd', 'teas', 'sham control', 'transcutaneous electrical acupoint', ['dizziness'], 'dizziness rate', 'microvascular decompressionsurgery', 'potential efficacy', 'adult patients', 'surgery', '10-point scale', 'daily practice', 'patient recovery'] 

Reference 92: ['acupuncture', 'dizziness', 'hemifacial spasm', 'microvascular decompression'] 

TOP-K 93: [['auriculotherapy'], ['depression'], 'sham groups', 'sham group', 'vaccaria seeds', 'elderly people', 'non-invasive complementary therapy', 'master cerebral points', 'appropriate interventions', 'effects', 'specific points', 'study', 'adhesive tape', 'complementary therapy', 'depression scores'] 

Reference 93: ['auriculotherapy', 'ear acupressure', 'depression', 'older adulthood'] 

TOP-K 94: [['traditional thai massage'], 'fatigue recovery', 'traditional thai massageon', 'heel-raise exercise', 'gastrocnemius muscle', ['muscle fatigue'], 'fatigue-inducement protocol', 'fatigue-related parameters', 'electromyography signal', 'beforeand afterthe fatigue-inducement protocol', 'outcome measures', 'recovery', 'control condition', 'effective intervention', 'conclusion ttm'] 

Reference 94: ['traditional thai massage', 'muscle fatigue', 'stretching', 'muscle power', 'electromyography'] 

TOP-K 95: ['self-management', 'mindfulness', 'self-management behaviours', 'remote mindfulness self-management course', 'stress management', 'remote mindfulness', 'mindfulness courses', 'self-management intervention', 'diabetes', 'mixed-methods study', 'minimal qualitative data', 'main themes', 'qualitative findings', 'individuals', 'remote delivery'] 

Reference 95: ['remote mindfulness intervention for type 2 diabetes self-management', 'qualitative research type 2 diabetes', 'self-management of type 2 diabetes', 'self-efficacy and type 2 diabetes self-management'] 

TOP-K 96: [['antihypertensive drugs'], 'systolic blood pressure', 'systolic blood pressureand triglycerides', ['herbs'], 'triglycerides chinese herbal medicine', 'hypertensive patients', 'high blood pressure', 'overall blood pressure management', ['blood pressure'], 'placebo group', 'different herb regimes', 'lipid profile outcomes', 'random model effects meta-analysis', 'herbs meta-analysis', 'revman manager'] 

Reference 96: ['blood pressure', 'triglycerides', 'haemoglobin', 'obesity', 'hypertension', 'complementary', 'herbs', 'antihypertensive drug'] 

TOP-K 97: ['pa protocols', 'aerobic pa protocol', 'ms', 'inflammatory status', 'non-pharmaceutical interventions', 'pa', 'ms patients', ['multiple sclerosis'], 'low-grade inflammation', 'immune response', 'ms subjects', 'side effects', 'known side effects', ['complementary therapy'], 'therapeutic approach'] 

Reference 97: ['inflammation', 'multiple sclerosis', 'physical activity', 'complementary therapies', 'tertiary prevention'] 

TOP-K 98: ['tcmi-abc', 'tcmi-abc product', 'ami', 'rcts', 'in-hospital mortality', 'insufficient tcmi-abc purity/potency', 'conclusion tcmi-abc', 'meta-analysis', 'conventional western medicine', 'malignant arrhythmia', 'china', 'methodological weaknesses', 'tcm products', 'conventional western medicine treatment', 'mortality'] 

Reference 98: ['acute myocardial infarction', 'traditional chinese medicine', 'traditional chinese medicine injections', 'systematic review'] 

TOP-K 99: ['musculoskeletal changes', 'somatic dysfunctions', 'therapeutic whole-body approach', 'neurophysiological correlates', 'omt', 'biological effects', 'several body systems', 'research', 'clinical implications', 'biological responses', 'clinical practice', 'conclusions biological modifications', 'purpose osteopathic manipulative treatmentis', 'musculoskeletal changes.background', 'robust research'] 

Reference 99: ['osteopathic manipulative treatment', 'biological', 'review', 'manual therapy'] 

TOP-K 100: ['novel hybrid auxetic foam', 'hybrid auxetic foam', 'advanced auxetic materials', 'self-healing properties', 'exceptional energy dissipation performance', 'hybrid auxetic materials', 'haf', 'stg content', 'self-healing property', 'different stg content', 'auxetic cell structures', 'gelwith auxetic polyurethane foam', 'shear thickening properties', 'synergistic effect', 'high performance'] 

Reference 100: ['auxetic foam', 'shear thickening gel', 'impact protection', 'self-healing'] 

TOP-K 101: ['battery thermal regulation materials', 'battery thermal management', ['thermochromic microcapsules'], 'stc composites', 'cu2o', 'excellent reversible thermochromic capacities', 'thermal management materials', 'composites', 'photothermal conversion', 'thermal conductivity', 'maximum surface temperature', 'different contents', 'significant potential', 'red transformation', 'effective route'] 

Reference 101: ['flexible composites', 'multifunctional properties', 'polymer-matrix composites', 'thermochromic microcapsules'] 

TOP-K 102: ['pla-based plastics', 'cotton stalk fibers', 'pla-based composites', 'pla', 'csf', 'traditional plastics', 'plant fibers', 'polypropyleneas raw materials', 'novel composites', 'pla-based composite', 'high impact resistance', 'limited thermal stability', 'cost-effective applications', 'semi-crystalline polymers', 'exceptional impact resistance'] 

Reference 102: ['natural fibre composites', 'polylactic acid', 'impact behaviour', 'injection molding', 'crystallization control'] 

TOP-K 103: ['3d braided composites', 'micro-computed tomographyscanning', 'trans-scale damage analysis', 'unsupervised machine learning method', 'trans-scale damage model', 'porosity', 'experimental data', 'geometric data', 'progressive damage analysis', ['mechanical properties'], 'trans-scale modelling', 'clustering data', 'real multiscale structure', 'modulus', 'damage modes'] 

Reference 103: ['braided composites', 'multiscale modeling', 'defects', 'mechanical properties', 'damage mechanics'] 

TOP-K 104: ['mode', 'temperature-dependent interlaminar fracture toughness', 'unidirectional composite laminates', ['fracture toughness'], 'electromagnetic hopkinson bar', 'experimental results', 'dual electromagnetic hopkinson bar', 'dynamic dcb tests', 'rate-dependent fracture toughness', 'temperature', 'pure mode', 'failure mechanism', 'dynamic tests', 'rate dependency', 'analytical model'] 

Reference 104: ['polymer-matrix composites', 'fracture toughness', 'high-temperature properties', 'impact behavior', 'fractography'] 

TOP-K 105: ['cnw@n-al2o3 hybrids', 'cnw@n-al2o3 nano hybrids', 'micro-nano-multi-level hybrid network structure', 'cnw@n-al2o3', 'electrostatic self-assembly method', 'cnw', 'facile electrostatic self-assembly method', 'low interfacial thermal resistance', 'interfacial heat transfer problems', 'conductive rubber composites', 'micrometer aluminato silicone rubber', 'rubber composites', 'nano-aluminaonto carbon nanotube whiskersand', 'pdms composite', 'thermal management systems'] 

Reference 105: ['carbon nanotube whisker', 'alumina', 'thermal conductivity', 'electric insulation', 'silicone rubber composites'] 

TOP-K 106: [['checkerboard-shaped lay-up design'], 'checkerboard lay-up design', ['aramid plain-woven fabrics'], 'checkerboard-shaped design', 'checkerboard-shaped polycarbonatefilms', 'novel ballistic composites', 'aramid fabric regions', 'ballistic performances', 'tensile failure', 'shear/tensile failures', 'fe model', 'pc regions', 'full-coverage lay-up design', 'pc films', 'ballistic tests'] 

Reference 106: ['ballistic composites', 'checkerboard-shaped lay-up design', 'polycarbonate', 'aramid plain-woven fabric', 'ballistic mechanisms'] 

TOP-K 107: ['spva-based composite films', 'spva/mms multilayered composite film', 'multifunctional polymeric materials', 'spva', 'spva/mms multilayered film', 'mxene sedimentas filler', ['syndiotacticity-rich poly'], 'outstanding in-plane thermal conductivity', 'flexible composite film', 'composite films', 'mms layer', 'electronic devices', 'high strength', ['multilayered composite film'], 'mxene sedimentis'] 

Reference 107: ['multilayered composite films', 'syndiotacticity-rich poly', 'm', 'xene sediment', 'electromagnetic interference shielding', 'thermal conductivity'] 

TOP-K 108: ['styrene-butadiene-vinyl-pyridine latex', 'pa66 fiber/rubber composites', ['pa66 fibers'], 'rfl system', 'current two-step rf-free systems', 'high interfacial adhesion performance', ['pa66 fiber'], 'traditional rfl system', 'interfacial adhesion performance', 'epoxy groups/isocyanate groups', 'high interfacial bonding performance', 'pa66', 'polyacrylic acid resin', 'isocyanate', 'rfl level'] 

Reference 108: ['pa66 fiber', 'environmentally friendly', 'dipping treatment', 'interfacial adhesion', 'adhesion mechanism'] 

TOP-K 109: ['phenolic hydroxyls', 'kraft softwood lignin', 'phenolic hydroxyl content', '3d printing', 'lignin composite properties', 'interfacial adhesion', 'molten dynamic modulus', 'phenolic structures', 'future lignin composite research', 'poor interfacial adhesion', 'libr/hbr demethylation procedure', 'many lignin-polymer pairs', 'rheological analysis', 'functional groups', 'tensile properties'] 

Reference 109: ['fused depositional modeling', 'lignin polymer composites', 'structure-property relationship'] 

TOP-K 110: ['mxene/al2o3p/epoxy composites', 'mxene porous microspheres', '3d-arranged al2o3 platelets', 'multi-interfacial conductive structures', 'multi-interfacial conductive networks', 'al2o3 plateletswith shell-like arrangement', 'epoxy composites', 'emi', 'facile vortex flow technique', 'facile strategy', 'electrical insulation', 'epoxy resin', 'electron transfer', 'thermal conductivity paths', 'epoxy matrix'] 

Reference 110: ['polymer-matrix composites', 'transport properties', 'electromagnetic interference shielding', 'electrical properties', 'isolated networks'] 

TOP-K 111: ['3d fe thermal analysis', ['bayesian optimization'], 'convective film coefficient', 'synthetic surface thermal images', 'thermal heat transfer parameters', 'thermal images', 'self-heating thermal profile', 'numerical thermal analysis', ['ir images'], '3d parameters', 'ct scanning', 'total work loss', 'synthetic ir image', 'loss function', 'bo'] 

Reference 111: ['bayesian optimization', 'glass/epoxy composites fatigue testing', 'thermal properties', 'ir imaging'] 

TOP-K 112: ['next-generation wearable devices', 'room-temperature self-healing composite fibers', 'reversible chemical networks', ['self-healing'], 'room-temperature self-healing sheath-core', ['sheath-core structures'], 'composite fibers', 'electroless silver-plating approach', 'artificial intelligence', 'human-machine interface', 'human motion detection', 'ultralow ag loadings', 'smart robots', 'personal thermal management', 'polymerization modification'] 

Reference 112: ['strain sensing', 'joule heating', 'sheath-core structures', 'self-healing'] 

TOP-K 113: ['bio-inspired fractal structures', 'bio-inspired fractal energy-absorbing structures', 'biomimetic fractal design', 'snake-like serpentine', 'energy absorption mechanisms', '3d printing technique', 'sub-circle sets', 'nonlinear mechanical responses', 'hierarchical self-similar structures', 'composite sandwich structures', 'hierarchical fractal structures', 'self-similar carbon fiber', 'basic geometry units', 'fundamental shape units', 'composite materials'] 

Reference 113: ['polymer-matrix composites3d printing', 'mechanical properties', 'finite element analysis', 'bio-inspired structures'] 

TOP-K 114: ['soft-rigid-soft structural interface layer', 'cfrp strength', 'cfrp toughness', 'carbon fiber-reinforced polymersare', 'toughness', 'palm tree', 'multi-scale structure.the high strength', 'detailed design', 'various fields', 'main requirements'] 

Reference 114: ['carbon fiber', 'carbon nanotubes', 'polymers', 'interface', 'fracture toughness'] 

TOP-K 115: ['amphiphilic catalyst', 'carbon fiber', 'ep composites', ['c-n bond'], 'new polyurethane', 'wind power blades', 'amine-cured epoxy resinis', 'selective c-n bond cleavage', 'ep degradation', 'service-life-expired carbon fiber', 'selective cleavage', 'sustainable recycling', 'degradation mechanism', 'good mechanical properties', 'excellent performance'] 

Reference 115: ['amine-cured epoxy resin', 'recycling', 'degradation', 'dodecylbenzene sulfonic acid', 'c-n bond'] 

TOP-K 116: ['ppy/go composites', 'ppy/rgo composites', 'ema properties', 'magnetic materials', 'ema performance', 'ppy', 'conductive polymer', 'polymerization', 'unreduced sample', 'high electrical conductivity', 'ema field', 'thermal reduction', 'excellent absorption performance', 'dielectric properties', 'low reduction temperature'] 

Reference 116: ['graphene oxide', 'polypyrrole', 'electromagnetic absorption', 'dielectric loss'] 

TOP-K 117: ['machine-learning-assisted multiscale modeling strategy', ['cfrps'], 'molecular dynamics simulation', 'ml-based multiscale approach', 'low-computational-cost machine learningmodels', 'ml model', 'trial-and-error methods', 'viable machine-learning-assisted solution', 'design parameter space', ['mechanical properties'], 'traditional finite element', 'traditional theoretical models', 'resin molecules', 'complex relationship', 'strategy'] 

Reference 117: ['machine learning', 'multiscale modeling', 'mechanical properties', 'resins', 'cfrps'] 

TOP-K 118: ['inorganic ceramic fillers', 'inorganic nanofillers', 'dielectric nanocomposites', 'multilayer structure design', 'eb', 'trilayer structured design', 'finite element method', 'electric field distribution', 'optimal ud', 'mv', 'recent years', 'mechanical properties', 'power systems', 'efficient way', 'sandwich structure work'] 

Reference 118: ['trilayer structured nanocomposite', 'bnkt-ssn n', 'ps', 'breakdown strength', 'energy storage'] 

TOP-K 119: ['cnts/wpu aerogel', 'heterostructured composite foam', 'ag conductive network', '3d ag network', 'emi', 'tunable emi', 'porous sponge', 'composite foam', 'excellent reversible compressibility', 'conductive network', 'material', 'single foam', 'controllable tuning', 'high temperature', 'various deformations'] 

Reference 119: ['multifunctional composites', 'smart materials', 'mechanical properties'] 

TOP-K 120: ['wetland hydrologic stress', 'wetland hydrologic risk', 'ecologically-relevant wetland hydrologic metrics', 'satellite data', 'wetland water regimes', 'wetlands', 'stress indices', 'stress', 'transferable approach', 'novel approach', 'natural variability', 'stress index', 'large scales', 'hydrologic regime', 'widespread evidence'] 

Reference 120: ['wetland hydrology', 'hydrologic stress', 'climate change'] 

TOP-K 121: ['lake shrinkage', ['inner mongolia plateau'], ['anthropogenic activities'], 'current natural climatic conditions', ['climate change'], 'human activities', 'inner mongolian plateau', ['lakes'], 'precipitation intensity', 'water resources survey information', 'rf methods', 'study', 'meteorological stations', 'impacts', 'lake areas'] 

Reference 121: ['anthropogenic activities', 'climate change', 'ecological restoration', 'inner mongolia plateau', 'lake'] 

TOP-K 122: [['historical orthophotographs'], 'glcm texture indices', 'time', ['landscape ecology'], 'historical landscape features', ['time lag'], 'urban landscapes', 'landscape composition', 'sustainable urban planning efforts', 'biodiversity indices', 'past landscape conditions', 'texture indices', 'white orthophotographs', 'high vegetation areas', 'ecological research'] 

Reference 122: ['ecological communities', 'extinction debt', 'gray level co-occurrence matrix', 'historical orthophotographs', 'landscape ecology', 'time lags', 'urban ecology'] 

TOP-K 123: [['yangtze river economic belt'], 'regional npp', ['npp'], 'climate change mitigation efforts', 'environmental factors', ['climatic factors'], 'economic development', 'npp changes', 'primary climatic driver', 'global change', 'yreb', 'topographic factors', 'annual npp', 'ecological conservation', 'study area'] 

Reference 123: ['npp', 'spatiotemporal variation', 'response', 'climatic factor', 'yangtze river economic belt'] 

TOP-K 124: ['eucalyptus monocultures', 'forest chlorophyll concentration', '3d rt simulations', 'climate change', 'chlorophyll concentration retrieval', 'leaf area index disturbance', 'radiative transfer models', 'chlorophyll estimation', 'chlorophyll levels', 'leaf area indexdisturbance', 'soil brightness influence', 'saturation effect', 'vegetation canopy structure', 'judicious utilization', 'different chlorophyll content'] 

Reference 124: ['vegetation indices', 'chlorophyll concentration', 'saturation effect3-d radiative transfer model'] 

TOP-K 125: ['benthic habitat conditions', 'habitat condition assessment', 'cross-ecosystem standardised indicator framework', 'habitat condition', 'metric flexibility', 'technical group meetings', 'simple evidence-based monitoring', 'indicator framework', 'literature review', 'estuarine habitats', 'condition indicators', 'rapid assessment tool', 'key habitats', 'expert workshops', 'ecosystem components'] 

Reference 125: ['ecological monitoring', 'management intervention', 'stakeholders engagement', 'framework development', 'rapid assessment'] 

TOP-K 126: ['tidal-basin regions', 'compound-flooding events', 'taipei city', 'new taipei city', 'storm-surge forecasts', 'compound flooding', 'easy-to-use empirical formula', 'storm tides', 'conventional rainfall-based thresholds', 'copula-based analysis', 'reliable flood warnings', 'heavy rainfall', 'rainfall', 'promising preliminary results', 'compound-flooding formula'] 

Reference 126: ['compound-flooding threshold', 'coastal urban flooding', 'copula analysis', 'flood warning'] 

TOP-K 127: ['microplastics', 'coarse plastic debris', 'white stork nest material', 'mcs', 'nicolet in10 ftir microscope', 'nesting material', 'microplasticsin nests', 'nests', 'ne poland', 'microplastics amount', 'meadow coverage', 'environmental characteristics', 'numerous bird species', 'land cover', 'nests material samples'] 

Reference 127: ['agriculture', 'environmental pollution', 'ftir'] 

TOP-K 128: [['urban agglomerations'], 'yangtze river', 'refined city-level heterogeneous effects', 'rapid urbanization', 'carbon inequalities', 'spatial decomposition analysis', 'multi-scale carbon inequalities', ['carbon emissions'], 'distant urban agglomerations', 'key factors', 'regional emissions', 'economic development', 'reduction responsibilities', 'large inequalities', 'energy intensity'] 

Reference 128: ['carbon emissions', 'city-level carbon inequality', 'mean logarithmic deviation-index decomposition analysis', 'urban agglomerations', 'yangtze river economic belt'] 

TOP-K 129: ['plant-related factors', 'plant factors', 'soil-related factors', 'light grazing', 'soil factors', 'plant community stability', 'community stability', 'factors', 'plant communities', ['grazing intensity'], 'heavy grazing', 'grazing intensity treatment', 'plant species', 'spec-occu plot', ['indicator species']] 

Reference 129: ['grazing intensity', 'average variation degree', 'cohesion index', 'indicator species', 'driving factors', 'alpine meadow'] 

TOP-K 130: [['riverine wetland'], 'riverine urban agglomerations', ['riverine wetlands'], 'pressure-state-response model', 'powerful eco-hydrological regulations', 'riverine wetland distribution', 'urbanization', 'wetland ecosystem health', 'climate change', 'disturbed riverine wetland', 'riverine wetlands landscape', 'important cityscapes', 'two-stagecomparative research', 'human activities', 'urban security'] 

Reference 130: ['riverine wetland', 'urban agglomerations', 'cart', 'landscape index', 'p-s-r model'] 

TOP-K 131: ['artificial ecosystem surfaces', 'urban centers', 'hfi', ['ecosystem surface'], ['ecosystem surfaces'], 'high gdp', 'different ecosystem surfaces', 'ecosystem surfaces gdp', 'economic development', 'frequent human activities', 'different ecological uses', 'new classification', 'main factors', 'ecological balance', 'overall identification accuracy'] 

Reference 131: ['ecosystem surface', 'human footprint index', 'habitat quality', 'multi-factor knowledge', 'tree cover'] 

TOP-K 132: ['marine-terrestrial gradient', 'ecosystem water conservation', ['water conservation'], 'water conservation capacity', 'socio-economic determinants', 'natural factors', 'ecological vulnerability', 'evergreen coniferous forests', 'coastal ecosystems', 'high-value areas', 'coastal areas', 'southwest coastal areas', 'pearl river delta', 'coastal zones', 'china'] 

Reference 132: ['water conservation', 'ecosystem services', 'spatiotemporal changes', 'coastal regions'] 

TOP-K 133: [['sheep grazing'], 'bees', 'native forb/legume/grass', 'bee', ['wild bees'], 'livestock pastures', 'non-grazed plots', 'warm season grasses', 'livestock pasture systems', 'livestock pasture', 'strategic pasture management', 'non-bee insect diversity', 'non-bee insects', 'insects', 'native forages'] 

Reference 133: ['pasture management', 'biodiversity', 'wild bees', 'species richness', 'pollinators', 'sheep grazing'] 

TOP-K 134: [['ecosystem stability'], 'agro-pastoral transitional zone', 'ecosystem stability indicators', 'significant spatial heterogeneity', 'forest ecosystems', 'cropland ecosystems', 'socioeconomic factors', 'grassland ecosystems', 'high spatial heterogeneity', 'adaptive ecosystem management', 'human activities', 'climate change perturbations', 'land use types', ['resilience'], 'ecosystem resistance'] 

Reference 134: ['resistance', 'resilience', 'ecosystem stability', 'influencing factors', 'land use/land cover', 'the agro- pastoral transitional zone'] 

TOP-K 135: [['climate change'], 'large-scale climate changes', 'hong kong', 'flood risk assessment', 'planning-scale flood risk assessment', 'flood risk', 'ultra-high-density cities', 'urban planning', 'flood risk management', 'flood risks', 'inter-urban areas', 'impacts', 'flood risk indexin', 'coastal areas', 'high spatial resolution'] 

Reference 135: ['urban flood', 'risk assessment', 'climate change', 'high-density city', 'urban vulnerability', 'planning units'] 

TOP-K 136: ['soil sulfur biogeochemical cycling', ['saline-sodic wasteland'], 'inorganic sulfur adsorption', ['sulfur bioavailability'], 'long-term paddy cultivation', 'long-term saline-sodic paddy fields', 'long-term paddy field cultivation', 'northeastern saline-sodic wasteland', 'salinization amelioration', 'organic amendments', 'structural soil enhancements', 'paddy field', 'chinese soil', 'sulfur', 'inorganic sulfur fractions'] 

Reference 136: ['saline-sodic wasteland', 'rice cultivation', 'sulfur bioavailability', 'soil salinization reduction'] 

TOP-K 137: [['passive acoustic monitoring'], 'marbled murrelet', 'marbled murrelets', 'marbled murrelet research', 'pnw-cnet predictions', 'typical detection/non-detection data', 'cryptic species', 'forest nesting bird species', 'pam', 'machine learning algorithms', 'entire forest landscapes', 'convolutional neural networkto', 'spatiotemporal patterns', 'powerful tools', 'potential path'] 

Reference 137: ['bioacoustics', 'convolutional neural network', 'brachyramphus marmoratus', 'machine learning', 'passive acoustic monitoring'] 

TOP-K 138: ['wutu village', 'rural housing-industry transformation', 'rural housing-industry transformation process', 'housing-industry transformation development', 'tgra', 'complex adaptability system model', 'rural transformation', 'rural revitalization path', 'complex adaptability system theory', 'case study area', 'housing-industry environment', 'microscopic perspective', 'evolution', 'stage characteristics', 'housing-industry effect'] 

Reference 138: ['housing-industry transformation', 'sustainable rural development', 'complex adaptive system', 'revitalization path', 'three gorges reservoir area'] 

TOP-K 139: [['granulates'], 'tanning shavings', ['granules'], 'granulated waste', 'physico-mechanical properties', 'new materials', 'agricultural materials', 'soil', 'physical-mechanical properties', 'plant stimulation', 'environmental impact', 'stimulation/inhibition index', 'correlation coefficients r', 'constructionand agricultural areas', 'shavings'] 

Reference 139: ['granulates', 'disc granulation', 'protein waste', 'enzyme activity', 'phytotoxicity'] 

TOP-K 140: ['co-creation methodologies', 'knowledge co-creation processes', 'regional economic activities', 'saint-philippe municipality', 'participatory methods', 'ces', 'stakeholder inclusion', 'tiered approach', 'co-creation approach', 'local communities', 'reunion island', 'participatory approach', 'comprehensive ces assessment', 'ces features', 'réunion island'] 

Reference 140: ['pgis', 'socio-cultural assessment', 'coastal communities', 'island', 'outermost regions'] 

TOP-K 141: ['es connectivity', 'wetlands', 'es', 'wetland-based es', 'functional connectivity zones', 'natural habitats', 'soil erosion control', 'agricultural landscapes', 'significant es interactions', 'es interactions hotspots', ['landscape'], 'agricultural food production', 'pollination', 'broadleaf forests', 'sustainable ecosystem service enhancement'] 

Reference 141: ['ecosystem services', 'functional connectivity', 'spatial modeling', 'aries', 'in', 'vest', 'network analysis', 'landscape', 'land use'] 

TOP-K 142: ['flood mitigation ecosystem service', ['flood mitigation service'], 'mechanistic modeling method', 'mechanistic models', 'nandu basin flood event', 'ecosystem service flows', 'ecosystem services', 'flood disasters', 'hydrodynamic models', 'flood events', 'case study', 'model selection.flood mitigation service', 'service flows', 'study', 'novel methodology'] 

Reference 142: ['flood mitigation service', 'flood peak flow', 'flood volume', 'flood inundation area', 'hydrologic simulation program fortran', 'environmental fluid dynamics code'] 

TOP-K 143: ['climate change', 'es', 'austria', 'climate change impacts', 'south-eastern regions', 'cultural es', 'land use/cover-based approach', 'climatic changes', 'western mountain regions', ['spatial patterns'], 'mitigation measures', 'ecosystem servicesin austria', 'spatial analysis', 'south-eastern parts', 'potential impacts'] 

Reference 143: ['global warming', 'nature’s contributions to people', 'biogeographical regions', 'spatial patterns', 'mapping', 'mountain regions'] 

TOP-K 144: ['ecosystem services', 'ei', 'systematic conservation planning', 'biodiversity features', 'biodiversity-based scp', 'ecological infrastructureis', 'conservation planning', 'ecosystem servicesin scp', ['equitable access'], 'planning', 'benefits', 'conservation plans', 'spatial representation', 'costly prioritisations', 'overall benefits'] 

Reference 144: ['ecological infrastructure', 'spatial prioritisation', 'scenario planning', 'marxan', 'equitable access', 'recreation', 'coastal protection'] 

TOP-K 145: ['water quality-related ecosystem services', ['floodplains'], 'water quality', 'interdependent es', 'es', 'collaborative learning', 'fuzzy cognitive mapping', 'pressures', 'management strategies', 'complex floodplain ecosystem', 'wastewater pressure', 'different pressures', ['ecosystem services'], 'case study', 'effective decision-making'] 

Reference 145: ['ecosystem services', 'fuzzy-cognitive modeling and mapping', 'spatial visualization', 'stakeholders’ perspective', 'floodplains', 'koviljsko-petrovaradinski rit'] 

TOP-K 146: ['land-cover elasticity', 'unit value transfer', 'ecosystem services', 'large land-use changes', 'ecosystem service value', 'ecosystem service values', 'endogenous value coefficients', 'land cover', 'popular bt approaches', 'natural capital', 'benefit transferapproaches', 'scalelulc changes', 'value estimates', 'economic values', 'land cover area'] 

Reference 146: ['endogenous ecosystem service value coefficients', 'unit value benefit transfer', 'environmental valuation', 'scarcity', 'inverse demand functions', 'land use change'] 

TOP-K 147: ['sheep grazing', 'uk forestry policy', 'uk', 'upland areas', 'km2 cumbrianupland landscape', 'current upland land-use', 'livestock production', 'ecosystem service benefits', 'woodlands', ['ecosystem services'], 'new woodlands', 'ecosystem service benefits landscapes', 'agri-environment schemes', 'local stakeholder involvement', 'land use'] 

Reference 147: ['ecosystem services', 'woodland creation', 'landscape', 'uplands', 'afforestation'] 

TOP-K 148: ['marine wetland ecosystems', 'marine ecosystems', 'wetland ecosystems', 'marine wetland', 'wetland valuations', 'contemporary state-of-the-art guidelines', 'state-of-the-art methodologies', 'benefits transfer studies', 'valuation studies', 'sids', 'valuation literature', 'stated preference methods', 'empirical research agenda', 'valuation research', 'study'] 

Reference 148: ['ecosystem services', 'state-of-the-art guidelines', 'small island developing states', 'validity and reliability'] 

TOP-K 149: ['ecosystem services', 'climate change adaptation', ['critical ecological assets'], 'human well-being', ['critical ecological asset'], 'socio-economic systems', 'future generations', 'services', 'national boundaries', 'key words', 'ecosystem servicesare', 'assessment', 'ecosystem providers', 'ecosystem contribution', 'climate changes'] 

Reference 149: ['rainfall pattern regulation', 'biomimicry', 'zoonotic disease control', 'critical ecological asset'] 

TOP-K 150: ['landscape aesthetics', 'cultural landscape services', 'positive sentiments', 'nfp clss', 'clss', 'spiritual practices', 'positive experiences', 'landscape servicesin nfps', 'visitors', 'various cls features', 'physical activities', 'sentiments', 'explainable machine learning', 'principal cls features', 'cultural heritage'] 

Reference 150: ['landscape services', 'social media', 'natural language processing', 'machine learning', 'decision tree'] 

TOP-K 151: ['agricultural practices', 'agri-environmental climate measures', 'agri-environmental measures', 'linear landscape elements', ['field margins'], 'linear elements', 'feed provision', 'multiple ess', 'habitat maintenance', 'cultural es supply', 'climate regulation', 'pest control', 'es supply', 'cultural es', 'several agricultural practices'] 

Reference 151: ['agri-environmental schemes', 'field margins', 'buffer strips', 'agricultural practices, modelling', 'scenarios'] 

TOP-K 152: ['i-tree eco tool', ['i-tree eco'], 'mitigating air pollution', 'trees', 'tree inventory data', 'high-resolution data', 'available landsat satellite images', 'global north', 'tree inventory', 'global south', 'polluted regions', ['ecosystem service'], 'air emissions', 'ecosystem units', 'relevant data'] 

Reference 152: ['i-tree eco', 'remote sensing', 'pollution removal', 'carbon sequestration', 'ecosystem services'] 

TOP-K 153: ['human-nature interdependency', 'es flows', ['ecosystem services flows'], 'local-scale field evidence data', 'distance-dependent es', 'es conservation', 'ecosystems', 'key ecosystem variables', 'landscape planning', 'spatial connectivity', 'ecosystem characteristics', 'non-linear effects', 'spatial linkages', 'field data', 'ecosystem patches'] 

Reference 153: ['church forests', 'wetlands', 'remote sensing', 'ecosystem service flows', 'gam', 'ms', 'spatial decay'] 

TOP-K 154: ['peri-urban landscapes', 'north-east green belt', 'urban edge areas', ['ecosystem services'], 'green belts', 'green belt zones', 'ecosystem service multifunctionality', 'green belt policies', 'green belt policy', ['multifunctionality'], 'individual ecosystem services', 'ecosystem service supply', 'trade-offs', 'overall multifunctionality', 'multifunctional opportunity space'] 

Reference 154: ['landscape planning', 'multifunctionality', 'planning policy', 'ecosystem services', 'in', 'vest', 'peri-urban'] 

TOP-K 155: ['attitudinal measures', 'individual conservation preferences', 'community-based conservation program', 'non-use values', ['conservation preferences'], 'long-term positive conservation outcomes', 'proxy conservation preferences', 'experimental donation tasks', 'northeastern namibia', 'case study', 'northern namibia', 'positive conservation policy outcomes', 'behavioral measures', 'contingent valuation method', 'non-monetary drivers'] 

Reference 155: ['conservation preferences', 'conservation policy', 'donations', 'contingent valuation', 'deliberative monetary valuation', 'hypothetical bias'] 

TOP-K 156: ['es co-production', 'es', 'aquatic es', 'trade-offs', 'kemi river basin', 'legal arguments', 'stakeholder argumentation', 'social-ecological process', ['arguments'], 'biodiversity', 'anthropogenic contributions', 'es valuation', 'argument analysis methodology', 'specific es', 'long-standing dispute'] 

Reference 156: ['ecosystem services co-production', 'aquatic ecosystem services', 'arguments', 'hydropower', 'nature’s contributions to people'] 

TOP-K 157: ['mesopelagic fishes', 'mesopelagic ecosystem', 'mesopelagic layer', ['ecosystem services'], 'current non-exploited status', 'ocean twilight zonein', 'sea layer', 'sustainable harvest rates', 'commercial fishery', 'exploitation', 'fish oil', 'single stock scope', 'understanding', 'pristine environment', 'results'] 

Reference 157: ['mesopelagics', 'economics', 'valuation', 'fishing', 'ecosystem services', 'uncertainty'] 

TOP-K 158: ['karst desertification areas', 'ecosystem services', 'agroforestry systems', 'fragile karst desertification areas', 'peak-cluster-depression agroforestry development idea', 'biodiversity', 'global biodiversity protection efforts', ['ecological restoration'], 'ecosystem servicesand', 'functional biodiversity characteristics', 'ecological degradation', 'similar fragile ecosystems', 'management strategies', 'service capacity', 'fragile environments'] 

Reference 158: ['agroforestry', 'ecological restoration', 'functional diversity', 'plant traits', 'species richness', 'taxonomic diversity'] 

TOP-K 159: ['auroral ecosystem services', 'auroral es', 'auroral ecosystem servicesis', 'socio-ecological systems', 'es concept', 'exosystem services', 'expansive ecosystem services literature', 'ecosystems', 'geosystem servicesconcept', 'academic literature', 'ecosystem services typology', 'initial cices classification', 'future research', 'additional research', 'common international classification'] 

Reference 159: ['aurora', 'aurora borealis', 'northern lights', 'systematic literature review', 'ecosystem services', 'space weather'] 

TOP-K 160: ['verbal abuse', 'home healthcare workers', ['nursing aides'], ['nurse aides'], 'cross-sectional study', ['nurses'], 'physical tasks', 'condensed rooms', 'exposures', ['nursing aide'], 'patient handling', 'patients', 'direct observation', 'healthcare worker', 'study'] 

Reference 160: ['home healthcare', 'nurses', 'nurse aides', 'occupational exposures'] 

TOP-K 161: [['stroke care system'], 'stroke patients', 'interconnected functions', 'treatment', ['functional model'], 'study', 'discharge', 'system', 'variability', ['complexity'], 'functional approach', 'unacceptable outcomes', 'transition'] 

Reference 161: ['stroke care system', 'complexity', 'functional modelling', 'functional variability, health care professionals'] 

TOP-K 162: ['kta-sprint framework', 'innovative kta-sprint framework', 'iterative kta-sprint framework', 'usability testing', 'symptom live reports', 'caretown module', 'digital health platform', 'usability issues', 'medical events timeline', 'design testing', 'multi-method approach', 'evaluation process', 'multi-methods approach', 'product development', 'caregiver resources'] 

Reference 162: ['informal caregivers', 'chronic disease management', 'usability testingm', 'health', 'heart failure', 'dyadic shared care'] 

TOP-K 163: [['surgical instrument counting'], 'surgical counting', 'operation room nurses', 'operating roomnurse', 'labour-saving innovations', 'various surgical specialties', 'nurses', 'surgical procedures', 'techniques', 'regional teaching hospital', 'successful implementation', 'attention-intensive task', 'multiple strategies', 'future developments', 'multiple simultaneous responsibilities'] 

Reference 163: ['surgical instrument counting', 'workflow', 'efficiency', 'technology'] 

TOP-K 164: ['patient handoffs', 'handoffs', 'eps', 'handoff procedures', 'ep cognitive load', 'adaptive workflows', 'cognitive workload', 'shift patient handoffs', 'emergency physiciansregularly handoff patients', 'handoffs.in hospital emergency departments', '4-hour intervals', 'workflow adaptations', 'emergency departments', 'environmental considerations', 'excess cognitive load'] 

Reference 164: ['patient disposition', 'end of shift patient handoffs', 'emergency medicine', 'workload', 'qualitative analysis'] 

TOP-K 165: [['glaucoma'], 'eye drop self-administration', ['eye drops'], 'visual acuity', 'prototyped eye drop', 'hand steadiness', 'self-administering eye', 'accurate head tilt feedback', ['elderly population'], 'device', 'predictable eye drop delivery', 'elderly individuals', 'predictable eye drop administration', 'physical barriers', 'poor adherence'] 

Reference 165: ['glaucoma', 'medical device', 'eye drops', 'elderly population', 'device design', 'prototype', 'human factors'] 

TOP-K 166: ['biomedical science', 'lab-evaluated studies', 'multidisciplinary research project', 'ecological validity', 'rapid prototyping', ['regulatory standards'], 'medical technology', 'regulatory processes', 'novel medical device', 'medical devices', 'medical device development', 'lessons', 'current guidance', ['normal use'], 'new practitioners'] 

Reference 166: ['human factors', 'regulatory standards', 'healthcare', 'normal use'] 

TOP-K 167: ['patient empowerment', 'mltcs', 'patient centered medication management', 'hospital discharge', 'hcp perspectives', 'patients', 'hospital', 'patient', 'healthcare professional outcomes', 'medication management', 'organizational factors', 'system factors', 'hospital stay', 'patient involvement', 'healthcare providers'] 

Reference 167: ['multimorbidity', 'seips', 'transition of care', 'patient centered care', 'healthcare professionals'] 

TOP-K 168: ['medicare decision-making', 'medicare knowledge', 'medicare plan enrollment', 'medicare decision', 'technology utilization', 'decision-making tendencies', 'federal health insurance program', ['technology'], 'healthcare decisions', 'important public health implications', 'research literature', 'adults', 'extant findings', 'narrative review', 'training support'] 

Reference 168: ['medicare', 'decision-making', 'older adults', 'technology', 'policy'] 

TOP-K 169: ['patient stability', 'patient-infection risk', 'patient care tasks', ['infection prevention'], 'patient comfort', 'infection prevention concerns', 'nurses patient care tasks', ['nurses'], ['task sequencing'], 'future research', 'priorities', 'contamination spread', 'salient feedback', 'average', 'measures anova'] 

Reference 169: ['task sequencing', 'patient care', 'infection prevention', 'high-fidelity simulation', 'nursing'] 

TOP-K 170: ['non-native institutions', 'widespread adoption', 'technology acceptance model', 'device design', 'adoption', 'anesthesia providers', 'design process', 'non-native institution', 'acceptance', 'multiple systems', 'barriers', 'new devices', 'small barriers', 'workflow disruption', 'medical institutions'] 

Reference 170: ['medication error', 'organizational tools', 'instrument design', 'technology acceptance'] 

TOP-K 171: ['vap prevention education', 'vap prevention', 'vap prevention measures education', 'vap prevention measures', 'professional development opportunities', 'ongoing competency assessments', ['knowledge'], 'educational opportunities', 'patient/ventilator interactionsand', 'nurses', 'critical care areas', 'nurse knowledge', ['confidence'], 'alarmswith confidence levels'] 

Reference 171: ['knowledge', 'confidence', 'emergency department', 'mechanically ventilation', 'vap'] 

TOP-K 172: [['disposition decision-making'], 'informational gaps', 'ed system', 'work system elements', 'current research', 'external environment elements', 'organization elements', 'critical juncture', 'future research', 'previous studies', 'care journeys', ['work system'], 'care patients access', 'limited information', 'review'] 

Reference 172: ['emergency medicine', 'disposition decision-making', 'work systems'] 

TOP-K 173: ['invisible design', 'methods invisible design', 'system-level interventions', 'scenario-based approach', 'end-users', 'innovative solutions', 'intervention ideas', 'unseen problem', 'conclusions invisible design', ['medication safety'], 'future interventions', 'personal experience', 'key stakeholders', 'complex problems', 'healthcare environments'] 

Reference 173: ['medication safety', 'community pharmacy', 'stakeholder engagement', 'participatory design'] 

TOP-K 174: ['rf-mac', 'user-rated usability', 'kendall scd', 'patient compliance', 'novel rf-mac device', 'scd', 'usability', 'objective sleep disturbance measures', 'objective sleep measures', 'sleep disturbance', 'device comfort', 'noise disturbance', 'total sleep time', 'participants', 'marginal evidence'] 

Reference 174: ['venous thromboembolism', 'external mechanical compression', 'sleep quality', 'device usability', 'mobility', 'user-centered design'] 

TOP-K 175: ['real time vibrotactile feedback', 'toe walking', 'physical therapy', 'real-time feedback', 'children', 'wearables', 'gait analysis', 'design considerations', 'wearable technologies', 'wearable devices', 'visual feedback', 'natural environment', 'family experiences', 'vital human factor parameters', 'innovative wearable system'] 

Reference 175: ['usability', 'acceptability', 'idiopathic toe walking', 'motor re-learning', 'wearable assistive', 'technology', 'home environment'] 

TOP-K 176: ['patient tubes/lines', 'tube/line management strategies', 'icu early mobility', 'early mobility therapy sessions', 'icu', 'tubes/lines', 'early mobility', 'icu staff time', 'staffing barriers', 'healthcare providers', 'intensive care unit', 'secure patient tubes/lines', 'staffing burdens', 'conclusion patient tube/line management', 'time-consuming task'] 

Reference 176: ['medical devices', 'healthcare technology', 'patient safety', 'critical care', 'rehabilitation', 'nursing care'] 

TOP-K 177: ['low-urgency patients', 'triage decisions', 'nurse experience', 'experienced nurses', ['under-triage'], 'triage assignment', 'triage decision', 'more-experienced nurses', 'patient records', 'emergency department', 'highly-structured tool', 'high-urgency ones', 'triage differentiation', 'decision making', 'intermediate score'] 

Reference 177: ['triage', 'decision-making', 'esi', 'experience', 'over-triage', 'under-triage', 'decision evaluation'] 

TOP-K 178: ['pelvic lift cushion', 'low-cost pelvic lift cushion', 'patient/clinician interactions', 'stanford university', ['pelvic exams'], ['pelvic exam'], 'novel pelvic lift cushion', 'upside-down bedpans', 'stanford team', 'work-arounds', 'patient', 'stirrup bed', 'upside-down bedpan/rolled towels', 'stirrups', ['patient safety']] 

Reference 178: ['pelvic exam', 'bedpan', 'speculum', 'pregnancy', 'patient safety', 'technological innovation'] 

TOP-K 179: ['junior doctors understanding', 'wrs', 'sts', 'junior doctors', ['socio-technical systems'], 'social relations', 'process sequence', 'senior house officers', 'family/carer communication', 'healthcare information technology', 'daily organisational process', 'inter-professional working', 'systems level research', 'sts approach', 'day-to-day care'] 

Reference 179: ['ward rounds', 'socio-technical system', 'interns and shos', 'medical education', 'acute hospital'] 

TOP-K 180: ['euro area risk-free rates', 'monetary policy stance', 'euro area', 'inflation dynamics', 'covid-19 shock period', 'bank stock prices', 'actual monetary policy actions', 'press conference sentiment', 'particular financial markets', 'sentiment indices', 'executive board speeches', 'communication tone', 'communication events', 'policy makers', 'advance'] 

Reference 180: ['ecb', 'monetary policy', 'communication', 'sentiment analysis', 'fiscal costs', 'financial markets'] 

TOP-K 181: ['cross-border deal investment decisions', 'pension fund administrators', 'blockholder coalitional value', ['blockholder coalitions'], 'risky cross-border acquisitions', ['cross-border deals'], 'positive post-takeover long-term performance', 'cross-border merger', 'blockholders', 'pension funds administrators', 'active blockholders', 'cbd', 'institutional investors', 'long-term value performance', 'coalition agreements'] 

Reference 181: ['blockholders coalitions', 'power indices', 'cross-border deals', 'institutional ownership', 'latin america'] 

TOP-K 182: ['key managerial expenditure decisions', 'managerial expenditure decisions', 'london stock exchange firms', 'critical managerial expenditure decisions', 'economic crises', 'strategic logic', ['industry concentrations'], ['leverage'], 'different industry concentrations', 'strategy literature', 'stock returns', ['industry concentration'], 'asset additions', 'dynamic panel methods', 'previous work'] 

Reference 182: ['industry concentration', 'leverage', 'inventories', 'r&d', 'sga', 'fixed asset additions', 'firm value'] 

TOP-K 183: [['financial access'], ['income inequality'], 'low-income countries', 'financial services', 'credit unions', 'inclusive financial access', ['quantile regression'], 'cooperative banks', 'financial accessand', 'innovative financial technologies', 'commercial banks', 'empirical economic literature', 'commercial banking', 'quantile regression approach', 'mixed findings'] 

Reference 183: ['financial access', 'income inequality', 'cooperative and commercial banks', 'quantile regression'] 

TOP-K 184: ['asymmetric intertemporal risk-return relation', 'positive risk-return relation', 'state dependent risk-return relation', ['investor sentiment'], 'positive risk-return tradeoff', 'highsentiment periods', 'intertemporal risk-return tradeoff', 'short-term mispricing', 'short-term overpricing', 'uninformed investors', 'extreme price changes', 'underpriced stocks', 'overpriced stocks', 'rational arbitrageurs', 'arbitrageurs'] 

Reference 184: ['intertemporal risk-return relation', 'optimistic and pessimistic expectation', 'overpricing and underpricing', 'investor sentiment', 'business cycle', 'short selling'] 

TOP-K 185: ['extrapolative weighting', 'valuation difficulty', 'extrapolative patterns', 'considerable overextrapolative behavior', 'time-series variation', 'price expectation', ['target prices'], 'past returns', 'cross-section', 'dox', 'considerable cross-sectional variation', 'analysts', 'extrapolative weighting.this paper', 'extrapolative weightingcaptures decay', 'relative weight analysts'] 

Reference 185: ['financial analysts', 'expectation formation', 'target prices', 'extrapolation in the time-series', 'extrapolation in the cross-section'] 

TOP-K 186: [['physical collateral'], 'financial constraints', ['personal guarantees'], 'prefectural variations', 'collateralizable assets', 'business startups', 'nascent entrepreneur', 'entrepreneurial intentions', 'physical assets', 'proxies', 'potential entrepreneurs', 'negative effect', 'legislative changes', 'negative link', 'lack'] 

Reference 186: ['physical collateral', 'personal guarantees', 'entrepreneur'] 

TOP-K 187: ['international acquisitions', 'post-acquisition competitiveness', 'international mergers', 'complex strategic decisions', ['international corporate investment'], 'success factors', ['international competitiveness'], 'firm resources', 'capabilities', 'different perspective'] 

Reference 187: ['international mergers and acquisitions', 'international competitiveness', 'firm resources and capabilities', 'international corporate investment'] 

TOP-K 188: ['countercyclical buffers', 'countercyclical capital buffer', 'credit-to-gdp gaps', 'macroprudential policy', 'countercyclical buffer', 'successful prudential policies', 'prudential policy', 'fitted capital adequacy ratios', 'macroeconomic signals', 'solvency risk models', 'macroeconomic variables', 'model', 'fitting countercyclical buffer', 'minimum capital threshold', 'charlier densities'] 

Reference 188: ['prudential regulation', 'risk metrics', 'risk-taking channel', 'bank-capital channel', 'snp approach'] 

TOP-K 189: ['military veterans', ['veterans'], 'large income drop', 'non-retirement investments', 'late mortgage payments', 'overall financial well-being', 'finra investor education foundation', 'problematic credit card behaviors', 'non-veterans', 'consumer finance', ['financial capability'], 'time', 'emergency funds', 'comparable civilians', 'large drop'] 

Reference 189: ['financial capability', 'financial wellbeing', 'financial behaviors', 'veterans'] 

TOP-K 190: ['unbanked households', 'factors', ['financial inclusion'], 'financial inclusion strategies', 'account ownership', 'bank account', 'several factors', 'different likelihoods', 'likelihood', 'interest', 'industry stakeholders', 'account'] 

Reference 190: ['unbanked', 'financial inclusion', 'nonbank financial services', 'consumer choices'] 

TOP-K 191: [['mortgage forbearance'], 'covid-19-era economic policies', 'average nonmortgage debt', ['universal credit expansion'], 'total nonmortgage debt', 'uk consumers', 'defaulted accounts', 'uk mortgage holders', 'financial well-being', 'pandemic', 'mortgage holders', 'universal credit', 'october 2019to december', 'vulnerable families', 'policy expansion'] 

Reference 191: ['disparities in consumer debt', 'covid-19united kingdom', 'mortgage forbearance', 'universal credit expansion'] 

TOP-K 192: [['utility shutoff moratoria'], 'utility shutoff moratorium', 'economic relief', 'state utility shutoff moratorium', 'shutoff moratoria', 'unpaid debt', 'families', 'emergency measures', 'majority-black communities', 'consumers', 'states', 'majority black communities', 'utility companies', 'credit card', 'retail loan payments'] 

Reference 192: ['consumer protection policies', 'utility shutoff moratoria', 'credit delinquency'] 

TOP-K 193: ['job experience', 'traditional microfinance screening variables', 'brazilian microcredit markets', 'brazilian fintech microcredit firm', 'previous studies', 'women', 'current jobs', 'brazilian fintech firm', 'loan durations', 'poor workers', 'current job', ['interest rates'], 'loans', ['screening'], 'collateral'] 

Reference 193: ['default', 'fintech', 'interest rates', 'microcredit', 'screening'] 

TOP-K 194: ['smes', 'smes performance', ['patents'], 'small firms', 'financial performance', ['patenting'], 'sme managers', 'well-informed decision-making', 'propensity score matching', 'monopoly rights', 'legal patent protection', ['patent'], 'profitability', 'empirical evidence', 'patent application'] 

Reference 194: ['firm performance', 'patents', 'sm', 'es', 'counterfactual', 'granted patents'] 

TOP-K 195: [['pharmaceutical innovation'], 'industry competition', 'pharmaceutical firm innovation', 'medical innovation', 'geographic dispersion', 'grant receipt', ['innovation'], 'medical innovations', 'future patents', 'government-funded r', 'firm lobbying', 'r', 'medical industry', 'relationship', ['grants']] 

Reference 195: ['pharmaceutical innovation', 'government subsidies', 'grants', 'innovation'] 

TOP-K 196: ['moral hazard', 'reputation-supported lending', 'risk-shifting problem', 'reputation formation', ['dynamic moral hazard'], 'projects', 'project environments', 'asynchronous environment', 'firm', 'theoretical paper', 'new 2-period project', 'risky strategies', 'switching costs', 'different environments', 'structure'] 

Reference 196: ['credit rationing', 'dynamic moral hazard', 'staged financing', 'reputation', 'risk-shifting'] 

TOP-K 197: [['board structure'], 'board size', 'economic logic', 'corporate board', 'board independence', 'factors', 'board chairmanship', 'determinants', ['china'], 'unlisted firms', 'advanced economies', 'potential factors', 'board components', 'structural estimation', 'private companies'] 

Reference 197: ['board structure', 'emerging market firms', 'simultaneous equation modeling', 'china', 'eastern europe'] 

TOP-K 198: ['eu non-financial reporting directive', ['gender diversity'], ['board characteristics'], 'non-financial reporting directive', 'csr committee', 'eu companies', ['esg scores'], ['cultural diversity'], ['esg score'], 'eu firms', 'large eu firms', 'specific board characteristics', 'board', 'european companies', 'empirical results'] 

Reference 198: ['esg score', 'board characteristics', 'gender diversity', 'cultural diversity', 'eu 95/2014 directive'] 

TOP-K 199: ['intrinsic tenase', 'factor viiia-factor', 'phospholipid-bound intrinsic tenase complex', ['blood coagulation'], 'lipid-dependent interaction', 'factor x activation', 'fviiia-fx complex', 'fx activation', 'critical membrane-dependent reaction', 'phospholipid surfaces', 'mechanisms-driven model', 'detailed mechanism-driven computer model', 'complex formation', 'substrate delivery', 'steady-state process'] 

Reference 199: ['blood coagulation', 'mathematical model', 'membrane-dependent reactions', 'factor viii', 'factor ix', 'factor x'] 

TOP-K 200: ['subclonal composition', 'subclonal compositions', 'heterogeneous growth patterns', 'subclonal dynamics', 'cellular-subclonal dynamics', 'long-term growth patterns', 'diverse growth patterns', 'novel multiscale framework', 'growth dynamics', 'long-term outcomes', 'population dynamics', 'short-term measurements', 'significant subclones', 'cancer growthand', 'current work'] 

Reference 200: ['cancer evolution', 'cancer heterogeneity', 'multiscale modelling', 'machine learning'] 

TOP-K 201: ['reaction-dilution-diffusion systems', 'pattern transitions', 'patterns', ['pattern formation'], ['pattern dispersion'], 'model', 'dispersion', 'natural system', 'organisms', 'reaction', 'strain rate', 'pattern dynamics', 'research', 'time-dependent domains', 'resilient model'] 

Reference 201: ['pattern formation', 'pattern dispersion', 'growing domain', 'reaction–diffusion system', 'dilution term'] 

TOP-K 202: ['dietary behavior change', ['inter-individual variability'], ['behavior change'], ['thermodynamics'], 'linear odes', 'psychological variables', 'under-approximation', ['causal network'], 'severe diets', ['formal theory'], 'energetic variables', 'theory', 'severe restriction', 'model', 'discrete qualitative abstraction'] 

Reference 202: ['behavior change', 'hypocaloric diet', 'formal theory', 'thermodynamics', 'causal network', 'over-/under-approximation', 'discretization', 'qualitative reasoning', 'timescale', 'inter-individual variability', 'answer set programming'] 

TOP-K 203: ['tumor-immune system interactions', 'antitumor immune cells', 'tumor microenvironment', 'protumor immune effects', 'tumor growth', 'protumor cells', 'mixture theory', 'chemotactic mechanisms', 'tumor expansion', 'oxygen/nutrient supply', 'mathematical model', 'immune cells', 'immune response interactions', 'new model', 'key factors'] 

Reference 203: ['cancer growth', 'immune response', 'mixture models'] 

TOP-K 204: ['age-related population heterogeneity', 'sars-cov-2 transmission', 'sars-cov-2 spread', 'pre-pandemic framework', 'belgium', 'covid-19 dynamics', 'age-structured seir model', 'age-specific susceptibility', 'virus transmission', 'sensitivity analysis', 'asymptomatic infections', 'age-specific indices', 'transmission', 'over-60 age groups', 'early stages'] 

Reference 204: ['sensitivity', 'next generation operator', 'basic reproduction number', 'covid-19age-structured models'] 

TOP-K 205: ['algal cell quota', ['algal blooms'], 'algal cells', 'surface-adsorbed pool', 'algal growth', 'novel two-stage uptake model', 'transport time delay', 'model', 'numerical results', 'time delay', 'physiological mechanism', 'uptake', 'comprehensive mathematical model', 'oscillations', 'intracellular pool'] 

Reference 205: ['algal bloom', 'prorocentrum donghaiense', 'karenia mikimotoi', 'surface adsorption', 'transport delay', 'two-stage model'] 

TOP-K 206: ['phenotypic traits', 'complex systems', 'form-function relationships', 'evolvability', 'multiple traits', 'traits', 'complex system', 'trait integration', 'evolution', 'multiple tasks', 'system', 'physiological traits', 'tasks', 'simulation study', 'relationships'] 

Reference 206: ['complexity', 'multitasking', 'performance', 'redundancy', 'tradeoffs'] 

TOP-K 207: ['nih3t3 fibroblast cell line', ['topography'], 'cell migration patterns', 'ornstein', ['topographies'], 'anisotropic topographies', 'migration patterns', 'certain isotropicand anisotropictopographies', 'individual cell migration', 'physiologic function', 'biomaterial design', 'native extracellular environment', 'migration', 'uhlenbeck process', 'physiologic functions'] 

Reference 207: ['cell migration', 'topography', 'ornstein–uhlenbeck', 'mathematical model', 'tissue engineering', 'bioimplant'] 

TOP-K 208: [['adipocyte size distribution'], 'obesity-related diseases', 'cell size distribution', 'experimental data', 'cma-es algorithm', 'bimodal distributions', ['partial differential equation'], ['parameter estimation'], 'different health conditions', 'rats', 'model parameters', 'synthetic data', 'parameter values'] 

Reference 208: ['parameter estimation', 'adipocyte size distribution', 'parameter identifiability', 'partial differential equation'] 

TOP-K 209: ['antigenic cooperation', 'intra-host viral adaptation', 'mutable viruses', 'intra-host viral variants', 'immune escape', 'genomic diversification', 'infected hosts', 'viral variants', 'continuous genomic diversification', 'viral transmission', 'altered antigenic features', 'intra-host viral populations', 'rapid re-arrangement', 'viral variant', 'chronic infections'] 

Reference 209: ['local immunodeficiency', 'cross-immunoreactivity', 'persistent viruses', 'altruistic viruses', 'hepatitis c'] 

TOP-K 210: ['random network topologies', 'dsgrn software', 'genetic network topology', ['regulatory networks'], 'tissue-scale behavior', 'structural fragilities', 'network models', 'developmental networks', 'robustness', 'gap gene expression', 'robustness measures', 'fruit fly embryo', 'cellular systems', 'dynamic signatures', 'cell'] 

Reference 210: ['dynamics', 'regulatory network', 'drosophila', 'weighted directed graph', 'finite directed paths'] 

TOP-K 211: [['abductive reasoning'], 'high-error conditions', 'social norms', 'low-error conditions', 'non-reasoning models', ['cooperation'], 'model abductive reasoning', 'reputations', 'simple standing', ['indirect reciprocity'], 'parsimonious explanation', 'errors', 'error rates', 'reasoning', 'observers'] 

Reference 211: ['abductive reasoning', 'confirmation bias', 'cooperation', 'dempster–shafer theory', 'falsification bias', 'indirect reciprocity'] 

TOP-K 212: ['random human-to-human contact mode', 'human-to-human contacts', 'infectious diseases', 'infectious disease', 'spatial heterogeneity', ['extinction probability'], 'random contact patterns', 'non-monotonic pattern', 'basic reproduction number', 'transmission probability', 'temporal heterogeneity', ['extinction probabilities'], ['generation size'], 'mean contact rate', 'contacts'] 

Reference 212: ['random contact', 'structured population', 'spatial–temporal heterogeneity', 'extinction probability', 'generation size'] 

TOP-K 213: ['il-27', 'cancer immunotherapy', 'immune checkpoint inhibitor anti-pd-1', 'anti-pd-1', 'il-27 injection', 'pro-cancer', 'tumor volume', 'role il-27', 'treatment efficacy', 'pro-inflammatory functions', 'variable dose', 'present paper'] 

Reference 213: ['immune checkpoint inhibitors', 'interleukin-27anti-pd-1combination therapy'] 

TOP-K 214: ['rod/cone outer segment predictions', 'photoreceptor outer segment length', 'photoreceptor outer segments', 'rhesus monkeys', 'photoreceptor density', 'retinal data', ['mathematical model'], ['rod'], 'temporal retinal data', 'spatially-dependent regrowth', ['retina'], 'healthy human subjects', 'macular region', 'fovea', 'spatial dependence'] 

Reference 214: ['photoreceptor', 'rods', 'cones', 'retina', 'mathematical model'] 

TOP-K 215: ['sub-exponential autocatalysts', 'sub-exponential species', 'higher-order autocatalysts', 'autocatalytic species', 'different growth laws', ['resource competition'], 'exponential ones', 'counterintuitive observation'] 

Reference 215: ['autocatalysis', 'exponential growth', 'sub-exponential growth', 'resource competition', 'prebiotic evolution'] 

TOP-K 216: [['marcks protein'], 'modulational instability phenomenon', 'marcks', 'marcks dynamics', 'multisolitons-like patterns', 'cytoplasmic membrane', 'multiple sacles method', 'cytosol', 'cyclic dynamics', 'phosphorylation rate', 'marks proteins', 'complex cubic ginzburg', 'one-dimensional model', 'cyclic transport', 'nonlinear dynamics'] 

Reference 216: ['marcks protein', 'long wavelength instability', 'patterns formation', 'multisolitons'] 

TOP-K 217: ['epigenetic cancer drug resistance', 'curative cancer treatment', 'epigenetic treatment resistance', 'curative treatment', 'mathematical models', 'optimal treatment protocol', 'tumour growth', 'complete curative treatment', 'tumoural growth', 'treatment holidays', 'possible tumour shrinkage rate', 'specific experiment', 'tumour burden', 'previous approaches', 'major challenge'] 

Reference 217: ['acquired resistance', 'cancer', 'phenotypic plasticity', 'targeted therapy'] 

TOP-K 218: ['mesenchymal stem cell-derived exosomes', 'msc-exos', 'wound healing-associated cells', 'exosome acquisition', 'endothelial cells', ['wound healing'], 'exosome potentiation modalities', 'skin wounds', 'parental cells msc-exos', 'wound healing process', 'immune cells', 'potent bioactivity', 'inflammatory responses', 'mechanistic complexity', 'collagen deposition'] 

Reference 218: ['wound healing', 'mesenchymal stem cells', 'exosomes', 'angiogenesis', 'therapy'] 

TOP-K 219: ['tnbc', ['obesity'], 'cancer-friendly environment', 'key tnbc risk factor', 'socioeconomic status', 'elusive biomarkers', 'pathway receptors', 'healthcare access', 'cultural practices', 'well-known links', 'screening techniques', 'future research', 'complex relationship', 'review article', 'elevated levels'] 

Reference 219: ['triple negative breast cancer', 'inflammation', 'obesity', 'tumor microenvironment', 'disparity', 'treatment strategies'] 

TOP-K 220: ['hbo', 'structural nephroprotection', 'histological damage', ['azotemia'], 'toxic aki', 'aki animals', 'subgroup analyses', 'meta-analyze hbo', 'life-threatening condition', 'untreated controls hbo', 'aki types', 'sudden kidney function loss', 'tissue-level nephroprotection.aims acute kidney', 'key findings data synthesis', 'aki-affected animalswhile'] 

Reference 220: ['acute renal failure', 'nephrotoxicity', 'hyperbaric oxygenation', 'creatinine', 'azotemia', 'animal models'] 

TOP-K 221: ['her3 overexpression', 'her3', 'her3-targeted treatment approaches', 'kinase activity', 'her3 therapy', 'her3 detection methods', 'drug resistance', 'anticancer therapies', 'unique structure', 'cancer progression', 'therapy resistance', 'clinical detection methods', 'clinical trials', 'cancer patients', 'low expression'] 

Reference 221: ['her3erbb3breast cancer', 'oncology', 'pathological detecting methods'] 

TOP-K 222: ['cgas-sting signalling', 'er stress', 'chondrocyte apoptosis', 'cgas-sting pathway activation', 'cyclic gmp-amp synthase', 'upr-sting-induced inflammation', 'endoplasmic reticulumstress', 'inflammatory responses', 'dna damage', 'oa', 'cellular senescence', 'interferon genessignalling axis', 'cartilage destruction', ['inflammation'], 'protein responseand cgas-sting pathway'] 

Reference 222: ['endoplasmic reticulum stress', 'unfolded protein responsec', 'gas-sting signalling axis', 'inflammation', 'osteoarthritis', 'treatment strategy'] 

TOP-K 223: ['noncoding rnas', 'noncoding rna regulation', ['diabetic retinopathy'], 'endothelial-mesenchymal transduction', 'noncoding rna', 'dr', 'small extracellular vesicles', 'pathological processes', 'oxidative stress', 'different signaling pathways', 'potential therapeutic strategies', 'retinal cells', 'different pathways', 'recent advancements', 'fundamental understanding'] 

Reference 223: ['diabetic retinopathy', 'treatment', 'mechanisms', 'noncoding rn', 'as', 'cells', 'extracellular vesicles'] 

TOP-K 224: [['glibenclamide'], 'diabetic nephropathy', 'glibenclamide therapy', 'glibenclamide efficacy', 'diabetic complications', 'vitamin b1', 'diabetic nephropathy development', 'diabetic nephropathy progression', 'calcitriol', 'vitamin b1 addition', 'preserved creatinine clearance', 'prescribed insulin secretagogues', 'low cost', 'protective effect', 'addition'] 

Reference 224: ['diabetes', 'glibenclamide', 'vitamin b1calcitriol', 'nephropathy'] 

TOP-K 225: ['histamine-mediated allergic inflammation', 'female hcjgcs', 'hcjgcs', 'human primary cjgcsas', ['allergic conjunctivitis'], 'male evs', 'proinflammatory mediators', 'proinflammatory mediator pge2', 'pro-resolving mediators', 'female evs', 'evs', 'rvd1', 'allergic inflammation', 'biosynthetic machinery', 'male predisposition'] 

Reference 225: ['conjunctiva', 'goblet cells', 'allergic conjunctivitis', 'histamine', 'polyunsaturated fatty acids', 'specialized pro-resolving mediator', 'extracellular vesicles'] 

TOP-K 226: [['setanaxib'], 'antiplatelet therapy', 'platelet activation', 'human platelet function', 'nox', 'thrombus formation', 'ros-related signaling pathways', 'collagen-induced thrombus formation', 'ros generation', 'cardiovascular diseases', 'extracellular ros production', ['dual nox1/4 inhibitor'], 'key findings setanaxib', 'selective nox1/4 dual inhibitor', 'potential use'] 

Reference 226: ['platelet', 'ros', 'dual nox1/4 inhibitor', 'setanaxib', 'antiplatelet', 'antithrombotic'] 

TOP-K 227: ['sarco-osteoporosis', 'clinical sarco-osteoporosis', 'mc3t3-e1 osteoblasts', 'sm-exos', 'nmes', 'skeletal muscle contraction', ['osteoporosis'], 'osteogenic differentiation', ['skeletal muscle'], 'osteoblast differentiation', 'physical therapy', 'several mirnas', 'research findings', 'mirna expression', 'muscle atrophy'] 

Reference 227: ['skeletal muscle', 'exosomes', 'mirna', 'osteoporosis'] 

TOP-K 228: ['uvb-induced apoptosis', 'uvb', 'g26uvb/g6uvb comparison', 'high-glucose environments', 'high-glucose conditions', 'uvb irradiation', 'epidermal keratinocytes', 'uvb exposure', 'keratinocytes', 'uvb-induced ros', 'normal-glucoseor high-glucoseconditions', 'hg conditions', 'human epidermal keratinocytesinitiates photocarcinogenesis', 'cpd formation', 'photocarcinogenic potential'] 

Reference 228: ['diabetes', 'next-generation sequencing', 'photocarcinogenesis', 'dna damage', 'apoptosis'] 

TOP-K 229: ['glucose metabolism', 'in-phase betamethasone treatment', 'out-of-phase betamethasone treatment', ['betamethasone'], 'hyperinsulinemia', 'out-of-phase betamethasone', ['insulin resistance'], 'synthetic glucocorticoid betamethasone', 'insulin sensitivity', 'glucocorticoid treatment', 'in-phase treatment', 'female c57bl/6j mice', 'out-of-phase treatment', 'common metabolic side effects', 'side effects'] 

Reference 229: ['glucocorticoid', 'insulin resistance', 'betamethasone', 'circadian rhythm'] 

TOP-K 230: [['cerliponase alfa'], 'autophagy-regulatory pathways', 'intraneuronal aβ accumulation', 'tpp1', 'endogenous aβ accumulation', 'intraneuronal accumulation', 'human recombinant rhtpp1', 'autophagy pathways', 'tpp1 enzyme', 'cer', 'ad', 'ht-22 cells', 'aβ accumulation', 'tpp1 expression', 'aβ'] 

Reference 230: ['cerliponase alfa', "tpp1alzheimer's disease", 'autophagy'] 

TOP-K 231: ['egfr-tki-resistant nsclc', 'egfr-tkis', 'egfr-mutant luad cell lines', 'egfr inhibitors', 'apoptosis', 'aurora b pathway', 'multiple pro-apoptotic genes', 'aurora kinase activity', 'egfr-tki-resistant nsclc pr combination', 'pr treatment', 'pr', 'apoptotic pathway', 'synergistic effects', 'gene expression changes', 'drug responsiveness'] 

Reference 231: ['lung adenocarcinoma', 'drug resistance', 'natural product', 'herbal medicine', 'combination therapy', 'transcriptome'] 

TOP-K 232: ['avpv', 'acetylcholine chloride', 'ea', 'ea-based therapy', 'early reproductive aging females', 'neuroendocrine defects', 'middle-aged avpv', 'lh surge', 'c-fos-positive kiss1 cells', 'differential neurotransmitter metabolisms', 'middle-aged females', 'peak lh release', 'age-related reduction', 'advanced age', 'differential neurotransmitters'] 

Reference 232: ['luteinizing hormone', 'estradiol', 'hypothalamus', 'aging', 'metabolism'] 

TOP-K 233: ['foxo1 gene-deficient cardiomyocytes', 'foxo1', 'foxo1-rock1 axis-mediated mqc disorders', 'chronic hypoxic cardiomyocyte injury', 'foxo1 cardiac-specific knockout mice', 'foxo1 inhibition', 'cardiomyocyte injury', 'mitochondrial ros', 'myocardial chronic hypoxic injury', 'tof patients', 'tof', 'ampk signaling pathway', 'ros-induced cox7a2l activation', 'respiratory chain supercomplex function', ['chronic hypoxia']] 

Reference 233: ['tetralogy of fallot', 'forkhead box o1', 'mitochondrial quality control', 'cox7a2l', 'chronic hypoxia'] 

TOP-K 234: ['ntg-induced mechanical allodynia', ['cloxyquin'], 'tresk inhibitor a2764', 'migraine drug sumatriptan', 'selective tresk activator cloxyquin', 'specific tresk inhibitor a2764', 'capsaicin-induced cgrp release', 'brainstem preparations', 'trigeminal ganglion cgrp levels', 'meningeal mast cell activation', 'trigeminal ganglion', 'meningeal mast cell degranulation', 'capsaicin-evoked cgrp release', 'ex-vivo meningeal', 'ex-vivo'] 

Reference 234: ['cloxyquin', 'cgrp', 'meningeal mast cells', 'migraine', 'neurogenic inflammation', 'tresk background potassium channels'] 

TOP-K 235: [['rifaximin'], 'mcd diet-induced nash', 'rifaximin treatment', ['gut microbiota'], 'mcd diet', 'intestinal barrier dysfunction', 'mcd-induced nash mice', 'microbiota composition', 'nash', 'key findings', 'mcd diet-fed mice', 'significance rifaximin', ['intestinal barrier'], 'intestinal barrier integrity', 'new approach'] 

Reference 235: ['gut microbiota', 'intestinal barrier', 'peroxisome proliferator-activated receptor', 'rifaximin', 'nonalcoholic steatohepatitis'] 

TOP-K 236: ['ss', 'anti-cervical cancer effects', 'molecular mechanisms', 'hela xenograft growth', ['glucose metabolic reprogramming'], 'ros-mediated akt/mtor/hif', ['cervical cancer'], 'ros generation', 'cervical cancer cells', 'potential new drug development', 'underlying mechanisms', 'cell proliferation', 'inhibitory effect', 'cancer cells', 'key signaling pathway'] 

Reference 236: ['cervical cancer', 'glucose metabolic reprogramming', 'sodium selenite', 'rna sequencing', 'ros', 'akt/mtor/hif-1α pathway'] 

TOP-K 237: [['long covid'], 'severe acute covid-19 symptoms', 'covid-19 infection', 'covid-19 survivors', 'symptoms', 'coronavirus disease 2019survivors', 'female sex', 'long covid characteristics', 'physical declines', 'year post-infection', 'physical decline', 'financial stress', 'symptom severity', 'shortness', 'health concerns'] 

Reference 237: ['long covid', 'post-covid condition', 'longitudinal study', 'symptom assessment'] 

TOP-K 238: ['facebook friendships', 'college covariates', 'individual-level structural signatures', 'college', 'open ties', 'students', 'four-year colleges', 'high school', 'selective colleges', 'friends', 'popular students', 'individual signature', 'new school', 'education scorecard dataset', 'closure signature'] 

Reference 238: ['social networks', 'closure', 'persistence', 'facebook'] 

TOP-K 239: ['network analysis', ['bureaucratic organizations'], ['action networks'], ['outpatient clinics'], 'routine work', 'social network methods', 'impersonal relations', 'diagnostic care processes', 'routine actions', 'personal relationships', 'network structures', 'impersonal work processes', 'edge-weighted centralization', 'physical space', 'networks structures'] 

Reference 239: ['network ecology', 'context', 'spatial layout', 'action network', 'routine dynamics', 'bureaucratic organization', 'outpatient clinic'] 

TOP-K 240: ['face-to-face social ties', 'face-to-face ties', 'digital networks', 'social networks', 'network formation', 'digital interaction', 'digital communications technologies', 'scientific research', 'current theory', 'little theoretical foundation', 'available theoretical scaffolding', 'new dynamics', 'various offline tie-formation mechanisms', 'theoretical framework', 'way humans'] 

Reference 240: ['internet', 'online interaction', 'computational social science', 'tie-generating mechanisms', 'theory'] 

TOP-K 241: [['tie-formation'], 'cultural rules', 'tie-formation logics', 'empirical network patterns', 'social relations', 'relational sociology', 'organizational factors', 'relational rules', 'field theory', 'social context shapes networks', 'contexts', ['social fields'], 'preferential attachment', 'mechanisms', 'particular fields.tie-formation mechanisms'] 

Reference 241: ['institution', 'meaning structure', 'network mechanism', 'social field', 'tie-formation'] 

TOP-K 242: ['group-based oppositional cultures', 'ethnicity-based oppositional cultures', 'anti-school culture', 'group-specific oppositional cultures', 'low socio-economic resources', 'specific groups', 'school context', 'socio-economic differences', 'ethnic minorities', 'school', 'ethnic minority boys', 'four-wave network panel survey', 'social acceptance', 'schools', 'high performers'] 

Reference 242: ['gender', 'ethnicity', 'school performance', 'liking', 'stochastic actor-oriented models', 'rsiena'] 

TOP-K 243: [['intergenerational closure'], 'ic', 'socio-spatial structures', 'socio-spatial conditions', ['interpersonal conflicts'], ['network ecology'], 'school classes', 'multilevel network ecologies', 'german class networks', 'conflict networks', 'conflict ties', 'multilevel ecological perspective', 'spatial regressions', 'conflicts', 'theoretical considerations'] 

Reference 243: ['network ecology', 'intergenerational closure', 'diverse neighbourhoods', 'exponential random graph model', 'interpersonal conflict'] 

TOP-K 244: [['workplace relationships'], 'workplace ties', 'workplace relationship formation', ['organizational practices'], 'relationships', 'low-wage industries', 'relationship formation', 'personal outcomes', 'common grievances', 'social contexts', 'negative work conditions', 'unpredictable work schedules', ['collective action'], 'job benefits', 'form workplace solidarity'] 

Reference 244: ['precarious work', 'workplace relationships', 'organizational practices', 'network ecology', 'retail industry', 'collective action'] 

TOP-K 245: ['network centrality measurements', 'real-world observations', 'node embeddedness', 'path-based centrality measurements', 'networks', 'nodes', ['closeness centrality'], ['betweenness centrality'], 'upper bounds', 'attribute information', 'well-known method', 'contextual information', 'path calculations', 'path calculation', 'actors'] 

Reference 245: ['attributed network', 'betweenness centrality', 'closeness centrality', 'contextual embeddedness'] 

TOP-K 246: ['asymmetric market transactions', ['financial markets'], 'large market transactions', 'exchange', 'market transactions', 'mechanism', 'transactions', 'possible mechanism', 'temporal micro-structure', 'material context', 'temporal structure', 'market roles', 'empirical result', 'reference'] 

Reference 246: ['organizational networks', 'interorganizational exchange', 'reciprocity', 'generalized exchange', 'financial markets', 'relational event models'] 

TOP-K 247: [['transitory ties'], ['fashion modeling'], 'global fashion modeling industry', 'social ties', ['fashion models'], 'precarious employment', 'core transitory ties', 'short-term employment', 'models', 'network structures', ['creative industry'], 'networks', 'workers', ['careers'], 'contemporary labor market'] 

Reference 247: ['careers', 'fashion models', 'network ecology', 'social capital', 'transitory ties', 'creative industries', 'types of ties'] 

TOP-K 248: ['network micro-selection mechanisms', 'two-mode network selection mechanisms', 'ethnoracial segregation', 'eca involvement', 'mechanisms', ['two-mode networks'], 'activity selection mechanisms', 'extracurricular activity membership networks', ['stochastic actor-oriented model'], 'yearbook data', ['extracurricular activities'], 'activities', 'novel yearbook data', 'activity selection', 'unique longitudinal dataset'] 

Reference 248: ['race/ethnicity', 'homophily', 'segregation', 'two-mode network', 'extracurricular activities', 'stochastic actor-oriented model'] 

TOP-K 249: ['dynamic focus theory', 'dyadic social influence processes', ['social influence'], ['focus theory'], ['social foci'], 'social network analysis', 'classical focus theory', 'foci effects', 'foci properties', 'foci', 'focus effect', 'standard tie-generation process', 'multiple network layers', 'social tie', 'tie generators'] 

Reference 249: ['social foci', 'focus theory', 'network ecology', 'stochastic actor-oriented models', 'two-mode networks', 'tie-generators', 'diffusion', 'social influence'] 

TOP-K 250: ['hss faculty', ['network ecology'], 'faculty networks', 'stem model', 'faculty', 'university social structure', 'university collaboration network', 'bottom-up processes', 'university', 'stem networking strategy', 'internal contextual variation', 'new faculty', 'social structural change', 'tie refunctioning', 'individual faculty'] 

Reference 250: ['network ecology', 'networking styles', 'academic collaboration', 'multiplex networks', 'sociology of knowledge'] 

TOP-K 251: [['multiple network analysis'], 'mc simulation design', 'multiple networks', 'endogenous network characteristics', 'social science research', 'hierarchical structure', 'various factors', 'social phenomena', 'exogenous variables', 'socioeconomic status', 'method advantages', 'social sciences', 'analysis', 'paper', 'new discoveries'] 

Reference 251: ['ergm', 'simulation study', 'hierarchical modeling', 'multiple network analysis'] 

TOP-K 252: [['homophily'], 'word-of-mouth diffusion', 'social influence', ['social reinforcement'], 'social networks', 'preaching-to-the-converted effect', 'network structure', 'percolation model', 'standard percolation model', ['diffusion'], 'percolation process', 'non-linear relation', 'low diffusion regime', 'simple structure', 'high diffusion'] 

Reference 252: ['diffusion', 'word-of-mouth', 'percolation', 'homophily', 'social reinforcement', 'small worlds'] 

TOP-K 253: [['difficult ties'], 'multinomial multilevel logistic regression', 'multinomial multilevel models', 'ties', ['personal networks'], 'positive ties', 'difficult tie change', 'difficult individuals', 'network', 'problematic network members', 'network change', 'many ties', 'similar patterns', ['support'], 'ambivalent properties'] 

Reference 253: ['difficult ties', 'personal networks', 'homophily', 'support', 'retention'] 

TOP-K 254: ['two-mode network data', 'two-mode similarity', 'two-mode relational similarity', 'two-mode similarity measures', 'two-mode data', 'senate voting', 'relational similarity', 'iterated correlations', 'two-mode relational similarities', 'one-mode projections', 'relational similarity measure', '112th u', 'non-iterative measures', 'familiar duality approach', 'data'] 

Reference 254: ['generalized similarity', 'duality', 'two-mode networks', 'correlation distance', 'projection'] 

TOP-K 255: [['social capital'], 'higher-status social capital', 'low-status individuals', 'high-status individuals', ['socioeconomic status'], 'socioeconomic inequalities', 'social capital inequalities', 'voluntary organizations', 'current involvement patterns', 'access', 'counterfactual situation', ['position generator'], 'german panel datareveal', 'joiners access', 'regression analyses'] 

Reference 255: ['social capital', 'position generator', 'voluntary involvement', 'socioeconomic status', 'inequality', 'germany'] 

TOP-K 256: ['migration flow networks', 'ergms', 'count-valued ergms', 'maximum pseudo-likelihood estimation', 'small-variance networks', 'subsampled multi-core mple', 'mple', 'cd', 'edge variance', 'point estimations', 'particular computational challenges', 'edge value variance', 'method performance', 'simulation study', 'contrastive divergenceand'] 

Reference 256: ['contrastive divergence', 'exponential-family random graph model', 'markov chain monte carlo', 'maximum likelihood estimation', 'pseudo likelihood', 'valued/weighted networks'] 

TOP-K 257: ['roster order effects', 'roster name order', 'indegree outliers', 'artifactual roster order effects', 'order effects', 'social network data collection', 'biases', 'sociometric nominations', 'name orders', 'survey rosters', 'recent studies', 'middle school cohorts', 'names', 'experimental methods', 'nomination choices'] 

Reference 257: ['data collection', 'peer nomination', 'name rosters', 'measurement error', 'adolescent friendships'] 

TOP-K 258: ['lddmm-face', ['diffeomorphic mapping'], 'leverage learning-based diffeomorphic mapping', 'deformation layer', 'various facial annotation schemes', ['facial landmarks'], 'facial geometry', 'various annotation schemes', 'various face alignment networks', 'first study', 'diffeomorphic way', 'deep network', 'novel embedding', 'dense annotations', 'cross-dataset cross-annotation settings'] 

Reference 258: ['face alignment', 'facial landmarks', 'diffeomorphic mapping', 'deep learning'] 

TOP-K 259: [['skin cancer classification'], 'state-of-the-art fusion methods', 'jif-mmfa method', 'joint-individual fusionstructure', 'dermatological images', 'novel fusion method', 'multi-modality data', 'dermatological imageswith patient metadata', 'fm architectures', 'decision-making pipeline', 'fm components', 'novel multi-modal fusion network', 'mutual attention mechanisms', 'public datasets', 'multi-modal fusion attentionmodule'] 

Reference 259: ['skin cancer classification', 'joint-individual fusion structure', 'multi-modal fusion attention', 'dermatological image and metadata'] 

TOP-K 260: ['c2fresmorph', 'learning-based deformable registration algorithm', '2d medical image registration', '2d medical images', 'learning-based methods', '2d image registration', 'two-stage framework', 'resmorph registration network', 'surgical automation', 'experimental evaluations', 'different datasets', 'registration accuracy', 'registration performance', 'generalization ability', 'residual structured loss'] 

Reference 260: ['image registration', 'convolutional neural networks', 'multi-head self-attention', 'unsupervised learning'] 

TOP-K 261: ['multi-contrast features', 'multi-contrast feature representations', 'joint mri reconstruction', 'multi-contrast feature aggregationmodule', 'cmf-net framework', 'task-specific features', ['super-resolution'], 'mr super-resolution performance', 'multi-task mutual fusionmodule', 'mutual propagation', 'extensive experimental results', 'task-specific information', 'feature representations', 'first stage', 'tasks'] 

Reference 261: ['magnetic resonance imaging', 'mri reconstruction', 'super-resolution', 'multi-task learning'] 

TOP-K 262: ['shape classification', ['neural networks'], 'shape analysis', ['complex networks'], 'complex network model', 'shape description', 'generic shape datasets', 'dynamic evolution strategy', 'experimental results', ['neural network'], 'complex representations', 'many computer vision problems', 'neural networkson feature maps', ['complex network'], 'topological measures'] 

Reference 262: ['shape representation', 'complex network', 'neural network'] 

TOP-K 263: ['fuzzy granularity cognitive mechanism', 'multi-scale learning', 'multilabel classification', 'multilabel data', 'multilabel multi-scale learning strategy', 'sample fuzzy similarity', 'feature selection method', 'experimental results', 'labels', 'label space', 'feature evaluation', 'label spaces'] 

Reference 263: ['multi-scale fuzzy rough sets', 'multilabel feature selection', 'missing labels', 'uncertainty measures'] 

TOP-K 264: ['novel unsupervised feature selection', ['sparse latent representation'], 'cpslr', 'robust feature selection', 'low-redundancy features', 'sparse features', 'feature selection', 'central point link information', 'latent representation', 'central point matrix', '2-norm constraint', 'data', 'discriminative features', 'l2', 'laplacian matrix'] 

Reference 264: ['center matrix', 'link information', 'sparse latent representation', 'unsupervised feature selection', 'dual graph structure'] 

TOP-K 265: ['point cloud analysis', ['point cloud'], 'attention-based fusion module', 'local-to-global representation', 'rotation-invariant property', 'point-based deep networks', 'global rotation-invariant information', '3d shapes', 'arbitrary rotation', 'novel rotation-invariant method', 'global features', 'multiple fusion modules', 'experimental results', 'features', 'non-local information'] 

Reference 265: ['point cloud', 'rotation invariance', 'local-to-global', 'deep learning'] 

TOP-K 266: ['ssmc', ['graph learning'], 'graph regularization', 'low dimensional consensus features', 'subspace learning', 'structured graph learning', 'graph', 'embedded features', 'novel framework', 'embedded feature space', 'optimization algorithm', 'subspace', 'multi-view clusteringis', 'adaptive structured graph', 'consensus features'] 

Reference 266: ['multi-view clustering', 'latent space', 'subspace clustering', 'graph learning'] 

TOP-K 267: ['frobenius-norm-based regularization', 'high-order correlations', 'multi-view data', 'latent tensor', 'weighted tensor nuclear norm', 'consistent graph learning method', 'multiple graphs', 'heterogeneous information', 'multiple views', 'common affinity matrix', 'global structure', 'possible noise', 'single view', 'views', 'intrinsic structure'] 

Reference 267: ['spectral clustering', 'multi-view clustering', 'tensor learning', 'graph learning'] 

TOP-K 268: ['nssgca', 'cluster-aware attention mechanism', '3rd-order tensor', 'representation tensor', 'nonconvex schatten', 'tensor submodule framework', '3rd-order tensor samples', 'representation tensor structures', 'clustering tasks', 'nonconvex norms', 'approximate tensor rank', 'sliced sparse gradientregularization', '2d images', 'free submodules', 'construct ssg term'] 

Reference 268: ['tensor based sparse representation', 'submodule clustering', 'tensor schatten p-norm', 'union of free submodulesℓqnorm', 'ssg', 'cluster-aware'] 

TOP-K 269: ['semi-supervised graph machine learning', ['semi-supervised node classification'], 'oversmoothing', 'high-quality node representations', 'higher-order neighbor info', 'node representations', 'graph benchmark datasets', 'comparative experiments', 'unique learning algorithm', 'outperform state-of-the-art competitors', 'adequate graph information', 'alignment rules', 'features', 'hidden information', 'extensive studies'] 

Reference 269: ['attributes mining', 'high-order neighborhood exploration', 'semi-supervised node classification', 'graph neural networks'] 

TOP-K 270: ['dbscan clustering algorithm', 'local feature similarities', 'clustering technique', ['surface extraction'], 'density-reachable condition', 'point clouds', 'local quadric surface', 'neighborhood information reconstruction', ['surface extractions'], 'normal correction', 'sharp features', 'quadric fitting surface', 'boundary detection method', 'adjacent quadratic patches', 'coplanar condition'] 

Reference 270: ['3d point clouds', 'surface extraction', 'dbscan', 'quadric surface'] 

TOP-K 271: ['dynamic channel pruning', 'fgc', 'feature-gate couplingmethod', 'deep neural networks', 'run-time computational cost', 'feature', 'feature-gate couplingapproach', 'contrastive loss', 'gate distributions', 'significant pruning performance gains', ['instance neighborhood relationships'], 'gate spaces', 'substantial progress', 'second step', 'dynamic network pruningto'] 

Reference 271: ['contrastive self-supervised learning', 'dynamic network pruning', 'feature-gate coupling', 'instance neighborhood relationship'] 

TOP-K 272: [['contrastive learning'], 'contrastive clustering method cvc', 'cvc', 'online contrastive visual clusteringmethod', 'current semantic clustering methods', 'arbitrary self-supervised learning frameworks', 'computer vision', 'intra-class correlation', 'clustering error accumulation', 'similar feature embeddings', 'valuable intra-class correlation', 'instance-level discrimination', 'iteration process', 'ground-truth guidance', 'generic method'] 

Reference 272: ['self-supervised learning', 'contrastive learning', 'deep clustering'] 

TOP-K 273: ['transformer-based cross-feature fusion module', ['transformer'], 'cross-feature fusion', 'structure-to-detail perception capabilities', 'u-net architecture', 'adaptive perception module', 'long-range contextual dependencies', 'novel framework', 'encoder features', 'border ambiguity', 'real-world scenes', 'semantic information', 'feature offsets', 'contextual information', 'segmentation results'] 

Reference 273: ['transformer', 'attention', 'semantic segmentation', 'point cloud scenarios'] 

TOP-K 274: ['mlenet', 'video-based action recognition models', 'fine-grained high-level temporal features', 'temporal modeling', 'local deep detail information', 'laborious optical flow extraction', 'rgb input', 'optical flow', 'modeling temporal structure', 'novel approach', 'long distances', 'substantial performance enhancements', 'contextual data', 'differential extraction algorithm', 'seamless integration'] 

Reference 274: ['action recognition', 'spatio-temporal', 'temporal feature refinement extraction module', 'motion information', 'optical flow guided feature'] 

TOP-K 275: ['textureless-aware segmentation', 'textureless areas', 'textureless-aware segmentation method', '3d reconstruction', 'iterative correlation refinement', 'multi-view stereo', 'confidence estimator', 'edge detection', 'state-of-the-art results', 'large textureless regions', 'strong generalization capability', 'correlative refinement', 'reliable pixel correspondences', 'incorrect depth estimations', 'joint hypothesis'] 

Reference 275: ['multi-view stereo3d reconstruction', 'filtering', 'superpixel', 'segmentation'] 

TOP-K 276: ['human emotional experience', 'user comments', 'emotion', 'image aesthetics', 'emotion information', 'visual content', 'image emotion', 'image aesthetics perception', 'aesthetics', 'human subjective feelings', 'aesthetic representation learning', 'aesthetic learning', 'emotional semantic information', 'potential impact', 'intrinsic relationships'] 

Reference 276: ['image aesthetics assessment', 'multimodal learning', 'image emotion analysis'] 

TOP-K 277: ['collaba', 'dual-path modulated-interactive structure', 'specialized enhancer', 'naive time-consuming learning strategy', 'dual-path modulated-aggregated enhancer', 'multi-scale degradation removal branch', 'generative modulation priors', 'high-quality sharp images', 'low-resolution dark-light images', 'real-world benchmark datasets', 'low-light conditions', 'generative modulation', 'illuminance attention information', 'wide-ranging applicability', 'state-of-the-art approaches'] 

Reference 277: ['low-light image', 'bi-level optimization', 'image enhancement', 'deep learning'] 

TOP-K 278: ['angiosperm arabidopsis thaliana', ['myb-related transcription factors'], ['chloroplast biogenesis'], 'myb-related genes', 'chloroplast development', ['glk transcription factors'], 'liverwort marchantia polymorpha', 'photosynthesis gene expression', 'myb-related proteins', 'glk proteins', 'glk mutants', 'chlorophyll biosynthesis', 'co2 fixation', 'angiosperm', 'limited chloroplast development'] 

Reference 278: ['chloroplast biogenesis', 'photosynthesis', 'marchantia', 'arabidopsis', 'glk transcription factor', 'myb-related transcription factor'] 

TOP-K 279: ['cd19-targeting car-t cells', 'refractory immune-mediated necrotizing myopathy', 'car-t therapy', 'off-the-shelf car-t cells', 'b cell depletion', 'diffuse cutaneous systemic sclerosis', 'allograft rejection', 'cells', 'refractory autoimmune diseases tyu19', 'immune rejection', 'complete b cell depletion', 'refractory imnm tyu19', 'patient', 'extensive fibrotic damage', 'patients'] 

Reference 279: ['allogeneic car-t cellsautoimmune diseasessystemic sclerosismyositis', 'cd19'] 

TOP-K 280: ['non-neutralizing epitopes', 'rh5-specific monoclonal antibodies', ['rh5'], 'rh5-vaccine-induced responses', 'rh5 mabs', 'rh5-reactive b cells', 'malaria-exposed individuals', 'protective rh5-vaccine-induced antibody responses', 'malaria-naive uk individuals', 'immunoglobulin gresponses', 'next-generation rh5 vaccines', 'natural malaria infection', 'malaria-exposed malian individuals', 'rh5 malaria infection', 'epitope infection'] 

Reference 280: ['rh5', 'plasmodium falciparum', 'monoclonal antibodies', 'malaria', 'natural infection', 'vaccine design'] 

TOP-K 281: [['hcov-hku1'], ['tmprss2'], 'hcov-hku1c spike', 'sialoglycan', 'tmprss2 recognition', ['glycan receptor'], 'sialoglycan binding', ['proteinaceous receptor'], 'hcov-hku1 spike', 'rbd', 'viral spike', 'synergistic mechanism', 'binding assays', 'different receptors', 'insertion subdomain'] 

Reference 281: ['hcov-hku1', 'viral entry', 'tmprss2', 'proteinaceous receptor', 'glycan receptor'] 

TOP-K 282: ['wdr11-fam91a1 complex', 'human wdr11-fam91a1 complex', 'wdr11 complex assembly', 'clathrin-associated ap-1 complex', 'human wdr11-fam91a1 complex wdr11', 'cryo-em structure', 'sac-containing proteins', 'acidic clusters', ['neuronal development'], 'super acidic clusters', 'protein transport', 'cytoplasmic tails', 'proper neuronal development', 'sac motif'] 

Reference 282: ['vesicle trafficking', 'cargo selection', 'vesicle tethering', 'neuronal development', 'wdr11', 'ap-1'] 

TOP-K 283: ['ecm-mitochondria crosstalk', 'ecm remodeling', 'mitochondrial stress responses', 'ecm-to-mitochondria communication pathway', 'tgf-β signaling', 'mechanical-stress-induced ecm damage', 'hyaluronan degradation', 'tgf-β response', 'mitochondrial fission', 'mitochondrial homeostasis', 'ancient immune pathway', 'mitochondrial signaling', 'ecm-to-mitochondria communication ecm remodeling', 'organismal level', 'metabolic responses'] 

Reference 283: ['extracellular matrix', 'hyaluronan', 'tmem2', 'mitochondria', 'tgf-β', 'immunity'] 

TOP-K 284: ['nuclear rna life cycle', 'polya site usage', 'cpa regulators', 'rna life cycle', 'co-regulated polya sites', 'intronic polya sites', 'multiplexed perturbation screen dataset', 'regulatory complexes', 'polya site choice', 'transcriptome-wide inference', 'cis-regulatory code', 'perturbation-dependent changes', 'genetic perturbations', 'sequence features', 'perturbation response'] 

Reference 284: ['cleavage and polyadenylation', 'alternative polyadenylation', 'post-transcriptional regulation', 'perturb-seq', 'rna processing'] 

TOP-K 285: ['odor-specific chemotopic representation', 'glomerular rings', 'or70a-expressing sensory neurons', 'ring-shaped glomerular arrangement', 'two-photon functional imaging', 'multiplexed glomerular innervation pattern', 'ring-shaped odor code', 'spatial activation patterns', 'antennal lobe', 'unconventional spatial olfactory code', 'odor-coding pattern', 'ring-shaped odor-coding pattern', 'transgenic line', 'glomerular population', 'ecological significance'] 

Reference 285: ['locusta migratoriahemimetabolatwo-photon functional imagingchemotopyolfactory codingglomerular clusterantennal lobe'] 

TOP-K 286: ['mid-nanomolar potentiators', 'molecular docking', 'cftr modulators', 'cftr potentiator-binding site', 'suboptimal pharmacokinetics', 'large-scale molecular docking', 'high oral bioavailability', 'allosteric inhibitors', 'medicinal chemistry', ['inhibitors'], 'test ligands', 'structure-based optimization', 'potentiator site', 'candidate modulators', 'promising potentiator'] 

Reference 286: ['ligand discovery', 'anion channel', 'abc transporter', 'potentiators', 'inhibitors', 'large-scale docking'] 

TOP-K 287: ['prokaryotic genomes', ['machine learning'], 'prokaryotic amp sequences', 'antibiotic-resistance crisis', 'machine-learning-based approach', 'peptides', 'non-redundant peptides', 'ampsphere', ['global microbiome'], 'new antibiotics', 'host-associated habitats', ['antibiotic discovery'], 'open-access resource', 'genomic fragmentation', 'antimicrobial peptideswithin'] 

Reference 287: ['machine learning', 'metagenomics', 'antimicrobial peptides', 'antibiotic discovery', 'antimicrobial activity', 'global microbiome', 'antibiotic resistance'] 

TOP-K 288: ['progestins', 'sex hormones', ['eggerthella lenta'], 'metabo-regulatory steroids', ['21-dehydroxylation'], 'certain bacterial progestins', 'postpartum depression', 'homologous expression', 'host physiology', '21-dehydroxylation genes', 'fda-approved drug', 'abundant biliary corticoids', 'heterologous expression', 'progestins bacterial production', 'comparative genomics'] 

Reference 288: ['21-dehydroxylation', 'hydrogen gas', 'eggerthella lenta', 'neurosteroids'] 

TOP-K 289: ['vertebrate centromere biology', 'chromosome segregation', 'merotelic kinetochore-spindle attachments', 'centromere subdomains', 'core centromere chromatin', 'chromosomes', 'merotelic attachments', 'cancer cell divisions', 'cell division', 'centromere subdomain', 'faithful chromosome segregation', 'cancer cells', 'cohesin links', 'discrete microtubule bundle', 'two-domain structure'] 

Reference 289: ['mitosis', 'centromere', 'kinetochore', 'chromatin organization', 'condensin', 'cohesin', 'chromosomal instability'] 

TOP-K 290: [['c-crispr'], 'c-crispr-based ibc strategy', 'rat forebrain tissue', 'hesx1 deficiency', 'rat forebrain tissues', 'xenogeneic rat forebrain tissues', ['interspecies organogenesis'], 'rat forebrains', 'ibc strategy', 'rat-like transcriptome profiles', 'cross-species comparative analyses', 'forebrain agenesis', 'rat-specific gene expression', 'rat escs', 'mice'] 

Reference 290: ['interspecies chimeras', 'rat-mouse chimeras', 'interspecies blastocyst complementation', 'interspecies neural blastocyst complementation', 'interspecies forebrain blastocyst complementation', 'interspecies organogenesis', 'c-crispr'] 

TOP-K 291: ['human centriole', 'centriolar proteins', 'sub-structural elements', 'organelle assemblies', ['expansion microscopy'], 'centriole biogenesis steps.centriole biogenesis', 'human procentriole assembly', 'molecular architecture', ['time-series reconstruction'], 'centriole assembly dissection', 'centriolar proteins cluster analysis', '4d assembly', 'structural features', 'sub-structural elements modeling', 'protein distributions'] 

Reference 291: ['centrioles', 'expansion microscopy', 'super-resolution microscopy', 'centriole assembly', 'molecular mapping', 'time-series reconstruction', 'centriole duplication'] 

TOP-K 292: ['synapsin-clustered reserve pool condensate', 'synaptic vesicletransport', 'trk-fused gene', 'active zone protein condensate', 'active zone condensate', 'elks1 pclo', 'svs', ['phase separation'], 'vesicle tethering', 'different presynaptic bouton sub-compartments', 'sv transport', 'er-golgi intermediate compartment', 'directional vesicle transport', 'synaptic proteins', 'reserve pool condensate'] 

Reference 292: ['vesicle transport', 'vesicle trafficking', 'phase separation', 'synaptic vesicle cycling'] 

TOP-K 293: ['nf-κb-driven suicide gene', 'stt3a', 'stt3a-specific inhibitors', 'oligosaccharyltransferase complex ost-a', 'lps receptor toll-like receptor', 'ngi-1-resistant variants', 'nf-κb stt3a', 'cell-surface localization', ['n-glycosylation'], 'ost-a subunit stt3a', 'catalytic subunit', 'uncompetitive inhibition mechanism', 'whole-genome crispr-cas9 screens', 'lps-treated cells', 'stt3a ngi-1'] 

Reference 293: ['oligosaccharyltransferase', 'n-glycosylation', 'inhibition mechanism', 'nf-κb', 'crispr screening', 'toll-like receptors'] 

TOP-K 294: ['itpripl1-cd3ε interaction', ['cd3ε'], 'itpripl1 extracellular domain', 'cd3ε ligand', 'immune-privileged testis', 'zap70 phosphorylation', 'tcr-cd3 complex signaling itpripl1', 'tumor microenvironment', 'mouse models', 'itpripl1 functions', 'inhibitory ligand', 'multiple tumor types', 'cells', 'various solid tumor types', 'itpripl1 restrained tumor growth'] 

Reference 294: ['cd3ε', 'itpripl1', 'immune checkpoint', 'immune evasion', 'cancer immunotherapy'] 

TOP-K 295: ['cholesterol metabolism', 'oscillibacter genus', 'cholesterol-metabolizing enzymes', 'cholesterol-metabolizing capabilities', 'cvd oscillibacter species', 'molecular networking', 'cholesterol enzymes', 'diverse oscillibacter spp', 'multi-omic profiling', 'plasma cholesterol levels', 'microbial pathways', 'functional prediction', 'integrated analysis', 'products oscillibacter species', 'stool cholesterol homology searches'] 

Reference 295: ['cardiovascular disease', 'microbiome', 'metabolome', 'cholesterol', 'oscillibacter'] 

TOP-K 296: ['type', 'neuronal engulfment', ['microglia'], 'dna-damaged neurons', 'ifn-i deficiency', 'ifn-i', 'brain pathology ifn-i-responsive microglia', 'ifn-i receptor', 'phagolysosomal dysfunction', 'interferon', 'nuclear dna damage', 'excess cortical excitatory neurons', 'microglial-specific loss', 'excitatory/inhibitory imbalance', 'cortical development ifn-i deficiency'] 

Reference 296: ['type i interferon', 'microglia', 'neuroimmunity', 'phagocytosis', 'somatosensory cortex', 'cortical development', 'tactile hypersensitivity'] 

TOP-K 297: ['hrx215', 'first-in-class small-molecule-based mkk4 inhibitor', 'liver transplantation', 'extensive oncological liver resections', 'liver disease mouse models', 'hepatocyte regeneration', 'hepatectomy', 'extended liver resections', 'clinical trials', ['liver failure'], 'end-stage liver', ['liver regeneration'], 'excellent pharmacokinetics', 'chronic liver diseases', 'pigs'] 

Reference 297: ['liver', 'liver regeneration', 'liver failure', 'partial hepatectomy', 'mkk4', 'drug discovery and development', 'first-in-human phase i trial'] 

TOP-K 298: [['ghmyb33'], 'mir319c-myb33 module', 'cotton mir319c-myb33 module', 'della protein ghgai1', 'verticillium dahliae infection', 'ghmyb33 expression', 'ghspl9', 'plant resistance', 'internode elongation', 'specific cis-elements', 'ghspl9 promoter', 'plant growth', 'ghdfr1 transcription', 'hub protein', 'ghdfr1 promoters'] 

Reference 298: ['ghmyb33', 'ghr-mir319c', 'trade-off', 'gossypium hirsutum', 'verticillium dahliae'] 

TOP-K 299: ['triticeae-specific tacipk17 duplicates', 'igg analysis', ['cipks'], 'triticeae-specific tacipk', 'transgenic plants', 'drought tolerance', 'cbl genes', 'triticeae-specific cipk', 'igg method', 'monocot species', 'wheat', 'stoichiometric balance', 'functional validation', 'orthologous relationship', 'transgenic approaches'] 

Reference 299: ['integrative gene duplication and genome-wide analysis', 'evolutionary expansion', 'reverse genetics', 'triticeae species', 'cbl', 'cipk'] 

TOP-K 300: ['wheat dwarf india virus', ['genome editing'], ['wdiv'], 'high-throughput genome editing', 'first geminivirus', 'infected wheat', 'tissue culture-free genome editing', 'wheat', 'viral vector', 'reverse genetics', 'oat', 'virus genome', 'corn', 'broad host range', 'study'] 

Reference 300: ['wdiv', 'aylcb', 'monocot-dicot barrier', 'gene silencing', 'genome editing'] 

TOP-K 301: [['nestin'], 'nestin expression', 'multilineage stem/progenitor cells', 'tissue development', 'tissue regeneration', 'pathological processes', 'potential', 'current studies', 'distribution', 'tissue regeneration processes', 'key scientific concepts', 'current findings', 'cells', 'regulation', 'potential clinical implications'] 

Reference 301: ['intermediate filament proteins', 'nestin', 'stem cells', 'progenitor cells', 'biomarkers'] 

TOP-K 302: [['diabetic cardiomyopathy'], 'triad3a', 'tlr9', 'toll-like receptor 9signaling pathway', 'k48-linked ubiquitination', 'triad3a expression', 'cardiac-specific tlr9 overexpression', 'canonical inflammatory signaling', 'glucose uptake', 'tlr9 activity', 'proteasomal degradation', 'diabetic cardiac damage', 'diabetic cardiomyopathyand', 'diabetes heart', 'novel therapeutic strategies'] 

Reference 302: ['diabetic cardiomyopathy', 'toll-like receptor 9triad3a', 'ubiquitination', 'mitochondrial bioenergetics'] 

TOP-K 303: [['salmonella'], 'anti-cancer salmonella', 'clya', 'recurrent salmonella inoculation', 'o-antigen deficiency', 'clya expression', 'immunohistochemical staining', 'qs-controlled tumor-specific expression', 'qs-controlled expression', 'salmonella strain', 'qs signaling', 'auxotrophic salmonella', 'anti-tumor effect', 'qs activation', 'low endotoxicity'] 

Reference 303: ['salmonella', 'tumoricidal activity', 'reduced endotoxicity', 'tryptophan auxotroph', 'cytolysin a', 'quorum sensing'] 

TOP-K 304: ['af', 'dedifferentiated cardiomyocytes', 'single-nuclei rna-sequenciganalysis', 'tissue remodeling', 'vascular remodeling pathway', 'af patients', 'left atrial appendage', 'extracellular matrix', 'vascular remodeling signals', 'extracellular-matrix related genes', 'm2-like macrophages', 'intercellular communication', 'cardiac contractile proteinsand', 'stress transcription factors', 'genes sorbs2'] 

Reference 304: ['atrial fibrillation', 'single-nuclei rna-sequencing', 'cardiomyocyte dedifferentiation', 'epicardial adipose tissue', 'left atrial appendage remodeling'] 

TOP-K 305: ['astrocytes', 'mitochondrial damage', 'lcacs', 'astrocytic mitochondrial damage', 'astrocytic mitochondrial dysfunction', 'carnitine palmitoyltransferase', 'neuronal damage', 'ais', 'ffas', 'stroke injury', 'mitochondria', 'prognostic biomarkers', 'astrocytic metabolic support', ['lipid droplets'], 'conclusion lcacs'] 

Reference 305: ['long-chain acylcarnitine', 'ischemic stroke', 'biomarker', 'astrocytic mitochondrial', 'lipid droplet'] 

TOP-K 306: [['liver metastasis'], 'lm immunotolerance', 'lm common immune featurescore', 'common tumor environment immunotolerance', 'rna sequencing data', 'novel lmcif score', 'liver metastasis common features', 'low immune cells expression', 'metastatic cancers', 'prognosis', 'clinical disease management', 'immune cells', 'immunotherapy response', 'cancer types', 'patients'] 

Reference 306: ['liver metastasis', 'pan-cancer', 'immunotolerance', 'immunotherapy', 'krt19'] 

TOP-K 307: [['mettl3'], 'escc tumorigenesis', 'mettl3 overexpression', 'c-myc mrna methylation', 'escc', 'mettl3 expression', 'mettl3/myc axis', 'fn', 'escc tissues', 'escc proliferation', 'mrna stability', 'escc cells proliferation', 'metastasis', 'brca cells', 'increase mettl3 expression'] 

Reference 307: ['fusobacterium nucleatum', 'mettl3', 'm6a methylation', 'c-myc', 'esophageal squamous cell carcinoma'] 

TOP-K 308: ['plasma n-glycoproteome analysis', 'plasma glycoproteomics', ['glycoproteomics'], 'glycoprotein biomarkers', 'site-specific glycosylation changes', 'protein n-glycosylation pathway', 'glycosylation changes', 'plasma n-glycoproteomics', 'biomarker applications', 'well-defined glycosylation pathways', 'chemometric analyses', 'glycobiological mechanisms', 'glycobiology processes', ['blood plasma'], 'human disease'] 

Reference 308: ['glycosylation', 'glycoproteomics', 'blood plasma', 'congenital disorders of glycosylation', 'clinical applications'] 

TOP-K 309: ['alkbh5/erbb4', 'cardiac fibroblasts', ['alkbh5'], 'erbb4 mrna demethylation', 'hypoxic fibroblasts', 'erbb4 mrna', 'post-mi cardiac rupture', 'infarct repair', 'post-mi healing', ['cardiac rupture'], 'alkbh5 expression', 'fibroblast activation', 'deteriorated cardiac function', 'potential therapeutic targets', 'post-mi repair phase'] 

Reference 309: ['m6a modification', 'alkbh5', 'myocardial infarction', 'cardiac rupture', 'hypoxia', 'erbb4'] 

TOP-K 310: [['pcsk9'], 'cia rats', 'rheumatoid arthritis rats', 'm1 macrophages polarization', 'af', 'atrial structural remodeling', 'collagen-induced arthritis rats', 'elevated pcsk9', 'ra patients', 'af risk', 'cardiac fibroblasts', 'cardiac myocytes', 'level', 'enhancement'] 

Reference 310: ['rheumatoid arthritis', 'atrial fibrillation', 'pcsk9', 'evolocumab'] 

TOP-K 311: [['enteric fungi'], 'iir injury', 'gsdmd cleavage', 'gsdmd-mediated pyroptosis', 'fungi', 'intestinal morphology', 'intestinal epithelial cells', 'fungal colonization', 'macrophages', 'mannan supplementation', 'saa1 expression', 'enteric fungi diversity', ['mannan'], 'macrophage involvement', 'single-fungal strains'] 

Reference 311: ['enteric fungi', 'intestinal ischemia–reperfusion injury', 'mannan', 'antifungal therapy', 'pyroptosis'] 

TOP-K 312: ['nuclear trim32', 'cdk2/trim32/stat3 pathway', 'tc45-dephosphorylated stat3', 'tnbc', 'radiotherapy', ['radioresistance'], ['triple-negative breast cancer'], ['cdk2'], 'tnbc therapy', ['nuclear translocation'], 'cdk2-dependent phosphorylation', 'cis-trans isomerization', ['trim32'], 'importin α3 binding', 'serines'] 

Reference 312: ['cdk2', 'trim32', 'nuclear translocation', 'radioresistance', 'triple-negative breast cancer'] 

TOP-K 313: ['n', 'lugens', 'virulent/resistant genotypes', 'lugens population', 'imidacloprid-resistant n', 'nicotinic acetylcholine receptor', 'avirulent/susceptible genotype', 'resistant rice ir36', 'p450 cyp4c61', ['insecticide resistance'], 'virulence', 'insecticide resistance-related genes', 'cyp4c61', 'resistant rice', 'china'] 

Reference 313: ['evolution', 'insecticide resistance', 'insect-resistant rice', 'interaction', 'population genetic structure'] 

TOP-K 314: ['fumonisins contamination', 'fums contamination', 'fums management', 'post-harvest strategies', 'biotechnological approaches', 'prevention', ['decontamination'], 'post-harvest management', 'major mitigation strategies', 'significant economic losses', 'several available strategies', 'mechanisms', 'major strategies', 'potential applications', 'key scientific concepts'] 

Reference 314: ['mycotoxins', 'fumonisins', 'control strategies', 'food safety', 'decontamination', 'biotechnology'] 

TOP-K 315: [['psychological stress'], ['gut microbiome'], 'gaba-producing probiotics', 'αkg/tet2/pparγ axis', 'stress-exacerbated viral pneumonia', 'gaba-conditioned ams', 'ams homeostasis', 'microbiome-derived tonic signaling', 'microbial gaba', 'microbiome depletion', 'pulmonary αkg level', 'gaba-metabolizing bacteria', 'gut microbiome transplantation', 'disturbing gut microbiome', ['respiratory viral infections']] 

Reference 315: ['psychological stress', 'gut microbiome', 'alveolar macrophages', 'gaba', 'respiratory viral infection'] 

TOP-K 316: ['heligmosomoides polygyrus/bakeri', 'new thiosemicarbazide', 'anthelmintic activity', 'anthelmintic activity tests', 'pathogenic nematode species', 'cyp450 enzymes', 'ii-1', 'sdh enzyme', '1,2,4-triazole derivatives', 'compound ii-1', 'test compound', 'parasitic diseases', 'potential molecular targets', 'systemic toxicity', 'compound'] 

Reference 316: ['anthelmintic therapy', 'nematicidal compounds', 'rhabditis sp.haemonchus contortus', 'strongylidae sp.heligmosomoides polygyrus/bakeri'] 

TOP-K 317: ['cerk-derived c1p', 'hape', 'exogenous c1p treatment', 'exogenous c1p', ['mitochondrial dynamics'], 'mitochondrial damage', 'mitophagy defects', 'arntl degradation', 'cerk inhibition', ['circadian rhythms'], 'oxidative stress', 'relieved hape', ['circadian rhythm'], 'arntl autophagic degradation', 'protective effect'] 

Reference 317: ['ceramide-1-phosphate', 'hypoxia', 'pulmonary edema', 'circadian rhythm', 'mitochondrial dynamics'] 

TOP-K 318: ['quinoline-based photoinitiators', 'quinoline photoinitiators', 'udma-based resins polymerization', 'hydroxyl-containing quinoline', 'photopolymerization process', 'photoinitiator materials', 'udma', 'methacrylate group', 'type', ['quinoline derivative'], 'qnma photoinitiators', ['fluorescent polymers'], 'efficient photopolymerization', 'dft-based approach', 'rigid udma polymers'] 

Reference 318: ['quinoline derivatives', 'photoinitiator', 'photopolymerization', 'fluorescent polymers', 'density functional theory'] 

TOP-K 319: ['lignocellulosic biomass', 'broussonetia papyrifera bark', 'lignocellulosic biomass materials', 'bpbs', 'woody materials', 'oad hydrolysis', 'lcn', 'pure oxalic acid dihydrate', 'unpretreated bpbs', 'bpb', 'oad hydrolysis treatment', 'oad', 'preferred lignocellulosic biomass', 'specific supramolecular structure', 'lignocellulosic biomasswere'] 

Reference 319: ['broussonetia papyrifera', 'cellulose', 'lignin-containing nanocellulose', 'oxalic acid dehydrate'] 

TOP-K 320: ['high-performance flame retardant materials', 'high performance ptlcp fibers', 'flame retardant properties', 'synergistic flame retardant mechanism', '6-hydroxy-2-naphthenic acid', 'as-spun fibers', 'polymeric fibers', 'low sdr', 'condensed phase', 'as-spun fiber', 'terephthalic acidand', 'excellent flame retardance', 'maximum tensile strength', 'good thermal stability', ['mechanical properties']] 

Reference 320: ['phosphorus-containing polymer', 'thermotropic liquid crystal copolyester', 'fiber', 'flame retardancy', 'mechanical property'] 

TOP-K 321: ['novel in-memory computing paradigm', 'high-performance polymer memristors', 'brainoid intelligence', 'novel poly cyclopentadithiophene-alt-thiophene', 'long-term potentiation/plasticity transition', 'ptt-br film', 'excellent nonvolatile memristive performance', 'short-term synaptic plasticity', 'human memory', 'low power consumption', 'analog-type switching behaviors', 'ferrocene moieties', 'as-fabricated electronic device', 'ito electrodes', 'redox activity'] 

Reference 321: ['cyclopentadithiophene', 'conjugated polymer', 'artificial synapses', 'dual information encryption'] 

TOP-K 322: ['3d-printed biomimetic scaffolds', 'osteochondral regeneration', 'biomimetic osteochondral scaffold', ['osteochondral repair'], '3d printing ink', 'tissue regeneration', 'sustained-release bmp-2 hydrogel system', 'bmp-2 interaction', 'osteochondral scaffold', '3d-printed scaffold', 'hydrogel scaffolds', 'bilayer scaffolds', 'significant tissue repair effects', 'sustained-release bmp-2 system', 'outstanding sustained release efficacy'] 

Reference 322: ['biomimetic scaffold3d printing', 'composite crosslinking', 'osteochondral repair', 'sustained release system, bmp-2'] 

TOP-K 323: ['tung oil polyol', ['tung oil'], 'biomass-based resins', 'wood coatings', 'isophorone diisocyanate', 'photocuring properties', 'petroleum-based resins', 'environmental friendliness', 'excellent mechanical properties', 'excellent resin mechanical properties', 'acrylic ester', 'oil proof performance', 'volatile solvents', 'wooden products', 'resin'] 

Reference 323: ['tung oil', 'polyurethane resin', 'uv photocuring'] 

TOP-K 324: ['balsa wood', 'atrp polymerisation', 'atom transfer radical polymerizationmethod', 'hydrophobic wood', 'water contact angle', 'cost-effective insulation material', 'long-term hydrophobic stability', 'exceptional hydrophobicity', 'natural texture', ['thermal insulation'], 'biomaterials.balsa wood', 'innovative technique', 'stable hydrophobicity', 'inherent hydrophilicity', 'wood surfaces'] 

Reference 324: ['wood', 'arget-atrp', 'hydrophobic', 'thermal insulation'] 

TOP-K 325: ['thermoresponsive molecular bottlebrushes', 'oeg', 'n-alkyl blocks', 'oeg-containing molecular polymer bottlebrushes', 'amphiphilic characterization', 'oligoethylene glycol', 'molecular brushes', 'quantitative amphiphilic characteristics', 'tpt', 'oligopropylene glycol', 'polymers', ['phase transition temperatures'], 'macromolecules', ['correlations'], 'davis group number method'] 

Reference 325: ['oligomethacrylate', 'thermoresponsive polymer', 'phase transition temperature', 'hydrophilic-lipophilic balance', 'correlation'] 

TOP-K 326: ['gelma hydrogels', 'gelma hydrogel properties', 'dmn', 'uv-curable bioprinting', 'dmn theory', 'biomedical versatility', 'molecular network density', 'cellular microenvironments', 'tissue engineering', 'gelma applications', 'dmn impact', 'material properties', 'customizable gelma', 'specific tissue engineering', 'molecular network'] 

Reference 326: ['gel', 'ma hydrogel', 'biomedical application', 'biomaterials'] 

TOP-K 327: [['ring-opening copolymerization'], 'cdc', 'cyclic anhydride', 'ring-opening copolymerizationof epoxides', 'self-switchable polymerization', 'cyclic anhydrides', 'diblock copolyester', 'single-component organic initiator', 'bio-based monomers', 'diffusion-ordered spectroscopy', 'one-pot synthesis', 'self-switchable polymerizationin', 'terpolymer product', 'monomers', 'thermal gravimetric analysis'] 

Reference 327: ['carbodicarbene', 'ring-opening copolymerization', 'polyester', 'bio-based polymer', 'terpolymer'] 

TOP-K 328: ['superhydrophobic surface coating', 'lta-zeolite-coated pdms surface', 'microfluidic chip fabrication', 'superhydrophobic surface', 'linde type azeolite crystals', 'contact angle hysteresis', 'self-cleaning coatings', 'pdms', 'water vapor barriers', 'silane coupling', 'superhydrophobic behavior', 'excellent self-cleaning properties', 'superhydrophobic state', 'hierarchical surface roughness', 'contact angle'] 

Reference 328: ['lta zeolite film', 'self-cleaning', 'superhydrophobic coating', 'surface roughness'] 

TOP-K 329: ['nanocomposite hydrogels', ['biomedical applications'], 'hydrogels', 'polymeric hydrogels', 'various biomedical applications', 'cell transplantation', 'endogenous regeneration', '2d nanomaterialsinto', 'multifunctional applications', 'drug delivery', 'tissue engineering', 'basic structure', 'future prospects', 'future outlooks', 'structural modification'] 

Reference 329: ['two-dimensional materials', 'polymers', 'composite hydrogels', 'molybdenum disulfide', 'phosphorene', 'biomedical applications'] 

TOP-K 330: ['self-strengthening polymers', 'preparation methods', 'self-strengthening polymeric materials', 'self-strengthening materials', 'self-strengthening polymer', 'mechanophore groups', 'free radical polymerization', 'activation mechanisms', 'mechanical forces', 'potential research directions', 'self-strengthening response', 'activation mechanism', 'material properties', 'extensive research interests', 'fracture defects'] 

Reference 330: ['mechanochemistry', 'strengthening', 'in situ crosslinking', 'force-responsive polymers', 'stimuli-responsive polymers'] 

TOP-K 331: ['capeo hemostatic powder', ['capeo'], 'epidermal regeneration', 'low-temperature plasma irradiationtechnique', 'excellent hydrophilicity', 'skin wound repair', ['wound healing'], 'rat skin wound model', 'collagen deposition', 'hemostatic material', 'great cytocompatibility', 'hemostatic ability', 'substantial blood loss', 'clinical practice', 'wound healing scenarios'] 

Reference 331: ['low-temperature plasma irradiation', 'capeo', 'hemostasis', 'wound healing'] 

TOP-K 332: ['petro-based isocyanatemonomers', 'nipurea', 'low particle-size waterborne dispersions', ['waterborne dispersions'], 'reactive acrylate moieties', 'novel bio-based non-isocyanate polyurea', 'acrylate hybrids', 'bio-based non-isocyanate poly', 'efficient acrylate incorporation', 'amphiphilic nipurea-peg hybrids', 'safe aza-michael modification', 'sustainable coatings', 'uv light', 'ethylene glycol', 'diacrylatevia aza-michael reaction'] 

Reference 332: ['bio-based', 'non-isocyanate polyurea', 'waterborne dispersion', 'amphiphilic copolymers', 'uv curable'] 

TOP-K 333: ['polyfunctional nanomaterials', 'conjugate electrospinning', 'fe3o4 nps', 'hetero-structured nfys', 'conjugate electro-spinning technique', 'tunable color photoluminescence', 'nfys', ['superparamagnetism'], 'color-tunable luminescence', 'hetero-structured nanofiber yarnswith', 'multifunctional composite materials', 'hetero-structured nanofiber yarnsis', 'dual-functional capability', 'preparative technique', 'wide color range'] 

Reference 333: ['hetero-structured nanofiber yarn', 'conjugate electro-spinning', 'photoluminescence', 'superparamagnetism', 'bifunctionality'] 

TOP-K 334: ['conductive polymer hydrogels', 'pyridine-4-boronic acid derivatives', 'polyvinyl alcohol', 'hydrogel sensors', 'dual-network flexible hydrogel', 'polymer hydrogel', 'health care monitoring', 'hydrogel', 'soft robots', 'simple one-pot method', 'good ionic conductivity', 'strain-induced resistance change', 'excellent stretchability', 'reasonable self-healing efficiency', 'ultra-high toughness'] 

Reference 334: ['borate ester bond', 'double network hydrogel', 'conductive', 'anti-freezing'] 

TOP-K 335: [['emulsion templating polymerization'], '3d-interconnected quinizarin-functionalized macroporous monoliths', 'innovative photo-bactericidal macroporous polymers', 'quinizarin photosensitizer', 'qma-functionalized polyhipes', 'photo-bactericidal quinizarin-based membranes', 'quinizarin-containing polyhipes', 'quinizarin-based porous membranes', 'antibacterial porous polymers', ['porous monoliths'], 'macroporous materials', 'visible light irradiation', 'singlet oxygen', 'bactericidal singlet oxygen', 'membranes'] 

Reference 335: ['emulsion templating polymerization', 'porous monolith', 'porous membrane', 'photo-generation of singlet oxygen', 'antibacterial properties', 'quinizarin'] 

TOP-K 336: ['lithium metal batteries', ['solid polymer electrolytes'], ['ionic conductivity'], 'ethylene oxide', ['solid polymer electrolyte'], 'high-safety battery systems', 'polymer electrolyte', 'dendrite formation', 'eco-friendly method', 'non-flammable properties', 'copolymers', 'new polymers', 'energy density', 'novel polyimide-poly', 'lithium metal'] 

Reference 336: ['solid polymer electrolyte', 'peo', 'polyimide', 'ionic conductivity'] 

TOP-K 337: ['halogen-based triphenylamine oxime esters', 'triphenylamine oxime ester type', 'iodine-containing oxime ester', 'halogen-substituent effects', 'triphenylamine-derived oxime esters', 'halogen-free oxime ester', 'commercial oxime ester oxe-01', 'tpas', 'light harvesting', ['halogens'], 'tpas-based formulations', 'photopolymerization ability', 'tpa-i', '3d-prinited capability', 'excellent visible-light'] 

Reference 337: ['visible-light absorbing', 'free radical polymerization', 'halogen', 'triphenylamine', 'oxime ester', 'type i photoinitiator'] 

TOP-K 338: ['multi-scale structure regulation', 'sluggish air-charging process', 'arazibs', 'wide-temperature-range air-charging applications', 'ultrafast air-charging speed', 'air-charging mechanism', 'air-charging process', 'crystal/electronic structure', 'cp', 'hvo @g', 'energy stimulation', 'practical applications', 'additional additives'] 

Reference 338: ['air-rechargeable aqueous zinc-ion batteries', ' sluggish air-charging processoxygen-reduction-reactioncharge releasemulti-scale structure regulation'] 

TOP-K 339: [['polymer electrolyte'], 'next-generation rechargeable batteries', 'sluggish ion transport kinetics', 'developed polymer electrolyte', 'li-metal battery', 'stable li-metal anode', 'quasi-solid polymer lmbs', 'solid-state lithium-metal batteriesin', 'wide-temperature operable batteries', 'ionic conductive', 'polyethylene glycol', 'low-temperature tolerance', 'high energy density', 'low-melting solventor ethyl difluoroacetate', 'solid-state battery'] 

Reference 339: ['lithium metal batteries', 'polymer electrolytes', 'wide-temperature batteries', 'lithium dendrites', 'ion transport kinetics'] 

TOP-K 340: ['fe-cu dual-metal single-atom catalyst', 'fecu dual-metal single-atom catalysts', 'advanced electrochemical energy devices', ['rechargeable zinc-air battery'], 'bifunctional metal atom-based catalysts', 'asymmetric heteroatom coordination', 'heteronuclear active sites', 'bimetallic active sites', 'superior oxygen catalysis performance', 'orr/oer activity', 'small overpotential gap', 'fe-n6', 'metal atom', 'high peak power density', 'resultant fecu-dsas/nsc displays'] 

Reference 340: ['dual-metal single-atom', 'fe', 'cu-ds', 'as/nsc', 'bifunctional catalytic performance', 'rechargeable zinc-air batteries'] 

TOP-K 341: ['efficient solid-solid catalysis', 'moc1-x/nc-li 2c2o4', 'scalable spray-dried strategy', 'moc1-x/nc-li 2c2o4 composites', 'defect-rich nano-moc1-x', 'homogeneous microspheres', 'nc catalysis', 'significant application potential', 'mah g', 'mah g −', 'activation potential', 'specific capacity', 'sei structural stability', 'sufficient active lithium', 'low ratio'] 

Reference 341: ['lithium oxalate', 'molybdenum carbide', 'prelithiation', 'spray-drying', 'lithium-ion battery'] 

TOP-K 342: ['pd-doped double perovskite', 'pd-doped double perovskite powder', 'phase-pure pd-doped double perovskite', 'pd doping', 'r-pcecs', 'x-ray photoelectron spectroscopy', 'pbccpd air electrodes', 'electrical conductivity relaxation', ['air electrode'], 'electrochemical impedance spectra', 'electrocatalytic activity', 'electrolysis cells', 'oxygen vacancy', 'reasonable faradaic efficiency', 'fuel cell'] 

Reference 342: ['reversible protonic ceramic electrochemical cells', 'air electrodes', 'palladium doping', 'oxygen reduction reactions', 'water oxidation reactions'] 

TOP-K 343: ['3d ti3c2tx film', 'ti3c2tx film', 'unique 3d isotropic architecture', 'advanced energy storage application', 'scalable film-forming process', 'carbon sodium-ion hybrid capacitor', 'well-designed three-dimensionalti3c2tx film', 'film-forming methods', 'sub-zero temperatures', 'anode side', 'ion transport', 'diverse pore structures', 'porous structures', 'solution design', 'electron conduction'] 

Reference 343: ['ti3c2tx m', 'xene', 'sodium-ion storage', 'free-standing electrode', 'isotropic porous structure', 'minimized polarization'] 

TOP-K 344: ['znso4 electrolyte', 'cmc-na', 'cmc-na molecules', 'znso4', 'zn', 'electrode-electrolyte interface', 'zn dendrites', 'molecular dynamics simulations', 'zn cells', 'single bondoh', 'molecular dynamics', 'density functional theory calculations', 'hydrogen bonding network', 'organic molecules', 'zn2'] 

Reference 344: ['sodium carboxymethyl cellulose', 'electrolyte additive', 'zn deposition', 'zn ion capacitors'] 

TOP-K 345: ['high-performance li-co2 battery', ['li-co2 battery'], 'rechargeable li-co2 battery', 'single-atom copper', ['nitrogen-doped graphene'], 'cu-n4', 'cu-n4 sites', 'copper catalyst', 'nucleation decomposition process', 'surface single-atom copper', 'cu-n4 configuration', 'easy freeze-drying', 'superior catalytic activity', 'discharge product formation', 'decomposition barrier'] 

Reference 345: ['single-atom cu catalyst', 'nitrogen-doped graphene', 'high capacity', 'long life', 'li-co2 battery'] 

TOP-K 346: ['qse', 'electrochemical energy storage', ['quasi-solid-state electrolytes'], 'li-metal batteries', 'original qse', 'structural qse', 'li symmetric cells', 'uv curing', 'advanced electrolyte materials', 'robust nanofiber network', 'qse flame retardant', 'deep space', ['flame retardant'], 'polar exploration', 'high ions salt concentration'] 

Reference 346: ['antifreeze', 'flame retardant', 'hydrogel', 'quasi-solid-state electrolyte', 'electrospinning'] 

TOP-K 347: ['sodium-ion hybrid energy storages', 'heteroatom-induced ion-accessible defects/mesopores', 'iron-based metal-organic framework', 'koh-assisted mesopore formations', 'fs/c/g anode', 'n-rich graphitic carbon networks', 'high-capacity/high-rate cathode material', 'o-induced micropores/n-rich sites', 'o-induced micropores', 'heteroatom-induced defects/mesopores', 'zdpc cathode electrodes', 'high-capacity/high-rate fs/c/g performance', 'zif-derived porous carbonhas', 'graphene oxide heterostructures', 'high capacity'] 

Reference 347: ['low-crystallinity conductive multivalence iron sulfide-embedded s-doped carbon/graphene heterostructure anode', ' high-surface area o-doped carbon cathode3d porous n-rich graphitic carbon frameworks', ' operando analysis', ' ultrahigh energy density and fast-rechargeable sodium-ion hybrid energy storages'] 

TOP-K 348: ['pvdf/lino3 prefabrication layer', 'lino3', 'carbonate/ether electrolyte', 'ether/carbonate electrolyte', 'decomposition kinetics', 'high load ncm811battery', 'solid lino3', 'carbonate electrolyte', 'li', 'li metal surface', 'conductive li3n', 'ion conducive components', ['short-range compensation'], 'uniform pvdf/lino3prefabricated layer', 'li battery'] 

Reference 348: ['carbonate-based electrolyte', 'short-range compensation', 'lithium nitrate', 'solid-electrolyte-interphase', 'li-metal battery'] 

TOP-K 349: ['composite quasi-solid electrolytes', 'solid-state electrolyte applications', 'polymer matrix materials', 'multi-phase synergistic mechanism', 'composite electrolytes', 'liquid plasticizers', 'safe porous composite framework', 'electrochemical properties', 'excellent electrochemical properties', 'li', 'conductive polymer', 'unsafe polymer matrix', 'ceramic powder', 'safety performance', 'dendrite growth'] 

Reference 349: ['multi-phase synergistic', 'fireproof', 'solid-state electrolyte', 'li-metal battery'] 

TOP-K 350: ['high-voltage solid polymer electrolyte', 'inorganic electrolytes', 'composite solid electrolytes', 'high-voltage electrolytes', 'electrolyte/electrode contact', 'high-energy lithium metal batteries', 'electrolyte', 'polymer manufacturing methods', 'high-voltage spe', 'molecular interactions', 'polymer matrix', 'energy density', 'continual pe disintegration', 'various functional units', 'various strategies'] 

Reference 350: ['li metal anode', 'dendrites', 'solid polymer electrolyte', 'li metal batteries', 'sei film'] 

TOP-K 351: [['ni-rich layered cathodes'], 'ni-rich cathodes', 'surface structural degradation', 'microstructural engineering', 'surface stabilization', ['surface degradation'], 'structural degradation', 'performance limitations', 'future research directions', ['mechanical failure'], 'compositional optimization', 'thermal stability', 'commercial applications', 'practical application', 'structural stability'] 

Reference 351: ['lithium-ion batteries', 'ni-rich layered cathodes', 'surface degradation', 'mechanical failure', 'stabilization strategies'] 

TOP-K 352: ['mxenes', 'various mxenes', '2d transition metal carbides', 'next-generation mxene electrode materials', '2d mxenes', 'lewis acid molten salttechnique', 'lams technique', 'recent progress', 'metal-ion batteries', 'present technological challenges', 'energy storage', 'metal-ion battery', 'energy storage applications', 'conventional synthesis methods', 'supercapacitor applications'] 

Reference 352: ['m', 'xenes', 'lewis acid molten salt', 'batteries', 'supercapacitors'] 

TOP-K 353: ['electrochemical energy-storage devices', 'energy storage technologies', 'energy storage applications', 'synthesis strategies', 'covalent organic frameworksand', 'structural design', 'cofs', 'symbiotic relationship', 'synthesis methods', 'cof-based materials', 'design strategies', 'electrochemical performance', 'materials science', 'energy storage mechanisms', 'covalent organic frameworkshave'] 

Reference 353: ['porous organic framework', 'nanoparticles', 'covalent organic frameworks', 'in-situ synthesis', 'energy storage'] 

TOP-K 354: [['manganese oxides'], 'mn-based cathodes', 'mn-based electrode interfaces', 'practical zibs implementation ideas', 'different manganese oxides', 'high theoretical capacity', 'relevant interfacial engineering strategies', 'cathode interfacial studies', 'energy storage performance', 'future interfacial studies', 'cathode materials', 'better-performing cathodes', 'interfacial modification strategies', 'interfacial reactions', 'attractive cost efficiency'] 

Reference 354: ['rechargeable batteries', 'aqueous zinc ion batteries', 'manganese oxides', 'manganese-based cathodes', 'interfacial engineering'] 

TOP-K 355: ['advanced flexible electrodes', 'rapid ion/electron diffusion capabilities', 'inorganic solid electrolytes', 'solid-state electrolytes', ['solid electrolytes'], 'flexible polymer electrolytes', 'flexible electrodes', 'polymer electrolytes', 'mxene-based materials', 'flexible pesds', 'high energy density', ['flexible electrode materials'], 'development', 'robust mechanical stability', 'flexible components'] 

Reference 355: ['potassium ion-based batteries', 'flexible energy storage devices', 'flexible electrode materials', 'solid electrolytes'] 

TOP-K 356: ['salt caverns', 'salt cavern energy storagetechnologies', 'salt cavern', 'natural gas', 'carbon dioxide storage', 'caes', 'large-scale hydrogen storage', 'gas storage', 'carbon storage', 'low grade salt formations', 'temporary carbon dioxide storage', 'hydrogen storage', 'oil storage', 'carbon dioxide storage model', 'future plans'] 

Reference 356: ['underground salt caverns', 'large-scale energy storage', 'renewable energy', 'solution mining', 'cavern construction', 'carbon cycle'] 

TOP-K 357: ['li/lifepo4 solid-state batteries', 'lithium montmorillonitelayer', 'li/ncm523 cells', 'li/lifepo4 pouch cell', 'superior li-mpse electrolyte', 'bifunctional li-mmt', 'li', 'solid-state li/lifepo4', 'superhigh ionic conductivity', 'vinyl ethylene carbonate-based electrolyte', 'impressive electrochemical performance', 'aggregated anion coordination', 'promising battery systems', 'superior electrolyte', 'high energy density'] 

Reference 357: ['vertically-aligned composite solid electrolyte', 'dual li+ transportation channels', 'superionic conductivity', 'solvation environment', 'solid-state lithium-metal battery'] 

TOP-K 358: ['centenarian aging', ['centenarians'], 'centenarian research', 'centenarian longevity', 'centenarian populations', 'centenarian cohorts', ['social factors'], 'current aging trends', 'genetic determinants', 'research', 'much centenarian research', 'living architype', 'psychosocial factors', 'physiological determinants', 'holistic aging'] 

Reference 358: ['centenarians', 'aging', 'longevity', 'lived experience', 'social factors'] 

TOP-K 359: ['liminal phases', 'ageism', 'negative self-identification', 'in-depth semi-structured interviews', 'ageist behaviour', ['communication'], 'ambiguity', 'people liminality', 'various liminal spaces', ['social identities'], 'recent retirees', 'positive societal identification', 'positive identity', 'positive values', 'finding'] 

Reference 359: ['age identification', 'communication', 'social identity', 'liminality', 'self-ageism'] 

TOP-K 360: ['chesterfield', '4th earl', 'eighteenth-century england', 'geragogic lessons', ['aging'], 'unconscious pedagogic life project', ['old age'], 'late life', 'polite behavior', 'son', ['letters'], 'eighteenth-century attempt', 'private correspondence', 'correspondence', 'godson'] 

Reference 360: ['4th earl of chesterfield', 'aging', 'old age', 'letters', 'pedagogy of aging', 'eighteenth century'] 

TOP-K 361: ['social exclusion', 'late life loneliness', 'education', 'social loneliness', ['loneliness'], 'lifelong exclusion', 'individual risk factors', 'socioeconomic resources', 'late life', 'life course exclusion', 'emotional loneliness', 'later life', 'men', 'adult life', 'mediation effect'] 

Reference 361: ['ageing', 'loneliness', 'life-course', 'gender', 'ethnicity', 'inequalities'] 

TOP-K 362: ['aging', 'ongoing re-enactments', 'unloved object', 'care practices', 'company practice', 'care', 'blind spots', 'caring practices', 'ethnographic fieldwork', 'company', 'shadows', 'technology studies', 'unintended outcome', 'care technology', 'life aging'] 

Reference 362: ['aging as object', 'shadows of care', 'sts', 'enactment', 'maintenance', 'temporality', 'ethnography'] 

TOP-K 363: ['chilean people', ['social ties'], 'life trajectories', 'chile', 'old age', 'social networks', 'different life courses', 'gender diversity', ['trans women'], ['convoy model'], ['gay men'], 'sexual diversity', 'people', 'non-family composition', 'diverse compositions'] 

Reference 363: ['gay men', 'trans women', 'older people', 'social ties', 'convoy model'] 

TOP-K 364: [['ageing migrant women'], ['intersectional life course'], 'intersectional life course perspective', 'migrant women', 'gendered experiences', 'age', 'gerontological research', 'gender', 'migration status', 'intersection', 'agential capacity', 'migrancy', 'migrants', 'diverse experiences', 'later life'] 

Reference 364: ['intersectional life course', 'ageing migrant women', 'transnational ageing', 'turkish-born women', 'sweden'] 

TOP-K 365: ['interviewees', 'rural grandparents', 'grandchildren', 'devoted grandparenthood', 'devoted grandparents', ['active aging'], 'third age lifestyle', 'independence', 'generations', 'conflict', 'committed grandparenthood', 'future research', 'geographical distances', 'time', 'potential conflict'] 

Reference 365: ['active aging', 'consumption', 'familist discourse', 'grandparenthood', 'third age', 'rural'] 

TOP-K 366: ['community care practices', 'care practices', 'social support networks', 'peñalolén district', 'care', 'collective social spaces', ['community care'], 'cultural capital', 'experiences', 'social networks', 'personal freedom', 'social participation', 'people', 'case study', ['clubs']] 

Reference 366: ['community care', 'clubs', 'sociability', 'older people', 'ethnography', 'chile'] 

TOP-K 367: [['intergenerational solidarity'], 'political protests', ['political activism'], 'intergenerational relations', 'age', 'protests', 'protesters', 'participation', 'involvement', 'present study', 'symbolic value', 'persons', 'useful tool', 'sense', 'strong presence'] 

Reference 367: ['intergenerational solidarity', 'intergenerational ambivalence', 'political activism', 'demonstrations', 'leadership'] 

TOP-K 368: [['subjective age'], 'ageismand subjective ageassociation', 'aging', 'emotional empathy', 'emotional empathyas', ['implicit ageism'], 'gerontology literature', 'gerontology debate', 'good physical health', 'psychological defense', 'defensive dissociation', 'defense mechanism', 'low empathy', 'adults', 'health marker'] 

Reference 368: ['empathy', 'implicit ageism', 'internalization', 'older adults', 'subjective age'] 

TOP-K 369: [['social death'], ['dementia'], 'advanced dementia', ['nursing home'], ['nursing homes'], 'family members', 'social life', 'social agency', 'transition', 'theory-driven analysis', 'adults', 'meaningful activities', 'home residents', 'face social death', 'social environment'] 

Reference 369: ['dementia', 'nursing homes', 'older adults', 'social death', 'qualitative study'] 

TOP-K 370: ['climate-related heatwaves', 'swedish press', 'swedish media', ['nursing homes'], ['climate change'], 'heatwaves', ['risks'], 'swedish press reporting', 'professional care', 'dangers', 'risk discourse', 'risk management', 'threats', 'residents', 'many nursing homes'] 

Reference 370: ['climate change', 'nursing homes', 'media representations', 'risk', 'subject-object logic'] 

TOP-K 371: ['aging enterprise', 'aging', 'different age enterprises', 'gerontological discourse', 'carol estes', 'state-driven intervention today', 'academic institutions', 'monolithic force', 'discourses', 'local contexts', 'global discourses', 'interventions', 'policy', 'research projects', 'enterprise overstates hegemony'] 

Reference 371: ['ghana', 'ng', 'os', 'political-economy theory', 'gerontological imagination', 'population aging', 'aging discourse'] 

TOP-K 372: ['activities staff', 'activities', 'activity programs', ['staff'], 'people', 'programs', 'social interaction', ['nursing homes'], 'interview transcripts', 'residents', 'resident wellbeing', 'meaningful activities', 'psychosocial health', 'thematic analysis', 'main themes'] 

Reference 372: ['leisure activities', 'social participation', 'aged', 'nursing homes', 'staff', 'qualitative research'] 

TOP-K 373: ['historic diary entries', 'active ageing discourses', 'instrumentalist ageing discourses', 'future time', 'future care needs', 'age', ['future'], 'knowledge gap', 'contemporary understandings', 'critical approaches', 'conceptual understandings', 'paper addresses'] 

Reference 373: ['temporality', 'time', 'future', 'diaries'] 

TOP-K 374: ['pandemic', 'singaporean women', ['social engagement'], 'covid-19 pandemic', 'social resources', 'in-depth interviews', 'socioeconomic status', 'socioecological context', 'social engagement pathways', ['resilience resources'], 'women', 'north american contexts', 'previous studies', 'adults', 'diverse experiences'] 

Reference 374: ['covid-19older women', 'singapore', 'social engagement', 'resilience resources'] 

TOP-K 375: ['bodily responsivity', 'social constructionism', ['ambiguity'], 'social gerontology', 'body', ['embodiment'], 'later life', 'unexamined assumptions', 'experience', 'empirical material', 'existential significance', 'paper', 'new conceptualisation', 'prominent frameworks', 'previous approaches'] 

Reference 375: ['embodiment', 'ageing', 'phenomenology', 'responsivity', 'ambiguity', 'qualitative research'] 

TOP-K 376: ['acrc final report', 'gendered labour', ['gender'], 'non-binary genders', ['long-term care'], 'normative gendered patterns', ['dementia'], ['women'], 'dementia research', 'dementia policy', 'normalising feminised patterns', 'gendered dimensions', ['care'], 'marginalised status', 'unseats marginalisation'] 

Reference 376: ['dementia', 'women', 'aged care', 'aged care royal commission', 'care', 'feminised labour', 'gender', 'long-term care'] 

TOP-K 377: ['sex-seeking behaviors', 'sex-seeking behavior', 'frequent sex-seeking behaviors', 'relationship type', 'gay ageism', 'stereotype embodiment theory', ['gay men'], 'open relationships', 'sexual activity', 'midwestern u', 'income level', 'current study', 'potential mediator', 'frequency', 'frequent sexual activity.studies'] 

Reference 377: ['aging', 'gay men', 'sexual behavior', 'sexual health', 'non-monogamy'] 

TOP-K 378: [['capital controls'], ['exchange rate regimes'], ['foreign exchange interventions'], 'capital outflow controls', 'macroeconomic stability', 'fx interventions', 'capital outflows', 'macroeconomic volatility', 'capital flows', ['china'], 'policy options', 'macroeconomic fluctuations', 'inappropriate exchange rate regime', 'inappropriate regime choice', 'volatility'] 

Reference 378: ['capital controls', 'foreign exchange interventions', 'economic fluctuation', 'exchange rate regime', 'china'] 

TOP-K 379: ['repeated government capital infusions', ['government capital infusions'], 'repeated capital infusions', 'capital infusions', 'bank capital infusions', 'frequent government infusions', 'indian banks', ['financial stability'], 'public sector banks', 'undercapitalized government', 'possible moral hazard concerns', 'possible moral hazard behavior', 'risky investments', 'banks', 'significant capital infusions'] 

Reference 379: ['government capital infusions', ' financial stability', ' systemic risk', ' default risk', ' emerging markets'] 

TOP-K 380: ['acquirers', 'insolvent banks', 'state-chartered banks', 'national banks', 'national charter', 'concentrated branch networks', 'banks', 'failed bank auctions', 'banking industry', 'organic growth', 'assumption resolution method', 'core deposits', 'strong banks', 'branch networks', 'prices'] 

Reference 380: ['bank failures', 'resolution', 'fdic'] 

TOP-K 381: ['international monetary policy shocks', 'monetary policy shocks', 'asian banks', 'bank lending channel', ['monetary policy'], 'australian regulatory bank data', 'banks', 'non-financial corporate loans', 'non-reservable borrowing', 'policy shocks', 'lending elasticity', 'higher-margin lending', 'reservable liabilities', 'non-lending assets', 'capital markets'] 

Reference 381: ['bank lending', 'credit supply', 'monetary policy', 'quantitative easing'] 

TOP-K 382: [['credit unions'], 'above-market deposit interest rates', 'non-profit cooperative status', 'profit function-based approach', 'tax subsidy', 'tax exemption', 'federal income taxes', 'banks', 'large profit inefficiencies', 'structural profit model', 'similar commercial banks', 'subsidies', 'traditional demarcation', 'various stakeholders', 'modest means'] 

Reference 382: ['commercial banks', 'credit unions', 'profit inefficiency', 'tax exempt status'] 

TOP-K 383: ['customer online banking reviews', 'industry-level financial stability indicators', 'bank-level risk measures', 'household opinion-based measure', 'bank-level risk', ['public confidence'], 'overall banking sector stability', 'household confidence', 'system-wide financial stability indicators', 'industry-level determinants', 'bank-month confidence measures', 'industry-level stability', 'commercial banks', 'banks', 'trust'] 

Reference 383: ['financial stability', 'public confidence', 'bank risk, bank failures', 'customer opinions', 'online reviews'] 

TOP-K 384: [['investment deregulation'], 'preemptive patenting effect', 'difference-in-differences approach', ['innovation performance'], ['private firms'], 'patent applications', 'patent market', 'china', 'investment system', 'fixed capital', 'competition effect', 'investment decision', 'initial policy', 'study', 'innovation performance.this study'] 

Reference 384: ['investment deregulation', 'innovation performance', 'private firms', 'competition'] 

TOP-K 385: [['rational bubbles'], 'risk-neutral investors', 'bubble premium', ['time-constrained asset'], ['negative interest rates'], ['rational bubble'], 'positive bubble premium', 'investors', 'soft landings', 'stochastic crash', 'interest rate', 'negative interest rate.first', 'absolute value', 'infinite number', 'sufficient number'] 

Reference 385: ['rational bubble', 'time-constrained asset', 'negative interest rate', 'bubble prevention', 'tax'] 

TOP-K 386: [['sri lanka'], 'growth-enhancing structural reforms', 'inter-related multiple economic crises', 'fiscal deficits', 'debt sustainability', 'international sovereign bonds', 'deep growth-enhancing structural reforms', 'unsustainable public debt', 'large fiscal deficits', 'vast socio-political upheaval', 'fiscal sustainability', 'economic crisis', 'fiscal policy reforms', 'fiscal balances', 'meaningful fiscal policy reforms'] 

Reference 386: ['economic and financial crises', 'sovereign debt crisis', 'emerging markets', 'economic policy', 'sri lanka'] 

TOP-K 387: ['macroeconomic performance', 'financial imbalances', 'business cycle shocks', 'macroeconomic conditions', 'buoyant economic growth', 'nonfinancial leverage', 'out-of-sample analysis', 'strong macro performance', 'strong economic performance', 'various financial imbalances', 'seeds', 'narrative sign restrictions', 'structural var', 'times', 'statistical link'] 

Reference 387: ['business cycle', 'financial cycle', 'financial stability', 'forecasting', 'sign-restricted svar'] 

TOP-K 388: ['monetary trilemma', ['foreign exchange intervention'], 'exchange rate volatility', 'different economic factors', 'average depreciation', 'monetary independence', 'domestic currency', 'financial openness', 'fxi literature', 'effects', 'foreign exchange literature', 'comprehensive meta-analysis', 'meta-survey reports', 'ample empirical literature', 'cases'] 

Reference 388: ['foreign exchange intervention', 'exchange rate', 'meta-analysis'] 

TOP-K 389: ['global credit dynamics', 'indian firms', 'abundant global credit', ['global credit'], 'global financing conditions', 'post-gfc period', ['foreign borrowings'], 'external finance', 'firms', 'risky firms', 'real investment activities', 'foreign finance', 'abundant credit', 'domestic credit', 'access'] 

Reference 389: ['emerging markets', 'foreign borrowings', 'global credit', 'regional linkages'] 

TOP-K 390: [['macroprudential policy'], 'gdp growth', 'gdp growth distribution', 'conditional mean models', 'left tail', 'borrower-based measures', ['quantile regressions'], 'capital measures', 'financial cycle', 'heterogeneous effects', 'negative effects', 'recent developments', 'previous studies', 'important benefits', 'impact'] 

Reference 390: ['financial stability', 'growth-at-risk', 'systemic risk', 'macroprudential policy', 'quantile regressions'] 

TOP-K 391: ['market uncertainty', 'foreign exchange intervention', 'exchange rate effects', 'foreign exchange intervention literature', 'flimsy exchange rate fundamentals', 'fx market', 'central bank', 'domestic currency', 'uncertainty', 'localized analysis', 'flimsy variables', 'foreign currency', 'sharp policy discontinuity', 'effects', 'results'] 

Reference 391: ['sterilized fx intervention', 'exchange rate uncertainty', 'policy discontinuity', 'incremental effect of intervention', 'regression discontinuity design'] 

TOP-K 392: ['non-state-owned enterprises', 'chinese cities', 'governmental efficiency', 'firms', 'weak media development', ['political leader'], 'economic policy', 'political connections', 'absence', ['corporate investment'], 'significant promotional pressure', 'marketization', 'political office', 'investment', 'major economic impact'] 

Reference 392: ['leadership vacuum', 'political leader', 'corporate investment'] 

TOP-K 393: ['ftse russell', 'corresponding green-adjusted share prices', ['green revenues'], 'global climate action', 'fama-french factors', 'green activism', 'green-adjusted share pricing', 'green investors', 'green finance', 'green revenue factors', 'green-adjusted betas', 'firm stock returns', 'green revenues index', 'positive political decisions', 'asset pricing'] 

Reference 393: ['capm', ' beta', ' green revenues', ' dynamic conditional correlation model'] 

TOP-K 394: ['employee lawsuits', 'union-filed lawsuit data', 'union-filed cases', 'labor violations', 'new business opportunities', 'employees', 'business decisions', 'legal liabilities', 'store closures', 'firms', 'litigation damages firms', 'litigation costs damage firms', 'number', 'likelihood'] 

Reference 394: ['employee treatment', 'labor unions', 'business downsizing', 'labor lawsuits'] 

TOP-K 395: ['interbank contagion', 'capital/liquidity infusions', ['contagion'], 'liquidity infusions', 'potential contagion losses', 'contagion losses', 'model-based calibration', 'capital buffer requirements', 'fiscal budget constraint', 'exogenous shock', 'precautionary recapitalizations', 'fire sale mechanisms', 'interconnected financial system', 'modelling framework', 'crisis management tool'] 

Reference 395: ['interbank networks', 'contagion', 'fire sales', 'stress testing', 'macroprudential policy', 'optimal control'] 

TOP-K 396: ['basel', 'interbank lending rates', 'interbank exposures', ['systemic risk'], 'interbank lending', 'capital buffers', ['systemic risks'], 'lending rates', 'deposit rates', ['counterparty risk'], 'banks', 'panel data', 'deposit rate', 'unique panel data', 'simultaneous equation model'] 

Reference 396: ['interbank market', 'counterparty risk', 'systemic risk'] 

TOP-K 397: ['macroprudential measures', 'borrower-based macroprudential measures', 'risky lending', 'ltv policies', 'house price-leverage spiral', 'measures', 'negative equity episodes', 'social desirability', 'permanent negative side-effects', 'systemic risks', 'housing finance', 'home buyers', 'social costs', 'negative housing equity', 'housing markets'] 

Reference 397: ['bbm', ' panel methods', ' abm', ' dsge', ' inequality', ' policy effectiveness'] 

TOP-K 398: [['emotional exhaustion'], ['psychological withdrawal behavior'], 'hybrid work stressors', 'challenge/hindrance stressors', 'hindrance stressors', 'hybrid work', 'challenge stressors', ['proactive personality'], 'mediation model', 'resources theory', 'theoretical model', 'positive relationship', 'behavioral reactions', 'relationship', 'indirect effect'] 

Reference 398: ['challenge/hindrance stressors of hybrid work', 'conservation of resources theory', 'emotional exhaustion', 'psychological withdrawal behavior', 'proactive personality'] 

TOP-K 399: ['self-protection coping', 'self-protection mode', 'self-protection coping mode', 'multiple self-protection coping strategies', 'academics', 'defensive coping strategies', 'neurotic trends', 'enduring stressors', 'people', 'strategies', 'horney', 'cor theory', 'resources', 'work today', 'significant challenges'] 

Reference 399: ['conservation of resources', ' coping', ' self-protection', ' karen horney', ' auto-ethnography'] 

TOP-K 400: ['post-maternity leave reentry', 'maternity leave', 'reentry transitions', 'reentry', 'relational movement', 'relational dynamics', 'work-based relationships shift', 'relational enrichment', 'transition', 'academic mothers', 'mothers', 'crucial relational changes', 'qualitative data', 'career progression', 'profound transition'] 

Reference 400: ['work/family', 'working mothers', 'relationships at work', 'work transitions', 'qualitative methodology'] 

TOP-K 401: [['future work selves'], 'future work self', 'fwss', 'future work self salienceon', 'high fwss', ['proactive career behavior'], 'current research', 'artificial intelligenceis', 'fwss moderates', 'third longitudinal experiment', 'full-time employees', 'interaction', 'individuals', 'effect', 'control'] 

Reference 401: ['artificial intelligence', 'future work selves', 'proactive career behavior'] 

TOP-K 402: ['workplace performance pressure', ['performance pressure'], ['work-goal progress'], ['career prospects'], 'performance pressure-induced fear', 'human resource management', 'fear', 'multi-industry field studies', 'work goals', 'mental preoccupation', 'work', 'employees', 'performance failure', 'full-time employees', 'appraisal theories'] 

Reference 402: ['performance pressure', 'fear of performance failure', 'mental preoccupation with work', 'work-goal progress', 'career prospects'] 

TOP-K 403: ['daily task significance', 'start-of-day mood', 'work withdrawal', 'positive affect', 'positive mood', 'negative affect', 'negative mood', ['task significance'], 'employees', 'high significance today', 'daily work withdrawal', 'day', 'upshifts', 'daily diary design', 'daily observations'] 

Reference 403: ['task significance', 'meaningful work', 'affect', 'work performance'] 

TOP-K 404: ['workplace flexibility', 'flexible dividers', 'flexible work practices', 'flexible non-dividers', ['psychological job control'], 'non-flexible non-dividers', 'work flexibility', 'non-flexible non-dividers profile', 'flexible non-dividers profile', ['work-life balance'], 'employee wellbeing', 'non-flexible dividers', 'worker profiles', ['work engagement'], 'psychological experience'] 

Reference 404: ['boundary control', 'psychological job control', 'work engagement', 'job satisfaction', 'work-life balance'] 

TOP-K 405: [['leader humility'], ['follower narcissism'], 'implicit leadership theory', ['career satisfaction'], 'leader competence', ['proactive career behavior'], 'career outcomes', ['power distance climate'], 'humble leaders', 'followers', 'implicit leadership theory perspective', 'opposite-attraction perspectives', 'key conditions', 'leader humility leader humility', 'novel outcomes'] 

Reference 405: ['leader humility', 'follower narcissism', 'power distance climate', 'perceived leader competence', 'proactive career behavior', 'career satisfaction'] 

TOP-K 406: [['career proactivity'], ['promotion failure'], 'attributions', 'attribution theory', 'personal attributions', ['promotion failures'], 'employees', 'external circumstances', 'different attributions', 'repetitive thoughts', 'cognitive theories', 'negative effects', 'distinct cognitive processes', 'employee reactions', 'negative consequences'] 

Reference 406: ['promotion failure', 'promotion failure attributions', 'failure reflection', 'failure rumination', 'career proactivity'] 

TOP-K 407: ['gpa', ['latent growth curve analysis'], 'career success', 'affective-identity motivation', ['subjective career success'], 'positive impact', 'university studies', 'longitudinal research', 'long-term impact', 'resources theory', 'leadership level', 'time', 'results', 'little effort', 'joint role'] 

Reference 407: ['objective career success', 'subjective career success', 'grade point average', 'motivation to lead', 'latent growth curve analysis'] 

TOP-K 408: [['personality traits'], 'reneging-incongruence framework', 'pcb', ['job performance'], 'social exchange theory', 'organizational citizenship behavior', 'job satisfaction', 'personality predictors', 'pcbor bias', 'emotional stability', 'counterproductive work behavior', 'task performance', 'psychological contract breachwith personality', 'equity sensitivity', 'relationships'] 

Reference 408: ['personality traits', 'psychological contract breach', 'job performance', 'meta-analysis'] 

TOP-K 409: ['attribution theory', 'performance-promotion attribution', 'employee unethical behavior', 'employee proactive behavior', 'self-serving attribution', 'ict centrality', 'supervisory ict demands', 'performance-promotion attibution', ['unethical behavior'], 'employees', 'underlying mechanisms', 'positive association', 'positive effect', 'indirect relationship', 'hours'] 

Reference 409: ['supervisory ict demands after hours', 'unethical behavior', 'proactive behavior', 'attribution'] 

TOP-K 410: ['work-based job embeddedness constructs', 'job-role embeddedness', 'occupational embeddedness', 'long-neglected family influence', 'hpwp effects', 'hpwp outcomes', 'job performance', 'family embeddednessin', 'employee turnover', 'high-performance work practicesto employees', 'organizational embeddedness family embeddedness', 'model generalizability', 'performance contributions', 'theoretical model', 'consistent evidence'] 

Reference 410: ['high performance work practices', 'job embeddedness', 'conservation of resources theory', 'retention'] 

TOP-K 411: [['radiologists'], 'radiological technologists', 'radiologists job craft', 'in-depth interviews', 'work identity', 'technological advancements', 'multi-level analysis', 'identity', 'individuals', 'hospital directors', 'professional bodies', 'job', 'transformative effects', 'job design', 'identity work.this study'] 

Reference 411: ['job crafting', 'identity work', 'artificial intelligence', 'identity crafting', 'radiologists'] 

TOP-K 412: ['social-exchange perspective', 'fssbs', ['in-role performance'], 'leader-member exchange relationship', 'meta-analytic structural equation modeling', 'employee wellbeing', 'family supportive supervisor', ['job satisfaction'], 'work outcomes', 'resource-based view', 'resource-based perspective', 'explanatory power', 'meta-analytic review', 'theoretical perspectives', 'comparative analysis'] 

Reference 412: ['fss', 'bs', 'work-family enrichment', 'work-family conflict', 'job satisfaction', 'in-role performance', 'lmx'] 

TOP-K 413: ['sustainable career ecosystem theory', 'sustainable career theory', ['sustainable career'], 'sustainable career ecosystem', ['artificial intelligence'], 'career ecosystem theory', 'artificial intelligenceas', 'future research agenda', 'career ecosystem theories', ['career ecosystem'], ['liminality'], 'theoretical frameworks', 'new conceptual model', 'liminality dimension', 'new actor'] 

Reference 413: ['sustainable career', 'career ecosystem', 'artificial intelligence', 'career practitioners', 'liminality'] 

TOP-K 414: ['career choice', 'diversity process theory', 'career development', 'vocational psychology', 'career trajectories', 'vocational behavior research', 'vocational behavior', 'career', ['diversity'], 'career stages', 'modern workforces', 'future research', ['career lifecycle'], 'research agenda', 'career experiences'] 

Reference 414: ['diversity', 'identity', 'information elaboration', 'inclusion', 'career lifecycle', 'lifespan'] 

TOP-K 415: ['career barriers', 'social cognitive career theory', 'employability', 'career hindrances', 'labor market experience', ['employability trajectories'], 'career hurdles', 'graduates', 'low barriers', 'study', 'high barriers', 'resources theory', 'careers.this study', 'stable employability trajectory', 'years'] 

Reference 415: ['career barriers profiles', 'gender barriers', 'ethnic barriers', 'perceived employability', 'employability trajectories'] 

TOP-K 416: ['employee well-being', 'organizational support', 'employee well-being outcomes', ['empowerment'], 'well-being outcomes', 'unanticipated contextual factors', 'home readiness', 'neuroticism', 'home', 'adequate organizational support', 'environmental context', 'well-being outcomes.in', 'sudden contextual shift', 'novel questions', 'sudden changes'] 

Reference 416: ['contextual impact', 'working from home', 'well-being', 'empowerment', 'sensemaking'] 

TOP-K 417: ['subordinate work-family conflict', 'supervisor-subordinate relationships', 'work-family conflicts', 'lmx relationships', 'subordinates', 'wfc', ['work-family'], 'lmx relationship', 'leader-subordinate relations', 'lmx literatures', 'theoretically-driven model', 'daily autonomy', 'autonomy', 'immediate supervisor', 'critical role'] 

Reference 417: ['lmx', 'work-family', 'support', 'accommodation'] 

TOP-K 418: ['recombinant antigens', 'p97r1', 'recombinant proteins', 'pdha', ['th17-type immune responses'], 'recombinant p97r1', 'dnak', 'mucosal immunity', ['th17-type immune response'], 'serum igg', 'localized cellular immune responses', 'specific iga responses', 'humoral immunity', 'th17 responses', 'specific igg responses'] 

Reference 418: ['cd8+ t cells', 'cellular immunity', 'mucosal immune response', 'mycoplasma hyopneumoniae', 'subunit vaccine', 'th17-type immune response'] 

TOP-K 419: ['equine rotavirus', 'virus-neutralizing antibody titers', 'serum nab titers', 'serum', 'mares', 'mare', 'mare-foal pairs', 'common erva genotypes', 'foals', 'vaccination', 'g3 monovalent vaccine', 'passive immunity', 'antibodies', 'g14 genotypes', 'serum samples'] 

Reference 419: ['equine rotavirus a', ' maternal antibody', ' vaccination dynamics', ' cross-reactivity', ' humoral immunity'] 

TOP-K 420: ['pcv2d-c3d-vlp', 'pcv2 vaccine', 'pcv2d cap protein', 'c3d-fused pcv2d cap protein', 'commercial pcv2d subunit vaccine', 'molecular adjuvant c3d', 'pcv2d vaccine design', 'vlp', 'recombinant cap protein', 'c3d epitope', 'antibody production', 'cellular immune responses', 'protective efficacy', 'virus challenge', 'alternative strategy'] 

Reference 420: ['porcine circovirus type 2vaccine', 'virus-like particle', 'c3d'] 

TOP-K 421: [['pdcov'], ['pdcov vaccine'], 'pdcov s1 subunit vaccine', 'pdcov s1 subunit', 's1 subunit vaccine', ['s1 subunit'], 's1-truncated fragment', 's1 subunit truncation', 'newborn piglets', 'immune response', '5-days-old piglets', 'neutralization assays', 'protective efficacy', 'mice', 'humoral immunity'] 

Reference 421: ['pdcov', ' s1 subunit', ' inactivated', ' pdcov vaccine', ' protective immunity'] 

TOP-K 422: ['pdhd', 'immunogenic plasminogen-binding protein', 'pdhd protein', 'first virulence-associated protein pdhd', 'ovipneumoniae pdhd', 'elisa assay', 'ovipneumoniae infection', 'pdhd sequence', 'potential vaccine targets', 'membrane protein extraction', 'putative adhesin', 'vaccine target', 'bioinformatics analysis'] 

Reference 422: ['mycoplasma ovipneumoniae', 'dihydrolipoamide dehydrogenase', 'adhesins', 'biofilm', 'plasminogen'] 

TOP-K 423: [['type i-e crispr-cas system'], 'bacterial virulence', 'crispr-cas system', 't3ss1 genes', 'well-defined biological characteristics', 'epithelial cells', 't3ss1 genes expression', 'cas proteins', 'bacterial invasion', 'foreign genetic elements', 'pullorum', 'model organism', 'previous studies', 'common role', 'normal conditions'] 

Reference 423: ['type i-e crispr-cas system', 'salmonella enterica serovar pullorum', 'type i fimbriae', 'type iii secretions system 1'] 

TOP-K 424: ['synoviae', 'novel plasminogen receptor', 'df-1 cells', 'anti-e2 serum', 'e2 protein', 'synoviae e2', 'polyclonal antibody', 'cell membrane', ['invasion'], 'extracellular matrixcomponents', 'good immunogenicity', 'host cells', 'new ideas'] 

Reference 424: ['mycoplasma synoviae', 'dihydrolipoamide acetyltransferase', 'adherence', 'extracellular matrix', 'plasminogen', 'invasion'] 

TOP-K 425: ['hyopneumoniae-free gilts', 'experimental aerosol model', 'mycoplasmal pneumonia', 'mycoplasma hyopneumoniaeinfection', 'high-dose aerosols', 'infectious aerosols', 'severe lung lesions', 'respiratory disease', ['gilts'], 'diluted lung homogenate', 'typical clinical signs', 'artificial exposure', 'present study', 'experimental groups', 'treatment measures'] 

Reference 425: ['mycoplasma hyopneumoniae', 'aerosol', 'infection model', 'real-time pcrelisa', 'gilts'] 

TOP-K 426: [['chlamydia psittaci'], 'chlamydia psittaci infection', 'chlamydiae target host mitochondria', 'mitochondrial dna', 'mitochondrial oxidative stress', 'human macrophages', 'macrophages', 'mitochondrial damage', 'multi-host pathogen', 'mitochondrial dnainto', 'cgas-sting signaling pathway', 'nlrp3 pathway', 'cytoplasm', 'cellular fate', 'il-1β production'] 

Reference 426: ['chlamydia psittaci', ' mtros', ' mtdna', ' cgas-sting', ' type i interferon'] 

TOP-K 427: ['salmonella enterica serovar heidelberg', 'tetracycline resistance', 'tetracycline-resistant salmonella transconjugants', 'heidelberg strain sh2813nalr', 'tetracycline resistance genes', ['salmonella'], 'salmonella sh2813nalr', 'coli tetracycline-resistance', '2-day old chicks', 'layer chicks', 'birds', 'potential donor', 'oral challenge', 'different timepoints', 'coli isolates'] 

Reference 427: ['antimicrobial resistance', 'salmonella', 'plasmids', 'chickens', 'transmission', 'animal experiment', 'horizontal gene transfer'] 

TOP-K 428: ['csfv infection', 'csfv c protein', 'myo1b knockdown', 'csfv titers', 'host cell myo1b protein', 'myo1b expression', 'host myo1b', ['exosomes'], 'infectious exosome formation', 'viral genome', 'viral genome content', 'core-myo1b interaction', 'specific n-terminal residues', 'viral titer', 'c protein'] 

Reference 428: ['classical swine fever virus', 'core protein', 'myosin 1b', 'exosomes'] 

TOP-K 429: ['δwaaf', 'acbd', 'ccbf1', 'waaf', 'cps synthesis', 'ccbf1 genes', 'l6', ['pathogenicity'], 'biofilm formation', 'δccbf1 strains', 'wild-type strain', ['immunogenicity'], 'δwaaq', 'δl6', 'chicken serum'] 

Reference 429: ['avibacterium paragallinarum', 'lipooligosaccharides', 'capsular polysaccharides', 'pathogenicity', 'immunogenicity'] 

TOP-K 430: ['brucellosis', 'brucellosis eradication programs', 'abortus strains', 'brucella strains', ['brucella abortus'], 'caserta area', 'caserta', 'eradication programs', 'brucella lineages', 'high endemicity', 'abortus population', 'eradication programs brucellosis', 'genetic diversity', 'different outbreak cases', 'lineages'] 

Reference 430: ['brucella abortus', 'bubalus bubalis', 'whole genome sequencing', 'outbreaks', 'eradication plans'] 

TOP-K 431: ['prrsv', 'recombination', 'prrsv-1', 'swine health management practices', 'prrsv-2and occasional occurrences', 'prrsv epidemics', 'diverse genetic variants', 'complex epidemiological landscape', 'evolutionary dynamics', ['china'], 'disease management', 'epidemiological trends', 'evolutionary pattern', 'historical context', 'prevention strategies'] 

Reference 431: ['porcine reproductive and respiratory syndrome virus', 'evolution', 'diversity', 'lineages', 'disease prevention and control', 'china'] 

TOP-K 432: ['amps', 'animal growth stimulation', 'poultry infections', 'conventional antibiotics', 'poultry production', 'microbial resistance', 'recent studies', 'several bacterial infections', 'new molecules', 'growth stimulation activities', 'poultry industry', 'various infections', 'new ideas', 'growth animal stimulation', 'important infections'] 

Reference 432: ['antimicrobial peptides. poultry. antibiotics. bacterial infections'] 

TOP-K 433: [['ferroptosis'], 'brucella rb51 infection', 'brucella rb51', 'brucella rough strain rb51', 'abortus rb51', 'inhibitor ferrostatin-1', 'brucella intracellular survival', 'rb51-infected macrophages', 'macrophages ferroptosis', 'different ferroptosis inhibitors', 'p53-slc7a11-gpx4', 'intracellular survival', ['macrophages'], 'ferroptosis functions', 'host glutathione'] 

Reference 433: ['brucella', 'macrophages', 'ferroptosis', 'p53intracellular survival'] 

TOP-K 434: ['pdcov n protein', 'mrna splicing', 'spliceosomal snrnp assembly', 'mrna splice activity', 'anti-pdcov strategies', 'virus replication', 'stress granule assembly', 'host proteins', 'n protein', 'rna translation', 'replication mechanism', 'study', 'kegg analyses', 'vital regulator'] 

Reference 434: ['porcine deltacoronavirus', 'nucleocapsid protein', 'interaction network', 'go analysis', 'kegg analysis'] 

TOP-K 435: ['alv-j emirna', 'viral-derived emirna', 'alv-j replication', 'emirna', 'm6a methylation modification', 'alv-j genome', 'gpc5 gene', 'alv-j grna', 'm6a modification', 'm6a methylation', 'transcription', 'study', 'a7016 sites', 'regulatory function', 'regulatory effect'] 

Reference 435: ['avian leukosis virus subgroup j', 'emi', 'rnagpc5m6a methylation', 'mi', 'rna transcriptional regulation'] 

TOP-K 436: ['leptospira dna', 'zoonotic l', 'pcr-positive wolves', 'wolves', 'l', 'wolf populations', 'borgpetersenii', 'southern europe', 'free-ranging wolvesfrom southern europe', 'kidney samples', ['spain'], 'heterogeneous circulation', 'first report'] 

Reference 436: ['leptospirosis', 'leptospira', 'spain', 'italy', 'wolf', 'zoonosis'] 

TOP-K 437: ['pedv', 'pedv n protein', 'viral n-protein', 'new b cell epitopes', 'elisa diagnostic method', 'hybridoma cell lines', 'mabs', '8-week-old balb/c mice', ['b cell epitope'], 'indirect immunofluorescence assay', 'high anti-pedv affinity', 'n protein', 'western blot', 'monoclonal antibodiesdemonstrated specific reactivity', 'first time'] 

Reference 437: ['pedvn protein', 'b cell epitope'] 

TOP-K 438: [['secondary overtriage'], 'primary outcome', 'secondary overtriage rate', 'patient characteristics', 'overall secondary overtriage rate', 'abbreviated injury scalescore', 'blunt trauma', 'injury severity score', 'abbreviated injury scale score', 'thorax', 'pediatric age groups', 'surgical operation', 'early discharge', 'multivariable analyses', 'logistic regression analysis'] 

Reference 438: ['secondary overtriage', 'interhospital transfer', 'secondary trauma diversion', 'trauma system', 'trauma center', 'non-trauma center'] 

TOP-K 439: ['ed-to-hospice transfers', 'direct ed-to-hospice discharges', 'ed-to-hospice discharges', 'in-hospital hospice programs', 'direct discharges', 'emr modification', 'hospice transitions', 'patient identification', 'home-based care', 'direct transfers', 'qi program', 'workflow optimization', 'emergency department', 'hospice transfer', 'education'] 

Reference 439: ['hospice', 'palliative care', 'end-of-life care', 'goal-concordant care', 'quality improvement'] 

TOP-K 440: ['emergency surgical airwayplacement', 'emergency surgical airwayaccess', 'trauma management', 'primary airway intervention', 'endotracheal intubationfails', 'critical airway skill', 'children', 'serious injuries', 'backup option', 'age', 'similar survival'] 

Reference 440: ['emergency', 'surgical', 'airway', 'cricothyrotomy', 'trauma', 'intubation'] 

TOP-K 441: ['tracheal ring method', 'radiation exposure', 'tracheal ring methods', 'x-ray', 'endotracheal tubeposition', 'correct endotracheal tubeposition', 'usg', 'prospective cross-sectional study', 'background chest x-ray', 'third tracheal rings', 'tr method', 'diagnostic accuracy', 'current gold standard', 'good kappa', 'important drawbacks'] 

Reference 441: ['usgx-ray', 'endotracheal tube position', 'tracheal rings', 'transverse view', 'longitudinal view'] 

TOP-K 442: ['dokei protocol', 'dokei ah protocol', ['hypothermia'], 'high-temperature active external rewarming', 'protocol adherence', 'hypothermia patients', 'hypothermia stage', 'challenging ah rescue scenarios', 'innovative on-site care', 'cardiocirculatory collapse', 'self-rescue situations', 'advanced life support', 'cardiac arrest risk', 'survival', 'cold exposure'] 

Reference 442: ['mountain rescue', 'hypothermia', 'rewarming', 'emergency medicine', 'out-of-hospital', 'wilderness medicine'] 

TOP-K 443: [['fentanyl'], 'xylazine withdrawal', ['xylazine'], 'withdrawal syndromes', 'patient-directed discharge', 'clinical opiate withdrawal scalescores', 'non-medical opioid supply', 'emergency departments', 'synthetic opioids', 'medical advice disposition', 'multi-modal strategy', 'conventional opioids', 'conclusions fentanyl', 'individuals', 'adjunctive medications'] 

Reference 443: ['opioid withdrawal', ' fentanyl', ' xylazine', ' moud', ' tranq dope'] 

TOP-K 444: ['nc oems', 'public aeds', 'current aed registries', 'multi-building organizations', 'aed utilization', 'aed lists', 'available aeds', 'mixed urban-rural county', 'large businesses', 'trained laypersons', 'locations', 'many businesses'] 

Reference 444: ['bystander defibrillation', 'aedohca'] 

TOP-K 445: ['eds', ['homelessness'], 'shared responsibility models', 'post-emergency department', 'innovative communication solutions', 'tests', 'homelessnessare vulnerable emergency departmentpatients', 'hospital systems', ['communication'], 'successful contact', 'homeless clinics', 'innovative solutions', 'care', 'test', 'successful contactand'] 

Reference 445: ['homelessness', 'communication', 'health equity', 'emergency medicine', 'emergency department', 'infectious diseases'] 

TOP-K 446: ['tch', 'non-contrast ct', 'normal non-contrast ct', 'serious tch', 'neurological disability', 'patients', 'diagnosis', 'neurological consultation', 'consecutive adult patients', 'additional imaging', 'methods retrospective cohort study', 'relative frequency', 'serious diagnosis', 'aide clinicians', 'serious cause'] 

Reference 446: ['thunderclap headache', 'clinical decision rule', 'serious cause headache', 'reversible cerebral vasoconstriction syndrome', 'benign cause headache'] 

TOP-K 447: [['water beads'], 'pediatric water bead-related visits', 'emergency department visits', 'children', 'cases', 'pediatric water', 'large national database', 'visits', 'years', 'number', 'methods data'] 

Reference 447: ['water beads', 'bowel obstruction', 'pediatric', 'superabsorbent polymer', 'injury'] 

TOP-K 448: ['ohca survivors', 'hdl-cholesterol levels', 'neurological prognosis', 'cholesterol levels', ['neurologic outcomes'], 'favorable neurological outcomes', 'lactate level', 'hdl-c post-6 h resuscitation', 'intensive care unit', 'retrospective observational study', 'mg/dl', ['total cholesterol'], ['albumin'], 'feasible predictive model', 'favorable neurological oucomes tc'] 

Reference 448: ['lactate-to-albumin ratio', 'albumin', 'total cholesterol', 'high-density lipoprotein cholesterol', 'neurological outcomes', 'out-of-hospital cardiac arrest'] 

TOP-K 449: ['hip fracture patients', 'patient outcomes', 'adverse outcomes', 'time', 'patients', 'surgical hip fracture', 'system processes', 'surgery', 'hip fracture population', 'outcome differences', 'study', 'patients evaluation'] 

Reference 449: ['emergency department', 'boarding', 'hip fracture', 'clinical outcomes'] 

TOP-K 450: ['asian head injury patients', 'communication barriers', 'asian patients', 'head ct', 'hispanic patients', 'communication services', 'asian individuals', 'white patients', 'future studies', ['limited english proficiency'], 'different languages', 'significant difference', 'wide variety'] 

Reference 450: ['racial difference', 'head injuries', 'diagnostic head computed tomography', 'limited english proficiency'] 

TOP-K 451: ['afebrile sepsis patients', 'febrile sepsis patients', ['sepsis'], 'afebrile patients', 'sepsis patients', ['antibiotics'], 'conclusions afebrile sepsis patients', 'mortality', 'early detection', '28-day mortality', 'febrile patients', 'antibiotic administration time', 'treatment strategies', 'afebrile sepsis patients.objectives', 'screening tools'] 

Reference 451: ['sepsis', 'fever', 'antibiotics', 'emergency department', 'prognosis'] 

TOP-K 452: ['ecg interpretation', 'artificial neural networks', 'ann', 'ecgs', 'acute coronary occlusion', ['acute coronary syndrome'], 'human interpreters', 'aco symptoms', 'ecgs artificial neural networks', 'diagnostic accuracy', 'computerised algorithms', 'significant heterogeneity', 'stemi criteria', 'patients', 'potential integration'] 

Reference 452: ['artificial intelligence', 'neural networks', 'electrocardiogram', 'acute coronary syndrome', 'emergency department'] 

TOP-K 453: ['digoxin poisoning', 'factors', 'immediate therapeutic intervention', 'inclusion criteria', 'hemodynamic status', 'life-threatening issue', 'patient monitoring', 'main findings', 'digoxin poisoning.background digoxin poisonings', ['thirty-day mortality'], 'electrolytic disturbances', 'high prevalence', 'special attention', 'initial assessment warrants'] 

Reference 453: ['fab fragments', 'antidote', 'digoxin', 'poisoning', 'seven-day mortality', 'thirty-day mortality'] 

TOP-K 454: ['ibiin ri infants', 'post-immunization fever', ['infants'], 'young infants', 'shared decision-making', 'retrospective chart review', 'urine culture', 'invasive approach', 'risk', 'weeks', 'fever guidelines', 'urine sample', '° c', 'u. conclusion'] 

Reference 454: ['fever', 'bacteremia', 'infant', 'immunization', 'bacterial infections', 'pediatric emergency medicine'] 

TOP-K 455: ['abdominal pain post-acetaminophen overdose', 'liver injury post-acetaminophen overdose', 'acetylcysteine treatment', 'acetaminophen overdose', ['abdominal pain'], 'liver injury', 'hepatotoxicity', 'acute liver injury', 'patients', 'future treatment guidelines', 'emergency department', 'study', 'common symptom', 'non-specific finding', 'association'] 

Reference 455: ['abdominal pain', 'acetaminophen', 'overdose', 'toxicology'] 

TOP-K 456: ['ohca', 'st-segment elevation', ['revascularization'], ['percutaneous coronary intervention'], 'immediate coronary angiography', 'pci', 'multivariable logistic regression analysis', '1-month favorable neurological outcomes', 'first rosc', 'st-segment-elevation myocardial infarctionwho', 'patients', 'cardiovascular data', 'time', 'favorable neurological outcomes', 'outcomes'] 

Reference 456: ['out-of-hospital cardiac arrest', 'acute myocardial infarction', 'st-segment-elevation myocardial infarction', 'revascularization', 'percutaneous coronary intervention'] 

TOP-K 457: ['covid-19', 'irvs', 'mortality', 'in-hospital mortality', 'pmews', 'multiorgan damage', 'patients', 'emergency department', 'seven-day mortality', 'national early warning score', 'vasopressor support', 'conclusion pmews', 'news2', 'pulse rate', 'tools'] 

Reference 457: ['triage', ' covid', ' mews', ' news', ' ventilation'] 

TOP-K 458: ['duct geometrical parameters', 'soot reduction', 'duct geometries', '8-hole nozzle injector', 'medium-duty single-cylinder optical engine', 'dfi', 'compression ignition engines', 'soot emissions', 'dfi concept', 'overall soot net formation', 'soot formation', 'combustion evolution', 'piston geometry', 'medium duty optical engine', 'nozzle orifices'] 

Reference 458: ['ducted fuel injection', 'compression ignition', 'soot', 'n', 'ox', 'optical techniques', 'combustion'] 

TOP-K 459: ['inorganic cathode materials', 'aibs', ['cathode materials'], 'alternative energy storage batteries', 'ion battery cathodes', 'ion batteries', 'dft computational data training', 'effective data-driven workflow', 'reliable cathode materials', 'promising mno2 cathodes', 'multiple performance evaluation screening', 'experimental data', 'valuable experimental reference', 'dft calculations', 'valid descriptors'] 

Reference 459: ['aluminum-ion batteries', 'data-driven', 'cathode materials', 'data mining', 'machine learning', 'small samples'] 

TOP-K 460: ['evs', 'ev', 'photovoltaicand energy storage systems', ['electric vehicle'], 'ev station', 'highways', 'highway ev', 'electricity distribution grid', 'optimal pv', 'traffic flow', 'optimal locations', 'design', 'electricity generation', 'different factors', 'different planning scenarios'] 

Reference 460: ['electric vehicle', 'charging stations', 'mixed integer linear programming', 'linear programming', 'highway service', 'photovoltaic system', 'cost function'] 

TOP-K 461: ['co2 hydrate storage cap', 'co2 hydrate caps', 'hydrate caps', ['co2 flowrate'], 'dynamic formation charactistics', 'magnetic resonance imaging', 'hydrate cap integrity', 'hydrate formation', 'spatial-temporal distribution', 'spatial dependence', 'storage pressures', 'storage pressure', 'flow direction', 'cap stability', 'kpa'] 

Reference 461: ['co2 storage', 'spatial-temporal distribution characteristics of hydrate cap', 'co2 flowrate', 'initial storage pressure', 'hydrate cap stability'] 

TOP-K 462: [['five-spot well'], 'thermo-hydraulic-chemical model', 'scs', 'well-to-well interference', 'silty natural gas hydratereservoirs', 'silty natural gas hydrate', 'bottomhole pressure', 'gas production', 'multi-well system', 'low permeability', 'gas production enhancement effect', 'gas productivity', 'south china sea', 'key factors', 'ngh reservoirs'] 

Reference 462: ['natural gas hydrate', 'five-spot well', 'energy recovery', 'depressurization', 'gas production enhancement', 'sensitivity analysis'] 

TOP-K 463: ['ground fixed-tilt photovoltaics', 'photovoltaic classification', ['pv-csn'], ['photovoltaics'], 'photovoltaic types classification', 'water photovoltaics', 'new photovoltaics', 'photovoltaic types', 'stationary water photovoltaics', 'detailed photovoltaic data', 'spatial information', 'ground single-axis tracking photovoltaics', 'roof photovoltaics', 'experimental results', 'type information'] 

Reference 463: ['photovoltaics', 'photovoltaic power station', 'instance segmentation', 'classification and segmentation of photovoltaics', 'pv-csn'] 

TOP-K 464: ['temporal sensitivity', 'dynamic load profiles', 'time-varying relative sensitivity', 'temporal sensitivity variation', 'transient global sensitivity analyses', 'ground load', 'relative parameter sensitivity', 'effective response uncertainty management', 'thermal response uncertainty', 'time-dependent parameter contributions', 'response uncertainty', 'fluid temperature uncertainty', 'dynamic ground load scenario', 'load patterns', 'parameters'] 

Reference 464: ['uncertainty quantification', 'dynamic uncertainty management', 'ground heat exchanger', 'ground thermal response function', 'transient global sensitivity analysis', 'underground thermal energy storage', 'ground-source heat pump'] 

TOP-K 465: ['natural working-fluid-based portfolio', 'heat pump cycle design', 'hexane', 'high performance', 'high-temperature conditions', 'thermodynamic performance', 'heat pump cycles', ['heat pumps'], 'suction line heat exchanger', 'one-stage cycle layout', 'two-stage cycle layout', 'industrial applications', 'open intercooler', 'fluids', 'primary energy consumption'] 

Reference 465: ['heat pump', 'high temperature', 'industrial', 'natural working fluids', 'cop', 'lorenz efficiency'] 

TOP-K 466: ['isc fault diagnosis method', 'internal short circuit faults', 'real-world vehicle data', 'vvw', 'internal short circuitis', ['double-layer fault diagnosis strategy'], 'early stage isc', 'thermal runawayaccident', 'inconsistency effects', 'variable voltage window mechanism', 'power battery systems', 'applicability', 'battery cells', 'cell', 'robustness'] 

Reference 466: ['power batteries', 'internal short circuit', 'fault diagnosis', 'variable voltage window', 'cell charging voltage slope ranking', 'double-layer fault diagnosis strategy'] 

TOP-K 467: ['thermal energy storage utilization', 'heat pump performance degradation', 'heat pump performance', 'tes', 'novel operational scheduling framework', 'mixed-integer linear programmingmodel', 'heat pump operation', 'operation scheduling framework', ['digital twins'], 'forecasting accuracy', ['heat pumps'], 'variable electricity prices', 'thermal demand forecasting', 'milp optimization', 'demand forecasting'] 

Reference 467: ['heat pump', 'thermal energy storage', 'operation scheduling', 'digital twin', 'fouling'] 

TOP-K 468: ['computational tractability', ['input convex neural networks'], 'convex input-output mappings', 'endogenous non-convexity', 'energy-saving operations', 'model-based optimization', 'high-fidelity surrogate models', 'large-scale public buildings', 'classical feedforward neural networks', 'two-scenario operation simulation', 'average energy-saving ratios', 'individual convex models', 'complex system identification', 'local optima', 'holistic optimal energy-saving operation'] 

Reference 468: ['chiller plant', 'input convex neural network', 'operation optimization', 'heterogeneous', 'all-parallel', 'hvac'] 

TOP-K 469: ['mnls', 'hong kong secondary schools', 'building energy performance', 'convexity assumptions', 'convexity constraints', ['concavity'], ['convex'], 'monotone', ['concave'], 'energy performance', 'new method', 'illustrative example', 'mnls regression function mnls', 'regression function', 'school buildings'] 

Reference 469: ['nonparametric methods', 'regression analysis', 'concavity', 'convexity', 'building energy consumption forecasting'] 

TOP-K 470: ['electrolyzers', 'rapid start-up phase', 'control strategy', 'electrolyzer', 'control strategies', 'strategy', 'power', 'unused wind energy', 'minimum operational power threshold', 'equal power allocation phase', 'priority scheduling method', 'rapid startup', 'significant advantages', 'minimum power threshold', 'operational phase'] 

Reference 470: ['electrolytic hydrogen production', 'wind energy', 'multi-electorlyzer', 'optimized power allocation'] 

TOP-K 471: ['two-stage robust optimization approach', 'two-stage robust optimization', 'power system flexibility shortfalls', 'energy storage units', ['renewable energy penetration rate'], 'system regulation resources', 'supply-demand balance mechanism', 'power system flexibility supply', 'new power system', 'power system', 'system security operation constraints', 'maximum system flexibility margin', 'thermal power', 'different flexibility resources', 'demand balance mechanism model'] 

Reference 471: ['flexibility capacity assessment', 'supply and demand characteristics', 'robust optimization', 'uncertainty', 'renewable energy penetration rate'] 

TOP-K 472: ['organic fluids', 'innovative csp system integration', 'ambient temperature', 'optimisation methodologies', 'water co-generation', 'clean water', 'techno-economic optimisation', 'ambient temperatures', 'direct contact membrane distillation', 'net present value calculations', 'comprehensive techno-economic evaluation', 'various orc fluids', 'power', 'water techno-economic performance', 'techno-economic performance'] 

Reference 472: ['concentrated solar power', 'organic rankine cycle', 'parabolic trough', 'desalination', 'membrane distillation', 'supercritical carbon dioxide brayton cycle'] 

TOP-K 473: ['offshore solar pv resource', 'offshore solar energy features', 'offshore solar pv farms', 'ocean conditions', 'south china sea', 'pv resource', 'offshore solar pv development', 'long-term ocean conditions', 'climate change impacts', ['exploitation potential'], 'offshore pv farm development', 'offshore solar photovoltaicdevelopment', ['exploitative potential'], 'resource characteristics', 'offshore pv projects'] 

Reference 473: ['offshore solar pvera5seas around china', 'exploitation potential', 'climate change'] 

TOP-K 474: ['up-conversion piezoelectric energy harvester', 'peh super-harmonic vibration', 'vibration energy harvesters', ['nonlinear energy sink'], 'nonlinear energy sinkstructure', 'frequency up-conversion mechanism', 'lagrange equation', 'strong-weak voltage', 'superharmonic resonance', 'asymmetric displacements', 'wide frequency vibration environments', 'beam theory', 'theoretical model', 'frequency mismatches', 'wide frequency vibration absorption.in'] 

Reference 474: ['piezoelectric energy harvesting', 'nonlinear energy sink', 'magnetic plucking', 'frequency up-conversion', 'bistable'] 

TOP-K 475: ['trans-log production function', 'energy efficiency', 'non-energy factors', 'factor substitution', 'energy substitution', 'energy', 'coal', 'substitution elasticity', 'sustainable production system', 'technological progress', 'technological advancements', 'gas', ['technical progress'], ['industrial sector'], 'inputs'] 

Reference 475: ["factor's substitution", 'industrial sector', 'technical progress', 'pakistan'] 

TOP-K 476: [['linear mapping trick'], ['dual-motor two-speed bev'], 'ems', 'recurrent actor-critic network', 'discrete-continuous hybrid actions', 'sac-based ems', 'dynamic programming', 'optimal ems', 'observable markov decision process', 'converged episodes', 'simulation results', 'driving mode', 'different emss', 'electrical energy consumption', 'battery capacity losses'] 

Reference 476: ['dual-motor two-speed bev', 'energy management strategies', 'linear mapping trick', 'partially observable markov decision process', 'long short-term memory network'] 

TOP-K 477: [['financial development'], ['renewable energy'], ['digital economy'], 'synergies', 'sustainable energy system', 'u-shaped relationship', 'key empirical results', 'nonlinear effects', 'nonlinear u-shaped relationship', 'robust financial system', 'digital infrastructure', 'strong financial system', 'nonlinear impacts', 'study', 'low level'] 

Reference 477: ['digital economy', 'financial development', 'renewable energy'] 

TOP-K 478: ['f-cpp-acp-tmp', 'toothpaste', 'insoluble extracellular polysaccharidein biofilm', 'new toothpaste formulation', 'dental demineralization', 'ionic biochemical composition', 'eps', 'subsurface caries lesion', 'clinical trials', 'enamel hardness', '1100f', 'biofilm composition', ['biofilm'], 'significance toothpaste formulation', 'valuable insights'] 

Reference 478: ['demineralization', 'dental enamel', 'phosphates', 'biofilm'] 

TOP-K 479: ['novel antibiofilm structures', 'dentin substrate reinforcement', 'glycosyl transferase', 'gtf inhibitors', 'durable restorations', 'materials development', 'non-bactericidal approach', 'natural compounds', 'secondary decay', 'dysbiotic bacteria', 'antimicrobial compounds', 'additional tooth structure', 'biofilm coalescence', 'challenges', 'oral environment'] 

Reference 479: ['oral biofilm', 'acquired pellicle', 'dentin collagen', 'resin composites', 'dental adhesives', 'polymerization'] 

TOP-K 480: ['aligner transparency', 'intraoral aging', 'physicochemical properties', 'polymer glass transition temperature', 'aligner surface', 'transparent aligners', 'clearcorrect ® aligners', 'dental plaque', 'polymer thermomechanical properties', 'surface topography', 'viscoelastic properties', 'plastic material', 'significance intra-oral aging', 'inorganic compounds', ['aesthetic appearance']] 

Reference 480: ['orthodontic aligners', 'intra-oral aging', 'leachable', 'thermomechanical properties', 'surface', 'biological safety', 'aesthetic appearance'] 

TOP-K 481: ['ntz-loaded membranes', 'antibacterial membranes', 'membranes', 'local drug delivery', 'tissue regeneration', 'membrane', 'antimicrobial potential', 'aid periodontal bone regeneration', 'bone mineralization', ['drug release'], 'microbial environment', 'universal testing machine', 'mechanical properties', 'ntz release profile', 'new class'] 

Reference 481: ['antimicrobial', 'bone', 'drug release', 'electrospinning', 'nitazoxanide', 'periodontitis'] 

TOP-K 482: ['silica nanoparticles', 'snps', 'physicochemical properties', 'snps applications', 'improved physicochemical properties', 'potential silica nanoparticles', 'dental materials', 'remineralizing substances', 'sustained-release drug delivery system', 'studies', 'surface roughness', 'efficient nanocarriers', 'promising drug delivery system', ['dentistry'], 'formulations'] 

Reference 482: ['nanotechnology', 'nanoparticles', 'silica', 'drug delivery', 'dentistry'] 

TOP-K 483: ['experimental 3d printer', 'extrusion-based diw principle', 'open-source hardware', 'novel three-dimensional printer', 'occlusal veneers', 'clean on-demand production', 'flowable resin composite', 'future optimization', 'remarkable dimensional accuracy', 'beautifil flow plus', 'printer', 'printing accuracy', 'dimensional accuracy', 'indirect restorations', 'direct ink'] 

Reference 483: ['direct ink writing3d printing', 'additive manufacturing', 'resin composites', 'accuracy'] 

TOP-K 484: ['calcium silicate cements', 'endodontic therapy', 'calcium silicate cement', ['calcium silicate'], 'mesoporous bioactive glass', 'enterococcus faecalisand regenerative potential', 'bioactive glass', 'novel dental cements', 'antibacterial efficacy', 'sol-gel method', 'methods calcium silicateparticles', 'physical properties', 'collagen inclusion', 'setting time', 'dental pulp stem cellswere'] 

Reference 484: ['anti-bacterial agents', 'calcium silicate', 'collagen', 'dental pulp', 'mesoporous bioactive glass nanoparticles', 'odontogenic'] 

TOP-K 485: ['bovine ha', 'tio2 bioceramic material', 'ha', 'bovine bones', 'tio2', 'chemical solubility values', 'ß-tcp', 'catio3', 'dental prosthesis', 'mechanical iso standards', 'fracture toughness values', 'solids waste', 'chemical solubility limits', 'fracture toughness', 'calcium titanate'] 

Reference 485: ['ceramics', 'dental materials', 'nanotechnology', 'apatites'] 

TOP-K 486: ['resin-ceramic hybrids', 'elastic gradients', 'biaxial flexural strengthof glass-ceramics', 'fracture resistance', 'restorative materials', 'tri-layer restorative systems', ['flexural strength'], 'cad/cam materials', 'dentin analog', 'hybrid materials', 'biaxial flexural strength', 'load-bearing capacity', 'load-bearing capacityof', 'flexural stress', 'lava'] 

Reference 486: ['cad-cam', 'composite resins', 'ceramics', 'flexural strength', 'elastic modulus', 'mechanical stress'] 

TOP-K 487: ['dental resin composites', 'o-ptir spectroscopy', 'dental composite polymerisation', '3d micro-ct', 'micro-ct', 'dental composites', 'o-ptir techniques', ['polymerisation shrinkage'], ['filler content'], '2d linear shrinkage', 'experimental dental composite materials', 'polymerisation shrinkage characteristics', 'polymerisation behaviour', 'custom-designed linometer', ['volumetric shrinkage']] 

Reference 487: ['dental composite resins', 'polymerisation shrinkage', 'volumetric shrinkage', 'micro-cto-ptir spectroscopy', 'filler content', 'degree of conversion'] 

TOP-K 488: ['intertubular dentin', 'peritubular dentin', 'tideglusib-nps', 'dentin', 'energy dissipation', 'conditioned dentin', ['tan delta'], 'undoped nps', 'tdg-nps', 'viscoelastic performance', 'load cycling', 'frictional pullout', 'stress concentration', 'conditioned surfaces', ['complex modulus']] 

Reference 488: ['mineralized dentin', 'tideglusib', 'nano-dma', 'nanoparticles', 'atomic force microscopy. stress concentration', 'complex modulus', 'tan delta'] 

TOP-K 489: ['bovine ribs', ['dental implants'], 'polymer-based bone models', 'bone model', 'reduced-diameter implants', 'human bone tissue', 'bovine rib', 'polymer-based bone model', 'fatigue', 'data dispersion', 'oral service', 'bone fraction', 'methods bovine ribs', 'fatigue lifetime', 'dental implantswere'] 

Reference 489: ['dental implants', 'fatigue fractures', 'fractographic analysis'] 

TOP-K 490: ['cad-cam lithium disilicate glass-ceramics', 'lithium disilicate glass-ceramics', 'glass-ceramics', 'integrating-sphere measurements', 'chemical composition', 'post-crystallized samples', ['microstructure'], 'inverse adding-doublingmethod', ['optical properties'], 'ceramic samples', 'structural characterization', 'optical propertiesfrom', 'material microstructure.objectives'] 

Reference 490: ['lithium disilicate', 'lithium metasilicate', 'dental ceramics', 'cad-cam', 'microstructure', 'optical properties'] 

TOP-K 491: ['mutans', 'biofilm inhibitors', 'polymersome-encapsulated biofilm inhibitors', 'biofilm-selective therapy', 'infected gnotobiotic rats', 'oral microbiome', ['dental caries'], 'novel drug delivery platform', 'polymersome-encapsulated biofilm inhibitor', 'ph sensitive polymersome', 'dental caries prevention', 'ph-responsive delivery', 'peha5', 'biofilm inhibitors ha5', 'rat caries model'] 

Reference 491: ['dental caries', 'streptococcus mutans', 'biofilm', 'glucosyl transferase', 'ph-responsive', 'polymersome'] 

TOP-K 492: ['cad-cam restorative materials', ['kubelka-munk theory'], 'kubelka-munk method', ['optical properties'], 'spectral behavior', 'light reflectivity', 'materials composition', 'semi-empirical approach', 'material selection', 'different compositions', 'relative translucency parameter', 'mm thick materials', 'x ∞', 'infinite optical thickness', 'specific conditions'] 

Reference 492: ['cad-cam materials', 'kubelka-munk theory', 'optical properties', 'translucency parameter'] 

TOP-K 493: [['nanoparticle jetting'], 'zirconia surface', 'zirconia surfaces', 'x-ray diffraction', 'zirconia bond performance', 'zirconia bond durability', 'nano-particle jettingtechnology', 'three-dimensional finite element analysis', 'zirconia disks', 'scanning electron microscopy', 'surface micromorphology optimization', 'mdp application', 'three-dimensional interference microscopy', 'npj 3d printer', 'microstructured surfaces'] 

Reference 493: ['nanoparticle jetting', 'morphological optimization', 'finite element analysis', 'shear bond strength', 'zirconia'] 

TOP-K 494: [['diabetes'], ['dentin'], 'diabetic mouse models', 'clinical significance', 'mineral-to-organic ratios', 'optical microscopy', 'tooth dentin composition', 'tooth crowns', 'parafunctional activities', ['mouse models'], 'study', 'type', 'mechanical properties', 'changes', 'models'] 

Reference 494: ['dentin', 'diabetes', 'nanoindentation', 'mouse models'] 

TOP-K 495: ['experimental fluoride-doped calcium phosphate', 'vs20f', 'experimental calcium phosphate', 'experimental fdcpc', 'gene expression markers runx2', 'pulp-capping materials', 'specific experimental calcium phosphate', 'dilution extracts', 'different fluoride saltsconcentrations', 'promising experimental material', 'pulp-capping application', 'dose-dependent capacity', 'study', 'osteogenic environment', 'elevated alp activity'] 

Reference 495: ['biocompatibility', 'calcium phosphate', 'human dental pulp stem cells', 'ion-release', 'osteogenic', 'remineralisation markers'] 

TOP-K 496: ['cholesteryl methacrylate', 'cholesteryl methacrylatemonomer', 'bis-gma/tegdma composite resins', 'polymerization shrinkage force', 'knoop microhardness', 'photochemical cycloaddition', 'cross-link density', 'experimental composite resins', 'endocyclic double bond', 'initial knoop microhardness', 'cld', 'initial microhardness', 'cm', 'spontaneous oxidation', 'softening effects'] 

Reference 496: ['composite resins', 'methacrylates', 'cholesterol esters', 'polymerization', 'polymers'] 

TOP-K 497: ['cholesteryl methacrylate', 'cholesteryl methacrylatein experimental resins', 'post-gel shrinkage', 'knoop microhardness', 'photochemical cycloaddition', ['composite resins'], 'endocyclic double bond', 'elastic modulus', 'compressive strength', 'strain gauge method', 'microhardness values', 'mpa', 'flexural strength', 'concentrations', 'conversion'] 

Reference 497: ['composite resins', 'methacrylates', 'cholesterol esters', 'polymerization', 'polymers'] 

TOP-K 498: ['diamond surface graphitization', 'dlcs adhesion', 'dlc coatings', 'adhesion tuning', 'high diamond surface graphitization', 'surface graphitization', 'dopant intercalation', 'chemical bridges', 'surface reconstruction', 'diamond surface', ['adhesion'], 'atomic species', 'adhesion reduction', 'substrate', ['chemical modifications']] 

Reference 498: ['adhesion', 'dl', 'cs', 'diamond-copper interfaces', 'density functional theory', 'chemical modifications'] 

TOP-K 499: ['li-metal batteries', 'li metal batteries', 'li metal-based batteries', 'wettabillity-enhanced graphene-coated separators', 'lithiophilic properties', 'g@pp separators', 'graphene layer', 'li', ['homogeneous li-ion flux'], 'intrinsic electrolyte wettability', 'electrochemical performance', 'improved cycle stability', 'pg@pp separators', 'electrolyte permeability', 'high li loading conditions'] 

Reference 499: ['lithium metal anode', 'wettability enhanced graphene', 'hydrophilic separator', 'homogeneous li-ion flux'] 

TOP-K 500: ['n,p-cds', 'prepared n,p-cds', 'h2o', 'water-based additives', 'nitrogen/phosphorus co-doped carbon dotsare', 'benzopyrrole', 'tribochemical protective film', 'good lubrication effects', 'cds surface', 'long-term storage', 'robust hydration layer', 'bacterial growth', 'excellent antibacterial activity', 'friction pair surface', 'step hydrothermal method'] 

Reference 500: ['lubricant additive', 'carbon dots', 'heteroatom doping', 'aqueous lubrication'] 

TOP-K 501: [['abraham descriptors'], 'adsorption coefficient prediction', 'different adsorbate concentrations', 'adsorption coefficientprediction', 'adsorbate concentration', 'concentration effects', 'kd prediction', 'adsorption process', 'data-splitting approach', 'specific surface area', 'total pore volume', 'concentration-selection approach', 'group selection', 'training model', 'previous studies'] 

Reference 501: ['machine learning', 'adsorption coefficient', 'equilibrium concentration', 'abraham descriptors', 'carbon-based adsorbent design'] 

TOP-K 502: ['co7fe3/co heterogeneous structures', ['cation exchange reactions'], 'multi-phase heterostructures', 'cation exchange', 'metal/alloy phases', 'electromagnetic synergy', 'broadband absorption', 'electromagnetic attenuation capabilities', 'single metal phases', ['impedance matching'], 'rlmin value', 'ghz', 'broadband absorption bandwidth', 'absorption performance', 'transition mechanism'] 

Reference 502: ['phase engineering', 'cation exchange reaction', 'electromagnetic parameters', 'impedance matching', 'heterogeneous structures'] 

TOP-K 503: ['carbon-based all-inorganic c-pscs', 'c-pscs', 'novel carbon counter electrodes', 'vo@cnf', 'carbon counter electrode', 'cspbbr ₃ perovskite', 'vo-deposited carbon nanofibers', 'power conversion efficiencies', 'pce increase rates', ['counter electrodes'], 'novel counter electrodes', 'low conductivity', ['back interface'], 'first time', '@cnf'] 

Reference 503: ['counter electrode', 'cs', 'pb', 'br₃cnf', 'back interface', 'perovskite solar cells'] 

TOP-K 504: ['mxene/zro2/w-c nanofibers', 'nanocage-structured uio-66', 'high-performance electromagnetic wave-absorbing materials', 'electrospinning technology', ['ultra-wide absorption bandwidth'], 'ultra-wide absorption bands', 'doping phase', 'impedance matching', 'dopant phase', 'electrostatic spinning method', 'excellent electromagnetic wave absorption', 'experimental results', 'multi-phase doped fiber', 'wide absorption bandwidth', 'electromagnetic interference'] 

Reference 504: ['electrospinning', 'm', 'xene', 'ultra-wide absorption bandwidth', 'porous nanocages', 'multidimensional heterogeneous interface'] 

TOP-K 505: ['chemically-controlled transfer technique', 'h2so4-treated p-type films', 'post-treatment method', 'swcnt/cmc films', 'dispersion-stable swcnt', 'stretchable device applicability', 'n-type te films', 'cmc polyelectrolyte', 'single-walled cntand carboxymethyl cellulosecomposite', 'stretchable tegs', 'n-type te performance', 'excellent dispersion-stability', 'high stretchability', 'n-type films', 'te performance'] 

Reference 505: ['organic thermoelectrics', 'organic thermoelectric generator', 'single-walled carbon nanotube', 'stretchable', 'dry-transferable'] 

TOP-K 506: ['co/cofe bimagnetic phases', 'smfeb', 'hollow co/cofe @c', 'strong microwave absorption', 'multilayer microwave', 'multi-scale structural design', 'strong microwave absorption ability', 'carbon-magnetic material', 'impedance matching', 'effective absorption bandwidth', 'material', 'magnetic layer', 'multilayer material', 'hollow structure', 'high permeability'] 

Reference 506: ['prussian blue analogs', 'magnetic loss', 'multi-layer structural absorbing material', 'microwave absorption'] 

TOP-K 507: ['biomimetic mineralization template', 'n', 'anode materials', 'sibs', 'unique honeycomb porous structure', 'porous carbon', 'novel carbon-based materials', 'honeycomb morphology', ['sodium-ion batteries'], 'energy storage', 'abundant raw materials', 'high porosity', 'simple synthesis', 'auspicious anode material', 'environmental pollution'] 

Reference 507: ['biomimetic mineralization', 'combustion activation', 'sodium-ion battery'] 

TOP-K 508: ['single-walled carbon nanotubethin films', 'thermoset monitoring', 'swcnt films', 'embedded swcnt films', 'mechanical loading', 'structural monitoring', 'mwcnts alternatives', 'thermoset polymers', 'polymerization stages', ['piezoresistive response'], 'physical features', 'sensitive deformation monitoring', 'deposited electrodes', 'sensitivity', 'monitoring'] 

Reference 508: ['carbon nanotube film', 'composites', 'manufacturing monitoring', 'lifecycle monitoring', 'piezoresistive response'] 

TOP-K 509: ['graphite', 'lubricating oil film', 'synergistic lubrication mechanism', 'pao', 'pao molecules', 'first-principles calculations', 'self-lubricating additives', ['molecular dynamicssimulation'], 'tribological properties', 'synergistic effect', 'friction interface', 'oil film', 'transfer film', 'transfer film formation', 'good mechanical properties'] 

Reference 509: ['solid-liquid synergistic lubrication', 'polymer composites', 'first-principles', 'molecular dynamicssimulation'] 

TOP-K 510: ['ultra-broadband emwa', 'high-temperature annealing', 'gradient metamaterial', 'emwa performance', 'sno2/porous carbon composites', 'doped fe3o4', '3d-4f magnetic coupling', 'core-shell heterostructure', 'magnetic performance', 'rcs reduction value', 'polarization loss', 'ion distribution changes', 'multiple heterointerfaces', 'stick-shaped sn metal-organic frameworkis', '5-mm thickness'] 

Reference 510: ['la-doped fe3o43d-4f coupling', 'sn-mof', 'enhanced microwave absorption', 'multiple heterostructures'] 

TOP-K 511: [['rhombohedral graphite'], ['electronic raman scattering'], ['raman spectroscopy'], 'graphene layers', 'perfect rg structure', ['topological flat band'], 'raman processes', 'sequence identification', 'electronic interactions', 'electronic phenomena', 'distinctive peak positions', 'bulk gap', 'established technique', 'key advantage'] 

Reference 511: ['rhombohedral graphite', 'raman spectroscopy', 'electronic raman scattering', 'topological flat band'] 

TOP-K 512: ['novel phase assembly-modulating strategy', 'microwave absorption properties', 'microwave absorption', ['phase modulation'], 'potential microwave absorber', 'mose2 material', 'mose2 phase', 'three-dimensional n-mose2', 'high-purity magnetic 1t', 'gox microspheres', 'gox', 'db@1.8 mm', 'unique 1t', 'advanced conductivity loss', 'practical application'] 

Reference 512: ['mo', 'se2microwave absorption', 'g', 'ox', 'phase modulation', 'ultrasonic spraying'] 

TOP-K 513: ['foam 3d printing', 'carbon nanotube composites', 'thermal conductivity', 'carbon nanotubefoams', 'robust thermoplastic polyurethane', 'foam 3d printingprocess', 'functional foams', ['electrical conductivity'], 'controllable density', 'uniform cellular morphologies', 'uniform morphologies', 'nozzle temperature', 'density reduction', 'foam expansion', 'tunable densities'] 

Reference 513: ['3d printing', 'additive manufacturing', 'foam printing', 'carbon nanotubes', 'nanocomposites', 'electrical conductivity'] 

TOP-K 514: ['diamond phase transitions', ['diamond'], 'friction products', 'iron wires', ['friction'], 'graphitic carbon', 'iron', 'primary factors', 'iron wire', 'iron carbide', 'friction atmosphere', 'metal iron', 'friction interface', 'initial downward trend', 'friction curve'] 

Reference 514: ['ultrafine drawing', 'diamond', 'friction', 'interface', 'structural evolution'] 

TOP-K 515: [['ternary composites'], 'co/mno @nc ternary composites', 'multi-component composites', 'co/mno @nc composites', 'conventional ferromagnetic-based absorbers', 'co/mno @nc absorbers', 'efficient microwave absorbers', 'exceptional emw absorption properties', 'radar cross-section simulations', 'dielectric polarization response capability', 'enriched heterogeneous interfaces', 'power loss density', 'effective absorption bandwidth', 'outstanding absorption properties', 'minimum reflection loss value'] 

Reference 515: ['ternary composites', 'heterogeneous interfaces', 'dielectric polarization', 'magneto-electric synergy', 'electromagnetic wave absorption'] 

TOP-K 516: ['porous carbon nitride photocatalysts', ['graphene'], 'high specific surface area', 'pyridinic nitrogen atoms', 'high-performance metal-free two-dimensional photocatalysts', 'effective electron-hole separation', 'water-splitting reaction', 'suitable-size n-doped cavity', 'new photocatalyst', 'new two-dimensional photocatalyst', 'nitrogen atoms', 'exciton binding energies', 'abundant active sites', 'water splitting', 'metal co-catalyst'] 

Reference 516: ['graphene', 'porous carbon nitride', 'metal-free two-dimensional photocatalyst', 'exciton dissociation', 'proton-coupled electron transfer'] 

TOP-K 517: ['nickel matrix composites', '3d graphene networks', 'strength-ductility synergy', ['metal matrix composites'], 'hdi hardening', 'fine-grained zones', 'dispersed microcracks', 'dynamic plastic deformation', 'three-dimensional graphene', 'hetero-interfaces', 'cold rolling', 'uniform elongation', 'tensile strength', '3dgn-reinforced composite', 'inherent strength-ductility paradox'] 

Reference 517: ['metal matrix composites', 'bimodal structure', 'three-dimensional graphene network', 'stacking fault', 'mechanical properties'] 

TOP-K 518: ['upscaled bioplastics production', 'multi-stage mfa technique', 'bioplastics production', ['bioplastics'], 'bioplastics conversion', 'wastes', 'sustainability assessment', 'multi criteria analysis', 'circular economy', 'sustainability', 'combined sustainability assessment', 'multi criteria analysiswith mfa', 'primary biomass', 'emissions', 'technical aspects'] 

Reference 518: ['bioplastics', 'feedstock sustainability evaluation', 'material flow analysis', 'multi-criteria analysis', 'cellulose nanofibril', 'waste management'] 

TOP-K 519: ['adsorption-based atmospheric water extractionsystems', 'atmospheric water harvesting', 'climate variability', 'water extraction', 'kinetic model', ['kinetic analysis'], 'critical process design variables', 'operating costs', 'cost', 'optimization algorithm', 'process modeling', 'coupling mof material selection', 'freshwater sources', 'comprehensive computational approach', 'stage stochastic programming approach'] 

Reference 519: ['atmospheric water extraction', 'kinetic analysis', 'meteorological analysis', 'metal-organic frameworks', 'stochastic optimization'] 

TOP-K 520: ['tio2 modification', 'ti-4bc', ['coconut shell biochar'], ['tetracycline'], 'high-efficiency photocatalytic degradation', 'adsorption mechanism', 'excellent adsorption performance', 'heavy metals', 'multiple heavy metals', 'binary metal system', 'metal ions', 'various methods', 'degradation performance', 'competitive effect'] 

Reference 520: ['coconut shell biochar', 'ti', 'o2heavy metal', 'tetracycline'] 

TOP-K 521: ['co cluster-single atoms', 'catalytic sponges', 'co clusters', 'co sa', 'non-magnetic catalysts', ['co single atoms'], 'co cs/a-tio', 'co cs/a-tio 2/pms system', 'advanced oxidation processes', 'dft calculations', 'microreactor treatment experiment', 'synergistic effect', 'single atomsites', 'wastewater treatment', 'atomic level'] 

Reference 521: ['co single atom', 'co atomic cluster', 'crystal phase regulation', 'electron optimization', 'pms-based aops'] 

TOP-K 522: ['future drought risk', 'agrotechnology transfer', 'ssp585 scenarios', 'wue', 'high-resolution climate models', 'yrb', 'drought risk', 'optimal wue thresholds', 'notable western dry-wet shifts', 'yrb ecoregions', 'dssat model', 'model intercomparison project phase', 'wue thresholds', 'future climate scenarios', 'regional differences'] 

Reference 522: ['spring maize', 'climate change', 'ceres-maize model', 'drought', 'water use efficiency'] 

TOP-K 523: ['microwave irradiation', 'cold-mix asphalt', 'microwave-induced healing', 'moderate microwave irradiation', ['cold mix asphalt'], ['cold mix asphalts'], 'microwave radiation', 'powdered slag', ['steel slags'], ['steel slag'], 'crack healing', 'various environmental stressors', 'cold mix asphalt properties', 'microwave treatment', 'binder wettability'] 

Reference 523: ['sustainability', 'carbon footprint', 'healing', 'cold mix asphalt', 'microwave', 'steel slag'] 

TOP-K 524: ['caas', 'provider-manufacturer communication', 'caas adoption', 'cultural perceptions', 'barriers', 'enablers', 'academic study', 'regional adoption', 'geographies', 'countries', 'caas transfers', 'qualitative interviews', 'primary barriers', 'initial outlay', 'different sectors'] 

Reference 524: ['business model', 'circular economy', 'cooling', 'servitisation', 'servitization', 'sustainability'] 

TOP-K 525: ['non-green sectors', ['technological innovations'], ['technological innovation'], 'green economic growth', 'spillovers', 'dominant role non-green sectors', 'countries', 'non-green ones', 'green sectors', 'path-defying pattern', 'unique challenges', 'technological innovation effect', 'path-dependent pattern', 'production capabilities', 'positive effect'] 

Reference 525: ['technological innovation', 'green growth', 'path-dependent economic growth', 'green capabilities spillovers', 'developing countries', 'economic complexity'] 

TOP-K 526: ['green shipping regulations', 'green shipping policy network', 'policy actors', 'green shipping policies', 'policy thematic emphasis', 'mandatory green shipping policies', 'collaborative relationships', 'environmental concerns', 'china', 'policy entities', 'thematic priorities', 'recent years', 'significant transitions', 'maritime sector', 'different levels'] 

Reference 526: ['green shipping', "china's green shipping policy", 'social network analysis'] 

TOP-K 527: [['lithium-oxygen batteries'], 'high-efficiency lithium-oxygen batteries cathodes', 'high-efficiency cathodes', 'cradle-to-gate approach', 'titanium oxide composites', 'carbon-based composites', 'sustainable cathode manufacturing methods', 'graphene-based composites', 'high energy density', 'environmental considerations', 'active material production stage', 'environmental impacts', 'environmental impact', ['life cycle assessment'], 'life cycle'] 

Reference 527: ['energy storage', 'life cycle assessment', 'lithium-oxygen battery', 'impact assessment'] 

TOP-K 528: ['ruminant meat', 'dietary factors', 'self-selected nutritious diets', 'diets', 'nutritious diets', 'dietary guidelines', 'dg revisions', 'environmental considerations', 'certain foods', 'food content', 'environmental concerns', ['environmental impact'], 'particular ruminant meat', 'whole grains', 'high environmental impact'] 

Reference 528: ['sustainable diets', 'positive deviance', 'nutritional quality', 'environmental impact', 'diet cost'] 

TOP-K 529: [['iron ore tailings'], 'sugarcane bagasse', ['carbon deposition'], 'iot', 'biomass waste', 'scb/iot ratio', 'secondary iron source', 'iron ore', 'weak magnetic iron oxides', 'strong magnetic iron phases', 'steelmaking processes', 'residual biomass volatiles', 'biogenic hydrogen production', 'catalytic tar', 'metallic iron'] 

Reference 529: ['biomass volatiles', 'iron ore tailings', 'iron recovery', 'catalytic cracking', 'carbon deposition', 'hydrogen'] 

TOP-K 530: ['partial cooperation', 'agent-based modelsand game theory', 'farmer agents', ['agent-based model'], 'non-cooperative scenarios', 'real-world scenarios', 'abm-gt framework', 'agents', 'water shortages', 'economic potential', 'conjunctive management', 'cooperation', 'dry years', 'net benefits', 'allocation problems'] 

Reference 530: ['agent-based modeling', 'game theory', 'water resources management', 'decision making', 'partial cooperation dynamics'] 

TOP-K 531: ['household photovoltaic projects', 'photovoltaic projects', 'local governments', 'pv promotion', 'photovoltaic enterprises', 'local governments incentives', 'four-party evolutionary game model', ['regret theory'], 'financing institutions', 'renewable energy', 'fiscal policies', 'behavioural decisions', 'households', 'grid-connected prices', ['investment decisions']] 

Reference 531: ['household photovoltaic', 'inclusive finance', 'investment decision', 'evolutionary game', 'regret theory', 'system dynamic'] 

TOP-K 532: ['electrodialysis-based acid recovery', 'ed-based acid reclamation processes', 'nernst-plank equation-based model', 'ed-based acid recovery systems', ['proton leakage'], 'electrodialysis conditions', 'electrodialysis-based acid concentration', 'imperfect proton leakage characteristics', 'experimental data', 'subsequent proton concentration', 'model', 'acid transport', 'waste acids', 'practical applications', 'selective separation'] 

Reference 532: ['acid recovery', 'electrodialysis', 'anion exchange membrane', 'nernst-planck equation', 'proton leakage'] 

TOP-K 533: ['waste-to-methanol', 'waste-to-methanol process', 'cradle-to-grave lca analysis', 'wtm technology', 'wtm-gh', 'waste-to-energy process', 'low-carbon energy', 'global warming', 'green hydrogen use', 'regional/local impacts', 'potential environmental impacts', 'carbon credits', 'global impacts', 'global warming potential', 'green hydrogenin'] 

Reference 533: ['gasification', 'methanol', 'green technology', 'life cycle assessment', 'municipal solid waste', 'green hydrogen'] 

TOP-K 534: [['cableway'], 'cableway system', 'life cycle ghg emissions', 'cableway systems', 'car transportation', 'lifecycle ghg', 'current car transportation', 'environmental impacts', 'terrestrial ecosystems', 'alternative transportation options', 'daily cableway passengers', 'energy consumption', 'urban transportation', 'comparative lca', 'daily average passengers'] 

Reference 534: ['life cycle assessment', 'cableway', 'ropeway', 'urban', 'biodiversity', 'carbon footprint'] 

TOP-K 535: ['ammonia synthesis manufacturing plant', ['electricity production cost'], 'orc system characteristics', 'exergy efficiency', 'water subsystem', 'therm-economic optimization method', 'exergy performance', 'developed therm-economic optimization', 'water subsystem cost', 'primary non-energy cost', 'direct energy cost', 'current research deficiencies', 'organic fluid cost', 'minimum epc', 'optimal operation condition'] 

Reference 535: ['organic rankine cycle', 'therm-economic optimization', 'circulating water', 'electricity production cost', 'coefficient of exergy performance'] 

TOP-K 536: ['amine regeneration-co2 mineralization', 'emar-m', 'amine regeneration', 'co2 mineralization', 'energy consumption', 'co2-rich amine', 'metal-amine coordination desorption', 'metal ion release', ['mea'], 'electrode dissolution', 'electrochemical method', 'current problems', 'mineralization', 'redox reaction', 'good co2 absorption'] 

Reference 536: ['co2electrochemically', 'capture-mineralization', 'in-situ amine regeneration', 'mea'] 

TOP-K 537: ['straw', 'straw conversion', ['machine learning'], ['ball milling depolymerization'], 'direct microwave hydrothermal conversion', 'machine learning methodology', 'organic solvents', 'microwave hydrothermal conversion', 'solid wastes conversion hmf', 'machine learning method', 'hmf yield', 'machine learning prediction', 'biphasic system', 'conversion potential', 'synergic use'] 

Reference 537: ['straw5-hydroxymethylfurfural', 'ball milling depolymerization', 'microwave hydrothermal', 'machine learning'] 


N=5
P=0.1382899628252788
R=0.13762486126526083
F1=0.137956610420916


N=10
P=0.10855018587360594
R=0.21605623381428044
F1=0.14450080415687244


N=15
P=0.08474996897878148
R=0.2526822049574547
F1=0.12692808028247538

max_len: 512
temp_en: Book:
temp_de: This book mainly talks about 
model: base
enable_filter: True
enable_pos: True
position_factor: 120000000.0
length_factor: 0.6
Processing time: 222.33493065834045
