Start Testing ...
TOP-K 0: ['atmospheric water vapour', 'pwv', ['precipitable water vapour'], 'water vapour', 'climate change', 'radiosonde data', 'atmospheric water vapour concentration', 'water vapour concentration', 'vertical atmospheric temperature profile', 'reanalysis data', 'moist lapse rate', 'total water vapour column', 'tropical regions', ['scale height'], 'atmospheric temperature'] 

Reference 0: ['lapse rate', 'precipitable water vapour', 'scale height', 'temperature', 'vertical profile'] 

TOP-K 1: ['pwv retrieval', 'amsr2 water vapor products', 'era5 pwv', 'amsr2 pwl', 'high-precision pwv retrieval model', 'mwri-rm pwv', 'machine learning algorithms', 'light gbm', 'high precision', 'random forests', 'brightness temperature data', 'light gradient', 'complex relationships', 'study'] 

Reference 1: ['water vapor', 'fy-3g/mwri-rm', 'era5', 'radiosonde'] 

TOP-K 2: ['machine learning-based method', 'deep belief network', 'smap imagery', ['dbn'], 'smap satellite', 'error distribution analysis', 'soil moisture values', 'soil moisture product', ['soil moisture'], ['land cover'], '36-kilometer soil moisture product', 'various land cover types', 'snotel network', 'spatial patterns', '3-kilometer resolution'] 

Reference 2: ['dbn', 'soil moisture', 'downscaling', 'spatial resolution', 'land cover'] 

TOP-K 3: ['space membrane structure design', 'simulations', 'mechanical property correctness', 'model', 'configuration accuracy', 'layer contact model', 'crease deployment experiments'] 

Reference 3: ['space membrane structure', 'crease dynamics', 'dynamics simulation and experiment', 'ancf'] 

TOP-K 4: ['pre-midnight epb rates', 'ionospheric connection explorermission', 'magnetic latitude', 'epb responses', 'geomagnetic variability', 'full ion density dataset', 'solar cycle', 'local time dependencies', 'early years', 'disturbed conditions', 'global scale'] 

Reference 4: ['equatorial plasma bubbles', 'ionospheric irregularities', 'icongeomagnetic activity', 'seasonal variability'] 

TOP-K 5: ['airglow images', 'automatic method', 'time complexity', ['all-sky airglow imager'], 'propagation parameters', 'semi-automatic approach', 'new automatic approach', 'error', 'morphology', 'plasma structures', 'results', 'semi-automatic approach.this paper', 'minimal dependency'] 

Reference 5: ['all-sky airglow imager', 'image segmentation', 'mid-latitude ionospheric plasma structure', 'deep learning'] 

TOP-K 6: ['hunga eruption', 'positive ionospheric storm', 'strong equatorial', ['ion density'], 'moderate geomagnetic storm', 'dip equator region', 'sudden storm commencement', 'longitudes', 'high wind variations', 'wind dynamics', 'altitudes'] 

Reference 6: ['ionosphere and thermosphere', 'ion density', 'wind speed', 'geomagnetic storm', 'volcanic eruption'] 

TOP-K 7: ['post-sunset epbs', 'sts', 'post-midnight epbs', ['solar flux'], 'esf occurrence', 'post-midnight hours', 'ionospheric monitoring', 'low solar activity', 'solar activity levels', 'temporal variations', 'pre-reversal enhancementis'] 

Reference 7: ['equatorial spread f', 'satellite traces', 'sts with or without esf', 'solar flux', 'seasonal variability of sts'] 

TOP-K 8: ['tianqin constellation', 'multi-objective optimization problem', 'active orbital control', 'non-uniformly conflicting relationship', 'high-fidelity dynamics', 'segmented cooperative control strategy', 'fuel consumption', 'geometric stability', 'virtual structure methods', 'local optimization', 'achievable geometric stability', 'active configuration maintenance', 'virtual formation'] 

Reference 8: ['configuration maintenance', 'cooperative control', 'multi-objective optimization', 'cost-benefit analysis', 'gravitational wave detection'] 

TOP-K 9: ['nonlinear orbital uncertainty propagation', 'on-orbit spacecraft maneuvers', 'orbital uncertainty propagation', 'nonlinear orbital dynamics', 'orbital anomaly', 'orbital uncertainty', 'combined gaussian mixture model', 'potential non-gaussian effects', 'arbitrary dynamical models', 'state estimation errors', 'uncertainty propagation', 'mapping uncertainty', 'method', 'method accounts'] 

Reference 9: ['spacecraft maneuver detection', 'nonlinear uncertainty propagation', 'orbital maneuver', 'space situational awareness'] 

TOP-K 10: ['n-body meteoroid model', 'asymmetric light curves', 'heterogeneous materials', 'multiple light curve', 'meteoroid cases', 'irregular geometry', 'heterogeneous properties', 'multiple peaks', 'porous structure', 'new approach.meter-sized meteoroids'] 

Reference 10: ['atmospheric entry of meteoroids', 'discrete element method', 'meter-sized meteoroid2023 beijing meteoroid', 'asteroid 2024 bx1'] 

TOP-K 11: ['dre correction', 'pronounced draconitic errors', 'intra-seasonal gcm variations', 'repro3 gcm', 'repro2 gcm', 'significant dre', 'repro2', 'annual phase deviation', 'overall agreement', 'annual timescale', 'x component', 'independent references', 'slight improvement', 'comparable estimates', 'component'] 

Reference 11: ['geocenter motion', 'gnss inversion', 'igs reprocessing campaigns', 'seasonal variations', 'intra-seasonal variations'] 

TOP-K 12: ['tbna', 'surface subsidence mechanism', 'surface subsidence', 'ground deformation prediction model', 'land reclamation areas', 'groundwater extraction', 'subsidence mechanism', 'lstm model', 'geotechnical model', 'surface subsidence monitoring', 'subsidence prediction', 'reclamation time', 'similar land reclamation areas', 'deformation evolution', 'future subsidence trends'] 

Reference 12: ['land reclamation', 'ground subsidence', 'in', 'sar', 'mechanism analysis', 'deformation prediction'] 

TOP-K 13: ['surface water salinity prediction', ['mekong delta'], 'surface water salinity map', 'particle swarm optimization-bagging', 'local geo-environmental conditions', 'ml models', '1d-convolution neural network', 'salinity prediction modeling', 'satellite images', 'popular statistical indicators', 'ensemble ml models', 'study area', 'previous studies', 'observation data', 'random forest'] 

Reference 13: ['salinity intrusion', 'remote sensing', 'landsat-8machine learning', 'mekong delta', 'vietnam'] 

TOP-K 14: ['eco-environment quality', 'industrial structure indexes', 'eco-environment system quality', ['industrial structure'], 'granger causality test', 'industrial structure change', 'industrial structure diversity', 'industrial structure rationalization', 'panel vector autoregressive model', 'principal component analysis', 'contribution rate', 'panel data', 'negative effects', 'overall trend', ['variance decomposition']] 

Reference 14: ['industrial structure', 'ecological environment quality', 'pvar', 'impulse response', 'variance decomposition', 'granger causality'] 

TOP-K 15: ['surface meteorological variables', 'era5 reanalysis dataset', 'water vapor', 'medium-range weather forecasts', 'rms values', 'lightgbm', 'high spatiotemporal variability', 'tropospheric wet delaywas', 'complex geographical conditions', 'climatic scenarios', 'machine learningapproaches', 'high estimation accuracy', 'consistent performance', 'european centre'] 

Reference 15: ['tropospheric wet delay', 'machine learning', 'xg', 'boost', 'light', 'gbm'] 

TOP-K 16: ['dummy variables', 'spectral information', 'agricultural rain-fed region', 'regional maize', 'regression models', 'soybean yield', 'terra satellite', 'yield variation', 'summer crop seasons', 'management differences', 'modis sensor', 'technological improvement', 'soybean.a regression model', 'model input', 'regional scale'] 

Reference 16: ['ndvilsttdvi', 'water stress'] 

TOP-K 17: ['fvc', 'nonnegative matrix factorization', 'fvc estimation', 'average relative humidity', 'three-north region', 'weighted random forestmodel', 'fvc distributions', 'optimal parameter-based geographic detectorand', 'quadratic optimization', 'strong spatial alignment', 'first local influencing factor', 'local drivers'] 

Reference 17: ['fractional vegetation coverage', 'improved constrained nonnegative matrix factorization', 'optimal parameter-based geographic detector', 'geographically weighted random forest', 'ecological protection'] 

TOP-K 18: ['gaseous helium', 'propulsion system design', 'valve design', 'cold gas propulsion system', 'thruster configuration', 'design aspects', 'end use requirements', 'pwm testing', 'sea level thrust observations', 'steady state operation', 'paper', 'steady state', 'vacuum condition', 'duty cycles', 'detailed description'] 

Reference 18: ['cold gas thrusters', 'cube', 'sat propulsion', 'pull in voltage', 'cyclic life', 'on-response', 'pulse width modulation'] 

TOP-K 19: [['zhinyu crater'], ['ejecta'], 'regional stratigraphy', 'chang', 'shallow subsurface', ['numerical simulation'], 'ejecta distribution.zhinyu crater', 'landing site', 'continuous ejecta', 'compositional rings', 'formation process', 'specific analysis', 'e-4 rover', 'reliable information'] 

Reference 19: ['impact crater', 'ejecta', 'numerical simulation', 'zhinyu crater'] 

TOP-K 20: ['piezoelectric semiconductor', 'piezoelectric semiconductors', 'non-uniform piezoelectric semiconductor beams', 'electro-elastic coupling behaviors', 'nonlinearity', 'piezoelectric semiconductor beam', 'electrical field quantities', 'electro-elastic behaviors', 'nonlinear constitutive relation', 'new approaches', 'numerical analysis', 'potential barriers', 'cross section', 'effects'] 

Reference 20: ['nonlinear analysis', 'bended piezoelectric semiconductor', 'variable cross section', 'iteration procedure', 'differential quadrature method', 'electro-elastic properties'] 

TOP-K 21: [['flexural-gravity waves'], ['flexural-gravity wave'], 'bragg resonance', 'undulating bottom topography', 'asymptotic method', 'wave propagation', 'bottom ripples', 'incident wave energy', 'second-order solutions', ['uniform currents'], 'frequency domain', 'time domain', 'whole system', 'error gap', 'discrete fourier'] 

Reference 21: ['flexural-gravity wave', 'uniform current', 'bottom undulation', 'asymptotic approach', 'fourier transform', 'reflection coefficient', 'time-domain analysis'] 

TOP-K 22: ['supply uncertainty', 'inventory problem', 'wholesale price', 'defective units', 'multiple suppliers', 'production systems', 'buyback price', 'suppliers', 'order quantities', 'solution algorithm', 'managerial insights', 'defective rate', 'buyer purchases'] 

Reference 22: ['supplier selection', 'newsvendor model', 'uncertain supply', 'buyback/return policy'] 

TOP-K 23: ['subcritical bogie hunting bifurcation', 'supercritical bogie hunting bifurcation', ['high-speed trains'], 'carbody hunting', ['hunting stability'], 'active secondary suspension', ['constraint-following control'], 'underactuated control problem', 'passive suspension parameters', 'nonlinear critical speed', ['active suspension system'], 'varied extreme operational conditions', 'ride comfort', 'unstable speed range', 'theoretical analysis'] 

Reference 23: ['high-speed train', 'hunting stability', 'nonlinear damping', 'active suspension system', 'bifurcation control', 'constraint-following control'] 

TOP-K 24: ['one-dimensional anisotropic nano-beams', 'strain gradient theory', 'anisotropic beams', 'elasticity theory', 'gradient elasticity', ['analytical solutions'], 'anisotropic materials', 'general analytical solutions', 'gradient coefficient c', 'exact analytical solutions', 'gradient stress', 'classical theory', 'different boundary conditions', 'displacement fields', 'study'] 

Reference 24: ['anisotropic nano-beams', 'nonlocal elasticity', 'stress and strain gradient elasticity', 'analytical solutions', 'micro-size effects'] 

TOP-K 25: ['hong kong', 'omicron wave', 'two-age-group transmission model', 'omicron variant', 'coronavirus diseaseacross age groups', 'pandemic', 'time-varying transmission', 'inter-group transmission rate', 'intra-group transmission rate', 'fifth wave', 'age groups', 'death rates', 'vaccination rates', 'fifth', 'transmission advantage'] 

Reference 25: ['omicron', 'age-stratified transmission model', 'booster vaccinations', 'counterfactual scenarios'] 

TOP-K 26: [['favre waves'], 'finite element discretisations', 'solitary wave solution', 'shallow-water equations', 'numerical dissipation', 'maximum wave amplitudes', 'upwind fluxes', 'prismatic channels', 'trapezoidal cross-section', 'dispersive problem', 'appropriate hybrid finite volume', 'long time dynamics', 'conservative variables', 'typical case', 'engineering interest'] 

Reference 26: ['favre waves', 'dispersive waves', 'boussinesq-type model', 'finite volume', 'finite element', 'energy dissipation'] 

TOP-K 27: ['tree multibody systems', ['finite element method'], 'eigenvalue problems', 'flexible bodies', 'dynamical equations', 'component mode synthesis', 'system topology', 'transfer equations', 'mechanical information', 'linear version', 'rooted tree', 'steady-state responses', 'core idea'] 

Reference 27: ['multibody system transfer matrix method', 'vibration analysis', 'finite element method', 'multibody systems'] 

TOP-K 28: [['wasserstein metric'], 'traffic sensors', 'kl divergence model', 'urban road network', 'new traffic sensors', 'traffic flow estimation', 'sensor network', 'optimal sensor location scheme', 'traffic sensor location', 'link information value', 'traffic flow', 'sensor location scheme', 'paper', 'traffic flow distribution', 'deployment cost'] 

Reference 28: ['transportation planning', 'sensor location', 'wasserstein metric', 'flow estimation', 'greedy algorithm'] 

TOP-K 29: [['cfrp'], 'cfrpims', 'cfrp milling edge processing', 'cfrp workpieces', ['rigid-flexible coupling dynamics model'], 'thin-walled flexible plate', 'genetic algorithm', 'machining system', 'compliant tooling', 'layout optimization', 'optimization model', 'transfer matrix method', ['support rigidity'], 'dynamics characteristics', 'rigid bodies'] 

Reference 29: ['rigid-flexible coupling dynamics model', 'transfer matrix method for multibody systems', 'cfrp', 'milling edge processing', 'support rigidity', 'vibration response'] 

TOP-K 30: ['zigzag bnnts', 'bnnts', 'armchair bnnts', 'strain energy', 'inversion energy', 'shear modulus', 'inversion angles', 'small diameters', 'different bonds', 'bond angles', 'elastic constants', 'analytical expressions', ['thermal environment'], 'overall potential energy', 'distinct differences'] 

Reference 30: ['boron nitride', 'elastic properties', 'molecular mechanics', 'thermal environment', 'energy method'] 

TOP-K 31: ['no-equilibrium chaotic system', 'image encryption algorithm', ['hidden attractor'], 'no-equilibrium multi-fold hidden attractors', 'practical microcontroller-based implementation', 'chaotic system', 'complicated phase portrait', 'novel approach', 'new research focus', 'past decade', 'potential application.generation'] 

Reference 31: ['hidden attractor', 'no-equilibrium', 'multi-fold attractor', 'image encryption', 'hardware implementation'] 

TOP-K 32: ['dynamic contact stiffness', 'rigid spherical indenter', 'couple stress theory', 'parametric studies', ['contact vibration'], 'reciprocal receptance', 'shear modulus', 'internal friction', 'small oscillation force', 'characteristic material length', 'size effect', 'pronounced effect', 'peak values'] 

Reference 32: ['contact vibration', 'couple stress', 'perturbation method', 'hankel transform'] 

TOP-K 33: ['auto-regressive exogenous models', 'recursive least-squares algorithm', 'model parameters', 'output outliers', 'proximal gradient method', 'outlier problem', 'parameter estimation', 'persistent excitation', 'information matrix', 'parameter estimation error', 'squares algorithm'] 

Reference 33: ['adaptive accelerated proximal gradient', 'outputs with outliers', 'unbiased parameter estimate', 'recursive identification', 'convergence properties', 'state of charge'] 

TOP-K 34: ['multi-axis random vibration excitation', ['multi-axis random vibration'], 'vibration excitation', 'root-mean-square stress', 'multi-objective topology optimization', 'multi-objective topology optimization method', 'topology model', 'vibration resistance', 'vibration intensity', 'structures', 'common loading conditions', 'fatigue life', 'topology optimization phase', 'additional load path', 'effective solutions'] 

Reference 34: ['multi-axis random vibration', 'topology optimization', 'hybrid cellular automata', 'analytic hierarchy process', 'fatigue'] 

TOP-K 35: ['nonlinear resonant scatterers', 'nonlinear multiple scattering approach', 'nonlinear resonant metamaterial plates', 'nonlinear scatterers', 'resonant scatterers', 'thin plates', 'thin plate', 'multiple scattering', 'multiple scattering method', 'effective wave simulation method', 'multiple nonlinear scatterers', 'wave interactions', 'periodic array', 'available studies'] 

Reference 35: ['nonlinear multiple scattering', 'perturbation analysis', 'harmonic wave generation', 'stop-band formation', 'nonreciprocal transmission'] 

TOP-K 36: ['timoshenko beam theory', 'compressor blades', 'ansys software', 'compressor blade', 'stiffness nonlinearity', 'strain energy release rate', 'breathing crack', 'vibration characteristics', 'castingliano theory', 'actual compressor blade', 'dynamic modeling', 'new modeling approach', 'twisted shapes', 'dynamic model', 'modal characteristics'] 

Reference 36: ['cracked blade', 'breathing effect', 'finite element method', 'airfoil blade', 'nonlinear vibration'] 

TOP-K 37: ['4-ups/spr pef', 'novel kinematic calibration method', ['parameter identification'], 'multiple plane constraint', 'calibration tasks', 'identifiability analysis', 'calibration task', 'prototype experiments', 'parameter identification approach', 'clinical applications', 'iterative calculation', 'efficiency requirements', 'research object', 'redundant error parameters', 'information measurement'] 

Reference 37: ['parallel mechanism', 'kinematic calibration', 'error modeling', 'parameter identification', 'plane constraint'] 

TOP-K 38: [['image restoration'], 'external guidance regularizer', 'guidance image', 'regularization model', 'regularization process', 'model', 'sound theoretical foundations', 'external information', 'specific features', 'impressive performance', 'traditional regularization.variational regularization'] 

Reference 38: ['image restoration', 'variational regularization', 'guided regularization', 'admm'] 

TOP-K 39: [['inverse problem'], 'hydraulic-spatial constraints', 'infeasible solutions', 'four-algorithm method', 'leaks', 'probability distributions', 'steady-state flow conditions', 'hydraulic instruments', 'predefined probabilities', 'pipeline', 'hydraulic constraints', 'method', 'emitter coefficients', 'undetermined nature', 'flow rate'] 

Reference 39: ['leak detection', 'hydraulic systems', 'inverse problems', 'monte carlo simulations'] 

TOP-K 40: [['pain catastrophizing'], 'anxiodepressive symptoms', 'scd25', 'prefrontal excitatory-inhibitory imbalance', 'evaluative pain ratings', ['chronic pain'], 'scd25 levels', 'prefrontal glx/gaba', 'cellular activation', 'first evidence', 'joint association', 'interaction effect'] 

Reference 40: ['chronic pain', 'anterior cingulate cortex', 'magnetic resonance spectroscopy', 'glutamate', 'gaba', 'soluble interleukin-2 receptor', 'pain catastrophizing'] 

TOP-K 41: [['neuroinflammation'], 'diabetes-induced cognitive impairments', 'diabetic mice', 'hippocampal neurogenesis', 'anti-inflammatory properties', 'neural degeneration', 'cognitive decline', ['cognitive function'], 'neural inflammation', ['cognitive functions'], 'promising intervention', 'significant deficits'] 

Reference 41: ['growth differentiation factor 11neurogenesis', 'cognitive function', 'type 2 diabetes', 'neuroinflammation'] 

TOP-K 42: ['spinal irf7', 'irf7 overexpression', 'inflammatory pain', 'pain-related behaviors', 'cfa rats', ['spinal cord'], 'dorsal horn neurons', 'tumor necrosis factor-αin', 'intraplantar injection', 'spinal cord level', 'important role', 'potential target', 'significant decrease'] 

Reference 42: ['irf7inflammatory pain', 'spinal cord', 'high throughput sequencing', 'nf-κ', 'b', 'inflammatory cytokines'] 

TOP-K 43: ['pregnancy adiponectin', 'pregnancy adiposity', 'second trimester adiponectin', ['infant negative affect'], 'umbilical cord blood concentrations', 'psychopathology', 'cord blood leptin', 'elevated infant negative affect', 'umbilical cord leptin', 'offspring behavioral outcomes', 'early life marker', 'potential mechanisms', 'risk', 'current study', 'novel markers'] 

Reference 43: ['adiponectin', 'leptin', 'adipokine', 'adiposity', 'pregnancy', 'infant negative affect'] 

TOP-K 44: ['right mfg-macc/insula connectivity', 'right mfg', 'functional brain alterations', ['childhood adversity'], 'depressive symptoms', 'psychiatric symptoms', 'abnormal functional alterations', 'mfg-related connectivity', 'elevated inflammation', 'right insula'] 

Reference 44: ['bipolar ii depression', 'amplitude of low-frequency fluctuation', 'functional connectivity', 'childhood adversity', 'interleukin-1β', 'moderation analysis'] 

TOP-K 45: ['hapoeε4 genotype', 'hapoeε4 rats', 'primiparoushapoeε4 rats', 'parity', 'apoeε4 genotype', ['hippocampus'], 'middle-aged female rats', 'non-spatial cognitive strategy', 'neural biomarkers', 'new-born neurons', 'elevated pro-inflammatory signaling', 'ventral hippocampus', 'female-specific factors', 'previous parity', 'brain health'] 

Reference 45: ['hippocampus', 'frontal cortex', 'neurogenesis', 'kynurenine', 'female', 'alzheimer’s disease', 'apoe', 'pregnancy'] 

TOP-K 46: [['marital status'], 'blood-based immune system markers', 'innate immunity', 'plasma neurodegeneration markers', 'plasma amyloid-β40', ['social health'], 'immune system balance', 'total brain volume', 'plasma total tau levels', 'baseline', 'levels'] 

Reference 46: ['social health', 'marital status', 'neurodegeneration', 'immunity', 'mediation'] 

TOP-K 47: ['ethanol-naïve rats', ['aie'], 'solitary tract', 'water-exposed males', 'poly', 'immune responses', 'fever sensitivity', 'initial sex differences', 'brain regions', 'peripheral organs', 'il-1β expression', 'fever response', 'mg/kg dose', 'c'] 

Reference 47: ['intermittent ethanol exposure', 'aie', 'adolescence', 'sex differences', 'fever', 'tlr3poly i:cil-1neuroimmune', 'brain'] 

TOP-K 48: ['pediatric tbi', 'chronic neuroinflammation', 'tertiary neuroinflammatory processes', 'acute microglia/macrophage', 'astrocyte reactivity', ['white matter lesions'], 'so-called tertiary phase', 'robust neuroinflammation', 'results tbi', 'long-term effects', 'altered behavior', 'mouse model', 'main mechanisms'] 

Reference 48: ['tertiary lesions', 'chronic traumatic encephalopathy', 'microglia', 'white matter lesions', 'brain functional connectivity'] 

TOP-K 49: [['epilepsy'], 'p2rx7', 'p2x7r expression', ['microglia'], 'p2rx7 gene', 'epileptic wild-type mice', 'anti-inflammatory molecular profile', 'severe seizure phenotype', 'cell type-specific role', 'neurons', 'mice', 'microgliaor neurons', 'severe acute seizures', 'experimental models', 'milder form'] 

Reference 49: ['p2x7 receptor', 'status epilepticus', 'epilepsy', 'cell type-specific function', 'gab', 'aergic interneurons', 'microglia'] 

TOP-K 50: ['prenatal anxiety', 'antenatal anxiety', 'immune dysregulation', 'perinatal anxiety', 'anxiety symptoms', 'birth outcomes', 'pakistani population', 'immune characteristics', 'elevated chemokine activity', 'happy mother', 'pregnant women', 'specific immune characteristics', 'healthy babystudy', 'controlled trial', 'unique pattern'] 

Reference 50: ['anxiety', 'immune', 'pregnancy', 'postpartum', 'perinatal', 'women’s health', 'cytokine', 'chemokine', 'crp', 'low birthweight', 'small for gestational age', 'anxiety trajectories'] 

TOP-K 51: ['positive affect intervention', 'stimulant use', 'evidence-based behavioral intervention model', 'positive affect intervention effects', 'dnam', 'evidenced-based behavioral intervention model', 'oxytocin receptors', 'epigenetic signature', 'cpg sites', 'attention-control condition', 'self-reported frequency', 'controlled trial', 'significant reductions'] 

Reference 51: ['contingency management', 'hiv', 'men who have sex with men', 'methamphetamine', 'dna methylation', 'oxytocin', 'positive affect'] 

TOP-K 52: [['insomnia'], 'inflammation-related co-morbidities', 'insomnia treatment', ['tai chi'], 'breast cancer survivors', 'anti-viral genomic markers', ['inflammation'], 'genomic markers', 'additional benefits', 'insomnia.background insomnia', 'conclusions administration'] 

Reference 52: ['breast cancer', 'cognitive-behavioral therapy', 'gene expression', 'inflammation', 'insomnia', 'tai chi'] 

TOP-K 53: ['gsdmd-dependent pyroptosis', 'meth-induced pyroptosis', 'sy-sh5y cells', 'meth', 'meth self-administration', 'membrane pore information', 'gsdmd pathway', 'meth exposure', 'nlrp1/cas', 'vta', 'pore formation blockade', 'da release', 'novel evidence', 'animal model', 'genetic inhibition'] 

Reference 53: ['methamphetamine', 'dopamine', 'pyroptosis', 'gsdmd', 'reinforcement', 'motivation'] 

TOP-K 54: ['job stress-migraine link', ['physical activity'], 'job stress', 'elsa-brasil study', 'job stressand migraine', 'ltpa-mediated downregulation', 'psychosocial job stress', 'headache disorders', 'socioeconomic factors', 'physical activity effect', 'systemic inflammation', 'job stress-related tth', 'major chronic diseases', 'association'] 

Reference 54: ['physical activity', 'migraine', 'tension-type headache', 'c-reactive protein', 'acute phase glycoproteins', 'occupational health', 'occupational stress'] 

TOP-K 55: ['il-6 reactivity', 'insomnia', 'pain', 'clinical pain', 'pain status', 'clinical success', 'post-surgical changes', 'patients', 'change', 'important modulatory role', 'association', 'significant interaction', 'significant change'] 

Reference 55: ['knee osteoarthritis', 'total knee arthroplasty', 'pain severity', 'interleukin-6insomnia'] 

TOP-K 56: ['gut microbiome change', 'gut microbiome', 'gut microbial community structure', 'cognitive decline', 'chemotherapy-induced inflammation', 'chemotherapy', 'inflammatory markers', 'inflammatory signals', 'chemotherapy-induced disruption', 'differential microbial abundance analysis', 'clinical longitudinal observational study', 'subjective cognitive decline'] 

Reference 56: ['cognitive impairment', 'subjective cognition', 'objective cognition', 'cytokines', 'differential abundance analysis', 'microbial diversity'] 

TOP-K 57: ['myalgic encephalomyelitis/chronic fatigue syndrome', 'post-exertional malaise', 'symptom exacerbation', 'exercise', 'acute exacerbation', 'pain sensitivity', 'cognitive performance', 'vigorous-intensity exercise', 'symptoms', 'pem', 'inflammatory marker models', 'significant condition-by-time interaction', 'physical activity models', 'negative outcomes', 'gulf war illnessare'] 

Reference 57: ['cognition', 'health', 'patient reported outcome measures', 'physical activity', 'prescriptions'] 

TOP-K 58: ['microbial reconstitution', 'gestational stress-induced cognitive impairment', 'neurodevelopmental disorders', 'intestinal flora', 'pregnant stressed rats', 'maternal microbiota', 'synaptic deficits', 'pregnancy', ['cognitive impairment'], 'offspring', 'cognitive function', 'male rat offspring.stress'] 

Reference 58: ['prenatal stress', 'microbiota', 'gpa', 'cognitive impairment', 'ampk'] 

TOP-K 59: ['csf strem2', 'csf strem2 levels', 'ad pathology', 'impaired microglia phagocytic response', 'late-life major depressionand', 'ad biomarkers', 'proinflammatory cytokines', 'healthy controls', 'major depressive disorderis', 'precise mechanisms', 'longitudinal study', 'novel link', 'intact individuals'] 

Reference 59: ['depression', 'alzheimer’s disease', 'microglias', 'trem2amyloid beta', 'phagocytosis'] 

TOP-K 60: ['bioactive antifoulant mechanisms', 'marine antifouling strategies', 'photocatalytic bactericidal mechanisms', 'self-polishing antifouling mechanisms', 'surface wettability mechanisms', 'antifouling coatings', 'antifouling technologies', 'biomimetic antifouling mechanisms', 'antifouling systems', 'modern biofouling control', 'recent advancements', 'net cages', 'historical progression', 'detrimental effects', 'urgent demand'] 

Reference 60: ['biofouling', 'antifouling strategy', 'seawater resource utilization', 'environmentally friendly', 'fouling-release'] 

TOP-K 61: [['direct catalytic decomposition'], 'n2o generation mechanism', 'o2/h2o/no inhibition mechanism', 'rh-based precious metal catalysts', 'n2o', 'o2/h2o/no resistance', 'catalytic removal', 'n2o emissions', 'co-based non-precious metal catalysts', 'hydrothermal stability', 'related catalysts', 'cu-based molecular sieve catalysts', 'nitric acid industry', 'synergistic removal', 'operating temperature window'] 

Reference 61: ['nitrous oxide', 'direct catalytic decomposition', 'scr', 'density functional theory', 'modification and rationally designed'] 

TOP-K 62: ['state-of-the art applications', 'novel adsorbents', 'hydrogel particles', 'novel hydrogel adsorbents', 'unique properties', 'important adsorption mechanisms', 'aqueous solutions', 'preparation techniques', 'wastewater treatment', 'scientific evidence', 'innovations', 'development strategies', 'interesting characteristics', 'several types', 'sustainable purification'] 

Reference 62: ['spherical hydrogels', 'microgels', 'organic dyes', 'heavy metals', 'emerging contaminants', 'water purification'] 

TOP-K 63: ['nanomaterials-based immunotherapies', ['immune cell targeting'], 'cancer immunotherapies', 'immunomodulatory agents', 'immune-related adverse events', 'unsolved challenges', 'traditional immunotherapy', 'precise targeting', 'easy modifications', 'gene therapies', 'novel nanomaterialsthat', 'controlled release', 'clinical success', 'large drug', 'main classes'] 

Reference 63: ['nanomaterials', 'tumor associated macrophages', 'cancer vaccines', 'immune cell targeting', 'combination nano-immunotherapy'] 

TOP-K 64: ['electrospun fiber-based sensors', 'unimodal sensor applications', 'large specific surface area', ['multifunctional sensors'], 'high-performance sensors', 'sensor preparation', 'controllable structure', 'high porosity', 'research advances', 'performance parameters', 'various facets', 'effective method', 'recent years', 'notable gap'] 

Reference 64: ['electrospinning', 'nanofibers', 'single function sensors', 'multifunctional sensors'] 

TOP-K 65: ['mofs/cofs hybrid materials', 'co2 rr electrocatalysts', 'electrocatalytic co2 rr', 'mofs', 'hybrid materials', 'electrocatalytic materials', 'high faradic efficiency', 'rapid advancements', 'co2 reduction', 'efficient energy conversion', 'promising potential', 'various domains', 'inclusive review', 'cofs', 'considerable attention'] 

Reference 65: ['electrocatalysis', 'metal–organic frameworks', 'covalent-organic frameworks', 'co2-reduction reaction', 'faradic efficiency'] 

TOP-K 66: ['sc-co2', 'sc-co2 applications', 'sc-co2 technology', 'sc-co2 treatment', 'mechanisms', 'bioenergy recovery', 'physic-chemical property changes', ['physiochemical properties'], 'efficient biomass conversion', 'operation parameters', 'different applications', 'biomass utilization processes', 'performance', 'relevant potential', 'economic analysis'] 

Reference 66: ['supercritical carbon dioxide', 'biorefinery', 'working mechanism', 'physiochemical properties', 'economic performance'] 

TOP-K 67: ['electrochemical co2 reduction', 'co2 mass transport', 'electrolyzer designs', 'electrolysis conditions', 'hydrogen evolution reaction', 'value-added fuels', 'potential solutions', 'co2 emissions', 'eco2rr performance', ['mass transport'], ['electrode'], 'environmental sustainability', 'climate change', 'eco2rr technology.the', 'pivotal strategy'] 

Reference 67: ['electrochemical co2 reduction reaction', 'mass transport', 'electrode', 'electrolyzere', 'co2rr performance'] 

TOP-K 68: ['3d c3n4-based photocatalysts', 'carbon nitride-based photocatalysts', '3d c3n4', 'co2 photoreduction', 'research gaps', 'visible light', 'future research', 'related present studies', 'inexpensive synthesis', 'reduction potential', 'community attention', 'excellent performance', 'review article'] 

Reference 68: ['carbon nitride', 'co2 reduction', 'greenhouse gas', 'photocatalysis', 'porous structure'] 

TOP-K 69: ['interfacial stabilizers', ['conductive hydrogels'], 'stable lmnps-based conductive hydrogels', 'lmnps', 'interfacial regulating mechanisms', 'resultant lmnps-based conductive hydrogels', 'interfacial engineering strategies', 'large cohesion', 'low viscosity', 'electromagnetic interferenceshielding', 'high density', 'polymer matrixes', 'lm nanoparticlesresult', 'machine interfaces', 'personal healthcare'] 

Reference 69: ['liquid metal nanoparticle', 'conductive hydrogel', 'interfacial engineering', 'motion detection', 'human–machine interface'] 

TOP-K 70: ['copper-based hef catalysts', ['copper-based catalysts'], 'hef technology', 'iron-containing solid substrates', 'copper-based hef catalyst', 'high catalytic oxidation ability', 'hef research', 'green hef catalysts', 'different spatial positions', 'recent years', 'hot topic', 'iron-based catalyst', 'paper', 'neutral environments', 'good stability'] 

Reference 70: ['heterogeneous electro-fenton', 'copper-based catalyst', 'emerging pollutants', 'machine learning', 'heterogeneous electro-fenton reactor'] 

TOP-K 71: [['light-assisted thermocatalysis'], ['heat-assisted photocatalysis'], 'green photocatalysis', 'catalytic mechanisms', ['light-driven thermocoupled catalysis'], 'catalytic action', 'exceptional photothermal catalysts', 'future research directions', 'air pollutant treatment', 'activation energy source', 'current challenges', 'eco-friendly approach', 'specific categories', 'review'] 

Reference 71: ['photothermal catalytic', 'air pollutants', 'light-assisted thermocatalysis', 'heat-assisted photocatalysis', 'light-driven thermocoupled catalysis'] 

TOP-K 72: ['uio-66-type mofs', 'uio-66', 'catalytic conversion', 'catalytic conversions', 'high porosity', 'biomass conversion', 'furfuryl alcohol', 'catalyst design', 'preparation methods', 'tunable structures', 'biomass', 'excellent stability', 'derivatives', 'recent years', 'future development'] 

Reference 72: ['biochemical conversion', 'ui', 'o-66properties', 'catalytic performance'] 

TOP-K 73: [['anaerobic membrane bioreactors'], ['bioflocculants'], 'eco-friendly bioflocculants', 'mitigating membrane fouling', ['membrane fouling'], 'low toxicity', 'potential cost-effectiveness', 'conventional methods', 'membrane', 'mechanisms', 'widespread availability', 'control', 'notable advantages', 'comprehensive overview'] 

Reference 73: ['anaerobic membrane bioreactors', 'membrane fouling', 'bioflocculant', 'membrane fouling mitigation'] 

TOP-K 74: ['co-scr reaction', 'tmcs', 'selective catalytic reduction', 'co-based catalysts', 'catalyst design strategies', 'various catalysts', 'structure-performance relationships', 'reaction pathways', 'experimental results', 'so2 concentrations', 'various implementation factors', 'theoretical calculation', 'promising technology'] 

Reference 74: ['co-scr', 'transition metal catalysts', 'nitrogen oxides', 'carbon monoxide', 'environmental catalysis'] 

TOP-K 75: ['organic chemical field', 'regioisomerism impact', 'all-nitrogen species', 'chemical synthesis', 'extreme high-energy chemistry', 'traditional chno', 'new mesoionic ring fragments', ['energetic materials'], 'energetic materials design', 'crystal engineering', 'energetics field', 'material science', 'functional compounds', 'recent synthetic advancements', 'interdisciplinary problem'] 

Reference 75: ['energetic materials', 'high-nitrogen heterocycle', 'computational design', 'explosive'] 

TOP-K 76: ['nitrile rubber', 'multi-sensing capabilities', 'flexible sensors', 'meeting harsh mechanical conditions', 'flexible sensor', 'high sensitivity', 'strong topological interconnection', 'spatial deformation', 'shear strength', 'significant challenge', 'tough interface'] 

Reference 76: ['multifunctional flexible sensor', 'smart tire', 'non-destructive monitoring', 'synergistic conductive network'] 

TOP-K 77: ['surface-modulated mxene', 'high-performance mxene-based memristors', 'mxene', 'ionotronic modification strategy', 'metal-analogous conductivity', 'non-volatile memory', 'novel 2d nanomaterials', 'memristor device', 'synergetic ionotronicproperty', 'robust memristor devices', 'rich surface functional groups', 'ionic interaction', 'switching element', 'facile surface modification', 'application'] 

Reference 77: ['m', 'xene, memristor', 'surface engineering2d heterostructure', 'charge trapping', 'filamentary conduction'] 

TOP-K 78: ['htfsi-mta-tms electrolyte', 'proton batteries', 'aqueous electrolytes', 'reversible proton storage ability', 'favorable electrochemical stability', 'distinctive high-voltage characteristics', 'high-voltage proton batteries .2', 'limited electrochemical window', 'stable operating voltage window', 'first time', 'energy density', 'electrode material .2'] 

Reference 78: ['acid-alkali coordinated regulation', 'organic liquid electrolytes', 'high-voltage proton batteries', 'metallic oxide cathode', 'mo', 'o3'] 

TOP-K 79: ['ha-ktp/pspd/sirna delivery system', 'arg-2 inhibition', 'di-aki therapy', 'di-aki patients', 'arg-2 silencing', 'arg-2 expression', 'bioinformatics data', 'multifunctional gene delivery system', 'sirna-based approach', 'cationic polymer carrier', 'renal treatment', 'clinical data', ['renal targetability'], 'potential', 'therapeutic target'] 

Reference 79: ['acute kidney injury', 'nanoparticles', 'gene delivery', 'renal targeting', 'spermidine'] 

TOP-K 80: [['dark chocolate'], 'non-linear dose-response relationships', ['oxidative stress'], 'dose-response meta-analysis', 'cocoa dosage', 'flavonoid dosage', 'systemic oxidative status', 'inflammation biomarkers', 'il-6 level', 'antioxidant properties', 'conclusions dc/cocoa', 'health benefits', 'crp level', 'adults', 'systematic review'] 

Reference 80: ['cocoa', 'dark chocolate', 'flavonoids', 'inflammation', 'oxidative stress', 'meta-analysis'] 

TOP-K 81: [['cognitive function'], 'neuropsychiatric symptoms', ['physical function'], 'ad patients', 'exercise intervention', 'cochrane library', 'functional independence', 'china national knowledge infrastructure', 'methods srs', 'wanfang databases', 'report related health outcomes', 'beneficial effect'] 

Reference 81: ['alzheimer’s disease', 'physical activity', 'exercise', 'cognitive function', 'physical function', 'evidence synthesis'] 

TOP-K 82: ['flaxseed supplementation', 'anthropometric indices', 'body weight', 'various clinical trials', 'anti-obesity agent', ['meta-analysis'], ['systematic review'], 'wc.objective flaxseedsupplementation', 'accurate assessment', 'meaningful improvements'] 

Reference 82: ['flaxseed', 'linum usitatissimum', 'obesity indices', 'systematic review', 'meta-analysis'] 

TOP-K 83: ['clinical trials', 'sleep', 'chamomileon sleep', 'sleep efficiency', 'effects', 'diseased adults', 'conclusion chamomile', 'systematic review'] 

Reference 83: ['insomnia', 'sleep initiation and maintenance disorders', 'chamomile', 'matricaria chamomilla', 'traditional persian medicine', 'integrative medicine', 'meta-analysis'] 

TOP-K 84: ['hibiscus sabdariffa linn', 'sabdariffa extract', 'sabdariffa linn', 'obesity treatment', 'several studies'] 

Reference 84: ['hibiscus sabdariffa', 'roselle', 'sour tea', 'obesity', 'overweight'] 

TOP-K 85: [['tuina'], ['chronic pain'], 'future research directions', ['bibliometric analysis'], 'current state', 'annual publications', 'therapeutic intervention', 'science core collection', 'utilization', 'frontier trends', 'methods publications', 'comprehensive understanding'] 

Reference 85: ['tuina', 'chronic pain', 'bibliometric analysis', 'co-citation analysis'] 

TOP-K 86: ['subjective sleep quality', 'medand medphparticipants', 'medph group', 'med group', 'ipss scoresin', 'quality index', 'significant improvements', 'incomplete bladder', 'significant change'] 

Reference 86: ['biofieldchakra', 'integrative medicineprana', 'quality of life'] 

TOP-K 87: [['acupuncture'], 'psd', 'research hotspots', 'acupuncture research', 'psd-related research', 'psd symptoms', 'stroke prognosis', 'pivotal areas', 'current landscape', 'science core collection', 'multifaceted insights', ['bibliometric analysis'], 'study', 'systematic search', 'effective intervention'] 

Reference 87: ['acupuncture', 'post stroke depression', 'bibliometric analysis', 'vo', 'sviewer', 'research direction'] 

TOP-K 88: ['supportive anthroposophic therapies', 'consensus-based guideline', 'anthroposophic remediesas', 'practical recommendations', 'inpatient settings', 'pseudocroup.purpose supportive anthroposophic therapies', 'general interventions', 'results recommendations', 'external applicationswere'] 

Reference 88: ['delphi process', 'pseudocroup', 'croup', 'anthroposophic medicine', 'bryonia/spongia comp.larynx/apis comp'] 

TOP-K 89: ['bristol stool form scale', 'cleveland clinic score', ['functional constipation'], 'tn group', 'secondary outcome measures', 'mosapride citrategroup', 'fc.objective thumbtack needlinghas', 'patient assessment', 'constipation quality', 'eligible patients', 'life questionnaire'] 

Reference 89: ['thumbtack needling', 'functional constipation', 'pragmatic clinical trial', 'randomized controlled trial'] 

TOP-K 90: ['anthracycline-induced cardiotoxicity', ['shenmai injection'], 'anthracycline-induced cardiotoxicity.objective shenmai injection', 'classic herbal prescription', 'treatment', 'clinical trial registries', 'potential treatment', 'literature databases', 'comprehensive search'] 

Reference 90: ['shenmai injection', 'anthracycline', 'cardiotoxicity', 'efficacy', 'safety'] 

TOP-K 91: [['music therapy'], ['ophthalmic surgery'], 'ophthalmic surgery patients', 'patient well-being', 'visual analogue scale', 'high anxiety levels', 'intraoperative pain levels', ['pain'], ['anxiety'], 'vital signs', 'i2', 'vital sign changes', 'conclusion music therapy'] 

Reference 91: ['music therapy', 'ophthalmic surgery', 'cataract surgery', 'intravitreal injection', 'anxiety', 'pain', 'meta-analysis'] 

TOP-K 92: ['transcutaneous electrical acupoint stimulation', ['hemifacial spasm'], 'mvd', 'teas', 'sham control', ['dizziness'], 'surgery', 'potential efficacy', 'adult patients', '10-point scale', 'h', 'severity'] 

Reference 92: ['acupuncture', 'dizziness', 'hemifacial spasm', 'microvascular decompression'] 

TOP-K 93: [['auriculotherapy'], ['depression'], 'vaccaria seeds', 'elderly people', 'master cerebral points', 'appropriate interventions', 'complementary therapy', 'high prevalence', 'intervention group'] 

Reference 93: ['auriculotherapy', 'ear acupressure', 'depression', 'older adulthood'] 

TOP-K 94: ['heel-raise exercise', 'fatigue recovery', 'traditional thai massageon', ['muscle fatigue'], 'gastrocnemius muscle', 'fatigue-related parameters', 'electromyography signal', 'outcome measures', 'beforeand afterthe fatigue-inducement protocol', 'conclusion ttm', 'effective intervention', 'median frequencyof', 'muscle powerand feelings'] 

Reference 94: ['traditional thai massage', 'muscle fatigue', 'stretching', 'muscle power', 'electromyography'] 

TOP-K 95: ['self-management behaviours', 'remote mindfulness', 'self-management intervention', 'diabetes', 'individuals', 'main themes', 'qualitative findings', 'type', 'diabetesimplementing mindfulness'] 

Reference 95: ['remote mindfulness intervention for type 2 diabetes self-management', 'qualitative research type 2 diabetes', 'self-management of type 2 diabetes', 'self-efficacy and type 2 diabetes self-management'] 

TOP-K 96: [['antihypertensive drugs'], 'systolic blood pressureand triglycerides', ['herbs'], 'hypertensive patients', 'overall blood pressure management', ['blood pressure'], 'random model effects meta-analysis', 'placebo group', 'different herb regimes', 'lipid profile outcomes', 'intervention group', 'revman manager', 'significant reduction'] 

Reference 96: ['blood pressure', 'triglycerides', 'haemoglobin', 'obesity', 'hypertension', 'complementary', 'herbs', 'antihypertensive drug'] 

TOP-K 97: ['aerobic pa protocol', 'pa protocols', 'non-pharmaceutical interventions', 'inflammatory status', ['multiple sclerosis'], 'ms patients', 'ms subjects', 'immune response', ['complementary therapy'], 'known side effects', 'side effects', 'positive influence', 'physical activitygained importance', 'systematic review', 'inflammatory nature'] 

Reference 97: ['inflammation', 'multiple sclerosis', 'physical activity', 'complementary therapies', 'tertiary prevention'] 

TOP-K 98: ['tcmi-abc', 'tcmi-abc product', 'ami', 'in-hospital mortality', 'conclusion tcmi-abc', 'meta-analysis', 'conventional western medicine', 'malignant arrhythmia', 'conventional western medicine treatment', 'mortality', 'patients', 'additional clinical value', 'independent testing', 'ami patients rr', 'combined application'] 

Reference 98: ['acute myocardial infarction', 'traditional chinese medicine', 'traditional chinese medicine injections', 'systematic review'] 

TOP-K 99: ['somatic dysfunctions', 'neurophysiological correlates', 'omt', 'therapeutic whole-body approach', 'biological effects', 'several body systems', 'clinical practice', 'purpose osteopathic manipulative treatmentis', 'conclusions biological modifications', 'musculoskeletal changes.background', 'specific contribution'] 

Reference 99: ['osteopathic manipulative treatment', 'biological', 'review', 'manual therapy'] 

TOP-K 100: ['hybrid auxetic materials', 'advanced auxetic materials', 'haf', 'self-healing properties', 'auxetic cell structures', 'stg content', 'gelwith auxetic polyurethane foam', 'different stg content', 'high compression strain rates', 'synergistic effect', 'shear', 'auxetic property', 'force reduction improvement', 'wide range'] 

Reference 100: ['auxetic foam', 'shear thickening gel', 'impact protection', 'self-healing'] 

TOP-K 101: [['thermochromic microcapsules'], 'battery thermal regulation materials', 'battery thermal management', 'stc composites', 'photothermal conversion', 'thermal conductivity', 'different contents', 'maximum surface temperature', 'effective route', 'significant potential'] 

Reference 101: ['flexible composites', 'multifunctional properties', 'polymer-matrix composites', 'thermochromic microcapsules'] 

TOP-K 102: ['cotton stalk fibers', 'csf', 'plant fibers', 'polypropyleneas raw materials', 'traditional plastics', 'novel composites', 'pla', 'high production costs', 'limited thermal stability', 'semi-crystalline polymers', 'satisfactory crystalline properties', 'exceptional impact resistance', 'inferior impact resistance', 'robust thermal stability', 'polylactic acidare'] 

Reference 102: ['natural fibre composites', 'polylactic acid', 'impact behaviour', 'injection molding', 'crystallization control'] 

TOP-K 103: ['3d braided composites', 'micro-computed tomographyscanning', 'trans-scale damage analysis', 'unsupervised machine learning method', 'trans-scale damage model', 'progressive damage analysis', 'clustering data', 'geometric data', 'user-defined material subroutineis', 'trans-scale level', 'calculation dimensions'] 

Reference 103: ['braided composites', 'multiscale modeling', 'defects', 'mechanical properties', 'damage mechanics'] 

TOP-K 104: ['unidirectional composite laminates', ['fracture toughness'], 'dual electromagnetic hopkinson bar', 'rate-dependent fracture toughness', 'experimental results', 'temperature', 'pure mode', 'rate dependency', 'dynamic tests', 'analytical model', 'rate coefficient', 'different trends'] 

Reference 104: ['polymer-matrix composites', 'fracture toughness', 'high-temperature properties', 'impact behavior', 'fractography'] 

TOP-K 105: ['cnw@n-al2o3 hybrids', 'micro-nano-multi-level hybrid network structure', 'cnw', 'electrostatic self-assembly method', 'interfacial heat transfer problems', 'conductive rubber composites', 'micrometer aluminato silicone rubber', 'thermal management systems', 'rubber composites', 'nano-aluminaonto carbon nanotube whiskersand', 'high thermal conductivity', 'electrical conductivity', 'thermal management', ['thermal conductivity'], 'bright application prospect'] 

Reference 105: ['carbon nanotube whisker', 'alumina', 'thermal conductivity', 'electric insulation', 'silicone rubber composites'] 

TOP-K 106: [['checkerboard-shaped lay-up design'], 'checkerboard lay-up design', ['aramid plain-woven fabrics'], 'aramid fabric regions', 'novel ballistic composites', 'full-coverage lay-up design', 'checkerboard-shaped polycarbonatefilms', 'pc regions', 'shear/tensile failures', 'pc films', 'tensile failure', 'ballistic performances', 'primary ballistic mechanisms', 'fabric regions', 'effective energy absorption'] 

Reference 106: ['ballistic composites', 'checkerboard-shaped lay-up design', 'polycarbonate', 'aramid plain-woven fabric', 'ballistic mechanisms'] 

TOP-K 107: ['spva-based composite films', 'spva/mms multilayered film', 'multifunctional polymeric materials', 'mxene sedimentis', 'flexible composite film', 'mms layer', ['syndiotacticity-rich poly'], 'composite films', 'electronic devices', 'efficient filler', 'spva layer', 'high strength', 'remarkable polymer matrix', 'novel type', 'ingenious strategy'] 

Reference 107: ['multilayered composite films', 'syndiotacticity-rich poly', 'm', 'xene sediment', 'electromagnetic interference shielding', 'thermal conductivity'] 

TOP-K 108: ['styrene-butadiene-vinyl-pyridine latex', 'pa66 fiber/rubber composites', 'rfl system', 'epoxy groups/isocyanate groups', 'high interfacial bonding performance', ['pa66 fiber'], 'interfacial adhesion performance', 'polyacrylic acid resin', 'isocyanate', 'pa66', 'rfl level', 'meeting industry requirements', 'solid transition bridge', 'catalytic effect', 'rubber matrix'] 

Reference 108: ['pa66 fiber', 'environmentally friendly', 'dipping treatment', 'interfacial adhesion', 'adhesion mechanism'] 

TOP-K 109: ['kraft softwood lignin', 'lignin composite properties', '3d printing', 'molten dynamic modulus', 'phenolic hydroxyl content', 'libr/hbr demethylation procedure', 'future lignin composite research', 'poor interfacial adhesion', 'many lignin-polymer pairs', 'rheological analysis', 'functional groups', 'hydrogen bonding interactions', 'polymer matrix', 'phenoxy content', 'depositional modeling'] 

Reference 109: ['fused depositional modeling', 'lignin polymer composites', 'structure-property relationship'] 

TOP-K 110: ['mxene/al2o3p/epoxy composites', 'mxene porous microspheres', 'multi-interfacial conductive networks', 'al2o3 plateletswith shell-like arrangement', 'epoxy composites', 'electron transfer', 'thermal conductivity paths', 'epoxy matrix', 'performance', 'facile strategy', 'hand'] 

Reference 110: ['polymer-matrix composites', 'transport properties', 'electromagnetic interference shielding', 'electrical properties', 'isolated networks'] 

TOP-K 111: ['3d fe thermal analysis', 'convective film coefficient', ['bayesian optimization'], 'synthetic surface thermal images', ['ir images'], 'thermal images', 'self-heating thermal profile', 'numerical thermal analysis', 'ct scanning', 'synthetic ir image', 'total work loss', 'loss function', 'damage distribution', 'aforementioned parameters', 'steady-state conditions'] 

Reference 111: ['bayesian optimization', 'glass/epoxy composites fatigue testing', 'thermal properties', 'ir imaging'] 

TOP-K 112: ['room-temperature self-healing composite fibers', 'next-generation wearable devices', 'room-temperature self-healing sheath-core', 'composite fibers', ['sheath-core structures'], 'electroless silver-plating approach', 'human-machine interface', 'smart robots', 'artificial intelligence', 'ultralow ag loadings', 'excellent room-temperature self-healing capacity', 'polymerization modification', 'visual thermal management performances', 'ultrasensitive strain', 'simultaneous incorporation'] 

Reference 112: ['strain sensing', 'joule heating', 'sheath-core structures', 'self-healing'] 

TOP-K 113: ['bio-inspired fractal structures', 'biomimetic fractal design', '3d printing technique', 'snake-like serpentine', 'composite sandwich structures', 'energy absorption mechanisms', 'self-similar carbon fiber', 'nonlinear mechanical responses', 'hierarchical self-similar structures', 'composite materials', 'fundamental shape units', 'composite structures', 'new structural design strategy', 'cell sizes', 'distinct structure ratios'] 

Reference 113: ['polymer-matrix composites3d printing', 'mechanical properties', 'finite element analysis', 'bio-inspired structures'] 

TOP-K 114: ['soft-rigid-soft structural interface layer', 'cfrp strength', 'carbon fiber-reinforced polymersare', 'toughness', 'multi-scale structure.the high strength', 'detailed design', 'various fields', 'main requirements'] 

Reference 114: ['carbon fiber', 'carbon nanotubes', 'polymers', 'interface', 'fracture toughness'] 

TOP-K 115: [['c-n bond'], 'wind power blades', 'amine-cured epoxy resinis', 'service-life-expired carbon fiber', 'selective cleavage', 'sustainable recycling', 'good mechanical properties', 'degradation mechanism', 'excellent performance', 'epoxy resinhinder'] 

Reference 115: ['amine-cured epoxy resin', 'recycling', 'degradation', 'dodecylbenzene sulfonic acid', 'c-n bond'] 

TOP-K 116: ['ppy/go composites', 'ppy/rgo composites', 'ema properties', 'magnetic materials', 'unreduced sample', 'conductive polymer', 'high electrical conductivity', 'excellent absorption performance', 'thermal reduction', 'ema field', 'dielectric properties', 'low reduction temperature', 'maximum reflection loss', 'reduction degrees', 'different ratios'] 

Reference 116: ['graphene oxide', 'polypyrrole', 'electromagnetic absorption', 'dielectric loss'] 

TOP-K 117: [['cfrps'], 'machine-learning-assisted multiscale modeling strategy', 'molecular dynamics simulation', 'low-computational-cost machine learningmodels', 'traditional theoretical models', 'viable machine-learning-assisted solution', 'resin molecules', 'design parameter space', ['mechanical properties'], 'complex relationship', 'strategy'] 

Reference 117: ['machine learning', 'multiscale modeling', 'mechanical properties', 'resins', 'cfrps'] 

TOP-K 118: ['inorganic ceramic fillers', 'dielectric nanocomposites', 'inorganic nanofillers', 'multilayer structure design', 'trilayer structured design', 'power systems', 'recent years', 'efficient way', 'esps', 'necessary conditions', 'feasible approach'] 

Reference 118: ['trilayer structured nanocomposite', 'bnkt-ssn n', 'ps', 'breakdown strength', 'energy storage'] 

TOP-K 119: ['cnts/wpu aerogel', 'heterostructured composite foam', '3d ag network', 'ag conductive network', 'porous sponge', 'composite foam', 'tunable emi', 'controllable tuning', 'performance', 'spatial distribution', 'remarkable conductivity', 'adaptable characteristics', 'substantial potential'] 

Reference 119: ['multifunctional composites', 'smart materials', 'mechanical properties'] 

TOP-K 120: ['wetland hydrologic stress', 'wetlands', 'wetland water regimes', 'stress indices', 'novel approach', 'natural variability', 'stress index', 'hydrologic regime', 'magnitude', 'magnitudeand duration', 'historical period', 'significant departure'] 

Reference 120: ['wetland hydrology', 'hydrologic stress', 'climate change'] 

TOP-K 121: [['anthropogenic activities'], 'lake shrinkage', 'current natural climatic conditions', 'human activities', ['climate change'], ['inner mongolia plateau'], 'water resources survey information', ['lakes'], 'study', 'effects', 'meteorological stations', 'climate data', 'primary drivers', 'imp'] 

Reference 121: ['anthropogenic activities', 'climate change', 'ecological restoration', 'inner mongolia plateau', 'lake'] 

TOP-K 122: [['historical orthophotographs'], 'historical landscape features', ['landscape ecology'], 'urban landscapes', 'sustainable urban planning efforts', ['time lag'], 'white orthophotographs', 'biodiversity indices', 'landscape composition', 'past landscape conditions', 'texture indices', 'high vegetation areas', 'ecological research', 'temporal lag', 'future studies'] 

Reference 122: ['ecological communities', 'extinction debt', 'gray level co-occurrence matrix', 'historical orthophotographs', 'landscape ecology', 'time lags', 'urban ecology'] 

TOP-K 123: [['yangtze river economic belt'], 'regional npp', 'climate change mitigation efforts', ['npp'], ['climatic factors'], 'environmental factors', 'economic development', 'npp changes', 'primary climatic driver', 'global change', 'p', 'yreb', 'ecological conservation', 'study area', 'surrounding areas'] 

Reference 123: ['npp', 'spatiotemporal variation', 'response', 'climatic factor', 'yangtze river economic belt'] 

TOP-K 124: ['eucalyptus monocultures', 'forest chlorophyll concentration', 'climate change', 'chlorophyll estimation', 'chlorophyll levels', 'soil brightness influence', 'leaf area indexdisturbance', 'radiative transfer models', 'different chlorophyll content', 'judicious utilization', 'saturation effect', 'remote-sensed vegetation indiceshave', 'prospect model', 'vegetation response', 'different scales'] 

Reference 124: ['vegetation indices', 'chlorophyll concentration', 'saturation effect3-d radiative transfer model'] 

TOP-K 125: ['benthic habitat conditions', 'habitat condition assessment', 'habitat condition', 'cross-ecosystem standardised indicator framework', 'technical group meetings', 'estuarine habitats', 'rapid assessment tool', 'literature review', 'expert workshops', 'condition indicators', 'research project', 'subject matter experts', 'ecosystem components', 'threat indicators', 'key pressures'] 

Reference 125: ['ecological monitoring', 'management intervention', 'stakeholders engagement', 'framework development', 'rapid assessment'] 

TOP-K 126: ['tidal-basin regions', 'taipei city', 'new taipei city', 'compound-flooding events', 'storm-surge forecasts', 'copula-based analysis', 'storm tides', 'reliable flood warnings', 'promising preliminary results', 'heavy rainfall', 'rainfall', 'ensemble typhoon', 'flood detectors', 'drainage infrastructure', 'observation data'] 

Reference 126: ['compound-flooding threshold', 'coastal urban flooding', 'copula analysis', 'flood warning'] 

TOP-K 127: ['mcs', 'coarse plastic debris', 'nesting material', 'nests', 'microplasticsin nests', 'nicolet in10 ftir microscope', 'ne poland', 'environmental characteristics', 'numerous bird species', 'nests material samples', 'land cover', 'farming type', 'early stage', 'significant relationship'] 

Reference 127: ['agriculture', 'environmental pollution', 'ftir'] 

TOP-K 128: [['urban agglomerations'], 'carbon inequalities', 'refined city-level heterogeneous effects', 'multi-scale carbon inequalities', 'spatial decomposition analysis', ['carbon emissions'], 'yangtze river', 'distant urban agglomerations', 'regional emissions', 'rapid urbanization', 'reduction responsibilities', 'large inequalities', 'prioritized emission reduction direction', 'city', 'uneven development'] 

Reference 128: ['carbon emissions', 'city-level carbon inequality', 'mean logarithmic deviation-index decomposition analysis', 'urban agglomerations', 'yangtze river economic belt'] 

TOP-K 129: ['soil-related factors', 'plant-related factors', ['grazing intensity'], 'community stability', 'factors', 'light grazing', 'plant communities', 'heavy grazing', ['indicator species'], 'specific areas', 'moderate levels', 'thatplant community stability', 'joint role'] 

Reference 129: ['grazing intensity', 'average variation degree', 'cohesion index', 'indicator species', 'driving factors', 'alpine meadow'] 

TOP-K 130: [['riverine wetland'], 'riverine urban agglomerations', ['riverine wetlands'], 'riverine wetland distribution', 'wetland ecosystem health', 'powerful eco-hydrological regulations', 'climate change', 'disturbed riverine wetland', 'human activities', 'two-stagecomparative research', 'important cityscapes', 'urban security', 'image classification system', 'arid circumstance', 'past several decades'] 

Reference 130: ['riverine wetland', 'urban agglomerations', 'cart', 'landscape index', 'p-s-r model'] 

TOP-K 131: ['artificial ecosystem surfaces', ['ecosystem surface'], 'urban centers', 'high gdp', 'economic development', 'different ecological uses', 'frequent human activities', 'ecological balance', 'overall identification accuracy', 'roads.ecosystem surface', 'orderly restoration', 'important role', 'effective identification', 'large proportion'] 

Reference 131: ['ecosystem surface', 'human footprint index', 'habitat quality', 'multi-factor knowledge', 'tree cover'] 

TOP-K 132: ['ecosystem water conservation', 'water conservation capacity', 'socio-economic determinants', 'ecological vulnerability', 'coastal ecosystems', 'coastal areas', 'coastal zones', '④ water conservation function', 'china', 'spatial differentiation', 'marine-terrestrial gradient.china', 'profound interconnection', 'significant economic growth', 'distribution pattern', 'total amount'] 

Reference 132: ['water conservation', 'ecosystem services', 'spatiotemporal changes', 'coastal regions'] 

TOP-K 133: [['sheep grazing'], 'bee', 'bees', 'native forb/legume/grass', 'non-grazed plots', 'warm season grasses', 'livestock pasture', 'livestock pasture systems', 'strategic pasture management', 'non-bee insects', 'non-bee insect diversity', 'non-bee communities', 'floral resources', 'native forages', 'sufficient floral resources'] 

Reference 133: ['pasture management', 'biodiversity', 'wild bees', 'species richness', 'pollinators', 'sheep grazing'] 

TOP-K 134: ['agro-pastoral transitional zone', ['ecosystem stability'], 'significant spatial heterogeneity', 'forest ecosystems', 'cropland ecosystems', 'grassland ecosystems', 'adaptive ecosystem management', 'climate change perturbations', 'stability', 'multiple ecosystem services', 'human disturbance', ['resilience'], 'ecosystem resistance', 'high stability', ['influencing factors']] 

Reference 134: ['resistance', 'resilience', 'ecosystem stability', 'influencing factors', 'land use/land cover', 'the agro- pastoral transitional zone'] 

TOP-K 135: [['climate change'], 'large-scale climate changes', 'hong kong', 'flood risk assessment', 'ultra-high-density cities', 'flood risks', 'inter-urban areas', 'planning scale', 'flood risk indexin', 'high spatial resolution', 'temporal patterns', 'case study', 'prediction model', 'tertiary planning unitsfrom', 'research gap'] 

Reference 135: ['urban flood', 'risk assessment', 'climate change', 'high-density city', 'urban vulnerability', 'planning units'] 

TOP-K 136: ['soil sulfur biogeochemical cycling', ['saline-sodic wasteland'], 'long-term saline-sodic paddy fields', 'salinization amelioration', 'northeastern saline-sodic wasteland', 'structural soil enhancements', 'sulfur', 'paddy field', 'chinese soil', 'in-depth understanding', 'soil management', 'saline-sodic soil environments.the phenomenon', 'sustainable approach', 'available quantities'] 

Reference 136: ['saline-sodic wasteland', 'rice cultivation', 'sulfur bioavailability', 'soil salinization reduction'] 

TOP-K 137: [['passive acoustic monitoring'], 'marbled murrelet', 'pnw-cnet predictions', 'forest nesting bird species', 'typical detection/non-detection data', 'cryptic species', 'machine learning algorithms', 'convolutional neural networkto', 'entire forest landscapes', 'spatiotemporal patterns', 'potential path', 'broad scales'] 

Reference 137: ['bioacoustics', 'convolutional neural network', 'brachyramphus marmoratus', 'machine learning', 'passive acoustic monitoring'] 

TOP-K 138: ['wutu village', 'housing-industry transformation development', 'rural transformation', 'tgra', 'housing-industry environment', 'rural revitalization path', 'complex adaptability system model', 'case study area', 'housing-industry effect', 'evolution', 'microscopic perspective', 'stage characteristics', 'housing-industry systemusing theoretical analysis', 'research outcomes', 'empirical research'] 

Reference 138: ['housing-industry transformation', 'sustainable rural development', 'complex adaptive system', 'revitalization path', 'three gorges reservoir area'] 

TOP-K 139: ['tanning shavings', ['granulates'], 'physico-mechanical properties', 'plant stimulation', 'correlation coefficients r', 'constructionand agricultural areas', 'stimulation/inhibition index', 'environmental impact', 'comparative purposes', 'significant effect', 'root length values'] 

Reference 139: ['granulates', 'disc granulation', 'protein waste', 'enzyme activity', 'phytotoxicity'] 

TOP-K 140: ['saint-philippe municipality', 'knowledge co-creation processes', 'regional economic activities', 'ces', 'participatory methods', 'local communities', 'co-creation approach', 'participatory approach', 'réunion island', 'different dimensions', 'multiple values'] 

Reference 140: ['pgis', 'socio-cultural assessment', 'coastal communities', 'island', 'outermost regions'] 

TOP-K 141: ['es', 'wetland-based es', 'functional connectivity zones', 'es connectivity', 'soil erosion control', 'natural habitats', ['functional connectivity'], 'land cover analysis', 'broadleaf forests', 'agricultural food production', 'significant es interactions', 'high-value es', 'open water wetlands', 'multiple es', 'ecological network'] 

Reference 141: ['ecosystem services', 'functional connectivity', 'spatial modeling', 'aries', 'in', 'vest', 'network analysis', 'landscape', 'land use'] 

TOP-K 142: ['flood mitigation ecosystem service', ['flood mitigation service'], 'nandu basin flood event', 'ecosystem services', 'hydrodynamic models', 'flood disasters', 'flood events', 'case study', 'model selection.flood mitigation service', 'study', 'ecosystem capacities', 'novel methodology', 'crucial information', 'promising approach', 'much damage'] 

Reference 142: ['flood mitigation service', 'flood peak flow', 'flood volume', 'flood inundation area', 'hydrologic simulation program fortran', 'environmental fluid dynamics code'] 

TOP-K 143: ['austria', 'es', 'climate change impacts', 'land use/cover-based approach', 'western mountain regions', 'climatic changes', ['spatial patterns'], 'mitigation measures', 'south-eastern parts', 'spatial analysis', 'potential impacts', 'literature analysis', 'effective adaption', 'cultural esusing', 'ecosystem servicesis'] 

Reference 143: ['global warming', 'nature’s contributions to people', 'biogeographical regions', 'spatial patterns', 'mapping', 'mountain regions'] 

TOP-K 144: ['ecosystem services', 'ei', 'biodiversity-based scp', 'systematic conservation planning', 'ecosystem servicesin scp', 'conservation planning', 'biodiversity features', ['equitable access'], 'ecological infrastructureis', 'benefits', 'spatial representation', 'adequate surrogate', 'promising framework'] 

Reference 144: ['ecological infrastructure', 'spatial prioritisation', 'scenario planning', 'marxan', 'equitable access', 'recreation', 'coastal protection'] 

TOP-K 145: ['water quality-related ecosystem services', 'water quality', 'fuzzy cognitive mapping', 'es', 'pressures', 'complex floodplain ecosystem', 'collaborative learning', 'management strategies', 'different pressures', 'effective decision-making', 'different scenarios', 'methodology', 'causal relationships', 'creation processes', 'stakeholders'] 

Reference 145: ['ecosystem services', 'fuzzy-cognitive modeling and mapping', 'spatial visualization', 'stakeholders’ perspective', 'floodplains', 'koviljsko-petrovaradinski rit'] 

TOP-K 146: ['land-cover elasticity', 'ecosystem services', 'unit value transfer', 'endogenous value coefficients', 'land cover', 'benefit transferapproaches', 'popular bt approaches', 'value estimates', 'land cover area', 'scalelulc changes', 'lulc type', 'economic values', 'new target area', 'improved method', 'empirical information'] 

Reference 146: ['endogenous ecosystem service value coefficients', 'unit value benefit transfer', 'environmental valuation', 'scarcity', 'inverse demand functions', 'land use change'] 

TOP-K 147: ['sheep grazing', 'uk forestry policy', ['ecosystem services'], 'upland areas', 'current upland land-use', 'km2 cumbrianupland landscape', 'new woodlands', 'agri-environment schemes', 'ecosystem service benefits landscapes', 'woodland cover', 'land use', 'stakeholder interests', 'international policy', 'potential areas', 'public awareness'] 

Reference 147: ['ecosystem services', 'woodland creation', 'landscape', 'uplands', 'afforestation'] 

TOP-K 148: ['marine wetland', 'marine ecosystems', 'contemporary state-of-the-art guidelines', 'valuation studies', 'stateson wetland ecosystem services', 'valuation literature', 'small island', 'valuation research', 'study', 'stated preference methods', 'policy relevance', 'valuation research agenda', 'majority'] 

Reference 148: ['ecosystem services', 'state-of-the-art guidelines', 'small island developing states', 'validity and reliability'] 

TOP-K 149: ['climate change adaptation', 'human well-being', ['critical ecological asset'], 'socio-economic systems', 'future generations', 'services', 'national boundaries', 'current generations', 'ecosystem providers', 'ecosystem servicesare', 'ecosystem contribution', 'financial analyses', 'important environmental metrics', 'human users', 'long-term effects'] 

Reference 149: ['rainfall pattern regulation', 'biomimicry', 'zoonotic disease control', 'critical ecological asset'] 

TOP-K 150: ['landscape aesthetics', 'nfp clss', 'positive sentiments', 'landscape servicesin nfps', 'positive experiences', 'spiritual practices', 'various cls features', 'cultural heritage', 'cultural dimension', 'physical activities', 'visitors', 'sentiments', 'principal cls features', 'beneficial associations', 'relative importance'] 

Reference 150: ['landscape services', 'social media', 'natural language processing', 'machine learning', 'decision tree'] 

TOP-K 151: ['agri-environmental climate measures', 'agricultural practices', 'linear landscape elements', ['field margins'], 'feed provision', 'multiple ess', 'habitat maintenance', 'pest control', 'climate regulation', 'cultural ess.linear landscape elements', 'linear elements', 'geographical context', 'linear landscape elementson', 'positive effects', 'explicit modelling approaches'] 

Reference 151: ['agri-environmental schemes', 'field margins', 'buffer strips', 'agricultural practices, modelling', 'scenarios'] 

TOP-K 152: [['i-tree eco'], 'i-tree eco tool', 'trees', 'mitigating air pollution', 'tree inventory data', 'tree inventory', 'available landsat satellite images', 'high-resolution data', 'ecosystem units', 'global north', 'polluted regions', 'air emissions', 'global south', ['ecosystem service'], 'relevant data'] 

Reference 152: ['i-tree eco', 'remote sensing', 'pollution removal', 'carbon sequestration', 'ecosystem services'] 

TOP-K 153: ['human-nature interdependency', 'es flows', 'local-scale field evidence data', 'es conservation', 'ecosystem patches', 'ecosystems', 'distance-dependent es', 'key ecosystem variables', 'non-linear effects', 'spatial connectivity', 'different strategies'] 

Reference 153: ['church forests', 'wetlands', 'remote sensing', 'ecosystem service flows', 'gam', 'ms', 'spatial decay'] 

TOP-K 154: ['peri-urban landscapes', 'north-east green belt', ['ecosystem services'], 'green belts', 'green belt policies', 'green belt policy', 'ecosystem service supply', 'individual ecosystem services', 'multifunctional opportunity space', 'opportunity areas', 'overall multifunctionality', 'participatory mapping data', 'potential losses', 'social benefits', 'policy implications'] 

Reference 154: ['landscape planning', 'multifunctionality', 'planning policy', 'ecosystem services', 'in', 'vest', 'peri-urban'] 

TOP-K 155: [['conservation preferences'], 'individual conservation preferences', 'attitudinal measures', 'community-based conservation program', 'long-term positive conservation outcomes', 'non-use values', 'experimental donation tasks', 'northern namibia', 'case study', 'behavioral measures', 'non-monetary drivers', 'contingent valuation method', 'demand effects', 'costly data collection', 'approach'] 

Reference 155: ['conservation preferences', 'conservation policy', 'donations', 'contingent valuation', 'deliberative monetary valuation', 'hypothetical bias'] 

TOP-K 156: ['es co-production', 'es', 'social-ecological process', 'aquatic es', 'kemi river basin', 'stakeholder argumentation', 'legal arguments', 'biodiversity', 'anthropogenic contributions', 'specific es', 'long-standing dispute', 'theoretical framework', 'legal ruling', 'empirical studies', 'reservoir construction'] 

Reference 156: ['ecosystem services co-production', 'aquatic ecosystem services', 'arguments', 'hydropower', 'nature’s contributions to people'] 

TOP-K 157: ['mesopelagic fishes', 'mesopelagic ecosystem', 'ocean twilight zonein', ['ecosystem services'], 'current non-exploited status', 'commercial fishery', 'sea layer', 'fish oil', 'pristine environment', 'results', 'huge numbers', 'large range', 'mean value', 'maximum sustainable yield.the'] 

Reference 157: ['mesopelagics', 'economics', 'valuation', 'fishing', 'ecosystem services', 'uncertainty'] 

TOP-K 158: ['karst desertification areas', 'global biodiversity protection efforts', 'ecosystem servicesand', 'ecological degradation', 'similar fragile ecosystems', 'management strategies', 'af systemsto', 'service capacity', 'fragile environments', 'crucial role.biodiversity conservation', 'comprehensive overview', 'work advances'] 

Reference 158: ['agroforestry', 'ecological restoration', 'functional diversity', 'plant traits', 'species richness', 'taxonomic diversity'] 

TOP-K 159: ['auroral es', 'expansive ecosystem services literature', 'auroral ecosystem servicesis', 'es concept', 'exosystem services', 'ecosystems', 'ecosystem services typology', 'geosystem servicesconcept', 'common international classification', 'additional research', 'space environment', 'multiple opportunities', 'flows', 'subsurface environment .1', 'novel extension'] 

Reference 159: ['aurora', 'aurora borealis', 'northern lights', 'systematic literature review', 'ecosystem services', 'space weather'] 

TOP-K 160: ['home healthcare workers', 'verbal abuse', ['nurse aides'], 'cross-sectional study', ['nursing aide'], 'exposures', 'direct observation', 'healthcare worker', 'study', 'trained supervisor', 'current observations'] 

Reference 160: ['home healthcare', 'nurses', 'nurse aides', 'occupational exposures'] 

TOP-K 161: [['stroke care system'], 'stroke patients', 'interconnected functions', ['functional model'], 'study'] 

Reference 161: ['stroke care system', 'complexity', 'functional modelling', 'functional variability, health care professionals'] 

TOP-K 162: ['kta-sprint framework', 'innovative kta-sprint framework', 'iterative kta-sprint framework', 'symptom live reports', 'usability testing', 'caretown module', 'medical events timeline', 'multi-method approach', 'evaluation process', 'care cards', 'caregiver resources', 'ongoing implementation', 'medication wallet', 'secondary purpose', 'core features'] 

Reference 162: ['informal caregivers', 'chronic disease management', 'usability testingm', 'health', 'heart failure', 'dyadic shared care'] 

TOP-K 163: ['surgical counting', 'labour-saving innovations', 'nurses', 'various surgical specialties', 'surgical procedures', 'operating roomnurse', 'regional teaching hospital', 'attention-intensive task', 'successful implementation', 'future developments', 'multiple strategies', 'key findings variations', 'effective applications'] 

Reference 163: ['surgical instrument counting', 'workflow', 'efficiency', 'technology'] 

TOP-K 164: ['handoffs', 'eps', 'adaptive workflows', 'shift patient handoffs', 'emergency physiciansregularly handoff patients', 'workflow adaptations', 'handoffs.in hospital emergency departments', '4-hour intervals', 'cognitive workload', 'environmental considerations', 'shift changes', 'mitigation strategies', 'end', 'observations'] 

Reference 164: ['patient disposition', 'end of shift patient handoffs', 'emergency medicine', 'workload', 'qualitative analysis'] 

TOP-K 165: [['eye drops'], 'self-administering eye', 'visual acuity', 'hand steadiness', 'accurate head tilt feedback', 'prototyped eye drop', 'device', 'bottle tip', ['elderly population'], 'poor adherence', 'parameterized model', 'prescription medications.individuals'] 

Reference 165: ['glaucoma', 'medical device', 'eye drops', 'elderly population', 'device design', 'prototype', 'human factors'] 

TOP-K 166: ['ecological validity', 'lab-evaluated studies', ['regulatory standards'], 'regulatory processes', 'multidisciplinary research project', 'rapid prototyping', 'medical technology', 'novel medical device', ['normal use'], 'current guidance', 'academia', 'new practitioners'] 

Reference 166: ['human factors', 'regulatory standards', 'healthcare', 'normal use'] 

TOP-K 167: ['patient empowerment', 'mltcs', 'patient centered medication management', 'hospital discharge', 'hcp perspectives', 'medication management', 'home transition', 'several work processes', 'study', 'secure hospital', 'intricate hospital'] 

Reference 167: ['multimorbidity', 'seips', 'transition of care', 'patient centered care', 'healthcare professionals'] 

TOP-K 168: ['medicare knowledge', 'medicare plan enrollment', 'technology utilization', 'federal health insurance program', 'healthcare decisions', 'important public health implications', 'research literature', 'adults', 'narrative review'] 

Reference 168: ['medicare', 'decision-making', 'older adults', 'technology', 'policy'] 

TOP-K 169: ['patient stability', 'patient-infection risk', 'patient care tasks', ['infection prevention'], 'patient comfort', 'infection prevention concerns', 'nurses patient care tasks', ['task sequencing'], 'priorities', 'conclusion healthcare workers', 'measures anova'] 

Reference 169: ['task sequencing', 'patient care', 'infection prevention', 'high-fidelity simulation', 'nursing'] 

TOP-K 170: ['non-native institutions', 'widespread adoption', 'adoption', 'barriers', 'acceptance', 'anesthesia providers', 'design process', 'small barriers', 'medical institutions', 'united states', 'technology acceptance modelto'] 

Reference 170: ['medication error', 'organizational tools', 'instrument design', 'technology acceptance'] 

TOP-K 171: ['vap prevention education', 'vap prevention', 'vap prevention measures education', 'nurses', 'patient/ventilator interactionsand', 'nurse knowledge', 'critical care areas', ['confidence'], 'alarmswith confidence levels'] 

Reference 171: ['knowledge', 'confidence', 'emergency department', 'mechanically ventilation', 'vap'] 

TOP-K 172: [['disposition decision-making'], 'ed system', 'informational gaps', 'future research', 'critical juncture', 'work system elements', 'previous studies', 'organizational outcomes', 'care journeys', 'care patients access', 'review'] 

Reference 172: ['emergency medicine', 'disposition decision-making', 'work systems'] 

TOP-K 173: ['invisible design', 'methods invisible design', 'system-level interventions', 'scenario-based approach', 'unseen problem', 'innovative solutions', 'intervention ideas', 'conclusions invisible design', 'complex problems', 'key stakeholders', 'future interventions', 'useful tool'] 

Reference 173: ['medication safety', 'community pharmacy', 'stakeholder engagement', 'participatory design'] 

TOP-K 174: ['kendall scd', 'user-rated usability', 'sleep disturbance', 'novel rf-mac device', 'noise disturbance', 'objective sleep disturbance measures', 'participants', 'marginal evidence'] 

Reference 174: ['venous thromboembolism', 'external mechanical compression', 'sleep quality', 'device usability', 'mobility', 'user-centered design'] 

TOP-K 175: ['toe walking', 'real time vibrotactile feedback', 'real-time feedback', 'wearable technologies', 'children', 'design considerations', 'gait analysis', 'visual feedback', 'natural environment', 'shoe insert', 'innovative wearable system', 'functional prototype', 'parent participants'] 

Reference 175: ['usability', 'acceptability', 'idiopathic toe walking', 'motor re-learning', 'wearable assistive', 'technology', 'home environment'] 

TOP-K 176: ['tube/line management strategies', 'early mobility therapy sessions', 'early mobility', 'patient tubes/lines', 'icu', 'icu staff time', 'staffing barriers', 'intensive care unit', 'application researchers', 'healthcare providers', 'conclusion patient tube/line management', 'frontline staff', 'workload', 'additional research', 'significant implications'] 

Reference 176: ['medical devices', 'healthcare technology', 'patient safety', 'critical care', 'rehabilitation', 'nursing care'] 

TOP-K 177: ['triage decisions', 'low-urgency patients', 'nurse experience', 'experienced nurses', 'more-experienced nurses', 'triage decision', 'patient records', 'emergency department', 'highly-structured tool', 'high-urgency ones', 'decision making', 'conclusion nurse experience', 'important factor'] 

Reference 177: ['triage', 'decision-making', 'esi', 'experience', 'over-triage', 'under-triage', 'decision evaluation'] 

TOP-K 178: ['pelvic lift cushion', 'low-cost pelvic lift cushion', 'patient/clinician interactions', 'stanford university', 'novel pelvic lift cushion', 'stanford team', 'upside-down bedpans', ['pelvic exam'], 'upside-down bedpan/rolled towels', 'patient', 'clinicians', 'upside-down bedpan', 'stirrup bed', 'patient comfort', 'physical access'] 

Reference 178: ['pelvic exam', 'bedpan', 'speculum', 'pregnancy', 'patient safety', 'technological innovation'] 

TOP-K 179: ['wrs', 'junior doctors understanding', ['socio-technical systems'], 'social relations', 'roles', 'goals', 'patient outcomes', 'process sequence', 'systems level research', 'daily organisational process', 'educational value', 'responsibilities', 'longitudinal improvement project', 'social care professionals', 'study'] 

Reference 179: ['ward rounds', 'socio-technical system', 'interns and shos', 'medical education', 'acute hospital'] 

TOP-K 180: ['euro area risk-free rates', 'monetary policy stance', 'euro area', 'covid-19 shock period', 'actual monetary policy actions', 'inflation dynamics', 'communication events', 'communication tone', 'press conference sentiment', 'executive board speeches', 'sentiment indices', 'particular financial markets', 'policy makers', 'bank stock pricesand', 'overall trends'] 

Reference 180: ['ecb', 'monetary policy', 'communication', 'sentiment analysis', 'fiscal costs', 'financial markets'] 

TOP-K 181: [['blockholder coalitions'], 'risky cross-border acquisitions', 'pension fund administrators', 'coalition agreements', ['cross-border deals'], 'active blockholders', 'institutional investors', 'blockholders', 'cross-border merger', 'long-term value performance', 'voting rights', 'overseas acquisitions', 'acquirer firms', 'relationship', 'low levels'] 

Reference 181: ['blockholders coalitions', 'power indices', 'cross-border deals', 'institutional ownership', 'latin america'] 

TOP-K 182: ['key managerial expenditure decisions', 'managerial expenditure decisions', 'critical managerial expenditure decisions', 'different industry concentrations', 'strategic logic', 'strategy literature', 'stock returns', ['industry concentration'], 'asset additions', 'different industry concentration settings', 'previous work', 'inventories turnover', 'competitive context', 'differential impact', 'impact stock returns'] 

Reference 182: ['industry concentration', 'leverage', 'inventories', 'r&d', 'sga', 'fixed asset additions', 'firm value'] 

TOP-K 183: [['financial access'], ['income inequality'], 'low-income countries', 'cooperative banks', 'credit unions', 'empirical economic literature', 'inclusive financial access', 'financial accessand', 'commercial banking', 'quantile regression approach', 'mixed findings', 'relationship', 'substantial amount'] 

Reference 183: ['financial access', 'income inequality', 'cooperative and commercial banks', 'quantile regression'] 

TOP-K 184: ['asymmetric intertemporal risk-return relation', 'positive risk-return relation', 'highsentiment periods', 'state dependent risk-return relation', 'extreme price changes', 'positive risk-return tradeoff', 'underpriced stocks', 'uninformed investors', 'overpriced stocks', ['investor sentiment'], 'rational arbitrageurs', 'good news', 'bad news', 'various market conditions', 'trade activity'] 

Reference 184: ['intertemporal risk-return relation', 'optimistic and pessimistic expectation', 'overpricing and underpricing', 'investor sentiment', 'business cycle', 'short selling'] 

TOP-K 185: ['extrapolative weighting', 'valuation difficulty', 'extrapolative patterns', 'time-series variation', 'price expectation', 'considerable cross-sectional variation', ['target prices'], 'analysts', 'extrapolative weighting.this paper', 'relative weight analysts', 'positive impact', 'degree'] 

Reference 185: ['financial analysts', 'expectation formation', 'target prices', 'extrapolation in the time-series', 'extrapolation in the cross-section'] 

TOP-K 186: ['prefectural variations', 'financial constraints', 'nascent entrepreneur', ['physical collateral'], 'business startups', ['personal guarantees'], 'collateralizable assets', 'potential entrepreneurs', 'legislative changes', 'negative effect', 'negative link', 'lack'] 

Reference 186: ['physical collateral', 'personal guarantees', 'entrepreneur'] 

TOP-K 187: ['international acquisitions', 'post-acquisition competitiveness', 'complex strategic decisions', 'success factors', 'different perspective'] 

Reference 187: ['international mergers and acquisitions', 'international competitiveness', 'firm resources and capabilities', 'international corporate investment'] 

TOP-K 188: ['countercyclical buffers', 'countercyclical capital buffer', 'credit-to-gdp gaps', 'prudential policy', 'macroeconomic signals', 'macroeconomic variables', 'minimum capital threshold', 'interest rates', 'new model', 'credit levels', 'countercyclical capital buffers.this paper', 'useful tool', 'capital components', 'regulatory threshold'] 

Reference 188: ['prudential regulation', 'risk metrics', 'risk-taking channel', 'bank-capital channel', 'snp approach'] 

TOP-K 189: ['late mortgage payments', ['veterans'], 'military veterans', 'overall financial well-being', 'finra investor education foundation', 'problematic credit card behaviors', 'large drop', ['financial capability'], 'comparable civilians', 'leverage data', 'credit outcomes', 'several indicators', 'relative changes', 'national financial capability studyto'] 

Reference 189: ['financial capability', 'financial wellbeing', 'financial behaviors', 'veterans'] 

TOP-K 190: ['unbanked households', 'factors', 'financial inclusion strategies', 'bank account', 'account', 'industry stakeholders'] 

Reference 190: ['unbanked', 'financial inclusion', 'nonbank financial services', 'consumer choices'] 

TOP-K 191: [['mortgage forbearance'], 'average nonmortgage debt', 'total nonmortgage debt', ['universal credit expansion'], 'uk consumers', 'defaulted accounts', 'financial well-being', 'mortgage holders', 'universal credit', 'october 2019to december', 'vulnerable families', 'policy expansion', 'nonmortgage holders.we'] 

Reference 191: ['disparities in consumer debt', 'covid-19united kingdom', 'mortgage forbearance', 'universal credit expansion'] 

TOP-K 192: [['utility shutoff moratoria'], 'state utility shutoff moratorium', 'economic relief', 'utility shutoff moratorium', 'families', 'majority-black communities', 'unpaid debt', 'emergency measures', 'states', 'utility companies', 'water services', 'financial obligations'] 

Reference 192: ['consumer protection policies', 'utility shutoff moratoria', 'credit delinquency'] 

TOP-K 193: ['job experience', 'brazilian fintech microcredit firm', 'traditional microfinance screening variables', 'brazilian microcredit markets', 'previous studies', 'poor workers', 'loan durations', 'current jobs', ['interest rates'], 'job contracts', 'lengthy experience', 'new onefor', 'collateral gap'] 

Reference 193: ['default', 'fintech', 'interest rates', 'microcredit', 'screening'] 

TOP-K 194: [['patents'], 'sme managers', 'small firms', ['patenting'], 'financial performance', 'monopoly rights', 'well-informed decision-making', 'patent application', 'sales', 'new evidence', 'comparable firms', 'empirical analyses', 'study solid empirical evidence', 'filing date report'] 

Reference 194: ['firm performance', 'patents', 'sm', 'es', 'counterfactual', 'granted patents'] 

TOP-K 195: [['pharmaceutical innovation'], 'pharmaceutical firm innovation', 'industry competition', 'firm lobbying', 'grant receipt', 'geographic dispersion', 'future patents', 'medical innovations', 'government-funded r', 'r', ['grants'], 'relationship', 'robust relationship', 'leverage.this paper'] 

Reference 195: ['pharmaceutical innovation', 'government subsidies', 'grants', 'innovation'] 

TOP-K 196: ['risk-shifting problem', 'moral hazard', 'reputation-supported lending', 'projects', 'asynchronous environment', 'firm', 'new 2-period project', 'theoretical paper', 'different environments'] 

Reference 196: ['credit rationing', 'dynamic moral hazard', 'staged financing', 'reputation', 'risk-shifting'] 

TOP-K 197: [['board structure'], 'board size', 'board independence', ['china'], 'board chairmanship', 'potential factors', 'board components', 'private companies', 'close interdependence', 'paper', 'structural estimation', 'previous studies', ['simultaneous equation models'], 'european', 'analytical consideration'] 

Reference 197: ['board structure', 'emerging market firms', 'simultaneous equation modeling', 'china', 'eastern europe'] 

TOP-K 198: ['eu non-financial reporting directive', ['gender diversity'], ['board characteristics'], 'non-financial reporting directive', 'eu firms', 'csr committee', ['cultural diversity'], 'specific board characteristics', ['esg scores'], 'large eu firms', 'european companies', 'governance issues', 'empirical results', 'independent directors', 'esg gap'] 

Reference 198: ['esg score', 'board characteristics', 'gender diversity', 'cultural diversity', 'eu 95/2014 directive'] 

TOP-K 199: ['intrinsic tenase', 'factor viiia-factor', 'phospholipid-bound intrinsic tenase complex', ['blood coagulation'], 'lipid-dependent interaction', 'phospholipid surfaces', 'critical membrane-dependent reaction', 'detailed mechanism-driven computer model', 'substrate delivery', 'complex assembly', 'complex formation', 'high affinity', 'several pathways', 'substrate.background factor x activation', 'major pathway'] 

Reference 199: ['blood coagulation', 'mathematical model', 'membrane-dependent reactions', 'factor viii', 'factor ix', 'factor x'] 

TOP-K 200: ['subclonal composition', 'subclonal compositions', 'heterogeneous growth patterns', 'cellular-subclonal dynamics', 'novel multiscale framework', 'diverse growth patterns', 'growth dynamics', 'long-term outcomes', 'cancer growthand', 'significant subclones', 'current work', 'population dynamics', 'short-term measurements', 'initial time', 'cancer evolution.objective'] 

Reference 200: ['cancer evolution', 'cancer heterogeneity', 'multiscale modelling', 'machine learning'] 

TOP-K 201: ['reaction-dilution-diffusion systems', 'pattern transitions', 'patterns', ['pattern formation'], 'dispersion', 'model', 'organisms', 'natural system', 'research', 'growth process', 'surface', 'diffusion system', 'intricate phenomenon', 'wide variety', 'spatial domain.on'] 

Reference 201: ['pattern formation', 'pattern dispersion', 'growing domain', 'reaction–diffusion system', 'dilution term'] 

TOP-K 202: ['dietary behavior change', 'psychological variables', 'under-approximation', ['causal network'], 'linear odes', 'linear causalities', 'severe restriction', ['behavior change'], 'minimal models', 'energetic variables', 'actual minimal models', 'experimental knowledge', 'theory', 'qualitative analysis', 'causal input variables'] 

Reference 202: ['behavior change', 'hypocaloric diet', 'formal theory', 'thermodynamics', 'causal network', 'over-/under-approximation', 'discretization', 'qualitative reasoning', 'timescale', 'inter-individual variability', 'answer set programming'] 

TOP-K 203: ['tumor-immune system interactions', 'antitumor immune cells', 'tumor microenvironment', 'tumor growth', 'protumor cells', 'mixture theory', 'tumor expansion', 'chemotactic mechanisms', 'immune cells', 'oxygen/nutrient supply', 'mathematical model', 'equilibrium', 'key factors', 'critical role', 'escape phases'] 

Reference 203: ['cancer growth', 'immune response', 'mixture models'] 

TOP-K 204: ['sars-cov-2 spread', 'age-related population heterogeneity', 'pre-pandemic framework', 'age-specific susceptibility', 'covid-19 dynamics', 'age-structured seir model', 'virus transmission', 'early stages', 'age group', 'early phases', 'lockdown lifting phase', 'small extent', 'particular attention'] 

Reference 204: ['sensitivity', 'next generation operator', 'basic reproduction number', 'covid-19age-structured models'] 

TOP-K 205: ['algal cell quota', 'algal cells', 'surface-adsorbed pool', ['algal blooms'], 'algal growth', 'numerical results', 'time delay', 'uptake', 'comprehensive mathematical model', 'intracellular pool', 'transport time', 'mathematical findings', 'general characteristics', 'frequent outbreaks', 'plausible mechanism'] 

Reference 205: ['algal bloom', 'prorocentrum donghaiense', 'karenia mikimotoi', 'surface adsorption', 'transport delay', 'two-stage model'] 

TOP-K 206: ['form-function relationships', 'evolvability', 'multiple traits', 'traits', 'multiple tasks', 'trait integration', 'physiological traits', 'simulation study', 'tasks', 'organism', 'relationships', 'evolve.many-to-many mapping', 'number', 'traits increases', 'tasks increases'] 

Reference 206: ['complexity', 'multitasking', 'performance', 'redundancy', 'tradeoffs'] 

TOP-K 207: ['nih3t3 fibroblast cell line', 'ornstein', 'cell migration patterns', 'anisotropic topographies', 'individual cell migration', 'uhlenbeck process', 'certain isotropicand anisotropictopographies', 'migration patterns', 'native extracellular environment', 'linear topographic patterns', 'topographic configurations', 'migration', 'variable ridge density', 'physiologic functions', 'variable feature density'] 

Reference 207: ['cell migration', 'topography', 'ornstein–uhlenbeck', 'mathematical model', 'tissue engineering', 'bioimplant'] 

TOP-K 208: [['adipocyte size distribution'], 'obesity-related diseases', 'cell size distribution', 'experimental data', 'different health conditions', ['partial differential equation'], 'synthetic data', 'parameter values'] 

Reference 208: ['parameter estimation', 'adipocyte size distribution', 'parameter identifiability', 'partial differential equation'] 

TOP-K 209: ['intra-host viral adaptation', 'antigenic cooperation', 'mutable viruses', 'viral variants', 'genomic diversification', 'immune escape', 'continuous genomic diversification', 'rapid re-arrangement', 'altered antigenic features', 'viral variant', 'chronic infections', 'viral ecosystem', 'quasi-social ecosystem', 'immune response', 'experimental observations'] 

Reference 209: ['local immunodeficiency', 'cross-immunoreactivity', 'persistent viruses', 'altruistic viruses', 'hepatitis c'] 

TOP-K 210: ['random network topologies', 'genetic network topology', ['regulatory networks'], 'fruit fly embryo', 'developmental networks', 'network models', 'cellular systems', 'gap gene expression', 'robustness', 'dynamic signatures', 'cell', 'hypothesis space', 'order networks', 'computational framework', 'posterior axis'] 

Reference 210: ['dynamics', 'regulatory network', 'drosophila', 'weighted directed graph', 'finite directed paths'] 

TOP-K 211: [['abductive reasoning'], 'high-error conditions', 'social norms', 'low-error conditions', 'non-reasoning models', 'simple standing', ['cooperation'], 'aforementioned challenges'] 

Reference 211: ['abductive reasoning', 'confirmation bias', 'cooperation', 'dempster–shafer theory', 'falsification bias', 'indirect reciprocity'] 

TOP-K 212: ['random human-to-human contact mode', 'human-to-human contacts', 'infectious diseases', 'spatial heterogeneity', ['extinction probability'], 'infectious disease', 'non-monotonic pattern', ['extinction probabilities'], 'basic reproduction number', 'transmission probability', 'temporal heterogeneity', 'random contact patterns', ['generation size'], 'mean contact rate', ['structured population']] 

Reference 212: ['random contact', 'structured population', 'spatial–temporal heterogeneity', 'extinction probability', 'generation size'] 

TOP-K 213: ['il-27', 'cancer immunotherapy', 'immune checkpoint inhibitor anti-pd-1', 'il-27 injection', 'tumor volume', 'role il-27', 'variable dose', 'present paper'] 

Reference 213: ['immune checkpoint inhibitors', 'interleukin-27anti-pd-1combination therapy'] 

TOP-K 214: ['photoreceptor outer segments', 'photoreceptor outer segment length', 'rhesus monkeys', 'spatially-dependent regrowth', 'macular region', 'healthy human subjects', ['retina'], ['mathematical model'], 'spatial dependence', 'fovea', 'data', 'significant spatial dependence', 'cone densitiesare'] 

Reference 214: ['photoreceptor', 'rods', 'cones', 'retina', 'mathematical model'] 

TOP-K 215: ['sub-exponential species', 'autocatalytic species', 'different growth laws', 'exponential ones', 'counterintuitive observation'] 

Reference 215: ['autocatalysis', 'exponential growth', 'sub-exponential growth', 'resource competition', 'prebiotic evolution'] 

TOP-K 216: [['marcks protein'], 'modulational instability phenomenon', 'marcks dynamics', 'cytoplasmic membrane', 'multisolitons-like patterns', 'phosphorylation rate', 'cytosol', 'cyclic transport', 'nonlinear dynamics', 'growth rate', 'cubic complex ginzburg', 'localized structures', 'binding rates', 'landau equation', 'binding rate'] 

Reference 216: ['marcks protein', 'long wavelength instability', 'patterns formation', 'multisolitons'] 

TOP-K 217: ['epigenetic treatment resistance', 'curative cancer treatment', 'optimal treatment protocol', 'curative treatment', 'tumour growth', 'mathematical models', 'possible tumour shrinkage rate', 'specific experiment', 'tumour burden', 'previous approaches', 'fitted model', 'major challenge', 'complete analytical investigation.drug resistance', 'main reason'] 

Reference 217: ['acquired resistance', 'cancer', 'phenotypic plasticity', 'targeted therapy'] 

TOP-K 218: ['msc-exos', 'wound healing-associated cells', 'endothelial cells', 'exosome acquisition', 'mechanistic complexity', ['wound healing'], 'exosome potentiation modalities', 'immune cells', 'parental cells msc-exos', 'inflammatory responses', 'wound healing process', 'potent bioactivity', 'vascularization', 'collagen deposition', 'easy preservation'] 

Reference 218: ['wound healing', 'mesenchymal stem cells', 'exosomes', 'angiogenesis', 'therapy'] 

TOP-K 219: ['tnbc', ['obesity'], 'cancer-friendly environment', 'elusive biomarkers', 'complex relationship', 'pathway receptors', 'future research', 'elevated levels', 'detailed review'] 

Reference 219: ['triple negative breast cancer', 'inflammation', 'obesity', 'tumor microenvironment', 'disparity', 'treatment strategies'] 

TOP-K 220: ['hbo', 'histological damage', ['azotemia'], 'subgroup analyses', 'meta-analyze hbo', 'life-threatening condition', 'sudden kidney function loss', 'aki types', 'tissue-level nephroprotection.aims acute kidney', 'key findings data synthesis', 'aki-affected animalswhile'] 

Reference 220: ['acute renal failure', 'nephrotoxicity', 'hyperbaric oxygenation', 'creatinine', 'azotemia', 'animal models'] 

TOP-K 221: ['her3 overexpression', 'her3', 'kinase activity', 'her3 therapy', 'drug resistance', 'anticancer therapies', 'unique structure', 'cancer patients', 'clinical trials', 'clinical detection methods', 'low expression', 'numerous approaches'] 

Reference 221: ['her3erbb3breast cancer', 'oncology', 'pathological detecting methods'] 

TOP-K 222: ['chondrocyte apoptosis', 'er stress', 'endoplasmic reticulumstress', 'cgas-sting signalling', 'cyclic gmp-amp synthase', 'inflammatory responses', 'dna damage', 'cellular senescence', 'protein responseand cgas-sting pathway', 'aberrant protein synthesis', 'interferon genessignalling axis', 'recent evidence', 'consequent cartilage matrix loss'] 

Reference 222: ['endoplasmic reticulum stress', 'unfolded protein responsec', 'gas-sting signalling axis', 'inflammation', 'osteoarthritis', 'treatment strategy'] 

TOP-K 223: ['noncoding rnas', 'noncoding rna regulation', 'dr', 'noncoding rna', 'pathological processes', 'different signaling pathways', 'potential therapeutic strategies', 'recent advancements', 'fundamental understanding', 'therapeutic effects', 'diverse targets'] 

Reference 223: ['diabetic retinopathy', 'treatment', 'mechanisms', 'noncoding rn', 'as', 'cells', 'extracellular vesicles'] 

TOP-K 224: [['glibenclamide'], 'glibenclamide therapy', 'diabetic nephropathy', 'diabetic complications', 'vitamin b1', 'diabetic nephropathy development', 'diabetic nephropathy progression', 'calcitriol', 'prescribed insulin secretagogues', 'preserved creatinine clearance', 'low cost', 'protective effect', 'renal damage scores.glibenclamide', 'therapeutic efficiency', 'addition'] 

Reference 224: ['diabetes', 'glibenclamide', 'vitamin b1calcitriol', 'nephropathy'] 

TOP-K 225: ['histamine-mediated allergic inflammation', 'human primary cjgcsas', ['allergic conjunctivitis'], 'male predisposition', 'allergic inflammation', 'rvd1', 'proinflammatory mediator pge2', 'evs', 'pro-resolving mediatorslxa4', 'allergic response', 'clear sex difference', 'disease model', 'key findings', 'severe forms', 'h post histamine stimulation'] 

Reference 225: ['conjunctiva', 'goblet cells', 'allergic conjunctivitis', 'histamine', 'polyunsaturated fatty acids', 'specialized pro-resolving mediator', 'extracellular vesicles'] 

TOP-K 226: [['setanaxib'], 'antiplatelet therapy', 'human platelet function', 'platelet activation', 'ros-related signaling pathways', 'collagen-induced thrombus formation', 'ros generation', 'extracellular ros production', 'cardiovascular diseases', ['dual nox1/4 inhibitor'], 'key findings setanaxib', 'potential use', 'study', 'collagen-activated platelets.aims', 'promising target'] 

Reference 226: ['platelet', 'ros', 'dual nox1/4 inhibitor', 'setanaxib', 'antiplatelet', 'antithrombotic'] 

TOP-K 227: ['sarco-osteoporosis', 'clinical sarco-osteoporosis', 'sm-exos', ['osteoporosis'], 'nmes', 'skeletal muscle contraction', 'osteogenic differentiation', ['skeletal muscle'], 'osteoblast differentiation', 'physical therapy', 'research findings', 'several mirnas', 'effective theoretical support', 'improvement', 'network manner'] 

Reference 227: ['skeletal muscle', 'exosomes', 'mirna', 'osteoporosis'] 

TOP-K 228: ['uvb', 'uvb irradiation', 'g26uvb/g6uvb comparison', 'high-glucose environments', 'uvb exposure', 'normal-glucoseor high-glucoseconditions', 'human epidermal keratinocytesinitiates photocarcinogenesis', 'hg conditions', 'hg environments', 'heks', 'photocarcinogenic potential', 'ultravioletb-induced damage', 'molecular basis', 'key genes', 'altered response'] 

Reference 228: ['diabetes', 'next-generation sequencing', 'photocarcinogenesis', 'dna damage', 'apoptosis'] 

TOP-K 229: [['betamethasone'], 'glucose metabolism', 'out-of-phase betamethasone treatment', 'insulin sensitivity', 'synthetic glucocorticoid betamethasone', 'female c57bl/6j mice', 'in-phase treatment', 'out-of-phase treatment', 'common metabolic side effects', 'side effects', 'in-phase administration', 'adverse effects', 'morning measurements', 'prolonged treatment', 'particular focus'] 

Reference 229: ['glucocorticoid', 'insulin resistance', 'betamethasone', 'circadian rhythm'] 

TOP-K 230: ['intraneuronal aβ accumulation', 'autophagy pathways', ['cerliponase alfa'], 'endogenous aβ accumulation', 'cer', 'human recombinant rhtpp1', 'ad', 'intraneuronal accumulation', 'ht-22 cells', 'tpp1 enzyme', 'tpp1 expression', 'oligomer internalization', 'aβ load', 'recombinant analog', 'present study'] 

Reference 230: ['cerliponase alfa', "tpp1alzheimer's disease", 'autophagy'] 

TOP-K 231: ['egfr-mutant luad cell lines', 'egfr inhibitors', 'pr treatment', 'aurora b pathway', 'aurora kinase activity', 'multiple pro-apoptotic genes', 'apoptotic pathway', 'gene expression changes', 'drug responsiveness', 'resistance', 'experimental validation', 'luad cells', 'gene signatures', 'suppression', 'transcriptomic analysis'] 

Reference 231: ['lung adenocarcinoma', 'drug resistance', 'natural product', 'herbal medicine', 'combination therapy', 'transcriptome'] 

TOP-K 232: ['avpv', 'ea-based therapy', 'early reproductive aging females', 'ea', 'middle-aged avpv', 'acetylcholine chloride', 'neuroendocrine defects', 'c-fos-positive kiss1 cells', 'lh surge', 'middle-aged females', 'differential neurotransmitter metabolisms', 'peak lh release', 'advanced age', 'age-related reduction', 'key findings'] 

Reference 232: ['luteinizing hormone', 'estradiol', 'hypothalamus', 'aging', 'metabolism'] 

TOP-K 233: ['foxo1 gene-deficient cardiomyocytes', 'mitochondrial ros', 'foxo1 cardiac-specific knockout mice', 'cardiomyocyte injury', 'foxo1 inhibition', 'chronic hypoxic cardiomyocyte injury', 'tof patients', 'ampk signaling pathway', 'injury-protection mechanisms', 'tof', 'rho-associated protein kinase', ['chronic hypoxia'], 'whole-transcriptome sequencing analysis', 'mqc', 'key effector molecules'] 

Reference 233: ['tetralogy of fallot', 'forkhead box o1', 'mitochondrial quality control', 'cox7a2l', 'chronic hypoxia'] 

TOP-K 234: ['migraine drug sumatriptan', 'tresk inhibitor a2764', 'ntg-induced mechanical allodynia', 'selective tresk activator cloxyquin', 'specific tresk inhibitor a2764', 'capsaicin-induced cgrp release', 'trigeminal ganglion cgrp levels', 'trigeminal ganglion', 'meningeal mast cell degranulation', 'brainstem preparations', 'cgrp release', 'ex-vivo meningeal', 'brainstem c-fos', 'in-vivo model', 'key findings'] 

Reference 234: ['cloxyquin', 'cgrp', 'meningeal mast cells', 'migraine', 'neurogenic inflammation', 'tresk background potassium channels'] 

TOP-K 235: ['mcd diet-induced nash', 'rifaximin treatment', ['gut microbiota'], 'intestinal barrier dysfunction', 'mcd diet-fed mice', 'microbiota composition', 'key findings', 'significance rifaximin', 'intestinal barrier integrity', 'new approach'] 

Reference 235: ['gut microbiota', 'intestinal barrier', 'peroxisome proliferator-activated receptor', 'rifaximin', 'nonalcoholic steatohepatitis'] 

TOP-K 236: ['ss', 'anti-cervical cancer effects', ['glucose metabolic reprogramming'], 'ros-mediated akt/mtor/hif', 'molecular mechanisms', 'ros generation', ['cervical cancer'], 'cervical cancer cells', 'cell proliferation', 'underlying mechanisms', 'potential new drug development', 'cancer cells', 'inhibitory effect', 'significance ss', 'new insights'] 

Reference 236: ['cervical cancer', 'glucose metabolic reprogramming', 'sodium selenite', 'rna sequencing', 'ros', 'akt/mtor/hif-1α pathway'] 

TOP-K 237: ['severe acute covid-19 symptoms', ['long covid'], 'covid-19 survivors', 'coronavirus disease 2019survivors', 'long covid characteristics', 'physical declines', 'health-related quality', 'cognitive function', 'year', 'healthy counterparts.background', 'significant number'] 

Reference 237: ['long covid', 'post-covid condition', 'longitudinal study', 'symptom assessment'] 

TOP-K 238: ['facebook friendships', 'open ties', 'students', 'four-year colleges', 'high school', 'individual signature', 'friends', 'selective colleges', 'education scorecard dataset', 'popular students', 'new school', 'closure signature', 'crucial time', 'significant persistence', 'closed relationspersist'] 

Reference 238: ['social networks', 'closure', 'persistence', 'facebook'] 

TOP-K 239: [['bureaucratic organizations'], 'network analysis', 'diagnostic care processes', ['action networks'], 'social network methods', 'personal relationships', 'routine work', 'impersonal work processes', ['outpatient clinics'], 'networks structures', 'rule-driven relations', 'data set', 'direct observations', 'study constructs', 'powerful ways'] 

Reference 239: ['network ecology', 'context', 'spatial layout', 'action network', 'routine dynamics', 'bureaucratic organization', 'outpatient clinic'] 

TOP-K 240: ['face-to-face ties', 'social networks', 'digital communications technologies', 'scientific research', 'available theoretical scaffolding', 'little theoretical foundation', 'way humans', 'consequence digital networks', 'way.the proliferation'] 

Reference 240: ['internet', 'online interaction', 'computational social science', 'tie-generating mechanisms', 'theory'] 

TOP-K 241: ['tie-formation logics', 'relational sociology', 'cultural rules', 'empirical network patterns', 'field theory', 'preferential attachment', 'particular fields.tie-formation mechanisms'] 

Reference 241: ['institution', 'meaning structure', 'network mechanism', 'social field', 'tie-formation'] 

TOP-K 242: ['group-based oppositional cultures', 'anti-school culture', 'group-specific oppositional cultures', 'low socio-economic resources', 'school context', 'ethnic minorities', 'ethnic minority boys', 'specific groups', 'socio-economic differences', 'high performers', 'schools', 'social acceptance', 'group differences', 'majority boys', 'ecological view'] 

Reference 242: ['gender', 'ethnicity', 'school performance', 'liking', 'stochastic actor-oriented models', 'rsiena'] 

TOP-K 243: [['intergenerational closure'], 'socio-spatial conditions', 'multilevel network ecologies', 'conflict networks', 'school classes', 'multilevel ecological perspective', 'german class networks', 'conflict ties', 'spatial regressions', 'theoretical considerations', 'protective effects', 'selective pressure', 'student measurements'] 

Reference 243: ['network ecology', 'intergenerational closure', 'diverse neighbourhoods', 'exponential random graph model', 'interpersonal conflict'] 

TOP-K 244: [['workplace relationships'], 'workplace ties', 'common grievances', 'personal outcomes', 'relationship formation', 'social contexts', 'practices', 'form workplace solidarity', 'collective action.organizational practices', 'regular contact', 'important dimensions', 'formation'] 

Reference 244: ['precarious work', 'workplace relationships', 'organizational practices', 'network ecology', 'retail industry', 'collective action'] 

TOP-K 245: ['network centrality measurements', 'networks', 'real-world observations', 'path-based centrality measurements', 'nodes', 'well-known method', 'attribute information', 'contextual information', 'path calculations', 'actors', 'importance', 'edges.centrality measurements'] 

Reference 245: ['attributed network', 'betweenness centrality', 'closeness centrality', 'contextual embeddedness'] 

TOP-K 246: ['asymmetric market transactions', ['financial markets'], 'exchange', 'market transactions', 'temporal micro-structure', 'possible mechanism', 'market roles', 'empirical result'] 

Reference 246: ['organizational networks', 'interorganizational exchange', 'reciprocity', 'generalized exchange', 'financial markets', 'relational event models'] 

TOP-K 247: [['fashion modeling'], ['transitory ties'], ['fashion models'], 'precarious employment', 'social ties', 'short-term employment', ['creative industry'], 'fashion shows', 'models', 'contemporary labor market', ['careers'], 'networks', 'network ecology perspective', ['social capital'], 'contextual factors'] 

Reference 247: ['careers', 'fashion models', 'network ecology', 'social capital', 'transitory ties', 'creative industries', 'types of ties'] 

TOP-K 248: ['ethnoracial segregation', 'network micro-selection mechanisms', 'eca involvement', 'activity selection mechanisms', ['two-mode networks'], ['stochastic actor-oriented model'], 'unique longitudinal dataset', 'yearbook data', 'student surveys', 'particular focus'] 

Reference 248: ['race/ethnicity', 'homophily', 'segregation', 'two-mode network', 'extracurricular activities', 'stochastic actor-oriented model'] 

TOP-K 249: ['dynamic focus theory', 'social network analysis', ['social influence'], ['focus theory'], ['social foci'], 'foci effects', 'classical focus theory', 'foci properties', 'focus effect', 'standard tie-generation process', 'multiple network layers', 'key implications', 'role different types', 'dynamic focus theory.feld', 'influential approaches'] 

Reference 249: ['social foci', 'focus theory', 'network ecology', 'stochastic actor-oriented models', 'two-mode networks', 'tie-generators', 'diffusion', 'social influence'] 

TOP-K 250: ['faculty networks', ['network ecology'], 'stem model', 'university social structure', 'social structural change', 'new faculty', 'individual adaptation', 'bottom-up processes', 'environmental selection', 'stem style', 'elite university', 'egalitarian interdisciplinary network reflective', 'individual faculty', '22-year study', 'work relations'] 

Reference 250: ['network ecology', 'networking styles', 'academic collaboration', 'multiplex networks', 'sociology of knowledge'] 

TOP-K 251: [['multiple network analysis'], 'multiple networks', 'endogenous network characteristics', 'social science research', 'social phenomena', 'exogenous variables', 'hierarchical structure', 'various factors', 'socioeconomic status', 'new discoveries', 'future researchers', 'simultaneous modeling', 'comprehensive understanding', 'powerful tool'] 

Reference 251: ['ergm', 'simulation study', 'hierarchical modeling', 'multiple network analysis'] 

TOP-K 252: [['homophily'], 'word-of-mouth diffusion', 'social networks', 'social influence', 'network structure', ['social reinforcement'], 'standard percolation model', 'percolation model', ['diffusion'], 'low diffusion regime', 'non-linear relation', 'simple structure', 'high diffusion', 'preferences', 'combined effect'] 

Reference 252: ['diffusion', 'word-of-mouth', 'percolation', 'homophily', 'social reinforcement', 'small worlds'] 

TOP-K 253: [['difficult ties'], 'multinomial multilevel models', 'difficult individuals', 'ties', ['personal networks'], 'network', 'problematic network members', 'many ties', 'ambivalent properties', 'turnover dynamics', 'anchor difficult ties', 'apparent change', 'expected.previous studies'] 

Reference 253: ['difficult ties', 'personal networks', 'homophily', 'support', 'retention'] 

TOP-K 254: ['two-mode network data', 'two-mode data', 'relational similarity', 'senate voting', 'relational similarity measure', 'two-mode relational similarities', 'one-mode projections', 'iterated correlations', 'data', 'familiar duality approach', '112th u.', 'initial similarities', 'southern women', 'previous paper', 'basic idea'] 

Reference 254: ['generalized similarity', 'duality', 'two-mode networks', 'correlation distance', 'projection'] 

TOP-K 255: [['social capital'], 'higher-status social capital', ['socioeconomic status'], 'socioeconomic inequalities', 'voluntary organizations', 'access', 'current involvement patterns', 'counterfactual situation', 'joiners access', 'german panel datareveal', 'regression analyses'] 

Reference 255: ['social capital', 'position generator', 'voluntary involvement', 'socioeconomic status', 'inequality', 'germany'] 

TOP-K 256: ['subsampled multi-core mple', 'migration flow networks', 'count-valued ergms', 'ergms', 'small-variance networks', 'mple', 'cd', 'particular computational challenges', 'point estimations', 'fast estimation', 'simulation study', 'small networks', 'methods', 'networks', 'dependence terms'] 

Reference 256: ['contrastive divergence', 'exponential-family random graph model', 'markov chain monte carlo', 'maximum likelihood estimation', 'pseudo likelihood', 'valued/weighted networks'] 

TOP-K 257: ['social network data collection', 'order effects', 'middle school cohorts', 'sociometric questions', 'name orders', 'survey rosters', 'biases', 'recent studies', 'names', 'nomination choices', 'experimental methods', 'little evidence'] 

Reference 257: ['data collection', 'peer nomination', 'name rosters', 'measurement error', 'adolescent friendships'] 

TOP-K 258: ['lddmm-face', 'leverage learning-based diffeomorphic mapping', 'facial geometry', 'deformation layer', ['facial landmarks'], 'various face alignment networks', 'various annotation schemes', 'sparse ones', 'first study', 'dense annotations', 'novel embedding', 'diffeomorphic way', 'deep network', 'key contribution', 'face alignment.we'] 

Reference 258: ['face alignment', 'facial landmarks', 'diffeomorphic mapping', 'deep learning'] 

TOP-K 259: [['skin cancer classification'], 'multi-modality data', 'fm architectures', 'dermatological imageswith patient metadata', 'joint-individual fusionstructure', 'novel fusion method', 'fm components', 'multi-modal fusion attentionmodule', 'mutual attention mechanisms', 'decision-making pipeline', 'sophisticated fs', 'shared features', 'current methodologies', 'specific characteristics', 'metadata features'] 

Reference 259: ['skin cancer classification', 'joint-individual fusion structure', 'multi-modal fusion attention', 'dermatological image and metadata'] 

TOP-K 260: ['c2fresmorph', 'learning-based deformable registration algorithm', '2d medical image registration', '2d medical images', 'learning-based methods', 'two-stage framework', 'surgical automation', 'experimental evaluations', 'registration accuracy', 'generalization ability', 'registration performance', 'challenging work', 'efficiency advantages', 'important precursor task'] 

Reference 260: ['image registration', 'convolutional neural networks', 'multi-head self-attention', 'unsupervised learning'] 

TOP-K 261: ['multi-contrast features', 'multi-contrast feature aggregationmodule', 'joint mri reconstruction', 'mr super-resolution performance', 'cmf-net framework', 'task-specific features', ['super-resolution'], 'multi-task mutual fusionmodule', 'task-specific information', 'mutual propagation', 'feature representations', 'first stage', 'tasks', 'second stage'] 

Reference 261: ['magnetic resonance imaging', 'mri reconstruction', 'super-resolution', 'multi-task learning'] 

TOP-K 262: ['shape classification', 'neural networkson feature maps', 'shape analysis', 'generic shape datasets', 'dynamic evolution strategy', 'experimental results', 'shape description', 'many computer vision problems', 'topological measures', 'binary images', 'performance improvements', ['complex network'], 'complex networkframework.shape contour', 'several challenges', 'important aspect'] 

Reference 262: ['shape representation', 'complex network', 'neural network'] 

TOP-K 263: ['fuzzy granularity cognitive mechanism', 'multi-scale learning', 'multilabel classification', 'multilabel multi-scale learning strategy', 'multilabel data', 'feature selection method', 'sample fuzzy similarity', 'labels', 'label space', 'label spaces'] 

Reference 263: ['multi-scale fuzzy rough sets', 'multilabel feature selection', 'missing labels', 'uncertainty measures'] 

TOP-K 264: ['robust feature selection', 'feature selection', ['sparse latent representation'], 'sparse features', 'cpslr', 'central point link information', 'discriminative features', 'feature transformation matrix', '2-norm constraint', 'l2'] 

Reference 264: ['center matrix', 'link information', 'sparse latent representation', 'unsupervised feature selection', 'dual graph structure'] 

TOP-K 265: ['point cloud analysis', 'rotation-invariant property', 'attention-based fusion module', 'point-based deep networks', 'global rotation-invariant information', 'arbitrary rotation', '3d shapes', 'novel rotation-invariant method', 'multiple fusion modules', 'local-to-global representation', 'non-local information', 'rotation-invariant works', 'self-attention unit', 'geometry contexts', 'global features'] 

Reference 265: ['point cloud', 'rotation invariance', 'local-to-global', 'deep learning'] 

TOP-K 266: ['ssmc', 'structured graph learning', 'low dimensional consensus features', 'subspace learning', 'embedded features', 'graph', 'novel framework', 'embedded feature space', 'adaptive structured graph', 'subspace', 'multi-view clusteringis', 'structured graph', 'consensus features', 'sample similarities', 'effective algorithm'] 

Reference 266: ['multi-view clustering', 'latent space', 'subspace clustering', 'graph learning'] 

TOP-K 267: ['frobenius-norm-based regularization', 'latent tensor', 'high-order correlations', 'multi-view data', 'weighted tensor nuclear norm', 'consistent graph learning method', 'multiple views', 'multiple graphs', 'heterogeneous information', 'common affinity matrix', 'single view', 'possible noise', 'global structure', 'intrinsic structure', 'consistent representation'] 

Reference 267: ['spectral clustering', 'multi-view clustering', 'tensor learning', 'graph learning'] 

TOP-K 268: ['nssgca', 'cluster-aware attention mechanism', '3rd-order tensor', '3rd-order tensor samples', 'nonconvex schatten', 'representation tensor', 'clustering tasks', 'sliced sparse gradientregularization', 'approximate tensor rank', 'free submodules', 'latent spatial structure', 'block-like structure', 'submodule framework', 'neighbor adjacency graph', '2d image'] 

Reference 268: ['tensor based sparse representation', 'submodule clustering', 'tensor schatten p-norm', 'union of free submodulesℓqnorm', 'ssg', 'cluster-aware'] 

TOP-K 269: ['semi-supervised graph machine learning', ['semi-supervised node classification'], 'graph benchmark datasets', 'unique learning algorithm', 'adequate graph information', 'alignment rules', 'outperform state-of-the-art competitors', 'hidden information', 'insufficient labels.graph neural networkshave', 'extensive studies', 'considerable benefits'] 

Reference 269: ['attributes mining', 'high-order neighborhood exploration', 'semi-supervised node classification', 'graph neural networks'] 

TOP-K 270: ['clustering technique', ['surface extraction'], 'local feature similarities', 'point clouds', ['surface extractions'], 'local quadric surface', 'boundary detection method', 'sharp features', 'coplanar condition', 'points', 'normal correction', 'second step', 'first step'] 

Reference 270: ['3d point clouds', 'surface extraction', 'dbscan', 'quadric surface'] 

TOP-K 271: ['deep neural networks', 'gate distributions', 'run-time computational cost', 'feature-gate couplingapproach', 'feature', ['instance neighborhood relationships'], 'second step', 'gate spaces', 'substantial progress', 'modules', 'dynamic network pruningto', 'features representative'] 

Reference 271: ['contrastive self-supervised learning', 'dynamic network pruning', 'feature-gate coupling', 'instance neighborhood relationship'] 

TOP-K 272: [['contrastive learning'], 'online contrastive visual clusteringmethod', 'arbitrary self-supervised learning frameworks', 'current semantic clustering methods', 'computer vision', 'clustering error accumulation', 'intra-class correlation', 'similar feature embeddings', 'valuable intra-class correlation', 'ground-truth guidance', 'instance-level discrimination', 'iteration process', 'low confidence.contrastive learning', 'instances', 'remarkable success'] 

Reference 272: ['self-supervised learning', 'contrastive learning', 'deep clustering'] 

TOP-K 273: ['transformer-based cross-feature fusion module', ['transformer'], 'u-net architecture', 'structure-to-detail perception capabilities', 'long-range contextual dependencies', 'adaptive perception module', 'real-world scenes', 'semantic information', 'encoder features', 'border ambiguity', 'novel framework', 'feature offsets', 'segmentation results', 'overall network'] 

Reference 273: ['transformer', 'attention', 'semantic segmentation', 'point cloud scenarios'] 

TOP-K 274: ['mlenet', 'video-based action recognition models', 'temporal modeling', 'optical flow', 'local deep detail information', 'laborious optical flow extraction', 'novel approach', 'substantial performance enhancements', 'contextual data', 'seamless integration'] 

Reference 274: ['action recognition', 'spatio-temporal', 'temporal feature refinement extraction module', 'motion information', 'optical flow guided feature'] 

TOP-K 275: ['textureless-aware segmentation', 'textureless areas', 'textureless-aware segmentation method', '3d reconstruction', 'multi-view stereo', 'large textureless regions', 'incorrect depth estimations', 'edge detection', 'reliable pixel correspondences', 'correlative refinement', 'disparity discontinuity detector', 'confidence estimator', 'line detection', 'depth completion', 'novel method'] 

Reference 275: ['multi-view stereo3d reconstruction', 'filtering', 'superpixel', 'segmentation'] 

TOP-K 276: ['human emotional experience', 'image aesthetics', 'aesthetic representation learning', 'image emotion', 'human subjective feelings', 'visual content', 'emotion information', 'potential impact', 'intrinsic relationships'] 

Reference 276: ['image aesthetics assessment', 'multimodal learning', 'image emotion analysis'] 

TOP-K 277: ['low-resolution dark-light images', 'dual-path modulated-interactive structure', 'naive time-consuming learning strategy', 'specialized enhancer', 'illuminance attention information', 'high-quality sharp images', 'generative modulation', 'various ultra-low-light scenarios', 'wide-ranging applicability', 'key performance metrics', 'benchmark datasets', 'high-resolution normal sharp version', 'direct mapping', 'extensive experiments', 'fast training strategy'] 

Reference 277: ['low-light image', 'bi-level optimization', 'image enhancement', 'deep learning'] 

TOP-K 278: [['myb-related transcription factors'], 'angiosperm arabidopsis thaliana', ['chloroplast biogenesis'], 'myb-related genes', 'chloroplast development', 'chlorophyll biosynthesis', ['glk transcription factors'], 'myb-related proteins', 'liverwort marchantia polymorpha', 'photosynthesis gene expression', 'glk mutants', 'co2 fixation', 'glk proteins', 'land plants', 'limited chloroplast development'] 

Reference 278: ['chloroplast biogenesis', 'photosynthesis', 'marchantia', 'arabidopsis', 'glk transcription factor', 'myb-related transcription factor'] 

TOP-K 279: ['cd19-targeting car-t cells', 'refractory immune-mediated necrotizing myopathy', 'car-t therapy', 'off-the-shelf car-t cells', 'diffuse cutaneous systemic sclerosis', 'allograft rejection', 'cells', 'complete b cell depletion', 'immune rejection', 'promising immune modulatory effect', 'high safety', 'great promise'] 

Reference 279: ['allogeneic car-t cellsautoimmune diseasessystemic sclerosismyositis', 'cd19'] 

TOP-K 280: ['non-neutralizing epitopes', 'rh5-specific monoclonal antibodies', ['rh5'], 'rh5-vaccine-induced responses', 'rh5-reactive b cells', 'malaria-naive uk individuals', 'immunoglobulin gresponses', 'next-generation rh5 vaccines', 'natural malaria infection', 'malaria-exposed individuals', 'malaria-exposed malian individuals', ['natural infection'], 'underlying antibody response', 'endemic regions', 'clear strategy'] 

Reference 280: ['rh5', 'plasmodium falciparum', 'monoclonal antibodies', 'malaria', 'natural infection', 'vaccine design'] 

TOP-K 281: [['hcov-hku1'], ['tmprss2'], 'tmprss2 recognition', 'hcov-hku1c spike', ['glycan receptor'], 'sialoglycan binding', ['proteinaceous receptor'], 'rbd', 'binding assays', 'synergistic mechanism', 'insertion subdomain', 'conformational change', 'receptor recognition pattern', 'undiscovered interfaces', 'structural investigation'] 

Reference 281: ['hcov-hku1', 'viral entry', 'tmprss2', 'proteinaceous receptor', 'glycan receptor'] 

TOP-K 282: ['wdr11-fam91a1 complex', 'human wdr11-fam91a1 complex', 'clathrin-associated ap-1 complex', 'wdr11 complex assembly', 'cryo-em structure', 'acidic clusters', 'super acidic clusters', 'sac-containing proteins', 'protein transport', 'proper neuronal development'] 

Reference 282: ['vesicle trafficking', 'cargo selection', 'vesicle tethering', 'neuronal development', 'wdr11', 'ap-1'] 

TOP-K 283: ['ecm-mitochondria crosstalk', 'ecm remodeling', 'mitochondrial stress responses', 'mitochondrial fission', 'mechanical-stress-induced ecm damage', 'mitochondrial homeostasis', 'ancient immune pathway', 'tgf-β response', 'organismal level', 'metabolic responses', 'protein response'] 

Reference 283: ['extracellular matrix', 'hyaluronan', 'tmem2', 'mitochondria', 'tgf-β', 'immunity'] 

TOP-K 284: ['cpa regulators', 'nuclear rna life cycle', 'co-regulated polya sites', 'polya site usage', 'polya site choice', 'multiplexed perturbation screen dataset', 'intronic polya sites', 'regulatory complexes', 'transcriptome-wide inference', 'cis-regulatory code', 'perturbation-dependent changes', 'perturbation response', '′ scrna-seq readout', 'distinct components'] 

Reference 284: ['cleavage and polyadenylation', 'alternative polyadenylation', 'post-transcriptional regulation', 'perturb-seq', 'rna processing'] 

TOP-K 285: ['or70a-expressing sensory neurons', 'glomerular rings', 'odor-specific chemotopic representation', 'ring-shaped glomerular arrangement', 'two-photon functional imaging', 'spatial activation patterns', 'multiplexed glomerular innervation pattern', 'antennal lobe', 'unconventional spatial olfactory code', 'odor-coding pattern', 'glomerular population', 'different chemical classes', 'distinct odors', 'developmental stages', 'relevant odors'] 

Reference 285: ['locusta migratoriahemimetabolatwo-photon functional imagingchemotopyolfactory codingglomerular clusterantennal lobe'] 

TOP-K 286: ['molecular docking', 'mid-nanomolar potentiators', 'cftr modulators', 'suboptimal pharmacokinetics', 'medicinal chemistry', 'test ligands', ['inhibitors'], 'structure-based optimization', 'potentiator site', 'allosteric site', 'candidate modulators'] 

Reference 286: ['ligand discovery', 'anion channel', 'abc transporter', 'potentiators', 'inhibitors', 'large-scale docking'] 

TOP-K 287: ['prokaryotic amp sequences', 'machine-learning-based approach', 'prokaryotic genomes', 'non-redundant peptides', 'antibiotic-resistance crisis', ['global microbiome'], 'host-associated habitats', ['antibiotic discovery'], 'open-access resource', 'antimicrobial peptideswithin', 'comprehensive catalog', 'vast dataset', 'pathogens.novel antibiotics'] 

Reference 287: ['machine learning', 'metagenomics', 'antimicrobial peptides', 'antibiotic discovery', 'antimicrobial activity', 'global microbiome', 'antibiotic resistance'] 

TOP-K 288: ['progestins', 'sex hormones', ['eggerthella lenta'], 'metabo-regulatory steroids', 'certain bacterial progestins', 'postpartum depression', 'fda-approved drug', 'homologous expression', ['21-dehydroxylation'], 'host physiology', 'heterologous expression', 'abundant biliary corticoids', 'comparative genomics', 'bacterial conversion', 'bacterial gene cluster'] 

Reference 288: ['21-dehydroxylation', 'hydrogen gas', 'eggerthella lenta', 'neurosteroids'] 

TOP-K 289: ['vertebrate centromere biology', 'chromosome segregation', 'merotelic kinetochore-spindle attachments', 'centromere subdomains', 'cancer cell divisions', 'merotelic attachments', 'cell division', 'faithful chromosome segregation', 'cohesin links', 'spindle forces', 'fundamental aspect'] 

Reference 289: ['mitosis', 'centromere', 'kinetochore', 'chromatin organization', 'condensin', 'cohesin', 'chromosomal instability'] 

TOP-K 290: ['c-crispr-based ibc strategy', 'rat forebrain tissue', 'rat forebrain tissues', 'xenogeneic rat forebrain tissues', 'hesx1 deficiency', 'ibc strategy', ['interspecies organogenesis'], 'cross-species comparative analyses', 'rat-like transcriptome profiles', 'candidate genes', 'adult mice', 'mouse host', 'rapid screening'] 

Reference 290: ['interspecies chimeras', 'rat-mouse chimeras', 'interspecies blastocyst complementation', 'interspecies neural blastocyst complementation', 'interspecies forebrain blastocyst complementation', 'interspecies organogenesis', 'c-crispr'] 

TOP-K 291: ['human centriole', 'centriolar proteins', 'sub-structural elements', 'centriole biogenesis steps.centriole biogenesis', 'organelle assemblies', ['time-series reconstruction'], ['expansion microscopy'], 'human procentriole assembly', 'molecular architecture', '4d assembly', 'protein distributions', 'structural features', 'structural modules', 'sequential recruitment', 'spatial location'] 

Reference 291: ['centrioles', 'expansion microscopy', 'super-resolution microscopy', 'centriole assembly', 'molecular mapping', 'time-series reconstruction', 'centriole duplication'] 

TOP-K 292: ['synapsin-clustered reserve pool condensate', 'synaptic vesicletransport', 'trk-fused gene', 'active zone protein condensate', 'different presynaptic bouton sub-compartments', ['phase separation'], 'er-golgi intermediate compartment', 'svs', 'directional vesicle transport', 'synaptic proteins', 'copii vesicle trafficking', 'c2a domain-mediated ca2', 'general role'] 

Reference 292: ['vesicle transport', 'vesicle trafficking', 'phase separation', 'synaptic vesicle cycling'] 

TOP-K 293: ['nf-κb-driven suicide gene', 'stt3a', 'stt3a-specific inhibitors', 'oligosaccharyltransferase complex ost-a', 'lps-treated cells', 'lps receptor toll-like receptor', 'ngi-1-resistant variants', 'cell-surface localization', 'whole-genome crispr-cas9 screens', 'uncompetitive inhibition mechanism', 'cryoelectron microscopy studies', 'catalytic subunit', 'catalytic site', 'drug mechanism', 'crispr base-editor screen'] 

Reference 293: ['oligosaccharyltransferase', 'n-glycosylation', 'inhibition mechanism', 'nf-κb', 'crispr screening', 'toll-like receptors'] 

TOP-K 294: [['cd3ε'], 'itpripl1 extracellular domain', 'zap70 phosphorylation', 'tumor microenvironment', 'mouse models', 'inhibitory ligand', 'itpripl1 functions', 'various solid tumor types', 'cells', 'itpripl1 restrained tumor growth', 'cell infiltration', 'multiple tumor types', 'cell activation', 'calcium influx', 'promising therapeutic target'] 

Reference 294: ['cd3ε', 'itpripl1', 'immune checkpoint', 'immune evasion', 'cancer immunotherapy'] 

TOP-K 295: ['cholesterol metabolism', 'oscillibacter genus', 'cholesterol-metabolizing capabilities', 'diverse oscillibacter spp', 'microbial pathways', 'plasma cholesterol levels', 'functional prediction', 'integrated analysis', 'broad property'] 

Reference 295: ['cardiovascular disease', 'microbiome', 'metabolome', 'cholesterol', 'oscillibacter'] 

TOP-K 296: [['microglia'], 'dna-damaged neurons', 'neuronal engulfment', 'ifn-i deficiency', 'ifn-i receptor', 'phagolysosomal dysfunction', 'nuclear dna damage', 'excess cortical excitatory neurons', 'microglial-specific loss', 'ifn-i gain', ['tactile hypersensitivity'], 'somatosensory cortexthat', 'responsive microglial state', 'whole neurons', 'accumulation'] 

Reference 296: ['type i interferon', 'microglia', 'neuroimmunity', 'phagocytosis', 'somatosensory cortex', 'cortical development', 'tactile hypersensitivity'] 

TOP-K 297: ['liver transplantation', 'liver disease mouse models', 'extensive oncological liver resections', 'small grafts', 'extended liver resections', 'hepatocyte regeneration', 'clinical trials', ['liver failure'], ['liver regeneration'], 'end-stage liver', 'chronic liver diseases', 'antifibrotic effects', 'porcine models', 'sufficient functional liver mass', 'curative option'] 

Reference 297: ['liver', 'liver regeneration', 'liver failure', 'partial hepatectomy', 'mkk4', 'drug discovery and development', 'first-in-human phase i trial'] 

TOP-K 298: [['ghmyb33'], 'mir319c-myb33 module', 'della protein ghgai1', 'plant resistance', 'ghspl9', 'plant growth', 'specific cis-elements', 'ghdfr1 promoters', 'hub protein', 'internode elongation', 'defense', 'pivotal role', 'important transcription factor', 'many important roles', 'significant decline'] 

Reference 298: ['ghmyb33', 'ghr-mir319c', 'trade-off', 'gossypium hirsutum', 'verticillium dahliae'] 

TOP-K 299: ['triticeae-specific tacipk17 duplicates', ['cipks'], 'drought tolerance', 'triticeae-specific cipk', 'igg analysis', 'monocot species', 'transgenic approaches', 'new target gene', 'wheat', 'functional validation', 'orthologous relationship', 'antioxidant capacity'] 

Reference 299: ['integrative gene duplication and genome-wide analysis', 'evolutionary expansion', 'reverse genetics', 'triticeae species', 'cbl', 'cipk'] 

TOP-K 300: ['wheat dwarf india virus', ['wdiv'], ['genome editing'], 'high-throughput genome editing', 'infected wheat', 'wheat', 'first geminivirus', 'viral vector', 'reverse genetics', 'barley', 'study', 'wide host range', 'laboratory conditions', 'dicot plants', 'many plant species'] 

Reference 300: ['wdiv', 'aylcb', 'monocot-dicot barrier', 'gene silencing', 'genome editing'] 

TOP-K 301: [['nestin'], 'nestin expression', 'multilineage stem/progenitor cells', 'current studies', 'tissue development', 'current findings', 'key scientific concepts', 'pathological processes', 'tissue regeneration', 'tissue regeneration processes', 'potential clinical implications', 'cells', 'potential roles', 'review', 'body'] 

Reference 301: ['intermediate filament proteins', 'nestin', 'stem cells', 'progenitor cells', 'biomarkers'] 

TOP-K 302: [['diabetic cardiomyopathy'], 'toll-like receptor 9signaling pathway', 'tlr9', 'triad3a expression', 'glucose uptake', 'tlr9 activity', 'energy metabolism', 'novel therapeutic strategies', 'diabetic cardiomyopathyand', 'pathological changes', 'pathological alterations', 'cardiac function', 'study', 'pivotal role', 'critical role'] 

Reference 302: ['diabetic cardiomyopathy', 'toll-like receptor 9triad3a', 'ubiquitination', 'mitochondrial bioenergetics'] 

TOP-K 303: ['anti-cancer salmonella', 'o-antigen deficiency', 'recurrent salmonella inoculation', 'clya', 'qs-controlled tumor-specific expression', 'clya expression', 'immunohistochemical staining', 'salmonella strain', 'qs-controlled expression', 'qs activation', 'low endotoxicity', 'anti-tumor effect', 'threshold bacterial cell density', 'intrinsic anti-tumor activity', 'beneficial safety elements'] 

Reference 303: ['salmonella', 'tumoricidal activity', 'reduced endotoxicity', 'tryptophan auxotroph', 'cytolysin a', 'quorum sensing'] 

TOP-K 304: ['af', 'single-nuclei rna-sequenciganalysis', 'intercellular communication', 'tissue remodeling', 'extracellular-matrix related genes', 'extracellular matrix', 'cardiac contractile proteinsand', 'vascular remodeling signals', 'specific pathways', 'sinus rhythm', 'systematic transcriptional signature', 'specific subtype', 'expression', 'significant topic'] 

Reference 304: ['atrial fibrillation', 'single-nuclei rna-sequencing', 'cardiomyocyte dedifferentiation', 'epicardial adipose tissue', 'left atrial appendage remodeling'] 

TOP-K 305: ['lcacs', 'mitochondrial damage', 'astrocytic mitochondrial dysfunction', 'ais', 'neuronal damage', 'carnitine palmitoyltransferase', 'astrocytic metabolic support', 'stroke injury', ['lipid droplets'], 'prognostic biomarkers', 'conclusion lcacs', 'crucial role', 'bolus administration'] 

Reference 305: ['long-chain acylcarnitine', 'ischemic stroke', 'biomarker', 'astrocytic mitochondrial', 'lipid droplet'] 

TOP-K 306: ['lm immunotolerance', 'lm common immune featurescore', 'rna sequencing data', 'novel lmcif score', 'clinical disease management', 'immune cells', 'immunotherapy response', 'liver metastasisremains', 'cancer types', 'results patients'] 

Reference 306: ['liver metastasis', 'pan-cancer', 'immunotolerance', 'immunotherapy', 'krt19'] 

TOP-K 307: ['mettl3 overexpression', 'mettl3 expression', 'c-myc mrna methylation', 'fn', 'escc cells proliferation', 'escc proliferation', 'escc tissues', 'mrna stability', 'increase mettl3 expression', 'brca cells', 'fn abundance', 'untranslated regionand', 'dependent manner'] 

Reference 307: ['fusobacterium nucleatum', 'mettl3', 'm6a methylation', 'c-myc', 'esophageal squamous cell carcinoma'] 

TOP-K 308: ['plasma n-glycoproteome analysis', 'plasma glycoproteomics', 'glycoprotein biomarkers', 'glycobiological mechanisms', 'protein n-glycosylation pathway', 'plasma n-glycoproteomics', 'site-specific glycosylation changes', 'well-defined glycosylation pathways', ['blood plasma'], 'human disease', ['clinical applications'], 'genetic defects', 'methods comparative glycoproteomics', 'different genetic diseases', 'patient cohort'] 

Reference 308: ['glycosylation', 'glycoproteomics', 'blood plasma', 'congenital disorders of glycosylation', 'clinical applications'] 

TOP-K 309: ['cardiac fibroblasts', 'erbb4 mrna', 'post-mi cardiac rupture', 'hypoxic fibroblasts', 'infarct repair', 'alkbh5 expression', 'potential therapeutic targets', 'post-mi healing', 'conclusion fibroblast alkbh5', 'm6a-dependent manner', 'early stages', 'results dramatic alterations'] 

Reference 309: ['m6a modification', 'alkbh5', 'myocardial infarction', 'cardiac rupture', 'hypoxia', 'erbb4'] 

TOP-K 310: [['pcsk9'], 'cia rats', 'm1 macrophages polarization', 'atrial structural remodeling', 'af', 'elevated pcsk9', 'af risk', 'ra patients', 'cardiac fibroblasts', 'cardiac myocytes', 'enhancement'] 

Reference 310: ['rheumatoid arthritis', 'atrial fibrillation', 'pcsk9', 'evolocumab'] 

TOP-K 311: [['enteric fungi'], 'iir injury', 'intestinal morphology', 'mannan supplementation', 'fungal colonization', 'intestinal epithelial cells', 'function impairment', 'crucial role', 'exact role'] 

Reference 311: ['enteric fungi', 'intestinal ischemia–reperfusion injury', 'mannan', 'antifungal therapy', 'pyroptosis'] 

TOP-K 312: ['cdk2/trim32/stat3 pathway', 'tc45-dephosphorylated stat3', ['radioresistance'], 'tnbc', 'nuclear trim32', 'cdk2-dependent phosphorylation', ['nuclear translocation'], ['trim32'], 'importin α3 binding', 'trans isomerization', 'promising strategy'] 

Reference 312: ['cdk2', 'trim32', 'nuclear translocation', 'radioresistance', 'triple-negative breast cancer'] 

TOP-K 313: ['lugens', 'resistant rice ir36', ['insecticide resistance'], 'p450 cyp4c61', 'nicotinic acetylcholine receptor', 'resistant rice', 'virulent/resistant genotypes', 'virulence', 'insecticide usage', 'multiple alleles'] 

Reference 313: ['evolution', 'insecticide resistance', 'insect-resistant rice', 'interaction', 'population genetic structure'] 

TOP-K 314: ['fums management', 'fums contamination', 'post-harvest strategies', 'major mitigation strategies', 'several available strategies', 'post-harvest management', 'potential applications', 'key scientific concepts', 'mechanisms', 'food chains', 'major strategies', 'different phases', 'available management'] 

Reference 314: ['mycotoxins', 'fumonisins', 'control strategies', 'food safety', 'decontamination', 'biotechnology'] 

TOP-K 315: [['gut microbiome'], ['psychological stress'], 'gaba-producing probiotics', 'stress-exacerbated viral pneumonia', 'gaba-conditioned ams', 'gut microbiome transplantation', 'microbiome-derived tonic signaling', 'pulmonary αkg level', 'microbiome depletion', 'ams homeostasis', ['respiratory viral infections'], 'stressed mice', 'study', 'severe pneumonia', 'severe disease progression'] 

Reference 315: ['psychological stress', 'gut microbiome', 'alveolar macrophages', 'gaba', 'respiratory viral infection'] 

TOP-K 316: ['heligmosomoides polygyrus/bakeri', 'anthelmintic activity', 'anthelmintic activity tests', 'new thiosemicarbazide', '1,2,4-triazole derivatives', 'parasitic diseases', 'test compound', 'silico analysis', 'available drugs', 'silico studies', 'therapeutic challenge', 'animals.introduction intestinal parasitic infections'] 

Reference 316: ['anthelmintic therapy', 'nematicidal compounds', 'rhabditis sp.haemonchus contortus', 'strongylidae sp.heligmosomoides polygyrus/bakeri'] 

TOP-K 317: ['cerk-derived c1p', 'hape', 'exogenous c1p', ['mitochondrial dynamics'], 'mitochondrial damage', 'arntl degradation', ['circadian rhythms'], 'oxidative stress', 'cerk inhibition', 'relieved hape', 'protective effect', 'protective role'] 

Reference 317: ['ceramide-1-phosphate', 'hypoxia', 'pulmonary edema', 'circadian rhythm', 'mitochondrial dynamics'] 

TOP-K 318: ['quinoline-based photoinitiators', 'udma-based resins polymerization', 'photoinitiator materials', 'hydroxyl-containing quinoline', ['quinoline derivative'], 'methacrylate group', 'udma resin precursors', 'dft-based approach', ['fluorescent polymers'], 'blue light', 'efficient photopolymerization', 'hydroxyl group', 'photoexcitation process', 'photolysisand theoretical calculations', 'resin materials'] 

Reference 318: ['quinoline derivatives', 'photoinitiator', 'photopolymerization', 'fluorescent polymers', 'density functional theory'] 

TOP-K 319: ['broussonetia papyrifera bark', 'lignocellulosic biomass', 'lignocellulosic biomass materials', 'woody materials', 'bpbs', 'oad hydrolysis', 'unpretreated bpbs', 'lcn', 'pure oxalic acid dihydrate', 'oad', 'lignocellulosic biomasswere', 'supramolecular structure', 'high yield production', 'uniform size distribution', 'thermal stability'] 

Reference 319: ['broussonetia papyrifera', 'cellulose', 'lignin-containing nanocellulose', 'oxalic acid dehydrate'] 

TOP-K 320: ['high-performance flame retardant materials', 'flame retardant properties', 'as-spun fibers', '6-hydroxy-2-naphthenic acid', 'polymeric fibers', 'as-spun fiber', 'terephthalic acidand', 'excellent flame retardance', 'good thermal stability', 'maximum tensile strength', 'spinneret draw', ['mechanical properties'], 'high molecular chain orientation', 'spinning method', 'unique combination'] 

Reference 320: ['phosphorus-containing polymer', 'thermotropic liquid crystal copolyester', 'fiber', 'flame retardancy', 'mechanical property'] 

TOP-K 321: ['high-performance polymer memristors', 'novel in-memory computing paradigm', 'brainoid intelligence', 'ptt-br film', 'long-term potentiation/plasticity transition', 'excellent nonvolatile memristive performance', 'short-term synaptic plasticity', 'ferrocene moieties', 'human memory', 'low power consumption', 'analog-type switching behaviors', 'redox activity', 'ito electrodes', 'distinguishable conductance states', ['dual information encryption']] 

Reference 321: ['cyclopentadithiophene', 'conjugated polymer', 'artificial synapses', 'dual information encryption'] 

TOP-K 322: ['osteochondral regeneration', '3d-printed biomimetic scaffolds', 'biomimetic osteochondral scaffold', ['osteochondral repair'], '3d printing ink', 'bmp-2 interaction', 'hydrogel scaffolds', 'bilayer scaffolds', 'outstanding sustained release efficacy', 'rat model'] 

Reference 322: ['biomimetic scaffold3d printing', 'composite crosslinking', 'osteochondral repair', 'sustained release system, bmp-2'] 

TOP-K 323: ['tung oil polyol', ['tung oil'], 'biomass-based resins', 'isophorone diisocyanate', 'photocuring properties', 'petroleum-based resins', 'environmental friendliness', 'acrylic ester', 'volatile solvents', 'wooden products', 'coating applications', 'resin', 'furniture industry', 'speed', 'substantial potential'] 

Reference 323: ['tung oil', 'polyurethane resin', 'uv photocuring'] 

TOP-K 324: ['balsa wood', 'atom transfer radical polymerizationmethod', 'hydrophobic wood', 'cost-effective insulation material', 'water contact angle', ['thermal insulation'], 'exceptional hydrophobicity', 'natural texture', 'biomaterials.balsa wood', 'inherent hydrophilicity', 'stable hydrophobicity', 'innovative technique', 'diverse environments', 'multifunctional development', 'mechanical strength'] 

Reference 324: ['wood', 'arget-atrp', 'hydrophobic', 'thermal insulation'] 

TOP-K 325: ['thermoresponsive molecular bottlebrushes', 'n-alkyl blocks', 'oligoethylene glycol', 'oeg', 'amphiphilic characterization', 'molecular brushes', 'quantitative amphiphilic characteristics', 'oligopropylene glycol', ['phase transition temperatures'], 'hydrophilic-lipophilic balanceof', 'davis group number method', 'hlbp values', 'specific correlations', 'side chains', 'different lengths'] 

Reference 325: ['oligomethacrylate', 'thermoresponsive polymer', 'phase transition temperature', 'hydrophilic-lipophilic balance', 'correlation'] 

TOP-K 326: ['gelma hydrogels', 'gelma hydrogel properties', 'dmn', 'dmn theory', 'cellular microenvironments', 'tissue engineering', 'material properties', 'specific tissue engineering', 'molecular network', 'key measurable parameters', 'drug delivery purposes', 'biological applications', 'customization', 'different applications', 'precise control'] 

Reference 326: ['gel', 'ma hydrogel', 'biomedical application', 'biomaterials'] 

TOP-K 327: ['cyclic anhydrides', 'diblock copolyester', 'bio-based monomers', 'single-component organic initiator', 'diffusion-ordered spectroscopy', 'ring-opening copolymerizationof epoxides', 'terpolymer product', 'one-pot synthesis', 'thermal gravimetric analysis', 'self-switchable polymerizationin', 'various polyesters', 'different combinations'] 

Reference 327: ['carbodicarbene', 'ring-opening copolymerization', 'polyester', 'bio-based polymer', 'terpolymer'] 

TOP-K 328: ['superhydrophobic surface coating', 'linde type azeolite crystals', 'lta-zeolite-coated pdms surface', 'microfluidic chip fabrication', 'water vapor barriers', 'self-cleaning coatings', 'superhydrophobic behavior', 'excellent self-cleaning properties', 'functionalization mechanism', 'flexible electronics', 'silane coupling strategy.superhydrophobicity', 'various applications', 'study', 'fundamental characteristic', 'various techniques'] 

Reference 328: ['lta zeolite film', 'self-cleaning', 'superhydrophobic coating', 'surface roughness'] 

TOP-K 329: ['nanocomposite hydrogels', 'various biomedical applications', 'cell transplantation', 'endogenous regeneration', '2d nanomaterialsinto', 'drug delivery', 'tissue engineering', 'multifunctional applications', 'polymer matrix', 'appropriate mechanical strength', 'wound healing', 'future outlooks', 'structural modification', 'functional properties', 'various biomedical applications.hydrogels'] 

Reference 329: ['two-dimensional materials', 'polymers', 'composite hydrogels', 'molybdenum disulfide', 'phosphorene', 'biomedical applications'] 

TOP-K 330: ['self-strengthening polymers', 'preparation methods', 'self-strengthening polymeric materials', 'self-strengthening materials', 'mechanophore groups', 'free radical polymerization', 'mechanical forces', 'activation mechanisms', 'extensive research interests', 'practical lifespan', 'fracture defects', 'effective mitigation', 'detailed discussions', 'prospective outlook', 'resultant extension'] 

Reference 330: ['mechanochemistry', 'strengthening', 'in situ crosslinking', 'force-responsive polymers', 'stimuli-responsive polymers'] 

TOP-K 331: [['capeo'], 'skin wound repair', ['wound healing'], 'excellent hydrophilicity', 'epidermal regeneration', 'collagen deposition', 'great cytocompatibility', 'hemostatic material', 'clinical practice', 'substantial blood loss', 'wound healing scenarios', 'blood compatibility.the development', 'critical challenge'] 

Reference 331: ['low-temperature plasma irradiation', 'capeo', 'hemostasis', 'wound healing'] 

TOP-K 332: ['petro-based isocyanatemonomers', 'low particle-size waterborne dispersions', 'reactive acrylate moieties', 'acrylate hybrids', 'amphiphilic nipurea-peg hybrids', 'bio-based non-isocyanate poly', 'ethylene glycol', 'diacrylatevia aza-michael reaction', 'toxic volatile neutralization agent', 'hydrophilic poly'] 

Reference 332: ['bio-based', 'non-isocyanate polyurea', 'waterborne dispersion', 'amphiphilic copolymers', 'uv curable'] 

TOP-K 333: ['polyfunctional nanomaterials', 'hetero-structured nfys', 'fe3o4 nps', 'tunable color photoluminescence', 'conjugate electro-spinning technique', ['superparamagnetism'], 'hetero-structured nanofiber yarnswith', 'dual-functional capability', 'preparative technique', 'effective isolation', 'ba'] 

Reference 333: ['hetero-structured nanofiber yarn', 'conjugate electro-spinning', 'photoluminescence', 'superparamagnetism', 'bifunctionality'] 

TOP-K 334: ['conductive polymer hydrogels', 'hydrogel sensors', 'pyridine-4-boronic acid derivatives', 'polyvinyl alcohol', 'dual-network flexible hydrogel', 'health care monitoring', 'soft robots', 'simple one-pot method', 'pbad', 'tensile strength', 'lithium chloride', 'wearable electronics', 'robust mechanical characteristics', 'application prospects', 'high conductivityand'] 

Reference 334: ['borate ester bond', 'double network hydrogel', 'conductive', 'anti-freezing'] 

TOP-K 335: ['3d-interconnected quinizarin-functionalized macroporous monoliths', ['emulsion templating polymerization'], 'innovative photo-bactericidal macroporous polymers', 'qma-functionalized polyhipes', 'quinizarin photosensitizer', 'antibacterial porous polymers', 'macroporous materials', 'visible light irradiation', 'bactericidal singlet oxygen', 'visible light', 'antibacterial reactive oxygen species', 'facile synthesis', 'antibacterial agents', 'thin layers', 'external surface'] 

Reference 335: ['emulsion templating polymerization', 'porous monolith', 'porous membrane', 'photo-generation of singlet oxygen', 'antibacterial properties', 'quinizarin'] 

TOP-K 336: ['lithium metal batteries', ['solid polymer electrolytes'], ['solid polymer electrolyte'], ['ionic conductivity'], 'ethylene oxide', 'polymer electrolyte', 'high-safety battery systems', 'dendrite formation', 'non-flammable properties', 'lithium metal', 'energy density', 'novel polyimide-poly', 'conventional batteries', 'new polymers', 'promising battery technology'] 

Reference 336: ['solid polymer electrolyte', 'peo', 'polyimide', 'ionic conductivity'] 

TOP-K 337: ['halogen-based triphenylamine oxime esters', 'triphenylamine oxime ester type', 'halogen-substituent effects', 'triphenylamine-derived oxime esters', 'halogen-free oxime ester', 'commercial oxime ester oxe-01', 'light harvesting', 'tpa-i', 'excellent visible-light', 'photoinitiation abilities', 'triphenylamine unit', 'stringent conditions', 'design strategy', 'significant impact'] 

Reference 337: ['visible-light absorbing', 'free radical polymerization', 'halogen', 'triphenylamine', 'oxime ester', 'type i photoinitiator'] 

TOP-K 338: ['multi-scale structure regulation', 'sluggish air-charging process', 'arazibs', 'air-charging process', 'ultrafast air-charging speed', 'crystal/electronic structure', 'energy stimulation', 'cp', 'hvo @g', 'practical applications', 'additional additives'] 

Reference 338: ['air-rechargeable aqueous zinc-ion batteries', ' sluggish air-charging processoxygen-reduction-reactioncharge releasemulti-scale structure regulation'] 

TOP-K 339: ['next-generation rechargeable batteries', 'sluggish ion transport kinetics', 'developed polymer electrolyte', 'stable li-metal anode', 'wide-temperature operable batteries', 'quasi-solid polymer lmbs', 'solid-state lithium-metal batteriesin', 'polyethylene glycol', 'low-melting solventor ethyl difluoroacetate', 'ionic conductive', 'high energy density', 'low-temperature tolerance', 'cold climates', 'wide-temperature range', 'wide-temperature tolerance'] 

Reference 339: ['lithium metal batteries', 'polymer electrolytes', 'wide-temperature batteries', 'lithium dendrites', 'ion transport kinetics'] 

TOP-K 340: ['fe-cu dual-metal single-atom catalyst', 'advanced electrochemical energy devices', 'bifunctional metal atom-based catalysts', ['rechargeable zinc-air battery'], 'heteronuclear active sites', 'asymmetric heteroatom coordination', 'superior oxygen catalysis performance', 'bimetallic active sites', 'resultant fecu-dsas/nsc displays', 'high peak power density', 'commercial pt/c', 'iro2 benchmark', 'single-atom counterparts', 'practical applications', 'date.dual-metal single-atom catalysts'] 

Reference 340: ['dual-metal single-atom', 'fe', 'cu-ds', 'as/nsc', 'bifunctional catalytic performance', 'rechargeable zinc-air batteries'] 

TOP-K 341: ['scalable spray-dried strategy', 'moc1-x/nc-li 2c2o4 composites', 'efficient solid-solid catalysis', 'moc1-x/nc-li 2c2o4', 'defect-rich nano-moc1-x', 'homogeneous microspheres', 'nc catalysis', 'mah g', 'significant application potential', 'specific capacity', 'activation potential', 'low ratio', 'intimate contact', 'homogeneous moc1-x/nc-li 2c2o4 composite'] 

Reference 341: ['lithium oxalate', 'molybdenum carbide', 'prelithiation', 'spray-drying', 'lithium-ion battery'] 

TOP-K 342: ['phase-pure pd-doped double perovskite', 'r-pcecs', 'x-ray photoelectron spectroscopy', 'pd doping', 'pbccpd air electrodes', 'electrolysis cells', 'electrical conductivity relaxation', 'electrochemical impedance spectra', ['air electrode'], 'electrocatalytic activity', 'reasonable faradaic efficiency', 'oxygen vacancy', 'bulk diffusion capabilities', 'oxygen surface exchange', 'major technical obstacles'] 

Reference 342: ['reversible protonic ceramic electrochemical cells', 'air electrodes', 'palladium doping', 'oxygen reduction reactions', 'water oxidation reactions'] 

TOP-K 343: ['3d ti3c2tx film', 'ti3c2tx film', 'unique 3d isotropic architecture', 'scalable film-forming process', 'carbon sodium-ion hybrid capacitor', 'well-designed three-dimensionalti3c2tx film', 'anode side', 'solution design', 'distinctive isotropic architecture', 'compact structure', 'kinetics enhancement', 'remarkable energy density', 'outstanding cycling stability', 'vertical channels', 'remarkable reduction'] 

Reference 343: ['ti3c2tx m', 'xene', 'sodium-ion storage', 'free-standing electrode', 'isotropic porous structure', 'minimized polarization'] 

TOP-K 344: ['znso4 electrolyte', 'cmc-na', 'electrode-electrolyte interface', 'zn dendrites', 'molecular dynamics simulations', 'zn cells', 'single bondoh', 'hydrogen bonding network', 'density functional theory calculations', 'organic molecules', 'abundant hydrophilic groups', 'solvation sheath', 'electrolyte environment', 'side reactions', 'side reaction'] 

Reference 344: ['sodium carboxymethyl cellulose', 'electrolyte additive', 'zn deposition', 'zn ion capacitors'] 

TOP-K 345: [['li-co2 battery'], ['nitrogen-doped graphene'], 'rechargeable li-co2 battery', 'single-atom copper', 'cu-n4 sites', 'cu-n4', 'surface single-atom copper', 'nucleation decomposition process', 'charge density difference', 'discharge product formation', 'superior catalytic activity', 'discharge products', 'decomposition barrier', 'reversible process', 'excellent electronic conductivity'] 

Reference 345: ['single-atom cu catalyst', 'nitrogen-doped graphene', 'high capacity', 'long life', 'li-co2 battery'] 

TOP-K 346: ['qse', 'electrochemical energy storage', ['quasi-solid-state electrolytes'], 'original qse', 'advanced electrolyte materials', 'robust nanofiber network', 'deep space', 'polar exploration', 'material selection', 'broad electrochemical window', 'flexible hydrogelwith', ['flame retardant'], 'specialized domains', 'secure applications', 'min non-flammability'] 

Reference 346: ['antifreeze', 'flame retardant', 'hydrogel', 'quasi-solid-state electrolyte', 'electrospinning'] 

TOP-K 347: ['heteroatom-induced ion-accessible defects/mesopores', 'high-capacity/high-rate fs/c/g performance', 'o-induced micropores/n-rich sites', 'iron-based metal-organic framework', 'koh-assisted mesopore formations', 'graphene oxide heterostructures', 'zif-derived porous carbonhas', 'graphitic carbon formation', 'high capacity', 'surface areathan conventional zdcs', 'size reduction'] 

Reference 347: ['low-crystallinity conductive multivalence iron sulfide-embedded s-doped carbon/graphene heterostructure anode', ' high-surface area o-doped carbon cathode3d porous n-rich graphitic carbon frameworks', ' operando analysis', ' ultrahigh energy density and fast-rechargeable sodium-ion hybrid energy storages'] 

TOP-K 348: ['carbonate/ether electrolyte', 'ether/carbonate electrolyte', 'uniform pvdf/lino3prefabricated layer', 'li metal surface', 'conductive li3n', 'solid lino3', 'decomposition kinetics', 'pfn layer', 'li battery', 'saturated lino3', ['short-range compensation'], 'cycling stability', 'cycle lifeof', 'no3 − consumption', 'compensation distance'] 

Reference 348: ['carbonate-based electrolyte', 'short-range compensation', 'lithium nitrate', 'solid-electrolyte-interphase', 'li-metal battery'] 

TOP-K 349: ['composite quasi-solid electrolytes', 'conductive polymer', 'liquid plasticizers', 'excellent electrochemical properties', 'safe porous composite framework', 'ceramic powder', 'unsafe polymer matrix', 'solidification technique', 'third-phase li', 'high safety', 'safety performance', 'new insights'] 

Reference 349: ['multi-phase synergistic', 'fireproof', 'solid-state electrolyte', 'li-metal battery'] 

TOP-K 350: ['high-voltage electrolytes', 'electrolyte/electrode contact', 'inorganic electrolytes', 'composite solid electrolytes', 'high-energy lithium metal batteries', 'electrolyte', 'polymer manufacturing methods', 'high-performance polymer electrolytesto', 'molecular interactions', 'various functional units', 'battery energy density', 'continual pe disintegration', 'energy density', 'high voltage', 'polymer matrix'] 

Reference 350: ['li metal anode', 'dendrites', 'solid polymer electrolyte', 'li metal batteries', 'sei film'] 

TOP-K 351: [['ni-rich layered cathodes'], 'surface structural degradation', 'microstructural engineering', 'surface stabilization', 'future research directions', 'compositional optimization', 'structural degradation', ['mechanical failure'], 'performance limitations', 'thermal stability', 'practical application', 'cycling performance'] 

Reference 351: ['lithium-ion batteries', 'ni-rich layered cathodes', 'surface degradation', 'mechanical failure', 'stabilization strategies'] 

TOP-K 352: ['lewis acid molten salttechnique', 'various mxenes', 'next-generation mxene electrode materials', '2d transition metal carbides', 'lams technique', 'recent progress', 'present technological challenges', 'metal-ion batteries', 'energy storage applications', 'energy storage', 'electrochemical properties', 'scalable synthesis method', 'review article', 'future exploration', 'unique features'] 

Reference 352: ['m', 'xenes', 'lewis acid molten salt', 'batteries', 'supercapacitors'] 

TOP-K 353: ['electrochemical energy-storage devices', 'cofs', 'synthesis methods', 'symbiotic relationship', 'materials science', 'covalent organic frameworkshave', 'electrochemical performance', 'design strategies', 'computational advancements', 'potential applications', 'rechargeable batteries', 'unique properties', 'remarkable discoveries', 'versatile applications', 'materials science community'] 

Reference 353: ['porous organic framework', 'nanoparticles', 'covalent organic frameworks', 'in-situ synthesis', 'energy storage'] 

TOP-K 354: [['manganese oxides'], 'mn-based electrode interfaces', 'mn-based cathodes', 'practical zibs implementation ideas', 'relevant interfacial engineering strategies', 'high theoretical capacity', 'cathode materials', 'future interfacial studies', 'energy storage performance', 'attractive cost efficiency', 'manganese oxidesand mechanismswhich', 'recent progress', 'remarkable merits', 'various structures', 'critical outlook'] 

Reference 354: ['rechargeable batteries', 'aqueous zinc ion batteries', 'manganese oxides', 'manganese-based cathodes', 'interfacial engineering'] 

TOP-K 355: ['rapid ion/electron diffusion capabilities', 'inorganic solid electrolytes', 'solid-state electrolytes', 'flexible electrodes', 'flexible pesds', ['solid electrolytes'], 'mxene-based materials', 'polymer electrolytes', 'high energy density', ['flexible electrode materials'], 'development', 'robust mechanical stability', 'potassium resources', 'notable advancements', 'special emphasis'] 

Reference 355: ['potassium ion-based batteries', 'flexible energy storage devices', 'flexible electrode materials', 'solid electrolytes'] 

TOP-K 356: ['salt caverns', 'natural gas', 'caes', 'carbon dioxide storage', 'large-scale hydrogen storage', 'carbon storage', 'hydrogen storage', 'temporary carbon dioxide storage', 'future plans', 'oil storage', 'air storage', ['renewable energy'], 'spatiotemporal disparity', 'air energy storage', 'entire carbon cycle'] 

Reference 356: ['underground salt caverns', 'large-scale energy storage', 'renewable energy', 'solution mining', 'cavern construction', 'carbon cycle'] 

TOP-K 357: ['li/lifepo4 solid-state batteries', 'lithium montmorillonitelayer', 'superior li-mpse electrolyte', 'vinyl ethylene carbonate-based electrolyte', 'promising battery systems', 'high energy density', 'aggregated ions pairs', 'unique li', '99.solid-state lithium-metal batterieshave', 'excellent safety', 'transportation paths', 'transportation highway'] 

Reference 357: ['vertically-aligned composite solid electrolyte', 'dual li+ transportation channels', 'superionic conductivity', 'solvation environment', 'solid-state lithium-metal battery'] 

TOP-K 358: ['centenarian aging', 'centenarian populations', 'centenarian cohorts', 'current aging trends', ['social factors'], 'research', 'genetic determinants', 'living architype', 'much centenarian research', 'psychosocial factors', 'momentous age', 'personal experiences', 'advanced age', 'exceptional longevity', 'long lives.centenarians'] 

Reference 358: ['centenarians', 'aging', 'longevity', 'lived experience', 'social factors'] 

TOP-K 359: ['liminal phases', 'ageism', 'in-depth semi-structured interviews', 'people liminality', ['communication'], ['social identities'], 'various liminal spaces', 'positive identity', 'recent retirees', ['age identification'], 'dutch city', 'positive values', 'city administration', 'positive interpretations', 'processes'] 

Reference 359: ['age identification', 'communication', 'social identity', 'liminality', 'self-ageism'] 

TOP-K 360: ['chesterfield', 'eighteenth-century england', 'polite behavior', '4th earl', 'unconscious pedagogic life project', ['letters'], 'late life', ['old age'], 'from.philip dormer stanhope', 'eighteenth-century attempt', 'correspondence', 'important transformations', 'honest account'] 

Reference 360: ['4th earl of chesterfield', 'aging', 'old age', 'letters', 'pedagogy of aging', 'eighteenth century'] 

TOP-K 361: ['social exclusion', 'late life loneliness', 'social loneliness', 'lifelong exclusion', 'individual risk factors', 'late life', 'adult life', 'material resources', 'mediation effect', 'protective effect', 'late life ses', 'risk factor', 'effect'] 

Reference 361: ['ageing', 'loneliness', 'life-course', 'gender', 'ethnicity', 'inequalities'] 

TOP-K 362: ['aging', 'care practices', 'ongoing re-enactments', 'company practice', 'blind spots', 'caring practices', 'shadows', 'ethnographic fieldwork', 'care technology sector', 'disliked objects', 'empirical account'] 

Reference 362: ['aging as object', 'shadows of care', 'sts', 'enactment', 'maintenance', 'temporality', 'ethnography'] 

TOP-K 363: [['social ties'], 'old age', 'life trajectories', ['gay men'], 'different life courses', 'gender diversity', ['trans women'], 'social networks', 'people', 'social transformations', 'reciprocal support', 'instrumental social support', ['convoy model'], 'diverse compositions', 'share closeness'] 

Reference 363: ['gay men', 'trans women', 'older people', 'social ties', 'convoy model'] 

TOP-K 364: [['ageing migrant women'], ['intersectional life course'], 'intersectional life course perspective', 'gerontological research', 'age', 'gender', 'gendered experiences', 'migration status', 'diverse experiences', 'migrants', 'later life', 'study', 'concrete example', 'different positions'] 

Reference 364: ['intersectional life course', 'ageing migrant women', 'transnational ageing', 'turkish-born women', 'sweden'] 

TOP-K 365: ['grandchildren', 'third age lifestyle', 'interviewees', 'devoted grandparents', 'time', 'geographical distances', 'committed grandparenthood', 'potential conflict', 'real choices', 'direct references'] 

Reference 365: ['active aging', 'consumption', 'familist discourse', 'grandparenthood', 'third age', 'rural'] 

TOP-K 366: ['community care practices', 'social support networks', 'collective social spaces', 'peñalolén district', 'cultural capital', 'care', 'experiences', 'personal freedom', 'people', ['clubs'], 'case study', 'metropolitan region', 'subsequent months', 'crisis.this article'] 

Reference 366: ['community care', 'clubs', 'sociability', 'older people', 'ethnography', 'chile'] 

TOP-K 367: [['intergenerational solidarity'], ['political activism'], 'political protests', 'age', 'protests', 'symbolic value', 'involvement', 'present study', 'persons'] 

Reference 367: ['intergenerational solidarity', 'intergenerational ambivalence', 'political activism', 'demonstrations', 'leadership'] 

TOP-K 368: ['emotional empathy', 'ageismand subjective ageassociation', ['subjective age'], 'emotional empathyas', ['implicit ageism'], 'good physical health', 'psychological defense', 'gerontology literature', 'defensive dissociation', 'adults', 'convenience sample'] 

Reference 368: ['empathy', 'implicit ageism', 'internalization', 'older adults', 'subjective age'] 

TOP-K 369: [['social death'], 'advanced dementia', ['nursing home'], ['nursing homes'], 'social life', 'social agency', 'home residents', 'adults', 'family membersof', 'meaningful activities', 'empirical research', 'social environment', 'face social death', 'social roles'] 

Reference 369: ['dementia', 'nursing homes', 'older adults', 'social death', 'qualitative study'] 

TOP-K 370: ['climate-related heatwaves', ['nursing homes'], 'swedish media', 'swedish press', ['climate change'], 'risk discourse', 'professional care', 'risk management', 'threats', 'many nursing homes', 'residents', 'sweden lack air conditioning', 'nursing homes.in recent years', 'summer months', 'large number'] 

Reference 370: ['climate change', 'nursing homes', 'media representations', 'risk', 'subject-object logic'] 

TOP-K 371: ['aging enterprise', 'different age enterprises', 'gerontological discourse', 'academic institutions', 'carol estes', 'research projects', 'policy', 'monolithic force', 'united states', 'key ways', 'private sectors', 'term age', 'contradictory set', 'markets.the aging enterprise'] 

Reference 371: ['ghana', 'ng', 'os', 'political-economy theory', 'gerontological imagination', 'population aging', 'aging discourse'] 

TOP-K 372: ['activities staff', 'activity programs', ['staff'], 'programs', 'people', 'interview transcripts', 'social interaction', ['nursing homes'], 'psychosocial health', 'resident wellbeing', 'residents', 'thematic analysis', 'main themes', 'needs', 'unique needs'] 

Reference 372: ['leisure activities', 'social participation', 'aged', 'nursing homes', 'staff', 'qualitative research'] 

TOP-K 373: ['future time', 'instrumentalist ageing discourses', ['future'], 'age', 'knowledge gap', 'conceptual understandings', 'paper addresses'] 

Reference 373: ['temporality', 'time', 'future', 'diaries'] 

TOP-K 374: ['pandemic', 'singaporean women', ['social engagement'], 'social resources', 'in-depth interviews', 'previous studies', 'women', 'north american contexts', 'theory approach'] 

Reference 374: ['covid-19older women', 'singapore', 'social engagement', 'resilience resources'] 

TOP-K 375: ['bodily responsivity', 'social constructionism', 'body', 'social gerontology', 'later life', 'unexamined assumptions', 'existential significance', 'empirical material', 'different ideas', 'prominent frameworks', 'distinct ways', 'comprehensive approach'] 

Reference 375: ['embodiment', 'ageing', 'phenomenology', 'responsivity', 'ambiguity', 'qualitative research'] 

TOP-K 376: ['acrc final report', 'gendered labour', ['gender'], 'normative gendered patterns', ['long-term care'], ['dementia'], ['women'], 'dementia research', 'unseats marginalisation', 'long-term careresearch', 'policy'] 

Reference 376: ['dementia', 'women', 'aged care', 'aged care royal commission', 'care', 'feminised labour', 'gender', 'long-term care'] 

TOP-K 377: ['sex-seeking behaviors', 'frequent sex-seeking behaviors', 'midwestern u', 'gay ageism', 'sexual activity', ['gay men'], 'frequency', 'current study', 'potential mediator', 'frequent sexual activity.studies'] 

Reference 377: ['aging', 'gay men', 'sexual behavior', 'sexual health', 'non-monogamy'] 

TOP-K 378: [['foreign exchange interventions'], ['capital controls'], ['exchange rate regimes'], 'macroeconomic stability', 'capital outflows', ['china'], 'policy options', 'macroeconomic volatility', 'capital flows', 'inappropriate regime choice', 'foreign asset holdings.this paper', 'crucial role'] 

Reference 378: ['capital controls', 'foreign exchange interventions', 'economic fluctuation', 'exchange rate regime', 'china'] 

TOP-K 379: [['government capital infusions'], 'repeated government capital infusions', 'capital infusions', 'bank capital infusions', 'public sector banks', ['financial stability'], 'undercapitalized government', 'possible moral hazard concerns', 'risky investments', 'significant capital infusions', 'banks', 'moral hazard problem', 'financial risks', 'timely government interventions', 'network risks'] 

Reference 379: ['government capital infusions', ' financial stability', ' systemic risk', ' default risk', ' emerging markets'] 

TOP-K 380: ['insolvent banks', 'acquirers', 'national charter', 'banks', 'banking industry', 'assumption resolution method', 'core deposits', 'organic growth', 'branch networks'] 

Reference 380: ['bank failures', 'resolution', 'fdic'] 

TOP-K 381: ['international monetary policy shocks', 'bank lending channel', 'non-financial corporate loans', ['monetary policy'], 'higher-margin lending', 'non-reservable borrowing', 'banks', 'reservable liabilities', 'policy shocks', 'foreign banks', 'non-lending assets', 'capital markets', 'regulatory data', 'high elasticity', 'susceptible channels'] 

Reference 381: ['bank lending', 'credit supply', 'monetary policy', 'quantitative easing'] 

TOP-K 382: [['credit unions'], 'above-market deposit interest rates', 'non-profit cooperative status', 'tax exemption', 'subsidies', 'structural profit model', 'traditional demarcation', 'various stakeholders', 'commercial banks.credit unions', 'modest means', 'recent years', 'respective customer bases', 'financial needs'] 

Reference 382: ['commercial banks', 'credit unions', 'profit inefficiency', 'tax exempt status'] 

TOP-K 383: ['industry-level financial stability indicators', ['public confidence'], 'bank-month confidence measures', 'bank-level risk measures', 'industry-level determinants', 'overall banking sector stability', 'household opinion-based measure', 'industry-level stability', 'commercial banks', 'trust', 'common expectations', 'unbalanced sample', 'individual banks', 'bank', 'monitored large russian banks'] 

Reference 383: ['financial stability', 'public confidence', 'bank risk, bank failures', 'customer opinions', 'online reviews'] 

TOP-K 384: [['investment deregulation'], 'preemptive patenting effect', 'difference-in-differences approach', ['innovation performance'], 'patent applications', ['private firms'], 'fixed capital', 'competition effect', 'investment system', 'study', 'innovation performance.this study', 'positive relationship'] 

Reference 384: ['investment deregulation', 'innovation performance', 'private firms', 'competition'] 

TOP-K 385: [['rational bubble'], 'positive bubble premium', 'investors', 'stochastic crash', 'negative interest rate.first', 'infinite number', 'sufficient number', 'sufficient conditions'] 

Reference 385: ['rational bubble', 'time-constrained asset', 'negative interest rate', 'bubble prevention', 'tax'] 

TOP-K 386: [['sri lanka'], 'fiscal deficits', 'inter-related multiple economic crises', 'deep growth-enhancing structural reforms', 'international sovereign bonds', 'unsustainable public debt', 'large fiscal deficits', 'vast socio-political upheaval', 'debt sustainability', 'economic crisis', 'meaningful fiscal policy reforms', 'fiscal balances', 'external debt', 'public debt', 'currency collapse'] 

Reference 386: ['economic and financial crises', 'sovereign debt crisis', 'emerging markets', 'economic policy', 'sri lanka'] 

TOP-K 387: ['financial imbalances', 'business cycle shocks', 'nonfinancial leverage', 'out-of-sample analysis', 'macroeconomic conditions', 'strong economic performance', 'buoyant economic growth', 'narrative sign restrictions', 'structural var', 'statistical link', 'important drivers'] 

Reference 387: ['business cycle', 'financial cycle', 'financial stability', 'forecasting', 'sign-restricted svar'] 

TOP-K 388: ['monetary trilemma', ['foreign exchange intervention'], 'exchange rate volatility', 'monetary independence', 'different economic factors', 'financial openness', 'domestic currency', 'fxi literature', 'average depreciation', 'effects', 'comprehensive meta-analysis', 'ample empirical literature', 'meta-survey reports', 'distinct empirical studies'] 

Reference 388: ['foreign exchange intervention', 'exchange rate', 'meta-analysis'] 

TOP-K 389: ['global credit dynamics', 'indian firms', ['global credit'], 'global financing conditions', 'external finance', ['foreign borrowings'], 'real investment activities', 'firms', 'abundant credit', 'post-2013 period', 'cheap financing', 'profitable firms', 'reduced access', 'real effects', 'different phases'] 

Reference 389: ['emerging markets', 'foreign borrowings', 'global credit', 'regional linkages'] 

TOP-K 390: [['macroprudential policy'], 'gdp growth', 'gdp growth distribution', 'conditional mean models', ['quantile regressions'], 'financial cycle', 'recent developments', 'negative effects', 'heterogeneous effects', 'previous studies', 'impact', 'important benefits', 'useful framework', 'specific instruments.i'] 

Reference 390: ['financial stability', 'growth-at-risk', 'systemic risk', 'macroprudential policy', 'quantile regressions'] 

TOP-K 391: ['exchange rate effects', 'market uncertainty', 'fx market', 'central bank', 'foreign exchange intervention literature', 'domestic currency', 'flimsy exchange rate fundamentals', 'foreign currency', 'sharp policy discontinuity', 'incremental effects', 'fresh new look'] 

Reference 391: ['sterilized fx intervention', 'exchange rate uncertainty', 'policy discontinuity', 'incremental effect of intervention', 'regression discontinuity design'] 

TOP-K 392: ['non-state-owned enterprises', 'chinese cities', 'weak media development', 'economic policy', 'firms', 'absence', 'governmental efficiency', ['corporate investment'], ['political leader'], 'political connections', 'major economic impact', 'provinces', 'significant promotional pressure', 'pronounced impact'] 

Reference 392: ['leadership vacuum', 'political leader', 'corporate investment'] 

TOP-K 393: ['green activism', 'global climate action', 'green-adjusted share pricing', 'ftse russell', 'corresponding green-adjusted share prices', 'green finance', 'firm stock returns', 'green-adjusted betas', 'green revenue factors', 'positive political decisions', 'green revenues index', 'asset pricing views', 'significant differences', 'firm betas'] 

Reference 393: ['capm', ' beta', ' green revenues', ' dynamic conditional correlation model'] 

TOP-K 394: ['union-filed lawsuit data', 'employee lawsuits', 'new business opportunities', 'store closures', 'business decisions', 'legal liabilities', 'firms', 'litigation damages firms', 'number'] 

Reference 394: ['employee treatment', 'labor unions', 'business downsizing', 'labor lawsuits'] 

TOP-K 395: [['interbank network'], 'contagion losses', ['contagion'], 'potential contagion losses', 'capital/liquidity infusions', 'fire sale mechanisms', 'capital buffer requirements', 'fiscal budget constraint', 'precautionary recapitalizations', 'interconnected financial system', 'exogenous shock', 'model-based calibration', 'fire sale mechanism', 'combinatorial optimization', 'crisis management tool'] 

Reference 395: ['interbank networks', 'contagion', 'fire sales', 'stress testing', 'macroprudential policy', 'optimal control'] 

TOP-K 396: ['interbank exposures', 'interbank lending', ['systemic risk'], ['systemic risks'], 'capital buffers', 'deposit rates', ['counterparty risk'], 'deposit rate', 'simultaneous equation model', 'unique panel data', 'reform package', 'mixed results', 'different types', 'important banks', 'average pay'] 

Reference 396: ['interbank market', 'counterparty risk', 'systemic risk'] 

TOP-K 397: ['macroprudential measures', 'measures', 'house price-leverage spiral', 'negative equity episodes', 'social desirability', 'home buyers', 'systemic risks', 'housing markets', 'social costs', 'macro-financial variables', 'limited access', 'reduced access', 'housing ladder'] 

Reference 397: ['bbm', ' panel methods', ' abm', ' dsge', ' inequality', ' policy effectiveness'] 

TOP-K 398: [['emotional exhaustion'], ['psychological withdrawal behavior'], 'challenge/hindrance stressors', 'hindrance stressors', 'challenge stressors', 'hybrid work', 'mediation model', ['proactive personality'], 'resources theory', 'theoretical model', 'positive relationship', 'behavioral reactions', 'relationship', 'indirect effect', 'found.this study'] 

Reference 398: ['challenge/hindrance stressors of hybrid work', 'conservation of resources theory', 'emotional exhaustion', 'psychological withdrawal behavior', 'proactive personality'] 

TOP-K 399: ['self-protection coping', 'self-protection mode', 'self-protection coping mode', 'multiple self-protection coping strategies', 'defensive coping strategies', 'neurotic trends', 'enduring stressors', 'cor theory', 'significant challenges', 'resources', 'work today', 'adaptive function', 'resourcestheory principle', 'interchangeable way'] 

Reference 399: ['conservation of resources', ' coping', ' self-protection', ' karen horney', ' auto-ethnography'] 

TOP-K 400: ['maternity leave', 'reentry transitions', 'reentry', 'relational movement', 'work-based relationships shift', 'academic mothers', 'mothers', 'relational dynamics', 'career progression', 'qualitative data', 'profound transition', 'findings', 'relational experiences.post-maternity', 'retrospective accounts'] 

Reference 400: ['work/family', 'working mothers', 'relationships at work', 'work transitions', 'qualitative methodology'] 

TOP-K 401: ['future work self', 'future work self salienceon', 'high fwss', 'artificial intelligenceis', 'current research', ['proactive career behavior'], 'third longitudinal experiment', 'full-time employees', 'individuals', 'control', 'low fwss.the rapid rise', 'first longitudinal experiment'] 

Reference 401: ['artificial intelligence', 'future work selves', 'proactive career behavior'] 

TOP-K 402: [['performance pressure'], ['work-goal progress'], 'human resource management', ['career prospects'], 'fear', 'multi-industry field studies', 'mental preoccupation', 'work', 'full-time employees', 'appraisal theories', 'performance failure', 'contextual moderators', 'work-goal progress.performance pressure', 'positive impacts', 'influencing mechanisms'] 

Reference 402: ['performance pressure', 'fear of performance failure', 'mental preoccupation with work', 'work-goal progress', 'career prospects'] 

TOP-K 403: ['daily task significance', 'positive affect', 'work withdrawal', 'start-of-day mood', 'negative affect', 'positive mood', 'negative mood', ['task significance'], 'employees', 'high significance today', 'day', 'daily diary design', 'daily observations', 'behaviors', 'subsequent workday'] 

Reference 403: ['task significance', 'meaningful work', 'affect', 'work performance'] 

TOP-K 404: ['workplace flexibility', 'flexible dividers', 'flexible work practices', ['work-life balance'], 'work flexibility', 'non-flexible non-dividers profile', 'employee wellbeing', 'psychological experience', ['work engagement'], 'subjective psychological experience', ['boundary control'], ['job satisfaction'], 'social boundaries', 'employees', 'time'] 

Reference 404: ['boundary control', 'psychological job control', 'work engagement', 'job satisfaction', 'work-life balance'] 

TOP-K 405: [['follower narcissism'], ['leader humility'], 'implicit leadership theory', 'leader competence', ['career satisfaction'], 'followers', 'humble leaders', ['power distance climate'], 'career outcomes', 'opposite-attraction perspectives', ['proactive career behavior'], 'key conditions'] 

Reference 405: ['leader humility', 'follower narcissism', 'power distance climate', 'perceived leader competence', 'proactive career behavior', 'career satisfaction'] 

TOP-K 406: [['promotion failure'], ['career proactivity'], 'attribution theory', ['promotion failures'], 'employees', 'external circumstances', 'repetitive thoughts', 'different attributions', 'cognitive theories', 'negative consequences', 'distinct cognitive processes', 'employee reactions', 'complex relationship', 'cognitive perspective', 'career proactivity.in'] 

Reference 406: ['promotion failure', 'promotion failure attributions', 'failure reflection', 'failure rumination', 'career proactivity'] 

TOP-K 407: ['affective-identity motivation', 'gpa', ['latent growth curve analysis'], 'career success', ['subjective career success'], 'university studies', 'positive impact', 'time', 'leadership level', 'resources theory', 'resource caravans', 'joint role', 'initial levels'] 

Reference 407: ['objective career success', 'subjective career success', 'grade point average', 'motivation to lead', 'latent growth curve analysis'] 

TOP-K 408: [['personality traits'], 'reneging-incongruence framework', 'pcb', ['job performance'], 'social exchange theory', 'job satisfaction', 'organizational citizenship behavior', 'pcbor bias', 'task performance', 'emotional stability', 'counterproductive work behavior', 'relationships equity sensitivity', 'alternative mediator', 'little agreement'] 

Reference 408: ['personality traits', 'psychological contract breach', 'job performance', 'meta-analysis'] 

TOP-K 409: ['attribution theory', 'employee proactive behavior', 'employee unethical behavior', 'performance-promotion attribution', 'supervisory ict demands', 'ict centrality', 'self-serving attribution', ['unethical behavior'], 'employees', 'underlying mechanisms', 'positive association', 'hours', 'indirect relationship'] 

Reference 409: ['supervisory ict demands after hours', 'unethical behavior', 'proactive behavior', 'attribution'] 

TOP-K 410: ['job-role embeddedness', 'long-neglected family influence', 'hpwp effects', 'occupational embeddedness', 'hpwp outcomes', 'job performance', 'family embeddednessin', 'high-performance work practicesto employees', 'performance contributions', 'theoretical model', 'consistent evidence', 'model generalizability', 'important mechanisms', 'multisource datafrom', 'indirect relationships'] 

Reference 410: ['high performance work practices', 'job embeddedness', 'conservation of resources theory', 'retention'] 

TOP-K 411: [['radiologists'], 'radiological technologists', 'in-depth interviews', 'identity', 'multi-level analysis', 'individuals', 'hospital directors', 'professional bodies', 'job', 'job design', 'identity work.this study', 'introduction', 'proactive approaches'] 

Reference 411: ['job crafting', 'identity work', 'artificial intelligence', 'identity crafting', 'radiologists'] 

TOP-K 412: [['in-role performance'], 'social-exchange perspective', 'fssbs', 'leader-member exchange relationship', 'employee wellbeing', 'meta-analytic structural equation modeling', ['job satisfaction'], 'work outcomes', 'resource-based perspective', 'explanatory power', 'theoretical perspectives', 'comparative analysis', 'resource-based viewand', 'quantitative review'] 

Reference 412: ['fss', 'bs', 'work-family enrichment', 'work-family conflict', 'job satisfaction', 'in-role performance', 'lmx'] 

TOP-K 413: ['sustainable career ecosystem theory', 'sustainable career ecosystem', 'artificial intelligenceas', ['sustainable career'], 'career ecosystem theories', ['career ecosystem'], 'theoretical frameworks', 'new actor', ['liminality'], 'new conceptual model', 'embryonic interest', 'theoretical perspectives', 'various dimensions', 'career practitioner relationship', ['career practitioner']] 

Reference 413: ['sustainable career', 'career ecosystem', 'artificial intelligence', 'career practitioners', 'liminality'] 

TOP-K 414: ['career choice', 'diversity process theory', 'career development', 'career', 'vocational behavior research', 'vocational behavior', 'career stages', 'modern workforces', ['diversity'], 'career experiences', 'research agenda', 'diversity theoretical domains', 'contemporary work', 'future research', 'diversity-related processesacross'] 

Reference 414: ['diversity', 'identity', 'information elaboration', 'inclusion', 'career lifecycle', 'lifespan'] 

TOP-K 415: ['social cognitive career theory', 'career barriers', 'employability', 'career hindrances', 'career hurdles', 'labor market experience', 'graduates', 'stable employability trajectory', 'study', 'resources theory', 'careers.this study', 'early stage', 'years', 'significant decline'] 

Reference 415: ['career barriers profiles', 'gender barriers', 'ethnic barriers', 'perceived employability', 'employability trajectories'] 

TOP-K 416: ['employee well-being', 'employee well-being outcomes', 'organizational support', 'well-being outcomes', ['empowerment'], 'unanticipated contextual factors', 'home readiness', 'well-being outcomes.in', 'novel questions', 'environmental context', 'sudden changes'] 

Reference 416: ['contextual impact', 'working from home', 'well-being', 'empowerment', 'sensemaking'] 

TOP-K 417: ['subordinate work-family conflict', 'lmx relationships', 'wfc', 'lmx relationship', 'theoretically-driven model', 'lmx literatures', 'immediate supervisor', 'critical role', 'established impact', 'dynamic nature', 'daily basis'] 

Reference 417: ['lmx', 'work-family', 'support', 'accommodation'] 

TOP-K 418: ['p97r1', 'mucosal immunity', ['th17-type immune responses'], ['th17-type immune response'], 'dnak', 'pdha', 'serum igg', 'intense cellular immunity', 'il-17 level', 'high level', 'high levels'] 

Reference 418: ['cd8+ t cells', 'cellular immunity', 'mucosal immune response', 'mycoplasma hyopneumoniae', 'subunit vaccine', 'th17-type immune response'] 

TOP-K 419: ['serum nab titers', 'serum', 'mares', 'vaccination', 'mare-foal pairs', 'common erva genotypes', 'serum samples', 'months'] 

Reference 419: ['equine rotavirus a', ' maternal antibody', ' vaccination dynamics', ' cross-reactivity', ' humoral immunity'] 

TOP-K 420: ['pcv2 vaccine', 'pcv2d cap protein', 'c3d epitope', 'commercial pcv2d subunit vaccine', 'recombinant cap protein', 'antibody production', 'protective efficacy'] 

Reference 420: ['porcine circovirus type 2vaccine', 'virus-like particle', 'c3d'] 

TOP-K 421: ['pdcov s1 subunit vaccine', ['pdcov vaccine'], 'pdcov s1 subunit', ['s1 subunit'], 'newborn piglets', 'immune response', 'neutralization assays', 'strong immunogenicity', 'protective efficacy', 'flow cytometry analysis', 'antibodiesand cellular immune responses', 'candidate vaccine'] 

Reference 421: ['pdcov', ' s1 subunit', ' inactivated', ' pdcov vaccine', ' protective immunity'] 

TOP-K 422: ['first virulence-associated protein pdhd', 'elisa assay', 'bioinformatics analysis', 'pdhd sequence', 'membrane protein extraction', 'vaccine target'] 

Reference 422: ['mycoplasma ovipneumoniae', 'dihydrolipoamide dehydrogenase', 'adhesins', 'biofilm', 'plasminogen'] 

TOP-K 423: [['type i-e crispr-cas system'], 'bacterial virulence', 't3ss1 genes', 'crispr-cas system', 'well-defined biological characteristics', 'foreign genetic elements', 'model organism', 'previous studies', 'common role', 'consistent regulation'] 

Reference 423: ['type i-e crispr-cas system', 'salmonella enterica serovar pullorum', 'type i fimbriae', 'type iii secretions system 1'] 

TOP-K 424: ['synoviae', 'df-1 cells', 'anti-e2 serum', 'e2 protein', 'host cells', 'good immunogenicity', 'new ideas'] 

Reference 424: ['mycoplasma synoviae', 'dihydrolipoamide acetyltransferase', 'adherence', 'extracellular matrix', 'plasminogen', 'invasion'] 

TOP-K 425: ['hyopneumoniae-free gilts', 'mycoplasmal pneumonia', 'mycoplasma hyopneumoniaeinfection', 'experimental aerosol model', 'high-dose aerosols', 'infectious aerosols', 'severe lung lesions', 'respiratory disease', ['gilts'], 'diluted lung homogenate', 'typical clinical signs', 'experimental groups', 'present study', 'm.the purpose', 'treatment measures'] 

Reference 425: ['mycoplasma hyopneumoniae', 'aerosol', 'infection model', 'real-time pcrelisa', 'gilts'] 

TOP-K 426: ['human macrophages', 'mitochondrial oxidative stress', 'macrophages', 'chlamydiae target host mitochondria', 'multi-host pathogen', 'mitochondrial dnainto', 'nlrp3 pathway', 'il-1β production', 'cellular fate', 'robust innate immune responses', 'metabolic functions.chlamydia'] 

Reference 426: ['chlamydia psittaci', ' mtros', ' mtdna', ' cgas-sting', ' type i interferon'] 

TOP-K 427: ['salmonella enterica serovar heidelberg', 'tetracycline resistance', 'heidelberg strain sh2813nalr', 'tetracycline-resistant salmonella transconjugants', 'tetracycline resistance genes', 'salmonella sh2813nalr', '2-day old chicks', 'birds', 'oral challenge', 'layer chicks', 'different timepoints', 'coli isolates'] 

Reference 427: ['antimicrobial resistance', 'salmonella', 'plasmids', 'chickens', 'transmission', 'animal experiment', 'horizontal gene transfer'] 

TOP-K 428: ['csfv infection', 'myo1b knockdown', 'csfv titers', 'host myo1b', 'myo1b expression', 'infectious exosome formation', 'viral genome content', ['exosomes'], 'viral genome', 'c protein', 'critical role'] 

Reference 428: ['classical swine fever virus', 'core protein', 'myosin 1b', 'exosomes'] 

TOP-K 429: ['δwaaf', 'δccbf1 strains', 'wild-type strain', 'δl6', 'ccbf1 genes', 'δwaaq', 'chicken serum', 'survival rates', 'parent strain'] 

Reference 429: ['avibacterium paragallinarum', 'lipooligosaccharides', 'capsular polysaccharides', 'pathogenicity', 'immunogenicity'] 

TOP-K 430: ['abortus strains', 'brucella strains', 'caserta', 'eradication programs', 'caserta area', 'eradication programs brucellosis', 'high endemicity', 'brucella lineages', 'different outbreak cases', 'abortus population', 'genetic diversity', 'recent years', 'low number', 'province'] 

Reference 430: ['brucella abortus', 'bubalus bubalis', 'whole genome sequencing', 'outbreaks', 'eradication plans'] 

TOP-K 431: ['prrsv-2and occasional occurrences', 'evolutionary dynamics', 'swine health management practices', 'diverse genetic variants', 'prrsv epidemics', 'epidemiological trends', 'complex epidemiological landscape', 'historical context', 'evolutionary pattern', ['china'], 'prevention strategies', 'disease management', 'distinct lineages', 'rapid evolution', 'live vaccineson'] 

Reference 431: ['porcine reproductive and respiratory syndrome virus', 'evolution', 'diversity', 'lineages', 'disease prevention and control', 'china'] 

TOP-K 432: ['animal growth stimulation', 'amps', 'poultry production', 'poultry industry', 'recent studies', 'new molecules', 'various infections', 'new ideas', 'important infections'] 

Reference 432: ['antimicrobial peptides. poultry. antibiotics. bacterial infections'] 

TOP-K 433: ['brucella rb51 infection', 'brucella rb51', ['ferroptosis'], 'brucella rough strain rb51', 'brucella intracellular survival', 'inhibitor ferrostatin-1', 'rb51-infected macrophages', 'intracellular survival', 'different ferroptosis inhibitors', ['macrophages'], 'host glutathione', 'ferroptosis functions', 'glutathione peroxidase', 'lipid peroxidation', 'gsh signal pathway'] 

Reference 433: ['brucella', 'macrophages', 'ferroptosis', 'p53intracellular survival'] 

TOP-K 434: ['pdcov n protein', 'mrna splicing', 'spliceosomal snrnp assembly', 'anti-pdcov strategies', 'virus replication', 'host proteins', 'stress granule assembly', 'n protein', 'replication mechanism', 'kegg analyses', 'study', 'vital regulator'] 

Reference 434: ['porcine deltacoronavirus', 'nucleocapsid protein', 'interaction network', 'go analysis', 'kegg analysis'] 

TOP-K 435: ['alv-j emirna', 'alv-j replication', 'viral-derived emirna', 'm6a methylation modification', 'emirna', 'alv-j genome', 'alv-j grna', 'm6a modification', 'transcription', 'study', 'regulatory function', 'a7016 sites', 'regulatory effect', '′ utr', 'new perspective'] 

Reference 435: ['avian leukosis virus subgroup j', 'emi', 'rnagpc5m6a methylation', 'mi', 'rna transcriptional regulation'] 

TOP-K 436: ['leptospira dna', 'wolves', 'wolf populations', 'free-ranging wolvesfrom southern europe', 'southern europe', 'kidney samples', ['spain'], 'heterogeneous circulation'] 

Reference 436: ['leptospirosis', 'leptospira', 'spain', 'italy', 'wolf', 'zoonosis'] 

TOP-K 437: ['pedv', 'pedv n protein', 'viral n-protein', 'new b cell epitopes', '8-week-old balb/c mice', 'indirect immunofluorescence assay', 'western blot', 'n protein', 'monoclonal antibodiesdemonstrated specific reactivity', 'functional regions'] 

Reference 437: ['pedvn protein', 'b cell epitope'] 

TOP-K 438: [['secondary overtriage'], 'primary outcome', 'secondary overtriage rate', 'abbreviated injury scalescore', 'pediatric age groups', 'injury severity score', 'blunt trauma', 'patient characteristics', 'early discharge', 'surgical operation', 'logistic regression analysis', 'investigation variables', 'multivariable analyses'] 

Reference 438: ['secondary overtriage', 'interhospital transfer', 'secondary trauma diversion', 'trauma system', 'trauma center', 'non-trauma center'] 

TOP-K 439: ['ed-to-hospice transfers', 'direct ed-to-hospice discharges', 'ed-to-hospice discharges', 'in-hospital hospice programs', 'hospice transitions', 'emr modification', 'home-based care', 'qi program', 'patient identification', 'workflow optimization', 'future efforts', 'community teams', 'monthly incidence rate'] 

Reference 439: ['hospice', 'palliative care', 'end-of-life care', 'goal-concordant care', 'quality improvement'] 

TOP-K 440: ['emergency surgical airwayplacement', 'trauma management', 'endotracheal intubationfails', 'primary airway intervention', 'critical airway skill', 'backup option', 'age'] 

Reference 440: ['emergency', 'surgical', 'airway', 'cricothyrotomy', 'trauma', 'intubation'] 

TOP-K 441: ['tracheal ring method', 'endotracheal tubeposition', 'x-ray', 'third tracheal rings', 'radiation exposure', 'tr method', 'background chest x-ray', 'diagnostic accuracy', 'correct position', 'important drawbacks', 'good kappa', 'ultrasound categories', 'established standard'] 

Reference 441: ['usgx-ray', 'endotracheal tube position', 'tracheal rings', 'transverse view', 'longitudinal view'] 

TOP-K 442: ['dokei ah protocol', ['hypothermia'], 'protocol adherence', 'hypothermia patients', 'hypothermia stage', 'cardiocirculatory collapse', 'challenging ah rescue scenarios', 'protocol-treated patients', 'survival', 'cold exposure', 'hospital records', 'inadequate documentation', 'undetectable vital signs', 'neurological recovery', 'rescue reports'] 

Reference 442: ['mountain rescue', 'hypothermia', 'rewarming', 'emergency medicine', 'out-of-hospital', 'wilderness medicine'] 

TOP-K 443: ['clinical opiate withdrawal scalescores', 'xylazine withdrawal', 'emergency departments', 'non-medical opioid supply', 'synthetic opioids', 'conclusions fentanyl', 'individuals', 'novel order'] 

Reference 443: ['opioid withdrawal', ' fentanyl', ' xylazine', ' moud', ' tranq dope'] 

TOP-K 444: ['nc oems', 'multi-building organizations', 'aed lists', 'large businesses', 'mixed urban-rural county', 'locations'] 

Reference 444: ['bystander defibrillation', 'aedohca'] 

TOP-K 445: ['shared responsibility models', 'homelessnessare vulnerable emergency departmentpatients', 'innovative communication solutions', 'hospital systems', 'successful contact', 'homeless clinics', 'high rates', 'successful contactand', 'phone accessafter', 'important area', 'care.background persons'] 

Reference 445: ['homelessness', 'communication', 'health equity', 'emergency medicine', 'emergency department', 'infectious diseases'] 

TOP-K 446: ['tch', 'serious tch', 'neurological disability', 'patients', 'neurological consultation', 'methods retrospective cohort study', 'consecutive adult patients', 'additional imaging', 'relative frequency', 'aide clinicians', 'serious cause'] 

Reference 446: ['thunderclap headache', 'clinical decision rule', 'serious cause headache', 'reversible cerebral vasoconstriction syndrome', 'benign cause headache'] 

TOP-K 447: ['pediatric water bead-related visits', ['water beads'], 'cases', 'large national database', 'pediatric water', 'visits', 'methods data'] 

Reference 447: ['water beads', 'bowel obstruction', 'pediatric', 'superabsorbent polymer', 'injury'] 

TOP-K 448: ['ohca survivors', 'hdl-cholesterol levels', 'neurological prognosis', 'cholesterol levels', 'intensive care unit', 'retrospective observational study', ['total cholesterol'], 'admission'] 

Reference 448: ['lactate-to-albumin ratio', 'albumin', 'total cholesterol', 'high-density lipoprotein cholesterol', 'neurological outcomes', 'out-of-hospital cardiac arrest'] 

TOP-K 449: ['adverse outcomes', 'patient outcomes', 'time', 'patients', 'surgical hip fracture', 'hip fracture population', 'surgery', 'study'] 

Reference 449: ['emergency department', 'boarding', 'hip fracture', 'clinical outcomes'] 

TOP-K 450: ['asian head injury patients', 'asian patients', 'head ct', 'hispanic patients', 'white patients', 'asian individuals', ['limited english proficiency'], 'different languages', 'significant difference', 'wide variety'] 

Reference 450: ['racial difference', 'head injuries', 'diagnostic head computed tomography', 'limited english proficiency'] 

TOP-K 451: ['afebrile sepsis patients', 'febrile sepsis patients', 'sepsis patients', 'conclusions afebrile sepsis patients', ['antibiotics'], 'early detection', '28-day mortality', 'antibiotic administration time', 'treatment strategies', 'afebrile sepsis patients.objectives', 'febrile counterparts'] 

Reference 451: ['sepsis', 'fever', 'antibiotics', 'emergency department', 'prognosis'] 

TOP-K 452: ['ecg interpretation', 'ann', 'human interpreters', ['acute coronary syndrome'], 'computerised algorithms', 'potential integration', 'diagnostic accuracy', 'stemi criteria', 'aco symptoms', 'reliability issues', 'low sensitivity', 'widespread use', 'emergency department patients', 'artificial neural networksholds'] 

Reference 452: ['artificial intelligence', 'neural networks', 'electrocardiogram', 'acute coronary syndrome', 'emergency department'] 

TOP-K 453: ['digoxin poisoning', 'immediate therapeutic intervention', 'inclusion criteria', 'hemodynamic status', 'electrolytic disturbances', 'main findings', 'digoxin poisoning.background digoxin poisonings', ['thirty-day mortality'], 'special attention'] 

Reference 453: ['fab fragments', 'antidote', 'digoxin', 'poisoning', 'seven-day mortality', 'thirty-day mortality'] 

TOP-K 454: ['ibiin ri infants', ['infants'], 'retrospective chart review', 'weeks', '° c', 'u. conclusion'] 

Reference 454: ['fever', 'bacteremia', 'infant', 'immunization', 'bacterial infections', 'pediatric emergency medicine'] 

TOP-K 455: ['abdominal pain post-acetaminophen overdose', 'liver injury post-acetaminophen overdose', 'acetaminophen overdose', 'acetylcysteine treatment', ['abdominal pain'], 'liver injury', 'acute liver injury', 'patients', 'emergency department', 'common symptom', 'presentation', 'association', 'similar risk'] 

Reference 455: ['abdominal pain', 'acetaminophen', 'overdose', 'toxicology'] 

TOP-K 456: [['revascularization'], 'ohca', ['percutaneous coronary intervention'], 'pci', 'multivariable logistic regression analysis', 'first rosc', '1-month favorable neurological outcomes', 'st-segment-elevation myocardial infarctionwho', 'favorable neurological outcomes', 'patients', 'time', 'association'] 

Reference 456: ['out-of-hospital cardiac arrest', 'acute myocardial infarction', 'st-segment-elevation myocardial infarction', 'revascularization', 'percutaneous coronary intervention'] 

TOP-K 457: ['irvs', 'in-hospital mortality', 'vasopressor support', 'seven-day mortality', 'multiorgan damage', 'emergency department', 'patients', 'national early warning score', 'room air saturation', 'conclusion pmews', 'pulse rate', 'triage patients', 'day mortality', 'mental status', 'multiple organs'] 

Reference 457: ['triage', ' covid', ' mews', ' news', ' ventilation'] 

TOP-K 458: ['duct geometrical parameters', 'soot reduction', 'compression ignition engines', 'medium-duty single-cylinder optical engine', 'dfi', 'soot emissions', 'combustion chamber design', 'combustion evolution', 'soot formation', 'piston geometry', 'conventional diesel', 'specific boundary conditions', 'previous studies', 'study', '8-hole nozzle injector.ducted fuel'] 

Reference 458: ['ducted fuel injection', 'compression ignition', 'soot', 'n', 'ox', 'optical techniques', 'combustion'] 

TOP-K 459: ['inorganic cathode materials', 'aibs', ['cathode materials'], 'alternative energy storage batteries', 'effective data-driven workflow', 'reliable cathode materials', 'valuable experimental reference', 'aluminum elements', 'low cost', 'possible new avenues', 'work', 'future development', 'progress', 'various properties', 'current poor availability'] 

Reference 459: ['aluminum-ion batteries', 'data-driven', 'cathode materials', 'data mining', 'machine learning', 'small samples'] 

TOP-K 460: ['photovoltaicand energy storage systems', 'evs', 'ev', ['electric vehicle'], 'electricity distribution grid', 'different factors', 'electricity generation', 'design', 'oil stations', 'highways', 'optimal locations', 'sustainable system', 'global adoption', 'locations', 'stations'] 

Reference 460: ['electric vehicle', 'charging stations', 'mixed integer linear programming', 'linear programming', 'highway service', 'photovoltaic system', 'cost function'] 

TOP-K 461: ['co2 hydrate caps', ['co2 flowrate'], 'hydrate caps', 'magnetic resonance imaging', 'hydrate formation', 'hydrate cap integrity', 'spatial-temporal distribution', 'storage pressures', 'cap stability', 'flowrates', 'storage pressure', 'flow direction', 'co2and operational parameters', 'optimal conditions', 'minimum safety pressure'] 

Reference 461: ['co2 storage', 'spatial-temporal distribution characteristics of hydrate cap', 'co2 flowrate', 'initial storage pressure', 'hydrate cap stability'] 

TOP-K 462: ['silty natural gas hydratereservoirs', 'bottomhole pressure', 'scs', 'gas production', 'low permeability', 'multi-well system', 'gas productivity', ['sensitivity analysis'], 'south china sea', 'key factors', 'ngh reservoirs', 'cumulative gas production', 'next field production trial', 'permeabilityand hydrate saturationis', 'valuable design basis'] 

Reference 462: ['natural gas hydrate', 'five-spot well', 'energy recovery', 'depressurization', 'gas production enhancement', 'sensitivity analysis'] 

TOP-K 463: ['ground fixed-tilt photovoltaics', 'photovoltaic classification', ['photovoltaics'], ['pv-csn'], 'water photovoltaics', 'photovoltaic types classification', 'stationary water photovoltaics', 'new photovoltaics', 'ground single-axis tracking photovoltaics', 'roof photovoltaics', 'spatial information', 'experimental results', 'previous studies', 'segmentation tasks', 'segmentation network'] 

Reference 463: ['photovoltaics', 'photovoltaic power station', 'instance segmentation', 'classification and segmentation of photovoltaics', 'pv-csn'] 

TOP-K 464: ['ground load', 'dynamic load profiles', 'time-varying relative sensitivity', 'fluid temperature uncertainty', 'temporal sensitivity variation', 'effective response uncertainty management', 'high sensitivity', 'dynamic ground load scenario', 'response uncertainty', 'parameters', 'temporal characteristics', 'heat source', 'resultant change'] 

Reference 464: ['uncertainty quantification', 'dynamic uncertainty management', 'ground heat exchanger', 'ground thermal response function', 'transient global sensitivity analysis', 'underground thermal energy storage', 'ground-source heat pump'] 

TOP-K 465: ['heat pump cycle design', 'natural working-fluid-based portfolio', 'high performance', 'high-temperature conditions', ['heat pumps'], 'one-stage cycle layout', 'two-stage cycle layout', 'suction line heat exchanger', 'open intercooler', 'primary energy consumption', 'cascade configurations', 'fluids', ['lorenz efficiency'], 'technology portfolio', 'industrial applications'] 

Reference 465: ['heat pump', 'high temperature', 'industrial', 'natural working fluids', 'cop', 'lorenz efficiency'] 

TOP-K 466: ['isc fault diagnosis method', 'vvw', 'real-world vehicle data', 'power battery systems', 'thermal runawayaccident', 'early stage isc', 'battery cells', 'cell', 'internal short circuitis', 'battery data', 'different voltage windows', 'method', 'computational efficiency', 'voltage slopes', 'research object'] 

Reference 466: ['power batteries', 'internal short circuit', 'fault diagnosis', 'variable voltage window', 'cell charging voltage slope ranking', 'double-layer fault diagnosis strategy'] 

TOP-K 467: ['heat pump performance', 'thermal energy storage utilization', 'heat pump performance degradation', 'thermal demand forecasting', 'mixed-integer linear programmingmodel', 'heat pump operation', 'variable electricity prices', 'novel operational scheduling framework', 'fouling levels', 'framework', 'operational costs', 'present study addresses'] 

Reference 467: ['heat pump', 'thermal energy storage', 'operation scheduling', 'digital twin', 'fouling'] 

TOP-K 468: ['convex input-output mappings', 'endogenous non-convexity', 'large-scale public buildings', 'model-based optimization', 'classical feedforward neural networks', 'energy-saving operations', 'computational tractability', 'complex system identification', 'chiller plant operation', 'local optima', 'individual convex models', 'high-resolution representations', 'chiller plant system', 'energy consumption', 'energy-consuming units'] 

Reference 468: ['chiller plant', 'input convex neural network', 'operation optimization', 'heterogeneous', 'all-parallel', 'hvac'] 

TOP-K 469: ['hong kong secondary schools', 'building energy performance', 'mnls', 'convexity constraints', ['concavity'], 'energy performance', ['convex'], ['concave'], 'illustrative example', 'new method', 'regression function', 'convex portions', 'forecasting process'] 

Reference 469: ['nonparametric methods', 'regression analysis', 'concavity', 'convexity', 'building energy consumption forecasting'] 

TOP-K 470: ['rapid start-up phase', 'electrolyzers', 'electrolyzer', 'control strategies', 'minimum operational power threshold', 'power', 'unused wind energy', 'strategy', 'equal power allocation phase', 'priority scheduling method', 'significant advantages', 'operational phase', 'predetermined level', 'distinct phases'] 

Reference 470: ['electrolytic hydrogen production', 'wind energy', 'multi-electorlyzer', 'optimized power allocation'] 

TOP-K 471: ['two-stage robust optimization approach', 'power system flexibility shortfalls', 'energy storage units', 'system regulation resources', 'power system flexibility supply', 'system security operation constraints', 'new power system', 'power system', 'maximum system flexibility margin', 'flexibility capacity', 'thermal power', 'demand balance mechanism model', 'optimization objectives', 'supply regulation capabilities', 'operating cost'] 

Reference 471: ['flexibility capacity assessment', 'supply and demand characteristics', 'robust optimization', 'uncertainty', 'renewable energy penetration rate'] 

TOP-K 472: ['organic fluids', 'optimisation methodologies', 'techno-economic optimisation', 'ambient temperature', 'clean water', 'direct contact membrane distillation', 'ambient temperatures', 'net present value calculations', 'various orc fluids', 'comprehensive mathematical model', 'comparative analysis', 'techno-economic performance', 'innovative design', 'economic analyses', 'bare module'] 

Reference 472: ['concentrated solar power', 'organic rankine cycle', 'parabolic trough', 'desalination', 'membrane distillation', 'supercritical carbon dioxide brayton cycle'] 

TOP-K 473: ['offshore solar pv resource', 'offshore solar energy features', 'offshore solar pv development', 'offshore solar pv farms', 'climate change impacts', 'south china sea', 'ocean conditions', 'pv resource', 'offshore solar photovoltaicdevelopment', 'carbon neutrality', 'resource characteristics', 'forthcoming offshore pv projects', 'intra-annual fluctuation', 'tripartite objectives', ['exploitative potential']] 

Reference 473: ['offshore solar pvera5seas around china', 'exploitation potential', 'climate change'] 

TOP-K 474: ['vibration energy harvesters', 'peh super-harmonic vibration', 'nonlinear energy sinkstructure', 'wide frequency vibration environments', 'beam theory', 'theoretical model', 'lagrange equation', 'wide frequency vibration absorption.in'] 

Reference 474: ['piezoelectric energy harvesting', 'nonlinear energy sink', 'magnetic plucking', 'frequency up-conversion', 'bistable'] 

TOP-K 475: ['trans-log production function', 'energy efficiency', 'factor substitution', 'non-energy factors', 'technological advancements', 'coal', 'technological progress', 'substitution elasticity', 'sustainable production system', 'robust policies', ['industrial sector'], 'efficient economy', 'industrial engagement', 'relative difference'] 

Reference 475: ["factor's substitution", 'industrial sector', 'technical progress', 'pakistan'] 

TOP-K 476: [['dual-motor two-speed bev'], 'ems', 'sac-based ems', 'optimal ems', 'dynamic programming', 'converged episodes', ['linear mapping trick'], 'driving mode', 'electrical energy consumption', 'simulation results', 'sac', 'battery capacity losses', 'health performance', 'continuoushybrid action space', 'battery operating'] 

Reference 476: ['dual-motor two-speed bev', 'energy management strategies', 'linear mapping trick', 'partially observable markov decision process', 'long short-term memory network'] 

TOP-K 477: [['financial development'], ['renewable energy'], 'sustainable energy system', ['digital economy'], 'u-shaped relationship', 'nonlinear effects', 'key empirical results', 'robust financial system', 'strong financial system', 'digital infrastructure', 'low level', 'transition', 'high levels', 'andthe study'] 

Reference 477: ['digital economy', 'financial development', 'renewable energy'] 

TOP-K 478: ['insoluble extracellular polysaccharidein biofilm', 'new toothpaste formulation', 'dental demineralization', 'ionic biochemical composition', '1100f', 'enamel hardness', 'biofilm composition', 'significance toothpaste formulation', 'concentration', 'significant increase'] 

Reference 478: ['demineralization', 'dental enamel', 'phosphates', 'biofilm'] 

TOP-K 479: ['novel antibiofilm structures', 'gtf inhibitors', 'glycosyl transferase', 'durable restorations', 'non-bactericidal approach', 'materials development', 'biofilm coalescence', 'dysbiotic bacteria', 'additional tooth structure', 'oral environment', 'mechanical demands', 'unnecessary loss'] 

Reference 479: ['oral biofilm', 'acquired pellicle', 'dentin collagen', 'resin composites', 'dental adhesives', 'polymerization'] 

TOP-K 480: ['aligner transparency', 'transparent aligners', 'polymer glass transition temperature', 'physicochemical properties', 'significance intra-oral aging', 'clearcorrect ® aligners', 'surface topography', 'plastic material', 'viscoelastic properties', ['aesthetic appearance'], 'oral environment', 'intraoral use', 'safety.background orthodontic treatment'] 

Reference 480: ['orthodontic aligners', 'intra-oral aging', 'leachable', 'thermomechanical properties', 'surface', 'biological safety', 'aesthetic appearance'] 

TOP-K 481: ['ntz-loaded membranes', 'antibacterial membranes', 'local drug delivery', 'tissue regeneration', 'microbial environment', 'aid periodontal bone regeneration', 'ntz release profile', 'universal testing machine', 'mechanical properties', 'new class', 'promising barrier membrane', 'polymer weight', 'methods membranes'] 

Reference 481: ['antimicrobial', 'bone', 'drug release', 'electrospinning', 'nitazoxanide', 'periodontitis'] 

TOP-K 482: ['snps', 'physicochemical properties', 'improved physicochemical properties', 'snps applications', 'remineralizing substances', 'dental materials', 'efficient nanocarriers', 'surface roughness', 'promising drug delivery system', 'studies', 'biological properties', 'formulations', 'nanocarry bioactive substances', 'different dental applications', 'fracture toughness'] 

Reference 482: ['nanotechnology', 'nanoparticles', 'silica', 'drug delivery', 'dentistry'] 

TOP-K 483: ['extrusion-based diw principle', 'occlusal veneers', 'novel three-dimensional printer', 'open-source hardware', 'flowable resin composite', 'beautifil flow plus', 'dental composite', 'dimensional accuracy', 'future optimization', 'novel direct ink writingsystem', 'printing accuracy', 'printing speed'] 

Reference 483: ['direct ink writing3d printing', 'additive manufacturing', 'resin composites', 'accuracy'] 

TOP-K 484: ['endodontic therapy', 'enterococcus faecalisand regenerative potential', 'antibacterial efficacy', 'sol-gel method', 'physical properties', 'dental pulp stem cellswere', 'methods calcium silicateparticles', 'objective calcium silicate cementsare', 'physical microstructure'] 

Reference 484: ['anti-bacterial agents', 'calcium silicate', 'collagen', 'dental pulp', 'mesoporous bioactive glass nanoparticles', 'odontogenic'] 

TOP-K 485: ['bovine bones', 'ha', 'chemical solubility values', 'dental prosthesis', 'calcium titanate', 'fracture toughness values', 'solids waste', 'low-cost material', 'experimental calcium phosphate', 'desirable mechanical properties', 'entire composition'] 

Reference 485: ['ceramics', 'dental materials', 'nanotechnology', 'apatites'] 

TOP-K 486: ['resin-ceramic hybrids', 'fracture resistance', 'biaxial flexural strengthof glass-ceramics', 'dentin analog', 'tri-layer restorative systems', 'restorative materials', ['flexural strength'], 'elastic gradients', 'cad/cam materials', 'hybrid materials', 'load-bearing capacityof', 'e. methods', 'opposite trend', 'superior results', 'significance detailed analysis'] 

Reference 486: ['cad-cam', 'composite resins', 'ceramics', 'flexural strength', 'elastic modulus', 'mechanical stress'] 

TOP-K 487: ['dental resin composites', 'dental composites', '3d micro-ct', 'o-ptir techniques', ['filler content'], 'polymerisation shrinkage characteristics', 'experimental dental composite materials', 'polymerisation behaviour', '2d linear shrinkage', 'custom-designed linometer', ['volumetric shrinkage'], 'future research', 'clinical outcomes', 'filler contentsand', 'novel insights'] 

Reference 487: ['dental composite resins', 'polymerisation shrinkage', 'volumetric shrinkage', 'micro-cto-ptir spectroscopy', 'filler content', 'degree of conversion'] 

TOP-K 488: ['intertubular dentin', 'peritubular dentin', 'tdg-nps', 'energy dissipation', 'conditioned dentin', ['tan delta'], 'undoped nps', 'viscoelastic performance', 'load cycling', 'conditioned surfaces', ['complex modulus'], 'energy concentration'] 

Reference 488: ['mineralized dentin', 'tideglusib', 'nano-dma', 'nanoparticles', 'atomic force microscopy. stress concentration', 'complex modulus', 'tan delta'] 

TOP-K 489: ['bovine ribs', 'polymer-based bone models', 'bovine rib', 'reduced-diameter implants', 'bone model', 'polymer-based bone model', 'data dispersion', 'bone fraction', 'methods bovine ribs', 'fatigue lifetime', 'dental implantswere', 'significant difference'] 

Reference 489: ['dental implants', 'fatigue fractures', 'fractographic analysis'] 

TOP-K 490: ['cad-cam lithium disilicate glass-ceramics', 'integrating-sphere measurements', 'chemical composition', 'post-crystallized samples', 'inverse adding-doublingmethod', ['optical properties'], 'ceramic samples', 'structural characterization', 'material microstructure.objectives', 'optical propertiesfrom'] 

Reference 490: ['lithium disilicate', 'lithium metasilicate', 'dental ceramics', 'cad-cam', 'microstructure', 'optical properties'] 

TOP-K 491: ['polymersome-encapsulated biofilm inhibitors', 'biofilm inhibitors', ['dental caries'], 'biofilm-selective therapy', 'infected gnotobiotic rats', 'polymersome-encapsulated biofilm inhibitor', 'novel drug delivery platform', 'ph-responsive delivery', 'species-specific selectivity', 'untreated control group', 'proximal caries scores', 'results biofilm inhibitors', 'oral microbiome.objectives', 'significant reductions', 'viable approach'] 

Reference 491: ['dental caries', 'streptococcus mutans', 'biofilm', 'glucosyl transferase', 'ph-responsive', 'polymersome'] 

TOP-K 492: ['cad-cam restorative materials', 'kubelka-munk method', 'light reflectivity', ['optical properties'], 'semi-empirical approach', 'relative translucency parameter', 'mm thick materials', 'different compositions', 'x ∞', 'infinite optical thickness', 'microstructure impact', 'radiative transfer coefficientswere'] 

Reference 492: ['cad-cam materials', 'kubelka-munk theory', 'optical properties', 'translucency parameter'] 

TOP-K 493: [['nanoparticle jetting'], 'x-ray diffraction', 'zirconia surfaces', 'three-dimensional finite element analysis', 'surface micromorphology optimization', 'zirconia disks', 'three-dimensional interference microscopy', 'scanning electron microscopy', 'microstructured surfaces', 'npj 3d printer', 'bond strength', 'bond durability', 'different geometries', 'void volume'] 

Reference 493: ['nanoparticle jetting', 'morphological optimization', 'finite element analysis', 'shear bond strength', 'zirconia'] 

TOP-K 494: [['diabetes'], 'optical microscopy', 'clinical significance', 'tooth dentin composition', 'tooth crowns', 'parafunctional activities', 'study', ['mouse models'], 'mechanical properties', 'type', 'significant wear', 'detrimental changes', 'models'] 

Reference 494: ['dentin', 'diabetes', 'nanoindentation', 'mouse models'] 

TOP-K 495: ['experimental fdcpc', 'pulp-capping materials', 'specific experimental calcium phosphate', 'different fluoride saltsconcentrations', 'promising experimental material', 'dose-dependent capacity', 'osteogenic environment', 'fluoride-free calcium phosphatewas', 'study', 'bioactive properties', 'basal functions'] 

Reference 495: ['biocompatibility', 'calcium phosphate', 'human dental pulp stem cells', 'ion-release', 'osteogenic', 'remineralisation markers'] 

TOP-K 496: ['cholesteryl methacrylatemonomer', 'bis-gma/tegdma composite resins', 'polymerization shrinkage force', 'knoop microhardness', 'initial knoop microhardness', 'cross-link density', 'experimental composite resins', 'cld', 'cm', 'softening effects', 'spontaneous oxidation'] 

Reference 496: ['composite resins', 'methacrylates', 'cholesterol esters', 'polymerization', 'polymers'] 

TOP-K 497: ['cholesteryl methacrylatein experimental resins', 'post-gel shrinkage', 'knoop microhardness', 'elastic modulus', 'strain gauge method', 'compressive strength', 'microhardness values', 'mpa', 'flexural strength', 'post-gel shrinkageand prediction', 'f2and f3for degree', 'conversion', 'ideal concentration', 'degree', 'significant increase'] 

Reference 497: ['composite resins', 'methacrylates', 'cholesterol esters', 'polymerization', 'polymers'] 

TOP-K 498: ['dlcs adhesion', 'surface graphitization', 'chemical bridges', ['adhesion'], 'adhesion reduction', 'diamond surface', 'atomic species', ['chemical modifications'], 'high degree', 'significant limitation', 'employment concerns'] 

Reference 498: ['adhesion', 'dl', 'cs', 'diamond-copper interfaces', 'density functional theory', 'chemical modifications'] 

TOP-K 499: ['li-metal batteries', 'lithiophilic properties', 'graphene layer', 'g@pp separators', 'pg@pp separators', ['homogeneous li-ion flux'], 'li', 'electrolyte permeability', 'intrinsic electrolyte wettability', 'electrochemical performance', 'improved cycle stability', 'stable electrochemical performance', 'hydrophilic characteristics', 'coating layer', 'cells'] 

Reference 499: ['lithium metal anode', 'wettability enhanced graphene', 'hydrophilic separator', 'homogeneous li-ion flux'] 

TOP-K 500: ['prepared n,p-cds', 'water-based additives', 'nitrogen/phosphorus co-doped carbon dotsare', 'tribochemical protective film', 'cds surface', 'good lubrication effects', 'step hydrothermal method', 'robust hydration layer', 'long-term storage', 'bacterial growth', 'friction pair surface', 'raw materials'] 

Reference 500: ['lubricant additive', 'carbon dots', 'heteroatom doping', 'aqueous lubrication'] 

TOP-K 501: [['abraham descriptors'], 'adsorption coefficientprediction', 'different adsorbate concentrations', 'data-splitting approach', 'adsorption process', 'concentration effects', 'kd prediction', 'concentration-selection approach', 'previous studies', 'popular method', 'different equilibrium concentrationranges.machine'] 

Reference 501: ['machine learning', 'adsorption coefficient', 'equilibrium concentration', 'abraham descriptors', 'carbon-based adsorbent design'] 

TOP-K 502: ['co7fe3/co heterogeneous structures', 'cation exchange', 'multi-phase heterostructures', 'metal/alloy phases', 'electromagnetic attenuation capabilities', 'single metal phases', ['impedance matching'], 'absorption performance', 'broadband absorption', 'transition mechanism', 'electromagnetic response mechanism', 'defect distribution'] 

Reference 502: ['phase engineering', 'cation exchange reaction', 'electromagnetic parameters', 'impedance matching', 'heterogeneous structures'] 

TOP-K 503: ['carbon-based all-inorganic c-pscs', 'c-pscs', 'novel carbon counter electrodes', 'vo@cnf', 'carbon counter electrode', 'vo-deposited carbon nanofibers', 'cspbbr ₃ perovskite', 'power conversion efficiencies', ['counter electrodes'], 'low conductivity', ['back interface'], 'energy levels', '@cnf', 'work function', 'abundant defects'] 

Reference 503: ['counter electrode', 'cs', 'pb', 'br₃cnf', 'back interface', 'perovskite solar cells'] 

TOP-K 504: ['nanocage-structured uio-66', 'high-performance electromagnetic wave-absorbing materials', 'ultra-wide absorption bands', 'electrostatic spinning method', 'impedance matching', 'doping phase', 'experimental results', 'dopant phase', 'electromagnetic interference', 'harsh electromagnetic environments', 'wide absorption bandwidth', 'aerospace equipment', 'military applications', 'emw absorption mechanisms.in order', 'effective immunity'] 

Reference 504: ['electrospinning', 'm', 'xene', 'ultra-wide absorption bandwidth', 'porous nanocages', 'multidimensional heterogeneous interface'] 

TOP-K 505: ['h2so4-treated p-type films', 'swcnt/cmc films', 'cmc polyelectrolyte', 'post-treatment method', 'chemically-controlled transfer technique', 'single-walled cntand carboxymethyl cellulosecomposite', 'n-type films', 'stretchable device applicability', 'acid hydrolysis', 'high stretchability', 'excellent dispersion-stability', 'te performance', 'n-type te feature', 'elastic substrates', 'outstanding te durability'] 

Reference 505: ['organic thermoelectrics', 'organic thermoelectric generator', 'single-walled carbon nanotube', 'stretchable', 'dry-transferable'] 

TOP-K 506: ['co/cofe bimagnetic phases', 'strong microwave absorption', 'strong microwave absorption ability', 'effective absorption bandwidth', 'carbon-magnetic material', 'material', 'multi-scale structural design', 'high permeability', 'high frequency ranges', 'hollow structure', 'high coercivity', 'reflector layer', 'overall impedance matching', 'layer', 'reflection loss'] 

Reference 506: ['prussian blue analogs', 'magnetic loss', 'multi-layer structural absorbing material', 'microwave absorption'] 

TOP-K 507: ['biomimetic mineralization template', 'anode materials', 'sibs', 'novel carbon-based materials', 'honeycomb morphology', 'high porosity', ['sodium-ion batteries'], 'porous carbon', 'energy storage', 'abundant raw materials', 'simple synthesis', 'auspicious anode material', 'environmental pollution', 'triple doping', 'environmental friendliness'] 

Reference 507: ['biomimetic mineralization', 'combustion activation', 'sodium-ion battery'] 

TOP-K 508: ['single-walled carbon nanotubethin films', 'thermoset polymers', 'mechanical loading', 'polymerization stages', 'sensitive deformation monitoring', 'deposited electrodes', 'embedded films', ['piezoresistive response'], 'physical features', 'films', 'monitoring', 'gauge factors', 'opposite trend'] 

Reference 508: ['carbon nanotube film', 'composites', 'manufacturing monitoring', 'lifecycle monitoring', 'piezoresistive response'] 

TOP-K 509: ['graphite', 'lubricating oil film', 'pao', 'synergistic lubrication mechanism', 'first-principles calculations', 'pao molecules', 'self-lubricating additives', ['molecular dynamicssimulation'], 'synergistic effect', 'transfer film', 'interlayer structure', 'counter ball surface', 'poly α-olefin base oilwere', 'weak chemical bond'] 

Reference 509: ['solid-liquid synergistic lubrication', 'polymer composites', 'first-principles', 'molecular dynamicssimulation'] 

TOP-K 510: ['ultra-broadband emwa', 'high-temperature annealing', 'emwa performance', 'doped fe3o4', '3d-4f magnetic coupling', 'sno2/porous carbon composites', 'gradient metamaterial', 'core-shell heterostructure', 'sn-mof wrap', 'magnetic performance', 'ion distribution changes', 'effective absorption bandwidthof', 'unique electron configuration', 'stick-shaped sn metal-organic frameworkis', 'large ionic radius'] 

Reference 510: ['la-doped fe3o43d-4f coupling', 'sn-mof', 'enhanced microwave absorption', 'multiple heterostructures'] 

TOP-K 511: [['electronic raman scattering'], 'graphene layers', 'perfect rg structure', 'raman processes', ['topological flat band'], 'sequence identification', 'electronic interactions', 'electronic phenomena', 'distinctive peak positions', 'established technique', 'key advantage'] 

Reference 511: ['rhombohedral graphite', 'raman spectroscopy', 'electronic raman scattering', 'topological flat band'] 

TOP-K 512: ['microwave absorption properties', 'microwave absorption', ['phase modulation'], 'mose2 phase', 'novel phase assembly-modulating strategy', 'potential microwave absorber', 'gox', 'dielectric properties .3 ghz', 'advanced conductivity loss', 'unique 1t', 'practical application', 'gainful effect', 'times', 'dielectric loss.mose2'] 

Reference 512: ['mo', 'se2microwave absorption', 'g', 'ox', 'phase modulation', 'ultrasonic spraying'] 

TOP-K 513: ['carbon nanotubefoams', 'foam 3d printingprocess', 'robust thermoplastic polyurethane', 'functional foams', 'controllable density', 'uniform morphologies', 'nozzle temperature', 'flow rate', 'repeatable properties', 'wide density range', 'great potential', 'density range', 'wide range'] 

Reference 513: ['3d printing', 'additive manufacturing', 'foam printing', 'carbon nanotubes', 'nanocomposites', 'electrical conductivity'] 

TOP-K 514: ['diamond phase transitions', ['diamond'], 'friction products', 'iron', 'iron wires', 'primary factors', 'iron carbide', 'friction atmosphere', 'friction curve', 'initial downward trend', 'iron surface', 'interface interaction', 'new insights', 'minimum cof', 'oxide forms'] 

Reference 514: ['ultrafine drawing', 'diamond', 'friction', 'interface', 'structural evolution'] 

TOP-K 515: [['ternary composites'], 'co/mno @nc ternary composites', 'co/mno @nc composites', 'multi-component composites', 'conventional ferromagnetic-based absorbers', 'radar cross-section simulations', 'efficient microwave absorbers', 'dielectric polarization response capability', 'power loss density', 'outstanding absorption properties', 'minimum reflection loss value', 'elaborate construction', 'significant potential', 'promising strategy'] 

Reference 515: ['ternary composites', 'heterogeneous interfaces', 'dielectric polarization', 'magneto-electric synergy', 'electromagnetic wave absorption'] 

TOP-K 516: ['porous carbon nitride photocatalysts', 'pyridinic nitrogen atoms', 'high specific surface area', 'effective electron-hole separation', 'high-performance metal-free two-dimensional photocatalysts', 'nitrogen atoms', 'water splitting', 'exciton binding energies', 'abundant active sites', 'carbon rings', 'hydrogen bonds', 'edge carbon atoms', 'broad absorption range', 'water molecules'] 

Reference 516: ['graphene', 'porous carbon nitride', 'metal-free two-dimensional photocatalyst', 'exciton dissociation', 'proton-coupled electron transfer'] 

TOP-K 517: ['nickel matrix composites', '3dgn-reinforced composite', ['metal matrix composites'], 'cold rolling', 'three-dimensional graphene', 'uniform elongation', 'dislocation storage capacity', 'dynamic plastic deformation', 'ultimate tensile strength', 'inherent strength-ductility paradox', 'novel bimodal-structured nickel matrix', 'fine-grained zones', 'severe plastic deformation', 'pure nickel', 'strain hardening capability'] 

Reference 517: ['metal matrix composites', 'bimodal structure', 'three-dimensional graphene network', 'stacking fault', 'mechanical properties'] 

TOP-K 518: [['bioplastics'], 'bioplastics conversion', 'multi-stage mfa technique', 'wastes', 'circular economy', 'sustainability assessment', 'multi criteria analysiswith mfa', 'primary biomass', 'technical aspects', 'current practices', 'geographic region', 'additional information', 'generic tool', 'combined examination'] 

Reference 518: ['bioplastics', 'feedstock sustainability evaluation', 'material flow analysis', 'multi-criteria analysis', 'cellulose nanofibril', 'waste management'] 

TOP-K 519: ['adsorption-based atmospheric water extractionsystems', 'climate variability', 'kinetic model', 'water extraction', ['kinetic analysis'], 'optimization algorithm', 'critical process design variables', 'operating costs', 'stage stochastic programming approach', 'comprehensive computational approach', 'freshwater sources', 'regeneration temperature', 'operational time'] 

Reference 519: ['atmospheric water extraction', 'kinetic analysis', 'meteorological analysis', 'metal-organic frameworks', 'stochastic optimization'] 

TOP-K 520: [['coconut shell biochar'], 'tio2 modification', 'binary metal system', 'metal ions', 'various methods', 'degradation performance', 'competitive effect'] 

Reference 520: ['coconut shell biochar', 'ti', 'o2heavy metal', 'tetracycline'] 

TOP-K 521: ['co sa', 'co clusters', 'non-magnetic catalysts', 'catalytic sponges', 'microreactor treatment experiment', 'advanced oxidation processes', 'single atomsites', 'co cs/a-tio', 'synergistic effect', 'wastewater treatment', 'atomic level', 'all-purpose strategyfor', 'electron configuration', 'exceptional degradation performance', 'fenton-like activity.the regulation'] 

Reference 521: ['co single atom', 'co atomic cluster', 'crystal phase regulation', 'electron optimization', 'pms-based aops'] 

TOP-K 522: ['future drought risk', 'agrotechnology transfer', 'wue', 'high-resolution climate models', 'drought risk', 'optimal wue thresholds', 'dry-wet gradients', 'future climate scenarios', 'model intercomparison project phase', 'major maize ecoregions', ['ceres-maize model'], 'drought severity', 'regional differences', 'decision support system', 'agricultural practices'] 

Reference 522: ['spring maize', 'climate change', 'ceres-maize model', 'drought', 'water use efficiency'] 

TOP-K 523: ['cold-mix asphalt', 'microwave-induced healing', 'crack healing', 'microwave radiation', 'powdered slag', 'various environmental stressors', ['steel slags'], 'binder wettability', 'microwave treatment', 'cold mix asphalt specimens', 'aggregate coating', 'hybrid application'] 

Reference 523: ['sustainability', 'carbon footprint', 'healing', 'cold mix asphalt', 'microwave', 'steel slag'] 

TOP-K 524: ['caas', 'caas adoption', 'caas transfers', 'qualitative interviews', 'initial outlay', 'different sectors', 'usage.as temperatures'] 

Reference 524: ['business model', 'circular economy', 'cooling', 'servitisation', 'servitization', 'sustainability'] 

TOP-K 525: [['technological innovations'], ['technological innovation'], 'green economic growth', 'dominant role non-green sectors', 'green sectors', 'countries', 'spillovers', 'unique challenges', 'production capabilities', 'positive effect'] 

Reference 525: ['technological innovation', 'green growth', 'path-dependent economic growth', 'green capabilities spillovers', 'developing countries', 'economic complexity'] 

TOP-K 526: ['policy thematic emphasis', 'green shipping regulations', 'green shipping policies', 'collaborative relationships', 'mandatory green shipping policies', 'environmental concerns', 'policy entities', 'thematic priorities', 'practical effectiveness', 'china', 'maritime sector', 'recent years', 'different levels', 'significant transitions', 'effective strategies'] 

Reference 526: ['green shipping', "china's green shipping policy", 'social network analysis'] 

TOP-K 527: ['high-efficiency lithium-oxygen batteries cathodes', 'cradle-to-gate approach', 'sustainable cathode manufacturing methods', 'carbon-based composites', 'titanium oxide composites', 'graphene-based composites', 'environmental considerations', ['life cycle assessment'], 'high energy density', 'environmental impact', 'performance potential', 'functional unit', 'current lithium-ion batteries.g −', 'impact categories'] 

Reference 527: ['energy storage', 'life cycle assessment', 'lithium-oxygen battery', 'impact assessment'] 

TOP-K 528: ['dietary factors', 'self-selected nutritious diets', 'certain foods', 'environmental considerations', 'dietary guidelines', 'nutritious diets', 'particular ruminant meat', 'food content', 'whole grains', 'environmental concerns', 'salty food', 'present study', 'environment', ['environmental impact'], 'low amounts'] 

Reference 528: ['sustainable diets', 'positive deviance', 'nutritional quality', 'environmental impact', 'diet cost'] 

TOP-K 529: [['iron ore tailings'], 'sugarcane bagasse', ['carbon deposition'], 'iot', 'biomass waste', 'secondary iron source', 'weak magnetic iron oxides', 'steelmaking processes', 'strong magnetic iron phases', 'significant mineralogical transformations', 'metallic iron', 'h2 production', 'steel industry', 'synergistic promotion', 'magnetic separation efficiency'] 

Reference 529: ['biomass volatiles', 'iron ore tailings', 'iron recovery', 'catalytic cracking', 'carbon deposition', 'hydrogen'] 

TOP-K 530: ['partial cooperation', 'agent-based modelsand game theory', 'farmer agents', 'non-cooperative scenarios', 'abm-gt framework', 'water shortages', 'real-world scenarios', 'economic potential', 'agents', 'dry years', 'allocation problems', 'traditional methods', 'net benefits', 'maximum net benefit', 'resource contributions'] 

Reference 530: ['agent-based modeling', 'game theory', 'water resources management', 'decision making', 'partial cooperation dynamics'] 

TOP-K 531: ['household photovoltaic projects', 'photovoltaic projects', 'local governments', 'local governments incentives', 'photovoltaic enterprises', 'four-party evolutionary game model', 'financing institutions', 'renewable energy', 'households', ['investment decisions'], 'policy insights', 'behavioural decisions', 'research', ['regret theory'], 'practical guidance'] 

Reference 531: ['household photovoltaic', 'inclusive finance', 'investment decision', 'evolutionary game', 'regret theory', 'system dynamic'] 

TOP-K 532: ['ed-based acid reclamation processes', 'ed-based acid recovery systems', 'imperfect proton leakage characteristics', 'experimental data', 'acid transport', 'model', 'subsequent proton concentration', 'waste acids', 'simulation outcomes', 'practical applications', 'selective separation', 'acid concentration', 'modeling endeavors', 'operational principles', 'strong correlation'] 

Reference 532: ['acid recovery', 'electrodialysis', 'anion exchange membrane', 'nernst-planck equation', 'proton leakage'] 

TOP-K 533: ['cradle-to-grave lca analysis', 'wtm technology', 'wtm-gh', 'carbon credits', 'potential environmental impacts', 'green hydrogenin', 'global warming potential', 'process', 'life-cycle perspective', 'entire co2', 'viable prospect', 'global impacts', 'potential implementation'] 

Reference 533: ['gasification', 'methanol', 'green technology', 'life cycle assessment', 'municipal solid waste', 'green hydrogen'] 

TOP-K 534: ['cableway system', 'life cycle ghg emissions', 'cableway systems', 'car transportation', 'current car transportation', 'alternative transportation options', 'environmental impacts', 'daily average passengers', 'environmental performances', 'car dependency', 'urban areas', 'additional factors', 'sustainable option', 'preferable option', 'conventional modes'] 

Reference 534: ['life cycle assessment', 'cableway', 'ropeway', 'urban', 'biodiversity', 'carbon footprint'] 

TOP-K 535: ['ammonia synthesis manufacturing plant', 'orc system characteristics', ['electricity production cost'], 'water subsystem', 'primary non-energy cost', 'developed therm-economic optimization', 'water subsystem cost', 'direct energy cost', 'exergy efficiency', 'current research deficiencies', 'organic fluid cost', 'minimum epc', 'maximum coep', 'optimal operation condition', 'economic comparison'] 

Reference 535: ['organic rankine cycle', 'therm-economic optimization', 'circulating water', 'electricity production cost', 'coefficient of exergy performance'] 

TOP-K 536: ['amine regeneration-co2 mineralization', 'emar-m', 'co2 mineralization', 'co2-rich amine', 'metal ion release', 'metal-amine coordination desorption', 'electrochemical method', 'redox reaction', 'co2 absorption', 'current problems', 'good co2 absorption', 'nacl', 'electrochemical regeneration properties', 'innovative approach', 'metal electrode'] 

Reference 536: ['co2electrochemically', 'capture-mineralization', 'in-situ amine regeneration', 'mea'] 

TOP-K 537: ['straw', ['ball milling depolymerization'], 'direct microwave hydrothermal conversion', 'microwave hydrothermal conversion', 'organic solvents', 'hmf yield', 'machine learning methodology', 'biphasic system', 'machine learning prediction', 'conversion potential', 'findings'] 

Reference 537: ['straw5-hydroxymethylfurfural', 'ball milling depolymerization', 'microwave hydrothermal', 'machine learning'] 


N=5
P=0.11747211895910781
R=0.11690714021457639
F1=0.1171889486371222


N=10
P=0.08628111547819577
R=0.17055123936367
F1=0.11459110116828236


N=15
P=0.06631578947368422
R=0.1864594894561598
F1=0.09783558186935845

max_len: 512
temp_en: Book:
temp_de: This book mainly talks about 
model: base
enable_filter: True
enable_pos: True
position_factor: 120000000.0
length_factor: 0.6
Processing time: 166.88576412200928
