Start Testing ...
TOP-K 0: ['multimodal fusion', 'attention fusion network', 'novel end-to-end fusion network', 'feature-wised attention fusion module', 'sentiment knowledge', 'additional sentiment knowledge representations', 'external knowledge base'] 

Reference 0: ['external knowledge', 'multi-head attention', 'multi-view learning', 'multimodal sentiment analysis', 'multiple feature fusion'] 

TOP-K 1: ['novel characters', 'close-set text recognition challenges', 'open-set scenarios', 'high cost', 'many methods', 'satisfactory performance'] 

Reference 1: ['low-shot recognition', 'open-set recognition', 'scene text recognition'] 

TOP-K 2: ['time series data', 'recurrent patterns', 'function approximation', 'periodic part', 'important capability'] 

Reference 2: ['period detection', 'seasonality detection', 'time series analysis', 'time series decomposition', 'time series modelling'] 

TOP-K 3: ['gaussian modeling', 'climate/weather applications', ['non-gaussian random field'], 'tgh model', 'well-known tukey g-and-h', 'precipitation dataset', 'probability integral transformation', 'prediction accuracy', 'approximate parallel implementation', 'real dataset'] 

Reference 3: ['climate/weather data', 'large-scale geostatistical modeling', 'likelihood approximation', 'non-gaussian random field', 'tile low-rank (tlr) approximation'] 

TOP-K 4: ['code-mixed deep representation learning', 'automatic tagging service', 'novel cdr4tag method', 'tag recommendation', 'software information sites', 'code-mixed dual interaction strategy', 'dual-interactive fusion', 'deep semantic correlations', 'software objects', 'joint representation space'] 

Reference 4: ['automatic tagging', 'code snippet', 'interactive information fusion'] 

TOP-K 5: ['semantic-based segmentation', 'medical imaging analysis', 'diagnostic process', 'operational mechanism', 'essential part', 'authors present perspectives'] 

Reference 5: ['deep learning', 'medical imaging', 'optimization techniques', 'semantic segmentation', 'transfer learning'] 

TOP-K 6: ['dense light field reconstruction', 'depth estimation', '3-d imaging', 'quantitative evaluation results', 'important basis'] 

Reference 6: ['a dense reconstruction', 'light field', 'optical flow'] 

TOP-K 7: [['multimodal data fusion'], 'fall detection systems', 'single-modal data', 'user data', 'fall detection model', 'fl system', 'comprehensive information', 'private client', 'critical element'] 

Reference 7: ['data fusion', 'fall detection', 'federated learning', 'iomt', 'multimodal data fusion'] 

TOP-K 8: ['singularity detection', 'singularity detection algorithm', 'well-known attacks', 'real world', 'wide variety'] 

Reference 8: ['adversarial robustness', 'attack detection', 'parameter agnostic classifier', 'presentation attacks', 'singularities'] 

TOP-K 9: ['autonomous robot swarms', ['opaque fat robots'], 'idealistic assumptions', 'mutual visibility problem', 'realistic visibility model', 'visibility models', 'device implementations', 'slim omnidirectional camera.in'] 

Reference 9: ['mutual visibility', 'opaque fat robots', 'robot swarm', 'robots with lights', 'slim omnidirectional camera'] 

TOP-K 10: ['pre-trained af interpolator', 'afi-gan losses', 'adversarial learning', 'recent multi-scale detectors', 'progressive adversarial learning', 'downstream detection tasks', 'multi-scale features'] 

Reference 10: ['adversarial training', 'feature up-sampling', 'multi-scale feature representation', 'object detection'] 

TOP-K 11: ['automated vulnerability assessment approach', 'vulnerability elements', 'vulnerability descriptions', 'vulnerability metrics', 'extract vulnerability elements'] 

Reference 11: ['deep learning', 'mining software repositories', 'multi-class classification', 'vulnerability assessment'] 

TOP-K 12: ['super-resolve lr face images', 'composite network model'] 

Reference 12: ['face super-resolution', 'facial components', 'fsr', 'multi-order head attention', 'prior information', 'transformer'] 

TOP-K 13: ['anomaly detector', 'new classifier', 'higher-quality results', 'true positives', 'second stage', 'observations'] 

Reference 13: ['anomaly detection', 'deep learning', 'false positive mitigation', 'multivariate time series', 'outlier detection', 'predictive maintenance'] 

TOP-K 14: ['ethereum smart-contracts', 'evm bytecode', 'state-of-the-art static analysis-based solutions', 'symbolic execution', 'evm operands', 'jumps address', 'novel approach', 'precise control-flow graph', 'poor accuracy', 'intrinsic complexity'] 

Reference 14: ['ethereum', 'reverse engineering', 'smart-contract', 'static analysis'] 

TOP-K 15: ['pipeline analogy', 'pipeline model', 'analytical equations', 'kernel executions', 'gpu subsystem', 'hardware parameters', 'analytical models', 'models', 'abstract pipeline'] 

Reference 15: ['analytical performance models', 'gpu architecture', 'gpu computing'] 

TOP-K 16: ['cloud computing environments', 'cloud services', ['ddos attack'], 'cloud service providers', 'cloud environments', 'cloud users', 'lengthy response times', 'unpleasant conditions', 'multiple benefits', 'detrimental results'] 

Reference 16: ['cloud security', 'ddos attack', 'interactive method', 'third party auditor', 'threshold-anomaly detection'] 

TOP-K 17: ['ε-dragging technique', 'group l1/2 regularization', 'standard broad learning system', 'network architecture', 'regression targets'] 

Reference 17: ['broad learning system', 'discriminative', 'optimization', 'smoothing group l<sub>1/2</sub> regularization', 'sparsity'] 

TOP-K 18: ['iomt devices', 'multimodal medical data', 'intelligent diagnosis', 'experimental results', 'image data features', 'different modalities', 'fuse data'] 

Reference 18: ['internet of medical things', 'multimodal fusion', 'quantum neural network', 'smart healthcare'] 

TOP-K 19: ['max-sum belief propagation', 'b-matching problem', 'knapsack problem', 'problem', 'optimal perfect demand matching.in', 'perfect demand'] 

Reference 19: ['belief propagation', 'distributed algorithm', 'linear programming dual', 'message passing', 'perfect demand matching'] 

TOP-K 20: ['vision-knowledge fusion model', 'medical standards', 'medical images', ['knowledge graphs'], 'high-quality data', 'domain knowledge graph', 'different diseases', 'general method'] 

Reference 20: ['graph neural network', 'knowledge graph', 'medical report generation', 'multi-modal fusion'] 

TOP-K 21: ['image', 'image fusion', 'novel fusion method', ['collaborative representation'], 'spatial information', 'fusion result', 'geometric structure'] 

Reference 21: ['collaborative representation', 'multi-band remote sensing image', 'pansharpening', 'spectral dependency'] 

TOP-K 22: ['deep learning-based nids', 'edge tpu-based implementation', 'energy-efficient embedded cpu', 'energy efficiency', 'quad-core arm cortex-a53'] 

Reference 22: ['deep learning', 'edge machine learning', 'google edge tpu', 'iot security', 'network intrusion detection systems'] 

TOP-K 23: ['automatic repair techniques', 'solidity smart contracts', 'solidity smart contract projects', 'solidity developers', 'analysis tools', 'real bug fixes', 'actionable implications', 'current approaches'] 

Reference 23: ['bug fix', 'empirical study', 'smart contract', 'solidity'] 

TOP-K 24: ['convolutional neural network', 'spatial double-line dl network', 'dl methods', 'causal and-or graph', 'behavior recognition method', 'behavior patterns', 'causal reasoning ability'] 

Reference 24: ['behavior recognition', 'causal reasoning', 'counterfactual reasoning', 'deep learning network', 'driving distraction detection'] 

TOP-K 25: ['human sarcasm detection', 'multimodal sarcasm detection', 'cross-modal semantic contrast', 'graph neural networks', 'recent research', 'prior knowledge', 'attention mechanisms', 'text data', 'relevant information', 'crucial factors'] 

Reference 25: ['information fusion', 'multimodal learning', 'sarcasm detection'] 

TOP-K 26: ['image fusion approaches', 'different image fusion problems', 'memory loss', 'fusion results', 'single deep network', 'recent years', 'previous output', 'promising performance'] 

Reference 26: ['deep learning', 'general model', 'image fusion', 'memory unit', 'unsupervised learning'] 

TOP-K 27: ['complex multi-label classification methods', ['instance selection'], 'multi-label problems', 'current instance selection methods', 'classification performance', 'execution time', 'extensive comparison'] 

Reference 27: ['instance selection', 'instance-based learning', 'multi-label classification', 'scaling-up'] 

TOP-K 28: ['variant-rich systems', 'long-term goal', 'whole evolution lifecycle', 'detailed benchmarks'] 

Reference 28: ['evaluation', 'generator', 'product lines', 'variants'] 

TOP-K 29: ['various speech-processing tasks', ['speech processing'], 'different deep-learning networks', 'deep learning techniques', 'far-reaching implications', 'new avenues'] 

Reference 29: ['deep learning', 'speech processing', 'survey', 'transformers', 'trends'] 

TOP-K 30: ['covariance descriptor', 'riemannian geometry', 'experimental results', 'eeg signals', 'non-stationary nature', 'discriminative features'] 

Reference 30: ['barycenter', 'discriminative', 'eeg', 'non-stationary', 'riemannian', 'spd matrix'] 

TOP-K 31: ['novel adaptive edge-deleting network', 'aednet', 'unidirectional cross-propagation mechanism', ['subgraph matching'], 'adjacency structure', 'nodes', 'extra edges', 'consistency'] 

Reference 31: ['graph neural network', 'neural matching', 'subgraph matching'] 

TOP-K 32: [['particle filters'], 'scalar measurement case', 'novel particle filter approach', 'homotopy-induced particle flow', 'analytic solution', 'step'] 

Reference 32: ['log-homotopy', 'nonlinear filtering', 'particle filter', 'particle flow', 'state estimation'] 

TOP-K 33: [['software defect prediction'], 'cnn-based classifier', 'multi-channel cnn', 'novel model', 'transformer architecture', 'pretrained language model', 'context-sensitive representations', 'local correlation'] 

Reference 33: ['semantic features', 'software defect prediction', 'transformer'] 

TOP-K 34: ['lfmrl', 'heterogeneous iiot environments', 'shared model', 'drl agent', 'dadr algorithms', 'prior knowledge', 'new environment'] 

Reference 34: ['deep reinforcement learning', 'federated meta learning', 'heterogeneous industrial internet of things', 'lifelong learning', 'resource allocation'] 

TOP-K 35: ['chinese sfid tasks', 'tcm_cls modules', 'reading comprehension', 'multi-source information', ['slot filling'], ['intent detection'], 'recomif network', 'slu task', 'multi-source information fusion network', 'slot semantics', 'multi-turn question answering procedure', 'span extraction', 'hidden representations', 'multiple choice', 'sufficient integration'] 

Reference 35: ['chinese spoken language understanding', 'intent detection', 'machine reading comprehension', 'multi-source information fusion', 'slot filling'] 

TOP-K 36: ['comment quality', 'java code', 'comment quality assessment', ['code comments'], 'qas', 'comments', 'quality attributes', 'source code', 'main qas', ['systematic literature review'], 'studies', 'research questions', 'clear predominance', 'techniques', 'last decade'] 

Reference 36: ['code comments', 'documentation quality', 'systematic literature review'] 

TOP-K 37: ['evm bytecode function entries', 'novel neural network-based framework', 'control flow traversal algorithm', 'handcrafted rules', 'code segments', 'function entry', 'boundaries identification'] 

Reference 37: ['binary analysis', 'control flow traversal', 'ethereum smart contract', 'function identification', 'lstm-crf'] 

TOP-K 38: ['deep neural networks', 'simple self-paced resistance framework', 'corrupted labels', 'memorization effect', 'correct-label data', 'clean validation data', 'corrupt-label samples', 'training samples', 'meaningful supervision', 'confident samples'] 

Reference 38: ['convolutional neural networks', 'model overfitting', 'noisy labels', 'self-paced resistance'] 

TOP-K 39: [['covid-19'], 'rumor outbreaks', 'control interventions', 'number'] 

Reference 39: ['covid-19', 'genetic algorithm', 'kkt', 'nested optimal control', 'rumors'] 

TOP-K 40: ['skeleton trajectories', 'human motion', 'local feature sequences', 'action information'] 

Reference 40: ['human skeleton trajectories', 'human-related anomalous event detection', 'memory module', 'video surveillance', 'wasserstein generative adversarial network with gradient penalty'] 

TOP-K 41: ['clip features', 'state-of-the-art methods', 'linguistic features', 'retrieval performance', 'first time', 'retrieval task', 'remarkable performance'] 

Reference 41: ['clip', 'contrastive learning', 'cross-modal retrieval', 'hashing', 'modality fusion'] 

TOP-K 42: ['urcs', 'urc detection', 'supervised classifiers', 'request comments', 'answer post', 'support future research', 'different aspects', 'first step'] 

Reference 42: ['answer quality', 'classification', 'commenting', 'crowd-sourced knowledge sharing', 'knowledge maintenance and update', 'stack overflow'] 

TOP-K 43: ['cdd', 'testing practices', 'code units', 'size', 'small amount'] 

Reference 43: ['cognitive driven development', 'design techniques', 'software design'] 

TOP-K 44: ['amadeus-exploit', 'vulnerability management tools', 'feature model-based solution', 'vulnerability management experts', 'potential vulnerabilities', 'solution', 'reasoning operations', 'reasoning mechanisms', 'real project', 'complex scenario', 'different ways'] 

Reference 44: ['cybersecurity', 'exploits', 'feature model', 'reasoning', 'vulnerability', 'vulnerable management process'] 

TOP-K 45: ['cctv-like images', 'typical surveillance environments', 'weapon appearance', 'automatic detection', 'combination architecture', 'appearance features', 'body', 'robust detection', 'novel method'] 

Reference 45: ['cctv surveillance', 'false positive filtering', 'handgun detection', 'human pose estimation', 'transformers'] 

TOP-K 46: ['manifold structures', 'global structure preservation', 'lower-dimensional space', 'embedding.manifold learning methods', 'quality assessment', 'important traits'] 

Reference 46: ['anisotropic scaling', 'global scaling', 'gradient descent', 'kolmogorov-smirnov test', 'manifold learning', 'singular value decomposition'] 

TOP-K 47: ['machine learning', 'well-designed natural language explanations', 'black box system', 'debugging tool', 'fault prediction tool', ['explanations'], 'spreadsheet users', 'certain spreadsheet cells', 'users', 'research gap', 'different forms'] 

Reference 47: ['explainable ai', 'explanations', 'fault prediction', 'spreadsheets', 'user study'] 

TOP-K 48: ['degeneration mapping model', 'low-rank tensor constraint', 'multiple feature representations', 'multiple subspace representations', 'feature representation', 'multiple views', ['consensus information'], ['complementary information'], 'important issue', 'sufficient information'] 

Reference 48: ['complementary information', 'consensus information', 'multi-view representation learning', 'unsupervised multi-view learning'] 

TOP-K 49: ['bi-objective next release problem', 'interactions inclusion', 'requirements interactions impact', 'time restrictions', 'reference pareto front', 'solutions', 'large number'] 

Reference 49: ['estimation of distribution algorithms', 'next release problem', 'requirements interactions', 'software requirements'] 

TOP-K 50: ['data clustering', 'efficient way', 'effective features'] 

Reference 50: ['clustering', 'hierarchical nearest neighbor descent', 'in-tree', 'mass cytometry'] 

TOP-K 51: ['landmark-based indoor positioning technologies'] 

Reference 51: ['indoor positioning', 'landmark', 'multisource-based technologies', 'sensor data', 'visual image', 'wireless signal'] 

TOP-K 52: ['classification tree ensembles', ['tree ensembles'], 'post-hoc interpretation approach', 'base trees', 'extracts simple rules'] 

Reference 52: ['ensemble learning', 'ensemble simplification', 'explainable artificial intelligence', 'interpretable machine learning', 'rule extraction', 'tree ensembles'] 

TOP-K 53: [['gait relative attributes'], 'uncertainty-aware estimation framework', 'differentiable annotator-independent uncertainty layer', 'cumulative distribution functions', 'relative attribute label distribution', 'absolute distributions'] 

Reference 53: ["annotator's uncertainty", 'gait relative attribute', 'relative label distribution', 'relative score distribution', 'transition matrix'] 

TOP-K 54: ['microservices security practices', 'microservices systems', 'security issues', 'microservices practitioners', 'catalog', 'valuable resource'] 

Reference 54: ['empirical study', 'microservice', 'practice', 'practitioners', 'security'] 

TOP-K 55: ['exadroid', 'test cases', 'misexposure prediction', 'testing strength', 'complexity analysis', 'trigger many unique crashes'] 

Reference 55: ['android application', 'combinatorial testing', 'exported activity', 'robustness evaluation', 'static analysis'] 

TOP-K 56: ['mvnc', 'crowdsourced data'] 

Reference 56: ['crowdsourcing learning', 'instance selection', 'multi-view', 'noise correction'] 

TOP-K 57: ['new heterogeneous runtime solution', 'data-dependency analysis', 'generic i/o operations', 'state-of-the-art implementations', 'device computations', 'host tasks', 'efficiency', 'good balance'] 

Reference 57: ['asynchronous operations', 'events', 'gpus', 'heterogeneous programming', 'parallel programming'] 

TOP-K 58: [['image fusion'], 'multi-state model', ['soft context variable'], 'non-subsampled shearlet', 'fine-grained representation', 'fusion results.in'] 

Reference 58: ['contextual hidden markov model', 'image fusion', 'multi-state', 'non-subsampled shearlet transform', 'soft context variable'] 

TOP-K 59: ['multimodal ml models', ['feature-based explanations'], 'multiple data modalities', ['complexity'], 'novel approach', 'overall number'] 

Reference 59: ['complexity', 'explainable ai', 'feature-based explanations', 'multimodal', 'shap', 'uncertainty quantification'] 

TOP-K 60: ['hemiplegic gait', 'hemiplegia gait', 'inertial measurement units', 'quantitative analysis', 'rehabilitation training', 'evaluation method', 'guide patients'] 

Reference 60: ['body sensor network', 'dynamic time warping (dtw)', 'gait analysis', 'hemiplegia', 'multi-sensor fusion'] 

TOP-K 61: [['machine translation'], ['semi-supervised learning'], 'state-of-the-art approaches', 'fusion method', 'multi30k dataset', 'experimental results', 'promising performance'] 

Reference 61: ['machine translation', 'multimodal alignment', 'multimodal fusion', 'semi-supervised learning'] 

TOP-K 62: ['weak curvilinear structures', 'geodesic models', 'nonlocal smoothness property', 'unsolved problem', 'local appearance features', ['coherence penalization'], 'complicated scenarios', 'vessel detector', 'great advances', 'quantitative measure'] 

Reference 62: ['coherence penalization', 'curvature-penalized geodesics', 'curvilinear structures', 'local bending constraint', 'retinal vessels'] 

TOP-K 63: ['top-n recommendation', 'autoencoder latent features', ['group influence'], 'adversarial learning', 'address sparse data'] 

Reference 63: ['autoencoder', 'deep learning', 'group decision-making', 'group influence', 'recommender system'] 

TOP-K 64: [['cooperative game theory'], 'virtual machines', 'concurrent agent-based problem-solving technique', 'coalitional games', 'workload imbalances', 'live migration', 'data center', 'physical hosts', 'associated network overhead', 'nearby agents', 'separate sections'] 

Reference 64: ['cloud computing', 'cloud data centers', 'cooperative game theory', 'intelligent agents', 'load balancing'] 

TOP-K 65: ['state-of-the-art strategies', 'novel ensemble approach', 'multivariate framework', 'conventional methods'] 

Reference 65: ['deep learning', 'ensemble learning', 'machine learning', 'multivariate prediction', 'time-series forecasting'] 

TOP-K 66: ['internal quality issues', ['technical debt'], 'management issues', 'previous technical compromises', 'td', 'maintenance effort'] 

Reference 66: ['technical debt', 'technical debt management', 'technical debt payment'] 

TOP-K 67: ['parma-cc algorithms', 'latency improvements', 'respective geometrical summaries', 'data volumes', 'leverage approximation'] 

Reference 67: ['approximation', 'data structures', 'parallel clustering', 'synchronization'] 

TOP-K 68: ['mstil', 'imbalance plot2api learning', 'average relative map improvement', 'major components'] 

Reference 68: ['api recommendation', 'data augmentation', 'data visualization', 'semantic similarity', 'transfer learning'] 

TOP-K 69: [['live streaming'], 'educational live streaming', 'game development streamers', ['developer communities'], 'programming skills', 'research efforts'] 

Reference 69: ['collaborative learning', 'developer communities', 'gaming communities', 'live coding', 'live streaming', 'online education'] 

TOP-K 70: ['label noise', 'web-supervised fine-grained datasets', 'memorization effect', 'ms-dejor yields state-of-the-art performances', 'extensive experiments'] 

Reference 70: ['fine-grained', 'noisy web data', 'robust learning', 'web-supervised'] 

TOP-K 71: ['ai', 'machine learning', 'machine learning operations', 'continuous pipelines', 'continuous delivery', 'lifecycle management', 'in-depth analysis', 'continuous integration', 'development process', 'active research area'] 

Reference 71: ['ci/cd for ai', 'continuous (end-to-end) lifecycle pipeline for ai', 'continuous development of ai', 'devops for ai', 'mlops', 'multivocal literature review'] 

TOP-K 72: [['finite mixture models'], 'covariance matrices', 'mixture components', 'high number', 'vast majority', 'moderate number'] 

Reference 72: ['finite mixture model', 'model-based clustering', 'non-compact clusters', 'regression', 'variable selection'] 

TOP-K 73: ['game-theoretical framework', 'network agents', 'competitive opinion dynamics', 'switching topology', 'marketing resources', 'agents', 'social interactions', 'marketing behaviors'] 

Reference 73: ['competition', 'consensus', 'opinion dynamics', 'switching networks', 'targeted marketing'] 

TOP-K 74: ['synchronous holo-balancing method', 'flexible rotors', 'holospectrum technique', 'standard balancing method', 'initial phase vector', 'balancing object'] 

Reference 74: ['holospectrum', 'modified initial phase vector', 'multi-sensor information fusion', 'rotor system', 'synchronous holo-balancing', 'vibration'] 

TOP-K 75: ['global feature maps', 'global embedding', 'comprehensive global embedding', 'naive classification model', 'poor evaluation performance', 'novel baseline network', 'local regions', 'discriminative local region', 'strong global feature'] 

Reference 75: ['baseline', 'comprehensive', 'person re-identification'] 

TOP-K 76: ['context-sensitive dpor', 'optimal context-sensitive dpor', 'conditional independence', 'optimal dpor', 'current state', 'future events', 'new algorithm', 'conditional notions', 'recent progress', 'observers', 'p ⋅', 'accurate ways'] 

Reference 76: ['concurrent programs', 'partial order reduction', 'software verification', 'stateless model checking'] 

TOP-K 77: ['optimal fog application placement', 'cloud-to-thing continuum', 'application characteristics', 'placement decisions', 'application placement mechanism', 'application'] 

Reference 77: ['application placement', 'fog computing', 'resource management', 'service placement'] 

TOP-K 78: ['nsga-ii algorithm-based optimization methods', 'early offloading decisions', 'energy consumption', 'extensive simulation results'] 

Reference 78: ['computation offloading', 'edge computing', 'latency and energy consumption', 'multi-objective optimization'] 

TOP-K 79: ['orthogonal sparse projections'] 

Reference 79: ['classification', 'feature extraction', 'joint sparsity', 'linear discriminant analysis', 'pattern recognition'] 

TOP-K 80: ['policy fusion', 'policy fusion method', 'conditional variational autoencoder', 'pseudo-expert decisions', 'different sensors'] 

Reference 80: ['autonomous driving', 'multi-modal policy fusion', 'reinforcement learning', 'robust fused policy'] 

TOP-K 81: ['bluetooth-based fingerprinting', 'indoor localisation prediction', 'accurate indoor localisation systems', ['convolutional neural networks'], 'present work', 'great potential', 'novel technique'] 

Reference 81: ['convolutional neural network', 'fingerprinting localisation', 'image blurring technique', 'image generation', 'indoor positioning', 'metaheuristic algorithm optimisation'] 

TOP-K 82: ['low-rank optimization', 'sparse matrices', 'unsupervised feature extraction', ['subspace clustering'], 'double low-rank representation', 'highly-informative entailment', 'p ≤', 'state-of-the-art methods.low-rank representation', 'nuclear norm', 'superior performance', 'effective solution'] 

Reference 82: ['feature extraction', 'low-rank representation', 'schatten-p norm', 'subspace clustering'] 

TOP-K 83: ['openmp multi-threaded applications', 'openmp multi-threaded monitoring infrastructures', 'anthropomorphic diagnosis framework', ['hidden behaviors'], 'noisy data'] 

Reference 83: ['heartbeat', 'hidden behaviors', 'high performance computing', 'machine learning', 'openmp'] 

TOP-K 84: [['non-cooperative behaviors'], 'social network analysis', 'budget-constrained consensus framework', 'non-linear optimization models', 'minimum group conflict', 'feasible budget constraint'] 

Reference 84: ['budget constraint', 'consensus reaching process', 'group decision-making', 'minimum conflict consensus', 'non-cooperative behaviors'] 

TOP-K 85: [['graph neural networks'], 'financial commodities', 'graph representation', 'volatility prediction'] 

Reference 85: ['graph neural network', 'relational network', 'robo-advisor'] 

TOP-K 86: ['fusion estimation error', 'robust recursive optimization approach', 'fusion criterion', ['nonlinear disturbances'], 'square errors', 'stability conditions'] 

Reference 86: ['bounded recursive optimization', 'distributed fusion estimation', 'event-triggered', 'multi-rate systems', 'nonlinear disturbances'] 

TOP-K 87: [['zernike moments'], 'experimental results', 'computational efficiency', 'significant obstacles'] 

Reference 87: ['fast computation', 'gpu', 'image reconstruction', 'zernike moments'] 

TOP-K 88: ['state-of-the-art hoeffding adaptive tree', 'j48 decision trees', 'enhat', 'j48 trees', 'algorithm', 'benchmark streaming datasets', 'single j48 model', 'hat', ['concept drift'], 'predictive accuracy', 'synthetic datasets', ['data stream'], 'adaptive tree', 'ensemble', 'sequential chunks'] 

Reference 88: ['concept drift', 'data streams', 'ensemble learning', 'hoeffding adaptive tree', 'online learning'] 

TOP-K 89: ['feature selection ensemble methods', 'state-of-the-art feature selection', 'clustering task', 'clustering level', 'extensive experiments', 'feature level'] 

Reference 89: ['clustering ensemble', 'ensemble learning', 'feature selection'] 

TOP-K 90: ['supervised-unsupervised combined fusion network', 'high-fidelity pansharpening', 'ms label image', 'spectral fidelity'] 

Reference 90: ['convolutional neural networks (cnn)', 'high fidelity', 'image fusion', 'pansharpening', 'unsupervised learning'] 

TOP-K 91: ['generative model', ['meta learning'], 'fsl', 'fsl approaches', 'discriminative model', 'extensional topics', 'evolution history', 'current progress'] 

Reference 91: ['few sample learning', 'few-shot learning', 'learn to learn', 'meta learning', 'survey'] 

TOP-K 92: ['lévy flight trajectory', 'novel k-means clustering algorithm', ['lévy flight'], 'lk-means algorithm', 'iterative process', 'new positions', 'premature convergence'] 

Reference 92: ['clustering centroids', 'global search', 'k-means algorithm', 'local optimization', 'lévy flight'] 

TOP-K 93: ['vm performance-aware vmm method', 'vm performance', 'multi-objective optimization problem', 'cloud service providers', 'active pms', 'total migration cost', 'users'] 

Reference 93: ['ant colony optimization', 'cloud', 'virtual machine migration', 'vm performance model'] 

TOP-K 94: [['adversarial patches'], 'state-of-the-art attack', 'dataset', 'transferable patches', 'benchmark machine-learning models'] 

Reference 94: ['adversarial machine learning', 'adversarial patches', 'defense', 'detection', 'neural networks'] 

TOP-K 95: [['subspace clustering'], 'computer vision', 'corrupted entries', 'pattern recognition', 'small weights', 'data point', 'many applications', 'much attention'] 

Reference 95: ['robust representation', 'sparse', 'subspace clustering'] 

TOP-K 96: [['topology contexts'], 'novel path-based method', 'framework ftl-lm', ['language models'], ['logical rules'], 'variational em algorithm', 'soft logical rule', 'variational expectation'] 

Reference 96: ['information fusion', 'knowledge graph completion', 'language model', 'logical rule', 'topology context'] 

TOP-K 97: ['adaptive graph fusion mechanism', 'non-graph approaches', 'consensus graph.graph-based multi-view clustering', 'various views', 'complementary information'] 

Reference 97: ['graph clustering', 'high-order information', 'multi-view learning'] 

TOP-K 98: ['multi-descriptor matching', 'permutation synchronization', ['cycle consistency'], 'global optimization-based approaches', 'novel cycle consistency model', 'feature domain', 'previous work', 'useful information', 'novel extension'] 

Reference 98: ['3d reconstruction', 'cycle consistency', 'multi-descriptor fusion', 'multi-image matching'] 

TOP-K 99: ['quantum averaging operator', 'quantum average', 'quantum average combination rule', 'representative average-based combination methods', 'evidence', 'example idempotency', 'uncertain information fusion', 'many basic properties', ['mass functions'], 'new rule', 'new characters', 'rational approach', 'multiple pieces'] 

Reference 99: ['dempster–shafer evidence theory', 'information fusion', 'mass function', 'quantum probability'] 

TOP-K 100: ['phase-field-dnn model', 'phase-field model', 'mnist handwritten digit data', 'multi-classification problems', 'dnn model', 'binary classification', 'experimental data', 'numerical experiment', 'classification accuracy', 'classification method', 'classification results'] 

Reference 100: ['classification', 'dnn', 'phase-field', 'phase-field-dnn'] 

TOP-K 101: ['state-of-the-art repair tools', 'initial data fusion problem', 'empirical results', 'several orders'] 

Reference 101: ['data fusion', 'data quality', 'edit rules', 'functional dependencies', 'key constraints'] 

TOP-K 102: ['self-paced pca', 'dimensionality reduction', 'feature extraction', 'novel method', 'outliers.principal component analysis'] 

Reference 102: ['dimension reduction', 'manifold learning', 'outliers'] 

TOP-K 103: ['extreme flow decomposition technique', ['network coding'], 'intra-session network', 'linear programming', 'novel formulation', ['online algorithms']] 

Reference 103: ['approximation algorithm', 'extreme flow', 'multicast', 'network coding', 'online algorithm'] 

TOP-K 104: [['classifier pool generation'], 'classifier decision spaces', 'two-level strategy', 'data complexity', ['diversity'], 'data subsets', 'pool members', 'novel method', 'different difficulties'] 

Reference 104: ['classifier pool generation', 'data complexity measures', 'diversity'] 

TOP-K 105: [['graph convolution network'], 'semi-supervised learning scenario', 'clustering embedding layer', 'clustering task', ['representation learning'], 'common representations', ['consensus regularization'], 'structural information', 'correlation', 'samples'] 

Reference 105: ['consensus regularization', 'graph convolutional network', 'multi-view clustering', 'representation learning'] 

TOP-K 106: ['inplacetp', 'vm migration-based hypervisor transplant', 'migrationtp', 'hypervisor cluster', 'known unpatched hypervisor vulnerabilities', 'generic framework', 'unified way'] 

Reference 106: ['hypervisor compatibility', 'hypervisor transplant', 'live patching', 'live update', 'virtualization'] 

TOP-K 107: ['fusion methodology', 'fusion solution', 'information sources', 'scaling parameter', 'present work', 'tightness', 'consistency'] 

Reference 107: ['covariance intersection', 'cross correlation', 'mutual information', 'sensor fusion'] 

TOP-K 108: ['csx data', 'bayesian neural networks', 'monte carlo', 'bayesian experts', 'mobe', 'binarized multi-gate mixture', 'novel mixture-of-experts', 'uncertainty quantification stage', 'effective ensemble technique'] 

Reference 108: ['bayesian neural networks (bnns)', 'cardiac syndrome x (csx)', 'cardiovascular disease (cvd)', 'deep learning', 'mixture of experts (moe)', 'uncertainty quantification (uq)'] 

TOP-K 109: ['test cases', 'asset management', 'asset degradation concepts'] 

Reference 109: ['asset management in software engineering', 'assets for software-intensive products or services', 'assets in software engineering', 'taxonomy'] 

TOP-K 110: ['high-order semantic features', 'multimodal data', 'adversarial feature learning', 'lidar data', 'complementary discriminative information', 'accurate classification result', 'unsupervised manner'] 

Reference 110: ['adversarial learning', 'feature fusion', 'hyperspectral image', 'light detection and ranging', 'multimodal data classification'] 

TOP-K 111: ['behavioural analysis methods', 'behavioural guidance', ['smart home'], 'robust behavioural analysis technology'] 

Reference 111: ['behavioural analysis', 'hidden markov model', 'probabilistic model checking', 'smart home'] 

TOP-K 112: ['multi-criteria sngdm problems', ['stochastic multicriteria acceptability analysis'], 'multi-criteria sngdm', 'smaa-based method', 'fuzzy preference relations', 'decision matrices', ['manipulative behaviors']] 

Reference 112: ['consensus reaching process', 'manipulative behavior', 'social network group decision making', 'stochastic multicriteria acceptability analysis'] 

TOP-K 113: ['alternative rankings', 'decision-making problems', 'decision analysis', 'multiple criteria', 'machine learning.multi-criterion decision making', 'historical data', 'preference information'] 

Reference 113: ['bibliometrics', 'information fusion', 'literature review', 'machine learning', 'multi-criterion decision making'] 

TOP-K 114: ['unique preference relation'] 

Reference 114: ['classification', 'large scale group decision making', 'natural language processing', 'sentiment analysis'] 

TOP-K 115: ['qiskit bugs', 'quantum programs', 'test cases', 'stack exchange', 'testing methods', 'popular platforms', 'buggy behaviors', 'suitable bug benchmark suite'] 

Reference 115: ['bug benchmark suite', 'bugs4q', 'quantum program debugging', 'quantum software testing'] 

TOP-K 116: [['mixed precision'], 'fault-prone hpc platforms', 'severe sdes', 'qualitative survey', 'use'] 

Reference 116: ['fault injection', 'floating-point unit', 'hardware reliability', 'high-performance computing', 'mixed precision'] 

TOP-K 117: ['three-dimensional turbulent flows', 'ad-hoc parallel computing platforms', 'multi-node clusters', 'four-layered parallel algorithm', 'turbulent flow simulations', 'super-linear speedup', 'computational hardware', 'significant size'] 

Reference 117: ['implicit lusgs', 'message passing', 'parallel code', 'scalability', 'unstructured grid'] 

TOP-K 118: ['multi-objective optimization-based image registration', ['thermal images'], 'affine parameters', 'angular distance', 'new algorithm', 'linear distance', 'objective function', 'contemporary registration methods'] 

Reference 118: ['image registration', 'multi-objective optimization', 'multimodal imaging', 'thermal imaging'] 

TOP-K 119: ['visual gait sequences', 'codebook-based approaches', 'state-of-the-art recognition results', 'good practices', 'comprehensive study', 'performance comparison', 'extensive evaluation'] 

Reference 119: ['bag-of-visual-words', 'biometrics', 'codebook', 'gait', 'person recognition', 'visual surveillance'] 

TOP-K 120: ['gaussian copula theory', 'color-textured image retrieval', 'mgγd', 'color components', 'statistical dependence structure', 'novel method', 'dual-tree complex wavelet'] 

Reference 120: ['color texture retrieval', 'gaussian copula', 'geodesic distance', 'graph theory', 'manifolds', 'wavelet transforms'] 

TOP-K 121: ['gnss half-open-sky', 'precise point positioning', ['urban environments'], 'vision/lidar integration method', 'sub-meter level', 'inertial navigation system', 'difficult environments', 'lidar integration', 'reliable navigation'] 

Reference 121: ['mems-imu', 'multi-gnss ppp', 'multi-sensor fusion', 'tightly coupled integration', 'urban environments'] 

TOP-K 122: ['scholarly paper review', 'research evaluation', ['academic publishing'], 'pivotal role', 'relevant literature'] 

Reference 122: ['academic publishing', 'artificial intelligence', 'automated scholarly paper review', 'natural language processing', 'peer review'] 

TOP-K 123: [['few-shot learning'], 'data limitation problem', 'model', 'samples', 'several works'] 

Reference 123: ['distribution estimation', 'few-shot learning', 'transductive learning'] 

TOP-K 124: [['workload simulation'], 'log-based workload simulation', 'privacy concerns', 'session-based systems', 'reasonable intervention', 'intervenable workload simulation'] 

Reference 124: ['aiops', 'behavior model', 'intensity modeling', 'workload simulation'] 

TOP-K 125: ['rdma queue features', 'graph processing workload', 'efficient parallelism-oriented control', 'graph iterations', 'parallel graph data', 'multi-threading processing', 'memory efficiency', 'memory architecture', 'memory coordination strategy', 'memory access'] 

Reference 125: ['far memory', 'graph processing', 'rdma'] 

TOP-K 126: ['color-depth cross-attention module', 'impactful boundary preservation', 'color image', 'color-depth consistency features', 'depth features'] 

Reference 126: ['depth image', 'hybrid-cross guidance', 'joint image filter', 'space-aware group-compensation', 'super-resolution'] 

TOP-K 127: ['wikides', 'wikipedia articles', 'short paragraphs', ['text summarization'], 'short descriptions', 'novel dataset', 'related works', 'useful dataset', 'salient information'] 

Reference 127: ['contrastive learning', 'metric fusion', 'sentiment analysis', 'text summarization', 'wikidata', 'wikipedia'] 

TOP-K 128: ['acoustic communication system', ['attitude estimation'], 'inertial measurement unit', 'multi-source information', 'obstacle avoidance sensor array', 'looking-down camera', ['obstacle avoidance'], 'orientation errors', 'pressure sensor array', 'angle errors', 'depth sensor', 'velocity errors'] 

Reference 128: ['attitude estimation', 'bpnn method', 'multi-source information fusion (msif)', 'obstacle avoidance', 'positioning', 'spherical underwater robots (surs)'] 

TOP-K 129: ['multimodal sentiment analysis', 'msa', 'machine learning', 'deep learning', 'multiple modalities', 'multimodal feature extraction', 'sentiment polarity detection', 'important research area', 'error rate', 'various stages'] 

Reference 129: ['affective computing', 'fusion techniques', 'multimodal fusion', 'sentiment analysis'] 

TOP-K 130: [['human aspects'], ['software engineering'], 'evidence-based approaches', 'researchers', 'study', 'practitioners', 'current state', 'software engineering.context', 'comprehensive catalogue'] 

Reference 130: ['human aspects', 'quality assessment', 'secondary study', 'software engineering', 'tertiary study'] 

TOP-K 131: ['vsusfl', 'fault localization performance', 'variable-based fault localization', 'spectrum-based fault localization', 'experimental results', 'top-5 metrics', 'different programs', 'strategic integration', 'weak correlation'] 

Reference 131: ['fault localization', 'novice programs', 'sequence mapping', 'variable value sequence'] 

TOP-K 132: ['linguistics-to-vision heterogeneous graph', 'vision-to-vision homogeneous graph', 'graph learning strategies', 'htg', 'proper semantic alignment', 'visual feature'] 

Reference 132: ['graph learning', 'relation-aware attention', 'video captioning'] 

TOP-K 133: ['academic research', 'collaborative mdse', 'collaborative mdse focus', 'industry practices', 'available systematic studies', 'needs'] 

Reference 133: ['collaborative software engineering', 'industry survey', 'model-driven engineering'] 

TOP-K 134: ['single-modality features', ['breast tumor classification'], 'novel dual parallel-attention module', 'novel triple-attention interaction network', 'diffusion-weighted imaging', 'apparent dispersion coefficient', 'channel attention', 'discriminative ability'] 

Reference 134: ['breast tumor classification', 'intra-modality interaction', 'multi-modality fusion', 'triple inter-modality interaction'] 

TOP-K 135: ['re-ranking algorithms', 'ranking strategies', 'prediction results', 'prediction tasks.several approaches', 'customizable framework', 'relevant rankings'] 

Reference 135: ['manifold', 'prediction', 're-ranking', 'regression', 'unsupervised learning'] 

TOP-K 136: [['temporal convolutional networks'], 'temporal convolutional neural network', 'recurrent neural networks', 'code statement sequences', 'source code', 'corresponding abstract syntax tree', 'representations', 'complexity features', 'parallel manner'] 

Reference 136: ['abstract syntax tree', 'code clone detection', 'code representation', 'temporal convolutional network'] 

TOP-K 137: ['cptwsvm', 'multiclass classification problems', 'conditional probability function', 'twin svms', 'new twin svm model', 'empirical risk', 'corresponding probability estimate', 'inconsistent measurement'] 

Reference 137: ['binary classification', 'conditional probability', 'multiclass classification', 'support vector machine', 'twin support vector machines'] 

TOP-K 138: ['har algorithm', 'multienvironment sensor data', 'daily behavior recognition', 'spatial distance matrix', ['environmental sensors'], 'data noise'] 

Reference 138: ['data constraint', 'environmental sensor', 'human activity recognition', 'neural network', 'smart home'] 

TOP-K 139: [['multi-source medical examination data'], 'intelligent pneumonia diagnosis', 'reliable collaborative fusion', 'reliable fusion', 'surface array', 'new concept', 'pneumonia diagnosis', 'precise conclusions'] 

Reference 139: ['collaborative fusion', 'lattice curved surface array', 'multi-source medical examination data', 'precise pneumonia diagnosis', 'reliability evaluation'] 

TOP-K 140: [['graph neural networks'], 'energy-efficient speech reconstruction', 'state-of-the-art cca-gnn', ['canonical correlation analysis'], 'frame-based av cca-gnn', 'novel multimodal self-supervised architecture', 'speech enhancement', 'benchmark chime3 dataset', 'multilayer perceptron', 'temporal context', 'feature learning'] 

Reference 140: ['canonical correlation analysis', 'graph neural networks', 'multimodal learning', 'positional encoding', 'prior frames neighborhood'] 

TOP-K 141: ['tools', 'valid candidates', 'practitioners', 'hard time finding', 'excessive number'] 

Reference 141: ['chatgpt', 'multivocal literature review', 'open tracing tool', 'telemetry'] 

TOP-K 142: ['generating cps runtime monitors', 'grum', ['runtime monitoring'], 'turtlebot robots', 'model-driven techniques', 'unmanned aerial vehicles', 'different systems', 'monitoring platform'] 

Reference 142: ['cyber-physical systems', 'model-driven engineering', 'runtime monitoring'] 

TOP-K 143: [['multi-view unsupervised feature selection'], 'processing high-dimensional multi-view datasets', 'much attention'] 

Reference 143: ['low-rank tensor learning', 'multi-view unsupervised feature selection', 'robust sparse regression model', 'spectral embedding'] 

TOP-K 144: ['large-scale few-shot learning', 'many-shot datasets', 'many-shot categories', 'limited positives', 'relevant semantic/visual knowledge', 'visual relations', 'outside data', 'promising direction'] 

Reference 144: ['few-shot image', 'knowledge transfer', 'recognition'] 

TOP-K 145: ['multilingual lda models', 'enriched lda', 'off-the-shelf bilingual lda', 'two-layer lda'] 

Reference 145: ['lda', 'logs', 'multilingual lda', 'technical support', 'topic models'] 

TOP-K 146: ['model-driven engineering approach', 'nosql databases', ['model transformations'], 'software applications', 'big data', 'traditional databases', 'software requirement changes', 'conceptual model', 'conceptual model.in recent years'] 

Reference 146: ['consistency', 'evolution', 'mde', 'model transformation', 'nosql', 'software requirements'] 

TOP-K 147: ['fca algorithms', 'recursion tree'] 

Reference 147: ['distributed', 'formal concept analysis', 'resilient', 'scalable'] 

TOP-K 148: [['multi-view representation learning'], 'different views/samples', 'information redundancy', 'task performance', 'different views', 'dynamic weights', 'multiple data information', 'high-dimensional samples.multi-view representation', 'equal importance'] 

Reference 148: ['instance-wise selection', 'multi-view representation learning', 'view-shared', 'view-specific'] 

TOP-K 149: ['brain disease classification', 'brain network similarity', ['optimal transport'], 'pyramid graph kernel', 'brain disease', 'extensive experiments'] 

Reference 149: ['autism spectrum disorder', 'brain network', 'fmri', 'graph kernel', 'optimal transport'] 

TOP-K 150: [['software development'], 'knowledge', 'team environment'] 

Reference 150: ['agile software development', 'grounded theory', 'knowledge management', 'knowledge-based resources', 'software development'] 

TOP-K 151: ['quaternion space', 'quaternion sparse entries', 'distinct entries', 'adaptive manner.sparse representation'] 

Reference 151: ['quaternion sparse representation', 'supervised learning', 'weight learning'] 

TOP-K 152: ['ensemble effort estimation', ['software effort estimation'], 'ensemble dynamic selection', 'prediction tasks', 'individual methods'] 

Reference 152: ['machine learning', 'software effort estimation', 'software engineering', 'systematic literature review, ensemble effort estimation'] 

TOP-K 153: ['mri-based brain tumor segmentation', ['deep learning'], 'brain cancer characterization', ['statistical modeling'], 'probabilistic deep learning models', 'brain imaging research'] 

Reference 153: ['brain tumor segmentation', 'deep learning', 'medical imaging', 'probabilistic deep learning', 'statistical modeling'] 

TOP-K 154: ['ha2ctmf', 'cloudarmor dataset', 'sybil attacks', 'malicious feedbacks', 'cloud service providers', 'trust service', 'availability parameters'] 

Reference 154: ['cloud customer reviews', 'fake feedback detection', 'qos performance', 'reputation management', 'trust management model'] 

TOP-K 155: ['multi-view spectral clustering', 'mvsc', 'multi-order similarity learning', 'hidden multi-order similarity', 'novel multi-order similarity', 'pairwise data points', 'different data points', 'direct similarity', 'proposed.this paper'] 

Reference 155: ['graph learning', 'multi-order similarity', 'multi-view clustering', 'spectral clustering', 'tensor'] 

TOP-K 156: [['incomplete multi-view clustering'], 'topological graph construction', 'high-order uncertain correlation enhancement', 'incomplete multi-view data', 'topological structure', 'pairwise similarity measurement', 'affinity matrices', 'feature completion'] 

Reference 156: ['incomplete multi-view clustering', 'low-rank tensor approximation', 'similarity completion', 'topological graph clustering'] 

TOP-K 157: ['software testing students', 'gamification experience', 'students', ['performance']] 

Reference 157: ['empirical study', 'engagement', 'gamification', 'performance', 'software testing', 'test effectiveness'] 

TOP-K 158: ['edge artifacts enhancement modules', 'convolutional neural networks', 'original rgb images', 'local visual artifacts', 'noise maps', 'subtle edge artifacts', 'local noise features', 'edge supervision strategy', 'emt-net extracts'] 

Reference 158: ['edge artifact enhancement', 'edge supervision', 'image manipulation detection', 'transformer'] 

TOP-K 159: ['bsns', 'cross-domain information fusion scenarios', 'transfer fusion framework', ['information fusion'], 'multidomain deviation', 'universal solution'] 

Reference 159: ['body sensor networks', 'domain adaptation', 'information fusion', 'transfer learning', 'wearable device'] 

TOP-K 160: ['multi-task learning', 'real-world applications', 'recent concerns', 'several related tasks', 'different applications', 'robust models', 'unstable outcomes', 'previous works coefficients'] 

Reference 160: ['bayesian estimation', 'deep learning', 'hyper-parameter tuning', 'multi task learning', 'particle filter', 'uncertainty'] 

TOP-K 161: ['soc estimation algorithm', 'soc estimation', 'experimental examples'] 

Reference 161: ['distributed filtering', 'dynamic event-triggering', 'lithium-ion batteries', 'random sensor failure', 'sensor networks', 'state-of-charge estimation'] 

TOP-K 162: ['federated contrastive learning', 'federated learning algorithms', 'medical image classification', 'extensive experiments'] 

Reference 162: ['contrastive learning', 'federated learning', 'image classification'] 

TOP-K 163: [['transformer networks'], 'bidirectional transformers', 'people', 'first in-depth study', 'individual motion', 'social context', ['trajectory forecasting'], 'motion patterns', 'systematic study', 'whistles.transformer networks'] 

Reference 163: ['bert', 'human behavior', 'multi-modal future prediction', 'trajectory forecasting', 'transformer networks'] 

TOP-K 164: [['deep learning'], 'state-of-the-art unimodal regularisation methods', 'loss function', 'performance metrics', 'experimental validation', 'nominal classification tasks', 'benchmark datasets', 'ordinal classification', 'baseline approach'] 

Reference 164: ['deep learning', 'ordinal loss', 'triangular distribution', 'unimodal regularisation'] 

TOP-K 165: ['self-supervised multi-task learning', 'multimodal sentiment analysis method', 'unimodal tasks', 'multilevel correlation mining', 'multimodal sentiment analysis task', 'self-supervised label generation module', 'multimodal task', 'visual tasks', 'sentiment labels'] 

Reference 165: ['linguistic-guided transformer', 'multimodal sentiment analysis', 'self-supervised label generation', 'unimodal feature fusion'] 

TOP-K 166: ['sensor fusion approach', 'roll', 'magnetic information', 'magnetic disturbances', 'coupling mechanism', 'dynamic orientation estimation accuracy', 'pitch estimates'] 

Reference 166: ['decoupled sensor fusion approach', 'extended kalman filter', 'orthogonal observation references', 'pose feedback', 'quaternion'] 

TOP-K 167: ['deep hypersphere classifiers', 'class acceptance regions', ['open set recognition'], 'compact hypersphere models', 'deep feature representations', 'novel methods', 'learnable parameters'] 

Reference 167: ['anomaly detection', 'deep learning', 'hypersphere classifier', 'open set recognition'] 

TOP-K 168: ['random augmentations', 'nearest-neighbor mining', 'sample pairs', 'effective sample pairs construction', 'contrastive clustering', 'positive sample pairs', 'previous works', 'semantic information'] 

Reference 168: ['contrastive learning', 'deep clustering', 'nearest neighbor', 'representation learning'] 

TOP-K 169: ['extendedsketch', 'reversible sketch', ['super host identification'], ['network host trust evaluation'], 'state-of-the-art sketches', 'experimental results', 'accurate host cardinality estimation', 'accurate host trust evaluation', 'novel memory'] 

Reference 169: ['memory efficient', 'network host trust evaluation', 'network traffic measurement', 'sketch', 'super host identification'] 

TOP-K 170: ['serverless solutions', 'challenges', 'component reuse', 'faas model', 'software development', 'cloud solutions', 'different platforms', 'slow adoption', 'last years', 'number'] 

Reference 170: ['cloud computing', 'faas', 'serverless'] 

TOP-K 171: ['dimensionality reduction techniques', 'architectural analysis techniques', 'machine learning pipelines', 'design decisions', 'extra-functional properties', 'decision tree learning', 'quantitative guarantees', 'quality requirements', 'architects', 'principal component analysis', 'satisfaction', 'design space', 'recent developments', 'link design decisions'] 

Reference 171: ['dimensionality reduction', 'tradeoff analysis', 'uncertainty'] 

TOP-K 172: ['fuzzy dispersion measure', ['fuzzy numbers'], ['dispersion measure'], 'human intuition', 'finite set', 'real context', 'new way', 'main characteristics'] 

Reference 172: ['decision making', 'dispersion measure', 'fuzzy number', 'fuzzy set', 'variance'] 

TOP-K 173: ['bi-level optimization problem', 'optimization-based methods', 'nested optimization framework', 'orthogonality constraints', 'meta-learning method', 'task-specific parameters'] 

Reference 173: ['few-shot image classification', 'geometry-aware optimization', 'meta-learning', 'riemannian manifolds'] 

TOP-K 174: ['impossibility results', 'proof strategy', 'well-known tasks', 'elegant strategy', 'numerous situations'] 

Reference 174: ['impossibility proofs', 'renaming', 'set agreement', 'wait-freedom', 'weak symmetry breaking'] 

TOP-K 175: ['dynamic interactions', 'interaction information', 'information fusion process', 'detailed contextual information', 'fuse multimodal features'] 

Reference 175: ['dynamic interactive multiview memory network', 'emotion recognition in conversation', 'multimodal fusion'] 

TOP-K 176: [['flaky tests'], 'research', ['multivocal review'], 'detection methods', 'mitigation strategies', 'recent years', 'different aspects'] 

Reference 176: ['flaky tests', 'multivocal review', 'non-deterministic tests', 'software testing', 'test bugs'] 

TOP-K 177: ['multimodal multitask learning model', ['multitask learning'], 'decoder architecture'] 

Reference 177: ['affective computing', 'emotion recognition', 'multimodal sarcasm recognition', 'multitask learning', 'sentiment analysis'] 

TOP-K 178: ['tensor singular value decomposition', 'real tensor data', 'subspace knowledge', 'state-of-the-art algorithms', 'target tensor', 'experimental results', 'recovery framework', 'quantitative metrics', 'novel strategy'] 

Reference 178: ['admm', 'multilayer subspace prior information', 't-svd', 'tensor completion', 'tensor robust principal component analysis'] 

TOP-K 179: ['electric uavs', 'efficient large-area coverage', 'two-stage approach', 'path planning', 'makespan overall uavs', 'move distance overall ships'] 

Reference 179: ['coverage path planning system', 'mixed integer linear programming', 'scheduling software', 'shipborne electric uav', 'uav-ship hybrid team'] 

TOP-K 180: ['state-of-the-art methods', 'short-term data', 'instantaneous risk', 'correlation information', 'accurate predictions', 'particular merits'] 

Reference 180: ['ensemble learning', 'high-dimensional covariance matrix', 'high-dimensional short-term data', 'online learning', 'portfolio optimization'] 

TOP-K 181: ['defocus priors', 'defocus hallucination', 'realistic bokeh rendering', 'all-in-focus image', 'layered fusion', 'radiance priors', 'depth map'] 

Reference 181: ['bokeh rendering', 'circle of confusion', 'deep blending', 'defocus estimation', 'image fusion'] 

TOP-K 182: ['hsi sr', 'spatial-spectral representation', 'depthwise separable convolution', 'lightweight spectral attention mechanism', 'domain knowledge', 'spectral correlation', 'spectral feature extraction', 'computational complexity', 'feature learning'] 

Reference 182: ['disentangled spatial-spectral representation', 'hyperspectral image', 'super-resolution', 'unfolding network'] 

TOP-K 183: ['latent dimension', 'dimension reduction framework', 'recent proposal'] 

Reference 183: ['discrete data', 'kronecker model', 'matrix normal distribution', 'poisson log-normal distribution'] 

TOP-K 184: [['code clone detection'], ['code token learner'], 'deep learning techniques', 'feature tokens', 'past decade', 'promising results', 'automatic way'] 

Reference 184: ['code clone detection', 'code token learner', 'efficient transformer'] 

TOP-K 185: ['arist', 'code elements', 'language models', 'api methods', ['program analysis'], 'positional information', 'formal parameters', 'recommendation process', 'recommendation task', 'several features'] 

Reference 185: ['code completion', 'effective argument recommendation', 'program analysis', 'statistical language model'] 

TOP-K 186: [['elliptic curve cryptosystem'], 'key compromise impersonation attack', 'three-factor authentication protocol', 'secrecy', 'scheme', 'general process'] 

Reference 186: ['elliptic curve cryptosystem', 'internet of things', 'performance', 'security', 'three-factor authentication'] 

TOP-K 187: ['imbalanced datasets', ['ensemble learning'], 'fuzzy classifier', 'distinguished nonlinear mapping capability', ['interpretability']] 

Reference 187: ['ensemble learning', 'generalization capability', 'hybrid ensemble structure', 'imbalanced residual sketch learning', 'imbalanced tsk fuzzy classifier', 'interpretability'] 

TOP-K 188: [['multi-label learning'], 'sparse labels', 'shared weight matrix', 'real-world data', 'sparse structures', 'sparse regularization', 'challenging task'] 

Reference 188: ['low-rank', 'missing labels', 'multi-label learning', 'shared weight', 'sparse'] 

TOP-K 189: ['awas algorithm', 'large-scale computing grids', 'computing node workload prediction', 'computing nodes', 'workload prediction model', 'parallel job scheduling method', 'data set', 'internal structure'] 

Reference 189: ['computational grid', 'job scheduling', 'neural network', 'parallel', 'workload balancing'] 

TOP-K 190: ['human-walking constraints', 'wearable inertial-based gait-analysis methods', 'foot-clearance estimation accuracy'] 

Reference 190: ['data fusion', 'gait parameters', 'inertial sensors', 'mems sensors', 'motion constraint'] 

TOP-K 191: ['angular contrastive distillation scheme', 'retinal abnormalities', 'multi-vendor data', 'ground truth labels', 'lesion-aware scanner independent screening', 'novel co-attention mechanism', 'underlying network', 'grade retinal diseases', 'diagnostic capacity', 'extract retinal lesions'] 

Reference 191: ['contrastive learning', 'few-shot learning', 'ophthalmology', 'optical coherence tomography', 'retina'] 

TOP-K 192: [['text quality'], 'image compression method'] 

Reference 192: ['image compression', 'quality assessment', 'regression model', 'scene text image', 'text quality'] 

TOP-K 193: [['directlingam algorithm'], ['machine learning'], 'observational data', 'causal relationships', 'true causal structure', 'high dimensional setting', 'key objectives', 'many fields', 'well-known solution'] 

Reference 193: ['causal discovery', 'directlingam algorithm', 'gpu acceleration', 'machine learning', 'parallel processing'] 

TOP-K 194: ['blind gaussian denoising network', 'low contrast region', 'denoised output', 'negative image', 'input image', 'features'] 

Reference 194: ['blind gaussian noise removal', 'convolutional layer', 'deep convolutional residual network', 'dilated convolution', 'residual architecture', 'skip connection'] 

TOP-K 195: [['javascript code'], 'javascript programmers', 'c programmers', 'comma operator', 'code patterns', 'diverse application domains'] 

Reference 195: ['atoms of confusion', 'javascript code', 'program comprehension', 'program understanding', 'software maintenance'] 

TOP-K 196: [['data validation'], 'data preparation phase', 'last decade', 'massive explosion', 'software development life cycle.there'] 

Reference 196: ['data science', 'data validation', 'software engineering best practice', 'test automation'] 

TOP-K 197: [['temporal attention'], ['2d convolution'], 'cost volume module', 'disparity map', 'high similarity', 'image sequence', 'fast stereo', 'previous frame', 'disparity calculation', 'current frame', 'disparity search range', 'consecutive frames'] 

Reference 197: ['2d convolution', 'edge cues', 'pyramid cost volume', 'stereo matching', 'temporal attention'] 

TOP-K 198: [['social choice theory'], ['aggregation methods'], ['ensemble learning'], ['collective intelligence'], 'large-scale comparison', 'benchmark datasets', 'different state-of-the-art ensemble', ['information fusion'], ['uncertainty management'], 'practical effectiveness', 'useful indications', 'large collection', 'general settings.in'] 

Reference 198: ['aggregation methods', 'collective intelligence', 'ensemble learning', 'information fusion', 'social choice theory', 'uncertainty management'] 

TOP-K 199: ['local estimations', 'novel dynamic consensus techniques', 'target position'] 

Reference 199: ['estimation fusion', 'mobile robot', 'perception-latency', 'target tracking'] 

TOP-K 200: ['ai-based systems', ['ai ethics'], ['ai regulation'], 'ethical use', 'trustworthy ai systems', 'risk-based approach', 'essential axes', 'auditing process', 'global principles', 'holistic vision', 'practical approach', 'philosophical take'] 

Reference 200: ['ai ethics', 'ai regulation', 'regulatory sandbox', 'responsible ai systems', 'trustworthy ai'] 

TOP-K 201: ['multilingual multitask approach', ['intent detection'], 'primary slu tasks', 'different languages', 'shared sentence encoder'] 

Reference 201: ['deep learning', 'information fusion', 'intent detection', 'multilingual analysis', 'multitask learning', 'slot filling'] 

TOP-K 202: ['scalar-weighted fusion method', 'matrix-weighted fusion method', 'zonotopes-based fusion framework', 'zonotopic sets', 'global zonotope', 'diagonal-matrix-weighted fusion method', 'fusion estimators', 'fusion estimator', 'local estimates'] 

Reference 202: ['bit rate constraint', 'distributed fusion', 'nonlinear networked systems', 'set-membership state estimation', 'zonotopes'] 

TOP-K 203: ['saliency detection decoding', ['pixel-level image fusion'], 'deep-learning framework', 'end-to-end fusion network', 'fusion image', 'fusion tasks', ['fusion weights'], 'visual perception', 'image reconstruction', 'source images', 'meaningful information'] 

Reference 203: ['deep learning', 'fusion weight', 'pixel-level image fusion', 'saliency detection'] 

TOP-K 204: ['novel data-free distillation method', 'distillation-based methods', 'memory resources', 'previous tasks', 'full training data', 'proxy datasets'] 

Reference 204: ['catastrophic forgetting', 'continual learning', 'knowledge distillation'] 

TOP-K 205: ['pri', 'privacy-preserving deposit certification scheme', 'non-interactive zero-knowledge proof', 'transaction privacy', 'novel pch solution', 'atomic deposit protocol', 'sanders signature', 'deposit lock-in issue', 'payment channels', 'several new building blocks', 'fair payment channel', 'shared address', 'deposit equivalent assets', 'range proof', 'transaction values'] 

Reference 205: ['blockchain', 'interoperability', 'reusability', 'scalability'] 

TOP-K 206: [['label distribution'], 'unlabeled objects', 'label distribution data', 'fuzzy uncertainty measures', ['fuzzy similarity relation'], 'information restoration', 'related properties', 'membership degree'] 

Reference 206: ['attribute reduction', 'fuzzy similarity relation', 'label distribution', 'label irrelevance', 'semi-supervised'] 

TOP-K 207: ['visual relationship detection', ['visual question answering'], 'perception-action cycle', 'answer features', 'human learning process', 'decoder cycle', 'language features', 'novel encoder', 'challenging problems'] 

Reference 207: ['attention', 'bilinear fusion', 'brain-inspired frameworks', 'multi-modality fusion', 'vision language tasks', 'visual question answering'] 

TOP-K 208: ['quantum annealing software', 'hybrid software systems', 'optimization problems', 'certain market penetration', 'main implication', 'good performance'] 

Reference 208: ['d-wave', 'dynamic analysis', 'knowledge discovery metamodel', 'quantum annealing', 'quantum software engineering', 'reverse engineering'] 

TOP-K 209: [['string constraints'], ['string constraint'], 'regular constraints', 'arbitrary boolean combinations', 'length constraints', 'proof rules', 'rational transducers', 'regular language'] 

Reference 209: ['finite automata', 'monadic second-order logic over strings', 'nielsen transformation', 'regular model checking', 'satisfiability modulo theories', 'string constraints'] 

TOP-K 210: ['mtl-hsd methods', 'emotion-correlated hate speech detector', 'hate speech', 'negative emotion states', 'novel hsd method', 'pseudo-mll problem'] 

Reference 210: ['emotion detection', 'hate speech detection', 'multi-label learning', 'multi-task learning'] 

TOP-K 211: ['decision-level fusion strategy', 'fusion strategies', 'dynamic weighting', 'innovative contributions', 'feature level', 'linear template', 'different kinds', 'tir contributions'] 

Reference 211: ['adaptive weighting strategy', 'decision-level fusion', 'rgbt tracking', 'visual object tracking'] 

TOP-K 212: [['multi-grained visual information'], 'previous self-supervised learning approaches', 'pre-training models', 'image', 'different augmented views', 'novel mechanisms', 'much unsupervised knowledge', 'transfer performance'] 

Reference 212: ['multi-grained visual information', 'self-supervised learning', 'visual pre-training'] 

TOP-K 213: [['relational consistency prediction'], 'attribute alignment', 'replacement language model tasks'] 

Reference 213: ['data fusion', 'esrm', 'relational consistency prediction', 'replacement language model'] 

TOP-K 214: ['machine learning-based approach rpredictor', ['conflict resolution'], 'resolution strategy', 'developers', 'tool support'] 

Reference 214: ['conflict resolution', 'prediction', 'software merge', 'textual conflicts'] 

TOP-K 215: [['transfer learning'], ['truth inference'], 'truth inference models', 'few-shot meta-learning', 'training samples', 'relevant domains', 'novel probabilistic model'] 

Reference 215: ['crowdsourcing', 'meta learning', 'transfer learning', 'truth inference'] 

TOP-K 216: ['global-local attention', ['temporal action detection'], 'global attention mechanism', 'training process', ['video representation'], 'powerful video representation', 'features', 'action category', 'entire video', 'additional parameters'] 

Reference 216: ['temporal action detection', 'untrimmed video analysis', 'video representation'] 

TOP-K 217: [['natural language requirements documents'], 'nlp tool', 'potential variability', 'variability indicators', 'implicit source', 'different sources'] 

Reference 217: ['ambiguity', 'natural language processing tools', 'natural language requirements documents', 'software product lines', 'variability detection'] 

TOP-K 218: [['affective states'], 'agile software engineers', 'performance', ['software engineers'], ['software quality'], 'standard metrics', 'research question'] 

Reference 218: ['affective state', 'agile methodology', 'software engineering', 'software engineers’ performance', 'software quality'] 

TOP-K 219: [['meta learning'], 'network embedding', ['heterogeneous network embedding'], 'metamiml', 'meta knowledge', 'structure information extraction', 'context learner', 'task learner', 'scarce training objects', 'new tasks', 'mine miml objects', 'fast adapting', 'context representations'] 

Reference 219: ['data fusion', 'heterogeneous network embedding', 'meta learning', 'multi-instance learning', 'multi-label learning'] 

TOP-K 220: ['apicia', 'android apps', 'rapid api updates', 'android developers', 'api changes', 'novel approach', 'promising approach'] 

Reference 220: ['android', 'api evolution', 'change impact analysis', 'regression testing'] 

TOP-K 221: ['rank k', 'classical constant rank theorem', 'k-dimensional manifold', 'manifold learning problem', 'k-dimensional manifold.we', 'close neighbor'] 

Reference 221: ['alternating algorithm', 'autoencoders', 'dimensionality reduction', 'ky fan antinorm', 'manifold learning', 'rank constraints'] 

TOP-K 222: [['automatic document summarization'], 'state-of-the-art performance', 'new challenges', 'crucial issue'] 

Reference 222: ['automatic document summarization', 'information novelty', 'natural language processing', 'neural network', 'unsupervised approach', 'update sentence compression'] 

TOP-K 223: ['rgb-ir reid', 'geometry-guided dual-alignment', 'rgb-ir graphs', 'multi-modality node representations', 'g2da', 'edge topology', 'sample-level modality alignment', 'consistent cross-modality representations', 'graph-enabled distribution', 'displacement cost'] 

Reference 223: ['channel exchange', 'cross-modality matching', 'feature alignment', 'optimal transport', 'person re-identification'] 

TOP-K 224: [['zero-shot learning'], 'zsl', 'topology learning', 'model inference', 'object categories', 'unseen categories', 'training data', 'excellent works', 'much attention'] 

Reference 224: ['image classification', 'topology mining', 'zero-shot learning'] 

TOP-K 225: ['information granules', 'linguistic terms', ['information granularity'], 'preference modeling tools', ['interval type-2 fuzzy sets'], 'decision makers', 'uncertain assessments'] 

Reference 225: ['best worst method', 'group consensus', 'information granularity', 'interval type-2 fuzzy sets', 'linguistic elicitation'] 

TOP-K 226: [['vessel target detection'], 'mssfl method', 'sar images', 'target-to-clutter ratio', 'gaofen-3 satellite', 'detection performance', 'image fusion approaches', 'unmanned aerial vehicle', 'images', 'spaceborne', 'experimental results', 'airborne sar images.this study', 'synthetic aperture radar', 'classical detection algorithms', 'airborne platforms'] 

Reference 226: ['fuzzy logic', 'saliency', 'spaceborne and airborne platforms', 'synthetic aperture radar (sar) image', 'vessel target detection'] 

TOP-K 227: ['dnn execution', 'edge-cloud data transmission', 'data compression', 'edge device computation', 'joint model', 'status quo approaches'] 

Reference 227: ['collaborative inference', 'compression approaches', 'deep neural network', 'edge intelligence'] 

TOP-K 228: ['opencv-gpu library', ['sobel operator'], 'kernel', 'fast graphics', 'high performances'] 

Reference 228: ['acceleration algorithm', 'graphics processor', 'multi-directional', 'sobel operator'] 

TOP-K 229: ['fl-enhance', 'non-iid-ness data issue', 'data augmentation', 'fl framework', 'data selection', 'data compression', 'server level', 'novel framework', 'established solutions', 'novel approach'] 

Reference 229: ['data fusion', 'federated learning', 'model fusion', 'non-iid data'] 

TOP-K 230: [['social media opinions'], 'natural language evaluations', 'crowd decision', 'social media', ['subgroup discovery'], 'explainable crowd decision', 'posteriori explainable process'] 

Reference 230: ['attention mechanisms', 'crowd decision making', 'explainability', 'social media opinions', 'subgroup discovery'] 

TOP-K 231: ['health goals', ['sustainability'], 'main sushere goals', 'vision paper', 'positive contribution', 'subsequent qualitative analysis', 'framework'] 

Reference 231: ['health', 'requirements engineering', 'sustainability', 'well-being'] 

TOP-K 232: ['pixel features', 'image reconstruction', 'denoising autoencoder', 'latent variables'] 

Reference 232: ['complex step derivative approximation', 'pixel attributions', 'saliency maps', 'sanity checks and deep neural networks (dnns)', 'trustworthiness'] 

TOP-K 233: ['adversarial example detection module', 'adversarial perturbations', 'reconstructed speech', 'background noises', 'speech enhancement approach', 'previous speech enhancement network'] 

Reference 233: ['adversarial defense', 'automatic speaker verification', 'model fusion', 'noise mitigation', 'speech enhancement'] 

TOP-K 234: ['deep reinforcement learning agent', 'brand agent', 'brand', ['agent-based model'], 'awareness levels', 'dynamic policy'] 

Reference 234: ['agent-based modeling', 'deep q-network', 'deep reinforcement learning', 'marketing', 'media planning'] 

TOP-K 235: ['data storage infrastructure', 'supercomputer', 'performance', 'possible bottlenecks', 'optimization techniques', 'storage system', 'visualization tool', 'diverse workload', 'long period'] 

Reference 235: ['high-performance storage', 'i/o characterization', 'lustre', 'metadata', 'parallel file system'] 

TOP-K 236: ['headpose-softmax', 'multi-view face detection', 'state-of-the-art competitors', 'popular benchmarks', 'hard samples', 'extensive experimental results', 'training phase', 'relative importance'] 

Reference 236: ['curriculum learning', 'face recognition', 'multi-view face', 'pose-aware'] 

TOP-K 237: ['deep open-source framework', 'test sets'] 

Reference 237: ['data uncertainty', 'deep techniques', 'image classification', 'imprecision', 'multiple labels'] 

TOP-K 238: ['graph contrastive clustering', 'open datasets', 'graph views', 'inter-cluster relationships', 'intra-cluster boundaries', 'local context', 'extensive experiments', 'contrastive manner'] 

Reference 238: ['contrastive graph learning', 'graph convolution network', 'graph view generation', 'supervised clustering'] 

TOP-K 239: ['iot attack detection', 'alwm-resnet model', 'semi-supervised deep sparse autoencoder', 'noise labels', 'few-shot samples'] 

Reference 239: ['adaptive loss weighted meta residual network', 'detection accuracy', 'dynamic weighting', 'few-shot sample iot attack', 'local and non-local graph embeddings', 'semi-supervised dsae'] 

TOP-K 240: ['open-access multimodal har dataset', 'up-fall detection dataset', 'fusion architecture', 'fusion network'] 

Reference 240: ['convolutional block attention module', 'convolutional long short term memory', 'human activity recognition', 'internet of things', 'multi-head convolutional neural network'] 

TOP-K 241: ['hrt encoder', 'attribute-aligned visual feature', 'active attention', 'bottom-up attention pathways', 'transformer model', 'pathways'] 

Reference 241: ['attention', 'hybrid routing', 'transformer', 'zero-shot learning'] 

TOP-K 242: [['adversarial training'], ['adversarial robustness'], ['distribution normalization'], ['margin balance']] 

Reference 242: ['adversarial robustness', 'adversarial training', 'distribution normalization', 'margin balance'] 

TOP-K 243: [['value decomposition'], 'value decomposition methods', 'cooperative tasks', ['mixed cooperative-competitive tasks'], 'value function', 'mean-field theory', 'shared reward', 'global perspective', 'individual level'] 

Reference 243: ['mean filed', 'mixed cooperative-competitive task', 'multi-agent', 'value decomposition'] 

TOP-K 244: ['goal decomposition path-based method', ['goal convergence'], 'computation tree logic-based method', ['crossover services'], 'user goals', ['goal model'], ['requirements engineering'], 'multiple domains', 'subsequent service realization', 'various domains'] 

Reference 244: ['conflict detection', 'crossover services', 'goal convergence', 'goal modeling', 'requirements engineering'] 

TOP-K 245: [['federated collaborative recommendation model'], 'federated recommender model', ['microservice framework'], 'recommendation applications', 'different functions'] 

Reference 245: ['distributed recommender system', 'federated collaborative recommendation model', 'microservice framework', 'privacy preservation'] 

TOP-K 246: ['ccnuma shared-memory systems', 'heterogeneous dvfs', ['data-parallel applications'], 'optimal heterogeneous dvfs setups', 'dynamic voltage frequency scaling', 'energy efficiency', 'pruning algorithms', 'performance profile', 'applications.this paper'] 

Reference 246: ['ccnuma', 'data-parallel applications', 'energy saving', 'heterogeneous voltage frequency scaling', 'multicore'] 

TOP-K 247: ['scrum teams', 'covid-19 pandemic', ['scrum'], 'home'] 

Reference 247: ['multi-method study', 'project success', 'scrum', 'working from home'] 

TOP-K 248: ['spls', 'software product lines', 'new video game content', 'game developers', 'non-game developers', 'balancing game difficulty'] 

Reference 248: ['code-driven development', 'empirical evaluation', 'game software engineering', 'model-driven development', 'software product line engineering'] 

TOP-K 249: [['highly-selected package'], 'factors', 'developers', 'quantitative data'] 

Reference 249: ['highly-selected packages', 'npm', 'package quality', 'software ecosystem'] 

TOP-K 250: ['open-source systems', ['microservices'], 'large-scale empirical study', 'qualitative analyses', 'specific evolution'] 

Reference 250: ['microservices', 'mining software repositories', 'service-oriented architecture', 'software architecture', 'software evolution'] 

TOP-K 251: [['wavelet position embedding'], 'pathological diagnosis', ['vision transformer'], 'high classification performances', 'significant potential'] 

Reference 251: ['convolutional neural network', 'external multi-head attention', 'histopathological image classification', 'vision transformer', 'wavelet position embedding'] 

TOP-K 252: ['in-memory data access locality', 'losc', 'locality-optimized subgraph construction scheme', ['subgraph construction'], 'subgraph construction phase'] 

Reference 252: ['graph processing', 'out-of-core', 'subgraph construction'] 

TOP-K 253: ['edh', 'cross-subject divergence', 'training feature generators', 'classification discrepancy', 'multiple classifiers', 'unknown target subjects', 'diverse features'] 

Reference 253: ['ensemble learning', 'human activity recognition', 'human intent prediction', 'knowledge distillation', 'unsupervised cross-subject adaptation', 'wearable robots'] 

TOP-K 254: [['service-based systems'], 'architecture', 'understandable model', 'fuzzy limit', 'different profiles'] 

Reference 254: ['characterization model', 'microservice', 'service-based system', 'software architecture'] 

TOP-K 255: [['adversarial example'], 'reversible adversarial example', 'rae', 'adversarial perturbation', 'reversible data', 'new type', 'selective control', 'exact recovery'] 

Reference 255: ['adversarial example', 'ai security', 'reversible data hiding'] 

TOP-K 256: ['time management', 'project management', 'project-based courses', 'communication tools', 'online activities', 'active mentor participation', 'technical challenges', 'face-to-face course', 'action points'] 

Reference 256: ['online education', 'soft skills', 'software engineering education', 'teamwork'] 

TOP-K 257: [['cognitive things'], 'smart iot ecosystem', 'communication bandwidth', 'transactional services', ['transactional properties'], 'cognitive capabilities', 'storage capacity', 'power availability', 'limited number'] 

Reference 257: ['cognitive computing', 'cognitive things', 'internet-of-things', 'service composition', 'transactional properties'] 

TOP-K 258: ['real-world housing data', 'rhpmf framework', 'housing market', 'context-aware matrix factorization', 'urban contexts', 'regional house price mining', 'urban estate market', 'criminal records', 'temporal price factors', 'spatial distribution', 'temporal evolution'] 

Reference 258: ['data fusion', 'data mining', 'matrix factorization', 'real estate', 'urban computing'] 

TOP-K 259: ['k-fold cv', ['statistical power'], 'heterogeneous samples', 'particular group classifications', 'sample sizes', 'operational reasons', 'validation method'] 

Reference 259: ["alzheimer's disease", 'deep learning', 'family wise error', 'neuroimaging', 'statistical power', 'statistical significance'] 

TOP-K 260: ['angle grinder-related accidents', 'risk management', 'novel large-group fmea', 'failure modes', 'experts', 'behavioral topsis method', 'clustering analysis', 'large scale', 'failure mode', 'opinion diversity', 'effects analysis', 'sophisticated plans'] 

Reference 260: ['angle grinder', 'consensus reaching process', 'construction equipment', 'large-group failure mode and effects analysis', 'relative basic uncertain linguistic information'] 

TOP-K 261: ['deep penetration network', 'deep architectures', 'dpn', 'long semantic dependencies', 'salient features', 'favourable semantic features'] 

Reference 261: ['feature extraction', 'natural language processing', 'sentence classification', 'text classification'] 

TOP-K 262: ['hybrid karatsuba field multipliers', 'scalar multiplication', 'inversion operations', 'resultant architecture', 'clock cycles', 'parallel manner'] 

Reference 262: ['edward curve cryptoprocessor', 'elliptic curve cryptography (ecc)', 'field programmable gate array (fpga)', 'finite field'] 

TOP-K 263: ['neural networks', 'progressive neural network concept', ['continual learning'], 'novel method'] 

Reference 263: ['continual learning', 'deep learning', 'life-long learning', 'machine learning'] 

TOP-K 264: ['multi-sensor networked systems', 'fusion estimation problem', ['try-once-discard protocols'], 'zonotopes-based fusion rule', ['unknown-but-bounded noises'], ['mixed time-delays'], 'parallel estimator', 'sequential estimator', 'estimation accuracy'] 

Reference 264: ['fusion estimation', 'mixed time-delays', 'networked systems', 'try-once-discard protocols', 'unknown-but-bounded noises', 'zonotopic set-membership state estimation'] 

TOP-K 265: ['dual-sensor camera', 'nir wavelength', 'compact dual-sensor camera', 'parallax-free rgb', 'high-quality reconstruction', 'noisy dark video pairs', 'nir videos'] 

Reference 265: ['computational photography', 'dark vision', 'dual-channel network', 'low light video', 'rgb-nir', 'video denoising'] 

TOP-K 266: ['weight-guided class complementing framework', 'classifier weights', 'long-tailed bias', 'weight refining scheme'] 

Reference 266: ['gradient shift', 'image recognition', 'long-tailed distribution', 'weight-guided method'] 

TOP-K 267: ['two-stream multi-resolution fusion architecture', 'video data modality', 'image', 'context stream', 'fovea stream', 'overall dimensionality', 'input', 'center portion'] 

Reference 267: ['convolutional neural network', 'deep learning', 'human activity recognition', 'resource-constrained devices', 'tinyml'] 

TOP-K 268: ['clustering problem', 'clustering function', ['silhouette coefficients'], 'new optimization model'] 

Reference 268: ['cluster analysis', 'cluster validity index', 'incremental algorithm', 'nonsmooth optimization', 'silhouette coefficients'] 

TOP-K 269: [['android'], 'traditional java programs', 'segment-based delta debugging', 'event-driven nature', 'search space', 'precise slices'] 

Reference 269: ['android', 'delta-debugging', 'slicing'] 

TOP-K 270: ['community detection', 'dynamic community detection', 'real world data sets', 'dense networks', 'visualization ability', 'popular models'] 

Reference 270: ['dynamic network', 'local node characteristics', 'network embedding', 'non-negative matrix factorization'] 

TOP-K 271: ['sparse discriminant vectors', 'ℓq-norm', 'efficient alternative direction method', 'different q values', 'q ≤', 'proximity operator'] 

Reference 271: ['feature selection', 'linear discriminant analysis', 'optimal scoring', 'sparseness', 'ℓ<sub>q</sub>−norm'] 

TOP-K 272: ['all-modalities-in-one bert', ['single-stream transformer'], 'pre-training tasks'] 

Reference 272: ['alignment prediction', 'multimodal masked language model', 'multimodal sentiment analysis', 'single-stream transformer'] 

TOP-K 273: ['sar-tailored search space', 'neural architecture search', 'topology pruning-based mutation operators', 'dynamic ridgelet convolution', 'lightweight architectures', 'adaptive reasoning', 'complex models', 'inference stage', 'fixed structures', 'representation ability', 'lightweight networks.relying'] 

Reference 273: ['dynamic inference', 'image classification', 'knowledge transfer', 'neural architecture search (nas)'] 

TOP-K 274: ['parallel history domination', 'pure b&b approach', 'novel parallelization techniques', 'history-table memory management', 'first parallel exact algorithm', ['sequential ordering problem'], 'solution space'] 

Reference 274: ['combinatorial optimization', 'history domination', 'np-complete problems', 'parallel branch-and-bound', 'sequential ordering problem'] 

TOP-K 275: ['scale rules', 'msiss', 'adaptive s3wd model', ['multi-scale information systems'], 'dimensional disasters', 'irrational behavior', 'prediction information', 'feature selection', ['sequential three-way decision'], 'prediction performance', 'feature score distribution', 'dominance relations', 'prediction processes', ['regret theory'], 'generalization capability'] 

Reference 275: ['kernel extreme learning machine', 'multi-scale information system', 'multivariate prediction', 'regret theory', 'sequential three-way decision'] 

TOP-K 276: ['runtime complexity', 'theoretical runtime', 'good scalability', 'comment paper', 'rigorous proof', 'nlog2 n', 'nlog n', 'careful consideration'] 

Reference 276: ['barnes–hut', 'brain', 'connectome', 'large-scale', 'simulation'] 

TOP-K 277: ['algorithms', 'novel approach', 'extensive research', 'algorithms field'] 

Reference 277: ['distributed algorithms', 'generic algorithms', 'graph coloring', 'multi-party computation', 'privacy preserving'] 

TOP-K 278: [['api remoting'], 'gpu-enabled vms', 'vgpu placement', 'multi-objective ilp model', 'state-of-the-art heuristics', 'grid technologies', 'commercial solutions', 'joint problem'] 

Reference 278: ['api remoting', 'cloud computing', 'gpu disaggregation', 'multi-objective optimization', 'vm placement'] 

TOP-K 279: ['copilot', 'programming tasks', 'fundamental algorithmic problems', 'software projects', 'human programmers', 'different programming tasks', 'expert developers', 'efficient solutions'] 

Reference 279: ['code completion', 'github copilot', 'language model', 'testing'] 

TOP-K 280: ['consensus recommendation optimisation strategies', 'three-dimension clustering optimisation', 'subgroup representative selection', 'ncms', 'linguistic preferences', 'clustering optimisation method', 'real complex decision scenarios', 'subgroup representatives', 'moderator-guided consensus', ['normal cloud models'], 'preference similarity level', 'preference consistency level', 'preference precision level', 'large number', 'sensible criteria'] 

Reference 280: ['consensus hybrid strategies', 'consistency', 'normal cloud model', 'preference compromise limit', 'three-dimensional clustering optimisation'] 

TOP-K 281: ['co-association matrix', 'ensemble feature selection method', 'multiple feature selection methods', 'positive-co-association matrix', 'negative-co-association matrix', 'relative-co-association matrix'] 

Reference 281: ['ensemble feature selection', 'feature kernel', 'machine learning', 'relative-co-association matrix (rcm)'] 

TOP-K 282: ['boundary feedback controllers', 'clusters', 'boundary feedback controller', 'clusters controls', 'clusters synchronous frame', 'lyapunov function', 'indispensable vector-valued sequence inequalities', 'spatial diffusions', 'switching signals'] 

Reference 282: ['cluster synchronization', 'complex networks', 'space-time discretization', 'switching system', "wirtinger's inequality"] 

TOP-K 283: ['streamwnn', ['streaming time series'], 'information fusion', 'forecasting algorithm', 'forecasting model', 'historical data', 'offline stage'] 

Reference 283: ['electricity demand', 'incremental learning', 'real-time forecasting', 'streaming time series'] 

TOP-K 284: [['bargaining game'], 'trust relationship', 'dynamic trust relationships', 'recommendation advices', 'inconsistent expert', ['feedback mechanism'], 'consensus state', 'interaction behaviors'] 

Reference 284: ['bargaining game', 'consensus', 'feedback mechanism', 'group decision making', 'social network'] 

TOP-K 285: [['rank estimation'], 'incomplete data matrix', 'paper.matrix completion'] 

Reference 285: ['matrix completion', 'rank estimation', 'rank-one matrix pursuit', 'robust'] 

TOP-K 286: ['coflow-level scheduling problem', 'flow-level scheduling problem', ['coflows'], 'network cores', 'approximation ratio', 'algorithm', 'arbitrary times', 'log m/log log'] 

Reference 286: ['approximation algorithms', 'coflow', 'datacenter network', 'heterogeneous parallel network', 'scheduling algorithms'] 

TOP-K 287: [['ros'], 'software engineering research', 'industrial adoption', 'primary studies', 'research area', 'up-to-date overview', 'broad discussion'] 

Reference 287: ['robotic systems', 'ros', 'software engineering', 'systematic mapping study'] 

TOP-K 288: ['brain region-gene hypergraphs', 'hypergraph structure', 'graph neural networks', 'fuse multi-view information', 'characteristic information aggregation model'] 

Reference 288: ["alzheimer's disease", 'deep learning', 'hypergraph convolutional network', 'imaging genetics', 'multi-view disease data'] 

TOP-K 289: ['rfsr', 'multi-label feature selection', 'global optimization framework', 'robust flexible sparse', 'weight values'] 

Reference 289: ['classification', 'feature selection', 'multi-label learning', 'sparse regularization'] 

TOP-K 290: ['multi-view unlabeled data', 'high dimensions'] 

Reference 290: ['adaptive view fusion', 'dynamic incomplete multi-view data', 'feature selection', 'incremental learning'] 

TOP-K 291: ['point-distribution-free instance representations', 'hierarchical-positive contrastive loss', 'intermediate point cloud instances', 'uniform point cloud instances'] 

Reference 291: ['3d point cloud generation', 'generative adversarial networks', 'hierarchical consistency', 'point cloud analysis', 'variational autoencoder'] 

TOP-K 292: ['majorize-minimization algorithm', ['transmission map'], 'nonconvex problem', 'robust regularization scheme', 'intermediate transmission maps', 'upper bounds'] 

Reference 292: ['boundary constraints', 'image dehazing', 'nonconvex energy function', 'regularization', 'transmission map'] 

TOP-K 293: ['reflectance fusion network', 'adaptive pixel-scale selection strategy', 'texture structure', 'reflectance components', 'iid model', 'network', 'new intrinsic image decomposition', 'rich scene textures', 'imaging scene', 'source images', 'visible color distribution', 'color components'] 

Reference 293: ['color', 'image fusion', 'multi-exposure', 'reflectance', 'shading'] 

TOP-K 294: [['gradient-based attacks'], 'graph data', 'gradient-based perturbations', 'novel exploratory adversarial attack', 'sub-optimal results', 'discrete structure'] 

Reference 294: ['gradient-based attacks', 'graph neural networks', 'maximal gradient', 'semi-supervised node classification'] 

TOP-K 295: ['cross-domain feature redundancy', 'domain-invariant features', 'whitening module', 'compact domain-specific features', 'cross-domain batch normalization', 'first level', 'feature spectrum uniforms', 'bi-level way'] 

Reference 295: ['feature redundancy', 'orthogonality', 'unsupervised domain adaptation', 'whitening'] 

TOP-K 296: ['feature representation', 'point features', 'point-line features', 'point-plane features', 'rgb-d simultaneous localization', 'error function', 'multi-feature slam system.most', 'feature association', 'unified manner'] 

Reference 296: ['asssociation joint optimization', 'point-line-plane fusion', 'simultaneous localization and mapping (slam)', 'uniform representation mutual'] 

TOP-K 297: ['unimodal object recognition', 'multimodal object recognition', 'dynamic neural network architectures', 'efficient models'] 

Reference 297: ['data fusion', 'deep learning', 'multimodal learning', 'object recognition', 'tactile sensing', 'visuo-tactile models'] 

TOP-K 298: ['fusion methods', 'sensor networks', 'various numerical experiments', 'decentralized network', 'fusion method', 'space-varying detection accuracy', 'dynamic detection probability', 'flooding protocols', 'challenging scenario'] 

Reference 298: ['decentralized sensor networks', 'density-based fusion weights', 'heterogeneous fusion method'] 

TOP-K 299: ['risky users', 'social networks', 'geo-tagging data', 'textual content', 'node classification tasks', 'user relationships', 'spatial closeness', 'novel system', 'users', 'different perspectives'] 

Reference 299: ['node classification', 'social network analysis', 'spatial analysis', 'user risk identification'] 

TOP-K 300: ['zk-snark efficiency', 'ecc pairing', 'time-consuming computation kernels', 'information entropy', 'number-theoretic transform', 'computation kernels', 'modular multiplication', 'elliptic curve cryptography', 'inverse number-theoretic transform', 'graphic processing unit', 'significant performance bottleneck', 'data space consistency maintenance', 'shuffle methods', 'limited hardware bit width', 'data layout'] 

Reference 300: ['gpu acceleration', 'montgomery multiplication', 'ntt/intt', 'zk-snark', 'zkp'] 

TOP-K 301: [['unsupervised bilingual lexicon induction'], 'target word embeddings', 'monolingual corpora'] 

Reference 301: ['embedding fusion', 'information fusion', 'unsupervised bilingual lexicon induction', 'unsupervised learning', 'word translation'] 

TOP-K 302: ['self-supervised degradation-guided adaptive network', 'degradation representations', 'low-resolution features', 'high-resolution images', 'channel dimensions', 'domain gap'] 

Reference 302: ['blind super-resolution', 'contrastive learning', 'deep learning', 'remote sensing image', 'self-supervised'] 

TOP-K 303: ['crp', 'unpredictable decision environment', 'risks', 'uncertainty', 'paper constructs novel mecms', 'previous literature'] 

Reference 303: ['group decision making', 'maximum expert consensus', 'mean-variance', 'robust optimization', 'uncertainty set'] 

TOP-K 304: ['pre-trained models vvg-16', 'bi-model architecture', 'first model', 'second model', 'hybrid approach'] 

Reference 304: ['hybrid features', 'malware detection', 'stacked model', 'transfer learning'] 

TOP-K 305: ['multi-modal feature extraction module', ['fake news detection'], 'multi-modal feature fusion module', 'fake news', 'classification module', 'main components', 'research community'] 

Reference 305: ['deep learning', 'fake news detection', 'feature fusion', 'multi-modal fusion'] 

TOP-K 306: ['software product lines', 'relevant test scenarios', 'testing approach', 'context activations', 'small set'] 

Reference 306: ['combinatorial interaction testing', 'context-oriented programming', 'dynamic software product lines', 'feature modelling', 'satisfiability checking (sat)', 'software testing'] 

TOP-K 307: ['edge neighbor points', 'fine registration method', 'two-way distance', 'edge neighbors', 'iterative process', 'weight coefficients', 'machining allowance uniform', ['variance minimization'], 'scattered point cloud', 'tangential distances', 'objective function'] 

Reference 307: ['allowance distribution', 'edge of point cloud', 'fine registration', 'normal and tangential distance', 'variance minimization'] 

TOP-K 308: ['machine learning', 'manifold optimization-based discriminant analysis', 'latent subspace alignment', 'maximum separable decision subspace', 'orthogonality constraint.discriminative subspace learning', 'objective function', 'important problem'] 

Reference 308: ['classification', 'dimensionality reduction', 'discriminative subspace learning', 'riemannian manifold optimization'] 

TOP-K 309: [['edge computing'], 'edge application placement', 'cloud data centers', 'dynamic re-optimization', 'network edge', 'application components', 'computational devices'] 

Reference 309: ['application placement', 'auction', 'decentralized algorithm', 'edge computing', 'fog computing'] 

TOP-K 310: [['federated learning'], ['adversarial attacks'], 'data privacy', 'defence methods', 'weak point', 'taxonomy', 'general picture', 'real solution'] 

Reference 310: ['adversarial attacks', 'defences', 'federated learning', 'privacy attacks'] 

TOP-K 311: ['novel multi-view deep models', 'traditional machine learning domain', ['twin support vector machines'], 'multi-view learning', 'deep neural network', 'multiclass classification problem', 'positive results'] 

Reference 311: ['auto-encoder', 'deep multi-view learning', 'multiclass classification', 'twin support vector machines'] 

TOP-K 312: ['expert-recommendation task', 'community question answering', 'heterogeneous information', 'auxiliary data', 'comprehensive profiling', 'several challenging issues', 'thorough instance'] 

Reference 312: ['comprehensive user profiling', 'expert finding', 'heterogeneous information fusion', 'tag-based expertise over time', 'tag-based interest over time', 'tag-based willingness to respond over time'] 

TOP-K 313: ['nlp techniques', 'software development life cycle', 'traceability efforts', 'search strategy', 'trend analysis'] 

Reference 313: ['information retrieval', 'natural language processing', 'software traceability'] 

TOP-K 314: [['functional story'], ['function points'], 'contract award', ['story point'], 'early phase', 'total effort'] 

Reference 314: ['agile', 'effort estimation', 'function point', 'functional story', 'story point', 'user story'] 

TOP-K 315: [['deep matrix factorizations'], 'low-rank approximations', 'deep mfs', 'deep mf', 'corresponding optimization problems', 'meaningful loss functions', 'generic framework'] 

Reference 315: ['constrained optimization', 'deep matrix factorization', 'first-order methods', 'hyperspectral unmixing', 'loss functions'] 

TOP-K 316: ['hierarchical star network hsn', 'hierarchical networks', 'neighbor connectivity', 'complete cubic network ccn', 'vertices', 'building blocks', 'edge neighbor connectivity', 'occurrence status'] 

Reference 316: ['(edge) neighbor connectivity', 'complete cubic networks', 'graph subversion', 'hierarchical cubic networks', 'hierarchical star networks'] 

TOP-K 317: [['multi-correntropy fusion'], 'complex error distribution', 'maximum multi-correntropy criterion', 'higher-order fuzzy inference system', 'deep learning', 'statistical learning methods'] 

Reference 317: ['4mc', 'dna n4-methylcytosine', 'fuzzy model', 'multi-correntropy fusion', 'sequence classification'] 

TOP-K 318: [['multi-focus image fusion'], 'deep image prior network', 'deep mask prior network', 'real supervised data', 'different blur levels', 'focus map', 'source image', 'challenging task'] 

Reference 318: ['deep convolutional neural network', 'deep image prior', 'multi-focus image fusion'] 

TOP-K 319: ['multi-agent traffic environments', 'ci-ma algorithm', 'cooperative traffic-signal policies', 'effective cooperative traffic-signal policies', 'ci model', 'multi-agent reinforcement learning', ['causal inference'], 'objective functions', 'non-stationarity', 'corresponding objective functions', 'feature representations', 'multiple agents', 'feature representation', 'timestep level', 'task level'] 

Reference 319: ['causal inference', 'deep reinforcement learning', 'graph model', 'multi-agent learning', 'traffic signal control'] 

TOP-K 320: ['fusion-based feature engineering model', ['epilepsy detection'], 'eeg signal datasets', 'various machine learning', 'satisfactory classification performance'] 

Reference 320: ['epilepsy detection', 'feature fusion', 'feature selection', 'fusion-based feature engineering', 'hypercube pattern'] 

TOP-K 321: ['in-the-wild images', '3d', 'generalization ability', ['relative depth'], 'estimation approaches', 'estimation.modern deep learning-based 3d'] 

Reference 321: ['human pose estimation', 'pre-training', 'relative depth', 'weakly-supervised'] 

TOP-K 322: ['hn p systems', 'hybrid neuron structures', 'one-many/many-one channels', ['evolutionary channels'], 'dynamic regulatory factors', 'rules', 'related evolutions', 'new types'] 

Reference 322: ['evolutionary channels', 'hybrid neural-like p system', 'segmentation of brain metastases'] 

TOP-K 323: ['large systems', 'long execution time', 'state model', 'approach'] 

Reference 323: ['distributed systems', 'empirical evaluation', 'scriptless testing', 'state model inference'] 

TOP-K 324: ['stochastic measurement delays', 'decoding-based fusion estimation problem', 'random variables', 'signal relays', 'measurement delays.this paper'] 

Reference 324: ['covariance intersection fusion', 'encoding–decoding scheme', 'filter-and-forward relay', 'fusion estimation', 'measurement delay', 'recursive algorithm'] 

TOP-K 325: [['underwater vehicles'], ['underwater vehicle'], 'multisource information', 'environmental perception', 'physical principles', 'real-time dynamic model', 'irregular ocean environments', 'sensor observations', ['dynamics model']] 

Reference 325: ['dynamic model', 'feature disentanglement', 'information fusion', 'ocean environment', 'underwater vehicle'] 

TOP-K 326: ['batched sparse iterative solvers', 'ginkgo', ['performance portability'], 'parallel processors', 'heterogeneous programming model', 'independent problems', 'efficient utilization', 'seamless execution'] 

Reference 326: ['batched solvers', 'gpu', 'performance portability', 'plasma simulation', 'sparse linear systems'] 

TOP-K 327: ['csmv', ['gpus'], 'art stms', 'global metadata', 'extensive experimental study', 'magnitude speed-ups', 'chip memory', 'irregular applications', 'state', 'architectural characteristics', 'main benefits', 'full advantage'] 

Reference 327: ['concurrent programming', 'gpu', 'multi-version concurrency control', 'synchronization', 'transactional memory'] 

TOP-K 328: ['dnn hardware accelerators', 'arm a9 cpu-only baseline', 'new open source toolkit', 'tflite framework', 'bert-based models', 'common cnn models', 'case study', 'average performance speedup', 'accelerator designs'] 

Reference 328: ['design methodology', 'dnn accelerator design', 'hardware-software co-design', 'hls', 'simulation', 'systemc'] 

TOP-K 329: ['salient object detection tasks', 'multimodal image fusion', 'feature screening-based fusion subnetwork', 'saliency-related features', 'sod tasks', 'multi-task paradigm', 'source images', 'first time', 'different source images', 'complementary cues', 'collaborative relationship', 'visible images', 'seamless bridge', 'common characteristic'] 

Reference 329: ['image fusion', 'infrared and visible image', 'interactive loop learning strategy', 'interactively reinforced paradigm', 'multi-modal salient object detection'] 

TOP-K 330: ['skin lesion segmentation', 'favourable feature fusion ways', 'performance improvements', 'model complexity', 'strenuous network design', 'novel paradigm', 'classification'] 

Reference 330: ['deep learning', 'multi-task decoupled', 'skin lesion analysis', 'task causality'] 

TOP-K 331: ['event ontologies', 'event representation', 'semantic information', 'event direction induction mechanism', 'event ontology'] 

Reference 331: ['event temporal relation extraction', 'knowledge enhancement', 'neural networks', 'subevent relation extraction'] 

TOP-K 332: [['entity alignment'], 'multiple representations', 'various techniques', 'various types'] 

Reference 332: ['entity alignment', 'knowledge graph', 'multi-modal knowledge', 'neural networks'] 

TOP-K 333: ['dependency heaviness analysis', 'dependencies', 'web-based database', 'ecosystem', 'comprehensive tools'] 

Reference 333: ['bioconductor', 'cran', 'dependency graph', 'dependency heaviness', 'software ecosystem', 'software engineering'] 

TOP-K 334: ['super-network training', 'two-parallel-path super-network', ['binary gate']] 

Reference 334: ['binary gate', 'computing overheads', 'neural architecture search', 'operator sub-sets', 'sigmoid function', 'two-parallel-path'] 

TOP-K 335: ['pedestrian trajectories', 'tri-hgnn', 'hierarchical graph neural networks', 'extrinsic-level policy', 'multiple future trajectories', 'pedestrians', 'interaction graph', 'graph attention network', 'different policies', 'triple policies', 'time step', 'temporal interactions', 'spatial nodes', 'whole scene'] 

Reference 335: ['graph neural networks,', 'hierarchical policy', 'trajectory prediction'] 

TOP-K 336: ['unlabeled images', ['part-aligned similarity'], 'image similarities', ['few-shot learning'], 'transferable representations', 'discriminative part', 'similar semantics', 'input image', 'global view'] 

Reference 336: ['few-shot learning', 'part discovery network', 'part-aligned similarity', 'self-supervised learning'] 

TOP-K 337: ['unfulfilled qa constraints', ['quality assurance'], 'qa constraints', 'process progress', 'timely feedback', 'novel framework', 'sheer size'] 

Reference 337: ['constraint checking', 'developer support', 'process deviation', 'quality assurance', 'software engineering process', 'traceability'] 

TOP-K 338: ['sparse robust subspace learning', 'unsupervised feature selection algorithms', 'unsupervised feature selection algorithm', 'problems', 'reconstruction information', 'reconstruction term', 'certain robustness', 'variance term'] 

Reference 338: ['abnormal', 'boolean weight', 'robustness', 'sparse subspace'] 

TOP-K 339: [['infrared image'], 'fusion model', 'visible image', 'visible image fusion method', 'cross correlation loss', 'fusion result', 'adequate thermal radiation information', 'unsupervised manner', 'ample texture details'] 

Reference 339: ['cross correlation', 'deep learning', 'image fusion', 'infrared image', 'transformer'] 

TOP-K 340: ['multi-robot exploration', 'gas field', 'gas fields', 'target measurement locations', 'posterior probability density', 'control strategy'] 

Reference 340: ['gas source localization', 'obstacle avoidance', 'particle filter', 'robotic flock', 'sensor fusion'] 

TOP-K 341: ['failure modes', 'risk factors', 'risk information', 'potential risks', 'powerful reliability analysis techniques', 'effect analysis', 'various fields', 'reasonably.failure mode'] 

Reference 341: ['elicit information', 'failure mode and effect analysis (fmea)', 'multi-criteria decision making (mcdm)', 'oreste method'] 

TOP-K 342: [['long-range imaging'], 'rgb', 'multispectral fusion', 'nir images', 'unpaired data', 'warp nir features', 'feature extraction'] 

Reference 342: ['deep learning', 'image fusion', 'long-range imaging', 'near infrared', 'neural networks'] 

TOP-K 343: ['wide-fov multi-exposure lf images', 'wide-fov hdr lf image', 'non-overlapping regions', 'multi-exposure information', 'source lf images', 'lf imaging method', 'exposure restoration network', 'different exposures', 'different perspectives'] 

Reference 343: ['high dynamic range', 'image fusion', 'light field', 'unsupervised learning', 'wide field of view'] 

TOP-K 344: ['tactile paving', 'real tactile paving', 'real-time performance', 'phone camera', 'system', 'high accuracy', 'guide messages'] 

Reference 344: ['navigation system', 'tactile paving detection', 'transfer learning', 'visually impaired pedestrian'] 

TOP-K 345: ['training labels', 'ground truth disparity', 'multi-directional broad learning system.the', 'practical application', 'many situations'] 

Reference 345: ['local gravity weight method', 'multi-directional broad learning system', 'unsupervised stereo matching'] 

TOP-K 346: ['learnable graph convolutional network', 'differentiable shrinkage activation', 'underlying feature representation', 'feature fusion', 'heterogeneous views', 'feature fusion network', 'joint deep learning framework', 'discriminative graph fusion', 'parametric activation function', 'learnable weights', 'former aims'] 

Reference 346: ['graph convolutional network', 'information fusion with deep learning', 'multi-view learning', 'semi-supervised classification'] 

TOP-K 347: ['structure-preserving fusion network', 'hierarchical fusion', 'sar data', 'optical data', 'channel attention mechanism', 'aforementioned drawbacks', 'shadow regions', 'residual blocks', 'informative features', 'adaptive selection', 'imagery'] 

Reference 347: ['multimodal image fusion network', 'remote sensing image cloud and shadow removal', 'synthetic aperture radar-guided optical image reconstruction'] 

TOP-K 348: ['energy consumption', 'total energy consumption', 'static energy', 'many processors', 'whole duration'] 

Reference 348: ['co-schedule', 'dvfs', 'energy minimization', 'parallel tasks', 'scheduling'] 

TOP-K 349: ['group decision procedures', ['diversity'], ['expertise'], 'strategic decision', 'empirical works'] 

Reference 349: ['decisions', 'diversity', 'expertise', 'intentional bounded rationality', 'steering committees'] 

TOP-K 350: ['subspace similar recombination module', 'non-negative matrix factorization', 'feature decomposition', 'different singular features', 'self-attention mechanism', 'pan images', 'different advantageous properties'] 

Reference 350: ['deep learning', 'fusion classification', 'gist feature', 'multi-modal remote sensing', 'transformer'] 

TOP-K 351: ['adaptive all-pixel depth range', 'novel multi-stage coarse-to-fine framework', 'coarse depth map', 'accurate all-pixel depth range', 'depth interval', 'depth map', 'reference image', 'first stage', 'second stage'] 

Reference 351: ['adaptive interval', 'adaptive range', 'depth estimation', 'multi-view stereo'] 

TOP-K 352: ['multiscale band/patch embeddings', 'spectral features', 'two-branch network', 'spectral transformer', 'multiscale features', 'self-attention mechanism', 'spatial transformers', 'spatial features'] 

Reference 352: ['hyperspectral image (hsi)', 'image fusion', 'multispectral image (msi)', 'pre-training', 'spectral multi-head self-attention', 'transformer'] 

TOP-K 353: ['bdd', 'bdd specifications', 'bdd topics', 'future bdd research', 'different bdd aspects', 'bdd process', 'conference papers', 'various software development endeavours', 'key results', 'case studies', 'philosophical papers', 'studies', 'various aspects', 'software techniques', 'important areas'] 

Reference 353: ['behaviour driven development', 'systematic mapping studies in software engineering', 'systematic mapping study'] 

TOP-K 354: ['t1 mris', 'otfpf network', 'brain age', ['feature pyramid fusion'], 'experimental results', ['optimal transport'], 'mean absolute error', 'accurate estimation'] 

Reference 354: ['brain age estimation', 'deep learning', 'feature pyramid fusion', 'optimal transport'] 

TOP-K 355: [['hpc jobs'], ['multivariate time series'], 'pipeline', 'outlier detection stage', 'several node resource metrics', 'different users'] 

Reference 355: ['anomaly detection', 'feature extraction', 'hpc jobs', 'multivariate time series', 'unsupervised clustering'] 

TOP-K 356: [['test sequence generation'], 'general expression parsing framework', ['abstract syntax tree'], 'expression parsing algorithm'] 

Reference 356: ['abstract syntax tree', 'algebraic operation', 'expression parsing', 'test sequence generation'] 

TOP-K 357: ['unlabeled input data', 'high-dimensional inputs', 'computed probability intervals', 'system deployment', 'informative probability intervals'] 

Reference 357: ['assurance monitoring', 'deep neural networks', 'inductive venn predictors', 'probability intervals'] 

TOP-K 358: ['ngsp_cgl', ['neighbor group structure'], ['incomplete multi-view clustering'], 'high-quality consensus graph', 'graph learning-based works', 'consensus graph', 'new method', 'sample pairs', 'neighbor sets'] 

Reference 358: ['graph learning', 'incomplete multi-view clustering', 'neighbor group structure', 'structure preserving'] 

TOP-K 359: ['job logs', 'novel runtime prediction framework', 'job', 'data sets', 'prep', 'new feature', 'plentiful information'] 

Reference 359: ['backfilling', 'machine learning', 'path', 'runtime prediction'] 

TOP-K 360: ['multi-dimensional feature extraction', 'multi-dimensional features', 'msr module', 'multiple gnns', ['attention mechanism'], 'graph attention network', 'transformer layers', 'double-flow way', 'joint representation'] 

Reference 360: ['attention mechanism', 'graph neural networks', 'session-based recommendation', 'transformer'] 

TOP-K 361: ['brain tumor segmentation method', 'multimodal mri', 'deep semantics', 'multimodal information', 'graph convolution', 'feature fusion module', ['edge features'], 'effective feature fusion', 'information dissemination', 'multi-feature inference block', 'edge information', 'accurate segmentation', 'feature reasoning', 'sufficient utilization'] 

Reference 361: ['brain tumor segmentation', 'convolutional neural networks', 'edge feature', 'feature fusion', 'transformer'] 

TOP-K 362: ['robust medical image segmentation', 'novel geometric structure', 'segmentation models'] 

Reference 362: ['adversarial learning', 'computer-aided diagnosis (cad)', 'geometric structure learning', 'medical image segmentation'] 

TOP-K 363: [['multi-view data'], 'machine learning-based models', 'pra', 'clinical significance', 'comprehensive perioperative risk', 'standard criteria', ['pairwise comparison']] 

Reference 363: ['insertion sort', 'multi-view data', 'pairwise comparison', 'perioperative risk assessment'] 

TOP-K 364: ['voronoi cell computation', 'seed vertices', 'fast time-to-solution', 'edge centric processing', 'expensive distance computations', 'distance computations', ['asynchronous processing'], 'message prioritization'] 

Reference 364: ['asynchronous processing', 'distributed computing', 'graph algorithm', 'hpc', 'steiner tree'] 

TOP-K 365: ['voronoi diagram', 'decision-making process', 'negative ideal solution', 'positive ideal solution', 'attribute weights', 'decision-makers', 'information loss'] 

Reference 365: ['dimensionality reduction', 'intuitionistic fuzzy ahp', 'multi-attribute decision making', 'visual analytics'] 

TOP-K 366: ['stackelberg equilibrium', 'hierarchical stackelberg game model', 'hierarchical decision-making structure', 'different players', 'group decision', 'consensus model'] 

Reference 366: ['consensus', 'cooperativeness', 'hierarchical stackelberg game', 'incentive', 'large-scale group decision making'] 

TOP-K 367: [['cortex hierarchical activation'], 'neuron cortex activation', 'backbone networks', 'effective border sensitive mechanism', 'novel function', 'band shape kernel', 'square kernel', 'adequate feature description', 'strip max'] 

Reference 367: ['border sensitive mechanism', 'classification-giou joint representation', 'cortex hierarchical activation', 'object detection'] 

TOP-K 368: ['multi-role individual preference scenarios', 'unit adjustment costs', 'uncertainty', ['uncertainty sets'], 'various individual preference scenarios', 'unit adjustment', ['robust optimisation'], 'study constructs'] 

Reference 368: ['consensus models', 'group decision making', 'individual preference', 'robust optimisation', 'uncertainty set'] 

TOP-K 369: ['pooled data problem', 'sharp information-theoretic threshold', 'additive measurements', 'binary signal', 'high probability', 'minimum number'] 

Reference 369: ['noisy pooled data', 'non-adaptive algorithm', 'pooled data', 'quantitative group testing'] 

TOP-K 370: ['ddsketch algorithm', 'parallel ddsketch algorithm', ['quantiles'], 'extensive experimental results', 'data streams', 'parallel algorithm', 'recent algorithm', 'accurate tracking', 'parallel version', 'overall accuracy'] 

Reference 370: ['message-passing', 'quantiles', 'sketches'] 

TOP-K 371: [['deep learning'], 'context information', 'contextual information', 'network weights', 'dynamic contextual behavior', 'parameter efficient modeling'] 

Reference 371: ['context', 'deep learning', 'dynamic neural networks', 'singular value decomposition'] 

TOP-K 372: ['dilative monotonicity', ['monotonicity'], ['fusion functions'], 'weak monotonicity', ['sentiment analysis']] 

Reference 372: ['aggregation function', 'fusion function', 'generalized monotonicity', 'monotonicity', 'sentiment analysis', 'text classification'] 

TOP-K 373: ['deep convolutional neural networks', 'pixel-level segmentation masks', ['instance segmentation'], 'centerness branch', 'high performance', 'object proposals', 'exact boundaries'] 

Reference 373: ['centerness', 'coarse localization annotation', 'instance segmentation', 'weakly supervised learning'] 

TOP-K 374: ['inter-group grouping', 'k-means algorithm', 'density canopy', 'initial clustering center', 'compactness degree', 'subsequent phase'] 

Reference 374: ['aggregation paradigm', 'computing with words', 'hesitant fuzzy linguistic term sets', 'information fusion', 'k-means clustering'] 

TOP-K 375: ['deep learning techniques', 'novel data augmentation strategy', 'hyperspectral image', 'object detection', 'recent years', 'significant breakthroughs'] 

Reference 375: ['data augmentation', 'deep learning', 'generative adversarial network (gan)', 'hyperspectral images (hsis)'] 

TOP-K 376: [['object sensitivity'], '0-order takagi-sugeno-kang fuzzy system', ['objective sensitivity'], 'interpretable sensitivity-ensemble-level', 'reasonable interpretability', 'imbalanced datasets', 'informative objects', 'promising classification performance'] 

Reference 376: ['ensemble learning', 'imbalanced classification', 'interpretability', 'object sensitivity', 'tsk fuzzy system'] 

TOP-K 377: ['tis prediction', 'gene regulation', ['translation initiation sites'], 'genomic sequences', 'raw genomic sequences', 'efficient fusion strategy', 'dependency patterns'] 

Reference 377: ['gated convolutional networks', 'gated recurrent units', 'residual networks', 'translation initiation sites'] 

TOP-K 378: ['supervised auxiliary learning tasks', 'contrastive learning methods', 'modalities', 'multimodal representation', 'modality-specific information', 'novel algorithm', 'downstream multimodal tasks', 'prior information', 'contrast'] 

Reference 378: ['correlation learning', 'multimodal emotion recognition', 'multimodal humor detection', 'multimodal representation learning', 'multimodal sentiment analysis'] 

TOP-K 379: [['multi-focus color image fusion'], 'color image processing', 'color pixel representation', ['color image denoising'], 'cross-channel correlation', 'recent years', 'color channels', 'suitable tool'] 

Reference 379: ['color image denoising', 'multi-focus color image fusion', 'quaternion higher-order singular value decomposition (qhosvd)', 'quaternion tensor'] 

TOP-K 380: ['trip inference', 'location-aware information fusion', 'trip data', 'poi popularity', 'temporal graph', 'prior knowledge'] 

Reference 380: ['contrastive learning', 'graph neural network', 'knowledge fusion', 'mobility learning', 'spatial–temporal graph'] 

TOP-K 381: ['two-tuple linguistic trust/distrust relationship', 'two-tuple ltr', 'indirect trust/distrust relationships', 'numerical trust degree', 'transformation rule', 'propagation operator'] 

Reference 381: ['large-scale group decision making', 'life cycle sustainability assessment', 'linguistic trust/distrust relationship', 'self-confidence', 'trust propagation'] 

TOP-K 382: ['contrastive learning pipeline', ['multimodal sentiment analysis'], 'multimodal representations', 'global view', 'previous state-of-the-art baselines', 'humor detection', 'extensive experiments', 'positive samples', 'multiple techniques'] 

Reference 382: ['contrastive learning', 'multimodal humor detection', 'multimodal representation learning', 'multimodal sentiment analysis'] 

TOP-K 383: ['mmpd-mdcnn technique', 'deep convolutional neural network', 'multimodal pedestrian detection system', 'different deep-learning models', ['crowd scenes'], ['crowded scenes']] 

Reference 383: ['computer vision', 'crowded scenes', 'deep learning', 'hyperparameter tuning', 'multi-modal', 'pedestrian detection'] 

TOP-K 384: ['heat kernel', 'affinity adjustment', ['parzen window'], 'uneven sampling', 'genuine neighbors', 'forces distant data points'] 

Reference 384: ['data affinity', 'graph laplacian regularization', 'manifold regularization', 'parzen window'] 

TOP-K 385: ['online public opinion trends', 'new information', 'online public opinion updates', 'prediction performance', 'old information', 'online public opinion.the data'] 

Reference 385: ['buffer operator', 'fractional order', 'new information priority', 'online public opinion', 'prediction'] 

TOP-K 386: ['recursive fusion estimation problem', ['state-saturated systems'], 'fusion estimation algorithm', 'instantaneous measurements', 'simulation example'] 

Reference 386: ['delayed measurements', 'fusion estimation', 'recursive estimation', 'sensor gain degradation', 'state-saturated system'] 

TOP-K 387: [['mutation-based fault localization'], ['pagerank algorithm'], 'tie problem', 'fault localization approach', ['mutation analysis'], 'mutation testing', 'popular method'] 

Reference 387: ['mutation analysis', 'mutation-based fault localization', 'pagerank algorithm', 'software fault localization'] 

TOP-K 388: ['average intermittent control', 'anaverage intermittent control interval', 'aic input', 'aic strategy', ['fixed-time synchronization'], ['dynamic networks'], 'control width'] 

Reference 388: ['aperiodic intermittent control', 'dynamic networks', 'fixed-time synchronization', 'time delay'] 

TOP-K 389: ['deep learning', 'vulnerability detection model', 'graph feature extraction stage', 'neutral code'] 

Reference 389: ['class separation', 'code property graph', 'graph attention network', 'jump structure', 'vulnerability detection'] 

TOP-K 390: [['evolutionary fuzzy systems'], 'efficient data processing', 'patterns', 'data streams', 'data stream', 'evolutionary algorithm', 'extraction', 'local model', 'subsequent fusion', 'different sources', 'informed approach'] 

Reference 390: ['data stream mining', 'distributed computing', 'evolutionary fuzzy systems', 'fuzzy rule-based systems'] 

TOP-K 391: ['traditional mcc', 'overadjustment', 'several emcc models', 'consensus constraints', 'individual opinions', ['explicit adjustment paths'], 'different types', 'single type'] 

Reference 391: ['consensus-reaching process (crp)', 'coordination elasticity', 'enhanced minimum-cost consensus (emcc)', 'explicit adjustment path', 'flexible consensus cost', 'individual consensus cost priority'] 

TOP-K 392: ['ptm-sffs', 'fine-tuned state-of-the-art encoders', 'automatic gender recognition', 'linguistic features', 'cqa sites', 'fine-tuned model', 'conventional statistical classifier', 'feature wrapper'] 

Reference 392: ['community question answering', 'gender recognition', 'natural language processing', 'pre-trained models', 'statistical classifiers', 'user analysis'] 

TOP-K 393: ['fm maintainability', 'white-box ml models', 'dymmer tool', 'fm maintainability evaluation', 'refactoring suggestion mechanism'] 

Reference 393: ['feature model', 'machine learning', 'quality assessment', 'software product lines'] 

TOP-K 394: ['sleep posture classification', ['wearable sensors'], 'joint angle measurements', 'advanced clinical assessments', 'embedded inertial measurement units', 'new framework', 'previous works', 'minimal set'] 

Reference 394: ['data augmentation', 'human posture', 'multi-classifier system', 'one-shot learning', 'sensor fusion', 'wearable sensors'] 

TOP-K 395: ['two-stage feature fusion network', 'embedding space', 'tail classes'] 

Reference 395: ['feature fusion network', 'feature representations', 'head and tail classes', 'long-tailed learning'] 

TOP-K 396: ['image spatial information', 'fuzzy clustering methods', 'affinity/similarity matrix', 'novel affinity matrix', 'data points', 'similar memberships', 'excellent segmentation results.membership'] 

Reference 396: ['image segmentation', 'information fusion', 'region level information', 'regularized fuzzy clustering'] 

TOP-K 397: ['fuzzy three-way concept', 'cosine similar granules', 'concept cognition', 'concept learning', ['knowledge fusion'], 'memory mechanisms', ['dynamic data classification']] 

Reference 397: ['concept-cognitive learning', 'dynamic data classification', 'granular computing', 'knowledge fusion', 'three-way decision'] 

TOP-K 398: ['unlabeled source data', 'vehicle re-id', 'pre-training phase', 'extensive unlabeled source data', 'novel progressive few-shot uda', 'id constraints', 'labeled ones'] 

Reference 398: ['domain difference penalty term', 'dual constraint label smoothing regularization loss', 'pseudo label refinement', 'unsupervised domain adaptation', 'vehicle re-identification'] 

TOP-K 399: ['power-aware tensor cores', ['tensor cores'], 'nvidia gpgpus', 'power gating', 'two-sided sparsity', 'neural networks', 'inputs', 'long intervals'] 

Reference 399: ['accelerator architecture', 'deep neural networks', 'energy', 'tensor core'] 

TOP-K 400: ['bitcn_drsn model', 'bidirectional tcn model', ['deep residual shrinkage network'], 'traditional tcn', 'improved detection stability'] 

Reference 400: ['deep learning', 'deep residual shrinkage network', 'software security', 'vulnerability detection'] 

TOP-K 401: ['biological vision', 'visual-response simulation', 'multiscale decomposition', 'hvs', ['human visual system'], 'human visual response', 'image intensities', 'fusion process', 'complex scenes', 'feature fusion', 'perceptual state', 'external physical factors', 'image structures', 'framework', 'different scales'] 

Reference 401: ['human visual system', 'infrared and visible image fusion', 'multiscale structure decomposition', 'perceptual fusion framework', 'saliency aggregation'] 

TOP-K 402: [['privacy'], ['blockchain'], 'illegal transactions', 'privacy preserving', 'normal transaction', 'original system', 'transaction contents'] 

Reference 402: ['anonymous', 'blockchain', 'digital currency system', 'privacy', 'regulatory'] 

TOP-K 403: ['deep-learning registration methods', 'pcnet', 'phase congruency network', ['multimodal images'], 'structure similarity', 'registration accuracy', 'complementary part'] 

Reference 403: ['convolutional neural network', 'image registration', 'multimodal image', 'multispectral image', 'phase congruency', 'similarity enhancement'] 

TOP-K 404: ['cpdp', 'cpdp models', 'ensemble classification framework', 'classification framework', 'main objectives'] 

Reference 404: ['cross-project defect prediction', 'ensemble learning', 'machine learning', 'prediction analysis', 'probabilistic weighted majority voting'] 

TOP-K 405: ['ppg signal', 'bp prediction', 'systolic bp', 'end-to-end network', 'adaptive multitask weighted loss', 'diastolic bp', 'task level information fusion', 'sample level information fusion', 'label distribution', 'end-to-end model', 'frequency domain', 'modeling bp prediction', 'time domain', 'feature fusion', 'different modalities'] 

Reference 405: ['blood pressure', 'information fusion', 'label distribution learning', 'multitask learning', 'photoplethysmogram (ppg)'] 

TOP-K 406: ['self-imitation-based gcrl approaches', ['self-imitation learning'], ['goal-conditioned reinforcement learning'], 'large-scale tasks', 'sample efficiency', 'superior policy'] 

Reference 406: ['behavior cloning', 'deterministic policy gradient', 'goal-conditioned reinforcement learning', 'self-imitation learning'] 

TOP-K 407: ['hate speech', 'hate speech detection performance', 'implicit hate speech', 'gab datasets', 'various metrics'] 

Reference 407: ['back-translation', 'gpt', 'hate-detection', 'tta'] 

TOP-K 408: ['cross-lingual entity alignment', 'knowledge representation learning', 'multi-view krl', 'pre-fused knowledge graph', 'remarkable achievements'] 

Reference 408: ['entity alignment', 'entity embedding', 'knowledge fusion', 'knowledge graph'] 

TOP-K 409: ['deep learning frameworks', 'deep neural networks', 'compression methods.distributed training', 'training time', 'wide range'] 

Reference 409: ['data compression', 'deep learning', 'distributed computing', 'optimization', 'performance'] 

TOP-K 410: ['high-performance computing', 'hpc applications', 'visualization capabilities', 'production analysis tools', 'direct access'] 

Reference 410: ['colza', 'elastic', 'in situ analysis', 'in situ visualization', 'mochi'] 

TOP-K 411: ['medical images', 'dual-encoder structure', 'public image classification datasets', 'novel prior-guided variational autoencoder', 'target medical dataset', 'target feature', 'specific features', 'encoder'] 

Reference 411: ['deep learning', 'domain adaption', 'few-shot learning', 'medical image classification', 'variational autoencoder'] 

TOP-K 412: ['real-time video', 'arbitrary objects', 'multiple objects', 'aforementioned problems', 'challenging task'] 

Reference 412: ['motion estimation', 'multiple visual object tracking', 'siamese cnn'] 

TOP-K 413: [['vulnerability detection'], 'bug injection framework', 'buggy code', 'transfer learning techniques', 'specific types'] 

Reference 413: ['bug injection', 'smart contract', 'transfer learning', 'vulnerability detection'] 

TOP-K 414: [['delaunay triangulations'], 'expanded non-convex hulls', 'expandable non-convex hulls', ['one-class classification'], 'iterative process', 'normal class data', 'simple polygons', 'non-convex shape', 'target class'] 

Reference 414: ['convex hull', 'delaunay triangulation', 'ensemble learning', 'machine learning', 'one-class classification', 'random projections'] 

TOP-K 415: [['quantum software architecture'], 'software-intensive systems', 'architectural process', 'quantum computing software', 'quantum software', 'architecture design patterns', 'modelling notations', ['systematic literature review'], 'tool support', 'leverage architecture-centric processes', 'challenging factors', 'description languages', 'abstraction levels'] 

Reference 415: ['quantum computing', 'quantum software architecture', 'quantum software engineering', 'systematic literature review'] 

TOP-K 416: ['parallel processing', 'component edge-connectivity', 'graph kln', 'computing systems', 'k', 'k processors', 'n ≥', 'attractive interconnection networks', 'maximum degree sum'] 

Reference 416: ['algorithm', 'hamming graph', 'interconnection networks', 'k-component edge-connectivity', 'link fault tolerance'] 

TOP-K 417: ['tracing-based performance analysis framework', 'dpdk application bugs', 'dpdk applications', 'performance bugs'] 

Reference 417: ['dpdk', 'performance analysis', 'root cause analysis', 'tracing', 'troubleshooting'] 

TOP-K 418: ['mars', 'microservice antipatterns', 'microservice-based systems', 'average precision'] 

Reference 418: ['antipatterns', 'detection', 'maintenance', 'microservices'] 

TOP-K 419: ['semantic-aware maps', 'spatial structure information', 'fusion', 'visible image registration', 'related processes', 'accurate registration.infrared', 'attractive problem'] 

Reference 419: ['deep learning', 'multimodal image matching', 'registration and fusion', 'semantic aware', 'unified framework'] 

TOP-K 420: [['multimodal feature fusion'], 'thermal infrared camera', 'weight matrix', 'human appearance', 'optimal performance', 'visible input', 'additional data'] 

Reference 420: ['human behavior recognition', 'multimodal feature fusion', 'thermal and visible imaging'] 

TOP-K 421: ['incomplete multi-view bipartite clustering', 'misaligned anchor sets', 'bipartite graphs', 'clustering performance', 'consistent graph semantic structure', 'novel cross-view graph', ['anchor alignment'], 'subsequent graph fusion', 'different views'] 

Reference 421: ['anchor alignment', 'bipartite graph learning', 'incomplete multi-view clustering', 'low-rank tensor'] 

TOP-K 422: ['multi-objective empirical complexity', 'service instances', 'service instance', 'programming interface', 'mathematical functions', 'input parameters'] 

Reference 422: ['edge computing', 'empirical complexity', 'predictive model', 'web services'] 

TOP-K 423: ['distributed-memory environments', 'nonblocking shared-memory ones', 'distributed-memory case', 'data structures', 'several recent studies', 'novel tailor-made nonblocking', 'great wealth'] 

Reference 423: ['aba problem', 'distributed-memory systems', 'global memory reclamation', 'nonblocking data structures', 'nonblocking stacks'] 

TOP-K 424: [['human action recognition'], 'resnext101 architecture', 'human actions', 'action recognition module', ['aerial videos']] 

Reference 424: ['aerial videos', 'dataset', 'human action recognition', 'human detection', 'uav'] 

TOP-K 425: ['pseudo-ground-truth multi-spectral images', 'deep learning-based methods', ['deep spectral transformation'], 'satellite data', 'progressive pansharpening network', 'high-quality images', 'different resolutions', 'full use'] 

Reference 425: ['deep learning', 'deep spectral transformation', 'image fusion', 'pansharpening', 'progressive fusion strategy'] 

TOP-K 426: [['point cloud'], 'ambiguous local features aggregation', 'semantic space', 'poor global features extraction', 'geometric structure', 'geometric space', 'mutual supervision mechanism', 'semantic representation', 'unordered data property', 'fuse complementary information'] 

Reference 426: ['geometric space learning', 'information fusion', 'point cloud', 'semantic space learning'] 

TOP-K 427: ['amerced dynamic time warping', 'time series distance measure', 'non-linear alignments', 'dtw variant', 'additive cost.dynamic time warping'] 

Reference 427: ['dynamic time warping', 'elastic distance', 'time series'] 

TOP-K 428: [['svms'], ['support subset'], 'new methods'] 

Reference 428: ['alpha seeding', 'incremental learning', 'retraining', 'support subset', 'svm'] 

TOP-K 429: ['role-based automata', 'roles', 'compositional modeling framework', 'context-dependent properties'] 

Reference 429: ['feature-oriented systems', 'formal methods', 'model checking', 'role-oriented systems', 'software product lines'] 

TOP-K 430: [['graph classification'], 'new graph datasets', 'edge feature learning', 'performance enhancement', 'shapenet part'] 

Reference 430: ['gcnns', 'graph classification', 'graph construction', 'graph datasets'] 

TOP-K 431: ['graph classification', 'multi-hop graph neural network', 'markov clustering', 'graph-level representation', 'graph benchmark datasets', 'extensive experiments', 'superior performance'] 

Reference 431: ['graph data mining', 'graph neural network', 'graph pattern recognition', 'graph-level representation learning'] 

TOP-K 432: ['visual image recognition framework', 'deep learning', 'multi-level comparison', 'advanced computer technology', 'accurate image', 'images.computer-based visual recognition technology', 'mark'] 

Reference 432: ['computer vision', 'edge computing', 'image recognition', 'labeling', 'machine learning'] 

TOP-K 433: [['node embeddings'], 'graph structure', 'different node classification benchmarks', 'empirical evidence', 'separate clustering step'] 

Reference 433: ['community detection', 'graph representation learning', 'interpretable machine learning', 'node embedding'] 

TOP-K 434: ['different test oracles', ['precision bugs']] 

Reference 434: ['deep learning framework', 'hierarchical and heuristic model generation', 'precision bug', 'software testing'] 

TOP-K 435: [['traffic prediction'], 'different deep learning models', 'simple statistical models', 'recent complex integration', 'past decades'] 

Reference 435: ['hybrid deep learning model', 'intelligent transportation system', 'large-scale road networks', 'traffic prediction'] 

TOP-K 436: ['weighted tensor nuclear norm', 'deep image priors', 'natural images', 'neural network', 'deep denoiser', 'weighted sum', 'accurate background estimation', 'implicit regularizer', 'large number'] 

Reference 436: ['deep denoiser prior', 'infrared small target detection', 'low-rank prior', 'plug-and-play'] 

TOP-K 437: [['embedded systems'], 'quality attributes', 'maintainability attribute', 'qualitative analysis', 'specific practices', 'general perspective'] 

Reference 437: ['embedded systems', 'empirical study', 'quality factors'] 

TOP-K 438: ['image fusion methods', 'af application', 'different input dimensions'] 

Reference 438: ['computational imaging', 'depth-of-field extension', 'generative image fusion network', 'm'] 

TOP-K 439: ['affective correspondence learning', 'new datasets', 'video modalities'] 

Reference 439: ['affective audio–visual correspondence learning', 'affective computing', 'affective music-video retrieval', 'emomv dataset collection', 'emotion-based matching', 'multi-task learning deep neural networks'] 

TOP-K 440: ['deep snmf', 'multi-view clustering algorithm', 'multiple views', 'effective clustering', 'issues.multi-view clustering'] 

Reference 440: ['deep learning', 'multi-view clustering', 'multi-view fusion', 'semi-nonnegative matrix factorization'] 

TOP-K 441: ['stock price movements', 'news sentiments', 'real stock price movements', 'real market sentiments', 'embedding feature generator', 'target stocks', 'news', 'previous studies', 'numerical features'] 

Reference 441: ['event-driven investing', 'multi-source aggregating', 'sentiment analysis', 'stock prediction'] 

TOP-K 442: ['fuzzy rough computing model', 'multi-fuzzy granules', 'paper constructs', 'detection method'] 

Reference 442: ['fuzzy rough set theory', 'granular computing', 'hybrid data', 'multi-granularity', 'unsupervised anomaly detection'] 

TOP-K 443: ['kernel-based feature aggregation framework', 'supervised 3d object classification', '3d point cloud', '3d point cloud analysis', 'advanced feature aggregation methods', 'max-pooling', '3d part segmentation', 'indoor semantic segmentation', 'analysis tasks', 'representative backbones'] 

Reference 443: ['deep learning', 'feature aggregation', 'kernel', 'point cloud', 'pooling'] 

TOP-K 444: ['model interpretability', 'structural constraints', 'intelligent model', 'task objective', 'performance.the interpretability'] 

Reference 444: ['explainability', 'explainable artificial intelligence', 'generalised additive models', 'interpretability', 'interpretable modelling', 'neural additive models'] 

TOP-K 445: [['semantic segmentation'], 'depth information', 'feature space'] 

Reference 445: ['knowledge transfer', 'multi-modal learning', 'self-supervised learning', 'semantic segmentation', 'unsupervised domain adaptation'] 

TOP-K 446: ['resource-rich languages', 'large-scale datasets', 'open-ended answers', 'first large-scale dataset', 'tremendous growth', 'answer pairs'] 

Reference 446: ['information fusion', 'low-resource languages', 'multimodal representation', 'vision-language understanding', 'visual question answering'] 

TOP-K 447: ['adversarial scratches', 'novel l0 black-box attack', 'state-of-the-art attacks', 'search space', 'specific location'] 

Reference 447: ['adversarial attacks', 'adversarial perturbations', 'bézier curves', 'convolutional neural networks', 'deep learning'] 

TOP-K 448: [['multiple optimal feature subsets'], 'feature selection performance', 'population diversity', 'modification operator'] 

Reference 448: ['classification', 'differential evolution', 'feature selection', 'multiple optimal feature subsets'] 

TOP-K 449: [['image denoising'], 'eff-net', ['dynamic hash attention'], 'frequency fusion network', 'extensive experiments', 'superior performance'] 

Reference 449: ['decomposition frequency', 'dynamic hash attention', 'enhanced frequency fusion', 'image denoising', 'transformer'] 

TOP-K 450: [['cloud federation'], 'cloud data centers', ['energy consumption'], 'federated environment', 'multi-objective algorithm', 'data centers', 'carbon emission', 'energy cost', 'initial vm placement', 'vm consolidation approaches', 'multiple cloud providers', 'recent years', 'carbon tax', 'total expenses', 'crucial role'] 

Reference 450: ['ant colony system (acs)', 'cloud computing', 'cloud federation', 'energy consumption', 'virtual machine placement (vmp)'] 

TOP-K 451: [['linux kernel'], 'cross-dataset evaluation', 'related datasets', 'first large-scale dataset', 'superior generalization ability', 'benchmark results', ['dataset'], 'detection'] 

Reference 451: ['anomaly detection', 'dataset', 'deep learning', 'kernel bug', 'linux kernel', 'system calls'] 

TOP-K 452: ['low-frequency rain removal sub-networks', 'low-frequency sub-images', 'state-of-the-art approaches', 'rain images', 'real image datasets', 'excellent deraining effect', 'experimental results', 'low-frequency preservation'] 

Reference 452: ['image weighted blending', 'recurrent wavelet residual network', 'single image deraining', 'structure preservation'] 

TOP-K 453: ['hybrid trust network', 'dynamic hybrid trust network', 'dms', 'decision-making efficiency', 'consensus model', 'social relationships'] 

Reference 453: ['consensus reaching', 'dynamic social networks', 'large-scale group decision-making', 'spectral clustering', 'willingness to cooperate'] 

TOP-K 454: ['natural habits-based behavioural biometrics', 'iot sensors', 'footstep behavioural biometrics modalities', 'smart devices', 'touch signature', 'user recognition purposes', 'comprehensive review'] 

Reference 454: ['behavioural biometrics', 'internet of things (iot)', 'privacy', 'secutity', 'usability', 'user recognition'] 

TOP-K 455: ['anime line art videos', 'transformation region enhancement network', 'color frames', 'key transformation regions', 'line art frames', 'useful reference information', 'automatic colorization', 'geometric transformations', 'frame sequences', 'feature enhancement module', 'various motions', 'reference color images', 'region localization module', 'target frames', 'significant transformations'] 

Reference 455: ['anime video', 'gan', 'synthesis', 'video coloring'] 

TOP-K 456: ['multi-view data', 'graph geometric structure', ['smooth representation'], 'downstream clustering task'] 

Reference 456: ['graph filtering', 'multi-view learning', 'smooth representation', 'subspace clustering'] 

TOP-K 457: ['nyu depth v2', 'current state-of-the-art methods', 'stanford 2d-3d-semantic', 'surface normals', 'single rgb image', 'monocular depth', ['surface normal estimation'], 'kitti datasets', 'superior performance', 'simultaneous prediction'] 

Reference 457: ['attention map', 'depth estimation', 'multi-stage information fusion', 'multitask learning', 'surface normal estimation'] 

TOP-K 458: ['cross-sectional biomarkers', 'longitudinal 3d mri volumes', 'six-months time span', 'cognitive scores', 'baseline visit'] 

Reference 458: ['3d cnn', 'ad progression detection', 'explainable ai', 'multimodal information fusion', 'time-series data analysis'] 

TOP-K 459: ['personnel development programs', 'organizational structures', 'organizational factors', 'secure robotic systems', 'overarching model', 'development', 'current study'] 

Reference 459: ['human factors', 'human resource management', 'robotic systems', 'safety', 'security', 'software engineering'] 

TOP-K 460: ['ambiguous ground truth', 'multi-classification ml problems', 'subject-to-subject variability', 'machine learning', 'class imbalances', 'poor predictive models', 'low samples', 'ml models', 'experimental design', 'cognitive research', 'human performance', 'shafer theory', 'wide data'] 

Reference 460: ['experimental data variability', 'human performance prediction', 'sensor fusion', 'small experimental sample size', 'uncertain ground truth', 'uncertainty modeling'] 

TOP-K 461: ['multimodal fake news detection', 'inconsistency reasoning', 'social media communities', 'multimodal content', 'explainable fake news detection', 'multimodal inconsistent semantics', 'multimodal fusion', 'rapid growth'] 

Reference 461: ['fake news detection', 'multimodal content analysis', 'natural language processing', 'social media analysis'] 

TOP-K 462: [['trustworthiness models'], 'clustering-based approach', 'code', 'several trustworthiness models', ['software metrics'], 'code units', 'security perspective'] 

Reference 462: ['code categorization', 'code security review', 'machine learning', 'software metrics', 'software security', 'trustworthiness model'] 

TOP-K 463: ['subjective benchmark dataset', 'subjective vif-iqa specification', ['semantic-relation transformer'], 'infrared fused quality assessment', 'semi-reference objective assessment method', 'road scene datasets', 'transformer encoder', 'decoder framework'] 

Reference 463: ['image quality assessment', 'multi-head self-evaluation', 'semantic-relation transformer', 'visible and infrared images fusion'] 

TOP-K 464: ['multi-view learning', 'adaptive collaborative fusion method', 'label information', 'multi-view data.multi-view semi-supervised classification', 'appropriate representation', 'challenging task'] 

Reference 464: ['adaptive graph fusion', 'collaborative fusion', 'feature projection', 'multi-view data fusion', 'semi-supervised multi-view classification'] 

TOP-K 465: ['3d data', 'segmentation techniques', 'point clouds', 'human body'] 

Reference 465: ['3d data acquisition', 'automated point cloud segmentation', 'human body silhouette segmentation', 'surface measurement'] 

TOP-K 466: ['t-partition-edge fault-tolerant hamiltonian', 't-partition-edge fault-tolerant hamiltonian laceable', ['hamiltonian laceable'], 'hamiltonian paths', 'faulty edges', '1-partition-edge fault-tolerant hamiltonian laceable', ['balanced hypercubes'], 'measures', '2n −', 'n ≥'] 

Reference 466: ['balanced hypercubes', 'exponential faults', 'fault tolerance', 'hamiltonian laceable', 'interconnection networks'] 

TOP-K 467: ['stock group-wise relationships', 'heterogeneous hypergraphs', 'stocks', 'stock movements', 'potential synergies', 'information propagation', 'pairwise correlations', 'collective group'] 

Reference 467: ['attention mechanism', 'hypergraph convolutional networks', 'stock investment simulation', 'stock trend prediction'] 

TOP-K 468: [['face clustering'], 'non-overlapping community detection', 'robust framework', 'unsupervised manner'] 

Reference 468: ['face clustering', 'graph partitioning', 'map equation'] 

TOP-K 469: ['test program execution', 'testing activities', 'microservices paradigm', 'test program code', 'symbolic execution engine', 'suitable strategies'] 

Reference 469: ['automated reasoning', 'microservices architecture', 'program instrumentation', 'software testing', 'symbolic execution', 'test program similarity'] 

TOP-K 470: ['kernel-based l1 norm prevm', 'new l0 norm constraint', 'high fire detection rate', 'fire class', 'precise control', ['error warning rate']] 

Reference 470: ['dual representation', 'error warning rate', 'fire detection rate', 'forest fire detection', 'svm'] 

TOP-K 471: ['convolutional neural networks', 'intra-hour solar forecasting algorithm', 'visible light sky images', 'forecast skill'] 

Reference 471: ['bayesian networks', 'bayesian optimization', 'deep learning', 'girasol dataset', 'sky imaging', 'solar forecasting'] 

TOP-K 472: ['context-oriented programming languages', 'context-aware systems', 'major context-oriented programming themes', 'limited extent'] 

Reference 472: ['comparison', 'context-oriented programming', 'evaluation'] 

TOP-K 473: ['knn algorithm', 'distance computations', 'machine learning', 'data science', 'neighbors.k-nearest neighbor', 'significant role', 'various fields', 'required number'] 

Reference 473: ['classification', 'hashing', 'nearest neighbors', 'windowing operation'] 

TOP-K 474: ['rigorous non-disjoint discretization', 'non-disjoint discretization method', ['naive bayes'], 'qualitative attributes', 'quantitative attributes', 'multiple occurrences', 'single value', 'classical machine', 'systematic manner'] 

Reference 474: ['discretization', 'naive bayes', 'proportional weighting', 'singleton interval'] 

TOP-K 475: ['cryo-em task', 'energy-decaying feature', 'certain conditions'] 

Reference 475: ['cryogenic electron microscopy', 'forward-backward splitting algorithm', 'single-particle reconstruction', 'three-dimensional weighted nuclear norm minimization'] 

TOP-K 476: ['smart contract function', 'program dependency graph', 'graph representation', 'abstract syntax tree', 'control flow graph', 'semantic features', 'presentation ability', 'redundant information'] 

Reference 476: ['code representation', 'graph neural network', 'smart contract', 'vulnerability detection'] 

TOP-K 477: ['dnn inference', 'dag dnn', 'early-exit dag-dnn inference', 'dnn partition', 'optimal dnn partition', 'on-demand inference acceleration', ['edge computing'], 'minimum cut problem', 'cloud collaboration', 'general feasible solution'] 

Reference 477: ['cloud computing', 'computation offloading', 'deep neural networks', 'edge computing', 'edge intelligence'] 

TOP-K 478: ['candidate images', ['verification network'], 'similarity scores', 'probe image', 'local details', 'similar images', 'shot list', 'retrieval module'] 

Reference 478: ['cloth changing person re-identification', 'part-based comparison', 're-rank', 'specialized features', 'verification network'] 

TOP-K 479: ['mobile edge computing server', 'mobile edge computing system', 'offloading strategy', 'multiple mobile devices', 'mobile device', 'energy consumption', 'computation tasks', 'limited resources', 'long term'] 

Reference 479: ['computation offloading', 'deep deterministic policy gradient', 'double deep q-networks', 'mobile edge computing', 'power control'] 

TOP-K 480: ['yolox', ['decoupled head'], 'real-time applications', 'impressive performance', ['label assignment'], 'real-time settings', 'optimal accuracy'] 

Reference 480: ['decoupled head', 'label assignment', 'object detection', 'yolo series'] 

TOP-K 481: ['new general decomposition method', 'spherical images', 'superpixel-based applications', 'wide 360o', 'path-based superpixels', '360o images', 'spherical state-of-the-art approaches', 'segmentation accuracy', 'interesting tool'] 

Reference 481: ['3d spherical images', 'shape regularity', 'superpixels', 'unsupervised segmentation'] 

TOP-K 482: ['roberta-based multimodal fusion transformer', 'multimodal learning', 'multimodal learning methods', 'co-learning method', 'classification system', 'score-level fusion approaches', 'feature-level fusion methods', 'data imbalance', 'embedding vectors', 'recognition performance', 'different models', 'different dimensions'] 

Reference 482: ['classification', 'multi-modal', 'multimedia', 'natural disasters'] 

TOP-K 483: ['novel registration-free fusion method', 'image registration', 'translational displacement', 'visible image fusion', ['visible images'], 'end-to-end framework', 'first work', 'strict registration'] 

Reference 483: ['feature-alignment', 'image fusion', 'infrared image', 'translational misalignment', 'visible image'] 

TOP-K 484: [['student academic performance'], 'course final mark prediction', 'high-performance prediction framework', 'academic prediction performance', 'conventional machine learning-based methods', 'imbalanced academic datasets', 'sparse discriminative features', 'student behaviors', 'massive educational data', 'imbalanced data issue', 'probe sap characteristics'] 

Reference 484: ['educational data mining (edm)', 'imbalanced data management', 'sap prediction', 'student academic performance', 'xgboost-enhanced method'] 

TOP-K 485: ['privacy-aware framework', 'new privacy-aware framework', 'iomt heterogeneous data', 'iomt data', 'deep contractive autoencoder', 'heterogeneous iomt data', ['quantum deep learning'], 'data privacy', 'sensitive data privacy protection', 'deep learning', ['data fusion'], 'cloud nodes', 'efficient attack detection', 'quantum neural network', 'differential privacy'] 

Reference 485: ['attack detection', 'data fusion', 'neural network', 'privacy-aware', 'quantum deep learning'] 

TOP-K 486: ['long-tailed recognition methods', 'accurate long-tailed recognition', 'presentation gap', ['prior gap']] 

Reference 486: ['image recognition', 'long-tailed learning', 'prior gap', 'representation gap'] 

TOP-K 487: ['d-nisq model', 'nisq devices', 'quantum processors', 'innovative computing architectures', 'current quantum computers', 'hierarchical architecture', 'hard problems', 'proper quantum algorithm', 'problem', 'fuse output quantum information', 'final solution', 'strong need', 'reliable way'] 

Reference 487: ['distributed architectures', 'quantum algorithms', 'quantum computing'] 

TOP-K 488: ['multi-view information fusion', 'cluster structures', 'multi-view data.multi-view clustering', 'label supervision', 'multiple views', 'single factor', 'effective approach'] 

Reference 488: ['clustering analysis', 'interpretability of multi-view learning', 'multi-view disentangled representation learning'] 

TOP-K 489: ['multi-channel zernike moments', 'deep convolutional neural networks', 'color object classification', 'rotation-invariant approaches', 'state-of-the-art approaches', 'experimental results', 'limited data'] 

Reference 489: ['bag-of-visual-words', 'convolutional neural networks', 'object classification', 'rotation invariance', 'zernike moments'] 

TOP-K 490: ['sub-anatomical structures', 'multi-type self-generated knowledge', 'multi-level information', 'ultrasound images', 'superpixel method'] 

Reference 490: ['anatomically constrained neural network (acnn)', 'deep neural networks (dnns)', 'dual closed-loop network (dclnet)', 'full convolution network (fcn)', 'multi-level and multi-type self-generated (mm-sg)', 'slic (simple linear iterative clustering) algorithm'] 

TOP-K 491: ['time-varying trust coefficients', ['trust model'], 'multi-user scenarios', 'user terminals', 'lightweight trust evaluation mechanism', 'resource allocation algorithm', 'centralized training', 'edge server entities', 'implementation architecture'] 

Reference 491: ['edge computing', 'resource allocation', 'task offloading', 'trust model'] 

TOP-K 492: [['distribution linguistic preference relations'], 'new ordinal consistency', 'expectation-based matrixes', ['ordinal consistency'], 'numerical scale matrixes', 'consensus model', ['cardinal consistency']] 

Reference 492: ['cardinal consistency', 'consensus reaching processes', 'distribution linguistic preference relations', 'optimization models', 'ordinal consistency'] 

TOP-K 493: [['fuzzy incomplete information systems'], 'probability tolerance dominance relation', ['fuzzy incomplete information system'], 'evaluation values', 'objective weights', 'binary relation'] 

Reference 493: ['fuzzy incomplete information system', 'multi-attribute decision-making', 'priori probability tolerance dominance relation', 'regret theory', 'three-way decision'] 

TOP-K 494: [['spiking neural networks'], 'novel ood detector', 'neural network', 'traditional neural networks', 'test examples input', 'efficient processing', 'model complex temporal dynamics', 'last years', 'inherent ability'] 

Reference 494: ['explainable artificial intelligence', 'model fusion', 'out-of-distribution detection', 'relevance attribution', 'spiking neural networks'] 

TOP-K 495: ['cluster energy-saving optimization', 'on/off state', 'cpu frequency', 'energy-saving optimization strategy', ['application server clusters'], ['mixed integer linear programming'], 'optimization content', 'load size', 'problem'] 

Reference 495: ['application server cluster', 'energy-saving optimization', 'homogeneity', 'mixed integer linear programming', 'switching jitter'] 

TOP-K 496: ['convolutional neural networks', 'multi-spectral image patch matching', 'end-to-end metric learning method', 'low-level information', 'matching approaches', 'robust cross'] 

Reference 496: ['domain conversion', 'image matching', 'sensor fusion', 'stereo matching', 'vis–nir'] 

TOP-K 497: [['quantum-like bayesian network'], ['belief entropy'], 'extension method', 'previous research', 'interference value'] 

Reference 497: ['belief entropy', 'deng entropy maximum method', 'interference of beliefs', 'multi-attribute group decision making', 'quantum-like bayesian network', 'subjectivity'] 

TOP-K 498: [['smart contract vulnerability detection'], 'ea-rgcn model', ['graph convolutional networks'], 'semantic graph', 'novel semantic graph', ['edge attention'], 'experimental results', ['residual blocks'], 'function level'] 

Reference 498: ['code graph', 'edge attention', 'graph convolutional networks', 'residual block', 'smart contract vulnerability detection'] 

TOP-K 499: ['decision support techniques', 'decision support technique', 'simulation methodology', 'analytical hierarchy process', 'consistency criterion', 'case study example', 'paper', 'different aspects', 'rational way'] 

Reference 499: ['analysis of decision support techniques', 'error', 'inconsistency', 'intentional bounded rationality methodology'] 

TOP-K 500: ['huawei davinci ai core', 'real-world davinci kernels', ['performance model'], 'specially-crafted micro-benchmarks', 'runtime behaviors', 'contention source', 'bandwidth sharing', 'execution time'] 

Reference 500: ['ai processors', 'benchmarking', 'performance modeling'] 

TOP-K 501: ['directional variance attention network', 'long-range spatial dependencies', 'inter-channel dependencies', 'novel directional variance attention', 'discriminative representations', 'accurate network'] 

Reference 501: ['attention mechanism', 'efficient network', 'single image super-resolution'] 

TOP-K 502: ['deep learning methods', 'graph matching tasks', 'reliable node-to-node correspondences', 'various graph matching problems', 'subgraph structural arrangement attributes', 'graph embedding setting', 'different graphs', 'relative position attributes'] 

Reference 502: ['deep neural network', 'graph embedding', 'graph matching'] 

TOP-K 503: ['convolutional neural network', 'cnn', 'channel selection mechanism', 'individual eeg channels', 'different brain regions', 'classification model', 'rigorous performance analysis', 'different machine learning'] 

Reference 503: ['convolutional neural network (cnn)', 'electroencephalography (eeg)', 'logistic regression', 'schizophrenia'] 

TOP-K 504: ['pareto search', 'multi-criteria optimization', 'heuristic pareto search', 'available many-criteria test-optimization algorithm', 'state-of-the-art approach', 'optimality gap knowledge', 'multi-criteria framework'] 

Reference 504: ['industrial-scale optimization', 'regression testing', 'software testing', 'test case selection'] 

TOP-K 505: ['image-level fusion', 'sota image-level fusion alternatives', 'high-level semantics', 'semantic-driven methods', ['high-level vision tasks'], ['feature-level fusion'], 'multi-modal features', 'extensive comparative experiments', 'visual appeal', 'semantic requirements', 'downstream applications'] 

Reference 505: ['feature-level fusion', 'high-level vision task', 'image fusion', 'progressive semantic injection', 'scene fidelity'] 

TOP-K 506: [['bubble-sort networks'], 'bubble-sort networks bn', 'non-recursive algorithm'] 

Reference 506: ['bubble-sort networks', 'independent spanning trees', 'interconnection networks'] 

TOP-K 507: [['image synthesis'], ['gans'], 'learning-aware feature', 'real images', 'robust identification features', 'input images', 'great prospects', 'discriminator.although generative adversarial networks'] 

Reference 507: ['feature denoising', 'gans', 'image synthesis', 'robustness'] 

TOP-K 508: ['auxiliary tasks', 'one-shot instance segmentation', 'instance semantic matching', 'contrastive instance discrimination', 'multiple tasks', 'primary task'] 

Reference 508: ['auxiliary learning', 'contrastive learning', 'instance segmentation', 'rgbt tracking', 'semantic matching'] 

TOP-K 509: ['haemoglobin concentration', 'new grace plus score', 'f-1 score', 'risk factors', 'additional risk factors information', 'patients', 'discrimination performance', 'additional risk factor', 'important vectors', 'admission', 'grace'] 

Reference 509: ['acute coronary syndrome', 'correction factor', 'data fusion', 'grace risk score', 'machine learning'] 

TOP-K 510: ['blockchain consensus protocols', 'blockchain technology', 'consensus protocol', 'security', 'security problems', 'blockchain systems', 'security assurance approaches', 'validation methods', 'safety', 'comprehensive survey', 'potential safety', 'profound impact'] 

Reference 510: ['blockchain consensus', 'challenges', 'consensus safety', 'consensus security'] 

TOP-K 511: ['mechatronic td incidents', 'td contagiousness', 'td causal chains', 'industrial automation', 'td patterns', 'td management', 'industrial automation sector', 'future research', 'td metrics', 'first in-depth analysis', 'multidisciplinary engineering', 'expert interviews', 'quantitative analysis approach', 'study', 'repayment strategies'] 

Reference 511: ['causes', 'consequences', 'life cycle', 'mechatronic product', 'mechatronics', 'technical debt'] 

TOP-K 512: [['semantic versioning'], 'illegal api extension', ['breaking change'], 'previous result'] 

Reference 512: ['api evolution', 'breaking changes', 'compatibility', 'maven central', 'method popularity', 'semantic versioning'] 

TOP-K 513: ['pwsns', 'cusp-squared square tile', ['connected k-coverage'], 'k sensors', 'minimum planar sensor density'] 

Reference 513: ['connected k-coverage', 'planar wireless sensor networks', 'sensor density', 'square tessellation'] 

TOP-K 514: ['iot software systems engineering', 'engineering iot software systems', 'iot roadmap', 'different concerns', 'applicable recommendations', 'feasible instrument', 'support researchers'] 

Reference 514: ['evidence-based software engineering', 'internet of things', 'system engineering'] 

TOP-K 515: ['data aggregation techniques', 'weighting methods', 'multiple source aggregation', 'general gdm framework', 'in-depth literature review', 'experts', 'analysis type', 'widely-used techniques'] 

Reference 515: ['expert weights', 'group decision-making', 'magdm', 'mcgdm', 'multiple criteria group decision-making'] 

TOP-K 516: [['adaptive region-aware fpn'], 'adaptive region information', 'distinguishable roi features', 'scale inconsistency', 'ar-rff', 'original features'] 

Reference 516: ['adaptive region-aware fpn', 'adaptive region-aware roi feature fusion', 'feature enhancement', 'object detection'] 

TOP-K 517: ['5g-enabled pico/femtocells', 'multi-hop co scheme', 'first phase', 'second phase', 'leverage expensive mining tasks', 'fair incentive policy'] 

Reference 517: ['5g', 'data offloading', 'mining-as-a-service', 'mobile blockchain', 'mobile edge computing'] 

TOP-K 518: [['depth fusion'], ['binocular stereo vision'], 'novel 3d reconstruction method', 'high quality 3d reconstruction', ['polarization imaging'], 'joint 3d reconstruction model', 'data fitting term', 'complementary techniques', 'full advantage'] 

Reference 518: ['3d reconstruction', 'binocular stereo vision', 'depth fusion', 'polarization imaging'] 

TOP-K 519: ['beef', 'high-level decisions features', 'mid-level perceptual features', 'behavior explanation', 'multi-modal fusion literature', 'trajectory prediction model', 'deep architecture', 'recent advances'] 

Reference 519: ['bdd-x', 'cause classification', 'explainable self-driving', 'hdd', 'multi-level fusion', 'natural language explanations'] 

TOP-K 520: ['design model diagrams', 'open-source communities', 'design model types'] 

Reference 520: ['class diagram', 'inconsistency check', 'uml image recognition'] 

TOP-K 521: [['process mapping'], 'process placement problem', 'whole parallel application', 'communication time', 'versatile library'] 

Reference 521: ['adaptative algorithm', 'noise analysis', 'process mapping'] 

TOP-K 522: ['vec servers', 'big data transmission', 'compute-intensive tasks', 'vehicular edge computing', 'resource-limited vehicles', 'task completion time', 'task', 'promising issue', 'intelligent decision'] 

Reference 522: ['big data', 'delay-aware', 'energy efficient', 'task offload', 'unmanned aerial vehicles'] 

TOP-K 523: [['quaternion representation'], 'quaternion-based wnnm method', ['color image restoration'], 'color images', 'color channels', 'grayscale counterpart'] 

Reference 523: ['color image restoration', 'low-rank matrix analysis', 'quaternion representation', 'variational method', 'weighted nuclear norm'] 

TOP-K 524: ['incomplete documentation', 'roxygen utilities', 'r developers', 'incorrect use', 'several cases', 'common smell'] 

Reference 524: ['api documentation', 'developers’ survey', 'mining software repositories', 'roxygen', 'software engineering', 'technical debt'] 

TOP-K 525: ['ethereum blockchain', ['smart contracts'], 'smart contract code', 'test suites', 'mutation testing approach', 'faulty test cases'] 

Reference 525: ['blockchain', 'mutation testing', 'smart contract', 'solidity', 'test automation'] 

TOP-K 526: ['texture enhancement', 'image denoising', 'sar image fusion methods', 'target-to-clutter ratios', 'airborne sensors', 'synthetic aperture radar', 'composite images', 'ship target detection', 'deteriorated target detection performance.in', 'limited improvement'] 

Reference 526: ['airborne sar', 'copula theory', 'information fusion', 'ship detection', 'spaceborne synthetic aperture radar (sar)', 'target proposals'] 

TOP-K 527: ['signature barcoding', 'signature barcodes', '4-scale scalograms', 'simple touchscreen interface', 'support vector machines', 'promising outcomes', 'reliable method'] 

Reference 527: ['barcode', 'biometrics', 'frequency', 'online signature verification', 'scalogram', 'svm'] 

TOP-K 528: ['logistics start-ups', ['agile methods'], 'established logistics companies', 'logistics companies', 'specific challenges', 'practices', 'current state', 'particular interest'] 

Reference 528: ['agile methods', 'literature review', 'logistics', 'start-ups', 'traditional companies'] 

TOP-K 529: ['load balancing iterations', 'state-of-the-art load balancing criteria', 'branch-and-bound algorithm', 'optimal application performance', 'second part'] 

Reference 529: ['dynamic load balancing', 'high performance computing', 'load balancing criteria', 'parallel computing', 'performance optimization'] 

TOP-K 530: ['dynamic objective-based farmland fertility', 'multi-swarm evolutionary approach', 'workflow execution cost', 'local optima', 'near-optimal solution', 'convergence speed', 'dynamic objective strategy', 'mutation strategies', ['deadline constraints'], 'search diversity'] 

Reference 530: ['cloud computing', 'deadline constraints', 'meta-heuristics', 'workflow scheduling'] 

TOP-K 531: ['utility-aware collaborative service caching', ['multi-agent reinforcement learning'], ['multi-agent multi-armed bandit model'], 'collaborative service caching problem', 'multiple edge servers', 'cache service items'] 

Reference 531: ['collaborative service caching', 'edge computing', 'multi-agent multi-armed bandit model', 'multi-agent reinforcement learning'] 

TOP-K 532: ['multilevel wavelet', 'sampling module', 'hierarchical subspace', 'sampling efficiency', 'progressive acquisition'] 

Reference 532: ['compressed sensing', 'hierarchical reconstruction', 'multilevel wavelet transform', 'sparse signal'] 

TOP-K 533: ['pixel-level correspondences', 'second order similarity regularization', 'scale awareness', 'local feature descriptions', 'end-to-end image', 'appropriate scale', 'significant improvement'] 

Reference 533: ['3d reconstruction', 'image matching', 'keypoint description', 'keypoint detection', 'structure from motion'] 

TOP-K 534: ['fisher linear discriminant analysis', 'multi-dimensional fisher discriminant analysis', 'subspace projection technology', 'supervised subspace projection algorithms', ['dimensionality reduction'], ['pattern recognition'], 'major method'] 

Reference 534: ['dimensionality reduction', 'generalized discriminant component analysis', 'pattern recognition', 'subspace projection'] 

TOP-K 535: [['multi-rate sensors fusion'], 'multi-rate sensors', 'multi-state constraint kalman filter', 'temporal states estimation', 'multi-constraint filter', 'real-time manner'] 

Reference 535: ['motion constraints', 'multi-rate sensors fusion', 'temporal offset', 'temporal self-calibration'] 

TOP-K 536: ['conformal predictors', 'set-valued predictions', 'machine learning method', 'error rate', 'conventional approach', 'accessible introduction'] 

Reference 536: ['confidence', 'conformal prediction', 'nonparametric methods'] 

TOP-K 537: ['audio-visual event classification', 'multimodal attentive fusion network', 'audio-visual event', ['event recognition'], 'kinetics-sounds datasets', 'experimental results', 'audio information'] 

Reference 537: ['attention', 'audio-visual fusion', 'event recognition', 'modality conditioning', 'multimodal deep learning'] 

TOP-K 538: [['deep learning'], ['data management'], 'software systems', 'several challenges', 'industrial settings'] 

Reference 538: ['challenges', 'data management', 'deep learning', 'production quality dl models', 'solutions', 'validation'] 

TOP-K 539: ['clustering ensemble methods', 'structured hypergraph learning', 'hypergraph', 'clustering ensemble method', 'base clusters', 'multiple base clustering'] 

Reference 539: ['clustering ensemble', 'ensemble learning', 'hypergraph graph learning'] 

TOP-K 540: ['homogeneous gnns', 'heterogeneous gnns', 'iha algorithm', 'mdrl loss functions', 'heterogeneous features', 'heterogeneous information embeddings', 'heterogeneous structural information', 'traffic networks', 'algorithms', 'fuse diverse heterogeneous information'] 

Reference 540: ['adaptive traffic signal control', 'attention mechanism', 'heterogeneous feature fusion', 'multi-agent reinforcement learning', 'mutual information'] 

TOP-K 541: ['bioinformatics applications', 'k-mer counting', 'metagenomic classification', 'significant speedups', 'numerous gpu', 'recent years', 'table implementations'] 

Reference 541: ['bioinformatics', 'gpus', 'hash tables'] 

TOP-K 542: [['tabular data'], 'xgboost', 'several deep learning models', 'deep models', 'new deep models', 'various datasets', 'use cases'] 

Reference 542: ['deep neural networks', 'hyperparameter optimization', 'tabular data', 'tree-based models'] 

TOP-K 543: ['hdlss data sets', 'tolerance similarity', 'within-class variance', 'over-fitting phenomenon', 'new classification criterion', 'data sets', 'class separability.high-dimension', 'great challenges', 'many machine'] 

Reference 543: ['binary linear classifier', 'covariance matrix', 'data piling', 'quadratic programming'] 

TOP-K 544: [['cnns'], 'sparsity denoising operators', 'adversarial perturbation', 'novel defense method', 'clinical practitioners'] 

Reference 544: ['adversarial examples', 'cnns', 'sparsity denoising'] 

TOP-K 545: ['moderator factors', 'performance verification', 'performance verification activities', 'key points', 'verification activities', 'regular software systems'] 

Reference 545: ['evidence-based software engineering', 'performance', 'security', 'software testing', 'software verification'] 

TOP-K 546: ['conditional image generation', 'ground-view panorama image', 'top-view aerial image', 'panorama images', 'geometric relation', 'significant progress'] 

Reference 546: ['cross-stage attention', 'cross-view panorama image synthesis', 'multi-stage image generation', 'orientation-aware data augmentation', 'progressive attention gans'] 

TOP-K 547: ['xai', 'deep neural networks', 'deep learning', 'healthcare applications', 'current progress', 'healthcare studies'] 

Reference 547: ['explainable ai', 'information fusion', 'medical image analysis', 'multi-domain information fusion', 'weakly supervised learning'] 

TOP-K 548: ['networked blockchain', 'provenance records', 'secure provenance records', 'decentralized data', 'malicious users', 'raw data contents', 'valid sharing records', 'accountable protocols'] 

Reference 548: ['blockchain', 'data provenance', 'secure data sharing'] 

TOP-K 549: ['adversarial domain adaptation', 'deep neural networks', ['adversarial examples'], 'modularized defense framework', 'adversarial perturbations', 'legitimate examples'] 

Reference 549: ['adversarial example', 'deep learning', 'domain adaptation'] 

TOP-K 550: ['architectural change classification', 'architectural change', 'architectural change detection', 'automatic change classification techniques', 'auditing software development history', 'software stability', 'real-world scenarios', 'manual intervention', 'design decisions', 'architectural tactics', 'reliable post analysis', 'many studies', 'design summary', 'essential steps'] 

Reference 550: ['abstraction', 'change detection', 'classification', 'design review', 'software architecture'] 

TOP-K 551: [['grammar-guided genetic programming'], 'auto-adaptive algorithm', 'multi-label classifiers', 'traditional multi-label classification algorithms', 'k labels', 'many ensemble-based approaches'] 

Reference 551: ['ensemble learning', 'evolutionary algorithm', 'grammar-guided genetic programming', 'multi-label classification'] 

TOP-K 552: ['cross-modal feature aggregation', 'human-related clues', 'multispectral images', 'discriminative human-related features', 'discriminative multi-modal features', 'important locality information', 'reference modality', 'available pedestrians', 'complementary modality', 'available samples'] 

Reference 552: ['deep neural networks', 'feature aggregation', 'multispectral fusion', 'pedestrian detection', 'pixel-wise guidance'] 

TOP-K 553: ['low consensus level', 'sensitive consensus measure method', 'information adjustment', 'low unit consensus cost', 'comprehensive identification rule', 'high adjustment willingness', 'mean value'] 

Reference 553: ['consensus measure', 'consensus reaching process (crp)', 'feedback adjustment', 'multi-attribute large group decision-making (malgdm)', 'termination index'] 

TOP-K 554: ['video-based person re-id', ['weighted sparse graph'], 'previous graph-based re-id methods', 'semantic relation', 'local patches'] 

Reference 554: ['graph wavelet convolution neural network', 'video-based person re-identification', 'weighted sparse graph'] 

TOP-K 555: ['knapsack problem', 'device-edge setting', 'partition problem', 'potential game theory', 'dynamic partitioning', 'potential game', 'device perspective', 'formal proof'] 

Reference 555: ['deep reinforcement learning', 'dnn partition', 'game theory', 'mobile edge computing'] 

TOP-K 556: ['graph embedding', 'embedding representation', 'unsupervised clustering mode', 'node categories', 'graph structure', 'graph convolution network', 'embedding output', 'auxiliary distribution', 'node attributes', 'self-training mechanism', 'joint generative model'] 

Reference 556: ['graph clustering', 'graph convolution neural network', 'variational graph auto-encoder', 'variational graph embedding'] 

TOP-K 557: [['scrum'], 'extant literature', 'original method', 'academic literature', 'large-scale review', 'non-traditional settings', 'future research', 'different needs', 'systematic approach', 'considerable corpus', 'different instances', 'novel forms'] 

Reference 557: ['agile development', 'information systems development', 'scrum', 'systematic literature review'] 

TOP-K 558: ['vulnerability-relevant statements', 'vulnerable programs', 'target programs', 'similar vulnerability-relevant statements', 'prototype system', 'innovative technique'] 

Reference 558: ['code slicing', 'static analysis', 'vulnerability detection'] 

TOP-K 559: ['quantum software', 'code convention violation', 'code design', 'code convention', 'redundant code', 'significant correlation'] 

Reference 559: ['quantum computing', 'software bugs', 'software maintenance', 'software reliability', 'technical debts'] 

TOP-K 560: [['scalar multiplication'], 'power trade-offs', 'data dependency graphs', 'point addition', 'hardware implementations', 'main constraints'] 

Reference 560: ['constraint based scheduling', 'elliptic curve cryptography', 'lópez-dahab coordinates', 'public key cryptography', 'scalar multiplication'] 

TOP-K 561: [['spatial domain methods'], 'domain methods', 'complementary advantages'] 

Reference 561: ['convolutional neural networks', 'multi-focus image fusion', 'residual learning', 'spatial domain methods', 'transform domain methods'] 

TOP-K 562: ['linux kernel crashes', 'deep-learning-based classification framework', 'kernel bugs'] 

Reference 562: ['crash classification', 'linux kernel', 'neural network', 'stack trace'] 

TOP-K 563: [['hyperledger fabric'], 'csm system', 'csm purposes', 'valid invocation'] 

Reference 563: ['blockchain', 'cyber security management', 'hyperledger fabric', 'ipfs'] 

TOP-K 564: ['successful pilot study', 'additional real-time applications', 'full system', 'aforementioned solution', 'historical data'] 

Reference 564: ['iot', 'massive parallelism', 'olap', 'stream processing', 'vehicle traffic monitoring'] 

TOP-K 565: [['federated learning'], 'industrial federated learning', 'fl', 'flaas approach', 'ml models', 'collaborative training', 'client processes', 'services api', 'raw data'] 

Reference 565: ['collaborative ai', 'edge computing', 'federated learning', 'industrial collaboration', 'service-based architecture'] 

TOP-K 566: [['visual question answering'], 'modular co-attention network', 'image', 'question words', 'image region', 'image regions', ['contextual information'], 'position information', 'actual size', 'main work', 'visual representation', 'question.understanding multimodal information', ['understanding bias']] 

Reference 566: ['absolute position', 'attention mechanism', 'contextual information', 'understanding bias', 'visual question answering'] 

TOP-K 567: ['ifprs', 'additive consistency', ['additive consistency index'], 'fuzzy preference relations', 'novel additive consistency index', 'non-determinacy degree', 'inherent property', 'deviation degree'] 

Reference 567: ['additive consistency index', 'consensus level', 'group decision making (gdm)', 'intuitionistic fuzzy preference relation (ifpr)', 'optimization'] 

TOP-K 568: ['face image re-representation', 'face image translation', 'face recognition models', 'synthesis models', 'synthesis performance', 'training set'] 

Reference 568: ['cross-domain translation', 'face photo-sketch synthesis', 'identity supervision', 'intra-domain adaptation'] 

TOP-K 569: ['ethical lapses', 'automatic visual recognition', 'human behavior', 'trained predictors', 'human judgements', ['epistemic uncertainty'], 'objective labels', 'average person', 'key open question', 'interesting development'] 

Reference 569: ['bayesian inference', 'bayesian modeling', 'epistemic uncertainty', 'supervised learning', 'uncertainty estimation'] 

TOP-K 570: ['parallel mutual information calculation', 'spark computing environment', 'large-scale data processing', 'general-purpose parallel framework', 'different computing nodes', 'intelligent method', 'main motivation'] 

Reference 570: ['big categorical data', 'data skewness', 'feature grouping', 'parallel mutual-information computation', 'spark'] 

TOP-K 571: ['asynchronous iterations', 'static iterations', 'single function', 'previous mathematical models'] 

Reference 571: ['agda', 'asynchronous computation', 'fixed points', 'formal verification', 'iteration'] 

TOP-K 572: ['linguistic preference relations', ['distribution linguistic preference relations'], 'consistency measurement', 'piss context', 'linguistic decision', 'novel consistency', 'significant issue'] 

Reference 572: ['consistency improvement', 'distribution linguistic preference relation', 'group decision making', 'personalized individual semantics'] 

TOP-K 573: ['kalman filter', 'kalman-like form', 'dkf algorithm', 'optimal kalman filter gain', 'linear unbiased minimum variance', 'sensor node', 'neighbor nodes', 'state estimates'] 

Reference 573: ['distributed kalman filter', 'lumv', 'missing data', 'multi-sensor system', 'steady-state property'] 

TOP-K 574: ['zerocross', 'novel privacy-preserving sidechain-based scheme', 'transaction unlinkability', 'universal composability', 'communication costs', 'value confidentiality', 'practical performance'] 

Reference 574: ['blockchain', 'cryptocurrency exchange', 'monero', 'zero-knowledge'] 

TOP-K 575: ['early scheduling', 'popular smr framework', 'concurrent execution'] 

Reference 575: ['scheduling', 'state machine replication', 'synchronization', 'work-stealing'] 

TOP-K 576: [['heterogeneous domain adaptation'], 'supervised hda', 'semi-supervised hda', 'transfer learning problems', 'unlabelled target domain samples', 'target domains', 'different modalities'] 

Reference 576: ['cross-domain projection', 'heterogeneous domain adaptation', 'image classification', 'text classification'] 

TOP-K 577: ['cp-sgd', ['gradient compression'], 'k-step correction method', 'gradient correction', 'periodic full-gradient compensation', 'gradient quantization', 'high convergence accuracy', 'optimization method', 'parallel mechanism', 'accuracy loss', 'k iterations'] 

Reference 577: ['communication mechanism optimization', 'distributed communication optimization', 'gradient compression'] 

TOP-K 578: ['shuffle stage', 'data placement strategy', 'reservoir sampling algorithm', 'intermediate data tilt', 'traditional method', 'unknown job arrival rates', ['cache gain']] 

Reference 578: ['adaptive cache replacement', 'cache gain', 'data shuffling', 'intermediate data placement'] 

TOP-K 579: ['deep neural network', 'job execution time', 'job scheduling algorithm', ['time prediction'], 'hadoop jobs', 'historical execution data', 'optimization methods', 'execution time', 'configuration search method', 'job time', 'single hadoop job'] 

Reference 579: ['data analytic', 'deep learning', 'job scheduling', 'optimization', 'time prediction'] 

TOP-K 580: ['incremental object detection method', 'novel multi-view correlation distillation', 'incremental object detector', 'intra-feature correlations', 'object detector', 'correlation distillation losses', 'selective features', 'feature space'] 

Reference 580: ['catastrophic forgetting', 'incremental learning', 'knowledge distillation', 'object detection'] 

TOP-K 581: ['clustering methods', 'un-clustered points', 'boundary points', 'new clustering ideas', 'clustering labels', 'feature space', 'clustering task', 'traditional routine'] 

Reference 581: ['boundary detection', 'centroid drift', 'clustering'] 

TOP-K 582: ['novel multi-class classification approach', 'multimodal feature fusion techniques', 'classification algorithm', 'feature selection', 'multistage fusion model'] 

Reference 582: ['cardiovascular autonomic neuropathy (can)', 'deep learning feature fusion', 'model fusion', 'multi-class auc-based feature selection'] 

TOP-K 583: ['rich multi-modal information', 'multi-modal feature representation', 'multi-head self-attention', 'link prediction', 'traditional knowledge representation', 'new knowledge representation', 'entity'] 

Reference 583: ['multi-modal information fusion', 'multi-modal knowledge graphs', 'representation learning'] 

TOP-K 584: ['fine-grained gzsl methods', 'fine-grained gzsl', 'el', 'fs categories', 'popular categories', 'integrated manner'] 

Reference 584: ['dense attention mechanism', 'fine-grained classification', 'generalized zero-shot learning'] 

TOP-K 585: ['cloud service scheduling game', 'scheduling cloud services', 'cloud services', 'cloud customers', 'game theory', 'noncooperative game'] 

Reference 585: ['cloud computing', 'game theory (gt)', 'nash equilibrium', 'peak value'] 

TOP-K 586: ['novel multimodal fusion architecture', 'camera fusion networks', 'light detection', 'optimal fusion network', 'lane line accuracy', 'information theory perspective', 'practical utility'] 

Reference 586: ['information theory', 'lane line segmentation', 'multimodal fusion', 'neural network', 'semantic segmentation'] 

TOP-K 587: ['klee-based test generation', ['path search strategies'], ['test generation'], 'key technique', 'constraint optimization techniques', 'paper studies'] 

Reference 587: ['constraint solving', 'path search strategies', 'software testing', 'symbolic execution', 'test generation'] 

TOP-K 588: ['tracking performance', ['correlation filters framework'], 'object tracking.feature fusion'] 

Reference 588: ['correlation filters framework', 'dynamic feature fusion', 'object tracking', 'spatial-temporal context'] 

TOP-K 589: [['grassmann manifold'], ['neighborhood preserving embedding'], 'image sets', 'computer vision community', 'many applications'] 

Reference 589: ['dimensionality reduction', 'grassmann manifold', 'neighborhood preserving embedding', 'twin learning'] 

TOP-K 590: ['gaussian-guided feature alignment', 'gfa', 'unlabeled features', 'target subjects', 'source subjects', 'target features', 'gfa metric leads'] 

Reference 590: ['domain adaptation', 'feature alignment', 'human activity recognition', 'human intent recognition', 'sensor fusion'] 

TOP-K 591: ['global topology', 'state-of-the-art performance', 'local geometry', 'various rotation-augmented versions', 'extensive experiments'] 

Reference 591: ['classification', 'deep learning', 'point cloud analysis', 'rotation invariance', 'segmentation'] 

TOP-K 592: ['multi-view pac-bayes analysis', 'multi-view support vector machine', 'multi-view regularization algorithms', 'multi-view learning algorithms', 'stability coefficient', 'generalization performance'] 

Reference 592: ['multi-view learning', 'pac-bayes bound', 'statistical learning theory', 'support vector machine'] 

TOP-K 593: ['transitivity', 'preference values', 'complete transitive preference relation', 'known preferences', 'coherent preference relation', 'original information', 'coherent decision maker', 'degree'] 

Reference 593: ['coherence', 'complete preference relation', 'degree of transitivity', 'fuzzy preference relation'] 

TOP-K 594: ['cyclic-min algorithm', 'adaptive bulk search', 'random number generation', 'randomly-generated multiple bit permutations', 'multiple gpus', 'effective local search', 'previously-proposed framework'] 

Reference 594: ['combinatorial optimization', 'gpgpu', 'ising model', 'parallel computing', 'quantum annealing'] 

TOP-K 595: ['machine learning classifiers', 'dpdf', 'design pattern detection techniques', 'design pattern detection approach', ['code features'], 'design pattern detector'] 

Reference 595: ['code features', 'machine learning', 'software design patterns', 'word-space-model'] 

TOP-K 596: ['quality management', 'quality-related indicators', 'qr metrics', 'arsd processes', 'qr management', 'large amount'] 

Reference 596: ['agile software development', 'metrics', 'non-functional requirements', 'quality indicators', 'quality requirements', 'rapid software development'] 

TOP-K 597: ['multiview data sets', 'multiple views', 'consensus representation', 'experimental results', 'multiview clustering methods fuse'] 

Reference 597: ['hsic', 'manifold regularizer', 'multiview clustering', 'nonnegative matrix factorization', 'nonredundancy'] 

TOP-K 598: [['gnss sensors'], 'position estimation', 'indoor region', 'accurate position estimate', 'novel method'] 

Reference 598: ['gnss sensor', 'indoor localization', 'networked gnss sensors', 'range-azimuth sensor', 'rls'] 

TOP-K 599: ['mpmclsdm issues', 'democratic consensus', 'individual concern similarity', 'clustering method', 'opinion similarity', 'high level'] 

Reference 599: ['democratic consensus reaching processes (dcrps)', 'evaluation attributes', 'individual concern', 'multi-person multi-criteria large scale decision making (mpmclsdm)'] 

TOP-K 600: ['smpr-scheme', 'malicious nodes', 'probabilistic model', 'secure mechanism'] 

Reference 600: ['bcube', 'completely independent spanning trees (cists)', 'confidentiality', 'datacenter networks (dcns)', 'secure multi-protection routing'] 

TOP-K 601: ['ml-based analytics', 'iot edge devices', 'cloud infrastructures', 'iot infrastructures', 'cloud/hpc systems', 'edge analytics', 'data analytics', ['computing continuum'], 'various trade-offs', 'interconnected ecosystem', 'hybrid infrastructures', 'digital continuum', 'secure processing', 'complex applications', 'rapid development'] 

Reference 601: ['big data analytics', 'computing continuum', 'distributed intelligence', 'edge computing', 'reproducibility'] 

TOP-K 602: ['vm migrations', 'sla violation rate', 'resource utilization prediction', 'consolidation technique', 'consolidation approach', 'underloaded hosts', 'experimental results'] 

Reference 602: ['cloud computing', 'kalman filter', 'support vector regression', 'utilization prediction', 'vm consolidation'] 

TOP-K 603: ['dnn-based mlc', 'deep neural networks', 'annotated data', 'special neural network configurations', ['data imbalance'], 'past decade', ['label correlation']] 

Reference 603: ['data imbalance', 'label correlation', 'multilabel classification', 'neural network'] 

TOP-K 604: ['sparse local linear models', 'neural generators', 'linear models', 'high predictive performance', 'original representations', 'high interpretability', 'rich information', 'single model'] 

Reference 604: ['explainability', 'feature selection', 'interpretable machine learning', 'local linear models', 'neural networks'] 

TOP-K 605: ['hierarchical failure-prone platform', 'series-parallel dependence graph', 'typical streaming applications', 'various application fields', 'satellites.streaming applications'] 

Reference 605: ['energy', 'hierarchical platforms', 'reliability', 'series-parallel streaming applications', 'task mapping'] 

TOP-K 606: ['text-based vqa tasks', 'attention map loss', ['dynamic vocabulary'], 'decoding space', 'image understanding', 'text information', 'complex answers'] 

Reference 606: ['attention map', 'dynamic vocabulary', 'multimodal fusion', 'st-vqa'] 

TOP-K 607: ['hcf neuron model', 'hcf neuron', 'novel adaptive optimization method', 'effective network learning', 'building block'] 

Reference 607: ['back propagation', 'computer vision', 'dnns', 'heuristic algorithm', 'neuron modeling'] 

TOP-K 608: ['pathed-dewey order', 'xml queries', 'hbase tables', 'xml documents', 'xpath expressions', 'two-layer mapping method'] 

Reference 608: ['nosql database', 'xml data mapping', 'xml encoding scheme', 'xml query processing and optimization'] 

TOP-K 609: ['multi-level ensemble classification system', 'bayesian deep learning approach', 'classification decision', 'order'] 

Reference 609: ['bayesian deep learning', 'ensemble classification', "parkinson's", 'pneumonia', 'uncertainty'] 

TOP-K 610: ['numa locality', 'thread-local sequential maps', 'memory accesses', 'qualitative improvements'] 

Reference 610: ['concurrent data structures', 'locality', 'numa', 'skip graphs'] 

TOP-K 611: [['inverse reinforcement learning'], 'reinforcement learning', 'online trading system', 'bandit method', 'novel reward-agnostic upper confidence', 'reward function', 'trading problem', 'first work'] 

Reference 611: ['high-frequency trading', 'hyper-parameter optimization', 'inverse reinforcement learning', 'multi-armed bandit learning'] 

TOP-K 612: [['spectral super-resolution'], 'universal spectral super-resolution network', 'arbitrary multispectral images', 'cross-scale multispectral images', 'multispectral channels', 'different spatial resolutions', 'physical optimization', 'severe challenge'] 

Reference 612: ['deep learning', 'hyperspectral images', 'multispectral images', 'physical interpretability', 'spectral super-resolution'] 

TOP-K 613: ['deep learning', 'autoencoder models', 'state-of-the-art non-linear dimensionality-reduction method', 'similarity techniques', 'data distribution', 'distinctive information'] 

Reference 613: ['autoencoder', 'cooperative neural networks', 'dimensionality reduction', 'feature extraction', 'pattern recognition'] 

TOP-K 614: [['consensus network evolution'], 'classical mccm', 'decision-making analysis', 'uniform pollution emissions', 'satisfaction index', 'practical value'] 

Reference 614: ['consensus network evolution', 'large-scale group decision making', 'louvain algorithm', 'minimum cost consensus model', 'quadratic programming'] 

TOP-K 615: ['photo aesthetic assessment', 'aesthetic attributes', 'deep multi-task network', 'novel approach', 'feature representations'] 

Reference 615: ['aesthetic assessment', 'multi-task learning', 'privileged information'] 

TOP-K 616: ['mask sub-challenge', 'mask augsburg speech corpus', 'computational paralinguistics challenge', 'classification task', 'audio chunk', 'baseline approaches', 'speaker'] 

Reference 616: ['acoustic modelling', 'covid-19', 'deep learning', 'masks', 'voice biometrics'] 

TOP-K 617: ['current state-of-the-art measures', 'test suites', 'experimental results', 'test generation', 'measure', 'potential value'] 

Reference 617: ['finite state machines', 'formal approaches to testing', 'information theory', 'mutual information'] 

TOP-K 618: [['supervised laplacian eigenmap'], 'multi-label data', 'visualization', 'feature extraction', 'typical algorithms'] 

Reference 618: ['kernel trick', 'multi-label problems', 'out-of-sample problem', 'separability-guided feature extraction', 'supervised laplacian eigenmaps'] 

TOP-K 619: ['deep adversarial anomaly detection', 'neural networks', 'pattern recognition', 'vital research topic'] 

Reference 619: ['adversarial training', 'deep anomaly detection', 'self-supervised learning'] 

TOP-K 620: ['multi-step compound reasoning', 'vqa task', 'cross-layer object features', 'modeling complex features', 'comprehensive-perception dynamic reasoning', 'important role', 'high requirement'] 

Reference 620: ['comprehensive perception', 'cross-modal information fusion', 'relational reasoning', 'visual question answering'] 

TOP-K 621: [['parallel algorithm'], 'tree sub-networks', 'max-flow problem', 'efficient parallel algorithm', 'parallel implementation', 'algorithm', 'complex data-structures', 'sequential time-complexity', 'complete algorithm', 'sequential implementation', 'complex manipulations'] 

Reference 621: ['combinatorial optimization', 'complexity theory', 'discrete optimization', 'network flow problems', 'parallel algorithms'] 

TOP-K 622: [['riemannian manifolds'], ['bayesian estimator'], 'intrinsic cramér', 'multiple probability density functions', 'coordination step', 'liebler divergence'] 

Reference 622: ['bayesian estimation', 'distributed estimation', 'intrinsic cramér–rao bound', 'riemannian kalman filter', 'riemannian manifolds'] 

TOP-K 623: ['unknown input observability problem', 'fundamental open problem', 'general analytical solution', 'step', 'general case'] 

Reference 623: ['nonlinear observability', 'observability rank condition', 'unknown input observability', 'unknown input reconstruction', 'visual-inertial sensor fusion'] 

TOP-K 624: ['multipath transmission', 'big data transmission efficiency', 'out-of-order delivery', 'big data transmission', 'delay scheduling scheme', 'connected vehicles', 'important research direction'] 

Reference 624: ['big data', 'multipath parallel transmission', 'network bottleneck prediction', 'quality of service', 'vehicular networks'] 

TOP-K 625: ['bilateral connectivity network', 'traditional deep learning-based methods', 'connectivity-based approach', 'pixel-wise saliency modeling task', 'inter-pixel relationships', 'saliency masks', 'connectivity masks', 'object saliency.salient object detection', 'effective modeling'] 

Reference 625: ['connectivity modeling', 'deep learning', 'edge modeling', 'salient object detection', 'visual saliency'] 

TOP-K 626: ['bug triage process', 'code snippets', 'abstract syntax tree', 'issue types', 'bug descriptions', 'text encoder', 'feature representation', 'important tasks'] 

Reference 626: ['bug triage', 'deep learning', 'multi-task learning', 'recommendation system'] 

TOP-K 627: ['multi-focus image fusion', 'fusion tasks', 'multi-exposure image fusion', 'medical image fusion', 'various image fusion tasks', 'intensity-discriminator generative adversarial network', 'visible image fusion', 'intensity distributions', 'unified gradient', 'generative adversarial network.this study'] 

Reference 627: ['generative adversarial network', 'gradient', 'image fusion', 'intensity'] 

TOP-K 628: ['fine-grained image recognition task', 'effective bidirectional pyramid architecture', 'different sub-categories', 'internal representations', 'similar objects', 'limited supervision'] 

Reference 628: ['few-shot learning', 'fine-grained recognition', 'weakly-supervised learning'] 

TOP-K 629: ['speed-area efficient implementation', 'original margolus ca', 'fault localization', 'area-delay overhead', 'logic elements', 'logic cells', 'compact placement', 'careful choice'] 

Reference 629: ['cellular automata', 'field programmable gate array', 'margolus neighborhood', 'primitive instantiation', 'scan insertion'] 

TOP-K 630: ['thermal-aware task scheduler', 'time-varying workload characteristics', 'mpsoc systems', 'task scheduler', 'semi-markov decision problem', 'random inter-task communications', 'processing cores', 'workload inter-arrival times', 'uncertain chip thermal profile', 'decision process', 'stochastic nature', 'common uncertainties', 'mean temperature margin', 'entire chip', 'arrival queue'] 

Reference 630: ['multiprocessor system on chip (mpsoc)', 'online task assignment', 'reinforcement learning (rl)', 'semi-markov decision problem (smdp)', 'thermal management'] 

TOP-K 631: ['lock-free implementations', 'finite coordination power', 'process consensus objects', 'read/write objects', 'lock-free linearizable implementation', 'wait-free implementations', 'different progress conditions', 'long-standing open question', 'objects'] 

Reference 631: ['consensus hierarchy', 'linearizability', 'lock-freedom', 'progress conditions', 'wait-freedom'] 

TOP-K 632: [['iot streaming data'], ['edge computing'], 'real-time streaming data transmission', 'streaming data', 'privstream', 'untrusted edge server', 'sensitive inferences', 'data segment', 'streaming platform', 'variable length', 'real-time characteristics'] 

Reference 632: ['artificial intelligence', 'differential privacy', 'edge computing', 'feature extraction', 'iot streaming data'] 

TOP-K 633: ['object detection methods', 'images', 'large number', 'annotation information'] 

Reference 633: ['class activation map', 'divergent activation', 'hierarchical fusion', 'object detection from remote sensing images', 'weakly supervised learning'] 

TOP-K 634: ['multi-label learning method', 'issues mappings', 'similar apps', 'possible permission requirements', 'novel framework', 'developers', 'pris profile', 'mines potential permission issues'] 

Reference 634: ['android', 'machine learning', 'permission-related issues (pris)', 'runtime permission', 'user reviews'] 

TOP-K 635: ['vertex queries', 'e.graph processing frameworks', 'different source vertices', 'single graph query', 'simultaneous evaluation'] 

Reference 635: ['amortizing overhead', 'batch of queries', 'graph analytics', 'power-law graphs', 'sharing computation'] 

TOP-K 636: ['iov', 'single-node attacks', 'score grouping-pbft', ['consensus algorithm'], 'blockchain applications', 'centralized authentication', 'central server', 'connected vehicles', 'main security issues', 'internet'] 

Reference 636: ['blockchain', 'consensus algorithm', 'identity authentication', 'internet of things', 'internet of vehicles'] 

TOP-K 637: ['asynchronous parallel algorithm', 'parallel simulated annealing algorithm', 'graph mapping problem', 'race condition', 'equivalent synchronous algorithm', 'superior solution'] 

Reference 637: ['high performance computing', 'optimization', 'parallel computing', 'place and route', 'simulated annealing'] 

TOP-K 638: ['high-availability clusters', ['high availability clusters'], 'software-managed infrastructures', 'hacs', 'complex applications', 'critical application', 'essential layers'] 

Reference 638: ['clustering', 'dependability', 'enterprise system', 'high availability', 'high availability clusters', 'reliability'] 

TOP-K 639: ['mplcs', 'non-mplcs', 'multiple pls.', 'issues', 'source files', 'projects', ['change complexity'], 'stable level', 'little understanding', 'significant effects'] 

Reference 639: ['bug introduction', 'bug proneness', 'change complexity', 'issue reopen', 'multi-programming-language commit', 'open source software'] 

TOP-K 640: ['region-aware latent features fusion', 'region-aware latent features', 'novel band selection method', 'hsis', 'band redundancy', 'shared latent feature representation'] 

Reference 640: ['clustering', 'feature fusion', 'hyperspectral band selection', 'latent feature learning'] 

TOP-K 641: ['facial expression', 'orthogonal channel attention loss', 'different feature channels', 'large intra-class difference', 'viewpoint variations', 'them.multi-view facial expression recognition', 'challenging computer vision task'] 

Reference 641: ['multi-task learning', 'multi-view facial expression recognition', 'orthogonal channel attention', 'separated channel attention module', 'siamese convolutional neural network'] 

TOP-K 642: ['current model-agnostic counterfactual algorithms', ['explainable ai'], ['causability'], 'human decision-maker', 'causal theoretical formalism', 'specific class'] 

Reference 642: ['causability', 'causality', 'counterfactuals', 'deep learning', 'explainable ai'] 

TOP-K 643: [['sequential feature explanations'], 'sample-based methods', 'outlier', ['sequential explanation']] 

Reference 643: ['anomaly validation', 'explainable ai', 'outlier explanation', 'sequential explanation', 'sequential feature explanation'] 

TOP-K 644: ['ac policies', 'web applications', 'role-based access control', 'ac issues', 'semi-automated framework', 'policies'] 

Reference 644: ['access control policies', 'access control testing', 'machine learning', 'reverse engineering'] 

TOP-K 645: ['fine-grained building facades', 'building facade dataset', 'local neighborhood information', 'attention module', '3d point cloud datasets', ['semantic segmentation'], 'point clouds', 'facade semantic segmentation', 'dual local attention features'] 

Reference 645: ['attentive pooling', 'building facade', 'dla-net', 'self-attention', 'semantic segmentation'] 

TOP-K 646: ['computational data harmonisation approaches', 'harmonisation strategies', 'data harmonisation studies', 'multi-modality data', 'evaluation metrics', 'digital healthcare field', 'research findings', 'systematic review', 'common practices', 'different theories', 'comprehensive checklist'] 

Reference 646: ['data harmonisation', 'data standardisation', 'domain adaptation', 'information fusion', 'reproducibility'] 

TOP-K 647: ['deep learning', 'stochastic gate layer', 'unsupervised band selection task', 'hyperspectral image', 'strong feature representation ability', 'learnable parameters', 'band subset'] 

Reference 647: ['autoencoder', 'hyperspectral data', 'stochastic gate', 'unsupervised band selection'] 

TOP-K 648: ['novel segmentation-to-classification scheme', 'breast ultrasound images', 'segmentation-based attention', 'breast tumors classification', 'deep convolution network', 'malignant tumors', 'feature aggregation network', 'channel attention', 'parallel networks extract features', 'feature networks', 'original images', 'prior knowledges'] 

Reference 648: ['breast ultrasound', 'computer-aided diagnosis', 'deep convolution neural network', 'feature combination'] 

TOP-K 649: ['parallelization procedure', 'particle exchanges', 'processors', 'different blocks', 'balanced loads', 'competence domains'] 

Reference 649: ['load balancing', 'mpi', 'multi-domain approach', 'parallel distributed-memory computation', 'smoothed particle hydrodynamics (sph)'] 

TOP-K 650: ['secure storage outsourcing', 'nonoblivious-access interface', 'oblivious-access interface', 'outsourced record', 'good alternatives'] 

Reference 650: ['dynamic searchable encryption', 'mobile edge computing', 'oblivious ram'] 

TOP-K 651: ['sw26010', 'sw26010 processor', 'dynamic scheduling', 'myers algorithm', 'asynchronous i/o', 'naïve implementation', 'several optimizations', 'computational power', 'data transfers', 'bit vector'] 

Reference 651: ['bioinformatics', 'heterogeneous computing', 'read mapping', 'sunway taihulight'] 

TOP-K 652: [['local-to-global support vector machine'], 'global classifier', 'classification tasks', 'new efficient tool', 'high complexity cost', 'instances', 'large number'] 

Reference 652: ['kernel models', 'local-to-global support vector machines', 'partition of unity', 'supervised classification'] 

TOP-K 653: ['multi-modal gait analysis', 'multi-modal approach', 'gait characteristic fusion', 'holistic gait assessment process', 'different testing environments', 'extended periods', 'prominent technology'] 

Reference 653: ['free-living', 'gait analysis', 'multi-modal fusion', 'sensor fusion', 'wearable sensors'] 

TOP-K 654: ['residual embedding learning', 'traditional mlc paradigms', 'label space', ['low-rank structure'], 'high dimensional problem', 'appropriate low-rank structure', 'feature space', 'output spaces'] 

Reference 654: ['distance metric', 'low-rank structure', 'residual embedding'] 

TOP-K 655: ['data privacy', 'localization', 'scene features', 'regression network', 'regression', 'impressive results'] 

Reference 655: ['absolute pose regression', 'lidar localization', 'memory-aware regression', 'privacy preserving', 'universal encoding'] 

TOP-K 656: ['deep learning models', 'experimental results', 'computing power', 'hardware storage space', 'practical applications', 'different scales', 'various model sizes', 'high requirements'] 

Reference 656: ['adversarial examples', 'adversarial training', 'aiot', 'keyword robust deep learning'] 

TOP-K 657: ['explainable neural-symbolic learning', 'x-nesyl methodology', 'explainable ai-informed training procedure', 'human expert explanations', 'symbolic representations', 'knowledge graphs', 'deep representations', 'dl process', 'compositional convolutional neural network', 'concrete use', 'training time'] 

Reference 657: ['compositionality', 'deep learning', 'expert knowledge graphs', 'explainable artificial intelligence', 'neural-symbolic learning', 'part-based object detection and classification'] 

TOP-K 658: [['h-restricted edge connectivity'], 'h-restricted edge connectivity λh', 'massive parallel computing system', 'k', 'n', 'n −', ['arrangement graph'], 'important parameter'] 

Reference 658: ['arrangement graph', 'fault tolerance', 'h-restricted edge connectivity', 'reliability'] 

TOP-K 659: ['pointwise convolution', 'network performance', 'context information', 'first work', 'significant impact'] 

Reference 659: ['contextual pointwise convolution', 'convolutional neural network (cnn)', 'deep learning', 'image classification'] 

TOP-K 660: ['data fusion methods', 'data fusion', 'common data fusion methods', 'general pdfs', 'common pdfs', 'input distributions'] 

Reference 660: ['covariance intersection', 'distributed data fusion', 'distributed estimation', 'sensor fusion'] 

TOP-K 661: ['pre-implemented components', 'hardware description language', 'source code', 'engineering time', 'different range'] 

Reference 661: ['cnn inference', 'data flow graph', 'fpga', 'pre-implemented flow'] 

TOP-K 662: [['spatial attention'], 'spatial attention methods', 'fusion spatial attention approach', ['few-shot learning'], 'embedding spaces', 'nontrivial task'] 

Reference 662: ['adaptive pooling', 'feature aggregation', 'few-shot learning', 'meta-learning', 'saliency object detection', 'spatial attention'] 

TOP-K 663: ['zero-shot recognition', 'cross-modal prototype learning method', 'cmpl', 'state-of-the-art methods', 'experimental results'] 

Reference 663: ['cross-modality', 'offline handwriting', 'online handwriting', 'printed character', 'prototype', 'zero-shot'] 

TOP-K 664: [['markov perfect equilibrium'], ['stochastic game'], 'players', 'computational investment strategies', 'cost parameters', 'maximal power', 'dynamic set', 'certain threshold'] 

Reference 664: ['blockchain mining', 'distributed computing', 'markov perfect equilibrium', 'stochastic games'] 

TOP-K 665: ['tensor train', 'high-dimensional image classification', 'tensorial input', 'kernel technique', 'conventional support vector machine', 'intrinsic kernel property', 'training samples', 'first time', 'small number'] 

Reference 665: ['image classification', 'support tensor machine', 'tensor'] 

TOP-K 666: [['code samples'], 'developers', 'common issue'] 

Reference 666: ['android', 'code samples', 'frameworks', 'mining software repositories', 'software maintenance', 'spring boot'] 

TOP-K 667: ['hierarchical graph neural networks', 'flat graph embedding methods', ['user geolocation'], 'network representation learning', 'location prediction', 'prediction accuracy', 'unstable user relation fusion', 'previous methods', 'novel methodology'] 

Reference 667: ['graph neural networks', 'influence function', 'interpretable fusion', 'social information fusion', 'user geolocation'] 

TOP-K 668: [['bug dependency graph'], 'bug triage algorithms/scenarios', ['bug prioritization'], 'wayback machine', 'actual triage process', 'severity levels'] 

Reference 668: ['bug dependency graph', 'bug prioritization', 'defect management', 'simulation', 'software quality'] 

TOP-K 669: ['photo response non uniformity', ['deep learning'], 'recent image registration techniques', 'image acquisition', 'rotation transformations', 'problem', 'computer vision perspective', 'unique trace', 'promising techniques'] 

Reference 669: ['cnn', 'deep learning', 'image forensics', 'prnu', 'rotation', 'scale'] 

TOP-K 670: ['image-level annotations', 'deep learning', 'surface defect segmentation', 'pixel-level annotations', 'supervised defect segmentation method', 'cycle-consistent generative adversarial network', 'dynamic templates', 'massive images', 'industrial sites', 'remarkable results'] 

Reference 670: ['attention model', 'defect detection', 'generative adversarial network (gan)', 'image segmentation', 'weakly supervised learning'] 

TOP-K 671: ['hpcc benchmark suite', 'intel fpgas', 'opencl-based open-source implementation', 'benchmark suite', 'design tools', 'active participation', 'new generations', 'valuable tool'] 

Reference 671: ['fpga', 'high level synthesis', 'hpc benchmarking', 'opencl'] 

TOP-K 672: [['multi-objective optimization'], 'silicon technology', ['reinforcement learning'], 'performance demands', 'new applications', 'continued miniaturization', 'major concern'] 

Reference 672: ['multi-objective optimization', 'network-on chip', 'reinforcement learning', 'reliability', 'spare placement', 'task migration'] 

TOP-K 673: ['motion-blurred data generation', ['image quality assessment'], 'blur parameter estimation', 'good image classification performance', 'new image quality assessment'] 

Reference 673: ['blur parameter estimation based on the particle swarm optimization', 'image quality assessment', 'motion-blurred image restoration framework', 'point spread function', 'polynomial-based radial basis function neural network'] 

TOP-K 674: [['source code summarization'], 'java methods', 'code snippets', 'natural language', 'software maintenance', 'program comprehension', 'novel approach', 'structural information', 'concise descriptions'] 

Reference 674: ['graph neural network', 'recurrent neural network', 'source code summarization'] 

TOP-K 675: ['wavewatch iii', 'wave spectral component decomposition', ['smc grid'], 'ww3 v6', 'lat-lon grid', 'ww3 model', 'mpi mode', 'wave model', 'mpi ranks'] 

Reference 675: ['domain decomposition', 'large-scale computing', 'mpi-openmp', 'ocean surface waves', 'smc grid'] 

TOP-K 676: [['uav swarms'], 'unmanned aerial vehicle', 'novel deep transfer learning', 'reconnaissance areas', 'multiple source areas', 'signal sorting method', 'model', 'different areas', 'different parts'] 

Reference 676: ['data fusion', 'deep transfer learning', 'signal sorting', 'uav swarm'] 

TOP-K 677: ['dt', ['software development'], 'dt techniques', 'dt practitioners', 'key points', 'techniques', 'models'] 

Reference 677: ['design thinking', 'literature review', 'software development', 'systematic mapping study', 'user-centered design'] 

TOP-K 678: ['adaptive nonnegative feature fusion', 'multi-feature fusion', 'nonnegative single-feature fusion', ['scene classification'], 'novel fusion framework', 'feature fusion method'] 

Reference 678: ['adaptive feature fusion', 'feature fusion boosting', 'nonnegative matrix factorization', 'scene classification'] 

TOP-K 679: ['autonomous robotics applications', ['path planning'], 'collision avoidance', 'challenging task'] 

Reference 679: ['bio-inspire computing', 'collisions detection', 'heuristic', 'particle swarm optimization', 'path planning'] 

TOP-K 680: ['random oracle model', 'untrusted tpa', 'security analysis', ['smart contracts'], 'audit results', 'scheme'] 

Reference 680: ['blockchain', 'low performance terminal device', 'proxy', 'public audit scheme', 'smart contract'] 

TOP-K 681: ['3d point cloud registration', ['rigid transformation equivariance'], 'general network structure'] 

Reference 681: ['learned cost volume', 'point cloud', 'rigid transformation equivariance'] 

TOP-K 682: ['task-relevant human-interpretable information', 'attention maps', 'attention models', 'activity level', 'compound feature', 'important level'] 

Reference 682: ['deep learning', 'interpretability', 'non-parametric', 'resolution', 'spatial attention'] 

TOP-K 683: [['lung nodule classification'], 'pulmonary nodules', 'unstructured data', 'fusion features', 'medical images', 'deep learning approaches', 'radiomics methods', 'classification performance', 'current strategies'] 

Reference 683: ['computer-aided diagnosis (cad)', 'convolutional neural networks （cnn）', 'information fusion', 'lung nodule classification', 'xgboost'] 

TOP-K 684: ['wdbt', 'dbt systems', 'wear reduction', 'common practices'] 

Reference 684: ['cross-isa virtualization', 'dynamic binary translation', 'non-volatile memory', 'nvm wear leveling', 'nvm wear reduction', 'qemu'] 

TOP-K 685: ['lime', 'local interpretable model-agnostic explanations', 'xai framework', 'popular model agnostic frameworks', 'tabular models', 'ux effectiveness', 'model usability evaluation', ['usability study'], 'overall usability', 'assessment framework', 'international organisation', 'specific focus'] 

Reference 685: ['explainable artificial intelligence', 'machine learning', 'model agnostic explanations', 'usability study', 'user experience'] 

TOP-K 686: ['task scheduling algorithms', 'multi-threaded implementations', ['scheduling time'], 'several task scheduling algorithms', 'application tasks', 'schedule length', 'computation costs', 'scheduling length', 'output schedule', 'method'] 

Reference 686: ['heft', 'heterogeneity', 'makespan', 'scheduling time', 'task scheduling'] 

TOP-K 687: ['blockchain integration', 'traditional healthcare architecture', ['electronic health records'], 'disruptive technology', 'secure storage', 'healthcare system'] 

Reference 687: ['blockchain data security', 'decentralized healthcare data', 'electronic health records', 'healthcare data security'] 

TOP-K 688: ['error segmentation task', 'collaborative boundary-aware context', 'error map', 'networks', 'global predictor', 'feature representation'] 

Reference 688: ['error map prediction', 'medical image segmentation', 'segmentation quality assessment'] 

TOP-K 689: ['unit testing', ['tdd'], 'negative affective reactions', 'affective reactions'] 

Reference 689: ['affective state', 'experiment', 'replication', 'sam', 'survey', 'tdd'] 

TOP-K 690: ['block diagonal subspace clustering', 'spectral clustering', 'ebdsc', ['subspace clustering'], 'radial basis function kernel', 'block diagonal representation', 'explicit theoretical connection'] 

Reference 690: ['analytical', 'general form', 'nonnegative', 'subspace clustering', 'symmetrical solution'] 

TOP-K 691: ['cardinality-constrained sparse learning problems', ['sparse learning']] 

Reference 691: ['iterative hard thresholding', 'linear models', 'newton-type method', 'quadratic approximation', 'sparse learning'] 

TOP-K 692: ['generative adversarial autoaugment network', 'gan losses', 'augmentation search space', 'classification accuracy'] 

Reference 692: ['adversarial learning', 'autoaugment', 'classification', 'data augmentation', 'deep learning', 'generative adversarial network'] 

TOP-K 693: [['radar sensor network'], 'ra methods', 'performance driven ra type', 'ra works', ['target tracking'], 'ra type', 'brief overview'] 

Reference 693: ['fusion', 'radar sensor network', 'resource allocation', 'target tracking'] 

TOP-K 694: ['container monitoring techniques', 'multi-dimensional decision support framework', 'different application domains', 'different techniques', 'optimal selection', 'suitable set'] 

Reference 694: ['attack analysis', 'container monitoring', 'intrusion detection', 'security', 'software and systems engineering', 'virtualization'] 

TOP-K 695: ['adaptive aggregation-distillation autoencoder', 'unsupervised anomaly detection', ['aggregation-distillation mechanism'], 'convex polygon', 'intra-class variation', 'different landmark-guided regions', 'latent representations', 'novel method', 'abnormal samples'] 

Reference 695: ['aggregation-distillation mechanism', 'anomaly detection', 'autoencoders', 'unsupervised learning'] 

TOP-K 696: ['low-resolution fine-grained image recognition', 'dre-net', 'discriminative information restoration', 'semantic relation distillation loss', 'recognition sub-network', 'widespread application potential', 'surveillance scenarios', 'shelf auditing', 'first framework', 'extraction network'] 

Reference 696: ['fine-grained image recognition', 'low-resolution', 'minimum spanning tree', 'semantic relation distillation'] 

TOP-K 697: ['adaptive adversaries', 'randomization', ['dynamic networks'], 'algorithms', 'adaptive adversary'] 

Reference 697: ['adversary', 'derandomization', 'distributed algorithms', 'dynamic networks'] 

TOP-K 698: ['pedestrian misalignments', 'pedestrian-aligned local feature', 'fine-grained representations', 'camera-invariant global feature', 'bi-stream generative model', 'various human appearance changes', 'different camera viewpoints', 'encoding network', 'identity person', 'different cameras', 'problem'] 

Reference 698: ['camera-camera problem', 'camera-person problem', 'generalizable re-id', 'person re-identification'] 

TOP-K 699: ['ml-based security solutions', 'iot-based systems', 'security challenges', 'security measures'] 

Reference 699: ['internet of things', 'machine learning', 'security'] 

TOP-K 700: ['multi-source homogeneous data', 'data-level fusion model', 'multi-source homogeneous information system', ['unsupervised attribute selection'], 'single-source information system', 'efficient fusion', 'multiple information sources', 'inf fusion functions', 'proposed uncertainty measures'] 

Reference 700: ['granular computing', 'information fusion', 'rough sets', 'uncertainty measures', 'unsupervised attribute selection'] 

TOP-K 701: ['cpca', 'important dataset-specific patterns', 'high variance principal components', 'traditional pca', ['contrastive pca'], 'interesting structures', 'wide variety'] 

Reference 701: ['contrastive pca', 'dimensionality reduction', 'feature learning', 'pca'] 

TOP-K 702: ['siamese networks', 'deep networks', 'shallow networks', 'ir images', 'state-of-the-art results', 'experimental results', 'novel architecture', 'images', 'trainable parameters', 'fuse rgb', 'various deep solutions', 'fuse multi-modal images', 'paper', 'literature', 'question'] 

Reference 702: ['efficient learning', 'multi-modal fusion', 'multi-temporal fusion'] 

TOP-K 703: ['semantic segmentation', 'coco-stuff dataset', ['stuff classes'], 'aforesaid strategy'] 

Reference 703: ['deeplab', 'image segmentation', 'stuff classes'] 

TOP-K 704: ['semantic code clones', 'dependency analysis', 'slice-based scalable approach', 'code components', 'clone pair'] 

Reference 704: ['clone detection', 'code clone', 'program slicing', 'semantic clones'] 

TOP-K 705: ['class-imbalance datasets', 'euclidean distance', 'smote variant', 'traditional smote approach', 'high-dimensional settings', 'new minority samples', 'recent variants', 'important issue', 'predictive performance'] 

Reference 705: ['data resampling', 'feature selection', 'imbalanced data classification', 'owa operators', 'smote'] 

TOP-K 706: ['customer satisfaction', 'heuristic algorithm', 'profit maximization problem', 'cloud computing platform', 'cloud service providers', 'high-quality solution', 'cyclic cascade', 'optimal configuration', 'maximum tolerance'] 

Reference 706: ['cloud computing', 'cyclic cascade queuing system', 'heterogeneous', 'profit maximization', 'satisfaction', 'waiting time'] 

TOP-K 707: ['volume reconstruction', 'phase-field model', '3d volume', 'slice data', 'source slice', 'accurate computational method', 'target slice'] 

Reference 707: ['3d volume reconstruction', 'allen–cahn equation', 'shape transformation'] 

TOP-K 708: ['face alignment algorithm', 'dual-attentional spatial-aware capsule network', 'spatial-aware module', ['hourglass capsule network'], 'accurate inter-features'] 

Reference 708: ['adaptively local constrained dynamic routing', 'capsule attention', 'face alignment', 'hourglass capsule network', 'spatial attention'] 

TOP-K 709: ['clustering technique', 'failure indexing', 'multi-fault scenarios', ['parallel debugging'], 'heuristic approach', ['fault isolation'], 'multiple debugging tasks', 'test cases', 'several disjoint groups', 'promising strategy'] 

Reference 709: ['failure clustering', 'fault isolation', 'multiple-fault', 'parallel debugging'] 

TOP-K 710: ['clustering phase', 'data packet type', 'cluster head nodes', 'authentication phase'] 

Reference 710: ['authentication', 'cryptography', 'routing', 'security', 'vehicular ad hoc networks (vanets)'] 

TOP-K 711: ['uncertainty-based framework', '3d', 'inherent ambiguity', 'joint.in monocular image scenes', 'depth information'] 

Reference 711: ['3d pose estimation', 'graph convolutional network', 'uncertainty'] 

TOP-K 712: ['uml class diagrams', 'layout quality', 'paper', 'automated method', 'automatic evaluation'] 

Reference 712: ['machine learning', 'quality of layout', 'quality of uml class diagrams'] 

TOP-K 713: ['de-raining images', 'rca network', 'clean image content', 'subjective visual quality inspection', 'several benchmark datasets', 'rain patterns', 'rain components', 'single rainy image', 'extensive experimental results', 'objective quantitative assessment'] 

Reference 713: ['capsule', 'de-raining', 'generative adversarial network', 'rain-component-aware network'] 

TOP-K 714: ['convolution operators', 'high performance convolution algorithm', 'multicore processors', 'blis realization', 'new high performance strategies', 'matrix multiplication', 'previous work', 'memory overheads', 'training process', 'forward training pass', 'full training process', 'explicit im2col'] 

Reference 714: ['clusters of multicore processors', 'convolutional neural networks', 'distributed training', 'high performance', 'python'] 

TOP-K 715: ['multiple learning models', 'cost-effective classification.ensemble learning', 'novel method', 'multiple domains', 'common technique'] 

Reference 715: ['android package', 'malware detection', 'portable executable', 'reinforcement learning', 'transfer learning'] 

TOP-K 716: [['watershed clustering'], 'k-nearest neighbor graph', ['pauta criterion'], 'new watershed graph clustering', 'basin level similarity', 'catchment basins', 'nonlinear structures', 'noise detection', 'median criterion', 'final clustering', 'multiple dimensions', 'neighbor method'] 

Reference 716: ['k-nearest neighbor graph (knng)', 'pauta criterion', 'shared nearest neighbor (snn)', 'watershed clustering'] 

TOP-K 717: ['artificial intelligence', ['demand forecasting'], ['explainable artificial intelligence'], 'semantic technologies', 'novel architecture', 'real-world case study.the paper'] 

Reference 717: ['confidentiality', 'demand forecasting', 'explainable artificial intelligence', 'knowledge graph', 'privacy', 'smart manufacturing'] 

TOP-K 718: ['high-dimensional space', ['distribution reshaping'], 'high-dimension decision-based attack', 'normal vector', ['decision-based attack'], 'query-efficient method'] 

Reference 718: ['adversarial examples', 'decision-based attack', 'distribution reshaping', 'image classification', 'normal vector estimation'] 

TOP-K 719: ['multi-paradigm modeling', 'cps', 'cross-domain expertise', 'physical systems', 'complex systems'] 

Reference 719: ['cyber–physical system', 'development process', 'formalism', 'model', 'modeling paradigm', 'systematic review'] 

TOP-K 720: ['airborne contaminant source', 'layered algorithm', 'mobile sensors', 'paper', 'new method'] 

Reference 720: ['area optimization', 'cellular automata', 'classification', 'gaussian dispersion model', 'sensors'] 

TOP-K 721: ['additional-greedy strategy', 'novel coverage-based tcp technique', 'various tcp techniques', 'different prioritization strategies'] 

Reference 721: ['greedy algorithm', 'regression testing', 'software testing', 'test case prioritization'] 

TOP-K 722: ['unified curiosity-driven learning', 'policy learning', 'sparse extrinsic reward problem', 'intrinsic reward estimation', 'intrinsic reward', 'current transition'] 

Reference 722: ['reinforcement learning', 'robust intrinsic reward', 'task-relevant feature', 'unified curiosity-driven exploration'] 

TOP-K 723: ['user-item graph', 'fine-grained semantics', 'knowledge-aware recommendation', 'attentive graph convolutional networks', 'efficient graph convolutional network', 'informative collaborative signals', 'novel framework', 'former aims'] 

Reference 723: ['attention mechanism', 'graph convolutional network', 'knowledge graph', 'recommender system'] 

TOP-K 724: ['linguistic distribution', 'distribution linguistic preference relation', 'cidpr', 'inconsistent cidpr', 'additive consistency index', 'interval symbolic proportions', 'acceptable consistent level', 'consistency level', 'preference relation', 'complete interval', 'adjustment algorithm'] 

Reference 724: ['complete interval distributed preference relation', 'consensus reaching process', 'consistency', 'distributed linguistic trust relation', 'group decision making', 'opinion fusion'] 

TOP-K 725: ['erm-me', 'multiview ensemble learning', 'user emotional preferences', ['social networks'], ['emotion roles'], 'emotional communities', 'emotion role mining approach', 'different features'] 

Reference 725: ['emotion contagion', 'emotion role', 'ensemble learning', 'social network'] 

TOP-K 726: ['multi-source vessel image segmentation', 'deep fusion network', 'multiscale fusion', 'deep features', ['feature fusion'], 'classifier fusion', 'domain invariant feature representation', 'frangi filter', 'feature fusion module', 'vessel responses'] 

Reference 726: ['feature fusion', 'image segmentation', 'retinal vessel segmentation'] 

TOP-K 727: ['supervised video summarization', 'multiscale hierarchical attention approach', 'supervised methods', 'inter-block attention', ['hierarchical structure'], 'video sequences', 'long-range temporal representations'] 

Reference 727: ['attention models', 'hierarchical structure', 'multiscale temporal representation', 'two-stream framework', 'video summarization'] 

TOP-K 728: [['dod'], 'empirical studies'] 

Reference 728: ['agile', 'definition of done', 'dod', 'scrum', 'survey'] 

TOP-K 729: ['superpixel guidance', 'semantic affinities', 'localization information', 'pixels', 'segmentation framework', 'superpixel guided', 'class label', 'fuse superpixel information'] 

Reference 729: ['pixel-level affinity', 'semantic segmentation', 'superpixel', 'weakly supervised condition'] 

TOP-K 730: [['augmented visual perception learning'], ['person re-identification'], 'avp module', 'human visual system', 'reid', 'salient features', 'two-stream hypothesis theory', 'attention-based model', 'salient regions', 'perceptual ability'] 

Reference 730: ['augmented visual perception learning', 'batch attention', 'person re-identification', 'two-stream hypothesis'] 

TOP-K 731: ['di anti-patterns', ['dependency injection']] 

Reference 731: ['anti-pattern', 'dependency injection', 'dependency inversion', 'inversion of control'] 

TOP-K 732: ['real-world trace', 'elastic stripe-based delta', 'stripe-based delta', 'method'] 

Reference 732: ['cross-data center storage', 'delta update method', 'disaster tolerance', 'distributed storage system', 'erasure code'] 

TOP-K 733: ['gcn architecture', 'novel personalized diagnosis technique', 'early alzheimer', 'inherent graph structure', 'coupling interpretable feature', 'gcn module outputs diagnosis', 'dynamic graph'] 

Reference 733: ["alzheimer's disease diagnosis", 'dynamic graph learning', 'graph convolutional networks', 'interpretable learning'] 

TOP-K 734: [['high-level vision tasks'], ['image fusion'], 'semantic segmentation module', 'high-level semantic information', 'semantic loss', 'image fusion module'] 

Reference 734: ['gradient residual dense block', 'high-level vision task', 'image fusion', 'semantic aware', 'task-driven evaluation'] 

TOP-K 735: ['unseen congestion detection', 'challenging recognition task', 'anti-congestion network', 'finer-grained detection', 'local domain', 'efficient network framework', 'core work'] 

Reference 735: ['congested and occluded objects', 'deep learning', 'object detection'] 

TOP-K 736: ['deep video', 'black-box settings', 'extensive experiments', 'misleading deep video'] 

Reference 736: ['adversarial attack', 'deep hashing', 'privacy protection', 'video retrieval'] 

TOP-K 737: ['fine-grained information', 'detail branch', 'texture learning', 'internal structure', 'variant recurrent neural networks', 'source images', 'visible image fusion method', 'extract texture-related features', 'parallel scene', 'explicit manner'] 

Reference 737: ['image fusion', 'infrared', 'recurrent neural network', 'scene and texture learning'] 

TOP-K 738: ['3d objects', ['stochastic instance normalization'], '3d object', 'progressive random sampling strategy', 'surface distribution', 'implicit distribution', 'diverse shapes'] 

Reference 738: ['3d point cloud harvesting', 'progressive sampling', 'stochastic instance normalization'] 

TOP-K 739: ['multi-feature deep information bottleneck', 'breast cancer classification', 'spectral mammography', 'breast cancer', 'clinical decision making', 'cesm', 'first time'] 

Reference 739: ['classification', 'contrast enhanced spectral mammography', 'deep learning', 'information bottleneck', 'multi-feature'] 

TOP-K 740: ['black box text classifier', 'binary decision diagrams', 'python package', 'rest api', 'novel approach', 'decision logic', 'contrastive explanations', 'decision criteria'] 

Reference 740: ['contrastive explanation methods for xai', 'post-hoc explainability', 'xai interpretability of text classifiers'] 

TOP-K 741: ['ad', 'modeling distributable systems', 'petri net-based specification', 'petri nets approaches', 'execution model', 'net model'] 

Reference 741: ['ad hoc networks', 'distributed systems', 'petri nets'] 

TOP-K 742: ['modeling error', 'model planning', 'local optimal points', 'world model', 'key challenges', 'poor robustness', 'varied way'] 

Reference 742: ['bi-level', 'model-based reinforcement learning', 'multi-perspective', 'planning', 'trajectory imagination'] 

TOP-K 743: ['adni dataset', 'new global context block', 'alzheimer', 'kernel attention mechanism', 'novel method', 'disease diagnosis', 'input features', 'method', 'extensive experiments'] 

Reference 743: ['attention mechanism', "diagnosis of alzheimer's disease", 'joint loss function', 'multi-scale', 'pseudo-3d'] 

TOP-K 744: ['ℓ0 fusion', 'novel clustering framework', 'clustering model', 'experimental results', 'several state-of-the-art clustering methods', 'regression method', 'outstanding performance'] 

Reference 744: ['alternating direction method of multipliers', 'nonconvex discontinuous optimization', 'penalized clustering', 'ℓ<sub>0</sub> fusion penalty'] 

TOP-K 745: ['intel xeon cpus', 'ibm power', 'high-speed nvlink', 'automatic offload calculation', 'certain blas library implementations', ['matrix multiplication'], 'nvidia gpus', 'complex numbers', 'multi-threaded performance'] 

Reference 745: ['automatic computation offloading', 'graphics processing unit', 'heterogeneous computing', 'high performance computing', 'matrix multiplication'] 

TOP-K 746: ['chinese developers', 'software development', 'global teams', 'collectivistic culture', 'in-group interactions', 'cultural patterns', 'information exchange', 'team behaviour management'] 

Reference 746: ['collectivism', 'cultural dimension', 'individualism', 'software development communities'] 

TOP-K 747: ['human-centric feature hierarchization', 'human body part-level knowledge', 'novel human-centric captioning model', 'human actions', 'novel three-branch captioning model', 'image features', 'sentence generation', 'hierarchical features'] 

Reference 747: ['feature hierarchization', 'human-centric', 'image captioning'] 

TOP-K 748: ['low energy-per-bit interconnects', 'next-generation data centers', 'computation nodes', 'main memory', 'data centers.recent advances'] 

Reference 748: ['data-centers', 'disaggregated memory', 'dram', 'memory systems', 'photonics'] 

TOP-K 749: ['lifespan-based gc', 'gc method', ['data lifetime'], 'dynamic flash memory allocation', 'i/o distribution', 'data', 'flash block', 'victim block', 'similar lifetime'] 

Reference 749: ['data lifetime', 'garbage collection', 'solid state drive'] 

TOP-K 750: ['td concept', 'theoretical knowledge', 'td identification', 'practical experiences', 'precise conceptualization'] 

Reference 750: ['causes of technical debt', 'effects of technical debt', 'insightd', 'survey', 'technical debt'] 

TOP-K 751: ['creim', 'coordinate-based efficient indexing mechanism', 'intelligent iot systems', ['heterogeneous edge computing'], 'experimental results', 'edge nodes', 'near-optimal latency', 'heterogeneous capabilities'] 

Reference 751: ['distributed storage', 'heterogeneous edge computing', 'indexing mechanism', 'internet of things system'] 

TOP-K 752: [['pronoun coreference resolution'], ['visual dialog'], 'visual dialog models', 'coreference relationship', 'dialog rounds', 'irrelevant history rounds', 'novel framework', 'explicit ways'] 

Reference 752: ['pronoun coreference resolution', 'vision and language', 'visual dialog'] 

TOP-K 753: ['ci-skip rules', 'empirical studies'] 

Reference 753: ['build prediction', 'continuous integration', 'maintenance cost', 'safety'] 

TOP-K 754: ['fuzzy preference relations', ['linguistic distribution'], 'optimization models', 'incomplete fle'] 

Reference 754: ['flexible linguistic expression', 'group decision making', 'linguistic distribution', 'personalized individual semantics'] 

TOP-K 755: [['web application testing'], 'exploratory testing.there'] 

Reference 755: ['exploratory testing', 'model-based testing', 'test automation', 'test case generation', 'web application testing'] 

TOP-K 756: ['hybrid mpi/multithreaded approach', 'machine learning', ['feature selection'], 'available parallel library', 'intensive process'] 

Reference 756: ['feature selection', 'high performance computing', 'hyperthreading', 'mpi', 'mutual information'] 

TOP-K 757: ['asymmetric quorum systems', 'stale nodes', 'data', ['sequential consistency'], 'multiple processes', 'differential updates', 'code structures', 'codes', 'stringent form', 'structural properties', 'maximum distance', 'practicable assumptions', 'overall study', 'distinct families'] 

Reference 757: ['erasure codes', 'quorums', 'read-modify-write', 'sequential consistency'] 

TOP-K 758: ['convolutional neural networks', ['scene-specific settings'], 'real-world application scenarios', 'computer vision task', 'target scene', 'model.crowd counting', 'challenging task', 'representative images', 'considerable progress'] 

Reference 758: ['crowd counting', 'scene-specific settings', 'synthetic training images'] 

TOP-K 759: ['future research orientations', 'current approaches', 'traffic congestion problem', 'efficient traffic management system', 'open issues', 'principal aim', 'complete view'] 

Reference 759: ['artificial intelligence', 'emerging technologies', 'intelligent transportation systems', 'smart city', 'traffic congestion', 'traffic management system'] 

TOP-K 760: ['multimodal medical signal fusion', 'multi-modal bioelectrical signals', ['multi-modal fusion'], 'fusion research', 'biological signal acquisition equipment', 'data fusion methods', 'evaluation indexes', 'fusion methods', 'multi-modal fusion forms', 'medical research', 'research status', 'spatial cognitive impairment', 'signal acquisition phase', 'challenges', 'scene settings'] 

Reference 760: ['fusion strategy', 'information complementarity', 'medical signal', 'multi-modal fusion'] 

TOP-K 761: ['bag representations', 'bag dissimilarity', 'multiple bag representations', 'mil data', 'attractive way'] 

Reference 761: ['dissimilarity regularization', 'fisher score', 'multi-instance learning (mil)'] 

TOP-K 762: ['contextual semantic consistency network', 'activity semantics', 'scene semantics', 'physical interactions', 'future activities', 'efficient context constraints'] 

Reference 762: ['the conditional context loss', 'the context-aware transfer', 'trajectory prediction'] 

TOP-K 763: ['light field image super-resolution', 'epipolar shift compensation', 'learning-based methods', 'super-resolution techniques', 'light field image', 'spatial resolution', 'shift information', 'sub-pixel domain', 'light field images neglect'] 

Reference 763: ['dynamic deformable convolution', 'light field', 'multi-view fusion', 'super-resolution'] 

TOP-K 764: ['performance testing data', ['software performance antipatterns'], 'efficient spa characterization', 'large complex system', ['detection'], 'novel approach'] 

Reference 764: ['characterization', 'detection', 'multivariate analysis', 'software performance antipatterns'] 

TOP-K 765: ['progressive fusion framework', 'visible image fusion', 'new benchmark dataset', 'illumination conditions', 'source images', 'meaningful information'] 

Reference 765: ['cross-modality differential aware fusion', 'deep learning', 'illumination aware', 'image fusion'] 

TOP-K 766: ['ui pages', 'app', 'feature relationships', 'key features', 'similar products', 'suitable features', 'relationships'] 

Reference 766: ['android apps', 'feature recommendation', 'user interface'] 

TOP-K 767: ['energy transaction algorithm', ['energy trading'], 'energy transaction', 'coalitions', 'mgs'] 

Reference 767: ['distributed energy management', 'energy storage system', 'energy trading', 'microgrid', 'power line losses'] 

TOP-K 768: ['just-in-time source code', 'java software projects', 'td trend', 'large dataset', 'long time'] 

Reference 768: ['deep learning', 'process metrics', 'software quality metrics', 'technical debt', 'technical debt forecasting', 'temporal convolutional network'] 

TOP-K 769: ['probability forecasting systems', 'small-sample validity', 'iid fashion', ['predictive distributions'], ['conformal prediction'], 'data-generating distribution', 'natural property', 'calibrated.this paper'] 

Reference 769: ['conformal prediction', 'predictive distribution', 'probabilistic calibration', 'universal consistency'] 

TOP-K 770: ['git repository', 'repair search spaces', 'source code changes', 'evaluation method'] 

Reference 770: ['commit analysis', 'program repair', 'search-space', 'static code analysis'] 

TOP-K 771: ['multi-metric feature extraction network', 'heterogeneous representation learning', 'high-expressive embeddings', 'few-shot relation prediction', 'heterogeneity-aware representation learning method', 'convolutional encoder', 'relational neighbors', 'heterogenous roles'] 

Reference 771: ['convolutional network', 'few-shot learning', 'knowledge graphs', 'relation prediction', 'representation learning'] 

TOP-K 772: ['proof script generator', ['proof scores'], 'cafeinmaude interpreter', 'theorem prover', 'parallel execution', 'interactive user interface', 'fixer-upper', 'tool integration', 'first stages'] 

Reference 772: ['cafeobj', 'proof scores', 'script generation', 'script inference', 'theorem proving'] 

TOP-K 773: ['rgb-d salient object detectors', 'rgb-d images', 'challenging scenarios', 'complementary information'] 

Reference 773: ['discriminative unimodal feature selection', 'multi-scale cross-modal feature fusion', 'rgb-d salient object detection', 'semantic information'] 

TOP-K 774: ['type-enhanced rl agent', 'local heterogeneous neighborhood information', ['knowledge graphs'], 'efficient path-based reasoning', 'heterogeneous relational reasoning', ['reinforcement learning'], 'fact prediction', 'dialogue systems', 'recommendation systems', 'question answering', 'downstream applications', 'knowledge graphs.path-based relational reasoning'] 

Reference 774: ['knowledge graphs', 'reinforcement learning', 'relational reasoning'] 

TOP-K 775: [['long method'], 'java codes', 'advanced graph analysis techniques', 'software systems', 'common code', 'aforementioned difficulties'] 

Reference 775: ['code smell', 'extract method', 'graph analysis', 'long method', 'software refactoring'] 

TOP-K 776: ['structure-aware spatial non-local block', 'spatial covariance features', 'edge structure context', 'patch-based global structure context', 'spatial location information', 'spatial-sensitive global context', ['structural coherence'], 'edge loss', 'self-attention mechanism', 'adversarial loss'] 

Reference 776: ['deep neural network', 'saliency detection', 'structure coherence'] 

TOP-K 777: ['autointer-fuzzing', 'thread interleavings', 'interleaving-aware power schedule', 'real-world multi-threaded programs', 'interleaving-relevant vulnerabilities', 'multi-threaded program'] 

Reference 777: ['bug detection', 'concurrency vulnerabilities', 'fuzzing', 'multi-threading', 'reliability'] 

TOP-K 778: ['reward novel states', ['deep reinforcement learning'], 'reward diverse behaviours', 'exploration techniques', 'goal-based methods', 'exploration approaches', 'imitation-based methods', 'probabilistic methods', 'random-based methods', 'safe exploration', 'key contributions', 'comprehensive overview'] 

Reference 778: ['deep reinforcement learning', 'exploration', 'intrinsic motivation', 'sparse reward problems'] 

TOP-K 779: ['novel nakagami-fuzzy imaging framework', ['nakagami imaging'], 'axial flair mri images', 'non-homogenous suspicious regions', 'brain tumor characteristics', 'fuzzy 2-means', 'suspicious region segmentation', 'ground truth images', 'binary ground truths', 'different precision levels'] 

Reference 779: ['brats', 'fuzzy c-means', 'lesion segmentation', 'mri', 'nakagami imaging'] 

TOP-K 780: ['multi-numa vm scheduling', 'reinforcement learning problem', 'novel structured combinatorial optimization', 'reinforcement learning algorithm', 'delta reward scheme', 'sampling strategy'] 

Reference 780: ['cloud computing', 'dynamic virtual machine scheduling', 'multi-numa', 'reinforcement learning'] 

TOP-K 781: ['business models', 'information technology', 'production processes', 'mass', 'sound information'] 

Reference 781: ['blockchain technology', 'industry 4.0', 'information systems', 'manufacturing', 'mass customization/personalization', 'supply chain'] 

TOP-K 782: ['video copy-move forgery cases', 'novel vcmfd method', 'false keypoint-matches', 'keypoint-label groups', 'true keypoint-matches', 'exact keypoint-matches', 'novel fast keypoint-label matching', 'pixel level', 'high-dimensional feature', 'sift structure', ['thorough feature extraction'], 'new coarse-to-fine', 'video pixels', 'adaptive block', 'efficient suspicious region'] 

Reference 782: ['adaptive block filling', 'coarse-to-fine filtering', 'fast keypoint-label matching', 'thorough feature extraction', 'video copy-move forgery detection'] 

TOP-K 783: ['api endpoint design', 'architectural design decisions', 'add options', 'empirical results', 'assessment'] 

Reference 783: ['api design', 'architecture conformance assessment', 'domain driven design', 'microservice architecture'] 

TOP-K 784: [['scene classification'], 'real-world applications', 'extensive numerical experiments', 'ensemble framework', 'critical role', 'wide range'] 

Reference 784: ['prototypes', 'pseudo-labelling', 'remote sensing', 'scene classification', 'self-training'] 

TOP-K 785: [['component connectivity'], 'regular networks', ['component diagnosability'], 'class'] 

Reference 785: ['component connectivity', 'component diagnosability', 'multiprocessor systems', 'robustness'] 

TOP-K 786: ['covered style mining-gan', 'face anti-spoofing detection', 'csm-gan', ['generative adversarial networks'], 'style transfer', 'photography style', 'style transfer process', 'auxiliary style classifier', 'discriminative clues', 'style transfer generator', 'difference map', 'style adversarial discriminator', 'covered style encoder', 'difference capture blocks', 'main components'] 

Reference 786: ['deep learning', 'face anti-spoofing', 'generative adversarial networks'] 

TOP-K 787: ['standard regression trees', 'original training instances', ['rule extraction'], 'interpretable model', 'opaque model', 'valid prediction intervals', 'many advantages'] 

Reference 787: ['conformal prediction', 'explainable ai', 'interpretability', 'predictive regression', 'rule extraction'] 

TOP-K 788: ['github repositories', 'academic papers', 'large-scale study', 'current practice'] 

Reference 788: ['open access', 'open science', 'software documentation', 'traceability'] 

TOP-K 789: ['visual inspection', 'rns datasets', 'observation model', 'novel network', ['modality gap'], 'evaluation metrics', 'guidance images', 'benchmark methods', 'extensive experiments'] 

Reference 789: ['guided image denoising', 'modality gap', 'multi-modal image denoising'] 

TOP-K 790: ['satds', 'hybrid attention-based method', 'state-of-the-art performance', 'method hatd', 'manual methods', 'existing studies', 'recent study'] 

Reference 790: ['attention mechanism', 'gated graph neural network', 'self-admitted technical debt', 'technical debt'] 

TOP-K 791: ['image splicing', 'fine-grained detection', ['forensics features'], ['forensics feature'], 'coarse-grained detection', 'color filter array', 'covariance matrix', 'cfa interpolation pattern', 'interpolation process', ['texture strength features'], 'consistent correlation pattern', 'b channels'] 

Reference 791: ['cfa interpolation algorithm', 'edges smoothing', 'forensics features', 'image splicing detection', 'texture strength features'] 

TOP-K 792: [['artificial intelligence'], 'sustainable cloud computing', 'hunter', 'energy consumption', 'cloudsim toolkit', 'sla violation', 'cosco framework', 'state-of-the-art baselines', 'physical cloud environments', 'holistic resource management technique', 'scheduling time'] 

Reference 792: ['artificial intelligence', 'cloud computing', 'energy-efficiency', 'holistic resource management', 'thermal management'] 

TOP-K 793: ['automatic tooth segmentation model', 'deep learning methods', 'prior ellipses', 'deep learning method', 'level-set approaches', 'boundary boxes'] 

Reference 793: ['active contour', 'deep learning', 'level set', 'oral cbct images', 'tooth detection'] 

TOP-K 794: ['latent graph generation', 'latent space transformation', 'multi-modal earth observation data', 'cross-modality biases', 'graph convolutional approach', 'cross-domain samples', 'domain discrepancy', 'critical issue'] 

Reference 794: ['convolutional neural networks', 'fusion', 'ground measured spectra', 'hyperspectral', 'multispectral uav'] 

TOP-K 795: [['graph convolutional network'], 'object classification', ['point cloud'], 'robust graph convolutional network'] 

Reference 795: ['classification', 'graph convolutional network', 'point cloud', 'pose robust'] 

TOP-K 796: ['ohs risk assessment', 'ohs risk', 'fine-kinney model', 'interval 2-tuple linguistic variables', 'weighted power average', 'extended oreste method', ['cumulative prospect theory']] 

Reference 796: ['cumulative prospect theory', 'fine kinney', 'interval 2-tuple linguistic', 'occupational health and safety', 'oreste method'] 

TOP-K 797: ['deep learning algorithms', 'covid-19 infected patients', 'chest x-ray images', 'two-objective function', 'validation set', 'laboratory test', 'gold standard', 'many applications'] 

Reference 797: ['convolutional neural networks', 'covid-19', 'deep-learning', 'multi-expert systems', 'optimization', 'x-ray'] 

TOP-K 798: ['cosine similarity optimization-based softmax', 'inter-class cosine similarities', 'class weights', 'softmax loss formulation', 'cosine similarity-based softmax variants'] 

Reference 798: ['convolutional neural networks', 'cosine similarity', 'cross entropy loss', 'embedding learning', 'quadratic transformation', 'softmax'] 

TOP-K 799: [['chest x-rays'], ['covid-19'], 'deep semi-supervised framework', 'attractive option'] 

Reference 799: ['chest x-ray', 'covid-19', 'deep learning', 'explainability', 'semi-supervised learning'] 

TOP-K 800: ['unimodal datasets', 'two-sample kolmogorov-smirnov', 'one-dimensional dataset', 'unimodal uniform test', ['uniform mixture models'], 'test'] 

Reference 800: ['statistical modeling', 'uniform mixture model', 'unimodal data', 'unimodality test'] 

TOP-K 801: ['classification outputs', 'sensor nodes', 'classification output', 'vector quantisation', 'sensor node', 'feature extraction', 'significant performance', 'dynamic set'] 

Reference 801: ['activities of the daily living', 'decision-level fusion', 'dynamic sensor activation', 'edge computing', 'sound classification', 'wireless acoustic sensor network'] 

TOP-K 802: ['data privacy preservation model', 'novel artificial intelligence approach', 'privacy preservation problem', 'statistical analysis', 'conventional algorithms', 'cloud sector', 'main intention'] 

Reference 802: ['data restoration', 'data sanitization', 'intelligent privacy preservation in cloud', 'key generation protocol', 'probability switch searched butterfly-moth flame optimization'] 

TOP-K 803: ['multi-attention module', 'intelligent fault diagnosis model', 'novel weighted soft-voting rule', 'adaptive weighted rule', 'multi-scale information', 'different scales-to-faults', 'engineering systems', 'crucial requirement'] 

Reference 803: ['convolutional neural network', 'fault diagnosis', 'gearbox maintenance', 'intelligent diagnosis', 'multi-scale information fusion', 'prognosis and health management'] 

TOP-K 804: ['mobile app runtime data', ['malware detection'], 'detection model training'] 

Reference 804: ['data fusion', 'intel sgx', 'malware detection', 'privacy preservation', 'probabilistic data structures'] 

TOP-K 805: ['associative in-memory processors', 'associative in-memory processing', ['in-memory computing'], 'hardware/software design methodology', 'expensive data access costs', 'progressive effort', 'successful candidate'] 

Reference 805: ['associative processor', 'content addressable memory', 'hardware/software co-design', 'in-memory computing', 'single instruction multiple data (simd)'] 

TOP-K 806: ['linguistic information granulation model', 'linguistic information', 'pfcpso approach', 'information granulation model', 'operational realization'] 

Reference 806: ['constrained optimization problem', 'distributed linguistic preference relation', 'group decision making', 'linguistic information granulation', 'particle swarm optimization'] 

TOP-K 807: ['case study guidelines', ['small-scale evaluations'], 'studies', ['case study'], 'report case studies'] 

Reference 807: ['case study', 'checklist', 'citation analysis', 'guidelines', 'small-scale evaluation', 'smell indicator'] 

TOP-K 808: [['leaky integrate-and-fire model'], 'gpu', 'performance', 'memory technology', 'hardware level'] 

Reference 808: ['computational neuroscience', 'gpu processing', 'leaky integrate-and-fire model', 'neural models', 'neural networks'] 

TOP-K 809: ['code quality', 'team dynamics', ['automated programming assessment system'], 'code-quality evaluation scheme', 'team participation', 'individual team members', 'contribution', 'weekly basis'] 

Reference 809: ['automated programming assessment system', 'cooperative/collaborative learning', 'programming education', 'project-based learning', 'quality'] 

TOP-K 810: ['deep learning-based super-resolution', 'blind sr', 'real-world images', 'predefined degradations', 'state-of-the-art performance', 'favorable sr results', 'extensive experiments'] 

Reference 810: ['blind super-resolution', 'external learning', 'internal learning', 'online updating'] 

TOP-K 811: ['image-level semantics', 'high-level contextual cues', 'top-down signals', 'two-stage detectors', 'low-level features', 'detection head', 'object classes', 'side path', 'little extra overheads'] 

Reference 811: ['co-supervised', 'contextual cues', 'object detection'] 

TOP-K 812: ['veracity', 'unit-testing specific system components', 'confidence-interval quantitative verification', 'tool-supported iterative approach', 'epistemic parameter uncertainty', ['nonfunctional requirements'], 'verification iterations', 'accurate verification', 'additional data'] 

Reference 812: ['confidence intervals', 'nonfunctional requirements', 'probabilistic model checking', 'quantitative verification', 'uncertainty reduction', 'unit testing'] 

TOP-K 813: ['public dynamic reliability', 'intuitionistic fuzzy number', 'novel information entropy measure', 'different decision-making bodies', 'criteria weights', 'new method', ['sentiment analysis']] 

Reference 813: ['dynamic reliability', 'information fusion', 'large-scale group decision making', 'public participation', 'sentiment analysis'] 

TOP-K 814: ['adaptive precision training method', 'learning ability', 'per-layer bitwidth', 'quantised model'] 

Reference 814: ['adaptive precision', 'edge ai', 'efficient training', 'neural network', 'parameter update'] 

TOP-K 815: ['fine-grained actions', 'action-independent gaussian mixture model', 'dynamic kernel-based approach', 'spatio-temporal information', 'variable-length patterns', 'local similarities', 'effective recognition'] 

Reference 815: ['dynamic kernels', 'fine-grained action recognition', 'gaussian mixture model', 'spatio-temporal features'] 

TOP-K 816: ['multi-level graph learning network', 'hsi classification', 'graph structural information', 'global contextual information', 'end-to-end fashion', 'global levels'] 

Reference 816: ['graph convolutional network', 'graph structural learning', 'graph-based machine learning', 'hyperspectral image classification', 'remote sensing'] 

TOP-K 817: [['federated learning'], 'blockchain-based incentive governor', 'blockchain-based incentive management system', ['incentive mechanism']] 

Reference 817: ['attack detection', 'federated learning', 'incentive mechanism'] 

TOP-K 818: ['los connectivity', 'ml solution', 'ap', 'network performance', ['infrastructure mobility'], 'access point', 'systematic solution wimove'] 

Reference 818: ['heuristic algorithms', 'infrastructure mobility', 'machine learning (ml)', 'mmwave wifi'] 

TOP-K 819: ['airfoil mesh quality evaluation', 'neural network-based evaluation model', ['deep neural networks']] 

Reference 819: ['benchmark dataset', 'deep neural network', 'mesh quality', 'numerical simulation'] 

TOP-K 820: ['hpc clusters', 'multiple high-density multi-gpu servers', 'hpc cluster', 'infiniband network', 'deep learning', 'dnns', 'training', 'new challenges', 'convergence speed', 'communication time'] 

Reference 820: ['adaptive', 'distributed deep learning system', 'high-performance computing', 'momentum-driven', 'synchronization model'] 

TOP-K 821: ['social network evolution rules', ['opinion dynamics'], 'opinion evolution process', 'opinion evolution rules', ['social network'], 'opinion distribution', 'opinion differences', 'social relationships', 'key factors', 'final state', 'comprehensive influence'] 

Reference 821: ['adaptive consensus reaching process', 'group decision making', 'opinion dynamics', 'social network'] 

TOP-K 822: ['large-scale dependable systems', 'benign nxdomains', 'domain generation algorithm', 'online detection', 'detection methods'] 

Reference 822: ['dga', 'dns', 'feature selection', 'pu learning', 'reinforcement learning'] 

TOP-K 823: [['tee'], 'trusted execution environment', 'non-sensitive code', 'long execution latencies', 'large attack surfaces', 'sensitive code', 'hardware environment', 'computing base'] 

Reference 823: ['code transformation', 'program analysis', 'tee'] 

TOP-K 824: ['scalable parallel dbscan algorithm', 'large datasets', 'research studies', 'considerable amount'] 

Reference 824: ['dbscan', 'density-based clustering', 'distributed-memory', 'parallel algorithm'] 

TOP-K 825: ['eeg modality', 'dark knowledge', 'visual modality.visual modality', 'continuous prediction', 'dominant modalities'] 

Reference 825: ['continuous emotion recognition', 'cross-modality', 'knowledge distillation'] 

TOP-K 826: ['case', 'interactive machine learning', 'semantic alignment', 'human mental models', 'extensive experimental validation', 'meaningful explanations', 'coherent words', 'appropriate way'] 

Reference 826: ['contextual and semantic interrogations', 'explainable artificial intelligence', 'explanatory understanding', 'human-like explanations', 'interpretable machine learning', 'topic modeling'] 

TOP-K 827: [['mental well-being'], 'covid-19 pandemic', 'pandemic emergency situations', ['software professionals'], 'home-based work setting', 'job strain', 'software companies', 'resource-related factors', ['work engagement'], 'study', 'negative effects', 'valuable insights'] 

Reference 827: ['covid-19', 'cross-sectional survey', 'home-based working', 'mental well-being', 'software professionals', 'work engagement'] 

TOP-K 828: ['web service classification', 'web service recommendation', 'relation-aware graph attention network', 'effective means'] 

Reference 828: ['attention mechanism', 'graph neural network', 'service discovery', 'web services'] 

TOP-K 829: ['texture', 'biodiversity concepts', 'taxonomic measures', 'species ecosystem', 'image channel', 'species diversity', 'non-deterministic way'] 

Reference 829: ['pattern recognition', 'phylogenetic indices', 'species abundance', 'species richness', 'taxonomic distinctiveness', 'texture characterization and classification'] 

TOP-K 830: ['new lifelong visual-tactile learning', 'robotic tasks', 'visual information', 'heterogeneous feature distributions', 'discriminative material properties', 'cross-modality aspects', 'existing lifelong learning', 'different modalities', 'latent correlations', 'perception methods', 'common characterization', 'modality', 'intrinsic relationships', 'different tasks', 'distinct divergence'] 

Reference 830: ['cross-modality learning', 'lifelong machine learning', 'multi-task learning', 'robotics', 'visual-tactile perception'] 

TOP-K 831: ['ml2asr', 'adaptation space reduction plus', 'adaptation goals', 'adaptation space', 'adaptation decisions', 'negligible effect', 'different types'] 

Reference 831: ['adaptation space reduction', 'analysis', 'machine learning', 'self-adaptation'] 

TOP-K 832: ['plasma plume simulations', 'non-uniform particle distributions', 'tree hierarchical object structure', 'contiguous memory block', 'data transfer', 'deserialization feature', 'steady state', 'tree hierarchy'] 

Reference 832: ['dynamic load balancing', 'hilbert space-filling curve', 'over decomposition', 'particle simulation'] 

TOP-K 833: ['person mask prediction', 'vi-preid', 'novel multi-task learning model', 'person body features', 'discriminative person body information', 'novel task translation sub-network', 'task difference'] 

Reference 833: ['cross-modality person re-identification', 'multi-task learning', 'person body information'] 

TOP-K 834: ['hpc platform workload traces', 'regression techniques', 'scheduling policies', 'scheduling metrics', 'execution time estimates', 'previous studies'] 

Reference 834: ['classification', 'hpc', 'machine learning', 'online scheduling'] 

TOP-K 835: ['quantum programming', 'quantum software engineering', 'quantum developers', 'research community', 'systematic investigations'] 

Reference 835: ['empirical software engineering', 'quantum computing', 'software engineering for quantum programming'] 

TOP-K 836: ['covariance matrix', 'data synthesis methods', 'new data synthesis method', 'fast data synthesis capabilities', 'original dataset'] 

Reference 836: ['artificial dataset', 'correlation', 'data synthesis', 'random noise'] 

TOP-K 837: [['trust evaluation'], 'trust evaluation models', ['data fusion'], 'task sabotage', 'deep transfer', 'privacy leakage', 'granularity demands', 'honest users', 'dynamic reward', 'punishment mechanism'] 

Reference 837: ['data fusion', 'deep reinforcement learning', 'internet of things', 'privacy preservation', 'transfer learning', 'trust evaluation'] 

TOP-K 838: ['novel double-cohesion learning', 'palmprint features', 'discriminant palmprint recognition', 'double-cohesion strategy', 'inter-view margins', 'multiple views', 'intra-class margins', 'recognition performance', 'generic scenarios'] 

Reference 838: ['discriminant projection', 'double-cohesion learning', 'multiview learning', 'palmprint recognition'] 

TOP-K 839: [['online action detection'], 'streaming videos', 'real-time analysis', ['knowledge distillation'], 'offline teacher', ['privileged information'], 'online student', 'videos addresses'] 

Reference 839: ['curriculum learning', 'knowledge distillation', 'online action detection', 'privileged information'] 

TOP-K 840: ['code clone detection', ['deep learning'], 'future prospects', 'little work', 'systematic review'] 

Reference 840: ['code clone', 'code smell', 'deep learning', 'duplicate code', 'literature review', 'machine learning'] 

TOP-K 841: ['sparse capsnet', 'component-wise absolute value regularizer', 'unnecessary weight parameters', 'explicit regularizer', 'objective function'] 

Reference 841: ['capsule network', 'model compression', 'proximal gradient descent', 'sparse regularization'] 

TOP-K 842: ['popular big data frameworks', 'various abstractions', 'environment.apache spark', 'computation details'] 

Reference 842: ['big data system', 'empirical study', 'stack overflow'] 

TOP-K 843: [['limited trust propagation'], 'social networked setting', 'group decision making', 'propagation efficiency', 'uncertain preference information', 'complete linkages', 'preference modification', 'decision makers', 'individual attitude', 'propagation process', 'network density', 'group size'] 

Reference 843: ['behavioral characteristic', 'consensus reaching process', 'consistency', 'limited trust propagation', 'social network analysis'] 

TOP-K 844: [['label noise'], 'classification problems', ['dynamic selection'], 'k-nearest oracles-union algorithm.in', 'severe degradation', 'presence'] 

Reference 844: ['bagging', 'dynamic selection', 'ensemble methods', 'label noise', 'multiple classifier systems'] 

TOP-K 845: ['dynamic hybrid trust network', 'hybrid trust network', 'joint decision-making', 'dual-path feedback mechanism', 'group consensus', 'trust relationships', 'decision makers', 'main parts'] 

Reference 845: ['dynamic decision-making', 'feedback mechanism', 'intuitionistic fuzzy sets', 'multi-attribute group decision-making', 'trust network'] 

TOP-K 846: ['attention-aware sampling method', 'markov decision process', 'deep reinforcement learning', ['action recognition'], 'attention agent', 'mining key frames', 'extra labels', 'discriminative frames', 'misleading frames'] 

Reference 846: ['action recognition', 'deep learning', 'pseudo labels', 'reinforcement learning'] 

TOP-K 847: [['virtual machine placement'], 'renewable energy utilization', 'virtual machine allocation scheme', 'carbon-aware algorithm', ['energy consumption'], ['carbon emissions']] 

Reference 847: ['carbon emission', 'energy consumption', 'renewable energy', 'virtual machine placement'] 

TOP-K 848: [['driver embeddings'], 'driver identification', 'deep learning architecture', 'latent representations', 'classification accuracy'] 

Reference 848: ['deep learning', 'driver embeddings', 'driver recognition', 'driving behavior analysis'] 

TOP-K 849: ['morphological operators', 'novel morphological operations', ['semantic segmentation'], 'dnn performance', 'picture classification', ['edge detection'], 'various tasks'] 

Reference 849: ['architecture search', 'deep learning', 'edge detection', 'mathematical morphology', 'semantic segmentation'] 

TOP-K 850: [['requirements technical debt'], 'unintended changes', 'strategic decisions', 'actual implementation', 'immediate gains', 'management software.context', 'ideal value'] 

Reference 850: ['identification', 'measurement', 'requirements technical debt', 'systematic literature review', 'technical debt'] 

TOP-K 851: ['inconsistency problems', 'classification branch', 'dynamic smooth label assignment', 'dynamic smooth label'] 

Reference 851: ['centerness score', 'convolutional neural network', 'intersection-of-union', 'object detection'] 

TOP-K 852: ['slreo', ['sparse latent representation'], 'uncorrelated feature selection', 'latent representation learning', 'data', 'square discriminant analysis', 'internal information'] 

Reference 852: ['olsda', 'pseudo-labels', 'sparse latent representation', 'uncorrelated constraints', 'unsupervised feature selection'] 

TOP-K 853: ['phase information', 'geometrical features', 'traditional shearlets', ['corner detection'], 'bilateral margin responses', 'novel complex shearlet', 'edge extension', 'extract phase information'] 

Reference 853: ['complex shearlets', 'corner detection', 'multi-scale analysis', 'phase congruence', 'rotary structure tensor'] 

TOP-K 854: ['self-supervised siamese inference network', 'face images', 'dense correspondence field', 'geometric variations'] 

Reference 854: ['3d face analysis', 'attention mechanism', 'face completion', 'unsupervised learning'] 

TOP-K 855: ['traffic forecasting model', 'urban roads', 'time-consuming computing', 'heavy costs', 'realistic behavior'] 

Reference 855: ['its', 'markov chain', 'mobility model', 'queuing theory', 'vanet'] 

TOP-K 856: [['self-supervised learning'], ['self-ensemble strategy'], 'transferable visual representation', 'auxiliary supervision information', 'plug-in auxiliary task', 'multiple previous network predictions', 'training process', 'implicit benefits', 'leverage'] 

Reference 856: ['learning from label proportion', 'multi-task learning', 'self-ensemble strategy', 'self-supervised learning'] 

TOP-K 857: ['hierarchical clustering', 'bunch clustering algorithms', 'different clustering algorithms', 'diverse domains', 'different software systems', 'mojofm value', 'software systems', 'particular software system', 'suitability', 'suitable algorithm'] 

Reference 857: ['architecture recovery', 'feature extraction', 'footprint visualisation', 'software clustering', 'software remodularisation'] 

TOP-K 858: ['energy management techniques', 'energy harvesting wsns', ['energy management'], 'harvesting system', 'energy consumption', 'sensor networks', 'various methods', 'intelligent strategy'] 

Reference 858: ['energy harvesting awareness', 'energy management', 'renewable energy harvesting', 'solar energy harvesting', 'wind energy harvesting', 'wireless sensor networks'] 

TOP-K 859: [['coreference resolution'], 'anaphora resolution.coreference resolution', ['natural language processing'], 'research', 'core component'] 

Reference 859: ['anaphora resolution', 'coreference resolution', 'deep learning', 'natural language processing', 'sentiment analysis'] 

TOP-K 860: ['image fusion quality measure', 'tsallis entropy.entropy-based metrics', 'small parameter set', ['theoretical analysis'], 'single layer implementation'] 

Reference 860: ['image fusion', 'mutual information', 'quality assessment', 'theoretical analysis', 'tsallis entropy'] 

TOP-K 861: ['paroxysmal arrhythmias.automatic arrhythmia detection', 'cardiovascular diseases', 'early prevention', 'important role'] 

Reference 861: ['arrhythmia detection', 'attention module', 'convolutional neural network', 'recurrent cells', 'spatial temporal fusion'] 

TOP-K 862: [['multimodal processes'], ['support vector data description'], 'class observations', 'procedure constructs hyperspheres', 'many observations'] 

Reference 862: ['anomaly detection', 'bayesian statistics', 'multimode process', 'support vector data description'] 

TOP-K 863: ['multiple attribute group decision', 'different evaluation index', 'universes'] 

Reference 863: ['diversified binary fuzzy relation', 'fuzzy multigranulation rough set', 'multiple attribute group decision making', 'rough set', 'two universes'] 

TOP-K 864: ['hp-ai', 'ai systems', 'ordinal scale', 'artificial neural networks', 'human experts', 'deep learning', 'quantitative information.in'] 

Reference 864: ['fuzzy measure', 'linguistically expressed', 'multi-source fusion', 'ordinal information'] 

TOP-K 865: ['language-based vectorization techniques', 'portable openacc implementation', 'multicore cpus', 'openmp-based implementations', 'new divide-and-conquer parallel method', 'recursive formula', ['algorithmic approach'], 'special sparse structure'] 

Reference 865: ['algorithmic approach', 'openmp, openacc and cuda', 'pseudorandom numbers', 'recursive generators', 'vectorization'] 

TOP-K 866: ['multiscale feature extraction', 'segmentation performance', 'segmentation', 'improved grabcut', 'feature extraction', 'cartoon image', 'real image', 'model.the grabcut'] 

Reference 866: ['grabcut', 'image segmentation', 'inhomogeneity', 'multiscale feature', 'total variation regularization'] 

TOP-K 867: ['modeling ivn systems', 'ivn system models', 'design phase', 'framework', 'appropriate abstraction'] 

Reference 867: ['can', 'flexray', 'in-vehicle networking systems', 'model checking', 'uppaal'] 

TOP-K 868: ['kulla instances', 'real-world applications', 'infrastructure-agnostic parallel', 'recursive combinations', 'deployment structures'] 

Reference 868: ['construction model', 'infrastructure-agnostic applications', 'parallel patterns', 'pipelines', 'virtual containers'] 

TOP-K 869: ['edgekv', 'data replication', 'network edge', 'storage system', 'strong consistency guarantees', 'reliable storage'] 

Reference 869: ['consistency', 'dht', 'distributed systems', 'edge computing', 'key–value store'] 

TOP-K 870: ['sunway taihulight', 'sw26010 processor', 'parallel aes implementation', 'single-instruction multiple-data', 'data parallelism', 'on-chip cpes', 'sw-aes exploits parallelism', 'intra-cpe data parallelism', 'instruction-level parallelism', 'basic building block', 'computing processing element', 'architectural features', 'different levels', 'pipelines memory access'] 

Reference 870: ['aes algorithm', 'high-performance computing', 'parallelism', 'supercomputer', 'vectorization'] 

TOP-K 871: ['fault identification', 'safety-critical environments', 'industrial control domains', 'industrial cyber', 'physical systems', 'innovative approaches', 'diagnosis techniques'] 

Reference 871: ['aerospace', 'automotive', 'avionics', 'faults', 'industrial control', 'industrial cyber–physical systems'] 

TOP-K 872: ['open source software projects', 'small methods', 'k methods'] 

Reference 872: ['mining software repositories', 'source code analysis', 'tracking java methods'] 

TOP-K 873: ['pcs development', 'pcs development challenges', 'pcs projects', 'rup', ['scrum']] 

Reference 873: ['agile', 'product configuration systems (pcss)', 'rational unified process (rup)', 'scrum'] 

TOP-K 874: ['vmi semantics', 'vmi management', 'semantically-aware vmi decomposition', 'software packages', 'base image selection', 'store non-redundant base image'] 

Reference 874: ['semantic similarity', 'storage optimization', 'virtual machine image management', 'virtual machine image publishing', 'virtual machine image retrieval'] 

TOP-K 875: ['part-of-speech annotations', 'tagger accuracy', 'modeling identifier', 'identifiers', 'state-of-the-art techniques', 'patterns', 'open-source systems', 'attribute names', 'different patterns', 'dataset', 'different types', 'work advances'] 

Reference 875: ['identifier naming', 'part-of-speech tagging', 'program comprehension', 'software maintenance', 'source code analysis'] 

TOP-K 876: ['real cloud-based ehealth systems', 'msope scheme', 'security analysis'] 

Reference 876: ['electronic health record', 'order-preserving encryption', 'privacy-preserving range query'] 

TOP-K 877: ['light weight', 'precarious environments', 'replicate-all algorithm', 'resource wastage', 'efficient resubmission', 'workflow completion', 'resource usage', 'acceptable increase'] 

Reference 877: ['checkpointing', 'clustering', 'clustering', 'resubmission', 'workflow scheduling'] 

TOP-K 878: ['aws lambda platform', 'faas platforms', 'faas platform overhead', 'cpu speed', 'many studies', 'simple functions', 'overall domain', 'comprehensive understanding'] 

Reference 878: ['benchmarking', 'cloud computing', 'function-as-a-service', 'multivocal literature review', 'performance', 'serverless'] 

TOP-K 879: ['osa diagnosis', 'efficient ai methods', 'intelligent diagnosis', 'major contributor'] 

Reference 879: ['artificial intelligence', 'internet of intelligent things', 'internet of things', 'obstructive sleep apnea', 'optimization', 'remote diagnosis'] 

TOP-K 880: [['unsupervised domain adaptation'], 'adversarial learning', 'target domains', 'classes distribution', 'joint feature distribution', 'feature extractor', 'source data'] 

Reference 880: ['attention learning', 'generated adversarial network', 'pseudo labels', 'unsupervised domain adaptation'] 

TOP-K 881: ['large-scale untrimmed video analysis', 'bi-directional parallel lstms', 'temporal action proposal', 'contextual information', 'initial proposals', 'visual features', 'video unit', 'fundamental role', 'full use', 'contextual information.in'] 

Reference 881: ['deep learning', 'temporal action proposal generation and detection', 'untrimmed video analysis'] 

TOP-K 882: ['soa-based iot systems', 'omg standards', 'omg-compliant executable modeling language', 'soa elements', 'iot applications', 'soa style', 'modeling languages', 'first-class citizens'] 

Reference 882: ['application', 'internet of things', 'model-driven development', 'service-oriented architecture'] 

TOP-K 883: ['ecg data', 'untrusted bsn environment', 'se schemes', 'classification use case', 'se design', 'data privacy', 'illegal classification', 'attacker sides', 'practical scenario'] 

Reference 883: ['ecg fusion', 'machine learning', 'privacy', 'selective encryption', 'svm'] 

TOP-K 884: ['junit tests', 'unit tests', 'test names', 'descriptive names', 'pattern-based approach'] 

Reference 884: ['documentation', 'software quality', 'software testing'] 

TOP-K 885: ['ci testing', ['reinforcement learning'], 'continuous decision mechanism', 'reward function', 'test cases', 'reward strategy', 'systematic study', 'crucial role'] 

Reference 885: ['continuous integration', 'reinforcement learning', 'reward policy', 'test case prioritization'] 

TOP-K 886: ['self-triggered mechanism', 'optic-electric sensor network', 'internode communication cost'] 

Reference 886: ['distributed estimation', 'gaussian mixture', 'self-triggered strategy', 'square-root cubature information filter'] 

TOP-K 887: ['homomorphic encryption', 'encrypted data', ['big data'], 'powerful cryptosystem', 'analysis tasks', 'analytics framework'] 

Reference 887: ['big data', 'cloud computing', 'distributed analytic', 'fully homomorphic encryption'] 

TOP-K 888: ['indoor autonomous robot navigation', 'parallel implementation strategies', 'gpu heterogeneous strategies', 'energy', 'runtime performance', 'large enough problem sizes', 'use-case scenario', 'computation time', 'computation platform'] 

Reference 888: ['low-power heterogeneous architectures', 'markov decision processes', 'mobile robot navigation', 'sequential decision making under uncertainty', 'value iteration'] 

TOP-K 889: ['asymmetric disjunction', 'asymmetric conjunction', 'full axiomatization', 'world cases', 'full alternatives', 'relevant ones'] 

Reference 889: ['and if possible operators', 'averaging functions', 'axiomatization', 'continuous and non–continuous fusion functions', 'or else operators'] 

TOP-K 890: ['anomaly-based ids', 'hybrid anomaly-based ids', 'advanced metering infrastructure', 'ioe architecture', 'security attacks', 'networked site', 'complex algorithms', 'considerable amount'] 

Reference 890: ['anomaly-based intrusion detection', 'internet of energy', 'intrusion detection', 'machine learning', 'smart grid'] 

TOP-K 891: ['multi-label feature selection methods', ['feature selection'], 'novel feature selection method', 'low-dimensional feature matrix', 'label correlations', 'feature selection process', 'feature selection models', 'shared common mode', 'feature matrix'] 

Reference 891: ['classification', 'coupled matrix factorization', 'feature selection', 'multi-label learning', 'non-negative matrix factorization'] 

TOP-K 892: ['dimensionality reduction techniques', 'application areas', 'different types'] 

Reference 892: ['dimensionality reduction', 'features', 'high dimensional data', 'linear techniques', 'nonlinear techniques'] 

TOP-K 893: ['one-stage deep text-detection models', 'two-stage deep text-detection model', 'state-of-the-art text detection methods', 'one-stage deep detection model', 'experimental results', 'comparable accuracy'] 

Reference 893: ['one-stage', 'scale robust', 'scene text detection'] 

TOP-K 894: [['depth reconstruction'], 'laplacian matrix construction', 'nonlocal principle', 'fine details', 'estimation problem', 'depth edges'] 

Reference 894: ['depth reconstruction', 'edge-preserving', 'image denoising', 'markov random field', 'matting laplacian', 'shape from focus'] 

TOP-K 895: ['greyscale imaging', 'algorithms', 'functional analysis', 'efficient image', 'level', 'relentless quest'] 

Reference 895: ['denoising', 'filters', 'hybrid', 'psnr', 'spatial', 'transform'] 

TOP-K 896: [['kalman filter'], 'low-cost sensor network', 'uniform boundedness', 'global convergence', 'kalman filter.this paper', 'state estimation', 'theoretical analysis', 'new sample greedy gossip'] 

Reference 896: ['distributed estimation', 'gossip process', 'information weighted fusion', 'kalman filter', 'sample greedy'] 

TOP-K 897: ['convolutional neural network', 'human 3d', 'model posegait', 'previous approaches', 'gait recognition.we', 'input feature'] 

Reference 897: ['gait recognition', 'human body pose', 'spatio-temporal feature'] 

TOP-K 898: ['elephants', 'learning-based models', 'sdc', 'machine learning', 'network performance', 'early detection', 'flexible deployment', 'energy usage', 'schedule elephants', 'intelligent manner'] 

Reference 898: ['detection', 'elephant flows', 'modeling', 'scheduling', 'software defined energy cloud'] 

TOP-K 899: ['msl', 'openhab runtime platform', 'mape specification language', 'home automation', 'domain-specific language', 'virtual smart home', 'mape patterns', 'mape pattern', 'equivalent graphical notation', 'adaptive control', 'case study', 'semantic variation points', 'formal support'] 

Reference 899: ['adaptive smart home systems', 'architecture-based self-adaptation', 'mape-k pattern loops', 'pattern-oriented modeling', 'self-adaptive asms'] 

TOP-K 900: ['transactive memory systems', 'spt performance', 'tms-spt performance', 'tms', 'temporal cognitions', ['task conflict'], 'stc', 'research model', 'aforementioned gaps'] 

Reference 900: ['shared temporal cognitions (stc)', 'software process tailoring (spt)', 'spt effectiveness', 'spt efficiency', 'task conflict', 'transactive memory system (tms)'] 

TOP-K 901: ['traffic light signals', '2d ising model', ['ising model'], ['fusion process'], 'traffic flow', 'traffic signals', 'phase transition', 'overall network congestion'] 

Reference 901: ['fusion process', 'information flow', 'ising model', 'social dynamics', 'traffic network', 'urban flow'] 

TOP-K 902: ['systems-of-systems security', 'model driven engineering method', 'secure sos modeling', 'sos architectures', 'real-life smart building sos', 'security analysis', 'multi-agent systems', 'adelaide university health', 'case study', 'medical school', 'modeling language'] 

Reference 902: ['model driven engineering', 'multi-agent systems simulation', 'security modeling and analysis', 'smart buildings', 'software architecture', 'systems-of-systems'] 

TOP-K 903: ['3d lidar', 'kitti database', 'real data', ['hierarchical fusion'], 'multiple features', 'large amount'] 

Reference 903: ['autonomous vehicles', 'evidence theory', 'hierarchical fusion', 'multi-attribute modeling/fusion', 'multiple object association'] 

TOP-K 904: ['ciphertext policy attribute-based encryption', 'secure search problem', 'privacy-preserving keyword-based search', 'encrypted data', 'outsourced encrypted data', 'abe', 'practical application scenario', 'different keyword query permissions', 'cloud computing environment', 'data owner', 'flexible access control', 'different data users'] 

Reference 904: ['attribute-based encryption', 'authorized keyword search', 'cloud computing', 'search permission update', 'secure search'] 

TOP-K 905: ['complex cnn', ['complex contourlet-cnn'], 'first complex convolutional layer', 'polarimetric synthetic aperture radar', 'image classification', 'robust discriminative features', 'multiresolution properties'] 

Reference 905: ['complex contourlet-cnn', 'multiscale deep contourlet filter banks', 'polarimetric sarimage classification'] 

TOP-K 906: ['laura', 'iot low-level knowledge', 'general open-source conceptual architecture', 'automatic code generation', 'iot applications', 'business-aware applications', 'research paper', 'final situation-aware', 'empirical evaluation', 'acceptable performance'] 

Reference 906: ['business process', 'internet of things', 'iot architecture', 'situation-awareness', 'wireless sensor networks'] 

TOP-K 907: ['handwritten chinese text', 'camera-captured documents', 'ctc-based/attention-based methods', 'end-to-end text', 'text line detection', 'text line recognition', 'large-scale dataset', 'recognition problems', 'ctc-based recognizer', 'text detectors', 'baseline experiments', 'challenging detection'] 

Reference 907: ['benchmark dataset', 'document analysis and recognition', 'handwritten chinese text detection', 'handwritten chinese text recognition'] 

TOP-K 908: ['conformal prediction', 'smfhnn sbnd cad', 'multidimensional trajectories', 'neighbor conformal anomaly detector', 'problems', 'sequential multi-factor hausdorff', 'sequential hausdorff'] 

Reference 908: ['anomaly behavior', 'multidimensional', 'online detection', 'trajectory'] 

TOP-K 909: [['technical debt'], 'td', 'td repayment', 'software maintenance', 'quality compromises', 'software products', 'project managers', 'short-term benefits', 'software development process', 'long-term quality', 'decision-making tasks', 'additional costs', 'future value', 'proactive actions'] 

Reference 909: ['empirical study', 'machine learning', 'technical debt', 'technical debt forecasting'] 

TOP-K 910: ['adaptive time window-based algorithm', 'multivariate gaussian distribution', ['activity recognition'], 'time window', 'poor recognition results', 'different time duration', 'time window size', 'different types', 'signal difference', 'activity characteristics'] 

Reference 910: ['activity recognition', 'adaptive sliding window', 'multivariate gauss distribution', 'sitting posture', 'smart cushion'] 

TOP-K 911: ['esucr', 'spectrum aware unequal cluster', 'energy-efficient channel', 'statistic previous channel states', 'channel state'] 

Reference 911: ['clustering', 'cognitive radio sensor networks', 'energy efficiency', 'event driven', 'spectrum sensing'] 

TOP-K 912: ['discrete deep matrix factorization', ['matrix factorization'], 'large quantization error', 'previous work', 'relaxation technique'] 

Reference 912: ['cross-view hashing', 'matrix factorization', 'similarity search'] 

TOP-K 913: ['multi-tier failures', 'premise', 'performance indicators', 'low false positive rate', 'corresponding faults', 'signature-based techniques', 'high precision', 'precise approach'] 

Reference 913: ['cloud computing', 'data analytics', 'failure prediction', 'machine learning', 'multi-tier distributed systems', 'self-healing systems'] 

TOP-K 914: ['software testing process', 'testing time', 'several novel studies', 'fault detection', 'quantitative assessment'] 

Reference 914: ['covariates', 'non-homogeneous poisson process', 'proportional hazards model', 'software reliability growth model', 'software security', 'test activity allocation'] 

TOP-K 915: ['inter-data center network communication', ['data placement'], 'delay sla violation penalty', 'delay sla violation', 'data centers', 'k data replicas', 'network communication cost', ['operational cost'], 'penalty cost'] 

Reference 915: ['data placement', 'latency', 'network cost', 'operational cost', 'sla'] 

TOP-K 916: ['artemis ju project crystal', 'real industrial case study', 'functional system-level testing', 'radio block centre', 'railway controllers', 'plm/alm tools', 'environment', 'control system', 'vital core'] 

Reference 916: ['critical systems', 'life-cycle collaboration', 'model based testing', 'oslc', 'testing automation'] 

TOP-K 917: ['multi-view co-clustering framework', 'information bottleneck co-clustering', 'weighting scheme', 'first work', 'multi-view framework', 'extra weight parameters'] 

Reference 917: ['information bottleneck', 'multi-view co-clustering', 'weighting'] 

TOP-K 918: [['fog computing'], 'multiple mobile users', 'fog nodes', 'multiple replications', 'total cost', 'complicated case', 'efficient resource'] 

Reference 918: ['cost-efficiency', 'fog computing', 'mobility', 'multiple users', 'resource provision'] 

TOP-K 919: [['social networks'], ['social network'], 'users relationships', 'malicious users', 'profile similarity', 'framework', 'extensive experimental analysis', 'reputation establishment', 'robust trust', 'trustworthy communications', 'historic evolution', 'resilient network'] 

Reference 919: ['decision making', 'influence', 'opinion dynamics', 'reputation', 'social networks', 'trust'] 

TOP-K 920: ['unimodal learning', 'multimodal co-learning', 'human cognitive development', 'multimodal information', 'test time', 'downstream tasks', 'theoretical standpoints'] 

Reference 920: ['co-learning', 'multimodal learning', 'multimodal machine learning'] 

TOP-K 921: ['free/libre/open source software practices', '30-month government-academia collaboration', 'collaborative projects', 'brazilian government', ['project management'], 'collaboration barriers', 'academic institutions', 'agile methods', 'different agendas', 'effective approaches', 'managerial structures', 'unprecedented platform'] 

Reference 921: ['agile methodologies', 'e-government', 'free software', 'government-academia collaboration', 'open source software', 'project management'] 

TOP-K 922: ['afndcar scheme', 'forwarder nodes', 'nodes select forwarder nodes', 'packet aggregation', 'energy consumption', 'packets aggregation', ['transmission delay'], 'redundant data', 'queue length', 'main contributions', ['duty cycle']] 

Reference 922: ['body sensor networks', 'data aggregation', 'duty cycle', 'energy efficiency', 'transmission delay'] 

TOP-K 923: ['deep features', 'high-level layers', 'innovative object detector', 'prominent semantic information', 'occluded objects.this paper', 'contextual contents', 'superior performance'] 

Reference 923: ['deep feature learning', 'multi-scale', 'semantic and contextual information', 'small and occluded objects'] 

TOP-K 924: ['multi-agent hardware platform', 'novel intelligent system', 'local decision-making', 'explosive devices', 'sensor positions', 'optimal acquisition'] 

Reference 924: ['feature extraction', 'genetic fuzzy systems', 'improvised explosive device', 'land mine detection', 'neuroevolution', 'sensor fusion'] 

TOP-K 925: ['location proof mechanisms', 'location proof generation', 'blockchain technology', 'unique features'] 

Reference 925: ['distance bounding', 'location privacy', 'location proof', 'location-based services'] 

TOP-K 926: ['observation-based slicing', 'lexical information', ['orbs'], 'program dependence', 'new deletion operators', 'speculative deletion', 'direct observation', 'program parts'] 

Reference 926: ['lexical analysis', 'orbs', 'program slicing'] 

TOP-K 927: ['energy cloud', 'redundant data packets generation', 'link disconnection', 'novel scheme', 'embedded networks', 'specific energy level'] 

Reference 927: ['adaptive', 'energy-cloud', 'energy-efficiency', 'four-states', 'mesh grid'] 

TOP-K 928: ['tree predictors', ['random forest'], 'rf', ['counterfactual set'], 'method', 'cart algorithm', 'partial fusion', 'single decision tree', 'extract counterfactual sets'] 

Reference 928: ['counterfactual', 'counterfactual sets', 'decision tree', 'explainable machine learning', 'information fusion', 'random forest'] 

TOP-K 929: ['semantic context features', 'encoder-decoder structure', 'high-level semantic context information', 'residual refinement network', 'object boundaries', 'spatial details', 'feature map'] 

Reference 929: ['convolutional neural networks', 'deep learning', 'residual learning', 'salient object detection'] 

TOP-K 930: ['filter learning', 'novel three-stage approach', 'channel-wise filters', 'convolution operations', 'point-wise filters', 'standard filters', 'multiple structures'] 

Reference 930: ['convolution kernels', 'convolutional neural networks', 'deep eigen-filters', 'face recognition', 'feature representation'] 

TOP-K 931: [['adaptive discriminative metric learning'], ['deep feature fusion'], 'metric learning', 'discriminative information', 'different deep feature vectors', ['scene recognition'], 'deep feature vector', 'complementary information', 'consistent information'] 

Reference 931: ['adaptive discriminative metric learning', 'deep feature fusion', 'scene recognition'] 

TOP-K 932: ['issues', ['issue success'], 'textual descriptions', 'comments', 'work studies'] 

Reference 932: ['issue success', 'issue tracking system', 'machine learning', 'software development', 'software project'] 

TOP-K 933: ['mig-rl', 'service migration', 'cost-effective framework', 'mobile edge environment', 'edge network', 'edge nodes', 'migration agent', 'total service costs', 'optimal policy', 'service migration status', 'leverage reinforcement learning'] 

Reference 933: ['dynamic service migration', 'mobile edge computing', 'q-learning', 'reinforcement learning', 'software-defined networking'] 

TOP-K 934: ['profit-aware application placement policy', 'qos satisfaction rate', 'cloud environments', 'placement policies', 'cloud environment', 'simulated fog'] 

Reference 934: ['application placement', 'fog–cloud integration', 'internet of things', 'pricing model', 'profit-awareness'] 

TOP-K 935: ['scene recognition algorithms', ['scene recognition'], 'deep convolutional neural networks', 'machine learning', 'practical applications', 'past several years', 'effective approaches', 'future research', 'important evolution'] 

Reference 935: ['convolutional neural networks', 'deep learning', 'discriminative region detection', 'patch feature encoding', 'scene recognition', 'spatial layout pattern learning'] 

TOP-K 936: ['decision makers', 'iterative consistency', 'consensus improvement methods', 'last case', 'optimization models'] 

Reference 936: ['best consensus level', 'best consistency index', 'hesitant fuzzy linguistic preference relation', 'worst consensus level', 'worst consistency index'] 

TOP-K 937: ['quantum-like multimodal network', ['multimodal sentiment analysis'], ['quantum theory'], 'qmn framework', 'multimodal decision fusion approach', 'quantum interference theory', 'long short-term memory', 'mathematical formalism', 'comprehensive framework'] 

Reference 937: ['human conversation', 'interactive dynamics', 'long short-term memory (lstm) network', 'multimodal sentiment analysis', 'quantum theory'] 

TOP-K 938: ['decision trees', 'interpretable decision tree', 'efficient classifications', ['decision forests'], ['decision forest'], 'predictive performance', 'simple models', 'novel method'] 

Reference 938: ['classification trees', 'decision forest', 'ensemble learning'] 

TOP-K 939: ['model-driven security approaches', ['systematic literature review'], 'cyber', 'physical systems'] 

Reference 939: ['cyber–physical systems', 'literature survey', 'model-driven security', 'platform-specific', 'security modeling', 'systematic literature review'] 

TOP-K 940: ['duplication-based scheduling problem', 'heuristic strategies', 'optimal duplication-based solution', 'duplication strategy', 'milp formulation', 'minimal schedule makespan', 'sub-optimal solutions', 'optimal solution', 'data precedences', 'task instances', 'unsolved issue', 'different task instances', 'available techniques'] 

Reference 940: ['makespan', 'mixed integer linear programming', 'multiprocessor', 'schedule', 'task duplication'] 

TOP-K 941: ['tree-based convolutional neural network', 'historical bugs', 'bug fix', ['fix trees'], ['bug cause classification'], ['fix tree'], 'diff source code', 'experimental results', 'encoding method', 'abstract syntax tree', 'observational correlation', 'new model'] 

Reference 941: ['bug analysis', 'bug cause classification', 'fix tree', 'tbcnn'] 

TOP-K 942: ['new classifier ensemble', 'classifier ensemble', 'base classifiers', 'high accuracy values'] 

Reference 942: ['artificial neural networks', 'diversity', 'ensemble of classifiers', 'multiclass-classification tasks'] 

TOP-K 943: [['belief fusion'], 'multi-gaussian probability distribution functions', 'fusion methods', 'useful non-gaussian structures', 'non-gaussian representation', 'mathematical formulation', 'many contexts', 'efficiency'] 

Reference 943: ['bayesian inference', 'belief fusion', 'estimation', 'non-gaussian belief', 'probabilistic methods', 'sensor fusion'] 

TOP-K 944: ['open source software developers', 'available libraries', ['recommender system'], 'suitable third-party libraries.when', 'new software system'] 

Reference 944: ['mining software repositories', 'open source software', 'recommender systems'] 

TOP-K 945: [['generative adversarial network'], 'pan-gan', 'state-of-the-art pan-sharpening approaches', 'network training', 'novel unsupervised framework', 'extensive experiments'] 

Reference 945: ['deep learning', 'generative adversarial network', 'image fusion', 'pan-sharpening', 'unsupervised learning'] 

TOP-K 946: ['cloud computing', ['energy consumption'], ['task scheduling'], ['fog computing'], 'edge computing', 'main processing', 'new environment', 'crucial issues'] 

Reference 946: ['dvfs', 'energy consumption', 'fog computing', 'meta-heuristic algorithm', 'task scheduling'] 

TOP-K 947: [['label propagation algorithm'], 'clustering labels', 'labels', 'pre-given labels', 'label information', 'clustering constraints', 'pairwise relations', 'optimization model', 'new version'] 

Reference 947: ['cluster analysis', 'label propagation algorithm', 'pairwise constraint', 'semi-supervised clustering', 'spectral clustering'] 

TOP-K 948: ['nonlinear discrete-time systems', 'rtd-induced packet disorders', 'riccati-like difference equations', 'kalman filter', 'extended kalman', 'error covariance', ['random transmission delays'], 'filter gains'] 

Reference 948: ['extended kalman filter', 'nonlinear systems', 'packet disorders', 'random transmission delays', 'recursive filtering scheme'] 

TOP-K 949: [['hyper-parameter optimization'], 'time-consuming model training process', 'candidate hyper-parameter values', 'default hyper-parameter settings', 'traditional classification algorithms', 'computational costs'] 

Reference 949: ['bayesian optimization', 'framework', 'hyper-parameter optimization', 'incremental learning', 'machine learning'] 

TOP-K 950: [['inner source'], 'empirical research papers', 'research developments', 'models', 'primary studies'] 

Reference 950: ['inner source', 'inner source software development', 'research agenda', 'systematic literature review'] 

TOP-K 951: ['radial-based undersampling algorithm', 'mutual class potential', 'computational complexity analysis', 'oversampling process', 'difficult datasets', 'experimental study', 'time complexity'] 

Reference 951: ['classification', 'imbalanced data', 'machine learning', 'radial basis functions', 'undersampling'] 

TOP-K 952: ['spectral clustering', 'contour points', 'recursive partitioning process'] 

Reference 952: ['convex decomposition', 'shape signature', 'spectral graph cut', 'visibility'] 

TOP-K 953: ['coulomb interactions', ['performance portability'], 'particle systems', 'similar quality'] 

Reference 953: ['electrostatics', 'kokkos', 'particle algorithms', 'performance modelling', 'performance portability'] 

TOP-K 954: ['vision video quality', 'so-called vision videos', 'video production', ['quality model'], 'hierarchical decomposition', ['quality characteristics'], 'use process'] 

Reference 954: ['production', 'quality characteristic', 'quality model', 'video', 'vision', 'vision video'] 

TOP-K 955: [['video segmentation'], 'davis16 annotated video data', 'video segmentation approaches', 'shining3d dental video data', 'temporal features', 'different feature mask forms', 'approach'] 

Reference 955: ['computer vision', 'deep learning', 'video segmentation'] 

TOP-K 956: ['unsupervised domain adaptation', ['domain adaptation'], 'within-domain normalization', 'target samples', 'internal structures', 'novel model'] 

Reference 956: ['a−distance', 'domain adaptation', 'sparse filtering'] 

TOP-K 957: ['aspect terms', 'aspect terms representation', 'neural method', 'knowledge base', 'context information', 'additional information', 'corresponding concepts', 'fuse concepts'] 

Reference 957: ['aspect grouping', 'deep learning', 'sentiment analysis', 'text feature fusion'] 

TOP-K 958: [['software interoperability'], 'community oss project', 'apache pdfbox project', ['community open source software'], 'day-to-day decisions', 'pdf specifications', 'case study', 'fine grained perspective'] 

Reference 958: ['community open source software', 'portable document format', 'software implementation', 'software interoperability', 'standards'] 

TOP-K 959: ['bdpfccim algorithm', 'high dimensional biological datasets', 'efficient closeness checking method', 'efficient pruning strategy', 'mine frequent colossal'] 

Reference 959: ['bioinformatics', 'closeness checking', 'distributed and parallel computing', 'high dimensional datasets', 'load balancing'] 

TOP-K 960: ['artificial neural network-based classifier', 'huge android market share', 'zero-day malware', 'effective tools'] 

Reference 960: ['android', 'autoencoders', 'deep learning', 'dynamic analysis', 'malware'] 

TOP-K 961: ['efficient discriminative correlation filters', 'advanced trackers', 'deep feature extraction', 'online model learning', 'high computational complexity', 'continuous improvement', 'outstanding performance'] 

Reference 961: ['accelerated optimisation', 'alternating direction method of multipliers', 'discriminative correlation filters', 'visual object tracking'] 

TOP-K 962: ['cyclic models', 'new implementation relations', 'different semantic frameworks', 'discrete nature'] 

Reference 962: ['cyclic systems', 'implementation relations', 'model-based testing'] 

TOP-K 963: ['dirvae', 'gamma distribution', 'stochastic gradient method', 'dirichlet distribution', 'interpretable latent values', 'inverse cumulative distribution function', 'topic models', 'experimental results', 'classification accuracy', 'supervised classification tasks', 'latent representation', 'baseline vaes', 'baselines'] 

Reference 963: ['component collapse', 'deep generative model', 'multi-modal latent representation', 'representation learning', 'variational autoencoder'] 

TOP-K 964: [['source code summarization'], 'deep neural networks', ['event-driven programs'], 'dynamic call graphs', 'novel approach', 'problem'] 

Reference 964: ['deep learning', 'event-driven programs', 'neural machine translation', 'source code summarization'] 

TOP-K 965: [['heart disease prediction'], 'smart healthcare system', 'heart disease data', 'traditional classifiers', ['feature fusion'], 'weighting techniques', 'proposed system', 'feature fusion approaches', 'ensemble deep learning', 'feature selection'] 

Reference 965: ['deep learning', 'feature extraction', 'feature fusion', 'heart disease prediction', 'ontology'] 

TOP-K 966: ['different parallel programming approaches', 'quicksort parallel algorithm', 'theoretical performance analyses', 'algorithm', 'actual performance', 'practical performance'] 

Reference 966: ['performance modeling', 'python', 'quicksort', 'teaching parallel programming'] 

TOP-K 967: ['moweba mobile', 'mobile design applications', 'native mobile applications', 'model-oriented web approach', ['data layer'], 'learning curve', 'first evaluation'] 

Reference 967: ['data layer', 'data persistence', 'data provider', 'mobile applications', 'model-driven development', 'model-driven mobile development'] 

TOP-K 968: [['julia language'], ['multi-core processors'], 'machine learning', 'data mining', 'jupsc.spectral clustering'] 

Reference 968: ['clustering algorithm', 'julia language', 'multi-core processors', 'parallel algorithm', 'spectral clustering'] 

TOP-K 969: ['visual object tracking', 'three-step decision-making process', 'convolutional neural network agent', 'novel tracking network', 'video', 'action-value functions', 'tracking problem', 'candidate regions', 'small subsets', 'target object', 'favorable policy'] 

Reference 969: ['action search network', 'deep q-learning', 'object tracking'] 

TOP-K 970: ['research questions', 'human subjects', 'elsevier inc', 'additional evaluation'] 

Reference 970: ['boilerplate', 'creativity in re', 'machine learning', 'natural language processing', 'requirements engineering', 'requirements reuse'] 

TOP-K 971: ['ocsvms', 'exponential loss function', 'traditional adaboost', 'robust adaboost', 'generalization error', 'empirical error', 'upper bounds', 'ensemble'] 

Reference 971: ['adaboost', 'loss function', 'one-class classification', 'one-class support vector machine'] 

TOP-K 972: ['performance predictability', 'general solution', 'novel library', 'modern software'] 

Reference 972: ['hybrid mpi+openmp', 'load balancing', 'reactivity', 'task migration', 'tasking'] 

TOP-K 973: ['multiple linear regression', 'model building', 'explanatory variables', 'model building procedure', 'regression model', 'mathematical programming.subset selection', 'small number'] 

Reference 973: ['mathematical programming', 'regression diagnostics', 'subset selection'] 

TOP-K 974: ['inertial sensor', 'bds triple-frequency ppp model', 'motion sensors measurements', 'b2 dual-frequency observations', 'triple-frequency observations', 'platform motion information', 'full use'] 

Reference 974: ['beidou global navigation satellite system (bds)', 'inertial navigation system (ins)', 'odometer and heading measurement constraint', 'relative measuring accuracy', 'triple-frequency precise point positioning (tf-ppp)'] 

TOP-K 975: ['batched gemm kernels', 'fp16 arithmetic', 'tensor core apis', 'developed kernels', 'discrete configurations', 'tuning parameters', 'high degree'] 

Reference 975: ['batch linear algebra', 'gpu computing', 'half precision', 'matrix multiplication'] 

TOP-K 976: ['security issues', 'problem domain ontology', 'security requirements', 'requirements engineering perspective', 'threat analyses', 'knowledge base', 'essential components'] 

Reference 976: ['ontology', 'requirements engineering', 'security'] 

TOP-K 977: [['scada systems'], ['multi-source fusion'], 'solar plant', 'data acquisition', 'supervisory control', 'context'] 

Reference 977: ['multi-source fusion', 'scada systems', 'schedulers'] 

TOP-K 978: ['tracklet-plane matching', 'different tracklet planes', 'confusing object detections', 'confusing tracklets', 'similar tracklets', 'contextual information', 'new approach'] 

Reference 978: ['multiple object tracking', 'representative-selection network', 'tracklet', 'tracklet-plane'] 

TOP-K 979: ['fusion methods', 'image patch', 'local information', 'adjacent image patches', 'strong correlations', 'full consideration'] 

Reference 979: ['compact non-negative dictionary construction', 'high computational efficiency', 'multi-focus image fusion', 'non-negative sparse representation', 'patch-level consistency rectification'] 

TOP-K 980: ['haar wavelet', 'haar wavelet feature', 'two-class classifiers', ['retinal images'], 'original haar wavelet feature', 'automatic grading', 'performance analysis', 'simple four-class classifier', 'appropriate features'] 

Reference 980: ['cataract detection', 'classification', 'improved haar wavelet', 'retinal images'] 

TOP-K 981: [['openmp'], ['image block representation'], 'parallel implementation', 'multicore computer', 'good overall performance', 'binary imagesis'] 

Reference 981: ['image block representation', 'karp–flatt metric', 'openmp', 'parallel algorithms', 'parallel computing'] 

TOP-K 982: ['clustering methods', 'benchmark data sets', 'experimental study'] 

Reference 982: ['big data', 'cluster analysis', 'crisp) clustering', 'data mining', 'hard (conventional', 'nonparametric algorithms'] 

TOP-K 983: [['recurrent novel-class detector'], 'novel class', 'image features', 'unknown novel classes', 'multi-label information.in', 'training stage', 'supervised manner'] 

Reference 983: ['multi-label image classification', 'recurrent novel-class detector', 'streaming images'] 

TOP-K 984: ['artificial landmarks', ['fiducial markers'], 'start-of-the-art methods orb-slam2'] 

Reference 984: ['aruco', 'fiducial markers', 'keypoints', 'marker mapping', 'slam'] 

TOP-K 985: ['robot motion control', 'autonomous vehicles', 'cognitive strategy', 'biochemical particles', 'hazardous emissions', 'source estimation', 'interconnected group'] 

Reference 985: ['autonomous search', 'decentralised multi-sensor fusion', 'infotaxi', 'sensor control', 'sequential monte carlo estimation'] 

TOP-K 986: ['multimodal emotion data sets', 'multimodal features extraction', 'multimodal fusion strategies', 'development background', 'text features', 'current development', 'hot spots', 'recognition methods'] 

Reference 986: ['artificial intelligence', 'data-driven emotion recognition', 'multimodal information fusion'] 

TOP-K 987: ['real-system gpus', 'kernel slowdown model', 'two-stage slowdown prediction mechanism', 'prior application knowledge', 'hardware modification'] 

Reference 987: ['co-location', 'performance prediction', 'sharing gpu', 'slowdown prediction', 'spatial multitasking gpu'] 

TOP-K 988: ['cfdpc', 'diverse shapes'] 

Reference 988: ['arbitrary density', 'arbitrary shape', 'clustering', 'core fusion', 'density peak'] 

TOP-K 989: [['structure tensor'], 'image', 'variational model'] 

Reference 989: ['adaptive gradient filtering', 'image fusion', 'local structural similarity', 'multi-modal', 'structure tensor'] 

TOP-K 990: ['fmma/c', 'consensus efficiency', ['feedback mechanism'], 'problems', 'classical group decision', 'complex group decision', 'last decade', 'decision contexts', 'various group decision', ['minimum adjustment']] 

Reference 990: ['consensus reaching process', 'feedback mechanism', 'group decision making', 'minimum adjustment', 'minimum cost', 'optimization model'] 

TOP-K 991: ['cnn-based 3d joint predictions', ['smpl'], 'rgb image', 'deep-based model', 'intermediate representation'] 

Reference 991: ['3d human pose', 'body shape', 'deep learning', 'denoising autoencoder', 'smpl', 'volumetric stack hourglass'] 

TOP-K 992: ['remote authentication protocol', 'sdh assumption', ['zero-knowledge protocol'], 'key exposure'] 

Reference 992: ['anonymity', 'key protection', 'mobile internet', 'zero-knowledge protocols'] 

TOP-K 993: ['ux integration', ['user stories'], 'verbose user stories', 'ux work', 'agile development', 'concise user stories', 'essential indicator'] 

Reference 993: ['action research', 'agile software development', 'artifact', 'user experience', 'user story'] 

TOP-K 994: ['mh estimation approach', 'complex nonlinear systems', 'ever-increasing research interests', 'horizon estimation problem', 'bibliographical review', 'inherent capability'] 

Reference 994: ['dynamical systems', 'filtering', 'moving horizon estimation', 'multi-sensor information fusion', 'performance analysis', 'state estimation'] 

TOP-K 995: ['multihop tree-based data aggregation', 'entropy-driven data aggregation', 'entropy-driven aggregation', 'gradient deployment algorithm', 'wsn lifetime', 'gradient distribution', 'deployment strategy', 'multiple algorithms'] 

Reference 995: ['data aggregation', 'entropy-driven', 'gradient', 'wsn'] 

TOP-K 996: ['bodily movements', ['wearable sensor'], 'har accuracy', 'novel data fusion framework', 'basic movements', 'spatial data', 'complex activities'] 

Reference 996: ['classification model', 'data mining', 'feature selection', 'kinect depth sensor', 'wearable sensor'] 

TOP-K 997: ['td management activities', 'td', 'morale', ['software developers'], 'software suffering'] 

Reference 997: ['developer morale', 'human factors', 'software development', 'software productivity', 'technical debt', 'technical debt management'] 

TOP-K 998: ['k-nearest neighborhood', 'software projects', 'prediction accuracy', ['neural networks'], 'statistical regression', ['support vector regression'], 'similar software projects', 'prediction process'] 

Reference 998: ['case-based reasoning', 'isbsg', 'neural networks', 'software defect density prediction', 'support vector regression', 'transformed k-nearest neighborhood output distance minimization'] 

TOP-K 999: ['genetic programming techniques', 'saliency algorithms', 'first step', 'initial architectures', 'last step', 'additional operations', 'intermediate levels'] 

Reference 999: ['evolutionary algorithms', 'neural architecture search', 'saliency fusion'] 

TOP-K 1000: ['gpu-based tomographic reconstruction code', 'tigre toolbox', ['iterative reconstruction'], 'iterative reconstruction algorithms', 'general ct', 'problem-splitting strategy', 'volumetric images', 'small memory', 'arbitrary size'] 

Reference 1000: ['computed tomography', 'iterative reconstruction', 'multi-gpu', 'software'] 

TOP-K 1001: [['human activity recognition'], 'human activity recognition datasets', 'informed decision making', 'multiple sensor data'] 

Reference 1001: ['body sensor networks', 'deep residual network', 'human activity recognition', 'multi-sensor data fusion'] 

TOP-K 1002: ['virtual machines', ['vm recommendation'], 'edge-cloud environment', 'various iot workloads', 'heterogeneous virtual machine types', 'cloud services', 'adaptive recommendation', 'deadline constraints.edge'] 

Reference 1002: ['cloud computing', 'edge computing', 'ensemble learning', 'internet of things', 'vm recommendation'] 

TOP-K 1003: ['cooperative multi-mobile sensor system', 'efficient autonomous search', 'infotaxis algorithm', 'mobile sensors', 'coordination methods', 'real experimental data', 'passive coordination', 'extensive simulations', 'different levels'] 

Reference 1003: ['autonomous search', 'bayesian inference', 'dispersion modelling', 'multi-sensor network', 'sensor management', 'sequential monte carlo'] 

TOP-K 1004: ['plane-detection techniques', 'state-of-art plane detection techniques', 'user-defined parameters', 'several real datasets'] 

Reference 1004: ['plane detection', 'region growing', 'robust statistics', 'unorganized point clouds'] 

TOP-K 1005: ['graph hierarchy editing algorithms', 'multi-level split/merge algorithms', 'higher-level editing', 'hierarchy node connectedness', 'hierarchy node', 'common challenge'] 

Reference 1005: ['cluster hierarchy', 'graph visualisation', 'tuggraph', 'zipping algorithms'] 

TOP-K 1006: ['machine translation', 'computer vision', 'convolution transpose', 'text classification', 'word embedding generation', 'generalization ability', 'representative tasks'] 

Reference 1006: ['multi-prototype', 'natural language processing', 'neural network', 'word embedding'] 

TOP-K 1007: ['root cause analysis framework', 'root cause', 'graph representations', 'time-consuming task', 'numerous services'] 

Reference 1007: ['containers', 'graphs', 'microservices', 'root cause analysis', 'soa'] 

TOP-K 1008: ['skin disease medical service', 'medical ai framework', 'real time', ['data width evolution'], 'experiment platform'] 

Reference 1008: ['data width evolution', 'deep learning model', 'self-learning process', 'skin disease recognition'] 

TOP-K 1009: ['multimodal data', 'unified hash codes', 'individual hash codes', 'individual matrix factorization', 'different modalities', 'modality', 'specific properties', 'common properties'] 

Reference 1009: ['cross-modal', 'hashing', 'matrix factorization', 'multimodal', 'retrieval'] 

TOP-K 1010: ['cnn_text_word2vec', 'microblog emotion classification model', 'word embeddings', ['convolutional neural network'], 'above-mentioned problems', 'word2vec neural network model', 'single word'] 

Reference 1010: ['convolutional neural network', 'emotional analysis', 'microblog short text', 'word2vec'] 

TOP-K 1011: ['online heart monitoring purposes', ['online monitoring'], 'cardiovascular diseases', 'future enthusiasts', 'required factors'] 

Reference 1011: ['bio sensors', 'heart', 'internet of health things', 'online monitoring', 'reference model'] 

TOP-K 1012: ['kernel onpda', 'kernel hilbert space', 'onpda', 'nonlinear maps', 'dimensionality reduction', 'manifold structure information', 'intra-class samples'] 

Reference 1012: ['face recognition', 'inter-class separability', 'neighborhood preserving', 'orthogonal projection', 'patch alignment'] 

TOP-K 1013: [['deep neural network'], 'network architecture hyperparameters', 'non-linear multivariate regression', 'raw accelerometer data', 'evolutionary genetic algorithm', 'manual search methods'] 

Reference 1013: ['deep learning', 'deep neural networks', 'evolutionary optimization', 'high performance computing', 'virtual sensors'] 

TOP-K 1014: [['cloud ontology'], 'cloud ontology evaluation framework', 'related cloud ontologies', 'comprehensive cloud ontology'] 

Reference 1014: ['cloud computing', 'cloud ontology', 'cloud service recommendation', 'cloud taxonomy', 'qos'] 

TOP-K 1015: [['pattern matching'], 'algorithmic design', 'intrusion detection systems', 'time', 'major performance bottleneck'] 

Reference 1015: ['gather', 'pattern matching', 'simd', 'vectorization'] 

TOP-K 1016: ['classical feature selection algorithms', 'big data era', 'feature selection algorithm', 'voluminous data', 'classical version qpfs'] 

Reference 1016: ['apache spark', 'big data', 'feature ranking', 'feature selection', 'quadratic programming'] 

TOP-K 1017: ['stereoscopic salient object detection', 'high-level features', 'many convolutional neural network', 'saliency map', 'deep supervision', 'span network', 'coupling unit', 'disparity channels', 'feature streams', 'supervised manner'] 

Reference 1017: ['cascaded span network', 'coupled cnn', 'salient object detection', 'stereoscopic images'] 

TOP-K 1018: ['optimal linear fusion estimation', 'optimal linear fusion estimators', 'kalman-type structure', 'matrix gains'] 

Reference 1018: ['cross-covariance matrix', 'distributed linear fusion estimation', 'feedback', 'multi-sensor system', 'steady-state estimator'] 

TOP-K 1019: ['domain distribution discrepancy', 'unsupervised domain adaptation problem', 'class prior bias', 'deep conditional adaptation networks', 'category mismatch', 'marginal adaptation approaches', 'conditional adaptation strategy'] 

Reference 1019: ['conditional domain adaptation', 'deep learning', 'label transfer', 'unsupervised learning'] 

TOP-K 1020: ['service identification', 'services', 'several spvs', 'single software product'] 

Reference 1020: ['object-oriented source code', 'reverse engineering', 'service-oriented reengineering', 'software families', 'software reuse', 'variability'] 

TOP-K 1021: ['nonnegative embedding', 'spectral embedding', 'consistent clustering result', 'novel method', 'method', 'many additional parameters', 'promising advantages'] 

Reference 1021: ['clustering', 'majorization-minimization', 'multi-view', 'nonnegative matrix factorization'] 

TOP-K 1022: ['clock synchronization algorithms', 'clock synchronization', 'wireless ptp', 'inter-cloud data center networks', 'high precision', 'error boundedness', 'system performance', 'virtualized environment', 'minute precision', 'tedious tasks'] 

Reference 1022: ['cloud data centers', 'data center networks', 'data center time protocol (dtp)', 'live vm migration', 'precision time protocol (ptp)'] 

TOP-K 1023: [['correlation classifiers'], ['data perturbation'], 'max-min optimization problem', 'uncertain convex programs', 'pessimistic viewpoint', 'original model', 'possible perturbation', 'novel framework', 'adaptive uncertainty regions.this paper'] 

Reference 1023: ['correlation classifiers', 'data classification', 'data perturbation', 'pmmo', 'ϕ divergence'] 

TOP-K 1024: ['fpga-based hardware accelerator', 'fpga-based fingerprint', 'minutiae neighbor', 'robust fingerprint identification solution'] 

Reference 1024: ['biometrics', 'fingerprint identification', 'fpga', 'parallel processing'] 

TOP-K 1025: ['polyhedral model', 'loop nest statement', 'loop nest', 'iteration space', 'rectangular tiles'] 

Reference 1025: ['energy consumption', 'high-performance computing', 'loop tiling', 'rna folding', 'zuker and mea algorithms'] 

TOP-K 1026: ['multi-threaded openmp parallelization', 'complex multi-threaded region', 'openmp library', 'previous pure mpi implementation', 'significant performance issues', 'efficient optimization'] 

Reference 1026: ['mhd', 'mpi', 'openmp', 'parallel scaling'] 

TOP-K 1027: ['fog-assisted density', 'privbus', 'bus routes', 'clustering operations', 'route planning method', 'users'] 

Reference 1027: ['crowdsourced bus service', 'data clustering', 'fog computing', 'privacy preservation'] 

TOP-K 1028: ['rgb-infrared fusion tracking', 'active research topic', 'various algorithms', 'recent years'] 

Reference 1028: ['correlation filter', 'deep learning', 'fusion tracking', 'object tracking', 'rgbt'] 

TOP-K 1029: [['morton-hybrid order'], 'parallel tu decomposition', ['space-filling curves'], 'recursive decomposition', 'hilbert curve', 'rectangular matrices', 'matrix decomposition', 'several matrix layouts', 'finite fields', 'cache-oblivious adaptation', 'index conversion routines', 'morton orders', 'bit operations', 'lookup tables', 'cost'] 

Reference 1029: ['cache-oblivious algorithms', 'exact linear algebra', 'morton-hybrid order', 'space-filling curves'] 

TOP-K 1030: ['pruning-aware mapping heuristic', 'pruning system', 'various task types', 'threshold probabilities'] 

Reference 1030: ['heterogeneous computing (hc)', 'mapping heuristic', 'probabilistic pruning', 'robustness'] 

TOP-K 1031: ['promise-violating attack', 'verification model', 'serious consequences', 'path policy', 'difficult attacks'] 

Reference 1031: ['blockchain', 'inter-domain routing', 'privacy', 'routing verification', 'security'] 

TOP-K 1032: ['isd projects', ['uncertainty'], 'software industry professionals', ['coping mechanisms'], 'current knowledge', ['effects'], 'context'] 

Reference 1032: ['cause', 'coping mechanism', 'effect', 'information system development', 'risk', 'uncertainty'] 

TOP-K 1033: ['multi-band optical images', 'spectral resolution', 'different times'] 

Reference 1033: ['change detection', 'different resolutions', 'hyperspectral imagery', 'image fusion', 'multispectral imagery'] 

TOP-K 1034: [['ant colony optimization'], 'prime path coverage criterion', 'software failures', 'prime paths', 'branch coverage', 'branch coverage criterion', 'test data generation approach'] 

Reference 1034: ['adaptive random testing', 'ant colony optimization', 'mutation analysis', 'prime path coverage', 'search-based test data generation'] 

TOP-K 1035: ['stochastic gradient descent', 'gradient aggregation strategies', 'mixed precision training', 'large batch training', 'gradient compression', 'asynchronous variants', 'various algorithms', 'training framework', 'current state'] 

Reference 1035: ['deep learning', 'deep neural networks', 'distributed training', 'high performance computing'] 

TOP-K 1036: [['static analysis'], ['dynamic analysis'], 'user interface'] 

Reference 1036: ['android security', 'dynamic analysis', 'mitm', 'ssl/tls', 'static analysis', 'vulnerability detection'] 

TOP-K 1037: ['test suite minimization problem', 'heuristic techniques', 'integer linear programming', 'code coverage', 'specific criterion', 'test cases', 'optimal solutions', 'various criteria'] 

Reference 1037: ['integer programming', 'multi-objective optimization', 'regression testing', 'software testing', 'test suite minimization'] 

TOP-K 1038: ['slass library', 'advanced ompss-2 features', 'lass library', 'auto-tunable code', 'auto-tunable codes', 'blas-3 trsm', 'linear algebra operations', 'novel library', 'lapack routines npgetrf', 'first prototype', 'weak dependencies', 'final clause'] 

Reference 1038: ['auto-tuning', 'lass', 'linear algebra', 'ompss'] 

TOP-K 1039: ['fixed-point smoothing problems', 'networked systems', 'multiple random uncertainties', 'additive noise', 'sensor outputs', 'transmission channel', 'transmission connections'] 

Reference 1039: ['centralized fusion estimation', 'covariance information', 'distributed fusion estimation', 'random parameter matrices', 'time-correlated noise'] 

TOP-K 1040: ['artifacts', 'variability management', 'formal artifacts', 'related primary studies', 'traceability techniques', 'tools', 'primary study', 'automation', 'roadmap'] 

Reference 1040: ['mbt roadmap', 'model-b-ased testing', 'reuse of test cases', 'software product line', 'systematic mapping study', 'variability'] 

TOP-K 1041: ['git repositories', 'practicable probabilistic forecasting model', 'survival analysis', 'future activity', 'statistical technique'] 

Reference 1041: ['commit activity', 'developer abandonment', 'distributed software development', 'git', 'prediction model'] 

TOP-K 1042: ['pedestrian/non-pedestrian classification', 'generative adversarial network', ['pedestrian detection'], 'unlabeled samples', ['person search'], 'deep complementary classifier', 'original training', 'extra data', 'leverage complementary object regions'] 

Reference 1042: ['pedestrian detection', 'person search', 're-identification'] 

TOP-K 1043: ['iot devices', 'anomaly detection model', 'blockchain framework', 'lightweight framework', 'novel approach'] 

Reference 1043: ['anomaly detection', 'blockchain', 'collaborative security', 'iot security', 'markov-chain'] 

TOP-K 1044: ['salient objects', 'different-looking salient regions', 'non-salient regions', 'feature guide network', 'complex scenarios', 'high-level features', 'different-looking regions', 'complicated scenarios', 'foreground label', 'effective features', 'background regions', 'appearance'] 

Reference 1044: ['attention guidance', 'fully convolutional neural networks', 'saliency detection'] 

TOP-K 1045: ['visual features', 'vqa model', 'visual relational reasoning network', 'natural language', 'discriminative visual features', 'visual objects', 'attention network', 'question', 'bilinear attention module'] 

Reference 1045: ['attention mechanism', 'multimodal fusion', 'visual question answering', 'visual relational reasoning'] 

TOP-K 1046: [['classifier fusion'], 'multi-criterion decision-making', 'h-mcf', 'fusion architectures', 'different classifiers', 'mcdm framework', 'traditional fusion strategies', 'superior predictive performance', 'experimental results', 'diversified modalities'] 

Reference 1046: ['classifier fusion', 'multi-classifier', 'multi-modality', 'multiple criteria decision making', 'radiomics'] 

TOP-K 1047: ['detail preserving adversarial learning', ['generative adversarial network'], 'target edge-enhancement loss', 'infrared targets', 'end-to-end model', 'detail information', 'loss functions', 'detail loss', 'visible image fusion', 'specific information', 'visible images'] 

Reference 1047: ['convolution neural network', 'detail preserving', 'generative adversarial network', 'image fusion', 'infrared'] 

TOP-K 1048: ['mrsp', ['nested resources'], 'fixed-priority systems', 'hard real-time multiprocessor resource', 'task migrations', 'resource accessing', 'analysis.multiprocessor resource'] 

Reference 1048: ['hard real-time system', 'multiprocessor resource sharing protocol', 'nested resources', 'run-time overhead', 'schedulability test'] 

TOP-K 1049: ['long-range wifi rss', 'short-range uwb', 'potential tracking failures', 'mobile users', 'robust positioning system', 'radio measurements'] 

Reference 1049: ['cooperative positioning', 'dead reckoning', 'particle filtering', 'received signal strength', 'uwb (ultra-wideband) ranging'] 

TOP-K 1050: ['relay-aided wireless networks', 'illegitimate nodes', 'jammer selection', 'jammer selection strategy', 'average optimal relay selection', 'optimal relay', 'traditional maximum relay selection', 'channel state information', 'previous works', 'joint relay'] 

Reference 1050: ['computation complexity', 'csi of illegitimate nodes', 'physical layer security', 'secrecy outage probability'] 

TOP-K 1051: ['background subtraction', ['surveillance videos'], ['crowded scenes'], ['abnormal event detection'], 'feature space', 'compact coefficient dictionary learning', 'maximal optical flow projection', 'normal training frame set.in', 'novel approach'] 

Reference 1051: ['abnormal event detection', 'crowded scenes', 'lrccdl', 'reconstruction cost', 'surveillance videos'] 

TOP-K 1052: [['deep neural network'], ['multiple kernel learning'], 'representation learning methodologies', 'internal representations', 'general framework', 'widespread use'] 

Reference 1052: ['deep learning', 'deep neural networks', 'ensemble learning', 'multiple kernel learning'] 

TOP-K 1053: [['keystroke dynamics'], 'fraudulent instant messages', 'english fraudulent messages', 'keyboard users', 'first study'] 

Reference 1053: ['biometrics', 'free text', 'instant messaging', 'internet fraud', 'keystroke dynamics'] 

TOP-K 1054: ['incremental esde algorithms', 'matrix exponential discriminant methods', 'incremental learning problems', ['incremental algorithms'], 'second contribution'] 

Reference 1054: ['dimensionality reduction', 'exponential semi-supervised discriminant embedding (esde)', 'incremental algorithm', 'local discriminant embedding (lde)', 'semi-supervised discriminant embedding (sde)', 'small-sample-size problem (sss)'] 

TOP-K 1055: ['covid-19 pandemic', 'infectious disease', ['basic reproduction numbers'], 'intervention policies', 'mathematical model'] 

Reference 1055: ['basic reproduction number', 'contact rate', 'covid-19', 'migration-in rate', 'seiar'] 

TOP-K 1056: ['etl transformations', 'logical errors', ['symbolic execution']] 

Reference 1056: ['epsilon transformation language (etl)', 'metamodel footprint', 'model-driven engineering (mde)', 'symbolic execution', 'verification of model transformations'] 

TOP-K 1057: ['multi-modal smartphone sensors', 'human behaviour', ['health status'], 'clinical error benchmark', 'different health metrics', 'support vector machine', 'objective predictions', 'behaviour profiles', 'locations data', 'behaviour feature'] 

Reference 1057: ['health status', 'location', 'machine learning', 'motion', 'sound'] 

TOP-K 1058: ['node proximities', 'semantic information', 'flexible autoencoder network', 'high-order proximity', 'novel algorithm', 'network information', 'generic framework', 'existing network representation', 'fragmentary aspects'] 

Reference 1058: ['autoencoder', 'heterogeneous information', 'network representation learning'] 

TOP-K 1059: ['feature fusion methods', '3d spectral-spatial feature extraction', 'joint spectral-spatial feature extraction', 'classifiers', 'deep learning', 'popular hyperspectral images', 'various fusion methods', 'classification accuracy', 'second group'] 

Reference 1059: ['classification', 'decision fusion', 'feature fusion', 'hyperspectral image'] 

TOP-K 1060: ['testing ml programs', 'ml programs'] 

Reference 1060: ['data cleaning', 'feature engineering testing', 'implementation testing', 'machine learning', 'model testing'] 

TOP-K 1061: [['substructure similarity search'], 'substructure similarity search problem', ['service-based systems'], 'similar sbs solutions', 'sbs plan', 'feature-based method', 'new research problem'] 

Reference 1061: ['graph matching', 'service composition', 'service-based system', 'substructure similarity search', 'web service'] 

TOP-K 1062: ['group preference relations'] 

Reference 1062: ['compatibility measure', 'large-scale group decision making', 'optimal group', 'redundant information'] 

TOP-K 1063: [['smart objects'], 'smart environments', 'dynamic connectable capabilities', 'percomp applications', 'system engineering perspective', 'user experience perspective', 'benefits'] 

Reference 1063: ['component-based system engineering', 'end user development', 'framework', 'pervasive computing', 'smart objects', 'user evaluation'] 

TOP-K 1064: ['lstms-b', 'automated visual classification framework', 'deep learning', 'category-dependent representations', 'classification performance', 'eeg signals.this paper', 'ensemble learning', 'novel analysis method', 'multiple networks', 'eeg signals guides'] 

Reference 1064: ['automated visual classification', 'bagging algorithm', 'eeg', 'ensemble deep learning'] 

TOP-K 1065: ['lsgdm', 'linguistic distribution preference relations', ['large-scale group decision making'], ['linguistic distribution assessment'], 'new framework', 'uncertain preferences', 'effective approach'] 

Reference 1065: ['2-tuple linguistic model', 'consensus', 'consistency-driven methodology', 'large-scale group decision making', 'linguistic distribution assessments', 'personalized individual semantics'] 

TOP-K 1066: ['spatial-temporal consistent saliency detection', 'saliency detection', 'non-rigid object tracking datasets', 'visual tracking', 'related trackers', 'extensive experiments', 'competitive performance'] 

Reference 1066: ['deep neural network', 'non-rigid object tracking', 'salient object detection', 'spatial-temporal consistency'] 

TOP-K 1067: ['thomas algorithm', 'tridiagonal systems', 'polynomial approximation', 'iterative solution', 'several variants', 'system matrix', 'spike algorithm'] 

Reference 1067: ['adi preconditioner', 'batched triangular systems', 'general purpose graphical processing unit (gpgpu)', 'shifted poisson problem'] 

TOP-K 1068: ['weighted gbb', 'gbb', 'unlabeled data', 'imbalanced data', 'weighting vector'] 

Reference 1068: ['boosting', 'graph', 'imbalance learning', 'semi-supervised learning'] 

TOP-K 1069: ['embedding vectors', 'innovative semi-supervised network embedding', 'structural information', 'text features', 'existing network'] 

Reference 1069: ['network embedding', 'stacked auto-encoders', 'structure preserving', 'text representation'] 

TOP-K 1070: [['feature fusion'], 'input features', 'predictive performance', 'many classification models', 'automated way'] 

Reference 1070: ['autoencoders', 'classification', 'deep learning', 'dimensionality reduction', 'feature fusion'] 

TOP-K 1071: ['private data', ['privacy'], 'predefined threshold ϵ', 'mapping x', 'log loss', 'utility metrics', 'original data x', 'z', 'mutual information', 'z subject'] 

Reference 1071: ['data security', 'privacy', 'representation learning'] 

TOP-K 1072: ['big datasets', 'hybrid algorithm', 'libsvm repository', 'duality gap', 'nodes', 'parallel algorithm', 'single node'] 

Reference 1072: ['distributed computing', 'dual coordinate descent', 'optimization'] 

TOP-K 1073: [['multi-granular fuzzy linguistic modelling'], 'linguistic label set', 'dynamic environments'] 

Reference 1073: ['computing with words', 'consensus measures', 'multi-criteria group decision-making', 'multi-granular fuzzy linguistic modelling'] 

TOP-K 1074: ['energy efficiency', 'energy optimization', 'energy inefficient fragments', 'source code', 'statistical evidence', 'technique', 'software system'] 

Reference 1074: ['fault localization', 'green computing', 'green software', 'program analysis', 'program optimization'] 

TOP-K 1075: ['learning-based approach', 'cache performance', 'data access pattern', 'data access performance', 'dynamic cache management', 'caching capacity', 'cloud providers', 'key challenges', 'access pattern', 'different degree'] 

Reference 1075: ['access pattern estimation', 'cache size prediction', 'cloud cache management', 'dynamic caching', 'machine learning'] 

TOP-K 1076: ['video background', 'principal mode component analysis', 'dynamic background', 'novel projection method', 'repetitive patterns', 'video sequence', 'key characteristics'] 

Reference 1076: ['background modeling', 'principal component analysis', 'statistical mode', 'video surveillance'] 

TOP-K 1077: ['cuffless bp calculation', 'ppg-based pats', 'bimp-based bp calculations', 'bimp-based pats', 'different pat readings', 'potential superiority'] 

Reference 1077: ['bio-impedance', 'cuffless blood pressure', 'on-body sensors', 'pulse arrival time'] 

TOP-K 1078: ['requirements.in large-scale automotive companies', ['requirements information models'], 'practices', 'various requirements engineering'] 

Reference 1078: ['aligning software engineering practices', 'automotive software engineering', 'large-scale software development', 'mixed methods research', 'requirements information models'] 

TOP-K 1079: [['bimodal image fusion'], 'three-step method', 'smooth regions', 'variational model', 'intensity information'] 

Reference 1079: ['bimodal image fusion', 'data-driven tight frame', 'variational method'] 

TOP-K 1080: ['decryption computation', 'attribute revocation', 'efficient user', 'heavy burden'] 

Reference 1080: ['cp-abe', 'outsourced computation', 'privacy computing', 'revocation'] 

TOP-K 1081: ['multiresolution classification', 'ms data', 'spatial resolution advantages', 'network structure', 'pan data', 'driven deep learning', 'channel attention module', 'spatial attention module', 'module', 'channel advantages'] 

Reference 1081: ['attention mechanism', 'deep learning', 'feature fusion', 'multiresolution image classification', 'panchromatic (pan) and multispectral (ms) images'] 

TOP-K 1082: ['trap research area', 'trap solutions', 'systematic mapping study', 'future research', 'overview'] 

Reference 1082: ['literature review', 'reliability allocation', 'resource allocation', 'survey', 'test planning', 'testing'] 

TOP-K 1083: [['monotonic lagrangian grid'], ['neighborhood grid'], ['mlg'], 'data structure', 'new theoretical results', 'efficient implementation', 'various contexts', 'users'] 

Reference 1083: ['mlg', 'monotonic lagrangian grid', 'near-neighbor algorithms', 'neighborhood grid', 'spatial data structures'] 

TOP-K 1084: [['convolutional neural network'], ['general image fusion framework'], 'image fusion models', 'image datasets', 'experimental results', 'multi-exposure images', 'generalization ability', 'various types'] 

Reference 1084: ['better generalization ability', 'convolutional neural network', 'general image fusion framework', 'large-scale multi-focus image dataset'] 

TOP-K 1085: ['one-class classifiers', 'adaptive knn rule', 'class conditional probabilities', 'corresponding test pattern', 'base learners', 'local area'] 

Reference 1085: ['adaptive k-nearest neighbor', 'dynamic classifier selection', 'ensemble learning', 'outlier detection'] 

TOP-K 1086: ['g-cnn', ['object detection'], ['gated cnn'], 'inter-class loss', 'multiple convolutional layers', 'discrepant information', 'categories'] 

Reference 1086: ['explainable cnn', 'gated cnn', 'multi-scale feature layers', 'object detection'] 

TOP-K 1087: ['data centers', 'multiple data centers', ['renewable energy'], ['carbon footprint'], 'solar power', 'different time zones', 'carbon emission', 'energy usage'] 

Reference 1087: ['brownout', 'carbon footprint', 'cloud data centers', 'renewable energy', 'workload shifting'] 

TOP-K 1088: ['hybrid mutation execution reduction', 'original mbfl', 'fault localization accuracy'] 

Reference 1088: ['cost reduction', 'mutant sampling', 'mutation-based fault localization', 'spectrum-based fault localization'] 

TOP-K 1089: ['vm migrations', 'large cloud data centers', 'qos guarantee', 'energy consumption', 'simulation results', 'energy energy consumption', 'effective methods'] 

Reference 1089: ['cloud computing', 'cloud data centers', 'dynamic virtual machine (vm) consolidation', 'utilization prediction model'] 

TOP-K 1090: ['gmdh-nn', 'probabilistic svm classifiers', 'classifier ensemble selection approach', ['probabilistic svms'], ['probabilistic svm'], 'standardized symmetric regularity criterion', 'candidate models', 'base learner'] 

Reference 1090: ['borda sorting', 'ensemble selection', 'group method of data handling', 'probabilistic svm', 'regularity criterion'] 

TOP-K 1091: [['dynamic code updates'], 'test apps', 'android apps', 'dynamic analysis'] 

Reference 1091: ['android', 'dynamic class loading', 'dynamic code updates', 'reflection', 'security analysis'] 

TOP-K 1092: ['ensemble deep learning', 'object detection framework', 'object detection task', 'single shot multibox detector', 'real-time detection', ['ensemble learning'], 'multi-scale feature representation', 'research domain', 'context modeling'] 

Reference 1092: ['dilated convolution', 'ensemble learning', 'feature fusion', 'object detection'] 

TOP-K 1093: ['nlss regularizers', 'general nlss regularizer', 'lq-norm constraint', 'adaptive lq-norm', 'sr model', 'image content', 'different image contents', 'different q values', 'traditional nlss', 'statistical diversity', 'row nlss'] 

Reference 1093: ['general nonlocal self-similarity regularizer', 'iteratively reweighted least squares algorithm', 'single image super-resolution', 'sparse representation', 'standard iterative shrinkage algorithm'] 

TOP-K 1094: ['empathetic dialogue systems', 'personal preference', 'review article', 'emotional states', 'future directions', 'main goal', 'comprehensive guide'] 

Reference 1094: ['affective computing', 'artificial intelligence', 'dialogue systems'] 

TOP-K 1095: ['self-adaptive systems', 'state-of-the-art engineering practices', 'reuse', 'process support', 'case study', 'positive effects'] 

Reference 1095: ['domain engineering', 'self-adaptation', 'software design', 'software reuse', 'uncertainty', 'variability'] 

TOP-K 1096: ['multi-manifold regularization', 'unlabeled multi-view data', 'generalization performance', 'recent years', 'great success'] 

Reference 1096: ['multi-view semi-supervised learning', 'quadratic programming', 'support vector machine', 'twin support vector machine'] 

TOP-K 1097: [['person re-identification'], 'end-to-end ensemble method', 'discriminative models', 'problem', 'accurate base learners', 'single densenet'] 

Reference 1097: ['deep networks', 'ensemble learning', 'person re-identification'] 

TOP-K 1098: ['multi-source entity resolution', 'model words', 'scalable framework'] 

Reference 1098: ['blocking schemes', 'e-commerce', 'entity resolution', 'web shop aggregators'] 

TOP-K 1099: ['network lifetime maximization problem', 'energy consumption', 'novel clustering algorithm', 'lifetime maximization', 'cluster heads'] 

Reference 1099: ['energy balance', 'linear programming', 'network lifetime', 'on-demand clustering', 'wireless sensor network'] 

TOP-K 1100: [['optical flow sub-network'], 'optical flow', 'action localization', 'flow computation', 'multiple consecutive rgb frames', 'deep network', 'flow subnet', 'adjacent frames'] 

Reference 1100: ['optical flow sub-network', 'pyramid hierarchical fusion', 'real-time computation', 'spatio-temporal action localization'] 

TOP-K 1101: [['convolutional neural networks'], 'two-stream fusion network', ['pan-sharpening'], 'tfnet', 'computer vision tasks', 'pan-sharpened image', 'many previous cnn', 'super-resolution problem', 'ms images', 'feature domain', 'astounding achievements', 'fuse pan'] 

Reference 1101: ['convolutional neural networks', 'deep learning', 'image fusion', 'pan-sharpening', 'remote sensing'] 

TOP-K 1102: ['machine-learning algorithms', 'online data reconstruction', 'clustering mechanism', 'storage systems', 'multiple clusters', 'group files', 'share similar features'] 

Reference 1102: ['clustering', 'erasure-coded data storage', 'online reconstruction', 'popularity awareness', 'warm data'] 

TOP-K 1103: ['service-based software systems', 'scgraphs', ['keyword search'], 'service connection graphs', 'keyword query', 'system engineers', 'various possible requirements', 'service composition approach'] 

Reference 1103: ['diversification', 'keyword search', 'quality of service', 'service composition', 'web service'] 

TOP-K 1104: ['cpu/gpu architectures', 'low-overhead communication framework', 'fragmented mpi datatypes', 'datatype communication', 'datatype processing', 'various performance bottlenecks', 'memory layout translation', 'copy overheads', 'memoization-based designs', 'novel pipelining'] 

Reference 1104: ['cpu and gpu', 'derived datatypes', 'hpc', 'mpi', 'nvidia dgx2'] 

TOP-K 1105: ['eeg data', 'knn classifier', 'fusion modality', 'depression recognition model', 'negative audio stimuli', 'feature-level fusion technique', 'different modalities', 'depression recognition accuracy rate', 'individual modality schemes'] 

Reference 1105: ['audio stimulus', 'depression recognition', 'eeg', 'fusion', 'multimodal'] 

TOP-K 1106: ['location-aware fusion module', 'context aggregation module', 'functional modules', 'overall structure', 'cam'] 

Reference 1106: ['convolutional neural network', 'gradual fusion', 'location-aware information fusion', 'multi-scale feature fusion', 'semantic edge detection'] 

TOP-K 1107: [['convolutional neural network'], 'high-dimensional eeg data', 'low signal-to-noise ratios', 'eeg patterns', 'brain activities', 'robust method', 'multiple objects', 'multiple channels'] 

Reference 1107: ['convolutional neural network', 'electroencephalography topographical representation', 'machine learning', 'motor imagery', 'signal pre-processing'] 

TOP-K 1108: [['power transformers'], 'pair-wise conditional g-causality', 'causal inference', 'electrical behaviour', 'common causal dependencies', ['granger causality'], 'information fusion', 'time', 'experimental section', 'statistical notion', 'independent evolution', 'joint evolution'] 

Reference 1108: ['functional connectivity', 'granger causality', 'power transformers', 'scada measurements', 'time series analysis'] 

TOP-K 1109: [['secondary studies'], 'academic context', 'main goal'] 

Reference 1109: ['education', 'secondary studies', 'systematic literature review', 'systematic mapping'] 

TOP-K 1110: ['fc layer', ['cnns'], 'negative-focused weights-biased softmax', 'discriminative features', 'rigorous theoretical analysis', 'parameter memory', 'training time', 'extensive experiment', 'minimum number'] 

Reference 1110: ['classification', 'classifier weights', 'cnns', 'fully connected layer units', 'softmax'] 

TOP-K 1111: ['compare-and-swap instruction', ['compare-and-swap'], 'max-write-or-add', 'max-write instructions', 'steps'] 

Reference 1111: ['compare-and-swap', 'consensus numbers', 'half-max', 'max-write', 'wait-free synchronization'] 

TOP-K 1112: ['sustainable message forwarding service', 'environmental field', 'harsh environments', 'danger zones'] 

Reference 1112: ['environment-aware', 'multipath routing', 'potential field', 'wireless sensor networks'] 

TOP-K 1113: ['heterogeneous ensembles', 'popular ensemble methods', 'complex heterogeneous fusion architecture', 'several fusion schemes', 'complex fusion schemes', 'heterogeneous schemes', 'fusion strategy', 'new aggregation strategies', 'certainty aggregation approach'] 

Reference 1113: ['deep learning', 'ensemble methods', 'fusion', 'mnist'] 

TOP-K 1114: ['qmm-vanet protocol', 'low end-to-end delay', 'network stability', 'high packet delivery ratio', 'mobility constraints', 'performance analyses', 'value parameters'] 

Reference 1114: ['clustering', 'quality of service (qos)', 'stability', 'vehicular ad hoc networks (vanets)'] 

TOP-K 1115: [['mobile video crowdsensing'], 'budgeted video replacement policy', 'well-known np-hard problem', 'video caching problem', 'maximum coverage problem', 'caching situation', 'video segment', 'natural attributes'] 

Reference 1115: ['budgeted', 'mobile video crowdsensing', 'np-hard', 'replacement policy'] 

TOP-K 1116: ['cloud', 'authentication protocol', 'data flow model', 'fog computing', 'data confidentiality', 'proper key establishment', ['fog device'], 'context security'] 

Reference 1116: ['cloud computing', 'fog devices', 'scyther tool', 'secure communication'] 

TOP-K 1117: ['software reuse', 'td interest', 'popular practice'] 

Reference 1117: ['case study', 'reuse', 'technical debt'] 

TOP-K 1118: ['av cues', 'context-aware av approach', 'clean audio', 'prior snr estimation', 'different operating conditions', 'noisy audio features', 'different noisy conditions'] 

Reference 1118: ['audio-visual', 'context-aware learning', 'deep learning', 'multi-modal speech enhancement', 'wiener filtering'] 

TOP-K 1119: ['tcp techniques', 'state-of-the-art tcp techniques', 'coverage information', 'different granularities'] 

Reference 1119: ['dynamic call sequence', 'software testing', 'test case prioritization'] 

TOP-K 1120: [['target tracking'], 'multi-static doppler shifts', 'bayes filter', 'measurements.the bernoulli filter', 'joint detection'] 

Reference 1120: ['partially known probabilistic models', 'possibility functions', 'target tracking'] 

TOP-K 1121: ['hybrid applications', 'hierarchical domain over-decomposition', 'shared-memory programming models', 'data partition schemes', 'natural coexistence'] 

Reference 1121: ['hybrid programming', 'mpi', 'ompss-2', 'openmp', 'parallel programming'] 

TOP-K 1122: ['innovative hybrid imaging system', 'dynamic underwater environments', 'high density 3d estimations', 'harsh underwater environments', 'data-driven formulation', 'accurate 3d information', 'hybrid approach', 'measurement range'] 

Reference 1122: ['active imaging', 'image fusion', 'passive imaging', 'robotics', 'underwater', 'underwater imaging'] 

TOP-K 1123: ['replica factor', 'rt requirement', 'suitable replica placement', 'resource consumption', 'new replica', ['economic profit']] 

Reference 1123: ['cloud systems', 'cost model', 'data replication', 'databases', 'economic profit', 'performance'] 

TOP-K 1124: ['append-only blockchain ledger', 'bps', 'partition topic-classified messages', 'smart-contract-enabled fine-grained control', 'access control list', 'merkel hash tree', 'confidential metadata'] 

Reference 1124: ['blockchain', 'edge cloud', 'pub/sub system', 'security', 'smart city'] 

TOP-K 1125: ['automatic test data generation', 'various approaches', 'new approach'] 

Reference 1125: ['branch likely invariants', 'metaheuristic algorithms', 'path likely invariants', 'search-based test data generation'] 

TOP-K 1126: [['web service response time'], 'non-parametric probability distributions', ['non-parametric distributions'], 'real-world dataset', 'modeling data', 'extensive public'] 

Reference 1126: ['cycle time', 'non-parametric distributions', 'parametric distributions', 'performance evaluation', 'simulation input modeling', 'web service response time'] 

TOP-K 1127: ['sar', 'fusion', 'various pixel level approaches', 'optical images', 'optical sensors', 'various microwave'] 

Reference 1127: ['image fusion', 'optical imagery', 'quality metrics', 'sar imagery'] 

TOP-K 1128: ['time-varying state-saturated complex networks', 'recursive fusion estimation problem', 'time-varying state estimator', ['stochastic communication protocol'], 'scp', 'state saturations', 'error covariance', 'key issue'] 

Reference 1128: ['discrete-time complex networks', 'recursive state estimator', 'state-saturated systems', 'stochastic communication protocol', 'time-varying systems'] 

TOP-K 1129: ['random forest', 'software tools', 'different bagging', 'predictive capability', 'renowned bagging'] 

Reference 1129: ['classification', 'decision trees', 'ensemble learning', 'machine learning', 'software'] 

TOP-K 1130: ['cross-language source code fragments', 'source code', 'source code repository', 'successful queries'] 

Reference 1130: ['api calls', 'cross-language software similarity detection', 'doc2vec', 'singular value decomposition'] 

TOP-K 1131: ['instruction interactions', 'instruction interaction', 'security rules', ['security model'], 'hierarchical management', 'basic operations'] 

Reference 1131: ['complex information network', 'hierarchical multi-domain access', 'instruction control', 'security model'] 

TOP-K 1132: ['multi-band image fusion', 'novel synchronous adaptive framework'] 

Reference 1132: ['adaptive fusion algorithm', 'data-driven', 'deep learning', 'image fusion', 'model-driven', 'multi-band images'] 

TOP-K 1133: [['ecg biometrics'], 'novel ecg biometrics framework', ['multi-scale differential feature'], 'one-dimensional ecg signal', 'ecg signal', ['collective matrix factorization'], 'base feature', 'fuse msdf'] 

Reference 1133: ['collective matrix factorization', 'ecg biometrics', 'feature learning', 'multi-scale differential feature'] 

TOP-K 1134: ['code snippets', ['programming languages']] 

Reference 1134: ['classification', 'machine learning', 'natural language processing', 'programming languages'] 

TOP-K 1135: ['3d point cloud segmentation', ['point attention network'], 'point-wise spatial attention modules', 'lae-conv layers', 'end-to-end trainable network', 'rich local shape features', 'dense labels', 'contextual correlations'] 

Reference 1135: ['3d point cloud', 'deep learning', 'point attention network', 'semantic segmentation'] 

TOP-K 1136: ['mt languages', 'quality flaws', 'td', 'quality flaw indicators', 'model transformation languages', 'different mt languages', ['technical debt'], 'transformation cases', 'systematic analysis', 'significant differences'] 

Reference 1136: ['model transformations', 'software quality', 'technical debt'] 

TOP-K 1137: ['advanced intrusion detection approach', ['deep belief network'], 'computing model'] 

Reference 1137: ['deep belief network', 'deep learning', 'edge computing', 'internet-of-things', 'intrusion detection'] 

TOP-K 1138: [['k-means'], 'multiple k-means clusterings', 'separable clusters', ['local hypothesis'], 'ensemble clusterer', 'base clusterer'] 

Reference 1138: ['cluster ensemble', 'k-means', 'local hypothesis', 'nonlinearly separable clustering'] 

TOP-K 1139: ['parallel fusing fuzzy rule', 'mr-ffrcs', ['fuzzy rules'], 'parallel fuzzy rule-base', 'original frdt algorithm', 'classification system', ['decision tree'], 'fundamental module'] 

Reference 1139: ['decision trees', 'fuzzy classifier', 'fuzzy rules', 'map-reduce', 'parallel computing'] 

TOP-K 1140: [['vehicular navigation'], 'process noise covariance estimation', 'process noise uncertainty', 'ukf robustness', 'new adaptive ukf', 'maximum likelihood', 'promising methodology'] 

Reference 1140: ['and maximum likelihood estimation', 'ins/gps integration', 'process noise covariance', 'unscented kalman filter', 'vehicular navigation'] 

TOP-K 1141: ['new priority-base memory controller', 'real-time application memory activity', 'pmsmc', 'shared dram resource', ['request scheduling'], 'uneven quota', 'efficient utilization'] 

Reference 1141: ['memory controller', 'multicore processors', 'priority scheduling', 'real-time systems', 'request scheduling'] 

TOP-K 1142: ['radiofrequency sensors', 'radiofrequency position estimations errors', 'body parts', 'unidentified body', 'estimation techniques', 'unique identities', 'different ways'] 

Reference 1142: ['activity recognition', 'hpe', 'radiofrequency tracking', 'rtls', 'sensor fusion', 'vision tracking'] 

TOP-K 1143: ['fusion estimation problem', ['weighted try-once-discard protocol'], 'fusion estimation scheme', 'simulation example'] 

Reference 1143: ['fusion estimation', 'linear repetitive processes', 'multi-rate sampling', 'sequential covariance intersection fusion.', 'weighted try-once-discard protocol'] 

TOP-K 1144: ['state-of-the-art msaas architectures', 'simulation', ['systematic review'], 'promising approach'] 

Reference 1144: ['architecture', 'modelling and simulation as a service', 'msaas', 'systematic review'] 

TOP-K 1145: [['familiarity'], 'developer familiarity', 'bug', 'effects'] 

Reference 1145: ['bug fixing', 'efficiency and effectiveness', 'familiarity', 'software maintenance and evolution', 'software metrics'] 

TOP-K 1146: ['decentralized blockchain system', 'smart contract', 'data privacy preserving', 'secure data storage', 'sharing', 'consortium blockchain'] 

Reference 1146: ['blockchain', 'graph convolutional network', 'security and privacy', 'smart healthcare', 'trust assessment'] 

TOP-K 1147: ['sbm', 'heterogeneity aware selective bypassing', 'cache management', 'light-weight run time profiling', 'workgroup mapping policies', 'multiple tasks', 'cache resources', 'disparate behavior', 'fine-grain manner'] 

Reference 1147: ['dynamic scheduling', 'gpgpu', 'heterogeneous applications', 'manycore architectures', 'opencl'] 

TOP-K 1148: ['deep learning', 'deepmtt network', 'deepmtt algorithm', 'linear output layer', 'abundant off-line trajectory data', 'maxout layer', 'targets'] 

Reference 1148: ['bidirectional long short-term memory network', 'maneuvering target-tracking', 'multiple models', 'trajectory database'] 

TOP-K 1149: ['automated test generation', ['code coverage'], 'specific code coverage', 'study', 'preliminary result'] 

Reference 1149: ['code coverage', 'code metrics', 'predictive models', 'test generation'] 

TOP-K 1150: ['adaptive change impact mining', ['change impact analysis'], 'relevant source-code artifacts', 'algorithm variants', 'current changes'] 

Reference 1150: ['association rule mining', 'change impact analysis', 'change recommendation', 'evolutionary coupling'] 

TOP-K 1151: ['frnn search runtimes', 'frnn search process', 'simulation logic', 'complex system simulations', 'peak speedup', 'query stage', 'disproportionate level'] 

Reference 1151: ['complex systems', 'cuda', 'gpu', 'parallel algorithms'] 

TOP-K 1152: ['streaming applications', 'data parallelism', 'online parallelization optimization algorithm', 'joint manner'] 

Reference 1152: ['elasticity', 'parallelization', 'stream processing'] 

TOP-K 1153: ['asymptomatic non-carriers', 'asymptomatic psen1 mutation-carriers', 'nested k-fold cross-validation', 'pib pet features', 'nc subjects', 'heterogeneous entity', 'classification rates', 'maximum classification rates'] 

Reference 1153: ["alzheimer's disease (ad)", 'dian', "dominantly-inherited alzheimer's disease (diad)", 'machine learning', 'neuroimaging'] 

TOP-K 1154: ['pedestrians', ['orientation estimator'], '3d dimensions', '2d', 'camera', 'feedforward links', ['logic relationship']] 

Reference 1154: ['information feedforward', 'logic relationship', 'monocular vision', 'orientation estimation'] 

TOP-K 1155: ['long-term logical dependency', 'source code', 'long short term memory', 'code statements', 'syntactic information', 'novel method', 'code sequence', 'first step'] 

Reference 1155: ['code semantics', 'code syntax', 'comment generation', 'comment position', 'lstm'] 

TOP-K 1156: ['perceptual theory', 'image fusion algorithms', ['image fusion'], 'perceptual significance', 'irregular image contents', 'source images', 'main contributions', 'important information'] 

Reference 1156: ['image fusion', 'information', 'irregular layer', 'perceptual importance', 'regular layer'] 

TOP-K 1157: [['code combinations coverage'], 'coverage criterion', 'code coverage', 'new coverage criterion', 'new prioritization technique', 'combination coverage'] 

Reference 1157: ['code combinations coverage', 'regression testing', 'software testing', 'test case prioritization'] 

TOP-K 1158: ['gitlab metrics', 'checkpoint sessions', 'coursework consultation sessions', 'issues', 'students', 'team members', 'teaching assistants', 'team project', 'relative contributions', 'number', 'interview study', 'particular focus'] 

Reference 1158: ['collaborative software development', 'git', 'software engineering education', 'undergraduate education', 'version control system'] 

TOP-K 1159: ['multi-view visual words reconstruction', 'joint transfer constraint', 'similarity function', 'joint discriminative transfer learning', 'metric learning', 'different views', 'multiple common subspaces', 'feature representation', 'inconsistent distributions', 'novel similarity', 'optimization'] 

Reference 1159: ['feature extraction', 'person re-identification', 'similarity learning'] 

TOP-K 1160: ['smart surface', '2d planar surface', 'autonomous blocks', 'long term use'] 

Reference 1160: ['distributed conveying system', 'incremental computing', 'multicriteria optimization', 'shortest path problem'] 

TOP-K 1161: [['image-based action recognition'], 'body structure information', 'deep model', 'robust action recognition', 'many computer vision tasks', 'images.although convolutional neural networks', 'substantial improvements', 'limited capability'] 

Reference 1161: ['body structure cues', 'convolutional neural network', 'image-based action recognition'] 

TOP-K 1162: ['tesla v100 gpu', 'convolution-pooling', 'new gpu implementation', 'experimental results', 'efficient implementations', 'multiple convolution', 'main contribution'] 

Reference 1162: ['average pooling', 'convolution', 'deep learning', 'gpu', 'neural networks'] 

TOP-K 1163: [['multi-sensor fusion'], 'advanced smart medical services', 'current multi-sensor fusion methods', 'data processing technologies', 'various sensor', 'robot interaction scenario', 'design guarantees'] 

Reference 1163: ['body sensor network', 'fusion decision', 'medical human–robot interaction', 'multi-sensor fusion', 'neural network'] 

TOP-K 1164: ['sib', 'mutual information maximization', ['ensemble clustering'], 'auxiliary basic clusterings', 'ensemble clustering methods', 'several practical tasks', 'final clustering partition', 'extensive experiments', 'original features'] 

Reference 1164: ['ensemble clustering', 'information bottleneck', 'multi-view clustering', 'mutual information'] 

TOP-K 1165: ['convolutional-neural-network-based architecture', ['depth prediction'], ['infrared images'], 'two-stream multilayer convolutional structure', 'common-feature-fusion subnetwork', 'visible light images', 'common features', 'complementary information', 'various conditions', 'fuse'] 

Reference 1165: ['adaptive weighted fusion', 'depth prediction', 'infrared image', 'partially coupled filter', 'visible image'] 

TOP-K 1166: ['sussex-huawei locomotion-transportation recognition challenge', 'activity-recognition community', 'activities', 'real-life benchmark dataset', ['hidden markov model'], 'temporal dependencies', 'final predictions', 'unique opportunity'] 

Reference 1166: ['activity recognition', 'competition', 'deep learning', 'ensembles', 'hidden markov models', 'machine learning'] 

TOP-K 1167: ['intel simd technologies', 'simd technology', 'simd programming tools', 'simd features', 'simd extensions', 'vector width'] 

Reference 1167: ['avx', 'avx-512', 'intel', 'simd', 'vectorization'] 

TOP-K 1168: ['microaggregation groups', 'traditional microaggregation', ['data utility'], 'group sizes', 'extensive experimental evaluation', 'experimental evidence', 'large sizes'] 

Reference 1168: ['data utility', 'differential privacy', 'microaggregation'] 

TOP-K 1169: ['partial observation problem', ['online activity recognition'], 'multi-stage adaptive regression', 'human interaction scenarios', 'novel approach', 'online human interaction', 'main focus'] 

Reference 1169: ['adaptive regression', 'interaction recognition', 'online activity recognition', 'partial observation'] 

TOP-K 1170: ['fog computing trust management', 'malicious fog nodes', 'fog computing environment', 'indirect fog node interactions', 'trust level', 'protection history measures', 'quality'] 

Reference 1170: ['fog computing', 'quality of protection', 'trust'] 

TOP-K 1171: ['data centers', 'laplace noise', ['data mining'], 'differential privacy protection mechanism', 'sensitive information', 'pattern mining process'] 

Reference 1171: ['classification model', 'data center networks', 'data mining', 'local differential privacy'] 

TOP-K 1172: ['non-blind cases', 'image super-resolution', 'deep neural network', ['blur kernel'], 'blur kernel classification task', 'encoder network', ['latent variable'], 'trivial solutions', 'training stage'] 

Reference 1172: ['blind super-resolution', 'blur kernels', 'latent variables', 'lower bound', 'mixture of networks'] 

TOP-K 1173: ['conversation content generation model', 'multi-task learning', 'emotional editing constraints', 'customizable emotional replies', ['reinforcement learning'], 'multiple indicator rewards'] 

Reference 1173: ['affective computing', 'emotional conversation generation', 'emotional editing', 'multitask learning', 'reinforcement learning'] 

TOP-K 1174: ['sparse reconstruction', ['temporal coherence'], 'hr frame', 'adjacent hr frames', 'next low-resolution frame'] 

Reference 1174: ['deep features', 'sparse representation', 'temporal coherence', 'video super resolution'] 

TOP-K 1175: ['disease-associated micrornas', 'disease-pcg associations', 'mirnas', ['protein coding genes'], 'associated mirnas', ['interaction network']] 

Reference 1175: ['disease hierarchy', 'graph convolutional network', 'interaction network', 'micrornas', 'protein coding genes'] 

TOP-K 1176: ['mixed-discrete z-numbers', 'linguistic valuation', ['discrete fuzzy numbers'], 'second component', 'second component b', ['aggregation functions'], ['discrete fuzzy number'], 'computational problems', 'second components', 'new approach'] 

Reference 1176: ['aggregation functions', 'discrete fuzzy numbers', "zadeh's z-numbers"] 

TOP-K 1177: ['stochastic uncertainty', 'linguistic assessments', ['2-tuple aspirations'], 'stochastic linguistic term', 'new magdm method', 'stochastic analysis', ['prospect theory'], 'complete probability distribution information'] 

Reference 1177: ['2-tuple aspirations', 'linguistic distribution assessments', 'multi-attribute group decision making (magdm)', 'prospect theory', 'stochastic linguistic term (slt)'] 

TOP-K 1178: ['continuous experimentation practice', ['continuous experimentation'], 'physical systems', 'cyber'] 

Reference 1178: ['continuous experimentation', 'cyber–physical systems', 'software engineering'] 

TOP-K 1179: ['data imbalance issues', 'model-view-controller pattern', 'code smell detection', 'machine-learning-based approaches', 'machine learning-based approaches', 'object-oriented systems', 'poor accuracy'] 

Reference 1179: ['code smells', 'data balancing', 'machine learning', 'model view controller', 'object oriented'] 

TOP-K 1180: ['hdfs', 'decommission mechanism', 'file system', 'factor'] 

Reference 1180: ['commission', 'decommission', 'elastic storage', 'malleable distributed file system', 'model'] 

TOP-K 1181: ['global fusion', 'global fusion module', 'multi-scale features', 'fusion maps', 'hierarchical matrix structure design', 'hierarchical dense residual block', 'final profile-enriched residual map', 'feature representation', 'memory footprint'] 

Reference 1181: ['global feature fusion', 'hierarchical dense connection', 'multi-scale', 'recursive network', 'super-resolution'] 

TOP-K 1182: ['sensor failure', 'multiple manoeuvring targets.this paper', 'high tolerance', 'large number'] 

Reference 1182: ['average consensus', 'distributed information fusion', 'gibbs sampling', 'joint probabilistic data association', 'multiple target tracking'] 

TOP-K 1183: ['ensemble learning', 'ensemble selection method', 'base classifiers', 'base classifier', 'whole ensemble system', 'overall credibility', 'ensemble.ensemble selection'] 

Reference 1183: ['artificial bee colony', 'classifier selection', 'ensemble method', 'ensemble selection', 'multiple classifier system'] 

TOP-K 1184: ['umd-dmed model', 'vehicle trajectory features', 'maneuvers', 'long short-term memory', 'latent features', 'visual features', 'major computational components', 'neural network', 'temporal dependencies', 'different classes'] 

Reference 1184: ['advanced driver assistance systems', 'computer vision', 'deep neural networks', 'driving maneuver early detection', 'sequence learning'] 

TOP-K 1185: ['data aggregation', 'conditional anonymity', 'user anonymous authentication', 'group blind signature scheme', ['smart grid'], 'mathematical model', 'research works'] 

Reference 1185: ['anonymous authentication', 'data integrity verification', 'industry 4.0/5.0 for security', 'smart grid', 'traceability'] 

TOP-K 1186: ['different java decompilers', 'proper decompilation', 'source code', 'distinct strategies'] 

Reference 1186: ['decompilation', 'java bytecode', 'reverse engineering', 'source code analysis'] 

TOP-K 1187: ['multi-view dimensionality reduction', 'multi-sensor seismic data', 'seismic events', 'challenging task', 'automatic identification'] 

Reference 1187: ['diffusion maps', 'dimensionality reduction', 'manifold learning', 'multi-view'] 

TOP-K 1188: ['physical human action recognition', ['deep recurrent neural network'], 'body sensor-based system', 'body sensors', ['behavior recognition'], 'promising deep learning algorithm', 'vital signs', 'valuable data', 'sequential information', 'many ways'] 

Reference 1188: ['behavior recognition', 'body sensor data fusion', 'deep recurrent neural network', 'robust healthcare'] 

TOP-K 1189: ['decentralized intrusion detection framework', 'decentralized intrusion detection', ['network trust evaluation'], 'software guard extension', ['privacy preservation'], 'current literature', 'general framework'] 

Reference 1189: ['blockchain', 'intel sgx', 'intrusion detection', 'network trust evaluation', 'privacy preservation'] 

TOP-K 1190: ['deep learning models', 'deep learning methods', 'extensive feature engineering'] 

Reference 1190: ['code smells', 'deep learning', 'smell detection tools', 'transfer-learning'] 

TOP-K 1191: ['automated model-based approach', 'broken test scripts', 'fault-finding capability', 'dom coverage', 'replay test scripts'] 

Reference 1191: ['automated test scripts', 'model-based', 'regression testing', 'web test repair', 'web testing'] 

TOP-K 1192: ['dynamic pricing', ['combinatorial auction'], 'adaptive scheduling algorithm', 'combinatorial auction allocation mechanism', 'user satisfaction', 'resource utilization'] 

Reference 1192: ['auction-based scheduling', 'cloud computing', 'combinatorial auction', 'priority', 'resource allocation'] 

TOP-K 1193: ['novel pan-sharpening algorithm', ['multi-objective decision'], 'multi-objective perspective', 'image', 'parametric model', 'quality'] 

Reference 1193: ['details injection', 'multi-objective decision', 'pan-sharpening', 'spectral and intensity modulation'] 

TOP-K 1194: ['multimodal finger recognition', 'multimodal finger fusion recognition', 'joint discriminative feature learning', 'finger vein', 'block-wise histograms', 'feature maps'] 

Reference 1194: ['feature fusion', 'inter-modality', 'joint feature learning', 'multimodal biometrics'] 

TOP-K 1195: [['deep learning'], 'place recognition', 'deep learning perspective', 'novel place recognition methods', 'various aspects', 'comprehensive survey', 'extent deep learning', 'whole picture'] 

Reference 1195: ['deep learning', 'survey', 'visual place recognition', 'visual slam'] 

TOP-K 1196: ['well-known lattice boltzmann method', 'data decomposition', 'energy efficiency', 'case study', 'performance', 'collaborative execution', 'devices', 'platform'] 

Reference 1196: ['fpga', 'gpu', 'lattice boltzmann method', 'non-uniform partitioning', 'system-on-chip'] 

TOP-K 1197: ['snn accelerator architecture', 'field-programmable gate array', 'neural networks', 'neuromorphic systems', 'hardware implementation', 'approximate arithmetic', 'recent years', 'research attention'] 

Reference 1197: ['approximate computing', 'field programmable gate array', 'hardware accelerator', 'spiking neural network'] 

TOP-K 1198: ['end-to-end convolutional neural network', 'face videos', 'novel deep video code', 'compact binary codes', 'binary codes', 'high-dimensional representations', 'training inputs', 'temporal feature'] 

Reference 1198: ['bounded triplet loss', 'deep video code', 'face video retrieval', 'hash learning', 'temporal feature pooling'] 

TOP-K 1199: [['multi-exposure image fusion'], 'computer vision', 'image pairs', 'code library', 'evaluation metrics', 'test set', 'software toolkit.multi-exposure image fusion', 'recent years', 'important area'] 

Reference 1199: ['benchmark', 'deep learning', 'image fusion', 'image processing', 'multi-exposure image fusion'] 

TOP-K 1200: ['state-of-the-art methods', 'computing-energy-accuracy trade-offs', 'network/energy efficiency', 'information fusion', ['sensor systems'], 'data speed', 'data volumes', 'hard challenges', 'hard problem', 'specific area', 'pressing ones'] 

Reference 1200: ['anomaly detection', 'intelligent sensing', 'internet of things', 'machine learning', 'sensor systems'] 

TOP-K 1201: ['cross-modal discriminant adversarial network', 'latent cross-modal discriminant space', 'novel method', 'generators project diverse modalities'] 

Reference 1201: ['adversarial learning', 'cross-modal discriminant mechanism', 'cross-modal representation learning', 'cross-modal retrieval', 'discriminant adversarial network', 'latent common space'] 

TOP-K 1202: ['shapley-shubik index', 'local decision tables', 'computational complexity', 'simple method'] 

Reference 1202: ['dispersed knowledge', 'global decision', 'group decisions and negotiations', 'knowledge-based systems', 'shapley-shubik power index'] 

TOP-K 1203: ['hyper-parameters', 'different sparseness strategies', 'traditional gradient-based algorithms', ['surrogate network'], 'iterative framework', 'optimization', 'much computation'] 

Reference 1203: ['deep sparseness strategies', 'expression recognition', 'heuristic optimizer', 'hyper-parameter optimization', 'surrogate network'] 

TOP-K 1204: ['cic-pim compression', 'graph algorithms', ['index compression'], 'fast in-memory processing', 'lightweight encoding', 'memory footprint'] 

Reference 1204: ['graph processing', 'index compression', 'parallel processing', 'shared-memory'] 

TOP-K 1205: ['depth correlation encoder', 'stripe refinement module', 'dense depth', 'boundary accuracy', 'boundary cue', 'contextual correlations'] 

Reference 1205: ['boundary-induced', 'depth correlation', 'monocular depth prediction'] 

TOP-K 1206: ['gbibit', 'gpu devices', 'large binary datasets', 'multi-gpu mode', 'computational resources', 'single gpu device', 'full advantage'] 

Reference 1206: ['biclustering', 'binary', 'cuda', 'gpu'] 

TOP-K 1207: ['product-line assurance-case creation', 'arbitrary product lines', 'assurance-case pattern', 'system variant', 'novel method'] 

Reference 1207: ['assurance cases', 'contract-based design', 'product line engineering'] 

TOP-K 1208: [['failure detectors'], 'crash-prone asynchronous system', 'mutex exclusion', 'participant-restricted consensus', ['mutual exclusion'], 'previous problems', 'associated failure detector', 'article', 'previous question'] 

Reference 1208: ['asynchronous read/write system', 'consensus', 'failure detector', 'mutual exclusion', 'process crash'] 

TOP-K 1209: ['privacy-preserving data analytics framework', 'aes cryptosystem', 'iot-enabled applications', 'intel software guard extensions', 'process-sensitive outsourced data', 'hybrid-integrated approach', 'confidentiality-based data analytics framework', 'hardware-based solutions', 'cloud environment', 'various domains', 'practical solution'] 

Reference 1209: ['cloud computing', 'data clustering', 'data confidentiality', 'intel sgx', 'internet of things'] 

TOP-K 1210: ['evolutionary classification tree', 'classification tree', 'ect', 'particle bee algorithm', 'novel mining rule method', 'self-organized rules'] 

Reference 1210: ['back-propagation networks (bpn)', 'evolutionary classification tree (ect)', 'particle bee algorithm (pba)', 'satellite imagery (si)', 'support vector machine (svm)'] 

TOP-K 1211: ['peer-to-peer image', 'blockchain technology', 'phash values', 'video sharing platform', 'blockchain network', 'interplanetary file'] 

Reference 1211: ['blockchain', 'copyright', 'distributed images', 'ipfs', 'perceptual hash (phash)', 'security'] 

TOP-K 1212: ['clustering-based unsupervised defect prediction', ['clustering-based unsupervised models'], 'clustering-based models', 'unlabeled defect data', 'defect prediction performance', 'alternative solution'] 

Reference 1212: ['clustering-based unsupervised models', 'data analytics for defect prediction', 'empirical study'] 

TOP-K 1213: ['hierarchical semantics', 'robust deep k-means model', 'deep structure', 'different implicit lower-level attributes', 'hidden representations', 'layerwise way'] 

Reference 1213: ['deep learning', 'k-means algorithm', 'robust clustering'] 

TOP-K 1214: ['flexible accelerator rf-risa', 'random forest prediction process', ['random forest'], 'real-time tasks', 'speed requirements'] 

Reference 1214: ['fpga', 'hardware accelerator', 'prediction acceleration', 'random forest'] 

TOP-K 1215: ['defect prediction', ['convolutional neural network'], 'defect prediction predictor', 'cnn', ['kernel extreme learning machine'], 'hybrid deep neural network', 'kelm', 'widely-studied software projects', 'abstract deep semantic features', 'feature selection', 'prediction performance', 'evaluation indicators', 'second issue', 'extensive experiments', 'strong classification capacity'] 

Reference 1215: ['convolutional neural network', 'kernel extreme learning machine', 'metaheuristic feature selection', 'software defect prediction', 'whale optimization algorithm'] 

TOP-K 1216: [['linguistic stochastic dominances'], 'linguistic stochastic dominances method', 'different semantic sensitivity contexts', ['linguistic distribution assessments'], 'several desirable properties', 'clear advantages'] 

Reference 1216: ['consensus reaching', 'group decision making', 'linguistic distribution assessment', 'linguistic stochastic dominance'] 

TOP-K 1217: ['catda', ['vicinal domain adaptation'], 'novel adversarial losses', ['categorical domain adaptation'], 'adversarial training', 'joint category-domain classifier', 'novel losses', 'category levels'] 

Reference 1217: ['categorical domain adaptation', 'cross-domain weighting', 'domain augmentation', 'unsupervised domain adaptation', 'vicinal domain adaptation'] 

TOP-K 1218: [['recursive feature elimination'], 'multi-class classification problems', ['multi-class support vector machine'], 'support vector machines', 'fast version'] 

Reference 1218: ['feature selection', 'kernel machine', 'multi-class support vector machine', 'recursive feature elimination'] 

TOP-K 1219: ['image-level annotation', 'weakly-supervised semantic segmentation', 'human annotation efforts', 'weak supervision', 'dense labeling task', 'class information', 'incremental supervision updating', 'novel model', 'segmentation supervision', 'updated.weakly-supervised semantic segmentation'] 

Reference 1219: ['convolution neural networks', 'semantic segmentation', 'weakly-supervised'] 

TOP-K 1220: ['evidence', 'communication network', 'belief functions', 'maximum consensus algorithms', 'cautious rule'] 

Reference 1220: ['consensus', 'dempster–shafer theory', 'evidence theory', 'information fusion', 'uncertain reasoning'] 

TOP-K 1221: ['brain specificity', 'multi-aspect fusion', 'brain health', 'systematic brain computing framework', 'uncertainty quantification', ['systematic fusion'], 'translational studies'] 

Reference 1221: ['brain computing', 'brain informatics', 'data-brain', 'intelligence system', 'smart health', 'systematic fusion'] 

TOP-K 1222: [['redactable blockchain'], 'industrial data security', 'industrial internet', 'large overheads', 'accountability mechanism', 'third parties'] 

Reference 1222: ['accountability', 'industrial data management', 'redactable blockchain', 'security', 'trapdoor management'] 

TOP-K 1223: ['medical dnn models', 'medical image analysis tasks', ['adversarial attacks'], 'natural images', 'lesion detection', 'cancer diagnosis', 'different viewpoints.deep neural networks'] 

Reference 1223: ['adversarial attack', 'adversarial example detection', 'deep learning', 'medical image analysis'] 

TOP-K 1224: [['design patterns']] 

Reference 1224: ['architectural smells', 'architectural smells and design patterns relationships', 'design patterns'] 

TOP-K 1225: ['trained end-to-end fusion network', 'input image-visible light image', ['dense blocks'], 'generator network', 'adversarial training', 'new method', 'entire network'] 

Reference 1225: ['dense block', 'generative adversarial networks', 'image fusion', 'infrared image', 'visible image'] 

TOP-K 1226: ['sff framework', 'depth enhancement', 'initial depth maps', 'comparative analysis', 'systematic way'] 

Reference 1226: ['depth map', 'focus measure', 'guided image filtering', 'shape from focus (sff)'] 

TOP-K 1227: ['hash maps', 'trie-based data structure', 'hash maps.hash', 'concurrent search', 'ideal characteristics'] 

Reference 1227: ['concurrent data structures', 'hash tries', 'lock-freedom'] 

TOP-K 1228: ['state-of-the-art online ensemble methods', 'novel heterogeneous ensemble selection', 'base classifiers', 'stream setting', 'method', ['data streams'], 'competitive performance', 'appropriate subset', 'wide range'] 

Reference 1228: ['data streams', 'ensemble selection', 'heterogeneous ensembles'] 

TOP-K 1229: [['software maintenance'], 'software developers', 'bug', 'feasible developer arrangement', 'major importance', 'requests.the efficient assignment'] 

Reference 1229: ['bug assignment', 'bug fixing', 'scheduling-driven', 'software maintenance'] 

TOP-K 1230: ['standard order-based aggregation framework', ['compositional data'], ['aggregation'], 'functions'] 

Reference 1230: ['aggregation', 'beset', 'centroid', 'compositional data'] 

TOP-K 1231: ['recursive mutual learning mechanism', 'skin lesion segmentation', 'melanoma recognition', 'skin lesion diagnosis knowledge', 'inter-task cooperation', 'joint learning capability', 'feature fusion', 'effective diagnosis'] 

Reference 1231: ['diagnosis guided feature fusion', 'knowledge-aware deep framework', 'lesion-based pooling and shape extraction', 'melanoma diagnosis', 'recursive mutual learning'] 

TOP-K 1232: ['centralized cloud-based cross-domain data', 'secure data movement', 'multiple security gateways', 'different domains'] 

Reference 1232: ['authentication', 'blockchain', 'cross-domain data sharing', 'industrial internet of things (iiot)', 'smart contract'] 

TOP-K 1233: [['wechat-like interaction network'], 'lsgdm problems', 'wechat-like interaction network context', 'non-cooperative behaviors', 'consensus model', 'novel framework', 'opinion evolution'] 

Reference 1233: ['consensus reaching process', 'large scale group decision making', 'manipulative and non-cooperative behaviors', 'opinion dynamics', 'wechat-like interaction network'] 

TOP-K 1234: [['multi-attribute group decision making'], 'trust aggregation', 'experts', ['opinion dynamics'], 'trust propagation stage', 'decision-making results', 'social weight influence matrix', 'self-confidence values', 'complete social trust matrix'] 

Reference 1234: ['consensus reaching process', 'feedback mechanism', 'multi-attribute group decision making', 'opinion dynamics', 'social trust network'] 

TOP-K 1235: ['workload placement', 'certain non-interactive workloads', 'workload performance', 'energy consumption', 'geographical locations', 'energy prices', 'different migration policies', 'wind energies', 'ecological impacts', 'costs', 'providers', 'night time', 'users'] 

Reference 1235: ['clouds', 'datacenters', 'energy efficiency', 'migrations', 'performance'] 

TOP-K 1236: ['big data', 'cloud computing concepts', 'big data applications', ['cs curriculum'], 'hands-on experience', 'cs student', 'multiple core courses', 'foundational knowledge', 'relevant topics', 'collective paradigm', 'additional courses', 'major overhaul', 'substantial coverage'] 

Reference 1236: ['bigdata', 'cloud computing', 'competency-based learning', 'cs curriculum', 'module'] 

TOP-K 1237: ['application permissions', 'permissions detection engine', 'ntru algorithm', ['applications'], 'registration authorization engine', 'malicious attacks', ['rest apis'], 'sensitive api list', ['rest api'], 'encrypted registration', 'main idea', 'byte codes', 'risk levels'] 

Reference 1237: ['application', 'cloud', 'network security', 'rest api', 'software-defined networking'] 

TOP-K 1238: ['simple one-pass streaming algorithms', 'multilevel approaches', 'offline methods', 'graphs', 'multilevel framework', 'online methods', 'streaming graph', 'successful methods', 'involved algorithms'] 

Reference 1238: ['graph partitioning', 'multilevel graph partitioning', 'parallel graph partitioning', 'streaming algorithms'] 

TOP-K 1239: [['multi-view clustering'], 'latent embedding space', 'similarity-based clustering', 'original feature space', 'many multi-view clustering approaches', 'comprehensive latent embedding space', 'robust global similarity matrix', 'accurate cluster indicator matrix', 'common shortcoming', 'new method', 'optimization framework'] 

Reference 1239: ['cluster indicator matrix', 'latent embedding representation', 'multi-view clustering', 'similarity matrix'] 

TOP-K 1240: ['data clustering', 'lidar sensor', 'multiple point clouds', 'obstacle detection', 'local clusters', 'data processing', 'common component', 'respective sensor'] 

Reference 1240: ['approximation', 'clustering', 'distributed processing', 'lidar', 'point cloud'] 

TOP-K 1241: [['sparse motion fields'], 'space-varying sparse motion fields', 'long-term trajectory prediction', 'probabilistic generative approach', 'semantic constraints', 'static environment', 'contextual cues', 'diverse motion patterns'] 

Reference 1241: ['human motion analysis', 'sparse motion fields', 'trajectory prediction'] 

TOP-K 1242: ['dht-based solutions', 'p2p system', 'overlay latency', 'overlay connectivity', 'performance challenge', 'graph-based ones'] 

Reference 1242: ['availability prediction', 'churn stabilization', 'dht', 'highly-connected', 'low-latency', 'skip graph'] 

TOP-K 1243: ['new york city', 'intelligent taxi', 'real world dataset', 'taxi trips', 'overall system'] 

Reference 1243: ['demand prediction', 'destination prediction', 'distribution learning', 'mixture density network', 'taxi dispatch'] 

TOP-K 1244: [['code review'], 'software quality assurance', 'software development', 'systematic mapping study', 'crucial practice'] 

Reference 1244: ['code review', 'mapping study', 'mining software repositories'] 

TOP-K 1245: ['phisa', 'heterogeneous cores', 'multi-workload environments', 'full-isa systems', 'asymmetric functionality', 'single base isa', 'efficient cores', 'energy consumption', 'costly instruction extensions', 'power budget'] 

Reference 1245: ['energy efficiency', 'heterogeneity', 'overlapping-isa', 'partial-isa', 'scheduling'] 

TOP-K 1246: ['visible image fusion', 'residual architecture', 'residual fusion network', 'traditional fusion approach'] 

Reference 1246: ['end-to-end network', 'image fusion', 'infrared image', 'nest connection', 'residual network', 'visible image'] 

TOP-K 1247: ['state-of-the-art segmentation methods', 'brain anatomical regions', 'structural magnetic resonance images', 'convolutional network', '3d fcn segmentation model', 'superior segmentation performance', 'segmentation method', ['ensemble model']] 

Reference 1247: ['adaptive-size patches', 'brain segmentation', 'diffeomorphism', 'ensemble model', 'fully convolutional network', 'multi-atlas'] 

TOP-K 1248: ['key points', 'skeleton-based action recognition methods', 'channel-wise key point shifts', 'key point', 'key point annotation', 'costly key point annotation', 'video frames'] 

Reference 1248: ['action recognition', 'key point shifts', 'temporal feature'] 

TOP-K 1249: ['functional brain networks', 'heterogeneous data', 'sparse network patterns', 'new data fusion method', 'brain network nodes', 'complementary network nodal information', 'functional connectivity measures', 'connectivity matrix', 'functional coherence', 'comprehensive delineation', 'compact representations', 'powerful tools'] 

Reference 1249: ['brain network analysis', 'functional magnetic resonance imaging', 'sparse learning'] 

TOP-K 1250: ['ha state controller', ['kubernetes'], 'healthy microservice instances', 'automatic service redirection', 'application state replication', 'service recovery', 'ha requirements', 'repair actions'] 

Reference 1250: ['availability', 'containers', 'elasticity', 'failure', 'kubernetes', 'microservices'] 

TOP-K 1251: ['soft real-time guarantees', 'cloud', 'real-time requirements', 'response time', 'computation loop'] 

Reference 1251: ['cyber–physical systems', 'edge–cloud', 'guaranteed latency'] 

TOP-K 1252: [['online action detection'], 'effective rnn-based networks', 'state-of-the-art performances', 'future anticipation', 'novel solution', 'previous works'] 

Reference 1252: ['cycle-consistency', 'online action detection', 'temporal smoothing', 'video understanding'] 

TOP-K 1253: ['deep learning methodologies', 'deep learning models', ['medicine'], 'in-depth analysis', 'in-depth study'] 

Reference 1253: ['artificial intelligence', 'data science', 'deep learning', 'medicine', 'neural networks'] 

TOP-K 1254: ['variation control systems', 'core concepts'] 

Reference 1254: ['configuration management', 'software product lines', 'software repositories', 'variability management', 'version control'] 

TOP-K 1255: [['change impact analysis'], 'cia quantification', 'feature additions', ['change proneness'], 'change', 'vast research field', 'relevant cost', 'tentative effects', 'various metrics'] 

Reference 1255: ['amount of change', 'change impact analysis', 'change proneness', 'changeability', 'instability'] 

TOP-K 1256: ['vm migrations', 'performance degradation', ['virtual machine'], ['data centers'], 'many drawbacks', 'energy saving', 'single machine', 'service disruption etc'] 

Reference 1256: ['consolidation', 'data center', 'genetic algorithm', 'migration', 'virtual machine'] 

TOP-K 1257: ['non-stereotyped bpmn models', 'bpmn models', 'stereotyped bpmn models', 'guis', 'uml class primitives', 'transformation rules'] 

Reference 1257: ['business process model and notation models', 'empirical study', 'graphical user interfaces design', 'stereotypes'] 

TOP-K 1258: ['hpc applications', 'application resilience', 'machine-learning method', ['fault injection'], 'prediction accuracy', 'random fi', 'time-consuming process', 'time-consuming approach', 'analytical models.the traditional method'] 

Reference 1258: ['application resilience prediction', 'fault injection', 'hpc fault tolerance', 'silent data corruption', 'transient faults'] 

TOP-K 1259: ['state-of-art crokage', ['stack overflow'], 'crowd knowledge answer generator', 'retrieval performance', 'mean reciprocal rank', 'relevant answers', 'medium effect sizes'] 

Reference 1259: ['mining crowd knowledge', 'stack overflow', 'word embedding'] 

TOP-K 1260: ['edge server placement', 'edge servers', 'backbone network topology', 'hardware requirements', 'available deployment budget', 'extensive set'] 

Reference 1260: ['clustering', 'facility location', 'k-medoid', 'multi-access edge computing'] 

TOP-K 1261: ['fusion layer', 'attentive fusion layer', 'long-term dependencies', 'data', 'modes', 'novel memory', 'current features', 'explicit memory block', 'relative importance', 'stores features'] 

Reference 1261: ['attention', 'generalized multi-modal fusion', 'memory networks'] 

TOP-K 1262: [['rendezvous algorithms'], 'molecular dynamics', 'grid-based simulation codes', 'scientific computing context', 'dramatic performance improvements', 'large problems', 'specific examples', 'large numbers'] 

Reference 1262: ['mapreduce', 'modeling and simulation', 'parallel communication', 'rendezvous algorithms'] 

TOP-K 1263: ['blockchain-based ehealth system', 'medical data', 'ehrs', 'attributes-based proxy re-encryption', 'fine-grained access control'] 

Reference 1263: ['blockchain', 'cloud computing', 'data outsourcing and sharing', 'electronic health records'] 

TOP-K 1264: ['p2p networks', ['hybrid p2p networks'], 'single asynchronous vacation strategy', 'single synchronous vacation strategy', 'experimental results', 'queueing model', 'service rate', 'penalty strategy', 'total energy consumption', 'significant penalty effect', 'efficient.this paper'] 

Reference 1264: ['energy saving strategy', 'hybrid p2p network', 'matrix geometric solution', 'nash equilibrium'] 

TOP-K 1265: ['feature-wise attention', 'attention mechanisms', 'visual question', 'question representations', 'question information', 'effective way', 'feature-wise modes'] 

Reference 1265: ['deep learning', 'feature-wise attention learning', 'multimodal feature fusion', 'visual question answering (vqa)'] 

TOP-K 1266: ['geml', 'evolutionary machine learning', 'human-readable rules', 'software properties', 'context-free grammar', 'novel detection approach', 'evolutionary algorithm', 'diverse nature'] 

Reference 1266: ['associative classification', 'design pattern detection', 'grammar-guided genetic programming', 'machine learning', 'reverse engineering'] 

TOP-K 1267: ['graph kernel svms', 'gmdh-nn', 'multiple graph kernel learning', 'categorization performance', 'novel structure', 'initial model', 'posterior probability output'] 

Reference 1267: ['ensemble selection', 'group method of data handling', 'probabilistic output', 'regularity criterion', 'support vector machine'] 

TOP-K 1268: ['archive-based solutions', 'metadata records', 'index files', 'dynamic hash function', 'actual file content', 'file content', 'access efficiency', 'retrieval information', 'significant overheads', 'additional processing'] 

Reference 1268: ['distributed file system', 'fast access', 'hdfs', 'massive small files'] 

TOP-K 1269: ['automatic fault localization', 'software engineering', 'original fault localization techniques'] 

Reference 1269: ['evolution algorithm', 'fault localization', 'multiple-faults', 'software debugging', 'test restoration'] 

TOP-K 1270: ['automatic pulmonary nodules classification', 'a-softmax loss', 'angularly discriminative representations', 'lung cancers', 'early diagnosis'] 

Reference 1270: ['computer-aided diagnoses', 'convolutional block attention module', 'convolutional neural network', 'neural architecture search', 'pulmonary nodule classification'] 

TOP-K 1271: ['deformation invariant cycle-consistency model', 'cyclegan-based synthesis methods', 'domain-specific deformation', 'additional image alignment losses', 'source domain', 'good alignment'] 

Reference 1271: ['gan', 'image synthesis', 'information fusion'] 

TOP-K 1272: ['v-vqa task', 'generalized pyramid co-attention', 'generalized pyramid co-attention structure', 'learnable aggregation net', 'novel architecture', 'frame-level features', 'word-level features', 'attention accuracy', 'temporal information', 'diverse content', 'central problems', 'feature distributions', 'first problem', 'novel diversity'] 

Reference 1272: ['cascaded pyramid transformer co-attention', 'diversity learning', 'learnable aggregation', 'video question answering'] 

TOP-K 1273: ['ai system validation', 'practical ai systems', 'individual systems'] 

Reference 1273: ['artificial intelligence', 'machine learning', 'systematic literature review', 'testing', 'v&v', 'validation'] 

TOP-K 1274: ['parallel spmv algorithm', 'arm processors', 'simd instruction latency', 'neon simd', 'cache access', 'different formats'] 

Reference 1274: ['arm', 'neon', 'simd', 'spmv', 'storage formats'] 

TOP-K 1275: ['bsdnfilter', 'blockchain-based sdn', 'ids-based security mechanism', 'trust-based filtration', 'real blockchain-based sdn environment', 'flooding attacks', 'malicious traffic', ['traffic fusion'], 'filtration performance', 'recent development', 'similar approaches'] 

Reference 1275: ['blockchain technology', 'intrusion detection', 'software-defined networking', 'traffic filtration', 'traffic fusion', 'trust computation'] 

TOP-K 1276: [['hybrid specification'], 'three-step approach', 'early phases'] 

Reference 1276: ['formal methods', 'hybrid specification', 'requirements analysis', 'software productivity', 'software reliability'] 

TOP-K 1277: [['crossover-net'], 'medical images', 'novel deep model', 'horizontal crossover relation', 'robust segmentation'] 

Reference 1277: ['convolutional neural network', 'crossover-net', 'crossover-patch', 'image segmentation', 'non-elongated tissue'] 

TOP-K 1278: ['modeling positive sequential vectors', 'gaussian mixture models', 'gid distributions', ['continuous hidden markov models'], 'inverted dirichlet', 'gaussian distribution', 'conventional continuous hmms', 'modeling positive data', 'novel hmm', 'several recent studies', 'emission density'] 

Reference 1278: ['continuous hidden markov models', 'generalized inverted dirichlet', 'localized feature selection', 'mixture models', 'variational bayes'] 

TOP-K 1279: ['time-frequency representation', 'deep models', 'physiological signals', 'channels', 'different sources', 'training process', 'different range'] 

Reference 1279: ['dimensionality reduction', 'multimodality', 'ridge', 'spatial fusion', 'spectral fusion', 'temporal fusion'] 

TOP-K 1280: ['edge-entropy components', 'spectral decomposition', 'global network entropy', 'detailed distribution'] 

Reference 1280: ['network edge entropy', 'partition function', 'spin statistics'] 

TOP-K 1281: [['multi-granular unbalanced linguistic information'], 'linguistic decision making', 'consensus-based group decision making', 'multi-criteria group decision', 'adjustment advice', 'linguistic assessments', 'optimization models', 'decision makers', 'confidence levels', 'his/her opinions', ['minimum adjustment'], 'important topic'] 

Reference 1281: ['bounded confidence', 'consensus reaching process', 'minimum adjustment', 'multi-granular unbalanced linguistic information'] 

TOP-K 1282: ['anomaly detection systems', 'non-anomalous objects', 'use one-class techniques', 'training set', 'key problem', 'scientific community', 'significant role.the implementation'] 

Reference 1282: ['anomaly detection', 'boundary', 'convex hull', 'limits', 'one-class', 'projection methods'] 

TOP-K 1283: ['mixcaps', 'capsule network experts', ['capsule networks'], 'single cnn', 'single capsule network', 'average accuracy', 'different subsets'] 

Reference 1283: ['capsule network', 'mixture of experts', 'tumor type classification'] 

TOP-K 1284: ['asynchronous shared memory systems', ['tight renaming'], 'name space'] 

Reference 1284: ['distributed algorithm', 'loose renaming', 'randomized algorithm', 'shared memory model', 'tight renaming'] 

TOP-K 1285: ['state-of-the-art location-based privacy attacks', 'crowdsourced datasets', 'user privacy', 'data anonymization process', 'software library', 'critical limitation', 'little impact', 'overall quality', 'article addresses'] 

Reference 1285: ['distributed applications', 'location privacy', 'location privacy protection mechanism', 'mobile crowdsourcing'] 

TOP-K 1286: ['consistency checking', 'extensive research', ['abstract repairs']] 

Reference 1286: ['abstract repair', 'concrete repair', 'inconsistency repair', 'model repair'] 

TOP-K 1287: ['hpc courses', 'games', 'hpc concepts', 'informal high performance computing', 'tangible hands-on experiences', 'students'] 

Reference 1287: ['hpc education', 'hpc training', 'serious games'] 

TOP-K 1288: ['lock-free hash', ['memory reclamation'], 'state-of-the-art memory reclamation methods', 'scalable hash map implementation', 'lock-based implementations', 'experimental results', 'lock-freedom property'] 

Reference 1288: ['hash maps', 'hazard pointers', 'lock-freedom', 'memory reclamation'] 

TOP-K 1289: ['non-verbal modalities', 'linguistic modality', 'performance.multimodal video sentiment analysis'] 

Reference 1289: ['emotion recognition', 'multimodal human language understanding', 'reproducibility in multimodal machine learning', 'video sentiment analysis'] 

TOP-K 1290: ['mulsemedia content', 'human emotional responses', 'multimodal physiological signals', 'galvanic skin response', 'physiological responses', 'new dataset'] 

Reference 1290: ['classification', 'emotion recognition', 'modality level fusion', 'multiple sensorial media', 'physiological signals'] 

TOP-K 1291: [['burst buffer'], 'solid state drives', 'new i/o subsystem', 'i/o separation scheme', 'high-performance computing', 'exascale i/o requirements', 'potential benefits', 'solid state storage systems.to'] 

Reference 1291: ['burst buffer', 'evaluation', 'i/o separation', 'multi-streamed ssd', 'stream-aware'] 

TOP-K 1292: ['hybrid resampling algorithms', 'centralized resampling algorithm', 'different resampling algorithms', 'novel hybrid', 'system convergence', 'centralized resampling steps', 'algorithm', 'different types'] 

Reference 1292: ['convergence', 'parallel and distributed computing', 'particle filters', 'resampling', 'sequential monte carlo methods'] 

TOP-K 1293: ['clustering', 'wireless sensor networks', 'wsns', 'large-scale iot', 'overall scalability', 'network lifetime', 'successful approach', 'similar algorithms'] 

Reference 1293: ['approximation algorithm', 'energy balance', 'internet of things', 'routing protocol'] 

TOP-K 1294: ['visual-semantic joint embedding space', 'vd-zsar method', 'zero-shot action recognition', 'semantic embeddings', 'dorsal stream theory', 'visual features', 'extract irredundant visual feature', 'relation ambiguity', 'redundant visual feature'] 

Reference 1294: ['nonlinear similarity metric learning mechanism', 'vd-zsar', 'ventral & dorsal stream theory'] 

TOP-K 1295: [['image segmentation'], ['unsupervised domain adaptation'], 'intra-image semantic structure consistency', 'scale variance minimization', 'target domain'] 

Reference 1295: ['adversarial learning', 'image segmentation', 'semantic structure', 'unsupervised domain adaptation', 'variance minimization'] 

TOP-K 1296: [['fashion landmark estimation'], 'electronic commerce', 'skeleton-like relation', ['position constraints'], 'functional key points', 'wide potential applications'] 

Reference 1296: ['fashion landmark estimation', 'loss function', 'position constraint', 'skeleton-like characteristic'] 

TOP-K 1297: ['linear algebra operations', 'regular-shaped input', 'gpu resources', 'many works'] 

Reference 1297: ['cuda', 'gpu', 'matrix–matrix multiplication', 'performance optimization', 'tall-and-skinny matrix'] 

TOP-K 1298: ['security pattern detection', ['security patterns'], 'security features', 'internal pattern'] 

Reference 1298: ['secure architectural design', 'security pattern detection technique', 'security patterns', 'security quality assurance', 'software design component'] 

TOP-K 1299: ['parallel ray tracer', ['assembly instructions'], 'algorithmic level', 'different courses'] 

Reference 1299: ['assembly instructions', 'futex', 'ray tracing', 'semaphore', 'task queue'] 

TOP-K 1300: ['open-source projects', ['security vulnerabilities'], 'multiple-case study', 'code', 'development team', 'potential vulnerabilities'] 

Reference 1300: ['case study', 'open-source software', 'security vulnerabilities', 'software reuse'] 

TOP-K 1301: ['big-little constant bandwidth server', 'real-time task sets', 'real-time tasks', 'multi-core platforms', 'little cores', 'energy-efficient way', 'greedy heuristic', 'energy consumption'] 

Reference 1301: ['arm big.little', 'energy-efficiency', 'heterogeneous multicore processing', 'real-time scheduling'] 

TOP-K 1302: ['ir/vis fusion task', 'image fusion problem', 'ir/vis images', 'aggregated residual dense network', 'novel unsupervised network', 'intensity proportional maintenance problem'] 

Reference 1302: ['convolutional neural network', 'deep learning', 'image fusion', 'infrared image', 'loss function strategy', 'visible image'] 

TOP-K 1303: ['handwritten word recognition problems', ['candidate fusion'], 'state-of-the-art language models', 'comprehensive experiments'] 

Reference 1303: ['candidate fusion', 'handwritten word recognition', 'language model', 'sequence-to-sequence models'] 

TOP-K 1304: ['dense2net', 'efficient group convolution', 'manual cnns', 'efficient depthwise separable convolution', 'state-of-the-art results'] 

Reference 1304: ['classification', 'convolutional neural networks', 'densely connected', 'parameter efficiency'] 

TOP-K 1305: ['dhv biometrics', 'dhv recognition', 'different problems', 'comprehensive survey'] 

Reference 1305: ['biometrics', 'dorsal hand vein', 'survey'] 

TOP-K 1306: ['3d orientation', ['sensor fusion algorithms'], 'different sfas', 'first surveys', 'numerous studies'] 

Reference 1306: ['adaptive gain tuning', 'attitude and heading reference system', 'complementary filter', 'linear/extended kalman filter', 'magnetic and inertial measurement unit', 'sensor fusion algorithm'] 

TOP-K 1307: ['hippotherapy projects', 'cp children', 'motor function', 'pilot study', 'motor coordination function', 'gait parameters', 'empirical basis'] 

Reference 1307: ['body sensor network', 'cerebral palsy', 'hippotherapy', 'rehabilitation medicine', 'sensor fusion'] 

TOP-K 1308: ['sentiment analysis', 'sa-mpmcdm methodology', 'expert evaluations', 'doc-absadeepl model', 'natural language reviews', 'decision aid', 'expert review', 'multi-person multi-criteria decision', 'numerical ratings', 'aspect categories'] 

Reference 1308: ['aspect-based sentiment analysis', 'multi-person multi-criteria decision making', 'multi-task deep learning', 'smarter decision aid', 'social media'] 

TOP-K 1309: ['dnns', 'machine learning', 'training data', ['gradient boosted decision trees'], 'raw data', ['random forest'], 'extensive evaluation', 'deepfm.deep neural nets'] 

Reference 1309: ['gradient boosted decision trees', 'neural networks', 'random forest', 'word2vec'] 

TOP-K 1310: ['binary imbalanced data classification', 'gmm-based dataset', 'aer method', 'novel dynamic ensemble method', 'benchmark imbalanced datasets', ['adaptive ensemble'], 'uci machine'] 

Reference 1310: ['adaptive ensemble', 'gradient boosting machines', 'imbalanced data classification', 'regularization'] 

TOP-K 1311: ['scache', 'tpc-ds queries', 'shuffle overhead', 'spark', 'hadoop mapreduce', 'overall completion time'] 

Reference 1311: ['distributed dag frameworks', 'optimization', 'performance model', 'shuffle'] 

TOP-K 1312: ['multi-sensor tracking system', 'wi-fi interface', 'state-of-the-art models', 'current smartphones', 'magnetometer sensors', 'additional hardware', 'main findings'] 

Reference 1312: ['imu-based', 'indoor localization', 'magnetic field', 'rssi-based', 'sensor fusion', 'smartphone tracking'] 

TOP-K 1313: ['infiniband network controller', 'high-performance parallel systems', 'popular network topologies', 'virtual-channel shifting.the dragonfly topology', 'available versions'] 

Reference 1313: ['deadlock freedom', 'dragonfly', 'infiniband', 'routing'] 

TOP-K 1314: ['random k-labelsets ensemble', 'active k-labelsets ensemble', 'multi-label learning strategy', 'many single-label learning models'] 

Reference 1314: ['k-labelsets ensemble', 'label powerset', 'multi-label learning', 'separability'] 

TOP-K 1315: [['gossip learning'], ['federated learning'], 'aggregation server', 'gossip variants', 'decentralized alternative', 'central component'] 

Reference 1315: ['decentralized machine learning', 'federated learning', 'gossip learning'] 

TOP-K 1316: [['temporal graphs'], 'ldbc benchmark', 'dynamic temporal property graphs', 'aggregation operators', 'property graphs', 'linear path query model', '325m properties', 'query engine', '52m vertices', 'intuitive temporal predicates', '218m edges', '1600-query workload', 'detailed experiments'] 

Reference 1316: ['big data platforms', 'distributed scheduling', 'graph processing', 'query planning', 'temporal graphs'] 

TOP-K 1317: ['insider attackers', 'consortium blockchain-based system', 'vehicular nodes', 'aggregate trust scores', 'road side units', 'second level'] 

Reference 1317: ['blockchain', 'distributed system', 'routing protocol', 'vanet'] 

TOP-K 1318: ['visible image fusion', 'effective image processing technique', 'visible image fusion method', 'various scenarios', 'source images.infrared', 'comprehensive information'] 

Reference 1318: ['attribute filtering', 'edge-preserving filtering', 'image fusion', 'image pyramid', 'infrared image'] 

TOP-K 1319: ['latent variables', 'variational translation models', 'source data', 'effective way'] 

Reference 1319: ['machine translation', 'multimodal learning', 'variational neural machine translation'] 

TOP-K 1320: [['multimodal sentiment analysis'], 'complex-valued neural network implementation', 'state-of-the-art systems', 'video sentiment analysis datasets', 'different modalities', 'crucial challenge', 'comparable results'] 

Reference 1320: ['machine learning', 'multimodal sentiment analysis', 'quantum theory'] 

TOP-K 1321: ['pc-tcs', 'new security-on-demand framework', 'blockchain-based vm-migration protocol', 'policy-customized remote attestation', 'xen hypervisor', 'pc-tcs prototype', 'cloud infrastructure', ['remote attestation'], 'security policies', 'cloud service', 'cloud users', 'service life-cycle', 'policy-customized migration', 'architecture', 'attribute-based signature'] 

Reference 1321: ['policy-customized', 'remote attestation', 'security on demand', 'trusted cloud service'] 

TOP-K 1322: ['open-source game engines', 'traditional open-source frameworks', 'traditional frameworks', 'differences', 'special treatments'] 

Reference 1322: ['framework', 'game-engine', 'mining', 'open-source', 'video-game'] 

TOP-K 1323: [['fractional precedence constraints'], 'preemptive scheduling algorithms', 'arbitrary processing speeds', 'precedence constraints', ['unrelated machines'], 'follower jobs', 'paper', 'new class', 'general set'] 

Reference 1323: ['birkhoff-von neumann decomposition', 'fractional precedence constraints', 'preemptive scheduling', 'unrelated machines'] 

TOP-K 1324: ['multi-ta network model', 'blockchain-based authentication', 'ta', 'centralized structure', 'key agreement protocol', 'computing resource bottlenecks', 'intermediate node rsu', 'single trusted authority', 'authentication protocols', 'network model', 'mutual authentication', 'efficiency', 'computing load'] 

Reference 1324: ['authentication', 'cryptography', 'internet of vehicles', 'key agreement'] 

TOP-K 1325: ['mixed-precision gpu-kernels', 'scattered-data interpolation', '8th-order finite differences', 'first-order derivatives', 'new algorithms', 'gpu implementations', 'state-of-the-art cpu', 'main computational kernels', 'run time'] 

Reference 1325: ['diffeomorphic image registration', 'gauss–newton–krylov method', 'gpu computing', 'mixed-precision solver', 'parallel optimization'] 

TOP-K 1326: ['deep insight-as-a-service', 'hyperscale geo-distributed infrastructure', 'conceptual geo-distributed framework', 'large-scale geo-distributed datacenters', 'time-critical latency-sensitive applications', 'advanced insight analytics', 'bd', 'near-real-time predictions', 'technological direction', ['cloud platforms'], 'voluminous geo-distributed data', 'voluminous big data', 'scalable framework', 'insights', 'specialized insight domains'] 

Reference 1326: ['automation of everything (aoe)', 'big data analytics', 'cloud platform', 'cyber–physical systems (cps)', 'internet of everything (ioe)'] 

TOP-K 1327: ['error message effectiveness', ['error messages'], 'software development effectiveness', 'popular dbmss', 'error recovery confidence', 'many software developers', 'important task'] 

Reference 1327: ['compiler', 'database management system', 'error message', 'structured query language (sql)'] 

TOP-K 1328: ['hpc system utilization', 'shared caches', 'single application', 'runtime systems', 'multiple applications', 'instruction execution units', 'critical resources', 'memory bandwidth', 'server.many hpc applications', 'attractive technique'] 

Reference 1328: ['colocation', 'hpc systems', 'machine learning', 'performance characterization', 'performance counters', 'resource manager'] 

TOP-K 1329: ['gigabit ethernet', 'interconnection technologies', 'hierarchical switch architectures', 'main interconnection technologies'] 

Reference 1329: ['hierarchical and non-hierachical switches', 'interconnection networks simulation', 'performance evaluation', 'quality of service', 'scheduling algorithms'] 

TOP-K 1330: ['self-supervised reconstruction-by-inpainting problem', 'anomaly-free images', 'reconstructed image', 'detection', 'popular approach trains'] 

Reference 1330: ['anomaly detection', 'cnn', 'inpainting', 'video anomaly detection'] 

TOP-K 1331: ['clustering paradigms', 'classical linkage-based algorithms', 'center-based methods', 'center-based approaches', 'different clustering paradigms', 'theory-practice gap', 'advantages', 'practical experience', 'many applications', 'formal properties', 'formal understanding', 'insight'] 

Reference 1331: ['clustering', 'properties', 'theory'] 

TOP-K 1332: ['hair segmentation', 'hair removal', 'single dermoscopic image', 'intra structural similarity', 'accurate hair masks', 'well-labelled dataset', 'evaluation method'] 

Reference 1332: ['deep learning', 'dermoscopy', 'digital hair removal', 'skin lesion segmentation'] 

TOP-K 1333: ['intelligent face mask detection', 'temperature monitoring mechanism'] 

Reference 1333: ['content caching', 'health care', 'internet of things (iot)', 'named data networking of things'] 

TOP-K 1334: ['heterogeneous multi-relational graphs fusion', 'novel trust-ware recommendation method', 'user-related graph', 'user trust relation graph', 'user', 'item-related graph', 'item knowledge graph', 'item feature', 'user feature', 'item interaction graph', 'item graph'] 

Reference 1334: ['graph neural networks', 'heterogeneous data fusion', 'knowledge graph', 'trust-aware'] 

TOP-K 1335: ['state-of-the-art ir-fl technique', 'global data', 'word embedding-based global solution', 'word embedding technique'] 

Reference 1335: ['automated fault localization', 'doc2vec', 'global training', 'information retrieval', 'tf.idf', 'word embedding'] 

TOP-K 1336: [['extended aggregation functions'], 'monotone', 'input data', 'important definitions'] 

Reference 1336: ['aggregation function', 'cardinality-limiting function', 'directional monotonicity', 'extended aggregation function', 'pre-aggregation function'] 

TOP-K 1337: ['pre-programmed safety conditions', 'runtime safety checks', 'railway control systems', 'suitable monitoring specification language', 'railway systems', 'system executions', 'conventional runtime monitoring'] 

Reference 1337: ['live sequence chart', 'runtime verification', 'train control system'] 

TOP-K 1338: ['parallel ensemble frameworks', ['causal direction inference'], ['parallel ensemble'], 'several ways'] 

Reference 1338: ['causal direction inference', 'parallel ensemble', 'unstable learner'] 

TOP-K 1339: [['smart grids'], 'two-layer collaborative idss', 'idss', 'resource restriction', 'resource allocation schemes', 'nash equilibrium', 'resource allocation scheme', 'experimental analysis', 'optimal detection strategies', 'detection resources'] 

Reference 1339: ['intrusion detection system', 'resource allocation', 'sharing strategy', 'smart grids'] 

TOP-K 1340: ['second-order rényi entropy representation', 'euclidean distance'] 

Reference 1340: ['deep representation', 'graph classification', 'graph kernel', 'rényi entropy', 'shannon entropy'] 

TOP-K 1341: ['adaptive spatial attention module', 'interactive data fusion strategy', 'spatial features', 'adaptive channel attention module', 'ms images', 'spectral features', 'feature extraction', 'smaller-sized targets', 'patch pairs', 'discrete wavelet'] 

Reference 1341: ['channel attention', 'interactive fusion', 'multiresolution image classification', 'progressive fusion', 'spatial attention'] 

TOP-K 1342: ['many-core microprocessors', 'noc', 'packet flow', 'mathematical model', 'integral part'] 

Reference 1342: ['many-core processor', 'network-on-chip', 'performance analysis', 'stochastic modelling'] 

TOP-K 1343: ['object-based storage systems', 'i/o characteristic discovery solution', 'data prefetching mechanism', 'performance optimizations', 'sheepdog storage system', 'sample use case'] 

Reference 1343: ['access pattern analysis', 'i/o characteristic discovery', 'i/o optimization', 'object-based storage', 'parallel/distributed file systems'] 

TOP-K 1344: ['backhaul network capacity', 'edge nodes', 'cooperative caching mechanism', ['content placement'], 'media delivery technology', 'users', 'close proximity', 'request routing.edge caching', 'storage capability'] 

Reference 1344: ['content placement', 'edge caching', 'network unreliability', 'optimization', 'request scheduling'] 

TOP-K 1345: ['failure-rate modelling', 'failure classification', 'multi-year failure', 'powerful supercomputer', 'workload records', 'world rankings', 'several dimensions', 'thorough analysis'] 

Reference 1345: ['failure analysis', 'fault tolerance', 'high performance computing', 'resilience'] 

TOP-K 1346: ['semicoupled sparse tensor factorization', 'high-spatial resolution images', 'multisource observations', 'four-dimensional tensor', 'fusion problem', 'core tensor', 'spectral fusion framework', 'spectral resolution images'] 

Reference 1346: ['image fusion', 'remote sensing', 'semicoupled sparse', 'spatio-temporal–spectral', 'tensor'] 

TOP-K 1347: ['convolution deep neural networks', ['smart cities'], 'collective abnormal human behaviors', 'large pedestrian data', 'historical data', 'new model', 'different features'] 

Reference 1347: ['analysis', 'data mining', 'deep learning', 'human behaviors', 'smart cities'] 

TOP-K 1348: ['handwritten word images', 'end-to-end neural network system', 'local fragment-based features', 'local fragments', 'global-context information', 'complementary information'] 

Reference 1348: ['local and global features', 'recurrent neural network', 'residual network', 'writer identification'] 

TOP-K 1349: [['accessibility'], 'software process establishment', 'software product quality', 'software development process', 'accessible software', 'development process', 'first time'] 

Reference 1349: ['accessibility', 'design for disabilities', 'methods for accessibility', 'software engineering', 'systematic literature review'] 

TOP-K 1350: ['covid-19 diagnosis', 'covid-19 patients', 'non-covid-19 patient dialogues', 'new covid-19 multi-modal dataset', 'patient dialogues', 'x-ray', 'fine-grained labels', 'text mining', 'ct', 'images', 'ultrasound'] 

Reference 1350: ['covid-19 diagnose', 'knowledge attention mechanism', 'knowledge embedding', 'knowledge-based representation learning'] 

TOP-K 1351: ['sparkdq', 'apache griffin', 'data quality management model', 'data quality detection', 'execution time', 'repair interfaces'] 

Reference 1351: ['big data', 'data quality management system', 'distributed system', 'multi-tasks scheduling', 'parallel data quality algorithms'] 

TOP-K 1352: ['trustzone-based secure lightweight wallet', ['hyperledger fabric'], ['lightweight wallet'], 'unspent transaction output', 'signature verification mechanism', 'transactions'] 

Reference 1352: ['hyperledger fabric', 'lightweight wallet', 'simple payment verification', 'trustzone'] 

TOP-K 1353: ['bpmn collaborations', 'bpmn modeling', 'bprove approach', 'complete web-based tool-chain', 'novel verification approach'] 

Reference 1353: ['bpmn', 'collaboration', 'model checking', 'statistical model checking', 'verification'] 

TOP-K 1354: [['node-disjoint paths'], 'target nodes', 'maximal length', 'total length', 'source node', '≤ n', 'case'] 

Reference 1354: ['folded hypercube', 'hypercube', 'matching', 'node-disjoint paths', 'optimization'] 

TOP-K 1355: ['multi-view information', 'adversarial fusion framework', 'interpretable user representations', 'variational autoencoder', 'substantial informative signs', 'specific attention'] 

Reference 1355: ['disentangled learning', 'information fusion', 'social networks', 'user representation'] 

TOP-K 1356: ['cloud resource reservation', 'machine learning methods', ['cloud computing'], 'network services', 'considerable utility'] 

Reference 1356: ['adaptive planning', 'cloud computing', 'cloud-based service', 'machine learning', 'predicting resource consumption'] 

TOP-K 1357: [['k-means clustering'], 'multi-party computing', 'ppmck', 'privacy-preserving multi-party computing scheme', 'data privacy', 'multi-party interaction', 'local side'] 

Reference 1357: ['homomorphic encryption', 'k-means clustering', 'privacy preserving', 'secure multiparty computing'] 

TOP-K 1358: ['nas multi-zone parallel benchmarks', 'multi-gpu execution', ['unified virtual memory'], 'memory allocation', 'work distribution', 'computation phases', 'peak performance', 'alternate communication', 'essential aspects'] 

Reference 1358: ['multi-gpu', 'nas parallel benchmarks', 'single address space', 'unified virtual memory'] 

TOP-K 1359: ['visual cues', 'movie summarization', 'emotional resonance', 'scenic beauty', 'central theme', 'compact format'] 

Reference 1359: ['deep learning', 'facial expressions', 'information fusion', 'movie analysis', 'psychological cues extraction', 'video summarization'] 

TOP-K 1360: ['image composition process', 'various visualization techniques', 'operator', 'parallel version', 'different arrival time intervals.the'] 

Reference 1360: ['image composition', 'over operator', 'parallel visualization'] 

TOP-K 1361: ['three-step classification framework', 'aerial vehicles', 'model radar data', 'important radar target', 'wide range'] 

Reference 1361: ['greedy subspace clustering', 'micro-doppler signature', 'multi-gaussian subspace reliability analysis', 'radar uav detection', 'subspace fusion'] 

TOP-K 1362: ['technical debt prioritization research', 'technical debt prioritization approaches', 'software engineering', 'important factors'] 

Reference 1362: ['systematic literature review', 'technical debt', 'technical debt prioritization'] 

TOP-K 1363: [['mob programming'], 'emergent practice', 'research community', 'social environment', 'concrete guidance', 'important step'] 

Reference 1363: ['agile', 'exploratory testing', 'mob programming', 'mobbing', 'pair programming', 'research roadmap'] 

TOP-K 1364: ['χ-terms', ['data-flow analysis'], 'context-sensitive program information', 'alternative data structures', 'memory usage'] 

Reference 1364: ['context-sensitivity', 'data-flow analysis', 'static program analysis'] 

TOP-K 1365: ['3d lidar place recognition', ['place recognition'], ['3d lidar'], ['spatial relation graph'], 'spatial relations', ['two-level framework'], 'internal structures', 'real environments', 'challenging problem'] 

Reference 1365: ['3d lidar', 'place recognition', 'spatial relation graph', 'two-level framework'] 

TOP-K 1366: ['private/shared classification', 'page granularity', 'private memory blocks', 'page-grain classification approach', 'l1 cache', 'experimental results', 'system performance'] 

Reference 1366: ['cache coherence', 'chip multiprocessor', 'private-shared data classification'] 

TOP-K 1367: ['multimodal siamese neural network', 'biometric traits', 'msnn network', ['user verification'], 'eeg signals', 'eeg encoder', 'offline signatures', 'image encoder', 'spatial features'] 

Reference 1367: ['cnn', 'eeg', 'lstm', 'multimodal', 'siamese neural network', 'user verification'] 

TOP-K 1368: ['texture information', 'heterogeneous features', 'support region', 'distinctive signature'] 

Reference 1368: ['descriptive signature', 'globality', 'interest point', 'interwoven texture', 'locality', 'robustness'] 

TOP-K 1369: ['software engineering-specific challenges', 'blockchain applications development', 'blockchain-oriented software', 'software engineering', ['smart contracts'], 'current problems', 'systematic literature review', 'security assessment', 'possible solutions'] 

Reference 1369: ['empirical study', 'ethereum', 'smart contract', 'software engineering for blockchain technologies', 'software metrics', 'software quality'] 

TOP-K 1370: [['deep neural network'], ['security'], 'malicious pdf file', 'pdf files', 'epidemic disease file', 'secure detector', 'meaningful task'] 

Reference 1370: ['deep neural network', 'malicious pdf detection', 'security'] 

TOP-K 1371: ['agile software development', 'major software engineering trends', 'extent software engineering education', 'major trend', 'academic setting'] 

Reference 1371: ['industry education intersection', 'software engineering education', 'software engineering trends', 'software industry', 'systematic mapping study'] 

TOP-K 1372: ['2d computation kernels', 'powerful monitoring tools', '2d tiles', 'students', 'wide range'] 

Reference 1372: ['education', 'monitoring', 'openmp', 'parallel programming', 'visualization'] 

TOP-K 1373: ['safety engineering domains', ['functional safety'], 'functional safety requirements', 'software architecture', 'technical architecture', 'cooperative driving scenario', 'capable vehicles'] 

Reference 1373: ['automotive software architecture', 'cooperative driving', 'functional safety', 'iso 26262', 'platooning', 'safety engineering'] 

TOP-K 1374: ['filter learning problem', 'taylor expansion', 'ridge regression', 'target-specific features', 'effective channel selective scheme', ['elastic net regression'], 'discriminative features', 'high dimensional features', 'spatial level'] 

Reference 1374: ['correlation filter', 'elastic net regression', 'filter compression', 'filter transformation', 'visual tracking'] 

TOP-K 1375: ['ldl algorithm', 'logical labels', 'training ldl model', ['label enhancement'], 'label distribution', 'le', 'previous methods'] 

Reference 1375: ['label distribution learning', 'label enhancement', 'multi-label learning'] 

TOP-K 1376: ['domain discrepancy', 'visible image fusion', 'stumbling block', 'different imaging mechanisms', 'effective fusion', 'different sensors', 'visible images'] 

Reference 1376: ['feature adaption', 'infrared and visible image fusion', 'low-quality information enhancement', 'self-supervision'] 

TOP-K 1377: ['multicamera pedestrian detection', 'deep multicamera/monocular algorithms', ['pedestrian detection'], 'benchmark video datasets', 'algorithm', 'improved performance'] 

Reference 1377: ['homography', 'logic minimization', 'multicamera', 'pedestrian detection', 'video surveillance'] 

TOP-K 1378: ['event', 'systems'] 

Reference 1378: ['cqrs', 'event sourcing', 'event-driven architecture', 'grounded theory', 'schema evolution', 'software architecture patterns'] 

TOP-K 1379: ['automatic weight estimation', 'aggregated descriptors', 'magnitude-based weight computation', 'discriminative power', 'residue vector'] 

Reference 1379: ['deep learning', 'feature representation', 'gating scheme', 'vlad', 'weighting scheme'] 

TOP-K 1380: ['historical dialog information', 'image caption', 'fusion module', 'image feature', ['attentive memory network']] 

Reference 1380: ['attentive memory network', 'reinforcement learning', 'visual dialog'] 

TOP-K 1381: [['trust evaluation'], ['cooperative vehicular safety applications'], ['privacy preservation'], 'lightweight privacy-preserving trust evaluation', 'low overheads', 'data fusion', 'primary concerns'] 

Reference 1381: ['cooperative vehicular safety applications', 'distributed data fusion', 'overhead', 'privacy preservation', 'trust evaluation', 'vehicular networks'] 

TOP-K 1382: ['spatial relation inference', 'full caption', 'full text', 'annotated relation', 'object'] 

Reference 1382: ['deep learning', 'natural language understanding', 'spatial relations', 'text-to-image synthesis'] 

TOP-K 1383: ['low-dimensional knn-joins', 'hybrid cpu/gpu approach', 'parallel cpu algorithms', 'gpu', 'high density regions', 'computing data points', 'work queue', 'substantial performance gains', 'low density regions', 'relative strengths'] 

Reference 1383: ['gpgpu', 'heterogeneous systems', 'in-memory database', 'nearest neighbor search', 'query optimization'] 

TOP-K 1384: ['congest model', ['steiner tree'], 'singularly-optimal minimum', 'algorithms', 'o˜', 'log n'] 

Reference 1384: ['distributed approximation algorithm', 'singularly-optimal', 'steiner tree'] 

TOP-K 1385: ['geometry-aware dual-stream network', 'geometry-aligned representations', 'unsupervised domain adaptation methods', 'adaptive geometry learning', 'adversarial learning techniques', 'data distributions', 'target domains', 'geometry structures'] 

Reference 1385: ['distribution alignment', 'domain adaptation', 'manifold structure'] 

TOP-K 1386: ['bots', 'open source command-line tool', 'ground-truth dataset', ['classification model'], 'high interrater agreement', 'manual analysis', 'issue comments', 'distinct github accounts', 'pull request'] 

Reference 1386: ['bot identification', 'classification model', 'distributed software development', 'github repositories', 'text similarity'] 

TOP-K 1387: ['scalability boundary', 'parallel program', 'parallel algorithm', 'processor nodes', 'main advantage', 'maximum number'] 

Reference 1387: ['bsf model', 'bulk synchronous farm', 'cluster computing systems', 'iterative numerical algorithms', 'parallel computation model'] 

TOP-K 1388: [['x-ray images'], 'automatic covid-19 diagnosis', 'neural networks', 'different testing protocols', 'several testing protocols', 'recent literature'] 

Reference 1388: ['convolutional neural networks', 'covid-19', 'covid-19 diagnosis', 'x-ray images'] 

TOP-K 1389: ['heterogeneous hybrid clouds', 'data protection technologies', 'hybrid cloud scheduling methods', 'task deadlines', 'public clouds', 'security requirements', 'task executions', 'extensive experimental results', 'task requirements', 'resource efficiency', 'resource usage cost', 'various security levels', 'data transfers', 'superior performance', 'different overheads'] 

Reference 1389: ['cloud computing', 'hybrid cloud', 'security', 'task scheduling'] 

TOP-K 1390: ['image compression algorithms', 'high-performance computing techniques', 'variable length encoder', 'previous pixels', 'error'] 

Reference 1390: ['hyperspectral image compression', 'multiprocessing', 'multithreading', 'prediction based compression', 'rls filter'] 

TOP-K 1391: ['bda applications', 'devops practices', ['domain-specific model'], 'high-level abstractions', 'architectural inputs', 'qs monitoring', 'design process', 'deployment strategies', 'software components', 'monitor performance metrics'] 

Reference 1391: ['big data analytics deployment', 'devops', 'domain-specific model', 'performance monitoring', 'quality scenarios', 'software architecture'] 

TOP-K 1392: ['multi-granularity neighborhood structure-preserving', 'local neighbors', 'local outlier factor', 'multi-granularity algorithm', 'gross mismatches', ['feature matching'], 'novel method', 'matching results', 'different sizes'] 

Reference 1392: ['feature matching', 'image matching', 'locality preserving', 'mismatch removal', 'rejecting outliers'] 

TOP-K 1393: [['artistic paintings'], 'block decomposition method', 'information-based measures', 'hidden patterns'] 

Reference 1393: ['algorithmic information theory', 'artistic paintings', 'bdm', 'data compression', 'image analysis'] 

TOP-K 1394: [['latent-level adversarial learning'], 'air-writing translator model', 'inertial domain', 'domain-invariant features', 'inertial signal', 'latent classification loss', 'bi-directional translation', 'trajectory domain', 'semantic consistency', 'trajectory samples'] 

Reference 1394: ['bi-directional inertia-trajectory translation', 'in-air handwriting', 'latent-level adversarial learning', 'unsupervised domain adaptation'] 

TOP-K 1395: [['class-conditional domain invariant learning'], ['domain adaptation'], 'unlabeled target domain data', 'novel generalization upper bounds', 'source domain data'] 

Reference 1395: ['class-conditional domain invariant learning', 'domain adaptation', 'generalization bound', 'pac learning complexity', 'transfer learning'] 

TOP-K 1396: ['abnormal fundus images', 'model-driven probability bubble approach', 'retinal vessels', ['probability bubble'], 'output layer', 'localization result', ['joint probability'], 'position relationship'] 

Reference 1396: ['joint probability', 'model-driven', 'od segmentation', 'probability bubble', 'u-net'] 

TOP-K 1397: ['adaptive iot systems', 'iot devices', ['dynamic adaptations'], 'domain knowledge', 'software architecture', 'functional requirements', 'new devices', 'transient connection', 'algorithm', 'quality attributes', 'sensors properties', 'pair services'] 

Reference 1397: ['dynamic adaptation', 'instance matching', 'internet of things', 'transient systems'] 

TOP-K 1398: ['semi-supervised generative adversarial network', 'semi-supervised learning', 'search network architecture', 'block structure', 'pseudo tags', 'corresponding real tags', 'use real pictures'] 

Reference 1398: ['gans', 'image classification', 'image generation', 'network architecture search', 'semi-supervised'] 

TOP-K 1399: ['diabetic retinopathy', 'novel incremental segmentation paradigm', 'lesion segmentation problem', 'instance segmentation', ['incremental learning'], 'new classes', 'current model', 'previous model'] 

Reference 1399: ['incremental learning', 'knowledge distillation', 'semantic segmentation'] 

TOP-K 1400: ['group decision making', ['bidirectional feedback mechanism'], ['consensus'], 'decision makers', 'conflict behavior', 'flexible harmony degree', 'rationalist behavior', 'unusual research problem', 'possible states', 'tolerance behavior', 'developed.this article'] 

Reference 1400: ['behavior analysis', 'bidirectional feedback mechanism', 'consensus', 'group decisions and negotiations', 'harmony degree'] 

TOP-K 1401: ['dfm-miner algorithm', 'mapreduce framework', 'well-known mapreduce framework', 'closed high-utility patterns', 'big datasets', ['information fusion'], 'mining performance', 'fusion system'] 

Reference 1401: ['closed high-utility pattern mining', 'hadoop', 'information fusion', 'large-scale'] 

TOP-K 1402: ['dslrl', ['latent representation learning'], 'feature selection', 'novel feature selection algorithm', ['unsupervised feature selection'], 'data space', 'feature space', 'internal association information', 'dual space latent representation', 'inherent structure'] 

Reference 1402: ['dual space', 'latent representation learning', 'sparse regression', 'unsupervised feature selection'] 

TOP-K 1403: ['decomposition-based multi-objective optimization algorithm', 'adaboost algorithm', 'public cloud', 'numerous performance-related parameters', 'huge configuration space', 'performance model', 'execution time', 'candidate configuration', 'right configuration', 'efficient running', 'periodic jobs', 'different dimensions'] 

Reference 1403: ['configuration tuning', 'multi-objective optimization', 'spark'] 

TOP-K 1404: ['modular analyses', 'parallel worklist algorithm', 'worklist algorithm', 'parallel variant', 'additional effort'] 

Reference 1404: ['concurrency', 'dynamic languages', 'modular analysis', 'parallelism', 'static programme analysis'] 

TOP-K 1405: [['unlabeled data'], ['online failure prediction'], 'cloud data centers', 'framework approach', 'experimental results', 'predictive accuracy', 'manual tagging workload', 'data management', 'fault-tolerant capabilities', 'huge difficulties'] 

Reference 1405: ['clustering analysis', 'k-nearest neighbor', 'modularity', 'online failure prediction', 'unlabeled data'] 

TOP-K 1406: ['pre-trained semantic relation embeddings', 'semantic relations', 'fine-grained multimodal reasoning', 'visual objects', 'multi-graph reasoning', 'fusion model', 'effective multimodal reasoning', 'reason complex'] 

Reference 1406: ['explainable artificial intelligence', 'multimodal reasoning and fusion', 'visual question answering'] 

TOP-K 1407: ['parallel machine scheduling problem', 'learning effect', 'second type', 'exact branch'] 

Reference 1407: ["dejong's learning effect", 'heuristic', 'lower bound', 'parallel machine'] 

TOP-K 1408: ['sustainable architectures', 'self-adaptive cpss', 'system-development life-cycle', 'sdlc', 'systematic mapping study', 'different approaches', 'profitable products'] 

Reference 1408: ['cyber–physical systems', 'self-adaptive systems', 'sustainability', 'systems-development life-cycle'] 

TOP-K 1409: ['queue-based flow separation', 'fat-tree networks', 'alternative routes selection', 'congested flows', 'previous work', 'several queues'] 

Reference 1409: ['adaptive routing', 'congestion management', 'fat-trees', 'high-performance interconnection networks', 'queuing schemes'] 

TOP-K 1410: ['packsteallb', 'distributed-memory work', 'molecular dynamics benchmark', 'scheduling algorithms', 'experimental results', 'scheduling algorithm'] 

Reference 1410: ['distributed load balancing', 'work stealing', 'workload discretization'] 

TOP-K 1411: [['deep learning'], ['option pricing'], 'experimental results', 'imbalanced real option data', 'parametric methods'] 

Reference 1411: ['data distillation', 'data fusion', 'deep learning', 'delta hedging', 'option pricing'] 

TOP-K 1412: ['microservice architecture style', 'deployment approaches', 'communication platforms', 'current literature', 'communication approaches', 'successful application', 'study'] 

Reference 1412: ['communication concerns', 'communication patterns of microservices', 'deployment challenges', 'microservice architectures', 'microservice deployment', 'research directions'] 

TOP-K 1413: ['anfis algorithm', 'eye movements', 'eye movement tracking problem', 'wearable electronics', 'data fusion algorithm', 'safety driving', 'significant impact'] 

Reference 1413: ['anfis', 'eye movement recognition', 'information fusion', 'multi-sensor fusion', 'soft electronic skin'] 

TOP-K 1414: [['adaboost'], 'performance models', 'new approach', 'spark configuration'] 

Reference 1414: ['adaboost', 'performance prediction', 'projective sampling', 'spark', 'system configuration'] 

TOP-K 1415: ['graph-based semi-supervised label propagation', 'label propagation methods', 'different graphs', 'data manifold', 'key role', 'multiple sources'] 

Reference 1415: ['flexible manifold embedding', 'graph fusion', 'inductive learning', 'label propagation', 'manifold learning', 'multi-view'] 

TOP-K 1416: ['scientific-computing projects', 'real-world java projects', 'syntactical patterns', 'exploratory study', 'product formula'] 

Reference 1416: ['code patterns', 'formula code', 'github', 'qualitative study', 'quantitative study'] 

TOP-K 1417: [['molecular dynamics'], 'molecular dynamics problems', 'multi-gpu computing environments', 'multi-gpu environments', 'parallel molecular dynamics', 'long-range forces', 'parallel computing', 'problem data', 'perfect candidate problem', 'full advantage'] 

Reference 1417: ['bonded forces', 'large scale', 'molecular dynamics', 'multi-gpu', 'namd', 'van der walls forces'] 

TOP-K 1418: ['auto-scaling problem', 'cloud-based services', 'convolutional neural networks', 'cloud services.auto-scaling systems', 'future workload', 'sequence model'] 

Reference 1418: ['auto-scaling', 'cloud computing', 'dynamic scalability', 'multi-criteria decision making', 'resources provisioning'] 

TOP-K 1419: ['artery-specific calcification', ['artery-specific calcification analysis'], 'high-dimensional multi-type estimation problem', 'discriminative feature representations', 'multiple views', 'accurate segmentation'] 

Reference 1419: ['artery-specific calcification analysis', 'multi-task learning', 'multi-view learning', 'multi-view weighted fusion attention'] 

TOP-K 1420: ['uncertainty distributions', 'minimum-cost consensus model', ['consensus utility'], 'uncertain distance', 'uncertain distance measure', 'individual opinions'] 

Reference 1420: ['consensus utility', 'group decision-making', 'linear uncertain consensus', 'minimum-cost consensus', 'uncertainty theory'] 

TOP-K 1421: ['openmp.kernel matrix-vector product', 'engineering applications', 'many science'] 

Reference 1421: ['covariance matrix', 'fast multipole method', 'kernel method', 'matrix-vector multiplication', 'shared-memory parallelism'] 

TOP-K 1422: ['ddos attack prevention mechanism', ['ddos attacks'], ['ddos attack'], 'rmpsom approach', 'network global perspective', 'baseline ddos mitigation schemes', 'rival-model penalized self-organizing map', 'simulation results', 'network traffic', 'cloud space', 'phenomenal sensitivity', 'potential characteristics', 'process', 'accuracy rate', 'effective investigation'] 

Reference 1422: ['cloud computing', 'ddos attacks', 'learning rate', 'rival-model penalized self-organizing map (rmpsom)', 'software defined networking'] 

TOP-K 1423: ['mel frequency cepstral coefficient', 'speech enhancement', ['speech signal'], 'detection performance', 'potential analysis tools'] 

Reference 1423: ['bio-inspired computing', 'covid19', 'speech signal'] 

TOP-K 1424: ['hyperparameter transferability', 'ae-based methods', ['region-based dropout'], 'model architectures'] 

Reference 1424: ['attention prior', 'deep learning', 'object localization', 'region-based dropout', 'weakly supervised learning'] 

TOP-K 1425: ['hyfmgpu algorithm', 'single-gpu high-performance solution', 'environmental disaster management', 'real-time applications', 'continuous evolution', 'spectral resolutions.hyperspectral image registration', 'rescue scenarios', 'relevant task'] 

Reference 1425: ['distributed arrays', 'heterogeneous computing', 'hyperspectral imaging', 'image registration', 'load balancing'] 

TOP-K 1426: ['sa-based partitional clustering algorithms', 'clustering algorithms', 'approximation method simulated annealing', 'suboptimal partitions', 'local optima', 'near-optimal partitions'] 

Reference 1426: ['k-means', 'partitional clustering', 'simulated annealing', 'sum of squared error criterion'] 

TOP-K 1427: ['blockchain-based trading models', 'privacy disclosure', 'general model'] 

Reference 1427: ['access control', 'blockchain', 'cp-abe', 'energy trading', 'privacy protection'] 

TOP-K 1428: ['multiple global optimization problems', 'multiple global optimization', 'computations', 'time consuming problems', 'parallel solution', 'paper', ['search information'], 'efficient approach', 'function values', 'general scheme', 'possible reuse', 'huge amounts'] 

Reference 1428: ['computational complexity', 'dimensionality reduction', 'global optimization', 'parallel methods of global search', 'search information'] 

TOP-K 1429: ['sar images', ['ship detection'], 'low resolution', 'long observation distance', 'challenging task'] 

Reference 1429: ['deep learning', 'ship detection', 'synthetic aperture radar (sar)'] 

TOP-K 1430: ['group opinion change', ['opinion evolution'], 'collective opinion', 'model simulations', 'macroscopic development', 'probability distribution', 'full discussion', 'ubiquitous gap'] 

Reference 1430: ['group opinion', 'multi-agent simulation', 'opinion dynamics model', 'opinion evolution', 'voting'] 

TOP-K 1431: ['amass open source ecosystem', 'open source tool platform', 'main cps assurance', 'open community', 'external tools', 'added-value features', 'certification activities', 'concrete example'] 

Reference 1431: ['amass', 'assurance', 'certification', 'cyber–physical\u200b system', 'ecosystem', 'open source'] 

TOP-K 1432: ['entropy-based loss term', 'discretization-aware architecture search', 'differentiable architecture search', 'da2s', 'plug-and-play fashion'] 

Reference 1432: ['discretization-aware', 'imbalanced network configuration', 'neural architecture search', 'weight-sharing'] 

TOP-K 1433: [['content-based mammogram retrieval'], ['multi-view information fusion'], 'mlo-cc features', 'right breast-cancer related decision', 'dynamic distance', 'last years', 'discriminative power'] 

Reference 1433: ['content-based mammogram retrieval', 'dynamic similarity', 'locality sensitive hashing', 'multi-view information fusion', 'multidimensional indexing'] 

TOP-K 1434: ['homogeneous cloud instances', 'near-optimal solution', 'various deadlines', 'collaborative manner'] 

Reference 1434: ['cloud computing', 'coalition game', 'rectangular packing', 'resource procurement'] 

TOP-K 1435: ['k-means clustering', 'image', 'homogeneous regions', 'unnecessary segmentation', 'uniform areas'] 

Reference 1435: ['k-means', 'segmentation', 'spectral residual', 'superpixels'] 

TOP-K 1436: [['tdd'], 'software products', 'novice developers', 'external quality'] 

Reference 1436: ['longitudinal cohort study', 'tdd', 'test-driven development'] 

TOP-K 1437: ['ideal nlda model', ['singularity problem'], 'reasonable representative nlda', 'practical applications'] 

Reference 1437: ['dimensionality reduction', 'feature selection', 'linear discriminant analysis', 'null space', 'overfitting', 'singularity problem'] 

TOP-K 1438: ['agile practices', 'agile value', 'software organizations', 'km', 'much knowledge'] 

Reference 1438: ['agile software development', 'knowledge management', 'meta-ethnography', 'scrum', 'xp'] 

TOP-K 1439: ['unpaired nir-vis images', 'nir image', 'over-fitting problem', 'vis domain', 'transformation network', 'image level', 'vis images', 'semi-supervised way'] 

Reference 1439: ['adversarial learning', 'deep representation', 'heterogeneous face recognition'] 

TOP-K 1440: ['deep cnn architecture', 'local minima', 'deep cnns', 'single deep cnn model', 'subparameter space', 'ensemble generalization', 'training stage', 'multiple models', 'testing stage'] 

Reference 1440: ['deep convolutional neural network', 'ensemble fusion', 'ensemble learning', 'ensemble selection'] 

TOP-K 1441: ['deep neural network training', 'network optimizations', 'algorithm optimizations', 'potential future challenges', 'new research directions', 'communications', 'communication volumes'] 

Reference 1441: ['communication optimization', 'distributed deep learning', 'network infrastructure', 'parallel algorithms'] 

TOP-K 1442: ['internet vc', ['noncooperative behaviors'], 'influential factors'] 

Reference 1442: ['consensus', 'large-scale group decision-making', 'linguistic preference orderings', 'noncooperative behaviors', 'venture capital'] 

TOP-K 1443: ['quixbugs', 'patch correctness assessment techniques', 'program repair tools', 'test suite adequate patch', 'buggy programs', 'overfitting patches', 'key results', 'plausible patches'] 

Reference 1443: ['automatic program repair', 'bug benchmark', 'patch correctness assessment'] 

TOP-K 1444: ['local contextual cues', 'global features', 'coarse global information', 'long-path context module', 'short-path context module', 'discrimination ability'] 

Reference 1444: ['context-aware methods', 'deep learning', 'salient object detection'] 

TOP-K 1445: ['new deep learning models', 'generative adversarial network architectures', 'human trajectories', 'long short-term memory', 'multimodal contexts', 'multimodal scenarios', 'multiple possible behaviors', 'spatial region'] 

Reference 1445: ['gans', 'lstm', 'trajectory generation', 'trajectory prediction'] 

TOP-K 1446: ['class comments', 'smalltalk programming languages', 'semantic information', 'high accuracy', 'specific types'] 

Reference 1446: ['code comment analysis', 'natural language processing technique', 'software documentation'] 

TOP-K 1447: ['covid-19', 'covid-19 inpatients', 'coronavirus disease', 'complicated relationships', ['analysis model'], 'clinical information', 'electronic medical records', 'complex networks', 'treatment', 'diagnosis'] 

Reference 1447: ['analysis model', 'coronavirus disease 2019 (covid-19)', 'diagnosis and treatment', 'medical information fusion'] 

TOP-K 1448: ['evolutionary model generation', 'software models', 'human developers', 'approach', 'assessment cycle'] 

Reference 1448: ['game software engineering', 'model-driven engineering', 'search-based software engineering'] 

TOP-K 1449: ['real brain tumor segmentation', 'mri 3-d volumes', '3-d point clouds', 'accurate hausdorff distance', 'state-of-the-art hd algorithms.this paper', 'novel algorithm'] 

Reference 1449: ['3-d point sets', 'computational complexity', 'hausdorff distance', 'point matching'] 

TOP-K 1450: ['gas analysis', 'ethereum gas model', 'evm bytecode level', 'sound gas upper-bounds', ['smart contract'], 'public functions'] 

Reference 1450: ['decompilation', 'resource analysis', 'smart contracts', 'static analysis'] 

TOP-K 1451: ['machine learning techniques', 'efficient machine learning techniques', 'sptrsv routine', 'sparse matrices', 'expensive features', 'selection procedure', 'speed', 'artificial generation', 'previous effort', 'prediction stages'] 

Reference 1451: ['graphics processors', 'high performance', 'machine learning', 'sparse triangular linear systems'] 

TOP-K 1452: ['traffic sign adversarial samples', 'human vision', 'defense method', 'neural network', ['attentional mechanism'], 'image rotation', 'traditional neural network', 'tiny disturbances'] 

Reference 1452: ['adversarial sample', 'attention mechanism', 'defense model', 'traffic sign'] 

TOP-K 1453: ['secure intrusion', 'blockchain technology', 'healthcare sector', 'data transmission', 'secure data transmission', 'cloud server', 'classification model', 'residual network'] 

Reference 1453: ['blockchain', 'cyber–physical system', 'deep learning', 'intrusion detection', 'security'] 

TOP-K 1454: ['rs image retrieval technique', 'rs image retrieval', 'rs big data', 'evaluation metrics', 'representative benchmarks', 'paper', 'image retrieval', 'open datasets', 'mainstream methods', 'quantitative evaluation'] 

Reference 1454: ['evaluation datasets and performance discussion', 'future research directions', 'remote sensing (rs) big data', 'rs image retrieval applications', 'rs image retrieval methods'] 

TOP-K 1455: ['simulation-driven activities', 'teaching parallel', 'computing topics', 'platform scenarios', 'undergraduate levels', 'hands-on manner', 'relevant application'] 

Reference 1455: ['computer science education', 'parallel and distributed computing education', 'simulation'] 

TOP-K 1456: ['polynomial time', 'maximum subarray', 'possible subarray', 'efficient algorithm'] 

Reference 1456: ['algorithm', 'degradable vlsi array', 'fault tolerance', 'reconfiguration', 'rerouting scheme'] 

TOP-K 1457: ['cloud-based tool', 'teaching-learning process', 'grid infrastructures', 'public clouds', 'grid infrastructure resources', 'administration capabilities', 'high impact', 'necessary skills', 'moderate cost'] 

Reference 1457: ['cloud computing', 'grid computing', 'project based learning'] 

TOP-K 1458: ['bio-inspired optimization algorithms', 'deep learning models', ['deep learning'], 'gradient-based solvers', 'optimization', 'critical methodological analysis', 'historical perspective', 'optimization problems', 'network topologies', 'in-depth analysis', 'hyperparametric configurations', 'taxonomy', 'improved performance', 'good practices', 'case studies'] 

Reference 1458: ['deep learning', 'evolutionary computation', 'neuroevolution', 'swarm intelligence'] 

TOP-K 1459: [['spectral clustering'], ['approximate spectral clustering'], 'data clustering', 'data representatives', 'clustering outcome', 'computational demands', 'different shapes', 'effective ways', 'popular choice'] 

Reference 1459: ['approximate spectral clustering', 'k-nearest neighbor graph', 'local scale similarity', 'spectral clustering'] 

TOP-K 1460: [['ordinal consistency'], 'pairwise comparison matrices', 'little previous research', 'fundamental principle', 'optimal way.preference transitivity'] 

Reference 1460: ['analytic hierarchy process', 'cardinal consistency', 'consensus', 'group decision making', 'ordinal consistency', 'pairwise comparison matrix'] 

TOP-K 1461: ['posture structure hypergraph', 'joint point regions', 'joint point region', ['saliency score'], ['action hypergraph'], 'action information'] 

Reference 1461: ['action hypergraph', 'pedestrian re-identification', 'saliency score', 'structural relationship'] 

TOP-K 1462: [['hybrid opinion dynamics'], ['social network'], 'novel consensus', 'main demands', 'real applications'] 

Reference 1462: ['consensus reaching', 'hybrid opinion dynamics', 'minimum adjustment', 'social network'] 

TOP-K 1463: ['error path algorithm', 'experimental results', 'generalization error', 'gep', 'test data', 'minimum cv error', 'model', 'random search', 'grid search', 'theoretical findings', 'regularization parameter', 'manual search', 'finite number', 'entire range'] 

Reference 1463: ['cross validation', 'error path', 'model selection', 'solution path'] 

TOP-K 1464: ['stream-based learning algorithms', 'well-known data sets', 'previous hyperparameter tuning efforts', 'careful hyperparameter settings', 'human experts', 'batch-learning counterparts'] 

Reference 1464: ['data streams', 'hyperparameters', 'optimisation'] 

TOP-K 1465: ['xai methods', 'explainability', 'scientific studies', 'several studies', 'evaluation', 'systematic review', 'hierarchical system', 'concept'] 

Reference 1465: ['evaluation methods', 'explainable artificial intelligence', 'notions of explainability'] 

TOP-K 1466: [['spatial logic'], 'closure spaces', 'spatial properties', 'compositional translation', 'self-adaptive implementation', ['runtime verification']] 

Reference 1466: ['field calculus', 'runtime verification', 'self-adaptive systems', 'spatial logics'] 

TOP-K 1467: ['multimodal storytelling model', 'multimodal story composition', 'modality integration', 'topic modeling module', 'cross-modal similarities', 'modal data', 'multimodal data types', 'type conversion'] 

Reference 1467: ['multimodal content', 'multimodal story', 'multimodal storytelling', 'story generation'] 

TOP-K 1468: ['multi-granular linguistic distribution assessments', 'personalized preferences', 'uncertainty representation tool', 'reasonable assessment'] 

Reference 1468: ['evidential reasoning', 'linguistic distribution', 'multi-granular linguistic information', 'multiple criteria group decision making', 'renewable energy project risk assessment'] 

TOP-K 1469: ['ciphertext-policy attribute-based encryption', 'privacy-preserving access control technique', 'data integrity', 'compact aggregation', 'source authentication', 'data confidentiality', 'aggregate signature', 'efficient user authorization'] 

Reference 1469: ['access control', 'aggregation', 'certificateless aggregate signature', 'random oracle', 'smart health'] 

TOP-K 1470: ['communication latency', 'load balancing algorithm', 'classical work', 'independent tasks', 'new expression'] 

Reference 1470: ['latency', 'makespan analysis', 'work stealing'] 

TOP-K 1471: ['classification accuracy', 'experimental results', 'order statistics'] 

Reference 1471: ['kernel-based learning', 'multi-view learning', 'tensor'] 

TOP-K 1472: [['developer social networks'], 'developer communities', 'software ecosystems', 'community structures', 'software projects'] 

Reference 1472: ['developer social networks', 'literature survey', 'mapping study'] 

TOP-K 1473: ['advanced graph mining', 'broad range', 'essential prerequisite'] 

Reference 1473: ['distributed graph processing', 'graph data engineering', 'local structural similarity score', 'task-parallel algorithm', 'vertex similarity calculation'] 

TOP-K 1474: ['graph-based representations', ['geometric deep learning'], 'efficient graph distance', 'traditional approaches', 'geometric deep learning.the emergence', 'novel framework', 'new methodologies', 'novel field'] 

Reference 1474: ['document image analysis', 'geometric deep learning', 'graph edit distance', 'graph neural networks', 'keyword spotting'] 

TOP-K 1475: [['fuzzy c-means'], 'lpfcm', 'high-dimensional data', 'novel locality preserving', 'clustering method', 'structural properties'] 

Reference 1475: ['clustering', 'fuzzy c-means', 'locality preserving projections', 'projection-based spatial transformation'] 

TOP-K 1476: ['illustrative animation', 'operation specifications', 'comprehensible animation', 'automatic animation data generation', 'logical expressions', 'data items', 'new technique', 'new ways', 'corresponding output', 'input'] 

Reference 1476: ['formal specification', 'specification animation', 'verification and validation'] 

TOP-K 1477: ['cross-platform testing', 'cross-platform development solutions', 'different devices', 'fourth evaluation'] 

Reference 1477: ['cross-platform development', 'general-purpose language', 'model-driven development', 'user studies'] 

TOP-K 1478: ['multi-product batch plants', 'ant colony optimization', 'chemical-engineering systems', 'simulated annealing', 'optimization problem', 'real-world use case study', 'practice-relevant optimization problem', 'graphics processing units', 'optimal design', 'novel approach'] 

Reference 1478: ['ant colony optimization tuning', 'batch plant design', 'combinatorial optimization', 'metaheuristics', 'metaheuristics parameter tuning'] 

TOP-K 1479: ['text border', 'text center'] 

Reference 1479: ['cnn', 'curved text', 'deep learning', 'multi-oriented text', 'scene text detection'] 

TOP-K 1480: [['heterogeneous computing'], 'lower-division computer science courses', 'module-driven approach', 'teaching modules', 'fundamental concepts'] 

Reference 1480: ['heterogeneous computing', 'module-based instruction', 'pedagogy'] 

TOP-K 1481: [['exploratory testing'], 'exet model', 'effective exploratory testing', 'tangible model', 'individual case', 'reliable approach'] 

Reference 1481: ['continuous delivery', 'continuous integration', 'exploratory testing', 'large-scale systems', 'software testing'] 

TOP-K 1482: ['dnn model', 'activation maximization technique', 'trained dnn model', 'single-layer filter pruning method', 'entire dnn model', ['compression'], 'layer', 'current layer'] 

Reference 1482: ['compression', 'convolutional neural network (cnn)', 'deep neural network (dnn)', 'visualization'] 

TOP-K 1483: ['state-of-the-art image fusion methods', 'multi-scale transformation', 'public datasets', 'visible image fusion method', 'norm optimization'] 

Reference 1483: ['image fusion', 'infrared image', 'intelligent systems', 'pre-fusion image', 'visible image'] 

TOP-K 1484: ['spartan', 'nodes', 'high probability', 'n', 'logn', 'θ', 'addressable collections'] 

Reference 1484: ['churn', 'dynamic networks', 'overlay networks', 'peer-to-peer networks'] 

TOP-K 1485: ['low-level features', 'deep-seated features', 'ranking whitening', 'deep features', 'human orientation selection', 'color perception mechanisms', 'novel method'] 

Reference 1485: ['color perception', 'deep-seated features histogram', 'image retrieval', 'orientation selection', 'vgg-16 network'] 

TOP-K 1486: ['emotion recognition system', 'visual information', 'raw text', 'end-to-end manner'] 

Reference 1486: ['deep learning', 'emotion recognition', 'multimodal machine learning', 'sentiment analysis'] 

TOP-K 1487: ['chinese pronunciation system', 'state-of-the-art chinese character-level representations', 'phonetic features', ['deep phonemic orthography'], 'intonation variations', 'visual representations', 'experimental results'] 

Reference 1487: ['chinese phonetics', 'deep phonemic orthography', 'multilingual sentiment analysis', 'sentiment analysis'] 

TOP-K 1488: ['auditing contracts', 'novel blockchain protocol', 'microservice providers', 'unreliable environments', 'verifiable storage', 'present paper', 'contracts establishments'] 

Reference 1488: ['audit', 'blockchain', 'microservices', 'protocol', 'selection', 'sla'] 

TOP-K 1489: ['backup tasks', 'multiple simultaneous failures', 'backup tasks fusion', 'multiple failures', 'independent tasks', 'response time', 'scheduling mechanism'] 

Reference 1489: ['cloud computing', 'fault tolerant', 'resource utilization', 'scheduling'] 

TOP-K 1490: ['multivariate time series clustering', 'community detection technology', ['complex networks'], 'novel method', 'relationship network'] 

Reference 1490: ['clustering analysis', 'complex network', 'data mining', 'multivariate time series'] 

TOP-K 1491: ['multi-focus image fusion', 'new generative adversarial network', 'fuse multi-focus images', 'gradient joint constraints', 'decision map', 'detail loss', 'boundary line'] 

Reference 1491: ['generative adversarial network', 'image fusion', 'multi-focus', 'unsupervised learning'] 

TOP-K 1492: ['ellipse-specific profiles', 'three-dimensional reconstruction', 'parameterized ellipses', 'geometric fitting', 'orthogonal angle segmentation', 'quality monitoring', 'geometric error distances', 'instrument calibration', 'new method', 'potential applications', 'reference approaches', 'saliency capability', 'severe noise'] 

Reference 1492: ['ellipse fitting', 'least squares', 'levenberg–marquardt iterations', 'profile analysis'] 

TOP-K 1493: ['architecture communication', 'oss development', 'oss projects', 'oss developers', 'similarities'] 

Reference 1493: ['communication', 'mailing list', 'open source software', 'software architecture'] 

TOP-K 1494: ['convolutional neural network', 'warping parameters', '2d warped image', 'model', 'corresponding warped image', 'camera angle', 'camera position'] 

Reference 1494: ['artificial neural netwroks', 'dewarping', 'synthetic image generation'] 

TOP-K 1495: ['attention branch', 'attention pseudo-siamese network', 'local facial information', 'high accurate fer', 'correlation coefficient'] 

Reference 1495: ['attention', 'facial expression recognition', 'oriented gradient', 'weighted mask'] 

TOP-K 1496: ['agx xavier', ['automotive gpus'], 'increase system efficiency', 'valuable insights'] 

Reference 1496: ['automotive gpus', 'design space exploration', 'optimization', 'performance analysis'] 

TOP-K 1497: ['user profile extraction', ['user profiles'], 'learning abstract concepts', 'user modeling', 'user corpus', 'evidential inference', 'user corpora', 'user document', 'second phase', ['mass function'], 'evidential source', 'posterior estimation', 'combination', 'partial information', 'multiple levels'] 

Reference 1497: ['dempster–shafer theory', 'information fusion', 'mass functions', 'short texts', 'user profiling'] 

TOP-K 1498: ['spmv kernels', ['diagonal sparse matrices'], 'new sparse storage formats', 'dia', 'diagonal compressed storage', 'storage formats', 'diagonal sparse matrix', 'high performance', 'brcsd-ii', 'code generator', 'appropriate storage format', 'ideal storage format', 'search engine', 'various types'] 

Reference 1498: ['cuda', 'diagonal sparse matrices', 'gpu', 'sparse matrix-vector multiplication', 'sparse storage format'] 

TOP-K 1499: ['object detection', 'lidar data', 'object detection models', 'common object detection pipeline', 'feature extraction', 'complexity reduction', 'different techniques', 'work', 'systematic way', 'thorough comparison'] 

Reference 1499: ['3d object detection models', 'autonomous vehicles', 'computer vision', 'deep learning', 'lidar', 'perception'] 

TOP-K 1500: [['compss'], 'hpc programming', 'hpc environment', 'popular big data environments', 'big data techniques', 'functional programming paradigm'] 

Reference 1500: ['big data', 'compss', 'data-flow programming', 'performance evaluation'] 

TOP-K 1501: ['multi-scale residual network', 'higher-level semantic feature maps', 'residual blocks', 'hierarchical image features', 'residual block', 'multi-scale residual blocks'] 

Reference 1501: ['a two-branch inception', 'enhanced multi-scale residual block (emrb)', 'enhanced multi-scale residual network (emrn)', 'image super-resolution'] 

TOP-K 1502: [['ordinal classification'], ['relative information'], 'new method', ['absolute information'], 'appropriate distance', 'classical method', 'side information', 'specific type'] 

Reference 1502: ['absolute information', 'distance metric learning', 'k nearest neighbors', 'ordinal classification', 'relative information'] 

TOP-K 1503: ['emotions', 'generative conversational models', 'available conversational data', 'dialogue generators', 'affective knowledge', 'large amount'] 

Reference 1503: ['conversation modeling', 'emotion recognition in conversations', 'generative pre-training', 'transfer learning'] 

TOP-K 1504: ['software development effort', 'regressor model', ['dynamic ensemble selection'], 'test phase', 'test instance'] 

Reference 1504: ['dynamic ensemble selection', 'dynamic selection', 'ensemble effort estimation', 'machine learning', 'software effort estimation'] 

TOP-K 1505: [['interactive consistency'], 'interactive consistency algorithm', 'e-voting system', 'open-source implementation', 'algorithms', 'multi-layered software', 'multi-valued consensus algorithm', 'several broadcast algorithms', 'single instance', 'case study', 'multiple parallel instances'] 

Reference 1505: ['agreement', 'asynchronous', 'byzantine fault tolerance', 'consensus', 'interactive consistency'] 

TOP-K 1506: [['deep learning'], 'joint deep feature extraction', 'critical cortical region identification', 'ad', ['mild cognitive impairment'], 'mci.deep learning techniques'] 

Reference 1506: ["alzheimer's disease", 'deep learning', 'mild cognitive impairment', 'sparse regression'] 

TOP-K 1507: ['image compression artifacts', ['image fusion'], 'image deblocking', 'multi-scale image fusion model', 'artifacts', 'deep network', 'different down-scaled versions', 'input image', 'multi-scale manner'] 

Reference 1507: ['blocking artifacts', 'convolutional neural networks', 'deep learning', 'image fusion', 'multi-scale', 'residual learning'] 

TOP-K 1508: ['scientific software', 'scientific software developers', 'formal computer science background', 'appropriate software engineering'] 

Reference 1508: ['high performance computing', 'scientific computing', 'software engineering practices'] 

TOP-K 1509: ['c++ software library', 'data structures', 'multiple computer architectures', 'intricate data structures', 'disparate architectures', 'simple creation'] 

Reference 1509: ['dense and sparse storage', 'gpus', 'memory efficiency', 'performance', 'portability', 'productivity'] 

TOP-K 1510: ['build-triggering code changes', 'previous ci outcomes', 'code complexity', 'important predictors', 'smell dimensions', 'failures.previous studies', 'wide range'] 

Reference 1510: ['build failure', 'code smells', 'continuous integration', 'cross-project prediction', 'quantitative analysis', 'test smells'] 

TOP-K 1511: ['state-of-the-art coflow scheduling approaches', 'bilateral coflow scheduling framework', 'several drawbacks'] 

Reference 1511: ['coflow scheduling', 'data center', 'prediction'] 

TOP-K 1512: ['multi-view data', 'multi-view incremental discriminant analysis', 'new data samples', 'recent years', 'many multi-view batch', 'trained model', 'much attention'] 

Reference 1512: ['classification', 'discriminant analysis', 'incremental learning', 'multi-view learning'] 

TOP-K 1513: [['mobile edge nodes'], 'novel trust evaluation model', 'trust transitivity', 'trust information', 'sensor nodes', 'malicious attacks'] 

Reference 1513: ['edge computing', 'internet of things', 'mobile edge node', 'trust chain'] 

TOP-K 1514: ['ad-hoc shared dnn architecture', 'deep base classifiers', 'benchmark ids datasets', 'unbalanced data', 'different ensemble combination schemes', 'data scarcity', 'small training samples', 'classification accuracy', 'cost-sensitive loss', 'dropout capabilities', 'tests results', 'several competitors'] 

Reference 1514: ['deep learning', 'ensemble learning', 'intrusion detection systems'] 

TOP-K 1515: [['gpu clusters'], 'general-purpose supercomputers', 'ultrasound tomography', '3d inverse problems', 'supercomputer architectures', 'numerical simulations', 'computing capabilities'] 

Reference 1515: ['gpu clusters', 'scalable parallel computing', 'supercomputer technologies', 'ultrasonic tomography', 'wave equation'] 

TOP-K 1516: ['binarization task', 'image-to-image generation task', ['conditional generative adversarial networks'], 'multi-scale information combination', 'comprehensive experiments', 'core problem'] 

Reference 1516: ['cascaded generator', 'conditional generative adversarial networks', 'document image binarization', 'historical document analysis', 'image generation'] 

TOP-K 1517: ['qos', 'qos system', ['smart mobility'], 'systemic modeling approach', 'service providers', 'main facets', 'whole architectural framework', 'different perspectives'] 

Reference 1517: ['microservices architecture', 'quality of experience', 'quality of service', 'service lifecycle model', 'smart mobility'] 

TOP-K 1518: ['high-level abstractions', 'checkpointing process', 'non-volatile storage', 'basic algorithm', 'optimal checkpoint', 'performance analysis', 'techniques', 'several supercomputers', 'additional information', 'single workstation'] 

Reference 1518: ['checkpointing', 'domain specific language', 'high performance computing', 'parallel i/o', 'resilience'] 

TOP-K 1519: ['e.smart city vision', ['smart cities'], 'wired/wireless access network', ['fog computing'], 'fc paradigm', 'heterogeneous communication technologies', 'energy consumption', 'computing resources', 'key feature', 'various applications'] 

Reference 1519: ['computing and communication', 'fog computing', 'internet of everything (ioe)', 'routing algorithm', 'smart city'] 

TOP-K 1520: ['graph laplacians', 'multimodal image distance measure', 'multimodal image structures', 'commutativity', 'former part', ['simultaneous diagonalization']] 

Reference 1520: ['image registration', 'laplacian commutator', 'simultaneous diagonalization', 'spectral methods'] 

TOP-K 1521: ['real-time path planning algorithm', ['online optimization'], 'informative path planning', 'specific problem'] 

Reference 1521: ['fisher information matrix', 'gradient-descent method', 'mobile sensor', 'online optimization', 'path planning'] 

TOP-K 1522: [['semi-supervised learning'], 'experimental results', 'ordinary semi-supervised learning algorithm', 'structured network'] 

Reference 1522: ['hierarchical graph integration', 'hierarchical networks', 'hierarchically structured networks', 'semi-supervised learning'] 

TOP-K 1523: ['fuzzy rank-level fusion', ['fuzzy ranks'], 'multiple biometric representations', 'corresponding confidence factors', 'novel approach', 'final ranks', 'multiple representations', 'face image'] 

Reference 1523: ['biometric identification system', 'face recognition', 'fuzzy ranks', 'rank-level fusion'] 

TOP-K 1524: ['bmf', 'optimal partial matrix decompositions', 'general parallelization scheme', 'sequential algorithm.boolean matrix factorization'] 

Reference 1524: ['boolean matrix factorization', 'data preprocessing', 'parallel algorithm'] 

TOP-K 1525: ['bhattacharyya kernel', ['link prediction'], 'link prediction method', 'novel graph kernel', 'k-dimensional gaussian distributions', 'train svm classifier', 'user similarity', 'k-order krylov subspace', 'links', 'social network', 'user similarity information', 'social relations', 'subgraphs', 'graph kernel similarities', 'similarity'] 

Reference 1525: ['graph kernel', 'link prediction', 'sign prediction', 'signed social network'] 

TOP-K 1526: [['deep learning'], 'sar image samples', 'higher-level features', 'fuse multi-scale features'] 

Reference 1526: ['deep learning', 'eddy detection', 'feature fusion', 'remote sensing', 'sar images'] 

TOP-K 1527: ['classic symmetric rendezvous problem', 'rendezvous time', 'randomized algorithm', 'optimal termination time', 'known distance', 'unknown direction', 'case tradeoffs', 'minor compromise', 'case distance'] 

Reference 1527: ['average case analysis', 'disk', 'rendezvous problem', 'symmetric algorithms', 'worst case analysis'] 

TOP-K 1528: ['hot-n-cold model', 'cloud database system', 'workload predictions', 'great scalability', 'experimental results', 'dynamic voltage', 'frequency scaling'] 

Reference 1528: ['bounded problem', 'cloud database', 'dvfs', 'energy efficiency', 'hot-n-cold'] 

TOP-K 1529: ['application performance measurements', 'speedup factor', 'target hardware platform', 'various practical reasons', 'original application'] 

Reference 1529: ['benchmark', 'cross-platform', 'modeling', 'multi-tier', 'performance', 'prediction'] 

TOP-K 1530: ['prioritization methods', 'prioritization method', 'prioritization effort', 'software requirements rankings', 'comprehensive experiments', 'collision metrics', 'approach', 'different sets'] 

Reference 1530: ['qualitative prioritization method', 'requirement collision', 'requirement prioritization'] 

TOP-K 1531: ['convolutional neural networks', 'license plate recognition', 'cnns', 'modular lpr system', 'real plate images', 'character detection', 'common training procedures', 'different datasets', 'synthetic images', 'different countries'] 

Reference 1531: ['convolutional neural network (cnn)', 'license plate recognition (lpr)', 'synthetic training'] 

TOP-K 1532: [['computational-power aware tile mapping'], ['nested loops'], ['topology aware tile mapping'], 'parallel execution time', 'experimental results'] 

Reference 1532: ['computational-power aware tile mapping', 'distributed systems', 'nested loop', 'parallelization', 'topology aware tile mapping'] 

TOP-K 1533: ['new algorithm', 'image analysis', 'recognition applications', 'rectangular region', 'moments'] 

Reference 1533: ['gegenbauer moments', 'jacobi moments', 'legendre moments', 'real-time moment computing'] 

TOP-K 1534: ['acoustic perturbations', 'loudspeakers', 'gain vectors', 'anthropometric parameters', ['spatial audio'], 'high individuality', 'frequency bands', 'parallel convolution algorithm guides', 'source signals'] 

Reference 1534: ['parallel convolution', 'radial base function neural network', 'spatial audio', 'vector-based amplitude panning', 'virtual sound'] 

TOP-K 1535: ['kinship training data', 'deep metric learning', ['hierarchical compactness'], ['deep neural network'], 'new kinship metric learning', 'inter-connection consistency', 'dnn', 'intra-connection diversity', 'limited amount'] 

Reference 1535: ['deep neural network', 'face recognition', 'hierarchical compactness', 'kinship verification', 'metric learning'] 

TOP-K 1536: ['spatial clustering', 'cutesc algorithm', ['proximity graphs'], 'high-dimensional real-world', 'image segmentation datasets', 'cut-edge algorithm'] 

Reference 1536: ['clustering', 'graph theory', 'proximity graphs', 'spatial data mining'] 

TOP-K 1537: ['general multi-dimensional range query', 'sub-linear search efficiency', 'known-background model', 'leverage r-tree index', 'new secure solution'] 

Reference 1537: ['cloud computing', 'index', 'privacy', 'range query'] 

TOP-K 1538: [['image annotation'], 'diverse image annotation', 'conventional image annotation task', 'labels', 'new task', 'practical aspects'] 

Reference 1538: ['diverse labels', 'image annotation', 'missing labels', 'nearest neighbour'] 

TOP-K 1539: [['weather recognition'], 'large-scale weather recognition datasets', 'common image classification', 'several weather conditions', 'weather labels', 'segmentation masks', 'significant differences'] 

Reference 1539: ['multi-task framework', 'weather recognition', 'weather-cue map'] 

TOP-K 1540: ['malware image data', 'vision research lab', ['malicious code'], 'grayscale images', 'executable files'] 

Reference 1540: ['cnn', 'deep learning', 'imbalance data', 'malicious code', 'nsga-ii'] 

TOP-K 1541: ['average case probabilistic guarantees', 'average case probabilistic properties', 'quantitative formal verification methods', 'structural synthesis', 'uncertain environments', 'dynamic analysis', 'case guarantees', 'useful insights'] 

Reference 1541: ['architectural style', 'architecture synthesis', 'probabilistic model checking', 'quantitative guarantees', 'tradeoff analysis', 'uncertainty'] 

TOP-K 1542: ['xml messages', 'soap messages', 'new technique', 'compression ratio', 'execution time'] 

Reference 1542: ['aggregation', 'compression', 'soap', 'web services', 'xml'] 

TOP-K 1543: ['deep compression techniques', 'deep probabilistic models', 'deep pgns', ['deep compression'], 'deterministic models', 'classification accuracy', 'sparse versions', 'first attempt'] 

Reference 1543: ['deep compression', 'deep learning', 'probabilistic graphical models', 'probabilistic graphical networks'] 

TOP-K 1544: ['spanish law enforcement agency', 'minutiae matchers', ['rare minutiae features'], 'rank identification accuracies', 'guardia civil', 'significant improvements'] 

Reference 1544: ['extended feature sets', 'forensics', 'latent fingerprints', 'rare minutiae features'] 

TOP-K 1545: ['convolutional layer activations', 'locality constraint', 'end-to-end learning framework', ['texture classification'], 'powerful descriptor', 'main component'] 

Reference 1545: ['deep convolutional feature', 'locality-aware', 'sparse coding', 'texture classification'] 

TOP-K 1546: [['land-use classification'], 'high spatial resolution images', 'state-of-the-art techniques', 'transfer learning', ['sparse representation'], 'experimental results', 'novel method'] 

Reference 1546: ['deep learning', 'dictionary learning', 'feature learning', 'land-use classification', 'sparse representation'] 

TOP-K 1547: ['i/o-intensive parallel applications', 'original i/o-intensive parallel applications', 'trace', 'benchmarks', 'algorithm', 'i/o behaviors'] 

Reference 1547: ['benchmark generation', 'i/o-intensive applications', 'performance prediction', 'trace compressing', 'trace merging'] 

TOP-K 1548: ['faulty asynchronous nocs.delays', ['congestion'], ['process variation']] 

Reference 1548: ['congestion', 'fault tolerant', 'network-on-chip', 'noc routing algorithm', 'process variation', 'throughput'] 

TOP-K 1549: ['multi-level auto-scaling', 'anomaly detection analysis', 'vertical scaling strategy', 'system wide anomaly', 'performance problems', 'horizontal scaling solutions', 'new vms', 'local anomaly', 'several popular cloud providers', 'quick solution'] 

Reference 1549: ['anomaly detection', 'cloud computing', 'isolation-trees', 'performance management', 'vertical scaling'] 

TOP-K 1550: [['bitstream encryption'], 'unique per-die configuration bitstreams', 'fpga vendors', 'fpga design', 'fpga designs', 'configuration bitstream', 'significant security benefits', 'high resistance', 'minor modification', 'persistent source'] 

Reference 1550: ['bitstream encryption', 'fpga security', 'pufs', 'side-channel attacks'] 

TOP-K 1551: ['energy-aware profit', 'energy', 'energy-aware scheduling', 'scheduling problem', 'novel model'] 

Reference 1551: ['approximation algorithm', 'bag-of-tasks', 'high performance computing', 'load balancing', 'task scheduling'] 

TOP-K 1552: ['auto-annotation framework', 'two-stream region proposal network', 'multispectral data', 'multispectral features', 'pedestrian instances', 'robust pedestrian detection', 'thermal images', 'thermal channels', 'complementary information'] 

Reference 1552: ['auto-annotation', 'deep neural networks', 'multispectral pedestrian detection', 'semantic feature fusion', 'unsupervised learning'] 

TOP-K 1553: [['multiple ordinal output classification'], 'individual inputs', 'objective function'] 

Reference 1553: ['convex function', 'multiple discrete ordinal variables', 'multiple ordinal output classification', 'ordinal regression', 'relationships'] 

TOP-K 1554: ['software engineering', 'business models', 'open call format', 'software development processes', 'large groups', 'software practitioners', 'comprehensive overview', 'significant role', 'software economics.background'] 

Reference 1554: ['crowdsourcing', 'crowdsourcing in software engineering', 'empirical software engineering', 'systematic literature review'] 

TOP-K 1555: [['acor'], 'path length', 'base latency', 'global traffic', 'network conditions', 'recomputation mechanisms'] 

Reference 1555: ['acor', 'dragonfly network', 'piggyback routing', 'restricted valiant routing', 'routing recomputation mechanism'] 

TOP-K 1556: ['dtw-distance'] 

Reference 1556: ['dynamic time warping', 'nearest-neighbor rule', 'semi-metric', 'time series'] 

TOP-K 1557: ['expectation laplacian regularization', 'laplacian regularization', ['semi-supervised learning'], 'probabilistic models', 'kernel variants'] 

Reference 1557: ['kernel method', 'large-margin', 'maximum entropy discrimination', 'multi-view learning', 'semi-supervised learning'] 

TOP-K 1558: ['deep neural networks', ['visual question answering'], ['information fusion'], 'simple vector operators', 'ever-proposed fusion techniques', 'attention mechanisms', 'memory networks', 'overall accuracy', 'primary objective', 'clear organization', 'various types', 'comprehensive review', 'key role'] 

Reference 1558: ['information fusion', 'survey', 'visual question answering'] 

TOP-K 1559: ['greek municipalities', 'migration project risk', 'target foss solution', 'aforementioned municipality categorization', 'good candidate combinations', 'candidate participation', 'relevant projects', 'similar features', 'extensive survey'] 

Reference 1559: ['classification', 'foss', 'maturity models', 'migration', 'risk analysis', 'survey'] 

TOP-K 1560: ['audio-visual emotion recognition', 'deep weighted fusion method', 'multi-modal emotion features', 'deep belief network', 'non-linear fusion'] 

Reference 1560: ['deep learning', 'multi-modality emotion recognition', 'transfer learning'] 

TOP-K 1561: ['global weighted spf', 'new global weighted spf', 'global minimum absolute differences', 'segmentation performance', 'new local weighted spf', 'local minimum absolute differences', 'outer region fitting centers', 'difference information', 'outer regions', 'coefficients'] 

Reference 1561: ['active contour', 'global and local within-class variances', 'gwspf', 'lwspf'] 

TOP-K 1562: ['ticket information', 'tickets information', 'incident resolution process', 'standard alert correlation systems', 'incident resolution life-cycle', 'alert correlation process', 'overall incident', 'main hypothesis', 'main source'] 

Reference 1562: ['alert correlation', 'data analysis', 'network management systems', 'quality of service', 'ticket-alert correlation'] 

TOP-K 1563: ['cloud-of-things system', 'cloud-of things system', 'location trajectory privacy', 'small area', 'privacy requirements', ['trajectory privacy'], 'user'] 

Reference 1563: ['cloud of things (cot)', 'location based service', 'privacy preservation', 'trajectory privacy'] 

TOP-K 1564: [['heterogeneous data'], 'successful data integration', 'biological variation', 'important features', 'ideal method', 'medical question', 'several dimensions'] 

Reference 1564: ['computational biology', 'heterogeneous data', 'machine learning', 'personalized medicine', 'systems biology'] 

TOP-K 1565: ['rt embedded linux', 'ros navigation packages', ['robot operating system'], 'control architecture', 'raspberry pi', 'service robot', 'various experiments'] 

Reference 1565: ['cross-domain datagram protocol', 'real-time control architecture', 'robot operating system', 'service mobile robots', 'xenomai'] 

TOP-K 1566: ['human emotion classification', 'emotion classification', 'deep-learning approaches', 'deep neural network', 'iterative process', 'deep learning approach', 'f-measure', 'hybrid models', 'different modalities', 'sensor signals', 'average accuracy', 'large number', 'sensors input'] 

Reference 1566: ['convoltutional neural network', 'deep learning', 'emotion recognition', 'long short-term memory mobile sensing'] 

TOP-K 1567: ['bézier curves', 'road map information', 'new non-linear filter', 'road network', 'longitudinal imm filter', 'along-road tracking', 'generic curvilinear segments', 'straight roads', 'circular segments', 'target movements'] 

Reference 1567: ['context based tracking', 'ground target tracking', 'imm', 'mht', 'non-linear tracking'] 

TOP-K 1568: ['big data', 'battlefield decision-making', 'emotion-aware system', 'target localization', 'accurate emotion awareness', 'battlefield environment', 'motion behavior identification', 'target recognition', 'data sources', 'various functions'] 

Reference 1568: ['battlefield big data', 'emotion-aware', 'heterogeneous network', 'information fusion', 'narrow-band iot'] 

TOP-K 1569: [['pornography localization'], 'localization experiments', 'violent video streams', 'sensitive content', 'qualitative results', 'particular task'] 

Reference 1569: ['multimodal data fusion', 'pornography localization', 'sensitive scene localization', 'violence localization'] 

TOP-K 1570: ['vcube-ps', 'single rooted static spanning-tree', 'peersim simulator', 'traditional publish/subscribe approach', 'message distribution'] 

Reference 1570: ['causal broadcast', 'distributed spanning trees', 'hypercube-like topologies', 'publish/subscribe', 'topic-based pub/sub'] 

TOP-K 1571: ['corporate bankruptcy prediction', ['credit risk'], 'machine learning models', 'experimental results', 'positive samples', 'binary classification problem', 'prevalent type'] 

Reference 1571: ['bankruptcy', 'classifier ensemble', 'credit risk', 'imbalance', 'types of samples'] 

TOP-K 1572: [['computation offloading'], 'deep-learning-based response-time-prediction framework', 'cloud node', 'nearby fog/edge node', 'neighbor fog/edge node', 'suitable solution'] 

Reference 1572: ['computation offloading', 'deep learning', 'mobile edge/fog computing', 'resource provisioning'] 

TOP-K 1573: ['p-pointer', 'protection primitives', 'p-pointer storage', 'network traffic', 'protection environment', ['access privilege'], 'memory requirements', 'valid protected pointer', 'access', 'previous work', ['segment']] 

Reference 1573: ['access privilege', 'distributed system', 'parametric one-way function', 'password', 'protection', 'segment'] 

TOP-K 1574: ['on-gpu thread-data remapping', 'blink router', 'cpu', 'gpu packet streaming', 'divergence', 'efficient nic', 'previous solutions', 'host machine', 'performance gain', 'traditional solution', 'packet batches'] 

Reference 1574: ['gpu control flow divergence', 'packet processing', 'simd', 'software router'] 

TOP-K 1575: ['unsupervised clustering', 'expectation maximization consensus', 'dynamic consensus', 'training data', 'successive local convexifications', 'communication network', 'agents'] 

Reference 1575: ['clustering', 'distributed learning', 'expectation maximization', 'gaussian mixtures', 'non-convex optimization'] 

TOP-K 1576: ['in-seat activities', 'body-worn inertial sensors', 'feature-level fusion techniques', 'common basic emotion-relevant activities', 'pressure detection module'] 

Reference 1576: ['activity recognition', 'body language', 'multi-sensor fusion', 'sequence feature', 'smart cushion'] 

TOP-K 1577: ['lightweight scalable blockchain', 'iot applications', 'end-to-end security', 'iot requirements', 'significant bandwidth overheads'] 

Reference 1577: ['blockchain', 'internet of things', 'security', 'smart home'] 

TOP-K 1578: ['bci competition', 'methods', 'dataset iib', 'main dataset'] 

Reference 1578: ['common spatial pattern (csp)', 'event-related potential', 'feature extraction', 'p300 speller'] 

TOP-K 1579: ['cross-platform development', 'prior work', 'much progress'] 

Reference 1579: ['cross-platform', 'development framework', 'mobile app', 'mobile computing', 'multi-platform'] 

TOP-K 1580: ['statistically-aware data partitioning', 'big data management system', 'random sample data blocks', 'data blocks organization', 'block-level management', 'data blocks selection', 'certain functionalities'] 

Reference 1580: ['big data', 'data management', 'distributed and parallel processing', 'random sample partition', 'randomness'] 

TOP-K 1581: [['coal-rock interface'], 'random coal-rock interface', 'multi-sensor information', ['adaptive weight optimization'], 'single signal', 'identification model', 'new method', ['dynamic identification'], 'fusion'] 

Reference 1581: ['adaptive weight optimization', 'coal-rock interface', 'dynamic identification', 'information fusion', 'multi-sensor', 'particle swarm optimization'] 

TOP-K 1582: ['performance model extraction', 'online model learning', 'virtualized environments', 'manual effort', 'automatic extraction', 'aforementioned performance models', 'reference architecture'] 

Reference 1582: ['model extraction', 'model learning', 'performance model', 'self-aware computing'] 

TOP-K 1583: ['dptcr', 'dp-based trajectory community recommendation', 'effective tcr service', 'private geographical distance method', 'trajectory privacy', 'geographical distance', 'actual trajectory', 'noisy trajectory'] 

Reference 1583: ['data utility', 'differential privacy', 'location-based social network', 'semantic-geographical distance'] 

TOP-K 1584: ['user-based demographic attributes', 'health-seeking behavior', 'community-based socioeconomic factors', 'health preferences', 'topical preferences', 'information consumption', 'time-related features', 'demographic features', 'user profiles', 'contextual dimensions'] 

Reference 1584: ['content consumption', 'factorization models', 'online health seeker', 'user behavioral analysis'] 

TOP-K 1585: ['fine-grained images', ['spatial relation'], 'fgic.fine-grained image classification', 'subordinate category', 'discriminative details'] 

Reference 1585: ['convolutional neural network', 'fine-grained image classification', 'spatial relation'] 

TOP-K 1586: ['tool-generated solutions', 'concern mining tools', 'concerns', 'analysts'] 

Reference 1586: ['crosscutting concern', 'empirical study', 'human behavior', 'requirements engineering', 'tool support', 'use case specifications'] 

TOP-K 1587: ['fgsvm', 'human emotions', 'state-of-the-art emotion classification techniques', 'emotion classes', 'radial basis function kernel', 'non-linear classification', 'emotion recognition rate', 'feature-fusion vector'] 

Reference 1587: ['deep belief network', 'emotion recognition', 'fine gaussian support vector machine', 'fusion model', 'physiological signals'] 

TOP-K 1588: ['nash equilibrium', 'novel data-fusion method', 'malicious node'] 

Reference 1588: ['advanced persistent threat', 'dynamic defense strategy', 'game theory', 'heterogeneous network', 'information fusion'] 

TOP-K 1589: ['structural topology optimization problems', 'wächter et', 'optimization algorithm', 'memory-distributed computers', 'efficient parallelization', 'parallel machine'] 

Reference 1589: ['parallel interior-point', 'parallel optimization', 'quasi-newton'] 

TOP-K 1590: ['cnns', 'multi-focus image fusion methods', 'post-processing algorithms', 'experimental results', 'art multi-focus fusion methods', ['decision map'], 'enormous attention'] 

Reference 1590: ['convolutional neural network', 'decision map', 'deep learning', 'ensemble learning', 'multi-focus image fusion'] 

TOP-K 1591: ['mobile robot navigation', 'gmapping proposal distribution', 'algorithm', 'standard kld', 'sampling mcl', 'leibler divergence', 'experimental studies'] 

Reference 1591: ['mobile robots', 'monte carlo localization', 'particle filter'] 

TOP-K 1592: ['cpss data', 'cpss data fusion', ['cpss'], 'data fusion frameworks', 'information fusion', 'comprehensive data fusion framework', 'data collection', 'general definition'] 

Reference 1592: ['cpss', 'data fusion', 'data fusion framework design', 'tensor'] 

TOP-K 1593: ['scope decision process', 'quality mode', 'scope decision', 'influencing factors', ['quality requirements']] 

Reference 1593: ['non-functional requirements', 'product management', 'quality requirements', 'requirements engineering', 'requirements scope decision'] 

TOP-K 1594: ['one-class classifiers', 'dynamic ensemble detection model', 'pseudo outliers', 'base classifiers', 'base learners', 'main contribution'] 

Reference 1594: ['dynamic classifier selection', 'ensemble learning', 'one-class classification', 'outlier detection', 'process monitoring'] 

TOP-K 1595: ['iot-enabled smart city services', 'iot-enabled online services', 'large scale', 'smart city business', 'normal request traffic', 'various cloud operations', 'clouds', 'management policy', 'services', 'operations', 'streaming data', 'huge amount', 'inserted.smart city'] 

Reference 1595: ['asymptotical optimality', 'cloud operation', 'iot', 'latency', 'smart city', 'statistical policies'] 

TOP-K 1596: ['software safety', 'mobile robotic systems', 'safety', 'current software methods', 'future research', 'classification framework', 'techniques', 'software engineering perspective', 'independent replication', 'replicable picture', 'replication package'] 

Reference 1596: ['safety for mobile robots', 'software', 'systematic mapping study'] 

TOP-K 1597: ['vm storage data migration', 'vm disk image', ['data deduplication'], 'base image migration', 'file sharing', 'newly-written disk blocks', ['live vm migration'], 'migration mechanisms', 'large size', 'slow network speed', ['data centers']] 

Reference 1597: ['cloud computing', 'data center', 'data deduplication', 'live vm migration', 'p2p file sharing', 'storage data migration'] 

TOP-K 1598: ['depth data', 'data fusion', 'convolutional neural network', 'depth sources', 'local consistency', 'confidence measures', 'confidence information', 'novel framework'] 

Reference 1598: ['deep learning', 'sensor fusion', 'stereo', 'time-of-flight'] 

TOP-K 1599: [['adaptive load balancing'], 'ccep', 'heterogeneous cep engines', 'cep clustering mechanisms', 'horizontal scalability'] 

Reference 1599: ['adaptive load balancing', 'cep', 'complex event processing', 'horizontal scaling', 'scalability'] 

TOP-K 1600: ['ensemble-based algorithm', ['data stream classification'], 'current ensemble accuracy rate', 'base learners', 'new batches', 'literature show', 'certain number'] 

Reference 1600: ['boosting algorithms', 'data stream classification', 'ensemble learning', 'incremental learning'] 

TOP-K 1601: ['collaborative software development', ['software engineering'], 'undergraduate students', 'previous experience', 'nurturing environment'] 

Reference 1601: ['engineering education', 'group project', 'project', 'software engineering'] 

TOP-K 1602: ['scale registration problem', 'euclidean distance', 'robust scale icp algorithm', 'maximum correntropy criterion', 'similarity measure', 'new model'] 

Reference 1602: ['correntropy', 'iterative closest point', 'outliers', 'point set registration', 'scale transformation'] 

TOP-K 1603: ['thermal-aware pim offloading', '3d-stacked designs', 'hmc', 'thermal shutdowns', 'real hybrid memory cube', 'hardware-based techniques', 'conventional dram', 'thermal effects', 'passive cooling solution', 'temperature'] 

Reference 1603: ['hybrid memory cube', 'processing-in-memory', 'thermal'] 

TOP-K 1604: ['crowdsourced streaming data', 'online implementation', 'unknown reliability', 'unsupervised manner'] 

Reference 1604: ['crowdsourcing', 'malariaspot', 'online em algorithm', 'unreliable annotators', 'unsupervised method'] 

TOP-K 1605: [['edge computing'], 'data blocks', 'optimal scheduling', 'optimal placement', 'data storage capacity', ['user experience'], 'tasks', 'computation delay', 'replacement ratios', 'response time', 'edge server', 'main purpose'] 

Reference 1605: ['data placement', 'edge computing', 'task scheduling', 'user experience'] 

TOP-K 1606: [['cost reduction'], 'multiple techniques', 'main goals'] 

Reference 1606: ['cost reduction', 'mutation analysis', 'mutation testing', 'systematic review'] 

TOP-K 1607: ['package reuse', ['software ecosystem']] 

Reference 1607: ['package management', 'robot operating system', 'software ecosystems'] 

TOP-K 1608: ['vm allocation', 'cloud data center', ['energy efficiency'], 'reserved vms', 'real cloud environments', 'physical machines', 'comprehensive experimental results', 'effective evolutionary approach', 'allocation solution'] 

Reference 1608: ['cloud computing', 'energy efficiency', 'evolutionary algorithm', 'virtual machine allocation', 'vm acceptance ratio'] 

TOP-K 1609: [['semantic differencing'], 'effective semantic differencing', 'internal component behavior', 'systems', 'general system models', 'black-box viewpoint', 'previous work', 'version'] 

Reference 1609: ['automata', 'component software engineering', 'evolution analysis', 'refinement', 'semantic differencing', 'semantics'] 

TOP-K 1610: ['information fusion', 'content adaptive', 'algorithm.multi-focus image fusion', 'important research area'] 

Reference 1610: ['content adaptive blurring', 'image composition', 'image enhancement', 'multi-focus image fusion', 'non-uniform blurring'] 

TOP-K 1611: [['independent forest'], 'qn', 'complete graphs', 'time algorithm', 'qn −', 'l', '2n −'] 

Reference 1611: ['independent forest', 'line graph', 'network', 'node-disjoint paths', 'node-independent spanning trees'] 

TOP-K 1612: ['slam algorithm', 'beta-distributed random variables', 'navigation tasks', 'maps', 'map representation', 'necessary sensor models'] 

Reference 1612: ['beta distribution', 'mobile robots', 'occupancy grid maps', 'rao-blackwellized particle filter (rbpf)', 'simultaneous localization and mapping (slam)'] 

TOP-K 1613: [['cloud brokering'], 'cloud brokering techniques', 'interconnected cloud computing environments', 'comprehensive survey'] 

Reference 1613: ['cloud broker', 'cloud computing', 'federated cloud', 'hybrid cloud', 'inter-cloud', 'multi-cloud'] 

TOP-K 1614: ['adaptive multi-view issues', 'multi-view features', 'view-specific weights', 'fusion strategies', ['feature selection'], 'state-of-the-art overview', 'associated tasks', 'view data automatically.this survey'] 

Reference 1614: ['feature selection', 'information fusion', 'multi-view'] 

TOP-K 1615: ['fiware', 'cloud-based iot platform', 'large-scale iot deployments', 'future smart cities', 'mqtt data', 'extensive performance evaluation'] 

Reference 1615: ['benchmarking', 'cloud computing', 'internet of things', 'middleware', 'quality of service', 'smart cities'] 

TOP-K 1616: ['oct b-scans', 'en-face oct data', 'oct data', 'fundus images', 'fundus image', 'corresponding fundus images', 'local cup', 'disc ratio', 'maximum similarity'] 

Reference 1616: ['color fundus image', 'cup to disc ratio', 'local analysis', 'optical coherence tomography', 'ridgelet transform', 'symmetry'] 

TOP-K 1617: ['dsverifier v2', 'digital control systems', 'robust non-fragile stability', 'novel verification procedures', 'satisfiability modulo theories', 'limit-cycle oscillations', 'verification algorithms', 'software model checking', 'common closed-loop associations', 'output quantization error', 'digital systems'] 

Reference 1617: ['bounded model checking', 'fixed-point digital controllers', 'formal methods', 'system reliability', 'uncertainty'] 

TOP-K 1618: ['labeling vb-phd filter', 'track fusion', 'track labels', 'unknown measurement noise', 'unknown measurement noises', 'local sensors', 'present target states'] 

Reference 1618: ['dempster-shafer evidence theory', 'multi-target multi-sensor fusion', 'state fusion', 'track association', 'variational bayesian probability hypothesis density'] 

TOP-K 1619: ['emotion-aware recommender system', 'user rating data', 'emotional information', 'emotional changes', 'user', 'user social network data', 'explicit information', 'final purchasing behavior', 'implicit information', 'consumption activity', ['hybrid information fusion'], ['recommender systems'], 'recommender services', 'essential role', 'representative types'] 

Reference 1619: ['emotion-aware intelligent system', 'hybrid information fusion', 'matrix factorization', 'recommender systems'] 

TOP-K 1620: ['cps product lines', 'search-based approach', 'test cases', 'different cost-effective methods', 'test process', 'specific products', 'different test levels'] 

Reference 1620: ['cyber-physical system product lines', 'product lines', 'search algorithms', 'test case prioritization', 'variability'] 

TOP-K 1621: ['gpu-efficient index', 'low dimensionality', 'gpu', ['self-join'], 'bounded search', 'large result sets', 'low overhead', 'several techniques', 'batching scheme', 'search removal', 'several challenges'] 

Reference 1621: ['gpgpu', 'in-memory database', 'query optimization', 'self-join'] 

TOP-K 1622: ['iot networks', 'control efficiency', 'new system', 'monitoring process', 'searches model'] 

Reference 1622: ['adaptive closed-loop', 'algorithm design and analysis', 'control system', 'iot', 'non-linear control', 'queuing theory'] 

TOP-K 1623: ['asymmetric 3d-cnn model', 'asymmetric 3d-cnn deep model', 'traditional 3d-cnn models', 'action recognition task'] 

Reference 1623: ['3d-cnn', 'action recognition', 'asymmetric 3d convolution', 'micronets'] 

TOP-K 1624: [['action recognition'], 'part-aligned pose-guided recurrent network', 'much attention'] 

Reference 1624: ['action recognition', 'auto-transformer attention', 'part alignment'] 

TOP-K 1625: ['mtl methods', 'real-world applications', 'shared structures', 'conventional mtl methods', 'unsatisfactory performance', 'tasks', 'competitive structure', 'negative relationships'] 

Reference 1625: ['multi-task learning', 'sparse exclusive lasso', 'task-competitive'] 

TOP-K 1626: ['android applications', 'benignware android applications', 'international license', 'big amounts', 'static analysis'] 

Reference 1626: ['android', 'hybrid features fusion', 'malware analysis', 'malware dataset'] 

TOP-K 1627: [['iot mashup applications'], 'target iot mashup creation', ['factorization machines'], 'complex services', 'latent topics', 'suitable web apis', 'link relationship', 'rapid growth'] 

Reference 1627: ['factorization machines', 'iot mashup applications', 'qos', 'relational topic model', 'service recommendation'] 

TOP-K 1628: ['fcfs algorithm', 'fcfs-based algorithm', 'multi-application workloads', 'dynamic priority scheduling techniques', 'software threads', 'system performance', 'several unprotected cores', 'critical code fragments', 'extensive evaluations', 'reliable caches', 'significant improvements', 'protected core'] 

Reference 1628: ['asymmetric cores', 'fairness', 'performance evaluation', 'reliability', 'scheduling algorithms', 'selective protection'] 

TOP-K 1629: [['microservices'], 'black-box approach', 'unsupervised machine-learning method', 'decomposition method', 'application scalability', 'application access logs', 'monolithic application', 'url partitions', 'novel method', 'resource requirements', 'similar performance'] 

Reference 1629: ['application decomposition', 'cloud computing', 'microservices', 'scalability', 'web applications'] 

TOP-K 1630: ['linux kernel', ['multi-threaded applications'], 'long tail latency', ['tail latency'], 'new data structures', 'default scheduler', 'response time variability', 'fcfs manner', 'cts tracks threads', 'first served', 'timely manner'] 

Reference 1630: ['cpu scheduling', 'linux cfs scheduler', 'multi-threaded applications', 'tail latency'] 

TOP-K 1631: ['tensor decomposition', 'heterogeneous cp-als implementation', ['sparse tensors'], 'performance issues', 'performance characteristics'] 

Reference 1631: ['alternating least squares', 'canonical decomposition/parallel factorization', 'decomposition', 'parallel', 'performance analysis', 'sparse tensors'] 

TOP-K 1632: [['probabilistic model checking'], ['runtime verification'], 'caching mechanism', 'experimental results', 'computational time', 'efficient verification mechanism', 'time consuming', 'new implementation'] 

Reference 1632: ['caching', 'discrete time markov chain', 'probabilistic model checking', 'runtime verification', 'self-adaptive systems'] 

TOP-K 1633: [['image retrieval'], 'bayesian denoising', 'noise', 'popular techniques', 'unknown pattern'] 

Reference 1633: ['denoising hashing', 'image retrieval', 'probabilistic model', 'variational bayes'] 

TOP-K 1634: ['time-decaying relationships', 'approach trfpre', 'accurate integrator predictions', 'mean reciprocal rank', 'file similarities', 'experimental results'] 

Reference 1634: ['code review', 'github', 'integrator prediction', 'open source'] 

TOP-K 1635: ['localization accuracy', 'novel locnet', 'text detection approaches', 'text detector.although faster r-cnn', 'box regression', 'localization module', 'localization modules', 'box regression module', 'promising results', 'certain cases'] 

Reference 1635: ['faster r-cnn', 'locnet', 'natural scene images', 'text detection', 'text localization accuracy'] 

TOP-K 1636: ['privacy-aware smart cities', 'privacy-aware smart city', ['smart cities'], ['recommender systems'], 'rating matrix', 'research challenge'] 

Reference 1636: ['data privacy', 'parallel computing', 'privacy-preserving collaborative filtering', 'recommendation systems', 'smart cities'] 

TOP-K 1637: [['stackelberg game'], 'multi-leader multi-follower stackelberg game', 'energy trading', 'evs', 'css', 'energy providers', 'leaders', 'followers'] 

Reference 1637: ['charging stations', 'dynamic pricing', 'electric vehicles', 'smart city', 'smart grid', 'stackelberg game'] 

TOP-K 1638: ['mpi implementations', 'mpi bindings', 'c programming language', 'future speedups', 'compact routines', 'internal datatype', 'possible level'] 

Reference 1638: ['alltoallw', 'fft', 'mpi', 'pencil', 'slab'] 

TOP-K 1639: ['production-grade cloud datacenters', 'cloud service providers', 'static bandwidth guarantees', 'application layer', 'dynamic rate allocation', ['bandwidth guarantee'], 'bandwidth allocation solution', 'unpredictable performance', 'tenant layer', 'predictable performance.in today'] 

Reference 1639: ['bandwidth guarantee', 'cloud computing', 'datacenter networks', 'rate allocation', 'vm placement'] 

TOP-K 1640: [['facial expression recognition'], 'identity-specific factors', 'novel fer framework', 'query sample'] 

Reference 1640: ['adaptive metric learning', 'face normalization', 'facial expression recognition', 'hard negative generation'] 

TOP-K 1641: ['high-quality vessel-like structure enhancement', ['mathematical morphology'], 'vessel enhancement', 'method', 'relevant retinal images', 'new approach', 'synthetic examples'] 

Reference 1641: ['blood vessel enhancement', 'bowler-hat transform', 'image enhancement', 'mathematical morphology'] 

TOP-K 1642: ['outsourced real-time route planning', 'intelligent fog servers', 'blind cloud servers', 'non-confidential outsourced graphs', 'comprehensive service framework', 'search index', 'tree structure', 'g', 'tree leaf node'] 

Reference 1642: ['intelligence', 'privacy', 'road networks', 'route planning', 'usability'] 

TOP-K 1643: [['model-based systems engineering'], 'inter-model inconsistency management solutions', 'automated production system domain', 'comprehensive approach', 'typical dependencies', 'consistency rules', 'first findings'] 

Reference 1643: ['automated production systems', 'inconsistency management', 'model-based systems engineering'] 

TOP-K 1644: ['bugs', 'bug reports', 'automated classification model', ['taxonomy'], 'popular projects', 'main common bug types'] 

Reference 1644: ['bug classification', 'empirical study', 'taxonomy'] 

TOP-K 1645: ['multimodal classification tasks', 'classification tasks', 'state-of-the-art models', 'cross-modal information', 'performance degradation', 'models', 'various situations', 'partial absence'] 

Reference 1645: ['classification', 'data loss', 'deep learning', 'multimodal data fusion'] 

TOP-K 1646: [['gaussian distributions'], 'two-layer neural network', 'embedding model', ['gaussian distribution'], 'multi-type nodes/links', 'ahng', 'diverse attributes'] 

Reference 1646: ['attributed heterogeneous network', 'gaussian distribution', 'network embedding'] 

TOP-K 1647: ['ad-hoc variability analysis', 'fm extraction', 'software descriptions', ['formal concept analysis'], 'theoretical view', 'functional manner'] 

Reference 1647: ['feature models', 'formal concept analysis', 'reverse engineering', 'software product lines', 'variability modelling'] 

TOP-K 1648: ['target tracking', ['sensor network'], 'joint sensor registration', 'feasible optimization approach'] 

Reference 1648: ['bernoulli filtering', 'distributed detection and tracking', 'multisensor fusion', 'random finite sets', 'sensor networks', 'sensor registration'] 

TOP-K 1649: [['subspace clustering'], 'subspace clustering technique', ['multi-objective optimization'], 'clustering problem', 'single cluster quality measure', 'several techniques', 'recent literature'] 

Reference 1649: ['biclustering', 'cluster validity indices', 'evolvable genome structure', 'multi-objective optimization', 'subspace clustering'] 

TOP-K 1650: ['intelligent regressive ensemble approach', 'resource usage prediction techniques', ['scientific applications'], 'resource usage', 'high performance', 'optimal scheduling', ['feature selection'], 'significant prediction'] 

Reference 1650: ['cloud computing', 'ensembling', 'feature selection', 'regression techniques', 'resource prediction', 'scientific applications'] 

TOP-K 1651: ['postpartum depression', ['emotion-aware smart systems'], 'sociodemographic data analysis', 'hypertensive disorders', 'pregnancy', 'psychological disorders', 'ensemble classifiers', 'improved algorithm'] 

Reference 1651: ['cognitive computing', 'emotion-aware smart systems', 'information fusion', 'maternal care quality improvement', 'mental health solutions'] 

TOP-K 1652: ['traffic flow monitoring systems', 'vehicle trajectories', 'roadside unit', ['smart cities'], ['location proofs'], 'placement problem', 'paper studies'] 

Reference 1652: ['coverage and distinguishability', 'location proof', 'rsu placement', 'smart city', 'traffic flow tracking systems'] 

TOP-K 1653: ['syntactic violations', 'erp signals', 'machine-learning techniques', 'different linguistic erp components', 'abnormal patterns', 'differential patterns'] 

Reference 1653: ['convolutional neural network', 'event-related potential signals', 'linguistic feature fusion', 'neurological signal processing', 'sentence classification'] 

TOP-K 1654: ['heterogeneous sensor networks', 'cloud data analysis', 'automatic anomaly detection', 'sensor data', 'coupling edge data analysis', 'relevant anomalies', 'novel approach', 'important research problem'] 

Reference 1654: ['anomaly detection', 'cloud-assisted sensing', 'intelligent sensing', 'internet of things', 'sensor fusion'] 

TOP-K 1655: ['similarity-based approaches', 'decision maker weights', 'decision makers', 'clustering-based approaches', 'index-based approaches', 'approaches', 'objective methods', 'particular problem'] 

Reference 1655: ['decision makers’ weights', 'group decision making', 'literature survey', 'objective weights'] 

TOP-K 1656: ['safe sample elimination rule', 'multi-class problems', 'multi-class classifiers k-svcr', ['twin-ksvc'], 'sparse solution', 'novel algorithms', 'computation time.k-svcr'] 

Reference 1656: ['k-svcr', 'multi-class classification', 'multi-parameter', 'safe elimination rule', 'twin-ksvc'] 

TOP-K 1657: ['image-text cross modal retrieval', ['image captioning'], 'flickr30k datasets', 'state-of-the-art models', 'word generation', 'extensive experiments', 'superior results', 'distinct operation'] 

Reference 1657: ['densely embedding', 'high-level semantic information', 'image captioning', 'long short-term memory', 'retrieval', 'visual concept'] 

TOP-K 1658: ['silent self-stabilizing algorithm', 'anonymous weighted networks', 'unfair daemon', 'asynchronous model', 'additional strong properties', 'detailed analysis'] 

Reference 1658: ['disconnected network', 'routing algorithm', 'self-stabilization', 'shortest-path'] 

TOP-K 1659: ['webassembly state-of-the-art web standard', 'oss components', 'javascript programming languages', 'package discovery', 'prototype framework', 'hard-to-find c/c', 'delivery channels', 'modernized stage', 'respective ecosystems', 'exposure'] 

Reference 1659: ['c/c++', 'javascript', 'open source software', 'rust', 'software discoverability', 'webassembly'] 

TOP-K 1660: [['nonlinear dimensionality reduction'], 'smooth geodesics', 'manifold measurements', 'noisy data', 'classic techniques'] 

Reference 1660: ['geodesics', 'manifold', 'noisy measurements', 'nonlinear dimensionality reduction', 'smoothing spline'] 

TOP-K 1661: ['high-dimensional multi-modality imaging', 'novel structured sparsity', 'genetic data', 'multiple kernel learning method', 'genotype information'] 

Reference 1661: ["alzheimer's disease diagnosis", 'feature selection', 'multimodal features', 'multiple kernel learning', 'structured sparsity'] 

TOP-K 1662: ['incremental one-class classifiers', 'incremental cosvm', 'real-world datasets', 'training dataset', ['low variance direction'], 'contemporary batch', 'extensive comparison'] 

Reference 1662: ['incremental learning', 'low variance directions', 'one-class classification', 'support vector machine'] 

TOP-K 1663: ['generative bayesian model', 'multi-view methods', 'multiple views', 'discriminant representation', 'recent years', 'various features', 'intrinsic information', 'distinctive categories.multi-view', 'much attention'] 

Reference 1663: ['bayesian model', 'classification', 'generative model', 'multi-feature', 'multi-view(modal)'] 

TOP-K 1664: ['multimodal data', 'supervised classification method', 'intrinsic structure'] 

Reference 1664: ['distance graphs', 'multimodal classification', 'multimodal fusion', 'multimodal metric learning'] 

TOP-K 1665: ['use cases', 'technical architecture', 'legacy software system', 'functional architecture'] 

Reference 1665: ['code refactoring', 'code rewriting', 'data renaming', 'reverse engineering', 'software migration', 'software re-implementation'] 

TOP-K 1666: [['grid-based dbscan'], 'high dimensional space', '2d space', 'nlog n', 'well-developed algorithm', 'neighbour explosion'] 

Reference 1666: ['density-based clustering', 'grid-based dbscan', 'union-find algorithm'] 

TOP-K 1667: ['openstack bugs', 'bugs', 'popular open source cms', 'general statistics', 'several key characteristics', 'thorough empirical study'] 

Reference 1667: ['bug reports', 'cloud management stack', 'empirical study', 'openstack'] 

TOP-K 1668: ['multi-spectral information', 'multi-spectral bands', 'ship candidates', 'propagation neural network', 'land segmentation'] 

Reference 1668: ['deformable part model', 'inland river', 'optical satellite imagery', 'ship detection'] 

TOP-K 1669: ['social media', ['social context'], 'text', 'recent works', 'sentiment analysis tasks.sentiment analysis'] 

Reference 1669: ['online social networks', 'sentiment analysis', 'social context', 'social network analysis'] 

TOP-K 1670: ['v2x heterogeneous networks', 'data fusion trust architecture', 'different trust levels', 'data exchange'] 

Reference 1670: ['data fusion', 'data processing', 'data trust', 'heterogeneous network', 'security', 'v2x communication'] 

TOP-K 1671: ['deep networks', 'medical image data', 'current deep networks', 'deep network', 'tracker', 'disease classification', 'observation models', 'vessel centrelines', 'significant application'] 

Reference 1671: ['deep belief net', 'deep neural network', 'fundus image', 'particle filtering', 'tracking', 'width estimation'] 

TOP-K 1672: ['gmm-svm fingerprint representation scheme', 'secure fingerprint verification systems', 'fixed-length feature vectors', 'novel framework', 'practical solutions'] 

Reference 1672: ['biometric template protection', 'fingerprint verification', 'fixed-length minutiae representation', 'minutiae protection'] 

TOP-K 1673: [['multi-layer discriminative dictionary learning'], ['image classification'], 'multi-layer dictionary learning', 'coding vectors', ['locality constraint'], 'joint classifier training', 'powerful architecture'] 

Reference 1673: ['classifier training', 'image classification', 'locality constraint', 'multi-layer discriminative dictionary learning'] 

TOP-K 1674: [['data-driven prognosis'], 'research trends', 'industrial prognosis', ['machine learning'], 'unexplored challenges', 'recent developments', ['data fusion'], 'different industrial sectors', 'comprehensive survey'] 

Reference 1674: ['data fusion', 'data-driven prognosis', 'industry 4.0', 'machine learning'] 

TOP-K 1675: ['temporal attention filters', 'time-span features', 'video sources', 'abundant time-varying audiovisual data', 'certain lengths', 'entire video segments', 'audio data'] 

Reference 1675: ['affective video content', 'common space learning', 'data fusion', 'deep learning', 'multimodal data'] 

TOP-K 1676: ['smell detection', 'novel smell detection techniques', 'spreadsheet structures', 'structural information'] 

Reference 1676: ['code smells', 'spreadsheets', 'static analysis'] 

TOP-K 1677: ['3d line abstractions', '3d scene representation', 'state-of-the-art methods', 'future autonomous uav', 'poor texture environments', 'complete method', 'complementary approach'] 

Reference 1677: ['3d abstraction', 'line-based sketching', 'reconstruction', 'uav'] 

TOP-K 1678: ['chronos mesos frameworks', 'marathon', 'fault-tolerant services', 'periodic batch jobs', 'popular mesos frameworks', 'specific quality'] 

Reference 1678: ['cloud computing', 'mesos frameworks', 'quality of service', 'vertical elasticity'] 

TOP-K 1679: [['bayesian optimization'], 'chemical release problem', 'sensor placement', 'puff-based dispersion model', 'numerical results', 'high dimensions', 'optimal sensor locations', 'continuous design space', 'real data', ['mutual information']] 

Reference 1679: ['bayesian inference', 'bayesian optimization', 'canonical correlation analysis', 'low dimensional projection', 'mutual information'] 

TOP-K 1680: ['dmli', 'global features', 'local feature', 'deep model name alignedreid', 'inference phase', 'increase accuracy'] 

Reference 1680: ['cnns', 'dynamically alignment', 'person re-identification'] 

TOP-K 1681: ['temporal order information', 'video-level representation', 'frame-level features', ['action recognition']] 

Reference 1681: ['action recognition', 'convolutional neural network', 'temporal pooling'] 

TOP-K 1682: ['assembly-free fem approaches', 'gpu computation', 'cpu sparse matrix approach', 'dual gpus implementations', 'previous gpu computing strategies', 'mathematical framework'] 

Reference 1682: ['heat conduction simulation', 'heterogeneous computing', 'opencl'] 

TOP-K 1683: ['rough set theory', ['information fusion'], 'information fusion approaches', 'rough approximations', 'multi-view information systems', 'uncertain information', 'decision making.rough set theory', 'efficient tool'] 

Reference 1683: ['information fusion', 'multi-granulation', 'multi-modality', 'multi-scale', 'multi-source', 'rough set'] 

TOP-K 1684: ['lsgdm', ['consensus model'], 'fuzzy preference relations', ['overconfidence behaviors'], 'paper', 'different consensus models'] 

Reference 1684: ['consensus model', 'fuzzy preference relations with self-confidence (frps-sc)', 'large-scale group decision making (lsgdm)', 'overconfidence behaviors'] 

TOP-K 1685: ['maximum peak memory', 'critical path', 'final parallel schedule', 'dynamic schedule', 'many tasks', 'small increase', 'little impact'] 

Reference 1685: ['bounded memory', 'scheduling', 'task graph'] 

TOP-K 1686: ['lattice boltzmann model', 'anatomical structures', '3d segmentation', 'medical images', 'parallel numerical method'] 

Reference 1686: ['biomedical geometry extraction', 'gpu computing', 'lattice boltzmann method', 'parallel image segmentation'] 

TOP-K 1687: [['test amplification'], 'different engineering goals', 'new field', 'comprehensive picture'] 

Reference 1687: ['automatic testing', 'test amplification', 'test augmentation', 'test optimization', 'test regeneration'] 

TOP-K 1688: ['replica selection algorithm', ['tail latency'], 'current replica selection algorithms', ['tail latencies'], 'replica server', 'key', 'value accesses', 'value access'] 

Reference 1688: ['key–value stores', 'on–off', 'replica selection', 'tail latency'] 

TOP-K 1689: ['mpi parallel programs', 'path coverage problem', 'high-performance computation', 'optimization problem', 'execution order', 'program input', 'decision variable', 'nodes.parallel computing', 'mainstream techniques'] 

Reference 1689: ['blocking communication', 'genetic algorithm', 'parallel program', 'path coverage', 'test data'] 

TOP-K 1690: [['approximation algorithms'], 'shared-memory parallel machines', 'approximation guarantees', 'scheduling parallel machines', 'minimum makespan scheduling problem', 'sequential ptas', 'significant progress'] 

Reference 1690: ['approximation algorithms', 'parallel algorithms', 'scheduling'] 

TOP-K 1691: ['mvif methods', 'breast microcalcifications', 'computer-aided diagnosis', ['classification'], 'breast cancer', ['content-based mammogram retrieval'], 'breast masses', 'many systems', 'second source'] 

Reference 1691: ['classification', 'content-based mammogram retrieval', 'detection', 'mammograms', 'multi-view', 'visual information fusion'] 

TOP-K 1692: ['owa aggregation', 'owa weights', 'owa aggregation operation', 'general type'] 

Reference 1692: ['aggregation', 'choquet integral', 'measure-based uncertainty', 'weight generating function'] 

TOP-K 1693: ['adaptive consistency approaches', ['cloud storage'], 'comparative criteria', 'comparative analysis', 'rich literature'] 

Reference 1693: ['adaptive consistency', 'adaptive policy', 'big data', 'cloud storage'] 

TOP-K 1694: ['reconfigurable co-processors', 'speed-up-based replacement strategy', 'a-priori application profiling', 'efficient self-optimization', 'static co-processors', 'hardware reconfiguration strategy', 'performance improvement', 'equivalent soft-core processor', 'hardware resources', 'square optimization algorithm', 'number'] 

Reference 1694: ['dynamic partial reconfiguration', 'reconfigurable computing', 'self-optimizing system', 'soft-core processor'] 

TOP-K 1695: ['gpu-accelerated computing', ['openacc'], 'scientific computing', 'gpu systems', 'high performance', 'compiler directives', 'programming models', 'popular technology', 'main advantage', 'throughput capabilities', 'incremental approach', 'port codes'] 

Reference 1695: ['gpu programming', 'high performance computing', 'nek5000', 'openacc', 'spectral element method'] 

TOP-K 1696: ['tcp', 'thread control profiling', 'profiling graph model tcdg', 'new profiling method', 'concurrent programs', 'detailed concurrency syntax', 'thread control dependence graph', 'static analysis'] 

Reference 1696: ['concurrent', 'dynamic analysis', 'java thread', 'profiling', 'synchronization'] 

TOP-K 1697: ['semantic adaptation', 'semantic adaptation model', 'two-stream fusion network', ['action recognition'], 'novel framework', 'features', 'max pooled', 'vector'] 

Reference 1697: ['action recognition', 'cascaded convolution fusion strategy', 'knowledge adaptation', 'two-stream network', 'video representation'] 

TOP-K 1698: ['mis algorithms', 'geometric graph classes', 'maximal independent set', 'approximate maximum independent set', 'fundamental problems'] 

Reference 1698: ['distributed algorithm', 'geometric graphs', 'local algorithm', 'maximal and maximum independent set', 'unit interval graphs'] 

TOP-K 1699: ['online ecg monitoring solution', 'heart rate variations', 'user-specific dictionary', 'normal heartbeats', 'specific user', ['sparse representations']] 

Reference 1699: ['anomaly detection', 'domain adaptation', 'online and long-term ecg monitoring', 'sparse representations', 'wearable devices'] 

TOP-K 1700: ['deep boltzmann machines', 'deep learning methods', 'heterogeneous non-temporal observations', 'heterogeneous observations', 'real world applications', ['causal inference'], 'conditional probabilities', 'accurate empirical performance', 'multiple sources'] 

Reference 1700: ['causal inference', 'heterogeneous data sources', 'principal component analysis', 'probabilistic deep models'] 

TOP-K 1701: ['multimoora method', 'robust decision results', 'hesitant degree-based weighting method', 'oreste method', ['score function']] 

Reference 1701: ['bicycle-sharing service', 'hesitant degree', 'hesitant fuzzy linguistic term set', 'multiple criteria decision analysis', 'score function', 'unbalanced hfl-multimoora'] 

TOP-K 1702: ['swarm debugging concept', 'interactive debugging sessions', 'swarm debugging infrastructure', 'debugging activities', 'debugging data', 'sharing', 'swarm debugging global view', 'research questions'] 

Reference 1702: ['debugging', 'distributed systems', 'empirical studies', 'information foraging', 'software visualization', 'swarm debugging'] 

TOP-K 1703: [['facial expression recognition'], 'computer vision', 'expression-relevant features', 'variation-robust representation', 'expression classification', 'challenging task'] 

Reference 1703: ['attention', 'convolutional neural network', 'facial expression recognition', 'multi-path variation-suppressing network', 'salient expressional region descriptor'] 

TOP-K 1704: ['cost-sensitive classifier chains', ['classifier chains'], 'elastic-net penalty', ['logistic regression'], 'feature cost information', 'novel method', 'learning process', 'account costs'] 

Reference 1704: ['classifier chains', 'cost-sensitive feature selection', 'generalization error bounds', 'logistic regression', 'multi-label classification', 'stability'] 

TOP-K 1705: ['multiobjective models', ['multicriteria robust solutions'], 'multicriteria solutions', 'information fusion', 'multicriteria decision', 'quantitative information', 'qualitative information', 'initial data', ['transformation functions'], 'diverse preference formats', 'general scheme', 'representative combinations'] 

Reference 1705: ['allocation of resources or their shortages', 'multicriteria robust solutions', 'multiobjective decision making', 'possibilistic approach', 'qualitative information processing', 'transformation functions'] 

TOP-K 1706: ['iot scenarios', 'edge/cloud platform', 'database application', 'available internet', 'suitable approach'] 

Reference 1706: ['analytical hierarchy process', 'distributed iot database', 'edge/cloud', 'evaluation criteria'] 

TOP-K 1707: ['arm processors', 'energy consumption', 'access high-end gpus'] 

Reference 1707: ['energy', 'exascale', 'gpu virtualization', 'hpc'] 

TOP-K 1708: ['sleep stage assessment', 'multimodal sensors', 'multimodal sensor measurements', 'information fusion', 'multiple data-sets', 'theoretical analysis', 'significant research attention'] 

Reference 1708: ['alternating diffusion maps', 'common manifold learning', 'diffusion maps', 'multimodal sensor fusion', 'nonlinear-filtering'] 

TOP-K 1709: ['data', 'experimental evaluation', 'novel method', 'present excellent load-balancing properties', 'current approaches', 'memory platform', 'load-balance large parallel'] 

Reference 1709: ['data skew', 'distributed join', 'load balancing', 'outer join', 'spark'] 

TOP-K 1710: ['vef trace framework', 'on-chip communications', 'exascale interconnection networks', 'off-chip networks', 'vef framework', 'mpi traffic', 'new functionality', 'realistic traffic', 'short times'] 

Reference 1710: ['exascale workloads', 'interconnection networks', 'modeling and simulation tool', 'performance evaluation'] 

TOP-K 1711: ['touch-based authentication systems', 'device size', 'available touch-based authentication datasets', 'collection protocols', 'significant impact'] 

Reference 1711: ['behavioral biometrics', 'continual authentication', 'gesture based authentication', 'mobile security', 'soft biometrics', 'touch based authentication'] 

TOP-K 1712: ['network diffusion embedding method', 'first limitation', 'breadth information'] 

Reference 1712: ['cascades', 'diffusion process', 'dimension reduction', 'network embedding', 'network inference'] 

TOP-K 1713: ['faulty cache entries', 'micro-architectural technique', 'low-voltage operation', 'private caches', 'effective cache capacity', 'active cache entries', 'critical blocks'] 

Reference 1713: ['cache management', 'fault-tolerance', 'near-threshold voltage', 'on-chip caches', 'sram reliability'] 

TOP-K 1714: ['asynchronous jacobi', 'asynchronous jacobi method', 'communication delays'] 

Reference 1714: ['asynchronous', 'gauss–seidel', 'iterative solvers', 'jacobi', 'remote memory access', 'sparse linear systems'] 

TOP-K 1715: [['co-change clusters'], ['co-change patterns'], 'inter-related source code files', 'well-confined clusters', 'different co-change patterns', 'co-change relations', 'different programming languages', 'team diversity', 'activity density', 'central questions'] 

Reference 1715: ['co-change clusters', 'co-change patterns', 'modularity'] 

TOP-K 1716: ['social anxiety symptoms', 'smartphone sensors', 'phone calls', 'social interaction', 'fine-grained behaviors', 'anxious individuals', 'first study', 'unfamiliar location'] 

Reference 1716: ['behavioral dynamics', 'sensor fusion', 'smartphone use', 'social anxiety'] 

TOP-K 1717: [['image matching'], 'gaussian densities', 'feature-guided mixture', 'feature points', 'local features', 'point set'] 

Reference 1717: ['feature-guided', 'gaussian mixture model', 'image matching', 'local geometric constraint', 'semi-supervised em'] 

TOP-K 1718: [['image fusion'], 'feature level', 'fusion methods', 'first hand classification'] 

Reference 1718: ['image fusion', 'region based fusion', 'segmentation'] 

TOP-K 1719: ['androidoff', 'computation-intensive applications', 'energy consumption', 'android application', 'execution costs', 'response time', 'dynamic analysis'] 

Reference 1719: ['code analysis', 'computation offloading', 'mobile edge computing'] 

TOP-K 1720: ['end-to-end cesm components', 'inefficient task scheduling methods', 'heterogeneous time-to-solution performance', 'current climate system models', 'intolerable simulation time', 'accurate performance model', 'simulation configuration'] 

Reference 1720: ['automatic tool', 'cyber–physical system', 'performance model', 'scheduling', 'time-to-solution'] 

TOP-K 1721: ['sensor nodes', 'node importance', 'information fusion', 'target detection', 'node awakening probability', 'awakening frequency'] 

Reference 1721: ['detection efficiency', 'network topology', 'voronoi diagram', 'wireless sensor networks'] 

TOP-K 1722: ['centralized fusion prior filters', 'compensation framework', 'different weighting factors', 'poor reliability'] 

Reference 1722: ['compensation', 'multi-sensor system', 'networked system', 'optimal filter', 'packet dropout'] 

TOP-K 1723: ['multiple-fault cases', 'sendys', 'single-fault scenario', 'variant'] 

Reference 1723: ['dynamic slicing', 'hitting set', 'risk evaluation formulas', 'spectrum based fault localization', 'theoretical analysis'] 

TOP-K 1724: ['mining hard negative pairs', 'off-line clustering', 'positive pairs', 'explicit clustering degree computation', 'sample pairs', 'different classes', 'subtle cluster structure'] 

Reference 1724: ['deep networks', 'fuzzy clustering', 'metric learning', 'online sampling', 'triplet loss'] 

TOP-K 1725: [['mobile edge computing'], 'user mobility', 'qos prediction', ['service recommendation'], 'experimental results', 'service recommendation approach'] 

Reference 1725: ['edge server similarity', 'mobile edge computing', 'qos', 'service recommendation'] 

TOP-K 1726: ['gpus', 'general purpose computing', 'high-performance computing', 'heterogeneous systems', 'gpu integration', 'big data', 'architectural advances', 'continuous need'] 

Reference 1726: ['control divergence', 'gpgpu', 'heterogeneous architecture', 'memory systems'] 

TOP-K 1727: ['kdm', ['knowledge discovery metamodel'], 'system details', 'main metamodel', ['lightweight extension'], 'significant amount'] 

Reference 1727: ['aspect-oriented modernization', 'heavyweight extension', 'knowledge discovery metamodel', 'legacy systems', 'lightweight extension', 'omg'] 

TOP-K 1728: ['deeplink', 'github java projects', ['issue-commit links'], 'highly-starred github java projects'] 

Reference 1728: ['deep learning', 'issue-commit links', 'semantic understanding'] 

TOP-K 1729: ['sensor networks', 'energy costs', 'key constraint'] 

Reference 1729: ['castalia', 'energy consumption', 'hot spot problem', 'routing', 'wsn'] 

TOP-K 1730: [['fog computing'], 'fog network', 'cloud-like services', 'device raspberry pi', 'local network'] 

Reference 1730: ['and computational efficiency', 'energy-efficient cloud computing', 'fog computing', 'internet of things (iot)', 'surveillance videos', 'video summarization'] 

TOP-K 1731: ['successful devops adoption', 'devops adoption', 'classic grounded theory', 'case study', 'different domains', 'theory', 'detail real scenarios'] 

Reference 1731: ['devops', 'focus group', 'grounded theory', 'software development', 'software operations'] 

TOP-K 1732: ['big intermittent networks', 'datalet', 'cloudlet job scheduler', 'storage resources', 'robust architecture'] 

Reference 1732: ['big data', 'cloudlets', 'cyber-foraging', 'disruption-tolerant network'] 

TOP-K 1733: [['reverse engineering'], 'non-modelling-expert software defenders', ['software protection'], 'unauthorized ways', 'prototype tools', 'confidential assets', 'knowledge base', 'useful information'] 

Reference 1733: ['attack modelling', 'decision support', 'meta-model', 'reverse engineering', 'security knowledge base', 'software protection'] 

TOP-K 1734: ['ea maturity', 'ea', 'strategic insights', 'ea artifacts', 'top quartile organizations', 'bottom quartile organizations', 'key insights', 'investment decisions', 'investments', 'comparative analysis', 'preparation'] 

Reference 1734: ['enterprise architecture', 'enterprise architecture artifacts', 'enterprise architecture insights', 'enterprise architecture maturity', 'it investments', 'quality of it investment decision outcomes'] 

TOP-K 1735: ['ordinal regression models', 'ordinal regression problem', 'predictive modelling problem', 'ordinal scale', 'relative evaluations', 'experimental results', 'absolute evaluation'] 

Reference 1735: ['constrained optimization', 'ordinal regression', 'preference integration'] 

TOP-K 1736: ['software requirements', 'se education', 'design', 'configuration management', ['knowledge gaps'], 'se process', 'testing', ['important skills'], ['industry needs'], 'se models', ['meta-analysis'], 'data points', 'consolidated view'] 

Reference 1736: ['important skills', 'industry needs', 'knowledge gap', 'meta-analysis', 'software engineering education', 'systematic literature review (slr)'] 

TOP-K 1737: ['multiple vehicle-type problems', 'timetable optimization method', 'multiobjective cellular genetic algorithm', 'los angeles bus route', 'non-dominated solutions', 'operation data', 'different assignments', 'set'] 

Reference 1737: ['evolutionary algorithms', 'metaheuristics', 'multiobjective optimization', 'multiple vehicle types', 'public transport', 'smart cities'] 

TOP-K 1738: ['hardware transactional memory', 'htm', 'software co-design technique', 'data-intensive applications', 'software', 'recent architectural developments', 'wear leveling techniques', 'key ideas', 'committed transactions', 'recovery time', 'postponingthe externalization', 'pm', 'transactional modifications', 'joint usage', 'log space'] 

Reference 1738: ['hardware', 'memory', 'persistent', 'system', 'transaction'] 

TOP-K 1739: ['evidence-based hypothesis resolution', 'probability judgment', 'equal-effort heuristic', 'hypothesis knowledge', 'decision-makers', 'shafer theory', 'several biases'] 

Reference 1739: ['ambiguity aversion', 'confirmation bias', 'decision support', 'dempster–shafer theory', 'hypothesis resolution'] 

TOP-K 1740: ['emotion recognition', 'transmission resources allocation issue', 'emotion communication signals', 'resource allocation', 'various emotion signals', 'many methods', 'many pairs'] 

Reference 1740: ['dynamic optimal resource allocation', 'emotion communication', 'multi-task scheduling', 'the minimum task transmission rate'] 

TOP-K 1741: ['image', 'low-resolution infrared image', 'high-resolution visible image', 'major infrared intensities', 'adversarial game', 'discriminator', ['visible images'], 'additional visible gradients', 'different resolutions', 'generator', 'fuse images'] 

Reference 1741: ['deep learning', 'generative adversarial network', 'image fusion', 'infrared image', 'visible image'] 

TOP-K 1742: ['local quality', 'network', 'correlation constraint', 'attention weight'] 

Reference 1742: ['convolutional neural network', 'image quality assessment', 'learnable pooling', 'perceptual image quality', 'visual attention'] 

TOP-K 1743: [['multimoora'], ['uncertainty theories'], 'breakthrough models', 'mathematical formulations'] 

Reference 1743: ['bibliometric analysis', 'fuzzy set theory', 'linguistic term theory', 'multi-criteria decision-making', 'multimoora', 'uncertainty theories'] 

TOP-K 1744: ['complex noise', 'subspace clustering problem', 'subspace segmentation', 'high-dimensional data', 'computer vision', 'finite mixture', 'exponential power', 'modeling idea'] 

Reference 1744: ['finite mixture model', 'noises modelling', 'nonconvex and nonsmooth optimization', 'subspace clustering'] 

TOP-K 1745: ['integrated probabilistic decision framework', 'robot decision', 'specific missions'] 

Reference 1745: ['decision making', 'multimodal information fusion', 'probabilistic inference', 'role recognition', 'situation assessment'] 

TOP-K 1746: ['end-to-end dcnn', 'facial expression sequences', 'binary convolution neural network', 'basic facial expressions', 'first stage', 'second stage', 'neutral expression frame', 'expression frame', 'difference information'] 

Reference 1746: ['deep learning', 'difference convolution neural network', 'facial expression recognition', 'social signal analysis'] 

TOP-K 1747: ['mdm', ['markov decision process'], 'message freshness', 'freshness-cost ratio', 'spatio-temporal cost', 'preferable tradeoff results', 'message dissemination method', 'simulation experiments'] 

Reference 1747: ['markov decision process', 'message dissemination', 'opportunistic underwater sensor networks', 'time-inhomogeneous markov chain'] 

TOP-K 1748: ['cbo', 'defect occurrence', 'software systems', 'different calculations', 'different correlations', 'different variations'] 

Reference 1748: ['comparison', 'coupling', 'empirical', 'software metrics'] 

TOP-K 1749: ['convolutional neural network', 'dhd', 'novel deep head detector', 'crowds', 'improved head detection performance', 'person heads'] 

Reference 1749: ['body pose detection', 'crowd analysis', 'information fusion', 'person localization', 'person segmentation', 'upper body detection'] 

TOP-K 1750: [['3-linear map'], 'new ibe scheme', 'new framework', 'new ibpre', 'performance analysis', 'scheme'] 

Reference 1750: ['3-linear map', 'identity based encryption', 'identity based proxy re-encryption plus', 'proxy re-encryption plus', 'secure social cloud data sharing'] 

TOP-K 1751: [['software engineering'], 'smss', 'software design', 'software configuration management', 'mathematical foundations', 'se tools', ['systematic mapping studies'], 'se', 'low quality', 'quality assessment', 'quality', 'primary studies', 'active areas'] 

Reference 1751: ['secondary study', 'software engineering', 'survey', 'systematic mapping study', 'tertiary study'] 

TOP-K 1752: ['agile software development', ['requirements elicitation'], ['creative thinking'], 'approaches', ['systematic review'], 'present study', 'leverage creativity'] 

Reference 1752: ['agile methodologies', 'creative thinking', 'requirements elicitation', 'software development', 'software project management', 'systematic review'] 

TOP-K 1753: [['wireless sensor network'], 'biological intracellular signalling', 'energy consumption', 'data transmission', 'several performance features', 'model', 'signals transmission'] 

Reference 1753: ['intracellular signalling', 'smog sensing model', 'wireless sensor network'] 

TOP-K 1754: ['semi-partitioned model', ['multi-core platforms'], ['multi-core platform'], 'appropriate semi-partitioned model', 'related previous work', ['mixed criticality systems'], 'criticality level'] 

Reference 1754: ['mixed criticality system', 'multi-core platform', 'semi-partitioned approach'] 

TOP-K 1755: ['hive data warehouse', 'real-time power monitoring platform', 'open source techniques', 'server side', 'data process', 'hadoop ecosystem'] 

Reference 1755: ['big data warehouse', 'data etl', 'internet of things', 'real-time processing', 'smart meter'] 

TOP-K 1756: ['images', 'everyday life', 'mutual relation', 'new dataset'] 

Reference 1756: ['combinatorial optimization', 'computer vision', 'detection'] 

TOP-K 1757: ['knapsack problem', 'parallel systems', 'heterogeneous cluster', 'external factors', 'oversubscription.load imbalance', 'system noise', 'minimum number'] 

Reference 1757: ['hpc', 'knapsack algorithm', 'load balancing', 'mpi', 'oversubscription'] 

TOP-K 1758: ['homt approaches', 'second-order mutants', 'research opportunities', 'hom generation strategies', 'evaluation aspects', 'mapping study', 'order mutation'] 

Reference 1758: ['higher order mutation', 'mutation testing', 'systematic mapping'] 

TOP-K 1759: ['java framework', 'astor', 'generate-and-validate repair approaches', 'large java programs', 'program repair', 'design space', 'real bugs'] 

Reference 1759: ['automated program repair', 'defects', 'evaluation frameworks', 'software bugs', 'software maintenance', 'software testing'] 

TOP-K 1760: ['fusion-based result diversification methods', 'logarithmic function-based model', 'ranking information'] 

Reference 1760: ['data fusion', 'linear combination', 'linear score normalization', 'result diversification', 'web search', 'weight assignment'] 

TOP-K 1761: ['finite universes', 'shafer belief structures', 'probabilistic uncertainty', 'shafer belief structure', 'classic dempster', 'modeling variables', 'belief structures.we'] 

Reference 1761: ['choquet integral', 'deduction', 'dempster–shafer', 'measure type uncertainty', 'uncertainty'] 

TOP-K 1762: [['consensus evolution networks'], 'new crp tool', 'cens', 'consensus', 'numerical results', 'evolution', 'pairwise method'] 

Reference 1762: ['consensus evolution networks', 'consensus reaching process', 'group decision making'] 

TOP-K 1763: ['iot data', 'iot applications', 'novel domain agnostic framework', 'data quality estimation technique', 'domain awareness', 'data', 'effective data storage'] 

Reference 1763: ['cloud computing', 'data summarisation', 'internet of things (iot)', 'quality of data', 'quality of service', 'storage management'] 

TOP-K 1764: ['dynamic process creation', 'state explosion problem', 'dynamic processes', 'static analyses', 'concurrent programs', 'possible process interleavings', 'scalable analysis', 'general method', 'feature modularity'] 

Reference 1764: ['actors', 'concurrency', 'modular analysis', 'static analysis', 'threads'] 

TOP-K 1765: [['saliency detection'], 'pixel-level annotations', 'salient object', ['natural language'], 'state-of-the-art approaches', 'semantic content', 'textual information', 'fine details', 'corresponding linguistic concept', 'existing datasets', 'extensive experiments', 'essential issues', 'full advantage'] 

Reference 1765: ['natural language', 'saliency detection', 'self-supervision', 'textual-visual pairwise'] 

TOP-K 1766: ['smart city applications', ['multi-perspectives classification'], ['data fusion'], ['smart city']] 

Reference 1766: ['big data', 'data fusion', 'internet of things', 'multi-perspectives classification', 'sensor fusion', 'smart city'] 

TOP-K 1767: [['safety analysis'], 'communication channels', ['challenges'], 'usage frequencies'] 

Reference 1767: ['case study', 'challenges', 'communication', 'purposes', 'safety analysis', 'safety-critical systems'] 

TOP-K 1768: [['convolutional neural networks'], '121-layer deep densenet', 'famous architectures', 'different domains', 'empirical evidence', 'residual networks', 'proper technique'] 

Reference 1768: ['convolutional neural network', 'deep learning', 'input size', 'reshaping', 'resizing'] 

TOP-K 1769: [['autoencoders'], ['probabilistic neural networks'], 'outlier detection performance', 'majority voting'] 

Reference 1769: ['autoencoders', 'deep learning', 'ensemble learning', 'outlier detection', 'probabilistic neural networks'] 

TOP-K 1770: [['machine learning'], 'source code comment scopes', 'code snippets', 'source code comments', 'java programs', 'general method'] 

Reference 1770: ['comment scope detection', 'machine learning', 'software repositories'] 

TOP-K 1771: ['target re-identification', 'facial embedding information', 'multi-uav scenarios', 'cooperative uavs', 'deep learning algorithm', 'real-time privacy-preserving target', 'movable targets', 'adversarial environments', 'camera angles'] 

Reference 1771: ['deep learning', 'facial recognition', 'object tracking', 're-identification', 'unmanned aerial vehicles'] 

TOP-K 1772: ['multi-initiator wave', 'multiple initiator processors', 'm-wave', 'algorithm', 'concurrent waves', 'specification', 'possible attempts'] 

Reference 1772: ['m-wave algorithms', 'modal systems', 'multi-node broadcast', 'open systems', 'stabilization', 'wave algorithms'] 

TOP-K 1773: ['memory copies', 'remote gpus', 'cluster node', 'efficient mechanism', 'original performance', 'efficient way', 'different nodes'] 

Reference 1773: ['cuda', 'gpudirect rdma', 'virtualization'] 

TOP-K 1774: ['torus network configuration', 'high-radix switches', 'network structure', 'performance/energy ratio', 'common topology', 'reason torus', 'major role'] 

Reference 1774: ['energy and performance evaluation', 'energy consumption', 'interconnection networks', 'n-dimensional torus', 'port aggregation', 'power consumption'] 

TOP-K 1775: ['violent behavior recognition', 'non-violence images', 'violence images', 'violence image recognition database', 'video information monitoring', 'network image'] 

Reference 1775: ['maximum entropy discrimination', 'multi-view learning', 'sequential minimal optimization', 'violence image recognition'] 

TOP-K 1776: ['information-fusion-based state estimation problem', 'discrete-time complex networks', 'stochastic perturbations', 'time-varying delays', 'exponential state estimator', ['complex network'], 'special case', 'corresponding analysis issue'] 

Reference 1776: ['complex networks', 'discrete-time network', 'exponentially ultimately bounded estimator', 'measurements from partial nodes', 'state estimation'] 

TOP-K 1777: ['reusability estimation model', 'expert-based solutions', 'source code components', 'actual reuse rate', 'ground truth'] 

Reference 1777: ['code reuse', 'developer-perceived reusability', 'reusability estimation', 'static analysis metrics'] 

TOP-K 1778: ['hflts characteristics', 'expert similarity measurement', ['hesitancy similarity'], 'multiple reference points', 'clustering method', 'selection method', 'expectation distance'] 

Reference 1778: ['decision analysis', 'expert clustering', 'hesitancy similarity', 'large-scale group decision making', 'multi-stage hfltss', 'reference similarity'] 

TOP-K 1779: ['cloud computing services', 'application developers', 'practices faas-based applications', 'infrastructure components', 'computing models', 'architectural styles', 'systematic research'] 

Reference 1779: ['cloud computing', 'empirical research', 'function-as-a-service', 'serverless'] 

TOP-K 1780: ['ad-hoc cloudlet-assisted service mode', 'remote cloud service mode', 'opportunistic computation offloading', ['computation offloading'], 'mobile users', 'intelligent strategy', 'quality'] 

Reference 1780: ['computing offloading', 'edge clouds', 'iot'] 

TOP-K 1781: ['3-dimensional spheres', 'communicability space', ['networks'], 'structural information', 'geometric parameters', 'position vectors', 'simple method'] 

Reference 1781: ['clustering algorithms', 'communicability', 'geometric embedding', 'matrix functions', 'network communities', 'networks'] 

TOP-K 1782: ['gpgpu technologies', 'phylogenetic parsimony calculations', 'dna data', 'real-world biological datasets', 'different gpu programming models', ['objective functions'], 'comparative evaluation'] 

Reference 1782: ['bioinformatics', 'gpgpu', 'objective functions', 'parallel algorithms'] 

TOP-K 1783: ['wireless sensor nodes', 'sns', 'forwarding behaviors.the ubiquitous use', 'new era'] 

Reference 1783: ['energy', 'internet of things', 'mobile code', 'sensor node', 'trust'] 

TOP-K 1784: ['resubstitution error estimators', 'neuroimaging data', 'resubstitution error estimate', 'linear decision functions', 'heterogeneous scenarios', 'novel upper bounds', 'pattern recognition', 'cross-validation methods.in', 'performance'] 

Reference 1784: ['lineal classifiers', 'neuroimaging', 'resubsitution error estimate', 'upper bounds', 'vc dimension'] 

TOP-K 1785: ['inaccurate user story estimations', 'inaccurate estimations', 'possible indicators', 'common reasons', 'common reason'] 

Reference 1785: ['agile methods', 'data analytics', 'empirical software engineering', 'estimations', 'mixed methods'] 

TOP-K 1786: ['forestlayer', 'deep forest system gcforest', 'experimental results', 'tensorflow-based implementation', 'predictive performance'] 

Reference 1786: ['deep forest', 'distributed computing', 'random forest', 'ray', 'task-parallel'] 

TOP-K 1787: ['smelly tests', 'specific test smell types', 'production code', 'high quantity'] 

Reference 1787: ['empirical studies', 'software quality', 'test case generation', 'test smells'] 

TOP-K 1788: ['minimum sum-of-squares clustering', 'popular k-means algorithm', 'true mssc global optimum', 'clustering model', 'alternative heuristics', 'local minimizer'] 

Reference 1788: ['clustering', 'global optimization', 'hybrid genetic algorithm', 'k-means', 'minimum sum-of-squares', 'unsupervised learning'] 

TOP-K 1789: ['drift detector', 'application area', 'original implementation'] 

Reference 1789: ['concept drift', 'data stream', 'detectors', 'ensembles', 'large-scale comparison', 'online learning'] 

TOP-K 1790: ['bdca systems', 'big data cybersecurity analytics', 'security events data', 'cyber attacks', 'organizational networks', ['quality attributes'], ['architectural tactics']] 

Reference 1790: ['architectural tactic', 'big data', 'cybersecurity', 'quality attribute'] 

TOP-K 1791: ['non-parametric distance metric', ['bilinear similarity'], 'specific task', 'main challenge'] 

Reference 1791: ['bilinear similarity', 'gaussian process', 'metric learning', 'non-parametric metric'] 

TOP-K 1792: ['learning-based features', 'hand-crafted features', 'interaction recognition methods', 'rgb-d sensors.human activity recognition', 'human action', 'comprehensive review', 'special focus'] 

Reference 1792: ['action recognition', 'deep learning', 'interaction recognition', 'rgb-d sensing', 'survey'] 

TOP-K 1793: [['mars entry navigation'], 'high precision navigation', ['unknown inputs'], 'filter algorithm', ['parameter uncertainties'], 'numerical simulation', 'position error', 'velocity error'] 

Reference 1793: ['mars entry navigation', 'nonlinear system', 'parameter uncertainties', 'robust three-stage unscented kalman filter', 'unknown input'] 

TOP-K 1794: ['discrete-time stochastic systems', 'network topology', ['sensor network'], 'innovation approach', 'sensor node', 'available output measurements', 'first stage'] 

Reference 1794: ['correlated noises', 'distributed filtering', 'random parameter matrices', 'sensor networks'] 

TOP-K 1795: ['homogeneous functionals', 'fusion performance', 'computational properties', 'general framework'] 

Reference 1795: ['consensus', 'conservative estimators', 'data fusion', 'distributed data fusion'] 

TOP-K 1796: ['android', 'least-privilege principle', 'many security vulnerabilities', 'automated system', 'root cause', 'privilege architecture', 'systematic violation'] 

Reference 1796: ['android security', 'multiple-domain-matrix (mdm)', 'software architecture'] 

TOP-K 1797: ['k-modes clustering', ['integer linear programming'], 'categorical data clustering', 'initial solution', 'optimal results'] 

Reference 1797: ['categorical clustering', 'data mining', 'integer linear programming', 'variable neighborhood search'] 

TOP-K 1798: [['usability'], ['process lead-time'], ['information systems'], 'important role'] 

Reference 1798: ['case study', 'information systems', 'process lead-time', 'usability'] 

TOP-K 1799: ['it-outsourcing deals', 'excel', 'dutch situation', 'easy-to-complete questionnaires', 'ito deals', 'early warning signals', 'specific reasons'] 

Reference 1799: ['failure determinants', 'it-outsourcing', 'odds-improvement', 'outcome-prediction', 'success determinants'] 

TOP-K 1800: [['machine learning'], ['intrusion detection'], 'mobile clouds', 'heterogeneous client networks', 'intrusion detection scheme', 'key security functions'] 

Reference 1800: ['data fusion', 'heterogeneous networks', 'intrusion detection', 'machine learning', 'mobile cloud computing'] 

TOP-K 1801: [['multirate multisensor systems'], 'asynchronous estimation problem', 'research advances', 'asynchronous problem', 'estimation algorithms', 'general method'] 

Reference 1801: ['asynchronous estimation', 'multirate multisensor system', 'nonuniform sampling', 'synchronisation'] 

TOP-K 1802: ['iot requirements', 'configuration knowledge representation model', 'iot applications', 'ready-made configurations', 'user-oriented scenario', 'possible configurations', 'long-time evolution'] 

Reference 1802: ['configuration management', 'internet of things', 'knowledge representation', 'recommender system', 'ripple down rules'] 

TOP-K 1803: ['high-maturity software project management', 'quantitative methods', 'various methods', 'techniques', 'tools', 'knowledge gap'] 

Reference 1803: ['high maturity project management', 'maturity models', 'quantitative project management'] 

TOP-K 1804: ['c consensus sets', 'present heuristic algorithms', 'c consensus representatives', 'problem'] 

Reference 1804: ['clustering', 'consensus clustering', 'heuristic algorithms', 'maximal c consensus meets'] 

TOP-K 1805: [['dynamic ensemble selection'], 'quantification problems', 'new quantifier selection criteria', 'base quantification algorithm', 'selection measure'] 

Reference 1805: ['dynamic ensemble selection', 'ensembles', 'quantification'] 

TOP-K 1806: ['non-cumulative types', 'resource', 'resources', 'peak cost', 'static analysis framework'] 

Reference 1806: ['distributed systems', 'resource analysis', 'static analysis'] 

TOP-K 1807: [['multi-exposure fusion'], ['convolutional neural network'], 'gradient domain modeling', 'visual contrast', 'multi-exposure fusion.this paper', 'color image'] 

Reference 1807: ['auxiliary variables', 'color-to-gray conversion', 'convolutional neural network', 'gradient domain', 'l1-norm', 'multi-exposure fusion'] 

TOP-K 1808: ['feature selection ensemble methods', 'features', 'traditional thresholding approaches', 'data complexity measures', 'new automatic threshold', 'recent approach', 'stable results', 'fixed percentage'] 

Reference 1808: ['automatic thresholding', 'ensemble learning', 'feature selection'] 

TOP-K 1809: ['preference relation', 'model-based methods', 'incomplete lifprs', 'consistent lifprs', 'decision makers', 'efficient tool'] 

Reference 1809: ['additive consistency', 'linguistic intuitionistic fuzzy preference relation', 'multi-criteria decision making', 'programming model'] 

TOP-K 1810: ['alm processes', 'alm', 'seven-year study', 'many factors', 'real industrial context'] 

Reference 1810: ['action research', 'application lifecycle management', 'application lifecycle management transformation', 'change management', 'devops'] 

TOP-K 1811: ['multi-focus image fusion', 'fusion rules', 'novel approach', 'different focus values', 'proposed.multi-focus image fusion'] 

Reference 1811: ['image fusion', 'interpolation', 'multi-focus', 'pca', 'super-resolution', 'swt'] 

TOP-K 1812: ['parallel graph traversal', 'slack matrix', 'global device synchronization', 'fast graph traversal', 'initial slack matrix calculation', 'advanced features', 'fast matrix compression', 'single iteration', 'parallel detection', 'path search phase', 'several blocks'] 

Reference 1812: ['gpu', 'hungarian algorithm', 'linear assignment problem'] 

TOP-K 1813: [['natural language processing'], 'recurrent neural networks', 'java methods', ['neural networks'], 'code comment generation model', 'contextcc trains', 'novel approach contextcc', 'program analysis', 'concise comments'] 

Reference 1813: ['comment generation', 'natural language processing', 'neural networks'] 

TOP-K 1814: ['gpu computation', 'linear complexity test', 'parallelized implementation', 'hybrid computation approach'] 

Reference 1814: ['berlekamp–massey algorithm', 'gpu', 'linear complexity', 'parallelization', 'random number generator', 'randomness'] 

TOP-K 1815: ['indistinguishable label sets', 'one-shot prediction', ['matching network'], 'sampling strategy'] 

Reference 1815: ['difficulty metric', 'from easy to difficult', 'matching network', 'one-shot learning', 'scheduled sampling'] 

TOP-K 1816: ['parallel pso strategies', ['many-objective optimization problems'], 'multiple swarms', 'optimization process', 'many objectives', 'positive effect'] 

Reference 1816: ['evolutionary computing', 'many-objective optimization problems', 'multi-swarm pso'] 

TOP-K 1817: ['iot devices', 'iot system', 'big data analytics tools', 'alljoyn functionalities', 'smart ecosystems', 'big data storage', 'real-time data analytics.nowadays', 'correct operations'] 

Reference 1817: ['big data', 'cloud computing', 'edge computing', 'iot', 'management', 'monitoring'] 

TOP-K 1818: [['frequent itemsets mining'], ['data streams'], 'data mining technique', 'data streams.frequent itemsets mining', 'datasets', 'off-line processing', 'useful knowledge', 'high rates', 'infinite flows'] 

Reference 1818: ['data streams', 'frequent itemsets mining', 'hashing', 'lexicographic order', 'reconfigurable hardware'] 

TOP-K 1819: ['ihflprs', 'missing elements', 'consistency improvement processes', 'consistency indexes', 'original information', 'little attention'] 

Reference 1819: ['best consistency index', 'hesitant fuzzy linguistic term set', 'incomplete hesitant fuzzy linguistic preference relation', 'worst consistency index'] 

TOP-K 1820: ['multiresolution forest structures', ['parallel computing'], 'new load-balancing algorithms', 'mr method', 'mfs', 'new headway', 'sequential behavior'] 

Reference 1820: ['finite differences', 'load balancing algorithms', 'multiresolution method', 'parallel computing'] 

TOP-K 1821: ['wireless body sensor network', 'multi-sensor fusion approach', 'multi-sensor data fusion approach', 'remote patient monitoring purposes', 'health risk assessment', 'monitored vital signs'] 

Reference 1821: ['decision-making', 'ews', 'fuzzy theory', 'multi-sensor data fusion', "patient's health risk level", 'wbsn'] 

TOP-K 1822: ['dataflow-driven decomposition approach', 'microservice-oriented decomposition approach', 'cargo tracking system', 'microservices identification methods', 'microservice candidates', 'easy-to-operate implementation', 'semi-automatic support', 'cohesion metrics', 'case study', 'api analysis', 'specific coupling', 'service cutter', 'typical case', 'sound coupling'] 

Reference 1822: ['business logic(s)', 'data flow', 'decomposition', 'microservices', 'monolith', 'software engineering'] 

TOP-K 1823: ['gsd architectural practice framework', 'software architects', 'different gsd organizations', 'in-depth interviews', 'complex set'] 

Reference 1823: ['empirical study', 'global software development', 'gsd', 'gse', 'scrum', 'software architecture'] 

TOP-K 1824: [['monotonicity'], ['multidimensional data'], 'real numbers', 'order-based definition', 'restrictive.the property'] 

Reference 1824: ['aggregation', 'centroid', 'monotonicity', 'multidimensional data', 'spatial median'] 

TOP-K 1825: ['new graph families', 'network models', 'novel generators', 'unprecedented scale'] 

Reference 1825: ['communication-free', 'distributed algorithms', 'graph generation'] 

TOP-K 1826: [['pedestrian detection'], 'multispectral images', 'multispectral data', 'illumination information', 'accurate semantic segmentation', 'pedestrian detector'] 

Reference 1826: ['deep neural networks', 'illumination-aware', 'multispectral fusion', 'pedestrian detection', 'semantic segmentation'] 

TOP-K 1827: ['new clustering approaches', 'relational prototype-based clustering', 'dynamic relational data', 'paper focus'] 

Reference 1827: ['barycentric coordinates', 'clustering', 'data stream', 'relational data'] 

TOP-K 1828: ['multibiometric systems', 'fusion process', 'fusion strategy', 'in-depth study', 'different methodology', 'paper', 'different applications'] 

Reference 1828: ['multibiometric', 'multibiometric-fusion', 'unimodal7'] 

TOP-K 1829: ['incremental entity resolution algorithm', 'entity references', 'pairwise similarity scores'] 

Reference 1829: ['data association', 'entity resolution', 'graph partitioning', 'incremental algorithm'] 

TOP-K 1830: ['two-layered coloring strategy', 'data races', 'novel reordering', 'suboptimal performance', 'efficient execution', 'partitioning techniques', 'current methods', 'data-races lead'] 

Reference 1830: ['finite element', 'finite volume', 'gpu', 'race condition'] 

TOP-K 1831: ['cope feature extractor', ['representation learning'], 'single prototype sound pattern', 'audio signals', 'automatic configuration process', 'feature vectors'] 

Reference 1831: ['audio analysis', 'event detection', 'peaks of energy', 'representation learning', 'trainable feature extractors'] 

TOP-K 1832: ['pansharpening methods', 'development process', 'traditional understanding', 'current understanding', 'holistic review', 'different categories'] 

Reference 1832: ['image fusion', 'meta-analysis', 'multispectral', 'panchromatic', 'pansharpening', 'remote sensing'] 

TOP-K 1833: ['optimal load balancing', 'heterogeneous processors', 'power allocation strategy', 'load balancing problem', 'optimal power allocation', 'generic tasks', 'embedded systems', 'average response time', 'mixed tasks', 'dedicated tasks', 'different amounts', 'minimized.this paper'] 

Reference 1833: ['embedded and distributed system', 'load distribution', 'power allocation', 'queueing model', 'response time'] 

TOP-K 1834: ['programming large scale parallelism', 'memory programming', 'mpi library', 'individual processes', 'novice parallel programmer', ['mental model']] 

Reference 1834: ['distributed memory', 'mental models', 'parallel programming', 'teaching parallel programming'] 

TOP-K 1835: ['jacobi iterations', 'sparse triangular systems', 'large sparse linear systems', 'incomplete factorization preconditioners', 'incomplete factorizations', 'triangular systems', 'iterative method'] 

Reference 1835: ['iterative solvers', 'preconditioning', 'sparse linear systems', 'triangular solves'] 

TOP-K 1836: ['low dimensional space', 'discriminative low-dimensional latent space', 'multi-view manifold', ['locality alignment'], 'input high dimensional data', 'geometric structure', 'original inputs.manifold learning', 'sufficient information'] 

Reference 1836: ['locality alignment', 'manifold learning', 'multi-view learning'] 

TOP-K 1837: ['large-scale storage systems', 'traditional dbmss', 'data-distribution characteristics', 'static taxonomies', 'data volumes', 'innovative platforms', 'new system development', 'traditional approach', 'present distinct trade-offs'] 

Reference 1837: ['big-data', 'distributed storage', 'key–value storage systems', 'peer-to-peer'] 

TOP-K 1838: [['image recognition'], 'non-zero representation coefficients', 'llknn', 'nllknn', 'linear knn', 'representation coefficients', 'nonnegative extension', 'unreasonable negative coefficients', 'linear nearest mean classifier'] 

Reference 1838: ['image recognition', 'locally linear knn', 'nonnegative', 'robustness', 'sparse minimization'] 

TOP-K 1839: ['novel skeletal representation', 'human body', 'dual square-root function', 'multiple rigid bodies', 'gradient-based invariants', 'raw data', 'substantial advantages'] 

Reference 1839: ['articulated human action recognition', 'dual square root function descriptor', 'most informative part', 'rigid body motion trajectory', 'virtual rigid body'] 

TOP-K 1840: ['layered feature representations', 'conventional fixed-margin loss functions', 'adaptive margin loss function', 'large adaptive margin', 'dynamic feature space', 'pairwise samples'] 

Reference 1840: ['deep ranking model', 'metric learning', 'person re-identification'] 

TOP-K 1841: ['selective prefetching', 'state-of-the-art adaptive prefetcher', 'adp', 'local prefetchers', 'individual prefetchers', 'limited memory bandwidth', 'main memory energy', 'low performance', 'performance', 'energy enhancements', 'additional bandwidth'] 

Reference 1841: ['adaptive prefetching', 'deactivation policies', 'global feedback', 'multicore prefetching'] 

TOP-K 1842: [['opportunistic mobile networks'], 'k-hop information', 'mobile devices', 'data forwarding algorithm', 'mobile users', 'data', 'probability estimation', 'data forwarding abilities', 'local area', 'different topics', 'promising technique'] 

Reference 1842: ['delay tolerant network', 'mobile data dissemination', 'opportunistic mobile network'] 

TOP-K 1843: ['force histogram decomposition', 'graph-based hierarchical descriptor', 'discriminative structural features', 'novel bags-of-features framework', 'particular object classification tasks', 'shape information', 'pairwise structural subparts', ['spatial relations']] 

Reference 1843: ['bags of relations', 'force histograms', 'hierarchical representation', 'relative position descriptors', 'spatial relations', 'structural object description'] 

TOP-K 1844: ['model-based framework', 'security knowledge', 'long-term evolution', 'software system'] 

Reference 1844: ['co-evolution', 'security impact analysis', 'security requirements', 'software design', 'software evolution'] 

TOP-K 1845: [['software-defined networking'], ['virtual tenant network'], 'bandwidth utilization', 'bandwidth resource scheduling', 'bandwidth resource planning mechanism', 'planning mechanism'] 

Reference 1845: ['network virtualization', 'resource scheduling', 'routing path', 'service level agreement', 'software-defined networking', 'virtual tenant network'] 

TOP-K 1846: [['hesitant fuzzy sets'], 'fuzzy sets', ['decomposition theorem'], ['hesitant fuzzy set'], 'typical hesitant fuzzy set', 'set', 'well-structured family', 'novel concept'] 

Reference 1846: ['cut set', 'decomposition theorem', 'extension principle', 'hesitant fuzzy set', 'representation theorem'] 

TOP-K 1847: ['multi-view information', 'new gmda-rc', 'different views', 'rich local structural information', 'viewpoint changes', 'horizontal occurrence', 'similar data structures', 'robust representation'] 

Reference 1847: ['generalized multi-view discriminant analysis', 'maximal granularity structure descriptor', 'person re-identification', 'representation consistency'] 

TOP-K 1848: ['end-of-arm force', 'wearable arm gesture sensors', 'accurate end-of-arm force', 'force display system', ['information fusion'], 'disabled people'] 

Reference 1848: ['force display', 'grnn', 'information fusion', 'upper limb rehabilitation'] 

TOP-K 1849: ['stream processing engines', 'low-overhead fault-tolerance', 'efficient group communication overlays', 'dynamic overlay generation', 'pipelined execution', 'group communication operations', 'major classes'] 

Reference 1849: ['dynamic reoptimization', 'storm', 'stream-processing'] 

TOP-K 1850: ['teaching', 'undergraduate engineering students', 'several project-based approaches', 'teaching methodologies', 'varied approaches'] 

Reference 1850: ['course evolution', 'project-based learning', 'requirements engineering'] 

TOP-K 1851: ['nonsmooth optimization techniques', 'minimum sum-of-squares clustering problems', 'clustering problem', 'large data sets', 'nonsmooth optimization problem'] 

Reference 1851: ['bundle methods', 'cluster analysis', 'limited memory methods', 'nonconvex optimization', 'nonsmooth optimization'] 

TOP-K 1852: ['link energy consumption', 'zmesh topology', 'heuristic technique', 'multicast kind'] 

Reference 1852: ['constant geometry', 'diagonal links', 'energy efficiency', 'network-on-chip', 'x-architecture'] 

TOP-K 1853: ['line-guided local warping method', ['image stitching'], 'global similarity constraint', ['line features'], 'geometric descriptions', 'scene constraints'] 

Reference 1853: ['image alignment', 'image stitching', 'line features', 'local warping', 'similarity constraint'] 

TOP-K 1854: ['gdsom-p2p', 'dynamic self-organizing map', 'generic overlay management framework', 'neural network', 'data resources', 'silhouette algorithm', 'data clustering techniques.in', 'vicinity protocol'] 

Reference 1854: ['clustering algorithms', 'distributed computing', 'peer to peer computing'] 

TOP-K 1855: [['atomicity violations'], 'atomicity violation detection', 'concurrent programs', 'major source'] 

Reference 1855: ['atomicity violation', 'concurrency', 'software testing', 'three-access pattern'] 

TOP-K 1856: [['orness degree'], ['suowa operators'], ['shapley value'], 'favor indices', 'several indices', 'closed-form expressions', 'specific cases', 'special case', 'classical example'] 

Reference 1856: ['choquet integral', 'orness degree', 'shapley value', 'suowa operators', 'veto and favor indices'] 

TOP-K 1857: [['gpudirect async'], 'building blocks'] 

Reference 1857: ['asynchronous communication models', 'cuda 8.0', 'gpudirect async', 'infiniband'] 

TOP-K 1858: ['new hierarchical wireless noc', 'wireless links', ['hierarchical structure'], 'analytic hierarchy', 'distant nodes', 'high bandwidth', 'significant factors'] 

Reference 1858: ['ahp', 'hierarchical structure', 'hub location', 'topology', 'wireless network-on-chip'] 

TOP-K 1859: ['spatial pyramid matching', 'high-level image signatures', 'spatial information', 'spatial partitioning scheme', 'spatial pyramid', 'mid-level features', 'scene classification', 'local normalization', 'new type'] 

Reference 1859: ['autoencoder', 'histogram of oriented gradients (hog)', 'scene recognition', 'spatial partition', 'spatial pyramid matching (spm)'] 

TOP-K 1860: ['lgdm consensus model', 'fuzzy preference relations', 'cluster preference', 'clustering method', ['hesitant fuzzy element'], 'decision makers', ['possibility distribution']] 

Reference 1860: ['consensus', 'hesitant fuzzy element', 'large-scale group decision making (lgdm)', 'local feedback strategy', 'possibility distribution'] 

TOP-K 1861: ['deep gaussian processes', 'topic modeling', 'novel variational inference scheme', 'well-known latent dirichlet allocation', 'sparse gaussian processes', 'non-linear classification'] 

Reference 1861: ['gaussian processes', 'latent dirichlet allocation', 'nonparametric bayesian inference', 'supervised topic models', 'variational inference'] 

TOP-K 1862: ['raw iot data', ['smart city'], 'edge computing approach', 'edge devices', 'latency', ['situational awareness'], 'decision makers', 'seamless fashion'] 

Reference 1862: ['edge computing', 'internet of things', 'situation awareness', 'smart city'] 

TOP-K 1863: ['scheduling problem', 'machine learning technique', 'execution time', 'acyclic graph', 'scheduling policy'] 

Reference 1863: ['distributed systems', 'machine learning', 'sarsa', 'scheduling'] 

TOP-K 1864: ['design phase metrics', 'early software defect prediction', 'categorical models', 'requirements phase', 'continuous models', 'scientific literature', 'general view'] 

Reference 1864: ['early defect prediction', 'prediction model', 'software defect', 'software quality', 'systematic literature review', 'systematic mapping'] 

TOP-K 1865: ['global scheduler mixheter', ['heterogeneous environments'], 'heterogeneous nodes', ['mixed workloads'], 'label-based scheduling', 'poor performances', 'capacity scheduler', 'experimental results', 'different resource preferences', 'improper allocation', 'unreasonable allocation', 'main reasons'] 

Reference 1865: ['global optimization', 'heterogeneous environments', 'mixed workloads', 'scheduling', 'utility function'] 

TOP-K 1866: ['runtime programmable infrastructure', 'cyber-foraging tactics', 'cyber-foraging systems', 'experimentation approach', 'next step'] 

Reference 1866: ['cyber-foraging', 'energy efficiency', 'resilience', 'software architecture', 'software engineering', 'software sustainability'] 

TOP-K 1867: [['text analytics'], 'hardware description', 'multi-threaded software implementation', 'compilation framework'] 

Reference 1867: ['accelerator', 'fpga', 'query compilation', 'text analytics'] 

TOP-K 1868: [['connected vehicles'], 'agents', 'traffic control system', 'automatic negotiation', 'traffic signal', 'case study'] 

Reference 1868: ['connected vehicle', 'distributed traffic control', 'group mutual exclusion', 'internet of agents', 'v2v communication'] 

TOP-K 1869: ['voronoi blind-zone polygon', 'possible cases'] 

Reference 1869: ['centroid', 'coverage', 'mobile wireless sensor networks', 'sensor deployment', 'voronoi diagram'] 

TOP-K 1870: ['load balancing', 'energy efficiency', 'fitness function', 'total energy consumption'] 

Reference 1870: ['clustering algorithm', 'energy-efficiency', 'genetic algorithm', 'network life cycle', 'routing', 'wireless sensor networks'] 

TOP-K 1871: ['semi-supervised hsi classification tasks', 'semi-supervised hsi classification', 'sparse representation', 'graph construction methods', 'class structure', 'impressive performance'] 

Reference 1871: ['hyperspectral image (hsi) classification', 'probabilistic class structure', 'semi-supervised learning (ssl)', 'sparse representation (sr)', 'spatial regularization'] 

TOP-K 1872: [['metric learning'], 'multi-modality mining approach', 'shift-invariant property', 'log-chromaticity space', 'scene-specific distance', ['person re-identification'], 'metric learning model', 'illumination changes', 'multiple modalities', 'global sense.learning'] 

Reference 1872: ['diagonal model', 'metric learning', 'multi-modality mining', 'person re-identification'] 

TOP-K 1873: ['iba-based hardware', 'iba-based networks', 'closed-loop congestion control mechanism', 'congestion problems', 'new approach'] 

Reference 1873: ['congestion management', 'high-performance computing', 'infiniband', 'interconnection networks', 'openfabrics software (ofs)', 'virtual lanes'] 

TOP-K 1874: ['gof structural design patterns', 'well-designed search order', 'candidate pattern instances', ['ordered sequences'], 'high precision', 'extensive experiments'] 

Reference 1874: ['design pattern', 'design pattern discovering', 'directed sub-graph isomorphism', 'ordered sequence', 'structural design pattern'] 

TOP-K 1875: ['emfis model', 'continuous integration impediments', 'large-scale software-intensive embedded systems', 'developers', 'case study companies', 'frequent integration', 'current situation', 'literature study', 'organization'] 

Reference 1875: ['continuous delivery', 'continuous integration', 'embedded systems', 'large-scale', 'software integration'] 

TOP-K 1876: ['private cloud', 'framework', 'cluster utilization', 'cost savings', 'mr applications', 'resource allocation', 'cluster resources', 'workload types', 'penalty costs'] 

Reference 1876: ['mapreduce', 'nonlinear programming', 'resource management', 'shared clusters', 'web service'] 

TOP-K 1877: [['evidential reasoning'], 'discrete evidence', 'discrete information', 'counterintuitive behavior', 'technical support', 'theoretical basis', 'discrete structure', 'combination'] 

Reference 1877: ['decision making', 'discrete belief structure', 'evidential reasoning'] 

TOP-K 1878: ['feature extraction', 'h', 'pattern recognition', 'digital signal processing', 'dsp', 'cutting-edge point-of-view', 'main subject', 'important information', 'ordinary calculation', 'pr communities'] 

Reference 1878: ['deep networks', 'entropy', 'handcrafted feature extraction', 'image synthesis', 'information fusion', 'restricted-vocabulary speech recognition'] 

TOP-K 1879: ['distance metric learning problem', 'nearest-neighbor classification', 'convex functions'] 

Reference 1879: ['dc programming', 'distance metric learning', 'linear transformation', 'nearest neighbor'] 

TOP-K 1880: ['euclidean dimension', ['toric ideal'], ['markov network'], 'general bayesian network', 'discrete markov network', 'concept class', 'dimension', 'dimensional values', 'corresponding toric ideal offers'] 

Reference 1880: ['bayesian networks', 'classification', 'markov networks', 'toric ideal', 'vapnik–chervonenkis dimension'] 

TOP-K 1881: ['label ranking association rules', ['association rules'], 'pairwise association rules', 'class association rules', 'preference data', 'label ranking task'] 

Reference 1881: ['association rules', 'label ranking', 'pairwise comparisons'] 

TOP-K 1882: ['lbp feature', 'face recognition', ['divide-and-rule strategy'], 'face representation', 'recognition performance', 'slight illumination'] 

Reference 1882: ['divide-and-rule strategy', 'face recognition across pose', 'huffman', 'lbp'] 

TOP-K 1883: ['bag-of-embedded words', 'textual bag-of-words model', 'text documents', 'boew model', 'relevance feedback techniques', 'information need', 'fast way'] 

Reference 1883: ['bag-of-features', 'bag-of-words', 'dictionary learning', 'information retrieval', 'relevance feedback', 'word embeddings'] 

TOP-K 1884: [['agile'], 'agile software development practitioners', 'seven-tier ranking', ['practices'], 'literature study', ['importance'], 'wide range'] 

Reference 1884: ['agile', 'importance', 'practices', 'requirements engineering', 'survey study'] 

TOP-K 1885: [['big data analytics'], 'mapreduce programming framework', 'scalability issues', 'process fusion', 'short experimental study', 'main paradigm'] 

Reference 1885: ['big data analytics', 'information fusion', 'machine learning', 'mapreduce', 'spark'] 

TOP-K 1886: ['dynamic scheduling strategy', 'node availability prediction techniques', ['divisible load theory'], 'high performance', 'efficient scheduling strategy', 'network topology', 'total processing time', 'many intrinsic characteristics'] 

Reference 1886: ['cloud computing', 'divisible load theory', 'multi-cloud system', 'prediction techniques', 'scheduling strategy'] 

TOP-K 1887: ['big data processing', 'massive scalability', 'popular parallel computing framework', 'prediction tool', 'comprehensive tuning', 'computing environment'] 

Reference 1887: ['hpc', 'mapreduce', 'prediction', 'tuning'] 

TOP-K 1888: ['oss ecosystems', 'cap model', 'firms', ['contribution strategies'], 'business impact', 'operational oi perspective', 'control complexity'] 

Reference 1888: ['contribution strategy', 'open innovation', 'open source software', 'product planning', 'product strategy', 'software ecosystem'] 

TOP-K 1889: ['quantum computing', 'non-dominated sorting', 'pareto fronts', 'genetic algorithm', 'computational resources', 'qglbs exploits', 'prime concerns'] 

Reference 1889: ['batch scheduling', 'heterogeneous distributed systems', 'load balancing', 'load balancing cost ratio', 'load imbalance', 'workflow application'] 

TOP-K 1890: [['multi-label learning'], 'great time complexity', 'storage burden', 'feature dimension'] 

Reference 1890: ['feature selection', 'missing labels', 'multi-label learning'] 

TOP-K 1891: ['hesitance', 'group decision-making', 'individual consensus measures', 'non-overlapping assessments', 'agreement measurement', 'decision makers', 'opinions.present measures'] 

Reference 1891: ['consensus measures', "decision maker's profile", 'group decision making', 'hesitant fuzzy linguistic term sets'] 

TOP-K 1892: ['nonlinear embedding', ['extreme learning machine'], 'original data', 'neural network', 'data similarity matrix', 'clustering capability', 'promising clustering performance', 'recent years', 'graph learning.adaptive graph', 'reliable basis'] 

Reference 1892: ['constrained laplacian rank', 'embedding', 'extreme learning machine', 'graph laplacian', 'graph-based clustering'] 

TOP-K 1893: ['model-driven contextual help', 'ui adaptations', 'adaptive interfaces', 'help models', 'visual notation', 'contextual'] 

Reference 1893: ['adaptive user interfaces', 'contextual help', 'design tools and techniques', 'model-driven help', 'software support'] 

TOP-K 1894: [['network embedding'], ['nonnegative matrix factorization'], 'single-layer network', 'structural properties', 'whole network', ['multilayer network'], 'degree distribution'] 

Reference 1894: ['multilayer network', 'network embedding', 'nonnegative matrix factorization'] 

TOP-K 1895: ['algorithm'] 

Reference 1895: ['coevolutionary', 'cooperative', 'metaheuristics', 'parallelism', 'particle swarm optimization'] 

TOP-K 1896: [['lyapunov optimization'], 'unit-slot optimization', ['average response time'], 'online algorithm', 'near-optimal online solution', 'three-way tradeoff', 'application loss', 'average cost', 'average number'] 

Reference 1896: ['average response time', 'fog computing', 'internet of things', 'lyapunov optimization'] 

TOP-K 1897: ['large code modifications', 'github projects', ['unusual events'], 'developers', 'qualitative evidence', 'unusual amounts', 'corresponding information', 'answers', 'comprehensive list'] 

Reference 1897: ['awareness', 'github', 'unusual events'] 

TOP-K 1898: ['dbaas systems', ['workload migration'], 'qos guarantees', 'computation resources', 'resource utilization', 'single database server', 'dual-engine scheme', 'novel scheme', 'operational cost', 'appropriate engine'] 

Reference 1898: ['cloud computing', 'database-as-a-service', 'multi-tenancy', 'workload consolidation', 'workload migration'] 

TOP-K 1899: ['prefetching-aware data replication', 'file access history', 'data files', 'new dynamic replication strategy', 'energy consumption', 'retrieval time', 'effective technique', 'popular files.data replication'] 

Reference 1899: ['cloud computing', 'data replication', 'fuzzy logic', 'simulation'] 

TOP-K 1900: ['cloud-based architectures', 'traffic classification', 'automatic attack detection systems', 'deep traffic inspection', 'cloud', 'processing intelligence', 'edge computing capabilities', 'large-scale machine', 'storage-demanding operations', 'devices', 'computational tasks', 'data sources', 'recent advancements', 'order'] 

Reference 1900: ['attack detection', 'distributed machine learning', 'edge computing', 'extreme learning machines', 'iot'] 

TOP-K 1901: ['multi-view convolutional features', 'complex relation patterns', 'heterogeneous properties', 'model interpretability', 'data objects', 'effective multi-view multimodal similarity', 'much improved learning performance', 'improved object representation', 'convolutional layers', 'entire model variables', 'multiple hidden relation types', 'ranking loss'] 

Reference 1901: ['convolutional auto-encoder', 'multi-view learning', 'multimodal similarity learning', 'representation learning'] 

TOP-K 1902: ['cloud computing environment', 'combinatorial double auction-based market', 'storage resources'] 

Reference 1902: ['cloud computing', 'combinatorial double auction', 'resource allocation', 'virtual machine (vm)'] 

TOP-K 1903: ['ics networks', 'industrial cloud', 'industrial cloud network', 'deep learning', 'malicious software', 'adaptive threat detection model', 'malicious activities', 'significant threat', 'extensive integration'] 

Reference 1903: ['deep belief network', 'dynamic analyses', 'industrial control system', 'malware behavior selection', 'semi-supervised model'] 

TOP-K 1904: ['ousns data forwarding problem', 'gps devices', 'current time slot sequences', 'node positions', 'data packets', 'movement speeds', 'data holders'] 

Reference 1904: ['adaptive data forwarding', 'delivery ratio', 'energy consumption', 'opportunistic underwater sensor networks', 'transmission delay'] 

TOP-K 1905: ['denial-of-service attacks', 'application-level resource exhaustion', 'starvation attacks', ['early detection'], 'attackers engineer conditions', 'novel system'] 

Reference 1905: ['early detection', 'kernel tracing', 'probabilistic finite automata', 'resource exhaustion', 'starvation'] 

TOP-K 1906: [['m-dimensional distorted probabilities'], 'decomposable m-dimensional distorted probabilities', 'finite case', 'reference set', 'definition', 'family'] 

Reference 1906: ['fuzzy measure', 'm-dimensional distorted probabilities', 'non-additive measures'] 

TOP-K 1907: ['conventional image fusion research', ['convolutional neural networks'], 'dl techniques', 'image fusion methods', 'main difficulties', ['convolutional sparse representation']] 

Reference 1907: ['convolutional neural network', 'convolutional sparse representation', 'deep learning', 'image fusion', 'stacked autoencoder'] 

TOP-K 1908: ['multimodal biometrics', 'new mcs architectures', 'robust multimodal biometric systems', 'general population statistics', 'pattern-specific particularities', 'context information', 'input quality measures', 'technical detail recent trends', 'adaptive way'] 

Reference 1908: ['adaptive', 'biometrics', 'classifier', 'context', 'fusion', 'multimodal'] 

TOP-K 1909: ['inertial sensors', 'aggregation approach', ['activity recognition'], 'heterogeneous types', 'previous works'] 

Reference 1909: ['accelerometer', 'activity recognition', 'multi-view learning', 'sound', 'stacked generalization'] 

TOP-K 1910: [['dom cross-site scripting'], 'black-box fuzzing', 'dom-xss', 'taint tracking', 'dynamic detection framework', ['static analysis'], ['dynamic analysis'], 'detection methods', 'client side.most work'] 

Reference 1910: ['dom cross-site scripting', 'dynamic analysis', 'static analysis', 'vulnerabilities'] 

TOP-K 1911: ['parallel simulated annealing algorithm', ['gpgpu'], 'multidimensional knapsack problem', 'parallel sa', 'emblematic np-hard problems', 'execution time', 'sequential programs', 'reference works', 'quality solutions'] 

Reference 1911: ['0–1 multidimensional knapsack problem', 'gpgpu', 'simulated annealing'] 

TOP-K 1912: [['person re-identification'], 'mahalanobis distance', ['metric learning'], 'least-square regression technique', 'simple geometric intuition', 'regular simplex', 'minimum side length', 'different vertices', 'different persons', 'images', 'side length'] 

Reference 1912: ['equidistance embedding', 'metric learning', 'person re-identification'] 

TOP-K 1913: ['novel decoupled sub-graph compression', 'scalable image segmentation', 'final image segmentation'] 

Reference 1913: ['decoupling', 'graph compression', 'scalability', 'segmentation'] 

TOP-K 1914: ['wearable activity recognition system', 'multi-sensor fusion', 'ensemble pruning system', 'system', 'experimental studies', 'ensemble algorithms'] 

Reference 1914: ['body sensor networks', 'ensemble pruning', 'human activity recognition', 'multi-sensor data fusion'] 

TOP-K 1915: [['software-defined power meters'], 'cpu power models', 'middleware toolkit', 'configurable/interchangeable learning technique', 'memory-intensive workloads', 'cpu', 'novel toolkit', 'cpu architectures', 'amd processors', ['power model'], 'large variety', 'wide diversity'] 

Reference 1915: ['energy monitoring', 'open testbed', 'power models', 'software toolkit', 'software-defined power meters'] 

TOP-K 1916: ['important skeleton-based identification methods', 'present proposal', 'meaningful way.craniofacial superimposition'] 

Reference 1916: ['computer vision', 'craniofacial superimposition', 'decision making', 'forensic anthropology', 'fuzzy aggregation operators', 'information fusion'] 

TOP-K 1917: ['dimensionality reduction methods', 'unlabeled samples', 'real hyperspectral data', 'discriminant analysis', 'pseudo labels', 'classification performance', 'experimental results'] 

Reference 1917: ['dimensionality reduction', 'dirichlet process mixture model', 'hyperspectral data classification', 'semi-supervised learning'] 

TOP-K 1918: ['real-time activity monitoring algorithm', 'human energy expenditure estimation', 'bodymedia armband', 'energy expenditure', ['smartphone sensors'], 'device configuration', ['wristband sensors'], ['activity recognition'], 'microsoft band'] 

Reference 1918: ['activity recognition', 'estimation of energy expenditure', 'machine learning', 'smartphone sensors', 'wristband sensors'] 

TOP-K 1919: ['dw/bia development', ['top management commitment'], 'plan-driven aspects', ['agile values'], ['shared understanding'], 'strong antecedents', 'significant antecedents', '30-item questionnaire', 'research questions'] 

Reference 1919: ['agile values', 'analytics', 'business intelligence', 'plan-driven', 'shared understanding', 'top management commitment'] 

TOP-K 1920: ['historical handwritten documents', 'template-based keyword', 'learning-based keyword', 'benchmark datasets', 'exhaustive experimental evaluation', 'outperform several state-of-the-art methods', 'novel reliable approach'] 

Reference 1920: ['bipartite graph matching', 'ensemble methods', 'graph representation', 'handwritten keyword spotting'] 

TOP-K 1921: ['model search layer', 'different solvers', 'transformation layer'] 

Reference 1921: ['alloy', 'model search', 'model transformations'] 

TOP-K 1922: ['u-curve feature selection', 'optimal feature selection', 'fast branch-and-bound algorithm', ['u-curve assumption'], 'cost function', 'original algorithm'] 

Reference 1922: ['branch-and-bound algorithm', 'feature selection', 'u-curve assumption', 'w-operator design'] 

TOP-K 1923: ['time series', 'modis product', 'temporal data fusion approach', 'spatial resolution', 'temporal dimensions'] 

Reference 1923: ['landsat', 'modis', 'remote sensing', 'spatial and temporal data fusion', 'temporal validation'] 

TOP-K 1924: ['application performance', 'network configurations', 'performance characteristics', 'particular network configuration', 'application', 'performance trend', 'single replay', 'many latency', 'bandwidth parameters'] 

Reference 1924: ['parallel application', 'performance analysis', 'tool'] 

TOP-K 1925: ['computational efficiency', 'data', 'calculation accuracy', 'method'] 

Reference 1925: ['contour line', 'marine information', 'marine internet of things', 'triangle grid'] 

TOP-K 1926: ['byzantine nodes', 'near-optimal algorithm', 'fusion center', 'system states', 'binary decision', 'computational burden', 'optimum fusion rule.we'] 

Reference 1926: ['adversarial signal processing', 'decision fusion in adversarial setting', 'decision fusion in the presence of byzantines', 'factor graph', 'message passing algorithm'] 

TOP-K 1927: ['temporal properties', 'large-scale programs', 'full regular temporal properties', 'parallel approach', 'real world'] 

Reference 1927: ['full regular properties', 'model checking', 'parallel', 'program verification', 'runtime verification'] 

TOP-K 1928: ['weight-shape decomposition', 'image analysis', 'shape distribution', 'edge detector'] 

Reference 1928: ['density estimate', 'image contour extraction', 'maximum entropy', 'mean-shift clustering', 'quantum clustering'] 

TOP-K 1929: ['java programming', 'web-based programming environment', 'object-oriented programming', 'educational oop environments', ['uml diagrams'], 'jaguarcode.to increase program comprehension', 'various visualization techniques', 'dynamic execution traces'] 

Reference 1929: ['object-oriented', 'programming environment', 'static and dynamic visualization', 'uml diagram', 'web-based'] 

TOP-K 1930: ['performance main-memory database operators', 'state-of-the-art database operators', 'memory stalls', ['many-core processors'], 'online analytical processing', 'many-core architectures', 'resource underutilization'] 

Reference 1930: ['fine-grained scheduling', 'in-memory query processing', 'many-core processor'] 

TOP-K 1931: [['quantitative preference'], 'user similarity', ['qualitative preference'], 'similarity measures'] 

Reference 1931: ['collaborative filtering', 'qualitative preference', 'quantitative preference', 'service recommendation', 'similar user'] 

TOP-K 1932: ['m-healthcare applications', 'real-time services', 'potential disease', 'multi-dimensional features'] 

Reference 1932: ['cloud computing', 'internet of things (iot)', 'm-health', 'smart student interactive system (ssis)', 'user diagnosis result (udr)'] 

TOP-K 1933: ['maximum entropy sampling principle', 'infotaxis algorithm', 'simulated scenarios', 'mean search time'] 

Reference 1933: ['autonomous search', 'bayesian inference', 'dispersion modelling', 'sensor management', 'sequential monte carlo', 'turbulent flow'] 

TOP-K 1934: ['nonlinear feature fusion', ['feature fusion'], 'manifold learning', 'classical techniques', 'broad view', 'broad range'] 

Reference 1934: ['autoencoders', 'deep learning', 'feature extraction', 'feature fusion', 'machine learning', 'representation learning'] 

TOP-K 1935: ['smart wearable devices', 'small wearable device', 'chronic illness monitoring', 'smart architecture', 'children', 'heart rate', 'body temperature', 'correct operation'] 

Reference 1935: ['child monitoring', 'chronic diseases', 'ehealth', 'smart algorithm', 'wearable devices'] 

TOP-K 1936: ['teaching supercomputer disciplines', ['supercomputing simulation'], ['computational mathematics'], 'degree training program', 'content', 'detailed description'] 

Reference 1936: ['computational mathematics', 'hpc education', 'parallel computing', 'supercomputer', 'supercomputing simulation'] 

TOP-K 1937: ['heterogeneous many-core system', 'high dimensional data space', 'execution management policies', 'data structures', 'system bottlenecks.bayesian sequential partitioning', 'computation capability', 'effective density estimation method'] 

Reference 1937: ['data processing', 'design and optimization', 'heterogeneous system', 'many-core system', 'performance analysis'] 

TOP-K 1938: ['resource discovery protocols', 'design aspects', 'related aspects', 'general steps', 'novel resource discovery solution', 'current state'] 

Reference 1938: ['distributed systems', 'grid computing', 'hpc', 'p2p', 'resource description', 'resource sharing'] 

TOP-K 1939: ['access permissions', 'local area network', 'protected pointer', 'protection system', 'node.with reference'] 

Reference 1939: ['access right', 'distributed system', 'parametric one-way function', 'protection', 'revocation', 'segment'] 

TOP-K 1940: ['software tool support', ['awareness'], ['trust'], 'software developers', 'software teams', 'detailed accounts'] 

Reference 1940: ['attribution error', 'awareness', 'empirical studies', 'global software engineering', 'perceived trustworthiness', 'trust'] 

TOP-K 1941: ['passive-aggressive online learning', 'non-convex optimization problem', 'nonlinear mapping functions', 'online learning framework', 'novel binary classification approach', 'different convex problems'] 

Reference 1941: ['binary classification', 'nonlinear embedding', 'nonlinear functions', 'online learning', 'passive-aggressive'] 

TOP-K 1942: ['deep neural nets', 'enormous unlabeled sets', 'adaptive weighting scheme', 'local scaling', 'predictor architectures', ['expression recognition']] 

Reference 1942: ['deep learning', 'expression recognition', 'machine learning', 'neural nets', 'video classification'] 

TOP-K 1943: [['width hyper-parameters']] 

Reference 1943: ['feature space', 'gaussian kernel clustering', 'kernelization of the metric', 'width hyper-parameter'] 

TOP-K 1944: ['cross-modal deep neural networks', 'multimedia big data', 'binary codes', 'multimedia retrieval', 'research interests', 'novel framework', 'explosive growth'] 

Reference 1944: ['alternative optimization', 'cross-modal retrieval', 'deep learning', 'discrete hashing'] 

TOP-K 1945: [['matrix polynomial equation'], 'energy consumption', 'numerical experiment', 'regime switching scheme', 'research paper', '1-type markov process', 'equilibrium analysis', 'structured g', 'significant decrease'] 

Reference 1945: ['energy efficiency', 'explicit solution', 'g∕m∕1-type markov process', 'matrix polynomial equation', 'matrix-analytic method'] 

TOP-K 1946: ['discrete-time state-saturated systems', ['wireless sensor network'], 'measurement losses', 'redundant communication channels', 'measurement model'] 

Reference 1946: ['distributed filters', 'event-based strategy', 'redundant channels', 'state-saturated systems', 'wireless sensor networks'] 

TOP-K 1947: [['feature selection'], 'general framework', 'new field', 'many techniques'] 

Reference 1947: ['boosting', 'classifier ensembles', 'feature selection'] 

TOP-K 1948: ['energy-saving problem', 'heterogeneous task assignment algorithm', 'energy-aware heterogeneous cloud management', 'remote cloud servers', 'heterogeneous core processors', 'energy wastes', 'main algorithm', 'model'] 

Reference 1948: ['cloud computing', 'cyber-enabled applications', 'energy-aware', 'mobile embedded systems', 'np-hard', 'task assignment'] 

TOP-K 1949: [['github'], 'microsoft project tools', 'software analysis assessment tool', 'student feedback', 'collaborative software development platform', 'teamwork experience'] 

Reference 1949: ['collaborative software development', 'github', 'microsoft project', 'software engineering course', 'sonarqube', 'teamwork'] 

TOP-K 1950: ['ga-optimized neural network', 'gps infrastructure', 'bp neural network', 'rear-end collision avoidance system', 'collision prediction model', 'probabilistic model', 'possible collision risk', 'communication', 'possible accidents', 'important influential factors'] 

Reference 1950: ['genetic algorithm', 'internet of vehicles', 'neural network', 'rear-end collision'] 

TOP-K 1951: [['social network graphs'], 'multicore cpu', 'different heterogeneous chips', 'algorithmic implementation', 'several approaches', 'particular example'] 

Reference 1951: ['bfs', 'heterogeneous chips', 'performance–energy efficiency', 'social network graphs'] 

TOP-K 1952: ['design implications', ['smart home'], 'smart home control', ['ambient intelligence'], 'future tools', 'end users', 'critical issue'] 

Reference 1952: ['ambient intelligence', 'end-user development', 'internet of things', 'rule-based paradigm', 'smart home'] 

TOP-K 1953: ['thread safe graphics library', 'tsgl', 'parallel visualizations', 'parallel behavior', 'parallel patterns', 'program'] 

Reference 1953: ['graphics', 'library', 'multicore', 'parallel', 'threads', 'visualization'] 

TOP-K 1954: ['auto-clean cnn models', 'food images', 'automatic image cleaning', 'food materials', 'clean images', ['multi-class prediction'], 'original images', 'new approach', 'complex characteristics', 'online prediction'] 

Reference 1954: ['cnn model', 'fast auto-clean', 'food image detection', 'multi-class prediction'] 

TOP-K 1955: ['day-ahead total electricity load', 'original electricity load data', 'history electricity load data', ['deep learning'], 'heterogeneous deep model', 'related temperature parameters', 'abstract features', 'model', ['support vector regression'], 'load tendency', 'significant contribution'] 

Reference 1955: ['deep learning', 'feature extraction', 'multi-modal', 'stacked denoising auto-encoders', 'support vector regression'] 

TOP-K 1956: [['file-injection attack resilience'], ['searchable encryption'], 'ongoing challenge', 'kga resilience'] 

Reference 1956: ['cloud-of-things', 'file-injection attack resilience', 'forward privacy', 'insider keyword guessing attack resilience', 'internet of things', 'searchable encryption'] 

TOP-K 1957: ['outsourced database', 'data integrity', 'verifiable auditing scheme', 'outsourced data', ['cloud computing'], 'third party auditor', 'physical possession', 'challenging task'] 

Reference 1957: ['cloud computing', 'database outsourcing', 'integrity auditing', 'outsourcing security'] 

TOP-K 1958: ['high-performance in-memory file system', 'computer architecture'] 

Reference 1958: ['hybrid memory architecture', 'in-memory file system', 'multi-versioning', 'non-volatile memory'] 

TOP-K 1959: ['k-mutual exclusion', 'autonomic solution', 'k copies', 'critical resource', 'single process'] 

Reference 1959: ['distributed applications', 'fault-tolerance', 'hypercube-like topology', 'mutual exclusion', 'reliable broadcast'] 

TOP-K 1960: ['virtual machines', 'energy-aware scheduler', 'hibernation', 'resource allocation', 'energy-aware strategies', 'energy-efficiency policies', 'task scheduling', 'significant improvement'] 

Reference 1960: ['cloud computing', 'cloud security', 'energy efficiency', 'genetic algorithms', 'independent task scheduling', 'vm hibernating'] 

TOP-K 1961: ['bpel programs', 'execution semantics', 'model checking', 'formal languages', 'previous works', 'various sizes'] 

Reference 1961: ['bip', 'formal verification', 'programming language semantics', 'ws-bpel'] 

TOP-K 1962: ['cross-view correlation', 'within-view similarity information', 'single view', 'similarity measure', 'neighbor samples'] 

Reference 1962: ['canonical correlation analysis', 'clustering', 'semi-paired learning'] 

TOP-K 1963: ['lidc-idri dataset', 'deep convolutional neural network', 'nodules', 'gray level co-occurrence matrix', 'algorithm', 'fourier shape descriptor', 'texture descriptor', 'slice-by-slice basis', 'feature representation'] 

Reference 1963: ['adaboost, information fusion', 'back propagation neural network (bpnn)', 'chest ct', 'deep convolutional neural network (dcnn)', 'lung nodule classification'] 

TOP-K 1964: ['prngs', 'lut-sr family', 'self-programmable cellular automaton', 'many prng architectures', 'embedded fpga shift'] 

Reference 1964: ['cellular automaton', 'fpga', 'random number generator'] 

TOP-K 1965: ['fine-grained human action recognition', 'small-scale image regions', 'fine-grained action information', 'video sequences', 'general human actions'] 

Reference 1965: ['action recognition', 'human pose', 'video understanding'] 

TOP-K 1966: ['novel dissimilarity learning method', 'standard visualisation datasets', 'time series', 'linear dissimilarity', 'approach'] 

Reference 1966: ['dissimilarity', 'multidimensional scaling', 'rbf network', 'visualisation'] 

TOP-K 1967: ['energy efficiency', 'end-to-end delay', 'network performance', 'simulation results', 'dual decomposition method', 'single-hop delay', 'local channel information', 'centralized problem', 'relay nodes', 'relay node', 'network characteristics', 'channel states'] 

Reference 1967: ['cooperative transmission', 'delay constraint', 'distributed routing', 'iot and cyber-enabled applications'] 

TOP-K 1968: ['resource allocation techniques', 'power', 'co-location aware resource management', 'high power consumption', 'different facility configurations', 'data center operators', 'sensitivity analysis', 'different workload environments', 'extraordinary electricity costs', 'thermal constraints', 'electricity budget', 'rigorous analysis'] 

Reference 1968: ['dvfs', 'heterogeneous computing', 'memory interference', 'power-aware computing', 'resource management', 'thermal-aware computing'] 

TOP-K 1969: [['gait dynamics graph'], 'large benchmark gait databases', 'new gait representation', 'individual identification'] 

Reference 1969: ['biometrics', 'gait dynamics graph', 'gait recognition', 'gait representation'] 

TOP-K 1970: [['facial attribute classification'], ['multi-label learning'], 'fnet', 'facial attributes', 'mnet', 'multi-label learning network', 'multiple attributes', 'face detection network', 'attribute grouping', 'effective loss weight scheme'] 

Reference 1970: ['convolutional neural networks', 'deep learning', 'facial attribute classification', 'multi-label learning', 'transfer learning'] 

TOP-K 1971: ['big data processing', 'projects', 'linux tools', 'sophisticated big data processing', 'hadoop mapreduce', 'database queries'] 

Reference 1971: ['big data', 'cloud computing', 'curriculum', 'undergraduate education'] 

TOP-K 1972: ['chinese sentiment classification model', 'convolution control block'] 

Reference 1972: ['convolutional neural network', 'deep learning', 'natural language processing', 'sentiment analysis'] 

TOP-K 1973: ['adaptation mechanisms', ['software product lines'], ['service compositions'], 'product line reconfiguration', 'non-functional quality requirements'] 

Reference 1973: ['feature model', 'self adaptation', 'service composition', 'software product lines'] 

TOP-K 1974: ['he-based data aggregation schemes', ['secure data aggregation'], 'unauthorized aggregation', 'limited aggregation functions', 'hostile environment'] 

Reference 1974: ['homomorphic encryption', 'recoverable', 'secure data aggregation', 'wireless sensor networks'] 

TOP-K 1975: [['use case modeling'], 'restricted use case modeling', 'system requirements', ['uncertainty']] 

Reference 1975: ['belief', 'uncertainty', 'use case modeling'] 

TOP-K 1976: [['handwritten word recognition'], 'low-resource scripts', 'novel cross language platform', 'scripts', 'target script', 'source script', 'large dataset', 'sufficient training data', 'available script'] 

Reference 1976: ['cross language recognition', 'handwritten word recognition', 'hidden markov model', 'indic script recognition', 'script similarity', 'word spotting'] 

TOP-K 1977: ['open meta-modelling frameworks', 'meta-object protocols', 'meta-modelling environments', 'situation'] 

Reference 1977: ['protocol', 'security', 'xml'] 

TOP-K 1978: ['architectural knowledge', 'failure propagation', 'component failure predictors', 'bayesian networks', 'architectural models', 'component dependencies'] 

Reference 1978: ['component-based software systems', 'online failure prediction', 'reliability'] 

TOP-K 1979: [['write-once memory'], 'write-once bits', 'general shared-memory objects', 'large values', 'sequential setting'] 

Reference 1979: ['concurrent algorithms', 'space complexity', 'write-once memory'] 

TOP-K 1980: [['software product innovation'], ['internal startup'], 'software startup community', ['large companies'], 'startup approach', 'recent years'] 

Reference 1980: ['internal startup', 'large companies', 'lean internal startup', 'lean startup', 'method-in-action', 'software product innovation'] 

TOP-K 1981: [['metamodels'], 'change propagation analysis', 'case study', 'various artifacts', 'different configurations', 'propagation rules'] 

Reference 1981: ['change impact analysis', 'maintenance cost estimation', 'manufacturing system', 'metamodeling', 'production automation', 'programmable logic controller'] 

TOP-K 1982: ['online scheduling', 'stackelberg game.a key function', 'edge service provider', 'various tasks', 'relevant resources'] 

Reference 1982: ['allocation scheduling', 'edge computing resourcing', 'equilibrium', 'repeated stackelberg game'] 

TOP-K 1983: ['runtime performance', 'efficiency', 'ideal computational runtime'] 

Reference 1983: ['fpga', 'high-level synthesis', 'high-performance computing', 'lost cycle analysis', 'performance efficiency', 'vivado hls'] 

TOP-K 1984: ['heterogeneous artefacts', 'process models', 'collaborative engineering', 'system inconsistencies', 'systems structure', 'novel software tool', 'requirements specifications', 'wide range'] 

Reference 1984: ['model integration', 'model-based systems engineering', 'product service systems', 'traceability'] 

TOP-K 1985: ['cold-start users', 'keyword-aware recommender systems', 'user initial ratings', 'keyword datasets', 'item domains', 'common architecture', 'extra information', 'external user'] 

Reference 1985: ['cold-start problem', 'collaborative filtering', 'keyword-aware', 'recommendation'] 

TOP-K 1986: ['foreground detection technologies', 'foreground detection', 'computer vision', 'camera devices', 'new technology', 'challenging problems', 'important research area'] 

Reference 1986: ['arbitrary algorithm', 'change detection', 'ensemble learning', 'foreground segmentation', 'real-time applications', 'stopped object detection'] 

TOP-K 1987: ['human hand', 'estimation system', 'recent years', 'hot topic'] 

Reference 1987: ['convolutional neural network', 'deep learning', 'hand detection', 'hand pose estimation', 'spherical part model'] 

TOP-K 1988: ['security-sensitive mixed-criticality system', 'mixed-criticality systems', 'system-level design framework', 'energy optimization', 'hard real-time constraints', 'security-critical applications', 'system model'] 

Reference 1988: ['distributed real-time system', 'energy', 'mixed-criticality', 'scheduling', 'security', 'system design'] 

TOP-K 1989: ['biometric template protection schemes', 'template protection schemes', 'bloom filters', 'biometric reference data', 'various biometric characteristics', 'key system properties', 'past years', 'unlinkable manner'] 

Reference 1989: ['biometrics', 'irreversibility', 'multi-biometrics', 'privacy', 'template protection', 'unlinkability'] 

TOP-K 1990: ['multimodal data', 'clustering data', ['sparse subspace clustering'], 'subspace clustering algorithms', 'low-rank representation', 'individual modalities', 'clusters data', 'multimodal extensions'] 

Reference 1990: ['biometrics', 'face clustering', 'low-rank representation-based subspace clustering', 'multimodal subspace clustering', 'sparse subspace clustering', 'subspace clustering'] 

TOP-K 1991: ['online handwritten data', 'handwritten documents', 'k-means algorithm', 'feature vectors', 'several writers'] 

Reference 1991: ['codebook', 'descriptor', 'gap parameter', 'online writer identification'] 

TOP-K 1992: ['mdl-crqa', 'time-domain similarity measurements', ['cross-recurrence quantification analysis'], 'time series phase space', 'pu time series', 'similarity measurement', 'experimental results', 'maximum diagonal line', 'classification results'] 

Reference 1992: ['cross-recurrence quantification analysis', 'phase space', 'positive and unlabeled', 'self-training', 'semi-supervised classification', 'time series'] 

TOP-K 1993: ['deception concepts', 'goal-oriented model', 'deception tactics', 'behavioral uml models', 'software development process', 'multi-paradigm modeling approach', 'deception operation', 'ill-planned decisions', 'feature model', 'initial phases', 'dynamic aspects'] 

Reference 1993: ['deception', 'model-driven', 'security'] 

TOP-K 1994: ['auto-encoding classifier', 'general deep machine', 'neural networks', 'conventional diversity methods', 'deep architectures', 'label switching', 'expressive capabilities', 'principal avenues'] 

Reference 1994: ['augmentation', 'classification', 'deep', 'diversity', 'learning', 'pre-emphasis'] 

TOP-K 1995: ['mpi-based parallel implementation', 'large-scale simulations', 'scalable algorithm', 'quadratic term', 'structural plasticity', 'neurons'] 

Reference 1995: ['barnes–hut', 'brain', 'connectome', 'dynamics', 'large-scale', 'simulation'] 

TOP-K 1996: ['multi-view 3d fingerprint recognition', 'convolutional neural network', 'partial 3d fingerprint'] 

Reference 1996: ['contactless 3d fingerprint recognition', 'multi-view cnn', 'partial 3d fingerprint identification'] 

TOP-K 1997: ['generic omniscient debugger', ['executable dsls'], 'runtime services', 'common set', 'wide range'] 

Reference 1997: ['domain-specific languages', 'executable dsl', 'execution trace', 'omniscient debugging', 'software language engineering'] 

TOP-K 1998: ['clone management decisions', 'clones', 'experimental results', 'bug-fixing changes', 'type'] 

Reference 1998: ['bug-proneness', 'clone-types', 'code clones', 'late propagation'] 

TOP-K 1999: ['hierarchical objectness network', ['object detection'], 'hierarchical features', ['region proposal generation'], 'multiple convolutional layers', 'inaccurate localization problem', 'large-scale variations'] 

Reference 1999: ['convolutional neural network', 'object detection', 'object localization', 'region proposal generation'] 

TOP-K 2000: ['network reliability', 'mwsns', 'reliable data transmission', 'data collection', 'network topologies', 'important index'] 

Reference 2000: ['internet of things', 'mobile wireless sensor networks', 'network performance', 'reliability', 'routing protocol'] 

TOP-K 2001: ['big data workloads', 'scheduler latency', ['job scheduler'], 'big data systems', 'efficiency', 'important performance characteristic', 'fundamental limit'] 

Reference 2001: ['data analytics', 'high performance computing', 'job scheduler', 'resource manager', 'scheduler'] 

TOP-K 2002: [['consensus evaluation'], 'distance function', 'multiple objects', 'appealing consensus evaluation method', 'natural property', 'several experts'] 

Reference 2002: ['consensus evaluation', 'monometric', 'monotonicity', 'ordinal scale'] 

TOP-K 2003: ['iot system', 'behavioural data', 'available technologies', 'visitors', 'main challenge'] 

Reference 2003: ['internet of things', 'particle filter', 'visiting style', 'visiting style prediction'] 

TOP-K 2004: ['fusion strategies', 'state-of-the-art trackers', 'various fusion strategies', 'generic framework', 'processing chain', 'different components', 'vot'] 

Reference 2004: ['fusion', 'on-line behavior analysis', 'visual object tracking'] 

TOP-K 2005: ['context-aware systems', 'many software architecture proposals', 'recent years', 'adaptation process', 'explicit way', 'main findings'] 

Reference 2005: ['environment', 'human-computer interaction', 'platform', 'quality of adaptation', 'quasi-gold standard', 'user'] 

TOP-K 2006: ['disk-assisted strategy', 'optimal alignment', 'basic operation', 'tools fail.multiple sequence alignment'] 

Reference 2006: ['a-star', 'locality-sensitive hash', 'multiple sequence alignment', 'parallel algorithms'] 

TOP-K 2007: ['window semantics', 'parallel implementations', 'parallelism perspective', 'fastflow framework', 'query processing', 'model', 'efficient windows representation', 'concurrent data structures'] 

Reference 2007: ['continuous queries', 'data stream processing', 'internet of things', 'parallel computing', 'sliding windows'] 

TOP-K 2008: [['kinship verification'], 'video-based kinship verification', ['metric learning'], 'facial videos', 'human observers', 'metric learning methods', 'experimental results', 'human ability', 'computational methods'] 

Reference 2008: ['face recognition', 'kinship verification', 'metric learning', 'video-based'] 

TOP-K 2009: [['model-based testing'], 'testing digital tvs', 'test models', ['industrial case studies'], 'failure risk', 'approach', 'smart phones.we'] 

Reference 2009: ['industrial case study', 'model refinement', 'model-based testing', 'risk-based testing', 'software test automation', 'statistical usage testing'] 

TOP-K 2010: ['model checking rtctlcc', 'model checking rtctl', 'real-time ctl', 'transformation algorithms', 'rtctlcc model', 'new java toolkit', 'problem', 'space computational complexity'] 

Reference 2010: ['complexity', 'qualitative and quantitative commitment requirements', 'real-time', 'transformation technique'] 

TOP-K 2011: [['small-to-medium enterprises'], ['software ecosystems'], ['power'], 'case studies'] 

Reference 2011: ['partnerships', 'power', 'small-to-medium enterprises', 'software ecosystem', 'strategies'] 

TOP-K 2012: ['low resolution microscopic images', 'cellular morphological features'] 

Reference 2012: ['biomedical image analysis', 'cytometry', 'fpga', 'hardware acceleration', 'high throughput', 'reconfigurable hardware'] 

TOP-K 2013: ['kinect device', 'next generation', 'infrared images', 'face videos', 'kinect version', 'research community', 'comparable sensor cost', 'resolution color'] 

Reference 2013: ['biometrics', 'database', 'face detection', 'face recognition', 'multi-modal biometrics', 'video'] 

TOP-K 2014: ['risk-based test case prioritization', 'ri-tcp technique', 'software components', 'experimental results', 'serious risk indicators', 'different systems', 'detection rate', 'state-of-the-art algorithms.in'] 

Reference 2014: ['complex network', 'information flow', 'probabilistic risk analysis', 'regression testing', 'test case prioritization'] 

TOP-K 2015: [['multi-level deep representations'], 'multi-level representations', 'biqa models', 'effective biqa framework', 'deep dnn model', 'effective biqa model', 'various vision tasks', 'blind image quality prediction', 'deep networks', 'representation depth'] 

Reference 2015: ['convolutional neural networks (cnn)', 'deep learning', 'image quality assessment', 'multi-level deep representation', 'support vector regression'] 

TOP-K 2016: ['inter-controller latency', 'multi-path connectivity', ['controller'], 'available network topologies', 'controller positions', 'optimum number'] 

Reference 2016: ['backup path', 'controller', 'cpp', 'meta-heuristic approach', 'pso', 'sdn'] 

TOP-K 2017: [['protein subcellular localization'], ['deep learning'], 'protein subcellular locations', 'machine learning algorithms', 'stacked auto-encoder', 'challenging problem', 'accurate prediction'] 

Reference 2017: ['deep learning', 'feature representation', 'protein subcellular localization'] 

TOP-K 2018: ['theoretical feedback mechanism framework', 'linguistic information', 'novel feedback mechanism', 'model consensus', 'group consensus degree', 'trust relationship', 'recommendation advices', 'main components', 'inconsistent users'] 

Reference 2018: ['consensus', 'distributed linguistic trust', 'feedback mechanism', 'group decision making', 'minimum adjustment optimization model', 'social network analysis'] 

TOP-K 2019: ['sensor fusion-based drowsiness detector', 'arm cortex-m4 microcontroller', 'low power programmable platform', 'wearable device', 'energy optimization', 'parallel ultra-low power', 'average accuracy', 'different levels'] 

Reference 2019: ['drowsiness detection', 'eeg', 'fatigue monitoring', 'sensor fusion', 'wearable'] 

TOP-K 2020: ['0/1-knapsack problem', 'knapsack-capacity c', 'data-science computing', 'fs method', 'popular np-hard problems', 'real-world applications', 'critical-objects n', 'optimal dp', 'efficient initial solutions', 'optimal solutions', 'new approach'] 

Reference 2020: ['0/1-kp feature sorting', 'dynamic programming', 'np-hard problems and optimization', 'parallel time–space reduction for solving 0/1-kp', 'unbiased filtering for polynomial-time reduction'] 

TOP-K 2021: ['in-air handwritten chinese characters', 'locality-sensitive sparse representation', 'traditional handwritten chinese characters', 'face recognition', 'datasets'] 

Reference 2021: ['handwritten chinese character recognition', 'in-air handwritten chinese character recognition', 'locality-sensitive sparse representation based classification', 'minimum classification error'] 

TOP-K 2022: ['orthogonal moments', 'diffused state-of-the-art descriptors', 'image', 'stable algorithm', 'stable procedure', 'texture classification.in'] 

Reference 2022: ['classification', 'co-occurrence matrix', 'local binary pattern', 'moment', 'texture descriptor'] 

TOP-K 2023: ['multi-sensor image fusion', ['sparse representation'], 'image processing', 'computer vision', 'several successful applications', 'survey paper', 'systematic review', 'significant attention'] 

Reference 2023: ['activity level', 'dictionary learning', 'image fusion', 'sparse representation'] 

TOP-K 2024: [['fair-share scheduling'], 'performance-asymmetric multicore architecture', 'new fair-share scheduler', 'performance asymmetry', 'cpu time', 'crucial kernel service', 'different types', 'early stage'] 

Reference 2024: ['fair-share scheduling', 'load balancing', 'multicore', 'performance-asymmetry'] 

TOP-K 2025: ['traditional disk-based storage systems', 'flash memory-based ssd', 'phase change memory', 'evaluation results', 'storage capabilities'] 

Reference 2025: ['cloud computing', 'file system', 'hybrid storage system', 'internet of things'] 

TOP-K 2026: ['cloud resources', 'upgrade operations', 'regression-based approach', 'operations', 'activity logs', 'operation activities', 'novel approach'] 

Reference 2026: ['anomaly detection', 'cloud application operations', 'cloud monitoring', 'error detection', 'log analysis', 'metric selection'] 

TOP-K 2027: ['rank-one ordinal matrix', 'discrete codes', 'many computer vision problems'] 

Reference 2027: ['local feature', 'metric learning', 'ordinal measure'] 

TOP-K 2028: ['spark framework', 'common big-data applications', 'spark applications', 'important factors'] 

Reference 2028: ['dynamic reconfiguration', 'performance diagnosis', 'spark'] 

TOP-K 2029: ['indian classical dance', ['deep learning'], 'icd', ['convolutional neural networks'], 'deep learning framework', 'case study', 'semantic meaning', 'videos'] 

Reference 2029: ['convolutional neural network', 'deep learning', 'emotion recognition', 'facial expression recognition'] 

TOP-K 2030: ['istar extensions', 'application area', 'results', 'careful development'] 

Reference 2030: ['goal modelling', 'istar', 'modelling language extensions', 'systematic literature review'] 

TOP-K 2031: ['obfuscation techniques', 'model checking-based approach'] 

Reference 2031: ['android', 'formal methods', 'malware', 'model checking', 'obfuscation'] 

TOP-K 2032: ['ui-driven bias', 'two-stage fusion scheme', 'heterogeneous case', 'single sampling rate'] 

Reference 2032: ['asynchronous multi-rate sensor fusion', 'bias estimation', 'network consensus', 'unknown input decoupling'] 

TOP-K 2033: ['newcomer web services', 'real-world web services', 'newcomer services', 'initial reputation values', 'statistical evidences', 'novel method'] 

Reference 2033: ['feedback rating', 'honest and malicious service raters', 'reputation measurement', 'support vector regression', 'web services recommendation'] 

TOP-K 2034: [['evolutionary algorithm'], 'dnn architecture', 'new evolutionary algorithm', 'classification accuracy', 'parameters', 'valid sequence', 'dataset show'] 

Reference 2034: ['automated parametrisation', 'deep learning', 'evolutionary algorithms', 'finite-state machines'] 

TOP-K 2035: ['task processing permutation', ['precedence-constrained parallel application'], 'multi-model estimation', 'energy consumption', 'voltage supply levels'] 

Reference 2035: ['cloud computing', 'energy efficient scheduling', 'estimation of distribution algorithm', 'precedence-constrained parallel application', 'task graph scheduling'] 

TOP-K 2036: ['clustering techniques', ['object-oriented software'], 'black-box information', 'ars approach', 'clustering methods', 'method invocation sequence similarity', 'clustering test cases', 'k-medoids clustering algorithms', 'regression testing', 'k-medoids clustering algorithm', 'testing effectiveness'] 

Reference 2036: ['adaptive random sequence', 'cluster analysis', 'object-oriented software', 'test cases prioritization', 'test cases selection'] 

TOP-K 2037: ['phemap', 'man-in-the-middle attacks', 'one-to-many communication scenario', ['mutual authentication'], 'common physical attacks', 'multiple devices', 'reasonable assumptions', 'sink node'] 

Reference 2037: ['fpga', 'hardware security', 'mutual authentication', 'puf'] 

TOP-K 2038: ['ivea-ii', 'large-scale feature models', 'new mutation operator', 'optimization goals'] 

Reference 2038: ['feature selection', 'multi-objective optimization', 'product derivation', 'software product lines'] 

TOP-K 2039: ['query performance', ['stateful analysis'], 'query friendly structures', 'memory usage', 'optimal disk usage', 'several programs'] 

Reference 2039: ['data structure', 'external memory', 'stateful analysis', 'tracing', 'tree'] 

TOP-K 2040: [['architecture enforcement'], 'architecture enforcement concerns', 'industrial practice', 'previous study', ['empirical study']] 

Reference 2040: ['architecture enforcement', 'architecture erosion', 'empirical study', 'software architecture', 'software architecture in industry'] 

TOP-K 2041: ['bayesian target motion analysis', 'theoretical cramer', ['particle filters'], 'error performance'] 

Reference 2041: ['bearings-only tracking', 'noise adaptive nonlinear filtering', 'particle filter', 'target motion analysis'] 

TOP-K 2042: ['heterogeneous community network', 'novel mathematical epidemic model', ['epidemic dynamics'], 'network model', 'epidemic threshold', 'entire network'] 

Reference 2042: ['community structure', 'epidemic dynamics', 'heterogeneity', 'mean-field theory'] 

TOP-K 2043: ['multi-steps trajectories dbns', 'motifs-based dynamic bayesian networks', 'one-step-ahead time series prediction', 'service-oriented sos', 'run-time quality assurance', 'sos research', 'future reliability prediction', 'model', 'near future', 'grand challenge'] 

Reference 2043: ['online reliability prediction', 'proactive adaption', 'service-oriented system', 'system of systems', 'time series'] 

TOP-K 2044: ['unsupervised clustering techniques', 'autonomous system', 'simulation-based testing', 'test scenarios', 'simulated scenario', 'performance modes'] 

Reference 2044: ['autonomous vehicles', 'optimization', 'simulation based testing'] 

TOP-K 2045: ['mulapi', ['api usage location'], ['api method recommendation'], 'api methods', 'state-of-the-art approach', 'method usage', 'usage location', 'empirical results'] 

Reference 2045: ['api method recommendation', 'api usage location', 'feature location', 'feature request'] 

TOP-K 2046: ['fault prediction model', 'faulty classes', 'experimental results', 'fault identification efficiency', 'prediction model', 'learning method', 'threshold value'] 

Reference 2046: ['ck metrics', 'cost analysis', 'fault', 'feature selection techniques', 'least squares support vector machine (lssvm)', 'object-oriented software'] 

TOP-K 2047: ['wireless sensor networks', 'data fusion problem', 'fusion estimation', 'carbon dioxide', 'available sensor nodes', 'head node', 'consensus estimation'] 

Reference 2047: ['co<sub>2</sub> concentration', 'consensus–kalman filter', 'data fusion', 'greenhouse monitor'] 

TOP-K 2048: ['chinese chess', 'chess situation'] 

Reference 2048: ['auto encoder', 'chess situation analysis', 'chinese chess game', 'deep stochastic weight assignment network (dswan)', 'l<sub>1∕2</sub> regularization', 'stochastic weight assignment network (swan)'] 

TOP-K 2049: ['smooth neighborhood', ['context-sensitive similarity'], 'local context', 'neighborhood structure', 'manifold assumption', 'data points', 'new algorithm', 'affinity graph', 'key idea'] 

Reference 2049: ['3d shape', 'context-sensitive similarity', 'object retrieval', 'rank aggregation', 're-ranking'] 

TOP-K 2050: ['medical image selective segmentation', 'experimental results'] 

Reference 2050: ['iterative algorithm', 'medical images', 'mumford-shah model', 'selective segmentation', 'thresholding'] 

TOP-K 2051: ['image query', 'textual features', 'cbir applications', 'visual features', 'benchmark datasets', 'experimental results'] 

Reference 2051: ['cbir', 'image retrieval', 'information fusion', 'textual contents', 'visual contents'] 

TOP-K 2052: ['pgfr', 'files replication', 'popular groups', 'mean job execution time', 'bandwidth consumption', 'unnecessary replication'] 

Reference 2052: ['connectivity graph', 'data grids', 'dynamic data replication', 'group replication'] 

TOP-K 2053: ['health statuses', 'future fitness application', 'fitness system'] 

Reference 2053: ['artificial intelligence', 'body building', 'fitness', 'fitness band', 'iot', 'sensor'] 

TOP-K 2054: ['print-cam robust watermarking method', 'watermarking method', 'print-cam process', 'side information', 'mobile phone camera', 'mobile phone', 'user tests'] 

Reference 2054: ['camera phone', 'computational photography', 'focal stack optimization', 'mobile phone application', 'watermark application'] 

TOP-K 2055: ['agile software development', 'requirements engineering activities', 'asd', 'requirements specification activity', 'industrial case studies', 'systematic mapping study', 'several limitations', 'different contexts'] 

Reference 2055: ['agile methods', 'agile requirements engineering', 'empirical study', 'requirements specification'] 

TOP-K 2056: ['fuzzy preference relations', 'gdm problems', ['group decision making'], 'individual interval priority weights', 'corresponding fuzzy logarithmic programs'] 

Reference 2056: ['fuzzy logarithmic programming model', 'geometric consistent index', 'group decision making', 'interval valued fuzzy preference relation', 'parametric linear programming model'] 

TOP-K 2057: ['gaussian scale space', 'multiscale gradient fusion', 'vector fusion operators', 'multiscale boundary detection', 'self-adapting vector fusion operators', 'human visual system', 'focus-selective nature', 'boundary detection framework', 'classes'] 

Reference 2057: ['gradient fusion', 'multiscale image processing', 'multivariate data', 'ordered weighted operator', 'self-adapting operator'] 

TOP-K 2058: ['node', 'tree search algorithms', 'non-explored nodes', 'new ibobpp framework', ['combinatorial problems'], 'bobpp parallel computation model', 'child nodes', 'parallel models', 'unique global pool'] 

Reference 2058: ['cluster', 'combinatorial problems', 'parallelism', 'search algorithms'] 

TOP-K 2059: ['cloud service categories', ['cloud service ontology'], 'urls priority techniques', 'relevant cloud services', 'efficient retrieval'] 

Reference 2059: ['cloud service ontology', 'lda model', 'self-adaptive ontology', 'semantic focused crawler', 'tf-idf', 'urls priority'] 

TOP-K 2060: ['modeling languages', 'recent omg mda', 'semantics', 'interactive applications', 'unambiguous interpretation', 'front-end part', 'interaction flow'] 

Reference 2060: ['mobile applications', 'model-driven development', 'rich-client applications', 'translational semantics'] 

TOP-K 2061: [['software-intensive systems'], 'sustainability dimensions', 'sustainability dimension', 'different software engineering activities', 'sustainability model', 'direct dependencies', 'double objective', 'extent quality requirements'] 

Reference 2061: ['quality requirements', 'software-intensive systems', 'survey', 'sustainability'] 

TOP-K 2062: ['spmd applications', 'dynamic inter-thread vectorization architecture', 'realistic bank-interleaved cache', 'implicit data level parallelism', 'ditva architecture', 'rodinia openmp benchmarks', 'experimental evaluation'] 

Reference 2062: ['simultaneous multi-threading', 'single instruction multiple data', 'single program multiple data', 'vectorization'] 

TOP-K 2063: [['social conformity'], 'secure two-party computation', 'mutual cooperation', 'general model', 'certain assumptions rational parties'] 

Reference 2063: ['cloud cooperation', 'fairness', 'game theory', 'social conformity'] 

TOP-K 2064: ['in-vehicle network', 'message log-driven graph modeling', 'faulty message patterns', 'data graphs', 'normal operations', 'query graph', 'novel graph pattern', 'efficient detection', 'reference database', 'unknown operation', 'framework models'] 

Reference 2064: ['graph pattern matching', 'graph similarity', 'top-k query answering', 'vehicle fault detection'] 

TOP-K 2065: ['hep-2 cell classification', ['convolutional neural network'], ['deep cross residual network'], ['cross connection'], 'information flow', 'residual block', 'different network layers', 'recent successes'] 

Reference 2065: ['convolutional neural network', 'cross connection', 'deep cross residual network', 'hep-2 classification'] 

TOP-K 2066: ['graph-organised memory', 'traditionally-designed llvm model checker', 'abstraction-driven verification', ['virtual machine'], 'versatile backend'] 

Reference 2066: ['c++', 'model checking', 'verification', 'virtual machine'] 

TOP-K 2067: [['smart camera networks'], 'dual decomposition technique', 'global data association', 'data association problem', 'spatio-temporal measurements', 'integer programming problem', 'camera nodes', 'new method', 'entire network'] 

Reference 2067: ['data association', 'distributed algorithm', 'dual decomposition', 'smart camera network'] 

TOP-K 2068: ['netsblox', 'visual programming language', 'cloud-based development environment', 'corresponding web', 'visual formalism'] 

Reference 2068: ['computer science education', 'distributed programming', 'visual programming'] 

TOP-K 2069: ['eeg data', 'cnns methods', 'mental load', 'recent breakthrough', 'temporal information'] 

Reference 2069: ['cnns', 'deep learning', 'eeg', 'mental load classification'] 

TOP-K 2070: ['android persistence frameworks', 'energy consumption', 'popular android persistence frameworks', 'programming effort trade-offs', ['programming effort'], 'mobile application developers', 'execution time', 'mobile developers', 'practical recommendations', 'knowledge gap', 'systematic study', 'clear understanding'] 

Reference 2070: ['mobile application', 'performance', 'persistence framework', 'programming effort'] 

TOP-K 2071: [['subspace clustering'], 'sssc model', 'state-of-the-art methods', 'affinity learning', 'grouping effect', 'new penalty', 'minimization framework', 'affinity matrix'] 

Reference 2071: ['affinity matrix learning', 'grouping-effect-within-clusters', 'subspace clustering'] 

TOP-K 2072: ['face recognition', 'face sketches', 'mug shot photos', 'multiple stylistic sketches', 'great texture discrepancies', 'face recognition community', 'potential applications', 'law enforcement', 'comprehensive investigation', 'important topic'] 

Reference 2072: ['composite sketch', 'face sketch recognition', 'fusion', 'viewed sketch'] 

TOP-K 2073: ['schedulability analysis techniques', 'rate-dependent behaviour', 'deadline first scheduling', 'different task-models', 'analysis methods'] 

Reference 2073: ['adaptive variable-rate', 'automotive', 'engine control unit', 'rate-dependent', 'real-time analysis', 'schedulability test'] 

TOP-K 2074: ['code packing', 'executable reassembling', 'interpreter-enforced execution', 'runtime instrumentation', 'universal unpacking strategy', 'hidden code', 'protection techniques'] 

Reference 2074: ['android security', 'code packing technique', 'code unpacking', 'malware detection'] 

TOP-K 2075: ['emergency condition', 'dynamic job scheduling', 'spark nodes', 'streaming patient data', 'algorithm', 'optimal data distribution', 'global priority', 'suitable nodes'] 

Reference 2075: ['big data', 'cloud computing', 'healthcare', 'spark'] 

TOP-K 2076: ['intelligent transport systems', 'fuzzy inference system', 'future location', 'vehicle', 'position prediction error', 'delicate task', 'significant decrease', 'approach aggregates'] 

Reference 2076: ['fuzzy estimation', 'gps outages', 'inertial sensors', 'prediction method', 'vehicle position errors'] 

TOP-K 2077: [['kernel methods'], 'clustering results', 'many gmm', 'final kernel', 'powerful context'] 

Reference 2077: ['ensemble learning', 'gaussian mixture models', 'kernel methods', 'missing data', 'multivariate time series', 'similarity measures'] 

TOP-K 2078: ['facial albedo', 'low quality face images', 'face recognition', 'joint optimization process', 'intra-personal variations', 'recovery problem', 'super resolution', 'challenging task', 'framework models'] 

Reference 2078: ['admm', 'facial albedo estimation', 'low quality facial image', 'sparse coding'] 

TOP-K 2079: [['fog computing'], 'privacy-preserving framework', 'signature-based intrusion detection', 'fog devices', 'shared data', 'detection delay', 'similar approaches', 'cloud side', 'real environments'] 

Reference 2079: ['cloud environment', 'collaborate network', 'fog computing', 'intrusion detection', 'privacy preserving'] 

TOP-K 2080: ['online feature selection technique', 'real-world short-texts', 'high-dimensional data', 'social media', 'real-time classification', 'short-text streams', 'classification results', 'information sources', 'extensive experiments'] 

Reference 2080: ['classification', 'micro-blogging communities', 'online feature selection'] 

TOP-K 2081: ['paml method', 'recent deep learning approaches', 'cross-pose transformations', 'multi-pie database', 'large generic image ensemble', 'detailed texture', 'shape variability', 'test setting', 'traditional methods', 'challenging setting'] 

Reference 2081: ['3d face construction', '3d generic elastic model', 'face re-rendering', 'face recognition', 'metric learning', 'single sample per person'] 

TOP-K 2082: ['state-based crdts', 'δ-crdt framework', 'current state-based crdts', 'entire state'] 

Reference 2082: ['conflict-free replicated data types', 'crdt', 'delta', 'distributed systems', 'eventual consistency', 'state-based'] 

TOP-K 2083: ['nodule type classification', 'lung image database consortium', 'novel convolution neural networks', 'image database resource initiative', 'complex ggo', 'promising classification performance', 'experimental results', 'non-nodule types.in'] 

Reference 2083: ['cnns', 'computed tomography', 'lung nodule'] 

TOP-K 2084: ['bugzilla firefox', 'monte-carlo simulation', 'open source data', 'time'] 

Reference 2084: ['bug fixing time', 'deferred bugs', 'effort estimation', 'replication study', 'software maintainability'] 

TOP-K 2085: [['linguistic distributions'], ['linguistic distribution'], 'maximum support degree model', 'group opinion', 'support degree', 'group decision context', 'accurate action', 'great difficulty'] 

Reference 2085: ['computing with words', 'group decision making', 'hesitant fuzzy linguistic term set', 'linguistic distribution'] 

TOP-K 2086: ['source code annotations', ['software metrics'], 'real-world projects', 'source code', 'code base'] 

Reference 2086: ['code annotation', 'software metrics', 'thresholds'] 

TOP-K 2087: ['em algorithms', 'massive data sets', 'approaches', ['frequent updates']] 

Reference 2087: ['clustering', 'concurrent updates', 'distributed framework', 'expectation–maximization', 'frequent updates', 'topic modeling'] 

TOP-K 2088: ['lascad', 'data sets', 'different languages', 'similar programs', 'prior work'] 

Reference 2088: ['lda', 'similar applications detection', 'software categorization', 'source code analysis', 'topic modeling'] 

TOP-K 2089: ['shared-memory many-core cmps', 'directory-based coherence protocols', 'coherence protocol', 'coherence maintenance', 'large memory overhead', 'many-core systems', 'cache coherence problem', 'interconnection network', 'maximum performance', 'efficient solution'] 

Reference 2089: ['cache coherency', 'many-core cmp', 'silicon-photonic technology'] 

TOP-K 2090: [['music genre classification'], 'fpga-based mfcc calculation', 'real-time music genres classification', 'matlab-based reference model', 'broadcast data', 'standard frequency modulation', 'radio band', 'high accuracy', 'sequential patterns', 'hand', 'techniques.this paper', 'similar result'] 

Reference 2090: ['audio indexing', 'fpga prototyping', 'music genre classification', 'software radio', 'system-level design'] 

TOP-K 2091: ['l1 data cache', 'gpu cache management', 'gpu performance', 'cache contention', 'resource congestion', 'poor efficiency', 'novel cache'] 

Reference 2091: ['bypass', 'cache', 'gpgpu', 'miss rate', 'performance'] 

TOP-K 2092: ['virtual machine placement', 'computing resources', 'conflicting goals.cloud computing', 'several challenges'] 

Reference 2092: ['cloud computing', 'resource allocation', 'server consolidation', 'service level agreement (sla)', 'vm migration', 'vm placement'] 

TOP-K 2093: [['multi-agent systems'], 'stochastic quadratic operators', ['consensus problem'], 'nonlinear models', 'mas', 'quadratic stochastic operators', 'fractional degree', 'efficient approach'] 

Reference 2093: ['consensus problem', 'fractional consensus', 'multi-agent systems', 'nonlinear stochastic operators'] 

TOP-K 2094: [['pahon'], 'green hybrid optical network', 'electronic-optical networks', 'optical switches', 'electronic networks', 'power consumption', 'core nodes'] 

Reference 2094: ['green optical networks', 'hybrid optical networks', 'obs', 'ocs', 'ops', 'pahon'] 

TOP-K 2095: ['system-level synthesis approach', 'heterogeneous processors', 'timing constraints', 'high-level description', 'optimal computing infrastructure', 'target device', 'communication components', 'physical constraints'] 

Reference 2095: ['answer set programming', 'architecture synthesis', 'multi-objective optimization', 'reconfigurable architecture', 'system design', 'technology mapping'] 

TOP-K 2096: ['lepton', 'opportunistic networking systems', 'emulation platform', 'pure simulation', 'repeatable conditions', 'operational implementation'] 

Reference 2096: ['distributed systems', 'emulation systems', 'opportunistic networking', 'software development process', 'software evaluation'] 

TOP-K 2097: ['human action recognition problem', 'hidden markov model', 'parameter learning', 'expectation maximisation algorithm'] 

Reference 2097: ['classification', 'dynamic bayesian network', 'missing data', 'regime model', 'time series'] 

TOP-K 2098: ['large scale data', 'filter method', 'many data analysis tasks', 'computation cost', 'environment.theta-join query', 'minimum execution time'] 

Reference 2098: ['large scale data processing', 'parallel distributed framework', 'query optimization', 'theta-join algorithm'] 

TOP-K 2099: ['state-of-the-art dynamic selection techniques', 'ds literature', 'single classification models', 'main dynamic selection techniques', 'static ensemble combination', 'extensive experimental analysis'] 

Reference 2099: ['classifier competence', 'dynamic classifier selection', 'dynamic ensemble selection', 'ensemble of classifiers', 'multiple classifier systems', 'survey'] 

TOP-K 2100: ['deep learning', 'state-of-the-art deep neural networks', 'model parallelism', 'dianne framework', 'modular design', 'all-in-one solution', 'real environment', 'tremendous results', 'various machine'] 

Reference 2100: ['artificial neural networks', 'distributed applications', 'internet of things', 'machine learning'] 

TOP-K 2101: ['circular mesh', 'circular mesh-based shape', 'object recognition', 'circular mesh-based border labelling', 'object contours', 'margin descriptor'] 

Reference 2101: ['circular mesh-based shape and margin descriptor', 'convex and concave regions', 'dynamic contrast enhanced magnetic resonance imaging', 'lesion detection', 'shape descriptor', 'structural and global descriptor'] 

TOP-K 2102: [['pythagorean fuzzy sets'], 'multiple criteria decision-making problems', 'algorithmic procedures', 'vikor techniques', 'ambiguous information'] 

Reference 2102: ['comparative analysis', 'generalized distance measure', 'multiple criteria decision analysis', 'pythagorean fuzzy set', 'remoteness index', 'vikor'] 

TOP-K 2103: ['kernel coordinate descent', 'kcdvd', ['virtual dictionary']] 

Reference 2103: ['coordinate descend', 'face recognition', 'kernel sparse representation for classification (ksrc)', 'virtual dictionary'] 

TOP-K 2104: ['psp education', 'psp training', 'education effectiveness', 'pairing practice', 'pairing approach', 'original study', 'education approach', 'size challenge'] 

Reference 2104: ['personal software process', 'replication', 'software engineering education'] 

TOP-K 2105: ['time series classification', 'state-of-the-art prototype generation methods', ['dynamic time warping'], 'empirical results', 'neighbor method', 'neighbor classification.the', 'superior performance', 'popular approaches'] 

Reference 2105: ['dynamic time warping', 'learning vector quantization', 'time series'] 

TOP-K 2106: ['aggregation methods', 'sentiment classification', 'neutral reviews', 'different corpora', 'different sentiment analysis methods', 'single models'] 

Reference 2106: ['aggregation', 'consensus', 'filtering', 'neutrality', 'sentiment analysis'] 

TOP-K 2107: ['deprecation messages', ['software evolution'], 'api elements', 'replacement messages', 'frequency', 'correct way'] 

Reference 2107: ['api deprecation', 'empirical software engineering', 'mining software repositories', 'software evolution'] 

TOP-K 2108: ['discrete shapelet transform', 'particular discrete wavelet transform', 'productive time-frequency-shape', 'second generation', 'joint analysis'] 

Reference 2108: ['discrete shapelet transform (dst)', 'discrete wavelet transform (dwt)', 'information fusion', 'pattern analysis', 'signal processing', 'time-frequency-shape (tfs) joint analysis'] 

TOP-K 2109: ['bag-representative selector', 'svm', 'multi-instance svm methods', 'bag-level information', 'possible class imbalance issues', 'novel support vector machine', 'multiple-instance formulation', 'negative bags', 'contributing instances'] 

Reference 2109: ['bag-level multi-instance classification', 'bag-representative selection', 'machine learning', 'multiple-instance learning', 'support vector machines'] 

TOP-K 2110: ['wireless network topologies', 'yao', ['theta graphs'], ['greedy forwarding'], 'geometric graphs', 'cone numbers', 'theoretical results', 'paper', 'types'] 

Reference 2110: ['geometric routing', 'greedy forwarding', 'theta graph', 'voids', 'wireless networks', 'yao graph'] 

TOP-K 2111: ['lp-norm minimization problem', 'independent component analysis', 'new algorithms', 'ica computation.in', 'p', 'superior performance', 'independent sources', 'art algorithms'] 

Reference 2111: ['ica', 'l<sub>p</sub>-norm', 'maximum likelihood estimation', 'pca', 'sub-gaussian', 'super-gaussian'] 

TOP-K 2112: ['mutation-biased simulation heuristics', 'language equivalence problem', 'non-deterministic finite automata', 'finite behavioural models', 'equivalent mutant problem', 'many solutions'] 

Reference 2112: ['automata language equivalence', 'model-based mutation analysis', 'random simulations'] 

TOP-K 2113: ['breadth-first graph search', 'single-server graph computing systems', 'performance optimization', 'access pattern', 'big graph', 'extra memory latencies', 'new approach', 'useful data elements', 'single server'] 

Reference 2113: ['bfs', 'graph computing', 'i/o optimization', 'in-memory computing'] 

TOP-K 2114: ['inter-model transformation rules', 'co-evolution process', 'evolution scenarios', 'factory automation system', 'fault tree models', 'case study', 'place unit', 'common changes', 'set'] 

Reference 2114: ['fault trees', 'model co-evolution', 'model transformation', 'safety', 'system architecture'] 

TOP-K 2115: ['flame-mr', 'memory management', 'amazon ec2 cloud platform', 'memory efficiency', 'hadoop applications', 'memory-enhanced version', 'valuable insight'] 

Reference 2115: ['big data', 'garbage collector (gc)', 'in-memory computing', 'mapreduce', 'performance evaluation'] 

TOP-K 2116: ['multiplex network topology', ['epidemic spreading'], 'disease propagation', 'multiplex network framework', 'epidemic threshold', ['transmission dynamics'], 'corresponding information diffusion', 'coupling relationship'] 

Reference 2116: ['epidemic spreading', 'information diffusion', 'multiplex network', 'transmission dynamics'] 

TOP-K 2117: ['ensemble group diffusion', 'diffusion-depth parameter', 'diffusion depth', 'accurate construction', 'certain interval'] 

Reference 2117: ['clustering', 'community structure', 'diffusion', 'markov chain', 'social network'] 

TOP-K 2118: ['host-based anomaly detection systems', 'homogeneous detectors', 'normal software behavior', 'ads', 'large system call', 'significant deviations'] 

Reference 2118: ['anomaly detection systems', 'decision-level combination', 'heterogeneous and reliable systems', 'intrusion detection systems'] 

TOP-K 2119: ['cray xc40 supercomputers', 'fft library', 'cray xc40', 'fftk', 'blue gene/p', 'grid resolutions', 'convection solvers', 'pseudospectral code', 'cores', 'tarang', 'strong scaling'] 

Reference 2119: ['extreme-resolution turbulence simulation', 'fast fourier transform', 'pseudospectral method', 'turbulence simulation'] 

TOP-K 2120: ['online discriminative multi-task tracker', 'multi-task tracker', 'weighted nuclear norm', 'weighted low rank regularization', 'multiple tasks', 'different tracking importance', 'different rank components'] 

Reference 2120: ['group-sparsity regularization', 'normalized collaboration metric', 'robust multi-subtask learning', 'structured and weighted low rank'] 

TOP-K 2121: ['method refactorings', 'method refactoring opportunities', 'static dependencies', 'recommendation approach', 'open-source systems.this paper'] 

Reference 2121: ['dependency sets', 'jdeodorant', 'jmove', 'methodbook', 'move method refactorings', 'recommendation systems'] 

TOP-K 2122: ['clustering big data', 'high-order possibilistic c-means algorithms', ['canonical polyadic decomposition'], ['tensor-train network'], 'big data sample'] 

Reference 2122: ['big data', 'canonical polyadic decomposition', 'iot', 'possibilistic c-means clustering', 'tensor-train network'] 

TOP-K 2123: ['atl model transformations', ['metamorphic testing'], 'automated inference', 'likely mrs', 'main challenges'] 

Reference 2123: ['automatic inference', 'generic approach', 'metamorphic relations', 'metamorphic testing', 'model transformations', 'model-driven engineering'] 

TOP-K 2124: ['nvm-based in-memory file systems', 'i/o performance', 'fault tolerance', ['file system'], 'continuous snapshots', 'hybrid memory', 'low impact'] 

Reference 2124: ['checkpoint', 'file system', 'memory', 'snapshot', 'versioning'] 

TOP-K 2125: ['cyber threats analysis', 'intel sgx', 'in-memory dataset', 'execution framework', 'new encrypted key', 'value format'] 

Reference 2125: ['data security', 'distributed shielded execution', 'secure enclaves'] 

TOP-K 2126: ['light field cameras', 'simple linear relationship', 'defocus blurriness.computer vision tasks', 'related objects'] 

Reference 2126: ['auto-refocusing', 'blurriness measure', 'detection-based focusing', 'light-field photography'] 

TOP-K 2127: ['bare-metal linux', 'low overhead performance', ['energy consumption'], ['docker'], 'application workloads', 'i/o system', 'energy use'] 

Reference 2127: ['cloud computing', 'containerization', 'docker', 'energy consumption', 'microservice', 'virtualization'] 

TOP-K 2128: ['multimodal biometric person authentication', 'mcs', 'multimodal biometrics', 'context information', 'companion paper', 'prototypical area', 'important achievements', 'particular field', 'adaptive way', 'technical detail recent trends'] 

Reference 2128: ['adaptive', 'biometrics', 'classifier', 'context', 'fusion', 'multimodal'] 

TOP-K 2129: [['graph edit distance'], 'high quality approximation', 'computation framework', 'efficient solutions', 'present paper'] 

Reference 2129: ['graph edit distance', 'graph similarity', 'upper bound'] 

TOP-K 2130: ['multi-agent coalition formation technique', 'multi-tenant sbss', ['service adaptation'], 'approaches'] 

Reference 2130: ['multi-agent coalition formation', 'multi-tenant service-based systems', 'service adaptation'] 

TOP-K 2131: ['novel vm allocation policy', 'hybrid krill herd', 'cloud data centres', 'virtual machine', 'eagle strategy', 'cloud service experience', 'data centres load', 'optimization technique', 'performance issue', 'internet users'] 

Reference 2131: ['cloud computing', 'load balancing', 'optimization', 'quality of experience', 'virtual machine allocation policy'] 

TOP-K 2132: ['cooperative clustering model', 'clustering algorithms', 'ensemble clustering', 'overall clustering', 'collaborative process', 'major issues', 'main challenges', 'data set', 'local results', 'brief overview'] 

Reference 2132: ['clustering combining', 'collaborative clustering', 'cooperative clustering'] 

TOP-K 2133: ['binary quantification problems', 'well-known quantification algorithms', 'ensembles versions', 'case study', ['distribution changes']] 

Reference 2133: ['distribution changes', 'ensembles', 'quantification'] 

TOP-K 2134: ['decision trees', 'machine learning techniques', 'hierarchical cluster', 'neurodegenerative disease', 'quantitative association rules', 'alzheimer disease', 'disease gene expression profiles', 'patient samples', 'genes', 'relevant genes', 'expression levels'] 

Reference 2134: ["alzheimer's disease", 'association rules', 'biological knowledge integration', 'ensemble learning', 'gene expression profiles', 'statistical significant genes'] 

TOP-K 2135: ['product-line model-driven engineering', 'mobile application development', 'different mobile operating systems', ['mobile applications'], 'mobile application industry', 'key challenges', 'application functional requirements', 'novel application', 'multiple native variants', 'multiple platforms.a significant challenge'] 

Reference 2135: ['feature model', 'mobile applications', 'software product-line engineering'] 

TOP-K 2136: ['gameplay requirements engineering', 'multiplayer online role-playing games', ['gameplay requirements'], 'player-designer relationship perspective', 'exploratory study', 'artifact perspective', 'process perspective'] 

Reference 2136: ['empirical research method', 'gameplay requirements', 'qualitative interview-based study', 'requirements elicitation', 'requirements engineering'] 

TOP-K 2137: ['u-datalog', 'logic ud-datalog', 'logic', 'new approach', 'evaluation method', 'environment'] 

Reference 2137: ['access control', 'distributed logic', 'ud-datalog', 'updatable distributed datalog'] 

TOP-K 2138: ['checkpoint technology', 'low-priority tasks', 'hybrid scheduling method', ['shared clusters'], 'novel approach', 'performance', 'unnecessary checkpoints', 'certain tasks', 'whole cluster'] 

Reference 2138: ['checkpoint', 'occupancy of resources', 'priority', 'response time', 'shared cluster', 'utility'] 

TOP-K 2139: [['label ranking problem'], 'label ranking problem literature', 'class variable', 'different labels', 'standard benchmark', 'broad experimental study'] 

Reference 2139: ['bagging', 'decision tree', 'ensemble', 'label ranking problem', 'mallows model', 'supervised classification'] 

TOP-K 2140: ['supervised feature selection', ['markov blanket'], 'unlabeled data', 'features', 'conditional independence relationship', 'optimal features', 'relevance gain', 'sound solution'] 

Reference 2140: ['feature selection', 'information theory', 'markov blanket', 'representative features', 'semi-supervised learning'] 

TOP-K 2141: ['polar fft', 'face recognition techniques', 'symbolic data modeling approach', 'robust face recognition', 'symbolic data', 'lfw databases', 'new approach', 'high degree', 'various experiments'] 

Reference 2141: ['face recognition', 'polar-fft', 'symbolic data modeling and analysis', 'viola–jones'] 

TOP-K 2142: ['personalized individual semantics', 'individual semantics', ['2-tuple linguistic model'], 'cw framework', 'pis', 'new cw framework', 'interval numerical scale', 'different people', 'different things'] 

Reference 2142: ['2-tuple linguistic model', 'computing with words', 'group decision making', 'preference relations', 'semantics'] 

TOP-K 2143: ['sparse matrix partitioning', 'spmv', 'heterogeneous computing platform', 'cpu', 'gpu', 'gpu heterogeneous computing model', 'distribution function', 'optimization strategy', 'computing performance', 'full advantage'] 

Reference 2143: ['heterogeneous computing', 'hybrid storage format', 'partition', 'sparse matrix–vector multiplication'] 

TOP-K 2144: ['structurally-regularized learning', 'locality-sensitivity regularizer', ['structured sparsity'], 'group sparsity regularizer', 'data samples', 'reconstruction error', 'objective function', 'novel formulation', 'representatives', 'diversity regularizer'] 

Reference 2144: ['diversity', 'representative selection', 'structured sparsity'] 

TOP-K 2145: ['et-box-phd filter', ['box-particle implementation'], ['standard phd filter'], 'particle implementation', 'target box-particle phd', 'standard probability hypothesis density', 'target tracking', 'computational burden', 'filter', 'target tracking.this paper', 'high number'] 

Reference 2145: ['bayesian partition', 'box-particle implementation', 'cell likelihood', 'extended target', 'standard phd filter'] 

TOP-K 2146: ['clustering quality', ['categorical data'], 'real categorical data sets', 'ensemble selection algorithms', 'experimental results'] 

Reference 2146: ['categorical data', 'clustering ensemble selection', 'clustering validity indices', 'diversity', 'quality'] 

TOP-K 2147: ['xtraitj', 'trait-based programming language', 'java platform', 'java projects', 'full eclipse ide', 'new version', 'complete compatibility', 'incremental adoption'] 

Reference 2147: ['eclipse', 'ide', 'implementation', 'java', 'trait'] 

TOP-K 2148: ['mpi-parallel multigrid framework', 'hybrid mpi-openmp parallelization', 'mpi-only cpu computations', 'cuda accelerators', 'openmp host threads', 'various parallel setups', 'energy consumption', 'large host systems', 'numerical experiments'] 

Reference 2148: ['energy-aware numerics', 'geometric multigrid', 'heterogeneous platforms', 'hybrid parallelization', 'performance and energy assessment'] 

TOP-K 2149: ['i/o cross-control switches', 'efficient subsystem-utilization', 'd-nary-switch mins', 'triple-right scheduling', 'partitionable mins', 'multiple tasks', 'dynamic embedding', 'optimal va-de', 'valuable atape', 'pmins'] 

Reference 2149: ['double jumping of controls and super-pipelining for the triple-right scheduling (right task, right section, right time)', 'embedding partitionable atape (all-to-all personalized exchange) and automatic mapping on pmins<sup>+</sup>', 'optimal va-de (valuable atape with dynamic embedding)', 'partitionable mins<sup>+</sup> (multistage interconnection networks<sup>+</sup>) using i/o cross-control switches'] 

TOP-K 2150: [['character recognition'], 'fisher vector', 'large-category chinese scene characters', 'fv', ['character representation'], 'digits character recognition datasets', 'state-of-the-art methods', 'chinese ones', 'linear classifier', 'training samples', 'extensive experiments', 'new unseen categories', 'additional spatial information', 'scene character recognition ones', 'challenging english'] 

Reference 2150: ['bag of visual words (bow)', 'character recognition', 'character representation', 'fisher vector (fv)', 'gaussian mixture models (gmm)'] 

TOP-K 2151: ['accuracy improvement', 'divide-and-conquer architecture', 'valid sensors', 'critical monitoring locations', 'monitoring location', 'informative sensor clusters', 'invalid sensors', 'communication overhead'] 

Reference 2151: ['adaboost', 'divide-and-conquer', 'sensing diversity', 'sensor selection', 'targets surveillance', 'wireless sensor network'] 

TOP-K 2152: [['sustained agile usage'], 'agile methodologies', 'sustained usage', 'different agile domains', 'future studies', 'key factors', 'refined model', 'reference model', 'comprehensive understanding'] 

Reference 2152: ['agile assimilation', 'agile effectiveness', 'multi-method research', 'post-adoptive agile method use', 'sustained agile usage'] 

TOP-K 2153: [['software ecosystems'], ['small-to-medium enterprises'], 'smes', ['software ecosystem'], 'exploratory case studies', 'substantive theory'] 

Reference 2153: ['dependence', 'multiple case studies', 'power', 'small-to-medium enterprises', 'software ecosystem'] 

TOP-K 2154: [['gmm supervectors'], 'robust offline writer identification', 'individual scribe', 'method', 'characteristic handwriting'] 

Reference 2154: ['exemplar-svm', 'gmm supervectors', 'writer identification'] 

TOP-K 2155: ['manual refactoring phase', 'source code', ['maintainability'], 'proprietary software systems'] 

Reference 2155: ['antipatterns', 'coding issues', 'iso/iec 25010', 'maintainability', 'refactoring', 'software quality'] 

TOP-K 2156: ['non-stationary camera motion', 'hand articulations', 'ego-centric depth sequences', 'hand actions', 'error-correcting component', 'hough', 'dexterous nature', 'challenging problem', 'incorrect votes', 'known issue'] 

Reference 2156: ['action detection', 'action recognition', 'depth camera', 'error-correcting hough transform', 'hand gesture'] 

TOP-K 2157: ['open-source software package dune-alugrid', 'refinement', 'serial refinement algorithm', 'multiple iterations', 'global communication', 'several processor boundaries'] 

Reference 2157: ['adaptive method', 'dune', 'mesh refinement', 'parallel'] 

TOP-K 2158: ['parallel approximate ss-elm algorithm', 'mapreduce model', 'efficient parallel ss-elm'] 

Reference 2158: ['approximate algorithm', 'big data', 'lsh', 'mapreduce', 'parallel', 'pass-elm'] 

TOP-K 2159: ['workflow partitioning', ['workflow partitioning methods'], 'workflow fragments', 'workflow model elements', 'partitioning method', 'data flows', 'execution approaches', 'control flows', 'different methods', 'comprehensive survey'] 

Reference 2159: ['decentralised environments', 'workflow models', 'workflow partitioning method', 'workflow taxonomy'] 

TOP-K 2160: ['implementation technical details', 'message dissemination', 'dissemination schemes', 'high probability', 'additional overhead', 'simulation model', 'large portion', 'main point'] 

Reference 2160: ['complex networks', 'data dissemination', 'performance evaluation', 'simulation'] 

TOP-K 2161: ['ad video', 'ad videos', 'novel ad video representation', 'object bank', 'latent semantics', 'fisher vector', 'video content', 'multiple views', 'unsupervised manner'] 

Reference 2161: ['ad video classification', 'multi-layer', 'multi-view', 'topic model', 'video representation'] 

TOP-K 2162: ['quickfuzz', 'web browsers', 'image processing libraries', 'testing unexpected inputs', 'third-party software', 'common file formats', 'real-world implementations', 'unknown vulnerabilities'] 

Reference 2162: ['fuzzing', 'haskell', 'quickcheck', 'testing'] 

TOP-K 2163: ['design annotations', 'program-processable form', 'discoverability problems', 'api users', 'useful code completion proposals', 'design decisions', 'api exploration', 'object creation', 'development environment'] 

Reference 2163: ['annotations', 'api usability', 'code completion', 'eclipse', 'ide'] 

TOP-K 2164: [['continuous experimentation'], 'systematic introduction process', 'multiple-case study', 'development process', 'fundamental changes', 'successful start'] 

Reference 2164: ['agile software development', 'continuous experimentation', 'experiment-driven software development', 'lean software development', 'lean startup', 'product management'] 

TOP-K 2165: ['svm algorithms', 'new semiparametric svm scheme', 'encrypted training data', 'privacy-protected scenario.in'] 

Reference 2165: ['homomorphic encryption', 'machine learning', 'privacy protection', 'support vector machines'] 

TOP-K 2166: [['cross-application interference'], 'hpc applications', 'related literature', 'general characteristics', 'total amount', 'several works'] 

Reference 2166: ['cloud computing', 'cross-application interference', 'high performance computing', 'virtual machine placement'] 

TOP-K 2167: ['sensitivity-based thread migration', 'tile-organized many-core processor architecture', 'on-chip voltage regulators', 'two-tier power manager', 'system performance', 'hardware adaptations', 'power-driven adaptation', '256-core setup', 'co-schedule compatible threads', 'multiple threads', 'tile'] 

Reference 2167: ['adaptive microarchitecture', 'many-core tiled architecture', 'power budget', 'thread migration'] 

TOP-K 2168: [['bayesian network'], 'oss', 'problem-solving efforts', 'knowledge base', 'similar problems', 'potential causes', 'multiple symptoms', 'important role'] 

Reference 2168: ['bayesian network', 'knowledge-based software reuse', 'open source software', 'software reuse'] 

TOP-K 2169: ['modality-robust correspondence estimation', 'nonlinear intensity deformations', 'lat', 'spectral deformations', 'local area', 'local area domain', 'intensity domain', 'powerful image'] 

Reference 2169: ['cross-modal correspondence matching', 'local area transform', 'modality invariant', 'stereo matching'] 

TOP-K 2170: ['experimental results', 'representative time-series methods', 'dynamic quality prediction', 'suitable time-series method', 'ws consumers', 'comprehensive empirical comparison', 'diverse discussions', 'academic researchers', 'direct use', 'valuable reference'] 

Reference 2170: ['qos prediction', 'time-series forecasting', 'web service'] 

TOP-K 2171: [['data decomposition'], 'multi-core architectures', 'software applications', 'empirical-based understanding', 'key requirements', 'task', 'prevalent tasks'] 

Reference 2171: ['data decomposition', 'empirical studies', 'parallelization'] 

TOP-K 2172: ['discriminative semi-supervised methods', 'implicit assumptions', 'squares classifier', 'novel semi-supervised version', 'explicit additional assumptions', 'objective function'] 

Reference 2172: ['least squares classification', 'robust', 'semi-supervised learning'] 

TOP-K 2173: ['kinetic computing sculptures', 'kinetic parallel computer sculpture', 'parallel computation', 'parallel algorithms', 'experiential learning programs', 'broad audiences', 'sufficient detail'] 

Reference 2173: ['computer science education', 'kinetic art', 'parallel and distributed computing'] 

TOP-K 2174: ['value domain', 'software intensive product development', 'agile software development organisations', ['value'], 'primary critical success factor', 'empirical study', 'strong focus'] 

Reference 2174: ['agile software development', 'empirical', 'value'] 

TOP-K 2175: ['ensemble feature selection', 'data perturbation strategy', 'core selection algorithms', 'specific ensemble approach', 'feature selection literature', 'different kinds', 'real potential'] 

Reference 2175: ['data perturbation', 'ensemble paradigm', 'feature selection', 'high-dimensional genomic data', 'selection stability'] 

TOP-K 2176: [['business processes'], 'generic business processes', 'business analysts', 'new process variants', 'detailed models'] 

Reference 2176: ['business ontology', 'business pattern', 'business process', 'model transformation', 'reuse', 'specialization'] 

TOP-K 2177: ['efficient reprogramming', 'programming language', 'compact executable code', ['virtual machine'], 'high-level representations', ['compiler'], 'application programs', 'systematic approach'] 

Reference 2177: ['compiler', 'logical programming language', 'reprogramming efficiency', 'virtual machine', 'wireless sensor network'] 

TOP-K 2178: ['hb2ds', 'high-bandwidth networks', 'outlier handling', 'behavior-detection challenges', 'one-pass processing', 'online learning', 'behavior detection system', 'memory limitations', 'main constraints'] 

Reference 2178: ['behavior detection', 'big data stream', 'data stream clustering', 'network analysis'] 

TOP-K 2179: ['diffusion kalman filter', 'event-triggered diffusion kalman filter', ['communication constraints'], 'mean-square sense', 'mean sense', 'work focus'] 

Reference 2179: ['communication constraints', 'diffusion kalman filter algorithm', 'multi-channel decoupled event-triggered strategy', 'performance analysis'] 

TOP-K 2180: [['discovery'], 'algorithm', 'coverage phase'] 

Reference 2180: ['connectivity', 'coverage', 'deployment', 'discovery', 'mobile wireless sensor networks'] 

TOP-K 2181: [['multi-view object detection'], 'discrete viewpoints', 'inherent intra-class variability', 'challenging problem', 'them.multi-view object detection'] 

Reference 2181: ['hough decision tree', 'multi-view object detection', 'sparse coding', 'transfer vote'] 

TOP-K 2182: ['other-type image fusion issues', 'cnn model'] 

Reference 2182: ['activity level measurement', 'convolutional neural networks', 'deep learning', 'fusion rule', 'image fusion', 'multi-focus image fusion'] 

TOP-K 2183: ['human behavior', 'dynamic naive bayes classifier', 'depth videos', 'temporal segments', 'elementary motions', 'human behavior.in'] 

Reference 2183: ['3d human behavior understanding', 'online activity detection', 'shape space analysis', 'temporal modeling'] 

TOP-K 2184: ['textural-based curvature-free features', 'curvature-free features', 'handwritten texts', 'lbpruns', 'curvature information', ['writer identification'], 'line information', 'local binary pattern', 'line distribution'] 

Reference 2184: ['cloud of line distribution', 'curvature-free', 'run-lengths of local binary pattern', 'writer identification'] 

TOP-K 2185: ['cloud outage events', 'enterprise data set'] 

Reference 2185: ['cloud computing', 'outage simulation', 'queuing theory', 'resource allocation model'] 

TOP-K 2186: ['continuous star', 'software development', 'harmful disconnects', 'overall roadmap', 'short history', 'continuous software engineering.throughout', 'important activities'] 

Reference 2186: ['continuous software engineering', 'devops', 'lean software development'] 

TOP-K 2187: ['biomarker identification', 'sparse auto-encoder', 'deep network', 'mild cognitive impairment', 'feature fusion strategy', 'longitudinal features', 'mr brain images.in'] 

Reference 2187: ["alzheimer's disease (ad)", 'deep neural networks', 'feature fusion', 'metric learning', 'mild cognitive impairment (mci)', 'svm classifier'] 

TOP-K 2188: ['metamodel evolution', 'ocl constraints co-evolution', 'ocl constraints', 'case studies'] 

Reference 2188: ['co-evolution', 'constraints', 'evolution', 'metamodel', 'ocl'] 

TOP-K 2189: [['k-fold cross validation'], ['parametric methods'], 'classification algorithms', 'multiple data sets', 'data sets', 'performance'] 

Reference 2189: ['classification', 'k-fold cross validation', 'parametric method', 'sampling distribution'] 

TOP-K 2190: [['bagging'], 'classifier ensemble construction', 'randomization-based techniques', 'randomization technique', 'random forests', 'quadratic discriminant', 'well-known classifiers', 'parameter distribution', 'first investigation'] 

Reference 2190: ['bagging', 'ensemble construction techniques', 'multiple classifier systems', 'randomization'] 

TOP-K 2191: ['multithreaded dynamic programming problems', 'well-known dynamic programming problems', 'yap prolog system', 'longest common subsequence problems', 'prolog system', 'first work', 'execution'] 

Reference 2191: ['dynamic programming', 'multithreading', 'prolog', 'scalability', 'tabling'] 

TOP-K 2192: ['forensic crime investigations', 'probabilistic evidence', ['likelihood functions'], 'approach', 'flexible computation'] 

Reference 2192: ['attitudinal character', 'evidence aggregation', 'likelihood function', 'ordered weighted average', 'reliability'] 

TOP-K 2193: [['power gating'], 'fine-grained power-gating methodology', 'noc buffers', 'individual router buffers', 'leakage power consumption'] 

Reference 2193: ['low power', 'multi-cores', 'networks-on-chip', 'power gating', 'static power'] 

TOP-K 2194: [['ensemble pruning'], 'aggregation step', 'new combination strategy'] 

Reference 2194: ['classifier selection', 'decomposition strategies', 'ensemble pruning', 'multi-class classification', 'one-vs-one'] 

TOP-K 2195: ['data-centric distribution middleware', 'multiprocessor architectures', 'real-time embedded systems', 'system architecture', 'new challenges', 'available architectural configurations', 'distribution standards', 'heterogeneous set', 'next generation', 'use'] 

Reference 2195: ['application virtualization', 'middleware', 'multi-core', 'real-time systems and embedded systems'] 

TOP-K 2196: [['multi-view clustering'], 'unlabeled multi-view data', ['cross-modal retrieval'], 'state-of-the-art performance', 'extensive experiments', 'novel subspace', 'various settings'] 

Reference 2196: ['cross-modal retrieval', 'incomplete and unlabeled data', 'multi-view clustering', 'multi-view learning', 'subspace learning'] 

TOP-K 2197: ['dvfs', 'dpm energy', 'power consumption', 'device time', 'dynamic voltage', 'frequency scaling', 'performance requirements', 'processor time', 'buffer size.various energy-saving designs'] 

Reference 2197: ['dynamic power management', 'dynamic voltage and frequency scaling', 'energy-saving designs', 'heterogeneous resource management', 'resource scheduling', 'wireless monitoring systems'] 

TOP-K 2198: [['strike-out strokes'], 'struck-out texts', 'ocr engine'] 

Reference 2198: ['crossed-out text', 'document cleaning', 'handwritten ocr', 'inpainting', 'strike-out stroke', 'struck-out text processing'] 

TOP-K 2199: ['regularized coplanar discriminant analysis', 'rcda model', 'alternative optimization approach'] 

Reference 2199: ['coplanar discriminant analysis', 'dimensionality reduction', 'face recognition', 'hyperspectral image classification', 'sparse representation classifier'] 

TOP-K 2200: ['sequential data transfers', 'physical gpus', 'data transfer modes', 'execution time', 'overall performance', 'key result'] 

Reference 2200: ['acceleration-as-a-service', 'energy efficiency', 'gpu virtualisation', 'multi-tenancy', 'rcuda'] 

TOP-K 2201: ['graph summarization algorithm', ['graph pyramid'], 'image processing', 'multi-resolution ideas', 'global features', 'available embedding method', 'pyramid levels', 'informative description'] 

Reference 2201: ['graph classification', 'graph embedding', 'graph pyramid', 'graph summarization', 'multi-resolution theory'] 

TOP-K 2202: ['micro-optimizations', 'android apps', 'android developers', 'open-source developers', 'performance', ['empirical studies']] 

Reference 2202: ['android', 'empirical studies', 'measurement', 'mining software repositories', 'optimizations'] 

TOP-K 2203: ['multiclass svm', 'linear time', 'effective line search solver', 'explicit piecewise linear function'] 

Reference 2203: ['binary classification', 'cutting plane algorithm', 'linear support vector machine', 'root finding'] 

TOP-K 2204: [['content centric networks'], 'intermediate nodes', 'data', ['role-based access'], ['network utilization'], 'graph database', 'malicious users', 'consumers', 'key distribution', 'legitimate access'] 

Reference 2204: ['content centric networks', 'network utilization', 'nosql', 'role-based access', 'security'] 

TOP-K 2205: ['run-time dynamics', 'energy savings', 'reliability constraint', 'system reliability requirement', 'previous work'] 

Reference 2205: ['energy minimization', 'multi-core systems', 'real-time scheduling', 'reliability'] 

TOP-K 2206: ['route packets', 'hole view angle', 'escape route', 'specific node', 'new approach'] 

Reference 2206: ['angle of view', 'hole', 'routing', 'wireless sensor'] 

TOP-K 2207: ['orthopair fuzzy sets', 'intuitionistic fuzzy sets', ['approximate reasoning']] 

Reference 2207: ['approximate reasoning', 'computing with words', 'fuzzy logic', 'generalized intuitionistic fuzzy sets'] 

TOP-K 2208: ['cloud computing', 'energy-efficient solution', 'energy consumption', 'system performance', 'significant result'] 

Reference 2208: ['convex optimization', 'energy efficiency', 'gaussian process', 'iaas cloud computing', 'predictive analysis'] 

TOP-K 2209: ['end-user programmers', 'web software', 'software products', 'user study', 'life cycle', 'paper addresses'] 

Reference 2209: ['end-user programming', 'end-user software engineering', 'human-computer interaction', 'reliability', 'visual programming', 'web engineering'] 

TOP-K 2210: [['user-centered systems design'], 'user experience', 'agile projects', 'system life cycle', 'explicit role'] 

Reference 2210: ['agile development', 'scrum', 'user-centered system design'] 

TOP-K 2211: [['p2p network'], 'unnecessary message transmission', 'hypercube.this paper', 'overall bandwidth utilization', 'general problem'] 

Reference 2211: ['distributed algorithms', 'hypercube networks', 'p2p networks', 'structured overlays'] 

TOP-K 2212: ['mini-batch bagging', 'machine learning algorithms', ['one-class naïve bayes'], 'experimental results', 'minibag', ['attribute ranking'], 'multiple models'] 

Reference 2212: ['attribute ranking', 'bagging', 'keystroke dynamics', 'mini-batch', 'one-class naïve bayes', 'user authentication'] 

TOP-K 2213: ['3d-tesh', 'power consumption', 'router power usage', ['interconnection network'], ['static network performance'], 'on-chip level', 'different levels'] 

Reference 2213: ['3d-tesh network', 'interconnection network', 'power estimation', 'routing algorithm', 'static network performance'] 

TOP-K 2214: ['cloud computing', 'log file analysis', 'log files', 'cloud computational frameworks apache', 'high production rate', 'large size', 'apache spark ™', 'hadoop ®'] 

Reference 2214: ['apache hadoop', 'apache spark', 'cloud', 'log analysis', 'performance evaluation'] 

TOP-K 2215: ['multi-instance learning', 'simple max-pooling rule', ['human detection'], 'average rule', 'positive instances', 'several crucial factors', 'previous literature', 'small amount', 'supervision information'] 

Reference 2215: ['human detection', 'multi-instance learning (mil)', 'selective weakly supervised detection (swsd)', 'weakly supervised learning'] 

TOP-K 2216: ['category-specific object segmentation', 'unsupervised discriminant projection', 'unsupervised discriminant shape', 'intuitive energy minimization framework', 'clustering algorithm', 'class-specific proposals', 'discriminant projection direction', 'precise shape'] 

Reference 2216: ['graph cut', 'object segmentation', 'unsupervised discriminant clustering'] 

TOP-K 2217: ['location-based services', 'machine learning', 'individual users', 'initial check-in', 'user', 'partition locations'] 

Reference 2217: ['classification', 'location-based social network', 'prediction'] 

TOP-K 2218: ['stochastic nonlinearities', 'event-triggered transmission mechanism', 'time-varying filter', 'illustrative examples', 'error covariance', 'filter gain'] 

Reference 2218: ['event-triggered mechanism', 'multiple missing measurements', 'recursive filtering', 'time-varying nonlinear systems', 'uncertain missing probabilities'] 

TOP-K 2219: ['similarity measure', 'information theory principles', 'run-time analysis', 'incoming events', 'event streams', 'approach', 'real time reduction', 'large sets', 'features', 'set'] 

Reference 2219: ['dynamic analysis', 'event stream filtering', 'information theory', 'software engineering', 'system understanding'] 

TOP-K 2220: ['arbitrary point sets', 'lss', ['point sets'], 'earlybreak algorithm', 'local start', 'spatial locality', 'non-overlapping situation', 'exact hd', 'general algorithm'] 

Reference 2220: ['hausdorff distance', 'pattern recognition', 'point sets', 'shape matching', 'similarity measurement'] 

TOP-K 2221: ['flow techniques', ['activity theory'], 'contradictions', 'multiple-case method', 'development context'] 

Reference 2221: ['activity theory', 'continuous software development', 'flow', 'kanban', 'lean'] 

TOP-K 2222: ['discriminative pose-free descriptors', 'subspace point representation', 'objects', 'faces'] 

Reference 2222: ['canonical correlation', 'face recognition', 'metric learning', 'object recognition', 'pose invariant matching', 'subspace to point representation.'] 

TOP-K 2223: [['sensor integration'], 'sheaves', 'canonical data structure', 'many sensor modalities', 'expository paper', 'actionable information', 'requirements.a sensor integration framework', 'faithful way'] 

Reference 2223: ['cohomology', 'heterogeneous data source', 'mosaic', 'semantic fusion', 'sensor integration', 'sheaf'] 

TOP-K 2224: ['multi-sensor networked systems', 'several general dfe algorithms', 'fusion estimation'] 

Reference 2224: ['distributed fusion estimation', 'multisensor', 'network-induced phenomenon', 'networked system', 'random uncertainty'] 

TOP-K 2225: ['lightweight lossless compression methods', 'lossless lightweight compression methods', 'gpu processors', 'fixed-length minimum bit', 'new approaches'] 

Reference 2225: ['cuda', 'gpu', 'lightweight data compression', 'lossless data compression', 'multi-gpu', 'parallel processing'] 

TOP-K 2226: [['automatic anisotropic gaussian kernels'], 'isotropic gaussian kernel', 'seminal canny edge detector', 'cross-edge points', 'canny detector results', 'current problem', 'edge details'] 

Reference 2226: ['anisotropic directional derivatives (andds)', 'automatic anisotropic gaussian kernels', 'canny detector', 'edge detection'] 

TOP-K 2227: ['random forests algorithm', ['surrogate decisions'], 'present awvrf algorithm', 'weight voting random forest', 'experimental results', 'classification task', 'incomplete data'] 

Reference 2227: ['imputation approaches', 'missing values', 'random forests', 'surrogate decisions', 'weighted voting'] 

TOP-K 2228: ['cloud-based mobile testing service', 'mobile testing', 'mobile taas', 'cloud-based mobile taas approaches', 'infrastructure level service', 'paper', 'developed system'] 

Reference 2228: ['cloud-based infrastructure -as-a-service', 'mobile application testing', 'mobile testing as a service'] 

TOP-K 2229: ['api usage assistance', 'api users', 'code completion mechanisms', 'eclipse ide', 'statistical models', 'source code corpora', 'code completion facilities', 'recommendation systems', 'completion proposals'] 

Reference 2229: ['api', 'code completion', 'ide', 'n-grams', 'usability'] 

TOP-K 2230: ['retinal image analysis', 'retinal disease screening', 'novel method', 'fundus images', 'segment od', ['variational model'], 'reliable optic disc', 'multiple energies.accurate'] 

Reference 2230: ['optic disc localization', 'optic disc segmentation', 'retinal disease', 'sparse coding', 'variational model'] 

TOP-K 2231: ['multi-class classification problems', 'acyclic graph', 'ensemble strategies', 'new ensemble strategy', 'different decomposition', 'predefined rules.most'] 

Reference 2231: ['decision directed acyclic graph', 'listing status', 'multi-class classification', 'one versus one', 'optimizing', 'prediction'] 

TOP-K 2232: ['gpu-based slackmin algorithm', 'slackmin algorithm', 'parallel implementation', 'pattern classification applications', 'medium scale data', 'reasonable time', 'classification performance.this paper'] 

Reference 2232: ['big data', 'gpu programming', 'machine learning', 'parallel algorithms', 'pattern classification'] 

TOP-K 2233: [['architectural assumptions'], 'architectural assumption documentation framework', 'architectural knowledge', 'important type'] 

Reference 2233: ['architectural assumption', 'case study', 'documentation framework', 'software architecture'] 

TOP-K 2234: [['thermal-induced faults'], 'optical contention scenarios'] 

Reference 2234: ['heat conduction modeling', 'optical network-on-chip', 'power pattern of applications', 'thermal resilient topology', 'thermal-induced faults'] 

TOP-K 2235: ['ui elements', 'ui templates', ['mobile applications'], 'user interfaces', 'high user-perceived quality', 'common element sets', 'cess', 'manual analysis', 'empirical study', 'certain characteristics', 'different categories'] 

Reference 2235: ['common ui elements', 'mobile applications', 'user-perceived quality'] 

TOP-K 2236: ['hsi reconstruction model', ['deep convolutional neural network'], 'deep cnn', 'spatial features', 'new spatial features-based strategy', ['band selection'], 'training label', 'rich information', 'first time'] 

Reference 2236: ['band selection', 'deep convolutional neural network', 'extreme learning machine', 'hyperspectral imagery', 'pattern classification', 'reconstruction'] 

TOP-K 2237: [['opinion mining'], ['natural language processing'], 'different levels'] 

Reference 2237: ['deep learning', 'machine learning', 'natural\xa0language\xa0processing', 'opinion mining', 'sentiment analysis'] 

TOP-K 2238: ['hylaa', ['case-based reasoning'], 'case-based reasoning behavior', 'software agent architecture', 'learning component', 'learning', 'reactive behavior', 'hybrid behavior', 'intrusions', 'effectiveness'] 

Reference 2238: ['case-based reasoning', 'hybrid agents', 'information security', 'intrusion detection systems', 'learning agents', 'ontologies'] 

TOP-K 2239: ['epls feature extraction method', 'high performance', 'several different clustering methods', ['distance measures']] 

Reference 2239: ['clustering', 'distance measures', 'epls', 'feature extraction', 'migration data'] 

TOP-K 2240: ['multi-biometric template protection', 'biometric data protection', 'homomorphic probabilistic encryption', 'fusion levels', 'privacy-preserving systems', 'encrypted data', 'general framework', 'accuracy degradation'] 

Reference 2240: ['biometrics', 'homomorphic encryption', 'multi-biometrics', 'privacy', 'template protection', 'unlinkability'] 

TOP-K 2241: ['virtualized multicore systems', 'hardware faults', 'modern processors'] 

Reference 2241: ['dependability', 'fault injection', 'machine check exception', 'multicore', 'virtualization'] 

TOP-K 2242: ['stochastic contacts', 'overlapped trajectories', 'high probability', 'long duration', 'important role'] 

Reference 2242: ['discretization', 'overlapped road', 'probabilistic contact', 'routing', 'vehicular ad-hoc networks'] 

TOP-K 2243: ['double auction mechanisms', ['double auction'], 'cloud markets', 'future cloud market', 'detailed study'] 

Reference 2243: ['cloud computing', 'double auction', 'mechanism design', 'quality of service (qos)', 'resource allocation'] 

TOP-K 2244: ['ipr tasks', ['interactive pattern recognition'], 'emergent framework', 'sequential nature', 'recognition process', 'efficient approach'] 

Reference 2244: ['efficient search', 'human-computer interaction', 'interactive pattern recognition', 'sequential pattern recognition', 'word graphs'] 

TOP-K 2245: ['client libraries', 'potential rework', 'library releases', 'changes', 'client system', 'significant impact', 'empirical study'] 

Reference 2245: ['breaking changes', 'semantic versioning', 'software libraries'] 

TOP-K 2246: ['intel xeon phi cluster', 'asynchronous execution model', 'asynchronous model', 'multi-century climate simulations', 'wall-clock execution time', 'cpu cores', 'coprocessors', 'radiation calculations', 'atmosphere model calculations', 'many months'] 

Reference 2246: ['cam', 'intel xeon phi co-processors', 'long-wave radiations', 'offloading'] 

TOP-K 2247: ['sinusoidal wave frequency modulation', 'cpps', 'maximum velocity criterion method', 'chaos', 'parameter space'] 

Reference 2247: ['chaos prediction', 'chaos suppression', 'cyber-physical power system', 'pulse width modulation', 'voltage source inverters'] 

TOP-K 2248: [['opacity'], ['linearizability'], 'transaction execution', 'real-time order requirement', 'new properties', 'operation execution', 'wide class', 'various degree'] 

Reference 2248: ['correctness', 'deferred update replication', 'linearizability', 'opacity'] 

TOP-K 2249: ['data-driven requirements elicitation process', 'requirements elicitation process', 'user data', 'classical requirements elicitation philosophy', 'user behavioral models', 'feedback control system', 'potential control variables', 'control frameworks', 'continuous optimization'] 

Reference 2249: ['cybernetics', 'data analysis', 'requirements elicitation'] 

TOP-K 2250: ['new supervised filter', 'morisita estimator', 'feature selection methods', ['intrinsic dimension']] 

Reference 2250: ['data mining', 'feature selection', 'intrinsic dimension', 'measure of relevance', 'morisita index'] 

TOP-K 2251: ['object-oriented apis', ['software reuse'], 'pre-implemented functionalities'] 

Reference 2251: ['api', 'frequent usage pattern', 'object-oriented', 'reverse engineering', 'software component', 'software reuse'] 

TOP-K 2252: ['low-resolution faces/digits classification', 'linear classifier', 'several benchmark image datasets', 'semi-supervised learning', 'sparse representatio ns', 'experimental results', 'robust linear function', 'target space', 'method', 'source space', 'coupled space'] 

Reference 2252: ['geometric optimization', 'joint dictionary learning', 'low-resolution image classification', 'sparse linear transformation', 'sparse representation'] 

TOP-K 2253: ['static hand posture classification', 'fast-computable depth features', 'hand geometry shape', 'single depth image', 'depth texture information'] 

Reference 2253: ['depth feature', 'hand posture', 'random forest'] 

TOP-K 2254: ['open source systems', 'code snippets', 'manual internet-based search process', 'tactical code', 'help developers', 'wide range'] 

Reference 2254: ['architecture', 'information', 'models', 'tactics', 'traceability'] 

TOP-K 2255: ['clustering algorithms', 'collaborative learning method', 'collaborative framework', 'clustering solutions', 'variational em', 'collaborative contexts', 'collaboration process', 'theoretical basis', 'different families', 'identical prototypes', 'different collaborators', 'previous limitation', 'wide range'] 

Reference 2255: ['collaborative clustering', 'em algorithms', 'entropy based methods'] 

TOP-K 2256: ['sat solvers', 'hardware sat accelerators', 'current state', 'sequential sat', 'significant recent contributions', 'field', 'short overview', 'surveys recent contributions'] 

Reference 2256: ['boolean', 'fpga', 'logic', 'np complete', 'sat', 'satisfiability'] 

TOP-K 2257: ['ground truths', 'label quality', 'many good labels', 'tasks', 'quality', 'various sets'] 

Reference 2257: ['condorcet jury theorem', 'confidence interval', 'expectation maximization algorithm', 'human computation'] 

TOP-K 2258: ['new instrumented sequential program', 'model checking', 'faulty lines', 'model checker', 'concurrent programs', 'new approach', 'diagnostic value', 'sequentialization techniques', 'actual lines'] 

Reference 2258: ['bounded model checking', 'concurrent software', 'fault localization', 'non-determinism', 'sequentialization'] 

TOP-K 2259: ['non-parametric statistical analysis', 'image fusion research', 'fusion algorithms', 'image fusion toolbox', ['statistical comparison']] 

Reference 2259: ['image fusion', 'performance assessment', 'pixel-level fusion', 'statistical comparison', 'statistical significance'] 

TOP-K 2260: ['novel ensemble pruning methodology', 'non-monotone simple coalitional games', ['weighted voting games'], ['banzhaf power index'], 'new formulation'] 

Reference 2260: ['banzhaf power index', 'diversity', 'ensemble pruning', 'simple coalitional game', 'weighted voting game'] 

TOP-K 2261: ['bios firmware', 'wudo classification', ['invalid defects'], 'wad accounts', 'maximum number'] 

Reference 2261: ['bios', 'classification', 'invalid defect', 'project management', 'server development', 'text mining'] 

TOP-K 2262: ['subjective requirements prioritization', 'weighted pagerank', 'integrated requirements prioritization method', 'prioritization', 'ranking criteria selection', 'objective requirements dependencies', 'objective dependencies', 'stakeholder preferences', 'prioritization evaluation', 'requirements', 'partial order relations', 'subjective preferences', 'current approaches', 'dependencies', 'stakeholders'] 

Reference 2262: ['link analysis', 'machine learning', 'requirements dependency', 'software requirements prioritization'] 

TOP-K 2263: ['computer cluster', 'virtualization tool.computer clusters', 'teaching methodology', 'cost-effective way'] 

Reference 2263: ['computer cluster configuration and administration', 'computer engineering education', 'lab project'] 

TOP-K 2264: ['discriminative stroke-parts representations', 'public script identification datasets', 'state-of-the-art results', 'patch-based classification scheme', 'novel method', 'relative importance'] 

Reference 2264: ['convolutional neural networks', 'ensemble of conjoined networks', 'multi-language ocr', 'scene text understanding', 'script identification'] 

TOP-K 2265: ['boundary nodes', 'boundary detection algorithms', 'boundary nodes detection', 'boundary node', 'problem', 'lifetime', 'optimal number'] 

Reference 2265: ['distributed sensor networks', 'pervasive computing', 'surveillance'] 

TOP-K 2266: ['ad-hoc wireless network', 'distance', 'nodes', 'performance characteristics', 'probability distribution', 'cubic volume', 'critical importance'] 

Reference 2266: ['euclidean distance', 'geometric probability', 'manet'] 

TOP-K 2267: ['psoriatic plaque segmentation', 'psoriatic plaque regions', 'skin images', 'chroma information', 'segmentation model', 'experimental results', 'unsupervised methods'] 

Reference 2267: ['circular–linear data', 'expectation maximization (em)', 'mixture model', 'psoriasis', 'psoriatic plaque', 'segmentation'] 

TOP-K 2268: ['fusion methods', 'fusion model', 'multiple diverse base classifiers', 'base classifiers', 'single classifiers', 'stock returns', 'meta classifier', 'common input', 'many studies', 'precise stock return', ['risk predictions'], 'main aim'] 

Reference 2268: ['classifier fusion', 'diversity creation', 'fundamental analysis', 'machine learning', 'risk prediction', 'stock returns prediction'] 

TOP-K 2269: [['software cybernetics'], 'nested control system', 'control theory', 'software engineering domain', 'established.software cybernetics'] 

Reference 2269: ['control system', 'software cybernetics', 'software verification'] 

TOP-K 2270: ['tm', 'thrashing.transactional memory', 'shared data', 'transaction concurrency', 'concurrent applications', 'powerful paradigm', 'maximum degree'] 

Reference 2270: ['concurrency', 'performance optimization', 'performance prediction', 'transactional memory'] 

TOP-K 2271: ['efsm test selection criteria', 'single assignment faults', 'efsm specification', 'single transfer faults', 'test suites', 'single output parameter faults', 'state machine', 'double transfer faults', 'test selection criteria', 'various types', 'known types', 'many types'] 

Reference 2271: ['extended finite state machines', 'fault coverage assessment', 'model based testing', 'mutation testing', 'test derivation'] 

TOP-K 2272: ['k-hop reachability query time', 'k-reach method', 'compound-index method', 'index size', 'dense graphs', ['large graphs'], 'pruning efficiency', 'special index', 'query time', 'experiment results', 'theoretical analysis'] 

Reference 2272: ['bfsi-b', 'k-hop reachability queries', 'large graph', 'online search'] 

TOP-K 2273: [['brain atlas'], 'atlas fusion', 'low-quality brain mr images', 'high-thickness diagnostic mr images', 'clinical routines'] 

Reference 2273: ['brain atlas', 'groupwise registration', 'image enhancement', 'random forest regression', 'sparsity learning', 'super-resolution'] 

TOP-K 2274: ['current research topics', 'feature drift adaptation', 'future directions', 'implicit approaches'] 

Reference 2274: ['data stream mining', 'feature drift', 'feature selection'] 

TOP-K 2275: ['resource allocation problems', 'snap-stabilizing lra algorithm', 'strong concurrency', 'concurrency issue', 'positive side'] 

Reference 2275: ['distributed algorithms', 'local resource allocation', 'self-stabilization', 'snap-stabilization'] 

TOP-K 2276: ['gpu hardware architecture', 'cuda programming framework', 'parallel programming frameworks', 'graphical processing unit', 'novel methodology', 'present work', 'memory hierarchy', 'classification model', 'calibration process', 'much structured today'] 

Reference 2276: ['abc algorithm', 'avalanche forecasting', 'gpu', 'k-nearest neighbours', 'nvidia cuda', 'simd'] 

TOP-K 2277: ['qualitative nfps', 'genetic algorithm', 'local selection', 'global optimization'] 

Reference 2277: ['non-functional properties', 'quantitative and qualitative', 'service composition', 'tcp-nets'] 

TOP-K 2278: ['data intensive operations', 'partial redistribution', 'large datasets', 'high performance clusters', 'partial query', 'new method', 'essential operation'] 

Reference 2278: ['data skew', 'high performance computing', 'parallel joins', 'robust'] 

TOP-K 2279: ['intersection family', 'efficient parallel gpu strategy', 'unsorted sets', 'temporal evolution analysis problems', 'duplicated sets', 'large families', 'market research', 'interesting problem', 'sets frequency.the computation', 'mathematical point'] 

Reference 2279: ['algorithm', 'cuda', 'graphics processing unit (gpu)', 'intersection of families of sets'] 

TOP-K 2280: ['torus graph', '2d weighted torus', 'different communication routes', 'mesh graphs', 'extrapolation parameters', 'edge weights', 'source node', 'missirlis', 'closed form formulae', 'convergence factor', 'optimum values', 'set n1'] 

Reference 2280: ['fourier analysis', 'iterative diffusion', 'laplacian matrix', 'load balancing', 'weighted torus'] 

TOP-K 2281: ['scheduling multiple workflow jobs', 'priority-based lbcns', 'prior node selection algorithm', 'candidate node selection', 'multiple workflow jobs', 'schedule length', 'minimum schedule length', 'extensive simulations', 'experimental results', 'single workflow job'] 

Reference 2281: ['dag', 'heterogeneous system', 'node grouping', 'processor grouping', 'task scheduling', 'workflow scheduling'] 

TOP-K 2282: [['abnormal activity recognition'], 'binary support vector machine', ['graph kernel'], 'graph formulation', 'video activities', 'abnormal classes'] 

Reference 2282: ['abnormal activity recognition', 'bag-of-graphs (bog)', 'graph kernel', 'graph representation of video activity', 'video activity classification'] 

TOP-K 2283: ['convnet training', 'novel parallel algorithm'] 

Reference 2283: ['convolutional neural networks', 'deep learning', 'dynamic scheduling', 'fft convolution', 'multi-core algorithms', 'wait-free summation'] 

TOP-K 2284: ['online phase m-rkelm', 'kernel extreme learning machine', 'kernel fusion method', 'computational cost', 'initial activity recognition model', 'kernel extreme learning model', 'real time', 'transfer learning', 'kernel function', 'high confident recognition', 'new locations'] 

Reference 2284: ['extreme learning machine', 'human activity recognition', 'inertial sensors', 'machine learning', 'mixed kernel'] 

TOP-K 2285: ['ocl constraints', 'uml class diagrams', 'uml elements', 'innovative method', 'reasoning outcomes'] 

Reference 2285: ['ocl', 'reasoning', 'simplification', 'uml'] 

TOP-K 2286: [['n-dimensional fuzzy sets'], ['owa operators'], 'membership degrees', 'membership degree', 'sets', 'group decision', 'admissible orders', 'n elements', 'construction method'] 

Reference 2286: ['decision-making', 'fuzzy multisets', 'n-dimensional fuzzy sets', 'owa operator'] 

TOP-K 2287: [['online reviews'], 'intuitionistic fuzzy set theory', 'negative sentiment orientations', 'sentiment analysis technique', ['intuitionistic fuzzy number'], 'product feature', 'alternative product'] 

Reference 2287: ['ifwa operator', 'intuitionistic fuzzy number', 'online reviews', 'product ranking', 'sentiment analysis'] 

TOP-K 2288: ['automatic latent fingerprint segmentation', ['latent fingerprint segmentation'], 'latent fingerprints', 'non-ridge patterns', 'segmentation algorithm', 'novel sivv', 'feature selection technique', 'multiple category features', 'research', 'entire matching process', 'major contributions', 'different categories', 'relief formulation'] 

Reference 2288: ['feature selection', 'latent fingerprint segmentation', 'random decision forest', 'saliency'] 

TOP-K 2289: [['xml stream'], 'xml data', 'encrypted xml stream', 'wireless broadcast channel', 'xml queries', 'data confidentiality', 'access mechanism', 'new structure'] 

Reference 2289: ['secure xml data broadcast', 'xml access control', 'xml query processing', 'xml stream'] 

TOP-K 2290: ['bag-level label information', 'diversified dictionaries mil', 'training class-specific dictionaries', 'supervised learning method'] 

Reference 2290: ['dictionary learning', 'diversified learning', 'multi-instance learning'] 

TOP-K 2291: ['physical activity recognition', ['multi-sensor data fusion'], 'multi-sensor fusion', 'data fusion', 'emotion recognition', 'data fusion design choices', 'bsn domain', 'systematic categorization', 'survey', 'future research', 'distinctive properties', 'clear motivations', 'different levels', 'relevant directions', 'common comparison framework'] 

Reference 2291: ['data-level fusion', 'decision-level fusion', 'feature-level fusion', 'human activity recognition', 'multi-sensor data fusion'] 

TOP-K 2292: ['block-node mapping', 'master node', 'block location table', 'block locations', 'data node', 'memory space', 'corresponding maintenance', 'processing capacity', 'huge table'] 

Reference 2292: ['data block distribution', 'data intensive file system', 'metadata server scalability'] 

TOP-K 2293: [['software package data exchange'], ['license compatibility'], 'license compatibility issues', 'software projects', 'different software packages', ['license violations'], 'correct use', 'appropriate combinations'] 

Reference 2293: ['license compatibility', 'license violations', 'open source software', 'software package data exchange'] 

TOP-K 2294: [['organizational roles'], 'traditional organizational roles', ['agile transformation process'], 'agile roles', 'project team size', 'management commitment', 'many circumstances'] 

Reference 2294: ['agile transformation process', 'grounded theory', 'organizational roles', 'software development'] 

TOP-K 2295: ['3d trajectories', 'three-dimensional trajectories', 'near-future prediction', '2d projections', 'high dimensionality', 'specific trajectory states', 'dimensional projections', 'difficult problem', 'camera source', 'limited amount'] 

Reference 2295: ['3d trajectories estimation', 'activity recognition', 'deep learning', 'restricted boltzmann machines'] 

TOP-K 2296: ['pipeline parallelism', 'openmp api', 'complex embedded applications', 'embedded applications', 'extraction', 'implementation', 'new approach'] 

Reference 2296: ['embedded systems', 'heterogeneous multiprocessor system-on-chip', 'parallelization'] 

TOP-K 2297: ['business components', 'object reuse', 'modeling performance', 'systems analysis', 'prior experience'] 

Reference 2297: ['analyst experience', 'chunking', 'cognitive fit', 'conceptual modeling', 'software reuse', 'systems development'] 

TOP-K 2298: ['dataclay', 'impedance mismatch issues', 'object oriented paradigm', 'trendy nosql technologies', 'data store', 'external players', 'data representation', 'extra functionality', 'flexible way'] 

Reference 2298: ['data sharing', 'distributed databases', 'nosql', 'storage systems'] 

TOP-K 2299: ['salient object detection', 'foreground connectivity saliency measure', 'final spatiotemporal saliency maps', 'refined spatiotemporal saliency maps', 'saliency maps', 'adaptive fusion strategy', 'motion-dominated algorithm', 'distinctive saliency maps', 'appearance-dominated method', 'object proposals'] 

Reference 2299: ['fusion', 'object signatures', 'salient video object detection', 'spatiotemporal saliency computation'] 

TOP-K 2300: [['game theory'], 'load balancing', 'algorithm', 'data centers'] 

Reference 2300: ['distributed data centers', 'front-end proxy servers', 'game theory', 'optimization of combined energy and latency cost'] 

TOP-K 2301: ['advanced learning concepts', 'ensemble approaches', ['data streams'], 'complex data representations', 'data stream classification', 'structured outputs', 'semi-supervised learning', 'regression tasks', 'imbalanced data streams', 'novelty detection', 'comprehensive spectrum', 'paper surveys research'] 

Reference 2301: ['concept drift', 'data streams', 'ensemble learning', 'non-stationary environments', 'online learning'] 

TOP-K 2302: ['algorithm', 'digital face images', 'feature extraction', 'prip database', 'visual saliency', 'texture features', 'digital photos', ['composite sketches'], 'identification accuracy', ['composite sketch']] 

Reference 2302: ['biometrics', 'composite sketch', 'face recognition', 'saliency', 'sketch recognition'] 

TOP-K 2303: [['bayesian optimization algorithm'], ['bayesian network'], 'deadlocks', 'graph transformations', 'benchmark problems', 'novel method', 'different structures'] 

Reference 2303: ['bayesian network', 'bayesian optimization algorithm', 'deadlock detection', 'graph transformation system', 'state space explosion'] 

TOP-K 2304: ['multi-level feedback strategy', 'class', 'test profit', ['test order'], 'optimal inter-class order', 'punishment mechanism', 'test priority.class integration'] 

Reference 2304: ['feedback', 'stub minimization', 'test cost', 'test order'] 

TOP-K 2305: ['students', 'similar hpc courses', 'research achievements', 'academic year', 'laudable results'] 

Reference 2305: ['high performance computing (hpc) courses', 'infrastructure development', 'student results', 'teaching and evaluating students', 'undergraduate and postgraduate engineering curricula', 'upgrading curricula'] 

TOP-K 2306: ['defect-prone topics', 'state-of-the-art topic-based cohesion', 'topic-based cohesion', 'defect explanatory power', 'software quality', 'topic-based metrics', 'topics', 'statistical topic modeling approach', 'source code', 'case studies', 'additional explanatory power', 'related words', 'approximate software concerns', 'coupling metrics', 'multiple versions'] 

Reference 2306: ['code quality', 'cohesion', 'coupling', 'lda', 'metrics', 'topic modeling'] 

TOP-K 2307: ['hsv_cc', 'end-to-end timing behavior', 'stream processing graphs', 'heterogeneous processor', 'tasks', 'communication contention', 'task scheduling order', 'static algorithm', 'efficient resource usages', 'heterogeneous selection value', 'stream processing distribution', 'message schedules', 'network environments', 'previous task', 'conventional method'] 

Reference 2307: ['automotive data stream management system', 'heterogeneous processor and network', 'imprecise computation', 'list scheduling', 'load balancing'] 

TOP-K 2308: ['model fragmentation strategies', 'embedded systems', 'models', 'visualisation mechanisms', ['model abstraction'], 'reverse engineering domains', 'manageable chunks', 'large benefits', 'memory consumption', 'visualisation time', 'reduction'] 

Reference 2308: ['model abstraction', 'model fragmentation', 'model scalability', 'model visualisation', 'model-driven engineering'] 

TOP-K 2309: [['social media'], 'data', 'data streams', 'stream processing', 'several challenges', 'data sources', 'huge amounts', 'concern storage'] 

Reference 2309: ['news streams', 'opinion mining', 'social media'] 

TOP-K 2310: [['lexicon'], 'semantic representation', ['action recognition'], 'action classification', 'visual frames', 'alignment sequences', 'sequence', 'maximum posterior probability'] 

Reference 2310: ['action recognition', 'lexicon', 'semantic pose', 'visual pose'] 

TOP-K 2311: ['parallelism enhancement', 'task-level parallelism', 'graph partitioning problem', ['genetic algorithm'], 'hybrid genetic algorithm', 'parallelism graph', 'mapping problem'] 

Reference 2311: ['genetic algorithm', 'graph partition', 'mapping', 'multiprocessor', 'synchronous dataflow graph'] 

TOP-K 2312: ['document image segmentation algorithms', 'technical limitations', 'general trends', 'clear typology'] 

Reference 2312: ['document', 'evaluation', 'segmentation', 'survey', 'trends', 'typology'] 

TOP-K 2313: ['online shape retrieval', 'affine distortions', 'large datasets', 'retrieval framework', 'fast shape matching', 'many distortions', 'effective shape matching', 'large datasets.precise', 'challenging task'] 

Reference 2313: ['contour-based shape matching', 'hybrid shape matching framework', 'online retrieval', 'pruning', 'shape distance', 'very large datasets'] 

TOP-K 2314: [['environmental factors'], 'software reliability', 'significant environmental factors', ['multi-release software'], 'new study', 'single release software', 'development phase', 'principle components', 'whole development process', 'development', 'significance level', 'impact level', 'software practitioners', 'concise guidance'] 

Reference 2314: ['environmental factors', 'lasso regression', 'multi-release software', 'multiple linear regression', 'principle component analysis', 'stepwise backward elimination'] 

TOP-K 2315: ['novel key-value store', 'designing key-value stores', 'small memory usage', 'data structures', 'memory usage', 'high performance', 'packed hash', 'advanced design'] 

Reference 2315: ['datastore', 'distributed storage', 'key-value store', 'nosql', 'solid state drives'] 

TOP-K 2316: ['experimental results', 'various clustering techniques', 'air quality dataset', 'different clustering methods', 'high noise level', 'similarity measures', 'synthetic dataset', 'distance measures'] 

Reference 2316: ['air quality', 'clustering', 'eemd', 'pca', 'pm<sub>2.5</sub>'] 

TOP-K 2317: ['eeg responses', 'physiological-based analysis', 'web site', ['pupil dilation'], 'web user behavior', ['web user'], ['web users'], 'novel approach', 'intention behaviour'] 

Reference 2317: ['decision making', 'eeg', 'eye-tracking', 'pupil dilation', 'web user'] 

TOP-K 2318: ['local average algorithm', 'local average information exchange', 'global consensus', 'numerical results', 'communication cost', 'initial measurements'] 

Reference 2318: ['broadcasting', 'consensus', 'd-regular graph', 'local average', 'random graph'] 

TOP-K 2319: ['bamboo', 'code transformation framework', 'experimental results', 'programmer annotation', 'source code', 'communication delays', 'applications', 'modest amounts'] 

Reference 2319: ['automatic communication hiding', 'data-driven execution', 'source-to-source translator', 'task dependency graph'] 

TOP-K 2320: ['spl industrial projects', ['software evolution'], 'spl assets', 'lehman', 'empirical investigation', 'time', 'single systems', 'laws', 'paper details', 'stated laws'] 

Reference 2320: ['empirical study', "lehman's laws of software evolution", 'software evolution', 'software product lines'] 

TOP-K 2321: ['cognitive wireless networking', 'system performance', ['energy consumption'], 'fusion strategies', 'correct detection', 'inherent tradeoffs', 'false alarm', 'performance indicators', 'proper decision', 'previous results'] 

Reference 2321: ['clustering', 'correct detection (cd)', 'electronic-signals intelligence (elint)', 'energy consumption', 'false alarm (fa)', 'wireless sensor network (wsn)'] 

TOP-K 2322: ['domain-specific sentiment classifiers', 'sentiment knowledge', 'sentiment information', 'novel approach', 'multiple sources'] 

Reference 2322: ['domain adaptation', 'information fusion', 'sentiment classification'] 

TOP-K 2323: ['new optical crossbar architecture', 'high-performance inter-core communication', 'optical crossbar designs', 'laser power', 'laser power reconfiguration schemes', 'power consumption', 'dynamic bandwidth'] 

Reference 2323: ['bandwidth reallocation', 'multicore', 'network-on-chip', 'optical crossbar', 'optical interconnects', 'power reconfiguration'] 

TOP-K 2324: [['fault localization'], ['bayesian network'], 'probabilistic graphical models', 'nonadjacent nodes', 'program dependence graph', 'probabilistic program dependence graph', 'novel probabilistic graphical model', 'excellent inference capability'] 

Reference 2324: ['bayesian network', 'fault localization', 'program analysis'] 

TOP-K 2325: [['aggregation functions'], 'decomposition', 'superdecomposition integrals', 'construction methods', 'optimization methods', 'several known constructions', 'decomposition set'] 

Reference 2325: ['aggregation function', 'decomposition integral', 'subadditive transformation', 'superadditive transformation'] 

TOP-K 2326: ['global domain discrepancy measure', 'novel domain adaptation application', 'classification performance', 'low correlation'] 

Reference 2326: ['convolutional activations', 'domain divergence measure', 'subspace alignment', 'two-dimensional pca', 'visual domain adaptation'] 

TOP-K 2327: ['road traffic big data', 'traffic data', 'real traffic data', 'similarity query processing', 'incremental svd-based algorithms', ['similarity queries'], 'singular value decomposition', 'experimental studies'] 

Reference 2327: ['mongodb', 'nosql database', 'road traffic data', 'similarity queries', 'svd-based query processing', 'traffic matrices'] 

TOP-K 2328: ['adaptive ensemble undersampling-boost', 'novel ensemble framework', 'experimental results', 'various imbalanced classification domains', 'imbalanced learning', 'promising alternative'] 

Reference 2328: ['adaptive decision boundary', 'classification', 'ensemble undersampling', 'imbalanced data sets', 'real adaboost', 'voting algorithm'] 

TOP-K 2329: [['autonomous underwater vehicles'], 'deep sea', 'several schemes', '3-dimensional search space', 'surface stations', 'data', 'schedules multiple auvs'] 

Reference 2329: ['autonomous underwater vehicles', 'deep sea data collection', 'delay tolerant networks', 'euler circuit', 'trajectory scheduling'] 

TOP-K 2330: [['cielab color space'], 'ppl', 'xpl', 'color variations', '19-point sets', 'unknown mineral', 'illumination modes'] 

Reference 2330: ['automated mineral identification', 'ciede2000 color distance', 'cielab color space', 'modified hausdorff distance'] 

TOP-K 2331: [['distance metric learning'], 'machine learning', 'classification accuracies', 'past decades', 'related fields', 'several cases'] 

Reference 2331: ['distance metric learning', 'jeffrey divergence', 'linear transformation', 'nearest neighbor'] 

TOP-K 2332: ['pmoea', 'novel multi-objective evolutionary algorithm', 'recommendation systems', 'extensive experiments', ['recommendation algorithm'], 'good balance'] 

Reference 2332: ['genetic operator', 'multi-objective optimization', 'recommendation algorithm', 'topic diversity'] 

TOP-K 2333: ['visual descriptions', 'attributes', 'classification tasks', 'novel attribute meaningfulness', 'methods', 'good performance', 'challenging problem'] 

Reference 2333: ['attribute discovering', 'meaningfulness metric', 'semantic content', 'visual attribute'] 

TOP-K 2334: ['java thread programming', 'introductory programming courses', 'active out-of-class activities', 'computer science students', 'basic understanding', 'disparate challenges', 'crucial topic', 'distinct exercises.by'] 

Reference 2334: ['cs1', 'education', 'introductory programming', 'java', 'multi-threading', 'parallelism'] 

TOP-K 2335: ['building agile teams', 'social psychology', 'group developmental aspects', 'group development model', 'successful agile transition', 'key factors'] 

Reference 2335: ['agile processes', 'empirical study', 'group psychology', 'maturity', 'measurement'] 

TOP-K 2336: [['multi-focus image fusion'], 'multi-focus fusion', 'appropriate focus measure', 'effective technique', 'main challenge'] 

Reference 2336: ['focus criterion', 'fusion metrics', 'multi-focus image fusion', 'surface area'] 

TOP-K 2337: ['eye tracking data', 'image classification', 'comprehensive experimental results', 'ranking criterion', 'benchmark datasets', ['feature selection'], 'ranking information', 'great importance'] 

Reference 2337: ['eye tracking', 'feature selection', 'mrmr', 'quantum genetic algorithm (qga)', 'svm-rfe'] 

TOP-K 2338: ['chiller-less direct liquid cooling', 'chiller-less cooling', 'large-scale hpc applications', 'new technologies', 'data center cooling overheads', 'different inlet temperatures', 'ht-dlc efficiency', 'cooling infrastructure', 'optimal operational environment', 'overall system power consumption', 'energy consumption', 'scientific discovery', 'energy/power efficiency', 'first time', 'essential question'] 

Reference 2338: ['cooling efficiency', 'energy-efficiency', 'high-temperature direct liquid cooling (ht-dlc)', 'hpc', 'system characteristic'] 

TOP-K 2339: ['dense gaussian networks', 'fault-tolerant communications', 'secure message distributions', 'trees'] 

Reference 2339: ['circulant graphs', 'fault-tolerant routing', 'gaussian networks', 'independent spanning trees', 'spanning trees'] 

TOP-K 2340: ['software evolution visualization strategies', 'software evolution analysis', 'experimental study', 'multiple visual strategies', 'benefits'] 

Reference 2340: ['experimental evaluation', 'software evolution visualization', 'visual strategies'] 

TOP-K 2341: ['position errors', 'structure'] 

Reference 2341: ['indoor pedestrian navigation', 'magnetic feature', 'mems sensors', 'portable devices', 'wireless positioning'] 

TOP-K 2342: ['pdc concepts', 'cs educators', 'cs education community', 'small multicore systems', 'general purpose web portal', 'educational resources', 'curriculum materials', 'significant work'] 

Reference 2342: ['interactive learning environment', 'parallel and distributed computing education', 'web portal'] 

TOP-K 2343: ['new streaming graph-partitioning policies', 'lightweight streaming graph-partitioning policies', 'realistic graph-data characteristics', 'ever-increasing modern graphs', 'important performance issues', 'many previous studies'] 

Reference 2343: ['graph-processing systems', 'large-scale graphs', 'modeling analysis', 'performance evaluation', 'streaming graph-partitioning policies'] 

TOP-K 2344: [['safety analysis'], 'hazard/safety techniques', 'scs development', 'safety engineering', 'safety information', 'integration benefits'] 

Reference 2344: ['communication', 'integration', 'requirements engineering', 'safety analysis', 'safety-critical systems', 'systematic literature review'] 

TOP-K 2345: ['mt', 'genprog', 'mt-genprog', 'popular apr technique genprog', ['test oracles'], 'testing approach', 'integration', 'individual test outputs', 'multiple test cases', 'introclass benchmark suite', 'empirical study', 'important issues', 'repair effectiveness', 'program versions', 'comparable performance'] 

Reference 2345: ['metamorphic testing', 'test oracle', 'test suite based automated program repair'] 

TOP-K 2346: ['heart motion', 'novel orthogonal decomposition algorithm', 'new prediction method', 'heartbeat motion online', ['instantaneous frequencies'], '3d trajectory', 'robust tracking'] 

Reference 2346: ['beating heart tracking', 'instantaneous frequency', 'kalman filter', 'motion compensation', 'motion prediction'] 

TOP-K 2347: ['checkpoint placement', 'burst buffer utilization', 'ssd endurance requirements', ['burst buffer'], 'parallel file system', 'computation efficiency', 'dynamic runtime characteristics', 'design goals', 'adaptive algorithm'] 

Reference 2347: ['burst buffer', 'checkpoint', 'fault tolerance', 'hierarchical storage systems', 'solid-state drive'] 

TOP-K 2348: ['k-means algorithm', 'cfsfdp algorithm', 'state-of-the-art density-based clustering algorithm', 'fast clustering technique', 'arbitrary shapes', 'density peaks', 'fast search'] 

Reference 2348: ['acceleration mechanism', 'approximate algorithm', 'cluster analysis', 'density-based clustering', 'k-means'] 

TOP-K 2349: [['decision field theory'], 'intuitionistic fuzzy group decision', 'practical case study', 'novel intuitionistic fuzzy decision', 'model', 'investment decision'] 

Reference 2349: ['decision field theory', 'decision making models', 'group decision making', 'intuitionistic fuzzy set'] 

TOP-K 2350: ['gaussian mixture model', 'scale invariant features', 'high-level information features', 'multi-view technique', 'complementary information'] 

Reference 2350: ['color doppler energy imaging', 'fusion', 'multi-layout fisher vector', 'multi-modal', 'placental maturity staging'] 

TOP-K 2351: ['partial periodic-frequent patterns', 'pattern-growth algorithm', 'paper', 'generic model'] 

Reference 2351: ['algorithms', 'data mining', 'knowledge discovery in databases', 'partial periodicity', 'pattern mining'] 

TOP-K 2352: ['similarity mapping', 'banknote image', ['genetic algorithm'], 'recognition accuracy', 'different classes'] 

Reference 2352: ['banknote recognition', 'genetic algorithm', 'kinds of banknote databases', 'one-dimensional visible light sensor', 'optimal discriminative region'] 

TOP-K 2353: [['reputation generation'], 'big real-world data', ['opinion fusion'], 'novel reputation generation approach', 'several popular commercial websites', 'experimental results'] 

Reference 2353: ['opinion fusion', 'opinion mining', 'recommender system', 'reputation generation', 'reputation visualization'] 

TOP-K 2354: ['vlts', 'virtual linguistic terms', 'computational models', ['semantics'], 'syntactical rule', 'linguistic modifiers', 'symbolic transformation', 'theoretical foundation', 'semantic rule', 'main purpose'] 

Reference 2354: ['computing with words', 'semantics', 'syntax', 'virtual linguistic terms (vlts)'] 

TOP-K 2355: [['stream clustering'], 'micro-clustering paradigm', 'algorithms', 'cloud platforms', 'architectures', 'limited achievable throughput'] 

Reference 2355: ['distributed data mining', 'stream clustering', 'stream data mining'] 

TOP-K 2356: ['robot-sensor network cooperative localization', 'multi-node fusion result', 'robot', 'experimental results', 'slam result', 'sensor nodes', 'accurate localization', 'local submap'] 

Reference 2356: ['cooperative localization', 'mobile robot', 'sensor information fusion', 'sensor network'] 

TOP-K 2357: ['image cartoon-texture decomposition', 'fusion processing', 'novel fusion scheme', 'morphological structure information', 'source images', 'additional noise'] 

Reference 2357: ['cartoon content', 'image decomposition', 'multi-focus image fusion', 'texture content'] 

TOP-K 2358: ['automatic facial video processing', ['face tracking'], 'model face clustering', 'active research', 'interactions.face clustering'] 

Reference 2358: ['coupled hidden markov random field', 'face clustering', 'face tracking'] 

TOP-K 2359: ['image super-resolution', 'generic video alignment framework', 'canonical form', 'surface deformations', 'rigid-body motions', 'subtle facial muscle dynamics', 'spontaneous expressions', 'generic object registration'] 

Reference 2359: ['object registration', 'optical flow', 'sift flow', 'spontaneous facial expression', 'super-resolution'] 

TOP-K 2360: ['cryptographic hash function grøstl', 'compact 8-bit coprocessor', 'advanced encryption standard', 'resource-constrained embedded systems', 'block ciphers', 'several security protocols', 'key expansion'] 

Reference 2360: ['ciphers', 'coprocessors', 'cryptographic hash functions', 'cryptography', 'embedded systems', 'field programmable gate arrays'] 

TOP-K 2361: ['software cybernetics', 'on-line transaction processing', 'dbmss', 'self-tuning performance', 'database management systems', 'time-consuming task', 'multiple performance parameters'] 

Reference 2361: ['database management system (dbms)', 'fuzzy rules', 'self-tuning'] 

TOP-K 2362: ['computational quantum chemists', 'molecular structure', 'tensor representation', 'matrix multiplication', 'programming models', 'electronic interactions'] 

Reference 2362: ['cyclops. high performance computing', 'distributed memory programming models', 'energy efficiency', 'libtensor', 'quantum chemistry', 'tensor contraction engines'] 

TOP-K 2363: ['scalable multiagent system', 'novel local expansion strategy', 'autonomous agent', 'leader agent', 'relevant followers'] 

Reference 2363: ['attributed graph clustering', 'cluster extraction', 'cluster-aware', 'leader identification', 'multiagent system'] 

TOP-K 2364: [['dv-hop algorithm'], 'cuckoo search algorithm', 'ocs', 'new evolutionary algorithm', 'precision performance', 'hybrid distribution'] 

Reference 2364: ['cyber–physical systems', 'dv-hop algorithm', 'lévy flight', 'oriented cuckoo search algorithm', 'probability distribution'] 

TOP-K 2365: ['perishable inventory control problems', 'parallel implementations', 'optimization algorithm'] 

Reference 2365: ['bin-packing problem', 'gpu computing', 'heterogeneous computing', 'monte-carlo simulation', 'optimization', 'perishable inventory control'] 

TOP-K 2366: ['single-image super-resolution', 'deep learning', 'network', 'significant advances'] 

Reference 2366: ['deep networks', 'ensemble', 'sparse prior', 'super-resolution'] 

TOP-K 2367: [['convolutional neural network'], 'cnn', 'structural features', 'raw data'] 

Reference 2367: ['convolutional neural network', 'markov random filed', 'sar image segmentation', 'wavelet transform'] 

TOP-K 2368: ['de-prioritizing certain applications', 'cache replacement', 'last level caches', 'overall performance.multi-core processors'] 

Reference 2368: ['bypassing', 'cache management', 'discrete priorities', 'footprint-number', 'more cores than associativity', 'shared resource'] 

TOP-K 2369: ['wireless camera networks', 'rssi-range models', 'sensor activation/deactivation method', 'cluster-based target tracking', 'rssi measurements', 'scheme', 'energy consumptions', 'training method', 'particular local environment', 'camera measurements', 'individual activation', 'different information contributions', 'main components'] 

Reference 2369: ['camera networks', 'rssi', 'wireless sensor networks'] 

TOP-K 2370: ['ts children', 'automatic classification framework', 'multi-modal image features', 'multi-type features', 'different feature modalities', 'multiple kernel learning', 'accurate identification', 'complementary information'] 

Reference 2370: ['dti', 'mkl', 'svm', 'tbss', 'tourette syndrome'] 

TOP-K 2371: ['energy efficiency', 'cloud computing', 'smart multimedia-enabled middleware assistant', 'different energy-efficient processes', 'big data technologies', 'appliance statuses', 'physical smart home system', 'energy-efficient cyber', 'elderly person', 'complex activities', 'control smart home appliances', 'share multimedia messages'] 

Reference 2371: ['cloud analytics for energy data', 'energy optimization', 'gesture-based appliance control', 'multi-sensory data recognition'] 

TOP-K 2372: ['pattern development', 'pattern mining', ['design patterns'], 'design patterns field', 'pattern usage', 'various topics', 'active topics'] 

Reference 2372: ['design patterns', 'systematic mapping study', 'systematic review'] 

TOP-K 2373: ['simple-but-effective local descriptor', 'trajectorylet', 'kinematic information', 'discriminative trajectorylet detector set', 'short time window', 'candidate detectors', 'discriminate sequence', 'art recognition results', 'large number'] 

Reference 2373: ['action recognition', 'exemplar-svm', 'feature learning', 'kinect', 'motion capture'] 

TOP-K 2374: ['comparative ranking layer', 'main age estimation task', 'benchmark datasets', 'feature learning', 'extensive experiments'] 

Reference 2374: ['age estimation', 'convolutional neural network', 'deep learning'] 

TOP-K 2375: ['quality attributes', 'metric selection', 'high-level quality attribute', 'quality attribute', 'application domain', 'metrics selection process', 'development phase', 'various metrics', 'multiple metrics', 'empirical setting'] 

Reference 2375: ['design-time quality attributes', 'mapping study', 'measurement', 'software quality'] 

TOP-K 2376: ['various image fusion methods', 'different image fusion applications', 'several future directions', 'comprehensive survey'] 

Reference 2376: ['image fusion', 'medical imaging', 'multiscale decomposition', 'remote sensing', 'sparse representation'] 

TOP-K 2377: ['global latency', 'division free algorithm', 'size', 'point operators', 'small modification', 'point numbers', 'reasonable range'] 

Reference 2377: ['gaussian elimination', 'gauss–jordan', 'linear solver', 'low latency solver', 'real time simulation'] 

TOP-K 2378: ['phasor measurement units', 'fdi attacks', 'conjunctive rule', 'pmus', 'false measurement data', 'innovative reputation system', 'majority voting algorithm', 'adaptive reputation'] 

Reference 2378: ['adaptive reputation system', 'distributed host-based collaborative detection', 'false data injection attack', 'smart grid cyber-physical system (cps)'] 

TOP-K 2379: [['scene classification'], 'classification', 'image', 'previous work', 'new insight'] 

Reference 2379: ['dictionary learning', 'image set classification', 'scene classification', 'sparse representation'] 

TOP-K 2380: [['gait recognition'], 'radon templates', 'spatio-temporal gait recognition system', 'radon template coefficients', 'gait energy image', 'existing temporal template approaches', 'reference database', 'principal component analysis', 'important information'] 

Reference 2380: ['gait recognition', 'lifting', 'principal component analysis (pca)', 'radon transform', 'wavelet transform'] 

TOP-K 2381: ['level-set-based curve evolution', 'novel geometric priors', 'novel active contours method', 'em framework', 'level set function', 'segment complicated two-phase images', 'mixture model', 'computational cost.in'] 

Reference 2381: ['active contours', 'em algorithm', 'level set', 'segmentation', "student's-t mixture model"] 

TOP-K 2382: ['code clones occurrences', 'asynchrony change patterns', ['fault-proneness'], ['anti-patterns'], 'asynchrony change pattern', 'software systems', 'empirical study'] 

Reference 2382: ['anti-patterns', 'change patterns', 'clones', 'fault-proneness', 'software quality'] 

TOP-K 2383: ['java exceptions propagation', 'caa concepts', 'caa implementation', 'instantiate fault-tolerant java systems', 'reliable framework'] 

Reference 2383: ['concurrent exception handling', 'coordinated atomic actions model', 'java framework', 'program verification'] 

TOP-K 2384: ['turing machine model', 'similar ambiguity', 'memory parts', 'computational parts'] 

Reference 2384: ["amdahl's law", 'multicore platforms', 'speedup models'] 

TOP-K 2385: ['runtime monitoring approaches', 'diverse runtime monitoring approaches', ['comparison framework'], 'various domains', 'different purposes'] 

Reference 2385: ['comparison framework', 'literature review', 'runtime monitoring'] 

TOP-K 2386: [['crowdsourced software engineering'], 'software engineering', 'open issues', 'future research', 'comprehensive survey'] 

Reference 2386: ['crowdsourced software engineering', 'crowdsourcing', 'literature survey', 'software crowdsourcing'] 

TOP-K 2387: ['handwritten symbols', 'handwritten mathematical expression', 'mathematical expressions', 'machine recognition', 'output latex sequences', 'attention mechanism', 'two-dimensional structure', 'input expressions'] 

Reference 2387: ['attention', 'handwritten mathematical expression recognition', 'neural network'] 

TOP-K 2388: ['social networks', 'previous collaborations', 'productive collaborations', 'adequate team-members', ['social skills'], 'noteworthy novelty'] 

Reference 2388: ['collaboration network', 'interpersonal relationships', 'social network analysis', 'social skills', 'team formation problem', 'team member allocation'] 

TOP-K 2389: ['shape-constrained texture matching', ['sparse representation'], 'deformable src', 'fast alignment strategy', 'algorithms', 'alignment strategy', 'fast versions'] 

Reference 2389: ['face recognition', 'fast alignment', 'shape transformation', 'sparse representation'] 

TOP-K 2390: [['facial expressions'], ['facial expression'], 'weighting strategy', 'video sequences', 'image frame', 'dynamic information', 'robust recognition', 'latter feature'] 

Reference 2390: ['entropy', 'facial expression', 'feature extraction', 'motion history image', 'zernike moment'] 

TOP-K 2391: ['affective computing research', 'multimodal affect analysis frameworks', 'conventional unimodal analysis', 'political views', 'multimodal analysis', 'movie reviews', 'product reviews', 'literature surveys', 'complex forms', 'detailed discussion'] 

Reference 2391: ['affective computing', 'audio, visual and text information fusion', 'multimodal affect analysis', 'multimodal fusion', 'sentiment analysis'] 

TOP-K 2392: ['visual tracking', ['superpixel clustering'], ['hybrid hash analysis'], 'accurate real-time tracking', 'superpixel block modification', 'discrete cosine', 'hybrid hash sequence', 'target', 'scale variation', 'challenging aspects', 'b color'] 

Reference 2392: ['hybrid hash analysis', 'kernel-based filter', 'object tracking', 'superpixel clustering'] 

TOP-K 2393: ['flexible business strategy', 'continuous experimentation system', 'experiment plans', 'suitable experimentation system', 'minimum viable products', 'suitable instrumentation', 'product roadmap', 'link experiment'] 

Reference 2393: ['agile software development', 'continuous experimentation', 'lean software development', 'product development', 'software architecture', 'software development process'] 

TOP-K 2394: [['time-varying systems'], ['sensor networks'], 'state estimation problem', 'data transmission services', 'redundant communication channels', 'transmission process'] 

Reference 2394: ['event-triggered transmission', 'redundant channels', 'sensor networks', 'state estimation', 'time-varying systems'] 

TOP-K 2395: ['hyperspectral image classification', 'transductive collective classifier', 'spectral information', 'co-training classification', 'application-specific co-training schema', 'spatial information', 'diversity class criterion', 'iterative learning', ['collective inference'], 'spatial correlation', 'spatial-aware example selection schema', 'training sets', 'innovative contribution'] 

Reference 2395: ['co-training', 'collective inference', 'hyperspectral imagery classification', 'spectral-spatial data', 'transductive learning'] 

TOP-K 2396: ['information fusion system-of-systems', 'ifs', 'sos engineering', ['information fusion system'], 'integrated architectures', 'infinite design space'] 

Reference 2396: ['design of experiments', 'information fusion system', 'model based systems engineering', 'system-of-systems'] 

TOP-K 2397: [['semantic fusion'], 'semantic information', 'media big data retrieval', 'heterogeneous media big data', ['social media'], 'human intelligence', 'automatic approach', 'manual method', 'important bridge', 'critical tool'] 

Reference 2397: ['big data', 'crowdsourcing computing', 'internet of things', 'semantic fusion', 'social media'] 

TOP-K 2398: ['interdisciplinary research work', 'reu project', 'early stage', 'academic career'] 

Reference 2398: ['computational biology', 'grid and cloud computing', 'hpc'] 

TOP-K 2399: ['reduxstm', 'tm algorithms', 'specific stm system', 'speculative execution', 'conflict resolution mechanism', 'sequential semantics', 'associative operations', 'tm privatization mechanism', 'reduction memory patterns', 'main design aspects', 'specific transactional memory', 'previous features', 'unnecessary transaction', 'order mechanism'] 

Reference 2399: ['irregular applications', 'reduction operations', 'software transactional memory', 'thread level speculation'] 

TOP-K 2400: ['interaction context', 'code elements', 'user interaction', 'developer', 'context-code elements', 'different aspects', 'small portions'] 

Reference 2400: ['empirical study', 'eye-tracking', 'interactions'] 

TOP-K 2401: ['meta-classifier', 'classification accuracy', 'training data', 'corresponding data', 'query sample'] 

Reference 2401: ['classifier competence', 'dynamic ensemble selection', 'ensemble of classifiers', 'meta-learning', 'particle swarm optimization'] 

TOP-K 2402: [['software process improvement'], 'software quality', 'software projects', 'psp', 'hei', 'course', 'training courses', 'original personal software process', 'software organizations', 'education institutions', 'assignments'] 

Reference 2402: ['personal software process', 'software engineering education and training', 'software process improvement', 'software quality improvement'] 

TOP-K 2403: [['random packet dropouts'], ['sensor network'], 'least-squares estimator', 'last observation', 'different network communication channels', 'data transmission', 'measurements', 'sensor node', 'innovation approach'] 

Reference 2403: ['correlated noises', 'distributed filtering', 'random packet dropouts', 'random parameter matrices', 'sensor networks'] 

TOP-K 2404: ['sins/gps position model', 'specific gps outages', 'sins velocity', 'imu output information', ['neural network'], 'algorithm', 'traditional algorithms', 'past samples'] 

Reference 2404: ['ensemble learning algorithm', 'gps outages', 'neural network', 'sins/gps integration'] 

TOP-K 2405: ['fail-safe behavior', 'black box testing approach', 'failure mitigation tests', 'web applications', 'functional test suite'] 

Reference 2405: ['failure mitigation patterns', 'genetic algorithm', 'web testing'] 

TOP-K 2406: [['partial dominant orientation descriptor'], 'image classification tasks', 'object', 'objects', 'key location', 'correspondence', 'novel approach', 'similar descriptor'] 

Reference 2406: ['adaptive object distance', 'image classification', 'k-nearest neighbors', 'object classification', 'object matching', 'partial dominant orientation descriptor'] 

TOP-K 2407: ['parallel mesh improvement', 'novel domain decomposition approach', 'parallel pre-processing pipeline', 'quality mesh', 'volume meshers', 'parallel surface'] 

Reference 2407: ['domain decomposition', 'dual graph', 'mesh generation', 'parallel algorithms', 'quality improvement'] 

TOP-K 2408: ['round-robin-based weighted scheduling algorithm', 'round-robin-based scheduling algorithm', 'real-time tasks', 'qos', 'heuristic method', 'lightweight devices', 'burst time'] 

Reference 2408: ['internet of things', 'quantum time allocation', 'real-time operating system', 'scheduling', 'task scheduler'] 

TOP-K 2409: ['algorithm', 'unfair daemon', ['stabilization time']] 

Reference 2409: ['bfs spanning tree', 'composite atomicity model', 'distributed unfair daemon', 'round and step complexity', 'self-stabilization', 'stabilization time'] 

TOP-K 2410: [['bug reports'], 'weighting schemes', 'top performance', 'many projects', 'considerable fraction'] 

Reference 2410: ['bug reports', 'correlation features', 'duplication detection'] 

TOP-K 2411: ['fuzzy k-s entropy', 'k-s entropy', ['fuzzy sets'], 'image analysis', 'pixel distributions', 'texture classification', 'sequential probabilities', 'modeling uncertainty', 'effective feature'] 

Reference 2411: ['chaos', 'fuzzy sets', 'image classification', 'kolmogorov-sinai entropy', 'texture analysis', 'uncertainty'] 

TOP-K 2412: ['multi-sensor fusion algorithm', 'mobile robot localisation', 'crowded environments', ['particle filters']] 

Reference 2412: ['multi-camera network', 'particle filter', 'robot localisation', 'sensor fusion', 'wifi localisation'] 

TOP-K 2413: [['spectral clustering'], 'nonnegative matrix factorization framework', 'novel spectral clustering methods', 'new spectral clustering algorithms', 'global discriminative regularization term', 'within-class scatter matrix', 'global discriminative structure', 'global geometrical structure', 'between-class scatter matrix'] 

Reference 2413: ['global discrimination information', 'nonnegative matrix factorization (nmf)', 'spectral clustering'] 

TOP-K 2414: ['dynamic task-aware scheduling mechanism', 'numa multi-core systems', 'system performance', 'power consumption', ['resource contention'], 'processor cores'] 

Reference 2414: ['linux kernel', 'multi-core', 'numa', 'resource contention', 'scheduling'] 

TOP-K 2415: ['hierarchical real-time systems', 'hierarchical scheduling', 'schedulability analysis', 'global scheduling algorithms', 'prior knowledge'] 

Reference 2415: ['embedded systems', 'partitioned systems', 'real-time algorithms', 'real-time systems', 'real-time systems scheduling'] 

TOP-K 2416: ['structure-constrained low-rank dictionary learning', ['image classification'], 'novel structure-constrained low-rank', 'partial sparse representation algorithm', 'low-rank restriction', 'coefficient matrix'] 

Reference 2416: ['dictionary learning', 'image classification', 'low-rank', 'sparse coding', 'structured sparsity'] 

TOP-K 2417: ['information-seeking tasks', ['usage-based chunks'], 'architectural information', 'usage data', 'ads', 'user studies', 'useful chunks'] 

Reference 2417: ['information finding', 'software architecture document', 'task', 'usage-based chunking'] 

TOP-K 2418: ['federated cloud infrastructures', ['federated clouds'], 'network topology mapping', 'virtual machine clusters', 'conventional resource allocation problems'] 

Reference 2418: ['cloud computing', 'federated cloud', 'infrastructure as a service', 'resource allocation', 'subgraph isomorphism', 'vm cluster embedding'] 

TOP-K 2419: [['kernel methods'], 'large-scale learning problems', 'kernel learning methods', 'approximate learning approach', 'feature space', 'memory complexities', 'inherent problem'] 

Reference 2419: ['kernel methods', 'nonlinear pattern recognition', 'nonlinear projection trick', 'nyström approximation'] 

TOP-K 2420: [['wireless rechargeable sensor networks'], 'efficiency'] 

Reference 2420: ['collaborative charging', 'game theory', 'wireless rechargeable sensor networks'] 

TOP-K 2421: ['context-aware secure action system', 'pervasive computing system', 'formal semantics', 'single formalism', 'context-awareness requirements'] 

Reference 2421: ['access control', 'compositional verification', 'context-aware', 'pervasive systems', 'secure action system'] 

TOP-K 2422: ['shared cloud data', 'identity privacy', 'public auditing scheme', 'security consideration', 'previous public auditing schemes', 'new framework', 'group members'] 

Reference 2422: ['cloud storage', 'identity traceability', 'public auditing'] 

TOP-K 2423: ['ch power-on', 'high-energy efficiency', 'dynamic cloud hosts', 'energy consumption', 'energy efficiency problem', 'task assignments', 'request traffic load', 'time constraints'] 

Reference 2423: ['energy efficiency', 'load balance', 'performance', 'scheduling', 'threshold'] 

TOP-K 2424: ['color/illumination correction pre-processing step', 'iris recognition system', 'corneal specular reflections', 'pigmented irises', 'preliminary segmentation', 'visible wavelength', 'iris fitting circle', 'watershed regions', 'noisy images', 'key points', 'new cost function'] 

Reference 2424: ['circle fitting', 'iris detection', 'iris recognition', 'iris segmentation', 'watershed transformation'] 

TOP-K 2425: ['large-scale software programs', 'bug reports', 'k-nearest neighbor', 'historical bug reports', 'new bug'] 

Reference 2425: ['fixer recommendation', 'severity prediction', 'topic model'] 

TOP-K 2426: ['software fault count', 'fault-detection time data', 'sofer', 'monotone nonparametric estimator', 'prediction methods', 'monotone estimator', 'major case', 'unique approach', 'miller'] 

Reference 2426: ['completely monotone nonparametric estimator', 'grouped data', 'software reliability'] 

TOP-K 2427: ['software defects', 'software engineering', 'elaborate hierarchical bayesian approaches', 'posterior computation', 'software defect prediction.accurate prediction', 'efficient algorithms', 'crucial importance'] 

Reference 2427: ['doubly stochastic poisson process', 'sampling importance resampling', 'software defect prediction', 'stochastic belief network'] 

TOP-K 2428: ['multi-sensor phd filter', 'ic-phd filter', 'product multi-sensor phd', 'sensor order', 'filter', 'proposed.the iterated-corrector phd'] 

Reference 2428: ['multi-sensor fusion', 'multi-target tracking', 'probability hypothesis density', 'random finite set'] 

TOP-K 2429: ['mapreduce job', ['server assignment'], 'task scheduling', 'schedule problem', 'many recent studies'] 

Reference 2429: ['fast heuristic', 'mapreduce', 'np-complete', 'scheduling', 'server assignment'] 

TOP-K 2430: ['client-prioritized requirements', 'erp implementation', ['customization'], 'early stage', 'degree'] 

Reference 2430: ['case study', 'customization', 'decision making', 'enterprise resource planning (erp) projects', 'requirements prioritization'] 

TOP-K 2431: [['high-order dependencies'], ['mutual information'], ['feature selection'], 'feature selection.mutual information', 'popular paradigm'] 

Reference 2431: ['feature selection', 'high-order dependency', 'mutual information'] 

TOP-K 2432: [['eye movement biometrics'], ['multi-stimulus fusion'], 'multi-source information fusion', 'biometric features', 'biometric modalities', 'exogenous stimulus'] 

Reference 2432: ['eye movement biometrics', 'multi-algorithmic fusion', 'multi-stimulus fusion'] 

TOP-K 2433: ['xml query', 'simple path queries', ['adaptive path selection'], 'selective path', 'whole path set', 'search technique'] 

Reference 2433: ['adaptive path selection', 'distributed hash tables', 'path selectivity', 'semi-structured data'] 

TOP-K 2434: ['in-place mapreduce computation', 'object-based storage cluster', 'data analytics layer', 'ceph object storage system', 'data', 'various benchmarks', 'remote clusters'] 

Reference 2434: ['attribute-based storage', 'in-situ data analytics', 'mapreduce', 'object storage'] 

TOP-K 2435: ['load-balancing workload distribution scheme', ['three-body interactions'], 'three-body potentials', 'graphics processing units'] 

Reference 2435: ['gpu', 'load balancing', 'three-body interactions'] 

TOP-K 2436: ['large group decision-making', 'lgdm problem', 'pre-established identifier set', 'personal evaluations', 'special group decision-making', 'decision process', 'multiple groups', 'large number', 'persons', 'part'] 

Reference 2436: ['large group decision-making (lgdm)', 'percentage distribution', 'ranking', 'weight'] 

TOP-K 2437: ['real-time constraints', ['timing constraints'], 'tr approach', 'tr perspective'] 

Reference 2437: ['requirements engineering', 'teleo-reactive', 'timing constraints', 'tristar'] 

TOP-K 2438: ['point process theory', 'multi-target localization', 'transient measurements', 'transient signal', 'sequential tracking'] 

Reference 2438: ['acoustic gunfire detection', 'expectation maximization', 'finite point process', 'multi-sensor multi-target localization', 'optimal subpattern assignment', 'poisson point process'] 

TOP-K 2439: ['web service orchestrations', 'service-oriented patterns', 'quality requirements', 'software architects', 'method', 'quality requirement'] 

Reference 2439: ['bpel', 'quality attribute', 'soa pattern'] 

TOP-K 2440: ['switching elements', '4dgins', 'reliability', 'design', 'hardware cost', 'similar topology', 'tag value'] 

Reference 2440: ['disjoint paths', 'fault tolerant mins', 'gamma interconnection networks (gin)', 'multistage interconnection networks (mins)', 'terminal reliability'] 

TOP-K 2441: ['hesitant fuzzy owa operator', 'total orders', ['admissible orders'], 'first purpose'] 

Reference 2441: ['admissible order', 'hesitant fuzzy elements', 'hesitant fuzzy sets', 'owa operator', 'partial orders'] 

TOP-K 2442: ['saas system', 'current development bats', 'acceptance testing', 'production enterprise system', 'black box technique', 'historical data', 'prioritization order', 'empirical study', 'several months'] 

Reference 2442: ['cloud computing', 'prioritization', 'regression testing', 'software as a service'] 

TOP-K 2443: ['multi-gpu split-and-merge execution', 'split-and-merge execution', 'schedulability analysis', 'multiple gpus', 'individual applications', 'overall execution time', 'conflicting influences', 'various different influences'] 

Reference 2443: ['gpgpu', 'multi-gpu', 'real-time systems'] 

TOP-K 2444: ['adaptive singular value decomposition', 'lateral lighting', ['face recognition'], 'face image enhancement', 'color feret', 'two-dimensional discrete fourier domain', 'lighting detection', 'face images', 'illumination compensation method', 'experimental results', 'efficient brightness detector'] 

Reference 2444: ['face recognition', 'image enhancement', 'singular value decomposition', 'two-dimensional discrete fourier transform'] 

TOP-K 2445: ['rfid tags', ['in-vehicle sensors'], ['vehicle position'], 'novel lssvm multiple model', 'global fusion estimation'] 

Reference 2445: ['in-vehicle sensors', 'multiple model', 'rfid', 'sensor fusion', 'vehicle positioning'] 

TOP-K 2446: ['critical samr regridding algorithms', 'progress samr scalability', 'mesh management scheme', 'mpi tasks'] 

Reference 2446: ['adaptive mesh refinement', 'clustering algorithm', 'data locality', 'dynamic adaptivity', 'partitioning algorithm', 'scalable algorithm'] 

TOP-K 2447: ['multicultural facial expression recognition', 'nne collection', ['binary neural networks'], 'neural network ensemble'] 

Reference 2447: ['binary neural network', 'ensemble classifier', 'facial expression recognition', 'neural network ensemble collections'] 

TOP-K 2448: [['owa operators'], 'color image reduction', ['owa operator'], 'concrete owa operators', 'quantitative orness measure', 'medical decision'] 

Reference 2448: ['decision making', 'image processing', 'lattice-valued fuzzy sets', 'orness', 'owa operator'] 

TOP-K 2449: ['decentralized state estimation problem', 'discrete-time nonlinear systems', 'estimate error covariance', 'fast decentralized fusion', ['sensor networks'], 'processing network', 'local processing unit', 'delay probability', 'consensus strategy'] 

Reference 2449: ['consensus filter', 'gaussian approximated filter', 'markov chain', 'randomly delayed measurements', 'sensor networks'] 

TOP-K 2450: ['random finite set formalism', 'bayes filters', 'particle methods'] 

Reference 2450: ['bearings-only measurements', 'random set models', 'sequential monte carlo estimation', 'stochastic nonlinear filtering', 'target tracking'] 

TOP-K 2451: [['fuzzy petri net'], ['image annotation'], 'scene-level annotation', 'inference-based algorithms', 'fuzzy knowledge representation scheme', 'scene recognition', 'annotation refinement', 'second tier'] 

Reference 2451: ['fuzzy petri net', 'image annotation', 'inference algorithms', 'knowledge representation', 'multi-label image classification'] 

TOP-K 2452: [['vm images'], 'massive vm image fingerprints', 'candidate selection phase', 'duplicated segments', 'memory', 'fast comparison'] 

Reference 2452: ['cloud computing', 'deduplication', 'virtualization', 'vm image'] 

TOP-K 2453: ['hybrid-type discriminative kcm-based method', 'fixed-order moments', 'intraclass faces', 'local face features', 'moment-based methods', 'heuristic choice', 'discriminatory set', 'superior recognition performance', 'projection', 'sample sizes', 'traditional features', 'mean accuracy', 'significant variations'] 

Reference 2453: ['discriminative moments', 'face recognition', 'orthogonal krawtchouk moments'] 

TOP-K 2454: ['image feature extraction algorithms', 'multi-core platforms', 'processing speed', 'major challenges', 'many applications', 'useful information', 'huge amount'] 

Reference 2454: ['adaptive pipeline', 'image feature extraction', 'multi-core', 'sift', 'surf'] 

TOP-K 2455: ['incremental relevance sample-feature machine', 'relevance sample-feature machine', 'state-of-the-art performance', 'training procedure', 'joint feature selection', 'new variant'] 

Reference 2455: ['bayesian inference', 'embedded feature selection methods', 'fast marginal likelihood maximization', 'relevance sample-feature machine (rsfm)', 'sparse bayesian learning'] 

TOP-K 2456: ['open source freertos', 'real-time operating system', 'rtos developments', 'freertos group', 'evolution', 'rtos users.this paper studies'] 

Reference 2456: ['embedded system', 'freertos', 'real-time os', 'software evolution'] 

TOP-K 2457: ['shared-memory hardware', 'architectural extensions', 'suboptimal performance', 'memory multi-core architectures', 'message', 'commercial vendors'] 

Reference 2457: ['message passing', 'multicore', 'shared memory'] 

TOP-K 2458: ['weighted median filter', 'color distance weight', 'selective gradient', 'intermediate flow fields', 'motion information', 'correct errors'] 

Reference 2458: ['corrected weighted median filter', 'large displacement', 'optical flow', 'smoothness parameter estimation', 'weighted local intensity fusion'] 

TOP-K 2459: ['online clustering', 'local hyperplanes', 'local online learning', 'nonlinear data separation case', 'one-pass online', 'local structure', 'data distribution', 'significant factor'] 

Reference 2459: ['classification', 'local modeling', 'one-pass online learning'] 

TOP-K 2460: ['aggregation functions', 'linear orders', 'method'] 

Reference 2460: ['interval linear order', 'interval-valued atanassov intuitionistic fuzzy set', 'interval-valued atanassov intuitionistic multi-expert decision making'] 

TOP-K 2461: ['gaussian manifold', 'state-of-the-art bof methods', 'pre-trained codebook', ['codebookless model'], 'bof methods', 'clm', 'vector space', 'linear classifier', 'competitive accuracy', 'simple incorporation', 'little attention'] 

Reference 2461: ['bag-of-features', 'codebookless model', 'image classification', 'riemannian manifold'] 

TOP-K 2462: ['p-margin perceptron algorithm', 'fixed margin perceptron algorithm', 'binary classification problems', 'separable classification problems', 'arbitrary q-norm', 'new algorithm', 'holder conjugates', 'approximate large margin solutions', 'primal variables'] 

Reference 2462: ['binary classification', 'large margin classifiers', 'p-norm', 'perceptron algorithms'] 

TOP-K 2463: ['combinatorial testing strategies', ['regression testing'], ['database applications'], 'regression faults', 'terms'] 

Reference 2463: ['classification tree modeling', 'database applications', 'regression testing'] 

TOP-K 2464: ['certain parkinson patients', 'parkinson patient', 'development time', 'response time', 'developed system', 'current approach', 'systems', 'current goal'] 

Reference 2464: ['agent-oriented software engineering', 'model-driven engineering', 'parkinson disease'] 

TOP-K 2465: ['instance selection algorithms', 'regression tasks', 'multiple class classification task', 'instance selection methods', 'distance threshold', 'regression task', 'selection performance', 'different families'] 

Reference 2465: ['ensemble models', 'instance selection', 'regression'] 

TOP-K 2466: [['intuitionistic fuzzy sets'], 'intuitionistic fuzzy environments', 'fuzzy multiattribute group decision', ['evidential reasoning methodology'], 'method'] 

Reference 2466: ['evidential reasoning methodology', 'fuzzy multiattribute group decision making', 'intuitionistic fuzzy sets', 'similarity measures'] 

TOP-K 2467: ['mathematical expressions', 'automatic recognition', 'challenging pattern recognition problem', 'mathematical expression', 'many ambiguities', 'different levels'] 

Reference 2467: ['handwriting recognition', 'mathematical expression recognition', 'probabilistic parsing'] 

TOP-K 2468: ['i/o performance', 'disk-status transition', 'online temperature prediction model', 'power consumption', 'decision criteria', 'fuzzy decision'] 

Reference 2468: ['energy-efficient storage', 'fuzzy control', 'temperature-constrained'] 

TOP-K 2469: ['easy backfilling', 'modern scheduling systems', 'fair scheduling', 'feasible approach'] 

Reference 2469: ['backfilling', 'job scheduling', 'parallel computing', 'performance evaluation', 'simulator'] 

TOP-K 2470: ['prioslice', ['fault localization'], 'static-slicing approaches', ['static slice'], 'various java subjects', 'novel technique'] 

Reference 2470: ['dependence analysis', 'fault localization', 'probabilistic slicing', 'program analysis', 'static slicing', 'thin slicing'] 

TOP-K 2471: ['multi-scale ir spectral features', 'human visual perception', 'conventional multi-scale fusion methods', 'large-scale edge features', 'visible image', 'fusion result', 'separate fine-scale texture details', 'background scenery', 'important perceptual cues'] 

Reference 2471: ['bilateral filter', 'gaussian filter', 'human perception', 'image fusion', 'multi-scale decomposition'] 

TOP-K 2472: ['riesz wavelet scale-space', 'novel tv-regularizer', 'strong in-plane rotations', 'motion discontinuities', 'weak textures', 'image sequences.image mosaicing', 'indoor scenes'] 

Reference 2472: ['anisotropic regularizer', 'endoscopy', 'image registration', 'image sequence mosaicing', 'optical flow', 'weighted median filtering'] 

TOP-K 2473: ['workflow scheduling problem', 'hybrid approaches', 'workflow applications', 'fundamental objective'] 

Reference 2473: ['directed acyclic graphs', 'genetic algorithm', 'heuristic', 'workflow'] 

TOP-K 2474: [['cloud applications'], 'oasis tosca', 'custom components', 'valid implementations'] 

Reference 2474: ['cloud application', 'reuse', 'tosca'] 

TOP-K 2475: ['blood vessel patterns', 'infrared images', 'forensic analysis', 'ideal medical conditions', 'computational models', 'biophysical parameters', 'performance enhancement', 'fusion rules', 'matching performance', 'color images', 'optimization schemes', 'experimental results', 'hidden patterns', 'noisy patterns', 'illumination variations'] 

Reference 2475: ['biometrics', 'child pornography', 'forensics', 'skin marks', 'tattoos'] 

TOP-K 2476: ['context-sensitive data flow analysis', 'vulnerability detection', ['early detection'], 'security vulnerabilities', 'pattern matching', 'continuous detection', 'program statement'] 

Reference 2476: ['data flow analysis', 'early detection', 'secure programming'] 

TOP-K 2477: ['space-time semantic coherency', ['non-stationary videos'], 'low-rank background', 'current short-term observation', ['low-rank analysis'], 'previous short-term observation', 'robust salient motion detection', 'visual variations', 'divide-and-conquer approach', 'new computational strategies', 'view angle changes', 'side effects', 'robust principal component analysis', 'quantitative analysis'] 

Reference 2477: ['aligned rpca', 'low-rank analysis', 'monitor stabilization', 'non-stationary videos', 'salient motion detection', 'semantic coherency'] 

TOP-K 2478: [['consistent change propagation'], 'uml metamodel', 'uml models', 'case study'] 

Reference 2478: ['consistency checking', 'consistent change propagation', 'metamodel co-evolution'] 

TOP-K 2479: [['granular box regression'], ['granular box regressions'], 'outliers', 'box configuration', 'boxes', 'data sets', 'elapsed time'] 

Reference 2479: ['data abstraction', 'data simplification', 'granular box regression', 'noisy data', 'outlier elimination'] 

TOP-K 2480: ['scheduling packets', 'media independent handover', 'wireless networks', 'handoff call prioritization', 'transmission links', 'new approach', 'scheduling scheme'] 

Reference 2480: ['heterogeneous wireless networks', 'qos', 'scheduling algorithm'] 

TOP-K 2481: ['software process improvement', ['value stream mapping'], 'software development', 'current adaptations', 'essential information'] 

Reference 2481: ['case study research', 'lean software development', 'value stream mapping'] 

TOP-K 2482: ['fault-tolerant 3d-noc architecture', 'reconfigurable components', 'fault occurrence'] 

Reference 2482: ['3d noc', 'architecture', 'deadlock-free', 'dynamic reconfiguration', 'fault-tolerance', 'robustness'] 

TOP-K 2483: ['extant cloud migration approaches', 'legacy application migration', ['process model'], 'cloud computing community', 'overarching view', 'detailed review'] 

Reference 2483: ['cloud computing', 'cloud migration', 'evaluation framework', 'legacy application', 'migration methodology', 'process model'] 

TOP-K 2484: ['domain-specific modeling languages', 'dsml', ['design decisions'], 'documentation issues', 'frequent-item-set analysis', 'software-development process', 'software engineers', 'important design decisions', 'uml-based dsmls.when', 'characteristic combinations'] 

Reference 2484: ['design decision', 'design rationale', 'domain-specific language', 'domain-specific modeling', 'model-driven development', 'unified modeling language'] 

TOP-K 2485: ['recent privacy-preserving mechanisms', 'participatory sensing.mobile'] 

Reference 2485: ['mobile sensing', 'participatory sensing', 'privacy'] 

TOP-K 2486: ['qos benchmarks', 'cluster capacity', 'qos parameters', 'redundant qslbs', 'individual cluster members', 'available cluster capacity'] 

Reference 2486: ['dynamic load balancing', 'fault tolerance', 'quality of service'] 

TOP-K 2487: ['cpu-intensive tasks', 'cloud resources', 'energy consumption problem', 'high energy consumption', 'cloud systems', 'energy-efficient approach', 'undue environmental impact', 'service delays', 'providers', 'high costs', 'contradictory nature'] 

Reference 2487: ['cloud computing', 'cloud services', 'delay', 'energy efficiency', 'profit', 'scheduling algorithms'] 

TOP-K 2488: ['design-time resilience analysis', 'runtime self-reconfiguration infrastructure', 'design-time tools', 'use case study', 'runtime infrastructure', 'resilience properties'] 

Reference 2488: ['algorithms', 'distributed systems', 'performance evaluation', 'resilient systems', 'wireless computing clusters'] 

TOP-K 2489: [['architecture-based self-adaptation'], 'absa concepts', 'adaptation mechanisms', 'adaptation behavior', 'industrial systems', 'development/operation costs', 'independent team', 'important benefits', 'promising approach'] 

Reference 2489: ['architecture-based self-adaptation', 'evolution', 'rainbow'] 

TOP-K 2490: ['multithreaded programs', ['event-driven programs'], ['data races'], 'event handlers', 'high runtime overhead', 'hybrid technique', 'synchronization property', 'critical sections', 'current approaches', 'harmful events', 'exploitation phase', 'critical section'] 

Reference 2490: ['data races', 'event-driven programs', 'healing techniques'] 

TOP-K 2491: ['multi-objective prioritization', 'mono-objective prioritization', 'fault detection', 'single objective', 'multiple criteria', 'potential benefits'] 

Reference 2491: ['automated software testing', 'highly-configurable systems', 'test case prioritization', 'variability'] 

TOP-K 2492: ['rdt algorithm', 'privacy disclosure risk', 'knowledge reservation', 'adjustable weighting mechanism', 'data perturbation', 'experimental results', 'information loss'] 

Reference 2492: ['cloud computing', 'privacy-preserving', 'reversible data hiding'] 

TOP-K 2493: ['wireless sensor network', 'interactive multiple model', 'challenging research problem', 'accurate target tracking.target tracking', 'popular scheme'] 

Reference 2493: ['interacting multiple model (imm)', 'kalman filter (kf)', 'person detection', 'tracking', 'wireless sensor network (wsn)'] 

TOP-K 2494: ['offline signature verification', 'fusion approach', 'real life applications', 'global shape', 'skilled forgeries', 'proposed system', 'local details'] 

Reference 2494: ['histogram of oriented gradients', 'local binary patterns', 'offline signature', 'scale invariant feature transform', 'score-level fusion'] 

TOP-K 2495: ['b-spline interpolation time registration', 'asynchronous sensor bias estimation', 'novel algorithm', 'multi-sensor tracking systems', 'synchronous sensors', ['bias estimation'], 'practical applications', 'sensor measurements', 'critical problem', 'primary contribution', 'proposed.bias estimation'] 

Reference 2495: ['asynchronous sensors', 'bias estimation', 'data fusion', 'manoeuvring targets', 'spatial registration'] 

TOP-K 2496: ['communication-aware job allocation methods', 'communication cost', 'novel job allocation methodology', 'data centers', 'energy consumption'] 

Reference 2496: ['communication pattern', 'cooling management', 'high-performance computing', 'job allocation', 'optimization', 'task mapping'] 

TOP-K 2497: ['lcbm', 'binary ratings', 'linear classifier', 'computational cost', 'beta distributions means', 'state-of-the-art solutions', 'short timeframes', 'single machine', 'large instances'] 

Reference 2497: ['big data', 'collaborative filtering', 'personalization', 'recommendation systems'] 

TOP-K 2498: ['nss interoperability', 'automated connectors synthesis approach', 'application layer connectors', 'heterogeneous networked systems', 'non functional interoperability', 'pre-deployment time', 'stochastic model-based implementation', 'connector adaptation process', ['performance'], 'dependability aspects', 'dependability analysis'] 

Reference 2498: ['connector synthesis for interoperability', 'dependability', 'performance'] 

TOP-K 2499: ['technology-related jobs', ['age stereotypes'], 'software development.negative age stereotypes'] 

Reference 2499: ['age stereotypes', 'bias', 'diversity training', 'innovation expectations', 'performance expectations', 'software development'] 

TOP-K 2500: ['reconfigurable interconnects', 'high-throughput load distribution', 'high-performance computing system', 'computed topology', 'computational task graph', 'new framework', 'interdependent goals', 'full potential'] 

Reference 2500: ['network configuration algorithm', 'optical circuit switch', 'reconfigurable interconnect topology', 'stream-computing', 'topology-aware graph partitioning'] 

TOP-K 2501: ['ui decoupling', 'optimal multi-rate observer', 'observer parameters', 'noise attenuation', 'new scheme', 'multi-rate nature', 'causality constraint'] 

Reference 2501: ['disturbance decoupling', 'fault detection', 'multi-rate sensor system', 'optimal filtering', 'unknown input observer'] 

TOP-K 2502: ['graph matching algorithms', 'and/or template', 'algorithmic efficiency', 'intelligence analysis processes', 'intelligent traversal', 'information requirement', 'novel algorithm', 'template graph', 'data graph', 'multiple sequential graph'] 

Reference 2502: ['and/or graph', 'intelligence analysis', 'precedence tree', 'stochastic graph matching'] 

TOP-K 2503: ['teleo-reactive systems', 'tristar notation', 'modeling teleo-reactive systems', 'requirements specification language', 'statistical results', 'experiments'] 

Reference 2503: ['i', 'requirements engineering', 'teleo-reactive', 'tristar'] 

TOP-K 2504: [['proximal support vector machines'], 'target population'] 

Reference 2504: ['contrast measure', 'linear programming problem', 'outlier detection', 'proximal support vector machines'] 

TOP-K 2505: ['semi-supervised discriminant analysis', 'unlabeled data', 'linear discriminant analysis'] 

Reference 2505: ['discriminant analysis', 'face recognition', 'incremental learning', 'semi-supervised learning'] 

TOP-K 2506: ['arithmetic operations', 'full-precision bit-length', 'rns channels n', 'channel modulus mn', 'base change/extension', 'sign detection', 'simple method'] 

Reference 2506: ['fast sign detection', 'partial reconstruction', 'reconstruction coefficient', 'reduced precision', 'residue number systems', 'rns'] 

TOP-K 2507: [['software ecosystems'], 'software ecosystem research', 'existing definitions'] 

Reference 2507: ['longitudinal literature study', 'software ecosystem maturity', 'software ecosystems'] 

TOP-K 2508: ['competitive forces', 'software providers', 'software professionals', 'software market', 'pricing model', ['competitive strategy'], 'case firms'] 

Reference 2508: ['cloud computing', 'competitive strategy', 'saas', 'servitization', 'software pricing'] 

TOP-K 2509: ['premium-priced public cloud storage', ['reassessment interval'], 'inflexible private storage', 'analytical cost model', ['volume variation'], 'compound effect'] 

Reference 2509: ['acquisition interval', 'concurrent sourcing', 'hybrid cloud storage', 'plural governance', 'reassessment interval', 'volume variation'] 

TOP-K 2510: ['dynamic group formation mechanism', 'group formation', 'real-life situations', 'task allocation', 'weighted task allocation', ['disaster environments'], 'communication constraints', 'decentralised manner', 'space', 'share information'] 

Reference 2510: ['agent coordination', 'disaster environments', 'intelligent agents', 'resource allocation'] 

TOP-K 2511: ['selectional fusion functions', 'fusion functions', 'sort-and-select principle', ['order relations'], ['order relation']] 

Reference 2511: ['data fusion', 'knowledge base construction', 'order relation', 'relational databases'] 

TOP-K 2512: ['cross-platform push', 'universal cross-platform messaging system-was', 'modern device', 'solution.this research'] 

Reference 2512: ['feedback', 'messaging', 'notification'] 

TOP-K 2513: ['semantic web technologies', 'context-aware meta-model', 'context information', 'software engineering domain', 'formal context representation', 'reusable part'] 

Reference 2513: ['context-awareness', 'meta-modeling', 'semantic web'] 

TOP-K 2514: [['quasi-synchronous checkpointing'], 'consistent snapshots', 'technique'] 

Reference 2514: ['autonomic computing', 'graph transformation', 'happened before relation', 'immediate dependency relation', 'quasi-synchronous checkpointing'] 

TOP-K 2515: ['principled pgsr method', ['convex relaxation'], 'pairwise feature affinity information', 'convergence guarantee', 'real-world applications', 'feature sets', 'method', 'problem', 'previous works', 'consistent correspondence'] 

Reference 2515: ['convex relaxation', 'feature correspondence', 'graph matching', 'multiple feature set correspondence', 'permutation matrix', 'proximal gauss-seidel method'] 

TOP-K 2516: ['all-to-all comparison frameworks', 'comparison task scheduling', 'data-aware task scheduling approach', 'all-to-all comparison problems', ['data distribution'], 'previous efforts'] 

Reference 2516: ['all-to-all comparison', 'data distribution', 'distributed computing', 'task scheduling'] 

TOP-K 2517: [['temporal networks'], 'critical availability', 'network', 'periodic random availability', 'positive integers', 'links', 'certain moments'] 

Reference 2517: ['availability', 'diameter', 'random input', 'temporal networks'] 

TOP-K 2518: ['mapping studies', 'case study', 'mapping study process', 'complementary research questions', '5w +1 h pattern', 'well-defined manner'] 

Reference 2518: ['5w+1h pattern', 'cloud software testing', 'systematic mapping study'] 

TOP-K 2519: ['latent semantic inference', 'natural images', 'local pixel', 'natural image', 'novel label inference approach', 'global region', 'serial labels', 'scale information', 'mrf-inspired model.we', 'meaningful regions'] 

Reference 2519: ['image segmentation', 'label inference', 'mrf model'] 

TOP-K 2520: ['signature verification system', 'data reduction', 'high signature recognition level', 'similarity measure', 'features', 'new type', 'various classes'] 

Reference 2520: ['classification', "hotelling's statistics", 'pnn', 'pso', 'signature verification'] 

TOP-K 2521: ['requirements engineering', 'grounded requirements engineering', 'software product', 'user activities', 'real world', 'grounded theory method'] 

Reference 2521: ['grounded theory', 'requirements', 'software engineering'] 

TOP-K 2522: [['hesitant fuzzy sets'], 'fuzzy sets', 'information fusion', 'possible values', 'diverse extensions', 'membership degree', 'concept', 'different types', 'many researchers'] 

Reference 2522: ['hesitant fuzzy sets', 'operations', 'properties and decision making'] 

TOP-K 2523: ['breast cancer detection algorithm', ['mrf-based probable texture feature'], ['decision-level fusion'], 'novel texture feature', 'asymmetric analysis', ['hidden markov model'], 'markov random field', 'texture feature', ['local binary pattern'], 'primitive decision', 'new scheme'] 

Reference 2523: ['breast cancer', 'decision-level fusion', 'hidden markov model', 'local binary pattern', 'mrf-based probable texture feature'] 

TOP-K 2524: ['echo', 'tree-based index structure', 'hash table', ['range queries'], 'low-overhead query searches', 'lightweight solution', 'effective query'] 

Reference 2524: ['dht', 'distributed indexing', 'peer-to-peer', 'prefix trees', 'range queries'] 

TOP-K 2525: ['stdfa', 'spatial variability', 'sensor difference', 'temporal data fusion approach', 'study areas'] 

Reference 2525: ['from-glc', 'landsat', 'modis', 'remote sensing', 'spatial and temporal data fusion'] 

TOP-K 2526: ['self-adaptive spodes', 'immunity theory', ['artificial immune systems'], 'single spode', 'weight value'] 

Reference 2526: ['artificial immune systems', 'attribute weighting', 'classification', 'evolutionary machine learning', 'naive bayes', 'self-adaptive'] 

TOP-K 2527: ['high quality software products', 'new software development paradigm', 'research paper', 'partnership model', 'partnership.software outsourcing partnership'] 

Reference 2527: ['critical success factors', 'software outsourcing partnership', 'systematic literature review'] 

TOP-K 2528: ['context-aware systems', 'model-driven technique', 'modeling framework'] 

Reference 2528: ['context-aware adaptive systems', 'formal methods', 'model-driven engineering'] 

TOP-K 2529: ['neighborhood-based recommendation methods', 'neighborhood-based methods', 'real-world datasets', ['recommendation systems'], 'performance', 'accuracy'] 

Reference 2529: ['collaborative filtering', 'expert', 'performance evaluation', 'recommender system'] 

TOP-K 2530: ['null dereference errors', 'code transformation', 'real null dereference bugs', 'popular open-source projects', 'causality traces', 'constructs causality traces'] 

Reference 2530: ['causality analysis', 'debugging', 'null pointer'] 

TOP-K 2531: ['source inputs', 'probability distributions', 'weighted aggregations', 'special cases'] 

Reference 2531: ['credibility', 'entropy', 'fusion', 'quality-based'] 

TOP-K 2532: ['td management', 'cost patterns', 'software practitioners', 'effective approaches'] 

Reference 2532: ['case study', 'project management', 'software maintenance', 'software technical debt', 'technical debt management'] 

TOP-K 2533: ['svms training', 'real-world benchmark datasets', 'instance-weighted method', 'artificial synthetic datasets', 'neighbor chain', 'decision plane'] 

Reference 2533: ['classification', 'extended nearest neighbor chain', 'instance weight', 'weighted support vector machine'] 

TOP-K 2534: ['istop model', 'image concepts', 'context sensitive grammar.this paper'] 

Reference 2534: ['and-or graph', 'concept recognition', 'context sensitive grammar', 'image parsing', 'latent svm', 'visual term'] 

TOP-K 2535: ['kalman filter', ['information filter'], 'target tracking applications', 'computational requirements'] 

Reference 2535: ['divergence', 'fuzzy function', 'information filter', 'information state', 'multi sensor data fusion'] 

TOP-K 2536: ['multimodal image', 'sparsity-based models', 'joint patch clustering', 'efficient dictionary learning method', 'successful image fusion technique', 'good dictionary'] 

Reference 2536: ['clustering', 'dictionary learning', 'k-svd', 'multimodal image fusion', 'sparse representation'] 

TOP-K 2537: ['linguistic opinion formation', ['linguistic opinions'], 'linguistic opinion dynamics', ['2-tuples linguistic model'], 'linguistic term sets', 'consensus', 'numerical scales', 'confidence', 'critical point'] 

Reference 2537: ['2-tuples linguistic model', 'bounded confidence', 'fusion process', 'linguistic opinions', 'opinion dynamics'] 

TOP-K 2538: ['non-local refinement method', 'high computational complexity', 'typical refinement methods', 'n', ['stereo matching'], 'computational complexity', 'timing bottleneck', 'maximum disparity.disparity refinement', 'final step'] 

Reference 2538: ['belief aggregation', 'belief propagation', 'disparity refinement', 'non-local', 'stereo matching'] 

TOP-K 2539: ['sparse recovery framework', 'sparse ensemble system', 'several real hyperspectral images', 'non-zero coefficients', 'ensemble strategy', 'experimental results', 'testing phase', 'traditional ensemble', 'effective ensemble'] 

Reference 2539: ['classification', 'ensemble learning', 'hyperspectral imagery', 'joint sparse recovery', 'spatial correlation'] 

TOP-K 2540: ['reactive circuits', 'implicit coherence messages', 'cache banks', 'response messages', 'message patterns', 'simple idea', 'several implementations'] 

Reference 2540: ['chip multiprocessor', 'coherence protocol', 'interconnection network'] 

TOP-K 2541: ['laplacian matrix', 'saliency', 'inappropriate object annotations', 'inappropriate saliency assignment'] 

Reference 2541: ['image matting', 'salient object detection', 'salient object segmentation', 'spectral clustering'] 

TOP-K 2542: ['ellipses', 'state-of-the-art techniques', 'good performance', 'benchmark database', 'approach'] 

Reference 2542: ['ellipse detection', 'gmm', 'l2 distance', 'parameter estimation'] 

TOP-K 2543: ['non-hierarchical multi-label classification', 'hierarchical multi-label problems', 'multiple threshold selection strategies', 'multiple thresholds', 'hierarchical context', 'effective solution'] 

Reference 2543: ['f-measure', 'hierarchical loss', 'hierarchical multi-label classification', 'hmc-loss', 'threshold optimisation'] 

TOP-K 2544: ['mahalanobis distance', 'similarity function', 'new ensemble similarity learning', 'computational efficiency', 'diagonal matrix', 'challenging problem'] 

Reference 2544: ['face recognition', 'genetic similarity', 'kinship verification', 'metric learning'] 

TOP-K 2545: ['heuristic pipelined fission algorithm', 'pipelined fission problem', 'heuristic algorithm', 'good scalability', 'sufficient parallelism', 'optimal performance'] 

Reference 2545: ['auto-parallelization', 'data stream processing', 'fission', 'pipelining'] 

TOP-K 2546: [['dynamic invariants'], 'faults', 'high computational cost', 'complete monitoring environment', 'specific types', 'useful clues'] 

Reference 2546: ['dynamic invariant', 'fault localization', 'program analysis', 'software debugging'] 

TOP-K 2547: [['dcell networks'], 'vertex-disjoint paths', ['dcell network'], 'distinct vertices'] 

Reference 2547: ['algorithm', 'data center networks', 'dcell networks', 'disjoint paths'] 

TOP-K 2548: ['multi-level embedding', 'image quality', 'pixel complementary mechanism', 'smooth images', 'edge sensitivity analysis method'] 

Reference 2548: ['edge sensitivity analysis', 'histogram shifting', 'reversible data hiding'] 

TOP-K 2549: ['low clock speed', 'hard real-time workloads', ['dynamic voltage frequency scaling'], 'thermal management', 'system', 'peak temperatures', 'online scheme', 'deadline violations', 'out.the dynamic power'] 

Reference 2549: ['dynamic power and temperature management', 'dynamic voltage frequency scaling', 'multicore architectures', 'online real-time scheduling', 'real-time computing', 'run-time monitoring'] 

TOP-K 2550: ['structural string representations', 'cnn features', 'linear kernel', 'classification performance', 'standard approaches'] 

Reference 2550: ['convolutional neural network', 'edit distance', 'image classification', 'string representation'] 

TOP-K 2551: ['decision objective functions', 'multi-criteria decision', 'objective function', 'relevant criteria', 'decision maker', 'special types'] 

Reference 2551: ['decision making', 'fuzzy measures', 'integrals', 'multi-criteria'] 

TOP-K 2552: ['model-reduced fault detection', ['multi-rate sensor fusion'], ['fault detection'], 'uis', 'single sampling rate', 'heterogeneous case', 'multi-rate sensor fusion subject', 'sensors.in multi-sensor fusion', 'complex environment', 'unknown inputs'] 

Reference 2552: ['fault detection', 'model reduction', 'multi-rate sensor fusion', 'unknown input decoupling'] 

TOP-K 2553: [['fatty liver disease'], 'fatty liver disease index', 'ultrasound images', 'advanced image processing', 'significant lsda components', 'fld class', 'data mining techniques', 'integrated index', 'accurate decision support system', 'single number'] 

Reference 2553: ['discrete cosine transform', 'fatty liver disease', 'fuzzy classifier', 'locality sensitive discriminant analysis', 'ultrasound'] 

TOP-K 2554: ['quadripartite contrastive divergence', 'facial-expression transformations', 'non-facial-expression transformations', 'image pairs'] 

Reference 2554: ['face expression recognition', 'image transformations', 'restricted boltzmann machines', 'spatio-temporal features'] 

TOP-K 2555: [['fuzzy rough set theory'], 'information uncertainty', 'newly-defined entropy', ['feature selection'], 'mixed data set', 'different fuzzy relations', 'attribute reductions', 'different types', 'common requirement'] 

Reference 2555: ['feature selection', 'fuzzy rough set theory', 'information entropy', 'mixed data'] 

TOP-K 2556: ['granularity effort units', ['effort estimates'], 'unit effect', 'realistic effort estimates', 'practical implication', 'large difference', 'main explanation'] 

Reference 2556: ['effort estimation', 'effort unit', 'judgment bias'] 

TOP-K 2557: [['grassmann manifold'], 'fixed-dimensional subspaces', 'identity recognition', ['dictionary learning'], 'dynamic evolution', 'face recognition.in'] 

Reference 2557: ['4d face recognition', 'curvature-maps', 'dictionary learning', 'grassmann manifold', 'sparse coding'] 

TOP-K 2558: ['semantic implosion algorithm', 'naive algorithm', 'hyperexponential problem', 'possible finite state models'] 

Reference 2558: ['i<sup>*</sup> model', 'model checking', 'model transformation'] 

TOP-K 2559: [['teamwork quality'], 'agile software teams', 'agile teams', ['work satisfaction'], 'traditional software teams', ['team performance'], 'traditional teams', 'effect'] 

Reference 2559: ['agile development', 'learning', 'project management', 'team performance', 'teamwork quality', 'work satisfaction'] 

TOP-K 2560: ['spectral transformation', 'spectral pca', 'new hybrid algorithm', 'spatial pca methods', ['principal component analysis'], 'corresponding multisensors', 'high-resolution level', ['optimal filter'], 'popular choice'] 

Reference 2560: ['image fusion', 'optimal filter', 'principal component analysis', 'spatial information', 'spectral information'] 

TOP-K 2561: ['mobile application testing techniques', 'research evidence', 'software engineers', 'systematic mapping study', 'much attention', 'reported.the importance'] 

Reference 2561: ['mobile application testing', 'software testing', 'systematic mapping'] 

TOP-K 2562: ['signature-based clustering algorithm', 'multi-level precise clustering', 'novel multi-metric clustering technique', 'similar execution behavior', 'unprecedented low overhead', 'clusters processes'] 

Reference 2562: ['clustering algorithms', 'concurrent programming', 'performance measurement', 'programming techniques'] 

TOP-K 2563: ['off-line signature analysis', 'genuine signatures', 'quality characterization', 'novel grid-based template', 'overall complexity-quality'] 

Reference 2563: ['grid features', 'off-line signature verification', 'ordered powerset', 'signature quality'] 

TOP-K 2564: [['color edge detection'], 'noise-robust color edge detector', 'andd-based cesm', 'anisotropic gaussian directional derivative', ['gradient matrix'], 'gradient-based cesm'] 

Reference 2564: ['anisotropic gaussian directional derivative matrix', 'color edge detection', 'color edge direction map', 'color edge strength map', 'gradient matrix'] 

TOP-K 2565: ['facial expression recognition', 'dynamic time warping technique', 'different 3d facial sequences', 'dynamic sequences', '3d face', 'retrieval scheme', 'problem', 'significant amount'] 

Reference 2565: ['3d object retrieval', '4d facial expression recognition', '4d facial expression retrieval', 'dynamic 3d mesh sequence'] 

TOP-K 2566: ['spatio-temporal feature vectors', 'pyramid-structural bag-of-words', 'stm', 'spatio-temporal feature', 'euclidean distance', 'spatio-temporal matrix', 'feature vectors', 'local tendency'] 

Reference 2566: ['action recognition', 'self-similarity', 'view-invariant'] 

TOP-K 2567: ['fingerprints', 'mcc descriptor', 'common finger coordinate system', 'indexing system', 'large database', 'locality sensitive', 'estimation algorithm'] 

Reference 2567: ['fingerprint indexing', 'locality sensitive hashing', 'pose estimation'] 

TOP-K 2568: ['weighted multi-view clustering', 'multi-view data clustering', ['feature selection'], 'feature representations', 'novel algorithm', 'data points', 'representative feature space', 'weighting schemes', 'view'] 

Reference 2568: ['data clustering', 'feature selection', 'multi-view', 'weighting'] 

TOP-K 2569: ['embedded system development', ['agile methods'], 'agile practices', 'project members', 'natural cycle lengths', 'different disciplines', 'different knowledge'] 

Reference 2569: ['agile', 'agile method', 'case study', 'embedded system'] 

TOP-K 2570: ['soft discriminant maps', 'simple dimensionality reduction technique', 'inter-class discrimination', 'discriminative subspace projections', 'feature extractors', 'high input dimensionality', 'classification performance', 'theoretical existence', 'direct relationship'] 

Reference 2570: ['classification', 'dimensionality reduction', 'feature extraction', 'high-dimensional datasets', 'overfitting'] 

TOP-K 2571: ['fuzzy c-ordered-medoids clustering', 'fuzzy clustering', ['interval-valued data'], 'natural vague boundaries'] 

Reference 2571: ['fuzzy c-ordered medoids clustering', 'hubers m-estimators', 'interval-valued data', 'ordered weighted averaging', 'outlier interval data', 'robust clustering'] 

TOP-K 2572: ['image-to-class dynamic time warping', '3d static hand gestures', '3d hand trajectory gestures', 'compositional model', 'trajectory gesture representation', 'static gesture representation'] 

Reference 2572: ['3d hand gesture recognition', 'dynamic time warping', 'fingerlets', 'human computer interaction', 'image-to-class distance', 'strokelets'] 

TOP-K 2573: ['user friendship behavior', 'user popularity changes', 'sites', 'different sites'] 

Reference 2573: ['cross-media study', 'cross-site information fusion', 'cross-site user analysis', 'friendship analysis', 'popularity analysis'] 

TOP-K 2574: ['mlc algorithm', 'state-of-the-art binarization techniques', 'multi-line code', 'variable-size mlc template', 'kernel principal components analysis', 'minutia descriptor', 'fixed-length bit-string'] 

Reference 2574: ['cancellable fingerprint', 'fixed-length representation', 'kernel principal components analysis (kpca)', 'multi-line code (mlc)'] 

TOP-K 2575: ['noisy examples', 'iterative noise', 'several classifiers', 'new iteration'] 

Reference 2575: ['class noise', 'classification', 'fusion of classifiers', 'noise filters', 'noisy data'] 

TOP-K 2576: ['on-chip data workspace', 'gpus', 'user-controllable trade-off', 'on-chip data', 'workspace size', 'single thread', 'redundant computation'] 

Reference 2576: ['code transformation', 'computational fluid dynamics', 'gpu computation', 'precompilation'] 

TOP-K 2577: ['gradient transfer fusion', ['gradient transfer'], 'infrared image', 'ℓ1-tv minimization problem', 'thermal radiation', 'fusion problem', 'novel fusion algorithm', 'visible image', 'appearance information', 'main intensity distribution', ['total variation'], 'gradient variation', 'data fidelity term', 'regularization term'] 

Reference 2577: ['gradient transfer', 'image fusion', 'infrared', 'registration', 'total variation'] 

TOP-K 2578: ['random model generation algorithm', ['model-related operations'], ['performance testing'], 'performance testing framework', 'test data'] 

Reference 2578: ['model generation', 'model-driven engineering', 'model-related operation', 'performance testing'] 

TOP-K 2579: ['image fusion quality', 'input images', 'useful features', 'gradient field.abstract noise'] 

Reference 2579: ['gradient entropy metric', 'image fusion', 'matrix of structure tensor', 'noisy multispectral images', 'p-laplace diffusion constraint'] 

TOP-K 2580: ['online classification', 'video sequences', 'classifier ensemble', 'computer vision community', 'target tracking', 'significant interest'] 

Reference 2580: ['classifiers fusion', 'classifiers selection', 'f-score', 'online tracking', 'tracking via classification'] 

TOP-K 2581: [['mobile anchor'], ['path planning'], 'movement strategy', 'hexagonal pattern', 'sensors', 'minimum length', 'rectangular region.the objective'] 

Reference 2581: ['connected networks', 'mobile anchor', 'path planning', 'range-free localization', 'rectangular region', 'wireless sensor networks'] 

TOP-K 2582: ['cognitive search strategies', 'search strategies', 'information theoretic rewards', 'unknown strength', 'comparative study', 'collective term', 'sequential decision'] 

Reference 2582: ['autonomous search', 'dispersion modelling', 'sensor management', 'sequential monte carlo method', 'turbulent flow'] 

TOP-K 2583: [['latent topics'], 'semantic gap challenge', 'topic model', 'classical retrieval approach', 'class discovery problem.this paper'] 

Reference 2583: ['content-based video retrieval', 'information retrieval', 'latent topics', 'probabilistic latent semantic analysis (plsa)', 'relevance feedback'] 

TOP-K 2584: ['noc power-gating simulation', 'important optimizations', 'key requirements', 'research advancement', 'router pipeline'] 

Reference 2584: ['cycle-accurate simulator', 'full-system simulation', 'network-on-chip', 'power-gating', 'static power'] 

TOP-K 2585: ['model-driven engineering', 'mde', 'models', 'key problems', 'new challenges', 'standardisation efforts', 'domain analysis', 'engineering process', 'engineering requirements'] 

Reference 2585: ['co-evolution', 'evolution', 'migration'] 

TOP-K 2586: ['tps-rpm algorithm', ['track-to-track association'], 'robust track-to-track association problem', 'non-rigid point matching problem', 'thin plate spline-robust point', 'structural similarity', 'local track', 'energy function', 'structural feature'] 

Reference 2586: ['robust point matching (rpm)', 'sensor biases', 'thin plate spline (tps)', 'track-to-track association'] 

TOP-K 2587: ['real shape data', 'state-of-the-art methods', 'comparative study', 'established point matches', 'false matches', 'transformation', 'stable estimation', 'inaccurate estimation', 'possible alignment'] 

Reference 2587: ['boosting-inspired', 'feature extraction', 'feature matching', 'point match evaluation', 'rigid underlying transformation'] 

TOP-K 2588: ['social skeleton', ['reliable broadcasting'], 'long communications'] 

Reference 2588: ['efficient multi-hop routing', 'reliable broadcast', 'social mobile networks'] 

TOP-K 2589: ['maintainability prediction models', 'ai techniques', 'simple neural network', 'user interface system', 'quality evaluation system', 'regression analysis', 'case studies'] 

Reference 2589: ['artificial neural network', 'ck metrics suite', 'maintainability'] 

TOP-K 2590: ['connected cars', 'connected vehicles', 'cars', ['situation awareness'], 'in-depth discussion', 'internet', 'different components', 'comprehensive survey'] 

Reference 2590: ['advanced driving assisted systems', 'high-level information fusion', 'internet of cars', 'situation awareness'] 

TOP-K 2591: ['agile methods', 'combination', 'analysis', 'failure stories', 'costs'] 

Reference 2591: ['agile development', 'architecting approach', 'software architecture'] 

TOP-K 2592: ['group sparse representation', 'multi-feature representation', 'accurate biometric recognition', 'separate feature-level fusion mechanism', 'experimental results', 'input data'] 

Reference 2592: ['biometrics', 'feature-level fusion', 'multimodal', 'sparse representation'] 

TOP-K 2593: ['high-resolution seismic tomography', 'image reconstruction methods', 'seismic activity', 'raw seismic samples', 'centralized approach', 'seismic sensors', 'raw data', 'real time.current geophysical techniques'] 

Reference 2593: ['distributed computing', 'mt. st. helens', 'seismic tomography', 'sensor network'] 

TOP-K 2594: [['energy-aware scheduling algorithms'], 'computational grids', 'simgrid framework', 'energy consumption', 'performance loss', 'energy consumption estimation method'] 

Reference 2594: ['energy-aware scheduling algorithms', 'high performance computing', 'simulation'] 

TOP-K 2595: ['large software development organizations', 'measurement programs.measurement programs', 'large number'] 

Reference 2595: ['case study', 'measurement program', 'metrics', 'software engineering'] 

TOP-K 2596: [['anchoring effects'], 'implausible anchors', 'low-credibility sources', 'project estimation contexts', 'estimation anchors', 'effort estimates', 'information'] 

Reference 2596: ['anchoring effects', 'numerical preciseness', 'software project estimation'] 

TOP-K 2597: ['self-adaptive apps', 'app', 'input space', 'novel approach sit', 'latter uses adaptive sampling', 'light-weight way', 'former captures characteristics'] 

Reference 2597: ['interactive application model', 'sample-based testing', 'self-adaptive application testing'] 

TOP-K 2598: ['information fusion process', 'multi data source', 'different digital document sources', 'educational institutions', 'complex problem', 'different levels', 'accurate detection', 'exponential growth', 'crucial task'] 

Reference 2598: ['multi documental data sources', 'plagiarism detection', 'text patterns information fusion'] 

TOP-K 2599: ['cost-optimal parallel two-list algorithm', 'parallel two-list algorithm', ['subset-sum problem'], 'intra-node communication costs', 'communication-avoiding workload distribution scheme', 'hybrid cpu', 'gpu cluster', 'node', 'available computational resources', 'suitable workload', 'full use'] 

Reference 2599: ['heterogeneous cooperative computing', 'hybrid cpu–gpu cluster', 'hybrid programming model', 'subset-sum problem', 'two-list algorithm', 'workload distribution'] 

TOP-K 2600: ['xquery injection vulnerabilities', 'native xml databases', 'web applications', 'experimental evaluation', 'different types'] 

Reference 2600: ['fuzz testing', 'injection attacks', 'vulnerability scanner', 'web application security', 'xml injection', 'xpath injection'] 

TOP-K 2601: ['inter-modality kernel information', 'modal kernel matrices', 'multiple kernel learning', 'composite embedding space', 'principled group-wise identification', 'composite kernel matrix', 'linear kernel combination', 'full freedom'] 

Reference 2601: ['classifier combination', 'kernel methods', 'support vector machines', 'tomography'] 

TOP-K 2602: ['agile', ['tertiary study'], 'practices', 'secondary studies', 'consolidated view'] 

Reference 2602: ['agile software development', 'lean software development', 'project constraints', 'tertiary study'] 

TOP-K 2603: ['linear svms', 'rademacher theory', 'support vectors', 'high computational complexity', 'generalization error', 'classification stage', 'considerable number'] 

Reference 2603: ['classification', 'hierarchical structure', 'support vector machine'] 

TOP-K 2604: ['trust measurement', 'geolocation framework', 'cloud devices', 'cloud user device', 'security issue', 'trusted platform module', 'dynamic root'] 

Reference 2604: ['hypervisor', 'trusted execution environment', 'trusted geolocation'] 

TOP-K 2605: ['model-driven software development', 'evolution', 'new methodological framework', 'mixed arma-garch models.this paper'] 

Reference 2605: ['forecasting', 'model driven engineering', 'simulation', 'software model evolution analysis', 'test model generation', 'time series analysis'] 

TOP-K 2606: ['so-called e-sceaf', 'local authorities', 'city', 'specific web', 'holistic approach', 'energy use', 'respective decision support systems', 'decision support tool', 'fruitful results', 'energy behavior'] 

Reference 2606: ['2-tuple linguistic model', 'decision support system', 'energy assessment framework', 'information fusion', 'smart cities'] 

TOP-K 2607: ['generic image classification', ['face recognition'], 'multi-scale patches', 'matlab codes', 'spatial pyramid', 'effective feature extraction method', 'dense extraction', 'face image classification.we', 'critical roles'] 

Reference 2607: ['face recognition', 'feature pooling', 'image classification'] 

TOP-K 2608: ['probabilistic approach', 'trust quality', 'deterministic approach', 'fuzzy-based credibility model', 'probabilistic databases', 'credibility values', 'account end-users'] 

Reference 2608: ['credibility', 'trust', 'web service'] 

TOP-K 2609: ['microblog summarization algorithm', 'time-dependent hierarchy', 'algorithm addresses topic-based summarization'] 

Reference 2609: ['big data', 'fuzzy formal concept analysis', 'microblog summarization', 'social media analytics', 'time awareness'] 

TOP-K 2610: ['felder-silverman learning style model', ['software engineering education'], 'scrum course', 'software industry', 'academic response', 'teaching strategies', 'considerable attention'] 

Reference 2610: ['agile software development', 'learning styles', 'software engineering education'] 

TOP-K 2611: ['first order markov property', 'vulnerability events', 'historical patterns', 'future vulnerabilities', 'software applications', 'previous vulnerability', 'next vulnerability', 'sequential patterns', 'interesting finding'] 

Reference 2611: ['software vulnerabilities', 'vulnerability prediction', 'vulnerability trends'] 

TOP-K 2612: ['run-time prediction results', 'static analysis', 'concurrency levels', 'dvfs settings', 'energy efficiency configuration', 'several run-time factors', 'hybrid two-step method', 'optimal energy efficiency', 'workload', 'frequency scaling', 'thread mapping strategies', 'dynamic voltage'] 

Reference 2612: ['energy consumption', 'high performance computing', 'parallel', 'power model', 'speedup model'] 

TOP-K 2613: ['single spoofed instances', 'liveness scores', 'spoofing-resistant generalised alternative', 'fusion algorithms', 'biometric fusion process', 'n biometric sources', 'recognition accuracy'] 

Reference 2613: ['1-median', 'anti-spoofing', 'multibiometrics'] 

TOP-K 2614: ['tinyos operating system', ['wireless sensor networks'], ['device drivers'], 'preemptive execution model', ['static analysis'], 'specific hardware', ['abstract interpretation']] 

Reference 2614: ['abstract interpretation', 'device drivers', 'static analysis', 'wireless sensor networks'] 

TOP-K 2615: ['metric swarm learning', 'metric swarm', 'svm-alike classification problem', 'well-learned metric swarm', 'uncontrolled experimental conditions', 'single distance metric learning', 'efficient alternative optimization algorithm', 'joint similarity score function', 'local patches', 'empirical score threshold', 'face verification task', 'sample pair', 'similarity vector'] 

Reference 2615: ['classification', 'face verification', 'metric learning', 'similarity'] 

TOP-K 2616: [['object detection'], 'blb', 'traditional binary descriptors', 'detection accuracy', 'experimental results'] 

Reference 2616: ['binary descriptor', 'boosted local binary', 'object detection', 'realadaboost', 'structure-aware'] 

TOP-K 2617: ['composition contexts', 'query language', 'composition context'] 

Reference 2617: ['composition context matching', 'service querying', 'service-based business process'] 

TOP-K 2618: ['palmprint databases', 'state-of-the-art approaches', 'orientation feature', 'novel double-orientation code', 'doc', 'excellent performance', 'extensive experiments'] 

Reference 2618: ['biometric', 'double-orientation code', 'nonlinear angular distance', 'palmprint recognition'] 

TOP-K 2619: ['single system', 'computing paradigm', 'custom hardware', 'user-level tools.single system image', 'computing resources', 'system kernels', 'broad variety'] 

Reference 2619: ['distributed hypervisors', 'distributed operating systems', 'single system image', 'technology adoption'] 

TOP-K 2620: ['snap-stabilizing committee coordination algorithms', ['committee coordination'], '2-phase discussion', 'synchronization mechanism', 'desirable properties'] 

Reference 2620: ['committee coordination', 'distributed algorithms', 'self-stabilization', 'snap-stabilization'] 

TOP-K 2621: ['texture analysis problems', 'local binary pattern variants', 'supervised methods', 'face recognition', 'material categorization', 'representative set', 'constituent part'] 

Reference 2621: ['histogram', 'histogram smoothing', 'kernel density estimation', 'local binarized descriptors', 'local binary patterns', 'soft-assignment'] 

TOP-K 2622: ['roar', 'cloud resource allocation decisions', 'qos goals', 'qos requirements', 'web applications', 'web application', 'domain-specific language', 'modeling framework', ['resource optimization'], 'complex multi-tier application', 'different server groups', 'recommendation system'] 

Reference 2622: ['cloud computing', 'load testing and benchmarking', 'resource optimization'] 

TOP-K 2623: [['dempster-shafer theory'], 'multi-hypotheses tracking', 'ghost tracks', ['tracks'], 'volatile vehicular environment', 'previous methods', 'much ambiguity', 'targets', 'previous approach', 'meaningful decision.this paper'] 

Reference 2623: ['ambiguity', 'association', 'dempster-shafer theory', 'tracking'] 

TOP-K 2624: ['new visual attention model', ['video tracking'], 'well-known visual attention models', 'real video sequences', 'color', 'discriminant visual features', 'experimental results', 'joint perceptual space', 'visual attention model yields', 'accurate results', 'particular application scope', 'brightness separately.this paper'] 

Reference 2624: ['color and brightness perceptual model', 'saliency maps', 'video tracking', 'visual attention'] 

TOP-K 2625: ['snpsvm', ['nonparallel support vector machine'], ['structural information'], 'direction method'] 

Reference 2625: ['alternating direction method of multipliers', 'nonparallel support vector machine', 'pattern recognition', 'structural information'] 

TOP-K 2626: [['binocular vision'], 'pedestrian detection framework', 'double-pedestrian detectors', 'information fusion module', 'final detection decisions.in'] 

Reference 2626: ['binocular vision', 'double-pedestrian detection', 'fusion', 'matching', 'pedestrian detection'] 

TOP-K 2627: ['fishers linear discriminant analysis', 'low dimensional discriminant information', 'udp', ['unsupervised discriminant projection'], 'traditional lda', ['locality preserving projections'], 'lpp', 'face recognition applications', 'high dimensional data', 'separate dimensionality reduction step', 'linear subspace', 'scatter matrices full rank'] 

Reference 2627: ['face recognition', 'fukunaga koontz transform', 'linear discriminant analysis', 'locality preserving projections', 'unsupervised discriminant projection'] 

TOP-K 2628: ['component-based embedded software applications', 'palladio component model', 'fixed-priority preemptive scheduling policy', 'new performance analysis infrastructure', 'specific pattern', 'specific priority.this paper'] 

Reference 2628: ['component-based software engineering', 'model-driven engineering', 'real time software', 'solar orbiter'] 

TOP-K 2629: [['social networks'], ['social media'], 'new methodologies', ['data mining'], 'machine learning', 'computational intelligence', 'semantic web', 'information fusion', 'efficient data mining', 'new applications', 'research areas', 'big data paradigms.big data', 'important issue', 'large number'] 

Reference 2629: ['big data', 'data mining', 'social media', 'social networks', 'social-based frameworks and applications'] 

TOP-K 2630: ['fuzzy stacked generalization', 'two-layer decision fusion technique', 'base-layer classifiers', 'fusion space', 'decision spaces', 'hierarchical distance'] 

Reference 2630: ['classification', 'decision fusion', 'ensemble learning', 'hierarchical distance learning', 'nearest neighbor rule'] 

TOP-K 2631: ['biometric features', 'feature level sequential fusion', 'biometric sample', 'user inputs', 'general framework', 'average number'] 

Reference 2631: ['biometric cryptosystems', 'multimodal biometrics', 'sequential fusion', 'sequential probability ratio test'] 

TOP-K 2632: ['private-key generation', 'pkg', 'private key generator', 'multiple private keys', 'identity-based cryptosystems.identity-based encryption', 'modular framework', 'single key', 'genuine user', 'known techniques', 'multiple copies'] 

Reference 2632: ['cryptographic protocols', 'distributed protocols', 'software implementation'] 

TOP-K 2633: [['malicious hosts'], 'black hole models', 'network node', 'major results', 'incoming data', 'observable trace', 'briefly touch'] 

Reference 2633: ['black hole search', 'malicious host', 'mobile agents', 'multiple black holes', 'network diagnosis'] 

TOP-K 2634: ['matrix transpose problem', 'matrix transpose algorithm', '3-dimensional mesh architectures', 'n × n mesh', 'column buses'] 

Reference 2634: ['algorithm analysis', 'matrix transpose', 'mesh architecture'] 

TOP-K 2635: ['feature-driven crossover operator', 'feature modularization', 'multi-objective problem', 'design principles', 'product line architecture', 'many factors', 'pla design.the optimization'] 

Reference 2635: ['crossover operator', 'empirical study', 'multi-objective genetic algorithm', 'product line architecture design'] 

TOP-K 2636: ['interval opinion dynamics', ['opinion dynamics'], ['dynamic bounded confidence'], 'novel opinion dynamics model', 'several simulation experiments', 'original opinion dynamics', 'confidence', 'interval widths'] 

Reference 2636: ['consensus', 'dynamic bounded confidences', 'fusion process', 'interval opinions', 'opinion dynamics'] 

TOP-K 2637: ['flow cytometric samples', ['gaussian mixture model'], 'artificial reference samples', 'supervised learning approach', 'gaussian component', 'cell populations', 'automatic quantification', 'new input sample', 'class label', 'linear combination', 'corresponding cluster'] 

Reference 2637: ['acute lymphblastic leukemia', 'clustering', 'convex non-negative matrix factorization', 'flow cytometry', 'gaussian mixture model', 'l2 distance'] 

TOP-K 2638: ['mpsoc virtual platforms', 'scalable hardware', 'final mpsoc architecture details', 'design productivity', 'power consumption estimation', 'well-known benchmarks', 'software', 'scalable set', 'software development platform', 'different isas', 'main components', 'new methodologies', 'dvfs support.recent design methodologies', 'parallel versions', 'tools aim'] 

Reference 2638: ['dvfs', 'modeling', 'mpsoc', 'simulation'] 

TOP-K 2639: ['context-based information fusion', 'fusion domain', 'current research', ['architectural aspects'], 'original thinking', ['survey'], 'comprehensive status'] 

Reference 2639: ['architectural aspects', 'context', 'information fusion', 'state-of-the-art', 'survey'] 

TOP-K 2640: [['packet interleaving'], 'real application performance', ['packet interleaver'], 'ip layer', 'real networks', 'video distortion', 'real application'] 

Reference 2640: ['packet interleaving', 'packet loss', 'udp'] 

TOP-K 2641: ['meta-learning framework', 'experimental results', 'classification accuracy'] 

Reference 2641: ['classifier competence', 'dynamic ensemble selection', 'ensemble of classifiers', 'meta-learning'] 

TOP-K 2642: ['historical document collections', 'query-by-example paradigm', 'recent state-of-the-art keyword', 'efficient segmentation-free word'] 

Reference 2642: ['dense sift features', 'historical documents', 'keyword spotting', 'latent semantic analysis', 'product quantization', 'segmentation-free'] 

TOP-K 2643: ['re-cluster mechanism', 'sensor nodes organization', 'sensor nodes', 'nodes', 'clustering operation', 'special packet head', 'energy information', 'residual energy'] 

Reference 2643: ['energy efficiency', 'hierarchical routing algorithm', 'semi-static clustering', 'wsns'] 

TOP-K 2644: ['complex human activities', 'hidden markov model baseline', 'primitive activities', 'mean improvement'] 

Reference 2644: ['bayesian inference', 'behavior decomposition', 'behavior recognition', 'visual surveillance'] 

TOP-K 2645: ['security argumentation', 'informal risk assessment', ['risk assessment'], 'security requirements', 'informal assessment', 'formal analysis'] 

Reference 2645: ['risk assessment', 'security analysis', 'structured argumentation'] 

TOP-K 2646: ['n-dimensional torus network', ['k-ary n-cube'], 'brute-force computations', 'destination nodes', 'source node', 'paths', 'existence'] 

Reference 2646: ['hypercube', 'k-ary n-cube', 'mesh', 'node-disjoint paths', 'optimization problem', 'torus'] 

TOP-K 2647: ['gpu-accelerated srtp reverse proxy', ['gpu'], 'real-time stream processing system', 'real-time processing', 'holistic approach', 'gbps overall throughput', 'guarantees low latency'] 

Reference 2647: ['gpu', 'high-speed networking', 'real-time', 'stream processing'] 

TOP-K 2648: ['travel schedules', 'personalized travel planning system', 'user requirements', 'travel schedule planning service', 'users'] 

Reference 2648: ['e-tourism', 'personalization', 'recommendation system', 'travel planning'] 

TOP-K 2649: ['large-scale empirical research study', 'grounded theory approach', 'agile experts', 'adoption framework', 'substantive agile transition', 'different countries'] 

Reference 2649: ['agile adoption', 'agile software development', 'agile transformation process', 'grounded theory', 'transition framework'] 

TOP-K 2650: ['extended curvature gabor', 'ecg kernels', 'novel face recognition', 'gabor kernels', 'spatial curvature term', 'classifier bunch', 'single image', 'numerous feature candidates', 'kernel'] 

Reference 2650: ['extended curvature gabor wavelet', 'face recognition', 'face recognition grand challenge (frgc)', 'feature extraction'] 

TOP-K 2651: ['mdghm-surf', 'mdghm', 'conventional surf descriptor', 'conventional surf', 'first-order derivative-based local descriptors', 'first-order derivatives', 'distinctive features', 'feature information'] 

Reference 2651: ['local feature extraction', 'modified discrete gaussian-hermite moment', 'surf algorithm'] 

TOP-K 2652: ['hough transform', 'ht', 'implementation issues', 'current paper', 'various fields'] 

Reference 2652: ['digital hough transform (dht)', 'generalized hough transform (ght)', 'hough transform (ht)', 'probabilistic hough transform (pht)', 'randomized hough transform (rht)'] 

TOP-K 2653: ['safe evolution templates', 'annotative product lines', 'generic transformations', 'product lines', 'evolution history'] 

Reference 2653: ['evolution', 'refinement', 'software product lines'] 

TOP-K 2654: ['modularity graph clustering problem', 'shared-memory parallel formulations', 'modern architectures', ['multilevel paradigm'], 'k', 'parallel runtime', 'number', 'full advantage'] 

Reference 2654: ['graph clustering', 'multi-threading', 'multilevel paradigm', 'shared-memory parallel'] 

TOP-K 2655: [['evidential reasoning'], 'belief degrees', 'preferences', ['belief structure'], 'incomparability relations', 'preference combination approach', 'quantitative aspects'] 

Reference 2655: ['belief structure', 'distance measure', 'evidential reasoning', 'group decision making', 'partially ordered preference'] 

TOP-K 2656: [['3d rotation invariants'], ['group representation theory'], '3d graphical models', 'real volumetric data'] 

Reference 2656: ['3d rotation invariant', 'complex moment', 'group representation theory', 'spherical harmonic'] 

TOP-K 2657: ['model-based synthetic codebooks', 'arabic writer identification', 'writer identification', 'grapheme-based approach', 'verification'] 

Reference 2657: ['beta-elliptic model', 'computational generation model', 'feature generation', 'grapheme codebook', 'template matching', 'writer identification and verification'] 

TOP-K 2658: ['big data analytics', 're-org tasks', 'massive parallel processing', 'mapreduce programming paradigm', 'internal sort-merge mechanism', 'open-source implementation', 'analytical workload', 'shuffling data'] 

Reference 2658: ['distributed framework', 'gom-hadoop', 'mapreduce', 'ordered dataset'] 

TOP-K 2659: ['novel coding-based saliency measure', 'saliency computation', 'top-down saliency map', 'local cues', 'reconstruction error'] 

Reference 2659: ['global and local cues', 'locality-constrained linear coding', 'visual saliency'] 

TOP-K 2660: ['internal architectures', 'uml profiles', 'particular internal architecture', 'many modelling languages', 'main structure', 'recent years'] 

Reference 2660: ['modelling language', 'multi-agent system', 'proactive and reactive agents'] 

TOP-K 2661: [['sr-iov'], 'infiniband devices', 'live migration', 'first available prototype implementation', 'network device state'] 

Reference 2661: ['architecture', 'io virtualization', 'sr-iov', 'vm migration'] 

TOP-K 2662: ['video fusion algorithm', '3d surfacelet transform', 'fusion method', 'hosvd', 'order singular value decomposition', 'temporal information'] 

Reference 2662: ['higher order singular value decomposition', 'surfacelet transform', 'video fusion', 'video tensor'] 

TOP-K 2663: ['recent research practices', 'mbse approach', 'embedded systems development', 'abstract model', 'system development', 'system engineering', 'systematic approach', 'requirement specification', 'validation activities'] 

Reference 2663: ['embedded systems', 'mbse', 'tools'] 

TOP-K 2664: ['handwritten mathematical expressions', 'ground-truthed datasets', 'manual annotation', 'error-prone procedure', 'mean symbol assignment rates', 'symbol classes', 'expression layouts', 'large variability', 'useful tool', 'challenging task'] 

Reference 2664: ['ground-truth annotation', 'handwriting recognition', 'linear assignment problem', 'mathematical expression dataset', 'shape information', 'structural pattern analysis'] 

TOP-K 2665: ['tr systems', 'reactive systems', 'understandability level', 'account goals'] 

Reference 2665: ['controlled experiment', 'requirements engineering', 'teleo-reactive'] 

TOP-K 2666: ['data-aware clustering', 'prediction-based approach', 'clustering approach', 'prediction model', 'extensive simulations'] 

Reference 2666: ['clustering', 'prediction', 'wireless sensor networks'] 

TOP-K 2667: ['multi-attribute combinatorial double auction', ['cloud resources'], 'service parameters'] 

Reference 2667: ['cloud resources', 'double auction', 'multi-attribute'] 

TOP-K 2668: ['application-level task locality', 'new work-stealing strategy', 'load-balancing algorithms', 'locality preferences', 'hardware memory topology', 'tasks', 'performance benefits', 'parallel applications', 'distributed-memory cluster benefit'] 

Reference 2668: ['apgas languages', 'locality-aware scheduling', 'task placement', 'x10'] 

TOP-K 2669: ['slow actions', 'wac model', 'memory model', 'sensor networks'] 

Reference 2669: ['self-stabilization', 'shared memory model', 'wireless sensor networks'] 

TOP-K 2670: [['reputation systems'], 'online services', 'reputation context', 'existing reputation research', 'new taxonomy', 'substantial survey', 'reference model'] 

Reference 2670: ['feedback', 'reputation system', 'survey', 'taxonomy'] 

TOP-K 2671: ['traditional intrusion detection processes', 'artificial intelligence techniques', 'self-adaptive systems', 'multi-step attacks', ['genetic programming'], 'security information', 'correlation engine', 'event management', 'recent advances', 'correlation rules', 'different types', 'promising paradigm'] 

Reference 2671: ['adaptive system', 'artificial neural networks', 'event correlation', 'genetic programming', 'siem'] 

TOP-K 2672: ['hurst exponent', 'virtual machine scaling', 'vm cpu usage', 'markov transition approach', 'performance evaluation', 'data trends', 'effective resource allocation', 'additional characteristics'] 

Reference 2672: ['cloud computing', 'resource management', 'usage prediction'] 

TOP-K 2673: ['aerial image registration', 'raw aerial images', 'simple holistic representation', 'pair-wise registration', 'data set', 'several major novelties', 'image space', 'average registration error', 'data corpus', 'constraints graph structure', 'high registration accuracy', 'computational cost', 'constraints graph', 'available images', 'set-based paradigm'] 

Reference 2673: ['alignment', 'constraints', 'graph', 'map', 'remote', 'sensing'] 

TOP-K 2674: ['hypergraph partitioning-based methods', 'multi-level hypergraph partitioner', 'efficient parallelization'] 

Reference 2674: ['graph', 'hypergraph', 'load balancing', 'partitioning'] 

TOP-K 2675: ['big data applications', 'real-time monitoring', 'cloud resources', 'performance analysis', 'workload management', 'adaptive algorithm', 'fault detection', 'capacity planning', 'administrator needs', 'data characteristics'] 

Reference 2675: ['adaptivity', 'big data', 'cloud computing', 'monitoring', 'scalability'] 

TOP-K 2676: ['software theft', 'software birthmark', 'high accuracy', 'unique characteristics', 'packed programs'] 

Reference 2676: ['birthmark', 'similarity analysis', 'software theft detection'] 

TOP-K 2677: [['topological node features'], 'n-neighbourhood graphs', 'advanced topological node features', 'pruning effectiveness'] 

Reference 2677: ['graph matching', 'subgraph isomorphism', 'topological node features'] 

TOP-K 2678: ['large-scale classification tasks', 'discriminative learning framework', ['sample importance weights'], ['importance sampling'], 'recognition performance'] 

Reference 2678: ['discriminative learning', 'handwritten chinese character recognition', 'importance sampling', 'sample importance weight'] 

TOP-K 2679: ['model fa', 'synchronous worker processes', 'n processes', 'different failure models', 'tasks', 'master process', 'fallacious results'] 

Reference 2679: ['distributed algorithms', 'fault-tolerance', 'internet supercomputing', 'randomized algorithms', 'reliability'] 

TOP-K 2680: ['query scheduling policies', 'caching infrastructure', 'caching facilities', 'statistical prediction methods', 'dynamic contents'] 

Reference 2680: ['distributed scheduling', 'distributed semantic cache', 'locality-aware scheduling', 'parallel multi-dimensional range query'] 

TOP-K 2681: ['pointwise fusion functions', 'multi-valued fusion functions', 'multi-valued functions', 'extensive list'] 

Reference 2681: ['multi-valued fusion', 'multiset', 'set'] 

TOP-K 2682: [['curvature'], ['line drawings'], 'experimental results', 'brush characteristics', 'drawings', 'intersections', 'criticalities'] 

Reference 2682: ['computational design', 'curvature', 'intersection points', 'line drawings', 'varying brush characteristics'] 

TOP-K 2683: ['optical coherence tomography images', 'deformable models', 'approximate parallelism constraint', ['retinal layers'], 'pathological subjects', 'retina images', 'healthy subjects', 'new approach'] 

Reference 2683: ['approximate parallelism', 'double snakes', 'optical coherence tomography', 'parametric active contours', 'retinal layers'] 

TOP-K 2684: ['random walk sampling', 'bandwidth constraints', 'several random walk samples', 'continuous online fashion'] 

Reference 2684: ['decentralized computation', 'distributed algorithms', 'random sampling', 'random walks', 'self-aware network'] 

TOP-K 2685: ['edge disjoint hamiltonian cycles', 'interconnection topology', 'ej network', 'parallel systems', 'generator α', 'many communication algorithms'] 

Reference 2685: ['edge disjoint', 'eisenstein-jacobi network', 'hamiltonian cycle', 'interconnection networks', 'parallel computing'] 

TOP-K 2686: ['classifiers', 'multi-class problems', 'computational cost', 'ensemble', 'specific attribute subset.in'] 

Reference 2686: ['artificial neural networks', 'diversity', 'ensemble of classifiers', 'feature selection', 'multi-class classification'] 

TOP-K 2687: ['mlmc methods', ['multilevel monte carlo'], 'runtime faults', 'parallel hardware', 'partial differential equations', 'random input data', 'intrinsic failure resilience', 'convergence behavior', 'computationally.abstract monte carlo'] 

Reference 2687: ['exascale parallel computing', 'failure resilience', 'fault tolerance', 'multilevel monte carlo'] 

TOP-K 2688: ['rest alignment methods', 'rest-bench', 'software development projects', 'case studies', 'concrete improvement opportunities', 'sound fundamentals', 'assessment tool'] 

Reference 2688: ['coordination', 'requirements engineering', 'software testing'] 

TOP-K 2689: ['fusion algorithm', 'different spectra', 'focus measure', 'comprehensive experimentations', 'challenging task'] 

Reference 2689: ['multifocus image fusion', 'multispectral focus measure', 'oriented analytic image', 'steerable local frequency'] 

TOP-K 2690: [['graph centralities'], 'point-set registration problem', 'traditional probabilistic framework', 'spatial information', 'several datasets', 'first time'] 

Reference 2690: ['coherent point drift (cpd)', 'graph centrality', 'point set registration'] 

TOP-K 2691: ['novel multimodal keypoint detector', 'curvelet-based face recognition algorithms', 'textured 3d face surfaces', 'textured faces', '3d local features', 'global features', 'algorithm extracts'] 

Reference 2691: ['digital curvelet transform', 'face recognition', 'keypoint detection', 'local features'] 

TOP-K 2692: ['goal-driven adaptive monitoring', 'adaptive monitoring features', 'soa environment', 'concept', 'dynamic adaptive', 'dynamic management', 'monitoring process'] 

Reference 2692: ['adaptive drill-down', 'goal-driven monitoring', 'service oriented architecture'] 

TOP-K 2693: ['people interaction', 'different social contexts', 'shape descriptors', 'hmm framework', 'unique head', 'reliable system', 'person perspective'] 

Reference 2693: ['egocentric vision', 'group detection', 'head pose estimation', 'social interactions', 'video analysis'] 

TOP-K 2694: [['multiple instance learning'], 'individual instance labels', 'bags', 'dissimilarities', 'feature representation', 'training set'] 

Reference 2694: ['dissimilarity representation', 'drug activity prediction', 'image classification', 'multiple instance learning', 'point set distance', 'text categorization'] 

TOP-K 2695: ['sentiment analysis techniques', 'sentiments', 'text', 'development process', 'developers'] 

Reference 2695: ['github', 'sentiment analysis', 'software development process'] 

TOP-K 2696: ['advanced vector extensions', 'fast string search', 'data-parallel search', ['bit-parallel algorithm'], 'openmp directives', 'avx instructions', 'search throughput', 'stable search throughput', 'cpu core'] 

Reference 2696: ['acceleration', 'avx', 'bit-parallel algorithm', 'string search'] 

TOP-K 2697: ['cost estimating relationship equations', 'ols equations', 'software cost estimating', 'statistical significance', 'final effort hours', 'visual inspection', 'accuracy measures', 'relative error', 'relative error score', 'fit measures', 'magnitude'] 

Reference 2697: ['cmmi level 5', 'ordinary least squares regression', 'software effort estimation', 'us dod'] 

TOP-K 2698: ['elliptic curve scalar multiplication', 'ecc-based protocols', 'gpu optimization concerns', 'finite field arithmetic', 'parallel ecc library', 'performance optimization', 'graphic processing units', 'scalar multiplication level', 'promising algorithms', 'parameter types', 'efficient implementation'] 

Reference 2698: ['cuda', 'elliptic curve cryptosystem (ecc)', 'graphic processing units (gpus)', 'parallel cryptographic computation'] 

TOP-K 2699: ['2d line drawings', 'connected edges.this paper'] 

Reference 2699: ['3d reconstruction', '3d wireframe', 'edge decomposition', 'face identification', 'internal face', 'line drawing'] 

TOP-K 2700: ['intelligent context-aware communication system', 'pluggable modules', 'mobile communications', 'global positioning system', 'arm-based processor', 'communication party restrictions', ['smart living'], 'single autonomic region', 'ubiquitous communication', 'global system'] 

Reference 2700: ['arm (advanced risc machine)', 'embedded system', 'gps', 'gsm', 'smart living'] 

TOP-K 2701: ['end-user programmers', 'risk-averse application domain', ['software development'], 'knowledge acquisition-based approach', 'scientists', 'common characterization', 'particular type'] 

Reference 2701: ['knowledge model', 'scientific software', 'software development'] 

TOP-K 2702: [['saliency structure model'], 'content-based image retrieval', 'visual attention mechanisms', 'content-based image retrieval.abstract', 'challenging problem'] 

Reference 2702: ['gray level co-occurrence matrix', 'image retrieval', 'saliency structure histogram', 'saliency structure model', 'visual attention'] 

TOP-K 2703: ['software reliability models', 'systematic reliability prediction framework', 'multiple software reliability models', ['decision trees'], 'single model', 'much research efforts'] 

Reference 2703: ['decision trees', 'multi criteria', 'software reliability prediction'] 

TOP-K 2704: ['new software development projects', 'project duration', 'mathematical models', 'machine learning', 'statistical regression', 'expert judgment'] 

Reference 2704: ['multilayer feedforward neural network', 'radial basis function neural network', 'software project duration prediction'] 

TOP-K 2705: ['extant microaggregation methods', 'iterated local search algorithm', 'local search method', 'benchmark data sets', 'experimental results', 'quality solutions'] 

Reference 2705: ['iterated local search', 'microaggregation', 'microdata protection'] 

TOP-K 2706: ['self-adaptive systems', 'goal-oriented requirements engineering', 'model driven engineering techniques', 'modeling', 'requirements', 'integrated approach'] 

Reference 2706: ['dynamic adaptive systems', 'goal oriented requirements engineering', 'model driven engineering', 'non functional requirements', 'properties verification', 'relax'] 

TOP-K 2707: ['budget-aware workflow scheduling strategy', 'cpu time', 'cloud service providers', 'available csps', 'security services', 'scheduling strategies', 'storage capacities', 'workflow applications', 'economical distribution'] 

Reference 2707: ['budget', 'cloud computing', 'scheduling', 'security', 'workflow'] 

TOP-K 2708: [['mobile sink'], ['substitution heuristic algorithm'], 'travel latency', 'mobile sink move', 'travel route'] 

Reference 2708: ['delivery latency minimization', 'mobile sink', 'substitution heuristic algorithm', 'wireless sensor networks'] 

TOP-K 2709: [['dynamic reconfiguration'], 'dynamic reconfiguration approaches', 'qos', 'non-stop systems', 'software system', 'major performance indicator'] 

Reference 2709: ['dynamic reconfiguration', 'qos assurance', 'qos prediction'] 

TOP-K 2710: ['deep slow local representations', 'complex-valued invariant representations', 'convolutional autoencoders', 'unlabeled data', 'strong temporal slowness constraint', 'sequential image patches', 'observational model'] 

Reference 2710: ['deep learning', 'invariant representation', 'self-taught learning', 'temporal slowness', 'visual tracking'] 

TOP-K 2711: ['building hierarchical image representation', 'detection-guided hierarchical learning algorithm', 'significant interest'] 

Reference 2711: ['deep leaning', 'image representation', 'object recognition'] 

TOP-K 2712: ['haolap', 'olap', 'big data', 'multidimensional olap', 'online analytical processing', 'olap performance', 'chunk selection algorithm', 'dimension coding', 'linearization algorithm', 'multidimensional model', 'dimension hierarchy', 'dimensions', 'measures'] 

Reference 2712: ['cloud data warehouse', 'mapreduce', 'multidimensional data model'] 

TOP-K 2713: ['ict-enabled service portfolios', 'service reuse perspective', 'framework', 'service portfolio evaluation', ['service portfolio'], 'service design phase', 'model', 'current production lines', 'service provider organization', 'design objectives.the paper'] 

Reference 2713: ['service portfolio', 'service repository', 'service reuse'] 

TOP-K 2714: ['online serious games', 'requirements elicitation', 'software stakeholders', 'gathering requirements', 'new approach'] 

Reference 2714: ['global software development', 'innovative requirements elicitation', 'serious games'] 

TOP-K 2715: ['class dependency networks', 'large open-source java programs', ['community structures'], 'class cohesion.', 'software intra-class structure', 'method call granularity', 'useful measurement'] 

Reference 2715: ['class cohesion metrics', 'community structure', 'complex network'] 

TOP-K 2716: ['elasticity control', 'elasticity frameworks', 'scientific applications', 'cloudine effectiveness', 'elasticity primitives', 'application source code', 'elasticity support', 'programming libraries', 'new features'] 

Reference 2716: ['cloud computing', 'elasticity', 'parallel applications'] 

TOP-K 2717: ['elliptical projections', 'cross sections', 'sor', ['intrinsic matrix'], 'previous methods'] 

Reference 2717: ['ellipse', 'intrinsic matrix', 'pose estimation', 'reconstruction', 'surface of revolution'] 

TOP-K 2718: ['interval preference relations', 'interval priority vector', 'interval ranking method', 'crucial issue'] 

Reference 2718: ['ahp', 'decision analysis', 'eigenvalue method', 'interval multiplicative preference relation', 'row geometric mean method'] 

TOP-K 2719: ['new kernel benchmark suite', 'task parallel languages', 'problem size', 'input configurations', 'execution time'] 

Reference 2719: ['benchmarks', 'data parallelism', 'distributed algorithms', 'performance evaluation', 'recursive task parallelism', 'task parallelism'] 

TOP-K 2720: ['p-rest architectural style', 'p-restful applications', 'design/run time', 'opportunistic aggregation', 'programming abstractions', 'run-time support', 'environment dynamics'] 

Reference 2720: ['future internet', 'middleware', 'resource-oriented architecture'] 

TOP-K 2721: ['multithreaded object detection', 'various embedded multicore architectures', 'self adaptable flow', 'high parallelism', 'object detection', 'extensive data reuse'] 

Reference 2721: ['cache memories', 'face and gesture recognition', 'multiprocessor systems'] 

TOP-K 2722: ['human action sequences', 'model confidence', 'classifier output', 'segmentation accuracy', 'time shift', 'window approach', 'feedback parameter', 'key parameters', 'step.this paper'] 

Reference 2722: ['adaptive sliding window', 'classification framework', 'motion segmentation', 'motion variability', 'signal processing'] 

TOP-K 2723: ['iceprod', 'management system', 'first detailed description', 'batch systems', 'separate layer'] 

Reference 2723: ['data management', 'distributed computing', 'grid computing', 'monitoring'] 

TOP-K 2724: ['cr-olap', 'scalable cloud', 'pdcr tree', 'real-time olap system', 'scalable cloud infrastructure', 'multiple commodity servers', 'index structure'] 

Reference 2724: ['cloud architecture', 'real-time olap', 'scalability', 'tpc-ds benchmark'] 

TOP-K 2725: ['project management effort', 'project size', 'hypotheses', 'software supplier firms', 'team size.literature', 'effort data'] 

Reference 2725: ['contract type', 'effort', 'project management'] 

TOP-K 2726: [['intensity-texture model'], 'effective image segmentation model', 'texture term', 'intensity term', ['level set']] 

Reference 2726: ['image segmentation', 'intensity-texture model', 'level set'] 

TOP-K 2727: ['sink-location privacy', 'rbr scheme', 'sink location', 'irregular patterns'] 

Reference 2727: ['energy efficiency', 'preserving sink location privacy', 'routing', 'security'] 

TOP-K 2728: ['trust estimation case', 'trust estimation application', 'partial observable updates', 'state likelihood', 'various simulations'] 

Reference 2728: ['dirichlet distributions', 'partial observations', 'subjective logic', 'trust management', 'uncertain information'] 

TOP-K 2729: ['workflow execution dynamics', 'workflow performance', ['end-to-end delay'], ['workflow mapping'], 'task scheduling', 'in-depth investigation', 'generic problem', 'scheduling interaction'] 

Reference 2729: ['end-to-end delay', 'on-node scheduling', 'scientific workflows', 'workflow mapping'] 

TOP-K 2730: ['relative similarity', 'training data', ['binary codes'], 'lookup-based mechanism', 'optimal binary codes', 'data distribution', 'first step'] 

Reference 2730: ['approximate nearest neighbor search', 'binary codes', 'hashing algorithm', 'image retrieval'] 

TOP-K 2731: ['flow updating', 'faulty dynamic networks', 'aggregation technique', 'experimental results', 'previous averaging approaches', 'asynchronous networks', 'node crashes', 'novel approach', 'message loss', 'input value changes', 'high levels'] 

Reference 2731: ['data aggregation', 'distributed algorithms', 'dynamic networks', 'fault-tolerance', 'in-network aggregation'] 

TOP-K 2732: [['quantification'], 'classification performance', 'alternative metric', 'current quantification models', 'learning method', 'loss functions'] 

Reference 2732: ['class distribution estimation', 'multivariate predictions', 'performance metrics', 'quantification', 'reliability'] 

TOP-K 2733: ['k-means clustering-based spatial sampling', ['co-occurrence probability'], ['background model'], 'foreground elements', 'non-stationary background', 'multiple pixel pairs', 'co-occurrence differential increments', 'joint histograms', 'previous works', 'correlation coefficient values', 'pixels', 'sensitive criterion', 'spatial distribution'] 

Reference 2733: ['background modeling', 'burst motion', 'co-occurrence probability', 'object detection', 'sudden illumination fluctuation'] 

TOP-K 2734: ['open-source web apis', 'client-side evolution', 'web api providers', 'api evolution', 'major web api providers', 'source code changes'] 

Reference 2734: ['api', 'breaking changes', 'software evolution', 'web'] 

TOP-K 2735: ['dynamic fractal analysis', 'dt sequences', 'dt description', ['dynamic fractal spectrum'], 'powerful tool', 'environmental changes', 'strong robustness', 'rich description'] 

Reference 2735: ['dynamic fractal spectrum', 'dynamic texture', 'fractal dimension', 'multi-slice analysis', 'volumetric analysis'] 

TOP-K 2736: ['discriminative sparsity', 'sparse subspace algorithms', ['dimensionality reduction'], 'dspp', 'sparse representation model', 'new dimensionality reduction method', 'global within-class structure', 'intrinsic adjacency graph', 'penalty adjacency graph', 'weight matrix', 'objective function', 'discriminant manifold', 'penalty graph'] 

Reference 2736: ['dimensionality reduction', 'image recognition', 'manifold learning', 'sparse representation'] 

TOP-K 2737: [['stratified sampling'], ['ensemble clustering'], 'stratified sampling method', 'subspace component data sets', 'ensemble clustering methods', ['high dimensional data'], 'component clusters', 'original data', 'entire space'] 

Reference 2737: ['consensus function', 'ensemble clustering', 'high dimensional data', 'stratified sampling'] 

TOP-K 2738: ['scale-aware salient information extraction', 'scale-aware salient information', 'multi-scale image decomposition', ['low-rank analysis'], 'scale-specific fusion rules', ['anisotropic heat kernel design'], 'low-rank components', 'salient features', 'image layer groups', 'scale space', 'first step', 'novel framework', 'natural way'] 

Reference 2738: ['anisotropic heat kernel design', 'data-specific filter', 'low-rank analysis', 'multi-modal image fusion', 'multi-scale decomposition'] 

TOP-K 2739: ['idle slot reduction', 'batch scheduling strategy', 'idle slots', 'inter module communication', 'direct acyclic graph', 'idle slot reduction phase', 'depth level', 'modules', ['computational grid'], 'allocation phase', 'response time', 'turnaround time', 'fit modules'] 

Reference 2739: ['computational grid', 'dag constraints', 'level based batch scheduler'] 

TOP-K 2740: [['facial expressions'], '3-dimensional facial features', 'spatio-temporal descriptor', 'spatial pyramid histogram', 'dynamic descriptors', 'static descriptors', 'spatio-temporal domain', 'dense optical flow', 'facial expressions.facial expression', 'dynamic motion information', 'facial region', 'different parts'] 

Reference 2740: ['facial expression', 'feature extraction', 'histogram of gradients', 'optical flow'] 

TOP-K 2741: ['future computing architectures', 'full scale applications', 'engineering application programs', 'runtime performance', 'application program', 'key performance characteristic', 'tractable rapid explorations'] 

Reference 2741: ['high performance computing', 'scientific computing', 'validation'] 

TOP-K 2742: ['internationalization competency', ['soft competency'], 'global software development projects', 'soft competence requirements', ['global software developers'], 'concrete competence requirements', 'first attempts'] 

Reference 2742: ['competency requirements', 'global software development', 'soft competency'] 

TOP-K 2743: ['xdraw viewshed analysis algorithm', 'viewshed analysis process', 'visibility algorithms', 'novel conversion', 'parallel context'] 

Reference 2743: ['c++ amp', 'digital terrain visibility', 'gpgpu', 'viewshed', 'visibility', 'xdraw'] 

TOP-K 2744: [['optimal bayesian classifier'], ['prior knowledge'], 'feature-label distribution', 'posterior distribution', 'random sampling', 'training data', 'data', 'present paper', 'prior distribution', 'uncertainty class'] 

Reference 2744: ['controlled sampling', 'optimal bayesian classifier', 'prior knowledge'] 

TOP-K 2745: ['chemical toxicity prediction', 'syntactic methods', 'structural relations', 'difficult problem', 'experiments concern'] 

Reference 2745: ['feature extraction', 'feature segmentation', 'grammatical inference', 'smiles parser', 'syntactic pattern recognition'] 

TOP-K 2746: ['convolutional neural network', 'crowd flow', 'number', 'active area', 'high density crowd.nowadays'] 

Reference 2746: ['cnn', 'crowd analysis', 'flow counting', 'large scale data'] 

TOP-K 2747: ['real-time dvs problem', 'compositional real-time scheduling frameworks', 'power/energy consumption', 'efficient scheduling', 'compositional scheduling framework', 'resource model'] 

Reference 2747: ['compositional and hierarchical real-time scheduling', 'periodic resource model', 'periodic task model', 'power-aware scheduling'] 

TOP-K 2748: [['schema mappings'], 'rdf datasets'] 

Reference 2748: ['data exchange', 'rdf', 'schema mappings'] 

TOP-K 2749: ['point symmetry-based clustering task', 'non-trivial generalization', 'prototype-based algorithms', 'kernel methods', 'point symmetric shape', 'point symmetry distances', 'data set', 'geometric properties'] 

Reference 2749: ['clustering', 'k-means', 'kernel function', 'pattern recognition', 'point symmetry-based distance measure'] 

TOP-K 2750: ['spa methods', 'practices', ['systematic literature review'], 'support tools', 'spa researchers', 'main categories'] 

Reference 2750: ['assessment method design', 'software process assessment', 'systematic literature review'] 

TOP-K 2751: ['adaptive optimisation', 'test data', 'representative adaptive optimisation algorithm', 'parameter values', 'new approach', 'wide range'] 

Reference 2751: ['adaptive parameter control', 'optimisation', 'test data generation'] 

TOP-K 2752: ['gaussian fields criterion', 'infrared face images', 'non-rigid registration', 'non-rigid model', 'robust criterion', 'edge maps', 'edge map', 'key idea'] 

Reference 2752: ['face recognition', 'gaussian fields', 'image fusion', 'infrared', 'non-rigid', 'registration'] 

TOP-K 2753: [['object tracking'], ['global regularization'], 'novel multi-local-task learning', 'global regularization term', 'multi-local-task learning formulation', 'closed-form solution', 'objective function'] 

Reference 2753: ['global regularization', 'multi-local-task learning', 'object tracking'] 

TOP-K 2754: ['turkish software industry', ['software engineers'], 'online survey', 'turkish contexts', 'past experience', 'software engineering body'] 

Reference 2754: ['industry practices', 'software engineering', 'turkey'] 

TOP-K 2755: ['good refactoring sequences', 'multi-objective optimization-based approach', 'development history', 'software systems', 'construct semantics.one'] 

Reference 2755: ['code-smells', 'refactoring', 'search-based software engineering'] 

TOP-K 2756: ['two-memory scheduling problem', 'inapproximability results', 'execution step'] 

Reference 2756: ['bi-objective optimization', 'memory-aware', 'multifrontal method', 'scheduling', 'sparse matrix factorization', 'tree traversal'] 

TOP-K 2757: [['manifold learning'], 'linear embedding', 'multiple manifold', 'individual manifolds', ['neighborhood selection'], 'supervised form'] 

Reference 2757: ['manifold learning', 'multi-manifolds', 'multiple classes', 'near manifolds', 'neighborhood selection'] 

TOP-K 2758: ['behavioral software engineering', 'systematic literature review', 'research area', 'software engineering areas', 'knowledge gaps', 'definition', 'limited number', 'present results'] 

Reference 2758: ['human aspects', 'psychology', 'software engineering'] 

TOP-K 2759: ['qos approaches', 'cloud computing', 'future research directions', 'current research', 'cloud computing area', 'many research issues'] 

Reference 2759: ['cloud services', 'quality of service', 'systematic mapping study'] 

TOP-K 2760: ['order statistics-based classification', 'cmos', 'symmetric distributions', 'asymmetric distributions', 'bayesian classification', 'non-symmetric distributions', 'order statistics', 'novel classification paradigm', 'percentiles-based classification', 'near-optimal accuracy', 'median-based classifier'] 

Reference 2760: ['classification by moments of order', 'order statistics (os)', 'pattern classification', 'statistics (cmos)'] 

TOP-K 2761: [['midpoint-based dynamic communication'], 'multicore machines', 'bitonic sorting', 'performance evaluation'] 

Reference 2761: ['midpoint-based dynamic communication', 'midpoint-weight list-ranking', 'optimized bitonic sorting'] 

TOP-K 2762: ['handwritten sketches', 'interactive analysis method', 'interactive interpretation', 'several experiments', 'generic method'] 

Reference 2762: ['architectural floor plan', 'interactive recognition', 'solicitation user', 'structured document recognition', 'two-dimensional grammars', 'uses tests'] 

TOP-K 2763: [['owa operators'], 'wowa operators', ['weighted means'], 'weighted averaging', 'new class', 'particular cases'] 

Reference 2763: ['choquet integral', 'owa operators', 'semi-uninorms', 'suowa operators', 'weighted means'] 

TOP-K 2764: [['wireless sensor networks'], 'wsns', 'nodes', 'data packets', 'destination node', 'new greedy', 'network holes.greedy'] 

Reference 2764: ['algorithm design and analysis', 'routing protocols', 'wireless sensor networks'] 

TOP-K 2765: ['multi-agent preference orderings', 'paired-comparison sets', 'social choice theory', ['paired comparisons'], 'multi-criteria decision', 'many fields', 'main phases', 'considerable attention'] 

Reference 2765: ['decision making', 'multiple rank-ordered agents', 'ordinal semi-democratic', 'paired comparison', 'preference ordering'] 

TOP-K 2766: ['msr-action 3d', 'skeletal motion', 'ucf-kinect datasets', 'accurate action-recognition system', 'public 3d action datasets', 'exhaustive evaluation', 'different kinds', 'efficient way'] 

Reference 2766: ['classification', 'depth images', 'grassmann manifold', 'human action recognition', 'observational latency', 'skeleton'] 

TOP-K 2767: ['multi-scalar/vector/matrix instructions', 'simple super-matrix processor', 'parallel execution datapaths', 'data parallel applications', 'simple matrix processor', 'fundamental data structures', 'vector', 'matrix instructions', 'wide variety'] 

Reference 2767: ['data-parallel applications', 'fpga implementation', 'performance evaluation', 'vector/matrix processing'] 

TOP-K 2768: ['fusion systems', ['human observation'], ['uncertainty alignment'], 'human observers.this paper', 'soft data fusion system', 'different categories'] 

Reference 2768: ['data fusion', 'human observation', 'human observers', 'soft data sensors', 'uncertainty alignment'] 

TOP-K 2769: ['newborn eeg signals', 'non-stationary signals', 'frequency-only features', 'improved performance', 'overall results'] 

Reference 2769: ['abnormality detection', 'newborn eeg artifacts', 'roc analysis', 'seizure', 'time-frequency feature extraction'] 

TOP-K 2770: [['web service orchestrations'], 'real web services', 'web service', 'service interfaces', 'identification process'] 

Reference 2770: ['formal concept analysis', 'similarity measurement', 'web service selection', 'web services orchestration'] 

TOP-K 2771: ['visual attention diffusion', 'visual saliency', 'nonlocal anisotropic diffusion equation', 'stable status'] 

Reference 2771: ['anisotropic diffusion', 'boundary prior', 'nonlocal operators', 'saliency detection', 'saliency seeds'] 

TOP-K 2772: ['quaternion generic fourier descriptor', 'color images', 'quaternion fourier', 'color information', 'geometric transformation', 'striking robustness'] 

Reference 2772: ['color object recognition', 'generic fourier descriptor', 'invariant descriptor', 'quaternion'] 

TOP-K 2773: ['high frequency wavelet sub-bands', 'pixel-level fusion coefficients', ['face recognition'], 'linear discriminant analysis', 'wavelet sub-bands', 'optimal fusion coefficients', 'optimization problems', ['feature-level fusion'], 'principal component analysis', 'transformation matrices', 'corresponding optimization problems', 'novel technique', 'dimension reduction', 'direction methods'] 

Reference 2773: ['face recognition', 'feature-level fusion', 'pixel-level fusion', 'principle component analysis', 'wavelet transform'] 

TOP-K 2774: ['signal/image representation theories', 'mst', 'sr-based fusion methods', 'image fusion literature', 'general image fusion framework', ['sparse representation'], 'inherent defects'] 

Reference 2774: ['image fusion', 'multi-scale transform', 'sparse representation'] 

TOP-K 2775: ['gdm problems', ['heterogeneous preference structures'], 'fusion approaches', 'optimization-based approach', ['fusion process'], 'indirect approach', 'direct approach', 'many studies', 'clear perspective'] 

Reference 2775: ['consensus', 'fusion process', 'group decision making', 'heterogeneous preference structures'] 

TOP-K 2776: ['representation errors', 'target location', 'discriminative criterion', 'good representation', 'inherent relationship'] 

Reference 2776: ['appearance model', 'target representation', 'visual tracking'] 

TOP-K 2777: [['atomic transactions'], 'heterogeneous nosql databases', 'scalable three-tier architecture', 'middle-ware protocol', 'architectural model', 'innovative methodology'] 

Reference 2777: ['atomic transaction', 'column-oriented distributed databases', 'nosql databases'] 

TOP-K 2778: ['parallel data flows', 'end-to-end data transfer', 'system components', 'maximum data transfer throughput'] 

Reference 2778: ['disk-to-disk data transfer', 'high-speed networks', 'optimization', 'system modeling'] 

TOP-K 2779: ['task scheduling algorithms', 'multi-core platforms', 'energy consumption', 'heuristic algorithm', 'tasks', 'leverage per-core dvfs', 'optimal scheduling policy', 'processing speed', 'batch mode', 'online mode', 'execution order', 'online fashion'] 

Reference 2779: ['dvfs', 'energy-efficient', 'multi-core', 'task characteristics', 'task scheduling'] 

TOP-K 2780: ['worst-case response-time analysis', ['controller area network'], 'software limitations', 'device drivers', 'response times', 'upper bounds'] 

Reference 2780: ['controller area network', 'real-time network', 'response-time analysis'] 

TOP-K 2781: ['graph-modeled data', 'gex', 'expressive graph-based query language', 'complex queries', 'approximate matching', 'structured ones'] 

Reference 2781: ['approximate graph query answering', 'graph indexing', 'top-k query answering'] 

TOP-K 2782: ['mcda problems', 'likelihood-based outranking comparisons', 'preference ranking organization method', ['interval type-2 fuzzy sets'], 'enrichment evaluations', 'paper', 'approach'] 

Reference 2782: ['interval type-2 fuzzy set', 'interval type-2 trapezoidal fuzzy (it2trf) numbers', 'likelihood-based preference function', 'multiple criteria decision analysis (mcda)', 'preference ranking organization method for enrichment evaluations (promethee)'] 

TOP-K 2783: [['gpu computing'], 'neighborhood grid', 'real time fluid animation', ['fluid animation'], 'efficient data structure', 'traditional gpu approaches', 'cpu implementations', 'approximate spatial neighborhood', 'times speedup', 'promising results', 'large number'] 

Reference 2783: ['data structure', 'fluid animation', 'fluid simulation', 'gpgpu', 'gpu computing', 'real-time simulation'] 

TOP-K 2784: ['stochastic model definition', 'fts projects', 'fts model', 'project execution time', 'paper main goal', 'project costs composition', 'different aspects', 'different model instances'] 

Reference 2784: ['follow-the-sun', 'projects simulation', 'stochastic modeling'] 

TOP-K 2785: ['multi-source domain adaptation problem', 'theoretical results', 'target domain', 'source domain'] 

Reference 2785: ['domain adaptation', 'machine learning', 'multi-source learning', 'transfer learning'] 

TOP-K 2786: ['vision-based endoscopic examination', 'deep sparse svm', 'novel feature selection model', ['group sparsity'], 'traditional feature selection models', 'diagnosis algorithm', 'useless features', 'feature dimensions', 'suitable weight', 'feature pool.in'] 

Reference 2786: ['computer aided diagnosis', 'deep sparse', 'endoscopy', 'feature selection', 'group sparsity', 'image representation'] 

TOP-K 2787: ['dynamic cooperative computing', 'crash-restart-injection pattern', 'task injections', 'dynamic processes', 'off-line algorithm', 'optimum number'] 

Reference 2787: ['competitive analysis', 'distributed algorithms', 'dynamic task injection', 'processor crashes and restarts', 'task execution'] 

TOP-K 2788: ['ariadne', 'recursive function calls', 'parallelism', ['recursive functions'], 'compiler', 'various forms'] 

Reference 2788: ['cilk', 'directives', 'openmp', 'posix', 'recursive functions', 'svp'] 

TOP-K 2789: ['xpath queries', 'deterministic finite automaton-based index', 'novel indexing method', 'broadcast systems', 'new index'] 

Reference 2789: ['air indexing', 'deterministic finite automaton', 'on-demand xml data broadcast', 'twig query'] 

TOP-K 2790: [['mems microrobots'], 'mems microrobots characteristics', 'self-reconfiguration protocol', 'square organization', 'straight chain'] 

Reference 2790: ['distributed algorithm', 'energy', 'logical topology', 'mems microrobot', 'parallel algorithm', 'self-reconfiguration'] 

TOP-K 2791: [['visual tracking'], 'manifold ranking algorithm', 'efficient manifold ranking', 'ranking problem', 'object appearance model', 'candidate samples', 'robust tracking method'] 

Reference 2791: ['appearance model', 'low-dimensional compressive features', 'manifold ranking', 'random projections', 'spatial context', 'visual tracking'] 

TOP-K 2792: ['linear opls', 'non-linear kernel opls', 'supervised feature extraction', 'l1 norm', 'popular multivariate analysis method', 'sparse version'] 

Reference 2792: ['feature extraction', 'lasso regularization', 'orthonormalized pls', 'partial least squares', 'sparse kernel representation'] 

TOP-K 2793: ['heterogeneous networked embedded systems', 'heterogeneous networked systems', 'time accuracy', 'efficient schedules'] 

Reference 2793: ['communication contention', 'dag', 'heterogeneity', 'networked embedded systems', 'synchronized scheduling'] 

TOP-K 2794: ['cloudagent', '4-stage agent-based protocol', 'autonomous cloud participants', 'agent-based resource deallocation system', 'bot executions', 'multiple clouds', 'parallel manner'] 

Reference 2794: ['cloud computing', 'multiagent systems', 'resource allocation'] 

TOP-K 2795: ['kanrar-chaki priority-based token-oriented algorithm', ['priority'], 'priority violations', 'many priority-based algorithms', 'requests'] 

Reference 2795: ['algorithm', 'distributed system', 'mutual exclusion', 'priority'] 

TOP-K 2796: ['power distribution networks', 'multi-agent coalition formation-based energy', 'fundamental research issue', 'mechanism.the energy'] 

Reference 2796: ['coalition formation', 'distributed energy dispatch', 'multi-agent systems', 'smart grids'] 

TOP-K 2797: ['in-network declarative query processing', 'snqps', ['wireless sensor network'], 'data reduction', 'wsn application', 'auditing facilities', 'declarative query processor'] 

Reference 2797: ['distributed processing', 'distributed queries', 'in-network processing', 'sensor network query processor (snqp)', 'wireless sensor network'] 

TOP-K 2798: ['optimal weights', 'key issues', 'individual expert', 'deviation optimal model', 'optimal alternative'] 

Reference 2798: ['heterogeneous information', 'incomplete weight information', 'multiple criteria group decision making', 'the deviation model'] 

TOP-K 2799: ['class-level static cia techniques', 'irc2m', 'cia techniques', 'rose', 'empirical results', 'precision', ['comparative study'], 'recall', 'impact results', 'similar precision'] 

Reference 2799: ['change impact analysis', 'comparative study', 'empirical study'] 

TOP-K 2800: [['multi-tenancy'], 'industrial blogs', 'academic papers', 'research agendas', ['systematic mapping study'], 'research community'] 

Reference 2800: ['definition', 'multi-tenancy', 'systematic mapping study'] 

TOP-K 2801: ['heterogeneous neighbor adjacency graphs', 'state-of-the-art dimensionality reduction techniques', 'dne', 'dag-dne', 'adjacency graphs', 'available datasets'] 

Reference 2801: ['discriminant neighborhood embedding', 'double adjacency graphs', 'face recognition', 'manifold learning', 'supervised learning'] 

TOP-K 2802: ['cloud-supported big data computing', 'big data applications', 'analytics solutions', 'future directions', 'possible gaps', 'research community', 'detailed survey'] 

Reference 2802: ['analytics', 'big data', 'cloud computing', 'data management'] 

TOP-K 2803: ['intel xeon phi co-processor', 'intel ivy bridge cpus', 'efficient parallel svm design', 'complex memory hierarchies', 'efficient parallel svm', 'many-core architectures', 'massive parallelism', 'runtime training', 'advanced multi'] 

Reference 2803: ['dynamic modeling', 'machine learning models', 'multi- & many-core architectures', 'optimization techniques', 'performance analysis', 'support vector machine'] 

TOP-K 2804: ['eqdf/eqdzl scheduling', ['quasi-deadline'], 'new scheduling algorithms', 'system-level control knob', 'priority assignment', 'job-level dynamic-priority', 'joblevel fixed-priority', 'new schedulability analysis', 'scheduling', 'right value'] 

Reference 2804: ['multiprocessor scheduling', 'quasi-deadline', 'real-time systems'] 

TOP-K 2805: ['dds', 'reactive applications', 'application-case study', 'real-time end-to-end flow model', ['real-time systems'], 'qos parameters', 'marte standard', 'event-driven paradigm'] 

Reference 2805: ['distribution middleware', 'model-driven engineering', 'real-time systems'] 

TOP-K 2806: ['systems', 'vast amount'] 

Reference 2806: ['adaptive reinforcement learning', 'computational complexity', 'distributed systems', 'resource management', 'system reliability'] 

TOP-K 2807: ['syntactic matchmaking', 'service matchmaking', 'message transformation', 'business process', 'executable workflow', 'research work', 'functional coverage'] 

Reference 2807: ['interoperability', 'mediation information systems', 'semantic web services'] 

TOP-K 2808: ['inter-service communication costs', ['service deployment'], 'service deployment problem', 'composite saas applications', 'critical issues', 'minimum k-cut problem', 'single service relationship graph', 'potential parallelism', 'execution time', 'integrated approach'] 

Reference 2808: ['composite saas', 'service deployment', 'service-oriented architecture'] 

TOP-K 2809: ['cross-trees structure', 'non-local cost aggregation strategy', 'novel cross-trees structure', 'aggregated cost volume'] 

Reference 2809: ['cost aggregation', 'image filtering', 'spanning trees', 'stereo matching'] 

TOP-K 2810: ['appropriate microaggregation parameters', 'basic privacy model', 'statistical disclosure control mechanism', 'useful anonymized data.microaggregation', 'data publisher'] 

Reference 2810: ['k-anonymity', 'microaggregation', 'multi-objective optimization', 'privacy'] 

TOP-K 2811: ['korean-english data', 'keystroke latencies', 'typing consistency', 'key sequence information', 'korean participants', 'different alphabets', 'different familiarity levels', 'critical factor'] 

Reference 2811: ['free text', 'keystroke dynamics', 'user authentication'] 

TOP-K 2812: ['doctors nurses', 'administrative staff', 'personnel shifts', 'encouraging support', 'scheduling solution', 'remarkable results', 'organized manner'] 

Reference 2812: ['health information systems', 'mobile applications', 'personnel scheduling'] 

TOP-K 2813: ['context-based knowledge fusion processes', 'knowledge fusion processes', 'operational stage'] 

Reference 2813: ['context aware decision support', 'knowledge fusion patterns', 'ontology-based context'] 

TOP-K 2814: ['wvu multimodal database', 'adaptive context switching algorithm', 'law enforcement agency'] 

Reference 2814: ['biometrics', 'classifier selection', 'context switching', 'online learning'] 

TOP-K 2815: [['node-disjoint paths'], ['hypercube'], 'additional links', 'n +1', '2âœ ‰', 'maximal length', 'distinct destination nodes', 'source node'] 

Reference 2815: ['folded hypercube', 'hypercube', 'matching problem', 'node-disjoint paths', 'optimization problem'] 

TOP-K 2816: ['heterogeneous dcis', 'generic multi-objective optimization framework', 'list scheduling heuristic', ['scientific workflows'], 'bi-criteria optimization problem'] 

Reference 2816: ['distributed computing infrastructures', 'multi-objective scheduling', 'scientific workflows'] 

TOP-K 2817: ['novel model-based pan-sharpening method', 'spatial-detail dictionary', 'high-spatial-resolution panchromatic', ['sparse representation'], 'image', 'local autoregressive', 'spectral dictionary', 'source images'] 

Reference 2817: ['fusion', 'local autoregressive model (ar)', 'multispectral (ms)', 'panchromatic (pan)', 'sparse representation'] 

TOP-K 2818: ['low-level parallelism', ['wireless sensor networks'], 'master-worker model', 'mixed-integer linear optimization formulation', 'parallelization strategies', ['parallel algorithm'], 'domain decomposition', 'effective parallel algorithm', 'topology control', 'single master-worker framework', 'problem', 'multiple search', 'solution'] 

Reference 2818: ['network design', 'parallel algorithms', 'wireless sensor networks'] 

TOP-K 2819: [['stakeholder requirements'], 'requirements engineering', 'software requirements', 'enterprise model', 'software requirements model', 'domain knowledge', 'use case model'] 

Reference 2819: ['stakeholder requirement', 'transformation', 'use case'] 

TOP-K 2820: ['efficient parallel gpu-based algorithms', ['extremal sets'], 'cuda architecture', 'subset relation', 'sets', 'family f', 'partial order', 'sets.the extremal sets'] 

Reference 2820: ['algorithms', 'cuda', 'extremal sets', 'graphics processing unit (gpu)'] 

TOP-K 2821: ['mojave', ['software upgrades'], 'userver web server', 'real upgrade problems', 'openssh suite', 'first recommendation system', 'sqlite database', 'synthetic upgrade problem'] 

Reference 2821: ['dynamic analysis', 'manageability', 'recommendation systems', 'software upgrades', 'static analysis'] 

TOP-K 2822: [['dynamic software product lines'], 'dspl models', 'runtime variability mechanisms', 'recent development approaches', 'solution architectures', 'current techniques', 'many challenges', 'research work', 'state', 'dynamic conditions', 'comprehensive treatment', 'attempt'] 

Reference 2822: ['dynamic software product lines', 'dynamic variability', 'feature models', 'software architecture'] 

TOP-K 2823: ['libwater', 'opencl programming model', 'barcelona supercomputing center', 'library-based extension', 'vienna scientific cluster', 'different test applications', 'improved performance'] 

Reference 2823: ['distributed computing', 'heterogeneous computing', 'mpi', 'opencl', 'programming model', 'runtime system'] 

TOP-K 2824: ['gpumicpcga', 'fbs', 'sparse matrix-vector multiplication', 'forward/backward substitutions', ['gpu'], 'incomplete cholesky preconditioner', 'vector operations', 'efficient parallel implementation', 'several vector operations', 'single kernels', 'inner product', 'high optimization', 'cases', 'new kernel', 'distinct characteristics'] 

Reference 2824: ['conjugate gradient algorithm', 'cuda', 'gpu', 'modified incomplete cholesky preconditioner'] 

TOP-K 2825: ['wavelet frames', 'novel nonseparable lifting scheme', 'multispectral images', ['covariance intersection'], 'specific nonseparable framelet lifting'] 

Reference 2825: ['covariance intersection', 'lifting scheme', 'nonseparable wavelet frame', 'pansharpening', 'vanishing moment'] 

TOP-K 2826: ['nbti degradation', 'finfet-based 6t-sram cell', 'circuit performance', 'random process variations', 'parameter variations'] 

Reference 2826: ['dynamic reliability management', 'negative bias temperature instability (nbti)', 'variation tolerance'] 

TOP-K 2827: ['machine effectiveness', ['efficiency'], 'human requirements', 'software metrics', 'mere performance measurement', 'effort pertain'] 

Reference 2827: ['effectiveness', 'efficiency', 'effort', 'human-computer interaction', 'performance', 'usability'] 

TOP-K 2828: ['multiple substantial coherent clusters', 'system evolution', 'program faults', 'programs'] 

Reference 2828: ['dependence analysis', 'program comprehension', 'software clustering'] 

TOP-K 2829: ['bichromatic rnn queries', 'mobile networks', 'mobile query peers', 'p2p approach', 'distinct p2p algorithms', 'time-out mechanism', 'static objects', 'practical feasibility', 'boundary polygon', 'different categories'] 

Reference 2829: ['collaborative caching', 'mobile ad-hoc networks', 'mobile database', 'p2p spatial queries', 'reverse nearest neighbours'] 

TOP-K 2830: ['service broker', 'different qos classes', 'composite services', ['service level agreement'], 'first purchases', 'service instances', 'provision composite services'] 

Reference 2830: ['on-demand provisioning', 'service composition', 'service level agreement'] 

TOP-K 2831: [['expert judgments'], 'promethee ii method', 'discounting operator', 'multiple criteria', 'present study', 'novel approach'] 

Reference 2831: ['belief function theory', 'expert judgments', 'information fusion', 'multi-criteria decision aid', 'reliability degree'] 

TOP-K 2832: ['time-step-based parallel solution methods', 'automatic performance tuning', 'ode methods', 'online auto-tuning approach', 'time-stepping nature', 'candidate implementations', 'initial value problems', ['ordinary differential equations'], 'first time steps.this article', 'parallel implementation variant'] 

Reference 2832: ['auto-tuning', 'ordinary differential equations', 'parallelization', 'predictor-corrector methods', 'tile size selection'] 

TOP-K 2833: ['resource maintenance', 'resource maintenance strategy', 'storage networks', 'centralized strategy', 'new fragments'] 

Reference 2833: ['decentralized maintenance', 'distributed storage', 'erasure coding', 'peer-to-peer (p2p)', 'randomized network coding'] 

TOP-K 2834: ['oblivious assignment', 'private computation outsourcing', 'coordination paradigm', 'cloud computing system', 'resource r', 'customer actions', 'complex software system', 'elsevier inc.preserving anonymity', 'main issues'] 

Reference 2834: ['distributed coordination abstractions', 'distributed systems', 'failures', 'mutual exclusion', 'secure computations'] 

TOP-K 2835: ['security properties', 'network protocols', 'requirements analysis', 'informal verification', 'methodology', 'corresponding procedural verification', 'formal representation', 'fundamental component', 'main parts'] 

Reference 2835: ['formal model', 'formal verification', 'protocols security', 'secure development methodology', 'wep analysis'] 

TOP-K 2836: ['fuzzy logic similarity', 'rule explosion problem', ['adaptation planning'], 'fuzzy sets', 'qos values', 'fuzzy operators', 'processing time'] 

Reference 2836: ['adaptation planning', 'context aware computing', 'fuzzy logic', 'ideal qos', 'middleware'] 

TOP-K 2837: ['metamodel matching', 'state-of-the-art ontology matching', 'global metaheuristic search algorithm', 'possible element combinations', 'model matching approaches', 'huge search space'] 

Reference 2837: ['model matching', 'search-based software engineering', 'simulated annealing'] 

TOP-K 2838: ['aeroelastic applications', 'scalability', 'fsi problems', 'multicore high performance computing', 'fluid-structure interaction', 'linear scalability', 'computational algorithms', 'multicore platforms', 'computational structural dynamics', 'significant improvement', 'authors', 'intelligent partitioning.in', 'several millions'] 

Reference 2838: ['communication', 'hpc', 'memory management', 'multicore', 'partitioning'] 

TOP-K 2839: [['fault localization'], 'slice-based fault localization approaches', 'full slices', 'hybrid spectrum', ['execution slices'], 'novel approach'] 

Reference 2839: ['dynamic slicing', 'execute slicing', 'fault localization'] 

TOP-K 2840: ['linear algebra software', 'numerical linear algebra', 'computer hardware', 'hardware designs', 'hardware infrastructure', 'future theme', 'dramatic changes', 'past history', 'adaptive nature', 'incredible advances', 'continuous effect'] 

Reference 2840: ['decompositional approach', 'dense linear algebra', 'parallel algorithms'] 

TOP-K 2841: ['linddun', 'privacy threat analysis methodology', 'previous work', 'multi-faceted perspective', ['empirical studies']] 

Reference 2841: ['empirical study', 'privacy', 'threats'] 

TOP-K 2842: ['cia', ['change impact analysis'], 'software modification', ['changeability assessment'], 'impactness metric', 'change implementation process', 'impact results', 'change proposal', 'precision perspective', 'effective indicator'] 

Reference 2842: ['change impact analysis', 'changeability assessment', 'empirical study'] 

TOP-K 2843: ['g-edf', 'new adversary simulator algorithm', 'global earliest deadline first', ['adversary simulator'], 'sporadic task sets', 'necessary schedulability test', 'well-known sufficient schedulability test'] 

Reference 2843: ['adversary simulator', 'global edf', 'multiprocessor', 'real-time'] 

TOP-K 2844: ['modeling multi-core embedded systems', 'multi-core architectures', 'multi-core simulators', 'theoretic model', 'theoretic approach', 'inexpensive performance evaluation', 'average difference'] 

Reference 2844: ['embedded systems', 'low-power', 'multi-core', 'performance evaluation', 'queueing theory'] 

TOP-K 2845: [['estimation fusion'], 'local estimation errors', ['correlation coefficient'], 'matrix manipulations', 'paper addresses estimation fusion', 'closed form', 'prior distribution'] 

Reference 2845: ['correlation coefficient', 'cross-correlation', 'estimation fusion', 'mahalanobis distance', 'min-max'] 

TOP-K 2846: [['software performance antipatterns'], 'performance antipatterns', 'software architects', 'common performance problems'] 

Reference 2846: ['architectural feedback', 'palladio architectural models', 'software performance antipatterns'] 

TOP-K 2847: ['explicit ltl model checking', 'new vertex', 'huge cluster environments', 'concurrent systems', 'harness pregel'] 

Reference 2847: ['distributed memory algorithm', 'formal method', 'linear temporal logic', 'model checking', 'reliable model checker', 'scalable algorithm'] 

TOP-K 2848: ['unchoking policy', 'bittorrent protocol', 'optimistic unchoking policy'] 

Reference 2848: ['bittorrent', 'content distribution', 'incentive protocols', 'peer-to-peer (p2p)'] 

TOP-K 2849: ['high speed networking', ['spread estimator'], 'small on-chip memory', 'large memory space', 'recent research', 'commodity pc'] 

Reference 2849: ['graphics processing unit', 'intrusion detection', 'software router', 'spread estimation', 'traffic measurement'] 

TOP-K 2850: ['team motivation', 'project risks', 'software engineering practitioners', 'common team motivational factors', 'project outcome', 'project manager', 'software engineer', 'project staff', 'good communication', 'development team', 'pleasant experience', 'relationship'] 

Reference 2850: ['motivational factors', 'project success', 'software development team motivation'] 

TOP-K 2851: ['atomic functions', 'context-aware applications', 'xml-based programming language', 'context management', 'common semantics', 'context data', 'application logic', 'application business logic', 'third-party developers', 'context processing definition', 'resource-limited devices', 'use cases', 'behavior adaptation', 'applications', 'framework'] 

Reference 2851: ['adaptation', 'context-awareness', 'privacy', 'software engineering', 'xml'] 

TOP-K 2852: ['idlest/busiest hosts', 'load balancing scenario', 'recent host loads', 'pattern prediction', 'set'] 

Reference 2852: ['bayesian model', 'google data center', 'hostload prediction'] 

TOP-K 2853: ['remote-to-local virtualization', 'packet-based memory access model', 'network protocol translation', 'memory access', 'remote memory', 'local cores', 'memory management', 'massive interferences', 'unpredictable performance', 'flexible solution'] 

Reference 2853: ['architecture', 'memory interface', 'on-chip distributed memory', 'performance'] 

TOP-K 2854: ['hadoop mapreduce framework', 'performance-sensitive task scheduling', 'loose heartbeat-based communication mechanism', 'mapreduce job', 'task execution mechanism', 'task execution mechanisms', 'instant messaging communication mechanism', 'job', 'major optimizations', 'time cost', 'cleanup tasks', 'termination stages'] 

Reference 2854: ['cloud computing', 'distributed processing', 'mapreduce', 'parallel computing', 'performance optimization'] 

TOP-K 2855: ['java', ['real-time java'], 'real-time remote invocations', 'end-to-end response time', 'remote method invocation', 'real-time java application', 'real-time specification', 'key entities', 'software prototype help', 'remote invocation influence', 'paper studies'] 

Reference 2855: ['drtsj', 'real-time java', 'real-time middleware', 'rt-rmi', 'rtsj'] 

TOP-K 2856: ['detection fusion rules', ['data fusion'], 'multiple sensor systems', ['targets detection'], 'probability distributions'] 

Reference 2856: ['binary detection systems', 'data fusion', 'decision fusion', 'distributed detection systems', 'target detection'] 

TOP-K 2857: ['curvelet features', ['face recognition'], 'local binary pattern operator', 'original image', 'new feature extraction approach', 'different frequency bands', 'different methods', 'different information', 'different frequency bands.in'] 

Reference 2857: ['curvelet transform', 'face recognition', 'local binary pattern', 'local property preservation'] 

TOP-K 2858: ['automatic vm clustering', 'smoothing-based noise reduction', 'cloud systems', 'clustering process', 'probability histogram', 'extensive evaluation', 'monitoring requirements', 'resources usage', 'relevant information', 'stable performance'] 

Reference 2858: ['bhattacharyya distance', 'cloud computing', 'histogram smoothing', 'spectral clustering', 'virtual machine clustering'] 

TOP-K 2859: ['mobile application ecosystems', 'application developers', 'mobile ecosystems', ['value creation'], 'theoretical framework', 'theoretical implications'] 

Reference 2859: ['app economy', 'software ecosystem', 'value creation'] 

TOP-K 2860: ['concurrency control models', 'concurrency abstractions', 'efficient implementations', 'structured communication', 'building blocks', 'main property', 'concurrent program', 'distinct features'] 

Reference 2860: ['communication', 'concurrency', 'model', 'structured', 'survey'] 

TOP-K 2861: [['product management'], ['product manager'], 'software products', 'success factors', 'business perspective', 'field study', 'profound industry overview', 'entire life-cycle', 'key success factor', 'different organizations', 'concrete insight'] 

Reference 2861: ['industry survey', 'product management', 'software business'] 

TOP-K 2862: ['hdfs w/r operations', 'hdfs performance', 'single-input single-output systems', 'system identification-based approach', 'dynamic characteristics metrics', 'steady state', ['performance models'], ['dynamic characteristics'], 'impact factors', 'different conditions'] 

Reference 2862: ['dynamic characteristics', 'hdfs', 'performance model', 'system identification', 'system modeling'] 

TOP-K 2863: ['different linux i/o schedulers', 'automatic disk scheduling framework', 'i/o performance', ['dads']] 

Reference 2863: ['dads', 'disk modeling', 'i/o scheduler', 'simultaneous evaluation', 'virtual disk'] 

TOP-K 2864: [['mobile sensor networks'], 'forwarding context', 'quality contextual information', 'optimal stopping.we study'] 

Reference 2864: ['mobile sensor networks', 'optimal stopping theory', 'quality context forwarding'] 

TOP-K 2865: [['software process simulation'], 'proof-of-concept applications', 'software process', 'primary studies', 'various purposes', 'dynamic behaviour', 'persistent trend'] 

Reference 2865: ['evidence based software engineering', 'software process simulation', 'systematic literature review'] 

TOP-K 2866: ['ir imagery', 'semi-hidden targets', ['target recognition'], 'complex scenes', 'human recognition', 'local target background', 'important contextual information', 'target representation', 'entire background'] 

Reference 2866: ['image fusion', 'infra-red', 'laser range gated viewer', 'saliency', 'target recognition'] 

TOP-K 2867: [['agile software development'], 'agile software development field', 'scholarly publications', 'top publications', 'recent years'] 

Reference 2867: ['agile software development', 'literature assessment', 'research productivity'] 

TOP-K 2868: ['new model-independent reinforcement learning', 'multi-tier service differentiation', 'virtual machine', 'performance improvement', 'shared virtualized platform', 'admission control', 'adaptive resource'] 

Reference 2868: ['cascade neural networks', 'performance differentiation', 'reinforcement learning', 'scalable internet services', 'virtualized servers'] 

TOP-K 2869: ['functional specifications', ['conceptual model'], 'natural language', 'domain model', 'requirements domain', 'visual model', 'automated manner'] 

Reference 2869: ['automated requirements analysis', 'conceptual modeling', 'natural language processing', 'syntactic analysis'] 

TOP-K 2870: ['block patterns', 'specific block-based relationship', 'internal adjustment mp', 'external adjustment mp', 'noticeable artifacts', 'embedding changes', 'significant amount'] 

Reference 2870: ['authentication', 'binary image', 'data hiding', 'watermarking'] 

TOP-K 2871: [['security testing'], 'test cases', 'program security flaws', 'end users', 'essential paths', 'active area'] 

Reference 2871: ['security testing', 'software vulnerability', 'test decomposition'] 

TOP-K 2872: ['gui testing', ['human knowledge'], ['random testing'], 'manual random testing', ['functional testing'], 'manual functional testing', 'empirical study', 'many strategies'] 

Reference 2872: ['functional testing', 'human knowledge', 'random testing'] 

TOP-K 2873: ['dynamic code coverage', ['spectrum-based fault localization'], 'dynamic code coverage approach', 'instrumentation overhead', 'new approach', 'empirical evaluation', 'execution overhead', 'concise potential fault'] 

Reference 2873: ['dynamic coverage', 'software diagnosis', 'spectrum-based fault localization'] 

TOP-K 2874: ['fault prediction techniques', 'checkpointing strategies', 'optimal algorithms', 'optimal value', 'period.this paper'] 

Reference 2874: ['algorithms', 'checkpoint', 'exascale', 'fault-tolerance', 'prediction', 'resilience'] 

TOP-K 2875: ['geosocial content sites', 'semantic web technologies', ['social content sites'], 'general purpose semantics', 'semantic metadata', 'many social content sites', 'tags', 'geographic metadata', 'users'] 

Reference 2875: ['geosocial network', 'semantic web', 'social content sites'] 

TOP-K 2876: ['simgrid simulation framework', 'state-of-the-art domain-specific simulators', 'scalability advances', 'quantitative results', 'recent accuracy'] 

Reference 2876: ['scalability', 'simgrid', 'simulation', 'validation', 'versatility'] 

TOP-K 2877: [['image encryption'], '2-d chaotic baker map', 'cyclic shift', 'chaotic encryption', 'novel approach', 'domains'] 

Reference 2877: ['dct', 'dwt', 'image encryption'] 

TOP-K 2878: [['skyline operator'], 'query refinement algorithms', 'search space', 'query output', 'unexpected information', 'initial query'] 

Reference 2878: ['query refinement', 'skyline operator', 'user feedback'] 

TOP-K 2879: ['photon-mapping rendering', 'parallel photon-mapping rendering', 'multiprocessor systems', 'mpsoc platform', '3-d scenes', 'homogeneous multiprocessor soc', 'load balancing', 'mesh noc', 'adaptive wormhole', 'communication cost', 'paper', 'scalable application', 'efficient use', 'many methods'] 

Reference 2879: ['global illumination', 'mesh', 'mpsoc', 'noc', 'parallel rendering', 'photon mapping'] 

TOP-K 2880: ['linear time', 'general dags', 'input dags', 'optimal broadcast schedule', 'broadcast channels', 'different policy'] 

Reference 2880: ['dags', 'data broadcasting', 'latency', 'multiple channels', 'np-completeness'] 

TOP-K 2881: ['gpu memory', 'energy efficient execution', ['gpu'], 'cpu', 'energy consumption', 'electrical power', 'execution speed', 'data', 'model', 'processing units', 'frequency scaling', 'main memory', 'adaptive collaboration scheme'] 

Reference 2881: ['conjugate gradient method', 'energy awareness', 'energy model', 'execution time model', 'gpu', 'rapl'] 

TOP-K 2882: ['grammatical evolution', 'dynamic memory manager implementation', 'design space', 'dynamic memory subsystem', 'target application'] 

Reference 2882: ['dynamic memory manager', 'genetic programming', 'multi-objective optimization'] 

TOP-K 2883: ['collaborative systems', 'collaborative system', 'design elements', 'valuable feature'] 

Reference 2883: ['awareness', 'collaborative applications', 'formative evaluation', 'software quality'] 

TOP-K 2884: ['bisection ellpack format', 'general sparse matrices', 'spmv', 'new data structure', 'high performance', 'load balance', 'specific structure'] 

Reference 2884: ['biell', 'bijad', 'gpu', 'sparse matrix-vector multiplication'] 

TOP-K 2885: ['dynamic load balancing', 'lewi', 'parallel applications', 'load imbalance', 'real applications', 'theoretical limit', 'runtime solution', 'cases efficiency values'] 

Reference 2885: ['application performance analysis', 'hybrid parallel programming', 'load balancing'] 

TOP-K 2886: [['usability problems'], 'usability maintenance', 'user interface developers', 'cup', 'effective fixes'] 

Reference 2886: ['defect classification', 'usability problems', 'validity'] 

TOP-K 2887: ['conventional mosfets', 'conventional cmos logic gates', 'transfer torque-magnetic tunneling junction', 'threshold logic gate', 'threshold functions', 'multilevel network', 'large number', 'kind architecture'] 

Reference 2887: ['gate array architecture', 'low leakage magnetic circuits', 'spin transfer torque-magnetic tunneling junction (stt-mtj)', 'threshold logic'] 

TOP-K 2888: ['pgm', ['partitionable group membership'], ['abortable consensus'], 'eventual α partition-participant detector', 'partition', 'primary partition group membership', 'dynamic paths', 'system model', 'well-known solution', 'specification', 'eventual register'] 

Reference 2888: ['abortable consensus', 'dynamic partitionable systems', 'manets', 'partitionable group membership'] 

TOP-K 2889: ['heuristic-based resource trading protocols', ['resource trading'], 'budget constraint', 'budget-aware scenarios', 'heterogeneous tenants', 'hypergraph model', 'decision making'] 

Reference 2889: ['cloud computing', 'envy-free', 'hypergraph', 'resource trading', 'social welfare'] 

TOP-K 2890: ['supercomputer-class clusters', 'global graph alignment', 'large machine configurations', 'experimental results', 'current literature', 'algorithms scale', 'problem instances'] 

Reference 2890: ['auction algorithm', 'graph alignment', 'parallel matching', 'vertex similarity'] 

TOP-K 2891: ['fuzzy operators', 'market-based grid environment', 'famous multi-objective genetic algorithm', 'mutation fuzzy system', 'pareto optimal front', 'quality', ['task scheduling'], 'genes values'] 

Reference 2891: ['grid computing', 'load balancing', 'multi-objective optimization', 'non-dominated sorting genetic algorithm ii', 'task scheduling', 'variance-based fuzzy operators'] 

TOP-K 2892: ['dtn overlay', 'dtn agent', 'wireless interface', 'mobile device', 'retransmission strategies', 'novel rendezvous mechanism', 'cross-layer interaction', 'transport protocol', 'route selection', 'sleep state', 'bundle sizing', 'idle intervals'] 

Reference 2892: ['dtn', 'energy efficiency', 'internetworking', 'ns-2', 'rendezvous mechanism'] 

TOP-K 2893: ['netqsip framework', 'effective end-to-end qos management', 'end-to-end qos', 'ip diffserv', 'network qos mechanisms', ['proxy dds'], 'standards-based technologies', 'diffserv networks', 'dynamic resource reservation', ['sip'], 'session initiation protocol', 'error-prone details', 'shield pub/sub applications'] 

Reference 2893: ['diffserv', 'proxy dds', 'sip'] 

TOP-K 2894: [['replica selection'], 'data grid environment', 'dynamic replica placement', 'data grid', 'selection strategies', 'replica location', 'job execution'] 

Reference 2894: ['data grid, computational grid', 'dynamic replication', 'replica placement', 'replica selection'] 

TOP-K 2895: ['optical nanoscale computing', 'optical logic element', 'cmos process', 'basic unit', 'promising alternative'] 

Reference 2895: ['dna self-assembly', 'emerging technology', 'nanophotonics', 'optical computing', 'ret logic', 'spice'] 

TOP-K 2896: ['mobile ad-hoc networks', 'byzantine nodes', ['approximate consensus'], 'quality constraint', 'quantity constraint', 'time', 'correct nodes', 'final convergence', 'maximum value', 'necessary condition', 'enough messages'] 

Reference 2896: ['ad-hoc network', 'approximate consensus', 'mobility'] 

TOP-K 2897: [['memory oversubscription'], 'group-based memory oversubscription', 'per-group workload characteristics', 'multi-tenant resource pools', 'oversubscription policies', 'intra-group memory efficiency', 'pay-per-use services', 'overall memory efficiency', 'strict inter-group isolation', 'isolation support', 'system-wide scheme'] 

Reference 2897: ['cloud computing', 'memory oversubscription', 'resource isolation', 'virtualization'] 

TOP-K 2898: ['pipelined multithreading', 'multi-core processors', 'parallelizing general sequential programs', 'sequential programs', 'wide applicability', 'commodity multi-core processors.a'] 

Reference 2898: ['clustered communication mechanism', 'commodity multi-core processors', 'pipeline parallelism'] 

TOP-K 2899: ['k-covered line segment', 'deterministic algorithms', 'sensor deployment', 'arbitrary line segments', ['line coverage'], 'k-uncovered line segment', 'n sensors', 'line segments', 'arbitrary orientation', 'new metrics', 'following types'] 

Reference 2899: ['coverage measures', 'geometry', 'line coverage', 'wireless sensor network'] 

TOP-K 2900: ['low-power standby mode', ['energy proportionality'], 'energy consumption', 'data parallel computing cluster', 'computing tasks', 'nodes', 'subset', 'data blocks'] 

Reference 2900: ['covering subset', 'data parallel computing', 'energy proportionality', 'mapreduce'] 

TOP-K 2901: [['self-stabilization'], 'self-stabilizing protocol', ['service guarantee'], 'useful minimal service', ['minimal service'], 'extended approach'] 

Reference 2901: ['bounded clusters', 'clustering', 'minimal service', 'safety', 'self-stabilization', 'service guarantee'] 

TOP-K 2902: ['top-k query processing method', ['top-k query'], ['data replication'], 'm-p2p networks.in mobile ad', 'data items', 'query-issuing node', 'particular attribute'] 

Reference 2902: ['data replication', 'mobile peer to peer network', 'top-k query'] 

TOP-K 2903: ['locality-aware predicates', 'locality-aware predicate', 'predicate', 'local area', 'area', 'entire system', 'consistent manner'] 

Reference 2903: ['distributed computing', 'locality-aware', 'modular robotics', 'predicate detection', 'scale-free', 'wireless sensor networks'] 

TOP-K 2904: [['smcd'], 'misuse case models', 'experiment', 'quality attributes', 'consistency levels'] 

Reference 2904: ['misuse cases', 'smcd', 'subject-based experiment'] 

TOP-K 2905: ['phish communication model', 'streaming mapreduce operations', 'sub-graph isomorphism matching', 'large dynamic data store', 'sparse graph analytics', 'triangle enumeration', 'connected component finding', 'streaming versions'] 

Reference 2905: ['graph algorithms', 'mapreduce', 'message passing', 'mpi', 'sockets', 'streaming data'] 

TOP-K 2906: ['wsns', 'cooperative mimo', 'novel mac protocol', 'energy efficiency', 'multiple channels', 'joint design', 'boost network performance'] 

Reference 2906: ['channel assignment', 'cooperative multiple input multiple output (mimo)', 'medium access control (mac)', 'wireless sensor networks (wsns)'] 

TOP-K 2907: ['class imbalance problems', 'classification performance', 'unbiased classifiers', 'different class samples', 'synthetic samples', 'over-sampling approach', 'class boundaries', 'data distribution', 'real data.this study'] 

Reference 2907: ['data fusion', 'imbalanced data classification', 'over-sampling', 'probability distribution', 'random walk'] 

TOP-K 2908: ['self-adjusting cluster framework', ['auto deployment'], 'model view controller', 'auto upgradation', 'cluster members', 'initial deployment', 'consistency'] 

Reference 2908: ['auto deployment', 'cluster consistency', 'cluster management'] 

TOP-K 2909: ['singcf approach', 'multiple singular ratings', 'recommendation accuracy', 'dual ratings', 'significant improvement'] 

Reference 2909: ['collaborative filtering', 'distributed framework', 'recommender systems'] 

TOP-K 2910: ['hdfs architecture', 'interaction-intensive files', 'hdfs throughput', 'throughput degradation issue', 'performance degradation problem', ['storage allocation algorithm'], 'negligible performance decrease', 'large data'] 

Reference 2910: ['cache', 'hdfs', 'hierarchical structure', 'interaction intensive task', 'pso', 'storage allocation algorithm'] 

TOP-K 2911: [['single-chip cloud computer'], 'intel labs', 'experimental many-core processor', 'energy efficiency', 'different workloads', 'different applications', 'execution performance'] 

Reference 2911: ['dynamic voltage and frequency scaling', 'many-core processor', 'message passing', 'single-chip cloud computer'] 

TOP-K 2912: ['programmable memory system', 'pmss system'] 

Reference 2912: ['dram', 'fpga', 'hpc', 'xilkernel'] 

TOP-K 2913: [['internet-scale software'], ['bayesian networks'], ['dependability'], 'evaluation model'] 

Reference 2913: ['bayesian network', 'dependability', 'internet-scale software'] 

TOP-K 2914: ['top-n recommendation', ['news recommendation'], 'multi-dimensional similarity calculation', 'data sparsity', 'method', 'recommendation accuracy'] 

Reference 2914: ['clustering', 'news recommendation', 'similarity calculation'] 

TOP-K 2915: ['near-native network i/o performance', 'non-virtualized case', 'mb/s', 'hpc applications scale', 'gbps link', 'large number', 'important challenge'] 

Reference 2915: ['10g ethernet', 'open-mx', 'virtualization'] 

TOP-K 2916: ['rcm-rw algorithm', 'field programmable gate array', 'digital images', 'data embedding', 'large scale integration', 'media authentication', 'real-time environment', 'simple integer', 'significant bits'] 

Reference 2916: ['fpga', 'reversible contrast mapping', 'reversible watermarking'] 

TOP-K 2917: [['crash recovery techniques'], 'flash memory capacity', 'mathematical models', 'file systems', 'time complexity'] 

Reference 2917: ['crash recovery technique', 'nand flash file system', 'o1fs'] 

TOP-K 2918: ['re-authentication schemes', 're-authentication protocol', 'initial handover re-authentication protocol', '3gpp lte', 'local re-authentication protocol', ['handover'], 'wlans systems', 'performance evaluation', 'handover parameters', 'handover latency', 'simulation analysis', 'packet loss rate'] 

Reference 2918: ['authentication', 'handover', 'heterogeneous wireless networks'] 

TOP-K 2919: ['centralized task pool approach', 'task pool approach', 'task stealing method', 'performance improvement', 'persistent threads method'] 

Reference 2919: ['characterizing', 'gpu', 'irregular', 'library', 'load balancing'] 

TOP-K 2920: ['full bisection bandwidth fat-trees', 'd-mod-k', ['fat-trees'], 'sparse traffic patterns', 'dense patterns', 'significant load imbalance'] 

Reference 2920: ['fat-tree', 'interconnect', 'single-path routing', 'static routing'] 

TOP-K 2921: ['noc', 'regular noc traffic throughput', 'noc channels', 'modern networks-on-chip', 'faults', 'channel tester', 'novel monitor module', 'testing interval parameter', 'binary exponential back', 'temporary faults.a key requirement'] 

Reference 2921: ['adaptive fault detection scheme', 'interconnect crosstalk fault detection', 'networks-on-chip', 'online fault testing'] 

TOP-K 2922: ['alcp', 'active location correction protocol', 'location accuracies', 'location error', 'well-known gpsr', 'packet arrival rate', 'box technology', 'performance study'] 

Reference 2922: ['bounding box', 'localization', 'location correction', 'wireless sensor networks'] 

TOP-K 2923: ['automatic module extraction', 'oo software systems', 'automatic module extraction tool', 'several open-source', 'industrial projects', 'novel approach'] 

Reference 2923: ['soa', 'software architecture recovery', 'software modularization'] 

TOP-K 2924: ['automatic trace generation', 'traces', 'architecture', 'requirements relations', 'validation', 'generation'] 

Reference 2924: ['requirements metamodel', 'software architecture', 'trace generation and validation', 'trace metamodel'] 

TOP-K 2925: [['parallel applications'], ['cache coherence protocols'], ['communication pattern'], 'memory applications', 'memory paradigm'] 

Reference 2925: ['cache coherence protocols', 'communication pattern', 'parallel applications', 'shared memory', 'thread communication', 'thread mapping'] 

TOP-K 2926: ['sca-asm component model', 'lightweight formal language sca-asm', 'service-oriented application', 'heterogeneous service assembly', 'modeling service behavior', 'architecture specification', 'executable way'] 

Reference 2926: ['abstract state machines', 'service component architecture', 'software reliability models'] 

TOP-K 2927: ['dynamic event-extraction', 'different gui testing techniques', 'static models', 'gui testing framework', 'several gui-based java applications', 'gui testing approaches', 'testing techniques', 'controlled experiment', 'present tradeoffs', 'fair comparison', 'representative versions', 'primary classes'] 

Reference 2927: ['dynamic event-extraction based testing', 'gui testing', 'model-based testing', 'test case generation'] 

TOP-K 2928: ['minimum latency broadcast scheduling', 'latency aware broadcast scheduling', 'latency-efficient broadcast schedule', 'multiple transmissions'] 

Reference 2928: ['approximation algorithm', 'broadcast scheduling', 'duty-cycle', 'minimum latency', 'wireless sensor networks'] 

TOP-K 2929: ['location-based services', 'communication establishment latency', ['location services']] 

Reference 2929: ['adhoc networks', 'geographic routing protocols', 'location services', 'vanet'] 

TOP-K 2930: ['distributed-memory numerical library', 'cyclops tensor framework', 'general distributed-memory tensor primitives', 'cray xc30 supercomputer architectures', 'high parallel scalability', 'user-specified contractions', 'accurate electronic structure calculations', 'ccsdt implementations', 'tensor blocking'] 

Reference 2930: ['communication-avoiding algorithms', 'coupled-cluster', 'matrix multiplication', 'tensor contractions', 'topology-aware mapping'] 

TOP-K 2931: [['on-chip variation sensors'], 'nanoscale computing fabrics', 'post-fabrication compensation techniques', 'new on-chip sensor', 'physical parameters', ['random variations']] 

Reference 2931: ['nanowire fabric', 'nasic', 'on-chip variation sensor', 'parameter variation', 'random variation'] 

TOP-K 2932: ['large-scale scientific computing', 'multicore chip', 'internet datacenter'] 

Reference 2932: ['accelerators', 'amdahl', 'automatic parallelization', 'exascale', 'parallelism'] 

TOP-K 2933: ['toeplitz system matrix', 'cauchy-like matrix', 'multicore computers.toeplitz matrices', 'independent matrices', 'system matrix', 'special structure', 'fast linear system'] 

Reference 2933: ['displacement structure', 'linear systems', 'multicores', 'pivoting', 'symmetric toeplitz matrices'] 

TOP-K 2934: ['adaptive heterogeneous mobile applications', ['mobile applications'], ['mobile application'], 'declarative approach', 'available devices', 'unpredictable changes', 'various settings'] 

Reference 2934: ['declarative language', 'mobile applications', 'self-adaptive systems'] 

TOP-K 2935: ['design rule specification language', 'aspects.aspect-oriented programming', 'crosscutting concerns', 'modular development', 'development process', 'initial phases'] 

Reference 2935: ['aspect-oriented programming', 'design rules', 'modularity'] 

TOP-K 2936: [['web caching'], ['web caches'], 'user-perceived latency', 'web documents'] 

Reference 2936: ['knowledge discovery', 'web 2.0', 'web caching'] 

TOP-K 2937: ['erd defect detection process', 'defect detection performance', 'his/her search patterns', 'software engineer'] 

Reference 2937: ['defect detection', 'erd', 'eye tracking'] 

TOP-K 2938: ['scc processor', 'spmv kernel', 'multicore processors', 'key insights', 'architectural comparison'] 

Reference 2938: ['many-core', 'optimization', 'performance', 'power efficiency', 'sparse matrix'] 

TOP-K 2939: ['high-performance computing', 'large-scale applications', 'frequency scaling strategies', 'efficient execution', 'time gaps', 'critical concerns', 'architectural parameters', 'certain communication'] 

Reference 2939: ['dynamic voltage and frequency scaling', 'gamess', 'multicore platforms', 'point-to-point communications'] 

TOP-K 2940: ['p-prefixspan', 'prefixspan algorithm', 'sequential pattern mining', 'experimental results', 'scalable method'] 

Reference 2940: ['data mining', 'inter-arrival time probability', 'sequential patterns'] 

TOP-K 2941: ['cpu-gpu heterogeneous architectures', 'on-chip network', 'architectural interconnection studies', 'resource distribution', 'overall performance', 'significant impact'] 

Reference 2941: ['design space exploration', 'heterogeneous architecture', 'on-chip interconnection network'] 

TOP-K 2942: ['mapping studies', 'software engineering', ['systematic mapping studies'], 'reliability', 'study'] 

Reference 2942: ['review of reviews', 'software product lines', 'software testing', 'systematic literature review', 'systematic mapping study'] 

TOP-K 2943: ['palm vein patterns', ['directional filter bank'], 'line-based vein features', 'vein pattern', 'stable line-feature-based approach', 'personal identification', ['minimum directional code'], 'different orientations', 'binary code'] 

Reference 2943: ['biometrics', 'directional filter bank', 'identity security', 'minimum directional code', 'palm vein recognition'] 

TOP-K 2944: ['spape', 'open-source-software products', ['near-miss clones'], 'extract near-miss clones', 'applicable method', 'effective fashion'] 

Reference 2944: ['amorphous procedure extraction', 'near-miss clones', 'refactoring'] 

TOP-K 2945: ['dra', 'tree-based networks', 'scalability issues', 'large-scale applications', 'uncapacitated case', 'centralized solutions', 'theoretical analysis', 'optimal solution'] 

Reference 2945: ['cloud computing', 'network flow', 'virtual machine placement'] 

TOP-K 2946: ['short-job-first scheduling', 'system performance', ['job schedulers'], 'average estimation accuracy', 'time', 'parallel job', 'resource managers', 'various scenarios', 'important attribute'] 

Reference 2946: ['job scheduling', 'runtime estimates', 'walltime prediction'] 

TOP-K 2947: ['high-level directives', 'openmp', 'parallel applications', 'correct parallelization', 'original codes', 'overall code length', 'single set', 'approach annotates'] 

Reference 2947: ['loop mapping', 'parallel architectures', 'parallel computation', 'parallel frameworks'] 

TOP-K 2948: ['architectural optimisation', ['architecture description languages'], 'adls', 'multi-objective optimisation approach', 'automotive domain', 'analysis capabilities'] 

Reference 2948: ['architectural description languages', 'dependability analysis', 'multi-objective optimization', 'timing analysis'] 

TOP-K 2949: ['voltage transition overhead consideration', 'energy-aware task scheduling algorithms', 'multicore processors', 'scheduling problem', 'many researchers'] 

Reference 2949: ['dynamic voltage scaling', 'integer linear programming', 'multicore real-time systems', 'transition-aware scheduling', 'voltage transition overheads'] 

TOP-K 2950: ['business process management lifecycle', 'process design', 'process models', ['risks'], 'executable business process models', 'real-time monitoring', 'process execution', 'approach'] 

Reference 2950: ['business process management', 'risk', 'yawl'] 

TOP-K 2951: ['multiple attribute grammar inheritance', ['language compositions'], 'language implementation system lisa', ['language composition'], 'declarative formal language descriptions', 'different types'] 

Reference 2951: ['domain-specific languages', 'language composition', 'software language engineering'] 

TOP-K 2952: ['multicore-oblivious algorithms', 'efficient multicore-oblivious algorithms', 'matrix transposition', ['gaussian elimination paradigm'], 'efficient network-oblivious algorithms', 'known efficient network-oblivious algorithms', 'several fundamental problems', ['list ranking'], 'connected components'] 

Reference 2952: ['cache', 'gaussian elimination paradigm', 'list ranking', 'multicore', 'network', 'oblivious algorithm'] 

TOP-K 2953: ['product managers', 'product manager', 'problem solvers', 'role', 'stereotypical roles', 'framework'] 

Reference 2953: ['grounded theory', 'management roles', 'software product management'] 

TOP-K 2954: ['large wsns', ['clustering algorithms'], 'energy efficiency', 'data reception ratio', ['clustering algorithm'], 'data reliability', 'lossy links', 'extensive simulations', 'total energy consumption', 'new challenges', 'network lifetime'] 

Reference 2954: ['clustering algorithms', 'clusters', 'lossy wireless links', 'wireless sensor networks'] 

TOP-K 2955: ['jpeg images', 'data hiding', 'unused vlcs', 'lossless data'] 

Reference 2955: ['information hiding', 'jpeg bitstream', 'lossless data hiding'] 

TOP-K 2956: ['logic-probabilistic framework fortuna', 'security systems', 'new viewpoint'] 

Reference 2956: ['formal methods for security', 'hardware-based security', 'information security', 'security evaluation tool', 'security metrics'] 

TOP-K 2957: ['visualization steps', 'asynchronous executions', 'gpu advances', 'fix-up operations', 'users input'] 

Reference 2957: ['adaptive mesh refinement', 'cpu-gpu asynchronism', 'gamer', 'gpgpu'] 

TOP-K 2958: ['qos-enabled publish/subscribe middleware', 'omg data distribution service', 'heterogeneous ip networks', 'dds', 'wide area network', 'dre applications', 'data delivery', 'empirical tests'] 

Reference 2958: ['dds services', 'diffserv', 'qos framework', 'schedulability'] 

TOP-K 2959: ['passive/active multicore', 'novel memory architectures', 'innovative heterogeneous multicore processor', 'energy consumption', 'on-chip data transport', 'joint partitioning', 'thread generation mechanisms', 'previous work', 'sequential codes', 'data mapping strategies', 'execution time', 'cache access components', 'account data locality'] 

Reference 2959: ['energy-efficient processor design', 'heterogeneous multicore', 'parallel computer architecture'] 

TOP-K 2960: [['high-radix switches'], 'large switch-based interconnection networks', 'single-chip switches', 'network performance', 'network cost', 'interesting alternative'] 

Reference 2960: ['high-radix switches', 'interconnection networks', 'parallel computing systems', 'search algorithms'] 

TOP-K 2961: ['amos v3', 'realistic device exceptions', 'software components', 'related automation tool'] 

Reference 2961: ['device exception', 'device manager hacking', 'embedded software', 'exception test', 'fault-injection method'] 

TOP-K 2962: ['requirements', 'global development costs', 'interesting results', 'different groups', 'reduction'] 

Reference 2962: ['consistency', 'contradiction', 'web requirements'] 

TOP-K 2963: [['bayesian networks'], 'exact structure learning', ['bayesian network'], ['structure learning'], '2n', ['parallel algorithm'], '· 2n'] 

Reference 2963: ['bayesian networks', 'graphical models', 'machine learning', 'parallel algorithm', 'structure learning'] 

TOP-K 2964: [['programmer interaction histories'], 'code', 'previous approaches', 'clusters navigation sequences', 'accurate recommendations', 'pieces'] 

Reference 2964: ['code navigation', 'context aware code recommender', 'data clustering techniques', 'data stream mining', 'programmer interaction histories'] 

TOP-K 2965: ['md techniques', 'results software modelling', 'simple modelling', 'design support', 'italian industry', 'common benefits', 'platform independence', 'documentation improvement', 'software quality'] 

Reference 2965: ['model driven techniques', 'personal opinion survey', 'software modelling'] 

TOP-K 2966: ['nvidia tesla x2090 accelerators', ['heterogeneous execution'], 'multicore processors', 'multi-process sharing', 'automatic memory management system', 'accelerator memory', 'efficient memory mapping', 'device memory', 'synchronization interface', 'data movement', 'balanced load'] 

Reference 2966: ['accelerator', 'gpu', 'heterogeneous execution', 'linear algebra', 'memory management', 'tridiagonal solver'] 

TOP-K 2967: [['distance metric'], 'conflict', 'belief assignments', 'common focal elements.this paper'] 

Reference 2967: ['dempster-shafer theory', 'distance metric', 'orderable sets', 'sensor fault detection'] 

TOP-K 2968: ['tetrahedral elements', 'local modification algorithm', 'different parallel apis', 'massive parallelization scheme', 'quality results'] 

Reference 2968: ['gpu', 'parallelism', 'quality', 're-meshing'] 

TOP-K 2969: [['semantic web services'], ['functional testing'], 'test cases', 'research questions', ['systematic literature review'], 'current state'] 

Reference 2969: ['functional testing', 'semantic web services', 'systematic literature review', 'testing approach'] 

TOP-K 2970: ['md simulations', 'three-level parallelization scheme', ['molecular dynamics'], ['heterogeneous systems'], 'tlps scheme'] 

Reference 2970: ['gpu computing', 'heterogeneous system', 'molecular dynamics'] 

TOP-K 2971: ['xilinx fpga spartan 3e', 'low-complexity vector-core', 'lcvc processor', 'xc3s1600e-4-fg320 device', 'vector instructions', 'execution datapath', 'complete design'] 

Reference 2971: ['data-level parallelism', 'pipelining', 'unified datapath unified register file unified isa performance evaluation fpga/vhdl implementation', 'vector processing'] 

TOP-K 2972: ['task replication methodologies', 'throughput', 'target throughput', 'parallel application', 'input data stream', 'difficult challenge', 'input parameter.the exploitation'] 

Reference 2972: ['data parallelism', 'pipeline execution', 'streaming applications', 'task parallelism', 'task replication mechanisms'] 

TOP-K 2973: ['bpm building', 'cellular automata approach', 'wildfire simulation model', 'general-purpose computation', 'different gpgpu devices', 'graphics processing units', 'numerical results', 'overall mapping process', 'real landscape', 'several implementation strategies', 'paper'] 

Reference 2973: ['cellular automata', 'gpgpu', 'hazard maps', 'wildfire simulation', 'wildfire susceptibility'] 

TOP-K 2974: ['system-wide energy management problem', 'canonical sporadic task model', 'sporadic task set', 'sporadic tasks release', 'worst-case execution time', 'static solution', 'dynamic solution', 'worst-case estimations.in'] 

Reference 2974: ['dynamic voltage scaling', 'real-time system', 'sporadic task'] 

TOP-K 2975: ['data-parallel applications', 'onchip resource utilization', ['multi-core processor'], 'current multi-core revolution', 'common matrix unit', 'maximum speedup', 'matrix unit', 'average speedup'] 

Reference 2975: ['multi-core processors', 'parallel processing', 'systemc implementation', 'vector/matrix processing'] 

TOP-K 2976: ['stochastic scheduling problem', ['monte carlo method'], 'novel dag scheduling approach', 'extensive simulation'] 

Reference 2976: ['dag scheduling', 'directed acyclic graphs', 'heterogeneous computing', 'monte carlo methods'] 

TOP-K 2977: ['size', 'code', 'system-level indicators', ['maintainability'], 'good indicators'] 

Reference 2977: ['code smells', 'empirical study', 'maintainability', 'system evaluation'] 

TOP-K 2978: [['scrum'], 'undergraduate computing programmes', 'manual paper', 'first results', 'pencil game', 'learning task', 'engaging way'] 

Reference 2978: ['game', 'scrum', 'teaching'] 

TOP-K 2979: ['reversible data', 'state-of-the-art reversible data', 'novel reversible data', 'original reversible data'] 

Reference 2979: ['histogram shifting', 'image subsampling', 'reversible data hiding'] 

TOP-K 2980: ['gpu-enhanced multi-core machines', 'cpu cores', 'large combinatorial optimization problems', 'tree nodes', 'cooperative approach', 'data streaming', 'gpu pools'] 

Reference 2980: ['flowshop scheduling problem', 'gpu accelerators', 'multi-core computing', 'parallel branch-and-bound'] 

TOP-K 2981: ['inter-rsu distance', ['multi-item queries'], 'vehicle speed', 'wireless broadcasting systems', 'rsu range', 'multiple rsus', 'query starvation', 'bandwidth utilization problems', 'cooperative query', 'residual bandwidth', 'multiple items queries.there'] 

Reference 2981: ['multi-item queries', 'roadside-to-vehicle communication (rvc)', 'vehicular ad hoc networks (vanets)'] 

TOP-K 2982: ['web spam pages', 'heuristics', 'new elements', 'spam analyzer', 'different kinds'] 

Reference 2982: ['data mining', 'malware', 'statistical properties of web spam', 'web characterization', 'web spam'] 

TOP-K 2983: ['standard lid-driven cavity problem', 'mobile sensor deployment strategy', 'true system state', 'convergence speed', 'estimation quality', 'experimental results', 'accurate estimate'] 

Reference 2983: ['air field monitoring', 'grey-box modeling', 'model fusion', 'sensor network design'] 

TOP-K 2984: ['user interface transition diagram', 'ui presentations', 'uitd', 'transitions', 'similar modelling notations', ['modelling notation'], 'necessary conditions'] 

Reference 2984: ['flow functional requirements specification', 'modelling notation', 'user interface'] 

TOP-K 2985: ['asynchronous relaxation methods', 'synchronous relaxation methods', 'asynchronous iteration algorithms', 'graphics processing units', 'parallel implementations', 'gpu-based systems.in'] 

Reference 2985: ['asynchronous relaxation', 'chaotic iteration', 'graphics processing units (gpus)', 'jacobi method'] 

TOP-K 2986: ['accurate bt system modeling', 'heterogeneous system', 'download rate', 'whole system', 'probability'] 

Reference 2986: ['bittorrent', 'bottom-up', 'heterogeneous', 'model', 'probabilistic'] 

TOP-K 2987: ['jpeg-compressed images', 'stego jpeg image', 'image quality', 'embedding sequence', 'dct coefficient', 'original uncompressed image', 'psnr value', 'file size'] 

Reference 2987: ['information hiding', 'lossless steganography', 'reversible data hiding'] 

TOP-K 2988: [['software vulnerability'], 'fuzzy integral decision making', 'different factors', 'information security', 'multiply-add effect', 'value equation', 'fuzzy synthetic decision'] 

Reference 2988: ['fuzzy ahp', 'fuzzy integral', 'fuzzy synthetic', 'security evaluation', 'software vulnerability'] 

TOP-K 2989: ['task allocation algorithms', ['system reliability'], 'parallel application tasks', 'computing systems', 'literature.this paper'] 

Reference 2989: ['distributed computing', 'iterated greedy algorithm', 'meta-heuristics', 'system reliability', 'task allocation'] 

TOP-K 2990: ['architecture optimization framework', 'case study', 'automotive industry', 'domain knowledge'] 

Reference 2990: ['component-based software engineering (cbse)', 'optimization of software architecture design', 'system architecture for embedded systems'] 

TOP-K 2991: [['intuitionistic fuzzy values'], ['entropy'], 'new aggregation operators', 'non-membership information', 'entropy measures', 'aggregate intuitionistic fuzzy information', 'optimal weights'] 

Reference 2991: ['aggregation operator', 'cross entropy', 'entropy', 'group decision making', 'intuitionistic fuzzy values', 'weight vector'] 

TOP-K 2992: [['open source software'], 'oss', 'us fortune-1000 companies', 'empirical findings', 'internal workings', 'particular needs'] 

Reference 2992: ['industrial practice', 'open source software', 'technology adoption'] 

TOP-K 2993: [['complex networks'], 'representative networks', 'processing cores.many natural structures'] 

Reference 2993: ['complex networks', 'graph mining', 'network motifs', 'parallel algorithms'] 


N=5
P=0.11375129892622099
R=0.1229502059153875
F1=0.11817200431810004


N=10
P=0.08497996407351112
R=0.1381505054286784
F1=0.1052301374550847


N=15
P=0.08095632103819188
R=0.1391988019468364
F1=0.10237347871578832

max_len: 512
temp_en: Book:
temp_de: This book mainly talks about 
model: base
enable_filter: True
enable_pos: True
position_factor: 120000000.0
length_factor: 0.6
Processing time: 325.6046390533447
