Start Testing ...
TOP-K 0: ['feature-wised attention', 'multiple modalities', 'multi-head attention mechanism', 'additional knowledge graph', 'leverage explicit sentiment information.'] 

Reference 0: ['external knowledge', 'multi-head attention', 'multi-view learning', 'multimodal sentiment analysis', 'multiple feature fusion'] 

TOP-K 1: ['novel characters', 'novel characters.', 'new open-set task', 'text recognition', 'fast rectification technique', 'new framework'] 

Reference 1: ['low-shot recognition', 'open-set recognition', 'scene text recognition'] 

TOP-K 2: ['multi-dynamics data', 'ml-function approximation.', 'time series data.', 'ml predictions', 'periodic information', 'pattern detection', 'phase feature'] 

Reference 2: ['period detection', 'seasonality detection', 'time series analysis', 'time series decomposition', 'time series modelling'] 

TOP-K 3: ['parallel tgh implementation', 'parallel tlr approximations', 'tgh modeling', 'tlr approximation performance', 'tgh accuracy', 'non-gaussian modeling', 'real precipitation datasets', 'spatio-temporal datasets', 'non-gaussian advantages', 'covariance matrix inverse.', 'geospatial data.', 'parallel systems.', 'accurate results', 'memory systems', 'x speedup.'] 

Reference 3: ['climate/weather data', 'large-scale geostatistical modeling', 'likelihood approximation', 'non-gaussian random field', 'tile low-rank (tlr) approximation'] 

TOP-K 4: ['novel cdr4tag method', 'deep representation learning.', 'code snippet information', 'dual-interactive fusion.', 'hierarchy-aware semantic information', 'software objects', 'experimental results'] 

Reference 4: ['automatic tagging', 'code snippet', 'interactive information fusion'] 

TOP-K 5: ['dl-based semantic segmentation approaches', 'semantic-based segmentation', 'semseg applications', 'deep learning architecture.', 'stable medical image segmentation', 'challenges', 'comparative study', 'future work'] 

Reference 5: ['deep learning', 'medical imaging', 'optimization techniques', 'semantic segmentation', 'transfer learning'] 

TOP-K 6: ['dense light field reconstruction.', 'optical flow method.', 'new mathematical model', 'simple algorithm structure', 'good dense reconstruction', 'algorithm strong adaptability', 'innovative application'] 

Reference 6: ['a dense reconstruction', 'light field', 'optical flow'] 

TOP-K 7: [['multimodal data fusion'], 'fall detection performance', 'user privacy-preserving fl framework', 'single-modal data', 'input-level data', 'data security.'] 

Reference 7: ['data fusion', 'fall detection', 'federated learning', 'iomt', 'multimodal data fusion'] 

TOP-K 8: ['novel parameter-agnostic architecture', 'algorithm', 'mobile devices', 'feasible algorithm', 'open-set settings.', 'specific attacks.', 'face datasets.'] 

Reference 8: ['adversarial robustness', 'attack detection', 'parameter agnostic classifier', 'presentation attacks', 'singularities'] 

TOP-K 9: [['mutual visibility'], 'fat robots', 'various performance metrics', 'first paper', 'slim omnidirectional camera.', 'extensive simulation studies', 'semi-synchronous setting.', 'unit disk', 'leader election'] 

Reference 9: ['mutual visibility', 'opaque fat robots', 'robot swarm', 'robots with lights', 'slim omnidirectional camera'] 

TOP-K 10: ['adversarially-trained feature interpolator', 'multi-scale object detection.', 'progressive adversarial learning', 'interpolation ability', 'different backbones', 'consistent map improvements', 'high flexibility', 'extensive evaluation'] 

Reference 10: ['adversarial training', 'feature up-sampling', 'multi-scale feature representation', 'object detection'] 

TOP-K 11: ['vulnerability elements', 'state-of-the-art approaches', 'vulnerability elements.', 'vulnerability assessment.', 'experimental results', 'vulnerability description'] 

Reference 11: ['deep learning', 'mining software repositories', 'multi-class classification', 'vulnerability assessment'] 

TOP-K 12: ['multi-order head attention network', 'state-of-the-art fsr methods', 'facial priors', 'composite network model', 'super-resolve lr face images.', 'competitive recovery performance', 'face images.', 'visual results', 'quantitative evaluation', 'channel dependencies', 'models 2d information'] 

Reference 12: ['face super-resolution', 'facial components', 'fsr', 'multi-order head attention', 'prior information', 'transformer'] 

TOP-K 13: ['soa methods', 'high sensitivity methods', 'anomaly detection.', 'real-world case', 'thorough comparison'] 

Reference 13: ['anomaly detection', 'deep learning', 'false positive mitigation', 'multivariate time series', 'outlier detection', 'predictive maintenance'] 

TOP-K 14: ['ethereum bytecode', 'solidity cfgs', 'tx-origin vulnerabilities', 'evm bytecode', 'state-of-the-art static analysis tools', 'precise control-flow graphs', 'automatic extraction', 'automatic detection', 'comparison'] 

Reference 14: ['ethereum', 'reverse engineering', 'smart-contract', 'static analysis'] 

TOP-K 15: ['analytical models', 'pipeline model', 'abstract pipelines', 'gpu execution', 'simple pipeline analogy.', 'gpu performance aspects.', 'complex analytical equations.', 'model', 'several performance aspects.', 'good insight'] 

Reference 15: ['analytical performance models', 'gpu architecture', 'gpu computing'] 

TOP-K 16: ['cloud auditor', 'attacks', 'intrusion detection mechanism', 'user experience', 'denial', 'cloud users', 'long response time.', 'filtration method', 'interactive communication', 'service attacks', 'cloud service provider.', 'unusual condition'] 

Reference 16: ['cloud security', 'ddos attack', 'interactive method', 'third party auditor', 'threshold-anomaly detection'] 

TOP-K 17: ['ε-dragging technique', 'numerical simulations', 'network structure.', 'discriminative ability.', 'theoretical analysis'] 

Reference 17: ['broad learning system', 'discriminative', 'optimization', 'smoothing group l<sub>1/2</sub> regularization', 'sparsity'] 

TOP-K 18: ['qnn-based multimodal fusion system', 'backpropagation algorithm', 'qcnn', 'intelligent diagnosis', 'image features'] 

Reference 18: ['internet of medical things', 'multimodal fusion', 'quantum neural network', 'smart healthcare'] 

TOP-K 19: ['pdm', 'primal-dual complementary slackness conditions', 'max-sum belief propagation', 'pseudo-polynomial time.', 'rigorous theoretical analysis', 'optimal solution', 'perfect demand'] 

Reference 19: ['belief propagation', 'distributed algorithm', 'linear programming dual', 'message passing', 'perfect demand matching'] 

TOP-K 20: ['vision-knowledge fusion model', 'new knowledge-based attention', 'construct domain knowledge graph', 'different domains', 'automatic method', 'reasonable knowledge-based metrics', 'medical standards.', 'report generation.'] 

Reference 20: ['graph neural network', 'knowledge graph', 'medical report generation', 'multi-modal fusion'] 

TOP-K 21: ['fusion method', 'spectral preservation', ['collaborative representation'], 'lrms image.', 'satellite datasets', 'ms image.', 'intensity modulation coefficient'] 

Reference 21: ['collaborative representation', 'multi-band remote sensing image', 'pansharpening', 'spectral dependency'] 

TOP-K 22: ['edge tpu', 'attack detection/classification performance', 'neural network structures', 'convolutional neural network structures', 'energy efficiency', 'hardware platforms', 'cortex-a53 platforms', 'inference time', 'model size', 'different hyperparameters', 'energy efficiency.', 'multiple performance metrics', 'first paper', 'various feed-forward'] 

Reference 22: ['deep learning', 'edge machine learning', 'google edge tpu', 'iot security', 'network intrusion detection systems'] 

TOP-K 23: ['solidity files', 'multi-element modification.', 'source code files', 'much attention'] 

Reference 23: ['bug fix', 'empirical study', 'smart contract', 'solidity'] 

TOP-K 24: ['multi-features fusion', 'novel behavior recognition model', 'misrecognition suppression', 'hierarchical causality graph', 'counterfactual reasoning mechanism', 'behavior fluent inferring.', 'new behavior dataset'] 

Reference 24: ['behavior recognition', 'causal reasoning', 'counterfactual reasoning', 'deep learning network', 'driving distraction detection'] 

TOP-K 25: [['sarcasm detection'], 'knowledge fusion network', 'commonsense knowledge', 'multimodal sarcasm detection.', 'strong baselines'] 

Reference 25: ['information fusion', 'multimodal learning', 'sarcasm detection'] 

TOP-K 26: ['intermediate fusion results', ['memory units'], 'various fusion tasks', 'fusion task', 'fusion performance.', 'deep network', 'activity level maps', 'loss function.', ['general model'], 'end-to-end manner.'] 

Reference 26: ['deep learning', 'general model', 'image fusion', 'memory unit', 'unsupervised learning'] 

TOP-K 27: ['multi-label datasets.', 'large multi-label datasets.', 'several state-of-the-art methods.', 'interesting new research lines', 'method', ['instance selection'], 'new framework'] 

Reference 27: ['instance selection', 'instance-based learning', 'multi-label classification', 'scaling-up'] 

TOP-K 28: ['code transplantation', 'extensible framework', 'feature-oriented evolution', 'variant-rich systems.', 'synthetic benchmark generation', 'version history generation.', 'transplant software features.'] 

Reference 28: ['evaluation', 'generator', 'product lines', 'variants'] 

TOP-K 29: ['state-of-the-art deep learning techniques', 'speech processing.', 'traditional techniques', 'modern models', 'comprehensive overview', 'topdown approaches.', 'review'] 

Reference 29: ['deep learning', 'speech processing', 'survey', 'transformers', 'trends'] 

TOP-K 30: ['riemannian barycenter layer block', 'different eeg-based tasks', 'deep features', 'experimental results', 'spd features', 'state-of-the-art methods', 'non-stationary nature', 'eeg signals.', 'discriminative features', 'different classes'] 

Reference 30: ['barycenter', 'discriminative', 'eeg', 'non-stationary', 'riemannian', 'spd matrix'] 

TOP-K 31: ['aednet', 'end-to-end approach', 'comparison state-of-the-arts', 'unidirectional cross-propagation mechanism', ['subgraph matching'], 'open datasets', 'node features', 'exact algorithms', 'corresponding nodes', 'novel mechanisms', 'subgraph matching task', 'exact methods', 'close adjacent structures.', 'similar enough.'] 

Reference 31: ['graph neural network', 'neural matching', 'subgraph matching'] 

TOP-K 32: ['high-dimensional nonlinear problems', 'filter performance', 'analytic solution', 'particle flow filter.', 'scalar measurements.', 'huang flow equation', 'exact daum'] 

Reference 32: ['log-homotopy', 'nonlinear filtering', 'particle filter', 'particle flow', 'state estimation'] 

TOP-K 33: ['natural language knowledge', 'pre-trained language model', 'big-vul dataset', 'novel model pm2-cnn', 'multi-channel cnn.', 'software defect prediction.', 'program representation learning.', 'context-sensitive representations.', 'transformer architecture'] 

Reference 33: ['semantic features', 'software defect prediction', 'transformer'] 

TOP-K 34: [['federated meta learning'], 'novel lifelong learning architecture', 'heterogeneous iiot.', 'reinforcement learning', 'knowledge fusion', 'knowledge transfer', 'lifelong learning ability', 'dual-attention deep reinforcement', ['resource allocation'], 'feature fusion.'] 

Reference 34: ['deep reinforcement learning', 'federated meta learning', 'heterogeneous industrial internet of things', 'lifelong learning', 'resource allocation'] 

TOP-K 35: ['tcm_cls module', 'machine reading comprehension framework', 'new sota performance', 'multi-task learning', 'efficient multi-source information fusion.', 'joint slot filling', 'adversarial training', 'language understanding.', ['intent detection'], 'first investigation', 'baseline methods', 'concise architecture', 'focal loss.'] 

Reference 35: ['chinese spoken language understanding', 'intent detection', 'machine reading comprehension', 'multi-source information fusion', 'slot filling'] 

TOP-K 36: ['comment qas', 'comments', 'comment quality.', 'quality attributes', 'specific comment types', 'java systems.', 'studies', 'multiple systems.', 'last decade'] 

Reference 36: ['code comments', 'documentation quality', 'systematic literature review'] 

TOP-K 37: ['two-step algorithm', 'neural network-based approach', 'evm bytecode.', 'accurate intra-procedural cfgs', ['control flow traversal'], 'function entries'] 

Reference 37: ['binary analysis', 'control flow traversal', 'ethereum smart contract', 'function identification', 'lstm-crf'] 

TOP-K 38: ['cnns', 'model overfitting.', 'memorization effect', 'resistance loss', 'novel resistance loss', 'curriculum learning', 'novel framework', 'noisy labels.'] 

Reference 38: ['convolutional neural networks', 'model overfitting', 'noisy labels', 'self-paced resistance'] 

TOP-K 39: ['covid-19 infected individuals', 'interactive mathematical model framework', 'nested optimal control model', 'approximation kkt', 'covid-19 model', ['genetic algorithm'], 'time-varied inputs', 'rumors spreaders', 'optimal control', 'solution methodology', 'rumors model', 'control strategies', 'total cost', 'outer model', 'various intervention strategies.'] 

Reference 39: ['covid-19', 'genetic algorithm', 'kkt', 'nested optimal control', 'rumors'] 

TOP-K 40: ['future human skeleton trajectories', 'memwgan-gp network', 'deconvolutional layers', '2d convolutional', 'adversarial loss', 'abnormal human behaviors.', 'input trajectory feature sequence', 'temporal patterns', 'wasserstein distance', 'prediction ability.', 'generator'] 

Reference 40: ['human skeleton trajectories', 'human-related anomalous event detection', 'memory module', 'video surveillance', 'wasserstein generative adversarial network with gradient penalty'] 

TOP-K 41: ['multimodal clip model', 'cnn/bow features', 'cross-modal retrieval.', 'clip features', 'novel network', 'significant improvement', 'supervised methods.'] 

Reference 41: ['clip', 'contrastive learning', 'cross-modal retrieval', 'hashing', 'modality fusion'] 

TOP-K 42: ['stack overflow.', 'annotated dataset', 'supervised-learning approach', 'request comments', 'java questions.', 'average accuracy', 'empirical study'] 

Reference 42: ['answer quality', 'classification', 'commenting', 'crowd-sourced knowledge sharing', 'knowledge maintenance and update', 'stack overflow'] 

TOP-K 43: ['cdd', 'cdd detection tools', 'small code units', 'cdd practices', 'software development teams', 'code units', 'cdd impacts', 'engineering team', 'programming environments.'] 

Reference 43: ['cognitive driven development', 'design techniques', 'software design'] 

TOP-K 44: ['amadeus-exploit', 'vulnerability management', ['feature models'], ['vulnerabilities'], 'security project', 'feature models.', 'various vulnerabilities', 'modelling solution'] 

Reference 44: ['cybersecurity', 'exploits', 'feature model', 'reasoning', 'vulnerability', 'vulnerable management process'] 

TOP-K 45: ['recent transformer-based architectures', 'surveillance images.', 'novel framework', 'visual feature extraction.', 'combined weapon appearance', 'weapon size conditions', 'different brightness'] 

Reference 45: ['cctv surveillance', 'false positive filtering', 'handgun detection', 'human pose estimation', 'transformers'] 

TOP-K 46: ['kolmogorov smirnov test', 'global structure preservation', 'quality assessment method', ['anisotropic scaling'], 'non-discriminative property', 'quality', 'global structure preservation.', 'different manifold', 'rigid transformation.', 'dimension separately.'] 

Reference 46: ['anisotropic scaling', 'global scaling', 'gradient descent', 'kolmogorov-smirnov test', 'manifold learning', 'singular value decomposition'] 

TOP-K 47: [['explanations'], ['user study'], 'spreadsheet debugging.', 'debugging tool.', 'fault comprehension.', 'positive evaluation'] 

Reference 47: ['explainable ai', 'explanations', 'fault prediction', 'spreadsheets', 'user study'] 

TOP-K 48: ['degeneration mapping model', 'multi-view data', 'multiple feature representations.', 'extensive experiments'] 

Reference 48: ['complementary information', 'consensus information', 'multi-view representation learning', 'unsupervised multi-view learning'] 

TOP-K 49: [['requirements interactions'], 'bi-objective next release problem.', 'distribution algorithms', 'interactions inclusion', 'reference pareto front', 'time restrictions', 'solutions', 'distribution algorithm.', 'profound impact'] 

Reference 49: ['estimation of distribution algorithms', 'next release problem', 'requirements interactions', 'software requirements'] 

TOP-K 50: ['large-size biological datasets', 'method', 'big data.', 'related methods.', 'space complexity', 'linear time'] 

Reference 50: ['clustering', 'hierarchical nearest neighbor descent', 'in-tree', 'mass cytometry'] 

TOP-K 51: [['wireless signals'], 'built-in sensors', 'landmark-based indoor landmark', 'multisource-based technologies.', 'evaluation criteria.', 'present future directions'] 

Reference 51: ['indoor positioning', 'landmark', 'multisource-based technologies', 'sensor data', 'visual image', 'wireless signal'] 

TOP-K 52: [['tree ensembles'], 'tree-based models', 'interpretability measures', 'interpretable rulesets', 'post-hoc interpretation method'] 

Reference 52: ['ensemble learning', 'ensemble simplification', 'explainable artificial intelligence', 'interpretable machine learning', 'rule extraction', 'tree ensembles'] 

TOP-K 53: ['gait relative attribute distribution.', 'end-to-end uncertainty-aware estimation framework', 'gait relative attribute datasets.', 'state-of-the-art performance', 'uncertainty layers', 'average accuracy', 'relative attributes.', 'discrete label distribution.', 'continuous score distribution', 'comprehensive experimental evaluation', 'conversion module'] 

Reference 53: ["annotator's uncertainty", 'gait relative attribute', 'relative label distribution', 'relative score distribution', 'transition matrix'] 

TOP-K 54: ['security practices', 'microservices practitioners'] 

Reference 54: ['empirical study', 'microservice', 'practice', 'practitioners', 'security'] 

TOP-K 55: ['misexposure prediction', 'testing framework exadroid.', 'summary-based analysis techniques.', 'unique crashes'] 

Reference 55: ['android application', 'combinatorial testing', 'exported activity', 'robustness evaluation', 'static analysis'] 

TOP-K 56: ['noise handling', 'crowdsourced data.', 'multiple noisy labels', 'new noise correction method', 'second view', 'abundant experiments'] 

Reference 56: ['crowdsourcing learning', 'instance selection', 'multi-view', 'noise correction'] 

TOP-K 57: ['new heterogeneous runtime solution', 'state-of-the-art implementations', 'data-dependency analysis.', 'device computations', 'good balance', 'efficiency', 'host tasks.'] 

Reference 57: ['asynchronous operations', 'events', 'gpus', 'heterogeneous programming', 'parallel programming'] 

TOP-K 58: ['fine-grained mchmm', 'low frequency subbands', 'multi-state statistical characteristics', ['soft context variable'], 'nsst coefficients.', 'reliable fusion strategy', 'regional energy', 'soft context scheme', 'multiple states', 'detail', 'multiple correlations', 'structure better.'] 

Reference 58: ['contextual hidden markov model', 'image fusion', 'multi-state', 'non-subsampled shearlet transform', 'soft context variable'] 

TOP-K 59: ['multimodal physiological datasets', 'multimodal datasets.', 'federated learning.', 'new explanation complexity measure', ['uncertainty quantification'], 'new method', 'feature-based explanations.', 'low complexity', 'research study', 'high performance.', 'broad impact'] 

Reference 59: ['complexity', 'explainable ai', 'feature-based explanations', 'multimodal', 'shap', 'uncertainty quantification'] 

TOP-K 60: ['hemiplegic gait', 'kinematic gait analysis', 'body sensor network.', 'inertial data', 'attitude quaternion.', 'limb motion reconstruction', 'joint angles', 'healthy subjects', 'difference evaluation', 'quantitative analysis'] 

Reference 60: ['body sensor network', 'dynamic time warping (dtw)', 'gait analysis', 'hemiplegia', 'multi-sensor fusion'] 

TOP-K 61: ['effective fusion method', 'parallel corpora', 'different modalities.', 'ensemble learning results', 'different modal alignments', 'umt results.', 'small number'] 

Reference 61: ['machine translation', 'multimodal alignment', 'multimodal fusion', 'semi-supervised learning'] 

TOP-K 62: ['dynamic curvature-penalized geodesic model', 'orientation-lifted space', 'slow-varying constraint', 'geodesic model', 'coherence penalty', 'orientationlifted space.', 'weak structures', 'complicated geometries.', 'path features', 'local appearance features', 'quantitative measure'] 

Reference 62: ['coherence penalization', 'curvature-penalized geodesics', 'curvilinear structures', 'local bending constraint', 'retinal vessels'] 

TOP-K 63: [['group influence'], 'recall values', 'sparse data', 'potential characteristics'] 

Reference 63: ['autoencoder', 'deep learning', 'group decision-making', 'group influence', 'recommender system'] 

TOP-K 64: ['coalition-aware heuristics', 'game-theoretical framework', 'workloads.', 'data center sections.', 'nearby hosts'] 

Reference 64: ['cloud computing', 'cloud data centers', 'cooperative game theory', 'intelligent agents', 'load balancing'] 

TOP-K 65: ['novel three-step ensemble method', 'state-of-the-art methods', 'forecasting robustness.', 'computational time', 'efficiency results'] 

Reference 65: ['deep learning', 'ensemble learning', 'machine learning', 'multivariate prediction', 'time-series forecasting'] 

TOP-K 66: ['td non-payment', 'td payment initiatives', 'future td payment', 'short term goals', 'debt items', 'project managers', 'technical concern.', 'primary reason', 'managerial nature.'] 

Reference 66: ['technical debt', 'technical debt management', 'technical debt payment'] 

TOP-K 67: ['iot applications', 'data clustering efficiency.', 'data', 'efficient approximate clustering', 'parallel work sharing', 'adjustable accuracy-timeline trade-off', 'efficiency.', ['data structures'], 'wide range'] 

Reference 67: ['approximation', 'data structures', 'parallel clustering', 'synchronization'] 

TOP-K 68: ['mstil', 'plot2api model', 'data imbalance', 'overfitting', 'pertraining method', 'average relative map improvement', 'optimization strategy', 'data augmentation scheme', 'new loss function.'] 

Reference 68: ['api recommendation', 'data augmentation', 'data visualization', 'semantic similarity', 'transfer learning'] 

TOP-K 69: ['software development', 'development skills', 'non-traditional education', 'audience members', 'feedback loop', 'knowledge sharing', 'positive social interactions.'] 

Reference 69: ['collaborative learning', 'developer communities', 'gaming communities', 'live coding', 'live streaming', 'online education'] 

TOP-K 70: ['web-supervised fine-grained recognition task', 'label noise', 'state-of-the-art performance', 'generalization performance', 'capture discriminative feature representations', 'training procedure', 'joint optimization', 'harmful effects'] 

Reference 70: ['fine-grained', 'noisy web data', 'robust learning', 'web-supervised'] 

TOP-K 71: ['continuous ai development', 'ai pipeline', 'data handling', 'continuous development', 'continuous development lifecycle', 'pipeline-specific challenges', 'software development', 'model learning', 'system operations.', 'trigger types'] 

Reference 71: ['ci/cd for ai', 'continuous (end-to-end) lifecycle pipeline for ai', 'continuous development of ai', 'devops for ai', 'mlops', 'multivocal literature review'] 

TOP-K 72: [['finite mixture models'], ['non-compact clusters'], 'well-known classification data sets', 'common component structure assumptions', 'good results', 'conditioning order', 'novel family', 'developed methodology', 'speedy search'] 

Reference 72: ['finite mixture model', 'model-based clustering', 'non-compact clusters', 'regression', 'variable selection'] 

TOP-K 73: ['switching social networks.', ['opinion dynamics'], 'marketing strategy', 'switching topology', 'agents', 'consensus condition', 'different social networks.', 'seed selection', 'weight property'] 

Reference 73: ['competition', 'consensus', 'opinion dynamics', 'switching networks', 'targeted marketing'] 

TOP-K 74: ['synchronous holo-balancing method', ['multi-sensor information fusion'], 'dynamic balancing', 'flexible rotors.', 'low speed', 'initial phase vector', 'high operating speeds.'] 

Reference 74: ['holospectrum', 'modified initial phase vector', 'multi-sensor information fusion', 'rotor system', 'synchronous holo-balancing', 'vibration'] 

TOP-K 75: [['person re-identification'], 'global feature maps', 'comprehensive global embedding', 'non-parameterized local classifier', 'local regions', 'local region', 'cuhk03', 'hard-to-learn local regions.', 'subsequent cross entropy loss', 'feature maps', 'novel baseline', 'global logits', 'score vector', 'module', 'non-parametric manner.'] 

Reference 75: ['baseline', 'comprehensive', 'person re-identification'] 

TOP-K 76: ['context-sensitive dpor', 'nidhugg model checker', 'new dpor algorithm', 'optimal dpor', 'wakeup trees.', 'context-sensitive dependency'] 

Reference 76: ['concurrent programs', 'partial order reduction', 'software verification', 'stateless model checking'] 

TOP-K 77: ['microservice-oriented fog applications', 'cloud-to-thing continuum.', ['application placement'], 'research gaps', 'main aspects'] 

Reference 77: ['application placement', 'fog computing', 'resource management', 'service placement'] 

TOP-K 78: ['nsga-ii algorithm', 'task execution processes', 'computation tasks', 'computation-intensive tasks.', 'data transmission', 'benchmark methods', 'heavy tasks', 'comprehensive experiments'] 

Reference 78: ['computation offloading', 'edge computing', 'latency and energy consumption', 'multi-objective optimization'] 

TOP-K 79: ['orthogonal sparse discriminative vectors', 'orthogonal linear discriminant analysis', 'olda', 'scatter matrix orthogonal decomposition.', 'dimensionality reduction', 'sparse feature extraction.', 'sparse learning methods', 'scatter matrix decomposition.', 'data sets', 'cmu pie', 'method', 'theoretical analysis', 'novel viewpoint'] 

Reference 79: ['classification', 'feature extraction', 'joint sparsity', 'linear discriminant analysis', 'pattern recognition'] 

TOP-K 80: ['end-to-end autonomous driving.', 'policy fusion.', 'pseudo-expert decisions', 'simple neural network', 'fault sensors', 'primary decision', 'excellent performance'] 

Reference 80: ['autonomous driving', 'multi-modal policy fusion', 'reinforcement learning', 'robust fused policy'] 

TOP-K 81: ['ble indoor localisation accuracy', 'two-branch convolutional neural network', 'bluetooth indoor localisation.', 'dimensionality reduction algorithms', 'metaheuristic algorithms', 'signal degradation', 'tidy data', 'use', 'painting technique'] 

Reference 81: ['convolutional neural network', 'fingerprinting localisation', 'image blurring technique', 'image generation', 'indoor positioning', 'metaheuristic algorithm optimisation'] 

TOP-K 82: ['low-rank matrices', 'novel dlrr method', ['schatten-p norm'], 'high-dimensional data', 'high-dimension data', 'real low-rank data structure', 'data', ['feature extraction'], 'computational complexity', 'subspace clustering.', 'null space', 'similarity graph', 'projection matrix', 'clustering tasks.', 'feature space'] 

Reference 82: ['feature extraction', 'low-rank representation', 'schatten-p norm', 'subspace clustering'] 

TOP-K 83: ['anthropomorphic framework', 'small-size samples', 'multi-threaded openmp applications.', 'framework', 'high efficiency', 'hidden behaviors.'] 

Reference 83: ['heartbeat', 'hidden behaviors', 'high performance computing', 'machine learning', 'openmp'] 

TOP-K 84: [['non-cooperative behaviors'], 'budget-constrained consensus framework', 'asymmetric trust values', 'minimum conflict consensus models.', ['budget constraint'], 'non-linear optimization models.', 'minimum group conflict.', 'opinion discrepancies'] 

Reference 84: ['budget constraint', 'consensus reaching process', 'group decision-making', 'minimum conflict consensus', 'non-cooperative behaviors'] 

TOP-K 85: ['financial time-series analysis', 'financial market', 'information fusion techniques.', 'cross correlation', 'attention mechanism', 'volatility prediction', 'commodity data.'] 

Reference 85: ['graph neural network', 'relational network', 'robo-advisor'] 

TOP-K 86: ['robust recursive optimization approach', 'complex iterative noises', 'complex nonlinearities', 'iterative state equation', 'compensation strategy', 'stability conditions', 'satisfactory estimation performance.', 'statistical information'] 

Reference 86: ['bounded recursive optimization', 'distributed fusion estimation', 'event-triggered', 'multi-rate systems', 'nonlinear disturbances'] 

TOP-K 87: [['zernike moments'], 'high-order zernike moments.', 'high-order moments', 'accurate zernike moments', 'computational efficiency', 'method'] 

Reference 87: ['fast computation', 'gpu', 'image reconstruction', 'zernike moments'] 

TOP-K 88: [['hoeffding adaptive tree'], 'j48 decision trees.', 'model induction time', 'classification accuracy.', 'accurate classification models', 'massive data'] 

Reference 88: ['concept drift', 'data streams', 'ensemble learning', 'hoeffding adaptive tree', 'online learning'] 

TOP-K 89: [['feature selection'], 'state-of-the-art feature selection', 'ensemble methods', 'clustering levels.'] 

Reference 89: ['clustering ensemble', 'ensemble learning', 'feature selection'] 

TOP-K 90: ['supervised-unsupervised combinednetwork', 'supervised networkby multiscale mechanisms', 'paperproposeda universalunsupervisedspatial-spectral joint compensationnetwork', 'dilated convolution'] 

Reference 90: ['convolutional neural networks (cnn)', 'high fidelity', 'image fusion', 'pansharpening', 'unsupervised learning'] 

TOP-K 91: ['meta learning fsl methods', 'fsl papers', 'fsl applications', 'extensional research hotspots', 'fsl approaches.', 'understandable hierarchical taxonomy', 'future directions', 'evolution history.', 'underlying relationship.'] 

Reference 91: ['few sample learning', 'few-shot learning', 'learn to learn', 'meta learning', 'survey'] 

TOP-K 92: ['novel k-means clustering algorithm', 'xk-means clustering algorithm', 'lévy flight trajectory', 'open source data sets', 'baseline model'] 

Reference 92: ['clustering centroids', 'global search', 'k-means algorithm', 'local optimization', 'lévy flight'] 

TOP-K 93: ['vm performance-aware vmm method', 'efficient vmm algorithm', 'vm performance', 'cloudsim platform', 'ant colony optimization.', 'openstack-based cloud platform', 'cloud service providers', 'experimental results', 'active pms', 'total migration cost.'] 

Reference 93: ['ant colony optimization', 'cloud', 'virtual machine migration', 'vm performance model'] 

TOP-K 94: [['adversarial patches'], 'adversarial patches.', 'models robustness', 'real-world objects.', 'benchmark machine-learning models', 'dataset', 'time-demanding evaluation.'] 

Reference 94: ['adversarial machine learning', 'adversarial patches', 'defense', 'detection', 'neural networks'] 

TOP-K 95: ['arssc', 'efficient admm optimization algorithm', 'theoretical guarantee', 'appropriate conditions'] 

Reference 95: ['robust representation', 'sparse', 'subspace clustering'] 

TOP-K 96: ['ftl-lm fusing topology contexts', 'current lm-based methods', ['topology contexts'], ['logical rules'], 'novel path-based method', 'variational em algorithm', 'soft logical rule distilling.', 'kg completion'] 

Reference 96: ['information fusion', 'knowledge graph completion', 'language model', 'logical rule', 'topology context'] 

TOP-K 97: ['high-order structure', 'unified framework', 'graph data.', 'information exploration', 'scalable method', 'consensus graph.'] 

Reference 97: ['graph clustering', 'high-order information', 'multi-view learning'] 

TOP-K 98: [['cycle consistency'], 'multiple descriptors.', 'spatial domain.', 'single descriptor', 'inconsistent results', 'different data.', 'current study'] 

Reference 98: ['3d reconstruction', 'cycle consistency', 'multi-descriptor fusion', 'multi-image matching'] 

TOP-K 99: ['d-s evidence', 'quantum average combination rule', 'quantum average', 'novel quantum model', ['mass function'], 'fuse multiple pieces'] 

Reference 99: ['dempster–shafer evidence theory', 'information fusion', 'mass function', 'quantum probability'] 

TOP-K 100: ['mnist digital database', 'data classification method', ['dnn'], 'single dnn model', 'phase-field model', 'method', 'experimental subjects.', 'output value', 'tolerance value'] 

Reference 100: ['classification', 'dnn', 'phase-field', 'phase-field-dnn'] 

TOP-K 101: [['data fusion'], 'parker', 'epks', 'state-of-the-art tools', 'real-world data.', 'repair engine', ['edit rules'], 'partial key', 'cleaning problem', 'repair quality', 'minimal cost.', 'large number', 'multiple orders'] 

Reference 101: ['data fusion', 'data quality', 'edit rules', 'functional dependencies', 'key constraints'] 

TOP-K 102: ['human begings', 'cognitive principle', 'novel weighting function', 'theoretical analysis', 'robustness nature'] 

Reference 102: ['dimension reduction', 'manifold learning', 'outliers'] 

TOP-K 103: ['extreme flow decomposition technique', 'online primal-dual algorithm', 'intra-session network coding.', 'offline fptas', 'large-scale experiments', 'provable approximation ratio.', 'public datasets', 'provable competitive ratio.'] 

Reference 103: ['approximation algorithm', 'extreme flow', 'multicast', 'network coding', 'online algorithm'] 

TOP-K 104: ['classifier pool creation', 'pool generation', 'classifiers', 'data complexity', 'dynamic selection', 'decision spaces.', 'different levels'] 

Reference 104: ['classifier pool generation', 'data complexity measures', 'diversity'] 

TOP-K 105: [['graph convolution networks'], 'real datasets', 'sample features.', 'unsupervised way', ['consensus regularization'], 'consensus representation.', 'fuse topological structure'] 

Reference 105: ['consensus regularization', 'graph convolutional network', 'multi-view clustering', 'representation learning'] 

TOP-K 106: ['two-pronged solution', 'in-place transplant', 'live migration', 'hypervisor vulnerability windows', 'live migration-based upgrade methods.', 'multiple transplantation directions', 'systems', 'minimal downtime', 'different hypervisors.'] 

Reference 106: ['hypervisor compatibility', 'hypervisor transplant', 'live patching', 'live update', 'virtualization'] 

TOP-K 107: ['cooperative fusion methodology', 'parameter bounds', 'optimal solution', 'consistency', 'tightness.'] 

Reference 107: ['covariance intersection', 'cross correlation', 'mutual information', 'sensor fusion'] 

TOP-K 108: ['bayesian experts', 'csx classification', 'cardiac syndrome x', 'mc dropout', 'uq methods', 'binarized multi-gate mixture', 'bayesian neural networks.', 'high accuracy', 'csx dataset.'] 

Reference 108: ['bayesian neural networks (bnns)', 'cardiac syndrome x (csx)', 'cardiovascular disease (cvd)', 'deep learning', 'mixture of experts (moe)', 'uncertainty quantification (uq)'] 

TOP-K 109: ['assets', 'valuable artefacts', 'implicit relations'] 

Reference 109: ['asset management in software engineering', 'assets for software-intensive products or services', 'assets in software engineering', 'taxonomy'] 

TOP-K 110: ['multi-modal classification.', 'sub-network joint training', 'end-to-end deep learning framework', 'adversarial learning method', 'multi-modal complementary information.', 'fuse high-order semantic information'] 

Reference 110: ['adversarial learning', 'feature fusion', 'hyperspectral image', 'light detection and ranging', 'multimodal data classification'] 

TOP-K 111: ['hierarchical behaviour analysis technique', 'smart home.', ['smart homes'], 'model', 'anomaly detection', 'probabilistic model', 'automatic verification.'] 

Reference 111: ['behavioural analysis', 'hidden markov model', 'probabilistic model checking', 'smart home'] 

TOP-K 112: ['two-stage feedback process', 'fuzzy preference relations', 'consensus', 'smaa.', 'sngdm problems', 'decision matrices', 'weight stability interval'] 

Reference 112: ['consensus reaching process', 'manipulative behavior', 'social network group decision making', 'stochastic multicriteria acceptability analysis'] 

TOP-K 113: [['machine learning'], 'bibliometric analysis', 'multi-criterion decision making.', 'multi-criterion decision', 'practical challenges', 'future directions', 'research status', 'practical aspects'] 

Reference 113: ['bibliometrics', 'information fusion', 'literature review', 'machine learning', 'multi-criterion decision making'] 

TOP-K 114: ['lsgdm system', 'lgdm system.', 'expert groups', 'aggressiveness', 'positivity.'] 

Reference 114: ['classification', 'large scale group decision making', 'natural language processing', 'sentiment analysis'] 

TOP-K 115: ['quantum programs', 'qiskit programs.', 'quantum program', 'source code', 'unit tests', 'relevant information'] 

Reference 115: ['bug benchmark suite', 'bugs4q', 'quantum program debugging', 'quantum software testing'] 

TOP-K 116: ['floating-point mixed precision', ['mixed precision'], 'hpc.', 'mixed precision production use', 'weather modeling', 'use', 'silent data error'] 

Reference 116: ['fault injection', 'floating-point unit', 'hardware reliability', 'high-performance computing', 'mixed precision'] 

TOP-K 117: ['adhoc parallel computing platforms', 'state-of-the-art param series supercomputers.', 'super-linear scalability', 'non-blocking communication routines', 'turbulent flow simulation.', 'small problem sizes', 'parallel implicit lusgs algorithm'] 

Reference 117: ['implicit lusgs', 'message passing', 'parallel code', 'scalability', 'unstructured grid'] 

TOP-K 118: ['new registration algorithm', 'affine function.', 'thermal images.', 'objective function', 'new optimization method', 'extensive experiments', 'linear distance.'] 

Reference 118: ['image registration', 'multi-objective optimization', 'multimodal imaging', 'thermal imaging'] 

TOP-K 119: ['gait video sequences.', 'different codebook generation techniques', 'fusion strategy', 'different features', 'extensive experimental evaluation', 'comprehensive study', 'different groups.', 'presented.'] 

Reference 119: ['bag-of-visual-words', 'biometrics', 'codebook', 'gait', 'person recognition', 'visual surveillance'] 

TOP-K 120: ['multivariate generalized gamma distribution', 'color textures', 'geometric thinking', 'piecewise affine approximation', 'graph-based method', 'geometric perspective', 'statistical modeling', 'geodesic equations.', 'optimization techniques', 'neural networks', 'fast-marching method.', 'whole manifold', 'statistical manifold.'] 

Reference 120: ['color texture retrieval', 'gaussian copula', 'geodesic distance', 'graph theory', 'manifolds', 'wavelet transforms'] 

TOP-K 121: [['multi-gnss ppp'], 'different gnss availability conditions', 'vehicular experiments', 'stereo vision', 'gnss difficult environments.', 'sub-meter level', 'reliable navigation', 'improving precision', 'urban environments.'] 

Reference 121: ['mems-imu', 'multi-gnss ppp', 'multi-sensor fusion', 'tightly coupled integration', 'urban environments'] 

TOP-K 122: ['scholarly paper review', 'aspr', 'aspr-related literature', 'current challenges', 'future directions'] 

Reference 122: ['academic publishing', 'artificial intelligence', 'automated scholarly paper review', 'natural language processing', 'peer review'] 

TOP-K 123: ['few-shot image classification', 'few-shot class distribution.', 'extensive experiments', 'novel method'] 

Reference 123: ['distribution estimation', 'few-shot learning', 'transductive learning'] 

TOP-K 124: ['workload simulation task.', 'end-to-end workload simulation framework', 'user behavior abstraction', 'session-based systems.', 'intervenable simulated workload generation', 'intervenable workload intensities', 'formal definition'] 

Reference 124: ['aiops', 'behavior model', 'intensity modeling', 'workload simulation'] 

TOP-K 125: ['graph applications', 'rdma shared-resource queues', 'graph programs', 'multi-threaded graph iterations', 'graph iterations', 'large memory capacity', 'performance', 'disaggregated architecture.', 'overall memory efficiency', 'flexible data offloading.', 'parallelism control', 'memory interaction', 'data carefully.', 'parallel efficiently.', 'splitting method'] 

Reference 125: ['far memory', 'graph processing', 'rdma'] 

TOP-K 126: ['color-depth cross-attention module', 'color-depth modalities', 'hr color features', 'lr depth feature extraction.', 'color features', 'color image', 'impactful boundary preservation', 'depth features', 'depth features.', ['depth images'], 'huge gaps', 'consistency characteristics'] 

Reference 126: ['depth image', 'hybrid-cross guidance', 'joint image filter', 'space-aware group-compensation', 'super-resolution'] 

TOP-K 127: ['two-phase summarization', 'short descriptions', 'wikidata-based dataset', 'gold description', 'candidate description generation', 'sentiment consistency analysis'] 

Reference 127: ['contrastive learning', 'metric fusion', 'sentiment analysis', 'text summarization', 'wikidata', 'wikipedia'] 

TOP-K 128: ['building msif model', 'multisource factors', 'sur', 'multi-sensor information', 'multiple sensors', 'tracking error.'] 

Reference 128: ['attitude estimation', 'bpnn method', 'multi-source information fusion (msif)', 'obstacle avoidance', 'positioning', 'spherical underwater robots (surs)'] 

TOP-K 129: ['multimodal sentiment analysis', 'multimodal fusion architectures', 'robust multimodal systems', 'various fusion models', 'primary taxonomy', 'different types', 'textual modalities.', 'dataset preparation steps.', 'advancements usages'] 

Reference 129: ['affective computing', 'fusion techniques', 'multimodal fusion', 'sentiment analysis'] 

TOP-K 130: [['human aspects'], ['software engineering'], 'human aspects studies', 'specific authors', ['secondary studies'], 'publication venue.', 'recent years.', 'new ways', 'quality score', 'various attributes'] 

Reference 130: ['human aspects', 'quality assessment', 'secondary study', 'software engineering', 'tertiary study'] 

TOP-K 131: ['vsusfl', 'fault localization method vsusfl', ['variable value sequence'], 'combination methods', 'empirical results', 'novice programs.'] 

Reference 131: ['fault localization', 'novice programs', 'sequence mapping', 'variable value sequence'] 

TOP-K 132: [['graph learning'], 'linguistics-to-vision heterogeneous graph', 'relation-aware attention mechanism', 'vision-to-vision homogeneous graph', 'visual features', 'many state-of-the-art methods', 'conventional attention mechanism', 'experimental results', 'benchmark datasets', 'attention information', 'support proper semantic alignment', 'target word states', 'visual features.', 'current attention process.'] 

Reference 132: ['graph learning', 'relation-aware attention', 'video captioning'] 

TOP-K 133: ['collaborative mdse.', 'industry practices', 'industry needs', 'classification framework', 'automated analysis scripts', 'academic research.', 'data sets', 'current practices', 'identification', 'needs', 'replication package'] 

Reference 133: ['collaborative software engineering', 'industry survey', 'model-driven engineering'] 

TOP-K 134: [['breast tumor classification'], 'single-modality features', 'novel triple-attention interaction network', 'intra-modality interaction mechanism', 'dwi images.', 'discriminative information.', 'discriminative ability', 'leverage correlation'] 

Reference 134: ['breast tumor classification', 'intra-modality interaction', 'multi-modality fusion', 'triple inter-modality interaction'] 

TOP-K 135: ['state-of-the-art regressors', 're-ranking methods', 're-ranking strategies', 'novel rank-based approach', 'base regressors', 'regression tasks', 'neighborhood information', 'weighted functions', 'base regressor', 'prediction errors', 'various datasets', 'several experiments', 'significant decrease'] 

Reference 135: ['manifold', 'prediction', 're-ranking', 'regression', 'unsupervised learning'] 

TOP-K 136: [['temporal convolutional network'], 'code clone detection task', 'sequence neural network', 'recursive structure', 'feedforward neural network', 'token embeddings', 'statement encoder', 'similar code clone detection', 'memory costs.'] 

Reference 136: ['abstract syntax tree', 'code clone detection', 'code representation', 'temporal convolutional network'] 

TOP-K 137: ['conditional probability twin svm', 'cptwsvm', ['multiclass classification'], 'conditional probability function', 'empirical risk', 'twsvms communities', 'discriminant projections', 'training samples', 'distribution function', 'class.', 'inconsistent measurement'] 

Reference 137: ['binary classification', 'conditional probability', 'multiclass classification', 'support vector machine', 'twin support vector machines'] 

TOP-K 138: ['powerful parallel feature extraction', 'spatial distance matrix', 'status frequency-inverse frequency.', 'good performance'] 

Reference 138: ['data constraint', 'environmental sensor', 'human activity recognition', 'neural network', 'smart home'] 

TOP-K 139: ['pneumonia diagnosis', 'new concept', 'surface array'] 

Reference 139: ['collaborative fusion', 'lattice curved surface array', 'multi-source medical examination data', 'precise pneumonia diagnosis', 'reliability evaluation'] 

TOP-K 140: ['energy-efficient av speech enhancement.', 'energy efficiency', 'gnn-cca application', 'novel gnn-cca model', 'audio reconstruction', 'self-supervised fusion', 'model temporal information'] 

Reference 140: ['canonical correlation analysis', 'graph neural networks', 'multimodal learning', 'positional encoding', 'prior frames neighborhood'] 

TOP-K 141: ['tools', 'popular tools', 'critical features.', 'potential go-to guideline', 'large community support', 'systematic comparison'] 

Reference 141: ['chatgpt', 'multivocal literature review', 'open tracing tool', 'telemetry'] 

TOP-K 142: ['grum framework', 'turtlebot robots.', 'model-driven techniques', 'available open-source implementation', 'runtime monitoring.', 'monitoring platform', 'automated generation'] 

Reference 142: ['cyber-physical systems', 'model-driven engineering', 'runtime monitoring'] 

TOP-K 143: ['robust principal component analysis', 'multi-view datasets', 'reliable pseudo labels', 'extensive experiments', 'select discriminative features.'] 

Reference 143: ['low-rank tensor learning', 'multi-view unsupervised feature selection', 'robust sparse regression model', 'spectral embedding'] 

TOP-K 144: ['few-shot learning', 'few-shot classes', 'un-seen addtional imagenet dataset', 'many-shot classes', 'visual relations', 'few-shot classification.', 'few-shot classes.', 'semantic relations', 'knowledge graph', 'visual similarities', 'initialization parameters', 'wordnet hierarchy', 'larges numbers', 'first attempt'] 

Reference 144: ['few-shot image', 'knowledge transfer', 'recognition'] 

TOP-K 145: ['bimodality/dual-channel area.', 'lda models.', 'alternative approaches', 'term rewording', 'related studies', 'certain paragraphs', 'proper changes'] 

Reference 145: ['lda', 'logs', 'multilingual lda', 'technical support', 'topic models'] 

TOP-K 146: ['nosql databases', 'schema evolution', 'nosql schema evolution.', 'inconsistencies', 'human developers', 'big data.', 'conceptual changes', 'data models.', 'automated model'] 

Reference 146: ['consistency', 'evolution', 'mde', 'model transformation', 'nosql', 'software requirements'] 

TOP-K 147: ['recursion tree', 'two-level load balancing strategy', 'resilient event-driven architecture.', 'asynchronous snapshot mechanism', 'low communication costs.', 'incremental updates'] 

Reference 147: ['distributed', 'formal concept analysis', 'resilient', 'scalable'] 

TOP-K 148: ['improving multi-view learning performance', 'model effectiveness', 'alternative learning mechanism', 'model input.', 'various datasets', 'representation learning.', 'various tasks', 'different samples'] 

Reference 148: ['instance-wise selection', 'multi-view representation learning', 'view-shared', 'view-specific'] 

TOP-K 149: ['pyramid structure', 'abide database', 'asd datasets', 'new network descriptor', ['graph kernel'], 'resting-state fmri.', 'brain diseases', 'experimental results', 'hierarchical architecture', 'brain network.'] 

Reference 149: ['autism spectrum disorder', 'brain network', 'fmri', 'graph kernel', 'optimal transport'] 

TOP-K 150: [['knowledge-based resources'], 'knowledge', 'cognitive processes', 'knowledge sources', 'agile environments.', 'flexible communication', 'significant knowledge waste.', 'poor codification', 'time waste.', 'systematic way', 'informal communication result'] 

Reference 150: ['agile software development', 'grounded theory', 'knowledge management', 'knowledge-based resources', 'software development'] 

TOP-K 151: ['awqsr', 'quaternion space.', 'sawqsrc method', 'theoretical analysis', 'method isrst', 'label information', 'full use'] 

Reference 151: ['quaternion sparse representation', 'supervised learning', 'weight learning'] 

TOP-K 152: ['ensemble effort estimation', 'eee', 'eee techniques', 'eee method', 'dynamic ensemble selection', 'estimation accuracy', 'systematic review', 'assessment quality criteria.', 'review questions', 'single models.'] 

Reference 152: ['machine learning', 'software effort estimation', 'software engineering', 'systematic literature review, ensemble effort estimation'] 

TOP-K 153: [['brain tumor segmentation'], ['deep learning'], 'neuroimaging analysis', ['statistical models'], ['probabilistic deep learning'], 'hybrid methods', 'future directions', 'application perspective.'] 

Reference 153: ['brain tumor segmentation', 'deep learning', 'medical imaging', 'probabilistic deep learning', 'statistical modeling'] 

TOP-K 154: ['sybil attacks.', 'critical components.'] 

Reference 154: ['cloud customer reviews', 'fake feedback detection', 'qos performance', 'reputation management', 'trust management model'] 

TOP-K 155: ['clustering', ['multi-order similarity'], 'first-order similarity', 'new multi-order similarity', 'second-order similarity', 'similarity learning', 'different data points.', 'exploits potential relationship'] 

Reference 155: ['graph learning', 'multi-order similarity', 'multi-view clustering', 'spectral clustering', 'tensor'] 

TOP-K 156: ['high-order tensor structure', 'ttgl method', 'topological structure', 'incomplete multi-view clustering.', 'first topological graph module', 'feature completion', 'correlation enhancement.'] 

Reference 156: ['incomplete multi-view clustering', 'low-rank tensor approximation', 'similarity completion', 'topological graph clustering'] 

TOP-K 157: ['computer science', 'long gamification experience', 'software testing course', 'statistical analysis', 'controlled experiment', 'large number', 'whole experience', 'key aspect'] 

Reference 157: ['empirical study', 'engagement', 'gamification', 'performance', 'software testing', 'test effectiveness'] 

TOP-K 158: ['end-to-end emt-net', 'emt-net', 'cnn-based rgb', ['image manipulation detection'], ['edge artifact enhancement'], 'transformer-based noise', 'visual artifact features', 'various post-processing methods', 'post-processing methods', 'boundary artifacts', 'state-of-the-art approaches', 'natural object edges', 'popular benchmarks', 'pixel-level results', 'multiple content-changing manipulation techniques'] 

Reference 158: ['edge artifact enhancement', 'edge supervision', 'image manipulation detection', 'transformer'] 

TOP-K 159: ['bsn fusion framework', 'cross-domain fusion', ['domain adaptation'], 'transfer fusion framework', 'multidomain deviation.', 'evaluation efforts', 'domain weights', 'promising effects'] 

Reference 159: ['body sensor networks', 'domain adaptation', 'information fusion', 'transfer learning', 'wearable device'] 

TOP-K 160: ['multi-task learning system performance', 'deep multi-task networks', 'weighting strategy', 'novel weighting strategy', 'model uncertainty', 'weights', 'low uncertainty', ['bayesian estimator'], 'high uncertainty', 'particle filter.', 'high performance', 'encouraging performance.'] 

Reference 160: ['bayesian estimation', 'deep learning', 'hyper-parameter tuning', 'multi task learning', 'particle filter', 'uncertainty'] 

TOP-K 161: [['lithium-ion batteries'], 'dynamic event-triggered mechanism', 'sensor failure', 'estimation error covariance', 'parameter uncertainty', 'online applications', 'estimation algorithm'] 

Reference 161: ['distributed filtering', 'dynamic event-triggering', 'lithium-ion batteries', 'random sensor failure', 'sensor networks', 'state-of-charge estimation'] 

TOP-K 162: ['federated contrastive learning method', ['contrastive learning'], 'medical image classification datasets', 'data heterogeneity', 'skin lesion classification dataset', 'real medical scenes', 'experimental results', 'chest x-ray dataset', 'global model', 'high performance', 'model generalization.', 'extensive experiments', 'local model', 'final model', 'current problem'] 

Reference 162: ['contrastive learning', 'federated learning', 'image classification'] 

TOP-K 163: [['transformer networks'], 'multi-modal futures.', 'individual human trajectories.', 'long-term forecasting', 'first in-depth experimental study', 'input/output representations', 'trajectory forecasting.', 'problem formulations.', 'comparative evaluation', 'first exhaustive evaluation'] 

Reference 163: ['bert', 'human behavior', 'multi-modal future prediction', 'trajectory forecasting', 'transformer networks'] 

TOP-K 164: ['unimodal regularised loss function', 'regularisation methods', 'state-of-the-art classification performance', 'triangular distributions.', 'different cnn models', 'ordinal benchmark datasets.', 'different metrics', 'different distributions.'] 

Reference 164: ['deep learning', 'ordinal loss', 'triangular distribution', 'unimodal regularisation'] 

TOP-K 165: ['multimodal sentiment analysis model', 'self-supervised label generation module', 'multi-level correlation mining framework', 'correlation mining', 'unimodal labels', 'multi-task learning.', 'correlation information.'] 

Reference 165: ['linguistic-guided transformer', 'multimodal sentiment analysis', 'self-supervised label generation', 'unimodal feature fusion'] 

TOP-K 166: ['magnetic information', 'yaw correction.', 'coupling reason', 'sensor fusion approach', 'related works', 'reference vector', 'different experiments', 'robust roll', 'performance comparison', 'absolute reference', 'pitch estimates.'] 

Reference 166: ['decoupled sensor fusion approach', 'extended kalman filter', 'orthogonal observation references', 'pose feedback', 'quaternion'] 

TOP-K 167: ['deep hypersphere classifiers', 'state-of-the-art methods', 'class acceptance regions', 'compact hypersphere models', 'novel methods', 'experimental results', 'novel loss terms', 'deep feature representations.', 'learnable parameters', 'outlier exposure', 'open set recognition.', 'noisy labels', 'background datasets.'] 

Reference 167: ['anomaly detection', 'deep learning', 'hypersphere classifier', 'open set recognition'] 

TOP-K 168: ['contrastive clustering', 'data augmentation strategy contrastivecrop', 'state-of-the-art clustering method', 'contrastive clustering.', 'cces', 'effective sample pairs construction', 'superior performance', 'cces constructs sample pairs'] 

Reference 168: ['contrastive learning', 'deep clustering', 'nearest neighbor', 'representation learning'] 

TOP-K 169: ['extendedsketch', 'reversible sketch', 'detailed theoretical analysis', 'performance comparison'] 

Reference 169: ['memory efficient', 'network host trust evaluation', 'network traffic measurement', 'sketch', 'super host identification'] 

TOP-K 170: [['faas'], 'web services', 'use cases', 'data processing', 'development process', 'mature projects'] 

Reference 170: ['cloud computing', 'faas', 'serverless'] 

TOP-K 171: ['design decisions', 'dimensionality reduction methods', 'architectural design spaces.', 'key design decisions', 'quality attributes', 'current approaches'] 

Reference 171: ['dimensionality reduction', 'tradeoff analysis', 'uncertainty'] 

TOP-K 172: [['fuzzy numbers'], 'fuzzy dispersion measure', 'fuzzy number.', 'geometric shape', 'analytical properties.'] 

Reference 172: ['decision making', 'dispersion measure', 'fuzzy number', 'fuzzy set', 'variance'] 

TOP-K 173: ['riemannian bi-level optimization.', 'meta-learning method', 'euclidean counterpart method', 'stable meta-learning', 'neural network layers.', 'few-shot classification', 'orthogonality constraints', 'inner-level steps'] 

Reference 173: ['few-shot image classification', 'geometry-aware optimization', 'meta-learning', 'riemannian manifolds'] 

TOP-K 174: ['sub-consensus tasks', 'flp-style proofs', 'locally-solvable valency tasks', 'flp strategy', 'set consensus', ['weak symmetry breaking'], 'wait-free shared-memory.', 'impossibility results.', 'studies impossibility proofs'] 

Reference 174: ['impossibility proofs', 'renaming', 'set agreement', 'wait-freedom', 'weak symmetry breaking'] 

TOP-K 175: ['multimodal information fusion', 'multiview multimodal fusion', 'dynamic interactions', 'state-of-the-art results', 'information fusion process.', 'interactive information.', 'different speakers.'] 

Reference 175: ['dynamic interactive multiview memory network', 'emotion recognition in conversation', 'multimodal fusion'] 

TOP-K 176: ['flaky test detection', 'test flakiness', ['flaky tests'], 'dynamic rerun-based approaches', 'detailed multivocal review', 'order dependency', 'common methods'] 

Reference 176: ['flaky tests', 'multivocal review', 'non-deterministic tests', 'software testing', 'test bugs'] 

TOP-K 177: ['task specific representation', 'inter-task correlation', 'extensive experiments'] 

Reference 177: ['affective computing', 'emotion recognition', 'multimodal sarcasm recognition', 'multitask learning', 'sentiment analysis'] 

TOP-K 178: ['t-svd framework', 'tensor data', 'real tensor data', 'noncommutative bernstein inequality', 'trpca problems', 'main tensor information', 'large singular values', 'golfing scheme', 'mathematical tools', 'numerical experiments', 'exact recovery theories', 'corresponding models', 'efficient algorithms', 'practical applications', 'convergence guarantees'] 

Reference 178: ['admm', 'multilayer subspace prior information', 't-svd', 'tensor completion', 'tensor robust principal component analysis'] 

TOP-K 179: ['mixed-integer linear programming', 'local waypoints threshold', 'two-stage solution', 'hybrid team', 'maritime search.', 'evolutionary algorithms', 'early stop time', 'stationary multi-motherships.', 'exact model', 'coverage makespan.', 'exact model approximately.'] 

Reference 179: ['coverage path planning system', 'mixed integer linear programming', 'scheduling software', 'shipborne electric uav', 'uav-ship hybrid team'] 

TOP-K 180: ['short-term high-dimensional pattern.', 'optimization settings', 'novel approach'] 

Reference 180: ['ensemble learning', 'high-dimensional covariance matrix', 'high-dimensional short-term data', 'online learning', 'portfolio optimization'] 

TOP-K 181: ['defocus hallucination', 'deep poisson fusion', 'photo-realistic bokeh rendering.', 'novel fusion framework', 'radiance virtualization', 'defocus map', 'indirect supervision.', 'poisson gradient constraint'] 

Reference 181: ['bokeh rendering', 'circle of confusion', 'deep blending', 'defocus estimation', 'image fusion'] 

TOP-K 182: ['hsi sr.', 'eunet', 'deep learning.', 'domian knowledge', 'limited computing resources', 'spatial-spectral representation.', 'different scenarios', 'comparable results'] 

Reference 182: ['disentangled spatial-spectral representation', 'hyperspectral image', 'super-resolution', 'unfolding network'] 

TOP-K 183: ['latent variables', 'latent dimensionality', 'kronecker approach.', 'interpretable latent variable model', 'model parameters', 'count matrix data', 'several data examples'] 

Reference 183: ['discrete data', 'kronecker model', 'matrix normal distribution', 'poisson log-normal distribution'] 

TOP-K 184: ['code clone detection.', 'tree-based position embedding', ['code token learner'], 'code transformer.', 'state-of-the-art results', 'important benchmarks', 'computation cost.', ['efficient transformer'], 'input size'] 

Reference 184: ['code clone detection', 'code token learner', 'efficient transformer'] 

TOP-K 185: ['argument recommendation', 'language models', ['program analysis'], 'promising valid argument candidates', 'semantic constraints', 'syntax', 'expected arguments.', 'valid candidates', 'challenging task.'] 

Reference 185: ['code completion', 'effective argument recommendation', 'program analysis', 'statistical language model'] 

TOP-K 186: ['security defects', 'formal security analyses', 'scheme', 'communication cost.'] 

Reference 186: ['elliptic curve cryptosystem', 'internet of things', 'performance', 'security', 'three-factor authentication'] 

TOP-K 187: ['hybrid-ensemble-based classifier', ['imbalanced residual sketch learning'], 'novel training method'] 

Reference 187: ['ensemble learning', 'generalization capability', 'hybrid ensemble structure', 'imbalanced residual sketch learning', 'imbalanced tsk fuzzy classifier', 'interpretability'] 

TOP-K 188: [['multi-label learning'], 'label-specific feature', 'l1 norm', 'label manifold', 'high representativeness instances', 'shared weight matrix', 'feature manifold', 'sparse labels.', 'sparse structure', 'nuclear norm', 'implicit correlations', 'model low-rank structure', 'weight matrix.', 'sparse regularization'] 

Reference 188: ['low-rank', 'missing labels', 'multi-label learning', 'shared weight', 'sparse'] 

TOP-K 189: ['awas', 'china national grid', ['workload balancing'], 'paper', 'grid loads', 'heuristic methods.', 'scheduling process'] 

Reference 189: ['computational grid', 'job scheduling', 'neural network', 'parallel', 'workload balancing'] 

TOP-K 190: ['high-precision gait analysis', 'foot-clearance estimation', 'low-cost inertial sensors.', ['data fusion'], 'single-foot level', 'dual-foot level.', 'extracts new human-walking constraints.'] 

Reference 190: ['data fusion', 'gait parameters', 'inertial sensors', 'mems sensors', 'motion constraint'] 

TOP-K 191: ['public retinal oct datasets', 'multi-scale fusion encoder', 'novel co-attention mechanism', 'ocular prognosis.', 'grade retinopathy.', 'proposed system', 'disease patterns.'] 

Reference 191: ['contrastive learning', 'few-shot learning', 'ophthalmology', 'optical coherence tomography', 'retina'] 

TOP-K 192: ['compression method', 'quality annotation', 'high-quality text.', 'text quality assessment model.', 'subjective evaluation', 'human work.'] 

Reference 192: ['image compression', 'quality assessment', 'regression model', 'scene text image', 'text quality'] 

TOP-K 193: ['linear non-gaussian models.', 'scalable algorithm', 'significant speedup', 'synthetic datasets', 'speedup ratio', 'necessary computations', 'causal structures'] 

Reference 193: ['causal discovery', 'directlingam algorithm', 'gpu acceleration', 'machine learning', 'parallel processing'] 

TOP-K 194: ['blind gaussian network', 'low contrast regions', 'negative input image', 'new multi-scale feature extraction', 'new multi-scale pixel attention', 'features', 'fast denoising network', 'feature map', 'input noisy image', 'block', 'feature map.', 'important features', 'different scales', 'first time', 'different scales.'] 

Reference 194: ['blind gaussian noise removal', 'convolutional layer', 'deep convolutional residual network', 'dilated convolution', 'residual architecture', 'skip connection'] 

TOP-K 195: ['javascript-specific atom candidates', 'javascript programmers.', 'javascript projects', 'code patterns', 'c programmers', 'atoms'] 

Reference 195: ['atoms of confusion', 'javascript code', 'program comprehension', 'program understanding', 'software maintenance'] 

TOP-K 196: ['data analytics company', 'research question.'] 

Reference 196: ['data science', 'data validation', 'software engineering best practice', 'test automation'] 

TOP-K 197: [['stereo matching'], '2d convolutional form', 'temporal context.', 'cost volume', 'disparity search range.'] 

Reference 197: ['2d convolution', 'edge cues', 'pyramid cost volume', 'stereo matching', 'temporal attention'] 

TOP-K 198: [['aggregation methods'], 'ensemble learning.', 'uncertainty management methods', 'large-scale comparison', 'noise robustness.', 'excellent baseline performance.', 'excellent accuracy'] 

Reference 198: ['aggregation methods', 'collective intelligence', 'ensemble learning', 'information fusion', 'social choice theory', 'uncertainty management'] 

TOP-K 199: ['novel continuous-discrete estimator', 'novel information fusion strategy', 'asymptotic stability', 'mobile robots.', 'sub-optimal smooth output.', 'simulation experiments', 'formal proofs', 'exact dynamic consensus.', 'formation tracking'] 

Reference 199: ['estimation fusion', 'mobile robot', 'perception-latency', 'target tracking'] 

TOP-K 200: [['trustworthy ai'], ['responsible ai systems'], 'trustworthy ai.', 'european ai act.', 'ai ethics.', 'ethical use', ['regulatory sandboxes'], 'fundamental pillars', 'regulatory efforts', 'holistic vision', 'philosophical reflection'] 

Reference 200: ['ai ethics', 'ai regulation', 'regulatory sandbox', 'responsible ai systems', 'trustworthy ai'] 

TOP-K 201: ['multilingual multitask approach', 'multitask strategy', 'primary slu tasks.', 'shared sentence encoder'] 

Reference 201: ['deep learning', 'information fusion', 'intent detection', 'multilingual analysis', 'multitask learning', 'slot filling'] 

TOP-K 202: ['networked systems.', 'fusion estimation problem', 'fusion method', 'fusion methods.', 'unknown-but-bounded noises', 'local estimation errors', 'fusion estimator', 'bit rate', 'gain matrix'] 

Reference 202: ['bit rate constraint', 'distributed fusion', 'nonlinear networked systems', 'set-membership state estimation', 'zonotopes'] 

TOP-K 203: ['image fusion', 'state-of-the-art fusion results', 'unified fusion framework', 'simple training process', 'saliency information', 'adaptive way.'] 

Reference 203: ['deep learning', 'fusion weight', 'pixel-level image fusion', 'saliency detection'] 

TOP-K 204: ['training data', 'previous tasks', 'previous datasets', 'method'] 

Reference 204: ['catastrophic forgetting', 'continual learning', 'knowledge distillation'] 

TOP-K 205: ['pri', 'atomic deposit protocol', 'two-party payments', 'dual-script atomic deposit protocol', 'cryptographic primitives.', 'payer-payee pair', 'communication cost', 'computation cost', 'expiration time', 'dishonest scenarios.', 'performance evaluation', 'superior performance'] 

Reference 205: ['blockchain', 'interoperability', 'reusability', 'scalability'] 

TOP-K 206: [['label distribution'], 'label distribution data.', 'new criterion', 'fuzzy uncertainty measures', 'irrelevant information'] 

Reference 206: ['attribute reduction', 'fuzzy similarity relation', 'label distribution', 'label irrelevance', 'semi-supervised'] 

TOP-K 207: ['visual modality', 'visual features.', 'human learning mechanisms', 'multi-modal features', 'predicate features', 'visual understanding.'] 

Reference 207: ['attention', 'bilinear fusion', 'brain-inspired frameworks', 'multi-modality fusion', 'vision language tasks', 'visual question answering'] 

TOP-K 208: ['quantum annealing programs', 'quantum annealing software', 'quantum annealing programs.', 'd-wave programs', ['reverse engineering'], 'hybrid software systems.', 'quantum software engineering deals', 'hybrid systems.', 'case study'] 

Reference 208: ['d-wave', 'dynamic analysis', 'knowledge discovery metamodel', 'quantum annealing', 'quantum software engineering', 'reverse engineering'] 

TOP-K 209: [['string constraints'], 'hard formulae', 'regular model checking.', 'compact encoding', 'state space.', ['nielsen transformation'], 'significant advantage'] 

Reference 209: ['finite automata', 'monadic second-order logic over strings', 'nielsen transformation', 'regular model checking', 'satisfiability modulo theories', 'string constraints'] 

TOP-K 210: ['hate speech', 'hsd benchmarks', 'specific negative emotions.', 'baseline methods'] 

Reference 210: ['emotion detection', 'hate speech detection', 'multi-label learning', 'multi-task learning'] 

TOP-K 211: ['multiple fusion strategies.', 'decision-level fusoin method.'] 

Reference 211: ['adaptive weighting strategy', 'decision-level fusion', 'rgbt tracking', 'visual object tracking'] 

TOP-K 212: ['multi-grained visual knowledge', 'learning visual pre-training knowledge.', 'region-level diversity', 'original work', 'extensive experiments', 'effective approach'] 

Reference 212: ['multi-grained visual information', 'self-supervised learning', 'visual pre-training'] 

TOP-K 213: ['esrm unsupervised learning.', 'pre-trained target tasks', 'relationship consistency prediction', 'language model.'] 

Reference 213: ['data fusion', 'esrm', 'relational consistency prediction', 'replacement language model'] 

TOP-K 214: ['rpredictor', 'machine learning', 'ml algorithm', 'java programs.', 'resolution strategies', 'conflict resolutions.', 'resolution strategy', 'empirical study'] 

Reference 214: ['conflict resolution', 'prediction', 'software merge', 'textual conflicts'] 

TOP-K 215: ['meta-knowledge transfer', 'high-level information', 'crowdsourced workers.', 'truth inference.', 'full use'] 

Reference 215: ['crowdsourcing', 'meta learning', 'transfer learning', 'truth inference'] 

TOP-K 216: ['discriminative action classification representation', 'action classification', 'adaptive receptive field', 'precise action localization', 'local attention', 'global attention.', 'different properties'] 

Reference 216: ['temporal action detection', 'untrimmed video analysis', 'video representation'] 

TOP-K 217: ['nlp tools', 'specific indicators', 'different indicators', 'pure variability indicators.', 'implicit source', 'different detection capabilities'] 

Reference 217: ['ambiguity', 'natural language processing tools', 'natural language requirements documents', 'software product lines', 'variability detection'] 

TOP-K 218: ['agile software project', ['affective states'], 'agile software engineers', 'agile literature', 'affective data collection methods', 'agile engineering', 'affective states.', 'well-defined performance metrics', ['software engineer']] 

Reference 218: ['affective state', 'agile methodology', 'software engineering', 'software engineers’ performance', 'software quality'] 

TOP-K 219: [['meta learning'], 'state-of-the-art methods', 'meta knowledge', 'interdependent miml data.', 'diverse datasets', 'task learners', 'context learner', 'structure information'] 

Reference 219: ['data fusion', 'heterogeneous network embedding', 'meta learning', 'multi-instance learning', 'multi-label learning'] 

TOP-K 220: ['apicia', 'test suite augmentation', 'android apps', 'real-world android apps', 'app code', 'impact', 'tests', 'first impact analysis', 'android apps.', 'api change', 'target api change.', 'test selection', 'source code', 'novel technique'] 

Reference 220: ['android', 'api evolution', 'change impact analysis', 'regression testing'] 

TOP-K 221: ['ky-fan k-antinorm', 'manifold learning problem', 'cae+h method', 'real-world datasets', 'new curvature term', ['rank constraint'], 'rank k.', 'objective function', 'jacobian function.', 'new term'] 

Reference 221: ['alternating algorithm', 'autoencoders', 'dimensionality reduction', 'ky fan antinorm', 'manifold learning', 'rank constraints'] 

TOP-K 222: ['incremental summarization', 'unsupervised autoencoder', 'real-time news events.', 'short texts', 'information updates', 'semi-extractive method', 'summarization processes', 'sentence compression task.'] 

Reference 222: ['automatic document summarization', 'information novelty', 'natural language processing', 'neural network', 'unsupervised approach', 'update sentence compression'] 

TOP-K 223: ['cross-modality person-reid.', 'unified g2da framework', 'state-of-the-art methods', 'modality correspondence', 'cross-modality image pairs.', 'skeleton graphs', 'structure alignment', 'discriminative power', 'extensive experiments', 'new perspective'] 

Reference 223: ['channel exchange', 'cross-modality matching', 'feature alignment', 'optimal transport', 'person re-identification'] 

TOP-K 224: ['strong topology-based zsl benchmark', 'comprehensive topology integration scheme', ['zero-shot learning'], 'state-of-the-art performance.'] 

Reference 224: ['image classification', 'topology mining', 'zero-shot learning'] 

TOP-K 225: ['granular computing-based method', 'novel euclidean distance function', 'granular linguistic information', 'bwm framework', 'online reviews', 'scenic spots recommendation', 'preference information', 'case study'] 

Reference 225: ['best worst method', 'group consensus', 'information granularity', 'interval type-2 fuzzy sets', 'linguistic elicitation'] 

TOP-K 226: ['gaofen-3 satellite', 'new fusion method', 'sar images', 'airborne sar images', 'target-to-clutter ratio', 'vessel detection.', 'method demonstration', 'detection performance.'] 

Reference 226: ['fuzzy logic', 'saliency', 'spaceborne and airborne platforms', 'synthetic aperture radar (sar) image', 'vessel target detection'] 

TOP-K 227: ['pruning-based model compression', 'ilp problems.', 'dnn model.', 'three-step data compression strategy', 'computation partitioning problem', 'edge-side part', 'raspberry pi 4b'] 

Reference 227: ['collaborative inference', 'compression approaches', 'deep neural network', 'edge intelligence'] 

TOP-K 228: ['opencv-gpu library', 'efficient gpu kernel', 'four-directional 5x5 sobel operator.', 'implemented gpu kernel', 'high processing speed', 'warp-level primitives.', 'prefetching mechanism.', 'two-step optimization approach.', 'data transmission', 'diagonal directions'] 

Reference 228: ['acceleration algorithm', 'graphics processor', 'multi-directional', 'sobel operator'] 

TOP-K 229: ['fl-enhance', 'new data-selection-based method', 'baseline fl methods', 'various datasets', 'privacy protection', 'tabular datasets.', 'fedopt algorithms.'] 

Reference 229: ['data fusion', 'federated learning', 'model fusion', 'non-iid data'] 

TOP-K 230: ['decision making', 'deep learning', ['subgroup discovery'], 'social media.', 'expert evaluation', 'explainable decision making.', 'natural language', 'internal decision mechanism.', ['attention mechanisms'], 'sentiment analysis', 'methodology'] 

Reference 230: ['attention mechanisms', 'crowd decision making', 'explainability', 'social media opinions', 'subgroup discovery'] 

TOP-K 231: ['practices', 'sushere', 'health goals.', 'main goals.'] 

Reference 231: ['health', 'requirements engineering', 'sustainability', 'well-being'] 

TOP-K 232: ['attributions-based interpretability methods', ['pixel attributions'], 'image reconstruction', 'pixel attributions.', 'sanity checks', 'input pixel features', 'automatable gradient approach', ['saliency maps']] 

Reference 232: ['complex step derivative approximation', 'pixel attributions', 'saliency maps', 'sanity checks and deep neural networks (dnns)', 'trustworthiness'] 

TOP-K 233: [['speech enhancement'], ['adversarial defense'], 'speech enhancement networks', 'adversarial attack adaptively.', 'learnable noise-adding module', 'first work', 'adversarial example detection'] 

Reference 233: ['adversarial defense', 'automatic speaker verification', 'model fusion', 'noise mitigation', 'speech enhancement'] 

TOP-K 234: [['media planning'], 'brand agent', 'marketing agent-based model.', 'deep reinforcement', 'decision support systems', 'media planning policy.', 'real brand.', 'marketing budget'] 

Reference 234: ['agent-based modeling', 'deep q-network', 'deep reinforcement learning', 'marketing', 'media planning'] 

TOP-K 235: ['i/o workload demand', 'i/o data', 'metadata operations', 'file system operations', 'performance degradation.', 'significant load imbalance', 'normal system operation.', 'problematic applications', 'single type'] 

Reference 235: ['high-performance storage', 'i/o characterization', 'lustre', 'metadata', 'parallel file system'] 

TOP-K 236: ['headpose-softmax', 'sota competitors', 'backbone model', ['face recognition'], 'negligible computational complexity', 'inference process', 'multiple face recognition benchmarks.', 'training process', 'difficult samples', 'automatic adjustment', 'difficult sample.', 'importance'] 

Reference 236: ['curriculum learning', 'face recognition', 'multi-view face', 'pose-aware'] 

TOP-K 237: ['multi-label reassignment mechanism', 'deep open-source framework', 'imprecise samples.', 'imbalanced data enhancement architecture', 'training samples', 'reason imprecise information.', 'different classes', 'fuse different information.'] 

Reference 237: ['data uncertainty', 'deep techniques', 'image classification', 'imprecision', 'multiple labels'] 

TOP-K 238: [['contrastive graph learning'], 'novel context-aware clustering framework', 'intra-class relationships', 'topological graph views', 'cluster boundaries', 'contrastive learning.', 'loss function', 'influential graph views', 'effective algorithm', 'intra-class boundaries.'] 

Reference 238: ['contrastive graph learning', 'graph convolution network', 'graph view generation', 'supervised clustering'] 

TOP-K 239: ['iot attack detection', 'iot attacks', 'ssdsae model', 'high-level attack feature extraction.', 'few-shot sample scenarios', 'good noise immunity', 'noise labels.'] 

Reference 239: ['adaptive loss weighted meta residual network', 'detection accuracy', 'dynamic weighting', 'few-shot sample iot attack', 'local and non-local graph embeddings', 'semi-supervised dsae'] 

TOP-K 240: ['multimodal data fusion', 'iot networks', 'multi-head architecture', 'state-of-the-art results', 'up-fall detection dataset', 'model deployment', 'spatial dimension features'] 

Reference 240: ['convolutional block attention module', 'convolutional long short term memory', 'human activity recognition', 'internet of things', 'multi-head convolutional neural network'] 

TOP-K 241: ['hrt', 'top-down active attention mechanism.', 'transformer decoder', 'novel transformer model', 'transformer encoder', 'visual feature', 'active connection', 'attribute vector', 'important issue', 'different types'] 

Reference 241: ['attention', 'hybrid routing', 'transformer', 'zero-shot learning'] 

TOP-K 242: [['distribution normalization'], ['adversarial robustness'], 'black-box attacks', 'white-box attacks', 'state-of-the-art methods', 'common corruptions', 'adaptive attacks', ['margin balance'], 'unseen attacks', 'identity matrix', 'minimal margin', 'equal margin', 'theoretical explanation.'] 

Reference 242: ['adversarial robustness', 'adversarial training', 'distribution normalization', 'margin balance'] 

TOP-K 243: ['large-scale mixed cooperative-competition scenarios', 'marl methods', 'various mixed cooperative-competitive tasks', 'empirical experiments', 'dueling network structure', 'method', 'individual value function', 'mean-field theory.', 'first attempt'] 

Reference 243: ['mean filed', 'mixed cooperative-competitive task', 'multi-agent', 'value decomposition'] 

TOP-K 244: ['converged goal model', 'business-critical case study', 'minor adjustments', 'crossover service company.', 'goal model needed.'] 

Reference 244: ['conflict detection', 'crossover services', 'goal convergence', 'goal modeling', 'requirements engineering'] 

TOP-K 245: ['federated recommendation model', 'microservice framework.', 'typical neural cf model.', 'auxiliary information'] 

Reference 245: ['distributed recommender system', 'federated collaborative recommendation model', 'microservice framework', 'privacy preservation'] 

TOP-K 246: ['heterogeneous dvfs method', 'optimal heterogeneous dvfs setups', 'energy efficiency', 'regular data-parallel applications.', 'clock frequency', 'workload distribution.'] 

Reference 246: ['ccnuma', 'data-parallel applications', 'energy saving', 'heterogeneous voltage frequency scaling', 'multicore'] 

TOP-K 247: ['covid-19 lockdown.', 'home-working environment', 'multi-method investigation', ['project success'], 'important factor'] 

Reference 247: ['multi-method study', 'project success', 'scrum', 'working from home'] 

TOP-K 248: ['software product lines', 'game software engineering.', 'new video game content', 'balancing game difficulty', 'industry-scale video game.'] 

Reference 248: ['code-driven development', 'empirical evaluation', 'game software engineering', 'model-driven development', 'software product line engineering'] 

TOP-K 249: ['package metrics', 'packages', 'selection factors', 'package owners'] 

Reference 249: ['highly-selected packages', 'npm', 'package quality', 'software ecosystem'] 

TOP-K 250: ['open-source microservice repositories', 'open-source systems', 'microservice-based architectures', 'business logic', 'evolution', 'atomic changes', 'main tendency'] 

Reference 250: ['microservices', 'mining software repositories', 'service-oriented architecture', 'software architecture', 'software evolution'] 

TOP-K 251: ['histopathological images', 'wavelet position embedding module', ['wavelet position embedding'], 'histopathological images.', ['external multi-head attention'], ['vision transformer'], 'improved classification performance', 'low flops', 'potential correlations', 'low cost computation', 'transformer block', 'parameters', 'different samples.'] 

Reference 251: ['convolutional neural network', 'external multi-head attention', 'histopathological image classification', 'vision transformer', 'wavelet position embedding'] 

TOP-K 252: ['locality-optimized subgraph construction scheme', 'benefit-aware scheduling scheme', 'inactive edges', 'i/o traffic.', 'compact edge format', 'storage space'] 

Reference 252: ['graph processing', 'out-of-core', 'subgraph construction'] 

TOP-K 253: ['wearable sensor datasets', ['knowledge distillation'], 'comprehensive cross-subject evaluations', 'ensemble learners', 'ensemble diverse hypotheses', 'knowledge distillation.', 'diverse features.', 'theoretic explanation'] 

Reference 253: ['ensemble learning', 'human activity recognition', 'human intent prediction', 'knowledge distillation', 'unsupervised cross-subject adaptation', 'wearable robots'] 

TOP-K 254: ['serviced-based architectures.', 'architecture', 'structural attributes', 'fuzzy limit', 'charm'] 

Reference 254: ['characterization model', 'microservice', 'service-based system', 'software architecture'] 

TOP-K 255: ['reversible adversarial example', 'reversible adversarial example.', ['adversarial example'], 'original image'] 

Reference 255: ['adversarial example', 'ai security', 'reversible data hiding'] 

TOP-K 256: ['online-to-onsite transfer', 'student teams organization', 'project-based course challenges', 'in-person education.', 'impact analysis'] 

Reference 256: ['online education', 'soft skills', 'software engineering education', 'teamwork'] 

TOP-K 257: ['ciot systems', 'cognitive capabilities', ['service compositions'], 'cognitive features', 'cognitive things.', 'adaptability issues', ['transactional properties'], 'application reliability', 'smart things.', 'multiple applications context', 'service execution'] 

Reference 257: ['cognitive computing', 'cognitive things', 'internet-of-things', 'service composition', 'transactional properties'] 

TOP-K 258: ['context-aware matrix factorization', 'house prices', 'regional market', 'real estate.', 'forecasting accuracy', 'new perspective', 'temporal evolution.', 'fuse information.'] 

Reference 258: ['data fusion', 'data mining', 'matrix factorization', 'real estate', 'urban computing'] 

TOP-K 259: ['non-parametric framework', 'neural network', 'cv estimate', 'limited sample databases', 'statistical significance.', 'generalisation ability adversely.'] 

Reference 259: ["alzheimer's disease", 'deep learning', 'family wise error', 'neuroimaging', 'statistical power', 'statistical significance'] 

TOP-K 260: ['failure modes.', 'sfakm clustering', 'potential failure modes', 'behavioral topsis', 'novel large-group failure mode', 'effects analysis framework', ['angle grinder'], 'risk level'] 

Reference 260: ['angle grinder', 'consensus reaching process', 'construction equipment', 'large-group failure mode and effects analysis', 'relative basic uncertain linguistic information'] 

TOP-K 261: ['dpn network', 'dpn-based deep architecture', 'semantic features', 'sota performance', 'public datasets', 'salient features', 'sentence classification.', 'abstract features.', 'semantic dependencies'] 

Reference 261: ['feature extraction', 'natural language processing', 'sentence classification', 'text classification'] 

TOP-K 262: ['fpga platforms', 'modular hybrid karatsuba multiplier.', 'high throughput', 'area-time performance', 'hita', 'point operation', 'clock cycles.'] 

Reference 262: ['edward curve cryptoprocessor', 'elliptic curve cryptography (ecc)', 'field programmable gate array (fpga)', 'finite field'] 

TOP-K 263: [['continual learning'], 'neural networks.', 'data privacy', 'experience replay.', 'new layers', 'novel method'] 

Reference 263: ['continual learning', 'deep learning', 'life-long learning', 'machine learning'] 

TOP-K 264: ['fusion estimation problem', 'multi-sensor networked systems.', ['try-once-discard protocols'], ['mixed time-delays'], 'estimation errors', 'sequential estimator'] 

Reference 264: ['fusion estimation', 'mixed time-delays', 'networked systems', 'try-once-discard protocols', 'unknown-but-bounded noises', 'zonotopic set-membership state estimation'] 

TOP-K 265: ['high quality dark videography.', 'high quality rgb', ['dual-channel network'], 'color fidelity', 'learning strategy', 'real scenes.', 'detail recovery', 'temporal-spectral prior jointly.', 'superior performance', 'noise levels', 'different sensors', 'nir video dataset'] 

Reference 265: ['computational photography', 'dark vision', 'dual-channel network', 'low light video', 'rgb-nir', 'video denoising'] 

TOP-K 266: ['new state-of-the-art performances', 'weight-guided class', 'long-tailed scenario', 'unsampled classes', 'weight refining scheme', 'plug-and-play weight-guided class', 'training process', 'gradient shift issue', 'long-tailed distribution.', 'weight-guided feature mining loss.', 'slot-based class', 'various benchmarks', 'framework', 'bias term', 'significant improvement'] 

Reference 266: ['gradient shift', 'image recognition', 'long-tailed distribution', 'weight-guided method'] 

TOP-K 267: ['fovea stream', 'low-power devices.', 'lower-resolution images.', 'commodity tiny edge devices', 'center-cropped portions', 'context stream inputs', 'video data.'] 

Reference 267: ['convolutional neural network', 'deep learning', 'human activity recognition', 'resource-constrained devices', 'tinyml'] 

TOP-K 268: ['cluster error function', 'clustering problem', 'new clustering algorithm', 'well-separated clusters', 'clustering algorithm', 'illustrative examples', 'discrete gradient method', 'new optimization model', 'real-world data', 'new model', 'silhouette plots.', 'adaptive approach.'] 

Reference 268: ['cluster analysis', 'cluster validity index', 'incremental algorithm', 'nonsmooth optimization', 'silhouette coefficients'] 

TOP-K 269: ['android apps.', 'segment-based delta debugging', 'apps', 'tool', 'search space', 'approach', 'spurious statements', 'precise slices'] 

Reference 269: ['android', 'delta-debugging', 'slicing'] 

TOP-K 270: ['nedcf', 'evolutionary clustering.', 'community evolution patterns.', 'extensive experimental results', 'good explanatory ability'] 

Reference 270: ['dynamic network', 'local node characteristics', 'network embedding', 'non-negative matrix factorization'] 

TOP-K 271: ['efficient iterative algorithm', 'classification accuracy', 'nonconvex approximations', 'extensive numerical experiments', 'algorithm', 'unified model', 'norm', 'regular term', 'new formulation', 'direction method'] 

Reference 271: ['feature selection', 'linear discriminant analysis', 'optimal scoring', 'sparseness', 'ℓ<sub>q</sub>−norm'] 

TOP-K 272: ['resolving long-term dependency problem', ['single-stream transformer'], 'attention mechanism.', 'joint representation', 'different frequency.'] 

Reference 272: ['alignment prediction', 'multimodal masked language model', 'multimodal sentiment analysis', 'single-stream transformer'] 

TOP-K 273: ['task-driven ec-based nas framework', 'dynamic ridgelet networks', 'high-performance lightweight networks', 'adaptive inference', 'lightweight networks', 'topology pruning-based search strategy', 'multiple ridgelet kernels', 'hybrid evaluation criteria', 'knowledge transfer-based training strategy', 'convolutional kernel-level mutation operators.', 'candidate networks', 'design dynamic inference', 'evaluation results.'] 

Reference 273: ['dynamic inference', 'image classification', 'knowledge transfer', 'neural architecture search (nas)'] 

TOP-K 274: ['first parallel b&b algorithm', 'super-linear speedup', 'parallel history-based domination', 'novel parallelization techniques', 'np-hard sequencing problem', 'parallel algorithm', 'speedup ratio', ['sequential ordering problem'], '32-core processor', 'history-based domination technique.', 'algorithm', 'thorough experimental evaluation', 'precedence constraints.', 'history-table memory management.', 'many instances'] 

Reference 274: ['combinatorial optimization', 'history domination', 'np-complete problems', 'parallel branch-and-bound', 'sequential ordering problem'] 

TOP-K 275: ['regret-based feature evaluation system', 'kelm model', 'adaptive s3wd model', 'feature selection'] 

Reference 275: ['kernel extreme learning machine', 'multi-scale information system', 'multivariate prediction', 'regret theory', 'sequential three-way decision'] 

TOP-K 276: ['parallel runtime', 'n', 'θ', 'serial runtime', 'mathematical justification', 'log', 'hut algorithm'] 

Reference 276: ['barnes–hut', 'brain', 'connectome', 'large-scale', 'simulation'] 

TOP-K 277: ['secure algorithms', 'algorithms', 'unsecure algorithms.', 'labeling problems', 'negligible overhead.', 'local confidentiality', 'global correctness.', 'main contribution', 'round complexity'] 

Reference 277: ['distributed algorithms', 'generic algorithms', 'graph coloring', 'multi-party computation', 'privacy preserving'] 

TOP-K 278: [['api remoting'], 'heuristic', 'vgpu placement', 'multi-objective ilp model.', 'remote vgpu accesses.', 'gpu sharing', 'average request duration', 'joint problem', 'negative performance impacts', 'rejection ratio', 'high arrival rates', 'fast networks', 'commercial solutions', 'grid technologies.', 'different scenarios.'] 

Reference 278: ['api remoting', 'cloud computing', 'gpu disaggregation', 'multi-objective optimization', 'vm placement'] 

TOP-K 279: ['copilot', 'code copilot', 'ai pair programmer.', 'novice developers', 'efficient solutions', 'buggy', 'humans'] 

Reference 279: ['code completion', 'github copilot', 'language model', 'testing'] 

TOP-K 280: ['consensus hybrid strategy framework', 'cloud model-based consensus optimisation', 'moderator-guided consensus.', 'consensus measurements', 'subgroup representatives.', 'compromise behaviors', 'weight method', 'criteria variability', 'preference consistency.'] 

Reference 280: ['consensus hybrid strategies', 'consistency', 'normal cloud model', 'preference compromise limit', 'three-dimensional clustering optimisation'] 

TOP-K 281: ['co-association matrix', 'feature selection', 'state-of-the-art algorithms', 'traditional co-association matrix', 'features', ['ensemble feature selection'], 'new consensus strategy', ['feature kernel'], 'base feature selectors', 'extensive comparative experiments', 'important features', 'superior performance', 'relative relationship'] 

Reference 281: ['ensemble feature selection', 'feature kernel', 'machine learning', 'relative-co-association matrix (rcm)'] 

TOP-K 282: ['boundary feedback controllers', 'discrete spatial models', 'spatial diffusions', 'clustering signals', 'clusters synchronous frame', 'computer algorithm', 'first time.'] 

Reference 282: ['cluster synchronization', 'complex networks', 'space-time discretization', 'switching system', "wirtinger's inequality"] 

TOP-K 283: ['streamwnn', 'real-time forecasting algorithm', 'spanish electricity consumption', 'streaming data.', 'time series', 'prediction model', 'relevant information', 'incremental learning deals'] 

Reference 283: ['electricity demand', 'incremental learning', 'real-time forecasting', 'streaming time series'] 

TOP-K 284: [['bargaining game'], 'dynamic trust relationship', 'new consensus state.', 'maximum entropy model', 'expert weight.', ['feedback mechanism']] 

Reference 284: ['bargaining game', 'consensus', 'feedback mechanism', 'group decision making', 'social network'] 

TOP-K 285: ['rank-one matrix approximation', 'rank-one matrix pursuit method', ['matrix completion'], ['rank estimation'], 'incomplete data matrix', 'real world datasets', 'low-rank matrix', 'extensive experimental results', 'low-rank part', 'sparse noise.', 'sparse matrix', 'synthetic datasets', 'rank simultaneously.'] 

Reference 285: ['matrix completion', 'rank estimation', 'rank-one matrix pursuit', 'robust'] 

TOP-K 286: ['flow-level scheduling', 'flow-level scheduling problem', 'coflow-level scheduling', 'heuristic algorithm', 'network cores.', 'log m/log log', 'approximation ratio', 'approximation ratio.'] 

Reference 286: ['approximation algorithms', 'coflow', 'datacenter network', 'heterogeneous parallel network', 'scheduling algorithms'] 

TOP-K 287: ['software engineering research', 'ros systems', 'ros systems.', 'software engineering aspects', 'classification framework', 'industrial adoption'] 

Reference 287: ['robotic systems', 'ros', 'software engineering', 'systematic mapping study'] 

TOP-K 288: ['brain region-gene hypergraph', 'multi-view information fusion.', 'novel hypergraph-based convolution network', 'disease diagnosis.', 'experimental results', 'clinical uses'] 

Reference 288: ["alzheimer's disease", 'deep learning', 'hypergraph convolutional network', 'imaging genetics', 'multi-view disease data'] 

TOP-K 289: ['robust flexible sparse regularization', 'rfsr', 'regularization norm', 'efficient optimization method', 'global solution.'] 

Reference 289: ['classification', 'feature selection', 'multi-label learning', 'sparse regularization'] 

TOP-K 290: ['multi-view unsupervised feature selection', 'fusing latent feature matrices.', 'dynamic incomplete multi-view data.', 'consensus indicator matrix', 'incremental algorithm'] 

Reference 290: ['adaptive view fusion', 'dynamic incomplete multi-view data', 'feature selection', 'incremental learning'] 

TOP-K 291: ['hierarchical consistency variational autoencoder', 'hc-vae', 'hierarchical consistent mechanism', 'point cloud generation', '3d shape', 'state-of-the-art performance', 'distinguishable global shape information', 'local topology details', 'model', 'feasible hierarchical distributions-based generalization.', 'hierarchical constraints', 'shape distribution', 'dense point clouds', 'effective generative model', 'points'] 

Reference 291: ['3d point cloud generation', 'generative adversarial networks', 'hierarchical consistency', 'point cloud analysis', 'variational autoencoder'] 

TOP-K 292: [['transmission map'], 'regularization-based methods', ['nonconvex energy function'], 'majorize-minimization algorithm', 'nonconvex problem', 'transmission map.', 'robust regularization scheme', 'mutual structural information', 'resultant image.'] 

Reference 292: ['boundary constraints', 'image dehazing', 'nonconvex energy function', 'regularization', 'transmission map'] 

TOP-K 293: ['intrinsic image decomposition', 'mef network', 'decomposition network', 'hdr images.', 'extensive experiments'] 

Reference 293: ['color', 'image fusion', 'multi-exposure', 'reflectance', 'shading'] 

TOP-K 294: ['exploratory attack method', 'recombination phase', ['gradient-based attacks'], 'real-world datasets', 'alternative evaluation functions', 'self-training objective', 'candidate graphs.', 'black-box settings', 'superb performance gain'] 

Reference 294: ['gradient-based attacks', 'graph neural networks', 'maximal gradient', 'semi-supervised node classification'] 

TOP-K 295: [['feature redundancy'], 'domain-specific feature redundancy', 'domain-invariant feature spectrum', 'cross-domain batch normalization', 'bn-based backbone networks', 'whitening module', 'uda.', 'novel orthogonal regularization', 'first work', 'feature spectrum', 'novel perspective'] 

Reference 295: ['feature redundancy', 'orthogonality', 'unsupervised domain adaptation', 'whitening'] 

TOP-K 296: ['joint optimization framework uplp-slam.', 'heterogeneous features.', 'mutual association method', 'uniform model representation', 'plane features.'] 

Reference 296: ['asssociation joint optimization', 'point-line-plane fusion', 'simultaneous localization and mapping (slam)', 'uniform representation mutual'] 

TOP-K 297: ['multimodal object recognition.', 'dynamic neural networks', 'enhancing generalization', 'augmentation methods', 'effective fusion', 'tactile data.'] 

Reference 297: ['data fusion', 'deep learning', 'multimodal learning', 'object recognition', 'tactile sensing', 'visuo-tactile models'] 

TOP-K 298: ['heterogeneous fusion', 'sensor networks', 'space-varying information confidence.', 'analytic implementation', 'knowledge-free fusion weights', 'fuse densities'] 

Reference 298: ['decentralized sensor networks', 'density-based fusion weights', 'heterogeneous fusion method'] 

TOP-K 299: ['risky users', 'textual content', 'user classification.', 'social networks.', 'hybrid method', 'proposed system', 'spatial information.', 'spatial dimension'] 

Reference 299: ['node classification', 'social network analysis', 'spatial analysis', 'user risk identification'] 

TOP-K 300: [['zk-snark'], 'ntt/intt parallelism', 'montgomery algorithm', 'modular exponentiation', 'multiplication reduction', 'ecc kernels.', 'hardware bitwidth.', 'large data transposition method', 'mathematical scheme', 'gpu memory.'] 

Reference 300: ['gpu acceleration', 'montgomery multiplication', 'ntt/intt', 'zk-snark', 'zkp'] 

TOP-K 301: ['bilingual lexicon', 'monolingual corpora', 'word embedding fusion', 'target word embeddings', 'robust bilingual lexicon', 'distant languages'] 

Reference 301: ['embedding fusion', 'information fusion', 'unsupervised bilingual lexicon induction', 'unsupervised learning', 'word translation'] 

TOP-K 302: ['cross-domain super-resolution generalization.', 'dual-wise modulation network', 'effective self-supervised degradation representation', 'effective feature adaption.', 'favorable performance'] 

Reference 302: ['blind super-resolution', 'contrastive learning', 'deep learning', 'remote sensing image', 'self-supervised'] 

TOP-K 303: ['r-rmecms', 'several novel r-rmecms', 'traditional mecm.', 'sensitivity analysis', 'uncertain scenarios.'] 

Reference 303: ['group decision making', 'maximum expert consensus', 'mean-variance', 'robust optimization', 'uncertainty set'] 

TOP-K 304: ['resnet-50', 'transfer learning approach', 'feature extraction', 'model', 'extensive performance evaluation', 'combined features'] 

Reference 304: ['hybrid features', 'malware detection', 'stacked model', 'transfer learning'] 

TOP-K 305: ['multi-modal fusion mechanism', 'state-of-the-art performance', 'fusion noise', 'fake news detection.', 'experimental results', 'text modality.'] 

Reference 305: ['deep learning', 'fake news detection', 'feature fusion', 'multi-modal fusion'] 

TOP-K 306: ['test suite', 'test suite augmentation algorithm', 'context-oriented systems', 'design testing.', 'social experiment', 'logarithmic growth.', 'new system version', 'context-oriented criteria', 'creation cost'] 

Reference 306: ['combinatorial interaction testing', 'context-oriented programming', 'dynamic software product lines', 'feature modelling', 'satisfiability checking (sat)', 'software testing'] 

TOP-K 307: ['curvature octree', 'point cloud', 'curvature space', 'iterative calculation', 'edge points', 'global point cloud', 'tangential runout', 'tangential distance', 'points', 'point cloud.', 'whole point cloud', 'variance minimization objective function', 'convergence speed.', 'similar curvature degrees', 'corresponding points'] 

Reference 307: ['allowance distribution', 'edge of point cloud', 'fine registration', 'normal and tangential distance', 'variance minimization'] 

TOP-K 308: ['manifold optimization-based discriminant analysis', 'nonlinear optimization strategy', 'objective function', 'inverse hessian matrix.', 'riemannian version', 'moda', 'discriminative subspace', 'orthogonal constraint', 'quotient space', 'trust-region algorithm.', 'optimal solution', 'objective function.', 'subtractive form', 'equivalent classes'] 

Reference 308: ['classification', 'dimensionality reduction', 'discriminative subspace learning', 'riemannian manifold optimization'] 

TOP-K 309: ['decentralized optimization algorithm', 'application latency', 'application components', 'local knowledge', 'edge devices.', 'local modifications.'] 

Reference 309: ['application placement', 'auction', 'decentralized algorithm', 'edge computing', 'fog computing'] 

TOP-K 310: [['adversarial attacks'], 'federated learning.', 'wide experimental study', 'open challenges', 'final conclusions', 'proper defence method', 'significant challenge'] 

Reference 310: ['adversarial attacks', 'defences', 'federated learning', 'privacy attacks'] 

TOP-K 311: ['deep neural networks', ['twin support vector machines'], 'multi-view learning capabilities.', 'deep neural networks.', 'advanced auto encoder networks.', 'first combination', 'simultaneous learning', 'mutual negotiation'] 

Reference 311: ['auto-encoder', 'deep multi-view learning', 'multiclass classification', 'twin support vector machines'] 

TOP-K 312: ['expert recommendation', 'comprehensive profiling', 'auxiliary data', 'open issues', 'innovative tag-based time-sensitive approach.', 'information fusion.', 'trustworthy repliers', 'heterogeneous information.', 'new task'] 

Reference 312: ['comprehensive user profiling', 'expert finding', 'heterogeneous information fusion', 'tag-based expertise over time', 'tag-based interest over time', 'tag-based willingness to respond over time'] 

TOP-K 313: ['key issues', 'open challenges', 'trend analysis', 'search strategy', 'multiple library databases', 'key recommendations'] 

Reference 313: ['information retrieval', 'natural language processing', 'software traceability'] 

TOP-K 314: ['cross-company datasets', ['functional story'], ['story points'], 'agile effort estimation models', 'agile estimation models', 'product backlog.', ['function points'], 'total effort', 'effort', 'good predicters'] 

Reference 314: ['agile', 'effort estimation', 'function point', 'functional story', 'story point', 'user story'] 

TOP-K 315: [['deep matrix factorizations'], 'general convergent optimization framework', ['loss functions'], 'new loss functions', 'layer-based errors.', 'weighted sums', 'several priors', 'real data'] 

Reference 315: ['constrained optimization', 'deep matrix factorization', 'first-order methods', 'hyperspectral unmixing', 'loss functions'] 

TOP-K 316: ['subversion analyses', 'hierarchical networks', ['hierarchical star network'], 'edge neighbor connectivity', ['complete cubic network'], 'neighbor connectivity', 'neighbor connectivity.', 'research studies'] 

Reference 316: ['(edge) neighbor connectivity', 'complete cubic networks', 'graph subversion', 'hierarchical cubic networks', 'hierarchical star networks'] 

TOP-K 317: ['fuzzy kernel', 'fuzzy system', 'complex error distribution', 'feature space projection', 'fuzzy subset.', 'efficient iterative algorithm'] 

Reference 317: ['4mc', 'dna n4-methylcytosine', 'fuzzy model', 'multi-correntropy fusion', 'sequence classification'] 

TOP-K 318: ['multi-focus image fusion.', 'first zero-shot methods', 'labor-intensive data collection', 'deep priors', 'corresponding focus maps.', 'competitive results'] 

Reference 318: ['deep convolutional neural network', 'deep image prior', 'multi-focus image fusion'] 

TOP-K 319: [['multi-agent learning'], 'ci-ma algorithm', 'state-of-the-art algorithms', 'non-stationary multi-agent environment.', 'traffic signal control.', 'traffic information', 'different granularity', 'loss function', 'representation loss function', 'feature representation.', 'joint optimization.'] 

Reference 319: ['causal inference', 'deep reinforcement learning', 'graph model', 'multi-agent learning', 'traffic signal control'] 

TOP-K 320: ['hypercube-based feature extractor', 'eeg signals', 'multilevel discrete wavelet', 'loso cv', 'neighborhood component analysis', 'feature selector.'] 

Reference 320: ['epilepsy detection', 'feature fusion', 'feature selection', 'fusion-based feature engineering', 'hypercube pattern'] 

TOP-K 321: ['wsp approach', 'mcpc dataset', '220k instances', 'perspective knowledge', 'state-of-the-art results', '3d', 'artificial relative depth labeling.', 'large-scale dataset', ['relative depths'], '3d datasets', ['relative depth'], 'previous approaches', '53k images', 'generalization ability', 'annotation'] 

Reference 321: ['human pose estimation', 'pre-training', 'relative depth', 'weakly-supervised'] 

TOP-K 322: ['neural-like p systems', 'hn p systems', 'hn p system', 'new sn p system', 'semantic segmentation', 'p systems', 'deep learning models', 'new rules', 'dynamic regulatory factors', 'segmentation model', 'good parallelism', 'high accuracy', 'hybrid structure', 'new types', 'related evolution'] 

Reference 322: ['evolutionary channels', 'hybrid neural-like p system', 'segmentation of brain metastases'] 

TOP-K 323: ['model inference efficiency', 'complex systems', 'inference process.', 'empirical experiment', 'state model'] 

Reference 323: ['distributed systems', 'empirical evaluation', 'scriptless testing', 'state model inference'] 

TOP-K 324: [['filter-and-forward relay'], 'encoding-decoding scheme', 'error covariance', 'random measurement delays.', 'local filters', 'local filter', 'remote estimator.', 'time step.'] 

Reference 324: ['covariance intersection fusion', 'encoding–decoding scheme', 'filter-and-forward relay', 'fusion estimation', 'measurement delay', 'recursive algorithm'] 

TOP-K 325: ['environment-vehicle coupling effect', 'underwater vehicle array.', 'underwater vehicle.', 'environment perception model', 'real-time dynamic model'] 

Reference 325: ['dynamic model', 'feature disentanglement', 'information fusion', 'ocean environment', 'underwater vehicle'] 

TOP-K 326: ['plasma simulation code xgc', 'mi100 gpus', 'various cpus', 'modern graphics', 'memory utilization', 'automatic tuning'] 

Reference 326: ['batched solvers', 'gpu', 'performance portability', 'plasma simulation', 'sparse linear systems'] 

TOP-K 327: ['20x/1000x speed-ups', 'first sofware transactional memory', 'modern gpus.', 'read-only transactions.', 'hardware features', 'client server architecture.', 'novel optimizations', 'art stms'] 

Reference 327: ['concurrent programming', 'gpu', 'multi-version concurrency control', 'synchronization', 'transactional memory'] 

TOP-K 328: ['fpga-based accelerators', 'dnn edge inference', 'cnn accelerators', 'cnn inference', 'bert inference', 'popular cnn models', 'bert accelerator', 'tflite.', 'hardware accelerators', 'new hardware accelerator', 'albert models', 'efficient development'] 

Reference 328: ['design methodology', 'dnn accelerator design', 'hardware-software co-design', 'hls', 'simulation', 'systemc'] 

TOP-K 329: ['ir-vis image fusion.', 'fusion-guided saliency-enhanced module', 'multi-task paradigm', 'fusion', 'saliency-related features.', 'sod tasks.', 'sod tasks', 'loop learning strategy'] 

Reference 329: ['image fusion', 'infrared and visible image', 'interactive loop learning strategy', 'interactively reinforced paradigm', 'multi-modal salient object detection'] 

TOP-K 330: ['skin lesion classification', 'effective model compression scheme', 'common trade-off dilemma', 'new paradigm', 'favorable fusing manner.', 'pareto efficiency view', 'redundant complexity', 'multiple tasks.'] 

Reference 330: ['deep learning', 'multi-task decoupled', 'skin lesion analysis', 'task causality'] 

TOP-K 331: ['dual-stack attention fusion mechanism', 'state-of-the-art performance', ['knowledge enhancement'], 'event ontology', 'event ontology knowledge.', 'event direction induction mechanism', 'experimental results', 'resolving knowledge', 'event relation extraction.', 'external knowledge.', 'input text.'] 

Reference 331: ['event temporal relation extraction', 'knowledge enhancement', 'neural networks', 'subevent relation extraction'] 

TOP-K 332: ['modality-specific low-rank factors', 'late fusion modules', 'late fusion method', 'combination strategy'] 

Reference 332: ['entity alignment', 'knowledge graph', 'multi-modal knowledge', 'neural networks'] 

TOP-K 333: [['dependency heaviness'], 'r package', 'heaviness analysis', 'remote dependency transmission', 'web-based database.', 'complete dependency analysis', 'robust software'] 

Reference 333: ['bioconductor', 'cran', 'dependency graph', 'dependency heaviness', 'software ecosystem', 'software engineering'] 

TOP-K 334: ['two-parallel-path super-network', ['sigmoid function'], ['binary gate'], 'operator sub-sets.', 'memory cost', 'partially-connected strategy', 'memory cost.', 'partial channels.'] 

Reference 334: ['binary gate', 'computing overheads', 'neural architecture search', 'operator sub-sets', 'sigmoid function', 'two-parallel-path'] 

TOP-K 335: ['tri-hgnn', 'extrinsic factors', 'sota performance', ['trajectory prediction'], 'interaction-based methods', 'multiplex gnn modules.', 'local interaction', 'future paths', 'intermediate destination', 'plausible experiments', 'pedestrian intention', 'different levels', 'intrinsic-level policy.'] 

Reference 335: ['graph neural networks,', 'hierarchical policy', 'trajectory prediction'] 

TOP-K 336: [['part-aligned similarity'], 'supervised methods', 'experimental results', 'previous unsupervised methods', 'image similarities', 'transferable part representations', 'unlabeled images', 'part-alignment mechanisms.', 'few-shot learning.', 'extensive experiments', 'comparable performance', 'large margin'] 

Reference 336: ['few-shot learning', 'part discovery network', 'part-aligned similarity', 'self-supervised learning'] 

TOP-K 337: ['qa constraints', 'correct qa constraints', 'trace links', 'quality assurance steps.', 'process progress.', 'industry temporary process deviations', 'work item.'] 

Reference 337: ['constraint checking', 'developer support', 'process deviation', 'quality assurance', 'software engineering process', 'traceability'] 

TOP-K 338: ['robust feature selection method', 'algorithm', 'feature selection.', 'designing boolean weight', 'practical applications', 'significant advantages'] 

Reference 338: ['abnormal', 'boolean weight', 'robustness', 'sparse subspace'] 

TOP-K 339: ['state-of-the-art methods', 'local-global parallel network', 'visible image fusion method', 'extensive experiments', 'cross correlation loss', 'complementary information.', 'unsupervised manner.'] 

Reference 339: ['cross correlation', 'deep learning', 'image fusion', 'infrared image', 'transformer'] 

TOP-K 340: ['multiple leakage plumes.', 'robot swarm', 'gas fields.', 'algorithm', 'comparative study', 'measurement locations.'] 

Reference 340: ['gas source localization', 'obstacle avoidance', 'particle filter', 'robotic flock', 'sensor fusion'] 

TOP-K 341: ['electro-mechanical actuators', ['elicit information'], 'elicit environment.', 'traditional oreste', 'failure modes.', 'risk factors', 'risk level'] 

Reference 341: ['elicit information', 'failure mode and effect analysis (fmea)', 'multi-criteria decision making (mcdm)', 'oreste method'] 

TOP-K 342: ['long range imaging', ['image fusion'], 'lrinet', 'multispectral fusion', 'fusion images', 'unpaired rgb', 'nir images', 'feature extraction', 'structure loss', 'nir images.', 'feature extraction step', 'original tone.'] 

Reference 342: ['deep learning', 'image fusion', 'long-range imaging', 'near infrared', 'neural networks'] 

TOP-K 343: ['multi-perspective iterative exposure mechanism', 'light field imaging.', 'light field compression.', 'unsupervised multi-exposure hdr imaging', 'angular compensation', ['high dynamic range'], 'dynamic range', 'source data capture.', 'unsupervised method', 'aware properties'] 

Reference 343: ['high dynamic range', 'image fusion', 'light field', 'unsupervised learning', 'wide field of view'] 

TOP-K 344: ['blind pathway', 'intelligent guide system', 'tactile paving detection.', 'real time guiding.', 'bumpy tactile paving', 'high performance', 'deep learning techniques', 'lightweight network', 'model compression.', 'quantization techniques'] 

Reference 344: ['navigation system', 'tactile paving detection', 'transfer learning', 'visually impaired pedestrian'] 

TOP-K 345: [['multi-directional broad learning system'], 'unsupervised stereo matching.', 'broad learning system', 'invalid depth redefinition', 'local color space', 'ground truth disparity map', ['local gravity weight method'], 'candidate disparity maps.', 'cost space', 'geometric space.', 'outdoor data sets'] 

Reference 345: ['local gravity weight method', 'multi-directional broad learning system', 'unsupervised stereo matching'] 

TOP-K 346: ['learnable gcn framework', 'multi-view information fusion.', 'joint deep learning framework', 'graph fusion', 'different subproblems', 'adaptive weights', 'multi-stage training strategy', 'conduct feature'] 

Reference 346: ['graph convolutional network', 'information fusion with deep learning', 'multi-view learning', 'semi-supervised classification'] 

TOP-K 347: ['structure-preserving fusion network', 'collaborative optimization loss', 'shadow removal performance', 'channel attention', 'informative features.', 'structure details.', 'promising cloud', 'residual block'] 

Reference 347: ['multimodal image fusion network', 'remote sensing image cloud and shadow removal', 'synthetic aperture radar-guided optical image reconstruction'] 

TOP-K 348: ['scheduling problems', 'approximation algorithms', 'energy consumption', 'time complexity', ['schedule'], 'rigid tasks.', 'experimental study', 'theoretical analysis'] 

Reference 348: ['co-schedule', 'dvfs', 'energy minimization', 'parallel tasks', 'scheduling'] 

TOP-K 349: ['group decision procedures', 'bounded rationality methodology', 'strategic decision', 'concentrated decision power', 'empirical studies', 'new simulation methodology', 'decision quality.', 'acceptable system', 'complete results.'] 

Reference 349: ['decisions', 'diversity', 'expertise', 'intentional bounded rationality', 'steering committees'] 

TOP-K 350: ['subspace similar recombination module'] 

Reference 350: ['deep learning', 'fusion classification', 'gist feature', 'multi-modal remote sensing', 'transformer'] 

TOP-K 351: ['novel multi-stage coarse-to-fine framework', 'adrp module', 'adaptive all-pixel depth range', 'adia module', 'accurate depth estimation.', 'reliable reconstruction.', 'accurate depth values'] 

Reference 351: ['adaptive interval', 'adaptive range', 'depth estimation', 'multi-view stereo'] 

TOP-K 352: ['multiscale band/patch embeddings', ['spectral multi-head self-attention'], 'spectral features.', 'spectral transformer network', 'self-supervised pre-training strategy', 'multiscale features.'] 

Reference 352: ['hyperspectral image (hsi)', 'image fusion', 'multispectral image (msi)', 'pre-training', 'spectral multi-head self-attention', 'transformer'] 

TOP-K 353: ['bdd research', 'bdd process', 'conference papers.', 'opinion papers', 'shortage'] 

Reference 353: ['behaviour driven development', 'systematic mapping studies in software engineering', 'systematic mapping study'] 

TOP-K 354: ['otfpf network', '3d ol-convnext module', 'brain mris.', 'otfpf module', 'brain age estimation.', 'subject-level ranking loss', 'pyramidal feature information', 'feature downsampling'] 

Reference 354: ['brain age estimation', 'deep learning', 'feature pyramid fusion', 'optimal transport'] 

TOP-K 355: [['unsupervised clustering'], 'outlier-based anomaly detection.', 'multivariate resource time series.', ['hpc jobs'], 'process-based parallelization', 'transformer-based machine learning pipeline.', 'scalable solution', ['feature extraction'], 'new solution', 'supercomputer centre.'] 

Reference 355: ['anomaly detection', 'feature extraction', 'hpc jobs', 'multivariate time series', 'unsupervised clustering'] 

TOP-K 356: ['ast-based expression parsing algorithm', 'expression parsing framework', 'open-source software systems', 'test sequence generation.', 'conduct case studies', 'theoretical basis.'] 

Reference 356: ['abstract syntax tree', 'algebraic operation', 'expression parsing', 'test sequence generation'] 

TOP-K 357: ['ivp framework', 'unlabeled data', 'embedding representations', 'new unlabeled data', 'high-dimensional data.', ['probability intervals'], 'minimal performance overhead', 'use'] 

Reference 357: ['assurance monitoring', 'deep neural networks', 'inductive venn predictors', 'probability intervals'] 

TOP-K 358: ['group-wise neighbor structure information', 'consensus graph', 'representation learning.', 'neighbor sets.'] 

Reference 358: ['graph learning', 'incomplete multi-view clustering', 'neighbor group structure', 'structure preserving'] 

TOP-K 359: ['runtime prediction.', 'new feature', 'job', 'desirable prediction result', 'strong correlation', 'multiple machine', ['path']] 

Reference 359: ['backfilling', 'machine learning', 'path', 'runtime prediction'] 

TOP-K 360: [['graph neural networks'], 'graph-level item representation.', 'multi-dimensional representation', ['graph neural network'], 'transformer layers', 'transformer layer', 'benchmark datasets', 'sequential-level item representation.', 'double-flow way.'] 

Reference 360: ['attention mechanism', 'graph neural networks', 'session-based recommendation', 'transformer'] 

TOP-K 361: ['cnn-based edge detection module', 'popular brats benchmarks', 'brain tumor segmentation method', 'edge features.', 'feature fusion.', 'spd strategy.', 'edge spatial attention block.', 'promising results'] 

Reference 361: ['brain tumor segmentation', 'convolutional neural networks', 'edge feature', 'feature fusion', 'transformer'] 

TOP-K 362: [['medical image segmentation'], 'gsal', 'geometric structure', 'geometric structure fusion sub-network', 'robust medical image segmentation', 'cvc-612 dataset', 'new learning mechanism', 'model learning', 'sota performance', 'covid-19 dataset', 'medical image segmentation.', 'state-of-art results', 'lidc-idri dataset', 'image features', 'widely-used benchmarks'] 

Reference 362: ['adversarial learning', 'computer-aided diagnosis (cad)', 'geometric structure learning', 'medical image segmentation'] 

TOP-K 363: ['perioperative risk', 'multi-view data.', 'pairwise comparison method', 'in-depth analysis', 'pairwise comparison.', 'overall view'] 

Reference 363: ['insertion sort', 'multi-view data', 'pairwise comparison', 'perioperative risk assessment'] 

TOP-K 364: ['voronoi cell computation', '2-approx', 'message prioritization', 'steiner tree algo', 'large graphs', 'distance computation.', 'seed sets.', 'superior performance.', 'centric processing'] 

Reference 364: ['asynchronous processing', 'distributed computing', 'graph algorithm', 'hpc', 'steiner tree'] 

TOP-K 365: ['crisp attribute weights', 'decision-making process.', 'voronoi diagram', 'optimization method', 'visual analytics approach', 'information loss'] 

Reference 365: ['dimensionality reduction', 'intuitionistic fuzzy ahp', 'multi-attribute decision making', 'visual analytics'] 

TOP-K 366: ['large-scale group decision making.', 'hierarchical game model', 'stackelberg equilibrium.', 'numerical studies', 'critical value', 'consensus model'] 

Reference 366: ['consensus', 'cooperativeness', 'hierarchical stackelberg game', 'incentive', 'large-scale group decision making'] 

TOP-K 367: [['classification-giou joint representation'], 'hierarchical activation function', ['cortex hierarchical activation'], 'border feature extraction', 'backbone network', 'effective border sensitivity', 'band shape kernel', 'exponent hypothesis', 'square-size kernel', 'unnecessary model re-training.', 'detection improvement', 'adequate feature description'] 

Reference 367: ['border sensitive mechanism', 'classification-giou joint representation', 'cortex hierarchical activation', 'object detection'] 

TOP-K 368: ['marine ranching', 'group decision-making', 'unit adjustment costs.', 'individual opinions', 'robust optimisation methods', 'uncertain sets', 'uncertain sets.'] 

Reference 368: ['consensus models', 'group decision making', 'individual preference', 'robust optimisation', 'uncertainty set'] 

TOP-K 369: ['non-adaptive pooled data problem', 'information-theoretic phase-transition point', ['quantitative group testing'], 'small sample sizes', 'asymptotic findings', 'noisy queries.', 'fast greedy-like algorithm'] 

Reference 369: ['noisy pooled data', 'non-adaptive algorithm', 'pooled data', 'quantitative group testing'] 

TOP-K 370: ['puddsketch', 'uddsketch algorithm', 'message-passing architectures.', 'parallel version', 'fuse data streams'] 

Reference 370: ['message-passing', 'quantiles', 'sketches'] 

TOP-K 371: ['neural networks', 'contextual information', 'context embedding.', 'weight matrices', 'traditional implementations', 'improved performance', 'data samples', 'dynamic assembly', 'greater information'] 

Reference 371: ['context', 'deep learning', 'dynamic neural networks', 'singular value decomposition'] 

TOP-K 372: [['text classification'], 'different monotonicity forms', 'fusion functions.', 'weak monotonicity.', 'new proposals', 'directional monotonicity.', 'general framework', 'new forms'] 

Reference 372: ['aggregation function', 'fusion function', 'generalized monotonicity', 'monotonicity', 'sentiment analysis', 'text classification'] 

TOP-K 373: ['novel two-branch dcnn', 'high-level semantic information', 'image labelling', 'sota approaches', 'centerness branch', 'segmentation branch', 'localization supervision', 'entire dcnn', 'proposal generation method', ['instance segmentation'], 'imprecise localization supervision.', 'computational efficiency', 'object instances', 'rank-based algorithm', 'adaptive strategy'] 

Reference 373: ['centerness', 'coarse localization annotation', 'instance segmentation', 'weakly supervised learning'] 

TOP-K 374: ['hflts possibility distributions', 'aggregation algorithms', 'k-means clustering algorithm', 'hflts possibility distributions.', 'mcdigg method', 'density canopy clustering algorithm', 'aggregated hflts possibility distributions.', 'pre-clustering process.', 'mad method'] 

Reference 374: ['aggregation paradigm', 'computing with words', 'hesitant fuzzy linguistic term sets', 'information fusion', 'k-means clustering'] 

TOP-K 375: ['novel generative adversarial network', 'novel data augmentation strategy', 'hyperspectral image classification.', 'experimental results', 'sample imbalance problems', 'mixed data', 'original data', 'mixture strategy', 'competitive performance', 'main features', 'diverse features', 'new band selection'] 

Reference 375: ['data augmentation', 'deep learning', 'generative adversarial network (gan)', 'hyperspectral images (hsis)'] 

TOP-K 376: ['sensitivity-ensemble-level-based tsk fuzzy system', ['object sensitivity'], 'novel measurement', 'imbalance framework'] 

Reference 376: ['ensemble learning', 'imbalanced classification', 'interpretability', 'object sensitivity', 'tsk fuzzy system'] 

TOP-K 377: ['translation initiation site prediction.', 'genomic sequences', 'exponential gated linear unit', 'hierarchical structure', 'spatiotemporal features', 'gradient problem.'] 

Reference 377: ['gated convolutional networks', 'gated recurrent units', 'residual networks', 'translation initiation sites'] 

TOP-K 378: ['multimodal learning task', 'various fusion methods', 'modality-specific information', 'multiple modalities.', 'multimodal tasks.', 'modality correlation.', 'supervised correlation'] 

Reference 378: ['correlation learning', 'multimodal emotion recognition', 'multimodal humor detection', 'multimodal representation learning', 'multimodal sentiment analysis'] 

TOP-K 379: ['qhosvd'] 

Reference 379: ['color image denoising', 'multi-focus color image fusion', 'quaternion higher-order singular value decomposition (qhosvd)', 'quaternion tensor'] 

TOP-K 380: ['human mobility', 'sparse trip data', 'knowledge fusion method', 'spatial-temporal graph.', 'contrastive learning manner', 'contextual facts', 'mutual interactions', 'coarse-grained aspects.', 'model training.', 'different source entities.'] 

Reference 380: ['contrastive learning', 'graph neural network', 'knowledge fusion', 'mobility learning', 'spatial–temporal graph'] 

TOP-K 381: ['two-tuple linguistic trust/distrust relationship', 'three-level consensus identification rule', 'indirect two-tuple ltr', 'trust relationship', 'propagation operator', 'consensus degree', 'adjustment rule'] 

Reference 381: ['large-scale group decision making', 'life cycle sustainability assessment', 'linguistic trust/distrust relationship', 'self-confidence', 'trust propagation'] 

TOP-K 382: ['global contrastive learning', 'permutation-invariant fusion', 'complex fusion methods', 'supervised contrastive learning.', ['multimodal sentiment analysis'], 'multimodal representation.', 'multiple techniques', 'label information', 'humor detection.'] 

Reference 382: ['contrastive learning', 'multimodal humor detection', 'multimodal representation learning', 'multimodal sentiment analysis'] 

TOP-K 383: [['pedestrian detection'], 'mmpd-mdcnn technique.', 'automated pedestrian detection', 'hho algorithm', 'lstm model', ['crowded scenes'], 'pedestrian detection.', 'tuning deep learning models', 'study multimodal ensemble'] 

Reference 383: ['computer vision', 'crowded scenes', 'deep learning', 'hyperparameter tuning', 'multi-modal', 'pedestrian detection'] 

TOP-K 384: ['high-density affinity drift', 'local neighborhood', 'variable parzen window', 'parzen window.', 'affinity adjustment', 'local distribution', 'unknown local neighborhood parameters.', 'data points.'] 

Reference 384: ['data affinity', 'graph laplacian regularization', 'manifold regularization', 'parzen window'] 

TOP-K 385: [['online public opinion'], 'rolling fractional grey model', 'model', 'oscillation sequences', 'monotone sequences', 'prediction results'] 

Reference 385: ['buffer operator', 'fractional order', 'new information priority', 'online public opinion', 'prediction'] 

TOP-K 386: ['recursive fusion estimation problem', 'state-saturated systems.', 'estimation error covariance', 'fusion estimation algorithm', 'simulation example', 'variance method.'] 

Reference 386: ['delayed measurements', 'fusion estimation', 'recursive estimation', 'sensor gain degradation', 'state-saturated system'] 

TOP-K 387: ['mbfl methods', ['mutation analysis'], 'artificial faults', 'prma', 'fault localization.', 'pagerank score.', 'tie problem', 'suspicious value'] 

Reference 387: ['mutation analysis', 'mutation-based fault localization', 'pagerank algorithm', 'software fault localization'] 

TOP-K 388: ['aic interval', 'control intervals', 'control interval', 'rest', 'restriction'] 

Reference 388: ['aperiodic intermittent control', 'dynamic networks', 'fixed-time synchronization', 'time delay'] 

TOP-K 389: ['jump graph attention networks', 'oversmoothing problem.', 'vulnerability detection performance', 'class separation.'] 

Reference 389: ['class separation', 'code property graph', 'graph attention network', 'jump structure', 'vulnerability detection'] 

TOP-K 390: [['evolutionary fuzzy system'], 'experimental results', 'several fusion methods', 'good performance', 'global vision'] 

Reference 390: ['data stream mining', 'distributed computing', 'evolutionary fuzzy systems', 'fuzzy rule-based systems'] 

TOP-K 391: ['flexible emcc models', 'optimization-based consensus rules', 'emcc models.', 'several novel emcc models', 'opinion overadjustments.', 'consensus cost analysis', ['individual consensus cost priority'], 'classical mcc.', ['explicit adjustment paths']] 

Reference 391: ['consensus-reaching process (crp)', 'coordination elasticity', 'enhanced minimum-cost consensus (emcc)', 'explicit adjustment path', 'flexible consensus cost', 'individual consensus cost priority'] 

TOP-K 392: ['neural network classifiers', 'linguistic features', 'hand-crafted features', 'gender recognition.', 'refining fine-tuned models.', 'statistical classifiers aid'] 

Reference 392: ['community question answering', 'gender recognition', 'natural language processing', 'pre-trained models', 'statistical classifiers', 'user analysis'] 

TOP-K 393: ['fm maintainability', 'fm refactorings', 'fm maintainability classification', 'fm refactoring suggestions', 'dymmer tool', 'fm maintainability.', 'ml-based approach', 'white-box algorithms', 'fm maintainability evaluation', 'ml models', 'significant measures'] 

Reference 393: ['feature model', 'machine learning', 'quality assessment', 'software product lines'] 

TOP-K 394: ['sleep postures', 'human sleep postures', 'computer graphics tools', 'virtual sleep experiment.', 'inertial sensor fusion', 'posture classification', 'quadruple joint angles.', 'qualitative posture analysis'] 

Reference 394: ['data augmentation', 'human posture', 'multi-classifier system', 'one-shot learning', 'sensor fusion', 'wearable sensors'] 

TOP-K 395: ['competitive recognition accuracy', 'tail classes.', 'good representation ability', 'tail classes', 'head'] 

Reference 395: ['feature fusion network', 'feature representations', 'head and tail classes', 'long-tailed learning'] 

TOP-K 396: ['fuzzy clustering', 'image segmentation.', 'pixel', 'comprehensive experiments', 'affinity matrix', 'new membership', 'cluster centers', 'region level information.', 'new measurement'] 

Reference 396: ['image segmentation', 'information fusion', 'region level information', 'regularized fuzzy clustering'] 

TOP-K 397: ['cosine similarity granule', 'fuzzy three-way concept', 'concept-recalling mechanism', 'concept learning.', 'concept cognitive.', 'concept-forgetting mechanism', 'extensive experiments'] 

Reference 397: ['concept-cognitive learning', 'dynamic data classification', 'granular computing', 'knowledge fusion', 'three-way decision'] 

TOP-K 398: ['few-shot uda framework', 'vehicle re-id task', 'unlabeled target samples', 'dclsr loss', 'style-transferred gan', 'clustering algorithm', 'dual attribute similarity constraint', 'few-shot source samples', 'id annotation', ['pseudo label refinement'], 'target branch', 'unlabeled source data.', 'source branch', 'dual prior model', 'new target samples'] 

Reference 398: ['domain difference penalty term', 'dual constraint label smoothing regularization loss', 'pseudo label refinement', 'unsupervised domain adaptation', 'vehicle re-identification'] 

TOP-K 399: ['tensor core architecture', 'ptts', 'mac operations', 'power hungry devices.', 'sparse intervals.', 'negligible impact', 'impact fidelity'] 

Reference 399: ['accelerator architecture', 'deep neural networks', 'energy', 'tensor core'] 

TOP-K 400: [['deep residual shrinkage network'], 'two-way structures', 'noisy data.', 'detection accuracy.', 'usual mechanisms.', 'ability'] 

Reference 400: ['deep learning', 'deep residual shrinkage network', 'software security', 'vulnerability detection'] 

TOP-K 401: ['image information fusion', 'visual response space', 'hvs.', 'human vision', 'novel framework', 'complex scenes', 'different modalities', 'image structures', 'consistent space', 'new variant', 'relevant characteristics'] 

Reference 401: ['human visual system', 'infrared and visible image fusion', 'multiscale structure decomposition', 'perceptual fusion framework', 'saliency aggregation'] 

TOP-K 402: ['transaction system', 'transaction content privacy preserving', 'privacy preserving', 'stealth address method', 'identity anonymity', 'paper'] 

Reference 402: ['anonymous', 'blockchain', 'digital currency system', 'privacy', 'regulatory'] 

TOP-K 403: ['deep-learning methods', 'multispectral/multimodal images.', ['phase congruency'], 'various multispectral/multimodal datasets.', 'trainable light-weight network.', 'high accuracy registration', 'registration results'] 

Reference 403: ['convolutional neural network', 'image registration', 'multimodal image', 'multispectral image', 'phase congruency', 'similarity enhancement'] 

TOP-K 404: ['cpdp problem.', 'sdp models', 'hiel model.', 'project specific measures', 'large-scale experimentation', 'novel hybrid-inducer ensemble', 'important project'] 

Reference 404: ['cross-project defect prediction', 'ensemble learning', 'machine learning', 'prediction analysis', 'probabilistic weighted majority voting'] 

TOP-K 405: ['bp prediction', 'distribution learning', 'label distribution learning problem', 'adaptive multi-task loss', 'end-to-end network', 'attention module', 'raw ppg signal.', 'different modalities', 'different tasks.', 'first time.'] 

Reference 405: ['blood pressure', 'information fusion', 'label distribution learning', 'multitask learning', 'photoplethysmogram (ppg)'] 

TOP-K 406: ['gcrl method', 'experimental results', 'policy training.', 'method', 'success rate', 'theoretical analysis', 'monotonic policy improvement.'] 

Reference 406: ['behavior cloning', 'deterministic policy gradient', 'goal-conditioned reinforcement learning', 'self-imitation learning'] 

TOP-K 407: ['test-time augmentation', 'hate speech', 'augmentation quality', 'hate speech complexities', 'implicit language', 'selection method', 'filter unsuitable ones.'] 

Reference 407: ['back-translation', 'gpt', 'hate-detection', 'tta'] 

TOP-K 408: ['multi-view embedding model', 'reliability-based stable matching algorithm', ['knowledge graphs'], 'novel entity alignment framework', 'embedding space.', 'low reliability', 'extensive experiments', 'different information'] 

Reference 408: ['entity alignment', 'entity embedding', 'knowledge fusion', 'knowledge graph'] 

TOP-K 409: ['compression strategy', 'compression methods', 'dnn model', 'offline performance estimator', 'online loss monitor', 'lightweight library', 'training performance speedup', 'deep learning frameworks.', 'computing environment.'] 

Reference 409: ['data compression', 'deep learning', 'distributed computing', 'optimization', 'performance'] 

TOP-K 410: [['colza'], 'cori supercomputers', 'hpc applications.', 'elastic service'] 

Reference 410: ['colza', 'elastic', 'in situ analysis', 'in situ visualization', 'mochi'] 

TOP-K 411: ['novel dual-encoder architecture', 'vae model.', 'public datasets', 'vae module.', 'medical industry', 'novel method', 'knowledge', 'feature representation.'] 

Reference 411: ['deep learning', 'domain adaption', 'few-shot learning', 'medical image classification', 'variational autoencoder'] 

TOP-K 412: ['visual tracker', 'multiple-object motion estimation', 'multi-object penalization mechanism', 'proposal engine', 'comparison head', 'multi-resolution modules.'] 

Reference 412: ['motion estimation', 'multiple visual object tracking', 'siamese cnn'] 

TOP-K 413: ['smart contract code', 'multi-label vulnerability datasets', 'bug injection framework', 'assembly code.', 'intermediate representation'] 

Reference 413: ['bug injection', 'smart contract', 'transfer learning', 'vulnerability detection'] 

TOP-K 414: ['non-convex hulls', 'non-convex hulls.', 'disjointed regions', 'delaunay triangulation.', 'one-class classification.', 'high dimensional data sets', 'random projections.', 'method', 'training algorithm'] 

Reference 414: ['convex hull', 'delaunay triangulation', 'ensemble learning', 'machine learning', 'one-class classification', 'random projections'] 

TOP-K 415: ['quantum software architecture domain', 'modeling notations', 'design patterns', 'architecture challenges', 'primary studies', 'activities', 'review guides future work'] 

Reference 415: ['quantum computing', 'quantum software architecture', 'quantum software engineering', 'systematic literature review'] 

TOP-K 416: ['graphs kln', 'kln', 'component edge-connectivity', 'k', 'l', 'n ≥', 'cλk +1', 'n2', 'lt', 'exact value'] 

Reference 416: ['algorithm', 'hamming graph', 'interconnection networks', 'k-component edge-connectivity', 'link fault tolerance'] 

TOP-K 417: ['tracing-based approach', 'real-world use cases', 'performance anomalies', 'dpdk applications.', 'performance data', ['root cause analysis'], 'debugging tool', 'negligible overhead'] 

Reference 417: ['dpdk', 'performance analysis', 'root cause analysis', 'tracing', 'troubleshooting'] 

TOP-K 418: ['microservice antipatterns', 'mars', 'microservice antipatterns.', 'microservice-based systems.', 'detection results'] 

Reference 418: ['antipatterns', 'detection', 'maintenance', 'microservices'] 

TOP-K 419: ['semantic information', 'modal difference information.', 'semantic structures', 'feature matching.', 'adaptive image registration', 'adaptive calibration semantic awareness', 'fusion pipeline.'] 

Reference 419: ['deep learning', 'multimodal image matching', 'registration and fusion', 'semantic aware', 'unified framework'] 

TOP-K 420: ['multimodal images', 'fusion methods', 'fusion module', 'optical flow data', 'thermal cameras', 'human motion.', 'single camera.', 'intensive competition', 'rich information', 'illumination conditions.', 'overall performance', 'visible input'] 

Reference 420: ['human behavior recognition', 'multimodal feature fusion', 'thermal and visible imaging'] 

TOP-K 421: ['multiview bipartite graph clustering.', 'significant cross-view anchor-level misalignment', 'ccaa framework', 'cam problem.', 'tricky cam problem'] 

Reference 421: ['anchor alignment', 'bipartite graph learning', 'incomplete multi-view clustering', 'low-rank tensor'] 

TOP-K 422: ['single-objective approaches', 'multi-objective empirical complexity', 'service instances.', ['empirical complexity'], 'service instance', 'formal specification', 'algorithm'] 

Reference 422: ['edge computing', 'empirical complexity', 'predictive model', 'web services'] 

TOP-K 423: [['nonblocking stacks'], ['nonblocking data structures'], 'global memory', 'node-aware design', 'global memory manager', 'lock-free programming patterns', 'general remedy', 'performance implications', 'experimental results', 'memory.', 'aba problem.'] 

Reference 423: ['aba problem', 'distributed-memory systems', 'global memory reclamation', 'nonblocking data structures', 'nonblocking stacks'] 

TOP-K 424: [['human action recognition'], 'human actions', ['aerial videos'], 'new dataset', 'aerial videos.', 'different actions'] 

Reference 424: ['aerial videos', 'dataset', 'human action recognition', 'human detection', 'uav'] 

TOP-K 425: ['high-resolution ndvi', 'progressive pansharpening strategy', 'cross-scale performance.', 'extensive experiments'] 

Reference 425: ['deep learning', 'deep spectral transformation', 'image fusion', 'pansharpening', 'progressive fusion strategy'] 

TOP-K 426: ['semantic feature aggregation', 'multi-scale geometric inputs', 'fusion framework', 'point cloud analysis.', 'semantic space.', 'first attempt'] 

Reference 426: ['geometric space learning', 'information fusion', 'point cloud', 'semantic space learning'] 

TOP-K 427: ['dtw', ['dynamic time warping'], 'euclidean distance', 'novel constraint', 'dtw variants', 'neighbor classifiers', 'elastic distance.', 'dtw variants.', 'additive penalty', 'classic classification benchmark', 'address pitfalls', 'wide range'] 

Reference 427: ['dynamic time warping', 'elastic distance', 'time series'] 

TOP-K 428: ['svm training', ['support subsets'], 'methodology proposal', 'balanced support subsets', 'complexity computation', 'imbalance datasets', 'new concept'] 

Reference 428: ['alpha seeding', 'incremental learning', 'retraining', 'support subset', 'svm'] 

TOP-K 429: ['role-based automata', 'rba-modeling language', 'hierarchical interactions', 'active interplays.', 'experimental studies', 'formal operational model.', 'composition operators', 'prism input language.', 'introduction', 'parallel execution.'] 

Reference 429: ['feature-oriented systems', 'formal methods', 'model checking', 'role-oriented systems', 'software product lines'] 

TOP-K 430: ['novel graph classification method', 'shapenet part datasets', 'edge feature scheme', 'discriminative feature learning.', 'add-on layer', 'classification performance.', 'corresponding graph'] 

Reference 430: ['gcnns', 'graph classification', 'graph construction', 'graph datasets'] 

TOP-K 431: ['graph classification', 'high-order multi-hop neighbors', 'multi-hop graph neural network', 'graph-level representation learning.', 'iterative approximation', ['graph neural networks'], 'computational inefficiency', 'graph benchmark datasets', 'limitations', 'limited representation ability', 'extensive experimental results', 'markov clustering strategies', 'multi-hop neighbor.'] 

Reference 431: ['graph data mining', 'graph neural network', 'graph pattern recognition', 'graph-level representation learning'] 

TOP-K 432: ['improving visual arithmetic discrimination', 'image analysis', 'ambiguous led', 'visual recognition.'] 

Reference 432: ['computer vision', 'edge computing', 'image recognition', 'labeling', 'machine learning'] 

TOP-K 433: [['node embeddings'], 'graph representation', 'interpretable node embeddings', 'community structure', 'different experimental settings.', 'classification tasks.'] 

Reference 433: ['community detection', 'graph representation learning', 'interpretable machine learning', 'node embedding'] 

TOP-K 434: ['ramos', 'error-oriented heuristic method', 'false positives', 'hierarchical structure', 'widely-used frameworks', 'different frameworks', 'crashes', ['precision bugs'], 'api mapping rule'] 

Reference 434: ['deep learning framework', 'hierarchical and heuristic model generation', 'precision bug', 'software testing'] 

TOP-K 435: [['hybrid deep learning models'], 'real-world datasets', 'traffic prediction.', 'recent models', 'specific review', 'architectural analysis', 'representative models.', 'comparison study', 'identical conditions'] 

Reference 435: ['hybrid deep learning model', 'intelligent transportation system', 'large-scale road networks', 'traffic prediction'] 

TOP-K 436: [['infrared small target detection'], 'plug-and-play framework', 'weighted tensor nuclear norm', 'deep denoiser', 'different singular values', 'weighted sum', 'direction multiplier method', 'accurate background estimation.', 'efficient algorithm', 'first attempt', 'fine image details', 'different importance'] 

Reference 436: ['deep denoiser prior', 'infrared small target detection', 'low-rank prior', 'plug-and-play'] 

TOP-K 437: [['embedded systems'], 'quality aspects', 'code review', 'quantitative methods', 'maintainability activities', 'data collection sources.', 'important quality attributes', 'good interrelation'] 

Reference 437: ['embedded systems', 'empirical study', 'quality factors'] 

TOP-K 438: ['af-boosted optical imaging model', 'end-to-end image fusion network', 'image fusion task.', 'large depth-of-field imaging.', 'optical model', 'image fusion algorithm', 'multi-focus images.', 'computational imaging method', 'optical model.', 'real scene dataset', 'pilot system', 'raw images'] 

Reference 438: ['computational imaging', 'depth-of-field extension', 'generative image fusion network', 'm'] 

TOP-K 439: [['affective computing'], 'affective music-video correspondence learning.', ['emomv dataset collection'], 'affective music-video correspondence classification.', 'affective music-video retrieval.', 'deep multi-task learning', 'new datasets', 'deep learning approach', 'benchmark models'] 

Reference 439: ['affective audio–visual correspondence learning', 'affective computing', 'affective music-video retrieval', 'emomv dataset collection', 'emotion-based matching', 'multi-task learning deep neural networks'] 

TOP-K 440: ['mcds algorithm', 'dsnmf network', 'large-scale multi-view datasets.', 'flexible optimization scheme', 'good interpretability', 'convergence quickly.'] 

Reference 440: ['deep learning', 'multi-view clustering', 'multi-view fusion', 'semi-nonnegative matrix factorization'] 

TOP-K 441: ['news embedding features', 'stock price movement forecasting.', 'market-driven sentiment analysis.', 'news features', 'related stocks.', 'related companies', 'financial evaluation', 'stock correlation', 'prediction performance'] 

Reference 441: ['event-driven investing', 'multi-source aggregating', 'sentiment analysis', 'stock prediction'] 

TOP-K 442: ['multi-fuzzy granules anomaly detection', 'mfgad', 'multi-fuzzy granules', 'fuzzy similarity relation.', 'hybrid metric', 'experimental results', 'detection model.', 'first time'] 

Reference 442: ['fuzzy rough set theory', 'granular computing', 'hybrid data', 'multi-granularity', 'unsupervised anomaly detection'] 

TOP-K 443: ['kernel-based feature aggregation framework', 'modeling nonlinear feature relationships', 'deep point cloud networks', '3d object classification', 'max-pooling', 'orderless point analysis', 'rbf kernel', 'deep networks', 'backbone networks', 'polynomial kernel', 'unsupervised task', 'part segmentation', 'supervised tasks', 'minor additional computational cost', 'high efficiency'] 

Reference 443: ['deep learning', 'feature aggregation', 'kernel', 'point cloud', 'pooling'] 

TOP-K 444: ['human-centred artificial intelligence.', 'neural models.', 'interpretability-performance tradeoff', 'enhancing interpretability', 'exhaustive empirical benchmark study'] 

Reference 444: ['explainability', 'explainable artificial intelligence', 'generalised additive models', 'interpretability', 'interpretable modelling', 'neural additive models'] 

TOP-K 445: [['multi-modal learning'], 'masked image modeling', ['unsupervised domain adaptation'], ['knowledge transfer'], 'single modality', 'complementary privileged cues.', 'self-supervised model.', 'small models.', 'representation ability'] 

Reference 445: ['knowledge transfer', 'multi-modal learning', 'self-supervised learning', 'semantic segmentation', 'unsupervised domain adaptation'] 

TOP-K 446: ['open-ended vqa', ['visual question answering'], 'open-ended vqa.', 'human-like answer generation.', 'novel multimodal fusion models', 'challenging task', 'new form'] 

Reference 446: ['information fusion', 'low-resource languages', 'multimodal representation', 'vision-language understanding', 'visual question answering'] 

TOP-K 447: ['adversarial scratches', 'cnn classifiers.', 'bezier curves', 'healthy images', 'powerful attack', 'target image region.', 'deployable attacks.', 'search space.'] 

Reference 447: ['adversarial attacks', 'adversarial perturbations', 'bézier curves', 'convolutional neural networks', 'deep learning'] 

TOP-K 448: ['new niching-based mutation operator', 'duplicated feature subsets', 'extensive experimental analysis', 'new approach', ['multiple optimal feature subsets'], 'classification tasks', 'new modification operator', 'novel insights', 'population diversity', 'superior performance'] 

Reference 448: ['classification', 'differential evolution', 'feature selection', 'multiple optimal feature subsets'] 

TOP-K 449: ['image denoising tasks', ['image denoising'], 'enhancing frequency fusion network', 'low-weight tokens.', 'afe block', 'eff-net', 'denoising performance', 'frequency bands.', 'eff modules', 'impact', 'terms'] 

Reference 449: ['decomposition frequency', 'dynamic hash attention', 'enhanced frequency fusion', 'image denoising', 'transformer'] 

TOP-K 450: ['iaas cloud infrastructure', 'new heuristics', 'vm migration', 'migration lock-in status.', 'real-world datasets', 'power consumption', 'new problem', 'comprehensive simulation', 'resource utilization simultaneously.'] 

Reference 450: ['ant colony system (acs)', 'cloud computing', 'cloud federation', 'energy consumption', 'virtual machine placement (vmp)'] 

TOP-K 451: ['deep learning-based anomaly detection', 'first system call-based dataset', 'cross-dataset evaluation', 'linux kernels.', 'massive abnormal data.', 'full dataset'] 

Reference 451: ['anomaly detection', 'dataset', 'deep learning', 'kernel bug', 'linux kernel', 'system calls'] 

TOP-K 452: ['rain images', 'rain streaks', 'deraining function', 'state-of-the-art approaches', 'experimental results', 'rain images.', 'low-frequency degradation', 'real image datasets', 'good deraining effect', 'low-frequency preservation', 'method', 'background scenes', 'object edges', 'detailed information', 'separate rain'] 

Reference 452: ['image weighted blending', 'recurrent wavelet residual network', 'single image deraining', 'structure preservation'] 

TOP-K 453: ['dynamic hybrid trust network', 'dms', ['spectral clustering'], 'two-stage consensus model.', 'social relationships', 'preference modification suggestions'] 

Reference 453: ['consensus reaching', 'dynamic social networks', 'large-scale group decision-making', 'spectral clustering', 'willingness to cooperate'] 

TOP-K 454: ['natural habits-based biometrics', 'human-computer interaction', 'behavioral biometrics', 'recent user recognition schemes', 'human-to-things recognition schemes.', 'powerful iot platforms', 'external iot sensors', 'smart devices', 'aforementioned behavioral biometrics', 'conventional recognition schemes', 'motion sensors', 'reliable user recognition schemes', 'machine learning algorithms', 'single footstep', 'usability attributes'] 

Reference 454: ['behavioural biometrics', 'internet of things (iot)', 'privacy', 'secutity', 'usability', 'user recognition'] 

TOP-K 455: ['multi-scale euclidean distance difference', 'anime line art colorization', 'color-aligned reference features', 'tre-net', 'multi-scale edd map', 'geometric transformation regions', 'multi-scale edd maps', 'gray video colorization', 'multi-scale edd', 'mask propagation algorithms', 'geometric transformation regions.', 'feature enhancement module', 'colorization quality', 'quantitative experimental results', 'first time'] 

Reference 455: ['anime video', 'gan', 'synthesis', 'video coloring'] 

TOP-K 456: ['multiview clustering model', 'graph filtering.', 'graph geometry', 'optimization problem.', 'extensive experiments'] 

Reference 456: ['graph filtering', 'multi-view learning', 'smooth representation', 'subspace clustering'] 

TOP-K 457: ['end-to-end deep neural network', 'multi-stage information diffusion strategy', 'stanford 2d-3d-semantic datasets', 'nyu depth v2', 'cross-correlation attention module', 'joint monocular depth estimation', 'midnet', 'joint-task learning', ['surface normal estimation'], 'state-of-the-art performance', 'kitti dataset', 'surface normal estimations.', 'interactive information', 'prior art', 'different levels'] 

Reference 457: ['attention map', 'depth estimation', 'multi-stage information fusion', 'multitask learning', 'surface normal estimation'] 

TOP-K 458: ['3d mri', 'infected brain regions', 'longitudinal multimodal data', 'cross-sectional biomarkers', 'ad diagnosis.', 'visual attention maps', 'novel explainability method', 'brain tissues.'] 

Reference 458: ['3d cnn', 'ad progression detection', 'explainable ai', 'multimodal information fusion', 'time-series data analysis'] 

TOP-K 459: ['responsible technology development', 'organizational factors.', 'secure robotics', 'qualitative study', 'comprehensive list'] 

Reference 459: ['human factors', 'human resource management', 'robotic systems', 'safety', 'security', 'software engineering'] 

TOP-K 460: ['naps fusion', 'human experimental data', 'class imbalances', 'multi-classification ml problems', 'multiclass experiment', 'ml uncertainty models.', 'impaired cognitive states', 'experimental data.', 'predictive modeling limitations', 'low samples.', 'shafer theory', 'ambiguous labels'] 

Reference 460: ['experimental data variability', 'human performance prediction', 'sensor fusion', 'small experimental sample size', 'uncertain ground truth', 'uncertainty modeling'] 

TOP-K 461: ['multimodal inconsistent semantics', 'multimodal news', 'fake news.', 'contextual semantics', 'public datasets', 'multimodal features', 'inconsistent semantics', 'extensive experiments', 'mil layer', 'global perspectives.'] 

Reference 461: ['fake news detection', 'multimodal content analysis', 'natural language processing', 'social media analysis'] 

TOP-K 462: [['machine learning'], 'intra-cluster similarity', 'software metrics.', 'untrustworthy cluster.', 'prediction model', 'code units', 'trustworthiness decreases.', 'relative importance'] 

Reference 462: ['code categorization', 'code security review', 'machine learning', 'software metrics', 'software security', 'trustworthiness model'] 

TOP-K 463: ['infrared fused quality assessment', 'fusion quality', 'subjective benchmark dataset', 'mhse blocks', 'image quality assessment.', 'semantic embedding', 'new semantic relation transformer', 'image quality assessment specification', 'relation knowledge.'] 

Reference 463: ['image quality assessment', 'multi-head self-evaluation', 'semantic-relation transformer', 'visible and infrared images fusion'] 

TOP-K 464: ['collaborative fusion method', 'multi-view semi-supervised learning.', 'large-scale multi-view data.', 'various datasets', 'method effectiveness', 'joint projection', 'fuse different views'] 

Reference 464: ['adaptive graph fusion', 'collaborative fusion', 'feature projection', 'multi-view data fusion', 'semi-supervised multi-view classification'] 

TOP-K 465: ['3d human body models', '4d human body models', 'human body geometry', '3d point clouds', 'segmentation techniques', 'segmentation algorithms', 'real-time applications', ['surface measurement']] 

Reference 465: ['3d data acquisition', 'automated point cloud segmentation', 'human body silhouette segmentation', 'surface measurement'] 

TOP-K 466: ['balanced hypercubes bhn.', 'fault model', 'exponential fault tolerance', 'dimension n', 'hamiltonian laceable.', '2n −', 'novel indicators', 'comparison results', 'resp'] 

Reference 466: ['balanced hypercubes', 'exponential faults', 'fault tolerance', 'hamiltonian laceable', 'interconnection networks'] 

TOP-K 467: ['heterogeneous hypergraphs', 'novel hypergraph tri-attention network', 'real-world data', 'hierarchical attention modules', 'stock trend prediction.', 'stock hypergraphs.', 'investment simulation', 'group-wise relationships', 'groupwise relationships', 'fund-holding relationships', 'information propagation', 'different nodes', 'experimental evaluation'] 

Reference 467: ['attention mechanism', 'hypergraph convolutional networks', 'stock investment simulation', 'stock trend prediction'] 

TOP-K 468: ['facial image clustering', ['face clustering'], 'new state-of-the-arts', 'non-overlapping community detection.', 'novel framework', 'new metrics'] 

Reference 468: ['face clustering', 'graph partitioning', 'map equation'] 

TOP-K 469: ['test programs', 'regression testing strategies', 'rule-based automated reasoning.', 'dynamic analysis', 'symbolic execution.', 'effective decisions', 'implicit relations.', 'means'] 

Reference 469: ['automated reasoning', 'microservices architecture', 'program instrumentation', 'software testing', 'symbolic execution', 'test program similarity'] 

TOP-K 470: ['l0 norm constraint', 'real-time fire detection', ['fire detection rate'], 'high fire detection rate', 'l1 norm problem', 'l1 norm prevm', 'norm regularization problems', 'general lp', ['error warning rate'], 'nonlinear version', 'implicit feature map.', ['dual representation']] 

Reference 470: ['dual representation', 'error warning rate', 'fire detection rate', 'forest fire detection', 'svm'] 

TOP-K 471: ['solar forecast.', 'convolutional filters.', 'air parcel', 'innovative method', 'multiple sensors.', 'optimal architecture', 'bayesian implementation'] 

Reference 471: ['bayesian networks', 'bayesian optimization', 'deep learning', 'girasol dataset', 'sky imaging', 'solar forecasting'] 

TOP-K 472: ['context-oriented programming languages', 'context-oriented development.', 'context-oriented programming languages.', 'testing facilities.', 'findings'] 

Reference 472: ['comparison', 'context-oriented programming', 'evaluation'] 

TOP-K 473: ['fgenn', 'neighbor algorithms', 'neighbours', 'available knn variants', 'neighbourhood extraction', 'k parameter concept', 'distance calculations.', 'various distance calculations.', 'parameter free algorithm.', 'window concept', 'scientific research.', 'modern era', 'lazy process'] 

Reference 473: ['classification', 'hashing', 'nearest neighbors', 'windowing operation'] 

TOP-K 474: ['rigorous non-disjoint discretization', 'rndd', 'naive bayes.', 'extensive experimental results', 'multiple occurrences', 'single value.'] 

Reference 474: ['discretization', 'naive bayes', 'proportional weighting', 'singleton interval'] 

TOP-K 475: ['low rank-based model', 'tv-based reconstruction models', 'unsatisfactory reconstruction results', 'wnnm model', 'spr task', 'weighted nuclear norm', 'three-dimensional structure', 'spr task.', 'several state-of-the-art methods', 'model', 'outstanding reconstruction results', 'different features', 'cryo-em show', 'different weights', 'features'] 

Reference 475: ['cryogenic electron microscopy', 'forward-backward splitting algorithm', 'single-particle reconstruction', 'three-dimensional weighted nuclear norm minimization'] 

TOP-K 476: ['bidirectional ggnn', 'experimental results', 'program slicing.', 'graph.', 'contextual semantics', 'hybrid attention graph', 'high effectiveness', 'extract features'] 

Reference 476: ['code representation', 'graph neural network', 'smart contract', 'vulnerability detection'] 

TOP-K 477: ['eddi', 'on-demand inference acceleration', 'edge-cloud collaboration.', 'evaluator', 'collaborative optimization', 'model accuracy', 'novel components', 'approximate solution'] 

Reference 477: ['cloud computing', 'computation offloading', 'deep neural networks', 'edge computing', 'edge intelligence'] 

TOP-K 478: ['retrieval-verification framework', ['specialized features'], 'state-of-the-art methods', ['verification network'], 'similar images.', 'synthetic datasets', 'discerning similar images.', 'verification results.', 'ranking strategy'] 

Reference 478: ['cloth changing person re-identification', 'part-based comparison', 're-rank', 'specialized features', 'verification network'] 

TOP-K 479: ['mobile edge computing system.', 'online computing offload model', 'double dqn', 'energy consumption.', 'training efficiency'] 

Reference 479: ['computation offloading', 'deep deterministic policy gradient', 'double deep q-networks', 'mobile edge computing', 'power control'] 

TOP-K 480: ['ms coco-2017 validation set', 'lightweight repa', 'yolox head', 'structural re-parameterization method', 'lite models', 'detection head', 'novel label assignment', 'loss weight function', 'detector performance.', 'different sizes', 'negative samples', 'average precision', 'minimal increase'] 

Reference 480: ['decoupled head', 'label assignment', 'object detection', 'yolo series'] 

TOP-K 481: ['sphsps', 'new', 'superpixel method', 'spherical state-of-the-art superpixel methods', 'path-based superpixels', ['shape regularity'], 'spherical acquisition space.', 'regular superpixels.', 'superpixel centers.'] 

Reference 481: ['3d spherical images', 'shape regularity', 'superpixels', 'unsupervised segmentation'] 

TOP-K 482: ['multi-modal learning.', 'multi-modal co-learning', 'uni-modal performance', 'multi-modal uses'] 

Reference 482: ['classification', 'multi-modal', 'multimedia', 'natural disasters'] 

TOP-K 483: ['cross-modulation mechanism', 'feature dynamic alignment module', 'feature refinement strategy', 'visible image fusion method'] 

Reference 483: ['feature-alignment', 'image fusion', 'infrared image', 'translational misalignment', 'visible image'] 

TOP-K 484: ['course final mark prediction', 'xgboost-enhanced sap prediction.', 'student characteristics', 'probsap', 'scalable metadata clustering', 'state-of-the-art algorithms', 'collaborative data processing', 'experimental results', 'imbalanced data', 'encouraging prediction accuracy', 'imbalanced datasets.'] 

Reference 484: ['educational data mining (edm)', 'imbalanced data management', 'sap prediction', 'student academic performance', 'xgboost-enhanced method'] 

TOP-K 485: ['iomt data.', 'heterogeneous iomt data', ['quantum deep learning'], 'privacy protection', 'intelligent fusion module', 'effective data fusion', 'superior performance'] 

Reference 485: ['attack detection', 'data fusion', 'neural network', 'privacy-aware', 'quantum deep learning'] 

TOP-K 486: ['long-tailed recognition', 'long-tailed benchmarks', 'unified theoretical framework', 'methods', ['representation gap'], ['prior gap'], 'mitigation solutions', 'superior performance'] 

Reference 486: ['image recognition', 'long-tailed learning', 'prior gap', 'representation gap'] 

TOP-K 487: [['quantum computing'], 'nisq devices', ['quantum computation'], 'quantum architectures', 'nisq technologies.', 'nisq devices. ;d', 'critical issues', 'reference model', 'mature life thanks'] 

Reference 487: ['distributed architectures', 'quantum algorithms', 'quantum computing'] 

TOP-K 488: ['deep multi-view representation learning.', 'unified framework', 'complementary information'] 

Reference 488: ['clustering analysis', 'interpretability of multi-view learning', 'multi-view disentangled representation learning'] 

TOP-K 489: ['multi-channel zernike moments', 'state-of-the-art cnns', 'rotation invariant descriptor.', 'invariant features.', 'rotation invariant color', 'feature maps', 'shape descriptor', 'high recognition rates', 'feature maps.', 'several feature maps'] 

Reference 489: ['bag-of-visual-words', 'convolutional neural networks', 'object classification', 'rotation invariance', 'zernike moments'] 

TOP-K 490: ['multi-level multi-type self-generated knowledge.', 'multi-level knowledge', 'superpixel-based algorithm.', 'multi-type knowledge', 'accurate cardiac segmentation', 'large number'] 

Reference 490: ['anatomically constrained neural network (acnn)', 'deep neural networks (dnns)', 'dual closed-loop network (dclnet)', 'full convolution network (fcn)', 'multi-level and multi-type self-generated (mm-sg)', 'slic (simple linear iterative clustering) algorithm'] 

TOP-K 491: ['trust issues.', 'resource allocator.', ['resource allocation'], 'edge computing.', 'distributed-conduction design', 'energy efficiency', 'agent edge network', 'lightweight trust evaluation model', 'malicious detection', 'malicious attacks'] 

Reference 491: ['edge computing', 'resource allocation', 'task offloading', 'trust model'] 

TOP-K 492: [['distribution linguistic preference relation'], 'new ordinal consistency', ['ordinal consistency'], 'local minimum adjustment', 'ordinal inconsistency.', 'individual preferences', 'consensus model', ['optimization model']] 

Reference 492: ['cardinal consistency', 'consensus reaching processes', 'distribution linguistic preference relations', 'optimization models', 'ordinal consistency'] 

TOP-K 493: ['rt-3wd-pptdr method', 'fusion decision system', 'behavior psychology', 'new algorithm'] 

Reference 493: ['fuzzy incomplete information system', 'multi-attribute decision-making', 'priori probability tolerance dominance relation', 'regret theory', 'three-way decision'] 

TOP-K 494: ['ood detection.', 'superior ood detection performance', 'post-hoc methods', 'neural networks.', 'reasonable attributions', 'explainability method', 'detection ability.'] 

Reference 494: ['explainable artificial intelligence', 'model fusion', 'out-of-distribution detection', 'relevance attribution', 'spiking neural networks'] 

TOP-K 495: ['cluster energy-saving optimization', 'milp problems', 'server switching jitter.', 'minlp problem', 'switching cost', 'variable division method', 'several perspectives', 'milp problem.', 'detailed experimental results', 'different variable definitions.'] 

Reference 495: ['application server cluster', 'energy-saving optimization', 'homogeneity', 'mixed integer linear programming', 'switching jitter'] 

TOP-K 496: [['domain conversion'], 'domain conversion method', 'depth estimation', 'nir images.', 'method', 'loss function.', 'public datasets.', 'various applications', 'work studies', 'noteworthy performance'] 

Reference 496: ['domain conversion', 'image matching', 'sensor fusion', 'stereo matching', 'vis–nir'] 

TOP-K 497: ['magdm problem', 'qlbn', ['belief entropy'], 'deng entropy method', 'belief inteference', 'aggregate quantum probabilities', 'decesion-making stages.', 'interference values', 'decision states', 'model causal reasoning', 'decision makers.', 'propose belief state'] 

Reference 497: ['belief entropy', 'deng entropy maximum method', 'interference of beliefs', 'multi-attribute group decision making', 'quantum-like bayesian network', 'subjectivity'] 

TOP-K 498: [['smart contract vulnerability detection'], 'novel model ea-rgcn', 'new graph representation', 'semantic graph', 'smart contract functions.', 'code features', 'residual graph neural networks', 'edge attention.'] 

Reference 498: ['code graph', 'edge attention', 'graph convolutional networks', 'residual block', 'smart contract vulnerability detection'] 

TOP-K 499: ['new simulation methodology', 'decision support technique', 'consistent erroneous judgments', 'decision support techniques.', 'rationality methodology', 'inconsistent correct judgments', 'consistency condition', 'different aspects'] 

Reference 499: ['analysis of decision support techniques', 'error', 'inconsistency', 'intentional bounded rationality methodology'] 

TOP-K 500: ['huawei davinci ai core', 'davinci kernel optimization', 'novel ai processor.', 'davinci core bandwidth contention', 'detailed dissections', 'accurate execution time prediction', ['performance model'], 'key performance factor.', 'kernel program.', 'prediction accuracy evaluation'] 

Reference 500: ['ai processors', 'benchmarking', 'performance modeling'] 

TOP-K 501: ['high-quality image sr', 'public datasets', 'directional variance attention mechanism', 'state-of-the-art models.', ['attention mechanisms'], 'parallel computational paths', 'extensive experiments', 'spatial regions', 'informative features.', 'different channels', 'residual blocks', 'novel procedure'] 

Reference 501: ['attention mechanism', 'efficient network', 'single image super-resolution'] 

TOP-K 502: ['subgraph arrangement structure information', 'position-aware node embedding module', 'subgraph-based structural embedding module', 'graph', 'relative position information', 'small graphs', 'graph matching experiments.', 'deep learning graph', 'key points', 'image features.', 'paper', 'comprehensive extraction'] 

Reference 502: ['deep neural network', 'graph embedding', 'graph matching'] 

TOP-K 503: ['deep learning', 'machine learning', 'minimal pre-processing.', 'power consumption', 'different channels.'] 

Reference 503: ['convolutional neural network (cnn)', 'electroencephalography (eeg)', 'logistic regression', 'schizophrenia'] 

TOP-K 504: ['open-source extendable multi-criteria framework', 'open-source convex', 'large-scale industrial real-world systems.', 'test set selection.', 'problem formulations', 'metaheuristic alternatives.', 'optimality information', 'commercial ones'] 

Reference 504: ['industrial-scale optimization', 'regression testing', 'software testing', 'test case selection'] 

TOP-K 505: ['image-level fusion', 'psfusion', 'semantic-driven ir/vis fusion model', 'visual appeal', 'feature-level fusion.', 'fusion features.', 'feature level', 'abundant results', 'various models.', 'complete information'] 

Reference 505: ['feature-level fusion', 'high-level vision task', 'image fusion', 'progressive semantic injection', 'scene fidelity'] 

TOP-K 506: ['bubble-sort networks.', 'multiple independent spanning trees', 'algorithm', 'open problem', 'total time complexity'] 

Reference 506: ['bubble-sort networks', 'independent spanning trees', 'interconnection networks'] 

TOP-K 507: ['gan models.', 'learning-aware feature', 'method', 'baseline models'] 

Reference 507: ['feature denoising', 'gans', 'image synthesis', 'robustness'] 

TOP-K 508: ['multi-task knowledge', 'auxiliary tasks', 'auxiliary tasks.', 'auxiliary learning framework.', 'instance classification task', 'additional labels'] 

Reference 508: ['auxiliary learning', 'contrastive learning', 'instance segmentation', 'rgbt tracking', 'semantic matching'] 

TOP-K 509: ['grace', 'parsimonious resource management', 'data fusion techniques', 'grace predictive performance.', ['machine learning'], 'relevant risk factors.', 'complementary information', 'single model.'] 

Reference 509: ['acute coronary syndrome', 'correction factor', 'data fusion', 'grace risk score', 'machine learning'] 

TOP-K 510: ['blockchain consensus protocols.', 'blockchain consensus safety', 'security problems', 'future research', 'in-depth survey', 'security assurance approaches.', 'security research.', 'discussion', 'summary'] 

Reference 510: ['blockchain consensus', 'challenges', 'consensus safety', 'consensus security'] 

TOP-K 511: ['td types', 'td incidents', 'industrial td incidents.', 'industrial automation sector', 'industrial automation sector.', 'semi-structured interview', 'effect relations'] 

Reference 511: ['causes', 'consequences', 'life cycle', 'mechatronic product', 'mechatronics', 'technical debt'] 

TOP-K 512: ['public methods'] 

Reference 512: ['api evolution', 'breaking changes', 'compatibility', 'maven central', 'method popularity', 'semantic versioning'] 

TOP-K 513: ['k-coverage', 'sensor selection protocol', 'sensors', 'non-intersecting square tiles.', ['connected k-coverage'], 'k', 'planar field', 'communication radii', ['sensor density'], 'optimal characterization', 'interest', 'minimum number', 'necessary relationship'] 

Reference 513: ['connected k-coverage', 'planar wireless sensor networks', 'sensor density', 'square tessellation'] 

TOP-K 514: ['iot facets', 'iot systems', 'engineering iot software systems.', 'iot roadmap', 'iot conceptual framework', 'iot project', 'system engineering life cycle.'] 

Reference 514: ['evidence-based software engineering', 'internet of things', 'system engineering'] 

TOP-K 515: ['multiple-source aggregation methods', 'multiple-source aggregation methods guide', 'future research pathways', 'upcoming techniques.', 'current needs', 'scientific field.'] 

Reference 515: ['expert weights', 'group decision-making', 'magdm', 'mcgdm', 'multiple criteria group decision-making'] 

TOP-K 516: ['ms coco dataset', 'ar-fpn module', 'ar-rff module', 'position-sensitive features', 'backbone networks', 'comprehensive experiments', 'weighted regression strategy.', 'various frameworks', 'feature levels', 'distinguishable features', 'substantial improvements', 'scale variations', 'aggregate complementary features'] 

Reference 516: ['adaptive region-aware fpn', 'adaptive region-aware roi feature fusion', 'feature enhancement', 'object detection'] 

TOP-K 517: ['miner nodes', '5g-femtocell design', 'iiot ecosystems.', 'femtocell design', 'bc node characteristics', 'multi-hop co scheme', 'collusive bidding', 'latency constraints', 'incentive policy', 'fair reward', 'resource requirements.'] 

Reference 517: ['5g', 'data offloading', 'mining-as-a-service', 'mobile blockchain', 'mobile edge computing'] 

TOP-K 518: ['3d reconstruction method', ['depth fusion'], ['binocular stereo vision'], ['polarization imaging'], 'joint 3d reconstruction model', 'optimization problem', 'efficient solution'] 

Reference 518: ['3d reconstruction', 'binocular stereo vision', 'depth fusion', 'polarization imaging'] 

TOP-K 519: ['deep architecture', 'high-level decision features', 'online/offline explanations', 'intermediate perceptual features', 'fine-grained correlation', 'core module', 'natural language justification', 'block fusion module.', 'trajectory prediction model', 'global approach', 'various settings', 'online fashion.'] 

Reference 519: ['bdd-x', 'cause classification', 'explainable self-driving', 'hdd', 'multi-level fusion', 'natural language explanations'] 

TOP-K 520: [['class diagrams'], 'design diagram usage', 'open-source communities', 'semantic elements', 'popular tools', 'different styles'] 

Reference 520: ['class diagram', 'inconsistency check', 'uml image recognition'] 

TOP-K 521: ['topomatch', 'several use-cases', 'thread mapping.'] 

Reference 521: ['adaptative algorithm', 'noise analysis', 'process mapping'] 

TOP-K 522: ['midp scheme'] 

Reference 522: ['big data', 'delay-aware', 'energy efficient', 'task offload', 'unmanned aerial vehicles'] 

TOP-K 523: [['color image restoration'], 'quaternion domain', 'wnnm method', 'cnn-based method', 'state-of-the-art methods', 'pure quaternion representation', 'admm method', 'color image', 'rgb channels', 'interconnected information', 'theoretical analysis'] 

Reference 523: ['color image restoration', 'low-rank matrix analysis', 'quaternion representation', 'variational method', 'weighted nuclear norm'] 

TOP-K 524: ['r packages.', 'software repositories', 'r developers', 'incorrect use roxygen', 'mixed-methods study', 'common smells.', 'traditional api', 'incomplete documentation', 'different documentation parts'] 

Reference 524: ['api documentation', 'developers’ survey', 'mining software repositories', 'roxygen', 'software engineering', 'technical debt'] 

TOP-K 525: ['ethereum applications.', 'solidity smart contracts.', 'test suites', 'real blockchain applications', 'mutation testing approach', 'mutation testing analysis.', 'mutation operators', 'extensive validation', 'functional tool'] 

Reference 525: ['blockchain', 'mutation testing', 'smart contract', 'solidity', 'test automation'] 

TOP-K 526: ['uav sar images', 'airborne sar image fusion', 'target-to-clutter ratios', 'new image fusion method', 'first time', ['ship detection']] 

Reference 526: ['airborne sar', 'copula theory', 'information fusion', 'ship detection', 'spaceborne synthetic aperture radar (sar)', 'target proposals'] 

TOP-K 527: ['signature barcoding framework', 'barcode images', 'svc2004 samples.', 'time localization', 'frequency component', 'first time', 'compatible wavelets.'] 

Reference 527: ['barcode', 'biometrics', 'frequency', 'online signature verification', 'scalogram', 'svm'] 

TOP-K 528: ['supply chain/business agility', 'logistics companies', ['agile methods'], 'customer satisfaction', 'product design', 'supportive manner.'] 

Reference 528: ['agile methods', 'literature review', 'logistics', 'start-ups', 'traditional companies'] 

TOP-K 529: ['state-of-the-art load balancing criteria', ['dynamic load balancing'], 'parallel iterative applications.', 'new optimal automatic load', 'criterion', 'optimal time'] 

Reference 529: ['dynamic load balancing', 'high performance computing', 'load balancing criteria', 'parallel computing', 'performance optimization'] 

TOP-K 530: ['farmland fertility algorithm', 'multi-swarm evolutionary approach', 'dynamic objective strategy', 'workflow scheduling problems.', 'feasible solutions', 'mutation operator'] 

Reference 530: ['cloud computing', 'deadline constraints', 'meta-heuristics', 'workflow scheduling'] 

TOP-K 531: ['new multi-agent reinforcement learning', 'utility-aware service caching scheme', 'new problem formulation', 'dynamic collaborative service caching', 'long-term system utility', 'service cost', 'latency reduction.'] 

Reference 531: ['collaborative service caching', 'edge computing', 'multi-agent multi-armed bandit model', 'multi-agent reinforcement learning'] 

TOP-K 532: ['hierarchical deep cs network', 'structural sparsity', 'multilevel wavelet', 'sampling network', 'finer texture details', 'sparse signal.', 'joint learning', 'reconstruction network', 'sampling module', 'interesting discovery'] 

Reference 532: ['compressed sensing', 'hierarchical reconstruction', 'multilevel wavelet transform', 'sparse signal'] 

TOP-K 533: ['scale-aware keypoint detection', 'multiple benchmarks', 'annulus neighborhood.', 'description approach.', 'decent performance'] 

Reference 533: ['3d reconstruction', 'image matching', 'keypoint description', 'keypoint detection', 'structure from motion'] 

TOP-K 534: [['subspace projection'], 'multi-dimensional fisher discriminant analysis', 'nonlinear subspace projection.', ['generalized discriminant component analysis'], 'dimensionality reduction.', 'pattern recognition.', 'kernelization forms', 'technical advantages', 'major method', 'theoretical validity'] 

Reference 534: ['dimensionality reduction', 'generalized discriminant component analysis', 'pattern recognition', 'subspace projection'] 

TOP-K 535: ['high-precision temporal calibration', 'multi-state constraint kalman filter', 'multi-rate sensors calibration', 'calibration method', 'new method', 'real-time calculation.', 'online manner.'] 

Reference 535: ['motion constraints', 'multi-rate sensors fusion', 'temporal offset', 'temporal self-calibration'] 

TOP-K 536: ['ml methods', 'cp', 'error rate'] 

Reference 536: ['confidence', 'conformal prediction', 'nonparametric methods'] 

TOP-K 537: ['audio-visual interaction', 'neural networks', 'state-of-the-art audio', 'sound embeddings', 'audio-visual event classification.', 'visual information', 'various fusion strategies', 'visual interactions', 'modality attention module'] 

Reference 537: ['attention', 'audio-visual fusion', 'event recognition', 'modality conditioning', 'multimodal deep learning'] 

TOP-K 538: ['big data', 'data management challenges', 'dl', 'deep learning.', ['data management'], 'future research directions', 'data analytics', 'machine learning', ['solutions'], 'identify open research challenges', 'data mining.'] 

Reference 538: ['challenges', 'data management', 'deep learning', 'production quality dl models', 'solutions', 'validation'] 

TOP-K 539: ['structured hypergraph learning', 'state-of-the-art methods', ['clustering ensemble'], 'base clusters', 'experimental results', 'new measurement'] 

Reference 539: ['clustering ensemble', 'ensemble learning', 'hypergraph graph learning'] 

TOP-K 540: ['iha-mdgi algorithm', 'heterogeneous gnns', 'state-of-the-art algorithms', 'mutual-information loss function', 'traffic signal control.', 'feature fusion.'] 

Reference 540: ['adaptive traffic signal control', 'attention mechanism', 'heterogeneous feature fusion', 'multi-agent reinforcement learning', 'mutual information'] 

TOP-K 541: ['warpcore library', 'common bioinformatics pipelines', 'associative data structures', 'hash maps.', 'cpu-based implementations.', 'massive speedups', 'many applications', 'many fields'] 

Reference 541: ['bioinformatics', 'gpus', 'hash tables'] 

TOP-K 542: [['deep neural networks'], 'deep models', 'tabular data.'] 

Reference 542: ['deep neural networks', 'hyperparameter optimization', 'tabular data', 'tree-based models'] 

TOP-K 543: ['hdlss', 'npdmd', 'different real-world applications', 'novel classification criterion', 'novel linear binary classifier', 'tolerance similarity', 'data sets.'] 

Reference 543: ['binary linear classifier', 'covariance matrix', 'data piling', 'quadratic programming'] 

TOP-K 544: ['sparsity denoising operators', 'adversarial medical images.', ['cnns'], 'adversarial perturbations'] 

Reference 544: ['adversarial examples', 'cnns', 'sparsity denoising'] 

TOP-K 545: ['performance verification', ['security'], 'verification techniques', 'performance verification.', 'clear requirements', 'support tools.', 'preventive approach.', 'suitable security'] 

Reference 545: ['evidence-based software engineering', 'performance', 'security', 'software testing', 'software verification'] 

TOP-K 546: ['highresolution ground-view panorama images', 'novel cross-stage attention module', 'progressive gan generation framework', 'panorama image', 'new state-of-the-art results', 'low-resolution aerial images.', 'urban area', 'progressive generation process', 'segmentation images', 'model training.', 'suburb area', 'adjacent generation stages', 'geometric relation'] 

Reference 546: ['cross-stage attention', 'cross-view panorama image synthesis', 'multi-stage image generation', 'orientation-aware data augmentation', 'progressive attention gans'] 

TOP-K 547: ['xai', 'xai methods', 'xai models', 'recent studies', 'mini-review', 'hydrocephalus patients', 'digital healthcare.', 'covid-19 classification.', 'ventricle segmentation', 'medical field.', 'representative showcases.'] 

Reference 547: ['explainable ai', 'information fusion', 'medical image analysis', 'multi-domain information fusion', 'weakly supervised learning'] 

TOP-K 548: ['blocknet', 'networked blockchain', 'prototye performance', 'provenance graph', 'chameleon hash', 'shared data.', 'data ownership.', 'previous hashes.', 'indexing system', 'future pointers'] 

Reference 548: ['blockchain', 'data provenance', 'secure data sharing'] 

TOP-K 549: ['deep neural networks', 'generative detection method', 'modularized defense framework', 'experimental results', 'reconstruction error', 'adversarial perturbations', 'adversarial examples.', 'accuracy'] 

Reference 549: ['adversarial example', 'deep learning', 'domain adaptation'] 

TOP-K 550: ['software architectural change detection', 'change management', 'future research plans.', 'various perspectives.'] 

Reference 550: ['abstraction', 'change detection', 'classification', 'design review', 'software architecture'] 

TOP-K 551: ['multi-label classifiers.', 'state-of-the-art methods', 'tree-shaped ensembles', 'genetic programming method', 'variable size', 'labels', 'use', 'different size.'] 

Reference 551: ['ensemble learning', 'evolutionary algorithm', 'grammar-guided genetic programming', 'multi-label classification'] 

TOP-K 552: ['cvc-14 datasets', 'pixel-level fusion strategy', 'discriminative human-related features.', 'complementary modalities.', 'new perspective'] 

Reference 552: ['deep neural networks', 'feature aggregation', 'multispectral fusion', 'pedestrian detection', 'pixel-wise guidance'] 

TOP-K 553: ['consensus measure method', 'objective termination index', 'optimization model', 'comprehensive identification rule'] 

Reference 553: ['consensus measure', 'consensus reaching process (crp)', 'feedback adjustment', 'multi-attribute large group decision-making (malgdm)', 'termination index'] 

TOP-K 554: ['adaptive graph generation module', 'sparse weighted graph', 'sgwcnn', 'spatial-temporal relationships', 'traditional gcn-based methods', 'short time occlusion', 'pedestrian misalignment problems', 'pairwise feature mapping', 'videobased person re-id.', 'efficient algorithm', 'information redundancy.', 'sparse parameters', 'supplementary information', 'semantic relationship', 'different patches'] 

Reference 554: ['graph wavelet convolution neural network', 'video-based person re-identification', 'weighted sparse graph'] 

TOP-K 555: ['dnn partition technology', 'dnn partition.', 'polynomial time complexity', 'knapsack problem', 'multi-player game', 'partition problem', 'device-edge settings', 'large-scale simulation studies', 'dynamic algorithm', 'potential game.', 'physical tests'] 

Reference 555: ['deep reinforcement learning', 'dnn partition', 'game theory', 'mobile edge computing'] 

TOP-K 556: ['graph variational auto-encoder.', 'gc-vge', 'graph embedding', 'graph nodes', 'joint generative model', 'self-supervised mechanism', 'topological structure', 'embedding space', 'node features', 'high information content.'] 

Reference 556: ['graph clustering', 'graph convolution neural network', 'variational graph auto-encoder', 'variational graph embedding'] 

TOP-K 557: [['scrum'], 'research gaps', 'modification strategies', 'cumulative practice', 'modification objectives', 'methodological variety', 'empirical validity', 'systematic research.', 'many contexts'] 

Reference 557: ['agile development', 'information systems development', 'scrum', 'systematic literature review'] 

TOP-K 558: ['vulnerability extraction method', 'vulnerabilities', 'vulslicer', 'real-world applications', 'new vulnerabilities', 'known vulnerabilities', 'target programs.', 'efficient search technique'] 

Reference 558: ['code slicing', 'static analysis', 'vulnerability detection'] 

TOP-K 559: ['quantum software', 'code convention', 'quantum software.', 'quantum developers', ['technical debts'], 'static analysis tools', 'error handling', 'quantum-specific problems.', 'code redundancy.', 'new tools', 'future works'] 

Reference 559: ['quantum computing', 'software bugs', 'software maintenance', 'software reliability', 'technical debts'] 

TOP-K 560: [['scalar multiplications'], 'hardware rapid prototyping', 'data dependency graph', 'area-delay-product improvement.', 'point doubling', 'area-delay product.', 'hierarchical blocks', 'point addition', 'maximum optimization.'] 

Reference 560: ['constraint based scheduling', 'elliptic curve cryptography', 'lópez-dahab coordinates', 'public key cryptography', 'scalar multiplication'] 

TOP-K 561: ['state-of-the-art performance', 'experimental results', 'focus property detection.', 'sd methods.', 'multi-scale feature extraction', 'initial fusion', 'residual block'] 

Reference 561: ['convolutional neural networks', 'multi-focus image fusion', 'residual learning', 'spatial domain methods', 'transform domain methods'] 

TOP-K 562: ['attention-based bilstm neural network', 'enterprise linux', 'kernel crashes', 'kernel bugs', 'trace vectorization', 'function name semantics'] 

Reference 562: ['crash classification', 'linux kernel', 'neural network', 'stack trace'] 

TOP-K 563: ['blockchain-based csm', 'fine-grained ledger structure', 'fabric client object creation', 'response latency', 'specific csm functions.', 'chaincode execution', 'cyber data.', 'large amount'] 

Reference 563: ['blockchain', 'cyber security management', 'hyperledger fabric', 'ipfs'] 

TOP-K 564: ['end-to-end crowdsensing-based solution', 'real-time traffic reporting', 'pilot case study', 'modular architecture', 'design choices.', 'several alternatives', 'similar settings.'] 

Reference 564: ['iot', 'massive parallelism', 'olap', 'stream processing', 'vehicle traffic monitoring'] 

TOP-K 565: ['federated learning services', 'edge device clients', 'skewed data', 'training', 'cohort-based federated services.', 'model', 'clients', 'data.', 'similar ones.'] 

Reference 565: ['collaborative ai', 'edge computing', 'federated learning', 'industrial collaboration', 'service-based architecture'] 

TOP-K 566: ['state-of-the-art vqa models', ['contextual information'], 'question contextual information', 'vqa task', 'positional relationship information', 'context-enhanced visual representation.', 'context-aware model caan.', 'question feature representation', 'image regions', 'significant performance improvement', 'first time', 'comparable performance'] 

Reference 566: ['absolute position', 'attention mechanism', 'contextual information', 'understanding bias', 'visual question answering'] 

TOP-K 567: ['group decision making', 'pso algorithm', 'inconsistency degree', 'novel consistency index', 'consistency degree', 'novel algorithm', 'consensus level.', 'optimization model'] 

Reference 567: ['additive consistency index', 'consensus level', 'group decision making (gdm)', 'intuitionistic fuzzy preference relation (ifpr)', 'optimization'] 

TOP-K 568: ['face synthesis', 'full-scale identity supervision', 'pseudo face images', 'synthesis model', 'generative model', ['cross-domain translation'], 'training set', ['intra-domain adaptation'], 'realistic images.', 'comprehensive constraint.'] 

Reference 568: ['cross-domain translation', 'face photo-sketch synthesis', 'identity supervision', 'intra-domain adaptation'] 

TOP-K 569: ['subjective annotations', 'annotated tasks', 'current evaluation procedures', 'computer vision.', 'annotated problems', 'black box predictor', ['epistemic uncertainty'], 'practical use cases', ['bayesian modeling'], 'framework', 'addresses problems'] 

Reference 569: ['bayesian inference', 'bayesian modeling', 'epistemic uncertainty', 'supervised learning', 'uncertainty estimation'] 

TOP-K 570: ['categorical data.', 'virtual partitioning scheme', 'column-wise transformation', 'extensive experiments'] 

Reference 570: ['big categorical data', 'data skewness', 'feature grouping', 'parallel mutual-information computation', 'spark'] 

TOP-K 571: ['asynchronous iterations.', 'proof assistant agda', 'mathematical model', 'formal definition', 'sufficient conditions'] 

Reference 571: ['agda', 'asynchronous computation', 'fixed points', 'formal verification', 'iteration'] 

TOP-K 572: ['consistency issue', 'distribution linguistic preference relations.', 'consistency measurement', ['personalized individual semantics'], 'linguistic consistency improvement method.'] 

Reference 572: ['consistency improvement', 'distribution linguistic preference relation', 'group decision making', 'personalized individual semantics'] 

TOP-K 573: ['kalman filter algorithms', 'kalman filters', 'odkf', 'multi-consensus filter gains', 'sdkf', 'lumv sense.', 'kalman filter gain', 'neighbor nodes.', 'estimation accuracy', 'mean boundedness', ['steady-state properties']] 

Reference 573: ['distributed kalman filter', 'lumv', 'missing data', 'multi-sensor system', 'steady-state property'] 

TOP-K 574: ['zerocross', 'remote side-channel attack', 'cross-chain cryptocurrency exchange.', 'universal composability'] 

Reference 574: ['blockchain', 'cryptocurrency exchange', 'monero', 'zero-knowledge'] 

TOP-K 575: ['early scheduling', 'p-smr', 'conflict requisites', 'relevant performance gains', 'early scheduling restrictions.', 'requests', 'possible improvements.', 'study opportunities'] 

Reference 575: ['scheduling', 'state machine replication', 'synchronization', 'work-stealing'] 

TOP-K 576: ['cross-domain structure', 'hda', 'semi-supervised hda', ['heterogeneous domain adaptation'], 'locality preserving projection', 'progressive pseudo-labelling strategy', 'multi-domain scenarios.', 'semi-supervised hda.', 'extensive experiments', 'new benchmark'] 

Reference 576: ['cross-domain projection', 'heterogeneous domain adaptation', 'image classification', 'text classification'] 

TOP-K 577: ['cp-sgd', 'stochastic gradient descent', 'k-step correction technique', 'gradient compression strategies', 'gradient compression.', 'codesign optimizations', 'compression-based methods', 'cp-sgd help', 'parallel mechanism', 'cp-sgd suits', 'deep learning train', 'periodic compensation.', 'friendly-communication simultaneously.'] 

Reference 577: ['communication mechanism optimization', 'distributed communication optimization', 'gradient compression'] 

TOP-K 578: ['data placement strategy', 'adaptive cache replacement algorithm', 'reservoir sampling algorithm', 'cache replacement strategy', 'fine-grained placement algorithms', 'memory utilization', 'cache hit rate', 'execution time', 'load balance.', 'cache gain.', 'measurement model'] 

Reference 578: ['adaptive cache replacement', 'cache gain', 'data shuffling', 'intermediate data placement'] 

TOP-K 579: ['hadoop mapreduce workload', 'optimization strategies', 'on-demand resources.', 'execution time', '2-step approximate search algorithm', 'deep learning approach', 'mapreduce jobs', 'optimal resource allocation', 'time prediction accuracy', 'prediction methods.', 'resource allocation', 'state-of-art machine', 'hadoop jobs', 'prediction method', 'cloud environment'] 

Reference 579: ['data analytic', 'deep learning', 'job scheduling', 'optimization', 'time prediction'] 

TOP-K 580: ['sample-specific selective features', 'multi-view correlations', 'incremental object detector performance.', 'object detector.', 'correlation distillation losses', 'competitive results', 'feature space'] 

Reference 580: ['catastrophic forgetting', 'incremental learning', 'knowledge distillation', 'object detection'] 

TOP-K 581: ['three-stage clustering framework', 'bs strategy', 'cd metric', 'pre-computed k', 'boundary points', 'data point', 'boundary point.'] 

Reference 581: ['boundary detection', 'centroid drift', 'clustering'] 

TOP-K 582: ['ewing tests', 'multi-class classification model', 'deep learning', 'augmented features', 'novel multi-class-auc method.', 'health conditions', 'features', 'significant features', 'early type'] 

Reference 582: ['cardiovascular autonomic neuropathy (can)', 'deep learning feature fusion', 'model fusion', 'multi-class auc-based feature selection'] 

TOP-K 583: ['entity embedding', 'representation learning models', 'knowledge graph', 'multi-modal features', 'new dataset', 'semantic information.', 'embedding effect', 'new factor'] 

Reference 583: ['multi-modal information fusion', 'multi-modal knowledge graphs', 'representation learning'] 

TOP-K 584: ['fine-grained gzsl.', 'el', 'new attention module', 'benchmark datasets', 'unseen domain semantics.', 'adversarial fs.', 'distinctive local features', 'novel mutual learning', 'superior empirical performance', 'new similarity score', 'mutual information'] 

Reference 584: ['dense attention mechanism', 'fine-grained classification', 'generalized zero-shot learning'] 

TOP-K 585: [['nash equilibrium'], 'cloud service cost', 'request peak', 'nash equilibrium solution.', 'peak clipping algorithm', 'game', 'payment cost', 'proven theoretically.'] 

Reference 585: ['cloud computing', 'game theory (gt)', 'nash equilibrium', 'peak value'] 

TOP-K 586: [['multimodal fusion'], 'fusion network.', 'different factors', 'quantitative analysis'] 

Reference 586: ['information theory', 'lane line segmentation', 'multimodal fusion', 'neural network', 'semantic segmentation'] 

TOP-K 587: ['klee-based test generation.', 'path search approaches', 'constraint caching.', 'empirical study'] 

Reference 587: ['constraint solving', 'path search strategies', 'software testing', 'symbolic execution', 'test generation'] 

TOP-K 588: [['spatial-temporal context'], 'stcdff tracker', 'stcdff method', 'spatial context', 'correlation filters', 'complex tracking scenes', 'temporal context', 'several popular trackers', 'effective feature fusion', 'different visual features', 'tracking performance.', 'discriminative ability', 'numerous experiments'] 

Reference 588: ['correlation filters framework', 'dynamic feature fusion', 'object tracking', 'spatial-temporal context'] 

TOP-K 589: [['grassmann manifold'], 'novel unsupervised dr approach', 'basic eigenvalue problem', 'optimization problems', 'similarity learning', 'clustering tasks', 'projection learning.', 'efficient algorithm'] 

Reference 589: ['dimensionality reduction', 'grassmann manifold', 'neighborhood preserving embedding', 'twin learning'] 

TOP-K 590: ['gaussian-guided feature alignment', ['human intent recognition'], ['human activities recognition'], 'human-robot interaction', 'novel gaussian-guided feature alignment', 'gfa', 'cross-subject validation problems', 'cross-subject validation', 'traditional supervised learning methods', 'gfa metric', 'wearable sensors', 'hilbert space', 'har', 'unlabeled features', 'inertial measurement unit'] 

Reference 590: ['domain adaptation', 'feature alignment', 'human activity recognition', 'human intent recognition', 'sensor fusion'] 

TOP-K 591: ['lgr-net', 'global topology-preserving features', 'random 3d rotations', 'state-of-the-art methods', 'real-world datasets', 'local geometric features', 'rotation invariance.', 'attention-based fusion module.', 'spatial attributes', 'shape descriptions', 'complementary relationship'] 

Reference 591: ['classification', 'deep learning', 'point cloud analysis', 'rotation invariance', 'segmentation'] 

TOP-K 592: ['novel view-consistency regularization', 'model selection', 'multi-view learning.', 'experimental results', 'new bounds', 'specific bounds.', 'stability coefficient', 'theoretical superiority', 'good tightness'] 

Reference 592: ['multi-view learning', 'pac-bayes bound', 'statistical learning theory', 'support vector machine'] 

TOP-K 593: ['coherent completion approach', 'different solutions', 'decision makers', 'original known preferences unchanged.', 'available information is.'] 

Reference 593: ['coherence', 'complete preference relation', 'degree of transitivity', 'fuzzy preference relation'] 

TOP-K 594: ['cyclic-min algorithm', 'adaptive bulk search', 'bit permutated cyclic-min algorithm', 'qubo solver alternative', 'sa-like algorithm', 'near-optimal solutions', 'scalable implementation', 'random number', 'search rate', 'linear improvement'] 

Reference 594: ['combinatorial optimization', 'gpgpu', 'ising model', 'parallel computing', 'quantum annealing'] 

TOP-K 595: ['feature-based design pattern detector', 'novel approach', 'state-of-the-art approaches', 'software design patterns.', 'online tool codelabeller.', 'expert software engineers', 'dpdf use', 'java files', 'substantial margins', 'source code', 'available corpus'] 

Reference 595: ['code features', 'machine learning', 'software design patterns', 'word-space-model'] 

TOP-K 596: [['metrics'], 'measuring product quality', 'measurement model', 'data sources', 'metrics computation', ['quality requirements'], 'measuring reliability', 'development software tools', 'primary studies', 'top'] 

Reference 596: ['agile software development', 'metrics', 'non-functional requirements', 'quality indicators', 'quality requirements', 'rapid software development'] 

TOP-K 597: ['novel multiview clustering method', 'nonredundant term', 'nmf-based multiview clustering model.'] 

Reference 597: ['hsic', 'manifold regularizer', 'multiview clustering', 'nonnegative matrix factorization', 'nonredundancy'] 

TOP-K 598: ['gnss position estimation algorithm', 'gnss position.', 'range-azimuth sensor.', ['indoor localization'], 'position deviation compensation', 'sequential fusion', 'satellite signals', 'significant applications'] 

Reference 598: ['gnss sensor', 'indoor localization', 'networked gnss sensors', 'range-azimuth sensor', 'rls'] 

TOP-K 599: ['self-concern similarity', 'democratic consensus', 'opinion similarity', 'clustering method'] 

Reference 599: ['democratic consensus reaching processes (dcrps)', 'evaluation attributes', 'individual concern', 'multi-person multi-criteria large scale decision making (mpmclsdm)'] 

TOP-K 600: ['smpr-scheme', 'secure data transmission', 'bcube datacenter networks.', 'illegal information exchange', 'experimental results', 'illegal information exchange.', 'probabilistic model', 'data gathering rate', 'secure efficiency'] 

Reference 600: ['bcube', 'completely independent spanning trees (cists)', 'confidentiality', 'datacenter networks (dcns)', 'secure multi-protection routing'] 

TOP-K 601: ['data analytics', 'edge-to-cloud computing continuum.', 'experimental research', 'ai paradigms.', 'relevant open challenges', 'future directions', 'articles', 'reproducibility support.'] 

Reference 601: ['big data analytics', 'computing continuum', 'distributed intelligence', 'edge computing', 'reproducibility'] 

TOP-K 602: ['multi-step workload prediction model', ['kalman filter'], 'dynamic vm consolidation approach', 'sla violation', 'energy consumption', 'resource prediction', 'analysis study', 'several experiments'] 

Reference 602: ['cloud computing', 'kalman filter', 'support vector regression', 'utilization prediction', 'vm consolidation'] 

TOP-K 603: ['dnn-based mlc', 'mlc', ['label correlation'], 'labels', 'minority labels', 'neural network configurations', ['data imbalance'], 'critical problems', 'method increase accuracy'] 

Reference 603: ['data imbalance', 'label correlation', 'multilabel classification', 'neural network'] 

TOP-K 604: [['neural network'], 'local linear function', 'sparse weights', 'various datasets', 'k important features', 'local linear function.', 'high predictive accuracy'] 

Reference 604: ['explainability', 'feature selection', 'interpretable machine learning', 'local linear models', 'neural networks'] 

TOP-K 605: ['energy consumption', 'clever mapping heuristics.', 'series-parallel streaming applications.', 'dynamic programming algorithm', 'good performance', 'reliable execution', 'maximum speed execution', 'realistic settings'] 

Reference 605: ['energy', 'hierarchical platforms', 'reliability', 'series-parallel streaming applications', 'task mapping'] 

TOP-K 606: ['icdar st-vqa', 'novel encoder-decoder method', 'attention map loss', 'dynamic vocabulary problem.', 'multimodal features', 'first place', 'model accuracy.'] 

Reference 606: ['attention map', 'dynamic vocabulary', 'multimodal fusion', 'st-vqa'] 

TOP-K 607: ['flexible hcf neuron model', 'hcf neuron', 'hcfnn architecture', 'two-spirals problem', 'approximation theorem', 'various image recognition tasks', 'adaptive parameter learning', 'natural object recognition', 'rbf neural networks', 'person re-id', 'arbitrary continuous infinite functions', 'experimental results', 'specific feature representations', 'novel adaptive optimization method', 'hyper-parameters'] 

Reference 607: ['back propagation', 'computer vision', 'dnns', 'heuristic algorithm', 'neuron modeling'] 

TOP-K 608: ['xml-to-hbase mapping strategy', 'pathed-dewey order', 'pathed-dewey order.', 'xml documents.', 'hbase tables.', 'small xml documents.', 'target use cases', 'query operations', 'efficient storage', 'large collections', 'superior performance'] 

Reference 608: ['nosql database', 'xml data mapping', 'xml encoding scheme', 'xml query processing and optimization'] 

TOP-K 609: ['2d/3d images.', 'bayesian nature', 'large performance', 'informative patterns', 'different members'] 

Reference 609: ['bayesian deep learning', 'ensemble classification', "parkinson's", 'pneumonia', 'uncertainty'] 

TOP-K 610: ['graphs', 'numa locality.', 'data partitioning method', 'priority queues', 'concurrent data structures.'] 

Reference 610: ['concurrent data structures', 'locality', 'numa', 'skip graphs'] 

TOP-K 611: ['quantitative trading policy learning', 'reward-agnostic ucb', 'reinforcement learning', 'reinforcement learning problem', 'china commodity future market', 'online trading system', 'powerful back-testing system.', 'first work', 'reward function', 'adjustable trading strategies', 'promising performance', 'trading order.', 'leverage inverse reinforcement'] 

Reference 611: ['high-frequency trading', 'hyper-parameter optimization', 'inverse reinforcement learning', 'multi-armed bandit learning'] 

TOP-K 612: ['generalized spectral super-resolution', 'multispectral imaging.', 'cnn modeling', 'channel-to-channel parameters', 'model performance', 'model interpretability.', 'physical degradation', 'shallow features'] 

Reference 612: ['deep learning', 'hyperspectral images', 'multispectral images', 'physical interpretability', 'spectral super-resolution'] 

TOP-K 613: ['autoencoder models', 'latent code separability', 'cooperative autoencoder network', 'dimensionality reduction.', 'generative model', 'dimensionality-reduction models.'] 

Reference 613: ['autoencoder', 'cooperative neural networks', 'dimensionality reduction', 'feature extraction', 'pattern recognition'] 

TOP-K 614: ['lsgdm problems', 'crp-driven optimization model', 'network evolution', 'community detection', 'satisfaction index', 'pollution emissions', 'new framework', 'new method', 'clustering result.', 'consistency index'] 

Reference 614: ['consensus network evolution', 'large-scale group decision making', 'louvain algorithm', 'minimum cost consensus model', 'quadratic programming'] 

TOP-K 615: ['final aesthetics assessment performance', 'aesthetics prediction', 'aesthetic assessment.', 'first unified approach', 'deep learning architecture.', 'multiple complex dependencies', ['privileged information'], 'auxiliary aesthetics photo', 'additional view'] 

Reference 615: ['aesthetic assessment', 'multi-task learning', 'privileged information'] 

TOP-K 616: ['mask augsburg speech corpus', 'mask sub-challenge', 'novel fusion results', 'results', 'top participants', 'approaches', 'baseline approaches.', 'several aspects.', 'concept demonstration android app.', 'top models', 'introduction'] 

Reference 616: ['acoustic modelling', 'covid-19', 'deep learning', 'masks', 'voice biometrics'] 

TOP-K 617: ['software testing', 'test suites', 'bmi', 'state-of-the-art measures.', 'good test suites.', 'completeness-oriented methods', ['mutual information'], 'realistic scenarios', 'traditional methods.'] 

Reference 617: ['finite state machines', 'formal approaches to testing', 'information theory', 'mutual information'] 

TOP-K 618: [['separability-guided feature extraction'], 'kernelized supervised laplacian eigenmap', 'ksle-ml', 'laplacian eigenmaps', ['out-of-sample problem'], 'rbf kernel', 'laplacian eigenmaps.', 'class labels', 'new data', 'parameter selection', 'high separability', 'linear sums', 'kernel selection', 'gram matrix', '2d visualization.'] 

Reference 618: ['kernel trick', 'multi-label problems', 'out-of-sample problem', 'separability-guided feature extraction', 'supervised laplacian eigenmaps'] 

TOP-K 619: ['task-specific latent features', 'experimental results', 'data inference', 'deep adversarial training model', 'auxiliary classification task', 'majority voting strategy', 'sequence datasets', 'reliable anomaly detection results.', 'many strong baselines', 'self-supervised learning manner.', 'detection methods.', 'data distributions', 'several image', 'different spaces.'] 

Reference 619: ['adversarial training', 'deep anomaly detection', 'self-supervised learning'] 

TOP-K 620: ['cpdr module', 'comprehensive-perception dynamic reasoning model', 'vlp models', 'inter-layer attention weights', 'relation network', 'object features', 'relational reasoning capability', 'considerable performance improvements', 'previous reasoning process.', 'reasoning process.'] 

Reference 620: ['comprehensive perception', 'cross-modal information fusion', 'relational reasoning', 'visual question answering'] 

TOP-K 621: ['crew-pram algorithm', 'asymptotic time-complexity', 'algorithm', 'sparse networks', 'complex data-structures', 'sequential algorithms', 'dense networks', 'complexity', 'small hidden coefficients.', 'problem', 'complex data-structure', 'single algorithm', 'theoretical basis', 'processors', 'parallel algorithm.'] 

Reference 621: ['combinatorial optimization', 'complexity theory', 'discrete optimization', 'network flow problems', 'parallel algorithms'] 

TOP-K 622: [['riemannian manifold'], 'posterior intrinsic crbs', ['bayesian estimator'], 'posterior intrinsic crb', 'collective intrinsic crbs', 'bayesian estimator.', 'post-coordination crb', 'prior intrinsic crb.', 'liebler averaging', 'measurement process.', 'nearby agents.'] 

Reference 622: ['bayesian estimation', 'distributed estimation', 'intrinsic cramér–rao bound', 'riemannian kalman filter', 'riemannian manifolds'] 

TOP-K 623: ['unknown input observability problem', 'unknown inputs', 'unknown inputs.', 'problem', 'possible framework', 'unknown input.', 'full characterization'] 

Reference 623: ['nonlinear observability', 'observability rank condition', 'unknown input observability', 'unknown input reconstruction', 'visual-inertial sensor fusion'] 

TOP-K 624: ['multipath communication.', 'packet granularity scheduling scheme', 'known network simulation models', 'new results'] 

Reference 624: ['big data', 'multipath parallel transmission', 'network bottleneck prediction', 'quality of service', 'vehicular networks'] 

TOP-K 625: ['new connectivity-based cnn', ['salient object detection'], 'salient object detection methods', 'inter-pixel relationship', 'biconnet', 'edge features', 'neglectable parameter increase.', 'connectivity masks', 'training labels.', 'efficient module.'] 

Reference 625: ['connectivity modeling', 'deep learning', 'edge modeling', 'salient object detection', 'visual saliency'] 

TOP-K 626: ['open-source projects', 'multi-tasking bug triage model', 'different domains', 'contextual data augmentation approach', 'issue types.', 'synthetic bug reports.'] 

Reference 626: ['bug triage', 'deep learning', 'multi-task learning', 'recommendation system'] 

TOP-K 627: ['end-to-end fusion method', ['generative adversarial network'], 'various fusion tasks', 'different fusion tasks.', ['gradient'], 'source images', 'intensity discriminators.', 'decision blocks.', 'apparent info.', ['intensity'], 'apparent info', 'essential structure'] 

Reference 627: ['generative adversarial network', 'gradient', 'image fusion', 'intensity'] 

TOP-K 628: ['attention-guided pyramidal features', 'two-stage meta-learning framework', 'few-shot fine-grained recognition', 'multi-scale feature pyramid', 'few-shot fine-grained recognition.', 'multi-level attention pyramid', 'attention-guided refinement strategy', 'extensive experiments', 'different granularities.', 'negative interference', 'dominative object', 'extract diverse features'] 

Reference 628: ['few-shot learning', 'fine-grained recognition', 'weakly-supervised learning'] 

TOP-K 629: ['2d margolus neighborhood', 'speed-area efficient architectures', 'ca architectures', 'synthesizable hardware descriptions', 'physical adjacency', 'design automation.', 'placement directives', 'behavioral implementations'] 

Reference 629: ['cellular automata', 'field programmable gate array', 'margolus neighborhood', 'primitive instantiation', 'scan insertion'] 

TOP-K 630: ['mpsocs', 'task scheduler', 'task-to-core mappings.', 'random task pairings', 'service time', 'noc routers.', 'several uncertainties', 'peak temperature'] 

Reference 630: ['multiprocessor system on chip (mpsoc)', 'online task assignment', 'reinforcement learning (rl)', 'semi-markov decision problem (smdp)', 'thermal management'] 

TOP-K 631: ['standard progress conditions', 'concurrent implementations.', ['progress conditions'], ['consensus hierarchy'], 'first time'] 

Reference 631: ['consensus hierarchy', 'linearizability', 'lock-freedom', 'progress conditions', 'wait-freedom'] 

TOP-K 632: ['iot streaming data.', 'high inference accuracies', 'real-time transmission', 'streaming data.', 'sensitive inferences', 'fast processing', 'data sequences', 'target tasks.', 'variable length.'] 

Reference 632: ['artificial intelligence', 'differential privacy', 'edge computing', 'feature extraction', 'iot streaming data'] 

TOP-K 633: ['object detection', 'new modules', 'new methods', 'new information fusion approach', 'hyperparameter analysis', 'comprehensive experiments'] 

Reference 633: ['class activation map', 'divergent activation', 'hierarchical fusion', 'object detection from remote sensing images', 'weakly supervised learning'] 

TOP-K 634: ['multi-metadata features', 'similar-app model', 'issues mappings', 'multi-layer permission keywords.', 'systematical category'] 

Reference 634: ['android', 'machine learning', 'permission-related issues (pris)', 'runtime permission', 'user reviews'] 

TOP-K 635: ['batching', 'performance benefits', 'vertex graph queries.', 'simultaneous evaluation', 'system resources', 'runtime overhead.', 'common computation'] 

Reference 635: ['amortizing overhead', 'batch of queries', 'graph analytics', 'power-law graphs', 'sharing computation'] 

TOP-K 636: ['roadside unit architecture', 'original pbft algorithm.', 'identity authentication scheme', 'experimental results', 'communication overhead', 'service provider'] 

Reference 636: ['blockchain', 'consensus algorithm', 'identity authentication', 'internet of things', 'internet of vehicles'] 

TOP-K 637: ['asynchronous algorithms', 'race conditions', 'high-performance computing', 'parallel simulated annealing', 'optimisation problems', 'performance gains', 'stochastic behaviours', 'race condition.', 'placement problems.'] 

Reference 637: ['high performance computing', 'optimization', 'parallel computing', 'place and route', 'simulated annealing'] 

TOP-K 638: [['high availability'], 'high availability clusters.', 'high availability.', 'high availability cluster solutions.', 'key components', 'enterprise application layer.', 'novel taxonomy', 'future research', 'in-depth survey', 'discussion'] 

Reference 638: ['clustering', 'dependability', 'enterprise system', 'high availability', 'high availability clusters', 'reliability'] 

TOP-K 639: ['mplcs', 'non-mplcs.', 'source files', ['change complexity'], 'first attempt'] 

Reference 639: ['bug introduction', 'bug proneness', 'change complexity', 'issue reopen', 'multi-programming-language commit', 'open source software'] 

TOP-K 640: ['region-aware latent features fusion', 'latent feature', 'hsi band selection.', 'feature fusion method', 'different datasets', 'clustering method.', 'method'] 

Reference 640: ['clustering', 'feature fusion', 'hyperspectral band selection', 'latent feature learning'] 

TOP-K 641: ['view-independent facial-expression features', 'orthogonal channel attention loss', 'channel attention module.'] 

Reference 641: ['multi-task learning', 'multi-view facial expression recognition', 'orthogonal channel attention', 'separated channel attention module', 'siamese convolutional neural network'] 

TOP-K 642: ['model-agnostic counterfactual approaches', 'causability systems', 'modelagnostic counterfactual approaches', 'xai.', 'novel taxonomy'] 

Reference 642: ['causability', 'causality', 'counterfactuals', 'deep learning', 'explainable ai'] 

TOP-K 643: ['outlier-based sequential explanations', 'sample-based se', 'outlier', 'analyst certainty curve', 'greedy search methods', ['sequential feature explanations'], 'minimum feature prefix.', 'sample-based ses', 'se overall.'] 

Reference 643: ['anomaly validation', 'explainable ai', 'outlier explanation', 'sequential explanation', 'sequential feature explanation'] 

TOP-K 644: ['rbac policies', 'ac issues', 'access control', 'ac implementations', 'web applications.', 'policy specifications', 'policy makers', 'proprietary web applications.'] 

Reference 644: ['access control policies', 'access control testing', 'machine learning', 'reverse engineering'] 

TOP-K 645: ['building facade dataset', ['semantic segmentation'], 'self-attention block', 'local geometric structure information.', 'aggregates different spatial information', 'dual local attention', 'decent performance', 'proprietary characteristics.'] 

Reference 645: ['attentive pooling', 'building facade', 'dla-net', 'self-attention', 'semantic segmentation'] 

TOP-K 646: ['data harmonisation.', 'harmonisation studies', 'harmonisation strategies', 'digital healthcare.', 'future research', 'common practices', 'comprehensive checklist', 'various modalities.'] 

Reference 646: ['data harmonisation', 'data standardisation', 'domain adaptation', 'information fusion', 'reproducibility'] 

TOP-K 647: ['stochastic gate-based autoencoder.', 'spectral bands.', 'nonlinear relationship', 'novel regularization term'] 

Reference 647: ['autoencoder', 'hyperspectral data', 'stochastic gate', 'unsupervised band selection'] 

TOP-K 648: ['novel segmentation-to-classification framework', 'segmentation', 'feature aggregation', 'breast us diagnosis.', 'features', 'segmentation network', 'attention-based method', 'images', 'experimental results', 'original images', 'parallel networks', 'data-driven manner.'] 

Reference 648: ['breast ultrasound', 'computer-aided diagnosis', 'deep convolution neural network', 'feature combination'] 

TOP-K 649: ['distributed-memory parallelization', 'multi-domain isph method.', 'interpolation procedure', 'test cases', 'processor domains', 'domain distribution', 'balanced loads.', 'blocks'] 

Reference 649: ['load balancing', 'mpi', 'multi-domain approach', 'parallel distributed-memory computation', 'smoothed particle hydrodynamics (sph)'] 

TOP-K 650: ['fp/bp-oram implementation', 'security definitions', 'forward-private orams', 'private data', 'backward-private orams.'] 

Reference 650: ['dynamic searchable encryption', 'mobile edge computing', 'oblivious ram'] 

TOP-K 651: ['sw26010 processor.', 'asynchronous i/o', 'myers algorithm', 'asynchronous data transfer', 'dynamic task scheduling', 'hash index', 'offload balance', 'version', 'memory efficient.', 'static scheduling.'] 

Reference 651: ['bioinformatics', 'heterogeneous computing', 'read mapping', 'sunway taihulight'] 

TOP-K 652: ['support vector machines', 'lgsvms', 'supervised learning.', 'local svms classification tasks.', 'required execution time', 'original problem', 'popular kernel method', 'complexity costs', 'global classifier.', 'memory needs'] 

Reference 652: ['kernel models', 'local-to-global support vector machines', 'partition of unity', 'supervised classification'] 

TOP-K 653: ['holistic gait assessment', 'novel gait fusion approach', '6th vital sign', 'contemporary wearables', 'multi-modal methodologies', 'multi-modal patient', 'robust measurement.', 'multiple environments.'] 

Reference 653: ['free-living', 'gait analysis', 'multi-modal fusion', 'sensor fusion', 'wearable sensors'] 

TOP-K 654: ['state-of-the-art mlc methods', 'label space', 'experimental results', 'label correlations', 'benchmark data sets', 'low-rank projection', 'comprehensive comparative studies', 'residual projections', 'reasonable distance metric algorithm', 'appropriate distance metric', 'multiple evaluation metrics', 'label space.', 'dimension reduction', 'instance residuals', 'approach'] 

Reference 654: ['distance metric', 'low-rank structure', 'residual embedding'] 

TOP-K 655: ['novel lidar localization framework', 'state-of-the-art apr methods', ['memory-aware regression'], 'memory regressor', 'different memorization capacity requirements', 'memorization capacity', 'hidden unit numbers', 'whole network', 'indoor datasets', 'training data.', 'different scene'] 

Reference 655: ['absolute pose regression', 'lidar localization', 'memory-aware regression', 'privacy preserving', 'universal encoding'] 

TOP-K 656: ['deep learning models', 'robustness', 'neural network.', 'different model complexity.', 'slimmable network'] 

Reference 656: ['adversarial examples', 'adversarial training', 'aiot', 'keyword robust deep learning'] 

TOP-K 657: [['deep learning'], 'explainable neural-symbolic learning methodology', 'compositional part-based object detection', 'shap graph edit distance', 'neural representations.', 'symbolic representations.', 'expert knowledge', 'knowledge graph', 'model output', 'regular classification.', 'knowledge graph.'] 

Reference 657: ['compositionality', 'deep learning', 'expert knowledge graphs', 'explainable artificial intelligence', 'neural-symbolic learning', 'part-based object detection and classification'] 

TOP-K 658: [['h-restricted edge connectivity'], 'edge reliability', 'k', 'n', ['arrangement graph'], 'arrangement graph.', 'k ≤'] 

Reference 658: ['arrangement graph', 'fault tolerance', 'h-restricted edge connectivity', 'reliability'] 

TOP-K 659: ['context information', 'pointwise convolution', 'performance improvement techniques', 'network performance', 'context information.', 'novel approach', 'multiple scales.', 'convergence characteristics.', 'significant increase'] 

Reference 659: ['contextual pointwise convolution', 'convolutional neural network (cnn)', 'deep learning', 'image classification'] 

TOP-K 660: ['conservative pdfs', 'data fusion techniques.', 'several data fusion techniques', 'conservativeness', 'fusion techniques.', 'definition', 'intuitive definition'] 

Reference 660: ['covariance intersection', 'distributed data fusion', 'distributed estimation', 'sensor fusion'] 

TOP-K 661: ['pre-implementated flow', 'cad tool', 'off-chip memory.', 'area optimizations'] 

Reference 661: ['cnn inference', 'data flow graph', 'fpga', 'pre-implemented flow'] 

TOP-K 662: ['ada-p', 'unseen novel classes', 'plug-and-play module', 'fusion spatial attention', 'embedding space.', 'few-shot learning problems.', 'feature extractor', 'sod extracts saliency', 'spatial importance.'] 

Reference 662: ['adaptive pooling', 'feature aggregation', 'few-shot learning', 'meta-learning', 'saliency object detection', 'spatial attention'] 

TOP-K 663: ['zero-shot handwritten character recognition', 'cmpl', 'cmpl framework', 'state-of-the-art results', 'cross-modal prototype', 'promising cross-domain generalization ability'] 

Reference 663: ['cross-modality', 'offline handwriting', 'online handwriting', 'printed character', 'prototype', 'zero-shot'] 

TOP-K 664: ['stochastic game framework', ['markov perfect equilibrium'], 'mean field approach', 'power investments.', 'sensitivity analysis', 'threshold policy.'] 

Reference 664: ['blockchain mining', 'distributed computing', 'markov perfect equilibrium', 'stochastic games'] 

TOP-K 665: ['tensorial data structure', 'support vector machine', 'tensor train', 'different tensorial data modes', 'kernel mapping', 'kernel mapping scheme', 'similar tensors', 'data structure', 'different kernel functions', 'data decomposition scheme', 'tensorial input directly.', 'similar kernel mappings', 'validity proof'] 

Reference 665: ['image classification', 'support tensor machine', 'tensor'] 

TOP-K 666: [['code samples'], 'github issues', 'code samples.', 'samples', 'new framework versions.', 'developers face problems'] 

Reference 666: ['android', 'code samples', 'frameworks', 'mining software repositories', 'software maintenance', 'spring boot'] 

TOP-K 667: ['deep gnn model', 'new location-aware relation learning', 'node-level features', 'hierarchical gnn', 'user geolocation.', 'fusion model', 'model behavior', 'comprehensive evaluations', 'prediction results.', 'general framework'] 

Reference 667: ['graph neural networks', 'influence function', 'interpretable fusion', 'social information fusion', 'user geolocation'] 

TOP-K 668: ['issue tracking systems', 'wayback machine', 'bug triage', 'past bug prioritization', ['bug dependency graph'], 'prioritization methods', 'bug reports.', 'wayback machine.', 'triage approaches.', 'bug features.', 'prioritization method', 'evolutionary metrics', 'complete list'] 

Reference 668: ['bug dependency graph', 'bug prioritization', 'defect management', 'simulation', 'software quality'] 

TOP-K 669: ['prnu signals', 'noise pattern', 'camera reference prnus', 'deep convolutional network', 'camera identification.', 'prnu signals.', 'prnu registration', 'slight de-synchronization', 'source camera.', 'novel method'] 

Reference 669: ['cnn', 'deep learning', 'image forensics', 'prnu', 'rotation', 'scale'] 

TOP-K 670: ['supervised defect segmentation method', 'novel defect attention module', 'commutator surface defect detection', 'cycle-gan', 'defects', 'supervised methods.', 'pixel-level annotations', 'low contrast', 'l1 loss', 'active learning', 'small region', 'dynamic templates', 'semiautomatic annotation tool', 'excellent detection accuracy', 'manual labeling'] 

Reference 670: ['attention model', 'defect detection', 'generative adversarial network (gan)', 'image segmentation', 'weakly supervised learning'] 

TOP-K 671: ['fpga performance characterization', 'performance', 'xilinx fpgas.', 'parametrizable opencl benchmarks.', 'high resource utilization'] 

Reference 671: ['fpga', 'high level synthesis', 'hpc benchmarking', 'opencl'] 

TOP-K 672: ['improving network-on-chip reliability', 'multi-objective optimization algorithm', 'reliability-aware application mapping technique', 'homogeneous network-on-chip.', 'deep learning.', 'task migration mechanism', 'permanent processing element failures'] 

Reference 672: ['multi-objective optimization', 'network-on chip', 'reinforcement learning', 'reliability', 'spare placement', 'task migration'] 

TOP-K 673: ['motion-blurred images', 'pso-based parameter estimation', 'image restoration framework', 'image quality evaluation method', 'image quality', 'image quality assessment.', 'overall structural framework', 'image quality.', 'motion-blurred parameter estimation.', 'efficient classification', 'blur parameter estimation algorithm', 'complete function'] 

Reference 673: ['blur parameter estimation based on the particle swarm optimization', 'image quality assessment', 'motion-blurred image restoration framework', 'point spread function', 'polynomial-based radial basis function neural network'] 

TOP-K 674: ['code summarization', 'code summarization task.', 'code snippets.', 'novel neural network architecture', 'open-source implementation', 'new data', 'structural information'] 

Reference 674: ['graph neural network', 'recurrent neural network', 'source code summarization'] 

TOP-K 675: ['wavewatch iii', 'flexible smc domain splitting', 'wave model multi-grid mode', 'ww3 model.', 'mpi-openmp parallelisation', 'hybrid wave component', ['domain decompositions'], 'computing nodes', 'one-day model', 'boundary exchanges', 'resolution models', 'min'] 

Reference 675: ['domain decomposition', 'large-scale computing', 'mpi-openmp', 'ocean surface waves', 'smc grid'] 

TOP-K 676: ['uav swarms.', 'reconnaissance architecture', ['deep transfer learning']] 

Reference 676: ['data fusion', 'deep transfer learning', 'signal sorting', 'uav swarm'] 

TOP-K 677: ['dt techniques', 'dt models', 'open decision-making issue', 'software development.', 'innovative solutions.', 'selection', 'dt techniques aid'] 

Reference 677: ['design thinking', 'literature review', 'software development', 'systematic mapping study', 'user-centered design'] 

TOP-K 678: ['nonnegative feature factorization.', 'feature fusion', 'multi-feature fusion.', 'classificaion performance.', 'scene image benchmarks', 'dimension equilibirum strategy', 'remarkable classification performance'] 

Reference 678: ['adaptive feature fusion', 'feature fusion boosting', 'nonnegative matrix factorization', 'scene classification'] 

TOP-K 679: ['novel intelligent multi-objective framework', 'robotic path planning algorithm.', 'meta-heuristics techniques', 'path planning.', 'extensive simulations', 'search strategy', ['collision detection']] 

Reference 679: ['bio-inspire computing', 'collisions detection', 'heuristic', 'particle swarm optimization', 'path planning'] 

TOP-K 680: ['blockchain-based smart contract platform', 'random oracle model', ['smart contract'], ['proxy'], 'security analysis', 'encrypted files', 'performance analysis', 'scheme', 'corresponding authentication tags', 'audit phase', 'proof information', 'authentication tags.', 'index table', 'audit operation', 'dynamic data'] 

Reference 680: ['blockchain', 'low performance terminal device', 'proxy', 'public audit scheme', 'smart contract'] 

TOP-K 681: ['matching matrix', 'dedicated rte', 'several datasets', 'remarkable performance', 'art methods'] 

Reference 681: ['learned cost volume', 'point cloud', 'rigid transformation equivariance'] 

TOP-K 682: ['attention maps', 'previous sota methods', 'detailed attention maps', 'non-parametric layer', 'attention module', 'object.'] 

Reference 682: ['deep learning', 'interpretability', 'non-parametric', 'resolution', 'spatial attention'] 

TOP-K 683: ['3d cnn.', 'unstructured data', 'lung nodules.', 'image features', 'novel models', 'structured features', 'small-scale dataset', 'competitive results', 'sophisticated network.'] 

Reference 683: ['computer-aided diagnosis (cad)', 'convolutional neural networks （cnn）', 'information fusion', 'lung nodule classification', 'xgboost'] 

TOP-K 684: ['dbt systems.', 'dynamic cpu state emulation', 'uneven nvm wear', 'host hardware resources'] 

Reference 684: ['cross-isa virtualization', 'dynamic binary translation', 'non-volatile memory', 'nvm wear leveling', 'nvm wear reduction', 'qemu'] 

TOP-K 685: ['post-modelling interpretability.', 'usability assessment framework', 'local interpretable model-agnostic explanations.', 'conventional performance comparison', 'several machine'] 

Reference 685: ['explainable artificial intelligence', 'machine learning', 'model agnostic explanations', 'usability study', 'user experience'] 

TOP-K 686: ['new task scheduling method', 'tsrs', 'computation costs', 'mets', 'heft popular algorithm', ['scheduling time'], 'scheduling length'] 

Reference 686: ['heft', 'heterogeneity', 'makespan', 'scheduling time', 'task scheduling'] 

TOP-K 687: ['patient-centric access model', 'health data', 'decentralized storage', 'data privacy', 'healthcare data.', 'resistant blockchain framework'] 

Reference 687: ['blockchain data security', 'decentralized healthcare data', 'electronic health records', 'healthcare data security'] 

TOP-K 688: ['error map segmentation', 'ep-net', 'error segmentation', 'error map segmentation.', 'network structure design', 'error segmentation task', 'novel collaborative boundary-aware context', ['segmentation quality assessment'], 'thin error regions.', 'strong performance'] 

Reference 688: ['error map prediction', 'medical image segmentation', 'segmentation quality assessment'] 

TOP-K 689: [['tdd'], 'unit testing', 'tdd research', 'unit testing.', 'negative affective reactions', 'contrasting results', 'little experience'] 

Reference 689: ['affective state', 'experiment', 'replication', 'sam', 'survey', 'tdd'] 

TOP-K 690: ['spectral clustering', ['subspace clustering'], 'block diagonal subspace clustering', 'novel subspace clustering', 'ebd conditions', 'block diagonal representation', 'radial basis function kernel', 'unified clustering framework', 'benchmark datasets', 'symmetrical constraints', 'solution', 'extensive experiments', 'source codes', 'coefficient matrix', 'effectiveness'] 

Reference 690: ['analytical', 'general form', 'nonnegative', 'subspace clustering', 'symmetrical solution'] 

TOP-K 691: ['cardinality-constrained sparse learning', 'convergent approximate newton', 'complex hessian matrix', 'first-order algorithms', 'experimental results', ['linear models'], 'hessian matrix', 'second-order algorithms', ['linear model'], 'several linear models', 'sparse recovery performance', 'e.g', 'softmax regression', 'method', 'sparsity recovery performance.'] 

Reference 691: ['iterative hard thresholding', 'linear models', 'newton-type method', 'quadratic approximation', 'sparse learning'] 

TOP-K 692: ['new adversarial autoaugment framework', 'recent autoaugment methods', 'several gans.', 'policy search space.', 'distinct improvement', 'different methods', 'synthetic samples.'] 

Reference 692: ['adversarial learning', 'autoaugment', 'classification', 'data augmentation', 'deep learning', 'generative adversarial network'] 

TOP-K 693: ['ra', 'ra schemes', 'target tracking.', 'promising research directions', 'modeling methods', 'solution techniques'] 

Reference 693: ['fusion', 'radar sensor network', 'resource allocation', 'target tracking'] 

TOP-K 694: ['container monitoring techniques.', 'container monitoring techniques', 'easy-to-use framework', 'systematic decision support', 'efficient selection'] 

Reference 694: ['attack analysis', 'container monitoring', 'intrusion detection', 'security', 'software and systems engineering', 'virtualization'] 

TOP-K 695: ['adaptive aggregation-distillation autoencoder', 'landmark-guided convex polygon reconstruction', 'unsupervised anomaly detection', ['aggregation-distillation mechanism'], 'state-of-the-art performance', 'real-world datasets', 'landmark selection', 'standard benchmarks', 'intra-class variation', 'density-based landmark', 'diverse normal patterns', 'different application domains', 'normal patterns', 'training sets', 'abnormal patterns.'] 

Reference 695: ['aggregation-distillation mechanism', 'anomaly detection', 'autoencoders', 'unsupervised learning'] 

TOP-K 696: ['low-resolution fine-grained image recognition', 'fine-grained detail restoration sub-network', 'low-resolution fine-grained image recognition.', 'fine-grained recognition', 'fine-grained discriminative information restoration', 'semantic relation distillation loss', 'super-resolution images', 'discriminative features', 'tree aggregation module', 'recognition sub-network', 'stanford cars', 'discriminative fine-grained details.', 'unambiguous details', 'end-to-end manner', 'challenging datasets'] 

Reference 696: ['fine-grained image recognition', 'low-resolution', 'minimum spanning tree', 'semantic relation distillation'] 

TOP-K 697: ['adaptive adversaries.', ['dynamic network'], 'limited power'] 

Reference 697: ['adversary', 'derandomization', 'distributed algorithms', 'dynamic networks'] 

TOP-K 698: ['human body parts', 'person re-identification task', 'part-weighted loss', 'bi-stream generative model', 'cc', 'cp problems', 'unbalanced number', 'important parts', 'promising results.'] 

Reference 698: ['camera-camera problem', 'camera-person problem', 'generalizable re-id', 'person re-identification'] 

TOP-K 699: ['iot domain security', 'ml security techniques', 'iot-based systems.', 'security challenges', 'iot domain', 'security measure'] 

Reference 699: ['internet of things', 'machine learning', 'security'] 

TOP-K 700: ['multi-source homogeneous information system', 'mshois', 'data-level fusion model', 'unsupervised attribute selection approach', 'research framework', 'inf fusion functions'] 

Reference 700: ['granular computing', 'information fusion', 'rough sets', 'uncertainty measures', 'unsupervised attribute selection'] 

TOP-K 701: ['cpca', 'traditional pca', 'discriminative structures', 'important dataset-specific patterns', 'clustering technique', 'high variance components', 'new data visualization', 'traditional pca.', 'dataset', 'high-dimensional data.', 'technique', 'high variance principal components', 'interesting structures', 'method', ['contrastive pca']] 

Reference 701: ['contrastive pca', 'dimensionality reduction', 'feature learning', 'pca'] 

TOP-K 702: ['image fusion.', 'previous work', 'shallow networks', 'fuse images', 'visible spectrum.', 'parameter numbers', 'sufficient results'] 

Reference 702: ['efficient learning', 'multi-modal fusion', 'multi-temporal fusion'] 

TOP-K 703: ['semantic segmentation', 'related subclasses', 'improving visualization quality', 'coco-stuff dataset.'] 

Reference 703: ['deeplab', 'image segmentation', 'stuff classes'] 

TOP-K 704: ['slice-based scalable approach', 'semantic code clones.', 'clone pairs/sets', 'precision', 'dependency analysis.', 'incomplete source code.', 'recall', 'discover insights'] 

Reference 704: ['clone detection', 'code clone', 'program slicing', 'semantic clones'] 

TOP-K 705: ['smote strategy', 'owa operators.', 'high-dimensional problems.', 'feature weighting process', 'minority samples.', 'general version', 'new component'] 

Reference 705: ['data resampling', 'feature selection', 'imbalanced data classification', 'owa operators', 'smote'] 

TOP-K 706: ['cloud service providers', 'heuristic algorithm', 'deadline-constrained profit maximization problem', 'revenue model', 'cyclic cascade', 'experimental comparisons', 'optimal configuration'] 

Reference 706: ['cloud computing', 'cyclic cascade queuing system', 'heterogeneous', 'profit maximization', 'satisfaction', 'waiting time'] 

TOP-K 707: [['3d volume reconstruction'], 'accurate 3d volume reconstruction', 'weighted average', 'slice data.', 'cahn equation.', 'accurate method'] 

Reference 707: ['3d volume reconstruction', 'allen–cahn equation', 'shape transformation'] 

TOP-K 708: [['hourglass capsule network'], 'experiment results', 'challenging benchmark datasets', 'dual-attention mechanism', 'landmark spatial positional relationship', 'computational burdens', 'excellent performance', 'face image.', 'kernel size', 'advantageous features', 'remarkable results.', 'unrelated ones.'] 

Reference 708: ['adaptively local constrained dynamic routing', 'capsule attention', 'face alignment', 'hourglass capsule network', 'spatial attention'] 

TOP-K 709: [['parallel debugging'], 'parallel debugging.', 'failure representation', 'successful test cases', 'promising sbfl formula', 'better clustering', 'first empirical study', 'effectiveness'] 

Reference 709: ['failure clustering', 'fault isolation', 'multiple-fault', 'parallel debugging'] 

TOP-K 710: ['data packets', 'paper', 'authentication capability.', 'method', 'suitable clustering algorithm.', 'packet delivery rate.'] 

Reference 710: ['authentication', 'cryptography', 'routing', 'security', 'vehicular ad hoc networks (vanets)'] 

TOP-K 711: ['uncertainty-aware scaling factor', 'uncertainty-based framework', '3d', 'noisy scenes', 'convergence speed', 'optimization objective'] 

Reference 711: ['3d pose estimation', 'graph convolutional network', 'uncertainty'] 

TOP-K 712: ['class diagrams', 'diagram layout quality.', 'uml class diagrams.', 'automated approach', 'important aesthetic characteristics'] 

Reference 712: ['machine learning', 'quality of layout', 'quality of uml class diagrams'] 

TOP-K 713: ['rain removal', 'well-designed rain aware network.', 'rain identification', 'rain components', 'content recovery.', 'de-raining models benefits', 'whole image', 'joint learning', 'important part'] 

Reference 713: ['capsule', 'de-raining', 'generative adversarial network', 'rain-component-aware network'] 

TOP-K 714: ['convgemm/deconvgemm operators', 'novel convgemm/deconvgemm operators.', 'blis gemm.', 'neural networks.', 'memory savings', 'gradient computation.', 'implementation descriptions'] 

Reference 714: ['clusters of multicore processors', 'convolutional neural networks', 'distributed training', 'high performance', 'python'] 

TOP-K 715: ['spirel', 'cost-effective approach', ['transfer learning'], 'generic approach', 'partial information.', 'dynamic environments'] 

Reference 715: ['android package', 'malware detection', 'portable executable', 'reinforcement learning', 'transfer learning'] 

TOP-K 716: ['k-nearest-neighbor graph', 'new watershed clustering', ['pauta criterion'], 'point-to-point aggregation.', 'basin-level similarity measure', 'two-step immersion', 'algorithm', 'mergeable subclusters.', 'complex dataset.', 'neighbor information'] 

Reference 716: ['k-nearest neighbor graph (knng)', 'pauta criterion', 'shared nearest neighbor (snn)', 'watershed clustering'] 

TOP-K 717: ['future demand forecasting models', 'ai model features', 'real-world case study', 'semantic technologies', 'demand forecasting.', 'novel architecture', 'related real-world events', 'new datasets', 'explanations', 'news media.'] 

Reference 717: ['confidentiality', 'demand forecasting', 'explainable artificial intelligence', 'knowledge graph', 'privacy', 'smart manufacturing'] 

TOP-K 718: ['sdr', 'low-frequency constraint', 'ℓp norms', 'highdimensional space', 'homogeneous decision-based methods', 'gradient estimation algorithm', ['decision-based attack'], 'different ℓp norms', 'experimental results', 'p', 'historical samples', 'prior knowledge', 'next sampling distribution', 'general geometric attack framework.', 'low query budget.'] 

Reference 718: ['adversarial examples', 'decision-based attack', 'distribution reshaping', 'image classification', 'normal vector estimation'] 

TOP-K 719: ['multi-paradigm modeling', 'cyber-physical systems', 'modeling approaches', 'systematic mapping study', 'data sets', 'research literature', 'comprehensive analysis', 'stakeholders background'] 

Reference 719: ['cyber–physical system', 'development process', 'formalism', 'model', 'modeling paradigm', 'systematic review'] 

TOP-K 720: ['optimization method', 'airborne contaminant source.', 'la efficiency', 'layered algorithm', 'la', 'initial area', 'benchmark functions.', 'accuracy error'] 

Reference 720: ['area optimization', 'cellular automata', 'classification', 'gaussian dispersion model', 'sensors'] 

TOP-K 721: ['partition ordering-based prioritization', 'new partial attention mechanism', 'empirical studies', 'candidate test cases', 'new approach', 'future research', 'relevant materials'] 

Reference 721: ['greedy algorithm', 'regression testing', 'software testing', 'test case prioritization'] 

TOP-K 722: ['atari games', 'state-action novelty', 'state novelty', 'curiosity-driven learning framework', 'policy learning', 'novel distribution-aware', ['task-relevant features'], 'states', 'complete intrinsic reward', 'agent', 'exploration ability', 'attention module', 'intrinsic reward', 'approach', 'extensive experiments'] 

Reference 722: ['reinforcement learning', 'robust intrinsic reward', 'task-relevant feature', 'unified curiosity-driven exploration'] 

TOP-K 723: ['state-of-the-art recommendation methods', 'efficient graph convolutional layer', 'knowledge-aware recommendation.', 'novel attention mechanisms', 'benchmark datasets', 'attentive gnns', 'coat', 'new framework', 'sparsity issue.', 'kg graphs.'] 

Reference 723: ['attention mechanism', 'graph convolutional network', 'knowledge graph', 'recommender system'] 

TOP-K 724: ['social network analysis', 'inconsistent cidpr', 'er algorithm.', 'complete interval', 'consensus measurement', 'acceptable consistent level.', 'adjustment algorithm', 'preference relation', 'adjustment methods'] 

Reference 724: ['complete interval distributed preference relation', 'consensus reaching process', 'consistency', 'distributed linguistic trust relation', 'group decision making', 'opinion fusion'] 

TOP-K 725: [['emotion roles'], 'emotional community detection algorithm', 'different emotion roles', 'multi-view ensemble learning.', 'emotion role mining approach', 'emotion preference similarity.', 'dynamic evolution'] 

Reference 725: ['emotion contagion', 'emotion role', 'ensemble learning', 'social network'] 

TOP-K 726: ['classifier fusion', 'multiscale fusion', 'fusion module', 'smart ai applications', 'end-to-end lightweight network', ['feature fusion'], 'feature fusion module', 'multi-source vessel segmentation.', 'fast inference time', 'tiny vessel structure information', 'down-sampling operations.', 'information loss'] 

Reference 726: ['feature fusion', 'image segmentation', 'retinal vessel segmentation'] 

TOP-K 727: ['inter-block attention', 'state-of-the-art methods', 'intra-block attention', 'widely-used video summarization datasets', 'multiscale features', 'self-attention mechanism', 'long-range dependencies', 'inter-block attention module', 'hierarchical rnn', 'intra-block attention module', ['two-stream framework'], 'structure modeling', 'method', 'attentive frame-level features', 'competitive performance'] 

Reference 727: ['attention models', 'hierarchical structure', 'multiscale temporal representation', 'two-stream framework', 'video summarization'] 

TOP-K 728: ['dod items', ['dods'], 'dod investigated.', 'significance studied.'] 

Reference 728: ['agile', 'definition of done', 'dod', 'scrum', 'survey'] 

TOP-K 729: ['superpixel knowledge', 'superpixel information', 'iterative framework', 'semantic segmentation.', 'pascal voc dataset', 'segmentation approach.', 'satisfactory performance', 'effective collaboration', 'art models'] 

Reference 729: ['pixel-level affinity', 'semantic segmentation', 'superpixel', 'weakly supervised condition'] 

TOP-K 730: [['person re-identification'], ['two-stream hypothesis'], 'state-of-the-art re-id models', 'avpl method', 'cnn-based network', 'novel avpl method', 'bionics algorithm', 'v-d visual stream', 'large re-id benchmarks', 'avp module', 'visual streams', 'perceptual characteristics', 'novel ba method', 'method', 'recognition tasks'] 

Reference 730: ['augmented visual perception learning', 'batch attention', 'person re-identification', 'two-stream hypothesis'] 

TOP-K 731: [['dependency injection'], 'di anti-patterns', 'bad di implementation practices.', 'expert practitioners', 'industry projects.', 'maintenance efforts.', 'novel catalog', 'comprehensive characterization'] 

Reference 731: ['anti-pattern', 'dependency injection', 'dependency inversion', 'inversion of control'] 

TOP-K 732: ['esdu', 'ecesd', 'elastic stripe-based delta', 'time', 'stripe size', 'topology reasonably.'] 

Reference 732: ['cross-data center storage', 'delta update method', 'disaster tolerance', 'distributed storage system', 'erasure code'] 

TOP-K 733: ['gcn', 'graph structure.', 'output interpretable diagnosis results.', 'dynamic graph', ['interpretable learning']] 

Reference 733: ["alzheimer's disease diagnosis", 'dynamic graph learning', 'graph convolutional networks', 'interpretable learning'] 

TOP-K 734: ['ir/vis image fusion', 'high-level tasks', 'high-level vision tasks.', 'real-time image fusion.', 'various fusion methods', 'fine-grained detail.', 'light-weight model', 'description ability'] 

Reference 734: ['gradient residual dense block', 'high-level vision task', 'image fusion', 'semantic aware', 'task-driven evaluation'] 

TOP-K 735: ['multi-level network prediction maps', 'anti-congestion model', 'adaptive context module', 'flexible regional mapping', 'efficient network framework', 'paper', 'unseen congestion detection.', 'contextual information', 'valve control', 'balanced features', 'accurate detection results', 'object detection.', 'background features.'] 

Reference 735: ['congested and occluded objects', 'deep learning', 'object detection'] 

TOP-K 736: [['privacy protection'], 'data-free scenario', 'deep video', 'universal attack', 'black-box settings', 'extensive experiments', 'method', 'original videos.'] 

Reference 736: ['adversarial attack', 'deep hashing', 'privacy protection', 'video retrieval'] 

TOP-K 737: ['ir/vis fusion.', 'efficient ir/vis fusion method', 'object detection', 'fine-grained information', 'detail branch', 'variant rnns.', 'method', 'texture learning.', 'internal structures', 'explicit manner.'] 

Reference 737: ['image fusion', 'infrared', 'recurrent neural network', 'scene and texture learning'] 

TOP-K 738: ['generative model', 'surface distributions', 'progressive sampling strategy', '3d points.', 'stochastic instance normalization transfers', 'implicit distribution', 'method trains', 'arbitrary number'] 

Reference 738: ['3d point cloud harvesting', 'progressive sampling', 'stochastic instance normalization'] 

TOP-K 739: ['multi-feature deep information bottleneck', 'breast cancer.', 'spectral mammography', 'multiple image features', 'first information bottleneck based-deep'] 

Reference 739: ['classification', 'contrast enhanced spectral mammography', 'deep learning', 'information bottleneck', 'multi-feature'] 

TOP-K 740: ['t-contrast explanations', 'experimental results', 'text classifiers.', 'off-the-shelf tool', 'method', 'public rest-api', 'real-life application', 'benchmark dataset', 'explanation provided.'] 

Reference 740: ['contrastive explanation methods for xai', 'post-hoc explainability', 'xai interpretability of text classifiers'] 

TOP-K 741: ['ad', ['petri nets'], 'petri nets model', 'dapn', 'future work', 'transient connections', 'system specification', 'systems.', 'first model', 'network scenarios.', 'run time'] 

Reference 741: ['ad hoc networks', 'distributed systems', 'petri nets'] 

TOP-K 742: ['multi-perspective fusion', 'model-based reinforcement learning.', 'bi-level architecture', 'model error', 'robot control', 'multiple views.', 'good generality', 'different kinds'] 

Reference 742: ['bi-level', 'model-based reinforcement learning', 'multi-perspective', 'planning', 'trajectory imagination'] 

TOP-K 743: ['adni dataset', 'good generalization ability', 'novel method', ['joint loss function'], 'lesion area', 'multiple scales', 'excellent results', 'pyramid representation.'] 

Reference 743: ['attention mechanism', "diagnosis of alzheimer's disease", 'joint loss function', 'multi-scale', 'pseudo-3d'] 

TOP-K 744: ['ℓ0 fusion penalty.', 'clustering model', 'state-of-the-art methods', 'experimental results', 'efficient optimization algorithm', 'optimality conditions', 'model.'] 

Reference 744: ['alternating direction method of multipliers', 'nonconvex discontinuous optimization', 'penalized clustering', 'ℓ<sub>0</sub> fusion penalty'] 

TOP-K 745: ['gemm routines', 'cpu-to-gpu bus', 'nvblas library parameters', 'gpu utilization', 'heterogeneous computing systems', 'performance'] 

Reference 745: ['automatic computation offloading', 'graphics processing unit', 'heterogeneous computing', 'high performance computing', 'matrix multiplication'] 

TOP-K 746: ['information exchange', 'specific contributors', 'particular contributors', 'cultural background', 'cultural assumptions.'] 

Reference 746: ['collectivism', 'cultural dimension', 'individualism', 'software development communities'] 

TOP-K 747: ['human-centric image captioning', 'human-centric captioning', 'human-centric feature hierarchization', 'novel three-branch architecture', 'state-of-the-art performance', 'human body part information.', 'image features', 'new task', 'human activities.', 'detailed captions', 'separate information flow control', 'previous state', 'clear margin'] 

Reference 747: ['feature hierarchization', 'human-centric', 'image captioning'] 

TOP-K 748: ['optical memory disaggregation', 'main memory disaggregation', 'optical devices', 'state-of-the-art optical devices.', 'system-level performance', 'low energy-per-bit consumption.', 'data centers', 'first evaluation'] 

Reference 748: ['data-centers', 'disaggregated memory', 'dram', 'memory systems', 'photonics'] 

TOP-K 749: ['data lifetime.', 'i/o distribution mechanism.', 'lifespan-based garbage collection algorithm', 'flash blocks', 'method'] 

Reference 749: ['data lifetime', 'garbage collection', 'solid state drive'] 

TOP-K 750: ['td', 'td concept', 'non-coding activities', 'td types', 'td causes', 'mind map.', 'explorative analysis', 'first family', 'mosaic plots', 'valid responses.'] 

Reference 750: ['causes of technical debt', 'effects of technical debt', 'insightd', 'survey', 'technical debt'] 

TOP-K 751: ['iot systems', 'creim', ['indexing mechanism'], 'state-of-the-art methods', 'real-world datasets', 'fast lookup', 'edge nodes.', 'fair load balance.', 'dynamic variation', 'important function'] 

Reference 751: ['distributed storage', 'heterogeneous edge computing', 'indexing mechanism', 'internet of things system'] 

TOP-K 752: ['novel framework vd-pcr', 'visual dialog models', 'pronoun coreference', 'pronoun coreference.', 'state-of-the-art results', 'joint training', 'visdial dataset', 'history pruning', 'dialog history.'] 

Reference 752: ['pronoun coreference resolution', 'vision and language', 'visual dialog'] 

TOP-K 753: ['ci-run rules', 'ci-skip rules.', 'ci-skip rules safety', 'ci-run rules.', 'cost-saving ability.', 'selection approach', 'summary'] 

Reference 753: ['build prediction', 'continuous integration', 'maintenance cost', 'safety'] 

TOP-K 754: ['flpr', 'optimization models.', 'incomplete fle'] 

Reference 754: ['flexible linguistic expression', 'group decision making', 'linguistic distribution', 'personalized individual semantics'] 

TOP-K 755: [['exploratory testing'], 'web application testing.', 'application specific configurations', 'test cases', 'technical expertise.'] 

Reference 755: ['exploratory testing', 'model-based testing', 'test automation', 'test case generation', 'web application testing'] 

TOP-K 756: ['parallel feature selection library', 'hybrid mpi/threads approach', 'mi-based feature selection', 'huge datasets.', 'scalable solution'] 

Reference 756: ['feature selection', 'high performance computing', 'hyperthreading', 'mpi', 'mutual information'] 

TOP-K 757: ['stale nodes synchronization', 'stringent in-place sequential consistency', 'code structures', 'quorum systems', 'sequential consistency.', 'differential updates', 'multiple versions.'] 

Reference 757: ['erasure codes', 'quorums', 'read-modify-write', 'sequential consistency'] 

TOP-K 758: ['scene-specific crowd', 'state-of-the-art cnn-based methods', 'benchmark data sets', 'synthetic images', 'alternative cross-scene approach', 'regression-based crowd', 'representative unlabelled images', 'early regression-based ones', 'method', 'target scene', 'target scene.'] 

Reference 758: ['crowd counting', 'scene-specific settings', 'synthetic training images'] 

TOP-K 759: ['traffic congestion problem.', 'recent literature', 'traffic management system.', 'recent literature.', 'highlight future research orientations'] 

Reference 759: ['artificial intelligence', 'emerging technologies', 'intelligent transportation systems', 'smart city', 'traffic congestion', 'traffic management system'] 

TOP-K 760: ['multi-modal bioelectrical signal fusion', ['multi-modal fusion'], 'eeg signal', 'fusion methods', 'evaluation index', 'acquisition equipment', 'stimulus paradigm', 'fusion application', 'challenges', 'possible solutions'] 

Reference 760: ['fusion strategy', 'information complementarity', 'medical signal', 'multi-modal fusion'] 

TOP-K 761: ['bag dissimilarity', 'bdr framework', 'bdr methods', 'bdr methods.', 'fisher score.', 'regular classifiers', 'comparison methods', 'explicit bag representation', 'explicit bag representations.', 'factor analysis', 'single representation'] 

Reference 761: ['dissimilarity regularization', 'fisher score', 'multi-instance learning (mil)'] 

TOP-K 762: ['context-aware transfer', 'sdd datasets', 'conditional context loss', 'novel conditional context loss', 'whole network', 'scene semantics.', 'physical descriptions', 'physical rules.'] 

Reference 762: ['the conditional context loss', 'the context-aware transfer', 'trajectory prediction'] 

TOP-K 763: ['super-resolving light field image', 'deformable convolution', 'real-world datasets', 'angular resolution.', 'inherent epipolar structures', 'feature-level registration.', 'compensation module', 'effective model', 'shift information'] 

Reference 763: ['dynamic deformable convolution', 'light field', 'multi-view fusion', 'super-resolution'] 

TOP-K 764: [['software performance antipatterns'], 'spa detection approach', 'ericsson system.', 'spa injection experiments', 'spa injection', 'computational complexity', 'simulation model'] 

Reference 764: ['characterization', 'detection', 'multivariate analysis', 'software performance antipatterns'] 

TOP-K 765: ['ir/vis fusion', 'high-level vision tasks', 'progressive ir/vis fusion method', 'illumination aware.', 'new benchmark dataset', 'round-the-clock fuse meaningful information', 'common information', 'various stages.'] 

Reference 765: ['cross-modality differential aware fusion', 'deep learning', 'illumination aware', 'image fusion'] 

TOP-K 766: ['ui pages.', 'key features', 'similar products', 'novel method', 'method'] 

Reference 766: ['android apps', 'feature recommendation', 'user interface'] 

TOP-K 767: ['cooperative energy trading mechanism', 'energy trading cost', 'power losses', 'mgs'] 

Reference 767: ['distributed energy management', 'energy storage system', 'energy trading', 'microgrid', 'power line losses'] 

TOP-K 768: ['dl approach', 'source code changes', 'software systems', 'fine-grained product', 'process metrics.', 'complete history', 'large range'] 

Reference 768: ['deep learning', 'process metrics', 'software quality metrics', 'technical debt', 'technical debt forecasting', 'temporal convolutional network'] 

TOP-K 769: ['rock engineering design', 'udi', 'pre-existing damage', 'discontinuous rock masses.', 'r-dis-frag computer package', 'kinematic block instability', 'universal discontinuity index', 'rock strength heterogeneity', 'real time-scale analysis', 'shear failure.', 'spatial prediction'] 

Reference 769: ['conformal prediction', 'predictive distribution', 'probabilistic calibration', 'universal consistency'] 

TOP-K 770: ['repair tools', 'repair space analysis tool', 'repair spaces.', 'search spaces', 'efficient tool', 'significant parts'] 

Reference 770: ['commit analysis', 'program repair', 'search-space', 'static code analysis'] 

TOP-K 771: ['single-layer cnn', 'relational neighbors', 'model complexity.', 'multi-scale characteristics', 'heterogeneous influences', 'multiple similarity methods', 'support set'] 

Reference 771: ['convolutional network', 'few-shot learning', 'knowledge graphs', 'relation prediction', 'representation learning'] 

TOP-K 772: ['case-generation algorithm.', 'new heuristics.', 'new implementation', 'tool integration', 'user interaction.', 'concurrent computation.', 'detailed description'] 

Reference 772: ['cafeobj', 'proof scores', 'script generation', 'script inference', 'theorem proving'] 

TOP-K 773: ['sg-mwmg sub-network', 'mcff module', 'unimodal rgb', 'non-informative regions', 'depth features', 'input rgb-d images.', 'multiple scales'] 

Reference 773: ['discriminative unimodal feature selection', 'multi-scale cross-modal feature fusion', 'rgb-d salient object detection', 'semantic information'] 

TOP-K 774: ['multi-hop reasoning problem.', 'state-of-the-art methods', 'heterogeneous context.', 'neighborhood context', 'reasoning precision.', 'comprehensive evaluation'] 

Reference 774: ['knowledge graphs', 'reinforcement learning', 'relational reasoning'] 

TOP-K 775: [['long method'], 'state-of-the-art approaches', 'possible refactorings', 'project entities', 'common code', 'modularity metric.', 'advanced graph analysis techniques.', 'software systems.'] 

Reference 775: ['code smell', 'extract method', 'graph analysis', 'long method', 'software refactoring'] 

TOP-K 776: ['structure-aware spatial non-local block', 'gradient-based edge loss', 'structure context', 'edge structure context', 'new state-of-the-art performance', 'spatial pyramid module.', 'patch-based global structure context.'] 

Reference 776: ['deep neural network', 'saliency detection', 'structure coherence'] 

TOP-K 777: [['concurrency vulnerabilities'], 'interleaving-aware power schedule', 'concurrency vulnerabilities.'] 

Reference 777: ['bug detection', 'concurrency vulnerabilities', 'fuzzing', 'multi-threading', 'reliability'] 

TOP-K 778: [['deep reinforcement learning'], 'exploratory approaches', 'promising future research directions', 'new classification method'] 

Reference 778: ['deep reinforcement learning', 'exploration', 'intrinsic motivation', 'sparse reward problems'] 

TOP-K 779: ['nakagami-fuzzy imaging framework', 'medical image segmentation', 'nakagami-fuzzy protocol', 'mri images', 'fuzzy 2-means', 'segmented lesions', 'main clinical experiment', 'dice scores', 'first application', 'dataset experiments'] 

Reference 779: ['brats', 'fuzzy c-means', 'lesion segmentation', 'mri', 'nakagami imaging'] 

TOP-K 780: ['virtual machine scheduling', 'virtual machine scheduling.', 'server architecture.', ['reinforcement learning'], 'delta reward', 'policy help reinforcement'] 

Reference 780: ['cloud computing', 'dynamic virtual machine scheduling', 'multi-numa', 'reinforcement learning'] 

TOP-K 781: [['blockchain technology'], 'information architecture conceptual design', 'research challenges', 'systematic literature review', 'problems definition'] 

Reference 781: ['blockchain technology', 'industry 4.0', 'information systems', 'manufacturing', 'mass customization/personalization', 'supply chain'] 

TOP-K 782: [['fast keypoint-label matching'], 'sift structure', 'false keypoint-matches', 'true keypoint-matches', 'exact keypoint-matches', 'forgery cases.', ['thorough feature extraction'], 'high-dimensional feature', 'efficient suspicious region', 'adaptive block', 'intrinsic attributes'] 

Reference 782: ['adaptive block filling', 'coarse-to-fine filtering', 'fast keypoint-label matching', 'thorough feature extraction', 'video copy-move forgery detection'] 

TOP-K 783: ['api/ddd models', 'api endpoint', 'ddd design.', 'multi-case study', 'add options', 'ground truth', 'automated detectors', 'decision points', 'case studies.', 'detector results', 'significant difference'] 

Reference 783: ['api design', 'architecture conformance assessment', 'domain driven design', 'microservice architecture'] 

TOP-K 784: ['self-training hierarchical prototype-based classifier', 'novel semi-supervised ensemble framework', 'multi-granular information', 'cross-checking mechanism', 'novel pseudo-labelling mechanism', ['scene classification'], 'ensemble framework', 'top performance', 'base learner'] 

Reference 784: ['prototypes', 'pseudo-labelling', 'remote sensing', 'scene classification', 'self-training'] 

TOP-K 785: [['component connectivity'], 'well-known networks', 'regular networks', ['component diagnosability']] 

Reference 785: ['component connectivity', 'component diagnosability', 'multiprocessor systems', 'robustness'] 

TOP-K 786: ['csm-gan', 'updatable three-channel difference map', 'style transfer', 'style transfer technology', 'end-to-end training', 'face anti-spoofing datasets', 'novel framework', 'photography style information', 'original binary classification task', 'traditional fixed one-dimensional vectors.', 'style transfer task', 'current stateof', 'extensive experiments', 'superior performance', 'difference map.'] 

Reference 786: ['deep learning', 'face anti-spoofing', 'generative adversarial networks'] 

TOP-K 787: ['black-box rule extraction methods', ['rule extraction'], 'black-box rule extraction.', 'standard regression trees', 'individualized prediction intervals', 'test data', 'model trees', 'standard regression tree', ['conformal prediction'], 'representation language', 'low fidelity', 'extensive empirical investigation', 'opaque predictive regression models.', 'sharp prediction intervals', 'point predictions'] 

Reference 787: ['conformal prediction', 'explainable ai', 'interpretability', 'predictive regression', 'rule extraction'] 

TOP-K 788: ['academic papers', 'github repositories.', 'links', 'qualitative coding', 'mixed-methods study', 'study', 'online appendix', 'evolutionary aspects'] 

Reference 788: ['open access', 'open science', 'software documentation', 'traceability'] 

TOP-K 789: ['modality gap.', 'sota methods', 'statistical distribution', 'first paper'] 

Reference 789: ['guided image denoising', 'modality gap', 'multi-modal image denoising'] 

TOP-K 790: ['graph-gated neural network', 'graph level representation.', 'promising performance'] 

Reference 790: ['attention mechanism', 'gated graph neural network', 'self-admitted technical debt', 'technical debt'] 

TOP-K 791: ['cfa interpolation pattern', ['edge smoothing'], 'fine-grained detection.', 'coarse-grained detection results.', 'precise localization', 'use local texture strength'] 

Reference 791: ['cfa interpolation algorithm', 'edges smoothing', 'forensics features', 'image splicing detection', 'texture strength features'] 

TOP-K 792: ['hunter', ['artificial intelligence'], 'energy-aware approach', 'holistic resource management approach', 'sla violation', 'resource scheduling', 'energy consumption', 'physical cloud environment.'] 

Reference 792: ['artificial intelligence', 'cloud computing', 'energy-efficiency', 'holistic resource management', 'thermal management'] 

TOP-K 793: ['ellipses detection method', 'level-set-based curvature model', 'non-convex tooth', 'box-level labels', 'pixel-level results', 'weakly-supervised model', ['active contour'], 'level function.', 'distance property', 'restriction term'] 

Reference 793: ['active contour', 'deep learning', 'level set', 'oral cbct images', 'tooth detection'] 

TOP-K 794: ['shared latent space projection', 'latent space projection', 'multisource earth observation data', 'cross-modal generative approaches', 'limited cross-domain training samples', 'graph convolutions', 'end-to-end trainable graph generation', 'latent graph generation', 'convolution network', 'domain bias', 'cross-domain correspondence'] 

Reference 794: ['convolutional neural networks', 'fusion', 'ground measured spectra', 'hyperspectral', 'multispectral uav'] 

TOP-K 795: ['point cloud data', 'point cloud unbalanced data', 'novel graph convolution network', 'point cloud representation', 'cartesian coordinate system', 'spherical coordinate system.', 'novel rotation-independent auxiliary network', 'feature extraction', 'local features', 'training problem'] 

Reference 795: ['classification', 'graph convolutional network', 'point cloud', 'pose robust'] 

TOP-K 796: ['ohs risk', 'ohs risk assessment.', 'wpa operator', 'interval 2-tuple linguistic variable', 'extended oreste method', 'prospect theory', 'consensus degree', 'risk information.'] 

Reference 796: ['cumulative prospect theory', 'fine kinney', 'interval 2-tuple linguistic', 'occupational health and safety', 'oreste method'] 

TOP-K 797: ['chest x-ray', 'multi-expert systems.', 'deep networks.', 'pareto-based multi-objective optimization', '3-class classification tasks', 'different public datasets.', 'extensive validation'] 

Reference 797: ['convolutional neural networks', 'covid-19', 'deep-learning', 'multi-expert systems', 'optimization', 'x-ray'] 

TOP-K 798: ['so-softmax loss', 'softmax loss', 'cosine similarity transformations', 'softmax loss.', 'inter/intra-class cosine similarity.', 'goal optimization-based transformation', 'extensive experiments', 'various variants'] 

Reference 798: ['convolutional neural networks', 'cosine similarity', 'cross entropy loss', 'embedding learning', 'quadratic transformation', 'softmax'] 

TOP-K 799: ['psedo-label generation', ['covid-19'], 'new deep semi-supervised framework', 'novel optimisation model', 'high sensitivity', 'minimal labels.', 'dirichlet energy.', 'meaningful visualisation'] 

Reference 799: ['chest x-ray', 'covid-19', 'deep learning', 'explainability', 'semi-supervised learning'] 

TOP-K 800: ['dataset unimodality', 'dataset unimodality.', 'empirical cdf', 'unimodal dataset', 'method', 'piecewise linear', ['statistical model'], 'new method', 'various data analysis tasks', 'uniform mixture model.', 'unique feature', 'data sufficiently.'] 

Reference 800: ['statistical modeling', 'uniform mixture model', 'unimodal data', 'unimodality test'] 

TOP-K 801: [['wireless acoustic sensor network'], ['decision-level fusion'], ['edge computing'], 'sensor nodes', 'classification performance', 'sensor node', 'classification outputs', 'vector quantisation', 'average duty cycle', 'total communication bandwidth', 'energy consumption.', 'single sensor node.', 'centralised approach', 'classification output', 'negligble loss'] 

Reference 801: ['activities of the daily living', 'decision-level fusion', 'dynamic sensor activation', 'edge computing', 'sound classification', 'wireless acoustic sensor network'] 

TOP-K 802: ['hybrid ps-bmfo algorithm', 'hybrid ps-bmfo', 'developed ps-bmfo', 'privacy preservation techniques', 'meta-heuristic algorithms', ['data sanitization'], 'use hybrid ps-bmfo algorithm', 'privacy access', 'information sharing', 'cloud data.', 'data restoration processes', 'information preservation ratio'] 

Reference 802: ['data restoration', 'data sanitization', 'intelligent privacy preservation in cloud', 'key generation protocol', 'probability switch searched butterfly-moth flame optimization'] 

TOP-K 803: [['multi-scale information fusion'], 'hybrid multi-scale block', 'weighted soft-voting rule', 'decision fusion strategy', 'fault diagnosis method'] 

Reference 803: ['convolutional neural network', 'fault diagnosis', 'gearbox maintenance', 'intelligent diagnosis', 'multi-scale information fusion', 'prognosis and health management'] 

TOP-K 804: ['privacy-preserving malware detection scheme', 'intel sgx.', 'malware detection.', 'runtime app features', 'memory cost', 'theoretical analysis', 'computation complexity', 'space overhead.', 'efficient way'] 

Reference 804: ['data fusion', 'intel sgx', 'malware detection', 'privacy preservation', 'probabilistic data structures'] 

TOP-K 805: ['hardware/software co-design flow', 'associative in-memory processors.', 'associative processors.', 'dynamic voltage scaling', 'depth-first search', 'scheduler', 'power optimizer', 'area optimization.'] 

Reference 805: ['associative processor', 'content addressable memory', 'hardware/software co-design', 'in-memory computing', 'single instruction multiple data (simd)'] 

TOP-K 806: ['penalty function-based co-evolutionary pso', 'co-evolutionary pso', 'pfcpso', 'granulation model', 'linguistic information granulation model.', 'pfcpso solution approach.', 'pfcpso solution approach work', 'whole algorithm framework', 'solution approach.'] 

Reference 806: ['constrained optimization problem', 'distributed linguistic preference relation', 'group decision making', 'linguistic information granulation', 'particle swarm optimization'] 

TOP-K 807: [['small-scale evaluations'], 'small-scale evaluations.', 'software engineering research.', ['case study'], 'case study checklist.', 'many studies', 'assessment scheme', 'articles misuse', 'term'] 

Reference 807: ['case study', 'checklist', 'citation analysis', 'guidelines', 'small-scale evaluation', 'smell indicator'] 

TOP-K 808: ['leaky integrate-and-fire networks', 'double precision arithmetic', 'cuda graphs', 'synchronization overhead', 'memory accesses', 'performance', 'optimizations', 'memory bandwidth.'] 

Reference 808: ['computational neuroscience', 'gpu processing', 'leaky integrate-and-fire model', 'neural models', 'neural networks'] 

TOP-K 809: ['code-quality improvement metrics', 'free-rider detection', 'team programming projects.', 'programming projects.', 'individual contributions', 'student contributions', 'analytics workflow', 'evaluation scheme'] 

Reference 809: ['automated programming assessment system', 'cooperative/collaborative learning', 'programming education', 'project-based learning', 'quality'] 

TOP-K 810: ['blind super resolution', 'super resolution reconstruction', 'sr module', 'real world images', 'super resolution method', 'test low resolution image', 'external priors', 'alternate optimization strategy', 'favorable super resolution results', 'test image', 'various degradations', 'internal branch', 'extensive experiments', 'degradation estimation', 'specific model'] 

Reference 810: ['blind super-resolution', 'external learning', 'internal learning', 'online updating'] 

TOP-K 811: ['image-level semantics', 'top-down signals', 'two-stage detectors', 'high-level contextual cues', ['object detection'], 'visual recognition', 'bottom-up signals', 'low-level features', 'detection head', 'future research', 'side path', 'powerful modules', 'object classes', 'little extra overheads.'] 

Reference 811: ['co-supervised', 'contextual cues', 'object detection'] 

TOP-K 812: ['end-to-end tool support', 'epistemic uncertainty.', ['quantitative verification'], 'service-bases systems', 'adaptive method', 'case studies', 'formal verification.', 'web applications', 'component unit'] 

Reference 812: ['confidence intervals', 'nonfunctional requirements', 'probabilistic model checking', 'quantitative verification', 'uncertainty reduction', 'unit testing'] 

TOP-K 813: ['public dynamic reliability', 'lsgdm problem.', 'knowledge-unit model', 'different decision bodies', 'novel information entropy measure', ['information fusion'], 'decision body', 'different decision bodies.', 'optimization model'] 

Reference 813: ['dynamic reliability', 'information fusion', 'large-scale group decision making', 'public participation', 'sentiment analysis'] 

TOP-K 814: ['adaptive precision training', 'neural network architectures', 'apt', 'quantised network', 'master copy.', 'model parameter', 'building blocks', 'limited accuracy loss.'] 

Reference 814: ['adaptive precision', 'edge ai', 'efficient training', 'neural network', 'parameter update'] 

TOP-K 815: ['fine-grained actions', 'action-independent gaussian mixture model', 'fine-grained action datasets', 'fine-grained actions.', 'mpii cooking2', 'trained aigmm.', 'variable-length patterns', 'local similarity', 'approach'] 

Reference 815: ['dynamic kernels', 'fine-grained action recognition', 'gaussian mixture model', 'spatio-temporal features'] 

TOP-K 816: ['hsi classification', 'multi-level contextual information', 'graph structural information', 'first gcn-based method', 'representation learning', 'graph reconstruction modules.', 'different region features', 'mutual benefit'] 

Reference 816: ['graph convolutional network', 'graph structural learning', 'graph-based machine learning', 'hyperspectral image classification', 'remote sensing'] 

TOP-K 817: [['federated learning'], 'blockchain-based management system', 'fair incentive mechanism'] 

Reference 817: ['attack detection', 'federated learning', 'incentive mechanism'] 

TOP-K 818: [['mmwave wifi'], 'machine learning', ['heuristic algorithms'], 'ml solution', 'static ap', 'access point mobility.', 'brute force', 'sight discovery', 'conventional methods', 'systematic solution'] 

Reference 818: ['heuristic algorithms', 'infrastructure mobility', 'machine learning (ml)', 'mmwave wifi'] 

TOP-K 819: ['high-quality airfoil mesh generation', 'mqnet-based meshing workflow', 'airfoil mesh samples.', 'mesh quality evaluation.', 'large-scale benchmark dataset'] 

Reference 819: ['benchmark dataset', 'deep neural network', 'mesh quality', 'numerical simulation'] 

TOP-K 820: ['dnn training', 'dnn training.', 'deep learning.', 'stale gradients.', 'high-performance computing platform.', 'big data application', 'stochastic error constraint', 'adaptive learning rate'] 

Reference 820: ['adaptive', 'distributed deep learning system', 'high-performance computing', 'momentum-driven', 'synchronization model'] 

TOP-K 821: ['adaptive opinion dynamics model', 'social network evolution rules', 'opinion adjustment rules', 'opinion clusters', 'local world opinions.', 'social relationship.', 'time steps', 'parameter impacts', 'integrated effects'] 

Reference 821: ['adaptive consensus reaching process', 'group decision making', 'opinion dynamics', 'social network'] 

TOP-K 822: ['inefficient feature extraction problem', 'novel three-step strategy', ['dns'], 'feature extraction efficiency'] 

Reference 822: ['dga', 'dns', 'feature selection', 'pu learning', 'reinforcement learning'] 

TOP-K 823: ['trusted execution environments', 'non-sensitive code', 'real-world software.', 'variable sensitivity analysis', 'compiler-based tool', 'sensitive program variables.'] 

Reference 823: ['code transformation', 'program analysis', 'tee'] 

TOP-K 824: ['parallel scalable dbscan algorithm', 'data partitioning', 'modern hpc architectures.', 'hybrid parallelization', 'spatial indexing', 'cluster merging.'] 

Reference 824: ['dbscan', 'density-based clustering', 'distributed-memory', 'parallel algorithm'] 

TOP-K 825: ['visual-to-eeg cross-modal knowledge distillation', 'eeg-based continuous emotion recognition', 'cross-modal knowledge distillation method', 'visual knowledge', 'eeg models', ['knowledge distillation'], 'visual knowledge.', 'continuous emotion recognition.', 'student model', 'student', 'knowledge distillation.', 'teacher', 'first work', 'statistical significance', 'standalone version'] 

Reference 825: ['continuous emotion recognition', 'cross-modality', 'knowledge distillation'] 

TOP-K 826: ['case', 'semantic interactivity', 'approximation accuracy.', 'local fidelity', 'comprehensible explanations.', 'feature dependence', 'meaningful information'] 

Reference 826: ['contextual and semantic interrogations', 'explainable artificial intelligence', 'explanatory understanding', 'human-like explanations', 'interpretable machine learning', 'topic modeling'] 

TOP-K 827: ['mental wellbeing', 'covid-19 remote work.', ['work engagement'], ['software professionals'], ['cross-sectional survey'], 'positive association'] 

Reference 827: ['covid-19', 'cross-sectional survey', 'home-based working', 'mental well-being', 'software professionals', 'work engagement'] 

TOP-K 828: ['relation-aware gat', 'web service classification.', 'real-world services', 'relationship information.'] 

Reference 828: ['attention mechanism', 'graph neural network', 'service discovery', 'web services'] 

TOP-K 829: ['texture descriptor', 'texture description.', ['taxonomic distinctiveness'], 'species diversity', 'abstract model'] 

Reference 829: ['pattern recognition', 'phylogenetic indices', 'species abundance', 'species richness', 'taxonomic distinctiveness', 'texture characterization and classification'] 

TOP-K 830: ['robotic visual-tactile perception tasks', 'robotic visual-tactile cross-modality', 'robotic visual-tactile tasks', 'new lifelong visual-tactile learning', 'modality-specific knowledge library', 'modality-invariant space', 'common intra-modality knowledge', 'sparse constraint', 'robotic visual-tactile tasks.', 'modality', 'lifelong learning manner.', 'tactile modalities', 'shared experience information', 'different tasks', 'shared complementary knowledge'] 

Reference 830: ['cross-modality learning', 'lifelong machine learning', 'multi-task learning', 'robotics', 'visual-tactile perception'] 

TOP-K 831: ['ml2asr', 'real self-adaptive systems', 'adaptation spaces', 'adaptation space.', 'classic machine learning.', 'end users', 'formal foundation.', 'efficient analysis', 'negligible effects', 'overall system'] 

Reference 831: ['adaptation space reduction', 'analysis', 'machine learning', 'self-adaptation'] 

TOP-K 832: [['hilbert space-filling curve'], 'non-uniform particle distribution', 'non-uniform mesh.', 'simulation run-time.', 'greater benefit'] 

Reference 832: ['dynamic load balancing', 'hilbert space-filling curve', 'over decomposition', 'particle simulation'] 

TOP-K 833: ['cross-modality vi-preid.', 'person re-id.', 'person mask prediction branch', 'multi-task learning model', ['person body information'], 'vi-preid branch', 'task translation module', 'different recognition task', 'individual branch'] 

Reference 833: ['cross-modality person re-identification', 'multi-task learning', 'person body information'] 

TOP-K 834: [['machine learning'], 'data analytics', 'batch scheduling.', 'simple qualitative analysis', 'extensive experimental campaign', 'different traces', 'various machines'] 

Reference 834: ['classification', 'hpc', 'machine learning', 'online scheduling'] 

TOP-K 835: ['quantum programming challenges.', 'future research directions', 'quantum technologies', 'large-scale mining study', 'quantum developers'] 

Reference 835: ['empirical software engineering', 'quantum computing', 'software engineering for quantum programming'] 

TOP-K 836: [['artificial datasets'], 'new data synthesis method', 'high quality data', 'classification accuracy', 'previous data synthesis method', ['artificial dataset'], 'linear algebra techniques.', 'new method', 'original dataset.', 'original correlations.'] 

Reference 836: ['artificial dataset', 'correlation', 'data synthesis', 'random noise'] 

TOP-K 837: [['trust evaluation'], 'trust evaluation models', 'unified trust evaluation.', 'granular demands', 'model training time', 'honest users', 'punishment mechanism'] 

Reference 837: ['data fusion', 'deep reinforcement learning', 'internet of things', 'privacy preservation', 'transfer learning', 'trust evaluation'] 

TOP-K 838: ['novel dc_mdpr method', 'state-of-the-art methods', 'discriminative palmprint recognition.', 'double-cohesion strategy', 'multiview palmprint information.', 'inter-view cohesion', 'intra-class cohesion', 'intra-class features.', 'different views.', 'margins'] 

Reference 838: ['discriminant projection', 'double-cohesion learning', 'multiview learning', 'palmprint recognition'] 

TOP-K 839: ['online action detection model', ['knowledge distillation'], 'online action detection.', 'knowledge distillation.', ['curriculum learning'], 'privileged information.', 'partial hidden features', 'early stage'] 

Reference 839: ['curriculum learning', 'knowledge distillation', 'online action detection', 'privileged information'] 

TOP-K 840: ['deep learning-based approaches', 'recurrent neural networks', 'code clones.', 'different languages', 'high performance.', 'little work'] 

Reference 840: ['code clone', 'code smell', 'deep learning', 'duplicate code', 'literature review', 'machine learning'] 

TOP-K 841: ['novel sparse capsule network', 'sparse capsnet.', 'new stochastic proximal algorithm', 'filter-wise sparsity', 'weight compression.', 'numerical experiments', 'explicit regularizer'] 

Reference 841: ['capsule network', 'model compression', 'proximal gradient descent', 'sparse regularization'] 

TOP-K 842: ['data processing', 'api usage knowledge', 'configuration', 'question types', 'data abstraction', 'common questions.', 'spark development.', 'main root causes'] 

Reference 842: ['big data system', 'empirical study', 'stack overflow'] 

TOP-K 843: [['limited trust propagation'], 'two-stage aggregation model', 'propagation efficiency-based trust degree', 'node degree.', 'centrality index', 'feedback mechanism', 'individual attitudes'] 

Reference 843: ['behavioral characteristic', 'consensus reaching process', 'consistency', 'limited trust propagation', 'social network analysis'] 

TOP-K 844: [['label noise'], 'dynamic selection algorithms', 'classification algorithms.', ['dynamic selection'], ['ensemble methods'], 'possible way'] 

Reference 844: ['bagging', 'dynamic selection', 'ensemble methods', 'label noise', 'multiple classifier systems'] 

TOP-K 845: ['hybrid trust network', 'trust network-based modifications', 'dual-path feedback mechanism', 'consensus model', 'adjustment cost', 'consensus efficiency.'] 

Reference 845: ['dynamic decision-making', 'feedback mechanism', 'intuitionistic fuzzy sets', 'multi-attribute group decision-making', 'trust network'] 

TOP-K 846: ['attention-aware sampling method', 'deep reinforcement learning.', 'benchmark datasets', 'discriminative frames', 'key frames', ['pseudo labels'], 'competitive results', 'reward supervision.', 'agent'] 

Reference 846: ['action recognition', 'deep learning', 'pseudo labels', 'reinforcement learning'] 

TOP-K 847: [['renewable energy'], 'cloud data centers.', ['energy consumption'], 'carbon footprint.', 'baseline algorithms'] 

Reference 847: ['carbon emission', 'energy consumption', 'renewable energy', 'virtual machine placement'] 

TOP-K 848: ['dilated causal convolutions', 'novel driver identification method', 'driver embeddings.', 'time series classification models', 'unsupervised latent representation learning.', 'novel encoder architecture', 'method', 'driver identification schemes.', 'novel strategy'] 

Reference 848: ['deep learning', 'driver embeddings', 'driver recognition', 'driving behavior analysis'] 

TOP-K 849: [['architectural search'], 'nas algorithms', 'morphological procedures', ['edge detection'], 'morphological layers', 'novel procedures', 'sub-pixel convolutions', ['mathematical morphology'], 'architecture', 'pseudo-morphological operations', 'state-of-the-art performance', 'deep networks', 'current issues', 'conventional convolutional layers.', 'standard convolution layers.'] 

Reference 849: ['architecture search', 'deep learning', 'edge detection', 'mathematical morphology', 'semantic segmentation'] 

TOP-K 850: [['technical debt'], 'requirement technical debt.', 'new research'] 

Reference 850: ['identification', 'measurement', 'requirements technical debt', 'systematic literature review', 'technical debt'] 

TOP-K 851: ['dynamic smooth label assignment', 'ms coco', 'popular anchor-free detectors', 'iou score', 'quality estimation', ['centerness score'], 'dynamic smooth label.', 'smooth label', 'interval relaxation strategy', 'comprehensive experiments', 'continuous value.'] 

Reference 851: ['centerness score', 'convolutional neural network', 'intersection-of-union', 'object detection'] 

TOP-K 852: ['slreo', 'olsda method', 'l2,1-norm constraint', 'pseudo-label information', 'clustering index matrix', 'feature selection', ['uncorrelated constraint'], 'latent representation', 'discriminative features', 'clustering indicators.', 'latent representation space', 'non-zero rows', 'data', 'non-negative manifold structure.', 'latent representation matrix'] 

Reference 852: ['olsda', 'pseudo-labels', 'sparse latent representation', 'uncorrelated constraints', 'unsupervised feature selection'] 

TOP-K 853: [['complex shearlets'], ['corner detection'], 'new phase congruence model', 'new rotation-normalized tensor', 'current shearlets.', 'phase information', 'noise tolerance.', 'high localization ability', 'work yields improvements'] 

Reference 853: ['complex shearlets', 'corner detection', 'multi-scale analysis', 'phase congruence', 'rotary structure tensor'] 

TOP-K 854: ['siamese inference network', 'contrastive learning', ['face completion'], 'state-of-the-art methods', 'face verification', 'feature interdependencies', 'complex mask patterns.', 'rich texture information', 'dense correspondence field', 'reasonable topological structural information', 'representation learning', '3d surface spaces', 'rich texture', 'standard datasets', 'structural information'] 

Reference 854: ['3d face analysis', 'attention mechanism', 'face completion', 'unsupervised learning'] 

TOP-K 855: ['real-time traffic data', 'traffic prediction', 'ctmc traffic model', 'prediction accuracy', 'efficient urban traffic prediction.', 'prediction accuracy.', ['markov chains'], 'basic queue models.'] 

Reference 855: ['its', 'markov chain', 'mobility model', 'queuing theory', 'vanet'] 

TOP-K 856: [['self-supervised learning'], 'previous llp solvers', ['self-ensemble strategy'], 'orthogonal matrix transformation', 'tabular datasets', 'self-ensemble mechanisms', 'self-supervised mechanism', 'rotation-based self-supervised strategy.', 'weakly-supervised labels.', 'training process', 'multiple previous network evaluations.'] 

Reference 856: ['learning from label proportion', 'multi-task learning', 'self-ensemble strategy', 'self-supervised learning'] 

TOP-K 857: ['software clustering algorithms.', 'optimum software clustering algorithm', 'bunch-based software clustering algorithms.', 'different software.'] 

Reference 857: ['architecture recovery', 'feature extraction', 'footprint visualisation', 'software clustering', 'software remodularisation'] 

TOP-K 858: ['energy harvesting system', 'energy management schemes', 'various rechargeable batteries', 'future resesrach directions', 'various energy management schemes', 'energy harvesting system.', ['energy harvesting awareness'], 'energy saving algorithm.', 'various challenging issues', 'presentation'] 

Reference 858: ['energy harvesting awareness', 'energy management', 'renewable energy harvesting', 'solar energy harvesting', 'wind energy harvesting', 'wireless sensor networks'] 

TOP-K 859: [['anaphora resolution'], 'related datasets', 'research methods', 'coreference resolution.', 'comprehensive literature review', 'evaluation metrics', 'entity resolution.', 'detailed analysis', 'different types', 'first complete survey'] 

Reference 859: ['anaphora resolution', 'coreference resolution', 'deep learning', 'natural language processing', 'sentiment analysis'] 

TOP-K 860: ['image fusion quality measure', 'tsallis entropy.', ['theoretical analysis'], 'quality measure', 'real images', 'quality measure.', 'closed form expression'] 

Reference 860: ['image fusion', 'mutual information', 'quality assessment', 'theoretical analysis', 'tsallis entropy'] 

TOP-K 861: ['signal analysis', 'paroxysmal arrhythmias.', 'accuracy improvement', 'temporal fusion', 'irregular signal segments', 'memory consumption', 'detection'] 

Reference 861: ['arrhythmia detection', 'attention module', 'convolutional neural network', 'recurrent cells', 'spatial temporal fusion'] 

TOP-K 862: ['gsvdd', 'multi-class svdd procedures', 'svdd procedure', 'multi-class data', 'n hyperspheres', 'probabilistic information', 'class information', 'probabilistic interpretation', 'procedure', 'probabilistic behavior', 'prior knowledge', 'corresponding observations'] 

Reference 862: ['anomaly detection', 'bayesian statistics', 'multimode process', 'support vector data description'] 

TOP-K 863: ['arbitrary fuzzy relation', 'diversified attribute set.', 'different evaluation index set', 'multiple attribute group decision', 'established model.', 'theoretical aspect'] 

Reference 863: ['diversified binary fuzzy relation', 'fuzzy multigranulation rough set', 'multiple attribute group decision making', 'rough set', 'two universes'] 

TOP-K 864: [['multi-source fusion'], 'human experts', 'ordinal scale', 'information', 'ordinal scale.', 'ordinal environment', 'uncertain variable'] 

Reference 864: ['fuzzy measure', 'linguistically expressed', 'multi-source fusion', 'ordinal information'] 

TOP-K 865: ['recursive computations', 'cuda', 'modern gpus', 'openacc implementations', 'language-based optimization techniques', 'new algorithmic approach', 'recursive prngs.', 'shared memory', 'global memory.', 'case study', 'excellent performance'] 

Reference 865: ['algorithmic approach', 'openmp, openacc and cuda', 'pseudorandom numbers', 'recursive generators', 'vectorization'] 

TOP-K 866: ['multiscale decomposition', 'feature extraction', 'real images.', 'feature selection', 'user interaction', 'grabcut model', 'significant improvement'] 

Reference 866: ['grabcut', 'image segmentation', 'inhomogeneity', 'multiscale feature', 'total variation regularization'] 

TOP-K 867: ['ivn system', 'verification tools.', 'framework.', 'design phase', 'response time', 'appropriate abstraction'] 

Reference 867: ['can', 'flexray', 'in-vehicle networking systems', 'model checking', 'uppaal'] 

TOP-K 868: ['kulla-structs', 'coupling kulla-structs.', 'parallel/distributed patterns', 'chained apps', 'parallel processing structures.', 'data distribution.', 'resource profitability'] 

Reference 868: ['construction model', 'infrastructure-agnostic applications', 'parallel patterns', 'pipelines', 'virtual containers'] 

TOP-K 869: ['edgekv', 'centralized cloud storage', 'data locality', 'hierarchical design', 'network edge.', 'prototype implementation', 'application requirements.', 'different latency guarantees', 'strong consistency.'] 

Reference 869: ['consistency', 'dht', 'distributed systems', 'edge computing', 'key–value store'] 

TOP-K 870: ['s-box lookup strategy', 'data layout', 'data parallelism', 'nonvectorized memory access.', 'simd operations', 'scale aes operations', 'new mechanisms', 'different scenarios', 'computing processor elements', 'many nodes', 'computing processor element.'] 

Reference 870: ['aes algorithm', 'high-performance computing', 'parallelism', 'supercomputer', 'vectorization'] 

TOP-K 871: ['safety-critical aspects', 'industrial cyber', 'technology readiness scale', 'physical systems', 'mature techniques', 'industrial control sectors.', 'profiles fault'] 

Reference 871: ['aerospace', 'automotive', 'avionics', 'faults', 'industrial control', 'industrial cyber–physical systems'] 

TOP-K 872: ['finer-grained repositories', 'max f-measure', 'technique', 'short time', 'large ones'] 

Reference 872: ['mining software repositories', 'source code analysis', 'tracking java methods'] 

TOP-K 873: ['rup', 'academic studies', ['scrum'], 'configuration projects', 'scrum method application', 'configuration projects.', 'negative effects'] 

Reference 873: ['agile', 'product configuration systems (pcss)', 'rational unified process (rup)', 'scrum'] 

TOP-K 874: ['vmi clustering', 'semantics-aware vmi decomposition method', 'vmi retrieval performance', 'novel semantic model', 'scalability analysis', 'low similarity computation overheads.', 'vmi assembly', 'vmi publishing', 'structured graphs.', 'selective package retrieval.', 'costly content deduplication.', 'compatible base image', 'repository size', 'repository size upto'] 

Reference 874: ['semantic similarity', 'storage optimization', 'virtual machine image management', 'virtual machine image publishing', 'virtual machine image retrieval'] 

TOP-K 875: ['identifiers.', 'list identifiers.', 'state-of-the-art part', 'source code.', 'multi-functional use', 'structures'] 

Reference 875: ['identifier naming', 'part-of-speech tagging', 'program comprehension', 'software maintenance', 'source code analysis'] 

TOP-K 876: ['msope scheme', 'actual cloud-based ehealth systems', 'ind-msocpa security notion.', 'cloud-based ehealth systems.', 'extensive performance evaluations', 'formal security proof'] 

Reference 876: ['electronic health record', 'order-preserving encryption', 'privacy-preserving range query'] 

TOP-K 877: ['task features', 'dynamic checkpoint intervals', 'resource wastage', 'global checkpointing', 'better tet', 'unsupervised estimation', 'faulty environments', 'replication estimates', 'heft variants.', 'resource usage.', 'replication counts.', 'prior heft'] 

Reference 877: ['checkpointing', 'clustering', 'clustering', 'resubmission', 'workflow scheduling'] 

TOP-K 878: ['faas performance.', 'faas platform overhead.', 'future faas studies', 'cpu speed', 'different platform configurations.', 'studies', 'highlights methodological suggestions', 'industrial studies'] 

Reference 878: ['benchmarking', 'cloud computing', 'function-as-a-service', 'multivocal literature review', 'performance', 'serverless'] 

TOP-K 879: ['iot-based osa diagnosis', 'iot supportive technologies', 'intelligent things', 'ai usage', 'new terminology'] 

Reference 879: ['artificial intelligence', 'internet of intelligent things', 'internet of things', 'obstructive sleep apnea', 'optimization', 'remote diagnosis'] 

TOP-K 880: [['generative adversarial network'], 'adversarial learning', 'unsupervised domain adaptation.', 'model', 'target domain data', 'joint feature distribution', 'attention module', 'feature extractor f', 'transferable regions', 'target domains.', 'negative transfer', 'category information', 'efficient method', 'target images.', 'excellent result'] 

Reference 880: ['attention learning', 'generated adversarial network', 'pseudo labels', 'unsupervised domain adaptation'] 

TOP-K 881: ['bi-directional parallel lstms', 'tap task', 're-ranking network', 'contextual information', 'initial proposal generation', 'challenging datasets', 'video unit', 'initial proposals', 'visual features', 'contextual information.', 're-ranking phases.', 'extensive experiments', 'initial actionness scores.', 'full use'] 

Reference 881: ['deep learning', 'temporal action proposal generation and detection', 'untrimmed video analysis'] 

TOP-K 882: ['omg-compliant modeling framework', 'soa-based iot systems.', 'software engineers', 'framework', 'software engineers.', 'proof-of-concept shows'] 

Reference 882: ['application', 'internet of things', 'model-driven development', 'service-oriented architecture'] 

TOP-K 883: ['machine learning application', 'wavelet-based selective encryption method', 'high frequency band', 'ecg data privacy', 'low frequency band', 'selective encryption design.'] 

Reference 883: ['ecg fusion', 'machine learning', 'privacy', 'selective encryption', 'svm'] 

TOP-K 884: ['unit tests', 'non-descriptive test names', 'test patterns', 'pattern-based approach', 'non-descriptive test names.', 'non-descriptive names.'] 

Reference 884: ['documentation', 'software quality', 'software testing'] 

TOP-K 885: [['reinforcement learning'], 'continuous integration testing', 'continuous integration testing.', 'reward', 'reward strategies', 'rewards functions', 'systematic research', 'historical information', 'different usages'] 

Reference 885: ['continuous integration', 'reinforcement learning', 'reward policy', 'test case prioritization'] 

TOP-K 886: ['gaussian components', 'novel self-triggered strategy', 'optic-electric sensor network', 'communication cost.', 'novel method'] 

Reference 886: ['distributed estimation', 'gaussian mixture', 'self-triggered strategy', 'square-root cubature information filter'] 

TOP-K 887: [['big data'], 'outsourced data', 'encrypted computations', 'homomorphic encryption', 'analytic tasks', 'cloud computing.', 'several distributed-based applications.', 'analytics framework', 'analysis accuracy', 'analytics approach', 'high level', 'performance overhead'] 

Reference 887: ['big data', 'cloud computing', 'distributed analytic', 'fully homomorphic encryption'] 

TOP-K 888: ['heterogeneous parallelisation strategies', 'low-power hcps', 'mdp representation', 'real-world mpd sizes.', 'gpu heterogeneous implementations.', 'autonomous navigation use-case', 'value iteration algorithm.', 'computation time', 'sound statistic analysis'] 

Reference 888: ['low-power heterogeneous architectures', 'markov decision processes', 'mobile robot navigation', 'sequential decision making under uncertainty', 'value iteration'] 

TOP-K 889: ['asymmetric disjunction.', 'left-right order', 'soft predicates', 'duality principle', 'full axiomatization', 'diverse real-word needs', 'dual case', 'else connective.', 'possible connective.'] 

Reference 889: ['and if possible operators', 'averaging functions', 'axiomatization', 'continuous and non–continuous fusion functions', 'or else operators'] 

TOP-K 890: ['hybrid anomaly-based ids', 'energy architecture.', 'approach'] 

Reference 890: ['anomaly-based intrusion detection', 'internet of energy', 'intrusion detection', 'machine learning', 'smart grid'] 

TOP-K 891: [['non-negative matrix factorization'], 'method', 'optimization algorithm', 'shared common mode', 'numerous experiments'] 

Reference 891: ['classification', 'coupled matrix factorization', 'feature selection', 'multi-label learning', 'non-negative matrix factorization'] 

TOP-K 892: ['dimensionality reduction techniques', 'high dimensional data issues', 'appropriate dimensionality reduction techniques', 'non-linear dimensionality reduction techniques.', 'suitable dimensionality reduction techniques', 'open issues', 'different application.', 'diverse types'] 

Reference 892: ['dimensionality reduction', 'features', 'high dimensional data', 'linear techniques', 'nonlinear techniques'] 

TOP-K 893: ['natural scene multi-oriented text', 'text detection', 'detection f-score', 'feature extraction block', 'chained residual pooling unit', 'feature refining block', 'deep model', 'residual convolution unit', 'prediction block.', 'scale variation.'] 

Reference 893: ['one-stage', 'scale robust', 'scene text detection'] 

TOP-K 894: [['depth reconstruction'], 'reconstructed depth image', 'texture-copy artifacts', 'closed-form solution', 'reliable depth image', 'spatial consistency', 'fine details', 'fine details.', 'depth refinement process.', 'clear edges'] 

Reference 894: ['depth reconstruction', 'edge-preserving', 'image denoising', 'markov random field', 'matting laplacian', 'shape from focus'] 

TOP-K 895: ['state-of-the-art techniques', 'gaussian noise.', 'methods', 'extensive experimental analysis', 'various domains.', 'exhaustive survey'] 

Reference 895: ['denoising', 'filters', 'hybrid', 'psnr', 'spatial', 'transform'] 

TOP-K 896: [['kalman filter'], 'target tracking.', 'algorithm', 'local consistency', 'communication cost', 'guarantees asymptotic convergence', 'tracking performance.', 'great balance'] 

Reference 896: ['distributed estimation', 'gossip process', 'information weighted fusion', 'kalman filter', 'sample greedy'] 

TOP-K 897: ['spatio-temporal gait feature', 'high recognition rate', 'low dimensional feature', 'body joints', 'dedicated features'] 

Reference 897: ['gait recognition', 'human body pose', 'spatio-temporal feature'] 

TOP-K 898: ['energy cloud', 'network performance', 'energy usage', 'machine learning.', 'related subtopics', 'survey mechanism', 'scheduling elephant flows', 'study surveys'] 

Reference 898: ['detection', 'elephant flows', 'modeling', 'scheduling', 'software defined energy cloud'] 

TOP-K 899: ['msl-centric framework.', 'virtual smart home', 'formal semantics', 'mape patterns.', 'adaptive control', 'case study'] 

Reference 899: ['adaptive smart home systems', 'architecture-based self-adaptation', 'mape-k pattern loops', 'pattern-oriented modeling', 'self-adaptive asms'] 

TOP-K 900: ['shared temporal cognitions', 'tms', 'transactive memory systems', 'spt performance', ['spt effectiveness'], 'conflictual spt context.', 'software process', 'task conflict.', 'research model', 'effects'] 

Reference 900: ['shared temporal cognitions (stc)', 'software process tailoring (spt)', 'spt effectiveness', 'spt efficiency', 'task conflict', 'transactive memory system (tms)'] 

TOP-K 901: ['parrondo switching', 'traffic flow', ['traffic network'], ['fusion process'], 'phase transition.', ['ising model']] 

Reference 901: ['fusion process', 'information flow', 'ising model', 'social dynamics', 'traffic network', 'urban flow'] 

TOP-K 902: ['real-world smart building security', 'sysml extension modeling language', 'multi-agent systems', 'security extension', 'protocol-based study'] 

Reference 902: ['model driven engineering', 'multi-agent systems simulation', 'security modeling and analysis', 'smart buildings', 'software architecture', 'systems-of-systems'] 

TOP-K 903: ['object association', 'association ambiguity', 'hierarchical credal fusion', '3d lidar data', 'kitti database', 'vehicular perception.', 'management fusion rules.', 'robust modeling', 'intensive analysis'] 

Reference 903: ['autonomous vehicles', 'evidence theory', 'hierarchical fusion', 'multi-attribute modeling/fusion', 'multiple object association'] 

TOP-K 904: ['cloud computing.', 'fine-grained search permission'] 

Reference 904: ['attribute-based encryption', 'authorized keyword search', 'cloud computing', 'search permission update', 'secure search'] 

TOP-K 905: ['polsar image classification', 'complex cnn', ['complex contourlet-cnn'], 'convolutional layer', 'novel complex cnn', 'normalization layer', 'fully-connected layer', 'activation function', 'operation rules', 'extract robust discriminative features', 'complex field.', 'multiresolution properties.'] 

Reference 905: ['complex contourlet-cnn', 'multiscale deep contourlet filter banks', 'polarimetric sarimage classification'] 

TOP-K 906: ['business-aware iot applications.', 'iot domain concepts.', 'iot reference model', 'flexible architecture', 'empirical evaluation', 'good acceptance'] 

Reference 906: ['business process', 'internet of things', 'iot architecture', 'situation-awareness', 'wireless sensor networks'] 

TOP-K 907: [['handwritten chinese text detection'], 'new large-scale scut-hccdoc dataset', 'text line detection', 'state-of-the-art methods', 'image level', 'end-to-end text spotting.', 'text line recognition', 'benchmark testing', 'text level', 'natural images.', 'comprehensive analysis', 'character level.', 'baseline evaluation'] 

Reference 907: ['benchmark dataset', 'document analysis and recognition', 'handwritten chinese text detection', 'handwritten chinese text recognition'] 

TOP-K 908: ['inductive conformal anomaly detector', 'smfhnn cad', 'neighbor conformal anomaly detector', 'sequential multi-factor hausdorff'] 

Reference 908: ['anomaly behavior', 'multidimensional', 'online detection', 'trajectory'] 

TOP-K 909: ['td forecasting', 'ml models', 'future td evolution.', 'td evolution.', ['technical debt'], 'open source software projects.', 'repayment tasks.', 'first study', 'meaningful estimates'] 

Reference 909: ['empirical study', 'machine learning', 'technical debt', 'technical debt forecasting'] 

TOP-K 910: ['human activities', 'time windows', 'recognition accuracy', 'different time duration.', 'work addresses recognition', 'window method'] 

Reference 910: ['activity recognition', 'adaptive sliding window', 'multivariate gauss distribution', 'sitting posture', 'smart cushion'] 

TOP-K 911: ['optimal channel selection technique', 'inter-cluster data forwarding', 'intelligent channel ranking.', 'energy-efficient spectrum', 'cluster head selection', 'energy balance.', 'relay selection technique', 'rotation technique'] 

Reference 911: ['clustering', 'cognitive radio sensor networks', 'energy efficiency', 'event driven', 'spectrum sensing'] 

TOP-K 912: ['unified hash codes', 'heterogeneous data', 'discrete deep matrix factorization', 'discrete optimization', 'quantization error', 'linear classification error term', 'complex structure'] 

Reference 912: ['cross-view hashing', 'matrix factorization', 'similarity search'] 

TOP-K 913: ['premise', 'cloud-based system.', 'low overhead', 'excellent precision', 'signature-based approaches.', 'approach combination', 'false positive rate.'] 

Reference 913: ['cloud computing', 'data analytics', 'failure prediction', 'machine learning', 'multi-tier distributed systems', 'self-healing systems'] 

TOP-K 914: [['testing activity allocation'], 'fault exposure.', 'periodic application'] 

Reference 914: ['covariates', 'non-homogeneous poisson process', 'proportional hazards model', 'software reliability growth model', 'software security', 'test activity allocation'] 

TOP-K 915: ['data placement problem', 'sla violation', 'data placement problem.', 'algorithm', 'network communication cost.'] 

Reference 915: ['data placement', 'latency', 'network cost', 'operational cost', 'sla'] 

TOP-K 916: ['oslc standards', 'industrial case study', ['testing automation'], 'existing/novel tools.', 'railway domain.'] 

Reference 916: ['critical systems', 'life-cycle collaboration', 'model based testing', 'oslc', 'testing automation'] 

TOP-K 917: ['novel multi-view co-clustering method', 'discrimination-compression rate.', 'new two-step sequential method', 'optimization problem', 'automatic weighting scheme'] 

Reference 917: ['information bottleneck', 'multi-view co-clustering', 'weighting'] 

TOP-K 918: ['resource provision problem', 'microsoft gps trajectory dataset', 'cost minimization', 'non-adaptive algorithm', 'different transmission cost model', 'ϵ-approximation algorithm', 'simple case', 'replication cost', 'transmission cost model', 'multiple replications', 'fog nodes', 'joint optimization methods', 'transmission cost', 'problem', 'mobike dataset'] 

Reference 918: ['cost-efficiency', 'fog computing', 'mobility', 'multiple users', 'resource provision'] 

TOP-K 919: ['global reputation', 'user behavior', 'pairwise trust', 'personalized feedback', 'social network.', 'novel framework', 'malicious agents.', 'rate interactions'] 

Reference 919: ['decision making', 'influence', 'opinion dynamics', 'reputation', 'social networks', 'trust'] 

TOP-K 920: ['multimodal co-learning', 'mcl', 'unimodal learning', 'unimodal learning.', 'empirical evidence.'] 

Reference 920: ['co-learning', 'multimodal learning', 'multimodal machine learning'] 

TOP-K 921: [['project management'], 'agile routines', 'government staff', 'code mistrust.', 'work fronts', 'market professionals', 'knowledge transfer.'] 

Reference 921: ['agile methodologies', 'e-government', 'free software', 'government-academia collaboration', 'open source software', 'project management'] 

TOP-K 922: ['afndcar scheme', 'forwarder nodes', 'packet aggregation', 'energy efficiency.', 'redundant data', 'extensive theoretical analysis', ['transmission delay'], ['duty cycle']] 

Reference 922: ['body sensor networks', 'data aggregation', 'duty cycle', 'energy efficiency', 'transmission delay'] 

TOP-K 923: ['deep features', 'multi-scale receptive fields', 'object detection', 'deep feature', 'inception modules', 'deep features.', 'new model', 'accurate detection results', 'contextual information', 'paper', 'wide range', 'full use', 'single layer level.', 'latter part'] 

Reference 923: ['deep feature learning', 'multi-scale', 'semantic and contextual information', 'small and occluded objects'] 

TOP-K 924: [['improvised explosive devices'], 'ai systems', 'robotic platform', 'dedicated sensor', 'accurate classification.', 'high number'] 

Reference 924: ['feature extraction', 'genetic fuzzy systems', 'improvised explosive device', 'land mine detection', 'neuroevolution', 'sensor fusion'] 

TOP-K 925: ['blockchain technology', 'cryptographic commitments', 'location proofs.', ['location privacy'], 'location data.', 'users', 'unique features', 'scheme collusion resistant.', 'protocol results'] 

Reference 925: ['distance bounding', 'location privacy', 'location proof', 'location-based services'] 

TOP-K 926: ['lexical information', 'lexical information.', 'new slicer', 'new variants', 'multiple operators.', 'approximate program'] 

Reference 926: ['lexical analysis', 'orbs', 'program slicing'] 

TOP-K 927: ['energy-efficient adaptive scheduling scheme', 'eass', 'mesh grid wsn', 'wireless sensor networks.', ['mesh grid'], 'data packets', 'energy cloud', 'novel scheme', 'limited resources', 'cautious consumption', 'uniform distribution', 'careful observation'] 

Reference 927: ['adaptive', 'energy-cloud', 'energy-efficiency', 'four-states', 'mesh grid'] 

TOP-K 928: [['counterfactual sets'], 'random forest tree predictors', 'new explanation technique', ['counterfactual set'], 'extract counterfactual sets', 'random forest.', 'interpretable representation.', 'single decision tree.'] 

Reference 928: ['counterfactual', 'counterfactual sets', 'decision tree', 'explainable machine learning', 'information fusion', 'random forest'] 

TOP-K 929: ['sod algorithm', 'multi-scale contextual information', 'benchmark datasets', 'global semantic context', 'enlarged receptive fields.', 'boundary details', 'bottom layers.'] 

Reference 929: ['convolutional neural networks', 'deep learning', 'residual learning', 'salient object detection'] 

TOP-K 930: [['convolutional neural networks'], 'convolutional neural networks.', 'deep learning-based methods', 'facial expression', 'competitive face recognition performance', 'convolutional layers', ['convolution kernels'], ['feature representation'], 'three-stage multi-structure filter', 'filter selection.', 'computational cost', 'linear combination', 'high robustness'] 

Reference 930: ['convolution kernels', 'convolutional neural networks', 'deep eigen-filters', 'face recognition', 'feature representation'] 

TOP-K 931: [['deep feature fusion'], 'adaptive discriminative metric learning.', 'different deep features', 'extensive experiments', 'common space', 'different linear transformations.', 'map different deep features'] 

Reference 931: ['adaptive discriminative metric learning', 'deep feature fusion', 'scene recognition'] 

TOP-K 932: ['naïve bayes', ['issue success'], 'successful issues.', 'referential phrases', 'logistic regression'] 

Reference 932: ['issue success', 'issue tracking system', 'machine learning', 'software development', 'software project'] 

TOP-K 933: ['q-learning-based framework', 'policy-cache-based method', 'shenzhen taxi system', 'service migration', 'mobile edges.', 'software-defined approach', 'prototype implementation', 'trace data', 'learning process', 'framework.', 'metro stations'] 

Reference 933: ['dynamic service migration', 'mobile edge computing', 'q-learning', 'reinforcement learning', 'software-defined networking'] 

TOP-K 934: ['sla violations', 'application placement policy', 'fog', ['pricing model'], 'compensation strategy', 'cloud environments.', 'cloud service providers.'] 

Reference 934: ['application placement', 'fog–cloud integration', 'internet of things', 'pricing model', 'profit-awareness'] 

TOP-K 935: ['scene recognition algorithms', ['scene recognition'], 'various scene recognition algorithms', 'feature transformation.', 'future directions', 'potential problems', 'different methods', 'current benchmarks', 'comprehensive survey'] 

Reference 935: ['convolutional neural networks', 'deep learning', 'discriminative region detection', 'patch feature encoding', 'scene recognition', 'spatial layout pattern learning'] 

TOP-K 936: ['consensus improvement algorithms', 'group decision', 'consensus level', 'actual situations.'] 

Reference 936: ['best consensus level', 'best consistency index', 'hesitant fuzzy linguistic preference relation', 'worst consensus level', 'worst consistency index'] 

TOP-K 937: ['quantum-like multimodal network framework', ['multimodal sentiment analysis'], 'extensive experiments'] 

Reference 937: ['human conversation', 'interactive dynamics', 'long short-term memory (lstm) network', 'multimodal sentiment analysis', 'quantum theory'] 

TOP-K 938: [['decision forests'], 'tree models', 'single decision trees.', 'tree', 'interpretable classifications', 'random forest.', 'new tree', 'source forest.'] 

Reference 938: ['classification trees', 'decision forest', 'ensemble learning'] 

TOP-K 939: ['model-driven approaches', 'future research directions', 'cyber', 'physical systems', 'physical systems.', 'systematic literature survey', 'major challenge.'] 

Reference 939: ['cyber–physical systems', 'literature survey', 'model-driven security', 'platform-specific', 'security modeling', 'systematic literature review'] 

TOP-K 940: ['duplication-based scheduling problem', 'optimality theorems', 'thorough performance evaluation', 'milp formulation'] 

Reference 940: ['makespan', 'mixed integer linear programming', 'multiprocessor', 'schedule', 'task duplication'] 

TOP-K 941: ['convolutional network', 'tree structure', 'bugs', 'different bug cause types.', 'n approach', 'bug fix.'] 

Reference 941: ['bug analysis', 'bug cause classification', 'fix tree', 'tbcnn'] 

TOP-K 942: ['classifier ensemble', 'multi-class problems.', 'disjoint datasets.', 'base learners', 'experimental evaluation', 'different classification tasks.', 'multiclass ann'] 

Reference 942: ['artificial neural networks', 'diversity', 'ensemble of classifiers', 'multiclass-classification tasks'] 

TOP-K 943: ['n-d non-gaussian pdfs', 'multi-gaussian shapes', 'probabilistic information', ['belief fusion'], 'grid-based fusion', 'decision-making method', 'certain problems', 'improving efficiency', 'little cost', 'useful modeling', 'full use'] 

Reference 943: ['bayesian inference', 'belief fusion', 'estimation', 'non-gaussian belief', 'probabilistic methods', 'sensor fusion'] 

TOP-K 944: ['state-of-the-art approaches', 'library novelty.', 'relevant third-party libraries.', 'different quality metrics', 'different dimensions.'] 

Reference 944: ['mining software repositories', 'open source software', 'recommender systems'] 

TOP-K 945: ['unsupervised method', 'spectral distortion', 'specific loss functions', 'ground truth', 'valuable information.', 'abundant details'] 

Reference 945: ['deep learning', 'generative adversarial network', 'image fusion', 'pan-sharpening', 'unsupervised learning'] 

TOP-K 946: ['energy-aware task scheduling approach', 'hybrid invasive weed optimization', 'fog computing.', 'qos factors', 'task scheduling approach', ['energy consumption'], 'cultural evolution algorithm', 'optimal solutions', 'maximum level'] 

Reference 946: ['dvfs', 'energy consumption', 'fog computing', 'meta-heuristic algorithm', 'task scheduling'] 

TOP-K 947: ['label misalignment problem', 'lp algorithm.', 'new label propagation algorithm', 'algorithm', 'pairwise constraints.'] 

Reference 947: ['cluster analysis', 'label propagation algorithm', 'pairwise constraint', 'semi-supervised clustering', 'spectral clustering'] 

TOP-K 948: ['discrete-time systems.', 'novel filter structure', 'extended kalman', ['random transmission delays'], 'error covariance.', ['packet disorders'], 'random delays.'] 

Reference 948: ['extended kalman filter', 'nonlinear systems', 'packet disorders', 'random transmission delays', 'recursive filtering scheme'] 

TOP-K 949: ['hyper-param tuning', 'life-long learning approach', ['framework'], 'ineffective tuning.', 'problem', 'many cases'] 

Reference 949: ['bayesian optimization', 'framework', 'hyper-parameter optimization', 'incremental learning', 'machine learning'] 

TOP-K 950: [['inner source software development'], 'inner source research', ['inner source'], 'in-depth review', 'key themes', 'framework analysis'] 

Reference 950: ['inner source', 'inner source software development', 'research agenda', 'systematic literature review'] 

TOP-K 951: ['mutual class potential', 'radial-based undersampling offers', 'computational complexity.'] 

Reference 951: ['classification', 'imbalanced data', 'machine learning', 'radial basis functions', 'undersampling'] 

TOP-K 952: ['recursive spectral clustering', 'near-convex 2d shape decomposition', 'novel shape signature', 'recursive decomposition process', 'visible protrusion strength'] 

Reference 952: ['convex decomposition', 'shape signature', 'spectral graph cut', 'visibility'] 

TOP-K 953: ['c++ framework kokkos', 'cross platform portability', 'various cpu/gpu architectures.', 'possible extrapolation', 'particle simulation algorithm', 'different architectures.', 'achievable performance', 'peak performance'] 

Reference 953: ['electrostatics', 'kokkos', 'particle algorithms', 'performance modelling', 'performance portability'] 

TOP-K 954: ['vision video quality', ['vision videos'], 'vision videos.', 'vision quality characteristics.', ['quality model'], 'characteristics', 'hierarchical decomposition', 'single process steps', 'video production.', 'overall quality'] 

Reference 954: ['production', 'quality characteristic', 'quality model', 'video', 'vision', 'vision video'] 

TOP-K 955: ['multitask learning', 'recurrent network', 'motion inference', ['video segmentation'], 'oral video sequence', 'unsupervised active learning.', 'probability mask transfer', 'temporal context', 'state-of-the-art approaches', 'multi-scale analysis.', 'sample selection', 'shining3d dental data', 'confidence interval.', 'next frame', 'new data'] 

Reference 955: ['computer vision', 'deep learning', 'video segmentation'] 

TOP-K 956: ['domain adaptation problems', ['domain adaptation'], 'within-domain normalization', 'linear classification problem', 'target domain', 'pseudo inverse.', 'novel model'] 

Reference 956: ['a−distance', 'domain adaptation', 'sparse filtering'] 

TOP-K 957: ['location-base attentional context', 'concept feature', 'aspect terms', 'experimental studies', 'task', 'first time.'] 

Reference 957: ['aspect grouping', 'deep learning', 'sentiment analysis', 'text feature fusion'] 

TOP-K 958: ['community oss project activity', 'project sustainability', 'pdf software interoperability.', 'technical decisions', 'decision types', 'software development', 'pdf specifications', 'dominant implementations.'] 

Reference 958: ['community open source software', 'portable document format', 'software implementation', 'software interoperability', 'standards'] 

TOP-K 959: ['bdpfccim algorithm', 'high dimensional biological datasets', 'efficient pruning strategy', 'effective pre-processing technique', 'row enumeration method.', 'insignificant features', 'insignificant rows.', 'minimum cardinality threshold.', 'mining search space', 'mine frequent colossal', 'efficient closure method', 'complete set', 'efficient utilization'] 

Reference 959: ['bioinformatics', 'closeness checking', 'distributed and parallel computing', 'high dimensional datasets', 'load balancing'] 

TOP-K 960: ['softmax multi-class regressors', ['deep learning'], 'neural networks', 'sparse matrices', 'flagging privacy/security breaches.', 'application behavior', 'building applications', 'zero-day malware', 'classification model', 'android platforms.'] 

Reference 960: ['android', 'autoencoders', 'deep learning', 'dynamic analysis', 'malware'] 

TOP-K 961: ['dcf design problem', 'optimisation algorithm', 'standard admm', 'light-weight deep representation', 'dcf paradigm', 'temporal smoothness constraint', 'complicated deep networks', 'adaptive initialisation mechanism', 'novel regularisation.', 'informative feature channels', 'acceleration gains', 'extensive evaluation', 'convergence rate.', 'transfer learning', 'tracking accuracy'] 

Reference 961: ['accelerated optimisation', 'alternating direction method of multipliers', 'discriminative correlation filters', 'visual object tracking'] 

TOP-K 962: ['cyclic models', 'alternative characterisations', 'limit test derivation algorithms', ['implementation relations'], 'observable actions'] 

Reference 962: ['cyclic systems', 'implementation relations', 'model-based testing'] 

TOP-K 963: ['gd-vae', 'data augmentation', 'image data sets', 'training instability', 'state-of-the-art models.', 'correlations', 'weighted objective function.', 'comprehensive experiments', 'complex distributions.'] 

Reference 963: ['component collapse', 'deep generative model', 'multi-modal latent representation', 'representation learning', 'variational autoencoder'] 

TOP-K 964: [['deep learning'], 'source code summarization approach', 'real-world android applications.', 'state-of-the-art approaches.', 'event-driven programs.', 'page rank', 'dynamic call graph.'] 

Reference 964: ['deep learning', 'event-driven programs', 'neural machine translation', 'source code summarization'] 

TOP-K 965: ['heart disease diagnosis', 'heart disease', 'heart disease diagnosis.', 'heart disease.', 'high-dimensional datasets', 'smart system', ['feature fusion'], 'traditional methods', 'heart treatment.', 'rich healthcare data', 'accurate prediction', 'valuable features'] 

Reference 965: ['deep learning', 'feature extraction', 'feature fusion', 'heart disease prediction', 'ontology'] 

TOP-K 966: ['cormen', 'performance analysis', 'parallel quicksort algorithm.', 'theoretical performance prediction', 'various implementations'] 

Reference 966: ['performance modeling', 'python', 'quicksort', 'teaching parallel programming'] 

TOP-K 967: ['mobile business applications', 'moweba mobile proposal', 'mobile business applications.', 'model-driven development approach', 'mobile application development experience', 'data persistence coverage', 'network connectivity problems.', 'data layer.', 'transformation rules', 'offline applications', 'windows phone applications.', 'data sources', 'first evaluation'] 

Reference 967: ['data layer', 'data persistence', 'data provider', 'mobile applications', 'model-driven development', 'model-driven mobile development'] 

TOP-K 968: [['spectral clustering'], 'julia-based parallel algorithm', ['parallel algorithm'], '24-core cpu'] 

Reference 968: ['clustering algorithm', 'julia language', 'multi-core processors', 'parallel algorithm', 'spectral clustering'] 

TOP-K 969: ['tsas network', 'deep reinforcement learning', 'real-time object tracking.', 'collaborative learning strategy', 'action-value functions', 'action classification', 'reinforcement learning', 'deep networks', 'three-step action', 'long-term information', 'object tracking.', 'localization delay', 'action steps', 'order', 'time steps.'] 

Reference 969: ['action search network', 'deep q-learning', 'object tracking'] 

TOP-K 970: ['related studies.', 'future work', 'section titles'] 

Reference 970: ['boilerplate', 'creativity in re', 'machine learning', 'natural language processing', 'requirements engineering', 'requirements reuse'] 

TOP-K 971: ['raeocsvms', 'newton-raphson method', 'robust adaboost', 'generalization error bounds', ['loss functions'], 'base classifiers.'] 

Reference 971: ['adaboost', 'loss function', 'one-class classification', 'one-class support vector machine'] 

TOP-K 972: ['fine-granular task-based load balancing', ['load balancing'], 'work-induced imbalances', 'performance improvements', 'dynamic variability', 'reactive task migration concept', 'performance prediction', 'modern hardware', 'online performance data.', 'novel library', 'hybrid mpi+o penmp codes.'] 

Reference 972: ['hybrid mpi+openmp', 'load balancing', 'reactivity', 'task migration', 'tasking'] 

TOP-K 973: ['mixed-integer quadratic programming-based framework', 'multiple linear regression', ['subset selection'], 'model validation', 'coefficient t-tests', 'subset', 'algorithmic approach', 'quality alternative subset', 'solution time', 'efficient cut'] 

Reference 973: ['mathematical programming', 'regression diagnostics', 'subset selection'] 

TOP-K 974: ['bds b1', 'sub-millimeter-level relative measuring accuracy', 'code hardware biases', 'bds triple-frequency ppp.', 'motion information', 'improving stability', 'b3 frequencies.'] 

Reference 974: ['beidou global navigation satellite system (bds)', 'inertial navigation system (ins)', 'odometer and heading measurement constraint', 'relative measuring accuracy', 'triple-frequency precise point positioning (tf-ppp)'] 

TOP-K 975: ['fp16 arithmetic', 'tensor cores', 'tensor cores.', 'half-complex matrices', 'numerical linear algebra.', 'matrix layouts', 'comprehensive auto-tuning', 'flexible abstraction layer', 'planar layouts', 'programming model limitations.', 'small sizes.', 'use'] 

Reference 975: ['batch linear algebra', 'gpu computing', 'half precision', 'matrix multiplication'] 

TOP-K 976: ['three-layered cognitive framework', 'security issues', 'sociotechnical system security.', 'problem domain ontology.', 'requirements engineering perspective', 'diverse knowledge sources', 'risk assessment', 'tool support', 'understand security requirements', 'diverse knowledge', 'systematic acquisition', 'security requirements recommendation'] 

Reference 976: ['ontology', 'requirements engineering', 'security'] 

TOP-K 977: [['scada systems'], 'multi-way rendez vouses', 'low-end hardware', 'multi-source information source systems.', ['scheduler'], 'solar power plant', 'rendez-vouses fair opportunities'] 

Reference 977: ['multi-source fusion', 'scada systems', 'schedulers'] 

TOP-K 978: ['tracklet-importance evaluation scheme', 'confusable tracklets.', ['representative-selection network'], 'tracklet-wise similarity.', 'mot dataset', 'noisy detections.'] 

Reference 978: ['multiple object tracking', 'representative-selection network', 'tracklet', 'tracklet-plane'] 

TOP-K 979: ['multi-focus image fusion.', 'patch-level consistency rectification strategy', 'cnnsr model', 'fusion method', 'compact non-negative dictionary', 'fusion process', 'fusion method.', ['high computation efficiency'], 'spatial artifacts.', 'local consistency', 'adjacent patches', 'small number'] 

Reference 979: ['compact non-negative dictionary construction', 'high computational efficiency', 'multi-focus image fusion', 'non-negative sparse representation', 'patch-level consistency rectification'] 

TOP-K 980: ['haar wavelet', 'four-class classification', 'two-class classification.', 'retinal images.', 'hierarchical classification method', 'basic classifiers.', 'feature extraction', 'comprehensive performance analysis', 'optimal threshold'] 

Reference 980: ['cataract detection', 'classification', 'improved haar wavelet', 'retinal images'] 

TOP-K 981: [['image block representation'], 'experimental results', 'fast image processing', 'multicore computers', 'computational efficiency', 'parallel implementation', 'theoretical predictions', 'significant speedups', ['parallel algorithm'], 'analysis algorithms.', 'theoretical analysis'] 

Reference 981: ['image block representation', 'karp–flatt metric', 'openmp', 'parallel algorithms', 'parallel computing'] 

TOP-K 982: ['clustering methods', 'new algorithm', 'cluster structure', 'experimental results', 'algorithm', 'real world data', 'clustering large data', 'arbitrary points', 'control parameters', 'linear time', 'robust statistics.', 'space complexity', 'comparable performance', 'good ability'] 

Reference 982: ['big data', 'cluster analysis', 'crisp) clustering', 'data mining', 'hard (conventional', 'nonparametric algorithms'] 

TOP-K 983: [['recurrent novel-class detector'], 'large-scale benchmark datasets', 'novel-class detection', 'multi-label classification', 'deep learning framework.', 'image features', ['streaming images'], 'practical deployment', 'unknown classes'] 

Reference 983: ['multi-label image classification', 'recurrent novel-class detector', 'streaming images'] 

TOP-K 984: ['novel slam method', 'public dataset kitti', ['keypoints'], 'markers', 'relocalization problem', 'visual ambiguity', 'fiducial markers.', 'method', 'map scale.', 'strategic locations', 'repetitive environments'] 

Reference 984: ['aruco', 'fiducial markers', 'keypoints', 'marker mapping', 'slam'] 

TOP-K 985: ['rao-backwellised particle filter.', 'dynamic sensor network', 'entropy reduction.', ['autonomous search'], 'source parameter estimation', 'turbulent flow', 'group coordination', 'platform control', 'multiple platforms', 'toxic release.', 'decentralised manner.'] 

Reference 985: ['autonomous search', 'decentralised multi-sensor fusion', 'infotaxi', 'sensor control', 'sequential monte carlo estimation'] 

TOP-K 986: ['multimodal emotion data sets', 'real-time mental healthcare system', 'fusion strategies', 'future research directions', 'features extraction', 'scientific problems'] 

Reference 986: ['artificial intelligence', 'data-driven emotion recognition', 'multimodal information fusion'] 

TOP-K 987: ['application-level slowdown', 'two-stage slowdown prediction model', 'kernel slowdown model', 'application slowdown', 'real-system gpus', 'hardware event statistics', 'per-sm counters', 'slowdown', 'spatial multitasking gpus.', 'pre-trained neural network.', 'sm-ipc curves.', 'two-stage piecewise function', 'user requirements', 'sm allocation engine reins', 'approximate kernels'] 

Reference 987: ['co-location', 'performance prediction', 'sharing gpu', 'slowdown prediction', 'spatial multitasking gpu'] 

TOP-K 988: ['adaptive clustering', 'within-cluster similarity-based fusion strategy', ['density peaks'], ['core fusion'], 'clustering complex', 'several benchmark complex datasets', 'core points', 'high performance', 'data points', 'density distribution', 'density thresholds.', 'meaningful clustering.', 'diverse shapes'] 

Reference 988: ['arbitrary density', 'arbitrary shape', 'clustering', 'core fusion', 'density peak'] 

TOP-K 989: ['image fusion method', ['local structural similarity'], 'adaptive filter scale', 'nonlinear filter.', 'image texture.', 'gradient field'] 

Reference 989: ['adaptive gradient filtering', 'image fusion', 'local structural similarity', 'multi-modal', 'structure tensor'] 

TOP-K 990: ['fmma/c', ['feedback mechanism'], 'open problems', 'complex group decision', 'classical group decision', ['minimum adjustment'], 'problems.'] 

Reference 990: ['consensus reaching process', 'feedback mechanism', 'group decision making', 'minimum adjustment', 'minimum cost', 'optimization model'] 

TOP-K 991: ['sparse body surface landmarks', 'end-to-end training', 'sparse landmarks', 'deep neural network', 'state-of-the-art human 3d', 'rgb image.', ['body shape'], 'hourglass network', 'detailed mesh', 'disambiguate joints', 'simple modifications', '3d locations', 'model parameters.', 'significant improvement', 'special constraints'] 

Reference 991: ['3d human pose', 'body shape', 'deep learning', 'denoising autoencoder', 'smpl', 'volumetric stack hourglass'] 

TOP-K 992: ['novel anonymous authentication protocol', 'key protection.', 'novel zero-knowledge proof', 'authentication key.'] 

Reference 992: ['anonymity', 'key protection', 'mobile internet', 'zero-knowledge protocols'] 

TOP-K 993: ['ux integration', 'verbose user stories', 'concise user stories', 'defensive behavior'] 

Reference 993: ['action research', 'agile software development', 'artifact', 'user experience', 'user story'] 

TOP-K 994: ['horizon estimation problem.', 'horizon estimation', 'bibliographical review', 'future research challenges', 'recent advances', 'basic idea'] 

Reference 994: ['dynamical systems', 'filtering', 'moving horizon estimation', 'multi-sensor information fusion', 'performance analysis', 'state estimation'] 

TOP-K 995: ['energy hole problem', 'energy consumption', 'entropy-driven aggregation', 'network lifetime', 'gradient deployment algorithm.'] 

Reference 995: ['data aggregation', 'entropy-driven', 'gradient', 'wsn'] 

TOP-K 996: ['swarm-based feature selection', 'kinect camera', 'kinect data', 'human activity recognition', 'novel data fusion framework', 'indirect field-of-view.', 'accurate har.', 'incremental decision table', 'sensor types', 'show har accuracy'] 

Reference 996: ['classification model', 'data mining', 'feature selection', 'kinect depth sensor', 'wearable sensor'] 

TOP-K 997: ['td management', 'td', 'negative effects technical debt', 'results', 'developer productivity', 'developers', 'morale', 'software work.', 'study'] 

Reference 997: ['developer morale', 'human factors', 'software development', 'software productivity', 'technical debt', 'technical debt management'] 

TOP-K 998: ['k-nearest neighborhood', 'dd', 'cased-based reasoning', 'cbr', 'tkdm', 'defect density', 'software processes.', 'prediction technique', 'similar projects.', 'first month'] 

Reference 998: ['case-based reasoning', 'isbsg', 'neural networks', 'software defect density prediction', 'support vector regression', 'transformed k-nearest neighborhood output distance minimization'] 

TOP-K 999: [['neural architecture search'], 'genetic programming', 'deep learning methods', 'hand-crafted saliency methods', 'neural network architectures.', 'deep learning methods.', 'candidate blueprints.', 'proper fusion'] 

Reference 999: ['evolutionary algorithms', 'neural architecture search', 'saliency fusion'] 

TOP-K 1000: ['multi-gpu reconstruction', 'large ct images', 'ct recons', 'local workstations', 'iterative methods', 'software tool', 'large reconstructions', 'novel way'] 

Reference 1000: ['computed tomography', 'iterative reconstruction', 'multi-gpu', 'software'] 

TOP-K 1001: ['deep neural network architecture', ['human activity recognition'], 'fusion framework', 'wearable sensors', 'mobile device sensors', 'image features'] 

Reference 1001: ['body sensor networks', 'deep residual network', 'human activity recognition', 'multi-sensor data fusion'] 

TOP-K 1002: ['iot workloads', 'xgboost-based model', 'low-level metrics', 'gene generator', 'enormous iot workloads', 'cloud environment', 'edge', 'various vm types', 'abstract user purposes', 'accurate performance prediction', 'cloud environment.', 'diverse requirements', 'general mode'] 

Reference 1002: ['cloud computing', 'edge computing', 'ensemble learning', 'internet of things', 'vm recommendation'] 

TOP-K 1003: ['autonomous source search', 'cooperative infotaxis', 'multiple mobile sensors', 'coordination methods', 'different levels'] 

Reference 1003: ['autonomous search', 'bayesian inference', 'dispersion modelling', 'multi-sensor network', 'sensor management', 'sequential monte carlo'] 

TOP-K 1004: ['iterative grow-merge procedure', 'planarity test', 'plane detection technique', 'planar patches', 'parameter tuning.', ['robust statistics']] 

Reference 1004: ['plane detection', 'region growing', 'robust statistics', 'unorganized point clouds'] 

TOP-K 1005: [['tuggraph'], 'simpletug approach', 'tuggraph method', 'segmentation hierarchy editing', 'popular tuggraph visualisation algorithm.', 'tuggraph implementations.'] 

Reference 1005: ['cluster hierarchy', 'graph visualisation', 'tuggraph', 'zipping algorithms'] 

TOP-K 1006: ['cdwe-blstm model', ['word embedding'], 'blstm models.', 'state-of-the-art results', 'new embedding', 'text classification.', 'machine translation.', 'models performance', 'new structure'] 

Reference 1006: ['multi-prototype', 'natural language processing', 'neural network', 'word embedding'] 

TOP-K 1007: ['microservice architectures', ['root cause analysis'], 'microservice architectures.', 'machine learning', 'graph structures.', 'real experiments', 'cause analysis'] 

Reference 1007: ['containers', 'graphs', 'microservices', 'root cause analysis', 'soa'] 

TOP-K 1008: ['ai skin prototype system', 'skin disease', 'medical ai framework', 'individualized diagnosis service', ['data width evolution'], 'different groups.'] 

Reference 1008: ['data width evolution', 'deep learning model', 'self-learning process', 'skin disease recognition'] 

TOP-K 1009: ['multimodal data sets', 'multimodal data.', 'individual hash codes', 'method', 'individual matrix factorization', 'effective optimization algorithm', 'extensive experimental results'] 

Reference 1009: ['cross-modal', 'hashing', 'matrix factorization', 'multimodal', 'retrieval'] 

TOP-K 1010: ['cnn_text_word2vec', 'chinese twitter', 'microblog text features.', 'different semantic units', 'word vectors', 'emotional classification model.'] 

Reference 1010: ['convolutional neural network', 'emotional analysis', 'microblog short text', 'word2vec'] 

TOP-K 1011: ['online heart monitoring systems.', 'iot-based techniques', 'remote technologies', 'cardiac patient', 'open issues', 'recent systematic survey', 'health professionals'] 

Reference 1011: ['bio sensors', 'heart', 'internet of health things', 'online monitoring', 'reference model'] 

TOP-K 1012: ['kernel hilbert space', 'intra-class compactness', ['inter-class separability'], 'kernel onpda', 'patch embedding.', 'intra-class compactness loss.', 'intra-class structure', 'intra-class structure information', 'nonlinear maps', 'fast-orthogonal strategy', 'orthogonal columns.', 'projection matrix'] 

Reference 1012: ['face recognition', 'inter-class separability', 'neighborhood preserving', 'orthogonal projection', 'patch alignment'] 

TOP-K 1013: ['deep fully-connected neural networks', 'hpc asynchronous workflow', 'neural network optimization.', 'model generation', 'non-linear mapping.', 'evolutionary algorithms', 'architecture design', 'appropriate learning.', 'representative objectives', 'critical components', 'systematic methods'] 

Reference 1013: ['deep learning', 'deep neural networks', 'evolutionary optimization', 'high performance computing', 'virtual sensors'] 

TOP-K 1014: [['cloud ontologies'], 'cloud services', 'cloudfnf ontology', 'cloudfnf ontology.', 'ontology', 'cloud ontology evaluation criteria', 'cloud concepts', 'explicit semantic model', 'non-functional features'] 

Reference 1014: ['cloud computing', 'cloud ontology', 'cloud service recommendation', 'cloud taxonomy', 'qos'] 

TOP-K 1015: ['network intrusion detection.', 'data parallelism.', 'new algorithm', 'parallel platforms', 'multiple pattern', 'significant throughput improvements', 'analytical model'] 

Reference 1015: ['gather', 'pattern matching', 'simd', 'vectorization'] 

TOP-K 1016: ['dqpfs algorithm', ['big data'], 'big datasets', 'scalable feature selection', 'experimental study', 'direlief algorithm', 'real cluster', 'execution time'] 

Reference 1016: ['apache spark', 'big data', 'feature ranking', 'feature selection', 'quadratic programming'] 

TOP-K 1017: ['multimodal information fusion', ['cascaded span network'], 'experimental results', 'stereoscopic salient object detection.', 'csn', 'fusion method', 'color cues', 'multiscale features', 'different modalities', 'extensive experiments', 'feature complementarity', 'systematic way', 'effective module', 'span unit', 'different layers.'] 

Reference 1017: ['cascaded span network', 'coupled cnn', 'salient object detection', 'stereoscopic images'] 

TOP-K 1018: ['multi-sensor linear discrete systems.', 'optimal linear fusion estimators', 'fusion filter', 'linear fusion algorithms', 'lumv criterion.', ['feedback'], 'steady-state property', 'different gains'] 

Reference 1018: ['cross-covariance matrix', 'distributed linear fusion estimation', 'feedback', 'multi-sensor system', 'steady-state estimator'] 

TOP-K 1019: ['conditional adaptation networks', 'cross-domain image classification.', 'class prior bias problems', 'conditional adaptation.', 'label correlation transfer algorithm', 'categories mismatch', 'domain information.'] 

Reference 1019: ['conditional domain adaptation', 'deep learning', 'label transfer', 'unsupervised learning'] 

TOP-K 1020: ['reusable services', 'multiple software products.', 'product variants', ['software families'], 'large size', 'multiple products.'] 

Reference 1020: ['object-oriented source code', 'reverse engineering', 'service-oriented reengineering', 'software families', 'software reuse', 'variability'] 

TOP-K 1021: ['spectral embedding', 'multi-view clustering.', 'nonnegative embedding', 'parameter-free model', 'efficient optimization method'] 

Reference 1021: ['clustering', 'majorization-minimization', 'multi-view', 'nonnegative matrix factorization'] 

TOP-K 1022: ['clock synchronization problem', 'wireless ptp', 'time-sensitive applications', 'live vm migration.', 'efficient synchronization', 'different dc levels.', 'optimal precision', 'various measures', 'different loss measurements'] 

Reference 1022: ['cloud data centers', 'data center networks', 'data center time protocol (dtp)', 'live vm migration', 'precision time protocol (ptp)'] 

TOP-K 1023: ['proximal majorization-minimization optimization', ['correlation classifiers'], 'pessimistic viewpoint', 'correlation classifiers.', 'novel framework', 'convergence rate', 'possible perturbation', 'different criteria', 'family'] 

Reference 1023: ['correlation classifiers', 'data classification', 'data perturbation', 'pmmo', 'ϕ divergence'] 

TOP-K 1024: [['fpga'], 'fingerprint', 'fpga technology.', 'look-up tables', 'low error rate', 'ram resources'] 

Reference 1024: ['biometrics', 'fingerprint identification', 'fpga', 'parallel processing'] 

TOP-K 1025: ['npdp problem code', 'dynamic programming code', 'npdp codes', 'tile correction', 'polyhedral model.', 'code locality', 'energy efficiency'] 

Reference 1025: ['energy consumption', 'high-performance computing', 'loop tiling', 'rna folding', 'zuker and mea algorithms'] 

TOP-K 1026: ['complex mhd code.', 'coarse-grain multi-threading performance', 'mpi parallelization strategy', 'efficient scalings'] 

Reference 1026: ['mhd', 'mpi', 'openmp', 'parallel scaling'] 

TOP-K 1027: ['density peaks clustering.', 'bus routes', 'privacy protection techniques.', 'clustering mechanism', 'service coverage'] 

Reference 1027: ['crowdsourced bus service', 'data clustering', 'fog computing', 'privacy preservation'] 

TOP-K 1028: ['rgb-infrared fusion tracking', 'fusion tracking methods', 'public rgb-infrared datasets', 'main rgb-infrared trackers', 'infrared images', 'public datasets', 'future prospects', 'several groups.'] 

Reference 1028: ['correlation filter', 'deep learning', 'fusion tracking', 'object tracking', 'rgbt'] 

TOP-K 1029: ['cache oblivious adaptation', 'morton-hybrid layouts', 'turbo algorithm', 'cartesian mapping', 'different matrix layouts', 'adversarial attacks', 'practical experiments', 'finite fields', 'bit operations', 'table lookups.', 'linear systems', 'theoretical analysis'] 

Reference 1029: ['cache-oblivious algorithms', 'exact linear algebra', 'morton-hybrid order', 'space-filling curves'] 

TOP-K 1030: ['hc systems', 'task', 'hc system.', 'fairness-aware mapping heuristic', 'generic pruning mechanism', 'method', 'modeling impact'] 

Reference 1030: ['heterogeneous computing (hc)', 'mapping heuristic', 'probabilistic pruning', 'robustness'] 

TOP-K 1031: ['blockchain technology', 'promise-violating problem', 'route proof', 'collusion recently.', 'privacy consideration.', 'good application scenario', 'verification process'] 

Reference 1031: ['blockchain', 'inter-domain routing', 'privacy', 'routing verification', 'security'] 

TOP-K 1032: ['negative connotations', ['uncertainty'], 'key factors', 'positive effects.'] 

Reference 1032: ['cause', 'coping mechanism', 'effect', 'information system development', 'risk', 'uncertainty'] 

TOP-K 1033: ['robust fusion', 'optical images', 'robust fusion.', 'spectral image resolutions.', 'standard image processing task.', 'minimization algorithm.', 'comprehensive set'] 

Reference 1033: ['change detection', 'different resolutions', 'hyperspectral imagery', 'image fusion', 'multispectral imagery'] 

TOP-K 1034: [['adaptive random testing'], 'test data', 'failure detection capability', ['prime path coverage'], 'branch coverage', 'search-based test data'] 

Reference 1034: ['adaptive random testing', 'ant colony optimization', 'mutation analysis', 'prime path coverage', 'search-based test data generation'] 

TOP-K 1035: ['neural networks.', 'optimization algorithms', 'various algorithms', 'various aspects', 'definite conclusion', 'compression strategies.'] 

Reference 1035: ['deep learning', 'deep neural networks', 'distributed training', 'high performance computing'] 

TOP-K 1036: ['dcdroid', 'ssl/tls vulnerabilities.', 'automated tool', 'vulnerable code.', 'dynamic analysis.', 'related methods'] 

Reference 1036: ['android security', 'dynamic analysis', 'mitm', 'ssl/tls', 'static analysis', 'vulnerability detection'] 

TOP-K 1037: ['non-linear formulations', 'multi-criteria test suite minimization.', 'novel linear formulation', 'time efficiency', 'large test instances.', 'optimal solutions', 'optimal solution.'] 

Reference 1037: ['integer programming', 'multi-objective optimization', 'regression testing', 'software testing', 'test suite minimization'] 

TOP-K 1038: ['auto-tuned library', 'small matrices', 'auto-tunable codes.', 'big matrices.', 'performance', 'openmp features', 'lapack operations.', 'different strategies', 'respect', 'references'] 

Reference 1038: ['auto-tuning', 'lass', 'linear algebra', 'ompss'] 

TOP-K 1039: ['time-correlated channel noise', 'time-correlated channel noise.', ['covariance information'], 'time-differencing approach', 'random perturbances', 'available data'] 

Reference 1039: ['centralized fusion estimation', 'covariance information', 'distributed fusion estimation', 'random parameter matrices', 'time-correlated noise'] 

TOP-K 1040: ['model-based testing', 'open issues', 'research/practitioners prospective works.', 'industry practice.', 'new research', 'previous known challenges.', 'panorama benefits researchers/practitioners', 'product lines', 'high roads', 'huge challenge'] 

Reference 1040: ['mbt roadmap', 'model-b-ased testing', 'reuse of test cases', 'software product line', 'systematic mapping study', 'variability'] 

TOP-K 1041: ['contributor abandonment', 'probabilistic forecasting model', 'individual contributors', 'model accuracy', 'activity early.'] 

Reference 1041: ['commit activity', 'developer abandonment', 'distributed software development', 'git', 'prediction model'] 

TOP-K 1042: ['gan-generated images', 'center-constrained triplet loss', 'pedestrian/non-pedestrian classification', ['person search'], 'new loss function', 'large-scale cuhk-sysu', 'novel deep network', 'big data', 'top-1 evaluation protocols', 'triplet loss', ['pedestrian detection'], 'original image', 'interperson variations', 'person search model.', 'center loss'] 

Reference 1042: ['pedestrian detection', 'person search', 're-identification'] 

TOP-K 1043: ['p2p blockchain sharing/collaboration', 'iot devices', 'anomaly detection model', 'extensible markov chain', 'blockchain protocol', 'direct messaging protocol', 'raspberry pi 3b', 'collaborative training', 'safe collaboration', 'false positive rate', 'modeling', 'robust anomaly detection model.', 'efficient software', 'additional overhead', 'numerous devices'] 

Reference 1043: ['anomaly detection', 'blockchain', 'collaborative security', 'iot security', 'markov-chain'] 

TOP-K 1044: ['content-aware guidance network', 'multi-level features', 'widely-used cross-entropy loss', 'powerful multi-scale features', 'state-of-the-art performance', 'loss function', 'salient object detection', 'challenging datasets', 'feature maps.', 'large regions', 'diverse recognition abilities', 'large margin.'] 

Reference 1044: ['attention guidance', 'fully convolutional neural networks', 'saliency detection'] 

TOP-K 1045: ['visual relational reasoning module', 'visual relation', 'image regions', 'new state-of-the-art performance', 'bilinear visual attention', 'popular datasets', 'multi-modal feature fusion.', 'bottom-up attention', 'visual question', 'discriminative features.', 'single model', 'visual objects.'] 

Reference 1045: ['attention mechanism', 'multimodal fusion', 'visual question answering', 'visual relational reasoning'] 

TOP-K 1046: ['classifier fusion method', 'mcf', 'clinical datasets', 'hierarchical predictive scheme', 'different classifiers', 'superior predictive performance', 'uci datasets', 'diversified modalities'] 

Reference 1046: ['classifier fusion', 'multi-classifier', 'multi-modality', 'multiple criteria decision making', 'radiomics'] 

TOP-K 1047: ['new end-to-end model', 'ir/vis fusion.', 'target edge-enhancement loss', 'ir images', 'thermal radiation', 'ir targets.', 'detail loss', 'source images', 'texture details', 'clear targets', 'abundant textures', 'detail information'] 

Reference 1047: ['convolution neural network', 'detail preserving', 'generative adversarial network', 'image fusion', 'infrared'] 

TOP-K 1048: [['nested resources'], 'nested resource access.', 'mrsps schedulability', 'np-section length.', 'multiprocessor resource', 'complete run-time cost analysis', 'response time analysis', 'compressive review', 'comprehensive evaluation'] 

Reference 1048: ['hard real-time system', 'multiprocessor resource sharing protocol', 'nested resources', 'run-time overhead', 'schedulability test'] 

TOP-K 1049: ['probabilistic-based approach', 'real world experiments', 'mobile users', 'rss measurement', 'dual particle filter.', 'radio measurements.'] 

Reference 1049: ['cooperative positioning', 'dead reckoning', 'particle filtering', 'received signal strength', 'uwb (ultra-wideband) ranging'] 

TOP-K 1050: ['transmission reliability.', 'optimal relay', 'security performance'] 

Reference 1050: ['computation complexity', 'csi of illegitimate nodes', 'physical layer security', 'secrecy outage probability'] 

TOP-K 1051: ['l2', 'motion descriptor', 'normal training samples', 'reconstruction coefficient vectors', 'background subtraction', 'reconstruction errors', 'abnormal testing samples', 'normal testing samples', 'new joint optimization', 'abnormal frames', 'low-rank dictionary', 'training stage', 'low variations', 'surveillance videos.', 'detection stage'] 

Reference 1051: ['abnormal event detection', 'crowded scenes', 'lrccdl', 'reconstruction cost', 'surveillance videos'] 

TOP-K 1052: ['kernet', ['deep neural networks'], ['multiple kernel learning'], 'deep neural network.', 'individual deep neural networks.', 'predictive accuracy', 'overfitting problem', 'hidden representations'] 

Reference 1052: ['deep learning', 'deep neural networks', 'ensemble learning', 'multiple kernel learning'] 

TOP-K 1053: [['keystroke dynamics'], 'keyword-based detection mechanism', 'fraudulent instant messages.', 'false alarms', 'experimental results', 'training time', 'new prediction methods', 'new classifier', 'comparable recognition accuracy', 'approach'] 

Reference 1053: ['biometrics', 'free text', 'instant messaging', 'internet fraud', 'keystroke dynamics'] 

TOP-K 1054: ['incremental esde algorithms', 'esde method', 'matrix exponential discriminant methods', ['incremental algorithms'], 'numerical results', 'exponential discriminant analysis methods', 'incremental techniques', 'incremental learning problems.', 'fast implementation', 'large matrix problem', 'training samples', 'n', 'implementation strategy', 'size n', 'data dimension'] 

Reference 1054: ['dimensionality reduction', 'exponential semi-supervised discriminant embedding (esde)', 'incremental algorithm', 'local discriminant embedding (lde)', 'semi-supervised discriminant embedding (sde)', 'small-sample-size problem (sss)'] 

TOP-K 1055: ['infectious disease', 'euler numerical method.', 'different anti-epidemic policies', 'infections', 'mathematical model', 'number'] 

Reference 1055: ['basic reproduction number', 'contact rate', 'covid-19', 'migration-in rate', 'seiar'] 

TOP-K 1056: ['seet', 'logical errors', 'seet approach', 'etl transformations.', 'symbolic execution.', 'case studies.', 'subjective manner'] 

Reference 1056: ['epsilon transformation language (etl)', 'metamodel footprint', 'model-driven engineering (mde)', 'symbolic execution', 'verification of model transformations'] 

TOP-K 1057: ['health', 'crowdsourced data collection yields', 'heterogeneous sensors', 'clinical error benchmark', 'feature fusion', 'inclusion criteria.', 'overall prediction performance.', 'error rate'] 

Reference 1057: ['health status', 'location', 'machine learning', 'motion', 'sound'] 

TOP-K 1058: ['heterogeneous information networks.', 'node proximities', 'comprehensive evaluations', 'semantic information.', 'random walk strategy', 'structural information'] 

Reference 1058: ['autoencoder', 'heterogeneous information', 'network representation learning'] 

TOP-K 1059: ['spectral-spatial fusion methods', 'segmentation', ['hyperspectral images'], 'fusion methods', ['decision fusion'], '3d feature extraction', ['feature fusion'], 'decision fusion.', 'deep learning', 'feature fusion.', 'pixel wise ones', 'various complement classification methods'] 

Reference 1059: ['classification', 'decision fusion', 'feature fusion', 'hyperspectral image'] 

TOP-K 1060: ['ml testing', 'testing ml programs.', 'ml programs.', 'future research directions', 'literature'] 

Reference 1060: ['data cleaning', 'feature engineering testing', 'implementation testing', 'machine learning', 'model testing'] 

TOP-K 1061: ['substructure similarity search problem', 'multi-filter strategy', 'similar sbs solutions.', 'meaningful results', 'efficient method'] 

Reference 1061: ['graph matching', 'service composition', 'service-based system', 'substructure similarity search', 'web service'] 

TOP-K 1062: ['logarithmic square compatibility measure', 'optimal group selection model', ['redundant information']] 

Reference 1062: ['compatibility measure', 'large-scale group decision making', 'optimal group', 'redundant information'] 

TOP-K 1063: ['multi-layered software mediator', 'end-user development tools', ['smart objects'], 'design guidelines', 'pervasive computing domain', 'conceptual framework', 'technology design', 'smart applications.', 'human use.', 'everyday environments.', 'software design experience.'] 

Reference 1063: ['component-based system engineering', 'end user development', 'framework', 'pervasive computing', 'smart objects', 'user evaluation'] 

TOP-K 1064: ['eeg features.', 'ensemble deep learning method', 'classification performance', 'automated visual classification project'] 

Reference 1064: ['automated visual classification', 'bagging algorithm', 'eeg', 'ensemble deep learning'] 

TOP-K 1065: ['linguistic distribution lsgdm.', 'two-stage consensus model', 'pis-based numerical scales', 'linguistic terms.', 'comparative analysis', 'minimum information loss', 'good performance', 'optimization model'] 

Reference 1065: ['2-tuple linguistic model', 'consensus', 'consistency-driven methodology', 'large-scale group decision making', 'linguistic distribution assessments', 'personalized individual semantics'] 

TOP-K 1066: ['spatial-temporal consistent saliency detection.', 'public saliency detection', 'multi-scale multi-region mechanism', 'local saliency', 'visual tracking datasets', 'efficient tfcn', 'multiple local saliency maps', 'weighted entropy method.', 'impressive results', 'extensive experiments', 'image region.', 'research fields'] 

Reference 1066: ['deep neural network', 'non-rigid object tracking', 'salient object detection', 'spatial-temporal consistency'] 

TOP-K 1067: ['nvidia tesla accelerators', 'kepler architecture', 'batched tridiagonal linear systems', 'solution procedure', 'poisson equations.'] 

Reference 1067: ['adi preconditioner', 'batched triangular systems', 'general purpose graphical processing unit (gpgpu)', 'shifted poisson problem'] 

TOP-K 1068: ['weighted gbb', 'unlabeled data', 'gbb', 'pseudo-labels', 'wgbb', 'experimental results', 'imbalanced data', 'similarity matrix', 'classification problem', 'related algorithms', 'training process', 'imbalanced data.', 'wrong information', 'many models', 'training process.'] 

Reference 1068: ['boosting', 'graph', 'imbalance learning', 'semi-supervised learning'] 

TOP-K 1069: [['network embedding'], 'semi-supervised method', 'supervised loss', 'nodes', 'label indicator matrix', 'text features', 'global structural information', 'similar embedding vectors', 'text representation module.', 'class'] 

Reference 1069: ['network embedding', 'stacked auto-encoders', 'structure preserving', 'text representation'] 

TOP-K 1070: [['autoencoders'], ['feature fusion'], 'new features.', 'classification methods', 'appropriate ae', 'input data', 'significant improvement', 'exhaustive analysis'] 

Reference 1070: ['autoencoders', 'classification', 'deep learning', 'dimensionality reduction', 'feature fusion'] 

TOP-K 1071: [['privacy'], 'privacy cost', 'well-known multi-task dataset.', 'data distortion.', 'variational approach.', 'downstream task accuracy', 'mutual information estimator', 'effective algorithm', 'evaluation'] 

Reference 1071: ['data security', 'privacy', 'representation learning'] 

TOP-K 1072: ['machine learning', 'modern multicore clusters.', 'double asynchronous updates', 'optimization problems', 'big datasets', 'provable theoretical convergence.', 'experimental results', 'practical framework', 'global solution', 'inter-core level', 'inter-node level'] 

Reference 1072: ['distributed computing', 'dual coordinate descent', 'optimization'] 

TOP-K 1073: ['new multi-criteria group decision', 'multi-granular linguistic information', 'consensus model', 'decision contexts', 'dynamic contexts', 'model information.', 'decision process.'] 

Reference 1073: ['computing with words', 'consensus measures', 'multi-criteria group decision-making', 'multi-granular fuzzy linguistic modelling'] 

TOP-K 1074: ['spell', 'language/context independent technique', 'energy inefficiencies', 'reviewer comments', 'energy consumption.', 'efficiency', 'empirical study', 'statistical impact', 'detailed responses', 'respective updates'] 

Reference 1074: ['fault localization', 'green computing', 'green software', 'program analysis', 'program optimization'] 

TOP-K 1075: ['qos-preserved dynamic caching', 'yahoo! cloud serving benchmark', 'ks test', 'cache hit rates', 'query density', 'data access pattern', 'probabilistic density functions', 'synthetic traces', 'regression methods'] 

Reference 1075: ['access pattern estimation', 'cache size prediction', 'cloud cache management', 'dynamic caching', 'machine learning'] 

TOP-K 1076: ['statistical bootstrapping technique', 'experiment results', ['principal component analysis'], 'different real-world video sequences', 'video sequence', 'categorical data', 'novel methodology', 'dynamic background', 'video data.', ['statistical mode'], 'effective optimization procedure', 'different methods', 'extract foreground objects', 'global optimal solution', 'new statistical model.'] 

Reference 1076: ['background modeling', 'principal component analysis', 'statistical mode', 'video surveillance'] 

TOP-K 1077: ['ppg-based pats', 'bp extraction', 'bp calculation.', 'bp estimation', 'different pat extraction methods.', 'high accuracy', 'different conditions.'] 

Reference 1077: ['bio-impedance', 'cuffless blood pressure', 'on-body sensors', 'pulse arrival time'] 

TOP-K 1078: ['alignment', 'diversity', 'data analysis', 'information models', 'requirements information models.', 'systems engineering tool.', 'mixed methods', 'managing requirements', 'early phases'] 

Reference 1078: ['aligning software engineering practices', 'automotive software engineering', 'large-scale software development', 'mixed methods research', 'requirements information models'] 

TOP-K 1079: ['sparse image representation', 'multi-focused images', 'image reconstruction.', 'bi-modality images.', 'salient edges', 'variational model', 'smooth regions.'] 

Reference 1079: ['bimodal image fusion', 'data-driven tight frame', 'variational method'] 

TOP-K 1080: ['one-to-many fine-grained access.', 'decryption computations', 'privacy security.', 'attribute revocation', 'efficient user'] 

Reference 1080: ['cp-abe', 'outsourced computation', 'privacy computing', 'revocation'] 

TOP-K 1081: ['feature level fusion', 'adaptive center', 'different data.', 'sampling strategy'] 

Reference 1081: ['attention mechanism', 'deep learning', 'feature fusion', 'multiresolution image classification', 'panchromatic (pan) and multispectral (ms) images'] 

TOP-K 1082: ['trap application', 'trap researchers', 'real-scale problems.', 'many research directions', 'many trap models', 'many future directions.', 'consolidated findings', 'rooted area'] 

Reference 1082: ['literature review', 'reliability allocation', 'resource allocation', 'survey', 'test planning', 'testing'] 

TOP-K 1083: [['monotonic lagrangian grid'], ['neighborhood grid'], ['mlg'], 'new theoretical analyses', 'previously-unpublished result', 'new results', 'known data structure', 'theoretical properties'] 

Reference 1083: ['mlg', 'monotonic lagrangian grid', 'near-neighbor algorithms', 'neighborhood grid', 'spatial data structures'] 

TOP-K 1084: ['training cnn models.', 'state-of-the-art algorithms', 'general image fusion framework.', 'perceptual loss', 'good generalization ability', 'diverse multi-focus image dataset', 'various types'] 

Reference 1084: ['better generalization ability', 'convolutional neural network', 'general image fusion framework', 'large-scale multi-focus image dataset'] 

TOP-K 1085: [['dynamic classifier selection'], 'adaptive knn rule', 'outlier detection.', 'dynamic model', 'static models', 'validation set.', 'single model', 'posterior probabilities'] 

Reference 1085: ['adaptive k-nearest neighbor', 'dynamic classifier selection', 'ensemble learning', 'outlier detection'] 

TOP-K 1086: ['two-branch structure', 'state-of-the-art approaches', 'experimental results', 'object detection.', 'inter-class loss help detectors', 'discrepant information', 'similar objects', 'structure extracts powerful features', 'different categories', 'categories ofobjects', 'different tasks.', 'different parameters'] 

Reference 1086: ['explainable cnn', 'gated cnn', 'multi-scale feature layers', 'object detection'] 

TOP-K 1087: ['power consumption', ['renewable energy'], ['carbon footprint'], 'carbon footprint.', 'different time zones'] 

Reference 1087: ['brownout', 'carbon footprint', 'cloud data centers', 'renewable energy', 'workload shifting'] 

TOP-K 1088: ['hmer', 'mutant-test-execution cost', 'wsome method', 'hybrid approach hmer', 'dmes', 'mbfl.', 'original mbfl', 'fault localization accuracy'] 

Reference 1088: ['cost reduction', 'mutant sampling', 'mutation-based fault localization', 'spectrum-based fault localization'] 

TOP-K 1089: ['virtual machine consolidation approach', 'real-world workload traces', 'qos guarantee', 'simulation results', 'vm migrations', 'power costs', 'energy consumption', 'benchmark algorithms.', 'new model.'] 

Reference 1089: ['cloud computing', 'cloud data centers', 'dynamic virtual machine (vm) consolidation', 'utilization prediction model'] 

TOP-K 1090: ['gmdh.', 'standardized symmetric regularity criterion.', ['probabilistic svm'], 'good classification results', 'initial model', 'base learner', 'novel structure'] 

Reference 1090: ['borda sorting', 'ensemble selection', 'group method of data handling', 'probabilistic svm', 'regularity criterion'] 

TOP-K 1091: ['stadart', 'static analysis tools', 'benchmark apps', 'dynamic analysis', 'reflection apis', 'reflection resolution.', 'automated triggering', 'dynamic code updates.', 'malicious app', 'framework modification.'] 

Reference 1091: ['android', 'dynamic class loading', 'dynamic code updates', 'reflection', 'security analysis'] 

TOP-K 1092: [['ensemble learning'], 'multi-scale feature fusion module', ['object detection'], ['dilated convolution'], 'state-of-the-art detectors.', 'context modeling', 'ensemble modes', 'detection speed.', 'clear improvement'] 

Reference 1092: ['dilated convolution', 'ensemble learning', 'feature fusion', 'object detection'] 

TOP-K 1093: ['general nlss', 'adaptive lq-norm', 'sr coefficient space.', 'general nlss regularizer', 'complicated noise environment'] 

Reference 1093: ['general nonlocal self-similarity regularizer', 'iteratively reweighted least squares algorithm', 'single image super-resolution', 'sparse representation', 'standard iterative shrinkage algorithm'] 

TOP-K 1094: ['empathetic dialog systems.', 'conversational ai research.', 'key features', 'technical summaries', 'chronological order'] 

Reference 1094: ['affective computing', 'artificial intelligence', 'dialogue systems'] 

TOP-K 1095: ['self-adaptive software systems', 'self-adaptive systems', 'self-adaptive systems.', 'adaptation logic', 'design decisions', 'process support', 'reuse.', 'reasoning frameworks', 'variability management', 'product lines', ['uncertainties']] 

Reference 1095: ['domain engineering', 'self-adaptation', 'software design', 'software reuse', 'uncertainty', 'variability'] 

TOP-K 1096: ['unlabeled multi-view data', 'linear equation problems', 'multi-manifold regularization terms', 'consensus principle', 'multi-view regularization.', 'combination weights', 'distinct views', 'time complexity'] 

Reference 1096: ['multi-view semi-supervised learning', 'quadratic programming', 'support vector machine', 'twin support vector machine'] 

TOP-K 1097: ['end-to-end ensemble learning method', 'large scale benchmark datasets', 'state-of-the-art results', 'network architecture', 'discriminative person reid models.', 'overfitting problem', 'diverse base learners', 'densenet architecture.', 'conventional ensemble methods.', 'custom design', 'test times', 'map scores', 'minimal changes'] 

Reference 1097: ['deep networks', 'ensemble learning', 'person re-identification'] 

TOP-K 1098: ['efficiency/effectiveness tradeoff', 'multi-source entity resolution.', 'scalable approach', 'real-world datasets.', 'imperfect matching functions', 'title model words', 'scheme'] 

Reference 1098: ['blocking schemes', 'e-commerce', 'entity resolution', 'web shop aggregators'] 

TOP-K 1099: ['energy balancing approach', 'novel on-demand clustering algorithm', 'dynamic cluster head selection', 'optimal clustering technique', 'cluster radius', 'network lifetime.'] 

Reference 1099: ['energy balance', 'linear programming', 'network lifetime', 'on-demand clustering', 'wireless sensor network'] 

TOP-K 1100: ['optical flow subnet', 'rgb appearance', 'optical flow', 'state-of-the-art method', ['real-time computation'], 'new architecture', 'action localization', 'optical flow estimation', 'effective fusion method', 'novel method', 'human actions', 'task-specific optical flow.', 'flow subnet', 'optical flow deep features', 'discriminative spatio-temporal action representation.'] 

Reference 1100: ['optical flow sub-network', 'pyramid hierarchical fusion', 'real-time computation', 'spatio-temporal action localization'] 

TOP-K 1101: ['two-stream fusion cnn', 'residual learning'] 

Reference 1101: ['convolutional neural networks', 'deep learning', 'image fusion', 'pan-sharpening', 'remote sensing'] 

TOP-K 1102: ['naive-bayes-based text-analysis algorithms', 'data archival stage', 'real-world traces', 'popular data', 'post system', 'data reconstruction.', 'recommendation system', 'non-popular ones'] 

Reference 1102: ['clustering', 'erasure-coded data storage', 'online reconstruction', 'popularity awareness', 'warm data'] 

TOP-K 1103: ['diversified keyword search', 'service composition problem.', 'keyword query.', 'different requirements', 'real dataset', 'approach'] 

Reference 1103: ['diversification', 'keyword search', 'quality of service', 'service composition', 'web service'] 

TOP-K 1104: ['mpi libraries', 'zero-copy mpi', 'modern hpc hardware', 'state-of-the-art cpu', 'datatypes processing', 'gpu architectures', 'performance overheads', 'semantic limitations', 'gpu systems', 'novel designs', 'performance evaluation', 'diverse cpu', 'significant improvement'] 

Reference 1104: ['cpu and gpu', 'derived datatypes', 'hpc', 'mpi', 'nvidia dgx2'] 

TOP-K 1105: ['eeg data', 'recognition depression', 'multimodal fusion approach', 'objective recognition depression system', 'fusion modal', 'proposed system', 'positive audio stimuli', 'fusion approach.', 'fp2 sites.', 'feature levels', 'employ information fusion techniques'] 

Reference 1105: ['audio stimulus', 'depression recognition', 'eeg', 'fusion', 'multimodal'] 

TOP-K 1106: ['multi-scale architecture', 'location-aware fusion', 'context aggregation'] 

Reference 1106: ['convolutional neural network', 'gradual fusion', 'location-aware information fusion', 'multi-scale feature fusion', 'semantic edge detection'] 

TOP-K 1107: ['bci competition iv-2a', 'time-frequency energy algorithm', 'etr data structure', 'state-of-the-art generalization performance', 'eeg topology generations', 'novel classifier', 'multi-object recognition', 'brain activity status', 'eeg feature values', 'kappa values', 'classification accuracy', 'common classifier', 'method', 'spatial location', 'temporal onset'] 

Reference 1107: ['convolutional neural network', 'electroencephalography topographical representation', 'machine learning', 'motor imagery', 'signal pre-processing'] 

TOP-K 1108: [['granger causality'], ['power transformers'], 'power networks.', 'new models', 'functional connectivity.', 'statistical analysis'] 

Reference 1108: ['functional connectivity', 'granger causality', 'power transformers', 'scada measurements', 'time series analysis'] 

TOP-K 1109: [['secondary studies'], ['secondary study'], 'research projects', 'literature overview.', 'extended period'] 

Reference 1109: ['education', 'secondary studies', 'systematic literature review', 'systematic mapping'] 

TOP-K 1110: ['w-softmax loss', 'new w-softmax loss', ['cnns'], 'positive real-value paremeter α', 'fc layer', 'classification performance', 'benchmark datasets', 'rigorous theoretical analysis', 'various classes tasks', 'discriminative features', 'decision margins', 'inter-class variance', 'intra-class variance', 'extensive experiments', 'parameter memory'] 

Reference 1110: ['classification', 'classifier weights', 'cnns', 'fully connected layer units', 'softmax'] 

TOP-K 1111: ['compare-and-swap instruction', 'max-write-or-add instructions', ['half-max'], 'consensus number one.'] 

Reference 1111: ['compare-and-swap', 'consensus numbers', 'half-max', 'max-write', 'wait-free synchronization'] 

TOP-K 1112: ['efmrp', 'protocol efmrp', 'sustainable message forwarding service', 'harsh environments', 'traffic allocation', 'danger zones.', 'retreat mechanisms'] 

Reference 1112: ['environment-aware', 'multipath routing', 'potential field', 'wireless sensor networks'] 

TOP-K 1113: ['mnist-net10', ['mnist'], 'several fusion schemes', 'complex heterogeneous fusion architecture.', 'popular ensemble methods.', 'new record'] 

Reference 1113: ['deep learning', 'ensemble methods', 'fusion', 'mnist'] 

TOP-K 1114: ['end-to-end delay.', 'protocol', 'protocol performance', 'packet delivery ratio', 'stable cluster.', 'highway scenario'] 

Reference 1114: ['clustering', 'quality of service (qos)', 'stability', 'vehicular ad hoc networks (vanets)'] 

TOP-K 1115: ['mobile video crowdsensing.', 'video caching problem', 'real-world traces', 'practical greedy solution', 'video replacement policy', 'maximum coverage problem.', 'approximate ratio.'] 

Reference 1115: ['budgeted', 'mobile video crowdsensing', 'np-hard', 'replacement policy'] 

TOP-K 1116: ['secure communication protocol', 'three-layer architecture', ['secure communication'], 'private information', 'scyther simulation tool', 'informal security analysis', 'user environment.', 'protocol', 'cloud server.', 'possible security threats.', 'fog'] 

Reference 1116: ['cloud computing', 'fog devices', 'scyther tool', 'secure communication'] 

TOP-K 1117: ['td', 'code reuse', ['reuse'], 'td prevention mechanism.', 'reuse effects', 'technical debt.', 'td principal increase', 'decision making', 'exploration'] 

Reference 1117: ['case study', 'reuse', 'technical debt'] 

TOP-K 1118: ['av system', 'snr estimation.', 'moderate snr levels.', 'noisy audio features.', 'visual-only approaches'] 

Reference 1118: ['audio-visual', 'context-aware learning', 'deep learning', 'multi-modal speech enhancement', 'wiener filtering'] 

TOP-K 1119: ['agc', 'new approach agc', 'tcp techniques', 'real-world java projects.', 'bug detection capability', 'original additional greedy algorithm.', 'relation-based coverage', 'large programs', 'different granularities'] 

Reference 1119: ['dynamic call sequence', 'software testing', 'test case prioritization'] 

TOP-K 1120: ['multi-static doppler-only tracking', 'target tracking algorithm', 'imprecise probabilities.', 'style analytic expressions', 'interval probability', 'framework'] 

Reference 1120: ['partially known probabilistic models', 'possibility functions', 'target tracking'] 

TOP-K 1121: ['data partitioning', 'top-down approach', 'hybrid programming.', 'common patterns'] 

Reference 1121: ['hybrid programming', 'mpi', 'ompss-2', 'openmp', 'parallel programming'] 

TOP-K 1122: ['visual sensor architecture', 'signal-to-noise ratio', 'sub-sea phenomena.', 'underwater scenarios.', 'architecture', '3d acquisitions', 'traditional sensors', 'passive imaging techniques.', 'image formation', 'timing approach'] 

Reference 1122: ['active imaging', 'image fusion', 'passive imaging', 'robotics', 'underwater', 'underwater imaging'] 

TOP-K 1123: ['replication costs', 'acceptable replica placement', 'replica factor'] 

Reference 1123: ['cloud systems', 'cost model', 'data replication', 'databases', 'economic profit', 'performance'] 

TOP-K 1124: ['mht-enabled metadata integrity verification', 'bps', 'topic-based pub/sub model.', 'key metadata corruption', 'security level', 'incentive mechanism', 'timely manner.'] 

Reference 1124: ['blockchain', 'edge cloud', 'pub/sub system', 'security', 'smart city'] 

TOP-K 1125: ['new approach'] 

Reference 1125: ['branch likely invariants', 'metaheuristic algorithms', 'path likely invariants', 'search-based test data generation'] 

TOP-K 1126: ['modeling response time data', 'real-world web services.', 'non-parametric probability distributions.', 'bpm providers', 'kernel distribution', 'modeling response time.', 'recommend bpsim standard setters', 'burr distributions', 'simulated cycle time.', 'empirical study', 'probability distribution'] 

Reference 1126: ['cycle time', 'non-parametric distributions', 'parametric distributions', 'performance evaluation', 'simulation input modeling', 'web service response time'] 

TOP-K 1127: ['radar', 'pixel-level fusion methods', 'fusion performance evaluation methods', 'optical image fusion', 'basic fusion methods.', 'optical images', 'recent trends.', ['quality metrics'], 'major applications'] 

Reference 1127: ['image fusion', 'optical imagery', 'quality metrics', 'sar imagery'] 

TOP-K 1128: ['recursive fusion estimation problem', 'time-varying complex networks.', ['stochastic communication protocol'], 'state saturations', 'state estimator', 'time-varying state estimator', 'performance analysis', 'error covariance.'] 

Reference 1128: ['discrete-time complex networks', 'recursive state estimator', 'state-saturated systems', 'stochastic communication protocol', 'time-varying systems'] 

TOP-K 1129: [['ensemble learning'], ['machine learning'], 'software tools available online', 'performance study', 'future fields', 'iconic bagging', 'lessons learned.'] 

Reference 1129: ['classification', 'decision trees', 'ensemble learning', 'machine learning', 'software'] 

TOP-K 1130: ['user study part'] 

Reference 1130: ['api calls', 'cross-language software similarity detection', 'doc2vec', 'singular value decomposition'] 

TOP-K 1131: ['basic instruction operations', ['complex information networks'], 'security rules', 'hierarchical management', 'basic operations', 'instruction interactions.'] 

Reference 1131: ['complex information network', 'hierarchical multi-domain access', 'instruction control', 'security model'] 

TOP-K 1132: [['image fusion'], ['deep learning'], 'fusion rules.', 'new frame', 'tag data', 'construction method'] 

Reference 1132: ['adaptive fusion algorithm', 'data-driven', 'deep learning', 'image fusion', 'model-driven', 'multi-band images'] 

TOP-K 1133: [['ecg biometrics'], 'multi-scale differential signal characteristics', 'novel multi-scale differential feature', 'inter-subject similarities', 'discriminative ecg representation', ['collective matrix factorization'], 'micro texture'] 

Reference 1133: ['collective matrix factorization', 'ecg biometrics', 'feature learning', 'multi-scale differential feature'] 

TOP-K 1134: ['xgboost classifiers', ['programming languages'], 'stack overow questions', 'code snippets', ['programming language'], 'stack overow question', 'textual information', 'programming languages identication', 'random forest', 'code snippet', 'scc', 'prediction method', 'prediction model', 'programming language tag.', 'pli'] 

Reference 1134: ['classification', 'machine learning', 'natural language processing', 'programming languages'] 

TOP-K 1135: ['deep learning method', '3d point cloud segmentation.', 'point clouds', 'tunnel point clouds.', 'high accuracy', 'data imbalance', 'developed method', 'feature learning.', 'focal loss', 'several modules', 'great efficiency', 'time efficiency.'] 

Reference 1135: ['3d point cloud', 'deep learning', 'point attention network', 'semantic segmentation'] 

TOP-K 1136: [['technical debt'], 'quality flaws', 'mt languages.', 'mt.', 'mt evolution.', 'technical debt changes', 'analyses'] 

Reference 1136: ['model transformations', 'software quality', 'technical debt'] 

TOP-K 1137: [['intrusion detection'], 'hybrid deep learning', 'ids', 'various deep learning'] 

Reference 1137: ['deep belief network', 'deep learning', 'edge computing', 'internet-of-things', 'intrusion detection'] 

TOP-K 1138: [['nonlinearly separable clusters'], 'algorithm', 'multiple clusterings', 'local-credible labels.', 'different local-credible labels.', 'cluster label.'] 

Reference 1138: ['cluster ensemble', 'k-means', 'local hypothesis', 'nonlinearly separable clustering'] 

TOP-K 1139: ['parallel fusing fuzzy rule', 'mr-ffrcs', 'large-scale data sets', 'parallel decision tree', 'classification system', 'mr-frbdt', 'traditional method'] 

Reference 1139: ['decision trees', 'fuzzy classifier', 'fuzzy rules', 'map-reduce', 'parallel computing'] 

TOP-K 1140: ['vehicular ins/gps integration system', 'noise uncertainty', 'process noise estimation', 'fixed-length memory', 'kalman filter', 'adaptive ukf', 'maximum likelihood', 'new observations.'] 

Reference 1140: ['and maximum likelihood estimation', 'ins/gps integration', 'process noise covariance', 'unscented kalman filter', 'vehicular navigation'] 

TOP-K 1141: ['pmsmc', '8-core systems', 'energy-delay product', 'multi-requestor scheduler', 'mem', 'overall performance speedup', 'non-intensive applications', '4-core systems.', 'memory bandwidth efficiently.'] 

Reference 1141: ['memory controller', 'multicore processors', 'priority scheduling', 'real-time systems', 'request scheduling'] 

TOP-K 1142: ['radio id fusion', 'data fusion', 'tof devices', 'radio devices data fusion', 'body joints', 'radio tracking accuracy improvement.', 'technology limitation.', 'valuable activity recognition datasets.'] 

Reference 1142: ['activity recognition', 'hpe', 'radiofrequency tracking', 'rtls', 'sensor fusion', 'vision tracking'] 

TOP-K 1143: ['fusion estimation problem', ['weighted try-once-discard protocol'], 'estimation error covariances', 'multi-rate linear repetitive processes.', 'new fusion estimation scheme', 'asynchronous sensors', 'novel selection principle', 'time instant', 'time instant.'] 

Reference 1143: ['fusion estimation', 'linear repetitive processes', 'multi-rate sampling', 'sequential covariance intersection fusion.', 'weighted try-once-discard protocol'] 

TOP-K 1144: ['msaas architectures.', ['msaas'], 'military project', 'architectural solutions'] 

Reference 1144: ['architecture', 'modelling and simulation as a service', 'msaas', 'systematic review'] 

TOP-K 1145: ['bug fixing.', ['familiarity'], 'common factors', 'negative effect', 'positive effect'] 

Reference 1145: ['bug fixing', 'efficiency and effectiveness', 'familiarity', 'software maintenance and evolution', 'software metrics'] 

TOP-K 1146: ['proxy re-encryption', 'health data privacy preserving', 'trust assessment mechanism', 'data', 'malicious nodes'] 

Reference 1146: ['blockchain', 'graph convolutional network', 'security and privacy', 'smart healthcare', 'trust assessment'] 

TOP-K 1147: ['sbm', 'heterogeneity aware selective bypassing', 'state-of-art fine-grained policy', 'previous coarse-grained policies', 'multiple tasks', 'light-weight run time', 'multiple tasks.', 'disparate behavior', 'fine-grain manner.', 'cache resources', 'average'] 

Reference 1147: ['dynamic scheduling', 'gpgpu', 'heterogeneous applications', 'manycore architectures', 'opencl'] 

TOP-K 1148: ['maneuvering movements', 'deepmtt network', 'well-trained deepmtt network', 'pre-defined multiple models.', 'movement data', 'abundant tracking simulations', 'network training.', 'last database'] 

Reference 1148: ['bidirectional long short-term memory network', 'maneuvering target-tracking', 'multiple models', 'trajectory database'] 

TOP-K 1149: ['multi-objective optimization model', 'test generation.', ['predictive model'], ['code coverage'], ['code metrics'], 'automatic tools'] 

Reference 1149: ['code coverage', 'code metrics', 'predictive models', 'test generation'] 

TOP-K 1150: ['adaptive change impact mining', 'adaptive algorithm variants', 'start-of-the-art complete history algorithms.', 'real world software systems.', 'adaptive algorithms', 'source items', ['change recommendation'], 'change history.', 'new approach', 'dynamic selection'] 

Reference 1150: ['association rule mining', 'change impact analysis', 'change recommendation', 'evolutionary coupling'] 

TOP-K 1151: ['frnn search', 'benchmark models', 'peak speedup', 'redundant accesses.'] 

Reference 1151: ['complex systems', 'cuda', 'gpu', 'parallel algorithms'] 

TOP-K 1152: ['online parallelization optimization algorithm', 'runtime system', 'streaming applications.', 'transparent parallelization.'] 

Reference 1152: ['elasticity', 'parallelization', 'stream processing'] 

TOP-K 1153: [['dian'], 'psen1 subgroups', 'heterogeneous entity', 'nested k-fold cv', 'machine learning.', 'feature selection', 'accuracies', 'pib pet features.', 'principal component analysis'] 

Reference 1153: ["alzheimer's disease (ad)", 'dian', "dominantly-inherited alzheimer's disease (diad)", 'machine learning', 'neuroimaging'] 

TOP-K 1154: ['pedestrian orientation estimations', '3d dimensions inputs', 'network models', 'intermediates', 'additional information', 'reuse'] 

Reference 1154: ['information feedforward', 'logic relationship', 'monocular vision', 'orientation estimation'] 

TOP-K 1155: ['commtpst', 'code statements', 'evaluation results', 'logical correlations'] 

Reference 1155: ['code semantics', 'code syntax', 'comment generation', 'comment position', 'lstm'] 

TOP-K 1156: ['perceptual image fusion.', 'perceptual image decomposition model', 'novel two-layer fusion framework', 'perceptual valuable information', 'different fusion strategies.', 'neuroscience studies.', 'source images', 'irregular contents', ['irregular layers'], 'local regression method.'] 

Reference 1156: ['image fusion', 'information', 'irregular layer', 'perceptual importance', 'regular layer'] 

TOP-K 1157: [['code combinations coverage'], 'cccp', 'new coverage criterion', 'code combinations', 'empirical studies', 'new approach', 'practical guidelines'] 

Reference 1157: ['code combinations coverage', 'regression testing', 'software testing', 'test case prioritization'] 

TOP-K 1158: ['software development tools', 'checkpoint sessions', 'student progress.', 'activity metrics', 'work completed/code written.', 'student pass rate', 'metrics', 'uneven distribution', 'team useful.'] 

Reference 1158: ['collaborative software development', 'git', 'software engineering education', 'undergraduate education', 'version control system'] 

TOP-K 1159: ['novel similarity learning method', 'joint transfer constraints', 'inexact augmented lagrange multiplier', 'discriminative subspace', 'multiple sub-regions', 'mid-level features', 'optimization problem', 'reconstruction matrix', 'objective function solution', 'confinement fusion', 'consistent data distributions.', 'objective function', 'optimal function', 'solution strategy', 'joint matrix'] 

Reference 1159: ['feature extraction', 'person re-identification', 'similarity learning'] 

TOP-K 1160: ['smartsurface', 'algorithm', 'computational complexity', 'algorithm convergence', 'transfer time', 'tiny objects.', 'original problem.', 'time complexity', 'surface lifespan.'] 

Reference 1160: ['distributed conveying system', 'incremental computing', 'multicriteria optimization', 'shortest path problem'] 

TOP-K 1161: ['human actions', ['body structure cues'], 'body structure information', 'human limbs', 'challenging image-based action datasets', 'unconstrained images', 'human keypoint heatmaps', 'keypoint estimation', 'fine-grained local human features', 'twostep learning technique', 'lad', 'body structure exploration', 'human bodies', 'model', 'body parts'] 

Reference 1161: ['body structure cues', 'convolutional neural network', 'image-based action recognition'] 

TOP-K 1162: ['convolution-pooling', 'efficient gpu implementations', 'gpu implementation', 'convolutional neural networks.'] 

Reference 1162: ['average pooling', 'convolution', 'deep learning', 'gpu', 'neural networks'] 

TOP-K 1163: [['multi-sensor fusion'], 'medical human-robot interaction', ['body sensor networks'], ['fusion decision'], 'smart healthcare.', 'motion data', 'comprehensive data analysis.'] 

Reference 1163: ['body sensor network', 'fusion decision', 'medical human–robot interaction', 'multi-sensor fusion', 'neural network'] 

TOP-K 1164: ['novel clustering scheme sib.', ['ensemble clustering'], 'extensional mi', 'practical tasks', 'novel optimization method'] 

Reference 1164: ['ensemble clustering', 'information bottleneck', 'multi-view clustering', 'mutual information'] 

TOP-K 1165: ['adaptive weighted fusion method', 'experimental results', 'depth prediction.', 'residual dense convolution', 'hierarchical features', 'coupled filters', 'mean log10 error etc', 'common features', 'kinds', 'full use'] 

Reference 1165: ['adaptive weighted fusion', 'depth prediction', 'infrared image', 'partially coupled filter', 'visible image'] 

TOP-K 1166: ['activity recognition methods', 'end-to-end dl methods', 'dl methods', 'energy-efficient solution', 'classic ml methods.', 'shl challenge dataset.', ['hidden markov model']] 

Reference 1166: ['activity recognition', 'competition', 'deep learning', 'ensembles', 'hidden markov models', 'machine learning'] 

TOP-K 1167: ['simd technologies', ['intel'], 'simd features', 'ipm approaches', 'different cavs', 'performance', 'cavs abilities', 'programming efforts.', 'important issue'] 

Reference 1167: ['avx', 'avx-512', 'intel', 'simd', 'vectorization'] 

TOP-K 1168: ['m-microaggregation', ['data utility'], 'high-utility dp data sets.', 'traditional microaggregation.', 'matrix coefficients', 'large group sizes.', 'utility', 'effective approach'] 

Reference 1168: ['data utility', 'differential privacy', 'microaggregation'] 

TOP-K 1169: [['online activity recognition'], 'online human interaction', 'partial activity observation problem', 'online activity recognition.', 'challenging interaction database', 'multiple score functions', 'arbitrary activity fragments.', 'adaptive label strategy', 'similar partial activities', 'realistic scenario'] 

Reference 1169: ['adaptive regression', 'interaction recognition', 'online activity recognition', 'partial observation'] 

TOP-K 1170: ['fog trust', 'fog nodes', 'algorithm', 'active processes', 'formal model', 'indirect experience'] 

Reference 1170: ['fog computing', 'quality of protection', 'trust'] 

TOP-K 1171: [['local differential privacy'], 'privacy protection', 'laplace noise', 'classification algorithm', 'laplacian mechanism', 'experimental results', 'privacy preserving', 'cloud computing', 'data centers', 'differential privacy protection mechanism', ['data mining'], 'sensitive information', 'excellent reliability', 'pattern mining process.'] 

Reference 1171: ['classification model', 'data center networks', 'data mining', 'local differential privacy'] 

TOP-K 1172: ['blind image super-resolution', 'deep networks.', ['blur kernel'], 'joint training', 'discrete latent variable.', 'pre-training method', 'new approach', 'encoder network', 'encoder network.', 'whole model', 'likelihood function'] 

Reference 1172: ['blind super-resolution', 'blur kernels', 'latent variables', 'lower bound', 'mixture of networks'] 

TOP-K 1173: ['collaborative emotion vector', 'multi-task learning', 'model', 'reinforcement learning.', 'several experiments', 'previous models'] 

Reference 1173: ['affective computing', 'emotional conversation generation', 'emotional editing', 'multitask learning', 'reinforcement learning'] 

TOP-K 1174: ['novel sparse reconstruction formulation', 'video super-resolution', 'sparse reconstruction framework', 'high-resolution frame', ['deep features'], 'joint bilateral filter', 'temporal coherence.', 'reconstruction noises', 'whole super-resolution process.', 'previous approaches', 'effective dictionary', 'transfer details.'] 

Reference 1174: ['deep features', 'sparse representation', 'temporal coherence', 'video super resolution'] 

TOP-K 1175: ['disease-associated mirnas', ['graph convolutional network'], 'state-of-the-art methods', 'unseen diseasemirna associations.', 'model training', ['disease hierarchy'], 'case studies', 'prediction performance.', 'ablation analysis', 'interaction network.'] 

Reference 1175: ['disease hierarchy', 'graph convolutional network', 'interaction network', 'micrornas', 'protein coding genes'] 

TOP-K 1176: ['mixed-discrete z-numbers', 'discrete fuzzy number.', 'new approach', 'computational complexity', 'second component'] 

Reference 1176: ['aggregation functions', 'discrete fuzzy numbers', "zadeh's z-numbers"] 

TOP-K 1177: ['stochastic linguistic term', 'slt', 'slt analysis', 'linguistic assessments', 'stochastic analysis.', 'comparative analysis', 'complete probability distribution', 'numeric example', 'prospect theory.'] 

Reference 1177: ['2-tuple aspirations', 'linguistic distribution assessments', 'multi-attribute group decision making (magdm)', 'prospect theory', 'stochastic linguistic term (slt)'] 

TOP-K 1178: ['solid state-of-practice', 'physical systems', 'conceptual studies', 'empirical investigations.', ['continuous experimentation'], 'solution proposals.'] 

Reference 1178: ['continuous experimentation', 'cyber–physical systems', 'software engineering'] 

TOP-K 1179: ['data balancing.', 'ml-based code', 'oo systems.', 'mvc pattern.', 'extensive replication package', 'raw data', 'additional plots', 'broad study', 'novel study'] 

Reference 1179: ['code smells', 'data balancing', 'machine learning', 'model view controller', 'object oriented'] 

TOP-K 1180: ['hdfs', 'decommission time', 'rescaling mechanisms', 'commission time', 'file system', 'bounds', 'minimal duration'] 

Reference 1180: ['commission', 'decommission', 'elastic storage', 'malleable distributed file system', 'model'] 

TOP-K 1181: [['hierarchical dense connection'], ['global feature fusion'], 'light-weight sr model.', 'feature representation.', 'fine residual learning', 'parameter sharing', 'reasonable design'] 

Reference 1181: ['global feature fusion', 'hierarchical dense connection', 'multi-scale', 'recursive network', 'super-resolution'] 

TOP-K 1182: ['jpda implementation', 'stochastic gibbs sam pling.', 'consensus concept', 'efficient algorithm', 'general framework'] 

Reference 1182: ['average consensus', 'distributed information fusion', 'gibbs sampling', 'joint probabilistic data association', 'multiple target tracking'] 

TOP-K 1183: ['ensemble selection method', ['ensemble selection'], 'state-of-the-art algorithms', 'extensive comparative experiments', 'soft classification outputs', 'test sample', 'base classifier', 'confidence', 'overall credibility', 'entire training set.', 'superior performance'] 

Reference 1183: ['artificial bee colony', 'classifier selection', 'ensemble method', 'ensemble selection', 'multiple classifier system'] 

TOP-K 1184: ['umd-dmed model', 'vehicle trajectory features', 'maneuver detection algorithms', 'right lane change', 'right turn', 'scene-centric features', 'data set', 'lstm model.', 'lane change', 'major innovative computational components', 'extensive experiments', 'early detection', 'right lane changes', 'distance-based representation', 'maneuver classes'] 

Reference 1184: ['advanced driver assistance systems', 'computer vision', 'deep neural networks', 'driving maneuver early detection', 'sequence learning'] 

TOP-K 1185: ['group blind signature', 'smart grid.', 'large-scale users', ['anonymous authentication'], 'conditional anonymity', 'privacy data'] 

Reference 1185: ['anonymous authentication', 'data integrity verification', 'industry 4.0/5.0 for security', 'smart grid', 'traceability'] 

TOP-K 1186: ['java decompilers.', 'decompilation results.', 'novel approach', 'empirical assessment'] 

Reference 1186: ['decompilation', 'java bytecode', 'reverse engineering', 'source code analysis'] 

TOP-K 1187: ['nonlinear dimensionality reduction', 'seismic events', 'multiple seismic channels', 'manifold learning.', 'small structural changes', 'multiple views', 'automatic identification', 'automated method', 'new representation'] 

Reference 1187: ['diffusion maps', 'dimensionality reduction', 'manifold learning', 'multi-view'] 

TOP-K 1188: ['sensor-based user behavior', 'body sensor data.', 'health status monitoring', 'data fusion', 'multiple body sensors', 'kernel principal component analysis.', 'available standard datasets', 'performance comparison', 'much attention.'] 

Reference 1188: ['behavior recognition', 'body sensor data fusion', 'deep recurrent neural network', 'robust healthcare'] 

TOP-K 1189: ['intel sgx-enabled privacy preservation', 'intrusion detection framework', 'network trust evaluation.', 'novel consensus mechanism', 'efficiency guarantee', 'main challenges', 'incentive mechanism'] 

Reference 1189: ['blockchain', 'intel sgx', 'intrusion detection', 'network trust evaluation', 'privacy preservation'] 

TOP-K 1190: [['deep learning'], 'transfer learning', 'context-aware smell detection.', 'smell detection.', 'code smells.', 'tokenized raw code', 'feature engineering.', 'comprehensive mechanism'] 

Reference 1190: ['code smells', 'deep learning', 'smell detection tools', 'transfer-learning'] 

TOP-K 1191: ['dom-based test repair approach', 'automated model-based approach', 'test breakage taxonomy.', 'broken scripts', 'open-source tool', 'repair strategies', 'dom coverage', 'various breakages', 'broken capture', 'replay test scripts.'] 

Reference 1191: ['automated test scripts', 'model-based', 'regression testing', 'web test repair', 'web testing'] 

TOP-K 1192: ['dynamic pricing', 'combinatorial action mechanism', 'user satisfaction.', 'efficient performance.', 'resource utilization rate.'] 

Reference 1192: ['auction-based scheduling', 'cloud computing', 'combinatorial auction', 'priority', 'resource allocation'] 

TOP-K 1193: ['multi-objective decision model', 'analytic hierarchy process', 'parametric model', 'multi-objective decision problem.', 'method', 'intensity modulations', 'intrinsic adaptation'] 

Reference 1193: ['details injection', 'multi-objective decision', 'pan-sharpening', 'spectral and intensity modulation'] 

TOP-K 1194: ['jdfl', 'jdfl-based fusion algorithm', 'multimodal finger recognition.', 'discriminant feature learning', 'multimodal feature representation.', 'extensive experiments', 'dominant direction vector', 'informative finger'] 

Reference 1194: ['feature fusion', 'inter-modality', 'joint feature learning', 'multimodal biometrics'] 

TOP-K 1195: [['visual place recognition'], 'vpr.', 'multi-modality feature fusion', 'image retrieval', 'cnn-based methods', 'novel cnn features', 'new tools', 'open issues', 'different kinds', 'future directions', 'whole picture'] 

Reference 1195: ['deep learning', 'survey', 'visual place recognition', 'visual slam'] 

TOP-K 1196: ['non-uniform decomposition', 'non-uniform data', 'amd kaveri soc', 'intel arria', 'modest energy consumption increase', 'performance', 'energy impact'] 

Reference 1196: ['fpga', 'gpu', 'lattice boltzmann method', 'non-uniform partitioning', 'system-on-chip'] 

TOP-K 1197: ['field-programmable gate array', 'different snn models', 'approximate arithmetic units', 'accelerator architecture', 'energy efficient hardware implementation.', 'neural network', 'variable precision method'] 

Reference 1197: ['approximate computing', 'field programmable gate array', 'hardware accelerator', 'spiking neural network'] 

TOP-K 1198: ['dvc', 'video', 'video modeling schemes', ['deep video code'], 'challenging datasets', 'discriminative hash learning.', 'video retrieval tasks', 'video face', 'triplet loss', 'binary codes.', 'video frames.', 'superior performance', 'aggregate information'] 

Reference 1198: ['bounded triplet loss', 'deep video code', 'face video retrieval', 'hash learning', 'temporal feature pooling'] 

TOP-K 1199: [['multi-exposure image fusion'], 'multi-exposure image fusion benchmark', 'comprehensive performance comparison', 'evaluation metrics', 'test set', 'literature review'] 

Reference 1199: ['benchmark', 'deep learning', 'image fusion', 'image processing', 'multi-exposure image fusion'] 

TOP-K 1200: ['anomaly detection techniques', 'data-driven techniques', ['machine learning'], 'sensor systems.', 'detection', 'open issues', 'edge computing.'] 

Reference 1200: ['anomaly detection', 'intelligent sensing', 'internet of things', 'machine learning', 'sensor systems'] 

TOP-K 1201: ['cross-modal discriminant adversarial network', 'cross-modal data', 'cdm', ['adversarial learning'], 'latent discriminant space', 'modality discrepancy', 'novel logarithmic eigenvalue-based loss', 'novel learning mechanism', 'discriminative information', 'positive/negative feedback', 'novel network structure', 'novel method', 'cdm transformations', 'common space', 'cdm projects'] 

Reference 1201: ['adversarial learning', 'cross-modal discriminant mechanism', 'cross-modal representation learning', 'cross-modal retrieval', 'discriminant adversarial network', 'latent common space'] 

TOP-K 1202: ['shapley-shubik index', 'dispersed decision-making system.', 'new method', 'previous papers', 'results', 'local decisions', 'global decisions.'] 

Reference 1202: ['dispersed knowledge', 'global decision', 'group decisions and negotiations', 'knowledge-based systems', 'shapley-shubik power index'] 

TOP-K 1203: [['hyper-parameter optimization'], ['deep sparseness strategies'], 'hyper-parameter optimization algorithm', 'euclidean losses', 'new iterative framework', 'public benchmark expression databases', 'deep network metrics', 'different databases', 'original network', 'original network.', 'competitive performances', 'reasonable time complexity.'] 

Reference 1203: ['deep sparseness strategies', 'expression recognition', 'heuristic optimizer', 'hyper-parameter optimization', 'surrogate network'] 

TOP-K 1204: [['graph processing'], 'parallel graph processing', ['index compression'], 'lightweight encoding', 'memory space', 'memory footprint', 'spare computing power'] 

Reference 1204: ['graph processing', 'index compression', 'parallel processing', 'shared-memory'] 

TOP-K 1205: ['nyud v2', 'long-distance pixels', 'well-designed dce', 'scene-aggregated network', 'sun-rgbd dataset', 'depth', 'depth boundary', 'bubf module', 'stripe refinement module', 'multi-scale regions.', 'correlations', 'numerous experiments', 'adjacent levels.', 'fuse features'] 

Reference 1205: ['boundary-induced', 'depth correlation', 'monocular depth prediction'] 

TOP-K 1206: ['gbibit', 'first binary biclustering method', 'large datasets', 'gbibit development', 'gbibit source code', 'large datasets.', 'multiple gpu devices', 'multi-gpu version', 'gpu technology', 'memory issues', 'novel methodology', 'gpu device resources.', 'full advantage', 'balanced way.'] 

Reference 1206: ['biclustering', 'binary', 'cuda', 'gpu'] 

TOP-K 1207: ['assurance-case argumentation', 'product-line assurance-case', 'contract-based-design framework.', 'per-variant analysis.', 'assurance-case patterns.', 'exploratory case study', 'product-line extension', 'industrial system'] 

Reference 1207: ['assurance cases', 'contract-based design', 'product line engineering'] 

TOP-K 1208: ['tolerant concurrent computing', ['mutual exclusion'], 'important issues'] 

Reference 1208: ['asynchronous read/write system', 'consensus', 'failure detector', 'mutual exclusion', 'process crash'] 

TOP-K 1209: ['hybrid confidentiality-based analytic framework', ['intel sgx'], 'outsourced data', 'advanced encryption standard', 'privacy-preserving manner', 'hardware-based solution', 'analysis accuracy', 'sensitive data processing.', 'software-based solution.', 'cloud.', 'high level'] 

Reference 1209: ['cloud computing', 'data clustering', 'data confidentiality', 'intel sgx', 'internet of things'] 

TOP-K 1210: ['ect', 'novel self-organized classification tree', 'si mining', 'clustering problems', 'surface classification problems.', 'si classification', 'spectral reactions', 'practical application', 'explicit rules'] 

Reference 1210: ['back-propagation networks (bpn)', 'evolutionary classification tree (ect)', 'particle bee algorithm (pba)', 'satellite imagery (si)', 'support vector machine (svm)'] 

TOP-K 1211: ['multimedia objects', 'multimedia availability', 'copyright information'] 

Reference 1211: ['blockchain', 'copyright', 'distributed images', 'ipfs', 'perceptual hash (phash)', 'security'] 

TOP-K 1212: ['sdp studies', 'clustering methods.', 'clustering models', 'unsupervised defect prediction models', 'effort-aware indicators', 'performance evaluation.', 'detailed analysis', 'project versions'] 

Reference 1212: ['clustering-based unsupervised models', 'data analytics for defect prediction', 'empirical study'] 

TOP-K 1213: ['novel robust deep model', 'hierarchical semantics', 'state-of-the-art methods', 'benchmark data sets', 'corresponding objective function', 'data samples', 'optimization problem', 'promising results', 'optimization problem.', 'trackable form', 'layerwise way'] 

Reference 1213: ['deep learning', 'k-means algorithm', 'robust clustering'] 

TOP-K 1214: ['random forest representation method', 'new pipelined hardware architecture', 'multiple applications.', 'decision tree', 'instruction set.'] 

Reference 1214: ['fpga', 'hardware accelerator', 'prediction acceleration', 'random forest'] 

TOP-K 1215: ['defect prediction', 'defect predictor', 'feature selection', 'feature selection algorithm', 'conduct extensive experiments'] 

Reference 1215: ['convolutional neural network', 'kernel extreme learning machine', 'metaheuristic feature selection', 'software defect prediction', 'whale optimization algorithm'] 

TOP-K 1216: [['linguistic stochastic dominance'], 'semantic sensitivity', 'comparison analyses', 'consensus', 'types'] 

Reference 1216: ['consensus reaching', 'group decision making', 'linguistic distribution assessment', 'linguistic stochastic dominance'] 

TOP-K 1217: [['vicinal domain adaptation'], 'novel adversarial losses', 'vicinal domains', ['categorical domain adaptation'], 'joint domain-category classifier', 'cross-domain weighting scheme', 'category-level adversarial loss', 'spherical k-means.', 'benchmark datasets', 'adversarial feature alignment', 'target discriminative structure recovery', 'original domains', 'categorical domain adaptation.', 'cross-domain weighting design.', 'intrinsic target discrimination'] 

Reference 1217: ['categorical domain adaptation', 'cross-domain weighting', 'domain augmentation', 'unsupervised domain adaptation', 'vicinal domain adaptation'] 

TOP-K 1218: ['recursive feature elimination algorithm', 'multiclass support vector machine', 'new method', 'batch elimination'] 

Reference 1218: ['feature selection', 'kernel machine', 'multi-class support vector machine', 'recursive feature elimination'] 

TOP-K 1219: ['weakly-supervised learning', 'weakly-supervised semantic segmentation', 'benchmark segmentation datasets', 'foreground regions', 'pascal voc val', 'test set', 'semantic segmentation.', 'new way', 'foreground pixels.', 'initial supervision', 'extensive experiments', 'classification information', 'joint guidance', 'incremental supervision'] 

Reference 1219: ['convolution neural networks', 'semantic segmentation', 'weakly-supervised'] 

TOP-K 1220: ['belief functions', 'ransac algorithm', 'belief functions.', 'robust combination', 'communication network.', 'cautious rule.'] 

Reference 1220: ['consensus', 'dempster–shafer theory', 'evidence theory', 'information fusion', 'uncertain reasoning'] 

TOP-K 1221: ['brain informatics-guided systematic fusion', ['brain computing'], 'brain big data integration', 'brain computing.', 'smart health services', 'multi-source fusion', 'extensible data-brain.', 'brain computing findings.', 'brain investigation.', 'predictive model', 'multiple uncertainties'] 

Reference 1221: ['brain computing', 'brain informatics', 'data-brain', 'intelligence system', 'smart health', 'systematic fusion'] 

TOP-K 1222: ['industrial data management scheme', 'dual-blockchain architecture', 'centralization risks.', ['redactable blockchain'], 'data management burden', 'malicious behavior.', 'accountability mechanism'] 

Reference 1222: ['accountability', 'industrial data management', 'redactable blockchain', 'security', 'trapdoor management'] 

TOP-K 1223: ['medical image dnns', 'medical image adversarial attacks', 'state-of-the-art deep networks', 'natural non-medical image dnns.', 'medical images', 'pathological regions', 'complex biological textures', 'medical imaging tasks.', 'high detectability', 'vulnerable regions.'] 

Reference 1223: ['adversarial attack', 'adversarial example detection', 'deep learning', 'medical image analysis'] 

TOP-K 1224: ['design patterns.', 'patterns co-occurrences', 'false positives.'] 

Reference 1224: ['architectural smells', 'architectural smells and design patterns relationships', 'design patterns'] 

TOP-K 1225: ['dense connection', 'reasonable loss function', 'mean square error loss', 'visible images operations', 'generator network.'] 

Reference 1225: ['dense block', 'generative adversarial networks', 'image fusion', 'infrared image', 'visible image'] 

TOP-K 1226: [['depth maps'], 'image filters', 'edge preserving', 'image intensities', 'initial depth maps', 'image intensity', 'noise reduction', 'guidance maps.', 'accurate depth', 'set'] 

Reference 1226: ['depth map', 'focus measure', 'guided image filtering', 'shape from focus (sff)'] 

TOP-K 1227: ['lock-free search', 'key implementation details', 'experimental results'] 

Reference 1227: ['concurrent data structures', 'hash tries', 'lock-freedom'] 

TOP-K 1228: ['online ensemble selection method', 'online ensemble selection', 'state-of-the-art algorithms', 'prequential accuracy', 'extensive comparative experiments', 'stochastic gradient descent.', 'heterogeneous base classifier', 'classification', 'test sample', 'base classifier', ['data stream'], 'overall accuracy', 'recent instances', 'confidence', 'superior performance'] 

Reference 1228: ['data streams', 'ensemble selection', 'heterogeneous ensembles'] 

TOP-K 1229: ['state-of-the-art solution', 'quality indicator metrics', 'scheduling-driven approach.', 'approach', 'efficient assignment', 'feasible order', 'major importance.'] 

Reference 1229: ['bug assignment', 'bug fixing', 'scheduling-driven', 'software maintenance'] 

TOP-K 1230: ['weighted centroid', 'aggregation function', ['compositional data'], 'compositional data.', 'natural aggregation function', 'sufficient requirement'] 

Reference 1230: ['aggregation', 'beset', 'centroid', 'compositional data'] 

TOP-K 1231: ['skin lesion segmentation', 'recursive mutual learning method', 'novel end-to-end deep framework', 'melanoma recognition', 'skin lesion segmentation task', 'melanoma recognition task', 'lesion structure information', 'melanoma recognition.', 'skin lesions.', 'joint learning ability', 'lesion class information', 'clinical knowledge', 'shape extraction module', 'mutual guidance', 'feature fusion scheme'] 

Reference 1231: ['diagnosis guided feature fusion', 'knowledge-aware deep framework', 'lesion-based pooling and shape extraction', 'melanoma diagnosis', 'recursive mutual learning'] 

TOP-K 1232: ['multi-layer signatures', 'framework', 'data integrity', 'cross-domain secure data', 'industrial internet', 'false reporting', 'penalty mechanism.'] 

Reference 1232: ['authentication', 'blockchain', 'cross-domain data sharing', 'industrial internet of things (iiot)', 'smart contract'] 

TOP-K 1233: [['wechat-like interaction network'], 'non-cooperative behavior detection method', 'opinion evolution', 'manipulative behavior detection method.', 'structured features'] 

Reference 1233: ['consensus reaching process', 'large scale group decision making', 'manipulative and non-cooperative behaviors', 'opinion dynamics', 'wechat-like interaction network'] 

TOP-K 1234: ['multi-attribute groups', 'collective opinion dynamics', 'social trust network.', ['opinion dynamics'], ['feedback mechanism'], 'group decision', 'decision-making problem.', 'quantitative analysis'] 

Reference 1234: ['consensus reaching process', 'feedback mechanism', 'multi-attribute group decision making', 'opinion dynamics', 'social trust network'] 

TOP-K 1235: ['policies followme@ls', 'followme@location policy', 'vms', 'clusters', 'fillup@ls policy', 'energy prices', 'followme@source policy', 'energy prices.', 'appropriate placement decisions.', 'many energy sources.'] 

Reference 1235: ['clouds', 'datacenters', 'energy efficiency', 'migrations', 'performance'] 

TOP-K 1236: [['cloud computing'], 'self-contained learning modules', 'hands-on experiences', 'established learning theories', 'cloud analytics engines', ['modules'], 'several core cs courses.', 'student performance', 'competency-based model.', 'survey results', 'popular cloud platforms.', 'github repository', 'reasonable success'] 

Reference 1236: ['bigdata', 'cloud computing', 'competency-based learning', 'cs curriculum', 'module'] 

TOP-K 1237: ['application permissions', 'application registration information', 'dynamic rest apis authorization'] 

Reference 1237: ['application', 'cloud', 'network security', 'rest api', 'software-defined networking'] 

TOP-K 1238: ['parallel multilevel graph partitioner', ['streaming algorithm'], 'streaming-based approach', 'common offline partitioner', 'multilevel partitioning process.', 'flexible streaming algorithm.'] 

Reference 1238: ['graph partitioning', 'multilevel graph partitioning', 'parallel graph partitioning', 'streaming algorithms'] 

TOP-K 1239: ['novel multi-view clustering methods.', 'key matrixes', 'extensive experiments'] 

Reference 1239: ['cluster indicator matrix', 'latent embedding representation', 'multi-view clustering', 'similarity matrix'] 

TOP-K 1240: ['lidar sensors', 'approximation-based data synopsis', 'lidar data', 'lidar sensor', 'limited-bandwidth connection medium', 'several lidar sensors', 'localization', 'objects', 'wireless network', 'efficient detection', 'different perspectives'] 

Reference 1240: ['approximation', 'clustering', 'distributed processing', 'lidar', 'point cloud'] 

TOP-K 1241: [['sparse motion fields'], 'long-term trajectory prediction task', 'model', 'experimental results', 'motion patterns', 'static environment', 'walkable areas', 'data sets', 'trajectory data.', 'video scene.', 'multiple kinds'] 

Reference 1241: ['human motion analysis', 'sparse motion fields', 'trajectory prediction'] 

TOP-K 1242: ['state-of-the-art solutions', 'high accuracy prediction mechanism', 'instantaneous nodes', 'real traces.', 'analytical framework'] 

Reference 1242: ['availability prediction', 'churn stabilization', 'dht', 'highly-connected', 'low-latency', 'skip graph'] 

TOP-K 1243: ['big cities', 'real-world dataset.', 'intelligent taxi', 'optimization strategies', 'taxi demand', 'realtime taxi assignment', 'multiple goals.', 'historical data.', 'performance comparison', ['destination prediction'], 'reallocation strategy', 'several popular prediction'] 

Reference 1243: ['demand prediction', 'destination prediction', 'distribution learning', 'mixture density network', 'taxi dispatch'] 

TOP-K 1244: ['high-impact code review papers.', 'systematic mapping study', 'mappings', 'cr research.', 'online web page'] 

Reference 1244: ['code review', 'mapping study', 'mining software repositories'] 

TOP-K 1245: [['partial-isa'], 'heterogeneous multicore design', 'partial-isa implementation.', 'partial-isa cores.', 'resource-expensive isa extensions', 'several different scenarios', 'traditional designs', 'execution transparency', 'extra core count.', 'optimization goals.'] 

Reference 1245: ['energy efficiency', 'heterogeneity', 'overlapping-isa', 'partial-isa', 'scheduling'] 

TOP-K 1246: ['two-stage training strategy', 'handcrafted fusion strategies.', 'residual fusion network', 'feature enhancement loss functions', 'detail preservation'] 

Reference 1246: ['end-to-end network', 'image fusion', 'infrared image', 'nest connection', 'residual network', 'visible image'] 

TOP-K 1247: ['brain structures segmentation', '3d cnn approach', 'multi-atlas features.', 'specific rois', 'adaptive size'] 

Reference 1247: ['adaptive-size patches', 'brain segmentation', 'diffeomorphism', 'ensemble model', 'fully convolutional network', 'multi-atlas'] 

TOP-K 1248: ['embedded key point shifts', 'regional key point shifts', 'new module', 'state-of-the-art performance', 'high-level feature maps.', 'benchmark datasets', 'kpsem extracts', 'efficient action recognition.'] 

Reference 1248: ['action recognition', 'key point shifts', 'temporal feature'] 

TOP-K 1249: ['learning network patterns', 'heterogeneous information', 'node information.', 'different information.', 'different models'] 

Reference 1249: ['brain network analysis', 'functional magnetic resonance imaging', 'sparse learning'] 

TOP-K 1250: ['stateful microservices', 'kubernetes platform.', 'service recovery', 'state controller', 'high-availability requirements.', 'availability management', 'application state replication', 'recovery time', 'repair actions', 'service redirection.'] 

Reference 1250: ['availability', 'containers', 'elasticity', 'failure', 'kubernetes', 'microservices'] 

TOP-K 1251: ['soft real-time guarantees', 'special programming model', 'response time', 'common libraries', 'limits usage'] 

Reference 1251: ['cyber–physical systems', 'edge–cloud', 'guaranteed latency'] 

TOP-K 1252: [['online action detection'], ['temporal smoothness'], 'temporal smoothing architecture', 'online action detection.', 'state-of-the-art performance', 'unsupervised method', 'novel network', 'novel cycle-consistency loss function.', 'future anticipation', 'recent methods', 'online setting.'] 

Reference 1252: ['cycle-consistency', 'online action detection', 'temporal smoothing', 'video understanding'] 

TOP-K 1253: ['medicine-related dl applications', 'dl', 'deep learning models', 'open challenges', 'medicine.'] 

Reference 1253: ['artificial intelligence', 'data science', 'deep learning', 'medicine', 'neural networks'] 

TOP-K 1254: ['variation control systems', 'different research communities.', 'variation control', 'characteristics'] 

Reference 1254: ['configuration management', 'software product lines', 'software repositories', 'variability management', 'version control'] 

TOP-K 1255: ['cia parameters', 'industrial benefits', 'change impact analysis.', 'cia parameters.', 'software engineering phenomena', 'direct metrics', 'adaptive maintenance.', 'change parameters', 'need'] 

Reference 1255: ['amount of change', 'change impact analysis', 'change proneness', 'changeability', 'instability'] 

TOP-K 1256: ['virtualized data centers.', 'vm migration', 'real world workload traces', 'ilp formulation', 'parallel computing cluster', 'heuristic solution.', 'scheduling decisions.', 'optimal solution.', 'apply genetic algorithm'] 

Reference 1256: ['consolidation', 'data center', 'genetic algorithm', 'migration', 'virtual machine'] 

TOP-K 1257: ['bpmn models', 'code transformations.', 'statistical point'] 

Reference 1257: ['business process model and notation models', 'empirical study', 'graphical user interfaces design', 'stereotypes'] 

TOP-K 1258: ['paris', 'machine learning', 'resilience modeling', 'hpc application resilience.', 'random fault injection', 'machine-learning method', 'application characteristics', 'high prediction accuracy.'] 

Reference 1258: ['application resilience prediction', 'fault injection', 'hpc fault tolerance', 'silent data corruption', 'transient faults'] 

TOP-K 1259: ['state-of-the-art crokage', 'social features', 'semantic features', 'candidate answers.', 'ranking', 'medium effect sizes'] 

Reference 1259: ['mining crowd knowledge', 'stack overflow', 'word embedding'] 

TOP-K 1260: ['open-source software package', 'edge server placement solutions.', 'large-scale real-world data set.', 'different placement scenarios', 'novel placement algorithm', 'algorithm performance', 'qoe evaluation.', 'detailed survey', 'extensive set'] 

Reference 1260: ['clustering', 'facility location', 'k-medoid', 'multi-access edge computing'] 

TOP-K 1261: ['fusion layer', 'multi-modal fusion.', 'fusion data', 'custom memory layer.', 'varied hyper-parameters', 'different modalities', 'memory composition', 'capture long-term dependencies', 'informative features.'] 

Reference 1261: ['attention', 'generalized multi-modal fusion', 'memory networks'] 

TOP-K 1262: ['parallel rendezvous algorithms', 'large-scale scientific modeling', 'new algorithms', 'performance gains', 'simulation codes.', 'several examples'] 

Reference 1262: ['mapreduce', 'modeling and simulation', 'parallel communication', 'rendezvous algorithms'] 

TOP-K 1263: ['blockchain-based ehealth system bces', 'attribute-based proxy re-encryption algorithms', 'fine-grained access control', 'data manipulation.', 'vulnerable patients.', 'reasonable channel'] 

Reference 1263: ['blockchain', 'cloud computing', 'data outsourcing and sharing', 'electronic health records'] 

TOP-K 1264: ['asynchronous vacation strategy', 'sleep/wakeup mechanism', 'p2p network.', 'social optimal strategy', 'energy consumption', ['nash equilibrium'], 'net profit', 'single node.', 'theory method', 'arrival rate'] 

Reference 1264: ['energy saving strategy', 'hybrid p2p network', 'matrix geometric solution', 'nash equilibrium'] 

TOP-K 1265: ['feature-wise attention', 'multimodal fusion', 'visual question', 'element-wise multiplication', 'remote consultation', 'spatial attention.', 'question modalities.', 'bilinear model', 'discriminative representations.', 'effective complement'] 

Reference 1265: ['deep learning', 'feature-wise attention learning', 'multimodal feature fusion', 'visual question answering (vqa)'] 

TOP-K 1266: ['evolutionary machine learning.', 'numerical code properties', 'readable detection rules', 'practical application', 'configurable context-free grammar.', 'demonstration tool', 'reference tools.', 'single configuration'] 

Reference 1266: ['associative classification', 'design pattern detection', 'grammar-guided genetic programming', 'machine learning', 'reverse engineering'] 

TOP-K 1267: ['gmdh-nn.', 'graph kernel svm', 'unitized symmetric regularity criterion.', 'special mgkl approach', 'initial model', 'base learner', 'novel structure'] 

Reference 1267: ['ensemble selection', 'group method of data handling', 'probabilistic output', 'regularity criterion', 'support vector machine'] 

TOP-K 1268: ['hdfs small files', 'dynamic index files', 'direct metadata access', 'perfect hashing.', 'archive base solution'] 

Reference 1268: ['distributed file system', 'fast access', 'hdfs', 'massive small files'] 

TOP-K 1269: ['trga', 'multiple-fault localization.', 'open-source programs', 'fitness function', 'parameter selection'] 

Reference 1269: ['evolution algorithm', 'fault localization', 'multiple-faults', 'software debugging', 'test restoration'] 

TOP-K 1270: ['pulmonary nodules', 'a-softmax loss', 'previous sota method', 'first attempt', 'network', 'discriminative representations.', 'related code', 'reasoning process'] 

Reference 1270: ['computer-aided diagnoses', 'convolutional block attention module', 'convolutional neural network', 'neural architecture search', 'pulmonary nodule classification'] 

TOP-K 1271: ['novel dicyc architecture', 'deformable layers', 'domain-specific deformations.', 'image alignment', 'new cycle-consistency', '2-forward-1-backward back propagation.', 'ablation study', 'conflicted gradients.', 'image alignment losses', 'maximization training'] 

Reference 1271: ['gan', 'image synthesis', 'information fusion'] 

TOP-K 1272: ['v-vqa task', 'pyramid co-attention mechanism', 'multi-path pyramid co-attention', ['cascaded pyramid transformer co-attention'], 'new learnable aggregation component', 'cptc', ['diversity learning'], 'diverse attention maps', 'aggregate adaptively-weighted frame-level feature', 'mpc', 'word-level feature', 'model', 'experimental results', 'temporal information', 'quantization mechanism'] 

Reference 1272: ['cascaded pyramid transformer co-attention', 'diversity learning', 'learnable aggregation', 'video question answering'] 

TOP-K 1273: ['practical ai', 'model-centred methods', 'continuous validation methods', 'validation approaches.', 'research papers', 'wide variety'] 

Reference 1273: ['artificial intelligence', 'machine learning', 'systematic literature review', 'testing', 'v&v', 'validation'] 

TOP-K 1274: ['parallel spmv algorithm', 'storage formats acsr', 'arm processors.', 'performance', 'aell formats.'] 

Reference 1274: ['arm', 'neon', 'simd', 'spmv', 'storage formats'] 

TOP-K 1275: ['bsdnfilter', 'trust-based packet filter', 'blockchain-based sdns.', 'real blockchain-based sdn environment', ['traffic fusion'], 'security mechanisms', 'whitelisting techniques.', 'unwanted traffic'] 

Reference 1275: ['blockchain technology', 'intrusion detection', 'software-defined networking', 'traffic filtration', 'traffic fusion', 'trust computation'] 

TOP-K 1276: [['hybrid specification'], 'hybrid specifications.', 'novel three-step approach', 'approach', 'controlled experiment'] 

Reference 1276: ['formal methods', 'hybrid specification', 'requirements analysis', 'software productivity', 'software reliability'] 

TOP-K 1277: [['crossover-net'], 'non-elongated tissues segmentation', 'crossover relation information', 'target-guided information', 'new loss function', 'medical images.'] 

Reference 1277: ['convolutional neural network', 'crossover-net', 'crossover-patch', 'image segmentation', 'non-elongated tissue'] 

TOP-K 1278: ['human action recognition', 'inverted dirichlet distributions', 'hmm', 'convergence-guaranteed algorithm', ['variational bayes'], 'simulated data sets', 'continuous hmm', 'modeling high-dimensional data.', 'real-life application'] 

Reference 1278: ['continuous hidden markov models', 'generalized inverted dirichlet', 'localized feature selection', 'mixture models', 'variational bayes'] 

TOP-K 1279: ['multi-modal physiological data', 'physiological timeseries classification', 'image-based architectures', 'time-frequency ridge.', 'visual pattern recognition', 'physiological data', 'transfer learning'] 

Reference 1279: ['dimensionality reduction', 'multimodality', 'ridge', 'spatial fusion', 'spectral fusion', 'temporal fusion'] 

TOP-K 1280: [['network edge entropy'], 'edge entropy', 'global thermodynamic entropy', 'real-world networks', 'quantum statistics.', ['partition functions'], 'quantitative differences'] 

Reference 1280: ['network edge entropy', 'partition function', 'spin statistics'] 

TOP-K 1281: ['multi-granular ults', 'minimum adjustment optimization model', 'confidence.'] 

Reference 1281: ['bounded confidence', 'consensus reaching process', 'minimum adjustment', 'multi-granular unbalanced linguistic information'] 

TOP-K 1282: ['anomaly detection systems', 'convex hull calculation approach', 'one-class classifiers.', 'non-convex boundaries.', 'non-convex sets.', 'different datasets', 'new method'] 

Reference 1282: ['anomaly detection', 'boundary', 'convex hull', 'limits', 'one-class', 'projection methods'] 

TOP-K 1283: ['lung nodule malignancy prediction', ['capsule networks'], 'nodule hand-crafted features', 'mixcaps', 'classification accuracy', 'key drawbacks', 'spatial relations', 'potential correlations', 'mixcaps architecture', 'overall classification performance', 'different prediction task', 'potential interpretability', 'several capsnet experts.', 'specific subset', 'separate dataset'] 

Reference 1283: ['capsule network', 'mixture of experts', 'tumor type classification'] 

TOP-K 1284: ['new hw register', 'shared-memory model.', 'poly-double-logarithmic number', 'n names', 'potential benefits'] 

Reference 1284: ['distributed algorithm', 'loose renaming', 'randomized algorithm', 'shared memory model', 'tight renaming'] 

TOP-K 1285: ['user-centric privacy', 'mobile apps', 'state-of-the-art location', 'user privacy', 'data anonymization process.', 'decentralized approach', 'user devices', 'privacy attacks', 'quality', 'thirdparty servers.', 'data samples', 'little impact'] 

Reference 1285: ['distributed applications', 'location privacy', 'location privacy protection mechanism', 'mobile crowdsourcing'] 

TOP-K 1286: ['ocl rules', 'pre-validating potential values', 'software models.', 'concrete repairs.', ['concrete repairs'], 'runtime complexity'] 

Reference 1286: ['abstract repair', 'concrete repair', 'inconsistency repair', 'model repair'] 

TOP-K 1287: [['serious games'], 'hpc education.', 'serious game use', 'serious games.', 'social learning', 'hpc workshop.', 'student intuition'] 

Reference 1287: ['hpc education', 'hpc training', 'serious games'] 

TOP-K 1288: ['hash map design', 'tbb library', 'experimental results', 'theoretical memory usage analysis', 'scalability results', 'key algorithms', 'approach', 'memory bounds.', 'presentation'] 

Reference 1288: ['hash maps', 'hazard pointers', 'lock-freedom', 'memory reclamation'] 

TOP-K 1289: ['cross-modal interactions', 'linguistic modality', 'nonverbal modalities.', 'multimodal models', 'positive utterances.', 'multimodal embeddings.', 'multimodal sequence.', 'deep representations', 'modality context yields'] 

Reference 1289: ['emotion recognition', 'multimodal human language understanding', 'reproducibility in multimodal machine learning', 'video sentiment analysis'] 

TOP-K 1290: ['mulsemedia content', 'first emotion recognition dataset', 'external devices', 'ppg data', 'arousal values.', 'multiple sensorial media.', 'precise timestamp.', 'statistical significance'] 

Reference 1290: ['classification', 'emotion recognition', 'modality level fusion', 'multiple sensorial media', 'physiological signals'] 

TOP-K 1291: ['i/o separation scheme', 'i/o separation scheme.', 'stream-aware scheduling policy', 'solid-state drives.', 'i/o functions.', 'increases i/o throughput', 'multi-stream feature'] 

Reference 1291: ['burst buffer', 'evaluation', 'i/o separation', 'multi-streamed ssd', 'stream-aware'] 

TOP-K 1292: ['hybrid resampling.', 'algorithm', 'existent algorithms', 'different versions'] 

Reference 1292: ['convergence', 'parallel and distributed computing', 'particle filters', 'resampling', 'sequential monte carlo methods'] 

TOP-K 1293: ['new fpt-algorithm-based clustering method', 'large-size wsn-based iot networks.', 'approximation ratio', 'network performance', 'potential energy hole', 'base station.', 'mechanism', 'network lifetime'] 

Reference 1293: ['approximation algorithm', 'energy balance', 'internet of things', 'routing protocol'] 

TOP-K 1294: ['zsar methods', 'general joint-conditional-probability framework', 'probabilistic model', 'zsar methods.', 'zero-shot action recognition approach', 'inference mechanism', 'dorsal stream theory', 'nonlinear mapping relationship', 'irredundant visual feature', 'ventral', 'benchmark datasets', 'visual space', 'relation ambiguity', 'redundant visual feature', 'semantic space.'] 

Reference 1294: ['nonlinear similarity metric learning mechanism', 'vd-zsar', 'ventral & dorsal stream theory'] 

TOP-K 1295: ['scale-invariance constraint', 'scale variance minimization', 'optimal unsupervised domain adaptation.', ['semantic structures'], 'existing domain adaptation techniques.', 'superior performance'] 

Reference 1295: ['adversarial learning', 'image segmentation', 'semantic structure', 'unsupervised domain adaptation', 'variance minimization'] 

TOP-K 1296: [['fashion landmark estimation'], 'fashion landmarks', ['skeleton-like characteristic'], 'many popular cnn models', ['loss function'], 'network search landmark positions', ['position constraint'], 'detection problems', 'extra computation', 'reasonable region'] 

Reference 1296: ['fashion landmark estimation', 'loss function', 'position constraint', 'skeleton-like characteristic'] 

TOP-K 1297: ['various tall-and-skinny inputs', 'tall-and-skinny gemm', 'gemm', 'efficient algorithms', 'irregular-shaped input.', 'memory bandwidth', 'current optimizations', 'computing power.'] 

Reference 1297: ['cuda', 'gpu', 'matrix–matrix multiplication', 'performance optimization', 'tall-and-skinny matrix'] 

TOP-K 1298: [['security patterns'], 'non-distributed matrix matching technique.', 'false positives', 'various pattern detection techniques.', 'software systems.'] 

Reference 1298: ['secure architectural design', 'security pattern detection technique', 'security patterns', 'security quality assurance', 'software design component'] 

TOP-K 1299: ['ray tracer.', 'different courses', 'code snippets', 'different computing boards', 'technical results', 'lab interactions.', 'detailed descriptions', 'qualitative assessment', 'suitability study', 'post surveys'] 

Reference 1299: ['assembly instructions', 'futex', 'ray tracing', 'semaphore', 'task queue'] 

TOP-K 1300: ['open-source systems', 'code reuse ratio reuse', 'source code size', 'reproducible large scale study', 'security risk.', 'potential vulnerabilities.', 'security aspect'] 

Reference 1300: ['case study', 'open-source software', 'security vulnerabilities', 'software reuse'] 

TOP-K 1301: ['real-time tasks', 'novel energy-aware scheduling strategy', 'arm big.little.', 'soft real-time tasks', 'expected power consumption'] 

Reference 1301: ['arm big.little', 'energy-efficiency', 'heterogeneous multicore processing', 'real-time scheduling'] 

TOP-K 1302: ['ir/vis fusion.', 'end-to-end model', 'aggregated residual dense networks', 'fusion rules', ['loss function strategies'], 'thermal radiation information', 'model similarity constraint.', 'fuse rgb scale images', 'novel method', 'different resolutions', 'texture details', 'source images.'] 

Reference 1302: ['convolutional neural network', 'deep learning', 'image fusion', 'infrared image', 'loss function strategy', 'visible image'] 

TOP-K 1303: [['handwritten word recognition'], 'handwriting word recognition.', 'sequence-to-sequence approach', 'novel integrated language model', ['candidate fusion'], 'state-of-the-art performances', 'language statistics'] 

Reference 1303: ['candidate fusion', 'handwritten word recognition', 'language model', 'sequence-to-sequence models'] 

TOP-K 1304: ['novel deep convolutional network', 'deep learning methods', 'efficient wind speed forecasting.', 'data preprocessing', ['dense connections'], 'ca modules', 'superior performance', 'direct transmission', 'short paths', 'convolution block.', 'distinguishing input set.', 'reconstruction construct'] 

Reference 1304: ['classification', 'convolutional neural networks', 'densely connected', 'parameter efficiency'] 

TOP-K 1305: ['dhv biometrics', 'dhv biometrics.', 'dhv recognition methods', 'dhv image databases', 'typical dhv recognition methods', 'future directions', 'new taxonomy', 'new progress', 'detailed survey', 'chronological order.'] 

Reference 1305: ['biometrics', 'dorsal hand vein', 'survey'] 

TOP-K 1306: [['sensor fusion algorithms'], 'fundamental algorithms', 'advanced algorithms', 'orientation tracking', 'future research challenges', 'vector observation.', 'kalman filter.', 'imperfect measurement rejection.', ['complementary filter'], 'strap-down integration', 'gain tuning'] 

Reference 1306: ['adaptive gain tuning', 'attitude and heading reference system', 'complementary filter', 'linear/extended kalman filter', 'magnetic and inertial measurement unit', 'sensor fusion algorithm'] 

TOP-K 1307: ['upper limb balance ability', 'human motion capture', ['sensor fusion'], 'cp children.', 'kinematic chains.', 'limb gait analysis', 'gross motor function', 'trunk posture', 'evaluation method'] 

Reference 1307: ['body sensor network', 'cerebral palsy', 'hippotherapy', 'rehabilitation medicine', 'sensor fusion'] 

TOP-K 1308: ['mpmcdm models', 'natural language', 'deep learning model', 'numerical assessments.', 'linguistic terms.'] 

Reference 1308: ['aspect-based sentiment analysis', 'multi-person multi-criteria decision making', 'multi-task deep learning', 'smarter decision aid', 'social media'] 

TOP-K 1309: ['de-facto data augmentation.', 'sample trajectory', 'open-sourced datasets.', 'ensemble models', 'neural networks.', 'novel method', 'encoding method', 'several baselines', 'present superior performances'] 

Reference 1309: ['gradient boosted decision trees', 'neural networks', 'random forest', 'word2vec'] 

TOP-K 1310: ['novel aer method', 'theoretical proofs', 'imbalanced data classification.', 'numerical instability', 'memory complexities', 'implicit regularization.', 'method deals'] 

Reference 1310: ['adaptive ensemble', 'gradient boosting machines', 'imbalanced data classification', 'regularization'] 

TOP-K 1311: ['tpc-ds queries', 'scache', 'shuffle data.', 'shuffle overhead', 'dag jobs.', 'frq model', 'execution time', 'overall completion time'] 

Reference 1311: ['distributed dag frameworks', 'optimization', 'performance model', 'shuffle'] 

TOP-K 1312: ['proposed system', 'performance analysis', 'models', 'wi-fi propagation', 'lightweight calibration procedure', 'magnetic field magnitude', 'indoors.'] 

Reference 1312: ['imu-based', 'indoor localization', 'magnetic field', 'rssi-based', 'sensor fusion', 'smartphone tracking'] 

TOP-K 1313: ['dragonfly networks.', 'infiniband-based dragonflies.', 'low diameter', 'real-system experiments.', 'performance/cost ratio.', 'switch features', 'implementation proposal'] 

Reference 1313: ['deadlock freedom', 'dragonfly', 'infiniband', 'routing'] 

TOP-K 1314: ['multi-label classification', 'ackel', 'disjoint mode', 'promising results', 'balance level'] 

Reference 1314: ['k-labelsets ensemble', 'label powerset', 'multi-label learning', 'separability'] 

TOP-K 1315: ['machine learning', 'bursty communication', 'token-based flow control', 'uneven class-label distribution', 'competitive performance.', 'viable alternative'] 

Reference 1315: ['decentralized machine learning', 'federated learning', 'gossip learning'] 

TOP-K 1316: ['temporal property graphs.', 'large property graphs', 'large graphs.', 'linear path query model', 'diverse query workloads', 'optimum execution plan.', 'commodity cluster', 'execution model', 'novel cost model'] 

Reference 1316: ['big data platforms', 'distributed scheduling', 'graph processing', 'query planning', 'temporal graphs'] 

TOP-K 1317: ['decentralized trust system', 'trust system', 'blackhole attacks', 'proposed system', 'vanet applications', 'malicious nodes', 'protocol.'] 

Reference 1317: ['blockchain', 'distributed system', 'routing protocol', 'vanet'] 

TOP-K 1318: ['image fusion method', 'novel attribute', 'color visible image', 'visible imaging system', 'video dataset'] 

Reference 1318: ['attribute filtering', 'edge-preserving filtering', 'image fusion', 'image pyramid', 'infrared image'] 

TOP-K 1319: ['multimodel machine translation.', 'variational approach', 'decoder translation frameworks', 'semantic space', 'various modes.'] 

Reference 1319: ['machine translation', 'multimodal learning', 'variational neural machine translation'] 

TOP-K 1320: [['multimodal sentiment analysis'], ['quantum theory'], 'sota baselines', 'complex-valued neural network', 'quantum process.', 'multimodal interactions.', 'interpretability issue'] 

Reference 1320: ['machine learning', 'multimodal sentiment analysis', 'quantum theory'] 

TOP-K 1321: ['pc-tcs', 'policy-customized trusted cloud service', 'vm migration protocol', 'security policy', 'new attributes-based signature', 'remote attestation.', 'remote attestation scheme', 'small overhead'] 

Reference 1321: ['policy-customized', 'remote attestation', 'security on demand', 'trusted cloud service'] 

TOP-K 1322: ['open-source engines', 'game engines', 'project documentation', 'academic studies', 'traditional code-quality toolkit', 'traditional frameworks.', 'framework projects', 'engine developers', 'quantitative differences', 'engines projects'] 

Reference 1322: ['framework', 'game-engine', 'mining', 'open-source', 'video-game'] 

TOP-K 1323: [['fractional precedence constraints'], 'job scheduling', 'approximation guarantees', 'novel matrix decomposition algorithm', 'follower jobs', 'necessary conditions'] 

Reference 1323: ['birkhoff-von neumann decomposition', 'fractional precedence constraints', 'preemptive scheduling', 'unrelated machines'] 

TOP-K 1324: ['cross-server authentication', 'multi-server model', 'lightweight cryptographic tools', 'roadside unit', 'computing load', 'limited number'] 

Reference 1324: ['authentication', 'cryptography', 'internet of vehicles', 'key agreement'] 

TOP-K 1325: ['lddmm software claire', 'hardware acceleration', 'clinical images', 'mixed-precision approach', 'finite differences', 'intensive kernels', 'cubic interpolations.'] 

Reference 1325: ['diffeomorphic image registration', 'gauss–newton–krylov method', 'gpu computing', 'mixed-precision solver', 'parallel optimization'] 

TOP-K 1326: ['geo-distributed architectural framework', 'big data', 'voluminous big data', 'effective decision making', 'abstract formats'] 

Reference 1326: ['automation of everything (aoe)', 'big data analytics', 'cloud platform', 'cyber–physical systems (cps)', 'internet of everything (ioe)'] 

TOP-K 1327: ['sql compilers', ['database management systems'], ['error messages'], 'usability studies', 'effective error messages', 'error fixing.', 'different error messages.'] 

Reference 1327: ['compiler', 'database management system', 'error message', 'structured query language (sql)'] 

TOP-K 1328: [['hpc systems'], ['machine learning'], 'job execution', 'batch systems', 'performance degradation.', 'shared resource.', 'greedy strategy', 'hardware counters'] 

Reference 1328: ['colocation', 'hpc systems', 'machine learning', 'performance characterization', 'performance counters', 'resource manager'] 

TOP-K 1329: ['switch architectures', 'qos omni-path', 'hierarchical architectures', 'deficit table output scheduler', 'non-hierarchical ones', 'qos provision.', 'hierarchical switch.', 'infiniband mechanisms.', 'latency results'] 

Reference 1329: ['hierarchical and non-hierachical switches', 'interconnection networks simulation', 'performance evaluation', 'quality of service', 'scheduling algorithms'] 

TOP-K 1330: ['reconstruction-by-inpainting-based anomaly detection method', ['anomaly detection'], 'riad', 'recent anomaly detection methods.', 'state-of-the-art performance', 'detection'] 

Reference 1330: ['anomaly detection', 'cnn', 'inpainting', 'video anomaly detection'] 

TOP-K 1331: ['weighted properties', 'clustering users', 'clustering methods.', 'center-based clustering techniques', 'formal classification advantages'] 

Reference 1331: ['clustering', 'properties', 'theory'] 

TOP-K 1332: ['non-referenced structural similarity index', 'deep learning model', 'state-of-the-art methods', 'intra ssim', 'skin lesions', 'hair removal', 'skin lesion images.', 'hair strands.', 'method', 'gated convolution', 'accurate segmentation', 'hair mask dataset', 'hair gap.', 'segment hair'] 

Reference 1332: ['deep learning', 'dermoscopy', 'digital hair removal', 'skin lesion segmentation'] 

TOP-K 1333: ['artificial intelligent mask detection', 'machine learning', 'server-based pandemic control mechanism.', 'predictive caching', 'local servers', 'standard operation procedures', 'visible percentage'] 

Reference 1333: ['content caching', 'health care', 'internet of things (iot)', 'named data networking of things'] 

TOP-K 1334: ['end-to-end training', 'heterogeneous graphs.', 'scalability structure', 'trust relations', 'recommendation model', 'whole recommendation network.'] 

Reference 1334: ['graph neural networks', 'heterogeneous data fusion', 'knowledge graph', 'trust-aware'] 

TOP-K 1335: [['tf.idf'], 'irfl solutions', 'irfl techniques.', 'word-embedding model', 'large scale study', 'available datasets'] 

Reference 1335: ['automated fault localization', 'doc2vec', 'global training', 'information retrieval', 'tf.idf', 'word embedding'] 

TOP-K 1336: [['directional monotonicity'], 'extended functions.', 'strong extended pre-aggregation functions.'] 

Reference 1336: ['aggregation function', 'cardinality-limiting function', 'directional monotonicity', 'extended aggregation function', 'pre-aggregation function'] 

TOP-K 1337: ['graphical formalism', 'railway systems', 'formalism', 'online monitoring', 'monitoring complexity'] 

Reference 1337: ['live sequence chart', 'runtime verification', 'train control system'] 

TOP-K 1338: [['causal direction inference'], 'parallel ensemble algorithms', 'real world data', 'theoretical analyses', 'accuracy rates'] 

Reference 1338: ['causal direction inference', 'parallel ensemble', 'unstable learner'] 

TOP-K 1339: ['idss', 'two-layer collaborative idss', 'nash equilibrium', 'smart grids.', 'resource restriction', 'resource allocation scheme', 'stochastic game', 'detection resource restriction', 'attackers', 'resource allocation method', 'detection resources', 'first layer', 'experimental analysis', 'second layer', 'detection resource restriction.'] 

Reference 1339: ['intrusion detection system', 'resource allocation', 'sharing strategy', 'smart grids'] 

TOP-K 1340: ['second-order renyi entropy', 'second-order renyi entropy.', 'graph datasets', 'deep renyi entropy representation', 'deep renyintropy', 'graph.', 'experimental results', 'graph kernel.'] 

Reference 1340: ['deep representation', 'graph classification', 'graph kernel', 'rényi entropy', 'shannon entropy'] 

TOP-K 1341: ['interactive data fusion strategy', 'adaptive attention modules', 'different data.'] 

Reference 1341: ['channel attention', 'interactive fusion', 'multiresolution image classification', 'progressive fusion', 'spatial attention'] 

TOP-K 1342: ['analytical model', 'numerical computation', 'analytical results', 'booksim simulator.', 'different traffic patterns', 'injection process', 'several configurations'] 

Reference 1342: ['many-core processor', 'network-on-chip', 'performance analysis', 'stochastic modelling'] 

TOP-K 1343: [['i/o characteristics discovery'], 'object-based storage systems.', 'prefetching prototype', 'mining i/o similarity.', 'i/o behaviors.', 'human bias', 'real storage systems', 'key features', 'group objects', 'limited attributes'] 

Reference 1343: ['access pattern analysis', 'i/o characteristic discovery', 'i/o optimization', 'object-based storage', 'parallel/distributed file systems'] 

TOP-K 1344: ['edge caching.', ['network unreliability'], 'caching strategies', 'cache efficiency', 'bandwidth resources', 'limited storage', 'different computation complexity'] 

Reference 1344: ['content placement', 'edge caching', 'network unreliability', 'optimization', 'request scheduling'] 

TOP-K 1345: ['failure rates', 'failures', 'interplay analysis', 'statistical modelling', 'different types'] 

Reference 1345: ['failure analysis', 'fault tolerance', 'high performance computing', 'resilience'] 

TOP-K 1346: ['fusion problem', 'core tensors', 'tensor-based modeling.', 'quantitative fusion results', 'semicoupled mapping relationship', 'spectral sparsity priors.', 'first work', 'fusion tasks.', 'method', 'different kinds'] 

Reference 1346: ['image fusion', 'remote sensing', 'semicoupled sparse', 'spatio-temporal–spectral', 'tensor'] 

TOP-K 1347: ['human-behavioral databases', ['data mining'], 'deep learning models', 'various algorithms', 'different models', 'several solutions'] 

Reference 1347: ['analysis', 'data mining', 'deep learning', 'human behaviors', 'smart cities'] 

TOP-K 1348: ['state-of-the-art performance', 'recurrent neural networks.', 'writer identification.', 'public datasets', 'local fragments', 'global context', 'method'] 

Reference 1348: ['local and global features', 'recurrent neural network', 'residual network', 'writer identification'] 

TOP-K 1349: [['accessibility'], 'accessible games', 'software testing', ['software engineering'], 'additional research.', 'many studies'] 

Reference 1349: ['accessibility', 'design for disabilities', 'methods for accessibility', 'software engineering', 'systematic literature review'] 

TOP-K 1350: ['novel multi-modal attention mechanism', 'covid-19 diagnosis', 'new multi-modal dataset'] 

Reference 1350: ['covid-19 diagnose', 'knowledge attention mechanism', 'knowledge embedding', 'knowledge-based representation learning'] 

TOP-K 1351: ['data-parallel quality management algorithms.', ['parallel data quality algorithms'], 'optimization techniques.', 'programming framework.', 'spark-based implementation', 'comprehensive performance evaluation'] 

Reference 1351: ['big data', 'data quality management system', 'distributed system', 'multi-tasks scheduling', 'parallel data quality algorithms'] 

TOP-K 1352: [['hyperledger fabric'], 'secure trustzone-based lightweight wallet', 'utxo model', 'digital currency system', ['simple payment verification'], 'proposed system', 'abundant evaluations', 'digital assets.'] 

Reference 1352: ['hyperledger fabric', 'lightweight wallet', 'simple payment verification', 'trustzone'] 

TOP-K 1353: ['bpmn collaborations.', 'complete web-based tool-chain', 'novel verification approach', 'statistical model'] 

Reference 1353: ['bpmn', 'collaboration', 'model checking', 'statistical model checking', 'verification'] 

TOP-K 1354: [['node-disjoint paths'], 'node-disjoint paths.', 'finding maximum matchings', 'total length'] 

Reference 1354: ['folded hypercube', 'hypercube', 'matching', 'node-disjoint paths', 'optimization'] 

TOP-K 1355: ['disentangled variational autoencoder', 'adversarial fusion framework', 'interpretable representations.', 'substantial multi-view information.', 'holistic optimization strategy', 'different modules.'] 

Reference 1355: ['disentangled learning', 'information fusion', 'social networks', 'user representation'] 

TOP-K 1356: ['machine learning methods.', 'cloud resources.', 'long-term reservations.', 'good prediction results', 'novel approach', 'considerable utility'] 

Reference 1356: ['adaptive planning', 'cloud computing', 'cloud-based service', 'machine learning', 'predicting resource consumption'] 

TOP-K 1357: ['ciphertext division', 'ciphertext comparison', 'computing efficiency'] 

Reference 1357: ['homomorphic encryption', 'k-means clustering', 'privacy preserving', 'secure multiparty computing'] 

TOP-K 1358: ['unified memory', 'unified memory implementation', 'multi-zone nas benchmarks.', 'unified memory.', 'unified-memory version', 'per-gpu allocation', 'performance effects', 'manual allocation', 'similar programming efforts.'] 

Reference 1358: ['multi-gpu', 'nas parallel benchmarks', 'single address space', 'unified virtual memory'] 

TOP-K 1359: ['psychological cues', 'movie summarization.', 'official trailers', 'self organizing map', 'weighted fusion', 'main characters.', 'single shot.', 'deep features', 'novel criteria'] 

Reference 1359: ['deep learning', 'facial expressions', 'information fusion', 'movie analysis', 'psychological cues extraction', 'video summarization'] 

TOP-K 1360: [['parallel visualization'], 'real-life datasets', 'scalability issues.', ['image composition'], 'rigorous performance analyses', 'extensive illustrations', 'operator', 'order independent.'] 

Reference 1360: ['image composition', 'over operator', 'parallel visualization'] 

TOP-K 1361: [['radar uav detection'], 'uav detection', 'complex sample distribution', 'three-step framework', 'approach', 'superior performance'] 

Reference 1361: ['greedy subspace clustering', 'micro-doppler signature', 'multi-gaussian subspace reliability analysis', 'radar uav detection', 'subspace fusion'] 

TOP-K 1362: [['technical debt prioritization'], 'technical debt prioritization.', 'architectural debt', 'technical debt principal', 'empirical evidence', 'systematic analysis', 'lack'] 

Reference 1362: ['systematic literature review', 'technical debt', 'technical debt prioritization'] 

TOP-K 1363: [['mob programming'], 'mob programming.', 'mob programming adoption', 'emergent practice', 'organizational enablement', 'subsequent research'] 

Reference 1363: ['agile', 'exploratory testing', 'mob programming', 'mobbing', 'pair programming', 'research roadmap'] 

TOP-K 1364: ['χ-terms', 'binary decision diagrams', 'memory efficiency', 'context-sensitive analysis values', 'memory efficient representation.', 'program analysis.'] 

Reference 1364: ['context-sensitivity', 'data-flow analysis', 'static program analysis'] 

TOP-K 1365: ['spatial relations', 'place recognition.', 'graph-based representation', 'viewpoint robustness', 'experimental evaluation', 'certain places.'] 

Reference 1365: ['3d lidar', 'place recognition', 'spatial relation graph', 'two-level framework'] 

TOP-K 1366: ['private/shared data classification', 'block-grain classification.', 'block classification', 'page granularity schemes.', 'parallel benchmarks', 'page-grain scheme', 'system optimizations.', '16-core cmp multiprocessor.', 'system performance'] 

Reference 1366: ['cache coherence', 'chip multiprocessor', 'private-shared data classification'] 

TOP-K 1367: ['multimodal siamese neural network', 'msnn model', 'multimodal user verification.', 'cnn encoders.', 'user verification.', 'unimodal approaches', 'false acceptance rate', 'signature data', 'spatial features', 'common space'] 

Reference 1367: ['cnn', 'eeg', 'lstm', 'multimodal', 'siamese neural network', 'user verification'] 

TOP-K 1368: ['feature descriptors', 'intertex', 'feature point description', 'texture-limited images', 'images.', 'formal framework', 'various geometric changes', 'multiple datasets'] 

Reference 1368: ['descriptive signature', 'globality', 'interest point', 'interwoven texture', 'locality', 'robustness'] 

TOP-K 1369: ['blockchain-oriented software engineering.', 'software engineering challenges', 'ethereum platform.', ['smart contract'], 'blockchain-specific challenges', 'comprehensive approaches'] 

Reference 1369: ['empirical study', 'ethereum', 'smart contract', 'software engineering for blockchain technologies', 'software metrics', 'software quality'] 

TOP-K 1370: ['new dnn model', 'dnn model', 'malicious pdf files', 'mobile devices.', 'high detection accuracy', 'low time cost', 'secure detection'] 

Reference 1370: ['deep neural network', 'malicious pdf detection', 'security'] 

TOP-K 1371: [['software engineering trends'], 'agile software development', ['software engineering education'], 'project-based learning.', 'gse', 'agile methodologies', 'software engineering trend.', 'se trends', 'industrial movements.', 'software startups'] 

Reference 1371: ['industry education intersection', 'software engineering education', 'software engineering trends', 'software industry', 'systematic mapping study'] 

TOP-K 1372: ['easypap environment', 'mpi kernels.', 'image tiles', 'execution traces', 'interactive display', 'parallel efficiency issues', 'scheduling policies.', '2d kernel help'] 

Reference 1372: ['education', 'monitoring', 'openmp', 'parallel programming', 'visualization'] 

TOP-K 1373: ['fsrs', 'cooperative driving scenario', 'method', 'automotive safety standard iso', 'technical architecture'] 

Reference 1373: ['automotive software architecture', 'cooperative driving', 'functional safety', 'iso 26262', 'platooning', 'safety engineering'] 

TOP-K 1374: ['taylor expansion', 'filters', 'elastic net regularizer', 'state-of-the-art performance', 'fast filter transformation algorithm', 'target-specific features.', 'popular datasets', 'group features', 'efficient solution'] 

Reference 1374: ['correlation filter', 'elastic net regression', 'filter compression', 'filter transformation', 'visual tracking'] 

TOP-K 1375: ['unified framework l2', 'ldl model', 'adaptive similarity graph.', 'logical labels', 'label correlation', 'nuclear norm'] 

Reference 1375: ['label distribution learning', 'label enhancement', 'multi-label learning'] 

TOP-K 1376: ['fusion performance.', 'self-supervised mechanism', 'visible image fusion.', 'representative fusion methods', 'domain discrepancy', 'visible images', 'novel fusion', 'practical application.', 'enhancement model'] 

Reference 1376: ['feature adaption', 'infrared and visible image fusion', 'low-quality information enhancement', 'self-supervision'] 

TOP-K 1377: ['logic minimization method', 'deep multicamera/monocular algorithms', 'first work', 'multi-camera pedestrian detection.', '2d template matching', ['pedestrian detection'], 'background pixels', 'general data association problem.', 'search space', '1d operations'] 

Reference 1377: ['homography', 'logic minimization', 'multicamera', 'pedestrian detection', 'video surveillance'] 

TOP-K 1378: ['event', 'proven methods', 'systems', 'practitioners', 'main benefits.', ['schema evolution']] 

Reference 1378: ['cqrs', 'event sourcing', 'event-driven architecture', 'grounded theory', 'schema evolution', 'software architecture patterns'] 

TOP-K 1379: ['vlaad framework', 'weighted netvlad', 'adaptive weighting mechanism', 'feature representations.', 'gated netvlad.', 'competitive performance', 'discriminative power'] 

Reference 1379: ['deep learning', 'feature representation', 'gating scheme', 'vlad', 'weighting scheme'] 

TOP-K 1380: ['novel attentive memory network', 'fusion model', 'memory network', 'extensive image retrieval experiments', 'visual dialog algorithms', 'dialogs', 'guesswhich', 'image representation', 'image retrieval efficient.', 'accurate results'] 

Reference 1380: ['attentive memory network', 'reinforcement learning', 'visual dialog'] 

TOP-K 1381: ['state-of-the-art schemes', 'fusion results.', 'low computation', 'accurate trust evaluation', 'scheme', 'strong privacy preservation simultaneously.', 'exhaustive theoretical analysis', 'multiple aspects', 'simulation evaluation.', 'storage overheads.'] 

Reference 1381: ['cooperative vehicular safety applications', 'distributed data fusion', 'overhead', 'privacy preservation', 'trust evaluation', 'vehicular networks'] 

TOP-K 1382: ['neural network architectures', 'textual captions', 'spatial inference', 'novel dataset', 'textual tokens', 'prototypical spatial relations', 'qualitative results', 'contextual information', ['spatial relations'], 'experimental analysis', 'various scenarios', ['spatial relation']] 

Reference 1382: ['deep learning', 'natural language understanding', 'spatial relations', 'text-to-image synthesis'] 

TOP-K 1383: ['hybrid cpu/gpu knn algorithm', 'shared cpu/gpu work queue', 'knn searches', 'work queue', 'high density regions.', 'workload imbalance', 'low density regions.'] 

Reference 1383: ['gpgpu', 'heterogeneous systems', 'in-memory database', 'nearest neighbor search', 'query optimization'] 

TOP-K 1384: [['steiner tree'], 'steiner tree.', 'steiner tree problem', 'approximation algorithms', 'network optimization', 'congest model'] 

Reference 1384: ['distributed approximation algorithm', 'singularly-optimal', 'steiner tree'] 

TOP-K 1385: ['geometry-aware dual-stream network', 'several cross-dataset recognition tasks', 'adaptive geometry', 'geometry alignment', 'geometry-aligned representations.', 'adaptive geometry learning.', 'unsupervised domain adaptation.', 'geometry difference', 'target labels.', 'good performance', 'geometry criteria'] 

Reference 1385: ['distribution alignment', 'domain adaptation', 'manifold structure'] 

TOP-K 1386: ['bots', ['github repositories'], 'github repositories.', 'github accounts', 'ground-truth dataset', 'open source tool', ['classification model'], 'issue comments', 'pull request'] 

Reference 1386: ['bot identification', 'classification model', 'distributed software development', 'github repositories', 'text similarity'] 

TOP-K 1387: ['parallel algorithm', ['parallel computation model'], 'parallel algorithm.', 'scalability boundary', 'speedup peak', 'main measure', 'number', 'important property'] 

Reference 1387: ['bsf model', 'bulk synchronous farm', 'cluster computing systems', 'iterative numerical algorithms', 'parallel computation model'] 

TOP-K 1388: ['covid-19 detection', 'covid images', 'testing protocols', 'different datasets', 'lungs areas', 'topic use'] 

Reference 1388: ['convolutional neural networks', 'covid-19', 'covid-19 diagnosis', 'x-ray images'] 

TOP-K 1389: ['task scheduling problem', 'task scheduling method', 'tss', 'hybrid cloud scheduling methods', 'heterogeneous hybrid clouds.', 'task requirements', 'security requirements', 'superior performance'] 

Reference 1389: ['cloud computing', 'hybrid cloud', 'security', 'task scheduling'] 

TOP-K 1390: ['spectral decorrelation', 'spatial decorrelation.', 'parallel implementation', 'optimum number', 'prediction bands'] 

Reference 1390: ['hyperspectral image compression', 'multiprocessing', 'multithreading', 'prediction based compression', 'rls filter'] 

TOP-K 1391: ['domain-specific languages', 'use cases', 'qs', 'different deployments', ['quality scenarios'], 'deployment cycles', 'deployment views.'] 

Reference 1391: ['big data analytics deployment', 'devops', 'domain-specific model', 'performance monitoring', 'quality scenarios', 'software architecture'] 

TOP-K 1392: ['multi-granularity neighborhood structure-preserving', 'novel non-iterative approach', 'robust feature matching.', 'heavy outliers', 'local outlier factor.'] 

Reference 1392: ['feature matching', 'image matching', 'locality preserving', 'mismatch removal', 'rejecting outliers'] 

TOP-K 1393: [['artistic paintings'], 'efficient stylistic descriptor', 'algorithmic information measures', 'average local complexity', 'useful auxiliary features', 'normalized compression', 'hidden patterns', 'new descriptor', 'artistic influences', 'current methodologies', 'direct comparison', 'measure'] 

Reference 1393: ['algorithmic information theory', 'artistic paintings', 'bdm', 'data compression', 'image analysis'] 

TOP-K 1394: ['inertia trajectory transla tion', 'unsupervised inertia trajectory translation', 'air-writing translator', 'air handwriti ng', 'domain adap tation task', 'inertial signals', 'model', 'paired data', 'adversarial loss', 'latent classification loss', 'latent representations', 'classification loss', 'recurrent unit', 'input time series', 'novel air'] 

Reference 1394: ['bi-directional inertia-trajectory translation', 'in-air handwriting', 'latent-level adversarial learning', 'unsupervised domain adaptation'] 

TOP-K 1395: ['class-conditional domain invariance', 'multi-class domain adaptation.', 'risk bounds.', 'novel learning method', 'benchmarking data sets.', 'empirical study'] 

Reference 1395: ['class-conditional domain invariant learning', 'domain adaptation', 'generalization bound', 'pac learning complexity', 'transfer learning'] 

TOP-K 1396: ['model-driven probability bubble approach', 'abnormal fundus images', 'deep learning', 'od', 'data-driven u-net', 'deep learning architecture', 'insufficient training samples', 'model-driven approach', 'retinal vessels', 'medical community', 'segment od', 'main blood vessels', 'line segments', 'medical community.', 'lack sufficient training samples'] 

Reference 1396: ['joint probability', 'model-driven', 'od segmentation', 'probability bubble', 'u-net'] 

TOP-K 1397: ['qos matching algorithm', 'iot systems.', 'new adaptive architecture', 'algorithm-based architecture', 'iot components.', 'transient connections.', 'suds system', 'real case study'] 

Reference 1397: ['dynamic adaptation', 'instance matching', 'internet of things', 'transient systems'] 

TOP-K 1398: ['block-based architecture search', 'semi-supervised learning method', 'image classification task', 'occlusion block.', 'mobile platform', 'picture', 'optimal architecture', 'high efficiency.'] 

Reference 1398: ['gans', 'image classification', 'image generation', 'network architecture search', 'semi-supervised'] 

TOP-K 1399: [['knowledge distillation'], 'incremental segmentation.', 'incremental learning.', 'segmentation performance', 'new classes', 'probability-map alignment scheme', 'different class maps.'] 

Reference 1399: ['incremental learning', 'knowledge distillation', 'semantic segmentation'] 

TOP-K 1400: ['consensus process', 'discordant expert', 'theoretical bidirectional feedback mechanism', 'conflict behavior', 'concession degree'] 

Reference 1400: ['behavior analysis', 'bidirectional feedback mechanism', 'consensus', 'group decisions and negotiations', 'harmony degree'] 

TOP-K 1401: ['interactive three-phases mapreduce model', 'dfm-miner algorithm', 'various large-scale datasets', 'use hg-k-means', 'relevant transactions'] 

Reference 1401: ['closed high-utility pattern mining', 'hadoop', 'information fusion', 'large-scale'] 

TOP-K 1402: ['dslrl', 'novel feature selection algorithm', 'low-dimensional latent representation matrix', 'pseudo-label matrix', 'data space', 'experimental results', 'feature selection.', 'real datasets', 'internal association information', 'sparse transformation matrix.', ['dual space'], 'clustering indicators.', 'feature space', 'intrinsic information', 'feature space.'] 

Reference 1402: ['dual space', 'latent representation learning', 'sparse regression', 'unsupervised feature selection'] 

TOP-K 1403: ['multi-objective evolutionary algorithm', 'cloud-level configuration parameters', 'spark configuration.', 'candidate configurations.', 'performance model'] 

Reference 1403: ['configuration tuning', 'multi-objective optimization', 'spark'] 

TOP-K 1404: ['parallel worklist algorithm', 'modular static analyses.', 'additional speedups', 'exploration strategy', '8x', 'speedup obtained.'] 

Reference 1404: ['concurrency', 'dynamic languages', 'modular analysis', 'parallelism', 'static programme analysis'] 

TOP-K 1405: [['unlabeled data'], 'failure prediction.', 'novel framework approach udfp', ['k-nearest neighbor'], 'safety-aware cloud centers.', 'time series', 'real hosts'] 

Reference 1405: ['clustering analysis', 'k-nearest neighbor', 'modularity', 'online failure prediction', 'unlabeled data'] 

TOP-K 1406: ['multimodal fusion', 'fine-grained multimodal fusion', 'multi-graph reasoning', 'deep multimodal reasoning', 'fusion layer', 'textual explanation', 'fusion network', 'visual question answering.', 'multiple relations', 'semantic relations.', 'multiple mgrfs.'] 

Reference 1406: ['explainable artificial intelligence', 'multimodal reasoning and fusion', 'visual question answering'] 

TOP-K 1407: ['parallel machine scheduling problem.', 'np-hard problems.', 'learning effect', 'extensive experimental study', 'development'] 

Reference 1407: ["dejong's learning effect", 'heuristic', 'lower bound', 'parallel machine'] 

TOP-K 1408: ['sustainable architectures', 'design sustainable architectures', 'self-adaptive techniques.', 'self-adaptive cyber', 'systems-development life-cycle.', 'machine-learning techniques', 'feedback loops', 'physical systems.', 'systematic mapping study'] 

Reference 1408: ['cyber–physical systems', 'self-adaptive systems', 'sustainability', 'systems-development life-cycle'] 

TOP-K 1409: ['adaptivity', 'fat-tree stages', 'several restrictions', 'first restriction', 'queue occupancy.', 'algorithms.', 'switch ports', 'second restriction', 'large set', 'last restriction'] 

Reference 1409: ['adaptive routing', 'congestion management', 'fat-trees', 'high-performance interconnection networks', 'queuing schemes'] 

TOP-K 1410: ['packsteallb', 'packing model', 'state-of-the-art algorithms.', 'low overhead', 'problem size', 'packsteallb scales', 'total execution time', 'test application.', 'scheduling time'] 

Reference 1410: ['distributed load balancing', 'work stealing', 'workload discretization'] 

TOP-K 1411: [['deep learning'], 'delta-hedging framework', 'new option pricing', 'real option data.', 'imbalanced datasets', 'label augmentation', 'distilled data', 'data problem', 'single model', 'transfer learning.'] 

Reference 1411: ['data distillation', 'data fusion', 'deep learning', 'delta hedging', 'option pricing'] 

TOP-K 1412: ['microservices', ['microservice architectures'], 'microservice architectures.', 'communication patterns', 'communication approaches', 'deployment approaches', 'systematic literature review', 'current deployment'] 

Reference 1412: ['communication concerns', 'communication patterns of microservices', 'deployment challenges', 'microservice architectures', 'microservice deployment', 'research directions'] 

TOP-K 1413: ['smfes', 'eye movements', 'eye movement tracking', ['anfis'], 'human skin.', 'serpentine structure'] 

Reference 1413: ['anfis', 'eye movement recognition', 'information fusion', 'multi-sensor fusion', 'soft electronic skin'] 

TOP-K 1414: ['adaboost algorithm', 'spark prediction.', 'performance models', 'prediction error', ['projective sampling'], 'approach', 'stage level'] 

Reference 1414: ['adaboost', 'performance prediction', 'projective sampling', 'spark', 'system configuration'] 

TOP-K 1415: ['large scale image classification.', 'appropriate weights', 'label space.', 'different views.'] 

Reference 1415: ['flexible manifold embedding', 'graph fusion', 'inductive learning', 'label propagation', 'manifold learning', 'multi-view'] 

TOP-K 1416: ['scientific-computing java projects', 'mathematical formulas', 'java projects', 'mathematical formulas.', 'sample', 'code', 'data structures', 'implementations', 'large sample', 'syntactical patterns', 'product formula', 'product formula.', 'sum', 'lines'] 

Reference 1416: ['code patterns', 'formula code', 'github', 'qualitative study', 'quantitative study'] 

TOP-K 1417: ['short-range scalable molecular dynamics', 'amazon web services', 'scalability', 'linear horizontal scalability', 'cuda kernels', 'multi-gpu environments.', 'v100 gpus.', 'mpi communication', 'atom molecules', 'multiple scenarios', 'runtime performance.'] 

Reference 1417: ['bonded forces', 'large scale', 'molecular dynamics', 'multi-gpu', 'namd', 'van der walls forces'] 

TOP-K 1418: ['auto-scaling systems', 'convolutional neural networks', 'decision-making mechanism', 'cloud services.', 'sequence model.', 'percent improvement', 'account different user criteria'] 

Reference 1418: ['auto-scaling', 'cloud computing', 'dynamic scalability', 'multi-criteria decision making', 'resources provisioning'] 

TOP-K 1419: ['coronary calcification.', 'multi-task learning.', 'state-of-the-art performance', 'task-guided constraint', 'view-weighted attention', 'feature discriminability.', 'multiple evaluation metrics'] 

Reference 1419: ['artery-specific calcification analysis', 'multi-task learning', 'multi-view learning', 'multi-view weighted fusion attention'] 

TOP-K 1420: ['opinion aggregation', 'linear uncertain distance measure', 'uncertain distance', 'consensus utility function', ['consensus utility'], 'new models', 'real numbers', 'uncertain distributions.', 'equivalent analytical formula'] 

Reference 1420: ['consensus utility', 'group decision-making', 'linear uncertain consensus', 'minimum-cost consensus', 'uncertainty theory'] 

TOP-K 1421: ['kernel-matrix vector multiplication', 'gaussian processes', 'covariance matrix computation', 'shared-memory machines', 'real-world application', 'linear complexity.', 'parallel implementation', 'fast algorithm'] 

Reference 1421: ['covariance matrix', 'fast multipole method', 'kernel method', 'matrix-vector multiplication', 'shared-memory parallelism'] 

TOP-K 1422: ['cloud computing breaches', ['ddos attack'], 'unreliable service quality.', 'poor resource management', 'network traffic', 'network global perspective.', 'effective investigation', 'detection accuracy', 'potential characteristics', 'predominant resources', 'rule updating.', 'constant rate', 'optimal utilization.'] 

Reference 1422: ['cloud computing', 'ddos attacks', 'learning rate', 'rival-model penalized self-organizing map (rmpsom)', 'software defined networking'] 

TOP-K 1423: ['speech recognition', 'speech enhancement schemes', 'cepstral features', 'covid-19 detection.', 'adaptive synthetic sampling approach', 'bio-inspired technique', 'detection performance', 'filter bank', 'frequency domain', 'possible sound patterns', 'various performance measures', 'conversion scale', 'imbalanced learning', 'classification performance.', 'frequency range'] 

Reference 1423: ['bio-inspired computing', 'covid19', 'speech signal'] 

TOP-K 1424: ['new wsol method', 'state-of-the-art performances', 'popular datasets', 'previous wsol methods.', 'discriminative parts'] 

Reference 1424: ['attention prior', 'deep learning', 'object localization', 'region-based dropout', 'weakly supervised learning'] 

TOP-K 1425: ['multi-gpu implementation', 'new load balancing', 'proper load balancing', 'multi-gpu clusters', 'load balancing layout', 'different data layouts.', 'performance impact', 'version performance.'] 

Reference 1425: ['distributed arrays', 'heterogeneous computing', 'hyperspectral imaging', 'image registration', 'load balancing'] 

TOP-K 1426: ['new simulated annealing algorithm', 'partitional clustering algorithms', 'simulated annealing clustering algorithms.', 'new algorithm', 'local optima.', 'perturbation methods.'] 

Reference 1426: ['k-means', 'partitional clustering', 'simulated annealing', 'sum of squared error criterion'] 

TOP-K 1427: ['privacy-preserving energy trading scheme', 'blockchain-based energy trading.'] 

Reference 1427: ['access control', 'blockchain', 'cp-abe', 'energy trading', 'privacy protection'] 

TOP-K 1428: ['efficient parallel computations', 'global optimization methods.', 'computer systems', 'time consuming problems', 'multiple global optimization.', 'competitive computational schemes', 'calculated search information', 'general computational scheme', 'complete reuse', 'drastic reduction'] 

Reference 1428: ['computational complexity', 'dimensionality reduction', 'global optimization', 'parallel methods of global search', 'search information'] 

TOP-K 1429: ['different sar image datasets', 'feature pyramids fusion module', 'stable single-stage detector', 'small ship detection.', 'high accuracy', 'ship detection performance', 'head enhancement module', 'complex background.', 'favorable results', 'refined manner'] 

Reference 1429: ['deep learning', 'ship detection', 'synthetic aperture radar (sar)'] 

TOP-K 1430: [['opinion dynamics model'], 'group opinion change', 'different opinions', 'initial opinion', 'bimodal distribution', 'dynamic opinion', 'purposeful interactions.', 'significance'] 

Reference 1430: ['group opinion', 'multi-agent simulation', 'opinion dynamics model', 'opinion evolution', 'voting'] 

TOP-K 1431: ['open source tool platform', 'amass open source ecosystem.', 'improvement opportunities', 'industrial case studies.', 'tool platform', 'application', 'present lessons'] 

Reference 1431: ['amass', 'assurance', 'certification', 'cyber–physical\u200b system', 'ecosystem', 'open source'] 

TOP-K 1432: ['discretization-aware architecture search', 'architecture search', 'entropy-based loss term', 'standard image classification benchmarks', 'differentiable architecture search', 'da2s', ['imbalanced network configurations'], 'dynamic change', 'continuation functions', 'plug-and-play fashion.'] 

Reference 1432: ['discretization-aware', 'imbalanced network configuration', 'neural architecture search', 'weight-sharing'] 

TOP-K 1433: [['multi-view information fusion'], ['content-based mammogram retrieval'], 'radiological decision-making.', 'dynamic similarity assessment', 'computational time', 'relevant images'] 

Reference 1433: ['content-based mammogram retrieval', 'dynamic similarity', 'locality sensitive hashing', 'multi-view information fusion', 'multidimensional indexing'] 

TOP-K 1434: ['cloud customers', 'heuristic deadline', 'customer cooperation strategy.', 'incentive cooperation platform', 'resource demands.', 'algorithm', 'resource coalition allocation', 'perform experiments'] 

Reference 1434: ['cloud computing', 'coalition game', 'rectangular packing', 'resource procurement'] 

TOP-K 1435: ['novel superpixels approach', 'unnecessary over-segmentation', 'saliency function.', 'undersegmentation error', 'new seeding strategy', 'boundary recall', 'relevant objects.'] 

Reference 1435: ['k-means', 'segmentation', 'spectral residual', 'superpixels'] 

TOP-K 1436: [['tdd'], 'developers', 'fault-detection capability', 'external quality', 'six-month time span.', 'software products.'] 

Reference 1436: ['longitudinal cohort study', 'tdd', 'test-driven development'] 

TOP-K 1437: ['intrinsic overfitting problem.', 'overfitting problem.', 'representative null space lda', 'efficient rnlda algorithms', 'new approach', 'main problem', 'automatic parameter'] 

Reference 1437: ['dimensionality reduction', 'feature selection', 'linear discriminant analysis', 'null space', 'overfitting', 'singularity problem'] 

TOP-K 1438: [['knowledge management'], 'knowledge sharing', 'agile value', 'agile software development.', 'km', 'software companies', 'common activity'] 

Reference 1438: ['agile software development', 'knowledge management', 'meta-ethnography', 'scrum', 'xp'] 

TOP-K 1439: ['end-to-end cnn network structure', 'compelling perceptual nirvis images.', 'local nirvis details.', 'state-of-the-art performance', 'adversarial network', 'novel loss functions', 'semi-supervised method', 'shared features.'] 

Reference 1439: ['adversarial learning', 'deep representation', 'heterogeneous face recognition'] 

TOP-K 1440: ['finding local minima', 'local minima', 'deep cnns', ['deep convolutional neural networks'], 'subparameter space', 'multiple models', 'training stage', 'ensemble selection.', 'ensembles', 'ensemble', 'testing stage'] 

Reference 1440: ['deep convolutional neural network', 'ensemble fusion', 'ensemble learning', 'ensemble selection'] 

TOP-K 1441: ['deep neural network training', ['communication optimization'], 'deep learning', 'deep learning.', 'common techniques', 'several challenges', 'network perspective.', 'comprehensive survey'] 

Reference 1441: ['communication optimization', 'distributed deep learning', 'network infrastructure', 'parallel algorithms'] 

TOP-K 1442: ['lsgdm.', 'practical lsgdm problem', ['linguistic preference orderings'], ['noncooperative behaviors'], 'internet venture capital.', 'consensus model', 'comparative analysis', 'preference information'] 

Reference 1442: ['consensus', 'large-scale group decision-making', 'linguistic preference orderings', 'noncooperative behaviors', 'venture capital'] 

TOP-K 1443: ['program repair tools', 'automated patch assessments', 'overfitting patches', 'program repair.', 'correct patches', 'false-positive cases.', 'small programs.', 'unique characteristics', 'future improvement', 'valuable dataset', 'several limitations'] 

Reference 1443: ['automatic program repair', 'bug benchmark', 'patch correctness assessment'] 

TOP-K 1444: ['multi-scale feature maps', 'coarse-scale feature maps', 'feature decoding', 'fine detailed cues', 'saliency predictions', 'local contextual information.', 'discrimination ability.'] 

Reference 1444: ['context-aware methods', 'deep learning', 'salient object detection'] 

TOP-K 1445: ['gan3 model', 'unimodal predictions', 'gan1 models', 'low linearity', 'trajectory prediction.', 'new dataset', 'high diversity', 'consistent comparisons.'] 

Reference 1445: ['gans', 'lstm', 'trajectory generation', 'trajectory prediction'] 

TOP-K 1446: ['nlp features', 'unstructured class comments.', 'class comments.', 'implementation details', 'low-level details', 'idf features', 'random forest algorithm', 'high-level details.', 'high-level overview', 'common patterns', 'similar patterns'] 

Reference 1446: ['code comment analysis', 'natural language processing technique', 'software documentation'] 

TOP-K 1447: ['different syndromes', 'common symptom groups', ['analysis model'], 'key symptoms', 'medicine combinations'] 

Reference 1447: ['analysis model', 'coronavirus disease 2019 (covid-19)', 'diagnosis and treatment', 'medical information fusion'] 

TOP-K 1448: ['evolutionary model generation', 'software models', 'emogen', 'genetic modelling', 'software models.', 'emogen implementation', 'video games'] 

Reference 1448: ['game software engineering', 'model-driven engineering', 'search-based software engineering'] 

TOP-K 1449: ['accurate hausdorff distance computation', 'state-of-the-art methods', 'real brain tumor volumes', '3-d point cloud models', 'novel algorithm', 'systematic random sampling', 'test sets.', 'good performance', 'different grid sizes.', 'point sets'] 

Reference 1449: ['3-d point sets', 'computational complexity', 'hausdorff distance', 'point matching'] 

TOP-K 1450: ['evm code.', 'rbr transformations', 'rule-based representation', 'evm bytecodes.', 'real public functions', 'cost model', 'memory gas cost', 'specific features', 'subsequent static analysis', 'peak resource analysis.', 'real transactions'] 

Reference 1450: ['decompilation', 'resource analysis', 'smart contracts', 'static analysis'] 

TOP-K 1451: ['different machine learning techniques', 'several sptrsv realizations', 'artificial sparse matrix generation', 'data augmentation', 'machine learning models', 'costly matrix features', 'target problem.', 'specific metrics'] 

Reference 1451: ['graphics processors', 'high performance', 'machine learning', 'sparse triangular linear systems'] 

TOP-K 1452: ['automatic driving', ['traffic signs'], 'neural network', 'unknown attacks', 'key areas', 'attention mechanism.', 'tiny disturbance'] 

Reference 1452: ['adversarial sample', 'attention mechanism', 'defense model', 'traffic sign'] 

TOP-K 1453: ['dbn model', 'secure intrusion detection', 'model', 'effective classification performance', 'healthcare sector', 'deep learning processes.', 'maximum sensitivity', 'isic dataset.', 'physical system', 'detection rate'] 

Reference 1453: ['blockchain', 'cyber–physical system', 'deep learning', 'intrusion detection', 'security'] 

TOP-K 1454: ['rs image retrieval', ['rs image retrieval methods'], 'future work', 'evaluation datasets', 'insightful discussions'] 

Reference 1454: ['evaluation datasets and performance discussion', 'future research directions', 'remote sensing (rs) big data', 'rs image retrieval applications', 'rs image retrieval methods'] 

TOP-K 1455: ['simulation-driven pdc education', 'pdc learning objectives.', 'hands-on teaching', 'evaluation results'] 

Reference 1455: ['computer science education', 'parallel and distributed computing education', 'simulation'] 

TOP-K 1456: ['dynamic programming method', 'efficient heuristic algorithm', 'logical columns.'] 

Reference 1456: ['algorithm', 'degradable vlsi array', 'fault tolerance', 'reconfiguration', 'rerouting scheme'] 

TOP-K 1457: [['cloud computing'], 'virtual grid infrastructures', 'grid infrastructures', 'public clouds', 'grid infrastructure resources', 'grid training', 'pbl activities.', 'grid computing.', 'grid', 'teaching activities', 'service', 'related skills.', 'administration limits.', 'moderate cost'] 

Reference 1457: ['cloud computing', 'grid computing', 'project based learning'] 

TOP-K 1458: [['deep learning'], 'deep learning optimization problems', 'bioinspired optimization.', 'fusion', 'research directions', 'study cases.', 'critical methodological analysis'] 

Reference 1458: ['deep learning', 'evolutionary computation', 'neuroevolution', 'swarm intelligence'] 

TOP-K 1459: ['asc methods', 'refined k-nearest neighbor graph', 'clustering evaluation metrics', 'spectral clustering.', 'independent executions.', 'method scores'] 

Reference 1459: ['approximate spectral clustering', 'k-nearest neighbor graph', 'local scale similarity', 'spectral clustering'] 

TOP-K 1460: [['ordinal consistency'], 'ordinal consistency.', 'open problems', 'transitive preferences', 'optimization model', 'classic models.', 'optimal way'] 

Reference 1460: ['analytic hierarchy process', 'cardinal consistency', 'consensus', 'group decision making', 'ordinal consistency', 'pairwise comparison matrix'] 

TOP-K 1461: ['graph convolutional network', 'joint point regions', 'joint points', 'hypergraph space', 'joint point regions.', ['action hypergraph'], 'regional saliency score', 'significant action information', 'saliency probability distribution', 'loss function', 'spatial structural features', 'relationship'] 

Reference 1461: ['action hypergraph', 'pedestrian re-identification', 'saliency score', 'structural relationship'] 

TOP-K 1462: ['hybrid opinion dynamics models', 'consensus', 'strategy', 'social network.'] 

Reference 1462: ['consensus reaching', 'hybrid opinion dynamics', 'minimum adjustment', 'social network'] 

TOP-K 1463: ['piecewise linearity', 'quadratic w.r.t', 'model function', 'solution path algorithms', ['solution paths'], 'gep', ['solution path'], 'test data', 'experimental results', 'piecewise linearity.', ['error path'], 'random search', 'regularization parameter', 'grid search', 'generalization error'] 

Reference 1463: ['cross validation', 'error path', 'model selection', 'solution path'] 

TOP-K 1464: ['automatic hyper-parameter tuning', 'stream-based hyper-parameter optimisation algorithm.', 'systematic literature review', 'different machine'] 

Reference 1464: ['data streams', 'hyperparameters', 'optimisation'] 

TOP-K 1465: ['xai methods.', 'evaluation approaches', 'hierarchical system', 'proposal', 'core element', 'summary'] 

Reference 1465: ['evaluation methods', 'explainable artificial intelligence', 'notions of explainability'] 

TOP-K 1466: ['spatial logic formulas', 'monitors', 'spatial logic formulas.', ['runtime verification'], 'field calculus.', 'compositional translation'] 

Reference 1466: ['field calculus', 'runtime verification', 'self-adaptive systems', 'spatial logics'] 

TOP-K 1467: ['multimodal storytelling model', 'modality integration', 'multimodal data types', 'story composition', 'cross-modal similarities.', 'type conversion.', 'main modules'] 

Reference 1467: ['multimodal content', 'multimodal story', 'multimodal storytelling', 'story generation'] 

TOP-K 1468: ['multi-granular linguistic distribution.', 'linguistic distribution assessments', 'mcgdm problems.', 'transformation technique', 'novel comparison method', 'uncertain evaluation'] 

Reference 1468: ['evidential reasoning', 'linguistic distribution', 'multi-granular linguistic information', 'multiple criteria group decision making', 'renewable energy project risk assessment'] 

TOP-K 1469: ['ecc-based certificateless signature scheme', 'random oracle model', 'compact aggregation.', 'fine-grained access control', 'signature scheme.', 'attribute-based encryption', 'practical deployment'] 

Reference 1469: ['access control', 'aggregation', 'certificateless aggregate signature', 'random oracle', 'smart health'] 

TOP-K 1470: ['scheduling algorithm', 'task graphs', 'theoretical bounds', 'analysis', 'main contribution'] 

Reference 1470: ['latency', 'makespan analysis', 'work stealing'] 

TOP-K 1471: ['novel multi-view classification model', 'tensor learning', 'state-of-the-art methods', 'large-scale dataset', 'experimental results', 'weight tensor.', 'order correlations.', 'multiple approaches'] 

Reference 1471: ['kernel-based learning', 'multi-view learning', 'tensor'] 

TOP-K 1472: ['developer social networks.', 'bibliometric assessment', 'research directions.', 'data sources', 'influential publications', 'open issues', 'current state', 'art', 'summary'] 

Reference 1472: ['developer social networks', 'literature survey', 'mapping study'] 

TOP-K 1473: ['task-parallel framework', 'vertex similarity calculation strategies', 'optimization techniques.', 'threshold-adaptive technique', 'similarity calculation task.', 'comprehensive performance evaluation', 'spark-based implementation'] 

Reference 1473: ['distributed graph processing', 'graph data engineering', 'local structural similarity score', 'task-parallel algorithm', 'vertex similarity calculation'] 

TOP-K 1474: ['traditional non-learnable ged algorithm', 'state-of-the-art performance', 'graph neural networks.', 'geometric deep learning.', 'graph distances', 'learning distance', 'graph domain', 'embedding stage.', 'triplet network', 'novel paradigm'] 

Reference 1474: ['document image analysis', 'geometric deep learning', 'graph edit distance', 'graph neural networks', 'keyword spotting'] 

TOP-K 1475: ['fuzzy c-means clustering method', 'fuzzy clustering', 'lpfcm', 'novel locality preserving', 'high-dimensional data', 'experimental results', 'geometric structure preservation', 'benchmark data sets', 'feature extraction', 'structural properties'] 

Reference 1475: ['clustering', 'fuzzy c-means', 'locality preserving projections', 'projection-based spatial transformation'] 

TOP-K 1476: ['animation technique', 'logical expressions', 'software tool', 'industrial application', 'data items'] 

Reference 1476: ['formal specification', 'specification animation', 'verification and validation'] 

TOP-K 1477: ['cross-platform development tools', 'cross-platform software development', 'model-driven approach', 'platforms', 'approach', 'predefined set', 'entire system.'] 

Reference 1477: ['cross-platform development', 'general-purpose language', 'model-driven development', 'user studies'] 

TOP-K 1478: ['ant colony optimization', 'optimal batch plant design.', 'simulated annealing', 'real-world examples', 'use case', 'parameter tuning'] 

Reference 1478: ['ant colony optimization tuning', 'batch plant design', 'combinatorial optimization', 'metaheuristics', 'metaheuristics parameter tuning'] 

TOP-K 1479: ['tcbp', 'tcbp learning better.', 'novel method', 'curved polygon', 'method', 'text lines', 'curved scene', 'comparable results'] 

Reference 1479: ['cnn', 'curved text', 'deep learning', 'multi-oriented text', 'scene text detection'] 

TOP-K 1480: ['heterogeneous parallel computing', ['heterogeneous computing'], 'heterogeneous processors.', 'low-power mode', 'arm processors', 'simd operations', 'undergraduate courses.', 'law help'] 

Reference 1480: ['heterogeneous computing', 'module-based instruction', 'pedagogy'] 

TOP-K 1481: ['exploratory testing.', 'effective exploratory testing.', 'companies', 'key factors', 'model'] 

Reference 1481: ['continuous delivery', 'continuous integration', 'exploratory testing', 'large-scale systems', 'software testing'] 

TOP-K 1482: ['activation maximization', 'invalid filters', 'visualization results.', 'redundant filters', 'texture similarities.'] 

Reference 1482: ['compression', 'convolutional neural network (cnn)', 'deep neural network (dnn)', 'visualization'] 

TOP-K 1483: ['image structure similarity', 'high-brightness scenes.', 'pre-fusion method', 'target detection', 'base layer fusion.', 'detail layer fusion.', ['intelligent systems'], 'visible image fusion method', 'method', 'norm optimization'] 

Reference 1483: ['image fusion', 'infrared image', 'intelligent systems', 'pre-fusion image', 'visible image'] 

TOP-K 1484: ['spartan', 'spartan.', 'novel overlay network design', 'hash tables', 'heavy churn.', 'congest model', 'committees', 'butterfly network.', 'θ', 'logn'] 

Reference 1484: ['churn', 'dynamic networks', 'overlay networks', 'peer-to-peer networks'] 

TOP-K 1485: ['low-level features', 'deep-seated features', 'deep features', 'deep-seated features.', 'human orientation selection', 'similar scene styles', 'edge orientations', 'image contents', 'vector dimensionality.', 'color perception mechanisms.'] 

Reference 1485: ['color perception', 'deep-seated features histogram', 'image retrieval', 'orientation selection', 'vgg-16 network'] 

TOP-K 1486: ['multimodal deep learning', 'attention-based multimodal fusion.', 'multimodal model', 'multimodal models', 'transformer-based text architecture', 'unimodal results.', 'sentiment analysis.'] 

Reference 1486: ['deep learning', 'emotion recognition', 'multimodal machine learning', 'sentiment analysis'] 

TOP-K 1487: [['deep phonemic orthography'], 'phonetic channel', 'natural language processing tasks', 'textual representation', 'chinese sentiment analysis.', 'textual representation.', 'intonation variation', 'complementary semantic cues'] 

Reference 1487: ['chinese phonetics', 'deep phonemic orthography', 'multilingual sentiment analysis', 'sentiment analysis'] 

TOP-K 1488: ['blockchain-based protocol', 'possible sla breakdowns.', 'practical auditing process', 'service quality.', 'theoretical limits', 'analytical modelling'] 

Reference 1488: ['audit', 'blockchain', 'microservices', 'protocol', 'selection', 'sla'] 

TOP-K 1489: ['cloud resource utilization problem', 'multiple-failures tolerant scheduling mechanism', 'real-time tasks.', ['resource utilization'], 'backup tasks', 'rigorous performance evaluation', 'response time', 'scheduling mechanism.'] 

Reference 1489: ['cloud computing', 'fault tolerant', 'resource utilization', 'scheduling'] 

TOP-K 1490: ['large mts data clustering.', 'clustering results.'] 

Reference 1490: ['clustering analysis', 'complex network', 'data mining', 'multivariate time series'] 

TOP-K 1491: ['multi-focus image fusion.', 'unsupervised gan model', 'high-quality image pairs', 'new multi-focus image dataset', 'adaptive decision block', 'defocused regions.', 'joint gradient constraint', 'texture details.', 'clear source images.', 'adversarial loss', 'detail loss', 'boundary line'] 

Reference 1491: ['generative adversarial network', 'image fusion', 'multi-focus', 'unsupervised learning'] 

TOP-K 1492: ['initial ellipse', 'geometric error distances', 'high-quality fitting framework.', 'adaptive optimization', 'parameterized ellipse', 'unconstrained way', 'several experiments.'] 

Reference 1492: ['ellipse fitting', 'least squares', 'levenberg–marquardt iterations', 'profile analysis'] 

TOP-K 1493: ['architecture communication', 'oss projects', 'oss architects', 'oss projects.', 'architectural issues'] 

Reference 1493: ['communication', 'mailing list', 'open source software', 'software architecture'] 

TOP-K 1494: ['dewarping model', 'synthetic images', 'camera angle', ['synthetic image generation'], '2d warped image.', 'mathematical model', 'geometric parameters', 'camera position'] 

Reference 1494: ['artificial neural netwroks', 'dewarping', 'synthetic image generation'] 

TOP-K 1495: ['facial landmarks', 'oriented attention enable network', 'state-of-the-art performances', 'attention mechanism', 'correlation coefficients coefficients', 'local features.', 'local regions.', 'sufficient utilization'] 

Reference 1495: ['attention', 'facial expression recognition', 'oriented gradient', 'weighted mask'] 

TOP-K 1496: ['nvidia automotive socs', 'nvidia agx xavier', 'automotive gpus.', 'nvidia tx2', ['performance analysis'], 'fully-system cpu', 'gpu cycle-level simulator.', 'similar performance'] 

Reference 1496: ['automotive gpus', 'design space exploration', 'optimization', 'performance analysis'] 

TOP-K 1497: ['abstract concepts', ['user profile'], 'dempster', 'user profile.', ['mass functions'], 'text data.', 'decision making', 'shafer theory', 'evidential reasoning', 'multiple levels', 'posterior estimation'] 

Reference 1497: ['dempster–shafer theory', 'information fusion', 'mass functions', 'short texts', 'user profiling'] 

TOP-K 1498: [['diagonal sparse matrices'], 'diagonal sparse matrices.', 'adaptive spmv algorithm', 'search engine'] 

Reference 1498: ['cuda', 'diagonal sparse matrices', 'gpu', 'sparse matrix-vector multiplication', 'sparse storage format'] 

TOP-K 1499: ['3d object detection', 'multi-focus image fusion', 'driverless vehicles', 'generic pipeline architecture', 'models', 'design choices.', 'current challenges', 'relevant resources', 'comparative study', 'future trends', 'comprehensive review'] 

Reference 1499: ['3d object detection models', 'autonomous vehicles', 'computer vision', 'deep learning', 'lidar', 'perception'] 

TOP-K 1500: ['big data techniques', 'high-level functional programming', 'hpc system.', 'extensible api', 'different applications patterns', 'performance comparison'] 

Reference 1500: ['big data', 'compss', 'data-flow programming', 'performance evaluation'] 

TOP-K 1501: ['emrn', 'multi-scale residual network', 'high quality sisr.', 'two-branch inception.', 'multi-scale residual block', 'semantic information', 'structural similarity'] 

Reference 1501: ['a two-branch inception', 'enhanced multi-scale residual block (emrb)', 'enhanced multi-scale residual network (emrn)', 'image super-resolution'] 

TOP-K 1502: [['distance metric learning'], 'ordinal classification performance', ['relative information'], 'appropriate distance metric.'] 

Reference 1502: ['absolute information', 'distance metric learning', 'k nearest neighbors', 'ordinal classification', 'relative information'] 

TOP-K 1503: ['context-level weights', ['transfer learning'], 'low-data scenarios', 'dialogue generators', 'validation convergence', 'affective knowledge.', 'robust performance', 'additional boost'] 

Reference 1503: ['conversation modeling', 'emotion recognition in conversations', 'generative pre-training', 'transfer learning'] 

TOP-K 1504: ['regressors', 'classifiers', 'software effort estimation accuracy.', 'heterogeneous pools', ['dynamic selection']] 

Reference 1504: ['dynamic ensemble selection', 'dynamic selection', 'ensemble effort estimation', 'machine learning', 'software effort estimation'] 

TOP-K 1505: ['e-voting case study', 'open-source implementation', 'open-source prototype', ['interactive consistency'], 'algorithms.', 'real-world systems.', 'formal proofs', 'empirical evaluation'] 

Reference 1505: ['agreement', 'asynchronous', 'byzantine fault tolerance', 'consensus', 'interactive consistency'] 

TOP-K 1506: ['mci-to-ad prediction', 'ad-cn classification', ['sparse regression'], 'isdl model', 'dfe module', 'state-of-the-art solution', 'critical cortical region', 'joint deep feature extraction', ['mild cognitive impairment'], 'end-to-end manner.'] 

Reference 1506: ["alzheimer's disease", 'deep learning', 'mild cognitive impairment', 'sparse regression'] 

TOP-K 1507: [['residual learning'], 'image super-resolution', 'deep residual learning model', 'multi-scale image fusion', 'image deblocking.', 'network optimization', 'multiple loss functions'] 

Reference 1507: ['blocking artifacts', 'convolutional neural networks', 'deep learning', 'image fusion', 'multi-scale', 'residual learning'] 

TOP-K 1508: [['software engineering practices'], 'scientific software', 'scientific software.', 'scientific software developers', 'development activities.'] 

Reference 1508: ['high performance computing', 'scientific computing', 'software engineering practices'] 

TOP-K 1509: ['kokkos', 'data structures', 'complex class hierarchies', 'problem data', 'gpu architectures', 'fast data access', 'multiple cpu', 'virtual functions', 'modifier operators.', 'portable manner.'] 

Reference 1509: ['dense and sparse storage', 'gpus', 'memory efficiency', 'performance', 'portability', 'productivity'] 

TOP-K 1510: ['cross-project models', 'code complexity', 'failure prediction models', 'failure prediction', 'specific code', 'imbalanced data sets', 'failures.', 'median precision'] 

Reference 1510: ['build failure', 'code smells', 'continuous integration', 'cross-project prediction', 'quantitative analysis', 'test smells'] 

TOP-K 1511: ['django', 'state-of-the-art coflow scheduling approaches', 'bilateral coflow scheduling framework', 'trace-driven simulations', 'concurrent connections', 'tail cct', 'testbed experiments', 'average cct', 'receiver-driven scheduling approaches', 'several drawbacks.', 'concurrent connections.', 'bandwidth bottleneck exists.', 'hand', 'optimal number', 'number'] 

Reference 1511: ['coflow scheduling', 'data center', 'prediction'] 

TOP-K 1512: [['incremental learning'], 'multi-view batch learning', 'single-view incremental methods', 'multiple views', 'new data', 'different perspectives.'] 

Reference 1512: ['classification', 'discriminant analysis', 'incremental learning', 'multi-view learning'] 

TOP-K 1513: [['mobile edge nodes'], 'dijkstra algorithm', 'trust information', 'sensor nodes', 'different trust chains.', 'calculation methods'] 

Reference 1513: ['edge computing', 'internet of things', 'mobile edge node', 'trust chain'] 

TOP-K 1514: ['ad-hoc dnn architectures', 'dnn classifiers', 'chunk-based framework', 'well-known ensemble-based competitors.', 'base classifiers', 'benchmark data', 'different combiner schemes', 'data scarcity'] 

Reference 1514: ['deep learning', 'ensemble learning', 'intrusion detection systems'] 

TOP-K 1515: ['3d ultrasonic tomography', 'cpu-based supercomputers', 'efficient parallel algorithms', 'coefficient inverse problem', 'wave equation.'] 

Reference 1515: ['gpu clusters', 'scalable parallel computing', 'supercomputer technologies', 'ultrasonic tomography', 'wave equation'] 

TOP-K 1516: [['document image binarization'], 'novel binarization method', 'cgans strategy', 'degraded document image', 'multi-scale information combination', 'various datasets', 'extensive experiments', 'core problem', 'proper framework'] 

Reference 1516: ['cascaded generator', 'conditional generative adversarial networks', 'document image binarization', 'historical document analysis', 'image generation'] 

TOP-K 1517: [['microservices architecture'], 'transportation system', 'quality'] 

Reference 1517: ['microservices architecture', 'quality of experience', 'quality of service', 'service lifecycle model', 'smart mobility'] 

TOP-K 1518: ['multi-level checkpointing implementations', 'large-scale supercomputers', 'automated algorithm'] 

Reference 1518: ['checkpointing', 'domain specific language', 'high performance computing', 'parallel i/o', 'resilience'] 

TOP-K 1519: ['multi-tiered smart city architecture', 'fc-supported resource allocation model', 'fc platform', 'fns/device components.', 'real datasets', 'various types'] 

Reference 1519: ['computing and communication', 'fog computing', 'internet of everything (ioe)', 'routing algorithm', 'smart city'] 

TOP-K 1520: ['multimodal distance measure', 'image graph laplacian', 'multimodal image registration', 'matrix commutativity', 'image graph laplacians.', 'joint diagonalization', 'timodal datasets', 'structural information.', 'challenging mul', 'use relation'] 

Reference 1520: ['image registration', 'laplacian commutator', 'simultaneous diagonalization', 'spectral methods'] 

TOP-K 1521: ['real-time path planning algorithm', 'path planning.', 'large planning time', 'performance degradation', 'cost uncertainty.', ['online optimization'], 'optimal solution', 'paper addresses problems'] 

Reference 1521: ['fisher information matrix', 'gradient-descent method', 'mobile sensor', 'online optimization', 'path planning'] 

TOP-K 1522: ['semi-supervised learning framework', 'computational complexity', 'semi-supervised learning framework.', 'experimental results', 'matrix sparseness', 'ordinary semi-supervised learning algorithm', 'method', 'error bounds', 'networks.'] 

Reference 1522: ['hierarchical graph integration', 'hierarchical networks', 'hierarchically structured networks', 'semi-supervised learning'] 

TOP-K 1523: ['fuzzy rank-level fusion', 'novel inference method', 'rank-level fusion methods', 'gaussian function', ['fuzzy ranks'], 'face recognition.', 'classifier.', 'corresponding outputs', 'outputs'] 

Reference 1523: ['biometric identification system', 'face recognition', 'fuzzy ranks', 'rank-level fusion'] 

TOP-K 1524: [['boolean matrix factorization'], 'several top-k matrix decompositions', 'general parallelization scheme', 'sequential heuristic bmf algorithm.'] 

Reference 1524: ['boolean matrix factorization', 'data preprocessing', 'parallel algorithm'] 

TOP-K 1525: ['link prediction method', 'novel graph kernel', 'social network', 'negative link prediction', 'graph kernel similarity.', 'structural information.', 'good performances'] 

Reference 1525: ['graph kernel', 'link prediction', 'sign prediction', 'signed social network'] 

TOP-K 1526: ['deepeddy detection accuracy', ['eddy detection'], 'multi-scale feature fusion', 'spatial pyramid', 'detection accuracy', 'sar eddy dataset.', 'filter size', 'detection accuracy.', 'visual interpretation method.'] 

Reference 1526: ['deep learning', 'eddy detection', 'feature fusion', 'remote sensing', 'sar images'] 

TOP-K 1527: ['worst-case/average-case efficiency trade-offs.', 'mobile agent computing.', 'algorithmic reduction designs', 'algorithmic families', ['rendezvous problem'], 'new rendezvous problem.', 'first paper', 'optimal average-case performance', 'worst-case analysis'] 

Reference 1527: ['average case analysis', 'disk', 'rendezvous problem', 'symmetric algorithms', 'worst case analysis'] 

TOP-K 1528: ['hot-n-cold model', 'cloud database systems', ['energy efficiency'], 'nonlinear programming algorithm', 'resource-providing problem', 'multiphase algorithm', 'real case experiments'] 

Reference 1528: ['bounded problem', 'cloud database', 'dvfs', 'energy efficiency', 'hot-n-cold'] 

TOP-K 1529: ['performance clones', 'hybrid measurement-modeling approach', 'performance clone', 'speedup factor', 'application', 'target platform', 'different platforms.', 'target platform.'] 

Reference 1529: ['benchmark', 'cross-platform', 'modeling', 'multi-tier', 'performance', 'prediction'] 

TOP-K 1530: ['qmpsr', 'large-scale requirements', 'ranking large-scale requirements', 'comparative study', 'methods', 'qualitative method'] 

Reference 1530: ['qualitative prioritization method', 'requirement collision', 'requirement prioritization'] 

TOP-K 1531: ['convolutional classifications', 'previous lpr systems', 'real images.', 'synthetic samples'] 

Reference 1531: ['convolutional neural network (cnn)', 'license plate recognition (lpr)', 'synthetic training'] 

TOP-K 1532: [['computational-power aware tile mapping'], 'parallelization problem', ['nested loop'], 'near-optimal tile sizes.', 'parallel execution time.', 'genetic algorithm', 'theoretical model'] 

Reference 1532: ['computational-power aware tile mapping', 'distributed systems', 'nested loop', 'parallelization', 'topology aware tile mapping'] 

TOP-K 1533: ['real-time image analysis', 'new algorithm', 'computational method', 'jacobi moments.', 'moments', 'rectangular region', 'recognition applications'] 

Reference 1533: ['gegenbauer moments', 'jacobi moments', 'legendre moments', 'real-time moment computing'] 

TOP-K 1534: ['acoustic perturbation characteristics.', 'gain vector', 'spatial audio production', 'parallel convolution algorithm', 'real time'] 

Reference 1534: ['parallel convolution', 'radial base function neural network', 'spatial audio', 'vector-based amplitude panning', 'virtual sound'] 

TOP-K 1535: ['deep embeddings', 'new dnn', 'parent-child data.', 'deep metric learning algorithm', 'compact kin similarity metric.', 'high verification accuracy'] 

Reference 1535: ['deep neural network', 'face recognition', 'hierarchical compactness', 'kinship verification', 'metric learning'] 

TOP-K 1536: ['cutesc algorithm', 'spatial clustering', 'non-uniform densities', 'cut-edge algorithm', ['proximity graphs'], 'dynamic cut-edge value', 'image segmentation', 'preliminary parameter settings', 'clustering solutions', 'various two-dimensional synthetic data', 'arbitrary shapes', 'statistical features', 'cut-edge value', 'spatial distribution', 'particular problems.'] 

Reference 1536: ['clustering', 'graph theory', 'proximity graphs', 'spatial data mining'] 

TOP-K 1537: ['new range query scheme', 'extensive experiments'] 

Reference 1537: ['cloud computing', 'index', 'privacy', 'range query'] 

TOP-K 1538: ['new k-nearest neighbours', 'per-label knn', 'diverse image annotation', 'new task', 'diaml task.', 'real-world image annotation task.', 'state-of-the-art methods.', 'extensive experiments', 'different aspects', 'approach'] 

Reference 1538: ['diverse labels', 'image annotation', 'missing labels', 'nearest neighbour'] 

TOP-K 1539: [['weather recognition'], 'weather-cues', 'weather recognition datasets', 'simple image classification problem', 'new weather recognition form', 'classification labels', 'weather classes', 'weather label', 'intrinsic relationships'] 

Reference 1539: ['multi-task framework', 'weather recognition', 'weather-cue map'] 

TOP-K 1540: ['effective data equilibrium approach', 'malicious codes.', 'extensive experiments', 'method'] 

Reference 1540: ['cnn', 'deep learning', 'imbalance data', 'malicious code', 'nsga-ii'] 

TOP-K 1541: [['quantitative guarantees'], 'optimal configurations', 'average case', 'average case analysis.', 'robotic software system.', 'case scenario'] 

Reference 1541: ['architectural style', 'architecture synthesis', 'probabilistic model checking', 'quantitative guarantees', 'tradeoff analysis', 'uncertainty'] 

TOP-K 1542: ['smca technique', 'soap messages', 'web services.', 'technique', 'compression ratio', 'execution time', 'technique aggregates'] 

Reference 1542: ['aggregation', 'compression', 'soap', 'web services', 'xml'] 

TOP-K 1543: ['deep probabilistic graphical networks', 'deep compression techniques', 'pgns', 'deep pgns', 'layer-by-layer', ['deep compression'], 'model compression techniques', 'low-rank factorization approaches', 'model compression', 'redundancy reduction', 'small mobile devices', 'sparse architectures', 'final pgns', 'on-chip memory', 'deterministic models'] 

Reference 1543: ['deep compression', 'deep learning', 'probabilistic graphical models', 'probabilistic graphical networks'] 

TOP-K 1544: ['minutiae-based matchers', 'rare minutiae types', 'typical minutiae-based matchers', 'rare minutiae.', 'tenprint minutiae patterns', 'spanish criminal database', 'rare features.', 'significant improvement', 'reporting statistics'] 

Reference 1544: ['extended feature sets', 'forensics', 'latent fingerprints', 'rare minutiae features'] 

TOP-K 1545: ['state-of-the-art methods', 'end-to-end learning framework.', 'texture classification.', 'powerful descriptor'] 

Reference 1545: ['deep convolutional feature', 'locality-aware', 'sparse coding', 'texture classification'] 

TOP-K 1546: ['dictionaries', 'sparse representation approach.', 'deep features.', 'method'] 

Reference 1546: ['deep learning', 'dictionary learning', 'feature learning', 'land-use classification', 'sparse representation'] 

TOP-K 1547: ['automatic benchmark generation framework', 'i/o-intensive parallel applications.', ['performance prediction'], 'algorithm', 'efficient trace', 'high accuracy', 'edit script.', 'suffix tree.'] 

Reference 1547: ['benchmark generation', 'i/o-intensive applications', 'performance prediction', 'trace compressing', 'trace merging'] 

TOP-K 1548: ['cfpa', 'significant improvement'] 

Reference 1548: ['congestion', 'fault tolerant', 'network-on-chip', 'noc routing algorithm', 'process variation', 'throughput'] 

TOP-K 1549: ['anomaly prediction module', 'unsupervised isolation-trees', 'performance anomalies', 'two-level auto-scaler', 'cloudsim simulator', 'future performance problems.', 'elastic vms', 'memory bottlenecks.', 'model updating.', 'new strategy'] 

Reference 1549: ['anomaly detection', 'cloud computing', 'isolation-trees', 'performance management', 'vertical scaling'] 

TOP-K 1550: ['fpga design', 'secure fpga design', 'configuration bitstream', 'fpga designs.', 'unique per-die configuration bitstreams.', ['bitstream encryption'], 'configuration data', 'significant security benefits', 'modest overheads', 'persistent source'] 

Reference 1550: ['bitstream encryption', 'fpga security', 'pufs', 'side-channel attacks'] 

TOP-K 1551: ['energy-aware profit', 'approximation ratio', 'scheduling problem.', 'experimental results', 'objective value', 'previous algorithm', 'feasible solution'] 

Reference 1551: ['approximation algorithm', 'bag-of-tasks', 'high performance computing', 'load balancing', 'task scheduling'] 

TOP-K 1552: ['label fusion', 'auto-annotated labels.', 'semantic features', 'thermal images', 'temporal tracking', 'multimodal information.', 'pedestrian instances'] 

Reference 1552: ['auto-annotation', 'deep neural networks', 'multispectral pedestrian detection', 'semantic feature fusion', 'unsupervised learning'] 

TOP-K 1553: ['mooc', 'convex objective function', 'multiple ordinal dinal variables', 'nonlinear extension', 'discrete ordinal values.', 'effective classification performance', 'nonlinear ability', 'output variables', 'optimal model parameters', 'kernel trick', 'general machine', 'effective formulation'] 

Reference 1553: ['convex function', 'multiple discrete ordinal variables', 'multiple ordinal output classification', 'ordinal regression', 'relationships'] 

TOP-K 1554: ['business models', 'software engineering', 'economic models', 'experience reports', ['systematic literature review'], 'future studies', 'development processes', 'pricing mechanism', 'primary studies', 'comprehensive overview', 'quality assessment criteria.', 'relevant studies.'] 

Reference 1554: ['crowdsourcing', 'crowdsourcing in software engineering', 'empirical software engineering', 'systematic literature review'] 

TOP-K 1555: ['valiant-based pb', 'adversarial-consecutive traffic.', 'acor adapts path length', 'acor variant', 'overall throughput', 'base latency', 'network conditions', 'pathological unfairness', 'load values.'] 

Reference 1555: ['acor', 'dragonfly network', 'piggyback routing', 'restricted valiant routing', 'routing recomputation mechanism'] 

TOP-K 1556: ['warping-invariant semi-metric.'] 

Reference 1556: ['dynamic time warping', 'nearest-neighbor rule', 'semi-metric', 'time series'] 

TOP-K 1557: ['expectation laplacian regularization', 'smvmed methods', 'comparisons experiments', 'separate quadratic optimization problems.', 'instantiations', 'kernel versions.', 'approximate solution.', 'exact solution'] 

Reference 1557: ['kernel method', 'large-margin', 'maximum entropy discrimination', 'multi-view learning', 'semi-supervised learning'] 

TOP-K 1558: ['visual qa.', 'image qa', ['information fusion'], 'effective fusion guidelines', 'video qa.', 'cover fusion strategies', 'abstract framework'] 

Reference 1558: ['information fusion', 'survey', 'visual question answering'] 

TOP-K 1559: ['greek municipalities', 'oss tools', 'municipalities maturity levels', 'targeted migration projects', 'specific tools', 'categorization methodology', 'related work.', 'concrete conclusions', 'feature extraction', 'question set', 'municipality combined project'] 

Reference 1559: ['classification', 'foss', 'maturity models', 'migration', 'risk analysis', 'survey'] 

TOP-K 1560: ['deep weight fusion method', 'emotion recognition.', 'multi-modal emotion features', 'cross-modal noise modeling', 'deep belief network', 'video data.'] 

Reference 1560: ['deep learning', 'multi-modality emotion recognition', 'transfer learning'] 

TOP-K 1561: ['state-of-the-art active contour models', 'novel global weighted spf', ['gwspf'], ['lwspf'], 'novel local weighted spf', 'local within-class variances', 'global minimum absolute differences', 'segmentation accuracy', 'local minimum absolute differences', 'initial curve', 'outer region fitting centers.', 'effect degrees', 'coefficients'] 

Reference 1561: ['active contour', 'global and local within-class variances', 'gwspf', 'lwspf'] 

TOP-K 1562: ['network monitoring systems', 'simple joint correlation models', 'incident identification', 'case study', 'available human knowledge', 'significant incidents', 'technical information.', 'incident analysis.', 'human intervention.', 'tickets', 'rich information', 'independent way.'] 

Reference 1562: ['alert correlation', 'data analysis', 'network management systems', 'quality of service', 'ticket-alert correlation'] 

TOP-K 1563: ['location privacy pre-protection method', 'privacy leakage', 'cloud-of things system', 'mobility markov chain approach.', 'algorithm', 'user', 'trajectory privacy.', 'exact location'] 

Reference 1563: ['cloud of things (cot)', 'location based service', 'privacy preservation', 'trajectory privacy'] 

TOP-K 1564: ['biomedical data integration', 'new biomedical technologies', ['machine learning'], 'diverse biomedical data', 'machine learning.', 'data integration', 'integrative approaches', 'human body', 'new challenges', 'exciting future', 'multiple dimensions.', 'different types', 'comprehensive systems', 'holistic picture'] 

Reference 1564: ['computational biology', 'heterogeneous data', 'machine learning', 'personalized medicine', 'systems biology'] 

TOP-K 1565: ['promising real-time architecture', 'real-time/non-real-time tasks.', 'real-time tasks', 'software compatibility', 'robot software packages', 'non-real-time device drivers.', 'implementation details', 'embedded platform', 'rapid development', 'convenient apis', 'communication mechanism', 'deterministic response'] 

Reference 1565: ['cross-domain datagram protocol', 'real-time control architecture', 'robot operating system', 'service mobile robots', 'xenomai'] 

TOP-K 1566: ['hybrid deep learning approach', 'multi-model data fusion approach', 'hybrid approach', 'on-body sensor data.', 'human emotion classification.', 'combined cnn', 'single modality classification.'] 

Reference 1566: ['convoltutional neural network', 'deep learning', 'emotion recognition', 'long short-term memory mobile sensing'] 

TOP-K 1567: ['multisensor filter', 'tracker performance', 'generic spline segments', 'road network', 'filter', 'road map', 'different approaches', 'multiple hypotheses', 'longitudinal movement'] 

Reference 1567: ['context based tracking', 'ground target tracking', 'imm', 'mht', 'non-linear tracking'] 

TOP-K 1568: ['emotion-based information fusion', 'battlefield decision-making', 'emotion awareness.', 'combat capability', 'multi-technical collaboration', 'complex battlefield environments.', 'communication technologies', 'environmental factors.'] 

Reference 1568: ['battlefield big data', 'emotion-aware', 'heterogeneous network', 'information fusion', 'narrow-band iot'] 

TOP-K 1569: ['pornography-2k dataset', 'porn localization', 'violent scene localization', 'sensitive scene localization.', 'varied data types', 'sensitive scenes.', 'new benchmark', 'diverse types'] 

Reference 1569: ['multimodal data fusion', 'pornography localization', 'sensitive scene localization', 'violence localization'] 

TOP-K 1570: ['vcube-ps', 'logarithmic behavior', 'false-positive messages', 'real world scenario', 'small delivery delay', 'well-known approach.', 'causal barrier', 'reasonable size.'] 

Reference 1570: ['causal broadcast', 'distributed spanning trees', 'hypercube-like topologies', 'publish/subscribe', 'topic-based pub/sub'] 

TOP-K 1571: [['credit risk'], 'sample types', 'corporate bankruptcy prediction problems.', 'predictive performance', 'positive sample types.', 'positive samples', 'prevalent type'] 

Reference 1571: ['bankruptcy', 'classifier ensemble', 'credit risk', 'imbalance', 'types of samples'] 

TOP-K 1572: [['computation offloading'], 'computation offloading.', 'model', 'novel machine', 'efficient computation'] 

Reference 1572: ['computation offloading', 'deep learning', 'mobile edge/fog computing', 'resource provisioning'] 

TOP-K 1573: ['universally-known parametric one-way function', 'arbitrary network topology.', ['access privileges'], 'node', 'protected pointer', 'access rights', 'memory segments', 'primary password', 'segment parts'] 

Reference 1573: ['access privilege', 'distributed system', 'parametric one-way function', 'password', 'protection', 'segment'] 

TOP-K 1574: ['on-gpu thread-data remapping', 'cpu processing', 'gpu memory latency hiding', 'frequent synchronization'] 

Reference 1574: ['gpu control flow divergence', 'packet processing', 'simd', 'software router'] 

TOP-K 1575: ['multi-agent networks', ['non-convex optimization'], 'gaussian mixture models', 'consensus-based expectation-maximization', 'time-varying connectivity', 'dynamic consensus', 'diffuse information', 'multiple sources'] 

Reference 1575: ['clustering', 'distributed learning', 'expectation maximization', 'gaussian mixtures', 'non-convex optimization'] 

TOP-K 1576: ['emotion recognition.', 'generalised sequence feature-based technique', 'postural activities.', 'feature-level fusion', 'inertial data', 'use emotion-relevant activities', 'new information source'] 

Reference 1576: ['activity recognition', 'body language', 'multi-sensor fusion', 'sequence feature', 'smart cushion'] 

TOP-K 1577: ['lightweight scalable blockchain', 'low-resource iot', 'time-based consensus algorithm', 'low-resource consuming', 'throughput management algorithm.', 'processing overheads'] 

Reference 1577: ['blockchain', 'internet of things', 'security', 'smart home'] 

TOP-K 1578: ['bci competitions', 'p300 speller data', 'bci competition', 'p300 speller classification methods', 'methods ecsp', 'ectp', 'ecstp', 'average character detection accuracy', 'extra channel selection step', 'conventional csp', 'training time', 'data sets', 'methods', 'ctp methods.', 'prior knowledge'] 

Reference 1578: ['common spatial pattern (csp)', 'event-related potential', 'feature extraction', 'p300 speller'] 

TOP-K 1579: ['cross-platform development frameworks', 'cross-platform frameworks', 'app-enabled devices.', 'evaluation study', 'project-specific configurations.', 'user perspective.', 'weight profiles', 'criteria weights', 'sound theory.', 'novel classes'] 

Reference 1579: ['cross-platform', 'development framework', 'mobile app', 'mobile computing', 'multi-platform'] 

TOP-K 1580: ['bdms', ['big data'], 'statistic-aware data partitioning', 'system architecture', 'statistic-aware data partitioning.', 'extensive experiments'] 

Reference 1580: ['big data', 'data management', 'distributed and parallel processing', 'random sample partition', 'randomness'] 

TOP-K 1581: [['coal-rock interface'], 'coal-rock identification model', ['particle swarm optimization'], ['information fusion'], 'identification accuracy', 'optimization algorithm', 'minimum fuzzy entropy.', ['adaptive weight optimization'], 'height control', 'accurate feature samples.', 'membership functions', 'identification error benefits'] 

Reference 1581: ['adaptive weight optimization', 'coal-rock interface', 'dynamic identification', 'information fusion', 'multi-sensor', 'particle swarm optimization'] 

TOP-K 1582: ['agent-based reference architecture', 'model', 'agent roles', 'continuous model learning.', ['model extraction'], 'agent results.', 'utilization prediction error', 'manual effort'] 

Reference 1582: ['model extraction', 'model learning', 'performance model', 'self-aware computing'] 

TOP-K 1583: ['privacy leakage', 'dptcr scheme', 'pse method', ['semantic-geographical distance'], 'pgd method.', 'trajectory privacy', 'effective tcr', 'noisy feature locations', 'high data utility.', 'pgd constructs', 'actual locations', 'noisy trajectory.'] 

Reference 1583: ['data utility', 'differential privacy', 'location-based social network', 'semantic-geographical distance'] 

TOP-K 1584: ['health topic consumption', 'health interests', 'low rmse', 'consumption patterns', 'demographic features', 'demographic attributes', 'search history.', 'time features'] 

Reference 1584: ['content consumption', 'factorization models', 'online health seeker', 'user behavioral analysis'] 

TOP-K 1585: ['fine-grained image', 'fgvc aircraft datasets', 'finegained image', ['spatial relation'], 'useful spatial relations', 'object parts', 'selection strategy', 'discriminative representation', 'object parts.', 'method', 'first time.'] 

Reference 1585: ['convolutional neural network', 'fine-grained image classification', 'spatial relation'] 

TOP-K 1586: ['concern mining tools', 'empirical evaluation', 'high recall', 'initial quality', 'final quality', 'high precision', 'performance variations', 'satisfactory results.', 'crucial factor'] 

Reference 1586: ['crosscutting concern', 'empirical study', 'human behavior', 'requirements engineering', 'tool support', 'use case specifications'] 

TOP-K 1587: [['emotion recognition'], 'dbn architecture', 'fine gaussian svm', 'emotions.', 'feature-fusion vector', 'significant increases'] 

Reference 1587: ['deep belief network', 'emotion recognition', 'fine gaussian support vector machine', 'fusion model', 'physiological signals'] 

TOP-K 1588: ['data fusion method netf', 'defense strategy', 'different networks.', 'excellent performance', 'different times', 'fuse data'] 

Reference 1588: ['advanced persistent threat', 'dynamic defense strategy', 'game theory', 'heterogeneous network', 'information fusion'] 

TOP-K 1589: ['theoretical parallel speedup', 'data parallel quasi-newton method', 'topology optimization', 'good parallel speedup', 'linear algebra', 'memory computing.', 'space complexity'] 

Reference 1589: ['parallel interior-point', 'parallel optimization', 'quasi-newton'] 

TOP-K 1590: ['multi-focus image fusion.', 'cnns architecture', 'multi-focus dataset', ['ensemble learning'], 'post-processing steps.', 'initial decision map', 'patch feeding strategy', 'new type', 'network.', 'art methods', 'images entrance'] 

Reference 1590: ['convolutional neural network', 'decision map', 'deep learning', 'ensemble learning', 'multi-focus image fusion'] 

TOP-K 1591: ['kld sampling', 'gmapping proposal distribution.', 'new algorithm', 'kld sampling.', 'experimental evaluation', 'simulation evaluation', 'performance improvement', 'accurate proposal distribution.', 'particles', 'number'] 

Reference 1591: ['mobile robots', 'monte carlo localization', 'particle filter'] 

TOP-K 1592: ['cpss.', 'cpss applications.', ['data fusion'], 'deep learning framework', 'differential privacy', 'private data fusion', 'private deep learning', 'design requirements', 'future research directions'] 

Reference 1592: ['cpss', 'data fusion', 'data fusion framework design', 'tensor'] 

TOP-K 1593: ['quality aspects', ['quality requirements'], 'explicit product usage feedback', 'scope decisions.', 'product lifecycle', 'scope decision process.', 'key success factors.', 'different quality requirements', 'product lifecycle focus', 'different phases', 'operational levels', 'explicit decisions'] 

Reference 1593: ['non-functional requirements', 'product management', 'quality requirements', 'requirements engineering', 'requirements scope decision'] 

TOP-K 1594: ['outlier detection method', 'one-class classifiers', 'dynamic ensemble learning', 'pseudo outliers', 'output transformation', 'probabilistic model', 'ensemble selection', 'base learners.', 'base learner.', 'switching mechanism'] 

Reference 1594: ['dynamic classifier selection', 'ensemble learning', 'one-class classification', 'outlier detection', 'process monitoring'] 

TOP-K 1595: ['iot-enabled smart city.', 'latency variability', 'online management', 'real data', 'policy'] 

Reference 1595: ['asymptotical optimality', 'cloud operation', 'iot', 'latency', 'smart city', 'statistical policies'] 

TOP-K 1596: ['mrss', 'reusable classification framework', 'safety', 'mobile robotic systems', 'future research challenges', 'first study', 'industrial adoption.'] 

Reference 1596: ['safety for mobile robots', 'software', 'systematic mapping study'] 

TOP-K 1597: ['writable layer', 'central repository', 'base images', 'vm storage data.', ['data deduplication'], 'file sharing', 'orchestration strategy', 'experimental results', 'new approaches', 'migration system.', 'base image.'] 

Reference 1597: ['cloud computing', 'data center', 'data deduplication', 'live vm migration', 'p2p file sharing', 'storage data migration'] 

TOP-K 1598: ['tof data fusion.', 'depth local consistency', 'real world datasets', 'real data', 'synthetic data', 'confidence information', 'confidence data.', 'sources'] 

Reference 1598: ['deep learning', 'sensor fusion', 'stereo', 'time-of-flight'] 

TOP-K 1599: ['ccep', 'heterogeneous cep engines.', 'engine clustering.', 'adaptive load balancing.', 'cep engine heterogeneity.', ['horizontal scaling'], 'ccep balances load', 'formal model', 'multiple types'] 

Reference 1599: ['adaptive load balancing', 'cep', 'complex event processing', 'horizontal scaling', 'scalability'] 

TOP-K 1600: ['ibs', 'data stream', 'low cost', 'ibs ensemble bases', 'fast learning', 'online algorithms', 'new concept', 'base learners', 'current accuracy.'] 

Reference 1600: ['boosting algorithms', 'data stream classification', 'ensemble learning', 'incremental learning'] 

TOP-K 1601: ['students', 'student experience', 'software development.', 'breakdown scenario likelihood'] 

Reference 1601: ['engineering education', 'group project', 'project', 'software engineering'] 

TOP-K 1602: ['scale icp algorithm', 'one-to-one correspondence', 'm-dimensional registration', 'closed-form solution', 'shape representation', 'feature extraction', 'general framework', 'estimation iteration'] 

Reference 1602: ['correntropy', 'iterative closest point', 'outliers', 'point set registration', 'scale transformation'] 

TOP-K 1603: ['pim offloading', 'thermal-aware source', 'real-world 3d memory.', 'dram layers', 'thermal constraints', 'thermal analysis', 'normal operating temperature'] 

Reference 1603: ['hybrid memory cube', 'processing-in-memory', 'thermal'] 

TOP-K 1604: [['unsupervised method'], 'experimental results', 'em algorithm.', 'crowdsourced data', 'unreliable annotators.', 'streaming data', 'online implementation', 'real data', 'detection stage', 'method accounts'] 

Reference 1604: ['crowdsourcing', 'malariaspot', 'online em algorithm', 'unreliable annotators', 'unsupervised method'] 

TOP-K 1605: ['edge computing.', 'data blocks', 'replacement cost', 'replacement ratios.'] 

Reference 1605: ['data placement', 'edge computing', 'task scheduling', 'user experience'] 

TOP-K 1606: ['cost reduction goals', 'cost reduction.', 'cost savings', 'future research', 'cost reduction techniques.', 'test effectiveness.', 'cost reduction goal.', 'comprehensive classifications'] 

Reference 1606: ['cost reduction', 'mutation analysis', 'mutation testing', 'systematic review'] 

TOP-K 1607: ['ros package reuse', 'ros packages', 'ros ecosystem', 'community members', 'basic documentation', 'recommender systems', 'contribution opportunities', 'large amount', 'possible contribution.'] 

Reference 1607: ['package management', 'robot operating system', 'software ecosystems'] 

TOP-K 1608: ['vm-to-pm mapping', 'vm allocation solutions', 'optimal vm allocation solutions', 'novel fitness function', ['evolutionary algorithm'], 'comprehensive vm allocation approach', 'cloud simulator cloudsim', 'term instruction-energy ratio', 'reservation-based cloud data centers.', 'resource utilization', 'evolutionary iteration', 'overall energy consumption', 'efficient simulation engine', 'possible energy efficiency.', 'evaluation time'] 

Reference 1608: ['cloud computing', 'energy efficiency', 'evolutionary algorithm', 'virtual machine allocation', 'vm acceptance ratio'] 

TOP-K 1609: ['system model', ['semantic differencing'], 'semantic differencing method', 'stepwise refinement', 'time-synchronous component', 'evolution management.', 'method', 'data types', 'bush-button basis.', 'connector systems.'] 

Reference 1609: ['automata', 'component software engineering', 'evolution analysis', 'refinement', 'semantic differencing', 'semantics'] 

TOP-K 1610: ['multi-focus image fusion algorithm', 'image fusion', ['non-uniform blur'], 'graph-cut techniques', 'quantitative evaluations', 'content adaptive', 'decision map.', 'excellent performance'] 

Reference 1610: ['content adaptive blurring', 'image composition', 'image enhancement', 'multi-focus image fusion', 'non-uniform blurring'] 

TOP-K 1611: [['node-independent spanning trees'], 'node/edge connectivity', ['independent forest'], 'qn', 'node-ists', 'n −', 'l', '2n −', 'n +2', 'new method', 'time algorithm'] 

Reference 1611: ['independent forest', 'line graph', 'network', 'node-disjoint paths', 'node-independent spanning trees'] 

TOP-K 1612: ['slam approach', 'multiple uncertainty measures', 'active exploration', 'occupancy probabilities', 'sensor models', 'beta distributions.', 'standard models', 'different types'] 

Reference 1612: ['beta distribution', 'mobile robots', 'occupancy grid maps', 'rao-blackwellized particle filter (rbpf)', 'simultaneous localization and mapping (slam)'] 

TOP-K 1613: [['cloud brokering'], 'interconnected cloud environments', ['cloud broker'], 'interconnected cloud environment', 'cloud', 'future research challenges', 'techniques', 'comparative analysis'] 

Reference 1613: ['cloud broker', 'cloud computing', 'federated cloud', 'hybrid cloud', 'inter-cloud', 'multi-cloud'] 

TOP-K 1614: ['multi-view feature selection methods', 'multi-view feature selection.', 'linear-weighted fusion techniques', ['feature selection'], 'fusion strategy', 'representative fusion methods', 'adaptive weights.', 'future trends'] 

Reference 1614: ['feature selection', 'information fusion', 'multi-view'] 

TOP-K 1615: ['cloud-based iot platform', 'large-scale iot platform deployment.', 'fiware components', 'cloud-based test bed', ['smart cities'], 'comprehensive performance evaluation', 'vertical scalability.', 'cloud deployment.', 'coap data', 'extensive tests'] 

Reference 1615: ['benchmarking', 'cloud computing', 'internet of things', 'middleware', 'quality of service', 'smart cities'] 

TOP-K 1616: ['volumetric cdr', 'fovea-onh axes', 'oct data', 'ridgelet-based analysis', 'new biomarker', 'eyes', 'corresponding fundus images', 'right fundus images', 'local cup', 'disc ratio'] 

Reference 1616: ['color fundus image', 'cup to disc ratio', 'local analysis', 'optical coherence tomography', 'ridgelet transform', 'symmetry'] 

TOP-K 1617: ['smt-based bmc tool', 'model checkers', 'fixed-point arithmetics.', 'limit-cycle oscillations', 'quantization error.', 'support'] 

Reference 1617: ['bounded model checking', 'fixed-point digital controllers', 'formal methods', 'system reliability', 'uncertainty'] 

TOP-K 1618: ['labeling vb-phd filter method', 'track fusion method', 'state fusion method', 'local sensors', 'tracks', 'local sensors.', 'local tracks', 'low computational cost.', 'unknown measurement noise.', 'measurement noise information.', 'local state estimates', 'full utilization'] 

Reference 1618: ['dempster-shafer evidence theory', 'multi-target multi-sensor fusion', 'state fusion', 'track association', 'variational bayesian probability hypothesis density'] 

TOP-K 1619: [['hybrid information fusion'], 'emotion-aware recommender system', 'recommender services.', 'recommendation accuracy', 'predication rating', 'conventional approaches', 'representative kinds'] 

Reference 1619: ['emotion-aware intelligent system', 'hybrid information fusion', 'matrix factorization', 'recommender systems'] 

TOP-K 1620: ['search-based test prioritization approach', 'cps product lines', ['search algorithms'], 'local search algorithms', 'different search algorithms', 'global search algorithms', 'case studies.', 'artificial problems.'] 

Reference 1620: ['cyber-physical system product lines', 'product lines', 'search algorithms', 'test case prioritization', 'variability'] 

TOP-K 1621: ['gpu-accelerated self-join technique', 'efficient range queries.', 'performance model', 'leverage', 'distance calculation removal strategy.', 'key sources'] 

Reference 1621: ['gpgpu', 'in-memory database', 'query optimization', 'self-join'] 

TOP-K 1622: ['iot-blockchain networks.', 'iot network.', 'new adaptive control algorithm', 'big data.'] 

Reference 1622: ['adaptive closed-loop', 'algorithm design and analysis', 'control system', 'iot', 'non-linear control', 'queuing theory'] 

TOP-K 1623: [['asymmetric 3d convolutions'], 'asymmetric one-directional 3d convolutions', 'multi-scale 3d convolutional branches', 'local 3d convolutional networks', 'asymmetric 3d convolutional layers', 'traditional 3d convolution', 'different scales convolutional features', ['micronets'], 'hmdb-51 datasets', 'tradition 3d-cnn models', 'technical innovations', 'challenging benchmarks', 'deep networks', 'feature learning capacity', 'ditional 3d-cnn models'] 

Reference 1623: ['3d-cnn', 'action recognition', 'asymmetric 3d convolution', 'micronets'] 

TOP-K 1624: [['action recognition'], 'novel end-to-end architecture', ['part alignment'], 'state-of-the-art results', 'spatio-temporal evolutions', 'action recognition efficiently.', 'important benchmarks', 'discriminative feature.'] 

Reference 1624: ['action recognition', 'auto-transformer attention', 'part alignment'] 

TOP-K 1625: ['coeffcient matrix', 'conventional mtl methods', 'handwritten digit data', 'spel objective function.', 'optimization method', 'model', 'gene expression analysis', 'new formulation', 'different application domains', 'unimportant features', 'experimental studies', 'experimental results', 'real data', 'potential applications', 'tasks'] 

Reference 1625: ['multi-task learning', 'sparse exclusive lasso', 'task-competitive'] 

TOP-K 1626: ['automated framework', 'android applications.', 'ensemble classifiers.', 'malware detection', 'large dataset', 'potential use', 'dataset', 'static analysis', 'dynamic features', 'wide set'] 

Reference 1626: ['android', 'hybrid features fusion', 'malware analysis', 'malware dataset'] 

TOP-K 1627: ['iot mashups', 'real-world dataset', 'use rtm', 'historical interactions', 'services.', 'interactions relationship'] 

Reference 1627: ['factorization machines', 'iot mashup applications', 'qos', 'relational topic model', 'service recommendation'] 

TOP-K 1628: ['application threads', 'asymmetric multicore system', 'dynamic scheduling techniques', 'unprotected cores', 'scheduling techniques', 'application threads.', 'critical code regions', 'critical code regions.', 'vulnerability metrics', 'function criticality', 'protected cores.', 'fairness metrics'] 

Reference 1628: ['asymmetric cores', 'fairness', 'performance evaluation', 'reliability', 'scheduling algorithms', 'selective protection'] 

TOP-K 1629: ['unsupervised machine learning', 'application scalability', 'monolithic application', 'microservices.', 'web pages', 'similar resource demands'] 

Reference 1629: ['application decomposition', 'cloud computing', 'microservices', 'scalability', 'web applications'] 

TOP-K 1630: ['cfs policies', 'fcfs thread scheduling', 'linux scheduler', 'fcfs scheduling', 'lcfs scheduling', 'cts policies', 'cts', 'linux scheduler.', 'experimental results', 'tail latency.', 'key features'] 

Reference 1630: ['cpu scheduling', 'linux cfs scheduler', 'multi-threaded applications', 'tail latency'] 

TOP-K 1631: ['parallel cp-als implementations', 'memory usage', 'performance gaps', 'high rank decompositions', 'sparse tensors.', 'mpi data distribution schemes', 'execution time', 'performance study', 'data sets', 'measure memory usage', 'run time', 'communication patterns.'] 

Reference 1631: ['alternating least squares', 'canonical decomposition/parallel factorization', 'decomposition', 'parallel', 'performance analysis', 'sparse tensors'] 

TOP-K 1632: ['dtmc models', 'runtime verification.', 'efficient runtime verification mechanism', 'computational time'] 

Reference 1632: ['caching', 'discrete time markov chain', 'probabilistic model checking', 'runtime verification', 'self-adaptive systems'] 

TOP-K 1633: ['bayesian denoising', 'real-world datasets', 'variational bayes framework', 'state-of-the-art performance', 'robust image retrieval.', 'method', 'extra constraints', 'robust hash code.'] 

Reference 1633: ['denoising hashing', 'image retrieval', 'probabilistic model', 'variational bayes'] 

TOP-K 1634: ['trfrec', 'time-decaying relationships', 'integrator prediction approach trfpre.', 'empirical evaluation', 'comparative study', 'file similarities.'] 

Reference 1634: ['code review', 'github', 'integrator prediction', 'open source'] 

TOP-K 1635: ['r-cnn', 'text localization accuracy problem', 'localization accuracy', 'horizontal text detection problem', 'novel locnet', 'text detectors', 'new text detector', 'multi-oriented text instances', 'effective two-stage approach', 'text detection benchmark tasks', 'localization module', 'box regression module', 'text detector.', 'box localization.', 'approach'] 

Reference 1635: ['faster r-cnn', 'locnet', 'natural scene images', 'text detection', 'text localization accuracy'] 

TOP-K 1636: ['privacy-aware smart city research', 'data matrix', 'robust privacy preserving', 'empirical results', 'data format.', 'recommendation accuracy.'] 

Reference 1636: ['data privacy', 'parallel computing', 'privacy-preserving collaborative filtering', 'recommendation systems', 'smart cities'] 

TOP-K 1637: ['energy trading', ['stackelberg game'], 'evs', 'css', 'multi parameter pricing scheme', 'electricity usage', 'energy providers.', 'leaders', 'followers'] 

Reference 1637: ['charging stations', 'dynamic pricing', 'electric vehicles', 'smart city', 'smart grid', 'stackelberg game'] 

TOP-K 1638: ['parallel fourier transforms.', 'c code', 'standard mpi', 'standard implementations.', 'processor cores', 'memory subsystems', 'special hardware support performance', 'compact implementation', 'code change.', 'data movement'] 

Reference 1638: ['alltoallw', 'fft', 'mpi', 'pencil', 'slab'] 

TOP-K 1639: ['two-phase vm placement algorithm', 'two-layer framework', 'fine-grained network abstraction model', 'fgvc model', 'total bandwidth allocation solution', 'cloud datacenter.', 'unused bandwidth resources', 'comprehensive simulations', 'two-phase optimization.', 'f runtime mechanism', 'classical ones'] 

Reference 1639: ['bandwidth guarantee', 'cloud computing', 'datacenter networks', 'rate allocation', 'vm placement'] 

TOP-K 1640: [['facial expression recognition'], 'identity-disentangled representations', 'expressive-neutral pairs', 'popular fer datasets', 'softmax loss', 'face image', 'distance comparisons', 'conventional hard sample mining.', 'k', 'novel approach', 'novel recognition', 'generation scheme', 'conventional deep metric learning.', 'distance metrics', 'training iterations'] 

Reference 1640: ['adaptive metric learning', 'face normalization', 'facial expression recognition', 'hard negative generation'] 

TOP-K 1641: ['high-quality vessel-like structure enhancement', 'state-of-the-art methods', 'vessel-like structures.', 'mathematical morphology.', 'method', 'different structuring elements', 'relevant retinal images', 'fine vessels', 'synthetic examples', 'innate features', 'real datasets.'] 

Reference 1641: ['blood vessel enhancement', 'bowler-hat transform', 'image enhancement', 'mathematical morphology'] 

TOP-K 1642: ['bcloud-ifog framework', 'intelligent route planning.', 'or2p scheme', 'large-scale data sets', 'cloud servers', 'fog servers.'] 

Reference 1642: ['intelligence', 'privacy', 'road networks', 'route planning', 'usability'] 

TOP-K 1643: ['inter-model inconsistencies.', 'semi-automatic inconsistency management framework.', 'small user experiment', 'previous work', 'interactive approach', 'first findings', 'first insights'] 

Reference 1643: ['automated production systems', 'inconsistency management', 'model-based systems engineering'] 

TOP-K 1644: ['bug reports', 'new public dataset', 'bug type classification model.', 'novel taxonomy', 'high value'] 

Reference 1644: ['bug classification', 'empirical study', 'taxonomy'] 

TOP-K 1645: ['deep learning architectures.', 'different modalities.', 'high compatibility', 'limited availability'] 

Reference 1645: ['classification', 'data loss', 'deep learning', 'multimodal data fusion'] 

TOP-K 1646: [['gaussian distributions'], 'nodes', 'node attributes', 'new nodes', 'additional training.'] 

Reference 1646: ['attributed heterogeneous network', 'gaussian distribution', 'network embedding'] 

TOP-K 1647: ['feature model reverse engineering', ['feature models'], 'complete variability extraction method', 'software variants.', 'equivalence classes', 'semi-automated method', 'formal concept analysis.', 'software descriptions.', 'applicability study'] 

Reference 1647: ['feature models', 'formal concept analysis', 'reverse engineering', 'software product lines', 'variability modelling'] 

TOP-K 1648: ['consensus bernoulli filter.', ['sensor network'], 'target tracking.', 'target appearance/disappearance', 'arbitrary topology', 'sensor nodes'] 

Reference 1648: ['bernoulli filtering', 'distributed detection and tracking', 'multisensor fusion', 'random finite sets', 'sensor networks', 'sensor registration'] 

TOP-K 1649: ['sub-space clustering problem', 'gene expression data', 'multiobjective optimization framework', 'cluster quality measures', 'multiobjective opti', 'subspace clustering problem.', 'real-life problem', 'genomic structure', 'first attempt', 'subset', 'sion data'] 

Reference 1649: ['biclustering', 'cluster validity indices', 'evolvable genome structure', 'multi-objective optimization', 'subspace clustering'] 

TOP-K 1650: ['regressive ensemble approach', 'cpu usage', ['scientific application'], 'genetic algorithm', 'workflow management system.', 'error rate', 'execution time', 'accuracy rate', 'relevant features.'] 

Reference 1650: ['cloud computing', 'ensembling', 'feature selection', 'regression techniques', 'resource prediction', 'scientific applications'] 

TOP-K 1651: ['postpartum depression', 'machine learning algorithms', 'cross-validation method', 'ppd indicators', 'real pregnancy database.', 'performance assessment', 'ensemble classifiers.', 'real patient', 'classification mechanism'] 

Reference 1651: ['cognitive computing', 'emotion-aware smart systems', 'information fusion', 'maternal care quality improvement', 'mental health solutions'] 

TOP-K 1652: ['traffic flow monitoring systems', ['smart cities'], 'placement problem', 'approximation algorithms', 'interesting properties', 'extensive experiments'] 

Reference 1652: ['coverage and distinguishability', 'location proof', 'rsu placement', 'smart city', 'traffic flow tracking systems'] 

TOP-K 1653: ['syntactic violation', 'classification accuracy', 'linguistic features.'] 

Reference 1653: ['convolutional neural network', 'event-related potential signals', 'linguistic feature fusion', 'neurological signal processing', 'sentence classification'] 

TOP-K 1654: ['edge', 'cloud', 'heterogeneous sensor networks.', 'long term anomalies', 'data analysis', 'novel approach', 'data analysis.'] 

Reference 1654: ['anomaly detection', 'cloud-assisted sensing', 'intelligent sensing', 'internet of things', 'sensor fusion'] 

TOP-K 1655: [['objective weights'], 'objective methods', 'new classification system', 'potential research directions', 'decision makers', 'time span'] 

Reference 1655: ['decision makers’ weights', 'group decision making', 'literature survey', 'objective weights'] 

TOP-K 1656: ['sse', 'safe sample elimination rule', 'multi-class models k-svcr', 'multi-parameter case', 'single parameter case', 'variational inequality.', 'redundant samples', 'computational speed.', 'original problem.'] 

Reference 1656: ['k-svcr', 'multi-class classification', 'multi-parameter', 'safe elimination rule', 'twin-ksvc'] 

TOP-K 1657: [['image captioning'], 'semantic embedding network', 'image feature', 'comprehensive evaluations', 'trelu', 'text feature', 'activation function', 'threshold relu', 'hidden state', 'attributes', 'inputs', 'word generation.', 'enough discriminative power.'] 

Reference 1657: ['densely embedding', 'high-level semantic information', 'image captioning', 'long short-term memory', 'retrieval', 'visual concept'] 

TOP-K 1658: ['self-stabilizing algorithm', 'algorithm', 'number'] 

Reference 1658: ['disconnected network', 'routing algorithm', 'self-stabilization', 'shortest-path'] 

TOP-K 1659: ['cbrjs', 'cbrjs framework', 'state-of-the-art web standards', 'public oss code repositories', 'prototype framework', 'superior discoverability', 're-packaging c/c', 'oss components.', 'hard-to-find c/c'] 

Reference 1659: ['c/c++', 'javascript', 'open source software', 'rust', 'software discoverability', 'webassembly'] 

TOP-K 1660: ['smoothing spline approach', 'smooth manifolds', 'algorithm', 'high-dimensional data.', 'smoothness', 'noise', 'face images', 'corrupted manifold.', 'neighborhood size', 'sparsity gracefully.'] 

Reference 1660: ['geodesics', 'manifold', 'noisy measurements', 'nonlinear dimensionality reduction', 'smoothing spline'] 

TOP-K 1661: ['novel structured sparsity', 'multi-modality imaging', 'genetic data', 'p', 'multiple kernel learning method', 'genotype information', 'different level'] 

Reference 1661: ["alzheimer's disease diagnosis", 'feature selection', 'multimodal features', 'multiple kernel learning', 'structured sparsity'] 

TOP-K 1662: ['batch one-class classifiers', ['low variance directions'], 'support vectors', 'incremental procedure', 'comparative tests', 'tucker conditions.', 'new data points', 'basic formulation', 'possible changes'] 

Reference 1662: ['incremental learning', 'low variance directions', 'one-class classification', 'support vector machine'] 

TOP-K 1663: ['generative bayesian model', 'class-conditional model', 'multi-feature learning.', 'label information', 'experimental results', 'discriminant representation.', 'method', 'various views'] 

Reference 1663: ['bayesian model', 'classification', 'generative model', 'multi-feature', 'multi-view(modal)'] 

TOP-K 1664: [['multimodal classification'], 'state-of-the-art methods.', 'works'] 

Reference 1664: ['distance graphs', 'multimodal classification', 'multimodal fusion', 'multimodal metric learning'] 

TOP-K 1665: ['legacy system re-implementation process.', 'state payroll system', 'ibm mainframe.', 'car leasing system'] 

Reference 1665: ['code refactoring', 'code rewriting', 'data renaming', 'reverse engineering', 'software migration', 'software re-implementation'] 

TOP-K 1666: [['grid-based dbscan'], 'real/synthetic data', 'hypergrid bitmap', 'cluster forest', 'method', 'index non-empty grids', 'higher-dimensional dataset.', 'efficient neighbor grid queries.', 'performance superiority'] 

Reference 1666: ['density-based clustering', 'grid-based dbscan', 'union-find algorithm'] 

TOP-K 1667: ['debugging tools', 'openstack software', 'first large-scale cms-bug benchmark.', 'real-world openstack'] 

Reference 1667: ['bug reports', 'cloud management stack', 'empirical study', 'openstack'] 

TOP-K 1668: ['ship candidates', 'multi-spectral information.', 'multi-spectral bands', 'backpropagation neural network', 'panchromatic band.', 'land segmentation'] 

Reference 1668: ['deformable part model', 'inland river', 'optical satellite imagery', 'ship detection'] 

TOP-K 1669: [['social context'], ['sentiment analysis'], 'different techniques', 'use social context', 'sentiment analysis benefits', 'structured review'] 

Reference 1669: ['online social networks', 'sentiment analysis', 'social context', 'social network analysis'] 

TOP-K 1670: ['v2x heterogeneous networks.', 'high trust level.', 'security related calculation tasks'] 

Reference 1670: ['data fusion', 'data processing', 'data trust', 'heterogeneous network', 'security', 'v2x communication'] 

TOP-K 1671: ['vessel interior', ['deep belief net'], 'vessel profile', 'vessel geometry model.', ['fundus images'], 'probabilistic approach', 'probability profiles', 'centreline', 'edges.'] 

Reference 1671: ['deep belief net', 'deep neural network', 'fundus image', 'particle filtering', 'tracking', 'width estimation'] 

TOP-K 1672: ['gmm-svm fingerprint verification scheme', 'fixed-length binary minutiae templates', 'gmm-svm feature vectors', 'asymmetric locality sensitive hashing.', 'recognition accuracies', 'homomorphic encryption methods', 'fixed-length binary string', 'state-of-the-art methods', 'novel features', 'framework', 'encrypted domain.'] 

Reference 1672: ['biometric template protection', 'fingerprint verification', 'fixed-length minutiae representation', 'minutiae protection'] 

TOP-K 1673: [['multi-layer discriminative dictionary learning'], 'graph laplacian matrices', 'coding vectors', 'multi-layer dictionary learning', ['locality constraint'], 'image classification.', 'joint classifier training', 'locality information', 'powerful architecture', 'original data', 'robust dictionary', 'test error', 'large values', 'final layer', 'different classes'] 

Reference 1673: ['classifier training', 'image classification', 'locality constraint', 'multi-layer discriminative dictionary learning'] 

TOP-K 1674: ['industrial prognosis.', ['data fusion'], 'prescriptive prognostic models', 'future trends'] 

Reference 1674: ['data fusion', 'data-driven prognosis', 'industry 4.0', 'machine learning'] 

TOP-K 1675: ['temporal attention filters', 'common space learning method', 'time-span feature', 'common space', 'total loss', 'video segments.', 'prediction loss', 'audio data.', 'matching loss'] 

Reference 1675: ['affective video content', 'common space learning', 'data fusion', 'deep learning', 'multimodal data'] 

TOP-K 1676: ['structural analysis process', 'structural analysis', 'area/absolute/relative references', 'structural analysis.', 'spreadsheet smells.', 'smell tool fritz', 'new spreadsheet', 'new smells.', 'detailed description'] 

Reference 1676: ['code smells', 'spreadsheets', 'static analysis'] 

TOP-K 1677: ['3d reconstruction', 'sfm pipelines.', 'new method', 'low texture', 'low number', 'previous result'] 

Reference 1677: ['3d abstraction', 'line-based sketching', 'reconstruction', 'uav'] 

TOP-K 1678: ['marathon mesos framework', 'qos guarantees', 'mesos frameworks.', 'dynamic vertical elasticity', 'transparent mechanism'] 

Reference 1678: ['cloud computing', 'mesos frameworks', 'quality of service', 'vertical elasticity'] 

TOP-K 1679: ['sensor placement methodology', 'canonical correlation directions', 'chemical release problem', 'approximate bayesian sensor placement', 'data processing inequality.', ['bayesian optimization'], 'high dimensional data.', 'high dimensions', ['mutual information']] 

Reference 1679: ['bayesian inference', 'bayesian optimization', 'canonical correlation analysis', 'low dimensional projection', 'mutual information'] 

TOP-K 1680: ['new method name dmli', 'msmt17 databases', 'horizontal stripes', 'local branch', 'experimental results', 'rank-1 accuracy', 'global branch', 'discriminative global features.', 'competitive results', 'novel framework', 'extra supervision'] 

Reference 1680: ['cnns', 'dynamically alignment', 'person re-identification'] 

TOP-K 1681: ['unique convolutional filter bank', 'frame-level features', 'promising action recognition performance', 'model parameters', '1d signal', 'temporal order information.', 'temporal evolution', '1d signal.', 'feature value', 'feature dimension', 'tractable amount'] 

Reference 1681: ['action recognition', 'convolutional neural network', 'temporal pooling'] 

TOP-K 1682: ['heat conduction fem', 'assembly-free methods', 'heterogeneous media.', 'heat flow', 'system matrix', 'dual gpus', 'massive parallelism.', 'serial sparse matrix method.'] 

Reference 1682: ['heat conduction simulation', 'heterogeneous computing', 'opencl'] 

TOP-K 1683: [['information fusion'], 'rough set theory.', 'multi-granulation rough sets', 'several complex information systems', 'basic perspectives'] 

Reference 1683: ['information fusion', 'multi-granulation', 'multi-modality', 'multi-scale', 'multi-source', 'rough set'] 

TOP-K 1684: ['consensus method', 'self-confidence', ['overconfidence behaviors'], 'clustering method', 'consensus measure', 'expert'] 

Reference 1684: ['consensus model', 'fuzzy preference relations with self-confidence (frps-sc)', 'large-scale group decision making (lsgdm)', 'overconfidence behaviors'] 

TOP-K 1685: ['memory footprint', ['task graphs'], 'fictitious edges', 'computational workflows.', 'parallel makespan', 'maximal peak memory', 'memory dependences', 'limited impact'] 

Reference 1685: ['bounded memory', 'scheduling', 'task graph'] 

TOP-K 1686: ['3d lattice boltzmann models', 'distance field regularization', 'fast segmentation', 'lbm scheme', 'geometric active contour', 'volumetric data.', 'method', 'parallel computing scheme.'] 

Reference 1686: ['biomedical geometry extraction', 'gpu computing', 'lattice boltzmann method', 'parallel image segmentation'] 

TOP-K 1687: [['test amplification'], 'test amplification.', 'outstanding research challenges', 'snowballing literature review', 'related work', 'main categories.'] 

Reference 1687: ['automatic testing', 'test amplification', 'test augmentation', 'test optimization', 'test regeneration'] 

TOP-K 1688: ['on-off algorithm', 'key-value stores', 'key-value accesses', ['replica selection'], 'current replica servers', 'replica servers.', ['tail latency'], 'default simulation configuration', 'small maximum', 'replica server certain time'] 

Reference 1688: ['key–value stores', 'on–off', 'replica selection', 'tail latency'] 

TOP-K 1689: ['mpi parallel programs', 'path coverage problem', 'problem', 'optimization problem.'] 

Reference 1689: ['blocking communication', 'genetic algorithm', 'parallel program', 'path coverage', 'test data'] 

TOP-K 1690: ['parallel approximation algorithm', 'scheduling parallel identical machines', 'multi-core systems', 'approximation guarantees', 'sequential ptas.', 'algorithm'] 

Reference 1690: ['approximation algorithms', 'parallel algorithms', 'scheduling'] 

TOP-K 1691: ['current mvif methods', 'mammogram mvif methods.', 'mvif methods.', 'breast cancer diagnosis.', 'typical hierarchical classification', 'future trends', 'comprehensive review', 'class difference'] 

Reference 1691: ['classification', 'content-based mammogram retrieval', 'detection', 'mammograms', 'multi-view', 'visual information fusion'] 

TOP-K 1692: ['weight', 'owa aggregation', 'owa aggregation.', 'owa weights.', 'uncertain aggregation', 'combined owa', ['choquet integral'], 'probability distribution', 'function', 'arguments.'] 

Reference 1692: ['aggregation', 'choquet integral', 'measure-based uncertainty', 'weight generating function'] 

TOP-K 1693: [['adaptive consistency'], 'popular adaptive consistency approaches', 'comparative analysis', 'open research directions', 'characterization criteria', 'several challenges', 'new approach.', 'direct influence', 'detail.'] 

Reference 1693: ['adaptive consistency', 'adaptive policy', 'big data', 'cloud storage'] 

TOP-K 1694: ['on-demand self-reconfigurable processor architecture.', 'arithmetic library', 'transparent automatic software-to-hardware substitution', 'arithmetic functions', 'efficiency-based replacement strategies', 'hardware functions.', 'interchangeable software'] 

Reference 1694: ['dynamic partial reconfiguration', 'reconfigurable computing', 'self-optimizing system', 'soft-core processor'] 

TOP-K 1695: ['nek5000 code', 'multi-gpu systems', 'schwarz preconditioner', 'different openacc optimization strategies.', 'multi-gpu system', 'cpu version', 'time-consuming parts', 'maximum speed-up', 'pn −'] 

Reference 1695: ['gpu programming', 'high performance computing', 'nek5000', 'openacc', 'spectral element method'] 

TOP-K 1696: ['tread control dependence graph', 'tcp', 'tcp method', 'new profiling model', 'effective instrumentation algorithm', 'various possible overheads', 'concurrent test cases.', 'case study', 'concurrent code.'] 

Reference 1696: ['concurrent', 'dynamic analysis', 'java thread', 'profiling', 'synchronization'] 

TOP-K 1697: ['semantic adaptation', ['cascaded convolution fusion strategy'], 'several public benchmark datasets', 'novel knowledge adaptation framework', 'long-range video representation.', 'feature encoding method', 'features', 'action recognition.', 'temporal features', 'spatial features', 'extensive experiments', 'max pooled', 'vector'] 

Reference 1697: ['action recognition', 'cascaded convolution fusion strategy', 'knowledge adaptation', 'two-stream network', 'video representation'] 

TOP-K 1698: ['algorithms', 'experimental results', ['geometric graphs'], 'congest model', 'unit interval', 'comprehensive experimental evaluation', 'dimensional graphs.', 'computing model.', 'maximal independent sets', 'constant time'] 

Reference 1698: ['distributed algorithm', 'geometric graphs', 'local algorithm', 'maximal and maximum independent set', 'unit interval graphs'] 

TOP-K 1699: ['online ecg monitoring', ['wearable devices'], 'heart-rate variations', 'novel solution', 'anomalous heartbeats.', 'user-specific dictionaries.', 'normal heartbeats.', ['sparse representations'], 'available dataset.'] 

Reference 1699: ['anomaly detection', 'domain adaptation', 'online and long-term ecg monitoring', 'sparse representations', 'wearable devices'] 

TOP-K 1700: ['heterogeneous observations', 'causal relations', 'distance correlation', 'random variables', 'deep restricted boltzmann machines.', 'marginal probability distributions', 'conditional probabilities', 'causal direction', 'data set.', 'independence measure'] 

Reference 1700: ['causal inference', 'heterogeneous data sources', 'principal component analysis', 'probabilistic deep models'] 

TOP-K 1701: ['unbalanced hfl-multimoora method', ['unbalanced hfl-multimoora'], ['hesitant degree'], 'hesitant degree-based weighting method', 'shared bicycle selection problem', 'novel score function'] 

Reference 1701: ['bicycle-sharing service', 'hesitant degree', 'hesitant fuzzy linguistic term set', 'multiple criteria decision analysis', 'score function', 'unbalanced hfl-multimoora'] 

TOP-K 1702: [['swarm debugging'], 'swarm intelligence', 'elapsed time', 'debugging patterns.'] 

Reference 1702: ['debugging', 'distributed systems', 'empirical studies', 'information foraging', 'software visualization', 'swarm debugging'] 

TOP-K 1703: [['facial expression recognition'], 'deep-based model', 'encoder-decoder framework', 'salient expression region descriptor', 'famous expression databases', 'expression-sensitive regions', 'deep features.', 'multiple variations'] 

Reference 1703: ['attention', 'convolutional neural network', 'facial expression recognition', 'multi-path variation-suppressing network', 'salient expressional region descriptor'] 

TOP-K 1704: ['cost information', 'novel method', 'feature cost information', ['classifier chains'], 'real medical datasets', 'method', 'elastic-net penalty', 'experimental framework', 'learning process', 'features', ['logistic regression'], 'measurement errors', 'generalization error', 'penalty factors', 'account costs'] 

Reference 1704: ['classifier chains', 'cost-sensitive feature selection', 'generalization error bounds', 'logistic regression', 'multi-label classification', 'stability'] 

TOP-K 1705: ['multicriteria decision', 'qualitative information fusion', ['possibilistic approach'], 'multiobjective allocation', 'multiobjective problems.', 'allocation objectives', 'homogeneous formulation', 'approach', 'general scheme', 'robust solutions'] 

Reference 1705: ['allocation of resources or their shortages', 'multicriteria robust solutions', 'multiobjective decision making', 'possibilistic approach', 'qualitative information processing', 'transformation functions'] 

TOP-K 1706: ['iot database', 'emulation platform iot.', 'analytic hierarchy', 'performance evaluation', 'edge/cloud platform.'] 

Reference 1706: ['analytical hierarchy process', 'distributed iot database', 'edge/cloud', 'evaluation criteria'] 

TOP-K 1707: ['future exascale systems', 'future exascale.', 'energy consumption', 'energy consumption measurements.', '8x application'] 

Reference 1707: ['energy', 'exascale', 'gpu virtualization', 'hpc'] 

TOP-K 1708: ['sleep stage', 'sensor-specific variables.', 'latent variables', 'method', 'automatic assessment', 'diffusion operators.', 'good performance', 'multiple applications'] 

Reference 1708: ['alternating diffusion maps', 'common manifold learning', 'diffusion maps', 'multimodal sensor fusion', 'nonlinear-filtering'] 

TOP-K 1709: ['popi', 'experimental results', 'performance issues', 'novel method popi', 'current data systems/applications', 'data operator decomposition.', 'present excellent load-balancing properties', 'detailed analysis', 'practical angle'] 

Reference 1709: ['data skew', 'distributed join', 'load balancing', 'outer join', 'spark'] 

TOP-K 1710: ['trace-driven simulations', 'network traffic', 'brand new profiler', 'vef trace format', 'full-system simulation.', 'memory communications.'] 

Reference 1710: ['exascale workloads', 'interconnection networks', 'modeling and simulation tool', 'performance evaluation'] 

TOP-K 1711: ['user posture', 'device control', 'new public dataset', 'public datasets', 'authentication performance.', 'device size', 'similar touch data.', 'similar specifications'] 

Reference 1711: ['behavioral biometrics', 'continual authentication', 'gesture based authentication', 'mobile security', 'soft biometrics', 'touch based authentication'] 

TOP-K 1712: ['biodgw-cmi', 'wavelet diffusion', 'biological significance', 'sequence features', 'energy signal', 'competitive performance'] 

Reference 1712: ['cascades', 'diffusion process', 'dimension reduction', 'network embedding', 'network inference'] 

TOP-K 1713: ['fault-tolerant last level cache', 'shared-memory coherent cmp', 'fault-aware llc management', 'block', 'critical blocks', 'ultra-low voltage.', 'operative cache entries.', 'cmps operating', 'detailed evaluation'] 

Reference 1713: ['cache management', 'fault-tolerance', 'near-threshold voltage', 'on-chip caches', 'sram reliability'] 

TOP-K 1714: ['asynchronous jacobi', 'synchronous jacobi', 'aj', 'sparse linear systems.', 'communication delays', 'memory support'] 

Reference 1714: ['asynchronous', 'gauss–seidel', 'iterative solvers', 'jacobi', 'remote memory access', 'sparse linear systems'] 

TOP-K 1715: [['co-change patterns'], 'popular github projects', 'new study', 'co-change clusters.', 'statistical analysis'] 

Reference 1715: ['co-change clusters', 'co-change patterns', 'modularity'] 

TOP-K 1716: ['fine-grained behavior', 'fine-grained behavior.', 'social anxiety levels', 'multimodal sensor fusion', 'different social anxiety levels'] 

Reference 1716: ['behavioral dynamics', 'sensor fusion', 'smartphone use', 'social anxiety'] 

TOP-K 1717: ['feature-guided gaussian mixture model', 'robust feature matching.', 'non-rigid deformations.', 'state-of-the-art methods.', 'theoretical derivations', 'true feature matches', 'method', 'different research communities'] 

Reference 1717: ['feature-guided', 'gaussian mixture model', 'image matching', 'local geometric constraint', 'semi-supervised em'] 

TOP-K 1718: ['region', ['image fusion'], 'fusion methods', 'state-of-the-art survey', 'first hand classification', 'detailed analysis', 'comprehensive comparison', 'encouraging results', 'presented.'] 

Reference 1718: ['image fusion', 'region based fusion', 'segmentation'] 

TOP-K 1719: ['energy consumption', 'androidoff', 'execution costs', 'response time', 'mec serves.'] 

Reference 1719: ['code analysis', 'computation offloading', 'mobile edge computing'] 

TOP-K 1720: ['high-level analytical performance model', 'cesm script system', 'two-phase scheduling strategy', ['performance model'], 'performance model error', 'empirical performance model', 'easy-to-used optimization tool', 'user community', 'long-term simulation profiling.', 'algorithm analysis', 'domain knowledge', 'short-term simulation', 'rectangular packing method', 'climate system models', 'process configurations'] 

Reference 1720: ['automatic tool', 'cyber–physical system', 'performance model', 'scheduling', 'time-to-solution'] 

TOP-K 1721: ['node importance', 'wireless sensor network surveillance.', 'intelligent wake-up scheme', 'information fusion', 'information fusion scheme.', 'extensive experiments'] 

Reference 1721: ['detection efficiency', 'network topology', 'voronoi diagram', 'wireless sensor networks'] 

TOP-K 1722: [['packet dropouts'], 'new compensation framework', 'compensation mechanisms', 'different compensation factors', 'steady-state property', 'centralized fusion'] 

Reference 1722: ['compensation', 'multi-sensor system', 'networked system', 'optimal filter', 'packet dropout'] 

TOP-K 1723: ['sendys', 'short-cut reformulation', 'multiple faults', 'comprehensive theoretical analysis', ['theoretical analysis'], 'empirical studies', 'performance.'] 

Reference 1723: ['dynamic slicing', 'hitting set', 'risk evaluation formulas', 'spectrum based fault localization', 'theoretical analysis'] 

TOP-K 1724: ['discriminant metric learning', 'clustering structure', 'subtype clusters', 'triplet loss function', 'clustering degree', 'neighborhood selection problem', 'traditional triplet loss-based methods', 'high clustering degrees', 'refined subtype clusters', 'positive pairs', 'online sampling method', 'down-scaled triplet loss.', 'different classes', 'semi-hard pairs', 'clustering module'] 

Reference 1724: ['deep networks', 'fuzzy clustering', 'metric learning', 'online sampling', 'triplet loss'] 

TOP-K 1725: [['mobile edge computing'], 'mobile edge computing environments.', ['service recommendation'], 'user mobility', 'service recommendation approach', 'experimental results', 'data volatility'] 

Reference 1725: ['edge server similarity', 'mobile edge computing', 'qos', 'service recommendation'] 

TOP-K 1726: ['enhancing gpgpu programmability', 'gpus', ['control divergence'], 'gpgpu performance.', 'general purpose computing', 'future gpus', 'gpgpu programming.', 'limited parallelism', 'main bottlenecks', 'next power-limited big-data era.', 'efficient performance/power ratio.', 'architectural advances', 'compelling general purpose accelerator', 'memory bandwidth', 'various issues'] 

Reference 1726: ['control divergence', 'gpgpu', 'heterogeneous architecture', 'memory systems'] 

TOP-K 1727: ['kdm metaclasses.', 'hw extensions', 'lw extensions', 'lw extension', 'extension mechanisms.', 'modernization engineer', 'heavyweight extension new metaclasses', 'precise semantics'] 

Reference 1727: ['aspect-oriented modernization', 'heavyweight extension', 'knowledge discovery metamodel', 'legacy systems', 'lightweight extension', 'omg'] 

TOP-K 1728: ['github java projects', 'link recovery approach', 'link recovery approaches.', 'effective degradation'] 

Reference 1728: ['deep learning', 'issue-commit links', 'semantic understanding'] 

TOP-K 1729: ['wireless sensor networks', ['wsn'], 'hierarchical architecture', 'simulation results', ['energy consumption'], 'competition radius', 'network lifetime', 'efficient results', 'life time.', 'algorithm multi'] 

Reference 1729: ['castalia', 'energy consumption', 'hot spot problem', 'routing', 'wsn'] 

TOP-K 1730: ['low-powered raspberry pi cluster', 'small low-powered devices', 'cloud solutions.', 'fog network', 'apache spark', 'experimental evaluation', 'bandwidth consumption'] 

Reference 1730: ['and computational efficiency', 'energy-efficient cloud computing', 'fog computing', 'internet of things (iot)', 'surveillance videos', 'video summarization'] 

TOP-K 1731: ['successful devops adoption.', 'gqm definition', 'model', 'theory', 'case study', ['focus group']] 

Reference 1731: ['devops', 'focus group', 'grounded theory', 'software development', 'software operations'] 

TOP-K 1732: ['big intermittent networks.', 'data management.', 'cloudlet job scheduler.', 'computational resources', 'storage resources', 'robust architecture', 'central managers', 'particular location'] 

Reference 1732: ['big data', 'cloudlets', 'cyber-foraging', 'disruption-tolerant network'] 

TOP-K 1733: ['virtualization obfuscation', ['software protections'], 'white-box cryptography', 'industry case studies', 'first meta-model', ['attack models'], 'engineering attacks.', 'different tools'] 

Reference 1733: ['attack modelling', 'decision support', 'meta-model', 'reverse engineering', 'security knowledge base', 'software protection'] 

TOP-K 1734: ['top quartile organizations', ['enterprise architecture'], 'ea artifacts', 'ea insights', 'investment decisions', 'investment decision-making.'] 

Reference 1734: ['enterprise architecture', 'enterprise architecture artifacts', 'enterprise architecture insights', 'enterprise architecture maturity', 'it investments', 'quality of it investment decision outcomes'] 

TOP-K 1735: ['ordinal regression models', 'real-world study', 'synthetic studies', 'strategy'] 

Reference 1735: ['constrained optimization', 'ordinal regression', 'preference integration'] 

TOP-K 1736: [['software engineering education'], 'independent opinion-survey studies', 'configuration management', ['industrial needs'], ['knowledge gaps'], 'data points'] 

Reference 1736: ['important skills', 'industry needs', 'knowledge gap', 'meta-analysis', 'software engineering education', 'systematic literature review (slr)'] 

TOP-K 1737: ['real-world case study', 'multiobjective cellular evolutionary algorithm.', 'multiple vehicle types.', 'frequency setting', 'operational costs.', 'los angles'] 

Reference 1737: ['evolutionary algorithms', 'metaheuristics', 'multiobjective optimization', 'multiple vehicle types', 'public transport', 'smart cities'] 

TOP-K 1738: ['htm systems', 'current htm', 'os-level copy', 'physical clocks', 'nvm cache line', 'persistent memory.'] 

Reference 1738: ['hardware', 'memory', 'persistent', 'system', 'transaction'] 

TOP-K 1739: ['simulated results', 'incorrect priors'] 

Reference 1739: ['ambiguity aversion', 'confirmation bias', 'decision support', 'dempster–shafer theory', 'hypothesis resolution'] 

TOP-K 1740: ['multi-task emotion communication system', 'real-time service.', 'fairness-based resource allocation', 'resource allocation scheme', 'entire emotion interaction process', 'proposed system'] 

Reference 1740: ['dynamic optimal resource allocation', 'emotion communication', 'multi-task scheduling', 'the minimum task transmission rate'] 

TOP-K 1741: ['new ir/vis fusion method', 'thermal pan-sharpening', 'end-to-end model', 'generative adversarial networks.', 'sharpened ir images', 'thermal radiation', 'fusion rules', 'different resolutions', 'texture details', 'source images.', 'fuse images', 'abundant textures.'] 

Reference 1741: ['deep learning', 'generative adversarial network', 'image fusion', 'infrared image', 'visible image'] 

TOP-K 1742: ['iqa metrics', 'attention/saliency supervision.', 'attention weight', 'subjective quality scores', 'local quality', 'interpretable attention model', 'network', 'correlation constraint'] 

Reference 1742: ['convolutional neural network', 'image quality assessment', 'learnable pooling', 'perceptual image quality', 'visual attention'] 

TOP-K 1743: [['multimoora'], 'theoretical features', 'practical applications', 'uncertainty theories.', 'main studies.'] 

Reference 1743: ['bibliometric analysis', 'fuzzy set theory', 'linguistic term theory', 'multi-criteria decision-making', 'multimoora', 'uncertainty theories'] 

TOP-K 1744: ['moep', 'matrix variate', 'multiple subspace clustering', 'low-rank component prior.', 'final clustering results', 'exponent power', 'practical algorithm', 'model complex noise', 'contoured distribution', 'model first resorts', 'flexible mixture'] 

Reference 1744: ['finite mixture model', 'noises modelling', 'nonconvex and nonsmooth optimization', 'subspace clustering'] 

TOP-K 1745: ['robot decision', 'spatial relationships', 'weighting strategy', 'specific missions.', 'temporal changes.', 'decision scheme.'] 

Reference 1745: ['decision making', 'multimodal information fusion', 'probabilistic inference', 'role recognition', 'situation assessment'] 

TOP-K 1746: ['end-to-end dcnn', 'facial expression sequence', 'binary cnn.', 'automatic fer.', 'expression', 'benchmark databases'] 

Reference 1746: ['deep learning', 'difference convolution neural network', 'facial expression recognition', 'social signal analysis'] 

TOP-K 1747: [['time-inhomogeneous markov chain'], 'mdm', 'good scalability', 'freshness-cost ratio', 'message propagation process.', 'message freshness.', 'spatio-temporal cost.', 'dissemination cost'] 

Reference 1747: ['markov decision process', 'message dissemination', 'opportunistic underwater sensor networks', 'time-inhomogeneous markov chain'] 

TOP-K 1748: ['cbo', 'general consensus', 'different variations', 'different correlations'] 

Reference 1748: ['comparison', 'coupling', 'empirical', 'software metrics'] 

TOP-K 1749: ['low resolution crowd images', 'head detection', 'novel deep-cnn', 'dhd', ['information fusion'], 'dpm', 'head detector', 'person', 'segmentation results', 'upper body', 'detection algorithm', 'novel fusion framework.'] 

Reference 1749: ['body pose detection', 'crowd analysis', 'information fusion', 'person localization', 'person segmentation', 'upper body detection'] 

TOP-K 1750: ['ibpre', 'new ibe scheme', 'security model', 'security.', 'new ibpre', 'scheme', 'performance analysis'] 

Reference 1750: ['3-linear map', 'identity based encryption', 'identity based proxy re-encryption plus', 'proxy re-encryption plus', 'secure social cloud data sharing'] 

TOP-K 1751: ['smss', 'future research recommendations', 'software engineering.', ['systematic mapping studies'], 'research gaps', ['tertiary study'], 'thematic analysis.', 'quality assessment', 'classification', 'software engineering body', 'basis'] 

Reference 1751: ['secondary study', 'software engineering', 'survey', 'systematic mapping study', 'tertiary study'] 

TOP-K 1752: ['rapid modelling approaches', 'agile requirements.', 'creativity', 'web apps', 'primary studies', 'proper conditions', 'unique proposals.'] 

Reference 1752: ['agile methodologies', 'creative thinking', 'requirements elicitation', 'software development', 'software project management', 'systematic review'] 

TOP-K 1753: [['wireless sensor network'], 'biological intracellular signalling', 'biological intracellular signalling.', 'performance metrics', 'model', 'reliable information'] 

Reference 1753: ['intracellular signalling', 'smog sensing model', 'wireless sensor network'] 

TOP-K 1754: [['semi-partitioned approach'], 'four-core platform', 'generalised multi-core platform', 'possible models', 'appropriate model'] 

Reference 1754: ['mixed criticality system', 'multi-core platform', 'semi-partitioned approach'] 

TOP-K 1755: ['apache hive', 'apache spark', 'real-time power monitoring platform', 'hive data warehouse', 'data etl processing', 'query-response efficiency testing', 'performance testing', 'smart meter.', 'statistical query function', 'data collection', 'hadoop subsystem', 'storage method'] 

Reference 1755: ['big data warehouse', 'data etl', 'internet of things', 'real-time processing', 'smart meter'] 

TOP-K 1756: ['pattern recognition', 'head annotations', 'failure cases', 'recent references', 'baseline methods', 'quantitative analysis', 'challenging images', 'dramatic drop downs'] 

Reference 1756: ['combinatorial optimization', 'computer vision', 'detection'] 

TOP-K 1757: ['well-known hpc benchmarks', 'knapsack algorithm.', 'heterogeneous platform', 'transparent load', 'potential energy saving.', 'mechanism', 'particular case'] 

Reference 1757: ['hpc', 'knapsack algorithm', 'load balancing', 'mpi', 'oversubscription'] 

TOP-K 1758: ['programming languages', 'research gaps', 'order mutation testing.', 'mapping study', 'different systems', 'last years.'] 

Reference 1758: ['higher order mutation', 'mutation testing', 'systematic mapping'] 

TOP-K 1759: ['astor', 'design space', 'large java applications', 'repair approaches.', 'real bugs', 'design decisions impact'] 

Reference 1759: ['automated program repair', 'defects', 'evaluation frameworks', 'software bugs', 'software maintenance', 'software testing'] 

TOP-K 1760: [['linear combination'], 'logarithmic model', 'effective weighting'] 

Reference 1760: ['data fusion', 'linear combination', 'linear score normalization', 'result diversification', 'web search', 'weight assignment'] 

TOP-K 1761: ['belief structures', 'general belief structures', 'general belief structure', 'underling uncertainty', 'basic dempster', 'belief structures.', 'shafer belief structure', 'general measure', 'modeling uncertainty.', 'concept'] 

Reference 1761: ['choquet integral', 'deduction', 'dempster–shafer', 'measure type uncertainty', 'uncertainty'] 

TOP-K 1762: ['cens', 'new consensus index', 'agreed consensus threshold', 'consensus thresholds.', 'construct consensus evolution networks', 'pairwise adjustment method', 'complementary sensitive cen.'] 

Reference 1762: ['consensus evolution networks', 'consensus reaching process', 'group decision making'] 

TOP-K 1763: ['qod', 'data quality', 'smart data summarisation mechanism', 'domain agnostic framework', 'user feedback.', 'effective big data storage', 'prior domain knowledge', 'formal model', 'novel technique'] 

Reference 1763: ['cloud computing', 'data summarisation', 'internet of things (iot)', 'quality of data', 'quality of service', 'storage management'] 

TOP-K 1764: ['static analysis techniques', 'multi-threaded applications', ['static analysis'], 'scalable modular analysis', 'concurrent programs.', 'new benchmark suite', 'empirical evaluation', 'general method'] 

Reference 1764: ['actors', 'concurrency', 'modular analysis', 'static analysis', 'threads'] 

TOP-K 1765: ['recurrent self-supervision mechanism', 'saliency methods', 'textual-visual pairwise affinities', ['natural language'], 'textual information', 'saliency priors.', 'salient objects.', 'saliency refinement.'] 

Reference 1765: ['natural language', 'saliency detection', 'self-supervision', 'textual-visual pairwise'] 

TOP-K 1766: ['smart city data fusion.', ['smart city'], ['multi-perspectives classification'], ['data fusion'], 'future challenges', 'current research trend', 'smart city.'] 

Reference 1766: ['big data', 'data fusion', 'internet of things', 'multi-perspectives classification', 'sensor fusion', 'smart city'] 

TOP-K 1767: ['communication channels', 'cultural/social barriers', 'safety analysis.', 'different companies', 'personal discussions.', 'multiple case study'] 

Reference 1767: ['case study', 'challenges', 'communication', 'purposes', 'safety analysis', 'safety-critical systems'] 

TOP-K 1768: ['convolutional neural networks.', 'chi-square test', 'common techniques', 'relative convergence', 'multiple domains.', 'different datasets', 'uncommon methods', 'densenet-121 architecture.'] 

Reference 1768: ['convolutional neural network', 'deep learning', 'input size', 'reshaping', 'resizing'] 

TOP-K 1769: ['novel outlier detection framework', 'standard outlier detection techniques', ['autoencoders'], 'single type outlier', 'probabilistic neural networks.', 'multiple outlier type', 'projection principles', 'efficient technique'] 

Reference 1769: ['autoencoders', 'deep learning', 'ensemble learning', 'outlier detection', 'probabilistic neural networks'] 

TOP-K 1770: ['block/line comments', 'comment scopes', 'binary classification problem', 'discriminative features', 'software engineering tasks', 'scopes', 'first method'] 

Reference 1770: ['comment scope detection', 'machine learning', 'software repositories'] 

TOP-K 1771: ['cooperative uavs', 'privacy preserving deep vision.', 'real-time object identification', 'low false alarm rate', 'robust human detection system', 'robust human tracking', 'wide areas'] 

Reference 1771: ['deep learning', 'facial recognition', 'object tracking', 're-identification', 'unmanned aerial vehicles'] 

TOP-K 1772: [['m-wave algorithm'], 'algorithm', 'multiple initiator processes', 'operational modes', 'concurrent waves', 'multiple input', 'legitimate configuration.'] 

Reference 1772: ['m-wave algorithms', 'modal systems', 'multi-node broadcast', 'open systems', 'stabilization', 'wave algorithms'] 

TOP-K 1773: ['gpudirect rdma.', 'new peer-to-peer', 'pipelined hybrid approach', 'native cuda transfers', 'local gpus.', 'different cluster nodes.', 'application performance'] 

Reference 1773: ['cuda', 'gpudirect rdma', 'virtualization'] 

TOP-K 1774: ['on/off aggregated links', 'tori', 'low loads.', 'energy', 'high loads', 'negligible performance overhead', 'negligible performance penalty', 'energy efficient.', 'high number'] 

Reference 1774: ['energy and performance evaluation', 'energy consumption', 'interconnection networks', 'n-dimensional torus', 'port aggregation', 'power consumption'] 

TOP-K 1775: ['violent behavior recognition', 'violence image recognition database', 'multiple baselines', 'model', 'sequential minimal optimization algorithm', 'efficient training.', 'different numbers'] 

Reference 1775: ['maximum entropy discrimination', 'multi-view learning', 'sequential minimal optimization', 'violence image recognition'] 

TOP-K 1776: ['information-fusion-based state estimation problem', ['complex networks'], 'complex networks.', 'network nodes', ['state estimator'], 'state estimation problem.', 'stochastic perturbations.', 'partial nodes.', 'neat mathematical analysis approach'] 

Reference 1776: ['complex networks', 'discrete-time network', 'exponentially ultimately bounded estimator', 'measurements from partial nodes', 'state estimation'] 

TOP-K 1777: [['reusability estimation'], 'hierarchical reusability evaluation', 'developer-perceived reusability.', ['static analysis metrics'], 'reuse rate', 'various static analysis metrics.', 'different projects.', 'different source code properties.', 'interpretable methodology', 'package levels'] 

Reference 1777: ['code reuse', 'developer-perceived reusability', 'reusability estimation', 'static analysis metrics'] 

TOP-K 1778: ['mhflts-lgdm method', 'optimization model', 'multi-stage perspective.', 'new similarity measurement', 'attribute weights', 'reference points'] 

Reference 1778: ['decision analysis', 'expert clustering', 'hesitancy similarity', 'large-scale group decision making', 'multi-stage hfltss', 'reference similarity'] 

TOP-K 1779: ['faas services', ['serverless'], 'faas cloud offerings.', 'grey literature', 'first systematic study', 'frontend usage', 'web-based survey.', 'composition-oriented mindset.'] 

Reference 1779: ['cloud computing', 'empirical research', 'function-as-a-service', 'serverless'] 

TOP-K 1780: ['oppoco strategy', 'mobility-aware energy consumption optimization', 'opnet', 'computation offloading.', 'opportunistic computation', 'computational task assignments.', 'mobile users', 'intelligent strategy', 'file placements', 'quality'] 

Reference 1780: ['computing offloading', 'edge clouds', 'iot'] 

TOP-K 1781: ['communicability embedding', 'euclidean hyperspheres.', 'nonmetric multidimensional scaling', 'communicability clusters', '3d communicability space.', 'gene-gene network', 'citation network'] 

Reference 1781: ['clustering algorithms', 'communicability', 'geometric embedding', 'matrix functions', 'network communities', 'networks'] 

TOP-K 1782: ['gpu technologies', 'real-world data', 'different gpu architectures', 'gpu approaches.', 'future problem instances', 'hardware platforms', ['objective functions'], 'important function'] 

Reference 1782: ['bioinformatics', 'gpgpu', 'objective functions', 'parallel algorithms'] 

TOP-K 1783: ['malicious forwarding attacks.', 'internal attacks', ['mobile code'], 'sensitive data transfer', 'state-of-art technique', 'malicious nodes', 'superior performance'] 

Reference 1783: ['energy', 'internet of things', 'mobile code', 'sensor node', 'trust'] 

TOP-K 1784: ['resubstitution error estimators.', 'resubstitution error estimate', 'classical combinatorial geometry', 'cross-validation method', 'neuroimaging data', 'heterogeneous scenarios', 'novel upper bounds', 'performance'] 

Reference 1784: ['lineal classifiers', 'neuroimaging', 'resubsitution error estimate', 'upper bounds', 'vc dimension'] 

TOP-K 1785: ['interactive visualizations', 'inaccurate estimations', 'user story size', 'inaccurate estimations.', 'common reason'] 

Reference 1785: ['agile methods', 'data analytics', 'empirical software engineering', 'estimations', 'mixed methods'] 

TOP-K 1786: ['high-level programming apis', 'outperform tfforest', 'linear scalability', 'deep forests.', 'scalable system', 'high ease-of-use', 'better performance', 'predictive performance.', 'good load balance.'] 

Reference 1786: ['deep forest', 'distributed computing', 'random forest', 'ray', 'task-parallel'] 

TOP-K 1787: ['test suite size', 'smelly test cases', 'large empirical study', 'test', 'test cases.', 'production code quality.', 'eager test', 'assertion roulette'] 

Reference 1787: ['empirical studies', 'software quality', 'test case generation', 'test smells'] 

TOP-K 1788: ['mssc', 'cluster validity.', ['minimum sum-of-squares'], 'higher-quality local minima', 'state-of-the-art algorithms.', 'efficient hybrid ga', 'better local minima', 'many clusters', 'computational effort', 'large improvements'] 

Reference 1788: ['clustering', 'global optimization', 'hybrid genetic algorithm', 'k-means', 'minimum sum-of-squares', 'unsupervised learning'] 

TOP-K 1789: ['drift detectors', 'leveraging bagging', ['ensembles'], 'drift detector.', 'detector combinations', 'large comparison', 'common belief'] 

Reference 1789: ['concept drift', 'data stream', 'detectors', 'ensembles', 'large-scale comparison', 'online learning'] 

TOP-K 1790: ['bdca', 'big data cybersecurity analytics', 'bdca systems.', 'future research', 'architectural perspective', ['quality attributes'], ['architectural tactics'], 'potential areas', 'identification'] 

Reference 1790: ['architectural tactic', 'big data', 'cybersecurity', 'quality attribute'] 

TOP-K 1791: ['non-parametric metric learning approach', 'real-world datasets', 'non-parametric metric.', ['bilinear similarity'], 'non-parametric form.', 'use gp', 'efficient algorithm'] 

Reference 1791: ['bilinear similarity', 'gaussian process', 'metric learning', 'non-parametric metric'] 

TOP-K 1792: ['rgb-d sensors', 'rgb-d data', 'human activity recognition', ['deep learning'], 'human action', ['interaction recognition'], 'comprehensive analysis', 'thorough overview'] 

Reference 1792: ['action recognition', 'deep learning', 'interaction recognition', 'rgb-d sensing', 'survey'] 

TOP-K 1793: ['precision navigation', 'nonlinear system.', 'lift-to-drag ratio.', 'ballistic coefficient', 'atmosphere density', 'unknown inputs.', 'state estimation', 'great advantages'] 

Reference 1793: ['mars entry navigation', 'nonlinear system', 'parameter uncertainties', 'robust three-stage unscented kalman filter', 'unknown input'] 

TOP-K 1794: ['discrete-time systems', ['random parameter matrices'], ['sensor network'], 'noise processes', 'two-step cross-correlated.', 'intermediate filters', 'observation equations'] 

Reference 1794: ['correlated noises', 'distributed filtering', 'random parameter matrices', 'sensor networks'] 

TOP-K 1795: ['new functionals', 'homogeneous functionals.', 'current functional.', 'significant advantages', 'computational requirements'] 

Reference 1795: ['consensus', 'conservative estimators', 'data fusion', 'distributed data fusion'] 

TOP-K 1796: ['android components', 'security attacks', 'least-privilege architecture', 'deldroid', 'over-privilege nature', 'android system.', 'attack surface.', 'many security attacks.', 'least-privilege principle.', 'root cause'] 

Reference 1796: ['android security', 'multiple-domain-matrix (mdm)', 'software architecture'] 

TOP-K 1797: ['uci benchmark datasets', 'ilp', 'categorical clustering.', 'global heuristic', ['integer linear programming'], 'large size.'] 

Reference 1797: ['categorical clustering', 'data mining', 'integer linear programming', 'variable neighborhood search'] 

TOP-K 1798: [['process lead-time'], 'process lead-time.', ['information systems'], 'quantitative data', 'important role'] 

Reference 1798: ['case study', 'information systems', 'process lead-time', 'usability'] 

TOP-K 1799: ['it-outsourcing deals.', 'simple excel spreadsheet', 'success potential', 'longitudinal research project', 'representative deals', 'practical discussion'] 

Reference 1799: ['failure determinants', 'it-outsourcing', 'odds-improvement', 'outcome-prediction', 'success determinants'] 

TOP-K 1800: [['machine learning'], ['intrusion detection'], 'multi-layered system architecture', 'heterogeneous client networks.', 'reconfigurable intrusion detection', ['data fusion'], 'mobile clouds.', 'cloud model', 'efficient service recovery.'] 

Reference 1800: ['data fusion', 'heterogeneous networks', 'intrusion detection', 'machine learning', 'mobile cloud computing'] 

TOP-K 1801: ['nonuniform sampling discrete-time systems', ['synchronisation'], 'multirate multisensor systems.', 'uniform sampling discrete-time systems', 'continuous-time systems', 'estimation algorithms'] 

Reference 1801: ['asynchronous estimation', 'multirate multisensor system', 'nonuniform sampling', 'synchronisation'] 

TOP-K 1802: ['optimal iot resource configurations', 'unified conceptual model', 'iot environments.', 'support recommender system', 'resource configuration', 'resource configurations', 'context information', 'knowledge acquisition.', 'incremental method'] 

Reference 1802: ['configuration management', 'internet of things', 'knowledge representation', 'recommender system', 'ripple down rules'] 

TOP-K 1803: ['software technology maturation phase', 'high-maturity software project', 'statistical methods', 'development methods', 'systematic literature mapping', 'methods techniques', 'indicator areas', 'evaluation method.'] 

Reference 1803: ['high maturity project management', 'maturity models', 'quantitative project management'] 

TOP-K 1804: ['heuristic solutions', 'non-linear problem.', 'heuristic solution'] 

Reference 1804: ['clustering', 'consensus clustering', 'heuristic algorithms', 'maximal c consensus meets'] 

TOP-K 1805: ['new ensemble selection criteria', 'binary quantification.', ['dynamic ensemble selection'], 'quantification tasks.', 'static selection', 'selection measure', 'base quantifier', 'outperform previous eoq approaches.'] 

Reference 1805: ['dynamic ensemble selection', 'ensembles', 'quantification'] 

TOP-K 1806: [['resource analysis'], 'peak cost analyzer', 'resources', 'actor-based language'] 

Reference 1806: ['distributed systems', 'resource analysis', 'static analysis'] 

TOP-K 1807: [['multi-exposure fusion'], 'gradient domain modeling.', 'color image', 'global grayscale image', 'auxiliary variable principle', 'local gradient images.', 'final result', 'output dimensions'] 

Reference 1807: ['auxiliary variables', 'color-to-gray conversion', 'convolutional neural network', 'gradient domain', 'l1-norm', 'multi-exposure fusion'] 

TOP-K 1808: [['ensemble learning'], ['feature selection'], 'datasets', 'last years', 'feature selection process.', 'essential preprocessing step.', 'different approaches.', 'different types', 'encouraging result', 'different designs'] 

Reference 1808: ['automatic thresholding', 'ensemble learning', 'feature selection'] 

TOP-K 1809: ['lifprs', 'preference relations', 'consistent lifprs', 'natural additive consistency concept', 'incomplete ilfprs', 'new type', 'new method'] 

Reference 1809: ['additive consistency', 'linguistic intuitionistic fuzzy preference relation', 'multi-criteria decision making', 'programming model'] 

TOP-K 1810: ['alm tool adoption', 'alm adoption', 'alm tool adoption.', '7-year action research study', 'alm platforms.', 'critical success factors', 'key criteria', 'large company.'] 

Reference 1810: ['action research', 'application lifecycle management', 'application lifecycle management transformation', 'change management', 'devops'] 

TOP-K 1811: ['multi-focus image fusion', 'super-resolution method.', 'images', 'hybrid technique', 'method', 'source images.', 'pca effectively.'] 

Reference 1811: ['image fusion', 'interpolation', 'multi-focus', 'pca', 'super-resolution', 'swt'] 

TOP-K 1812: ['original hungarian algorithm', 'low range matrices', 'nontrivial proof.', 'dual variables', 'initial dual variables', 'efficient implementation.', 'optimized reductions'] 

Reference 1812: ['gpu', 'hungarian algorithm', 'linear assignment problem'] 

TOP-K 1813: ['contextcc', 'context information', ['comments generation'], 'large-scale experiment', 'comments generation approach'] 

Reference 1813: ['comment generation', 'natural language processing', 'neural networks'] 

TOP-K 1814: ['hybrid computing approach', 'linear complexity test', 'gpu computation.', 'parallel implementation', 'decision mechanism', 'ideal workload amount', 'several orders'] 

Reference 1814: ['berlekamp–massey algorithm', 'gpu', 'linear complexity', 'parallelization', 'random number generator', 'randomness'] 

TOP-K 1815: ['datasets mini-imagenet', 'one-shot prediction', 'experimental results', 'training samples', 'high-difficulty values', 'sampling strategy', 'method', 'extensive experiments', 'training procedure'] 

Reference 1815: ['difficulty metric', 'from easy to difficult', 'matching network', 'one-shot learning', 'scheduled sampling'] 

TOP-K 1816: ['particle swarm optimization', 'multiple swarms', 'pso search', 'parallel strategies', 'many-objectives problems.', 'migration', 'many objective scenarios', 'extensive experimental evaluation', 'different policies'] 

Reference 1816: ['evolutionary computing', 'many-objective optimization problems', 'multi-swarm pso'] 

TOP-K 1817: ['iot device', 'big data.', 'simulation experiments', 'piece framework', 'several smart home scenarios.', 'proposed system', 'different data patterns'] 

Reference 1817: ['big data', 'cloud computing', 'edge computing', 'iot', 'management', 'monitoring'] 

TOP-K 1818: ['frequent itemsets', 'high-speed data streams', ['lexicographic order'], 'prefix trees', 'consumer pattern design', 'general problem'] 

Reference 1818: ['data streams', 'frequent itemsets mining', 'hashing', 'lexicographic order', 'reconfigurable hardware'] 

TOP-K 1819: ['ihflprs', 'gdm model', 'missing elements', 'additive consistency improvement method'] 

Reference 1819: ['best consistency index', 'hesitant fuzzy linguistic term set', 'incomplete hesitant fuzzy linguistic preference relation', 'worst consistency index'] 

TOP-K 1820: ['openmp', 'parallel load-balancing algorithms', 'multiresolution forest structure', 'mr methods', 'speedup performance enhancement', 'novel multiresolution', 'mpi hybrid each.', 'new concept'] 

Reference 1820: ['finite differences', 'load balancing algorithms', 'multiresolution method', 'parallel computing'] 

TOP-K 1821: ['multi-sensor data fusion approach', 'health risk assessment', 'decision-making algorithm'] 

Reference 1821: ['decision-making', 'ews', 'fuzzy theory', 'multi-sensor data fusion', "patient's health risk level", 'wbsn'] 

TOP-K 1822: ['microservices-oriented decomposition.', 'dataflow-driven mechanism', 'semi-automatic support', 'microservice candidates', 'cargo tracking system.', 'mechanism', 'typical case', 'sound coupling'] 

Reference 1822: ['business logic(s)', 'data flow', 'decomposition', 'microservices', 'monolith', 'software engineering'] 

TOP-K 1823: ['architectural practices', 'global software development.', 'challenges', 'key themes', 'holistic view', 'recommendations', 'empirical study.', 'set'] 

Reference 1823: ['empirical study', 'global software development', 'gsd', 'gse', 'scrum', 'software architecture'] 

TOP-K 1824: [['monotonicity'], 'unidimensional data', 'several alternatives', 'multidimensional setting.', 'property'] 

Reference 1824: ['aggregation', 'centroid', 'monotonicity', 'multidimensional data', 'spatial median'] 

TOP-K 1825: ['graph models', 'generators', 'communication-free generators', 'parallel computing', 'huge graphs.', 'spatial network models', 'communication-free paradigm', 'rényi models', 'sequential performance'] 

Reference 1825: ['communication-free', 'distributed algorithms', 'graph generation'] 

TOP-K 1826: ['multispectral pedestrian detectors', 'neural networks', 'illumination-aware multispectral segmentations', 'training multispectral pedestrian detectors.', 'deep neutral networks', 'multispectral data', 'pedestrian detection.', 'illumination-aware mechanism.', 'illumination information', 'illumination condition.'] 

Reference 1826: ['deep neural networks', 'illumination-aware', 'multispectral fusion', 'pedestrian detection', 'semantic segmentation'] 

TOP-K 1827: ['prototype-based clustering algorithms', 'experimental results', ['relational data'], 'barycentric coordinate system.', 'massive data', 'computation time'] 

Reference 1827: ['barycentric coordinates', 'clustering', 'data stream', 'relational data'] 

TOP-K 1828: ['decision level fusion', 'depth survey'] 

Reference 1828: ['multibiometric', 'multibiometric-fusion', 'unimodal7'] 

TOP-K 1829: ['john smith dataset', 'similarity scores', 'batch algorithms', 'clique partition problem.', 'little/no loss', 'entity resolution.', 'new references', 'updates solution'] 

Reference 1829: ['data association', 'entity resolution', 'graph partitioning', 'incremental algorithm'] 

TOP-K 1830: ['data', 'shared memory', 'several representative applications', 'standalone library'] 

Reference 1830: ['finite element', 'finite volume', 'gpu', 'race condition'] 

TOP-K 1831: ['trainable cope feature extractors', 'mivia audio', 'audio event detection', 'sound representation learning.', 'tu dortmund.', 'mivia roads', 'data sets', 'feature extractor', 'single prototype sound'] 

Reference 1831: ['audio analysis', 'event detection', 'peaks of energy', 'representation learning', 'trainable feature extractors'] 

TOP-K 1832: ['cs-based methods', 'vo-based methods', 'pansharpening methods.', 'mra-based methods', 'new perspective', 'holistic review'] 

Reference 1832: ['image fusion', 'meta-analysis', 'multispectral', 'panchromatic', 'pansharpening', 'remote sensing'] 

TOP-K 1833: ['load balancing strategy', 'optimal power allocation', 'task types', 'new rules', 'great deal'] 

Reference 1833: ['embedded and distributed system', 'load distribution', 'power allocation', 'queueing model', 'response time'] 

TOP-K 1834: ['memory programming', 'parallelism types.', 'right mental model.', 'different motivation', 'different mental conception'] 

Reference 1834: ['distributed memory', 'mental models', 'parallel programming', 'teaching parallel programming'] 

TOP-K 1835: ['sparse incomplete factor preconditioning', 'sparse triangular solvers', 'jacobi', 'incomplete factors.'] 

Reference 1835: ['iterative solvers', 'preconditioning', 'sparse linear systems', 'triangular solves'] 

TOP-K 1836: ['low-dimensional spaces', ['locality alignment'], 'unsupervised scenarios', 'latent spaces.', 'input views.', 'sufficient information'] 

Reference 1836: ['locality alignment', 'manifold learning', 'multi-view learning'] 

TOP-K 1837: ['early p2p systems', 'systems', 'two-dimensional chart', 'contemporary nosql data-bases.', 'coherent graphical representation', 'comprehensive survey', 'extensive simulations'] 

Reference 1837: ['big-data', 'distributed storage', 'key–value storage systems', 'peer-to-peer'] 

TOP-K 1838: ['non-zero representation coefficients', 'linear knn', 'image recognition.', 'multiplicative iterative algorithm', 'extensive experiments'] 

Reference 1838: ['image recognition', 'locally linear knn', 'nonnegative', 'robustness', 'sparse minimization'] 

TOP-K 1839: ['novel articulated skeleton representation', 'invariant dual square-root function', ['virtual rigid body'], 'compact mid-level features', 'activity body parts', 'final skeletal representation', 'multiple rigid bodies.', 'informative part'] 

Reference 1839: ['articulated human action recognition', 'dual square root function descriptor', 'most informative part', 'rigid body motion trajectory', 'virtual rigid body'] 

TOP-K 1840: ['novel distance', 'state-of-the-art methods', 'dynamic feature space', 'novel part-based deep architecture', 'challenging benchmark datasets', 'discriminative feature representation', 'large adaptive margin', 'different body parts.', 'final results'] 

Reference 1840: ['deep ranking model', 'metric learning', 'person re-identification'] 

TOP-K 1841: ['activation/deactivation prefetcher', ['adaptive prefetchers'], 'adp', 'individual prefetchers', 'energy consumption', 'prefetch-unfriendly phases.', 'bandwidth usage'] 

Reference 1841: ['adaptive prefetching', 'deactivation policies', 'global feedback', 'multicore prefetching'] 

TOP-K 1842: ['opportunistic mobile networks.', 'k-hop forwarding paths', 'probability-based algorithm', 'real human datasets', 'optimal expectation algorithm', 'topology information', 'exclusive data dissemination', 'hop information'] 

Reference 1842: ['delay tolerant network', 'mobile data dissemination', 'opportunistic mobile network'] 

TOP-K 1843: ['graph-based multilevel descriptor', 'object recognition.', 'original bags-of-features strategy', ['spatial relations']] 

Reference 1843: ['bags of relations', 'force histograms', 'hierarchical representation', 'relative position descriptors', 'spatial relations', 'structural object description'] 

TOP-K 1844: ['secvolution approach', 'layered ontologies', 'health-care domain', 'security knowledge', 'environmental changes', 'graph transformation', 'co-evolution steps.', 'case study', 'software system', 'system models.'] 

Reference 1844: ['co-evolution', 'security impact analysis', 'security requirements', 'software design', 'software evolution'] 

TOP-K 1845: ['bandwidth resource planning', 'bandwidth utilization', 'bandwidth usage.', 'excessive bandwidth requirement.', 'uneven distribution', 'increases efficiency'] 

Reference 1845: ['network virtualization', 'resource scheduling', 'routing path', 'service level agreement', 'software-defined networking', 'virtual tenant network'] 

TOP-K 1846: ['hfss', 'typical hfs', 'first decomposition theorem', 'well-structured family', 'crisp maps', 'new families', ['extension principles']] 

Reference 1846: ['cut set', 'decomposition theorem', 'extension principle', 'hesitant fuzzy set', 'representation theorem'] 

TOP-K 1847: ['new gmda-rc method', 'multi-view information', 'local salient features.', 'different views', 'viewpoint changes', 'paper', 'astable representation', 'novel strategyof'] 

Reference 1847: ['generalized multi-view discriminant analysis', 'maximal granularity structure descriptor', 'person re-identification', 'representation consistency'] 

TOP-K 1848: ['wearable arm gesture sensors', 'force display system', 'body sensors network', ['information fusion'], 'fusion approach', 'emg sensors.', 'impaired arm', 'vertical movement experiments', 'body sensors signal', 'accurate sense'] 

Reference 1848: ['force display', 'grnn', 'information fusion', 'upper limb rehabilitation'] 

TOP-K 1849: ['dynamic topology re-optimization', 'network overheads', 'group communication overlay topologies', 'network-aware tuple', 'stream processing systems.', 'efficient technique', 'presented.'] 

Reference 1849: ['dynamic reoptimization', 'storm', 'stream-processing'] 

TOP-K 1850: ['teaching requirements', 'project-based course', 'real-world settings', 'classroom works', 'meaningful experiences', 'students meaningful experiences', 'ideal way'] 

Reference 1850: ['course evolution', 'project-based learning', 'requirements engineering'] 

TOP-K 1851: ['clustering problems', ['nonsmooth optimization'], 'minimum sum-of-squares clustering problems', 'algorithm', 'large data', 'hundreds'] 

Reference 1851: ['bundle methods', 'cluster analysis', 'limited memory methods', 'nonconvex optimization', 'nonsmooth optimization'] 

TOP-K 1852: ['zmesh', 'zmesh topology', 'zmesh support', 'multicast traffic', 'novel noc topology', 'novel heuristic', 'various traffic scenarios', 'performance evaluation', ['diagonal links'], 'brief analysis', 'various parameters'] 

Reference 1852: ['constant geometry', 'diagonal links', 'energy efficiency', 'network-on-chip', 'x-architecture'] 

TOP-K 1853: [['image stitching'], ['line features'], 'effective two-stage stitching framework', 'global similarity constraint', 'projective warping.', 'strong geometric constraints.', 'new weight integration strategy', 'good alignment'] 

Reference 1853: ['image alignment', 'image stitching', 'line features', 'local warping', 'similarity constraint'] 

TOP-K 1854: ['unstructured p2p networks.', 'gossip communications.', 'data clustering method', 'low overhead', 'local neighbors.', 'central servers', 'sync operations', 'dynamic condition', 'method'] 

Reference 1854: ['clustering algorithms', 'distributed computing', 'peer to peer computing'] 

TOP-K 1855: ['atomicity bug detection/verification techniques', 'threeaccess pattern.', 'java programs.', 'detection technique', 'bug candidates.', 'dynamic analysis', 'sufficient conditions'] 

Reference 1855: ['atomicity violation', 'concurrency', 'software testing', 'three-access pattern'] 

TOP-K 1856: [['suowa operators'], ['orness degree'], 'veto/favor indices', ['shapley value'], 'closed-form expressions', 'classical example'] 

Reference 1856: ['choquet integral', 'orness degree', 'shapley value', 'suowa operators', 'veto and favor indices'] 

TOP-K 1857: [['gpudirect async'], 'new technology', 'different async communication models', 'different scientific domains', 'kernel-initiated model.', 'performance models', 'stream asynchronous model', 'simple message', 'numerical applications.', 'sync network transfers.', 'representative benchmarks'] 

Reference 1857: ['asynchronous communication models', 'cuda 8.0', 'gpudirect async', 'infiniband'] 

TOP-K 1858: ['wnoc architecture', 'wireless hubs', 'ahp technique', 'subnet topologies', 'wnoc architecture.', 'new methods', 'appropriate structure'] 

Reference 1858: ['ahp', 'hierarchical structure', 'hub location', 'topology', 'wireless network-on-chip'] 

TOP-K 1859: ['spatial pyramid matching', 'new spatial partition scheme', 'local visual descriptors', 'mid-level features', 'different mid-level features', 'conventional spatial pyramid matching.', 'various autoencoders.'] 

Reference 1859: ['autoencoder', 'histogram of oriented gradients (hog)', 'scene recognition', 'spatial partition', 'spatial pyramid matching (spm)'] 

TOP-K 1860: ['large-scale group decision making', 'interactive consensus framework', ['possibility distribution'], 'fine local feedback strategy', 'typical hesitant fuzzy elements', 'cluster preferences.', 'consensus process', 'decision makers', 'possibility information', 'consensus level', 'interactive round', 'new distance measure'] 

Reference 1860: ['consensus', 'hesitant fuzzy element', 'large-scale group decision making (lgdm)', 'local feedback strategy', 'possibility distribution'] 

TOP-K 1861: [['gaussian processes'], ['latent dirichlet allocation'], 'non-linear mappings', 'lda', 'novel variational inference algorithm', 'real-world data sets', 'model', 'gp', 'topic activations', 'deep gps.', 'different domains', 'first model', 'trained cascade'] 

Reference 1861: ['gaussian processes', 'latent dirichlet allocation', 'nonparametric bayesian inference', 'supervised topic models', 'variational inference'] 

TOP-K 1862: ['iot data', 'edge computing framework', 'iot data.', 'competitive advantage', 'situation image', 'situation identification.', 'different levels.'] 

Reference 1862: ['edge computing', 'internet of things', 'situation awareness', 'smart city'] 

TOP-K 1863: ['machine learning methods', 'task schedulers.', 'scheduling problem.', 'dag scheduling', 'dynamic clusters.', 'task classification', 'reinforcement learning algorithm', 'variable tasks', 'state', 'action methods.'] 

Reference 1863: ['distributed systems', 'machine learning', 'sarsa', 'scheduling'] 

TOP-K 1864: ['design phase-based models', 'project management', 'fuzzy logic methods', 'machine learning', 'design phase-based data', 'strong empirical proposals', 'research area', 'effective planning.'] 

Reference 1864: ['early defect prediction', 'prediction model', 'software defect', 'software quality', 'systematic literature review', 'systematic mapping'] 

TOP-K 1865: ['global scheduler mixheter', 'or-constraints', 'traditional schedulers', 'complex tradeoffs.', ['utility function'], 'resource preference', 'overall utility', 'efficient expression'] 

Reference 1865: ['global optimization', 'heterogeneous environments', 'mixed workloads', 'scheduling', 'utility function'] 

TOP-K 1866: ['cyber-foraging tactics', 'cyber-foraging practices', 'energy efficiency.', 'future empirical studies.', ['resilience'], 'green lab', 'static surrogate', 'vu amsterdam.', 'detailed design'] 

Reference 1866: ['cyber-foraging', 'energy efficiency', 'resilience', 'software architecture', 'software engineering', 'software sustainability'] 

TOP-K 1867: [['text analytics'], 'complete hardware compilation framework', 'accelerator architecture', 'general purpose processor', 'synthesizable hardware description.'] 

Reference 1867: ['accelerator', 'fpga', 'query compilation', 'text analytics'] 

TOP-K 1868: ['agent collaboration', 'self-driving cars.', 'iot environments.', 'traffic control', 'new concept', 'case study', 'novel framework', 'traffic signal systems'] 

Reference 1868: ['connected vehicle', 'distributed traffic control', 'group mutual exclusion', 'internet of agents', 'v2v communication'] 

TOP-K 1869: ['deployment schemes', 'voronoi', 'coverage holes', 'deployment schemes.', 'local operators.', 'zone polygon'] 

Reference 1869: ['centroid', 'coverage', 'mobile wireless sensor networks', 'sensor deployment', 'voronoi diagram'] 

TOP-K 1870: ['energy efficiency.', 'energy consumption', 'fitness function', 'search efficiency', 'load balancing.', 'method', 'optimal solution.'] 

Reference 1870: ['clustering algorithm', 'energy-efficiency', 'genetic algorithm', 'network life cycle', 'routing', 'wireless sensor networks'] 

TOP-K 1871: ['sparse representation', 'graph construction method', ['probabilistic class structure'], 'spatial neighborhood information', 'sparse representation model.', 'edge weighting method', 'arts methods'] 

Reference 1871: ['hyperspectral image (hsi) classification', 'probabilistic class structure', 'semi-supervised learning (ssl)', 'sparse representation (sr)', 'spatial regularization'] 

TOP-K 1872: ['multi-modality mining algorithm', 'multi-modality mining approach', 'long-run surveillance scenes', 'log-chromacticity space', 'person re-identification.', 'illumination changes', 'rgb values', 'shift-invariant property', 'advanced metric learning method', 'complicated illumination changes', 'ic metric learning algorithms', 'related views', 'superior performance', 'distinct improvements.', 'er multiple modalities'] 

Reference 1872: ['diagonal model', 'metric learning', 'multi-modality mining', 'person re-identification'] 

TOP-K 1873: ['flow2sl-ith', 'iba injection', 'infiniband-based networks performance', 'iba-based networks.', 'hol-blocking', 'congestion-derived problems', 'congestion control', 'real iba-based cluster', 'available virtual lanes', 'real traffic workloads', 'new feasible approach', 'buffer hogging.', 'sqs'] 

Reference 1873: ['congestion management', 'high-performance computing', 'infiniband', 'interconnection networks', 'openfabrics software (ofs)', 'virtual lanes'] 

TOP-K 1874: ['gof structural patterns', 'search order', 'large-scale software', ['design patterns'], 'search space.', 'representative classes', 'irrelevant classes', 'large number', 'necessary info'] 

Reference 1874: ['design pattern', 'design pattern discovering', 'directed sub-graph isomorphism', 'ordered sequence', 'structural design pattern'] 

TOP-K 1875: ['continuous integration impediments.', 'continuous practices.', 'research papers', 'results', 'different companies'] 

Reference 1875: ['continuous delivery', 'continuous integration', 'embedded systems', 'large-scale', 'software integration'] 

TOP-K 1876: ['time-varying workloads', 'time-shifted workloads', 'shared clusters.', 'cluster utilization increase', 'joint resource allocation', 'nonlinear mathematical programming model.', ['web services'], 'cost reduction', 'capacity allocation', 'tucker conditions.', 'optimal solution', 'admission control'] 

Reference 1876: ['mapreduce', 'nonlinear programming', 'resource management', 'shared clusters', 'web service'] 

TOP-K 1877: ['counterintuitive behaviors', 'discrete evidence combination', 'discrete evidence', ['discrete belief structures'], 'discrete evidence.', 'optimization model'] 

Reference 1877: ['decision making', 'discrete belief structure', 'evidential reasoning'] 

TOP-K 1878: [['entropy'], 'pattern recognition', 'deep neural structure', 'feature extraction', '1d', '2d pattern recognition systems.', 'potential feature', 'different types', 'important information.', 'different ways.'] 

Reference 1878: ['deep networks', 'entropy', 'handcrafted feature extraction', 'image synthesis', 'information fusion', 'restricted-vocabulary speech recognition'] 

TOP-K 1879: ['dml-dc', 'metric learning method', 'nearest-neighbor classification.', 'convex functions', 'several benchmark data sets', 'extensive experiments', 'ramp loss function'] 

Reference 1879: ['dc programming', 'distance metric learning', 'linear transformation', 'nearest neighbor'] 

TOP-K 1880: ['euclidean dimension', 'nontrivial discrete mn', 'vc dimension', 'discrete mn', 'general bn', 'concept class', 'computer algebra system', 'dimension', 'corresponding toric ideal offers'] 

Reference 1880: ['bayesian networks', 'classification', 'markov networks', 'toric ideal', 'vapnik–chervonenkis dimension'] 

TOP-K 1881: ['ranking data', 'label ranking association rules.', 'sensitivity analysis', 'similarity-based interest measures', 'pairwise association rules', 'new rules'] 

Reference 1881: ['association rules', 'label ranking', 'pairwise comparisons'] 

TOP-K 1882: ['novel lbp-like feature', 'face classification', 'huffman coding.', ['divide-and-rule strategy'], 'face representation', 'contrast value', 'face images', 'region selection factor', 'method'] 

Reference 1882: ['divide-and-rule strategy', 'face recognition across pose', 'huffman', 'lbp'] 

TOP-K 1883: ['traditional bow weighting schemes', ['word embeddings'], 'novel bof-based model', 'text collections', 'text documents.', 'different domains', 'weighting mask', 'relevance feedback.'] 

Reference 1883: ['bag-of-features', 'bag-of-words', 'dictionary learning', 'information retrieval', 'relevance feedback', 'word embeddings'] 

TOP-K 1884: ['future work directions', ['practices'], 'software development practitioners', ['importance'], 'wide variety'] 

Reference 1884: ['agile', 'importance', 'practices', 'requirements engineering', 'survey study'] 

TOP-K 1885: [['big data analytics'], 'big data', 'process fusion', 'future study', 'alternative approaches', 'several guidelines'] 

Reference 1885: ['big data analytics', 'information fusion', 'machine learning', 'mapreduce', 'spark'] 

TOP-K 1886: ['dss', 'dynamic scheduling strategy', 'multi-cloud systems.', 'node availability', 'scheduling problem', 'extensive simulations', 'prediction technique.'] 

Reference 1886: ['cloud computing', 'divisible load theory', 'multi-cloud system', 'prediction techniques', 'scheduling strategy'] 

TOP-K 1887: ['big data', 'mapreduce applications.', 'profiling-based approaches', 'generalized configuration parameter space', 'possible configuration', 'prediction capabilities'] 

Reference 1887: ['hpc', 'mapreduce', 'prediction', 'tuning'] 

TOP-K 1888: ['oss ecosystems.', 'relevant industry problem', 'cap model', 'close academia-industry collaboration.', ['contribution strategies'], 'information meta-model', 'product planning.', 'contribution decisions', 'operational use'] 

Reference 1888: ['contribution strategy', 'open innovation', 'open source software', 'product planning', 'product strategy', 'software ecosystem'] 

TOP-K 1889: ['quantum computing', 'pareto fronts', 'pareto fronts.', 'hypervolume indicator', 'communication cost', 'critical path'] 

Reference 1889: ['batch scheduling', 'heterogeneous distributed systems', 'load balancing', 'load balancing cost ratio', 'load imbalance', 'workflow application'] 

TOP-K 1890: ['experimental results', 'feature evaluation.'] 

Reference 1890: ['feature selection', 'missing labels', 'multi-label learning'] 

TOP-K 1891: ['hfltss', 'non-overlapping assessments', 'consensus', 'precision-dissension profile', 'group decision', 'individual degree', 'decision maker', 'collective degree', 'comparison study'] 

Reference 1891: ['consensus measures', "decision maker's profile", 'group decision making', 'hesitant fuzzy linguistic term sets'] 

TOP-K 1892: ['real-world benchmark datasets', 'dual representations', 'nonlinear embedding', 'proper nonlinear embedding', 'original data', 'adaptive graph learning.', 'extensive experiments', 'dual representation.'] 

Reference 1892: ['constrained laplacian rank', 'embedding', 'extreme learning machine', 'graph laplacian', 'graph-based clustering'] 

TOP-K 1893: ['model-driven contextual help', 'chain help models', 'adaptive uis.', 'cedar studio.', 'help models', 'future work', 'legacy application uis.', 'visual notation.', 'evaluation studies', 'positive indications'] 

Reference 1893: ['adaptive user interfaces', 'contextual help', 'design tools and techniques', 'model-driven help', 'software support'] 

TOP-K 1894: ['embedding algorithms', 'network structural properties.', 'objective functions', 'novel multilayer network', 'different tasks', 'target structural properties.', 'extensive experiments'] 

Reference 1894: ['multilayer network', 'network embedding', 'nonnegative matrix factorization'] 

TOP-K 1895: ['different scalability features analyzed.', 'convergence speed analysis', 'computation time analysis.'] 

Reference 1895: ['coevolutionary', 'cooperative', 'metaheuristics', 'parallelism', 'particle swarm optimization'] 

TOP-K 1896: ['three-tier cot systems.', 'benchmark algorithms', 'online decision', 'long term optimal performances.', 'penalty terms'] 

Reference 1896: ['average response time', 'fog computing', 'internet of things', 'lyapunov optimization'] 

TOP-K 1897: ['unusual artifacts', ['unusual events'], 'large code changes', 'developers', 'unusual events.', 'unusual amounts', 'comprehensive list'] 

Reference 1897: ['awareness', 'github', 'unusual events'] 

TOP-K 1898: ['dual-engine database framework', 'qos guarantees.', 'cost-efficient scheme', 'mixed workloads.', 'workload migration problem.', 'extensive experiments', 'optimization problem', 'proper workload models'] 

Reference 1898: ['cloud computing', 'database-as-a-service', 'multi-tenancy', 'workload consolidation', 'workload migration'] 

TOP-K 1899: ['prefetching data replication', 'data file correlation', 'cloudsim simulator', 'fuzzy inference system.', 'requester site.', 'different configurations.', 'popular group', 'unnecessary creation', 'strategy stores'] 

Reference 1899: ['cloud computing', 'data replication', 'fuzzy logic', 'simulation'] 

TOP-K 1900: ['iot applications.', 'traffic classification', 'traffic inspection', 'attack detection platform', 'expensive operations', 'classification activities', 'dedicated edge'] 

Reference 1900: ['attack detection', 'distributed machine learning', 'edge computing', 'extreme learning machines', 'iot'] 

TOP-K 1901: ['novel similarity', 'model', 'distributional similarity', 'sparse relation types.', 'hidden relation neurons', 'layered architecture.', 'representation layer', 'local neighbour structure.', 'multimodal layer', 'cluster centres'] 

Reference 1901: ['convolutional auto-encoder', 'multi-view learning', 'multimodal similarity learning', 'representation learning'] 

TOP-K 1902: [['cloud computing'], 'combinatorial double auction-based market', 'heuristic resource allocation algorithm', 'allocation efficiency', 'optimization model.'] 

Reference 1902: ['cloud computing', 'combinatorial double auction', 'resource allocation', 'virtual machine (vm)'] 

TOP-K 1903: ['ics networks.', 'real malware test-bed', 'optimal deep belief networks', 'conventional semi-supervised approaches.', 'detection system'] 

Reference 1903: ['deep belief network', 'dynamic analyses', 'industrial control system', 'malware behavior selection', 'semi-supervised model'] 

TOP-K 1904: ['gdfa', ['energy consumption'], 'forwarding probabilities.', 'good adaptability'] 

Reference 1904: ['adaptive data forwarding', 'delivery ratio', 'energy consumption', 'opportunistic underwater sensor networks', 'transmission delay'] 

TOP-K 1905: ['novel detection algorithm', 'in-the-wild attacks', 'application-level exhaustion', ['probabilistic finite automata'], 'kernel monitoring', 'benign-yet-demanding inputs', 'low overhead', 'system', 'apache killer', 'slowloris attacks', 'starvation attacks', 'source code', 'prototype implementation', 'user-space version', 'high accuracy'] 

Reference 1905: ['early detection', 'kernel tracing', 'probabilistic finite automata', 'resource exhaustion', 'starvation'] 

TOP-K 1906: ['continuous m-dimensional distorted probabilities.', 'continuous domains.', 'measures'] 

Reference 1906: ['fuzzy measure', 'm-dimensional distorted probabilities', 'non-additive measures'] 

TOP-K 1907: ['dl-based image fusion', 'dl-based image fusion methods', 'conventional image fusion research', ['image fusion'], ['deep learning'], 'several generic frameworks', 'detailed review', 'future study'] 

Reference 1907: ['convolutional neural network', 'convolutional sparse representation', 'deep learning', 'image fusion', 'stacked autoencoder'] 

TOP-K 1908: ['information fusion methods', 'biometrics challenges', 'multiple classifier systems', 'recent trends', 'context information', 'user-specific behaviors.', 'quality measures', 'adaptive way.'] 

Reference 1908: ['adaptive', 'biometrics', 'classifier', 'context', 'fusion', 'multimodal'] 

TOP-K 1909: ['heterogeneous wearable sensors', 'sensor fusion', 'home-tasks activities recognition', 'activity recognition.', 'audio signals.'] 

Reference 1909: ['accelerometer', 'activity recognition', 'multi-view learning', 'sound', 'stacked generalization'] 

TOP-K 1910: ['taint tracking', 'attack vectors', 'dynamic detection framework', 'new data types'] 

Reference 1910: ['dom cross-site scripting', 'dynamic analysis', 'static analysis', 'vulnerabilities'] 

TOP-K 1911: ['new gpgpu approach', 'simulated annealing.', 'sa configuration parameters.', 'different values'] 

Reference 1911: ['0–1 multidimensional knapsack problem', 'gpgpu', 'simulated annealing'] 

TOP-K 1912: [['person re-identification'], 'metric learning algorithm', 'training data', 'method', 'different classes', 'different vertices', 'generalization ability', 'single point', 'regular simplex.', 'points'] 

Reference 1912: ['equidistance embedding', 'metric learning', 'person re-identification'] 

TOP-K 1913: ['graph compression algorithm', 'scalable graph compression algorithm', 'texton dictionaries', 'local graph decoupling', 'image segmentation proposed.', 'local texture features', 'region graph model.', 'graph size', 'input image', 'efficient method'] 

Reference 1913: ['decoupling', 'graph compression', 'scalability', 'segmentation'] 

TOP-K 1914: [['body sensor networks'], 'proposed system', 'activity recognition system', 'sensor deployment', 'mutual information', 'recognition accuracy', 'mixture model', 'pruning metrics'] 

Reference 1914: ['body sensor networks', 'ensemble pruning', 'human activity recognition', 'multi-sensor data fusion'] 

TOP-K 1915: [['software-defined power meters'], ['power models'], ['power model'], 'reusable toolkit', 'several case studies', 'method', 'cpu architecture.', 'modular implementation', 'arm architectures.'] 

Reference 1915: ['energy monitoring', 'open testbed', 'power models', 'software toolkit', 'software-defined power meters'] 

TOP-K 1916: ['craniofacial superimposition.', 'soft computing', 'automatic systems', 'fuzzy operators.', 'system', 'decision', 'european project.', 'first time', 'real identification cases'] 

Reference 1916: ['computer vision', 'craniofacial superimposition', 'decision making', 'forensic anthropology', 'fuzzy aggregation operators', 'information fusion'] 

TOP-K 1917: ['hyperspectral data', 'semi-supervised dimensionality reduction projection', 'kernel space.', 'substantial improvement'] 

Reference 1917: ['dimensionality reduction', 'dirichlet process mixture model', 'hyperspectral data classification', 'semi-supervised learning'] 

TOP-K 1918: ['real-time activity monitoring', 'multiple modalities', 'wristband', 'energy expenditure estimation', 'decision fusion', 'indirect calorimeter', 'feature vectors', 'commercial devices', 'relevant location.'] 

Reference 1918: ['activity recognition', 'estimation of energy expenditure', 'machine learning', 'smartphone sensors', 'wristband sensors'] 

TOP-K 1919: ['agile-heavy mode', 'plan-driven aspects', 'agile-plan balanced mode.', 'top management', 'analytics development', ['agile values'], 'agile-heavy mode.', 'agile-heavy modes.', 'balanced mode.'] 

Reference 1919: ['agile values', 'analytics', 'business intelligence', 'plan-driven', 'shared understanding', 'top management commitment'] 

TOP-K 1920: ['historical handwritten documents', 'graph-based kws approach', 'novel keyword spotting', 'handwritten words.', 'learning-based matching approaches', 'benchmark datasets', 'topological characteristics', 'novel graph representations'] 

Reference 1920: ['bipartite graph matching', 'ensemble methods', 'graph representation', 'handwritten keyword spotting'] 

TOP-K 1921: ['model search layer', 'metamodel independent bridge', 'model generation operations.', 'multi-level transformation', ['model transformation'], 'search layer', 'unified formalism', 'solver format.'] 

Reference 1921: ['alloy', 'model search', 'model transformations'] 

TOP-K 1922: ['fast branch-and-bound algorithm', 'optimal imaging operator design.', ['u-curve assumption'], 'optimal feature selection.', 'classifier feature selection', 'u-curve assumption.', 'algorithm', 'cost function.', 'application'] 

Reference 1922: ['branch-and-bound algorithm', 'feature selection', 'u-curve assumption', 'w-operator design'] 

TOP-K 1923: ['vegetation phenology', 'land cover type changes', 'landsat data.', 'modis product', 'temporal validation method', 'data', 'spatial resolution'] 

Reference 1923: ['landsat', 'modis', 'remote sensing', 'spatial and temporal data fusion', 'temporal validation'] 

TOP-K 1924: ['application performance', 'fast classification tool', 'multiple-prediction capability', 'new analyses', 'many network configurations', 'execution times'] 

Reference 1924: ['parallel application', 'performance analysis', 'tool'] 

TOP-K 1925: ['local area calculation', 'intensive data area', 'method', 'data distribution', 'wrong data.', 'large amounts'] 

Reference 1925: ['contour line', 'marine information', 'marine internet of things', 'triangle grid'] 

TOP-K 1926: ['adversarial decision fusion.', 'algorithm', 'near-optimal message', 'markovian case', 'optimum fusion.', 'independent states', 'independent models', 'dual behaviour'] 

Reference 1926: ['adversarial signal processing', 'decision fusion in adversarial setting', 'decision fusion in the presence of byzantines', 'factor graph', 'message passing algorithm'] 

TOP-K 1927: ['large-scale programs', 'verification', 'parallel mechanism', 'tool', 'full regular properties.'] 

Reference 1927: ['full regular properties', 'model checking', 'parallel', 'program verification', 'runtime verification'] 

TOP-K 1928: ['clustering algorithms', 'entropy maximization', 'image analysis', ['quantum clustering'], 'edge detection', 'probability distribution', 'weight', 'parzen estimate', 'novel aspects', 'fresh classification', 'unique fashion.'] 

Reference 1928: ['density estimate', 'image contour extraction', 'maximum entropy', 'mean-shift clustering', 'quantum clustering'] 

TOP-K 1929: ['jaguarcode', 'web-based object-oriented programming environment', 'programming understanding', 'dynamic visualizations', 'source code', 'qualitative experiments', 'students'] 

Reference 1929: ['object-oriented', 'programming environment', 'static and dynamic visualization', 'uml diagram', 'web-based'] 

TOP-K 1930: ['in-memory database operators', 'in-memory database processing', 'memory stalls', 'fine-grained scheduling approach', 'operator-based co-scheduling approach', 'finegrained approach', 'state-of-the-art implementations', 'co-scheduling approach', 'execution time', 'concurrent executions', 'different operators', 'independent phases'] 

Reference 1930: ['fine-grained scheduling', 'in-memory query processing', 'many-core processor'] 

TOP-K 1931: ['user similarity.', ['similar users'], 'user qualitative preference.', 'similarity measures', ['quantitative preferences']] 

Reference 1931: ['collaborative filtering', 'qualitative preference', 'quantitative preference', 'service recommendation', 'similar user'] 

TOP-K 1932: ['fog assisted iot', 'various state-of-the-art classifiers', 'm-health perspective.', 'disease diagnosis framework', 'disease prediction.', 'health diagnosis system', 'server side', 'current domain', 'alert generation mechanism.', 'user diagnosis results', 'particular disease', 'disease severity'] 

Reference 1932: ['cloud computing', 'internet of things (iot)', 'm-health', 'smart student interactive system (ssis)', 'user diagnosis result (udr)'] 

TOP-K 1933: ['mobile sensor', 'entrotaxis strategy', 'maximum entropy sampling principles', 'cognitive search', 'source term estimation strategy', 'search time', 'information gain.'] 

Reference 1933: ['autonomous search', 'bayesian inference', 'dispersion modelling', 'sensor management', 'sequential monte carlo', 'turbulent flow'] 

TOP-K 1934: ['nonlinear feature fusion.', 'autoencoder design', 'feature fusion techniques', 'available software', 'example results'] 

Reference 1934: ['autoencoders', 'deep learning', 'feature extraction', 'feature fusion', 'machine learning', 'representation learning'] 

TOP-K 1935: ['small wearable device', 'new smart architecture', 'data fusion', 'heart rate', 'information packetizing process', 'chronic illness monitoring.', 'battery autonomy', 'body temperature.', 'good response'] 

Reference 1935: ['child monitoring', 'chronic diseases', 'ehealth', 'smart algorithm', 'wearable devices'] 

TOP-K 1936: [['supercomputing simulation'], 'teaching supercomputer disciplines.', 'practical assignments'] 

Reference 1936: ['computational mathematics', 'hpc education', 'parallel computing', 'supercomputer', 'supercomputing simulation'] 

TOP-K 1937: ['bayesian sequential partitioning', '106x average runtime enhancement', 'data structures', 'maximum speedup', 'heterogeneous many-core system.', 'execution management policies.'] 

Reference 1937: ['data processing', 'design and optimization', 'heterogeneous system', 'many-core system', 'performance analysis'] 

TOP-K 1938: ['resource discovery aspects', 'new taxonomy', 'resource discovery aspects.', 'key performance indicators', 'novel discovery approaches', 'discovery approaches.', 'various viewpoints', 'overall guideline'] 

Reference 1938: ['distributed systems', 'grid computing', 'hpc', 'p2p', 'resource description', 'resource sharing'] 

TOP-K 1939: ['password generation', ['parametric one-way function'], 'local area network.', 'protected pointer', 'access permissions.', 'memory segments'] 

Reference 1939: ['access right', 'distributed system', 'parametric one-way function', 'protection', 'revocation', 'segment'] 

TOP-K 1940: ['awareness tools', 'trust factors', 'software tool', 'global software teams.', 'design space', 'data sources', ['empirical study'], 'theoretical gap'] 

Reference 1940: ['attribution error', 'awareness', 'empirical studies', 'global software engineering', 'perceived trustworthiness', 'trust'] 

TOP-K 1941: ['passive-aggressive algorithm', 'online learning problems.', 'max-out function', 'kernel-based methods', 'support vectors.', 'budget strategies', 'approach', 'ing benchmarks'] 

Reference 1941: ['binary classification', 'nonlinear embedding', 'nonlinear functions', 'online learning', 'passive-aggressive'] 

TOP-K 1942: ['semi-supervised learning', 'video gesture recognition', 'spatio-temporal convolutional neural networks.', 'scale invariant architecture', 'data points', 'entire dataset'] 

Reference 1942: ['deep learning', 'expression recognition', 'machine learning', 'neural nets', 'video classification'] 

TOP-K 1943: ['c-means algorithms', 'gaussian kernel functions.', 'algorithms', 'clustering task.', 'width hyper-parameters.', 'real data sets', 'relevant variables'] 

Reference 1943: ['feature space', 'gaussian kernel clustering', 'kernelization of the metric', 'width hyper-parameter'] 

TOP-K 1944: ['cross-modal deep neural networks', 'inter-modality similarity preserving', 'discrete cyclic coordinate descent', 'experimental results', 'binary codes', 'media retrieval.', 'binary constraint'] 

Reference 1944: ['alternative optimization', 'cross-modal retrieval', 'deep learning', 'discrete hashing'] 

TOP-K 1945: [['matrix polynomial equation'], 'power saving', 'unknown rate matrix r', 'arbitrary power', '1-type markov process', 'novel approach', 'regime switching', 'explicit expression'] 

Reference 1945: ['energy efficiency', 'explicit solution', 'g∕m∕1-type markov process', 'matrix polynomial equation', 'matrix-analytic method'] 

TOP-K 1946: ['discrete-time state-saturated systems', 'sensor networks', 'redundant communication channels', 'measurement losses'] 

Reference 1946: ['distributed filters', 'event-based strategy', 'redundant channels', 'state-saturated systems', 'wireless sensor networks'] 

TOP-K 1947: ['feature selection algorithms.', 'class label noise.', 'interesting new research lines', 'method', 'general framework'] 

Reference 1947: ['boosting', 'classifier ensembles', 'feature selection'] 

TOP-K 1948: ['task assignment problem', 'np-hard problem', 'heterogeneous mes', 'on-premise cores', 'cloud systems', 'computation energy costs', 'remote cloud servers', 'sub-optimal solutions', 'application scenarios', 'novel approach', 'adaptive time period.', 'optimal solutions', 'feasible solution', 'high success rate.'] 

Reference 1948: ['cloud computing', 'cyber-enabled applications', 'energy-aware', 'mobile embedded systems', 'np-hard', 'task assignment'] 

TOP-K 1949: ['teaching/learning process', 'student feedback', 'software quality assessment', 'project management tasks', 'microsoft project.', 'github platform.', 'team project.', 'future improvements'] 

Reference 1949: ['collaborative software development', 'github', 'microsoft project', 'software engineering course', 'sonarqube', 'teamwork'] 

TOP-K 1950: ['building bp neural network', 'collision probability', 'computational intelligence.', 'dynamic optimization methods', 'numerical expression', 'network parameter', 'trained network'] 

Reference 1950: ['genetic algorithm', 'internet of vehicles', 'neural network', 'rear-end collision'] 

TOP-K 1951: [['social network graphs'], 'cpu+gpu chips.', 'heterogeneous chips.', 'heterogeneous approaches', 'heterogeneous platforms.', 'energy efficiency improvements', 'art related approaches.'] 

Reference 1951: ['bfs', 'heterogeneous chips', 'performance–energy efficiency', 'social network graphs'] 

TOP-K 1952: ['smart home control', ['smart homes'], 'tools', 'future user interfaces', 'literature review', 'design implications', 'real users', 'experimental study', 'support end users'] 

Reference 1952: ['ambient intelligence', 'end-user development', 'internet of things', 'rule-based paradigm', 'smart home'] 

TOP-K 1953: ['project goals', 'tsgl', 'multithreaded visualization', 'multithreaded visualizations.', 'thread safe graphics library', 'tsgl visualization examples.', 'implementation issues', 'multicore era.', 'lab exercise', 'assessment evidence', 'parallel abstraction.', 'student understanding', 'detailed presentation'] 

Reference 1953: ['graphics', 'library', 'multicore', 'parallel', 'threads', 'visualization'] 

TOP-K 1954: ['fast auto-clean cnn model', 'auto-clean task', 'food materials', 'multiclass prediction task.', 'high precision', 'online prediction', 'time cost', 'tasks constraint'] 

Reference 1954: ['cnn model', 'fast auto-clean', 'food image detection', 'multi-class prediction'] 

TOP-K 1955: [['deep learning'], 'svr model', 'forecasting day-ahead electricity load.', 'history load data', 'refined features', 'season parameter', 'season parameters.'] 

Reference 1955: ['deep learning', 'feature extraction', 'multi-modal', 'stacked denoising auto-encoders', 'support vector regression'] 

TOP-K 1956: ['searchable encryption model', 'secure searchable encryption protocol', 'cloud', 'file-injection attack resilience.', 'security requirements', 'detailed performance analysis', 'experimental result', 'things.', 'kga resilience'] 

Reference 1956: ['cloud-of-things', 'file-injection attack resilience', 'forward privacy', 'insider keyword guessing attack resilience', 'internet of things', 'searchable encryption'] 

TOP-K 1957: ['outsourced database', 'outsourced data', 'controllable paillier encryption', 'novel auditing scheme', 'new cuckoo filter', 'query integrity', 'various database operations.', 'false positive ratio.'] 

Reference 1957: ['cloud computing', 'database outsourcing', 'integrity auditing', 'outsourcing security'] 

TOP-K 1958: ['new in-memory file system', 'dram/nvm hybrid memory architecture.', 'efficient full-versioning mechanism', 'design metrics', 'extensive experiment'] 

Reference 1958: ['hybrid memory architecture', 'in-memory file system', 'multi-versioning', 'non-volatile memory'] 

TOP-K 1959: ['self-adapting spanning tree', 'hierarchical best-effort broadcast', 'k-mutual exclusion', 'fault processes.', 'tree approach', 'correct processes', 'n −'] 

Reference 1959: ['distributed applications', 'fault-tolerance', 'hypercube-like topology', 'mutual exclusion', 'reliable broadcast'] 

TOP-K 1960: ['energy-efficiency strategies', 'simulation experiments', 'task scheduling', 'time-based criteria', 'idle resources.', 'account several security constraints'] 

Reference 1960: ['cloud computing', 'cloud security', 'energy efficiency', 'genetic algorithms', 'independent task scheduling', 'vm hibernating'] 

TOP-K 1961: ['bpel', 'business process models.', 'important correctness properties', 'bip translation tool', 'mid-scale programs', 'experimental setting', 'complete execution semantics', 'verification utilities', 'new methodology.', 'translation times'] 

Reference 1961: ['bip', 'formal verification', 'programming language semantics', 'ws-bpel'] 

TOP-K 1962: ['laplacian matrix', 'cross-view correlation', 'cross-view correlation relationship', 'non-linear cases', 'learning method', 'eigenvalue problem.', 'semi-paired scenarios.', 'within-view similarity', 'unpaired data.', 'novel method', 'ideal graph', 'rank constraint'] 

Reference 1962: ['canonical correlation analysis', 'clustering', 'semi-paired learning'] 

TOP-K 1963: ['lidc-idri dataset', 'state-of-the-art nodule classification approaches', 'nodule heterogeneity', 'ensemble classifiers', 'ensemble classifier', 'deep model.', 'propagation neural network', 'features'] 

Reference 1963: ['adaboost, information fusion', 'back propagation neural network (bpnn)', 'chest ct', 'deep convolutional neural network (dcnn)', 'lung nodule classification'] 

TOP-K 1964: ['hardwired fabric fpga resources', 'cellular automaton generator', 'testable logic insertion', 'testable architectures.', 'fpga slices', 'hardware acceleration.', 'behavioral implementations', 'area delay overhead.', 'maximal logic utilization'] 

Reference 1964: ['cellular automaton', 'fpga', 'random number generator'] 

TOP-K 1965: ['human fine-grained action recognition', 'cnn structure', 'fine-grained actions.', 'method', 'encoding method', 'new method', 'effective pixels', 'arm area', 'video frames', 'estimation method', 'layer features'] 

Reference 1965: ['action recognition', 'human pose', 'video understanding'] 

TOP-K 1966: ['elastic mds', 'standard elastic mds', 'observation dissimilarities', 'rbf network.', 'standard datasets'] 

Reference 1966: ['dissimilarity', 'multidimensional scaling', 'rbf network', 'visualisation'] 

TOP-K 1967: ['network utility', 'single-hop packet progress', 'one-hop delay', 'dual decomposition technique', 'centralized problem'] 

Reference 1967: ['cooperative transmission', 'delay constraint', 'distributed routing', 'iot and cyber-enabled applications'] 

TOP-K 1968: ['resource management methods', 'heterogeneous data center.', 'sensitivity analysis', 'new detailed model', 'constraint values', 'several facility configurations.', 'workload environments'] 

Reference 1968: ['dvfs', 'heterogeneous computing', 'memory interference', 'power-aware computing', 'resource management', 'thermal-aware computing'] 

TOP-K 1969: ['gait dynamics', ['gait dynamics graph'], 'gait dynamics.', 'new gait representation', 'limbs joint angles', 'benchmark gait databases', 'individual identification.', 'good recognition performance', '3d graphic representation'] 

Reference 1969: ['biometrics', 'gait dynamics graph', 'gait recognition', 'gait representation'] 

TOP-K 1970: ['facial attribute analysis', 'fmtnet', 'deep transfer neural network', 'deep transfer learning', 'facial attribute analysis.', 'multi-label learning.', 'attribute grouping.', 'effective loss weight scheme', 'similar network structure.'] 

Reference 1970: ['convolutional neural networks', 'deep learning', 'facial attribute classification', 'multi-label learning', 'transfer learning'] 

TOP-K 1971: ['cloud computing infrastructure', 'modern tools', 'course projects', 'senior computer science students.', 'undergraduate junior'] 

Reference 1971: ['big data', 'cloud computing', 'curriculum', 'undergraduate education'] 

TOP-K 1972: ['chinese wikipedia', 'chinese sentiment classification model', ['convolution neural network'], 'chinese hotel', 'word vector query library', 'lookup table', 'large scale unlabeled dataset', 'skip-gram algorithm', 'real-world millions', 'convolution control'] 

Reference 1972: ['convolutional neural network', 'deep learning', 'natural language processing', 'sentiment analysis'] 

TOP-K 1973: ['psuedo-boolean optimization', 'feature impacts', 'non-functional properties', 'runtime application composition', 'independent feature subsets', 'application reconfiguration', 'service composition.', 'available tool suite'] 

Reference 1973: ['feature model', 'self adaptation', 'service composition', 'software product lines'] 

TOP-K 1974: ['aggregation functions.', 'aggregation operation', 'in-network false data', 'end-to-end data confidentiality', 'related works', 'evaluation results', 'integrity security services', 'obvious advantages'] 

Reference 1974: ['homomorphic encryption', 'recoverable', 'secure data aggregation', 'wireless sensor networks'] 

TOP-K 1975: ['u-rucm', 'u-rucm tool', 'use case modeling framework', ['use case models'], 'eu project', 'modeling uncertainties.', 'industrial case studies'] 

Reference 1975: ['belief', 'uncertainty', 'use case modeling'] 

TOP-K 1976: ['cross-language-based text recognition', 'cross-language handwriting recognition.', 'cross-language text recognition paradigm', 'low resource scripts', 'handwritten recognition platform.', 'source script'] 

Reference 1976: ['cross language recognition', 'handwritten word recognition', 'hidden markov model', 'indic script recognition', 'script similarity', 'word spotting'] 

TOP-K 1977: ['meta-object protocols', 'mops', 'meta-modelling environment', 'eclipse modelling framework', 'emf', 'meta-modelling environments.', 'open design', 'metadepth'] 

Reference 1977: ['protocol', 'security', 'xml'] 

TOP-K 1978: ['online failure prediction approach', 'proof-of-concept implementation', 'typical failure scenarios', 'architectural knowledge.', 'architectural dependency model.', 'extensive evaluation', 'automatic extraction'] 

Reference 1978: ['component-based software systems', 'online failure prediction', 'reliability'] 

TOP-K 1979: ['atomic multi-bit writes.', 'unrestricted mwmr implementation', 'write-once bits', 'write-once registers.', 'tabular wom code.', 'max registers.'] 

Reference 1979: ['concurrent algorithms', 'space complexity', 'write-once memory'] 

TOP-K 1980: [['internal startups'], ['internal startup'], ['software product innovation'], 'internal startups.', 'key processes', 'multiple case study approach', 'common enablers', 'large companies.', 'startup approach'] 

Reference 1980: ['internal startup', 'large companies', 'lean internal startup', 'lean startup', 'method-in-action', 'software product innovation'] 

TOP-K 1981: ['maintenance-relevant annotations', ['metamodel'], 'change propagation', 'automated production system.', 'structural elements.', 'seed modifications', 'comprehensive analysis'] 

Reference 1981: ['change impact analysis', 'maintenance cost estimation', 'manufacturing system', 'metamodeling', 'production automation', 'programmable logic controller'] 

TOP-K 1982: ['online task scheduling', 'stackelberg game.', 'edge computing', 'task scheduling.', 'on-request dynamic allocation'] 

Reference 1982: ['allocation scheduling', 'edge computing resourcing', 'equilibrium', 'repeated stackelberg game'] 

TOP-K 1983: ['runtime performance', 'area efficiency', 'frequency efficiency', 'global efficiency.', 'analytical formulas', 'cycle efficiency', 'respective efficiencies'] 

Reference 1983: ['fpga', 'high-level synthesis', 'high-performance computing', 'lost cycle analysis', 'performance efficiency', 'vivado hls'] 

TOP-K 1984: ['cross-disciplinary systems engineering', ['model integration'], 'tool', 'visual analysis'] 

Reference 1984: ['model integration', 'model-based systems engineering', 'product service systems', 'traceability'] 

TOP-K 1985: ['keyword-aware mechanisms', 'user/item descriptions', 'server-side modules', 'rating estimation', 'item domains', 'cold-start users', 'big data.', 'item domains.', 'essential stages', 'recommendation service.'] 

Reference 1985: ['cold-start problem', 'collaborative filtering', 'keyword-aware', 'recommendation'] 

TOP-K 1986: ['foreground detection technologies', 'monitoring-ensemble-learning detection', 'foreground detection.', 'meld', 'modular architecture', 'complex scenes.', 'practical applications.', 'optimal parameterization'] 

Reference 1986: ['arbitrary algorithm', 'change detection', 'ensemble learning', 'foreground segmentation', 'real-time applications', 'stopped object detection'] 

TOP-K 1987: [['spherical part model'], '3d hand', 'novel vision-based framework', 'joint locations', 'original images', 'explicit representation.'] 

Reference 1987: ['convolutional neural network', 'deep learning', 'hand detection', 'hand pose estimation', 'spherical part model'] 

TOP-K 1988: ['security-sensitive mixed-criticality systems.', 'system-level design framework', 'system-level optimization problem', 'mixed-criticality systems.', 'security-critical applications', 'energy optimization', 'system model', 'efficient heuristic algorithm'] 

Reference 1988: ['distributed real-time system', 'energy', 'mixed-criticality', 'scheduling', 'security', 'system design'] 

TOP-K 1989: ['multi-biometric template protection', 'bloom filters.', 'bloom filter extraction parameters.', 'new statistical methodology', 'new general framework', 'experimental evaluation'] 

Reference 1989: ['biometrics', 'irreversibility', 'multi-biometrics', 'privacy', 'template protection', 'unlinkability'] 

TOP-K 1990: ['subspace clustering methods', 'subspace clustering method', 'non-linear data.', 'multiple modalities.', 'method', 'common representation.'] 

Reference 1990: ['biometrics', 'face clustering', 'low-rank representation-based subspace clustering', 'multimodal subspace clustering', 'sparse subspace clustering', 'subspace clustering'] 

TOP-K 1991: ['codebook descriptors', 'codebook descriptors.', 'online writer identification.', 'online trace', 'gap parameter.', 'available databases'] 

Reference 1991: ['codebook', 'descriptor', 'gap parameter', 'online writer identification'] 

TOP-K 1992: ['time-domain similarity measurements', 'time series recurrences', ['time series'], 'unlabeled scenarios', 'natural phenomena', 'local differences', 'classification performances', 'inconsistent classification'] 

Reference 1992: ['cross-recurrence quantification analysis', 'phase space', 'positive and unlabeled', 'self-training', 'semi-supervised classification', 'time series'] 

TOP-K 1993: ['multi-paradigm modeling approach', 'model-based deception approach.', 'deception-based defense.', 'deception tactics integration', 'deception tactics catalog', 'multiple modeling paradigms.', 'metamodel combination', 'system operation.', 'expressive power', 'overall systems'] 

Reference 1993: ['deception', 'model-driven', 'security'] 

TOP-K 1994: ['deep learning', 'pre-emphasizing samples', 'data augmentation', 'deep machines.', 'deep classification.', 'binarization permits/improves diversification', 'record results.', 'research lines'] 

Reference 1994: ['augmentation', 'classification', 'deep', 'diversity', 'learning', 'pre-emphasis'] 

TOP-K 1995: ['particle physics', 'scalable algorithm', 'large-scale problems', 'performance extrapolations', 'algorithm', 'structural plasticity', 'human brain'] 

Reference 1995: ['barnes–hut', 'brain', 'connectome', 'dynamics', 'large-scale', 'simulation'] 

TOP-K 1996: ['multi-view deep feature representation', 'contactless 3d fingerprint.', 'state-of-the-art methods', 'first paper', 'new framework', 'comparative experimental results', 'available databases'] 

Reference 1996: ['contactless 3d fingerprint recognition', 'multi-view cnn', 'partial 3d fingerprint identification'] 

TOP-K 1997: ['generic omniscient debugger', 'generic method', 'executable dsl.', 'definition'] 

Reference 1997: ['domain-specific languages', 'executable dsl', 'execution trace', 'omniscient debugging', 'software language engineering'] 

TOP-K 1998: [['code clones'], 'clones', 'clone management.', ['late propagation'], 'type', 'late propagation.'] 

Reference 1998: ['bug-proneness', 'clone-types', 'code clones', 'late propagation'] 

TOP-K 1999: ['hierarchical objectness network', ['object detection'], ['region proposal generation'], 'stripe objectness', 'multiple convolutional layers', 'objects', 'hierarchical features', 'inaccurate localization problem.', 'large-scale variations', 'candidate proposal.'] 

Reference 1999: ['convolutional neural network', 'object detection', 'object localization', 'region proposal generation'] 

TOP-K 2000: [['mobile wireless sensor networks'], 'mwsns reliability', 'mwsns', 'typical reliability methods', 'important challenges', 'typical features', 'systematic review'] 

Reference 2000: ['internet of things', 'mobile wireless sensor networks', 'network performance', 'reliability', 'routing protocol'] 

TOP-K 2001: ['hpc schedulers', 'big data schedulers', 'benchmarked schedulers', 'multi-level scheduling', 'job launch overhead', 'parallel jobs', 'jobs', 'many common features.', 's.', 'big data ones', 'little overhead', 'significant overhead'] 

Reference 2001: ['data analytics', 'high performance computing', 'job scheduler', 'resource manager', 'scheduler'] 

TOP-K 2002: [['consensus evaluation'], 'real-world data sets', 'multiple objects.', 'method', 'different notions'] 

Reference 2002: ['consensus evaluation', 'monometric', 'monotonicity', 'ordinal scale'] 

TOP-K 2003: ['iot system', 'museum visitors', 'cultural environment', 'powerful statistical method'] 

Reference 2003: ['internet of things', 'particle filter', 'visiting style', 'visiting style prediction'] 

TOP-K 2004: ['on-line fusion', 'tracker complementarity measure', 'tracker combination', 'tracker output selection', 'model correction.', 'good strategies'] 

Reference 2004: ['fusion', 'on-line behavior analysis', 'visual object tracking'] 

TOP-K 2005: ['context-aware adaptations', 'context-aware systems.', 'empirical evaluations', 'many sa proposals'] 

Reference 2005: ['environment', 'human-computer interaction', 'platform', 'quality of adaptation', 'quasi-gold standard', 'user'] 

TOP-K 2006: ['disk-assisted strategy', 'locality-sensitive hash functions', 'optimal multiple sequence alignments.', 'better performance'] 

Reference 2006: ['a-star', 'locality-sensitive hash', 'multiple sequence alignment', 'parallel algorithms'] 

TOP-K 2007: ['sliding-window processing paradigm', 'cc-wbuf data structure', 'multi-core architecture', 'window semantics', 'active worker models'] 

Reference 2007: ['continuous queries', 'data stream processing', 'internet of things', 'parallel computing', 'sliding windows'] 

TOP-K 2008: [['kinship verification'], 'video-based kinship verification.', 'state-of-the-art metric learning methods', 'facial videos.', 'video-based kinship verification study.', 'distance metric learning', 'new video face dataset'] 

Reference 2008: ['face recognition', 'kinship verification', 'metric learning', 'video-based'] 

TOP-K 2009: ['refining models', ['industrial case studies'], 'test models', 'model-based testing.', 'digital tvs', 'test efficiency', 'test model', 'usage profile', 'novel approach', 'testing time', 'smart phones.', 'dynamic analysis.', 'updates help'] 

Reference 2009: ['industrial case study', 'model refinement', 'model-based testing', 'risk-based testing', 'software test automation', 'statistical usage testing'] 

TOP-K 2010: ['rtctlcc model checking', 'model checking rtctlcc', 'model checking rtctl.', 'transformation toolkit engine', 'user interface', 'transformation technique.', 'space computational complexity'] 

Reference 2010: ['complexity', 'qualitative and quantitative commitment requirements', 'real-time', 'transformation technique'] 

TOP-K 2011: [['software ecosystems'], 'power relationships', 'power-changing operations', ['power'], 'case studies', 'software ecosystem.'] 

Reference 2011: ['partnerships', 'power', 'small-to-medium enterprises', 'software ecosystem', 'strategies'] 

TOP-K 2012: [['high throughput'], 'cell morphological analysis.', ['fpga'], 'high-level synthesis tool', 'proposed system', 'flexible hardware design', 'low latency constraint.'] 

Reference 2012: ['biomedical image analysis', 'cytometry', 'fpga', 'hardware acceleration', 'high throughput', 'reconfigurable hardware'] 

TOP-K 2013: ['novel rgb-di database', 'near-infrared spectrums', 'database usage', 'experimental protocols', ['videos'], 'baseline results', 'depth information.'] 

Reference 2013: ['biometrics', 'database', 'face detection', 'face recognition', 'multi-modal biometrics', 'video'] 

TOP-K 2014: ['class-level directed network model', 'risk-based tcp technique', 'tcp technique', 'high-risk fault detection efficiency.', ['information flow'], 'barbell motifs', 'risk indexes', 'risk coverage', 'evaluation scheme', 'different systems'] 

Reference 2014: ['complex network', 'information flow', 'probabilistic risk analysis', 'regression testing', 'test case prioritization'] 

TOP-K 2015: ['deep dnns', 'state-of-the-art biqa methods', 'image quality', 'various canonical datasets', 'deep dnn model.', 'high-level representations.'] 

Reference 2015: ['convolutional neural networks (cnn)', 'deep learning', 'image quality assessment', 'multi-level deep representation', 'support vector regression'] 

TOP-K 2016: ['meta-heuristic techniques', 'adr metric', 'inter-controller latency.', 'back-up path.', 'network topology.', 'backup approaches', 'real topology.', 'average controller', 'optimal locations'] 

Reference 2016: ['backup path', 'controller', 'cpp', 'meta-heuristic approach', 'pso', 'sdn'] 

TOP-K 2017: [['deep learning'], 'protein subcellular localization prediction.', 'deep learning network', 'graphical processing', 'abstract feature representations', 'deep network.'] 

Reference 2017: ['deep learning', 'feature representation', 'protein subcellular localization'] 

TOP-K 2018: ['trust degrees', 'social network analysis methodology', 'social network group decision', 'new consensus model', 'importance degrees'] 

Reference 2018: ['consensus', 'distributed linguistic trust', 'feedback mechanism', 'group decision making', 'minimum adjustment optimization model', 'social network analysis'] 

TOP-K 2019: ['wearable drowsiness detector', ['sensor fusion'], 'efficient hw/fw co-design', 'energy efficiency', 'energy saving', 'imu sensors', 'mah battery.', '63x gain', 'pulp platform.', 'times battery duration'] 

Reference 2019: ['drowsiness detection', 'eeg', 'fatigue monitoring', 'sensor fusion', 'wearable'] 

TOP-K 2020: ['knapsack problem.', 'np-hard problem.', 'polynomial time.', 'dynamic weighting', 'parallel time', 'efficient time', 'solutions', 'simulation study', 'study keys', 'right time', 'space reduction', 'benchmark datasets.', 'right place'] 

Reference 2020: ['0/1-kp feature sorting', 'dynamic programming', 'np-hard problems and optimization', 'parallel time–space reduction for solving 0/1-kp', 'unbiased filtering for polynomial-time reduction'] 

TOP-K 2021: ['lsropc', 'new classifier', 'iahcc-ucas2016 dataset'] 

Reference 2021: ['handwritten chinese character recognition', 'in-air handwritten chinese character recognition', 'locality-sensitive sparse representation based classification', 'minimum classification error'] 

TOP-K 2022: ['orthogonal moments', 'weighted moments', 'image classification.', 'powerful descriptors', 'computing moments', 'classification performance.', 'accurate computation'] 

Reference 2022: ['classification', 'co-occurrence matrix', 'local binary pattern', 'moment', 'texture descriptor'] 

TOP-K 2023: [['sparse representation'], 'multi-sensor image fusion.', 'algorithmic components', 'key algorithmic aspects.', 'comprehensive survey', 'theoretical study'] 

Reference 2023: ['activity level', 'dictionary learning', 'image fusion', 'sparse representation'] 

TOP-K 2024: ['new fair-share scheduler', 'performance-asymmetric multicore systems.', 'virtual runtime', 'task migration policy', 'svr differences', 'energy overhead', 'cores.', 'negligible run-time', 'approach'] 

Reference 2024: ['fair-share scheduling', 'load balancing', 'multicore', 'performance-asymmetry'] 

TOP-K 2025: ['hybrid storage', ['file systems'], 'hybrid file system', 'storage system', ['file system'], 'different types'] 

Reference 2025: ['cloud computing', 'file system', 'hybrid storage system', 'internet of things'] 

TOP-K 2026: [['anomaly detection'], 'operation logs', 'log activities', 'relevant metrics', 'assertion specifications', 'fault injection', 'target metrics', 'available metrics.', 'upgrade operation'] 

Reference 2026: ['anomaly detection', 'cloud application operations', 'cloud monitoring', 'error detection', 'log analysis', 'metric selection'] 

TOP-K 2027: ['structural ordinal measure', 'state-of-the-art results', 'self-correcting method', 'image-set samples.', 'several datasets', 'ordinal features', 'output structures.', 'som', 'similar binary codes.'] 

Reference 2027: ['local feature', 'metric learning', 'ordinal measure'] 

TOP-K 2028: ['performance diagnosis dimensions', 'common communication patterns', 'spark applications', 'evaluation methodology.', 'extensible tool'] 

Reference 2028: ['dynamic reconfiguration', 'performance diagnosis', 'spark'] 

TOP-K 2029: [['deep learning'], 'indian classical dance.', 'short video clips', 'novice dancers'] 

Reference 2029: ['convolutional neural network', 'deep learning', 'emotion recognition', 'facial expression recognition'] 

TOP-K 2030: ['istar extensions.', 'intelligent systems', 'application areas', ['systematic literature review']] 

Reference 2030: ['goal modelling', 'istar', 'modelling language extensions', 'systematic literature review'] 

TOP-K 2031: ['obfuscation techniques.', 'method', 'model checking method', 'real-world dataset'] 

Reference 2031: ['android', 'formal methods', 'malware', 'model checking', 'obfuscation'] 

TOP-K 2032: ['asynchronous multi-sensor fusion', 'ui-driven bias', 'online applications', 'estimation'] 

Reference 2032: ['asynchronous multi-rate sensor fusion', 'bias estimation', 'network consensus', 'unknown input decoupling'] 

TOP-K 2033: ['service recommendation systems', 'service reputation.', 'whitewashing problems', 'similar services', 'multiple regression techniques'] 

Reference 2033: ['feedback rating', 'honest and malicious service raters', 'reputation measurement', 'support vector regression', 'web services recommendation'] 

TOP-K 2034: ['evodeep algorithm', 'new evolutionary algorithm', 'detailed evolutionary-based model design', 'well-known image dataset', 'deep neural networks.', 'finite state machine.', 'experimental evaluation', 'classification accuracy', 'valid sequence'] 

Reference 2034: ['automated parametrisation', 'deep learning', 'evolutionary algorithms', 'finite-state machines'] 

TOP-K 2035: ['energy efficient scheduling problem.', 'eda', 'multi-objective problem.', 'energy consumption', 'distribution algorithm', 'numerical tests', 'diversity improvement operator', 'probability models', 'archive set.', 'problem characteristics.', 'large amount'] 

Reference 2035: ['cloud computing', 'energy efficient scheduling', 'estimation of distribution algorithm', 'precedence-constrained parallel application', 'task graph scheduling'] 

TOP-K 2036: ['new dissimilarity', 'oos test cases.', ['adaptive random sequences'], 'adaptive random sequences.', 'empirical studies', 'clustering methods', 'object method vector', 'sampling strategy'] 

Reference 2036: ['adaptive random sequence', 'cluster analysis', 'object-oriented software', 'test cases prioritization', 'test cases selection'] 

TOP-K 2037: ['basic/salted puf', 'first independent security analysis', 'salted phemap.', 'mutual authentication protocols.', 'informal methods'] 

Reference 2037: ['fpga', 'hardware security', 'mutual authentication', 'puf'] 

TOP-K 2038: ['feature selection.', 'feature selection approach', '2d fitness function', 'new mutation operator', 'multiple good enough seeds', 'scale feature models'] 

Reference 2038: ['feature selection', 'multi-objective optimization', 'product derivation', 'software product lines'] 

TOP-K 2039: ['open-source software', 'new query mechanism', 'typical queries', 'case study'] 

Reference 2039: ['data structure', 'external memory', 'stateful analysis', 'tracing', 'tree'] 

TOP-K 2040: [['architecture enforcement'], 'architecture enforcement process', 'architecture enforcement concerns', 'enforcement concerns', ['empirical study'], 'comprehensive structure', 'comprehensive comparison'] 

Reference 2040: ['architecture enforcement', 'architecture erosion', 'empirical study', 'software architecture', 'software architecture in industry'] 

TOP-K 2041: ['rao-balckwellised particle filters', 'bayesian target motion analysis', 'target state estimation', 'measurement noise variance.', 'unknown measurement noise variance.'] 

Reference 2041: ['bearings-only tracking', 'noise adaptive nonlinear filtering', 'particle filter', 'target motion analysis'] 

TOP-K 2042: ['community network model', 'epidemic spreading', 'epidemic spreading.', ['heterogeneity'], 'communities', 'initial infection node', 'mathematical epidemic model', 'study'] 

Reference 2042: ['community structure', 'epidemic dynamics', 'heterogeneity', 'mean-field theory'] 

TOP-K 2043: ['multi-steps trajectories dbns', 'm_dbns model', 'motifs-based dbns', 'dynamic bayesian networks', 'time series motifs', 'qos constraints', 'prediction accuracy', 'significant sos components', 'proactive adaption strategy', 'time series.', 'cumulative effects'] 

Reference 2043: ['online reliability prediction', 'proactive adaption', 'service-oriented system', 'system of systems', 'time series'] 

TOP-K 2044: [['autonomous vehicles'], 'adjacency clustering', 'test cases', 'adaptive sampling', 'novel framework', 'performance boundaries'] 

Reference 2044: ['autonomous vehicles', 'optimization', 'simulation based testing'] 

TOP-K 2045: ['feature location technique', ['api usage location'], 'api method', ['feature requests'], 'api methods.', 'open source subjects', 'approach', 'empirical study', 'incoming feature request.'] 

Reference 2045: ['api method recommendation', 'api usage location', 'feature location', 'feature request'] 

TOP-K 2046: ['fault prediction model', 'lssvm', 'faulty classes', 'open source java projects.', 'different feature selection techniques', 'source code metrics.', 'different kernel methods', 'threshold value'] 

Reference 2046: ['ck metrics', 'cost analysis', 'fault', 'feature selection techniques', 'least squares support vector machine (lssvm)', 'object-oriented software'] 

TOP-K 2047: ['data fusion problem', 'wireless sensor networks.', 'co2 concentration', 'consensus-kalman filter', 'packet loss phenomenon', 'online applications', 'faulty sensors.', 'estimation scheme.'] 

Reference 2047: ['co<sub>2</sub> concentration', 'consensus–kalman filter', 'data fusion', 'greenhouse monitor'] 

TOP-K 2048: ['chinese chess situation', 'dswan', 'feature extraction method', 'middle game data set', 'feature extraction', ['auto encoder'], 'l1 ∕'] 

Reference 2048: ['auto encoder', 'chess situation analysis', 'chinese chess game', 'deep stochastic weight assignment network (dswan)', 'l<sub>1∕2</sub> regularization', 'stochastic weight assignment network (swan)'] 

TOP-K 2049: ['neighborhood structure mining', 'local similarity', 'neighborhood aggregation', 'sn', 'neighbor selection', 'mutual knn', ['context-sensitive similarity'], 'smooth neighbourhood', 'heuristic rules', 'multiple affinity graphs', 'shared neighborhood structure', 'data manifold', 'novel algorithm', 'empirical observations', 'iterative solution'] 

Reference 2049: ['3d shape', 'context-sensitive similarity', 'object retrieval', 'rank aggregation', 're-ranking'] 

TOP-K 2050: ['challenging medical images', 'edge information', 'efficient numerical algorithm', 'linear convergence', 'numerical experiments', 'mild conditions.', 'marker points'] 

Reference 2050: ['iterative algorithm', 'medical images', 'mumford-shah model', 'selective segmentation', 'thresholding'] 

TOP-K 2051: ['cbir applications', 'image query', 'textual information fusion', 'visual features', 'novel cbir method', 'textual features.'] 

Reference 2051: ['cbir', 'image retrieval', 'information fusion', 'textual contents', 'visual contents'] 

TOP-K 2052: ['pgfr', 'job execution time', 'data', 'bandwidth consumption', 'requester grid site.', 'dependent files', 'unnecessary replication'] 

Reference 2052: ['connectivity graph', 'data grids', 'dynamic data replication', 'group replication'] 

TOP-K 2053: ['novel iot-based fitness system', 'fitness system', 'user experience', 'intelligent technologies', 'paper'] 

Reference 2053: ['artificial intelligence', 'body building', 'fitness', 'fitness band', 'iot', 'sensor'] 

TOP-K 2054: ['print-cam watermarking method', 'print-cam watermarking', 'mobile phone apps', ['computational photography'], 'real-life apps', 'mobile phone implementation', 'processing times', 'large angles', 'inherent features'] 

Reference 2054: ['camera phone', 'computational photography', 'focal stack optimization', 'mobile phone application', 'watermark application'] 

TOP-K 2055: [['requirements specification'], 'requirements', 'agile projects.', 'agile practices.', 'cross-case analysis', 'industrial case studies.', 'essential quality factors.', 'model', 'development team'] 

Reference 2055: ['agile methods', 'agile requirements engineering', 'empirical study', 'requirements specification'] 

TOP-K 2056: ['parametric linear program', 'interval priority weights', 'fuzzy logarithmic programming model.', 'group decision', 'collective priority weights.', 'goal program.', 'new method'] 

Reference 2056: ['fuzzy logarithmic programming model', 'geometric consistent index', 'group decision making', 'interval valued fuzzy preference relation', 'parametric linear programming model'] 

TOP-K 2057: ['multiscale gradient fusion.', 'image gradient fusion.', 'image segmentation', 'vector fusion', 'weighted operators', 'multiscale method', 'boundary detection.', 'popular dataset'] 

Reference 2057: ['gradient fusion', 'multiscale image processing', 'multivariate data', 'ordered weighted operator', 'self-adapting operator'] 

TOP-K 2058: ['ibobpp framework', ['combinatorial problems'], 'new computation model', 'good results', 'multiple pools'] 

Reference 2058: ['cluster', 'combinatorial problems', 'parallelism', 'search algorithms'] 

TOP-K 2059: ['ontology-learning technique', ['cloud service ontology'], 'cloud service similarity measure', 'cloud concepts', 'urls priority technique', 'similarity computation', 'candidate urls.', 'lda model.', 'priority values'] 

Reference 2059: ['cloud service ontology', 'lda model', 'self-adaptive ontology', 'semantic focused crawler', 'tf-idf', 'urls priority'] 

TOP-K 2060: ['formalization semantics', 'semantics compliant code', 'model semantics.', 'online tool support', 'interaction flow', 'generation'] 

Reference 2060: ['mobile applications', 'model-driven development', 'rich-client applications', 'translational semantics'] 

TOP-K 2061: ['software sustainability dimensions', 'sustainability dimensions', 'sustainability dimension', 'sustainability model', 'survey results.', 'relevant quality requirements', 'different perspectives.', 'direct dependencies'] 

Reference 2061: ['quality requirements', 'software-intensive systems', 'survey', 'sustainability'] 

TOP-K 2062: ['smt', 'spmd binaries', 'vector execution', 'architecture', 'multiple warps.'] 

Reference 2062: ['simultaneous multi-threading', 'single instruction multiple data', 'single program multiple data', 'vectorization'] 

TOP-K 2063: [['social conformity'], 'social conformity.', 'secure two-party computation', 'cloud network', 'rational parties', ['fairness'], 'bridge mutual cooperation', 'general model', 'boost cooperation'] 

Reference 2063: ['cloud cooperation', 'fairness', 'game theory', 'social conformity'] 

TOP-K 2064: ['novel graph-distance', 'graph modeling technique', 'vehicle fault operations', 'vehicle operations', 'efficient polynomial-time graph', 'graph pattern matching.', 'network message logs.', 'accuracy'] 

Reference 2064: ['graph pattern matching', 'graph similarity', 'top-k query answering', 'vehicle fault detection'] 

TOP-K 2065: [['cross connection'], 'dcr network', 'hep-2 cell classification', 'icpr', 'recent icpr', 'residual block', 'network model', 'information flow', 'top performers', 'deep cross'] 

Reference 2065: ['convolutional neural network', 'cross connection', 'deep cross residual network', 'hep-2 classification'] 

TOP-K 2066: ['verification-focused virtual machine', 'explicit-state software model checker', 'divm.', 'similar tools', 'experimental evaluation', 'informal specification'] 

Reference 2066: ['c++', 'model checking', 'verification', 'virtual machine'] 

TOP-K 2067: [['data association'], 'l-dd', 'spatio-temporal information', 'dual decomposition.', 'integer programming problem.', 'entire network.', 'art methods'] 

Reference 2067: ['data association', 'distributed algorithm', 'dual decomposition', 'smart camera network'] 

TOP-K 2068: ['netsblox', 'google maps', 'educational visual programming language', 'external apis', 'remote procedure calls'] 

Reference 2068: ['computer science education', 'distributed programming', 'visual programming'] 

TOP-K 2069: ['multi-channel cnn models', 'mental load classification task', 'eeg data.', 'cnn models.', 'models', 'performance', 'temporal information', 'boltzmann machines component'] 

Reference 2069: ['cnns', 'deep learning', 'eeg', 'mental load classification'] 

TOP-K 2070: ['performance/programming effort trade-offs', 'android persistence frameworks.', 'different app scenarios', 'data persistence benchmarks', 'representative app scenarios.', 'select frameworks', 'contrast features', 'numerical model'] 

Reference 2070: ['mobile application', 'performance', 'persistence framework', 'programming effort'] 

TOP-K 2071: ['subspace clustering.', 'state-of-the-art methods', 'affinity learning', 'experimental results', 'subspace structure', 'group data', 'new regularization term', 'frame work', 'new penalty'] 

Reference 2071: ['affinity matrix learning', 'grouping-effect-within-clusters', 'subspace clustering'] 

TOP-K 2072: ['face recognition', 'possible future directions', 'multiple stylistic sketches', 'research efforts', 'law enforcement investigation situations.', 'fundamental study', 'several significant challenges', 'specific scenarios', 'evaluation protocols', 'corresponding datasets', 'benchmark performance'] 

Reference 2072: ['composite sketch', 'face sketch recognition', 'fusion', 'viewed sketch'] 

TOP-K 2073: ['schedulability analysis', 'automotive embedded real-time systems.', 'rate-dependent tasks.', 'deadline first scheduling', 'rate-dependent task model', 'different analysis methods.', 'reviews research'] 

Reference 2073: ['adaptive variable-rate', 'automotive', 'engine control unit', 'rate-dependent', 'real-time analysis', 'schedulability test'] 

TOP-K 2074: ['code packing technique classification', 'appspears effectiveness', 'universal unpacking system', 'systematic packed malware study.'] 

Reference 2074: ['android security', 'code packing technique', 'code unpacking', 'malware detection'] 

TOP-K 2075: ['spark platform.', 'future health condition', 'efficient data distribution mechanism', 'job allocation algorithm', 'streaming data.', 'processing speed.'] 

Reference 2075: ['big data', 'cloud computing', 'healthcare', 'spark'] 

TOP-K 2076: ['sparse random gaussian models', 'various transportation applications', 'current vehicle information', 'new approach', 'used prediction strategies.', 'challenging environment.'] 

Reference 2076: ['fuzzy estimation', 'gps outages', 'inertial sensors', 'prediction method', 'vehicle position errors'] 

TOP-K 2077: [['multivariate time series'], 'time series cluster kernel', ['gaussian mixture model'], 'tck', ['ensemble learning'], 'data problems', 'parameter robustness.', 'informative priors.', 'established methods', 'valid kernel.'] 

Reference 2077: ['ensemble learning', 'gaussian mixture models', 'kernel methods', 'missing data', 'multivariate time series', 'similarity measures'] 

TOP-K 2078: ['facial albedo', 'face super-resolution', 'face image enhancement framework', 'face recognition', 'non-convex optimization problem', 'albedo estimation methods', 'low resolution images', 'intrinsic facial image variation', 'intrinsic facial variations', 'optimization strategy', 'various facial variations', 'low quality images.', 'super resolution.', 'illumination variation', 'framework'] 

Reference 2078: ['admm', 'facial albedo estimation', 'low quality facial image', 'sparse coding'] 

TOP-K 2079: ['privacy-preserving framework', 'real network environments.', 'similar approaches', 'approach', 'detection delay'] 

Reference 2079: ['cloud environment', 'collaborate network', 'fog computing', 'intrusion detection', 'privacy preserving'] 

TOP-K 2080: [['online feature selection'], 'online feature selection approach', 'state-of-the-art techniques', 'large-scale social applications.', 'social networks.', 'content features.', 'content information.', 'classification results', 'approach analyses sets'] 

Reference 2080: ['classification', 'micro-blogging communities', 'online feature selection'] 

TOP-K 2081: ['paml', 'deep learning approaches', 'multi-pie database', 'generic elastic model', 'facial images', 'pose-aware metrics', 'external multi-poses training set.', 'linear regression analysis', 'test setting', '3d shape', 'single gallery image.', 'illumination variations'] 

Reference 2081: ['3d face construction', '3d generic elastic model', 'face re-rendering', 'face recognition', 'metric learning', 'single sample per person'] 

TOP-K 2082: ['delta state crdts', 'delta-state crdts', 'state crdts.', 'recursive map', 'anti-entropy algorithm', 'consistent convergence.'] 

Reference 2082: ['conflict-free replicated data types', 'crdt', 'delta', 'distributed systems', 'eventual consistency', 'state-based'] 

TOP-K 2083: ['multi-scale multi-view re-sampling', 'spherical sampling pattern', 'ct images', 'non-nodule types.', 'solid nodule types', 'nodule radius approximation method', 'high frequency content analysis.', 'comprehensive method', 'view selection method', 'color projection method', 'accessible datasets', 'vascularized ones', 'comprehensive validation'] 

Reference 2083: ['cnns', 'computed tomography', 'lung nodule'] 

TOP-K 2084: ['knn-based model', 'bug', 'monte carlo simulation', 'high accuracy', 'original study.', 'study'] 

Reference 2084: ['bug fixing time', 'deferred bugs', 'effort estimation', 'replication study', 'software maintainability'] 

TOP-K 2085: ['linguistic gdm approach', ['linguistic distributions'], 'group opinion', 'group opinion.', 'model', 'support degree', 'linear programming approach'] 

Reference 2085: ['computing with words', 'group decision making', 'hesitant fuzzy linguistic term set', 'linguistic distribution'] 

TOP-K 2086: [['software metrics'], 'annotation metrics', 'annotations', 'software reuse', 'source code.', 'novel group'] 

Reference 2086: ['code annotation', 'software metrics', 'thresholds'] 

TOP-K 2087: ['em algorithms', 'em algorithms.', 'amazon ec2 cloud', 'several popular em algorithms.', ['frequent updates'], 'traditional implementations', 'convergence properties', 'approaches', 'local machines', 'framework', 'massive data'] 

Reference 2087: ['clustering', 'concurrent updates', 'distributed framework', 'expectation–maximization', 'frequent updates', 'topic modeling'] 

TOP-K 2088: ['hierarchical clustering', 'latent dirichlet allocation', 'similar applications', 'previous methods', 'source code.', 'bounded number'] 

Reference 2088: ['lda', 'similar applications detection', 'software categorization', 'source code analysis', 'topic modeling'] 

TOP-K 2089: ['directory-based coherency', ['cache coherency'], 'low memory overhead.', 'high performance', 'large memory overhead.', 'energy overhead', 'maximum performance', 'low area', 'econo+p hotobnoc'] 

Reference 2089: ['cache coherency', 'many-core cmp', 'silicon-photonic technology'] 

TOP-K 2090: ['fpga architecture', ['musical genre classification'], 'architecture', 'music information retrieval', 'gtzan database', 'real-time audio indexing applications.', 'musical genres', 'fpga rapid implementation', 'rapid prototyping', 'scalable fpga platforms', 'mfccs calculation', 'design methodology', 'fm broadcast band.', 'case study', 'large audio databases.'] 

Reference 2090: ['audio indexing', 'fpga prototyping', 'music genre classification', 'software radio', 'system-level design'] 

TOP-K 2091: ['l1d cache', 'l1d cache.', 'gpu cache efficiency.', 'simple hardware logics', 'remarkable performance improvement.', 'many applications', 'technique gains significant speedup', 'many others'] 

Reference 2091: ['bypass', 'cache', 'gpgpu', 'miss rate', 'performance'] 

TOP-K 2092: [['vm placement'], 'problem solving.', 'different approaches', 'open issues'] 

Reference 2092: ['cloud computing', 'resource allocation', 'server consolidation', 'service level agreement (sla)', 'vm migration', 'vm placement'] 

TOP-K 2093: [['consensus problem'], 'multi-agent systems.', 'degroot model', 'consensus', 'fractional degroot', 'fractional qso', 'fractional degree 1n', 'n', '∞', 'efficient approach', 'results', 'agents number'] 

Reference 2093: ['consensus problem', 'fractional consensus', 'multi-agent systems', 'nonlinear stochastic operators'] 

TOP-K 2094: [['pahon'], 'power-aware hybrid optical network', 'ocs packets.', 'ops packets', 'energy consumption', 'network resource utilization.', 'packet loss rate', 'connection blocking rate', 'additional hardware.'] 

Reference 2094: ['green optical networks', 'hybrid optical networks', 'obs', 'ocs', 'ops', 'pahon'] 

TOP-K 2095: ['heterogeneous processors', 'systemlevel synthesis methodology', 'heterogeneous multiprocessor', 'final multiobjective optimization', 'timing constraints', 'new compact asp', 'optimal computing infrastructure', 'constraint programming', 'similar synthesis methodologies', 'size explosion', 'integer linear programming', 'target device', 'communication components', 'overall synthesis runtime', 'available resources'] 

Reference 2095: ['answer set programming', 'architecture synthesis', 'multi-objective optimization', 'reconfigurable architecture', 'system design', 'technology mapping'] 

TOP-K 2096: ['oppnet systems', 'lepton', 'lightweight opportunistic networking emulator', 'different lepton', 'field experiments', 'equivalent simulation', 'operational implementation.'] 

Reference 2096: ['distributed systems', 'emulation systems', 'opportunistic networking', 'software development process', 'software evaluation'] 

TOP-K 2097: ['dynamical system modelling', 'human action recognition problem', ['dynamic bayesian network'], 'model', 'data fusion', 'parameter learning algorithms', 'unsynchronised data.', 'key feature', 'fuse dynamic data sources.'] 

Reference 2097: ['classification', 'dynamic bayesian network', 'missing data', 'regime model', 'time series'] 

TOP-K 2098: ['theta-join computing', 'filter strategy', 'network overheads', 'effective max', 'real world', 'extensive experiments', 'synthetic data sets', 'min values'] 

Reference 2098: ['large scale data processing', 'parallel distributed framework', 'query optimization', 'theta-join algorithm'] 

TOP-K 2099: ['dynamic selection techniques', 'state-of-the-art dynamic selection techniques', 'open research question', 'recent findings', 'empirical comparison'] 

Reference 2099: ['classifier competence', 'dynamic classifier selection', 'dynamic ensemble selection', 'ensemble of classifiers', 'multiple classifier systems', 'survey'] 

TOP-K 2100: ['deep learning algorithms', 'deep neural networks', 'deep learning applications.', 'web-based interface', 'model parallelism.', 'deep learning data', 'supervised learning routines.', 'external systems.', 'custom definition'] 

Reference 2100: ['artificial neural networks', 'distributed applications', 'internet of things', 'machine learning'] 

TOP-K 2101: ['cmsmd', 'dynamic circular mesh-based shape', 'concavity identification', 'contour convexity', 'global contour-based descriptors.', 'margin descriptor', 'medical imaging fields', 'many engineering'] 

Reference 2101: ['circular mesh-based shape and margin descriptor', 'convex and concave regions', 'dynamic contrast enhanced magnetic resonance imaging', 'lesion detection', 'shape descriptor', 'structural and global descriptor'] 

TOP-K 2102: ['pythagorean fuzzy sets.', 'pf distances', 'remoteness-based group utility indices', 'displaced/fixed remoteness indices.', 'comparative analyses', 'practical applications', 'individual regret indices.', 'displaced/fixed remoteness-based compromise indices.', 'uncertain information'] 

Reference 2102: ['comparative analysis', 'generalized distance measure', 'multiple criteria decision analysis', 'pythagorean fuzzy set', 'remoteness index', 'vikor'] 

TOP-K 2103: ['kcdvd', ['virtual dictionary'], 'many state-of-the-art classification methods', 'undersampling problem', 'face recognition.', 'coordinate descent scheme', 'representation models.', 'similar methods.'] 

Reference 2103: ['coordinate descend', 'face recognition', 'kernel sparse representation for classification (ksrc)', 'virtual dictionary'] 

TOP-K 2104: ['psp education', 'psp education.', 'pair-programming practice', 'pairing approach', 'large-sized class', 'replication study'] 

Reference 2104: ['personal software process', 'replication', 'software engineering education'] 

TOP-K 2105: ['asymmetric lvq scheme', 'lvq methods', 'time series.', 'prototype generation methods', 'nn classification.', 'arbitrary distance spaces.', 'piecewise quadratic.', 'decision boundary', 'margin growth principle', 'empirical comparison', 'trades speed'] 

Reference 2105: ['dynamic time warping', 'learning vector quantization', 'time series'] 

TOP-K 2106: ['weighted aggregation models', 'sentiment classification', 'aggregation models', 'weighted aggregation models.', 'sentiment classification.', 'classification results', 'neutral polarities.', 'single models', 'low consensus'] 

Reference 2106: ['aggregation', 'consensus', 'filtering', 'neutrality', 'sentiment analysis'] 

TOP-K 2107: ['api deprecation replacement messages', 'deprecation messages', 'apis', 'replacement messages', 'large-scale level.'] 

Reference 2107: ['api deprecation', 'empirical software engineering', 'mining software repositories', 'software evolution'] 

TOP-K 2108: ['dst-ii', 'new discrete shapelet transform', 'discrete wavelet transform', ['information fusion'], ['signal processing'], 'shape-related information efficiently.', 'pattern recognition communities.'] 

Reference 2108: ['discrete shapelet transform (dst)', 'discrete wavelet transform (dwt)', 'information fusion', 'pattern analysis', 'signal processing', 'time-frequency-shape (tfs) joint analysis'] 

TOP-K 2109: ['bag-level classifiers', 'negative bag-representative selector method', 'bag-level information', 'dual l1-svm formulations', 'optimal hyperplane', 'kkt conditions'] 

Reference 2109: ['bag-level multi-instance classification', 'bag-representative selection', 'machine learning', 'multiple-instance learning', 'support vector machines'] 

TOP-K 2110: ['graph construction', 'yao', ['theta graphs'], 'cone numbers', ['theta graph'], 'cone number', 'network topologies.', ['greedy forwarding'], 'odd cone numbers.', 'certain node sets', 'suitable cone number', 'plane.'] 

Reference 2110: ['geometric routing', 'greedy forwarding', 'theta graph', 'voids', 'wireless networks', 'yao graph'] 

TOP-K 2111: ['independent component analysis', 'super-gaussian sources', 'gaussian function', 'lp-norm optimization.'] 

Reference 2111: ['ica', 'l<sub>p</sub>-norm', 'maximum likelihood estimation', 'pca', 'sub-gaussian', 'super-gaussian'] 

TOP-K 2112: ['automata language equivalence tool', 'simulation algorithms', ['random simulations'], 'experimental setup', 'simulation algorithms.', 'baseline algorithms', 'equivalent mutants', 'configurable implementation'] 

Reference 2112: ['automata language equivalence', 'model-based mutation analysis', 'random simulations'] 

TOP-K 2113: ['breadth-first graph search', 'breadth-first graph search.', 'disk i/os', 'web graphs', 'new approach', 'social graphs', 'follow-up improvement', 'graph diameters', 'memory consumption', 'dynamic edge', 'computing tasks', 'single server.'] 

Reference 2113: ['bfs', 'graph computing', 'i/o optimization', 'in-memory computing'] 

TOP-K 2114: ['co-evolution rules', 'inter-model transformation rules', 'model co-evolution.', 'evolution scenarios', 'available metamodels', 'tool environment', 'mining analysis.', 'industrial plant', 'quantitative analysis'] 

Reference 2114: ['fault trees', 'model co-evolution', 'model transformation', 'safety', 'system architecture'] 

TOP-K 2115: ['memory efficiency', 'mapreduce framework flame-mr.', 'i/o-bound workloads.', 'iterative applications', 'off-heap buffers', 'memory allocations', 'large memory spaces', 'garbage collection overheads', 'intermediate results.', 'average improvement'] 

Reference 2115: ['big data', 'garbage collector (gc)', 'in-memory computing', 'mapreduce', 'performance evaluation'] 

TOP-K 2116: ['microscopic markov chain approach', 'epidemic dynamics.', 'extensive simulation experiments', ['multiplex network'], 'state transition process.', 'probability tree', 'epidemic threshold.'] 

Reference 2116: ['epidemic spreading', 'information diffusion', 'multiplex network', 'transmission dynamics'] 

TOP-K 2117: ['robust clustering results', 'individual diffusion scales.', 'cluster sizes', 'density properties', 'group dependence level.'] 

Reference 2117: ['clustering', 'community structure', 'diffusion', 'markov chain', 'social network'] 

TOP-K 2118: [['anomaly detection system'], 'heterogeneous detectors', 'ads', 'evasion attacks', 'detection accuracy', 'false alarm rate', 'system operation.', 'accurate system call', 'modern datasets.', 'considerable overhead'] 

Reference 2118: ['anomaly detection systems', 'decision-level combination', 'heterogeneous and reliable systems', 'intrusion detection systems'] 

TOP-K 2119: ['scalable pseudo-spectral code tarang.', 'bénard convection', 'deduce kolmogorov-like spectrum', 'cray xc40.', 'blue gene/p', 'fast fourier', 'comparative performance study'] 

Reference 2119: ['extreme-resolution turbulence simulation', 'fast fourier transform', 'pseudospectral method', 'turbulence simulation'] 

TOP-K 2120: ['multi-task low rank tracker', 'multi-task trackers', 'weighted nuclear norm', 'global multi-task tracking modals', 'multiple tasks', 'discriminative subspace', 'novel task definition.', 'different rank components', 'different tracking importance', 'structure information.', 'general model'] 

Reference 2120: ['group-sparsity regularization', 'normalized collaboration metric', 'robust multi-subtask learning', 'structured and weighted low rank'] 

TOP-K 2121: ['state-of-the-art techniques', 'novel heuristic', 'method refactoring opportunities', 'open-source systems', 'industrial-strength systems.', 'static dependencies.', 'large methods', 'comparative study'] 

Reference 2121: ['dependency sets', 'jdeodorant', 'jmove', 'methodbook', 'move method refactorings', 'recommendation systems'] 

TOP-K 2122: ['cp-hopcm algorithm', ['canonical polyadic decomposition'], 'tt-hopcm algorithm', 'tensor-network', 'high accuracy drop', 'attributes.'] 

Reference 2122: ['big data', 'canonical polyadic decomposition', 'iot', 'possibilistic c-means clustering', 'tensor-train network'] 

TOP-K 2123: ['domain-independent likely metamorphic relations', 'specific metamorphic relations', 'likely metamorphic relations', 'model transformations.', 'domain-independent patterns', 'case studies', 'mutation score'] 

Reference 2123: ['automatic inference', 'generic approach', 'metamorphic relations', 'metamorphic testing', 'model transformations', 'model-driven engineering'] 

TOP-K 2124: ['hybrid memory', ['file system'], 'stratified file system tree', ['file systems'], 'snapshot efficiency'] 

Reference 2124: ['checkpoint', 'file system', 'memory', 'snapshot', 'versioning'] 

TOP-K 2125: ['network cyber threats analysis', 'iago attacks.', 'context-switch secure interface', 'brief secure partition mechanism', 'execution framework', 'value encryption operations', 'normal spaces.', 'replay attacks'] 

Reference 2125: ['data security', 'distributed shielded execution', 'secure enclaves'] 

TOP-K 2126: ['efficient arf framework', 'arf algorithm', 'efficient arf algorithm', 'defocus blurriness.', 'absolute blurriness measure.', 'detailed analysis', 'accurate estimation', 'recognition scores'] 

Reference 2126: ['auto-refocusing', 'blurriness measure', 'detection-based focusing', 'light-field photography'] 

TOP-K 2127: ['docker daemon', ['energy consumption'], 'bare-metal linux.', 'docker containers.', 'energy trade-off', 'inherent power cost.'] 

Reference 2127: ['cloud computing', 'containerization', 'docker', 'energy consumption', 'microservice', 'virtualization'] 

TOP-K 2128: ['multimodal biometrics', 'mcs methods', 'multiple classifier systems', 'person recognition.'] 

Reference 2128: ['adaptive', 'biometrics', 'classifier', 'context', 'fusion', 'multimodal'] 

TOP-K 2129: ['efficient view-matching methods', 'efficient view-selection methods', 'breadth-first hierarchical views', 'graph mappings.', 'novel approach', 'current methods', 'approaches efficiency'] 

Reference 2129: ['graph edit distance', 'graph similarity', 'upper bound'] 

TOP-K 2130: ['multi-tenant service-based systems.', 'multi-agent coalition formation technique.', ['service adaptation'], 'hybrid approach', 'decentralised approaches', 'approach'] 

Reference 2130: ['multi-agent coalition formation', 'multi-tenant service-based systems', 'service adaptation'] 

TOP-K 2131: ['hybrid kh algorithm', 're-optimization problem', 'vm allocation', 'cloud network', 'cloud physical node.', 'optimal vm allocation', ['load balancing'], 'load prediction', 'novel protocols'] 

Reference 2131: ['cloud computing', 'load balancing', 'optimization', 'quality of experience', 'virtual machine allocation policy'] 

TOP-K 2132: ['multi-energy complementarity', 'energy clusters', 'energy cluster development', 'energy-based industry clusters.', 'hardware investment', 'coastal energy.', 'economic growth', 'sustainable development', 'natural advantages', 'new path', 'incorrect development strategies.'] 

Reference 2132: ['clustering combining', 'collaborative clustering', 'cooperative clustering'] 

TOP-K 2133: ['trivial aggregation rules', 'case study', ['ensembles'], 'binary quantification algorithms.', 'different samples', 'distribution changes.', 'ensembles versions', 'expected distribution changes.', 'original counterpart algorithms'] 

Reference 2133: ['distribution changes', 'ensembles', 'quantification'] 

TOP-K 2134: ['alzheimer disease.', 'gene expression patterns', 'decision tree', 'relevant biological functions', 'machine learning methods', 'ppi network.', 'external information sources', 'deep knowledge', 'expression levels.', 'significant set'] 

Reference 2134: ["alzheimer's disease", 'association rules', 'biological knowledge integration', 'ensemble learning', 'gene expression profiles', 'statistical significant genes'] 

TOP-K 2135: ['feature-based mobile application variants.', 'industrial case studies', 'real problem.', 'support variability', 'maintenance effort', 'functional requirements.'] 

Reference 2135: ['feature model', 'mobile applications', 'software product-line engineering'] 

TOP-K 2136: ['gameplay requirements engineering', 'exploratory interview-based study', 'multiplayer online role-playing games.', 'rich analysis'] 

Reference 2136: ['empirical research method', 'gameplay requirements', 'qualitative interview-based study', 'requirements elicitation', 'requirements engineering'] 

TOP-K 2137: ['environment', 'evaluation method.', 'evaluation convenience'] 

Reference 2137: ['access control', 'distributed logic', 'ud-datalog', 'updatable distributed datalog'] 

TOP-K 2138: ['google cloud trace logs', 'low-priority tasks', 'new scheduling architecture', 'novel checkpoint-based scheduling approach', 'chord', 'tasks', 'extensive experiments', 'hybrid', 'whole cluster.', 'list'] 

Reference 2138: ['checkpoint', 'occupancy of resources', 'priority', 'response time', 'shared cluster', 'utility'] 

TOP-K 2139: ['weak learners', 'state-of-the-art algorithm', 'label ranking problem.', 'incomplete rankings', 'results', 'complete case.', 'accurate ensembles.'] 

Reference 2139: ['bagging', 'decision tree', 'ensemble', 'label ranking problem', 'mallows model', 'supervised classification'] 

TOP-K 2140: ['relevance gain framework', 'unlabeled data.', 'unlabeled data', 'markov blanket algorithms', 'acyclic graph', 'redundant features.'] 

Reference 2140: ['feature selection', 'information theory', 'markov blanket', 'representative features', 'semi-supervised learning'] 

TOP-K 2141: ['feature extraction', 'novel appearance', 'face recognition technique', 'fourier analysis', 'work', 'face recognition.', 'face image', 'lfw databases', 'symbolic modeling approach', 'local spatial variations', 'methodology', 'polar coordinates.', 'various experiments'] 

Reference 2141: ['face recognition', 'polar-fft', 'symbolic data modeling and analysis', 'viola–jones'] 

TOP-K 2142: ['linguistic consensus', 'personalized individual semantics model', 'personalized 2-tuple linguistic comparison', 'pis'] 

Reference 2142: ['2-tuple linguistic model', 'computing with words', 'group decision making', 'preference relations', 'semantics'] 

TOP-K 2143: ['spmv', 'cpu', 'sparse matrix partitioning algorithm', 'spmv performance enhancement.', 'gpu heterogeneous computing system', 'overall parallel computing time', 'distribution function'] 

Reference 2143: ['heterogeneous computing', 'hybrid storage format', 'partition', 'sparse matrix–vector multiplication'] 

TOP-K 2144: ['structured sparsity learning', 'proximal gradient algorithm', 'structured sparsity.', 'representative selection.', 'data samples', 'novel formulation'] 

Reference 2144: ['diversity', 'representative selection', 'structured sparsity'] 

TOP-K 2145: ['et-box-phd filter', ['box-particle implementation'], 'standard phd filter.', 'cell likelihood function', 'strong clutter surveillance areas'] 

Reference 2145: ['bayesian partition', 'box-particle implementation', 'cell likelihood', 'extended target', 'standard phd filter'] 

TOP-K 2146: ['clustering ensemble selection algorithm', 'experimental results', ['categorical data'], 'internal validity indices.', 'sivid', 'base clusterings'] 

Reference 2146: ['categorical data', 'clustering ensemble selection', 'clustering validity indices', 'diversity', 'quality'] 

TOP-K 2147: ['xtraitj', 'trait-based programming language', 'xtraitj ide', 'java projects.', 'open source available implementation', 'present performance tests', 'incremental adoption'] 

Reference 2147: ['eclipse', 'ide', 'implementation', 'java', 'trait'] 

TOP-K 2148: ['parallel geometric multigrid solver', 'gpus', 'host-only hybrid mpi-openmp setup', 'energy', 'multi-core host systems', 'time', ['heterogeneous platforms'], 'small host systems.', 'parallel configurations', 'accurate measurements.', 'large host systems.', 'hybrid implementation', 'considerable savings', 'substantial savings'] 

Reference 2148: ['energy-aware numerics', 'geometric multigrid', 'heterogeneous platforms', 'hybrid parallelization', 'performance and energy assessment'] 

TOP-K 2149: ['i/o cross-control switches.', 'new atape', 'd-nary mins', 'dynamic embedding', 'partitionable mins', 'multiple tasks.', 'new atape =o', 'valuable atape', 'triple-right scheduling.', 'optimal va-de', 'remarkable speedup', 'prove correctness'] 

Reference 2149: ['double jumping of controls and super-pipelining for the triple-right scheduling (right task, right section, right time)', 'embedding partitionable atape (all-to-all personalized exchange) and automatic mapping on pmins<sup>+</sup>', 'optimal va-de (valuable atape with dynamic embedding)', 'partitionable mins<sup>+</sup> (multistage interconnection networks<sup>+</sup>) using i/o cross-control switches'] 

TOP-K 2150: ['fisher vector', 'fv', 'character recognition.', 'experimental results', 'unseen categories', 'linear classifier', 'character representation.', 'spatial information', 'methods', 'training samples.', 'limited amount'] 

Reference 2150: ['bag of visual words (bow)', 'character recognition', 'character representation', 'fisher vector (fv)', 'gaussian mixture models (gmm)'] 

TOP-K 2151: ['adaboost algorithm', 'divide-and-conquer architecture', 'sensor clusters.', 'method', 'simulation experiments', 'valid sensors.', 'conduct trace data'] 

Reference 2151: ['adaboost', 'divide-and-conquer', 'sensing diversity', 'sensor selection', 'targets surveillance', 'wireless sensor network'] 

TOP-K 2152: ['e.g', 'different agile domains', 'new constructs', 'systems development methodologies.', 'sustained agile usage.', 'future studies', 'effective use', 'reference model', 'refined model'] 

Reference 2152: ['agile assimilation', 'agile effectiveness', 'multi-method research', 'post-adoptive agile method use', 'sustained agile usage'] 

TOP-K 2153: ['emergent software ecosystems', ['small-to-medium enterprises'], ['power'], 'power literature.', 'smes', 'well-established conceptual works', 'software ecosystem.', 'theory building process', ['multiple case study'], 'different forms', 'substantive theory', 'corresponding sources'] 

Reference 2153: ['dependence', 'multiple case studies', 'power', 'small-to-medium enterprises', 'software ecosystem'] 

TOP-K 2154: ['rootsift descriptors', 'gmm supervectors.', 'offline writer identification.', 'available datasets', 'robust method', 'strong features.', 'recognition rate.'] 

Reference 2154: ['exemplar-svm', 'gmm supervectors', 'writer identification'] 

TOP-K 2155: ['manual refactoring', 'large-scale industrial systems.', 'code smells.', 'source code', 'whole refactoring process', 'single refactoring', 'significant beneficial effect', 'small impact', 'maintainability model.', 'negative effect'] 

Reference 2155: ['antipatterns', 'coding issues', 'iso/iec 25010', 'maintainability', 'refactoring', 'software quality'] 

TOP-K 2156: ['hand action detection', 'mobile egocentric depth sequences.', 'hough transform.', 'deep learning baseline', 'efficient solution', 'bottleneck issue', 'novel error', 'incorrect votes'] 

Reference 2156: ['action detection', 'action recognition', 'depth camera', 'error-correcting hough transform', 'hand gesture'] 

TOP-K 2157: ['open-source software dune-alugrid', 'newest vertex bisection', 'parallel-adaptive algorithm', 'open-source software framework dune', 'refinement algorithm', 'global communication', 'global communications', 'peta scale supercomputer', 'compatibility condition', 'proven bounds', 'mesh adaptation.', 'public download', 'refinement flags', 'numerical examples', 'number'] 

Reference 2157: ['adaptive method', 'dune', 'mesh refinement', 'parallel'] 

TOP-K 2158: ['algorithm', 'approximate ss-elm', 'extensive experiments', 'several optimizations'] 

Reference 2158: ['approximate algorithm', 'big data', 'lsh', 'mapreduce', 'parallel', 'pass-elm'] 

TOP-K 2159: [['workflow partitioning methods'], 'workflow partitioning problems', 'workflow partitioning methods.', 'workflow lifecycle.', 'control path', 'tabular format', 'unified view', 'types'] 

Reference 2159: ['decentralised environments', 'workflow models', 'workflow partitioning method', 'workflow taxonomy'] 

TOP-K 2160: ['dissemination protocols', 'complex networks.', 'simulation-based analysis.', 'dissemination environments', 'scalable parallel', 'simulation approach'] 

Reference 2160: ['complex networks', 'data dissemination', 'performance evaluation', 'simulation'] 

TOP-K 2161: ['multi-layer multi-view lda framework.', 'multiple-view fusion', 'video advertising', 'advertisement video dataset', 'new video representation', 'video representation scheme', 'ads video classification effectively.'] 

Reference 2161: ['ad video classification', 'multi-layer', 'multi-view', 'topic model', 'video representation'] 

TOP-K 2162: ['security-related bugs', 'complex real-world applications', 'random test cases', 'open source tool', 'input generation', 'lightweight specifications.'] 

Reference 2162: ['fuzzing', 'haskell', 'quickcheck', 'testing'] 

TOP-K 2163: ['code completion proposals', ['code completion'], 'api discoverability.', 'ide plugin', 'novel technique', 'effective proposals', 'controlled experiment'] 

Reference 2163: ['annotations', 'api usability', 'code completion', 'eclipse', 'ide'] 

TOP-K 2164: ['experimentation-driven development', 'small development teams', 'complex company stakeholder structures', 'development decisions.', 'introduction process'] 

Reference 2164: ['agile software development', 'continuous experimentation', 'experiment-driven software development', 'lean software development', 'lean startup', 'product management'] 

TOP-K 2165: ['encryption/decryption hardware', 'semiparametric svm scheme', 'svms performance', 'outsourced operations', 'standard authorization protocol', 'multiple-key encrypted machine', 'private instances', 'encrypted data.', 'thenite-precission conditions', 'minimal set'] 

Reference 2165: ['homomorphic encryption', 'machine learning', 'privacy protection', 'support vector machines'] 

TOP-K 2166: ['real hpc applications', 'quantitative cross-interference prediction model.', 'co-located applications', 'prediction model', 'experimental analysis'] 

Reference 2166: ['cloud computing', 'cross-application interference', 'high performance computing', 'virtual machine placement'] 

TOP-K 2167: ['hierarchical power manager', 'dctm', 'cache-aware thread migration', 'tiled many-core architecture', 'co-scheduled threads', 'shared llc', 'per-core vr', 'optimum per-tile co-scheduling', 'conventional centralized power manager', 'dvfs', 'performance', 'compatible threads', 'cache adaptation'] 

Reference 2167: ['adaptive microarchitecture', 'many-core tiled architecture', 'power budget', 'thread migration'] 

TOP-K 2168: ['open source software.', 'problem-solving knowledge.', 'problems', 'construct problem-solving knowledge', 'forum discussions.', 'cause recommendation'] 

Reference 2168: ['bayesian network', 'knowledge-based software reuse', 'open source software', 'software reuse'] 

TOP-K 2169: ['la-transformed images', 'nonlinear intensity deformation', 'local area', 'random intensity deformations', 'powerful image tranform', 'modality-robust correspondence estimation.', 'experimental results', 'local area domain', 'spectral deformations.', 'intensity domain', 'input images', 'lat'] 

Reference 2169: ['cross-modal correspondence matching', 'local area transform', 'modality invariant', 'stereo matching'] 

TOP-K 2170: ['time-series method', ['qos prediction'], 'ws research area', 'experimental results', 'dynamic variations', 'empirical study.', 'valuable reference'] 

Reference 2170: ['qos prediction', 'time-series forecasting', 'web service'] 

TOP-K 2171: [['data decomposition'], 'multi-core cpus.', 'multi-core programming', 'state-of-the-art tooling support', 'key requirements', 'multi-method study', 'key challenge'] 

Reference 2171: ['data decomposition', 'empirical studies', 'parallelization'] 

TOP-K 2172: ['novel convex formulation', 'robust semi-supervised learning', 'empirical evaluation', '1-dimensional case'] 

Reference 2172: ['least squares classification', 'robust', 'semi-supervised learning'] 

TOP-K 2173: ['kinetic parallel computer sculpture', 'parallel computation', 'kinetic visualization', 'visualization', 'software interfaces design', 'parallel algorithms', 'hardware implementation', 'broad audiences', 'basic understanding'] 

Reference 2173: ['computer science education', 'kinetic art', 'parallel and distributed computing'] 

TOP-K 2174: ['delivery process w.r.t', ['value'], 'agile practices', 'value aspects', 'agile software development organizations.', 'project managers', 'important value aspect', 'product owners.', 'used activity'] 

Reference 2174: ['agile software development', 'empirical', 'value'] 

TOP-K 2175: ['high-dimensional genomic datasets', 'ensemble feature selection.', 'data perturbation ensemble approach.', 'multivariate selection algorithms.', 'useful insight', 'stability level', 'special emphasis'] 

Reference 2175: ['data perturbation', 'ensemble paradigm', 'feature selection', 'high-dimensional genomic data', 'selection stability'] 

TOP-K 2176: [['business processes'], 'process specialization', 'rea business pattern.', 'question-based method', 'empirical studies', 'model transformations.', 'business point'] 

Reference 2176: ['business ontology', 'business pattern', 'business process', 'model transformation', 'reuse', 'specialization'] 

TOP-K 2177: ['real reprogramming cases', 'wsn platform.', 'programming language', 'systematic approach', 'additional energy consumption', 'support efficient reprogramming', 'interpretive execution.'] 

Reference 2177: ['compiler', 'logical programming language', 'reprogramming efficiency', 'virtual machine', 'wireless sensor network'] 

TOP-K 2178: ['behavior mining', 'high-bandwidth networks.', 'clustering system', 'theoretical foundation'] 

Reference 2178: ['behavior detection', 'big data stream', 'data stream clustering', 'network analysis'] 

TOP-K 2179: ['novel event-triggered strategy', 'diffusion kalman filter', 'optic-electric sensor network', 'steady-state msd', 'communication resources.', 'communication load.'] 

Reference 2179: ['communication constraints', 'diffusion kalman filter algorithm', 'multi-channel decoupled event-triggered strategy', 'performance analysis'] 

TOP-K 2180: ['localized algorithm', ['coverage'], 'spread process', 'grid coverage pattern'] 

Reference 2180: ['connectivity', 'coverage', 'deployment', 'discovery', 'mobile wireless sensor networks'] 

TOP-K 2181: [['multi-view object detection'], 'object detection', 'cross-view discriminative patches', ['hough decision tree'], 'novel method'] 

Reference 2181: ['hough decision tree', 'multi-view object detection', 'sparse coding', 'transfer vote'] 

TOP-K 2182: [['convolutional neural networks'], 'cnn-based image fusion', 'cnns', 'image fusion.', 'other-type image fusion issues.', 'future study'] 

Reference 2182: ['activity level measurement', 'convolutional neural networks', 'deep learning', 'fusion rule', 'image fusion', 'multi-focus image fusion'] 

TOP-K 2183: ['human motion', 'dynamic naive bayesian classifier.', 'human behavior sequence', 'motion segment', 'sequence dynamics', 'relevant motion segments.', 'online detection', 'depth appearance', 'various types', 'successive behaviors'] 

Reference 2183: ['3d human behavior understanding', 'online activity detection', 'shape space analysis', 'temporal modeling'] 

TOP-K 2184: ['curvature-less cerug data set', 'curvature-free features', 'lbpruns', 'writer identification.', 'local binary pattern.', 'cold features', 'line segments.', 'joint distribution', 'significant improvement'] 

Reference 2184: ['cloud of line distribution', 'curvature-free', 'run-lengths of local binary pattern', 'writer identification'] 

TOP-K 2185: ['cloud outages.', 'model', 'outage events', 'devops busy times.', 'novel queue model approach', 'service time correlation.', 'service times', 'thorough approach'] 

Reference 2185: ['cloud computing', 'outage simulation', 'queuing theory', 'resource allocation model'] 

TOP-K 2186: [['continuous software engineering'], 'software development', 'related continuous activities', 'research agenda'] 

Reference 2186: ['continuous software engineering', 'devops', 'lean software development'] 

TOP-K 2187: [['svm classifiers'], 'mr brain images', 'longitudinal neuroimaging features', 'patient classifications', 'thin-plate splines', 'fusion strategies', 'sparse auto-encoder.', 'adni dataset', 'feature transformation', 'data points', 'normal controls.'] 

Reference 2187: ["alzheimer's disease (ad)", 'deep neural networks', 'feature fusion', 'metric learning', 'mild cognitive impairment (mci)', 'svm classifier'] 

TOP-K 2188: [['co-evolution'], 'non-impacted constraints', 'ocl constraints.', 'co-evolution andor refactoring', 'alternative resolutions', 'ocl constraint.', 'appropriate resolutions'] 

Reference 2188: ['co-evolution', 'constraints', 'evolution', 'metamodel', 'ocl'] 

TOP-K 2189: [['parametric methods'], 'classification algorithms', 'data sets', 'performance comparison', 'experimental results'] 

Reference 2189: ['classification', 'k-fold cross validation', 'parametric method', 'sampling distribution'] 

TOP-K 2190: ['classifier ensemble construction.', 'novel randomization-based approach', 'linear bagged classifiers.', 'base classifiers', 'pre-defined distribution.', 'parameter distribution'] 

Reference 2190: ['bagging', 'ensemble construction techniques', 'multiple classifier systems', 'randomization'] 

TOP-K 2191: ['prolog systems', 'new design', 'well-known dynamic programming problems.', 'prolog system', 'dynamic programming problems.', 'experimental results', 'promising speedup'] 

Reference 2191: ['dynamic programming', 'multithreading', 'prolog', 'scalability', 'tabling'] 

TOP-K 2192: ['owa operator', 'forensic crime investigations.', ['likelihood functions'], 'soft flexible likelihood function.', 'evidence', 'approach'] 

Reference 2192: ['attitudinal character', 'evidence aggregation', 'likelihood function', 'ordered weighted average', 'reliability'] 

TOP-K 2193: ['router-to-router communication', 'state-of-the-art power-gating solutions.', 'region-based/global networks.', 'noc router architecture.', 'high traffic', 'negligible performance overhead', 'baseline architecture'] 

Reference 2193: ['low power', 'multi-cores', 'networks-on-chip', 'power gating', 'static power'] 

TOP-K 2194: ['ovo', 'ovo ensembles', 'aggregation problem.', 'training instances.', 'new combination strategy', 'exhaustive experimental study', 'new instances', 'first time.'] 

Reference 2194: ['classifier selection', 'decomposition strategies', 'ensemble pruning', 'multi-class classification', 'one-vs-one'] 

TOP-K 2195: ['multi-core systems', 'energy domain', 'dds configurations', 'hypervisor technologies', 'communication challenges', 'available architectural configurations', 'approach', 'comprehensive analysis'] 

Reference 2195: ['application virtualization', 'middleware', 'multi-core', 'real-time systems and embedded systems'] 

TOP-K 2196: ['incomplete multi-view clustering', 'class indicator matrix', ['cross-modal retrieval'], 'unlabeled multi-view data.', 'intra-view data similarity', 'mainstream methods.'] 

Reference 2196: ['cross-modal retrieval', 'incomplete and unlabeled data', 'multi-view clustering', 'multi-view learning', 'subspace learning'] 

TOP-K 2197: [['energy-saving design'], 'energy saving.', 'wireless network', 'real network traces', 'total energy consumption.', 'hardware models', 'schedules tasks'] 

Reference 2197: ['dynamic power management', 'dynamic voltage and frequency scaling', 'energy-saving designs', 'heterogeneous resource management', 'resource scheduling', 'wireless monitoring systems'] 

TOP-K 2198: ['struck-out text detection', 'struck-out texts', 'strike-outs', ['strike-out strokes'], 'offline handwritten pages', 'strike-out stroke identification', 'wavy strokes.', 'manuscript cleaning.', 'database generation', 'single word level.'] 

Reference 2198: ['crossed-out text', 'document cleaning', 'handwritten ocr', 'inpainting', 'strike-out stroke', 'struck-out text processing'] 

TOP-K 2199: ['rcda', 'linear representation coefficients', 'linear representation coefficients.', 'optimization algorithm', 'mean l2 norm.', 'class coplanar.', 'projection matrix'] 

Reference 2199: ['coplanar discriminant analysis', 'dimensionality reduction', 'face recognition', 'hyperspectral image classification', 'sparse representation classifier'] 

TOP-K 2200: ['remote gpu acceleration', 'virtual gpus', 'physical gpus', 'financial risk application.', 'application performance.', 'sequential data transfers', 'small number'] 

Reference 2200: ['acceleration-as-a-service', 'energy efficiency', 'gpu virtualisation', 'multi-tenancy', 'rcuda'] 

TOP-K 2201: ['hierarchical framework', 'graph', 'computational complexity', 'global features', 'elementary features', 'different scales', 'descriptive ones', 'independent processing', 'different resolutions'] 

Reference 2201: ['graph classification', 'graph embedding', 'graph pyramid', 'graph summarization', 'multi-resolution theory'] 

TOP-K 2202: ['micro-optimizations', 'micro-optimization opportunities.', 'unused resources', 'source apps', 'certain load conditions.', 'significant number'] 

Reference 2202: ['android', 'empirical studies', 'measurement', 'mining software repositories', 'optimizations'] 

TOP-K 2203: ['linear svm.', 'multiclass linear svm', 'line search', 'algorithm', 'total svm training time.', 'explicit piecewise linear function', 'plane algorithms'] 

Reference 2203: ['binary classification', 'cutting plane algorithm', 'linear support vector machine', 'root finding'] 

TOP-K 2204: ['data consumers', 'data', ['role-based access'], 'intermediate nodes.', 'network utilization.'] 

Reference 2204: ['content centric networks', 'network utilization', 'nosql', 'role-based access', 'security'] 

TOP-K 2205: ['energy efficient on-line algorithm', 'closed form formulas', 'related work', 'dynamic system reliability.', 'reliability constraint.'] 

Reference 2205: ['energy minimization', 'multi-core systems', 'real-time scheduling', 'reliability'] 

TOP-K 2206: ['euclidean stretch', 'early route packets', 'escape routes.', 'novel approach', 'escape route', 'efficient operation', ['holes']] 

Reference 2206: ['angle of view', 'hole', 'routing', 'wireless sensor'] 

TOP-K 2207: ['generalized orthopair fuzzy sets.', 'orthopair fuzzy sets', 'orthopair approximate reasoning system.', 'inference mechanism', 'discussion knowledge representation'] 

Reference 2207: ['approximate reasoning', 'computing with words', 'fuzzy logic', 'generalized intuitionistic fuzzy sets'] 

TOP-K 2208: [['energy efficiency'], 'vm consolidation', 'cloud computing.', 'turn-off idle physical machines', 'cloud system.', 'apply prediction technique'] 

Reference 2208: ['convex optimization', 'energy efficiency', 'gaussian process', 'iaas cloud computing', 'predictive analysis'] 

TOP-K 2209: ['end-user programming tools.', 'programming-illiterate users', 'user-centric approach', 'end-user software engineering cycle.', 'end users', 'error-free soa-based software.', 'current sota', 'approach', 'routine work'] 

Reference 2209: ['end-user programming', 'end-user software engineering', 'human-computer interaction', 'reliability', 'visual programming', 'web engineering'] 

TOP-K 2210: [['user-centered systems design'], 'agile projects', 'ux professionals', 'agile projects.', 'design solutions', 'explicit ux professional role', 'guerilla techniques', 'general guidelines'] 

Reference 2210: ['agile development', 'scrum', 'user-centered system design'] 

TOP-K 2211: ['hypercube algorithms', ['p2p network'], 'virtual hypercube overlay.', 'experimental findings'] 

Reference 2211: ['distributed algorithms', 'hypercube networks', 'p2p networks', 'structured overlays'] 

TOP-K 2212: ['mini-batch bagging', 'attribute-by-attribute data fragmentation technique', ['one-class naïve bayes'], 'machine learning algorithms', 'keystroke index order', ['attribute ranking'], 'minibag', 'minibag method.', 'ar-onenb algorithm.', 'new feature', 'typing speed', 'multiple models', 'reliable prediction'] 

Reference 2212: ['attribute ranking', 'bagging', 'keystroke dynamics', 'mini-batch', 'one-class naïve bayes', 'user authentication'] 

TOP-K 2213: ['3d-tesh', '3d-torus', 'router power usage', 'static performance', 'on-chip level', 'power usage', 'on-chip level.', 'similar dynamic performance'] 

Reference 2213: ['3d-tesh network', 'interconnection network', 'power estimation', 'routing algorithm', 'static network performance'] 

TOP-K 2214: ['performance indicators', 'execution time', 'power consumption model', 'resource utilization', 'utilization-based cost estimation.'] 

Reference 2214: ['apache hadoop', 'apache spark', 'cloud', 'log analysis', 'performance evaluation'] 

TOP-K 2215: ['human body', 'human body detection.', 'in-depth empirical study', 'previous state-of-the-art methods.', 'mil method', 'noisy-or model', 'new large-scale data', 'detection method', 'mil algorithm.', 'training efficiency'] 

Reference 2215: ['human detection', 'multi-instance learning (mil)', 'selective weakly supervised detection (swsd)', 'weakly supervised learning'] 

TOP-K 2216: ['novel unsupervised discriminant shape', 'category-specific objects.', 'unsupervised discriminant clustering method', 'precise shape prior.', 'reliable segmentation'] 

Reference 2216: ['graph cut', 'object segmentation', 'unsupervised discriminant clustering'] 

TOP-K 2217: ['location classification problem', 'non-linear classification models', 'check-in behaviors', 'redundant features', 'side effects', 'partition locations.', 'concrete definition'] 

Reference 2217: ['classification', 'location-based social network', 'prediction'] 

TOP-K 2218: ['event-triggered transmission mechanism', 'online applications', 'variance-constrained filtering.', 'available probability information.', 'compensation scheme'] 

Reference 2218: ['event-triggered mechanism', 'multiple missing measurements', 'recursive filtering', 'time-varying nonlinear systems', 'uncertain missing probabilities'] 

TOP-K 2219: ['domain-agnostic approach', 'incoming events', 'benchmark cases', 'beacon events.', 'high recall', 'information content', 'infinite streams', 'event attribute values.', 'reduction scores'] 

Reference 2219: ['dynamic analysis', 'event stream filtering', 'information theory', 'software engineering', 'system understanding'] 

TOP-K 2220: ['local start search', ['point sets'], 'lss algorithm', 'exact hausdorff distance', 'lss', 'state-of-the-art algorithm', 'spatial locality feature', 'general point sets', 'non-overlap situations', 'regular point sets', ['point set'], 'distance continuity', 'high performance', 'large scale', 'different point sizes'] 

Reference 2220: ['hausdorff distance', 'pattern recognition', 'point sets', 'shape matching', 'similarity measurement'] 

TOP-K 2221: ['flow techniques', 'flow-tool mediated activity system.', 'activity theory analysis', 'flow tool-mediated activity.', 'emergent congruencies', 'activity theory model', 'early adoption', 'software development.', 'secondary contradictions', 'identification'] 

Reference 2221: ['activity theory', 'continuous software development', 'flow', 'kanban', 'lean'] 

TOP-K 2222: ['discriminative pose-free descriptors', ['object recognition'], 'unseen poses.', 'different probe viewpoints.', 'separate training'] 

Reference 2222: ['canonical correlation', 'face recognition', 'metric learning', 'object recognition', 'pose invariant matching', 'subspace to point representation.'] 

TOP-K 2223: ['sheaf cohomology', ['sheaf'], 'multi-type information fusion', 'novel mathematical concept', 'approximate section', 'realistic examples', 'finite spaces measures consistency', 'data sources.', 'information fusion lead'] 

Reference 2223: ['cohomology', 'heterogeneous data source', 'mosaic', 'semantic fusion', 'sensor integration', 'sheaf'] 

TOP-K 2224: ['dfe algorithms', 'random phenomena', ['networked systems'], 'multi-sensor systems', 'several general dfe algorithms', 'future topics'] 

Reference 2224: ['distributed fusion estimation', 'multisensor', 'network-induced phenomenon', 'networked system', 'random uncertainty'] 

TOP-K 2225: ['possible practical applications', 'length compression.'] 

Reference 2225: ['cuda', 'gpu', 'lightweight data compression', 'lossless data compression', 'multi-gpu', 'parallel processing'] 

TOP-K 2226: [['automatic anisotropic gaussian kernels'], ['canny detector'], 'noise robust edge detector', 'revised edge extraction', 'excellent performance', 'obvious edge'] 

Reference 2226: ['anisotropic directional derivatives (andds)', 'automatic anisotropic gaussian kernels', 'canny detector', 'edge detection'] 

TOP-K 2227: [['random forests'], 'novel algorithm', 'experimental results', 'classification problem', 'incomplete data', 'voting process'] 

Reference 2227: ['imputation approaches', 'missing values', 'random forests', 'surrogate decisions', 'weighted voting'] 

TOP-K 2228: ['mtaas', 'mobile infrastructure service system', 'cloud-based mobile taas.', 'paper', 'informative perspectives'] 

Reference 2228: ['cloud-based infrastructure -as-a-service', 'mobile application testing', 'mobile testing as a service'] 

TOP-K 2229: ['ide code completion mechanism', '10-top-most code completion proposals', 'stepwise api exploration.', 'language model', 'client code.', 'detailed evaluation'] 

Reference 2229: ['api', 'code completion', 'ide', 'n-grams', 'usability'] 

TOP-K 2230: [['sparse coding'], 'optic disc', 'phase-based edge stop function', 'state-of-the-art approaches', 'fundus image.', 'method', 'segment od boundary.', 'public databases', ['variational model'], 'energy terms', 'boundary energy.'] 

Reference 2230: ['optic disc localization', 'optic disc segmentation', 'retinal disease', 'sparse coding', 'variational model'] 

TOP-K 2231: ['new ensemble strategy', 'misclassification cost sensitivity analysis', 'acyclic graph.', 'different methods.', 'performance comparison', ['listing status']] 

Reference 2231: ['decision directed acyclic graph', 'listing status', 'multi-class classification', 'one versus one', 'optimizing', 'prediction'] 

TOP-K 2232: ['gpu implementation', 'low cost gpu devices.', 'slackmin algorithm.', 'low price-performance ratio', 'high scalability.', 'fast pattern classification'] 

Reference 2232: ['big data', 'gpu programming', 'machine learning', 'parallel algorithms', 'pattern classification'] 

TOP-K 2233: ['architectural assumption documentation framework', 'aadf', ['case study'], 'various factors', 'short time', 'day workshop'] 

Reference 2233: ['architectural assumption', 'case study', 'documentation framework', 'software architecture'] 

TOP-K 2234: ['network-level criterion', 'heat conduction', 'fault rate', 'electrical circuit', 'temperature fluctuation.', 'impact'] 

Reference 2234: ['heat conduction modeling', 'optical network-on-chip', 'power pattern of applications', 'thermal resilient topology', 'thermal-induced faults'] 

TOP-K 2235: ['ui element sets', ['user-perceived quality'], 'high user-perceived quality', 'good ui designs', 'cess', 'applications.'] 

Reference 2235: ['common ui elements', 'mobile applications', 'user-perceived quality'] 

TOP-K 2236: ['hrcnn model', 'hsi classification', 'small training set', 'feature enhancement step', 'spatial features', 'new band selection method', 'training model.', 'new exploration'] 

Reference 2236: ['band selection', 'deep convolutional neural network', 'extreme learning machine', 'hyperspectral imagery', 'pattern classification', 'reconstruction'] 

TOP-K 2237: ['natural language processing techniques', ['opinion mining'], 'traditional topics', 'open problems', 'available tools'] 

Reference 2237: ['deep learning', 'machine learning', 'natural\xa0language\xa0processing', 'opinion mining', 'sentiment analysis'] 

TOP-K 2238: ['network intrusion detection', 'hybrid learning software agent', 'case-based reasoning performance components.', 'reactive rules.', 'dynamic environments', 'agent', 'performance', 'evaluation results'] 

Reference 2238: ['case-based reasoning', 'hybrid agents', 'information security', 'intrusion detection systems', 'learning agents', 'ontologies'] 

TOP-K 2239: ['epls-based clustering algorithm', ['epls'], 'migration data clustering', 'different clustering approaches.', 'dimensionality reduction characteristic.', 'valuable features', 'different distance measures'] 

Reference 2239: ['clustering', 'distance measures', 'epls', 'feature extraction', 'migration data'] 

TOP-K 2240: ['multi-biometric template protection', 'biometric information protection.', 'homomorphic encryption.', 'new framework', 'detailed complexity overhead analysis', 'thorough eval'] 

Reference 2240: ['biometrics', 'homomorphic encryption', 'multi-biometrics', 'privacy', 'template protection', 'unlinkability'] 

TOP-K 2241: ['industrial parallel computing applications.', 'extensive fault injection campaigns', 'hardware faults.', 'widely-used technologies.'] 

Reference 2241: ['dependability', 'fault injection', 'machine check exception', 'multicore', 'virtualization'] 

TOP-K 2242: [['probabilistic contacts'], 'ses', 'probabilistic contacts.', 'intensive simulations', 'content transmissions', 'overlapped roads.'] 

Reference 2242: ['discretization', 'overlapped road', 'probabilistic contact', 'routing', 'vehicular ad-hoc networks'] 

TOP-K 2243: ['cloud', 'double auction mechanisms', ['double auction'], 'model tmda', 'future cloud market.', 'truthful double auction', 'future scope', 'various challenges', 'detailed study'] 

Reference 2243: ['cloud computing', 'double auction', 'mechanism design', 'quality of service (qos)', 'resource allocation'] 

TOP-K 2244: ['optimal decoding', 'experimental results', 'normalization procedure', 'computational time', 'regular languages.', 'optimal hypotheses', 'profitable case'] 

Reference 2244: ['efficient search', 'human-computer interaction', 'interactive pattern recognition', 'sequential pattern recognition', 'word graphs'] 

TOP-K 2245: ['backward-incompatible interface changes', 'software libraries.', 'software developers', 'client systems'] 

Reference 2245: ['breaking changes', 'semantic versioning', 'software libraries'] 

TOP-K 2246: ['intel xeon phi.', 'synchronous executions models', 'synchronous model', 'multi-century climate simulations.', 'asynchronous model.', 'performance improvement', 'wall-clock time savings', 'early placement', 'loop rearrangement'] 

Reference 2246: ['cam', 'intel xeon phi co-processors', 'long-wave radiations', 'offloading'] 

TOP-K 2247: ['hazard perception', ['chaos prediction'], 'sinusoidal wave frequency modulation', 'chaos.', 'maximum velocity criterion', 'suppression theories', 'security coefficient'] 

Reference 2247: ['chaos prediction', 'chaos suppression', 'cyber-physical power system', 'pulse width modulation', 'voltage source inverters'] 

TOP-K 2248: [['linearizability'], 'new properties', 'various degree opacity', 'formal relationship'] 

Reference 2248: ['correctness', 'deferred update replication', 'linearizability', 'opacity'] 

TOP-K 2249: ['data-driven elicitation', 'requirements elicitation process', 'behavioral data', 'product improvement.', 'feedback control system.', 'potential control variables', 'important cue'] 

Reference 2249: ['cybernetics', 'data analysis', 'requirements elicitation'] 

TOP-K 2250: ['new supervised filter', 'regression problems', 'morisita estimator', 'filter', 'simulated datasets.', 'generic methodology', 'intrinsic dimension.', 'redundant features.'] 

Reference 2250: ['data mining', 'feature selection', 'intrinsic dimension', 'measure of relevance', 'morisita index'] 

TOP-K 2251: ['automatic component recovery', 'object-oriented apis.', 'structural dependent.'] 

Reference 2251: ['api', 'frequent usage pattern', 'object-oriented', 'reverse engineering', 'software component', 'software reuse'] 

TOP-K 2252: [['low-resolution image classification'], 'image super-resolution', 'task-specific discriminative information', 'sparse transformation matrix', 'semi-supervised settings', 'method', 'original images.'] 

Reference 2252: ['geometric optimization', 'joint dictionary learning', 'low-resolution image classification', 'sparse linear transformation', 'sparse representation'] 

TOP-K 2253: [['random forest'], ['hand posture'], 'pre-trained demo program', 'features', 'fast algorithm', 'challenging dataset', 'depth image.', 'difficult view angles.', 'good potential'] 

Reference 2253: ['depth feature', 'hand posture', 'random forest'] 

TOP-K 2254: ['state-of-the-art code search engines', 'code search engine', 'big data compatible architecture', 'technical context', 'source files.', 'tactical files.', 'novel techniques', 'novel ranking algorithm'] 

Reference 2254: ['architecture', 'information', 'models', 'tactics', 'traceability'] 

TOP-K 2255: ['unsupervised learning.', 'new collaborative framework', 'solutions matrices', 'variational em', 'collaboration process', 'different families'] 

Reference 2255: ['collaborative clustering', 'em algorithms', 'entropy based methods'] 

TOP-K 2256: ['boolean satisfiability', 'hardware sat solvers', ['sat'], 'recent hardware', 'performance scalability analysis', 'current state', 'future work', 'key insights', 'analysis', 'modern devices.', 'brief introduction'] 

Reference 2256: ['boolean', 'fpga', 'logic', 'np complete', 'sat', 'satisfiability'] 

TOP-K 2257: ['algorithms', 'general em algorithm-based approaches.', 'ground truths', 'quite general workers', 'various situations'] 

Reference 2257: ['condorcet jury theorem', 'confidence interval', 'expectation maximization algorithm', 'human computation'] 

TOP-K 2258: [['fault localization'], 'context-bounded model checking', 'fault repair mechanism', 'fault lines', 'concurrent programs', 'sequentialization framework', 'successful execution', 'flexible methodology'] 

Reference 2258: ['bounded model checking', 'concurrent software', 'fault localization', 'non-determinism', 'sequentialization'] 

TOP-K 2259: ['non-parametric statistical tests', 'image fusion research.', 'image fusion algorithm comparison.', 'image fusion.', 'reproducible research', 'data', ['statistical comparison'], 'implementation code'] 

Reference 2259: ['image fusion', 'performance assessment', 'pixel-level fusion', 'statistical comparison', 'statistical significance'] 

TOP-K 2260: ['non-monotonic simple coalitional games', ['banzhaf power index'], 'pseudo-polynomial time algorithm', 'novel methodology', 'new approach efficiency', 'new technique', 'extensive experiments', 'coalition concepts.', 'new representation'] 

Reference 2260: ['banzhaf power index', 'diversity', 'ensemble pruning', 'simple coalitional game', 'weighted voting game'] 

TOP-K 2261: ['invalid defect types', 'wudo classification', 'invalid defects.', 'bios development time', 'invalid defect types.', 'stable classification algorithm', 'maximum number'] 

Reference 2261: ['bios', 'classification', 'invalid defect', 'project management', 'server development', 'text mining'] 

TOP-K 2262: ['prioritization evaluation', 'subjective prioritization', 'dependencies extraction algorithm', 'business order.', 'controlled experiment', 'simulation experiment'] 

Reference 2262: ['link analysis', 'machine learning', 'requirements dependency', 'software requirements prioritization'] 

TOP-K 2263: ['computer clusters', 'virtualization tools', 'computer cluster usage.', 'master-level course', 'high availability cluster.', 'main concepts'] 

Reference 2263: ['computer cluster configuration and administration', 'computer engineering education', 'lab project'] 

TOP-K 2264: ['ecn', 'patch-based classification method', 'state-of-the-art results', 'script identificattion', 'script identification datasets', 'discriminative local features', 'novel method', 'global classification rule.', 'relative importance'] 

Reference 2264: ['convolutional neural networks', 'ensemble of conjoined networks', 'multi-language ocr', 'scene text understanding', 'script identification'] 

TOP-K 2265: ['boundary detection algorithm', 'boundary node', 'maximum domatic partition', 'redundant nodes', 'quasi unit disk graph', 'packing technique'] 

Reference 2265: ['distributed sensor networks', 'pervasive computing', 'surveillance'] 

TOP-K 2266: ['average inter-node distance', '3d manet', 'distance distribution', 'network nodes', 'average number'] 

Reference 2266: ['euclidean distance', 'geometric probability', 'manet'] 

TOP-K 2267: ['novel mixture model', 'clustering algorithm', 'inter-component heterogeneity', 'color clustering', 'circular-linear color space', ['mixture model'], 'comparative study', 'segment psoriatic plaques', 'linear bi-variate data.', 'current approach', 'different marginal distributions', 'skin images.'] 

Reference 2267: ['circular–linear data', 'expectation maximization (em)', 'mixture model', 'psoriasis', 'psoriatic plaque', 'segmentation'] 

TOP-K 2268: ['fusion model', 'fusion method', 'different classification methods.', 'different diversity creation algorithms', 'wrapper-ga scheme', 'base classifier selection procedure', 'risk prediction.'] 

Reference 2268: ['classifier fusion', 'diversity creation', 'fundamental analysis', 'machine learning', 'risk prediction', 'stock returns prediction'] 

TOP-K 2269: [['software cybernetics'], 'nested control system', 'intermediate code', 'internal relationships'] 

Reference 2269: ['control system', 'software cybernetics', 'software verification'] 

TOP-K 2270: ['transactional memory systems', 'adaptive transactional memory systems.', 'performance modeling', 'machine learning.', 'concurrency level optimization.', 'thread scheduling techniques'] 

Reference 2270: ['concurrency', 'performance optimization', 'performance prediction', 'transactional memory'] 

TOP-K 2271: ['efsm', 'test suites', 'efsm faults.', 'fault coverage', 'test suites coverage', 'single transfer', 'first comprehensive assessment', 'single output parameter', 'typical types', 'single assignment faults.', 'double transfer', 'types'] 

Reference 2271: ['extended finite state machines', 'fault coverage assessment', 'model based testing', 'mutation testing', 'test derivation'] 

TOP-K 2272: ['k-hop reachability query time', 'compound-index method', 'special index', 'refined online-search method', 'method', 'pruning efficiency.'] 

Reference 2272: ['bfsi-b', 'k-hop reachability queries', 'large graph', 'online search'] 

TOP-K 2273: [['brain atlas'], 'real diagnostic mr images', 'two-stage learning-based super-resolution.', 'high inter-slice thickness.', ['groupwise registration'], 'unbiased atlas fusion'] 

Reference 2273: ['brain atlas', 'groupwise registration', 'image enhancement', 'random forest regression', 'sparsity learning', 'super-resolution'] 

TOP-K 2274: ['feature drifts.', 'feature drift detection', 'adaptation', 'future directions', 'paper', 'insights', 'works', 'problem is.'] 

Reference 2274: ['data stream mining', 'feature drift', 'feature selection'] 

TOP-K 2275: ['concurrency', 'maximal concurrency', 'snap-stabilizing lra algorithm', ['local resource allocation'], 'resource allocation problem.', 'several notions', 'maximal level'] 

Reference 2275: ['distributed algorithms', 'local resource allocation', 'self-stabilization', 'snap-stabilization'] 

TOP-K 2276: ['parallel computing', 'nvidia tesla c2050 gpu', 'gpu hardware architecture', 'simd model', 'k-nn algorithm.', 'parallel implementations', 'calibration process', ['abc algorithm'], 'cuda programming framework.', 'calibration sub-processes.', 'memory hierarchy.'] 

Reference 2276: ['abc algorithm', 'avalanche forecasting', 'gpu', 'k-nearest neighbours', 'nvidia cuda', 'simd'] 

TOP-K 2277: ['quantitative nfps', 'genetic algorithm', 'preference model.', 'extensive experiments'] 

Reference 2277: ['non-functional properties', 'quantitative and qualitative', 'service composition', 'tcp-nets'] 

TOP-K 2278: ['state-of-the-art parallel joins.', 'performance issues', 'experimental results', 'current approaches'] 

Reference 2278: ['data skew', 'high performance computing', 'parallel joins', 'robust'] 

TOP-K 2279: ['gpu-parallel algorithm', 'parallel strategy', 'experimental results', 'theoretical complexity analysis', 'intersection family', 'small sets.', 'big families', 'repeated sets.'] 

Reference 2279: ['algorithm', 'cuda', 'graphics processing unit (gpu)', 'intersection of families of sets'] 

TOP-K 2280: ['torus network', 'nedf', 'alternative communication routings', 'cross communication', 'new diffusion scheme', 'closed form formulae', 'optimum values', 'source node.'] 

Reference 2280: ['fourier analysis', 'iterative diffusion', 'laplacian matrix', 'load balancing', 'weighted torus'] 

TOP-K 2281: ['lbcns', 'task scheduling algorithms', 'scheduling workflows', 'node selection algorithm', 'experimental results', 'list scheduling algorithms.', 'schedule length'] 

Reference 2281: ['dag', 'heterogeneous system', 'node grouping', 'processor grouping', 'task scheduling', 'workflow scheduling'] 

TOP-K 2282: [['abnormal activity recognition'], 'graph kernel svm', 'global abnormal activity recognition', 'activity graphs', 'video activity', 'graph representation', 'local abnormal activities.', 'surveillance videos.', 'geometric structures', 'appearance information.'] 

Reference 2282: ['abnormal activity recognition', 'bag-of-graphs (bog)', 'graph kernel', 'graph representation of video activity', 'video activity classification'] 

TOP-K 2283: ['parallel programming', 'training 3d convolutional networks.', 'novel parallel algorithm', 'gpu implementations.', 'algorithm', ['dynamic scheduling'], 'available cores.', 'new layers'] 

Reference 2283: ['convolutional neural networks', 'deep learning', 'dynamic scheduling', 'fft convolution', 'multi-core algorithms', 'wait-free summation'] 

TOP-K 2284: ['elm', 'kernel fusion method', 'kernel function', 'new locations', 'recognition model.'] 

Reference 2284: ['extreme learning machine', 'human activity recognition', 'inertial sensors', 'machine learning', 'mixed kernel'] 

TOP-K 2285: ['uml schemas', 'general 1st-order constraints', 'uml/ocl reasoning tool.', 'different tools/schemas', 'time improvements', 'method'] 

Reference 2285: ['ocl', 'reasoning', 'simplification', 'uml'] 

TOP-K 2286: [['n-dimensional fuzzy sets'], ['owa operators'], 'n-dimensional fuzzy sets.', 'admissible order', 'n-tuple aggregation owa operators.', 'aggregation functions.', 'admissible orders', 'theoretical developments', 'algorithm', 'illustrative example', 'linear order', 'construction method', 'concept'] 

Reference 2286: ['decision-making', 'fuzzy multisets', 'n-dimensional fuzzy sets', 'owa operator'] 

TOP-K 2287: ['ranking products', ['online reviews'], 'intuitionistic fuzzy set theory', ['intuitionistic fuzzy numbers'], 'products', 'new problem', 'new algorithm', 'sentiment orientations', 'resolution process', 'approach'] 

Reference 2287: ['ifwa operator', 'intuitionistic fuzzy number', 'online reviews', 'product ranking', 'sentiment analysis'] 

TOP-K 2288: ['latent fingerprint segmentation.', 'rdf classification', 'segmentation algorithm', ['feature selection'], 'novel sivv', 'different categories'] 

Reference 2288: ['feature selection', 'latent fingerprint segmentation', 'random decision forest', 'saliency'] 

TOP-K 2289: ['xml data', 'xml queries', 'encrypted xml stream', 'new structure', 'wireless stream.', 'access mechanism'] 

Reference 2289: ['secure xml data broadcast', 'xml access control', 'xml query processing', 'xml stream'] 

TOP-K 2290: ['supervised diversified dictionaries mil', 'class-specific dictionaries', 'training class-specific dictionaries.', 'bag-level labels.', 'mil problems', 'instance-level representations', 'diversity regulariser', 'first time'] 

Reference 2290: ['dictionary learning', 'diversified learning', 'multi-instance learning'] 

TOP-K 2291: ['multi-sensor fusion', 'bsn-based human activity recognition.', 'sensor fusion', 'research challenges', 'data fusion', 'activity recognition', 'systematic categorization', 'emotion recognition', 'future directions', 'fusion level.', 'comprehensive review'] 

Reference 2291: ['data-level fusion', 'decision-level fusion', 'feature-level fusion', 'human activity recognition', 'multi-sensor data fusion'] 

TOP-K 2292: ['decoupled two-step block distribution', 'autonomous block-node mapping maintenance', 'invertible math function.', 'master node', 'ram space', 'data movement', 'node addition', 'processing capacity saving', 'data node.', 'optimal amounts'] 

Reference 2292: ['data block distribution', 'data intensive file system', 'metadata server scalability'] 

TOP-K 2293: ['open source projects', ['software package data exchange'], 'license detection', 'license compatibility compliance.', 'popular software products', 'case studies', 'license compatibility process.', 'important step'] 

Reference 2293: ['license compatibility', 'license violations', 'open source software', 'software package data exchange'] 

TOP-K 2294: [['organizational roles'], 'agile transformation process.', 'organizational roles.', 'theory study', 'inadequate transition'] 

Reference 2294: ['agile transformation process', 'grounded theory', 'organizational roles', 'software development'] 

TOP-K 2295: ['3d trajectories', 'dffw-crbms', '3d trajectories.', '2d projections', 'human activities', 'complex ball trajectories', 'future prediction', 'camera source.', 'limited amount'] 

Reference 2295: ['3d trajectories estimation', 'activity recognition', 'deep learning', 'restricted boltzmann machines'] 

TOP-K 2296: ['parallelization infrastructure', 'embedded systems.', 'data-level parallelism', 'easy prototyping', 'necessary synchronization.', 'extract pipeline'] 

Reference 2296: ['embedded systems', 'heterogeneous multiprocessor system-on-chip', 'parallelization'] 

TOP-K 2297: ['sa&d', 'components', 'modeling performance', 'experience', 'accurate conceptual models', 'objects.'] 

Reference 2297: ['analyst experience', 'chunking', 'cognitive fit', 'conceptual modeling', 'software reuse', 'systems development'] 

TOP-K 2298: ['data access performance evaluation', 'impedance mismatch issues', 'data store', 'object oriented data model.', 'popular benchmarks', 'centralized administration.', 'flexible way', 'control breaks'] 

Reference 2298: ['data sharing', 'distributed databases', 'nosql', 'storage systems'] 

TOP-K 2299: [['object signatures'], 'learning-based method', 'saliency maps', 'salient object detection', 'higher-quality spatiotemporal saliency maps', 'foreground object detection', 'fusion method', 'saliency maps.', 'saliency information', 'motion cues', 'motion boundaries', 'complex scenes.', 'different channels', 'complementary channels', 'foreground weights'] 

Reference 2299: ['fusion', 'object signatures', 'salient video object detection', 'spatiotemporal saliency computation'] 

TOP-K 2300: ['algorithm', 'latency fairness', 'low complexity', 'operating cost', 'data center operators.', 'optimal result'] 

Reference 2300: ['distributed data centers', 'front-end proxy servers', 'game theory', 'optimization of combined energy and latency cost'] 

TOP-K 2301: ['data stream analysis.', 'ensemble algorithms', 'ensemble approaches', 'open research problems', 'future research', 'comprehensive survey'] 

Reference 2301: ['concept drift', 'data streams', 'ensemble learning', 'non-stationary environments', 'online learning'] 

TOP-K 2302: ['photo matching algorithm', 'visual saliency', ['composite sketch'], 'different artists', 'texture features.', 'multiple experts', 'recognition performance.', 'ethnicity information'] 

Reference 2302: ['biometrics', 'composite sketch', 'face recognition', 'saliency', 'sketch recognition'] 

TOP-K 2303: [['bayesian optimization algorithm'], 'meta-heuristic algorithms', ['bayesian network'], 'probabilistic model', 'novel approach', 'new solutions.', 'different probabilistic model.', 'different structures'] 

Reference 2303: ['bayesian network', 'bayesian optimization algorithm', 'deadlock detection', 'graph transformation system', 'state space explosion'] 

TOP-K 2304: ['new multi-level feedback method', 'class integration test order.', 'integration test', 'time-saving test order', 'test profit', 'method', 'test priority', 'class.', 'punishment mechanism'] 

Reference 2304: ['feedback', 'stub minimization', 'test cost', 'test order'] 

TOP-K 2305: ['hpc courses', 'student evaluation procedure.', 'summer internship program', 'academic year-wise analysis', 'laboratory set-up.', 'graduate students', 'summer audit course.', 'hpc introduction', 'industry interaction', 'details'] 

Reference 2305: ['high performance computing (hpc) courses', 'infrastructure development', 'student results', 'teaching and evaluating students', 'undergraduate and postgraduate engineering curricula', 'upgrading curricula'] 

TOP-K 2306: ['defect-prone topics', 'state-of-the-art topic-based cohesion', 'topic-based metrics', 'coupling metrics', 'additional defect', 'baseline metrics.'] 

Reference 2306: ['code quality', 'cohesion', 'coupling', 'lda', 'metrics', 'topic modeling'] 

TOP-K 2307: ['algorithms', 'end-to-end timing behavior', 'schedule length', ['load balancing'], 'imprecise computation models', 'heterogeneous processor', 'limited resources', 'previous algorithm', 'network environments'] 

Reference 2307: ['automotive data stream management system', 'heterogeneous processor and network', 'imprecise computation', 'list scheduling', 'load balancing'] 

TOP-K 2308: ['embedded systems', 'large mde models.', 'monolithic models', 'fragmentation strategies', 'eclipse plugin.', 'engineering domains', 'large gains'] 

Reference 2308: ['model abstraction', 'model fragmentation', 'model scalability', 'model visualisation', 'model-driven engineering'] 

TOP-K 2309: ['business intelligence platform', 'real-time data', 'social basis.', 'historical content.', 'statistics computation'] 

Reference 2309: ['news streams', 'opinion mining', 'social media'] 

TOP-K 2310: ['zero-shot recognition', 'recognition algorithms', 'novel semantic representation', 'semantic action recognition method', 'lexicon.', 'action recognition.', 'zero-shot protocols'] 

Reference 2310: ['action recognition', 'lexicon', 'semantic pose', 'visual pose'] 

TOP-K 2311: ['parallelism enhancement', 'parallelism graph', 'parallelism graph.', 'hybrid genetic algorithm', 'mapping problem', 'ilp model'] 

Reference 2311: ['genetic algorithm', 'graph partition', 'mapping', 'multiprocessor', 'synchronous dataflow graph'] 

TOP-K 2312: ['algorithms', 'algorithm typologies.', 'extensive review', 'industrial point'] 

Reference 2312: ['document', 'evaluation', 'segmentation', 'survey', 'trends', 'typology'] 

TOP-K 2313: ['idsc', 'fourier', 'indexing structure', 'coarse shape matching.', 'fine shape matching.', 'indexing structure.', 'accuracy enhancement', 'distance shape', 'distant shapes.', 'quick pruning', 'presentation'] 

Reference 2313: ['contour-based shape matching', 'hybrid shape matching framework', 'online retrieval', 'pruning', 'shape distance', 'very large datasets'] 

TOP-K 2314: [['environmental factors'], 'software reliability', ['multi-release software'], 'significant environmental factors', 'single release software', 'development', 'development phase', 'software management team.', 'next release', 'valuable information'] 

Reference 2314: ['environmental factors', 'lasso regression', 'multi-release software', 'multiple linear regression', 'principle component analysis', 'stepwise backward elimination'] 

TOP-K 2315: ['novel key-value store', 'variable-length key-values', 'data structures.', 'performance improvement', 'multi-phase data structures.', 'memory usage', 'advanced design', 'concurrent operations', 'optimal case.'] 

Reference 2315: ['datastore', 'distributed storage', 'key-value store', 'nosql', 'solid state drives'] 

TOP-K 2316: ['epls-based clustering algorithm', 'air quality clustering problem', 'epls', 'air quality data fusion', 'approach epls', 'clustering approaches.', 'valuable features'] 

Reference 2316: ['air quality', 'clustering', 'eemd', 'pca', 'pm<sub>2.5</sub>'] 

TOP-K 2317: ['web user behavior', 'web user behaviour.', ['pupil dilation'], 'web log', ['web users'], 'data', 'physiological perspective.'] 

Reference 2317: ['decision making', 'eeg', 'eye-tracking', 'pupil dilation', 'web user'] 

TOP-K 2318: ['laie algorithm', ['local average'], 'simulation results', 'information exchange', 'communication cost', 'convergence time'] 

Reference 2318: ['broadcasting', 'consensus', 'd-regular graph', 'local average', 'random graph'] 

TOP-K 2319: ['gpus', 'mpi source', 'control structures', 'task graph form.', 'collective communication.', 'bamboo', 'elaborate data', 'bamboo speeds'] 

Reference 2319: ['automatic communication hiding', 'data-driven execution', 'source-to-source translator', 'task dependency graph'] 

TOP-K 2320: [['software product lines'], ['software evolution'], 'software product lines.', 'lehman', 'empirical evaluations', 'statistical test', 'available industrial data.', 'complete descriptive statistics', 'laws'] 

Reference 2320: ['empirical study', "lehman's laws of software evolution", 'software evolution', 'software product lines'] 

TOP-K 2321: ['cognitive wireless networking', 'wsn-based target detection systems.', 'cd/fa probabilities', 'unclustered topologies', 'design guidelines', ['energy consumption']] 

Reference 2321: ['clustering', 'correct detection (cd)', 'electronic-signals intelligence (elint)', 'energy consumption', 'false alarm (fa)', 'wireless sensor network (wsn)'] 

TOP-K 2322: ['sentiment knowledge', 'domain-specific sentiment classification.', 'unified model', 'efficient algorithm', 'multiple sources.', 'extensive experiment', 'fuse knowledge'] 

Reference 2322: ['domain adaptation', 'information fusion', 'sentiment classification'] 

TOP-K 2323: ['unique optical network architecture', 'dynamic bandwidth reconfiguration', 'crossbar design', 'power dissipation.', 'laser source', 'network throughput.', 'multiple metrics'] 

Reference 2323: ['bandwidth reallocation', 'multicore', 'network-on-chip', 'optical crossbar', 'optical interconnects', 'power reconfiguration'] 

TOP-K 2324: [['bayesian network'], 'bnpdg-based fault localization approach', ['fault localization'], 'novel probabilistic graphical model', 'program dependence graph', 'siemens suite', 'empirical study'] 

Reference 2324: ['bayesian network', 'fault localization', 'program analysis'] 

TOP-K 2325: ['aggregation function.', 'decomposition integral.', 'superadditive fusion'] 

Reference 2325: ['aggregation function', 'decomposition integral', 'subadditive transformation', 'superadditive transformation'] 

TOP-K 2326: ['mtfs3-da dataset', 'two-dimensional subspace alignment', 'domain adaptation.', 'cross-field evaluation', 'between-class divergences', 'novel domain adaptation application', 'classification performance', 'domain discrepancy measure.', 'low correlation'] 

Reference 2326: ['convolutional activations', 'domain divergence measure', 'subspace alignment', 'two-dimensional pca', 'visual domain adaptation'] 

TOP-K 2327: ['traffic matrices.', 'road traffic data.', 'model road traffic data', 'use real-world traffic datasets', 'singular value decompositions', 'proposed system', 'nosql document', 'incremental computation', 'large amount'] 

Reference 2327: ['mongodb', 'nosql database', 'road traffic data', 'similarity queries', 'svd-based query processing', 'traffic matrices'] 

TOP-K 2328: ['otsu algorithm', 'several state-of-the-art algorithms', 'weight modification method', 'imbalanced classification tasks', 'ensemble learning.', 'optimal threshold adaptively.', 'adaptive weight.'] 

Reference 2328: ['adaptive decision boundary', 'classification', 'ensemble undersampling', 'imbalanced data sets', 'real adaboost', 'voting algorithm'] 

TOP-K 2329: [['autonomous underwater vehicles'], 'optimal auv', 'schedules', 'underwater sensor networks.'] 

Reference 2329: ['autonomous underwater vehicles', 'deep sea data collection', 'delay tolerant networks', 'euler circuit', 'trajectory scheduling'] 

TOP-K 2330: ['cielab space', ['ciede2000 color distance'], 'multi-feature mi approaches', 'feature-based mi schemes', 'color variances', 'minerals color paths', 'color tracking', 'ppl', 'hausdorff distance', 'xpl illuminations.', 'mineral identification.', 'light', 'color paths.', 'much color information'] 

Reference 2330: ['automated mineral identification', 'ciede2000 color distance', 'cielab color space', 'modified hausdorff distance'] 

TOP-K 2331: ['dmlmj', 'non-linear problems.', 'several data sets'] 

Reference 2331: ['distance metric learning', 'jeffrey divergence', 'linear transformation', 'nearest neighbor'] 

TOP-K 2332: ['new topic diversity indicator', 'multi-parent probability genetic operator.', 'pmoea', 'recommendation systems.', 'experimental results', 'recommendation list.', 'new crossover operator', 'new solution', 'various kinds', 'good balance'] 

Reference 2332: ['genetic operator', 'multi-objective optimization', 'recommendation algorithm', 'topic diversity'] 

TOP-K 2333: ['subspace interpolation', 'visual attribute meaningfulness.', 'popular attribute datasets', 'meaningfulness distance', 'metric calibration method', 'in-depth analysis.', 'decision boundary manifold.', 'present extensive experiments'] 

Reference 2333: ['attribute discovering', 'meaningfulness metric', 'semantic content', 'visual attribute'] 

TOP-K 2334: ['java thread programming', 'pdc topics', 'active pdc programming exercises', 'shallow way.'] 

Reference 2334: ['cs1', 'education', 'introductory programming', 'java', 'multi-threading', 'parallelism'] 

TOP-K 2335: ['group development', 'agile teams', 'group developmental issues', 'agile groups.', 'agile team', 'quantitative survey data', 'mature group', 'key success factor'] 

Reference 2335: ['agile processes', 'empirical study', 'group psychology', 'maturity', 'measurement'] 

TOP-K 2336: ['multi-focus images.', 'multi-focus image fusion algorithm', 'focus criterion.', 'novel focus criterion', 'focus measure.', 'thorough mathematical analysis', 'superior results'] 

Reference 2336: ['focus criterion', 'fusion metrics', 'multi-focus image fusion', 'surface area'] 

TOP-K 2337: ['svm-rfe method', 'eye tracking data', 'mrmr selector', 'quantum genetic algorithm.', 'image classification.', 'fitness value', 'generation number', 'ranking information', 'rotation angle', 'ranking procedure'] 

Reference 2337: ['eye tracking', 'feature selection', 'mrmr', 'quantum genetic algorithm (qga)', 'svm-rfe'] 

TOP-K 2338: ['water cooling temperatures', 'node power variability', 'new intel power', 'intel haswell', 'system performance', 'node performance.', 'different power', 'power consumption.', 'data center', 'intel sandy bridge', 'large scale', 'different water', 'impacts'] 

Reference 2338: ['cooling efficiency', 'energy-efficiency', 'high-temperature direct liquid cooling (ht-dlc)', 'hpc', 'system characteristic'] 

TOP-K 2339: ['gaussian networks.', 'faulty nodes', 'trees', 'parallel construction', 'trees.', 'maximum number'] 

Reference 2339: ['circulant graphs', 'fault-tolerant routing', 'gaussian networks', 'independent spanning trees', 'spanning trees'] 

TOP-K 2340: [['visualization strategies'], 'multiple visual strategies', 'combination mvs', 'software evolution analysis.', ['experimental evaluation'], 'benefits', 'analysis time'] 

Reference 2340: ['experimental evaluation', 'software evolution visualization', 'visual strategies'] 

TOP-K 2341: ['normal vectors', 'equation errors.', 'essential references.'] 

Reference 2341: ['indoor pedestrian navigation', 'magnetic feature', 'mems sensors', 'portable devices', 'wireless positioning'] 

TOP-K 2342: ['onramp', 'non-cs research', 'several use-cases', 'novel top-down approach', 'teaching parallel', 'computing web portal design', 'presented.'] 

Reference 2342: ['interactive learning environment', 'parallel and distributed computing education', 'web portal'] 

TOP-K 2343: ['new graph-partitioning policies', 'graph-processing systems.', 'future policies', 'run time', 'comprehensive results', 'important challenges.', 'different types'] 

Reference 2343: ['graph-processing systems', 'large-scale graphs', 'modeling analysis', 'performance evaluation', 'streaming graph-partitioning policies'] 

TOP-K 2344: [['safety analysis'], 'safety engineering', 'safety-related information', 'safety analysis techniques.', 'present challenges/problems', ['integration'], 'tool support.', 'present taxonomies'] 

Reference 2344: ['communication', 'integration', 'requirements engineering', 'safety analysis', 'safety-critical systems', 'systematic literature review'] 

TOP-K 2345: [['metamorphic testing'], 'automated program repair.', 'empirical study'] 

Reference 2345: ['metamorphic testing', 'test oracle', 'test suite based automated program repair'] 

TOP-K 2346: ['heart motion frequencies.', 'heartbeat motion', 'dual kalman filter', 'real beating heart surgeries', 'efficient prediction scheme', 'new orthogonal fusion algorithm', 'directional difference'] 

Reference 2346: ['beating heart tracking', 'instantaneous frequency', 'kalman filter', 'motion compensation', 'motion prediction'] 

TOP-K 2347: ['large-scale hierarchical storage systems', 'hpc systems.', 'checkpoint placement', 'new checkpoint placement model', 'failure patterns', 'runtime characteristics', 'novel adaptive algorithm', 'thorough analysis'] 

Reference 2347: ['burst buffer', 'checkpoint', 'fault tolerance', 'hierarchical storage systems', 'solid-state drive'] 

TOP-K 2348: ['density clustering', 'density clustering algorithm', 'k-means.', ['approximate algorithm']] 

Reference 2348: ['acceleration mechanism', 'approximate algorithm', 'cluster analysis', 'density-based clustering', 'k-means'] 

TOP-K 2349: ['decision field', 'compromise decision behaviors', 'novel intuitionistic fuzzy decision', 'investment decision', 'models'] 

Reference 2349: ['decision field theory', 'decision making models', 'group decision making', 'intuitionistic fuzzy set'] 

TOP-K 2350: ['feature fusion.', 'feature complementarity', 'visual descriptor', 'multi-view technique', 'spatial information.', 'multi-layout strategy', 'ensemble fusion technique', 'bus images'] 

Reference 2350: ['color doppler energy imaging', 'fusion', 'multi-layout fisher vector', 'multi-modal', 'placental maturity staging'] 

TOP-K 2351: ['partial periodic-frequent patterns', 'pattern-growth algorithm', 'computational cost.', 'experimental results', 'efficient pruning technique', 'novel model', 'database.'] 

Reference 2351: ['algorithms', 'data mining', 'knowledge discovery in databases', 'partial periodicity', 'pattern mining'] 

TOP-K 2352: ['sub-sampled banknote image.', 'selection priority map', ['genetic algorithm'], 'banknote databases', 'similarity map', 'high recognition accuracy', 'selection priority map.', 'method', 'image region.'] 

Reference 2352: ['banknote recognition', 'genetic algorithm', 'kinds of banknote databases', 'one-dimensional visible light sensor', 'optimal discriminative region'] 

TOP-K 2353: [['opinion fusion'], 'reputation', 'big data', 'diverse principal opinions', 'holistic manner.'] 

Reference 2353: ['opinion fusion', 'opinion mining', 'recommender system', 'reputation generation', 'reputation visualization'] 

TOP-K 2354: ['vlts', 'virtual linguistic terms', 'computational models', ['semantics'], 'theoretical foundation', 'non-inclusive interpretations.'] 

Reference 2354: ['computing with words', 'semantics', 'syntax', 'virtual linguistic terms (vlts)'] 

TOP-K 2355: ['stream clustering algorithm', 'linear scalability', 'apache storm', 'shared-nothing algorithms', 'fast data.', 'physical machines.', 'relative merits', 'accuracy investigated.'] 

Reference 2355: ['distributed data mining', 'stream clustering', 'stream data mining'] 

TOP-K 2356: ['robot-sensor network cooperative localization.', 'parallax-based tracking method', ['cooperative localization'], 'information fusion framework', 'sensor nodes', 'target tracking'] 

Reference 2356: ['cooperative localization', 'mobile robot', 'sensor information fusion', 'sensor network'] 

TOP-K 2357: ['image decomposition-based fusion scheme', 'all-in-focus image', 'low time consumption', 'morphological contents.', 'decomposition method', 'image quality.', 'decomposition algorithm', 'high fidelity', 'current methods.'] 

Reference 2357: ['cartoon content', 'image decomposition', 'multi-focus image fusion', 'texture content'] 

TOP-K 2358: ['constraint propagation', 'related tasks', 'clustering', 'prior knowledge', 'initial constraints', 'videos.', 'systematic approach', 'multiple types', 'different types', 'efficient method'] 

Reference 2358: ['coupled hidden markov random field', 'face clustering', 'face tracking'] 

TOP-K 2359: ['surface deformation', 'human head', 'face image super-resolution', 'deformable surfaces', 'surface deformations.', 'generic video alignment framework', 'spontaneous expressions', 'object'] 

Reference 2359: ['object registration', 'optical flow', 'sift flow', 'spontaneous facial expression', 'super-resolution'] 

TOP-K 2360: ['8-bit coprocessor', 'aes', 'grøstl', 'data dependency issues', 'careful scheduling', 'high clock frequency.', 'single instruction'] 

Reference 2360: ['ciphers', 'coprocessors', 'cryptographic hash functions', 'cryptography', 'embedded systems', 'field programmable gate arrays'] 

TOP-K 2361: ['on-line transaction processing', 'software cybernetics', 'self-tuning performance', 'layer fuzzy rules', 'performance control parameters.'] 

Reference 2361: ['database management system (dbms)', 'fuzzy rules', 'self-tuning'] 

TOP-K 2362: ['libtensor framework', 'tensor contraction computations', 'quantum chemistry computations.', 'tensor contraction', 'show libtensor multi-backend support', 'multiple programming models', 'programming models.', 'data movement', 'present empirical measurements'] 

Reference 2362: ['cyclops. high performance computing', 'distributed memory programming models', 'energy efficiency', 'libtensor', 'quantum chemistry', 'tensor contraction engines'] 

TOP-K 2363: ['cluster-aware multiagent system', 'graph clustering', 'camas', 'aoc-based algorithm', 'leader agents', 'relevant followers', 'expansion strategy', 'different scales', 'influence function.'] 

Reference 2363: ['attributed graph clustering', 'cluster extraction', 'cluster-aware', 'leader identification', 'multiagent system'] 

TOP-K 2364: [['oriented cuckoo search algorithm'], ['dv-hop algorithm'], 'benchmarks test suits', 'different distributions'] 

Reference 2364: ['cyber–physical systems', 'dv-hop algorithm', 'lévy flight', 'oriented cuckoo search algorithm', 'probability distribution'] 

TOP-K 2365: [['bin-packing problem'], 'perishable inventory control problems.', 'multi-gpu clusters.', 'inventory control problem', 'optimization algorithm', 'task distribution modelling', 'parallel implementations', 'memory platforms.'] 

Reference 2365: ['bin-packing problem', 'gpu computing', 'heterogeneous computing', 'monte-carlo simulation', 'optimization', 'perishable inventory control'] 

TOP-K 2366: ['sparse coding network', 'general super-resolution method', 'new state-of-the-art method', 'back-projection method', 'batch normalization', 'high-resolution results.', 'multiple models', 'different ensemble models.'] 

Reference 2366: ['deep networks', 'ensemble', 'sparse prior', 'super-resolution'] 

TOP-K 2367: [['convolutional neural network'], 'original cnn', 'wavelet', 'mrf approach', 'conventional pooling.', 'new network architecture', 'superpixel approach', 'labeling strategies', 'raw data automatically.'] 

Reference 2367: ['convolutional neural network', 'markov random filed', 'sar image segmentation', 'wavelet transform'] 

TOP-K 2368: ['cache replacement algorithm', 'shared caches', 'large multicores.', 'cache configurations', 'cache footprint', 'various workloads'] 

Reference 2368: ['bypassing', 'cache management', 'discrete priorities', 'footprint-number', 'more cores than associativity', 'shared resource'] 

TOP-K 2369: ['wireless camera networks.', 'information-driven approach', 'self-regulated effect', 'rssi model', 'energy consumption', 'energy consumptions', 'camera-based target', 'exploits synergies', 'camera measurements', 'cluster nodes.'] 

Reference 2369: ['camera networks', 'rssi', 'wireless sensor networks'] 

TOP-K 2370: ['most-representative-subject tbss procedure', 'tbss analysis', 'gm/wm changes', 'multi-modal image features', 'ts children.', 'discriminative rois', 'multiple kernel learning.', 'young children.', 'excellent accuracy'] 

Reference 2370: ['dti', 'mkl', 'svm', 'tbss', 'tourette syndrome'] 

TOP-K 2371: ['energy-aware cloud-based framework', 'low-dimensional discriminative features', 'energy-efficient cyber', 'multi-sensory environment', 'physical smart home system', 'smart home event detection', 'load balancing.', 'automatic control system', 'elderly people.', 'multimedia sensors'] 

Reference 2371: ['cloud analytics for energy data', 'energy optimization', 'gesture-based appliance control', 'multi-sensory data recognition'] 

TOP-K 2372: [['design patterns'], 'design patterns topics', 'design patterns.', 'related topics', 'comprehensive sms', 'research load', 'main topics', 'active topics.'] 

Reference 2372: ['design patterns', 'systematic mapping study', 'systematic review'] 

TOP-K 2373: ['trajectorylet', 'discriminative trajectorylet detector set.', 'different parameter settings', 'discriminative patterns', 'information withina short interval.', 'action instances'] 

Reference 2373: ['action recognition', 'exemplar-svm', 'feature learning', 'kinect', 'motion capture'] 

TOP-K 2374: ['aging feature learning', 'deep learning model', 'human age estimation.', 'deep model', 'supervision signals', 'novel comparative ranking layer', 'sample imbalance problem', 'benchmark datasets', 'age estimation.', 'previous methods', 'novel cumulative hidden layer', 'large margin'] 

Reference 2374: ['age estimation', 'convolutional neural network', 'deep learning'] 

TOP-K 2375: ['qa', 'quality attributes', 'quality attribute', 'metric selection process.', 'single metric.', 'theoretical validity', 'development phases.', 'empirical settings'] 

Reference 2375: ['design-time quality attributes', 'mapping study', 'measurement', 'software quality'] 

TOP-K 2376: ['fusion performance evaluation methods', 'unresolved problems', 'different image fusion applications', 'major challenges'] 

Reference 2376: ['image fusion', 'medical imaging', 'multiscale decomposition', 'remote sensing', 'sparse representation'] 

TOP-K 2377: [['low latency solvers'], 'division free parallel architecture', '100-equation systems', 'divider circuits', 'long latencies.', 'real time applications', 'point arithmetic.', 'previous works', 'magnitude gains', 'previous works.'] 

Reference 2377: ['gaussian elimination', 'gauss–jordan', 'linear solver', 'low latency solver', 'real time simulation'] 

TOP-K 2378: ['real-time measurement data', 'reputation system', 'control center', 'adaptive reputation', 'computation burden.'] 

Reference 2378: ['adaptive reputation system', 'distributed host-based collaborative detection', 'false data injection attack', 'smart grid cyber-physical system (cps)'] 

TOP-K 2379: ['scene classification task', 'image set classification.', 'cosr model', 'learning bases', 'additional bases', 'sets division'] 

Reference 2379: ['dictionary learning', 'image set classification', 'scene classification', 'sparse representation'] 

TOP-K 2380: ['spatio-temporal gait recognition system', 'radon templates', 'gait template approach', 'wavelet filters', 'feature vectors.', 'temporal templates.'] 

Reference 2380: ['gait recognition', 'lifting', 'principal component analysis (pca)', 'radon transform', 'wavelet transform'] 

TOP-K 2381: [['em algorithm'], 'level set function', 'cost function', 'novel geometric priors', 'level set functions', 'statistical model parameters', 'probabilistic principles.', ['active contours'], 'heavy tail', 'mixture model', 'computational cost.'] 

Reference 2381: ['active contours', 'em algorithm', 'level set', 'segmentation', "student's-t mixture model"] 

TOP-K 2382: ['asynchrony change patterns', 'asynchrony change pattern', 'risky part', 'software systems.', 'empirical study', 'times faultier'] 

Reference 2382: ['anti-patterns', 'change patterns', 'clones', 'fault-proneness', 'software quality'] 

TOP-K 2383: ['caa model', 'system exceptional behavior', ['java framework'], 'caa properties', 'jpf model checker.', 'java code', 'cooperative systems exceptional behaviors.', 'simple way.'] 

Reference 2383: ['concurrent exception handling', 'coordinated atomic actions model', 'java framework', 'program verification'] 

TOP-K 2384: ['speedup', 'memory access', 'multiple cores.', 'computational parts', 'explicit accounting'] 

Reference 2384: ["amdahl's law", 'multicore platforms', 'speedup models'] 

TOP-K 2385: ['runtime monitoring approaches.', ['comparison framework']] 

Reference 2385: ['comparison framework', 'literature review', 'runtime monitoring'] 

TOP-K 2386: ['software engineering.', 'future work', 'key milestones', 'research agenda', 'open challenges', 'comprehensive survey'] 

Reference 2386: ['crowdsourced software engineering', 'crowdsourcing', 'literature survey', 'software crowdsourcing'] 

TOP-K 2387: ['end-to-end encoder-decoder framework', 'convolutional neural network', 'novel neural network', 'handwritten mathematical expression recognition.', 'coverage-based attention model', 'explicit symbol segmentation', 'expression recognition accuracy', 'attention history.', 'official training data', 'output symbol sequence', 'attention visualization', 'latex format.', 'input image', 'mathematical expression grammar.', 'computational demands'] 

Reference 2387: ['attention', 'handwritten mathematical expression recognition', 'neural network'] 

TOP-K 2388: ['social networks', 'socio-technical framework', 'team assignments', 'social-network analysis.', 'real-life case-studies', 'social skills.', 'framework applicability', 'previous collaborations.', 'compatibility', 'industrial insights'] 

Reference 2388: ['collaboration network', 'interpersonal relationships', 'social network analysis', 'social skills', 'team formation problem', 'team member allocation'] 

TOP-K 2389: ['hessian matrix', 'shape-constrained texture matching', ['sparse representation'], 'algorithms', 'deformable src', 'fast alignment strategy', 'expensive operation', 'fast versions'] 

Reference 2389: ['face recognition', 'fast alignment', 'shape transformation', 'sparse representation'] 

TOP-K 2390: ['facial expression recognition framework', 'utlise motion speed', 'high recognition rate', 'dynamic information', 'weighting strategy', 'spatial information.', 'dynamic information.', 'temporal domain.'] 

Reference 2390: ['entropy', 'facial expression', 'feature extraction', 'motion history image', 'zernike moment'] 

TOP-K 2391: [['affective computing'], 'state-of-the-art methods', 'multimodal analysis.', 'available surveys', 'first review', 'previous reviews.', 'account recent approaches'] 

Reference 2391: ['affective computing', 'audio, visual and text information fusion', 'multimodal affect analysis', 'multimodal fusion', 'sentiment analysis'] 

TOP-K 2392: ['state-of-the-art trackers', 'superpixel analysis approach', 'peak-response scale estimation', 'superpixel block modification method', 'visual tracking.', ['kernel-based filter'], 'hybrid hash', 'conventional kernel-based filter', 'target appearance', 'target location.', 'available datasets', 'color features.', 'comprehensive experiments', 'representative superpixel'] 

Reference 2392: ['hybrid hash analysis', 'kernel-based filter', 'object tracking', 'superpixel clustering'] 

TOP-K 2393: ['information artefacts', 'continuous software engineering.', 'software development activities.', 'technical infrastructure', 'process model', 'infrastructure architecture model', 'systematic approach', 'links business goals'] 

Reference 2393: ['agile software development', 'continuous experimentation', 'lean software development', 'product development', 'software architecture', 'software development process'] 

TOP-K 2394: ['recursive linear matrix inequalities', ['redundant channel'], 'sensor networks.', 'event-triggered scheme', ['time-varying systems'], 'state estimation.'] 

Reference 2394: ['event-triggered transmission', 'redundant channels', 'sensor networks', 'state estimation', 'time-varying systems'] 

TOP-K 2395: ['machine learning', 'hyperspectral classification', ['transductive learning'], 'diversity-class criterion', 'spatial criterion', 'various competitors', 'empirical study', 'hyperspectral image.', 'collective inference.', 'unknown labels', 'learning process.', 'imagery data', 'spatial views'] 

Reference 2395: ['co-training', 'collective inference', 'hyperspectral imagery classification', 'spectral-spatial data', 'transductive learning'] 

TOP-K 2396: ['system-of-systems architecture development', 'information fusion', 'mbse tools.', 'hlif functions.', 'agent-based models.', 'architecture representations', 'physical dynamics modeling'] 

Reference 2396: ['design of experiments', 'information fusion system', 'model based systems engineering', 'system-of-systems'] 

TOP-K 2397: [['semantic fusion'], 'heterogeneous media big data', 'iot environment.', 'semantic distribution mechanism', 'semantic noise.', 'semantic refinement scheme', 'semantic objects.', 'media dissemination'] 

Reference 2397: ['big data', 'crowdsourcing computing', 'internet of things', 'semantic fusion', 'social media'] 

TOP-K 2398: ['reu program logistics.', 'post-program mentoring.', 'learning outcomes.', 'selection plans.', 'project assessment'] 

Reference 2398: ['computational biology', 'grid and cloud computing', 'hpc'] 

TOP-K 2399: ['software tm systems', 'reduction operations.', 'reduction patterns.', 'sequential order semantics', 'new explicit memory operation', 'first feature', 'second feature', 'unnecessary transaction', 'new dataset'] 

Reference 2399: ['irregular applications', 'reduction operations', 'software transactional memory', 'thread level speculation'] 

TOP-K 2400: ['study findings', 'user interaction monitoring.', 'developer support', 'detailed navigation behavior', 'source code elements'] 

Reference 2400: ['empirical study', 'eye-tracking', 'interactions'] 

TOP-K 2401: ['meta-feature selection scheme', 'formal definition oracle.', 'several dynamic selection techniques', 'ideal dynamic selection technique.', 'new sets'] 

Reference 2401: ['classifier competence', 'dynamic ensemble selection', 'ensemble of classifiers', 'meta-learning', 'particle swarm optimization'] 

TOP-K 2402: ['software quality', 'psp', 'psp training', 'original psp course training', 'personal software', 'assignments.'] 

Reference 2402: ['personal software process', 'software engineering education and training', 'software process improvement', 'software quality improvement'] 

TOP-K 2403: ['transmission random packet dropouts', ['sensor networks'], 'random matrices', 'innovation approach'] 

Reference 2403: ['correlated noises', 'distributed filtering', 'random packet dropouts', 'random parameter matrices', 'sensor networks'] 

TOP-K 2404: ['ins/gps position', 'model accuracy', 'ensemble algorithm', 'dynamic data.', 'data condition'] 

Reference 2404: ['ensemble learning algorithm', 'gps outages', 'neural network', 'sins/gps integration'] 

TOP-K 2405: ['failure mitigation', 'test requirements', 'failure mitigation tests.', 'web applications.', 'large case study', 'behavioral test suite.', 'genetic algorithm.', 'systematic method'] 

Reference 2405: ['failure mitigation patterns', 'genetic algorithm', 'web testing'] 

TOP-K 2406: ['descriptor', 'complex object matching', 'novel descriptor', ['adaptive object distance'], 'state-of-the-art performances', 'common image transformations.', 'several benchmarks', 'interest points.', 'global properties'] 

Reference 2406: ['adaptive object distance', 'image classification', 'k-nearest neighbors', 'object classification', 'object matching', 'partial dominant orientation descriptor'] 

TOP-K 2407: [['parallel algorithm'], 'inter-domain boundary', 'computer cores', 'mesh quality.', 'sequential mesh improvement codes.', 'element quality.'] 

Reference 2407: ['domain decomposition', 'dual graph', 'mesh generation', 'parallel algorithms', 'quality improvement'] 

TOP-K 2408: ['task qos', 'round robin', 'qos satisfaction', 'scheduling algorithm', 'practical experiment', 'token bucket traffic specification', 'task usage.', 'real-time task.', 'real environments'] 

Reference 2408: ['internet of things', 'quantum time allocation', 'real-time operating system', 'scheduling', 'task scheduler'] 

TOP-K 2409: ['dolev et al', 'bfs', 'bounded-memory version', 'exponential stabilization times', ['stabilization time']] 

Reference 2409: ['bfs spanning tree', 'composite atomicity model', 'distributed unfair daemon', 'round and step complexity', 'self-stabilization', 'stabilization time'] 

TOP-K 2410: ['textual correlation features', 'approach svm-sbctc', 'weighting schemes', 'bug reports.', 'top performance'] 

Reference 2410: ['bug reports', 'correlation features', 'duplication detection'] 

TOP-K 2411: ['fuzzy logic', 'entropy', 'textural images', 'new method', 'fuzzy sets.', 'feature extraction', 'fuzzy k', 'effective feature'] 

Reference 2411: ['chaos', 'fuzzy sets', 'image classification', 'kolmogorov-sinai entropy', 'texture analysis', 'uncertainty'] 

TOP-K 2412: ['sensor combination', 'sensor combinations.', 'social events.', 'statistical significance', 'controlled situations', 'external cameras.', 'different data rates', 'real operation'] 

Reference 2412: ['multi-camera network', 'particle filter', 'robot localisation', 'sensor fusion', 'wifi localisation'] 

TOP-K 2413: ['global discriminative regularization term', 'between-class scatter matrix.', 'geometrical structure', 'new algorithms', 'within-class scatter matrix.', 'discriminative structure', 'objective functions.'] 

Reference 2413: ['global discrimination information', 'nonnegative matrix factorization (nmf)', 'spectral clustering'] 

TOP-K 2414: ['dynamic task-aware scheduling', 'numa multi-core systems.', ['linux kernel'], 'load imbalance', 'default scheduler', ['resource contention'], 'processor cores', 'mechanism', 'run time behavior.', 'complementary tasks.'] 

Reference 2414: ['linux kernel', 'multi-core', 'numa', 'resource contention', 'scheduling'] 

TOP-K 2415: ['schedulability analysis', 'scheduling policy', 'hierarchical system', 'cpu supply', 'new type', 'definition', 'systems.', 'kind', 'global level.'] 

Reference 2415: ['embedded systems', 'partitioned systems', 'real-time algorithms', 'real-time systems', 'real-time systems scheduling'] 

TOP-K 2416: ['image classification algorithms', 'partial sparse representation algorithm', 'experimental results', 'sample selection procudure', 'optimization strategy.'] 

Reference 2416: ['dictionary learning', 'image classification', 'low-rank', 'sparse coding', 'structured sparsity'] 

TOP-K 2417: [['usage-based chunks'], 'software architecture documents.', 'architectural knowledge', 'tool builders', 'collaborative construction', 'architectural information exist.', 'different types', 'use different groups'] 

Reference 2417: ['information finding', 'software architecture document', 'task', 'usage-based chunking'] 

TOP-K 2418: [['federated cloud'], ['resource allocation'], 'network delay', 'bandwidth allocation.'] 

Reference 2418: ['cloud computing', 'federated cloud', 'infrastructure as a service', 'resource allocation', 'subgraph isomorphism', 'vm cluster embedding'] 

TOP-K 2419: ['nonlinear large-scale classification problems', 'kernel space.', 'fast calculations.', 'approach', 'approximate kernel'] 

Reference 2419: ['kernel methods', 'nonlinear pattern recognition', 'nonlinear projection trick', 'nyström approximation'] 

TOP-K 2420: ['scheduling algorithm gtcharge', 'energy efficiency', 'nash equilibrium point', 'scheduling performance'] 

Reference 2420: ['collaborative charging', 'game theory', 'wireless rechargeable sensor networks'] 

TOP-K 2421: ['real-world case studies', 'secure pervasive computing systems.', 'complex casas systems', 'system consistency', 'formal semantics', 'compositional manner.'] 

Reference 2421: ['access control', 'compositional verification', 'context-aware', 'pervasive systems', 'secure action system'] 

TOP-K 2422: ['shared cloud data auditing.', 'identity privacy', 'first scheme'] 

Reference 2422: ['cloud storage', 'identity traceability', 'public auditing'] 

TOP-K 2423: ['power consumption', 'ping-pong problem.', 'energy efficiency.', 'controlled variables', 'transmission power consumption', 'dynamical active host', 'response time models.', 'several aspects', 'task assignment scheme.'] 

Reference 2423: ['energy efficiency', 'load balance', 'performance', 'scheduling', 'threshold'] 

TOP-K 2424: [['iris segmentation'], ['iris recognition'], 'uncontrolled conditions', 'visible images', 'cumulative sums'] 

Reference 2424: ['circle fitting', 'iris detection', 'iris recognition', 'iris segmentation', 'watershed transformation'] 

TOP-K 2425: ['reptopic', 'cosine similarity measures', 'bug fixers.', 'new algorithms', 'bug severity', 'bug resolution tasks.', 'new bug report.', 'previous works'] 

Reference 2425: ['fixer recommendation', 'severity prediction', 'topic model'] 

TOP-K 2426: ['distribution-free method', 'software fault', 'prediction methods', 'major case', 'monotone estimator', 'potential performance'] 

Reference 2426: ['completely monotone nonparametric estimator', 'grouped data', 'software reliability'] 

TOP-K 2427: ['novel bayesian inference approach', 'software defect prediction.', 'stochastic homogeneous poisson process.', 'subsequent releases', 'software classes', 'appropriate metrics.', 'multiple modes'] 

Reference 2427: ['doubly stochastic poisson process', 'sampling importance resampling', 'software defect prediction', 'stochastic belief network'] 

TOP-K 2428: ['improved product multi-sensor phd', 'pm-phd', 'inaccurate state estimation', 'authors', 'infinite sums', 'exact intervals.'] 

Reference 2428: ['multi-sensor fusion', 'multi-target tracking', 'probability hypothesis density', 'random finite set'] 

TOP-K 2429: ['mapreduce server-job organizer problem', 'mapreduce-like frameworks', 'state-of-the-art algorithms', 'amazon ec2', 'schedule problem', ['server assignment'], '3-approximation algorithm', 'msjo problem.', 'fast heuristic design', 'comprehensive simulations', 'classical strategies'] 

Reference 2429: ['fast heuristic', 'mapreduce', 'np-complete', 'scheduling', 'server assignment'] 

TOP-K 2430: ['erp customization', 'customization requirements', 'real-life erp project', 'algorithm', ['case study'], 'quantitative terms.'] 

Reference 2430: ['case study', 'customization', 'decision making', 'enterprise resource planning (erp) projects', 'requirements prioritization'] 

TOP-K 2431: [['mutual information'], ['high-order dependencies'], 'high-order dependencies.', 'current mutual information', 'many popular mutual information', ['feature selection'], 'feature selection methods', 'feature selection approaches.', 'concrete experimental evidence', 'sound approach'] 

Reference 2431: ['feature selection', 'high-order dependency', 'mutual information'] 

TOP-K 2432: [['eye movement biometrics'], 'multi-source fusion', 'eye movement biometrics.', 'weighted fusion scheme', 'multi-stimulus fusion.', 'weight-training procedure', 'algorithm-specific weights.', 'identification performance.', 'field', 'considerable improvement'] 

Reference 2432: ['eye movement biometrics', 'multi-algorithmic fusion', 'multi-stimulus fusion'] 

TOP-K 2433: ['dht-based framework', 'xml data', 'logarithmic performance bounds', 'pst construction', 'space-efficient path selectivity table', 'path selectivity estimation.', ['adaptive path selection'], 'search algorithm', 'network traffic.'] 

Reference 2433: ['adaptive path selection', 'distributed hash tables', 'path selectivity', 'semi-structured data'] 

TOP-K 2434: ['mapreduce performance', 'large-scale data', 'scale object store', 'initial data', 'ceph storage system.', 'computation layer', 'object store.'] 

Reference 2434: ['attribute-based storage', 'in-situ data analytics', 'mapreduce', 'object storage'] 

TOP-K 2435: ['three-body potentials', 'load-balancing scheme', ['three-body interactions'], 'perfect load-balancing', 'n', 'parallel efficiency'] 

Reference 2435: ['gpu', 'load balancing', 'three-body interactions'] 

TOP-K 2436: ['large group decision-making', 'lgdm problem', 'lgdm analysis', 'decision weights', 'different subgroups', 'case study', 'new kind', 'presented.'] 

Reference 2436: ['large group decision-making (lgdm)', 'percentage distribution', 'ranking', 'weight'] 

TOP-K 2437: [['timing constraints'], 'tr systems.', 'modeling real-time requirements', 'tr paradigm.', 'temporal constraints', 'tr approach.', ['tristar'], 'tristar extension', 'novel approach', 'practical demonstration'] 

Reference 2437: ['requirements engineering', 'teleo-reactive', 'timing constraints', 'tristar'] 

TOP-K 2438: ['multi-target localization algorithm', 'multi-target localization problem.', 'finite point process modeling', 'measurement association', 'experimental data', 'point process model.', 'numerical simulation', 'false alarms.', 'target number', 'detailed evaluation', 'point process model accounts'] 

Reference 2438: ['acoustic gunfire detection', 'expectation maximization', 'finite point process', 'multi-sensor multi-target localization', 'optimal subpattern assignment', 'poisson point process'] 

TOP-K 2439: ['soa patterns catalog', 'real-word orchestrations', 'web service orchestrations.', 'bpel processes', 'quality requirements', 'method', 'quality requirements.', 'minimal negative effect'] 

Reference 2439: ['bpel', 'quality attribute', 'soa pattern'] 

TOP-K 2440: ['fault-tolerant 4dgins', 'new variant', 'hardware cost', 'stable reliability', 'different tags.', 'equal distribution', 'destination pair'] 

Reference 2440: ['disjoint paths', 'fault tolerant mins', 'gamma interconnection networks (gin)', 'multistage interconnection networks (mins)', 'terminal reliability'] 

TOP-K 2441: ['hfes', 'hesitant fuzzy owa operator', ['admissible orders'], 'total orders', 'total orders.', 'different admissible orders.', 'distinct rankings', 'desirable properties'] 

Reference 2441: ['admissible order', 'hesitant fuzzy elements', 'hesitant fuzzy sets', 'owa operator', 'partial orders'] 

TOP-K 2442: ['black box prioritization heuristics', 'saas build acceptance testing.', 'build acceptance tests', 'industrial case study', 'historical failures.', 'saas matters', 'field failures.', 'empirical evidence', 'novel process', 'service combinations'] 

Reference 2442: ['cloud computing', 'prioritization', 'regression testing', 'software as a service'] 

TOP-K 2443: ['split-and-merge execution', 'system-wide schedulability', 'schedulability analysis', 'split-and-merge execution.', 'gpa', 'multi-gpu systems.', 'real-time systems.'] 

Reference 2443: ['gpgpu', 'multi-gpu', 'real-time systems'] 

TOP-K 2444: ['adaptive singular value decomposition', 'face recognition.', 'self-adapted illumination compensation', 'fourier domain', 'fei databases', 'experimental results', 'lighting variation.'] 

Reference 2444: ['face recognition', 'image enhancement', 'singular value decomposition', 'two-dimensional discrete fourier transform'] 

TOP-K 2445: [['rfid'], ['in-vehicle sensors'], 'lssvm algorithm', 'rfid tags', 'vehicle positioning.', 'global fusion', 'virtual sensor', ['multiple models']] 

Reference 2445: ['in-vehicle sensors', 'multiple model', 'rfid', 'sensor fusion', 'vehicle positioning'] 

TOP-K 2446: ['key samr regridding components', '2m mpi tasks.', 'well-behaved timer trends', ['dynamic adaptivity'], 'cascade partitioner', 'tile clustering step', 'regrid time', 'cluster counts'] 

Reference 2446: ['adaptive mesh refinement', 'clustering algorithm', 'data locality', 'dynamic adaptivity', 'partitioning algorithm', 'scalable algorithm'] 

TOP-K 2447: ['nne collections', 'universal expressions', 'pca features', 'multicultural expression.', 'future work', 'multicultural dataset.', 'uniform visual representation'] 

Reference 2447: ['binary neural network', 'ensemble classifier', 'facial expression recognition', 'neural network ensemble collections'] 

TOP-K 2448: [['owa operators'], 'orness measure', 'image reduction', 'several owa operators', 'decision-making problem', 'local conditions', 'complete lattice.', 'quantitative measure.'] 

Reference 2448: ['decision making', 'image processing', 'lattice-valued fuzzy sets', 'orness', 'owa operator'] 

TOP-K 2449: ['gaussian-consensus filter', 'gaussian filter', ['sensor networks'], 'nonlinear systems', 'decentralized fusion', 'markov chain.', 'delay', 'multiple model method.', 'measurement equation', 'posterior probability'] 

Reference 2449: ['consensus filter', 'gaussian approximated filter', 'markov chain', 'randomly delayed measurements', 'sensor networks'] 

TOP-K 2450: ['bernoulli pf', 'random finite set models', 'particle filters', 'multi-bernoulli pf.', 'bearings-only target tracking'] 

Reference 2450: ['bearings-only measurements', 'random set models', 'sequential monte carlo estimation', 'stochastic nonlinear filtering', 'target tracking'] 

TOP-K 2451: ['fuzzy knowledge representation scheme', 'inference-based scene classification', 'fuzzy knowledge.', 'image annotation.', 'multi-label classification', 'novel inference', 'novel data-driven algorithms', 'annotation refinement', 'knowledge-based approach', 'automatic acquisition', 'scene recognition.', 'ordinary approach'] 

Reference 2451: ['fuzzy petri net', 'image annotation', 'inference algorithms', 'knowledge representation', 'multi-label image classification'] 

TOP-K 2452: ['clustering-based classification', 'vm deduplication.', 'image deduplication.', 'fingerprint search space.', 'image content layout', 'small group', 'propose periodical triggering'] 

Reference 2452: ['cloud computing', 'deduplication', 'virtualization', 'vm image'] 

TOP-K 2453: ['krawtchouk moments.', 'hybrid-type face recognition', 'moment-based face recognition.', 'expression variant faces', 'lda projection', 'discriminative selection', 'effective facial parts', 'comparative study', 'challenging databases'] 

Reference 2453: ['discriminative moments', 'face recognition', 'orthogonal krawtchouk moments'] 

TOP-K 2454: ['power-efficient parallelism algorithm', 'image feature extraction algorithms.', 'parallelism constraints', 'efficient adaptive pipeline scheme', 'various parallelism', 'good scalability.', 'various workloads'] 

Reference 2454: ['adaptive pipeline', 'image feature extraction', 'multi-core', 'sift', 'surf'] 

TOP-K 2455: ['state-of-the-art algorithms', 'state-of-the-art performance', 'large data sets', 'method', 'joint feature selection', 'classification method', 'constructive structure', 'feature domains.', 'large data', 'method benefits'] 

Reference 2455: ['bayesian inference', 'embedded feature selection methods', 'fast marginal likelihood maximization', 'relevance sample-feature machine (rsfm)', 'sparse bayesian learning'] 

TOP-K 2456: ['freertos group', 'rtos test.', 'rtos developments', 'rtos users', 'benchmark suit', 'behavior tests', 'character freertos evolution process.', 'perform performance tests'] 

Reference 2456: ['embedded system', 'freertos', 'real-time os', 'software evolution'] 

TOP-K 2457: ['energy efficiency', 'memory multicores', 'hardware support', 'simple mp support', 'isa extensions.', 'cache accesses', 'mpi library', ['message passing']] 

Reference 2457: ['message passing', 'multicore', 'shared memory'] 

TOP-K 2458: ['lif', 'traditional wmf', 'small motion', 'smoothness parameter.', 'selective gradient'] 

Reference 2458: ['corrected weighted median filter', 'large displacement', 'optical flow', 'smoothness parameter estimation', 'weighted local intensity fusion'] 

TOP-K 2459: ['multiple hyperplanes', 'lol', 'theoretical analysis', 'cumulative error'] 

Reference 2459: ['classification', 'local modeling', 'one-pass online learning'] 

TOP-K 2460: ['linear order', 'admissible linear order', 'linear orders.', 'fuzzy approaches', 'unique solution'] 

Reference 2460: ['interval linear order', 'interval-valued atanassov intuitionistic fuzzy set', 'interval-valued atanassov intuitionistic multi-expert decision making'] 

TOP-K 2461: ['clm', ['codebookless model'], 'gaussian manifold.', 'well-motivated parameters', 'joint low-rank learning', 'mainstream bof model.', 'comprehensive experiments', 'promising performance', 'competitive alternative'] 

Reference 2461: ['bag-of-features', 'codebookless model', 'image classification', 'riemannian manifold'] 

TOP-K 2462: ['large p-margin classification problems', 'large p-margin solution', 'non-linearly separable problems.', 'perceptron-based formulation.', 'primal variables', 'efficient incremental strategy', 'novel algorithm'] 

Reference 2462: ['binary classification', 'large margin classifiers', 'p-norm', 'perceptron algorithms'] 

TOP-K 2463: ['cost-effective strategies', ['regression testing'], 'pair-wise combinatorial tests', 'database regression testing.', 'combinatorial tests', 'production data', 'important regression faults', 'database applications.'] 

Reference 2463: ['classification tree modeling', 'database applications', 'regression testing'] 

TOP-K 2464: ['model-driven approach', 'multi-agent systems', 'parkinson patients.', 'development time', 'developers', 'response time.'] 

Reference 2464: ['agent-oriented software engineering', 'model-driven engineering', 'parkinson disease'] 

TOP-K 2465: ['instance selection methods', ['regression'], 'simple discretization', ['instance selection'], 'methods', 'output variable', 'good results.', 'different families'] 

Reference 2465: ['ensemble models', 'instance selection', 'regression'] 

TOP-K 2466: [['intuitionistic fuzzy sets'], ['evidential reasoning methodology'], 'aggregated intuitionistic fuzzy value', 'alternative.', 'useful way'] 

Reference 2466: ['evidential reasoning methodology', 'fuzzy multiattribute group decision making', 'intuitionistic fuzzy sets', 'similarity measures'] 

TOP-K 2467: ['mathematical expression recognition system', 'system', 'public databases', 'several knowledge sources.'] 

Reference 2467: ['handwriting recognition', 'mathematical expression recognition', 'probabilistic parsing'] 

TOP-K 2468: ['energy efficient storage.', 'temperature overhead', 'complexity multidimensional optimization.', 'precise online temperature', 'performance requirements', 'control accuracy', 'fuzzy decision', 'first attempt'] 

Reference 2468: ['energy-efficient storage', 'fuzzy control', 'temperature-constrained'] 

TOP-K 2469: [['job scheduling'], 'new strategy'] 

Reference 2469: ['backfilling', 'job scheduling', 'parallel computing', 'performance evaluation', 'simulator'] 

TOP-K 2470: ['static-slicing methods', 'model prioslice', ['static slice'], 'data dependencies', 'static slice.', 'control dependencies', 'statements', 'effects.'] 

Reference 2470: ['dependence analysis', 'fault localization', 'probabilistic slicing', 'program analysis', 'static slicing', 'thin slicing'] 

TOP-K 2471: ['ir spectral features', 'multi-scale texture details', 'visible image', 'important perceptual cues', 'asymmetrical scheme.', 'different combination algorithms', 'different scales.', 'edge features'] 

Reference 2471: ['bilateral filter', 'gaussian filter', 'human perception', 'image fusion', 'multi-scale decomposition'] 

TOP-K 2472: ['tv-l1 method', 'middlebury data set', 'novel anisotropic tv-regularizer.', 'accurate optical flow computation.', 'various complicated scenes', 'illumination variability.', 'strong texture', 'texture discontinuities.'] 

Reference 2472: ['anisotropic regularizer', 'endoscopy', 'image registration', 'image sequence mosaicing', 'optical flow', 'weighted median filtering'] 

TOP-K 2473: ['hga', 'real-world workflows.', 'hybrid ga', 'simulation results', 'heterogeneous environment.', 'load balancing.', 'schedule lengths', 'significant improvement'] 

Reference 2473: ['directed acyclic graphs', 'genetic algorithm', 'heuristic', 'workflow'] 

TOP-K 2474: ['tosca-mart', 'cloud interoperability.', 'cloud applications.', 'component descriptions', 'method'] 

Reference 2474: ['cloud application', 'reuse', 'tosca'] 

TOP-K 2475: ['optical models', 'optimization schemes', 'score level fusion schemes', 'images', 'facial images', 'extensive experiments', 'open database', 'illumination variations.', 'accuracy.'] 

Reference 2475: ['biometrics', 'child pornography', 'forensics', 'skin marks', 'tattoos'] 

TOP-K 2476: ['security vulnerabilities', 'eclipse marketplace', 'context-sensitive data-flow analysis', ['early detection'], 'security vulnerabilities.', 'vulnerability detection.', 'study replications.', 'early detector'] 

Reference 2476: ['data flow analysis', 'early detection', 'secure programming'] 

TOP-K 2477: ['spatio-temporal coherency', 'rpca low-rank analysis.', 'saliency clues', 'low-rank background', 'robust background tracking method.', 'online exploration'] 

Reference 2477: ['aligned rpca', 'low-rank analysis', 'monitor stabilization', 'non-stationary videos', 'salient motion detection', 'semantic coherency'] 

TOP-K 2478: ['co-evolving metamodels', 'ccp', ['consistent change propagation'], 'uml metamodel', 'uml models'] 

Reference 2478: ['consistency checking', 'consistent change propagation', 'metamodel co-evolution'] 

TOP-K 2479: [['granular box regression'], 'granular boxes.', 'outliers.', 'regression analysis', 'box configuration', 'penalty schemes', 'data sets', 'linear models', 'box configuration.', 'instances', 'penalty scheme', 'low rates'] 

Reference 2479: ['data abstraction', 'data simplification', 'granular box regression', 'noisy data', 'outlier elimination'] 

TOP-K 2480: ['heterogeneous wireless networks.', 'new dynamic scheduling algorithm.', 'distinct scheduling algorithms', 'common scheduling algorithm', 'mih module.', 'scheduling scheme', 'transmission links'] 

Reference 2480: ['heterogeneous wireless networks', 'qos', 'scheduling algorithm'] 

TOP-K 2481: ['information flow analysis', 'value stream mapping.', 'process assessment', 'large-scale commercial software', 'practical methodology'] 

Reference 2481: ['case study research', 'lean software development', 'value stream mapping'] 

TOP-K 2482: ['high fault-rates', 'traffic-prediction-unit technique', 'deadlock recovery', 'graceful performance degradation', 'congestion relief.', 'rab mechanism'] 

Reference 2482: ['3d noc', 'architecture', 'deadlock-free', 'dynamic reconfiguration', 'fault-tolerance', 'robustness'] 

TOP-K 2483: ['cloud migration research area', ['legacy applications'], 'typical cloud migration process', 'future research opportunities', 'important cloud migration activities', 'open issues', 'important criteria/features', 'relevant approaches', 'extensive analysis'] 

Reference 2483: ['cloud computing', 'cloud migration', 'evaluation framework', 'legacy application', 'migration methodology', 'process model'] 

TOP-K 2484: ['dsls', 'extensive systematic literature review', 'reusable design decisions', 'uml-based domain-specific languages', ['design decisions'], 'design decisions.', 'characteristic dsl designs', 'available design-decision catalog.'] 

Reference 2484: ['design decision', 'design rationale', 'domain-specific language', 'domain-specific modeling', 'model-driven development', 'unified modeling language'] 

TOP-K 2485: ['participatory sensing.', 'privacy research challenges', 'privacy implications', 'recent privacy mechanisms'] 

Reference 2485: ['mobile sensing', 'participatory sensing', 'privacy'] 

TOP-K 2486: ['qslb', 'qos benchmarks', 'qslb features', 'cluster capacity', 'redundant qslbs', 'different architectures', 'nrpm models', 'qos parameters.'] 

Reference 2486: ['dynamic load balancing', 'fault tolerance', 'quality of service'] 

TOP-K 2487: ['provider profit maximization', 'new scheduling algorithms', 'cloud services.', 'multidimensional tradeoff', 'energy efficiency.'] 

Reference 2487: ['cloud computing', 'cloud services', 'delay', 'energy efficiency', 'profit', 'scheduling algorithms'] 

TOP-K 2488: ['cyber-physical application platforms.', 'design-time analysis', 'implicit design-time encoding', 'resilient operation', 'validation tools'] 

Reference 2488: ['algorithms', 'distributed systems', 'performance evaluation', 'resilient systems', 'wireless computing clusters'] 

TOP-K 2489: [['architecture-based self-adaptation'], 'absa', 'complex human-driven adaptations.', 'legacy adaptive system.', 'original adaptation behavior.', 'upfront investment'] 

Reference 2489: ['architecture-based self-adaptation', 'evolution', 'rainbow'] 

TOP-K 2490: [['data races'], 'event-driven programs.', 'data race healing approach', 'static binary analysis', 'dynamic analysis.', 'prototype implementation', 'technique'] 

Reference 2490: ['data races', 'event-driven programs', 'healing techniques'] 

TOP-K 2491: ['multi-objective prioritization', 'multi-objective prioritization problem.', 'mono-objective approaches', 'non-functional data', 'objective functions', 'evolutionary algorithm'] 

Reference 2491: ['automated software testing', 'highly-configurable systems', 'test case prioritization', 'variability'] 

TOP-K 2492: ['rdt', 'data mining methods.', 'sensitive information', 'knowledge reservation.', 'experimental results', 'original data', 'watermark payload'] 

Reference 2492: ['cloud computing', 'privacy-preserving', 'reversible data hiding'] 

TOP-K 2493: [] 

Reference 2493: ['interacting multiple model (imm)', 'kalman filter (kf)', 'person detection', 'tracking', 'wireless sensor network (wsn)'] 

TOP-K 2494: ['sift keypoint alignment', 'offline signature verification.', 'in-depth analysis', 'useful local binary patterns', 'complementary approaches', 'new feature', 'multiple levels.'] 

Reference 2494: ['histogram of oriented gradients', 'local binary patterns', 'offline signature', 'scale invariant feature transform', 'score-level fusion'] 

TOP-K 2495: ['b-spline interpolation method', ['asynchronous sensors'], 'bias estimation problem', 'time registration.', 'target position.', 'pseudo measurement'] 

Reference 2495: ['asynchronous sensors', 'bias estimation', 'data fusion', 'manoeuvring targets', 'spatial registration'] 

TOP-K 2496: [['task mapping'], 'hpc applications.', 'job allocation.', 'joint allocation strategy', 'communication costs', 'joint allocation', ['communication patterns']] 

Reference 2496: ['communication pattern', 'cooling management', 'high-performance computing', 'job allocation', 'optimization', 'task mapping'] 

TOP-K 2497: ['lcbm', 'user profiles', 'binary ratings.', 'statistical characterization', 'good predictions', 'current solutions', 'light algorithm'] 

Reference 2497: ['big data', 'collaborative filtering', 'personalization', 'recommendation systems'] 

TOP-K 2498: ['automated connectors synthesis approach', 'application interoperability.', 'connector adaptation process', 'stochastic model-based implementation', 'connector non functional adequacy.', 'dependability analysis'] 

Reference 2498: ['connector synthesis for interoperability', 'dependability', 'performance'] 

TOP-K 2499: [['age stereotypes'], 'awareness-based intervention', 'new target age group', 'diversity literature', 'software development.', 'on-the job intervention', 'employees long-term.'] 

Reference 2499: ['age stereotypes', 'bias', 'diversity training', 'innovation expectations', 'performance expectations', 'software development'] 

TOP-K 2500: ['reconfigurable networks', 'high-throughput seed topology', 'task partitioning.', 'structural properties'] 

Reference 2500: ['network configuration algorithm', 'optical circuit switch', 'reconfigurable interconnect topology', 'stream-computing', 'topology-aware graph partitioning'] 

TOP-K 2501: ['sensor type', 'developed optimal observer', 'detection threshold', 'parameter design', 'threshold set', 'condition supplies guidance'] 

Reference 2501: ['disturbance decoupling', 'fault detection', 'multi-rate sensor system', 'optimal filtering', 'unknown input observer'] 

TOP-K 2502: ['graph matching', 'modeling multiple situations', 'intelligence analysis applications', 'and/or gm policies.', 'search heuristic.', 'numerous numerical experiments', 'and/or gm methodology.', 'single template graph.', 'precedence tree guidance', 'significant speedup'] 

Reference 2502: ['and/or graph', 'intelligence analysis', 'precedence tree', 'stochastic graph matching'] 

TOP-K 2503: [['tristar'], 'tristar.', 'tr systems', 'tr systems.', 'modeling software requirements', 'novel approach', 'empirical proof'] 

Reference 2503: ['i', 'requirements engineering', 'teleo-reactive', 'tristar'] 

TOP-K 2504: ['proximal support vector machines.', ['contrast measure'], 'computational complexity', 'matrix inversion', 'target population', 'conjugate gradient method.'] 

Reference 2504: ['contrast measure', 'linear programming problem', 'outlier detection', 'proximal support vector machines'] 

TOP-K 2505: ['semi-supervised discriminant analysis', 'decremental algorithms', 'economic qr decomposition.', 'between-class scatter matrix', 'distorted tags', 'total scatter matrix', 'little computational cost', 'negative effects', 'new samples'] 

Reference 2505: ['discriminant analysis', 'face recognition', 'incremental learning', 'semi-supervised learning'] 

TOP-K 2506: ['chinese remainder theorem', 'long word lengths', 'new fast methods', 'analytic speed bound.', 'bottleneck.', 'moduli selection'] 

Reference 2506: ['fast sign detection', 'partial reconstruction', 'reconstruction coefficient', 'reduced precision', 'residue number systems', 'rns'] 

TOP-K 2507: [['software ecosystems'], 'field maturity', 'field evolution', 'empirical focus.'] 

Reference 2507: ['longitudinal literature study', 'software ecosystem maturity', 'software ecosystems'] 

TOP-K 2508: ['cloud computing.', 'different revenue models', 'software firms', 'software architecture', 'pricing models', 'software providers', 'mixed revenue models', 'different revenue', 'different competitive strategies.', 'hybrid pricing mechanism.'] 

Reference 2508: ['cloud computing', 'competitive strategy', 'saas', 'servitization', 'software pricing'] 

TOP-K 2509: [['hybrid cloud storage'], ['reassessment interval'], 'hybrid cloud storage costs.', 'total hybrid costs', 'hybrid cloud costs.', 'concurrent sourcing.', 'acquisition cycle', 'volume non-stationarity.', ['volume variation'], 'analytical model'] 

Reference 2509: ['acquisition interval', 'concurrent sourcing', 'hybrid cloud storage', 'plural governance', 'reassessment interval', 'volume variation'] 

TOP-K 2510: ['multi-agent task allocation', 'task allocation', 'decentralised group formation mechanism', 'group coordination', 'dynamic task allocation', ['disaster environments'], 'multiple constraints.', 'disaster environments.', 'utility calculation mechanism'] 

Reference 2510: ['agent coordination', 'disaster environments', 'intelligent agents', 'resource allocation'] 

TOP-K 2511: ['fusion functions', ['order relations'], 'doc algorithm', 'appropriate order relation', 'selection strategies', 'thorough experimental evaluation'] 

Reference 2511: ['data fusion', 'knowledge base construction', 'order relation', 'relational databases'] 

TOP-K 2512: ['universal cross-platform messaging service', 'cutting-edge technologies', 'extendable messaging language parsers', 'wearable computing', 'device diversity.', 'real-time scheduling service.', 'future protocols.', 'languages suite', 'better support'] 

Reference 2512: ['feedback', 'messaging', 'notification'] 

TOP-K 2513: ['context model', 'application examples', 'mentor assignment', 'information sharing', 'ontological context model', 'software domain.'] 

Reference 2513: ['context-awareness', 'meta-modeling', 'semantic web'] 

TOP-K 2514: ['quasi-synchronous checkpointing algorithms', 'idr graph', 'hbr graph', 'idr graph.', 'validation approach', 'algorithm execution', 'minimal causal graph', 'validation rules'] 

Reference 2514: ['autonomic computing', 'graph transformation', 'happened before relation', 'immediate dependency relation', 'quasi-synchronous checkpointing'] 

TOP-K 2515: ['pgsr', 'feature sets', 'linear w.r.t', 'proximal gauss', 'multiple feature sets.', 'consistent correspondence', 'general convergence guarantee.', 'novel method', 'seidel relaxation'] 

Reference 2515: ['convex relaxation', 'feature correspondence', 'graph matching', 'multiple feature set correspondence', 'permutation matrix', 'proximal gauss-seidel method'] 

TOP-K 2516: [['all-to-all comparisons'], 'data-aware task scheduling approach', 'all-to-all comparison computing pattern', 'all-to-all comparison problem.', 'big data', 'dynamic task scheduling', 'metaheuristic data'] 

Reference 2516: ['all-to-all comparison', 'data distribution', 'distributed computing', 'task scheduling'] 

TOP-K 2517: ['random temporal networks', ['temporal networks'], 'random graphs', 'critical availability', 'td', 'temporal diameter', 'periodic availability', 'links.', 'random availabilities'] 

Reference 2517: ['availability', 'diameter', 'random input', 'temporal networks'] 

TOP-K 2518: ['cloud software testing research', 'three-year mapping study', 'initial research questions', 'literature surveys.', 'literature review.', 'mapping study', '5w +1 h pattern', 'case study', 'lessons learned.', 'structure reports.'] 

Reference 2518: ['5w+1h pattern', 'cloud software testing', 'systematic mapping study'] 

TOP-K 2519: ['lsi framework', 'natural image segmentation', 'latent semantic inference', 'segmentation problem', 'cross-scale potentials', 'label inference problem.', 'scale information'] 

Reference 2519: ['image segmentation', 'label inference', 'mrf model'] 

TOP-K 2520: ['particle swarm optimization', 'pnn classifier parameters', 'hotelling reduction process.', 'features', 'similarity measure', 'input data', 'optimal set'] 

Reference 2520: ['classification', "hotelling's statistics", 'pnn', 'pso', 'signature verification'] 

TOP-K 2521: ['software engineering.', 'social sciences', 'modeling requirements.', 'early commitment', 'systematic approach', 'established methods'] 

Reference 2521: ['grounded theory', 'requirements', 'software engineering'] 

TOP-K 2522: ['hesitant fuzzy sets.', ['hesitant fuzzy sets'], 'current proposals', 'position paper studies'] 

Reference 2522: ['hesitant fuzzy sets', 'operations', 'properties and decision making'] 

TOP-K 2523: ['fusion algorithm', 'decision-level fusion.', 'markov random field model.', 'novel texture feature', ['hidden markov model'], ['local binary pattern'], 'previous algorithms', 'edge information', 'fuse primitive decisions.'] 

Reference 2523: ['breast cancer', 'decision-level fusion', 'hidden markov model', 'local binary pattern', 'mrf-based probable texture feature'] 

TOP-K 2524: ['echo', 'tabu heuristic principle', 'traditional cache', 'search method', ['range queries'], 'load balancing.', 'index information.', 'especial dissemination method', 'speedup query resolution.', 'novel solution'] 

Reference 2524: ['dht', 'distributed indexing', 'peer-to-peer', 'prefix trees', 'range queries'] 

TOP-K 2525: ['spatial variability', 'correlation coefficient r', 'land cover change pixels.', 'sensor difference', 'temporal fusion methods', 'istdfa method', 'logarithmic relationship', 'key weaknesses', 'negative exponential relationship'] 

Reference 2525: ['from-glc', 'landsat', 'modis', 'remote sensing', 'spatial and temporal data fusion'] 

TOP-K 2526: ['self-adaptive attribute weighting', 'attribute weighting.', 'one-dependence estimators.', 'real-world datasets', 'ais affinity function', 'runtime efficiency', ['artificial immune systems'], 'performance gain.', 'accuracy effectiveness'] 

Reference 2526: ['artificial immune systems', 'attribute weighting', 'classification', 'evolutionary machine learning', 'naive bayes', 'self-adaptive'] 

TOP-K 2527: ['software outsourcing partnership model.', 'research methodologies', 'case studies', 'empirical study', 'case study.', 'various models'] 

Reference 2527: ['critical success factors', 'software outsourcing partnership', 'systematic literature review'] 

TOP-K 2528: ['context-aware systems specification', 'mde techniques', 'context-aware systems.', 'safety critical properties', 'framework design.', 'conceptual framework', ['formal methods']] 

Reference 2528: ['context-aware adaptive systems', 'formal methods', 'model-driven engineering'] 

TOP-K 2529: ['category experts', 'category experts.', 'recommendation methods', 'methods', 'incremental update.'] 

Reference 2529: ['collaborative filtering', 'expert', 'performance evaluation', 'recommender system'] 

TOP-K 2530: ['null dereference bugs', 'ghost classes', 'null dereferences.', 'null ghosts', 'source code transformations', 'open-source projects', 'causality traces'] 

Reference 2530: ['causality analysis', 'debugging', 'null pointer'] 

TOP-K 2531: ['probabilistic information', 'fusion process.', 'weighted fusion', 'multiple sources.', 'important factor'] 

Reference 2531: ['credibility', 'entropy', 'fusion', 'quality-based'] 

TOP-K 2532: ['td management', 'large up-front cost', 'process integration', 'low ongoing costs', 'cost pattern', 'software projects.', 'various costs'] 

Reference 2532: ['case study', 'project management', 'software maintenance', 'software technical debt', 'technical debt management'] 

TOP-K 2533: ['novel instance-weighted strategy', 'decision plane', 'neighbor chain.'] 

Reference 2533: ['classification', 'extended nearest neighbor chain', 'instance weight', 'weighted support vector machine'] 

TOP-K 2534: [['visual term'], 'visual term detection', 'object detection', 'scene level', 'context sensitive grammar.', 'part level', 'object level.', 'new concept', 'istop model', 'significant gap', 'image form scene level'] 

Reference 2534: ['and-or graph', 'concept recognition', 'context sensitive grammar', 'image parsing', 'latent svm', 'visual term'] 

TOP-K 2535: ['target tracking problem', ['information filter'], ['fuzzy functions'], ['divergence'], 'multi sensor', 'conventional information filter.', 'velocity estimate', 'initial convergence'] 

Reference 2535: ['divergence', 'fuzzy function', 'information filter', 'information state', 'multi sensor data fusion'] 

TOP-K 2536: ['clustering-based dictionary learning', 'multimodal image fusion.', 'sparse coefficients', 'compact dictionary', 'simultaneous orthogonal matching pursuit.', 'fusion quality', 'processing time', 'structural similarities.', 'different sources', 'principal components'] 

Reference 2536: ['clustering', 'dictionary learning', 'k-svd', 'multimodal image fusion', 'sparse representation'] 

TOP-K 2537: ['linguistic terms', 'linguistic opinion formation.', 'consensus', 'opinion formation.', 'confidence', 'sufficient conditions', 'effects'] 

Reference 2537: ['2-tuples linguistic model', 'bounded confidence', 'fusion process', 'linguistic opinions', 'opinion dynamics'] 

TOP-K 2538: ['disparity refinement method', 'computational complexity.', 'typical refinement methods', 'speed evaluation', 'accuracy evaluation', 'constant result'] 

Reference 2538: ['belief aggregation', 'belief propagation', 'disparity refinement', 'non-local', 'stereo matching'] 

TOP-K 2539: ['ensemble learning problems', 'contextual neighborhood knowledge', 'new ensemble system', 'classifiers subset', 'sparse reconstruction problems.', 'computational burden', 'testing phase'] 

Reference 2539: ['classification', 'ensemble learning', 'hyperspectral imagery', 'joint sparse recovery', 'spatial correlation'] 

TOP-K 2540: ['reactive circuits', 'on-demand reactive circuit reservations', 'full-system simulation', 'unnecessary coherence messages.', 'realistic applications.'] 

Reference 2540: ['chip multiprocessor', 'coherence protocol', 'interconnection network'] 

TOP-K 2541: ['visual saliency', 'salient objects', 'novel method', 'new approach', 'bottom-up parameters', 'feature importance.', 'joint optimization'] 

Reference 2541: ['image matting', 'salient object detection', 'salient object segmentation', 'spectral clustering'] 

TOP-K 2542: ['multidimensional modeling', 'density functions.', 'parametric family', 'multiple instances'] 

Reference 2542: ['ellipse detection', 'gmm', 'l2 distance', 'parameter estimation'] 

TOP-K 2543: ['training set properties', 'hierarchical multi-label classifiers.', 'micro f-measure', 'multiple thresholds', 'multiple threshold selection', 'label sets', 'empty label sets.', 'competitive approach'] 

Reference 2543: ['f-measure', 'hierarchical loss', 'hierarchical multi-label classification', 'hmc-loss', 'threshold optimisation'] 

TOP-K 2544: [['kinship verification'], 'new method', 'sparse similarity function', 'low computational cost', 'similarity learning.', 'superior verification rate', 'new formulation', 'ensemble learning', 'relative characteristics'] 

Reference 2544: ['face recognition', 'genetic similarity', 'kinship verification', 'metric learning'] 

TOP-K 2545: ['pipelined fission problem', 'three-stage heuristic algorithm', 'pipelined fission configurations.', 'streaming applications.', 'optimal pipelined fission configuration.'] 

Reference 2545: ['auto-parallelization', 'data stream processing', 'fission', 'pipelining'] 

TOP-K 2546: [['dynamic invariants'], 'redundant invariants', 'common faults', 'false positives', 'suspect functions.'] 

Reference 2546: ['dynamic invariant', 'fault localization', 'program analysis', 'software debugging'] 

TOP-K 2547: ['vertex-disjoint paths', 'k-dimensional dcell', ['disjoint paths'], ['algorithm'], 'distinct vertices', 'simulation result', 'construct n', 'maximal length'] 

Reference 2547: ['algorithm', 'data center networks', 'dcell networks', 'disjoint paths'] 

TOP-K 2548: ['edge sensitivity analysis method', 'multi-level embedding.', 'image quality', 'prediction error.', 'predictive methods', 'better information capacity', 'error value.', 'complementary mechanism'] 

Reference 2548: ['edge sensitivity analysis', 'histogram shifting', 'reversible data hiding'] 

TOP-K 2549: ['real-time workloads', 'dynamic power management', 'speed assignment computation scheme', ['run-time monitoring'], 'speed assignments.', 'worst-case ready queue', 'heat emission', 'timing correctness'] 

Reference 2549: ['dynamic power and temperature management', 'dynamic voltage frequency scaling', 'multicore architectures', 'online real-time scheduling', 'real-time computing', 'run-time monitoring'] 

TOP-K 2550: ['state-of-the-art cnn-based classification methods', 'cnn features', 'images', 'string edit distances', 'structural representation', 'structural approach', 'spatial relationships.'] 

Reference 2550: ['convolutional neural network', 'edit distance', 'image classification', 'string representation'] 

TOP-K 2551: ['decision objective functions.', 'objective function.', 'measure representation', 'quasi-maxitive measures', 'decision maker', 'overall satisfaction', 'special types'] 

Reference 2551: ['decision making', 'fuzzy measures', 'integrals', 'multi-criteria'] 

TOP-K 2552: ['multi-rate sensor systems.', ['fault detection'], ['model reduction'], 'fault-related multi-rate observer', 'computation-efficient fault detection'] 

Reference 2552: ['fault detection', 'model reduction', 'multi-rate sensor fusion', 'unknown input decoupling'] 

TOP-K 2553: [['fatty liver disease'], 'discrete cosine transform method', 'normal images', 'radon transform', 'average accuracy', 'single number.'] 

Reference 2553: ['discrete cosine transform', 'fatty liver disease', 'fuzzy classifier', 'locality sensitive discriminant analysis', 'ultrasound'] 

TOP-K 2554: ['novel rbm-based model', 'quadripartite contrastive divergence algorithm', 'fer transformations', 'transformations', 'image pairs.', 'hidden sets.'] 

Reference 2554: ['face expression recognition', 'image transformations', 'restricted boltzmann machines', 'spatio-temporal features'] 

TOP-K 2555: ['fuzzy rough set theory.', 'feature selection algorithm', 'filter-wrapper method', 'mixed data.', 'attribute reductions', 'feature subset'] 

Reference 2555: ['feature selection', 'fuzzy rough set theory', 'information entropy', 'mixed data'] 

TOP-K 2556: ['granularity effort units', ['effort estimation'], 'unit effect', 'conversational norms.'] 

Reference 2556: ['effort estimation', 'effort unit', 'judgment bias'] 

TOP-K 2557: ['facial shape dynamics', ['sparse coding'], 'grassmann manifolds.', 'identity recognition.', ['dictionary learning'], 'effective representation'] 

Reference 2557: ['4d face recognition', 'curvature-maps', 'dictionary learning', 'grassmann manifold', 'sparse coding'] 

TOP-K 2558: ['semantic implosion algorithm', 'naive algorithm', 'na', 'possible finite state models', 'sia', 'finite state model', 'model space growth', 'explosion problem.', 'different categories'] 

Reference 2558: ['i<sup>*</sup> model', 'model checking', 'model transformation'] 

TOP-K 2559: [['teamwork quality'], 'agile software teams.', 'project success', ['team performance'], 'personal success.', 'traditional teams', 'large effect'] 

Reference 2559: ['agile development', 'learning', 'project management', 'team performance', 'teamwork quality', 'work satisfaction'] 

TOP-K 2560: [['optimal filters'], ['optimal filter'], ['spatial information'], 'cc criteria.'] 

Reference 2560: ['image fusion', 'optimal filter', 'principal component analysis', 'spatial information', 'spectral information'] 

TOP-K 2561: ['mobile application testing techniques.', 'empirical studies', 'current literature', 'systematic mapping study', 'several research gaps', 'classification scheme', 'evaluation type', 'classification schema.', 'contribution facets.'] 

Reference 2561: ['mobile application testing', 'software testing', 'systematic mapping'] 

TOP-K 2562: ['multi-level signature-based precise clustering', 'signature-based clustering algorithm', 'communication traces', 'unprecedented low overhead', 'precise results'] 

Reference 2562: ['clustering algorithms', 'concurrent programming', 'performance measurement', 'programming techniques'] 

TOP-K 2563: ['off-line signature', 'forensic experts', 'quality measures', 'genuine off-line signatures.', 'grid transitions.'] 

Reference 2563: ['grid features', 'off-line signature verification', 'ordered powerset', 'signature quality'] 

TOP-K 2564: ['color edge detectors', 'color edge detector', 'andd matrix', 'color image.', 'new detector', 'high edge resolution', ['gradient matrix']] 

Reference 2564: ['anisotropic gaussian directional derivative matrix', 'color edge detection', 'color edge direction map', 'color edge strength map', 'gradient matrix'] 

TOP-K 2565: ['bp4d-spontaneous data sets', 'state-of-the-art retrieval schemes', 'unsupervised facial expression recognition.', 'retrieval results', '3d face scans.', 'novel retrieval methodology', 'dynamic sequences', 'retrieval scheme.', 'detailed evaluation'] 

Reference 2565: ['3d object retrieval', '4d facial expression recognition', '4d facial expression retrieval', 'dynamic 3d mesh sequence'] 

TOP-K 2566: ['svm classifier', 'rgb-d videos.', 'euclidean distance', 'pyramid-structural bag-of-words', 'stm', 'spatio-temporal matrix', 'spatio-temporal feature vectors', 'local tendency'] 

Reference 2566: ['action recognition', 'self-similarity', 'view-invariant'] 

TOP-K 2567: ['fingerprint indexing accuracy', 'algorithm', 'learning-based fingerprint', 'locality sensitive', 'estimation algorithm'] 

Reference 2567: ['fingerprint indexing', 'locality sensitive hashing', 'pose estimation'] 

TOP-K 2568: ['em-like method', 'view weighting', 'local optimum solution.', 'new method', 'feature weighting.', 'extensive experiments'] 

Reference 2568: ['data clustering', 'feature selection', 'multi-view', 'weighting'] 

TOP-K 2569: ['agile practices', 'agile methods.', 'slow hardware development', ['embedded system'], 'system-wide understanding increased.', 'team members', 'internal documentation.'] 

Reference 2569: ['agile', 'agile method', 'case study', 'embedded system'] 

TOP-K 2570: ['soft discriminant maps', ['high-dimensional datasets'], 'inter-class discrimination.', 'classification performance', ['feature extraction'], 'discriminative subspace projections.', 'inverse relationship', 'comparable techniques', 'theoretical existence'] 

Reference 2570: ['classification', 'dimensionality reduction', 'feature extraction', 'high-dimensional datasets', 'overfitting'] 

TOP-K 2571: ['fuzzy c-ordered-medoids clustering', 'fuzzy clustering', ['interval-valued data'], 'natural vague boundaries', 'synthetic data', 'owa operators', 'different types', 'yager ׳', 'real application', 'huber ׳'] 

Reference 2571: ['fuzzy c-ordered medoids clustering', 'hubers m-estimators', 'interval-valued data', 'ordered weighted averaging', 'outlier interval data', 'robust clustering'] 

TOP-K 2572: ['image-to-class dtw distance', 'static gesture representation', 'trajectory gesture representation', 'model'] 

Reference 2572: ['3d hand gesture recognition', 'dynamic time warping', 'fingerlets', 'human computer interaction', 'image-to-class distance', 'strokelets'] 

TOP-K 2573: ['user popularity', 'new sites', 'popularity patterns', 'new sites.', 'first study', 'previous sites', 'average number'] 

Reference 2573: ['cross-media study', 'cross-site information fusion', 'cross-site user analysis', 'friendship analysis', 'popularity analysis'] 

TOP-K 2574: ['kernel pca', 'fixed-length binary representation', 'final bit-string', 'computational complexity', 'average eer', 'linkage attacks', 'performance', 'kpca drops'] 

Reference 2574: ['cancellable fingerprint', 'fixed-length representation', 'kernel principal components analysis (kpca)', 'multi-line code (mlc)'] 

TOP-K 2575: [['noise filters'], 'iterative noise filter', 'noise sensitivity', 'noise filters.', 'noisy score', 'proposal', 'clean examples'] 

Reference 2575: ['class noise', 'classification', 'fusion of classifiers', 'noise filters', 'noisy data'] 

TOP-K 2576: ['cpu systems.', 'limited workspace', 'times speedups', 'comparable performance', 'workspace size', 'automatic translators', 'redundant computation.'] 

Reference 2576: ['code transformation', 'computational fluid dynamics', 'gpu computation', 'precompilation'] 

TOP-K 2577: ['new ir/visible fusion method', 'thermal radiation', 'fusion strategy', ['gradient transfer'], 'sharpened ir images', 'tv minimization.', 'appearance information', 'source images.', 'fuse image pairs', 'abundant textures.'] 

Reference 2577: ['gradient transfer', 'image fusion', 'infrared', 'registration', 'total variation'] 

TOP-K 2578: ['model-related operations.', 'performance testing framework', 'random data', 'case studies', 'efficient model generation algorithm'] 

Reference 2578: ['model generation', 'model-driven engineering', 'model-related operation', 'performance testing'] 

TOP-K 2579: ['noisy multispectral image fusion.', 'structure tensor', 'image features', 'noise interference.', 'gradient field', 'gradient information.'] 

Reference 2579: ['gradient entropy metric', 'image fusion', 'matrix of structure tensor', 'noisy multispectral images', 'p-laplace diffusion constraint'] 

TOP-K 2580: ['f-score measure', 'classifier ensembles.', 'classifiers selection strategy', 'real-time video tracking', 'online classification.', 'diversity-aware approach', 'asymmetric samples', 'performance members', 'good balance', 'explicit handling'] 

Reference 2580: ['classifiers fusion', 'classifiers selection', 'f-score', 'online tracking', 'tracking via classification'] 

TOP-K 2581: [['mobile anchor'], 'range-free movement strategy', 'movement strategy', 'localization sensors', 'localization accuracy', 'path length', 'connected network.', 'rectangular region.'] 

Reference 2581: ['connected networks', 'mobile anchor', 'path planning', 'range-free localization', 'rectangular region', 'wireless sensor networks'] 

TOP-K 2582: ['mobile autonomous agent', 'cognitive search strategies', 'persistent sensory cues', 'search time', 'inverse gaussian.', 'real data.', 'search area', 'unknown strength.'] 

Reference 2582: ['autonomous search', 'dispersion modelling', 'sensor management', 'sequential monte carlo method', 'turbulent flow'] 

TOP-K 2583: ['retrieval problem', 'latent topics.', 'semantic gap challenge.', 'class discovery problem', 'retrieval framework', 'ranking function.', 'new ranking function'] 

Reference 2583: ['content-based video retrieval', 'information retrieval', 'latent topics', 'probabilistic latent semantic analysis (plsa)', 'relevance feedback'] 

TOP-K 2584: ['noc router power-gating', 'noc power-gating simulation', 'noc power-gating simulation platforms', 'full-system compatibility', 'key requirements', ['cycle-accurate simulator']] 

Reference 2584: ['cycle-accurate simulator', 'full-system simulation', 'network-on-chip', 'power-gating', 'static power'] 

TOP-K 2585: ['model evolution', 'model evolution.', 'ongoing research challenges', 'conceptual overview'] 

Reference 2585: ['co-evolution', 'evolution', 'migration'] 

TOP-K 2586: ['tps-rpm framework.', 'robust track-to-track association', 'non-rigid transformation.', 'minlp model.', 'structural similarity', 'structural difference', 'da techniques'] 

Reference 2586: ['robust point matching (rpm)', 'sensor biases', 'thin plate spline (tps)', 'track-to-track association'] 

TOP-K 2587: ['point matches', 'experimental results', 'real data', 'typical point matches', 'novel method', 'certain conditions', 'transformation', 'typical methods.'] 

Reference 2587: ['boosting-inspired', 'feature extraction', 'feature matching', 'point match evaluation', 'rigid underlying transformation'] 

TOP-K 2588: ['building', 'opportunistic skeleton routes', 'social skeleton.', 'large network traces', 'com', 'sparse connected overlay', 'first reliable broadcast mechanism', 'connectivity properties'] 

Reference 2588: ['efficient multi-hop routing', 'reliable broadcast', 'social mobile networks'] 

TOP-K 2589: [['maintainability'], 'quality parameters', 'feature selection techniques', 'prediction rate', 'neural network', 'metrics.', 'hybrid approach', 'paper focus'] 

Reference 2589: ['artificial neural network', 'ck metrics suite', 'maintainability'] 

TOP-K 2590: ['connected cars', ['situation awareness'], 'different situation awareness tools', 'situation awareness process', 'connected cars.', 'major situation awareness frameworks', 'literature survey', 'various taxonomies', 'main groups.'] 

Reference 2590: ['advanced driving assisted systems', 'high-level information fusion', 'internet of cars', 'situation awareness'] 

TOP-K 2591: ['combination.', 'data extraction'] 

Reference 2591: ['agile development', 'architecting approach', 'software architecture'] 

TOP-K 2592: ['group sparse representation', 'algorithm', 'feature-level multimodal biometrics.', 'real world lea databases', 'experimental results', 'classification algorithm', 'multimodal scenario.'] 

Reference 2592: ['biometrics', 'feature-level fusion', 'multimodal', 'sparse representation'] 

TOP-K 2593: ['seismic image', 'in-network computing', 'method', 'wireless sensor networks.', 'synthetic seismic data', 'high resolution image', 'multi-resolution scheme.', 'core emulator.', 'velocity model'] 

Reference 2593: ['distributed computing', 'mt. st. helens', 'seismic tomography', 'sensor network'] 

TOP-K 2594: [['energy-aware scheduling algorithms'], 'computational grids.', 'algorithms', 'energy consumption', 'traditional algorithms'] 

Reference 2594: ['energy-aware scheduling algorithms', 'high performance computing', 'simulation'] 

TOP-K 2595: [['measurement programs'], ['measurement program'], 'large software development companies.', 'development process'] 

Reference 2595: ['case study', 'measurement program', 'metrics', 'software engineering'] 

TOP-K 2596: ['project cost estimates', 'misleading information', 'software developers', 'precise numbers', 'credible sources', 'irrelevant information', 'effect.'] 

Reference 2596: ['anchoring effects', 'numerical preciseness', 'software project estimation'] 

TOP-K 2597: ['real-world self-adaptive applications', ['interactive application model'], 'test generation technique', 'application', 'input space', 'light-weight way.'] 

Reference 2597: ['interactive application model', 'sample-based testing', 'self-adaptive application testing'] 

TOP-K 2598: ['information fusion', ['plagiarism detection'], 'plagiarism detection.', 'digital documents', 'web pages', 'educational institutions.', 'plagiarism patterns', 'mining algorithms'] 

Reference 2598: ['multi documental data sources', 'plagiarism detection', 'text patterns information fusion'] 

TOP-K 2599: [['two-list algorithm'], 'communication-avoiding workload distribution scheme', 'parallel two-list algorithm', 'heterogeneous cooperative computing approach', 'efficient heterogeneous cooperative implementation', 'gpu clusters'] 

Reference 2599: ['heterogeneous cooperative computing', 'hybrid cpu–gpu cluster', 'hybrid programming model', 'subset-sum problem', 'two-list algorithm', 'workload distribution'] 

TOP-K 2600: ['xquery injection vulnerabilities', 'xquery injection attacks', 'native xml dbs.', 'web applications', 'benchmark web applications.', 'prototype system'] 

Reference 2600: ['fuzz testing', 'injection attacks', 'vulnerability scanner', 'web application security', 'xml injection', 'xpath injection'] 

TOP-K 2601: ['multi-kernel learning approaches', 'tomographic reconstruction theory', 'experimental results', 'method', 'unbiased combination.', 'art performance.'] 

Reference 2601: ['classifier combination', 'kernel methods', 'support vector machines', 'tomography'] 

TOP-K 2602: ['agile', ['tertiary study'], 'studies agile practice.'] 

Reference 2602: ['agile software development', 'lean software development', 'project constraints', 'tertiary study'] 

TOP-K 2603: ['h-mlsvms', 'training lsvms', 'lsvms', 'nonlinear svms', 'rademacher complexity', ['hierarchical structure'], 'stop criterion', 'generalization error', 'large memory', 'good classification performance', 'efficient algorithms', 'training process', 'kernel values'] 

Reference 2603: ['classification', 'hierarchical structure', 'support vector machine'] 

TOP-K 2604: ['geolocation-based cloud service', 'attestation protocol', 'cloud devices', 'geolocation system', 'performance improvement', 'tiny hypervisor.'] 

Reference 2604: ['hypervisor', 'trusted execution environment', 'trusted geolocation'] 

TOP-K 2605: ['java models', 'mde tools', 'evolution', 'mixed arma-garch models', 'time series models', 'models', 'arma models', 'new framework', 'statistical models', 'empirical study', 'high level changes', 'realistic test models', 'abstraction levels'] 

Reference 2605: ['forecasting', 'model driven engineering', 'simulation', 'software model evolution analysis', 'test model generation', 'time series analysis'] 

TOP-K 2606: ['e-sceaf', 'energy optimization', 'municipal buildings', 'city', 'energy indicators', 'municipal buildings.', 'smart infrastructure integration.', 'decision support tool', 'different cities', 'local authorities.', 'real life', 'policy context', 'specific sector'] 

Reference 2606: ['2-tuple linguistic model', 'decision support system', 'energy assessment framework', 'information fusion', 'smart cities'] 

TOP-K 2607: ['state-of-the-art results', 'local patches', 'method', 'individual faces.', 'several face recognition datasets.', 'raw patches.', 'strong structural information', 'dense extraction', 'critical roles'] 

Reference 2607: ['face recognition', 'feature pooling', 'image classification'] 

TOP-K 2608: ['service trust', 'fuzzy-based credibility model', 'trust models', 'service raters.', 'probabilistic query evaluation', 'probabilistic database-based approach', 'model rating', 'uncertainty.'] 

Reference 2608: ['credibility', 'trust', 'web service'] 

TOP-K 2609: ['topic-based microblog summarization framework', 'wikipedia concepts.', 'wikification service', 'fuzzy formal concept analysis.', 'fuzzy lattice.', 'temporal extension', 'good tradeoff', 'peculiar properties', 'different level'] 

Reference 2609: ['big data', 'fuzzy formal concept analysis', 'microblog summarization', 'social media analytics', 'time awareness'] 

TOP-K 2610: ['teaching strategies', 'software engineering education.', 'scrum course', 'software industry', 'controlled experiments', 'suitable teaching strategy', 'style model.'] 

Reference 2610: ['agile software development', 'learning styles', 'software engineering education'] 

TOP-K 2611: [['software vulnerabilities'], 'vulnerability events', 'future vulnerabilities', 'first order markov property.', 'software applications.', 'next vulnerability', 'sequential patterns', 'significant difference'] 

Reference 2611: ['software vulnerabilities', 'vulnerability prediction', 'vulnerability trends'] 

TOP-K 2612: ['optimal/nearoptimal configuration', 'concurrency levels', 'dvfs settings.', 'analytical speedup model', 'thread allocation', 'energy efficiency configuration.', 'hybrid method'] 

Reference 2612: ['energy consumption', 'high performance computing', 'parallel', 'power model', 'speedup model'] 

TOP-K 2613: ['spoof-resistant fusion.', 'stable m-spoof performance', 'livdet2013 crossmatch', 'score anomalies', 'n instances.'] 

Reference 2613: ['1-median', 'anti-spoofing', 'multibiometrics'] 

TOP-K 2614: ['real-world tinyos programs', 'preemptive execution model', 'nested interrupts.', 'software/hardware interactions.', ['device drivers'], 'effective static analysis', ['abstract interpretation'], 'present several experimental results'] 

Reference 2614: ['abstract interpretation', 'device drivers', 'static analysis', 'wireless sensor networks'] 

TOP-K 2615: ['similarity measure', 'metric fusion', 'metric swarm', 'local sub-metrics', 'efficient alternative optimization algorithm', 'joint similarity score function.'] 

Reference 2615: ['classification', 'face verification', 'metric learning', 'similarity'] 

TOP-K 2616: ['new binary descriptor', 'structure-aware framework', 'general object detection task', 'traditional binary descriptors.', 'large scale dataset', 'discriminative ability', 'generalization power', 'variable patterns.'] 

Reference 2616: ['binary descriptor', 'boosted local binary', 'object detection', 'realadaboost', 'structure-aware'] 

TOP-K 2617: ['service similarity', 'query language', 'gui application', 'service connectors', 'process variants.', 'similarity', 'neighborhood context.', 'real dataset', 'several experiments'] 

Reference 2617: ['composition context matching', 'service querying', 'service-based business process'] 

TOP-K 2618: ['palmprint feature extraction.', 'novel doc', 'palmprint identification.', 'nonlinear matching scheme', 'top-two responses', 'double orientations', 'different types'] 

Reference 2618: ['biometric', 'double-orientation code', 'nonlinear angular distance', 'palmprint recognition'] 

TOP-K 2619: ['kernel-level ssi clusters', 'kernel-level ssi', 'single system', 'novel recent work', 'retrospective survey'] 

Reference 2619: ['distributed hypervisors', 'distributed operating systems', 'single system image', 'technology adoption'] 

TOP-K 2620: ['cc algorithm', 'committee coordination problem', 'snap-stabilizing algorithms', 'snap-stabilizing solutions', 'fairness', 'maximal concurrency.', 'properties'] 

Reference 2620: ['committee coordination', 'distributed algorithms', 'self-stabilization', 'snap-stabilization'] 

TOP-K 2621: [['histogram smoothing'], 'small-sample-size scenarios', 'lbp histograms.', 'data-driven techniques', 'supervised variants.', 'material categorization', 'smoothing techniques', 'face recognition.'] 

Reference 2621: ['histogram', 'histogram smoothing', 'kernel density estimation', 'local binarized descriptors', 'local binary patterns', 'soft-assignment'] 

TOP-K 2622: ['roar', 'qos goals', 'cloud resources.', 'complete resource deployment template', 'multiple cloud platforms', 'generic web applications', 'specific cloud platform'] 

Reference 2622: ['cloud computing', 'load testing and benchmarking', 'resource optimization'] 

TOP-K 2623: ['multi-hypotheses tracking methods', 'ambiguity removal', 'vehicle-mounted laserscanner', 'conflictual data', 'vehicular environments.', 'new method', 'target association', 'previous work', 'shafer theory', 'beneficial way.'] 

Reference 2623: ['ambiguity', 'association', 'dempster-shafer theory', 'tracking'] 

TOP-K 2624: ['visual attention model', 'alternative visual attention models', 'theoretical perceptual model.', 'computational model', 'discriminant visual features.', 'video tracking.', 'joint perceptual space', 'practical application', 'experimental comparison', 'visual attention model extracts'] 

Reference 2624: ['color and brightness perceptual model', 'saliency maps', 'video tracking', 'visual attention'] 

TOP-K 2625: ['snpsvm', 'prior knowledge', 'parallel techniques', 'direction method'] 

Reference 2625: ['alternating direction method of multipliers', 'nonparallel support vector machine', 'pattern recognition', 'structural information'] 

TOP-K 2626: ['double-pedestrian detectors', 'pedestrian detection performance.', 'stereo information', 'information fusion module', 'final detection decision', 'optimal matching pairs.'] 

Reference 2626: ['binocular vision', 'double-pedestrian detection', 'fusion', 'matching', 'pedestrian detection'] 

TOP-K 2627: ['small-sample-size problem', 'unconstrained face recognition scenarios', 'fkt formulation.', 'high dimensional data', 'optimal projection direction vectors', 'scatter matrices.', 'trace ratio.', 'exact solutions'] 

Reference 2627: ['face recognition', 'fukunaga koontz transform', 'linear discriminant analysis', 'locality preserving projections', 'unsupervised discriminant projection'] 

TOP-K 2628: ['palladio component model', 'real-time systems', 'embedded systems.', 'complete use case', 'real system', 'validation tests', 'set'] 

Reference 2628: ['component-based software engineering', 'model-driven engineering', 'real time software', 'solar orbiter'] 

TOP-K 2629: ['social big data', 'social big data applications', ['big data'], 'data analytic techniques', 'methodologies', 'information fusion', 'social media.', 'various domains'] 

Reference 2629: ['big data', 'data mining', 'social media', 'social networks', 'social-based frameworks and applications'] 

TOP-K 2630: ['fsg', 'hierarchical decision fusion', 'n-sample classification error.', 'base-layer classifiers', 'fusion spaces', 'state-of-the art ensemble', 'distance learning method', 'geometric analysis', 'distance learning methods.'] 

Reference 2630: ['classification', 'decision fusion', 'ensemble learning', 'hierarchical distance learning', 'nearest neighbor rule'] 

TOP-K 2631: ['feature level sequential fusion.', 'algorithm', 'general framework', 'optimal algorithm', 'output scores'] 

Reference 2631: ['biometric cryptosystems', 'multimodal biometrics', 'sequential fusion', 'sequential probability ratio test'] 

TOP-K 2632: ['ibe cryptosystems', 'identity-based encryption', 'practical implementations', 'new modular design approach.', 'first framework', 'easy implementation', 'effcient implementation'] 

Reference 2632: ['cryptographic protocols', 'distributed protocols', 'software implementation'] 

TOP-K 2633: ['single bhs', 'multiple bhs papers', 'research areas', 'malicious hosts.', 'papers', 'future directions', 'typical techniques.', 'different assumptions', 'key observations.', 'point'] 

Reference 2633: ['black hole search', 'malicious host', 'mobile agents', 'multiple black holes', 'network diagnosis'] 

TOP-K 2634: ['matrix transpose problem', 'n', 'matrix transpose algorithm', 'n x n mesh', '3-dimensional mesh architectures', 'steps'] 

Reference 2634: ['algorithm analysis', 'matrix transpose', 'mesh architecture'] 

TOP-K 2635: ['feature-driven crossover', 'feature modularization', ['crossover operator'], 'search algorithm', 'basic design principles', 'pla design.', 'empirical results'] 

Reference 2635: ['crossover operator', 'empirical study', 'multi-objective genetic algorithm', 'product line architecture design'] 

TOP-K 2636: ['interval opinion dynamics', 'simulation analysis', 'sufficient conditions'] 

Reference 2636: ['consensus', 'dynamic bounded confidences', 'fusion process', 'interval opinions', 'opinion dynamics'] 

TOP-K 2637: [['gaussian mixture models'], 'density model', 'flow cytometry data', 'non-negative matrix factorization', ['l2 distance'], 'affine registration'] 

Reference 2637: ['acute lymphblastic leukemia', 'clustering', 'convex non-negative matrix factorization', 'flow cytometry', 'gaussian mixture model', 'l2 distance'] 

TOP-K 2638: ['mpsocbench infrastructure', 'simulation infrastructure', 'dvfs technique.', 'different mpsoc configurations.', 'dvfs mechanisms', 'on-chip interconnection.', 'high-level evaluation'] 

Reference 2638: ['dvfs', 'modeling', 'mpsoc', 'simulation'] 

TOP-K 2639: ['context-aware fusion systems', 'context-based approaches', 'pervasive computing', ['information fusion'], 'context representation', 'image processing', 'novel architectural design aspects', 'jdl perspective.', 'key context concepts', 'different domains', 'fusion systems.', 'historical analysis', 'different research communities.', ['survey'], 'discussion'] 

Reference 2639: ['architectural aspects', 'context', 'information fusion', 'state-of-the-art', 'survey'] 

TOP-K 2640: [['packet interleaving'], 'open source packet interleaver', 'ip layer', 'real application performance', ['packet interleaver'], 'ip layer.', 'real network experimentations.', 'real networks.', 'video distortion', 'comprehensive approach', 'first time'] 

Reference 2640: ['packet interleaving', 'packet loss', 'udp'] 

TOP-K 2641: ['current techniques'] 

Reference 2641: ['classifier competence', 'dynamic ensemble selection', 'ensemble of classifiers', 'meta-learning'] 

TOP-K 2642: ['recent state-of-the-art keyword', 'query-by-example keyword', 'historical collections.', 'pre-processing step.', 'efficient vectorial representation', 'method', 'index large collections.'] 

Reference 2642: ['dense sift features', 'historical documents', 'keyword spotting', 'latent semantic analysis', 'product quantization', 'segmentation-free'] 

TOP-K 2643: ['energy aware clustering method', 're-cluster mechanism', 'special data structures', 'energy information.', 'communication cost.'] 

Reference 2643: ['energy efficiency', 'hierarchical routing algorithm', 'semi-static clustering', 'wsns'] 

TOP-K 2644: ['hidden markov models', 'activity sequences.', 'weak temporal structure', 'hidden markov model baseline.', 'observation order.', 'exact temporal structure', 'approach'] 

Reference 2644: ['bayesian inference', 'behavior decomposition', 'behavior recognition', 'visual surveillance'] 

TOP-K 2645: ['toulmin-style arguments.'] 

Reference 2645: ['risk assessment', 'security analysis', 'structured argumentation'] 

TOP-K 2646: ['finding disjoint', ['node-disjoint paths'], ['torus'], 'torus network.', 'paths', 'high probability', 'optimal construction'] 

Reference 2646: ['hypercube', 'k-ary n-cube', 'mesh', 'node-disjoint paths', 'optimization problem', 'torus'] 

TOP-K 2647: ['real-time gpu scheduling', 'real-time gpu scheduling.', 'high-performance srtp reverse proxy', 'latency-driven gpu-based framework', ['gpu'], 'gpu-centric model', 'system performance', 'computation heavy jobs', 'real-time stream processing.', 'admission control.', 'sufficient condition'] 

Reference 2647: ['gpu', 'high-speed networking', 'real-time', 'stream processing'] 

TOP-K 2648: ['dynamic travel planning', 'travel planning system', 'travel schedules.', 'travel schedule planning algorithm', 'travel plans.', 'system usefulness', 'acceptable travel schedules', 'specific travel planning scenario.'] 

Reference 2648: ['e-tourism', 'personalization', 'recommendation system', 'travel planning'] 

TOP-K 2649: ['empirically-developed transition framework', 'agile transition', 'large-scale empirical study', 'agile transformation', ['grounded theory'], 'adoption process.', 'key structural characteristics', 'practical implications', 'transition framework.', 'empirical evaluation', 'previous one.', 'good replacement'] 

Reference 2649: ['agile adoption', 'agile software development', 'agile transformation process', 'grounded theory', 'transition framework'] 

TOP-K 2650: ['homogeneous classifier bunch', 'curvature gabor kernels', 'extensive experimental results', 'low/mid-resolution images.', 'frgc version', 'salient features', 'complementary features.', 'verification rate'] 

Reference 2650: ['extended curvature gabor wavelet', 'face recognition', 'face recognition grand challenge (frgc)', 'feature extraction'] 

TOP-K 2651: ['mdghm', 'surf', 'surf descriptor.', 'first-order derivative-based surf.', 'surf related algorithms', 'panoramic image generation.', 'feature information', 'novel family'] 

Reference 2651: ['local feature extraction', 'modified discrete gaussian-hermite moment', 'surf algorithm'] 

TOP-K 2652: ['hough transform', 'ht', 'main variants', 'software implementations', 'diverse fields', 'many applications'] 

Reference 2652: ['digital hough transform (dht)', 'generalized hough transform (ght)', 'hough transform (ht)', 'probabilistic hough transform (pht)', 'randomized hough transform (rht)'] 

TOP-K 2653: ['compositional product lines', 'annotative product lines', 'product lines', 'templates', 'safe evolution', 'additional evidence'] 

Reference 2653: ['evolution', 'refinement', 'software product lines'] 

TOP-K 2654: ['modularity maximization.', 'algorithms', 'high modularity.', 'parallel algorithms', 'efficient serial', 'current methods.'] 

Reference 2654: ['graph clustering', 'multi-threading', 'multilevel paradigm', 'shared-memory parallel'] 

TOP-K 2655: ['unified belief structure', 'belief degrees', 'belief degrees.', ['evidential reasoning'], 'typical preference representation models', 'preferences', 'panoramic belief structure.'] 

Reference 2655: ['belief structure', 'distance measure', 'evidential reasoning', 'group decision making', 'partially ordered preference'] 

TOP-K 2656: ['invariants', 'volumetric data', 'group representation', 'automatic generation'] 

Reference 2656: ['3d rotation invariant', 'complex moment', 'group representation theory', 'spherical harmonic'] 

TOP-K 2657: ['beta-elliptic handwriting generation model', 'universal synthetic codebooks', 'corpus-driven training', 'synthetic codebook', 'good generalization capabilities', 'writer identification', 'prior segmentation'] 

Reference 2657: ['beta-elliptic model', 'computational generation model', 'feature generation', 'grapheme codebook', 'template matching', 'writer identification and verification'] 

TOP-K 2658: ['big data analytics workload', 're-org tasks.', 'vanilla hadoop', 'framework', 'mechanism'] 

Reference 2658: ['distributed framework', 'gom-hadoop', 'mapreduce', 'ordered dataset'] 

TOP-K 2659: ['coding-based algorithm', 'salient object detection.', 'coding-based method', 'saliency', 'background codebooks', 'bottom-up maps', 'global cues'] 

Reference 2659: ['global and local cues', 'locality-constrained linear coding', 'visual saliency'] 

TOP-K 2660: ['tao framework', 'mda approach', 'case study', 'internal architectures', 'rational agents.', 'new representations', 'modelling tool'] 

Reference 2660: ['modelling language', 'multi-agent system', 'proactive and reactive agents'] 

TOP-K 2661: ['sr-iov infiniband', 'live migration', 'sr-iov ib.', 'ib hardware', 'seamless live migration', 'use cases', 'early prototype'] 

Reference 2661: ['architecture', 'io virtualization', 'sr-iov', 'vm migration'] 

TOP-K 2662: ['hosvd.', 'low computational complexity', 'temporal features', 'superior fusion capabilities', 'video noise', 'different types'] 

Reference 2662: ['higher order singular value decomposition', 'surfacelet transform', 'video fusion', 'video tensor'] 

TOP-K 2663: [['embedded systems'], 'recent model', 'system engineering', 'various mbse activities.', ['tools'], 'systematic literature review'] 

Reference 2663: ['embedded systems', 'mbse', 'tools'] 

TOP-K 2664: ['handwritten mathematical expressions.', 'ground-truth data', 'single assignment problem.'] 

Reference 2664: ['ground-truth annotation', 'handwriting recognition', 'linear assignment problem', 'mathematical expression dataset', 'shape information', 'structural pattern analysis'] 

TOP-K 2665: ['modeling teleo-reactive systems', 'teleo-reactive systems', 'novel method', 'model software requirements', 'understandability level'] 

Reference 2665: ['controlled experiment', 'requirements engineering', 'teleo-reactive'] 

TOP-K 2666: ['data-aware clustering', 'real-world wsn data set', 'owa weights.', 'prediction model', 'extensive simulations'] 

Reference 2666: ['clustering', 'prediction', 'wireless sensor networks'] 

TOP-K 2667: ['multi-attribute combinatorial double auction', 'auction properties', 'winner determination.'] 

Reference 2667: ['cloud resources', 'double auction', 'multi-attribute'] 

TOP-K 2668: [['locality-aware scheduling'], 'selective locality-flexible tasks', 'large task-granularities', 'fine-grain tasks', 'load balancing', 'data locality.', 'applications', 'scheduling yields'] 

Reference 2668: ['apgas languages', 'locality-aware scheduling', 'task placement', 'x10'] 

TOP-K 2669: ['sf model', 'message loss/collision', 'message loss', 'memory model', 'wac model', 'computational models', 'message loss.', 'memory model.', 'analytical proof'] 

Reference 2669: ['self-stabilization', 'shared memory model', 'wireless sensor networks'] 

TOP-K 2670: [['reputation systems'], 'reputation systems.', 'existing reputation systems', 'new taxonomy', 'under-represented areas'] 

Reference 2670: ['feedback', 'reputation system', 'survey', 'taxonomy'] 

TOP-K 2671: ['siem correlation engine', 'siem platform', 'neural networks', 'context-based event classifier', ['genetic programming'], 'system', 'main siem functionalities', 'powerful ai techniques.', 'correlation data', 'real integration'] 

Reference 2671: ['adaptive system', 'artificial neural networks', 'event correlation', 'genetic programming', 'siem'] 

TOP-K 2672: ['vms', 'virtual machines', 'statistical measures', 'empirical data', ['resource management'], 'markov transition', 'hurst exponent', 'resource usage', 'resource allocation', 'cloud environment.'] 

Reference 2672: ['cloud computing', 'resource management', 'usage prediction'] 

TOP-K 2673: ['quasi-invariant representation', 'pair-wise registrations.', 'image space', 'local information', 'coarse-to-fine approach', 'accuracy', 'image set.', 'constraints graph'] 

Reference 2673: ['alignment', 'constraints', 'graph', 'map', 'remote', 'sensing'] 

TOP-K 2674: ['multilevel tool', 'hypergraph model.'] 

Reference 2674: ['graph', 'hypergraph', 'load balancing', 'partitioning'] 

TOP-K 2675: ['data quality', 'real time monitoring', 'cloud resources', 'system management.', 'reliable cloud monitoring.', 'adaptive algorithm', 'monitoring costs', 'monitored time series.'] 

Reference 2675: ['adaptivity', 'big data', 'cloud computing', 'monitoring', 'scalability'] 

TOP-K 2676: ['software theft detection methods', 'software theft.', 'novel feature', 'program', 'method', 'frequency information'] 

Reference 2676: ['birthmark', 'similarity analysis', 'software theft detection'] 

TOP-K 2677: ['topological node features.', 'new subgraph isomorphism algorithm', 'pruning techniques'] 

Reference 2677: ['graph matching', 'subgraph isomorphism', 'topological node features'] 

TOP-K 2678: [['importance sampling'], 'large scale classification problem.', 'rejection sampling', 'discriminative learning framework', 'sample importance weight.', 'unify framework'] 

Reference 2678: ['discriminative learning', 'handwritten chinese character recognition', 'importance sampling', 'sample importance weight'] 

TOP-K 2679: ['failure models', 'work', 'design algorithms', 'system', 'worker model'] 

Reference 2679: ['distributed algorithms', 'fault-tolerance', 'internet supercomputing', 'randomized algorithms', 'reliability'] 

TOP-K 2680: ['locality-aware scheduling policy', 'semantic caching', 'query processing throughput.', 'load balance', 'data reuse', 'query processing.'] 

Reference 2680: ['distributed scheduling', 'distributed semantic cache', 'locality-aware scheduling', 'parallel multi-dimensional range query'] 

TOP-K 2681: ['multi-valued data structures', 'fusion functions', 'quality measures', 'particular functions', 'behavioral properties', 'particular attention'] 

Reference 2681: ['multi-valued fusion', 'multiset', 'set'] 

TOP-K 2682: ['digital drawings', ['line drawings'], 'design grammar interpreter.', 'line drawings.', 'method', 'brush characteristics.'] 

Reference 2682: ['computational design', 'curvature', 'intersection points', 'line drawings', 'varying brush characteristics'] 

TOP-K 2683: ['original segmentation method', 'retina imaging', 'inter-expert variability', 'deformable models.', 'approximate parallelism constraint', 'pathological subjects', ['retinal layers']] 

Reference 2683: ['approximate parallelism', 'double snakes', 'optical coherence tomography', 'parametric active contours', 'retinal layers'] 

TOP-K 2684: ['algorithm', 'sampling nodes', 'various topological networks.', 'parameter ranges', 'experimental evaluation', 'several random walk samples', 'present algorithm', 'various metrics', 'continuous online fashion.'] 

Reference 2684: ['decentralized computation', 'distributed algorithms', 'random sampling', 'random walks', 'self-aware network'] 

TOP-K 2685: [['hamiltonian cycles'], 'edge disjoint hamiltonian cycles', 'third hamiltonian cycle', 'rectangular representation', 'rectangular representation.', 'clear visualization'] 

Reference 2685: ['edge disjoint', 'eisenstein-jacobi network', 'hamiltonian cycle', 'interconnection networks', 'parallel computing'] 

TOP-K 2686: ['multi-class problems', 'bce', 'base learners', 'classification methods', 'feature selection module.', 'computational cost', 'dual structure', 'large number', 'complementary classifier.'] 

Reference 2686: ['artificial neural networks', 'diversity', 'ensemble of classifiers', 'feature selection', 'multi-class classification'] 

TOP-K 2687: ['hardware failure', ['exascale parallel computing'], 'intrinisic recilience'] 

Reference 2687: ['exascale parallel computing', 'failure resilience', 'fault tolerance', 'multilevel monte carlo'] 

TOP-K 2688: ['rest alignment methods.', 'test engineers', 'alignment gaps', 'plan-driven environments.', 'effort estimates', 'practitioner adoption.'] 

Reference 2688: ['coordination', 'requirements engineering', 'software testing'] 

TOP-K 2689: [['steerable local frequency'], 'promising multispectral multifocus fusion', ['oriented analytic image'], 'focus measure', 'focus measure.', 'different spectra.', 'steerable filters.'] 

Reference 2689: ['multifocus image fusion', 'multispectral focus measure', 'oriented analytic image', 'steerable local frequency'] 

TOP-K 2690: [['graph centrality'], 'cpd algorithm', 'point-set registration problem.', 'spatial information', 'convergence speed.', 'centrality variants'] 

Reference 2690: ['coherent point drift (cpd)', 'graph centrality', 'point set registration'] 

TOP-K 2691: ['keypoints', 'curvelet domain', 'textured 3d face surfaces', 'building local surface descriptors', 'distinctive keypoints', 'curvelet domain.', 'nonneutral faces.', 'prior art', 'mid-frequency bands.', 'superior performance'] 

Reference 2691: ['digital curvelet transform', 'face recognition', 'keypoint detection', 'local features'] 

TOP-K 2692: ['adaptive monitoring', 'soa systems', 'adaptive monitoring.', 'adaptive monitoring process', 'abstract multi-layer concept', 'damon framework.', 'monitoring overhead', 'current approaches', 'thorough evaluation', 'monitoring goal', 'significant reduction'] 

Reference 2692: ['adaptive drill-down', 'goal-driven monitoring', 'service oriented architecture'] 

TOP-K 2693: ['first person videos', 'ego-vision scenarios', '3d people localization method', 'tracking state-of-the-art evaluation', 'social groups', 'supervised correlation clustering', 'structural svm.', 'camera calibration.', 'estimation method'] 

Reference 2693: ['egocentric vision', 'group detection', 'head pose estimation', 'social interactions', 'video analysis'] 

TOP-K 2694: ['general bag dissimilarities framework', ['multiple instance learning'], 'metric dissimilarities', ['point set distances'], 'distribution distances', 'outperform state-of-the-art algorithms.', 'practical suggestions'] 

Reference 2694: ['dissimilarity representation', 'drug activity prediction', 'image classification', 'multiple instance learning', 'point set distance', 'text categorization'] 

TOP-K 2695: ['sentiment analysis techniques', 'project issues', 'projects issues.', 'case study', 'development process'] 

Reference 2695: ['github', 'sentiment analysis', 'software development process'] 

TOP-K 2696: [['bit-parallel algorithm'], 'data parallelism', 'stable search throughput', 'fast string search.', 'search throughput', 'data padding scheme', 'arbitrary text', 'patterns', 'multiple patterns', 'different lengths.', 'rapid identification'] 

Reference 2696: ['acceleration', 'avx', 'bit-parallel algorithm', 'string search'] 

TOP-K 2697: ['cmmi levels', 'ols', 'final effort', 'spearman rank correlation matrices', 'cmmi level', 'final effort.', 'natural logarithms.', 'parameters'] 

Reference 2697: ['cmmi level 5', 'ordinary least squares regression', 'software effort estimation', 'us dod'] 

TOP-K 2698: ['ecc library', 'scalar multiplications', 'gpu', 'tnaf-based method', 'ecc-based protocols.', 'random scalars.', 'montgomery ladder', 'fixed scalar.', 'parameter types', 'field multiplication algorithms effect'] 

Reference 2698: ['cuda', 'elliptic curve cryptosystem (ecc)', 'graphic processing units (gpus)', 'parallel cryptographic computation'] 

TOP-K 2699: [['3d wireframes'], 'low computational complexity', ['line drawings'], 'curved edges', 'edges', 'limited search space.', 'form face'] 

Reference 2699: ['3d reconstruction', '3d wireframe', 'edge decomposition', 'face identification', 'internal face', 'line drawing'] 

TOP-K 2700: ['intelligent communication system', 'pluggable modules', 'smart living.', 'single autonomic region.', 'system', 'usage principles', 'ubiquitous communication'] 

Reference 2700: ['arm (advanced risc machine)', 'embedded system', 'gps', 'gsm', 'smart living'] 

TOP-K 2701: ['risk-averse application domains', 'scientists', 'end-user programmers', 'traditional development methodologies', 'risk-averse domains.', 'scientific software.', 'software'] 

Reference 2701: ['knowledge model', 'scientific software', 'software development'] 

TOP-K 2702: ['content-based image retrieval.', 'orientation-selective mechanism', 'image representation', 'saliency areas.', 'color volume', 'energy feature'] 

Reference 2702: ['gray level co-occurrence matrix', 'image retrieval', 'saliency structure histogram', 'saliency structure model', 'visual attention'] 

TOP-K 2703: ['software reliability prediction approach', ['decision tree'], 'model selection methods', 'robust software reliability prediction', 'long-term prediction.', 'predictive learning', 'long/short term prediction.', 'informative criteria', 'approach'] 

Reference 2703: ['decision trees', 'multi criteria', 'software reliability prediction'] 

TOP-K 2704: ['neural networks', 'prediction accuracy', 'software projects', 'isbsg dataset release', 'statistical regression', 'new software projects.', 'team size', 'development duration', 'function points', 'absolute residuals.', 'independent variables.'] 

Reference 2704: ['multilayer feedforward neural network', 'radial basis function neural network', 'software project duration prediction'] 

TOP-K 2705: ['microaggregation method', 'local search', 'local search method', 'iterated local search heuristic.', 'solution quality', 'benchmark problems', 'extant methods', 'quality solutions', 'sensitive data.'] 

Reference 2705: ['iterated local search', 'microaggregation', 'microdata protection'] 

TOP-K 2706: ['self-adaptive systems.', 'adaptability features', 'goal-oriented concepts', 'model-based approach', 'requirements definition', 'ambient assisted living system'] 

Reference 2706: ['dynamic adaptive systems', 'goal oriented requirements engineering', 'model driven engineering', 'non functional requirements', 'properties verification', 'relax'] 

TOP-K 2707: ['monetary cost', 'workflow scheduling', 'budget-aware algorithm.', 'cost considerations.', 'trade-off relationship', 'different real datasets.', 'present rigorous theoretical analysis'] 

Reference 2707: ['budget', 'cloud computing', 'scheduling', 'security', 'workflow'] 

TOP-K 2708: ['delivery latency minimization problem', 'heuristic algorithm', ['substitution heuristic algorithm'], ['mobile sink'], 'delivery latency', 'linear programming.', 'np completeness', 'extensive simulations', 'integer programming.', 'travel route'] 

Reference 2708: ['delivery latency minimization', 'mobile sink', 'substitution heuristic algorithm', 'wireless sensor networks'] 

TOP-K 2709: ['dynaqos platform', ['dynamic reconfiguration'], 'qos impacts', 'qos impact formulation', 'multi-core cpu', ['qos prediction'], 'first mathematical model', 'prediction case study', 'dynamic reconfiguration approaches.', 'software systems.', 'reconfiguration scenario', 'abstract hardware', 'software conditions.', 'workload environments.'] 

Reference 2709: ['dynamic reconfiguration', 'qos assurance', 'qos prediction'] 

TOP-K 2710: ['temporal slowness principle', 'state-of-the-art trackers', ['invariant representation'], 'novel observational model', 'tracking representation.', 'higher-level features', 'phase features.', 'relevant samples'] 

Reference 2710: ['deep learning', 'invariant representation', 'self-taught learning', 'temporal slowness', 'visual tracking'] 

TOP-K 2711: ['detection-guided hierarchical learning algorithm', 'non-negative sparse regularizer', 'challenging benchmark datasets', 'object detection information', 'hierarchical image representation model.', 'deep deconvolutional network.', 'high-level guidance', 'related works', 'reasonable features.'] 

Reference 2711: ['deep leaning', 'image representation', 'object recognition'] 

TOP-K 2712: ['olap applications', 'multidimensional olap system', 'haolap performance', 'olap performance.', 'big data.', 'several big datasets', 'reverse-linearization algorithm', 'chunk selection algorithm', 'dimension coding', 'chunk model', 'partition strategy', 'dimension values'] 

Reference 2712: ['cloud data warehouse', 'mapreduce', 'multidimensional data model'] 

TOP-K 2713: ['service portfolio evaluation.', ['service portfolio'], 'model', 'production objectives', 'representation'] 

Reference 2713: ['service portfolio', 'service repository', 'service reuse'] 

TOP-K 2714: ['online serious games', ['serious games'], 'less-experienced stakeholders', 'interactive games', 'requirements', 'software requirements.'] 

Reference 2714: ['global software development', 'innovative requirements elicitation', 'serious games'] 

TOP-K 2715: ['software static call graphs', 'new class cohesion metrics', 'software fault prediction', 'software class cohesion.', 'community structures.', 'new metrics', 'significant community structures.', 'useful measurement'] 

Reference 2715: ['class cohesion metrics', 'community structure', 'complex network'] 

TOP-K 2716: ['cloud elasticity', 'elasticity control', 'elastic applications', 'scientific applications.', 'application source code.', 'execution environment', 'approach', 'new paradigm'] 

Reference 2716: ['cloud computing', 'elasticity', 'parallel applications'] 

TOP-K 2717: ['surface', 'cross sections', 'orthogonality constraints.', 'circular point', 'effective optimization'] 

Reference 2717: ['ellipse', 'intrinsic matrix', 'pose estimation', 'reconstruction', 'surface of revolution'] 

TOP-K 2718: ['interval priority vector', 'interval ranking method', 'new methods', 'acceptable consistency'] 

Reference 2718: ['ahp', 'decision analysis', 'eigenvalue method', 'interval multiplicative preference relation', 'row geometric mean method'] 

TOP-K 2719: ['new kernel benchmark suite', 'task parallel languages.', 'methodical approach', 'languages x10', 'input generators', 'detailed evaluation', 'output validators.', 'multiple variations'] 

Reference 2719: ['benchmarks', 'data parallelism', 'distributed algorithms', 'performance evaluation', 'recursive task parallelism', 'task parallelism'] 

TOP-K 2720: ['p-restful applications.', 'new architectural style', 'prime efficacy', 'prime efficiency.', 'prime approach', 'modeling framework', 'qualitative analysis', 'quantitative analysis', 'rest one.'] 

Reference 2720: ['future internet', 'middleware', 'resource-oriented architecture'] 

TOP-K 2721: ['multithreaded object detection algorithm.', 'multi-staged classifier grouping scheme', 'arm-based cycle accurate simulator', 'multicore system.', 'self adaptable design flow', 'in-depth performance evaluation', 'comprehensive design exploration', 'auto-tune design parameters', 'local cache.'] 

Reference 2721: ['cache memories', 'face and gesture recognition', 'multiprocessor systems'] 

TOP-K 2722: ['entropy feedback model', 'window size adjustment.', 'time shift', 'window parameters.', 'classification precision.', 'run-time classification.', 'ground truth', 'classified states', 'independent models'] 

Reference 2722: ['adaptive sliding window', 'classification framework', 'motion segmentation', 'motion variability', 'signal processing'] 

TOP-K 2723: ['load balancing', 'workflow management framework.', 'computing centers.', '450k cores'] 

Reference 2723: ['data management', 'distributed computing', 'grid computing', 'monitoring'] 

TOP-K 2724: ['cr-olap', 'olap queries', 'olap queries.', 'performance bottlenecks', 'scalable clouds', 'dynamic cloud elasticity', 'parallel computing', 'index structure.', 'aggregate large portions'] 

Reference 2724: ['cloud architecture', 'real-time olap', 'scalability', 'tpc-ds benchmark'] 

TOP-K 2725: ['project management effort', 'project size', 'project management effort.', 'effort data', 'proportion', 'inaccurate reporting'] 

Reference 2725: ['contract type', 'effort', 'project management'] 

TOP-K 2726: ['local intensity variation.', 'intensity term', 'so-called global division algorithm', 'texture term.', 'texture terms', 'level set energy', 'frequency components'] 

Reference 2726: ['image segmentation', 'intensity-texture model', 'level set'] 

TOP-K 2727: ['sink-location privacy', 'rbr scheme', 'high network lifetime', 'high energy efficiency', 'high network security'] 

Reference 2727: ['energy efficiency', 'preserving sink location privacy', 'routing', 'security'] 

TOP-K 2728: ['trust estimation', 'trust estimation.', 'information sources.', 'observable evidence.', 'belief updates', 'approach'] 

Reference 2728: ['dirichlet distributions', 'partial observations', 'subjective logic', 'trust management', 'uncertain information'] 

TOP-K 2729: ['workflow execution dynamics', 'workflow performance.', ['workflow mapping'], 'task scheduling.', 'optimization problem', 'solution'] 

Reference 2729: ['end-to-end delay', 'on-node scheduling', 'scientific workflows', 'workflow mapping'] 

TOP-K 2730: ['hamming-based methods', 'effective tangent planes', 'complex classification problem.', 'relative sensitivity.', 'good performance', 'relative error', 'functions', 'error guarantees'] 

Reference 2730: ['approximate nearest neighbor search', 'binary codes', 'hashing algorithm', 'image retrieval'] 

TOP-K 2731: ['fault-tolerant data aggregation algorithm', 'experimental results', 'dynamic networks.', 'node crashes', 'asynchronous settings', 'message loss.', 'input value changes.', 'high levels'] 

Reference 2731: ['data aggregation', 'distributed algorithms', 'dynamic networks', 'fault-tolerance', 'in-network aggregation'] 

TOP-K 2732: ['first quantification-oriented learning approach.', 'current quantifiers', 'quantification metric.', 'first learning method', 'benchmark datasets.', 'competitive performance'] 

Reference 2732: ['class distribution estimation', 'multivariate predictions', 'performance metrics', 'quantification', 'reliability'] 

TOP-K 2733: ['spatio-temporal statistical analyses', 'burst motion background.', ['sudden illumination fluctuation'], 'local operator', 'extreme environments.', 'competitive performance'] 

Reference 2733: ['background modeling', 'burst motion', 'co-occurrence probability', 'object detection', 'sudden illumination fluctuation'] 

TOP-K 2734: ['web apis', 'web api evolution', 'high-profile web apis', 'web apis.', 'open source clients', 'professional developers', 'google maps', 'client-side code', 'evolution policies', 'client applications', 'code impact', 'source code.', 'study'] 

Reference 2734: ['api', 'breaking changes', 'software evolution', 'web'] 

TOP-K 2735: ['dynamic multi-fractal analysis', 'dt description.', 'computational acceleration scheme', 'benchmark datasets', 'method', 'environmental changes.', 'excellent performance'] 

Reference 2735: ['dynamic fractal spectrum', 'dynamic texture', 'fractal dimension', 'multi-slice analysis', 'volumetric analysis'] 

TOP-K 2736: ['penalty adjacency graph', 'penalty graph', 'sparse representation.', 'vertex points', 'local geometric structure', 'intrinsic graph.'] 

Reference 2736: ['dimensionality reduction', 'image recognition', 'manifold learning', 'sparse representation'] 

TOP-K 2737: ['ensemble components.', 'subspace component data sets.', 'ensemble clustering.', 'component data', 'new component generation approach', 'method', 'original data.', 'consistent performance'] 

Reference 2737: ['consensus function', 'ensemble clustering', 'high dimensional data', 'stratified sampling'] 

TOP-K 2738: ['scale-aware salient structures.', 'layer-group low-rank analysis method', 'image decomposition.', 'fusion weights', 'scale-specific fusion rule'] 

Reference 2738: ['anisotropic heat kernel design', 'data-specific filter', 'low-rank analysis', 'multi-modal image fusion', 'multi-scale decomposition'] 

TOP-K 2739: ['idle slot reduction', 'idle slots', 'levelized batch scheduling strategy.', 'depth levels', 'communication cost', 'turnaround time.', 'level wise.'] 

Reference 2739: ['computational grid', 'dag constraints', 'level based batch scheduler'] 

TOP-K 2740: ['facial expression recognition framework', 'phog_top', 'facial shape', 'dynamic information', 'dense optical flow', 'facial landmarks.', 'high recognition rate', 'dynamic information.', 'temporal domain.', 'movement', 'variation'] 

Reference 2740: ['facial expression', 'feature extraction', 'histogram of gradients', 'optical flow'] 

TOP-K 2741: ['full application codes', 'full application codes.', 'methodology'] 

Reference 2741: ['high performance computing', 'scientific computing', 'validation'] 

TOP-K 2742: [['soft competences'], 'soft competence requirements', 'soft competences.', 'gsd.', 'requirements engineering', 'competence requirement differences', 'cultural awareness', 'software design', 'different phases', 'identification', 'importance'] 

Reference 2742: ['competency requirements', 'global software development', 'soft competency'] 

TOP-K 2743: ['c++ amp framework', 'xdraw viewshed analysis algorithm', 'performance experiments', 'gpu xdraw algorithm', 'different viewshed analysis algorithms', 'cross-platform generalizability.', 'cpu algorithms', 'similar gpu', 'gpu domains.', 'previous algorithms.'] 

Reference 2743: ['c++ amp', 'digital terrain visibility', 'gpgpu', 'viewshed', 'visibility', 'xdraw'] 

TOP-K 2744: [['optimal bayesian classifier'], 'p53 network', 'sampling algorithm', 'algorithm', 'real pathway data', 'zipf model', 'random sampling.', 'uncertainty class', 'prior knowledge.', 'true error', 'true distributions.'] 

Reference 2744: ['controlled sampling', 'optimal bayesian classifier', 'prior knowledge'] 

TOP-K 2745: ['syntactic paradigm', 'silico toxicity prediction.', 'hierarchical relations', 'statistical methods.', 'task-dependent distance calculations.', 'experiments concern'] 

Reference 2745: ['feature extraction', 'feature segmentation', 'grammatical inference', 'smiles parser', 'syntactic pattern recognition'] 

TOP-K 2746: ['crowd flow', 'cnn models', 'real scenes', 'various scenes'] 

Reference 2746: ['cnn', 'crowd analysis', 'flow counting', 'large scale data'] 

TOP-K 2747: ['power-aware schedulability conditions', 'real-time dvs problem', 'compositional scheduling frameworks.', 'optimal static dvs schemes', 'dynamic component', 'task level dvs schemes', 'finer energy savings.', 'task levels.'] 

Reference 2747: ['compositional and hierarchical real-time scheduling', 'periodic resource model', 'periodic task model', 'power-aware scheduling'] 

TOP-K 2748: [['schema mappings'], 'mostodex', 'software engineers', 'single exchange sample', 'source entities', 'correspondences', 'tool outputs schema mappings', 'exchange data.', 'user intervention', 'target entities.'] 

Reference 2748: ['data exchange', 'rdf', 'schema mappings'] 

TOP-K 2749: ['new simple examples', 'symmetric clusters', 'point symmetry distances.', 'point symmetry-based clustering.', 'implicit projections', 'new complex examples', 'new possibilities', 'empirical recognition', 'original methods.', 'proximity measure.'] 

Reference 2749: ['clustering', 'k-means', 'kernel function', 'pattern recognition', 'point symmetry-based distance measure'] 

TOP-K 2750: ['spa methods', 'spa methods.', 'lightweight spa methods', 'support tools', 'utmost importance', 'practices', 'previous reviewers', 'set'] 

Reference 2750: ['assessment method design', 'software process assessment', 'systematic literature review'] 

TOP-K 2751: ['test data', 'adaptive optimisation.', 'adaptive optimisation framework', 'genetic algorithm', 'conspicuous adaptive optimisation algorithm', 'optimisation process', 'parameter values', 'new approach', 'wide range'] 

Reference 2751: ['adaptive parameter control', 'optimisation', 'test data generation'] 

TOP-K 2752: ['gaussian fields criterion', 'visible/thermal ir face registration', 'new non-rigid registration method', 'sparse approximation', 'real-world problems.', 'non-rigid case.'] 

Reference 2752: ['face recognition', 'gaussian fields', 'image fusion', 'infrared', 'non-rigid', 'registration'] 

TOP-K 2753: [['multi-local-task learning'], 'occlusion problem', ['global regularization'], 'novel multi-local-task learning problem.', 'local tasks', 'global regularization method', 'closed-form solution'] 

Reference 2753: ['global regularization', 'multi-local-task learning', 'object tracking'] 

TOP-K 2754: ['turkish software industry', 'sdlc phases', 'software engineering practices', 'old lifecycle model', ['software engineers'], 'respondents'] 

Reference 2754: ['industry practices', 'software engineering', 'turkey'] 

TOP-K 2755: ['recent state-of-the-art approaches', 'metaheuristic algorithms', 'past refactorings', 'multi-objective optimization problem.', 'new formulation', 'empirical evaluation', 'change history', 'large size software systems.', 'recommendation', 'similar contexts.'] 

Reference 2755: ['code-smells', 'refactoring', 'search-based software engineering'] 

TOP-K 2756: ['cpu/gpu hybrid programming.', 'scheduling task graphs', ['multifrontal methods'], 'post-order traversals', 'design efficient trade-offs', 'peak memories.'] 

Reference 2756: ['bi-objective optimization', 'memory-aware', 'multifrontal method', 'scheduling', 'sparse matrix factorization', 'tree traversal'] 

TOP-K 2757: ['mm-lle', 'multiple manifolds', 'linear embedding', 'supervised neighborhood selection', 'multiple manifold', 'optimum low-dimensional space', 'multiple manifolds.', 'many well-known manifold', 'multiple data classes.'] 

Reference 2757: ['manifold learning', 'multi-manifolds', 'multiple classes', 'near manifolds', 'neighborhood selection'] 

TOP-K 2758: ['behavioral se', ['human aspects'], 'bse research', 'bse studies', 'bse concepts.', 'multiple levels', 'systematic literature review.'] 

Reference 2758: ['human aspects', 'psychology', 'software engineering'] 

TOP-K 2759: ['qos approaches', 'cloud computing.', 'studies', 'primary studies'] 

Reference 2759: ['cloud services', 'quality of service', 'systematic mapping study'] 

TOP-K 2760: ['os-based classification scheme', 'asymmetric distributions', 'cmos', 'symmetric distributions.', 'exponential family.', 'classification paradigms'] 

Reference 2760: ['classification by moments of order', 'order statistics (os)', 'pattern classification', 'statistics (cmos)'] 

TOP-K 2761: ['obs', 'bitonic sort', 'midpoint-weight key', 'experimental results', 'logp', 'logp iterations.', 'complexity analysis', 'right place', 'good key'] 

Reference 2761: ['midpoint-based dynamic communication', 'midpoint-weight list-ranking', 'optimized bitonic sorting'] 

TOP-K 2762: ['handwritten sketches.', 'interactive interpretation', 'new generic method', 'analysis tree.', 'competitive hybrid exploration', 'several experiments', 'decision process', 'interaction manner.'] 

Reference 2762: ['architectural floor plan', 'interactive recognition', 'solicitation user', 'structured document recognition', 'two-dimensional grammars', 'uses tests'] 

TOP-K 2763: ['aggregation operators', ['weighted means'], 'owa operators.', ['suowa operators'], 'choquet integral.', 'new class'] 

Reference 2763: ['choquet integral', 'owa operators', 'semi-uninorms', 'suowa operators', 'weighted means'] 

TOP-K 2764: ['network holes', 'localization information', 'new greedy'] 

Reference 2764: ['algorithm design and analysis', 'routing protocols', 'wireless sensor networks'] 

TOP-K 2765: ['multi-agent preference orderings.', 'novel paired comparison approach', 'new algorithm', 'practical examples', 'problem'] 

Reference 2765: ['decision making', 'multiple rank-ordered agents', 'ordinal semi-democratic', 'paired comparison', 'preference ordering'] 

TOP-K 2766: ['human action recognition approach', 'new learning algorithm', 'skeletal sequence', 'human actions.', 'grassmann manifold.', 'public datasets.', 'promising success rates', 'latency performances'] 

Reference 2766: ['classification', 'depth images', 'grassmann manifold', 'human action recognition', 'observational latency', 'skeleton'] 

TOP-K 2767: ['scalar isa', 'simple matrix processors', 'vector/matrix kernels', 'ssmp', 'data-parallel applications.', 'smp', 'matrix instruction sets.'] 

Reference 2767: ['data-parallel applications', 'fpga implementation', 'performance evaluation', 'vector/matrix processing'] 

TOP-K 2768: ['human observation data', 'fusion system', 'fusion systems.', 'fusion outputs', 'error models', 'qualified human observations', 'contextual variables', 'available observation metadata', 'observational capabilities.', 'incoming soft data.', 'accurate level', 'uncertainty alignment yields'] 

Reference 2768: ['data fusion', 'human observation', 'human observers', 'soft data sensors', 'uncertainty alignment'] 

TOP-K 2769: ['nonstationary signals.', 'newborn eegs.', ['seizures'], 'frequency distribution', 'features', 'improved performance'] 

Reference 2769: ['abnormality detection', 'newborn eeg artifacts', 'roc analysis', 'seizure', 'time-frequency feature extraction'] 

TOP-K 2770: ['real world web services', 'process', 'complete similarity measurement method.', 'original contribution', 'identification process', 'complex service'] 

Reference 2770: ['formal concept analysis', 'similarity measurement', 'web service selection', 'web services orchestration'] 

TOP-K 2771: ['visual saliency detection problem.', 'nonlocal anisotropic diffusion equation.', 'method', 'novel method', 'visual attention spreading.', 'boundary', 'promising performance', 'entire image.'] 

Reference 2771: ['anisotropic diffusion', 'boundary prior', 'nonlocal operators', 'saliency detection', 'saliency seeds'] 

TOP-K 2772: ['image descriptor', 'quaternion algebra', 'descriptor', 'descriptor.', 'color images.', 'real recognition scenarios', 'geometric transformation', 'robust invariants'] 

Reference 2772: ['color object recognition', 'generic fourier descriptor', 'invariant descriptor', 'quaternion'] 

TOP-K 2773: [['pixel-level fusion'], ['feature-level fusion'], 'transformation matrices', 'new method', 'wavelet sub-bands.', 'optimal fusion coefficients', 'corresponding models.', 'direction methods', 'full use'] 

Reference 2773: ['face recognition', 'feature-level fusion', 'pixel-level fusion', 'principle component analysis', 'wavelet transform'] 

TOP-K 2774: ['mst', 'image fusion methods.', ['sparse representation'], 'general image fusion framework', 'new image fusion toolbox', 'discussion'] 

Reference 2774: ['image fusion', 'multi-scale transform', 'sparse representation'] 

TOP-K 2775: [['heterogeneous preference structures'], 'different fusion approaches', 'fusion approaches.', ['fusion process'], 'open problems'] 

Reference 2775: ['consensus', 'fusion process', 'group decision making', 'heterogeneous preference structures'] 

TOP-K 2776: ['evaluation criterion', 'appearance model maintenance', 'target description.', 'structured representation', 'discriminative power', 'inherent relationship'] 

Reference 2776: ['appearance model', 'target representation', 'visual tracking'] 

TOP-K 2777: ['client tier', ['atomic transactions'], 'user requests', 'multiple heterogeneous nosql databases', 'three-tier architecture', 'middle tier', 'heterogeneous nosql', 'corresponding global transaction manager', 'first tier', 'manager nodes', 'third tier', 'second tier', 'transaction request', 'experimental results', 'database environment'] 

Reference 2777: ['atomic transaction', 'column-oriented distributed databases', 'nosql databases'] 

TOP-K 2778: ['end-to-end data transfer', 'data compression', 'network bottleneck situations', 'system components', 'novel software i/o', 'parallel data', 'parallel flows.', 'novel i/o', 'overall data transfer throughput.', 'variable parallel data'] 

Reference 2778: ['disk-to-disk data transfer', 'high-speed networks', 'optimization', 'system modeling'] 

TOP-K 2779: ['task scheduling algorithms', 'batch mode', 'execution order', 'online mode', 'leverage per-core dvfs', 'core frequency', 'optimal scheduling plan.', 'task simultaneously.'] 

Reference 2779: ['dvfs', 'energy-efficient', 'multi-core', 'task characteristics', 'task scheduling'] 

TOP-K 2780: ['worst-case response-time analysis', ['controller area network'], 'extended analysis', 'controllers', 'device drivers', 'various transmission patterns', 'several higher-level protocols', 'practical limitations', 'automotive industry today.', 'mixed messages'] 

Reference 2780: ['controller area network', 'real-time network', 'response-time analysis'] 

TOP-K 2781: ['gex query language', 'gex', 'graph-based datasets.', 'query answering', 'graph-modeled data.', 'approximate matching', 'gex query', 'complex queries', 'data structures', 'complex ones.'] 

Reference 2781: ['approximate graph query answering', 'graph indexing', 'top-k query answering'] 

TOP-K 2782: ['mcda problems.', 'novel likelihood-based preference functions', 'likelihood-based outranking comparisons.', 'algorithmic procedures', 'comparative analysis', 'method', 'complete rankings.'] 

Reference 2782: ['interval type-2 fuzzy set', 'interval type-2 trapezoidal fuzzy (it2trf) numbers', 'likelihood-based preference function', 'multiple criteria decision analysis (mcda)', 'preference ranking organization method for enrichment evaluations (promethee)'] 

TOP-K 2783: ['neighborhood grid', 'neighborhood gathering', 'neighborhood grid.', ['fluid simulation'], 'new data structure', 'expressive speedup', 'uniform grid'] 

Reference 2783: ['data structure', 'fluid animation', 'fluid simulation', 'gpgpu', 'gpu computing', 'real-time simulation'] 

TOP-K 2784: ['stochastic automata networks formalism', 'fts model', 'different project allocation strategies', 'project execution time', 'prediction tool.', 'execution time'] 

Reference 2784: ['follow-the-sun', 'projects simulation', 'stochastic modeling'] 

TOP-K 2785: ['multi-source domain adaptation', 'interesting open problems', 'theoretical developments', 'performance measurements', 'benchmark data'] 

Reference 2785: ['domain adaptation', 'machine learning', 'multi-source learning', 'transfer learning'] 

TOP-K 2786: ['deep sparse svm.', ['group sparsity'], 'new endoscopy dataset', 'frame-level groundtruth', 'endoscopy diagnosis framework.', 'new feature selection model', 'general computer', 'images'] 

Reference 2786: ['computer aided diagnosis', 'deep sparse', 'endoscopy', 'feature selection', 'group sparsity', 'image representation'] 

TOP-K 2787: ['fault-tolerant job scheduling', 'dynamic task arrivals.', 'new framework', 'positive results', 'negative results'] 

Reference 2787: ['competitive analysis', 'distributed algorithms', 'dynamic task injection', 'processor crashes and restarts', 'task execution'] 

TOP-K 2788: ['posix standard', ['recursive functions'], 'automatic parallelization', 'compiler', 'svp programming model.', 'simple directives', 'significant speedups', 'reduction forms', 'several forms'] 

Reference 2788: ['cilk', 'directives', 'openmp', 'posix', 'recursive functions', 'svp'] 

TOP-K 2789: ['deterministic finite automaton-based index', 'twig queries.', 'xpath queries', 'compression strategy', 'index size', 'access time', 'tuning time'] 

Reference 2789: ['air indexing', 'deterministic finite automaton', 'on-demand xml data broadcast', 'twig query'] 

TOP-K 2790: ['energy-ware protocol', 'dynamic physical rendering simulator', 'protocol', 'memory usage.', 'chains configurations', 'constant complexity'] 

Reference 2790: ['distributed algorithm', 'energy', 'logical topology', 'mems microrobot', 'parallel algorithm', 'self-reconfiguration'] 

TOP-K 2791: ['novel graph-manifold ranking', ['low-dimensional compressive features'], 'visual tracking method', 'method', 'challenging datasets', 'efficient manifold ranking method', 'reference trackers', 'object representation.', 'spatial context information.', 'graph efficiently.'] 

Reference 2791: ['appearance model', 'low-dimensional compressive features', 'manifold ranking', 'random projections', 'spatial context', 'visual tracking'] 

TOP-K 2792: ['novel sparse opls', 'reduced-rank regression problem', 'evd formulation', 'improved performance', 'procrustres approach.'] 

Reference 2792: ['feature extraction', 'lasso regularization', 'orthonormalized pls', 'partial least squares', 'sparse kernel representation'] 

TOP-K 2793: ['heterogeneous network topology', 'communication time', 'computation time', 'processor', 'route selection', 'specific processor.', 'tasks', 'messages', 'start time', 'link finish time.', 'accurate analysis'] 

Reference 2793: ['communication contention', 'dag', 'heterogeneity', 'networked embedded systems', 'synchronized scheduling'] 

TOP-K 2794: ['agent-based cloud bag-of-tasks execution', 'concurrent bag-of-tasks executions', 'multiple clouds', 'bag-of-tasks execution costs.', 'autonomous agent-based resource', 'agents sampling', 'cost rates'] 

Reference 2794: ['cloud computing', 'multiagent systems', 'resource allocation'] 

TOP-K 2795: ['priority increment', 'priority postponement.', 'logical tree topology', 'message overhead', 'priority violations', 'account request locality'] 

Reference 2795: ['algorithm', 'distributed system', 'mutual exclusion', 'priority'] 

TOP-K 2796: ['multi-agent coalition formation-based mechanism', 'power distribution networks.', 'network structure', 'efficient energy', 'global information.', 'mechanism'] 

Reference 2796: ['coalition formation', 'distributed energy dispatch', 'multi-agent systems', 'smart grids'] 

TOP-K 2797: ['state-of-the-art snqps', 'in-network query processing', 'state-of-the-art snqps.', 'query language', 'query processing', 'sensor networks', 'future research scopes', 'evaluation framework', 'compiler support'] 

Reference 2797: ['distributed processing', 'distributed queries', 'in-network processing', 'sensor network query processor (snqp)', 'wireless sensor network'] 

TOP-K 2798: ['heterogeneous decision data.', 'ideal solutions', 'optimal alternative', 'optimal weights', 'deviation model'] 

Reference 2798: ['heterogeneous information', 'incomplete weight information', 'multiple criteria group decision making', 'the deviation model'] 

TOP-K 2799: ['cia techniques', 'irc2m', 'different static cia techniques', 'different cia techniques', 'rose', 'accuracy', ['comparative study'], 'similar precision', 'individual one.'] 

Reference 2799: ['change impact analysis', 'comparative study', 'empirical study'] 

TOP-K 2800: [['multi-tenancy'], 'future research themes', 'industry.', 'academia', 'different interpretation', 'industrial perspective', 'overall definition'] 

Reference 2800: ['definition', 'multi-tenancy', 'systematic mapping study'] 

TOP-K 2801: ['supervised dimensionality method dag-dne', 'dag-dne', 'neighbor adjacency graphs', 'experimental results', 'classification tasks.', 'dag-dne constructs', 'local structure', 'good projection'] 

Reference 2801: ['discriminant neighborhood embedding', 'double adjacency graphs', 'face recognition', 'manifold learning', 'supervised learning'] 

TOP-K 2802: ['cloud-based analytics', 'cloud-based analytics.', ['big data'], 'research directions'] 

Reference 2802: ['analytics', 'big data', 'cloud computing', 'data management'] 

TOP-K 2803: ['multi-level parallelism.', 'current svm tools.', 'power-efficient approach', 'novel optimization techniques', 'multi-core platforms.', 'input data patterns'] 

Reference 2803: ['dynamic modeling', 'machine learning models', 'multi- & many-core architectures', 'optimization techniques', 'performance analysis', 'support vector machine'] 

TOP-K 2804: ['scheduling algorithms', 'eqdf', 'multiprocessor scheduling parameter', 'new schedulability analysis tests', 'eqdzl scheduling.', 'priority assignment', 'eqdzl.'] 

Reference 2804: ['multiprocessor scheduling', 'quasi-deadline', 'real-time systems'] 

TOP-K 2805: ['dds', 'early schedulability analysis', 'model-driven development processes', 'real-time applications', 'marte end-to-end flow model.', 'real-time modeling', 'dds standard.', 'automotive domain', 'fault tolerance', 'dds entities', 'real-time features', 'complex interactions'] 

Reference 2805: ['distribution middleware', 'model-driven engineering', 'real-time systems'] 

TOP-K 2806: ['automation networks', 'dynamic global network infrastructure', 'learning experiences.', 'reliable performance', 'system changes', 'different states'] 

Reference 2806: ['adaptive reinforcement learning', 'computational complexity', 'distributed systems', 'resource management', 'system reliability'] 

TOP-K 2807: ['semantic web service technologies.', 'semantic annotation mechanism', 'open-source java library', 'hybrid approach.', 'proposed service matchmaking mechanism', 'transformation generation mechanism.', 'complete methodology', 'whole approach'] 

Reference 2807: ['interoperability', 'mediation information systems', 'semantic web services'] 

TOP-K 2808: ['typical minimum k-cut problem', ['service deployment'], 'graph model', 'service deployment problem', 'execution parallelism.', 'communication costs'] 

Reference 2808: ['composite saas', 'service deployment', 'service-oriented architecture'] 

TOP-K 2809: ['novel cross-trees structure', 'non-local cost aggregation.', 'cost aggregation flow', 'trees', 'new edge weights function', 'optimal support regions', 'non-local framework.', 'image itself.'] 

Reference 2809: ['cost aggregation', 'image filtering', 'spanning trees', 'stereo matching'] 

TOP-K 2810: ['conventional microaggregation methods', 'partition encoding', 'method', 'large datasets.', 'data publisher', 'assessment measures', 'different requirements'] 

Reference 2810: ['k-anonymity', 'microaggregation', 'multi-objective optimization', 'privacy'] 

TOP-K 2811: ['keystroke authentication', 'keystroke latency', 'typing proficiency', 'english alphabets', 'key sequence', 'different alphabets.', 'primary language.', 'consistency', 'critical factor', 'proficiency'] 

Reference 2811: ['free text', 'keystroke dynamics', 'user authentication'] 

TOP-K 2812: ['xml web services', 'shift scheduling', 'smartphone app', 'software solution', 'hospital information systems', 'offline calendaring', 'web access.'] 

Reference 2812: ['health information systems', 'mobile applications', 'personnel scheduling'] 

TOP-K 2813: ['context-based knowledge fusion', 'knowledge fusion processes', 'knowledge fusion', 'information/knowledge sources', 'patterns criteria'] 

Reference 2813: ['context aware decision support', 'knowledge fusion patterns', 'ontology-based context'] 

TOP-K 2814: ['multi-modal images.', 'real world multimodal databases', 'dynamic classifier selection.', 'context switching rules', 'modality-specific quality assessment', 'context switching framework', 'experimental results', 'new incremental users.', 'online manner'] 

Reference 2814: ['biometrics', 'classifier selection', 'context switching', 'online learning'] 

TOP-K 2815: ['finding optimal node-disjoint paths', ['node-disjoint paths'], 'optimal node-disjoint paths', 'maximum matchings.', 'efficient method', 'effective technology'] 

Reference 2815: ['folded hypercube', 'hypercube', 'matching problem', 'node-disjoint paths', 'optimization problem'] 

TOP-K 2816: ['multi-objective scheduling framework', 'scientific workflows.', 'user preferences.', 'optimal solutions', 'pareto domination', 'related approaches'] 

Reference 2816: ['distributed computing infrastructures', 'multi-objective scheduling', 'scientific workflows'] 

TOP-K 2817: ['local autoregressive model regularizations', 'k-svd algorithm.', 'multispectral image', 'image restoration problem.', 'panchromatic image.'] 

Reference 2817: ['fusion', 'local autoregressive model (ar)', 'multispectral (ms)', 'panchromatic (pan)', 'sparse representation'] 

TOP-K 2818: ['low-level parallelism', 'effective cut inequalities', 'wireless sensor network design.', 'domain decomposition', ['parallel algorithm'], 'computational tests', 'objective function.'] 

Reference 2818: ['network design', 'parallel algorithms', 'wireless sensor networks'] 

TOP-K 2819: [['stakeholder requirements'], ['transformation'], 'software requirements.', 'enterprise model', 'use case model.'] 

Reference 2819: ['stakeholder requirement', 'transformation', 'use case'] 

TOP-K 2820: ['parallel algorithms', ['extremal sets'], 'family f', 'complexity analysis', 'minimal sets', 'several results'] 

Reference 2820: ['algorithms', 'cuda', 'extremal sets', 'graphics processing unit (gpu)'] 

TOP-K 2821: [['software upgrades'], 'bug reports', 'bugs', 'mojave', 'new users', 'upgrade problems', 'machine learning', 'upgrade failure', 'first recommendation system', 'new users.', 'dynamic source analyses'] 

Reference 2821: ['dynamic analysis', 'manageability', 'recommendation systems', 'software upgrades', 'static analysis'] 

TOP-K 2822: ['dspls', ['dynamic software product lines'], 'application domains', 'dual life-cycle', 'multiple binding times', 'methodological changes', 'runtime variability mechanisms.', 'conventional software product lines.', 'transition modes', 'main parts'] 

Reference 2822: ['dynamic software product lines', 'dynamic variability', 'feature models', 'software architecture'] 

TOP-K 2823: ['libwater programming model', ['runtime system'], 'asynchronous command execution.', 'dynamic collective replacement', 'powerful representation', 'removal optimizations.'] 

Reference 2823: ['distributed computing', 'heterogeneous computing', 'mpi', 'opencl', 'programming model', 'runtime system'] 

TOP-K 2824: [['gpu'], 'gpu.', 'forward/backward substitutions', 'new kernel', ['conjugate gradient algorithm'], 'parallel method', 'inner product', 'efficient mic', 'high optimization'] 

Reference 2824: ['conjugate gradient algorithm', 'cuda', 'gpu', 'modified incomplete cholesky preconditioner'] 

TOP-K 2825: ['neville filters', 'ms spectral information.', 'intra-band hp coefficients', 'novel nonseparable framelet lifting', 'ci algorithm', 'traditional ones.'] 

Reference 2825: ['covariance intersection', 'lifting scheme', 'nonseparable wavelet frame', 'pansharpening', 'vanishing moment'] 

TOP-K 2826: ['nbti', 'vth mitigation technique', 'iddq estimation model', 'vth degradation model', 'vth variations', 'different sram cell transistors.', 'vth variations.', 'process variations'] 

Reference 2826: ['dynamic reliability management', 'negative bias temperature instability (nbti)', 'variation tolerance'] 

TOP-K 2827: ['concept analysis', 'performance measures', 'empirical testing', 'stakeholder satisfaction.', 'iso norms.', 'full-fledged models', 'structured questionnaires', 'mediation analysis.'] 

Reference 2827: ['effectiveness', 'efficiency', 'effort', 'human-computer interaction', 'performance', 'usability'] 

TOP-K 2828: ['efficient clustering algorithm.', 'logical program structures.', 'coherent clusters', 'system evolution', 'coherent clusters.', 'case studies', 'program faults.', 'empirical analysis', 'study', 'relationship'] 

Reference 2828: ['dependence analysis', 'program comprehension', 'software clustering'] 

TOP-K 2829: ['mobile p2p query processing', 'rnn queries.', 'different search algorithms', 'centralised system.', 'high accuracy rate', 'unnecessary peers', 'new direction'] 

Reference 2829: ['collaborative caching', 'mobile ad-hoc networks', 'mobile database', 'p2p spatial queries', 'reverse nearest neighbours'] 

TOP-K 2830: ['broker-based service composition architecture', 'on-demand qos strategy', 'on-demand strategy', 'composite service provisioning.', 'empirical studies'] 

Reference 2830: ['on-demand provisioning', 'service composition', 'service level agreement'] 

TOP-K 2831: [['expert judgments'], 'expert reliability degrees', 'promethee method.', 'belief functions.', 'multiple criteria', 'discount operators'] 

Reference 2831: ['belief function theory', 'expert judgments', 'information fusion', 'multi-criteria decision aid', 'reliability degree'] 

TOP-K 2832: ['online auto-tuning approach', 'auto-tuning approach.', 'shared-memory implementation', 'explicit pc methods', 'different architectures', 'ode solvers.', 'time stepping nature', 'synchronization overhead.', 'search space', 'code variants', 'detailed experimental evaluation', 'rk type.'] 

Reference 2832: ['auto-tuning', 'ordinary differential equations', 'parallelization', 'predictor-corrector methods', 'tile size selection'] 

TOP-K 2833: ['storage architecture', 'dht-based overlay.', 'realistic simulations', 'complete theoretical mathematical framework', 'maintenance bandwidth'] 

Reference 2833: ['decentralized maintenance', 'distributed storage', 'erasure coding', 'peer-to-peer (p2p)', 'randomized network coding'] 

TOP-K 2834: ['soma problem', 'failure-prone environment.', 'correctness proofs.', 'average latency'] 

Reference 2834: ['distributed coordination abstractions', 'distributed systems', 'failures', 'mutual exclusion', 'secure computations'] 

TOP-K 2835: ['iterative methodology', 'security flaws', 'communication protocols', 'digital identities', 'real protocols', 'key authentication', 'case studies', 'third case study', 'informal analysis', 'new protocol', 'complete process'] 

Reference 2835: ['formal model', 'formal verification', 'protocols security', 'secure development methodology', 'wep analysis'] 

TOP-K 2836: [['fuzzy logic'], 'fuzzy similarity method', 'adaptation planning middleware.', 'approach', 'execution time', 'rules', 'qos value', 'ideal variant', 'execution time.', 'context state.', 'number', 'similar variant'] 

Reference 2836: ['adaptation planning', 'context aware computing', 'fuzzy logic', 'ideal qos', 'middleware'] 

TOP-K 2837: ['metamodel matching', 'search-based software engineering.', 'state-of-the-art matching tools', 'ontology-based approaches.', 'search-based approach', 'syntactic measures', 'results'] 

Reference 2837: ['model matching', 'search-based software engineering', 'simulated annealing'] 

TOP-K 2838: ['parallel hpc architectures.', 'fsi scalability.', 'fsi problems', 'aeroelastic applications', 'scalable algorithms', 'fsi modules', 'significant scalability improvement', 'good linear', 'new ideas', 'solid domains', 'fluid domains.', 'number'] 

Reference 2838: ['communication', 'hpc', 'memory management', 'multicore', 'partitioning'] 

TOP-K 2839: ['novel fault localization approach', 'prototype tool hsfal', 'hybrid spectrum', 'coverage-based approaches', 'slice-based approaches', 'maximal risk evaluation formula', 'full slices', 'empirical evaluation', 'execution slices.'] 

Reference 2839: ['dynamic slicing', 'execute slicing', 'fault localization'] 

TOP-K 2840: ['cpu/gpu hybridization', 'linear algebra software.', 'challenging design combinations', 'memory communication', 'legacy libraries.', 'numerical properties'] 

Reference 2840: ['decompositional approach', 'dense linear algebra', 'parallel algorithms'] 

TOP-K 2841: ['privacy threat modeling methodology.', 'evidence-based improvements', ['empirical studies']] 

Reference 2841: ['empirical study', 'privacy', 'threats'] 

TOP-K 2842: ['cia', 'impactness metric', ['changeability assessment'], 'software modification.', 'impact results', 'change implementation process', 'change proposal', 'change proposal.', 'effective indicator'] 

Reference 2842: ['change impact analysis', 'changeability assessment', 'empirical study'] 

TOP-K 2843: [['adversary simulator'], 'global edf scheduling', 'new adversary simulator', 'sporadic task sets', 'uncertainty area', 'classic necessary test.', 'classic simulator'] 

Reference 2843: ['adversary simulator', 'global edf', 'multiprocessor', 'real-time'] 

TOP-K 2844: ['multi-core architectures.', 'shared last-level caches', 'performance', 'architectural evaluation', 'theory-based modeling technique', 'unit area characterizations.', 'computing requirements.', 'inexpensive architectural evaluation.'] 

Reference 2844: ['embedded systems', 'low-power', 'multi-core', 'performance evaluation', 'queueing theory'] 

TOP-K 2845: [['correlation coefficient'], ['estimation fusion'], 'maximal mahalanobis distance', 'max estimation fusion model', 'concept', 'prior distribution', 'closed form'] 

Reference 2845: ['correlation coefficient', 'cross-correlation', 'estimation fusion', 'mahalanobis distance', 'min-max'] 

TOP-K 2846: ['antipattern-based approach', 'design alternatives', 'software performance', 'architectural alternatives', 'performance flaws.', 'performance results', 'ranking process', 'ranking mechanism', 'validation'] 

Reference 2846: ['architectural feedback', 'palladio architectural models', 'software performance antipatterns'] 

TOP-K 2847: ['new vertex', 'ltl model checking.', 'bsp model', 'algorithm', 'reliable model', 'whole model'] 

Reference 2847: ['distributed memory algorithm', 'formal method', 'linear temporal logic', 'model checking', 'reliable model checker', 'scalable algorithm'] 

TOP-K 2848: ['novel unchoking policy', 'bittorrent unchoking policy.', 'prototype experimentation', 'optimistic unchoke intervals.', 'performance benefits', 'fresh peers.', 'bootstrapping period'] 

Reference 2848: ['bittorrent', 'content distribution', 'incentive protocols', 'peer-to-peer (p2p)'] 

TOP-K 2849: ['pcie acceleration.', 'inexpensive commodity pc', 'traditional sram-based estimators.', 'novel cth', ['spread estimation']] 

Reference 2849: ['graphics processing unit', 'intrusion detection', 'software router', 'spread estimation', 'traffic measurement'] 

TOP-K 2850: ['team motivation', 'external project factors', 'australian software engineers', 'us software engineers', 'motivation', 'chilean software engineers', 'vietnamese software engineers', 'project manager factors.', 'project outcome', 'good project manager.', 'practitioner factors.'] 

Reference 2850: ['motivational factors', 'project success', 'software development team motivation'] 

TOP-K 2851: ['context management', 'context management framework', 'third-party applications', 'context processing', 'structure context management', 'atomic functions.', 'application business logic.', 'resource-limited devices.'] 

Reference 2851: ['adaptation', 'context-awareness', 'privacy', 'software engineering', 'xml'] 

TOP-K 2852: ['bayes method', 'google trace', 'pattern prediction', 'hostload prediction.', 'well-known load prediction methods.', 'segmented pattern model', 'k hosts'] 

Reference 2852: ['bayesian model', 'google data center', 'hostload prediction'] 

TOP-K 2853: ['ddma', 'remote-to-local virtualization.', 'ddma model', 'ddma model.', 'traditional pdma model', 'memory access', 'remote memory', 'performance promotion', 'noc protocol translation', 'detailed architecture'] 

Reference 2853: ['architecture', 'memory interface', 'on-chip distributed memory', 'performance'] 

TOP-K 2854: ['mapreduce execution mechanism.', 'new job setup/cleanup tasks.', 'task scheduling.', 'comprehensive benchmarks', 'production test', 'stable performance improvements.', 'first optimization', 'instant messaging mechanism', 'critical limitations'] 

Reference 2854: ['cloud computing', 'distributed processing', 'mapreduce', 'parallel computing', 'performance optimization'] 

TOP-K 2855: ['remote invocations', 'empirical evidence'] 

Reference 2855: ['drtsj', 'real-time java', 'real-time middleware', 'rt-rmi', 'rtsj'] 

TOP-K 2856: ['multiple sensor detection systems', 'sensor probability distributions.', ['targets detection'], 'fusion rule', 'known probability density functions', 'multiple thresholds detection systems.', 'optimum hard detection'] 

Reference 2856: ['binary detection systems', 'data fusion', 'decision fusion', 'distributed detection systems', 'target detection'] 

TOP-K 2857: ['nn classifier', 'sub-image information', 'frequency domain', 'face classification', 'lbp operations', 'middle bands.', 'frequency band.'] 

Reference 2857: ['curvelet transform', 'face recognition', 'local binary pattern', 'local property preservation'] 

TOP-K 2858: ['vm behavior representation.', 'vm behavior.', 'technique', 'similar behavior', 'cloud system.', 'useful information', 'potential reduction'] 

Reference 2858: ['bhattacharyya distance', 'cloud computing', 'histogram smoothing', 'spectral clustering', 'virtual machine clustering'] 

TOP-K 2859: [['value creation'], 'software ecosystems.', 'application vendors', 'particular types'] 

Reference 2859: ['app economy', 'software ecosystem', 'value creation'] 

TOP-K 2860: ['concurrent programming', 'concurrency control models.', ['communication'], 'structured communication.', 'execution', 'restricted code regions.'] 

Reference 2860: ['communication', 'concurrency', 'model', 'structured', 'survey'] 

TOP-K 2861: [['product management'], 'software product management.', 'industry experiences', 'product management practices.', 'success factors', 'software products.', 'success rate', 'key success factor'] 

Reference 2861: ['industry survey', 'product management', 'software business'] 

TOP-K 2862: [['hdfs'], ['performance models'], 'system dynamics', 'dynamic characteristics metrics', ['dynamic characteristics'], 'system identification-based approach.', 'impact factors.', 'effective guidance', 'detailed functions', 'different conditions.'] 

Reference 2862: ['dynamic characteristics', 'hdfs', 'performance model', 'system identification', 'system modeling'] 

TOP-K 2863: ['system administrators', ['i/o scheduler'], 'several i/o schedulers', 'suboptimal i/o scheduler', 'hard disks', 'solid state drives.', ['dads'], 'real time.', 'previous knowledge.'] 

Reference 2863: ['dads', 'disk modeling', 'i/o scheduler', 'simultaneous evaluation', 'virtual disk'] 

TOP-K 2864: [['mobile sensor networks'], 'context forwarding', 'cf scheduling problem', 'optimal cf policy', 'efficient cf', 'time problem.'] 

Reference 2864: ['mobile sensor networks', 'optimal stopping theory', 'quality context forwarding'] 

TOP-K 2865: ['software process simulation modelling', 'simulation-based studies', 'literature review', 'industrial practice.', 'expensive undertaking'] 

Reference 2865: ['evidence based software engineering', 'software process simulation', 'systematic literature review'] 

TOP-K 2866: ['ir imagery', ['target recognition'], 'human recognition', 'semi-hidden targets.', 'complex backgrounds.', 'static targets', 'optimal fusion method.', 'recognition level'] 

Reference 2866: ['image fusion', 'infra-red', 'laser range gated viewer', 'saliency', 'target recognition'] 

TOP-K 2867: [['agile software development'], 'hybrid agile', 'active core intelligence', 'sci-indexed journals', 'agile software', 'literature appearances', 'journal basket', 'institutional contributions', 'article count', 'citation analysis.', 'product families', 'dominant influence', 'new steam', 'significant appearances'] 

Reference 2867: ['agile software development', 'literature assessment', 'research productivity'] 

TOP-K 2868: ['vm resource management', 'rl modules', 'model independent reinforcement learning', 'performance improvement', 'cascade neural network enhancements', 'multi-tier internet services.', 'simultaneous qos differentiation', 'rl module reward.', 'system scalability', 'vm auto configuration', 'self-construction strengths', 'admission control', 'admission control.'] 

Reference 2868: ['cascade neural networks', 'performance differentiation', 'reinforcement learning', 'scalable internet services', 'virtualized servers'] 

TOP-K 2869: [['conceptual models'], 'human understanding', ['conceptual model'], 'syntactical analysis.', 'conceptual model.'] 

Reference 2869: ['automated requirements analysis', 'conceptual modeling', 'natural language processing', 'syntactic analysis'] 

TOP-K 2870: ['block patterns', 'internal adjustment mp', 'external adjustment mp', 'specific block-based relationship.', 'scheme', 'embedding changes'] 

Reference 2870: ['authentication', 'binary image', 'data hiding', 'watermarking'] 

TOP-K 2871: [['test decomposition'], ['testing decomposition'], 'user-side data', 'security testing.', 'safe-mode execution', 'path explosion problem', 'program execution', 'new path', 'user privacy', 'bit sequence', 'user-side cost', 'conduct testing', 'testing effort', 'user side.'] 

Reference 2871: ['security testing', 'software vulnerability', 'test decomposition'] 

TOP-K 2872: ['testing gui applications', 'industrial software testing scenarios.', 'manual functional testing.', 'manual random testing', 'test case length', ['random testing'], ['functional testing'], ['human knowledge'], 'empirical study'] 

Reference 2872: ['functional testing', 'human knowledge', 'random testing'] 

TOP-K 2873: ['fault localization', 'dcc', 'dynamic code coverage.', 'faulty components', 'large applications', 'program traces.', 'topology model', 'finer detail', 'new technique'] 

Reference 2873: ['dynamic coverage', 'software diagnosis', 'spectrum-based fault localization'] 

TOP-K 2874: ['simulations', 'actual failure traces.', 'inaccurate prediction dates', 'new set', 'many places'] 

Reference 2874: ['algorithms', 'checkpoint', 'exascale', 'fault-tolerance', 'prediction', 'resilience'] 

TOP-K 2875: [['social content sites'], 'geographic metadata'] 

Reference 2875: ['geosocial network', 'semantic web', 'social content sites'] 

TOP-K 2876: ['multiple use cases', 'popular wisdom', 'validation studies'] 

Reference 2876: ['scalability', 'simgrid', 'simulation', 'validation', 'versatility'] 

TOP-K 2877: ['iwt encryption study.', 'chaotic baker map permutation', 'domain encryption.'] 

Reference 2877: ['dct', 'dwt', 'image encryption'] 

TOP-K 2878: ['data-driven query output semantics', ['query refinement'], ['user feedback'], 'flexible interactive querying', 'query refinement problem.', 'query output', 'efficient query refinement.', 'minimal user feedback', 'query output.', ['skyline operator'], 'trade-off algorithm', 'extensive experiments', 'different datasets', 'unexpected information', 'new boundary'] 

Reference 2878: ['query refinement', 'skyline operator', 'user feedback'] 

TOP-K 2879: ['photon-mapping rendering', 'novel parallelism ideas.', 'load balancing', 'g-kd constructions', 'mesh noc', 'adaptive wormhole', 'memory usage', 'effective communication'] 

Reference 2879: ['global illumination', 'mesh', 'mpsoc', 'noc', 'parallel rendering', 'photon mapping'] 

TOP-K 2880: ['afbml problem', 'general weighted dags.', 'heuristics', 'simulation experiments', 'linear-time algorithm', 'conditioned weighted dag.', 'optimal broadcast schedule', ['multiple channels']] 

Reference 2880: ['dags', 'data broadcasting', 'latency', 'multiple channels', 'np-completeness'] 

TOP-K 2881: ['energy-aware workload distribution', 'model-based dynamic redistribution', ['energy model'], 'data transfer', 'cpu', ['gpu'], 'conjugate gradient method.', 'execution time'] 

Reference 2881: ['conjugate gradient method', 'energy awareness', 'energy model', 'execution time model', 'gpu', 'rapl'] 

TOP-K 2882: [['genetic programming'], 'multi-layered dmms', 'new multi-objective optimization method', 'grammatical evolution', 'dmm implementation optimizations', 'general-purpose dmms', 'complex dmms implementations', 'dmm implementations', 'optimization approach', 'dynamic applications', 'method', 'experimental results', 'overall system integration time', 'dmms structures', 'interesting future research lines'] 

Reference 2882: ['dynamic memory manager', 'genetic programming', 'multi-objective optimization'] 

TOP-K 2883: ['design elements', 'collaborative software.', 'important awareness functions.', 'checklist'] 

Reference 2883: ['awareness', 'collaborative applications', 'formative evaluation', 'software quality'] 

TOP-K 2884: ['general spmv', 'non-zero elements', 'high performance', 'basic linear algebra.', 'load balance', 'improvement bijad format', 'important high level operations', 'biell format'] 

Reference 2884: ['biell', 'bijad', 'gpu', 'sparse matrix-vector multiplication'] 

TOP-K 2885: ['lewi', ['load balancing'], 'smpss applications', 'lewi performance.', 'load balance hybrid applications.', 'mpi processes', 'parallelism grain', 'round robin', 'general hints', 'task duration', 'flexible solution'] 

Reference 2885: ['application performance analysis', 'hybrid parallel programming', 'load balancing'] 

TOP-K 2886: ['cup', 'usability problems.', 'classification scheme', 'cup variables', 'thorough motivation', 'discussion', 'significant issue', 'downstream utility', 'specific focus', 'pertinent tasks'] 

Reference 2886: ['defect classification', 'usability problems', 'validity'] 

TOP-K 2887: ['first non-volatile logic network', 'spin-transfer-torque magnetic tunneling junction', 'stl cells', 'new architecture', 'complex logic networks', 'new programmable array', 'dram array', 'stla', 'gate level pipelining.', 'standby power', 'threshold logic gate'] 

Reference 2887: ['gate array architecture', 'low leakage magnetic circuits', 'spin transfer torque-magnetic tunneling junction (stt-mtj)', 'threshold logic'] 

TOP-K 2888: [['manets'], 'abortable-consensus-based partitionable group membership', 'system model', ['abortable consensus'], 'eventual partition-participant detector', 'dynamic characteristics', 'eventual register'] 

Reference 2888: ['abortable consensus', 'dynamic partitionable systems', 'manets', 'partitionable group membership'] 

TOP-K 2889: ['budget-limited resource trading', 'budget-limited resource trading.', 'budget-free optimal resource allocation.', 'cloud resource trading.', 'effective heuristic-based protocols', 'market-oriented framework', 'multiagent technique', 'hypergraph model'] 

Reference 2889: ['cloud computing', 'envy-free', 'hypergraph', 'resource trading', 'social welfare'] 

TOP-K 2890: ['global graph alignment', 'supercomputer-class clusters.', 'recent multithreaded approach', 'new section', 'serial nsd description'] 

Reference 2890: ['auction algorithm', 'graph alignment', 'parallel matching', 'vertex similarity'] 

TOP-K 2891: ['genetic algorithms', 'pareto-optimal front', ['load balancing'], 'fuzzy system', 'third objective function.'] 

Reference 2891: ['grid computing', 'load balancing', 'multi-objective optimization', 'non-dominated sorting genetic algorithm ii', 'task scheduling', 'variance-based fuzzy operators'] 

TOP-K 2892: ['novel rendezvous mechanism', 'rendezvous-enabled bundle protocol.', 'alternative network paths', 'detailed ns-2 model', 'scheme increases energy efficiency'] 

Reference 2892: ['dtn', 'energy efficiency', 'internetworking', 'ns-2', 'rendezvous mechanism'] 

TOP-K 2893: ['dds', 'policy-driven qos framework', 'dds proxy', 'dds routing service', 'dynamic qos reservation', 'ip diffserv.', ['sip'], 'diffserv networks'] 

Reference 2893: ['diffserv', 'proxy dds', 'sip'] 

TOP-K 2894: ['data grids', 'grid performance', 'simulation tools', ['replica placement'], 'grid architectural models', 'selection strategies'] 

Reference 2894: ['data grid, computational grid', 'dynamic replication', 'replica placement', 'replica selection'] 

TOP-K 2895: ['ole power-delay product', 'optical logic element', 'nanoscale optical devices.', 'optical fibers', 'optical coupling', 'computing systems', 'various logic circuits.', 'area density', 'spice model'] 

Reference 2895: ['dna self-assembly', 'emerging technology', 'nanophotonics', 'optical computing', 'ret logic', 'spice'] 

TOP-K 2896: ['value-based condition', 'new condition', 'approximate byzantine consensus protocol.', 'specific notions', 'data structures', 'alternative functions', 'extreme values', 'correct nodes.', 'connectivity requirements', 'minimal number'] 

Reference 2896: ['ad-hoc network', 'approximate consensus', 'mobility'] 

TOP-K 2897: ['system-wide memory oversubscription', 'system-wide oversubscription', 'group-based oversubscription policies.', 'inter-group isolation', 'intra-group efficiency.', 'public cloud.', 'group-based scheme'] 

Reference 2897: ['cloud computing', 'memory oversubscription', 'resource isolation', 'virtualization'] 

TOP-K 2898: ['clusteredqueue algorithm', 'inter-core communication mechanism', 'commodity multi-core processors.', 'efficient pipeline technique', 'low overhead.', 'regular overhead reduction pattern.', 'commodity machine'] 

Reference 2898: ['clustered communication mechanism', 'commodity multi-core processors', 'pipeline parallelism'] 

TOP-K 2899: ['sensor deployment.'] 

Reference 2899: ['coverage measures', 'geometry', 'line coverage', 'wireless sensor network'] 

TOP-K 2900: ['energy-optimized node set.', 'discovery algorithms', 'energy consumption', 'mathematical analysis', 'extended discovery algorithm', 'extensive evaluation'] 

Reference 2900: ['covering subset', 'data parallel computing', 'energy proportionality', 'mapreduce'] 

TOP-K 2901: [['self-stabilization'], 'sg-bsc protocol', 'service guarantee protocol', ['service guarantee'], 'bounded size', 'sg-bsc protocol properties', 'service guarantee.', 'time complexity.'] 

Reference 2901: ['bounded clusters', 'clustering', 'minimal service', 'safety', 'self-stabilization', 'service guarantee'] 

TOP-K 2902: ['m-p2p networks', 'top-k query processing', 'data', 'high performance', 'simulation result', 'long paths.', 'intermediate node', 'method', 'query message'] 

Reference 2902: ['data replication', 'mobile peer to peer network', 'top-k query'] 

TOP-K 2903: ['locality-aware predicates', 'bfs tree topology', 'stable conjunctive predicates', ['wireless sensor networks'], ['modular robotics'], 'stable relational predicates.', 'large-scale systems.', 'height k'] 

Reference 2903: ['distributed computing', 'locality-aware', 'modular robotics', 'predicate detection', 'scale-free', 'wireless sensor networks'] 

TOP-K 2904: [['smcd'], 'misuse case models', 'smcd structure.', 'subject-based empirical evaluation', 'misuse case models.', 'consistency', 'potential users'] 

Reference 2904: ['misuse cases', 'smcd', 'subject-based experiment'] 

TOP-K 2905: ['zmq', ['mpi'], 'processing streaming data', 'framework', 'distributed-memory manner', 'processing streaming graph', ['sockets'], 'small messages.', 'large numbers'] 

Reference 2905: ['graph algorithms', 'mapreduce', 'message passing', 'mpi', 'sockets', 'streaming data'] 

TOP-K 2906: ['cooperative mimo mac protocol', 'network throughput', 'energy efficiency', 'inter-cluster communications.', 'simulation results', 'cooperative links', 'numerical results', 'orthogonal channels', 'employ cooperative mimo links'] 

Reference 2906: ['channel assignment', 'cooperative multiple input multiple output (mimo)', 'medium access control (mac)', 'wireless sensor networks (wsns)'] 

TOP-K 2907: ['random walk over-sampling approach', 'data', 'high scalability.', 'broad experimental evaluation', 'original data', 'classification border.', 'similar distribution.'] 

Reference 2907: ['data fusion', 'imbalanced data classification', 'over-sampling', 'probability distribution', 'random walk'] 

TOP-K 2908: ['cluster members', 'new versions', 'custom logic', 'new cluster members.', 'new applications', 'sacf', 'inconsistent members', 'various phases'] 

Reference 2908: ['auto deployment', 'cluster consistency', 'cluster management'] 

TOP-K 2909: ['singcf algorithm', 'singcf', 'ranking-oriented cf', 'rating-oriented cf.', 'singular ratings', 'accuracy improvement.'] 

Reference 2909: ['collaborative filtering', 'distributed framework', 'recommender systems'] 

TOP-K 2910: ['pso-based storage allocation algorithm', 'performance degradation', 'performance', 'i/o throughput.', 'two-layer structure', 'integrated caches', 'interaction-intensive tasks.', 'i/o request.', 'interaction-intensive files.'] 

Reference 2910: ['cache', 'hdfs', 'hierarchical structure', 'interaction intensive task', 'pso', 'storage allocation algorithm'] 

TOP-K 2911: ['intel single-chip cloud computer.', 'power consumption overhead', 'performance speedup', 'test drive', 'cores', 'communication overhead', 'different workloads.', 'original submission.', 'appropriate number'] 

Reference 2911: ['dynamic voltage and frequency scaling', 'many-core processor', 'message passing', 'single-chip cloud computer'] 

TOP-K 2912: ['pmss', 'programmable memory system', 'pmss system', 'xilinx ml505 evaluation fpga', 'generic multi-accelerator system', 'master core', 'memory intensive accelerators', 'schedules multi-accelerators', 'memory access patterns.', 'operating system.'] 

Reference 2912: ['dram', 'fpga', 'hpc', 'xilkernel'] 

TOP-K 2913: [['internet-scale software'], 'system quality', 'static metrics', 'unified dependability', 'dynamic metrics', 'structure analysis', ['bayesian network'], 'evaluation model', 'objective factors', 'objective data', 'correction metrics'] 

Reference 2913: ['bayesian network', 'dependability', 'internet-scale software'] 

TOP-K 2914: [['news recommendation'], 'news recommendation system.', 'multi-dimensional similarity calculation method.', 'methods', 'kmeans fast clustering method.'] 

Reference 2914: ['clustering', 'news recommendation', 'similarity calculation'] 

TOP-K 2915: ['xen2mx', 'high-performance interconnection protocol', 'vm-aware cluster interconnection protocol.', 'guest-to-host communication.', 'network access', 'virtualization platforms.', 'key design choices', 'specialized hardware', 'current methods', 'gbps link'] 

Reference 2915: ['10g ethernet', 'open-mx', 'virtualization'] 

TOP-K 2916: ['fpga architecture', 'gray scale image', 'speed grade', 'maximum path delay'] 

Reference 2916: ['fpga', 'reversible contrast mapping', 'reversible watermarking'] 

TOP-K 2917: [['o1fs'], 'new flash file system', ['crash recovery techniques'], 'flash file systems.', 'flash memory capacity.', 'file systems', 'crash recovery times', 'crash recovery time', 'mathematical models', 'crash recovery time.', 'similar level'] 

Reference 2917: ['crash recovery technique', 'nand flash file system', 'o1fs'] 

TOP-K 2918: ['re-authentication schemes', 're-authentication protocol', '3gpp lte', 'local re-authentication protocol', 'performance evaluation', 'handover parameters', 'authentication server.'] 

Reference 2918: ['authentication', 'handover', 'heterogeneous wireless networks'] 

TOP-K 2919: ['irregular applications', 'centralized task pool', 'load balancing irregular applications.', 'abundant parallelism', 'larger improvement', 'utilization'] 

Reference 2919: ['characterizing', 'gpu', 'irregular', 'library', 'load balancing'] 

TOP-K 2920: ['new load', 'performance study', 'scheme'] 

Reference 2920: ['fat-tree', 'interconnect', 'single-path routing', 'static routing'] 

TOP-K 2921: ['fpga hardware', 'real-time verification', 'back-off algorithm', 'large scale noc systems.', 'test units'] 

Reference 2921: ['adaptive fault detection scheme', 'interconnect crosstalk fault detection', 'networks-on-chip', 'online fault testing'] 

TOP-K 2922: ['alcp mechanism', 'off-the-shelf hardware.', 'location accuracy', 'location-error detection', 'active location detection', 'low computing complexity', 'extensive simulations', 'complete analysis'] 

Reference 2922: ['bounding box', 'localization', 'location correction', 'wireless sensor networks'] 

TOP-K 2923: ['oo systems.', 'experimental results', 'common oo design characteristics', 'architecture recovery', 'software comprehension', 'real modular reference-system.', 'design principles.'] 

Reference 2923: ['soa', 'software architecture recovery', 'software modularization'] 

TOP-K 2924: ['automatic trace generation', ['trace metamodel'], 'architecture verification techniques', 'traces', 'model transformation', 'term-rewriting logic', 'tool support.', 'trace types', 'requirements relations', 'requirements', 'architecture.'] 

Reference 2924: ['requirements metamodel', 'software architecture', 'trace generation and validation', 'trace metamodel'] 

TOP-K 2925: ['inter-thread communication', 'runtime environment', 'execution time', 'hardware resources.', 'memory applications.'] 

Reference 2925: ['cache coherence protocols', 'communication pattern', 'parallel applications', 'shared memory', 'thread communication', 'thread mapping'] 

TOP-K 2926: [['service component architectures'], 'reliability model', 'reliability prediction method', 'state-of-the art bpel-based approach', 'lightweight formal language sca-asm.', 'experimental results', 'path-based reliability models.'] 

Reference 2926: ['abstract state machines', 'service component architecture', 'software reliability models'] 

TOP-K 2927: ['exible gui testing framework', 'nonexecutable events', 'dynamic event-extraction', 'test case length', 'gui testing techniques.', 'high statement coverage', 'increase costs', 'high numbers'] 

Reference 2927: ['dynamic event-extraction based testing', 'gui testing', 'model-based testing', 'test case generation'] 

TOP-K 2928: ['novel broadcast scheduling algorithm', 'multiple transmissions', 'duty-cycled wsns.', 'broadcast latency.', 'independent set', 'acceleration scheduling'] 

Reference 2928: ['approximation algorithm', 'broadcast scheduling', 'duty-cycle', 'minimum latency', 'wireless sensor networks'] 

TOP-K 2929: [['location services'], 'location services.', 'location request cost', 'theoretical analysis', 'original combination', 'large study'] 

Reference 2929: ['adhoc networks', 'geographic routing protocols', 'location services', 'vanet'] 

TOP-K 2930: ['cyclops tensor framework', 'ctf', 'massively-parallel coupled-cluster methods', 'distributed-memory library', 'tensor decomposition', 'tensor contractions.', 'cray xc30', 'aquarius ccsd', 'coupled-cluster methods', 'concise tensor contraction interface.'] 

Reference 2930: ['communication-avoiding algorithms', 'coupled-cluster', 'matrix multiplication', 'tensor contractions', 'topology-aware mapping'] 

TOP-K 2931: ['hspice monte carlo simulations', 'nanoscale computing fabrics', 'novel variation sensor', 'evaluation framework', 'sensor accuracy', 'presented.'] 

Reference 2931: ['nanowire fabric', 'nasic', 'on-chip variation sensor', 'parameter variation', 'random variation'] 

TOP-K 2932: ['parallel computing', 'specialized hardware accelerators', 'many arguments', 'enormous success.'] 

Reference 2932: ['accelerators', 'amdahl', 'automatic parallelization', 'exascale', 'parallelism'] 

TOP-K 2933: ['symmetric toeplitz linear systems', 'toeplitz matrix', 'multicore systems.', 'half-sized independent problems.', 'special scheme'] 

Reference 2933: ['displacement structure', 'linear systems', 'multicores', 'pivoting', 'symmetric toeplitz matrices'] 

TOP-K 2934: ['adaptive service-oriented mobile applications.', 'approach w.r.t', 'novel declarative language', 'mobile application.', 'related solutions.', 'various scenarios.'] 

Reference 2934: ['declarative language', 'mobile applications', 'self-adaptive systems'] 

TOP-K 2935: ['design rule specification language', ['design rules'], 'aspect-oriented systems.', 'modular development', 'class modularity.', 'real case study'] 

Reference 2935: ['aspect-oriented programming', 'design rules', 'modularity'] 

TOP-K 2936: [['web caching'], 'content aggregated web pages.', 'fragment designs', 'traditional web cache schemes.', 'decision trees', 'knowledge discovery.', 'solution', 'new approach'] 

Reference 2936: ['knowledge discovery', 'web 2.0', 'web caching'] 

TOP-K 2937: ['defect detection performance', ['erd'], 'defect difficulty level', 'information type defects', 'software engineers', 'eye tracking data', 'reasoning performances'] 

Reference 2937: ['defect detection', 'erd', 'eye tracking'] 

TOP-K 2938: ['multi/many-core processors', 'successful spmv optimization techniques', 'high-end gpus', 'scc many-core.', 'phi coprocessor', ['power efficiency'], 'memory hierarchy.', 'performance results', 'locality improvements', 'architectural comparison'] 

Reference 2938: ['many-core', 'optimization', 'performance', 'power efficiency', 'sparse matrix'] 

TOP-K 2939: ['quantum chemistry software gamess.', 'energy saving', 'different process binding strategies', 'novel frequency scaling strategies', 'communication phases.', 'runtime procedure'] 

Reference 2939: ['dynamic voltage and frequency scaling', 'gamess', 'multicore platforms', 'point-to-point communications'] 

TOP-K 2940: ['prefixspan', 'minimum time-probability constraint.', ['sequential pattern'], 'time probability', 'execution efficiency', 'frequent items', 'arrival items. ;p'] 

Reference 2940: ['data mining', 'inter-arrival time probability', 'sequential patterns'] 

TOP-K 2941: ['on-chip network', 'cpu', 'heterogeneous configurations', 'l3 cache', 'optimal ring network configuration', ['design space exploration'], 'resource partitioning', 'gpu heterogeneous architecture.', 'memory controllers', 'different placements', 'possible problems', 'particular router virtual channels', 'much overhead.'] 

Reference 2941: ['design space exploration', 'heterogeneous architecture', 'on-chip interconnection network'] 

TOP-K 2942: ['reliability', 'systematic studies', 'literature studies', 'mapping studies.'] 

Reference 2942: ['review of reviews', 'software product lines', 'software testing', 'systematic literature review', 'systematic mapping study'] 

TOP-K 2943: ['palm vein images', 'non-vein pixels', ['directional filter bank'], 'line-based vein features', 'vein pattern.', ['minimum directional code'], 'non-orientation code.', 'binary code.', 'verification approach'] 

Reference 2943: ['biometrics', 'directional filter bank', 'identity security', 'minimum directional code', 'palm vein recognition'] 

TOP-K 2944: ['spape', 'near-miss clone extraction method.', 'useful tool'] 

Reference 2944: ['amorphous procedure extraction', 'near-miss clones', 'refactoring'] 

TOP-K 2945: ['control messages.', 'application graph.', 'negligible overhead', 'optimal solution.', 'dynamic manner.'] 

Reference 2945: ['cloud computing', 'network flow', 'virtual machine placement'] 

TOP-K 2946: ['job traces.', 'user runtime', 'real job trace', 'estimation accuracy.', 'positive results', 'large amount', 'much adjusting', 'schemes'] 

Reference 2946: ['job scheduling', 'runtime estimates', 'walltime prediction'] 

TOP-K 2947: ['trellis', 'openacc model', 'programmability benefits', 'portable codes.', 'prototype source translation', 'efficient mapping', 'descriptive capability', 'portable set'] 

Reference 2947: ['loop mapping', 'parallel architectures', 'parallel computation', 'parallel frameworks'] 

TOP-K 2948: ['optimisation tool architecture', 'complex system architectures', 'illustrative example', 'design spaces', 'system information', 'support design', 'many challenges.'] 

Reference 2948: ['architectural description languages', 'dependability analysis', 'multi-objective optimization', 'timing analysis'] 

TOP-K 2949: ['transition-aware task scheduling algorithm', 'heuristic algorithm', 'ilp model', 'multicore processors.', 'task scheduling.', 'off-line scheduling.', 'runtime environment.', 'transition overhead', 'optimal solutions'] 

Reference 2949: ['dynamic voltage scaling', 'integer linear programming', 'multicore real-time systems', 'transition-aware scheduling', 'voltage transition overheads'] 

TOP-K 2950: ['sensor-based architecture implementation', 'real-time monitoring', 'end users', 'business process management lifecycle.', 'first time', 'executable business process models.', 'usability tests', 'performance measurements', 'extensive evaluation'] 

Reference 2950: ['business process management', 'risk', 'yawl'] 

TOP-K 2951: [['language composition'], 'language compositions.', 'oo techniques', 'different types', 'several small examples', 'enough attention'] 

Reference 2951: ['domain-specific languages', 'language composition', 'software language engineering'] 

TOP-K 2952: ['multicore-oblivious algorithms', 'multicore-oblivious algorithms.', ['gaussian elimination paradigm'], 'matrix transposition', 'efficient network-oblivious algorithms', 'hierarchical multi-level caching model', 'present efficient multicore-oblivious algorithms', ['list ranking'], 'connected components.'] 

Reference 2952: ['cache', 'gaussian elimination paradigm', 'list ranking', 'multicore', 'network', 'oblivious algorithm'] 

TOP-K 2953: [['software product managers'], 'software product manager roles.', 'product manager', 'stereotypical roles', 'framework'] 

Reference 2953: ['grounded theory', 'management roles', 'software product management'] 

TOP-K 2954: [['wireless sensor networks'], ['clustering algorithms'], 'clustering problem', 'lossy links.', 'energy consumption.', 'algorithms', 'conduct extensive performance evaluation', 'integer program'] 

Reference 2954: ['clustering algorithms', 'clusters', 'lossy wireless links', 'wireless sensor networks'] 

TOP-K 2955: ['vlc-based lossless data', 'jpeg images.', 'optimization algorithm', 'embedding capacity.', 'slight file size increase', 'image content', 'scheme', 'main improvement'] 

Reference 2955: ['information hiding', 'jpeg bitstream', 'lossless data hiding'] 

TOP-K 2956: ['sparc v8', 'logic-probabilistic security framework fortuna.', 'hardware-based systems.', 'security analysis', 'novel architectural flaw', 'v9 processor'] 

Reference 2956: ['formal methods for security', 'hardware-based security', 'information security', 'security evaluation tool', 'security metrics'] 

TOP-K 2957: ['high priority data', 'asynchronous execution', 'high priority', 'redundant computations', 'default scheme'] 

Reference 2957: ['adaptive mesh refinement', 'cpu-gpu asynchronism', 'gamer', 'gpgpu'] 

TOP-K 2958: ['dds scheduling overhead', ['dds services'], 'heterogeneous ip networks', 'end-to-end delay', 'qos approach', 'data delivery', 'dre applications.', 'potential impact'] 

Reference 2958: ['dds services', 'diffserv', 'qos framework', 'schedulability'] 

TOP-K 2959: ['edp reductions.', 'novel heterogeneous passive/active multicore', 'pam'] 

Reference 2959: ['energy-efficient processor design', 'heterogeneous multicore', 'parallel computer architecture'] 

TOP-K 2960: ['high-radix switches.', 'performance evaluation', 'search techniques', 'case study', 'several traffic patterns.', 'optimal configuration', 'methodology'] 

Reference 2960: ['high-radix switches', 'interconnection networks', 'parallel computing systems', 'search algorithms'] 

TOP-K 2961: ['device exception testing', 'car-infotainment system', 'realistic device exceptions', 'industrial field study', 'software components', 'related automation tool', 'automobile industry.', 'operational testing', 'amos v3 .0', 'method monitors'] 

Reference 2961: ['device exception', 'device manager hacking', 'embedded software', 'exception test', 'fault-injection method'] 

TOP-K 2962: ['ndt', 'requirement conflicts.', 'illustrative example.', 'real project', 'approach', 'present result'] 

Reference 2962: ['consistency', 'contradiction', 'web requirements'] 

TOP-K 2963: [['bayesian network'], 'opteron infiniband cluster', 'bayesian networks.', 'node in-degree d.', 'first parallel algorithm', 'blue gene/p', 'space complexity', 'extensive experimental validation', 'optimal structure', 'first investigation'] 

Reference 2963: ['bayesian networks', 'graphical models', 'machine learning', 'parallel algorithm', 'structure learning'] 

TOP-K 2964: ['navclus', ['code navigation'], 'teamtracks', 'recommendation accuracy', 'program elements', 'approach clusters navigation sequences', 'comparative experiment', 'new approach', 'interaction histories.', 'mines collections'] 

Reference 2964: ['code navigation', 'context aware code recommender', 'data clustering techniques', 'data stream mining', 'programmer interaction histories'] 

TOP-K 2965: ['md techniques', 'md techniques adoption', 'italian industrial practice.', 'platform independence.'] 

Reference 2965: ['model driven techniques', 'personal opinion survey', 'software modelling'] 

TOP-K 2966: ['new memory management framework', 'naive hybrid execution', 'homogeneous cpu-only/gpu-only execution.', ['heterogeneous execution'], 'hybrid execution', ['gpus'], 'design space', 'single execution', 'complex application.', 'accelerator memories.'] 

Reference 2966: ['accelerator', 'gpu', 'heterogeneous execution', 'linear algebra', 'memory management', 'tridiagonal solver'] 

TOP-K 2967: ['hausdorff distance', 'cardinality-based metrics', ['orderable sets'], 'belief distributions.', 'many realistic cases', 'continuous spaces.'] 

Reference 2967: ['dempster-shafer theory', 'distance metric', 'orderable sets', 'sensor fault detection'] 

TOP-K 2968: ['tetrahedral meshes', 'non-laplacian smoothing method', 'local topology operators', 'mesh structures', 'mesh quality.', 'scheduling algorithm'] 

Reference 2968: ['gpu', 'parallelism', 'quality', 're-meshing'] 

TOP-K 2969: [['semantic web services'], 'testing semantic web services.', 'petri net.', ['systematic literature review'], 'formal models.', ['testing approaches'], 'popular transformation'] 

Reference 2969: ['functional testing', 'semantic web services', 'systematic literature review', 'testing approach'] 

TOP-K 2970: ['three-level parallelization scheme', 'md simulation', 'molecular dynamics.', 'hierarchical optimizations'] 

Reference 2970: ['gpu computing', 'heterogeneous system', 'molecular dynamics'] 

TOP-K 2971: ['xilinx fpga spartan 3e', 'low-complexity vector-core', 'lcvc', 'scalar/vector instructions.', 'vector/matrix kernels.', 'common execution datapath', 'vector capability', 'insignificant hardware'] 

Reference 2971: ['data-level parallelism', 'pipelining', 'unified datapath unified register file unified isa performance evaluation fpga/vhdl implementation', 'vector processing'] 

TOP-K 2972: ['task replication methods', 'data parallel replication mechanism', 'data parallel computation.', 'throughput performance', 'replication mechanism', 'bottleneck tasks.', 'real applications.', 'experimental study', 'streaming applications.', 'exact copies'] 

Reference 2972: ['data parallelism', 'pipeline execution', 'streaming applications', 'task parallelism', 'task replication mechanisms'] 

TOP-K 2973: ['burn probability maps.', 'recent gpus', 'wildfire hazard level', 'several gpgpu strategies', 'low computing time.', 'significant parallel speedup', 'application example', 'real area.'] 

Reference 2973: ['cellular automata', 'gpgpu', 'hazard maps', 'wildfire simulation', 'wildfire susceptibility'] 

TOP-K 2974: ['canonical sporadic task model', 'slack time.', 'sporadic task set.', 'power model.', 'static solution', 'dynamic solution'] 

Reference 2974: ['dynamic voltage scaling', 'real-time system', 'sporadic task'] 

TOP-K 2975: [['multi-core processors'], 'shared matrix unit', 'linear algebra kernels', 'common matrix unit.', 'maximum speedup', 'affine transformation', 'cycle accurate model', 'average speedup ranges'] 

Reference 2975: ['multi-core processors', 'parallel processing', 'systemc implementation', 'vector/matrix processing'] 

TOP-K 2976: ['monte carlo approach', 'stochastic dag scheduling problem', 'monte carlo method.', 'real-world dags.', 'reasonable execution time cost', 'significant performance improvement', 'systematic approach', 'extensive simulation'] 

Reference 2976: ['dag scheduling', 'directed acyclic graphs', 'heterogeneous computing', 'monte carlo methods'] 

TOP-K 2977: ['design flaws', 'code smell density', 'code', 'size', 'system maintainability.', 'expert judgment', 'systems.', 'accurate method'] 

Reference 2977: ['code smells', 'empirical study', 'maintainability', 'system evaluation'] 

TOP-K 2978: ['social interaction', 'undergraduate computing courses.', 'positive effect', 'positive contribution'] 

Reference 2978: ['game', 'scrum', 'teaching'] 

TOP-K 2979: ['simulation results', 'schemes', 'promising reversible data', 'different steps', 'payload required.', 'original ones.'] 

Reference 2979: ['histogram shifting', 'image subsampling', 'reversible data hiding'] 

TOP-K 2980: ['gpu-enhanced multi-core environments.', 'b&b algorithms', 'simd architecture.', 'irregular tree-based search algorithm', 'new patterns', 'gpu communication overhead'] 

Reference 2980: ['flowshop scheduling problem', 'gpu accelerators', 'multi-core computing', 'parallel branch-and-bound'] 

TOP-K 2981: ['cqs', 'real-time multi-item query problem', 'multi-rus infrastructure', 'query-level scheduling', 'cqs approach', 'bandwidth utilization', 'starvation problem', 'intelligent deferral', 'extensive simulation', 'overall query servicing.', 'efficient cooperative query'] 

Reference 2981: ['multi-item queries', 'roadside-to-vehicle communication (rvc)', 'vehicular ad hoc networks (vanets)'] 

TOP-K 2982: ['saad', 'new heuristics', 'web spam pages', 'previous studies', 'public datasets.'] 

Reference 2982: ['data mining', 'malware', 'statistical properties of web spam', 'web characterization', 'web spam'] 

TOP-K 2983: ['semi-physical modeling', 'lid-driven cavity flow monitoring', 'behavior model', 'sensor network deployement strategy.', 'knowledge-based model.', 'relaxation parameters', 'fusion point'] 

Reference 2983: ['air field monitoring', 'grey-box modeling', 'model fusion', 'sensor network design'] 

TOP-K 2984: ['ui flow modelling.', 'user interface transition diagram', 'uitd', 'uitd.', 'understandability test results', 'similar modelling tools.', 'easy methodology'] 

Reference 2984: ['flow functional requirements specification', 'modelling notation', 'user interface'] 

TOP-K 2985: ['block-asynchronous relaxation', 'gpu thread-block scheduling', 'gpu-accelerated systems.', 'non-deterministic behavior', 'high iteration rate', 'multi-gpu usage.', 'low convergence rate', 'hardware error', 'different communication strategies', 'stochastic noise.'] 

Reference 2985: ['asynchronous relaxation', 'chaotic iteration', 'graphics processing units (gpus)', 'jacobi method'] 

TOP-K 2986: ['bittorrent system', 'bittorrent systems.', 'complex bittorrent system.', ['model'], 'increase performance analysis accuracy'] 

Reference 2986: ['bittorrent', 'bottom-up', 'heterogeneous', 'model', 'probabilistic'] 

TOP-K 2987: ['original cover jpeg image', 'dct coefficients.', 'certain quantization table entries', 'secret data', 'scheme', 'main idea'] 

Reference 2987: ['information hiding', 'lossless steganography', 'reversible data hiding'] 

TOP-K 2988: ['different security levels', 'influencing factors', 'different metrics.', 'multiply-add nature', 'additive nature.', 'evaluation result'] 

Reference 2988: ['fuzzy ahp', 'fuzzy integral', 'fuzzy synthetic', 'security evaluation', 'software vulnerability'] 

TOP-K 2989: ['reliability-oriented task assignment', 'effective ig algorithm', 'convergence analysis', 'comparison studies'] 

Reference 2989: ['distributed computing', 'iterated greedy algorithm', 'meta-heuristics', 'system reliability', 'task allocation'] 

TOP-K 2990: ['architecture optimization', 'real industrial automotive sub-system.', 'human architect', 'revolutionary architectures', 'architecture framework', 'domain knowledge'] 

Reference 2990: ['component-based software engineering (cbse)', 'optimization of software architecture design', 'system architecture for embedded systems'] 

TOP-K 2991: ['ivifss', 'cross-entropy measure', 'expert weights', 'extra dm', 'unknown attribute', 'several models', 'preference', 'unknown weights.', 'application example', 'illustration purpose'] 

Reference 2991: ['aggregation operator', 'cross entropy', 'entropy', 'group decision making', 'intuitionistic fuzzy values', 'weight vector'] 

TOP-K 2992: [['open source software'], 'oss', 'health care organizations', 'many factors', 'adoption decisions.', 'contextual peculiarities', 'popular subject matter.'] 

Reference 2992: ['industrial practice', 'open source software', 'technology adoption'] 

TOP-K 2993: ['star contraction', 'network parallelization', 'new heuristics', 'ghost vertices', ['complex networks'], 'multiple partitions', 'balanced partitions.'] 

Reference 2993: ['complex networks', 'graph mining', 'network motifs', 'parallel algorithms'] 


N=5
P=0.08068810157689944
R=0.08850617746162485
F1=0.08441651192686758


N=10
P=0.058731235688236794
R=0.10370647697491576
F1=0.07499255489075995


N=15
P=0.054672550474479636
R=0.10482965181579933
F1=0.07186489399928137

max_len: 512
temp_en: Book:
temp_de: This book mainly talks about 
model: base
enable_filter: True
enable_pos: True
position_factor: 120000000.0
length_factor: 0.6
Processing time: 382.61863255500793
